# -*- coding: utf-8 -*-

# Resource object code
#
# Created by: The Resource Compiler for PyQt5 (Qt v5.15.2)
#
# WARNING! All changes made in this file will be lost!

from PyQt5 import QtCore

qt_resource_data = b"\
\x00\x00\x3e\x14\
\x3c\
\x3f\x78\x6d\x6c\x20\x76\x65\x72\x73\x69\x6f\x6e\x3d\x22\x31\x2e\
\x30\x22\x20\x65\x6e\x63\x6f\x64\x69\x6e\x67\x3d\x22\x55\x54\x46\
\x2d\x38\x22\x3f\x3e\x0a\x3c\x73\x76\x67\x20\x77\x69\x64\x74\x68\
\x3d\x22\x37\x30\x30\x70\x74\x22\x20\x68\x65\x69\x67\x68\x74\x3d\
\x22\x37\x30\x30\x70\x74\x22\x20\x76\x65\x72\x73\x69\x6f\x6e\x3d\
\x22\x31\x2e\x31\x22\x20\x76\x69\x65\x77\x42\x6f\x78\x3d\x22\x30\
\x20\x30\x20\x37\x30\x30\x20\x37\x30\x30\x22\x20\x78\x6d\x6c\x6e\
\x73\x3d\x22\x68\x74\x74\x70\x3a\x2f\x2f\x77\x77\x77\x2e\x77\x33\
\x2e\x6f\x72\x67\x2f\x32\x30\x30\x30\x2f\x73\x76\x67\x22\x20\x78\
\x6d\x6c\x6e\x73\x3a\x78\x6c\x69\x6e\x6b\x3d\x22\x68\x74\x74\x70\
\x3a\x2f\x2f\x77\x77\x77\x2e\x77\x33\x2e\x6f\x72\x67\x2f\x31\x39\
\x39\x39\x2f\x78\x6c\x69\x6e\x6b\x22\x3e\x0a\x20\x3c\x64\x65\x66\
\x73\x3e\x0a\x20\x20\x3c\x73\x79\x6d\x62\x6f\x6c\x20\x69\x64\x3d\
\x22\x74\x22\x20\x6f\x76\x65\x72\x66\x6c\x6f\x77\x3d\x22\x76\x69\
\x73\x69\x62\x6c\x65\x22\x3e\x0a\x20\x20\x20\x3c\x70\x61\x74\x68\
\x20\x64\x3d\x22\x6d\x31\x38\x2e\x37\x36\x36\x2d\x31\x2e\x31\x32\
\x35\x63\x2d\x30\x2e\x39\x36\x38\x37\x35\x20\x30\x2e\x35\x2d\x31\
\x2e\x39\x38\x30\x35\x20\x30\x2e\x38\x37\x35\x2d\x33\x2e\x30\x33\
\x31\x32\x20\x31\x2e\x31\x32\x35\x2d\x31\x2e\x30\x34\x33\x20\x30\
\x2e\x32\x35\x37\x38\x31\x2d\x32\x2e\x31\x33\x36\x37\x20\x30\x2e\
\x33\x39\x30\x36\x32\x2d\x33\x2e\x32\x38\x31\x32\x20\x30\x2e\x33\
\x39\x30\x36\x32\x2d\x33\x2e\x33\x39\x38\x34\x20\x30\x2d\x36\x2e\
\x30\x38\x39\x38\x2d\x30\x2e\x39\x34\x35\x33\x31\x2d\x38\x2e\x30\
\x37\x38\x31\x2d\x32\x2e\x38\x34\x33\x38\x2d\x31\x2e\x39\x39\x32\
\x32\x2d\x31\x2e\x39\x30\x36\x32\x2d\x32\x2e\x39\x38\x34\x34\x2d\
\x34\x2e\x34\x38\x34\x34\x2d\x32\x2e\x39\x38\x34\x34\x2d\x37\x2e\
\x37\x33\x34\x34\x20\x30\x2d\x33\x2e\x32\x35\x37\x38\x20\x30\x2e\
\x39\x39\x32\x31\x39\x2d\x35\x2e\x38\x33\x35\x39\x20\x32\x2e\x39\
\x38\x34\x34\x2d\x37\x2e\x37\x33\x34\x34\x20\x31\x2e\x39\x38\x38\
\x33\x2d\x31\x2e\x39\x30\x36\x32\x20\x34\x2e\x36\x37\x39\x37\x2d\
\x32\x2e\x38\x35\x39\x34\x20\x38\x2e\x30\x37\x38\x31\x2d\x32\x2e\
\x38\x35\x39\x34\x20\x31\x2e\x31\x34\x34\x35\x20\x30\x20\x32\x2e\
\x32\x33\x38\x33\x20\x30\x2e\x31\x33\x32\x38\x31\x20\x33\x2e\x32\
\x38\x31\x32\x20\x30\x2e\x33\x39\x30\x36\x32\x20\x31\x2e\x30\x35\
\x30\x38\x20\x30\x2e\x32\x35\x20\x32\x2e\x30\x36\x32\x35\x20\x30\
\x2e\x36\x32\x35\x20\x33\x2e\x30\x33\x31\x32\x20\x31\x2e\x31\x32\
\x35\x76\x34\x2e\x32\x31\x38\x38\x63\x2d\x30\x2e\x39\x38\x30\x34\
\x37\x2d\x30\x2e\x36\x35\x36\x32\x35\x2d\x31\x2e\x39\x34\x35\x33\
\x2d\x31\x2e\x31\x34\x30\x36\x2d\x32\x2e\x38\x39\x30\x36\x2d\x31\
\x2e\x34\x35\x33\x31\x2d\x30\x2e\x39\x34\x39\x32\x32\x2d\x30\x2e\
\x33\x31\x32\x35\x2d\x31\x2e\x39\x34\x39\x32\x2d\x30\x2e\x34\x36\
\x38\x37\x35\x2d\x33\x2d\x30\x2e\x34\x36\x38\x37\x35\x2d\x31\x2e\
\x38\x37\x35\x20\x30\x2d\x33\x2e\x33\x35\x31\x36\x20\x30\x2e\x36\
\x30\x35\x34\x37\x2d\x34\x2e\x34\x32\x31\x39\x20\x31\x2e\x38\x31\
\x32\x35\x2d\x31\x2e\x30\x37\x34\x32\x20\x31\x2e\x31\x39\x39\x32\
\x2d\x31\x2e\x36\x30\x39\x34\x20\x32\x2e\x38\x35\x35\x35\x2d\x31\
\x2e\x36\x30\x39\x34\x20\x34\x2e\x39\x36\x38\x38\x20\x30\x20\x32\
\x2e\x31\x30\x35\x35\x20\x30\x2e\x35\x33\x35\x31\x36\x20\x33\x2e\
\x37\x36\x31\x37\x20\x31\x2e\x36\x30\x39\x34\x20\x34\x2e\x39\x36\
\x38\x38\x20\x31\x2e\x30\x37\x30\x33\x20\x31\x2e\x31\x39\x39\x32\
\x20\x32\x2e\x35\x34\x36\x39\x20\x31\x2e\x37\x39\x36\x39\x20\x34\
\x2e\x34\x32\x31\x39\x20\x31\x2e\x37\x39\x36\x39\x20\x31\x2e\x30\
\x35\x30\x38\x20\x30\x20\x32\x2e\x30\x35\x30\x38\x2d\x30\x2e\x31\
\x34\x38\x34\x34\x20\x33\x2d\x30\x2e\x34\x35\x33\x31\x32\x20\x30\
\x2e\x39\x34\x35\x33\x31\x2d\x30\x2e\x33\x31\x32\x35\x20\x31\x2e\
\x39\x31\x30\x32\x2d\x30\x2e\x38\x30\x30\x37\x38\x20\x32\x2e\x38\
\x39\x30\x36\x2d\x31\x2e\x34\x36\x38\x38\x7a\x22\x2f\x3e\x0a\x20\
\x20\x3c\x2f\x73\x79\x6d\x62\x6f\x6c\x3e\x0a\x20\x20\x3c\x73\x79\
\x6d\x62\x6f\x6c\x20\x69\x64\x3d\x22\x62\x22\x20\x6f\x76\x65\x72\
\x66\x6c\x6f\x77\x3d\x22\x76\x69\x73\x69\x62\x6c\x65\x22\x3e\x0a\
\x20\x20\x20\x3c\x70\x61\x74\x68\x20\x64\x3d\x22\x6d\x31\x33\x2e\
\x37\x33\x34\x2d\x31\x31\x2e\x31\x34\x31\x63\x2d\x30\x2e\x34\x33\
\x37\x35\x2d\x30\x2e\x31\x39\x35\x33\x31\x2d\x30\x2e\x38\x37\x31\
\x30\x39\x2d\x30\x2e\x33\x34\x33\x37\x35\x2d\x31\x2e\x32\x39\x36\
\x39\x2d\x30\x2e\x34\x33\x37\x35\x2d\x30\x2e\x34\x31\x37\x39\x37\
\x2d\x30\x2e\x31\x30\x31\x35\x36\x2d\x30\x2e\x38\x33\x39\x38\x34\
\x2d\x30\x2e\x31\x35\x36\x32\x35\x2d\x31\x2e\x32\x36\x35\x36\x2d\
\x30\x2e\x31\x35\x36\x32\x35\x2d\x31\x2e\x32\x36\x31\x37\x20\x30\
\x2d\x32\x2e\x32\x33\x30\x35\x20\x30\x2e\x34\x30\x36\x32\x35\x2d\
\x32\x2e\x39\x30\x36\x32\x20\x31\x2e\x32\x31\x38\x38\x2d\x30\x2e\
\x36\x37\x39\x36\x39\x20\x30\x2e\x38\x30\x34\x36\x39\x2d\x31\x2e\
\x30\x31\x35\x36\x20\x31\x2e\x39\x35\x33\x31\x2d\x31\x2e\x30\x31\
\x35\x36\x20\x33\x2e\x34\x35\x33\x31\x76\x37\x2e\x30\x36\x32\x35\
\x68\x2d\x34\x2e\x38\x39\x30\x36\x76\x2d\x31\x35\x2e\x33\x31\x32\
\x68\x34\x2e\x38\x39\x30\x36\x76\x32\x2e\x35\x31\x35\x36\x63\x30\
\x2e\x36\x32\x35\x2d\x31\x20\x31\x2e\x33\x34\x33\x38\x2d\x31\x2e\
\x37\x32\x36\x36\x20\x32\x2e\x31\x35\x36\x32\x2d\x32\x2e\x31\x38\
\x37\x35\x20\x30\x2e\x38\x32\x30\x33\x31\x2d\x30\x2e\x34\x36\x38\
\x37\x35\x20\x31\x2e\x38\x30\x30\x38\x2d\x30\x2e\x37\x30\x33\x31\
\x32\x20\x32\x2e\x39\x33\x37\x35\x2d\x30\x2e\x37\x30\x33\x31\x32\
\x20\x30\x2e\x31\x36\x34\x30\x36\x20\x30\x20\x30\x2e\x33\x34\x33\
\x37\x35\x20\x30\x2e\x30\x31\x31\x37\x31\x39\x20\x30\x2e\x35\x33\
\x31\x32\x35\x20\x30\x2e\x30\x33\x31\x32\x35\x20\x30\x2e\x31\x39\
\x35\x33\x31\x20\x30\x2e\x30\x31\x31\x37\x31\x39\x20\x30\x2e\x34\
\x37\x36\x35\x36\x20\x30\x2e\x30\x33\x39\x30\x36\x32\x20\x30\x2e\
\x38\x34\x33\x37\x35\x20\x30\x2e\x30\x37\x38\x31\x32\x35\x7a\x22\
\x2f\x3e\x0a\x20\x20\x3c\x2f\x73\x79\x6d\x62\x6f\x6c\x3e\x0a\x20\
\x20\x3c\x73\x79\x6d\x62\x6f\x6c\x20\x69\x64\x3d\x22\x61\x22\x20\
\x6f\x76\x65\x72\x66\x6c\x6f\x77\x3d\x22\x76\x69\x73\x69\x62\x6c\
\x65\x22\x3e\x0a\x20\x20\x20\x3c\x70\x61\x74\x68\x20\x64\x3d\x22\
\x6d\x31\x37\x2e\x36\x34\x31\x2d\x37\x2e\x37\x30\x33\x31\x76\x31\
\x2e\x34\x30\x36\x32\x68\x2d\x31\x31\x2e\x34\x35\x33\x63\x30\x2e\
\x31\x32\x35\x20\x31\x2e\x31\x34\x38\x34\x20\x30\x2e\x35\x33\x39\
\x30\x36\x20\x32\x2e\x30\x30\x37\x38\x20\x31\x2e\x32\x35\x20\x32\
\x2e\x35\x37\x38\x31\x20\x30\x2e\x37\x30\x37\x30\x33\x20\x30\x2e\
\x35\x37\x34\x32\x32\x20\x31\x2e\x37\x30\x33\x31\x20\x30\x2e\x38\
\x35\x39\x33\x38\x20\x32\x2e\x39\x38\x34\x34\x20\x30\x2e\x38\x35\
\x39\x33\x38\x20\x31\x2e\x30\x33\x31\x32\x20\x30\x20\x32\x2e\x30\
\x38\x32\x2d\x30\x2e\x31\x34\x38\x34\x34\x20\x33\x2e\x31\x35\x36\
\x32\x2d\x30\x2e\x34\x35\x33\x31\x32\x20\x31\x2e\x30\x38\x32\x2d\
\x30\x2e\x33\x31\x32\x35\x20\x32\x2e\x31\x39\x31\x34\x2d\x30\x2e\
\x37\x37\x33\x34\x34\x20\x33\x2e\x33\x32\x38\x31\x2d\x31\x2e\x33\
\x39\x30\x36\x76\x33\x2e\x37\x36\x35\x36\x63\x2d\x31\x2e\x31\x35\
\x36\x32\x20\x30\x2e\x34\x33\x37\x35\x2d\x32\x2e\x33\x31\x32\x35\
\x20\x30\x2e\x37\x36\x35\x36\x32\x2d\x33\x2e\x34\x36\x38\x38\x20\
\x30\x2e\x39\x38\x34\x33\x38\x2d\x31\x2e\x31\x35\x36\x32\x20\x30\
\x2e\x32\x32\x36\x35\x36\x2d\x32\x2e\x33\x31\x32\x35\x20\x30\x2e\
\x33\x34\x33\x37\x35\x2d\x33\x2e\x34\x36\x38\x38\x20\x30\x2e\x33\
\x34\x33\x37\x35\x2d\x32\x2e\x37\x37\x33\x34\x20\x30\x2d\x34\x2e\
\x39\x32\x39\x37\x2d\x30\x2e\x37\x30\x33\x31\x32\x2d\x36\x2e\x34\
\x36\x38\x38\x2d\x32\x2e\x31\x30\x39\x34\x2d\x31\x2e\x35\x33\x31\
\x32\x2d\x31\x2e\x34\x30\x36\x32\x2d\x32\x2e\x32\x39\x36\x39\x2d\
\x33\x2e\x33\x37\x38\x39\x2d\x32\x2e\x32\x39\x36\x39\x2d\x35\x2e\
\x39\x32\x31\x39\x20\x30\x2d\x32\x2e\x35\x20\x30\x2e\x37\x35\x33\
\x39\x31\x2d\x34\x2e\x34\x36\x30\x39\x20\x32\x2e\x32\x36\x35\x36\
\x2d\x35\x2e\x38\x39\x30\x36\x20\x31\x2e\x35\x30\x37\x38\x2d\x31\
\x2e\x34\x33\x37\x35\x20\x33\x2e\x35\x38\x32\x2d\x32\x2e\x31\x35\
\x36\x32\x20\x36\x2e\x32\x31\x38\x38\x2d\x32\x2e\x31\x35\x36\x32\
\x20\x32\x2e\x34\x30\x36\x32\x20\x30\x20\x34\x2e\x33\x33\x32\x20\
\x30\x2e\x37\x33\x30\x34\x37\x20\x35\x2e\x37\x38\x31\x32\x20\x32\
\x2e\x31\x38\x37\x35\x20\x31\x2e\x34\x34\x35\x33\x20\x31\x2e\x34\
\x34\x39\x32\x20\x32\x2e\x31\x37\x31\x39\x20\x33\x2e\x33\x38\x32\
\x38\x20\x32\x2e\x31\x37\x31\x39\x20\x35\x2e\x37\x39\x36\x39\x7a\
\x6d\x2d\x35\x2e\x30\x33\x31\x32\x2d\x31\x2e\x36\x32\x35\x63\x30\
\x2d\x30\x2e\x39\x32\x35\x37\x38\x2d\x30\x2e\x32\x37\x33\x34\x34\
\x2d\x31\x2e\x36\x37\x31\x39\x2d\x30\x2e\x38\x31\x32\x35\x2d\x32\
\x2e\x32\x33\x34\x34\x2d\x30\x2e\x35\x34\x32\x39\x37\x2d\x30\x2e\
\x35\x37\x30\x33\x31\x2d\x31\x2e\x32\x35\x2d\x30\x2e\x38\x35\x39\
\x33\x38\x2d\x32\x2e\x31\x32\x35\x2d\x30\x2e\x38\x35\x39\x33\x38\
\x2d\x30\x2e\x39\x34\x39\x32\x32\x20\x30\x2d\x31\x2e\x37\x31\x38\
\x38\x20\x30\x2e\x32\x36\x35\x36\x32\x2d\x32\x2e\x33\x31\x32\x35\
\x20\x30\x2e\x37\x39\x36\x38\x38\x73\x2d\x30\x2e\x39\x36\x34\x38\
\x34\x20\x31\x2e\x32\x39\x36\x39\x2d\x31\x2e\x31\x30\x39\x34\x20\
\x32\x2e\x32\x39\x36\x39\x7a\x22\x2f\x3e\x0a\x20\x20\x3c\x2f\x73\
\x79\x6d\x62\x6f\x6c\x3e\x0a\x20\x20\x3c\x73\x79\x6d\x62\x6f\x6c\
\x20\x69\x64\x3d\x22\x65\x22\x20\x6f\x76\x65\x72\x66\x6c\x6f\x77\
\x3d\x22\x76\x69\x73\x69\x62\x6c\x65\x22\x3e\x0a\x20\x20\x20\x3c\
\x70\x61\x74\x68\x20\x64\x3d\x22\x6d\x39\x2e\x32\x31\x38\x38\x2d\
\x36\x2e\x38\x39\x30\x36\x63\x2d\x31\x2e\x30\x32\x33\x34\x20\x30\
\x2d\x31\x2e\x37\x39\x33\x20\x30\x2e\x31\x37\x31\x38\x38\x2d\x32\
\x2e\x33\x31\x32\x35\x20\x30\x2e\x35\x31\x35\x36\x32\x2d\x30\x2e\
\x35\x31\x31\x37\x32\x20\x30\x2e\x33\x34\x33\x37\x35\x2d\x30\x2e\
\x37\x36\x35\x36\x32\x20\x30\x2e\x38\x35\x35\x34\x37\x2d\x30\x2e\
\x37\x36\x35\x36\x32\x20\x31\x2e\x35\x33\x31\x32\x20\x30\x20\x30\
\x2e\x36\x32\x35\x20\x30\x2e\x32\x30\x37\x30\x33\x20\x31\x2e\x31\
\x31\x37\x32\x20\x30\x2e\x36\x32\x35\x20\x31\x2e\x34\x36\x38\x38\
\x20\x30\x2e\x34\x31\x34\x30\x36\x20\x30\x2e\x33\x34\x33\x37\x35\
\x20\x30\x2e\x39\x38\x38\x32\x38\x20\x30\x2e\x35\x31\x35\x36\x32\
\x20\x31\x2e\x37\x31\x38\x38\x20\x30\x2e\x35\x31\x35\x36\x32\x20\
\x30\x2e\x39\x32\x35\x37\x38\x20\x30\x20\x31\x2e\x37\x30\x33\x31\
\x2d\x30\x2e\x33\x32\x38\x31\x32\x20\x32\x2e\x33\x32\x38\x31\x2d\
\x30\x2e\x39\x38\x34\x33\x38\x20\x30\x2e\x36\x33\x32\x38\x31\x2d\
\x30\x2e\x36\x36\x34\x30\x36\x20\x30\x2e\x39\x35\x33\x31\x32\x2d\
\x31\x2e\x34\x39\x32\x32\x20\x30\x2e\x39\x35\x33\x31\x32\x2d\x32\
\x2e\x34\x38\x34\x34\x76\x2d\x30\x2e\x35\x36\x32\x35\x7a\x6d\x37\
\x2e\x34\x36\x38\x38\x2d\x31\x2e\x38\x34\x33\x38\x76\x38\x2e\x37\
\x33\x34\x34\x68\x2d\x34\x2e\x39\x32\x31\x39\x76\x2d\x32\x2e\x32\
\x36\x35\x36\x63\x2d\x30\x2e\x36\x35\x36\x32\x35\x20\x30\x2e\x39\
\x32\x39\x36\x39\x2d\x31\x2e\x33\x39\x38\x34\x20\x31\x2e\x36\x30\
\x35\x35\x2d\x32\x2e\x32\x31\x38\x38\x20\x32\x2e\x30\x33\x31\x32\
\x2d\x30\x2e\x38\x32\x34\x32\x32\x20\x30\x2e\x34\x31\x34\x30\x36\
\x2d\x31\x2e\x38\x32\x34\x32\x20\x30\x2e\x36\x32\x35\x2d\x33\x20\
\x30\x2e\x36\x32\x35\x2d\x31\x2e\x35\x38\x35\x39\x20\x30\x2d\x32\
\x2e\x38\x37\x31\x31\x2d\x30\x2e\x34\x35\x37\x30\x33\x2d\x33\x2e\
\x38\x35\x39\x34\x2d\x31\x2e\x33\x37\x35\x2d\x30\x2e\x39\x39\x32\
\x31\x39\x2d\x30\x2e\x39\x32\x35\x37\x38\x2d\x31\x2e\x34\x38\x34\
\x34\x2d\x32\x2e\x31\x32\x38\x39\x2d\x31\x2e\x34\x38\x34\x34\x2d\
\x33\x2e\x36\x30\x39\x34\x20\x30\x2d\x31\x2e\x37\x38\x39\x31\x20\
\x30\x2e\x36\x31\x33\x32\x38\x2d\x33\x2e\x31\x30\x31\x36\x20\x31\
\x2e\x38\x34\x33\x38\x2d\x33\x2e\x39\x33\x37\x35\x20\x31\x2e\x32\
\x33\x38\x33\x2d\x30\x2e\x38\x34\x33\x37\x35\x20\x33\x2e\x31\x37\
\x39\x37\x2d\x31\x2e\x32\x36\x35\x36\x20\x35\x2e\x38\x32\x38\x31\
\x2d\x31\x2e\x32\x36\x35\x36\x68\x32\x2e\x38\x39\x30\x36\x76\x2d\
\x30\x2e\x33\x39\x30\x36\x32\x63\x30\x2d\x30\x2e\x37\x36\x39\x35\
\x33\x2d\x30\x2e\x33\x30\x38\x35\x39\x2d\x31\x2e\x33\x33\x32\x2d\
\x30\x2e\x39\x32\x31\x38\x38\x2d\x31\x2e\x36\x38\x37\x35\x2d\x30\
\x2e\x36\x31\x37\x31\x39\x2d\x30\x2e\x33\x36\x33\x32\x38\x2d\x31\
\x2e\x35\x37\x30\x33\x2d\x30\x2e\x35\x34\x36\x38\x38\x2d\x32\x2e\
\x38\x35\x39\x34\x2d\x30\x2e\x35\x34\x36\x38\x38\x2d\x31\x2e\x30\
\x35\x34\x37\x20\x30\x2d\x32\x2e\x30\x33\x31\x32\x20\x30\x2e\x31\
\x30\x35\x34\x37\x2d\x32\x2e\x39\x33\x37\x35\x20\x30\x2e\x33\x31\
\x32\x35\x2d\x30\x2e\x38\x39\x38\x34\x34\x20\x30\x2e\x32\x31\x30\
\x39\x34\x2d\x31\x2e\x37\x33\x30\x35\x20\x30\x2e\x35\x32\x33\x34\
\x34\x2d\x32\x2e\x35\x20\x30\x2e\x39\x33\x37\x35\x76\x2d\x33\x2e\
\x37\x33\x34\x34\x63\x31\x2e\x30\x33\x39\x31\x2d\x30\x2e\x32\x35\
\x20\x32\x2e\x30\x38\x35\x39\x2d\x30\x2e\x34\x34\x31\x34\x31\x20\
\x33\x2e\x31\x34\x30\x36\x2d\x30\x2e\x35\x37\x38\x31\x32\x20\x31\
\x2e\x30\x36\x32\x35\x2d\x30\x2e\x31\x33\x32\x38\x31\x20\x32\x2e\
\x31\x32\x35\x2d\x30\x2e\x32\x30\x33\x31\x32\x20\x33\x2e\x31\x38\
\x37\x35\x2d\x30\x2e\x32\x30\x33\x31\x32\x20\x32\x2e\x37\x35\x37\
\x38\x20\x30\x20\x34\x2e\x37\x35\x20\x30\x2e\x35\x34\x36\x38\x38\
\x20\x35\x2e\x39\x36\x38\x38\x20\x31\x2e\x36\x34\x30\x36\x20\x31\
\x2e\x32\x32\x36\x36\x20\x31\x2e\x30\x38\x35\x39\x20\x31\x2e\x38\
\x34\x33\x38\x20\x32\x2e\x38\x35\x35\x35\x20\x31\x2e\x38\x34\x33\
\x38\x20\x35\x2e\x33\x31\x32\x35\x7a\x22\x2f\x3e\x0a\x20\x20\x3c\
\x2f\x73\x79\x6d\x62\x6f\x6c\x3e\x0a\x20\x20\x3c\x73\x79\x6d\x62\
\x6f\x6c\x20\x69\x64\x3d\x22\x63\x22\x20\x6f\x76\x65\x72\x66\x6c\
\x6f\x77\x3d\x22\x76\x69\x73\x69\x62\x6c\x65\x22\x3e\x0a\x20\x20\
\x20\x3c\x70\x61\x74\x68\x20\x64\x3d\x22\x6d\x37\x2e\x37\x30\x33\
\x31\x2d\x31\x39\x2e\x36\x35\x36\x76\x34\x2e\x33\x34\x33\x38\x68\
\x35\x2e\x30\x34\x36\x39\x76\x33\x2e\x35\x68\x2d\x35\x2e\x30\x34\
\x36\x39\x76\x36\x2e\x35\x63\x30\x20\x30\x2e\x37\x31\x30\x39\x34\
\x20\x30\x2e\x31\x34\x30\x36\x32\x20\x31\x2e\x31\x38\x37\x35\x20\
\x30\x2e\x34\x32\x31\x38\x38\x20\x31\x2e\x34\x33\x37\x35\x73\x30\
\x2e\x38\x33\x35\x39\x34\x20\x30\x2e\x33\x37\x35\x20\x31\x2e\x36\
\x37\x31\x39\x20\x30\x2e\x33\x37\x35\x68\x32\x2e\x35\x31\x35\x36\
\x76\x33\x2e\x35\x68\x2d\x34\x2e\x31\x38\x37\x35\x63\x2d\x31\x2e\
\x39\x33\x37\x35\x20\x30\x2d\x33\x2e\x33\x31\x32\x35\x2d\x30\x2e\
\x33\x39\x38\x34\x34\x2d\x34\x2e\x31\x32\x35\x2d\x31\x2e\x32\x30\
\x33\x31\x2d\x30\x2e\x38\x30\x34\x36\x39\x2d\x30\x2e\x38\x31\x32\
\x35\x2d\x31\x2e\x32\x30\x33\x31\x2d\x32\x2e\x31\x37\x39\x37\x2d\
\x31\x2e\x32\x30\x33\x31\x2d\x34\x2e\x31\x30\x39\x34\x76\x2d\x36\
\x2e\x35\x68\x2d\x32\x2e\x34\x32\x31\x39\x76\x2d\x33\x2e\x35\x68\
\x32\x2e\x34\x32\x31\x39\x76\x2d\x34\x2e\x33\x34\x33\x38\x7a\x22\
\x2f\x3e\x0a\x20\x20\x3c\x2f\x73\x79\x6d\x62\x6f\x6c\x3e\x0a\x20\
\x20\x3c\x73\x79\x6d\x62\x6f\x6c\x20\x69\x64\x3d\x22\x6a\x22\x20\
\x6f\x76\x65\x72\x66\x6c\x6f\x77\x3d\x22\x76\x69\x73\x69\x62\x6c\
\x65\x22\x3e\x0a\x20\x20\x20\x3c\x70\x61\x74\x68\x20\x64\x3d\x22\
\x6d\x31\x32\x2e\x37\x36\x36\x2d\x31\x33\x2e\x30\x37\x38\x76\x2d\
\x38\x2e\x32\x30\x33\x31\x68\x34\x2e\x39\x32\x31\x39\x76\x32\x31\
\x2e\x32\x38\x31\x68\x2d\x34\x2e\x39\x32\x31\x39\x76\x2d\x32\x2e\
\x32\x31\x38\x38\x63\x2d\x30\x2e\x36\x36\x37\x39\x37\x20\x30\x2e\
\x39\x30\x36\x32\x35\x2d\x31\x2e\x34\x30\x36\x32\x20\x31\x2e\x35\
\x37\x30\x33\x2d\x32\x2e\x32\x31\x38\x38\x20\x31\x2e\x39\x38\x34\
\x34\x73\x2d\x31\x2e\x37\x35\x37\x38\x20\x30\x2e\x36\x32\x35\x2d\
\x32\x2e\x38\x32\x38\x31\x20\x30\x2e\x36\x32\x35\x63\x2d\x31\x2e\
\x38\x38\x36\x37\x20\x30\x2d\x33\x2e\x34\x33\x33\x36\x2d\x30\x2e\
\x37\x35\x2d\x34\x2e\x36\x34\x30\x36\x2d\x32\x2e\x32\x35\x2d\x31\
\x2e\x32\x31\x30\x39\x2d\x31\x2e\x35\x2d\x31\x2e\x38\x31\x32\x35\
\x2d\x33\x2e\x34\x32\x35\x38\x2d\x31\x2e\x38\x31\x32\x35\x2d\x35\
\x2e\x37\x38\x31\x32\x20\x30\x2d\x32\x2e\x33\x36\x33\x33\x20\x30\
\x2e\x36\x30\x31\x35\x36\x2d\x34\x2e\x32\x39\x36\x39\x20\x31\x2e\
\x38\x31\x32\x35\x2d\x35\x2e\x37\x39\x36\x39\x20\x31\x2e\x32\x30\
\x37\x2d\x31\x2e\x35\x20\x32\x2e\x37\x35\x33\x39\x2d\x32\x2e\x32\
\x35\x20\x34\x2e\x36\x34\x30\x36\x2d\x32\x2e\x32\x35\x20\x31\x2e\
\x30\x36\x32\x35\x20\x30\x20\x32\x20\x30\x2e\x32\x31\x34\x38\x34\
\x20\x32\x2e\x38\x31\x32\x35\x20\x30\x2e\x36\x34\x30\x36\x32\x20\
\x30\x2e\x38\x32\x30\x33\x31\x20\x30\x2e\x34\x32\x39\x36\x39\x20\
\x31\x2e\x35\x36\x36\x34\x20\x31\x2e\x30\x38\x35\x39\x20\x32\x2e\
\x32\x33\x34\x34\x20\x31\x2e\x39\x36\x38\x38\x7a\x6d\x2d\x33\x2e\
\x32\x31\x38\x38\x20\x39\x2e\x39\x32\x31\x39\x63\x31\x2e\x30\x33\
\x39\x31\x20\x30\x20\x31\x2e\x38\x33\x35\x39\x2d\x30\x2e\x33\x37\
\x38\x39\x31\x20\x32\x2e\x33\x39\x30\x36\x2d\x31\x2e\x31\x34\x30\
\x36\x20\x30\x2e\x35\x35\x30\x37\x38\x2d\x30\x2e\x37\x36\x39\x35\
\x33\x20\x30\x2e\x38\x32\x38\x31\x32\x2d\x31\x2e\x38\x38\x32\x38\
\x20\x30\x2e\x38\x32\x38\x31\x32\x2d\x33\x2e\x33\x34\x33\x38\x20\
\x30\x2d\x31\x2e\x34\x35\x37\x2d\x30\x2e\x32\x37\x37\x33\x34\x2d\
\x32\x2e\x35\x36\x36\x34\x2d\x30\x2e\x38\x32\x38\x31\x32\x2d\x33\
\x2e\x33\x32\x38\x31\x2d\x30\x2e\x35\x35\x34\x36\x39\x2d\x30\x2e\
\x37\x36\x39\x35\x33\x2d\x31\x2e\x33\x35\x31\x36\x2d\x31\x2e\x31\
\x35\x36\x32\x2d\x32\x2e\x33\x39\x30\x36\x2d\x31\x2e\x31\x35\x36\
\x32\x2d\x31\x2e\x30\x34\x33\x20\x30\x2d\x31\x2e\x38\x33\x39\x38\
\x20\x30\x2e\x33\x38\x36\x37\x32\x2d\x32\x2e\x33\x39\x30\x36\x20\
\x31\x2e\x31\x35\x36\x32\x2d\x30\x2e\x35\x35\x34\x36\x39\x20\x30\
\x2e\x37\x36\x31\x37\x32\x2d\x30\x2e\x38\x32\x38\x31\x32\x20\x31\
\x2e\x38\x37\x31\x31\x2d\x30\x2e\x38\x32\x38\x31\x32\x20\x33\x2e\
\x33\x32\x38\x31\x20\x30\x20\x31\x2e\x34\x36\x30\x39\x20\x30\x2e\
\x32\x37\x33\x34\x34\x20\x32\x2e\x35\x37\x34\x32\x20\x30\x2e\x38\
\x32\x38\x31\x32\x20\x33\x2e\x33\x34\x33\x38\x20\x30\x2e\x35\x35\
\x30\x37\x38\x20\x30\x2e\x37\x36\x31\x37\x32\x20\x31\x2e\x33\x34\
\x37\x37\x20\x31\x2e\x31\x34\x30\x36\x20\x32\x2e\x33\x39\x30\x36\
\x20\x31\x2e\x31\x34\x30\x36\x7a\x22\x2f\x3e\x0a\x20\x20\x3c\x2f\
\x73\x79\x6d\x62\x6f\x6c\x3e\x0a\x20\x20\x3c\x73\x79\x6d\x62\x6f\
\x6c\x20\x69\x64\x3d\x22\x66\x22\x20\x6f\x76\x65\x72\x66\x6c\x6f\
\x77\x3d\x22\x76\x69\x73\x69\x62\x6c\x65\x22\x3e\x0a\x20\x20\x20\
\x3c\x70\x61\x74\x68\x20\x64\x3d\x22\x6d\x31\x30\x2e\x35\x2d\x33\
\x2e\x31\x35\x36\x32\x63\x31\x2e\x30\x35\x30\x38\x20\x30\x20\x31\
\x2e\x38\x35\x31\x36\x2d\x30\x2e\x33\x37\x38\x39\x31\x20\x32\x2e\
\x34\x30\x36\x32\x2d\x31\x2e\x31\x34\x30\x36\x20\x30\x2e\x35\x35\
\x30\x37\x38\x2d\x30\x2e\x37\x36\x39\x35\x33\x20\x30\x2e\x38\x32\
\x38\x31\x32\x2d\x31\x2e\x38\x38\x32\x38\x20\x30\x2e\x38\x32\x38\
\x31\x32\x2d\x33\x2e\x33\x34\x33\x38\x20\x30\x2d\x31\x2e\x34\x35\
\x37\x2d\x30\x2e\x32\x37\x37\x33\x34\x2d\x32\x2e\x35\x36\x36\x34\
\x2d\x30\x2e\x38\x32\x38\x31\x32\x2d\x33\x2e\x33\x32\x38\x31\x2d\
\x30\x2e\x35\x35\x34\x36\x39\x2d\x30\x2e\x37\x36\x39\x35\x33\x2d\
\x31\x2e\x33\x35\x35\x35\x2d\x31\x2e\x31\x35\x36\x32\x2d\x32\x2e\
\x34\x30\x36\x32\x2d\x31\x2e\x31\x35\x36\x32\x2d\x31\x2e\x30\x35\
\x34\x37\x20\x30\x2d\x31\x2e\x38\x35\x39\x34\x20\x30\x2e\x33\x38\
\x36\x37\x32\x2d\x32\x2e\x34\x32\x31\x39\x20\x31\x2e\x31\x35\x36\
\x32\x2d\x30\x2e\x35\x35\x34\x36\x39\x20\x30\x2e\x37\x37\x33\x34\
\x34\x2d\x30\x2e\x38\x32\x38\x31\x32\x20\x31\x2e\x38\x38\x32\x38\
\x2d\x30\x2e\x38\x32\x38\x31\x32\x20\x33\x2e\x33\x32\x38\x31\x20\
\x30\x20\x31\x2e\x34\x34\x39\x32\x20\x30\x2e\x32\x37\x33\x34\x34\
\x20\x32\x2e\x35\x35\x38\x36\x20\x30\x2e\x38\x32\x38\x31\x32\x20\
\x33\x2e\x33\x32\x38\x31\x20\x30\x2e\x35\x36\x32\x35\x20\x30\x2e\
\x37\x37\x33\x34\x34\x20\x31\x2e\x33\x36\x37\x32\x20\x31\x2e\x31\
\x35\x36\x32\x20\x32\x2e\x34\x32\x31\x39\x20\x31\x2e\x31\x35\x36\
\x32\x7a\x6d\x2d\x33\x2e\x32\x35\x2d\x39\x2e\x39\x32\x31\x39\x63\
\x30\x2e\x36\x37\x35\x37\x38\x2d\x30\x2e\x38\x38\x32\x38\x31\x20\
\x31\x2e\x34\x32\x31\x39\x2d\x31\x2e\x35\x33\x39\x31\x20\x32\x2e\
\x32\x33\x34\x34\x2d\x31\x2e\x39\x36\x38\x38\x20\x30\x2e\x38\x32\
\x30\x33\x31\x2d\x30\x2e\x34\x32\x35\x37\x38\x20\x31\x2e\x37\x36\
\x35\x36\x2d\x30\x2e\x36\x34\x30\x36\x32\x20\x32\x2e\x38\x32\x38\
\x31\x2d\x30\x2e\x36\x34\x30\x36\x32\x20\x31\x2e\x38\x39\x34\x35\
\x20\x30\x20\x33\x2e\x34\x34\x35\x33\x20\x30\x2e\x37\x35\x20\x34\
\x2e\x36\x35\x36\x32\x20\x32\x2e\x32\x35\x20\x31\x2e\x32\x30\x37\
\x20\x31\x2e\x35\x20\x31\x2e\x38\x31\x32\x35\x20\x33\x2e\x34\x33\
\x33\x36\x20\x31\x2e\x38\x31\x32\x35\x20\x35\x2e\x37\x39\x36\x39\
\x20\x30\x20\x32\x2e\x33\x35\x35\x35\x2d\x30\x2e\x36\x30\x35\x34\
\x37\x20\x34\x2e\x32\x38\x31\x32\x2d\x31\x2e\x38\x31\x32\x35\x20\
\x35\x2e\x37\x38\x31\x32\x2d\x31\x2e\x32\x31\x30\x39\x20\x31\x2e\
\x35\x2d\x32\x2e\x37\x36\x31\x37\x20\x32\x2e\x32\x35\x2d\x34\x2e\
\x36\x35\x36\x32\x20\x32\x2e\x32\x35\x2d\x31\x2e\x30\x36\x32\x35\
\x20\x30\x2d\x32\x2e\x30\x30\x37\x38\x2d\x30\x2e\x32\x31\x30\x39\
\x34\x2d\x32\x2e\x38\x32\x38\x31\x2d\x30\x2e\x36\x32\x35\x2d\x30\
\x2e\x38\x31\x32\x35\x2d\x30\x2e\x34\x32\x35\x37\x38\x2d\x31\x2e\
\x35\x35\x38\x36\x2d\x31\x2e\x30\x38\x35\x39\x2d\x32\x2e\x32\x33\
\x34\x34\x2d\x31\x2e\x39\x38\x34\x34\x76\x32\x2e\x32\x31\x38\x38\
\x68\x2d\x34\x2e\x38\x39\x30\x36\x76\x2d\x32\x31\x2e\x32\x38\x31\
\x68\x34\x2e\x38\x39\x30\x36\x7a\x22\x2f\x3e\x0a\x20\x20\x3c\x2f\
\x73\x79\x6d\x62\x6f\x6c\x3e\x0a\x20\x20\x3c\x73\x79\x6d\x62\x6f\
\x6c\x20\x69\x64\x3d\x22\x69\x22\x20\x6f\x76\x65\x72\x66\x6c\x6f\
\x77\x3d\x22\x76\x69\x73\x69\x62\x6c\x65\x22\x3e\x0a\x20\x20\x20\
\x3c\x70\x61\x74\x68\x20\x64\x3d\x22\x6d\x30\x2e\x33\x34\x33\x37\
\x35\x2d\x31\x35\x2e\x33\x31\x32\x68\x34\x2e\x38\x39\x30\x36\x6c\
\x34\x2e\x31\x32\x35\x20\x31\x30\x2e\x33\x39\x31\x20\x33\x2e\x35\
\x2d\x31\x30\x2e\x33\x39\x31\x68\x34\x2e\x38\x39\x30\x36\x6c\x2d\
\x36\x2e\x34\x33\x37\x35\x20\x31\x36\x2e\x37\x36\x36\x63\x2d\x30\
\x2e\x36\x34\x38\x34\x34\x20\x31\x2e\x36\x39\x35\x33\x2d\x31\x2e\
\x34\x30\x32\x33\x20\x32\x2e\x38\x38\x32\x38\x2d\x32\x2e\x32\x36\
\x35\x36\x20\x33\x2e\x35\x36\x32\x35\x2d\x30\x2e\x38\x36\x37\x31\
\x39\x20\x30\x2e\x36\x38\x37\x35\x2d\x32\x20\x31\x2e\x30\x33\x31\
\x32\x2d\x33\x2e\x34\x30\x36\x32\x20\x31\x2e\x30\x33\x31\x32\x68\
\x2d\x32\x2e\x38\x34\x33\x38\x76\x2d\x33\x2e\x32\x31\x38\x38\x68\
\x31\x2e\x35\x33\x31\x32\x63\x30\x2e\x38\x33\x32\x30\x33\x20\x30\
\x20\x31\x2e\x34\x33\x37\x35\x2d\x30\x2e\x31\x33\x36\x37\x32\x20\
\x31\x2e\x38\x31\x32\x35\x2d\x30\x2e\x34\x30\x36\x32\x35\x20\x30\
\x2e\x33\x38\x32\x38\x31\x2d\x30\x2e\x32\x36\x31\x37\x32\x20\x30\
\x2e\x36\x37\x39\x36\x39\x2d\x30\x2e\x37\x33\x30\x34\x37\x20\x30\
\x2e\x38\x39\x30\x36\x32\x2d\x31\x2e\x34\x30\x36\x32\x6c\x30\x2e\
\x31\x34\x30\x36\x32\x2d\x30\x2e\x34\x32\x31\x38\x38\x7a\x22\x2f\
\x3e\x0a\x20\x20\x3c\x2f\x73\x79\x6d\x62\x6f\x6c\x3e\x0a\x20\x20\
\x3c\x73\x79\x6d\x62\x6f\x6c\x20\x69\x64\x3d\x22\x68\x22\x20\x6f\
\x76\x65\x72\x66\x6c\x6f\x77\x3d\x22\x76\x69\x73\x69\x62\x6c\x65\
\x22\x3e\x0a\x20\x20\x20\x3c\x70\x61\x74\x68\x20\x64\x3d\x22\x6d\
\x30\x2e\x39\x38\x34\x33\x38\x2d\x31\x35\x2e\x33\x31\x32\x68\x34\
\x2e\x37\x36\x35\x36\x6c\x32\x2e\x35\x36\x32\x35\x20\x31\x30\x2e\
\x35\x34\x37\x20\x32\x2e\x35\x37\x38\x31\x2d\x31\x30\x2e\x35\x34\
\x37\x68\x34\x2e\x30\x39\x33\x38\x6c\x32\x2e\x35\x37\x38\x31\x20\
\x31\x30\x2e\x34\x33\x38\x20\x32\x2e\x35\x37\x38\x31\x2d\x31\x30\
\x2e\x34\x33\x38\x68\x34\x2e\x37\x35\x6c\x2d\x34\x2e\x30\x33\x31\
\x32\x20\x31\x35\x2e\x33\x31\x32\x68\x2d\x35\x2e\x33\x34\x33\x38\
\x6c\x2d\x32\x2e\x35\x37\x38\x31\x2d\x31\x30\x2e\x35\x33\x31\x2d\
\x32\x2e\x35\x37\x38\x31\x20\x31\x30\x2e\x35\x33\x31\x68\x2d\x35\
\x2e\x33\x34\x33\x38\x7a\x22\x2f\x3e\x0a\x20\x20\x3c\x2f\x73\x79\
\x6d\x62\x6f\x6c\x3e\x0a\x20\x20\x3c\x73\x79\x6d\x62\x6f\x6c\x20\
\x69\x64\x3d\x22\x64\x22\x20\x6f\x76\x65\x72\x66\x6c\x6f\x77\x3d\
\x22\x76\x69\x73\x69\x62\x6c\x65\x22\x3e\x0a\x20\x20\x20\x3c\x70\
\x61\x74\x68\x20\x64\x3d\x22\x6d\x39\x2e\x36\x34\x30\x36\x2d\x31\
\x32\x2e\x31\x38\x38\x63\x2d\x31\x2e\x30\x38\x35\x39\x20\x30\x2d\
\x31\x2e\x39\x31\x34\x31\x20\x30\x2e\x33\x39\x30\x36\x32\x2d\x32\
\x2e\x34\x38\x34\x34\x20\x31\x2e\x31\x37\x31\x39\x2d\x30\x2e\x35\
\x37\x34\x32\x32\x20\x30\x2e\x37\x38\x31\x32\x35\x2d\x30\x2e\x38\
\x35\x39\x33\x38\x20\x31\x2e\x39\x30\x36\x32\x2d\x30\x2e\x38\x35\
\x39\x33\x38\x20\x33\x2e\x33\x37\x35\x73\x30\x2e\x32\x38\x35\x31\
\x36\x20\x32\x2e\x35\x39\x33\x38\x20\x30\x2e\x38\x35\x39\x33\x38\
\x20\x33\x2e\x33\x37\x35\x63\x30\x2e\x35\x37\x30\x33\x31\x20\x30\
\x2e\x37\x37\x33\x34\x34\x20\x31\x2e\x33\x39\x38\x34\x20\x31\x2e\
\x31\x35\x36\x32\x20\x32\x2e\x34\x38\x34\x34\x20\x31\x2e\x31\x35\
\x36\x32\x20\x31\x2e\x30\x36\x32\x35\x20\x30\x20\x31\x2e\x38\x37\
\x35\x2d\x30\x2e\x33\x38\x32\x38\x31\x20\x32\x2e\x34\x33\x37\x35\
\x2d\x31\x2e\x31\x35\x36\x32\x20\x30\x2e\x35\x37\x30\x33\x31\x2d\
\x30\x2e\x37\x38\x31\x32\x35\x20\x30\x2e\x38\x35\x39\x33\x38\x2d\
\x31\x2e\x39\x30\x36\x32\x20\x30\x2e\x38\x35\x39\x33\x38\x2d\x33\
\x2e\x33\x37\x35\x73\x2d\x30\x2e\x32\x38\x39\x30\x36\x2d\x32\x2e\
\x35\x39\x33\x38\x2d\x30\x2e\x38\x35\x39\x33\x38\x2d\x33\x2e\x33\
\x37\x35\x63\x2d\x30\x2e\x35\x36\x32\x35\x2d\x30\x2e\x37\x38\x31\
\x32\x35\x2d\x31\x2e\x33\x37\x35\x2d\x31\x2e\x31\x37\x31\x39\x2d\
\x32\x2e\x34\x33\x37\x35\x2d\x31\x2e\x31\x37\x31\x39\x7a\x6d\x30\
\x2d\x33\x2e\x35\x63\x32\x2e\x36\x33\x32\x38\x20\x30\x20\x34\x2e\
\x36\x39\x31\x34\x20\x30\x2e\x37\x31\x34\x38\x34\x20\x36\x2e\x31\
\x37\x31\x39\x20\x32\x2e\x31\x34\x30\x36\x20\x31\x2e\x34\x37\x36\
\x36\x20\x31\x2e\x34\x31\x38\x20\x32\x2e\x32\x31\x38\x38\x20\x33\
\x2e\x33\x38\x36\x37\x20\x32\x2e\x32\x31\x38\x38\x20\x35\x2e\x39\
\x30\x36\x32\x20\x30\x20\x32\x2e\x35\x31\x31\x37\x2d\x30\x2e\x37\
\x34\x32\x31\x39\x20\x34\x2e\x34\x38\x30\x35\x2d\x32\x2e\x32\x31\
\x38\x38\x20\x35\x2e\x39\x30\x36\x32\x2d\x31\x2e\x34\x38\x30\x35\
\x20\x31\x2e\x34\x31\x38\x2d\x33\x2e\x35\x33\x39\x31\x20\x32\x2e\
\x31\x32\x35\x2d\x36\x2e\x31\x37\x31\x39\x20\x32\x2e\x31\x32\x35\
\x2d\x32\x2e\x36\x34\x38\x34\x20\x30\x2d\x34\x2e\x37\x31\x34\x38\
\x2d\x30\x2e\x37\x30\x37\x30\x33\x2d\x36\x2e\x32\x30\x33\x31\x2d\
\x32\x2e\x31\x32\x35\x2d\x31\x2e\x34\x39\x32\x32\x2d\x31\x2e\x34\
\x32\x35\x38\x2d\x32\x2e\x32\x33\x34\x34\x2d\x33\x2e\x33\x39\x34\
\x35\x2d\x32\x2e\x32\x33\x34\x34\x2d\x35\x2e\x39\x30\x36\x32\x20\
\x30\x2d\x32\x2e\x35\x31\x39\x35\x20\x30\x2e\x37\x34\x32\x31\x39\
\x2d\x34\x2e\x34\x38\x38\x33\x20\x32\x2e\x32\x33\x34\x34\x2d\x35\
\x2e\x39\x30\x36\x32\x20\x31\x2e\x34\x38\x38\x33\x2d\x31\x2e\x34\
\x32\x35\x38\x20\x33\x2e\x35\x35\x34\x37\x2d\x32\x2e\x31\x34\x30\
\x36\x20\x36\x2e\x32\x30\x33\x31\x2d\x32\x2e\x31\x34\x30\x36\x7a\
\x22\x2f\x3e\x0a\x20\x20\x3c\x2f\x73\x79\x6d\x62\x6f\x6c\x3e\x0a\
\x20\x20\x3c\x73\x79\x6d\x62\x6f\x6c\x20\x69\x64\x3d\x22\x73\x22\
\x20\x6f\x76\x65\x72\x66\x6c\x6f\x77\x3d\x22\x76\x69\x73\x69\x62\
\x6c\x65\x22\x3e\x0a\x20\x20\x20\x3c\x70\x61\x74\x68\x20\x64\x3d\
\x22\x6d\x32\x2e\x33\x35\x39\x34\x2d\x32\x31\x2e\x32\x38\x31\x68\
\x34\x2e\x38\x39\x30\x36\x76\x31\x31\x2e\x35\x39\x34\x6c\x35\x2e\
\x36\x32\x35\x2d\x35\x2e\x36\x32\x35\x68\x35\x2e\x36\x38\x37\x35\
\x6c\x2d\x37\x2e\x34\x36\x38\x38\x20\x37\x2e\x30\x33\x31\x32\x20\
\x38\x2e\x30\x36\x32\x35\x20\x38\x2e\x32\x38\x31\x32\x68\x2d\x35\
\x2e\x39\x33\x37\x35\x6c\x2d\x35\x2e\x39\x36\x38\x38\x2d\x36\x2e\
\x33\x39\x30\x36\x76\x36\x2e\x33\x39\x30\x36\x68\x2d\x34\x2e\x38\
\x39\x30\x36\x7a\x22\x2f\x3e\x0a\x20\x20\x3c\x2f\x73\x79\x6d\x62\
\x6f\x6c\x3e\x0a\x20\x20\x3c\x73\x79\x6d\x62\x6f\x6c\x20\x69\x64\
\x3d\x22\x67\x22\x20\x6f\x76\x65\x72\x66\x6c\x6f\x77\x3d\x22\x76\
\x69\x73\x69\x62\x6c\x65\x22\x3e\x0a\x20\x20\x20\x3c\x70\x61\x74\
\x68\x20\x64\x3d\x22\x6d\x31\x37\x2e\x37\x35\x2d\x39\x2e\x33\x32\
\x38\x31\x76\x39\x2e\x33\x32\x38\x31\x68\x2d\x34\x2e\x39\x32\x31\
\x39\x76\x2d\x37\x2e\x31\x34\x30\x36\x63\x30\x2d\x31\x2e\x33\x32\
\x30\x33\x2d\x30\x2e\x30\x33\x31\x32\x35\x2d\x32\x2e\x32\x33\x34\
\x34\x2d\x30\x2e\x30\x39\x33\x37\x35\x2d\x32\x2e\x37\x33\x34\x34\
\x73\x2d\x30\x2e\x31\x36\x37\x39\x37\x2d\x30\x2e\x38\x36\x37\x31\
\x39\x2d\x30\x2e\x33\x31\x32\x35\x2d\x31\x2e\x31\x30\x39\x34\x63\
\x2d\x30\x2e\x31\x38\x37\x35\x2d\x30\x2e\x33\x31\x32\x35\x2d\x30\
\x2e\x34\x34\x39\x32\x32\x2d\x30\x2e\x35\x35\x34\x36\x39\x2d\x30\
\x2e\x37\x38\x31\x32\x35\x2d\x30\x2e\x37\x33\x34\x33\x38\x2d\x30\
\x2e\x33\x32\x34\x32\x32\x2d\x30\x2e\x31\x37\x35\x37\x38\x2d\x30\
\x2e\x36\x39\x35\x33\x31\x2d\x30\x2e\x32\x36\x35\x36\x32\x2d\x31\
\x2e\x31\x30\x39\x34\x2d\x30\x2e\x32\x36\x35\x36\x32\x2d\x31\x2e\
\x30\x32\x33\x34\x20\x30\x2d\x31\x2e\x38\x32\x34\x32\x20\x30\x2e\
\x33\x39\x38\x34\x34\x2d\x32\x2e\x34\x30\x36\x32\x20\x31\x2e\x31\
\x38\x37\x35\x2d\x30\x2e\x35\x38\x35\x39\x34\x20\x30\x2e\x37\x38\
\x31\x32\x35\x2d\x30\x2e\x38\x37\x35\x20\x31\x2e\x38\x37\x31\x31\
\x2d\x30\x2e\x38\x37\x35\x20\x33\x2e\x32\x36\x35\x36\x76\x37\x2e\
\x35\x33\x31\x32\x68\x2d\x34\x2e\x38\x39\x30\x36\x76\x2d\x31\x35\
\x2e\x33\x31\x32\x68\x34\x2e\x38\x39\x30\x36\x76\x32\x2e\x32\x33\
\x34\x34\x63\x30\x2e\x37\x33\x38\x32\x38\x2d\x30\x2e\x38\x38\x32\
\x38\x31\x20\x31\x2e\x35\x31\x39\x35\x2d\x31\x2e\x35\x33\x39\x31\
\x20\x32\x2e\x33\x34\x33\x38\x2d\x31\x2e\x39\x36\x38\x38\x20\x30\
\x2e\x38\x33\x32\x30\x33\x2d\x30\x2e\x34\x32\x35\x37\x38\x20\x31\
\x2e\x37\x35\x2d\x30\x2e\x36\x34\x30\x36\x32\x20\x32\x2e\x37\x35\
\x2d\x30\x2e\x36\x34\x30\x36\x32\x20\x31\x2e\x37\x36\x39\x35\x20\
\x30\x20\x33\x2e\x31\x31\x33\x33\x20\x30\x2e\x35\x34\x36\x38\x38\
\x20\x34\x2e\x30\x33\x31\x32\x20\x31\x2e\x36\x34\x30\x36\x20\x30\
\x2e\x39\x31\x34\x30\x36\x20\x31\x2e\x30\x38\x35\x39\x20\x31\x2e\
\x33\x37\x35\x20\x32\x2e\x36\x35\x36\x32\x20\x31\x2e\x33\x37\x35\
\x20\x34\x2e\x37\x31\x38\x38\x7a\x22\x2f\x3e\x0a\x20\x20\x3c\x2f\
\x73\x79\x6d\x62\x6f\x6c\x3e\x0a\x20\x20\x3c\x73\x79\x6d\x62\x6f\
\x6c\x20\x69\x64\x3d\x22\x72\x22\x20\x6f\x76\x65\x72\x66\x6c\x6f\
\x77\x3d\x22\x76\x69\x73\x69\x62\x6c\x65\x22\x3e\x0a\x20\x20\x20\
\x3c\x70\x61\x74\x68\x20\x64\x3d\x22\x6d\x31\x32\x2e\x34\x32\x32\
\x2d\x32\x31\x2e\x32\x38\x31\x76\x33\x2e\x32\x31\x38\x38\x68\x2d\
\x32\x2e\x37\x30\x33\x31\x63\x2d\x30\x2e\x36\x38\x37\x35\x20\x30\
\x2d\x31\x2e\x31\x37\x31\x39\x20\x30\x2e\x31\x32\x35\x2d\x31\x2e\
\x34\x35\x33\x31\x20\x30\x2e\x33\x37\x35\x2d\x30\x2e\x32\x37\x33\
\x34\x34\x20\x30\x2e\x32\x35\x2d\x30\x2e\x34\x30\x36\x32\x35\x20\
\x30\x2e\x36\x38\x37\x35\x2d\x30\x2e\x34\x30\x36\x32\x35\x20\x31\
\x2e\x33\x31\x32\x35\x76\x31\x2e\x30\x36\x32\x35\x68\x34\x2e\x31\
\x38\x37\x35\x76\x33\x2e\x35\x68\x2d\x34\x2e\x31\x38\x37\x35\x76\
\x31\x31\x2e\x38\x31\x32\x68\x2d\x34\x2e\x38\x39\x30\x36\x76\x2d\
\x31\x31\x2e\x38\x31\x32\x68\x2d\x32\x2e\x34\x33\x37\x35\x76\x2d\
\x33\x2e\x35\x68\x32\x2e\x34\x33\x37\x35\x76\x2d\x31\x2e\x30\x36\
\x32\x35\x63\x30\x2d\x31\x2e\x36\x36\x34\x31\x20\x30\x2e\x34\x36\
\x30\x39\x34\x2d\x32\x2e\x38\x39\x38\x34\x20\x31\x2e\x33\x39\x30\
\x36\x2d\x33\x2e\x37\x30\x33\x31\x20\x30\x2e\x39\x32\x35\x37\x38\
\x2d\x30\x2e\x38\x30\x30\x37\x38\x20\x32\x2e\x33\x36\x37\x32\x2d\
\x31\x2e\x32\x30\x33\x31\x20\x34\x2e\x33\x32\x38\x31\x2d\x31\x2e\
\x32\x30\x33\x31\x7a\x22\x2f\x3e\x0a\x20\x20\x3c\x2f\x73\x79\x6d\
\x62\x6f\x6c\x3e\x0a\x20\x20\x3c\x73\x79\x6d\x62\x6f\x6c\x20\x69\
\x64\x3d\x22\x71\x22\x20\x6f\x76\x65\x72\x66\x6c\x6f\x77\x3d\x22\
\x76\x69\x73\x69\x62\x6c\x65\x22\x3e\x0a\x20\x20\x20\x3c\x70\x61\
\x74\x68\x20\x64\x3d\x22\x6d\x31\x36\x2e\x35\x34\x37\x2d\x31\x32\
\x2e\x37\x36\x36\x63\x30\x2e\x36\x31\x33\x32\x38\x2d\x30\x2e\x39\
\x34\x35\x33\x31\x20\x31\x2e\x33\x34\x37\x37\x2d\x31\x2e\x36\x37\
\x31\x39\x20\x32\x2e\x32\x30\x33\x31\x2d\x32\x2e\x31\x37\x31\x39\
\x20\x30\x2e\x38\x35\x31\x35\x36\x2d\x30\x2e\x35\x20\x31\x2e\x37\
\x38\x39\x31\x2d\x30\x2e\x37\x35\x20\x32\x2e\x38\x31\x32\x35\x2d\
\x30\x2e\x37\x35\x20\x31\x2e\x37\x35\x37\x38\x20\x30\x20\x33\x2e\
\x30\x39\x37\x37\x20\x30\x2e\x35\x34\x36\x38\x38\x20\x34\x2e\x30\
\x31\x35\x36\x20\x31\x2e\x36\x34\x30\x36\x20\x30\x2e\x39\x32\x35\
\x37\x38\x20\x31\x2e\x30\x38\x35\x39\x20\x31\x2e\x33\x39\x30\x36\
\x20\x32\x2e\x36\x35\x36\x32\x20\x31\x2e\x33\x39\x30\x36\x20\x34\
\x2e\x37\x31\x38\x38\x76\x39\x2e\x33\x32\x38\x31\x68\x2d\x34\x2e\
\x39\x32\x31\x39\x76\x2d\x37\x2e\x39\x38\x34\x34\x2d\x30\x2e\x33\
\x35\x39\x33\x38\x63\x30\x2e\x30\x30\x37\x38\x31\x33\x2d\x30\x2e\
\x31\x33\x32\x38\x31\x20\x30\x2e\x30\x31\x35\x36\x32\x35\x2d\x30\
\x2e\x33\x32\x30\x33\x31\x20\x30\x2e\x30\x31\x35\x36\x32\x35\x2d\
\x30\x2e\x35\x36\x32\x35\x20\x30\x2d\x31\x2e\x30\x38\x32\x2d\x30\
\x2e\x31\x36\x34\x30\x36\x2d\x31\x2e\x38\x36\x33\x33\x2d\x30\x2e\
\x34\x38\x34\x33\x38\x2d\x32\x2e\x33\x34\x33\x38\x2d\x30\x2e\x33\
\x31\x32\x35\x2d\x30\x2e\x34\x38\x38\x32\x38\x2d\x30\x2e\x38\x32\
\x34\x32\x32\x2d\x30\x2e\x37\x33\x34\x33\x38\x2d\x31\x2e\x35\x33\
\x31\x32\x2d\x30\x2e\x37\x33\x34\x33\x38\x2d\x30\x2e\x39\x32\x39\
\x36\x39\x20\x30\x2d\x31\x2e\x36\x34\x38\x34\x20\x30\x2e\x33\x38\
\x36\x37\x32\x2d\x32\x2e\x31\x35\x36\x32\x20\x31\x2e\x31\x35\x36\
\x32\x2d\x30\x2e\x35\x31\x31\x37\x32\x20\x30\x2e\x37\x36\x31\x37\
\x32\x2d\x30\x2e\x37\x37\x33\x34\x34\x20\x31\x2e\x38\x36\x37\x32\
\x2d\x30\x2e\x37\x38\x31\x32\x35\x20\x33\x2e\x33\x31\x32\x35\x76\
\x37\x2e\x35\x31\x35\x36\x68\x2d\x34\x2e\x39\x32\x31\x39\x76\x2d\
\x37\x2e\x39\x38\x34\x34\x63\x30\x2d\x31\x2e\x36\x39\x35\x33\x2d\
\x30\x2e\x31\x34\x38\x34\x34\x2d\x32\x2e\x37\x38\x35\x32\x2d\x30\
\x2e\x34\x33\x37\x35\x2d\x33\x2e\x32\x36\x35\x36\x2d\x30\x2e\x32\
\x39\x32\x39\x37\x2d\x30\x2e\x34\x38\x38\x32\x38\x2d\x30\x2e\x38\
\x31\x32\x35\x2d\x30\x2e\x37\x33\x34\x33\x38\x2d\x31\x2e\x35\x36\
\x32\x35\x2d\x30\x2e\x37\x33\x34\x33\x38\x2d\x30\x2e\x39\x33\x37\
\x35\x20\x30\x2d\x31\x2e\x36\x36\x34\x31\x20\x30\x2e\x33\x38\x36\
\x37\x32\x2d\x32\x2e\x31\x37\x31\x39\x20\x31\x2e\x31\x35\x36\x32\
\x2d\x30\x2e\x35\x31\x31\x37\x32\x20\x30\x2e\x37\x36\x31\x37\x32\
\x2d\x30\x2e\x37\x36\x35\x36\x32\x20\x31\x2e\x38\x35\x39\x34\x2d\
\x30\x2e\x37\x36\x35\x36\x32\x20\x33\x2e\x32\x39\x36\x39\x76\x37\
\x2e\x35\x33\x31\x32\x68\x2d\x34\x2e\x39\x32\x31\x39\x76\x2d\x31\
\x35\x2e\x33\x31\x32\x68\x34\x2e\x39\x32\x31\x39\x76\x32\x2e\x32\
\x33\x34\x34\x63\x30\x2e\x36\x30\x31\x35\x36\x2d\x30\x2e\x38\x36\
\x33\x32\x38\x20\x31\x2e\x32\x38\x39\x31\x2d\x31\x2e\x35\x31\x35\
\x36\x20\x32\x2e\x30\x36\x32\x35\x2d\x31\x2e\x39\x35\x33\x31\x20\
\x30\x2e\x37\x38\x31\x32\x35\x2d\x30\x2e\x34\x33\x37\x35\x20\x31\
\x2e\x36\x34\x30\x36\x2d\x30\x2e\x36\x35\x36\x32\x35\x20\x32\x2e\
\x35\x37\x38\x31\x2d\x30\x2e\x36\x35\x36\x32\x35\x20\x31\x2e\x30\
\x36\x32\x35\x20\x30\x20\x32\x20\x30\x2e\x32\x35\x37\x38\x31\x20\
\x32\x2e\x38\x31\x32\x35\x20\x30\x2e\x37\x36\x35\x36\x32\x20\x30\
\x2e\x38\x31\x32\x35\x20\x30\x2e\x35\x31\x31\x37\x32\x20\x31\x2e\
\x34\x32\x35\x38\x20\x31\x2e\x32\x33\x30\x35\x20\x31\x2e\x38\x34\
\x33\x38\x20\x32\x2e\x31\x35\x36\x32\x7a\x22\x2f\x3e\x0a\x20\x20\
\x3c\x2f\x73\x79\x6d\x62\x6f\x6c\x3e\x0a\x20\x20\x3c\x73\x79\x6d\
\x62\x6f\x6c\x20\x69\x64\x3d\x22\x70\x22\x20\x6f\x76\x65\x72\x66\
\x6c\x6f\x77\x3d\x22\x76\x69\x73\x69\x62\x6c\x65\x22\x3e\x0a\x20\
\x20\x20\x3c\x70\x61\x74\x68\x20\x64\x3d\x22\x6d\x31\x37\x2e\x37\
\x35\x2d\x39\x2e\x33\x32\x38\x31\x76\x39\x2e\x33\x32\x38\x31\x68\
\x2d\x34\x2e\x39\x32\x31\x39\x76\x2d\x37\x2e\x31\x30\x39\x34\x63\
\x30\x2d\x31\x2e\x33\x34\x33\x38\x2d\x30\x2e\x30\x33\x31\x32\x35\
\x2d\x32\x2e\x32\x36\x35\x36\x2d\x30\x2e\x30\x39\x33\x37\x35\x2d\
\x32\x2e\x37\x36\x35\x36\x73\x2d\x30\x2e\x31\x36\x37\x39\x37\x2d\
\x30\x2e\x38\x36\x37\x31\x39\x2d\x30\x2e\x33\x31\x32\x35\x2d\x31\
\x2e\x31\x30\x39\x34\x63\x2d\x30\x2e\x31\x38\x37\x35\x2d\x30\x2e\
\x33\x31\x32\x35\x2d\x30\x2e\x34\x34\x39\x32\x32\x2d\x30\x2e\x35\
\x35\x34\x36\x39\x2d\x30\x2e\x37\x38\x31\x32\x35\x2d\x30\x2e\x37\
\x33\x34\x33\x38\x2d\x30\x2e\x33\x32\x34\x32\x32\x2d\x30\x2e\x31\
\x37\x35\x37\x38\x2d\x30\x2e\x36\x39\x35\x33\x31\x2d\x30\x2e\x32\
\x36\x35\x36\x32\x2d\x31\x2e\x31\x30\x39\x34\x2d\x30\x2e\x32\x36\
\x35\x36\x32\x2d\x31\x2e\x30\x32\x33\x34\x20\x30\x2d\x31\x2e\x38\
\x32\x34\x32\x20\x30\x2e\x33\x39\x38\x34\x34\x2d\x32\x2e\x34\x30\
\x36\x32\x20\x31\x2e\x31\x38\x37\x35\x2d\x30\x2e\x35\x38\x35\x39\
\x34\x20\x30\x2e\x37\x38\x31\x32\x35\x2d\x30\x2e\x38\x37\x35\x20\
\x31\x2e\x38\x37\x31\x31\x2d\x30\x2e\x38\x37\x35\x20\x33\x2e\x32\
\x36\x35\x36\x76\x37\x2e\x35\x33\x31\x32\x68\x2d\x34\x2e\x38\x39\
\x30\x36\x76\x2d\x32\x31\x2e\x32\x38\x31\x68\x34\x2e\x38\x39\x30\
\x36\x76\x38\x2e\x32\x30\x33\x31\x63\x30\x2e\x37\x33\x38\x32\x38\
\x2d\x30\x2e\x38\x38\x32\x38\x31\x20\x31\x2e\x35\x31\x39\x35\x2d\
\x31\x2e\x35\x33\x39\x31\x20\x32\x2e\x33\x34\x33\x38\x2d\x31\x2e\
\x39\x36\x38\x38\x20\x30\x2e\x38\x33\x32\x30\x33\x2d\x30\x2e\x34\
\x32\x35\x37\x38\x20\x31\x2e\x37\x35\x2d\x30\x2e\x36\x34\x30\x36\
\x32\x20\x32\x2e\x37\x35\x2d\x30\x2e\x36\x34\x30\x36\x32\x20\x31\
\x2e\x37\x36\x39\x35\x20\x30\x20\x33\x2e\x31\x31\x33\x33\x20\x30\
\x2e\x35\x34\x36\x38\x38\x20\x34\x2e\x30\x33\x31\x32\x20\x31\x2e\
\x36\x34\x30\x36\x20\x30\x2e\x39\x31\x34\x30\x36\x20\x31\x2e\x30\
\x38\x35\x39\x20\x31\x2e\x33\x37\x35\x20\x32\x2e\x36\x35\x36\x32\
\x20\x31\x2e\x33\x37\x35\x20\x34\x2e\x37\x31\x38\x38\x7a\x22\x2f\
\x3e\x0a\x20\x20\x3c\x2f\x73\x79\x6d\x62\x6f\x6c\x3e\x0a\x20\x20\
\x3c\x73\x79\x6d\x62\x6f\x6c\x20\x69\x64\x3d\x22\x6f\x22\x20\x6f\
\x76\x65\x72\x66\x6c\x6f\x77\x3d\x22\x76\x69\x73\x69\x62\x6c\x65\
\x22\x3e\x0a\x20\x20\x20\x3c\x70\x61\x74\x68\x20\x64\x3d\x22\x6d\
\x32\x2e\x35\x37\x38\x31\x2d\x32\x30\x2e\x34\x30\x36\x68\x35\x2e\
\x38\x37\x35\x6c\x37\x2e\x34\x32\x31\x39\x20\x31\x34\x76\x2d\x31\
\x34\x68\x34\x2e\x39\x38\x34\x34\x76\x32\x30\x2e\x34\x30\x36\x68\
\x2d\x35\x2e\x38\x37\x35\x6c\x2d\x37\x2e\x34\x32\x31\x39\x2d\x31\
\x34\x76\x31\x34\x68\x2d\x34\x2e\x39\x38\x34\x34\x7a\x22\x2f\x3e\
\x0a\x20\x20\x3c\x2f\x73\x79\x6d\x62\x6f\x6c\x3e\x0a\x20\x20\x3c\
\x73\x79\x6d\x62\x6f\x6c\x20\x69\x64\x3d\x22\x6e\x22\x20\x6f\x76\
\x65\x72\x66\x6c\x6f\x77\x3d\x22\x76\x69\x73\x69\x62\x6c\x65\x22\
\x3e\x0a\x20\x20\x20\x3c\x70\x61\x74\x68\x20\x64\x3d\x22\x6d\x32\
\x2e\x31\x38\x37\x35\x2d\x35\x2e\x39\x36\x38\x38\x76\x2d\x39\x2e\
\x33\x34\x33\x38\x68\x34\x2e\x39\x32\x31\x39\x76\x31\x2e\x35\x33\
\x31\x32\x63\x30\x20\x30\x2e\x38\x33\x35\x39\x34\x2d\x30\x2e\x30\
\x30\x37\x38\x31\x33\x20\x31\x2e\x38\x37\x35\x2d\x30\x2e\x30\x31\
\x35\x36\x32\x35\x20\x33\x2e\x31\x32\x35\x2d\x30\x2e\x30\x31\x31\
\x37\x31\x39\x20\x31\x2e\x32\x35\x2d\x30\x2e\x30\x31\x35\x36\x32\
\x35\x20\x32\x2e\x30\x38\x35\x39\x2d\x30\x2e\x30\x31\x35\x36\x32\
\x35\x20\x32\x2e\x35\x20\x30\x20\x31\x2e\x32\x34\x32\x32\x20\x30\
\x2e\x30\x33\x31\x32\x35\x20\x32\x2e\x31\x33\x32\x38\x20\x30\x2e\
\x30\x39\x33\x37\x35\x20\x32\x2e\x36\x37\x31\x39\x20\x30\x2e\x30\
\x37\x30\x33\x31\x33\x20\x30\x2e\x35\x34\x32\x39\x37\x20\x30\x2e\
\x31\x37\x39\x36\x39\x20\x30\x2e\x39\x33\x33\x35\x39\x20\x30\x2e\
\x33\x32\x38\x31\x32\x20\x31\x2e\x31\x37\x31\x39\x20\x30\x2e\x32\
\x30\x37\x30\x33\x20\x30\x2e\x33\x32\x34\x32\x32\x20\x30\x2e\x34\
\x37\x32\x36\x36\x20\x30\x2e\x35\x37\x34\x32\x32\x20\x30\x2e\x37\
\x39\x36\x38\x38\x20\x30\x2e\x37\x35\x20\x30\x2e\x33\x32\x30\x33\
\x31\x20\x30\x2e\x31\x36\x37\x39\x37\x20\x30\x2e\x36\x39\x31\x34\
\x31\x20\x30\x2e\x32\x35\x20\x31\x2e\x31\x30\x39\x34\x20\x30\x2e\
\x32\x35\x20\x31\x2e\x30\x31\x39\x35\x20\x30\x20\x31\x2e\x38\x32\
\x30\x33\x2d\x30\x2e\x33\x39\x30\x36\x32\x20\x32\x2e\x34\x30\x36\
\x32\x2d\x31\x2e\x31\x37\x31\x39\x20\x30\x2e\x35\x38\x32\x30\x33\
\x2d\x30\x2e\x37\x38\x31\x32\x35\x20\x30\x2e\x38\x37\x35\x2d\x31\
\x2e\x38\x36\x37\x32\x20\x30\x2e\x38\x37\x35\x2d\x33\x2e\x32\x36\
\x35\x36\x76\x2d\x37\x2e\x35\x36\x32\x35\x68\x34\x2e\x38\x39\x30\
\x36\x76\x31\x35\x2e\x33\x31\x32\x68\x2d\x34\x2e\x38\x39\x30\x36\
\x76\x2d\x32\x2e\x32\x31\x38\x38\x63\x2d\x30\x2e\x37\x34\x32\x31\
\x39\x20\x30\x2e\x38\x39\x38\x34\x34\x2d\x31\x2e\x35\x32\x33\x34\
\x20\x31\x2e\x35\x35\x38\x36\x2d\x32\x2e\x33\x34\x33\x38\x20\x31\
\x2e\x39\x38\x34\x34\x2d\x30\x2e\x38\x32\x34\x32\x32\x20\x30\x2e\
\x34\x31\x34\x30\x36\x2d\x31\x2e\x37\x33\x34\x34\x20\x30\x2e\x36\
\x32\x35\x2d\x32\x2e\x37\x33\x34\x34\x20\x30\x2e\x36\x32\x35\x2d\
\x31\x2e\x37\x36\x31\x37\x20\x30\x2d\x33\x2e\x31\x30\x35\x35\x2d\
\x30\x2e\x35\x33\x39\x30\x36\x2d\x34\x2e\x30\x33\x31\x32\x2d\x31\
\x2e\x36\x32\x35\x2d\x30\x2e\x39\x32\x39\x36\x39\x2d\x31\x2e\x30\
\x38\x32\x2d\x31\x2e\x33\x39\x30\x36\x2d\x32\x2e\x36\x36\x30\x32\
\x2d\x31\x2e\x33\x39\x30\x36\x2d\x34\x2e\x37\x33\x34\x34\x7a\x22\
\x2f\x3e\x0a\x20\x20\x3c\x2f\x73\x79\x6d\x62\x6f\x6c\x3e\x0a\x20\
\x20\x3c\x73\x79\x6d\x62\x6f\x6c\x20\x69\x64\x3d\x22\x6d\x22\x20\
\x6f\x76\x65\x72\x66\x6c\x6f\x77\x3d\x22\x76\x69\x73\x69\x62\x6c\
\x65\x22\x3e\x0a\x20\x20\x20\x3c\x70\x61\x74\x68\x20\x64\x3d\x22\
\x6d\x32\x2e\x35\x37\x38\x31\x2d\x32\x30\x2e\x34\x30\x36\x68\x38\
\x2e\x37\x33\x34\x34\x63\x32\x2e\x35\x39\x33\x38\x20\x30\x20\x34\
\x2e\x35\x38\x32\x20\x30\x2e\x35\x37\x38\x31\x32\x20\x35\x2e\x39\
\x36\x38\x38\x20\x31\x2e\x37\x33\x34\x34\x20\x31\x2e\x33\x39\x34\
\x35\x20\x31\x2e\x31\x34\x38\x34\x20\x32\x2e\x30\x39\x33\x38\x20\
\x32\x2e\x37\x38\x39\x31\x20\x32\x2e\x30\x39\x33\x38\x20\x34\x2e\
\x39\x32\x31\x39\x20\x30\x20\x32\x2e\x31\x33\x36\x37\x2d\x30\x2e\
\x36\x39\x39\x32\x32\x20\x33\x2e\x37\x38\x31\x32\x2d\x32\x2e\x30\
\x39\x33\x38\x20\x34\x2e\x39\x33\x37\x35\x2d\x31\x2e\x33\x38\x36\
\x37\x20\x31\x2e\x31\x35\x36\x32\x2d\x33\x2e\x33\x37\x35\x20\x31\
\x2e\x37\x33\x34\x34\x2d\x35\x2e\x39\x36\x38\x38\x20\x31\x2e\x37\
\x33\x34\x34\x68\x2d\x33\x2e\x34\x38\x34\x34\x76\x37\x2e\x30\x37\
\x38\x31\x68\x2d\x35\x2e\x32\x35\x7a\x6d\x35\x2e\x32\x35\x20\x33\
\x2e\x38\x31\x32\x35\x76\x35\x2e\x37\x30\x33\x31\x68\x32\x2e\x39\
\x32\x31\x39\x63\x31\x2e\x30\x31\x39\x35\x20\x30\x20\x31\x2e\x38\
\x30\x34\x37\x2d\x30\x2e\x32\x35\x20\x32\x2e\x33\x35\x39\x34\x2d\
\x30\x2e\x37\x35\x20\x30\x2e\x35\x36\x32\x35\x2d\x30\x2e\x35\x20\
\x30\x2e\x38\x34\x33\x37\x35\x2d\x31\x2e\x32\x30\x33\x31\x20\x30\
\x2e\x38\x34\x33\x37\x35\x2d\x32\x2e\x31\x30\x39\x34\x20\x30\x2d\
\x30\x2e\x39\x31\x34\x30\x36\x2d\x30\x2e\x32\x38\x31\x32\x35\x2d\
\x31\x2e\x36\x31\x37\x32\x2d\x30\x2e\x38\x34\x33\x37\x35\x2d\x32\
\x2e\x31\x30\x39\x34\x2d\x30\x2e\x35\x35\x34\x36\x39\x2d\x30\x2e\
\x34\x38\x38\x32\x38\x2d\x31\x2e\x33\x33\x39\x38\x2d\x30\x2e\x37\
\x33\x34\x33\x38\x2d\x32\x2e\x33\x35\x39\x34\x2d\x30\x2e\x37\x33\
\x34\x33\x38\x7a\x22\x2f\x3e\x0a\x20\x20\x3c\x2f\x73\x79\x6d\x62\
\x6f\x6c\x3e\x0a\x20\x20\x3c\x73\x79\x6d\x62\x6f\x6c\x20\x69\x64\
\x3d\x22\x6c\x22\x20\x6f\x76\x65\x72\x66\x6c\x6f\x77\x3d\x22\x76\
\x69\x73\x69\x62\x6c\x65\x22\x3e\x0a\x20\x20\x20\x3c\x70\x61\x74\
\x68\x20\x64\x3d\x22\x6d\x32\x2e\x33\x35\x39\x34\x2d\x31\x35\x2e\
\x33\x31\x32\x68\x34\x2e\x38\x39\x30\x36\x76\x31\x35\x2e\x30\x33\
\x31\x63\x30\x20\x32\x2e\x30\x35\x30\x38\x2d\x30\x2e\x34\x39\x36\
\x30\x39\x20\x33\x2e\x36\x31\x37\x32\x2d\x31\x2e\x34\x38\x34\x34\
\x20\x34\x2e\x37\x30\x33\x31\x2d\x30\x2e\x39\x38\x30\x34\x37\x20\
\x31\x2e\x30\x38\x32\x2d\x32\x2e\x34\x30\x36\x32\x20\x31\x2e\x36\
\x32\x35\x2d\x34\x2e\x32\x38\x31\x32\x20\x31\x2e\x36\x32\x35\x68\
\x2d\x32\x2e\x34\x32\x31\x39\x76\x2d\x33\x2e\x32\x31\x38\x38\x68\
\x30\x2e\x38\x35\x39\x33\x38\x63\x30\x2e\x39\x32\x35\x37\x38\x20\
\x30\x20\x31\x2e\x35\x36\x32\x35\x2d\x30\x2e\x32\x31\x30\x39\x34\
\x20\x31\x2e\x39\x30\x36\x32\x2d\x30\x2e\x36\x32\x35\x20\x30\x2e\
\x33\x35\x31\x35\x36\x2d\x30\x2e\x34\x31\x37\x39\x37\x20\x30\x2e\
\x35\x33\x31\x32\x35\x2d\x31\x2e\x32\x34\x36\x31\x20\x30\x2e\x35\
\x33\x31\x32\x35\x2d\x32\x2e\x34\x38\x34\x34\x7a\x6d\x30\x2d\x35\
\x2e\x39\x36\x38\x38\x68\x34\x2e\x38\x39\x30\x36\x76\x34\x68\x2d\
\x34\x2e\x38\x39\x30\x36\x7a\x22\x2f\x3e\x0a\x20\x20\x3c\x2f\x73\
\x79\x6d\x62\x6f\x6c\x3e\x0a\x20\x20\x3c\x73\x79\x6d\x62\x6f\x6c\
\x20\x69\x64\x3d\x22\x6b\x22\x20\x6f\x76\x65\x72\x66\x6c\x6f\x77\
\x3d\x22\x76\x69\x73\x69\x62\x6c\x65\x22\x3e\x0a\x20\x20\x20\x3c\
\x70\x61\x74\x68\x20\x64\x3d\x22\x6d\x31\x34\x2e\x37\x31\x39\x2d\
\x31\x34\x2e\x38\x32\x38\x76\x33\x2e\x39\x38\x34\x34\x63\x2d\x30\
\x2e\x36\x35\x36\x32\x35\x2d\x30\x2e\x34\x35\x37\x30\x33\x2d\x31\
\x2e\x33\x32\x34\x32\x2d\x30\x2e\x37\x39\x36\x38\x38\x2d\x32\x2d\
\x31\x2e\x30\x31\x35\x36\x2d\x30\x2e\x36\x36\x37\x39\x37\x2d\x30\
\x2e\x32\x31\x38\x37\x35\x2d\x31\x2e\x33\x35\x39\x34\x2d\x30\x2e\
\x33\x32\x38\x31\x32\x2d\x32\x2e\x30\x37\x38\x31\x2d\x30\x2e\x33\
\x32\x38\x31\x32\x2d\x31\x2e\x33\x36\x37\x32\x20\x30\x2d\x32\x2e\
\x34\x33\x33\x36\x20\x30\x2e\x34\x30\x32\x33\x34\x2d\x33\x2e\x32\
\x30\x33\x31\x20\x31\x2e\x32\x30\x33\x31\x2d\x30\x2e\x37\x36\x31\
\x37\x32\x20\x30\x2e\x37\x39\x32\x39\x37\x2d\x31\x2e\x31\x34\x30\
\x36\x20\x31\x2e\x39\x30\x36\x32\x2d\x31\x2e\x31\x34\x30\x36\x20\
\x33\x2e\x33\x34\x33\x38\x20\x30\x20\x31\x2e\x34\x32\x39\x37\x20\
\x30\x2e\x33\x37\x38\x39\x31\x20\x32\x2e\x35\x34\x33\x20\x31\x2e\
\x31\x34\x30\x36\x20\x33\x2e\x33\x34\x33\x38\x20\x30\x2e\x37\x36\
\x39\x35\x33\x20\x30\x2e\x37\x39\x32\x39\x37\x20\x31\x2e\x38\x33\
\x35\x39\x20\x31\x2e\x31\x38\x37\x35\x20\x33\x2e\x32\x30\x33\x31\
\x20\x31\x2e\x31\x38\x37\x35\x20\x30\x2e\x37\x35\x37\x38\x31\x20\
\x30\x20\x31\x2e\x34\x38\x34\x34\x2d\x30\x2e\x31\x30\x39\x33\x38\
\x20\x32\x2e\x31\x37\x31\x39\x2d\x30\x2e\x33\x32\x38\x31\x32\x20\
\x30\x2e\x36\x38\x37\x35\x2d\x30\x2e\x32\x32\x36\x35\x36\x20\x31\
\x2e\x33\x32\x30\x33\x2d\x30\x2e\x35\x36\x36\x34\x31\x20\x31\x2e\
\x39\x30\x36\x32\x2d\x31\x2e\x30\x31\x35\x36\x76\x34\x63\x2d\x30\
\x2e\x37\x36\x31\x37\x32\x20\x30\x2e\x32\x38\x31\x32\x35\x2d\x31\
\x2e\x35\x33\x39\x31\x20\x30\x2e\x34\x38\x38\x32\x38\x2d\x32\x2e\
\x33\x32\x38\x31\x20\x30\x2e\x36\x32\x35\x2d\x30\x2e\x37\x38\x31\
\x32\x35\x20\x30\x2e\x31\x34\x34\x35\x33\x2d\x31\x2e\x35\x37\x34\
\x32\x20\x30\x2e\x32\x31\x38\x37\x35\x2d\x32\x2e\x33\x37\x35\x20\
\x30\x2e\x32\x31\x38\x37\x35\x2d\x32\x2e\x37\x36\x31\x37\x20\x30\
\x2d\x34\x2e\x39\x32\x31\x39\x2d\x30\x2e\x37\x30\x37\x30\x33\x2d\
\x36\x2e\x34\x38\x34\x34\x2d\x32\x2e\x31\x32\x35\x2d\x31\x2e\x35\
\x35\x34\x37\x2d\x31\x2e\x34\x31\x34\x31\x2d\x32\x2e\x33\x32\x38\
\x31\x2d\x33\x2e\x33\x38\x32\x38\x2d\x32\x2e\x33\x32\x38\x31\x2d\
\x35\x2e\x39\x30\x36\x32\x20\x30\x2d\x32\x2e\x35\x33\x31\x32\x20\
\x30\x2e\x37\x37\x33\x34\x34\x2d\x34\x2e\x35\x30\x33\x39\x20\x32\
\x2e\x33\x32\x38\x31\x2d\x35\x2e\x39\x32\x31\x39\x20\x31\x2e\x35\
\x36\x32\x35\x2d\x31\x2e\x34\x31\x34\x31\x20\x33\x2e\x37\x32\x32\
\x37\x2d\x32\x2e\x31\x32\x35\x20\x36\x2e\x34\x38\x34\x34\x2d\x32\
\x2e\x31\x32\x35\x20\x30\x2e\x38\x30\x30\x37\x38\x20\x30\x20\x31\
\x2e\x35\x39\x33\x38\x20\x30\x2e\x30\x37\x34\x32\x31\x39\x20\x32\
\x2e\x33\x37\x35\x20\x30\x2e\x32\x31\x38\x37\x35\x20\x30\x2e\x37\
\x38\x31\x32\x35\x20\x30\x2e\x31\x33\x36\x37\x32\x20\x31\x2e\x35\
\x35\x34\x37\x20\x30\x2e\x33\x35\x31\x35\x36\x20\x32\x2e\x33\x32\
\x38\x31\x20\x30\x2e\x36\x34\x30\x36\x32\x7a\x22\x2f\x3e\x0a\x20\
\x20\x3c\x2f\x73\x79\x6d\x62\x6f\x6c\x3e\x0a\x20\x3c\x2f\x64\x65\
\x66\x73\x3e\x0a\x20\x3c\x67\x3e\x0a\x20\x20\x3c\x70\x61\x74\x68\
\x20\x64\x3d\x22\x6d\x33\x35\x39\x2e\x39\x38\x20\x37\x32\x2e\x36\
\x32\x35\x63\x2d\x35\x2e\x37\x37\x33\x34\x20\x30\x2e\x36\x33\x32\
\x38\x31\x2d\x31\x30\x2e\x31\x30\x32\x20\x35\x2e\x35\x37\x30\x33\
\x2d\x39\x2e\x39\x37\x36\x36\x20\x31\x31\x2e\x33\x37\x35\x76\x32\
\x38\x68\x2d\x31\x31\x2e\x31\x39\x39\x63\x2d\x30\x2e\x33\x35\x31\
\x35\x36\x2d\x30\x2e\x30\x31\x35\x36\x32\x35\x2d\x30\x2e\x36\x39\
\x39\x32\x32\x2d\x30\x2e\x30\x31\x35\x36\x32\x35\x2d\x31\x2e\x30\
\x35\x30\x38\x20\x30\x2d\x33\x2e\x30\x34\x36\x39\x20\x30\x2e\x33\
\x30\x30\x37\x38\x2d\x35\x2e\x38\x33\x35\x39\x20\x31\x2e\x38\x33\
\x39\x38\x2d\x37\x2e\x37\x32\x32\x37\x20\x34\x2e\x32\x35\x33\x39\
\x2d\x31\x2e\x38\x38\x32\x38\x20\x32\x2e\x34\x31\x34\x31\x2d\x32\
\x2e\x36\x39\x39\x32\x20\x35\x2e\x34\x39\x32\x32\x2d\x32\x2e\x32\
\x35\x33\x39\x20\x38\x2e\x35\x31\x39\x35\x6c\x31\x31\x2e\x32\x30\
\x33\x20\x37\x32\x2e\x38\x30\x31\x63\x30\x2e\x37\x38\x31\x32\x35\
\x20\x35\x2e\x35\x20\x35\x2e\x34\x37\x32\x37\x20\x39\x2e\x35\x39\
\x33\x38\x20\x31\x31\x2e\x30\x32\x33\x20\x39\x2e\x36\x32\x35\x68\
\x32\x38\x76\x34\x34\x2e\x38\x30\x31\x68\x2d\x36\x31\x2e\x36\x30\
\x32\x63\x2d\x31\x37\x2e\x36\x38\x38\x20\x30\x2d\x33\x31\x2e\x39\
\x31\x34\x20\x31\x32\x2e\x30\x35\x35\x2d\x34\x36\x2e\x35\x34\x37\
\x20\x32\x35\x2e\x31\x39\x39\x2d\x31\x33\x2e\x37\x39\x37\x20\x31\
\x32\x2e\x33\x39\x35\x2d\x32\x36\x2e\x38\x34\x34\x20\x32\x36\x2e\
\x35\x33\x31\x2d\x33\x37\x2e\x34\x35\x33\x20\x33\x37\x2e\x32\x37\
\x37\x2d\x32\x31\x2e\x30\x31\x36\x20\x34\x2e\x39\x37\x32\x37\x2d\
\x35\x30\x2e\x30\x39\x38\x20\x38\x2e\x33\x33\x39\x38\x2d\x37\x35\
\x2e\x35\x39\x38\x20\x31\x35\x2e\x30\x34\x37\x2d\x31\x33\x2e\x32\
\x32\x33\x20\x33\x2e\x34\x38\x30\x35\x2d\x32\x35\x2e\x34\x32\x36\
\x20\x37\x2e\x38\x33\x39\x38\x2d\x33\x35\x2e\x33\x35\x32\x20\x31\
\x34\x2e\x37\x30\x33\x2d\x39\x2e\x39\x32\x35\x38\x20\x36\x2e\x38\
\x35\x39\x34\x2d\x31\x37\x2e\x38\x34\x38\x20\x31\x37\x2e\x38\x32\
\x38\x2d\x31\x37\x2e\x38\x34\x38\x20\x33\x30\x2e\x39\x37\x33\x76\
\x34\x34\x2e\x38\x30\x31\x63\x30\x20\x31\x32\x2e\x32\x31\x35\x20\
\x31\x30\x2e\x31\x38\x34\x20\x32\x32\x2e\x33\x39\x38\x20\x32\x32\
\x2e\x33\x39\x38\x20\x32\x32\x2e\x33\x39\x38\x68\x32\x33\x2e\x36\
\x32\x35\x63\x35\x2e\x32\x34\x36\x31\x20\x32\x35\x2e\x34\x35\x37\
\x20\x32\x37\x2e\x38\x32\x38\x20\x34\x34\x2e\x38\x30\x31\x20\x35\
\x34\x2e\x37\x37\x33\x20\x34\x34\x2e\x38\x30\x31\x20\x32\x36\x2e\
\x39\x34\x39\x20\x30\x20\x34\x39\x2e\x35\x33\x31\x2d\x31\x39\x2e\
\x33\x34\x34\x20\x35\x34\x2e\x37\x37\x37\x2d\x34\x34\x2e\x38\x30\
\x31\x68\x31\x38\x31\x2e\x36\x35\x63\x35\x2e\x32\x34\x36\x31\x20\
\x32\x35\x2e\x34\x35\x37\x20\x32\x37\x2e\x38\x32\x38\x20\x34\x34\
\x2e\x38\x30\x31\x20\x35\x34\x2e\x37\x37\x37\x20\x34\x34\x2e\x38\
\x30\x31\x20\x32\x36\x2e\x39\x34\x35\x20\x30\x20\x34\x39\x2e\x35\
\x32\x37\x2d\x31\x39\x2e\x33\x34\x34\x20\x35\x34\x2e\x37\x37\x33\
\x2d\x34\x34\x2e\x38\x30\x31\x68\x32\x33\x2e\x36\x32\x35\x63\x31\
\x32\x2e\x32\x31\x35\x20\x30\x20\x32\x32\x2e\x33\x39\x38\x2d\x31\
\x30\x2e\x31\x38\x34\x20\x32\x32\x2e\x33\x39\x38\x2d\x32\x32\x2e\
\x33\x39\x38\x76\x2d\x37\x38\x2e\x33\x39\x38\x63\x30\x2d\x31\x32\
\x2e\x32\x31\x39\x2d\x31\x30\x2e\x31\x38\x34\x2d\x32\x32\x2e\x34\
\x30\x32\x2d\x32\x32\x2e\x33\x39\x38\x2d\x32\x32\x2e\x34\x30\x32\
\x68\x2d\x32\x33\x2e\x31\x30\x32\x63\x2d\x31\x32\x2e\x37\x35\x38\
\x2d\x31\x35\x2e\x33\x31\x32\x2d\x32\x35\x2e\x34\x31\x2d\x33\x30\
\x2e\x37\x38\x31\x2d\x33\x38\x2e\x31\x34\x38\x2d\x34\x32\x2e\x38\
\x37\x35\x2d\x31\x33\x2e\x39\x34\x39\x2d\x31\x33\x2e\x32\x34\x32\
\x2d\x32\x37\x2e\x39\x39\x36\x2d\x32\x33\x2e\x38\x31\x36\x2d\x34\
\x34\x2e\x38\x30\x31\x2d\x32\x34\x2e\x33\x32\x34\x68\x2d\x30\x2e\
\x33\x34\x37\x36\x36\x2d\x36\x37\x2e\x32\x30\x33\x76\x2d\x34\x34\
\x2e\x38\x30\x31\x68\x32\x38\x63\x35\x2e\x35\x35\x34\x37\x2d\x30\
\x2e\x30\x33\x31\x32\x35\x20\x31\x30\x2e\x32\x34\x36\x2d\x34\x2e\
\x31\x32\x35\x20\x31\x31\x2e\x30\x32\x37\x2d\x39\x2e\x36\x32\x35\
\x6c\x31\x31\x2e\x31\x39\x39\x2d\x37\x32\x2e\x38\x30\x31\x63\x30\
\x2e\x34\x35\x33\x31\x32\x2d\x33\x2e\x31\x39\x39\x32\x2d\x30\x2e\
\x34\x39\x36\x30\x39\x2d\x36\x2e\x34\x34\x31\x34\x2d\x32\x2e\x36\
\x30\x39\x34\x2d\x38\x2e\x38\x39\x30\x36\x2d\x32\x2e\x31\x31\x33\
\x33\x2d\x32\x2e\x34\x34\x39\x32\x2d\x35\x2e\x31\x38\x33\x36\x2d\
\x33\x2e\x38\x36\x33\x33\x2d\x38\x2e\x34\x31\x34\x31\x2d\x33\x2e\
\x38\x38\x32\x38\x68\x2d\x31\x31\x2e\x32\x30\x33\x76\x2d\x32\x38\
\x63\x30\x2e\x30\x37\x30\x33\x31\x32\x2d\x33\x2e\x32\x32\x36\x36\
\x2d\x31\x2e\x32\x35\x33\x39\x2d\x36\x2e\x33\x32\x34\x32\x2d\x33\
\x2e\x36\x33\x32\x38\x2d\x38\x2e\x35\x30\x33\x39\x2d\x32\x2e\x33\
\x37\x38\x39\x2d\x32\x2e\x31\x37\x35\x38\x2d\x35\x2e\x35\x38\x32\
\x2d\x33\x2e\x32\x32\x32\x37\x2d\x38\x2e\x37\x38\x39\x31\x2d\x32\
\x2e\x38\x37\x31\x31\x2d\x35\x2e\x37\x37\x33\x34\x20\x30\x2e\x36\
\x33\x32\x38\x31\x2d\x31\x30\x2e\x31\x30\x32\x20\x35\x2e\x35\x37\
\x30\x33\x2d\x39\x2e\x39\x37\x36\x36\x20\x31\x31\x2e\x33\x37\x35\
\x76\x32\x38\x68\x2d\x33\x33\x2e\x36\x30\x32\x76\x2d\x32\x38\x63\
\x30\x2e\x30\x37\x30\x33\x31\x32\x2d\x33\x2e\x32\x32\x36\x36\x2d\
\x31\x2e\x32\x35\x33\x39\x2d\x36\x2e\x33\x32\x34\x32\x2d\x33\x2e\
\x36\x33\x32\x38\x2d\x38\x2e\x35\x30\x33\x39\x2d\x32\x2e\x33\x37\
\x38\x39\x2d\x32\x2e\x31\x37\x35\x38\x2d\x35\x2e\x35\x38\x32\x2d\
\x33\x2e\x32\x32\x32\x37\x2d\x38\x2e\x37\x38\x39\x31\x2d\x32\x2e\
\x38\x37\x31\x31\x7a\x6d\x2d\x38\x2e\x32\x32\x36\x36\x20\x36\x31\
\x2e\x37\x37\x33\x68\x37\x34\x2e\x38\x39\x38\x6c\x2d\x37\x2e\x38\
\x37\x35\x20\x35\x30\x2e\x34\x30\x32\x68\x2d\x35\x39\x2e\x31\x34\
\x38\x7a\x6d\x2d\x33\x35\x2e\x33\x35\x32\x20\x31\x34\x30\x68\x31\
\x35\x30\x2e\x38\x35\x63\x36\x2e\x35\x37\x34\x32\x20\x30\x2e\x31\
\x39\x39\x32\x32\x20\x31\x37\x2e\x36\x39\x31\x20\x36\x2e\x34\x32\
\x31\x39\x20\x33\x30\x2e\x31\x30\x32\x20\x31\x38\x2e\x32\x30\x33\
\x20\x31\x32\x2e\x34\x30\x36\x20\x31\x31\x2e\x37\x37\x37\x20\x32\
\x36\x2e\x30\x35\x39\x20\x32\x38\x2e\x31\x35\x32\x20\x34\x30\x2e\
\x30\x37\x34\x20\x34\x34\x2e\x39\x37\x33\x20\x32\x2e\x31\x32\x31\
\x31\x20\x32\x2e\x35\x34\x33\x20\x35\x2e\x32\x36\x31\x37\x20\x34\
\x2e\x30\x31\x39\x35\x20\x38\x2e\x35\x37\x34\x32\x20\x34\x2e\x30\
\x32\x37\x33\x68\x32\x38\x76\x37\x38\x2e\x33\x39\x38\x68\x2d\x32\
\x33\x2e\x36\x32\x35\x63\x2d\x35\x2e\x32\x34\x36\x31\x2d\x32\x35\
\x2e\x34\x35\x33\x2d\x32\x37\x2e\x38\x32\x38\x2d\x34\x34\x2e\x38\
\x30\x31\x2d\x35\x34\x2e\x37\x37\x33\x2d\x34\x34\x2e\x38\x30\x31\
\x2d\x32\x36\x2e\x39\x34\x39\x20\x30\x2d\x34\x39\x2e\x35\x33\x31\
\x20\x31\x39\x2e\x33\x34\x38\x2d\x35\x34\x2e\x37\x37\x37\x20\x34\
\x34\x2e\x38\x30\x31\x68\x2d\x31\x38\x31\x2e\x36\x35\x63\x2d\x35\
\x2e\x32\x34\x36\x31\x2d\x32\x35\x2e\x34\x35\x33\x2d\x32\x37\x2e\
\x38\x32\x38\x2d\x34\x34\x2e\x38\x30\x31\x2d\x35\x34\x2e\x37\x37\
\x37\x2d\x34\x34\x2e\x38\x30\x31\x2d\x32\x36\x2e\x39\x34\x35\x20\
\x30\x2d\x34\x39\x2e\x35\x32\x37\x20\x31\x39\x2e\x33\x34\x38\x2d\
\x35\x34\x2e\x37\x37\x33\x20\x34\x34\x2e\x38\x30\x31\x68\x2d\x32\
\x33\x2e\x36\x32\x35\x76\x2d\x34\x34\x2e\x38\x30\x31\x63\x30\x2d\
\x35\x2e\x31\x33\x36\x37\x20\x31\x2e\x38\x37\x35\x2d\x38\x2e\x33\
\x33\x32\x20\x38\x2e\x30\x35\x30\x38\x2d\x31\x32\x2e\x35\x39\x38\
\x20\x36\x2e\x31\x37\x31\x39\x2d\x34\x2e\x32\x36\x39\x35\x20\x31\
\x36\x2e\x33\x37\x31\x2d\x38\x2e\x32\x32\x36\x36\x20\x32\x38\x2e\
\x33\x34\x38\x2d\x31\x31\x2e\x33\x37\x35\x20\x32\x33\x2e\x39\x35\
\x37\x2d\x36\x2e\x33\x30\x34\x37\x20\x35\x34\x2e\x37\x31\x31\x2d\
\x39\x2e\x36\x35\x32\x33\x20\x37\x38\x2e\x34\x30\x32\x2d\x31\x35\
\x2e\x35\x37\x38\x20\x31\x2e\x39\x32\x35\x38\x2d\x30\x2e\x35\x31\
\x39\x35\x33\x20\x33\x2e\x36\x37\x39\x37\x2d\x31\x2e\x35\x34\x36\
\x39\x20\x35\x2e\x30\x37\x34\x32\x2d\x32\x2e\x39\x37\x32\x37\x20\
\x31\x31\x2e\x35\x32\x2d\x31\x31\x2e\x35\x32\x20\x32\x35\x2e\x34\
\x33\x34\x2d\x32\x36\x2e\x37\x39\x37\x20\x33\x38\x2e\x38\x35\x32\
\x2d\x33\x38\x2e\x38\x35\x32\x20\x31\x33\x2e\x34\x31\x38\x2d\x31\
\x32\x2e\x30\x35\x31\x20\x32\x37\x2e\x31\x37\x32\x2d\x31\x39\x2e\
\x34\x32\x36\x20\x33\x31\x2e\x36\x37\x32\x2d\x31\x39\x2e\x34\x32\
\x36\x7a\x6d\x31\x35\x2e\x37\x35\x20\x31\x36\x2e\x38\x30\x31\x63\
\x2d\x30\x2e\x33\x35\x31\x35\x36\x20\x30\x2e\x30\x34\x32\x39\x36\
\x39\x2d\x30\x2e\x37\x30\x33\x31\x33\x20\x30\x2e\x31\x30\x31\x35\
\x36\x2d\x31\x2e\x30\x34\x36\x39\x20\x30\x2e\x31\x37\x35\x37\x38\
\x2d\x33\x30\x2e\x33\x35\x39\x20\x35\x2e\x38\x36\x37\x32\x2d\x35\
\x31\x2e\x32\x31\x31\x20\x33\x31\x2e\x35\x37\x38\x2d\x36\x33\x2e\
\x31\x37\x36\x20\x34\x39\x2e\x35\x32\x33\x2d\x32\x2e\x33\x33\x35\
\x39\x20\x33\x2e\x34\x33\x33\x36\x2d\x32\x2e\x35\x37\x38\x31\x20\
\x37\x2e\x38\x37\x38\x39\x2d\x30\x2e\x36\x33\x36\x37\x32\x20\x31\
\x31\x2e\x35\x34\x37\x20\x31\x2e\x39\x34\x35\x33\x20\x33\x2e\x36\
\x36\x38\x20\x35\x2e\x37\x35\x37\x38\x20\x35\x2e\x39\x36\x30\x39\
\x20\x39\x2e\x39\x31\x30\x32\x20\x35\x2e\x39\x35\x33\x31\x68\x31\
\x30\x36\x2e\x34\x63\x36\x2e\x31\x38\x33\x36\x20\x30\x20\x31\x31\
\x2e\x31\x39\x39\x2d\x35\x2e\x30\x31\x31\x37\x20\x31\x31\x2e\x31\
\x39\x39\x2d\x31\x31\x2e\x31\x39\x39\x76\x2d\x34\x34\x2e\x38\x30\
\x31\x63\x30\x2d\x36\x2e\x31\x38\x33\x36\x2d\x35\x2e\x30\x31\x35\
\x36\x2d\x31\x31\x2e\x31\x39\x39\x2d\x31\x31\x2e\x31\x39\x39\x2d\
\x31\x31\x2e\x31\x39\x39\x68\x2d\x35\x30\x2e\x34\x30\x32\x63\x2d\
\x30\x2e\x33\x34\x37\x36\x36\x2d\x30\x2e\x30\x31\x35\x36\x32\x35\
\x2d\x30\x2e\x36\x39\x39\x32\x32\x2d\x30\x2e\x30\x31\x35\x36\x32\
\x35\x2d\x31\x2e\x30\x35\x30\x38\x20\x30\x7a\x6d\x38\x39\x2e\x36\
\x30\x32\x20\x30\x63\x2d\x35\x2e\x37\x37\x33\x34\x20\x30\x2e\x35\
\x34\x32\x39\x37\x2d\x31\x30\x2e\x31\x37\x36\x20\x35\x2e\x34\x30\
\x32\x33\x2d\x31\x30\x2e\x31\x34\x38\x20\x31\x31\x2e\x31\x39\x39\
\x76\x34\x34\x2e\x38\x30\x31\x63\x30\x20\x36\x2e\x31\x38\x37\x35\
\x20\x35\x2e\x30\x31\x31\x37\x20\x31\x31\x2e\x31\x39\x39\x20\x31\
\x31\x2e\x31\x39\x39\x20\x31\x31\x2e\x31\x39\x39\x68\x38\x34\x63\
\x34\x2e\x31\x35\x32\x33\x20\x30\x2e\x30\x30\x37\x38\x31\x32\x20\
\x37\x2e\x39\x36\x34\x38\x2d\x32\x2e\x32\x38\x35\x32\x20\x39\x2e\
\x39\x31\x30\x32\x2d\x35\x2e\x39\x35\x33\x31\x20\x31\x2e\x39\x34\
\x31\x34\x2d\x33\x2e\x36\x36\x38\x20\x31\x2e\x36\x39\x39\x32\x2d\
\x38\x2e\x31\x31\x33\x33\x2d\x30\x2e\x36\x33\x36\x37\x32\x2d\x31\
\x31\x2e\x35\x34\x37\x2d\x31\x31\x2e\x39\x36\x35\x2d\x31\x37\x2e\
\x39\x34\x35\x2d\x33\x32\x2e\x38\x31\x36\x2d\x34\x33\x2e\x36\x35\
\x36\x2d\x36\x33\x2e\x31\x37\x36\x2d\x34\x39\x2e\x35\x32\x33\x2d\
\x30\x2e\x36\x39\x31\x34\x31\x2d\x30\x2e\x31\x32\x35\x2d\x31\x2e\
\x33\x39\x34\x35\x2d\x30\x2e\x31\x38\x33\x35\x39\x2d\x32\x2e\x30\
\x39\x37\x37\x2d\x30\x2e\x31\x37\x35\x37\x38\x68\x2d\x32\x38\x63\
\x2d\x30\x2e\x33\x35\x31\x35\x36\x2d\x30\x2e\x30\x31\x35\x36\x32\
\x35\x2d\x30\x2e\x36\x39\x39\x32\x32\x2d\x30\x2e\x30\x31\x35\x36\
\x32\x35\x2d\x31\x2e\x30\x35\x30\x38\x20\x30\x7a\x6d\x2d\x38\x37\
\x2e\x33\x32\x34\x20\x32\x32\x2e\x34\x30\x32\x68\x33\x37\x2e\x39\
\x37\x33\x76\x32\x32\x2e\x33\x39\x38\x68\x2d\x37\x30\x2e\x38\x37\
\x35\x63\x39\x2e\x37\x36\x31\x37\x2d\x31\x30\x2e\x33\x35\x39\x20\
\x32\x30\x2e\x37\x30\x37\x2d\x31\x39\x2e\x37\x32\x33\x20\x33\x32\
\x2e\x39\x30\x32\x2d\x32\x32\x2e\x33\x39\x38\x7a\x6d\x39\x39\x2e\
\x35\x37\x34\x20\x30\x68\x31\x35\x2e\x35\x37\x34\x63\x31\x32\x2e\
\x31\x39\x35\x20\x32\x2e\x36\x37\x35\x38\x20\x32\x33\x2e\x31\x34\
\x31\x20\x31\x32\x2e\x30\x33\x39\x20\x33\x32\x2e\x39\x30\x32\x20\
\x32\x32\x2e\x33\x39\x38\x68\x2d\x34\x38\x2e\x34\x37\x37\x7a\x6d\
\x2d\x32\x32\x39\x2e\x36\x20\x38\x34\x63\x31\x38\x2e\x36\x39\x31\
\x20\x30\x20\x33\x33\x2e\x36\x30\x32\x20\x31\x34\x2e\x39\x31\x20\
\x33\x33\x2e\x36\x30\x32\x20\x33\x33\x2e\x35\x39\x38\x20\x30\x20\
\x31\x38\x2e\x36\x39\x31\x2d\x31\x34\x2e\x39\x31\x20\x33\x33\x2e\
\x36\x30\x32\x2d\x33\x33\x2e\x36\x30\x32\x20\x33\x33\x2e\x36\x30\
\x32\x2d\x31\x38\x2e\x36\x38\x38\x20\x30\x2d\x33\x33\x2e\x35\x39\
\x38\x2d\x31\x34\x2e\x39\x31\x2d\x33\x33\x2e\x35\x39\x38\x2d\x33\
\x33\x2e\x36\x30\x32\x20\x30\x2d\x31\x38\x2e\x36\x38\x38\x20\x31\
\x34\x2e\x39\x31\x2d\x33\x33\x2e\x35\x39\x38\x20\x33\x33\x2e\x35\
\x39\x38\x2d\x33\x33\x2e\x35\x39\x38\x7a\x6d\x32\x39\x31\x2e\x32\
\x20\x30\x63\x31\x38\x2e\x36\x38\x38\x20\x30\x20\x33\x33\x2e\x35\
\x39\x38\x20\x31\x34\x2e\x39\x31\x20\x33\x33\x2e\x35\x39\x38\x20\
\x33\x33\x2e\x35\x39\x38\x20\x30\x20\x31\x38\x2e\x36\x39\x31\x2d\
\x31\x34\x2e\x39\x31\x20\x33\x33\x2e\x36\x30\x32\x2d\x33\x33\x2e\
\x35\x39\x38\x20\x33\x33\x2e\x36\x30\x32\x2d\x31\x38\x2e\x36\x39\
\x31\x20\x30\x2d\x33\x33\x2e\x36\x30\x32\x2d\x31\x34\x2e\x39\x31\
\x2d\x33\x33\x2e\x36\x30\x32\x2d\x33\x33\x2e\x36\x30\x32\x20\x30\
\x2d\x31\x38\x2e\x36\x38\x38\x20\x31\x34\x2e\x39\x31\x2d\x33\x33\
\x2e\x35\x39\x38\x20\x33\x33\x2e\x36\x30\x32\x2d\x33\x33\x2e\x35\
\x39\x38\x7a\x22\x2f\x3e\x0a\x20\x20\x3c\x75\x73\x65\x20\x78\x3d\
\x22\x37\x30\x22\x20\x79\x3d\x22\x36\x34\x34\x22\x20\x78\x6c\x69\
\x6e\x6b\x3a\x68\x72\x65\x66\x3d\x22\x23\x74\x22\x2f\x3e\x0a\x20\
\x20\x3c\x75\x73\x65\x20\x78\x3d\x22\x39\x30\x2e\x35\x35\x30\x37\
\x38\x31\x22\x20\x79\x3d\x22\x36\x34\x34\x22\x20\x78\x6c\x69\x6e\
\x6b\x3a\x68\x72\x65\x66\x3d\x22\x23\x62\x22\x2f\x3e\x0a\x20\x20\
\x3c\x75\x73\x65\x20\x78\x3d\x22\x31\x30\x34\x2e\x33\x35\x39\x33\
\x37\x35\x22\x20\x79\x3d\x22\x36\x34\x34\x22\x20\x78\x6c\x69\x6e\
\x6b\x3a\x68\x72\x65\x66\x3d\x22\x23\x61\x22\x2f\x3e\x0a\x20\x20\
\x3c\x75\x73\x65\x20\x78\x3d\x22\x31\x32\x33\x2e\x33\x34\x37\x36\
\x35\x36\x22\x20\x79\x3d\x22\x36\x34\x34\x22\x20\x78\x6c\x69\x6e\
\x6b\x3a\x68\x72\x65\x66\x3d\x22\x23\x65\x22\x2f\x3e\x0a\x20\x20\
\x3c\x75\x73\x65\x20\x78\x3d\x22\x31\x34\x32\x2e\x32\x34\x32\x31\
\x38\x38\x22\x20\x79\x3d\x22\x36\x34\x34\x22\x20\x78\x6c\x69\x6e\
\x6b\x3a\x68\x72\x65\x66\x3d\x22\x23\x63\x22\x2f\x3e\x0a\x20\x20\
\x3c\x75\x73\x65\x20\x78\x3d\x22\x31\x35\x35\x2e\x36\x32\x38\x39\
\x30\x36\x22\x20\x79\x3d\x22\x36\x34\x34\x22\x20\x78\x6c\x69\x6e\
\x6b\x3a\x68\x72\x65\x66\x3d\x22\x23\x61\x22\x2f\x3e\x0a\x20\x20\
\x3c\x75\x73\x65\x20\x78\x3d\x22\x31\x37\x34\x2e\x36\x31\x37\x31\
\x38\x38\x22\x20\x79\x3d\x22\x36\x34\x34\x22\x20\x78\x6c\x69\x6e\
\x6b\x3a\x68\x72\x65\x66\x3d\x22\x23\x6a\x22\x2f\x3e\x0a\x20\x20\
\x3c\x75\x73\x65\x20\x78\x3d\x22\x32\x30\x34\x2e\x34\x31\x30\x31\
\x35\x36\x22\x20\x79\x3d\x22\x36\x34\x34\x22\x20\x78\x6c\x69\x6e\
\x6b\x3a\x68\x72\x65\x66\x3d\x22\x23\x66\x22\x2f\x3e\x0a\x20\x20\
\x3c\x75\x73\x65\x20\x78\x3d\x22\x32\x32\x34\x2e\x34\x35\x33\x31\
\x32\x35\x22\x20\x79\x3d\x22\x36\x34\x34\x22\x20\x78\x6c\x69\x6e\
\x6b\x3a\x68\x72\x65\x66\x3d\x22\x23\x69\x22\x2f\x3e\x0a\x20\x20\
\x3c\x75\x73\x65\x20\x78\x3d\x22\x32\x35\x32\x2e\x34\x35\x33\x31\
\x32\x35\x22\x20\x79\x3d\x22\x36\x34\x34\x22\x20\x78\x6c\x69\x6e\
\x6b\x3a\x68\x72\x65\x66\x3d\x22\x23\x65\x22\x2f\x3e\x0a\x20\x20\
\x3c\x75\x73\x65\x20\x78\x3d\x22\x32\x37\x31\x2e\x33\x34\x33\x37\
\x35\x22\x20\x79\x3d\x22\x36\x34\x34\x22\x20\x78\x6c\x69\x6e\x6b\
\x3a\x68\x72\x65\x66\x3d\x22\x23\x62\x22\x2f\x3e\x0a\x20\x20\x3c\
\x75\x73\x65\x20\x78\x3d\x22\x32\x38\x35\x2e\x31\x35\x36\x32\x35\
\x22\x20\x79\x3d\x22\x36\x34\x34\x22\x20\x78\x6c\x69\x6e\x6b\x3a\
\x68\x72\x65\x66\x3d\x22\x23\x63\x22\x2f\x3e\x0a\x20\x20\x3c\x75\
\x73\x65\x20\x78\x3d\x22\x32\x39\x38\x2e\x35\x33\x39\x30\x36\x32\
\x22\x20\x79\x3d\x22\x36\x34\x34\x22\x20\x78\x6c\x69\x6e\x6b\x3a\
\x68\x72\x65\x66\x3d\x22\x23\x68\x22\x2f\x3e\x0a\x20\x20\x3c\x75\
\x73\x65\x20\x78\x3d\x22\x33\x32\x34\x2e\x34\x30\x36\x32\x35\x22\
\x20\x79\x3d\x22\x36\x34\x34\x22\x20\x78\x6c\x69\x6e\x6b\x3a\x68\
\x72\x65\x66\x3d\x22\x23\x64\x22\x2f\x3e\x0a\x20\x20\x3c\x75\x73\
\x65\x20\x78\x3d\x22\x33\x34\x33\x2e\x36\x34\x30\x36\x32\x35\x22\
\x20\x79\x3d\x22\x36\x34\x34\x22\x20\x78\x6c\x69\x6e\x6b\x3a\x68\
\x72\x65\x66\x3d\x22\x23\x62\x22\x2f\x3e\x0a\x20\x20\x3c\x75\x73\
\x65\x20\x78\x3d\x22\x33\x35\x37\x2e\x34\x35\x33\x31\x32\x35\x22\
\x20\x79\x3d\x22\x36\x34\x34\x22\x20\x78\x6c\x69\x6e\x6b\x3a\x68\
\x72\x65\x66\x3d\x22\x23\x73\x22\x2f\x3e\x0a\x20\x20\x3c\x75\x73\
\x65\x20\x78\x3d\x22\x33\x37\x36\x2e\x30\x37\x30\x33\x31\x32\x22\
\x20\x79\x3d\x22\x36\x34\x34\x22\x20\x78\x6c\x69\x6e\x6b\x3a\x68\
\x72\x65\x66\x3d\x22\x23\x66\x22\x2f\x3e\x0a\x20\x20\x3c\x75\x73\
\x65\x20\x78\x3d\x22\x33\x39\x36\x2e\x31\x31\x37\x31\x38\x38\x22\
\x20\x79\x3d\x22\x36\x34\x34\x22\x20\x78\x6c\x69\x6e\x6b\x3a\x68\
\x72\x65\x66\x3d\x22\x23\x61\x22\x2f\x3e\x0a\x20\x20\x3c\x75\x73\
\x65\x20\x78\x3d\x22\x34\x31\x35\x2e\x31\x30\x35\x34\x36\x39\x22\
\x20\x79\x3d\x22\x36\x34\x34\x22\x20\x78\x6c\x69\x6e\x6b\x3a\x68\
\x72\x65\x66\x3d\x22\x23\x65\x22\x2f\x3e\x0a\x20\x20\x3c\x75\x73\
\x65\x20\x78\x3d\x22\x34\x33\x34\x22\x20\x79\x3d\x22\x36\x34\x34\
\x22\x20\x78\x6c\x69\x6e\x6b\x3a\x68\x72\x65\x66\x3d\x22\x23\x67\
\x22\x2f\x3e\x0a\x20\x20\x3c\x75\x73\x65\x20\x78\x3d\x22\x37\x30\
\x22\x20\x79\x3d\x22\x36\x37\x32\x22\x20\x78\x6c\x69\x6e\x6b\x3a\
\x68\x72\x65\x66\x3d\x22\x23\x72\x22\x2f\x3e\x0a\x20\x20\x3c\x75\
\x73\x65\x20\x78\x3d\x22\x38\x32\x2e\x31\x38\x33\x35\x39\x34\x22\
\x20\x79\x3d\x22\x36\x37\x32\x22\x20\x78\x6c\x69\x6e\x6b\x3a\x68\
\x72\x65\x66\x3d\x22\x23\x62\x22\x2f\x3e\x0a\x20\x20\x3c\x75\x73\
\x65\x20\x78\x3d\x22\x39\x35\x2e\x39\x39\x32\x31\x38\x38\x22\x20\
\x79\x3d\x22\x36\x37\x32\x22\x20\x78\x6c\x69\x6e\x6b\x3a\x68\x72\
\x65\x66\x3d\x22\x23\x64\x22\x2f\x3e\x0a\x20\x20\x3c\x75\x73\x65\
\x20\x78\x3d\x22\x31\x31\x35\x2e\x32\x32\x36\x35\x36\x32\x22\x20\
\x79\x3d\x22\x36\x37\x32\x22\x20\x78\x6c\x69\x6e\x6b\x3a\x68\x72\
\x65\x66\x3d\x22\x23\x71\x22\x2f\x3e\x0a\x20\x20\x3c\x75\x73\x65\
\x20\x78\x3d\x22\x31\x35\x34\x2e\x31\x35\x32\x33\x34\x34\x22\x20\
\x79\x3d\x22\x36\x37\x32\x22\x20\x78\x6c\x69\x6e\x6b\x3a\x68\x72\
\x65\x66\x3d\x22\x23\x63\x22\x2f\x3e\x0a\x20\x20\x3c\x75\x73\x65\
\x20\x78\x3d\x22\x31\x36\x37\x2e\x35\x33\x35\x31\x35\x36\x22\x20\
\x79\x3d\x22\x36\x37\x32\x22\x20\x78\x6c\x69\x6e\x6b\x3a\x68\x72\
\x65\x66\x3d\x22\x23\x70\x22\x2f\x3e\x0a\x20\x20\x3c\x75\x73\x65\
\x20\x78\x3d\x22\x31\x38\x37\x2e\x34\x36\x38\x37\x35\x22\x20\x79\
\x3d\x22\x36\x37\x32\x22\x20\x78\x6c\x69\x6e\x6b\x3a\x68\x72\x65\
\x66\x3d\x22\x23\x61\x22\x2f\x3e\x0a\x20\x20\x3c\x75\x73\x65\x20\
\x78\x3d\x22\x32\x31\x36\x2e\x32\x30\x37\x30\x33\x31\x22\x20\x79\
\x3d\x22\x36\x37\x32\x22\x20\x78\x6c\x69\x6e\x6b\x3a\x68\x72\x65\
\x66\x3d\x22\x23\x6f\x22\x2f\x3e\x0a\x20\x20\x3c\x75\x73\x65\x20\
\x78\x3d\x22\x32\x33\x39\x2e\x36\x34\x30\x36\x32\x35\x22\x20\x79\
\x3d\x22\x36\x37\x32\x22\x20\x78\x6c\x69\x6e\x6b\x3a\x68\x72\x65\
\x66\x3d\x22\x23\x64\x22\x2f\x3e\x0a\x20\x20\x3c\x75\x73\x65\x20\
\x78\x3d\x22\x32\x35\x38\x2e\x38\x37\x38\x39\x30\x36\x22\x20\x79\
\x3d\x22\x36\x37\x32\x22\x20\x78\x6c\x69\x6e\x6b\x3a\x68\x72\x65\
\x66\x3d\x22\x23\x6e\x22\x2f\x3e\x0a\x20\x20\x3c\x75\x73\x65\x20\
\x78\x3d\x22\x32\x37\x38\x2e\x38\x31\x32\x35\x22\x20\x79\x3d\x22\
\x36\x37\x32\x22\x20\x78\x6c\x69\x6e\x6b\x3a\x68\x72\x65\x66\x3d\
\x22\x23\x67\x22\x2f\x3e\x0a\x20\x20\x3c\x75\x73\x65\x20\x78\x3d\
\x22\x33\x30\x38\x2e\x34\x39\x32\x31\x38\x38\x22\x20\x79\x3d\x22\
\x36\x37\x32\x22\x20\x78\x6c\x69\x6e\x6b\x3a\x68\x72\x65\x66\x3d\
\x22\x23\x6d\x22\x2f\x3e\x0a\x20\x20\x3c\x75\x73\x65\x20\x78\x3d\
\x22\x33\x32\x39\x2e\x30\x31\x35\x36\x32\x35\x22\x20\x79\x3d\x22\
\x36\x37\x32\x22\x20\x78\x6c\x69\x6e\x6b\x3a\x68\x72\x65\x66\x3d\
\x22\x23\x62\x22\x2f\x3e\x0a\x20\x20\x3c\x75\x73\x65\x20\x78\x3d\
\x22\x33\x34\x32\x2e\x38\x32\x30\x33\x31\x32\x22\x20\x79\x3d\x22\
\x36\x37\x32\x22\x20\x78\x6c\x69\x6e\x6b\x3a\x68\x72\x65\x66\x3d\
\x22\x23\x64\x22\x2f\x3e\x0a\x20\x20\x3c\x75\x73\x65\x20\x78\x3d\
\x22\x33\x36\x32\x2e\x30\x35\x38\x35\x39\x34\x22\x20\x79\x3d\x22\
\x36\x37\x32\x22\x20\x78\x6c\x69\x6e\x6b\x3a\x68\x72\x65\x66\x3d\
\x22\x23\x6c\x22\x2f\x3e\x0a\x20\x20\x3c\x75\x73\x65\x20\x78\x3d\
\x22\x33\x37\x31\x2e\x36\x35\x36\x32\x35\x22\x20\x79\x3d\x22\x36\
\x37\x32\x22\x20\x78\x6c\x69\x6e\x6b\x3a\x68\x72\x65\x66\x3d\x22\
\x23\x61\x22\x2f\x3e\x0a\x20\x20\x3c\x75\x73\x65\x20\x78\x3d\x22\
\x33\x39\x30\x2e\x36\x34\x38\x34\x33\x38\x22\x20\x79\x3d\x22\x36\
\x37\x32\x22\x20\x78\x6c\x69\x6e\x6b\x3a\x68\x72\x65\x66\x3d\x22\
\x23\x6b\x22\x2f\x3e\x0a\x20\x20\x3c\x75\x73\x65\x20\x78\x3d\x22\
\x34\x30\x37\x2e\x32\x34\x32\x31\x38\x38\x22\x20\x79\x3d\x22\x36\
\x37\x32\x22\x20\x78\x6c\x69\x6e\x6b\x3a\x68\x72\x65\x66\x3d\x22\
\x23\x63\x22\x2f\x3e\x0a\x20\x3c\x2f\x67\x3e\x0a\x3c\x2f\x73\x76\
\x67\x3e\x0a\
\x00\x00\x01\x75\
\x3c\
\x73\x76\x67\x20\x78\x6d\x6c\x6e\x73\x3d\x22\x68\x74\x74\x70\x3a\
\x2f\x2f\x77\x77\x77\x2e\x77\x33\x2e\x6f\x72\x67\x2f\x32\x30\x30\
\x30\x2f\x73\x76\x67\x22\x20\x77\x69\x64\x74\x68\x3d\x22\x38\x30\
\x22\x20\x68\x65\x69\x67\x68\x74\x3d\x22\x38\x30\x22\x20\x76\x69\
\x65\x77\x42\x6f\x78\x3d\x22\x30\x20\x30\x20\x32\x34\x20\x32\x34\
\x22\x20\x66\x69\x6c\x6c\x3d\x22\x6e\x6f\x6e\x65\x22\x20\x73\x74\
\x72\x6f\x6b\x65\x3d\x22\x63\x75\x72\x72\x65\x6e\x74\x43\x6f\x6c\
\x6f\x72\x22\x20\x73\x74\x72\x6f\x6b\x65\x2d\x77\x69\x64\x74\x68\
\x3d\x22\x31\x2e\x35\x22\x20\x73\x74\x72\x6f\x6b\x65\x2d\x6c\x69\
\x6e\x65\x63\x61\x70\x3d\x22\x72\x6f\x75\x6e\x64\x22\x20\x73\x74\
\x72\x6f\x6b\x65\x2d\x6c\x69\x6e\x65\x6a\x6f\x69\x6e\x3d\x22\x72\
\x6f\x75\x6e\x64\x22\x20\x63\x6c\x61\x73\x73\x3d\x22\x66\x65\x61\
\x74\x68\x65\x72\x20\x66\x65\x61\x74\x68\x65\x72\x2d\x6c\x69\x6e\
\x6b\x22\x3e\x3c\x70\x61\x74\x68\x20\x64\x3d\x22\x4d\x31\x30\x20\
\x31\x33\x61\x35\x20\x35\x20\x30\x20\x30\x20\x30\x20\x37\x2e\x35\
\x34\x2e\x35\x34\x6c\x33\x2d\x33\x61\x35\x20\x35\x20\x30\x20\x30\
\x20\x30\x2d\x37\x2e\x30\x37\x2d\x37\x2e\x30\x37\x6c\x2d\x31\x2e\
\x37\x32\x20\x31\x2e\x37\x31\x22\x3e\x3c\x2f\x70\x61\x74\x68\x3e\
\x3c\x70\x61\x74\x68\x20\x64\x3d\x22\x4d\x31\x34\x20\x31\x31\x61\
\x35\x20\x35\x20\x30\x20\x30\x20\x30\x2d\x37\x2e\x35\x34\x2d\x2e\
\x35\x34\x6c\x2d\x33\x20\x33\x61\x35\x20\x35\x20\x30\x20\x30\x20\
\x30\x20\x37\x2e\x30\x37\x20\x37\x2e\x30\x37\x6c\x31\x2e\x37\x31\
\x2d\x31\x2e\x37\x31\x22\x3e\x3c\x2f\x70\x61\x74\x68\x3e\x3c\x2f\
\x73\x76\x67\x3e\
\x00\x00\x01\x32\
\x3c\
\x73\x76\x67\x20\x78\x6d\x6c\x6e\x73\x3d\x22\x68\x74\x74\x70\x3a\
\x2f\x2f\x77\x77\x77\x2e\x77\x33\x2e\x6f\x72\x67\x2f\x32\x30\x30\
\x30\x2f\x73\x76\x67\x22\x20\x77\x69\x64\x74\x68\x3d\x22\x38\x30\
\x22\x20\x68\x65\x69\x67\x68\x74\x3d\x22\x38\x30\x22\x20\x76\x69\
\x65\x77\x42\x6f\x78\x3d\x22\x30\x20\x30\x20\x32\x34\x20\x32\x34\
\x22\x20\x66\x69\x6c\x6c\x3d\x22\x6e\x6f\x6e\x65\x22\x20\x73\x74\
\x72\x6f\x6b\x65\x3d\x22\x63\x75\x72\x72\x65\x6e\x74\x43\x6f\x6c\
\x6f\x72\x22\x20\x73\x74\x72\x6f\x6b\x65\x2d\x77\x69\x64\x74\x68\
\x3d\x22\x31\x2e\x35\x22\x20\x73\x74\x72\x6f\x6b\x65\x2d\x6c\x69\
\x6e\x65\x63\x61\x70\x3d\x22\x72\x6f\x75\x6e\x64\x22\x20\x73\x74\
\x72\x6f\x6b\x65\x2d\x6c\x69\x6e\x65\x6a\x6f\x69\x6e\x3d\x22\x72\
\x6f\x75\x6e\x64\x22\x20\x63\x6c\x61\x73\x73\x3d\x22\x66\x65\x61\
\x74\x68\x65\x72\x20\x66\x65\x61\x74\x68\x65\x72\x2d\x70\x6c\x75\
\x73\x22\x3e\x3c\x6c\x69\x6e\x65\x20\x78\x31\x3d\x22\x31\x32\x22\
\x20\x79\x31\x3d\x22\x35\x22\x20\x78\x32\x3d\x22\x31\x32\x22\x20\
\x79\x32\x3d\x22\x31\x39\x22\x3e\x3c\x2f\x6c\x69\x6e\x65\x3e\x3c\
\x6c\x69\x6e\x65\x20\x78\x31\x3d\x22\x35\x22\x20\x79\x31\x3d\x22\
\x31\x32\x22\x20\x78\x32\x3d\x22\x31\x39\x22\x20\x79\x32\x3d\x22\
\x31\x32\x22\x3e\x3c\x2f\x6c\x69\x6e\x65\x3e\x3c\x2f\x73\x76\x67\
\x3e\
\x00\x00\x01\x3a\
\x3c\
\x73\x76\x67\x20\x78\x6d\x6c\x6e\x73\x3d\x22\x68\x74\x74\x70\x3a\
\x2f\x2f\x77\x77\x77\x2e\x77\x33\x2e\x6f\x72\x67\x2f\x32\x30\x30\
\x30\x2f\x73\x76\x67\x22\x20\x77\x69\x64\x74\x68\x3d\x22\x38\x30\
\x22\x20\x68\x65\x69\x67\x68\x74\x3d\x22\x38\x30\x22\x20\x76\x69\
\x65\x77\x42\x6f\x78\x3d\x22\x30\x20\x30\x20\x32\x34\x20\x32\x34\
\x22\x20\x66\x69\x6c\x6c\x3d\x22\x6e\x6f\x6e\x65\x22\x20\x73\x74\
\x72\x6f\x6b\x65\x3d\x22\x63\x75\x72\x72\x65\x6e\x74\x43\x6f\x6c\
\x6f\x72\x22\x20\x73\x74\x72\x6f\x6b\x65\x2d\x77\x69\x64\x74\x68\
\x3d\x22\x31\x2e\x35\x22\x20\x73\x74\x72\x6f\x6b\x65\x2d\x6c\x69\
\x6e\x65\x63\x61\x70\x3d\x22\x72\x6f\x75\x6e\x64\x22\x20\x73\x74\
\x72\x6f\x6b\x65\x2d\x6c\x69\x6e\x65\x6a\x6f\x69\x6e\x3d\x22\x72\
\x6f\x75\x6e\x64\x22\x20\x63\x6c\x61\x73\x73\x3d\x22\x66\x65\x61\
\x74\x68\x65\x72\x20\x66\x65\x61\x74\x68\x65\x72\x2d\x63\x6f\x72\
\x6e\x65\x72\x2d\x75\x70\x2d\x6c\x65\x66\x74\x22\x3e\x3c\x70\x6f\
\x6c\x79\x6c\x69\x6e\x65\x20\x70\x6f\x69\x6e\x74\x73\x3d\x22\x39\
\x20\x31\x34\x20\x34\x20\x39\x20\x39\x20\x34\x22\x3e\x3c\x2f\x70\
\x6f\x6c\x79\x6c\x69\x6e\x65\x3e\x3c\x70\x61\x74\x68\x20\x64\x3d\
\x22\x4d\x32\x30\x20\x32\x30\x76\x2d\x37\x61\x34\x20\x34\x20\x30\
\x20\x30\x20\x30\x2d\x34\x2d\x34\x48\x34\x22\x3e\x3c\x2f\x70\x61\
\x74\x68\x3e\x3c\x2f\x73\x76\x67\x3e\
\x00\x00\x01\x45\
\x3c\
\x73\x76\x67\x20\x78\x6d\x6c\x6e\x73\x3d\x22\x68\x74\x74\x70\x3a\
\x2f\x2f\x77\x77\x77\x2e\x77\x33\x2e\x6f\x72\x67\x2f\x32\x30\x30\
\x30\x2f\x73\x76\x67\x22\x20\x77\x69\x64\x74\x68\x3d\x22\x38\x30\
\x22\x20\x68\x65\x69\x67\x68\x74\x3d\x22\x38\x30\x22\x20\x76\x69\
\x65\x77\x42\x6f\x78\x3d\x22\x30\x20\x30\x20\x32\x34\x20\x32\x34\
\x22\x20\x66\x69\x6c\x6c\x3d\x22\x6e\x6f\x6e\x65\x22\x20\x73\x74\
\x72\x6f\x6b\x65\x3d\x22\x63\x75\x72\x72\x65\x6e\x74\x43\x6f\x6c\
\x6f\x72\x22\x20\x73\x74\x72\x6f\x6b\x65\x2d\x77\x69\x64\x74\x68\
\x3d\x22\x31\x2e\x35\x22\x20\x73\x74\x72\x6f\x6b\x65\x2d\x6c\x69\
\x6e\x65\x63\x61\x70\x3d\x22\x72\x6f\x75\x6e\x64\x22\x20\x73\x74\
\x72\x6f\x6b\x65\x2d\x6c\x69\x6e\x65\x6a\x6f\x69\x6e\x3d\x22\x72\
\x6f\x75\x6e\x64\x22\x20\x63\x6c\x61\x73\x73\x3d\x22\x66\x65\x61\
\x74\x68\x65\x72\x20\x66\x65\x61\x74\x68\x65\x72\x2d\x74\x6f\x67\
\x67\x6c\x65\x2d\x6c\x65\x66\x74\x22\x3e\x3c\x72\x65\x63\x74\x20\
\x78\x3d\x22\x31\x22\x20\x79\x3d\x22\x35\x22\x20\x77\x69\x64\x74\
\x68\x3d\x22\x32\x32\x22\x20\x68\x65\x69\x67\x68\x74\x3d\x22\x31\
\x34\x22\x20\x72\x78\x3d\x22\x37\x22\x20\x72\x79\x3d\x22\x37\x22\
\x3e\x3c\x2f\x72\x65\x63\x74\x3e\x3c\x63\x69\x72\x63\x6c\x65\x20\
\x63\x78\x3d\x22\x38\x22\x20\x63\x79\x3d\x22\x31\x32\x22\x20\x72\
\x3d\x22\x33\x22\x3e\x3c\x2f\x63\x69\x72\x63\x6c\x65\x3e\x3c\x2f\
\x73\x76\x67\x3e\
\x00\x00\x01\x70\
\x3c\
\x73\x76\x67\x20\x78\x6d\x6c\x6e\x73\x3d\x22\x68\x74\x74\x70\x3a\
\x2f\x2f\x77\x77\x77\x2e\x77\x33\x2e\x6f\x72\x67\x2f\x32\x30\x30\
\x30\x2f\x73\x76\x67\x22\x20\x77\x69\x64\x74\x68\x3d\x22\x38\x30\
\x22\x20\x68\x65\x69\x67\x68\x74\x3d\x22\x38\x30\x22\x20\x76\x69\
\x65\x77\x42\x6f\x78\x3d\x22\x30\x20\x30\x20\x32\x34\x20\x32\x34\
\x22\x20\x66\x69\x6c\x6c\x3d\x22\x6e\x6f\x6e\x65\x22\x20\x73\x74\
\x72\x6f\x6b\x65\x3d\x22\x63\x75\x72\x72\x65\x6e\x74\x43\x6f\x6c\
\x6f\x72\x22\x20\x73\x74\x72\x6f\x6b\x65\x2d\x77\x69\x64\x74\x68\
\x3d\x22\x31\x2e\x35\x22\x20\x73\x74\x72\x6f\x6b\x65\x2d\x6c\x69\
\x6e\x65\x63\x61\x70\x3d\x22\x72\x6f\x75\x6e\x64\x22\x20\x73\x74\
\x72\x6f\x6b\x65\x2d\x6c\x69\x6e\x65\x6a\x6f\x69\x6e\x3d\x22\x72\
\x6f\x75\x6e\x64\x22\x20\x63\x6c\x61\x73\x73\x3d\x22\x66\x65\x61\
\x74\x68\x65\x72\x20\x66\x65\x61\x74\x68\x65\x72\x2d\x73\x70\x65\
\x61\x6b\x65\x72\x22\x3e\x3c\x72\x65\x63\x74\x20\x78\x3d\x22\x34\
\x22\x20\x79\x3d\x22\x32\x22\x20\x77\x69\x64\x74\x68\x3d\x22\x31\
\x36\x22\x20\x68\x65\x69\x67\x68\x74\x3d\x22\x32\x30\x22\x20\x72\
\x78\x3d\x22\x32\x22\x20\x72\x79\x3d\x22\x32\x22\x3e\x3c\x2f\x72\
\x65\x63\x74\x3e\x3c\x63\x69\x72\x63\x6c\x65\x20\x63\x78\x3d\x22\
\x31\x32\x22\x20\x63\x79\x3d\x22\x31\x34\x22\x20\x72\x3d\x22\x34\
\x22\x3e\x3c\x2f\x63\x69\x72\x63\x6c\x65\x3e\x3c\x6c\x69\x6e\x65\
\x20\x78\x31\x3d\x22\x31\x32\x22\x20\x79\x31\x3d\x22\x36\x22\x20\
\x78\x32\x3d\x22\x31\x32\x2e\x30\x31\x22\x20\x79\x32\x3d\x22\x36\
\x22\x3e\x3c\x2f\x6c\x69\x6e\x65\x3e\x3c\x2f\x73\x76\x67\x3e\
\x00\x00\x01\x5e\
\x3c\
\x73\x76\x67\x20\x78\x6d\x6c\x6e\x73\x3d\x22\x68\x74\x74\x70\x3a\
\x2f\x2f\x77\x77\x77\x2e\x77\x33\x2e\x6f\x72\x67\x2f\x32\x30\x30\
\x30\x2f\x73\x76\x67\x22\x20\x77\x69\x64\x74\x68\x3d\x22\x38\x30\
\x22\x20\x68\x65\x69\x67\x68\x74\x3d\x22\x38\x30\x22\x20\x76\x69\
\x65\x77\x42\x6f\x78\x3d\x22\x30\x20\x30\x20\x32\x34\x20\x32\x34\
\x22\x20\x66\x69\x6c\x6c\x3d\x22\x6e\x6f\x6e\x65\x22\x20\x73\x74\
\x72\x6f\x6b\x65\x3d\x22\x63\x75\x72\x72\x65\x6e\x74\x43\x6f\x6c\
\x6f\x72\x22\x20\x73\x74\x72\x6f\x6b\x65\x2d\x77\x69\x64\x74\x68\
\x3d\x22\x31\x2e\x35\x22\x20\x73\x74\x72\x6f\x6b\x65\x2d\x6c\x69\
\x6e\x65\x63\x61\x70\x3d\x22\x72\x6f\x75\x6e\x64\x22\x20\x73\x74\
\x72\x6f\x6b\x65\x2d\x6c\x69\x6e\x65\x6a\x6f\x69\x6e\x3d\x22\x72\
\x6f\x75\x6e\x64\x22\x20\x63\x6c\x61\x73\x73\x3d\x22\x66\x65\x61\
\x74\x68\x65\x72\x20\x66\x65\x61\x74\x68\x65\x72\x2d\x69\x74\x61\
\x6c\x69\x63\x22\x3e\x3c\x6c\x69\x6e\x65\x20\x78\x31\x3d\x22\x31\
\x39\x22\x20\x79\x31\x3d\x22\x34\x22\x20\x78\x32\x3d\x22\x31\x30\
\x22\x20\x79\x32\x3d\x22\x34\x22\x3e\x3c\x2f\x6c\x69\x6e\x65\x3e\
\x3c\x6c\x69\x6e\x65\x20\x78\x31\x3d\x22\x31\x34\x22\x20\x79\x31\
\x3d\x22\x32\x30\x22\x20\x78\x32\x3d\x22\x35\x22\x20\x79\x32\x3d\
\x22\x32\x30\x22\x3e\x3c\x2f\x6c\x69\x6e\x65\x3e\x3c\x6c\x69\x6e\
\x65\x20\x78\x31\x3d\x22\x31\x35\x22\x20\x79\x31\x3d\x22\x34\x22\
\x20\x78\x32\x3d\x22\x39\x22\x20\x79\x32\x3d\x22\x32\x30\x22\x3e\
\x3c\x2f\x6c\x69\x6e\x65\x3e\x3c\x2f\x73\x76\x67\x3e\
\x00\x00\x01\x62\
\x3c\
\x73\x76\x67\x20\x78\x6d\x6c\x6e\x73\x3d\x22\x68\x74\x74\x70\x3a\
\x2f\x2f\x77\x77\x77\x2e\x77\x33\x2e\x6f\x72\x67\x2f\x32\x30\x30\
\x30\x2f\x73\x76\x67\x22\x20\x77\x69\x64\x74\x68\x3d\x22\x38\x30\
\x22\x20\x68\x65\x69\x67\x68\x74\x3d\x22\x38\x30\x22\x20\x76\x69\
\x65\x77\x42\x6f\x78\x3d\x22\x30\x20\x30\x20\x32\x34\x20\x32\x34\
\x22\x20\x66\x69\x6c\x6c\x3d\x22\x6e\x6f\x6e\x65\x22\x20\x73\x74\
\x72\x6f\x6b\x65\x3d\x22\x63\x75\x72\x72\x65\x6e\x74\x43\x6f\x6c\
\x6f\x72\x22\x20\x73\x74\x72\x6f\x6b\x65\x2d\x77\x69\x64\x74\x68\
\x3d\x22\x31\x2e\x35\x22\x20\x73\x74\x72\x6f\x6b\x65\x2d\x6c\x69\
\x6e\x65\x63\x61\x70\x3d\x22\x72\x6f\x75\x6e\x64\x22\x20\x73\x74\
\x72\x6f\x6b\x65\x2d\x6c\x69\x6e\x65\x6a\x6f\x69\x6e\x3d\x22\x72\
\x6f\x75\x6e\x64\x22\x20\x63\x6c\x61\x73\x73\x3d\x22\x66\x65\x61\
\x74\x68\x65\x72\x20\x66\x65\x61\x74\x68\x65\x72\x2d\x74\x79\x70\
\x65\x22\x3e\x3c\x70\x6f\x6c\x79\x6c\x69\x6e\x65\x20\x70\x6f\x69\
\x6e\x74\x73\x3d\x22\x34\x20\x37\x20\x34\x20\x34\x20\x32\x30\x20\
\x34\x20\x32\x30\x20\x37\x22\x3e\x3c\x2f\x70\x6f\x6c\x79\x6c\x69\
\x6e\x65\x3e\x3c\x6c\x69\x6e\x65\x20\x78\x31\x3d\x22\x39\x22\x20\
\x79\x31\x3d\x22\x32\x30\x22\x20\x78\x32\x3d\x22\x31\x35\x22\x20\
\x79\x32\x3d\x22\x32\x30\x22\x3e\x3c\x2f\x6c\x69\x6e\x65\x3e\x3c\
\x6c\x69\x6e\x65\x20\x78\x31\x3d\x22\x31\x32\x22\x20\x79\x31\x3d\
\x22\x34\x22\x20\x78\x32\x3d\x22\x31\x32\x22\x20\x79\x32\x3d\x22\
\x32\x30\x22\x3e\x3c\x2f\x6c\x69\x6e\x65\x3e\x3c\x2f\x73\x76\x67\
\x3e\
\x00\x00\x01\x31\
\x3c\
\x73\x76\x67\x20\x78\x6d\x6c\x6e\x73\x3d\x22\x68\x74\x74\x70\x3a\
\x2f\x2f\x77\x77\x77\x2e\x77\x33\x2e\x6f\x72\x67\x2f\x32\x30\x30\
\x30\x2f\x73\x76\x67\x22\x20\x77\x69\x64\x74\x68\x3d\x22\x38\x30\
\x22\x20\x68\x65\x69\x67\x68\x74\x3d\x22\x38\x30\x22\x20\x76\x69\
\x65\x77\x42\x6f\x78\x3d\x22\x30\x20\x30\x20\x32\x34\x20\x32\x34\
\x22\x20\x66\x69\x6c\x6c\x3d\x22\x6e\x6f\x6e\x65\x22\x20\x73\x74\
\x72\x6f\x6b\x65\x3d\x22\x63\x75\x72\x72\x65\x6e\x74\x43\x6f\x6c\
\x6f\x72\x22\x20\x73\x74\x72\x6f\x6b\x65\x2d\x77\x69\x64\x74\x68\
\x3d\x22\x31\x2e\x35\x22\x20\x73\x74\x72\x6f\x6b\x65\x2d\x6c\x69\
\x6e\x65\x63\x61\x70\x3d\x22\x72\x6f\x75\x6e\x64\x22\x20\x73\x74\
\x72\x6f\x6b\x65\x2d\x6c\x69\x6e\x65\x6a\x6f\x69\x6e\x3d\x22\x72\
\x6f\x75\x6e\x64\x22\x20\x63\x6c\x61\x73\x73\x3d\x22\x66\x65\x61\
\x74\x68\x65\x72\x20\x66\x65\x61\x74\x68\x65\x72\x2d\x66\x61\x63\
\x65\x62\x6f\x6f\x6b\x22\x3e\x3c\x70\x61\x74\x68\x20\x64\x3d\x22\
\x4d\x31\x38\x20\x32\x68\x2d\x33\x61\x35\x20\x35\x20\x30\x20\x30\
\x20\x30\x2d\x35\x20\x35\x76\x33\x48\x37\x76\x34\x68\x33\x76\x38\
\x68\x34\x76\x2d\x38\x68\x33\x6c\x31\x2d\x34\x68\x2d\x34\x56\x37\
\x61\x31\x20\x31\x20\x30\x20\x30\x20\x31\x20\x31\x2d\x31\x68\x33\
\x7a\x22\x3e\x3c\x2f\x70\x61\x74\x68\x3e\x3c\x2f\x73\x76\x67\x3e\
\
\x00\x00\x01\x75\
\x3c\
\x73\x76\x67\x20\x78\x6d\x6c\x6e\x73\x3d\x22\x68\x74\x74\x70\x3a\
\x2f\x2f\x77\x77\x77\x2e\x77\x33\x2e\x6f\x72\x67\x2f\x32\x30\x30\
\x30\x2f\x73\x76\x67\x22\x20\x77\x69\x64\x74\x68\x3d\x22\x38\x30\
\x22\x20\x68\x65\x69\x67\x68\x74\x3d\x22\x38\x30\x22\x20\x76\x69\
\x65\x77\x42\x6f\x78\x3d\x22\x30\x20\x30\x20\x32\x34\x20\x32\x34\
\x22\x20\x66\x69\x6c\x6c\x3d\x22\x6e\x6f\x6e\x65\x22\x20\x73\x74\
\x72\x6f\x6b\x65\x3d\x22\x63\x75\x72\x72\x65\x6e\x74\x43\x6f\x6c\
\x6f\x72\x22\x20\x73\x74\x72\x6f\x6b\x65\x2d\x77\x69\x64\x74\x68\
\x3d\x22\x31\x2e\x35\x22\x20\x73\x74\x72\x6f\x6b\x65\x2d\x6c\x69\
\x6e\x65\x63\x61\x70\x3d\x22\x72\x6f\x75\x6e\x64\x22\x20\x73\x74\
\x72\x6f\x6b\x65\x2d\x6c\x69\x6e\x65\x6a\x6f\x69\x6e\x3d\x22\x72\
\x6f\x75\x6e\x64\x22\x20\x63\x6c\x61\x73\x73\x3d\x22\x66\x65\x61\
\x74\x68\x65\x72\x20\x66\x65\x61\x74\x68\x65\x72\x2d\x68\x65\x61\
\x72\x74\x22\x3e\x3c\x70\x61\x74\x68\x20\x64\x3d\x22\x4d\x32\x30\
\x2e\x38\x34\x20\x34\x2e\x36\x31\x61\x35\x2e\x35\x20\x35\x2e\x35\
\x20\x30\x20\x30\x20\x30\x2d\x37\x2e\x37\x38\x20\x30\x4c\x31\x32\
\x20\x35\x2e\x36\x37\x6c\x2d\x31\x2e\x30\x36\x2d\x31\x2e\x30\x36\
\x61\x35\x2e\x35\x20\x35\x2e\x35\x20\x30\x20\x30\x20\x30\x2d\x37\
\x2e\x37\x38\x20\x37\x2e\x37\x38\x6c\x31\x2e\x30\x36\x20\x31\x2e\
\x30\x36\x4c\x31\x32\x20\x32\x31\x2e\x32\x33\x6c\x37\x2e\x37\x38\
\x2d\x37\x2e\x37\x38\x20\x31\x2e\x30\x36\x2d\x31\x2e\x30\x36\x61\
\x35\x2e\x35\x20\x35\x2e\x35\x20\x30\x20\x30\x20\x30\x20\x30\x2d\
\x37\x2e\x37\x38\x7a\x22\x3e\x3c\x2f\x70\x61\x74\x68\x3e\x3c\x2f\
\x73\x76\x67\x3e\
\x00\x00\x01\x48\
\x3c\
\x73\x76\x67\x20\x78\x6d\x6c\x6e\x73\x3d\x22\x68\x74\x74\x70\x3a\
\x2f\x2f\x77\x77\x77\x2e\x77\x33\x2e\x6f\x72\x67\x2f\x32\x30\x30\
\x30\x2f\x73\x76\x67\x22\x20\x77\x69\x64\x74\x68\x3d\x22\x38\x30\
\x22\x20\x68\x65\x69\x67\x68\x74\x3d\x22\x38\x30\x22\x20\x76\x69\
\x65\x77\x42\x6f\x78\x3d\x22\x30\x20\x30\x20\x32\x34\x20\x32\x34\
\x22\x20\x66\x69\x6c\x6c\x3d\x22\x6e\x6f\x6e\x65\x22\x20\x73\x74\
\x72\x6f\x6b\x65\x3d\x22\x63\x75\x72\x72\x65\x6e\x74\x43\x6f\x6c\
\x6f\x72\x22\x20\x73\x74\x72\x6f\x6b\x65\x2d\x77\x69\x64\x74\x68\
\x3d\x22\x31\x2e\x35\x22\x20\x73\x74\x72\x6f\x6b\x65\x2d\x6c\x69\
\x6e\x65\x63\x61\x70\x3d\x22\x72\x6f\x75\x6e\x64\x22\x20\x73\x74\
\x72\x6f\x6b\x65\x2d\x6c\x69\x6e\x65\x6a\x6f\x69\x6e\x3d\x22\x72\
\x6f\x75\x6e\x64\x22\x20\x63\x6c\x61\x73\x73\x3d\x22\x66\x65\x61\
\x74\x68\x65\x72\x20\x66\x65\x61\x74\x68\x65\x72\x2d\x74\x72\x69\
\x61\x6e\x67\x6c\x65\x22\x3e\x3c\x70\x61\x74\x68\x20\x64\x3d\x22\
\x4d\x31\x30\x2e\x32\x39\x20\x33\x2e\x38\x36\x4c\x31\x2e\x38\x32\
\x20\x31\x38\x61\x32\x20\x32\x20\x30\x20\x30\x20\x30\x20\x31\x2e\
\x37\x31\x20\x33\x68\x31\x36\x2e\x39\x34\x61\x32\x20\x32\x20\x30\
\x20\x30\x20\x30\x20\x31\x2e\x37\x31\x2d\x33\x4c\x31\x33\x2e\x37\
\x31\x20\x33\x2e\x38\x36\x61\x32\x20\x32\x20\x30\x20\x30\x20\x30\
\x2d\x33\x2e\x34\x32\x20\x30\x7a\x22\x3e\x3c\x2f\x70\x61\x74\x68\
\x3e\x3c\x2f\x73\x76\x67\x3e\
\x00\x00\x01\x71\
\x3c\
\x73\x76\x67\x20\x78\x6d\x6c\x6e\x73\x3d\x22\x68\x74\x74\x70\x3a\
\x2f\x2f\x77\x77\x77\x2e\x77\x33\x2e\x6f\x72\x67\x2f\x32\x30\x30\
\x30\x2f\x73\x76\x67\x22\x20\x77\x69\x64\x74\x68\x3d\x22\x38\x30\
\x22\x20\x68\x65\x69\x67\x68\x74\x3d\x22\x38\x30\x22\x20\x76\x69\
\x65\x77\x42\x6f\x78\x3d\x22\x30\x20\x30\x20\x32\x34\x20\x32\x34\
\x22\x20\x66\x69\x6c\x6c\x3d\x22\x6e\x6f\x6e\x65\x22\x20\x73\x74\
\x72\x6f\x6b\x65\x3d\x22\x63\x75\x72\x72\x65\x6e\x74\x43\x6f\x6c\
\x6f\x72\x22\x20\x73\x74\x72\x6f\x6b\x65\x2d\x77\x69\x64\x74\x68\
\x3d\x22\x31\x2e\x35\x22\x20\x73\x74\x72\x6f\x6b\x65\x2d\x6c\x69\
\x6e\x65\x63\x61\x70\x3d\x22\x72\x6f\x75\x6e\x64\x22\x20\x73\x74\
\x72\x6f\x6b\x65\x2d\x6c\x69\x6e\x65\x6a\x6f\x69\x6e\x3d\x22\x72\
\x6f\x75\x6e\x64\x22\x20\x63\x6c\x61\x73\x73\x3d\x22\x66\x65\x61\
\x74\x68\x65\x72\x20\x66\x65\x61\x74\x68\x65\x72\x2d\x75\x73\x65\
\x72\x2d\x63\x68\x65\x63\x6b\x22\x3e\x3c\x70\x61\x74\x68\x20\x64\
\x3d\x22\x4d\x31\x36\x20\x32\x31\x76\x2d\x32\x61\x34\x20\x34\x20\
\x30\x20\x30\x20\x30\x2d\x34\x2d\x34\x48\x35\x61\x34\x20\x34\x20\
\x30\x20\x30\x20\x30\x2d\x34\x20\x34\x76\x32\x22\x3e\x3c\x2f\x70\
\x61\x74\x68\x3e\x3c\x63\x69\x72\x63\x6c\x65\x20\x63\x78\x3d\x22\
\x38\x2e\x35\x22\x20\x63\x79\x3d\x22\x37\x22\x20\x72\x3d\x22\x34\
\x22\x3e\x3c\x2f\x63\x69\x72\x63\x6c\x65\x3e\x3c\x70\x6f\x6c\x79\
\x6c\x69\x6e\x65\x20\x70\x6f\x69\x6e\x74\x73\x3d\x22\x31\x37\x20\
\x31\x31\x20\x31\x39\x20\x31\x33\x20\x32\x33\x20\x39\x22\x3e\x3c\
\x2f\x70\x6f\x6c\x79\x6c\x69\x6e\x65\x3e\x3c\x2f\x73\x76\x67\x3e\
\
\x00\x00\x01\x68\
\x3c\
\x73\x76\x67\x20\x78\x6d\x6c\x6e\x73\x3d\x22\x68\x74\x74\x70\x3a\
\x2f\x2f\x77\x77\x77\x2e\x77\x33\x2e\x6f\x72\x67\x2f\x32\x30\x30\
\x30\x2f\x73\x76\x67\x22\x20\x77\x69\x64\x74\x68\x3d\x22\x38\x30\
\x22\x20\x68\x65\x69\x67\x68\x74\x3d\x22\x38\x30\x22\x20\x76\x69\
\x65\x77\x42\x6f\x78\x3d\x22\x30\x20\x30\x20\x32\x34\x20\x32\x34\
\x22\x20\x66\x69\x6c\x6c\x3d\x22\x6e\x6f\x6e\x65\x22\x20\x73\x74\
\x72\x6f\x6b\x65\x3d\x22\x63\x75\x72\x72\x65\x6e\x74\x43\x6f\x6c\
\x6f\x72\x22\x20\x73\x74\x72\x6f\x6b\x65\x2d\x77\x69\x64\x74\x68\
\x3d\x22\x31\x2e\x35\x22\x20\x73\x74\x72\x6f\x6b\x65\x2d\x6c\x69\
\x6e\x65\x63\x61\x70\x3d\x22\x72\x6f\x75\x6e\x64\x22\x20\x73\x74\
\x72\x6f\x6b\x65\x2d\x6c\x69\x6e\x65\x6a\x6f\x69\x6e\x3d\x22\x72\
\x6f\x75\x6e\x64\x22\x20\x63\x6c\x61\x73\x73\x3d\x22\x66\x65\x61\
\x74\x68\x65\x72\x20\x66\x65\x61\x74\x68\x65\x72\x2d\x76\x6f\x69\
\x63\x65\x6d\x61\x69\x6c\x22\x3e\x3c\x63\x69\x72\x63\x6c\x65\x20\
\x63\x78\x3d\x22\x35\x2e\x35\x22\x20\x63\x79\x3d\x22\x31\x31\x2e\
\x35\x22\x20\x72\x3d\x22\x34\x2e\x35\x22\x3e\x3c\x2f\x63\x69\x72\
\x63\x6c\x65\x3e\x3c\x63\x69\x72\x63\x6c\x65\x20\x63\x78\x3d\x22\
\x31\x38\x2e\x35\x22\x20\x63\x79\x3d\x22\x31\x31\x2e\x35\x22\x20\
\x72\x3d\x22\x34\x2e\x35\x22\x3e\x3c\x2f\x63\x69\x72\x63\x6c\x65\
\x3e\x3c\x6c\x69\x6e\x65\x20\x78\x31\x3d\x22\x35\x2e\x35\x22\x20\
\x79\x31\x3d\x22\x31\x36\x22\x20\x78\x32\x3d\x22\x31\x38\x2e\x35\
\x22\x20\x79\x32\x3d\x22\x31\x36\x22\x3e\x3c\x2f\x6c\x69\x6e\x65\
\x3e\x3c\x2f\x73\x76\x67\x3e\
\x00\x00\x01\x45\
\x3c\
\x73\x76\x67\x20\x78\x6d\x6c\x6e\x73\x3d\x22\x68\x74\x74\x70\x3a\
\x2f\x2f\x77\x77\x77\x2e\x77\x33\x2e\x6f\x72\x67\x2f\x32\x30\x30\
\x30\x2f\x73\x76\x67\x22\x20\x77\x69\x64\x74\x68\x3d\x22\x38\x30\
\x22\x20\x68\x65\x69\x67\x68\x74\x3d\x22\x38\x30\x22\x20\x76\x69\
\x65\x77\x42\x6f\x78\x3d\x22\x30\x20\x30\x20\x32\x34\x20\x32\x34\
\x22\x20\x66\x69\x6c\x6c\x3d\x22\x6e\x6f\x6e\x65\x22\x20\x73\x74\
\x72\x6f\x6b\x65\x3d\x22\x63\x75\x72\x72\x65\x6e\x74\x43\x6f\x6c\
\x6f\x72\x22\x20\x73\x74\x72\x6f\x6b\x65\x2d\x77\x69\x64\x74\x68\
\x3d\x22\x31\x2e\x35\x22\x20\x73\x74\x72\x6f\x6b\x65\x2d\x6c\x69\
\x6e\x65\x63\x61\x70\x3d\x22\x72\x6f\x75\x6e\x64\x22\x20\x73\x74\
\x72\x6f\x6b\x65\x2d\x6c\x69\x6e\x65\x6a\x6f\x69\x6e\x3d\x22\x72\
\x6f\x75\x6e\x64\x22\x20\x63\x6c\x61\x73\x73\x3d\x22\x66\x65\x61\
\x74\x68\x65\x72\x20\x66\x65\x61\x74\x68\x65\x72\x2d\x66\x61\x73\
\x74\x2d\x66\x6f\x72\x77\x61\x72\x64\x22\x3e\x3c\x70\x6f\x6c\x79\
\x67\x6f\x6e\x20\x70\x6f\x69\x6e\x74\x73\x3d\x22\x31\x33\x20\x31\
\x39\x20\x32\x32\x20\x31\x32\x20\x31\x33\x20\x35\x20\x31\x33\x20\
\x31\x39\x22\x3e\x3c\x2f\x70\x6f\x6c\x79\x67\x6f\x6e\x3e\x3c\x70\
\x6f\x6c\x79\x67\x6f\x6e\x20\x70\x6f\x69\x6e\x74\x73\x3d\x22\x32\
\x20\x31\x39\x20\x31\x31\x20\x31\x32\x20\x32\x20\x35\x20\x32\x20\
\x31\x39\x22\x3e\x3c\x2f\x70\x6f\x6c\x79\x67\x6f\x6e\x3e\x3c\x2f\
\x73\x76\x67\x3e\
\x00\x00\x01\x24\
\x3c\
\x73\x76\x67\x20\x78\x6d\x6c\x6e\x73\x3d\x22\x68\x74\x74\x70\x3a\
\x2f\x2f\x77\x77\x77\x2e\x77\x33\x2e\x6f\x72\x67\x2f\x32\x30\x30\
\x30\x2f\x73\x76\x67\x22\x20\x77\x69\x64\x74\x68\x3d\x22\x38\x30\
\x22\x20\x68\x65\x69\x67\x68\x74\x3d\x22\x38\x30\x22\x20\x76\x69\
\x65\x77\x42\x6f\x78\x3d\x22\x30\x20\x30\x20\x32\x34\x20\x32\x34\
\x22\x20\x66\x69\x6c\x6c\x3d\x22\x6e\x6f\x6e\x65\x22\x20\x73\x74\
\x72\x6f\x6b\x65\x3d\x22\x63\x75\x72\x72\x65\x6e\x74\x43\x6f\x6c\
\x6f\x72\x22\x20\x73\x74\x72\x6f\x6b\x65\x2d\x77\x69\x64\x74\x68\
\x3d\x22\x31\x2e\x35\x22\x20\x73\x74\x72\x6f\x6b\x65\x2d\x6c\x69\
\x6e\x65\x63\x61\x70\x3d\x22\x72\x6f\x75\x6e\x64\x22\x20\x73\x74\
\x72\x6f\x6b\x65\x2d\x6c\x69\x6e\x65\x6a\x6f\x69\x6e\x3d\x22\x72\
\x6f\x75\x6e\x64\x22\x20\x63\x6c\x61\x73\x73\x3d\x22\x66\x65\x61\
\x74\x68\x65\x72\x20\x66\x65\x61\x74\x68\x65\x72\x2d\x66\x69\x6c\
\x74\x65\x72\x22\x3e\x3c\x70\x6f\x6c\x79\x67\x6f\x6e\x20\x70\x6f\
\x69\x6e\x74\x73\x3d\x22\x32\x32\x20\x33\x20\x32\x20\x33\x20\x31\
\x30\x20\x31\x32\x2e\x34\x36\x20\x31\x30\x20\x31\x39\x20\x31\x34\
\x20\x32\x31\x20\x31\x34\x20\x31\x32\x2e\x34\x36\x20\x32\x32\x20\
\x33\x22\x3e\x3c\x2f\x70\x6f\x6c\x79\x67\x6f\x6e\x3e\x3c\x2f\x73\
\x76\x67\x3e\
\x00\x00\x01\x8a\
\x3c\
\x73\x76\x67\x20\x78\x6d\x6c\x6e\x73\x3d\x22\x68\x74\x74\x70\x3a\
\x2f\x2f\x77\x77\x77\x2e\x77\x33\x2e\x6f\x72\x67\x2f\x32\x30\x30\
\x30\x2f\x73\x76\x67\x22\x20\x77\x69\x64\x74\x68\x3d\x22\x38\x30\
\x22\x20\x68\x65\x69\x67\x68\x74\x3d\x22\x38\x30\x22\x20\x76\x69\
\x65\x77\x42\x6f\x78\x3d\x22\x30\x20\x30\x20\x32\x34\x20\x32\x34\
\x22\x20\x66\x69\x6c\x6c\x3d\x22\x6e\x6f\x6e\x65\x22\x20\x73\x74\
\x72\x6f\x6b\x65\x3d\x22\x63\x75\x72\x72\x65\x6e\x74\x43\x6f\x6c\
\x6f\x72\x22\x20\x73\x74\x72\x6f\x6b\x65\x2d\x77\x69\x64\x74\x68\
\x3d\x22\x31\x2e\x35\x22\x20\x73\x74\x72\x6f\x6b\x65\x2d\x6c\x69\
\x6e\x65\x63\x61\x70\x3d\x22\x72\x6f\x75\x6e\x64\x22\x20\x73\x74\
\x72\x6f\x6b\x65\x2d\x6c\x69\x6e\x65\x6a\x6f\x69\x6e\x3d\x22\x72\
\x6f\x75\x6e\x64\x22\x20\x63\x6c\x61\x73\x73\x3d\x22\x66\x65\x61\
\x74\x68\x65\x72\x20\x66\x65\x61\x74\x68\x65\x72\x2d\x73\x61\x76\
\x65\x22\x3e\x3c\x70\x61\x74\x68\x20\x64\x3d\x22\x4d\x31\x39\x20\
\x32\x31\x48\x35\x61\x32\x20\x32\x20\x30\x20\x30\x20\x31\x2d\x32\
\x2d\x32\x56\x35\x61\x32\x20\x32\x20\x30\x20\x30\x20\x31\x20\x32\
\x2d\x32\x68\x31\x31\x6c\x35\x20\x35\x76\x31\x31\x61\x32\x20\x32\
\x20\x30\x20\x30\x20\x31\x2d\x32\x20\x32\x7a\x22\x3e\x3c\x2f\x70\
\x61\x74\x68\x3e\x3c\x70\x6f\x6c\x79\x6c\x69\x6e\x65\x20\x70\x6f\
\x69\x6e\x74\x73\x3d\x22\x31\x37\x20\x32\x31\x20\x31\x37\x20\x31\
\x33\x20\x37\x20\x31\x33\x20\x37\x20\x32\x31\x22\x3e\x3c\x2f\x70\
\x6f\x6c\x79\x6c\x69\x6e\x65\x3e\x3c\x70\x6f\x6c\x79\x6c\x69\x6e\
\x65\x20\x70\x6f\x69\x6e\x74\x73\x3d\x22\x37\x20\x33\x20\x37\x20\
\x38\x20\x31\x35\x20\x38\x22\x3e\x3c\x2f\x70\x6f\x6c\x79\x6c\x69\
\x6e\x65\x3e\x3c\x2f\x73\x76\x67\x3e\
\x00\x00\x01\x55\
\x3c\
\x73\x76\x67\x20\x78\x6d\x6c\x6e\x73\x3d\x22\x68\x74\x74\x70\x3a\
\x2f\x2f\x77\x77\x77\x2e\x77\x33\x2e\x6f\x72\x67\x2f\x32\x30\x30\
\x30\x2f\x73\x76\x67\x22\x20\x77\x69\x64\x74\x68\x3d\x22\x38\x30\
\x22\x20\x68\x65\x69\x67\x68\x74\x3d\x22\x38\x30\x22\x20\x76\x69\
\x65\x77\x42\x6f\x78\x3d\x22\x30\x20\x30\x20\x32\x34\x20\x32\x34\
\x22\x20\x66\x69\x6c\x6c\x3d\x22\x6e\x6f\x6e\x65\x22\x20\x73\x74\
\x72\x6f\x6b\x65\x3d\x22\x63\x75\x72\x72\x65\x6e\x74\x43\x6f\x6c\
\x6f\x72\x22\x20\x73\x74\x72\x6f\x6b\x65\x2d\x77\x69\x64\x74\x68\
\x3d\x22\x31\x2e\x35\x22\x20\x73\x74\x72\x6f\x6b\x65\x2d\x6c\x69\
\x6e\x65\x63\x61\x70\x3d\x22\x72\x6f\x75\x6e\x64\x22\x20\x73\x74\
\x72\x6f\x6b\x65\x2d\x6c\x69\x6e\x65\x6a\x6f\x69\x6e\x3d\x22\x72\
\x6f\x75\x6e\x64\x22\x20\x63\x6c\x61\x73\x73\x3d\x22\x66\x65\x61\
\x74\x68\x65\x72\x20\x66\x65\x61\x74\x68\x65\x72\x2d\x62\x6f\x6f\
\x6b\x2d\x6f\x70\x65\x6e\x22\x3e\x3c\x70\x61\x74\x68\x20\x64\x3d\
\x22\x4d\x32\x20\x33\x68\x36\x61\x34\x20\x34\x20\x30\x20\x30\x20\
\x31\x20\x34\x20\x34\x76\x31\x34\x61\x33\x20\x33\x20\x30\x20\x30\
\x20\x30\x2d\x33\x2d\x33\x48\x32\x7a\x22\x3e\x3c\x2f\x70\x61\x74\
\x68\x3e\x3c\x70\x61\x74\x68\x20\x64\x3d\x22\x4d\x32\x32\x20\x33\
\x68\x2d\x36\x61\x34\x20\x34\x20\x30\x20\x30\x20\x30\x2d\x34\x20\
\x34\x76\x31\x34\x61\x33\x20\x33\x20\x30\x20\x30\x20\x31\x20\x33\
\x2d\x33\x68\x37\x7a\x22\x3e\x3c\x2f\x70\x61\x74\x68\x3e\x3c\x2f\
\x73\x76\x67\x3e\
\x00\x00\x01\x29\
\x3c\
\x73\x76\x67\x20\x78\x6d\x6c\x6e\x73\x3d\x22\x68\x74\x74\x70\x3a\
\x2f\x2f\x77\x77\x77\x2e\x77\x33\x2e\x6f\x72\x67\x2f\x32\x30\x30\
\x30\x2f\x73\x76\x67\x22\x20\x77\x69\x64\x74\x68\x3d\x22\x38\x30\
\x22\x20\x68\x65\x69\x67\x68\x74\x3d\x22\x38\x30\x22\x20\x76\x69\
\x65\x77\x42\x6f\x78\x3d\x22\x30\x20\x30\x20\x32\x34\x20\x32\x34\
\x22\x20\x66\x69\x6c\x6c\x3d\x22\x6e\x6f\x6e\x65\x22\x20\x73\x74\
\x72\x6f\x6b\x65\x3d\x22\x63\x75\x72\x72\x65\x6e\x74\x43\x6f\x6c\
\x6f\x72\x22\x20\x73\x74\x72\x6f\x6b\x65\x2d\x77\x69\x64\x74\x68\
\x3d\x22\x31\x2e\x35\x22\x20\x73\x74\x72\x6f\x6b\x65\x2d\x6c\x69\
\x6e\x65\x63\x61\x70\x3d\x22\x72\x6f\x75\x6e\x64\x22\x20\x73\x74\
\x72\x6f\x6b\x65\x2d\x6c\x69\x6e\x65\x6a\x6f\x69\x6e\x3d\x22\x72\
\x6f\x75\x6e\x64\x22\x20\x63\x6c\x61\x73\x73\x3d\x22\x66\x65\x61\
\x74\x68\x65\x72\x20\x66\x65\x61\x74\x68\x65\x72\x2d\x64\x69\x73\
\x63\x22\x3e\x3c\x63\x69\x72\x63\x6c\x65\x20\x63\x78\x3d\x22\x31\
\x32\x22\x20\x63\x79\x3d\x22\x31\x32\x22\x20\x72\x3d\x22\x31\x30\
\x22\x3e\x3c\x2f\x63\x69\x72\x63\x6c\x65\x3e\x3c\x63\x69\x72\x63\
\x6c\x65\x20\x63\x78\x3d\x22\x31\x32\x22\x20\x63\x79\x3d\x22\x31\
\x32\x22\x20\x72\x3d\x22\x33\x22\x3e\x3c\x2f\x63\x69\x72\x63\x6c\
\x65\x3e\x3c\x2f\x73\x76\x67\x3e\
\x00\x00\x01\xa1\
\x3c\
\x73\x76\x67\x20\x78\x6d\x6c\x6e\x73\x3d\x22\x68\x74\x74\x70\x3a\
\x2f\x2f\x77\x77\x77\x2e\x77\x33\x2e\x6f\x72\x67\x2f\x32\x30\x30\
\x30\x2f\x73\x76\x67\x22\x20\x77\x69\x64\x74\x68\x3d\x22\x38\x30\
\x22\x20\x68\x65\x69\x67\x68\x74\x3d\x22\x38\x30\x22\x20\x76\x69\
\x65\x77\x42\x6f\x78\x3d\x22\x30\x20\x30\x20\x32\x34\x20\x32\x34\
\x22\x20\x66\x69\x6c\x6c\x3d\x22\x6e\x6f\x6e\x65\x22\x20\x73\x74\
\x72\x6f\x6b\x65\x3d\x22\x63\x75\x72\x72\x65\x6e\x74\x43\x6f\x6c\
\x6f\x72\x22\x20\x73\x74\x72\x6f\x6b\x65\x2d\x77\x69\x64\x74\x68\
\x3d\x22\x31\x2e\x35\x22\x20\x73\x74\x72\x6f\x6b\x65\x2d\x6c\x69\
\x6e\x65\x63\x61\x70\x3d\x22\x72\x6f\x75\x6e\x64\x22\x20\x73\x74\
\x72\x6f\x6b\x65\x2d\x6c\x69\x6e\x65\x6a\x6f\x69\x6e\x3d\x22\x72\
\x6f\x75\x6e\x64\x22\x20\x63\x6c\x61\x73\x73\x3d\x22\x66\x65\x61\
\x74\x68\x65\x72\x20\x66\x65\x61\x74\x68\x65\x72\x2d\x74\x72\x75\
\x63\x6b\x22\x3e\x3c\x72\x65\x63\x74\x20\x78\x3d\x22\x31\x22\x20\
\x79\x3d\x22\x33\x22\x20\x77\x69\x64\x74\x68\x3d\x22\x31\x35\x22\
\x20\x68\x65\x69\x67\x68\x74\x3d\x22\x31\x33\x22\x3e\x3c\x2f\x72\
\x65\x63\x74\x3e\x3c\x70\x6f\x6c\x79\x67\x6f\x6e\x20\x70\x6f\x69\
\x6e\x74\x73\x3d\x22\x31\x36\x20\x38\x20\x32\x30\x20\x38\x20\x32\
\x33\x20\x31\x31\x20\x32\x33\x20\x31\x36\x20\x31\x36\x20\x31\x36\
\x20\x31\x36\x20\x38\x22\x3e\x3c\x2f\x70\x6f\x6c\x79\x67\x6f\x6e\
\x3e\x3c\x63\x69\x72\x63\x6c\x65\x20\x63\x78\x3d\x22\x35\x2e\x35\
\x22\x20\x63\x79\x3d\x22\x31\x38\x2e\x35\x22\x20\x72\x3d\x22\x32\
\x2e\x35\x22\x3e\x3c\x2f\x63\x69\x72\x63\x6c\x65\x3e\x3c\x63\x69\
\x72\x63\x6c\x65\x20\x63\x78\x3d\x22\x31\x38\x2e\x35\x22\x20\x63\
\x79\x3d\x22\x31\x38\x2e\x35\x22\x20\x72\x3d\x22\x32\x2e\x35\x22\
\x3e\x3c\x2f\x63\x69\x72\x63\x6c\x65\x3e\x3c\x2f\x73\x76\x67\x3e\
\
\x00\x00\x01\x53\
\x3c\
\x73\x76\x67\x20\x78\x6d\x6c\x6e\x73\x3d\x22\x68\x74\x74\x70\x3a\
\x2f\x2f\x77\x77\x77\x2e\x77\x33\x2e\x6f\x72\x67\x2f\x32\x30\x30\
\x30\x2f\x73\x76\x67\x22\x20\x77\x69\x64\x74\x68\x3d\x22\x38\x30\
\x22\x20\x68\x65\x69\x67\x68\x74\x3d\x22\x38\x30\x22\x20\x76\x69\
\x65\x77\x42\x6f\x78\x3d\x22\x30\x20\x30\x20\x32\x34\x20\x32\x34\
\x22\x20\x66\x69\x6c\x6c\x3d\x22\x6e\x6f\x6e\x65\x22\x20\x73\x74\
\x72\x6f\x6b\x65\x3d\x22\x63\x75\x72\x72\x65\x6e\x74\x43\x6f\x6c\
\x6f\x72\x22\x20\x73\x74\x72\x6f\x6b\x65\x2d\x77\x69\x64\x74\x68\
\x3d\x22\x31\x2e\x35\x22\x20\x73\x74\x72\x6f\x6b\x65\x2d\x6c\x69\
\x6e\x65\x63\x61\x70\x3d\x22\x72\x6f\x75\x6e\x64\x22\x20\x73\x74\
\x72\x6f\x6b\x65\x2d\x6c\x69\x6e\x65\x6a\x6f\x69\x6e\x3d\x22\x72\
\x6f\x75\x6e\x64\x22\x20\x63\x6c\x61\x73\x73\x3d\x22\x66\x65\x61\
\x74\x68\x65\x72\x20\x66\x65\x61\x74\x68\x65\x72\x2d\x66\x69\x6c\
\x65\x22\x3e\x3c\x70\x61\x74\x68\x20\x64\x3d\x22\x4d\x31\x33\x20\
\x32\x48\x36\x61\x32\x20\x32\x20\x30\x20\x30\x20\x30\x2d\x32\x20\
\x32\x76\x31\x36\x61\x32\x20\x32\x20\x30\x20\x30\x20\x30\x20\x32\
\x20\x32\x68\x31\x32\x61\x32\x20\x32\x20\x30\x20\x30\x20\x30\x20\
\x32\x2d\x32\x56\x39\x7a\x22\x3e\x3c\x2f\x70\x61\x74\x68\x3e\x3c\
\x70\x6f\x6c\x79\x6c\x69\x6e\x65\x20\x70\x6f\x69\x6e\x74\x73\x3d\
\x22\x31\x33\x20\x32\x20\x31\x33\x20\x39\x20\x32\x30\x20\x39\x22\
\x3e\x3c\x2f\x70\x6f\x6c\x79\x6c\x69\x6e\x65\x3e\x3c\x2f\x73\x76\
\x67\x3e\
\x00\x00\x01\x72\
\x3c\
\x73\x76\x67\x20\x78\x6d\x6c\x6e\x73\x3d\x22\x68\x74\x74\x70\x3a\
\x2f\x2f\x77\x77\x77\x2e\x77\x33\x2e\x6f\x72\x67\x2f\x32\x30\x30\
\x30\x2f\x73\x76\x67\x22\x20\x77\x69\x64\x74\x68\x3d\x22\x38\x30\
\x22\x20\x68\x65\x69\x67\x68\x74\x3d\x22\x38\x30\x22\x20\x76\x69\
\x65\x77\x42\x6f\x78\x3d\x22\x30\x20\x30\x20\x32\x34\x20\x32\x34\
\x22\x20\x66\x69\x6c\x6c\x3d\x22\x6e\x6f\x6e\x65\x22\x20\x73\x74\
\x72\x6f\x6b\x65\x3d\x22\x63\x75\x72\x72\x65\x6e\x74\x43\x6f\x6c\
\x6f\x72\x22\x20\x73\x74\x72\x6f\x6b\x65\x2d\x77\x69\x64\x74\x68\
\x3d\x22\x31\x2e\x35\x22\x20\x73\x74\x72\x6f\x6b\x65\x2d\x6c\x69\
\x6e\x65\x63\x61\x70\x3d\x22\x72\x6f\x75\x6e\x64\x22\x20\x73\x74\
\x72\x6f\x6b\x65\x2d\x6c\x69\x6e\x65\x6a\x6f\x69\x6e\x3d\x22\x72\
\x6f\x75\x6e\x64\x22\x20\x63\x6c\x61\x73\x73\x3d\x22\x66\x65\x61\
\x74\x68\x65\x72\x20\x66\x65\x61\x74\x68\x65\x72\x2d\x6c\x6f\x67\
\x2d\x69\x6e\x22\x3e\x3c\x70\x61\x74\x68\x20\x64\x3d\x22\x4d\x31\
\x35\x20\x33\x68\x34\x61\x32\x20\x32\x20\x30\x20\x30\x20\x31\x20\
\x32\x20\x32\x76\x31\x34\x61\x32\x20\x32\x20\x30\x20\x30\x20\x31\
\x2d\x32\x20\x32\x68\x2d\x34\x22\x3e\x3c\x2f\x70\x61\x74\x68\x3e\
\x3c\x70\x6f\x6c\x79\x6c\x69\x6e\x65\x20\x70\x6f\x69\x6e\x74\x73\
\x3d\x22\x31\x30\x20\x31\x37\x20\x31\x35\x20\x31\x32\x20\x31\x30\
\x20\x37\x22\x3e\x3c\x2f\x70\x6f\x6c\x79\x6c\x69\x6e\x65\x3e\x3c\
\x6c\x69\x6e\x65\x20\x78\x31\x3d\x22\x31\x35\x22\x20\x79\x31\x3d\
\x22\x31\x32\x22\x20\x78\x32\x3d\x22\x33\x22\x20\x79\x32\x3d\x22\
\x31\x32\x22\x3e\x3c\x2f\x6c\x69\x6e\x65\x3e\x3c\x2f\x73\x76\x67\
\x3e\
\x00\x00\x01\x42\
\x3c\
\x73\x76\x67\x20\x78\x6d\x6c\x6e\x73\x3d\x22\x68\x74\x74\x70\x3a\
\x2f\x2f\x77\x77\x77\x2e\x77\x33\x2e\x6f\x72\x67\x2f\x32\x30\x30\
\x30\x2f\x73\x76\x67\x22\x20\x77\x69\x64\x74\x68\x3d\x22\x38\x30\
\x22\x20\x68\x65\x69\x67\x68\x74\x3d\x22\x38\x30\x22\x20\x76\x69\
\x65\x77\x42\x6f\x78\x3d\x22\x30\x20\x30\x20\x32\x34\x20\x32\x34\
\x22\x20\x66\x69\x6c\x6c\x3d\x22\x6e\x6f\x6e\x65\x22\x20\x73\x74\
\x72\x6f\x6b\x65\x3d\x22\x63\x75\x72\x72\x65\x6e\x74\x43\x6f\x6c\
\x6f\x72\x22\x20\x73\x74\x72\x6f\x6b\x65\x2d\x77\x69\x64\x74\x68\
\x3d\x22\x31\x2e\x35\x22\x20\x73\x74\x72\x6f\x6b\x65\x2d\x6c\x69\
\x6e\x65\x63\x61\x70\x3d\x22\x72\x6f\x75\x6e\x64\x22\x20\x73\x74\
\x72\x6f\x6b\x65\x2d\x6c\x69\x6e\x65\x6a\x6f\x69\x6e\x3d\x22\x72\
\x6f\x75\x6e\x64\x22\x20\x63\x6c\x61\x73\x73\x3d\x22\x66\x65\x61\
\x74\x68\x65\x72\x20\x66\x65\x61\x74\x68\x65\x72\x2d\x74\x76\x22\
\x3e\x3c\x72\x65\x63\x74\x20\x78\x3d\x22\x32\x22\x20\x79\x3d\x22\
\x37\x22\x20\x77\x69\x64\x74\x68\x3d\x22\x32\x30\x22\x20\x68\x65\
\x69\x67\x68\x74\x3d\x22\x31\x35\x22\x20\x72\x78\x3d\x22\x32\x22\
\x20\x72\x79\x3d\x22\x32\x22\x3e\x3c\x2f\x72\x65\x63\x74\x3e\x3c\
\x70\x6f\x6c\x79\x6c\x69\x6e\x65\x20\x70\x6f\x69\x6e\x74\x73\x3d\
\x22\x31\x37\x20\x32\x20\x31\x32\x20\x37\x20\x37\x20\x32\x22\x3e\
\x3c\x2f\x70\x6f\x6c\x79\x6c\x69\x6e\x65\x3e\x3c\x2f\x73\x76\x67\
\x3e\
\x00\x00\x01\x1b\
\x3c\
\x73\x76\x67\x20\x78\x6d\x6c\x6e\x73\x3d\x22\x68\x74\x74\x70\x3a\
\x2f\x2f\x77\x77\x77\x2e\x77\x33\x2e\x6f\x72\x67\x2f\x32\x30\x30\
\x30\x2f\x73\x76\x67\x22\x20\x77\x69\x64\x74\x68\x3d\x22\x38\x30\
\x22\x20\x68\x65\x69\x67\x68\x74\x3d\x22\x38\x30\x22\x20\x76\x69\
\x65\x77\x42\x6f\x78\x3d\x22\x30\x20\x30\x20\x32\x34\x20\x32\x34\
\x22\x20\x66\x69\x6c\x6c\x3d\x22\x6e\x6f\x6e\x65\x22\x20\x73\x74\
\x72\x6f\x6b\x65\x3d\x22\x63\x75\x72\x72\x65\x6e\x74\x43\x6f\x6c\
\x6f\x72\x22\x20\x73\x74\x72\x6f\x6b\x65\x2d\x77\x69\x64\x74\x68\
\x3d\x22\x31\x2e\x35\x22\x20\x73\x74\x72\x6f\x6b\x65\x2d\x6c\x69\
\x6e\x65\x63\x61\x70\x3d\x22\x72\x6f\x75\x6e\x64\x22\x20\x73\x74\
\x72\x6f\x6b\x65\x2d\x6c\x69\x6e\x65\x6a\x6f\x69\x6e\x3d\x22\x72\
\x6f\x75\x6e\x64\x22\x20\x63\x6c\x61\x73\x73\x3d\x22\x66\x65\x61\
\x74\x68\x65\x72\x20\x66\x65\x61\x74\x68\x65\x72\x2d\x6d\x6f\x6f\
\x6e\x22\x3e\x3c\x70\x61\x74\x68\x20\x64\x3d\x22\x4d\x32\x31\x20\
\x31\x32\x2e\x37\x39\x41\x39\x20\x39\x20\x30\x20\x31\x20\x31\x20\
\x31\x31\x2e\x32\x31\x20\x33\x20\x37\x20\x37\x20\x30\x20\x30\x20\
\x30\x20\x32\x31\x20\x31\x32\x2e\x37\x39\x7a\x22\x3e\x3c\x2f\x70\
\x61\x74\x68\x3e\x3c\x2f\x73\x76\x67\x3e\
\x00\x00\x01\x92\
\x3c\
\x73\x76\x67\x20\x78\x6d\x6c\x6e\x73\x3d\x22\x68\x74\x74\x70\x3a\
\x2f\x2f\x77\x77\x77\x2e\x77\x33\x2e\x6f\x72\x67\x2f\x32\x30\x30\
\x30\x2f\x73\x76\x67\x22\x20\x77\x69\x64\x74\x68\x3d\x22\x38\x30\
\x22\x20\x68\x65\x69\x67\x68\x74\x3d\x22\x38\x30\x22\x20\x76\x69\
\x65\x77\x42\x6f\x78\x3d\x22\x30\x20\x30\x20\x32\x34\x20\x32\x34\
\x22\x20\x66\x69\x6c\x6c\x3d\x22\x6e\x6f\x6e\x65\x22\x20\x73\x74\
\x72\x6f\x6b\x65\x3d\x22\x63\x75\x72\x72\x65\x6e\x74\x43\x6f\x6c\
\x6f\x72\x22\x20\x73\x74\x72\x6f\x6b\x65\x2d\x77\x69\x64\x74\x68\
\x3d\x22\x31\x2e\x35\x22\x20\x73\x74\x72\x6f\x6b\x65\x2d\x6c\x69\
\x6e\x65\x63\x61\x70\x3d\x22\x72\x6f\x75\x6e\x64\x22\x20\x73\x74\
\x72\x6f\x6b\x65\x2d\x6c\x69\x6e\x65\x6a\x6f\x69\x6e\x3d\x22\x72\
\x6f\x75\x6e\x64\x22\x20\x63\x6c\x61\x73\x73\x3d\x22\x66\x65\x61\
\x74\x68\x65\x72\x20\x66\x65\x61\x74\x68\x65\x72\x2d\x72\x65\x66\
\x72\x65\x73\x68\x2d\x63\x77\x22\x3e\x3c\x70\x6f\x6c\x79\x6c\x69\
\x6e\x65\x20\x70\x6f\x69\x6e\x74\x73\x3d\x22\x32\x33\x20\x34\x20\
\x32\x33\x20\x31\x30\x20\x31\x37\x20\x31\x30\x22\x3e\x3c\x2f\x70\
\x6f\x6c\x79\x6c\x69\x6e\x65\x3e\x3c\x70\x6f\x6c\x79\x6c\x69\x6e\
\x65\x20\x70\x6f\x69\x6e\x74\x73\x3d\x22\x31\x20\x32\x30\x20\x31\
\x20\x31\x34\x20\x37\x20\x31\x34\x22\x3e\x3c\x2f\x70\x6f\x6c\x79\
\x6c\x69\x6e\x65\x3e\x3c\x70\x61\x74\x68\x20\x64\x3d\x22\x4d\x33\
\x2e\x35\x31\x20\x39\x61\x39\x20\x39\x20\x30\x20\x30\x20\x31\x20\
\x31\x34\x2e\x38\x35\x2d\x33\x2e\x33\x36\x4c\x32\x33\x20\x31\x30\
\x4d\x31\x20\x31\x34\x6c\x34\x2e\x36\x34\x20\x34\x2e\x33\x36\x41\
\x39\x20\x39\x20\x30\x20\x30\x20\x30\x20\x32\x30\x2e\x34\x39\x20\
\x31\x35\x22\x3e\x3c\x2f\x70\x61\x74\x68\x3e\x3c\x2f\x73\x76\x67\
\x3e\
\x00\x00\x01\x89\
\x3c\
\x73\x76\x67\x20\x78\x6d\x6c\x6e\x73\x3d\x22\x68\x74\x74\x70\x3a\
\x2f\x2f\x77\x77\x77\x2e\x77\x33\x2e\x6f\x72\x67\x2f\x32\x30\x30\
\x30\x2f\x73\x76\x67\x22\x20\x77\x69\x64\x74\x68\x3d\x22\x38\x30\
\x22\x20\x68\x65\x69\x67\x68\x74\x3d\x22\x38\x30\x22\x20\x76\x69\
\x65\x77\x42\x6f\x78\x3d\x22\x30\x20\x30\x20\x32\x34\x20\x32\x34\
\x22\x20\x66\x69\x6c\x6c\x3d\x22\x6e\x6f\x6e\x65\x22\x20\x73\x74\
\x72\x6f\x6b\x65\x3d\x22\x63\x75\x72\x72\x65\x6e\x74\x43\x6f\x6c\
\x6f\x72\x22\x20\x73\x74\x72\x6f\x6b\x65\x2d\x77\x69\x64\x74\x68\
\x3d\x22\x31\x2e\x35\x22\x20\x73\x74\x72\x6f\x6b\x65\x2d\x6c\x69\
\x6e\x65\x63\x61\x70\x3d\x22\x72\x6f\x75\x6e\x64\x22\x20\x73\x74\
\x72\x6f\x6b\x65\x2d\x6c\x69\x6e\x65\x6a\x6f\x69\x6e\x3d\x22\x72\
\x6f\x75\x6e\x64\x22\x20\x63\x6c\x61\x73\x73\x3d\x22\x66\x65\x61\
\x74\x68\x65\x72\x20\x66\x65\x61\x74\x68\x65\x72\x2d\x70\x65\x6e\
\x2d\x74\x6f\x6f\x6c\x22\x3e\x3c\x70\x61\x74\x68\x20\x64\x3d\x22\
\x4d\x31\x32\x20\x31\x39\x6c\x37\x2d\x37\x20\x33\x20\x33\x2d\x37\
\x20\x37\x2d\x33\x2d\x33\x7a\x22\x3e\x3c\x2f\x70\x61\x74\x68\x3e\
\x3c\x70\x61\x74\x68\x20\x64\x3d\x22\x4d\x31\x38\x20\x31\x33\x6c\
\x2d\x31\x2e\x35\x2d\x37\x2e\x35\x4c\x32\x20\x32\x6c\x33\x2e\x35\
\x20\x31\x34\x2e\x35\x4c\x31\x33\x20\x31\x38\x6c\x35\x2d\x35\x7a\
\x22\x3e\x3c\x2f\x70\x61\x74\x68\x3e\x3c\x70\x61\x74\x68\x20\x64\
\x3d\x22\x4d\x32\x20\x32\x6c\x37\x2e\x35\x38\x36\x20\x37\x2e\x35\
\x38\x36\x22\x3e\x3c\x2f\x70\x61\x74\x68\x3e\x3c\x63\x69\x72\x63\
\x6c\x65\x20\x63\x78\x3d\x22\x31\x31\x22\x20\x63\x79\x3d\x22\x31\
\x31\x22\x20\x72\x3d\x22\x32\x22\x3e\x3c\x2f\x63\x69\x72\x63\x6c\
\x65\x3e\x3c\x2f\x73\x76\x67\x3e\
\x00\x00\x01\x85\
\x3c\
\x73\x76\x67\x20\x78\x6d\x6c\x6e\x73\x3d\x22\x68\x74\x74\x70\x3a\
\x2f\x2f\x77\x77\x77\x2e\x77\x33\x2e\x6f\x72\x67\x2f\x32\x30\x30\
\x30\x2f\x73\x76\x67\x22\x20\x77\x69\x64\x74\x68\x3d\x22\x38\x30\
\x22\x20\x68\x65\x69\x67\x68\x74\x3d\x22\x38\x30\x22\x20\x76\x69\
\x65\x77\x42\x6f\x78\x3d\x22\x30\x20\x30\x20\x32\x34\x20\x32\x34\
\x22\x20\x66\x69\x6c\x6c\x3d\x22\x6e\x6f\x6e\x65\x22\x20\x73\x74\
\x72\x6f\x6b\x65\x3d\x22\x63\x75\x72\x72\x65\x6e\x74\x43\x6f\x6c\
\x6f\x72\x22\x20\x73\x74\x72\x6f\x6b\x65\x2d\x77\x69\x64\x74\x68\
\x3d\x22\x31\x2e\x35\x22\x20\x73\x74\x72\x6f\x6b\x65\x2d\x6c\x69\
\x6e\x65\x63\x61\x70\x3d\x22\x72\x6f\x75\x6e\x64\x22\x20\x73\x74\
\x72\x6f\x6b\x65\x2d\x6c\x69\x6e\x65\x6a\x6f\x69\x6e\x3d\x22\x72\
\x6f\x75\x6e\x64\x22\x20\x63\x6c\x61\x73\x73\x3d\x22\x66\x65\x61\
\x74\x68\x65\x72\x20\x66\x65\x61\x74\x68\x65\x72\x2d\x67\x69\x74\
\x2d\x70\x75\x6c\x6c\x2d\x72\x65\x71\x75\x65\x73\x74\x22\x3e\x3c\
\x63\x69\x72\x63\x6c\x65\x20\x63\x78\x3d\x22\x31\x38\x22\x20\x63\
\x79\x3d\x22\x31\x38\x22\x20\x72\x3d\x22\x33\x22\x3e\x3c\x2f\x63\
\x69\x72\x63\x6c\x65\x3e\x3c\x63\x69\x72\x63\x6c\x65\x20\x63\x78\
\x3d\x22\x36\x22\x20\x63\x79\x3d\x22\x36\x22\x20\x72\x3d\x22\x33\
\x22\x3e\x3c\x2f\x63\x69\x72\x63\x6c\x65\x3e\x3c\x70\x61\x74\x68\
\x20\x64\x3d\x22\x4d\x31\x33\x20\x36\x68\x33\x61\x32\x20\x32\x20\
\x30\x20\x30\x20\x31\x20\x32\x20\x32\x76\x37\x22\x3e\x3c\x2f\x70\
\x61\x74\x68\x3e\x3c\x6c\x69\x6e\x65\x20\x78\x31\x3d\x22\x36\x22\
\x20\x79\x31\x3d\x22\x39\x22\x20\x78\x32\x3d\x22\x36\x22\x20\x79\
\x32\x3d\x22\x32\x31\x22\x3e\x3c\x2f\x6c\x69\x6e\x65\x3e\x3c\x2f\
\x73\x76\x67\x3e\
\x00\x00\x01\x3a\
\x3c\
\x73\x76\x67\x20\x78\x6d\x6c\x6e\x73\x3d\x22\x68\x74\x74\x70\x3a\
\x2f\x2f\x77\x77\x77\x2e\x77\x33\x2e\x6f\x72\x67\x2f\x32\x30\x30\
\x30\x2f\x73\x76\x67\x22\x20\x77\x69\x64\x74\x68\x3d\x22\x38\x30\
\x22\x20\x68\x65\x69\x67\x68\x74\x3d\x22\x38\x30\x22\x20\x76\x69\
\x65\x77\x42\x6f\x78\x3d\x22\x30\x20\x30\x20\x32\x34\x20\x32\x34\
\x22\x20\x66\x69\x6c\x6c\x3d\x22\x6e\x6f\x6e\x65\x22\x20\x73\x74\
\x72\x6f\x6b\x65\x3d\x22\x63\x75\x72\x72\x65\x6e\x74\x43\x6f\x6c\
\x6f\x72\x22\x20\x73\x74\x72\x6f\x6b\x65\x2d\x77\x69\x64\x74\x68\
\x3d\x22\x31\x2e\x35\x22\x20\x73\x74\x72\x6f\x6b\x65\x2d\x6c\x69\
\x6e\x65\x63\x61\x70\x3d\x22\x72\x6f\x75\x6e\x64\x22\x20\x73\x74\
\x72\x6f\x6b\x65\x2d\x6c\x69\x6e\x65\x6a\x6f\x69\x6e\x3d\x22\x72\
\x6f\x75\x6e\x64\x22\x20\x63\x6c\x61\x73\x73\x3d\x22\x66\x65\x61\
\x74\x68\x65\x72\x20\x66\x65\x61\x74\x68\x65\x72\x2d\x63\x6f\x72\
\x6e\x65\x72\x2d\x6c\x65\x66\x74\x2d\x75\x70\x22\x3e\x3c\x70\x6f\
\x6c\x79\x6c\x69\x6e\x65\x20\x70\x6f\x69\x6e\x74\x73\x3d\x22\x31\
\x34\x20\x39\x20\x39\x20\x34\x20\x34\x20\x39\x22\x3e\x3c\x2f\x70\
\x6f\x6c\x79\x6c\x69\x6e\x65\x3e\x3c\x70\x61\x74\x68\x20\x64\x3d\
\x22\x4d\x32\x30\x20\x32\x30\x68\x2d\x37\x61\x34\x20\x34\x20\x30\
\x20\x30\x20\x31\x2d\x34\x2d\x34\x56\x34\x22\x3e\x3c\x2f\x70\x61\
\x74\x68\x3e\x3c\x2f\x73\x76\x67\x3e\
\x00\x00\x01\x3c\
\x3c\
\x73\x76\x67\x20\x78\x6d\x6c\x6e\x73\x3d\x22\x68\x74\x74\x70\x3a\
\x2f\x2f\x77\x77\x77\x2e\x77\x33\x2e\x6f\x72\x67\x2f\x32\x30\x30\
\x30\x2f\x73\x76\x67\x22\x20\x77\x69\x64\x74\x68\x3d\x22\x38\x30\
\x22\x20\x68\x65\x69\x67\x68\x74\x3d\x22\x38\x30\x22\x20\x76\x69\
\x65\x77\x42\x6f\x78\x3d\x22\x30\x20\x30\x20\x32\x34\x20\x32\x34\
\x22\x20\x66\x69\x6c\x6c\x3d\x22\x6e\x6f\x6e\x65\x22\x20\x73\x74\
\x72\x6f\x6b\x65\x3d\x22\x63\x75\x72\x72\x65\x6e\x74\x43\x6f\x6c\
\x6f\x72\x22\x20\x73\x74\x72\x6f\x6b\x65\x2d\x77\x69\x64\x74\x68\
\x3d\x22\x31\x2e\x35\x22\x20\x73\x74\x72\x6f\x6b\x65\x2d\x6c\x69\
\x6e\x65\x63\x61\x70\x3d\x22\x72\x6f\x75\x6e\x64\x22\x20\x73\x74\
\x72\x6f\x6b\x65\x2d\x6c\x69\x6e\x65\x6a\x6f\x69\x6e\x3d\x22\x72\
\x6f\x75\x6e\x64\x22\x20\x63\x6c\x61\x73\x73\x3d\x22\x66\x65\x61\
\x74\x68\x65\x72\x20\x66\x65\x61\x74\x68\x65\x72\x2d\x63\x6f\x72\
\x6e\x65\x72\x2d\x64\x6f\x77\x6e\x2d\x6c\x65\x66\x74\x22\x3e\x3c\
\x70\x6f\x6c\x79\x6c\x69\x6e\x65\x20\x70\x6f\x69\x6e\x74\x73\x3d\
\x22\x39\x20\x31\x30\x20\x34\x20\x31\x35\x20\x39\x20\x32\x30\x22\
\x3e\x3c\x2f\x70\x6f\x6c\x79\x6c\x69\x6e\x65\x3e\x3c\x70\x61\x74\
\x68\x20\x64\x3d\x22\x4d\x32\x30\x20\x34\x76\x37\x61\x34\x20\x34\
\x20\x30\x20\x30\x20\x31\x2d\x34\x20\x34\x48\x34\x22\x3e\x3c\x2f\
\x70\x61\x74\x68\x3e\x3c\x2f\x73\x76\x67\x3e\
\x00\x00\x01\x77\
\x3c\
\x73\x76\x67\x20\x78\x6d\x6c\x6e\x73\x3d\x22\x68\x74\x74\x70\x3a\
\x2f\x2f\x77\x77\x77\x2e\x77\x33\x2e\x6f\x72\x67\x2f\x32\x30\x30\
\x30\x2f\x73\x76\x67\x22\x20\x77\x69\x64\x74\x68\x3d\x22\x38\x30\
\x22\x20\x68\x65\x69\x67\x68\x74\x3d\x22\x38\x30\x22\x20\x76\x69\
\x65\x77\x42\x6f\x78\x3d\x22\x30\x20\x30\x20\x32\x34\x20\x32\x34\
\x22\x20\x66\x69\x6c\x6c\x3d\x22\x6e\x6f\x6e\x65\x22\x20\x73\x74\
\x72\x6f\x6b\x65\x3d\x22\x63\x75\x72\x72\x65\x6e\x74\x43\x6f\x6c\
\x6f\x72\x22\x20\x73\x74\x72\x6f\x6b\x65\x2d\x77\x69\x64\x74\x68\
\x3d\x22\x31\x2e\x35\x22\x20\x73\x74\x72\x6f\x6b\x65\x2d\x6c\x69\
\x6e\x65\x63\x61\x70\x3d\x22\x72\x6f\x75\x6e\x64\x22\x20\x73\x74\
\x72\x6f\x6b\x65\x2d\x6c\x69\x6e\x65\x6a\x6f\x69\x6e\x3d\x22\x72\
\x6f\x75\x6e\x64\x22\x20\x63\x6c\x61\x73\x73\x3d\x22\x66\x65\x61\
\x74\x68\x65\x72\x20\x66\x65\x61\x74\x68\x65\x72\x2d\x74\x72\x65\
\x6c\x6c\x6f\x22\x3e\x3c\x72\x65\x63\x74\x20\x78\x3d\x22\x33\x22\
\x20\x79\x3d\x22\x33\x22\x20\x77\x69\x64\x74\x68\x3d\x22\x31\x38\
\x22\x20\x68\x65\x69\x67\x68\x74\x3d\x22\x31\x38\x22\x20\x72\x78\
\x3d\x22\x32\x22\x20\x72\x79\x3d\x22\x32\x22\x3e\x3c\x2f\x72\x65\
\x63\x74\x3e\x3c\x72\x65\x63\x74\x20\x78\x3d\x22\x37\x22\x20\x79\
\x3d\x22\x37\x22\x20\x77\x69\x64\x74\x68\x3d\x22\x33\x22\x20\x68\
\x65\x69\x67\x68\x74\x3d\x22\x39\x22\x3e\x3c\x2f\x72\x65\x63\x74\
\x3e\x3c\x72\x65\x63\x74\x20\x78\x3d\x22\x31\x34\x22\x20\x79\x3d\
\x22\x37\x22\x20\x77\x69\x64\x74\x68\x3d\x22\x33\x22\x20\x68\x65\
\x69\x67\x68\x74\x3d\x22\x35\x22\x3e\x3c\x2f\x72\x65\x63\x74\x3e\
\x3c\x2f\x73\x76\x67\x3e\
\x00\x00\x01\x6a\
\x3c\
\x73\x76\x67\x20\x78\x6d\x6c\x6e\x73\x3d\x22\x68\x74\x74\x70\x3a\
\x2f\x2f\x77\x77\x77\x2e\x77\x33\x2e\x6f\x72\x67\x2f\x32\x30\x30\
\x30\x2f\x73\x76\x67\x22\x20\x77\x69\x64\x74\x68\x3d\x22\x38\x30\
\x22\x20\x68\x65\x69\x67\x68\x74\x3d\x22\x38\x30\x22\x20\x76\x69\
\x65\x77\x42\x6f\x78\x3d\x22\x30\x20\x30\x20\x32\x34\x20\x32\x34\
\x22\x20\x66\x69\x6c\x6c\x3d\x22\x6e\x6f\x6e\x65\x22\x20\x73\x74\
\x72\x6f\x6b\x65\x3d\x22\x63\x75\x72\x72\x65\x6e\x74\x43\x6f\x6c\
\x6f\x72\x22\x20\x73\x74\x72\x6f\x6b\x65\x2d\x77\x69\x64\x74\x68\
\x3d\x22\x31\x2e\x35\x22\x20\x73\x74\x72\x6f\x6b\x65\x2d\x6c\x69\
\x6e\x65\x63\x61\x70\x3d\x22\x72\x6f\x75\x6e\x64\x22\x20\x73\x74\
\x72\x6f\x6b\x65\x2d\x6c\x69\x6e\x65\x6a\x6f\x69\x6e\x3d\x22\x72\
\x6f\x75\x6e\x64\x22\x20\x63\x6c\x61\x73\x73\x3d\x22\x66\x65\x61\
\x74\x68\x65\x72\x20\x66\x65\x61\x74\x68\x65\x72\x2d\x61\x72\x72\
\x6f\x77\x2d\x64\x6f\x77\x6e\x2d\x63\x69\x72\x63\x6c\x65\x22\x3e\
\x3c\x63\x69\x72\x63\x6c\x65\x20\x63\x78\x3d\x22\x31\x32\x22\x20\
\x63\x79\x3d\x22\x31\x32\x22\x20\x72\x3d\x22\x31\x30\x22\x3e\x3c\
\x2f\x63\x69\x72\x63\x6c\x65\x3e\x3c\x70\x6f\x6c\x79\x6c\x69\x6e\
\x65\x20\x70\x6f\x69\x6e\x74\x73\x3d\x22\x38\x20\x31\x32\x20\x31\
\x32\x20\x31\x36\x20\x31\x36\x20\x31\x32\x22\x3e\x3c\x2f\x70\x6f\
\x6c\x79\x6c\x69\x6e\x65\x3e\x3c\x6c\x69\x6e\x65\x20\x78\x31\x3d\
\x22\x31\x32\x22\x20\x79\x31\x3d\x22\x38\x22\x20\x78\x32\x3d\x22\
\x31\x32\x22\x20\x79\x32\x3d\x22\x31\x36\x22\x3e\x3c\x2f\x6c\x69\
\x6e\x65\x3e\x3c\x2f\x73\x76\x67\x3e\
\x00\x00\x01\x69\
\x3c\
\x73\x76\x67\x20\x78\x6d\x6c\x6e\x73\x3d\x22\x68\x74\x74\x70\x3a\
\x2f\x2f\x77\x77\x77\x2e\x77\x33\x2e\x6f\x72\x67\x2f\x32\x30\x30\
\x30\x2f\x73\x76\x67\x22\x20\x77\x69\x64\x74\x68\x3d\x22\x38\x30\
\x22\x20\x68\x65\x69\x67\x68\x74\x3d\x22\x38\x30\x22\x20\x76\x69\
\x65\x77\x42\x6f\x78\x3d\x22\x30\x20\x30\x20\x32\x34\x20\x32\x34\
\x22\x20\x66\x69\x6c\x6c\x3d\x22\x6e\x6f\x6e\x65\x22\x20\x73\x74\
\x72\x6f\x6b\x65\x3d\x22\x63\x75\x72\x72\x65\x6e\x74\x43\x6f\x6c\
\x6f\x72\x22\x20\x73\x74\x72\x6f\x6b\x65\x2d\x77\x69\x64\x74\x68\
\x3d\x22\x31\x2e\x35\x22\x20\x73\x74\x72\x6f\x6b\x65\x2d\x6c\x69\
\x6e\x65\x63\x61\x70\x3d\x22\x72\x6f\x75\x6e\x64\x22\x20\x73\x74\
\x72\x6f\x6b\x65\x2d\x6c\x69\x6e\x65\x6a\x6f\x69\x6e\x3d\x22\x72\
\x6f\x75\x6e\x64\x22\x20\x63\x6c\x61\x73\x73\x3d\x22\x66\x65\x61\
\x74\x68\x65\x72\x20\x66\x65\x61\x74\x68\x65\x72\x2d\x76\x6f\x6c\
\x75\x6d\x65\x2d\x32\x22\x3e\x3c\x70\x6f\x6c\x79\x67\x6f\x6e\x20\
\x70\x6f\x69\x6e\x74\x73\x3d\x22\x31\x31\x20\x35\x20\x36\x20\x39\
\x20\x32\x20\x39\x20\x32\x20\x31\x35\x20\x36\x20\x31\x35\x20\x31\
\x31\x20\x31\x39\x20\x31\x31\x20\x35\x22\x3e\x3c\x2f\x70\x6f\x6c\
\x79\x67\x6f\x6e\x3e\x3c\x70\x61\x74\x68\x20\x64\x3d\x22\x4d\x31\
\x39\x2e\x30\x37\x20\x34\x2e\x39\x33\x61\x31\x30\x20\x31\x30\x20\
\x30\x20\x30\x20\x31\x20\x30\x20\x31\x34\x2e\x31\x34\x4d\x31\x35\
\x2e\x35\x34\x20\x38\x2e\x34\x36\x61\x35\x20\x35\x20\x30\x20\x30\
\x20\x31\x20\x30\x20\x37\x2e\x30\x37\x22\x3e\x3c\x2f\x70\x61\x74\
\x68\x3e\x3c\x2f\x73\x76\x67\x3e\
\x00\x00\x01\x6b\
\x3c\
\x73\x76\x67\x20\x78\x6d\x6c\x6e\x73\x3d\x22\x68\x74\x74\x70\x3a\
\x2f\x2f\x77\x77\x77\x2e\x77\x33\x2e\x6f\x72\x67\x2f\x32\x30\x30\
\x30\x2f\x73\x76\x67\x22\x20\x77\x69\x64\x74\x68\x3d\x22\x38\x30\
\x22\x20\x68\x65\x69\x67\x68\x74\x3d\x22\x38\x30\x22\x20\x76\x69\
\x65\x77\x42\x6f\x78\x3d\x22\x30\x20\x30\x20\x32\x34\x20\x32\x34\
\x22\x20\x66\x69\x6c\x6c\x3d\x22\x6e\x6f\x6e\x65\x22\x20\x73\x74\
\x72\x6f\x6b\x65\x3d\x22\x63\x75\x72\x72\x65\x6e\x74\x43\x6f\x6c\
\x6f\x72\x22\x20\x73\x74\x72\x6f\x6b\x65\x2d\x77\x69\x64\x74\x68\
\x3d\x22\x31\x2e\x35\x22\x20\x73\x74\x72\x6f\x6b\x65\x2d\x6c\x69\
\x6e\x65\x63\x61\x70\x3d\x22\x72\x6f\x75\x6e\x64\x22\x20\x73\x74\
\x72\x6f\x6b\x65\x2d\x6c\x69\x6e\x65\x6a\x6f\x69\x6e\x3d\x22\x72\
\x6f\x75\x6e\x64\x22\x20\x63\x6c\x61\x73\x73\x3d\x22\x66\x65\x61\
\x74\x68\x65\x72\x20\x66\x65\x61\x74\x68\x65\x72\x2d\x61\x72\x63\
\x68\x69\x76\x65\x22\x3e\x3c\x70\x6f\x6c\x79\x6c\x69\x6e\x65\x20\
\x70\x6f\x69\x6e\x74\x73\x3d\x22\x32\x31\x20\x38\x20\x32\x31\x20\
\x32\x31\x20\x33\x20\x32\x31\x20\x33\x20\x38\x22\x3e\x3c\x2f\x70\
\x6f\x6c\x79\x6c\x69\x6e\x65\x3e\x3c\x72\x65\x63\x74\x20\x78\x3d\
\x22\x31\x22\x20\x79\x3d\x22\x33\x22\x20\x77\x69\x64\x74\x68\x3d\
\x22\x32\x32\x22\x20\x68\x65\x69\x67\x68\x74\x3d\x22\x35\x22\x3e\
\x3c\x2f\x72\x65\x63\x74\x3e\x3c\x6c\x69\x6e\x65\x20\x78\x31\x3d\
\x22\x31\x30\x22\x20\x79\x31\x3d\x22\x31\x32\x22\x20\x78\x32\x3d\
\x22\x31\x34\x22\x20\x79\x32\x3d\x22\x31\x32\x22\x3e\x3c\x2f\x6c\
\x69\x6e\x65\x3e\x3c\x2f\x73\x76\x67\x3e\
\x00\x00\x01\xb1\
\x3c\
\x73\x76\x67\x20\x78\x6d\x6c\x6e\x73\x3d\x22\x68\x74\x74\x70\x3a\
\x2f\x2f\x77\x77\x77\x2e\x77\x33\x2e\x6f\x72\x67\x2f\x32\x30\x30\
\x30\x2f\x73\x76\x67\x22\x20\x77\x69\x64\x74\x68\x3d\x22\x38\x30\
\x22\x20\x68\x65\x69\x67\x68\x74\x3d\x22\x38\x30\x22\x20\x76\x69\
\x65\x77\x42\x6f\x78\x3d\x22\x30\x20\x30\x20\x32\x34\x20\x32\x34\
\x22\x20\x66\x69\x6c\x6c\x3d\x22\x6e\x6f\x6e\x65\x22\x20\x73\x74\
\x72\x6f\x6b\x65\x3d\x22\x63\x75\x72\x72\x65\x6e\x74\x43\x6f\x6c\
\x6f\x72\x22\x20\x73\x74\x72\x6f\x6b\x65\x2d\x77\x69\x64\x74\x68\
\x3d\x22\x31\x2e\x35\x22\x20\x73\x74\x72\x6f\x6b\x65\x2d\x6c\x69\
\x6e\x65\x63\x61\x70\x3d\x22\x72\x6f\x75\x6e\x64\x22\x20\x73\x74\
\x72\x6f\x6b\x65\x2d\x6c\x69\x6e\x65\x6a\x6f\x69\x6e\x3d\x22\x72\
\x6f\x75\x6e\x64\x22\x20\x63\x6c\x61\x73\x73\x3d\x22\x66\x65\x61\
\x74\x68\x65\x72\x20\x66\x65\x61\x74\x68\x65\x72\x2d\x73\x65\x72\
\x76\x65\x72\x22\x3e\x3c\x72\x65\x63\x74\x20\x78\x3d\x22\x32\x22\
\x20\x79\x3d\x22\x32\x22\x20\x77\x69\x64\x74\x68\x3d\x22\x32\x30\
\x22\x20\x68\x65\x69\x67\x68\x74\x3d\x22\x38\x22\x20\x72\x78\x3d\
\x22\x32\x22\x20\x72\x79\x3d\x22\x32\x22\x3e\x3c\x2f\x72\x65\x63\
\x74\x3e\x3c\x72\x65\x63\x74\x20\x78\x3d\x22\x32\x22\x20\x79\x3d\
\x22\x31\x34\x22\x20\x77\x69\x64\x74\x68\x3d\x22\x32\x30\x22\x20\
\x68\x65\x69\x67\x68\x74\x3d\x22\x38\x22\x20\x72\x78\x3d\x22\x32\
\x22\x20\x72\x79\x3d\x22\x32\x22\x3e\x3c\x2f\x72\x65\x63\x74\x3e\
\x3c\x6c\x69\x6e\x65\x20\x78\x31\x3d\x22\x36\x22\x20\x79\x31\x3d\
\x22\x36\x22\x20\x78\x32\x3d\x22\x36\x2e\x30\x31\x22\x20\x79\x32\
\x3d\x22\x36\x22\x3e\x3c\x2f\x6c\x69\x6e\x65\x3e\x3c\x6c\x69\x6e\
\x65\x20\x78\x31\x3d\x22\x36\x22\x20\x79\x31\x3d\x22\x31\x38\x22\
\x20\x78\x32\x3d\x22\x36\x2e\x30\x31\x22\x20\x79\x32\x3d\x22\x31\
\x38\x22\x3e\x3c\x2f\x6c\x69\x6e\x65\x3e\x3c\x2f\x73\x76\x67\x3e\
\
\x00\x00\x01\x4e\
\x3c\
\x73\x76\x67\x20\x78\x6d\x6c\x6e\x73\x3d\x22\x68\x74\x74\x70\x3a\
\x2f\x2f\x77\x77\x77\x2e\x77\x33\x2e\x6f\x72\x67\x2f\x32\x30\x30\
\x30\x2f\x73\x76\x67\x22\x20\x77\x69\x64\x74\x68\x3d\x22\x38\x30\
\x22\x20\x68\x65\x69\x67\x68\x74\x3d\x22\x38\x30\x22\x20\x76\x69\
\x65\x77\x42\x6f\x78\x3d\x22\x30\x20\x30\x20\x32\x34\x20\x32\x34\
\x22\x20\x66\x69\x6c\x6c\x3d\x22\x6e\x6f\x6e\x65\x22\x20\x73\x74\
\x72\x6f\x6b\x65\x3d\x22\x63\x75\x72\x72\x65\x6e\x74\x43\x6f\x6c\
\x6f\x72\x22\x20\x73\x74\x72\x6f\x6b\x65\x2d\x77\x69\x64\x74\x68\
\x3d\x22\x31\x2e\x35\x22\x20\x73\x74\x72\x6f\x6b\x65\x2d\x6c\x69\
\x6e\x65\x63\x61\x70\x3d\x22\x72\x6f\x75\x6e\x64\x22\x20\x73\x74\
\x72\x6f\x6b\x65\x2d\x6c\x69\x6e\x65\x6a\x6f\x69\x6e\x3d\x22\x72\
\x6f\x75\x6e\x64\x22\x20\x63\x6c\x61\x73\x73\x3d\x22\x66\x65\x61\
\x74\x68\x65\x72\x20\x66\x65\x61\x74\x68\x65\x72\x2d\x73\x6d\x61\
\x72\x74\x70\x68\x6f\x6e\x65\x22\x3e\x3c\x72\x65\x63\x74\x20\x78\
\x3d\x22\x35\x22\x20\x79\x3d\x22\x32\x22\x20\x77\x69\x64\x74\x68\
\x3d\x22\x31\x34\x22\x20\x68\x65\x69\x67\x68\x74\x3d\x22\x32\x30\
\x22\x20\x72\x78\x3d\x22\x32\x22\x20\x72\x79\x3d\x22\x32\x22\x3e\
\x3c\x2f\x72\x65\x63\x74\x3e\x3c\x6c\x69\x6e\x65\x20\x78\x31\x3d\
\x22\x31\x32\x22\x20\x79\x31\x3d\x22\x31\x38\x22\x20\x78\x32\x3d\
\x22\x31\x32\x2e\x30\x31\x22\x20\x79\x32\x3d\x22\x31\x38\x22\x3e\
\x3c\x2f\x6c\x69\x6e\x65\x3e\x3c\x2f\x73\x76\x67\x3e\
\x00\x00\x01\xa4\
\x3c\
\x73\x76\x67\x20\x78\x6d\x6c\x6e\x73\x3d\x22\x68\x74\x74\x70\x3a\
\x2f\x2f\x77\x77\x77\x2e\x77\x33\x2e\x6f\x72\x67\x2f\x32\x30\x30\
\x30\x2f\x73\x76\x67\x22\x20\x77\x69\x64\x74\x68\x3d\x22\x38\x30\
\x22\x20\x68\x65\x69\x67\x68\x74\x3d\x22\x38\x30\x22\x20\x76\x69\
\x65\x77\x42\x6f\x78\x3d\x22\x30\x20\x30\x20\x32\x34\x20\x32\x34\
\x22\x20\x66\x69\x6c\x6c\x3d\x22\x6e\x6f\x6e\x65\x22\x20\x73\x74\
\x72\x6f\x6b\x65\x3d\x22\x63\x75\x72\x72\x65\x6e\x74\x43\x6f\x6c\
\x6f\x72\x22\x20\x73\x74\x72\x6f\x6b\x65\x2d\x77\x69\x64\x74\x68\
\x3d\x22\x31\x2e\x35\x22\x20\x73\x74\x72\x6f\x6b\x65\x2d\x6c\x69\
\x6e\x65\x63\x61\x70\x3d\x22\x72\x6f\x75\x6e\x64\x22\x20\x73\x74\
\x72\x6f\x6b\x65\x2d\x6c\x69\x6e\x65\x6a\x6f\x69\x6e\x3d\x22\x72\
\x6f\x75\x6e\x64\x22\x20\x63\x6c\x61\x73\x73\x3d\x22\x66\x65\x61\
\x74\x68\x65\x72\x20\x66\x65\x61\x74\x68\x65\x72\x2d\x6d\x69\x63\
\x22\x3e\x3c\x70\x61\x74\x68\x20\x64\x3d\x22\x4d\x31\x32\x20\x31\
\x61\x33\x20\x33\x20\x30\x20\x30\x20\x30\x2d\x33\x20\x33\x76\x38\
\x61\x33\x20\x33\x20\x30\x20\x30\x20\x30\x20\x36\x20\x30\x56\x34\
\x61\x33\x20\x33\x20\x30\x20\x30\x20\x30\x2d\x33\x2d\x33\x7a\x22\
\x3e\x3c\x2f\x70\x61\x74\x68\x3e\x3c\x70\x61\x74\x68\x20\x64\x3d\
\x22\x4d\x31\x39\x20\x31\x30\x76\x32\x61\x37\x20\x37\x20\x30\x20\
\x30\x20\x31\x2d\x31\x34\x20\x30\x76\x2d\x32\x22\x3e\x3c\x2f\x70\
\x61\x74\x68\x3e\x3c\x6c\x69\x6e\x65\x20\x78\x31\x3d\x22\x31\x32\
\x22\x20\x79\x31\x3d\x22\x31\x39\x22\x20\x78\x32\x3d\x22\x31\x32\
\x22\x20\x79\x32\x3d\x22\x32\x33\x22\x3e\x3c\x2f\x6c\x69\x6e\x65\
\x3e\x3c\x6c\x69\x6e\x65\x20\x78\x31\x3d\x22\x38\x22\x20\x79\x31\
\x3d\x22\x32\x33\x22\x20\x78\x32\x3d\x22\x31\x36\x22\x20\x79\x32\
\x3d\x22\x32\x33\x22\x3e\x3c\x2f\x6c\x69\x6e\x65\x3e\x3c\x2f\x73\
\x76\x67\x3e\
\x00\x00\x01\x3f\
\x3c\
\x73\x76\x67\x20\x78\x6d\x6c\x6e\x73\x3d\x22\x68\x74\x74\x70\x3a\
\x2f\x2f\x77\x77\x77\x2e\x77\x33\x2e\x6f\x72\x67\x2f\x32\x30\x30\
\x30\x2f\x73\x76\x67\x22\x20\x77\x69\x64\x74\x68\x3d\x22\x38\x30\
\x22\x20\x68\x65\x69\x67\x68\x74\x3d\x22\x38\x30\x22\x20\x76\x69\
\x65\x77\x42\x6f\x78\x3d\x22\x30\x20\x30\x20\x32\x34\x20\x32\x34\
\x22\x20\x66\x69\x6c\x6c\x3d\x22\x6e\x6f\x6e\x65\x22\x20\x73\x74\
\x72\x6f\x6b\x65\x3d\x22\x63\x75\x72\x72\x65\x6e\x74\x43\x6f\x6c\
\x6f\x72\x22\x20\x73\x74\x72\x6f\x6b\x65\x2d\x77\x69\x64\x74\x68\
\x3d\x22\x31\x2e\x35\x22\x20\x73\x74\x72\x6f\x6b\x65\x2d\x6c\x69\
\x6e\x65\x63\x61\x70\x3d\x22\x72\x6f\x75\x6e\x64\x22\x20\x73\x74\
\x72\x6f\x6b\x65\x2d\x6c\x69\x6e\x65\x6a\x6f\x69\x6e\x3d\x22\x72\
\x6f\x75\x6e\x64\x22\x20\x63\x6c\x61\x73\x73\x3d\x22\x66\x65\x61\
\x74\x68\x65\x72\x20\x66\x65\x61\x74\x68\x65\x72\x2d\x63\x68\x65\
\x76\x72\x6f\x6e\x73\x2d\x64\x6f\x77\x6e\x22\x3e\x3c\x70\x6f\x6c\
\x79\x6c\x69\x6e\x65\x20\x70\x6f\x69\x6e\x74\x73\x3d\x22\x37\x20\
\x31\x33\x20\x31\x32\x20\x31\x38\x20\x31\x37\x20\x31\x33\x22\x3e\
\x3c\x2f\x70\x6f\x6c\x79\x6c\x69\x6e\x65\x3e\x3c\x70\x6f\x6c\x79\
\x6c\x69\x6e\x65\x20\x70\x6f\x69\x6e\x74\x73\x3d\x22\x37\x20\x36\
\x20\x31\x32\x20\x31\x31\x20\x31\x37\x20\x36\x22\x3e\x3c\x2f\x70\
\x6f\x6c\x79\x6c\x69\x6e\x65\x3e\x3c\x2f\x73\x76\x67\x3e\
\x00\x00\x01\x68\
\x3c\
\x73\x76\x67\x20\x78\x6d\x6c\x6e\x73\x3d\x22\x68\x74\x74\x70\x3a\
\x2f\x2f\x77\x77\x77\x2e\x77\x33\x2e\x6f\x72\x67\x2f\x32\x30\x30\
\x30\x2f\x73\x76\x67\x22\x20\x77\x69\x64\x74\x68\x3d\x22\x38\x30\
\x22\x20\x68\x65\x69\x67\x68\x74\x3d\x22\x38\x30\x22\x20\x76\x69\
\x65\x77\x42\x6f\x78\x3d\x22\x30\x20\x30\x20\x32\x34\x20\x32\x34\
\x22\x20\x66\x69\x6c\x6c\x3d\x22\x6e\x6f\x6e\x65\x22\x20\x73\x74\
\x72\x6f\x6b\x65\x3d\x22\x63\x75\x72\x72\x65\x6e\x74\x43\x6f\x6c\
\x6f\x72\x22\x20\x73\x74\x72\x6f\x6b\x65\x2d\x77\x69\x64\x74\x68\
\x3d\x22\x31\x2e\x35\x22\x20\x73\x74\x72\x6f\x6b\x65\x2d\x6c\x69\
\x6e\x65\x63\x61\x70\x3d\x22\x72\x6f\x75\x6e\x64\x22\x20\x73\x74\
\x72\x6f\x6b\x65\x2d\x6c\x69\x6e\x65\x6a\x6f\x69\x6e\x3d\x22\x72\
\x6f\x75\x6e\x64\x22\x20\x63\x6c\x61\x73\x73\x3d\x22\x66\x65\x61\
\x74\x68\x65\x72\x20\x66\x65\x61\x74\x68\x65\x72\x2d\x70\x6f\x63\
\x6b\x65\x74\x22\x3e\x3c\x70\x61\x74\x68\x20\x64\x3d\x22\x4d\x34\
\x20\x33\x68\x31\x36\x61\x32\x20\x32\x20\x30\x20\x30\x20\x31\x20\
\x32\x20\x32\x76\x36\x61\x31\x30\x20\x31\x30\x20\x30\x20\x30\x20\
\x31\x2d\x31\x30\x20\x31\x30\x41\x31\x30\x20\x31\x30\x20\x30\x20\
\x30\x20\x31\x20\x32\x20\x31\x31\x56\x35\x61\x32\x20\x32\x20\x30\
\x20\x30\x20\x31\x20\x32\x2d\x32\x7a\x22\x3e\x3c\x2f\x70\x61\x74\
\x68\x3e\x3c\x70\x6f\x6c\x79\x6c\x69\x6e\x65\x20\x70\x6f\x69\x6e\
\x74\x73\x3d\x22\x38\x20\x31\x30\x20\x31\x32\x20\x31\x34\x20\x31\
\x36\x20\x31\x30\x22\x3e\x3c\x2f\x70\x6f\x6c\x79\x6c\x69\x6e\x65\
\x3e\x3c\x2f\x73\x76\x67\x3e\
\x00\x00\x01\x44\
\x3c\
\x73\x76\x67\x20\x78\x6d\x6c\x6e\x73\x3d\x22\x68\x74\x74\x70\x3a\
\x2f\x2f\x77\x77\x77\x2e\x77\x33\x2e\x6f\x72\x67\x2f\x32\x30\x30\
\x30\x2f\x73\x76\x67\x22\x20\x77\x69\x64\x74\x68\x3d\x22\x38\x30\
\x22\x20\x68\x65\x69\x67\x68\x74\x3d\x22\x38\x30\x22\x20\x76\x69\
\x65\x77\x42\x6f\x78\x3d\x22\x30\x20\x30\x20\x32\x34\x20\x32\x34\
\x22\x20\x66\x69\x6c\x6c\x3d\x22\x6e\x6f\x6e\x65\x22\x20\x73\x74\
\x72\x6f\x6b\x65\x3d\x22\x63\x75\x72\x72\x65\x6e\x74\x43\x6f\x6c\
\x6f\x72\x22\x20\x73\x74\x72\x6f\x6b\x65\x2d\x77\x69\x64\x74\x68\
\x3d\x22\x31\x2e\x35\x22\x20\x73\x74\x72\x6f\x6b\x65\x2d\x6c\x69\
\x6e\x65\x63\x61\x70\x3d\x22\x72\x6f\x75\x6e\x64\x22\x20\x73\x74\
\x72\x6f\x6b\x65\x2d\x6c\x69\x6e\x65\x6a\x6f\x69\x6e\x3d\x22\x72\
\x6f\x75\x6e\x64\x22\x20\x63\x6c\x61\x73\x73\x3d\x22\x66\x65\x61\
\x74\x68\x65\x72\x20\x66\x65\x61\x74\x68\x65\x72\x2d\x75\x6e\x6c\
\x6f\x63\x6b\x22\x3e\x3c\x72\x65\x63\x74\x20\x78\x3d\x22\x33\x22\
\x20\x79\x3d\x22\x31\x31\x22\x20\x77\x69\x64\x74\x68\x3d\x22\x31\
\x38\x22\x20\x68\x65\x69\x67\x68\x74\x3d\x22\x31\x31\x22\x20\x72\
\x78\x3d\x22\x32\x22\x20\x72\x79\x3d\x22\x32\x22\x3e\x3c\x2f\x72\
\x65\x63\x74\x3e\x3c\x70\x61\x74\x68\x20\x64\x3d\x22\x4d\x37\x20\
\x31\x31\x56\x37\x61\x35\x20\x35\x20\x30\x20\x30\x20\x31\x20\x39\
\x2e\x39\x2d\x31\x22\x3e\x3c\x2f\x70\x61\x74\x68\x3e\x3c\x2f\x73\
\x76\x67\x3e\
\x00\x00\x3e\x14\
\x3c\
\x3f\x78\x6d\x6c\x20\x76\x65\x72\x73\x69\x6f\x6e\x3d\x22\x31\x2e\
\x30\x22\x20\x65\x6e\x63\x6f\x64\x69\x6e\x67\x3d\x22\x55\x54\x46\
\x2d\x38\x22\x3f\x3e\x0a\x3c\x73\x76\x67\x20\x77\x69\x64\x74\x68\
\x3d\x22\x37\x30\x30\x70\x74\x22\x20\x68\x65\x69\x67\x68\x74\x3d\
\x22\x37\x30\x30\x70\x74\x22\x20\x76\x65\x72\x73\x69\x6f\x6e\x3d\
\x22\x31\x2e\x31\x22\x20\x76\x69\x65\x77\x42\x6f\x78\x3d\x22\x30\
\x20\x30\x20\x37\x30\x30\x20\x37\x30\x30\x22\x20\x78\x6d\x6c\x6e\
\x73\x3d\x22\x68\x74\x74\x70\x3a\x2f\x2f\x77\x77\x77\x2e\x77\x33\
\x2e\x6f\x72\x67\x2f\x32\x30\x30\x30\x2f\x73\x76\x67\x22\x20\x78\
\x6d\x6c\x6e\x73\x3a\x78\x6c\x69\x6e\x6b\x3d\x22\x68\x74\x74\x70\
\x3a\x2f\x2f\x77\x77\x77\x2e\x77\x33\x2e\x6f\x72\x67\x2f\x31\x39\
\x39\x39\x2f\x78\x6c\x69\x6e\x6b\x22\x3e\x0a\x20\x3c\x64\x65\x66\
\x73\x3e\x0a\x20\x20\x3c\x73\x79\x6d\x62\x6f\x6c\x20\x69\x64\x3d\
\x22\x74\x22\x20\x6f\x76\x65\x72\x66\x6c\x6f\x77\x3d\x22\x76\x69\
\x73\x69\x62\x6c\x65\x22\x3e\x0a\x20\x20\x20\x3c\x70\x61\x74\x68\
\x20\x64\x3d\x22\x6d\x31\x38\x2e\x37\x36\x36\x2d\x31\x2e\x31\x32\
\x35\x63\x2d\x30\x2e\x39\x36\x38\x37\x35\x20\x30\x2e\x35\x2d\x31\
\x2e\x39\x38\x30\x35\x20\x30\x2e\x38\x37\x35\x2d\x33\x2e\x30\x33\
\x31\x32\x20\x31\x2e\x31\x32\x35\x2d\x31\x2e\x30\x34\x33\x20\x30\
\x2e\x32\x35\x37\x38\x31\x2d\x32\x2e\x31\x33\x36\x37\x20\x30\x2e\
\x33\x39\x30\x36\x32\x2d\x33\x2e\x32\x38\x31\x32\x20\x30\x2e\x33\
\x39\x30\x36\x32\x2d\x33\x2e\x33\x39\x38\x34\x20\x30\x2d\x36\x2e\
\x30\x38\x39\x38\x2d\x30\x2e\x39\x34\x35\x33\x31\x2d\x38\x2e\x30\
\x37\x38\x31\x2d\x32\x2e\x38\x34\x33\x38\x2d\x31\x2e\x39\x39\x32\
\x32\x2d\x31\x2e\x39\x30\x36\x32\x2d\x32\x2e\x39\x38\x34\x34\x2d\
\x34\x2e\x34\x38\x34\x34\x2d\x32\x2e\x39\x38\x34\x34\x2d\x37\x2e\
\x37\x33\x34\x34\x20\x30\x2d\x33\x2e\x32\x35\x37\x38\x20\x30\x2e\
\x39\x39\x32\x31\x39\x2d\x35\x2e\x38\x33\x35\x39\x20\x32\x2e\x39\
\x38\x34\x34\x2d\x37\x2e\x37\x33\x34\x34\x20\x31\x2e\x39\x38\x38\
\x33\x2d\x31\x2e\x39\x30\x36\x32\x20\x34\x2e\x36\x37\x39\x37\x2d\
\x32\x2e\x38\x35\x39\x34\x20\x38\x2e\x30\x37\x38\x31\x2d\x32\x2e\
\x38\x35\x39\x34\x20\x31\x2e\x31\x34\x34\x35\x20\x30\x20\x32\x2e\
\x32\x33\x38\x33\x20\x30\x2e\x31\x33\x32\x38\x31\x20\x33\x2e\x32\
\x38\x31\x32\x20\x30\x2e\x33\x39\x30\x36\x32\x20\x31\x2e\x30\x35\
\x30\x38\x20\x30\x2e\x32\x35\x20\x32\x2e\x30\x36\x32\x35\x20\x30\
\x2e\x36\x32\x35\x20\x33\x2e\x30\x33\x31\x32\x20\x31\x2e\x31\x32\
\x35\x76\x34\x2e\x32\x31\x38\x38\x63\x2d\x30\x2e\x39\x38\x30\x34\
\x37\x2d\x30\x2e\x36\x35\x36\x32\x35\x2d\x31\x2e\x39\x34\x35\x33\
\x2d\x31\x2e\x31\x34\x30\x36\x2d\x32\x2e\x38\x39\x30\x36\x2d\x31\
\x2e\x34\x35\x33\x31\x2d\x30\x2e\x39\x34\x39\x32\x32\x2d\x30\x2e\
\x33\x31\x32\x35\x2d\x31\x2e\x39\x34\x39\x32\x2d\x30\x2e\x34\x36\
\x38\x37\x35\x2d\x33\x2d\x30\x2e\x34\x36\x38\x37\x35\x2d\x31\x2e\
\x38\x37\x35\x20\x30\x2d\x33\x2e\x33\x35\x31\x36\x20\x30\x2e\x36\
\x30\x35\x34\x37\x2d\x34\x2e\x34\x32\x31\x39\x20\x31\x2e\x38\x31\
\x32\x35\x2d\x31\x2e\x30\x37\x34\x32\x20\x31\x2e\x31\x39\x39\x32\
\x2d\x31\x2e\x36\x30\x39\x34\x20\x32\x2e\x38\x35\x35\x35\x2d\x31\
\x2e\x36\x30\x39\x34\x20\x34\x2e\x39\x36\x38\x38\x20\x30\x20\x32\
\x2e\x31\x30\x35\x35\x20\x30\x2e\x35\x33\x35\x31\x36\x20\x33\x2e\
\x37\x36\x31\x37\x20\x31\x2e\x36\x30\x39\x34\x20\x34\x2e\x39\x36\
\x38\x38\x20\x31\x2e\x30\x37\x30\x33\x20\x31\x2e\x31\x39\x39\x32\
\x20\x32\x2e\x35\x34\x36\x39\x20\x31\x2e\x37\x39\x36\x39\x20\x34\
\x2e\x34\x32\x31\x39\x20\x31\x2e\x37\x39\x36\x39\x20\x31\x2e\x30\
\x35\x30\x38\x20\x30\x20\x32\x2e\x30\x35\x30\x38\x2d\x30\x2e\x31\
\x34\x38\x34\x34\x20\x33\x2d\x30\x2e\x34\x35\x33\x31\x32\x20\x30\
\x2e\x39\x34\x35\x33\x31\x2d\x30\x2e\x33\x31\x32\x35\x20\x31\x2e\
\x39\x31\x30\x32\x2d\x30\x2e\x38\x30\x30\x37\x38\x20\x32\x2e\x38\
\x39\x30\x36\x2d\x31\x2e\x34\x36\x38\x38\x7a\x22\x2f\x3e\x0a\x20\
\x20\x3c\x2f\x73\x79\x6d\x62\x6f\x6c\x3e\x0a\x20\x20\x3c\x73\x79\
\x6d\x62\x6f\x6c\x20\x69\x64\x3d\x22\x62\x22\x20\x6f\x76\x65\x72\
\x66\x6c\x6f\x77\x3d\x22\x76\x69\x73\x69\x62\x6c\x65\x22\x3e\x0a\
\x20\x20\x20\x3c\x70\x61\x74\x68\x20\x64\x3d\x22\x6d\x31\x33\x2e\
\x37\x33\x34\x2d\x31\x31\x2e\x31\x34\x31\x63\x2d\x30\x2e\x34\x33\
\x37\x35\x2d\x30\x2e\x31\x39\x35\x33\x31\x2d\x30\x2e\x38\x37\x31\
\x30\x39\x2d\x30\x2e\x33\x34\x33\x37\x35\x2d\x31\x2e\x32\x39\x36\
\x39\x2d\x30\x2e\x34\x33\x37\x35\x2d\x30\x2e\x34\x31\x37\x39\x37\
\x2d\x30\x2e\x31\x30\x31\x35\x36\x2d\x30\x2e\x38\x33\x39\x38\x34\
\x2d\x30\x2e\x31\x35\x36\x32\x35\x2d\x31\x2e\x32\x36\x35\x36\x2d\
\x30\x2e\x31\x35\x36\x32\x35\x2d\x31\x2e\x32\x36\x31\x37\x20\x30\
\x2d\x32\x2e\x32\x33\x30\x35\x20\x30\x2e\x34\x30\x36\x32\x35\x2d\
\x32\x2e\x39\x30\x36\x32\x20\x31\x2e\x32\x31\x38\x38\x2d\x30\x2e\
\x36\x37\x39\x36\x39\x20\x30\x2e\x38\x30\x34\x36\x39\x2d\x31\x2e\
\x30\x31\x35\x36\x20\x31\x2e\x39\x35\x33\x31\x2d\x31\x2e\x30\x31\
\x35\x36\x20\x33\x2e\x34\x35\x33\x31\x76\x37\x2e\x30\x36\x32\x35\
\x68\x2d\x34\x2e\x38\x39\x30\x36\x76\x2d\x31\x35\x2e\x33\x31\x32\
\x68\x34\x2e\x38\x39\x30\x36\x76\x32\x2e\x35\x31\x35\x36\x63\x30\
\x2e\x36\x32\x35\x2d\x31\x20\x31\x2e\x33\x34\x33\x38\x2d\x31\x2e\
\x37\x32\x36\x36\x20\x32\x2e\x31\x35\x36\x32\x2d\x32\x2e\x31\x38\
\x37\x35\x20\x30\x2e\x38\x32\x30\x33\x31\x2d\x30\x2e\x34\x36\x38\
\x37\x35\x20\x31\x2e\x38\x30\x30\x38\x2d\x30\x2e\x37\x30\x33\x31\
\x32\x20\x32\x2e\x39\x33\x37\x35\x2d\x30\x2e\x37\x30\x33\x31\x32\
\x20\x30\x2e\x31\x36\x34\x30\x36\x20\x30\x20\x30\x2e\x33\x34\x33\
\x37\x35\x20\x30\x2e\x30\x31\x31\x37\x31\x39\x20\x30\x2e\x35\x33\
\x31\x32\x35\x20\x30\x2e\x30\x33\x31\x32\x35\x20\x30\x2e\x31\x39\
\x35\x33\x31\x20\x30\x2e\x30\x31\x31\x37\x31\x39\x20\x30\x2e\x34\
\x37\x36\x35\x36\x20\x30\x2e\x30\x33\x39\x30\x36\x32\x20\x30\x2e\
\x38\x34\x33\x37\x35\x20\x30\x2e\x30\x37\x38\x31\x32\x35\x7a\x22\
\x2f\x3e\x0a\x20\x20\x3c\x2f\x73\x79\x6d\x62\x6f\x6c\x3e\x0a\x20\
\x20\x3c\x73\x79\x6d\x62\x6f\x6c\x20\x69\x64\x3d\x22\x61\x22\x20\
\x6f\x76\x65\x72\x66\x6c\x6f\x77\x3d\x22\x76\x69\x73\x69\x62\x6c\
\x65\x22\x3e\x0a\x20\x20\x20\x3c\x70\x61\x74\x68\x20\x64\x3d\x22\
\x6d\x31\x37\x2e\x36\x34\x31\x2d\x37\x2e\x37\x30\x33\x31\x76\x31\
\x2e\x34\x30\x36\x32\x68\x2d\x31\x31\x2e\x34\x35\x33\x63\x30\x2e\
\x31\x32\x35\x20\x31\x2e\x31\x34\x38\x34\x20\x30\x2e\x35\x33\x39\
\x30\x36\x20\x32\x2e\x30\x30\x37\x38\x20\x31\x2e\x32\x35\x20\x32\
\x2e\x35\x37\x38\x31\x20\x30\x2e\x37\x30\x37\x30\x33\x20\x30\x2e\
\x35\x37\x34\x32\x32\x20\x31\x2e\x37\x30\x33\x31\x20\x30\x2e\x38\
\x35\x39\x33\x38\x20\x32\x2e\x39\x38\x34\x34\x20\x30\x2e\x38\x35\
\x39\x33\x38\x20\x31\x2e\x30\x33\x31\x32\x20\x30\x20\x32\x2e\x30\
\x38\x32\x2d\x30\x2e\x31\x34\x38\x34\x34\x20\x33\x2e\x31\x35\x36\
\x32\x2d\x30\x2e\x34\x35\x33\x31\x32\x20\x31\x2e\x30\x38\x32\x2d\
\x30\x2e\x33\x31\x32\x35\x20\x32\x2e\x31\x39\x31\x34\x2d\x30\x2e\
\x37\x37\x33\x34\x34\x20\x33\x2e\x33\x32\x38\x31\x2d\x31\x2e\x33\
\x39\x30\x36\x76\x33\x2e\x37\x36\x35\x36\x63\x2d\x31\x2e\x31\x35\
\x36\x32\x20\x30\x2e\x34\x33\x37\x35\x2d\x32\x2e\x33\x31\x32\x35\
\x20\x30\x2e\x37\x36\x35\x36\x32\x2d\x33\x2e\x34\x36\x38\x38\x20\
\x30\x2e\x39\x38\x34\x33\x38\x2d\x31\x2e\x31\x35\x36\x32\x20\x30\
\x2e\x32\x32\x36\x35\x36\x2d\x32\x2e\x33\x31\x32\x35\x20\x30\x2e\
\x33\x34\x33\x37\x35\x2d\x33\x2e\x34\x36\x38\x38\x20\x30\x2e\x33\
\x34\x33\x37\x35\x2d\x32\x2e\x37\x37\x33\x34\x20\x30\x2d\x34\x2e\
\x39\x32\x39\x37\x2d\x30\x2e\x37\x30\x33\x31\x32\x2d\x36\x2e\x34\
\x36\x38\x38\x2d\x32\x2e\x31\x30\x39\x34\x2d\x31\x2e\x35\x33\x31\
\x32\x2d\x31\x2e\x34\x30\x36\x32\x2d\x32\x2e\x32\x39\x36\x39\x2d\
\x33\x2e\x33\x37\x38\x39\x2d\x32\x2e\x32\x39\x36\x39\x2d\x35\x2e\
\x39\x32\x31\x39\x20\x30\x2d\x32\x2e\x35\x20\x30\x2e\x37\x35\x33\
\x39\x31\x2d\x34\x2e\x34\x36\x30\x39\x20\x32\x2e\x32\x36\x35\x36\
\x2d\x35\x2e\x38\x39\x30\x36\x20\x31\x2e\x35\x30\x37\x38\x2d\x31\
\x2e\x34\x33\x37\x35\x20\x33\x2e\x35\x38\x32\x2d\x32\x2e\x31\x35\
\x36\x32\x20\x36\x2e\x32\x31\x38\x38\x2d\x32\x2e\x31\x35\x36\x32\
\x20\x32\x2e\x34\x30\x36\x32\x20\x30\x20\x34\x2e\x33\x33\x32\x20\
\x30\x2e\x37\x33\x30\x34\x37\x20\x35\x2e\x37\x38\x31\x32\x20\x32\
\x2e\x31\x38\x37\x35\x20\x31\x2e\x34\x34\x35\x33\x20\x31\x2e\x34\
\x34\x39\x32\x20\x32\x2e\x31\x37\x31\x39\x20\x33\x2e\x33\x38\x32\
\x38\x20\x32\x2e\x31\x37\x31\x39\x20\x35\x2e\x37\x39\x36\x39\x7a\
\x6d\x2d\x35\x2e\x30\x33\x31\x32\x2d\x31\x2e\x36\x32\x35\x63\x30\
\x2d\x30\x2e\x39\x32\x35\x37\x38\x2d\x30\x2e\x32\x37\x33\x34\x34\
\x2d\x31\x2e\x36\x37\x31\x39\x2d\x30\x2e\x38\x31\x32\x35\x2d\x32\
\x2e\x32\x33\x34\x34\x2d\x30\x2e\x35\x34\x32\x39\x37\x2d\x30\x2e\
\x35\x37\x30\x33\x31\x2d\x31\x2e\x32\x35\x2d\x30\x2e\x38\x35\x39\
\x33\x38\x2d\x32\x2e\x31\x32\x35\x2d\x30\x2e\x38\x35\x39\x33\x38\
\x2d\x30\x2e\x39\x34\x39\x32\x32\x20\x30\x2d\x31\x2e\x37\x31\x38\
\x38\x20\x30\x2e\x32\x36\x35\x36\x32\x2d\x32\x2e\x33\x31\x32\x35\
\x20\x30\x2e\x37\x39\x36\x38\x38\x73\x2d\x30\x2e\x39\x36\x34\x38\
\x34\x20\x31\x2e\x32\x39\x36\x39\x2d\x31\x2e\x31\x30\x39\x34\x20\
\x32\x2e\x32\x39\x36\x39\x7a\x22\x2f\x3e\x0a\x20\x20\x3c\x2f\x73\
\x79\x6d\x62\x6f\x6c\x3e\x0a\x20\x20\x3c\x73\x79\x6d\x62\x6f\x6c\
\x20\x69\x64\x3d\x22\x65\x22\x20\x6f\x76\x65\x72\x66\x6c\x6f\x77\
\x3d\x22\x76\x69\x73\x69\x62\x6c\x65\x22\x3e\x0a\x20\x20\x20\x3c\
\x70\x61\x74\x68\x20\x64\x3d\x22\x6d\x39\x2e\x32\x31\x38\x38\x2d\
\x36\x2e\x38\x39\x30\x36\x63\x2d\x31\x2e\x30\x32\x33\x34\x20\x30\
\x2d\x31\x2e\x37\x39\x33\x20\x30\x2e\x31\x37\x31\x38\x38\x2d\x32\
\x2e\x33\x31\x32\x35\x20\x30\x2e\x35\x31\x35\x36\x32\x2d\x30\x2e\
\x35\x31\x31\x37\x32\x20\x30\x2e\x33\x34\x33\x37\x35\x2d\x30\x2e\
\x37\x36\x35\x36\x32\x20\x30\x2e\x38\x35\x35\x34\x37\x2d\x30\x2e\
\x37\x36\x35\x36\x32\x20\x31\x2e\x35\x33\x31\x32\x20\x30\x20\x30\
\x2e\x36\x32\x35\x20\x30\x2e\x32\x30\x37\x30\x33\x20\x31\x2e\x31\
\x31\x37\x32\x20\x30\x2e\x36\x32\x35\x20\x31\x2e\x34\x36\x38\x38\
\x20\x30\x2e\x34\x31\x34\x30\x36\x20\x30\x2e\x33\x34\x33\x37\x35\
\x20\x30\x2e\x39\x38\x38\x32\x38\x20\x30\x2e\x35\x31\x35\x36\x32\
\x20\x31\x2e\x37\x31\x38\x38\x20\x30\x2e\x35\x31\x35\x36\x32\x20\
\x30\x2e\x39\x32\x35\x37\x38\x20\x30\x20\x31\x2e\x37\x30\x33\x31\
\x2d\x30\x2e\x33\x32\x38\x31\x32\x20\x32\x2e\x33\x32\x38\x31\x2d\
\x30\x2e\x39\x38\x34\x33\x38\x20\x30\x2e\x36\x33\x32\x38\x31\x2d\
\x30\x2e\x36\x36\x34\x30\x36\x20\x30\x2e\x39\x35\x33\x31\x32\x2d\
\x31\x2e\x34\x39\x32\x32\x20\x30\x2e\x39\x35\x33\x31\x32\x2d\x32\
\x2e\x34\x38\x34\x34\x76\x2d\x30\x2e\x35\x36\x32\x35\x7a\x6d\x37\
\x2e\x34\x36\x38\x38\x2d\x31\x2e\x38\x34\x33\x38\x76\x38\x2e\x37\
\x33\x34\x34\x68\x2d\x34\x2e\x39\x32\x31\x39\x76\x2d\x32\x2e\x32\
\x36\x35\x36\x63\x2d\x30\x2e\x36\x35\x36\x32\x35\x20\x30\x2e\x39\
\x32\x39\x36\x39\x2d\x31\x2e\x33\x39\x38\x34\x20\x31\x2e\x36\x30\
\x35\x35\x2d\x32\x2e\x32\x31\x38\x38\x20\x32\x2e\x30\x33\x31\x32\
\x2d\x30\x2e\x38\x32\x34\x32\x32\x20\x30\x2e\x34\x31\x34\x30\x36\
\x2d\x31\x2e\x38\x32\x34\x32\x20\x30\x2e\x36\x32\x35\x2d\x33\x20\
\x30\x2e\x36\x32\x35\x2d\x31\x2e\x35\x38\x35\x39\x20\x30\x2d\x32\
\x2e\x38\x37\x31\x31\x2d\x30\x2e\x34\x35\x37\x30\x33\x2d\x33\x2e\
\x38\x35\x39\x34\x2d\x31\x2e\x33\x37\x35\x2d\x30\x2e\x39\x39\x32\
\x31\x39\x2d\x30\x2e\x39\x32\x35\x37\x38\x2d\x31\x2e\x34\x38\x34\
\x34\x2d\x32\x2e\x31\x32\x38\x39\x2d\x31\x2e\x34\x38\x34\x34\x2d\
\x33\x2e\x36\x30\x39\x34\x20\x30\x2d\x31\x2e\x37\x38\x39\x31\x20\
\x30\x2e\x36\x31\x33\x32\x38\x2d\x33\x2e\x31\x30\x31\x36\x20\x31\
\x2e\x38\x34\x33\x38\x2d\x33\x2e\x39\x33\x37\x35\x20\x31\x2e\x32\
\x33\x38\x33\x2d\x30\x2e\x38\x34\x33\x37\x35\x20\x33\x2e\x31\x37\
\x39\x37\x2d\x31\x2e\x32\x36\x35\x36\x20\x35\x2e\x38\x32\x38\x31\
\x2d\x31\x2e\x32\x36\x35\x36\x68\x32\x2e\x38\x39\x30\x36\x76\x2d\
\x30\x2e\x33\x39\x30\x36\x32\x63\x30\x2d\x30\x2e\x37\x36\x39\x35\
\x33\x2d\x30\x2e\x33\x30\x38\x35\x39\x2d\x31\x2e\x33\x33\x32\x2d\
\x30\x2e\x39\x32\x31\x38\x38\x2d\x31\x2e\x36\x38\x37\x35\x2d\x30\
\x2e\x36\x31\x37\x31\x39\x2d\x30\x2e\x33\x36\x33\x32\x38\x2d\x31\
\x2e\x35\x37\x30\x33\x2d\x30\x2e\x35\x34\x36\x38\x38\x2d\x32\x2e\
\x38\x35\x39\x34\x2d\x30\x2e\x35\x34\x36\x38\x38\x2d\x31\x2e\x30\
\x35\x34\x37\x20\x30\x2d\x32\x2e\x30\x33\x31\x32\x20\x30\x2e\x31\
\x30\x35\x34\x37\x2d\x32\x2e\x39\x33\x37\x35\x20\x30\x2e\x33\x31\
\x32\x35\x2d\x30\x2e\x38\x39\x38\x34\x34\x20\x30\x2e\x32\x31\x30\
\x39\x34\x2d\x31\x2e\x37\x33\x30\x35\x20\x30\x2e\x35\x32\x33\x34\
\x34\x2d\x32\x2e\x35\x20\x30\x2e\x39\x33\x37\x35\x76\x2d\x33\x2e\
\x37\x33\x34\x34\x63\x31\x2e\x30\x33\x39\x31\x2d\x30\x2e\x32\x35\
\x20\x32\x2e\x30\x38\x35\x39\x2d\x30\x2e\x34\x34\x31\x34\x31\x20\
\x33\x2e\x31\x34\x30\x36\x2d\x30\x2e\x35\x37\x38\x31\x32\x20\x31\
\x2e\x30\x36\x32\x35\x2d\x30\x2e\x31\x33\x32\x38\x31\x20\x32\x2e\
\x31\x32\x35\x2d\x30\x2e\x32\x30\x33\x31\x32\x20\x33\x2e\x31\x38\
\x37\x35\x2d\x30\x2e\x32\x30\x33\x31\x32\x20\x32\x2e\x37\x35\x37\
\x38\x20\x30\x20\x34\x2e\x37\x35\x20\x30\x2e\x35\x34\x36\x38\x38\
\x20\x35\x2e\x39\x36\x38\x38\x20\x31\x2e\x36\x34\x30\x36\x20\x31\
\x2e\x32\x32\x36\x36\x20\x31\x2e\x30\x38\x35\x39\x20\x31\x2e\x38\
\x34\x33\x38\x20\x32\x2e\x38\x35\x35\x35\x20\x31\x2e\x38\x34\x33\
\x38\x20\x35\x2e\x33\x31\x32\x35\x7a\x22\x2f\x3e\x0a\x20\x20\x3c\
\x2f\x73\x79\x6d\x62\x6f\x6c\x3e\x0a\x20\x20\x3c\x73\x79\x6d\x62\
\x6f\x6c\x20\x69\x64\x3d\x22\x63\x22\x20\x6f\x76\x65\x72\x66\x6c\
\x6f\x77\x3d\x22\x76\x69\x73\x69\x62\x6c\x65\x22\x3e\x0a\x20\x20\
\x20\x3c\x70\x61\x74\x68\x20\x64\x3d\x22\x6d\x37\x2e\x37\x30\x33\
\x31\x2d\x31\x39\x2e\x36\x35\x36\x76\x34\x2e\x33\x34\x33\x38\x68\
\x35\x2e\x30\x34\x36\x39\x76\x33\x2e\x35\x68\x2d\x35\x2e\x30\x34\
\x36\x39\x76\x36\x2e\x35\x63\x30\x20\x30\x2e\x37\x31\x30\x39\x34\
\x20\x30\x2e\x31\x34\x30\x36\x32\x20\x31\x2e\x31\x38\x37\x35\x20\
\x30\x2e\x34\x32\x31\x38\x38\x20\x31\x2e\x34\x33\x37\x35\x73\x30\
\x2e\x38\x33\x35\x39\x34\x20\x30\x2e\x33\x37\x35\x20\x31\x2e\x36\
\x37\x31\x39\x20\x30\x2e\x33\x37\x35\x68\x32\x2e\x35\x31\x35\x36\
\x76\x33\x2e\x35\x68\x2d\x34\x2e\x31\x38\x37\x35\x63\x2d\x31\x2e\
\x39\x33\x37\x35\x20\x30\x2d\x33\x2e\x33\x31\x32\x35\x2d\x30\x2e\
\x33\x39\x38\x34\x34\x2d\x34\x2e\x31\x32\x35\x2d\x31\x2e\x32\x30\
\x33\x31\x2d\x30\x2e\x38\x30\x34\x36\x39\x2d\x30\x2e\x38\x31\x32\
\x35\x2d\x31\x2e\x32\x30\x33\x31\x2d\x32\x2e\x31\x37\x39\x37\x2d\
\x31\x2e\x32\x30\x33\x31\x2d\x34\x2e\x31\x30\x39\x34\x76\x2d\x36\
\x2e\x35\x68\x2d\x32\x2e\x34\x32\x31\x39\x76\x2d\x33\x2e\x35\x68\
\x32\x2e\x34\x32\x31\x39\x76\x2d\x34\x2e\x33\x34\x33\x38\x7a\x22\
\x2f\x3e\x0a\x20\x20\x3c\x2f\x73\x79\x6d\x62\x6f\x6c\x3e\x0a\x20\
\x20\x3c\x73\x79\x6d\x62\x6f\x6c\x20\x69\x64\x3d\x22\x6a\x22\x20\
\x6f\x76\x65\x72\x66\x6c\x6f\x77\x3d\x22\x76\x69\x73\x69\x62\x6c\
\x65\x22\x3e\x0a\x20\x20\x20\x3c\x70\x61\x74\x68\x20\x64\x3d\x22\
\x6d\x31\x32\x2e\x37\x36\x36\x2d\x31\x33\x2e\x30\x37\x38\x76\x2d\
\x38\x2e\x32\x30\x33\x31\x68\x34\x2e\x39\x32\x31\x39\x76\x32\x31\
\x2e\x32\x38\x31\x68\x2d\x34\x2e\x39\x32\x31\x39\x76\x2d\x32\x2e\
\x32\x31\x38\x38\x63\x2d\x30\x2e\x36\x36\x37\x39\x37\x20\x30\x2e\
\x39\x30\x36\x32\x35\x2d\x31\x2e\x34\x30\x36\x32\x20\x31\x2e\x35\
\x37\x30\x33\x2d\x32\x2e\x32\x31\x38\x38\x20\x31\x2e\x39\x38\x34\
\x34\x73\x2d\x31\x2e\x37\x35\x37\x38\x20\x30\x2e\x36\x32\x35\x2d\
\x32\x2e\x38\x32\x38\x31\x20\x30\x2e\x36\x32\x35\x63\x2d\x31\x2e\
\x38\x38\x36\x37\x20\x30\x2d\x33\x2e\x34\x33\x33\x36\x2d\x30\x2e\
\x37\x35\x2d\x34\x2e\x36\x34\x30\x36\x2d\x32\x2e\x32\x35\x2d\x31\
\x2e\x32\x31\x30\x39\x2d\x31\x2e\x35\x2d\x31\x2e\x38\x31\x32\x35\
\x2d\x33\x2e\x34\x32\x35\x38\x2d\x31\x2e\x38\x31\x32\x35\x2d\x35\
\x2e\x37\x38\x31\x32\x20\x30\x2d\x32\x2e\x33\x36\x33\x33\x20\x30\
\x2e\x36\x30\x31\x35\x36\x2d\x34\x2e\x32\x39\x36\x39\x20\x31\x2e\
\x38\x31\x32\x35\x2d\x35\x2e\x37\x39\x36\x39\x20\x31\x2e\x32\x30\
\x37\x2d\x31\x2e\x35\x20\x32\x2e\x37\x35\x33\x39\x2d\x32\x2e\x32\
\x35\x20\x34\x2e\x36\x34\x30\x36\x2d\x32\x2e\x32\x35\x20\x31\x2e\
\x30\x36\x32\x35\x20\x30\x20\x32\x20\x30\x2e\x32\x31\x34\x38\x34\
\x20\x32\x2e\x38\x31\x32\x35\x20\x30\x2e\x36\x34\x30\x36\x32\x20\
\x30\x2e\x38\x32\x30\x33\x31\x20\x30\x2e\x34\x32\x39\x36\x39\x20\
\x31\x2e\x35\x36\x36\x34\x20\x31\x2e\x30\x38\x35\x39\x20\x32\x2e\
\x32\x33\x34\x34\x20\x31\x2e\x39\x36\x38\x38\x7a\x6d\x2d\x33\x2e\
\x32\x31\x38\x38\x20\x39\x2e\x39\x32\x31\x39\x63\x31\x2e\x30\x33\
\x39\x31\x20\x30\x20\x31\x2e\x38\x33\x35\x39\x2d\x30\x2e\x33\x37\
\x38\x39\x31\x20\x32\x2e\x33\x39\x30\x36\x2d\x31\x2e\x31\x34\x30\
\x36\x20\x30\x2e\x35\x35\x30\x37\x38\x2d\x30\x2e\x37\x36\x39\x35\
\x33\x20\x30\x2e\x38\x32\x38\x31\x32\x2d\x31\x2e\x38\x38\x32\x38\
\x20\x30\x2e\x38\x32\x38\x31\x32\x2d\x33\x2e\x33\x34\x33\x38\x20\
\x30\x2d\x31\x2e\x34\x35\x37\x2d\x30\x2e\x32\x37\x37\x33\x34\x2d\
\x32\x2e\x35\x36\x36\x34\x2d\x30\x2e\x38\x32\x38\x31\x32\x2d\x33\
\x2e\x33\x32\x38\x31\x2d\x30\x2e\x35\x35\x34\x36\x39\x2d\x30\x2e\
\x37\x36\x39\x35\x33\x2d\x31\x2e\x33\x35\x31\x36\x2d\x31\x2e\x31\
\x35\x36\x32\x2d\x32\x2e\x33\x39\x30\x36\x2d\x31\x2e\x31\x35\x36\
\x32\x2d\x31\x2e\x30\x34\x33\x20\x30\x2d\x31\x2e\x38\x33\x39\x38\
\x20\x30\x2e\x33\x38\x36\x37\x32\x2d\x32\x2e\x33\x39\x30\x36\x20\
\x31\x2e\x31\x35\x36\x32\x2d\x30\x2e\x35\x35\x34\x36\x39\x20\x30\
\x2e\x37\x36\x31\x37\x32\x2d\x30\x2e\x38\x32\x38\x31\x32\x20\x31\
\x2e\x38\x37\x31\x31\x2d\x30\x2e\x38\x32\x38\x31\x32\x20\x33\x2e\
\x33\x32\x38\x31\x20\x30\x20\x31\x2e\x34\x36\x30\x39\x20\x30\x2e\
\x32\x37\x33\x34\x34\x20\x32\x2e\x35\x37\x34\x32\x20\x30\x2e\x38\
\x32\x38\x31\x32\x20\x33\x2e\x33\x34\x33\x38\x20\x30\x2e\x35\x35\
\x30\x37\x38\x20\x30\x2e\x37\x36\x31\x37\x32\x20\x31\x2e\x33\x34\
\x37\x37\x20\x31\x2e\x31\x34\x30\x36\x20\x32\x2e\x33\x39\x30\x36\
\x20\x31\x2e\x31\x34\x30\x36\x7a\x22\x2f\x3e\x0a\x20\x20\x3c\x2f\
\x73\x79\x6d\x62\x6f\x6c\x3e\x0a\x20\x20\x3c\x73\x79\x6d\x62\x6f\
\x6c\x20\x69\x64\x3d\x22\x66\x22\x20\x6f\x76\x65\x72\x66\x6c\x6f\
\x77\x3d\x22\x76\x69\x73\x69\x62\x6c\x65\x22\x3e\x0a\x20\x20\x20\
\x3c\x70\x61\x74\x68\x20\x64\x3d\x22\x6d\x31\x30\x2e\x35\x2d\x33\
\x2e\x31\x35\x36\x32\x63\x31\x2e\x30\x35\x30\x38\x20\x30\x20\x31\
\x2e\x38\x35\x31\x36\x2d\x30\x2e\x33\x37\x38\x39\x31\x20\x32\x2e\
\x34\x30\x36\x32\x2d\x31\x2e\x31\x34\x30\x36\x20\x30\x2e\x35\x35\
\x30\x37\x38\x2d\x30\x2e\x37\x36\x39\x35\x33\x20\x30\x2e\x38\x32\
\x38\x31\x32\x2d\x31\x2e\x38\x38\x32\x38\x20\x30\x2e\x38\x32\x38\
\x31\x32\x2d\x33\x2e\x33\x34\x33\x38\x20\x30\x2d\x31\x2e\x34\x35\
\x37\x2d\x30\x2e\x32\x37\x37\x33\x34\x2d\x32\x2e\x35\x36\x36\x34\
\x2d\x30\x2e\x38\x32\x38\x31\x32\x2d\x33\x2e\x33\x32\x38\x31\x2d\
\x30\x2e\x35\x35\x34\x36\x39\x2d\x30\x2e\x37\x36\x39\x35\x33\x2d\
\x31\x2e\x33\x35\x35\x35\x2d\x31\x2e\x31\x35\x36\x32\x2d\x32\x2e\
\x34\x30\x36\x32\x2d\x31\x2e\x31\x35\x36\x32\x2d\x31\x2e\x30\x35\
\x34\x37\x20\x30\x2d\x31\x2e\x38\x35\x39\x34\x20\x30\x2e\x33\x38\
\x36\x37\x32\x2d\x32\x2e\x34\x32\x31\x39\x20\x31\x2e\x31\x35\x36\
\x32\x2d\x30\x2e\x35\x35\x34\x36\x39\x20\x30\x2e\x37\x37\x33\x34\
\x34\x2d\x30\x2e\x38\x32\x38\x31\x32\x20\x31\x2e\x38\x38\x32\x38\
\x2d\x30\x2e\x38\x32\x38\x31\x32\x20\x33\x2e\x33\x32\x38\x31\x20\
\x30\x20\x31\x2e\x34\x34\x39\x32\x20\x30\x2e\x32\x37\x33\x34\x34\
\x20\x32\x2e\x35\x35\x38\x36\x20\x30\x2e\x38\x32\x38\x31\x32\x20\
\x33\x2e\x33\x32\x38\x31\x20\x30\x2e\x35\x36\x32\x35\x20\x30\x2e\
\x37\x37\x33\x34\x34\x20\x31\x2e\x33\x36\x37\x32\x20\x31\x2e\x31\
\x35\x36\x32\x20\x32\x2e\x34\x32\x31\x39\x20\x31\x2e\x31\x35\x36\
\x32\x7a\x6d\x2d\x33\x2e\x32\x35\x2d\x39\x2e\x39\x32\x31\x39\x63\
\x30\x2e\x36\x37\x35\x37\x38\x2d\x30\x2e\x38\x38\x32\x38\x31\x20\
\x31\x2e\x34\x32\x31\x39\x2d\x31\x2e\x35\x33\x39\x31\x20\x32\x2e\
\x32\x33\x34\x34\x2d\x31\x2e\x39\x36\x38\x38\x20\x30\x2e\x38\x32\
\x30\x33\x31\x2d\x30\x2e\x34\x32\x35\x37\x38\x20\x31\x2e\x37\x36\
\x35\x36\x2d\x30\x2e\x36\x34\x30\x36\x32\x20\x32\x2e\x38\x32\x38\
\x31\x2d\x30\x2e\x36\x34\x30\x36\x32\x20\x31\x2e\x38\x39\x34\x35\
\x20\x30\x20\x33\x2e\x34\x34\x35\x33\x20\x30\x2e\x37\x35\x20\x34\
\x2e\x36\x35\x36\x32\x20\x32\x2e\x32\x35\x20\x31\x2e\x32\x30\x37\
\x20\x31\x2e\x35\x20\x31\x2e\x38\x31\x32\x35\x20\x33\x2e\x34\x33\
\x33\x36\x20\x31\x2e\x38\x31\x32\x35\x20\x35\x2e\x37\x39\x36\x39\
\x20\x30\x20\x32\x2e\x33\x35\x35\x35\x2d\x30\x2e\x36\x30\x35\x34\
\x37\x20\x34\x2e\x32\x38\x31\x32\x2d\x31\x2e\x38\x31\x32\x35\x20\
\x35\x2e\x37\x38\x31\x32\x2d\x31\x2e\x32\x31\x30\x39\x20\x31\x2e\
\x35\x2d\x32\x2e\x37\x36\x31\x37\x20\x32\x2e\x32\x35\x2d\x34\x2e\
\x36\x35\x36\x32\x20\x32\x2e\x32\x35\x2d\x31\x2e\x30\x36\x32\x35\
\x20\x30\x2d\x32\x2e\x30\x30\x37\x38\x2d\x30\x2e\x32\x31\x30\x39\
\x34\x2d\x32\x2e\x38\x32\x38\x31\x2d\x30\x2e\x36\x32\x35\x2d\x30\
\x2e\x38\x31\x32\x35\x2d\x30\x2e\x34\x32\x35\x37\x38\x2d\x31\x2e\
\x35\x35\x38\x36\x2d\x31\x2e\x30\x38\x35\x39\x2d\x32\x2e\x32\x33\
\x34\x34\x2d\x31\x2e\x39\x38\x34\x34\x76\x32\x2e\x32\x31\x38\x38\
\x68\x2d\x34\x2e\x38\x39\x30\x36\x76\x2d\x32\x31\x2e\x32\x38\x31\
\x68\x34\x2e\x38\x39\x30\x36\x7a\x22\x2f\x3e\x0a\x20\x20\x3c\x2f\
\x73\x79\x6d\x62\x6f\x6c\x3e\x0a\x20\x20\x3c\x73\x79\x6d\x62\x6f\
\x6c\x20\x69\x64\x3d\x22\x69\x22\x20\x6f\x76\x65\x72\x66\x6c\x6f\
\x77\x3d\x22\x76\x69\x73\x69\x62\x6c\x65\x22\x3e\x0a\x20\x20\x20\
\x3c\x70\x61\x74\x68\x20\x64\x3d\x22\x6d\x30\x2e\x33\x34\x33\x37\
\x35\x2d\x31\x35\x2e\x33\x31\x32\x68\x34\x2e\x38\x39\x30\x36\x6c\
\x34\x2e\x31\x32\x35\x20\x31\x30\x2e\x33\x39\x31\x20\x33\x2e\x35\
\x2d\x31\x30\x2e\x33\x39\x31\x68\x34\x2e\x38\x39\x30\x36\x6c\x2d\
\x36\x2e\x34\x33\x37\x35\x20\x31\x36\x2e\x37\x36\x36\x63\x2d\x30\
\x2e\x36\x34\x38\x34\x34\x20\x31\x2e\x36\x39\x35\x33\x2d\x31\x2e\
\x34\x30\x32\x33\x20\x32\x2e\x38\x38\x32\x38\x2d\x32\x2e\x32\x36\
\x35\x36\x20\x33\x2e\x35\x36\x32\x35\x2d\x30\x2e\x38\x36\x37\x31\
\x39\x20\x30\x2e\x36\x38\x37\x35\x2d\x32\x20\x31\x2e\x30\x33\x31\
\x32\x2d\x33\x2e\x34\x30\x36\x32\x20\x31\x2e\x30\x33\x31\x32\x68\
\x2d\x32\x2e\x38\x34\x33\x38\x76\x2d\x33\x2e\x32\x31\x38\x38\x68\
\x31\x2e\x35\x33\x31\x32\x63\x30\x2e\x38\x33\x32\x30\x33\x20\x30\
\x20\x31\x2e\x34\x33\x37\x35\x2d\x30\x2e\x31\x33\x36\x37\x32\x20\
\x31\x2e\x38\x31\x32\x35\x2d\x30\x2e\x34\x30\x36\x32\x35\x20\x30\
\x2e\x33\x38\x32\x38\x31\x2d\x30\x2e\x32\x36\x31\x37\x32\x20\x30\
\x2e\x36\x37\x39\x36\x39\x2d\x30\x2e\x37\x33\x30\x34\x37\x20\x30\
\x2e\x38\x39\x30\x36\x32\x2d\x31\x2e\x34\x30\x36\x32\x6c\x30\x2e\
\x31\x34\x30\x36\x32\x2d\x30\x2e\x34\x32\x31\x38\x38\x7a\x22\x2f\
\x3e\x0a\x20\x20\x3c\x2f\x73\x79\x6d\x62\x6f\x6c\x3e\x0a\x20\x20\
\x3c\x73\x79\x6d\x62\x6f\x6c\x20\x69\x64\x3d\x22\x68\x22\x20\x6f\
\x76\x65\x72\x66\x6c\x6f\x77\x3d\x22\x76\x69\x73\x69\x62\x6c\x65\
\x22\x3e\x0a\x20\x20\x20\x3c\x70\x61\x74\x68\x20\x64\x3d\x22\x6d\
\x30\x2e\x39\x38\x34\x33\x38\x2d\x31\x35\x2e\x33\x31\x32\x68\x34\
\x2e\x37\x36\x35\x36\x6c\x32\x2e\x35\x36\x32\x35\x20\x31\x30\x2e\
\x35\x34\x37\x20\x32\x2e\x35\x37\x38\x31\x2d\x31\x30\x2e\x35\x34\
\x37\x68\x34\x2e\x30\x39\x33\x38\x6c\x32\x2e\x35\x37\x38\x31\x20\
\x31\x30\x2e\x34\x33\x38\x20\x32\x2e\x35\x37\x38\x31\x2d\x31\x30\
\x2e\x34\x33\x38\x68\x34\x2e\x37\x35\x6c\x2d\x34\x2e\x30\x33\x31\
\x32\x20\x31\x35\x2e\x33\x31\x32\x68\x2d\x35\x2e\x33\x34\x33\x38\
\x6c\x2d\x32\x2e\x35\x37\x38\x31\x2d\x31\x30\x2e\x35\x33\x31\x2d\
\x32\x2e\x35\x37\x38\x31\x20\x31\x30\x2e\x35\x33\x31\x68\x2d\x35\
\x2e\x33\x34\x33\x38\x7a\x22\x2f\x3e\x0a\x20\x20\x3c\x2f\x73\x79\
\x6d\x62\x6f\x6c\x3e\x0a\x20\x20\x3c\x73\x79\x6d\x62\x6f\x6c\x20\
\x69\x64\x3d\x22\x64\x22\x20\x6f\x76\x65\x72\x66\x6c\x6f\x77\x3d\
\x22\x76\x69\x73\x69\x62\x6c\x65\x22\x3e\x0a\x20\x20\x20\x3c\x70\
\x61\x74\x68\x20\x64\x3d\x22\x6d\x39\x2e\x36\x34\x30\x36\x2d\x31\
\x32\x2e\x31\x38\x38\x63\x2d\x31\x2e\x30\x38\x35\x39\x20\x30\x2d\
\x31\x2e\x39\x31\x34\x31\x20\x30\x2e\x33\x39\x30\x36\x32\x2d\x32\
\x2e\x34\x38\x34\x34\x20\x31\x2e\x31\x37\x31\x39\x2d\x30\x2e\x35\
\x37\x34\x32\x32\x20\x30\x2e\x37\x38\x31\x32\x35\x2d\x30\x2e\x38\
\x35\x39\x33\x38\x20\x31\x2e\x39\x30\x36\x32\x2d\x30\x2e\x38\x35\
\x39\x33\x38\x20\x33\x2e\x33\x37\x35\x73\x30\x2e\x32\x38\x35\x31\
\x36\x20\x32\x2e\x35\x39\x33\x38\x20\x30\x2e\x38\x35\x39\x33\x38\
\x20\x33\x2e\x33\x37\x35\x63\x30\x2e\x35\x37\x30\x33\x31\x20\x30\
\x2e\x37\x37\x33\x34\x34\x20\x31\x2e\x33\x39\x38\x34\x20\x31\x2e\
\x31\x35\x36\x32\x20\x32\x2e\x34\x38\x34\x34\x20\x31\x2e\x31\x35\
\x36\x32\x20\x31\x2e\x30\x36\x32\x35\x20\x30\x20\x31\x2e\x38\x37\
\x35\x2d\x30\x2e\x33\x38\x32\x38\x31\x20\x32\x2e\x34\x33\x37\x35\
\x2d\x31\x2e\x31\x35\x36\x32\x20\x30\x2e\x35\x37\x30\x33\x31\x2d\
\x30\x2e\x37\x38\x31\x32\x35\x20\x30\x2e\x38\x35\x39\x33\x38\x2d\
\x31\x2e\x39\x30\x36\x32\x20\x30\x2e\x38\x35\x39\x33\x38\x2d\x33\
\x2e\x33\x37\x35\x73\x2d\x30\x2e\x32\x38\x39\x30\x36\x2d\x32\x2e\
\x35\x39\x33\x38\x2d\x30\x2e\x38\x35\x39\x33\x38\x2d\x33\x2e\x33\
\x37\x35\x63\x2d\x30\x2e\x35\x36\x32\x35\x2d\x30\x2e\x37\x38\x31\
\x32\x35\x2d\x31\x2e\x33\x37\x35\x2d\x31\x2e\x31\x37\x31\x39\x2d\
\x32\x2e\x34\x33\x37\x35\x2d\x31\x2e\x31\x37\x31\x39\x7a\x6d\x30\
\x2d\x33\x2e\x35\x63\x32\x2e\x36\x33\x32\x38\x20\x30\x20\x34\x2e\
\x36\x39\x31\x34\x20\x30\x2e\x37\x31\x34\x38\x34\x20\x36\x2e\x31\
\x37\x31\x39\x20\x32\x2e\x31\x34\x30\x36\x20\x31\x2e\x34\x37\x36\
\x36\x20\x31\x2e\x34\x31\x38\x20\x32\x2e\x32\x31\x38\x38\x20\x33\
\x2e\x33\x38\x36\x37\x20\x32\x2e\x32\x31\x38\x38\x20\x35\x2e\x39\
\x30\x36\x32\x20\x30\x20\x32\x2e\x35\x31\x31\x37\x2d\x30\x2e\x37\
\x34\x32\x31\x39\x20\x34\x2e\x34\x38\x30\x35\x2d\x32\x2e\x32\x31\
\x38\x38\x20\x35\x2e\x39\x30\x36\x32\x2d\x31\x2e\x34\x38\x30\x35\
\x20\x31\x2e\x34\x31\x38\x2d\x33\x2e\x35\x33\x39\x31\x20\x32\x2e\
\x31\x32\x35\x2d\x36\x2e\x31\x37\x31\x39\x20\x32\x2e\x31\x32\x35\
\x2d\x32\x2e\x36\x34\x38\x34\x20\x30\x2d\x34\x2e\x37\x31\x34\x38\
\x2d\x30\x2e\x37\x30\x37\x30\x33\x2d\x36\x2e\x32\x30\x33\x31\x2d\
\x32\x2e\x31\x32\x35\x2d\x31\x2e\x34\x39\x32\x32\x2d\x31\x2e\x34\
\x32\x35\x38\x2d\x32\x2e\x32\x33\x34\x34\x2d\x33\x2e\x33\x39\x34\
\x35\x2d\x32\x2e\x32\x33\x34\x34\x2d\x35\x2e\x39\x30\x36\x32\x20\
\x30\x2d\x32\x2e\x35\x31\x39\x35\x20\x30\x2e\x37\x34\x32\x31\x39\
\x2d\x34\x2e\x34\x38\x38\x33\x20\x32\x2e\x32\x33\x34\x34\x2d\x35\
\x2e\x39\x30\x36\x32\x20\x31\x2e\x34\x38\x38\x33\x2d\x31\x2e\x34\
\x32\x35\x38\x20\x33\x2e\x35\x35\x34\x37\x2d\x32\x2e\x31\x34\x30\
\x36\x20\x36\x2e\x32\x30\x33\x31\x2d\x32\x2e\x31\x34\x30\x36\x7a\
\x22\x2f\x3e\x0a\x20\x20\x3c\x2f\x73\x79\x6d\x62\x6f\x6c\x3e\x0a\
\x20\x20\x3c\x73\x79\x6d\x62\x6f\x6c\x20\x69\x64\x3d\x22\x73\x22\
\x20\x6f\x76\x65\x72\x66\x6c\x6f\x77\x3d\x22\x76\x69\x73\x69\x62\
\x6c\x65\x22\x3e\x0a\x20\x20\x20\x3c\x70\x61\x74\x68\x20\x64\x3d\
\x22\x6d\x32\x2e\x33\x35\x39\x34\x2d\x32\x31\x2e\x32\x38\x31\x68\
\x34\x2e\x38\x39\x30\x36\x76\x31\x31\x2e\x35\x39\x34\x6c\x35\x2e\
\x36\x32\x35\x2d\x35\x2e\x36\x32\x35\x68\x35\x2e\x36\x38\x37\x35\
\x6c\x2d\x37\x2e\x34\x36\x38\x38\x20\x37\x2e\x30\x33\x31\x32\x20\
\x38\x2e\x30\x36\x32\x35\x20\x38\x2e\x32\x38\x31\x32\x68\x2d\x35\
\x2e\x39\x33\x37\x35\x6c\x2d\x35\x2e\x39\x36\x38\x38\x2d\x36\x2e\
\x33\x39\x30\x36\x76\x36\x2e\x33\x39\x30\x36\x68\x2d\x34\x2e\x38\
\x39\x30\x36\x7a\x22\x2f\x3e\x0a\x20\x20\x3c\x2f\x73\x79\x6d\x62\
\x6f\x6c\x3e\x0a\x20\x20\x3c\x73\x79\x6d\x62\x6f\x6c\x20\x69\x64\
\x3d\x22\x67\x22\x20\x6f\x76\x65\x72\x66\x6c\x6f\x77\x3d\x22\x76\
\x69\x73\x69\x62\x6c\x65\x22\x3e\x0a\x20\x20\x20\x3c\x70\x61\x74\
\x68\x20\x64\x3d\x22\x6d\x31\x37\x2e\x37\x35\x2d\x39\x2e\x33\x32\
\x38\x31\x76\x39\x2e\x33\x32\x38\x31\x68\x2d\x34\x2e\x39\x32\x31\
\x39\x76\x2d\x37\x2e\x31\x34\x30\x36\x63\x30\x2d\x31\x2e\x33\x32\
\x30\x33\x2d\x30\x2e\x30\x33\x31\x32\x35\x2d\x32\x2e\x32\x33\x34\
\x34\x2d\x30\x2e\x30\x39\x33\x37\x35\x2d\x32\x2e\x37\x33\x34\x34\
\x73\x2d\x30\x2e\x31\x36\x37\x39\x37\x2d\x30\x2e\x38\x36\x37\x31\
\x39\x2d\x30\x2e\x33\x31\x32\x35\x2d\x31\x2e\x31\x30\x39\x34\x63\
\x2d\x30\x2e\x31\x38\x37\x35\x2d\x30\x2e\x33\x31\x32\x35\x2d\x30\
\x2e\x34\x34\x39\x32\x32\x2d\x30\x2e\x35\x35\x34\x36\x39\x2d\x30\
\x2e\x37\x38\x31\x32\x35\x2d\x30\x2e\x37\x33\x34\x33\x38\x2d\x30\
\x2e\x33\x32\x34\x32\x32\x2d\x30\x2e\x31\x37\x35\x37\x38\x2d\x30\
\x2e\x36\x39\x35\x33\x31\x2d\x30\x2e\x32\x36\x35\x36\x32\x2d\x31\
\x2e\x31\x30\x39\x34\x2d\x30\x2e\x32\x36\x35\x36\x32\x2d\x31\x2e\
\x30\x32\x33\x34\x20\x30\x2d\x31\x2e\x38\x32\x34\x32\x20\x30\x2e\
\x33\x39\x38\x34\x34\x2d\x32\x2e\x34\x30\x36\x32\x20\x31\x2e\x31\
\x38\x37\x35\x2d\x30\x2e\x35\x38\x35\x39\x34\x20\x30\x2e\x37\x38\
\x31\x32\x35\x2d\x30\x2e\x38\x37\x35\x20\x31\x2e\x38\x37\x31\x31\
\x2d\x30\x2e\x38\x37\x35\x20\x33\x2e\x32\x36\x35\x36\x76\x37\x2e\
\x35\x33\x31\x32\x68\x2d\x34\x2e\x38\x39\x30\x36\x76\x2d\x31\x35\
\x2e\x33\x31\x32\x68\x34\x2e\x38\x39\x30\x36\x76\x32\x2e\x32\x33\
\x34\x34\x63\x30\x2e\x37\x33\x38\x32\x38\x2d\x30\x2e\x38\x38\x32\
\x38\x31\x20\x31\x2e\x35\x31\x39\x35\x2d\x31\x2e\x35\x33\x39\x31\
\x20\x32\x2e\x33\x34\x33\x38\x2d\x31\x2e\x39\x36\x38\x38\x20\x30\
\x2e\x38\x33\x32\x30\x33\x2d\x30\x2e\x34\x32\x35\x37\x38\x20\x31\
\x2e\x37\x35\x2d\x30\x2e\x36\x34\x30\x36\x32\x20\x32\x2e\x37\x35\
\x2d\x30\x2e\x36\x34\x30\x36\x32\x20\x31\x2e\x37\x36\x39\x35\x20\
\x30\x20\x33\x2e\x31\x31\x33\x33\x20\x30\x2e\x35\x34\x36\x38\x38\
\x20\x34\x2e\x30\x33\x31\x32\x20\x31\x2e\x36\x34\x30\x36\x20\x30\
\x2e\x39\x31\x34\x30\x36\x20\x31\x2e\x30\x38\x35\x39\x20\x31\x2e\
\x33\x37\x35\x20\x32\x2e\x36\x35\x36\x32\x20\x31\x2e\x33\x37\x35\
\x20\x34\x2e\x37\x31\x38\x38\x7a\x22\x2f\x3e\x0a\x20\x20\x3c\x2f\
\x73\x79\x6d\x62\x6f\x6c\x3e\x0a\x20\x20\x3c\x73\x79\x6d\x62\x6f\
\x6c\x20\x69\x64\x3d\x22\x72\x22\x20\x6f\x76\x65\x72\x66\x6c\x6f\
\x77\x3d\x22\x76\x69\x73\x69\x62\x6c\x65\x22\x3e\x0a\x20\x20\x20\
\x3c\x70\x61\x74\x68\x20\x64\x3d\x22\x6d\x31\x32\x2e\x34\x32\x32\
\x2d\x32\x31\x2e\x32\x38\x31\x76\x33\x2e\x32\x31\x38\x38\x68\x2d\
\x32\x2e\x37\x30\x33\x31\x63\x2d\x30\x2e\x36\x38\x37\x35\x20\x30\
\x2d\x31\x2e\x31\x37\x31\x39\x20\x30\x2e\x31\x32\x35\x2d\x31\x2e\
\x34\x35\x33\x31\x20\x30\x2e\x33\x37\x35\x2d\x30\x2e\x32\x37\x33\
\x34\x34\x20\x30\x2e\x32\x35\x2d\x30\x2e\x34\x30\x36\x32\x35\x20\
\x30\x2e\x36\x38\x37\x35\x2d\x30\x2e\x34\x30\x36\x32\x35\x20\x31\
\x2e\x33\x31\x32\x35\x76\x31\x2e\x30\x36\x32\x35\x68\x34\x2e\x31\
\x38\x37\x35\x76\x33\x2e\x35\x68\x2d\x34\x2e\x31\x38\x37\x35\x76\
\x31\x31\x2e\x38\x31\x32\x68\x2d\x34\x2e\x38\x39\x30\x36\x76\x2d\
\x31\x31\x2e\x38\x31\x32\x68\x2d\x32\x2e\x34\x33\x37\x35\x76\x2d\
\x33\x2e\x35\x68\x32\x2e\x34\x33\x37\x35\x76\x2d\x31\x2e\x30\x36\
\x32\x35\x63\x30\x2d\x31\x2e\x36\x36\x34\x31\x20\x30\x2e\x34\x36\
\x30\x39\x34\x2d\x32\x2e\x38\x39\x38\x34\x20\x31\x2e\x33\x39\x30\
\x36\x2d\x33\x2e\x37\x30\x33\x31\x20\x30\x2e\x39\x32\x35\x37\x38\
\x2d\x30\x2e\x38\x30\x30\x37\x38\x20\x32\x2e\x33\x36\x37\x32\x2d\
\x31\x2e\x32\x30\x33\x31\x20\x34\x2e\x33\x32\x38\x31\x2d\x31\x2e\
\x32\x30\x33\x31\x7a\x22\x2f\x3e\x0a\x20\x20\x3c\x2f\x73\x79\x6d\
\x62\x6f\x6c\x3e\x0a\x20\x20\x3c\x73\x79\x6d\x62\x6f\x6c\x20\x69\
\x64\x3d\x22\x71\x22\x20\x6f\x76\x65\x72\x66\x6c\x6f\x77\x3d\x22\
\x76\x69\x73\x69\x62\x6c\x65\x22\x3e\x0a\x20\x20\x20\x3c\x70\x61\
\x74\x68\x20\x64\x3d\x22\x6d\x31\x36\x2e\x35\x34\x37\x2d\x31\x32\
\x2e\x37\x36\x36\x63\x30\x2e\x36\x31\x33\x32\x38\x2d\x30\x2e\x39\
\x34\x35\x33\x31\x20\x31\x2e\x33\x34\x37\x37\x2d\x31\x2e\x36\x37\
\x31\x39\x20\x32\x2e\x32\x30\x33\x31\x2d\x32\x2e\x31\x37\x31\x39\
\x20\x30\x2e\x38\x35\x31\x35\x36\x2d\x30\x2e\x35\x20\x31\x2e\x37\
\x38\x39\x31\x2d\x30\x2e\x37\x35\x20\x32\x2e\x38\x31\x32\x35\x2d\
\x30\x2e\x37\x35\x20\x31\x2e\x37\x35\x37\x38\x20\x30\x20\x33\x2e\
\x30\x39\x37\x37\x20\x30\x2e\x35\x34\x36\x38\x38\x20\x34\x2e\x30\
\x31\x35\x36\x20\x31\x2e\x36\x34\x30\x36\x20\x30\x2e\x39\x32\x35\
\x37\x38\x20\x31\x2e\x30\x38\x35\x39\x20\x31\x2e\x33\x39\x30\x36\
\x20\x32\x2e\x36\x35\x36\x32\x20\x31\x2e\x33\x39\x30\x36\x20\x34\
\x2e\x37\x31\x38\x38\x76\x39\x2e\x33\x32\x38\x31\x68\x2d\x34\x2e\
\x39\x32\x31\x39\x76\x2d\x37\x2e\x39\x38\x34\x34\x2d\x30\x2e\x33\
\x35\x39\x33\x38\x63\x30\x2e\x30\x30\x37\x38\x31\x33\x2d\x30\x2e\
\x31\x33\x32\x38\x31\x20\x30\x2e\x30\x31\x35\x36\x32\x35\x2d\x30\
\x2e\x33\x32\x30\x33\x31\x20\x30\x2e\x30\x31\x35\x36\x32\x35\x2d\
\x30\x2e\x35\x36\x32\x35\x20\x30\x2d\x31\x2e\x30\x38\x32\x2d\x30\
\x2e\x31\x36\x34\x30\x36\x2d\x31\x2e\x38\x36\x33\x33\x2d\x30\x2e\
\x34\x38\x34\x33\x38\x2d\x32\x2e\x33\x34\x33\x38\x2d\x30\x2e\x33\
\x31\x32\x35\x2d\x30\x2e\x34\x38\x38\x32\x38\x2d\x30\x2e\x38\x32\
\x34\x32\x32\x2d\x30\x2e\x37\x33\x34\x33\x38\x2d\x31\x2e\x35\x33\
\x31\x32\x2d\x30\x2e\x37\x33\x34\x33\x38\x2d\x30\x2e\x39\x32\x39\
\x36\x39\x20\x30\x2d\x31\x2e\x36\x34\x38\x34\x20\x30\x2e\x33\x38\
\x36\x37\x32\x2d\x32\x2e\x31\x35\x36\x32\x20\x31\x2e\x31\x35\x36\
\x32\x2d\x30\x2e\x35\x31\x31\x37\x32\x20\x30\x2e\x37\x36\x31\x37\
\x32\x2d\x30\x2e\x37\x37\x33\x34\x34\x20\x31\x2e\x38\x36\x37\x32\
\x2d\x30\x2e\x37\x38\x31\x32\x35\x20\x33\x2e\x33\x31\x32\x35\x76\
\x37\x2e\x35\x31\x35\x36\x68\x2d\x34\x2e\x39\x32\x31\x39\x76\x2d\
\x37\x2e\x39\x38\x34\x34\x63\x30\x2d\x31\x2e\x36\x39\x35\x33\x2d\
\x30\x2e\x31\x34\x38\x34\x34\x2d\x32\x2e\x37\x38\x35\x32\x2d\x30\
\x2e\x34\x33\x37\x35\x2d\x33\x2e\x32\x36\x35\x36\x2d\x30\x2e\x32\
\x39\x32\x39\x37\x2d\x30\x2e\x34\x38\x38\x32\x38\x2d\x30\x2e\x38\
\x31\x32\x35\x2d\x30\x2e\x37\x33\x34\x33\x38\x2d\x31\x2e\x35\x36\
\x32\x35\x2d\x30\x2e\x37\x33\x34\x33\x38\x2d\x30\x2e\x39\x33\x37\
\x35\x20\x30\x2d\x31\x2e\x36\x36\x34\x31\x20\x30\x2e\x33\x38\x36\
\x37\x32\x2d\x32\x2e\x31\x37\x31\x39\x20\x31\x2e\x31\x35\x36\x32\
\x2d\x30\x2e\x35\x31\x31\x37\x32\x20\x30\x2e\x37\x36\x31\x37\x32\
\x2d\x30\x2e\x37\x36\x35\x36\x32\x20\x31\x2e\x38\x35\x39\x34\x2d\
\x30\x2e\x37\x36\x35\x36\x32\x20\x33\x2e\x32\x39\x36\x39\x76\x37\
\x2e\x35\x33\x31\x32\x68\x2d\x34\x2e\x39\x32\x31\x39\x76\x2d\x31\
\x35\x2e\x33\x31\x32\x68\x34\x2e\x39\x32\x31\x39\x76\x32\x2e\x32\
\x33\x34\x34\x63\x30\x2e\x36\x30\x31\x35\x36\x2d\x30\x2e\x38\x36\
\x33\x32\x38\x20\x31\x2e\x32\x38\x39\x31\x2d\x31\x2e\x35\x31\x35\
\x36\x20\x32\x2e\x30\x36\x32\x35\x2d\x31\x2e\x39\x35\x33\x31\x20\
\x30\x2e\x37\x38\x31\x32\x35\x2d\x30\x2e\x34\x33\x37\x35\x20\x31\
\x2e\x36\x34\x30\x36\x2d\x30\x2e\x36\x35\x36\x32\x35\x20\x32\x2e\
\x35\x37\x38\x31\x2d\x30\x2e\x36\x35\x36\x32\x35\x20\x31\x2e\x30\
\x36\x32\x35\x20\x30\x20\x32\x20\x30\x2e\x32\x35\x37\x38\x31\x20\
\x32\x2e\x38\x31\x32\x35\x20\x30\x2e\x37\x36\x35\x36\x32\x20\x30\
\x2e\x38\x31\x32\x35\x20\x30\x2e\x35\x31\x31\x37\x32\x20\x31\x2e\
\x34\x32\x35\x38\x20\x31\x2e\x32\x33\x30\x35\x20\x31\x2e\x38\x34\
\x33\x38\x20\x32\x2e\x31\x35\x36\x32\x7a\x22\x2f\x3e\x0a\x20\x20\
\x3c\x2f\x73\x79\x6d\x62\x6f\x6c\x3e\x0a\x20\x20\x3c\x73\x79\x6d\
\x62\x6f\x6c\x20\x69\x64\x3d\x22\x70\x22\x20\x6f\x76\x65\x72\x66\
\x6c\x6f\x77\x3d\x22\x76\x69\x73\x69\x62\x6c\x65\x22\x3e\x0a\x20\
\x20\x20\x3c\x70\x61\x74\x68\x20\x64\x3d\x22\x6d\x31\x37\x2e\x37\
\x35\x2d\x39\x2e\x33\x32\x38\x31\x76\x39\x2e\x33\x32\x38\x31\x68\
\x2d\x34\x2e\x39\x32\x31\x39\x76\x2d\x37\x2e\x31\x30\x39\x34\x63\
\x30\x2d\x31\x2e\x33\x34\x33\x38\x2d\x30\x2e\x30\x33\x31\x32\x35\
\x2d\x32\x2e\x32\x36\x35\x36\x2d\x30\x2e\x30\x39\x33\x37\x35\x2d\
\x32\x2e\x37\x36\x35\x36\x73\x2d\x30\x2e\x31\x36\x37\x39\x37\x2d\
\x30\x2e\x38\x36\x37\x31\x39\x2d\x30\x2e\x33\x31\x32\x35\x2d\x31\
\x2e\x31\x30\x39\x34\x63\x2d\x30\x2e\x31\x38\x37\x35\x2d\x30\x2e\
\x33\x31\x32\x35\x2d\x30\x2e\x34\x34\x39\x32\x32\x2d\x30\x2e\x35\
\x35\x34\x36\x39\x2d\x30\x2e\x37\x38\x31\x32\x35\x2d\x30\x2e\x37\
\x33\x34\x33\x38\x2d\x30\x2e\x33\x32\x34\x32\x32\x2d\x30\x2e\x31\
\x37\x35\x37\x38\x2d\x30\x2e\x36\x39\x35\x33\x31\x2d\x30\x2e\x32\
\x36\x35\x36\x32\x2d\x31\x2e\x31\x30\x39\x34\x2d\x30\x2e\x32\x36\
\x35\x36\x32\x2d\x31\x2e\x30\x32\x33\x34\x20\x30\x2d\x31\x2e\x38\
\x32\x34\x32\x20\x30\x2e\x33\x39\x38\x34\x34\x2d\x32\x2e\x34\x30\
\x36\x32\x20\x31\x2e\x31\x38\x37\x35\x2d\x30\x2e\x35\x38\x35\x39\
\x34\x20\x30\x2e\x37\x38\x31\x32\x35\x2d\x30\x2e\x38\x37\x35\x20\
\x31\x2e\x38\x37\x31\x31\x2d\x30\x2e\x38\x37\x35\x20\x33\x2e\x32\
\x36\x35\x36\x76\x37\x2e\x35\x33\x31\x32\x68\x2d\x34\x2e\x38\x39\
\x30\x36\x76\x2d\x32\x31\x2e\x32\x38\x31\x68\x34\x2e\x38\x39\x30\
\x36\x76\x38\x2e\x32\x30\x33\x31\x63\x30\x2e\x37\x33\x38\x32\x38\
\x2d\x30\x2e\x38\x38\x32\x38\x31\x20\x31\x2e\x35\x31\x39\x35\x2d\
\x31\x2e\x35\x33\x39\x31\x20\x32\x2e\x33\x34\x33\x38\x2d\x31\x2e\
\x39\x36\x38\x38\x20\x30\x2e\x38\x33\x32\x30\x33\x2d\x30\x2e\x34\
\x32\x35\x37\x38\x20\x31\x2e\x37\x35\x2d\x30\x2e\x36\x34\x30\x36\
\x32\x20\x32\x2e\x37\x35\x2d\x30\x2e\x36\x34\x30\x36\x32\x20\x31\
\x2e\x37\x36\x39\x35\x20\x30\x20\x33\x2e\x31\x31\x33\x33\x20\x30\
\x2e\x35\x34\x36\x38\x38\x20\x34\x2e\x30\x33\x31\x32\x20\x31\x2e\
\x36\x34\x30\x36\x20\x30\x2e\x39\x31\x34\x30\x36\x20\x31\x2e\x30\
\x38\x35\x39\x20\x31\x2e\x33\x37\x35\x20\x32\x2e\x36\x35\x36\x32\
\x20\x31\x2e\x33\x37\x35\x20\x34\x2e\x37\x31\x38\x38\x7a\x22\x2f\
\x3e\x0a\x20\x20\x3c\x2f\x73\x79\x6d\x62\x6f\x6c\x3e\x0a\x20\x20\
\x3c\x73\x79\x6d\x62\x6f\x6c\x20\x69\x64\x3d\x22\x6f\x22\x20\x6f\
\x76\x65\x72\x66\x6c\x6f\x77\x3d\x22\x76\x69\x73\x69\x62\x6c\x65\
\x22\x3e\x0a\x20\x20\x20\x3c\x70\x61\x74\x68\x20\x64\x3d\x22\x6d\
\x32\x2e\x35\x37\x38\x31\x2d\x32\x30\x2e\x34\x30\x36\x68\x35\x2e\
\x38\x37\x35\x6c\x37\x2e\x34\x32\x31\x39\x20\x31\x34\x76\x2d\x31\
\x34\x68\x34\x2e\x39\x38\x34\x34\x76\x32\x30\x2e\x34\x30\x36\x68\
\x2d\x35\x2e\x38\x37\x35\x6c\x2d\x37\x2e\x34\x32\x31\x39\x2d\x31\
\x34\x76\x31\x34\x68\x2d\x34\x2e\x39\x38\x34\x34\x7a\x22\x2f\x3e\
\x0a\x20\x20\x3c\x2f\x73\x79\x6d\x62\x6f\x6c\x3e\x0a\x20\x20\x3c\
\x73\x79\x6d\x62\x6f\x6c\x20\x69\x64\x3d\x22\x6e\x22\x20\x6f\x76\
\x65\x72\x66\x6c\x6f\x77\x3d\x22\x76\x69\x73\x69\x62\x6c\x65\x22\
\x3e\x0a\x20\x20\x20\x3c\x70\x61\x74\x68\x20\x64\x3d\x22\x6d\x32\
\x2e\x31\x38\x37\x35\x2d\x35\x2e\x39\x36\x38\x38\x76\x2d\x39\x2e\
\x33\x34\x33\x38\x68\x34\x2e\x39\x32\x31\x39\x76\x31\x2e\x35\x33\
\x31\x32\x63\x30\x20\x30\x2e\x38\x33\x35\x39\x34\x2d\x30\x2e\x30\
\x30\x37\x38\x31\x33\x20\x31\x2e\x38\x37\x35\x2d\x30\x2e\x30\x31\
\x35\x36\x32\x35\x20\x33\x2e\x31\x32\x35\x2d\x30\x2e\x30\x31\x31\
\x37\x31\x39\x20\x31\x2e\x32\x35\x2d\x30\x2e\x30\x31\x35\x36\x32\
\x35\x20\x32\x2e\x30\x38\x35\x39\x2d\x30\x2e\x30\x31\x35\x36\x32\
\x35\x20\x32\x2e\x35\x20\x30\x20\x31\x2e\x32\x34\x32\x32\x20\x30\
\x2e\x30\x33\x31\x32\x35\x20\x32\x2e\x31\x33\x32\x38\x20\x30\x2e\
\x30\x39\x33\x37\x35\x20\x32\x2e\x36\x37\x31\x39\x20\x30\x2e\x30\
\x37\x30\x33\x31\x33\x20\x30\x2e\x35\x34\x32\x39\x37\x20\x30\x2e\
\x31\x37\x39\x36\x39\x20\x30\x2e\x39\x33\x33\x35\x39\x20\x30\x2e\
\x33\x32\x38\x31\x32\x20\x31\x2e\x31\x37\x31\x39\x20\x30\x2e\x32\
\x30\x37\x30\x33\x20\x30\x2e\x33\x32\x34\x32\x32\x20\x30\x2e\x34\
\x37\x32\x36\x36\x20\x30\x2e\x35\x37\x34\x32\x32\x20\x30\x2e\x37\
\x39\x36\x38\x38\x20\x30\x2e\x37\x35\x20\x30\x2e\x33\x32\x30\x33\
\x31\x20\x30\x2e\x31\x36\x37\x39\x37\x20\x30\x2e\x36\x39\x31\x34\
\x31\x20\x30\x2e\x32\x35\x20\x31\x2e\x31\x30\x39\x34\x20\x30\x2e\
\x32\x35\x20\x31\x2e\x30\x31\x39\x35\x20\x30\x20\x31\x2e\x38\x32\
\x30\x33\x2d\x30\x2e\x33\x39\x30\x36\x32\x20\x32\x2e\x34\x30\x36\
\x32\x2d\x31\x2e\x31\x37\x31\x39\x20\x30\x2e\x35\x38\x32\x30\x33\
\x2d\x30\x2e\x37\x38\x31\x32\x35\x20\x30\x2e\x38\x37\x35\x2d\x31\
\x2e\x38\x36\x37\x32\x20\x30\x2e\x38\x37\x35\x2d\x33\x2e\x32\x36\
\x35\x36\x76\x2d\x37\x2e\x35\x36\x32\x35\x68\x34\x2e\x38\x39\x30\
\x36\x76\x31\x35\x2e\x33\x31\x32\x68\x2d\x34\x2e\x38\x39\x30\x36\
\x76\x2d\x32\x2e\x32\x31\x38\x38\x63\x2d\x30\x2e\x37\x34\x32\x31\
\x39\x20\x30\x2e\x38\x39\x38\x34\x34\x2d\x31\x2e\x35\x32\x33\x34\
\x20\x31\x2e\x35\x35\x38\x36\x2d\x32\x2e\x33\x34\x33\x38\x20\x31\
\x2e\x39\x38\x34\x34\x2d\x30\x2e\x38\x32\x34\x32\x32\x20\x30\x2e\
\x34\x31\x34\x30\x36\x2d\x31\x2e\x37\x33\x34\x34\x20\x30\x2e\x36\
\x32\x35\x2d\x32\x2e\x37\x33\x34\x34\x20\x30\x2e\x36\x32\x35\x2d\
\x31\x2e\x37\x36\x31\x37\x20\x30\x2d\x33\x2e\x31\x30\x35\x35\x2d\
\x30\x2e\x35\x33\x39\x30\x36\x2d\x34\x2e\x30\x33\x31\x32\x2d\x31\
\x2e\x36\x32\x35\x2d\x30\x2e\x39\x32\x39\x36\x39\x2d\x31\x2e\x30\
\x38\x32\x2d\x31\x2e\x33\x39\x30\x36\x2d\x32\x2e\x36\x36\x30\x32\
\x2d\x31\x2e\x33\x39\x30\x36\x2d\x34\x2e\x37\x33\x34\x34\x7a\x22\
\x2f\x3e\x0a\x20\x20\x3c\x2f\x73\x79\x6d\x62\x6f\x6c\x3e\x0a\x20\
\x20\x3c\x73\x79\x6d\x62\x6f\x6c\x20\x69\x64\x3d\x22\x6d\x22\x20\
\x6f\x76\x65\x72\x66\x6c\x6f\x77\x3d\x22\x76\x69\x73\x69\x62\x6c\
\x65\x22\x3e\x0a\x20\x20\x20\x3c\x70\x61\x74\x68\x20\x64\x3d\x22\
\x6d\x32\x2e\x35\x37\x38\x31\x2d\x32\x30\x2e\x34\x30\x36\x68\x38\
\x2e\x37\x33\x34\x34\x63\x32\x2e\x35\x39\x33\x38\x20\x30\x20\x34\
\x2e\x35\x38\x32\x20\x30\x2e\x35\x37\x38\x31\x32\x20\x35\x2e\x39\
\x36\x38\x38\x20\x31\x2e\x37\x33\x34\x34\x20\x31\x2e\x33\x39\x34\
\x35\x20\x31\x2e\x31\x34\x38\x34\x20\x32\x2e\x30\x39\x33\x38\x20\
\x32\x2e\x37\x38\x39\x31\x20\x32\x2e\x30\x39\x33\x38\x20\x34\x2e\
\x39\x32\x31\x39\x20\x30\x20\x32\x2e\x31\x33\x36\x37\x2d\x30\x2e\
\x36\x39\x39\x32\x32\x20\x33\x2e\x37\x38\x31\x32\x2d\x32\x2e\x30\
\x39\x33\x38\x20\x34\x2e\x39\x33\x37\x35\x2d\x31\x2e\x33\x38\x36\
\x37\x20\x31\x2e\x31\x35\x36\x32\x2d\x33\x2e\x33\x37\x35\x20\x31\
\x2e\x37\x33\x34\x34\x2d\x35\x2e\x39\x36\x38\x38\x20\x31\x2e\x37\
\x33\x34\x34\x68\x2d\x33\x2e\x34\x38\x34\x34\x76\x37\x2e\x30\x37\
\x38\x31\x68\x2d\x35\x2e\x32\x35\x7a\x6d\x35\x2e\x32\x35\x20\x33\
\x2e\x38\x31\x32\x35\x76\x35\x2e\x37\x30\x33\x31\x68\x32\x2e\x39\
\x32\x31\x39\x63\x31\x2e\x30\x31\x39\x35\x20\x30\x20\x31\x2e\x38\
\x30\x34\x37\x2d\x30\x2e\x32\x35\x20\x32\x2e\x33\x35\x39\x34\x2d\
\x30\x2e\x37\x35\x20\x30\x2e\x35\x36\x32\x35\x2d\x30\x2e\x35\x20\
\x30\x2e\x38\x34\x33\x37\x35\x2d\x31\x2e\x32\x30\x33\x31\x20\x30\
\x2e\x38\x34\x33\x37\x35\x2d\x32\x2e\x31\x30\x39\x34\x20\x30\x2d\
\x30\x2e\x39\x31\x34\x30\x36\x2d\x30\x2e\x32\x38\x31\x32\x35\x2d\
\x31\x2e\x36\x31\x37\x32\x2d\x30\x2e\x38\x34\x33\x37\x35\x2d\x32\
\x2e\x31\x30\x39\x34\x2d\x30\x2e\x35\x35\x34\x36\x39\x2d\x30\x2e\
\x34\x38\x38\x32\x38\x2d\x31\x2e\x33\x33\x39\x38\x2d\x30\x2e\x37\
\x33\x34\x33\x38\x2d\x32\x2e\x33\x35\x39\x34\x2d\x30\x2e\x37\x33\
\x34\x33\x38\x7a\x22\x2f\x3e\x0a\x20\x20\x3c\x2f\x73\x79\x6d\x62\
\x6f\x6c\x3e\x0a\x20\x20\x3c\x73\x79\x6d\x62\x6f\x6c\x20\x69\x64\
\x3d\x22\x6c\x22\x20\x6f\x76\x65\x72\x66\x6c\x6f\x77\x3d\x22\x76\
\x69\x73\x69\x62\x6c\x65\x22\x3e\x0a\x20\x20\x20\x3c\x70\x61\x74\
\x68\x20\x64\x3d\x22\x6d\x32\x2e\x33\x35\x39\x34\x2d\x31\x35\x2e\
\x33\x31\x32\x68\x34\x2e\x38\x39\x30\x36\x76\x31\x35\x2e\x30\x33\
\x31\x63\x30\x20\x32\x2e\x30\x35\x30\x38\x2d\x30\x2e\x34\x39\x36\
\x30\x39\x20\x33\x2e\x36\x31\x37\x32\x2d\x31\x2e\x34\x38\x34\x34\
\x20\x34\x2e\x37\x30\x33\x31\x2d\x30\x2e\x39\x38\x30\x34\x37\x20\
\x31\x2e\x30\x38\x32\x2d\x32\x2e\x34\x30\x36\x32\x20\x31\x2e\x36\
\x32\x35\x2d\x34\x2e\x32\x38\x31\x32\x20\x31\x2e\x36\x32\x35\x68\
\x2d\x32\x2e\x34\x32\x31\x39\x76\x2d\x33\x2e\x32\x31\x38\x38\x68\
\x30\x2e\x38\x35\x39\x33\x38\x63\x30\x2e\x39\x32\x35\x37\x38\x20\
\x30\x20\x31\x2e\x35\x36\x32\x35\x2d\x30\x2e\x32\x31\x30\x39\x34\
\x20\x31\x2e\x39\x30\x36\x32\x2d\x30\x2e\x36\x32\x35\x20\x30\x2e\
\x33\x35\x31\x35\x36\x2d\x30\x2e\x34\x31\x37\x39\x37\x20\x30\x2e\
\x35\x33\x31\x32\x35\x2d\x31\x2e\x32\x34\x36\x31\x20\x30\x2e\x35\
\x33\x31\x32\x35\x2d\x32\x2e\x34\x38\x34\x34\x7a\x6d\x30\x2d\x35\
\x2e\x39\x36\x38\x38\x68\x34\x2e\x38\x39\x30\x36\x76\x34\x68\x2d\
\x34\x2e\x38\x39\x30\x36\x7a\x22\x2f\x3e\x0a\x20\x20\x3c\x2f\x73\
\x79\x6d\x62\x6f\x6c\x3e\x0a\x20\x20\x3c\x73\x79\x6d\x62\x6f\x6c\
\x20\x69\x64\x3d\x22\x6b\x22\x20\x6f\x76\x65\x72\x66\x6c\x6f\x77\
\x3d\x22\x76\x69\x73\x69\x62\x6c\x65\x22\x3e\x0a\x20\x20\x20\x3c\
\x70\x61\x74\x68\x20\x64\x3d\x22\x6d\x31\x34\x2e\x37\x31\x39\x2d\
\x31\x34\x2e\x38\x32\x38\x76\x33\x2e\x39\x38\x34\x34\x63\x2d\x30\
\x2e\x36\x35\x36\x32\x35\x2d\x30\x2e\x34\x35\x37\x30\x33\x2d\x31\
\x2e\x33\x32\x34\x32\x2d\x30\x2e\x37\x39\x36\x38\x38\x2d\x32\x2d\
\x31\x2e\x30\x31\x35\x36\x2d\x30\x2e\x36\x36\x37\x39\x37\x2d\x30\
\x2e\x32\x31\x38\x37\x35\x2d\x31\x2e\x33\x35\x39\x34\x2d\x30\x2e\
\x33\x32\x38\x31\x32\x2d\x32\x2e\x30\x37\x38\x31\x2d\x30\x2e\x33\
\x32\x38\x31\x32\x2d\x31\x2e\x33\x36\x37\x32\x20\x30\x2d\x32\x2e\
\x34\x33\x33\x36\x20\x30\x2e\x34\x30\x32\x33\x34\x2d\x33\x2e\x32\
\x30\x33\x31\x20\x31\x2e\x32\x30\x33\x31\x2d\x30\x2e\x37\x36\x31\
\x37\x32\x20\x30\x2e\x37\x39\x32\x39\x37\x2d\x31\x2e\x31\x34\x30\
\x36\x20\x31\x2e\x39\x30\x36\x32\x2d\x31\x2e\x31\x34\x30\x36\x20\
\x33\x2e\x33\x34\x33\x38\x20\x30\x20\x31\x2e\x34\x32\x39\x37\x20\
\x30\x2e\x33\x37\x38\x39\x31\x20\x32\x2e\x35\x34\x33\x20\x31\x2e\
\x31\x34\x30\x36\x20\x33\x2e\x33\x34\x33\x38\x20\x30\x2e\x37\x36\
\x39\x35\x33\x20\x30\x2e\x37\x39\x32\x39\x37\x20\x31\x2e\x38\x33\
\x35\x39\x20\x31\x2e\x31\x38\x37\x35\x20\x33\x2e\x32\x30\x33\x31\
\x20\x31\x2e\x31\x38\x37\x35\x20\x30\x2e\x37\x35\x37\x38\x31\x20\
\x30\x20\x31\x2e\x34\x38\x34\x34\x2d\x30\x2e\x31\x30\x39\x33\x38\
\x20\x32\x2e\x31\x37\x31\x39\x2d\x30\x2e\x33\x32\x38\x31\x32\x20\
\x30\x2e\x36\x38\x37\x35\x2d\x30\x2e\x32\x32\x36\x35\x36\x20\x31\
\x2e\x33\x32\x30\x33\x2d\x30\x2e\x35\x36\x36\x34\x31\x20\x31\x2e\
\x39\x30\x36\x32\x2d\x31\x2e\x30\x31\x35\x36\x76\x34\x63\x2d\x30\
\x2e\x37\x36\x31\x37\x32\x20\x30\x2e\x32\x38\x31\x32\x35\x2d\x31\
\x2e\x35\x33\x39\x31\x20\x30\x2e\x34\x38\x38\x32\x38\x2d\x32\x2e\
\x33\x32\x38\x31\x20\x30\x2e\x36\x32\x35\x2d\x30\x2e\x37\x38\x31\
\x32\x35\x20\x30\x2e\x31\x34\x34\x35\x33\x2d\x31\x2e\x35\x37\x34\
\x32\x20\x30\x2e\x32\x31\x38\x37\x35\x2d\x32\x2e\x33\x37\x35\x20\
\x30\x2e\x32\x31\x38\x37\x35\x2d\x32\x2e\x37\x36\x31\x37\x20\x30\
\x2d\x34\x2e\x39\x32\x31\x39\x2d\x30\x2e\x37\x30\x37\x30\x33\x2d\
\x36\x2e\x34\x38\x34\x34\x2d\x32\x2e\x31\x32\x35\x2d\x31\x2e\x35\
\x35\x34\x37\x2d\x31\x2e\x34\x31\x34\x31\x2d\x32\x2e\x33\x32\x38\
\x31\x2d\x33\x2e\x33\x38\x32\x38\x2d\x32\x2e\x33\x32\x38\x31\x2d\
\x35\x2e\x39\x30\x36\x32\x20\x30\x2d\x32\x2e\x35\x33\x31\x32\x20\
\x30\x2e\x37\x37\x33\x34\x34\x2d\x34\x2e\x35\x30\x33\x39\x20\x32\
\x2e\x33\x32\x38\x31\x2d\x35\x2e\x39\x32\x31\x39\x20\x31\x2e\x35\
\x36\x32\x35\x2d\x31\x2e\x34\x31\x34\x31\x20\x33\x2e\x37\x32\x32\
\x37\x2d\x32\x2e\x31\x32\x35\x20\x36\x2e\x34\x38\x34\x34\x2d\x32\
\x2e\x31\x32\x35\x20\x30\x2e\x38\x30\x30\x37\x38\x20\x30\x20\x31\
\x2e\x35\x39\x33\x38\x20\x30\x2e\x30\x37\x34\x32\x31\x39\x20\x32\
\x2e\x33\x37\x35\x20\x30\x2e\x32\x31\x38\x37\x35\x20\x30\x2e\x37\
\x38\x31\x32\x35\x20\x30\x2e\x31\x33\x36\x37\x32\x20\x31\x2e\x35\
\x35\x34\x37\x20\x30\x2e\x33\x35\x31\x35\x36\x20\x32\x2e\x33\x32\
\x38\x31\x20\x30\x2e\x36\x34\x30\x36\x32\x7a\x22\x2f\x3e\x0a\x20\
\x20\x3c\x2f\x73\x79\x6d\x62\x6f\x6c\x3e\x0a\x20\x3c\x2f\x64\x65\
\x66\x73\x3e\x0a\x20\x3c\x67\x3e\x0a\x20\x20\x3c\x70\x61\x74\x68\
\x20\x64\x3d\x22\x6d\x33\x35\x39\x2e\x39\x38\x20\x37\x32\x2e\x36\
\x32\x35\x63\x2d\x35\x2e\x37\x37\x33\x34\x20\x30\x2e\x36\x33\x32\
\x38\x31\x2d\x31\x30\x2e\x31\x30\x32\x20\x35\x2e\x35\x37\x30\x33\
\x2d\x39\x2e\x39\x37\x36\x36\x20\x31\x31\x2e\x33\x37\x35\x76\x32\
\x38\x68\x2d\x31\x31\x2e\x31\x39\x39\x63\x2d\x30\x2e\x33\x35\x31\
\x35\x36\x2d\x30\x2e\x30\x31\x35\x36\x32\x35\x2d\x30\x2e\x36\x39\
\x39\x32\x32\x2d\x30\x2e\x30\x31\x35\x36\x32\x35\x2d\x31\x2e\x30\
\x35\x30\x38\x20\x30\x2d\x33\x2e\x30\x34\x36\x39\x20\x30\x2e\x33\
\x30\x30\x37\x38\x2d\x35\x2e\x38\x33\x35\x39\x20\x31\x2e\x38\x33\
\x39\x38\x2d\x37\x2e\x37\x32\x32\x37\x20\x34\x2e\x32\x35\x33\x39\
\x2d\x31\x2e\x38\x38\x32\x38\x20\x32\x2e\x34\x31\x34\x31\x2d\x32\
\x2e\x36\x39\x39\x32\x20\x35\x2e\x34\x39\x32\x32\x2d\x32\x2e\x32\
\x35\x33\x39\x20\x38\x2e\x35\x31\x39\x35\x6c\x31\x31\x2e\x32\x30\
\x33\x20\x37\x32\x2e\x38\x30\x31\x63\x30\x2e\x37\x38\x31\x32\x35\
\x20\x35\x2e\x35\x20\x35\x2e\x34\x37\x32\x37\x20\x39\x2e\x35\x39\
\x33\x38\x20\x31\x31\x2e\x30\x32\x33\x20\x39\x2e\x36\x32\x35\x68\
\x32\x38\x76\x34\x34\x2e\x38\x30\x31\x68\x2d\x36\x31\x2e\x36\x30\
\x32\x63\x2d\x31\x37\x2e\x36\x38\x38\x20\x30\x2d\x33\x31\x2e\x39\
\x31\x34\x20\x31\x32\x2e\x30\x35\x35\x2d\x34\x36\x2e\x35\x34\x37\
\x20\x32\x35\x2e\x31\x39\x39\x2d\x31\x33\x2e\x37\x39\x37\x20\x31\
\x32\x2e\x33\x39\x35\x2d\x32\x36\x2e\x38\x34\x34\x20\x32\x36\x2e\
\x35\x33\x31\x2d\x33\x37\x2e\x34\x35\x33\x20\x33\x37\x2e\x32\x37\
\x37\x2d\x32\x31\x2e\x30\x31\x36\x20\x34\x2e\x39\x37\x32\x37\x2d\
\x35\x30\x2e\x30\x39\x38\x20\x38\x2e\x33\x33\x39\x38\x2d\x37\x35\
\x2e\x35\x39\x38\x20\x31\x35\x2e\x30\x34\x37\x2d\x31\x33\x2e\x32\
\x32\x33\x20\x33\x2e\x34\x38\x30\x35\x2d\x32\x35\x2e\x34\x32\x36\
\x20\x37\x2e\x38\x33\x39\x38\x2d\x33\x35\x2e\x33\x35\x32\x20\x31\
\x34\x2e\x37\x30\x33\x2d\x39\x2e\x39\x32\x35\x38\x20\x36\x2e\x38\
\x35\x39\x34\x2d\x31\x37\x2e\x38\x34\x38\x20\x31\x37\x2e\x38\x32\
\x38\x2d\x31\x37\x2e\x38\x34\x38\x20\x33\x30\x2e\x39\x37\x33\x76\
\x34\x34\x2e\x38\x30\x31\x63\x30\x20\x31\x32\x2e\x32\x31\x35\x20\
\x31\x30\x2e\x31\x38\x34\x20\x32\x32\x2e\x33\x39\x38\x20\x32\x32\
\x2e\x33\x39\x38\x20\x32\x32\x2e\x33\x39\x38\x68\x32\x33\x2e\x36\
\x32\x35\x63\x35\x2e\x32\x34\x36\x31\x20\x32\x35\x2e\x34\x35\x37\
\x20\x32\x37\x2e\x38\x32\x38\x20\x34\x34\x2e\x38\x30\x31\x20\x35\
\x34\x2e\x37\x37\x33\x20\x34\x34\x2e\x38\x30\x31\x20\x32\x36\x2e\
\x39\x34\x39\x20\x30\x20\x34\x39\x2e\x35\x33\x31\x2d\x31\x39\x2e\
\x33\x34\x34\x20\x35\x34\x2e\x37\x37\x37\x2d\x34\x34\x2e\x38\x30\
\x31\x68\x31\x38\x31\x2e\x36\x35\x63\x35\x2e\x32\x34\x36\x31\x20\
\x32\x35\x2e\x34\x35\x37\x20\x32\x37\x2e\x38\x32\x38\x20\x34\x34\
\x2e\x38\x30\x31\x20\x35\x34\x2e\x37\x37\x37\x20\x34\x34\x2e\x38\
\x30\x31\x20\x32\x36\x2e\x39\x34\x35\x20\x30\x20\x34\x39\x2e\x35\
\x32\x37\x2d\x31\x39\x2e\x33\x34\x34\x20\x35\x34\x2e\x37\x37\x33\
\x2d\x34\x34\x2e\x38\x30\x31\x68\x32\x33\x2e\x36\x32\x35\x63\x31\
\x32\x2e\x32\x31\x35\x20\x30\x20\x32\x32\x2e\x33\x39\x38\x2d\x31\
\x30\x2e\x31\x38\x34\x20\x32\x32\x2e\x33\x39\x38\x2d\x32\x32\x2e\
\x33\x39\x38\x76\x2d\x37\x38\x2e\x33\x39\x38\x63\x30\x2d\x31\x32\
\x2e\x32\x31\x39\x2d\x31\x30\x2e\x31\x38\x34\x2d\x32\x32\x2e\x34\
\x30\x32\x2d\x32\x32\x2e\x33\x39\x38\x2d\x32\x32\x2e\x34\x30\x32\
\x68\x2d\x32\x33\x2e\x31\x30\x32\x63\x2d\x31\x32\x2e\x37\x35\x38\
\x2d\x31\x35\x2e\x33\x31\x32\x2d\x32\x35\x2e\x34\x31\x2d\x33\x30\
\x2e\x37\x38\x31\x2d\x33\x38\x2e\x31\x34\x38\x2d\x34\x32\x2e\x38\
\x37\x35\x2d\x31\x33\x2e\x39\x34\x39\x2d\x31\x33\x2e\x32\x34\x32\
\x2d\x32\x37\x2e\x39\x39\x36\x2d\x32\x33\x2e\x38\x31\x36\x2d\x34\
\x34\x2e\x38\x30\x31\x2d\x32\x34\x2e\x33\x32\x34\x68\x2d\x30\x2e\
\x33\x34\x37\x36\x36\x2d\x36\x37\x2e\x32\x30\x33\x76\x2d\x34\x34\
\x2e\x38\x30\x31\x68\x32\x38\x63\x35\x2e\x35\x35\x34\x37\x2d\x30\
\x2e\x30\x33\x31\x32\x35\x20\x31\x30\x2e\x32\x34\x36\x2d\x34\x2e\
\x31\x32\x35\x20\x31\x31\x2e\x30\x32\x37\x2d\x39\x2e\x36\x32\x35\
\x6c\x31\x31\x2e\x31\x39\x39\x2d\x37\x32\x2e\x38\x30\x31\x63\x30\
\x2e\x34\x35\x33\x31\x32\x2d\x33\x2e\x31\x39\x39\x32\x2d\x30\x2e\
\x34\x39\x36\x30\x39\x2d\x36\x2e\x34\x34\x31\x34\x2d\x32\x2e\x36\
\x30\x39\x34\x2d\x38\x2e\x38\x39\x30\x36\x2d\x32\x2e\x31\x31\x33\
\x33\x2d\x32\x2e\x34\x34\x39\x32\x2d\x35\x2e\x31\x38\x33\x36\x2d\
\x33\x2e\x38\x36\x33\x33\x2d\x38\x2e\x34\x31\x34\x31\x2d\x33\x2e\
\x38\x38\x32\x38\x68\x2d\x31\x31\x2e\x32\x30\x33\x76\x2d\x32\x38\
\x63\x30\x2e\x30\x37\x30\x33\x31\x32\x2d\x33\x2e\x32\x32\x36\x36\
\x2d\x31\x2e\x32\x35\x33\x39\x2d\x36\x2e\x33\x32\x34\x32\x2d\x33\
\x2e\x36\x33\x32\x38\x2d\x38\x2e\x35\x30\x33\x39\x2d\x32\x2e\x33\
\x37\x38\x39\x2d\x32\x2e\x31\x37\x35\x38\x2d\x35\x2e\x35\x38\x32\
\x2d\x33\x2e\x32\x32\x32\x37\x2d\x38\x2e\x37\x38\x39\x31\x2d\x32\
\x2e\x38\x37\x31\x31\x2d\x35\x2e\x37\x37\x33\x34\x20\x30\x2e\x36\
\x33\x32\x38\x31\x2d\x31\x30\x2e\x31\x30\x32\x20\x35\x2e\x35\x37\
\x30\x33\x2d\x39\x2e\x39\x37\x36\x36\x20\x31\x31\x2e\x33\x37\x35\
\x76\x32\x38\x68\x2d\x33\x33\x2e\x36\x30\x32\x76\x2d\x32\x38\x63\
\x30\x2e\x30\x37\x30\x33\x31\x32\x2d\x33\x2e\x32\x32\x36\x36\x2d\
\x31\x2e\x32\x35\x33\x39\x2d\x36\x2e\x33\x32\x34\x32\x2d\x33\x2e\
\x36\x33\x32\x38\x2d\x38\x2e\x35\x30\x33\x39\x2d\x32\x2e\x33\x37\
\x38\x39\x2d\x32\x2e\x31\x37\x35\x38\x2d\x35\x2e\x35\x38\x32\x2d\
\x33\x2e\x32\x32\x32\x37\x2d\x38\x2e\x37\x38\x39\x31\x2d\x32\x2e\
\x38\x37\x31\x31\x7a\x6d\x2d\x38\x2e\x32\x32\x36\x36\x20\x36\x31\
\x2e\x37\x37\x33\x68\x37\x34\x2e\x38\x39\x38\x6c\x2d\x37\x2e\x38\
\x37\x35\x20\x35\x30\x2e\x34\x30\x32\x68\x2d\x35\x39\x2e\x31\x34\
\x38\x7a\x6d\x2d\x33\x35\x2e\x33\x35\x32\x20\x31\x34\x30\x68\x31\
\x35\x30\x2e\x38\x35\x63\x36\x2e\x35\x37\x34\x32\x20\x30\x2e\x31\
\x39\x39\x32\x32\x20\x31\x37\x2e\x36\x39\x31\x20\x36\x2e\x34\x32\
\x31\x39\x20\x33\x30\x2e\x31\x30\x32\x20\x31\x38\x2e\x32\x30\x33\
\x20\x31\x32\x2e\x34\x30\x36\x20\x31\x31\x2e\x37\x37\x37\x20\x32\
\x36\x2e\x30\x35\x39\x20\x32\x38\x2e\x31\x35\x32\x20\x34\x30\x2e\
\x30\x37\x34\x20\x34\x34\x2e\x39\x37\x33\x20\x32\x2e\x31\x32\x31\
\x31\x20\x32\x2e\x35\x34\x33\x20\x35\x2e\x32\x36\x31\x37\x20\x34\
\x2e\x30\x31\x39\x35\x20\x38\x2e\x35\x37\x34\x32\x20\x34\x2e\x30\
\x32\x37\x33\x68\x32\x38\x76\x37\x38\x2e\x33\x39\x38\x68\x2d\x32\
\x33\x2e\x36\x32\x35\x63\x2d\x35\x2e\x32\x34\x36\x31\x2d\x32\x35\
\x2e\x34\x35\x33\x2d\x32\x37\x2e\x38\x32\x38\x2d\x34\x34\x2e\x38\
\x30\x31\x2d\x35\x34\x2e\x37\x37\x33\x2d\x34\x34\x2e\x38\x30\x31\
\x2d\x32\x36\x2e\x39\x34\x39\x20\x30\x2d\x34\x39\x2e\x35\x33\x31\
\x20\x31\x39\x2e\x33\x34\x38\x2d\x35\x34\x2e\x37\x37\x37\x20\x34\
\x34\x2e\x38\x30\x31\x68\x2d\x31\x38\x31\x2e\x36\x35\x63\x2d\x35\
\x2e\x32\x34\x36\x31\x2d\x32\x35\x2e\x34\x35\x33\x2d\x32\x37\x2e\
\x38\x32\x38\x2d\x34\x34\x2e\x38\x30\x31\x2d\x35\x34\x2e\x37\x37\
\x37\x2d\x34\x34\x2e\x38\x30\x31\x2d\x32\x36\x2e\x39\x34\x35\x20\
\x30\x2d\x34\x39\x2e\x35\x32\x37\x20\x31\x39\x2e\x33\x34\x38\x2d\
\x35\x34\x2e\x37\x37\x33\x20\x34\x34\x2e\x38\x30\x31\x68\x2d\x32\
\x33\x2e\x36\x32\x35\x76\x2d\x34\x34\x2e\x38\x30\x31\x63\x30\x2d\
\x35\x2e\x31\x33\x36\x37\x20\x31\x2e\x38\x37\x35\x2d\x38\x2e\x33\
\x33\x32\x20\x38\x2e\x30\x35\x30\x38\x2d\x31\x32\x2e\x35\x39\x38\
\x20\x36\x2e\x31\x37\x31\x39\x2d\x34\x2e\x32\x36\x39\x35\x20\x31\
\x36\x2e\x33\x37\x31\x2d\x38\x2e\x32\x32\x36\x36\x20\x32\x38\x2e\
\x33\x34\x38\x2d\x31\x31\x2e\x33\x37\x35\x20\x32\x33\x2e\x39\x35\
\x37\x2d\x36\x2e\x33\x30\x34\x37\x20\x35\x34\x2e\x37\x31\x31\x2d\
\x39\x2e\x36\x35\x32\x33\x20\x37\x38\x2e\x34\x30\x32\x2d\x31\x35\
\x2e\x35\x37\x38\x20\x31\x2e\x39\x32\x35\x38\x2d\x30\x2e\x35\x31\
\x39\x35\x33\x20\x33\x2e\x36\x37\x39\x37\x2d\x31\x2e\x35\x34\x36\
\x39\x20\x35\x2e\x30\x37\x34\x32\x2d\x32\x2e\x39\x37\x32\x37\x20\
\x31\x31\x2e\x35\x32\x2d\x31\x31\x2e\x35\x32\x20\x32\x35\x2e\x34\
\x33\x34\x2d\x32\x36\x2e\x37\x39\x37\x20\x33\x38\x2e\x38\x35\x32\
\x2d\x33\x38\x2e\x38\x35\x32\x20\x31\x33\x2e\x34\x31\x38\x2d\x31\
\x32\x2e\x30\x35\x31\x20\x32\x37\x2e\x31\x37\x32\x2d\x31\x39\x2e\
\x34\x32\x36\x20\x33\x31\x2e\x36\x37\x32\x2d\x31\x39\x2e\x34\x32\
\x36\x7a\x6d\x31\x35\x2e\x37\x35\x20\x31\x36\x2e\x38\x30\x31\x63\
\x2d\x30\x2e\x33\x35\x31\x35\x36\x20\x30\x2e\x30\x34\x32\x39\x36\
\x39\x2d\x30\x2e\x37\x30\x33\x31\x33\x20\x30\x2e\x31\x30\x31\x35\
\x36\x2d\x31\x2e\x30\x34\x36\x39\x20\x30\x2e\x31\x37\x35\x37\x38\
\x2d\x33\x30\x2e\x33\x35\x39\x20\x35\x2e\x38\x36\x37\x32\x2d\x35\
\x31\x2e\x32\x31\x31\x20\x33\x31\x2e\x35\x37\x38\x2d\x36\x33\x2e\
\x31\x37\x36\x20\x34\x39\x2e\x35\x32\x33\x2d\x32\x2e\x33\x33\x35\
\x39\x20\x33\x2e\x34\x33\x33\x36\x2d\x32\x2e\x35\x37\x38\x31\x20\
\x37\x2e\x38\x37\x38\x39\x2d\x30\x2e\x36\x33\x36\x37\x32\x20\x31\
\x31\x2e\x35\x34\x37\x20\x31\x2e\x39\x34\x35\x33\x20\x33\x2e\x36\
\x36\x38\x20\x35\x2e\x37\x35\x37\x38\x20\x35\x2e\x39\x36\x30\x39\
\x20\x39\x2e\x39\x31\x30\x32\x20\x35\x2e\x39\x35\x33\x31\x68\x31\
\x30\x36\x2e\x34\x63\x36\x2e\x31\x38\x33\x36\x20\x30\x20\x31\x31\
\x2e\x31\x39\x39\x2d\x35\x2e\x30\x31\x31\x37\x20\x31\x31\x2e\x31\
\x39\x39\x2d\x31\x31\x2e\x31\x39\x39\x76\x2d\x34\x34\x2e\x38\x30\
\x31\x63\x30\x2d\x36\x2e\x31\x38\x33\x36\x2d\x35\x2e\x30\x31\x35\
\x36\x2d\x31\x31\x2e\x31\x39\x39\x2d\x31\x31\x2e\x31\x39\x39\x2d\
\x31\x31\x2e\x31\x39\x39\x68\x2d\x35\x30\x2e\x34\x30\x32\x63\x2d\
\x30\x2e\x33\x34\x37\x36\x36\x2d\x30\x2e\x30\x31\x35\x36\x32\x35\
\x2d\x30\x2e\x36\x39\x39\x32\x32\x2d\x30\x2e\x30\x31\x35\x36\x32\
\x35\x2d\x31\x2e\x30\x35\x30\x38\x20\x30\x7a\x6d\x38\x39\x2e\x36\
\x30\x32\x20\x30\x63\x2d\x35\x2e\x37\x37\x33\x34\x20\x30\x2e\x35\
\x34\x32\x39\x37\x2d\x31\x30\x2e\x31\x37\x36\x20\x35\x2e\x34\x30\
\x32\x33\x2d\x31\x30\x2e\x31\x34\x38\x20\x31\x31\x2e\x31\x39\x39\
\x76\x34\x34\x2e\x38\x30\x31\x63\x30\x20\x36\x2e\x31\x38\x37\x35\
\x20\x35\x2e\x30\x31\x31\x37\x20\x31\x31\x2e\x31\x39\x39\x20\x31\
\x31\x2e\x31\x39\x39\x20\x31\x31\x2e\x31\x39\x39\x68\x38\x34\x63\
\x34\x2e\x31\x35\x32\x33\x20\x30\x2e\x30\x30\x37\x38\x31\x32\x20\
\x37\x2e\x39\x36\x34\x38\x2d\x32\x2e\x32\x38\x35\x32\x20\x39\x2e\
\x39\x31\x30\x32\x2d\x35\x2e\x39\x35\x33\x31\x20\x31\x2e\x39\x34\
\x31\x34\x2d\x33\x2e\x36\x36\x38\x20\x31\x2e\x36\x39\x39\x32\x2d\
\x38\x2e\x31\x31\x33\x33\x2d\x30\x2e\x36\x33\x36\x37\x32\x2d\x31\
\x31\x2e\x35\x34\x37\x2d\x31\x31\x2e\x39\x36\x35\x2d\x31\x37\x2e\
\x39\x34\x35\x2d\x33\x32\x2e\x38\x31\x36\x2d\x34\x33\x2e\x36\x35\
\x36\x2d\x36\x33\x2e\x31\x37\x36\x2d\x34\x39\x2e\x35\x32\x33\x2d\
\x30\x2e\x36\x39\x31\x34\x31\x2d\x30\x2e\x31\x32\x35\x2d\x31\x2e\
\x33\x39\x34\x35\x2d\x30\x2e\x31\x38\x33\x35\x39\x2d\x32\x2e\x30\
\x39\x37\x37\x2d\x30\x2e\x31\x37\x35\x37\x38\x68\x2d\x32\x38\x63\
\x2d\x30\x2e\x33\x35\x31\x35\x36\x2d\x30\x2e\x30\x31\x35\x36\x32\
\x35\x2d\x30\x2e\x36\x39\x39\x32\x32\x2d\x30\x2e\x30\x31\x35\x36\
\x32\x35\x2d\x31\x2e\x30\x35\x30\x38\x20\x30\x7a\x6d\x2d\x38\x37\
\x2e\x33\x32\x34\x20\x32\x32\x2e\x34\x30\x32\x68\x33\x37\x2e\x39\
\x37\x33\x76\x32\x32\x2e\x33\x39\x38\x68\x2d\x37\x30\x2e\x38\x37\
\x35\x63\x39\x2e\x37\x36\x31\x37\x2d\x31\x30\x2e\x33\x35\x39\x20\
\x32\x30\x2e\x37\x30\x37\x2d\x31\x39\x2e\x37\x32\x33\x20\x33\x32\
\x2e\x39\x30\x32\x2d\x32\x32\x2e\x33\x39\x38\x7a\x6d\x39\x39\x2e\
\x35\x37\x34\x20\x30\x68\x31\x35\x2e\x35\x37\x34\x63\x31\x32\x2e\
\x31\x39\x35\x20\x32\x2e\x36\x37\x35\x38\x20\x32\x33\x2e\x31\x34\
\x31\x20\x31\x32\x2e\x30\x33\x39\x20\x33\x32\x2e\x39\x30\x32\x20\
\x32\x32\x2e\x33\x39\x38\x68\x2d\x34\x38\x2e\x34\x37\x37\x7a\x6d\
\x2d\x32\x32\x39\x2e\x36\x20\x38\x34\x63\x31\x38\x2e\x36\x39\x31\
\x20\x30\x20\x33\x33\x2e\x36\x30\x32\x20\x31\x34\x2e\x39\x31\x20\
\x33\x33\x2e\x36\x30\x32\x20\x33\x33\x2e\x35\x39\x38\x20\x30\x20\
\x31\x38\x2e\x36\x39\x31\x2d\x31\x34\x2e\x39\x31\x20\x33\x33\x2e\
\x36\x30\x32\x2d\x33\x33\x2e\x36\x30\x32\x20\x33\x33\x2e\x36\x30\
\x32\x2d\x31\x38\x2e\x36\x38\x38\x20\x30\x2d\x33\x33\x2e\x35\x39\
\x38\x2d\x31\x34\x2e\x39\x31\x2d\x33\x33\x2e\x35\x39\x38\x2d\x33\
\x33\x2e\x36\x30\x32\x20\x30\x2d\x31\x38\x2e\x36\x38\x38\x20\x31\
\x34\x2e\x39\x31\x2d\x33\x33\x2e\x35\x39\x38\x20\x33\x33\x2e\x35\
\x39\x38\x2d\x33\x33\x2e\x35\x39\x38\x7a\x6d\x32\x39\x31\x2e\x32\
\x20\x30\x63\x31\x38\x2e\x36\x38\x38\x20\x30\x20\x33\x33\x2e\x35\
\x39\x38\x20\x31\x34\x2e\x39\x31\x20\x33\x33\x2e\x35\x39\x38\x20\
\x33\x33\x2e\x35\x39\x38\x20\x30\x20\x31\x38\x2e\x36\x39\x31\x2d\
\x31\x34\x2e\x39\x31\x20\x33\x33\x2e\x36\x30\x32\x2d\x33\x33\x2e\
\x35\x39\x38\x20\x33\x33\x2e\x36\x30\x32\x2d\x31\x38\x2e\x36\x39\
\x31\x20\x30\x2d\x33\x33\x2e\x36\x30\x32\x2d\x31\x34\x2e\x39\x31\
\x2d\x33\x33\x2e\x36\x30\x32\x2d\x33\x33\x2e\x36\x30\x32\x20\x30\
\x2d\x31\x38\x2e\x36\x38\x38\x20\x31\x34\x2e\x39\x31\x2d\x33\x33\
\x2e\x35\x39\x38\x20\x33\x33\x2e\x36\x30\x32\x2d\x33\x33\x2e\x35\
\x39\x38\x7a\x22\x2f\x3e\x0a\x20\x20\x3c\x75\x73\x65\x20\x78\x3d\
\x22\x37\x30\x22\x20\x79\x3d\x22\x36\x34\x34\x22\x20\x78\x6c\x69\
\x6e\x6b\x3a\x68\x72\x65\x66\x3d\x22\x23\x74\x22\x2f\x3e\x0a\x20\
\x20\x3c\x75\x73\x65\x20\x78\x3d\x22\x39\x30\x2e\x35\x35\x30\x37\
\x38\x31\x22\x20\x79\x3d\x22\x36\x34\x34\x22\x20\x78\x6c\x69\x6e\
\x6b\x3a\x68\x72\x65\x66\x3d\x22\x23\x62\x22\x2f\x3e\x0a\x20\x20\
\x3c\x75\x73\x65\x20\x78\x3d\x22\x31\x30\x34\x2e\x33\x35\x39\x33\
\x37\x35\x22\x20\x79\x3d\x22\x36\x34\x34\x22\x20\x78\x6c\x69\x6e\
\x6b\x3a\x68\x72\x65\x66\x3d\x22\x23\x61\x22\x2f\x3e\x0a\x20\x20\
\x3c\x75\x73\x65\x20\x78\x3d\x22\x31\x32\x33\x2e\x33\x34\x37\x36\
\x35\x36\x22\x20\x79\x3d\x22\x36\x34\x34\x22\x20\x78\x6c\x69\x6e\
\x6b\x3a\x68\x72\x65\x66\x3d\x22\x23\x65\x22\x2f\x3e\x0a\x20\x20\
\x3c\x75\x73\x65\x20\x78\x3d\x22\x31\x34\x32\x2e\x32\x34\x32\x31\
\x38\x38\x22\x20\x79\x3d\x22\x36\x34\x34\x22\x20\x78\x6c\x69\x6e\
\x6b\x3a\x68\x72\x65\x66\x3d\x22\x23\x63\x22\x2f\x3e\x0a\x20\x20\
\x3c\x75\x73\x65\x20\x78\x3d\x22\x31\x35\x35\x2e\x36\x32\x38\x39\
\x30\x36\x22\x20\x79\x3d\x22\x36\x34\x34\x22\x20\x78\x6c\x69\x6e\
\x6b\x3a\x68\x72\x65\x66\x3d\x22\x23\x61\x22\x2f\x3e\x0a\x20\x20\
\x3c\x75\x73\x65\x20\x78\x3d\x22\x31\x37\x34\x2e\x36\x31\x37\x31\
\x38\x38\x22\x20\x79\x3d\x22\x36\x34\x34\x22\x20\x78\x6c\x69\x6e\
\x6b\x3a\x68\x72\x65\x66\x3d\x22\x23\x6a\x22\x2f\x3e\x0a\x20\x20\
\x3c\x75\x73\x65\x20\x78\x3d\x22\x32\x30\x34\x2e\x34\x31\x30\x31\
\x35\x36\x22\x20\x79\x3d\x22\x36\x34\x34\x22\x20\x78\x6c\x69\x6e\
\x6b\x3a\x68\x72\x65\x66\x3d\x22\x23\x66\x22\x2f\x3e\x0a\x20\x20\
\x3c\x75\x73\x65\x20\x78\x3d\x22\x32\x32\x34\x2e\x34\x35\x33\x31\
\x32\x35\x22\x20\x79\x3d\x22\x36\x34\x34\x22\x20\x78\x6c\x69\x6e\
\x6b\x3a\x68\x72\x65\x66\x3d\x22\x23\x69\x22\x2f\x3e\x0a\x20\x20\
\x3c\x75\x73\x65\x20\x78\x3d\x22\x32\x35\x32\x2e\x34\x35\x33\x31\
\x32\x35\x22\x20\x79\x3d\x22\x36\x34\x34\x22\x20\x78\x6c\x69\x6e\
\x6b\x3a\x68\x72\x65\x66\x3d\x22\x23\x65\x22\x2f\x3e\x0a\x20\x20\
\x3c\x75\x73\x65\x20\x78\x3d\x22\x32\x37\x31\x2e\x33\x34\x33\x37\
\x35\x22\x20\x79\x3d\x22\x36\x34\x34\x22\x20\x78\x6c\x69\x6e\x6b\
\x3a\x68\x72\x65\x66\x3d\x22\x23\x62\x22\x2f\x3e\x0a\x20\x20\x3c\
\x75\x73\x65\x20\x78\x3d\x22\x32\x38\x35\x2e\x31\x35\x36\x32\x35\
\x22\x20\x79\x3d\x22\x36\x34\x34\x22\x20\x78\x6c\x69\x6e\x6b\x3a\
\x68\x72\x65\x66\x3d\x22\x23\x63\x22\x2f\x3e\x0a\x20\x20\x3c\x75\
\x73\x65\x20\x78\x3d\x22\x32\x39\x38\x2e\x35\x33\x39\x30\x36\x32\
\x22\x20\x79\x3d\x22\x36\x34\x34\x22\x20\x78\x6c\x69\x6e\x6b\x3a\
\x68\x72\x65\x66\x3d\x22\x23\x68\x22\x2f\x3e\x0a\x20\x20\x3c\x75\
\x73\x65\x20\x78\x3d\x22\x33\x32\x34\x2e\x34\x30\x36\x32\x35\x22\
\x20\x79\x3d\x22\x36\x34\x34\x22\x20\x78\x6c\x69\x6e\x6b\x3a\x68\
\x72\x65\x66\x3d\x22\x23\x64\x22\x2f\x3e\x0a\x20\x20\x3c\x75\x73\
\x65\x20\x78\x3d\x22\x33\x34\x33\x2e\x36\x34\x30\x36\x32\x35\x22\
\x20\x79\x3d\x22\x36\x34\x34\x22\x20\x78\x6c\x69\x6e\x6b\x3a\x68\
\x72\x65\x66\x3d\x22\x23\x62\x22\x2f\x3e\x0a\x20\x20\x3c\x75\x73\
\x65\x20\x78\x3d\x22\x33\x35\x37\x2e\x34\x35\x33\x31\x32\x35\x22\
\x20\x79\x3d\x22\x36\x34\x34\x22\x20\x78\x6c\x69\x6e\x6b\x3a\x68\
\x72\x65\x66\x3d\x22\x23\x73\x22\x2f\x3e\x0a\x20\x20\x3c\x75\x73\
\x65\x20\x78\x3d\x22\x33\x37\x36\x2e\x30\x37\x30\x33\x31\x32\x22\
\x20\x79\x3d\x22\x36\x34\x34\x22\x20\x78\x6c\x69\x6e\x6b\x3a\x68\
\x72\x65\x66\x3d\x22\x23\x66\x22\x2f\x3e\x0a\x20\x20\x3c\x75\x73\
\x65\x20\x78\x3d\x22\x33\x39\x36\x2e\x31\x31\x37\x31\x38\x38\x22\
\x20\x79\x3d\x22\x36\x34\x34\x22\x20\x78\x6c\x69\x6e\x6b\x3a\x68\
\x72\x65\x66\x3d\x22\x23\x61\x22\x2f\x3e\x0a\x20\x20\x3c\x75\x73\
\x65\x20\x78\x3d\x22\x34\x31\x35\x2e\x31\x30\x35\x34\x36\x39\x22\
\x20\x79\x3d\x22\x36\x34\x34\x22\x20\x78\x6c\x69\x6e\x6b\x3a\x68\
\x72\x65\x66\x3d\x22\x23\x65\x22\x2f\x3e\x0a\x20\x20\x3c\x75\x73\
\x65\x20\x78\x3d\x22\x34\x33\x34\x22\x20\x79\x3d\x22\x36\x34\x34\
\x22\x20\x78\x6c\x69\x6e\x6b\x3a\x68\x72\x65\x66\x3d\x22\x23\x67\
\x22\x2f\x3e\x0a\x20\x20\x3c\x75\x73\x65\x20\x78\x3d\x22\x37\x30\
\x22\x20\x79\x3d\x22\x36\x37\x32\x22\x20\x78\x6c\x69\x6e\x6b\x3a\
\x68\x72\x65\x66\x3d\x22\x23\x72\x22\x2f\x3e\x0a\x20\x20\x3c\x75\
\x73\x65\x20\x78\x3d\x22\x38\x32\x2e\x31\x38\x33\x35\x39\x34\x22\
\x20\x79\x3d\x22\x36\x37\x32\x22\x20\x78\x6c\x69\x6e\x6b\x3a\x68\
\x72\x65\x66\x3d\x22\x23\x62\x22\x2f\x3e\x0a\x20\x20\x3c\x75\x73\
\x65\x20\x78\x3d\x22\x39\x35\x2e\x39\x39\x32\x31\x38\x38\x22\x20\
\x79\x3d\x22\x36\x37\x32\x22\x20\x78\x6c\x69\x6e\x6b\x3a\x68\x72\
\x65\x66\x3d\x22\x23\x64\x22\x2f\x3e\x0a\x20\x20\x3c\x75\x73\x65\
\x20\x78\x3d\x22\x31\x31\x35\x2e\x32\x32\x36\x35\x36\x32\x22\x20\
\x79\x3d\x22\x36\x37\x32\x22\x20\x78\x6c\x69\x6e\x6b\x3a\x68\x72\
\x65\x66\x3d\x22\x23\x71\x22\x2f\x3e\x0a\x20\x20\x3c\x75\x73\x65\
\x20\x78\x3d\x22\x31\x35\x34\x2e\x31\x35\x32\x33\x34\x34\x22\x20\
\x79\x3d\x22\x36\x37\x32\x22\x20\x78\x6c\x69\x6e\x6b\x3a\x68\x72\
\x65\x66\x3d\x22\x23\x63\x22\x2f\x3e\x0a\x20\x20\x3c\x75\x73\x65\
\x20\x78\x3d\x22\x31\x36\x37\x2e\x35\x33\x35\x31\x35\x36\x22\x20\
\x79\x3d\x22\x36\x37\x32\x22\x20\x78\x6c\x69\x6e\x6b\x3a\x68\x72\
\x65\x66\x3d\x22\x23\x70\x22\x2f\x3e\x0a\x20\x20\x3c\x75\x73\x65\
\x20\x78\x3d\x22\x31\x38\x37\x2e\x34\x36\x38\x37\x35\x22\x20\x79\
\x3d\x22\x36\x37\x32\x22\x20\x78\x6c\x69\x6e\x6b\x3a\x68\x72\x65\
\x66\x3d\x22\x23\x61\x22\x2f\x3e\x0a\x20\x20\x3c\x75\x73\x65\x20\
\x78\x3d\x22\x32\x31\x36\x2e\x32\x30\x37\x30\x33\x31\x22\x20\x79\
\x3d\x22\x36\x37\x32\x22\x20\x78\x6c\x69\x6e\x6b\x3a\x68\x72\x65\
\x66\x3d\x22\x23\x6f\x22\x2f\x3e\x0a\x20\x20\x3c\x75\x73\x65\x20\
\x78\x3d\x22\x32\x33\x39\x2e\x36\x34\x30\x36\x32\x35\x22\x20\x79\
\x3d\x22\x36\x37\x32\x22\x20\x78\x6c\x69\x6e\x6b\x3a\x68\x72\x65\
\x66\x3d\x22\x23\x64\x22\x2f\x3e\x0a\x20\x20\x3c\x75\x73\x65\x20\
\x78\x3d\x22\x32\x35\x38\x2e\x38\x37\x38\x39\x30\x36\x22\x20\x79\
\x3d\x22\x36\x37\x32\x22\x20\x78\x6c\x69\x6e\x6b\x3a\x68\x72\x65\
\x66\x3d\x22\x23\x6e\x22\x2f\x3e\x0a\x20\x20\x3c\x75\x73\x65\x20\
\x78\x3d\x22\x32\x37\x38\x2e\x38\x31\x32\x35\x22\x20\x79\x3d\x22\
\x36\x37\x32\x22\x20\x78\x6c\x69\x6e\x6b\x3a\x68\x72\x65\x66\x3d\
\x22\x23\x67\x22\x2f\x3e\x0a\x20\x20\x3c\x75\x73\x65\x20\x78\x3d\
\x22\x33\x30\x38\x2e\x34\x39\x32\x31\x38\x38\x22\x20\x79\x3d\x22\
\x36\x37\x32\x22\x20\x78\x6c\x69\x6e\x6b\x3a\x68\x72\x65\x66\x3d\
\x22\x23\x6d\x22\x2f\x3e\x0a\x20\x20\x3c\x75\x73\x65\x20\x78\x3d\
\x22\x33\x32\x39\x2e\x30\x31\x35\x36\x32\x35\x22\x20\x79\x3d\x22\
\x36\x37\x32\x22\x20\x78\x6c\x69\x6e\x6b\x3a\x68\x72\x65\x66\x3d\
\x22\x23\x62\x22\x2f\x3e\x0a\x20\x20\x3c\x75\x73\x65\x20\x78\x3d\
\x22\x33\x34\x32\x2e\x38\x32\x30\x33\x31\x32\x22\x20\x79\x3d\x22\
\x36\x37\x32\x22\x20\x78\x6c\x69\x6e\x6b\x3a\x68\x72\x65\x66\x3d\
\x22\x23\x64\x22\x2f\x3e\x0a\x20\x20\x3c\x75\x73\x65\x20\x78\x3d\
\x22\x33\x36\x32\x2e\x30\x35\x38\x35\x39\x34\x22\x20\x79\x3d\x22\
\x36\x37\x32\x22\x20\x78\x6c\x69\x6e\x6b\x3a\x68\x72\x65\x66\x3d\
\x22\x23\x6c\x22\x2f\x3e\x0a\x20\x20\x3c\x75\x73\x65\x20\x78\x3d\
\x22\x33\x37\x31\x2e\x36\x35\x36\x32\x35\x22\x20\x79\x3d\x22\x36\
\x37\x32\x22\x20\x78\x6c\x69\x6e\x6b\x3a\x68\x72\x65\x66\x3d\x22\
\x23\x61\x22\x2f\x3e\x0a\x20\x20\x3c\x75\x73\x65\x20\x78\x3d\x22\
\x33\x39\x30\x2e\x36\x34\x38\x34\x33\x38\x22\x20\x79\x3d\x22\x36\
\x37\x32\x22\x20\x78\x6c\x69\x6e\x6b\x3a\x68\x72\x65\x66\x3d\x22\
\x23\x6b\x22\x2f\x3e\x0a\x20\x20\x3c\x75\x73\x65\x20\x78\x3d\x22\
\x34\x30\x37\x2e\x32\x34\x32\x31\x38\x38\x22\x20\x79\x3d\x22\x36\
\x37\x32\x22\x20\x78\x6c\x69\x6e\x6b\x3a\x68\x72\x65\x66\x3d\x22\
\x23\x63\x22\x2f\x3e\x0a\x20\x3c\x2f\x67\x3e\x0a\x3c\x2f\x73\x76\
\x67\x3e\x0a\
\x00\x00\x01\x39\
\x3c\
\x73\x76\x67\x20\x78\x6d\x6c\x6e\x73\x3d\x22\x68\x74\x74\x70\x3a\
\x2f\x2f\x77\x77\x77\x2e\x77\x33\x2e\x6f\x72\x67\x2f\x32\x30\x30\
\x30\x2f\x73\x76\x67\x22\x20\x77\x69\x64\x74\x68\x3d\x22\x38\x30\
\x22\x20\x68\x65\x69\x67\x68\x74\x3d\x22\x38\x30\x22\x20\x76\x69\
\x65\x77\x42\x6f\x78\x3d\x22\x30\x20\x30\x20\x32\x34\x20\x32\x34\
\x22\x20\x66\x69\x6c\x6c\x3d\x22\x6e\x6f\x6e\x65\x22\x20\x73\x74\
\x72\x6f\x6b\x65\x3d\x22\x63\x75\x72\x72\x65\x6e\x74\x43\x6f\x6c\
\x6f\x72\x22\x20\x73\x74\x72\x6f\x6b\x65\x2d\x77\x69\x64\x74\x68\
\x3d\x22\x31\x2e\x35\x22\x20\x73\x74\x72\x6f\x6b\x65\x2d\x6c\x69\
\x6e\x65\x63\x61\x70\x3d\x22\x72\x6f\x75\x6e\x64\x22\x20\x73\x74\
\x72\x6f\x6b\x65\x2d\x6c\x69\x6e\x65\x6a\x6f\x69\x6e\x3d\x22\x72\
\x6f\x75\x6e\x64\x22\x20\x63\x6c\x61\x73\x73\x3d\x22\x66\x65\x61\
\x74\x68\x65\x72\x20\x66\x65\x61\x74\x68\x65\x72\x2d\x6d\x6f\x75\
\x73\x65\x2d\x70\x6f\x69\x6e\x74\x65\x72\x22\x3e\x3c\x70\x61\x74\
\x68\x20\x64\x3d\x22\x4d\x33\x20\x33\x6c\x37\x2e\x30\x37\x20\x31\
\x36\x2e\x39\x37\x20\x32\x2e\x35\x31\x2d\x37\x2e\x33\x39\x20\x37\
\x2e\x33\x39\x2d\x32\x2e\x35\x31\x4c\x33\x20\x33\x7a\x22\x3e\x3c\
\x2f\x70\x61\x74\x68\x3e\x3c\x70\x61\x74\x68\x20\x64\x3d\x22\x4d\
\x31\x33\x20\x31\x33\x6c\x36\x20\x36\x22\x3e\x3c\x2f\x70\x61\x74\
\x68\x3e\x3c\x2f\x73\x76\x67\x3e\
\x00\x00\x01\x74\
\x3c\
\x73\x76\x67\x20\x78\x6d\x6c\x6e\x73\x3d\x22\x68\x74\x74\x70\x3a\
\x2f\x2f\x77\x77\x77\x2e\x77\x33\x2e\x6f\x72\x67\x2f\x32\x30\x30\
\x30\x2f\x73\x76\x67\x22\x20\x77\x69\x64\x74\x68\x3d\x22\x38\x30\
\x22\x20\x68\x65\x69\x67\x68\x74\x3d\x22\x38\x30\x22\x20\x76\x69\
\x65\x77\x42\x6f\x78\x3d\x22\x30\x20\x30\x20\x32\x34\x20\x32\x34\
\x22\x20\x66\x69\x6c\x6c\x3d\x22\x6e\x6f\x6e\x65\x22\x20\x73\x74\
\x72\x6f\x6b\x65\x3d\x22\x63\x75\x72\x72\x65\x6e\x74\x43\x6f\x6c\
\x6f\x72\x22\x20\x73\x74\x72\x6f\x6b\x65\x2d\x77\x69\x64\x74\x68\
\x3d\x22\x31\x2e\x35\x22\x20\x73\x74\x72\x6f\x6b\x65\x2d\x6c\x69\
\x6e\x65\x63\x61\x70\x3d\x22\x72\x6f\x75\x6e\x64\x22\x20\x73\x74\
\x72\x6f\x6b\x65\x2d\x6c\x69\x6e\x65\x6a\x6f\x69\x6e\x3d\x22\x72\
\x6f\x75\x6e\x64\x22\x20\x63\x6c\x61\x73\x73\x3d\x22\x66\x65\x61\
\x74\x68\x65\x72\x20\x66\x65\x61\x74\x68\x65\x72\x2d\x76\x6f\x6c\
\x75\x6d\x65\x2d\x78\x22\x3e\x3c\x70\x6f\x6c\x79\x67\x6f\x6e\x20\
\x70\x6f\x69\x6e\x74\x73\x3d\x22\x31\x31\x20\x35\x20\x36\x20\x39\
\x20\x32\x20\x39\x20\x32\x20\x31\x35\x20\x36\x20\x31\x35\x20\x31\
\x31\x20\x31\x39\x20\x31\x31\x20\x35\x22\x3e\x3c\x2f\x70\x6f\x6c\
\x79\x67\x6f\x6e\x3e\x3c\x6c\x69\x6e\x65\x20\x78\x31\x3d\x22\x32\
\x33\x22\x20\x79\x31\x3d\x22\x39\x22\x20\x78\x32\x3d\x22\x31\x37\
\x22\x20\x79\x32\x3d\x22\x31\x35\x22\x3e\x3c\x2f\x6c\x69\x6e\x65\
\x3e\x3c\x6c\x69\x6e\x65\x20\x78\x31\x3d\x22\x31\x37\x22\x20\x79\
\x31\x3d\x22\x39\x22\x20\x78\x32\x3d\x22\x32\x33\x22\x20\x79\x32\
\x3d\x22\x31\x35\x22\x3e\x3c\x2f\x6c\x69\x6e\x65\x3e\x3c\x2f\x73\
\x76\x67\x3e\
\x00\x00\x01\x38\
\x3c\
\x73\x76\x67\x20\x78\x6d\x6c\x6e\x73\x3d\x22\x68\x74\x74\x70\x3a\
\x2f\x2f\x77\x77\x77\x2e\x77\x33\x2e\x6f\x72\x67\x2f\x32\x30\x30\
\x30\x2f\x73\x76\x67\x22\x20\x77\x69\x64\x74\x68\x3d\x22\x38\x30\
\x22\x20\x68\x65\x69\x67\x68\x74\x3d\x22\x38\x30\x22\x20\x76\x69\
\x65\x77\x42\x6f\x78\x3d\x22\x30\x20\x30\x20\x32\x34\x20\x32\x34\
\x22\x20\x66\x69\x6c\x6c\x3d\x22\x6e\x6f\x6e\x65\x22\x20\x73\x74\
\x72\x6f\x6b\x65\x3d\x22\x63\x75\x72\x72\x65\x6e\x74\x43\x6f\x6c\
\x6f\x72\x22\x20\x73\x74\x72\x6f\x6b\x65\x2d\x77\x69\x64\x74\x68\
\x3d\x22\x31\x2e\x35\x22\x20\x73\x74\x72\x6f\x6b\x65\x2d\x6c\x69\
\x6e\x65\x63\x61\x70\x3d\x22\x72\x6f\x75\x6e\x64\x22\x20\x73\x74\
\x72\x6f\x6b\x65\x2d\x6c\x69\x6e\x65\x6a\x6f\x69\x6e\x3d\x22\x72\
\x6f\x75\x6e\x64\x22\x20\x63\x6c\x61\x73\x73\x3d\x22\x66\x65\x61\
\x74\x68\x65\x72\x20\x66\x65\x61\x74\x68\x65\x72\x2d\x74\x65\x72\
\x6d\x69\x6e\x61\x6c\x22\x3e\x3c\x70\x6f\x6c\x79\x6c\x69\x6e\x65\
\x20\x70\x6f\x69\x6e\x74\x73\x3d\x22\x34\x20\x31\x37\x20\x31\x30\
\x20\x31\x31\x20\x34\x20\x35\x22\x3e\x3c\x2f\x70\x6f\x6c\x79\x6c\
\x69\x6e\x65\x3e\x3c\x6c\x69\x6e\x65\x20\x78\x31\x3d\x22\x31\x32\
\x22\x20\x79\x31\x3d\x22\x31\x39\x22\x20\x78\x32\x3d\x22\x32\x30\
\x22\x20\x79\x32\x3d\x22\x31\x39\x22\x3e\x3c\x2f\x6c\x69\x6e\x65\
\x3e\x3c\x2f\x73\x76\x67\x3e\
\x00\x00\x01\x5b\
\x3c\
\x73\x76\x67\x20\x78\x6d\x6c\x6e\x73\x3d\x22\x68\x74\x74\x70\x3a\
\x2f\x2f\x77\x77\x77\x2e\x77\x33\x2e\x6f\x72\x67\x2f\x32\x30\x30\
\x30\x2f\x73\x76\x67\x22\x20\x77\x69\x64\x74\x68\x3d\x22\x38\x30\
\x22\x20\x68\x65\x69\x67\x68\x74\x3d\x22\x38\x30\x22\x20\x76\x69\
\x65\x77\x42\x6f\x78\x3d\x22\x30\x20\x30\x20\x32\x34\x20\x32\x34\
\x22\x20\x66\x69\x6c\x6c\x3d\x22\x6e\x6f\x6e\x65\x22\x20\x73\x74\
\x72\x6f\x6b\x65\x3d\x22\x63\x75\x72\x72\x65\x6e\x74\x43\x6f\x6c\
\x6f\x72\x22\x20\x73\x74\x72\x6f\x6b\x65\x2d\x77\x69\x64\x74\x68\
\x3d\x22\x31\x2e\x35\x22\x20\x73\x74\x72\x6f\x6b\x65\x2d\x6c\x69\
\x6e\x65\x63\x61\x70\x3d\x22\x72\x6f\x75\x6e\x64\x22\x20\x73\x74\
\x72\x6f\x6b\x65\x2d\x6c\x69\x6e\x65\x6a\x6f\x69\x6e\x3d\x22\x72\
\x6f\x75\x6e\x64\x22\x20\x63\x6c\x61\x73\x73\x3d\x22\x66\x65\x61\
\x74\x68\x65\x72\x20\x66\x65\x61\x74\x68\x65\x72\x2d\x61\x6e\x63\
\x68\x6f\x72\x22\x3e\x3c\x63\x69\x72\x63\x6c\x65\x20\x63\x78\x3d\
\x22\x31\x32\x22\x20\x63\x79\x3d\x22\x35\x22\x20\x72\x3d\x22\x33\
\x22\x3e\x3c\x2f\x63\x69\x72\x63\x6c\x65\x3e\x3c\x6c\x69\x6e\x65\
\x20\x78\x31\x3d\x22\x31\x32\x22\x20\x79\x31\x3d\x22\x32\x32\x22\
\x20\x78\x32\x3d\x22\x31\x32\x22\x20\x79\x32\x3d\x22\x38\x22\x3e\
\x3c\x2f\x6c\x69\x6e\x65\x3e\x3c\x70\x61\x74\x68\x20\x64\x3d\x22\
\x4d\x35\x20\x31\x32\x48\x32\x61\x31\x30\x20\x31\x30\x20\x30\x20\
\x30\x20\x30\x20\x32\x30\x20\x30\x68\x2d\x33\x22\x3e\x3c\x2f\x70\
\x61\x74\x68\x3e\x3c\x2f\x73\x76\x67\x3e\
\x00\x00\x01\x91\
\x3c\
\x73\x76\x67\x20\x78\x6d\x6c\x6e\x73\x3d\x22\x68\x74\x74\x70\x3a\
\x2f\x2f\x77\x77\x77\x2e\x77\x33\x2e\x6f\x72\x67\x2f\x32\x30\x30\
\x30\x2f\x73\x76\x67\x22\x20\x77\x69\x64\x74\x68\x3d\x22\x38\x30\
\x22\x20\x68\x65\x69\x67\x68\x74\x3d\x22\x38\x30\x22\x20\x76\x69\
\x65\x77\x42\x6f\x78\x3d\x22\x30\x20\x30\x20\x32\x34\x20\x32\x34\
\x22\x20\x66\x69\x6c\x6c\x3d\x22\x6e\x6f\x6e\x65\x22\x20\x73\x74\
\x72\x6f\x6b\x65\x3d\x22\x63\x75\x72\x72\x65\x6e\x74\x43\x6f\x6c\
\x6f\x72\x22\x20\x73\x74\x72\x6f\x6b\x65\x2d\x77\x69\x64\x74\x68\
\x3d\x22\x31\x2e\x35\x22\x20\x73\x74\x72\x6f\x6b\x65\x2d\x6c\x69\
\x6e\x65\x63\x61\x70\x3d\x22\x72\x6f\x75\x6e\x64\x22\x20\x73\x74\
\x72\x6f\x6b\x65\x2d\x6c\x69\x6e\x65\x6a\x6f\x69\x6e\x3d\x22\x72\
\x6f\x75\x6e\x64\x22\x20\x63\x6c\x61\x73\x73\x3d\x22\x66\x65\x61\
\x74\x68\x65\x72\x20\x66\x65\x61\x74\x68\x65\x72\x2d\x61\x6c\x69\
\x67\x6e\x2d\x6a\x75\x73\x74\x69\x66\x79\x22\x3e\x3c\x6c\x69\x6e\
\x65\x20\x78\x31\x3d\x22\x32\x31\x22\x20\x79\x31\x3d\x22\x31\x30\
\x22\x20\x78\x32\x3d\x22\x33\x22\x20\x79\x32\x3d\x22\x31\x30\x22\
\x3e\x3c\x2f\x6c\x69\x6e\x65\x3e\x3c\x6c\x69\x6e\x65\x20\x78\x31\
\x3d\x22\x32\x31\x22\x20\x79\x31\x3d\x22\x36\x22\x20\x78\x32\x3d\
\x22\x33\x22\x20\x79\x32\x3d\x22\x36\x22\x3e\x3c\x2f\x6c\x69\x6e\
\x65\x3e\x3c\x6c\x69\x6e\x65\x20\x78\x31\x3d\x22\x32\x31\x22\x20\
\x79\x31\x3d\x22\x31\x34\x22\x20\x78\x32\x3d\x22\x33\x22\x20\x79\
\x32\x3d\x22\x31\x34\x22\x3e\x3c\x2f\x6c\x69\x6e\x65\x3e\x3c\x6c\
\x69\x6e\x65\x20\x78\x31\x3d\x22\x32\x31\x22\x20\x79\x31\x3d\x22\
\x31\x38\x22\x20\x78\x32\x3d\x22\x33\x22\x20\x79\x32\x3d\x22\x31\
\x38\x22\x3e\x3c\x2f\x6c\x69\x6e\x65\x3e\x3c\x2f\x73\x76\x67\x3e\
\
\x00\x00\x02\x65\
\x3c\
\x73\x76\x67\x20\x78\x6d\x6c\x6e\x73\x3d\x22\x68\x74\x74\x70\x3a\
\x2f\x2f\x77\x77\x77\x2e\x77\x33\x2e\x6f\x72\x67\x2f\x32\x30\x30\
\x30\x2f\x73\x76\x67\x22\x20\x77\x69\x64\x74\x68\x3d\x22\x38\x30\
\x22\x20\x68\x65\x69\x67\x68\x74\x3d\x22\x38\x30\x22\x20\x76\x69\
\x65\x77\x42\x6f\x78\x3d\x22\x30\x20\x30\x20\x32\x34\x20\x32\x34\
\x22\x20\x66\x69\x6c\x6c\x3d\x22\x6e\x6f\x6e\x65\x22\x20\x73\x74\
\x72\x6f\x6b\x65\x3d\x22\x63\x75\x72\x72\x65\x6e\x74\x43\x6f\x6c\
\x6f\x72\x22\x20\x73\x74\x72\x6f\x6b\x65\x2d\x77\x69\x64\x74\x68\
\x3d\x22\x31\x2e\x35\x22\x20\x73\x74\x72\x6f\x6b\x65\x2d\x6c\x69\
\x6e\x65\x63\x61\x70\x3d\x22\x72\x6f\x75\x6e\x64\x22\x20\x73\x74\
\x72\x6f\x6b\x65\x2d\x6c\x69\x6e\x65\x6a\x6f\x69\x6e\x3d\x22\x72\
\x6f\x75\x6e\x64\x22\x20\x63\x6c\x61\x73\x73\x3d\x22\x66\x65\x61\
\x74\x68\x65\x72\x20\x66\x65\x61\x74\x68\x65\x72\x2d\x73\x6c\x69\
\x64\x65\x72\x73\x22\x3e\x3c\x6c\x69\x6e\x65\x20\x78\x31\x3d\x22\
\x34\x22\x20\x79\x31\x3d\x22\x32\x31\x22\x20\x78\x32\x3d\x22\x34\
\x22\x20\x79\x32\x3d\x22\x31\x34\x22\x3e\x3c\x2f\x6c\x69\x6e\x65\
\x3e\x3c\x6c\x69\x6e\x65\x20\x78\x31\x3d\x22\x34\x22\x20\x79\x31\
\x3d\x22\x31\x30\x22\x20\x78\x32\x3d\x22\x34\x22\x20\x79\x32\x3d\
\x22\x33\x22\x3e\x3c\x2f\x6c\x69\x6e\x65\x3e\x3c\x6c\x69\x6e\x65\
\x20\x78\x31\x3d\x22\x31\x32\x22\x20\x79\x31\x3d\x22\x32\x31\x22\
\x20\x78\x32\x3d\x22\x31\x32\x22\x20\x79\x32\x3d\x22\x31\x32\x22\
\x3e\x3c\x2f\x6c\x69\x6e\x65\x3e\x3c\x6c\x69\x6e\x65\x20\x78\x31\
\x3d\x22\x31\x32\x22\x20\x79\x31\x3d\x22\x38\x22\x20\x78\x32\x3d\
\x22\x31\x32\x22\x20\x79\x32\x3d\x22\x33\x22\x3e\x3c\x2f\x6c\x69\
\x6e\x65\x3e\x3c\x6c\x69\x6e\x65\x20\x78\x31\x3d\x22\x32\x30\x22\
\x20\x79\x31\x3d\x22\x32\x31\x22\x20\x78\x32\x3d\x22\x32\x30\x22\
\x20\x79\x32\x3d\x22\x31\x36\x22\x3e\x3c\x2f\x6c\x69\x6e\x65\x3e\
\x3c\x6c\x69\x6e\x65\x20\x78\x31\x3d\x22\x32\x30\x22\x20\x79\x31\
\x3d\x22\x31\x32\x22\x20\x78\x32\x3d\x22\x32\x30\x22\x20\x79\x32\
\x3d\x22\x33\x22\x3e\x3c\x2f\x6c\x69\x6e\x65\x3e\x3c\x6c\x69\x6e\
\x65\x20\x78\x31\x3d\x22\x31\x22\x20\x79\x31\x3d\x22\x31\x34\x22\
\x20\x78\x32\x3d\x22\x37\x22\x20\x79\x32\x3d\x22\x31\x34\x22\x3e\
\x3c\x2f\x6c\x69\x6e\x65\x3e\x3c\x6c\x69\x6e\x65\x20\x78\x31\x3d\
\x22\x39\x22\x20\x79\x31\x3d\x22\x38\x22\x20\x78\x32\x3d\x22\x31\
\x35\x22\x20\x79\x32\x3d\x22\x38\x22\x3e\x3c\x2f\x6c\x69\x6e\x65\
\x3e\x3c\x6c\x69\x6e\x65\x20\x78\x31\x3d\x22\x31\x37\x22\x20\x79\
\x31\x3d\x22\x31\x36\x22\x20\x78\x32\x3d\x22\x32\x33\x22\x20\x79\
\x32\x3d\x22\x31\x36\x22\x3e\x3c\x2f\x6c\x69\x6e\x65\x3e\x3c\x2f\
\x73\x76\x67\x3e\
\x00\x00\x01\x84\
\x3c\
\x73\x76\x67\x20\x78\x6d\x6c\x6e\x73\x3d\x22\x68\x74\x74\x70\x3a\
\x2f\x2f\x77\x77\x77\x2e\x77\x33\x2e\x6f\x72\x67\x2f\x32\x30\x30\
\x30\x2f\x73\x76\x67\x22\x20\x77\x69\x64\x74\x68\x3d\x22\x38\x30\
\x22\x20\x68\x65\x69\x67\x68\x74\x3d\x22\x38\x30\x22\x20\x76\x69\
\x65\x77\x42\x6f\x78\x3d\x22\x30\x20\x30\x20\x32\x34\x20\x32\x34\
\x22\x20\x66\x69\x6c\x6c\x3d\x22\x6e\x6f\x6e\x65\x22\x20\x73\x74\
\x72\x6f\x6b\x65\x3d\x22\x63\x75\x72\x72\x65\x6e\x74\x43\x6f\x6c\
\x6f\x72\x22\x20\x73\x74\x72\x6f\x6b\x65\x2d\x77\x69\x64\x74\x68\
\x3d\x22\x31\x2e\x35\x22\x20\x73\x74\x72\x6f\x6b\x65\x2d\x6c\x69\
\x6e\x65\x63\x61\x70\x3d\x22\x72\x6f\x75\x6e\x64\x22\x20\x73\x74\
\x72\x6f\x6b\x65\x2d\x6c\x69\x6e\x65\x6a\x6f\x69\x6e\x3d\x22\x72\
\x6f\x75\x6e\x64\x22\x20\x63\x6c\x61\x73\x73\x3d\x22\x66\x65\x61\
\x74\x68\x65\x72\x20\x66\x65\x61\x74\x68\x65\x72\x2d\x74\x6f\x6f\
\x6c\x22\x3e\x3c\x70\x61\x74\x68\x20\x64\x3d\x22\x4d\x31\x34\x2e\
\x37\x20\x36\x2e\x33\x61\x31\x20\x31\x20\x30\x20\x30\x20\x30\x20\
\x30\x20\x31\x2e\x34\x6c\x31\x2e\x36\x20\x31\x2e\x36\x61\x31\x20\
\x31\x20\x30\x20\x30\x20\x30\x20\x31\x2e\x34\x20\x30\x6c\x33\x2e\
\x37\x37\x2d\x33\x2e\x37\x37\x61\x36\x20\x36\x20\x30\x20\x30\x20\
\x31\x2d\x37\x2e\x39\x34\x20\x37\x2e\x39\x34\x6c\x2d\x36\x2e\x39\
\x31\x20\x36\x2e\x39\x31\x61\x32\x2e\x31\x32\x20\x32\x2e\x31\x32\
\x20\x30\x20\x30\x20\x31\x2d\x33\x2d\x33\x6c\x36\x2e\x39\x31\x2d\
\x36\x2e\x39\x31\x61\x36\x20\x36\x20\x30\x20\x30\x20\x31\x20\x37\
\x2e\x39\x34\x2d\x37\x2e\x39\x34\x6c\x2d\x33\x2e\x37\x36\x20\x33\
\x2e\x37\x36\x7a\x22\x3e\x3c\x2f\x70\x61\x74\x68\x3e\x3c\x2f\x73\
\x76\x67\x3e\
\x00\x00\x01\x36\
\x3c\
\x73\x76\x67\x20\x78\x6d\x6c\x6e\x73\x3d\x22\x68\x74\x74\x70\x3a\
\x2f\x2f\x77\x77\x77\x2e\x77\x33\x2e\x6f\x72\x67\x2f\x32\x30\x30\
\x30\x2f\x73\x76\x67\x22\x20\x77\x69\x64\x74\x68\x3d\x22\x38\x30\
\x22\x20\x68\x65\x69\x67\x68\x74\x3d\x22\x38\x30\x22\x20\x76\x69\
\x65\x77\x42\x6f\x78\x3d\x22\x30\x20\x30\x20\x32\x34\x20\x32\x34\
\x22\x20\x66\x69\x6c\x6c\x3d\x22\x6e\x6f\x6e\x65\x22\x20\x73\x74\
\x72\x6f\x6b\x65\x3d\x22\x63\x75\x72\x72\x65\x6e\x74\x43\x6f\x6c\
\x6f\x72\x22\x20\x73\x74\x72\x6f\x6b\x65\x2d\x77\x69\x64\x74\x68\
\x3d\x22\x31\x2e\x35\x22\x20\x73\x74\x72\x6f\x6b\x65\x2d\x6c\x69\
\x6e\x65\x63\x61\x70\x3d\x22\x72\x6f\x75\x6e\x64\x22\x20\x73\x74\
\x72\x6f\x6b\x65\x2d\x6c\x69\x6e\x65\x6a\x6f\x69\x6e\x3d\x22\x72\
\x6f\x75\x6e\x64\x22\x20\x63\x6c\x61\x73\x73\x3d\x22\x66\x65\x61\
\x74\x68\x65\x72\x20\x66\x65\x61\x74\x68\x65\x72\x2d\x70\x6f\x77\
\x65\x72\x22\x3e\x3c\x70\x61\x74\x68\x20\x64\x3d\x22\x4d\x31\x38\
\x2e\x33\x36\x20\x36\x2e\x36\x34\x61\x39\x20\x39\x20\x30\x20\x31\
\x20\x31\x2d\x31\x32\x2e\x37\x33\x20\x30\x22\x3e\x3c\x2f\x70\x61\
\x74\x68\x3e\x3c\x6c\x69\x6e\x65\x20\x78\x31\x3d\x22\x31\x32\x22\
\x20\x79\x31\x3d\x22\x32\x22\x20\x78\x32\x3d\x22\x31\x32\x22\x20\
\x79\x32\x3d\x22\x31\x32\x22\x3e\x3c\x2f\x6c\x69\x6e\x65\x3e\x3c\
\x2f\x73\x76\x67\x3e\
\x00\x00\x01\x17\
\x3c\
\x73\x76\x67\x20\x78\x6d\x6c\x6e\x73\x3d\x22\x68\x74\x74\x70\x3a\
\x2f\x2f\x77\x77\x77\x2e\x77\x33\x2e\x6f\x72\x67\x2f\x32\x30\x30\
\x30\x2f\x73\x76\x67\x22\x20\x77\x69\x64\x74\x68\x3d\x22\x38\x30\
\x22\x20\x68\x65\x69\x67\x68\x74\x3d\x22\x38\x30\x22\x20\x76\x69\
\x65\x77\x42\x6f\x78\x3d\x22\x30\x20\x30\x20\x32\x34\x20\x32\x34\
\x22\x20\x66\x69\x6c\x6c\x3d\x22\x6e\x6f\x6e\x65\x22\x20\x73\x74\
\x72\x6f\x6b\x65\x3d\x22\x63\x75\x72\x72\x65\x6e\x74\x43\x6f\x6c\
\x6f\x72\x22\x20\x73\x74\x72\x6f\x6b\x65\x2d\x77\x69\x64\x74\x68\
\x3d\x22\x31\x2e\x35\x22\x20\x73\x74\x72\x6f\x6b\x65\x2d\x6c\x69\
\x6e\x65\x63\x61\x70\x3d\x22\x72\x6f\x75\x6e\x64\x22\x20\x73\x74\
\x72\x6f\x6b\x65\x2d\x6c\x69\x6e\x65\x6a\x6f\x69\x6e\x3d\x22\x72\
\x6f\x75\x6e\x64\x22\x20\x63\x6c\x61\x73\x73\x3d\x22\x66\x65\x61\
\x74\x68\x65\x72\x20\x66\x65\x61\x74\x68\x65\x72\x2d\x74\x77\x69\
\x74\x63\x68\x22\x3e\x3c\x70\x61\x74\x68\x20\x64\x3d\x22\x4d\x32\
\x31\x20\x32\x48\x33\x76\x31\x36\x68\x35\x76\x34\x6c\x34\x2d\x34\
\x68\x35\x6c\x34\x2d\x34\x56\x32\x7a\x6d\x2d\x31\x30\x20\x39\x56\
\x37\x6d\x35\x20\x34\x56\x37\x22\x3e\x3c\x2f\x70\x61\x74\x68\x3e\
\x3c\x2f\x73\x76\x67\x3e\
\x00\x00\x01\x49\
\x3c\
\x73\x76\x67\x20\x78\x6d\x6c\x6e\x73\x3d\x22\x68\x74\x74\x70\x3a\
\x2f\x2f\x77\x77\x77\x2e\x77\x33\x2e\x6f\x72\x67\x2f\x32\x30\x30\
\x30\x2f\x73\x76\x67\x22\x20\x77\x69\x64\x74\x68\x3d\x22\x38\x30\
\x22\x20\x68\x65\x69\x67\x68\x74\x3d\x22\x38\x30\x22\x20\x76\x69\
\x65\x77\x42\x6f\x78\x3d\x22\x30\x20\x30\x20\x32\x34\x20\x32\x34\
\x22\x20\x66\x69\x6c\x6c\x3d\x22\x6e\x6f\x6e\x65\x22\x20\x73\x74\
\x72\x6f\x6b\x65\x3d\x22\x63\x75\x72\x72\x65\x6e\x74\x43\x6f\x6c\
\x6f\x72\x22\x20\x73\x74\x72\x6f\x6b\x65\x2d\x77\x69\x64\x74\x68\
\x3d\x22\x31\x2e\x35\x22\x20\x73\x74\x72\x6f\x6b\x65\x2d\x6c\x69\
\x6e\x65\x63\x61\x70\x3d\x22\x72\x6f\x75\x6e\x64\x22\x20\x73\x74\
\x72\x6f\x6b\x65\x2d\x6c\x69\x6e\x65\x6a\x6f\x69\x6e\x3d\x22\x72\
\x6f\x75\x6e\x64\x22\x20\x63\x6c\x61\x73\x73\x3d\x22\x66\x65\x61\
\x74\x68\x65\x72\x20\x66\x65\x61\x74\x68\x65\x72\x2d\x62\x6f\x6c\
\x64\x22\x3e\x3c\x70\x61\x74\x68\x20\x64\x3d\x22\x4d\x36\x20\x34\
\x68\x38\x61\x34\x20\x34\x20\x30\x20\x30\x20\x31\x20\x34\x20\x34\
\x20\x34\x20\x34\x20\x30\x20\x30\x20\x31\x2d\x34\x20\x34\x48\x36\
\x7a\x22\x3e\x3c\x2f\x70\x61\x74\x68\x3e\x3c\x70\x61\x74\x68\x20\
\x64\x3d\x22\x4d\x36\x20\x31\x32\x68\x39\x61\x34\x20\x34\x20\x30\
\x20\x30\x20\x31\x20\x34\x20\x34\x20\x34\x20\x34\x20\x30\x20\x30\
\x20\x31\x2d\x34\x20\x34\x48\x36\x7a\x22\x3e\x3c\x2f\x70\x61\x74\
\x68\x3e\x3c\x2f\x73\x76\x67\x3e\
\x00\x00\x01\x3f\
\x3c\
\x73\x76\x67\x20\x78\x6d\x6c\x6e\x73\x3d\x22\x68\x74\x74\x70\x3a\
\x2f\x2f\x77\x77\x77\x2e\x77\x33\x2e\x6f\x72\x67\x2f\x32\x30\x30\
\x30\x2f\x73\x76\x67\x22\x20\x77\x69\x64\x74\x68\x3d\x22\x38\x30\
\x22\x20\x68\x65\x69\x67\x68\x74\x3d\x22\x38\x30\x22\x20\x76\x69\
\x65\x77\x42\x6f\x78\x3d\x22\x30\x20\x30\x20\x32\x34\x20\x32\x34\
\x22\x20\x66\x69\x6c\x6c\x3d\x22\x6e\x6f\x6e\x65\x22\x20\x73\x74\
\x72\x6f\x6b\x65\x3d\x22\x63\x75\x72\x72\x65\x6e\x74\x43\x6f\x6c\
\x6f\x72\x22\x20\x73\x74\x72\x6f\x6b\x65\x2d\x77\x69\x64\x74\x68\
\x3d\x22\x31\x2e\x35\x22\x20\x73\x74\x72\x6f\x6b\x65\x2d\x6c\x69\
\x6e\x65\x63\x61\x70\x3d\x22\x72\x6f\x75\x6e\x64\x22\x20\x73\x74\
\x72\x6f\x6b\x65\x2d\x6c\x69\x6e\x65\x6a\x6f\x69\x6e\x3d\x22\x72\
\x6f\x75\x6e\x64\x22\x20\x63\x6c\x61\x73\x73\x3d\x22\x66\x65\x61\
\x74\x68\x65\x72\x20\x66\x65\x61\x74\x68\x65\x72\x2d\x72\x6f\x74\
\x61\x74\x65\x2d\x63\x63\x77\x22\x3e\x3c\x70\x6f\x6c\x79\x6c\x69\
\x6e\x65\x20\x70\x6f\x69\x6e\x74\x73\x3d\x22\x31\x20\x34\x20\x31\
\x20\x31\x30\x20\x37\x20\x31\x30\x22\x3e\x3c\x2f\x70\x6f\x6c\x79\
\x6c\x69\x6e\x65\x3e\x3c\x70\x61\x74\x68\x20\x64\x3d\x22\x4d\x33\
\x2e\x35\x31\x20\x31\x35\x61\x39\x20\x39\x20\x30\x20\x31\x20\x30\
\x20\x32\x2e\x31\x33\x2d\x39\x2e\x33\x36\x4c\x31\x20\x31\x30\x22\
\x3e\x3c\x2f\x70\x61\x74\x68\x3e\x3c\x2f\x73\x76\x67\x3e\
\x00\x00\x01\x93\
\x3c\
\x73\x76\x67\x20\x78\x6d\x6c\x6e\x73\x3d\x22\x68\x74\x74\x70\x3a\
\x2f\x2f\x77\x77\x77\x2e\x77\x33\x2e\x6f\x72\x67\x2f\x32\x30\x30\
\x30\x2f\x73\x76\x67\x22\x20\x77\x69\x64\x74\x68\x3d\x22\x38\x30\
\x22\x20\x68\x65\x69\x67\x68\x74\x3d\x22\x38\x30\x22\x20\x76\x69\
\x65\x77\x42\x6f\x78\x3d\x22\x30\x20\x30\x20\x32\x34\x20\x32\x34\
\x22\x20\x66\x69\x6c\x6c\x3d\x22\x6e\x6f\x6e\x65\x22\x20\x73\x74\
\x72\x6f\x6b\x65\x3d\x22\x63\x75\x72\x72\x65\x6e\x74\x43\x6f\x6c\
\x6f\x72\x22\x20\x73\x74\x72\x6f\x6b\x65\x2d\x77\x69\x64\x74\x68\
\x3d\x22\x31\x2e\x35\x22\x20\x73\x74\x72\x6f\x6b\x65\x2d\x6c\x69\
\x6e\x65\x63\x61\x70\x3d\x22\x72\x6f\x75\x6e\x64\x22\x20\x73\x74\
\x72\x6f\x6b\x65\x2d\x6c\x69\x6e\x65\x6a\x6f\x69\x6e\x3d\x22\x72\
\x6f\x75\x6e\x64\x22\x20\x63\x6c\x61\x73\x73\x3d\x22\x66\x65\x61\
\x74\x68\x65\x72\x20\x66\x65\x61\x74\x68\x65\x72\x2d\x77\x69\x66\
\x69\x22\x3e\x3c\x70\x61\x74\x68\x20\x64\x3d\x22\x4d\x35\x20\x31\
\x32\x2e\x35\x35\x61\x31\x31\x20\x31\x31\x20\x30\x20\x30\x20\x31\
\x20\x31\x34\x2e\x30\x38\x20\x30\x22\x3e\x3c\x2f\x70\x61\x74\x68\
\x3e\x3c\x70\x61\x74\x68\x20\x64\x3d\x22\x4d\x31\x2e\x34\x32\x20\
\x39\x61\x31\x36\x20\x31\x36\x20\x30\x20\x30\x20\x31\x20\x32\x31\
\x2e\x31\x36\x20\x30\x22\x3e\x3c\x2f\x70\x61\x74\x68\x3e\x3c\x70\
\x61\x74\x68\x20\x64\x3d\x22\x4d\x38\x2e\x35\x33\x20\x31\x36\x2e\
\x31\x31\x61\x36\x20\x36\x20\x30\x20\x30\x20\x31\x20\x36\x2e\x39\
\x35\x20\x30\x22\x3e\x3c\x2f\x70\x61\x74\x68\x3e\x3c\x6c\x69\x6e\
\x65\x20\x78\x31\x3d\x22\x31\x32\x22\x20\x79\x31\x3d\x22\x32\x30\
\x22\x20\x78\x32\x3d\x22\x31\x32\x2e\x30\x31\x22\x20\x79\x32\x3d\
\x22\x32\x30\x22\x3e\x3c\x2f\x6c\x69\x6e\x65\x3e\x3c\x2f\x73\x76\
\x67\x3e\
\x00\x00\x01\x43\
\x3c\
\x73\x76\x67\x20\x78\x6d\x6c\x6e\x73\x3d\x22\x68\x74\x74\x70\x3a\
\x2f\x2f\x77\x77\x77\x2e\x77\x33\x2e\x6f\x72\x67\x2f\x32\x30\x30\
\x30\x2f\x73\x76\x67\x22\x20\x77\x69\x64\x74\x68\x3d\x22\x38\x30\
\x22\x20\x68\x65\x69\x67\x68\x74\x3d\x22\x38\x30\x22\x20\x76\x69\
\x65\x77\x42\x6f\x78\x3d\x22\x30\x20\x30\x20\x32\x34\x20\x32\x34\
\x22\x20\x66\x69\x6c\x6c\x3d\x22\x6e\x6f\x6e\x65\x22\x20\x73\x74\
\x72\x6f\x6b\x65\x3d\x22\x63\x75\x72\x72\x65\x6e\x74\x43\x6f\x6c\
\x6f\x72\x22\x20\x73\x74\x72\x6f\x6b\x65\x2d\x77\x69\x64\x74\x68\
\x3d\x22\x31\x2e\x35\x22\x20\x73\x74\x72\x6f\x6b\x65\x2d\x6c\x69\
\x6e\x65\x63\x61\x70\x3d\x22\x72\x6f\x75\x6e\x64\x22\x20\x73\x74\
\x72\x6f\x6b\x65\x2d\x6c\x69\x6e\x65\x6a\x6f\x69\x6e\x3d\x22\x72\
\x6f\x75\x6e\x64\x22\x20\x63\x6c\x61\x73\x73\x3d\x22\x66\x65\x61\
\x74\x68\x65\x72\x20\x66\x65\x61\x74\x68\x65\x72\x2d\x6c\x6f\x63\
\x6b\x22\x3e\x3c\x72\x65\x63\x74\x20\x78\x3d\x22\x33\x22\x20\x79\
\x3d\x22\x31\x31\x22\x20\x77\x69\x64\x74\x68\x3d\x22\x31\x38\x22\
\x20\x68\x65\x69\x67\x68\x74\x3d\x22\x31\x31\x22\x20\x72\x78\x3d\
\x22\x32\x22\x20\x72\x79\x3d\x22\x32\x22\x3e\x3c\x2f\x72\x65\x63\
\x74\x3e\x3c\x70\x61\x74\x68\x20\x64\x3d\x22\x4d\x37\x20\x31\x31\
\x56\x37\x61\x35\x20\x35\x20\x30\x20\x30\x20\x31\x20\x31\x30\x20\
\x30\x76\x34\x22\x3e\x3c\x2f\x70\x61\x74\x68\x3e\x3c\x2f\x73\x76\
\x67\x3e\
\x00\x00\x01\x4d\
\x3c\
\x73\x76\x67\x20\x78\x6d\x6c\x6e\x73\x3d\x22\x68\x74\x74\x70\x3a\
\x2f\x2f\x77\x77\x77\x2e\x77\x33\x2e\x6f\x72\x67\x2f\x32\x30\x30\
\x30\x2f\x73\x76\x67\x22\x20\x77\x69\x64\x74\x68\x3d\x22\x38\x30\
\x22\x20\x68\x65\x69\x67\x68\x74\x3d\x22\x38\x30\x22\x20\x76\x69\
\x65\x77\x42\x6f\x78\x3d\x22\x30\x20\x30\x20\x32\x34\x20\x32\x34\
\x22\x20\x66\x69\x6c\x6c\x3d\x22\x6e\x6f\x6e\x65\x22\x20\x73\x74\
\x72\x6f\x6b\x65\x3d\x22\x63\x75\x72\x72\x65\x6e\x74\x43\x6f\x6c\
\x6f\x72\x22\x20\x73\x74\x72\x6f\x6b\x65\x2d\x77\x69\x64\x74\x68\
\x3d\x22\x31\x2e\x35\x22\x20\x73\x74\x72\x6f\x6b\x65\x2d\x6c\x69\
\x6e\x65\x63\x61\x70\x3d\x22\x72\x6f\x75\x6e\x64\x22\x20\x73\x74\
\x72\x6f\x6b\x65\x2d\x6c\x69\x6e\x65\x6a\x6f\x69\x6e\x3d\x22\x72\
\x6f\x75\x6e\x64\x22\x20\x63\x6c\x61\x73\x73\x3d\x22\x66\x65\x61\
\x74\x68\x65\x72\x20\x66\x65\x61\x74\x68\x65\x72\x2d\x74\x72\x65\
\x6e\x64\x69\x6e\x67\x2d\x64\x6f\x77\x6e\x22\x3e\x3c\x70\x6f\x6c\
\x79\x6c\x69\x6e\x65\x20\x70\x6f\x69\x6e\x74\x73\x3d\x22\x32\x33\
\x20\x31\x38\x20\x31\x33\x2e\x35\x20\x38\x2e\x35\x20\x38\x2e\x35\
\x20\x31\x33\x2e\x35\x20\x31\x20\x36\x22\x3e\x3c\x2f\x70\x6f\x6c\
\x79\x6c\x69\x6e\x65\x3e\x3c\x70\x6f\x6c\x79\x6c\x69\x6e\x65\x20\
\x70\x6f\x69\x6e\x74\x73\x3d\x22\x31\x37\x20\x31\x38\x20\x32\x33\
\x20\x31\x38\x20\x32\x33\x20\x31\x32\x22\x3e\x3c\x2f\x70\x6f\x6c\
\x79\x6c\x69\x6e\x65\x3e\x3c\x2f\x73\x76\x67\x3e\
\x00\x00\x01\x3a\
\x3c\
\x73\x76\x67\x20\x78\x6d\x6c\x6e\x73\x3d\x22\x68\x74\x74\x70\x3a\
\x2f\x2f\x77\x77\x77\x2e\x77\x33\x2e\x6f\x72\x67\x2f\x32\x30\x30\
\x30\x2f\x73\x76\x67\x22\x20\x77\x69\x64\x74\x68\x3d\x22\x38\x30\
\x22\x20\x68\x65\x69\x67\x68\x74\x3d\x22\x38\x30\x22\x20\x76\x69\
\x65\x77\x42\x6f\x78\x3d\x22\x30\x20\x30\x20\x32\x34\x20\x32\x34\
\x22\x20\x66\x69\x6c\x6c\x3d\x22\x6e\x6f\x6e\x65\x22\x20\x73\x74\
\x72\x6f\x6b\x65\x3d\x22\x63\x75\x72\x72\x65\x6e\x74\x43\x6f\x6c\
\x6f\x72\x22\x20\x73\x74\x72\x6f\x6b\x65\x2d\x77\x69\x64\x74\x68\
\x3d\x22\x31\x2e\x35\x22\x20\x73\x74\x72\x6f\x6b\x65\x2d\x6c\x69\
\x6e\x65\x63\x61\x70\x3d\x22\x72\x6f\x75\x6e\x64\x22\x20\x73\x74\
\x72\x6f\x6b\x65\x2d\x6c\x69\x6e\x65\x6a\x6f\x69\x6e\x3d\x22\x72\
\x6f\x75\x6e\x64\x22\x20\x63\x6c\x61\x73\x73\x3d\x22\x66\x65\x61\
\x74\x68\x65\x72\x20\x66\x65\x61\x74\x68\x65\x72\x2d\x73\x6c\x61\
\x73\x68\x22\x3e\x3c\x63\x69\x72\x63\x6c\x65\x20\x63\x78\x3d\x22\
\x31\x32\x22\x20\x63\x79\x3d\x22\x31\x32\x22\x20\x72\x3d\x22\x31\
\x30\x22\x3e\x3c\x2f\x63\x69\x72\x63\x6c\x65\x3e\x3c\x6c\x69\x6e\
\x65\x20\x78\x31\x3d\x22\x34\x2e\x39\x33\x22\x20\x79\x31\x3d\x22\
\x34\x2e\x39\x33\x22\x20\x78\x32\x3d\x22\x31\x39\x2e\x30\x37\x22\
\x20\x79\x32\x3d\x22\x31\x39\x2e\x30\x37\x22\x3e\x3c\x2f\x6c\x69\
\x6e\x65\x3e\x3c\x2f\x73\x76\x67\x3e\
\x00\x00\x01\x33\
\x3c\
\x73\x76\x67\x20\x78\x6d\x6c\x6e\x73\x3d\x22\x68\x74\x74\x70\x3a\
\x2f\x2f\x77\x77\x77\x2e\x77\x33\x2e\x6f\x72\x67\x2f\x32\x30\x30\
\x30\x2f\x73\x76\x67\x22\x20\x77\x69\x64\x74\x68\x3d\x22\x38\x30\
\x22\x20\x68\x65\x69\x67\x68\x74\x3d\x22\x38\x30\x22\x20\x76\x69\
\x65\x77\x42\x6f\x78\x3d\x22\x30\x20\x30\x20\x32\x34\x20\x32\x34\
\x22\x20\x66\x69\x6c\x6c\x3d\x22\x6e\x6f\x6e\x65\x22\x20\x73\x74\
\x72\x6f\x6b\x65\x3d\x22\x63\x75\x72\x72\x65\x6e\x74\x43\x6f\x6c\
\x6f\x72\x22\x20\x73\x74\x72\x6f\x6b\x65\x2d\x77\x69\x64\x74\x68\
\x3d\x22\x31\x2e\x35\x22\x20\x73\x74\x72\x6f\x6b\x65\x2d\x6c\x69\
\x6e\x65\x63\x61\x70\x3d\x22\x72\x6f\x75\x6e\x64\x22\x20\x73\x74\
\x72\x6f\x6b\x65\x2d\x6c\x69\x6e\x65\x6a\x6f\x69\x6e\x3d\x22\x72\
\x6f\x75\x6e\x64\x22\x20\x63\x6c\x61\x73\x73\x3d\x22\x66\x65\x61\
\x74\x68\x65\x72\x20\x66\x65\x61\x74\x68\x65\x72\x2d\x6d\x65\x73\
\x73\x61\x67\x65\x2d\x73\x71\x75\x61\x72\x65\x22\x3e\x3c\x70\x61\
\x74\x68\x20\x64\x3d\x22\x4d\x32\x31\x20\x31\x35\x61\x32\x20\x32\
\x20\x30\x20\x30\x20\x31\x2d\x32\x20\x32\x48\x37\x6c\x2d\x34\x20\
\x34\x56\x35\x61\x32\x20\x32\x20\x30\x20\x30\x20\x31\x20\x32\x2d\
\x32\x68\x31\x34\x61\x32\x20\x32\x20\x30\x20\x30\x20\x31\x20\x32\
\x20\x32\x7a\x22\x3e\x3c\x2f\x70\x61\x74\x68\x3e\x3c\x2f\x73\x76\
\x67\x3e\
\x00\x00\x01\x55\
\x3c\
\x73\x76\x67\x20\x78\x6d\x6c\x6e\x73\x3d\x22\x68\x74\x74\x70\x3a\
\x2f\x2f\x77\x77\x77\x2e\x77\x33\x2e\x6f\x72\x67\x2f\x32\x30\x30\
\x30\x2f\x73\x76\x67\x22\x20\x77\x69\x64\x74\x68\x3d\x22\x38\x30\
\x22\x20\x68\x65\x69\x67\x68\x74\x3d\x22\x38\x30\x22\x20\x76\x69\
\x65\x77\x42\x6f\x78\x3d\x22\x30\x20\x30\x20\x32\x34\x20\x32\x34\
\x22\x20\x66\x69\x6c\x6c\x3d\x22\x6e\x6f\x6e\x65\x22\x20\x73\x74\
\x72\x6f\x6b\x65\x3d\x22\x63\x75\x72\x72\x65\x6e\x74\x43\x6f\x6c\
\x6f\x72\x22\x20\x73\x74\x72\x6f\x6b\x65\x2d\x77\x69\x64\x74\x68\
\x3d\x22\x31\x2e\x35\x22\x20\x73\x74\x72\x6f\x6b\x65\x2d\x6c\x69\
\x6e\x65\x63\x61\x70\x3d\x22\x72\x6f\x75\x6e\x64\x22\x20\x73\x74\
\x72\x6f\x6b\x65\x2d\x6c\x69\x6e\x65\x6a\x6f\x69\x6e\x3d\x22\x72\
\x6f\x75\x6e\x64\x22\x20\x63\x6c\x61\x73\x73\x3d\x22\x66\x65\x61\
\x74\x68\x65\x72\x20\x66\x65\x61\x74\x68\x65\x72\x2d\x73\x74\x61\
\x72\x22\x3e\x3c\x70\x6f\x6c\x79\x67\x6f\x6e\x20\x70\x6f\x69\x6e\
\x74\x73\x3d\x22\x31\x32\x20\x32\x20\x31\x35\x2e\x30\x39\x20\x38\
\x2e\x32\x36\x20\x32\x32\x20\x39\x2e\x32\x37\x20\x31\x37\x20\x31\
\x34\x2e\x31\x34\x20\x31\x38\x2e\x31\x38\x20\x32\x31\x2e\x30\x32\
\x20\x31\x32\x20\x31\x37\x2e\x37\x37\x20\x35\x2e\x38\x32\x20\x32\
\x31\x2e\x30\x32\x20\x37\x20\x31\x34\x2e\x31\x34\x20\x32\x20\x39\
\x2e\x32\x37\x20\x38\x2e\x39\x31\x20\x38\x2e\x32\x36\x20\x31\x32\
\x20\x32\x22\x3e\x3c\x2f\x70\x6f\x6c\x79\x67\x6f\x6e\x3e\x3c\x2f\
\x73\x76\x67\x3e\
\x00\x00\x01\x4a\
\x3c\
\x73\x76\x67\x20\x78\x6d\x6c\x6e\x73\x3d\x22\x68\x74\x74\x70\x3a\
\x2f\x2f\x77\x77\x77\x2e\x77\x33\x2e\x6f\x72\x67\x2f\x32\x30\x30\
\x30\x2f\x73\x76\x67\x22\x20\x77\x69\x64\x74\x68\x3d\x22\x38\x30\
\x22\x20\x68\x65\x69\x67\x68\x74\x3d\x22\x38\x30\x22\x20\x76\x69\
\x65\x77\x42\x6f\x78\x3d\x22\x30\x20\x30\x20\x32\x34\x20\x32\x34\
\x22\x20\x66\x69\x6c\x6c\x3d\x22\x6e\x6f\x6e\x65\x22\x20\x73\x74\
\x72\x6f\x6b\x65\x3d\x22\x63\x75\x72\x72\x65\x6e\x74\x43\x6f\x6c\
\x6f\x72\x22\x20\x73\x74\x72\x6f\x6b\x65\x2d\x77\x69\x64\x74\x68\
\x3d\x22\x31\x2e\x35\x22\x20\x73\x74\x72\x6f\x6b\x65\x2d\x6c\x69\
\x6e\x65\x63\x61\x70\x3d\x22\x72\x6f\x75\x6e\x64\x22\x20\x73\x74\
\x72\x6f\x6b\x65\x2d\x6c\x69\x6e\x65\x6a\x6f\x69\x6e\x3d\x22\x72\
\x6f\x75\x6e\x64\x22\x20\x63\x6c\x61\x73\x73\x3d\x22\x66\x65\x61\
\x74\x68\x65\x72\x20\x66\x65\x61\x74\x68\x65\x72\x2d\x74\x61\x62\
\x6c\x65\x74\x22\x3e\x3c\x72\x65\x63\x74\x20\x78\x3d\x22\x34\x22\
\x20\x79\x3d\x22\x32\x22\x20\x77\x69\x64\x74\x68\x3d\x22\x31\x36\
\x22\x20\x68\x65\x69\x67\x68\x74\x3d\x22\x32\x30\x22\x20\x72\x78\
\x3d\x22\x32\x22\x20\x72\x79\x3d\x22\x32\x22\x3e\x3c\x2f\x72\x65\
\x63\x74\x3e\x3c\x6c\x69\x6e\x65\x20\x78\x31\x3d\x22\x31\x32\x22\
\x20\x79\x31\x3d\x22\x31\x38\x22\x20\x78\x32\x3d\x22\x31\x32\x2e\
\x30\x31\x22\x20\x79\x32\x3d\x22\x31\x38\x22\x3e\x3c\x2f\x6c\x69\
\x6e\x65\x3e\x3c\x2f\x73\x76\x67\x3e\
\x00\x00\x13\x54\
\x00\
\x00\x41\x9d\x78\x9c\xdd\x5c\xdb\x72\x1c\xc7\x91\x7d\xd7\x57\x54\
\x60\x9f\xbb\xd1\x75\xef\x56\x90\x72\xc4\x3e\xec\x17\xac\x3f\x40\
\x1a\x82\x1c\x58\x03\x82\x26\xa8\xa1\xcc\xaf\x77\x9e\x93\x59\x7d\
\x03\x87\x18\xcb\x0e\x47\x88\x0f\x62\x23\x67\xb2\xab\xb2\xf2\x7e\
\xa9\xd1\xab\xbf\xfc\xfe\x70\x72\xe7\xbb\x8f\x4f\xf7\x8f\xef\x5f\
\xdf\xf8\x7e\xb8\x71\x77\xef\x0f\x8f\x6f\xee\xdf\xbf\x7b\x7d\xf3\
\xd7\xff\xff\xbf\x6e\xbc\xf9\xcb\x4f\x3f\xbc\x7a\x3a\xbf\x73\x9f\
\xef\xdf\x7c\x3a\xbe\xbe\xa9\xc3\xf0\xe1\xd3\x8d\x3b\xde\xdd\xbf\
\x3b\x7e\x9a\xc1\xd5\x12\x5e\xa0\xfb\xbb\xcf\xff\xfb\xf8\xfb\xeb\
\x9b\xc1\x0d\x4e\x30\xf0\xdf\x8d\x93\xad\xde\x3f\xbd\xbe\x39\x7e\
\xfa\xf4\xe1\xc7\xdb\xdb\xcf\x9f\x3f\xf7\x9f\x63\xff\xf8\xf1\xdd\
\x6d\x18\x86\xe1\x56\xb6\x30\x94\x1f\x7f\x3f\xdd\xbf\xff\xf5\x6b\
\x88\x7e\x9a\xa6\x5b\x7e\x7b\xf3\xd3\x0f\xee\xd5\x9b\xbb\xb7\x4f\
\xf2\x74\xaf\x9e\xfe\xf1\xf0\xcb\xe3\xc9\xdd\xbf\x91\x97\x6e\xdc\
\xa3\x10\xf3\xf6\xf4\xf8\xf9\xf5\xcd\xf9\xfe\xe9\xfe\x97\xd3\x1d\
\x90\x05\xeb\xc3\xcf\x9f\x8e\x4e\x50\x1e\xfc\xd8\xd7\x52\x3a\x21\
\x35\xe4\x43\x37\xf4\x53\x19\x6b\x76\x43\x9f\xe5\xa3\x69\x1c\xf0\
\xa7\x7c\xd0\xc5\x7e\x88\x3e\x38\xa2\xc9\x37\x43\x8a\xf2\x45\xc8\
\x75\xf4\x5d\xe8\x7d\x2c\x55\xc0\x38\x0d\x25\x08\x66\x18\x05\x73\
\x01\xe3\x34\x26\x37\x74\xa5\x1f\xc6\x69\xc4\x0e\x29\x47\xdf\x8d\
\xfd\xa0\x2f\x8f\x29\x8e\xd8\x6b\x0a\x01\x0f\xbc\x13\x64\xe7\x94\
\xba\xd4\x27\x3c\x0c\xaa\x7d\x8d\x09\x0b\x45\xee\x2b\x1b\xc8\x2b\
\x7e\xea\x72\x3f\xc6\x3c\xb9\x2d\x16\x68\x1f\xa3\xad\xe7\x52\x5f\
\xea\x54\xb1\x57\x9e\x92\x5b\x76\x06\x24\x27\x4a\x49\x4e\x29\x0b\
\x84\x38\xe2\x54\x3e\xca\x01\xdc\xf6\x18\x82\x36\xe4\x61\xe4\x99\
\x05\x53\x3e\x01\x63\xf0\xef\x9a\x31\xe7\xd4\x07\x3f\x8e\x64\xe3\
\x38\xa4\x2a\xcf\x92\x0b\x19\x86\x43\x83\xc9\x69\x28\xd8\x59\xd6\
\x14\x88\x8c\x00\x43\x70\x76\xd9\xc9\x1b\xea\x04\x28\x15\xf2\x7d\
\xfe\xcb\xf7\x14\x0c\x18\x9a\x7d\xc1\xee\x43\x96\x2d\x84\x49\xc2\
\x05\xd9\x7f\x34\xc9\xd4\x44\x6a\x84\x39\x02\x95\x41\x8e\x88\x93\
\xe6\xdc\xa0\x04\x11\x8f\x3c\xb0\x1f\x32\x45\xcd\x05\xa3\xe8\x81\
\xaf\x6e\x8b\x85\xf5\x86\x68\xeb\xc9\x1b\x39\x15\xec\x55\x27\x79\
\xcc\x3b\x13\x6a\x0c\x02\x77\xe4\x0f\x21\xdb\x43\x7a\x8e\x07\xc8\
\x91\xac\x9c\xec\xc0\x38\x28\x44\xe4\x07\x1c\x74\x1c\x44\x1e\x6e\
\x61\x8a\xec\xfb\xe5\xe6\x96\xba\x7c\xab\xca\xbc\xd7\xeb\xc3\x35\
\x7a\x1d\xa1\x09\x9d\x07\xcf\x3d\x24\x92\xa2\x30\x51\xa8\x9a\x94\
\x86\xb1\xfa\x61\x02\x2d\xfc\xdc\xf7\x41\x0e\xb1\x60\x25\x0f\x85\
\x11\xec\xc1\xe7\x02\x6c\x28\x31\x60\x13\x67\x28\xfc\x78\x01\x85\
\x73\x43\x07\x15\xa2\xc5\x24\x28\x08\x14\x57\x55\x07\x4a\x01\x5d\
\x20\xa3\x70\x60\xe1\x22\x44\x25\xaf\x83\x0d\x20\xc8\xa0\x48\x5e\
\x9d\x2b\x35\xec\x28\xc2\x05\x53\xce\x9d\xcf\xe0\xd9\xd1\x40\x11\
\x83\xe0\x1e\xa8\x7f\x9d\x97\x15\xa2\x9a\x50\x0d\xa5\x40\xaa\x99\
\x26\xe4\xd5\x8e\xc7\x30\xf0\xbc\x54\x22\xa8\xc9\x40\xe1\x54\x6a\
\xad\x50\xa8\xe7\x55\x50\x0e\x54\x84\x74\x11\xa2\xf1\x45\x9e\x83\
\xf7\xd5\x4f\xd4\x12\x4f\xa5\x1f\xec\x49\x46\xae\x11\x52\x15\xa6\
\x10\x81\xc7\x1e\x60\xd9\xba\x44\x85\x6e\xbe\x20\xd3\x9f\xaf\x91\
\x69\xed\x4b\xf2\xb0\x71\x21\xe2\xec\xc9\xe6\x23\x44\x2c\x4c\x13\
\x76\xa8\x56\x41\xed\x48\xae\x50\x01\x65\x84\x72\x79\x35\x5b\xb8\
\x2b\x87\xc3\x42\xa7\x05\x45\x4c\x05\xe2\xc1\x6a\x20\x37\x4f\x71\
\x34\x3f\x32\x83\x5e\xcd\x9b\x6a\x3d\x86\x45\xab\x95\xcb\x4d\xb5\
\xbd\x7d\x49\xd6\x08\xeb\x27\x0f\x65\xa9\x74\x45\x62\xaf\xe2\x49\
\x44\x3c\x20\xe8\x0c\x2b\x13\xd9\xc1\x15\x64\x32\x89\x0a\x17\x7a\
\x63\x2a\xbe\x84\xcf\x4c\x34\x51\x90\x42\xc9\x1a\x6e\xa0\xda\xcd\
\xc8\xaa\xba\x33\x72\xb4\xa5\xb0\xad\x28\xa3\x58\x70\xa0\x0e\x53\
\xb6\xe2\x7e\x81\x06\xbd\x10\xf3\x96\x25\x41\x77\xa7\x2c\x84\xde\
\x42\xfb\x85\xd2\x3a\x4e\x0d\xca\x3d\xdc\x2b\xb5\x9a\x94\x09\x43\
\x3d\xbc\x8d\xb8\x07\xf8\x4a\x50\x92\xa9\x8f\x72\xfa\x2c\x4c\xc6\
\x62\x90\x77\xec\xf3\x48\xfd\x03\xcd\x45\x75\xdf\xa0\xc0\xed\x84\
\x99\xa9\x8f\x11\x07\xaa\x51\xbc\xa4\xcb\x3d\x14\xc4\x99\xca\xca\
\x32\xc2\x54\x3e\xe8\x72\xa8\x5d\x42\xda\x18\xc6\x06\x65\xba\x9c\
\x2f\x0f\x42\xc0\xa0\xc7\x10\x4b\x38\x0c\x70\xa5\x08\x0d\xf2\x0c\
\x60\x3d\x3e\x17\x74\x98\xaf\xa7\x39\x06\x7c\x28\x72\x4f\xca\x98\
\x0c\xce\xc0\x7a\x61\x01\x14\x37\x08\x5d\x41\xe6\x9a\x85\x07\xa2\
\x24\x9e\x4c\x0e\x45\xad\xab\xc9\x0b\x5e\xf2\x89\x61\x13\x6a\x67\
\x6e\xc4\x93\xc9\x4e\x19\xf9\x82\xde\x9f\xae\xd0\xfb\x49\xb9\x58\
\xc8\x6e\xe8\xce\x10\x28\x62\xb8\x5e\x46\xac\xaa\x4c\x36\xa2\xb2\
\xe9\x66\x16\xcb\x0c\xb3\x62\x98\x72\x51\xb3\x33\x63\x93\xc2\xaa\
\x0a\xb4\x79\x8d\x6a\xa1\xb9\x7c\x7d\xbb\xd0\xaa\x4c\xc7\x92\xa7\
\x7f\x98\xbd\x83\x44\xd9\x30\xb6\x2d\xdd\xcc\xa5\x6c\x0a\x3b\x69\
\xa4\x36\x1b\x83\x81\x04\x95\x34\x4d\xc2\xf4\x1b\x7b\x18\x5c\xd4\
\xfd\xd0\x25\x52\x3b\xc9\x7d\x03\x03\xd3\x81\x33\x0e\x26\x34\x7d\
\x79\xa8\xaa\xd1\x9e\x19\xc4\x79\x64\xe0\x3f\x52\xed\xfd\x74\xee\
\x54\x45\x0f\x2d\x04\x93\x18\x95\x0d\xf3\x11\x84\xb9\x4c\x9d\x00\
\xc5\x41\xf5\x08\xde\x32\x71\x47\x9e\x13\x4b\x0b\xac\x3c\xe8\xa2\
\x3d\x85\x5f\xa2\x1d\xb4\x0b\x89\x21\x74\xad\x50\x24\xb1\x1e\xe4\
\x13\x58\x9f\xcc\xd6\xe4\xa4\x69\xa4\x6f\xa9\x8c\x0f\xe3\xd4\xa0\
\xa8\xa1\x96\x72\x1c\x27\xb8\xa0\x82\xdc\x43\x3e\x97\xb0\x03\xb3\
\xa2\xf5\x47\xfa\x68\xa8\x96\xa4\x27\x5d\xf3\xaa\x82\x83\x08\xa5\
\x91\x48\x0c\x62\x54\x1f\x03\xe8\x18\x2c\x6a\x58\xee\x42\xc3\xa8\
\x45\x98\x88\x4f\x06\xa1\x12\x44\xc6\x40\xe2\x3c\x39\xc8\x04\x03\
\xdb\xab\xb9\x44\xc8\x03\x07\xc5\xb9\x60\x2f\xea\x39\x78\xbe\x06\
\x22\xde\x27\x0d\x7a\x2d\x76\x30\x1f\xd1\x90\xe2\x2c\x9b\x11\x72\
\xcd\x9d\x06\xf3\x3b\x55\x23\x64\xa6\x2d\xaa\x6b\xc1\x0b\xe7\x8e\
\xf1\x3a\x1d\xe0\x70\x27\x70\x55\x13\x2d\x50\x2b\x1c\x16\x79\x20\
\x25\xa3\x54\x06\xfa\x71\x3a\xdd\xc2\x2d\x34\x61\x6b\xa6\x1b\x48\
\x4e\xa4\x33\x99\x41\xf1\x8a\xaa\x89\xa9\xd7\xec\x96\xfa\x9c\x5b\
\x92\x43\xb5\xf3\xf0\xaf\x85\xbe\x3c\x4f\xc6\x7d\xcb\x9d\x1a\xc4\
\x30\xfc\x52\x24\xfb\xe5\x0a\x8b\xd6\x10\xd6\xf9\x09\xda\x29\x69\
\x23\x22\xf8\x51\xbc\x99\x24\x06\x12\x22\x24\xf2\xdb\xdf\xa5\x17\
\xbf\x06\x3f\x43\x87\x32\x90\x01\x4c\xef\x34\xb8\x27\x6a\xaf\x3a\
\xde\xa7\x81\x89\x30\xb0\x54\x5f\x8a\x86\x65\x01\x8e\x9a\x31\xe8\
\xca\x89\x2f\xc3\x8b\xa8\xa0\xe0\xf6\x95\x73\xd1\xb2\x6e\x4d\x24\
\x2d\x6f\xd0\x64\x65\x68\xe9\x25\x3f\x0d\xb3\xf2\x01\x4a\xf4\x76\
\x67\x71\x4f\xb2\x7a\x60\x52\x08\x69\x62\x57\xfd\x5b\x8f\xf7\x02\
\xd7\xee\xae\x89\xff\x41\x6b\x95\x88\x94\xe2\x2c\x25\x04\xf6\x3f\
\x9a\xc5\x07\x8f\x8c\x7d\xe3\x00\x2c\x17\x2f\xc8\xfe\xa1\x67\x83\
\xda\xaf\xf1\x90\xda\x6d\x0e\xc0\x33\xea\x3f\x41\x3f\xb5\xb6\xd0\
\xfc\x0d\x56\xa5\x00\xf8\x35\x8e\x28\x73\x10\x70\x63\x84\x1a\x8a\
\x7e\x25\xaa\x0e\x56\x21\x73\x90\x52\x7a\x96\x4e\x64\x97\x60\x86\
\x3c\x36\xc8\xc2\x1c\x2c\x46\x0c\x8c\xee\x84\xd9\x65\x62\x98\x70\
\x0b\x96\x42\xe2\x86\xb1\x16\x55\x37\x32\x2a\x67\xb7\xda\xce\xd4\
\x1f\x99\x09\xad\x0b\xe1\x27\x70\x09\x2c\x9c\x2c\x03\x0b\x9a\xda\
\x24\xdb\x21\x8b\x83\x6d\x0a\xae\xe1\x10\x27\x47\xc2\xfd\x80\xb2\
\x0a\x9c\x98\xc8\x3e\x33\x43\xba\x6e\x68\x15\xb4\x83\x3e\x2a\xd0\
\xa7\x58\x25\x03\x43\x62\xe8\x37\xff\xc2\x1d\x47\x7a\x6e\x8b\x0b\
\x0a\x46\x2a\x00\x1d\x9d\xf8\x4a\x86\x67\xe4\xe6\x81\xf4\x74\x2b\
\x2c\x8d\x02\x39\xab\xca\xa9\xcf\xf2\xac\x77\x2c\x09\xea\x96\xfd\
\x01\x59\x21\x8a\xfd\x44\x79\xa1\xec\x22\xa2\x86\xe4\x7c\x4b\xd2\
\xb8\x20\xb3\x2b\x09\x69\x6d\x3f\x9c\x4c\xfd\xb7\x82\xba\x3d\x4f\
\xcc\x1c\xc7\x92\x08\xa6\x8d\x29\xb8\x15\x9a\xc6\x2c\x9e\xbc\x2d\
\xca\x24\xbc\x56\x67\x7c\x59\x08\x10\xe8\x05\xc5\xff\xf5\x1a\xc5\
\x47\x3d\xae\x39\xe7\x61\x2e\xb4\x84\x7e\x30\x66\x91\x0c\x73\xb9\
\xff\xb2\x64\x58\x57\x9a\x64\xda\xfe\x26\x19\x0d\x0f\x5e\xcb\xec\
\x45\x34\x56\x34\xee\x45\x53\x35\x37\x9b\x45\x23\x7f\x7c\x55\x34\
\x48\x0a\x57\xa2\xc9\x63\x71\x7b\xb4\xde\x02\x7e\xb5\x56\x40\x2c\
\x14\x50\x4b\x41\x97\xfd\x55\xeb\x73\x67\x3a\x8f\x0a\x4d\xd3\xc7\
\x91\x86\xef\x89\xcb\x5c\x99\xfc\x0d\x9a\x53\x6a\xf9\xbc\x14\x56\
\xcc\x71\x3c\xb3\xa9\xae\x99\x9e\xba\x8e\x19\x94\xf3\x4c\x6c\x32\
\x44\x4d\x6e\xe1\x3b\x60\xcc\x4a\x11\x8d\x59\xcc\x1d\x06\x6a\x6e\
\xc0\xa9\x93\x69\x90\x39\x05\x54\x21\x64\xb9\x15\xff\xb2\x44\x13\
\xaa\x61\x29\x04\x3f\x84\xc5\x50\x0c\xa0\x32\xa5\x7b\x5a\x6d\xd7\
\x35\xdf\xd1\x69\x7d\xd4\xb5\xf0\xbc\x90\xad\xb1\x5b\xe3\x42\xb2\
\x14\x06\xcc\xee\xd4\x7b\x74\x0b\x37\x90\x93\xa9\x17\x5d\xea\x55\
\xf3\xc5\x0a\xbe\xa0\xff\x7f\xbb\x42\xff\xe7\x32\x7d\x5d\x07\x9f\
\x92\x56\x7c\x08\x5c\x48\x0e\xe4\x6b\xfe\xd9\xbe\x46\xc9\xc3\x48\
\x58\x10\x35\x18\x08\x58\xbb\x49\x64\x54\xed\x4d\x92\x46\x43\x52\
\x50\x35\x4d\x17\xb1\x8a\x1d\xdd\xa2\x27\x33\xa3\x60\x65\x20\x1c\
\xba\x35\x83\x40\x86\x35\xaf\xce\xe6\x3a\x8f\x9a\x49\x1f\x10\x87\
\x03\x0a\x4c\x0b\xcc\xcc\x50\x54\x05\x1b\x43\xad\x7f\x14\x8d\xdb\
\xa1\x58\xaa\x5d\xb5\x09\xa1\x65\xd1\xc0\x63\xb4\x22\xed\x64\xc1\
\xbf\xb3\xa8\xff\x02\x57\xef\xaf\xf1\x2a\x09\x99\x35\x12\x2f\x0a\
\x6f\xe4\x29\x4e\x30\x6b\xd5\x40\xfd\x38\x53\xc7\x4e\x55\x39\x13\
\x48\xfd\xb1\x90\x5d\xf6\xa1\xb3\x0f\x0d\x55\xac\xaa\xf4\xd6\xfb\
\x83\x42\x4a\x5e\x83\x84\xed\x04\x6d\x84\x7e\x8e\xfd\xcb\x39\xd4\
\x6f\x57\x90\x0f\x5b\x40\x4a\xb9\xe9\x8d\x18\x64\x9a\xf8\xe5\x61\
\xe8\x34\xc9\x6b\xdf\xa7\xf9\xab\x6f\x13\xf0\xee\xba\x76\x44\x85\
\xf3\x80\xd7\x39\xeb\x63\x49\x3f\x2a\xc5\x75\x80\x03\x84\x36\x74\
\xd6\x38\x59\xaa\xd0\x61\xb2\x72\x3d\x22\xf1\x40\xeb\x45\x5b\x4e\
\xa3\xd5\xac\xd6\x0d\x84\x5d\x42\x77\x2d\x9d\xb5\x54\x2d\x59\xcb\
\x70\x76\xc8\xa6\x59\x95\xad\x20\xd4\x59\x89\xdf\x7b\x73\x68\xc5\
\xba\x5e\x5a\xbe\xea\xaa\x2b\x70\xae\x27\xad\xde\xd1\x4c\x30\xf4\
\xab\x6c\x13\x9b\x99\x27\x6f\x9b\x59\x43\xc9\x82\x28\x8b\x12\x2c\
\x78\xae\xb4\x83\xcb\xdd\x2b\x30\xe0\x00\x5a\xcd\xc7\x9b\xb3\xcd\
\x7e\xca\x8b\xb3\xb5\x9e\x56\x73\xb6\xc6\xc3\xd9\xd9\xe6\x95\xab\
\x5d\x01\x9e\xa1\x89\x8e\xd6\x7b\xe6\x58\x9a\xe9\xa7\xd6\xa5\x6d\
\x05\xa6\xd7\x8c\xdf\x52\x7d\xb8\x89\xd0\x5b\x39\x1c\xe9\x9b\xeb\
\xcb\x36\xf6\xe6\xaa\xd2\x9d\x19\x9b\x47\x73\x63\x3c\x98\xf7\x24\
\xab\x27\x94\x34\xad\x4b\xae\xb5\x2d\x58\xad\xc2\xd7\xd6\xd4\x8a\
\xd5\xd6\x8c\x9a\xd4\x03\x28\x88\x7e\x0d\xd2\xfe\x80\x3c\x00\xc1\
\x70\x62\x62\xb2\xfa\xf2\x60\x4d\x8e\x75\x30\xd4\xea\xb7\x05\x43\
\xdb\x55\x4f\x6e\x09\x25\x3b\xcd\x9d\xb9\x27\x20\x69\x87\xd4\x6a\
\xfa\x6c\xa5\x7c\xb5\x5c\x53\x5b\x25\xd6\x69\x6f\xa0\x92\x06\x0d\
\x63\x57\x57\x69\xeb\x36\xdf\x1e\xac\x90\x9f\xb5\x57\x2b\x67\x63\
\xc1\xb2\xab\x40\x30\x63\xf1\xcc\x87\xc0\x46\x01\xab\xb8\x22\xec\
\x63\x5d\x84\xbc\xb7\x68\x5b\x28\xf4\x26\xd5\x54\x59\xc7\x25\x8f\
\xfa\x8d\x59\x6d\x64\xfa\xd1\xa0\x6c\xc4\x82\x67\xde\xb3\x15\xc2\
\xac\x00\x03\x87\x61\x6e\x0a\x28\x16\x8b\xf5\x21\xeb\x72\xa0\x42\
\xd5\x13\x04\x2f\xdb\xd2\xae\xd9\x01\x42\xdf\x0d\x44\x75\xd6\x66\
\x14\xa4\x56\x32\x69\xed\xa1\x63\x0e\xd6\x05\xe6\x0a\x30\x21\x49\
\xb3\x63\x68\xb4\x81\x67\x7e\x62\x1a\xc3\x2c\x04\xb4\x8d\xd1\x6d\
\xb1\x3c\x3f\xb4\xf5\x10\xbc\xb4\x02\x27\x1b\x96\x8d\x5f\xce\x41\
\x3f\x5d\xa5\xc9\xf4\x35\x3e\xe8\xa4\xe8\x4f\x91\x7a\xbb\x3f\x45\
\x19\xf3\xe5\x61\xa9\xbd\xd0\xaf\xf9\x53\x94\xac\xe0\xe2\x16\xab\
\x95\xac\xa6\xa7\xad\x6a\x85\x20\x97\x3d\xd5\x09\x69\x03\x1e\xfd\
\x1d\xcf\x91\xc1\x5c\xbe\x1a\xf1\xad\x7c\x55\x0f\xc3\x61\x0c\x4e\
\x8f\xba\xc7\x26\x5c\x0b\x13\xc4\xbd\xb7\x6e\xdf\xaa\x15\x20\xce\
\xb5\xc5\xe2\x17\x74\xff\xed\x55\xa9\x06\x43\x60\xb6\xdd\x26\xed\
\xd7\xd8\x6e\x2d\xed\x73\xd6\x80\x41\x6c\xc7\xc8\x23\xce\x8e\x74\
\xe0\x9c\x08\x31\x29\x28\x48\xbf\x61\x8d\x67\xfb\x72\xee\x75\xcd\
\xb0\xba\x62\x6b\x48\x0e\x6d\xb4\x40\x07\xa8\xc9\x03\x42\x96\x66\
\xa9\xe0\xa7\xd7\x68\x17\xa8\x37\xde\x46\x4d\x53\xc4\x6c\xb4\xf5\
\x5d\xd5\x9b\xce\x2d\x5e\x4b\x13\x38\xba\x41\xe7\x6b\x15\x76\x2c\
\xec\x6a\x23\xcf\x9a\x08\xde\x74\xb2\x58\xe4\xd2\x69\x8b\xf6\xa5\
\xb4\x1f\x41\x7f\x85\x53\x6b\xb0\xd6\x39\xd0\x52\x17\xda\x1c\xc9\
\xbe\x9d\xe3\x87\xce\x36\x0b\x33\x60\x1d\x35\x33\x8b\xe8\x34\xb9\
\xfc\x7a\x62\xb7\x6e\xef\xa8\xef\xb6\x4e\x23\x74\x19\xc9\x8c\x55\
\x2b\x9a\x47\x98\xad\x7c\xa5\xbf\xab\x23\x65\x33\x9d\x15\xe0\xb5\
\x70\x1a\xd8\x8b\x65\xc1\xc5\x79\x52\x97\x56\x03\x87\x6e\x69\x29\
\x63\xfa\xa3\x03\x1e\xc4\x81\x32\xcc\x50\xe2\xa2\x2f\x68\xe0\xd3\
\x75\xad\x2f\x64\x74\x5a\x58\x9d\xad\xe0\x00\xcd\x42\x0f\x1d\x86\
\x0e\x87\x67\x2e\x5b\xb4\xd1\x11\x9d\x16\x21\xc1\xce\xb7\x29\x41\
\xac\xf3\xab\xa0\x66\xfe\x67\x4d\x04\x8e\xda\x28\x5c\x37\x0d\xcf\
\x9e\x16\xbf\xca\xec\x0c\xd6\x68\x3d\x77\xfd\xf8\xb7\xae\xc2\x04\
\x58\xdc\x23\xbb\x50\xc5\x6a\x4c\x4d\x41\xc8\xa0\xd8\xa6\x6f\x6d\
\x72\xd3\xa6\xc1\xa8\x98\xac\xc3\x88\x71\x91\xb5\xb7\x05\x7a\x81\
\x99\x1f\xaf\x61\x66\xe9\x11\x28\xb5\x9d\x78\x68\x6d\x77\x9b\x4f\
\x5b\x3c\xb1\xe1\x11\x1c\x4d\x6b\x79\xaa\x96\x65\x9d\x08\x83\x5b\
\x08\x25\x74\xaa\xd6\x79\xd3\xbf\x9b\x43\xc6\xd5\x80\xa9\xd6\x75\
\x0e\xaa\x03\xdf\x96\x83\x5a\x2e\xdb\x72\x50\x9d\x57\xb6\x24\x14\
\x90\x66\xa1\x5f\x29\x2d\x4c\x9b\x23\xb2\xa9\x43\x73\x37\x73\x27\
\xbc\xf9\x90\x6e\xb1\xdd\xf9\x03\x6d\x8d\x74\x6d\x60\xe9\x8b\xcd\
\x39\xc4\xbb\x43\x0d\x38\x71\xb0\xe4\x7b\x29\x36\xe6\x66\x8c\x16\
\x15\xd5\x72\xf3\xac\x33\x93\x56\x73\xd0\x18\xb8\xb6\x66\x42\x73\
\x46\x60\xd9\xe5\x6e\x2a\xd5\x32\x82\x96\x98\x12\xb9\xb9\x05\xed\
\x49\xa3\x92\x90\xb7\xf6\x27\x57\x9d\xd2\x79\x86\xb7\xb9\x4a\x1d\
\x33\x4b\xe3\x38\x3b\x10\x68\xbc\x4d\x40\xe7\x03\xac\x8b\x24\x3f\
\x67\x9f\x8d\xfe\x68\x26\x64\xea\x3a\x93\x5f\x37\x0d\xab\x3d\xf9\
\x26\x30\x1b\x8e\x28\x18\xd9\xd2\x5d\x15\x42\x4a\xfe\x5c\x08\x69\
\x94\x6a\x85\x50\x69\x97\x0c\x98\xdd\x7a\xc6\x56\x90\x07\x6d\xd1\
\xbb\x26\x9d\xde\x12\x58\x15\x04\xc9\x7a\xfc\x3a\x10\x29\x2d\x64\
\x54\xed\xde\xe4\xf2\xac\x41\xcc\xd9\xf7\xdc\x20\x9e\x47\x81\x6d\
\x62\xa8\x89\x14\xd3\x48\xaf\xb7\x18\xe6\x01\x08\x53\x94\x6f\x1b\
\xdd\xdf\xff\x03\xd5\x32\xea\x5c\x56\xcb\x2a\x8d\xb9\x5a\x56\x51\
\xce\xd5\xb2\x80\xdf\x77\xb5\xbc\xe9\x9d\x9d\x75\xc6\xf1\x3d\x54\
\xcb\x1f\xae\xca\xb3\xf4\x46\x99\xf6\x93\x32\xd8\x74\xaa\xd6\xb1\
\x4d\x62\x3f\x09\xb6\xc3\x86\xe3\xdc\x71\x02\x4a\x57\xad\x53\x9b\
\xce\x5e\x47\xc0\xe3\x8b\x41\xf7\xf1\x5f\x26\x47\x27\xcc\x87\x56\
\x67\xcb\xa9\x25\x95\x71\x6d\x1a\x39\xcf\x12\xe7\x3a\x3b\xcd\xb7\
\x51\x02\xd4\x17\xa6\x64\xb5\x07\xa1\x64\xf7\x2b\x9c\xde\x9f\xa3\
\xda\x61\xdc\xad\x4d\xb3\x6e\xc1\xd2\x3a\x98\xf5\xab\x79\xa1\x68\
\x13\xbe\x6a\xa5\xe0\xb2\xf1\x11\x09\x3c\x18\x54\x79\xeb\x86\x2d\
\xb9\xfc\xe5\x01\xff\xca\xc2\xd0\xc4\x73\x66\xc4\x95\x30\xdd\xe6\
\x3c\x73\xd6\xa6\x37\xd6\xe8\x48\x2c\x8f\xd5\x59\xa9\x45\x0e\x67\
\xb3\xe7\x16\x95\x1b\x18\x2c\x09\xec\x4c\x51\x58\xf5\xab\x39\xb6\
\xa2\x6f\x85\xb7\x32\x43\x75\xcb\x98\x45\xf3\x5e\xa0\x5a\xe3\xb2\
\xf7\x15\x43\xc3\xf7\xff\x46\x9b\x90\x66\xb5\xdc\x56\x4b\x13\x2a\
\xcf\xa8\x24\xeb\x80\x1e\x7a\xad\xbd\x0e\xde\xe6\x73\x1a\x34\x67\
\x3b\x2f\x6c\xaa\x5b\x62\xcd\xeb\x5a\xcb\xf0\x93\xe9\x99\xb5\x3b\
\x0e\xeb\x7b\x10\xc6\x4c\xb6\xdb\x97\x7e\x8e\xb5\x83\x2d\xb5\xd0\
\x7a\xc7\x6e\x5c\x81\xdb\xa9\xf8\x19\xd4\x9e\xcd\x1f\x6f\x6c\x3e\
\x5c\xd7\x18\xae\x34\x27\x14\x64\x92\x00\x32\xe8\xb6\xb8\xd2\xb5\
\x0b\x0f\x9e\x7e\xb3\xb3\x6a\xa1\xa3\x67\xd4\x03\x14\x73\xce\xc1\
\x6b\x72\x6f\x12\x65\x11\x02\xc5\xd6\x28\x15\xad\xc6\x66\x6f\x7c\
\x60\x0e\x19\xe1\x6d\xd0\x96\x47\x57\x84\x4a\x36\xcf\xa1\xab\xf5\
\xc8\x2b\x63\xfa\x5c\xde\x4f\xab\x99\x57\xab\xcf\x19\xc8\xc8\xc1\
\x56\xec\xe7\x14\xdd\x0e\x69\x2e\xf5\xb9\xa0\xf5\x07\xda\x64\x7d\
\xde\xdc\xe6\xec\x55\x6f\x8e\x39\xbb\xb8\x81\xbb\x0e\x6a\xd0\xed\
\xc2\x84\xdd\x15\xb5\x6c\x9a\xf7\xb4\xdc\xdc\xf8\xcd\x4c\x28\x66\
\x5a\xc1\xa4\x33\xf9\xd9\xce\xd4\xcc\x85\xce\xbc\xd9\x45\x68\xd3\
\xac\x55\x8f\x0c\x89\x7d\xd2\x9b\xa4\xd6\x19\x51\x16\x87\x5e\xef\
\x5c\x34\xc8\x8a\x17\x75\x31\xab\x56\xd4\x7c\x09\x85\xbb\x31\x07\
\x46\x29\xe4\x6d\xb3\x4e\xaf\x59\x35\x68\xdd\x8a\xd2\x2b\x1e\x3a\
\xa5\x13\xc7\x37\xc4\xc9\x2d\x58\x3a\x51\xb3\xbb\x90\x76\x55\xa3\
\x86\x50\x75\x2b\xb7\xde\xd7\xb5\x0c\x9f\xc6\xa0\x0d\xcb\x41\x2b\
\xb8\xcd\x21\xdc\xea\xc4\x36\x3c\xc9\x1c\x28\xaa\x95\xb8\x85\x3b\
\xb0\xc6\xe7\x3a\xff\xea\xd6\x2e\x44\xbf\x7a\xc7\x6f\x16\x77\x50\
\x30\xed\x73\x22\xc0\x3e\x1c\xaa\x5d\xf2\x75\x1e\x97\x79\x70\xe7\
\xad\xf0\xe6\x8d\x42\xfa\x38\x77\x09\x63\x47\x71\x16\x9d\xa2\x1b\
\x56\xb7\xc1\x6a\x8f\xb6\xa2\xc1\x6e\x83\x6b\x0b\x9f\xdb\x82\xa8\
\x51\x45\xe9\xec\x9d\x62\x89\xf2\x1a\xd5\x1e\xed\x7c\xab\x0a\x46\
\x3c\x7e\x42\x4f\xf0\x60\xf7\x96\xed\x61\x27\x88\x2a\x94\xb1\x37\
\xaf\x46\x28\xf6\x7a\x3f\x44\x76\xaa\x7a\xef\xc7\x07\xef\x0d\xa9\
\x33\xa4\xac\xf7\x6f\xf4\xd1\x20\x23\x46\x4e\x25\x19\x78\x08\xa7\
\x2e\x4c\xa2\xeb\xfa\xef\xa1\xdb\xbc\xd2\xcd\xac\x54\x88\x2f\xb8\
\x61\xb7\xa0\x41\x6d\x5d\xa7\x68\xcf\x8f\x99\xc5\xfe\x5d\x08\x23\
\x0e\x7a\x0d\xff\x8f\x4d\x58\x57\x09\x02\x17\xf2\x15\x6d\x23\xf8\
\xed\xe3\x68\x2b\xee\x75\x45\xc4\x25\x85\xfe\x56\x57\xbe\x2a\xa7\
\x88\xda\xdd\x98\xe5\x36\x2c\xfb\x36\x37\xdc\xd5\x92\x7d\xfa\x86\
\x40\x4f\x6b\x51\x5d\x23\x5c\x5e\x3d\x8a\x6b\x69\x8e\x71\x2f\xcd\
\x67\xe7\x8c\x05\x93\x6d\x51\xc9\x2a\xc1\xfe\x70\x8d\xa2\xfd\x21\
\xba\x5e\x54\xb3\xd3\xbf\xc3\x66\x5c\x8d\x16\xdc\x8c\xa2\xfd\x6b\
\x6c\x7e\x76\xea\x9c\xc6\x5e\xf6\x0a\x55\x62\xd8\x01\x19\x86\x1c\
\xb3\x4b\x91\x8f\x5c\xc4\xba\xc5\x1f\x60\x59\xa1\x6f\xa0\x0e\x18\
\x14\x01\xe0\x27\x11\xfc\x91\x81\xb3\x17\x47\xb0\x50\x5c\xe7\x84\
\xcb\xf6\x12\x7c\xbb\x28\xa5\x41\xe8\xd2\x24\x2c\xed\x4a\x42\x99\
\xd1\x4d\x81\x0f\x83\x32\x1a\x23\xb2\xce\x34\x62\x2f\x27\xfe\x40\
\x4e\xd2\x20\x7b\x48\x72\x5f\xe4\x10\x1e\x43\x5a\x14\xb2\xe2\xfe\
\xb0\x4b\x1e\xf8\xe1\x58\xf8\x8a\xb1\xc0\xc4\x65\xe2\xf3\xa4\xa7\
\x41\xf6\xba\x2c\x37\xe2\x12\xb6\x68\x35\x3e\x6f\xcb\x6d\x1e\xc7\
\x20\x5b\x8e\xe3\x81\x94\xcb\x1b\x13\xca\xb5\x2e\x21\x4c\xda\xdf\
\xfa\x2f\x1a\x17\xda\x25\xd3\xc6\x9f\x98\xf9\x30\xa4\xae\x82\x8c\
\xdc\x95\x8a\x20\xdc\x09\x85\x92\x4c\xe0\xa6\x86\xa4\x23\xa2\xff\
\x05\xbf\x4c\x10\xfb\x0e\xca\x09\x8f\x40\x60\x9c\x92\x5d\xf1\x91\
\x02\xc2\x5b\x1d\xc7\x70\xdb\x88\x9f\x69\x88\x34\x78\x18\xa7\x8f\
\x06\x45\xae\x2b\xca\xaa\xd2\x08\x09\x09\x8a\xab\x54\x5a\x87\xfb\
\xd6\xca\xc8\xa6\x44\x68\x30\xba\x50\x54\xfb\x2a\x94\x4d\xc4\x00\
\x20\xe0\x50\x48\x05\x91\xfc\x90\x08\x49\x3a\xf8\xcb\x09\xc8\x90\
\x4b\x0b\x81\xe1\xcb\x43\x98\xe0\xd5\xc6\x8a\xdd\x25\x69\x54\x66\
\x75\xb6\xaf\x50\xac\x62\xc4\xdd\xc0\x21\x34\x48\x1f\x88\xc5\x8a\
\xb6\xf9\xd6\x6d\x90\x8e\x3a\xc6\x9a\xad\xd0\xa2\x8c\x09\xb7\x81\
\x93\x56\x90\xa6\xf5\xfa\x68\x7a\x60\x73\x30\xf3\x38\x06\x99\x29\
\xa8\x2d\x83\x0c\x68\x81\x16\xab\x33\x19\x99\x86\xba\x25\xc3\x56\
\x69\xfb\xfa\x81\x77\xf8\x6d\xa7\x6d\xd4\x34\x8d\x13\xe3\x05\xeb\
\xcd\x90\xc4\xc6\xe4\xf5\x9a\xf5\xbc\x04\xc8\x5c\xfe\x9a\x8a\x92\
\x09\x19\x4c\x76\x23\x57\x76\x05\x57\x7b\x83\xd1\xe9\x36\x1e\x40\
\xcc\x59\xc7\x9f\xfc\x4d\xc2\x6c\xdc\xaa\xc9\x46\x67\xc6\x0d\x7d\
\x51\x18\x9a\xa8\x01\xd4\xa5\x39\x91\xa3\x9a\x65\x75\x34\xc9\x15\
\x71\x18\xa2\xcb\x54\xcb\x6c\xd0\x73\xf7\x28\x6e\x26\x05\x44\x8c\
\x43\x67\x72\x30\x8e\xfb\x59\x40\x9d\x2f\x70\x0e\x16\x91\xc4\x91\
\x51\xc5\x9c\x98\x81\x1c\xee\xd0\x04\x55\xe6\x2b\xd6\xca\xcd\xd4\
\x22\x98\xbd\xad\xea\x37\x7f\xdf\x4c\x79\xc3\x8c\x2d\x34\x18\x3b\
\xda\x0e\x1e\x5d\x81\x20\x22\xc1\x5c\xef\x64\x8a\x6e\x54\xa8\xd4\
\x28\x2e\xb6\xdb\x34\xe5\x4b\x78\xb6\xe0\xec\xe1\x0c\xe3\x73\x0e\
\x8c\x62\x02\xdf\x09\x0f\x48\xf4\xc2\x03\x25\xfc\x1a\x26\xa4\x0c\
\x57\xfc\x9d\x70\xe1\x8f\x6a\x42\x0e\xf4\xb7\xdf\x07\x13\x78\x61\
\xeb\x7a\x26\xfc\xf6\x74\xe7\x7e\xc7\xef\x44\x6f\xdc\x3f\x5e\xdf\
\x94\x94\x6e\x1c\x7f\xc1\xf9\xe3\xf1\xe3\xdd\xdb\xd7\x37\xff\x73\
\xdc\xe2\x4d\xda\x90\xab\xf9\x02\xfa\x61\x8b\xee\x87\xc4\x91\xc0\
\x45\xfc\x9f\x77\xf8\x01\xc5\x30\x3a\xaa\x17\xf0\x4f\x3b\xfc\x14\
\x30\x8e\x14\x86\x5f\xc0\xff\x65\x87\x9f\x33\x8a\xd7\x2b\x89\xa9\
\x89\xbf\x3f\xb8\xb8\xf8\xdd\x16\x3f\xc8\x61\x39\xb5\xba\x80\xfe\
\xeb\x0e\x5d\xb4\x8e\xbf\xd5\xba\x84\xff\xb7\x1d\x7e\x0e\xdf\xc6\
\xbf\xdf\xe1\x57\xdc\x46\x44\x57\xe7\x4a\xf2\xa7\xa4\xc3\x97\x70\
\x9d\x6c\xe3\x20\xc9\x6a\x0d\x97\x65\xf5\xdb\x0e\x5f\x14\x8f\x37\
\x75\x2e\xad\xbf\x63\x7f\x94\xa8\x96\x2f\x73\xf3\xdd\x0e\xbb\x94\
\x6f\x6b\xc2\x4e\x91\x23\xb2\x38\xde\x66\xbc\x80\xff\x66\x8b\x2f\
\x7c\xe9\x07\xce\x2b\x2f\xe0\x7f\xda\xe1\x8b\x5d\x0e\xdf\x3a\xed\
\xdb\x1d\x7e\x2a\x96\x7b\x5e\xc7\x9d\x84\xf0\x3e\x5d\xaf\xf9\xcd\
\xc0\x6b\xd8\xe1\x3d\x6d\xf1\x46\xfe\x92\xa2\xb4\x65\x9f\xa1\xef\
\x94\x60\xca\x1b\x2a\x9e\xa1\xef\xb8\xe8\xa5\xb0\x60\x2b\x2a\x5c\
\xc0\xff\xb8\xb7\xd7\xc4\x7e\x75\xbc\xb4\xfe\xde\xbe\x4b\xe5\x6f\
\x87\x9b\x4e\x3e\xc3\xff\xfb\x0e\x7f\xac\xfd\xca\x9d\x3d\x43\xdf\
\x31\x3d\xf8\xa2\x17\x15\xfc\x05\xfc\x0f\x3b\xfc\xa8\x97\xed\xc2\
\xa5\xf5\xdf\xec\x4d\x7c\xec\x2f\x13\xf3\x76\x6f\xdf\x23\xdb\xe7\
\x17\xb0\xf7\xf6\x31\x8c\xb8\xe9\x75\x59\x52\x8f\x3b\x7c\x49\x26\
\x75\x44\x7b\x9d\x22\xc4\x14\xf4\xfe\xf9\x25\xc9\xbe\xd9\xdb\x2b\
\xfa\xdc\x18\x48\x5d\xc0\x7f\xbf\xc3\x97\xea\xa7\x7c\x83\x9c\xbd\
\xf3\x98\xf4\x6e\xf5\x45\xc5\x79\xd8\x9b\x77\xdd\xb8\x8f\x0b\x8a\
\xf6\xea\xf6\xdd\x4f\x3f\xbc\xc2\xff\x0c\xe1\xa7\x1f\xfe\x09\xb2\
\xe4\x19\xd2\
\x00\x00\x02\x6b\
\x3c\
\x73\x76\x67\x20\x78\x6d\x6c\x6e\x73\x3d\x22\x68\x74\x74\x70\x3a\
\x2f\x2f\x77\x77\x77\x2e\x77\x33\x2e\x6f\x72\x67\x2f\x32\x30\x30\
\x30\x2f\x73\x76\x67\x22\x20\x77\x69\x64\x74\x68\x3d\x22\x38\x30\
\x22\x20\x68\x65\x69\x67\x68\x74\x3d\x22\x38\x30\x22\x20\x76\x69\
\x65\x77\x42\x6f\x78\x3d\x22\x30\x20\x30\x20\x32\x34\x20\x32\x34\
\x22\x20\x66\x69\x6c\x6c\x3d\x22\x6e\x6f\x6e\x65\x22\x20\x73\x74\
\x72\x6f\x6b\x65\x3d\x22\x63\x75\x72\x72\x65\x6e\x74\x43\x6f\x6c\
\x6f\x72\x22\x20\x73\x74\x72\x6f\x6b\x65\x2d\x77\x69\x64\x74\x68\
\x3d\x22\x31\x2e\x35\x22\x20\x73\x74\x72\x6f\x6b\x65\x2d\x6c\x69\
\x6e\x65\x63\x61\x70\x3d\x22\x72\x6f\x75\x6e\x64\x22\x20\x73\x74\
\x72\x6f\x6b\x65\x2d\x6c\x69\x6e\x65\x6a\x6f\x69\x6e\x3d\x22\x72\
\x6f\x75\x6e\x64\x22\x20\x63\x6c\x61\x73\x73\x3d\x22\x66\x65\x61\
\x74\x68\x65\x72\x20\x66\x65\x61\x74\x68\x65\x72\x2d\x70\x68\x6f\
\x6e\x65\x2d\x69\x6e\x63\x6f\x6d\x69\x6e\x67\x22\x3e\x3c\x70\x6f\
\x6c\x79\x6c\x69\x6e\x65\x20\x70\x6f\x69\x6e\x74\x73\x3d\x22\x31\
\x36\x20\x32\x20\x31\x36\x20\x38\x20\x32\x32\x20\x38\x22\x3e\x3c\
\x2f\x70\x6f\x6c\x79\x6c\x69\x6e\x65\x3e\x3c\x6c\x69\x6e\x65\x20\
\x78\x31\x3d\x22\x32\x33\x22\x20\x79\x31\x3d\x22\x31\x22\x20\x78\
\x32\x3d\x22\x31\x36\x22\x20\x79\x32\x3d\x22\x38\x22\x3e\x3c\x2f\
\x6c\x69\x6e\x65\x3e\x3c\x70\x61\x74\x68\x20\x64\x3d\x22\x4d\x32\
\x32\x20\x31\x36\x2e\x39\x32\x76\x33\x61\x32\x20\x32\x20\x30\x20\
\x30\x20\x31\x2d\x32\x2e\x31\x38\x20\x32\x20\x31\x39\x2e\x37\x39\
\x20\x31\x39\x2e\x37\x39\x20\x30\x20\x30\x20\x31\x2d\x38\x2e\x36\
\x33\x2d\x33\x2e\x30\x37\x20\x31\x39\x2e\x35\x20\x31\x39\x2e\x35\
\x20\x30\x20\x30\x20\x31\x2d\x36\x2d\x36\x20\x31\x39\x2e\x37\x39\
\x20\x31\x39\x2e\x37\x39\x20\x30\x20\x30\x20\x31\x2d\x33\x2e\x30\
\x37\x2d\x38\x2e\x36\x37\x41\x32\x20\x32\x20\x30\x20\x30\x20\x31\
\x20\x34\x2e\x31\x31\x20\x32\x68\x33\x61\x32\x20\x32\x20\x30\x20\
\x30\x20\x31\x20\x32\x20\x31\x2e\x37\x32\x20\x31\x32\x2e\x38\x34\
\x20\x31\x32\x2e\x38\x34\x20\x30\x20\x30\x20\x30\x20\x2e\x37\x20\
\x32\x2e\x38\x31\x20\x32\x20\x32\x20\x30\x20\x30\x20\x31\x2d\x2e\
\x34\x35\x20\x32\x2e\x31\x31\x4c\x38\x2e\x30\x39\x20\x39\x2e\x39\
\x31\x61\x31\x36\x20\x31\x36\x20\x30\x20\x30\x20\x30\x20\x36\x20\
\x36\x6c\x31\x2e\x32\x37\x2d\x31\x2e\x32\x37\x61\x32\x20\x32\x20\
\x30\x20\x30\x20\x31\x20\x32\x2e\x31\x31\x2d\x2e\x34\x35\x20\x31\
\x32\x2e\x38\x34\x20\x31\x32\x2e\x38\x34\x20\x30\x20\x30\x20\x30\
\x20\x32\x2e\x38\x31\x2e\x37\x41\x32\x20\x32\x20\x30\x20\x30\x20\
\x31\x20\x32\x32\x20\x31\x36\x2e\x39\x32\x7a\x22\x3e\x3c\x2f\x70\
\x61\x74\x68\x3e\x3c\x2f\x73\x76\x67\x3e\
\x00\x00\x01\x87\
\x3c\
\x73\x76\x67\x20\x78\x6d\x6c\x6e\x73\x3d\x22\x68\x74\x74\x70\x3a\
\x2f\x2f\x77\x77\x77\x2e\x77\x33\x2e\x6f\x72\x67\x2f\x32\x30\x30\
\x30\x2f\x73\x76\x67\x22\x20\x77\x69\x64\x74\x68\x3d\x22\x38\x30\
\x22\x20\x68\x65\x69\x67\x68\x74\x3d\x22\x38\x30\x22\x20\x76\x69\
\x65\x77\x42\x6f\x78\x3d\x22\x30\x20\x30\x20\x32\x34\x20\x32\x34\
\x22\x20\x66\x69\x6c\x6c\x3d\x22\x6e\x6f\x6e\x65\x22\x20\x73\x74\
\x72\x6f\x6b\x65\x3d\x22\x63\x75\x72\x72\x65\x6e\x74\x43\x6f\x6c\
\x6f\x72\x22\x20\x73\x74\x72\x6f\x6b\x65\x2d\x77\x69\x64\x74\x68\
\x3d\x22\x31\x2e\x35\x22\x20\x73\x74\x72\x6f\x6b\x65\x2d\x6c\x69\
\x6e\x65\x63\x61\x70\x3d\x22\x72\x6f\x75\x6e\x64\x22\x20\x73\x74\
\x72\x6f\x6b\x65\x2d\x6c\x69\x6e\x65\x6a\x6f\x69\x6e\x3d\x22\x72\
\x6f\x75\x6e\x64\x22\x20\x63\x6c\x61\x73\x73\x3d\x22\x66\x65\x61\
\x74\x68\x65\x72\x20\x66\x65\x61\x74\x68\x65\x72\x2d\x68\x61\x73\
\x68\x22\x3e\x3c\x6c\x69\x6e\x65\x20\x78\x31\x3d\x22\x34\x22\x20\
\x79\x31\x3d\x22\x39\x22\x20\x78\x32\x3d\x22\x32\x30\x22\x20\x79\
\x32\x3d\x22\x39\x22\x3e\x3c\x2f\x6c\x69\x6e\x65\x3e\x3c\x6c\x69\
\x6e\x65\x20\x78\x31\x3d\x22\x34\x22\x20\x79\x31\x3d\x22\x31\x35\
\x22\x20\x78\x32\x3d\x22\x32\x30\x22\x20\x79\x32\x3d\x22\x31\x35\
\x22\x3e\x3c\x2f\x6c\x69\x6e\x65\x3e\x3c\x6c\x69\x6e\x65\x20\x78\
\x31\x3d\x22\x31\x30\x22\x20\x79\x31\x3d\x22\x33\x22\x20\x78\x32\
\x3d\x22\x38\x22\x20\x79\x32\x3d\x22\x32\x31\x22\x3e\x3c\x2f\x6c\
\x69\x6e\x65\x3e\x3c\x6c\x69\x6e\x65\x20\x78\x31\x3d\x22\x31\x36\
\x22\x20\x79\x31\x3d\x22\x33\x22\x20\x78\x32\x3d\x22\x31\x34\x22\
\x20\x79\x32\x3d\x22\x32\x31\x22\x3e\x3c\x2f\x6c\x69\x6e\x65\x3e\
\x3c\x2f\x73\x76\x67\x3e\
\x00\x00\x01\x5c\
\x3c\
\x73\x76\x67\x20\x78\x6d\x6c\x6e\x73\x3d\x22\x68\x74\x74\x70\x3a\
\x2f\x2f\x77\x77\x77\x2e\x77\x33\x2e\x6f\x72\x67\x2f\x32\x30\x30\
\x30\x2f\x73\x76\x67\x22\x20\x77\x69\x64\x74\x68\x3d\x22\x38\x30\
\x22\x20\x68\x65\x69\x67\x68\x74\x3d\x22\x38\x30\x22\x20\x76\x69\
\x65\x77\x42\x6f\x78\x3d\x22\x30\x20\x30\x20\x32\x34\x20\x32\x34\
\x22\x20\x66\x69\x6c\x6c\x3d\x22\x6e\x6f\x6e\x65\x22\x20\x73\x74\
\x72\x6f\x6b\x65\x3d\x22\x63\x75\x72\x72\x65\x6e\x74\x43\x6f\x6c\
\x6f\x72\x22\x20\x73\x74\x72\x6f\x6b\x65\x2d\x77\x69\x64\x74\x68\
\x3d\x22\x31\x2e\x35\x22\x20\x73\x74\x72\x6f\x6b\x65\x2d\x6c\x69\
\x6e\x65\x63\x61\x70\x3d\x22\x72\x6f\x75\x6e\x64\x22\x20\x73\x74\
\x72\x6f\x6b\x65\x2d\x6c\x69\x6e\x65\x6a\x6f\x69\x6e\x3d\x22\x72\
\x6f\x75\x6e\x64\x22\x20\x63\x6c\x61\x73\x73\x3d\x22\x66\x65\x61\
\x74\x68\x65\x72\x20\x66\x65\x61\x74\x68\x65\x72\x2d\x78\x2d\x63\
\x69\x72\x63\x6c\x65\x22\x3e\x3c\x63\x69\x72\x63\x6c\x65\x20\x63\
\x78\x3d\x22\x31\x32\x22\x20\x63\x79\x3d\x22\x31\x32\x22\x20\x72\
\x3d\x22\x31\x30\x22\x3e\x3c\x2f\x63\x69\x72\x63\x6c\x65\x3e\x3c\
\x6c\x69\x6e\x65\x20\x78\x31\x3d\x22\x31\x35\x22\x20\x79\x31\x3d\
\x22\x39\x22\x20\x78\x32\x3d\x22\x39\x22\x20\x79\x32\x3d\x22\x31\
\x35\x22\x3e\x3c\x2f\x6c\x69\x6e\x65\x3e\x3c\x6c\x69\x6e\x65\x20\
\x78\x31\x3d\x22\x39\x22\x20\x79\x31\x3d\x22\x39\x22\x20\x78\x32\
\x3d\x22\x31\x35\x22\x20\x79\x32\x3d\x22\x31\x35\x22\x3e\x3c\x2f\
\x6c\x69\x6e\x65\x3e\x3c\x2f\x73\x76\x67\x3e\
\x00\x00\x01\x50\
\x3c\
\x73\x76\x67\x20\x78\x6d\x6c\x6e\x73\x3d\x22\x68\x74\x74\x70\x3a\
\x2f\x2f\x77\x77\x77\x2e\x77\x33\x2e\x6f\x72\x67\x2f\x32\x30\x30\
\x30\x2f\x73\x76\x67\x22\x20\x77\x69\x64\x74\x68\x3d\x22\x38\x30\
\x22\x20\x68\x65\x69\x67\x68\x74\x3d\x22\x38\x30\x22\x20\x76\x69\
\x65\x77\x42\x6f\x78\x3d\x22\x30\x20\x30\x20\x32\x34\x20\x32\x34\
\x22\x20\x66\x69\x6c\x6c\x3d\x22\x6e\x6f\x6e\x65\x22\x20\x73\x74\
\x72\x6f\x6b\x65\x3d\x22\x63\x75\x72\x72\x65\x6e\x74\x43\x6f\x6c\
\x6f\x72\x22\x20\x73\x74\x72\x6f\x6b\x65\x2d\x77\x69\x64\x74\x68\
\x3d\x22\x31\x2e\x35\x22\x20\x73\x74\x72\x6f\x6b\x65\x2d\x6c\x69\
\x6e\x65\x63\x61\x70\x3d\x22\x72\x6f\x75\x6e\x64\x22\x20\x73\x74\
\x72\x6f\x6b\x65\x2d\x6c\x69\x6e\x65\x6a\x6f\x69\x6e\x3d\x22\x72\
\x6f\x75\x6e\x64\x22\x20\x63\x6c\x61\x73\x73\x3d\x22\x66\x65\x61\
\x74\x68\x65\x72\x20\x66\x65\x61\x74\x68\x65\x72\x2d\x64\x6f\x6c\
\x6c\x61\x72\x2d\x73\x69\x67\x6e\x22\x3e\x3c\x6c\x69\x6e\x65\x20\
\x78\x31\x3d\x22\x31\x32\x22\x20\x79\x31\x3d\x22\x31\x22\x20\x78\
\x32\x3d\x22\x31\x32\x22\x20\x79\x32\x3d\x22\x32\x33\x22\x3e\x3c\
\x2f\x6c\x69\x6e\x65\x3e\x3c\x70\x61\x74\x68\x20\x64\x3d\x22\x4d\
\x31\x37\x20\x35\x48\x39\x2e\x35\x61\x33\x2e\x35\x20\x33\x2e\x35\
\x20\x30\x20\x30\x20\x30\x20\x30\x20\x37\x68\x35\x61\x33\x2e\x35\
\x20\x33\x2e\x35\x20\x30\x20\x30\x20\x31\x20\x30\x20\x37\x48\x36\
\x22\x3e\x3c\x2f\x70\x61\x74\x68\x3e\x3c\x2f\x73\x76\x67\x3e\
\x00\x00\x01\xb1\
\x3c\
\x73\x76\x67\x20\x78\x6d\x6c\x6e\x73\x3d\x22\x68\x74\x74\x70\x3a\
\x2f\x2f\x77\x77\x77\x2e\x77\x33\x2e\x6f\x72\x67\x2f\x32\x30\x30\
\x30\x2f\x73\x76\x67\x22\x20\x77\x69\x64\x74\x68\x3d\x22\x38\x30\
\x22\x20\x68\x65\x69\x67\x68\x74\x3d\x22\x38\x30\x22\x20\x76\x69\
\x65\x77\x42\x6f\x78\x3d\x22\x30\x20\x30\x20\x32\x34\x20\x32\x34\
\x22\x20\x66\x69\x6c\x6c\x3d\x22\x6e\x6f\x6e\x65\x22\x20\x73\x74\
\x72\x6f\x6b\x65\x3d\x22\x63\x75\x72\x72\x65\x6e\x74\x43\x6f\x6c\
\x6f\x72\x22\x20\x73\x74\x72\x6f\x6b\x65\x2d\x77\x69\x64\x74\x68\
\x3d\x22\x31\x2e\x35\x22\x20\x73\x74\x72\x6f\x6b\x65\x2d\x6c\x69\
\x6e\x65\x63\x61\x70\x3d\x22\x72\x6f\x75\x6e\x64\x22\x20\x73\x74\
\x72\x6f\x6b\x65\x2d\x6c\x69\x6e\x65\x6a\x6f\x69\x6e\x3d\x22\x72\
\x6f\x75\x6e\x64\x22\x20\x63\x6c\x61\x73\x73\x3d\x22\x66\x65\x61\
\x74\x68\x65\x72\x20\x66\x65\x61\x74\x68\x65\x72\x2d\x75\x70\x6c\
\x6f\x61\x64\x2d\x63\x6c\x6f\x75\x64\x22\x3e\x3c\x70\x6f\x6c\x79\
\x6c\x69\x6e\x65\x20\x70\x6f\x69\x6e\x74\x73\x3d\x22\x31\x36\x20\
\x31\x36\x20\x31\x32\x20\x31\x32\x20\x38\x20\x31\x36\x22\x3e\x3c\
\x2f\x70\x6f\x6c\x79\x6c\x69\x6e\x65\x3e\x3c\x6c\x69\x6e\x65\x20\
\x78\x31\x3d\x22\x31\x32\x22\x20\x79\x31\x3d\x22\x31\x32\x22\x20\
\x78\x32\x3d\x22\x31\x32\x22\x20\x79\x32\x3d\x22\x32\x31\x22\x3e\
\x3c\x2f\x6c\x69\x6e\x65\x3e\x3c\x70\x61\x74\x68\x20\x64\x3d\x22\
\x4d\x32\x30\x2e\x33\x39\x20\x31\x38\x2e\x33\x39\x41\x35\x20\x35\
\x20\x30\x20\x30\x20\x30\x20\x31\x38\x20\x39\x68\x2d\x31\x2e\x32\
\x36\x41\x38\x20\x38\x20\x30\x20\x31\x20\x30\x20\x33\x20\x31\x36\
\x2e\x33\x22\x3e\x3c\x2f\x70\x61\x74\x68\x3e\x3c\x70\x6f\x6c\x79\
\x6c\x69\x6e\x65\x20\x70\x6f\x69\x6e\x74\x73\x3d\x22\x31\x36\x20\
\x31\x36\x20\x31\x32\x20\x31\x32\x20\x38\x20\x31\x36\x22\x3e\x3c\
\x2f\x70\x6f\x6c\x79\x6c\x69\x6e\x65\x3e\x3c\x2f\x73\x76\x67\x3e\
\
\x00\x00\x01\x86\
\x3c\
\x73\x76\x67\x20\x78\x6d\x6c\x6e\x73\x3d\x22\x68\x74\x74\x70\x3a\
\x2f\x2f\x77\x77\x77\x2e\x77\x33\x2e\x6f\x72\x67\x2f\x32\x30\x30\
\x30\x2f\x73\x76\x67\x22\x20\x77\x69\x64\x74\x68\x3d\x22\x38\x30\
\x22\x20\x68\x65\x69\x67\x68\x74\x3d\x22\x38\x30\x22\x20\x76\x69\
\x65\x77\x42\x6f\x78\x3d\x22\x30\x20\x30\x20\x32\x34\x20\x32\x34\
\x22\x20\x66\x69\x6c\x6c\x3d\x22\x6e\x6f\x6e\x65\x22\x20\x73\x74\
\x72\x6f\x6b\x65\x3d\x22\x63\x75\x72\x72\x65\x6e\x74\x43\x6f\x6c\
\x6f\x72\x22\x20\x73\x74\x72\x6f\x6b\x65\x2d\x77\x69\x64\x74\x68\
\x3d\x22\x31\x2e\x35\x22\x20\x73\x74\x72\x6f\x6b\x65\x2d\x6c\x69\
\x6e\x65\x63\x61\x70\x3d\x22\x72\x6f\x75\x6e\x64\x22\x20\x73\x74\
\x72\x6f\x6b\x65\x2d\x6c\x69\x6e\x65\x6a\x6f\x69\x6e\x3d\x22\x72\
\x6f\x75\x6e\x64\x22\x20\x63\x6c\x61\x73\x73\x3d\x22\x66\x65\x61\
\x74\x68\x65\x72\x20\x66\x65\x61\x74\x68\x65\x72\x2d\x73\x6d\x69\
\x6c\x65\x22\x3e\x3c\x63\x69\x72\x63\x6c\x65\x20\x63\x78\x3d\x22\
\x31\x32\x22\x20\x63\x79\x3d\x22\x31\x32\x22\x20\x72\x3d\x22\x31\
\x30\x22\x3e\x3c\x2f\x63\x69\x72\x63\x6c\x65\x3e\x3c\x70\x61\x74\
\x68\x20\x64\x3d\x22\x4d\x38\x20\x31\x34\x73\x31\x2e\x35\x20\x32\
\x20\x34\x20\x32\x20\x34\x2d\x32\x20\x34\x2d\x32\x22\x3e\x3c\x2f\
\x70\x61\x74\x68\x3e\x3c\x6c\x69\x6e\x65\x20\x78\x31\x3d\x22\x39\
\x22\x20\x79\x31\x3d\x22\x39\x22\x20\x78\x32\x3d\x22\x39\x2e\x30\
\x31\x22\x20\x79\x32\x3d\x22\x39\x22\x3e\x3c\x2f\x6c\x69\x6e\x65\
\x3e\x3c\x6c\x69\x6e\x65\x20\x78\x31\x3d\x22\x31\x35\x22\x20\x79\
\x31\x3d\x22\x39\x22\x20\x78\x32\x3d\x22\x31\x35\x2e\x30\x31\x22\
\x20\x79\x32\x3d\x22\x39\x22\x3e\x3c\x2f\x6c\x69\x6e\x65\x3e\x3c\
\x2f\x73\x76\x67\x3e\
\x00\x00\x01\x61\
\x3c\
\x73\x76\x67\x20\x78\x6d\x6c\x6e\x73\x3d\x22\x68\x74\x74\x70\x3a\
\x2f\x2f\x77\x77\x77\x2e\x77\x33\x2e\x6f\x72\x67\x2f\x32\x30\x30\
\x30\x2f\x73\x76\x67\x22\x20\x77\x69\x64\x74\x68\x3d\x22\x38\x30\
\x22\x20\x68\x65\x69\x67\x68\x74\x3d\x22\x38\x30\x22\x20\x76\x69\
\x65\x77\x42\x6f\x78\x3d\x22\x30\x20\x30\x20\x32\x34\x20\x32\x34\
\x22\x20\x66\x69\x6c\x6c\x3d\x22\x6e\x6f\x6e\x65\x22\x20\x73\x74\
\x72\x6f\x6b\x65\x3d\x22\x63\x75\x72\x72\x65\x6e\x74\x43\x6f\x6c\
\x6f\x72\x22\x20\x73\x74\x72\x6f\x6b\x65\x2d\x77\x69\x64\x74\x68\
\x3d\x22\x31\x2e\x35\x22\x20\x73\x74\x72\x6f\x6b\x65\x2d\x6c\x69\
\x6e\x65\x63\x61\x70\x3d\x22\x72\x6f\x75\x6e\x64\x22\x20\x73\x74\
\x72\x6f\x6b\x65\x2d\x6c\x69\x6e\x65\x6a\x6f\x69\x6e\x3d\x22\x72\
\x6f\x75\x6e\x64\x22\x20\x63\x6c\x61\x73\x73\x3d\x22\x66\x65\x61\
\x74\x68\x65\x72\x20\x66\x65\x61\x74\x68\x65\x72\x2d\x63\x6f\x70\
\x79\x22\x3e\x3c\x72\x65\x63\x74\x20\x78\x3d\x22\x39\x22\x20\x79\
\x3d\x22\x39\x22\x20\x77\x69\x64\x74\x68\x3d\x22\x31\x33\x22\x20\
\x68\x65\x69\x67\x68\x74\x3d\x22\x31\x33\x22\x20\x72\x78\x3d\x22\
\x32\x22\x20\x72\x79\x3d\x22\x32\x22\x3e\x3c\x2f\x72\x65\x63\x74\
\x3e\x3c\x70\x61\x74\x68\x20\x64\x3d\x22\x4d\x35\x20\x31\x35\x48\
\x34\x61\x32\x20\x32\x20\x30\x20\x30\x20\x31\x2d\x32\x2d\x32\x56\
\x34\x61\x32\x20\x32\x20\x30\x20\x30\x20\x31\x20\x32\x2d\x32\x68\
\x39\x61\x32\x20\x32\x20\x30\x20\x30\x20\x31\x20\x32\x20\x32\x76\
\x31\x22\x3e\x3c\x2f\x70\x61\x74\x68\x3e\x3c\x2f\x73\x76\x67\x3e\
\
\x00\x00\x01\x41\
\x3c\
\x73\x76\x67\x20\x78\x6d\x6c\x6e\x73\x3d\x22\x68\x74\x74\x70\x3a\
\x2f\x2f\x77\x77\x77\x2e\x77\x33\x2e\x6f\x72\x67\x2f\x32\x30\x30\
\x30\x2f\x73\x76\x67\x22\x20\x77\x69\x64\x74\x68\x3d\x22\x38\x30\
\x22\x20\x68\x65\x69\x67\x68\x74\x3d\x22\x38\x30\x22\x20\x76\x69\
\x65\x77\x42\x6f\x78\x3d\x22\x30\x20\x30\x20\x32\x34\x20\x32\x34\
\x22\x20\x66\x69\x6c\x6c\x3d\x22\x6e\x6f\x6e\x65\x22\x20\x73\x74\
\x72\x6f\x6b\x65\x3d\x22\x63\x75\x72\x72\x65\x6e\x74\x43\x6f\x6c\
\x6f\x72\x22\x20\x73\x74\x72\x6f\x6b\x65\x2d\x77\x69\x64\x74\x68\
\x3d\x22\x31\x2e\x35\x22\x20\x73\x74\x72\x6f\x6b\x65\x2d\x6c\x69\
\x6e\x65\x63\x61\x70\x3d\x22\x72\x6f\x75\x6e\x64\x22\x20\x73\x74\
\x72\x6f\x6b\x65\x2d\x6c\x69\x6e\x65\x6a\x6f\x69\x6e\x3d\x22\x72\
\x6f\x75\x6e\x64\x22\x20\x63\x6c\x61\x73\x73\x3d\x22\x66\x65\x61\
\x74\x68\x65\x72\x20\x66\x65\x61\x74\x68\x65\x72\x2d\x75\x6e\x64\
\x65\x72\x6c\x69\x6e\x65\x22\x3e\x3c\x70\x61\x74\x68\x20\x64\x3d\
\x22\x4d\x36\x20\x33\x76\x37\x61\x36\x20\x36\x20\x30\x20\x30\x20\
\x30\x20\x36\x20\x36\x20\x36\x20\x36\x20\x30\x20\x30\x20\x30\x20\
\x36\x2d\x36\x56\x33\x22\x3e\x3c\x2f\x70\x61\x74\x68\x3e\x3c\x6c\
\x69\x6e\x65\x20\x78\x31\x3d\x22\x34\x22\x20\x79\x31\x3d\x22\x32\
\x31\x22\x20\x78\x32\x3d\x22\x32\x30\x22\x20\x79\x32\x3d\x22\x32\
\x31\x22\x3e\x3c\x2f\x6c\x69\x6e\x65\x3e\x3c\x2f\x73\x76\x67\x3e\
\
\x00\x00\x01\x64\
\x3c\
\x73\x76\x67\x20\x78\x6d\x6c\x6e\x73\x3d\x22\x68\x74\x74\x70\x3a\
\x2f\x2f\x77\x77\x77\x2e\x77\x33\x2e\x6f\x72\x67\x2f\x32\x30\x30\
\x30\x2f\x73\x76\x67\x22\x20\x77\x69\x64\x74\x68\x3d\x22\x38\x30\
\x22\x20\x68\x65\x69\x67\x68\x74\x3d\x22\x38\x30\x22\x20\x76\x69\
\x65\x77\x42\x6f\x78\x3d\x22\x30\x20\x30\x20\x32\x34\x20\x32\x34\
\x22\x20\x66\x69\x6c\x6c\x3d\x22\x6e\x6f\x6e\x65\x22\x20\x73\x74\
\x72\x6f\x6b\x65\x3d\x22\x63\x75\x72\x72\x65\x6e\x74\x43\x6f\x6c\
\x6f\x72\x22\x20\x73\x74\x72\x6f\x6b\x65\x2d\x77\x69\x64\x74\x68\
\x3d\x22\x31\x2e\x35\x22\x20\x73\x74\x72\x6f\x6b\x65\x2d\x6c\x69\
\x6e\x65\x63\x61\x70\x3d\x22\x72\x6f\x75\x6e\x64\x22\x20\x73\x74\
\x72\x6f\x6b\x65\x2d\x6c\x69\x6e\x65\x6a\x6f\x69\x6e\x3d\x22\x72\
\x6f\x75\x6e\x64\x22\x20\x63\x6c\x61\x73\x73\x3d\x22\x66\x65\x61\
\x74\x68\x65\x72\x20\x66\x65\x61\x74\x68\x65\x72\x2d\x7a\x6f\x6f\
\x6d\x2d\x6f\x75\x74\x22\x3e\x3c\x63\x69\x72\x63\x6c\x65\x20\x63\
\x78\x3d\x22\x31\x31\x22\x20\x63\x79\x3d\x22\x31\x31\x22\x20\x72\
\x3d\x22\x38\x22\x3e\x3c\x2f\x63\x69\x72\x63\x6c\x65\x3e\x3c\x6c\
\x69\x6e\x65\x20\x78\x31\x3d\x22\x32\x31\x22\x20\x79\x31\x3d\x22\
\x32\x31\x22\x20\x78\x32\x3d\x22\x31\x36\x2e\x36\x35\x22\x20\x79\
\x32\x3d\x22\x31\x36\x2e\x36\x35\x22\x3e\x3c\x2f\x6c\x69\x6e\x65\
\x3e\x3c\x6c\x69\x6e\x65\x20\x78\x31\x3d\x22\x38\x22\x20\x79\x31\
\x3d\x22\x31\x31\x22\x20\x78\x32\x3d\x22\x31\x34\x22\x20\x79\x32\
\x3d\x22\x31\x31\x22\x3e\x3c\x2f\x6c\x69\x6e\x65\x3e\x3c\x2f\x73\
\x76\x67\x3e\
\x00\x00\x01\x2b\
\x3c\
\x73\x76\x67\x20\x78\x6d\x6c\x6e\x73\x3d\x22\x68\x74\x74\x70\x3a\
\x2f\x2f\x77\x77\x77\x2e\x77\x33\x2e\x6f\x72\x67\x2f\x32\x30\x30\
\x30\x2f\x73\x76\x67\x22\x20\x77\x69\x64\x74\x68\x3d\x22\x38\x30\
\x22\x20\x68\x65\x69\x67\x68\x74\x3d\x22\x38\x30\x22\x20\x76\x69\
\x65\x77\x42\x6f\x78\x3d\x22\x30\x20\x30\x20\x32\x34\x20\x32\x34\
\x22\x20\x66\x69\x6c\x6c\x3d\x22\x6e\x6f\x6e\x65\x22\x20\x73\x74\
\x72\x6f\x6b\x65\x3d\x22\x63\x75\x72\x72\x65\x6e\x74\x43\x6f\x6c\
\x6f\x72\x22\x20\x73\x74\x72\x6f\x6b\x65\x2d\x77\x69\x64\x74\x68\
\x3d\x22\x31\x2e\x35\x22\x20\x73\x74\x72\x6f\x6b\x65\x2d\x6c\x69\
\x6e\x65\x63\x61\x70\x3d\x22\x72\x6f\x75\x6e\x64\x22\x20\x73\x74\
\x72\x6f\x6b\x65\x2d\x6c\x69\x6e\x65\x6a\x6f\x69\x6e\x3d\x22\x72\
\x6f\x75\x6e\x64\x22\x20\x63\x6c\x61\x73\x73\x3d\x22\x66\x65\x61\
\x74\x68\x65\x72\x20\x66\x65\x61\x74\x68\x65\x72\x2d\x74\x68\x65\
\x72\x6d\x6f\x6d\x65\x74\x65\x72\x22\x3e\x3c\x70\x61\x74\x68\x20\
\x64\x3d\x22\x4d\x31\x34\x20\x31\x34\x2e\x37\x36\x56\x33\x2e\x35\
\x61\x32\x2e\x35\x20\x32\x2e\x35\x20\x30\x20\x30\x20\x30\x2d\x35\
\x20\x30\x76\x31\x31\x2e\x32\x36\x61\x34\x2e\x35\x20\x34\x2e\x35\
\x20\x30\x20\x31\x20\x30\x20\x35\x20\x30\x7a\x22\x3e\x3c\x2f\x70\
\x61\x74\x68\x3e\x3c\x2f\x73\x76\x67\x3e\
\x00\x00\x01\x6f\
\x3c\
\x73\x76\x67\x20\x78\x6d\x6c\x6e\x73\x3d\x22\x68\x74\x74\x70\x3a\
\x2f\x2f\x77\x77\x77\x2e\x77\x33\x2e\x6f\x72\x67\x2f\x32\x30\x30\
\x30\x2f\x73\x76\x67\x22\x20\x77\x69\x64\x74\x68\x3d\x22\x38\x30\
\x22\x20\x68\x65\x69\x67\x68\x74\x3d\x22\x38\x30\x22\x20\x76\x69\
\x65\x77\x42\x6f\x78\x3d\x22\x30\x20\x30\x20\x32\x34\x20\x32\x34\
\x22\x20\x66\x69\x6c\x6c\x3d\x22\x6e\x6f\x6e\x65\x22\x20\x73\x74\
\x72\x6f\x6b\x65\x3d\x22\x63\x75\x72\x72\x65\x6e\x74\x43\x6f\x6c\
\x6f\x72\x22\x20\x73\x74\x72\x6f\x6b\x65\x2d\x77\x69\x64\x74\x68\
\x3d\x22\x31\x2e\x35\x22\x20\x73\x74\x72\x6f\x6b\x65\x2d\x6c\x69\
\x6e\x65\x63\x61\x70\x3d\x22\x72\x6f\x75\x6e\x64\x22\x20\x73\x74\
\x72\x6f\x6b\x65\x2d\x6c\x69\x6e\x65\x6a\x6f\x69\x6e\x3d\x22\x72\
\x6f\x75\x6e\x64\x22\x20\x63\x6c\x61\x73\x73\x3d\x22\x66\x65\x61\
\x74\x68\x65\x72\x20\x66\x65\x61\x74\x68\x65\x72\x2d\x75\x70\x6c\
\x6f\x61\x64\x22\x3e\x3c\x70\x61\x74\x68\x20\x64\x3d\x22\x4d\x32\
\x31\x20\x31\x35\x76\x34\x61\x32\x20\x32\x20\x30\x20\x30\x20\x31\
\x2d\x32\x20\x32\x48\x35\x61\x32\x20\x32\x20\x30\x20\x30\x20\x31\
\x2d\x32\x2d\x32\x76\x2d\x34\x22\x3e\x3c\x2f\x70\x61\x74\x68\x3e\
\x3c\x70\x6f\x6c\x79\x6c\x69\x6e\x65\x20\x70\x6f\x69\x6e\x74\x73\
\x3d\x22\x31\x37\x20\x38\x20\x31\x32\x20\x33\x20\x37\x20\x38\x22\
\x3e\x3c\x2f\x70\x6f\x6c\x79\x6c\x69\x6e\x65\x3e\x3c\x6c\x69\x6e\
\x65\x20\x78\x31\x3d\x22\x31\x32\x22\x20\x79\x31\x3d\x22\x33\x22\
\x20\x78\x32\x3d\x22\x31\x32\x22\x20\x79\x32\x3d\x22\x31\x35\x22\
\x3e\x3c\x2f\x6c\x69\x6e\x65\x3e\x3c\x2f\x73\x76\x67\x3e\
\x00\x00\x02\x41\
\x3c\
\x73\x76\x67\x20\x78\x6d\x6c\x6e\x73\x3d\x22\x68\x74\x74\x70\x3a\
\x2f\x2f\x77\x77\x77\x2e\x77\x33\x2e\x6f\x72\x67\x2f\x32\x30\x30\
\x30\x2f\x73\x76\x67\x22\x20\x77\x69\x64\x74\x68\x3d\x22\x38\x30\
\x22\x20\x68\x65\x69\x67\x68\x74\x3d\x22\x38\x30\x22\x20\x76\x69\
\x65\x77\x42\x6f\x78\x3d\x22\x30\x20\x30\x20\x32\x34\x20\x32\x34\
\x22\x20\x66\x69\x6c\x6c\x3d\x22\x6e\x6f\x6e\x65\x22\x20\x73\x74\
\x72\x6f\x6b\x65\x3d\x22\x63\x75\x72\x72\x65\x6e\x74\x43\x6f\x6c\
\x6f\x72\x22\x20\x73\x74\x72\x6f\x6b\x65\x2d\x77\x69\x64\x74\x68\
\x3d\x22\x31\x2e\x35\x22\x20\x73\x74\x72\x6f\x6b\x65\x2d\x6c\x69\
\x6e\x65\x63\x61\x70\x3d\x22\x72\x6f\x75\x6e\x64\x22\x20\x73\x74\
\x72\x6f\x6b\x65\x2d\x6c\x69\x6e\x65\x6a\x6f\x69\x6e\x3d\x22\x72\
\x6f\x75\x6e\x64\x22\x20\x63\x6c\x61\x73\x73\x3d\x22\x66\x65\x61\
\x74\x68\x65\x72\x20\x66\x65\x61\x74\x68\x65\x72\x2d\x6c\x69\x66\
\x65\x2d\x62\x75\x6f\x79\x22\x3e\x3c\x63\x69\x72\x63\x6c\x65\x20\
\x63\x78\x3d\x22\x31\x32\x22\x20\x63\x79\x3d\x22\x31\x32\x22\x20\
\x72\x3d\x22\x31\x30\x22\x3e\x3c\x2f\x63\x69\x72\x63\x6c\x65\x3e\
\x3c\x63\x69\x72\x63\x6c\x65\x20\x63\x78\x3d\x22\x31\x32\x22\x20\
\x63\x79\x3d\x22\x31\x32\x22\x20\x72\x3d\x22\x34\x22\x3e\x3c\x2f\
\x63\x69\x72\x63\x6c\x65\x3e\x3c\x6c\x69\x6e\x65\x20\x78\x31\x3d\
\x22\x34\x2e\x39\x33\x22\x20\x79\x31\x3d\x22\x34\x2e\x39\x33\x22\
\x20\x78\x32\x3d\x22\x39\x2e\x31\x37\x22\x20\x79\x32\x3d\x22\x39\
\x2e\x31\x37\x22\x3e\x3c\x2f\x6c\x69\x6e\x65\x3e\x3c\x6c\x69\x6e\
\x65\x20\x78\x31\x3d\x22\x31\x34\x2e\x38\x33\x22\x20\x79\x31\x3d\
\x22\x31\x34\x2e\x38\x33\x22\x20\x78\x32\x3d\x22\x31\x39\x2e\x30\
\x37\x22\x20\x79\x32\x3d\x22\x31\x39\x2e\x30\x37\x22\x3e\x3c\x2f\
\x6c\x69\x6e\x65\x3e\x3c\x6c\x69\x6e\x65\x20\x78\x31\x3d\x22\x31\
\x34\x2e\x38\x33\x22\x20\x79\x31\x3d\x22\x39\x2e\x31\x37\x22\x20\
\x78\x32\x3d\x22\x31\x39\x2e\x30\x37\x22\x20\x79\x32\x3d\x22\x34\
\x2e\x39\x33\x22\x3e\x3c\x2f\x6c\x69\x6e\x65\x3e\x3c\x6c\x69\x6e\
\x65\x20\x78\x31\x3d\x22\x31\x34\x2e\x38\x33\x22\x20\x79\x31\x3d\
\x22\x39\x2e\x31\x37\x22\x20\x78\x32\x3d\x22\x31\x38\x2e\x33\x36\
\x22\x20\x79\x32\x3d\x22\x35\x2e\x36\x34\x22\x3e\x3c\x2f\x6c\x69\
\x6e\x65\x3e\x3c\x6c\x69\x6e\x65\x20\x78\x31\x3d\x22\x34\x2e\x39\
\x33\x22\x20\x79\x31\x3d\x22\x31\x39\x2e\x30\x37\x22\x20\x78\x32\
\x3d\x22\x39\x2e\x31\x37\x22\x20\x79\x32\x3d\x22\x31\x34\x2e\x38\
\x33\x22\x3e\x3c\x2f\x6c\x69\x6e\x65\x3e\x3c\x2f\x73\x76\x67\x3e\
\
\x00\x00\x01\x4b\
\x3c\
\x73\x76\x67\x20\x78\x6d\x6c\x6e\x73\x3d\x22\x68\x74\x74\x70\x3a\
\x2f\x2f\x77\x77\x77\x2e\x77\x33\x2e\x6f\x72\x67\x2f\x32\x30\x30\
\x30\x2f\x73\x76\x67\x22\x20\x77\x69\x64\x74\x68\x3d\x22\x38\x30\
\x22\x20\x68\x65\x69\x67\x68\x74\x3d\x22\x38\x30\x22\x20\x76\x69\
\x65\x77\x42\x6f\x78\x3d\x22\x30\x20\x30\x20\x32\x34\x20\x32\x34\
\x22\x20\x66\x69\x6c\x6c\x3d\x22\x6e\x6f\x6e\x65\x22\x20\x73\x74\
\x72\x6f\x6b\x65\x3d\x22\x63\x75\x72\x72\x65\x6e\x74\x43\x6f\x6c\
\x6f\x72\x22\x20\x73\x74\x72\x6f\x6b\x65\x2d\x77\x69\x64\x74\x68\
\x3d\x22\x31\x2e\x35\x22\x20\x73\x74\x72\x6f\x6b\x65\x2d\x6c\x69\
\x6e\x65\x63\x61\x70\x3d\x22\x72\x6f\x75\x6e\x64\x22\x20\x73\x74\
\x72\x6f\x6b\x65\x2d\x6c\x69\x6e\x65\x6a\x6f\x69\x6e\x3d\x22\x72\
\x6f\x75\x6e\x64\x22\x20\x63\x6c\x61\x73\x73\x3d\x22\x66\x65\x61\
\x74\x68\x65\x72\x20\x66\x65\x61\x74\x68\x65\x72\x2d\x63\x72\x65\
\x64\x69\x74\x2d\x63\x61\x72\x64\x22\x3e\x3c\x72\x65\x63\x74\x20\
\x78\x3d\x22\x31\x22\x20\x79\x3d\x22\x34\x22\x20\x77\x69\x64\x74\
\x68\x3d\x22\x32\x32\x22\x20\x68\x65\x69\x67\x68\x74\x3d\x22\x31\
\x36\x22\x20\x72\x78\x3d\x22\x32\x22\x20\x72\x79\x3d\x22\x32\x22\
\x3e\x3c\x2f\x72\x65\x63\x74\x3e\x3c\x6c\x69\x6e\x65\x20\x78\x31\
\x3d\x22\x31\x22\x20\x79\x31\x3d\x22\x31\x30\x22\x20\x78\x32\x3d\
\x22\x32\x33\x22\x20\x79\x32\x3d\x22\x31\x30\x22\x3e\x3c\x2f\x6c\
\x69\x6e\x65\x3e\x3c\x2f\x73\x76\x67\x3e\
\x00\x00\x01\x60\
\x3c\
\x73\x76\x67\x20\x78\x6d\x6c\x6e\x73\x3d\x22\x68\x74\x74\x70\x3a\
\x2f\x2f\x77\x77\x77\x2e\x77\x33\x2e\x6f\x72\x67\x2f\x32\x30\x30\
\x30\x2f\x73\x76\x67\x22\x20\x77\x69\x64\x74\x68\x3d\x22\x38\x30\
\x22\x20\x68\x65\x69\x67\x68\x74\x3d\x22\x38\x30\x22\x20\x76\x69\
\x65\x77\x42\x6f\x78\x3d\x22\x30\x20\x30\x20\x32\x34\x20\x32\x34\
\x22\x20\x66\x69\x6c\x6c\x3d\x22\x6e\x6f\x6e\x65\x22\x20\x73\x74\
\x72\x6f\x6b\x65\x3d\x22\x63\x75\x72\x72\x65\x6e\x74\x43\x6f\x6c\
\x6f\x72\x22\x20\x73\x74\x72\x6f\x6b\x65\x2d\x77\x69\x64\x74\x68\
\x3d\x22\x31\x2e\x35\x22\x20\x73\x74\x72\x6f\x6b\x65\x2d\x6c\x69\
\x6e\x65\x63\x61\x70\x3d\x22\x72\x6f\x75\x6e\x64\x22\x20\x73\x74\
\x72\x6f\x6b\x65\x2d\x6c\x69\x6e\x65\x6a\x6f\x69\x6e\x3d\x22\x72\
\x6f\x75\x6e\x64\x22\x20\x63\x6c\x61\x73\x73\x3d\x22\x66\x65\x61\
\x74\x68\x65\x72\x20\x66\x65\x61\x74\x68\x65\x72\x2d\x70\x65\x72\
\x63\x65\x6e\x74\x22\x3e\x3c\x6c\x69\x6e\x65\x20\x78\x31\x3d\x22\
\x31\x39\x22\x20\x79\x31\x3d\x22\x35\x22\x20\x78\x32\x3d\x22\x35\
\x22\x20\x79\x32\x3d\x22\x31\x39\x22\x3e\x3c\x2f\x6c\x69\x6e\x65\
\x3e\x3c\x63\x69\x72\x63\x6c\x65\x20\x63\x78\x3d\x22\x36\x2e\x35\
\x22\x20\x63\x79\x3d\x22\x36\x2e\x35\x22\x20\x72\x3d\x22\x32\x2e\
\x35\x22\x3e\x3c\x2f\x63\x69\x72\x63\x6c\x65\x3e\x3c\x63\x69\x72\
\x63\x6c\x65\x20\x63\x78\x3d\x22\x31\x37\x2e\x35\x22\x20\x63\x79\
\x3d\x22\x31\x37\x2e\x35\x22\x20\x72\x3d\x22\x32\x2e\x35\x22\x3e\
\x3c\x2f\x63\x69\x72\x63\x6c\x65\x3e\x3c\x2f\x73\x76\x67\x3e\
\x00\x00\x01\x65\
\x3c\
\x73\x76\x67\x20\x78\x6d\x6c\x6e\x73\x3d\x22\x68\x74\x74\x70\x3a\
\x2f\x2f\x77\x77\x77\x2e\x77\x33\x2e\x6f\x72\x67\x2f\x32\x30\x30\
\x30\x2f\x73\x76\x67\x22\x20\x77\x69\x64\x74\x68\x3d\x22\x38\x30\
\x22\x20\x68\x65\x69\x67\x68\x74\x3d\x22\x38\x30\x22\x20\x76\x69\
\x65\x77\x42\x6f\x78\x3d\x22\x30\x20\x30\x20\x32\x34\x20\x32\x34\
\x22\x20\x66\x69\x6c\x6c\x3d\x22\x6e\x6f\x6e\x65\x22\x20\x73\x74\
\x72\x6f\x6b\x65\x3d\x22\x63\x75\x72\x72\x65\x6e\x74\x43\x6f\x6c\
\x6f\x72\x22\x20\x73\x74\x72\x6f\x6b\x65\x2d\x77\x69\x64\x74\x68\
\x3d\x22\x31\x2e\x35\x22\x20\x73\x74\x72\x6f\x6b\x65\x2d\x6c\x69\
\x6e\x65\x63\x61\x70\x3d\x22\x72\x6f\x75\x6e\x64\x22\x20\x73\x74\
\x72\x6f\x6b\x65\x2d\x6c\x69\x6e\x65\x6a\x6f\x69\x6e\x3d\x22\x72\
\x6f\x75\x6e\x64\x22\x20\x63\x6c\x61\x73\x73\x3d\x22\x66\x65\x61\
\x74\x68\x65\x72\x20\x66\x65\x61\x74\x68\x65\x72\x2d\x74\x61\x67\
\x22\x3e\x3c\x70\x61\x74\x68\x20\x64\x3d\x22\x4d\x32\x30\x2e\x35\
\x39\x20\x31\x33\x2e\x34\x31\x6c\x2d\x37\x2e\x31\x37\x20\x37\x2e\
\x31\x37\x61\x32\x20\x32\x20\x30\x20\x30\x20\x31\x2d\x32\x2e\x38\
\x33\x20\x30\x4c\x32\x20\x31\x32\x56\x32\x68\x31\x30\x6c\x38\x2e\
\x35\x39\x20\x38\x2e\x35\x39\x61\x32\x20\x32\x20\x30\x20\x30\x20\
\x31\x20\x30\x20\x32\x2e\x38\x32\x7a\x22\x3e\x3c\x2f\x70\x61\x74\
\x68\x3e\x3c\x6c\x69\x6e\x65\x20\x78\x31\x3d\x22\x37\x22\x20\x79\
\x31\x3d\x22\x37\x22\x20\x78\x32\x3d\x22\x37\x2e\x30\x31\x22\x20\
\x79\x32\x3d\x22\x37\x22\x3e\x3c\x2f\x6c\x69\x6e\x65\x3e\x3c\x2f\
\x73\x76\x67\x3e\
\x00\x00\x01\x97\
\x3c\
\x73\x76\x67\x20\x78\x6d\x6c\x6e\x73\x3d\x22\x68\x74\x74\x70\x3a\
\x2f\x2f\x77\x77\x77\x2e\x77\x33\x2e\x6f\x72\x67\x2f\x32\x30\x30\
\x30\x2f\x73\x76\x67\x22\x20\x77\x69\x64\x74\x68\x3d\x22\x38\x30\
\x22\x20\x68\x65\x69\x67\x68\x74\x3d\x22\x38\x30\x22\x20\x76\x69\
\x65\x77\x42\x6f\x78\x3d\x22\x30\x20\x30\x20\x32\x34\x20\x32\x34\
\x22\x20\x66\x69\x6c\x6c\x3d\x22\x6e\x6f\x6e\x65\x22\x20\x73\x74\
\x72\x6f\x6b\x65\x3d\x22\x63\x75\x72\x72\x65\x6e\x74\x43\x6f\x6c\
\x6f\x72\x22\x20\x73\x74\x72\x6f\x6b\x65\x2d\x77\x69\x64\x74\x68\
\x3d\x22\x31\x2e\x35\x22\x20\x73\x74\x72\x6f\x6b\x65\x2d\x6c\x69\
\x6e\x65\x63\x61\x70\x3d\x22\x72\x6f\x75\x6e\x64\x22\x20\x73\x74\
\x72\x6f\x6b\x65\x2d\x6c\x69\x6e\x65\x6a\x6f\x69\x6e\x3d\x22\x72\
\x6f\x75\x6e\x64\x22\x20\x63\x6c\x61\x73\x73\x3d\x22\x66\x65\x61\
\x74\x68\x65\x72\x20\x66\x65\x61\x74\x68\x65\x72\x2d\x69\x6e\x62\
\x6f\x78\x22\x3e\x3c\x70\x6f\x6c\x79\x6c\x69\x6e\x65\x20\x70\x6f\
\x69\x6e\x74\x73\x3d\x22\x32\x32\x20\x31\x32\x20\x31\x36\x20\x31\
\x32\x20\x31\x34\x20\x31\x35\x20\x31\x30\x20\x31\x35\x20\x38\x20\
\x31\x32\x20\x32\x20\x31\x32\x22\x3e\x3c\x2f\x70\x6f\x6c\x79\x6c\
\x69\x6e\x65\x3e\x3c\x70\x61\x74\x68\x20\x64\x3d\x22\x4d\x35\x2e\
\x34\x35\x20\x35\x2e\x31\x31\x4c\x32\x20\x31\x32\x76\x36\x61\x32\
\x20\x32\x20\x30\x20\x30\x20\x30\x20\x32\x20\x32\x68\x31\x36\x61\
\x32\x20\x32\x20\x30\x20\x30\x20\x30\x20\x32\x2d\x32\x76\x2d\x36\
\x6c\x2d\x33\x2e\x34\x35\x2d\x36\x2e\x38\x39\x41\x32\x20\x32\x20\
\x30\x20\x30\x20\x30\x20\x31\x36\x2e\x37\x36\x20\x34\x48\x37\x2e\
\x32\x34\x61\x32\x20\x32\x20\x30\x20\x30\x20\x30\x2d\x31\x2e\x37\
\x39\x20\x31\x2e\x31\x31\x7a\x22\x3e\x3c\x2f\x70\x61\x74\x68\x3e\
\x3c\x2f\x73\x76\x67\x3e\
\x00\x00\x02\x42\
\x3c\
\x73\x76\x67\x20\x78\x6d\x6c\x6e\x73\x3d\x22\x68\x74\x74\x70\x3a\
\x2f\x2f\x77\x77\x77\x2e\x77\x33\x2e\x6f\x72\x67\x2f\x32\x30\x30\
\x30\x2f\x73\x76\x67\x22\x20\x77\x69\x64\x74\x68\x3d\x22\x38\x30\
\x22\x20\x68\x65\x69\x67\x68\x74\x3d\x22\x38\x30\x22\x20\x76\x69\
\x65\x77\x42\x6f\x78\x3d\x22\x30\x20\x30\x20\x32\x34\x20\x32\x34\
\x22\x20\x66\x69\x6c\x6c\x3d\x22\x6e\x6f\x6e\x65\x22\x20\x73\x74\
\x72\x6f\x6b\x65\x3d\x22\x63\x75\x72\x72\x65\x6e\x74\x43\x6f\x6c\
\x6f\x72\x22\x20\x73\x74\x72\x6f\x6b\x65\x2d\x77\x69\x64\x74\x68\
\x3d\x22\x31\x2e\x35\x22\x20\x73\x74\x72\x6f\x6b\x65\x2d\x6c\x69\
\x6e\x65\x63\x61\x70\x3d\x22\x72\x6f\x75\x6e\x64\x22\x20\x73\x74\
\x72\x6f\x6b\x65\x2d\x6c\x69\x6e\x65\x6a\x6f\x69\x6e\x3d\x22\x72\
\x6f\x75\x6e\x64\x22\x20\x63\x6c\x61\x73\x73\x3d\x22\x66\x65\x61\
\x74\x68\x65\x72\x20\x66\x65\x61\x74\x68\x65\x72\x2d\x70\x68\x6f\
\x6e\x65\x2d\x63\x61\x6c\x6c\x22\x3e\x3c\x70\x61\x74\x68\x20\x64\
\x3d\x22\x4d\x31\x35\x2e\x30\x35\x20\x35\x41\x35\x20\x35\x20\x30\
\x20\x30\x20\x31\x20\x31\x39\x20\x38\x2e\x39\x35\x4d\x31\x35\x2e\
\x30\x35\x20\x31\x41\x39\x20\x39\x20\x30\x20\x30\x20\x31\x20\x32\
\x33\x20\x38\x2e\x39\x34\x6d\x2d\x31\x20\x37\x2e\x39\x38\x76\x33\
\x61\x32\x20\x32\x20\x30\x20\x30\x20\x31\x2d\x32\x2e\x31\x38\x20\
\x32\x20\x31\x39\x2e\x37\x39\x20\x31\x39\x2e\x37\x39\x20\x30\x20\
\x30\x20\x31\x2d\x38\x2e\x36\x33\x2d\x33\x2e\x30\x37\x20\x31\x39\
\x2e\x35\x20\x31\x39\x2e\x35\x20\x30\x20\x30\x20\x31\x2d\x36\x2d\
\x36\x20\x31\x39\x2e\x37\x39\x20\x31\x39\x2e\x37\x39\x20\x30\x20\
\x30\x20\x31\x2d\x33\x2e\x30\x37\x2d\x38\x2e\x36\x37\x41\x32\x20\
\x32\x20\x30\x20\x30\x20\x31\x20\x34\x2e\x31\x31\x20\x32\x68\x33\
\x61\x32\x20\x32\x20\x30\x20\x30\x20\x31\x20\x32\x20\x31\x2e\x37\
\x32\x20\x31\x32\x2e\x38\x34\x20\x31\x32\x2e\x38\x34\x20\x30\x20\
\x30\x20\x30\x20\x2e\x37\x20\x32\x2e\x38\x31\x20\x32\x20\x32\x20\
\x30\x20\x30\x20\x31\x2d\x2e\x34\x35\x20\x32\x2e\x31\x31\x4c\x38\
\x2e\x30\x39\x20\x39\x2e\x39\x31\x61\x31\x36\x20\x31\x36\x20\x30\
\x20\x30\x20\x30\x20\x36\x20\x36\x6c\x31\x2e\x32\x37\x2d\x31\x2e\
\x32\x37\x61\x32\x20\x32\x20\x30\x20\x30\x20\x31\x20\x32\x2e\x31\
\x31\x2d\x2e\x34\x35\x20\x31\x32\x2e\x38\x34\x20\x31\x32\x2e\x38\
\x34\x20\x30\x20\x30\x20\x30\x20\x32\x2e\x38\x31\x2e\x37\x41\x32\
\x20\x32\x20\x30\x20\x30\x20\x31\x20\x32\x32\x20\x31\x36\x2e\x39\
\x32\x7a\x22\x3e\x3c\x2f\x70\x61\x74\x68\x3e\x3c\x2f\x73\x76\x67\
\x3e\
\x00\x00\x01\x92\
\x3c\
\x73\x76\x67\x20\x78\x6d\x6c\x6e\x73\x3d\x22\x68\x74\x74\x70\x3a\
\x2f\x2f\x77\x77\x77\x2e\x77\x33\x2e\x6f\x72\x67\x2f\x32\x30\x30\
\x30\x2f\x73\x76\x67\x22\x20\x77\x69\x64\x74\x68\x3d\x22\x38\x30\
\x22\x20\x68\x65\x69\x67\x68\x74\x3d\x22\x38\x30\x22\x20\x76\x69\
\x65\x77\x42\x6f\x78\x3d\x22\x30\x20\x30\x20\x32\x34\x20\x32\x34\
\x22\x20\x66\x69\x6c\x6c\x3d\x22\x6e\x6f\x6e\x65\x22\x20\x73\x74\
\x72\x6f\x6b\x65\x3d\x22\x63\x75\x72\x72\x65\x6e\x74\x43\x6f\x6c\
\x6f\x72\x22\x20\x73\x74\x72\x6f\x6b\x65\x2d\x77\x69\x64\x74\x68\
\x3d\x22\x31\x2e\x35\x22\x20\x73\x74\x72\x6f\x6b\x65\x2d\x6c\x69\
\x6e\x65\x63\x61\x70\x3d\x22\x72\x6f\x75\x6e\x64\x22\x20\x73\x74\
\x72\x6f\x6b\x65\x2d\x6c\x69\x6e\x65\x6a\x6f\x69\x6e\x3d\x22\x72\
\x6f\x75\x6e\x64\x22\x20\x63\x6c\x61\x73\x73\x3d\x22\x66\x65\x61\
\x74\x68\x65\x72\x20\x66\x65\x61\x74\x68\x65\x72\x2d\x6c\x69\x6e\
\x6b\x65\x64\x69\x6e\x22\x3e\x3c\x70\x61\x74\x68\x20\x64\x3d\x22\
\x4d\x31\x36\x20\x38\x61\x36\x20\x36\x20\x30\x20\x30\x20\x31\x20\
\x36\x20\x36\x76\x37\x68\x2d\x34\x76\x2d\x37\x61\x32\x20\x32\x20\
\x30\x20\x30\x20\x30\x2d\x32\x2d\x32\x20\x32\x20\x32\x20\x30\x20\
\x30\x20\x30\x2d\x32\x20\x32\x76\x37\x68\x2d\x34\x76\x2d\x37\x61\
\x36\x20\x36\x20\x30\x20\x30\x20\x31\x20\x36\x2d\x36\x7a\x22\x3e\
\x3c\x2f\x70\x61\x74\x68\x3e\x3c\x72\x65\x63\x74\x20\x78\x3d\x22\
\x32\x22\x20\x79\x3d\x22\x39\x22\x20\x77\x69\x64\x74\x68\x3d\x22\
\x34\x22\x20\x68\x65\x69\x67\x68\x74\x3d\x22\x31\x32\x22\x3e\x3c\
\x2f\x72\x65\x63\x74\x3e\x3c\x63\x69\x72\x63\x6c\x65\x20\x63\x78\
\x3d\x22\x34\x22\x20\x63\x79\x3d\x22\x34\x22\x20\x72\x3d\x22\x32\
\x22\x3e\x3c\x2f\x63\x69\x72\x63\x6c\x65\x3e\x3c\x2f\x73\x76\x67\
\x3e\
\x00\x00\x01\xe3\
\x3c\
\x73\x76\x67\x20\x78\x6d\x6c\x6e\x73\x3d\x22\x68\x74\x74\x70\x3a\
\x2f\x2f\x77\x77\x77\x2e\x77\x33\x2e\x6f\x72\x67\x2f\x32\x30\x30\
\x30\x2f\x73\x76\x67\x22\x20\x77\x69\x64\x74\x68\x3d\x22\x38\x30\
\x22\x20\x68\x65\x69\x67\x68\x74\x3d\x22\x38\x30\x22\x20\x76\x69\
\x65\x77\x42\x6f\x78\x3d\x22\x30\x20\x30\x20\x32\x34\x20\x32\x34\
\x22\x20\x66\x69\x6c\x6c\x3d\x22\x6e\x6f\x6e\x65\x22\x20\x73\x74\
\x72\x6f\x6b\x65\x3d\x22\x63\x75\x72\x72\x65\x6e\x74\x43\x6f\x6c\
\x6f\x72\x22\x20\x73\x74\x72\x6f\x6b\x65\x2d\x77\x69\x64\x74\x68\
\x3d\x22\x31\x2e\x35\x22\x20\x73\x74\x72\x6f\x6b\x65\x2d\x6c\x69\
\x6e\x65\x63\x61\x70\x3d\x22\x72\x6f\x75\x6e\x64\x22\x20\x73\x74\
\x72\x6f\x6b\x65\x2d\x6c\x69\x6e\x65\x6a\x6f\x69\x6e\x3d\x22\x72\
\x6f\x75\x6e\x64\x22\x20\x63\x6c\x61\x73\x73\x3d\x22\x66\x65\x61\
\x74\x68\x65\x72\x20\x66\x65\x61\x74\x68\x65\x72\x2d\x67\x69\x66\
\x74\x22\x3e\x3c\x70\x6f\x6c\x79\x6c\x69\x6e\x65\x20\x70\x6f\x69\
\x6e\x74\x73\x3d\x22\x32\x30\x20\x31\x32\x20\x32\x30\x20\x32\x32\
\x20\x34\x20\x32\x32\x20\x34\x20\x31\x32\x22\x3e\x3c\x2f\x70\x6f\
\x6c\x79\x6c\x69\x6e\x65\x3e\x3c\x72\x65\x63\x74\x20\x78\x3d\x22\
\x32\x22\x20\x79\x3d\x22\x37\x22\x20\x77\x69\x64\x74\x68\x3d\x22\
\x32\x30\x22\x20\x68\x65\x69\x67\x68\x74\x3d\x22\x35\x22\x3e\x3c\
\x2f\x72\x65\x63\x74\x3e\x3c\x6c\x69\x6e\x65\x20\x78\x31\x3d\x22\
\x31\x32\x22\x20\x79\x31\x3d\x22\x32\x32\x22\x20\x78\x32\x3d\x22\
\x31\x32\x22\x20\x79\x32\x3d\x22\x37\x22\x3e\x3c\x2f\x6c\x69\x6e\
\x65\x3e\x3c\x70\x61\x74\x68\x20\x64\x3d\x22\x4d\x31\x32\x20\x37\
\x48\x37\x2e\x35\x61\x32\x2e\x35\x20\x32\x2e\x35\x20\x30\x20\x30\
\x20\x31\x20\x30\x2d\x35\x43\x31\x31\x20\x32\x20\x31\x32\x20\x37\
\x20\x31\x32\x20\x37\x7a\x22\x3e\x3c\x2f\x70\x61\x74\x68\x3e\x3c\
\x70\x61\x74\x68\x20\x64\x3d\x22\x4d\x31\x32\x20\x37\x68\x34\x2e\
\x35\x61\x32\x2e\x35\x20\x32\x2e\x35\x20\x30\x20\x30\x20\x30\x20\
\x30\x2d\x35\x43\x31\x33\x20\x32\x20\x31\x32\x20\x37\x20\x31\x32\
\x20\x37\x7a\x22\x3e\x3c\x2f\x70\x61\x74\x68\x3e\x3c\x2f\x73\x76\
\x67\x3e\
\x00\x00\x01\x41\
\x3c\
\x73\x76\x67\x20\x78\x6d\x6c\x6e\x73\x3d\x22\x68\x74\x74\x70\x3a\
\x2f\x2f\x77\x77\x77\x2e\x77\x33\x2e\x6f\x72\x67\x2f\x32\x30\x30\
\x30\x2f\x73\x76\x67\x22\x20\x77\x69\x64\x74\x68\x3d\x22\x38\x30\
\x22\x20\x68\x65\x69\x67\x68\x74\x3d\x22\x38\x30\x22\x20\x76\x69\
\x65\x77\x42\x6f\x78\x3d\x22\x30\x20\x30\x20\x32\x34\x20\x32\x34\
\x22\x20\x66\x69\x6c\x6c\x3d\x22\x6e\x6f\x6e\x65\x22\x20\x73\x74\
\x72\x6f\x6b\x65\x3d\x22\x63\x75\x72\x72\x65\x6e\x74\x43\x6f\x6c\
\x6f\x72\x22\x20\x73\x74\x72\x6f\x6b\x65\x2d\x77\x69\x64\x74\x68\
\x3d\x22\x31\x2e\x35\x22\x20\x73\x74\x72\x6f\x6b\x65\x2d\x6c\x69\
\x6e\x65\x63\x61\x70\x3d\x22\x72\x6f\x75\x6e\x64\x22\x20\x73\x74\
\x72\x6f\x6b\x65\x2d\x6c\x69\x6e\x65\x6a\x6f\x69\x6e\x3d\x22\x72\
\x6f\x75\x6e\x64\x22\x20\x63\x6c\x61\x73\x73\x3d\x22\x66\x65\x61\
\x74\x68\x65\x72\x20\x66\x65\x61\x74\x68\x65\x72\x2d\x72\x65\x77\
\x69\x6e\x64\x22\x3e\x3c\x70\x6f\x6c\x79\x67\x6f\x6e\x20\x70\x6f\
\x69\x6e\x74\x73\x3d\x22\x31\x31\x20\x31\x39\x20\x32\x20\x31\x32\
\x20\x31\x31\x20\x35\x20\x31\x31\x20\x31\x39\x22\x3e\x3c\x2f\x70\
\x6f\x6c\x79\x67\x6f\x6e\x3e\x3c\x70\x6f\x6c\x79\x67\x6f\x6e\x20\
\x70\x6f\x69\x6e\x74\x73\x3d\x22\x32\x32\x20\x31\x39\x20\x31\x33\
\x20\x31\x32\x20\x32\x32\x20\x35\x20\x32\x32\x20\x31\x39\x22\x3e\
\x3c\x2f\x70\x6f\x6c\x79\x67\x6f\x6e\x3e\x3c\x2f\x73\x76\x67\x3e\
\
\x00\x00\x02\x11\
\x3c\
\x73\x76\x67\x20\x78\x6d\x6c\x6e\x73\x3d\x22\x68\x74\x74\x70\x3a\
\x2f\x2f\x77\x77\x77\x2e\x77\x33\x2e\x6f\x72\x67\x2f\x32\x30\x30\
\x30\x2f\x73\x76\x67\x22\x20\x77\x69\x64\x74\x68\x3d\x22\x38\x30\
\x22\x20\x68\x65\x69\x67\x68\x74\x3d\x22\x38\x30\x22\x20\x76\x69\
\x65\x77\x42\x6f\x78\x3d\x22\x30\x20\x30\x20\x32\x34\x20\x32\x34\
\x22\x20\x66\x69\x6c\x6c\x3d\x22\x6e\x6f\x6e\x65\x22\x20\x73\x74\
\x72\x6f\x6b\x65\x3d\x22\x63\x75\x72\x72\x65\x6e\x74\x43\x6f\x6c\
\x6f\x72\x22\x20\x73\x74\x72\x6f\x6b\x65\x2d\x77\x69\x64\x74\x68\
\x3d\x22\x31\x2e\x35\x22\x20\x73\x74\x72\x6f\x6b\x65\x2d\x6c\x69\
\x6e\x65\x63\x61\x70\x3d\x22\x72\x6f\x75\x6e\x64\x22\x20\x73\x74\
\x72\x6f\x6b\x65\x2d\x6c\x69\x6e\x65\x6a\x6f\x69\x6e\x3d\x22\x72\
\x6f\x75\x6e\x64\x22\x20\x63\x6c\x61\x73\x73\x3d\x22\x66\x65\x61\
\x74\x68\x65\x72\x20\x66\x65\x61\x74\x68\x65\x72\x2d\x67\x69\x74\
\x68\x75\x62\x22\x3e\x3c\x70\x61\x74\x68\x20\x64\x3d\x22\x4d\x39\
\x20\x31\x39\x63\x2d\x35\x20\x31\x2e\x35\x2d\x35\x2d\x32\x2e\x35\
\x2d\x37\x2d\x33\x6d\x31\x34\x20\x36\x76\x2d\x33\x2e\x38\x37\x61\
\x33\x2e\x33\x37\x20\x33\x2e\x33\x37\x20\x30\x20\x30\x20\x30\x2d\
\x2e\x39\x34\x2d\x32\x2e\x36\x31\x63\x33\x2e\x31\x34\x2d\x2e\x33\
\x35\x20\x36\x2e\x34\x34\x2d\x31\x2e\x35\x34\x20\x36\x2e\x34\x34\
\x2d\x37\x41\x35\x2e\x34\x34\x20\x35\x2e\x34\x34\x20\x30\x20\x30\
\x20\x30\x20\x32\x30\x20\x34\x2e\x37\x37\x20\x35\x2e\x30\x37\x20\
\x35\x2e\x30\x37\x20\x30\x20\x30\x20\x30\x20\x31\x39\x2e\x39\x31\
\x20\x31\x53\x31\x38\x2e\x37\x33\x2e\x36\x35\x20\x31\x36\x20\x32\
\x2e\x34\x38\x61\x31\x33\x2e\x33\x38\x20\x31\x33\x2e\x33\x38\x20\
\x30\x20\x30\x20\x30\x2d\x37\x20\x30\x43\x36\x2e\x32\x37\x2e\x36\
\x35\x20\x35\x2e\x30\x39\x20\x31\x20\x35\x2e\x30\x39\x20\x31\x41\
\x35\x2e\x30\x37\x20\x35\x2e\x30\x37\x20\x30\x20\x30\x20\x30\x20\
\x35\x20\x34\x2e\x37\x37\x61\x35\x2e\x34\x34\x20\x35\x2e\x34\x34\
\x20\x30\x20\x30\x20\x30\x2d\x31\x2e\x35\x20\x33\x2e\x37\x38\x63\
\x30\x20\x35\x2e\x34\x32\x20\x33\x2e\x33\x20\x36\x2e\x36\x31\x20\
\x36\x2e\x34\x34\x20\x37\x41\x33\x2e\x33\x37\x20\x33\x2e\x33\x37\
\x20\x30\x20\x30\x20\x30\x20\x39\x20\x31\x38\x2e\x31\x33\x56\x32\
\x32\x22\x3e\x3c\x2f\x70\x61\x74\x68\x3e\x3c\x2f\x73\x76\x67\x3e\
\
\x00\x00\x02\x3a\
\x3c\
\x73\x76\x67\x20\x78\x6d\x6c\x6e\x73\x3d\x22\x68\x74\x74\x70\x3a\
\x2f\x2f\x77\x77\x77\x2e\x77\x33\x2e\x6f\x72\x67\x2f\x32\x30\x30\
\x30\x2f\x73\x76\x67\x22\x20\x77\x69\x64\x74\x68\x3d\x22\x38\x30\
\x22\x20\x68\x65\x69\x67\x68\x74\x3d\x22\x38\x30\x22\x20\x76\x69\
\x65\x77\x42\x6f\x78\x3d\x22\x30\x20\x30\x20\x32\x34\x20\x32\x34\
\x22\x20\x66\x69\x6c\x6c\x3d\x22\x6e\x6f\x6e\x65\x22\x20\x73\x74\
\x72\x6f\x6b\x65\x3d\x22\x63\x75\x72\x72\x65\x6e\x74\x43\x6f\x6c\
\x6f\x72\x22\x20\x73\x74\x72\x6f\x6b\x65\x2d\x77\x69\x64\x74\x68\
\x3d\x22\x31\x2e\x35\x22\x20\x73\x74\x72\x6f\x6b\x65\x2d\x6c\x69\
\x6e\x65\x63\x61\x70\x3d\x22\x72\x6f\x75\x6e\x64\x22\x20\x73\x74\
\x72\x6f\x6b\x65\x2d\x6c\x69\x6e\x65\x6a\x6f\x69\x6e\x3d\x22\x72\
\x6f\x75\x6e\x64\x22\x20\x63\x6c\x61\x73\x73\x3d\x22\x66\x65\x61\
\x74\x68\x65\x72\x20\x66\x65\x61\x74\x68\x65\x72\x2d\x61\x70\x65\
\x72\x74\x75\x72\x65\x22\x3e\x3c\x63\x69\x72\x63\x6c\x65\x20\x63\
\x78\x3d\x22\x31\x32\x22\x20\x63\x79\x3d\x22\x31\x32\x22\x20\x72\
\x3d\x22\x31\x30\x22\x3e\x3c\x2f\x63\x69\x72\x63\x6c\x65\x3e\x3c\
\x6c\x69\x6e\x65\x20\x78\x31\x3d\x22\x31\x34\x2e\x33\x31\x22\x20\
\x79\x31\x3d\x22\x38\x22\x20\x78\x32\x3d\x22\x32\x30\x2e\x30\x35\
\x22\x20\x79\x32\x3d\x22\x31\x37\x2e\x39\x34\x22\x3e\x3c\x2f\x6c\
\x69\x6e\x65\x3e\x3c\x6c\x69\x6e\x65\x20\x78\x31\x3d\x22\x39\x2e\
\x36\x39\x22\x20\x79\x31\x3d\x22\x38\x22\x20\x78\x32\x3d\x22\x32\
\x31\x2e\x31\x37\x22\x20\x79\x32\x3d\x22\x38\x22\x3e\x3c\x2f\x6c\
\x69\x6e\x65\x3e\x3c\x6c\x69\x6e\x65\x20\x78\x31\x3d\x22\x37\x2e\
\x33\x38\x22\x20\x79\x31\x3d\x22\x31\x32\x22\x20\x78\x32\x3d\x22\
\x31\x33\x2e\x31\x32\x22\x20\x79\x32\x3d\x22\x32\x2e\x30\x36\x22\
\x3e\x3c\x2f\x6c\x69\x6e\x65\x3e\x3c\x6c\x69\x6e\x65\x20\x78\x31\
\x3d\x22\x39\x2e\x36\x39\x22\x20\x79\x31\x3d\x22\x31\x36\x22\x20\
\x78\x32\x3d\x22\x33\x2e\x39\x35\x22\x20\x79\x32\x3d\x22\x36\x2e\
\x30\x36\x22\x3e\x3c\x2f\x6c\x69\x6e\x65\x3e\x3c\x6c\x69\x6e\x65\
\x20\x78\x31\x3d\x22\x31\x34\x2e\x33\x31\x22\x20\x79\x31\x3d\x22\
\x31\x36\x22\x20\x78\x32\x3d\x22\x32\x2e\x38\x33\x22\x20\x79\x32\
\x3d\x22\x31\x36\x22\x3e\x3c\x2f\x6c\x69\x6e\x65\x3e\x3c\x6c\x69\
\x6e\x65\x20\x78\x31\x3d\x22\x31\x36\x2e\x36\x32\x22\x20\x79\x31\
\x3d\x22\x31\x32\x22\x20\x78\x32\x3d\x22\x31\x30\x2e\x38\x38\x22\
\x20\x79\x32\x3d\x22\x32\x31\x2e\x39\x34\x22\x3e\x3c\x2f\x6c\x69\
\x6e\x65\x3e\x3c\x2f\x73\x76\x67\x3e\
\x00\x00\x01\x39\
\x3c\
\x73\x76\x67\x20\x78\x6d\x6c\x6e\x73\x3d\x22\x68\x74\x74\x70\x3a\
\x2f\x2f\x77\x77\x77\x2e\x77\x33\x2e\x6f\x72\x67\x2f\x32\x30\x30\
\x30\x2f\x73\x76\x67\x22\x20\x77\x69\x64\x74\x68\x3d\x22\x38\x30\
\x22\x20\x68\x65\x69\x67\x68\x74\x3d\x22\x38\x30\x22\x20\x76\x69\
\x65\x77\x42\x6f\x78\x3d\x22\x30\x20\x30\x20\x32\x34\x20\x32\x34\
\x22\x20\x66\x69\x6c\x6c\x3d\x22\x6e\x6f\x6e\x65\x22\x20\x73\x74\
\x72\x6f\x6b\x65\x3d\x22\x63\x75\x72\x72\x65\x6e\x74\x43\x6f\x6c\
\x6f\x72\x22\x20\x73\x74\x72\x6f\x6b\x65\x2d\x77\x69\x64\x74\x68\
\x3d\x22\x31\x2e\x35\x22\x20\x73\x74\x72\x6f\x6b\x65\x2d\x6c\x69\
\x6e\x65\x63\x61\x70\x3d\x22\x72\x6f\x75\x6e\x64\x22\x20\x73\x74\
\x72\x6f\x6b\x65\x2d\x6c\x69\x6e\x65\x6a\x6f\x69\x6e\x3d\x22\x72\
\x6f\x75\x6e\x64\x22\x20\x63\x6c\x61\x73\x73\x3d\x22\x66\x65\x61\
\x74\x68\x65\x72\x20\x66\x65\x61\x74\x68\x65\x72\x2d\x66\x6f\x6c\
\x64\x65\x72\x22\x3e\x3c\x70\x61\x74\x68\x20\x64\x3d\x22\x4d\x32\
\x32\x20\x31\x39\x61\x32\x20\x32\x20\x30\x20\x30\x20\x31\x2d\x32\
\x20\x32\x48\x34\x61\x32\x20\x32\x20\x30\x20\x30\x20\x31\x2d\x32\
\x2d\x32\x56\x35\x61\x32\x20\x32\x20\x30\x20\x30\x20\x31\x20\x32\
\x2d\x32\x68\x35\x6c\x32\x20\x33\x68\x39\x61\x32\x20\x32\x20\x30\
\x20\x30\x20\x31\x20\x32\x20\x32\x7a\x22\x3e\x3c\x2f\x70\x61\x74\
\x68\x3e\x3c\x2f\x73\x76\x67\x3e\
\x00\x00\x01\x3b\
\x3c\
\x73\x76\x67\x20\x78\x6d\x6c\x6e\x73\x3d\x22\x68\x74\x74\x70\x3a\
\x2f\x2f\x77\x77\x77\x2e\x77\x33\x2e\x6f\x72\x67\x2f\x32\x30\x30\
\x30\x2f\x73\x76\x67\x22\x20\x77\x69\x64\x74\x68\x3d\x22\x38\x30\
\x22\x20\x68\x65\x69\x67\x68\x74\x3d\x22\x38\x30\x22\x20\x76\x69\
\x65\x77\x42\x6f\x78\x3d\x22\x30\x20\x30\x20\x32\x34\x20\x32\x34\
\x22\x20\x66\x69\x6c\x6c\x3d\x22\x6e\x6f\x6e\x65\x22\x20\x73\x74\
\x72\x6f\x6b\x65\x3d\x22\x63\x75\x72\x72\x65\x6e\x74\x43\x6f\x6c\
\x6f\x72\x22\x20\x73\x74\x72\x6f\x6b\x65\x2d\x77\x69\x64\x74\x68\
\x3d\x22\x31\x2e\x35\x22\x20\x73\x74\x72\x6f\x6b\x65\x2d\x6c\x69\
\x6e\x65\x63\x61\x70\x3d\x22\x72\x6f\x75\x6e\x64\x22\x20\x73\x74\
\x72\x6f\x6b\x65\x2d\x6c\x69\x6e\x65\x6a\x6f\x69\x6e\x3d\x22\x72\
\x6f\x75\x6e\x64\x22\x20\x63\x6c\x61\x73\x73\x3d\x22\x66\x65\x61\
\x74\x68\x65\x72\x20\x66\x65\x61\x74\x68\x65\x72\x2d\x61\x72\x72\
\x6f\x77\x2d\x64\x6f\x77\x6e\x22\x3e\x3c\x6c\x69\x6e\x65\x20\x78\
\x31\x3d\x22\x31\x32\x22\x20\x79\x31\x3d\x22\x35\x22\x20\x78\x32\
\x3d\x22\x31\x32\x22\x20\x79\x32\x3d\x22\x31\x39\x22\x3e\x3c\x2f\
\x6c\x69\x6e\x65\x3e\x3c\x70\x6f\x6c\x79\x6c\x69\x6e\x65\x20\x70\
\x6f\x69\x6e\x74\x73\x3d\x22\x31\x39\x20\x31\x32\x20\x31\x32\x20\
\x31\x39\x20\x35\x20\x31\x32\x22\x3e\x3c\x2f\x70\x6f\x6c\x79\x6c\
\x69\x6e\x65\x3e\x3c\x2f\x73\x76\x67\x3e\
\x00\x00\x01\x74\
\x3c\
\x73\x76\x67\x20\x78\x6d\x6c\x6e\x73\x3d\x22\x68\x74\x74\x70\x3a\
\x2f\x2f\x77\x77\x77\x2e\x77\x33\x2e\x6f\x72\x67\x2f\x32\x30\x30\
\x30\x2f\x73\x76\x67\x22\x20\x77\x69\x64\x74\x68\x3d\x22\x38\x30\
\x22\x20\x68\x65\x69\x67\x68\x74\x3d\x22\x38\x30\x22\x20\x76\x69\
\x65\x77\x42\x6f\x78\x3d\x22\x30\x20\x30\x20\x32\x34\x20\x32\x34\
\x22\x20\x66\x69\x6c\x6c\x3d\x22\x6e\x6f\x6e\x65\x22\x20\x73\x74\
\x72\x6f\x6b\x65\x3d\x22\x63\x75\x72\x72\x65\x6e\x74\x43\x6f\x6c\
\x6f\x72\x22\x20\x73\x74\x72\x6f\x6b\x65\x2d\x77\x69\x64\x74\x68\
\x3d\x22\x31\x2e\x35\x22\x20\x73\x74\x72\x6f\x6b\x65\x2d\x6c\x69\
\x6e\x65\x63\x61\x70\x3d\x22\x72\x6f\x75\x6e\x64\x22\x20\x73\x74\
\x72\x6f\x6b\x65\x2d\x6c\x69\x6e\x65\x6a\x6f\x69\x6e\x3d\x22\x72\
\x6f\x75\x6e\x64\x22\x20\x63\x6c\x61\x73\x73\x3d\x22\x66\x65\x61\
\x74\x68\x65\x72\x20\x66\x65\x61\x74\x68\x65\x72\x2d\x6d\x6f\x6e\
\x69\x74\x6f\x72\x22\x3e\x3c\x72\x65\x63\x74\x20\x78\x3d\x22\x32\
\x22\x20\x79\x3d\x22\x33\x22\x20\x77\x69\x64\x74\x68\x3d\x22\x32\
\x30\x22\x20\x68\x65\x69\x67\x68\x74\x3d\x22\x31\x34\x22\x20\x72\
\x78\x3d\x22\x32\x22\x20\x72\x79\x3d\x22\x32\x22\x3e\x3c\x2f\x72\
\x65\x63\x74\x3e\x3c\x6c\x69\x6e\x65\x20\x78\x31\x3d\x22\x38\x22\
\x20\x79\x31\x3d\x22\x32\x31\x22\x20\x78\x32\x3d\x22\x31\x36\x22\
\x20\x79\x32\x3d\x22\x32\x31\x22\x3e\x3c\x2f\x6c\x69\x6e\x65\x3e\
\x3c\x6c\x69\x6e\x65\x20\x78\x31\x3d\x22\x31\x32\x22\x20\x79\x31\
\x3d\x22\x31\x37\x22\x20\x78\x32\x3d\x22\x31\x32\x22\x20\x79\x32\
\x3d\x22\x32\x31\x22\x3e\x3c\x2f\x6c\x69\x6e\x65\x3e\x3c\x2f\x73\
\x76\x67\x3e\
\x00\x00\x01\x6e\
\x3c\
\x73\x76\x67\x20\x78\x6d\x6c\x6e\x73\x3d\x22\x68\x74\x74\x70\x3a\
\x2f\x2f\x77\x77\x77\x2e\x77\x33\x2e\x6f\x72\x67\x2f\x32\x30\x30\
\x30\x2f\x73\x76\x67\x22\x20\x77\x69\x64\x74\x68\x3d\x22\x38\x30\
\x22\x20\x68\x65\x69\x67\x68\x74\x3d\x22\x38\x30\x22\x20\x76\x69\
\x65\x77\x42\x6f\x78\x3d\x22\x30\x20\x30\x20\x32\x34\x20\x32\x34\
\x22\x20\x66\x69\x6c\x6c\x3d\x22\x6e\x6f\x6e\x65\x22\x20\x73\x74\
\x72\x6f\x6b\x65\x3d\x22\x63\x75\x72\x72\x65\x6e\x74\x43\x6f\x6c\
\x6f\x72\x22\x20\x73\x74\x72\x6f\x6b\x65\x2d\x77\x69\x64\x74\x68\
\x3d\x22\x31\x2e\x35\x22\x20\x73\x74\x72\x6f\x6b\x65\x2d\x6c\x69\
\x6e\x65\x63\x61\x70\x3d\x22\x72\x6f\x75\x6e\x64\x22\x20\x73\x74\
\x72\x6f\x6b\x65\x2d\x6c\x69\x6e\x65\x6a\x6f\x69\x6e\x3d\x22\x72\
\x6f\x75\x6e\x64\x22\x20\x63\x6c\x61\x73\x73\x3d\x22\x66\x65\x61\
\x74\x68\x65\x72\x20\x66\x65\x61\x74\x68\x65\x72\x2d\x6c\x61\x79\
\x6f\x75\x74\x22\x3e\x3c\x72\x65\x63\x74\x20\x78\x3d\x22\x33\x22\
\x20\x79\x3d\x22\x33\x22\x20\x77\x69\x64\x74\x68\x3d\x22\x31\x38\
\x22\x20\x68\x65\x69\x67\x68\x74\x3d\x22\x31\x38\x22\x20\x72\x78\
\x3d\x22\x32\x22\x20\x72\x79\x3d\x22\x32\x22\x3e\x3c\x2f\x72\x65\
\x63\x74\x3e\x3c\x6c\x69\x6e\x65\x20\x78\x31\x3d\x22\x33\x22\x20\
\x79\x31\x3d\x22\x39\x22\x20\x78\x32\x3d\x22\x32\x31\x22\x20\x79\
\x32\x3d\x22\x39\x22\x3e\x3c\x2f\x6c\x69\x6e\x65\x3e\x3c\x6c\x69\
\x6e\x65\x20\x78\x31\x3d\x22\x39\x22\x20\x79\x31\x3d\x22\x32\x31\
\x22\x20\x78\x32\x3d\x22\x39\x22\x20\x79\x32\x3d\x22\x39\x22\x3e\
\x3c\x2f\x6c\x69\x6e\x65\x3e\x3c\x2f\x73\x76\x67\x3e\
\x00\x00\x01\x98\
\x3c\
\x73\x76\x67\x20\x78\x6d\x6c\x6e\x73\x3d\x22\x68\x74\x74\x70\x3a\
\x2f\x2f\x77\x77\x77\x2e\x77\x33\x2e\x6f\x72\x67\x2f\x32\x30\x30\
\x30\x2f\x73\x76\x67\x22\x20\x77\x69\x64\x74\x68\x3d\x22\x38\x30\
\x22\x20\x68\x65\x69\x67\x68\x74\x3d\x22\x38\x30\x22\x20\x76\x69\
\x65\x77\x42\x6f\x78\x3d\x22\x30\x20\x30\x20\x32\x34\x20\x32\x34\
\x22\x20\x66\x69\x6c\x6c\x3d\x22\x6e\x6f\x6e\x65\x22\x20\x73\x74\
\x72\x6f\x6b\x65\x3d\x22\x63\x75\x72\x72\x65\x6e\x74\x43\x6f\x6c\
\x6f\x72\x22\x20\x73\x74\x72\x6f\x6b\x65\x2d\x77\x69\x64\x74\x68\
\x3d\x22\x31\x2e\x35\x22\x20\x73\x74\x72\x6f\x6b\x65\x2d\x6c\x69\
\x6e\x65\x63\x61\x70\x3d\x22\x72\x6f\x75\x6e\x64\x22\x20\x73\x74\
\x72\x6f\x6b\x65\x2d\x6c\x69\x6e\x65\x6a\x6f\x69\x6e\x3d\x22\x72\
\x6f\x75\x6e\x64\x22\x20\x63\x6c\x61\x73\x73\x3d\x22\x66\x65\x61\
\x74\x68\x65\x72\x20\x66\x65\x61\x74\x68\x65\x72\x2d\x78\x2d\x6f\
\x63\x74\x61\x67\x6f\x6e\x22\x3e\x3c\x70\x6f\x6c\x79\x67\x6f\x6e\
\x20\x70\x6f\x69\x6e\x74\x73\x3d\x22\x37\x2e\x38\x36\x20\x32\x20\
\x31\x36\x2e\x31\x34\x20\x32\x20\x32\x32\x20\x37\x2e\x38\x36\x20\
\x32\x32\x20\x31\x36\x2e\x31\x34\x20\x31\x36\x2e\x31\x34\x20\x32\
\x32\x20\x37\x2e\x38\x36\x20\x32\x32\x20\x32\x20\x31\x36\x2e\x31\
\x34\x20\x32\x20\x37\x2e\x38\x36\x20\x37\x2e\x38\x36\x20\x32\x22\
\x3e\x3c\x2f\x70\x6f\x6c\x79\x67\x6f\x6e\x3e\x3c\x6c\x69\x6e\x65\
\x20\x78\x31\x3d\x22\x31\x35\x22\x20\x79\x31\x3d\x22\x39\x22\x20\
\x78\x32\x3d\x22\x39\x22\x20\x79\x32\x3d\x22\x31\x35\x22\x3e\x3c\
\x2f\x6c\x69\x6e\x65\x3e\x3c\x6c\x69\x6e\x65\x20\x78\x31\x3d\x22\
\x39\x22\x20\x79\x31\x3d\x22\x39\x22\x20\x78\x32\x3d\x22\x31\x35\
\x22\x20\x79\x32\x3d\x22\x31\x35\x22\x3e\x3c\x2f\x6c\x69\x6e\x65\
\x3e\x3c\x2f\x73\x76\x67\x3e\
\x00\x00\x01\x78\
\x3c\
\x73\x76\x67\x20\x78\x6d\x6c\x6e\x73\x3d\x22\x68\x74\x74\x70\x3a\
\x2f\x2f\x77\x77\x77\x2e\x77\x33\x2e\x6f\x72\x67\x2f\x32\x30\x30\
\x30\x2f\x73\x76\x67\x22\x20\x77\x69\x64\x74\x68\x3d\x22\x38\x30\
\x22\x20\x68\x65\x69\x67\x68\x74\x3d\x22\x38\x30\x22\x20\x76\x69\
\x65\x77\x42\x6f\x78\x3d\x22\x30\x20\x30\x20\x32\x34\x20\x32\x34\
\x22\x20\x66\x69\x6c\x6c\x3d\x22\x6e\x6f\x6e\x65\x22\x20\x73\x74\
\x72\x6f\x6b\x65\x3d\x22\x63\x75\x72\x72\x65\x6e\x74\x43\x6f\x6c\
\x6f\x72\x22\x20\x73\x74\x72\x6f\x6b\x65\x2d\x77\x69\x64\x74\x68\
\x3d\x22\x31\x2e\x35\x22\x20\x73\x74\x72\x6f\x6b\x65\x2d\x6c\x69\
\x6e\x65\x63\x61\x70\x3d\x22\x72\x6f\x75\x6e\x64\x22\x20\x73\x74\
\x72\x6f\x6b\x65\x2d\x6c\x69\x6e\x65\x6a\x6f\x69\x6e\x3d\x22\x72\
\x6f\x75\x6e\x64\x22\x20\x63\x6c\x61\x73\x73\x3d\x22\x66\x65\x61\
\x74\x68\x65\x72\x20\x66\x65\x61\x74\x68\x65\x72\x2d\x64\x65\x6c\
\x65\x74\x65\x22\x3e\x3c\x70\x61\x74\x68\x20\x64\x3d\x22\x4d\x32\
\x31\x20\x34\x48\x38\x6c\x2d\x37\x20\x38\x20\x37\x20\x38\x68\x31\
\x33\x61\x32\x20\x32\x20\x30\x20\x30\x20\x30\x20\x32\x2d\x32\x56\
\x36\x61\x32\x20\x32\x20\x30\x20\x30\x20\x30\x2d\x32\x2d\x32\x7a\
\x22\x3e\x3c\x2f\x70\x61\x74\x68\x3e\x3c\x6c\x69\x6e\x65\x20\x78\
\x31\x3d\x22\x31\x38\x22\x20\x79\x31\x3d\x22\x39\x22\x20\x78\x32\
\x3d\x22\x31\x32\x22\x20\x79\x32\x3d\x22\x31\x35\x22\x3e\x3c\x2f\
\x6c\x69\x6e\x65\x3e\x3c\x6c\x69\x6e\x65\x20\x78\x31\x3d\x22\x31\
\x32\x22\x20\x79\x31\x3d\x22\x39\x22\x20\x78\x32\x3d\x22\x31\x38\
\x22\x20\x79\x32\x3d\x22\x31\x35\x22\x3e\x3c\x2f\x6c\x69\x6e\x65\
\x3e\x3c\x2f\x73\x76\x67\x3e\
\x00\x00\x01\x56\
\x3c\
\x73\x76\x67\x20\x78\x6d\x6c\x6e\x73\x3d\x22\x68\x74\x74\x70\x3a\
\x2f\x2f\x77\x77\x77\x2e\x77\x33\x2e\x6f\x72\x67\x2f\x32\x30\x30\
\x30\x2f\x73\x76\x67\x22\x20\x77\x69\x64\x74\x68\x3d\x22\x38\x30\
\x22\x20\x68\x65\x69\x67\x68\x74\x3d\x22\x38\x30\x22\x20\x76\x69\
\x65\x77\x42\x6f\x78\x3d\x22\x30\x20\x30\x20\x32\x34\x20\x32\x34\
\x22\x20\x66\x69\x6c\x6c\x3d\x22\x6e\x6f\x6e\x65\x22\x20\x73\x74\
\x72\x6f\x6b\x65\x3d\x22\x63\x75\x72\x72\x65\x6e\x74\x43\x6f\x6c\
\x6f\x72\x22\x20\x73\x74\x72\x6f\x6b\x65\x2d\x77\x69\x64\x74\x68\
\x3d\x22\x31\x2e\x35\x22\x20\x73\x74\x72\x6f\x6b\x65\x2d\x6c\x69\
\x6e\x65\x63\x61\x70\x3d\x22\x72\x6f\x75\x6e\x64\x22\x20\x73\x74\
\x72\x6f\x6b\x65\x2d\x6c\x69\x6e\x65\x6a\x6f\x69\x6e\x3d\x22\x72\
\x6f\x75\x6e\x64\x22\x20\x63\x6c\x61\x73\x73\x3d\x22\x66\x65\x61\
\x74\x68\x65\x72\x20\x66\x65\x61\x74\x68\x65\x72\x2d\x74\x61\x62\
\x6c\x65\x22\x3e\x3c\x70\x61\x74\x68\x20\x64\x3d\x22\x4d\x39\x20\
\x33\x48\x35\x61\x32\x20\x32\x20\x30\x20\x30\x20\x30\x2d\x32\x20\
\x32\x76\x34\x6d\x36\x2d\x36\x68\x31\x30\x61\x32\x20\x32\x20\x30\
\x20\x30\x20\x31\x20\x32\x20\x32\x76\x34\x4d\x39\x20\x33\x76\x31\
\x38\x6d\x30\x20\x30\x68\x31\x30\x61\x32\x20\x32\x20\x30\x20\x30\
\x20\x30\x20\x32\x2d\x32\x56\x39\x4d\x39\x20\x32\x31\x48\x35\x61\
\x32\x20\x32\x20\x30\x20\x30\x20\x31\x2d\x32\x2d\x32\x56\x39\x6d\
\x30\x20\x30\x68\x31\x38\x22\x3e\x3c\x2f\x70\x61\x74\x68\x3e\x3c\
\x2f\x73\x76\x67\x3e\
\x00\x00\x01\x40\
\x3c\
\x73\x76\x67\x20\x78\x6d\x6c\x6e\x73\x3d\x22\x68\x74\x74\x70\x3a\
\x2f\x2f\x77\x77\x77\x2e\x77\x33\x2e\x6f\x72\x67\x2f\x32\x30\x30\
\x30\x2f\x73\x76\x67\x22\x20\x77\x69\x64\x74\x68\x3d\x22\x38\x30\
\x22\x20\x68\x65\x69\x67\x68\x74\x3d\x22\x38\x30\x22\x20\x76\x69\
\x65\x77\x42\x6f\x78\x3d\x22\x30\x20\x30\x20\x32\x34\x20\x32\x34\
\x22\x20\x66\x69\x6c\x6c\x3d\x22\x6e\x6f\x6e\x65\x22\x20\x73\x74\
\x72\x6f\x6b\x65\x3d\x22\x63\x75\x72\x72\x65\x6e\x74\x43\x6f\x6c\
\x6f\x72\x22\x20\x73\x74\x72\x6f\x6b\x65\x2d\x77\x69\x64\x74\x68\
\x3d\x22\x31\x2e\x35\x22\x20\x73\x74\x72\x6f\x6b\x65\x2d\x6c\x69\
\x6e\x65\x63\x61\x70\x3d\x22\x72\x6f\x75\x6e\x64\x22\x20\x73\x74\
\x72\x6f\x6b\x65\x2d\x6c\x69\x6e\x65\x6a\x6f\x69\x6e\x3d\x22\x72\
\x6f\x75\x6e\x64\x22\x20\x63\x6c\x61\x73\x73\x3d\x22\x66\x65\x61\
\x74\x68\x65\x72\x20\x66\x65\x61\x74\x68\x65\x72\x2d\x63\x6f\x72\
\x6e\x65\x72\x2d\x72\x69\x67\x68\x74\x2d\x64\x6f\x77\x6e\x22\x3e\
\x3c\x70\x6f\x6c\x79\x6c\x69\x6e\x65\x20\x70\x6f\x69\x6e\x74\x73\
\x3d\x22\x31\x30\x20\x31\x35\x20\x31\x35\x20\x32\x30\x20\x32\x30\
\x20\x31\x35\x22\x3e\x3c\x2f\x70\x6f\x6c\x79\x6c\x69\x6e\x65\x3e\
\x3c\x70\x61\x74\x68\x20\x64\x3d\x22\x4d\x34\x20\x34\x68\x37\x61\
\x34\x20\x34\x20\x30\x20\x30\x20\x31\x20\x34\x20\x34\x76\x31\x32\
\x22\x3e\x3c\x2f\x70\x61\x74\x68\x3e\x3c\x2f\x73\x76\x67\x3e\
\x00\x00\x01\x1c\
\x3c\
\x73\x76\x67\x20\x78\x6d\x6c\x6e\x73\x3d\x22\x68\x74\x74\x70\x3a\
\x2f\x2f\x77\x77\x77\x2e\x77\x33\x2e\x6f\x72\x67\x2f\x32\x30\x30\
\x30\x2f\x73\x76\x67\x22\x20\x77\x69\x64\x74\x68\x3d\x22\x38\x30\
\x22\x20\x68\x65\x69\x67\x68\x74\x3d\x22\x38\x30\x22\x20\x76\x69\
\x65\x77\x42\x6f\x78\x3d\x22\x30\x20\x30\x20\x32\x34\x20\x32\x34\
\x22\x20\x66\x69\x6c\x6c\x3d\x22\x6e\x6f\x6e\x65\x22\x20\x73\x74\
\x72\x6f\x6b\x65\x3d\x22\x63\x75\x72\x72\x65\x6e\x74\x43\x6f\x6c\
\x6f\x72\x22\x20\x73\x74\x72\x6f\x6b\x65\x2d\x77\x69\x64\x74\x68\
\x3d\x22\x31\x2e\x35\x22\x20\x73\x74\x72\x6f\x6b\x65\x2d\x6c\x69\
\x6e\x65\x63\x61\x70\x3d\x22\x72\x6f\x75\x6e\x64\x22\x20\x73\x74\
\x72\x6f\x6b\x65\x2d\x6c\x69\x6e\x65\x6a\x6f\x69\x6e\x3d\x22\x72\
\x6f\x75\x6e\x64\x22\x20\x63\x6c\x61\x73\x73\x3d\x22\x66\x65\x61\
\x74\x68\x65\x72\x20\x66\x65\x61\x74\x68\x65\x72\x2d\x61\x63\x74\
\x69\x76\x69\x74\x79\x22\x3e\x3c\x70\x6f\x6c\x79\x6c\x69\x6e\x65\
\x20\x70\x6f\x69\x6e\x74\x73\x3d\x22\x32\x32\x20\x31\x32\x20\x31\
\x38\x20\x31\x32\x20\x31\x35\x20\x32\x31\x20\x39\x20\x33\x20\x36\
\x20\x31\x32\x20\x32\x20\x31\x32\x22\x3e\x3c\x2f\x70\x6f\x6c\x79\
\x6c\x69\x6e\x65\x3e\x3c\x2f\x73\x76\x67\x3e\
\x00\x00\x02\x9d\
\x3c\
\x73\x76\x67\x20\x78\x6d\x6c\x6e\x73\x3d\x22\x68\x74\x74\x70\x3a\
\x2f\x2f\x77\x77\x77\x2e\x77\x33\x2e\x6f\x72\x67\x2f\x32\x30\x30\
\x30\x2f\x73\x76\x67\x22\x20\x77\x69\x64\x74\x68\x3d\x22\x38\x30\
\x22\x20\x68\x65\x69\x67\x68\x74\x3d\x22\x38\x30\x22\x20\x76\x69\
\x65\x77\x42\x6f\x78\x3d\x22\x30\x20\x30\x20\x32\x34\x20\x32\x34\
\x22\x20\x66\x69\x6c\x6c\x3d\x22\x6e\x6f\x6e\x65\x22\x20\x73\x74\
\x72\x6f\x6b\x65\x3d\x22\x63\x75\x72\x72\x65\x6e\x74\x43\x6f\x6c\
\x6f\x72\x22\x20\x73\x74\x72\x6f\x6b\x65\x2d\x77\x69\x64\x74\x68\
\x3d\x22\x31\x2e\x35\x22\x20\x73\x74\x72\x6f\x6b\x65\x2d\x6c\x69\
\x6e\x65\x63\x61\x70\x3d\x22\x72\x6f\x75\x6e\x64\x22\x20\x73\x74\
\x72\x6f\x6b\x65\x2d\x6c\x69\x6e\x65\x6a\x6f\x69\x6e\x3d\x22\x72\
\x6f\x75\x6e\x64\x22\x20\x63\x6c\x61\x73\x73\x3d\x22\x66\x65\x61\
\x74\x68\x65\x72\x20\x66\x65\x61\x74\x68\x65\x72\x2d\x63\x70\x75\
\x22\x3e\x3c\x72\x65\x63\x74\x20\x78\x3d\x22\x34\x22\x20\x79\x3d\
\x22\x34\x22\x20\x77\x69\x64\x74\x68\x3d\x22\x31\x36\x22\x20\x68\
\x65\x69\x67\x68\x74\x3d\x22\x31\x36\x22\x20\x72\x78\x3d\x22\x32\
\x22\x20\x72\x79\x3d\x22\x32\x22\x3e\x3c\x2f\x72\x65\x63\x74\x3e\
\x3c\x72\x65\x63\x74\x20\x78\x3d\x22\x39\x22\x20\x79\x3d\x22\x39\
\x22\x20\x77\x69\x64\x74\x68\x3d\x22\x36\x22\x20\x68\x65\x69\x67\
\x68\x74\x3d\x22\x36\x22\x3e\x3c\x2f\x72\x65\x63\x74\x3e\x3c\x6c\
\x69\x6e\x65\x20\x78\x31\x3d\x22\x39\x22\x20\x79\x31\x3d\x22\x31\
\x22\x20\x78\x32\x3d\x22\x39\x22\x20\x79\x32\x3d\x22\x34\x22\x3e\
\x3c\x2f\x6c\x69\x6e\x65\x3e\x3c\x6c\x69\x6e\x65\x20\x78\x31\x3d\
\x22\x31\x35\x22\x20\x79\x31\x3d\x22\x31\x22\x20\x78\x32\x3d\x22\
\x31\x35\x22\x20\x79\x32\x3d\x22\x34\x22\x3e\x3c\x2f\x6c\x69\x6e\
\x65\x3e\x3c\x6c\x69\x6e\x65\x20\x78\x31\x3d\x22\x39\x22\x20\x79\
\x31\x3d\x22\x32\x30\x22\x20\x78\x32\x3d\x22\x39\x22\x20\x79\x32\
\x3d\x22\x32\x33\x22\x3e\x3c\x2f\x6c\x69\x6e\x65\x3e\x3c\x6c\x69\
\x6e\x65\x20\x78\x31\x3d\x22\x31\x35\x22\x20\x79\x31\x3d\x22\x32\
\x30\x22\x20\x78\x32\x3d\x22\x31\x35\x22\x20\x79\x32\x3d\x22\x32\
\x33\x22\x3e\x3c\x2f\x6c\x69\x6e\x65\x3e\x3c\x6c\x69\x6e\x65\x20\
\x78\x31\x3d\x22\x32\x30\x22\x20\x79\x31\x3d\x22\x39\x22\x20\x78\
\x32\x3d\x22\x32\x33\x22\x20\x79\x32\x3d\x22\x39\x22\x3e\x3c\x2f\
\x6c\x69\x6e\x65\x3e\x3c\x6c\x69\x6e\x65\x20\x78\x31\x3d\x22\x32\
\x30\x22\x20\x79\x31\x3d\x22\x31\x34\x22\x20\x78\x32\x3d\x22\x32\
\x33\x22\x20\x79\x32\x3d\x22\x31\x34\x22\x3e\x3c\x2f\x6c\x69\x6e\
\x65\x3e\x3c\x6c\x69\x6e\x65\x20\x78\x31\x3d\x22\x31\x22\x20\x79\
\x31\x3d\x22\x39\x22\x20\x78\x32\x3d\x22\x34\x22\x20\x79\x32\x3d\
\x22\x39\x22\x3e\x3c\x2f\x6c\x69\x6e\x65\x3e\x3c\x6c\x69\x6e\x65\
\x20\x78\x31\x3d\x22\x31\x22\x20\x79\x31\x3d\x22\x31\x34\x22\x20\
\x78\x32\x3d\x22\x34\x22\x20\x79\x32\x3d\x22\x31\x34\x22\x3e\x3c\
\x2f\x6c\x69\x6e\x65\x3e\x3c\x2f\x73\x76\x67\x3e\
\x00\x00\x01\x76\
\x3c\
\x73\x76\x67\x20\x78\x6d\x6c\x6e\x73\x3d\x22\x68\x74\x74\x70\x3a\
\x2f\x2f\x77\x77\x77\x2e\x77\x33\x2e\x6f\x72\x67\x2f\x32\x30\x30\
\x30\x2f\x73\x76\x67\x22\x20\x77\x69\x64\x74\x68\x3d\x22\x38\x30\
\x22\x20\x68\x65\x69\x67\x68\x74\x3d\x22\x38\x30\x22\x20\x76\x69\
\x65\x77\x42\x6f\x78\x3d\x22\x30\x20\x30\x20\x32\x34\x20\x32\x34\
\x22\x20\x66\x69\x6c\x6c\x3d\x22\x6e\x6f\x6e\x65\x22\x20\x73\x74\
\x72\x6f\x6b\x65\x3d\x22\x63\x75\x72\x72\x65\x6e\x74\x43\x6f\x6c\
\x6f\x72\x22\x20\x73\x74\x72\x6f\x6b\x65\x2d\x77\x69\x64\x74\x68\
\x3d\x22\x31\x2e\x35\x22\x20\x73\x74\x72\x6f\x6b\x65\x2d\x6c\x69\
\x6e\x65\x63\x61\x70\x3d\x22\x72\x6f\x75\x6e\x64\x22\x20\x73\x74\
\x72\x6f\x6b\x65\x2d\x6c\x69\x6e\x65\x6a\x6f\x69\x6e\x3d\x22\x72\
\x6f\x75\x6e\x64\x22\x20\x63\x6c\x61\x73\x73\x3d\x22\x66\x65\x61\
\x74\x68\x65\x72\x20\x66\x65\x61\x74\x68\x65\x72\x2d\x73\x68\x6f\
\x70\x70\x69\x6e\x67\x2d\x62\x61\x67\x22\x3e\x3c\x70\x61\x74\x68\
\x20\x64\x3d\x22\x4d\x36\x20\x32\x4c\x33\x20\x36\x76\x31\x34\x61\
\x32\x20\x32\x20\x30\x20\x30\x20\x30\x20\x32\x20\x32\x68\x31\x34\
\x61\x32\x20\x32\x20\x30\x20\x30\x20\x30\x20\x32\x2d\x32\x56\x36\
\x6c\x2d\x33\x2d\x34\x7a\x22\x3e\x3c\x2f\x70\x61\x74\x68\x3e\x3c\
\x6c\x69\x6e\x65\x20\x78\x31\x3d\x22\x33\x22\x20\x79\x31\x3d\x22\
\x36\x22\x20\x78\x32\x3d\x22\x32\x31\x22\x20\x79\x32\x3d\x22\x36\
\x22\x3e\x3c\x2f\x6c\x69\x6e\x65\x3e\x3c\x70\x61\x74\x68\x20\x64\
\x3d\x22\x4d\x31\x36\x20\x31\x30\x61\x34\x20\x34\x20\x30\x20\x30\
\x20\x31\x2d\x38\x20\x30\x22\x3e\x3c\x2f\x70\x61\x74\x68\x3e\x3c\
\x2f\x73\x76\x67\x3e\
\x00\x00\x01\x3c\
\x3c\
\x73\x76\x67\x20\x78\x6d\x6c\x6e\x73\x3d\x22\x68\x74\x74\x70\x3a\
\x2f\x2f\x77\x77\x77\x2e\x77\x33\x2e\x6f\x72\x67\x2f\x32\x30\x30\
\x30\x2f\x73\x76\x67\x22\x20\x77\x69\x64\x74\x68\x3d\x22\x38\x30\
\x22\x20\x68\x65\x69\x67\x68\x74\x3d\x22\x38\x30\x22\x20\x76\x69\
\x65\x77\x42\x6f\x78\x3d\x22\x30\x20\x30\x20\x32\x34\x20\x32\x34\
\x22\x20\x66\x69\x6c\x6c\x3d\x22\x6e\x6f\x6e\x65\x22\x20\x73\x74\
\x72\x6f\x6b\x65\x3d\x22\x63\x75\x72\x72\x65\x6e\x74\x43\x6f\x6c\
\x6f\x72\x22\x20\x73\x74\x72\x6f\x6b\x65\x2d\x77\x69\x64\x74\x68\
\x3d\x22\x31\x2e\x35\x22\x20\x73\x74\x72\x6f\x6b\x65\x2d\x6c\x69\
\x6e\x65\x63\x61\x70\x3d\x22\x72\x6f\x75\x6e\x64\x22\x20\x73\x74\
\x72\x6f\x6b\x65\x2d\x6c\x69\x6e\x65\x6a\x6f\x69\x6e\x3d\x22\x72\
\x6f\x75\x6e\x64\x22\x20\x63\x6c\x61\x73\x73\x3d\x22\x66\x65\x61\
\x74\x68\x65\x72\x20\x66\x65\x61\x74\x68\x65\x72\x2d\x61\x72\x72\
\x6f\x77\x2d\x72\x69\x67\x68\x74\x22\x3e\x3c\x6c\x69\x6e\x65\x20\
\x78\x31\x3d\x22\x35\x22\x20\x79\x31\x3d\x22\x31\x32\x22\x20\x78\
\x32\x3d\x22\x31\x39\x22\x20\x79\x32\x3d\x22\x31\x32\x22\x3e\x3c\
\x2f\x6c\x69\x6e\x65\x3e\x3c\x70\x6f\x6c\x79\x6c\x69\x6e\x65\x20\
\x70\x6f\x69\x6e\x74\x73\x3d\x22\x31\x32\x20\x35\x20\x31\x39\x20\
\x31\x32\x20\x31\x32\x20\x31\x39\x22\x3e\x3c\x2f\x70\x6f\x6c\x79\
\x6c\x69\x6e\x65\x3e\x3c\x2f\x73\x76\x67\x3e\
\x00\x00\x01\x83\
\x3c\
\x73\x76\x67\x20\x78\x6d\x6c\x6e\x73\x3d\x22\x68\x74\x74\x70\x3a\
\x2f\x2f\x77\x77\x77\x2e\x77\x33\x2e\x6f\x72\x67\x2f\x32\x30\x30\
\x30\x2f\x73\x76\x67\x22\x20\x77\x69\x64\x74\x68\x3d\x22\x38\x30\
\x22\x20\x68\x65\x69\x67\x68\x74\x3d\x22\x38\x30\x22\x20\x76\x69\
\x65\x77\x42\x6f\x78\x3d\x22\x30\x20\x30\x20\x32\x34\x20\x32\x34\
\x22\x20\x66\x69\x6c\x6c\x3d\x22\x6e\x6f\x6e\x65\x22\x20\x73\x74\
\x72\x6f\x6b\x65\x3d\x22\x63\x75\x72\x72\x65\x6e\x74\x43\x6f\x6c\
\x6f\x72\x22\x20\x73\x74\x72\x6f\x6b\x65\x2d\x77\x69\x64\x74\x68\
\x3d\x22\x31\x2e\x35\x22\x20\x73\x74\x72\x6f\x6b\x65\x2d\x6c\x69\
\x6e\x65\x63\x61\x70\x3d\x22\x72\x6f\x75\x6e\x64\x22\x20\x73\x74\
\x72\x6f\x6b\x65\x2d\x6c\x69\x6e\x65\x6a\x6f\x69\x6e\x3d\x22\x72\
\x6f\x75\x6e\x64\x22\x20\x63\x6c\x61\x73\x73\x3d\x22\x66\x65\x61\
\x74\x68\x65\x72\x20\x66\x65\x61\x74\x68\x65\x72\x2d\x63\x61\x6d\
\x65\x72\x61\x2d\x6f\x66\x66\x22\x3e\x3c\x6c\x69\x6e\x65\x20\x78\
\x31\x3d\x22\x31\x22\x20\x79\x31\x3d\x22\x31\x22\x20\x78\x32\x3d\
\x22\x32\x33\x22\x20\x79\x32\x3d\x22\x32\x33\x22\x3e\x3c\x2f\x6c\
\x69\x6e\x65\x3e\x3c\x70\x61\x74\x68\x20\x64\x3d\x22\x4d\x32\x31\
\x20\x32\x31\x48\x33\x61\x32\x20\x32\x20\x30\x20\x30\x20\x31\x2d\
\x32\x2d\x32\x56\x38\x61\x32\x20\x32\x20\x30\x20\x30\x20\x31\x20\
\x32\x2d\x32\x68\x33\x6d\x33\x2d\x33\x68\x36\x6c\x32\x20\x33\x68\
\x34\x61\x32\x20\x32\x20\x30\x20\x30\x20\x31\x20\x32\x20\x32\x76\
\x39\x2e\x33\x34\x6d\x2d\x37\x2e\x37\x32\x2d\x32\x2e\x30\x36\x61\
\x34\x20\x34\x20\x30\x20\x31\x20\x31\x2d\x35\x2e\x35\x36\x2d\x35\
\x2e\x35\x36\x22\x3e\x3c\x2f\x70\x61\x74\x68\x3e\x3c\x2f\x73\x76\
\x67\x3e\
\x00\x00\x01\x40\
\x3c\
\x73\x76\x67\x20\x78\x6d\x6c\x6e\x73\x3d\x22\x68\x74\x74\x70\x3a\
\x2f\x2f\x77\x77\x77\x2e\x77\x33\x2e\x6f\x72\x67\x2f\x32\x30\x30\
\x30\x2f\x73\x76\x67\x22\x20\x77\x69\x64\x74\x68\x3d\x22\x38\x30\
\x22\x20\x68\x65\x69\x67\x68\x74\x3d\x22\x38\x30\x22\x20\x76\x69\
\x65\x77\x42\x6f\x78\x3d\x22\x30\x20\x30\x20\x32\x34\x20\x32\x34\
\x22\x20\x66\x69\x6c\x6c\x3d\x22\x6e\x6f\x6e\x65\x22\x20\x73\x74\
\x72\x6f\x6b\x65\x3d\x22\x63\x75\x72\x72\x65\x6e\x74\x43\x6f\x6c\
\x6f\x72\x22\x20\x73\x74\x72\x6f\x6b\x65\x2d\x77\x69\x64\x74\x68\
\x3d\x22\x31\x2e\x35\x22\x20\x73\x74\x72\x6f\x6b\x65\x2d\x6c\x69\
\x6e\x65\x63\x61\x70\x3d\x22\x72\x6f\x75\x6e\x64\x22\x20\x73\x74\
\x72\x6f\x6b\x65\x2d\x6c\x69\x6e\x65\x6a\x6f\x69\x6e\x3d\x22\x72\
\x6f\x75\x6e\x64\x22\x20\x63\x6c\x61\x73\x73\x3d\x22\x66\x65\x61\
\x74\x68\x65\x72\x20\x66\x65\x61\x74\x68\x65\x72\x2d\x63\x68\x65\
\x76\x72\x6f\x6e\x73\x2d\x72\x69\x67\x68\x74\x22\x3e\x3c\x70\x6f\
\x6c\x79\x6c\x69\x6e\x65\x20\x70\x6f\x69\x6e\x74\x73\x3d\x22\x31\
\x33\x20\x31\x37\x20\x31\x38\x20\x31\x32\x20\x31\x33\x20\x37\x22\
\x3e\x3c\x2f\x70\x6f\x6c\x79\x6c\x69\x6e\x65\x3e\x3c\x70\x6f\x6c\
\x79\x6c\x69\x6e\x65\x20\x70\x6f\x69\x6e\x74\x73\x3d\x22\x36\x20\
\x31\x37\x20\x31\x31\x20\x31\x32\x20\x36\x20\x37\x22\x3e\x3c\x2f\
\x70\x6f\x6c\x79\x6c\x69\x6e\x65\x3e\x3c\x2f\x73\x76\x67\x3e\
\x00\x00\x01\x71\
\x3c\
\x73\x76\x67\x20\x78\x6d\x6c\x6e\x73\x3d\x22\x68\x74\x74\x70\x3a\
\x2f\x2f\x77\x77\x77\x2e\x77\x33\x2e\x6f\x72\x67\x2f\x32\x30\x30\
\x30\x2f\x73\x76\x67\x22\x20\x77\x69\x64\x74\x68\x3d\x22\x38\x30\
\x22\x20\x68\x65\x69\x67\x68\x74\x3d\x22\x38\x30\x22\x20\x76\x69\
\x65\x77\x42\x6f\x78\x3d\x22\x30\x20\x30\x20\x32\x34\x20\x32\x34\
\x22\x20\x66\x69\x6c\x6c\x3d\x22\x6e\x6f\x6e\x65\x22\x20\x73\x74\
\x72\x6f\x6b\x65\x3d\x22\x63\x75\x72\x72\x65\x6e\x74\x43\x6f\x6c\
\x6f\x72\x22\x20\x73\x74\x72\x6f\x6b\x65\x2d\x77\x69\x64\x74\x68\
\x3d\x22\x31\x2e\x35\x22\x20\x73\x74\x72\x6f\x6b\x65\x2d\x6c\x69\
\x6e\x65\x63\x61\x70\x3d\x22\x72\x6f\x75\x6e\x64\x22\x20\x73\x74\
\x72\x6f\x6b\x65\x2d\x6c\x69\x6e\x65\x6a\x6f\x69\x6e\x3d\x22\x72\
\x6f\x75\x6e\x64\x22\x20\x63\x6c\x61\x73\x73\x3d\x22\x66\x65\x61\
\x74\x68\x65\x72\x20\x66\x65\x61\x74\x68\x65\x72\x2d\x6c\x6f\x67\
\x2d\x6f\x75\x74\x22\x3e\x3c\x70\x61\x74\x68\x20\x64\x3d\x22\x4d\
\x39\x20\x32\x31\x48\x35\x61\x32\x20\x32\x20\x30\x20\x30\x20\x31\
\x2d\x32\x2d\x32\x56\x35\x61\x32\x20\x32\x20\x30\x20\x30\x20\x31\
\x20\x32\x2d\x32\x68\x34\x22\x3e\x3c\x2f\x70\x61\x74\x68\x3e\x3c\
\x70\x6f\x6c\x79\x6c\x69\x6e\x65\x20\x70\x6f\x69\x6e\x74\x73\x3d\
\x22\x31\x36\x20\x31\x37\x20\x32\x31\x20\x31\x32\x20\x31\x36\x20\
\x37\x22\x3e\x3c\x2f\x70\x6f\x6c\x79\x6c\x69\x6e\x65\x3e\x3c\x6c\
\x69\x6e\x65\x20\x78\x31\x3d\x22\x32\x31\x22\x20\x79\x31\x3d\x22\
\x31\x32\x22\x20\x78\x32\x3d\x22\x39\x22\x20\x79\x32\x3d\x22\x31\
\x32\x22\x3e\x3c\x2f\x6c\x69\x6e\x65\x3e\x3c\x2f\x73\x76\x67\x3e\
\
\x00\x00\x02\x51\
\x3c\
\x73\x76\x67\x20\x78\x6d\x6c\x6e\x73\x3d\x22\x68\x74\x74\x70\x3a\
\x2f\x2f\x77\x77\x77\x2e\x77\x33\x2e\x6f\x72\x67\x2f\x32\x30\x30\
\x30\x2f\x73\x76\x67\x22\x20\x77\x69\x64\x74\x68\x3d\x22\x38\x30\
\x22\x20\x68\x65\x69\x67\x68\x74\x3d\x22\x38\x30\x22\x20\x76\x69\
\x65\x77\x42\x6f\x78\x3d\x22\x30\x20\x30\x20\x32\x34\x20\x32\x34\
\x22\x20\x66\x69\x6c\x6c\x3d\x22\x6e\x6f\x6e\x65\x22\x20\x73\x74\
\x72\x6f\x6b\x65\x3d\x22\x63\x75\x72\x72\x65\x6e\x74\x43\x6f\x6c\
\x6f\x72\x22\x20\x73\x74\x72\x6f\x6b\x65\x2d\x77\x69\x64\x74\x68\
\x3d\x22\x31\x2e\x35\x22\x20\x73\x74\x72\x6f\x6b\x65\x2d\x6c\x69\
\x6e\x65\x63\x61\x70\x3d\x22\x72\x6f\x75\x6e\x64\x22\x20\x73\x74\
\x72\x6f\x6b\x65\x2d\x6c\x69\x6e\x65\x6a\x6f\x69\x6e\x3d\x22\x72\
\x6f\x75\x6e\x64\x22\x20\x63\x6c\x61\x73\x73\x3d\x22\x66\x65\x61\
\x74\x68\x65\x72\x20\x66\x65\x61\x74\x68\x65\x72\x2d\x70\x68\x6f\
\x6e\x65\x2d\x6f\x66\x66\x22\x3e\x3c\x70\x61\x74\x68\x20\x64\x3d\
\x22\x4d\x31\x30\x2e\x36\x38\x20\x31\x33\x2e\x33\x31\x61\x31\x36\
\x20\x31\x36\x20\x30\x20\x30\x20\x30\x20\x33\x2e\x34\x31\x20\x32\
\x2e\x36\x6c\x31\x2e\x32\x37\x2d\x31\x2e\x32\x37\x61\x32\x20\x32\
\x20\x30\x20\x30\x20\x31\x20\x32\x2e\x31\x31\x2d\x2e\x34\x35\x20\
\x31\x32\x2e\x38\x34\x20\x31\x32\x2e\x38\x34\x20\x30\x20\x30\x20\
\x30\x20\x32\x2e\x38\x31\x2e\x37\x20\x32\x20\x32\x20\x30\x20\x30\
\x20\x31\x20\x31\x2e\x37\x32\x20\x32\x76\x33\x61\x32\x20\x32\x20\
\x30\x20\x30\x20\x31\x2d\x32\x2e\x31\x38\x20\x32\x20\x31\x39\x2e\
\x37\x39\x20\x31\x39\x2e\x37\x39\x20\x30\x20\x30\x20\x31\x2d\x38\
\x2e\x36\x33\x2d\x33\x2e\x30\x37\x20\x31\x39\x2e\x34\x32\x20\x31\
\x39\x2e\x34\x32\x20\x30\x20\x30\x20\x31\x2d\x33\x2e\x33\x33\x2d\
\x32\x2e\x36\x37\x6d\x2d\x32\x2e\x36\x37\x2d\x33\x2e\x33\x34\x61\
\x31\x39\x2e\x37\x39\x20\x31\x39\x2e\x37\x39\x20\x30\x20\x30\x20\
\x31\x2d\x33\x2e\x30\x37\x2d\x38\x2e\x36\x33\x41\x32\x20\x32\x20\
\x30\x20\x30\x20\x31\x20\x34\x2e\x31\x31\x20\x32\x68\x33\x61\x32\
\x20\x32\x20\x30\x20\x30\x20\x31\x20\x32\x20\x31\x2e\x37\x32\x20\
\x31\x32\x2e\x38\x34\x20\x31\x32\x2e\x38\x34\x20\x30\x20\x30\x20\
\x30\x20\x2e\x37\x20\x32\x2e\x38\x31\x20\x32\x20\x32\x20\x30\x20\
\x30\x20\x31\x2d\x2e\x34\x35\x20\x32\x2e\x31\x31\x4c\x38\x2e\x30\
\x39\x20\x39\x2e\x39\x31\x22\x3e\x3c\x2f\x70\x61\x74\x68\x3e\x3c\
\x6c\x69\x6e\x65\x20\x78\x31\x3d\x22\x32\x33\x22\x20\x79\x31\x3d\
\x22\x31\x22\x20\x78\x32\x3d\x22\x31\x22\x20\x79\x32\x3d\x22\x32\
\x33\x22\x3e\x3c\x2f\x6c\x69\x6e\x65\x3e\x3c\x2f\x73\x76\x67\x3e\
\
\x00\x00\x01\xc2\
\x3c\
\x73\x76\x67\x20\x78\x6d\x6c\x6e\x73\x3d\x22\x68\x74\x74\x70\x3a\
\x2f\x2f\x77\x77\x77\x2e\x77\x33\x2e\x6f\x72\x67\x2f\x32\x30\x30\
\x30\x2f\x73\x76\x67\x22\x20\x77\x69\x64\x74\x68\x3d\x22\x38\x30\
\x22\x20\x68\x65\x69\x67\x68\x74\x3d\x22\x38\x30\x22\x20\x76\x69\
\x65\x77\x42\x6f\x78\x3d\x22\x30\x20\x30\x20\x32\x34\x20\x32\x34\
\x22\x20\x66\x69\x6c\x6c\x3d\x22\x6e\x6f\x6e\x65\x22\x20\x73\x74\
\x72\x6f\x6b\x65\x3d\x22\x63\x75\x72\x72\x65\x6e\x74\x43\x6f\x6c\
\x6f\x72\x22\x20\x73\x74\x72\x6f\x6b\x65\x2d\x77\x69\x64\x74\x68\
\x3d\x22\x31\x2e\x35\x22\x20\x73\x74\x72\x6f\x6b\x65\x2d\x6c\x69\
\x6e\x65\x63\x61\x70\x3d\x22\x72\x6f\x75\x6e\x64\x22\x20\x73\x74\
\x72\x6f\x6b\x65\x2d\x6c\x69\x6e\x65\x6a\x6f\x69\x6e\x3d\x22\x72\
\x6f\x75\x6e\x64\x22\x20\x63\x6c\x61\x73\x73\x3d\x22\x66\x65\x61\
\x74\x68\x65\x72\x20\x66\x65\x61\x74\x68\x65\x72\x2d\x74\x72\x61\
\x73\x68\x2d\x32\x22\x3e\x3c\x70\x6f\x6c\x79\x6c\x69\x6e\x65\x20\
\x70\x6f\x69\x6e\x74\x73\x3d\x22\x33\x20\x36\x20\x35\x20\x36\x20\
\x32\x31\x20\x36\x22\x3e\x3c\x2f\x70\x6f\x6c\x79\x6c\x69\x6e\x65\
\x3e\x3c\x70\x61\x74\x68\x20\x64\x3d\x22\x4d\x31\x39\x20\x36\x76\
\x31\x34\x61\x32\x20\x32\x20\x30\x20\x30\x20\x31\x2d\x32\x20\x32\
\x48\x37\x61\x32\x20\x32\x20\x30\x20\x30\x20\x31\x2d\x32\x2d\x32\
\x56\x36\x6d\x33\x20\x30\x56\x34\x61\x32\x20\x32\x20\x30\x20\x30\
\x20\x31\x20\x32\x2d\x32\x68\x34\x61\x32\x20\x32\x20\x30\x20\x30\
\x20\x31\x20\x32\x20\x32\x76\x32\x22\x3e\x3c\x2f\x70\x61\x74\x68\
\x3e\x3c\x6c\x69\x6e\x65\x20\x78\x31\x3d\x22\x31\x30\x22\x20\x79\
\x31\x3d\x22\x31\x31\x22\x20\x78\x32\x3d\x22\x31\x30\x22\x20\x79\
\x32\x3d\x22\x31\x37\x22\x3e\x3c\x2f\x6c\x69\x6e\x65\x3e\x3c\x6c\
\x69\x6e\x65\x20\x78\x31\x3d\x22\x31\x34\x22\x20\x79\x31\x3d\x22\
\x31\x31\x22\x20\x78\x32\x3d\x22\x31\x34\x22\x20\x79\x32\x3d\x22\
\x31\x37\x22\x3e\x3c\x2f\x6c\x69\x6e\x65\x3e\x3c\x2f\x73\x76\x67\
\x3e\
\x00\x00\x01\x19\
\x3c\
\x73\x76\x67\x20\x78\x6d\x6c\x6e\x73\x3d\x22\x68\x74\x74\x70\x3a\
\x2f\x2f\x77\x77\x77\x2e\x77\x33\x2e\x6f\x72\x67\x2f\x32\x30\x30\
\x30\x2f\x73\x76\x67\x22\x20\x77\x69\x64\x74\x68\x3d\x22\x38\x30\
\x22\x20\x68\x65\x69\x67\x68\x74\x3d\x22\x38\x30\x22\x20\x76\x69\
\x65\x77\x42\x6f\x78\x3d\x22\x30\x20\x30\x20\x32\x34\x20\x32\x34\
\x22\x20\x66\x69\x6c\x6c\x3d\x22\x6e\x6f\x6e\x65\x22\x20\x73\x74\
\x72\x6f\x6b\x65\x3d\x22\x63\x75\x72\x72\x65\x6e\x74\x43\x6f\x6c\
\x6f\x72\x22\x20\x73\x74\x72\x6f\x6b\x65\x2d\x77\x69\x64\x74\x68\
\x3d\x22\x31\x2e\x35\x22\x20\x73\x74\x72\x6f\x6b\x65\x2d\x6c\x69\
\x6e\x65\x63\x61\x70\x3d\x22\x72\x6f\x75\x6e\x64\x22\x20\x73\x74\
\x72\x6f\x6b\x65\x2d\x6c\x69\x6e\x65\x6a\x6f\x69\x6e\x3d\x22\x72\
\x6f\x75\x6e\x64\x22\x20\x63\x6c\x61\x73\x73\x3d\x22\x66\x65\x61\
\x74\x68\x65\x72\x20\x66\x65\x61\x74\x68\x65\x72\x2d\x73\x68\x69\
\x65\x6c\x64\x22\x3e\x3c\x70\x61\x74\x68\x20\x64\x3d\x22\x4d\x31\
\x32\x20\x32\x32\x73\x38\x2d\x34\x20\x38\x2d\x31\x30\x56\x35\x6c\
\x2d\x38\x2d\x33\x2d\x38\x20\x33\x76\x37\x63\x30\x20\x36\x20\x38\
\x20\x31\x30\x20\x38\x20\x31\x30\x7a\x22\x3e\x3c\x2f\x70\x61\x74\
\x68\x3e\x3c\x2f\x73\x76\x67\x3e\
\x00\x00\x01\x45\
\x3c\
\x73\x76\x67\x20\x78\x6d\x6c\x6e\x73\x3d\x22\x68\x74\x74\x70\x3a\
\x2f\x2f\x77\x77\x77\x2e\x77\x33\x2e\x6f\x72\x67\x2f\x32\x30\x30\
\x30\x2f\x73\x76\x67\x22\x20\x77\x69\x64\x74\x68\x3d\x22\x38\x30\
\x22\x20\x68\x65\x69\x67\x68\x74\x3d\x22\x38\x30\x22\x20\x76\x69\
\x65\x77\x42\x6f\x78\x3d\x22\x30\x20\x30\x20\x32\x34\x20\x32\x34\
\x22\x20\x66\x69\x6c\x6c\x3d\x22\x6e\x6f\x6e\x65\x22\x20\x73\x74\
\x72\x6f\x6b\x65\x3d\x22\x63\x75\x72\x72\x65\x6e\x74\x43\x6f\x6c\
\x6f\x72\x22\x20\x73\x74\x72\x6f\x6b\x65\x2d\x77\x69\x64\x74\x68\
\x3d\x22\x31\x2e\x35\x22\x20\x73\x74\x72\x6f\x6b\x65\x2d\x6c\x69\
\x6e\x65\x63\x61\x70\x3d\x22\x72\x6f\x75\x6e\x64\x22\x20\x73\x74\
\x72\x6f\x6b\x65\x2d\x6c\x69\x6e\x65\x6a\x6f\x69\x6e\x3d\x22\x72\
\x6f\x75\x6e\x64\x22\x20\x63\x6c\x61\x73\x73\x3d\x22\x66\x65\x61\
\x74\x68\x65\x72\x20\x66\x65\x61\x74\x68\x65\x72\x2d\x73\x69\x64\
\x65\x62\x61\x72\x22\x3e\x3c\x72\x65\x63\x74\x20\x78\x3d\x22\x33\
\x22\x20\x79\x3d\x22\x33\x22\x20\x77\x69\x64\x74\x68\x3d\x22\x31\
\x38\x22\x20\x68\x65\x69\x67\x68\x74\x3d\x22\x31\x38\x22\x20\x72\
\x78\x3d\x22\x32\x22\x20\x72\x79\x3d\x22\x32\x22\x3e\x3c\x2f\x72\
\x65\x63\x74\x3e\x3c\x6c\x69\x6e\x65\x20\x78\x31\x3d\x22\x39\x22\
\x20\x79\x31\x3d\x22\x33\x22\x20\x78\x32\x3d\x22\x39\x22\x20\x79\
\x32\x3d\x22\x32\x31\x22\x3e\x3c\x2f\x6c\x69\x6e\x65\x3e\x3c\x2f\
\x73\x76\x67\x3e\
\x00\x00\x03\xe9\
\x3c\
\x73\x76\x67\x20\x78\x6d\x6c\x6e\x73\x3d\x22\x68\x74\x74\x70\x3a\
\x2f\x2f\x77\x77\x77\x2e\x77\x33\x2e\x6f\x72\x67\x2f\x32\x30\x30\
\x30\x2f\x73\x76\x67\x22\x20\x77\x69\x64\x74\x68\x3d\x22\x38\x30\
\x22\x20\x68\x65\x69\x67\x68\x74\x3d\x22\x38\x30\x22\x20\x76\x69\
\x65\x77\x42\x6f\x78\x3d\x22\x30\x20\x30\x20\x32\x34\x20\x32\x34\
\x22\x20\x66\x69\x6c\x6c\x3d\x22\x6e\x6f\x6e\x65\x22\x20\x73\x74\
\x72\x6f\x6b\x65\x3d\x22\x63\x75\x72\x72\x65\x6e\x74\x43\x6f\x6c\
\x6f\x72\x22\x20\x73\x74\x72\x6f\x6b\x65\x2d\x77\x69\x64\x74\x68\
\x3d\x22\x31\x2e\x35\x22\x20\x73\x74\x72\x6f\x6b\x65\x2d\x6c\x69\
\x6e\x65\x63\x61\x70\x3d\x22\x72\x6f\x75\x6e\x64\x22\x20\x73\x74\
\x72\x6f\x6b\x65\x2d\x6c\x69\x6e\x65\x6a\x6f\x69\x6e\x3d\x22\x72\
\x6f\x75\x6e\x64\x22\x20\x63\x6c\x61\x73\x73\x3d\x22\x66\x65\x61\
\x74\x68\x65\x72\x20\x66\x65\x61\x74\x68\x65\x72\x2d\x73\x6c\x61\
\x63\x6b\x22\x3e\x3c\x70\x61\x74\x68\x20\x64\x3d\x22\x4d\x31\x34\
\x2e\x35\x20\x31\x30\x63\x2d\x2e\x38\x33\x20\x30\x2d\x31\x2e\x35\
\x2d\x2e\x36\x37\x2d\x31\x2e\x35\x2d\x31\x2e\x35\x76\x2d\x35\x63\
\x30\x2d\x2e\x38\x33\x2e\x36\x37\x2d\x31\x2e\x35\x20\x31\x2e\x35\
\x2d\x31\x2e\x35\x73\x31\x2e\x35\x2e\x36\x37\x20\x31\x2e\x35\x20\
\x31\x2e\x35\x76\x35\x63\x30\x20\x2e\x38\x33\x2d\x2e\x36\x37\x20\
\x31\x2e\x35\x2d\x31\x2e\x35\x20\x31\x2e\x35\x7a\x22\x3e\x3c\x2f\
\x70\x61\x74\x68\x3e\x3c\x70\x61\x74\x68\x20\x64\x3d\x22\x4d\x32\
\x30\x2e\x35\x20\x31\x30\x48\x31\x39\x56\x38\x2e\x35\x63\x30\x2d\
\x2e\x38\x33\x2e\x36\x37\x2d\x31\x2e\x35\x20\x31\x2e\x35\x2d\x31\
\x2e\x35\x73\x31\x2e\x35\x2e\x36\x37\x20\x31\x2e\x35\x20\x31\x2e\
\x35\x2d\x2e\x36\x37\x20\x31\x2e\x35\x2d\x31\x2e\x35\x20\x31\x2e\
\x35\x7a\x22\x3e\x3c\x2f\x70\x61\x74\x68\x3e\x3c\x70\x61\x74\x68\
\x20\x64\x3d\x22\x4d\x39\x2e\x35\x20\x31\x34\x63\x2e\x38\x33\x20\
\x30\x20\x31\x2e\x35\x2e\x36\x37\x20\x31\x2e\x35\x20\x31\x2e\x35\
\x76\x35\x63\x30\x20\x2e\x38\x33\x2d\x2e\x36\x37\x20\x31\x2e\x35\
\x2d\x31\x2e\x35\x20\x31\x2e\x35\x53\x38\x20\x32\x31\x2e\x33\x33\
\x20\x38\x20\x32\x30\x2e\x35\x76\x2d\x35\x63\x30\x2d\x2e\x38\x33\
\x2e\x36\x37\x2d\x31\x2e\x35\x20\x31\x2e\x35\x2d\x31\x2e\x35\x7a\
\x22\x3e\x3c\x2f\x70\x61\x74\x68\x3e\x3c\x70\x61\x74\x68\x20\x64\
\x3d\x22\x4d\x33\x2e\x35\x20\x31\x34\x48\x35\x76\x31\x2e\x35\x63\
\x30\x20\x2e\x38\x33\x2d\x2e\x36\x37\x20\x31\x2e\x35\x2d\x31\x2e\
\x35\x20\x31\x2e\x35\x53\x32\x20\x31\x36\x2e\x33\x33\x20\x32\x20\
\x31\x35\x2e\x35\x20\x32\x2e\x36\x37\x20\x31\x34\x20\x33\x2e\x35\
\x20\x31\x34\x7a\x22\x3e\x3c\x2f\x70\x61\x74\x68\x3e\x3c\x70\x61\
\x74\x68\x20\x64\x3d\x22\x4d\x31\x34\x20\x31\x34\x2e\x35\x63\x30\
\x2d\x2e\x38\x33\x2e\x36\x37\x2d\x31\x2e\x35\x20\x31\x2e\x35\x2d\
\x31\x2e\x35\x68\x35\x63\x2e\x38\x33\x20\x30\x20\x31\x2e\x35\x2e\
\x36\x37\x20\x31\x2e\x35\x20\x31\x2e\x35\x73\x2d\x2e\x36\x37\x20\
\x31\x2e\x35\x2d\x31\x2e\x35\x20\x31\x2e\x35\x68\x2d\x35\x63\x2d\
\x2e\x38\x33\x20\x30\x2d\x31\x2e\x35\x2d\x2e\x36\x37\x2d\x31\x2e\
\x35\x2d\x31\x2e\x35\x7a\x22\x3e\x3c\x2f\x70\x61\x74\x68\x3e\x3c\
\x70\x61\x74\x68\x20\x64\x3d\x22\x4d\x31\x35\x2e\x35\x20\x31\x39\
\x48\x31\x34\x76\x31\x2e\x35\x63\x30\x20\x2e\x38\x33\x2e\x36\x37\
\x20\x31\x2e\x35\x20\x31\x2e\x35\x20\x31\x2e\x35\x73\x31\x2e\x35\
\x2d\x2e\x36\x37\x20\x31\x2e\x35\x2d\x31\x2e\x35\x2d\x2e\x36\x37\
\x2d\x31\x2e\x35\x2d\x31\x2e\x35\x2d\x31\x2e\x35\x7a\x22\x3e\x3c\
\x2f\x70\x61\x74\x68\x3e\x3c\x70\x61\x74\x68\x20\x64\x3d\x22\x4d\
\x31\x30\x20\x39\x2e\x35\x43\x31\x30\x20\x38\x2e\x36\x37\x20\x39\
\x2e\x33\x33\x20\x38\x20\x38\x2e\x35\x20\x38\x68\x2d\x35\x43\x32\
\x2e\x36\x37\x20\x38\x20\x32\x20\x38\x2e\x36\x37\x20\x32\x20\x39\
\x2e\x35\x53\x32\x2e\x36\x37\x20\x31\x31\x20\x33\x2e\x35\x20\x31\
\x31\x68\x35\x63\x2e\x38\x33\x20\x30\x20\x31\x2e\x35\x2d\x2e\x36\
\x37\x20\x31\x2e\x35\x2d\x31\x2e\x35\x7a\x22\x3e\x3c\x2f\x70\x61\
\x74\x68\x3e\x3c\x70\x61\x74\x68\x20\x64\x3d\x22\x4d\x38\x2e\x35\
\x20\x35\x48\x31\x30\x56\x33\x2e\x35\x43\x31\x30\x20\x32\x2e\x36\
\x37\x20\x39\x2e\x33\x33\x20\x32\x20\x38\x2e\x35\x20\x32\x53\x37\
\x20\x32\x2e\x36\x37\x20\x37\x20\x33\x2e\x35\x20\x37\x2e\x36\x37\
\x20\x35\x20\x38\x2e\x35\x20\x35\x7a\x22\x3e\x3c\x2f\x70\x61\x74\
\x68\x3e\x3c\x2f\x73\x76\x67\x3e\
\x00\x00\x01\xc1\
\x3c\
\x73\x76\x67\x20\x78\x6d\x6c\x6e\x73\x3d\x22\x68\x74\x74\x70\x3a\
\x2f\x2f\x77\x77\x77\x2e\x77\x33\x2e\x6f\x72\x67\x2f\x32\x30\x30\
\x30\x2f\x73\x76\x67\x22\x20\x77\x69\x64\x74\x68\x3d\x22\x38\x30\
\x22\x20\x68\x65\x69\x67\x68\x74\x3d\x22\x38\x30\x22\x20\x76\x69\
\x65\x77\x42\x6f\x78\x3d\x22\x30\x20\x30\x20\x32\x34\x20\x32\x34\
\x22\x20\x66\x69\x6c\x6c\x3d\x22\x6e\x6f\x6e\x65\x22\x20\x73\x74\
\x72\x6f\x6b\x65\x3d\x22\x63\x75\x72\x72\x65\x6e\x74\x43\x6f\x6c\
\x6f\x72\x22\x20\x73\x74\x72\x6f\x6b\x65\x2d\x77\x69\x64\x74\x68\
\x3d\x22\x31\x2e\x35\x22\x20\x73\x74\x72\x6f\x6b\x65\x2d\x6c\x69\
\x6e\x65\x63\x61\x70\x3d\x22\x72\x6f\x75\x6e\x64\x22\x20\x73\x74\
\x72\x6f\x6b\x65\x2d\x6c\x69\x6e\x65\x6a\x6f\x69\x6e\x3d\x22\x72\
\x6f\x75\x6e\x64\x22\x20\x63\x6c\x61\x73\x73\x3d\x22\x66\x65\x61\
\x74\x68\x65\x72\x20\x66\x65\x61\x74\x68\x65\x72\x2d\x63\x6f\x66\
\x66\x65\x65\x22\x3e\x3c\x70\x61\x74\x68\x20\x64\x3d\x22\x4d\x31\
\x38\x20\x38\x68\x31\x61\x34\x20\x34\x20\x30\x20\x30\x20\x31\x20\
\x30\x20\x38\x68\x2d\x31\x22\x3e\x3c\x2f\x70\x61\x74\x68\x3e\x3c\
\x70\x61\x74\x68\x20\x64\x3d\x22\x4d\x32\x20\x38\x68\x31\x36\x76\
\x39\x61\x34\x20\x34\x20\x30\x20\x30\x20\x31\x2d\x34\x20\x34\x48\
\x36\x61\x34\x20\x34\x20\x30\x20\x30\x20\x31\x2d\x34\x2d\x34\x56\
\x38\x7a\x22\x3e\x3c\x2f\x70\x61\x74\x68\x3e\x3c\x6c\x69\x6e\x65\
\x20\x78\x31\x3d\x22\x36\x22\x20\x79\x31\x3d\x22\x31\x22\x20\x78\
\x32\x3d\x22\x36\x22\x20\x79\x32\x3d\x22\x34\x22\x3e\x3c\x2f\x6c\
\x69\x6e\x65\x3e\x3c\x6c\x69\x6e\x65\x20\x78\x31\x3d\x22\x31\x30\
\x22\x20\x79\x31\x3d\x22\x31\x22\x20\x78\x32\x3d\x22\x31\x30\x22\
\x20\x79\x32\x3d\x22\x34\x22\x3e\x3c\x2f\x6c\x69\x6e\x65\x3e\x3c\
\x6c\x69\x6e\x65\x20\x78\x31\x3d\x22\x31\x34\x22\x20\x79\x31\x3d\
\x22\x31\x22\x20\x78\x32\x3d\x22\x31\x34\x22\x20\x79\x32\x3d\x22\
\x34\x22\x3e\x3c\x2f\x6c\x69\x6e\x65\x3e\x3c\x2f\x73\x76\x67\x3e\
\
\x00\x00\x01\x64\
\x3c\
\x73\x76\x67\x20\x78\x6d\x6c\x6e\x73\x3d\x22\x68\x74\x74\x70\x3a\
\x2f\x2f\x77\x77\x77\x2e\x77\x33\x2e\x6f\x72\x67\x2f\x32\x30\x30\
\x30\x2f\x73\x76\x67\x22\x20\x77\x69\x64\x74\x68\x3d\x22\x38\x30\
\x22\x20\x68\x65\x69\x67\x68\x74\x3d\x22\x38\x30\x22\x20\x76\x69\
\x65\x77\x42\x6f\x78\x3d\x22\x30\x20\x30\x20\x32\x34\x20\x32\x34\
\x22\x20\x66\x69\x6c\x6c\x3d\x22\x6e\x6f\x6e\x65\x22\x20\x73\x74\
\x72\x6f\x6b\x65\x3d\x22\x63\x75\x72\x72\x65\x6e\x74\x43\x6f\x6c\
\x6f\x72\x22\x20\x73\x74\x72\x6f\x6b\x65\x2d\x77\x69\x64\x74\x68\
\x3d\x22\x31\x2e\x35\x22\x20\x73\x74\x72\x6f\x6b\x65\x2d\x6c\x69\
\x6e\x65\x63\x61\x70\x3d\x22\x72\x6f\x75\x6e\x64\x22\x20\x73\x74\
\x72\x6f\x6b\x65\x2d\x6c\x69\x6e\x65\x6a\x6f\x69\x6e\x3d\x22\x72\
\x6f\x75\x6e\x64\x22\x20\x63\x6c\x61\x73\x73\x3d\x22\x66\x65\x61\
\x74\x68\x65\x72\x20\x66\x65\x61\x74\x68\x65\x72\x2d\x74\x68\x75\
\x6d\x62\x73\x2d\x75\x70\x22\x3e\x3c\x70\x61\x74\x68\x20\x64\x3d\
\x22\x4d\x31\x34\x20\x39\x56\x35\x61\x33\x20\x33\x20\x30\x20\x30\
\x20\x30\x2d\x33\x2d\x33\x6c\x2d\x34\x20\x39\x76\x31\x31\x68\x31\
\x31\x2e\x32\x38\x61\x32\x20\x32\x20\x30\x20\x30\x20\x30\x20\x32\
\x2d\x31\x2e\x37\x6c\x31\x2e\x33\x38\x2d\x39\x61\x32\x20\x32\x20\
\x30\x20\x30\x20\x30\x2d\x32\x2d\x32\x2e\x33\x7a\x4d\x37\x20\x32\
\x32\x48\x34\x61\x32\x20\x32\x20\x30\x20\x30\x20\x31\x2d\x32\x2d\
\x32\x76\x2d\x37\x61\x32\x20\x32\x20\x30\x20\x30\x20\x31\x20\x32\
\x2d\x32\x68\x33\x22\x3e\x3c\x2f\x70\x61\x74\x68\x3e\x3c\x2f\x73\
\x76\x67\x3e\
\x00\x00\x01\xa2\
\x3c\
\x73\x76\x67\x20\x78\x6d\x6c\x6e\x73\x3d\x22\x68\x74\x74\x70\x3a\
\x2f\x2f\x77\x77\x77\x2e\x77\x33\x2e\x6f\x72\x67\x2f\x32\x30\x30\
\x30\x2f\x73\x76\x67\x22\x20\x77\x69\x64\x74\x68\x3d\x22\x38\x30\
\x22\x20\x68\x65\x69\x67\x68\x74\x3d\x22\x38\x30\x22\x20\x76\x69\
\x65\x77\x42\x6f\x78\x3d\x22\x30\x20\x30\x20\x32\x34\x20\x32\x34\
\x22\x20\x66\x69\x6c\x6c\x3d\x22\x6e\x6f\x6e\x65\x22\x20\x73\x74\
\x72\x6f\x6b\x65\x3d\x22\x63\x75\x72\x72\x65\x6e\x74\x43\x6f\x6c\
\x6f\x72\x22\x20\x73\x74\x72\x6f\x6b\x65\x2d\x77\x69\x64\x74\x68\
\x3d\x22\x31\x2e\x35\x22\x20\x73\x74\x72\x6f\x6b\x65\x2d\x6c\x69\
\x6e\x65\x63\x61\x70\x3d\x22\x72\x6f\x75\x6e\x64\x22\x20\x73\x74\
\x72\x6f\x6b\x65\x2d\x6c\x69\x6e\x65\x6a\x6f\x69\x6e\x3d\x22\x72\
\x6f\x75\x6e\x64\x22\x20\x63\x6c\x61\x73\x73\x3d\x22\x66\x65\x61\
\x74\x68\x65\x72\x20\x66\x65\x61\x74\x68\x65\x72\x2d\x61\x6c\x65\
\x72\x74\x2d\x6f\x63\x74\x61\x67\x6f\x6e\x22\x3e\x3c\x70\x6f\x6c\
\x79\x67\x6f\x6e\x20\x70\x6f\x69\x6e\x74\x73\x3d\x22\x37\x2e\x38\
\x36\x20\x32\x20\x31\x36\x2e\x31\x34\x20\x32\x20\x32\x32\x20\x37\
\x2e\x38\x36\x20\x32\x32\x20\x31\x36\x2e\x31\x34\x20\x31\x36\x2e\
\x31\x34\x20\x32\x32\x20\x37\x2e\x38\x36\x20\x32\x32\x20\x32\x20\
\x31\x36\x2e\x31\x34\x20\x32\x20\x37\x2e\x38\x36\x20\x37\x2e\x38\
\x36\x20\x32\x22\x3e\x3c\x2f\x70\x6f\x6c\x79\x67\x6f\x6e\x3e\x3c\
\x6c\x69\x6e\x65\x20\x78\x31\x3d\x22\x31\x32\x22\x20\x79\x31\x3d\
\x22\x38\x22\x20\x78\x32\x3d\x22\x31\x32\x22\x20\x79\x32\x3d\x22\
\x31\x32\x22\x3e\x3c\x2f\x6c\x69\x6e\x65\x3e\x3c\x6c\x69\x6e\x65\
\x20\x78\x31\x3d\x22\x31\x32\x22\x20\x79\x31\x3d\x22\x31\x36\x22\
\x20\x78\x32\x3d\x22\x31\x32\x2e\x30\x31\x22\x20\x79\x32\x3d\x22\
\x31\x36\x22\x3e\x3c\x2f\x6c\x69\x6e\x65\x3e\x3c\x2f\x73\x76\x67\
\x3e\
\x00\x00\x01\x87\
\x3c\
\x73\x76\x67\x20\x78\x6d\x6c\x6e\x73\x3d\x22\x68\x74\x74\x70\x3a\
\x2f\x2f\x77\x77\x77\x2e\x77\x33\x2e\x6f\x72\x67\x2f\x32\x30\x30\
\x30\x2f\x73\x76\x67\x22\x20\x77\x69\x64\x74\x68\x3d\x22\x38\x30\
\x22\x20\x68\x65\x69\x67\x68\x74\x3d\x22\x38\x30\x22\x20\x76\x69\
\x65\x77\x42\x6f\x78\x3d\x22\x30\x20\x30\x20\x32\x34\x20\x32\x34\
\x22\x20\x66\x69\x6c\x6c\x3d\x22\x6e\x6f\x6e\x65\x22\x20\x73\x74\
\x72\x6f\x6b\x65\x3d\x22\x63\x75\x72\x72\x65\x6e\x74\x43\x6f\x6c\
\x6f\x72\x22\x20\x73\x74\x72\x6f\x6b\x65\x2d\x77\x69\x64\x74\x68\
\x3d\x22\x31\x2e\x35\x22\x20\x73\x74\x72\x6f\x6b\x65\x2d\x6c\x69\
\x6e\x65\x63\x61\x70\x3d\x22\x72\x6f\x75\x6e\x64\x22\x20\x73\x74\
\x72\x6f\x6b\x65\x2d\x6c\x69\x6e\x65\x6a\x6f\x69\x6e\x3d\x22\x72\
\x6f\x75\x6e\x64\x22\x20\x63\x6c\x61\x73\x73\x3d\x22\x66\x65\x61\
\x74\x68\x65\x72\x20\x66\x65\x61\x74\x68\x65\x72\x2d\x72\x61\x64\
\x69\x6f\x22\x3e\x3c\x63\x69\x72\x63\x6c\x65\x20\x63\x78\x3d\x22\
\x31\x32\x22\x20\x63\x79\x3d\x22\x31\x32\x22\x20\x72\x3d\x22\x32\
\x22\x3e\x3c\x2f\x63\x69\x72\x63\x6c\x65\x3e\x3c\x70\x61\x74\x68\
\x20\x64\x3d\x22\x4d\x31\x36\x2e\x32\x34\x20\x37\x2e\x37\x36\x61\
\x36\x20\x36\x20\x30\x20\x30\x20\x31\x20\x30\x20\x38\x2e\x34\x39\
\x6d\x2d\x38\x2e\x34\x38\x2d\x2e\x30\x31\x61\x36\x20\x36\x20\x30\
\x20\x30\x20\x31\x20\x30\x2d\x38\x2e\x34\x39\x6d\x31\x31\x2e\x33\
\x31\x2d\x32\x2e\x38\x32\x61\x31\x30\x20\x31\x30\x20\x30\x20\x30\
\x20\x31\x20\x30\x20\x31\x34\x2e\x31\x34\x6d\x2d\x31\x34\x2e\x31\
\x34\x20\x30\x61\x31\x30\x20\x31\x30\x20\x30\x20\x30\x20\x31\x20\
\x30\x2d\x31\x34\x2e\x31\x34\x22\x3e\x3c\x2f\x70\x61\x74\x68\x3e\
\x3c\x2f\x73\x76\x67\x3e\
\x00\x00\x01\xe8\
\x3c\
\x73\x76\x67\x20\x78\x6d\x6c\x6e\x73\x3d\x22\x68\x74\x74\x70\x3a\
\x2f\x2f\x77\x77\x77\x2e\x77\x33\x2e\x6f\x72\x67\x2f\x32\x30\x30\
\x30\x2f\x73\x76\x67\x22\x20\x77\x69\x64\x74\x68\x3d\x22\x38\x30\
\x22\x20\x68\x65\x69\x67\x68\x74\x3d\x22\x38\x30\x22\x20\x76\x69\
\x65\x77\x42\x6f\x78\x3d\x22\x30\x20\x30\x20\x32\x34\x20\x32\x34\
\x22\x20\x66\x69\x6c\x6c\x3d\x22\x6e\x6f\x6e\x65\x22\x20\x73\x74\
\x72\x6f\x6b\x65\x3d\x22\x63\x75\x72\x72\x65\x6e\x74\x43\x6f\x6c\
\x6f\x72\x22\x20\x73\x74\x72\x6f\x6b\x65\x2d\x77\x69\x64\x74\x68\
\x3d\x22\x31\x2e\x35\x22\x20\x73\x74\x72\x6f\x6b\x65\x2d\x6c\x69\
\x6e\x65\x63\x61\x70\x3d\x22\x72\x6f\x75\x6e\x64\x22\x20\x73\x74\
\x72\x6f\x6b\x65\x2d\x6c\x69\x6e\x65\x6a\x6f\x69\x6e\x3d\x22\x72\
\x6f\x75\x6e\x64\x22\x20\x63\x6c\x61\x73\x73\x3d\x22\x66\x65\x61\
\x74\x68\x65\x72\x20\x66\x65\x61\x74\x68\x65\x72\x2d\x6d\x6f\x76\
\x65\x22\x3e\x3c\x70\x6f\x6c\x79\x6c\x69\x6e\x65\x20\x70\x6f\x69\
\x6e\x74\x73\x3d\x22\x35\x20\x39\x20\x32\x20\x31\x32\x20\x35\x20\
\x31\x35\x22\x3e\x3c\x2f\x70\x6f\x6c\x79\x6c\x69\x6e\x65\x3e\x3c\
\x70\x6f\x6c\x79\x6c\x69\x6e\x65\x20\x70\x6f\x69\x6e\x74\x73\x3d\
\x22\x39\x20\x35\x20\x31\x32\x20\x32\x20\x31\x35\x20\x35\x22\x3e\
\x3c\x2f\x70\x6f\x6c\x79\x6c\x69\x6e\x65\x3e\x3c\x70\x6f\x6c\x79\
\x6c\x69\x6e\x65\x20\x70\x6f\x69\x6e\x74\x73\x3d\x22\x31\x35\x20\
\x31\x39\x20\x31\x32\x20\x32\x32\x20\x39\x20\x31\x39\x22\x3e\x3c\
\x2f\x70\x6f\x6c\x79\x6c\x69\x6e\x65\x3e\x3c\x70\x6f\x6c\x79\x6c\
\x69\x6e\x65\x20\x70\x6f\x69\x6e\x74\x73\x3d\x22\x31\x39\x20\x39\
\x20\x32\x32\x20\x31\x32\x20\x31\x39\x20\x31\x35\x22\x3e\x3c\x2f\
\x70\x6f\x6c\x79\x6c\x69\x6e\x65\x3e\x3c\x6c\x69\x6e\x65\x20\x78\
\x31\x3d\x22\x32\x22\x20\x79\x31\x3d\x22\x31\x32\x22\x20\x78\x32\
\x3d\x22\x32\x32\x22\x20\x79\x32\x3d\x22\x31\x32\x22\x3e\x3c\x2f\
\x6c\x69\x6e\x65\x3e\x3c\x6c\x69\x6e\x65\x20\x78\x31\x3d\x22\x31\
\x32\x22\x20\x79\x31\x3d\x22\x32\x22\x20\x78\x32\x3d\x22\x31\x32\
\x22\x20\x79\x32\x3d\x22\x32\x32\x22\x3e\x3c\x2f\x6c\x69\x6e\x65\
\x3e\x3c\x2f\x73\x76\x67\x3e\
\x00\x00\x01\x3a\
\x3c\
\x73\x76\x67\x20\x78\x6d\x6c\x6e\x73\x3d\x22\x68\x74\x74\x70\x3a\
\x2f\x2f\x77\x77\x77\x2e\x77\x33\x2e\x6f\x72\x67\x2f\x32\x30\x30\
\x30\x2f\x73\x76\x67\x22\x20\x77\x69\x64\x74\x68\x3d\x22\x38\x30\
\x22\x20\x68\x65\x69\x67\x68\x74\x3d\x22\x38\x30\x22\x20\x76\x69\
\x65\x77\x42\x6f\x78\x3d\x22\x30\x20\x30\x20\x32\x34\x20\x32\x34\
\x22\x20\x66\x69\x6c\x6c\x3d\x22\x6e\x6f\x6e\x65\x22\x20\x73\x74\
\x72\x6f\x6b\x65\x3d\x22\x63\x75\x72\x72\x65\x6e\x74\x43\x6f\x6c\
\x6f\x72\x22\x20\x73\x74\x72\x6f\x6b\x65\x2d\x77\x69\x64\x74\x68\
\x3d\x22\x31\x2e\x35\x22\x20\x73\x74\x72\x6f\x6b\x65\x2d\x6c\x69\
\x6e\x65\x63\x61\x70\x3d\x22\x72\x6f\x75\x6e\x64\x22\x20\x73\x74\
\x72\x6f\x6b\x65\x2d\x6c\x69\x6e\x65\x6a\x6f\x69\x6e\x3d\x22\x72\
\x6f\x75\x6e\x64\x22\x20\x63\x6c\x61\x73\x73\x3d\x22\x66\x65\x61\
\x74\x68\x65\x72\x20\x66\x65\x61\x74\x68\x65\x72\x2d\x61\x72\x72\
\x6f\x77\x2d\x75\x70\x2d\x6c\x65\x66\x74\x22\x3e\x3c\x6c\x69\x6e\
\x65\x20\x78\x31\x3d\x22\x31\x37\x22\x20\x79\x31\x3d\x22\x31\x37\
\x22\x20\x78\x32\x3d\x22\x37\x22\x20\x79\x32\x3d\x22\x37\x22\x3e\
\x3c\x2f\x6c\x69\x6e\x65\x3e\x3c\x70\x6f\x6c\x79\x6c\x69\x6e\x65\
\x20\x70\x6f\x69\x6e\x74\x73\x3d\x22\x37\x20\x31\x37\x20\x37\x20\
\x37\x20\x31\x37\x20\x37\x22\x3e\x3c\x2f\x70\x6f\x6c\x79\x6c\x69\
\x6e\x65\x3e\x3c\x2f\x73\x76\x67\x3e\
\x00\x00\x01\xa5\
\x3c\
\x73\x76\x67\x20\x78\x6d\x6c\x6e\x73\x3d\x22\x68\x74\x74\x70\x3a\
\x2f\x2f\x77\x77\x77\x2e\x77\x33\x2e\x6f\x72\x67\x2f\x32\x30\x30\
\x30\x2f\x73\x76\x67\x22\x20\x77\x69\x64\x74\x68\x3d\x22\x38\x30\
\x22\x20\x68\x65\x69\x67\x68\x74\x3d\x22\x38\x30\x22\x20\x76\x69\
\x65\x77\x42\x6f\x78\x3d\x22\x30\x20\x30\x20\x32\x34\x20\x32\x34\
\x22\x20\x66\x69\x6c\x6c\x3d\x22\x6e\x6f\x6e\x65\x22\x20\x73\x74\
\x72\x6f\x6b\x65\x3d\x22\x63\x75\x72\x72\x65\x6e\x74\x43\x6f\x6c\
\x6f\x72\x22\x20\x73\x74\x72\x6f\x6b\x65\x2d\x77\x69\x64\x74\x68\
\x3d\x22\x31\x2e\x35\x22\x20\x73\x74\x72\x6f\x6b\x65\x2d\x6c\x69\
\x6e\x65\x63\x61\x70\x3d\x22\x72\x6f\x75\x6e\x64\x22\x20\x73\x74\
\x72\x6f\x6b\x65\x2d\x6c\x69\x6e\x65\x6a\x6f\x69\x6e\x3d\x22\x72\
\x6f\x75\x6e\x64\x22\x20\x63\x6c\x61\x73\x73\x3d\x22\x66\x65\x61\
\x74\x68\x65\x72\x20\x66\x65\x61\x74\x68\x65\x72\x2d\x64\x69\x76\
\x69\x64\x65\x2d\x73\x71\x75\x61\x72\x65\x22\x3e\x3c\x72\x65\x63\
\x74\x20\x78\x3d\x22\x33\x22\x20\x79\x3d\x22\x33\x22\x20\x77\x69\
\x64\x74\x68\x3d\x22\x31\x38\x22\x20\x68\x65\x69\x67\x68\x74\x3d\
\x22\x31\x38\x22\x20\x72\x78\x3d\x22\x32\x22\x20\x72\x79\x3d\x22\
\x32\x22\x3e\x3c\x2f\x72\x65\x63\x74\x3e\x3c\x6c\x69\x6e\x65\x20\
\x78\x31\x3d\x22\x38\x22\x20\x79\x31\x3d\x22\x31\x32\x22\x20\x78\
\x32\x3d\x22\x31\x36\x22\x20\x79\x32\x3d\x22\x31\x32\x22\x3e\x3c\
\x2f\x6c\x69\x6e\x65\x3e\x3c\x6c\x69\x6e\x65\x20\x78\x31\x3d\x22\
\x31\x32\x22\x20\x79\x31\x3d\x22\x31\x36\x22\x20\x78\x32\x3d\x22\
\x31\x32\x22\x20\x79\x32\x3d\x22\x31\x36\x22\x3e\x3c\x2f\x6c\x69\
\x6e\x65\x3e\x3c\x6c\x69\x6e\x65\x20\x78\x31\x3d\x22\x31\x32\x22\
\x20\x79\x31\x3d\x22\x38\x22\x20\x78\x32\x3d\x22\x31\x32\x22\x20\
\x79\x32\x3d\x22\x38\x22\x3e\x3c\x2f\x6c\x69\x6e\x65\x3e\x3c\x2f\
\x73\x76\x67\x3e\
\x00\x00\x01\x4e\
\x3c\
\x73\x76\x67\x20\x78\x6d\x6c\x6e\x73\x3d\x22\x68\x74\x74\x70\x3a\
\x2f\x2f\x77\x77\x77\x2e\x77\x33\x2e\x6f\x72\x67\x2f\x32\x30\x30\
\x30\x2f\x73\x76\x67\x22\x20\x77\x69\x64\x74\x68\x3d\x22\x38\x30\
\x22\x20\x68\x65\x69\x67\x68\x74\x3d\x22\x38\x30\x22\x20\x76\x69\
\x65\x77\x42\x6f\x78\x3d\x22\x30\x20\x30\x20\x32\x34\x20\x32\x34\
\x22\x20\x66\x69\x6c\x6c\x3d\x22\x6e\x6f\x6e\x65\x22\x20\x73\x74\
\x72\x6f\x6b\x65\x3d\x22\x63\x75\x72\x72\x65\x6e\x74\x43\x6f\x6c\
\x6f\x72\x22\x20\x73\x74\x72\x6f\x6b\x65\x2d\x77\x69\x64\x74\x68\
\x3d\x22\x31\x2e\x35\x22\x20\x73\x74\x72\x6f\x6b\x65\x2d\x6c\x69\
\x6e\x65\x63\x61\x70\x3d\x22\x72\x6f\x75\x6e\x64\x22\x20\x73\x74\
\x72\x6f\x6b\x65\x2d\x6c\x69\x6e\x65\x6a\x6f\x69\x6e\x3d\x22\x72\
\x6f\x75\x6e\x64\x22\x20\x63\x6c\x61\x73\x73\x3d\x22\x66\x65\x61\
\x74\x68\x65\x72\x20\x66\x65\x61\x74\x68\x65\x72\x2d\x68\x6f\x6d\
\x65\x22\x3e\x3c\x70\x61\x74\x68\x20\x64\x3d\x22\x4d\x33\x20\x39\
\x6c\x39\x2d\x37\x20\x39\x20\x37\x76\x31\x31\x61\x32\x20\x32\x20\
\x30\x20\x30\x20\x31\x2d\x32\x20\x32\x48\x35\x61\x32\x20\x32\x20\
\x30\x20\x30\x20\x31\x2d\x32\x2d\x32\x7a\x22\x3e\x3c\x2f\x70\x61\
\x74\x68\x3e\x3c\x70\x6f\x6c\x79\x6c\x69\x6e\x65\x20\x70\x6f\x69\
\x6e\x74\x73\x3d\x22\x39\x20\x32\x32\x20\x39\x20\x31\x32\x20\x31\
\x35\x20\x31\x32\x20\x31\x35\x20\x32\x32\x22\x3e\x3c\x2f\x70\x6f\
\x6c\x79\x6c\x69\x6e\x65\x3e\x3c\x2f\x73\x76\x67\x3e\
\x00\x00\x01\x3b\
\x3c\
\x73\x76\x67\x20\x78\x6d\x6c\x6e\x73\x3d\x22\x68\x74\x74\x70\x3a\
\x2f\x2f\x77\x77\x77\x2e\x77\x33\x2e\x6f\x72\x67\x2f\x32\x30\x30\
\x30\x2f\x73\x76\x67\x22\x20\x77\x69\x64\x74\x68\x3d\x22\x38\x30\
\x22\x20\x68\x65\x69\x67\x68\x74\x3d\x22\x38\x30\x22\x20\x76\x69\
\x65\x77\x42\x6f\x78\x3d\x22\x30\x20\x30\x20\x32\x34\x20\x32\x34\
\x22\x20\x66\x69\x6c\x6c\x3d\x22\x6e\x6f\x6e\x65\x22\x20\x73\x74\
\x72\x6f\x6b\x65\x3d\x22\x63\x75\x72\x72\x65\x6e\x74\x43\x6f\x6c\
\x6f\x72\x22\x20\x73\x74\x72\x6f\x6b\x65\x2d\x77\x69\x64\x74\x68\
\x3d\x22\x31\x2e\x35\x22\x20\x73\x74\x72\x6f\x6b\x65\x2d\x6c\x69\
\x6e\x65\x63\x61\x70\x3d\x22\x72\x6f\x75\x6e\x64\x22\x20\x73\x74\
\x72\x6f\x6b\x65\x2d\x6c\x69\x6e\x65\x6a\x6f\x69\x6e\x3d\x22\x72\
\x6f\x75\x6e\x64\x22\x20\x63\x6c\x61\x73\x73\x3d\x22\x66\x65\x61\
\x74\x68\x65\x72\x20\x66\x65\x61\x74\x68\x65\x72\x2d\x70\x6c\x61\
\x79\x2d\x63\x69\x72\x63\x6c\x65\x22\x3e\x3c\x63\x69\x72\x63\x6c\
\x65\x20\x63\x78\x3d\x22\x31\x32\x22\x20\x63\x79\x3d\x22\x31\x32\
\x22\x20\x72\x3d\x22\x31\x30\x22\x3e\x3c\x2f\x63\x69\x72\x63\x6c\
\x65\x3e\x3c\x70\x6f\x6c\x79\x67\x6f\x6e\x20\x70\x6f\x69\x6e\x74\
\x73\x3d\x22\x31\x30\x20\x38\x20\x31\x36\x20\x31\x32\x20\x31\x30\
\x20\x31\x36\x20\x31\x30\x20\x38\x22\x3e\x3c\x2f\x70\x6f\x6c\x79\
\x67\x6f\x6e\x3e\x3c\x2f\x73\x76\x67\x3e\
\x00\x00\x01\x6b\
\x3c\
\x73\x76\x67\x20\x78\x6d\x6c\x6e\x73\x3d\x22\x68\x74\x74\x70\x3a\
\x2f\x2f\x77\x77\x77\x2e\x77\x33\x2e\x6f\x72\x67\x2f\x32\x30\x30\
\x30\x2f\x73\x76\x67\x22\x20\x77\x69\x64\x74\x68\x3d\x22\x38\x30\
\x22\x20\x68\x65\x69\x67\x68\x74\x3d\x22\x38\x30\x22\x20\x76\x69\
\x65\x77\x42\x6f\x78\x3d\x22\x30\x20\x30\x20\x32\x34\x20\x32\x34\
\x22\x20\x66\x69\x6c\x6c\x3d\x22\x6e\x6f\x6e\x65\x22\x20\x73\x74\
\x72\x6f\x6b\x65\x3d\x22\x63\x75\x72\x72\x65\x6e\x74\x43\x6f\x6c\
\x6f\x72\x22\x20\x73\x74\x72\x6f\x6b\x65\x2d\x77\x69\x64\x74\x68\
\x3d\x22\x31\x2e\x35\x22\x20\x73\x74\x72\x6f\x6b\x65\x2d\x6c\x69\
\x6e\x65\x63\x61\x70\x3d\x22\x72\x6f\x75\x6e\x64\x22\x20\x73\x74\
\x72\x6f\x6b\x65\x2d\x6c\x69\x6e\x65\x6a\x6f\x69\x6e\x3d\x22\x72\
\x6f\x75\x6e\x64\x22\x20\x63\x6c\x61\x73\x73\x3d\x22\x66\x65\x61\
\x74\x68\x65\x72\x20\x66\x65\x61\x74\x68\x65\x72\x2d\x66\x6f\x6c\
\x64\x65\x72\x2d\x6d\x69\x6e\x75\x73\x22\x3e\x3c\x70\x61\x74\x68\
\x20\x64\x3d\x22\x4d\x32\x32\x20\x31\x39\x61\x32\x20\x32\x20\x30\
\x20\x30\x20\x31\x2d\x32\x20\x32\x48\x34\x61\x32\x20\x32\x20\x30\
\x20\x30\x20\x31\x2d\x32\x2d\x32\x56\x35\x61\x32\x20\x32\x20\x30\
\x20\x30\x20\x31\x20\x32\x2d\x32\x68\x35\x6c\x32\x20\x33\x68\x39\
\x61\x32\x20\x32\x20\x30\x20\x30\x20\x31\x20\x32\x20\x32\x7a\x22\
\x3e\x3c\x2f\x70\x61\x74\x68\x3e\x3c\x6c\x69\x6e\x65\x20\x78\x31\
\x3d\x22\x39\x22\x20\x79\x31\x3d\x22\x31\x34\x22\x20\x78\x32\x3d\
\x22\x31\x35\x22\x20\x79\x32\x3d\x22\x31\x34\x22\x3e\x3c\x2f\x6c\
\x69\x6e\x65\x3e\x3c\x2f\x73\x76\x67\x3e\
\x00\x00\x02\x4e\
\x3c\
\x73\x76\x67\x20\x78\x6d\x6c\x6e\x73\x3d\x22\x68\x74\x74\x70\x3a\
\x2f\x2f\x77\x77\x77\x2e\x77\x33\x2e\x6f\x72\x67\x2f\x32\x30\x30\
\x30\x2f\x73\x76\x67\x22\x20\x77\x69\x64\x74\x68\x3d\x22\x38\x30\
\x22\x20\x68\x65\x69\x67\x68\x74\x3d\x22\x38\x30\x22\x20\x76\x69\
\x65\x77\x42\x6f\x78\x3d\x22\x30\x20\x30\x20\x32\x34\x20\x32\x34\
\x22\x20\x66\x69\x6c\x6c\x3d\x22\x6e\x6f\x6e\x65\x22\x20\x73\x74\
\x72\x6f\x6b\x65\x3d\x22\x63\x75\x72\x72\x65\x6e\x74\x43\x6f\x6c\
\x6f\x72\x22\x20\x73\x74\x72\x6f\x6b\x65\x2d\x77\x69\x64\x74\x68\
\x3d\x22\x31\x2e\x35\x22\x20\x73\x74\x72\x6f\x6b\x65\x2d\x6c\x69\
\x6e\x65\x63\x61\x70\x3d\x22\x72\x6f\x75\x6e\x64\x22\x20\x73\x74\
\x72\x6f\x6b\x65\x2d\x6c\x69\x6e\x65\x6a\x6f\x69\x6e\x3d\x22\x72\
\x6f\x75\x6e\x64\x22\x20\x63\x6c\x61\x73\x73\x3d\x22\x66\x65\x61\
\x74\x68\x65\x72\x20\x66\x65\x61\x74\x68\x65\x72\x2d\x73\x75\x6e\
\x73\x65\x74\x22\x3e\x3c\x70\x61\x74\x68\x20\x64\x3d\x22\x4d\x31\
\x37\x20\x31\x38\x61\x35\x20\x35\x20\x30\x20\x30\x20\x30\x2d\x31\
\x30\x20\x30\x22\x3e\x3c\x2f\x70\x61\x74\x68\x3e\x3c\x6c\x69\x6e\
\x65\x20\x78\x31\x3d\x22\x31\x32\x22\x20\x79\x31\x3d\x22\x39\x22\
\x20\x78\x32\x3d\x22\x31\x32\x22\x20\x79\x32\x3d\x22\x32\x22\x3e\
\x3c\x2f\x6c\x69\x6e\x65\x3e\x3c\x6c\x69\x6e\x65\x20\x78\x31\x3d\
\x22\x34\x2e\x32\x32\x22\x20\x79\x31\x3d\x22\x31\x30\x2e\x32\x32\
\x22\x20\x78\x32\x3d\x22\x35\x2e\x36\x34\x22\x20\x79\x32\x3d\x22\
\x31\x31\x2e\x36\x34\x22\x3e\x3c\x2f\x6c\x69\x6e\x65\x3e\x3c\x6c\
\x69\x6e\x65\x20\x78\x31\x3d\x22\x31\x22\x20\x79\x31\x3d\x22\x31\
\x38\x22\x20\x78\x32\x3d\x22\x33\x22\x20\x79\x32\x3d\x22\x31\x38\
\x22\x3e\x3c\x2f\x6c\x69\x6e\x65\x3e\x3c\x6c\x69\x6e\x65\x20\x78\
\x31\x3d\x22\x32\x31\x22\x20\x79\x31\x3d\x22\x31\x38\x22\x20\x78\
\x32\x3d\x22\x32\x33\x22\x20\x79\x32\x3d\x22\x31\x38\x22\x3e\x3c\
\x2f\x6c\x69\x6e\x65\x3e\x3c\x6c\x69\x6e\x65\x20\x78\x31\x3d\x22\
\x31\x38\x2e\x33\x36\x22\x20\x79\x31\x3d\x22\x31\x31\x2e\x36\x34\
\x22\x20\x78\x32\x3d\x22\x31\x39\x2e\x37\x38\x22\x20\x79\x32\x3d\
\x22\x31\x30\x2e\x32\x32\x22\x3e\x3c\x2f\x6c\x69\x6e\x65\x3e\x3c\
\x6c\x69\x6e\x65\x20\x78\x31\x3d\x22\x32\x33\x22\x20\x79\x31\x3d\
\x22\x32\x32\x22\x20\x78\x32\x3d\x22\x31\x22\x20\x79\x32\x3d\x22\
\x32\x32\x22\x3e\x3c\x2f\x6c\x69\x6e\x65\x3e\x3c\x70\x6f\x6c\x79\
\x6c\x69\x6e\x65\x20\x70\x6f\x69\x6e\x74\x73\x3d\x22\x31\x36\x20\
\x35\x20\x31\x32\x20\x39\x20\x38\x20\x35\x22\x3e\x3c\x2f\x70\x6f\
\x6c\x79\x6c\x69\x6e\x65\x3e\x3c\x2f\x73\x76\x67\x3e\
\x00\x00\x01\x8f\
\x3c\
\x73\x76\x67\x20\x78\x6d\x6c\x6e\x73\x3d\x22\x68\x74\x74\x70\x3a\
\x2f\x2f\x77\x77\x77\x2e\x77\x33\x2e\x6f\x72\x67\x2f\x32\x30\x30\
\x30\x2f\x73\x76\x67\x22\x20\x77\x69\x64\x74\x68\x3d\x22\x38\x30\
\x22\x20\x68\x65\x69\x67\x68\x74\x3d\x22\x38\x30\x22\x20\x76\x69\
\x65\x77\x42\x6f\x78\x3d\x22\x30\x20\x30\x20\x32\x34\x20\x32\x34\
\x22\x20\x66\x69\x6c\x6c\x3d\x22\x6e\x6f\x6e\x65\x22\x20\x73\x74\
\x72\x6f\x6b\x65\x3d\x22\x63\x75\x72\x72\x65\x6e\x74\x43\x6f\x6c\
\x6f\x72\x22\x20\x73\x74\x72\x6f\x6b\x65\x2d\x77\x69\x64\x74\x68\
\x3d\x22\x31\x2e\x35\x22\x20\x73\x74\x72\x6f\x6b\x65\x2d\x6c\x69\
\x6e\x65\x63\x61\x70\x3d\x22\x72\x6f\x75\x6e\x64\x22\x20\x73\x74\
\x72\x6f\x6b\x65\x2d\x6c\x69\x6e\x65\x6a\x6f\x69\x6e\x3d\x22\x72\
\x6f\x75\x6e\x64\x22\x20\x63\x6c\x61\x73\x73\x3d\x22\x66\x65\x61\
\x74\x68\x65\x72\x20\x66\x65\x61\x74\x68\x65\x72\x2d\x61\x6c\x69\
\x67\x6e\x2d\x72\x69\x67\x68\x74\x22\x3e\x3c\x6c\x69\x6e\x65\x20\
\x78\x31\x3d\x22\x32\x31\x22\x20\x79\x31\x3d\x22\x31\x30\x22\x20\
\x78\x32\x3d\x22\x37\x22\x20\x79\x32\x3d\x22\x31\x30\x22\x3e\x3c\
\x2f\x6c\x69\x6e\x65\x3e\x3c\x6c\x69\x6e\x65\x20\x78\x31\x3d\x22\
\x32\x31\x22\x20\x79\x31\x3d\x22\x36\x22\x20\x78\x32\x3d\x22\x33\
\x22\x20\x79\x32\x3d\x22\x36\x22\x3e\x3c\x2f\x6c\x69\x6e\x65\x3e\
\x3c\x6c\x69\x6e\x65\x20\x78\x31\x3d\x22\x32\x31\x22\x20\x79\x31\
\x3d\x22\x31\x34\x22\x20\x78\x32\x3d\x22\x33\x22\x20\x79\x32\x3d\
\x22\x31\x34\x22\x3e\x3c\x2f\x6c\x69\x6e\x65\x3e\x3c\x6c\x69\x6e\
\x65\x20\x78\x31\x3d\x22\x32\x31\x22\x20\x79\x31\x3d\x22\x31\x38\
\x22\x20\x78\x32\x3d\x22\x37\x22\x20\x79\x32\x3d\x22\x31\x38\x22\
\x3e\x3c\x2f\x6c\x69\x6e\x65\x3e\x3c\x2f\x73\x76\x67\x3e\
\x00\x00\x01\x6f\
\x3c\
\x73\x76\x67\x20\x78\x6d\x6c\x6e\x73\x3d\x22\x68\x74\x74\x70\x3a\
\x2f\x2f\x77\x77\x77\x2e\x77\x33\x2e\x6f\x72\x67\x2f\x32\x30\x30\
\x30\x2f\x73\x76\x67\x22\x20\x77\x69\x64\x74\x68\x3d\x22\x38\x30\
\x22\x20\x68\x65\x69\x67\x68\x74\x3d\x22\x38\x30\x22\x20\x76\x69\
\x65\x77\x42\x6f\x78\x3d\x22\x30\x20\x30\x20\x32\x34\x20\x32\x34\
\x22\x20\x66\x69\x6c\x6c\x3d\x22\x6e\x6f\x6e\x65\x22\x20\x73\x74\
\x72\x6f\x6b\x65\x3d\x22\x63\x75\x72\x72\x65\x6e\x74\x43\x6f\x6c\
\x6f\x72\x22\x20\x73\x74\x72\x6f\x6b\x65\x2d\x77\x69\x64\x74\x68\
\x3d\x22\x31\x2e\x35\x22\x20\x73\x74\x72\x6f\x6b\x65\x2d\x6c\x69\
\x6e\x65\x63\x61\x70\x3d\x22\x72\x6f\x75\x6e\x64\x22\x20\x73\x74\
\x72\x6f\x6b\x65\x2d\x6c\x69\x6e\x65\x6a\x6f\x69\x6e\x3d\x22\x72\
\x6f\x75\x6e\x64\x22\x20\x63\x6c\x61\x73\x73\x3d\x22\x66\x65\x61\
\x74\x68\x65\x72\x20\x66\x65\x61\x74\x68\x65\x72\x2d\x75\x73\x65\
\x72\x2d\x6d\x69\x6e\x75\x73\x22\x3e\x3c\x70\x61\x74\x68\x20\x64\
\x3d\x22\x4d\x31\x36\x20\x32\x31\x76\x2d\x32\x61\x34\x20\x34\x20\
\x30\x20\x30\x20\x30\x2d\x34\x2d\x34\x48\x35\x61\x34\x20\x34\x20\
\x30\x20\x30\x20\x30\x2d\x34\x20\x34\x76\x32\x22\x3e\x3c\x2f\x70\
\x61\x74\x68\x3e\x3c\x63\x69\x72\x63\x6c\x65\x20\x63\x78\x3d\x22\
\x38\x2e\x35\x22\x20\x63\x79\x3d\x22\x37\x22\x20\x72\x3d\x22\x34\
\x22\x3e\x3c\x2f\x63\x69\x72\x63\x6c\x65\x3e\x3c\x6c\x69\x6e\x65\
\x20\x78\x31\x3d\x22\x32\x33\x22\x20\x79\x31\x3d\x22\x31\x31\x22\
\x20\x78\x32\x3d\x22\x31\x37\x22\x20\x79\x32\x3d\x22\x31\x31\x22\
\x3e\x3c\x2f\x6c\x69\x6e\x65\x3e\x3c\x2f\x73\x76\x67\x3e\
\x00\x00\x01\xbf\
\x3c\
\x73\x76\x67\x20\x78\x6d\x6c\x6e\x73\x3d\x22\x68\x74\x74\x70\x3a\
\x2f\x2f\x77\x77\x77\x2e\x77\x33\x2e\x6f\x72\x67\x2f\x32\x30\x30\
\x30\x2f\x73\x76\x67\x22\x20\x77\x69\x64\x74\x68\x3d\x22\x38\x30\
\x22\x20\x68\x65\x69\x67\x68\x74\x3d\x22\x38\x30\x22\x20\x76\x69\
\x65\x77\x42\x6f\x78\x3d\x22\x30\x20\x30\x20\x32\x34\x20\x32\x34\
\x22\x20\x66\x69\x6c\x6c\x3d\x22\x6e\x6f\x6e\x65\x22\x20\x73\x74\
\x72\x6f\x6b\x65\x3d\x22\x63\x75\x72\x72\x65\x6e\x74\x43\x6f\x6c\
\x6f\x72\x22\x20\x73\x74\x72\x6f\x6b\x65\x2d\x77\x69\x64\x74\x68\
\x3d\x22\x31\x2e\x35\x22\x20\x73\x74\x72\x6f\x6b\x65\x2d\x6c\x69\
\x6e\x65\x63\x61\x70\x3d\x22\x72\x6f\x75\x6e\x64\x22\x20\x73\x74\
\x72\x6f\x6b\x65\x2d\x6c\x69\x6e\x65\x6a\x6f\x69\x6e\x3d\x22\x72\
\x6f\x75\x6e\x64\x22\x20\x63\x6c\x61\x73\x73\x3d\x22\x66\x65\x61\
\x74\x68\x65\x72\x20\x66\x65\x61\x74\x68\x65\x72\x2d\x73\x68\x61\
\x72\x65\x2d\x32\x22\x3e\x3c\x63\x69\x72\x63\x6c\x65\x20\x63\x78\
\x3d\x22\x31\x38\x22\x20\x63\x79\x3d\x22\x35\x22\x20\x72\x3d\x22\
\x33\x22\x3e\x3c\x2f\x63\x69\x72\x63\x6c\x65\x3e\x3c\x63\x69\x72\
\x63\x6c\x65\x20\x63\x78\x3d\x22\x36\x22\x20\x63\x79\x3d\x22\x31\
\x32\x22\x20\x72\x3d\x22\x33\x22\x3e\x3c\x2f\x63\x69\x72\x63\x6c\
\x65\x3e\x3c\x63\x69\x72\x63\x6c\x65\x20\x63\x78\x3d\x22\x31\x38\
\x22\x20\x63\x79\x3d\x22\x31\x39\x22\x20\x72\x3d\x22\x33\x22\x3e\
\x3c\x2f\x63\x69\x72\x63\x6c\x65\x3e\x3c\x6c\x69\x6e\x65\x20\x78\
\x31\x3d\x22\x38\x2e\x35\x39\x22\x20\x79\x31\x3d\x22\x31\x33\x2e\
\x35\x31\x22\x20\x78\x32\x3d\x22\x31\x35\x2e\x34\x32\x22\x20\x79\
\x32\x3d\x22\x31\x37\x2e\x34\x39\x22\x3e\x3c\x2f\x6c\x69\x6e\x65\
\x3e\x3c\x6c\x69\x6e\x65\x20\x78\x31\x3d\x22\x31\x35\x2e\x34\x31\
\x22\x20\x79\x31\x3d\x22\x36\x2e\x35\x31\x22\x20\x78\x32\x3d\x22\
\x38\x2e\x35\x39\x22\x20\x79\x32\x3d\x22\x31\x30\x2e\x34\x39\x22\
\x3e\x3c\x2f\x6c\x69\x6e\x65\x3e\x3c\x2f\x73\x76\x67\x3e\
\x00\x00\x01\x68\
\x3c\
\x73\x76\x67\x20\x78\x6d\x6c\x6e\x73\x3d\x22\x68\x74\x74\x70\x3a\
\x2f\x2f\x77\x77\x77\x2e\x77\x33\x2e\x6f\x72\x67\x2f\x32\x30\x30\
\x30\x2f\x73\x76\x67\x22\x20\x77\x69\x64\x74\x68\x3d\x22\x38\x30\
\x22\x20\x68\x65\x69\x67\x68\x74\x3d\x22\x38\x30\x22\x20\x76\x69\
\x65\x77\x42\x6f\x78\x3d\x22\x30\x20\x30\x20\x32\x34\x20\x32\x34\
\x22\x20\x66\x69\x6c\x6c\x3d\x22\x6e\x6f\x6e\x65\x22\x20\x73\x74\
\x72\x6f\x6b\x65\x3d\x22\x63\x75\x72\x72\x65\x6e\x74\x43\x6f\x6c\
\x6f\x72\x22\x20\x73\x74\x72\x6f\x6b\x65\x2d\x77\x69\x64\x74\x68\
\x3d\x22\x31\x2e\x35\x22\x20\x73\x74\x72\x6f\x6b\x65\x2d\x6c\x69\
\x6e\x65\x63\x61\x70\x3d\x22\x72\x6f\x75\x6e\x64\x22\x20\x73\x74\
\x72\x6f\x6b\x65\x2d\x6c\x69\x6e\x65\x6a\x6f\x69\x6e\x3d\x22\x72\
\x6f\x75\x6e\x64\x22\x20\x63\x6c\x61\x73\x73\x3d\x22\x66\x65\x61\
\x74\x68\x65\x72\x20\x66\x65\x61\x74\x68\x65\x72\x2d\x67\x69\x74\
\x2d\x63\x6f\x6d\x6d\x69\x74\x22\x3e\x3c\x63\x69\x72\x63\x6c\x65\
\x20\x63\x78\x3d\x22\x31\x32\x22\x20\x63\x79\x3d\x22\x31\x32\x22\
\x20\x72\x3d\x22\x34\x22\x3e\x3c\x2f\x63\x69\x72\x63\x6c\x65\x3e\
\x3c\x6c\x69\x6e\x65\x20\x78\x31\x3d\x22\x31\x2e\x30\x35\x22\x20\
\x79\x31\x3d\x22\x31\x32\x22\x20\x78\x32\x3d\x22\x37\x22\x20\x79\
\x32\x3d\x22\x31\x32\x22\x3e\x3c\x2f\x6c\x69\x6e\x65\x3e\x3c\x6c\
\x69\x6e\x65\x20\x78\x31\x3d\x22\x31\x37\x2e\x30\x31\x22\x20\x79\
\x31\x3d\x22\x31\x32\x22\x20\x78\x32\x3d\x22\x32\x32\x2e\x39\x36\
\x22\x20\x79\x32\x3d\x22\x31\x32\x22\x3e\x3c\x2f\x6c\x69\x6e\x65\
\x3e\x3c\x2f\x73\x76\x67\x3e\
\x00\x00\x01\x66\
\x3c\
\x73\x76\x67\x20\x78\x6d\x6c\x6e\x73\x3d\x22\x68\x74\x74\x70\x3a\
\x2f\x2f\x77\x77\x77\x2e\x77\x33\x2e\x6f\x72\x67\x2f\x32\x30\x30\
\x30\x2f\x73\x76\x67\x22\x20\x77\x69\x64\x74\x68\x3d\x22\x38\x30\
\x22\x20\x68\x65\x69\x67\x68\x74\x3d\x22\x38\x30\x22\x20\x76\x69\
\x65\x77\x42\x6f\x78\x3d\x22\x30\x20\x30\x20\x32\x34\x20\x32\x34\
\x22\x20\x66\x69\x6c\x6c\x3d\x22\x6e\x6f\x6e\x65\x22\x20\x73\x74\
\x72\x6f\x6b\x65\x3d\x22\x63\x75\x72\x72\x65\x6e\x74\x43\x6f\x6c\
\x6f\x72\x22\x20\x73\x74\x72\x6f\x6b\x65\x2d\x77\x69\x64\x74\x68\
\x3d\x22\x31\x2e\x35\x22\x20\x73\x74\x72\x6f\x6b\x65\x2d\x6c\x69\
\x6e\x65\x63\x61\x70\x3d\x22\x72\x6f\x75\x6e\x64\x22\x20\x73\x74\
\x72\x6f\x6b\x65\x2d\x6c\x69\x6e\x65\x6a\x6f\x69\x6e\x3d\x22\x72\
\x6f\x75\x6e\x64\x22\x20\x63\x6c\x61\x73\x73\x3d\x22\x66\x65\x61\
\x74\x68\x65\x72\x20\x66\x65\x61\x74\x68\x65\x72\x2d\x61\x6c\x65\
\x72\x74\x2d\x63\x69\x72\x63\x6c\x65\x22\x3e\x3c\x63\x69\x72\x63\
\x6c\x65\x20\x63\x78\x3d\x22\x31\x32\x22\x20\x63\x79\x3d\x22\x31\
\x32\x22\x20\x72\x3d\x22\x31\x30\x22\x3e\x3c\x2f\x63\x69\x72\x63\
\x6c\x65\x3e\x3c\x6c\x69\x6e\x65\x20\x78\x31\x3d\x22\x31\x32\x22\
\x20\x79\x31\x3d\x22\x38\x22\x20\x78\x32\x3d\x22\x31\x32\x22\x20\
\x79\x32\x3d\x22\x31\x32\x22\x3e\x3c\x2f\x6c\x69\x6e\x65\x3e\x3c\
\x6c\x69\x6e\x65\x20\x78\x31\x3d\x22\x31\x32\x22\x20\x79\x31\x3d\
\x22\x31\x36\x22\x20\x78\x32\x3d\x22\x31\x32\x2e\x30\x31\x22\x20\
\x79\x32\x3d\x22\x31\x36\x22\x3e\x3c\x2f\x6c\x69\x6e\x65\x3e\x3c\
\x2f\x73\x76\x67\x3e\
\x00\x00\x01\x85\
\x3c\
\x73\x76\x67\x20\x78\x6d\x6c\x6e\x73\x3d\x22\x68\x74\x74\x70\x3a\
\x2f\x2f\x77\x77\x77\x2e\x77\x33\x2e\x6f\x72\x67\x2f\x32\x30\x30\
\x30\x2f\x73\x76\x67\x22\x20\x77\x69\x64\x74\x68\x3d\x22\x38\x30\
\x22\x20\x68\x65\x69\x67\x68\x74\x3d\x22\x38\x30\x22\x20\x76\x69\
\x65\x77\x42\x6f\x78\x3d\x22\x30\x20\x30\x20\x32\x34\x20\x32\x34\
\x22\x20\x66\x69\x6c\x6c\x3d\x22\x6e\x6f\x6e\x65\x22\x20\x73\x74\
\x72\x6f\x6b\x65\x3d\x22\x63\x75\x72\x72\x65\x6e\x74\x43\x6f\x6c\
\x6f\x72\x22\x20\x73\x74\x72\x6f\x6b\x65\x2d\x77\x69\x64\x74\x68\
\x3d\x22\x31\x2e\x35\x22\x20\x73\x74\x72\x6f\x6b\x65\x2d\x6c\x69\
\x6e\x65\x63\x61\x70\x3d\x22\x72\x6f\x75\x6e\x64\x22\x20\x73\x74\
\x72\x6f\x6b\x65\x2d\x6c\x69\x6e\x65\x6a\x6f\x69\x6e\x3d\x22\x72\
\x6f\x75\x6e\x64\x22\x20\x63\x6c\x61\x73\x73\x3d\x22\x66\x65\x61\
\x74\x68\x65\x72\x20\x66\x65\x61\x74\x68\x65\x72\x2d\x66\x69\x6c\
\x65\x2d\x6d\x69\x6e\x75\x73\x22\x3e\x3c\x70\x61\x74\x68\x20\x64\
\x3d\x22\x4d\x31\x34\x20\x32\x48\x36\x61\x32\x20\x32\x20\x30\x20\
\x30\x20\x30\x2d\x32\x20\x32\x76\x31\x36\x61\x32\x20\x32\x20\x30\
\x20\x30\x20\x30\x20\x32\x20\x32\x68\x31\x32\x61\x32\x20\x32\x20\
\x30\x20\x30\x20\x30\x20\x32\x2d\x32\x56\x38\x7a\x22\x3e\x3c\x2f\
\x70\x61\x74\x68\x3e\x3c\x70\x6f\x6c\x79\x6c\x69\x6e\x65\x20\x70\
\x6f\x69\x6e\x74\x73\x3d\x22\x31\x34\x20\x32\x20\x31\x34\x20\x38\
\x20\x32\x30\x20\x38\x22\x3e\x3c\x2f\x70\x6f\x6c\x79\x6c\x69\x6e\
\x65\x3e\x3c\x6c\x69\x6e\x65\x20\x78\x31\x3d\x22\x39\x22\x20\x79\
\x31\x3d\x22\x31\x35\x22\x20\x78\x32\x3d\x22\x31\x35\x22\x20\x79\
\x32\x3d\x22\x31\x35\x22\x3e\x3c\x2f\x6c\x69\x6e\x65\x3e\x3c\x2f\
\x73\x76\x67\x3e\
\x00\x00\x02\x68\
\x3c\
\x73\x76\x67\x20\x78\x6d\x6c\x6e\x73\x3d\x22\x68\x74\x74\x70\x3a\
\x2f\x2f\x77\x77\x77\x2e\x77\x33\x2e\x6f\x72\x67\x2f\x32\x30\x30\
\x30\x2f\x73\x76\x67\x22\x20\x77\x69\x64\x74\x68\x3d\x22\x38\x30\
\x22\x20\x68\x65\x69\x67\x68\x74\x3d\x22\x38\x30\x22\x20\x76\x69\
\x65\x77\x42\x6f\x78\x3d\x22\x30\x20\x30\x20\x32\x34\x20\x32\x34\
\x22\x20\x66\x69\x6c\x6c\x3d\x22\x6e\x6f\x6e\x65\x22\x20\x73\x74\
\x72\x6f\x6b\x65\x3d\x22\x63\x75\x72\x72\x65\x6e\x74\x43\x6f\x6c\
\x6f\x72\x22\x20\x73\x74\x72\x6f\x6b\x65\x2d\x77\x69\x64\x74\x68\
\x3d\x22\x31\x2e\x35\x22\x20\x73\x74\x72\x6f\x6b\x65\x2d\x6c\x69\
\x6e\x65\x63\x61\x70\x3d\x22\x72\x6f\x75\x6e\x64\x22\x20\x73\x74\
\x72\x6f\x6b\x65\x2d\x6c\x69\x6e\x65\x6a\x6f\x69\x6e\x3d\x22\x72\
\x6f\x75\x6e\x64\x22\x20\x63\x6c\x61\x73\x73\x3d\x22\x66\x65\x61\
\x74\x68\x65\x72\x20\x66\x65\x61\x74\x68\x65\x72\x2d\x6c\x6f\x61\
\x64\x65\x72\x22\x3e\x3c\x6c\x69\x6e\x65\x20\x78\x31\x3d\x22\x31\
\x32\x22\x20\x79\x31\x3d\x22\x32\x22\x20\x78\x32\x3d\x22\x31\x32\
\x22\x20\x79\x32\x3d\x22\x36\x22\x3e\x3c\x2f\x6c\x69\x6e\x65\x3e\
\x3c\x6c\x69\x6e\x65\x20\x78\x31\x3d\x22\x31\x32\x22\x20\x79\x31\
\x3d\x22\x31\x38\x22\x20\x78\x32\x3d\x22\x31\x32\x22\x20\x79\x32\
\x3d\x22\x32\x32\x22\x3e\x3c\x2f\x6c\x69\x6e\x65\x3e\x3c\x6c\x69\
\x6e\x65\x20\x78\x31\x3d\x22\x34\x2e\x39\x33\x22\x20\x79\x31\x3d\
\x22\x34\x2e\x39\x33\x22\x20\x78\x32\x3d\x22\x37\x2e\x37\x36\x22\
\x20\x79\x32\x3d\x22\x37\x2e\x37\x36\x22\x3e\x3c\x2f\x6c\x69\x6e\
\x65\x3e\x3c\x6c\x69\x6e\x65\x20\x78\x31\x3d\x22\x31\x36\x2e\x32\
\x34\x22\x20\x79\x31\x3d\x22\x31\x36\x2e\x32\x34\x22\x20\x78\x32\
\x3d\x22\x31\x39\x2e\x30\x37\x22\x20\x79\x32\x3d\x22\x31\x39\x2e\
\x30\x37\x22\x3e\x3c\x2f\x6c\x69\x6e\x65\x3e\x3c\x6c\x69\x6e\x65\
\x20\x78\x31\x3d\x22\x32\x22\x20\x79\x31\x3d\x22\x31\x32\x22\x20\
\x78\x32\x3d\x22\x36\x22\x20\x79\x32\x3d\x22\x31\x32\x22\x3e\x3c\
\x2f\x6c\x69\x6e\x65\x3e\x3c\x6c\x69\x6e\x65\x20\x78\x31\x3d\x22\
\x31\x38\x22\x20\x79\x31\x3d\x22\x31\x32\x22\x20\x78\x32\x3d\x22\
\x32\x32\x22\x20\x79\x32\x3d\x22\x31\x32\x22\x3e\x3c\x2f\x6c\x69\
\x6e\x65\x3e\x3c\x6c\x69\x6e\x65\x20\x78\x31\x3d\x22\x34\x2e\x39\
\x33\x22\x20\x79\x31\x3d\x22\x31\x39\x2e\x30\x37\x22\x20\x78\x32\
\x3d\x22\x37\x2e\x37\x36\x22\x20\x79\x32\x3d\x22\x31\x36\x2e\x32\
\x34\x22\x3e\x3c\x2f\x6c\x69\x6e\x65\x3e\x3c\x6c\x69\x6e\x65\x20\
\x78\x31\x3d\x22\x31\x36\x2e\x32\x34\x22\x20\x79\x31\x3d\x22\x37\
\x2e\x37\x36\x22\x20\x78\x32\x3d\x22\x31\x39\x2e\x30\x37\x22\x20\
\x79\x32\x3d\x22\x34\x2e\x39\x33\x22\x3e\x3c\x2f\x6c\x69\x6e\x65\
\x3e\x3c\x2f\x73\x76\x67\x3e\
\x00\x00\x01\x88\
\x3c\
\x73\x76\x67\x20\x78\x6d\x6c\x6e\x73\x3d\x22\x68\x74\x74\x70\x3a\
\x2f\x2f\x77\x77\x77\x2e\x77\x33\x2e\x6f\x72\x67\x2f\x32\x30\x30\
\x30\x2f\x73\x76\x67\x22\x20\x77\x69\x64\x74\x68\x3d\x22\x38\x30\
\x22\x20\x68\x65\x69\x67\x68\x74\x3d\x22\x38\x30\x22\x20\x76\x69\
\x65\x77\x42\x6f\x78\x3d\x22\x30\x20\x30\x20\x32\x34\x20\x32\x34\
\x22\x20\x66\x69\x6c\x6c\x3d\x22\x6e\x6f\x6e\x65\x22\x20\x73\x74\
\x72\x6f\x6b\x65\x3d\x22\x63\x75\x72\x72\x65\x6e\x74\x43\x6f\x6c\
\x6f\x72\x22\x20\x73\x74\x72\x6f\x6b\x65\x2d\x77\x69\x64\x74\x68\
\x3d\x22\x31\x2e\x35\x22\x20\x73\x74\x72\x6f\x6b\x65\x2d\x6c\x69\
\x6e\x65\x63\x61\x70\x3d\x22\x72\x6f\x75\x6e\x64\x22\x20\x73\x74\
\x72\x6f\x6b\x65\x2d\x6c\x69\x6e\x65\x6a\x6f\x69\x6e\x3d\x22\x72\
\x6f\x75\x6e\x64\x22\x20\x63\x6c\x61\x73\x73\x3d\x22\x66\x65\x61\
\x74\x68\x65\x72\x20\x66\x65\x61\x74\x68\x65\x72\x2d\x66\x72\x6f\
\x77\x6e\x22\x3e\x3c\x63\x69\x72\x63\x6c\x65\x20\x63\x78\x3d\x22\
\x31\x32\x22\x20\x63\x79\x3d\x22\x31\x32\x22\x20\x72\x3d\x22\x31\
\x30\x22\x3e\x3c\x2f\x63\x69\x72\x63\x6c\x65\x3e\x3c\x70\x61\x74\
\x68\x20\x64\x3d\x22\x4d\x31\x36\x20\x31\x36\x73\x2d\x31\x2e\x35\
\x2d\x32\x2d\x34\x2d\x32\x2d\x34\x20\x32\x2d\x34\x20\x32\x22\x3e\
\x3c\x2f\x70\x61\x74\x68\x3e\x3c\x6c\x69\x6e\x65\x20\x78\x31\x3d\
\x22\x39\x22\x20\x79\x31\x3d\x22\x39\x22\x20\x78\x32\x3d\x22\x39\
\x2e\x30\x31\x22\x20\x79\x32\x3d\x22\x39\x22\x3e\x3c\x2f\x6c\x69\
\x6e\x65\x3e\x3c\x6c\x69\x6e\x65\x20\x78\x31\x3d\x22\x31\x35\x22\
\x20\x79\x31\x3d\x22\x39\x22\x20\x78\x32\x3d\x22\x31\x35\x2e\x30\
\x31\x22\x20\x79\x32\x3d\x22\x39\x22\x3e\x3c\x2f\x6c\x69\x6e\x65\
\x3e\x3c\x2f\x73\x76\x67\x3e\
\x00\x00\x01\xbe\
\x3c\
\x73\x76\x67\x20\x78\x6d\x6c\x6e\x73\x3d\x22\x68\x74\x74\x70\x3a\
\x2f\x2f\x77\x77\x77\x2e\x77\x33\x2e\x6f\x72\x67\x2f\x32\x30\x30\
\x30\x2f\x73\x76\x67\x22\x20\x77\x69\x64\x74\x68\x3d\x22\x38\x30\
\x22\x20\x68\x65\x69\x67\x68\x74\x3d\x22\x38\x30\x22\x20\x76\x69\
\x65\x77\x42\x6f\x78\x3d\x22\x30\x20\x30\x20\x32\x34\x20\x32\x34\
\x22\x20\x66\x69\x6c\x6c\x3d\x22\x6e\x6f\x6e\x65\x22\x20\x73\x74\
\x72\x6f\x6b\x65\x3d\x22\x63\x75\x72\x72\x65\x6e\x74\x43\x6f\x6c\
\x6f\x72\x22\x20\x73\x74\x72\x6f\x6b\x65\x2d\x77\x69\x64\x74\x68\
\x3d\x22\x31\x2e\x35\x22\x20\x73\x74\x72\x6f\x6b\x65\x2d\x6c\x69\
\x6e\x65\x63\x61\x70\x3d\x22\x72\x6f\x75\x6e\x64\x22\x20\x73\x74\
\x72\x6f\x6b\x65\x2d\x6c\x69\x6e\x65\x6a\x6f\x69\x6e\x3d\x22\x72\
\x6f\x75\x6e\x64\x22\x20\x63\x6c\x61\x73\x73\x3d\x22\x66\x65\x61\
\x74\x68\x65\x72\x20\x66\x65\x61\x74\x68\x65\x72\x2d\x73\x63\x69\
\x73\x73\x6f\x72\x73\x22\x3e\x3c\x63\x69\x72\x63\x6c\x65\x20\x63\
\x78\x3d\x22\x36\x22\x20\x63\x79\x3d\x22\x36\x22\x20\x72\x3d\x22\
\x33\x22\x3e\x3c\x2f\x63\x69\x72\x63\x6c\x65\x3e\x3c\x63\x69\x72\
\x63\x6c\x65\x20\x63\x78\x3d\x22\x36\x22\x20\x63\x79\x3d\x22\x31\
\x38\x22\x20\x72\x3d\x22\x33\x22\x3e\x3c\x2f\x63\x69\x72\x63\x6c\
\x65\x3e\x3c\x6c\x69\x6e\x65\x20\x78\x31\x3d\x22\x32\x30\x22\x20\
\x79\x31\x3d\x22\x34\x22\x20\x78\x32\x3d\x22\x38\x2e\x31\x32\x22\
\x20\x79\x32\x3d\x22\x31\x35\x2e\x38\x38\x22\x3e\x3c\x2f\x6c\x69\
\x6e\x65\x3e\x3c\x6c\x69\x6e\x65\x20\x78\x31\x3d\x22\x31\x34\x2e\
\x34\x37\x22\x20\x79\x31\x3d\x22\x31\x34\x2e\x34\x38\x22\x20\x78\
\x32\x3d\x22\x32\x30\x22\x20\x79\x32\x3d\x22\x32\x30\x22\x3e\x3c\
\x2f\x6c\x69\x6e\x65\x3e\x3c\x6c\x69\x6e\x65\x20\x78\x31\x3d\x22\
\x38\x2e\x31\x32\x22\x20\x79\x31\x3d\x22\x38\x2e\x31\x32\x22\x20\
\x78\x32\x3d\x22\x31\x32\x22\x20\x79\x32\x3d\x22\x31\x32\x22\x3e\
\x3c\x2f\x6c\x69\x6e\x65\x3e\x3c\x2f\x73\x76\x67\x3e\
\x00\x00\x01\x81\
\x3c\
\x73\x76\x67\x20\x78\x6d\x6c\x6e\x73\x3d\x22\x68\x74\x74\x70\x3a\
\x2f\x2f\x77\x77\x77\x2e\x77\x33\x2e\x6f\x72\x67\x2f\x32\x30\x30\
\x30\x2f\x73\x76\x67\x22\x20\x77\x69\x64\x74\x68\x3d\x22\x38\x30\
\x22\x20\x68\x65\x69\x67\x68\x74\x3d\x22\x38\x30\x22\x20\x76\x69\
\x65\x77\x42\x6f\x78\x3d\x22\x30\x20\x30\x20\x32\x34\x20\x32\x34\
\x22\x20\x66\x69\x6c\x6c\x3d\x22\x6e\x6f\x6e\x65\x22\x20\x73\x74\
\x72\x6f\x6b\x65\x3d\x22\x63\x75\x72\x72\x65\x6e\x74\x43\x6f\x6c\
\x6f\x72\x22\x20\x73\x74\x72\x6f\x6b\x65\x2d\x77\x69\x64\x74\x68\
\x3d\x22\x31\x2e\x35\x22\x20\x73\x74\x72\x6f\x6b\x65\x2d\x6c\x69\
\x6e\x65\x63\x61\x70\x3d\x22\x72\x6f\x75\x6e\x64\x22\x20\x73\x74\
\x72\x6f\x6b\x65\x2d\x6c\x69\x6e\x65\x6a\x6f\x69\x6e\x3d\x22\x72\
\x6f\x75\x6e\x64\x22\x20\x63\x6c\x61\x73\x73\x3d\x22\x66\x65\x61\
\x74\x68\x65\x72\x20\x66\x65\x61\x74\x68\x65\x72\x2d\x73\x68\x6f\
\x70\x70\x69\x6e\x67\x2d\x63\x61\x72\x74\x22\x3e\x3c\x63\x69\x72\
\x63\x6c\x65\x20\x63\x78\x3d\x22\x39\x22\x20\x63\x79\x3d\x22\x32\
\x31\x22\x20\x72\x3d\x22\x31\x22\x3e\x3c\x2f\x63\x69\x72\x63\x6c\
\x65\x3e\x3c\x63\x69\x72\x63\x6c\x65\x20\x63\x78\x3d\x22\x32\x30\
\x22\x20\x63\x79\x3d\x22\x32\x31\x22\x20\x72\x3d\x22\x31\x22\x3e\
\x3c\x2f\x63\x69\x72\x63\x6c\x65\x3e\x3c\x70\x61\x74\x68\x20\x64\
\x3d\x22\x4d\x31\x20\x31\x68\x34\x6c\x32\x2e\x36\x38\x20\x31\x33\
\x2e\x33\x39\x61\x32\x20\x32\x20\x30\x20\x30\x20\x30\x20\x32\x20\
\x31\x2e\x36\x31\x68\x39\x2e\x37\x32\x61\x32\x20\x32\x20\x30\x20\
\x30\x20\x30\x20\x32\x2d\x31\x2e\x36\x31\x4c\x32\x33\x20\x36\x48\
\x36\x22\x3e\x3c\x2f\x70\x61\x74\x68\x3e\x3c\x2f\x73\x76\x67\x3e\
\
\x00\x00\x01\xce\
\x3c\
\x73\x76\x67\x20\x78\x6d\x6c\x6e\x73\x3d\x22\x68\x74\x74\x70\x3a\
\x2f\x2f\x77\x77\x77\x2e\x77\x33\x2e\x6f\x72\x67\x2f\x32\x30\x30\
\x30\x2f\x73\x76\x67\x22\x20\x77\x69\x64\x74\x68\x3d\x22\x38\x30\
\x22\x20\x68\x65\x69\x67\x68\x74\x3d\x22\x38\x30\x22\x20\x76\x69\
\x65\x77\x42\x6f\x78\x3d\x22\x30\x20\x30\x20\x32\x34\x20\x32\x34\
\x22\x20\x66\x69\x6c\x6c\x3d\x22\x6e\x6f\x6e\x65\x22\x20\x73\x74\
\x72\x6f\x6b\x65\x3d\x22\x63\x75\x72\x72\x65\x6e\x74\x43\x6f\x6c\
\x6f\x72\x22\x20\x73\x74\x72\x6f\x6b\x65\x2d\x77\x69\x64\x74\x68\
\x3d\x22\x31\x2e\x35\x22\x20\x73\x74\x72\x6f\x6b\x65\x2d\x6c\x69\
\x6e\x65\x63\x61\x70\x3d\x22\x72\x6f\x75\x6e\x64\x22\x20\x73\x74\
\x72\x6f\x6b\x65\x2d\x6c\x69\x6e\x65\x6a\x6f\x69\x6e\x3d\x22\x72\
\x6f\x75\x6e\x64\x22\x20\x63\x6c\x61\x73\x73\x3d\x22\x66\x65\x61\
\x74\x68\x65\x72\x20\x66\x65\x61\x74\x68\x65\x72\x2d\x65\x79\x65\
\x2d\x6f\x66\x66\x22\x3e\x3c\x70\x61\x74\x68\x20\x64\x3d\x22\x4d\
\x31\x37\x2e\x39\x34\x20\x31\x37\x2e\x39\x34\x41\x31\x30\x2e\x30\
\x37\x20\x31\x30\x2e\x30\x37\x20\x30\x20\x30\x20\x31\x20\x31\x32\
\x20\x32\x30\x63\x2d\x37\x20\x30\x2d\x31\x31\x2d\x38\x2d\x31\x31\
\x2d\x38\x61\x31\x38\x2e\x34\x35\x20\x31\x38\x2e\x34\x35\x20\x30\
\x20\x30\x20\x31\x20\x35\x2e\x30\x36\x2d\x35\x2e\x39\x34\x4d\x39\
\x2e\x39\x20\x34\x2e\x32\x34\x41\x39\x2e\x31\x32\x20\x39\x2e\x31\
\x32\x20\x30\x20\x30\x20\x31\x20\x31\x32\x20\x34\x63\x37\x20\x30\
\x20\x31\x31\x20\x38\x20\x31\x31\x20\x38\x61\x31\x38\x2e\x35\x20\
\x31\x38\x2e\x35\x20\x30\x20\x30\x20\x31\x2d\x32\x2e\x31\x36\x20\
\x33\x2e\x31\x39\x6d\x2d\x36\x2e\x37\x32\x2d\x31\x2e\x30\x37\x61\
\x33\x20\x33\x20\x30\x20\x31\x20\x31\x2d\x34\x2e\x32\x34\x2d\x34\
\x2e\x32\x34\x22\x3e\x3c\x2f\x70\x61\x74\x68\x3e\x3c\x6c\x69\x6e\
\x65\x20\x78\x31\x3d\x22\x31\x22\x20\x79\x31\x3d\x22\x31\x22\x20\
\x78\x32\x3d\x22\x32\x33\x22\x20\x79\x32\x3d\x22\x32\x33\x22\x3e\
\x3c\x2f\x6c\x69\x6e\x65\x3e\x3c\x2f\x73\x76\x67\x3e\
\x00\x00\x01\x65\
\x3c\
\x73\x76\x67\x20\x78\x6d\x6c\x6e\x73\x3d\x22\x68\x74\x74\x70\x3a\
\x2f\x2f\x77\x77\x77\x2e\x77\x33\x2e\x6f\x72\x67\x2f\x32\x30\x30\
\x30\x2f\x73\x76\x67\x22\x20\x77\x69\x64\x74\x68\x3d\x22\x38\x30\
\x22\x20\x68\x65\x69\x67\x68\x74\x3d\x22\x38\x30\x22\x20\x76\x69\
\x65\x77\x42\x6f\x78\x3d\x22\x30\x20\x30\x20\x32\x34\x20\x32\x34\
\x22\x20\x66\x69\x6c\x6c\x3d\x22\x6e\x6f\x6e\x65\x22\x20\x73\x74\
\x72\x6f\x6b\x65\x3d\x22\x63\x75\x72\x72\x65\x6e\x74\x43\x6f\x6c\
\x6f\x72\x22\x20\x73\x74\x72\x6f\x6b\x65\x2d\x77\x69\x64\x74\x68\
\x3d\x22\x31\x2e\x35\x22\x20\x73\x74\x72\x6f\x6b\x65\x2d\x6c\x69\
\x6e\x65\x63\x61\x70\x3d\x22\x72\x6f\x75\x6e\x64\x22\x20\x73\x74\
\x72\x6f\x6b\x65\x2d\x6c\x69\x6e\x65\x6a\x6f\x69\x6e\x3d\x22\x72\
\x6f\x75\x6e\x64\x22\x20\x63\x6c\x61\x73\x73\x3d\x22\x66\x65\x61\
\x74\x68\x65\x72\x20\x66\x65\x61\x74\x68\x65\x72\x2d\x6c\x69\x6e\
\x6b\x2d\x32\x22\x3e\x3c\x70\x61\x74\x68\x20\x64\x3d\x22\x4d\x31\
\x35\x20\x37\x68\x33\x61\x35\x20\x35\x20\x30\x20\x30\x20\x31\x20\
\x35\x20\x35\x20\x35\x20\x35\x20\x30\x20\x30\x20\x31\x2d\x35\x20\
\x35\x68\x2d\x33\x6d\x2d\x36\x20\x30\x48\x36\x61\x35\x20\x35\x20\
\x30\x20\x30\x20\x31\x2d\x35\x2d\x35\x20\x35\x20\x35\x20\x30\x20\
\x30\x20\x31\x20\x35\x2d\x35\x68\x33\x22\x3e\x3c\x2f\x70\x61\x74\
\x68\x3e\x3c\x6c\x69\x6e\x65\x20\x78\x31\x3d\x22\x38\x22\x20\x79\
\x31\x3d\x22\x31\x32\x22\x20\x78\x32\x3d\x22\x31\x36\x22\x20\x79\
\x32\x3d\x22\x31\x32\x22\x3e\x3c\x2f\x6c\x69\x6e\x65\x3e\x3c\x2f\
\x73\x76\x67\x3e\
\x00\x00\x01\x4a\
\x3c\
\x73\x76\x67\x20\x78\x6d\x6c\x6e\x73\x3d\x22\x68\x74\x74\x70\x3a\
\x2f\x2f\x77\x77\x77\x2e\x77\x33\x2e\x6f\x72\x67\x2f\x32\x30\x30\
\x30\x2f\x73\x76\x67\x22\x20\x77\x69\x64\x74\x68\x3d\x22\x38\x30\
\x22\x20\x68\x65\x69\x67\x68\x74\x3d\x22\x38\x30\x22\x20\x76\x69\
\x65\x77\x42\x6f\x78\x3d\x22\x30\x20\x30\x20\x32\x34\x20\x32\x34\
\x22\x20\x66\x69\x6c\x6c\x3d\x22\x6e\x6f\x6e\x65\x22\x20\x73\x74\
\x72\x6f\x6b\x65\x3d\x22\x63\x75\x72\x72\x65\x6e\x74\x43\x6f\x6c\
\x6f\x72\x22\x20\x73\x74\x72\x6f\x6b\x65\x2d\x77\x69\x64\x74\x68\
\x3d\x22\x31\x2e\x35\x22\x20\x73\x74\x72\x6f\x6b\x65\x2d\x6c\x69\
\x6e\x65\x63\x61\x70\x3d\x22\x72\x6f\x75\x6e\x64\x22\x20\x73\x74\
\x72\x6f\x6b\x65\x2d\x6c\x69\x6e\x65\x6a\x6f\x69\x6e\x3d\x22\x72\
\x6f\x75\x6e\x64\x22\x20\x63\x6c\x61\x73\x73\x3d\x22\x66\x65\x61\
\x74\x68\x65\x72\x20\x66\x65\x61\x74\x68\x65\x72\x2d\x63\x68\x65\
\x63\x6b\x2d\x63\x69\x72\x63\x6c\x65\x22\x3e\x3c\x70\x61\x74\x68\
\x20\x64\x3d\x22\x4d\x32\x32\x20\x31\x31\x2e\x30\x38\x56\x31\x32\
\x61\x31\x30\x20\x31\x30\x20\x30\x20\x31\x20\x31\x2d\x35\x2e\x39\
\x33\x2d\x39\x2e\x31\x34\x22\x3e\x3c\x2f\x70\x61\x74\x68\x3e\x3c\
\x70\x6f\x6c\x79\x6c\x69\x6e\x65\x20\x70\x6f\x69\x6e\x74\x73\x3d\
\x22\x32\x32\x20\x34\x20\x31\x32\x20\x31\x34\x2e\x30\x31\x20\x39\
\x20\x31\x31\x2e\x30\x31\x22\x3e\x3c\x2f\x70\x6f\x6c\x79\x6c\x69\
\x6e\x65\x3e\x3c\x2f\x73\x76\x67\x3e\
\x00\x00\x01\x90\
\x3c\
\x73\x76\x67\x20\x78\x6d\x6c\x6e\x73\x3d\x22\x68\x74\x74\x70\x3a\
\x2f\x2f\x77\x77\x77\x2e\x77\x33\x2e\x6f\x72\x67\x2f\x32\x30\x30\
\x30\x2f\x73\x76\x67\x22\x20\x77\x69\x64\x74\x68\x3d\x22\x38\x30\
\x22\x20\x68\x65\x69\x67\x68\x74\x3d\x22\x38\x30\x22\x20\x76\x69\
\x65\x77\x42\x6f\x78\x3d\x22\x30\x20\x30\x20\x32\x34\x20\x32\x34\
\x22\x20\x66\x69\x6c\x6c\x3d\x22\x6e\x6f\x6e\x65\x22\x20\x73\x74\
\x72\x6f\x6b\x65\x3d\x22\x63\x75\x72\x72\x65\x6e\x74\x43\x6f\x6c\
\x6f\x72\x22\x20\x73\x74\x72\x6f\x6b\x65\x2d\x77\x69\x64\x74\x68\
\x3d\x22\x31\x2e\x35\x22\x20\x73\x74\x72\x6f\x6b\x65\x2d\x6c\x69\
\x6e\x65\x63\x61\x70\x3d\x22\x72\x6f\x75\x6e\x64\x22\x20\x73\x74\
\x72\x6f\x6b\x65\x2d\x6c\x69\x6e\x65\x6a\x6f\x69\x6e\x3d\x22\x72\
\x6f\x75\x6e\x64\x22\x20\x63\x6c\x61\x73\x73\x3d\x22\x66\x65\x61\
\x74\x68\x65\x72\x20\x66\x65\x61\x74\x68\x65\x72\x2d\x61\x6c\x69\
\x67\x6e\x2d\x63\x65\x6e\x74\x65\x72\x22\x3e\x3c\x6c\x69\x6e\x65\
\x20\x78\x31\x3d\x22\x31\x38\x22\x20\x79\x31\x3d\x22\x31\x30\x22\
\x20\x78\x32\x3d\x22\x36\x22\x20\x79\x32\x3d\x22\x31\x30\x22\x3e\
\x3c\x2f\x6c\x69\x6e\x65\x3e\x3c\x6c\x69\x6e\x65\x20\x78\x31\x3d\
\x22\x32\x31\x22\x20\x79\x31\x3d\x22\x36\x22\x20\x78\x32\x3d\x22\
\x33\x22\x20\x79\x32\x3d\x22\x36\x22\x3e\x3c\x2f\x6c\x69\x6e\x65\
\x3e\x3c\x6c\x69\x6e\x65\x20\x78\x31\x3d\x22\x32\x31\x22\x20\x79\
\x31\x3d\x22\x31\x34\x22\x20\x78\x32\x3d\x22\x33\x22\x20\x79\x32\
\x3d\x22\x31\x34\x22\x3e\x3c\x2f\x6c\x69\x6e\x65\x3e\x3c\x6c\x69\
\x6e\x65\x20\x78\x31\x3d\x22\x31\x38\x22\x20\x79\x31\x3d\x22\x31\
\x38\x22\x20\x78\x32\x3d\x22\x36\x22\x20\x79\x32\x3d\x22\x31\x38\
\x22\x3e\x3c\x2f\x6c\x69\x6e\x65\x3e\x3c\x2f\x73\x76\x67\x3e\
\x00\x00\x01\x25\
\x3c\
\x73\x76\x67\x20\x78\x6d\x6c\x6e\x73\x3d\x22\x68\x74\x74\x70\x3a\
\x2f\x2f\x77\x77\x77\x2e\x77\x33\x2e\x6f\x72\x67\x2f\x32\x30\x30\
\x30\x2f\x73\x76\x67\x22\x20\x77\x69\x64\x74\x68\x3d\x22\x38\x30\
\x22\x20\x68\x65\x69\x67\x68\x74\x3d\x22\x38\x30\x22\x20\x76\x69\
\x65\x77\x42\x6f\x78\x3d\x22\x30\x20\x30\x20\x32\x34\x20\x32\x34\
\x22\x20\x66\x69\x6c\x6c\x3d\x22\x6e\x6f\x6e\x65\x22\x20\x73\x74\
\x72\x6f\x6b\x65\x3d\x22\x63\x75\x72\x72\x65\x6e\x74\x43\x6f\x6c\
\x6f\x72\x22\x20\x73\x74\x72\x6f\x6b\x65\x2d\x77\x69\x64\x74\x68\
\x3d\x22\x31\x2e\x35\x22\x20\x73\x74\x72\x6f\x6b\x65\x2d\x6c\x69\
\x6e\x65\x63\x61\x70\x3d\x22\x72\x6f\x75\x6e\x64\x22\x20\x73\x74\
\x72\x6f\x6b\x65\x2d\x6c\x69\x6e\x65\x6a\x6f\x69\x6e\x3d\x22\x72\
\x6f\x75\x6e\x64\x22\x20\x63\x6c\x61\x73\x73\x3d\x22\x66\x65\x61\
\x74\x68\x65\x72\x20\x66\x65\x61\x74\x68\x65\x72\x2d\x65\x64\x69\
\x74\x2d\x32\x22\x3e\x3c\x70\x61\x74\x68\x20\x64\x3d\x22\x4d\x31\
\x37\x20\x33\x61\x32\x2e\x38\x32\x38\x20\x32\x2e\x38\x32\x38\x20\
\x30\x20\x31\x20\x31\x20\x34\x20\x34\x4c\x37\x2e\x35\x20\x32\x30\
\x2e\x35\x20\x32\x20\x32\x32\x6c\x31\x2e\x35\x2d\x35\x2e\x35\x4c\
\x31\x37\x20\x33\x7a\x22\x3e\x3c\x2f\x70\x61\x74\x68\x3e\x3c\x2f\
\x73\x76\x67\x3e\
\x00\x00\x01\x2c\
\x3c\
\x73\x76\x67\x20\x78\x6d\x6c\x6e\x73\x3d\x22\x68\x74\x74\x70\x3a\
\x2f\x2f\x77\x77\x77\x2e\x77\x33\x2e\x6f\x72\x67\x2f\x32\x30\x30\
\x30\x2f\x73\x76\x67\x22\x20\x77\x69\x64\x74\x68\x3d\x22\x38\x30\
\x22\x20\x68\x65\x69\x67\x68\x74\x3d\x22\x38\x30\x22\x20\x76\x69\
\x65\x77\x42\x6f\x78\x3d\x22\x30\x20\x30\x20\x32\x34\x20\x32\x34\
\x22\x20\x66\x69\x6c\x6c\x3d\x22\x6e\x6f\x6e\x65\x22\x20\x73\x74\
\x72\x6f\x6b\x65\x3d\x22\x63\x75\x72\x72\x65\x6e\x74\x43\x6f\x6c\
\x6f\x72\x22\x20\x73\x74\x72\x6f\x6b\x65\x2d\x77\x69\x64\x74\x68\
\x3d\x22\x31\x2e\x35\x22\x20\x73\x74\x72\x6f\x6b\x65\x2d\x6c\x69\
\x6e\x65\x63\x61\x70\x3d\x22\x72\x6f\x75\x6e\x64\x22\x20\x73\x74\
\x72\x6f\x6b\x65\x2d\x6c\x69\x6e\x65\x6a\x6f\x69\x6e\x3d\x22\x72\
\x6f\x75\x6e\x64\x22\x20\x63\x6c\x61\x73\x73\x3d\x22\x66\x65\x61\
\x74\x68\x65\x72\x20\x66\x65\x61\x74\x68\x65\x72\x2d\x62\x6c\x75\
\x65\x74\x6f\x6f\x74\x68\x22\x3e\x3c\x70\x6f\x6c\x79\x6c\x69\x6e\
\x65\x20\x70\x6f\x69\x6e\x74\x73\x3d\x22\x36\x2e\x35\x20\x36\x2e\
\x35\x20\x31\x37\x2e\x35\x20\x31\x37\x2e\x35\x20\x31\x32\x20\x32\
\x33\x20\x31\x32\x20\x31\x20\x31\x37\x2e\x35\x20\x36\x2e\x35\x20\
\x36\x2e\x35\x20\x31\x37\x2e\x35\x22\x3e\x3c\x2f\x70\x6f\x6c\x79\
\x6c\x69\x6e\x65\x3e\x3c\x2f\x73\x76\x67\x3e\
\x00\x00\x01\x3a\
\x3c\
\x73\x76\x67\x20\x78\x6d\x6c\x6e\x73\x3d\x22\x68\x74\x74\x70\x3a\
\x2f\x2f\x77\x77\x77\x2e\x77\x33\x2e\x6f\x72\x67\x2f\x32\x30\x30\
\x30\x2f\x73\x76\x67\x22\x20\x77\x69\x64\x74\x68\x3d\x22\x38\x30\
\x22\x20\x68\x65\x69\x67\x68\x74\x3d\x22\x38\x30\x22\x20\x76\x69\
\x65\x77\x42\x6f\x78\x3d\x22\x30\x20\x30\x20\x32\x34\x20\x32\x34\
\x22\x20\x66\x69\x6c\x6c\x3d\x22\x6e\x6f\x6e\x65\x22\x20\x73\x74\
\x72\x6f\x6b\x65\x3d\x22\x63\x75\x72\x72\x65\x6e\x74\x43\x6f\x6c\
\x6f\x72\x22\x20\x73\x74\x72\x6f\x6b\x65\x2d\x77\x69\x64\x74\x68\
\x3d\x22\x31\x2e\x35\x22\x20\x73\x74\x72\x6f\x6b\x65\x2d\x6c\x69\
\x6e\x65\x63\x61\x70\x3d\x22\x72\x6f\x75\x6e\x64\x22\x20\x73\x74\
\x72\x6f\x6b\x65\x2d\x6c\x69\x6e\x65\x6a\x6f\x69\x6e\x3d\x22\x72\
\x6f\x75\x6e\x64\x22\x20\x63\x6c\x61\x73\x73\x3d\x22\x66\x65\x61\
\x74\x68\x65\x72\x20\x66\x65\x61\x74\x68\x65\x72\x2d\x70\x61\x75\
\x73\x65\x22\x3e\x3c\x72\x65\x63\x74\x20\x78\x3d\x22\x36\x22\x20\
\x79\x3d\x22\x34\x22\x20\x77\x69\x64\x74\x68\x3d\x22\x34\x22\x20\
\x68\x65\x69\x67\x68\x74\x3d\x22\x31\x36\x22\x3e\x3c\x2f\x72\x65\
\x63\x74\x3e\x3c\x72\x65\x63\x74\x20\x78\x3d\x22\x31\x34\x22\x20\
\x79\x3d\x22\x34\x22\x20\x77\x69\x64\x74\x68\x3d\x22\x34\x22\x20\
\x68\x65\x69\x67\x68\x74\x3d\x22\x31\x36\x22\x3e\x3c\x2f\x72\x65\
\x63\x74\x3e\x3c\x2f\x73\x76\x67\x3e\
\x00\x00\x01\x3f\
\x3c\
\x73\x76\x67\x20\x78\x6d\x6c\x6e\x73\x3d\x22\x68\x74\x74\x70\x3a\
\x2f\x2f\x77\x77\x77\x2e\x77\x33\x2e\x6f\x72\x67\x2f\x32\x30\x30\
\x30\x2f\x73\x76\x67\x22\x20\x77\x69\x64\x74\x68\x3d\x22\x38\x30\
\x22\x20\x68\x65\x69\x67\x68\x74\x3d\x22\x38\x30\x22\x20\x76\x69\
\x65\x77\x42\x6f\x78\x3d\x22\x30\x20\x30\x20\x32\x34\x20\x32\x34\
\x22\x20\x66\x69\x6c\x6c\x3d\x22\x6e\x6f\x6e\x65\x22\x20\x73\x74\
\x72\x6f\x6b\x65\x3d\x22\x63\x75\x72\x72\x65\x6e\x74\x43\x6f\x6c\
\x6f\x72\x22\x20\x73\x74\x72\x6f\x6b\x65\x2d\x77\x69\x64\x74\x68\
\x3d\x22\x31\x2e\x35\x22\x20\x73\x74\x72\x6f\x6b\x65\x2d\x6c\x69\
\x6e\x65\x63\x61\x70\x3d\x22\x72\x6f\x75\x6e\x64\x22\x20\x73\x74\
\x72\x6f\x6b\x65\x2d\x6c\x69\x6e\x65\x6a\x6f\x69\x6e\x3d\x22\x72\
\x6f\x75\x6e\x64\x22\x20\x63\x6c\x61\x73\x73\x3d\x22\x66\x65\x61\
\x74\x68\x65\x72\x20\x66\x65\x61\x74\x68\x65\x72\x2d\x65\x64\x69\
\x74\x2d\x33\x22\x3e\x3c\x70\x61\x74\x68\x20\x64\x3d\x22\x4d\x31\
\x32\x20\x32\x30\x68\x39\x22\x3e\x3c\x2f\x70\x61\x74\x68\x3e\x3c\
\x70\x61\x74\x68\x20\x64\x3d\x22\x4d\x31\x36\x2e\x35\x20\x33\x2e\
\x35\x61\x32\x2e\x31\x32\x31\x20\x32\x2e\x31\x32\x31\x20\x30\x20\
\x30\x20\x31\x20\x33\x20\x33\x4c\x37\x20\x31\x39\x6c\x2d\x34\x20\
\x31\x20\x31\x2d\x34\x4c\x31\x36\x2e\x35\x20\x33\x2e\x35\x7a\x22\
\x3e\x3c\x2f\x70\x61\x74\x68\x3e\x3c\x2f\x73\x76\x67\x3e\
\x00\x00\x01\x1c\
\x3c\
\x73\x76\x67\x20\x78\x6d\x6c\x6e\x73\x3d\x22\x68\x74\x74\x70\x3a\
\x2f\x2f\x77\x77\x77\x2e\x77\x33\x2e\x6f\x72\x67\x2f\x32\x30\x30\
\x30\x2f\x73\x76\x67\x22\x20\x77\x69\x64\x74\x68\x3d\x22\x38\x30\
\x22\x20\x68\x65\x69\x67\x68\x74\x3d\x22\x38\x30\x22\x20\x76\x69\
\x65\x77\x42\x6f\x78\x3d\x22\x30\x20\x30\x20\x32\x34\x20\x32\x34\
\x22\x20\x66\x69\x6c\x6c\x3d\x22\x6e\x6f\x6e\x65\x22\x20\x73\x74\
\x72\x6f\x6b\x65\x3d\x22\x63\x75\x72\x72\x65\x6e\x74\x43\x6f\x6c\
\x6f\x72\x22\x20\x73\x74\x72\x6f\x6b\x65\x2d\x77\x69\x64\x74\x68\
\x3d\x22\x31\x2e\x35\x22\x20\x73\x74\x72\x6f\x6b\x65\x2d\x6c\x69\
\x6e\x65\x63\x61\x70\x3d\x22\x72\x6f\x75\x6e\x64\x22\x20\x73\x74\
\x72\x6f\x6b\x65\x2d\x6c\x69\x6e\x65\x6a\x6f\x69\x6e\x3d\x22\x72\
\x6f\x75\x6e\x64\x22\x20\x63\x6c\x61\x73\x73\x3d\x22\x66\x65\x61\
\x74\x68\x65\x72\x20\x66\x65\x61\x74\x68\x65\x72\x2d\x7a\x61\x70\
\x22\x3e\x3c\x70\x6f\x6c\x79\x67\x6f\x6e\x20\x70\x6f\x69\x6e\x74\
\x73\x3d\x22\x31\x33\x20\x32\x20\x33\x20\x31\x34\x20\x31\x32\x20\
\x31\x34\x20\x31\x31\x20\x32\x32\x20\x32\x31\x20\x31\x30\x20\x31\
\x32\x20\x31\x30\x20\x31\x33\x20\x32\x22\x3e\x3c\x2f\x70\x6f\x6c\
\x79\x67\x6f\x6e\x3e\x3c\x2f\x73\x76\x67\x3e\
\x00\x00\x01\x10\
\x3c\
\x73\x76\x67\x20\x78\x6d\x6c\x6e\x73\x3d\x22\x68\x74\x74\x70\x3a\
\x2f\x2f\x77\x77\x77\x2e\x77\x33\x2e\x6f\x72\x67\x2f\x32\x30\x30\
\x30\x2f\x73\x76\x67\x22\x20\x77\x69\x64\x74\x68\x3d\x22\x38\x30\
\x22\x20\x68\x65\x69\x67\x68\x74\x3d\x22\x38\x30\x22\x20\x76\x69\
\x65\x77\x42\x6f\x78\x3d\x22\x30\x20\x30\x20\x32\x34\x20\x32\x34\
\x22\x20\x66\x69\x6c\x6c\x3d\x22\x6e\x6f\x6e\x65\x22\x20\x73\x74\
\x72\x6f\x6b\x65\x3d\x22\x63\x75\x72\x72\x65\x6e\x74\x43\x6f\x6c\
\x6f\x72\x22\x20\x73\x74\x72\x6f\x6b\x65\x2d\x77\x69\x64\x74\x68\
\x3d\x22\x31\x2e\x35\x22\x20\x73\x74\x72\x6f\x6b\x65\x2d\x6c\x69\
\x6e\x65\x63\x61\x70\x3d\x22\x72\x6f\x75\x6e\x64\x22\x20\x73\x74\
\x72\x6f\x6b\x65\x2d\x6c\x69\x6e\x65\x6a\x6f\x69\x6e\x3d\x22\x72\
\x6f\x75\x6e\x64\x22\x20\x63\x6c\x61\x73\x73\x3d\x22\x66\x65\x61\
\x74\x68\x65\x72\x20\x66\x65\x61\x74\x68\x65\x72\x2d\x63\x68\x65\
\x76\x72\x6f\x6e\x2d\x6c\x65\x66\x74\x22\x3e\x3c\x70\x6f\x6c\x79\
\x6c\x69\x6e\x65\x20\x70\x6f\x69\x6e\x74\x73\x3d\x22\x31\x35\x20\
\x31\x38\x20\x39\x20\x31\x32\x20\x31\x35\x20\x36\x22\x3e\x3c\x2f\
\x70\x6f\x6c\x79\x6c\x69\x6e\x65\x3e\x3c\x2f\x73\x76\x67\x3e\
\x00\x00\x01\x21\
\x3c\
\x73\x76\x67\x20\x78\x6d\x6c\x6e\x73\x3d\x22\x68\x74\x74\x70\x3a\
\x2f\x2f\x77\x77\x77\x2e\x77\x33\x2e\x6f\x72\x67\x2f\x32\x30\x30\
\x30\x2f\x73\x76\x67\x22\x20\x77\x69\x64\x74\x68\x3d\x22\x38\x30\
\x22\x20\x68\x65\x69\x67\x68\x74\x3d\x22\x38\x30\x22\x20\x76\x69\
\x65\x77\x42\x6f\x78\x3d\x22\x30\x20\x30\x20\x32\x34\x20\x32\x34\
\x22\x20\x66\x69\x6c\x6c\x3d\x22\x6e\x6f\x6e\x65\x22\x20\x73\x74\
\x72\x6f\x6b\x65\x3d\x22\x63\x75\x72\x72\x65\x6e\x74\x43\x6f\x6c\
\x6f\x72\x22\x20\x73\x74\x72\x6f\x6b\x65\x2d\x77\x69\x64\x74\x68\
\x3d\x22\x31\x2e\x35\x22\x20\x73\x74\x72\x6f\x6b\x65\x2d\x6c\x69\
\x6e\x65\x63\x61\x70\x3d\x22\x72\x6f\x75\x6e\x64\x22\x20\x73\x74\
\x72\x6f\x6b\x65\x2d\x6c\x69\x6e\x65\x6a\x6f\x69\x6e\x3d\x22\x72\
\x6f\x75\x6e\x64\x22\x20\x63\x6c\x61\x73\x73\x3d\x22\x66\x65\x61\
\x74\x68\x65\x72\x20\x66\x65\x61\x74\x68\x65\x72\x2d\x62\x6f\x6f\
\x6b\x6d\x61\x72\x6b\x22\x3e\x3c\x70\x61\x74\x68\x20\x64\x3d\x22\
\x4d\x31\x39\x20\x32\x31\x6c\x2d\x37\x2d\x35\x2d\x37\x20\x35\x56\
\x35\x61\x32\x20\x32\x20\x30\x20\x30\x20\x31\x20\x32\x2d\x32\x68\
\x31\x30\x61\x32\x20\x32\x20\x30\x20\x30\x20\x31\x20\x32\x20\x32\
\x7a\x22\x3e\x3c\x2f\x70\x61\x74\x68\x3e\x3c\x2f\x73\x76\x67\x3e\
\
\x00\x00\x01\x96\
\x3c\
\x73\x76\x67\x20\x78\x6d\x6c\x6e\x73\x3d\x22\x68\x74\x74\x70\x3a\
\x2f\x2f\x77\x77\x77\x2e\x77\x33\x2e\x6f\x72\x67\x2f\x32\x30\x30\
\x30\x2f\x73\x76\x67\x22\x20\x77\x69\x64\x74\x68\x3d\x22\x38\x30\
\x22\x20\x68\x65\x69\x67\x68\x74\x3d\x22\x38\x30\x22\x20\x76\x69\
\x65\x77\x42\x6f\x78\x3d\x22\x30\x20\x30\x20\x32\x34\x20\x32\x34\
\x22\x20\x66\x69\x6c\x6c\x3d\x22\x6e\x6f\x6e\x65\x22\x20\x73\x74\
\x72\x6f\x6b\x65\x3d\x22\x63\x75\x72\x72\x65\x6e\x74\x43\x6f\x6c\
\x6f\x72\x22\x20\x73\x74\x72\x6f\x6b\x65\x2d\x77\x69\x64\x74\x68\
\x3d\x22\x31\x2e\x35\x22\x20\x73\x74\x72\x6f\x6b\x65\x2d\x6c\x69\
\x6e\x65\x63\x61\x70\x3d\x22\x72\x6f\x75\x6e\x64\x22\x20\x73\x74\
\x72\x6f\x6b\x65\x2d\x6c\x69\x6e\x65\x6a\x6f\x69\x6e\x3d\x22\x72\
\x6f\x75\x6e\x64\x22\x20\x63\x6c\x61\x73\x73\x3d\x22\x66\x65\x61\
\x74\x68\x65\x72\x20\x66\x65\x61\x74\x68\x65\x72\x2d\x67\x72\x69\
\x64\x22\x3e\x3c\x72\x65\x63\x74\x20\x78\x3d\x22\x33\x22\x20\x79\
\x3d\x22\x33\x22\x20\x77\x69\x64\x74\x68\x3d\x22\x37\x22\x20\x68\
\x65\x69\x67\x68\x74\x3d\x22\x37\x22\x3e\x3c\x2f\x72\x65\x63\x74\
\x3e\x3c\x72\x65\x63\x74\x20\x78\x3d\x22\x31\x34\x22\x20\x79\x3d\
\x22\x33\x22\x20\x77\x69\x64\x74\x68\x3d\x22\x37\x22\x20\x68\x65\
\x69\x67\x68\x74\x3d\x22\x37\x22\x3e\x3c\x2f\x72\x65\x63\x74\x3e\
\x3c\x72\x65\x63\x74\x20\x78\x3d\x22\x31\x34\x22\x20\x79\x3d\x22\
\x31\x34\x22\x20\x77\x69\x64\x74\x68\x3d\x22\x37\x22\x20\x68\x65\
\x69\x67\x68\x74\x3d\x22\x37\x22\x3e\x3c\x2f\x72\x65\x63\x74\x3e\
\x3c\x72\x65\x63\x74\x20\x78\x3d\x22\x33\x22\x20\x79\x3d\x22\x31\
\x34\x22\x20\x77\x69\x64\x74\x68\x3d\x22\x37\x22\x20\x68\x65\x69\
\x67\x68\x74\x3d\x22\x37\x22\x3e\x3c\x2f\x72\x65\x63\x74\x3e\x3c\
\x2f\x73\x76\x67\x3e\
\x00\x00\x01\x44\
\x3c\
\x73\x76\x67\x20\x78\x6d\x6c\x6e\x73\x3d\x22\x68\x74\x74\x70\x3a\
\x2f\x2f\x77\x77\x77\x2e\x77\x33\x2e\x6f\x72\x67\x2f\x32\x30\x30\
\x30\x2f\x73\x76\x67\x22\x20\x77\x69\x64\x74\x68\x3d\x22\x38\x30\
\x22\x20\x68\x65\x69\x67\x68\x74\x3d\x22\x38\x30\x22\x20\x76\x69\
\x65\x77\x42\x6f\x78\x3d\x22\x30\x20\x30\x20\x32\x34\x20\x32\x34\
\x22\x20\x66\x69\x6c\x6c\x3d\x22\x6e\x6f\x6e\x65\x22\x20\x73\x74\
\x72\x6f\x6b\x65\x3d\x22\x63\x75\x72\x72\x65\x6e\x74\x43\x6f\x6c\
\x6f\x72\x22\x20\x73\x74\x72\x6f\x6b\x65\x2d\x77\x69\x64\x74\x68\
\x3d\x22\x31\x2e\x35\x22\x20\x73\x74\x72\x6f\x6b\x65\x2d\x6c\x69\
\x6e\x65\x63\x61\x70\x3d\x22\x72\x6f\x75\x6e\x64\x22\x20\x73\x74\
\x72\x6f\x6b\x65\x2d\x6c\x69\x6e\x65\x6a\x6f\x69\x6e\x3d\x22\x72\
\x6f\x75\x6e\x64\x22\x20\x63\x6c\x61\x73\x73\x3d\x22\x66\x65\x61\
\x74\x68\x65\x72\x20\x66\x65\x61\x74\x68\x65\x72\x2d\x6d\x61\x70\
\x2d\x70\x69\x6e\x22\x3e\x3c\x70\x61\x74\x68\x20\x64\x3d\x22\x4d\
\x32\x31\x20\x31\x30\x63\x30\x20\x37\x2d\x39\x20\x31\x33\x2d\x39\
\x20\x31\x33\x73\x2d\x39\x2d\x36\x2d\x39\x2d\x31\x33\x61\x39\x20\
\x39\x20\x30\x20\x30\x20\x31\x20\x31\x38\x20\x30\x7a\x22\x3e\x3c\
\x2f\x70\x61\x74\x68\x3e\x3c\x63\x69\x72\x63\x6c\x65\x20\x63\x78\
\x3d\x22\x31\x32\x22\x20\x63\x79\x3d\x22\x31\x30\x22\x20\x72\x3d\
\x22\x33\x22\x3e\x3c\x2f\x63\x69\x72\x63\x6c\x65\x3e\x3c\x2f\x73\
\x76\x67\x3e\
\x00\x00\x01\x92\
\x3c\
\x73\x76\x67\x20\x78\x6d\x6c\x6e\x73\x3d\x22\x68\x74\x74\x70\x3a\
\x2f\x2f\x77\x77\x77\x2e\x77\x33\x2e\x6f\x72\x67\x2f\x32\x30\x30\
\x30\x2f\x73\x76\x67\x22\x20\x77\x69\x64\x74\x68\x3d\x22\x38\x30\
\x22\x20\x68\x65\x69\x67\x68\x74\x3d\x22\x38\x30\x22\x20\x76\x69\
\x65\x77\x42\x6f\x78\x3d\x22\x30\x20\x30\x20\x32\x34\x20\x32\x34\
\x22\x20\x66\x69\x6c\x6c\x3d\x22\x6e\x6f\x6e\x65\x22\x20\x73\x74\
\x72\x6f\x6b\x65\x3d\x22\x63\x75\x72\x72\x65\x6e\x74\x43\x6f\x6c\
\x6f\x72\x22\x20\x73\x74\x72\x6f\x6b\x65\x2d\x77\x69\x64\x74\x68\
\x3d\x22\x31\x2e\x35\x22\x20\x73\x74\x72\x6f\x6b\x65\x2d\x6c\x69\
\x6e\x65\x63\x61\x70\x3d\x22\x72\x6f\x75\x6e\x64\x22\x20\x73\x74\
\x72\x6f\x6b\x65\x2d\x6c\x69\x6e\x65\x6a\x6f\x69\x6e\x3d\x22\x72\
\x6f\x75\x6e\x64\x22\x20\x63\x6c\x61\x73\x73\x3d\x22\x66\x65\x61\
\x74\x68\x65\x72\x20\x66\x65\x61\x74\x68\x65\x72\x2d\x6d\x61\x78\
\x69\x6d\x69\x7a\x65\x2d\x32\x22\x3e\x3c\x70\x6f\x6c\x79\x6c\x69\
\x6e\x65\x20\x70\x6f\x69\x6e\x74\x73\x3d\x22\x31\x35\x20\x33\x20\
\x32\x31\x20\x33\x20\x32\x31\x20\x39\x22\x3e\x3c\x2f\x70\x6f\x6c\
\x79\x6c\x69\x6e\x65\x3e\x3c\x70\x6f\x6c\x79\x6c\x69\x6e\x65\x20\
\x70\x6f\x69\x6e\x74\x73\x3d\x22\x39\x20\x32\x31\x20\x33\x20\x32\
\x31\x20\x33\x20\x31\x35\x22\x3e\x3c\x2f\x70\x6f\x6c\x79\x6c\x69\
\x6e\x65\x3e\x3c\x6c\x69\x6e\x65\x20\x78\x31\x3d\x22\x32\x31\x22\
\x20\x79\x31\x3d\x22\x33\x22\x20\x78\x32\x3d\x22\x31\x34\x22\x20\
\x79\x32\x3d\x22\x31\x30\x22\x3e\x3c\x2f\x6c\x69\x6e\x65\x3e\x3c\
\x6c\x69\x6e\x65\x20\x78\x31\x3d\x22\x33\x22\x20\x79\x31\x3d\x22\
\x32\x31\x22\x20\x78\x32\x3d\x22\x31\x30\x22\x20\x79\x32\x3d\x22\
\x31\x34\x22\x3e\x3c\x2f\x6c\x69\x6e\x65\x3e\x3c\x2f\x73\x76\x67\
\x3e\
\x00\x00\x01\x69\
\x3c\
\x73\x76\x67\x20\x78\x6d\x6c\x6e\x73\x3d\x22\x68\x74\x74\x70\x3a\
\x2f\x2f\x77\x77\x77\x2e\x77\x33\x2e\x6f\x72\x67\x2f\x32\x30\x30\
\x30\x2f\x73\x76\x67\x22\x20\x77\x69\x64\x74\x68\x3d\x22\x38\x30\
\x22\x20\x68\x65\x69\x67\x68\x74\x3d\x22\x38\x30\x22\x20\x76\x69\
\x65\x77\x42\x6f\x78\x3d\x22\x30\x20\x30\x20\x32\x34\x20\x32\x34\
\x22\x20\x66\x69\x6c\x6c\x3d\x22\x6e\x6f\x6e\x65\x22\x20\x73\x74\
\x72\x6f\x6b\x65\x3d\x22\x63\x75\x72\x72\x65\x6e\x74\x43\x6f\x6c\
\x6f\x72\x22\x20\x73\x74\x72\x6f\x6b\x65\x2d\x77\x69\x64\x74\x68\
\x3d\x22\x31\x2e\x35\x22\x20\x73\x74\x72\x6f\x6b\x65\x2d\x6c\x69\
\x6e\x65\x63\x61\x70\x3d\x22\x72\x6f\x75\x6e\x64\x22\x20\x73\x74\
\x72\x6f\x6b\x65\x2d\x6c\x69\x6e\x65\x6a\x6f\x69\x6e\x3d\x22\x72\
\x6f\x75\x6e\x64\x22\x20\x63\x6c\x61\x73\x73\x3d\x22\x66\x65\x61\
\x74\x68\x65\x72\x20\x66\x65\x61\x74\x68\x65\x72\x2d\x61\x72\x72\
\x6f\x77\x2d\x6c\x65\x66\x74\x2d\x63\x69\x72\x63\x6c\x65\x22\x3e\
\x3c\x63\x69\x72\x63\x6c\x65\x20\x63\x78\x3d\x22\x31\x32\x22\x20\
\x63\x79\x3d\x22\x31\x32\x22\x20\x72\x3d\x22\x31\x30\x22\x3e\x3c\
\x2f\x63\x69\x72\x63\x6c\x65\x3e\x3c\x70\x6f\x6c\x79\x6c\x69\x6e\
\x65\x20\x70\x6f\x69\x6e\x74\x73\x3d\x22\x31\x32\x20\x38\x20\x38\
\x20\x31\x32\x20\x31\x32\x20\x31\x36\x22\x3e\x3c\x2f\x70\x6f\x6c\
\x79\x6c\x69\x6e\x65\x3e\x3c\x6c\x69\x6e\x65\x20\x78\x31\x3d\x22\
\x31\x36\x22\x20\x79\x31\x3d\x22\x31\x32\x22\x20\x78\x32\x3d\x22\
\x38\x22\x20\x79\x32\x3d\x22\x31\x32\x22\x3e\x3c\x2f\x6c\x69\x6e\
\x65\x3e\x3c\x2f\x73\x76\x67\x3e\
\x00\x00\x01\x63\
\x3c\
\x73\x76\x67\x20\x78\x6d\x6c\x6e\x73\x3d\x22\x68\x74\x74\x70\x3a\
\x2f\x2f\x77\x77\x77\x2e\x77\x33\x2e\x6f\x72\x67\x2f\x32\x30\x30\
\x30\x2f\x73\x76\x67\x22\x20\x77\x69\x64\x74\x68\x3d\x22\x38\x30\
\x22\x20\x68\x65\x69\x67\x68\x74\x3d\x22\x38\x30\x22\x20\x76\x69\
\x65\x77\x42\x6f\x78\x3d\x22\x30\x20\x30\x20\x32\x34\x20\x32\x34\
\x22\x20\x66\x69\x6c\x6c\x3d\x22\x6e\x6f\x6e\x65\x22\x20\x73\x74\
\x72\x6f\x6b\x65\x3d\x22\x63\x75\x72\x72\x65\x6e\x74\x43\x6f\x6c\
\x6f\x72\x22\x20\x73\x74\x72\x6f\x6b\x65\x2d\x77\x69\x64\x74\x68\
\x3d\x22\x31\x2e\x35\x22\x20\x73\x74\x72\x6f\x6b\x65\x2d\x6c\x69\
\x6e\x65\x63\x61\x70\x3d\x22\x72\x6f\x75\x6e\x64\x22\x20\x73\x74\
\x72\x6f\x6b\x65\x2d\x6c\x69\x6e\x65\x6a\x6f\x69\x6e\x3d\x22\x72\
\x6f\x75\x6e\x64\x22\x20\x63\x6c\x61\x73\x73\x3d\x22\x66\x65\x61\
\x74\x68\x65\x72\x20\x66\x65\x61\x74\x68\x65\x72\x2d\x62\x61\x72\
\x2d\x63\x68\x61\x72\x74\x22\x3e\x3c\x6c\x69\x6e\x65\x20\x78\x31\
\x3d\x22\x31\x32\x22\x20\x79\x31\x3d\x22\x32\x30\x22\x20\x78\x32\
\x3d\x22\x31\x32\x22\x20\x79\x32\x3d\x22\x31\x30\x22\x3e\x3c\x2f\
\x6c\x69\x6e\x65\x3e\x3c\x6c\x69\x6e\x65\x20\x78\x31\x3d\x22\x31\
\x38\x22\x20\x79\x31\x3d\x22\x32\x30\x22\x20\x78\x32\x3d\x22\x31\
\x38\x22\x20\x79\x32\x3d\x22\x34\x22\x3e\x3c\x2f\x6c\x69\x6e\x65\
\x3e\x3c\x6c\x69\x6e\x65\x20\x78\x31\x3d\x22\x36\x22\x20\x79\x31\
\x3d\x22\x32\x30\x22\x20\x78\x32\x3d\x22\x36\x22\x20\x79\x32\x3d\
\x22\x31\x36\x22\x3e\x3c\x2f\x6c\x69\x6e\x65\x3e\x3c\x2f\x73\x76\
\x67\x3e\
\x00\x00\x03\xf5\
\x3c\
\x73\x76\x67\x20\x78\x6d\x6c\x6e\x73\x3d\x22\x68\x74\x74\x70\x3a\
\x2f\x2f\x77\x77\x77\x2e\x77\x33\x2e\x6f\x72\x67\x2f\x32\x30\x30\
\x30\x2f\x73\x76\x67\x22\x20\x77\x69\x64\x74\x68\x3d\x22\x38\x30\
\x22\x20\x68\x65\x69\x67\x68\x74\x3d\x22\x38\x30\x22\x20\x76\x69\
\x65\x77\x42\x6f\x78\x3d\x22\x30\x20\x30\x20\x32\x34\x20\x32\x34\
\x22\x20\x66\x69\x6c\x6c\x3d\x22\x6e\x6f\x6e\x65\x22\x20\x73\x74\
\x72\x6f\x6b\x65\x3d\x22\x63\x75\x72\x72\x65\x6e\x74\x43\x6f\x6c\
\x6f\x72\x22\x20\x73\x74\x72\x6f\x6b\x65\x2d\x77\x69\x64\x74\x68\
\x3d\x22\x31\x2e\x35\x22\x20\x73\x74\x72\x6f\x6b\x65\x2d\x6c\x69\
\x6e\x65\x63\x61\x70\x3d\x22\x72\x6f\x75\x6e\x64\x22\x20\x73\x74\
\x72\x6f\x6b\x65\x2d\x6c\x69\x6e\x65\x6a\x6f\x69\x6e\x3d\x22\x72\
\x6f\x75\x6e\x64\x22\x20\x63\x6c\x61\x73\x73\x3d\x22\x66\x65\x61\
\x74\x68\x65\x72\x20\x66\x65\x61\x74\x68\x65\x72\x2d\x73\x65\x74\
\x74\x69\x6e\x67\x73\x22\x3e\x3c\x63\x69\x72\x63\x6c\x65\x20\x63\
\x78\x3d\x22\x31\x32\x22\x20\x63\x79\x3d\x22\x31\x32\x22\x20\x72\
\x3d\x22\x33\x22\x3e\x3c\x2f\x63\x69\x72\x63\x6c\x65\x3e\x3c\x70\
\x61\x74\x68\x20\x64\x3d\x22\x4d\x31\x39\x2e\x34\x20\x31\x35\x61\
\x31\x2e\x36\x35\x20\x31\x2e\x36\x35\x20\x30\x20\x30\x20\x30\x20\
\x2e\x33\x33\x20\x31\x2e\x38\x32\x6c\x2e\x30\x36\x2e\x30\x36\x61\
\x32\x20\x32\x20\x30\x20\x30\x20\x31\x20\x30\x20\x32\x2e\x38\x33\
\x20\x32\x20\x32\x20\x30\x20\x30\x20\x31\x2d\x32\x2e\x38\x33\x20\
\x30\x6c\x2d\x2e\x30\x36\x2d\x2e\x30\x36\x61\x31\x2e\x36\x35\x20\
\x31\x2e\x36\x35\x20\x30\x20\x30\x20\x30\x2d\x31\x2e\x38\x32\x2d\
\x2e\x33\x33\x20\x31\x2e\x36\x35\x20\x31\x2e\x36\x35\x20\x30\x20\
\x30\x20\x30\x2d\x31\x20\x31\x2e\x35\x31\x56\x32\x31\x61\x32\x20\
\x32\x20\x30\x20\x30\x20\x31\x2d\x32\x20\x32\x20\x32\x20\x32\x20\
\x30\x20\x30\x20\x31\x2d\x32\x2d\x32\x76\x2d\x2e\x30\x39\x41\x31\
\x2e\x36\x35\x20\x31\x2e\x36\x35\x20\x30\x20\x30\x20\x30\x20\x39\
\x20\x31\x39\x2e\x34\x61\x31\x2e\x36\x35\x20\x31\x2e\x36\x35\x20\
\x30\x20\x30\x20\x30\x2d\x31\x2e\x38\x32\x2e\x33\x33\x6c\x2d\x2e\
\x30\x36\x2e\x30\x36\x61\x32\x20\x32\x20\x30\x20\x30\x20\x31\x2d\
\x32\x2e\x38\x33\x20\x30\x20\x32\x20\x32\x20\x30\x20\x30\x20\x31\
\x20\x30\x2d\x32\x2e\x38\x33\x6c\x2e\x30\x36\x2d\x2e\x30\x36\x61\
\x31\x2e\x36\x35\x20\x31\x2e\x36\x35\x20\x30\x20\x30\x20\x30\x20\
\x2e\x33\x33\x2d\x31\x2e\x38\x32\x20\x31\x2e\x36\x35\x20\x31\x2e\
\x36\x35\x20\x30\x20\x30\x20\x30\x2d\x31\x2e\x35\x31\x2d\x31\x48\
\x33\x61\x32\x20\x32\x20\x30\x20\x30\x20\x31\x2d\x32\x2d\x32\x20\
\x32\x20\x32\x20\x30\x20\x30\x20\x31\x20\x32\x2d\x32\x68\x2e\x30\
\x39\x41\x31\x2e\x36\x35\x20\x31\x2e\x36\x35\x20\x30\x20\x30\x20\
\x30\x20\x34\x2e\x36\x20\x39\x61\x31\x2e\x36\x35\x20\x31\x2e\x36\
\x35\x20\x30\x20\x30\x20\x30\x2d\x2e\x33\x33\x2d\x31\x2e\x38\x32\
\x6c\x2d\x2e\x30\x36\x2d\x2e\x30\x36\x61\x32\x20\x32\x20\x30\x20\
\x30\x20\x31\x20\x30\x2d\x32\x2e\x38\x33\x20\x32\x20\x32\x20\x30\
\x20\x30\x20\x31\x20\x32\x2e\x38\x33\x20\x30\x6c\x2e\x30\x36\x2e\
\x30\x36\x61\x31\x2e\x36\x35\x20\x31\x2e\x36\x35\x20\x30\x20\x30\
\x20\x30\x20\x31\x2e\x38\x32\x2e\x33\x33\x48\x39\x61\x31\x2e\x36\
\x35\x20\x31\x2e\x36\x35\x20\x30\x20\x30\x20\x30\x20\x31\x2d\x31\
\x2e\x35\x31\x56\x33\x61\x32\x20\x32\x20\x30\x20\x30\x20\x31\x20\
\x32\x2d\x32\x20\x32\x20\x32\x20\x30\x20\x30\x20\x31\x20\x32\x20\
\x32\x76\x2e\x30\x39\x61\x31\x2e\x36\x35\x20\x31\x2e\x36\x35\x20\
\x30\x20\x30\x20\x30\x20\x31\x20\x31\x2e\x35\x31\x20\x31\x2e\x36\
\x35\x20\x31\x2e\x36\x35\x20\x30\x20\x30\x20\x30\x20\x31\x2e\x38\
\x32\x2d\x2e\x33\x33\x6c\x2e\x30\x36\x2d\x2e\x30\x36\x61\x32\x20\
\x32\x20\x30\x20\x30\x20\x31\x20\x32\x2e\x38\x33\x20\x30\x20\x32\
\x20\x32\x20\x30\x20\x30\x20\x31\x20\x30\x20\x32\x2e\x38\x33\x6c\
\x2d\x2e\x30\x36\x2e\x30\x36\x61\x31\x2e\x36\x35\x20\x31\x2e\x36\
\x35\x20\x30\x20\x30\x20\x30\x2d\x2e\x33\x33\x20\x31\x2e\x38\x32\
\x56\x39\x61\x31\x2e\x36\x35\x20\x31\x2e\x36\x35\x20\x30\x20\x30\
\x20\x30\x20\x31\x2e\x35\x31\x20\x31\x48\x32\x31\x61\x32\x20\x32\
\x20\x30\x20\x30\x20\x31\x20\x32\x20\x32\x20\x32\x20\x32\x20\x30\
\x20\x30\x20\x31\x2d\x32\x20\x32\x68\x2d\x2e\x30\x39\x61\x31\x2e\
\x36\x35\x20\x31\x2e\x36\x35\x20\x30\x20\x30\x20\x30\x2d\x31\x2e\
\x35\x31\x20\x31\x7a\x22\x3e\x3c\x2f\x70\x61\x74\x68\x3e\x3c\x2f\
\x73\x76\x67\x3e\
\x00\x00\x01\xb7\
\x3c\
\x73\x76\x67\x20\x78\x6d\x6c\x6e\x73\x3d\x22\x68\x74\x74\x70\x3a\
\x2f\x2f\x77\x77\x77\x2e\x77\x33\x2e\x6f\x72\x67\x2f\x32\x30\x30\
\x30\x2f\x73\x76\x67\x22\x20\x77\x69\x64\x74\x68\x3d\x22\x38\x30\
\x22\x20\x68\x65\x69\x67\x68\x74\x3d\x22\x38\x30\x22\x20\x76\x69\
\x65\x77\x42\x6f\x78\x3d\x22\x30\x20\x30\x20\x32\x34\x20\x32\x34\
\x22\x20\x66\x69\x6c\x6c\x3d\x22\x6e\x6f\x6e\x65\x22\x20\x73\x74\
\x72\x6f\x6b\x65\x3d\x22\x63\x75\x72\x72\x65\x6e\x74\x43\x6f\x6c\
\x6f\x72\x22\x20\x73\x74\x72\x6f\x6b\x65\x2d\x77\x69\x64\x74\x68\
\x3d\x22\x31\x2e\x35\x22\x20\x73\x74\x72\x6f\x6b\x65\x2d\x6c\x69\
\x6e\x65\x63\x61\x70\x3d\x22\x72\x6f\x75\x6e\x64\x22\x20\x73\x74\
\x72\x6f\x6b\x65\x2d\x6c\x69\x6e\x65\x6a\x6f\x69\x6e\x3d\x22\x72\
\x6f\x75\x6e\x64\x22\x20\x63\x6c\x61\x73\x73\x3d\x22\x66\x65\x61\
\x74\x68\x65\x72\x20\x66\x65\x61\x74\x68\x65\x72\x2d\x63\x72\x6f\
\x73\x73\x68\x61\x69\x72\x22\x3e\x3c\x63\x69\x72\x63\x6c\x65\x20\
\x63\x78\x3d\x22\x31\x32\x22\x20\x63\x79\x3d\x22\x31\x32\x22\x20\
\x72\x3d\x22\x31\x30\x22\x3e\x3c\x2f\x63\x69\x72\x63\x6c\x65\x3e\
\x3c\x6c\x69\x6e\x65\x20\x78\x31\x3d\x22\x32\x32\x22\x20\x79\x31\
\x3d\x22\x31\x32\x22\x20\x78\x32\x3d\x22\x31\x38\x22\x20\x79\x32\
\x3d\x22\x31\x32\x22\x3e\x3c\x2f\x6c\x69\x6e\x65\x3e\x3c\x6c\x69\
\x6e\x65\x20\x78\x31\x3d\x22\x36\x22\x20\x79\x31\x3d\x22\x31\x32\
\x22\x20\x78\x32\x3d\x22\x32\x22\x20\x79\x32\x3d\x22\x31\x32\x22\
\x3e\x3c\x2f\x6c\x69\x6e\x65\x3e\x3c\x6c\x69\x6e\x65\x20\x78\x31\
\x3d\x22\x31\x32\x22\x20\x79\x31\x3d\x22\x36\x22\x20\x78\x32\x3d\
\x22\x31\x32\x22\x20\x79\x32\x3d\x22\x32\x22\x3e\x3c\x2f\x6c\x69\
\x6e\x65\x3e\x3c\x6c\x69\x6e\x65\x20\x78\x31\x3d\x22\x31\x32\x22\
\x20\x79\x31\x3d\x22\x32\x32\x22\x20\x78\x32\x3d\x22\x31\x32\x22\
\x20\x79\x32\x3d\x22\x31\x38\x22\x3e\x3c\x2f\x6c\x69\x6e\x65\x3e\
\x3c\x2f\x73\x76\x67\x3e\
\x00\x00\x01\x36\
\x3c\
\x73\x76\x67\x20\x78\x6d\x6c\x6e\x73\x3d\x22\x68\x74\x74\x70\x3a\
\x2f\x2f\x77\x77\x77\x2e\x77\x33\x2e\x6f\x72\x67\x2f\x32\x30\x30\
\x30\x2f\x73\x76\x67\x22\x20\x77\x69\x64\x74\x68\x3d\x22\x38\x30\
\x22\x20\x68\x65\x69\x67\x68\x74\x3d\x22\x38\x30\x22\x20\x76\x69\
\x65\x77\x42\x6f\x78\x3d\x22\x30\x20\x30\x20\x32\x34\x20\x32\x34\
\x22\x20\x66\x69\x6c\x6c\x3d\x22\x6e\x6f\x6e\x65\x22\x20\x73\x74\
\x72\x6f\x6b\x65\x3d\x22\x63\x75\x72\x72\x65\x6e\x74\x43\x6f\x6c\
\x6f\x72\x22\x20\x73\x74\x72\x6f\x6b\x65\x2d\x77\x69\x64\x74\x68\
\x3d\x22\x31\x2e\x35\x22\x20\x73\x74\x72\x6f\x6b\x65\x2d\x6c\x69\
\x6e\x65\x63\x61\x70\x3d\x22\x72\x6f\x75\x6e\x64\x22\x20\x73\x74\
\x72\x6f\x6b\x65\x2d\x6c\x69\x6e\x65\x6a\x6f\x69\x6e\x3d\x22\x72\
\x6f\x75\x6e\x64\x22\x20\x63\x6c\x61\x73\x73\x3d\x22\x66\x65\x61\
\x74\x68\x65\x72\x20\x66\x65\x61\x74\x68\x65\x72\x2d\x73\x65\x61\
\x72\x63\x68\x22\x3e\x3c\x63\x69\x72\x63\x6c\x65\x20\x63\x78\x3d\
\x22\x31\x31\x22\x20\x63\x79\x3d\x22\x31\x31\x22\x20\x72\x3d\x22\
\x38\x22\x3e\x3c\x2f\x63\x69\x72\x63\x6c\x65\x3e\x3c\x6c\x69\x6e\
\x65\x20\x78\x31\x3d\x22\x32\x31\x22\x20\x79\x31\x3d\x22\x32\x31\
\x22\x20\x78\x32\x3d\x22\x31\x36\x2e\x36\x35\x22\x20\x79\x32\x3d\
\x22\x31\x36\x2e\x36\x35\x22\x3e\x3c\x2f\x6c\x69\x6e\x65\x3e\x3c\
\x2f\x73\x76\x67\x3e\
\x00\x00\x01\x4b\
\x3c\
\x73\x76\x67\x20\x78\x6d\x6c\x6e\x73\x3d\x22\x68\x74\x74\x70\x3a\
\x2f\x2f\x77\x77\x77\x2e\x77\x33\x2e\x6f\x72\x67\x2f\x32\x30\x30\
\x30\x2f\x73\x76\x67\x22\x20\x77\x69\x64\x74\x68\x3d\x22\x38\x30\
\x22\x20\x68\x65\x69\x67\x68\x74\x3d\x22\x38\x30\x22\x20\x76\x69\
\x65\x77\x42\x6f\x78\x3d\x22\x30\x20\x30\x20\x32\x34\x20\x32\x34\
\x22\x20\x66\x69\x6c\x6c\x3d\x22\x6e\x6f\x6e\x65\x22\x20\x73\x74\
\x72\x6f\x6b\x65\x3d\x22\x63\x75\x72\x72\x65\x6e\x74\x43\x6f\x6c\
\x6f\x72\x22\x20\x73\x74\x72\x6f\x6b\x65\x2d\x77\x69\x64\x74\x68\
\x3d\x22\x31\x2e\x35\x22\x20\x73\x74\x72\x6f\x6b\x65\x2d\x6c\x69\
\x6e\x65\x63\x61\x70\x3d\x22\x72\x6f\x75\x6e\x64\x22\x20\x73\x74\
\x72\x6f\x6b\x65\x2d\x6c\x69\x6e\x65\x6a\x6f\x69\x6e\x3d\x22\x72\
\x6f\x75\x6e\x64\x22\x20\x63\x6c\x61\x73\x73\x3d\x22\x66\x65\x61\
\x74\x68\x65\x72\x20\x66\x65\x61\x74\x68\x65\x72\x2d\x76\x69\x64\
\x65\x6f\x22\x3e\x3c\x70\x6f\x6c\x79\x67\x6f\x6e\x20\x70\x6f\x69\
\x6e\x74\x73\x3d\x22\x32\x33\x20\x37\x20\x31\x36\x20\x31\x32\x20\
\x32\x33\x20\x31\x37\x20\x32\x33\x20\x37\x22\x3e\x3c\x2f\x70\x6f\
\x6c\x79\x67\x6f\x6e\x3e\x3c\x72\x65\x63\x74\x20\x78\x3d\x22\x31\
\x22\x20\x79\x3d\x22\x35\x22\x20\x77\x69\x64\x74\x68\x3d\x22\x31\
\x35\x22\x20\x68\x65\x69\x67\x68\x74\x3d\x22\x31\x34\x22\x20\x72\
\x78\x3d\x22\x32\x22\x20\x72\x79\x3d\x22\x32\x22\x3e\x3c\x2f\x72\
\x65\x63\x74\x3e\x3c\x2f\x73\x76\x67\x3e\
\x00\x00\x01\x78\
\x3c\
\x73\x76\x67\x20\x78\x6d\x6c\x6e\x73\x3d\x22\x68\x74\x74\x70\x3a\
\x2f\x2f\x77\x77\x77\x2e\x77\x33\x2e\x6f\x72\x67\x2f\x32\x30\x30\
\x30\x2f\x73\x76\x67\x22\x20\x77\x69\x64\x74\x68\x3d\x22\x38\x30\
\x22\x20\x68\x65\x69\x67\x68\x74\x3d\x22\x38\x30\x22\x20\x76\x69\
\x65\x77\x42\x6f\x78\x3d\x22\x30\x20\x30\x20\x32\x34\x20\x32\x34\
\x22\x20\x66\x69\x6c\x6c\x3d\x22\x6e\x6f\x6e\x65\x22\x20\x73\x74\
\x72\x6f\x6b\x65\x3d\x22\x63\x75\x72\x72\x65\x6e\x74\x43\x6f\x6c\
\x6f\x72\x22\x20\x73\x74\x72\x6f\x6b\x65\x2d\x77\x69\x64\x74\x68\
\x3d\x22\x31\x2e\x35\x22\x20\x73\x74\x72\x6f\x6b\x65\x2d\x6c\x69\
\x6e\x65\x63\x61\x70\x3d\x22\x72\x6f\x75\x6e\x64\x22\x20\x73\x74\
\x72\x6f\x6b\x65\x2d\x6c\x69\x6e\x65\x6a\x6f\x69\x6e\x3d\x22\x72\
\x6f\x75\x6e\x64\x22\x20\x63\x6c\x61\x73\x73\x3d\x22\x66\x65\x61\
\x74\x68\x65\x72\x20\x66\x65\x61\x74\x68\x65\x72\x2d\x74\x68\x75\
\x6d\x62\x73\x2d\x64\x6f\x77\x6e\x22\x3e\x3c\x70\x61\x74\x68\x20\
\x64\x3d\x22\x4d\x31\x30\x20\x31\x35\x76\x34\x61\x33\x20\x33\x20\
\x30\x20\x30\x20\x30\x20\x33\x20\x33\x6c\x34\x2d\x39\x56\x32\x48\
\x35\x2e\x37\x32\x61\x32\x20\x32\x20\x30\x20\x30\x20\x30\x2d\x32\
\x20\x31\x2e\x37\x6c\x2d\x31\x2e\x33\x38\x20\x39\x61\x32\x20\x32\
\x20\x30\x20\x30\x20\x30\x20\x32\x20\x32\x2e\x33\x7a\x6d\x37\x2d\
\x31\x33\x68\x32\x2e\x36\x37\x41\x32\x2e\x33\x31\x20\x32\x2e\x33\
\x31\x20\x30\x20\x30\x20\x31\x20\x32\x32\x20\x34\x76\x37\x61\x32\
\x2e\x33\x31\x20\x32\x2e\x33\x31\x20\x30\x20\x30\x20\x31\x2d\x32\
\x2e\x33\x33\x20\x32\x48\x31\x37\x22\x3e\x3c\x2f\x70\x61\x74\x68\
\x3e\x3c\x2f\x73\x76\x67\x3e\
\x00\x00\x01\xce\
\x3c\
\x73\x76\x67\x20\x78\x6d\x6c\x6e\x73\x3d\x22\x68\x74\x74\x70\x3a\
\x2f\x2f\x77\x77\x77\x2e\x77\x33\x2e\x6f\x72\x67\x2f\x32\x30\x30\
\x30\x2f\x73\x76\x67\x22\x20\x77\x69\x64\x74\x68\x3d\x22\x38\x30\
\x22\x20\x68\x65\x69\x67\x68\x74\x3d\x22\x38\x30\x22\x20\x76\x69\
\x65\x77\x42\x6f\x78\x3d\x22\x30\x20\x30\x20\x32\x34\x20\x32\x34\
\x22\x20\x66\x69\x6c\x6c\x3d\x22\x6e\x6f\x6e\x65\x22\x20\x73\x74\
\x72\x6f\x6b\x65\x3d\x22\x63\x75\x72\x72\x65\x6e\x74\x43\x6f\x6c\
\x6f\x72\x22\x20\x73\x74\x72\x6f\x6b\x65\x2d\x77\x69\x64\x74\x68\
\x3d\x22\x31\x2e\x35\x22\x20\x73\x74\x72\x6f\x6b\x65\x2d\x6c\x69\
\x6e\x65\x63\x61\x70\x3d\x22\x72\x6f\x75\x6e\x64\x22\x20\x73\x74\
\x72\x6f\x6b\x65\x2d\x6c\x69\x6e\x65\x6a\x6f\x69\x6e\x3d\x22\x72\
\x6f\x75\x6e\x64\x22\x20\x63\x6c\x61\x73\x73\x3d\x22\x66\x65\x61\
\x74\x68\x65\x72\x20\x66\x65\x61\x74\x68\x65\x72\x2d\x62\x65\x6c\
\x6c\x2d\x6f\x66\x66\x22\x3e\x3c\x70\x61\x74\x68\x20\x64\x3d\x22\
\x4d\x31\x33\x2e\x37\x33\x20\x32\x31\x61\x32\x20\x32\x20\x30\x20\
\x30\x20\x31\x2d\x33\x2e\x34\x36\x20\x30\x22\x3e\x3c\x2f\x70\x61\
\x74\x68\x3e\x3c\x70\x61\x74\x68\x20\x64\x3d\x22\x4d\x31\x38\x2e\
\x36\x33\x20\x31\x33\x41\x31\x37\x2e\x38\x39\x20\x31\x37\x2e\x38\
\x39\x20\x30\x20\x30\x20\x31\x20\x31\x38\x20\x38\x22\x3e\x3c\x2f\
\x70\x61\x74\x68\x3e\x3c\x70\x61\x74\x68\x20\x64\x3d\x22\x4d\x36\
\x2e\x32\x36\x20\x36\x2e\x32\x36\x41\x35\x2e\x38\x36\x20\x35\x2e\
\x38\x36\x20\x30\x20\x30\x20\x30\x20\x36\x20\x38\x63\x30\x20\x37\
\x2d\x33\x20\x39\x2d\x33\x20\x39\x68\x31\x34\x22\x3e\x3c\x2f\x70\
\x61\x74\x68\x3e\x3c\x70\x61\x74\x68\x20\x64\x3d\x22\x4d\x31\x38\
\x20\x38\x61\x36\x20\x36\x20\x30\x20\x30\x20\x30\x2d\x39\x2e\x33\
\x33\x2d\x35\x22\x3e\x3c\x2f\x70\x61\x74\x68\x3e\x3c\x6c\x69\x6e\
\x65\x20\x78\x31\x3d\x22\x31\x22\x20\x79\x31\x3d\x22\x31\x22\x20\
\x78\x32\x3d\x22\x32\x33\x22\x20\x79\x32\x3d\x22\x32\x33\x22\x3e\
\x3c\x2f\x6c\x69\x6e\x65\x3e\x3c\x2f\x73\x76\x67\x3e\
\x00\x00\x01\x68\
\x3c\
\x73\x76\x67\x20\x78\x6d\x6c\x6e\x73\x3d\x22\x68\x74\x74\x70\x3a\
\x2f\x2f\x77\x77\x77\x2e\x77\x33\x2e\x6f\x72\x67\x2f\x32\x30\x30\
\x30\x2f\x73\x76\x67\x22\x20\x77\x69\x64\x74\x68\x3d\x22\x38\x30\
\x22\x20\x68\x65\x69\x67\x68\x74\x3d\x22\x38\x30\x22\x20\x76\x69\
\x65\x77\x42\x6f\x78\x3d\x22\x30\x20\x30\x20\x32\x34\x20\x32\x34\
\x22\x20\x66\x69\x6c\x6c\x3d\x22\x6e\x6f\x6e\x65\x22\x20\x73\x74\
\x72\x6f\x6b\x65\x3d\x22\x63\x75\x72\x72\x65\x6e\x74\x43\x6f\x6c\
\x6f\x72\x22\x20\x73\x74\x72\x6f\x6b\x65\x2d\x77\x69\x64\x74\x68\
\x3d\x22\x31\x2e\x35\x22\x20\x73\x74\x72\x6f\x6b\x65\x2d\x6c\x69\
\x6e\x65\x63\x61\x70\x3d\x22\x72\x6f\x75\x6e\x64\x22\x20\x73\x74\
\x72\x6f\x6b\x65\x2d\x6c\x69\x6e\x65\x6a\x6f\x69\x6e\x3d\x22\x72\
\x6f\x75\x6e\x64\x22\x20\x63\x6c\x61\x73\x73\x3d\x22\x66\x65\x61\
\x74\x68\x65\x72\x20\x66\x65\x61\x74\x68\x65\x72\x2d\x68\x65\x78\
\x61\x67\x6f\x6e\x22\x3e\x3c\x70\x61\x74\x68\x20\x64\x3d\x22\x4d\
\x32\x31\x20\x31\x36\x56\x38\x61\x32\x20\x32\x20\x30\x20\x30\x20\
\x30\x2d\x31\x2d\x31\x2e\x37\x33\x6c\x2d\x37\x2d\x34\x61\x32\x20\
\x32\x20\x30\x20\x30\x20\x30\x2d\x32\x20\x30\x6c\x2d\x37\x20\x34\
\x41\x32\x20\x32\x20\x30\x20\x30\x20\x30\x20\x33\x20\x38\x76\x38\
\x61\x32\x20\x32\x20\x30\x20\x30\x20\x30\x20\x31\x20\x31\x2e\x37\
\x33\x6c\x37\x20\x34\x61\x32\x20\x32\x20\x30\x20\x30\x20\x30\x20\
\x32\x20\x30\x6c\x37\x2d\x34\x41\x32\x20\x32\x20\x30\x20\x30\x20\
\x30\x20\x32\x31\x20\x31\x36\x7a\x22\x3e\x3c\x2f\x70\x61\x74\x68\
\x3e\x3c\x2f\x73\x76\x67\x3e\
\x00\x00\x01\x17\
\x3c\
\x73\x76\x67\x20\x78\x6d\x6c\x6e\x73\x3d\x22\x68\x74\x74\x70\x3a\
\x2f\x2f\x77\x77\x77\x2e\x77\x33\x2e\x6f\x72\x67\x2f\x32\x30\x30\
\x30\x2f\x73\x76\x67\x22\x20\x77\x69\x64\x74\x68\x3d\x22\x38\x30\
\x22\x20\x68\x65\x69\x67\x68\x74\x3d\x22\x38\x30\x22\x20\x76\x69\
\x65\x77\x42\x6f\x78\x3d\x22\x30\x20\x30\x20\x32\x34\x20\x32\x34\
\x22\x20\x66\x69\x6c\x6c\x3d\x22\x6e\x6f\x6e\x65\x22\x20\x73\x74\
\x72\x6f\x6b\x65\x3d\x22\x63\x75\x72\x72\x65\x6e\x74\x43\x6f\x6c\
\x6f\x72\x22\x20\x73\x74\x72\x6f\x6b\x65\x2d\x77\x69\x64\x74\x68\
\x3d\x22\x31\x2e\x35\x22\x20\x73\x74\x72\x6f\x6b\x65\x2d\x6c\x69\
\x6e\x65\x63\x61\x70\x3d\x22\x72\x6f\x75\x6e\x64\x22\x20\x73\x74\
\x72\x6f\x6b\x65\x2d\x6c\x69\x6e\x65\x6a\x6f\x69\x6e\x3d\x22\x72\
\x6f\x75\x6e\x64\x22\x20\x63\x6c\x61\x73\x73\x3d\x22\x66\x65\x61\
\x74\x68\x65\x72\x20\x66\x65\x61\x74\x68\x65\x72\x2d\x6e\x61\x76\
\x69\x67\x61\x74\x69\x6f\x6e\x22\x3e\x3c\x70\x6f\x6c\x79\x67\x6f\
\x6e\x20\x70\x6f\x69\x6e\x74\x73\x3d\x22\x33\x20\x31\x31\x20\x32\
\x32\x20\x32\x20\x31\x33\x20\x32\x31\x20\x31\x31\x20\x31\x33\x20\
\x33\x20\x31\x31\x22\x3e\x3c\x2f\x70\x6f\x6c\x79\x67\x6f\x6e\x3e\
\x3c\x2f\x73\x76\x67\x3e\
\x00\x00\x01\x77\
\x3c\
\x73\x76\x67\x20\x78\x6d\x6c\x6e\x73\x3d\x22\x68\x74\x74\x70\x3a\
\x2f\x2f\x77\x77\x77\x2e\x77\x33\x2e\x6f\x72\x67\x2f\x32\x30\x30\
\x30\x2f\x73\x76\x67\x22\x20\x77\x69\x64\x74\x68\x3d\x22\x38\x30\
\x22\x20\x68\x65\x69\x67\x68\x74\x3d\x22\x38\x30\x22\x20\x76\x69\
\x65\x77\x42\x6f\x78\x3d\x22\x30\x20\x30\x20\x32\x34\x20\x32\x34\
\x22\x20\x66\x69\x6c\x6c\x3d\x22\x6e\x6f\x6e\x65\x22\x20\x73\x74\
\x72\x6f\x6b\x65\x3d\x22\x63\x75\x72\x72\x65\x6e\x74\x43\x6f\x6c\
\x6f\x72\x22\x20\x73\x74\x72\x6f\x6b\x65\x2d\x77\x69\x64\x74\x68\
\x3d\x22\x31\x2e\x35\x22\x20\x73\x74\x72\x6f\x6b\x65\x2d\x6c\x69\
\x6e\x65\x63\x61\x70\x3d\x22\x72\x6f\x75\x6e\x64\x22\x20\x73\x74\
\x72\x6f\x6b\x65\x2d\x6c\x69\x6e\x65\x6a\x6f\x69\x6e\x3d\x22\x72\
\x6f\x75\x6e\x64\x22\x20\x63\x6c\x61\x73\x73\x3d\x22\x66\x65\x61\
\x74\x68\x65\x72\x20\x66\x65\x61\x74\x68\x65\x72\x2d\x70\x6c\x75\
\x73\x2d\x73\x71\x75\x61\x72\x65\x22\x3e\x3c\x72\x65\x63\x74\x20\
\x78\x3d\x22\x33\x22\x20\x79\x3d\x22\x33\x22\x20\x77\x69\x64\x74\
\x68\x3d\x22\x31\x38\x22\x20\x68\x65\x69\x67\x68\x74\x3d\x22\x31\
\x38\x22\x20\x72\x78\x3d\x22\x32\x22\x20\x72\x79\x3d\x22\x32\x22\
\x3e\x3c\x2f\x72\x65\x63\x74\x3e\x3c\x6c\x69\x6e\x65\x20\x78\x31\
\x3d\x22\x31\x32\x22\x20\x79\x31\x3d\x22\x38\x22\x20\x78\x32\x3d\
\x22\x31\x32\x22\x20\x79\x32\x3d\x22\x31\x36\x22\x3e\x3c\x2f\x6c\
\x69\x6e\x65\x3e\x3c\x6c\x69\x6e\x65\x20\x78\x31\x3d\x22\x38\x22\
\x20\x79\x31\x3d\x22\x31\x32\x22\x20\x78\x32\x3d\x22\x31\x36\x22\
\x20\x79\x32\x3d\x22\x31\x32\x22\x3e\x3c\x2f\x6c\x69\x6e\x65\x3e\
\x3c\x2f\x73\x76\x67\x3e\
\x00\x00\x01\x5d\
\x3c\
\x73\x76\x67\x20\x78\x6d\x6c\x6e\x73\x3d\x22\x68\x74\x74\x70\x3a\
\x2f\x2f\x77\x77\x77\x2e\x77\x33\x2e\x6f\x72\x67\x2f\x32\x30\x30\
\x30\x2f\x73\x76\x67\x22\x20\x77\x69\x64\x74\x68\x3d\x22\x38\x30\
\x22\x20\x68\x65\x69\x67\x68\x74\x3d\x22\x38\x30\x22\x20\x76\x69\
\x65\x77\x42\x6f\x78\x3d\x22\x30\x20\x30\x20\x32\x34\x20\x32\x34\
\x22\x20\x66\x69\x6c\x6c\x3d\x22\x6e\x6f\x6e\x65\x22\x20\x73\x74\
\x72\x6f\x6b\x65\x3d\x22\x63\x75\x72\x72\x65\x6e\x74\x43\x6f\x6c\
\x6f\x72\x22\x20\x73\x74\x72\x6f\x6b\x65\x2d\x77\x69\x64\x74\x68\
\x3d\x22\x31\x2e\x35\x22\x20\x73\x74\x72\x6f\x6b\x65\x2d\x6c\x69\
\x6e\x65\x63\x61\x70\x3d\x22\x72\x6f\x75\x6e\x64\x22\x20\x73\x74\
\x72\x6f\x6b\x65\x2d\x6c\x69\x6e\x65\x6a\x6f\x69\x6e\x3d\x22\x72\
\x6f\x75\x6e\x64\x22\x20\x63\x6c\x61\x73\x73\x3d\x22\x66\x65\x61\
\x74\x68\x65\x72\x20\x66\x65\x61\x74\x68\x65\x72\x2d\x69\x6e\x66\
\x6f\x22\x3e\x3c\x63\x69\x72\x63\x6c\x65\x20\x63\x78\x3d\x22\x31\
\x32\x22\x20\x63\x79\x3d\x22\x31\x32\x22\x20\x72\x3d\x22\x31\x30\
\x22\x3e\x3c\x2f\x63\x69\x72\x63\x6c\x65\x3e\x3c\x6c\x69\x6e\x65\
\x20\x78\x31\x3d\x22\x31\x32\x22\x20\x79\x31\x3d\x22\x31\x36\x22\
\x20\x78\x32\x3d\x22\x31\x32\x22\x20\x79\x32\x3d\x22\x31\x32\x22\
\x3e\x3c\x2f\x6c\x69\x6e\x65\x3e\x3c\x6c\x69\x6e\x65\x20\x78\x31\
\x3d\x22\x31\x32\x22\x20\x79\x31\x3d\x22\x38\x22\x20\x78\x32\x3d\
\x22\x31\x32\x2e\x30\x31\x22\x20\x79\x32\x3d\x22\x38\x22\x3e\x3c\
\x2f\x6c\x69\x6e\x65\x3e\x3c\x2f\x73\x76\x67\x3e\
\x00\x00\x01\x08\
\x3c\
\x73\x76\x67\x20\x78\x6d\x6c\x6e\x73\x3d\x22\x68\x74\x74\x70\x3a\
\x2f\x2f\x77\x77\x77\x2e\x77\x33\x2e\x6f\x72\x67\x2f\x32\x30\x30\
\x30\x2f\x73\x76\x67\x22\x20\x77\x69\x64\x74\x68\x3d\x22\x38\x30\
\x22\x20\x68\x65\x69\x67\x68\x74\x3d\x22\x38\x30\x22\x20\x76\x69\
\x65\x77\x42\x6f\x78\x3d\x22\x30\x20\x30\x20\x32\x34\x20\x32\x34\
\x22\x20\x66\x69\x6c\x6c\x3d\x22\x6e\x6f\x6e\x65\x22\x20\x73\x74\
\x72\x6f\x6b\x65\x3d\x22\x63\x75\x72\x72\x65\x6e\x74\x43\x6f\x6c\
\x6f\x72\x22\x20\x73\x74\x72\x6f\x6b\x65\x2d\x77\x69\x64\x74\x68\
\x3d\x22\x31\x2e\x35\x22\x20\x73\x74\x72\x6f\x6b\x65\x2d\x6c\x69\
\x6e\x65\x63\x61\x70\x3d\x22\x72\x6f\x75\x6e\x64\x22\x20\x73\x74\
\x72\x6f\x6b\x65\x2d\x6c\x69\x6e\x65\x6a\x6f\x69\x6e\x3d\x22\x72\
\x6f\x75\x6e\x64\x22\x20\x63\x6c\x61\x73\x73\x3d\x22\x66\x65\x61\
\x74\x68\x65\x72\x20\x66\x65\x61\x74\x68\x65\x72\x2d\x63\x68\x65\
\x63\x6b\x22\x3e\x3c\x70\x6f\x6c\x79\x6c\x69\x6e\x65\x20\x70\x6f\
\x69\x6e\x74\x73\x3d\x22\x32\x30\x20\x36\x20\x39\x20\x31\x37\x20\
\x34\x20\x31\x32\x22\x3e\x3c\x2f\x70\x6f\x6c\x79\x6c\x69\x6e\x65\
\x3e\x3c\x2f\x73\x76\x67\x3e\
\x00\x00\x01\x58\
\x3c\
\x73\x76\x67\x20\x78\x6d\x6c\x6e\x73\x3d\x22\x68\x74\x74\x70\x3a\
\x2f\x2f\x77\x77\x77\x2e\x77\x33\x2e\x6f\x72\x67\x2f\x32\x30\x30\
\x30\x2f\x73\x76\x67\x22\x20\x77\x69\x64\x74\x68\x3d\x22\x38\x30\
\x22\x20\x68\x65\x69\x67\x68\x74\x3d\x22\x38\x30\x22\x20\x76\x69\
\x65\x77\x42\x6f\x78\x3d\x22\x30\x20\x30\x20\x32\x34\x20\x32\x34\
\x22\x20\x66\x69\x6c\x6c\x3d\x22\x6e\x6f\x6e\x65\x22\x20\x73\x74\
\x72\x6f\x6b\x65\x3d\x22\x63\x75\x72\x72\x65\x6e\x74\x43\x6f\x6c\
\x6f\x72\x22\x20\x73\x74\x72\x6f\x6b\x65\x2d\x77\x69\x64\x74\x68\
\x3d\x22\x31\x2e\x35\x22\x20\x73\x74\x72\x6f\x6b\x65\x2d\x6c\x69\
\x6e\x65\x63\x61\x70\x3d\x22\x72\x6f\x75\x6e\x64\x22\x20\x73\x74\
\x72\x6f\x6b\x65\x2d\x6c\x69\x6e\x65\x6a\x6f\x69\x6e\x3d\x22\x72\
\x6f\x75\x6e\x64\x22\x20\x63\x6c\x61\x73\x73\x3d\x22\x66\x65\x61\
\x74\x68\x65\x72\x20\x66\x65\x61\x74\x68\x65\x72\x2d\x63\x6f\x6d\
\x70\x61\x73\x73\x22\x3e\x3c\x63\x69\x72\x63\x6c\x65\x20\x63\x78\
\x3d\x22\x31\x32\x22\x20\x63\x79\x3d\x22\x31\x32\x22\x20\x72\x3d\
\x22\x31\x30\x22\x3e\x3c\x2f\x63\x69\x72\x63\x6c\x65\x3e\x3c\x70\
\x6f\x6c\x79\x67\x6f\x6e\x20\x70\x6f\x69\x6e\x74\x73\x3d\x22\x31\
\x36\x2e\x32\x34\x20\x37\x2e\x37\x36\x20\x31\x34\x2e\x31\x32\x20\
\x31\x34\x2e\x31\x32\x20\x37\x2e\x37\x36\x20\x31\x36\x2e\x32\x34\
\x20\x39\x2e\x38\x38\x20\x39\x2e\x38\x38\x20\x31\x36\x2e\x32\x34\
\x20\x37\x2e\x37\x36\x22\x3e\x3c\x2f\x70\x6f\x6c\x79\x67\x6f\x6e\
\x3e\x3c\x2f\x73\x76\x67\x3e\
\x00\x00\x3c\x72\
\x89\
\x50\x4e\x47\x0d\x0a\x1a\x0a\x00\x00\x00\x0d\x49\x48\x44\x52\x00\
\x00\x02\x00\x00\x00\x02\x00\x08\x06\x00\x00\x00\xf4\x78\xd4\xfa\
\x00\x00\x00\x04\x73\x42\x49\x54\x08\x08\x08\x08\x7c\x08\x64\x88\
\x00\x00\x00\x09\x70\x48\x59\x73\x00\x00\x0f\xd4\x00\x00\x0f\xd4\
\x01\x7b\x8a\x7f\x52\x00\x00\x00\x19\x74\x45\x58\x74\x53\x6f\x66\
\x74\x77\x61\x72\x65\x00\x77\x77\x77\x2e\x69\x6e\x6b\x73\x63\x61\
\x70\x65\x2e\x6f\x72\x67\x9b\xee\x3c\x1a\x00\x00\x20\x00\x49\x44\
\x41\x54\x78\x9c\xed\xdd\x79\xb4\xa5\x55\x7d\xa7\xf1\xe7\xd6\x5c\
\x50\x40\x01\xc5\x3c\x08\x8a\x4c\x32\x29\x28\xce\xb3\x8d\x28\x08\
\x46\x11\x94\xa9\x10\xd0\x18\xb3\xd2\xc6\xf4\x8a\x89\x9d\x44\x4d\
\xc7\xb4\xb6\x69\x35\x9d\x98\x18\x66\x31\x18\x11\x44\x06\x15\x47\
\x44\x51\x71\x42\x66\x64\xa6\x64\x9e\x8a\x02\xaa\xa0\xe6\xba\xfd\
\xc7\xa6\x84\xa2\x6e\xdd\xbb\xf7\x39\xef\x7e\xf7\x3b\x3c\x9f\xb5\
\xce\x72\x2d\xd7\xa6\xee\xf7\x9c\xf7\x9c\xb3\x7f\x67\xbf\x7b\x00\
\x49\x52\xd7\xec\x0c\x9c\x01\xdc\x0b\x2c\x03\x6e\x03\xfe\x0f\xb0\
\x69\xc1\x4c\x92\x24\x29\xa3\x03\x81\x27\x80\xd1\x31\x1e\x77\x02\
\xbb\x94\x8b\x26\x49\x92\x72\xd8\x0e\x58\xc8\xd8\x9d\xff\xea\xc7\
\xf5\xc0\xd4\x52\x01\x25\x49\x52\xf5\xfe\x89\xf1\x3b\xff\xd5\x8f\
\x23\x4a\x05\x54\x73\x4c\x2a\x1d\x40\x92\x54\x99\xd7\x56\xdc\x4e\
\x1d\x66\x01\x20\x49\xdd\x11\x3b\xc9\x6f\x4e\xd6\x14\x6a\x05\x0b\
\x00\x49\xea\x8e\x91\x8a\xdb\xa9\xc3\x2c\x00\x24\x49\xea\x21\x0b\
\x00\x49\x92\x7a\xc8\x02\x40\x92\xa4\x1e\xb2\x00\x90\x24\xa9\x87\
\x2c\x00\x24\x49\xea\x21\x0b\x00\x49\x92\x7a\xc8\x02\x40\x92\xa4\
\x1e\xb2\x00\x90\x24\xa9\x87\x2c\x00\x24\x49\xea\xa1\x29\xa5\x03\
\x48\x52\x0d\x5e\x0e\xbc\x9b\x70\x14\xee\x23\xc0\x0f\x81\xff\x04\
\x16\x97\x0c\xa5\x4a\x6d\x01\xcc\x05\x5e\x0a\x4c\x07\xae\x04\xce\
\x00\x6e\x29\x17\x49\x92\x54\xca\x54\xe0\x74\xc6\x3e\x11\xef\x36\
\x60\x8f\x72\xd1\xb2\x98\x47\xdc\x69\x80\x5f\x2f\x94\x2f\x97\x43\
\x80\x47\x59\xfb\x79\x2e\x07\xfe\xa2\x60\x2e\x49\x52\x21\x5f\x60\
\xfc\x8e\xf0\x5e\x60\xb3\x62\xe9\xaa\x37\x8f\xfe\x15\x00\x2f\x06\
\x96\x31\xfe\xf3\x3d\xb6\x58\x3a\x49\x52\xed\x76\x01\x56\x32\x71\
\x67\x78\x5a\xa9\x80\x19\xcc\xa3\x5f\x05\xc0\x24\xe0\xb7\x4c\xfc\
\x7c\x1f\x00\xa6\x15\xca\xd8\x58\x4e\x02\x94\xd4\x55\x07\x13\xf7\
\x1d\x77\x2c\xb0\x5f\xe6\x2c\xca\xe3\x78\xe0\x85\x11\xed\x36\x07\
\x5e\x96\x39\x4b\xeb\x58\x00\x48\xea\xaa\x6d\x22\xdb\x4d\x02\x3e\
\x8f\x47\xe4\xb6\xcd\x46\xc0\x3f\x24\xb4\xdf\x3a\x57\x90\xb6\xb2\
\x00\x90\xd4\x55\x0f\x24\xb4\x7d\x05\x70\x44\xae\x20\xca\xe2\x6f\
\x09\xbf\xec\x63\x3d\x98\x2b\x88\x24\xa9\x59\xf6\x02\x56\x11\x77\
\x4f\x7c\x14\xb8\x13\x58\xaf\x48\xd2\xea\xcc\xa3\x1f\x73\x00\x76\
\x06\x96\x12\x7f\x6d\xe7\xd3\xfe\x6b\x5b\x39\x47\x00\x24\x75\xd5\
\x35\xc0\x05\x09\xed\xb7\x03\x3e\x92\x29\x8b\xaa\xf5\x7f\x49\x9b\
\xd4\xf7\x39\xe0\xc9\x4c\x59\x24\x49\x0d\xf4\x5c\x60\x09\xf1\xbf\
\x14\x9f\x04\x76\x28\x11\xb4\x22\xf3\xe8\xfe\x08\xc0\x1b\x89\xbf\
\x9e\x5d\x19\xd9\x91\x24\x0d\xe0\x53\xa4\x75\x18\x5f\x2d\x13\xb3\
\x12\xf3\xe8\x76\x01\x30\x05\xb8\x8e\xb4\xeb\x79\x58\x91\xa4\x92\
\xa4\xe2\x36\x20\x6c\xf8\x93\xd2\x69\xbc\xba\x48\xd2\xe1\xcd\xa3\
\xdb\x05\xc0\x87\x48\xbb\x8e\x3f\xc5\xd5\x1d\x92\xd4\x6b\xc7\x91\
\xd6\x71\xfc\x16\x98\x5c\x24\xe9\x70\xe6\xd1\xdd\x02\x60\x13\xe0\
\x61\xe2\xaf\xe1\x4a\x60\xdf\x22\x49\x25\x49\x8d\x31\x09\xf8\x25\
\x69\x45\xc0\x09\x45\x92\x0e\xe7\x5a\xe2\x9e\x5b\x1b\x77\x3f\xfc\
\x77\xd2\xae\xdf\x17\xcb\xc4\x94\x24\x35\xcd\xcb\x48\x5b\x16\xf8\
\x00\x61\xb3\x99\x36\x39\x9d\xb8\xe7\xf6\x27\xa5\x02\x0e\xe8\x05\
\x84\x83\x7d\x62\xaf\xdd\x63\xc0\x96\x45\x92\x4a\x92\x1a\xe9\x2c\
\xd2\x7e\x45\x7e\xa6\x4c\xcc\x81\xed\xc7\xc4\x45\xce\xc3\xc0\xec\
\x52\x01\x07\xf4\x3d\xd2\xae\xdb\x87\xcb\xc4\x94\x24\x35\xd5\x36\
\xc0\x22\xe2\x3b\x92\xa5\x84\x4d\x67\xda\xe4\x23\xac\xfb\xf9\x2c\
\x01\x0e\x2c\x17\x6d\x20\xef\x20\xad\xf3\xbf\x05\x98\x5e\x24\xa9\
\x24\xa9\xd1\xfe\x8e\xb4\x0e\xe5\xc2\x32\x31\x87\xf2\x0e\xe0\x46\
\x9e\x7e\x0e\xab\x80\x9f\x10\x8e\xce\x6d\x93\xe9\x84\x0e\x3d\xe5\
\x7a\xbd\xa5\x48\x52\x49\x52\xe3\xcd\x04\xee\x20\xad\x53\x79\x73\
\x91\xa4\xc3\xdb\x81\x30\x13\x3e\x65\xcf\xfc\x26\xf9\x9f\xa4\x5d\
\xa7\xef\x95\x89\x29\x49\x6a\x8b\x77\x91\xd6\xb1\xdc\x00\x4c\x2d\
\x92\xb4\xbf\xb6\x24\x4c\xe6\x8b\xbd\x46\xcb\x09\x93\x05\x25\x49\
\x1a\xd7\xa5\xa4\x15\x01\x7f\x56\x24\x65\x7f\x9d\x49\xda\xf5\xf9\
\x6c\x99\x98\x92\xa4\xb6\xd9\x07\x58\x41\x7c\x07\xf3\x08\x30\xa7\
\x48\xd2\xfe\xd9\x97\xb0\x91\x4f\xec\xb5\x99\x4f\xd8\x28\x48\x92\
\xa4\x28\x27\x91\xf6\x2b\xf3\x0b\x65\x62\xf6\xca\x08\x61\x0b\xdf\
\x94\xeb\xf2\xfe\x22\x49\x25\x49\xad\xb5\x39\xf0\x28\xf1\x1d\xcd\
\x0a\x60\x97\x22\x49\xfb\xe3\x70\xd2\x3a\xff\xab\x68\xe7\xb6\xcd\
\x92\xa4\xc2\xfe\x02\xef\x35\x37\xc9\x65\xa4\x5d\x8f\xd7\x16\x49\
\x29\x49\x6a\xbd\x69\xc0\x4d\xc4\x77\x38\x3f\x29\x13\xb3\x37\x16\
\x13\x7f\x2d\xce\x2d\x94\x51\x92\xd4\x11\x6f\x25\xbe\xd3\xb9\xac\
\x50\xc6\x3e\x18\x21\xec\xbe\x18\x73\x1d\x16\x03\x3b\x96\x89\x29\
\x49\xea\x92\x8b\x89\xeb\x78\xfe\xb5\x54\xc0\x9e\x88\x3d\xb5\xf1\
\x1f\x4a\x05\x94\x24\x75\xcb\x6e\x84\xbd\xf2\x27\x9a\x04\xb8\x57\
\xa9\x80\x3d\x71\x1c\x13\x77\xfe\x77\x02\xb3\x4a\x05\x94\x24\x75\
\xcf\x89\x8c\x7f\x9a\xde\x47\xcb\x45\xeb\x8d\x49\xc0\x79\xac\xfb\
\x1a\x3c\x49\x38\xda\x59\x92\xa4\x4a\x1d\xca\xda\x07\xd0\xcc\x03\
\x8e\x2d\x98\xa9\x6f\xa6\x02\x1f\x07\x16\xb0\xe6\x75\xb8\x9c\xb0\
\x81\x93\x2a\x30\x52\x3a\x80\x24\x35\xd0\x08\xb0\x27\xb0\x2d\x70\
\x3f\x70\x35\x61\x67\x3a\xd5\x6b\x26\xa1\xc3\x9f\x4d\x58\xa9\x71\
\x7b\xd9\x38\x92\x24\x49\x92\x24\x49\x92\x24\x49\x92\x24\x49\x92\
\x24\x49\x92\x24\x49\x92\x24\x49\x92\x24\x49\x92\x24\x49\x92\x24\
\x49\x92\x24\x49\x92\x24\x49\xeb\xe6\x61\x40\x92\x06\xb1\xfa\x90\
\x96\xf5\x09\x07\xb4\x78\x48\x4b\x79\x33\x80\x4d\x9f\x7a\xcc\x02\
\xd6\x7b\xea\xff\x1f\x21\x9c\xa4\x07\xf0\x38\xb0\x08\x98\xff\xd4\
\x63\x45\xcd\x19\xb5\xa6\x49\xc0\x1e\xc0\xe6\x84\xeb\x71\x35\xe1\
\x38\x6a\x49\x6a\x9c\x29\xc0\xc7\x80\x47\x59\xf3\x98\xd6\x9f\x03\
\xaf\x2d\x17\xab\x37\xd6\x03\x5e\x0c\x9c\x08\x7c\x0e\xb8\x80\xd0\
\x69\x3c\xc6\x9a\xd7\x23\xf6\xf1\x20\xf0\x2b\xe0\x6c\xe0\x7f\x03\
\xef\x21\x74\x48\x53\xeb\x7a\x42\x3d\x35\x02\x1c\xc5\xda\xc7\x4e\
\xdf\x05\x1c\x59\x30\x97\x24\x8d\x69\x04\xf8\x1a\xe3\x77\x28\xe7\
\x00\x3b\x14\xca\xd7\x45\xdb\x02\x47\x03\xff\x0e\x5c\x43\x38\x92\
\x78\x90\x8e\x3e\xf5\xb1\x04\xf8\x19\xf0\x19\xe0\x50\xc2\x71\xbc\
\xaa\xc6\xfe\xc0\xe5\x8c\xff\xfa\xff\x65\xb1\x74\x92\x34\x86\xa3\
\x89\xeb\x3c\x16\x03\xff\x40\xb8\x3d\xa0\x34\x93\x80\x57\x02\x9f\
\x26\x74\xf8\x75\x74\xf6\x31\x8f\xe5\xc0\x4f\x80\xbf\x06\x76\xcf\
\xf6\xec\xbb\x6d\x6b\xe0\x4b\x84\x21\xfe\x89\x5e\xef\x15\xc0\x9e\
\x65\x62\x4a\xd2\xda\x26\xfa\xd5\xf2\xec\xc7\xdd\x84\x61\x4e\xe7\
\x1a\x4d\x6c\x3f\xc2\x90\xfe\x5d\x94\xef\xec\x63\x1e\xd7\x00\x7f\
\x03\xec\x98\xe3\xc5\xe8\x98\x19\xc0\x47\x81\x85\xa4\xbd\xc6\xff\
\xaf\x44\x58\x49\x1a\xcb\x12\x06\xeb\x2c\x2e\x07\x5e\x52\x20\x6f\
\xd3\x6d\x08\x7c\x00\xb8\x92\xf2\x1d\xfa\xa0\x8f\x95\xc0\x77\x81\
\x77\xe2\xbc\x81\xb1\xbc\x83\x30\x41\x76\x90\xd7\xf6\xb2\x02\x79\
\x25\x69\x4c\x8b\x19\xbc\xa3\x58\x45\x18\xfe\xdc\xba\xf6\xd4\xcd\
\xb3\x15\xf0\x71\xe0\x11\xca\x77\xe0\x55\x3e\xee\x7b\xea\x79\x6d\
\x52\xd5\x0b\xd5\x62\x7b\x01\x97\x30\xdc\xeb\xf9\xe3\xda\x53\x4b\
\xd2\x3a\x5c\xc6\xf0\x9d\xc4\x42\xc2\x7d\xe4\x19\x35\x67\x6f\x82\
\xe7\x11\x8a\xa0\xe5\x94\xef\xac\x73\x3e\x1e\x03\x3e\x09\x6c\x5c\
\xcd\xcb\xd6\x2a\x73\x08\x13\x36\x57\x30\xfc\xeb\xf8\xd9\x9a\xb3\
\x4b\xd2\x3a\x1d\x41\x75\x9d\xc4\xed\xc0\x1f\xd5\x1b\xbf\x98\x6d\
\x80\x93\x80\x65\x94\xef\x9c\xeb\x7c\x3c\x0a\xfc\x1d\xfd\x98\x0c\
\x3a\x15\xf8\xef\x54\x37\xaa\xb3\x0c\xd8\xb5\xd6\x67\x20\x49\x13\
\x38\x83\x6a\x3b\x89\x4b\x08\xc3\xa5\x5d\x34\x13\xf8\x08\x61\xf3\
\x9d\xd2\x9d\x71\xc9\xc7\x3d\xc0\xfb\x08\x2b\x1c\xba\xe8\xcd\xc0\
\x0d\x54\xfb\x9a\xfd\x69\xad\xcf\x40\x92\x22\x4c\x02\xfe\x82\xf4\
\x19\xcd\xe3\x3d\x56\x10\x86\x4d\xe7\xd4\xf8\x3c\x72\x7b\x2b\x30\
\x8f\xf2\x9d\x6f\x93\x1e\x97\xd3\xad\xa5\x6d\x3b\x03\xdf\xa4\xda\
\xd7\xe8\x6e\xc2\xbe\x0b\xb5\x70\x79\x8e\xa4\x41\xac\x9e\xc8\x76\
\x02\xd5\xfd\xb2\x7b\x14\xf8\x14\x61\x39\xdc\xb2\x8a\xfe\xcd\xba\
\x6d\x06\x7c\x9e\xb0\xa3\x5e\x1d\x46\x81\x3b\x81\x9b\x81\x9b\x08\
\xdb\xc9\x3e\x41\xb8\x0f\xbf\x90\xb0\xed\xef\x62\x60\x03\xc2\x50\
\xfc\xfa\x84\x4d\x7d\x66\x01\x5b\x02\xbb\x10\x86\x9a\x37\xab\x29\
\xef\x72\xc2\x35\xfe\x24\xb0\xb4\xa6\xbf\x59\xb5\x59\xc0\xff\x00\
\xfe\x0a\x98\x5e\xd1\xbf\xb9\x0c\xf8\x22\x61\x69\xe5\xc2\x8a\xfe\
\x4d\x49\xca\x6a\x5f\xe0\xa7\x54\xfb\x2b\xe8\x26\xe0\xa0\x3a\x9f\
\x44\x45\xde\x0a\x3c\x40\xbe\x5f\xd0\xab\x80\xeb\x08\xeb\xc3\x8f\
\x00\x5e\xc8\xd3\xfb\xfd\x0f\x6b\x63\xe0\xa5\xc0\xf1\x84\xdb\x3c\
\x77\x66\x7c\x1e\xa3\x84\xed\x8b\xf7\xa8\x28\x7b\x5d\x26\x01\xc7\
\x00\xf7\x53\xed\x6b\x71\x11\xf0\xdc\x1a\x9f\x87\x24\x55\x66\x84\
\xb0\x4b\xe0\xdd\x54\xfb\xc5\xf8\x75\xc2\xc1\x36\x4d\x37\x03\xf8\
\x57\xe2\x76\x78\x1b\x64\x48\xf8\x3f\x08\x1d\xfe\x16\x75\x3d\xa1\
\xa7\xec\x44\xb8\x77\xff\x55\x06\x3f\x6b\x60\xbc\xc7\x62\xc2\xbd\
\xee\x36\x8c\x44\xef\x0a\xfc\x86\x6a\x9f\xff\x55\x78\x7e\x86\xa4\
\x8e\x58\x9f\xb0\x05\xf0\x30\xfb\x05\x3c\xfb\x71\x05\x61\x32\x5d\
\x53\x6d\x07\xfc\x92\xea\x3b\xc6\xaf\x01\x07\x13\x0e\x5f\x6a\x82\
\x19\xc0\x61\x84\x5f\xab\x55\x2f\x63\x3c\x1f\xd8\xa8\xbe\xa7\x92\
\x6c\x47\xc2\xa1\x49\x55\x3d\xdf\x07\x81\xf7\x03\x93\xeb\x7c\x12\
\x92\x54\x87\x1d\x81\x73\xa9\xee\x0b\xf3\xa3\xf5\xc6\x8f\xf6\x26\
\xe0\x61\xaa\x7b\x9e\xbf\x00\xe6\x12\xee\xd7\x37\xd9\x56\x84\x7b\
\xe0\x83\xee\x70\x37\xd6\xe3\x3a\xc2\xa4\xba\x26\x3a\x9f\x6a\x9e\
\xe3\x32\xc2\xda\x7e\x0f\x56\x92\xd4\x79\xaf\x25\x0c\x73\x0e\xfb\
\xc5\x79\x53\xcd\xb9\x63\xbc\x97\xea\xd6\xf5\xff\x94\xf0\x6b\xbf\
\x6d\x26\x11\x46\x05\xae\xa7\x9a\xd7\xe1\x11\xe0\x35\xb5\x3e\x83\
\x89\x6d\x42\x35\x9b\xfa\x7c\x8b\x30\xe1\x52\x92\x7a\x63\x32\x61\
\xb8\x73\x98\x21\xd4\x95\x34\x67\x28\x7c\x84\x30\x8b\x7d\xd8\x0e\
\x61\x15\x61\x09\xd9\xcb\xea\x8d\x9f\xc5\x24\xc2\x59\x00\x55\x9c\
\x69\xb0\x04\x78\x77\xbd\xf1\xc7\xb5\x3f\xc3\x3d\x9f\x1b\x81\x03\
\x6b\x4f\x2d\x49\x0d\x32\x9b\x30\xfc\x39\xc8\xaf\xe6\xc5\x34\x63\
\xa2\xd8\x64\xe0\x14\x86\xef\xe4\x6e\x26\xdc\x3e\xe8\x9a\x11\xc2\
\x2c\xf9\x61\x57\x42\xac\x22\xec\xaa\xd7\x04\x7b\x32\xd8\x73\x58\
\x00\xfc\x39\x1e\x90\x24\x49\x7f\xb0\x2b\xf0\x6d\xd2\xbe\x4c\xbf\
\x5f\x24\xe9\x9a\x26\x13\xf6\xf1\x1f\xa6\x63\x7b\x82\xb0\x77\x42\
\x55\x6b\xc7\x9b\x6a\x63\xe0\x9f\x19\x7e\xe8\xfc\x6f\xeb\x0e\x3e\
\x86\x29\xa4\xcd\xf3\x58\x41\x58\xcf\x5f\xd7\xbe\x0a\x92\xd4\x3a\
\x6f\x21\x0c\x8f\xc6\xfc\x1a\x2c\xfd\x6b\x79\x32\x61\x29\xdc\x30\
\x9d\xd9\x85\xc0\xf6\x75\x07\x2f\x6c\x7f\xc2\x7a\xff\x61\x5e\xb7\
\xbf\xac\x3d\xf5\xda\x3e\x42\x5c\xd6\x1f\x01\x7b\x17\xca\x28\x49\
\xad\x32\x15\xf8\x30\x61\xb8\x74\x5d\x9d\x7f\xe9\x15\x00\x23\x84\
\x83\x7c\x06\xed\xc0\x96\x10\x86\xb3\x9b\x70\x0b\xa3\x84\xe9\x84\
\xd1\x80\x61\x8a\x80\x0f\xd7\x9e\x7a\x4d\x93\x80\x73\x58\x77\xbe\
\x3b\x08\x73\x20\x24\x49\x89\x36\x03\x3e\x0d\xdc\x4b\xf8\x42\x5d\
\x06\x5c\x4a\x38\x64\xa5\xb4\xcf\x33\x78\xc7\x75\x2b\x61\xa7\x44\
\xc1\xbb\x18\x7c\x33\xa1\x55\xc0\x91\xf5\x47\x5e\xc3\x08\x61\x53\
\xa4\x6b\x78\x7a\xc3\xa7\x1b\x08\xf7\xf9\xfb\x78\xb4\xb5\x24\x55\
\x6e\x16\xcd\x99\xf1\xff\x21\x06\xef\xfc\xbf\x46\xb3\x37\xb7\x29\
\x61\x27\xc2\xc6\x4e\x83\xbc\x9e\x4b\x69\xce\x12\xc1\xe9\xd8\xe9\
\x4b\x52\x67\x1d\x42\x58\x7e\x38\x48\x67\xf5\x49\xfa\x3b\xe4\x3f\
\x91\xf5\x08\xbb\x09\x0e\xf2\xba\x3e\x82\x6b\xe9\x25\x49\x19\xed\
\xc2\x60\xc3\xd5\xab\x08\x3b\xe4\x69\x7c\x93\x81\x93\x19\xac\x08\
\xb8\x09\x47\x56\x24\x49\x19\xcc\x62\xb0\x9d\xed\x96\x03\xc7\x15\
\xc8\xdb\x56\x23\x84\x25\x91\x83\x14\x01\xe7\xe3\x08\x8b\x24\xa9\
\x62\x83\x2c\xf7\x5b\x82\xbb\xbd\x0d\x2a\x76\x89\xdd\xb3\x1f\x1f\
\x2a\x11\x56\x92\xd4\x4d\xc7\x92\xde\x11\xad\x24\xec\x87\xaf\xc1\
\x0d\xb2\xb5\xf2\x12\x5c\x73\x2f\x49\xaa\xc0\x73\x81\xc7\x49\xef\
\x88\x3e\x50\x22\x6c\xc7\x8c\x00\xa7\x91\xfe\xda\x5f\x87\xb3\xf1\
\x25\x49\x43\x18\x21\x6c\x37\x9c\xda\x01\xfd\x5d\x89\xb0\x1d\x35\
\x19\xf8\x3a\xe9\xd7\xe0\x1f\x4b\x84\x95\x24\x75\xc3\x09\xa4\x77\
\x3c\xa7\x14\x49\xda\x6d\x33\x81\x5f\x91\x76\x1d\x96\x03\xfb\x94\
\x08\x2b\x49\x6a\xb7\x2d\x58\xf7\x56\xc4\xeb\x7a\x5c\x85\x43\xcf\
\xb9\xec\x48\xfa\xf5\xf8\x35\x61\xbb\x5e\x49\x92\xa2\xa5\x1e\xef\
\xbb\x90\x70\xa2\xa1\xf2\x39\x98\xa7\xb7\xdb\x8d\x7d\x1c\x5f\x24\
\xa9\x24\xa9\x95\xf6\x21\xfd\xc8\xda\xa3\x8a\x24\xed\x9f\xd4\x03\
\x84\x1e\xc0\x0d\x82\x24\x49\x91\x7e\x80\xf7\xfd\x9b\x6a\x1a\xf0\
\x1b\xd2\xae\xcf\x27\x8b\x24\x95\x24\xb5\xca\xab\x48\xeb\x5c\xee\
\x07\x66\x17\x49\xda\x5f\x7b\x11\x26\xf9\xc5\x5e\xa3\x45\xc0\xe6\
\x45\x92\x4a\x92\x5a\xe3\xc7\xa4\x15\x00\xa5\x8f\xa3\xed\xab\xff\
\x47\xda\x75\xfa\xa7\x32\x31\x25\x49\x6d\xf0\x3a\xd2\x3a\x95\x4b\
\x70\xef\xf9\x52\x36\x02\xee\x23\xfe\x5a\x3d\x01\xcc\x29\x92\x54\
\x92\xd4\x78\xdf\x22\xbe\x43\x59\x0a\xec\x56\x26\xa6\x9e\x72\x14\
\x69\x05\x9b\x1b\x34\x49\x92\xd6\xb2\x1b\x69\x4b\xcc\x3e\x5f\x26\
\xa6\x9e\x61\x04\xb8\x9c\xb4\x15\x01\xee\xd3\x20\x49\x5a\xc3\xbf\
\x12\xdf\x91\x2c\x01\xb6\x29\x13\x53\xcf\x72\x10\x69\xa3\x00\xc7\
\x94\x89\x29\x49\x6a\xa2\x99\xc0\x23\xc4\x77\x22\x5f\x2c\x13\x53\
\xeb\x90\xb2\x2c\xf0\xb2\x42\x19\x25\x49\x0d\x34\x97\xf8\x0e\x64\
\x05\xb0\x53\x91\x94\x5a\x97\xc3\x48\x1b\x05\xd8\xbd\x4c\x4c\x49\
\x52\xd3\x5c\x42\x7c\xe7\x71\x66\xa1\x8c\x5a\xb7\x49\x84\x23\x80\
\x63\xaf\xa1\x27\x05\x4a\x92\xd8\x92\xb4\x6d\x7f\xf7\x2d\x13\x53\
\x13\xf8\x00\xf1\xd7\xf0\xd6\x42\x19\x25\x49\x0d\xf2\xa7\xc4\x77\
\x1c\xd7\x17\xca\xa8\x89\x6d\x4c\x98\x9c\x19\x7b\x2d\xf7\x2b\x13\
\xb3\x1d\x3c\x42\x51\x52\x1f\x1c\x9a\xd0\xf6\x4b\xd9\x52\x68\x58\
\x0b\x08\xfb\x38\xc4\x7a\x7b\xae\x20\x92\xa4\xe6\x5b\x9f\xf8\x5f\
\x8d\x2b\x81\x6d\xcb\xc4\x54\xa4\x43\x89\x1f\x01\xb8\xa2\x50\x46\
\x49\x52\x03\x1c\x42\x7c\x87\xf1\xdd\x42\x19\x15\x6f\x2a\xf0\x10\
\x71\xd7\x73\x15\xb0\x55\x99\x98\xcd\xe7\x2d\x00\x49\x5d\xf7\xc6\
\x84\xb6\xe7\x64\x4b\xa1\xaa\x2c\x07\x2e\x88\x6c\x3b\x02\xbc\x3e\
\x63\x96\x56\xb3\x00\x90\xd4\x75\xaf\x48\x68\x7b\x49\xb6\x14\xaa\
\x52\xca\x75\x7a\x65\xb6\x14\x92\xa4\xc6\x9a\x45\xfc\x99\xf2\xbf\
\x2f\x94\x51\xe9\xb6\x20\xfe\x4c\x87\x6b\x0a\x65\x94\x24\x15\x94\
\x72\xf4\xef\x69\x85\x32\x6a\x30\xd7\x13\x3f\xb1\x73\xc3\x42\x19\
\x1b\xcd\x5b\x00\x92\xba\x6c\x9f\x84\xb6\x0e\xff\xb7\x4b\xec\xf5\
\x9a\x04\xec\x99\x33\x48\x5b\x59\x00\x48\xea\xb2\x94\x2f\xfe\x9f\
\x64\x4b\xa1\x1c\x7e\x9c\xd0\xd6\x02\x60\x0c\x16\x00\x92\xba\x2c\
\xf6\x8b\x7f\x21\x70\x57\xce\x20\xaa\x5c\xca\x8e\x8d\x16\x00\x63\
\xb0\x00\x90\xd4\x65\xb1\x27\xfa\xdd\x44\xb8\x5f\xac\xf6\xb8\x8d\
\x70\xbe\x43\x8c\xe7\xe5\x0c\xd2\x56\x16\x00\x92\xba\x6a\x23\x60\
\x76\x64\xdb\x9b\x72\x06\x51\x16\xcb\x80\x79\x91\x6d\x77\xcc\x98\
\xa3\xb5\x2c\x00\x24\x75\x55\xca\x97\xbe\x05\x40\x3b\xdd\x18\xd9\
\xee\x39\xd8\xdf\xad\xc5\x17\x44\x52\x57\x6d\x9d\xd0\x36\xb6\x23\
\x51\xb3\xc4\x16\x6e\xd3\x81\x4d\x72\x06\x69\xa3\x29\xa5\x03\x48\
\xaa\xdd\x2c\xc2\x29\x69\x2f\x24\x1c\x94\x93\xd3\x83\xc0\x0f\x81\
\x4b\x33\xff\x9d\xb1\x6c\x9a\xd0\xf6\xde\x6c\x29\x94\x53\xca\x75\
\xdb\x14\x78\x38\x57\x90\x75\x98\x06\x1c\x0c\xbc\x94\xfc\x7b\x11\
\x2c\x00\x7e\x0a\x5c\x4c\xd8\xfb\x40\x92\xd6\xf0\x26\xe0\x3e\xe2\
\x37\xc7\xa9\xea\xf1\x23\x60\xcb\x1a\x9e\xdf\x33\xfd\x79\x42\xbe\
\xbd\x6a\xce\xa6\x6a\x9c\x48\xfc\x35\x4e\xd9\x12\xba\x0a\x2f\x04\
\x6e\x49\xc8\x57\xd5\xe3\x6a\x60\xe7\x1a\x9e\x9f\xa4\x16\xd9\x9f\
\xf8\x63\x71\x73\x3c\xae\x02\x66\x66\x7f\x96\x4f\xfb\x58\x42\xb6\
\xe7\xd6\x98\x4b\xd5\x39\x9c\xf8\x6b\xfc\xd6\x1a\x73\x3d\x17\x98\
\x9f\x90\xad\xea\xc7\x5d\xc0\xe6\x13\x85\x74\x0e\x80\xd4\x1f\xff\
\x4c\xb8\x17\x5a\xca\xde\xc0\x9f\xd4\xf8\xf7\x52\x9e\xeb\xc2\x6c\
\x29\x94\xd3\xa2\x84\xb6\xd3\xb2\xa5\x58\xdb\x3f\x52\x76\xce\xc1\
\xb6\xc0\xdf\x4e\xd4\xc8\x02\x40\xea\x87\x1d\x08\x23\x00\xa5\x1d\
\x5e\xe3\xdf\x4a\xf9\xc2\xb7\x00\x68\xa7\xc7\x13\xda\xd6\x55\xfc\
\xce\x00\x0e\xa9\xe9\x6f\x8d\x67\xc2\xcf\x9a\x05\x80\xd4\x0f\x3b\
\x94\x0e\xf0\x94\x3a\x87\xda\x63\x0b\x80\x95\x84\x5b\x23\x6a\x9f\
\x94\x11\x80\xba\x0a\x80\x2d\x09\x45\x40\x69\x9b\x01\x1b\x8c\xd7\
\xc0\x02\x40\xea\x87\xc7\x4a\x07\x78\xca\xa3\x35\xfe\xad\xd8\x99\
\xd0\x93\x71\x45\x54\x5b\xa5\x74\xb4\xb1\xbb\x06\x0e\xab\x29\x9f\
\xb5\x65\xc0\x93\xe3\x35\xb0\x00\x90\xfa\xe1\x5a\xc2\x92\xbc\xd2\
\x7e\x50\xe3\xdf\x5a\x9a\xd0\x76\x56\xb6\x14\xca\x69\xdc\x5f\xb8\
\xcf\x92\xf2\x7e\x18\xc6\x02\xe0\xb7\x35\xfd\xad\xf1\xfc\x88\x09\
\x8a\x60\x0b\x00\xa9\x1f\x56\x00\x9f\x2c\x9c\xe1\x09\xe0\xff\xd4\
\xf8\xf7\x96\x25\xb4\x4d\xe9\x48\xd4\x1c\x4d\x2c\x00\x00\x3e\x51\
\xe3\xdf\x1a\xcb\x4a\xe0\xef\x27\x6a\x64\x01\x20\xf5\xc7\xbf\x00\
\xff\x56\xe8\x6f\x3f\x01\x1c\x01\xdc\x5e\xe3\xdf\x4c\xb9\x3f\x9c\
\x7b\x93\x16\xe5\x91\x52\x00\xa4\xbc\x1f\x86\x75\x21\xf0\xd7\x84\
\x25\x79\x75\x5b\x01\x7c\x00\xf8\xf9\x44\x0d\xbd\xef\x25\xf5\xc7\
\x28\xf0\x41\xe0\xdb\x4f\xfd\xef\x3e\xe4\x9f\xac\xb4\x00\xf8\x3e\
\xf0\x19\xc2\xe9\x6d\x75\x9a\x9f\xd0\xd6\x5b\x00\xed\x94\x52\x00\
\xd4\xbd\x0b\xe0\xa7\x80\x9f\x00\x1f\x26\xec\x04\xb8\x5e\xe6\xbf\
\xb7\x10\xb8\x0c\xf8\x27\xc2\x9e\x1b\x92\xd4\x5b\x87\x10\xbf\x71\
\xca\x5b\x0a\x65\xd4\x70\x3e\x4e\xfc\x35\xde\xa6\x4c\xc4\xe6\xf2\
\x16\x80\xa4\xae\x7a\x28\xa1\xed\xf3\xb3\xa5\x50\x4e\xb1\xd7\x6d\
\x15\xf5\x8f\x00\x34\x9e\x05\x80\xa4\xae\xfa\x7d\x42\xdb\x5d\xb2\
\xa5\x50\x4e\xbb\x46\xb6\xbb\x8f\x7a\x27\x01\xb6\x82\x05\x80\xa4\
\xae\xba\x97\xf8\x0d\x7e\x2c\x00\xda\x67\x84\xf8\x43\x6f\xee\xc8\
\x19\xa4\xad\x2c\x00\x24\x75\xd5\x28\xf1\xa3\x00\xb1\xbf\x24\xd5\
\x1c\xdb\x10\x3f\x79\xd3\x02\x60\x0c\x16\x00\x92\xba\xec\x86\xc8\
\x76\x5b\xe1\x52\xc0\xb6\x49\x19\xb5\x89\x7d\x1f\xf4\x8a\x05\x80\
\xa4\x2e\xbb\x26\xb2\xdd\x08\x61\xa9\x96\xda\xe3\xe5\x09\x6d\x63\
\xdf\x07\xbd\x62\x01\x20\xa9\xcb\x52\xbe\xf8\x5f\x97\x2d\x85\x72\
\x48\xb9\x5e\xd7\x66\x4b\x21\x49\x6a\xa4\x6d\x88\x5f\x27\xfe\x8b\
\x42\x19\x95\x6e\x06\xb0\x98\xb8\xeb\x7a\x5f\xa1\x8c\x92\xa4\xc2\
\xee\x24\xae\xa3\x58\x01\xcc\x2e\x94\x51\x69\xde\x40\x7c\x61\xf7\
\xb5\x42\x19\x1b\xcf\x5b\x00\x92\xba\xee\x67\x91\xed\x26\x03\xaf\
\xca\x19\x44\x95\x79\x7d\x42\xdb\xd8\xeb\xdf\x3b\x16\x00\x92\xba\
\xee\xd2\x84\xb6\x07\xe5\x0a\xa1\x4a\xa5\x5c\xa7\x4b\x73\x85\x90\
\x24\x35\xdb\x76\xc4\x0f\x17\x3f\x0a\xcc\x2c\x13\x53\x91\xf6\x26\
\xfe\x7a\xde\x4b\x58\xe1\xa1\x31\x38\x02\x20\xa9\xeb\xee\x22\x7e\
\x1d\xf8\x46\x38\x0a\xd0\x74\x47\x27\xb4\xbd\x98\x32\x47\xf2\x4a\
\x92\x1a\xe2\x53\xc4\xff\x6a\xbc\xa8\x50\x46\x4d\x6c\x32\xe1\x57\
\x7d\xec\xb5\x7c\x7b\x99\x98\x92\xa4\xa6\x78\x11\xf1\x9d\xc6\x72\
\x60\x8b\x32\x31\x35\x81\x37\x13\x7f\x1d\x1f\xc7\xdb\x39\x92\x24\
\xe0\x66\xe2\x3b\x8f\xbf\x2a\x94\x51\xe3\x3b\x8f\xf8\x6b\xf8\x9f\
\x85\x32\x4a\x92\x1a\xe6\x13\xc4\x77\x1e\x0f\x00\xeb\x95\x89\xa9\
\x75\x78\x01\xb0\x92\xf8\x6b\xf8\x96\x32\x31\x25\x49\x4d\xb3\x1d\
\x61\xb3\x9f\xd8\x0e\xe4\xcf\xca\xc4\xd4\x3a\x9c\x45\xfc\xb5\xbb\
\x8b\x30\x5f\x40\x92\x24\xe0\xe9\x59\xe1\xb1\x9d\xc8\xb4\x32\x31\
\xf5\x2c\xcf\x23\xcc\xcd\x88\xbd\x76\x9f\x28\x13\x53\x92\xd4\x54\
\x87\x10\xdf\x89\x8c\x02\x27\x96\x89\xa9\x67\x39\x85\xb4\x49\x9c\
\xdb\x97\x89\x29\x49\x6a\xaa\x49\xc0\x4d\xc4\x77\x26\x77\x02\xb3\
\x8a\x24\xd5\x6a\x2f\x00\x96\x11\x7f\xcd\xbe\x52\x26\xa6\x24\xa9\
\xe9\xfe\x98\xb4\x51\x80\x4f\x97\x89\x29\xc2\x2e\x7e\x97\x90\x76\
\xbd\x5e\x54\x24\xa9\x24\xa9\xf1\x66\x92\xb6\x99\xcc\x32\xc2\xaf\
\x50\xd5\xef\x68\xd2\x3a\xff\xef\x96\x89\x29\x49\x6a\x8b\x3f\x23\
\xad\x63\xb9\x0c\xf7\x94\xaf\xdb\x86\xa4\x15\x6a\xa3\xc0\x4b\x8b\
\x24\x95\x24\xb5\xc6\x74\xc2\xfd\xfd\x94\xce\x65\x6e\x89\xa0\x3d\
\xf6\x6f\xa4\x5d\x9f\x0b\xcb\xc4\x94\x24\xb5\xcd\x5c\xd2\x3a\x98\
\xc7\x81\xe7\x97\x08\xda\x43\x87\x02\xab\x48\x9b\xf9\xbf\x47\x91\
\xa4\x92\xa4\xd6\x99\x04\xfc\x92\xb4\x22\xe0\x1a\xdc\x5f\x3e\xb7\
\xed\x81\x87\x49\xbb\x2e\xff\x52\x24\xa9\x24\xa9\xb5\x5e\x41\xda\
\x2f\xcd\x51\xe0\xdf\x8b\x24\xed\x87\x69\xa4\x17\x65\xf3\x81\x4d\
\x4b\x84\x95\x24\xb5\xdb\xc9\xa4\x75\x38\xa3\xc0\xe1\x45\x92\x76\
\xdf\x67\x49\xbf\x16\xc7\x17\x49\x2a\x49\x6a\xbd\x8d\x80\xbb\x49\
\xeb\x74\x9e\x04\x5e\x59\x22\x6c\x87\xbd\x8f\xf4\xce\xff\x52\x5c\
\x9d\x21\x49\x1a\xc2\xdb\x49\xef\x7c\xe6\x03\xbb\x97\x08\xdb\x41\
\x6f\x27\xed\xa0\xa6\x51\x60\x11\xb0\x53\x89\xb0\x92\xa4\x6e\x39\
\x95\xf4\x22\xe0\x6e\xe0\x39\x25\xc2\x76\xc8\xab\x81\xc5\xa4\xbf\
\xf6\x9e\xd3\x20\x49\xaa\xc4\x2c\xe0\x66\xd2\x3b\xa2\x1b\x70\x12\
\xda\xa0\xf6\x02\x16\x90\xfe\x9a\x9f\x57\x22\xac\x24\xa9\xbb\x5e\
\x48\xb8\xbf\x9f\xda\x21\x5d\x0f\x6c\x5b\x20\x6f\x9b\xbd\x8c\x70\
\x1b\x25\xf5\xb5\xbe\x1d\xd8\xa4\x40\x5e\x49\x52\xc7\x1d\x49\x7a\
\xa7\x34\x0a\xdc\x03\xec\x59\x20\x6f\x1b\xbd\x09\x58\x48\xfa\x6b\
\xbc\x18\xd8\xb7\x40\x5e\x49\x52\x4f\x7c\x81\xc1\x8a\x80\x87\x71\
\x3f\xfa\x89\xcc\x25\xec\xdc\x97\xfa\xda\xae\x02\x8e\xa9\x3f\xae\
\x24\xa9\x4f\xa6\x00\xdf\x66\xb0\x22\x60\x11\xf0\x8e\xfa\x23\x37\
\xde\x24\xe0\x63\xa4\x6f\xbc\xb4\xfa\xf1\xd1\xfa\x23\x4b\x92\x72\
\xdb\x0f\xf8\x67\xc2\x71\xae\xe7\x00\x7f\x0a\x6c\x50\x34\x51\xf8\
\xfb\x57\x32\x58\x67\x35\x0a\xfc\x07\xe1\xd0\x21\xc1\x66\xc0\xc5\
\x0c\xfe\x5a\x7e\xa1\xfe\xc8\x6b\xd9\x0e\xf8\x5b\xc2\xa1\x43\xdf\
\x06\x3e\x01\xec\x50\x32\x90\x24\xb5\xd9\x0e\x84\x0e\x7f\xac\x2f\
\xfd\xbb\x81\x97\x14\x4b\x16\x6c\x0e\xfc\x8e\xc1\x3b\xae\x2b\x70\
\xad\xfa\x6b\x08\xf3\x23\x06\x7d\x0d\xff\x8b\x30\x7a\x50\xd2\x51\
\x84\x91\x9d\x67\x67\x5b\x06\xfc\x5f\xc2\x66\x52\x92\xa4\x08\xeb\
\x03\xff\xc0\xc4\xeb\xbf\x1f\x21\xfc\xf2\x2a\x69\x7b\xe0\xf7\x0c\
\xde\x81\x3d\x0a\xbc\xbb\xf6\xd4\xe5\x4d\x03\x3e\x4e\xfa\x06\x3f\
\xcf\x7c\x7c\xff\xa9\x7f\xa7\xa4\xd7\x03\x2b\x19\x3f\xe7\x03\x84\
\x9d\x0c\x27\x17\xca\x28\x49\x8d\x37\x42\xf8\x35\x95\xb2\xf5\xee\
\x7f\x14\x49\xba\xa6\x9d\x18\xae\x08\x18\x05\xbe\x07\xec\x5c\x77\
\xf0\x42\x5e\x47\xd8\x1f\x61\x98\xd7\xeb\x52\xca\xdf\x06\x82\xb4\
\xdb\x40\x57\x12\x46\x3c\x24\x49\xcf\xf0\x12\xe0\x72\xd2\x3b\x82\
\xfb\x4b\x84\x1d\xc3\xf6\x0c\xb6\x51\xd0\xb3\x87\x8c\xff\x99\xb0\
\xe9\x50\x17\x6d\x09\x9c\xc9\xe0\x13\xfd\x56\x3f\xce\xa7\x19\xc7\
\x2e\x3f\x87\xc1\xf2\x7f\x0d\x77\x88\x94\x24\xb6\x06\xce\x60\xb8\
\x4e\xa1\x29\x43\xab\x5b\x01\x57\x33\x5c\xe7\x36\x4a\xd8\xcc\xe6\
\x28\xc2\x6a\x83\x2e\xd8\x00\xf8\x2b\xc2\xed\x8e\x61\x5f\x9b\x2f\
\xd2\x9c\xeb\xfd\x72\x06\x7f\x1e\x4f\x02\xff\x8b\x70\xbb\x4b\x92\
\x7a\x65\x06\xf0\xd7\x0c\xb6\xe1\xcb\x33\x1f\x0f\xd7\x1d\x7c\x02\
\xb3\x80\x6f\x32\x7c\x47\x37\x0a\xdc\x01\xfc\x77\xc2\x6b\xd5\x46\
\x1b\x02\x1f\x61\xb0\x1d\xfd\xc6\x7a\x7c\xaa\xde\xf8\x13\x7a\x2e\
\xc3\x3f\xa7\xbb\x09\x9b\x4b\x79\x6a\xa1\xa4\x5e\xf8\x23\xe0\x36\
\xaa\xe9\x14\xce\xac\x39\x7b\x8c\x29\x84\x5f\xaa\x55\x3c\xbf\x51\
\xe0\x2e\xe0\xcf\x68\xcf\x6c\xf2\x6d\x09\x9d\xf5\xe3\x54\xf3\xfc\
\x97\x01\x7f\x5c\xeb\x33\x88\x37\xcc\x2a\x90\x67\x3e\x7e\x0e\xbc\
\xb8\xe6\xec\x92\x54\x9b\x3d\x81\x1f\x52\x5d\xc7\xd8\xf4\x23\x5f\
\x8f\x06\x9e\xa0\xba\xe7\xbb\x04\xb8\x08\x38\x0c\x98\x5a\xe3\xf3\
\x88\x31\x93\x90\xeb\x22\x06\xdb\xc9\x6f\x5d\x8f\x07\x09\x33\xed\
\x9b\xea\x6d\x0c\x3f\xa7\x61\xf5\x63\x25\xe1\x76\xd8\x56\x75\x3e\
\x01\x49\xca\x69\x0e\xf0\x6f\x0c\xb7\xe4\xeb\xd9\x8f\xf9\xc0\x1b\
\xeb\x7c\x12\x03\xda\x8f\xea\x46\x3b\x9e\xf9\xb8\x1f\xf8\x1c\x61\
\x46\x7d\xa9\x5b\x04\xb3\x81\x43\x81\x2f\x33\xf6\x3a\xf8\x61\x1f\
\x97\xd2\x8e\xce\xf0\x83\x84\x51\x8a\xaa\x9e\xf7\xe3\x84\x39\x13\
\x6e\x14\x25\xa9\xb5\xa6\x12\x86\xae\x1f\xa1\xba\x2f\xc7\x55\x84\
\x61\xff\xad\x6b\x7c\x1e\xc3\xda\x80\xb0\x5c\xb1\xea\x0e\x72\xf5\
\x63\x39\xf0\x1b\xc2\xb0\xfb\x1b\xc9\xb7\x36\x7e\xbd\xa7\xfe\xfd\
\x8f\x13\xd6\xe0\x57\xd9\xe9\x3d\xfb\xf9\x7c\x9c\xe6\x4c\xf6\x8b\
\xb1\x37\xf0\x23\xaa\x7d\x1d\x6e\x03\xde\x5e\xe7\x93\x90\xa4\x2a\
\xbc\x01\xb8\x96\x6a\xbf\x10\x7f\x0d\xbc\xa2\xce\x27\x51\xb1\xc3\
\x08\x9b\xc2\xe4\x2a\x04\x56\x3f\x96\x12\xd6\xd9\x9f\x07\xfc\x6f\
\xe0\x38\xc2\x8c\xf5\x9d\x08\xbf\xa8\xd7\xb5\x7e\x7e\x36\xe1\xfe\
\xfd\xae\x84\x61\xf7\x3f\x06\x3e\x4f\xd8\xa6\xf7\x76\x26\xde\xf0\
\xa6\x8a\xc7\xb5\xb4\xfb\x5e\xf8\xc1\x54\x3f\xe2\x73\x09\xb0\x57\
\x9d\x4f\x42\x92\x06\xb1\x13\xe1\x3e\x70\x95\x5f\x80\xf7\x10\x4e\
\x7a\xeb\xc2\x4c\xe9\x4d\x18\x7e\xd9\x63\x55\x8f\x05\x84\x5b\x29\
\xc3\xae\xc4\xa8\xe2\xb1\x84\xb0\x97\x7e\xd3\xe6\x36\x0c\x62\x06\
\xf0\x3f\xa9\xf6\xb6\xc8\x72\xc2\x99\x07\x9b\xd4\xf8\x3c\x24\x29\
\xda\xa1\x54\xfb\xa5\xb7\x18\xf8\x24\xdd\xdc\x18\xe7\xb5\xc0\x55\
\x94\xef\x78\x9b\xf0\xb8\x08\x78\xfe\x50\xaf\x66\x33\x6d\x43\x98\
\x1f\x51\x65\xb1\x77\x17\xb0\x47\x9d\x4f\x42\x92\x26\xb2\x1b\xe1\
\x57\x5c\x55\x5f\x74\xe7\x02\x3b\xd6\xfa\x0c\xea\x37\x99\xb0\x47\
\xfc\x7d\x94\xef\x84\x4b\x3c\xae\x05\x0e\x18\xfa\x55\x6c\xbe\x97\
\x02\xbf\xa4\xba\xd7\x6d\x1e\xdd\x2c\x8a\x25\xb5\xd4\x59\x54\xf3\
\xe5\x76\x35\x61\x66\x7b\x9f\xac\x47\xd8\xf0\xa7\x2f\x85\xc0\xed\
\xf4\xef\x70\x9c\x11\xc2\x6d\xac\x61\x4e\x3e\x7c\xe6\xe3\x43\xf5\
\xc6\x97\xa4\x75\x7b\x90\xe1\xbe\xd0\xe6\x13\x3a\xc1\x3e\x75\x0a\
\xcf\xb6\x01\xf0\xe7\x84\x5f\x78\xa5\x3b\xe9\x1c\x8f\xdf\x00\x47\
\xd0\xef\x6b\xbc\x1e\x61\x85\xc3\x44\x27\x5d\x4e\xf4\xf8\x66\xcd\
\xb9\x25\x69\x9d\x06\x9d\x21\xbe\x9c\xb0\x44\x6e\x4e\xfd\x91\x1b\
\x6b\x0a\xa1\xa3\xfc\x31\xe5\x3b\xed\x61\x1f\xcb\x08\xb7\x73\xfa\
\x36\xaa\x33\x91\xed\x08\xcb\x59\x07\x7d\x5d\x2f\xaf\x3f\xb2\x24\
\x8d\xed\x76\xd2\xbf\xc4\x7e\x80\x13\x9a\x26\xb2\x0b\xf0\x19\xc2\
\xe4\xaf\xd2\x9d\x79\xca\xe3\x1a\xe0\x2f\x81\x2d\xaa\x7f\x49\x3a\
\xe5\xb5\x0c\x36\x19\xf4\xab\x05\xb2\x4a\xd2\x98\x3e\x4d\xfc\x97\
\xd7\x4d\xc0\x5b\xcb\xc4\x6c\xad\x49\xc0\xab\x80\x7f\x21\x1c\x12\
\x54\xba\x83\x7f\xf6\x63\x15\xa1\x23\xfb\x38\xb0\x7b\x9e\x97\xa0\
\xb3\x26\x03\x1f\x00\x1e\x22\xfe\xf5\x3e\xac\x48\x52\x49\x1a\xc3\
\x6c\xe0\x56\xc6\xff\xd2\x5a\x48\xe8\x20\xdc\xe2\x74\x78\xbb\x01\
\x1f\x26\x2c\xa1\xab\xea\xb4\xbd\xd4\xc7\x9d\x84\xc9\x9f\xc7\xd3\
\xae\x9d\x19\x9b\x6a\x36\x61\x37\xc7\xa5\x8c\xff\xba\xff\x80\x7e\
\xcf\xa3\x90\xd4\x40\x3b\x01\x57\xb2\xf6\x17\xd6\x0a\xe0\x24\x60\
\xf3\x72\xd1\x3a\x6d\x84\xf0\xab\x7b\x2e\xf0\x59\x42\x07\x51\xe5\
\x8a\x82\x15\x84\x51\x87\x0b\x09\xfb\x32\xbc\x8b\x70\x0f\x5b\x79\
\xec\x06\x7c\x87\xb1\xaf\xc5\xf9\x84\x42\x21\xbb\x2e\xec\xba\x25\
\xa9\x5e\x93\x09\xc3\xfb\xaf\x01\x36\x06\x6e\x26\xdc\xaf\x9c\x57\
\x30\x53\x5f\xcd\x24\xec\xa5\xb0\x23\xb0\x19\xb0\xe9\x33\x1e\x10\
\x76\xac\x9b\x49\x18\x99\x59\xf1\xd4\x63\xfe\x33\x1e\xf7\x13\x3a\
\xfe\x3b\x09\x93\x35\x55\xaf\x7d\x09\x67\x01\x6c\x43\x28\xe8\x2e\
\xc2\xc9\x7f\x92\x24\x49\x92\x24\x49\x92\x24\x49\x92\x24\x49\x92\
\x24\x49\x92\x24\x49\x92\x24\x49\x92\x24\x49\x92\x24\x49\x92\x24\
\x49\x92\x24\x49\x92\x24\x49\x92\x24\x49\x92\xda\x6a\x53\xe0\xd3\
\xc0\xef\x80\x47\x08\xa7\x1d\x7e\x0e\xd8\xaa\x64\xa8\x1e\xda\x13\
\xf8\x4f\xe0\x2e\xc2\x75\xf8\x35\xf0\xe7\xc0\xb4\x92\xa1\x24\x49\
\xdd\xb4\x27\x70\x2f\x63\x9f\xd3\xfe\x10\xb0\x7f\xb9\x68\xbd\x72\
\x0c\xb0\x94\xb1\xaf\xc3\xaf\x79\xfa\xb8\x63\x49\x92\x86\xb6\x3e\
\x70\x2b\x63\x77\x3a\xab\x1f\xf7\x01\xb3\x4b\x05\xec\x89\x17\x01\
\xcb\x19\xff\x3a\x5c\x54\x2c\x9d\x24\xa9\x73\xfe\x17\xe3\x77\x3a\
\xab\x1f\x7f\x59\x2a\x60\x4f\x9c\x4b\xdc\x75\x38\xb4\x54\x40\x49\
\x52\x77\xec\x00\x3c\x49\x5c\xc7\xf3\xdd\x32\x11\x7b\xe3\x11\xe2\
\xae\xc3\xad\xc0\xf4\x42\x19\x25\x49\x1d\xf1\x35\xe2\x3a\x9d\x51\
\xe0\x17\x85\x32\xf6\xc5\x4a\xe2\xaf\xc5\x47\x0a\x65\x94\x24\x75\
\xc0\x2b\x81\x55\xc4\x77\x3a\x67\x95\x89\xd9\x1b\xb7\x10\x7f\x2d\
\x16\x02\x5b\x97\x89\x29\x49\x6a\xb3\xc9\xc0\x95\xc4\x77\x38\xa3\
\xc0\xdb\x8a\x24\xed\x8f\xd8\xb9\x18\xab\x1f\xa7\x97\x89\x29\x49\
\x6a\xb3\xf7\x93\xd6\xd9\xfc\x06\x98\x54\x24\x69\x7f\x6c\x4c\x58\
\x72\x19\x7b\x4d\x56\x02\x2f\x29\x92\x54\x92\xd4\x4a\x1b\x12\x96\
\xf5\xc5\x76\x34\xab\x08\xb7\x0b\x94\xdf\x9f\x90\x56\x98\xfd\x1c\
\x18\x29\x92\x54\x92\xd4\x3a\x9f\x25\xad\x93\xf9\x52\x99\x98\xbd\
\x34\x19\xb8\x9a\xb4\xeb\x73\x64\x91\xa4\x92\xa4\x56\xd9\x89\x75\
\xef\x34\xe7\x64\xb3\x66\x78\x1d\x69\x05\xc0\xdd\x84\xcd\x9c\x24\
\x49\x5a\xa7\x6f\x91\xd6\xb9\x7c\xb4\x4c\xcc\xde\x3b\x8f\xb4\xeb\
\xf4\x89\x32\x31\x25\x49\x6d\xf0\x26\xd2\x3a\x95\xdb\x81\x19\x45\
\x92\x0e\x6e\x53\xe0\xe3\x84\x7b\xe3\x37\x03\x3f\x20\xdc\x57\x6f\
\xdb\x41\x3a\xcf\x05\x16\x13\x7f\xad\x9e\x24\x6c\xea\x24\x49\xd2\
\x1a\xa6\x00\xd7\x91\x56\x00\xbc\xa3\x48\xd2\xc1\xed\x07\xdc\xcf\
\xd8\xcf\xe5\x4a\x60\xcb\x72\xd1\x06\xf2\x8f\xa4\x5d\xaf\xb3\xcb\
\xc4\x94\x24\x35\xd9\x87\x49\xeb\x4c\x2e\x29\x13\x73\x60\x9b\xb2\
\xee\xce\x7f\xf5\xe3\x32\xda\x35\x63\x7e\x16\x70\x0f\x69\xd7\xed\
\x35\x45\x92\x4a\x92\x1a\x69\x33\x60\x01\xf1\x9d\xc8\x0a\x60\xef\
\x22\x49\x07\xf7\x71\xe2\x9e\xdb\x5b\x0b\xe5\x1b\xd4\xb1\xa4\x15\
\x00\x57\x12\x56\x12\x48\x92\xc4\x17\x49\xeb\x44\xfe\xbd\x4c\xcc\
\xa1\x5c\x4e\xdc\x73\xfb\x97\x52\x01\x07\x34\x02\xfc\x92\xb4\xeb\
\x77\x62\x91\xa4\x92\xa4\x46\xd9\x9b\xf0\x8b\x3e\xb6\xf3\x58\x40\
\x18\x31\x68\x9b\xdb\x89\x7b\x7e\xe7\x94\x0a\x38\x84\x97\x92\x76\
\x66\xc3\x03\xc0\xec\x22\x49\x25\x49\x8d\xf1\x23\xd2\x7e\x3d\x7e\
\xa8\x4c\xcc\xa1\xcd\x23\xee\xf9\x7d\xbd\x50\xbe\x61\x7d\x99\xb4\
\xeb\xf8\x4f\x65\x62\x4a\x92\x9a\xe0\x9d\xa4\x75\x1a\xbf\x03\xa6\
\x16\x49\x3a\xbc\x79\x74\xbb\x00\xd8\x86\xb0\x29\x53\xec\xb5\x5c\
\x06\xec\x52\x24\xa9\x24\xa9\xa8\x19\xc4\x0f\x8b\xaf\x7e\x1c\x58\
\x24\x69\x35\xe6\xd1\xed\x02\x00\xe0\x6f\x48\xbb\x9e\x17\x95\x89\
\x29\x49\x2a\x29\xb5\xb3\xf8\x66\x99\x98\x95\x99\x47\xf7\x0b\x80\
\x19\xc0\x1d\xf4\xa7\xa8\x93\x24\x25\xda\x18\x78\x9c\x7e\x0d\x17\
\xcf\xa3\xfb\x05\x00\xc0\x61\xa4\x15\x00\x57\x96\x89\x29\x49\x2a\
\xe1\x04\xd2\x3a\x89\xcf\x96\x89\x59\xa9\x79\xf4\xa3\x00\x00\xb8\
\x94\xb4\xeb\xdb\xb6\x3d\x1d\xb2\x9b\x54\x3a\x80\x24\x65\xb2\x5b\
\x42\xdb\x87\x80\xbf\xcf\x15\x44\x59\x7c\x08\x58\x99\xd0\x7e\xd7\
\x5c\x41\xda\xca\x02\x40\x52\x57\x3d\x99\xd0\xf6\x6f\x80\x47\x73\
\x05\x51\x16\x57\x01\xa7\x26\xb4\x4f\x79\x3f\x48\x92\x5a\xec\x00\
\xe2\xef\x0f\x77\x65\xdb\xd8\x79\xf4\xe7\x16\x00\xc4\x6f\xef\xbc\
\x0c\xd8\xbc\x50\x46\x49\x52\xcd\x26\x03\x57\x30\x7e\xc7\xb0\x1c\
\x78\x45\xa9\x80\x19\xcc\xa3\x5f\x05\x00\x84\x63\x8e\x27\x7a\xbe\
\x27\x15\x4b\x27\x49\x2a\x62\x27\xe0\x6e\xc6\xee\x14\x56\x00\x1f\
\x2c\x17\x2d\x8b\x79\xf4\xaf\x00\x80\x70\x2b\x60\x5d\xcf\xf5\xe7\
\x84\x13\x05\x25\x49\x3d\x33\x07\xf8\x1c\xf0\x20\xa1\x43\x58\x0a\
\x7c\x8f\x6e\x1e\x19\x3b\x8f\x7e\x16\x00\x00\x47\x13\x46\x7c\x56\
\x9f\xf9\x70\x2b\xf0\x57\xc0\xb4\x92\xa1\x24\x49\xcd\xb0\x01\xdd\
\xb9\xdf\x3f\x96\x79\xf4\xb7\x00\x58\x6d\x1a\x30\xb3\x74\x88\x36\
\x98\x52\x3a\x80\x24\xd5\x68\x61\xe9\x00\xca\x6e\x59\xe9\x00\x6d\
\xe1\x32\x40\x49\x92\x7a\xc8\x02\x40\x92\xa4\x1e\xb2\x00\x90\x24\
\xa9\x87\x2c\x00\x24\x49\xea\x21\x0b\x00\x49\x92\x7a\xc8\x02\x40\
\x92\xa4\x1e\xb2\x00\x90\x24\xa9\x87\x2c\x00\x24\x49\xea\x21\x0b\
\x00\x49\x92\x7a\xc8\x02\x40\x92\xba\x23\xf6\xcc\xfb\x27\xb2\xa6\
\x50\x2b\x58\x00\x48\x52\x77\x5c\x1b\xd9\xee\x9a\xac\x29\x24\x49\
\x52\xad\xde\xc0\xc4\x07\x01\x2d\x02\xb6\x2a\x15\x50\x92\x24\xe5\
\xf1\xaf\xac\xbb\xf3\x5f\x05\xcc\x2d\x96\x4c\x92\x24\x65\x33\x02\
\xfc\x05\xf0\x28\x6b\x76\xfe\xf3\x80\x43\xca\xc5\x52\xd3\x8c\x94\
\x0e\x20\x49\xca\x62\x06\xf0\x52\x60\x0e\xf0\x7b\xe0\x0a\xc2\x08\
\x80\x24\x49\x92\x24\x49\x92\x24\x49\x92\x24\x49\x92\x24\x49\x92\
\x24\x49\x92\x24\x49\x92\x24\x49\x92\x24\x49\x92\x24\x49\x92\x24\
\x49\x92\x24\x49\x92\x24\x49\x92\x24\x49\x92\x24\x49\x92\x24\x49\
\x92\xd6\x61\xa4\x74\x80\x1e\x78\x25\xf0\x2e\xe0\x79\xc0\xb4\xc2\
\x59\x24\xa9\xe9\x96\x01\xb7\x01\x5f\x03\x7e\x5a\x38\x4b\xa7\x59\
\x00\xe4\x33\x1d\xf8\x12\x70\x78\xe9\x20\x92\xd4\x52\x5f\x05\xe6\
\x02\x4b\x0b\xe7\xe8\xa4\xc9\xa5\x03\x74\xd8\x69\xc0\x91\xa5\x43\
\x48\x52\x8b\xed\x01\x6c\x07\x9c\x5f\x3a\x48\x17\x39\x02\x90\xc7\
\x8b\x81\x5f\xe2\xeb\x2b\x49\xc3\x1a\x05\xf6\x07\x7e\x5d\x3a\x48\
\xd7\x4c\x2a\x1d\xa0\xa3\xfe\x14\x3b\x7f\x49\xaa\xc2\x08\xf0\xc1\
\xd2\x21\xba\xc8\x4e\xaa\x7a\x1b\x01\xf7\x02\xeb\x95\x0e\x22\x49\
\x1d\xb1\x18\xd8\x1a\x78\xb4\x74\x90\x2e\x71\x04\xa0\x7a\x47\x62\
\xe7\x2f\x49\x55\x9a\x09\xbc\xbb\x74\x88\xae\x71\x04\xa0\x7a\x57\
\x00\x2f\x2a\x1d\x42\x92\x3a\xe6\x6a\x60\x9f\xd2\x21\xba\xc4\x11\
\x80\x6a\xed\x8b\x9d\xbf\x24\xe5\xb0\x37\x7e\xbf\x56\xca\x02\xa0\
\x5a\xc7\x97\x0e\x20\x49\x1d\xe6\x77\x6c\x85\xbc\x05\x50\x9d\xf5\
\x08\x93\xff\x36\x8a\x6c\xff\x3b\xe0\xc9\x7c\x71\x5a\x6f\x1a\xb0\
\x67\x64\xdb\x47\x80\x3b\x32\x66\xe9\x82\x0d\x81\xe7\x47\xb6\xbd\
\x05\x78\x3c\x63\x96\x2e\xd8\x11\xd8\x24\xb2\xed\xb5\x84\xdd\xed\
\x34\xb6\xf5\x80\xdd\x22\xdb\x3e\x46\x98\x0c\xe8\x77\xa7\x1a\xe5\
\x58\xc2\x7a\xd5\x98\xc7\x02\x9c\x28\x38\x91\x57\x12\xff\x7a\x7e\
\xb2\x50\xc6\x36\x39\x80\xf8\xd7\xf3\x80\x42\x19\xdb\xe4\x1f\x89\
\x7f\x3d\x5f\x51\x28\x63\x5b\xcc\x00\xe6\x13\xff\x7a\x1e\x53\x26\
\x66\xf7\x78\x0b\xa0\x3a\x27\x24\xb4\x3d\x13\x2b\xd8\x89\xec\x9b\
\xd0\xf6\xb7\xd9\x52\x48\x63\x4b\x79\xcf\xa5\xbc\x97\xfb\x68\x09\
\x70\x56\x42\xfb\x94\xef\x5a\x8d\xc3\x02\xa0\x1a\xbb\x90\x56\xe5\
\x9f\x9e\x2b\x48\x87\xbc\x30\xa1\xad\x05\x80\xea\x96\xf2\x9e\x4b\
\x79\x2f\xf7\xd5\xc9\x09\x6d\x5f\x45\xfc\x2d\x03\x8d\xc3\x02\xa0\
\x1a\x27\x10\x3f\x9f\xe2\x57\xc0\x55\x19\xb3\x74\x45\xec\x6c\xdf\
\x05\xc0\xbc\x8c\x39\xa4\xb1\xdc\x41\x98\x7b\x12\xc3\x99\xeb\x13\
\xbb\x96\xb4\xad\x7e\x8f\xcb\x15\xa4\x4f\x2c\x00\x86\x37\x8d\xb4\
\x7b\x52\xa7\xe4\x0a\xd2\x21\x33\x80\x5d\x23\xdb\xfe\x96\x70\x5f\
\x50\xaa\xd3\x28\xf1\x85\xfc\xee\x84\x8d\x6c\x34\xbe\x94\xef\xc6\
\xe3\x08\x27\xae\x6a\x08\x16\x00\xc3\x3b\x04\xd8\x3c\xb2\xed\x13\
\xc0\xd9\x19\xb3\x74\xc5\xde\xc0\xd4\xc8\xb6\x0e\xff\xab\x94\xd8\
\xf7\xde\x14\xe2\x57\xb4\xf4\xd9\x57\x80\x85\x91\x6d\xe7\x00\x07\
\x67\xcc\xd2\x0b\x16\x00\xc3\x4b\x59\x97\xfa\x55\x5c\x5e\x15\x23\
\x65\xc8\xf4\xca\x6c\x29\xa4\xf1\xa5\xbc\xf7\xbc\x0d\x30\xb1\x45\
\xc0\x39\x09\xed\xdd\x13\x60\x48\x16\x00\xc3\xd9\x0e\x78\x63\x42\
\xfb\x53\x73\x05\xe9\x18\x27\x00\xaa\x0d\x9c\x08\x58\xbd\x94\xef\
\xc8\xff\x06\x3c\x27\x57\x90\x3e\xb0\x00\x18\xce\x09\xc0\xe4\xc8\
\xb6\xbf\x03\x2e\xcf\x98\xa5\x4b\x62\x7f\x2d\x2d\x22\x6c\x5a\x23\
\x95\x70\x33\xf1\x43\xd6\x8e\x00\xc4\xf9\x39\x70\x7d\x64\xdb\x49\
\x38\x19\x70\x28\x16\x00\x83\x9b\x04\xcc\x4d\x68\x7f\x52\xa6\x1c\
\x5d\x33\x0d\xd8\x23\xb2\xed\x95\xc0\xaa\x8c\x59\xa4\xf1\xac\x22\
\x1c\x50\x13\x63\x2f\xc2\x7b\x5b\x13\x4b\x19\x05\x38\x9e\xf8\x1f\
\x61\x7a\x16\x0b\x80\xc1\xbd\x19\xd8\x3e\xb2\xed\x32\xd2\x36\xba\
\xe8\xb3\x3d\x88\x9f\xdd\x7b\x45\xce\x20\x52\x84\xd8\xf7\xe0\x34\
\xe0\x05\x39\x83\x74\xc8\x99\xc0\xd2\xc8\xb6\xdb\x12\x6e\x05\x68\
\x00\x16\x00\x83\x4b\xd9\x8d\xea\x3c\xe0\xa1\x5c\x41\x3a\xc6\x09\
\x80\x6a\x13\x27\x02\x56\x6f\x3e\x70\x7e\x42\x7b\x77\x06\x1c\x90\
\x05\xc0\x60\xb6\x00\x0e\x4a\x68\xef\xda\xff\x78\x4e\x00\x54\x9b\
\x38\x11\x30\x8f\x94\xef\xcc\xb7\x01\x5b\xe5\x0a\xd2\x65\x16\x00\
\x83\x99\x4b\xfc\x3a\xf5\x3b\x80\x1f\xe5\x8b\xd2\x39\xb1\xbf\x92\
\x16\x03\x37\xe6\x0c\x22\x45\xb8\x81\xf8\x73\x3d\x1c\x01\x88\xf7\
\x43\xe0\xb6\xc8\xb6\x53\x80\xa3\x33\x66\xe9\x2c\x0b\x80\xc1\xcc\
\x4d\x68\x7b\x2a\x4e\x54\x8b\x35\x99\x30\x59\x2a\xc6\xd5\xc0\x8a\
\x8c\x59\xa4\x18\x2b\x09\xdb\xd8\xc6\xd8\x9b\xd0\x59\x69\x62\xa3\
\xc0\x19\x09\xed\x8f\xc7\xe3\xed\x93\x59\x00\xa4\x7b\x0d\xf1\xdb\
\xd4\xae\x20\xed\x4d\xdc\x77\xbb\x11\x7f\x4c\xb2\xc3\xff\x6a\x8a\
\xd8\xf7\xe2\x7a\x84\x83\xc3\x14\xe7\x54\xe2\x8b\xfc\x9d\x09\x87\
\x04\x29\x81\x05\x40\xba\x94\x09\x27\x17\x03\xf7\xe4\x0a\xd2\x41\
\x4e\x00\x73\xc1\x0b\x8d\x00\x00\x1b\xe3\x49\x44\x41\x54\x54\x1b\
\x39\x11\x30\x8f\xfb\x80\xef\x24\xb4\x77\x32\x60\x22\x0b\x80\x34\
\x1b\x01\x7f\x94\xd0\xde\xc9\x7f\x69\x52\xbe\x1c\x5d\x02\xa8\xa6\
\x48\x79\x2f\x5a\x00\xa4\x49\xf9\x0e\x7d\x27\xb0\x71\xae\x20\x5d\
\x64\x01\x90\xe6\x68\xe2\x87\xa8\xef\x27\x8c\x00\x28\x5e\xec\x97\
\xe3\x32\xe2\x77\x0b\x93\x72\xbb\x8e\xf8\x75\xeb\x16\x00\x69\xbe\
\x05\xdc\x1b\xd9\x76\x26\xf0\x9e\x8c\x59\x3a\xc7\x02\x20\xcd\x7b\
\x13\xda\x9e\x06\x2c\xcf\x15\xa4\x83\x46\x08\x93\xa4\x62\x5c\x4b\
\x28\x02\xa4\x26\x48\x29\x48\xf7\xc1\xef\xdd\x14\x2b\x80\x2f\x25\
\xb4\x7f\x5f\xae\x20\x5d\xe4\x1b\x31\xde\x8b\x89\x5f\xc7\x3b\x0a\
\x9c\x9e\x31\x4b\x17\xed\x0c\x6c\x18\xd9\xd6\x09\x80\x6a\x9a\xd8\
\xf7\xe4\x86\xc0\x4e\x39\x83\x74\xd0\x29\xc4\xaf\xa4\xda\x0b\xd8\
\x2f\x63\x96\x4e\xb1\x00\x88\x97\x72\xf4\xe4\x25\xc0\xad\xb9\x82\
\x74\x94\x13\x00\xd5\x66\x4e\x04\xcc\xe7\x76\xe0\xd2\x84\xf6\x1e\
\x13\x1c\xc9\x02\x20\xce\xfa\xc0\xbb\x13\xda\x7b\xec\x6f\x3a\x77\
\x00\x54\x9b\xb9\x23\x60\x5e\x29\xdf\xa9\x47\x02\xb3\x72\x05\xe9\
\x12\x0b\x80\x38\xef\x22\x7e\x78\xfa\x11\xe0\x1b\x19\xb3\x74\x55\
\xec\xaf\xa2\x94\x8d\x57\xa4\xba\xa4\x6c\x4c\xe5\x08\x40\xba\xaf\
\x03\x0f\x47\xb6\xdd\x80\xb0\x22\x40\x13\xb0\x00\x88\x93\xb2\xbe\
\xf4\xcb\xc0\x92\x5c\x41\x3a\x6a\x84\xf8\x5f\x45\x29\x5b\xaf\x4a\
\x75\x49\xd9\x9a\x7a\x5f\xdc\xb5\x2e\xd5\x52\xe0\x2b\x09\xed\xdd\
\x13\x20\x82\x05\xc0\xc4\x76\x05\x5e\x96\xd0\xde\xc9\x7f\xe9\x76\
\x00\x36\x89\x6c\xeb\xf0\xbf\x9a\x2a\xf6\xbd\xb9\x31\xf0\x9c\x9c\
\x41\x3a\xea\xe4\x84\xb6\xaf\x00\x76\xcf\x15\xa4\x2b\x2c\x00\x26\
\x76\x22\xf1\xd5\xfa\x2f\x08\x43\x81\x4a\xb3\x6f\x42\x5b\x0b\x00\
\x35\x55\xca\x7b\x33\xe5\x3d\xaf\xe0\x3a\xe0\x97\x09\xed\x53\x96\
\x6d\xf7\x92\x05\xc0\xf8\xa6\x91\x76\xca\x94\x93\xff\x06\xe3\x04\
\x40\x75\x81\x13\x01\xf3\x4b\xf9\x8e\x9d\x0b\x4c\xcf\x94\x43\x3d\
\x70\x38\x61\x4d\x7f\xcc\x63\x21\x61\xf2\x89\xd2\x5d\x4c\xdc\x6b\
\xbc\x12\x5f\xe3\x41\x1d\x40\xfc\x7b\xf9\x80\x42\x19\xdb\x6e\x16\
\xe1\x3d\x1a\xf3\x1a\x7f\xbb\x50\xc6\xb6\x9b\x05\x3c\x4e\xfc\x7b\
\xf9\x5d\x65\x62\xb6\x83\x23\x00\xe3\x4b\x59\x4f\xfa\x5f\x84\x22\
\x40\xe9\x62\x7f\x0d\xdd\x8c\xaf\xb1\x9a\x6b\x11\x70\x4b\x64\x5b\
\x6f\x01\x0c\x66\x11\x70\x76\x42\x7b\xf7\x04\x18\x87\x05\xc0\xba\
\xed\x00\xbc\x21\xa1\xbd\xc3\xff\x83\xd9\x16\xd8\x22\xb2\xad\xc3\
\xff\x6a\xba\xd8\xf7\xe8\xe6\xc0\x36\x39\x83\x74\x58\xca\x77\xed\
\x9b\x80\xe7\xe5\x0a\xd2\x76\x16\x00\xeb\x76\x3c\xf1\xaf\x4f\xea\
\xe4\x14\x3d\xcd\x1d\x00\xd5\x25\xee\x08\x98\x5f\xca\x64\xeb\x11\
\xe0\xd8\x8c\x59\x5a\xcd\x02\x60\x6c\x93\x49\x7b\xd3\xa4\x2c\x4f\
\xd1\x9a\x52\xbe\x04\x1d\x01\x50\xd3\xa5\xbc\x47\x2d\x00\x06\x97\
\xb2\xdc\xfa\xbd\x84\xef\x74\x29\xca\x41\xc4\x4f\x32\x59\x02\xcc\
\x29\x13\xb3\x13\x2e\x24\xee\x75\x5e\x45\xfc\x5e\x01\x5a\x9b\x93\
\x00\xeb\xb1\x31\xe1\xbd\x1a\xf3\x3a\x5f\x50\x28\x63\x17\x6c\x42\
\xd8\x7c\x29\xf6\x3d\xfd\xd6\x32\x31\x9b\xcd\x11\x80\xb1\xa5\x4c\
\x1c\x49\xd9\xa2\x52\x6b\x8b\xfd\x15\x74\x3b\x61\x9b\x65\xa9\xc9\
\x16\x00\x77\x44\xb6\x75\x04\x60\x70\xa9\x5b\xae\x3b\x19\x70\x0c\
\x16\x00\x6b\xdb\x92\xb4\x6a\xd1\xc9\x7f\x83\x4b\x99\x08\xe5\xf0\
\xbf\xda\x22\xf6\xbd\x9a\x32\x01\x56\x6b\x4b\xf9\xee\x3d\x18\xd8\
\x3a\x57\x90\xb6\xb2\x00\x58\xdb\x71\xc0\xd4\xc8\xb6\xa9\xc7\x54\
\x6a\x4d\x29\x4b\xa1\x9c\x00\xa8\xb6\x48\x79\xaf\xba\x21\xd0\xe0\
\x52\x8e\x5d\x9f\x02\x1c\x93\x31\x4b\x2b\x59\x00\xac\x69\x84\x50\
\x00\xc4\x3a\x85\x70\xbf\x4f\x83\x71\x02\xa0\xba\xc8\x89\x80\xf5\
\x18\x25\x6d\x32\x60\xca\xb6\xee\xea\xa1\xd7\x11\x3f\xa9\x64\x39\
\x0e\x29\x0d\xeb\x5c\xe2\x5f\xef\xcd\x0a\x65\xec\x0a\x27\x01\xd6\
\x67\x0e\xf1\xaf\xf5\x39\x85\x32\x76\xc5\x96\xc0\x32\xe2\x5f\xef\
\xd7\x16\x49\xd9\x50\x8e\x00\xac\x29\xe5\x08\xc9\x6f\x01\xf7\xe6\
\x0a\xd2\x13\xb1\xbf\x7e\xee\x02\x1e\xca\x19\x44\xaa\xd0\xc3\xc0\
\xdd\x91\x6d\x1d\x01\x18\xce\xfd\x84\xad\xc4\x63\x79\x4c\xb0\xc6\
\x34\x9b\x70\xce\x7c\x6c\x25\x79\x50\x99\x98\x9d\x91\xb2\x5c\xea\
\xfc\x42\x19\xbb\xc4\x11\x80\x7a\x5d\x80\xcb\x5b\xeb\x72\x30\xf1\
\xef\xed\xc5\xf8\x7a\xff\x81\x23\x00\x4f\x3b\x06\x98\x19\xd9\xf6\
\x3e\xe0\x3b\x19\xb3\xf4\xc1\x8b\x88\xbf\x1f\xe7\xfd\x7f\xb5\x4d\
\xec\x7b\x76\x04\xd8\x27\x67\x90\x1e\xb8\x18\xb8\x27\xb2\xed\x0c\
\xe0\xc8\x8c\x59\x5a\xc5\x02\xe0\x69\x29\x93\xff\x4e\x05\x56\xe4\
\x0a\xd2\x13\x29\x2b\x00\x2c\x00\xd4\x36\x29\xef\x59\x0f\x06\x1a\
\xce\x0a\xe0\x8c\x84\xf6\x27\x66\xca\xd1\x3a\x16\x00\xc1\x4b\x88\
\xaf\xc2\x47\x49\x7b\xb3\x69\x6c\x29\xcb\x9f\x2c\x00\xd4\x36\x29\
\xef\x59\x97\x02\x0e\xef\x54\xe2\x57\x64\xed\x09\xbc\x38\x63\x96\
\xd6\xb0\x00\x08\x52\x26\x86\xfc\x00\xb8\x2d\x57\x90\x1e\x89\x9d\
\xfc\xf4\x00\x4e\xb6\x54\xfb\xdc\x43\x98\xa0\x16\xc3\x89\x80\xc3\
\xbb\x83\xb0\x2f\x40\x2c\x27\x03\x0a\x80\xf5\x81\xc7\x88\x9f\x44\
\x72\x78\x99\x98\x9d\x32\x0b\x58\x49\xdc\xeb\xfd\xad\x42\x19\xbb\
\xc6\x49\x80\xf5\xfb\x36\x71\xaf\xf7\x4a\x60\x83\x42\x19\xbb\xe4\
\x08\xe2\xdf\xe3\x0b\xf1\x35\x77\x04\x80\xf0\xa6\xd9\x30\xb2\xed\
\x7c\x9c\x91\x5e\x85\x17\x11\xff\xde\x73\xf8\x5f\x6d\x15\xfb\xde\
\x9d\x84\x13\x01\xab\x70\x1e\xf1\xcb\x85\x67\x01\x87\x65\xcc\xd2\
\x0a\x16\x00\x69\x43\x41\x67\x02\x4b\x73\x05\xe9\x91\x94\x21\x4f\
\xb7\x00\x56\x5b\xa5\xbc\x77\xbd\x0d\x30\xbc\x65\xc0\x59\x09\xed\
\x7b\x7f\x1b\xa0\xef\x05\xc0\x6e\xc0\x4b\x13\xda\x7b\xf0\x4f\x35\
\x9c\x00\xa8\x3e\x70\x22\x60\xfd\xfe\x23\xa1\xed\xcb\x80\x17\xe4\
\x0a\xd2\x06\x7d\x2f\x00\xde\x97\xd0\xf6\xe7\xc0\xf5\xb9\x82\xf4\
\x4c\xec\xaf\x9d\x05\xc0\xef\x73\x06\x91\x32\x9a\x47\xfc\x11\xd6\
\x8e\x00\x54\xe3\x46\xe0\xf2\x84\xf6\xbd\x3e\x26\xb8\xcf\x05\xc0\
\x34\xd2\x36\x84\xf0\xd7\x7f\x35\xd6\x03\x76\x8d\x6c\x7b\x05\x61\
\xc2\x8e\xd4\x46\xa3\xc4\xdf\x06\xd8\x9d\xf0\xd9\xd0\xf0\x52\xbe\
\xab\x8f\x21\x6c\x0e\xd4\x4b\x7d\x2e\x00\xde\x41\xfc\x01\x33\x8b\
\xf0\xd0\x8e\xaa\xec\x4d\x38\x9a\x33\xc6\x15\x39\x83\x48\x35\x88\
\x7d\x0f\x4f\x06\xf6\xca\x19\xa4\x47\xbe\x0a\x3c\x1e\xd9\x76\x53\
\xe0\xd0\x8c\x59\x1a\xad\xcf\x05\x40\xca\xd0\xcf\x59\x84\x65\x23\
\x1a\x9e\x13\x00\xd5\x27\x4e\x04\xac\xdf\x13\x84\x22\x20\x56\x6f\
\x6f\x03\xf4\xb5\x00\xd8\x91\x70\xf4\x6f\x2c\x87\xff\xab\xe3\x04\
\x40\xf5\x89\x13\x01\xcb\x48\xf9\xce\x7e\x03\xf0\xbc\x5c\x41\x9a\
\xac\xaf\x05\xc0\x09\xc4\x3f\xf7\x6b\x81\x5f\x67\xcc\xd2\x37\xb1\
\xbf\x72\x1e\xc7\x1d\x17\xd5\x7e\xb7\x10\x36\x1a\x8b\xe1\x08\x40\
\x75\x7e\x05\x5c\x15\xd9\x76\x84\xb4\xb3\x60\x3a\xa3\x8f\x05\xc0\
\x14\x60\x6e\x42\xfb\x93\x32\xe5\xe8\xa3\x69\xc4\x2f\xbb\xb9\x92\
\xf8\xbd\xbd\xa5\xa6\x1a\x05\xae\x8e\x6c\xbb\x07\x30\x3d\x63\x96\
\xbe\x39\x2d\xa1\xed\xf1\xc4\xcf\x4d\xea\x8c\x3e\x16\x00\x6f\x01\
\xb6\x8e\x6c\xbb\x84\xb4\x8d\x25\x34\xbe\x3d\x09\x45\x40\x0c\x87\
\xff\xd5\x15\xb1\xef\xe5\x94\x02\x59\x13\xfb\x32\xf0\x64\x64\xdb\
\x2d\x81\x03\x33\x66\x69\xa4\x3e\x16\x00\x29\x13\x3e\xce\x25\xac\
\x45\x57\x35\x9c\x00\xa8\x3e\x72\x22\x60\x19\x8f\x02\xdf\x48\x68\
\xdf\xbb\xc9\x80\x7d\x2b\x00\x52\xab\x3c\x27\xff\x55\x2b\xe5\xcb\
\xcd\x25\x80\xea\x8a\x94\xf7\xb2\x05\x40\xb5\x52\xbe\xc3\xdf\x4a\
\xfc\xe8\x70\x27\xf4\xad\x00\x38\x1e\x98\x1a\xd9\xf6\x36\xe0\xc7\
\x19\xb3\xf4\x51\xec\x97\xdb\x93\xc0\x4d\x39\x83\x48\x35\xba\x91\
\xb0\x34\x2d\x86\x05\x40\xb5\x2e\x25\x4c\xc4\x8c\x91\x3a\x3f\xac\
\xf5\xfa\x54\x00\x8c\x90\x76\x71\x4f\xc6\x5d\xe8\xaa\x34\x85\x30\
\x07\x20\xc6\x55\x84\x23\x52\xa5\x2e\x58\x09\x5c\x13\xd9\x76\x6f\
\xe2\x7f\xa4\x68\x62\xa3\xa4\x4d\x06\x4c\x59\x21\xd6\x7a\xbd\x79\
\xa2\xc0\xeb\x81\x9d\x22\xdb\xae\x20\x9c\xfc\xa7\xea\xec\x0e\xcc\
\x8c\x6c\xeb\x04\x40\x75\x4d\xec\x7b\x7a\x06\xf1\x5b\x65\x2b\xce\
\xe9\xc0\xf2\xc8\xb6\x3b\x02\xaf\xcd\x17\xa5\x59\xfa\x54\x00\xa4\
\x1c\xfd\x78\x11\x70\x5f\xae\x20\x3d\xe5\x04\x40\xf5\x99\x13\x01\
\xcb\x79\x00\xf8\x56\x42\xfb\xde\x1c\x13\xdc\x97\x02\x20\x75\xbf\
\xe7\x53\x72\x05\xe9\x31\x77\x00\x54\x9f\xb9\x23\x60\x59\x29\xdf\
\xe9\xef\x00\xe6\xe4\x0a\xd2\x24\x7d\x29\x00\x8e\x26\xfe\xc4\xa7\
\xbb\x81\xef\x66\xcc\xd2\x57\xb1\xbf\x6a\x96\xe2\xb1\xcb\xea\x9e\
\xeb\x08\xfb\x8a\xc4\x70\x04\xa0\x7a\x17\x03\x77\x46\xb6\x4d\x3d\
\x29\xb6\xb5\xfa\x52\x00\xcc\x4d\x68\x7b\x1a\x4e\x40\xab\xda\x24\
\xc2\xe4\xa6\x18\xd7\x12\x7f\xbf\x4e\x6a\x8b\xe5\xc4\x17\xb6\x2f\
\xa4\x3f\xdf\xcd\x75\x59\x05\x7c\x29\xa1\x7d\x2f\x6e\x03\xf4\xe1\
\x4d\xf6\x52\xe2\x3b\x9f\x51\x9c\xfc\x97\xc3\xce\xc0\x06\x91\x6d\
\x1d\xfe\x57\x57\xc5\xbe\xb7\x67\x01\xcf\xcf\x19\xa4\xa7\x4e\x23\
\x7e\x7b\xf1\x3d\x80\xfd\x33\x66\x69\x84\x3e\x14\x00\x29\x95\xdc\
\xf7\xf1\x00\x9a\x1c\xf6\x4d\x68\x6b\x01\xa0\xae\x4a\x79\x6f\xa7\
\x7c\x66\x14\x67\x1e\xf0\xc3\x84\xf6\x9d\x1f\x05\xe8\x7a\x01\x30\
\x0b\x78\x57\x42\x7b\x27\xff\xe5\xe1\x04\x40\xc9\x89\x80\x4d\x90\
\xf2\x1d\x7f\x04\xf1\x23\x97\xad\xd4\xf5\x02\xe0\xdd\xc4\x5f\xc0\
\xf9\xc0\x85\x19\xb3\xf4\x59\xec\xa4\xa6\x15\x84\x39\x00\x52\x17\
\x5d\x43\xfc\xfc\x16\x27\x02\xe6\x71\x3e\xf0\x50\x64\xdb\x59\xc0\
\xe1\x19\xb3\x14\xd7\xf5\x02\x20\x65\x08\xe7\x0c\xc2\x0c\x74\x55\
\x6b\x04\xd8\x27\xb2\xed\xf5\xc4\xcf\x94\x96\xda\x66\x09\xf0\xbb\
\xc8\xb6\x2f\x22\x7c\x76\x54\xad\x65\x84\x53\x02\x63\x75\xfa\x36\
\x40\x97\x0b\x80\x3d\x81\x97\x24\xb4\x4f\xd9\x2e\x52\xf1\x9e\x0b\
\x6c\x1c\xd9\xd6\xe1\x7f\x75\x5d\xec\x7b\x7c\x36\x61\x57\x3a\x55\
\x2f\x65\x9b\xf7\xfd\x89\x9f\x44\xde\x3a\x5d\x2e\x00\x52\x2a\xb7\
\x9f\x02\x37\xe4\x0a\xd2\x73\xee\x00\x28\x3d\xcd\x1d\x01\xcb\xbb\
\x11\xf8\x79\x42\xfb\xe3\x72\x05\x29\xad\xab\x05\xc0\x74\xe0\x3d\
\x09\xed\x3d\xf6\x37\x1f\x27\x00\x4a\x4f\x73\x22\x60\x33\xa4\x7c\
\xe7\xa7\x6c\x24\xa7\x06\x78\x0f\x61\x88\x27\xe6\xf1\x18\xb0\x7e\
\x99\x98\xbd\xf0\x5d\xe2\xae\xc3\x4a\xc2\xa4\x1b\xe5\x71\x00\xf1\
\x9f\x89\x03\x0a\x65\xec\x83\x59\x84\xc9\xae\x31\xd7\xe1\x3b\x85\
\x32\xf6\xc1\x4c\x60\x01\xf1\x9f\x89\x77\x97\x89\x99\x57\x57\x47\
\x00\x52\x86\xff\xbf\x42\xfc\x59\xdd\x4a\x17\xfb\x2b\xe6\x46\x60\
\x51\xce\x20\x52\x03\x2c\x02\x6e\x8e\x6c\xeb\x5e\x00\xf9\x2c\x06\
\xce\x4e\x68\xdf\xc9\xc9\x80\x5d\x2c\x00\x9e\x4b\xda\x71\x8e\xae\
\xfd\xcf\x67\x7b\x60\xb3\xc8\xb6\x0e\xff\xab\x2f\x62\xdf\xeb\x73\
\x80\xed\x72\x06\xe9\xb9\x94\xef\xfe\xd7\x11\x7f\x9c\x7c\x6b\x74\
\xb1\x00\x38\x81\xf8\xe5\x33\xd7\x00\x57\x64\xcc\xd2\x77\x4e\x00\
\x94\xd6\xe6\x44\xc0\x66\xf8\x0d\xf1\xd7\x62\x84\x0e\x4e\x06\xec\
\x5a\x01\x30\x05\x38\x36\xa1\xfd\x49\xb9\x82\x08\x70\x02\xa0\x34\
\x16\x27\x02\x36\x47\xca\xf2\xef\xf7\x02\x53\x73\x05\xd1\xf0\x0e\
\x25\x7e\x52\xc7\x93\xc4\xaf\x4f\xd7\x60\x2e\x22\xee\x5a\xac\x22\
\xac\x7b\x56\x3e\x4e\x02\x6c\x8e\x8d\x08\xef\xf9\x98\x6b\xe1\xee\
\xa4\x79\x6d\x44\x98\x03\x16\xfb\xd9\x38\xa4\x4c\xcc\x3c\xba\x36\
\x02\x70\x7c\x42\xdb\x73\x08\xb3\x40\x95\x4f\xec\xf0\xe5\x6d\xc0\
\xa3\x39\x83\x48\x0d\xf2\x18\x70\x7b\x64\x5b\x6f\x01\xe4\xf5\x18\
\xf0\xf5\x84\xf6\x29\x7d\x8c\x6a\xb4\x0d\xf1\xcb\x6b\x46\x81\x57\
\x97\x89\xd9\x1b\x5b\x10\x7f\x2d\x52\x66\xe3\x6a\x30\x8e\x00\x34\
\xcb\xd7\x88\xbf\x1e\x5b\x16\xca\xd8\x17\xaf\x21\xfe\x5a\xac\xa0\
\x43\x13\x33\xbb\x34\x02\x70\x1c\x30\x39\xb2\xed\xcd\xc0\x65\x19\
\xb3\xc8\x23\x80\xa5\xf1\x38\x0f\xa0\x39\x7e\x4c\x58\x86\x1c\x63\
\x32\x70\x4c\xc6\x2c\xb5\xea\x4a\x01\x30\x02\xcc\x4d\x68\x7f\x0a\
\xa1\x9a\x53\x3e\x16\x00\xd2\xba\xa5\xbc\xe7\xdd\x0f\x20\xbf\xd3\
\x13\xda\x1e\x4f\x77\xfa\xce\x4e\x78\x13\xf1\x43\x38\xcb\x71\x48\
\xad\x0e\xe7\x11\x7f\x4d\xe6\x14\xca\xd8\x27\xde\x02\x68\x96\x4d\
\x89\xbf\x1e\x29\xf7\xa8\x35\x98\x2d\x08\x27\x05\xc6\x5e\x93\x37\
\x96\x89\x59\xad\xae\x54\x31\x29\xbb\x34\x5d\x00\xdc\x9f\x2b\x88\
\xfe\x20\x76\xf2\xd2\xef\x81\x87\x73\x06\x91\x1a\x68\x3e\x70\x67\
\x64\x5b\x27\x02\xe6\xf7\x00\x61\xd5\x52\xac\x4e\xee\x0c\xd8\x46\
\x9b\x12\xce\xd9\x8e\xad\xdc\x0e\x2c\x13\xb3\x57\x52\x7e\xdd\x9c\
\x57\x28\x63\xdf\x38\x02\xd0\x3c\xdf\xc0\x51\xb2\x26\x79\x0b\xf1\
\xd7\x63\x29\xf1\xbb\x9c\x36\x56\x17\x46\x00\x8e\x25\x9c\xfe\x17\
\xe3\x6e\xe0\x7b\x19\xb3\x28\x70\x07\x40\x69\x62\x29\xef\xfd\x7d\
\xb2\xa5\xd0\x6a\xdf\x21\x8c\x48\xc6\x98\x06\x1c\x95\x31\x4b\x2d\
\x62\xb7\xcc\x6d\xb2\xeb\x81\xdd\x23\xdb\x3e\x41\x18\xea\x51\x5e\
\x1b\x10\x5f\x1d\x3f\x04\x2c\xcc\x98\x45\xc1\x4c\x60\xab\xc8\xb6\
\xf7\x11\x0e\x4b\x51\x5e\x7e\x4e\x9a\x67\x0b\xe2\x4f\x87\xbd\x01\
\x78\x41\xc6\x2c\xd9\xb5\xbd\x00\x78\x39\xf0\xb3\xd2\x21\x24\x49\
\xbd\xf4\x72\xe0\xf2\xd2\x21\x06\xd5\xf6\x5b\x00\x4e\xc4\x90\x24\
\x95\xd2\xea\x3e\xa8\xcd\x23\x00\xb3\x08\x43\x95\xb3\x4a\x07\x91\
\x24\xf5\xd2\x13\xc0\xd6\xc0\xe3\xa5\x83\x0c\xa2\xcd\x23\x00\x47\
\x62\xe7\x2f\x49\x2a\x67\x7d\xe0\x88\xd2\x21\x06\xd5\xe6\x02\xa0\
\xd5\x43\x2f\x92\xa4\x4e\x68\x6d\x5f\xd4\xd6\x5b\x00\x7b\x01\x57\
\x97\x0e\x21\x49\x12\xe1\xbc\x86\xab\x4a\x87\x48\xd5\xd6\x11\x80\
\x13\x4b\x07\x90\x24\xe9\x29\xef\x2d\x1d\x60\x10\x6d\x1c\x01\x98\
\x01\xdc\x0b\x6c\x5c\x3a\x88\x24\x49\xc0\xa3\x84\x23\xe9\x9f\x2c\
\x1d\x24\x45\x1b\x47\x00\xde\x49\x7c\xe7\xff\x28\x70\x46\xbe\x28\
\x92\xa4\x8e\x3a\x1d\x78\x2c\xb2\xed\x6c\xe0\x8f\x32\x66\xc9\x62\
\x4a\xe9\x00\x03\x38\x3e\xa1\xed\x57\x80\x0f\x02\x5f\x00\xde\x01\
\xec\x40\x38\xcf\x59\x79\xec\x4e\xfc\xce\x58\x3f\xc1\x5d\x19\xeb\
\xb4\x25\xf0\xaa\xc8\xb6\x97\xe1\x81\x59\x75\xda\x02\x78\x75\x64\
\xdb\xeb\x80\xdf\x65\xcc\xd2\x77\x2b\x81\x79\xc0\xb9\xc0\x15\x84\
\x73\x66\x3e\x10\xf9\xdf\x1e\x0f\xfc\x67\x9e\x58\x02\x78\x1e\xb0\
\x8a\xf8\x03\x1b\x5e\x58\x26\x66\x6f\x9d\x46\xfc\xb5\xd9\xa9\x50\
\xc6\xbe\xf2\x30\xa0\xe6\xda\x89\xf8\x6b\x73\x4a\xa1\x8c\x7d\xb5\
\x2f\xf1\xd7\x66\x15\xf0\xfc\x32\x31\x07\xd3\xb6\x5b\x00\x27\x12\
\x3f\x6f\xe1\x0a\x3c\x68\xa6\x6e\xb1\x87\x00\x3d\x06\xdc\x96\x33\
\x88\xd4\x22\xb7\x11\x6e\x57\xc6\xd8\x37\x67\x10\xad\xe5\x0a\xe0\
\xb7\x91\x6d\x47\x68\xd9\x64\xc0\x36\x15\x00\x53\x80\x63\x12\xda\
\x5b\x29\xd7\x6b\x06\xf1\x87\x32\xfd\x96\x50\x31\x4b\x0a\x9f\x85\
\xd8\x25\x64\x2f\x20\x7c\xd6\x54\x9f\x53\x13\xda\x1e\x07\x4c\xcd\
\x15\xa4\x6a\x6d\x2a\x00\xde\x46\xfc\x69\x66\x8b\x81\xaf\x66\xcc\
\xa2\xb5\xed\x45\xfc\x1b\x3f\xb6\xa2\x96\xfa\xe2\x8a\xc8\x76\x53\
\x81\x3d\x72\x06\xd1\x5a\xce\x22\x7e\x76\xff\x16\xc0\x41\x19\xb3\
\x54\xaa\x4d\x05\x40\xca\xe4\xbf\xb3\x89\x1f\x52\x53\x35\x62\x87\
\xff\xc1\x5b\x33\xd2\xb3\xa5\x7c\x26\x52\x3e\x6b\x1a\xde\x63\x84\
\x49\x81\xb1\x52\xfa\xaa\xa2\xda\x52\x00\x6c\x4b\xda\xc4\xa4\x94\
\x21\x1b\x55\x23\x65\xc2\xa5\x23\x00\xd2\x9a\x52\x3e\x13\x4e\x6e\
\xae\x5f\xca\x2d\xe5\x03\x81\xed\x73\x05\xa9\x52\x5b\x0a\x80\xf7\
\x12\xbf\x7c\xef\x26\xe0\x67\x19\xb3\x68\x6c\xb1\xbf\x4a\x9e\x00\
\x6e\xce\x19\x44\x6a\xa1\x9b\x80\x45\x91\x6d\x1d\x01\xa8\xdf\x65\
\xc4\x2f\xbf\x9c\x04\x1c\x9b\x31\x4b\x65\xda\x50\x00\x4c\x22\x6d\
\x66\xe5\xc9\x38\xc1\xac\x6e\x29\xf7\x25\xaf\x22\xac\xb5\x95\xf4\
\xb4\x55\xc4\x9f\x6f\x92\x32\xdf\x46\xd5\x39\x3d\xa1\xed\x89\xb4\
\x60\xcf\x99\x36\x14\x00\x6f\x02\x9e\x13\xd9\x76\x19\xf0\xe5\x8c\
\x59\x34\xb6\x94\x99\xc9\x0e\xff\x4b\x63\x8b\xfd\x6c\xcc\x00\x76\
\xcb\x19\x44\x63\x3a\x1d\x58\x1a\xd9\x76\x3b\xe0\x0d\x19\xb3\x54\
\xa2\x0d\x05\x40\xca\x84\x8a\x0b\x80\x07\x73\x05\xd1\x3a\xa5\x0c\
\x49\x5a\x00\x48\x63\x73\x22\x60\xb3\x3d\x0c\x7c\x33\xa1\x7d\xe3\
\x27\x03\x36\xbd\x00\x98\x43\x58\xfe\x17\xcb\xb5\xff\x65\x58\x00\
\x48\xc3\x8b\x5d\x0a\x08\x16\x00\xa5\xa4\xf4\x31\x87\x02\x9b\xe7\
\x0a\x52\x85\xa6\x17\x00\x73\x81\xe9\x91\x6d\xef\x02\x7e\x98\x2f\
\x8a\xc6\x11\xfb\x65\xb4\x04\xf7\x31\x97\xd6\xe5\x06\xc2\x1e\x26\
\x31\x2c\x00\xca\xf8\x1e\xf0\xfb\xc8\xb6\xd3\x80\xa3\x33\x66\x19\
\x5a\xd3\x0b\x80\xe3\x12\xda\x9e\x82\x93\xcb\x4a\x98\x4c\x98\x94\
\x14\xe3\x1a\x60\x79\xc6\x2c\x52\x9b\xad\x00\xae\x8d\x6c\xbb\x0f\
\x2d\x98\x64\xd6\x41\xab\x48\x3b\x61\x36\x65\xfb\xfa\xda\x35\xb9\
\x00\x78\x25\xf1\x5b\xcb\xa6\x5e\x14\x55\x67\x57\x60\xfd\xc8\xb6\
\x0e\xff\x4b\xe3\x8b\xfd\x8c\xac\x0f\xec\x9c\x33\x88\xd6\x29\xe5\
\xc7\xe6\x2e\xc0\xcb\x33\x66\x19\x4a\x93\x0b\x80\x13\x12\xda\x7e\
\x07\xb8\x33\x57\x10\x8d\xcb\x1d\x00\xa5\xea\x38\x11\xb0\xf9\xee\
\x26\xdc\x0a\x88\x95\xd2\x97\xd5\xaa\xa9\x05\xc0\x46\xc0\x61\x09\
\xed\x9d\xfc\x57\x8e\x3b\x00\x4a\xd5\x71\x47\xc0\x76\x48\xd9\x6d\
\xf6\x70\x60\x76\xae\x20\xc3\x68\x6a\x01\xf0\x1e\x60\xbd\xc8\xb6\
\x0f\x90\xb6\x34\x43\xd5\x8a\xfd\x15\xb2\x1c\xb8\x2e\x67\x10\xa9\
\x03\xae\x21\xec\x67\x12\xc3\xa3\x81\xcb\xb9\x00\xb8\x3f\xb2\xed\
\x4c\xe0\x88\x8c\x59\x06\xd6\xd4\x02\x20\x65\xfd\xe4\x19\x38\xb1\
\xac\x94\x11\xc2\x64\xa4\x18\xd7\x11\x56\x01\x48\x5a\xb7\x65\x84\
\xd5\x00\x31\x5e\x44\x83\x27\x98\x75\xdc\x0a\xd2\x36\x9d\x6b\xe4\
\x9e\x00\x4d\x2c\x00\xf6\x22\xad\xb2\x3d\x23\x53\x0e\x4d\x6c\x27\
\xc2\xed\x9a\x18\x0e\xff\x4b\x71\x62\x3f\x2b\x1b\x02\xcf\xcb\x19\
\x44\xe3\x3a\x85\xf8\x6d\xe7\xf7\xa3\x81\xb7\x6c\x9a\x58\x00\xbc\
\x3f\xa1\xed\xa5\xc0\x8d\x99\x72\x68\x62\x29\x85\x9a\x13\x00\xa5\
\x38\x29\xc5\xb2\x13\x01\xcb\xb9\x99\x70\x48\x50\xac\xc6\x8d\x02\
\x34\xad\x00\x98\x09\xbc\x3b\xa1\xbd\xc7\xfe\x96\xe5\x04\x40\xa9\
\x7a\x4e\x04\x6c\x8f\x94\x3e\xe8\x28\xe2\xe7\xb6\xd5\xa2\x69\x05\
\xc0\x61\xc0\xc6\x91\x6d\x1f\x03\xce\xcb\x98\x45\x13\x8b\xfd\xf5\
\xb1\x92\x30\xb9\x49\xd2\xc4\xae\x26\xdc\x63\x8e\xe1\x08\x40\x59\
\xe7\x00\x0b\x22\xdb\x6e\x04\xbc\x23\x63\x96\x64\x4d\x2b\x00\x52\
\xd6\x4b\x7e\x19\x78\x32\x57\x10\x45\x89\x9d\x00\x78\x23\xf0\x44\
\xce\x20\x52\x87\x3c\x09\xdc\x14\xd9\xd6\x95\x00\x65\x2d\x06\xbe\
\x92\xd0\xbe\x51\x7b\x02\x34\xa9\x00\xd8\x99\xb0\xfb\x5f\x2c\x87\
\xff\xcb\xda\x81\x70\x58\x53\x0c\x87\xff\xa5\x34\xb1\x9f\x99\x4d\
\x81\xed\x73\x06\xd1\x84\x4e\x4a\x68\xfb\x6a\x1a\x74\x94\x73\x93\
\x0a\x80\x13\x88\x5f\xd2\xf2\x6b\xe0\xaa\x8c\x59\x34\x31\x4f\x00\
\x94\xf2\x71\x47\xc0\xf6\xb8\x86\xb4\x93\x1c\xe7\x66\xca\x91\xac\
\x29\x05\xc0\x54\xd2\x4e\x4d\xf2\xd7\x7f\x79\x4e\x00\x94\xf2\x71\
\x25\x40\xbb\xa4\xec\x46\x7b\x2c\xa1\xcf\xd3\x53\xde\x49\x58\x4f\
\x19\xf3\x58\x44\x58\xff\xaa\xb2\xbe\x4d\xdc\xf5\x5a\x45\xfc\x5e\
\x01\xca\xe7\x00\xe2\x3f\x63\x07\x14\xca\xa8\xa7\x6d\x48\x98\x3c\
\x1b\x73\xbd\xdc\x09\xb5\xbc\x0d\x09\x7d\x53\xec\x67\xac\x11\x93\
\x01\x9b\x32\x02\x90\xb2\x3e\xf2\x6c\xe0\xf1\x5c\x41\x14\x2d\x76\
\x04\xe0\x16\xc2\x8a\x0d\x49\xf1\x1e\x07\x6e\x8d\x6c\xbb\x5f\xce\
\x20\x8a\xf2\x38\x61\x45\x40\xac\x46\xec\x09\xd0\x84\x02\x60\x5b\
\xe0\x4d\x09\xed\x1d\xfe\x2f\x6f\x1b\x60\xcb\xc8\xb6\x0e\xff\x4b\
\x83\x89\xfd\xec\x6c\x01\x6c\x95\x33\x88\xa2\xa4\xf4\x4d\x07\x00\
\xcf\xc9\x15\x24\x56\x13\x0a\x80\x13\x80\xc9\x91\x6d\x6f\x04\x2e\
\xcf\x98\x45\x71\x3c\x02\x58\xca\xcf\x89\x80\xed\xf2\x53\xe2\xcf\
\x71\x98\x44\x03\x26\x03\x96\x2e\x00\x52\x5f\x84\x93\x88\xdf\x7b\
\x59\xf9\xb8\x02\x40\xca\xcf\x89\x80\xed\x73\x5a\x42\xdb\x94\x1f\
\xbf\x9d\x74\x20\xf1\x93\x26\x96\x02\x9b\x95\x89\xa9\x67\x39\x9f\
\xf8\x09\x80\x9b\x16\xca\xa8\x35\x39\x09\xb0\x7d\x36\x26\x7c\x86\
\x62\xae\xd9\x37\x0a\x65\xd4\x9a\x36\x25\x9c\x7a\x1a\xfb\x59\x7b\
\x73\x99\x98\x41\xe9\x11\x80\x94\x89\x10\xdf\x00\x1e\xca\x15\x44\
\x49\x62\x7f\x6d\xcc\x03\xe6\x67\xcc\x21\x75\xd9\x02\xe0\xf7\x91\
\x6d\x1d\x01\x68\x86\xf9\xc0\x85\x09\xed\x1b\x31\x19\xb0\x84\x2d\
\x08\x67\x5f\xc7\x56\x4a\x29\x13\x05\x95\xcf\x1c\xe2\xaf\xd9\xb9\
\x85\x32\x6a\x6d\x8e\x00\xb4\xd3\xd7\x89\xbf\x6e\x8e\x90\x36\xc3\
\x7f\x23\xfe\x9a\x2d\x23\x7e\x42\x75\xe5\x4a\x8e\x00\x1c\x4b\xfc\
\x66\x08\x77\x00\x3f\xcc\x98\x45\xf1\x3c\x02\x58\xaa\x8f\x27\x03\
\xb6\xcf\xf7\x81\xdb\x22\xdb\xa6\x6e\x82\x57\xa9\x92\x05\xc0\xdc\
\x84\xb6\xa7\x11\xee\x85\xa9\xbc\x94\x02\xc0\x09\x80\xd2\x70\x9c\
\x08\xd8\x3e\xa3\xc0\x99\x09\xed\x53\xb6\xc1\xef\x84\x57\x13\x3f\
\x44\xb2\x02\xd8\xae\x4c\x4c\x8d\xe1\x1c\xe2\xaf\x5d\xb1\xa1\x2d\
\xad\xc5\x5b\x00\xed\xb4\x39\xf1\xd7\xed\xec\x42\x19\xb5\xb6\x6d\
\x09\x7d\x57\xec\xb5\x7b\x55\x89\x90\xa5\x46\x00\x52\x8e\x44\xbc\
\x18\xb8\x2b\x57\x10\x25\x8b\xfd\x95\x71\x0f\x70\x7f\xce\x20\x52\
\x0f\x3c\x48\xf8\x2c\xc5\x70\x04\xa0\x39\xee\x06\xbe\x9b\xd0\xbe\
\x51\xc7\x04\xe7\xb4\x11\xe1\x6c\xf8\xd8\xca\xe8\x90\x32\x31\x35\
\x86\xd9\xc4\x2f\x4b\x4a\x99\x09\xab\xfc\x1c\x01\x68\xaf\x0b\x89\
\xbb\x6e\xab\x08\x9f\x51\x35\xc3\xdb\x89\xff\xcc\x3d\x49\x58\xf6\
\x59\xab\x12\x23\x00\x47\x01\xeb\x45\xb6\xbd\x9f\x70\xe8\x8c\x9a\
\xe1\x45\xc4\xdf\xab\xf2\xfe\xbf\x54\x8d\xd8\xcf\xd2\x08\xb0\x4f\
\xce\x20\x4a\x72\x11\x70\x5f\x64\xdb\x99\xc0\xbb\x33\x66\x19\x53\
\x89\x02\x20\x65\xdd\xe3\xe9\xc0\xf2\x5c\x41\x94\xcc\x1d\x00\xa5\
\xfa\xa5\xac\xa6\x49\x99\xa4\xab\xbc\x56\x90\x36\x19\xf0\xfd\xb9\
\x82\xac\x4b\xdd\x05\xc0\xbe\xc4\x2f\x55\x19\x25\x14\x00\x6a\x8e\
\x94\x65\x46\x16\x00\x52\x35\x5c\x0a\xd8\x5e\x27\x13\xfa\xb2\x18\
\x7b\x51\xf3\x3c\x8e\xba\x0b\x80\x94\x89\x0e\x97\x12\x8e\x92\x55\
\x73\xc4\xbe\x39\x1f\x26\x4c\x82\x91\x34\xbc\xbb\x80\x07\x22\xdb\
\x3a\x11\xb0\x59\x6e\x03\x7e\x9c\xd0\xbe\xd6\xc9\x80\x75\x16\x00\
\x33\x81\x23\x12\xda\x9f\x92\x2b\x88\x06\x32\x0b\xd8\x39\xb2\xed\
\x6f\x72\x06\x91\x7a\xe8\xaa\xc8\x76\xbb\x10\x3e\xab\x6a\x8e\x94\
\x63\x82\xdf\x43\xfc\x1c\xb9\xa1\xd5\x59\x00\x1c\x4e\xfc\x0c\xd5\
\x47\xf1\x70\x8b\xa6\x79\x21\xf1\xef\x17\x87\xff\xa5\x6a\x5d\x11\
\xd9\x6e\x12\xb0\x77\xce\x20\x4a\x76\x2e\xe1\x5c\x87\x18\x1b\x01\
\x87\x65\xcc\xb2\x86\x3a\x0b\x80\x94\xa1\x8d\x33\x81\xc5\xb9\x82\
\x68\x20\x29\x43\x8b\x6e\x01\x2c\x55\x2b\xe5\x33\xe5\x6d\x80\x66\
\x59\x02\x9c\x95\xd0\xbe\xb6\xdb\x00\x75\x15\x00\xbb\x00\x2f\x4f\
\x68\xef\xe4\xbf\xe6\x49\x99\x5c\x14\xfb\x6b\x45\x52\x1c\xb7\x04\
\x6e\xb7\x93\x12\xda\xbe\x12\xd8\x3d\x57\x90\x67\xaa\xab\x00\x38\
\x91\xf8\xf5\xe3\xbf\x22\xfe\x7e\x97\xea\x13\xfb\xa5\xb2\x80\x70\
\x0c\xb0\xa4\xea\xdc\x01\x3c\x12\xd9\xd6\x02\xa0\x79\xae\x05\x7e\
\x9d\xd0\xfe\xb8\x5c\x41\x9e\xa9\x8e\x02\x60\x1a\x69\xa7\x1d\x39\
\xf9\xaf\x79\x66\x00\xbb\x46\xb6\xfd\x2d\xf1\xcb\x5e\x24\xc5\x19\
\x25\xfe\x87\xd1\xee\x84\x49\xd7\x6a\x96\x94\xbe\x6d\x2e\x30\x3d\
\x53\x8e\x3f\xa8\xa3\x00\x38\x84\x70\xa0\x45\x8c\x27\xf0\x40\x8b\
\x26\xda\x9b\xf8\xa3\x9b\x9d\x00\x28\xe5\x11\xfb\xd9\x9a\x02\xec\
\x99\x33\x88\x06\xf2\x15\x60\x61\x64\xdb\x39\xc0\xc1\x19\xb3\x00\
\xf5\x14\x00\x29\x13\x1a\xbe\x0a\x3c\x9e\x2b\x88\x06\xe6\x04\x40\
\xa9\x3c\x27\x02\xb6\xdb\x22\xc2\x69\xaa\xb1\xb2\x4f\x06\xcc\x5d\
\x00\x6c\x07\xbc\x21\xa1\xbd\xc3\xff\xcd\xe4\x16\xc0\x52\x79\x29\
\x93\x6b\xdd\x11\xb0\x99\x52\xf6\x04\x78\x13\xf0\x9c\x5c\x41\x20\
\x7f\x01\x70\x02\x30\x39\xb2\xed\xef\x80\x5f\x64\xcc\xa2\xc1\xc5\
\x16\x00\x8b\x70\xf7\x46\x29\x97\x5b\x88\x1f\x42\x76\x04\xa0\x99\
\x7e\x0e\x5c\x1f\xd9\x76\x12\x99\x27\x03\xe6\x2c\x00\x26\x11\x26\
\x32\xc4\x4a\x59\x26\xa1\xfa\x4c\x03\x5e\x10\xd9\xf6\x4a\xc2\x91\
\xa4\x92\xaa\xb7\x8a\xf8\x89\x80\x7b\x11\x3e\xbb\x6a\x9e\x94\x51\
\x80\xe3\x89\xff\x11\x9d\x2c\x67\x01\x70\x20\xb0\x7d\x64\xdb\x65\
\xa4\x6d\x94\xa0\xfa\xec\x41\xfc\x6c\x54\x87\xff\xa5\xbc\x62\x3f\
\x63\xd3\xa8\x69\x2d\xb9\x92\x9d\x09\x2c\x8d\x6c\xbb\x2d\x70\x40\
\xae\x20\x39\x0b\x80\x94\x63\x7f\xcf\x03\x1e\xca\x15\x44\x43\xf1\
\xfe\xbf\xd4\x1c\x1e\x0d\xdc\x7e\xf3\x81\xf3\x13\xda\xa7\xf4\xa5\
\x49\x72\x15\x00\x5b\x00\x07\x25\xb4\x77\xf2\x5f\x73\x79\x04\xb0\
\xd4\x1c\x1e\x0d\xdc\x0d\x29\x7d\xde\xdb\x80\xad\x72\x84\xc8\x55\
\x00\xcc\x25\x7e\xdd\xf8\x1d\xc0\x8f\x32\xe5\xd0\xf0\x62\x47\x00\
\x16\x03\x37\xe6\x0c\x22\x89\x1b\x80\x27\x23\xdb\x3a\x11\xb0\xb9\
\x7e\x48\x38\x2a\x38\xc6\x14\xd2\x36\xd3\x8b\x96\xa3\x00\x18\x21\
\x6d\xc8\xe2\x54\x9c\x38\xd6\x54\x93\x09\x93\x89\x62\x5c\x0d\xac\
\xc8\x98\x45\x12\xac\x24\x6c\x2b\x1b\x63\x6f\x42\xe7\xa1\xe6\x19\
\x05\xce\x48\x68\xff\x3e\xe2\xb7\xd3\x8f\x96\xa3\x00\x78\x0d\xf0\
\xfc\xc8\xb6\x2b\x48\x7b\x11\x54\xaf\xdd\x88\x3f\x9b\xda\xe1\x7f\
\xa9\x1e\xb1\x9f\xb5\xf5\x08\x07\xb1\xa9\x99\x4e\x25\xfe\x47\xd3\
\xf3\x80\x57\x57\x1d\x20\x47\x01\x90\xb2\x7b\xd1\xb7\x81\x7b\x32\
\x64\x50\x35\x52\x26\x11\xb9\x03\xa0\x54\x0f\x4f\x06\xec\x86\xfb\
\x80\xef\x24\xb4\xaf\x7c\x67\xc0\xaa\x0b\x80\xd9\xc0\xdb\x13\xda\
\xa7\xac\x87\x54\xfd\x3c\x02\x58\x6a\x1e\x0b\x80\xee\x48\x99\x0c\
\xf8\x4e\x60\xe3\x2a\xff\x78\xd5\x05\xc0\xd1\xc4\x0f\x19\xdf\x0f\
\x5c\x5c\xf1\xdf\x57\xb5\x62\xbf\x3c\x96\x11\xbf\xbb\x95\xa4\xe1\
\x5c\x47\xfc\x3a\x72\x0b\x80\x66\xfb\x16\x70\x6f\x64\xdb\x19\xc0\
\x91\x55\xfe\xf1\xaa\x0b\x80\xf7\x26\xb4\x3d\x0d\x58\x5e\xf1\xdf\
\x57\x75\x26\x01\xfb\x44\xb6\xbd\x96\x50\x04\x48\xca\x2f\xa5\xe0\
\xde\x87\x7a\x0e\x7d\xd3\x60\x56\x00\x5f\x4a\x68\x7f\x62\x95\x7f\
\xbc\xca\x37\xc6\x8b\x89\xef\x30\x46\x81\xd3\x2b\xfc\xdb\xaa\xde\
\xf3\x81\x0d\x22\xdb\x3a\x01\x50\xaa\x57\xec\x67\x6e\x43\x60\xa7\
\x9c\x41\x34\xb4\x53\x88\x5f\x09\xb7\x17\xb0\x5f\x55\x7f\xb8\xca\
\x02\x20\x65\x82\xc2\x25\xc0\xad\x15\xfe\x6d\x55\xcf\x23\x80\xa5\
\xe6\xf2\x68\xe0\xee\xb8\x1d\xb8\x34\xa1\x7d\x65\x93\x01\xab\x2a\
\x00\xd6\x07\x8e\x48\x68\xef\xe4\xbf\xe6\x73\x07\x40\xa9\xb9\xdc\
\x11\xb0\x5b\x52\xfa\xc4\x23\x81\x59\x55\xfc\xd1\xaa\x0a\x80\xc3\
\x09\x43\x4d\x31\xe6\x03\xdf\xa8\xe8\xef\x2a\x9f\xd8\x25\x80\x29\
\x1b\x93\x48\xaa\x46\xca\xc6\x5b\x8e\x00\x34\xdf\xd7\x81\x87\x23\
\xdb\xce\x02\x0e\xab\xe2\x8f\x56\x55\x00\xa4\x0c\x49\x7c\x19\x58\
\x52\xd1\xdf\x55\x1e\x23\xc4\xcf\xe7\x48\xd9\x9a\x54\x52\x35\x16\
\x03\xbf\x8b\x6c\xbb\x2f\x19\x76\x91\x53\xa5\x96\x02\x5f\x49\x68\
\x5f\xc9\x6d\x80\x2a\x0a\x80\x5d\x81\x97\x25\xb4\x3f\xa3\x82\xbf\
\xa9\xbc\x76\x04\x36\x89\x6c\xeb\xf0\xbf\x54\x46\xec\x67\x6f\x63\
\xe0\x39\x39\x83\xa8\x12\x27\x27\xb4\x7d\x39\xf0\x82\x61\xff\x60\
\x15\x05\xc0\xfb\x12\xda\xfe\x82\x30\x74\xa5\x66\xf3\x08\x60\xa9\
\xf9\x3c\x1a\xb8\x5b\xae\x03\x7e\x99\xd0\x3e\x65\xd9\xfd\x98\x86\
\x2d\x00\xa6\x01\x47\x25\xb4\xf7\xd8\xdf\x76\x70\x02\xa0\xd4\x7c\
\x4e\x04\xec\x9e\x94\xc9\x80\xc7\x02\xd3\x73\x05\x89\x71\x38\x61\
\x4d\x7f\xcc\x63\x21\xf1\xeb\xca\x55\xd6\xc5\xc4\x5d\xd3\x95\x78\
\x4d\xdb\xe2\x00\xe2\x3f\xab\x07\x14\xca\xa8\x34\xb3\x08\x9f\xc1\
\x98\x6b\xfa\xed\x42\x19\x95\x66\x16\xf0\x38\xf1\x9f\xd5\x77\x0d\
\xf3\xc7\x86\x1d\x01\x48\x99\x88\xf0\x5f\x84\x22\x40\xcd\x17\xfb\
\x6b\xe1\x66\xbc\xa6\x52\x29\x8b\x80\x5b\x22\xdb\x7a\x0b\xa0\x1d\
\x16\x01\x67\x27\xb4\x1f\x6a\x32\xe0\x30\x05\xc0\x8e\xc0\xeb\x13\
\xda\xbb\xf6\xbf\x1d\xb6\x05\xb6\x88\x6c\xeb\xf0\xbf\x54\x56\xec\
\x67\x70\x73\x60\x9b\x9c\x41\x54\x99\x94\xbe\xf2\x8d\x84\xa3\x82\
\x07\x32\x4c\x01\xf0\xde\x84\xff\xfe\x5a\xd2\x26\x37\xa8\x1c\x77\
\x00\x94\xda\xc3\x93\x01\xbb\x27\x65\xb2\xfc\x08\x61\x2e\xc0\x40\
\x06\x2d\x00\x26\x27\xfe\x51\x27\xff\xb5\x47\xca\x97\x84\x47\x00\
\x4b\x65\x59\x00\x74\x53\xca\x59\x39\xef\x25\xf4\xc9\xb5\x39\x98\
\xf8\x49\x0a\x4b\x80\x39\x75\x86\xd3\x50\x2e\x24\xee\xba\xae\xa2\
\xe2\xb3\xa9\x95\x95\x93\x00\xbb\x69\x36\xe1\xb3\x18\x73\x5d\x2f\
\x28\x94\x51\xe9\x36\x21\x6c\xf6\x14\xfb\x99\x3d\x68\x90\x3f\x32\
\xe8\x08\xc0\xf1\x09\x6d\x53\xb6\x38\x54\x79\xb1\xbf\x12\x6e\x07\
\x16\xe4\x0c\x22\x69\x42\x8f\x02\x77\x44\xb6\x75\x04\xa0\x3d\x1e\
\x21\x6d\xcb\xfc\x94\x3e\xf9\x0f\x06\x29\x00\xb6\x04\xde\x92\xd0\
\xde\xe1\xff\xf6\x48\x99\x28\xe4\x04\x40\xa9\x19\x62\x3f\x8b\x29\
\x13\x7c\x55\x5e\xca\x64\xc0\x83\x80\xad\x53\xff\xc0\x20\x05\xc0\
\x71\xc0\xd4\xc8\xb6\xa9\xc7\x1c\xaa\xac\x94\xa5\x42\x4e\x00\x94\
\x9a\x21\xe5\xb3\xe8\x86\x40\xed\x71\x09\x70\x6b\x64\xdb\x29\xc0\
\x31\xa9\x7f\x20\xb5\x00\x18\x21\x6d\xfb\xc1\x53\x08\xf7\x27\xd4\
\x0e\x6e\x01\x2c\xb5\x8f\x13\x01\xbb\x69\x94\xb4\xc9\x80\x27\x92\
\xf9\xd0\xa7\xd7\x13\x3f\x29\x61\x39\x03\x0c\x49\xa8\xa8\x73\x89\
\xbf\xbe\x9b\x15\xca\xa8\xc1\x38\x09\xb0\xbb\xe6\x10\x7f\x6d\xcf\
\x29\x94\x51\x83\xd9\x12\x58\x46\xfc\xf5\x7d\x5d\xca\x3f\x9e\x3a\
\x02\x90\x32\xd1\xe0\x5b\xc0\xbd\x89\xff\xbe\xca\x8a\xfd\x75\x70\
\x17\xf0\x50\xce\x20\x92\xa2\x3d\x0c\xdc\x1d\xd9\xd6\x11\x80\x76\
\xb9\x9f\xb0\x35\x7b\xac\x81\x26\x03\xc6\xa8\x65\x59\x82\x8a\xd9\
\x98\xf8\xe5\x44\xe7\x17\xca\xa8\xc1\x39\x02\xd0\x6d\x17\x10\xbf\
\x7c\x37\xf6\xa8\x6f\x35\x43\xb6\x65\xf7\x29\x23\x00\x47\x03\x33\
\x22\xdb\xde\x07\x7c\x27\xe1\xdf\x56\x79\xfb\x12\x7f\xff\xc8\xfb\
\xff\x52\xb3\xc4\x7e\x26\x47\x70\x22\x60\xdb\x5c\x0c\xdc\x13\xd9\
\x76\x3a\xf0\x9e\xd8\x7f\x38\xa5\x00\x38\x2e\xa1\xed\xa9\xc0\x8a\
\x84\xf6\x2a\xcf\x09\x80\x52\x7b\x39\x11\xb0\xbb\x56\x00\x67\x24\
\xb4\x8f\x3e\x20\x28\xb6\x00\xd8\x1f\xd8\x3b\xb2\xed\x28\x69\x61\
\xd5\x0c\x29\xbf\x0a\x2c\x00\xa4\x66\x49\xf9\x4c\x3a\x02\xd0\x3e\
\xa7\x12\x6e\xdf\xc4\xd8\x13\x78\x49\x4c\xc3\xd8\x21\xdf\x93\x19\
\xf2\xd8\x41\x49\x92\x54\x8b\x93\x81\xf7\x4d\xd4\x28\xa6\x00\x98\
\x45\x98\xcd\xbf\xc1\xb0\x89\x24\x49\x52\x76\x8b\x08\xcb\xf0\x17\
\x8e\xd7\x28\xe6\x16\xc0\x11\xd8\xf9\x4b\x92\xd4\x16\xb3\x80\x77\
\x4d\xd4\x28\xa6\x00\x38\x6a\xf8\x2c\x92\x24\xa9\x46\x13\xf6\xdd\
\x13\xdd\x02\x98\x4a\x18\x4a\x98\x56\x49\x1c\x49\x92\x54\x87\xa5\
\x84\x91\x80\x75\xae\xc8\x9b\x68\x04\x60\x1a\x76\xfe\x92\x24\xb5\
\xcd\x74\xc2\x21\x41\xeb\x34\x51\x01\xf0\x04\xf1\x5b\x4c\x4a\x92\
\xa4\x66\xb8\x9b\xb0\x33\xe0\x3a\xc5\xcc\x01\xf8\xaf\x6a\xb2\x48\
\x92\xa4\x9a\x9c\x35\x51\x83\x98\x65\x80\x1b\x03\x97\x03\xbb\x0c\
\x1d\x47\x92\x24\xe5\x76\x13\xf0\x32\x60\xc1\x78\x8d\x62\x46\x00\
\x16\x00\x6f\x04\x7e\x54\x41\x28\x49\x92\x94\xcf\x25\xc0\x1b\x98\
\xa0\xf3\x87\xf8\x9d\x00\x57\xdb\x1f\x78\x05\xb0\xf9\x00\xa1\x72\
\x7a\x05\xf0\xca\xc8\xb6\x9f\x27\xcc\x8e\x94\x24\x69\xb5\xe9\xc0\
\x87\x22\xdb\xfe\x14\xf8\x59\xc6\x2c\x83\x78\x90\x90\xeb\x57\xa5\
\x83\xd4\xed\x63\xc4\x1f\x97\x38\xbb\x50\x46\x49\x52\x73\x6d\x44\
\x7c\x3f\xf2\xb1\x42\x19\x2b\x95\x72\x1a\xa0\x24\x49\xea\x08\x0b\
\x00\x49\x92\x7a\xc8\x02\x40\x92\xa4\x1e\xb2\x00\x90\x24\xa9\x87\
\x2c\x00\x24\x49\xea\x21\x0b\x00\x49\x92\x7a\xc8\x02\x40\x92\xa4\
\x1e\xb2\x00\x90\x24\xa9\x87\x2c\x00\x24\x49\xea\x21\x0b\x00\x49\
\x92\x7a\xc8\x02\x40\x92\xa4\x1e\xb2\x00\x90\x24\xa9\x87\x2c\x00\
\x24\x49\xea\x21\x0b\x00\x49\x92\x7a\xc8\x02\x40\x92\xa4\x1e\xb2\
\x00\x90\x24\xa9\x87\x2c\x00\x24\x49\xea\x21\x0b\x00\x49\x92\x7a\
\xc8\x02\x40\x92\xa4\x1e\xb2\x00\x90\x24\xa9\x87\x2c\x00\x24\x49\
\xea\xa1\x29\xa5\x03\x14\xf0\x31\x60\x69\xe9\x10\x92\xa4\x46\x99\
\x5e\x3a\x40\xdd\xfa\x58\x00\x7c\xa8\x74\x00\x49\x92\x4a\xf3\x16\
\x80\x24\x49\x3d\x64\x01\x20\x49\x52\x0f\x59\x00\x48\x92\xd4\x43\
\x5d\x29\x00\x46\x4b\x07\x90\x24\xf5\x46\x27\xfa\x9c\xae\x14\x00\
\x0f\x97\x0e\x20\x49\xea\x8d\x87\x4a\x07\xa8\x42\x57\x0a\x80\x4b\
\x4b\x07\x90\x24\xf5\xc2\x28\xf0\xa3\xd2\x21\xaa\xd0\x95\x02\xe0\
\x06\xe0\xeb\xa5\x43\x48\x92\x3a\xef\x1c\xe0\xc6\xd2\x21\xaa\x30\
\x52\x3a\x40\x85\x66\x03\xdf\x05\x5e\x52\x3a\x88\x24\xa9\x93\x7e\
\x09\x1c\x00\x3c\x56\x3a\x48\x15\x26\x97\x0e\x50\xa1\x25\xc0\x97\
\x81\x47\x81\x2d\x08\x05\x41\x1f\x37\x3a\x92\x24\x55\x67\x09\x70\
\x1d\xf0\x19\xe0\x4f\x80\x27\xca\xc6\xa9\xce\xff\x07\x16\x00\x1b\
\x50\x6a\x4a\x17\xec\x00\x00\x00\x00\x49\x45\x4e\x44\xae\x42\x60\
\x82\
\x00\x00\x01\x85\
\x3c\
\x73\x76\x67\x20\x78\x6d\x6c\x6e\x73\x3d\x22\x68\x74\x74\x70\x3a\
\x2f\x2f\x77\x77\x77\x2e\x77\x33\x2e\x6f\x72\x67\x2f\x32\x30\x30\
\x30\x2f\x73\x76\x67\x22\x20\x77\x69\x64\x74\x68\x3d\x22\x38\x30\
\x22\x20\x68\x65\x69\x67\x68\x74\x3d\x22\x38\x30\x22\x20\x76\x69\
\x65\x77\x42\x6f\x78\x3d\x22\x30\x20\x30\x20\x32\x34\x20\x32\x34\
\x22\x20\x66\x69\x6c\x6c\x3d\x22\x6e\x6f\x6e\x65\x22\x20\x73\x74\
\x72\x6f\x6b\x65\x3d\x22\x63\x75\x72\x72\x65\x6e\x74\x43\x6f\x6c\
\x6f\x72\x22\x20\x73\x74\x72\x6f\x6b\x65\x2d\x77\x69\x64\x74\x68\
\x3d\x22\x31\x2e\x35\x22\x20\x73\x74\x72\x6f\x6b\x65\x2d\x6c\x69\
\x6e\x65\x63\x61\x70\x3d\x22\x72\x6f\x75\x6e\x64\x22\x20\x73\x74\
\x72\x6f\x6b\x65\x2d\x6c\x69\x6e\x65\x6a\x6f\x69\x6e\x3d\x22\x72\
\x6f\x75\x6e\x64\x22\x20\x63\x6c\x61\x73\x73\x3d\x22\x66\x65\x61\
\x74\x68\x65\x72\x20\x66\x65\x61\x74\x68\x65\x72\x2d\x64\x6f\x77\
\x6e\x6c\x6f\x61\x64\x2d\x63\x6c\x6f\x75\x64\x22\x3e\x3c\x70\x6f\
\x6c\x79\x6c\x69\x6e\x65\x20\x70\x6f\x69\x6e\x74\x73\x3d\x22\x38\
\x20\x31\x37\x20\x31\x32\x20\x32\x31\x20\x31\x36\x20\x31\x37\x22\
\x3e\x3c\x2f\x70\x6f\x6c\x79\x6c\x69\x6e\x65\x3e\x3c\x6c\x69\x6e\
\x65\x20\x78\x31\x3d\x22\x31\x32\x22\x20\x79\x31\x3d\x22\x31\x32\
\x22\x20\x78\x32\x3d\x22\x31\x32\x22\x20\x79\x32\x3d\x22\x32\x31\
\x22\x3e\x3c\x2f\x6c\x69\x6e\x65\x3e\x3c\x70\x61\x74\x68\x20\x64\
\x3d\x22\x4d\x32\x30\x2e\x38\x38\x20\x31\x38\x2e\x30\x39\x41\x35\
\x20\x35\x20\x30\x20\x30\x20\x30\x20\x31\x38\x20\x39\x68\x2d\x31\
\x2e\x32\x36\x41\x38\x20\x38\x20\x30\x20\x31\x20\x30\x20\x33\x20\
\x31\x36\x2e\x32\x39\x22\x3e\x3c\x2f\x70\x61\x74\x68\x3e\x3c\x2f\
\x73\x76\x67\x3e\
\x00\x00\x01\x0f\
\x3c\
\x73\x76\x67\x20\x78\x6d\x6c\x6e\x73\x3d\x22\x68\x74\x74\x70\x3a\
\x2f\x2f\x77\x77\x77\x2e\x77\x33\x2e\x6f\x72\x67\x2f\x32\x30\x30\
\x30\x2f\x73\x76\x67\x22\x20\x77\x69\x64\x74\x68\x3d\x22\x38\x30\
\x22\x20\x68\x65\x69\x67\x68\x74\x3d\x22\x38\x30\x22\x20\x76\x69\
\x65\x77\x42\x6f\x78\x3d\x22\x30\x20\x30\x20\x32\x34\x20\x32\x34\
\x22\x20\x66\x69\x6c\x6c\x3d\x22\x6e\x6f\x6e\x65\x22\x20\x73\x74\
\x72\x6f\x6b\x65\x3d\x22\x63\x75\x72\x72\x65\x6e\x74\x43\x6f\x6c\
\x6f\x72\x22\x20\x73\x74\x72\x6f\x6b\x65\x2d\x77\x69\x64\x74\x68\
\x3d\x22\x31\x2e\x35\x22\x20\x73\x74\x72\x6f\x6b\x65\x2d\x6c\x69\
\x6e\x65\x63\x61\x70\x3d\x22\x72\x6f\x75\x6e\x64\x22\x20\x73\x74\
\x72\x6f\x6b\x65\x2d\x6c\x69\x6e\x65\x6a\x6f\x69\x6e\x3d\x22\x72\
\x6f\x75\x6e\x64\x22\x20\x63\x6c\x61\x73\x73\x3d\x22\x66\x65\x61\
\x74\x68\x65\x72\x20\x66\x65\x61\x74\x68\x65\x72\x2d\x63\x68\x65\
\x76\x72\x6f\x6e\x2d\x64\x6f\x77\x6e\x22\x3e\x3c\x70\x6f\x6c\x79\
\x6c\x69\x6e\x65\x20\x70\x6f\x69\x6e\x74\x73\x3d\x22\x36\x20\x39\
\x20\x31\x32\x20\x31\x35\x20\x31\x38\x20\x39\x22\x3e\x3c\x2f\x70\
\x6f\x6c\x79\x6c\x69\x6e\x65\x3e\x3c\x2f\x73\x76\x67\x3e\
\x00\x00\x01\x73\
\x3c\
\x73\x76\x67\x20\x78\x6d\x6c\x6e\x73\x3d\x22\x68\x74\x74\x70\x3a\
\x2f\x2f\x77\x77\x77\x2e\x77\x33\x2e\x6f\x72\x67\x2f\x32\x30\x30\
\x30\x2f\x73\x76\x67\x22\x20\x77\x69\x64\x74\x68\x3d\x22\x38\x30\
\x22\x20\x68\x65\x69\x67\x68\x74\x3d\x22\x38\x30\x22\x20\x76\x69\
\x65\x77\x42\x6f\x78\x3d\x22\x30\x20\x30\x20\x32\x34\x20\x32\x34\
\x22\x20\x66\x69\x6c\x6c\x3d\x22\x6e\x6f\x6e\x65\x22\x20\x73\x74\
\x72\x6f\x6b\x65\x3d\x22\x63\x75\x72\x72\x65\x6e\x74\x43\x6f\x6c\
\x6f\x72\x22\x20\x73\x74\x72\x6f\x6b\x65\x2d\x77\x69\x64\x74\x68\
\x3d\x22\x31\x2e\x35\x22\x20\x73\x74\x72\x6f\x6b\x65\x2d\x6c\x69\
\x6e\x65\x63\x61\x70\x3d\x22\x72\x6f\x75\x6e\x64\x22\x20\x73\x74\
\x72\x6f\x6b\x65\x2d\x6c\x69\x6e\x65\x6a\x6f\x69\x6e\x3d\x22\x72\
\x6f\x75\x6e\x64\x22\x20\x63\x6c\x61\x73\x73\x3d\x22\x66\x65\x61\
\x74\x68\x65\x72\x20\x66\x65\x61\x74\x68\x65\x72\x2d\x69\x6d\x61\
\x67\x65\x22\x3e\x3c\x72\x65\x63\x74\x20\x78\x3d\x22\x33\x22\x20\
\x79\x3d\x22\x33\x22\x20\x77\x69\x64\x74\x68\x3d\x22\x31\x38\x22\
\x20\x68\x65\x69\x67\x68\x74\x3d\x22\x31\x38\x22\x20\x72\x78\x3d\
\x22\x32\x22\x20\x72\x79\x3d\x22\x32\x22\x3e\x3c\x2f\x72\x65\x63\
\x74\x3e\x3c\x63\x69\x72\x63\x6c\x65\x20\x63\x78\x3d\x22\x38\x2e\
\x35\x22\x20\x63\x79\x3d\x22\x38\x2e\x35\x22\x20\x72\x3d\x22\x31\
\x2e\x35\x22\x3e\x3c\x2f\x63\x69\x72\x63\x6c\x65\x3e\x3c\x70\x6f\
\x6c\x79\x6c\x69\x6e\x65\x20\x70\x6f\x69\x6e\x74\x73\x3d\x22\x32\
\x31\x20\x31\x35\x20\x31\x36\x20\x31\x30\x20\x35\x20\x32\x31\x22\
\x3e\x3c\x2f\x70\x6f\x6c\x79\x6c\x69\x6e\x65\x3e\x3c\x2f\x73\x76\
\x67\x3e\
\x00\x00\x01\x66\
\x3c\
\x73\x76\x67\x20\x78\x6d\x6c\x6e\x73\x3d\x22\x68\x74\x74\x70\x3a\
\x2f\x2f\x77\x77\x77\x2e\x77\x33\x2e\x6f\x72\x67\x2f\x32\x30\x30\
\x30\x2f\x73\x76\x67\x22\x20\x77\x69\x64\x74\x68\x3d\x22\x38\x30\
\x22\x20\x68\x65\x69\x67\x68\x74\x3d\x22\x38\x30\x22\x20\x76\x69\
\x65\x77\x42\x6f\x78\x3d\x22\x30\x20\x30\x20\x32\x34\x20\x32\x34\
\x22\x20\x66\x69\x6c\x6c\x3d\x22\x6e\x6f\x6e\x65\x22\x20\x73\x74\
\x72\x6f\x6b\x65\x3d\x22\x63\x75\x72\x72\x65\x6e\x74\x43\x6f\x6c\
\x6f\x72\x22\x20\x73\x74\x72\x6f\x6b\x65\x2d\x77\x69\x64\x74\x68\
\x3d\x22\x31\x2e\x35\x22\x20\x73\x74\x72\x6f\x6b\x65\x2d\x6c\x69\
\x6e\x65\x63\x61\x70\x3d\x22\x72\x6f\x75\x6e\x64\x22\x20\x73\x74\
\x72\x6f\x6b\x65\x2d\x6c\x69\x6e\x65\x6a\x6f\x69\x6e\x3d\x22\x72\
\x6f\x75\x6e\x64\x22\x20\x63\x6c\x61\x73\x73\x3d\x22\x66\x65\x61\
\x74\x68\x65\x72\x20\x66\x65\x61\x74\x68\x65\x72\x2d\x74\x72\x61\
\x73\x68\x22\x3e\x3c\x70\x6f\x6c\x79\x6c\x69\x6e\x65\x20\x70\x6f\
\x69\x6e\x74\x73\x3d\x22\x33\x20\x36\x20\x35\x20\x36\x20\x32\x31\
\x20\x36\x22\x3e\x3c\x2f\x70\x6f\x6c\x79\x6c\x69\x6e\x65\x3e\x3c\
\x70\x61\x74\x68\x20\x64\x3d\x22\x4d\x31\x39\x20\x36\x76\x31\x34\
\x61\x32\x20\x32\x20\x30\x20\x30\x20\x31\x2d\x32\x20\x32\x48\x37\
\x61\x32\x20\x32\x20\x30\x20\x30\x20\x31\x2d\x32\x2d\x32\x56\x36\
\x6d\x33\x20\x30\x56\x34\x61\x32\x20\x32\x20\x30\x20\x30\x20\x31\
\x20\x32\x2d\x32\x68\x34\x61\x32\x20\x32\x20\x30\x20\x30\x20\x31\
\x20\x32\x20\x32\x76\x32\x22\x3e\x3c\x2f\x70\x61\x74\x68\x3e\x3c\
\x2f\x73\x76\x67\x3e\
\x00\x00\x01\xb3\
\x3c\
\x73\x76\x67\x20\x78\x6d\x6c\x6e\x73\x3d\x22\x68\x74\x74\x70\x3a\
\x2f\x2f\x77\x77\x77\x2e\x77\x33\x2e\x6f\x72\x67\x2f\x32\x30\x30\
\x30\x2f\x73\x76\x67\x22\x20\x77\x69\x64\x74\x68\x3d\x22\x38\x30\
\x22\x20\x68\x65\x69\x67\x68\x74\x3d\x22\x38\x30\x22\x20\x76\x69\
\x65\x77\x42\x6f\x78\x3d\x22\x30\x20\x30\x20\x32\x34\x20\x32\x34\
\x22\x20\x66\x69\x6c\x6c\x3d\x22\x6e\x6f\x6e\x65\x22\x20\x73\x74\
\x72\x6f\x6b\x65\x3d\x22\x63\x75\x72\x72\x65\x6e\x74\x43\x6f\x6c\
\x6f\x72\x22\x20\x73\x74\x72\x6f\x6b\x65\x2d\x77\x69\x64\x74\x68\
\x3d\x22\x31\x2e\x35\x22\x20\x73\x74\x72\x6f\x6b\x65\x2d\x6c\x69\
\x6e\x65\x63\x61\x70\x3d\x22\x72\x6f\x75\x6e\x64\x22\x20\x73\x74\
\x72\x6f\x6b\x65\x2d\x6c\x69\x6e\x65\x6a\x6f\x69\x6e\x3d\x22\x72\
\x6f\x75\x6e\x64\x22\x20\x63\x6c\x61\x73\x73\x3d\x22\x66\x65\x61\
\x74\x68\x65\x72\x20\x66\x65\x61\x74\x68\x65\x72\x2d\x7a\x61\x70\
\x2d\x6f\x66\x66\x22\x3e\x3c\x70\x6f\x6c\x79\x6c\x69\x6e\x65\x20\
\x70\x6f\x69\x6e\x74\x73\x3d\x22\x31\x32\x2e\x34\x31\x20\x36\x2e\
\x37\x35\x20\x31\x33\x20\x32\x20\x31\x30\x2e\x35\x37\x20\x34\x2e\
\x39\x32\x22\x3e\x3c\x2f\x70\x6f\x6c\x79\x6c\x69\x6e\x65\x3e\x3c\
\x70\x6f\x6c\x79\x6c\x69\x6e\x65\x20\x70\x6f\x69\x6e\x74\x73\x3d\
\x22\x31\x38\x2e\x35\x37\x20\x31\x32\x2e\x39\x31\x20\x32\x31\x20\
\x31\x30\x20\x31\x35\x2e\x36\x36\x20\x31\x30\x22\x3e\x3c\x2f\x70\
\x6f\x6c\x79\x6c\x69\x6e\x65\x3e\x3c\x70\x6f\x6c\x79\x6c\x69\x6e\
\x65\x20\x70\x6f\x69\x6e\x74\x73\x3d\x22\x38\x20\x38\x20\x33\x20\
\x31\x34\x20\x31\x32\x20\x31\x34\x20\x31\x31\x20\x32\x32\x20\x31\
\x36\x20\x31\x36\x22\x3e\x3c\x2f\x70\x6f\x6c\x79\x6c\x69\x6e\x65\
\x3e\x3c\x6c\x69\x6e\x65\x20\x78\x31\x3d\x22\x31\x22\x20\x79\x31\
\x3d\x22\x31\x22\x20\x78\x32\x3d\x22\x32\x33\x22\x20\x79\x32\x3d\
\x22\x32\x33\x22\x3e\x3c\x2f\x6c\x69\x6e\x65\x3e\x3c\x2f\x73\x76\
\x67\x3e\
\x00\x00\x01\x40\
\x3c\
\x73\x76\x67\x20\x78\x6d\x6c\x6e\x73\x3d\x22\x68\x74\x74\x70\x3a\
\x2f\x2f\x77\x77\x77\x2e\x77\x33\x2e\x6f\x72\x67\x2f\x32\x30\x30\
\x30\x2f\x73\x76\x67\x22\x20\x77\x69\x64\x74\x68\x3d\x22\x38\x30\
\x22\x20\x68\x65\x69\x67\x68\x74\x3d\x22\x38\x30\x22\x20\x76\x69\
\x65\x77\x42\x6f\x78\x3d\x22\x30\x20\x30\x20\x32\x34\x20\x32\x34\
\x22\x20\x66\x69\x6c\x6c\x3d\x22\x6e\x6f\x6e\x65\x22\x20\x73\x74\
\x72\x6f\x6b\x65\x3d\x22\x63\x75\x72\x72\x65\x6e\x74\x43\x6f\x6c\
\x6f\x72\x22\x20\x73\x74\x72\x6f\x6b\x65\x2d\x77\x69\x64\x74\x68\
\x3d\x22\x31\x2e\x35\x22\x20\x73\x74\x72\x6f\x6b\x65\x2d\x6c\x69\
\x6e\x65\x63\x61\x70\x3d\x22\x72\x6f\x75\x6e\x64\x22\x20\x73\x74\
\x72\x6f\x6b\x65\x2d\x6c\x69\x6e\x65\x6a\x6f\x69\x6e\x3d\x22\x72\
\x6f\x75\x6e\x64\x22\x20\x63\x6c\x61\x73\x73\x3d\x22\x66\x65\x61\
\x74\x68\x65\x72\x20\x66\x65\x61\x74\x68\x65\x72\x2d\x63\x6f\x72\
\x6e\x65\x72\x2d\x64\x6f\x77\x6e\x2d\x72\x69\x67\x68\x74\x22\x3e\
\x3c\x70\x6f\x6c\x79\x6c\x69\x6e\x65\x20\x70\x6f\x69\x6e\x74\x73\
\x3d\x22\x31\x35\x20\x31\x30\x20\x32\x30\x20\x31\x35\x20\x31\x35\
\x20\x32\x30\x22\x3e\x3c\x2f\x70\x6f\x6c\x79\x6c\x69\x6e\x65\x3e\
\x3c\x70\x61\x74\x68\x20\x64\x3d\x22\x4d\x34\x20\x34\x76\x37\x61\
\x34\x20\x34\x20\x30\x20\x30\x20\x30\x20\x34\x20\x34\x68\x31\x32\
\x22\x3e\x3c\x2f\x70\x61\x74\x68\x3e\x3c\x2f\x73\x76\x67\x3e\
\x00\x00\x02\x4f\
\x3c\
\x73\x76\x67\x20\x78\x6d\x6c\x6e\x73\x3d\x22\x68\x74\x74\x70\x3a\
\x2f\x2f\x77\x77\x77\x2e\x77\x33\x2e\x6f\x72\x67\x2f\x32\x30\x30\
\x30\x2f\x73\x76\x67\x22\x20\x77\x69\x64\x74\x68\x3d\x22\x38\x30\
\x22\x20\x68\x65\x69\x67\x68\x74\x3d\x22\x38\x30\x22\x20\x76\x69\
\x65\x77\x42\x6f\x78\x3d\x22\x30\x20\x30\x20\x32\x34\x20\x32\x34\
\x22\x20\x66\x69\x6c\x6c\x3d\x22\x6e\x6f\x6e\x65\x22\x20\x73\x74\
\x72\x6f\x6b\x65\x3d\x22\x63\x75\x72\x72\x65\x6e\x74\x43\x6f\x6c\
\x6f\x72\x22\x20\x73\x74\x72\x6f\x6b\x65\x2d\x77\x69\x64\x74\x68\
\x3d\x22\x31\x2e\x35\x22\x20\x73\x74\x72\x6f\x6b\x65\x2d\x6c\x69\
\x6e\x65\x63\x61\x70\x3d\x22\x72\x6f\x75\x6e\x64\x22\x20\x73\x74\
\x72\x6f\x6b\x65\x2d\x6c\x69\x6e\x65\x6a\x6f\x69\x6e\x3d\x22\x72\
\x6f\x75\x6e\x64\x22\x20\x63\x6c\x61\x73\x73\x3d\x22\x66\x65\x61\
\x74\x68\x65\x72\x20\x66\x65\x61\x74\x68\x65\x72\x2d\x73\x75\x6e\
\x72\x69\x73\x65\x22\x3e\x3c\x70\x61\x74\x68\x20\x64\x3d\x22\x4d\
\x31\x37\x20\x31\x38\x61\x35\x20\x35\x20\x30\x20\x30\x20\x30\x2d\
\x31\x30\x20\x30\x22\x3e\x3c\x2f\x70\x61\x74\x68\x3e\x3c\x6c\x69\
\x6e\x65\x20\x78\x31\x3d\x22\x31\x32\x22\x20\x79\x31\x3d\x22\x32\
\x22\x20\x78\x32\x3d\x22\x31\x32\x22\x20\x79\x32\x3d\x22\x39\x22\
\x3e\x3c\x2f\x6c\x69\x6e\x65\x3e\x3c\x6c\x69\x6e\x65\x20\x78\x31\
\x3d\x22\x34\x2e\x32\x32\x22\x20\x79\x31\x3d\x22\x31\x30\x2e\x32\
\x32\x22\x20\x78\x32\x3d\x22\x35\x2e\x36\x34\x22\x20\x79\x32\x3d\
\x22\x31\x31\x2e\x36\x34\x22\x3e\x3c\x2f\x6c\x69\x6e\x65\x3e\x3c\
\x6c\x69\x6e\x65\x20\x78\x31\x3d\x22\x31\x22\x20\x79\x31\x3d\x22\
\x31\x38\x22\x20\x78\x32\x3d\x22\x33\x22\x20\x79\x32\x3d\x22\x31\
\x38\x22\x3e\x3c\x2f\x6c\x69\x6e\x65\x3e\x3c\x6c\x69\x6e\x65\x20\
\x78\x31\x3d\x22\x32\x31\x22\x20\x79\x31\x3d\x22\x31\x38\x22\x20\
\x78\x32\x3d\x22\x32\x33\x22\x20\x79\x32\x3d\x22\x31\x38\x22\x3e\
\x3c\x2f\x6c\x69\x6e\x65\x3e\x3c\x6c\x69\x6e\x65\x20\x78\x31\x3d\
\x22\x31\x38\x2e\x33\x36\x22\x20\x79\x31\x3d\x22\x31\x31\x2e\x36\
\x34\x22\x20\x78\x32\x3d\x22\x31\x39\x2e\x37\x38\x22\x20\x79\x32\
\x3d\x22\x31\x30\x2e\x32\x32\x22\x3e\x3c\x2f\x6c\x69\x6e\x65\x3e\
\x3c\x6c\x69\x6e\x65\x20\x78\x31\x3d\x22\x32\x33\x22\x20\x79\x31\
\x3d\x22\x32\x32\x22\x20\x78\x32\x3d\x22\x31\x22\x20\x79\x32\x3d\
\x22\x32\x32\x22\x3e\x3c\x2f\x6c\x69\x6e\x65\x3e\x3c\x70\x6f\x6c\
\x79\x6c\x69\x6e\x65\x20\x70\x6f\x69\x6e\x74\x73\x3d\x22\x38\x20\
\x36\x20\x31\x32\x20\x32\x20\x31\x36\x20\x36\x22\x3e\x3c\x2f\x70\
\x6f\x6c\x79\x6c\x69\x6e\x65\x3e\x3c\x2f\x73\x76\x67\x3e\
\x00\x00\x01\x4c\
\x3c\
\x73\x76\x67\x20\x78\x6d\x6c\x6e\x73\x3d\x22\x68\x74\x74\x70\x3a\
\x2f\x2f\x77\x77\x77\x2e\x77\x33\x2e\x6f\x72\x67\x2f\x32\x30\x30\
\x30\x2f\x73\x76\x67\x22\x20\x77\x69\x64\x74\x68\x3d\x22\x38\x30\
\x22\x20\x68\x65\x69\x67\x68\x74\x3d\x22\x38\x30\x22\x20\x76\x69\
\x65\x77\x42\x6f\x78\x3d\x22\x30\x20\x30\x20\x32\x34\x20\x32\x34\
\x22\x20\x66\x69\x6c\x6c\x3d\x22\x6e\x6f\x6e\x65\x22\x20\x73\x74\
\x72\x6f\x6b\x65\x3d\x22\x63\x75\x72\x72\x65\x6e\x74\x43\x6f\x6c\
\x6f\x72\x22\x20\x73\x74\x72\x6f\x6b\x65\x2d\x77\x69\x64\x74\x68\
\x3d\x22\x31\x2e\x35\x22\x20\x73\x74\x72\x6f\x6b\x65\x2d\x6c\x69\
\x6e\x65\x63\x61\x70\x3d\x22\x72\x6f\x75\x6e\x64\x22\x20\x73\x74\
\x72\x6f\x6b\x65\x2d\x6c\x69\x6e\x65\x6a\x6f\x69\x6e\x3d\x22\x72\
\x6f\x75\x6e\x64\x22\x20\x63\x6c\x61\x73\x73\x3d\x22\x66\x65\x61\
\x74\x68\x65\x72\x20\x66\x65\x61\x74\x68\x65\x72\x2d\x6d\x69\x6e\
\x75\x73\x2d\x73\x71\x75\x61\x72\x65\x22\x3e\x3c\x72\x65\x63\x74\
\x20\x78\x3d\x22\x33\x22\x20\x79\x3d\x22\x33\x22\x20\x77\x69\x64\
\x74\x68\x3d\x22\x31\x38\x22\x20\x68\x65\x69\x67\x68\x74\x3d\x22\
\x31\x38\x22\x20\x72\x78\x3d\x22\x32\x22\x20\x72\x79\x3d\x22\x32\
\x22\x3e\x3c\x2f\x72\x65\x63\x74\x3e\x3c\x6c\x69\x6e\x65\x20\x78\
\x31\x3d\x22\x38\x22\x20\x79\x31\x3d\x22\x31\x32\x22\x20\x78\x32\
\x3d\x22\x31\x36\x22\x20\x79\x32\x3d\x22\x31\x32\x22\x3e\x3c\x2f\
\x6c\x69\x6e\x65\x3e\x3c\x2f\x73\x76\x67\x3e\
\x00\x00\x01\x5b\
\x3c\
\x73\x76\x67\x20\x78\x6d\x6c\x6e\x73\x3d\x22\x68\x74\x74\x70\x3a\
\x2f\x2f\x77\x77\x77\x2e\x77\x33\x2e\x6f\x72\x67\x2f\x32\x30\x30\
\x30\x2f\x73\x76\x67\x22\x20\x77\x69\x64\x74\x68\x3d\x22\x38\x30\
\x22\x20\x68\x65\x69\x67\x68\x74\x3d\x22\x38\x30\x22\x20\x76\x69\
\x65\x77\x42\x6f\x78\x3d\x22\x30\x20\x30\x20\x32\x34\x20\x32\x34\
\x22\x20\x66\x69\x6c\x6c\x3d\x22\x6e\x6f\x6e\x65\x22\x20\x73\x74\
\x72\x6f\x6b\x65\x3d\x22\x63\x75\x72\x72\x65\x6e\x74\x43\x6f\x6c\
\x6f\x72\x22\x20\x73\x74\x72\x6f\x6b\x65\x2d\x77\x69\x64\x74\x68\
\x3d\x22\x31\x2e\x35\x22\x20\x73\x74\x72\x6f\x6b\x65\x2d\x6c\x69\
\x6e\x65\x63\x61\x70\x3d\x22\x72\x6f\x75\x6e\x64\x22\x20\x73\x74\
\x72\x6f\x6b\x65\x2d\x6c\x69\x6e\x65\x6a\x6f\x69\x6e\x3d\x22\x72\
\x6f\x75\x6e\x64\x22\x20\x63\x6c\x61\x73\x73\x3d\x22\x66\x65\x61\
\x74\x68\x65\x72\x20\x66\x65\x61\x74\x68\x65\x72\x2d\x62\x6f\x6f\
\x6b\x22\x3e\x3c\x70\x61\x74\x68\x20\x64\x3d\x22\x4d\x34\x20\x31\
\x39\x2e\x35\x41\x32\x2e\x35\x20\x32\x2e\x35\x20\x30\x20\x30\x20\
\x31\x20\x36\x2e\x35\x20\x31\x37\x48\x32\x30\x22\x3e\x3c\x2f\x70\
\x61\x74\x68\x3e\x3c\x70\x61\x74\x68\x20\x64\x3d\x22\x4d\x36\x2e\
\x35\x20\x32\x48\x32\x30\x76\x32\x30\x48\x36\x2e\x35\x41\x32\x2e\
\x35\x20\x32\x2e\x35\x20\x30\x20\x30\x20\x31\x20\x34\x20\x31\x39\
\x2e\x35\x76\x2d\x31\x35\x41\x32\x2e\x35\x20\x32\x2e\x35\x20\x30\
\x20\x30\x20\x31\x20\x36\x2e\x35\x20\x32\x7a\x22\x3e\x3c\x2f\x70\
\x61\x74\x68\x3e\x3c\x2f\x73\x76\x67\x3e\
\x00\x00\x01\xa7\
\x3c\
\x73\x76\x67\x20\x78\x6d\x6c\x6e\x73\x3d\x22\x68\x74\x74\x70\x3a\
\x2f\x2f\x77\x77\x77\x2e\x77\x33\x2e\x6f\x72\x67\x2f\x32\x30\x30\
\x30\x2f\x73\x76\x67\x22\x20\x77\x69\x64\x74\x68\x3d\x22\x38\x30\
\x22\x20\x68\x65\x69\x67\x68\x74\x3d\x22\x38\x30\x22\x20\x76\x69\
\x65\x77\x42\x6f\x78\x3d\x22\x30\x20\x30\x20\x32\x34\x20\x32\x34\
\x22\x20\x66\x69\x6c\x6c\x3d\x22\x6e\x6f\x6e\x65\x22\x20\x73\x74\
\x72\x6f\x6b\x65\x3d\x22\x63\x75\x72\x72\x65\x6e\x74\x43\x6f\x6c\
\x6f\x72\x22\x20\x73\x74\x72\x6f\x6b\x65\x2d\x77\x69\x64\x74\x68\
\x3d\x22\x31\x2e\x35\x22\x20\x73\x74\x72\x6f\x6b\x65\x2d\x6c\x69\
\x6e\x65\x63\x61\x70\x3d\x22\x72\x6f\x75\x6e\x64\x22\x20\x73\x74\
\x72\x6f\x6b\x65\x2d\x6c\x69\x6e\x65\x6a\x6f\x69\x6e\x3d\x22\x72\
\x6f\x75\x6e\x64\x22\x20\x63\x6c\x61\x73\x73\x3d\x22\x66\x65\x61\
\x74\x68\x65\x72\x20\x66\x65\x61\x74\x68\x65\x72\x2d\x63\x6f\x6d\
\x6d\x61\x6e\x64\x22\x3e\x3c\x70\x61\x74\x68\x20\x64\x3d\x22\x4d\
\x31\x38\x20\x33\x61\x33\x20\x33\x20\x30\x20\x30\x20\x30\x2d\x33\
\x20\x33\x76\x31\x32\x61\x33\x20\x33\x20\x30\x20\x30\x20\x30\x20\
\x33\x20\x33\x20\x33\x20\x33\x20\x30\x20\x30\x20\x30\x20\x33\x2d\
\x33\x20\x33\x20\x33\x20\x30\x20\x30\x20\x30\x2d\x33\x2d\x33\x48\
\x36\x61\x33\x20\x33\x20\x30\x20\x30\x20\x30\x2d\x33\x20\x33\x20\
\x33\x20\x33\x20\x30\x20\x30\x20\x30\x20\x33\x20\x33\x20\x33\x20\
\x33\x20\x30\x20\x30\x20\x30\x20\x33\x2d\x33\x56\x36\x61\x33\x20\
\x33\x20\x30\x20\x30\x20\x30\x2d\x33\x2d\x33\x20\x33\x20\x33\x20\
\x30\x20\x30\x20\x30\x2d\x33\x20\x33\x20\x33\x20\x33\x20\x30\x20\
\x30\x20\x30\x20\x33\x20\x33\x68\x31\x32\x61\x33\x20\x33\x20\x30\
\x20\x30\x20\x30\x20\x33\x2d\x33\x20\x33\x20\x33\x20\x30\x20\x30\
\x20\x30\x2d\x33\x2d\x33\x7a\x22\x3e\x3c\x2f\x70\x61\x74\x68\x3e\
\x3c\x2f\x73\x76\x67\x3e\
\x00\x00\x01\x77\
\x3c\
\x73\x76\x67\x20\x78\x6d\x6c\x6e\x73\x3d\x22\x68\x74\x74\x70\x3a\
\x2f\x2f\x77\x77\x77\x2e\x77\x33\x2e\x6f\x72\x67\x2f\x32\x30\x30\
\x30\x2f\x73\x76\x67\x22\x20\x77\x69\x64\x74\x68\x3d\x22\x38\x30\
\x22\x20\x68\x65\x69\x67\x68\x74\x3d\x22\x38\x30\x22\x20\x76\x69\
\x65\x77\x42\x6f\x78\x3d\x22\x30\x20\x30\x20\x32\x34\x20\x32\x34\
\x22\x20\x66\x69\x6c\x6c\x3d\x22\x6e\x6f\x6e\x65\x22\x20\x73\x74\
\x72\x6f\x6b\x65\x3d\x22\x63\x75\x72\x72\x65\x6e\x74\x43\x6f\x6c\
\x6f\x72\x22\x20\x73\x74\x72\x6f\x6b\x65\x2d\x77\x69\x64\x74\x68\
\x3d\x22\x31\x2e\x35\x22\x20\x73\x74\x72\x6f\x6b\x65\x2d\x6c\x69\
\x6e\x65\x63\x61\x70\x3d\x22\x72\x6f\x75\x6e\x64\x22\x20\x73\x74\
\x72\x6f\x6b\x65\x2d\x6c\x69\x6e\x65\x6a\x6f\x69\x6e\x3d\x22\x72\
\x6f\x75\x6e\x64\x22\x20\x63\x6c\x61\x73\x73\x3d\x22\x66\x65\x61\
\x74\x68\x65\x72\x20\x66\x65\x61\x74\x68\x65\x72\x2d\x66\x65\x61\
\x74\x68\x65\x72\x22\x3e\x3c\x70\x61\x74\x68\x20\x64\x3d\x22\x4d\
\x32\x30\x2e\x32\x34\x20\x31\x32\x2e\x32\x34\x61\x36\x20\x36\x20\
\x30\x20\x30\x20\x30\x2d\x38\x2e\x34\x39\x2d\x38\x2e\x34\x39\x4c\
\x35\x20\x31\x30\x2e\x35\x56\x31\x39\x68\x38\x2e\x35\x7a\x22\x3e\
\x3c\x2f\x70\x61\x74\x68\x3e\x3c\x6c\x69\x6e\x65\x20\x78\x31\x3d\
\x22\x31\x36\x22\x20\x79\x31\x3d\x22\x38\x22\x20\x78\x32\x3d\x22\
\x32\x22\x20\x79\x32\x3d\x22\x32\x32\x22\x3e\x3c\x2f\x6c\x69\x6e\
\x65\x3e\x3c\x6c\x69\x6e\x65\x20\x78\x31\x3d\x22\x31\x37\x2e\x35\
\x22\x20\x79\x31\x3d\x22\x31\x35\x22\x20\x78\x32\x3d\x22\x39\x22\
\x20\x79\x32\x3d\x22\x31\x35\x22\x3e\x3c\x2f\x6c\x69\x6e\x65\x3e\
\x3c\x2f\x73\x76\x67\x3e\
\x00\x00\x01\xaa\
\x3c\
\x73\x76\x67\x20\x78\x6d\x6c\x6e\x73\x3d\x22\x68\x74\x74\x70\x3a\
\x2f\x2f\x77\x77\x77\x2e\x77\x33\x2e\x6f\x72\x67\x2f\x32\x30\x30\
\x30\x2f\x73\x76\x67\x22\x20\x77\x69\x64\x74\x68\x3d\x22\x38\x30\
\x22\x20\x68\x65\x69\x67\x68\x74\x3d\x22\x38\x30\x22\x20\x76\x69\
\x65\x77\x42\x6f\x78\x3d\x22\x30\x20\x30\x20\x32\x34\x20\x32\x34\
\x22\x20\x66\x69\x6c\x6c\x3d\x22\x6e\x6f\x6e\x65\x22\x20\x73\x74\
\x72\x6f\x6b\x65\x3d\x22\x63\x75\x72\x72\x65\x6e\x74\x43\x6f\x6c\
\x6f\x72\x22\x20\x73\x74\x72\x6f\x6b\x65\x2d\x77\x69\x64\x74\x68\
\x3d\x22\x31\x2e\x35\x22\x20\x73\x74\x72\x6f\x6b\x65\x2d\x6c\x69\
\x6e\x65\x63\x61\x70\x3d\x22\x72\x6f\x75\x6e\x64\x22\x20\x73\x74\
\x72\x6f\x6b\x65\x2d\x6c\x69\x6e\x65\x6a\x6f\x69\x6e\x3d\x22\x72\
\x6f\x75\x6e\x64\x22\x20\x63\x6c\x61\x73\x73\x3d\x22\x66\x65\x61\
\x74\x68\x65\x72\x20\x66\x65\x61\x74\x68\x65\x72\x2d\x61\x6c\x65\
\x72\x74\x2d\x74\x72\x69\x61\x6e\x67\x6c\x65\x22\x3e\x3c\x70\x61\
\x74\x68\x20\x64\x3d\x22\x4d\x31\x30\x2e\x32\x39\x20\x33\x2e\x38\
\x36\x4c\x31\x2e\x38\x32\x20\x31\x38\x61\x32\x20\x32\x20\x30\x20\
\x30\x20\x30\x20\x31\x2e\x37\x31\x20\x33\x68\x31\x36\x2e\x39\x34\
\x61\x32\x20\x32\x20\x30\x20\x30\x20\x30\x20\x31\x2e\x37\x31\x2d\
\x33\x4c\x31\x33\x2e\x37\x31\x20\x33\x2e\x38\x36\x61\x32\x20\x32\
\x20\x30\x20\x30\x20\x30\x2d\x33\x2e\x34\x32\x20\x30\x7a\x22\x3e\
\x3c\x2f\x70\x61\x74\x68\x3e\x3c\x6c\x69\x6e\x65\x20\x78\x31\x3d\
\x22\x31\x32\x22\x20\x79\x31\x3d\x22\x39\x22\x20\x78\x32\x3d\x22\
\x31\x32\x22\x20\x79\x32\x3d\x22\x31\x33\x22\x3e\x3c\x2f\x6c\x69\
\x6e\x65\x3e\x3c\x6c\x69\x6e\x65\x20\x78\x31\x3d\x22\x31\x32\x22\
\x20\x79\x31\x3d\x22\x31\x37\x22\x20\x78\x32\x3d\x22\x31\x32\x2e\
\x30\x31\x22\x20\x79\x32\x3d\x22\x31\x37\x22\x3e\x3c\x2f\x6c\x69\
\x6e\x65\x3e\x3c\x2f\x73\x76\x67\x3e\
\x00\x00\x01\x92\
\x3c\
\x73\x76\x67\x20\x78\x6d\x6c\x6e\x73\x3d\x22\x68\x74\x74\x70\x3a\
\x2f\x2f\x77\x77\x77\x2e\x77\x33\x2e\x6f\x72\x67\x2f\x32\x30\x30\
\x30\x2f\x73\x76\x67\x22\x20\x77\x69\x64\x74\x68\x3d\x22\x38\x30\
\x22\x20\x68\x65\x69\x67\x68\x74\x3d\x22\x38\x30\x22\x20\x76\x69\
\x65\x77\x42\x6f\x78\x3d\x22\x30\x20\x30\x20\x32\x34\x20\x32\x34\
\x22\x20\x66\x69\x6c\x6c\x3d\x22\x6e\x6f\x6e\x65\x22\x20\x73\x74\
\x72\x6f\x6b\x65\x3d\x22\x63\x75\x72\x72\x65\x6e\x74\x43\x6f\x6c\
\x6f\x72\x22\x20\x73\x74\x72\x6f\x6b\x65\x2d\x77\x69\x64\x74\x68\
\x3d\x22\x31\x2e\x35\x22\x20\x73\x74\x72\x6f\x6b\x65\x2d\x6c\x69\
\x6e\x65\x63\x61\x70\x3d\x22\x72\x6f\x75\x6e\x64\x22\x20\x73\x74\
\x72\x6f\x6b\x65\x2d\x6c\x69\x6e\x65\x6a\x6f\x69\x6e\x3d\x22\x72\
\x6f\x75\x6e\x64\x22\x20\x63\x6c\x61\x73\x73\x3d\x22\x66\x65\x61\
\x74\x68\x65\x72\x20\x66\x65\x61\x74\x68\x65\x72\x2d\x69\x6e\x73\
\x74\x61\x67\x72\x61\x6d\x22\x3e\x3c\x72\x65\x63\x74\x20\x78\x3d\
\x22\x32\x22\x20\x79\x3d\x22\x32\x22\x20\x77\x69\x64\x74\x68\x3d\
\x22\x32\x30\x22\x20\x68\x65\x69\x67\x68\x74\x3d\x22\x32\x30\x22\
\x20\x72\x78\x3d\x22\x35\x22\x20\x72\x79\x3d\x22\x35\x22\x3e\x3c\
\x2f\x72\x65\x63\x74\x3e\x3c\x70\x61\x74\x68\x20\x64\x3d\x22\x4d\
\x31\x36\x20\x31\x31\x2e\x33\x37\x41\x34\x20\x34\x20\x30\x20\x31\
\x20\x31\x20\x31\x32\x2e\x36\x33\x20\x38\x20\x34\x20\x34\x20\x30\
\x20\x30\x20\x31\x20\x31\x36\x20\x31\x31\x2e\x33\x37\x7a\x22\x3e\
\x3c\x2f\x70\x61\x74\x68\x3e\x3c\x6c\x69\x6e\x65\x20\x78\x31\x3d\
\x22\x31\x37\x2e\x35\x22\x20\x79\x31\x3d\x22\x36\x2e\x35\x22\x20\
\x78\x32\x3d\x22\x31\x37\x2e\x35\x31\x22\x20\x79\x32\x3d\x22\x36\
\x2e\x35\x22\x3e\x3c\x2f\x6c\x69\x6e\x65\x3e\x3c\x2f\x73\x76\x67\
\x3e\
\x00\x00\x01\x48\
\x3c\
\x73\x76\x67\x20\x78\x6d\x6c\x6e\x73\x3d\x22\x68\x74\x74\x70\x3a\
\x2f\x2f\x77\x77\x77\x2e\x77\x33\x2e\x6f\x72\x67\x2f\x32\x30\x30\
\x30\x2f\x73\x76\x67\x22\x20\x77\x69\x64\x74\x68\x3d\x22\x38\x30\
\x22\x20\x68\x65\x69\x67\x68\x74\x3d\x22\x38\x30\x22\x20\x76\x69\
\x65\x77\x42\x6f\x78\x3d\x22\x30\x20\x30\x20\x32\x34\x20\x32\x34\
\x22\x20\x66\x69\x6c\x6c\x3d\x22\x6e\x6f\x6e\x65\x22\x20\x73\x74\
\x72\x6f\x6b\x65\x3d\x22\x63\x75\x72\x72\x65\x6e\x74\x43\x6f\x6c\
\x6f\x72\x22\x20\x73\x74\x72\x6f\x6b\x65\x2d\x77\x69\x64\x74\x68\
\x3d\x22\x31\x2e\x35\x22\x20\x73\x74\x72\x6f\x6b\x65\x2d\x6c\x69\
\x6e\x65\x63\x61\x70\x3d\x22\x72\x6f\x75\x6e\x64\x22\x20\x73\x74\
\x72\x6f\x6b\x65\x2d\x6c\x69\x6e\x65\x6a\x6f\x69\x6e\x3d\x22\x72\
\x6f\x75\x6e\x64\x22\x20\x63\x6c\x61\x73\x73\x3d\x22\x66\x65\x61\
\x74\x68\x65\x72\x20\x66\x65\x61\x74\x68\x65\x72\x2d\x77\x69\x6e\
\x64\x22\x3e\x3c\x70\x61\x74\x68\x20\x64\x3d\x22\x4d\x39\x2e\x35\
\x39\x20\x34\x2e\x35\x39\x41\x32\x20\x32\x20\x30\x20\x31\x20\x31\
\x20\x31\x31\x20\x38\x48\x32\x6d\x31\x30\x2e\x35\x39\x20\x31\x31\
\x2e\x34\x31\x41\x32\x20\x32\x20\x30\x20\x31\x20\x30\x20\x31\x34\
\x20\x31\x36\x48\x32\x6d\x31\x35\x2e\x37\x33\x2d\x38\x2e\x32\x37\
\x41\x32\x2e\x35\x20\x32\x2e\x35\x20\x30\x20\x31\x20\x31\x20\x31\
\x39\x2e\x35\x20\x31\x32\x48\x32\x22\x3e\x3c\x2f\x70\x61\x74\x68\
\x3e\x3c\x2f\x73\x76\x67\x3e\
\x00\x00\x01\x19\
\x3c\
\x73\x76\x67\x20\x78\x6d\x6c\x6e\x73\x3d\x22\x68\x74\x74\x70\x3a\
\x2f\x2f\x77\x77\x77\x2e\x77\x33\x2e\x6f\x72\x67\x2f\x32\x30\x30\
\x30\x2f\x73\x76\x67\x22\x20\x77\x69\x64\x74\x68\x3d\x22\x38\x30\
\x22\x20\x68\x65\x69\x67\x68\x74\x3d\x22\x38\x30\x22\x20\x76\x69\
\x65\x77\x42\x6f\x78\x3d\x22\x30\x20\x30\x20\x32\x34\x20\x32\x34\
\x22\x20\x66\x69\x6c\x6c\x3d\x22\x6e\x6f\x6e\x65\x22\x20\x73\x74\
\x72\x6f\x6b\x65\x3d\x22\x63\x75\x72\x72\x65\x6e\x74\x43\x6f\x6c\
\x6f\x72\x22\x20\x73\x74\x72\x6f\x6b\x65\x2d\x77\x69\x64\x74\x68\
\x3d\x22\x31\x2e\x35\x22\x20\x73\x74\x72\x6f\x6b\x65\x2d\x6c\x69\
\x6e\x65\x63\x61\x70\x3d\x22\x72\x6f\x75\x6e\x64\x22\x20\x73\x74\
\x72\x6f\x6b\x65\x2d\x6c\x69\x6e\x65\x6a\x6f\x69\x6e\x3d\x22\x72\
\x6f\x75\x6e\x64\x22\x20\x63\x6c\x61\x73\x73\x3d\x22\x66\x65\x61\
\x74\x68\x65\x72\x20\x66\x65\x61\x74\x68\x65\x72\x2d\x6e\x61\x76\
\x69\x67\x61\x74\x69\x6f\x6e\x2d\x32\x22\x3e\x3c\x70\x6f\x6c\x79\
\x67\x6f\x6e\x20\x70\x6f\x69\x6e\x74\x73\x3d\x22\x31\x32\x20\x32\
\x20\x31\x39\x20\x32\x31\x20\x31\x32\x20\x31\x37\x20\x35\x20\x32\
\x31\x20\x31\x32\x20\x32\x22\x3e\x3c\x2f\x70\x6f\x6c\x79\x67\x6f\
\x6e\x3e\x3c\x2f\x73\x76\x67\x3e\
\x00\x00\x01\x04\
\x3c\
\x73\x76\x67\x20\x78\x6d\x6c\x6e\x73\x3d\x22\x68\x74\x74\x70\x3a\
\x2f\x2f\x77\x77\x77\x2e\x77\x33\x2e\x6f\x72\x67\x2f\x32\x30\x30\
\x30\x2f\x73\x76\x67\x22\x20\x77\x69\x64\x74\x68\x3d\x22\x38\x30\
\x22\x20\x68\x65\x69\x67\x68\x74\x3d\x22\x38\x30\x22\x20\x76\x69\
\x65\x77\x42\x6f\x78\x3d\x22\x30\x20\x30\x20\x32\x34\x20\x32\x34\
\x22\x20\x66\x69\x6c\x6c\x3d\x22\x6e\x6f\x6e\x65\x22\x20\x73\x74\
\x72\x6f\x6b\x65\x3d\x22\x63\x75\x72\x72\x65\x6e\x74\x43\x6f\x6c\
\x6f\x72\x22\x20\x73\x74\x72\x6f\x6b\x65\x2d\x77\x69\x64\x74\x68\
\x3d\x22\x31\x2e\x35\x22\x20\x73\x74\x72\x6f\x6b\x65\x2d\x6c\x69\
\x6e\x65\x63\x61\x70\x3d\x22\x72\x6f\x75\x6e\x64\x22\x20\x73\x74\
\x72\x6f\x6b\x65\x2d\x6c\x69\x6e\x65\x6a\x6f\x69\x6e\x3d\x22\x72\
\x6f\x75\x6e\x64\x22\x20\x63\x6c\x61\x73\x73\x3d\x22\x66\x65\x61\
\x74\x68\x65\x72\x20\x66\x65\x61\x74\x68\x65\x72\x2d\x63\x69\x72\
\x63\x6c\x65\x22\x3e\x3c\x63\x69\x72\x63\x6c\x65\x20\x63\x78\x3d\
\x22\x31\x32\x22\x20\x63\x79\x3d\x22\x31\x32\x22\x20\x72\x3d\x22\
\x31\x30\x22\x3e\x3c\x2f\x63\x69\x72\x63\x6c\x65\x3e\x3c\x2f\x73\
\x76\x67\x3e\
\x00\x00\x01\x75\
\x3c\
\x73\x76\x67\x20\x78\x6d\x6c\x6e\x73\x3d\x22\x68\x74\x74\x70\x3a\
\x2f\x2f\x77\x77\x77\x2e\x77\x33\x2e\x6f\x72\x67\x2f\x32\x30\x30\
\x30\x2f\x73\x76\x67\x22\x20\x77\x69\x64\x74\x68\x3d\x22\x38\x30\
\x22\x20\x68\x65\x69\x67\x68\x74\x3d\x22\x38\x30\x22\x20\x76\x69\
\x65\x77\x42\x6f\x78\x3d\x22\x30\x20\x30\x20\x32\x34\x20\x32\x34\
\x22\x20\x66\x69\x6c\x6c\x3d\x22\x6e\x6f\x6e\x65\x22\x20\x73\x74\
\x72\x6f\x6b\x65\x3d\x22\x63\x75\x72\x72\x65\x6e\x74\x43\x6f\x6c\
\x6f\x72\x22\x20\x73\x74\x72\x6f\x6b\x65\x2d\x77\x69\x64\x74\x68\
\x3d\x22\x31\x2e\x35\x22\x20\x73\x74\x72\x6f\x6b\x65\x2d\x6c\x69\
\x6e\x65\x63\x61\x70\x3d\x22\x72\x6f\x75\x6e\x64\x22\x20\x73\x74\
\x72\x6f\x6b\x65\x2d\x6c\x69\x6e\x65\x6a\x6f\x69\x6e\x3d\x22\x72\
\x6f\x75\x6e\x64\x22\x20\x63\x6c\x61\x73\x73\x3d\x22\x66\x65\x61\
\x74\x68\x65\x72\x20\x66\x65\x61\x74\x68\x65\x72\x2d\x63\x6c\x6f\
\x75\x64\x2d\x6f\x66\x66\x22\x3e\x3c\x70\x61\x74\x68\x20\x64\x3d\
\x22\x4d\x32\x32\x2e\x36\x31\x20\x31\x36\x2e\x39\x35\x41\x35\x20\
\x35\x20\x30\x20\x30\x20\x30\x20\x31\x38\x20\x31\x30\x68\x2d\x31\
\x2e\x32\x36\x61\x38\x20\x38\x20\x30\x20\x30\x20\x30\x2d\x37\x2e\
\x30\x35\x2d\x36\x4d\x35\x20\x35\x61\x38\x20\x38\x20\x30\x20\x30\
\x20\x30\x20\x34\x20\x31\x35\x68\x39\x61\x35\x20\x35\x20\x30\x20\
\x30\x20\x30\x20\x31\x2e\x37\x2d\x2e\x33\x22\x3e\x3c\x2f\x70\x61\
\x74\x68\x3e\x3c\x6c\x69\x6e\x65\x20\x78\x31\x3d\x22\x31\x22\x20\
\x79\x31\x3d\x22\x31\x22\x20\x78\x32\x3d\x22\x32\x33\x22\x20\x79\
\x32\x3d\x22\x32\x33\x22\x3e\x3c\x2f\x6c\x69\x6e\x65\x3e\x3c\x2f\
\x73\x76\x67\x3e\
\x00\x00\x02\x3e\
\x3c\
\x73\x76\x67\x20\x78\x6d\x6c\x6e\x73\x3d\x22\x68\x74\x74\x70\x3a\
\x2f\x2f\x77\x77\x77\x2e\x77\x33\x2e\x6f\x72\x67\x2f\x32\x30\x30\
\x30\x2f\x73\x76\x67\x22\x20\x77\x69\x64\x74\x68\x3d\x22\x38\x30\
\x22\x20\x68\x65\x69\x67\x68\x74\x3d\x22\x38\x30\x22\x20\x76\x69\
\x65\x77\x42\x6f\x78\x3d\x22\x30\x20\x30\x20\x32\x34\x20\x32\x34\
\x22\x20\x66\x69\x6c\x6c\x3d\x22\x6e\x6f\x6e\x65\x22\x20\x73\x74\
\x72\x6f\x6b\x65\x3d\x22\x63\x75\x72\x72\x65\x6e\x74\x43\x6f\x6c\
\x6f\x72\x22\x20\x73\x74\x72\x6f\x6b\x65\x2d\x77\x69\x64\x74\x68\
\x3d\x22\x31\x2e\x35\x22\x20\x73\x74\x72\x6f\x6b\x65\x2d\x6c\x69\
\x6e\x65\x63\x61\x70\x3d\x22\x72\x6f\x75\x6e\x64\x22\x20\x73\x74\
\x72\x6f\x6b\x65\x2d\x6c\x69\x6e\x65\x6a\x6f\x69\x6e\x3d\x22\x72\
\x6f\x75\x6e\x64\x22\x20\x63\x6c\x61\x73\x73\x3d\x22\x66\x65\x61\
\x74\x68\x65\x72\x20\x66\x65\x61\x74\x68\x65\x72\x2d\x63\x6c\x6f\
\x75\x64\x2d\x73\x6e\x6f\x77\x22\x3e\x3c\x70\x61\x74\x68\x20\x64\
\x3d\x22\x4d\x32\x30\x20\x31\x37\x2e\x35\x38\x41\x35\x20\x35\x20\
\x30\x20\x30\x20\x30\x20\x31\x38\x20\x38\x68\x2d\x31\x2e\x32\x36\
\x41\x38\x20\x38\x20\x30\x20\x31\x20\x30\x20\x34\x20\x31\x36\x2e\
\x32\x35\x22\x3e\x3c\x2f\x70\x61\x74\x68\x3e\x3c\x6c\x69\x6e\x65\
\x20\x78\x31\x3d\x22\x38\x22\x20\x79\x31\x3d\x22\x31\x36\x22\x20\
\x78\x32\x3d\x22\x38\x2e\x30\x31\x22\x20\x79\x32\x3d\x22\x31\x36\
\x22\x3e\x3c\x2f\x6c\x69\x6e\x65\x3e\x3c\x6c\x69\x6e\x65\x20\x78\
\x31\x3d\x22\x38\x22\x20\x79\x31\x3d\x22\x32\x30\x22\x20\x78\x32\
\x3d\x22\x38\x2e\x30\x31\x22\x20\x79\x32\x3d\x22\x32\x30\x22\x3e\
\x3c\x2f\x6c\x69\x6e\x65\x3e\x3c\x6c\x69\x6e\x65\x20\x78\x31\x3d\
\x22\x31\x32\x22\x20\x79\x31\x3d\x22\x31\x38\x22\x20\x78\x32\x3d\
\x22\x31\x32\x2e\x30\x31\x22\x20\x79\x32\x3d\x22\x31\x38\x22\x3e\
\x3c\x2f\x6c\x69\x6e\x65\x3e\x3c\x6c\x69\x6e\x65\x20\x78\x31\x3d\
\x22\x31\x32\x22\x20\x79\x31\x3d\x22\x32\x32\x22\x20\x78\x32\x3d\
\x22\x31\x32\x2e\x30\x31\x22\x20\x79\x32\x3d\x22\x32\x32\x22\x3e\
\x3c\x2f\x6c\x69\x6e\x65\x3e\x3c\x6c\x69\x6e\x65\x20\x78\x31\x3d\
\x22\x31\x36\x22\x20\x79\x31\x3d\x22\x31\x36\x22\x20\x78\x32\x3d\
\x22\x31\x36\x2e\x30\x31\x22\x20\x79\x32\x3d\x22\x31\x36\x22\x3e\
\x3c\x2f\x6c\x69\x6e\x65\x3e\x3c\x6c\x69\x6e\x65\x20\x78\x31\x3d\
\x22\x31\x36\x22\x20\x79\x31\x3d\x22\x32\x30\x22\x20\x78\x32\x3d\
\x22\x31\x36\x2e\x30\x31\x22\x20\x79\x32\x3d\x22\x32\x30\x22\x3e\
\x3c\x2f\x6c\x69\x6e\x65\x3e\x3c\x2f\x73\x76\x67\x3e\
\x00\x00\x01\x7d\
\x3c\
\x73\x76\x67\x20\x78\x6d\x6c\x6e\x73\x3d\x22\x68\x74\x74\x70\x3a\
\x2f\x2f\x77\x77\x77\x2e\x77\x33\x2e\x6f\x72\x67\x2f\x32\x30\x30\
\x30\x2f\x73\x76\x67\x22\x20\x77\x69\x64\x74\x68\x3d\x22\x38\x30\
\x22\x20\x68\x65\x69\x67\x68\x74\x3d\x22\x38\x30\x22\x20\x76\x69\
\x65\x77\x42\x6f\x78\x3d\x22\x30\x20\x30\x20\x32\x34\x20\x32\x34\
\x22\x20\x66\x69\x6c\x6c\x3d\x22\x6e\x6f\x6e\x65\x22\x20\x73\x74\
\x72\x6f\x6b\x65\x3d\x22\x63\x75\x72\x72\x65\x6e\x74\x43\x6f\x6c\
\x6f\x72\x22\x20\x73\x74\x72\x6f\x6b\x65\x2d\x77\x69\x64\x74\x68\
\x3d\x22\x31\x2e\x35\x22\x20\x73\x74\x72\x6f\x6b\x65\x2d\x6c\x69\
\x6e\x65\x63\x61\x70\x3d\x22\x72\x6f\x75\x6e\x64\x22\x20\x73\x74\
\x72\x6f\x6b\x65\x2d\x6c\x69\x6e\x65\x6a\x6f\x69\x6e\x3d\x22\x72\
\x6f\x75\x6e\x64\x22\x20\x63\x6c\x61\x73\x73\x3d\x22\x66\x65\x61\
\x74\x68\x65\x72\x20\x66\x65\x61\x74\x68\x65\x72\x2d\x76\x69\x64\
\x65\x6f\x2d\x6f\x66\x66\x22\x3e\x3c\x70\x61\x74\x68\x20\x64\x3d\
\x22\x4d\x31\x36\x20\x31\x36\x76\x31\x61\x32\x20\x32\x20\x30\x20\
\x30\x20\x31\x2d\x32\x20\x32\x48\x33\x61\x32\x20\x32\x20\x30\x20\
\x30\x20\x31\x2d\x32\x2d\x32\x56\x37\x61\x32\x20\x32\x20\x30\x20\
\x30\x20\x31\x20\x32\x2d\x32\x68\x32\x6d\x35\x2e\x36\x36\x20\x30\
\x48\x31\x34\x61\x32\x20\x32\x20\x30\x20\x30\x20\x31\x20\x32\x20\
\x32\x76\x33\x2e\x33\x34\x6c\x31\x20\x31\x4c\x32\x33\x20\x37\x76\
\x31\x30\x22\x3e\x3c\x2f\x70\x61\x74\x68\x3e\x3c\x6c\x69\x6e\x65\
\x20\x78\x31\x3d\x22\x31\x22\x20\x79\x31\x3d\x22\x31\x22\x20\x78\
\x32\x3d\x22\x32\x33\x22\x20\x79\x32\x3d\x22\x32\x33\x22\x3e\x3c\
\x2f\x6c\x69\x6e\x65\x3e\x3c\x2f\x73\x76\x67\x3e\
\x00\x00\x01\xae\
\x3c\
\x73\x76\x67\x20\x78\x6d\x6c\x6e\x73\x3d\x22\x68\x74\x74\x70\x3a\
\x2f\x2f\x77\x77\x77\x2e\x77\x33\x2e\x6f\x72\x67\x2f\x32\x30\x30\
\x30\x2f\x73\x76\x67\x22\x20\x77\x69\x64\x74\x68\x3d\x22\x38\x30\
\x22\x20\x68\x65\x69\x67\x68\x74\x3d\x22\x38\x30\x22\x20\x76\x69\
\x65\x77\x42\x6f\x78\x3d\x22\x30\x20\x30\x20\x32\x34\x20\x32\x34\
\x22\x20\x66\x69\x6c\x6c\x3d\x22\x6e\x6f\x6e\x65\x22\x20\x73\x74\
\x72\x6f\x6b\x65\x3d\x22\x63\x75\x72\x72\x65\x6e\x74\x43\x6f\x6c\
\x6f\x72\x22\x20\x73\x74\x72\x6f\x6b\x65\x2d\x77\x69\x64\x74\x68\
\x3d\x22\x31\x2e\x35\x22\x20\x73\x74\x72\x6f\x6b\x65\x2d\x6c\x69\
\x6e\x65\x63\x61\x70\x3d\x22\x72\x6f\x75\x6e\x64\x22\x20\x73\x74\
\x72\x6f\x6b\x65\x2d\x6c\x69\x6e\x65\x6a\x6f\x69\x6e\x3d\x22\x72\
\x6f\x75\x6e\x64\x22\x20\x63\x6c\x61\x73\x73\x3d\x22\x66\x65\x61\
\x74\x68\x65\x72\x20\x66\x65\x61\x74\x68\x65\x72\x2d\x6d\x65\x73\
\x73\x61\x67\x65\x2d\x63\x69\x72\x63\x6c\x65\x22\x3e\x3c\x70\x61\
\x74\x68\x20\x64\x3d\x22\x4d\x32\x31\x20\x31\x31\x2e\x35\x61\x38\
\x2e\x33\x38\x20\x38\x2e\x33\x38\x20\x30\x20\x30\x20\x31\x2d\x2e\
\x39\x20\x33\x2e\x38\x20\x38\x2e\x35\x20\x38\x2e\x35\x20\x30\x20\
\x30\x20\x31\x2d\x37\x2e\x36\x20\x34\x2e\x37\x20\x38\x2e\x33\x38\
\x20\x38\x2e\x33\x38\x20\x30\x20\x30\x20\x31\x2d\x33\x2e\x38\x2d\
\x2e\x39\x4c\x33\x20\x32\x31\x6c\x31\x2e\x39\x2d\x35\x2e\x37\x61\
\x38\x2e\x33\x38\x20\x38\x2e\x33\x38\x20\x30\x20\x30\x20\x31\x2d\
\x2e\x39\x2d\x33\x2e\x38\x20\x38\x2e\x35\x20\x38\x2e\x35\x20\x30\
\x20\x30\x20\x31\x20\x34\x2e\x37\x2d\x37\x2e\x36\x20\x38\x2e\x33\
\x38\x20\x38\x2e\x33\x38\x20\x30\x20\x30\x20\x31\x20\x33\x2e\x38\
\x2d\x2e\x39\x68\x2e\x35\x61\x38\x2e\x34\x38\x20\x38\x2e\x34\x38\
\x20\x30\x20\x30\x20\x31\x20\x38\x20\x38\x76\x2e\x35\x7a\x22\x3e\
\x3c\x2f\x70\x61\x74\x68\x3e\x3c\x2f\x73\x76\x67\x3e\
\x00\x00\x02\x0a\
\x3c\
\x73\x76\x67\x20\x78\x6d\x6c\x6e\x73\x3d\x22\x68\x74\x74\x70\x3a\
\x2f\x2f\x77\x77\x77\x2e\x77\x33\x2e\x6f\x72\x67\x2f\x32\x30\x30\
\x30\x2f\x73\x76\x67\x22\x20\x77\x69\x64\x74\x68\x3d\x22\x38\x30\
\x22\x20\x68\x65\x69\x67\x68\x74\x3d\x22\x38\x30\x22\x20\x76\x69\
\x65\x77\x42\x6f\x78\x3d\x22\x30\x20\x30\x20\x32\x34\x20\x32\x34\
\x22\x20\x66\x69\x6c\x6c\x3d\x22\x6e\x6f\x6e\x65\x22\x20\x73\x74\
\x72\x6f\x6b\x65\x3d\x22\x63\x75\x72\x72\x65\x6e\x74\x43\x6f\x6c\
\x6f\x72\x22\x20\x73\x74\x72\x6f\x6b\x65\x2d\x77\x69\x64\x74\x68\
\x3d\x22\x31\x2e\x35\x22\x20\x73\x74\x72\x6f\x6b\x65\x2d\x6c\x69\
\x6e\x65\x63\x61\x70\x3d\x22\x72\x6f\x75\x6e\x64\x22\x20\x73\x74\
\x72\x6f\x6b\x65\x2d\x6c\x69\x6e\x65\x6a\x6f\x69\x6e\x3d\x22\x72\
\x6f\x75\x6e\x64\x22\x20\x63\x6c\x61\x73\x73\x3d\x22\x66\x65\x61\
\x74\x68\x65\x72\x20\x66\x65\x61\x74\x68\x65\x72\x2d\x70\x68\x6f\
\x6e\x65\x22\x3e\x3c\x70\x61\x74\x68\x20\x64\x3d\x22\x4d\x32\x32\
\x20\x31\x36\x2e\x39\x32\x76\x33\x61\x32\x20\x32\x20\x30\x20\x30\
\x20\x31\x2d\x32\x2e\x31\x38\x20\x32\x20\x31\x39\x2e\x37\x39\x20\
\x31\x39\x2e\x37\x39\x20\x30\x20\x30\x20\x31\x2d\x38\x2e\x36\x33\
\x2d\x33\x2e\x30\x37\x20\x31\x39\x2e\x35\x20\x31\x39\x2e\x35\x20\
\x30\x20\x30\x20\x31\x2d\x36\x2d\x36\x20\x31\x39\x2e\x37\x39\x20\
\x31\x39\x2e\x37\x39\x20\x30\x20\x30\x20\x31\x2d\x33\x2e\x30\x37\
\x2d\x38\x2e\x36\x37\x41\x32\x20\x32\x20\x30\x20\x30\x20\x31\x20\
\x34\x2e\x31\x31\x20\x32\x68\x33\x61\x32\x20\x32\x20\x30\x20\x30\
\x20\x31\x20\x32\x20\x31\x2e\x37\x32\x20\x31\x32\x2e\x38\x34\x20\
\x31\x32\x2e\x38\x34\x20\x30\x20\x30\x20\x30\x20\x2e\x37\x20\x32\
\x2e\x38\x31\x20\x32\x20\x32\x20\x30\x20\x30\x20\x31\x2d\x2e\x34\
\x35\x20\x32\x2e\x31\x31\x4c\x38\x2e\x30\x39\x20\x39\x2e\x39\x31\
\x61\x31\x36\x20\x31\x36\x20\x30\x20\x30\x20\x30\x20\x36\x20\x36\
\x6c\x31\x2e\x32\x37\x2d\x31\x2e\x32\x37\x61\x32\x20\x32\x20\x30\
\x20\x30\x20\x31\x20\x32\x2e\x31\x31\x2d\x2e\x34\x35\x20\x31\x32\
\x2e\x38\x34\x20\x31\x32\x2e\x38\x34\x20\x30\x20\x30\x20\x30\x20\
\x32\x2e\x38\x31\x2e\x37\x41\x32\x20\x32\x20\x30\x20\x30\x20\x31\
\x20\x32\x32\x20\x31\x36\x2e\x39\x32\x7a\x22\x3e\x3c\x2f\x70\x61\
\x74\x68\x3e\x3c\x2f\x73\x76\x67\x3e\
\x00\x00\x01\x37\
\x3c\
\x73\x76\x67\x20\x78\x6d\x6c\x6e\x73\x3d\x22\x68\x74\x74\x70\x3a\
\x2f\x2f\x77\x77\x77\x2e\x77\x33\x2e\x6f\x72\x67\x2f\x32\x30\x30\
\x30\x2f\x73\x76\x67\x22\x20\x77\x69\x64\x74\x68\x3d\x22\x38\x30\
\x22\x20\x68\x65\x69\x67\x68\x74\x3d\x22\x38\x30\x22\x20\x76\x69\
\x65\x77\x42\x6f\x78\x3d\x22\x30\x20\x30\x20\x32\x34\x20\x32\x34\
\x22\x20\x66\x69\x6c\x6c\x3d\x22\x6e\x6f\x6e\x65\x22\x20\x73\x74\
\x72\x6f\x6b\x65\x3d\x22\x63\x75\x72\x72\x65\x6e\x74\x43\x6f\x6c\
\x6f\x72\x22\x20\x73\x74\x72\x6f\x6b\x65\x2d\x77\x69\x64\x74\x68\
\x3d\x22\x31\x2e\x35\x22\x20\x73\x74\x72\x6f\x6b\x65\x2d\x6c\x69\
\x6e\x65\x63\x61\x70\x3d\x22\x72\x6f\x75\x6e\x64\x22\x20\x73\x74\
\x72\x6f\x6b\x65\x2d\x6c\x69\x6e\x65\x6a\x6f\x69\x6e\x3d\x22\x72\
\x6f\x75\x6e\x64\x22\x20\x63\x6c\x61\x73\x73\x3d\x22\x66\x65\x61\
\x74\x68\x65\x72\x20\x66\x65\x61\x74\x68\x65\x72\x2d\x73\x74\x6f\
\x70\x2d\x63\x69\x72\x63\x6c\x65\x22\x3e\x3c\x63\x69\x72\x63\x6c\
\x65\x20\x63\x78\x3d\x22\x31\x32\x22\x20\x63\x79\x3d\x22\x31\x32\
\x22\x20\x72\x3d\x22\x31\x30\x22\x3e\x3c\x2f\x63\x69\x72\x63\x6c\
\x65\x3e\x3c\x72\x65\x63\x74\x20\x78\x3d\x22\x39\x22\x20\x79\x3d\
\x22\x39\x22\x20\x77\x69\x64\x74\x68\x3d\x22\x36\x22\x20\x68\x65\
\x69\x67\x68\x74\x3d\x22\x36\x22\x3e\x3c\x2f\x72\x65\x63\x74\x3e\
\x3c\x2f\x73\x76\x67\x3e\
\x00\x00\x01\x5b\
\x3c\
\x73\x76\x67\x20\x78\x6d\x6c\x6e\x73\x3d\x22\x68\x74\x74\x70\x3a\
\x2f\x2f\x77\x77\x77\x2e\x77\x33\x2e\x6f\x72\x67\x2f\x32\x30\x30\
\x30\x2f\x73\x76\x67\x22\x20\x77\x69\x64\x74\x68\x3d\x22\x38\x30\
\x22\x20\x68\x65\x69\x67\x68\x74\x3d\x22\x38\x30\x22\x20\x76\x69\
\x65\x77\x42\x6f\x78\x3d\x22\x30\x20\x30\x20\x32\x34\x20\x32\x34\
\x22\x20\x66\x69\x6c\x6c\x3d\x22\x6e\x6f\x6e\x65\x22\x20\x73\x74\
\x72\x6f\x6b\x65\x3d\x22\x63\x75\x72\x72\x65\x6e\x74\x43\x6f\x6c\
\x6f\x72\x22\x20\x73\x74\x72\x6f\x6b\x65\x2d\x77\x69\x64\x74\x68\
\x3d\x22\x31\x2e\x35\x22\x20\x73\x74\x72\x6f\x6b\x65\x2d\x6c\x69\
\x6e\x65\x63\x61\x70\x3d\x22\x72\x6f\x75\x6e\x64\x22\x20\x73\x74\
\x72\x6f\x6b\x65\x2d\x6c\x69\x6e\x65\x6a\x6f\x69\x6e\x3d\x22\x72\
\x6f\x75\x6e\x64\x22\x20\x63\x6c\x61\x73\x73\x3d\x22\x66\x65\x61\
\x74\x68\x65\x72\x20\x66\x65\x61\x74\x68\x65\x72\x2d\x63\x68\x65\
\x63\x6b\x2d\x73\x71\x75\x61\x72\x65\x22\x3e\x3c\x70\x6f\x6c\x79\
\x6c\x69\x6e\x65\x20\x70\x6f\x69\x6e\x74\x73\x3d\x22\x39\x20\x31\
\x31\x20\x31\x32\x20\x31\x34\x20\x32\x32\x20\x34\x22\x3e\x3c\x2f\
\x70\x6f\x6c\x79\x6c\x69\x6e\x65\x3e\x3c\x70\x61\x74\x68\x20\x64\
\x3d\x22\x4d\x32\x31\x20\x31\x32\x76\x37\x61\x32\x20\x32\x20\x30\
\x20\x30\x20\x31\x2d\x32\x20\x32\x48\x35\x61\x32\x20\x32\x20\x30\
\x20\x30\x20\x31\x2d\x32\x2d\x32\x56\x35\x61\x32\x20\x32\x20\x30\
\x20\x30\x20\x31\x20\x32\x2d\x32\x68\x31\x31\x22\x3e\x3c\x2f\x70\
\x61\x74\x68\x3e\x3c\x2f\x73\x76\x67\x3e\
\x00\x00\x01\x85\
\x3c\
\x73\x76\x67\x20\x78\x6d\x6c\x6e\x73\x3d\x22\x68\x74\x74\x70\x3a\
\x2f\x2f\x77\x77\x77\x2e\x77\x33\x2e\x6f\x72\x67\x2f\x32\x30\x30\
\x30\x2f\x73\x76\x67\x22\x20\x77\x69\x64\x74\x68\x3d\x22\x38\x30\
\x22\x20\x68\x65\x69\x67\x68\x74\x3d\x22\x38\x30\x22\x20\x76\x69\
\x65\x77\x42\x6f\x78\x3d\x22\x30\x20\x30\x20\x32\x34\x20\x32\x34\
\x22\x20\x66\x69\x6c\x6c\x3d\x22\x6e\x6f\x6e\x65\x22\x20\x73\x74\
\x72\x6f\x6b\x65\x3d\x22\x63\x75\x72\x72\x65\x6e\x74\x43\x6f\x6c\
\x6f\x72\x22\x20\x73\x74\x72\x6f\x6b\x65\x2d\x77\x69\x64\x74\x68\
\x3d\x22\x31\x2e\x35\x22\x20\x73\x74\x72\x6f\x6b\x65\x2d\x6c\x69\
\x6e\x65\x63\x61\x70\x3d\x22\x72\x6f\x75\x6e\x64\x22\x20\x73\x74\
\x72\x6f\x6b\x65\x2d\x6c\x69\x6e\x65\x6a\x6f\x69\x6e\x3d\x22\x72\
\x6f\x75\x6e\x64\x22\x20\x63\x6c\x61\x73\x73\x3d\x22\x66\x65\x61\
\x74\x68\x65\x72\x20\x66\x65\x61\x74\x68\x65\x72\x2d\x63\x61\x73\
\x74\x22\x3e\x3c\x70\x61\x74\x68\x20\x64\x3d\x22\x4d\x32\x20\x31\
\x36\x2e\x31\x41\x35\x20\x35\x20\x30\x20\x30\x20\x31\x20\x35\x2e\
\x39\x20\x32\x30\x4d\x32\x20\x31\x32\x2e\x30\x35\x41\x39\x20\x39\
\x20\x30\x20\x30\x20\x31\x20\x39\x2e\x39\x35\x20\x32\x30\x4d\x32\
\x20\x38\x56\x36\x61\x32\x20\x32\x20\x30\x20\x30\x20\x31\x20\x32\
\x2d\x32\x68\x31\x36\x61\x32\x20\x32\x20\x30\x20\x30\x20\x31\x20\
\x32\x20\x32\x76\x31\x32\x61\x32\x20\x32\x20\x30\x20\x30\x20\x31\
\x2d\x32\x20\x32\x68\x2d\x36\x22\x3e\x3c\x2f\x70\x61\x74\x68\x3e\
\x3c\x6c\x69\x6e\x65\x20\x78\x31\x3d\x22\x32\x22\x20\x79\x31\x3d\
\x22\x32\x30\x22\x20\x78\x32\x3d\x22\x32\x2e\x30\x31\x22\x20\x79\
\x32\x3d\x22\x32\x30\x22\x3e\x3c\x2f\x6c\x69\x6e\x65\x3e\x3c\x2f\
\x73\x76\x67\x3e\
\x00\x00\x01\x99\
\x3c\
\x73\x76\x67\x20\x78\x6d\x6c\x6e\x73\x3d\x22\x68\x74\x74\x70\x3a\
\x2f\x2f\x77\x77\x77\x2e\x77\x33\x2e\x6f\x72\x67\x2f\x32\x30\x30\
\x30\x2f\x73\x76\x67\x22\x20\x77\x69\x64\x74\x68\x3d\x22\x38\x30\
\x22\x20\x68\x65\x69\x67\x68\x74\x3d\x22\x38\x30\x22\x20\x76\x69\
\x65\x77\x42\x6f\x78\x3d\x22\x30\x20\x30\x20\x32\x34\x20\x32\x34\
\x22\x20\x66\x69\x6c\x6c\x3d\x22\x6e\x6f\x6e\x65\x22\x20\x73\x74\
\x72\x6f\x6b\x65\x3d\x22\x63\x75\x72\x72\x65\x6e\x74\x43\x6f\x6c\
\x6f\x72\x22\x20\x73\x74\x72\x6f\x6b\x65\x2d\x77\x69\x64\x74\x68\
\x3d\x22\x31\x2e\x35\x22\x20\x73\x74\x72\x6f\x6b\x65\x2d\x6c\x69\
\x6e\x65\x63\x61\x70\x3d\x22\x72\x6f\x75\x6e\x64\x22\x20\x73\x74\
\x72\x6f\x6b\x65\x2d\x6c\x69\x6e\x65\x6a\x6f\x69\x6e\x3d\x22\x72\
\x6f\x75\x6e\x64\x22\x20\x63\x6c\x61\x73\x73\x3d\x22\x66\x65\x61\
\x74\x68\x65\x72\x20\x66\x65\x61\x74\x68\x65\x72\x2d\x70\x72\x69\
\x6e\x74\x65\x72\x22\x3e\x3c\x70\x6f\x6c\x79\x6c\x69\x6e\x65\x20\
\x70\x6f\x69\x6e\x74\x73\x3d\x22\x36\x20\x39\x20\x36\x20\x32\x20\
\x31\x38\x20\x32\x20\x31\x38\x20\x39\x22\x3e\x3c\x2f\x70\x6f\x6c\
\x79\x6c\x69\x6e\x65\x3e\x3c\x70\x61\x74\x68\x20\x64\x3d\x22\x4d\
\x36\x20\x31\x38\x48\x34\x61\x32\x20\x32\x20\x30\x20\x30\x20\x31\
\x2d\x32\x2d\x32\x76\x2d\x35\x61\x32\x20\x32\x20\x30\x20\x30\x20\
\x31\x20\x32\x2d\x32\x68\x31\x36\x61\x32\x20\x32\x20\x30\x20\x30\
\x20\x31\x20\x32\x20\x32\x76\x35\x61\x32\x20\x32\x20\x30\x20\x30\
\x20\x31\x2d\x32\x20\x32\x68\x2d\x32\x22\x3e\x3c\x2f\x70\x61\x74\
\x68\x3e\x3c\x72\x65\x63\x74\x20\x78\x3d\x22\x36\x22\x20\x79\x3d\
\x22\x31\x34\x22\x20\x77\x69\x64\x74\x68\x3d\x22\x31\x32\x22\x20\
\x68\x65\x69\x67\x68\x74\x3d\x22\x38\x22\x3e\x3c\x2f\x72\x65\x63\
\x74\x3e\x3c\x2f\x73\x76\x67\x3e\
\x00\x00\x02\x3b\
\x3c\
\x73\x76\x67\x20\x78\x6d\x6c\x6e\x73\x3d\x22\x68\x74\x74\x70\x3a\
\x2f\x2f\x77\x77\x77\x2e\x77\x33\x2e\x6f\x72\x67\x2f\x32\x30\x30\
\x30\x2f\x73\x76\x67\x22\x20\x77\x69\x64\x74\x68\x3d\x22\x38\x30\
\x22\x20\x68\x65\x69\x67\x68\x74\x3d\x22\x38\x30\x22\x20\x76\x69\
\x65\x77\x42\x6f\x78\x3d\x22\x30\x20\x30\x20\x32\x34\x20\x32\x34\
\x22\x20\x66\x69\x6c\x6c\x3d\x22\x6e\x6f\x6e\x65\x22\x20\x73\x74\
\x72\x6f\x6b\x65\x3d\x22\x63\x75\x72\x72\x65\x6e\x74\x43\x6f\x6c\
\x6f\x72\x22\x20\x73\x74\x72\x6f\x6b\x65\x2d\x77\x69\x64\x74\x68\
\x3d\x22\x31\x2e\x35\x22\x20\x73\x74\x72\x6f\x6b\x65\x2d\x6c\x69\
\x6e\x65\x63\x61\x70\x3d\x22\x72\x6f\x75\x6e\x64\x22\x20\x73\x74\
\x72\x6f\x6b\x65\x2d\x6c\x69\x6e\x65\x6a\x6f\x69\x6e\x3d\x22\x72\
\x6f\x75\x6e\x64\x22\x20\x63\x6c\x61\x73\x73\x3d\x22\x66\x65\x61\
\x74\x68\x65\x72\x20\x66\x65\x61\x74\x68\x65\x72\x2d\x77\x69\x66\
\x69\x2d\x6f\x66\x66\x22\x3e\x3c\x6c\x69\x6e\x65\x20\x78\x31\x3d\
\x22\x31\x22\x20\x79\x31\x3d\x22\x31\x22\x20\x78\x32\x3d\x22\x32\
\x33\x22\x20\x79\x32\x3d\x22\x32\x33\x22\x3e\x3c\x2f\x6c\x69\x6e\
\x65\x3e\x3c\x70\x61\x74\x68\x20\x64\x3d\x22\x4d\x31\x36\x2e\x37\
\x32\x20\x31\x31\x2e\x30\x36\x41\x31\x30\x2e\x39\x34\x20\x31\x30\
\x2e\x39\x34\x20\x30\x20\x30\x20\x31\x20\x31\x39\x20\x31\x32\x2e\
\x35\x35\x22\x3e\x3c\x2f\x70\x61\x74\x68\x3e\x3c\x70\x61\x74\x68\
\x20\x64\x3d\x22\x4d\x35\x20\x31\x32\x2e\x35\x35\x61\x31\x30\x2e\
\x39\x34\x20\x31\x30\x2e\x39\x34\x20\x30\x20\x30\x20\x31\x20\x35\
\x2e\x31\x37\x2d\x32\x2e\x33\x39\x22\x3e\x3c\x2f\x70\x61\x74\x68\
\x3e\x3c\x70\x61\x74\x68\x20\x64\x3d\x22\x4d\x31\x30\x2e\x37\x31\
\x20\x35\x2e\x30\x35\x41\x31\x36\x20\x31\x36\x20\x30\x20\x30\x20\
\x31\x20\x32\x32\x2e\x35\x38\x20\x39\x22\x3e\x3c\x2f\x70\x61\x74\
\x68\x3e\x3c\x70\x61\x74\x68\x20\x64\x3d\x22\x4d\x31\x2e\x34\x32\
\x20\x39\x61\x31\x35\x2e\x39\x31\x20\x31\x35\x2e\x39\x31\x20\x30\
\x20\x30\x20\x31\x20\x34\x2e\x37\x2d\x32\x2e\x38\x38\x22\x3e\x3c\
\x2f\x70\x61\x74\x68\x3e\x3c\x70\x61\x74\x68\x20\x64\x3d\x22\x4d\
\x38\x2e\x35\x33\x20\x31\x36\x2e\x31\x31\x61\x36\x20\x36\x20\x30\
\x20\x30\x20\x31\x20\x36\x2e\x39\x35\x20\x30\x22\x3e\x3c\x2f\x70\
\x61\x74\x68\x3e\x3c\x6c\x69\x6e\x65\x20\x78\x31\x3d\x22\x31\x32\
\x22\x20\x79\x31\x3d\x22\x32\x30\x22\x20\x78\x32\x3d\x22\x31\x32\
\x2e\x30\x31\x22\x20\x79\x32\x3d\x22\x32\x30\x22\x3e\x3c\x2f\x6c\
\x69\x6e\x65\x3e\x3c\x2f\x73\x76\x67\x3e\
\x00\x00\x01\x6f\
\x3c\
\x73\x76\x67\x20\x78\x6d\x6c\x6e\x73\x3d\x22\x68\x74\x74\x70\x3a\
\x2f\x2f\x77\x77\x77\x2e\x77\x33\x2e\x6f\x72\x67\x2f\x32\x30\x30\
\x30\x2f\x73\x76\x67\x22\x20\x77\x69\x64\x74\x68\x3d\x22\x38\x30\
\x22\x20\x68\x65\x69\x67\x68\x74\x3d\x22\x38\x30\x22\x20\x76\x69\
\x65\x77\x42\x6f\x78\x3d\x22\x30\x20\x30\x20\x32\x34\x20\x32\x34\
\x22\x20\x66\x69\x6c\x6c\x3d\x22\x6e\x6f\x6e\x65\x22\x20\x73\x74\
\x72\x6f\x6b\x65\x3d\x22\x63\x75\x72\x72\x65\x6e\x74\x43\x6f\x6c\
\x6f\x72\x22\x20\x73\x74\x72\x6f\x6b\x65\x2d\x77\x69\x64\x74\x68\
\x3d\x22\x31\x2e\x35\x22\x20\x73\x74\x72\x6f\x6b\x65\x2d\x6c\x69\
\x6e\x65\x63\x61\x70\x3d\x22\x72\x6f\x75\x6e\x64\x22\x20\x73\x74\
\x72\x6f\x6b\x65\x2d\x6c\x69\x6e\x65\x6a\x6f\x69\x6e\x3d\x22\x72\
\x6f\x75\x6e\x64\x22\x20\x63\x6c\x61\x73\x73\x3d\x22\x66\x65\x61\
\x74\x68\x65\x72\x20\x66\x65\x61\x74\x68\x65\x72\x2d\x65\x64\x69\
\x74\x22\x3e\x3c\x70\x61\x74\x68\x20\x64\x3d\x22\x4d\x31\x31\x20\
\x34\x48\x34\x61\x32\x20\x32\x20\x30\x20\x30\x20\x30\x2d\x32\x20\
\x32\x76\x31\x34\x61\x32\x20\x32\x20\x30\x20\x30\x20\x30\x20\x32\
\x20\x32\x68\x31\x34\x61\x32\x20\x32\x20\x30\x20\x30\x20\x30\x20\
\x32\x2d\x32\x76\x2d\x37\x22\x3e\x3c\x2f\x70\x61\x74\x68\x3e\x3c\
\x70\x61\x74\x68\x20\x64\x3d\x22\x4d\x31\x38\x2e\x35\x20\x32\x2e\
\x35\x61\x32\x2e\x31\x32\x31\x20\x32\x2e\x31\x32\x31\x20\x30\x20\
\x30\x20\x31\x20\x33\x20\x33\x4c\x31\x32\x20\x31\x35\x6c\x2d\x34\
\x20\x31\x20\x31\x2d\x34\x20\x39\x2e\x35\x2d\x39\x2e\x35\x7a\x22\
\x3e\x3c\x2f\x70\x61\x74\x68\x3e\x3c\x2f\x73\x76\x67\x3e\
\x00\x00\x01\x3b\
\x3c\
\x73\x76\x67\x20\x78\x6d\x6c\x6e\x73\x3d\x22\x68\x74\x74\x70\x3a\
\x2f\x2f\x77\x77\x77\x2e\x77\x33\x2e\x6f\x72\x67\x2f\x32\x30\x30\
\x30\x2f\x73\x76\x67\x22\x20\x77\x69\x64\x74\x68\x3d\x22\x38\x30\
\x22\x20\x68\x65\x69\x67\x68\x74\x3d\x22\x38\x30\x22\x20\x76\x69\
\x65\x77\x42\x6f\x78\x3d\x22\x30\x20\x30\x20\x32\x34\x20\x32\x34\
\x22\x20\x66\x69\x6c\x6c\x3d\x22\x6e\x6f\x6e\x65\x22\x20\x73\x74\
\x72\x6f\x6b\x65\x3d\x22\x63\x75\x72\x72\x65\x6e\x74\x43\x6f\x6c\
\x6f\x72\x22\x20\x73\x74\x72\x6f\x6b\x65\x2d\x77\x69\x64\x74\x68\
\x3d\x22\x31\x2e\x35\x22\x20\x73\x74\x72\x6f\x6b\x65\x2d\x6c\x69\
\x6e\x65\x63\x61\x70\x3d\x22\x72\x6f\x75\x6e\x64\x22\x20\x73\x74\
\x72\x6f\x6b\x65\x2d\x6c\x69\x6e\x65\x6a\x6f\x69\x6e\x3d\x22\x72\
\x6f\x75\x6e\x64\x22\x20\x63\x6c\x61\x73\x73\x3d\x22\x66\x65\x61\
\x74\x68\x65\x72\x20\x66\x65\x61\x74\x68\x65\x72\x2d\x73\x6b\x69\
\x70\x2d\x62\x61\x63\x6b\x22\x3e\x3c\x70\x6f\x6c\x79\x67\x6f\x6e\
\x20\x70\x6f\x69\x6e\x74\x73\x3d\x22\x31\x39\x20\x32\x30\x20\x39\
\x20\x31\x32\x20\x31\x39\x20\x34\x20\x31\x39\x20\x32\x30\x22\x3e\
\x3c\x2f\x70\x6f\x6c\x79\x67\x6f\x6e\x3e\x3c\x6c\x69\x6e\x65\x20\
\x78\x31\x3d\x22\x35\x22\x20\x79\x31\x3d\x22\x31\x39\x22\x20\x78\
\x32\x3d\x22\x35\x22\x20\x79\x32\x3d\x22\x35\x22\x3e\x3c\x2f\x6c\
\x69\x6e\x65\x3e\x3c\x2f\x73\x76\x67\x3e\
\x00\x00\x01\x3b\
\x3c\
\x73\x76\x67\x20\x78\x6d\x6c\x6e\x73\x3d\x22\x68\x74\x74\x70\x3a\
\x2f\x2f\x77\x77\x77\x2e\x77\x33\x2e\x6f\x72\x67\x2f\x32\x30\x30\
\x30\x2f\x73\x76\x67\x22\x20\x77\x69\x64\x74\x68\x3d\x22\x38\x30\
\x22\x20\x68\x65\x69\x67\x68\x74\x3d\x22\x38\x30\x22\x20\x76\x69\
\x65\x77\x42\x6f\x78\x3d\x22\x30\x20\x30\x20\x32\x34\x20\x32\x34\
\x22\x20\x66\x69\x6c\x6c\x3d\x22\x6e\x6f\x6e\x65\x22\x20\x73\x74\
\x72\x6f\x6b\x65\x3d\x22\x63\x75\x72\x72\x65\x6e\x74\x43\x6f\x6c\
\x6f\x72\x22\x20\x73\x74\x72\x6f\x6b\x65\x2d\x77\x69\x64\x74\x68\
\x3d\x22\x31\x2e\x35\x22\x20\x73\x74\x72\x6f\x6b\x65\x2d\x6c\x69\
\x6e\x65\x63\x61\x70\x3d\x22\x72\x6f\x75\x6e\x64\x22\x20\x73\x74\
\x72\x6f\x6b\x65\x2d\x6c\x69\x6e\x65\x6a\x6f\x69\x6e\x3d\x22\x72\
\x6f\x75\x6e\x64\x22\x20\x63\x6c\x61\x73\x73\x3d\x22\x66\x65\x61\
\x74\x68\x65\x72\x20\x66\x65\x61\x74\x68\x65\x72\x2d\x63\x6f\x72\
\x6e\x65\x72\x2d\x72\x69\x67\x68\x74\x2d\x75\x70\x22\x3e\x3c\x70\
\x6f\x6c\x79\x6c\x69\x6e\x65\x20\x70\x6f\x69\x6e\x74\x73\x3d\x22\
\x31\x30\x20\x39\x20\x31\x35\x20\x34\x20\x32\x30\x20\x39\x22\x3e\
\x3c\x2f\x70\x6f\x6c\x79\x6c\x69\x6e\x65\x3e\x3c\x70\x61\x74\x68\
\x20\x64\x3d\x22\x4d\x34\x20\x32\x30\x68\x37\x61\x34\x20\x34\x20\
\x30\x20\x30\x20\x30\x20\x34\x2d\x34\x56\x34\x22\x3e\x3c\x2f\x70\
\x61\x74\x68\x3e\x3c\x2f\x73\x76\x67\x3e\
\x00\x00\x01\xe8\
\x3c\
\x73\x76\x67\x20\x78\x6d\x6c\x6e\x73\x3d\x22\x68\x74\x74\x70\x3a\
\x2f\x2f\x77\x77\x77\x2e\x77\x33\x2e\x6f\x72\x67\x2f\x32\x30\x30\
\x30\x2f\x73\x76\x67\x22\x20\x77\x69\x64\x74\x68\x3d\x22\x38\x30\
\x22\x20\x68\x65\x69\x67\x68\x74\x3d\x22\x38\x30\x22\x20\x76\x69\
\x65\x77\x42\x6f\x78\x3d\x22\x30\x20\x30\x20\x32\x34\x20\x32\x34\
\x22\x20\x66\x69\x6c\x6c\x3d\x22\x6e\x6f\x6e\x65\x22\x20\x73\x74\
\x72\x6f\x6b\x65\x3d\x22\x63\x75\x72\x72\x65\x6e\x74\x43\x6f\x6c\
\x6f\x72\x22\x20\x73\x74\x72\x6f\x6b\x65\x2d\x77\x69\x64\x74\x68\
\x3d\x22\x31\x2e\x35\x22\x20\x73\x74\x72\x6f\x6b\x65\x2d\x6c\x69\
\x6e\x65\x63\x61\x70\x3d\x22\x72\x6f\x75\x6e\x64\x22\x20\x73\x74\
\x72\x6f\x6b\x65\x2d\x6c\x69\x6e\x65\x6a\x6f\x69\x6e\x3d\x22\x72\
\x6f\x75\x6e\x64\x22\x20\x63\x6c\x61\x73\x73\x3d\x22\x66\x65\x61\
\x74\x68\x65\x72\x20\x66\x65\x61\x74\x68\x65\x72\x2d\x63\x6f\x64\
\x65\x70\x65\x6e\x22\x3e\x3c\x70\x6f\x6c\x79\x67\x6f\x6e\x20\x70\
\x6f\x69\x6e\x74\x73\x3d\x22\x31\x32\x20\x32\x20\x32\x32\x20\x38\
\x2e\x35\x20\x32\x32\x20\x31\x35\x2e\x35\x20\x31\x32\x20\x32\x32\
\x20\x32\x20\x31\x35\x2e\x35\x20\x32\x20\x38\x2e\x35\x20\x31\x32\
\x20\x32\x22\x3e\x3c\x2f\x70\x6f\x6c\x79\x67\x6f\x6e\x3e\x3c\x6c\
\x69\x6e\x65\x20\x78\x31\x3d\x22\x31\x32\x22\x20\x79\x31\x3d\x22\
\x32\x32\x22\x20\x78\x32\x3d\x22\x31\x32\x22\x20\x79\x32\x3d\x22\
\x31\x35\x2e\x35\x22\x3e\x3c\x2f\x6c\x69\x6e\x65\x3e\x3c\x70\x6f\
\x6c\x79\x6c\x69\x6e\x65\x20\x70\x6f\x69\x6e\x74\x73\x3d\x22\x32\
\x32\x20\x38\x2e\x35\x20\x31\x32\x20\x31\x35\x2e\x35\x20\x32\x20\
\x38\x2e\x35\x22\x3e\x3c\x2f\x70\x6f\x6c\x79\x6c\x69\x6e\x65\x3e\
\x3c\x70\x6f\x6c\x79\x6c\x69\x6e\x65\x20\x70\x6f\x69\x6e\x74\x73\
\x3d\x22\x32\x20\x31\x35\x2e\x35\x20\x31\x32\x20\x38\x2e\x35\x20\
\x32\x32\x20\x31\x35\x2e\x35\x22\x3e\x3c\x2f\x70\x6f\x6c\x79\x6c\
\x69\x6e\x65\x3e\x3c\x6c\x69\x6e\x65\x20\x78\x31\x3d\x22\x31\x32\
\x22\x20\x79\x31\x3d\x22\x32\x22\x20\x78\x32\x3d\x22\x31\x32\x22\
\x20\x79\x32\x3d\x22\x38\x2e\x35\x22\x3e\x3c\x2f\x6c\x69\x6e\x65\
\x3e\x3c\x2f\x73\x76\x67\x3e\
\x00\x00\x01\x3e\
\x3c\
\x73\x76\x67\x20\x78\x6d\x6c\x6e\x73\x3d\x22\x68\x74\x74\x70\x3a\
\x2f\x2f\x77\x77\x77\x2e\x77\x33\x2e\x6f\x72\x67\x2f\x32\x30\x30\
\x30\x2f\x73\x76\x67\x22\x20\x77\x69\x64\x74\x68\x3d\x22\x38\x30\
\x22\x20\x68\x65\x69\x67\x68\x74\x3d\x22\x38\x30\x22\x20\x76\x69\
\x65\x77\x42\x6f\x78\x3d\x22\x30\x20\x30\x20\x32\x34\x20\x32\x34\
\x22\x20\x66\x69\x6c\x6c\x3d\x22\x6e\x6f\x6e\x65\x22\x20\x73\x74\
\x72\x6f\x6b\x65\x3d\x22\x63\x75\x72\x72\x65\x6e\x74\x43\x6f\x6c\
\x6f\x72\x22\x20\x73\x74\x72\x6f\x6b\x65\x2d\x77\x69\x64\x74\x68\
\x3d\x22\x31\x2e\x35\x22\x20\x73\x74\x72\x6f\x6b\x65\x2d\x6c\x69\
\x6e\x65\x63\x61\x70\x3d\x22\x72\x6f\x75\x6e\x64\x22\x20\x73\x74\
\x72\x6f\x6b\x65\x2d\x6c\x69\x6e\x65\x6a\x6f\x69\x6e\x3d\x22\x72\
\x6f\x75\x6e\x64\x22\x20\x63\x6c\x61\x73\x73\x3d\x22\x66\x65\x61\
\x74\x68\x65\x72\x20\x66\x65\x61\x74\x68\x65\x72\x2d\x63\x68\x65\
\x76\x72\x6f\x6e\x73\x2d\x75\x70\x22\x3e\x3c\x70\x6f\x6c\x79\x6c\
\x69\x6e\x65\x20\x70\x6f\x69\x6e\x74\x73\x3d\x22\x31\x37\x20\x31\
\x31\x20\x31\x32\x20\x36\x20\x37\x20\x31\x31\x22\x3e\x3c\x2f\x70\
\x6f\x6c\x79\x6c\x69\x6e\x65\x3e\x3c\x70\x6f\x6c\x79\x6c\x69\x6e\
\x65\x20\x70\x6f\x69\x6e\x74\x73\x3d\x22\x31\x37\x20\x31\x38\x20\
\x31\x32\x20\x31\x33\x20\x37\x20\x31\x38\x22\x3e\x3c\x2f\x70\x6f\
\x6c\x79\x6c\x69\x6e\x65\x3e\x3c\x2f\x73\x76\x67\x3e\
\x00\x00\x01\xc2\
\x3c\
\x73\x76\x67\x20\x78\x6d\x6c\x6e\x73\x3d\x22\x68\x74\x74\x70\x3a\
\x2f\x2f\x77\x77\x77\x2e\x77\x33\x2e\x6f\x72\x67\x2f\x32\x30\x30\
\x30\x2f\x73\x76\x67\x22\x20\x77\x69\x64\x74\x68\x3d\x22\x38\x30\
\x22\x20\x68\x65\x69\x67\x68\x74\x3d\x22\x38\x30\x22\x20\x76\x69\
\x65\x77\x42\x6f\x78\x3d\x22\x30\x20\x30\x20\x32\x34\x20\x32\x34\
\x22\x20\x66\x69\x6c\x6c\x3d\x22\x6e\x6f\x6e\x65\x22\x20\x73\x74\
\x72\x6f\x6b\x65\x3d\x22\x63\x75\x72\x72\x65\x6e\x74\x43\x6f\x6c\
\x6f\x72\x22\x20\x73\x74\x72\x6f\x6b\x65\x2d\x77\x69\x64\x74\x68\
\x3d\x22\x31\x2e\x35\x22\x20\x73\x74\x72\x6f\x6b\x65\x2d\x6c\x69\
\x6e\x65\x63\x61\x70\x3d\x22\x72\x6f\x75\x6e\x64\x22\x20\x73\x74\
\x72\x6f\x6b\x65\x2d\x6c\x69\x6e\x65\x6a\x6f\x69\x6e\x3d\x22\x72\
\x6f\x75\x6e\x64\x22\x20\x63\x6c\x61\x73\x73\x3d\x22\x66\x65\x61\
\x74\x68\x65\x72\x20\x66\x65\x61\x74\x68\x65\x72\x2d\x63\x68\x72\
\x6f\x6d\x65\x22\x3e\x3c\x63\x69\x72\x63\x6c\x65\x20\x63\x78\x3d\
\x22\x31\x32\x22\x20\x63\x79\x3d\x22\x31\x32\x22\x20\x72\x3d\x22\
\x31\x30\x22\x3e\x3c\x2f\x63\x69\x72\x63\x6c\x65\x3e\x3c\x63\x69\
\x72\x63\x6c\x65\x20\x63\x78\x3d\x22\x31\x32\x22\x20\x63\x79\x3d\
\x22\x31\x32\x22\x20\x72\x3d\x22\x34\x22\x3e\x3c\x2f\x63\x69\x72\
\x63\x6c\x65\x3e\x3c\x6c\x69\x6e\x65\x20\x78\x31\x3d\x22\x32\x31\
\x2e\x31\x37\x22\x20\x79\x31\x3d\x22\x38\x22\x20\x78\x32\x3d\x22\
\x31\x32\x22\x20\x79\x32\x3d\x22\x38\x22\x3e\x3c\x2f\x6c\x69\x6e\
\x65\x3e\x3c\x6c\x69\x6e\x65\x20\x78\x31\x3d\x22\x33\x2e\x39\x35\
\x22\x20\x79\x31\x3d\x22\x36\x2e\x30\x36\x22\x20\x78\x32\x3d\x22\
\x38\x2e\x35\x34\x22\x20\x79\x32\x3d\x22\x31\x34\x22\x3e\x3c\x2f\
\x6c\x69\x6e\x65\x3e\x3c\x6c\x69\x6e\x65\x20\x78\x31\x3d\x22\x31\
\x30\x2e\x38\x38\x22\x20\x79\x31\x3d\x22\x32\x31\x2e\x39\x34\x22\
\x20\x78\x32\x3d\x22\x31\x35\x2e\x34\x36\x22\x20\x79\x32\x3d\x22\
\x31\x34\x22\x3e\x3c\x2f\x6c\x69\x6e\x65\x3e\x3c\x2f\x73\x76\x67\
\x3e\
\x00\x00\x01\x1a\
\x3c\
\x73\x76\x67\x20\x78\x6d\x6c\x6e\x73\x3d\x22\x68\x74\x74\x70\x3a\
\x2f\x2f\x77\x77\x77\x2e\x77\x33\x2e\x6f\x72\x67\x2f\x32\x30\x30\
\x30\x2f\x73\x76\x67\x22\x20\x77\x69\x64\x74\x68\x3d\x22\x38\x30\
\x22\x20\x68\x65\x69\x67\x68\x74\x3d\x22\x38\x30\x22\x20\x76\x69\
\x65\x77\x42\x6f\x78\x3d\x22\x30\x20\x30\x20\x32\x34\x20\x32\x34\
\x22\x20\x66\x69\x6c\x6c\x3d\x22\x6e\x6f\x6e\x65\x22\x20\x73\x74\
\x72\x6f\x6b\x65\x3d\x22\x63\x75\x72\x72\x65\x6e\x74\x43\x6f\x6c\
\x6f\x72\x22\x20\x73\x74\x72\x6f\x6b\x65\x2d\x77\x69\x64\x74\x68\
\x3d\x22\x31\x2e\x35\x22\x20\x73\x74\x72\x6f\x6b\x65\x2d\x6c\x69\
\x6e\x65\x63\x61\x70\x3d\x22\x72\x6f\x75\x6e\x64\x22\x20\x73\x74\
\x72\x6f\x6b\x65\x2d\x6c\x69\x6e\x65\x6a\x6f\x69\x6e\x3d\x22\x72\
\x6f\x75\x6e\x64\x22\x20\x63\x6c\x61\x73\x73\x3d\x22\x66\x65\x61\
\x74\x68\x65\x72\x20\x66\x65\x61\x74\x68\x65\x72\x2d\x76\x6f\x6c\
\x75\x6d\x65\x22\x3e\x3c\x70\x6f\x6c\x79\x67\x6f\x6e\x20\x70\x6f\
\x69\x6e\x74\x73\x3d\x22\x31\x31\x20\x35\x20\x36\x20\x39\x20\x32\
\x20\x39\x20\x32\x20\x31\x35\x20\x36\x20\x31\x35\x20\x31\x31\x20\
\x31\x39\x20\x31\x31\x20\x35\x22\x3e\x3c\x2f\x70\x6f\x6c\x79\x67\
\x6f\x6e\x3e\x3c\x2f\x73\x76\x67\x3e\
\x00\x00\x02\x2f\
\x3c\
\x73\x76\x67\x20\x78\x6d\x6c\x6e\x73\x3d\x22\x68\x74\x74\x70\x3a\
\x2f\x2f\x77\x77\x77\x2e\x77\x33\x2e\x6f\x72\x67\x2f\x32\x30\x30\
\x30\x2f\x73\x76\x67\x22\x20\x77\x69\x64\x74\x68\x3d\x22\x38\x30\
\x22\x20\x68\x65\x69\x67\x68\x74\x3d\x22\x38\x30\x22\x20\x76\x69\
\x65\x77\x42\x6f\x78\x3d\x22\x30\x20\x30\x20\x32\x34\x20\x32\x34\
\x22\x20\x66\x69\x6c\x6c\x3d\x22\x6e\x6f\x6e\x65\x22\x20\x73\x74\
\x72\x6f\x6b\x65\x3d\x22\x63\x75\x72\x72\x65\x6e\x74\x43\x6f\x6c\
\x6f\x72\x22\x20\x73\x74\x72\x6f\x6b\x65\x2d\x77\x69\x64\x74\x68\
\x3d\x22\x31\x2e\x35\x22\x20\x73\x74\x72\x6f\x6b\x65\x2d\x6c\x69\
\x6e\x65\x63\x61\x70\x3d\x22\x72\x6f\x75\x6e\x64\x22\x20\x73\x74\
\x72\x6f\x6b\x65\x2d\x6c\x69\x6e\x65\x6a\x6f\x69\x6e\x3d\x22\x72\
\x6f\x75\x6e\x64\x22\x20\x63\x6c\x61\x73\x73\x3d\x22\x66\x65\x61\
\x74\x68\x65\x72\x20\x66\x65\x61\x74\x68\x65\x72\x2d\x63\x6c\x6f\
\x75\x64\x2d\x64\x72\x69\x7a\x7a\x6c\x65\x22\x3e\x3c\x6c\x69\x6e\
\x65\x20\x78\x31\x3d\x22\x38\x22\x20\x79\x31\x3d\x22\x31\x39\x22\
\x20\x78\x32\x3d\x22\x38\x22\x20\x79\x32\x3d\x22\x32\x31\x22\x3e\
\x3c\x2f\x6c\x69\x6e\x65\x3e\x3c\x6c\x69\x6e\x65\x20\x78\x31\x3d\
\x22\x38\x22\x20\x79\x31\x3d\x22\x31\x33\x22\x20\x78\x32\x3d\x22\
\x38\x22\x20\x79\x32\x3d\x22\x31\x35\x22\x3e\x3c\x2f\x6c\x69\x6e\
\x65\x3e\x3c\x6c\x69\x6e\x65\x20\x78\x31\x3d\x22\x31\x36\x22\x20\
\x79\x31\x3d\x22\x31\x39\x22\x20\x78\x32\x3d\x22\x31\x36\x22\x20\
\x79\x32\x3d\x22\x32\x31\x22\x3e\x3c\x2f\x6c\x69\x6e\x65\x3e\x3c\
\x6c\x69\x6e\x65\x20\x78\x31\x3d\x22\x31\x36\x22\x20\x79\x31\x3d\
\x22\x31\x33\x22\x20\x78\x32\x3d\x22\x31\x36\x22\x20\x79\x32\x3d\
\x22\x31\x35\x22\x3e\x3c\x2f\x6c\x69\x6e\x65\x3e\x3c\x6c\x69\x6e\
\x65\x20\x78\x31\x3d\x22\x31\x32\x22\x20\x79\x31\x3d\x22\x32\x31\
\x22\x20\x78\x32\x3d\x22\x31\x32\x22\x20\x79\x32\x3d\x22\x32\x33\
\x22\x3e\x3c\x2f\x6c\x69\x6e\x65\x3e\x3c\x6c\x69\x6e\x65\x20\x78\
\x31\x3d\x22\x31\x32\x22\x20\x79\x31\x3d\x22\x31\x35\x22\x20\x78\
\x32\x3d\x22\x31\x32\x22\x20\x79\x32\x3d\x22\x31\x37\x22\x3e\x3c\
\x2f\x6c\x69\x6e\x65\x3e\x3c\x70\x61\x74\x68\x20\x64\x3d\x22\x4d\
\x32\x30\x20\x31\x36\x2e\x35\x38\x41\x35\x20\x35\x20\x30\x20\x30\
\x20\x30\x20\x31\x38\x20\x37\x68\x2d\x31\x2e\x32\x36\x41\x38\x20\
\x38\x20\x30\x20\x31\x20\x30\x20\x34\x20\x31\x35\x2e\x32\x35\x22\
\x3e\x3c\x2f\x70\x61\x74\x68\x3e\x3c\x2f\x73\x76\x67\x3e\
\x00\x00\x01\x96\
\x3c\
\x73\x76\x67\x20\x78\x6d\x6c\x6e\x73\x3d\x22\x68\x74\x74\x70\x3a\
\x2f\x2f\x77\x77\x77\x2e\x77\x33\x2e\x6f\x72\x67\x2f\x32\x30\x30\
\x30\x2f\x73\x76\x67\x22\x20\x77\x69\x64\x74\x68\x3d\x22\x38\x30\
\x22\x20\x68\x65\x69\x67\x68\x74\x3d\x22\x38\x30\x22\x20\x76\x69\
\x65\x77\x42\x6f\x78\x3d\x22\x30\x20\x30\x20\x32\x34\x20\x32\x34\
\x22\x20\x66\x69\x6c\x6c\x3d\x22\x6e\x6f\x6e\x65\x22\x20\x73\x74\
\x72\x6f\x6b\x65\x3d\x22\x63\x75\x72\x72\x65\x6e\x74\x43\x6f\x6c\
\x6f\x72\x22\x20\x73\x74\x72\x6f\x6b\x65\x2d\x77\x69\x64\x74\x68\
\x3d\x22\x31\x2e\x35\x22\x20\x73\x74\x72\x6f\x6b\x65\x2d\x6c\x69\
\x6e\x65\x63\x61\x70\x3d\x22\x72\x6f\x75\x6e\x64\x22\x20\x73\x74\
\x72\x6f\x6b\x65\x2d\x6c\x69\x6e\x65\x6a\x6f\x69\x6e\x3d\x22\x72\
\x6f\x75\x6e\x64\x22\x20\x63\x6c\x61\x73\x73\x3d\x22\x66\x65\x61\
\x74\x68\x65\x72\x20\x66\x65\x61\x74\x68\x65\x72\x2d\x75\x73\x65\
\x72\x2d\x78\x22\x3e\x3c\x70\x61\x74\x68\x20\x64\x3d\x22\x4d\x31\
\x36\x20\x32\x31\x76\x2d\x32\x61\x34\x20\x34\x20\x30\x20\x30\x20\
\x30\x2d\x34\x2d\x34\x48\x35\x61\x34\x20\x34\x20\x30\x20\x30\x20\
\x30\x2d\x34\x20\x34\x76\x32\x22\x3e\x3c\x2f\x70\x61\x74\x68\x3e\
\x3c\x63\x69\x72\x63\x6c\x65\x20\x63\x78\x3d\x22\x38\x2e\x35\x22\
\x20\x63\x79\x3d\x22\x37\x22\x20\x72\x3d\x22\x34\x22\x3e\x3c\x2f\
\x63\x69\x72\x63\x6c\x65\x3e\x3c\x6c\x69\x6e\x65\x20\x78\x31\x3d\
\x22\x31\x38\x22\x20\x79\x31\x3d\x22\x38\x22\x20\x78\x32\x3d\x22\
\x32\x33\x22\x20\x79\x32\x3d\x22\x31\x33\x22\x3e\x3c\x2f\x6c\x69\
\x6e\x65\x3e\x3c\x6c\x69\x6e\x65\x20\x78\x31\x3d\x22\x32\x33\x22\
\x20\x79\x31\x3d\x22\x38\x22\x20\x78\x32\x3d\x22\x31\x38\x22\x20\
\x79\x32\x3d\x22\x31\x33\x22\x3e\x3c\x2f\x6c\x69\x6e\x65\x3e\x3c\
\x2f\x73\x76\x67\x3e\
\x00\x00\x02\x67\
\x3c\
\x73\x76\x67\x20\x78\x6d\x6c\x6e\x73\x3d\x22\x68\x74\x74\x70\x3a\
\x2f\x2f\x77\x77\x77\x2e\x77\x33\x2e\x6f\x72\x67\x2f\x32\x30\x30\
\x30\x2f\x73\x76\x67\x22\x20\x77\x69\x64\x74\x68\x3d\x22\x38\x30\
\x22\x20\x68\x65\x69\x67\x68\x74\x3d\x22\x38\x30\x22\x20\x76\x69\
\x65\x77\x42\x6f\x78\x3d\x22\x30\x20\x30\x20\x32\x34\x20\x32\x34\
\x22\x20\x66\x69\x6c\x6c\x3d\x22\x6e\x6f\x6e\x65\x22\x20\x73\x74\
\x72\x6f\x6b\x65\x3d\x22\x63\x75\x72\x72\x65\x6e\x74\x43\x6f\x6c\
\x6f\x72\x22\x20\x73\x74\x72\x6f\x6b\x65\x2d\x77\x69\x64\x74\x68\
\x3d\x22\x31\x2e\x35\x22\x20\x73\x74\x72\x6f\x6b\x65\x2d\x6c\x69\
\x6e\x65\x63\x61\x70\x3d\x22\x72\x6f\x75\x6e\x64\x22\x20\x73\x74\
\x72\x6f\x6b\x65\x2d\x6c\x69\x6e\x65\x6a\x6f\x69\x6e\x3d\x22\x72\
\x6f\x75\x6e\x64\x22\x20\x63\x6c\x61\x73\x73\x3d\x22\x66\x65\x61\
\x74\x68\x65\x72\x20\x66\x65\x61\x74\x68\x65\x72\x2d\x70\x68\x6f\
\x6e\x65\x2d\x6d\x69\x73\x73\x65\x64\x22\x3e\x3c\x6c\x69\x6e\x65\
\x20\x78\x31\x3d\x22\x32\x33\x22\x20\x79\x31\x3d\x22\x31\x22\x20\
\x78\x32\x3d\x22\x31\x37\x22\x20\x79\x32\x3d\x22\x37\x22\x3e\x3c\
\x2f\x6c\x69\x6e\x65\x3e\x3c\x6c\x69\x6e\x65\x20\x78\x31\x3d\x22\
\x31\x37\x22\x20\x79\x31\x3d\x22\x31\x22\x20\x78\x32\x3d\x22\x32\
\x33\x22\x20\x79\x32\x3d\x22\x37\x22\x3e\x3c\x2f\x6c\x69\x6e\x65\
\x3e\x3c\x70\x61\x74\x68\x20\x64\x3d\x22\x4d\x32\x32\x20\x31\x36\
\x2e\x39\x32\x76\x33\x61\x32\x20\x32\x20\x30\x20\x30\x20\x31\x2d\
\x32\x2e\x31\x38\x20\x32\x20\x31\x39\x2e\x37\x39\x20\x31\x39\x2e\
\x37\x39\x20\x30\x20\x30\x20\x31\x2d\x38\x2e\x36\x33\x2d\x33\x2e\
\x30\x37\x20\x31\x39\x2e\x35\x20\x31\x39\x2e\x35\x20\x30\x20\x30\
\x20\x31\x2d\x36\x2d\x36\x20\x31\x39\x2e\x37\x39\x20\x31\x39\x2e\
\x37\x39\x20\x30\x20\x30\x20\x31\x2d\x33\x2e\x30\x37\x2d\x38\x2e\
\x36\x37\x41\x32\x20\x32\x20\x30\x20\x30\x20\x31\x20\x34\x2e\x31\
\x31\x20\x32\x68\x33\x61\x32\x20\x32\x20\x30\x20\x30\x20\x31\x20\
\x32\x20\x31\x2e\x37\x32\x20\x31\x32\x2e\x38\x34\x20\x31\x32\x2e\
\x38\x34\x20\x30\x20\x30\x20\x30\x20\x2e\x37\x20\x32\x2e\x38\x31\
\x20\x32\x20\x32\x20\x30\x20\x30\x20\x31\x2d\x2e\x34\x35\x20\x32\
\x2e\x31\x31\x4c\x38\x2e\x30\x39\x20\x39\x2e\x39\x31\x61\x31\x36\
\x20\x31\x36\x20\x30\x20\x30\x20\x30\x20\x36\x20\x36\x6c\x31\x2e\
\x32\x37\x2d\x31\x2e\x32\x37\x61\x32\x20\x32\x20\x30\x20\x30\x20\
\x31\x20\x32\x2e\x31\x31\x2d\x2e\x34\x35\x20\x31\x32\x2e\x38\x34\
\x20\x31\x32\x2e\x38\x34\x20\x30\x20\x30\x20\x30\x20\x32\x2e\x38\
\x31\x2e\x37\x41\x32\x20\x32\x20\x30\x20\x30\x20\x31\x20\x32\x32\
\x20\x31\x36\x2e\x39\x32\x7a\x22\x3e\x3c\x2f\x70\x61\x74\x68\x3e\
\x3c\x2f\x73\x76\x67\x3e\
\x00\x00\x02\x6c\
\x3c\
\x73\x76\x67\x20\x78\x6d\x6c\x6e\x73\x3d\x22\x68\x74\x74\x70\x3a\
\x2f\x2f\x77\x77\x77\x2e\x77\x33\x2e\x6f\x72\x67\x2f\x32\x30\x30\
\x30\x2f\x73\x76\x67\x22\x20\x77\x69\x64\x74\x68\x3d\x22\x38\x30\
\x22\x20\x68\x65\x69\x67\x68\x74\x3d\x22\x38\x30\x22\x20\x76\x69\
\x65\x77\x42\x6f\x78\x3d\x22\x30\x20\x30\x20\x32\x34\x20\x32\x34\
\x22\x20\x66\x69\x6c\x6c\x3d\x22\x6e\x6f\x6e\x65\x22\x20\x73\x74\
\x72\x6f\x6b\x65\x3d\x22\x63\x75\x72\x72\x65\x6e\x74\x43\x6f\x6c\
\x6f\x72\x22\x20\x73\x74\x72\x6f\x6b\x65\x2d\x77\x69\x64\x74\x68\
\x3d\x22\x31\x2e\x35\x22\x20\x73\x74\x72\x6f\x6b\x65\x2d\x6c\x69\
\x6e\x65\x63\x61\x70\x3d\x22\x72\x6f\x75\x6e\x64\x22\x20\x73\x74\
\x72\x6f\x6b\x65\x2d\x6c\x69\x6e\x65\x6a\x6f\x69\x6e\x3d\x22\x72\
\x6f\x75\x6e\x64\x22\x20\x63\x6c\x61\x73\x73\x3d\x22\x66\x65\x61\
\x74\x68\x65\x72\x20\x66\x65\x61\x74\x68\x65\x72\x2d\x70\x68\x6f\
\x6e\x65\x2d\x66\x6f\x72\x77\x61\x72\x64\x65\x64\x22\x3e\x3c\x70\
\x6f\x6c\x79\x6c\x69\x6e\x65\x20\x70\x6f\x69\x6e\x74\x73\x3d\x22\
\x31\x39\x20\x31\x20\x32\x33\x20\x35\x20\x31\x39\x20\x39\x22\x3e\
\x3c\x2f\x70\x6f\x6c\x79\x6c\x69\x6e\x65\x3e\x3c\x6c\x69\x6e\x65\
\x20\x78\x31\x3d\x22\x31\x35\x22\x20\x79\x31\x3d\x22\x35\x22\x20\
\x78\x32\x3d\x22\x32\x33\x22\x20\x79\x32\x3d\x22\x35\x22\x3e\x3c\
\x2f\x6c\x69\x6e\x65\x3e\x3c\x70\x61\x74\x68\x20\x64\x3d\x22\x4d\
\x32\x32\x20\x31\x36\x2e\x39\x32\x76\x33\x61\x32\x20\x32\x20\x30\
\x20\x30\x20\x31\x2d\x32\x2e\x31\x38\x20\x32\x20\x31\x39\x2e\x37\
\x39\x20\x31\x39\x2e\x37\x39\x20\x30\x20\x30\x20\x31\x2d\x38\x2e\
\x36\x33\x2d\x33\x2e\x30\x37\x20\x31\x39\x2e\x35\x20\x31\x39\x2e\
\x35\x20\x30\x20\x30\x20\x31\x2d\x36\x2d\x36\x20\x31\x39\x2e\x37\
\x39\x20\x31\x39\x2e\x37\x39\x20\x30\x20\x30\x20\x31\x2d\x33\x2e\
\x30\x37\x2d\x38\x2e\x36\x37\x41\x32\x20\x32\x20\x30\x20\x30\x20\
\x31\x20\x34\x2e\x31\x31\x20\x32\x68\x33\x61\x32\x20\x32\x20\x30\
\x20\x30\x20\x31\x20\x32\x20\x31\x2e\x37\x32\x20\x31\x32\x2e\x38\
\x34\x20\x31\x32\x2e\x38\x34\x20\x30\x20\x30\x20\x30\x20\x2e\x37\
\x20\x32\x2e\x38\x31\x20\x32\x20\x32\x20\x30\x20\x30\x20\x31\x2d\
\x2e\x34\x35\x20\x32\x2e\x31\x31\x4c\x38\x2e\x30\x39\x20\x39\x2e\
\x39\x31\x61\x31\x36\x20\x31\x36\x20\x30\x20\x30\x20\x30\x20\x36\
\x20\x36\x6c\x31\x2e\x32\x37\x2d\x31\x2e\x32\x37\x61\x32\x20\x32\
\x20\x30\x20\x30\x20\x31\x20\x32\x2e\x31\x31\x2d\x2e\x34\x35\x20\
\x31\x32\x2e\x38\x34\x20\x31\x32\x2e\x38\x34\x20\x30\x20\x30\x20\
\x30\x20\x32\x2e\x38\x31\x2e\x37\x41\x32\x20\x32\x20\x30\x20\x30\
\x20\x31\x20\x32\x32\x20\x31\x36\x2e\x39\x32\x7a\x22\x3e\x3c\x2f\
\x70\x61\x74\x68\x3e\x3c\x2f\x73\x76\x67\x3e\
\x00\x00\x01\x52\
\x3c\
\x73\x76\x67\x20\x78\x6d\x6c\x6e\x73\x3d\x22\x68\x74\x74\x70\x3a\
\x2f\x2f\x77\x77\x77\x2e\x77\x33\x2e\x6f\x72\x67\x2f\x32\x30\x30\
\x30\x2f\x73\x76\x67\x22\x20\x77\x69\x64\x74\x68\x3d\x22\x38\x30\
\x22\x20\x68\x65\x69\x67\x68\x74\x3d\x22\x38\x30\x22\x20\x76\x69\
\x65\x77\x42\x6f\x78\x3d\x22\x30\x20\x30\x20\x32\x34\x20\x32\x34\
\x22\x20\x66\x69\x6c\x6c\x3d\x22\x6e\x6f\x6e\x65\x22\x20\x73\x74\
\x72\x6f\x6b\x65\x3d\x22\x63\x75\x72\x72\x65\x6e\x74\x43\x6f\x6c\
\x6f\x72\x22\x20\x73\x74\x72\x6f\x6b\x65\x2d\x77\x69\x64\x74\x68\
\x3d\x22\x31\x2e\x35\x22\x20\x73\x74\x72\x6f\x6b\x65\x2d\x6c\x69\
\x6e\x65\x63\x61\x70\x3d\x22\x72\x6f\x75\x6e\x64\x22\x20\x73\x74\
\x72\x6f\x6b\x65\x2d\x6c\x69\x6e\x65\x6a\x6f\x69\x6e\x3d\x22\x72\
\x6f\x75\x6e\x64\x22\x20\x63\x6c\x61\x73\x73\x3d\x22\x66\x65\x61\
\x74\x68\x65\x72\x20\x66\x65\x61\x74\x68\x65\x72\x2d\x67\x69\x74\
\x2d\x6d\x65\x72\x67\x65\x22\x3e\x3c\x63\x69\x72\x63\x6c\x65\x20\
\x63\x78\x3d\x22\x31\x38\x22\x20\x63\x79\x3d\x22\x31\x38\x22\x20\
\x72\x3d\x22\x33\x22\x3e\x3c\x2f\x63\x69\x72\x63\x6c\x65\x3e\x3c\
\x63\x69\x72\x63\x6c\x65\x20\x63\x78\x3d\x22\x36\x22\x20\x63\x79\
\x3d\x22\x36\x22\x20\x72\x3d\x22\x33\x22\x3e\x3c\x2f\x63\x69\x72\
\x63\x6c\x65\x3e\x3c\x70\x61\x74\x68\x20\x64\x3d\x22\x4d\x36\x20\
\x32\x31\x56\x39\x61\x39\x20\x39\x20\x30\x20\x30\x20\x30\x20\x39\
\x20\x39\x22\x3e\x3c\x2f\x70\x61\x74\x68\x3e\x3c\x2f\x73\x76\x67\
\x3e\
\x00\x00\x01\x36\
\x3c\
\x73\x76\x67\x20\x78\x6d\x6c\x6e\x73\x3d\x22\x68\x74\x74\x70\x3a\
\x2f\x2f\x77\x77\x77\x2e\x77\x33\x2e\x6f\x72\x67\x2f\x32\x30\x30\
\x30\x2f\x73\x76\x67\x22\x20\x77\x69\x64\x74\x68\x3d\x22\x38\x30\
\x22\x20\x68\x65\x69\x67\x68\x74\x3d\x22\x38\x30\x22\x20\x76\x69\
\x65\x77\x42\x6f\x78\x3d\x22\x30\x20\x30\x20\x32\x34\x20\x32\x34\
\x22\x20\x66\x69\x6c\x6c\x3d\x22\x6e\x6f\x6e\x65\x22\x20\x73\x74\
\x72\x6f\x6b\x65\x3d\x22\x63\x75\x72\x72\x65\x6e\x74\x43\x6f\x6c\
\x6f\x72\x22\x20\x73\x74\x72\x6f\x6b\x65\x2d\x77\x69\x64\x74\x68\
\x3d\x22\x31\x2e\x35\x22\x20\x73\x74\x72\x6f\x6b\x65\x2d\x6c\x69\
\x6e\x65\x63\x61\x70\x3d\x22\x72\x6f\x75\x6e\x64\x22\x20\x73\x74\
\x72\x6f\x6b\x65\x2d\x6c\x69\x6e\x65\x6a\x6f\x69\x6e\x3d\x22\x72\
\x6f\x75\x6e\x64\x22\x20\x63\x6c\x61\x73\x73\x3d\x22\x66\x65\x61\
\x74\x68\x65\x72\x20\x66\x65\x61\x74\x68\x65\x72\x2d\x6d\x69\x6e\
\x75\x73\x2d\x63\x69\x72\x63\x6c\x65\x22\x3e\x3c\x63\x69\x72\x63\
\x6c\x65\x20\x63\x78\x3d\x22\x31\x32\x22\x20\x63\x79\x3d\x22\x31\
\x32\x22\x20\x72\x3d\x22\x31\x30\x22\x3e\x3c\x2f\x63\x69\x72\x63\
\x6c\x65\x3e\x3c\x6c\x69\x6e\x65\x20\x78\x31\x3d\x22\x38\x22\x20\
\x79\x31\x3d\x22\x31\x32\x22\x20\x78\x32\x3d\x22\x31\x36\x22\x20\
\x79\x32\x3d\x22\x31\x32\x22\x3e\x3c\x2f\x6c\x69\x6e\x65\x3e\x3c\
\x2f\x73\x76\x67\x3e\
\x00\x00\x01\xdb\
\x3c\
\x73\x76\x67\x20\x78\x6d\x6c\x6e\x73\x3d\x22\x68\x74\x74\x70\x3a\
\x2f\x2f\x77\x77\x77\x2e\x77\x33\x2e\x6f\x72\x67\x2f\x32\x30\x30\
\x30\x2f\x73\x76\x67\x22\x20\x77\x69\x64\x74\x68\x3d\x22\x38\x30\
\x22\x20\x68\x65\x69\x67\x68\x74\x3d\x22\x38\x30\x22\x20\x76\x69\
\x65\x77\x42\x6f\x78\x3d\x22\x30\x20\x30\x20\x32\x34\x20\x32\x34\
\x22\x20\x66\x69\x6c\x6c\x3d\x22\x6e\x6f\x6e\x65\x22\x20\x73\x74\
\x72\x6f\x6b\x65\x3d\x22\x63\x75\x72\x72\x65\x6e\x74\x43\x6f\x6c\
\x6f\x72\x22\x20\x73\x74\x72\x6f\x6b\x65\x2d\x77\x69\x64\x74\x68\
\x3d\x22\x31\x2e\x35\x22\x20\x73\x74\x72\x6f\x6b\x65\x2d\x6c\x69\
\x6e\x65\x63\x61\x70\x3d\x22\x72\x6f\x75\x6e\x64\x22\x20\x73\x74\
\x72\x6f\x6b\x65\x2d\x6c\x69\x6e\x65\x6a\x6f\x69\x6e\x3d\x22\x72\
\x6f\x75\x6e\x64\x22\x20\x63\x6c\x61\x73\x73\x3d\x22\x66\x65\x61\
\x74\x68\x65\x72\x20\x66\x65\x61\x74\x68\x65\x72\x2d\x66\x69\x6c\
\x65\x2d\x74\x65\x78\x74\x22\x3e\x3c\x70\x61\x74\x68\x20\x64\x3d\
\x22\x4d\x31\x34\x20\x32\x48\x36\x61\x32\x20\x32\x20\x30\x20\x30\
\x20\x30\x2d\x32\x20\x32\x76\x31\x36\x61\x32\x20\x32\x20\x30\x20\
\x30\x20\x30\x20\x32\x20\x32\x68\x31\x32\x61\x32\x20\x32\x20\x30\
\x20\x30\x20\x30\x20\x32\x2d\x32\x56\x38\x7a\x22\x3e\x3c\x2f\x70\
\x61\x74\x68\x3e\x3c\x70\x6f\x6c\x79\x6c\x69\x6e\x65\x20\x70\x6f\
\x69\x6e\x74\x73\x3d\x22\x31\x34\x20\x32\x20\x31\x34\x20\x38\x20\
\x32\x30\x20\x38\x22\x3e\x3c\x2f\x70\x6f\x6c\x79\x6c\x69\x6e\x65\
\x3e\x3c\x6c\x69\x6e\x65\x20\x78\x31\x3d\x22\x31\x36\x22\x20\x79\
\x31\x3d\x22\x31\x33\x22\x20\x78\x32\x3d\x22\x38\x22\x20\x79\x32\
\x3d\x22\x31\x33\x22\x3e\x3c\x2f\x6c\x69\x6e\x65\x3e\x3c\x6c\x69\
\x6e\x65\x20\x78\x31\x3d\x22\x31\x36\x22\x20\x79\x31\x3d\x22\x31\
\x37\x22\x20\x78\x32\x3d\x22\x38\x22\x20\x79\x32\x3d\x22\x31\x37\
\x22\x3e\x3c\x2f\x6c\x69\x6e\x65\x3e\x3c\x70\x6f\x6c\x79\x6c\x69\
\x6e\x65\x20\x70\x6f\x69\x6e\x74\x73\x3d\x22\x31\x30\x20\x39\x20\
\x39\x20\x39\x20\x38\x20\x39\x22\x3e\x3c\x2f\x70\x6f\x6c\x79\x6c\
\x69\x6e\x65\x3e\x3c\x2f\x73\x76\x67\x3e\
\x00\x00\x02\x6b\
\x3c\
\x73\x76\x67\x20\x78\x6d\x6c\x6e\x73\x3d\x22\x68\x74\x74\x70\x3a\
\x2f\x2f\x77\x77\x77\x2e\x77\x33\x2e\x6f\x72\x67\x2f\x32\x30\x30\
\x30\x2f\x73\x76\x67\x22\x20\x77\x69\x64\x74\x68\x3d\x22\x38\x30\
\x22\x20\x68\x65\x69\x67\x68\x74\x3d\x22\x38\x30\x22\x20\x76\x69\
\x65\x77\x42\x6f\x78\x3d\x22\x30\x20\x30\x20\x32\x34\x20\x32\x34\
\x22\x20\x66\x69\x6c\x6c\x3d\x22\x6e\x6f\x6e\x65\x22\x20\x73\x74\
\x72\x6f\x6b\x65\x3d\x22\x63\x75\x72\x72\x65\x6e\x74\x43\x6f\x6c\
\x6f\x72\x22\x20\x73\x74\x72\x6f\x6b\x65\x2d\x77\x69\x64\x74\x68\
\x3d\x22\x31\x2e\x35\x22\x20\x73\x74\x72\x6f\x6b\x65\x2d\x6c\x69\
\x6e\x65\x63\x61\x70\x3d\x22\x72\x6f\x75\x6e\x64\x22\x20\x73\x74\
\x72\x6f\x6b\x65\x2d\x6c\x69\x6e\x65\x6a\x6f\x69\x6e\x3d\x22\x72\
\x6f\x75\x6e\x64\x22\x20\x63\x6c\x61\x73\x73\x3d\x22\x66\x65\x61\
\x74\x68\x65\x72\x20\x66\x65\x61\x74\x68\x65\x72\x2d\x70\x68\x6f\
\x6e\x65\x2d\x6f\x75\x74\x67\x6f\x69\x6e\x67\x22\x3e\x3c\x70\x6f\
\x6c\x79\x6c\x69\x6e\x65\x20\x70\x6f\x69\x6e\x74\x73\x3d\x22\x32\
\x33\x20\x37\x20\x32\x33\x20\x31\x20\x31\x37\x20\x31\x22\x3e\x3c\
\x2f\x70\x6f\x6c\x79\x6c\x69\x6e\x65\x3e\x3c\x6c\x69\x6e\x65\x20\
\x78\x31\x3d\x22\x31\x36\x22\x20\x79\x31\x3d\x22\x38\x22\x20\x78\
\x32\x3d\x22\x32\x33\x22\x20\x79\x32\x3d\x22\x31\x22\x3e\x3c\x2f\
\x6c\x69\x6e\x65\x3e\x3c\x70\x61\x74\x68\x20\x64\x3d\x22\x4d\x32\
\x32\x20\x31\x36\x2e\x39\x32\x76\x33\x61\x32\x20\x32\x20\x30\x20\
\x30\x20\x31\x2d\x32\x2e\x31\x38\x20\x32\x20\x31\x39\x2e\x37\x39\
\x20\x31\x39\x2e\x37\x39\x20\x30\x20\x30\x20\x31\x2d\x38\x2e\x36\
\x33\x2d\x33\x2e\x30\x37\x20\x31\x39\x2e\x35\x20\x31\x39\x2e\x35\
\x20\x30\x20\x30\x20\x31\x2d\x36\x2d\x36\x20\x31\x39\x2e\x37\x39\
\x20\x31\x39\x2e\x37\x39\x20\x30\x20\x30\x20\x31\x2d\x33\x2e\x30\
\x37\x2d\x38\x2e\x36\x37\x41\x32\x20\x32\x20\x30\x20\x30\x20\x31\
\x20\x34\x2e\x31\x31\x20\x32\x68\x33\x61\x32\x20\x32\x20\x30\x20\
\x30\x20\x31\x20\x32\x20\x31\x2e\x37\x32\x20\x31\x32\x2e\x38\x34\
\x20\x31\x32\x2e\x38\x34\x20\x30\x20\x30\x20\x30\x20\x2e\x37\x20\
\x32\x2e\x38\x31\x20\x32\x20\x32\x20\x30\x20\x30\x20\x31\x2d\x2e\
\x34\x35\x20\x32\x2e\x31\x31\x4c\x38\x2e\x30\x39\x20\x39\x2e\x39\
\x31\x61\x31\x36\x20\x31\x36\x20\x30\x20\x30\x20\x30\x20\x36\x20\
\x36\x6c\x31\x2e\x32\x37\x2d\x31\x2e\x32\x37\x61\x32\x20\x32\x20\
\x30\x20\x30\x20\x31\x20\x32\x2e\x31\x31\x2d\x2e\x34\x35\x20\x31\
\x32\x2e\x38\x34\x20\x31\x32\x2e\x38\x34\x20\x30\x20\x30\x20\x30\
\x20\x32\x2e\x38\x31\x2e\x37\x41\x32\x20\x32\x20\x30\x20\x30\x20\
\x31\x20\x32\x32\x20\x31\x36\x2e\x39\x32\x7a\x22\x3e\x3c\x2f\x70\
\x61\x74\x68\x3e\x3c\x2f\x73\x76\x67\x3e\
\x00\x00\x01\x75\
\x3c\
\x73\x76\x67\x20\x78\x6d\x6c\x6e\x73\x3d\x22\x68\x74\x74\x70\x3a\
\x2f\x2f\x77\x77\x77\x2e\x77\x33\x2e\x6f\x72\x67\x2f\x32\x30\x30\
\x30\x2f\x73\x76\x67\x22\x20\x77\x69\x64\x74\x68\x3d\x22\x38\x30\
\x22\x20\x68\x65\x69\x67\x68\x74\x3d\x22\x38\x30\x22\x20\x76\x69\
\x65\x77\x42\x6f\x78\x3d\x22\x30\x20\x30\x20\x32\x34\x20\x32\x34\
\x22\x20\x66\x69\x6c\x6c\x3d\x22\x6e\x6f\x6e\x65\x22\x20\x73\x74\
\x72\x6f\x6b\x65\x3d\x22\x63\x75\x72\x72\x65\x6e\x74\x43\x6f\x6c\
\x6f\x72\x22\x20\x73\x74\x72\x6f\x6b\x65\x2d\x77\x69\x64\x74\x68\
\x3d\x22\x31\x2e\x35\x22\x20\x73\x74\x72\x6f\x6b\x65\x2d\x6c\x69\
\x6e\x65\x63\x61\x70\x3d\x22\x72\x6f\x75\x6e\x64\x22\x20\x73\x74\
\x72\x6f\x6b\x65\x2d\x6c\x69\x6e\x65\x6a\x6f\x69\x6e\x3d\x22\x72\
\x6f\x75\x6e\x64\x22\x20\x63\x6c\x61\x73\x73\x3d\x22\x66\x65\x61\
\x74\x68\x65\x72\x20\x66\x65\x61\x74\x68\x65\x72\x2d\x63\x6c\x69\
\x70\x62\x6f\x61\x72\x64\x22\x3e\x3c\x70\x61\x74\x68\x20\x64\x3d\
\x22\x4d\x31\x36\x20\x34\x68\x32\x61\x32\x20\x32\x20\x30\x20\x30\
\x20\x31\x20\x32\x20\x32\x76\x31\x34\x61\x32\x20\x32\x20\x30\x20\
\x30\x20\x31\x2d\x32\x20\x32\x48\x36\x61\x32\x20\x32\x20\x30\x20\
\x30\x20\x31\x2d\x32\x2d\x32\x56\x36\x61\x32\x20\x32\x20\x30\x20\
\x30\x20\x31\x20\x32\x2d\x32\x68\x32\x22\x3e\x3c\x2f\x70\x61\x74\
\x68\x3e\x3c\x72\x65\x63\x74\x20\x78\x3d\x22\x38\x22\x20\x79\x3d\
\x22\x32\x22\x20\x77\x69\x64\x74\x68\x3d\x22\x38\x22\x20\x68\x65\
\x69\x67\x68\x74\x3d\x22\x34\x22\x20\x72\x78\x3d\x22\x31\x22\x20\
\x72\x79\x3d\x22\x31\x22\x3e\x3c\x2f\x72\x65\x63\x74\x3e\x3c\x2f\
\x73\x76\x67\x3e\
\x00\x00\x01\x3c\
\x3c\
\x73\x76\x67\x20\x78\x6d\x6c\x6e\x73\x3d\x22\x68\x74\x74\x70\x3a\
\x2f\x2f\x77\x77\x77\x2e\x77\x33\x2e\x6f\x72\x67\x2f\x32\x30\x30\
\x30\x2f\x73\x76\x67\x22\x20\x77\x69\x64\x74\x68\x3d\x22\x38\x30\
\x22\x20\x68\x65\x69\x67\x68\x74\x3d\x22\x38\x30\x22\x20\x76\x69\
\x65\x77\x42\x6f\x78\x3d\x22\x30\x20\x30\x20\x32\x34\x20\x32\x34\
\x22\x20\x66\x69\x6c\x6c\x3d\x22\x6e\x6f\x6e\x65\x22\x20\x73\x74\
\x72\x6f\x6b\x65\x3d\x22\x63\x75\x72\x72\x65\x6e\x74\x43\x6f\x6c\
\x6f\x72\x22\x20\x73\x74\x72\x6f\x6b\x65\x2d\x77\x69\x64\x74\x68\
\x3d\x22\x31\x2e\x35\x22\x20\x73\x74\x72\x6f\x6b\x65\x2d\x6c\x69\
\x6e\x65\x63\x61\x70\x3d\x22\x72\x6f\x75\x6e\x64\x22\x20\x73\x74\
\x72\x6f\x6b\x65\x2d\x6c\x69\x6e\x65\x6a\x6f\x69\x6e\x3d\x22\x72\
\x6f\x75\x6e\x64\x22\x20\x63\x6c\x61\x73\x73\x3d\x22\x66\x65\x61\
\x74\x68\x65\x72\x20\x66\x65\x61\x74\x68\x65\x72\x2d\x73\x65\x6e\
\x64\x22\x3e\x3c\x6c\x69\x6e\x65\x20\x78\x31\x3d\x22\x32\x32\x22\
\x20\x79\x31\x3d\x22\x32\x22\x20\x78\x32\x3d\x22\x31\x31\x22\x20\
\x79\x32\x3d\x22\x31\x33\x22\x3e\x3c\x2f\x6c\x69\x6e\x65\x3e\x3c\
\x70\x6f\x6c\x79\x67\x6f\x6e\x20\x70\x6f\x69\x6e\x74\x73\x3d\x22\
\x32\x32\x20\x32\x20\x31\x35\x20\x32\x32\x20\x31\x31\x20\x31\x33\
\x20\x32\x20\x39\x20\x32\x32\x20\x32\x22\x3e\x3c\x2f\x70\x6f\x6c\
\x79\x67\x6f\x6e\x3e\x3c\x2f\x73\x76\x67\x3e\
\x00\x00\x01\x3e\
\x3c\
\x73\x76\x67\x20\x78\x6d\x6c\x6e\x73\x3d\x22\x68\x74\x74\x70\x3a\
\x2f\x2f\x77\x77\x77\x2e\x77\x33\x2e\x6f\x72\x67\x2f\x32\x30\x30\
\x30\x2f\x73\x76\x67\x22\x20\x77\x69\x64\x74\x68\x3d\x22\x38\x30\
\x22\x20\x68\x65\x69\x67\x68\x74\x3d\x22\x38\x30\x22\x20\x76\x69\
\x65\x77\x42\x6f\x78\x3d\x22\x30\x20\x30\x20\x32\x34\x20\x32\x34\
\x22\x20\x66\x69\x6c\x6c\x3d\x22\x6e\x6f\x6e\x65\x22\x20\x73\x74\
\x72\x6f\x6b\x65\x3d\x22\x63\x75\x72\x72\x65\x6e\x74\x43\x6f\x6c\
\x6f\x72\x22\x20\x73\x74\x72\x6f\x6b\x65\x2d\x77\x69\x64\x74\x68\
\x3d\x22\x31\x2e\x35\x22\x20\x73\x74\x72\x6f\x6b\x65\x2d\x6c\x69\
\x6e\x65\x63\x61\x70\x3d\x22\x72\x6f\x75\x6e\x64\x22\x20\x73\x74\
\x72\x6f\x6b\x65\x2d\x6c\x69\x6e\x65\x6a\x6f\x69\x6e\x3d\x22\x72\
\x6f\x75\x6e\x64\x22\x20\x63\x6c\x61\x73\x73\x3d\x22\x66\x65\x61\
\x74\x68\x65\x72\x20\x66\x65\x61\x74\x68\x65\x72\x2d\x63\x6f\x72\
\x6e\x65\x72\x2d\x75\x70\x2d\x72\x69\x67\x68\x74\x22\x3e\x3c\x70\
\x6f\x6c\x79\x6c\x69\x6e\x65\x20\x70\x6f\x69\x6e\x74\x73\x3d\x22\
\x31\x35\x20\x31\x34\x20\x32\x30\x20\x39\x20\x31\x35\x20\x34\x22\
\x3e\x3c\x2f\x70\x6f\x6c\x79\x6c\x69\x6e\x65\x3e\x3c\x70\x61\x74\
\x68\x20\x64\x3d\x22\x4d\x34\x20\x32\x30\x76\x2d\x37\x61\x34\x20\
\x34\x20\x30\x20\x30\x20\x31\x20\x34\x2d\x34\x68\x31\x32\x22\x3e\
\x3c\x2f\x70\x61\x74\x68\x3e\x3c\x2f\x73\x76\x67\x3e\
\x00\x00\x01\x9b\
\x3c\
\x73\x76\x67\x20\x78\x6d\x6c\x6e\x73\x3d\x22\x68\x74\x74\x70\x3a\
\x2f\x2f\x77\x77\x77\x2e\x77\x33\x2e\x6f\x72\x67\x2f\x32\x30\x30\
\x30\x2f\x73\x76\x67\x22\x20\x77\x69\x64\x74\x68\x3d\x22\x38\x30\
\x22\x20\x68\x65\x69\x67\x68\x74\x3d\x22\x38\x30\x22\x20\x76\x69\
\x65\x77\x42\x6f\x78\x3d\x22\x30\x20\x30\x20\x32\x34\x20\x32\x34\
\x22\x20\x66\x69\x6c\x6c\x3d\x22\x6e\x6f\x6e\x65\x22\x20\x73\x74\
\x72\x6f\x6b\x65\x3d\x22\x63\x75\x72\x72\x65\x6e\x74\x43\x6f\x6c\
\x6f\x72\x22\x20\x73\x74\x72\x6f\x6b\x65\x2d\x77\x69\x64\x74\x68\
\x3d\x22\x31\x2e\x35\x22\x20\x73\x74\x72\x6f\x6b\x65\x2d\x6c\x69\
\x6e\x65\x63\x61\x70\x3d\x22\x72\x6f\x75\x6e\x64\x22\x20\x73\x74\
\x72\x6f\x6b\x65\x2d\x6c\x69\x6e\x65\x6a\x6f\x69\x6e\x3d\x22\x72\
\x6f\x75\x6e\x64\x22\x20\x63\x6c\x61\x73\x73\x3d\x22\x66\x65\x61\
\x74\x68\x65\x72\x20\x66\x65\x61\x74\x68\x65\x72\x2d\x67\x6c\x6f\
\x62\x65\x22\x3e\x3c\x63\x69\x72\x63\x6c\x65\x20\x63\x78\x3d\x22\
\x31\x32\x22\x20\x63\x79\x3d\x22\x31\x32\x22\x20\x72\x3d\x22\x31\
\x30\x22\x3e\x3c\x2f\x63\x69\x72\x63\x6c\x65\x3e\x3c\x6c\x69\x6e\
\x65\x20\x78\x31\x3d\x22\x32\x22\x20\x79\x31\x3d\x22\x31\x32\x22\
\x20\x78\x32\x3d\x22\x32\x32\x22\x20\x79\x32\x3d\x22\x31\x32\x22\
\x3e\x3c\x2f\x6c\x69\x6e\x65\x3e\x3c\x70\x61\x74\x68\x20\x64\x3d\
\x22\x4d\x31\x32\x20\x32\x61\x31\x35\x2e\x33\x20\x31\x35\x2e\x33\
\x20\x30\x20\x30\x20\x31\x20\x34\x20\x31\x30\x20\x31\x35\x2e\x33\
\x20\x31\x35\x2e\x33\x20\x30\x20\x30\x20\x31\x2d\x34\x20\x31\x30\
\x20\x31\x35\x2e\x33\x20\x31\x35\x2e\x33\x20\x30\x20\x30\x20\x31\
\x2d\x34\x2d\x31\x30\x20\x31\x35\x2e\x33\x20\x31\x35\x2e\x33\x20\
\x30\x20\x30\x20\x31\x20\x34\x2d\x31\x30\x7a\x22\x3e\x3c\x2f\x70\
\x61\x74\x68\x3e\x3c\x2f\x73\x76\x67\x3e\
\x00\x00\x0d\x31\
\x3c\
\x3f\x78\x6d\x6c\x20\x76\x65\x72\x73\x69\x6f\x6e\x3d\x22\x31\x2e\
\x30\x22\x20\x65\x6e\x63\x6f\x64\x69\x6e\x67\x3d\x22\x55\x54\x46\
\x2d\x38\x22\x3f\x3e\x0a\x3c\x73\x76\x67\x20\x77\x69\x64\x74\x68\
\x3d\x22\x37\x30\x30\x70\x74\x22\x20\x68\x65\x69\x67\x68\x74\x3d\
\x22\x37\x30\x30\x70\x74\x22\x20\x76\x65\x72\x73\x69\x6f\x6e\x3d\
\x22\x31\x2e\x31\x22\x20\x76\x69\x65\x77\x42\x6f\x78\x3d\x22\x30\
\x20\x30\x20\x37\x30\x30\x20\x37\x30\x30\x22\x20\x78\x6d\x6c\x6e\
\x73\x3d\x22\x68\x74\x74\x70\x3a\x2f\x2f\x77\x77\x77\x2e\x77\x33\
\x2e\x6f\x72\x67\x2f\x32\x30\x30\x30\x2f\x73\x76\x67\x22\x3e\x0a\
\x20\x3c\x67\x3e\x0a\x20\x20\x3c\x70\x61\x74\x68\x20\x64\x3d\x22\
\x6d\x31\x38\x36\x2e\x36\x36\x20\x32\x34\x35\x2e\x30\x31\x63\x2d\
\x35\x2e\x30\x31\x39\x35\x2d\x30\x2e\x30\x30\x33\x39\x30\x37\x2d\
\x39\x2e\x34\x38\x30\x35\x20\x33\x2e\x32\x30\x33\x31\x2d\x31\x31\
\x2e\x30\x37\x34\x20\x37\x2e\x39\x36\x34\x38\x6c\x2d\x36\x39\x2e\
\x39\x36\x35\x20\x32\x31\x30\x2e\x30\x31\x63\x2d\x31\x2e\x31\x37\
\x35\x38\x20\x33\x2e\x35\x35\x30\x38\x2d\x30\x2e\x35\x37\x30\x33\
\x31\x20\x37\x2e\x34\x34\x39\x32\x20\x31\x2e\x36\x31\x37\x32\x20\
\x31\x30\x2e\x34\x38\x34\x20\x32\x2e\x31\x39\x31\x34\x20\x33\x2e\
\x30\x33\x31\x32\x20\x35\x2e\x37\x30\x33\x31\x20\x34\x2e\x38\x33\
\x32\x20\x39\x2e\x34\x34\x35\x33\x20\x34\x2e\x38\x33\x35\x39\x68\
\x35\x38\x2e\x32\x39\x37\x76\x33\x35\x2e\x30\x31\x32\x63\x30\x20\
\x33\x2e\x30\x39\x37\x37\x20\x31\x2e\x32\x33\x30\x35\x20\x36\x2e\
\x30\x36\x36\x34\x20\x33\x2e\x34\x32\x31\x39\x20\x38\x2e\x32\x35\
\x33\x39\x20\x32\x2e\x31\x39\x31\x34\x20\x32\x2e\x31\x38\x37\x35\
\x20\x35\x2e\x31\x36\x30\x32\x20\x33\x2e\x34\x31\x38\x20\x38\x2e\
\x32\x35\x37\x38\x20\x33\x2e\x34\x31\x34\x31\x68\x33\x32\x36\x2e\
\x36\x36\x63\x36\x2e\x34\x34\x31\x34\x20\x30\x20\x31\x31\x2e\x36\
\x36\x34\x2d\x35\x2e\x32\x32\x32\x37\x20\x31\x31\x2e\x36\x36\x34\
\x2d\x31\x31\x2e\x36\x36\x38\x76\x2d\x33\x35\x2e\x30\x31\x32\x68\
\x35\x38\x2e\x33\x35\x35\x63\x33\x2e\x37\x34\x32\x32\x2d\x30\x2e\
\x30\x30\x33\x39\x30\x36\x20\x37\x2e\x32\x35\x33\x39\x2d\x31\x2e\
\x38\x30\x34\x37\x20\x39\x2e\x34\x34\x35\x33\x2d\x34\x2e\x38\x33\
\x35\x39\x20\x32\x2e\x31\x38\x37\x35\x2d\x33\x2e\x30\x33\x35\x32\
\x20\x32\x2e\x37\x39\x33\x2d\x36\x2e\x39\x33\x33\x36\x20\x31\x2e\
\x36\x31\x37\x32\x2d\x31\x30\x2e\x34\x38\x34\x6c\x2d\x37\x30\x2e\
\x30\x31\x32\x2d\x32\x31\x30\x2e\x30\x31\x63\x2d\x31\x2e\x35\x38\
\x39\x38\x2d\x34\x2e\x37\x36\x31\x37\x2d\x36\x2e\x30\x35\x30\x38\
\x2d\x37\x2e\x39\x36\x38\x38\x2d\x31\x31\x2e\x30\x37\x2d\x37\x2e\
\x39\x36\x34\x38\x7a\x6d\x38\x2e\x33\x39\x34\x35\x20\x32\x33\x2e\
\x33\x33\x32\x68\x36\x39\x2e\x36\x30\x32\x6c\x2d\x31\x32\x2e\x39\
\x36\x35\x20\x34\x36\x2e\x36\x34\x35\x68\x2d\x37\x32\x2e\x31\x37\
\x36\x7a\x6d\x39\x33\x2e\x38\x31\x32\x20\x30\x68\x34\x39\x2e\x34\
\x34\x39\x76\x34\x36\x2e\x36\x34\x35\x68\x2d\x36\x32\x2e\x34\x31\
\x34\x7a\x6d\x37\x32\x2e\x37\x39\x33\x20\x30\x68\x34\x39\x2e\x34\
\x39\x32\x6c\x31\x32\x2e\x39\x36\x35\x20\x34\x36\x2e\x36\x34\x35\
\x68\x2d\x36\x32\x2e\x34\x35\x37\x7a\x6d\x37\x33\x2e\x36\x39\x31\
\x20\x30\x68\x36\x39\x2e\x35\x36\x36\x6c\x31\x35\x2e\x35\x35\x31\
\x20\x34\x36\x2e\x36\x34\x35\x68\x2d\x37\x32\x2e\x31\x35\x32\x7a\
\x6d\x2d\x32\x36\x33\x2e\x36\x31\x20\x36\x39\x2e\x39\x37\x37\x68\
\x37\x33\x2e\x34\x36\x35\x6c\x2d\x31\x32\x2e\x39\x36\x39\x20\x34\
\x36\x2e\x36\x38\x68\x2d\x37\x36\x2e\x30\x34\x37\x7a\x6d\x39\x37\
\x2e\x36\x37\x32\x20\x30\x68\x36\x38\x2e\x38\x39\x38\x76\x34\x36\
\x2e\x36\x38\x68\x2d\x38\x31\x2e\x38\x36\x33\x7a\x6d\x39\x32\x2e\
\x32\x34\x32\x20\x30\x68\x36\x38\x2e\x39\x34\x31\x6c\x31\x32\x2e\
\x39\x36\x35\x20\x34\x36\x2e\x36\x38\x68\x2d\x38\x31\x2e\x39\x30\
\x36\x7a\x6d\x39\x33\x2e\x31\x34\x31\x20\x30\x68\x37\x33\x2e\x34\
\x33\x38\x6c\x31\x35\x2e\x35\x36\x32\x20\x34\x36\x2e\x36\x38\x68\
\x2d\x37\x36\x2e\x30\x33\x35\x7a\x6d\x2d\x33\x30\x36\x2e\x33\x38\
\x20\x37\x30\x2e\x30\x32\x33\x68\x37\x37\x2e\x33\x34\x6c\x2d\x31\
\x32\x2e\x39\x36\x35\x20\x34\x36\x2e\x36\x38\x68\x2d\x37\x39\x2e\
\x39\x32\x36\x7a\x6d\x31\x30\x31\x2e\x35\x35\x20\x30\x68\x38\x38\
\x2e\x33\x34\x34\x76\x34\x36\x2e\x36\x38\x68\x2d\x31\x30\x31\x2e\
\x33\x31\x7a\x6d\x31\x31\x31\x2e\x36\x39\x20\x30\x68\x38\x38\x2e\
\x33\x38\x37\x6c\x31\x32\x2e\x39\x36\x35\x20\x34\x36\x2e\x36\x38\
\x68\x2d\x31\x30\x31\x2e\x33\x35\x7a\x6d\x31\x31\x32\x2e\x36\x20\
\x30\x68\x37\x37\x2e\x33\x32\x38\x6c\x31\x35\x2e\x35\x36\x32\x20\
\x34\x36\x2e\x36\x38\x68\x2d\x37\x39\x2e\x39\x32\x36\x7a\x6d\x2d\
\x32\x37\x35\x2e\x39\x33\x20\x36\x39\x2e\x39\x36\x35\x68\x33\x30\
\x33\x2e\x33\x37\x76\x32\x33\x2e\x33\x34\x38\x68\x2d\x33\x30\x33\
\x2e\x33\x37\x7a\x22\x2f\x3e\x0a\x20\x20\x3c\x70\x61\x74\x68\x20\
\x64\x3d\x22\x6d\x33\x35\x30\x20\x31\x32\x38\x2e\x33\x33\x63\x2d\
\x35\x30\x2e\x39\x34\x39\x20\x30\x2e\x30\x31\x39\x35\x33\x31\x2d\
\x39\x37\x2e\x31\x30\x32\x20\x33\x30\x2e\x33\x31\x32\x2d\x31\x31\
\x37\x2e\x34\x38\x20\x37\x36\x2e\x39\x39\x36\x2d\x31\x2e\x32\x34\
\x36\x31\x20\x32\x2e\x38\x33\x39\x38\x2d\x31\x2e\x33\x31\x32\x35\
\x20\x36\x2e\x30\x35\x38\x36\x2d\x30\x2e\x31\x38\x33\x35\x39\x20\
\x38\x2e\x39\x34\x35\x33\x20\x31\x2e\x31\x32\x38\x39\x20\x32\x2e\
\x38\x38\x36\x37\x20\x33\x2e\x33\x35\x39\x34\x20\x35\x2e\x32\x30\
\x37\x20\x36\x2e\x32\x30\x33\x31\x20\x36\x2e\x34\x34\x39\x32\x20\
\x32\x2e\x38\x33\x39\x38\x20\x31\x2e\x32\x33\x38\x33\x20\x36\x2e\
\x30\x35\x38\x36\x20\x31\x2e\x33\x30\x30\x38\x20\x38\x2e\x39\x34\
\x31\x34\x20\x30\x2e\x31\x36\x34\x30\x36\x20\x32\x2e\x38\x38\x36\
\x37\x2d\x31\x2e\x31\x33\x36\x37\x20\x35\x2e\x32\x30\x33\x31\x2d\
\x33\x2e\x33\x37\x31\x31\x20\x36\x2e\x34\x33\x37\x35\x2d\x36\x2e\
\x32\x31\x34\x38\x20\x31\x36\x2e\x36\x39\x31\x2d\x33\x38\x2e\x32\
\x35\x20\x35\x34\x2e\x33\x35\x39\x2d\x36\x32\x2e\x39\x38\x38\x20\
\x39\x36\x2e\x30\x37\x38\x2d\x36\x33\x2e\x30\x30\x34\x20\x34\x31\
\x2e\x37\x35\x2d\x30\x2e\x30\x31\x35\x36\x32\x35\x20\x37\x39\x2e\
\x34\x36\x35\x20\x32\x34\x2e\x37\x32\x37\x20\x39\x36\x2e\x31\x37\
\x32\x20\x36\x33\x2e\x30\x30\x34\x20\x31\x2e\x32\x33\x34\x34\x20\
\x32\x2e\x38\x34\x33\x38\x20\x33\x2e\x35\x34\x36\x39\x20\x35\x2e\
\x30\x37\x38\x31\x20\x36\x2e\x34\x33\x33\x36\x20\x36\x2e\x32\x31\
\x34\x38\x20\x32\x2e\x38\x38\x32\x38\x20\x31\x2e\x31\x33\x32\x38\
\x20\x36\x2e\x31\x30\x31\x36\x20\x31\x2e\x30\x37\x34\x32\x20\x38\
\x2e\x39\x34\x35\x33\x2d\x30\x2e\x31\x36\x37\x39\x37\x20\x32\x2e\
\x38\x33\x39\x38\x2d\x31\x2e\x32\x33\x38\x33\x20\x35\x2e\x30\x37\
\x30\x33\x2d\x33\x2e\x35\x35\x38\x36\x20\x36\x2e\x31\x39\x39\x32\
\x2d\x36\x2e\x34\x34\x35\x33\x20\x31\x2e\x31\x32\x38\x39\x2d\x32\
\x2e\x38\x38\x36\x37\x20\x31\x2e\x30\x36\x32\x35\x2d\x36\x2e\x31\
\x30\x35\x35\x2d\x30\x2e\x31\x38\x33\x35\x39\x2d\x38\x2e\x39\x34\
\x35\x33\x2d\x32\x30\x2e\x33\x38\x37\x2d\x34\x36\x2e\x37\x31\x35\
\x2d\x36\x36\x2e\x35\x37\x38\x2d\x37\x37\x2e\x30\x31\x36\x2d\x31\
\x31\x37\x2e\x35\x37\x2d\x37\x36\x2e\x39\x39\x36\x7a\x22\x2f\x3e\
\x0a\x20\x20\x3c\x70\x61\x74\x68\x20\x64\x3d\x22\x6d\x33\x34\x39\
\x2e\x38\x31\x20\x33\x34\x2e\x38\x32\x38\x63\x2d\x33\x2e\x30\x39\
\x33\x38\x20\x30\x2e\x30\x34\x32\x39\x36\x39\x2d\x36\x2e\x30\x34\
\x33\x20\x31\x2e\x33\x31\x36\x34\x2d\x38\x2e\x31\x39\x39\x32\x20\
\x33\x2e\x35\x33\x39\x31\x2d\x32\x2e\x31\x35\x36\x32\x20\x32\x2e\
\x32\x31\x38\x38\x2d\x33\x2e\x33\x34\x33\x38\x20\x35\x2e\x32\x30\
\x37\x2d\x33\x2e\x32\x39\x36\x39\x20\x38\x2e\x33\x30\x30\x38\x76\
\x34\x36\x2e\x36\x38\x63\x30\x20\x36\x2e\x34\x34\x35\x33\x20\x35\
\x2e\x32\x32\x36\x36\x20\x31\x31\x2e\x36\x36\x38\x20\x31\x31\x2e\
\x36\x37\x32\x20\x31\x31\x2e\x36\x36\x38\x20\x36\x2e\x34\x34\x31\
\x34\x20\x30\x20\x31\x31\x2e\x36\x36\x38\x2d\x35\x2e\x32\x32\x32\
\x37\x20\x31\x31\x2e\x36\x36\x38\x2d\x31\x31\x2e\x36\x36\x38\x76\
\x2d\x34\x36\x2e\x36\x38\x63\x30\x2e\x30\x34\x36\x38\x37\x35\x2d\
\x33\x2e\x31\x35\x32\x33\x2d\x31\x2e\x31\x38\x33\x36\x2d\x36\x2e\
\x31\x39\x31\x34\x2d\x33\x2e\x34\x31\x38\x2d\x38\x2e\x34\x32\x35\
\x38\x2d\x32\x2e\x32\x33\x30\x35\x2d\x32\x2e\x32\x33\x30\x35\x2d\
\x35\x2e\x32\x36\x39\x35\x2d\x33\x2e\x34\x36\x30\x39\x2d\x38\x2e\
\x34\x32\x35\x38\x2d\x33\x2e\x34\x31\x34\x31\x7a\x22\x2f\x3e\x0a\
\x20\x20\x3c\x70\x61\x74\x68\x20\x64\x3d\x22\x6d\x34\x35\x35\x2e\
\x32\x32\x20\x36\x32\x2e\x39\x38\x38\x63\x2d\x34\x2e\x32\x36\x35\
\x36\x2d\x30\x2e\x30\x33\x35\x31\x35\x36\x2d\x38\x2e\x32\x31\x30\
\x39\x20\x32\x2e\x32\x36\x31\x37\x2d\x31\x30\x2e\x32\x38\x39\x20\
\x35\x2e\x39\x38\x38\x33\x6c\x2d\x32\x33\x2e\x33\x34\x20\x34\x30\
\x2e\x33\x39\x31\x63\x2d\x31\x2e\x36\x36\x34\x31\x20\x32\x2e\x36\
\x38\x33\x36\x2d\x32\x2e\x31\x36\x38\x20\x35\x2e\x39\x32\x35\x38\
\x2d\x31\x2e\x33\x39\x38\x34\x20\x38\x2e\x39\x38\x38\x33\x20\x30\
\x2e\x37\x36\x39\x35\x33\x20\x33\x2e\x30\x35\x38\x36\x20\x32\x2e\
\x37\x34\x36\x31\x20\x35\x2e\x36\x37\x39\x37\x20\x35\x2e\x34\x38\
\x30\x35\x20\x37\x2e\x32\x35\x37\x38\x20\x32\x2e\x37\x33\x30\x35\
\x20\x31\x2e\x35\x38\x32\x20\x35\x2e\x39\x38\x38\x33\x20\x31\x2e\
\x39\x38\x34\x34\x20\x39\x2e\x30\x32\x33\x34\x20\x31\x2e\x31\x32\
\x31\x31\x20\x33\x2e\x30\x33\x39\x31\x2d\x30\x2e\x38\x36\x33\x32\
\x38\x20\x35\x2e\x35\x39\x33\x38\x2d\x32\x2e\x39\x31\x38\x20\x37\
\x2e\x30\x38\x39\x38\x2d\x35\x2e\x36\x39\x39\x32\x6c\x32\x33\x2e\
\x33\x34\x2d\x34\x30\x2e\x33\x39\x31\x63\x32\x2e\x31\x34\x34\x35\
\x2d\x33\x2e\x35\x38\x39\x38\x20\x32\x2e\x32\x30\x37\x2d\x38\x2e\
\x30\x35\x30\x38\x20\x30\x2e\x31\x36\x30\x31\x36\x2d\x31\x31\x2e\
\x36\x39\x35\x2d\x32\x2e\x30\x34\x33\x2d\x33\x2e\x36\x34\x38\x34\
\x2d\x35\x2e\x38\x38\x32\x38\x2d\x35\x2e\x39\x32\x31\x39\x2d\x31\
\x30\x2e\x30\x36\x36\x2d\x35\x2e\x39\x36\x30\x39\x7a\x22\x2f\x3e\
\x0a\x20\x20\x3c\x70\x61\x74\x68\x20\x64\x3d\x22\x6d\x35\x33\x32\
\x2e\x34\x33\x20\x31\x33\x39\x2e\x39\x34\x63\x2d\x32\x2e\x32\x33\
\x38\x33\x2d\x30\x2e\x30\x37\x38\x31\x32\x35\x2d\x34\x2e\x34\x34\
\x39\x32\x20\x30\x2e\x34\x38\x38\x32\x38\x2d\x36\x2e\x33\x37\x35\
\x20\x31\x2e\x36\x33\x32\x38\x6c\x2d\x34\x30\x2e\x33\x39\x31\x20\
\x32\x33\x2e\x33\x34\x63\x2d\x32\x2e\x37\x38\x31\x32\x20\x31\x2e\
\x34\x39\x36\x31\x2d\x34\x2e\x38\x33\x35\x39\x20\x34\x2e\x30\x35\
\x30\x38\x2d\x35\x2e\x36\x39\x39\x32\x20\x37\x2e\x30\x38\x39\x38\
\x2d\x30\x2e\x38\x36\x33\x32\x38\x20\x33\x2e\x30\x33\x35\x32\x2d\
\x30\x2e\x34\x36\x30\x39\x34\x20\x36\x2e\x32\x39\x33\x20\x31\x2e\
\x31\x32\x31\x31\x20\x39\x2e\x30\x32\x37\x33\x20\x31\x2e\x35\x37\
\x38\x31\x20\x32\x2e\x37\x33\x30\x35\x20\x34\x2e\x31\x39\x39\x32\
\x20\x34\x2e\x37\x31\x30\x39\x20\x37\x2e\x32\x36\x31\x37\x20\x35\
\x2e\x34\x37\x36\x36\x20\x33\x2e\x30\x35\x38\x36\x20\x30\x2e\x37\
\x36\x39\x35\x33\x20\x36\x2e\x33\x30\x30\x38\x20\x30\x2e\x32\x36\
\x35\x36\x33\x20\x38\x2e\x39\x38\x34\x34\x2d\x31\x2e\x33\x39\x38\
\x34\x6c\x34\x30\x2e\x33\x39\x31\x2d\x32\x33\x2e\x33\x34\x68\x30\
\x2e\x30\x30\x33\x39\x30\x37\x63\x34\x2e\x35\x35\x34\x37\x2d\x32\
\x2e\x35\x35\x38\x36\x20\x36\x2e\x38\x35\x31\x36\x2d\x37\x2e\x38\
\x33\x39\x38\x20\x35\x2e\x36\x32\x31\x31\x2d\x31\x32\x2e\x39\x32\
\x32\x2d\x31\x2e\x32\x33\x34\x34\x2d\x35\x2e\x30\x37\x38\x31\x2d\
\x35\x2e\x36\x39\x35\x33\x2d\x38\x2e\x37\x31\x38\x38\x2d\x31\x30\
\x2e\x39\x31\x38\x2d\x38\x2e\x39\x30\x36\x32\x7a\x22\x2f\x3e\x0a\
\x20\x20\x3c\x70\x61\x74\x68\x20\x64\x3d\x22\x6d\x32\x34\x34\x2e\
\x34\x34\x20\x36\x32\x2e\x39\x38\x38\x63\x2d\x34\x2e\x31\x32\x31\
\x31\x20\x30\x2e\x31\x36\x30\x31\x36\x2d\x37\x2e\x38\x34\x37\x37\
\x20\x32\x2e\x34\x38\x30\x35\x2d\x39\x2e\x38\x31\x32\x35\x20\x36\
\x2e\x31\x30\x35\x35\x2d\x31\x2e\x39\x36\x30\x39\x20\x33\x2e\x36\
\x32\x35\x2d\x31\x2e\x38\x36\x37\x32\x20\x38\x2e\x30\x31\x35\x36\
\x20\x30\x2e\x32\x35\x20\x31\x31\x2e\x35\x35\x31\x6c\x32\x33\x2e\
\x33\x34\x20\x34\x30\x2e\x33\x39\x31\x63\x31\x2e\x34\x39\x36\x31\
\x20\x32\x2e\x37\x38\x31\x32\x20\x34\x2e\x30\x35\x34\x37\x20\x34\
\x2e\x38\x33\x35\x39\x20\x37\x2e\x30\x38\x39\x38\x20\x35\x2e\x36\
\x39\x39\x32\x73\x36\x2e\x32\x39\x33\x20\x30\x2e\x34\x36\x30\x39\
\x34\x20\x39\x2e\x30\x32\x37\x33\x2d\x31\x2e\x31\x32\x31\x31\x63\
\x32\x2e\x37\x33\x30\x35\x2d\x31\x2e\x35\x37\x38\x31\x20\x34\x2e\
\x37\x30\x37\x2d\x34\x2e\x31\x39\x39\x32\x20\x35\x2e\x34\x37\x36\
\x36\x2d\x37\x2e\x32\x35\x37\x38\x20\x30\x2e\x37\x36\x39\x35\x33\
\x2d\x33\x2e\x30\x36\x32\x35\x20\x30\x2e\x32\x36\x35\x36\x32\x2d\
\x36\x2e\x33\x30\x34\x37\x2d\x31\x2e\x33\x39\x38\x34\x2d\x38\x2e\
\x39\x38\x38\x33\x6c\x2d\x32\x33\x2e\x33\x34\x2d\x34\x30\x2e\x33\
\x39\x31\x68\x30\x2e\x30\x30\x33\x39\x30\x36\x63\x2d\x32\x2e\x31\
\x33\x36\x37\x2d\x33\x2e\x38\x33\x39\x38\x2d\x36\x2e\x32\x35\x2d\
\x36\x2e\x31\x35\x32\x33\x2d\x31\x30\x2e\x36\x33\x37\x2d\x35\x2e\
\x39\x38\x38\x33\x7a\x22\x2f\x3e\x0a\x20\x20\x3c\x70\x61\x74\x68\
\x20\x64\x3d\x22\x6d\x31\x36\x37\x2e\x32\x33\x20\x31\x33\x39\x2e\
\x39\x34\x63\x2d\x35\x2e\x31\x36\x34\x31\x20\x30\x2e\x33\x32\x34\
\x32\x32\x2d\x39\x2e\x34\x39\x36\x31\x20\x34\x2e\x30\x31\x35\x36\
\x2d\x31\x30\x2e\x36\x34\x31\x20\x39\x2e\x30\x36\x32\x35\x2d\x31\
\x2e\x31\x34\x34\x35\x20\x35\x2e\x30\x34\x36\x39\x20\x31\x2e\x31\
\x37\x31\x39\x20\x31\x30\x2e\x32\x34\x36\x20\x35\x2e\x36\x39\x31\
\x34\x20\x31\x32\x2e\x37\x37\x6c\x34\x30\x2e\x33\x39\x31\x20\x32\
\x33\x2e\x33\x34\x76\x2d\x30\x2e\x30\x30\x33\x39\x30\x36\x63\x32\
\x2e\x36\x38\x33\x36\x20\x31\x2e\x36\x36\x34\x31\x20\x35\x2e\x39\
\x32\x35\x38\x20\x32\x2e\x31\x36\x38\x20\x38\x2e\x39\x38\x38\x33\
\x20\x31\x2e\x33\x39\x38\x34\x20\x33\x2e\x30\x35\x38\x36\x2d\x30\
\x2e\x37\x36\x35\x36\x32\x20\x35\x2e\x36\x37\x39\x37\x2d\x32\x2e\
\x37\x34\x32\x32\x20\x37\x2e\x32\x35\x37\x38\x2d\x35\x2e\x34\x37\
\x36\x36\x20\x31\x2e\x35\x38\x32\x2d\x32\x2e\x37\x33\x34\x34\x20\
\x31\x2e\x39\x38\x34\x34\x2d\x35\x2e\x39\x39\x32\x32\x20\x31\x2e\
\x31\x32\x31\x31\x2d\x39\x2e\x30\x32\x37\x33\x2d\x30\x2e\x38\x35\
\x39\x33\x37\x2d\x33\x2e\x30\x33\x35\x32\x2d\x32\x2e\x39\x31\x38\
\x2d\x35\x2e\x35\x39\x33\x38\x2d\x35\x2e\x36\x39\x39\x32\x2d\x37\
\x2e\x30\x38\x39\x38\x6c\x2d\x34\x30\x2e\x33\x39\x31\x2d\x32\x33\
\x2e\x33\x34\x63\x2d\x32\x2e\x30\x32\x33\x34\x2d\x31\x2e\x32\x31\
\x30\x39\x2d\x34\x2e\x33\x36\x33\x33\x2d\x31\x2e\x37\x38\x31\x32\
\x2d\x36\x2e\x37\x31\x38\x38\x2d\x31\x2e\x36\x33\x32\x38\x7a\x22\
\x2f\x3e\x0a\x20\x3c\x2f\x67\x3e\x0a\x3c\x2f\x73\x76\x67\x3e\x0a\
\
\x00\x00\x01\x6f\
\x3c\
\x73\x76\x67\x20\x78\x6d\x6c\x6e\x73\x3d\x22\x68\x74\x74\x70\x3a\
\x2f\x2f\x77\x77\x77\x2e\x77\x33\x2e\x6f\x72\x67\x2f\x32\x30\x30\
\x30\x2f\x73\x76\x67\x22\x20\x77\x69\x64\x74\x68\x3d\x22\x38\x30\
\x22\x20\x68\x65\x69\x67\x68\x74\x3d\x22\x38\x30\x22\x20\x76\x69\
\x65\x77\x42\x6f\x78\x3d\x22\x30\x20\x30\x20\x32\x34\x20\x32\x34\
\x22\x20\x66\x69\x6c\x6c\x3d\x22\x6e\x6f\x6e\x65\x22\x20\x73\x74\
\x72\x6f\x6b\x65\x3d\x22\x63\x75\x72\x72\x65\x6e\x74\x43\x6f\x6c\
\x6f\x72\x22\x20\x73\x74\x72\x6f\x6b\x65\x2d\x77\x69\x64\x74\x68\
\x3d\x22\x31\x2e\x35\x22\x20\x73\x74\x72\x6f\x6b\x65\x2d\x6c\x69\
\x6e\x65\x63\x61\x70\x3d\x22\x72\x6f\x75\x6e\x64\x22\x20\x73\x74\
\x72\x6f\x6b\x65\x2d\x6c\x69\x6e\x65\x6a\x6f\x69\x6e\x3d\x22\x72\
\x6f\x75\x6e\x64\x22\x20\x63\x6c\x61\x73\x73\x3d\x22\x66\x65\x61\
\x74\x68\x65\x72\x20\x66\x65\x61\x74\x68\x65\x72\x2d\x68\x65\x6c\
\x70\x2d\x63\x69\x72\x63\x6c\x65\x22\x3e\x3c\x63\x69\x72\x63\x6c\
\x65\x20\x63\x78\x3d\x22\x31\x32\x22\x20\x63\x79\x3d\x22\x31\x32\
\x22\x20\x72\x3d\x22\x31\x30\x22\x3e\x3c\x2f\x63\x69\x72\x63\x6c\
\x65\x3e\x3c\x70\x61\x74\x68\x20\x64\x3d\x22\x4d\x39\x2e\x30\x39\
\x20\x39\x61\x33\x20\x33\x20\x30\x20\x30\x20\x31\x20\x35\x2e\x38\
\x33\x20\x31\x63\x30\x20\x32\x2d\x33\x20\x33\x2d\x33\x20\x33\x22\
\x3e\x3c\x2f\x70\x61\x74\x68\x3e\x3c\x6c\x69\x6e\x65\x20\x78\x31\
\x3d\x22\x31\x32\x22\x20\x79\x31\x3d\x22\x31\x37\x22\x20\x78\x32\
\x3d\x22\x31\x32\x2e\x30\x31\x22\x20\x79\x32\x3d\x22\x31\x37\x22\
\x3e\x3c\x2f\x6c\x69\x6e\x65\x3e\x3c\x2f\x73\x76\x67\x3e\
\x00\x00\x01\x40\
\x3c\
\x73\x76\x67\x20\x78\x6d\x6c\x6e\x73\x3d\x22\x68\x74\x74\x70\x3a\
\x2f\x2f\x77\x77\x77\x2e\x77\x33\x2e\x6f\x72\x67\x2f\x32\x30\x30\
\x30\x2f\x73\x76\x67\x22\x20\x77\x69\x64\x74\x68\x3d\x22\x38\x30\
\x22\x20\x68\x65\x69\x67\x68\x74\x3d\x22\x38\x30\x22\x20\x76\x69\
\x65\x77\x42\x6f\x78\x3d\x22\x30\x20\x30\x20\x32\x34\x20\x32\x34\
\x22\x20\x66\x69\x6c\x6c\x3d\x22\x6e\x6f\x6e\x65\x22\x20\x73\x74\
\x72\x6f\x6b\x65\x3d\x22\x63\x75\x72\x72\x65\x6e\x74\x43\x6f\x6c\
\x6f\x72\x22\x20\x73\x74\x72\x6f\x6b\x65\x2d\x77\x69\x64\x74\x68\
\x3d\x22\x31\x2e\x35\x22\x20\x73\x74\x72\x6f\x6b\x65\x2d\x6c\x69\
\x6e\x65\x63\x61\x70\x3d\x22\x72\x6f\x75\x6e\x64\x22\x20\x73\x74\
\x72\x6f\x6b\x65\x2d\x6c\x69\x6e\x65\x6a\x6f\x69\x6e\x3d\x22\x72\
\x6f\x75\x6e\x64\x22\x20\x63\x6c\x61\x73\x73\x3d\x22\x66\x65\x61\
\x74\x68\x65\x72\x20\x66\x65\x61\x74\x68\x65\x72\x2d\x6f\x63\x74\
\x61\x67\x6f\x6e\x22\x3e\x3c\x70\x6f\x6c\x79\x67\x6f\x6e\x20\x70\
\x6f\x69\x6e\x74\x73\x3d\x22\x37\x2e\x38\x36\x20\x32\x20\x31\x36\
\x2e\x31\x34\x20\x32\x20\x32\x32\x20\x37\x2e\x38\x36\x20\x32\x32\
\x20\x31\x36\x2e\x31\x34\x20\x31\x36\x2e\x31\x34\x20\x32\x32\x20\
\x37\x2e\x38\x36\x20\x32\x32\x20\x32\x20\x31\x36\x2e\x31\x34\x20\
\x32\x20\x37\x2e\x38\x36\x20\x37\x2e\x38\x36\x20\x32\x22\x3e\x3c\
\x2f\x70\x6f\x6c\x79\x67\x6f\x6e\x3e\x3c\x2f\x73\x76\x67\x3e\
\x00\x00\x01\x48\
\x3c\
\x73\x76\x67\x20\x78\x6d\x6c\x6e\x73\x3d\x22\x68\x74\x74\x70\x3a\
\x2f\x2f\x77\x77\x77\x2e\x77\x33\x2e\x6f\x72\x67\x2f\x32\x30\x30\
\x30\x2f\x73\x76\x67\x22\x20\x77\x69\x64\x74\x68\x3d\x22\x38\x30\
\x22\x20\x68\x65\x69\x67\x68\x74\x3d\x22\x38\x30\x22\x20\x76\x69\
\x65\x77\x42\x6f\x78\x3d\x22\x30\x20\x30\x20\x32\x34\x20\x32\x34\
\x22\x20\x66\x69\x6c\x6c\x3d\x22\x6e\x6f\x6e\x65\x22\x20\x73\x74\
\x72\x6f\x6b\x65\x3d\x22\x63\x75\x72\x72\x65\x6e\x74\x43\x6f\x6c\
\x6f\x72\x22\x20\x73\x74\x72\x6f\x6b\x65\x2d\x77\x69\x64\x74\x68\
\x3d\x22\x31\x2e\x35\x22\x20\x73\x74\x72\x6f\x6b\x65\x2d\x6c\x69\
\x6e\x65\x63\x61\x70\x3d\x22\x72\x6f\x75\x6e\x64\x22\x20\x73\x74\
\x72\x6f\x6b\x65\x2d\x6c\x69\x6e\x65\x6a\x6f\x69\x6e\x3d\x22\x72\
\x6f\x75\x6e\x64\x22\x20\x63\x6c\x61\x73\x73\x3d\x22\x66\x65\x61\
\x74\x68\x65\x72\x20\x66\x65\x61\x74\x68\x65\x72\x2d\x63\x6f\x6c\
\x75\x6d\x6e\x73\x22\x3e\x3c\x70\x61\x74\x68\x20\x64\x3d\x22\x4d\
\x31\x32\x20\x33\x68\x37\x61\x32\x20\x32\x20\x30\x20\x30\x20\x31\
\x20\x32\x20\x32\x76\x31\x34\x61\x32\x20\x32\x20\x30\x20\x30\x20\
\x31\x2d\x32\x20\x32\x68\x2d\x37\x6d\x30\x2d\x31\x38\x48\x35\x61\
\x32\x20\x32\x20\x30\x20\x30\x20\x30\x2d\x32\x20\x32\x76\x31\x34\
\x61\x32\x20\x32\x20\x30\x20\x30\x20\x30\x20\x32\x20\x32\x68\x37\
\x6d\x30\x2d\x31\x38\x76\x31\x38\x22\x3e\x3c\x2f\x70\x61\x74\x68\
\x3e\x3c\x2f\x73\x76\x67\x3e\
\x00\x00\x01\x10\
\x3c\
\x73\x76\x67\x20\x78\x6d\x6c\x6e\x73\x3d\x22\x68\x74\x74\x70\x3a\
\x2f\x2f\x77\x77\x77\x2e\x77\x33\x2e\x6f\x72\x67\x2f\x32\x30\x30\
\x30\x2f\x73\x76\x67\x22\x20\x77\x69\x64\x74\x68\x3d\x22\x38\x30\
\x22\x20\x68\x65\x69\x67\x68\x74\x3d\x22\x38\x30\x22\x20\x76\x69\
\x65\x77\x42\x6f\x78\x3d\x22\x30\x20\x30\x20\x32\x34\x20\x32\x34\
\x22\x20\x66\x69\x6c\x6c\x3d\x22\x6e\x6f\x6e\x65\x22\x20\x73\x74\
\x72\x6f\x6b\x65\x3d\x22\x63\x75\x72\x72\x65\x6e\x74\x43\x6f\x6c\
\x6f\x72\x22\x20\x73\x74\x72\x6f\x6b\x65\x2d\x77\x69\x64\x74\x68\
\x3d\x22\x31\x2e\x35\x22\x20\x73\x74\x72\x6f\x6b\x65\x2d\x6c\x69\
\x6e\x65\x63\x61\x70\x3d\x22\x72\x6f\x75\x6e\x64\x22\x20\x73\x74\
\x72\x6f\x6b\x65\x2d\x6c\x69\x6e\x65\x6a\x6f\x69\x6e\x3d\x22\x72\
\x6f\x75\x6e\x64\x22\x20\x63\x6c\x61\x73\x73\x3d\x22\x66\x65\x61\
\x74\x68\x65\x72\x20\x66\x65\x61\x74\x68\x65\x72\x2d\x63\x68\x65\
\x76\x72\x6f\x6e\x2d\x72\x69\x67\x68\x74\x22\x3e\x3c\x70\x6f\x6c\
\x79\x6c\x69\x6e\x65\x20\x70\x6f\x69\x6e\x74\x73\x3d\x22\x39\x20\
\x31\x38\x20\x31\x35\x20\x31\x32\x20\x39\x20\x36\x22\x3e\x3c\x2f\
\x70\x6f\x6c\x79\x6c\x69\x6e\x65\x3e\x3c\x2f\x73\x76\x67\x3e\
\x00\x00\x01\x92\
\x3c\
\x73\x76\x67\x20\x78\x6d\x6c\x6e\x73\x3d\x22\x68\x74\x74\x70\x3a\
\x2f\x2f\x77\x77\x77\x2e\x77\x33\x2e\x6f\x72\x67\x2f\x32\x30\x30\
\x30\x2f\x73\x76\x67\x22\x20\x77\x69\x64\x74\x68\x3d\x22\x38\x30\
\x22\x20\x68\x65\x69\x67\x68\x74\x3d\x22\x38\x30\x22\x20\x76\x69\
\x65\x77\x42\x6f\x78\x3d\x22\x30\x20\x30\x20\x32\x34\x20\x32\x34\
\x22\x20\x66\x69\x6c\x6c\x3d\x22\x6e\x6f\x6e\x65\x22\x20\x73\x74\
\x72\x6f\x6b\x65\x3d\x22\x63\x75\x72\x72\x65\x6e\x74\x43\x6f\x6c\
\x6f\x72\x22\x20\x73\x74\x72\x6f\x6b\x65\x2d\x77\x69\x64\x74\x68\
\x3d\x22\x31\x2e\x35\x22\x20\x73\x74\x72\x6f\x6b\x65\x2d\x6c\x69\
\x6e\x65\x63\x61\x70\x3d\x22\x72\x6f\x75\x6e\x64\x22\x20\x73\x74\
\x72\x6f\x6b\x65\x2d\x6c\x69\x6e\x65\x6a\x6f\x69\x6e\x3d\x22\x72\
\x6f\x75\x6e\x64\x22\x20\x63\x6c\x61\x73\x73\x3d\x22\x66\x65\x61\
\x74\x68\x65\x72\x20\x66\x65\x61\x74\x68\x65\x72\x2d\x72\x65\x66\
\x72\x65\x73\x68\x2d\x63\x63\x77\x22\x3e\x3c\x70\x6f\x6c\x79\x6c\
\x69\x6e\x65\x20\x70\x6f\x69\x6e\x74\x73\x3d\x22\x31\x20\x34\x20\
\x31\x20\x31\x30\x20\x37\x20\x31\x30\x22\x3e\x3c\x2f\x70\x6f\x6c\
\x79\x6c\x69\x6e\x65\x3e\x3c\x70\x6f\x6c\x79\x6c\x69\x6e\x65\x20\
\x70\x6f\x69\x6e\x74\x73\x3d\x22\x32\x33\x20\x32\x30\x20\x32\x33\
\x20\x31\x34\x20\x31\x37\x20\x31\x34\x22\x3e\x3c\x2f\x70\x6f\x6c\
\x79\x6c\x69\x6e\x65\x3e\x3c\x70\x61\x74\x68\x20\x64\x3d\x22\x4d\
\x32\x30\x2e\x34\x39\x20\x39\x41\x39\x20\x39\x20\x30\x20\x30\x20\
\x30\x20\x35\x2e\x36\x34\x20\x35\x2e\x36\x34\x4c\x31\x20\x31\x30\
\x6d\x32\x32\x20\x34\x6c\x2d\x34\x2e\x36\x34\x20\x34\x2e\x33\x36\
\x41\x39\x20\x39\x20\x30\x20\x30\x20\x31\x20\x33\x2e\x35\x31\x20\
\x31\x35\x22\x3e\x3c\x2f\x70\x61\x74\x68\x3e\x3c\x2f\x73\x76\x67\
\x3e\
\x00\x00\x01\xf0\
\x3c\
\x73\x76\x67\x20\x78\x6d\x6c\x6e\x73\x3d\x22\x68\x74\x74\x70\x3a\
\x2f\x2f\x77\x77\x77\x2e\x77\x33\x2e\x6f\x72\x67\x2f\x32\x30\x30\
\x30\x2f\x73\x76\x67\x22\x20\x77\x69\x64\x74\x68\x3d\x22\x38\x30\
\x22\x20\x68\x65\x69\x67\x68\x74\x3d\x22\x38\x30\x22\x20\x76\x69\
\x65\x77\x42\x6f\x78\x3d\x22\x30\x20\x30\x20\x32\x34\x20\x32\x34\
\x22\x20\x66\x69\x6c\x6c\x3d\x22\x6e\x6f\x6e\x65\x22\x20\x73\x74\
\x72\x6f\x6b\x65\x3d\x22\x63\x75\x72\x72\x65\x6e\x74\x43\x6f\x6c\
\x6f\x72\x22\x20\x73\x74\x72\x6f\x6b\x65\x2d\x77\x69\x64\x74\x68\
\x3d\x22\x31\x2e\x35\x22\x20\x73\x74\x72\x6f\x6b\x65\x2d\x6c\x69\
\x6e\x65\x63\x61\x70\x3d\x22\x72\x6f\x75\x6e\x64\x22\x20\x73\x74\
\x72\x6f\x6b\x65\x2d\x6c\x69\x6e\x65\x6a\x6f\x69\x6e\x3d\x22\x72\
\x6f\x75\x6e\x64\x22\x20\x63\x6c\x61\x73\x73\x3d\x22\x66\x65\x61\
\x74\x68\x65\x72\x20\x66\x65\x61\x74\x68\x65\x72\x2d\x6d\x69\x63\
\x2d\x6f\x66\x66\x22\x3e\x3c\x6c\x69\x6e\x65\x20\x78\x31\x3d\x22\
\x31\x22\x20\x79\x31\x3d\x22\x31\x22\x20\x78\x32\x3d\x22\x32\x33\
\x22\x20\x79\x32\x3d\x22\x32\x33\x22\x3e\x3c\x2f\x6c\x69\x6e\x65\
\x3e\x3c\x70\x61\x74\x68\x20\x64\x3d\x22\x4d\x39\x20\x39\x76\x33\
\x61\x33\x20\x33\x20\x30\x20\x30\x20\x30\x20\x35\x2e\x31\x32\x20\
\x32\x2e\x31\x32\x4d\x31\x35\x20\x39\x2e\x33\x34\x56\x34\x61\x33\
\x20\x33\x20\x30\x20\x30\x20\x30\x2d\x35\x2e\x39\x34\x2d\x2e\x36\
\x22\x3e\x3c\x2f\x70\x61\x74\x68\x3e\x3c\x70\x61\x74\x68\x20\x64\
\x3d\x22\x4d\x31\x37\x20\x31\x36\x2e\x39\x35\x41\x37\x20\x37\x20\
\x30\x20\x30\x20\x31\x20\x35\x20\x31\x32\x76\x2d\x32\x6d\x31\x34\
\x20\x30\x76\x32\x61\x37\x20\x37\x20\x30\x20\x30\x20\x31\x2d\x2e\
\x31\x31\x20\x31\x2e\x32\x33\x22\x3e\x3c\x2f\x70\x61\x74\x68\x3e\
\x3c\x6c\x69\x6e\x65\x20\x78\x31\x3d\x22\x31\x32\x22\x20\x79\x31\
\x3d\x22\x31\x39\x22\x20\x78\x32\x3d\x22\x31\x32\x22\x20\x79\x32\
\x3d\x22\x32\x33\x22\x3e\x3c\x2f\x6c\x69\x6e\x65\x3e\x3c\x6c\x69\
\x6e\x65\x20\x78\x31\x3d\x22\x38\x22\x20\x79\x31\x3d\x22\x32\x33\
\x22\x20\x78\x32\x3d\x22\x31\x36\x22\x20\x79\x32\x3d\x22\x32\x33\
\x22\x3e\x3c\x2f\x6c\x69\x6e\x65\x3e\x3c\x2f\x73\x76\x67\x3e\
\x00\x00\x01\x38\
\x3c\
\x73\x76\x67\x20\x78\x6d\x6c\x6e\x73\x3d\x22\x68\x74\x74\x70\x3a\
\x2f\x2f\x77\x77\x77\x2e\x77\x33\x2e\x6f\x72\x67\x2f\x32\x30\x30\
\x30\x2f\x73\x76\x67\x22\x20\x77\x69\x64\x74\x68\x3d\x22\x38\x30\
\x22\x20\x68\x65\x69\x67\x68\x74\x3d\x22\x38\x30\x22\x20\x76\x69\
\x65\x77\x42\x6f\x78\x3d\x22\x30\x20\x30\x20\x32\x34\x20\x32\x34\
\x22\x20\x66\x69\x6c\x6c\x3d\x22\x6e\x6f\x6e\x65\x22\x20\x73\x74\
\x72\x6f\x6b\x65\x3d\x22\x63\x75\x72\x72\x65\x6e\x74\x43\x6f\x6c\
\x6f\x72\x22\x20\x73\x74\x72\x6f\x6b\x65\x2d\x77\x69\x64\x74\x68\
\x3d\x22\x31\x2e\x35\x22\x20\x73\x74\x72\x6f\x6b\x65\x2d\x6c\x69\
\x6e\x65\x63\x61\x70\x3d\x22\x72\x6f\x75\x6e\x64\x22\x20\x73\x74\
\x72\x6f\x6b\x65\x2d\x6c\x69\x6e\x65\x6a\x6f\x69\x6e\x3d\x22\x72\
\x6f\x75\x6e\x64\x22\x20\x63\x6c\x61\x73\x73\x3d\x22\x66\x65\x61\
\x74\x68\x65\x72\x20\x66\x65\x61\x74\x68\x65\x72\x2d\x61\x72\x72\
\x6f\x77\x2d\x75\x70\x22\x3e\x3c\x6c\x69\x6e\x65\x20\x78\x31\x3d\
\x22\x31\x32\x22\x20\x79\x31\x3d\x22\x31\x39\x22\x20\x78\x32\x3d\
\x22\x31\x32\x22\x20\x79\x32\x3d\x22\x35\x22\x3e\x3c\x2f\x6c\x69\
\x6e\x65\x3e\x3c\x70\x6f\x6c\x79\x6c\x69\x6e\x65\x20\x70\x6f\x69\
\x6e\x74\x73\x3d\x22\x35\x20\x31\x32\x20\x31\x32\x20\x35\x20\x31\
\x39\x20\x31\x32\x22\x3e\x3c\x2f\x70\x6f\x6c\x79\x6c\x69\x6e\x65\
\x3e\x3c\x2f\x73\x76\x67\x3e\
\x00\x00\x01\x64\
\x3c\
\x73\x76\x67\x20\x78\x6d\x6c\x6e\x73\x3d\x22\x68\x74\x74\x70\x3a\
\x2f\x2f\x77\x77\x77\x2e\x77\x33\x2e\x6f\x72\x67\x2f\x32\x30\x30\
\x30\x2f\x73\x76\x67\x22\x20\x77\x69\x64\x74\x68\x3d\x22\x38\x30\
\x22\x20\x68\x65\x69\x67\x68\x74\x3d\x22\x38\x30\x22\x20\x76\x69\
\x65\x77\x42\x6f\x78\x3d\x22\x30\x20\x30\x20\x32\x34\x20\x32\x34\
\x22\x20\x66\x69\x6c\x6c\x3d\x22\x6e\x6f\x6e\x65\x22\x20\x73\x74\
\x72\x6f\x6b\x65\x3d\x22\x63\x75\x72\x72\x65\x6e\x74\x43\x6f\x6c\
\x6f\x72\x22\x20\x73\x74\x72\x6f\x6b\x65\x2d\x77\x69\x64\x74\x68\
\x3d\x22\x31\x2e\x35\x22\x20\x73\x74\x72\x6f\x6b\x65\x2d\x6c\x69\
\x6e\x65\x63\x61\x70\x3d\x22\x72\x6f\x75\x6e\x64\x22\x20\x73\x74\
\x72\x6f\x6b\x65\x2d\x6c\x69\x6e\x65\x6a\x6f\x69\x6e\x3d\x22\x72\
\x6f\x75\x6e\x64\x22\x20\x63\x6c\x61\x73\x73\x3d\x22\x66\x65\x61\
\x74\x68\x65\x72\x20\x66\x65\x61\x74\x68\x65\x72\x2d\x6d\x61\x69\
\x6c\x22\x3e\x3c\x70\x61\x74\x68\x20\x64\x3d\x22\x4d\x34\x20\x34\
\x68\x31\x36\x63\x31\x2e\x31\x20\x30\x20\x32\x20\x2e\x39\x20\x32\
\x20\x32\x76\x31\x32\x63\x30\x20\x31\x2e\x31\x2d\x2e\x39\x20\x32\
\x2d\x32\x20\x32\x48\x34\x63\x2d\x31\x2e\x31\x20\x30\x2d\x32\x2d\
\x2e\x39\x2d\x32\x2d\x32\x56\x36\x63\x30\x2d\x31\x2e\x31\x2e\x39\
\x2d\x32\x20\x32\x2d\x32\x7a\x22\x3e\x3c\x2f\x70\x61\x74\x68\x3e\
\x3c\x70\x6f\x6c\x79\x6c\x69\x6e\x65\x20\x70\x6f\x69\x6e\x74\x73\
\x3d\x22\x32\x32\x2c\x36\x20\x31\x32\x2c\x31\x33\x20\x32\x2c\x36\
\x22\x3e\x3c\x2f\x70\x6f\x6c\x79\x6c\x69\x6e\x65\x3e\x3c\x2f\x73\
\x76\x67\x3e\
\x00\x00\x02\x4c\
\x3c\
\x73\x76\x67\x20\x78\x6d\x6c\x6e\x73\x3d\x22\x68\x74\x74\x70\x3a\
\x2f\x2f\x77\x77\x77\x2e\x77\x33\x2e\x6f\x72\x67\x2f\x32\x30\x30\
\x30\x2f\x73\x76\x67\x22\x20\x77\x69\x64\x74\x68\x3d\x22\x38\x30\
\x22\x20\x68\x65\x69\x67\x68\x74\x3d\x22\x38\x30\x22\x20\x76\x69\
\x65\x77\x42\x6f\x78\x3d\x22\x30\x20\x30\x20\x32\x34\x20\x32\x34\
\x22\x20\x66\x69\x6c\x6c\x3d\x22\x6e\x6f\x6e\x65\x22\x20\x73\x74\
\x72\x6f\x6b\x65\x3d\x22\x63\x75\x72\x72\x65\x6e\x74\x43\x6f\x6c\
\x6f\x72\x22\x20\x73\x74\x72\x6f\x6b\x65\x2d\x77\x69\x64\x74\x68\
\x3d\x22\x31\x2e\x35\x22\x20\x73\x74\x72\x6f\x6b\x65\x2d\x6c\x69\
\x6e\x65\x63\x61\x70\x3d\x22\x72\x6f\x75\x6e\x64\x22\x20\x73\x74\
\x72\x6f\x6b\x65\x2d\x6c\x69\x6e\x65\x6a\x6f\x69\x6e\x3d\x22\x72\
\x6f\x75\x6e\x64\x22\x20\x63\x6c\x61\x73\x73\x3d\x22\x66\x65\x61\
\x74\x68\x65\x72\x20\x66\x65\x61\x74\x68\x65\x72\x2d\x66\x69\x6c\
\x6d\x22\x3e\x3c\x72\x65\x63\x74\x20\x78\x3d\x22\x32\x22\x20\x79\
\x3d\x22\x32\x22\x20\x77\x69\x64\x74\x68\x3d\x22\x32\x30\x22\x20\
\x68\x65\x69\x67\x68\x74\x3d\x22\x32\x30\x22\x20\x72\x78\x3d\x22\
\x32\x2e\x31\x38\x22\x20\x72\x79\x3d\x22\x32\x2e\x31\x38\x22\x3e\
\x3c\x2f\x72\x65\x63\x74\x3e\x3c\x6c\x69\x6e\x65\x20\x78\x31\x3d\
\x22\x37\x22\x20\x79\x31\x3d\x22\x32\x22\x20\x78\x32\x3d\x22\x37\
\x22\x20\x79\x32\x3d\x22\x32\x32\x22\x3e\x3c\x2f\x6c\x69\x6e\x65\
\x3e\x3c\x6c\x69\x6e\x65\x20\x78\x31\x3d\x22\x31\x37\x22\x20\x79\
\x31\x3d\x22\x32\x22\x20\x78\x32\x3d\x22\x31\x37\x22\x20\x79\x32\
\x3d\x22\x32\x32\x22\x3e\x3c\x2f\x6c\x69\x6e\x65\x3e\x3c\x6c\x69\
\x6e\x65\x20\x78\x31\x3d\x22\x32\x22\x20\x79\x31\x3d\x22\x31\x32\
\x22\x20\x78\x32\x3d\x22\x32\x32\x22\x20\x79\x32\x3d\x22\x31\x32\
\x22\x3e\x3c\x2f\x6c\x69\x6e\x65\x3e\x3c\x6c\x69\x6e\x65\x20\x78\
\x31\x3d\x22\x32\x22\x20\x79\x31\x3d\x22\x37\x22\x20\x78\x32\x3d\
\x22\x37\x22\x20\x79\x32\x3d\x22\x37\x22\x3e\x3c\x2f\x6c\x69\x6e\
\x65\x3e\x3c\x6c\x69\x6e\x65\x20\x78\x31\x3d\x22\x32\x22\x20\x79\
\x31\x3d\x22\x31\x37\x22\x20\x78\x32\x3d\x22\x37\x22\x20\x79\x32\
\x3d\x22\x31\x37\x22\x3e\x3c\x2f\x6c\x69\x6e\x65\x3e\x3c\x6c\x69\
\x6e\x65\x20\x78\x31\x3d\x22\x31\x37\x22\x20\x79\x31\x3d\x22\x31\
\x37\x22\x20\x78\x32\x3d\x22\x32\x32\x22\x20\x79\x32\x3d\x22\x31\
\x37\x22\x3e\x3c\x2f\x6c\x69\x6e\x65\x3e\x3c\x6c\x69\x6e\x65\x20\
\x78\x31\x3d\x22\x31\x37\x22\x20\x79\x31\x3d\x22\x37\x22\x20\x78\
\x32\x3d\x22\x32\x32\x22\x20\x79\x32\x3d\x22\x37\x22\x3e\x3c\x2f\
\x6c\x69\x6e\x65\x3e\x3c\x2f\x73\x76\x67\x3e\
\x00\x00\x01\x77\
\x3c\
\x73\x76\x67\x20\x78\x6d\x6c\x6e\x73\x3d\x22\x68\x74\x74\x70\x3a\
\x2f\x2f\x77\x77\x77\x2e\x77\x33\x2e\x6f\x72\x67\x2f\x32\x30\x30\
\x30\x2f\x73\x76\x67\x22\x20\x77\x69\x64\x74\x68\x3d\x22\x38\x30\
\x22\x20\x68\x65\x69\x67\x68\x74\x3d\x22\x38\x30\x22\x20\x76\x69\
\x65\x77\x42\x6f\x78\x3d\x22\x30\x20\x30\x20\x32\x34\x20\x32\x34\
\x22\x20\x66\x69\x6c\x6c\x3d\x22\x6e\x6f\x6e\x65\x22\x20\x73\x74\
\x72\x6f\x6b\x65\x3d\x22\x63\x75\x72\x72\x65\x6e\x74\x43\x6f\x6c\
\x6f\x72\x22\x20\x73\x74\x72\x6f\x6b\x65\x2d\x77\x69\x64\x74\x68\
\x3d\x22\x31\x2e\x35\x22\x20\x73\x74\x72\x6f\x6b\x65\x2d\x6c\x69\
\x6e\x65\x63\x61\x70\x3d\x22\x72\x6f\x75\x6e\x64\x22\x20\x73\x74\
\x72\x6f\x6b\x65\x2d\x6c\x69\x6e\x65\x6a\x6f\x69\x6e\x3d\x22\x72\
\x6f\x75\x6e\x64\x22\x20\x63\x6c\x61\x73\x73\x3d\x22\x66\x65\x61\
\x74\x68\x65\x72\x20\x66\x65\x61\x74\x68\x65\x72\x2d\x6d\x61\x70\
\x22\x3e\x3c\x70\x6f\x6c\x79\x67\x6f\x6e\x20\x70\x6f\x69\x6e\x74\
\x73\x3d\x22\x31\x20\x36\x20\x31\x20\x32\x32\x20\x38\x20\x31\x38\
\x20\x31\x36\x20\x32\x32\x20\x32\x33\x20\x31\x38\x20\x32\x33\x20\
\x32\x20\x31\x36\x20\x36\x20\x38\x20\x32\x20\x31\x20\x36\x22\x3e\
\x3c\x2f\x70\x6f\x6c\x79\x67\x6f\x6e\x3e\x3c\x6c\x69\x6e\x65\x20\
\x78\x31\x3d\x22\x38\x22\x20\x79\x31\x3d\x22\x32\x22\x20\x78\x32\
\x3d\x22\x38\x22\x20\x79\x32\x3d\x22\x31\x38\x22\x3e\x3c\x2f\x6c\
\x69\x6e\x65\x3e\x3c\x6c\x69\x6e\x65\x20\x78\x31\x3d\x22\x31\x36\
\x22\x20\x79\x31\x3d\x22\x36\x22\x20\x78\x32\x3d\x22\x31\x36\x22\
\x20\x79\x32\x3d\x22\x32\x32\x22\x3e\x3c\x2f\x6c\x69\x6e\x65\x3e\
\x3c\x2f\x73\x76\x67\x3e\
\x00\x00\x01\x43\
\x3c\
\x73\x76\x67\x20\x78\x6d\x6c\x6e\x73\x3d\x22\x68\x74\x74\x70\x3a\
\x2f\x2f\x77\x77\x77\x2e\x77\x33\x2e\x6f\x72\x67\x2f\x32\x30\x30\
\x30\x2f\x73\x76\x67\x22\x20\x77\x69\x64\x74\x68\x3d\x22\x38\x30\
\x22\x20\x68\x65\x69\x67\x68\x74\x3d\x22\x38\x30\x22\x20\x76\x69\
\x65\x77\x42\x6f\x78\x3d\x22\x30\x20\x30\x20\x32\x34\x20\x32\x34\
\x22\x20\x66\x69\x6c\x6c\x3d\x22\x6e\x6f\x6e\x65\x22\x20\x73\x74\
\x72\x6f\x6b\x65\x3d\x22\x63\x75\x72\x72\x65\x6e\x74\x43\x6f\x6c\
\x6f\x72\x22\x20\x73\x74\x72\x6f\x6b\x65\x2d\x77\x69\x64\x74\x68\
\x3d\x22\x31\x2e\x35\x22\x20\x73\x74\x72\x6f\x6b\x65\x2d\x6c\x69\
\x6e\x65\x63\x61\x70\x3d\x22\x72\x6f\x75\x6e\x64\x22\x20\x73\x74\
\x72\x6f\x6b\x65\x2d\x6c\x69\x6e\x65\x6a\x6f\x69\x6e\x3d\x22\x72\
\x6f\x75\x6e\x64\x22\x20\x63\x6c\x61\x73\x73\x3d\x22\x66\x65\x61\
\x74\x68\x65\x72\x20\x66\x65\x61\x74\x68\x65\x72\x2d\x72\x6f\x74\
\x61\x74\x65\x2d\x63\x77\x22\x3e\x3c\x70\x6f\x6c\x79\x6c\x69\x6e\
\x65\x20\x70\x6f\x69\x6e\x74\x73\x3d\x22\x32\x33\x20\x34\x20\x32\
\x33\x20\x31\x30\x20\x31\x37\x20\x31\x30\x22\x3e\x3c\x2f\x70\x6f\
\x6c\x79\x6c\x69\x6e\x65\x3e\x3c\x70\x61\x74\x68\x20\x64\x3d\x22\
\x4d\x32\x30\x2e\x34\x39\x20\x31\x35\x61\x39\x20\x39\x20\x30\x20\
\x31\x20\x31\x2d\x32\x2e\x31\x32\x2d\x39\x2e\x33\x36\x4c\x32\x33\
\x20\x31\x30\x22\x3e\x3c\x2f\x70\x61\x74\x68\x3e\x3c\x2f\x73\x76\
\x67\x3e\
\x00\x00\x01\xd0\
\x3c\
\x73\x76\x67\x20\x78\x6d\x6c\x6e\x73\x3d\x22\x68\x74\x74\x70\x3a\
\x2f\x2f\x77\x77\x77\x2e\x77\x33\x2e\x6f\x72\x67\x2f\x32\x30\x30\
\x30\x2f\x73\x76\x67\x22\x20\x77\x69\x64\x74\x68\x3d\x22\x38\x30\
\x22\x20\x68\x65\x69\x67\x68\x74\x3d\x22\x38\x30\x22\x20\x76\x69\
\x65\x77\x42\x6f\x78\x3d\x22\x30\x20\x30\x20\x32\x34\x20\x32\x34\
\x22\x20\x66\x69\x6c\x6c\x3d\x22\x6e\x6f\x6e\x65\x22\x20\x73\x74\
\x72\x6f\x6b\x65\x3d\x22\x63\x75\x72\x72\x65\x6e\x74\x43\x6f\x6c\
\x6f\x72\x22\x20\x73\x74\x72\x6f\x6b\x65\x2d\x77\x69\x64\x74\x68\
\x3d\x22\x31\x2e\x35\x22\x20\x73\x74\x72\x6f\x6b\x65\x2d\x6c\x69\
\x6e\x65\x63\x61\x70\x3d\x22\x72\x6f\x75\x6e\x64\x22\x20\x73\x74\
\x72\x6f\x6b\x65\x2d\x6c\x69\x6e\x65\x6a\x6f\x69\x6e\x3d\x22\x72\
\x6f\x75\x6e\x64\x22\x20\x63\x6c\x61\x73\x73\x3d\x22\x66\x65\x61\
\x74\x68\x65\x72\x20\x66\x65\x61\x74\x68\x65\x72\x2d\x62\x6f\x78\
\x22\x3e\x3c\x70\x61\x74\x68\x20\x64\x3d\x22\x4d\x32\x31\x20\x31\
\x36\x56\x38\x61\x32\x20\x32\x20\x30\x20\x30\x20\x30\x2d\x31\x2d\
\x31\x2e\x37\x33\x6c\x2d\x37\x2d\x34\x61\x32\x20\x32\x20\x30\x20\
\x30\x20\x30\x2d\x32\x20\x30\x6c\x2d\x37\x20\x34\x41\x32\x20\x32\
\x20\x30\x20\x30\x20\x30\x20\x33\x20\x38\x76\x38\x61\x32\x20\x32\
\x20\x30\x20\x30\x20\x30\x20\x31\x20\x31\x2e\x37\x33\x6c\x37\x20\
\x34\x61\x32\x20\x32\x20\x30\x20\x30\x20\x30\x20\x32\x20\x30\x6c\
\x37\x2d\x34\x41\x32\x20\x32\x20\x30\x20\x30\x20\x30\x20\x32\x31\
\x20\x31\x36\x7a\x22\x3e\x3c\x2f\x70\x61\x74\x68\x3e\x3c\x70\x6f\
\x6c\x79\x6c\x69\x6e\x65\x20\x70\x6f\x69\x6e\x74\x73\x3d\x22\x33\
\x2e\x32\x37\x20\x36\x2e\x39\x36\x20\x31\x32\x20\x31\x32\x2e\x30\
\x31\x20\x32\x30\x2e\x37\x33\x20\x36\x2e\x39\x36\x22\x3e\x3c\x2f\
\x70\x6f\x6c\x79\x6c\x69\x6e\x65\x3e\x3c\x6c\x69\x6e\x65\x20\x78\
\x31\x3d\x22\x31\x32\x22\x20\x79\x31\x3d\x22\x32\x32\x2e\x30\x38\
\x22\x20\x78\x32\x3d\x22\x31\x32\x22\x20\x79\x32\x3d\x22\x31\x32\
\x22\x3e\x3c\x2f\x6c\x69\x6e\x65\x3e\x3c\x2f\x73\x76\x67\x3e\
\x00\x00\x02\x80\
\x3c\
\x73\x76\x67\x20\x78\x6d\x6c\x6e\x73\x3d\x22\x68\x74\x74\x70\x3a\
\x2f\x2f\x77\x77\x77\x2e\x77\x33\x2e\x6f\x72\x67\x2f\x32\x30\x30\
\x30\x2f\x73\x76\x67\x22\x20\x77\x69\x64\x74\x68\x3d\x22\x38\x30\
\x22\x20\x68\x65\x69\x67\x68\x74\x3d\x22\x38\x30\x22\x20\x76\x69\
\x65\x77\x42\x6f\x78\x3d\x22\x30\x20\x30\x20\x32\x34\x20\x32\x34\
\x22\x20\x66\x69\x6c\x6c\x3d\x22\x6e\x6f\x6e\x65\x22\x20\x73\x74\
\x72\x6f\x6b\x65\x3d\x22\x63\x75\x72\x72\x65\x6e\x74\x43\x6f\x6c\
\x6f\x72\x22\x20\x73\x74\x72\x6f\x6b\x65\x2d\x77\x69\x64\x74\x68\
\x3d\x22\x31\x2e\x35\x22\x20\x73\x74\x72\x6f\x6b\x65\x2d\x6c\x69\
\x6e\x65\x63\x61\x70\x3d\x22\x72\x6f\x75\x6e\x64\x22\x20\x73\x74\
\x72\x6f\x6b\x65\x2d\x6c\x69\x6e\x65\x6a\x6f\x69\x6e\x3d\x22\x72\
\x6f\x75\x6e\x64\x22\x20\x63\x6c\x61\x73\x73\x3d\x22\x66\x65\x61\
\x74\x68\x65\x72\x20\x66\x65\x61\x74\x68\x65\x72\x2d\x63\x6f\x64\
\x65\x73\x61\x6e\x64\x62\x6f\x78\x22\x3e\x3c\x70\x61\x74\x68\x20\
\x64\x3d\x22\x4d\x32\x31\x20\x31\x36\x56\x38\x61\x32\x20\x32\x20\
\x30\x20\x30\x20\x30\x2d\x31\x2d\x31\x2e\x37\x33\x6c\x2d\x37\x2d\
\x34\x61\x32\x20\x32\x20\x30\x20\x30\x20\x30\x2d\x32\x20\x30\x6c\
\x2d\x37\x20\x34\x41\x32\x20\x32\x20\x30\x20\x30\x20\x30\x20\x33\
\x20\x38\x76\x38\x61\x32\x20\x32\x20\x30\x20\x30\x20\x30\x20\x31\
\x20\x31\x2e\x37\x33\x6c\x37\x20\x34\x61\x32\x20\x32\x20\x30\x20\
\x30\x20\x30\x20\x32\x20\x30\x6c\x37\x2d\x34\x41\x32\x20\x32\x20\
\x30\x20\x30\x20\x30\x20\x32\x31\x20\x31\x36\x7a\x22\x3e\x3c\x2f\
\x70\x61\x74\x68\x3e\x3c\x70\x6f\x6c\x79\x6c\x69\x6e\x65\x20\x70\
\x6f\x69\x6e\x74\x73\x3d\x22\x37\x2e\x35\x20\x34\x2e\x32\x31\x20\
\x31\x32\x20\x36\x2e\x38\x31\x20\x31\x36\x2e\x35\x20\x34\x2e\x32\
\x31\x22\x3e\x3c\x2f\x70\x6f\x6c\x79\x6c\x69\x6e\x65\x3e\x3c\x70\
\x6f\x6c\x79\x6c\x69\x6e\x65\x20\x70\x6f\x69\x6e\x74\x73\x3d\x22\
\x37\x2e\x35\x20\x31\x39\x2e\x37\x39\x20\x37\x2e\x35\x20\x31\x34\
\x2e\x36\x20\x33\x20\x31\x32\x22\x3e\x3c\x2f\x70\x6f\x6c\x79\x6c\
\x69\x6e\x65\x3e\x3c\x70\x6f\x6c\x79\x6c\x69\x6e\x65\x20\x70\x6f\
\x69\x6e\x74\x73\x3d\x22\x32\x31\x20\x31\x32\x20\x31\x36\x2e\x35\
\x20\x31\x34\x2e\x36\x20\x31\x36\x2e\x35\x20\x31\x39\x2e\x37\x39\
\x22\x3e\x3c\x2f\x70\x6f\x6c\x79\x6c\x69\x6e\x65\x3e\x3c\x70\x6f\
\x6c\x79\x6c\x69\x6e\x65\x20\x70\x6f\x69\x6e\x74\x73\x3d\x22\x33\
\x2e\x32\x37\x20\x36\x2e\x39\x36\x20\x31\x32\x20\x31\x32\x2e\x30\
\x31\x20\x32\x30\x2e\x37\x33\x20\x36\x2e\x39\x36\x22\x3e\x3c\x2f\
\x70\x6f\x6c\x79\x6c\x69\x6e\x65\x3e\x3c\x6c\x69\x6e\x65\x20\x78\
\x31\x3d\x22\x31\x32\x22\x20\x79\x31\x3d\x22\x32\x32\x2e\x30\x38\
\x22\x20\x78\x32\x3d\x22\x31\x32\x22\x20\x79\x32\x3d\x22\x31\x32\
\x22\x3e\x3c\x2f\x6c\x69\x6e\x65\x3e\x3c\x2f\x73\x76\x67\x3e\
\x00\x00\x01\xb1\
\x3c\
\x73\x76\x67\x20\x78\x6d\x6c\x6e\x73\x3d\x22\x68\x74\x74\x70\x3a\
\x2f\x2f\x77\x77\x77\x2e\x77\x33\x2e\x6f\x72\x67\x2f\x32\x30\x30\
\x30\x2f\x73\x76\x67\x22\x20\x77\x69\x64\x74\x68\x3d\x22\x38\x30\
\x22\x20\x68\x65\x69\x67\x68\x74\x3d\x22\x38\x30\x22\x20\x76\x69\
\x65\x77\x42\x6f\x78\x3d\x22\x30\x20\x30\x20\x32\x34\x20\x32\x34\
\x22\x20\x66\x69\x6c\x6c\x3d\x22\x6e\x6f\x6e\x65\x22\x20\x73\x74\
\x72\x6f\x6b\x65\x3d\x22\x63\x75\x72\x72\x65\x6e\x74\x43\x6f\x6c\
\x6f\x72\x22\x20\x73\x74\x72\x6f\x6b\x65\x2d\x77\x69\x64\x74\x68\
\x3d\x22\x31\x2e\x35\x22\x20\x73\x74\x72\x6f\x6b\x65\x2d\x6c\x69\
\x6e\x65\x63\x61\x70\x3d\x22\x72\x6f\x75\x6e\x64\x22\x20\x73\x74\
\x72\x6f\x6b\x65\x2d\x6c\x69\x6e\x65\x6a\x6f\x69\x6e\x3d\x22\x72\
\x6f\x75\x6e\x64\x22\x20\x63\x6c\x61\x73\x73\x3d\x22\x66\x65\x61\
\x74\x68\x65\x72\x20\x66\x65\x61\x74\x68\x65\x72\x2d\x66\x69\x6c\
\x65\x2d\x70\x6c\x75\x73\x22\x3e\x3c\x70\x61\x74\x68\x20\x64\x3d\
\x22\x4d\x31\x34\x20\x32\x48\x36\x61\x32\x20\x32\x20\x30\x20\x30\
\x20\x30\x2d\x32\x20\x32\x76\x31\x36\x61\x32\x20\x32\x20\x30\x20\
\x30\x20\x30\x20\x32\x20\x32\x68\x31\x32\x61\x32\x20\x32\x20\x30\
\x20\x30\x20\x30\x20\x32\x2d\x32\x56\x38\x7a\x22\x3e\x3c\x2f\x70\
\x61\x74\x68\x3e\x3c\x70\x6f\x6c\x79\x6c\x69\x6e\x65\x20\x70\x6f\
\x69\x6e\x74\x73\x3d\x22\x31\x34\x20\x32\x20\x31\x34\x20\x38\x20\
\x32\x30\x20\x38\x22\x3e\x3c\x2f\x70\x6f\x6c\x79\x6c\x69\x6e\x65\
\x3e\x3c\x6c\x69\x6e\x65\x20\x78\x31\x3d\x22\x31\x32\x22\x20\x79\
\x31\x3d\x22\x31\x38\x22\x20\x78\x32\x3d\x22\x31\x32\x22\x20\x79\
\x32\x3d\x22\x31\x32\x22\x3e\x3c\x2f\x6c\x69\x6e\x65\x3e\x3c\x6c\
\x69\x6e\x65\x20\x78\x31\x3d\x22\x39\x22\x20\x79\x31\x3d\x22\x31\
\x35\x22\x20\x78\x32\x3d\x22\x31\x35\x22\x20\x79\x32\x3d\x22\x31\
\x35\x22\x3e\x3c\x2f\x6c\x69\x6e\x65\x3e\x3c\x2f\x73\x76\x67\x3e\
\
\x00\x00\x01\x74\
\x3c\
\x73\x76\x67\x20\x78\x6d\x6c\x6e\x73\x3d\x22\x68\x74\x74\x70\x3a\
\x2f\x2f\x77\x77\x77\x2e\x77\x33\x2e\x6f\x72\x67\x2f\x32\x30\x30\
\x30\x2f\x73\x76\x67\x22\x20\x77\x69\x64\x74\x68\x3d\x22\x38\x30\
\x22\x20\x68\x65\x69\x67\x68\x74\x3d\x22\x38\x30\x22\x20\x76\x69\
\x65\x77\x42\x6f\x78\x3d\x22\x30\x20\x30\x20\x32\x34\x20\x32\x34\
\x22\x20\x66\x69\x6c\x6c\x3d\x22\x6e\x6f\x6e\x65\x22\x20\x73\x74\
\x72\x6f\x6b\x65\x3d\x22\x63\x75\x72\x72\x65\x6e\x74\x43\x6f\x6c\
\x6f\x72\x22\x20\x73\x74\x72\x6f\x6b\x65\x2d\x77\x69\x64\x74\x68\
\x3d\x22\x31\x2e\x35\x22\x20\x73\x74\x72\x6f\x6b\x65\x2d\x6c\x69\
\x6e\x65\x63\x61\x70\x3d\x22\x72\x6f\x75\x6e\x64\x22\x20\x73\x74\
\x72\x6f\x6b\x65\x2d\x6c\x69\x6e\x65\x6a\x6f\x69\x6e\x3d\x22\x72\
\x6f\x75\x6e\x64\x22\x20\x63\x6c\x61\x73\x73\x3d\x22\x66\x65\x61\
\x74\x68\x65\x72\x20\x66\x65\x61\x74\x68\x65\x72\x2d\x64\x6f\x77\
\x6e\x6c\x6f\x61\x64\x22\x3e\x3c\x70\x61\x74\x68\x20\x64\x3d\x22\
\x4d\x32\x31\x20\x31\x35\x76\x34\x61\x32\x20\x32\x20\x30\x20\x30\
\x20\x31\x2d\x32\x20\x32\x48\x35\x61\x32\x20\x32\x20\x30\x20\x30\
\x20\x31\x2d\x32\x2d\x32\x76\x2d\x34\x22\x3e\x3c\x2f\x70\x61\x74\
\x68\x3e\x3c\x70\x6f\x6c\x79\x6c\x69\x6e\x65\x20\x70\x6f\x69\x6e\
\x74\x73\x3d\x22\x37\x20\x31\x30\x20\x31\x32\x20\x31\x35\x20\x31\
\x37\x20\x31\x30\x22\x3e\x3c\x2f\x70\x6f\x6c\x79\x6c\x69\x6e\x65\
\x3e\x3c\x6c\x69\x6e\x65\x20\x78\x31\x3d\x22\x31\x32\x22\x20\x79\
\x31\x3d\x22\x31\x35\x22\x20\x78\x32\x3d\x22\x31\x32\x22\x20\x79\
\x32\x3d\x22\x33\x22\x3e\x3c\x2f\x6c\x69\x6e\x65\x3e\x3c\x2f\x73\
\x76\x67\x3e\
\x00\x00\x02\x37\
\x3c\
\x73\x76\x67\x20\x78\x6d\x6c\x6e\x73\x3d\x22\x68\x74\x74\x70\x3a\
\x2f\x2f\x77\x77\x77\x2e\x77\x33\x2e\x6f\x72\x67\x2f\x32\x30\x30\
\x30\x2f\x73\x76\x67\x22\x20\x77\x69\x64\x74\x68\x3d\x22\x38\x30\
\x22\x20\x68\x65\x69\x67\x68\x74\x3d\x22\x38\x30\x22\x20\x76\x69\
\x65\x77\x42\x6f\x78\x3d\x22\x30\x20\x30\x20\x32\x34\x20\x32\x34\
\x22\x20\x66\x69\x6c\x6c\x3d\x22\x6e\x6f\x6e\x65\x22\x20\x73\x74\
\x72\x6f\x6b\x65\x3d\x22\x63\x75\x72\x72\x65\x6e\x74\x43\x6f\x6c\
\x6f\x72\x22\x20\x73\x74\x72\x6f\x6b\x65\x2d\x77\x69\x64\x74\x68\
\x3d\x22\x31\x2e\x35\x22\x20\x73\x74\x72\x6f\x6b\x65\x2d\x6c\x69\
\x6e\x65\x63\x61\x70\x3d\x22\x72\x6f\x75\x6e\x64\x22\x20\x73\x74\
\x72\x6f\x6b\x65\x2d\x6c\x69\x6e\x65\x6a\x6f\x69\x6e\x3d\x22\x72\
\x6f\x75\x6e\x64\x22\x20\x63\x6c\x61\x73\x73\x3d\x22\x66\x65\x61\
\x74\x68\x65\x72\x20\x66\x65\x61\x74\x68\x65\x72\x2d\x79\x6f\x75\
\x74\x75\x62\x65\x22\x3e\x3c\x70\x61\x74\x68\x20\x64\x3d\x22\x4d\
\x32\x32\x2e\x35\x34\x20\x36\x2e\x34\x32\x61\x32\x2e\x37\x38\x20\
\x32\x2e\x37\x38\x20\x30\x20\x30\x20\x30\x2d\x31\x2e\x39\x34\x2d\
\x32\x43\x31\x38\x2e\x38\x38\x20\x34\x20\x31\x32\x20\x34\x20\x31\
\x32\x20\x34\x73\x2d\x36\x2e\x38\x38\x20\x30\x2d\x38\x2e\x36\x2e\
\x34\x36\x61\x32\x2e\x37\x38\x20\x32\x2e\x37\x38\x20\x30\x20\x30\
\x20\x30\x2d\x31\x2e\x39\x34\x20\x32\x41\x32\x39\x20\x32\x39\x20\
\x30\x20\x30\x20\x30\x20\x31\x20\x31\x31\x2e\x37\x35\x61\x32\x39\
\x20\x32\x39\x20\x30\x20\x30\x20\x30\x20\x2e\x34\x36\x20\x35\x2e\
\x33\x33\x41\x32\x2e\x37\x38\x20\x32\x2e\x37\x38\x20\x30\x20\x30\
\x20\x30\x20\x33\x2e\x34\x20\x31\x39\x63\x31\x2e\x37\x32\x2e\x34\
\x36\x20\x38\x2e\x36\x2e\x34\x36\x20\x38\x2e\x36\x2e\x34\x36\x73\
\x36\x2e\x38\x38\x20\x30\x20\x38\x2e\x36\x2d\x2e\x34\x36\x61\x32\
\x2e\x37\x38\x20\x32\x2e\x37\x38\x20\x30\x20\x30\x20\x30\x20\x31\
\x2e\x39\x34\x2d\x32\x20\x32\x39\x20\x32\x39\x20\x30\x20\x30\x20\
\x30\x20\x2e\x34\x36\x2d\x35\x2e\x32\x35\x20\x32\x39\x20\x32\x39\
\x20\x30\x20\x30\x20\x30\x2d\x2e\x34\x36\x2d\x35\x2e\x33\x33\x7a\
\x22\x3e\x3c\x2f\x70\x61\x74\x68\x3e\x3c\x70\x6f\x6c\x79\x67\x6f\
\x6e\x20\x70\x6f\x69\x6e\x74\x73\x3d\x22\x39\x2e\x37\x35\x20\x31\
\x35\x2e\x30\x32\x20\x31\x35\x2e\x35\x20\x31\x31\x2e\x37\x35\x20\
\x39\x2e\x37\x35\x20\x38\x2e\x34\x38\x20\x39\x2e\x37\x35\x20\x31\
\x35\x2e\x30\x32\x22\x3e\x3c\x2f\x70\x6f\x6c\x79\x67\x6f\x6e\x3e\
\x3c\x2f\x73\x76\x67\x3e\
\x00\x00\x01\x4a\
\x3c\
\x73\x76\x67\x20\x78\x6d\x6c\x6e\x73\x3d\x22\x68\x74\x74\x70\x3a\
\x2f\x2f\x77\x77\x77\x2e\x77\x33\x2e\x6f\x72\x67\x2f\x32\x30\x30\
\x30\x2f\x73\x76\x67\x22\x20\x77\x69\x64\x74\x68\x3d\x22\x38\x30\
\x22\x20\x68\x65\x69\x67\x68\x74\x3d\x22\x38\x30\x22\x20\x76\x69\
\x65\x77\x42\x6f\x78\x3d\x22\x30\x20\x30\x20\x32\x34\x20\x32\x34\
\x22\x20\x66\x69\x6c\x6c\x3d\x22\x6e\x6f\x6e\x65\x22\x20\x73\x74\
\x72\x6f\x6b\x65\x3d\x22\x63\x75\x72\x72\x65\x6e\x74\x43\x6f\x6c\
\x6f\x72\x22\x20\x73\x74\x72\x6f\x6b\x65\x2d\x77\x69\x64\x74\x68\
\x3d\x22\x31\x2e\x35\x22\x20\x73\x74\x72\x6f\x6b\x65\x2d\x6c\x69\
\x6e\x65\x63\x61\x70\x3d\x22\x72\x6f\x75\x6e\x64\x22\x20\x73\x74\
\x72\x6f\x6b\x65\x2d\x6c\x69\x6e\x65\x6a\x6f\x69\x6e\x3d\x22\x72\
\x6f\x75\x6e\x64\x22\x20\x63\x6c\x61\x73\x73\x3d\x22\x66\x65\x61\
\x74\x68\x65\x72\x20\x66\x65\x61\x74\x68\x65\x72\x2d\x76\x6f\x6c\
\x75\x6d\x65\x2d\x31\x22\x3e\x3c\x70\x6f\x6c\x79\x67\x6f\x6e\x20\
\x70\x6f\x69\x6e\x74\x73\x3d\x22\x31\x31\x20\x35\x20\x36\x20\x39\
\x20\x32\x20\x39\x20\x32\x20\x31\x35\x20\x36\x20\x31\x35\x20\x31\
\x31\x20\x31\x39\x20\x31\x31\x20\x35\x22\x3e\x3c\x2f\x70\x6f\x6c\
\x79\x67\x6f\x6e\x3e\x3c\x70\x61\x74\x68\x20\x64\x3d\x22\x4d\x31\
\x35\x2e\x35\x34\x20\x38\x2e\x34\x36\x61\x35\x20\x35\x20\x30\x20\
\x30\x20\x31\x20\x30\x20\x37\x2e\x30\x37\x22\x3e\x3c\x2f\x70\x61\
\x74\x68\x3e\x3c\x2f\x73\x76\x67\x3e\
\x00\x00\x02\x8c\
\x3c\
\x73\x76\x67\x20\x78\x6d\x6c\x6e\x73\x3d\x22\x68\x74\x74\x70\x3a\
\x2f\x2f\x77\x77\x77\x2e\x77\x33\x2e\x6f\x72\x67\x2f\x32\x30\x30\
\x30\x2f\x73\x76\x67\x22\x20\x77\x69\x64\x74\x68\x3d\x22\x38\x30\
\x22\x20\x68\x65\x69\x67\x68\x74\x3d\x22\x38\x30\x22\x20\x76\x69\
\x65\x77\x42\x6f\x78\x3d\x22\x30\x20\x30\x20\x32\x34\x20\x32\x34\
\x22\x20\x66\x69\x6c\x6c\x3d\x22\x6e\x6f\x6e\x65\x22\x20\x73\x74\
\x72\x6f\x6b\x65\x3d\x22\x63\x75\x72\x72\x65\x6e\x74\x43\x6f\x6c\
\x6f\x72\x22\x20\x73\x74\x72\x6f\x6b\x65\x2d\x77\x69\x64\x74\x68\
\x3d\x22\x31\x2e\x35\x22\x20\x73\x74\x72\x6f\x6b\x65\x2d\x6c\x69\
\x6e\x65\x63\x61\x70\x3d\x22\x72\x6f\x75\x6e\x64\x22\x20\x73\x74\
\x72\x6f\x6b\x65\x2d\x6c\x69\x6e\x65\x6a\x6f\x69\x6e\x3d\x22\x72\
\x6f\x75\x6e\x64\x22\x20\x63\x6c\x61\x73\x73\x3d\x22\x66\x65\x61\
\x74\x68\x65\x72\x20\x66\x65\x61\x74\x68\x65\x72\x2d\x73\x75\x6e\
\x22\x3e\x3c\x63\x69\x72\x63\x6c\x65\x20\x63\x78\x3d\x22\x31\x32\
\x22\x20\x63\x79\x3d\x22\x31\x32\x22\x20\x72\x3d\x22\x35\x22\x3e\
\x3c\x2f\x63\x69\x72\x63\x6c\x65\x3e\x3c\x6c\x69\x6e\x65\x20\x78\
\x31\x3d\x22\x31\x32\x22\x20\x79\x31\x3d\x22\x31\x22\x20\x78\x32\
\x3d\x22\x31\x32\x22\x20\x79\x32\x3d\x22\x33\x22\x3e\x3c\x2f\x6c\
\x69\x6e\x65\x3e\x3c\x6c\x69\x6e\x65\x20\x78\x31\x3d\x22\x31\x32\
\x22\x20\x79\x31\x3d\x22\x32\x31\x22\x20\x78\x32\x3d\x22\x31\x32\
\x22\x20\x79\x32\x3d\x22\x32\x33\x22\x3e\x3c\x2f\x6c\x69\x6e\x65\
\x3e\x3c\x6c\x69\x6e\x65\x20\x78\x31\x3d\x22\x34\x2e\x32\x32\x22\
\x20\x79\x31\x3d\x22\x34\x2e\x32\x32\x22\x20\x78\x32\x3d\x22\x35\
\x2e\x36\x34\x22\x20\x79\x32\x3d\x22\x35\x2e\x36\x34\x22\x3e\x3c\
\x2f\x6c\x69\x6e\x65\x3e\x3c\x6c\x69\x6e\x65\x20\x78\x31\x3d\x22\
\x31\x38\x2e\x33\x36\x22\x20\x79\x31\x3d\x22\x31\x38\x2e\x33\x36\
\x22\x20\x78\x32\x3d\x22\x31\x39\x2e\x37\x38\x22\x20\x79\x32\x3d\
\x22\x31\x39\x2e\x37\x38\x22\x3e\x3c\x2f\x6c\x69\x6e\x65\x3e\x3c\
\x6c\x69\x6e\x65\x20\x78\x31\x3d\x22\x31\x22\x20\x79\x31\x3d\x22\
\x31\x32\x22\x20\x78\x32\x3d\x22\x33\x22\x20\x79\x32\x3d\x22\x31\
\x32\x22\x3e\x3c\x2f\x6c\x69\x6e\x65\x3e\x3c\x6c\x69\x6e\x65\x20\
\x78\x31\x3d\x22\x32\x31\x22\x20\x79\x31\x3d\x22\x31\x32\x22\x20\
\x78\x32\x3d\x22\x32\x33\x22\x20\x79\x32\x3d\x22\x31\x32\x22\x3e\
\x3c\x2f\x6c\x69\x6e\x65\x3e\x3c\x6c\x69\x6e\x65\x20\x78\x31\x3d\
\x22\x34\x2e\x32\x32\x22\x20\x79\x31\x3d\x22\x31\x39\x2e\x37\x38\
\x22\x20\x78\x32\x3d\x22\x35\x2e\x36\x34\x22\x20\x79\x32\x3d\x22\
\x31\x38\x2e\x33\x36\x22\x3e\x3c\x2f\x6c\x69\x6e\x65\x3e\x3c\x6c\
\x69\x6e\x65\x20\x78\x31\x3d\x22\x31\x38\x2e\x33\x36\x22\x20\x79\
\x31\x3d\x22\x35\x2e\x36\x34\x22\x20\x78\x32\x3d\x22\x31\x39\x2e\
\x37\x38\x22\x20\x79\x32\x3d\x22\x34\x2e\x32\x32\x22\x3e\x3c\x2f\
\x6c\x69\x6e\x65\x3e\x3c\x2f\x73\x76\x67\x3e\
\x00\x00\x01\x8a\
\x3c\
\x73\x76\x67\x20\x78\x6d\x6c\x6e\x73\x3d\x22\x68\x74\x74\x70\x3a\
\x2f\x2f\x77\x77\x77\x2e\x77\x33\x2e\x6f\x72\x67\x2f\x32\x30\x30\
\x30\x2f\x73\x76\x67\x22\x20\x77\x69\x64\x74\x68\x3d\x22\x38\x30\
\x22\x20\x68\x65\x69\x67\x68\x74\x3d\x22\x38\x30\x22\x20\x76\x69\
\x65\x77\x42\x6f\x78\x3d\x22\x30\x20\x30\x20\x32\x34\x20\x32\x34\
\x22\x20\x66\x69\x6c\x6c\x3d\x22\x6e\x6f\x6e\x65\x22\x20\x73\x74\
\x72\x6f\x6b\x65\x3d\x22\x63\x75\x72\x72\x65\x6e\x74\x43\x6f\x6c\
\x6f\x72\x22\x20\x73\x74\x72\x6f\x6b\x65\x2d\x77\x69\x64\x74\x68\
\x3d\x22\x31\x2e\x35\x22\x20\x73\x74\x72\x6f\x6b\x65\x2d\x6c\x69\
\x6e\x65\x63\x61\x70\x3d\x22\x72\x6f\x75\x6e\x64\x22\x20\x73\x74\
\x72\x6f\x6b\x65\x2d\x6c\x69\x6e\x65\x6a\x6f\x69\x6e\x3d\x22\x72\
\x6f\x75\x6e\x64\x22\x20\x63\x6c\x61\x73\x73\x3d\x22\x66\x65\x61\
\x74\x68\x65\x72\x20\x66\x65\x61\x74\x68\x65\x72\x2d\x72\x65\x70\
\x65\x61\x74\x22\x3e\x3c\x70\x6f\x6c\x79\x6c\x69\x6e\x65\x20\x70\
\x6f\x69\x6e\x74\x73\x3d\x22\x31\x37\x20\x31\x20\x32\x31\x20\x35\
\x20\x31\x37\x20\x39\x22\x3e\x3c\x2f\x70\x6f\x6c\x79\x6c\x69\x6e\
\x65\x3e\x3c\x70\x61\x74\x68\x20\x64\x3d\x22\x4d\x33\x20\x31\x31\
\x56\x39\x61\x34\x20\x34\x20\x30\x20\x30\x20\x31\x20\x34\x2d\x34\
\x68\x31\x34\x22\x3e\x3c\x2f\x70\x61\x74\x68\x3e\x3c\x70\x6f\x6c\
\x79\x6c\x69\x6e\x65\x20\x70\x6f\x69\x6e\x74\x73\x3d\x22\x37\x20\
\x32\x33\x20\x33\x20\x31\x39\x20\x37\x20\x31\x35\x22\x3e\x3c\x2f\
\x70\x6f\x6c\x79\x6c\x69\x6e\x65\x3e\x3c\x70\x61\x74\x68\x20\x64\
\x3d\x22\x4d\x32\x31\x20\x31\x33\x76\x32\x61\x34\x20\x34\x20\x30\
\x20\x30\x20\x31\x2d\x34\x20\x34\x48\x33\x22\x3e\x3c\x2f\x70\x61\
\x74\x68\x3e\x3c\x2f\x73\x76\x67\x3e\
\x00\x00\x01\xec\
\x3c\
\x73\x76\x67\x20\x78\x6d\x6c\x6e\x73\x3d\x22\x68\x74\x74\x70\x3a\
\x2f\x2f\x77\x77\x77\x2e\x77\x33\x2e\x6f\x72\x67\x2f\x32\x30\x30\
\x30\x2f\x73\x76\x67\x22\x20\x77\x69\x64\x74\x68\x3d\x22\x38\x30\
\x22\x20\x68\x65\x69\x67\x68\x74\x3d\x22\x38\x30\x22\x20\x76\x69\
\x65\x77\x42\x6f\x78\x3d\x22\x30\x20\x30\x20\x32\x34\x20\x32\x34\
\x22\x20\x66\x69\x6c\x6c\x3d\x22\x6e\x6f\x6e\x65\x22\x20\x73\x74\
\x72\x6f\x6b\x65\x3d\x22\x63\x75\x72\x72\x65\x6e\x74\x43\x6f\x6c\
\x6f\x72\x22\x20\x73\x74\x72\x6f\x6b\x65\x2d\x77\x69\x64\x74\x68\
\x3d\x22\x31\x2e\x35\x22\x20\x73\x74\x72\x6f\x6b\x65\x2d\x6c\x69\
\x6e\x65\x63\x61\x70\x3d\x22\x72\x6f\x75\x6e\x64\x22\x20\x73\x74\
\x72\x6f\x6b\x65\x2d\x6c\x69\x6e\x65\x6a\x6f\x69\x6e\x3d\x22\x72\
\x6f\x75\x6e\x64\x22\x20\x63\x6c\x61\x73\x73\x3d\x22\x66\x65\x61\
\x74\x68\x65\x72\x20\x66\x65\x61\x74\x68\x65\x72\x2d\x67\x69\x74\
\x6c\x61\x62\x22\x3e\x3c\x70\x61\x74\x68\x20\x64\x3d\x22\x4d\x32\
\x32\x2e\x36\x35\x20\x31\x34\x2e\x33\x39\x4c\x31\x32\x20\x32\x32\
\x2e\x31\x33\x20\x31\x2e\x33\x35\x20\x31\x34\x2e\x33\x39\x61\x2e\
\x38\x34\x2e\x38\x34\x20\x30\x20\x30\x20\x31\x2d\x2e\x33\x2d\x2e\
\x39\x34\x6c\x31\x2e\x32\x32\x2d\x33\x2e\x37\x38\x20\x32\x2e\x34\
\x34\x2d\x37\x2e\x35\x31\x41\x2e\x34\x32\x2e\x34\x32\x20\x30\x20\
\x30\x20\x31\x20\x34\x2e\x38\x32\x20\x32\x61\x2e\x34\x33\x2e\x34\
\x33\x20\x30\x20\x30\x20\x31\x20\x2e\x35\x38\x20\x30\x20\x2e\x34\
\x32\x2e\x34\x32\x20\x30\x20\x30\x20\x31\x20\x2e\x31\x31\x2e\x31\
\x38\x6c\x32\x2e\x34\x34\x20\x37\x2e\x34\x39\x68\x38\x2e\x31\x6c\
\x32\x2e\x34\x34\x2d\x37\x2e\x35\x31\x41\x2e\x34\x32\x2e\x34\x32\
\x20\x30\x20\x30\x20\x31\x20\x31\x38\x2e\x36\x20\x32\x61\x2e\x34\
\x33\x2e\x34\x33\x20\x30\x20\x30\x20\x31\x20\x2e\x35\x38\x20\x30\
\x20\x2e\x34\x32\x2e\x34\x32\x20\x30\x20\x30\x20\x31\x20\x2e\x31\
\x31\x2e\x31\x38\x6c\x32\x2e\x34\x34\x20\x37\x2e\x35\x31\x4c\x32\
\x33\x20\x31\x33\x2e\x34\x35\x61\x2e\x38\x34\x2e\x38\x34\x20\x30\
\x20\x30\x20\x31\x2d\x2e\x33\x35\x2e\x39\x34\x7a\x22\x3e\x3c\x2f\
\x70\x61\x74\x68\x3e\x3c\x2f\x73\x76\x67\x3e\
\x00\x00\x01\x43\
\x3c\
\x73\x76\x67\x20\x78\x6d\x6c\x6e\x73\x3d\x22\x68\x74\x74\x70\x3a\
\x2f\x2f\x77\x77\x77\x2e\x77\x33\x2e\x6f\x72\x67\x2f\x32\x30\x30\
\x30\x2f\x73\x76\x67\x22\x20\x77\x69\x64\x74\x68\x3d\x22\x38\x30\
\x22\x20\x68\x65\x69\x67\x68\x74\x3d\x22\x38\x30\x22\x20\x76\x69\
\x65\x77\x42\x6f\x78\x3d\x22\x30\x20\x30\x20\x32\x34\x20\x32\x34\
\x22\x20\x66\x69\x6c\x6c\x3d\x22\x6e\x6f\x6e\x65\x22\x20\x73\x74\
\x72\x6f\x6b\x65\x3d\x22\x63\x75\x72\x72\x65\x6e\x74\x43\x6f\x6c\
\x6f\x72\x22\x20\x73\x74\x72\x6f\x6b\x65\x2d\x77\x69\x64\x74\x68\
\x3d\x22\x31\x2e\x35\x22\x20\x73\x74\x72\x6f\x6b\x65\x2d\x6c\x69\
\x6e\x65\x63\x61\x70\x3d\x22\x72\x6f\x75\x6e\x64\x22\x20\x73\x74\
\x72\x6f\x6b\x65\x2d\x6c\x69\x6e\x65\x6a\x6f\x69\x6e\x3d\x22\x72\
\x6f\x75\x6e\x64\x22\x20\x63\x6c\x61\x73\x73\x3d\x22\x66\x65\x61\
\x74\x68\x65\x72\x20\x66\x65\x61\x74\x68\x65\x72\x2d\x62\x65\x6c\
\x6c\x22\x3e\x3c\x70\x61\x74\x68\x20\x64\x3d\x22\x4d\x31\x38\x20\
\x38\x41\x36\x20\x36\x20\x30\x20\x30\x20\x30\x20\x36\x20\x38\x63\
\x30\x20\x37\x2d\x33\x20\x39\x2d\x33\x20\x39\x68\x31\x38\x73\x2d\
\x33\x2d\x32\x2d\x33\x2d\x39\x22\x3e\x3c\x2f\x70\x61\x74\x68\x3e\
\x3c\x70\x61\x74\x68\x20\x64\x3d\x22\x4d\x31\x33\x2e\x37\x33\x20\
\x32\x31\x61\x32\x20\x32\x20\x30\x20\x30\x20\x31\x2d\x33\x2e\x34\
\x36\x20\x30\x22\x3e\x3c\x2f\x70\x61\x74\x68\x3e\x3c\x2f\x73\x76\
\x67\x3e\
\x00\x00\x01\x8d\
\x3c\
\x73\x76\x67\x20\x78\x6d\x6c\x6e\x73\x3d\x22\x68\x74\x74\x70\x3a\
\x2f\x2f\x77\x77\x77\x2e\x77\x33\x2e\x6f\x72\x67\x2f\x32\x30\x30\
\x30\x2f\x73\x76\x67\x22\x20\x77\x69\x64\x74\x68\x3d\x22\x38\x30\
\x22\x20\x68\x65\x69\x67\x68\x74\x3d\x22\x38\x30\x22\x20\x76\x69\
\x65\x77\x42\x6f\x78\x3d\x22\x30\x20\x30\x20\x32\x34\x20\x32\x34\
\x22\x20\x66\x69\x6c\x6c\x3d\x22\x6e\x6f\x6e\x65\x22\x20\x73\x74\
\x72\x6f\x6b\x65\x3d\x22\x63\x75\x72\x72\x65\x6e\x74\x43\x6f\x6c\
\x6f\x72\x22\x20\x73\x74\x72\x6f\x6b\x65\x2d\x77\x69\x64\x74\x68\
\x3d\x22\x31\x2e\x35\x22\x20\x73\x74\x72\x6f\x6b\x65\x2d\x6c\x69\
\x6e\x65\x63\x61\x70\x3d\x22\x72\x6f\x75\x6e\x64\x22\x20\x73\x74\
\x72\x6f\x6b\x65\x2d\x6c\x69\x6e\x65\x6a\x6f\x69\x6e\x3d\x22\x72\
\x6f\x75\x6e\x64\x22\x20\x63\x6c\x61\x73\x73\x3d\x22\x66\x65\x61\
\x74\x68\x65\x72\x20\x66\x65\x61\x74\x68\x65\x72\x2d\x68\x65\x61\
\x64\x70\x68\x6f\x6e\x65\x73\x22\x3e\x3c\x70\x61\x74\x68\x20\x64\
\x3d\x22\x4d\x33\x20\x31\x38\x76\x2d\x36\x61\x39\x20\x39\x20\x30\
\x20\x30\x20\x31\x20\x31\x38\x20\x30\x76\x36\x22\x3e\x3c\x2f\x70\
\x61\x74\x68\x3e\x3c\x70\x61\x74\x68\x20\x64\x3d\x22\x4d\x32\x31\
\x20\x31\x39\x61\x32\x20\x32\x20\x30\x20\x30\x20\x31\x2d\x32\x20\
\x32\x68\x2d\x31\x61\x32\x20\x32\x20\x30\x20\x30\x20\x31\x2d\x32\
\x2d\x32\x76\x2d\x33\x61\x32\x20\x32\x20\x30\x20\x30\x20\x31\x20\
\x32\x2d\x32\x68\x33\x7a\x4d\x33\x20\x31\x39\x61\x32\x20\x32\x20\
\x30\x20\x30\x20\x30\x20\x32\x20\x32\x68\x31\x61\x32\x20\x32\x20\
\x30\x20\x30\x20\x30\x20\x32\x2d\x32\x76\x2d\x33\x61\x32\x20\x32\
\x20\x30\x20\x30\x20\x30\x2d\x32\x2d\x32\x48\x33\x7a\x22\x3e\x3c\
\x2f\x70\x61\x74\x68\x3e\x3c\x2f\x73\x76\x67\x3e\
\x00\x00\x01\x3e\
\x3c\
\x73\x76\x67\x20\x78\x6d\x6c\x6e\x73\x3d\x22\x68\x74\x74\x70\x3a\
\x2f\x2f\x77\x77\x77\x2e\x77\x33\x2e\x6f\x72\x67\x2f\x32\x30\x30\
\x30\x2f\x73\x76\x67\x22\x20\x77\x69\x64\x74\x68\x3d\x22\x38\x30\
\x22\x20\x68\x65\x69\x67\x68\x74\x3d\x22\x38\x30\x22\x20\x76\x69\
\x65\x77\x42\x6f\x78\x3d\x22\x30\x20\x30\x20\x32\x34\x20\x32\x34\
\x22\x20\x66\x69\x6c\x6c\x3d\x22\x6e\x6f\x6e\x65\x22\x20\x73\x74\
\x72\x6f\x6b\x65\x3d\x22\x63\x75\x72\x72\x65\x6e\x74\x43\x6f\x6c\
\x6f\x72\x22\x20\x73\x74\x72\x6f\x6b\x65\x2d\x77\x69\x64\x74\x68\
\x3d\x22\x31\x2e\x35\x22\x20\x73\x74\x72\x6f\x6b\x65\x2d\x6c\x69\
\x6e\x65\x63\x61\x70\x3d\x22\x72\x6f\x75\x6e\x64\x22\x20\x73\x74\
\x72\x6f\x6b\x65\x2d\x6c\x69\x6e\x65\x6a\x6f\x69\x6e\x3d\x22\x72\
\x6f\x75\x6e\x64\x22\x20\x63\x6c\x61\x73\x73\x3d\x22\x66\x65\x61\
\x74\x68\x65\x72\x20\x66\x65\x61\x74\x68\x65\x72\x2d\x65\x79\x65\
\x22\x3e\x3c\x70\x61\x74\x68\x20\x64\x3d\x22\x4d\x31\x20\x31\x32\
\x73\x34\x2d\x38\x20\x31\x31\x2d\x38\x20\x31\x31\x20\x38\x20\x31\
\x31\x20\x38\x2d\x34\x20\x38\x2d\x31\x31\x20\x38\x2d\x31\x31\x2d\
\x38\x2d\x31\x31\x2d\x38\x7a\x22\x3e\x3c\x2f\x70\x61\x74\x68\x3e\
\x3c\x63\x69\x72\x63\x6c\x65\x20\x63\x78\x3d\x22\x31\x32\x22\x20\
\x63\x79\x3d\x22\x31\x32\x22\x20\x72\x3d\x22\x33\x22\x3e\x3c\x2f\
\x63\x69\x72\x63\x6c\x65\x3e\x3c\x2f\x73\x76\x67\x3e\
\x00\x00\x01\x6e\
\x3c\
\x73\x76\x67\x20\x78\x6d\x6c\x6e\x73\x3d\x22\x68\x74\x74\x70\x3a\
\x2f\x2f\x77\x77\x77\x2e\x77\x33\x2e\x6f\x72\x67\x2f\x32\x30\x30\
\x30\x2f\x73\x76\x67\x22\x20\x77\x69\x64\x74\x68\x3d\x22\x38\x30\
\x22\x20\x68\x65\x69\x67\x68\x74\x3d\x22\x38\x30\x22\x20\x76\x69\
\x65\x77\x42\x6f\x78\x3d\x22\x30\x20\x30\x20\x32\x34\x20\x32\x34\
\x22\x20\x66\x69\x6c\x6c\x3d\x22\x6e\x6f\x6e\x65\x22\x20\x73\x74\
\x72\x6f\x6b\x65\x3d\x22\x63\x75\x72\x72\x65\x6e\x74\x43\x6f\x6c\
\x6f\x72\x22\x20\x73\x74\x72\x6f\x6b\x65\x2d\x77\x69\x64\x74\x68\
\x3d\x22\x31\x2e\x35\x22\x20\x73\x74\x72\x6f\x6b\x65\x2d\x6c\x69\
\x6e\x65\x63\x61\x70\x3d\x22\x72\x6f\x75\x6e\x64\x22\x20\x73\x74\
\x72\x6f\x6b\x65\x2d\x6c\x69\x6e\x65\x6a\x6f\x69\x6e\x3d\x22\x72\
\x6f\x75\x6e\x64\x22\x20\x63\x6c\x61\x73\x73\x3d\x22\x66\x65\x61\
\x74\x68\x65\x72\x20\x66\x65\x61\x74\x68\x65\x72\x2d\x73\x68\x61\
\x72\x65\x22\x3e\x3c\x70\x61\x74\x68\x20\x64\x3d\x22\x4d\x34\x20\
\x31\x32\x76\x38\x61\x32\x20\x32\x20\x30\x20\x30\x20\x30\x20\x32\
\x20\x32\x68\x31\x32\x61\x32\x20\x32\x20\x30\x20\x30\x20\x30\x20\
\x32\x2d\x32\x76\x2d\x38\x22\x3e\x3c\x2f\x70\x61\x74\x68\x3e\x3c\
\x70\x6f\x6c\x79\x6c\x69\x6e\x65\x20\x70\x6f\x69\x6e\x74\x73\x3d\
\x22\x31\x36\x20\x36\x20\x31\x32\x20\x32\x20\x38\x20\x36\x22\x3e\
\x3c\x2f\x70\x6f\x6c\x79\x6c\x69\x6e\x65\x3e\x3c\x6c\x69\x6e\x65\
\x20\x78\x31\x3d\x22\x31\x32\x22\x20\x79\x31\x3d\x22\x32\x22\x20\
\x78\x32\x3d\x22\x31\x32\x22\x20\x79\x32\x3d\x22\x31\x35\x22\x3e\
\x3c\x2f\x6c\x69\x6e\x65\x3e\x3c\x2f\x73\x76\x67\x3e\
\x00\x00\x01\x8e\
\x3c\
\x73\x76\x67\x20\x78\x6d\x6c\x6e\x73\x3d\x22\x68\x74\x74\x70\x3a\
\x2f\x2f\x77\x77\x77\x2e\x77\x33\x2e\x6f\x72\x67\x2f\x32\x30\x30\
\x30\x2f\x73\x76\x67\x22\x20\x77\x69\x64\x74\x68\x3d\x22\x38\x30\
\x22\x20\x68\x65\x69\x67\x68\x74\x3d\x22\x38\x30\x22\x20\x76\x69\
\x65\x77\x42\x6f\x78\x3d\x22\x30\x20\x30\x20\x32\x34\x20\x32\x34\
\x22\x20\x66\x69\x6c\x6c\x3d\x22\x6e\x6f\x6e\x65\x22\x20\x73\x74\
\x72\x6f\x6b\x65\x3d\x22\x63\x75\x72\x72\x65\x6e\x74\x43\x6f\x6c\
\x6f\x72\x22\x20\x73\x74\x72\x6f\x6b\x65\x2d\x77\x69\x64\x74\x68\
\x3d\x22\x31\x2e\x35\x22\x20\x73\x74\x72\x6f\x6b\x65\x2d\x6c\x69\
\x6e\x65\x63\x61\x70\x3d\x22\x72\x6f\x75\x6e\x64\x22\x20\x73\x74\
\x72\x6f\x6b\x65\x2d\x6c\x69\x6e\x65\x6a\x6f\x69\x6e\x3d\x22\x72\
\x6f\x75\x6e\x64\x22\x20\x63\x6c\x61\x73\x73\x3d\x22\x66\x65\x61\
\x74\x68\x65\x72\x20\x66\x65\x61\x74\x68\x65\x72\x2d\x61\x6c\x69\
\x67\x6e\x2d\x6c\x65\x66\x74\x22\x3e\x3c\x6c\x69\x6e\x65\x20\x78\
\x31\x3d\x22\x31\x37\x22\x20\x79\x31\x3d\x22\x31\x30\x22\x20\x78\
\x32\x3d\x22\x33\x22\x20\x79\x32\x3d\x22\x31\x30\x22\x3e\x3c\x2f\
\x6c\x69\x6e\x65\x3e\x3c\x6c\x69\x6e\x65\x20\x78\x31\x3d\x22\x32\
\x31\x22\x20\x79\x31\x3d\x22\x36\x22\x20\x78\x32\x3d\x22\x33\x22\
\x20\x79\x32\x3d\x22\x36\x22\x3e\x3c\x2f\x6c\x69\x6e\x65\x3e\x3c\
\x6c\x69\x6e\x65\x20\x78\x31\x3d\x22\x32\x31\x22\x20\x79\x31\x3d\
\x22\x31\x34\x22\x20\x78\x32\x3d\x22\x33\x22\x20\x79\x32\x3d\x22\
\x31\x34\x22\x3e\x3c\x2f\x6c\x69\x6e\x65\x3e\x3c\x6c\x69\x6e\x65\
\x20\x78\x31\x3d\x22\x31\x37\x22\x20\x79\x31\x3d\x22\x31\x38\x22\
\x20\x78\x32\x3d\x22\x33\x22\x20\x79\x32\x3d\x22\x31\x38\x22\x3e\
\x3c\x2f\x6c\x69\x6e\x65\x3e\x3c\x2f\x73\x76\x67\x3e\
\x00\x00\x01\x3d\
\x3c\
\x73\x76\x67\x20\x78\x6d\x6c\x6e\x73\x3d\x22\x68\x74\x74\x70\x3a\
\x2f\x2f\x77\x77\x77\x2e\x77\x33\x2e\x6f\x72\x67\x2f\x32\x30\x30\
\x30\x2f\x73\x76\x67\x22\x20\x77\x69\x64\x74\x68\x3d\x22\x38\x30\
\x22\x20\x68\x65\x69\x67\x68\x74\x3d\x22\x38\x30\x22\x20\x76\x69\
\x65\x77\x42\x6f\x78\x3d\x22\x30\x20\x30\x20\x32\x34\x20\x32\x34\
\x22\x20\x66\x69\x6c\x6c\x3d\x22\x6e\x6f\x6e\x65\x22\x20\x73\x74\
\x72\x6f\x6b\x65\x3d\x22\x63\x75\x72\x72\x65\x6e\x74\x43\x6f\x6c\
\x6f\x72\x22\x20\x73\x74\x72\x6f\x6b\x65\x2d\x77\x69\x64\x74\x68\
\x3d\x22\x31\x2e\x35\x22\x20\x73\x74\x72\x6f\x6b\x65\x2d\x6c\x69\
\x6e\x65\x63\x61\x70\x3d\x22\x72\x6f\x75\x6e\x64\x22\x20\x73\x74\
\x72\x6f\x6b\x65\x2d\x6c\x69\x6e\x65\x6a\x6f\x69\x6e\x3d\x22\x72\
\x6f\x75\x6e\x64\x22\x20\x63\x6c\x61\x73\x73\x3d\x22\x66\x65\x61\
\x74\x68\x65\x72\x20\x66\x65\x61\x74\x68\x65\x72\x2d\x73\x6b\x69\
\x70\x2d\x66\x6f\x72\x77\x61\x72\x64\x22\x3e\x3c\x70\x6f\x6c\x79\
\x67\x6f\x6e\x20\x70\x6f\x69\x6e\x74\x73\x3d\x22\x35\x20\x34\x20\
\x31\x35\x20\x31\x32\x20\x35\x20\x32\x30\x20\x35\x20\x34\x22\x3e\
\x3c\x2f\x70\x6f\x6c\x79\x67\x6f\x6e\x3e\x3c\x6c\x69\x6e\x65\x20\
\x78\x31\x3d\x22\x31\x39\x22\x20\x79\x31\x3d\x22\x35\x22\x20\x78\
\x32\x3d\x22\x31\x39\x22\x20\x79\x32\x3d\x22\x31\x39\x22\x3e\x3c\
\x2f\x6c\x69\x6e\x65\x3e\x3c\x2f\x73\x76\x67\x3e\
\x00\x00\x01\x61\
\x3c\
\x73\x76\x67\x20\x78\x6d\x6c\x6e\x73\x3d\x22\x68\x74\x74\x70\x3a\
\x2f\x2f\x77\x77\x77\x2e\x77\x33\x2e\x6f\x72\x67\x2f\x32\x30\x30\
\x30\x2f\x73\x76\x67\x22\x20\x77\x69\x64\x74\x68\x3d\x22\x38\x30\
\x22\x20\x68\x65\x69\x67\x68\x74\x3d\x22\x38\x30\x22\x20\x76\x69\
\x65\x77\x42\x6f\x78\x3d\x22\x30\x20\x30\x20\x32\x34\x20\x32\x34\
\x22\x20\x66\x69\x6c\x6c\x3d\x22\x6e\x6f\x6e\x65\x22\x20\x73\x74\
\x72\x6f\x6b\x65\x3d\x22\x63\x75\x72\x72\x65\x6e\x74\x43\x6f\x6c\
\x6f\x72\x22\x20\x73\x74\x72\x6f\x6b\x65\x2d\x77\x69\x64\x74\x68\
\x3d\x22\x31\x2e\x35\x22\x20\x73\x74\x72\x6f\x6b\x65\x2d\x6c\x69\
\x6e\x65\x63\x61\x70\x3d\x22\x72\x6f\x75\x6e\x64\x22\x20\x73\x74\
\x72\x6f\x6b\x65\x2d\x6c\x69\x6e\x65\x6a\x6f\x69\x6e\x3d\x22\x72\
\x6f\x75\x6e\x64\x22\x20\x63\x6c\x61\x73\x73\x3d\x22\x66\x65\x61\
\x74\x68\x65\x72\x20\x66\x65\x61\x74\x68\x65\x72\x2d\x70\x6c\x75\
\x73\x2d\x63\x69\x72\x63\x6c\x65\x22\x3e\x3c\x63\x69\x72\x63\x6c\
\x65\x20\x63\x78\x3d\x22\x31\x32\x22\x20\x63\x79\x3d\x22\x31\x32\
\x22\x20\x72\x3d\x22\x31\x30\x22\x3e\x3c\x2f\x63\x69\x72\x63\x6c\
\x65\x3e\x3c\x6c\x69\x6e\x65\x20\x78\x31\x3d\x22\x31\x32\x22\x20\
\x79\x31\x3d\x22\x38\x22\x20\x78\x32\x3d\x22\x31\x32\x22\x20\x79\
\x32\x3d\x22\x31\x36\x22\x3e\x3c\x2f\x6c\x69\x6e\x65\x3e\x3c\x6c\
\x69\x6e\x65\x20\x78\x31\x3d\x22\x38\x22\x20\x79\x31\x3d\x22\x31\
\x32\x22\x20\x78\x32\x3d\x22\x31\x36\x22\x20\x79\x32\x3d\x22\x31\
\x32\x22\x3e\x3c\x2f\x6c\x69\x6e\x65\x3e\x3c\x2f\x73\x76\x67\x3e\
\
\x00\x00\x01\x2d\
\x3c\
\x73\x76\x67\x20\x78\x6d\x6c\x6e\x73\x3d\x22\x68\x74\x74\x70\x3a\
\x2f\x2f\x77\x77\x77\x2e\x77\x33\x2e\x6f\x72\x67\x2f\x32\x30\x30\
\x30\x2f\x73\x76\x67\x22\x20\x77\x69\x64\x74\x68\x3d\x22\x38\x30\
\x22\x20\x68\x65\x69\x67\x68\x74\x3d\x22\x38\x30\x22\x20\x76\x69\
\x65\x77\x42\x6f\x78\x3d\x22\x30\x20\x30\x20\x32\x34\x20\x32\x34\
\x22\x20\x66\x69\x6c\x6c\x3d\x22\x6e\x6f\x6e\x65\x22\x20\x73\x74\
\x72\x6f\x6b\x65\x3d\x22\x63\x75\x72\x72\x65\x6e\x74\x43\x6f\x6c\
\x6f\x72\x22\x20\x73\x74\x72\x6f\x6b\x65\x2d\x77\x69\x64\x74\x68\
\x3d\x22\x31\x2e\x35\x22\x20\x73\x74\x72\x6f\x6b\x65\x2d\x6c\x69\
\x6e\x65\x63\x61\x70\x3d\x22\x72\x6f\x75\x6e\x64\x22\x20\x73\x74\
\x72\x6f\x6b\x65\x2d\x6c\x69\x6e\x65\x6a\x6f\x69\x6e\x3d\x22\x72\
\x6f\x75\x6e\x64\x22\x20\x63\x6c\x61\x73\x73\x3d\x22\x66\x65\x61\
\x74\x68\x65\x72\x20\x66\x65\x61\x74\x68\x65\x72\x2d\x78\x22\x3e\
\x3c\x6c\x69\x6e\x65\x20\x78\x31\x3d\x22\x31\x38\x22\x20\x79\x31\
\x3d\x22\x36\x22\x20\x78\x32\x3d\x22\x36\x22\x20\x79\x32\x3d\x22\
\x31\x38\x22\x3e\x3c\x2f\x6c\x69\x6e\x65\x3e\x3c\x6c\x69\x6e\x65\
\x20\x78\x31\x3d\x22\x36\x22\x20\x79\x31\x3d\x22\x36\x22\x20\x78\
\x32\x3d\x22\x31\x38\x22\x20\x79\x32\x3d\x22\x31\x38\x22\x3e\x3c\
\x2f\x6c\x69\x6e\x65\x3e\x3c\x2f\x73\x76\x67\x3e\
\x00\x00\x01\x87\
\x3c\
\x73\x76\x67\x20\x78\x6d\x6c\x6e\x73\x3d\x22\x68\x74\x74\x70\x3a\
\x2f\x2f\x77\x77\x77\x2e\x77\x33\x2e\x6f\x72\x67\x2f\x32\x30\x30\
\x30\x2f\x73\x76\x67\x22\x20\x77\x69\x64\x74\x68\x3d\x22\x38\x30\
\x22\x20\x68\x65\x69\x67\x68\x74\x3d\x22\x38\x30\x22\x20\x76\x69\
\x65\x77\x42\x6f\x78\x3d\x22\x30\x20\x30\x20\x32\x34\x20\x32\x34\
\x22\x20\x66\x69\x6c\x6c\x3d\x22\x6e\x6f\x6e\x65\x22\x20\x73\x74\
\x72\x6f\x6b\x65\x3d\x22\x63\x75\x72\x72\x65\x6e\x74\x43\x6f\x6c\
\x6f\x72\x22\x20\x73\x74\x72\x6f\x6b\x65\x2d\x77\x69\x64\x74\x68\
\x3d\x22\x31\x2e\x35\x22\x20\x73\x74\x72\x6f\x6b\x65\x2d\x6c\x69\
\x6e\x65\x63\x61\x70\x3d\x22\x72\x6f\x75\x6e\x64\x22\x20\x73\x74\
\x72\x6f\x6b\x65\x2d\x6c\x69\x6e\x65\x6a\x6f\x69\x6e\x3d\x22\x72\
\x6f\x75\x6e\x64\x22\x20\x63\x6c\x61\x73\x73\x3d\x22\x66\x65\x61\
\x74\x68\x65\x72\x20\x66\x65\x61\x74\x68\x65\x72\x2d\x6d\x65\x68\
\x22\x3e\x3c\x63\x69\x72\x63\x6c\x65\x20\x63\x78\x3d\x22\x31\x32\
\x22\x20\x63\x79\x3d\x22\x31\x32\x22\x20\x72\x3d\x22\x31\x30\x22\
\x3e\x3c\x2f\x63\x69\x72\x63\x6c\x65\x3e\x3c\x6c\x69\x6e\x65\x20\
\x78\x31\x3d\x22\x38\x22\x20\x79\x31\x3d\x22\x31\x35\x22\x20\x78\
\x32\x3d\x22\x31\x36\x22\x20\x79\x32\x3d\x22\x31\x35\x22\x3e\x3c\
\x2f\x6c\x69\x6e\x65\x3e\x3c\x6c\x69\x6e\x65\x20\x78\x31\x3d\x22\
\x39\x22\x20\x79\x31\x3d\x22\x39\x22\x20\x78\x32\x3d\x22\x39\x2e\
\x30\x31\x22\x20\x79\x32\x3d\x22\x39\x22\x3e\x3c\x2f\x6c\x69\x6e\
\x65\x3e\x3c\x6c\x69\x6e\x65\x20\x78\x31\x3d\x22\x31\x35\x22\x20\
\x79\x31\x3d\x22\x39\x22\x20\x78\x32\x3d\x22\x31\x35\x2e\x30\x31\
\x22\x20\x79\x32\x3d\x22\x39\x22\x3e\x3c\x2f\x6c\x69\x6e\x65\x3e\
\x3c\x2f\x73\x76\x67\x3e\
\x00\x00\x01\xd0\
\x3c\
\x73\x76\x67\x20\x78\x6d\x6c\x6e\x73\x3d\x22\x68\x74\x74\x70\x3a\
\x2f\x2f\x77\x77\x77\x2e\x77\x33\x2e\x6f\x72\x67\x2f\x32\x30\x30\
\x30\x2f\x73\x76\x67\x22\x20\x77\x69\x64\x74\x68\x3d\x22\x38\x30\
\x22\x20\x68\x65\x69\x67\x68\x74\x3d\x22\x38\x30\x22\x20\x76\x69\
\x65\x77\x42\x6f\x78\x3d\x22\x30\x20\x30\x20\x32\x34\x20\x32\x34\
\x22\x20\x66\x69\x6c\x6c\x3d\x22\x6e\x6f\x6e\x65\x22\x20\x73\x74\
\x72\x6f\x6b\x65\x3d\x22\x63\x75\x72\x72\x65\x6e\x74\x43\x6f\x6c\
\x6f\x72\x22\x20\x73\x74\x72\x6f\x6b\x65\x2d\x77\x69\x64\x74\x68\
\x3d\x22\x31\x2e\x35\x22\x20\x73\x74\x72\x6f\x6b\x65\x2d\x6c\x69\
\x6e\x65\x63\x61\x70\x3d\x22\x72\x6f\x75\x6e\x64\x22\x20\x73\x74\
\x72\x6f\x6b\x65\x2d\x6c\x69\x6e\x65\x6a\x6f\x69\x6e\x3d\x22\x72\
\x6f\x75\x6e\x64\x22\x20\x63\x6c\x61\x73\x73\x3d\x22\x66\x65\x61\
\x74\x68\x65\x72\x20\x66\x65\x61\x74\x68\x65\x72\x2d\x77\x61\x74\
\x63\x68\x22\x3e\x3c\x63\x69\x72\x63\x6c\x65\x20\x63\x78\x3d\x22\
\x31\x32\x22\x20\x63\x79\x3d\x22\x31\x32\x22\x20\x72\x3d\x22\x37\
\x22\x3e\x3c\x2f\x63\x69\x72\x63\x6c\x65\x3e\x3c\x70\x6f\x6c\x79\
\x6c\x69\x6e\x65\x20\x70\x6f\x69\x6e\x74\x73\x3d\x22\x31\x32\x20\
\x39\x20\x31\x32\x20\x31\x32\x20\x31\x33\x2e\x35\x20\x31\x33\x2e\
\x35\x22\x3e\x3c\x2f\x70\x6f\x6c\x79\x6c\x69\x6e\x65\x3e\x3c\x70\
\x61\x74\x68\x20\x64\x3d\x22\x4d\x31\x36\x2e\x35\x31\x20\x31\x37\
\x2e\x33\x35\x6c\x2d\x2e\x33\x35\x20\x33\x2e\x38\x33\x61\x32\x20\
\x32\x20\x30\x20\x30\x20\x31\x2d\x32\x20\x31\x2e\x38\x32\x48\x39\
\x2e\x38\x33\x61\x32\x20\x32\x20\x30\x20\x30\x20\x31\x2d\x32\x2d\
\x31\x2e\x38\x32\x6c\x2d\x2e\x33\x35\x2d\x33\x2e\x38\x33\x6d\x2e\
\x30\x31\x2d\x31\x30\x2e\x37\x6c\x2e\x33\x35\x2d\x33\x2e\x38\x33\
\x41\x32\x20\x32\x20\x30\x20\x30\x20\x31\x20\x39\x2e\x38\x33\x20\
\x31\x68\x34\x2e\x33\x35\x61\x32\x20\x32\x20\x30\x20\x30\x20\x31\
\x20\x32\x20\x31\x2e\x38\x32\x6c\x2e\x33\x35\x20\x33\x2e\x38\x33\
\x22\x3e\x3c\x2f\x70\x61\x74\x68\x3e\x3c\x2f\x73\x76\x67\x3e\
\x00\x00\x01\x4c\
\x3c\
\x73\x76\x67\x20\x78\x6d\x6c\x6e\x73\x3d\x22\x68\x74\x74\x70\x3a\
\x2f\x2f\x77\x77\x77\x2e\x77\x33\x2e\x6f\x72\x67\x2f\x32\x30\x30\
\x30\x2f\x73\x76\x67\x22\x20\x77\x69\x64\x74\x68\x3d\x22\x38\x30\
\x22\x20\x68\x65\x69\x67\x68\x74\x3d\x22\x38\x30\x22\x20\x76\x69\
\x65\x77\x42\x6f\x78\x3d\x22\x30\x20\x30\x20\x32\x34\x20\x32\x34\
\x22\x20\x66\x69\x6c\x6c\x3d\x22\x6e\x6f\x6e\x65\x22\x20\x73\x74\
\x72\x6f\x6b\x65\x3d\x22\x63\x75\x72\x72\x65\x6e\x74\x43\x6f\x6c\
\x6f\x72\x22\x20\x73\x74\x72\x6f\x6b\x65\x2d\x77\x69\x64\x74\x68\
\x3d\x22\x31\x2e\x35\x22\x20\x73\x74\x72\x6f\x6b\x65\x2d\x6c\x69\
\x6e\x65\x63\x61\x70\x3d\x22\x72\x6f\x75\x6e\x64\x22\x20\x73\x74\
\x72\x6f\x6b\x65\x2d\x6c\x69\x6e\x65\x6a\x6f\x69\x6e\x3d\x22\x72\
\x6f\x75\x6e\x64\x22\x20\x63\x6c\x61\x73\x73\x3d\x22\x66\x65\x61\
\x74\x68\x65\x72\x20\x66\x65\x61\x74\x68\x65\x72\x2d\x72\x73\x73\
\x22\x3e\x3c\x70\x61\x74\x68\x20\x64\x3d\x22\x4d\x34\x20\x31\x31\
\x61\x39\x20\x39\x20\x30\x20\x30\x20\x31\x20\x39\x20\x39\x22\x3e\
\x3c\x2f\x70\x61\x74\x68\x3e\x3c\x70\x61\x74\x68\x20\x64\x3d\x22\
\x4d\x34\x20\x34\x61\x31\x36\x20\x31\x36\x20\x30\x20\x30\x20\x31\
\x20\x31\x36\x20\x31\x36\x22\x3e\x3c\x2f\x70\x61\x74\x68\x3e\x3c\
\x63\x69\x72\x63\x6c\x65\x20\x63\x78\x3d\x22\x35\x22\x20\x63\x79\
\x3d\x22\x31\x39\x22\x20\x72\x3d\x22\x31\x22\x3e\x3c\x2f\x63\x69\
\x72\x63\x6c\x65\x3e\x3c\x2f\x73\x76\x67\x3e\
\x00\x00\x01\x66\
\x3c\
\x73\x76\x67\x20\x78\x6d\x6c\x6e\x73\x3d\x22\x68\x74\x74\x70\x3a\
\x2f\x2f\x77\x77\x77\x2e\x77\x33\x2e\x6f\x72\x67\x2f\x32\x30\x30\
\x30\x2f\x73\x76\x67\x22\x20\x77\x69\x64\x74\x68\x3d\x22\x38\x30\
\x22\x20\x68\x65\x69\x67\x68\x74\x3d\x22\x38\x30\x22\x20\x76\x69\
\x65\x77\x42\x6f\x78\x3d\x22\x30\x20\x30\x20\x32\x34\x20\x32\x34\
\x22\x20\x66\x69\x6c\x6c\x3d\x22\x6e\x6f\x6e\x65\x22\x20\x73\x74\
\x72\x6f\x6b\x65\x3d\x22\x63\x75\x72\x72\x65\x6e\x74\x43\x6f\x6c\
\x6f\x72\x22\x20\x73\x74\x72\x6f\x6b\x65\x2d\x77\x69\x64\x74\x68\
\x3d\x22\x31\x2e\x35\x22\x20\x73\x74\x72\x6f\x6b\x65\x2d\x6c\x69\
\x6e\x65\x63\x61\x70\x3d\x22\x72\x6f\x75\x6e\x64\x22\x20\x73\x74\
\x72\x6f\x6b\x65\x2d\x6c\x69\x6e\x65\x6a\x6f\x69\x6e\x3d\x22\x72\
\x6f\x75\x6e\x64\x22\x20\x63\x6c\x61\x73\x73\x3d\x22\x66\x65\x61\
\x74\x68\x65\x72\x20\x66\x65\x61\x74\x68\x65\x72\x2d\x63\x61\x6d\
\x65\x72\x61\x22\x3e\x3c\x70\x61\x74\x68\x20\x64\x3d\x22\x4d\x32\
\x33\x20\x31\x39\x61\x32\x20\x32\x20\x30\x20\x30\x20\x31\x2d\x32\
\x20\x32\x48\x33\x61\x32\x20\x32\x20\x30\x20\x30\x20\x31\x2d\x32\
\x2d\x32\x56\x38\x61\x32\x20\x32\x20\x30\x20\x30\x20\x31\x20\x32\
\x2d\x32\x68\x34\x6c\x32\x2d\x33\x68\x36\x6c\x32\x20\x33\x68\x34\
\x61\x32\x20\x32\x20\x30\x20\x30\x20\x31\x20\x32\x20\x32\x7a\x22\
\x3e\x3c\x2f\x70\x61\x74\x68\x3e\x3c\x63\x69\x72\x63\x6c\x65\x20\
\x63\x78\x3d\x22\x31\x32\x22\x20\x63\x79\x3d\x22\x31\x33\x22\x20\
\x72\x3d\x22\x34\x22\x3e\x3c\x2f\x63\x69\x72\x63\x6c\x65\x3e\x3c\
\x2f\x73\x76\x67\x3e\
\x00\x00\x01\x47\
\x3c\
\x73\x76\x67\x20\x78\x6d\x6c\x6e\x73\x3d\x22\x68\x74\x74\x70\x3a\
\x2f\x2f\x77\x77\x77\x2e\x77\x33\x2e\x6f\x72\x67\x2f\x32\x30\x30\
\x30\x2f\x73\x76\x67\x22\x20\x77\x69\x64\x74\x68\x3d\x22\x38\x30\
\x22\x20\x68\x65\x69\x67\x68\x74\x3d\x22\x38\x30\x22\x20\x76\x69\
\x65\x77\x42\x6f\x78\x3d\x22\x30\x20\x30\x20\x32\x34\x20\x32\x34\
\x22\x20\x66\x69\x6c\x6c\x3d\x22\x6e\x6f\x6e\x65\x22\x20\x73\x74\
\x72\x6f\x6b\x65\x3d\x22\x63\x75\x72\x72\x65\x6e\x74\x43\x6f\x6c\
\x6f\x72\x22\x20\x73\x74\x72\x6f\x6b\x65\x2d\x77\x69\x64\x74\x68\
\x3d\x22\x31\x2e\x35\x22\x20\x73\x74\x72\x6f\x6b\x65\x2d\x6c\x69\
\x6e\x65\x63\x61\x70\x3d\x22\x72\x6f\x75\x6e\x64\x22\x20\x73\x74\
\x72\x6f\x6b\x65\x2d\x6c\x69\x6e\x65\x6a\x6f\x69\x6e\x3d\x22\x72\
\x6f\x75\x6e\x64\x22\x20\x63\x6c\x61\x73\x73\x3d\x22\x66\x65\x61\
\x74\x68\x65\x72\x20\x66\x65\x61\x74\x68\x65\x72\x2d\x74\x6f\x67\
\x67\x6c\x65\x2d\x72\x69\x67\x68\x74\x22\x3e\x3c\x72\x65\x63\x74\
\x20\x78\x3d\x22\x31\x22\x20\x79\x3d\x22\x35\x22\x20\x77\x69\x64\
\x74\x68\x3d\x22\x32\x32\x22\x20\x68\x65\x69\x67\x68\x74\x3d\x22\
\x31\x34\x22\x20\x72\x78\x3d\x22\x37\x22\x20\x72\x79\x3d\x22\x37\
\x22\x3e\x3c\x2f\x72\x65\x63\x74\x3e\x3c\x63\x69\x72\x63\x6c\x65\
\x20\x63\x78\x3d\x22\x31\x36\x22\x20\x63\x79\x3d\x22\x31\x32\x22\
\x20\x72\x3d\x22\x33\x22\x3e\x3c\x2f\x63\x69\x72\x63\x6c\x65\x3e\
\x3c\x2f\x73\x76\x67\x3e\
\x00\x00\x01\xad\
\x3c\
\x73\x76\x67\x20\x78\x6d\x6c\x6e\x73\x3d\x22\x68\x74\x74\x70\x3a\
\x2f\x2f\x77\x77\x77\x2e\x77\x33\x2e\x6f\x72\x67\x2f\x32\x30\x30\
\x30\x2f\x73\x76\x67\x22\x20\x77\x69\x64\x74\x68\x3d\x22\x38\x30\
\x22\x20\x68\x65\x69\x67\x68\x74\x3d\x22\x38\x30\x22\x20\x76\x69\
\x65\x77\x42\x6f\x78\x3d\x22\x30\x20\x30\x20\x32\x34\x20\x32\x34\
\x22\x20\x66\x69\x6c\x6c\x3d\x22\x6e\x6f\x6e\x65\x22\x20\x73\x74\
\x72\x6f\x6b\x65\x3d\x22\x63\x75\x72\x72\x65\x6e\x74\x43\x6f\x6c\
\x6f\x72\x22\x20\x73\x74\x72\x6f\x6b\x65\x2d\x77\x69\x64\x74\x68\
\x3d\x22\x31\x2e\x35\x22\x20\x73\x74\x72\x6f\x6b\x65\x2d\x6c\x69\
\x6e\x65\x63\x61\x70\x3d\x22\x72\x6f\x75\x6e\x64\x22\x20\x73\x74\
\x72\x6f\x6b\x65\x2d\x6c\x69\x6e\x65\x6a\x6f\x69\x6e\x3d\x22\x72\
\x6f\x75\x6e\x64\x22\x20\x63\x6c\x61\x73\x73\x3d\x22\x66\x65\x61\
\x74\x68\x65\x72\x20\x66\x65\x61\x74\x68\x65\x72\x2d\x62\x61\x74\
\x74\x65\x72\x79\x2d\x63\x68\x61\x72\x67\x69\x6e\x67\x22\x3e\x3c\
\x70\x61\x74\x68\x20\x64\x3d\x22\x4d\x35\x20\x31\x38\x48\x33\x61\
\x32\x20\x32\x20\x30\x20\x30\x20\x31\x2d\x32\x2d\x32\x56\x38\x61\
\x32\x20\x32\x20\x30\x20\x30\x20\x31\x20\x32\x2d\x32\x68\x33\x2e\
\x31\x39\x4d\x31\x35\x20\x36\x68\x32\x61\x32\x20\x32\x20\x30\x20\
\x30\x20\x31\x20\x32\x20\x32\x76\x38\x61\x32\x20\x32\x20\x30\x20\
\x30\x20\x31\x2d\x32\x20\x32\x68\x2d\x33\x2e\x31\x39\x22\x3e\x3c\
\x2f\x70\x61\x74\x68\x3e\x3c\x6c\x69\x6e\x65\x20\x78\x31\x3d\x22\
\x32\x33\x22\x20\x79\x31\x3d\x22\x31\x33\x22\x20\x78\x32\x3d\x22\
\x32\x33\x22\x20\x79\x32\x3d\x22\x31\x31\x22\x3e\x3c\x2f\x6c\x69\
\x6e\x65\x3e\x3c\x70\x6f\x6c\x79\x6c\x69\x6e\x65\x20\x70\x6f\x69\
\x6e\x74\x73\x3d\x22\x31\x31\x20\x36\x20\x37\x20\x31\x32\x20\x31\
\x33\x20\x31\x32\x20\x39\x20\x31\x38\x22\x3e\x3c\x2f\x70\x6f\x6c\
\x79\x6c\x69\x6e\x65\x3e\x3c\x2f\x73\x76\x67\x3e\
\x00\x00\x01\x9a\
\x3c\
\x73\x76\x67\x20\x78\x6d\x6c\x6e\x73\x3d\x22\x68\x74\x74\x70\x3a\
\x2f\x2f\x77\x77\x77\x2e\x77\x33\x2e\x6f\x72\x67\x2f\x32\x30\x30\
\x30\x2f\x73\x76\x67\x22\x20\x77\x69\x64\x74\x68\x3d\x22\x38\x30\
\x22\x20\x68\x65\x69\x67\x68\x74\x3d\x22\x38\x30\x22\x20\x76\x69\
\x65\x77\x42\x6f\x78\x3d\x22\x30\x20\x30\x20\x32\x34\x20\x32\x34\
\x22\x20\x66\x69\x6c\x6c\x3d\x22\x6e\x6f\x6e\x65\x22\x20\x73\x74\
\x72\x6f\x6b\x65\x3d\x22\x63\x75\x72\x72\x65\x6e\x74\x43\x6f\x6c\
\x6f\x72\x22\x20\x73\x74\x72\x6f\x6b\x65\x2d\x77\x69\x64\x74\x68\
\x3d\x22\x31\x2e\x35\x22\x20\x73\x74\x72\x6f\x6b\x65\x2d\x6c\x69\
\x6e\x65\x63\x61\x70\x3d\x22\x72\x6f\x75\x6e\x64\x22\x20\x73\x74\
\x72\x6f\x6b\x65\x2d\x6c\x69\x6e\x65\x6a\x6f\x69\x6e\x3d\x22\x72\
\x6f\x75\x6e\x64\x22\x20\x63\x6c\x61\x73\x73\x3d\x22\x66\x65\x61\
\x74\x68\x65\x72\x20\x66\x65\x61\x74\x68\x65\x72\x2d\x75\x73\x65\
\x72\x2d\x70\x6c\x75\x73\x22\x3e\x3c\x70\x61\x74\x68\x20\x64\x3d\
\x22\x4d\x31\x36\x20\x32\x31\x76\x2d\x32\x61\x34\x20\x34\x20\x30\
\x20\x30\x20\x30\x2d\x34\x2d\x34\x48\x35\x61\x34\x20\x34\x20\x30\
\x20\x30\x20\x30\x2d\x34\x20\x34\x76\x32\x22\x3e\x3c\x2f\x70\x61\
\x74\x68\x3e\x3c\x63\x69\x72\x63\x6c\x65\x20\x63\x78\x3d\x22\x38\
\x2e\x35\x22\x20\x63\x79\x3d\x22\x37\x22\x20\x72\x3d\x22\x34\x22\
\x3e\x3c\x2f\x63\x69\x72\x63\x6c\x65\x3e\x3c\x6c\x69\x6e\x65\x20\
\x78\x31\x3d\x22\x32\x30\x22\x20\x79\x31\x3d\x22\x38\x22\x20\x78\
\x32\x3d\x22\x32\x30\x22\x20\x79\x32\x3d\x22\x31\x34\x22\x3e\x3c\
\x2f\x6c\x69\x6e\x65\x3e\x3c\x6c\x69\x6e\x65\x20\x78\x31\x3d\x22\
\x32\x33\x22\x20\x79\x31\x3d\x22\x31\x31\x22\x20\x78\x32\x3d\x22\
\x31\x37\x22\x20\x79\x32\x3d\x22\x31\x31\x22\x3e\x3c\x2f\x6c\x69\
\x6e\x65\x3e\x3c\x2f\x73\x76\x67\x3e\
\x00\x00\x01\x57\
\x3c\
\x73\x76\x67\x20\x78\x6d\x6c\x6e\x73\x3d\x22\x68\x74\x74\x70\x3a\
\x2f\x2f\x77\x77\x77\x2e\x77\x33\x2e\x6f\x72\x67\x2f\x32\x30\x30\
\x30\x2f\x73\x76\x67\x22\x20\x77\x69\x64\x74\x68\x3d\x22\x38\x30\
\x22\x20\x68\x65\x69\x67\x68\x74\x3d\x22\x38\x30\x22\x20\x76\x69\
\x65\x77\x42\x6f\x78\x3d\x22\x30\x20\x30\x20\x32\x34\x20\x32\x34\
\x22\x20\x66\x69\x6c\x6c\x3d\x22\x6e\x6f\x6e\x65\x22\x20\x73\x74\
\x72\x6f\x6b\x65\x3d\x22\x63\x75\x72\x72\x65\x6e\x74\x43\x6f\x6c\
\x6f\x72\x22\x20\x73\x74\x72\x6f\x6b\x65\x2d\x77\x69\x64\x74\x68\
\x3d\x22\x31\x2e\x35\x22\x20\x73\x74\x72\x6f\x6b\x65\x2d\x6c\x69\
\x6e\x65\x63\x61\x70\x3d\x22\x72\x6f\x75\x6e\x64\x22\x20\x73\x74\
\x72\x6f\x6b\x65\x2d\x6c\x69\x6e\x65\x6a\x6f\x69\x6e\x3d\x22\x72\
\x6f\x75\x6e\x64\x22\x20\x63\x6c\x61\x73\x73\x3d\x22\x66\x65\x61\
\x74\x68\x65\x72\x20\x66\x65\x61\x74\x68\x65\x72\x2d\x6d\x6f\x72\
\x65\x2d\x76\x65\x72\x74\x69\x63\x61\x6c\x22\x3e\x3c\x63\x69\x72\
\x63\x6c\x65\x20\x63\x78\x3d\x22\x31\x32\x22\x20\x63\x79\x3d\x22\
\x31\x32\x22\x20\x72\x3d\x22\x31\x22\x3e\x3c\x2f\x63\x69\x72\x63\
\x6c\x65\x3e\x3c\x63\x69\x72\x63\x6c\x65\x20\x63\x78\x3d\x22\x31\
\x32\x22\x20\x63\x79\x3d\x22\x35\x22\x20\x72\x3d\x22\x31\x22\x3e\
\x3c\x2f\x63\x69\x72\x63\x6c\x65\x3e\x3c\x63\x69\x72\x63\x6c\x65\
\x20\x63\x78\x3d\x22\x31\x32\x22\x20\x63\x79\x3d\x22\x31\x39\x22\
\x20\x72\x3d\x22\x31\x22\x3e\x3c\x2f\x63\x69\x72\x63\x6c\x65\x3e\
\x3c\x2f\x73\x76\x67\x3e\
\x00\x00\x01\x59\
\x3c\
\x73\x76\x67\x20\x78\x6d\x6c\x6e\x73\x3d\x22\x68\x74\x74\x70\x3a\
\x2f\x2f\x77\x77\x77\x2e\x77\x33\x2e\x6f\x72\x67\x2f\x32\x30\x30\
\x30\x2f\x73\x76\x67\x22\x20\x77\x69\x64\x74\x68\x3d\x22\x38\x30\
\x22\x20\x68\x65\x69\x67\x68\x74\x3d\x22\x38\x30\x22\x20\x76\x69\
\x65\x77\x42\x6f\x78\x3d\x22\x30\x20\x30\x20\x32\x34\x20\x32\x34\
\x22\x20\x66\x69\x6c\x6c\x3d\x22\x6e\x6f\x6e\x65\x22\x20\x73\x74\
\x72\x6f\x6b\x65\x3d\x22\x63\x75\x72\x72\x65\x6e\x74\x43\x6f\x6c\
\x6f\x72\x22\x20\x73\x74\x72\x6f\x6b\x65\x2d\x77\x69\x64\x74\x68\
\x3d\x22\x31\x2e\x35\x22\x20\x73\x74\x72\x6f\x6b\x65\x2d\x6c\x69\
\x6e\x65\x63\x61\x70\x3d\x22\x72\x6f\x75\x6e\x64\x22\x20\x73\x74\
\x72\x6f\x6b\x65\x2d\x6c\x69\x6e\x65\x6a\x6f\x69\x6e\x3d\x22\x72\
\x6f\x75\x6e\x64\x22\x20\x63\x6c\x61\x73\x73\x3d\x22\x66\x65\x61\
\x74\x68\x65\x72\x20\x66\x65\x61\x74\x68\x65\x72\x2d\x62\x72\x69\
\x65\x66\x63\x61\x73\x65\x22\x3e\x3c\x72\x65\x63\x74\x20\x78\x3d\
\x22\x32\x22\x20\x79\x3d\x22\x37\x22\x20\x77\x69\x64\x74\x68\x3d\
\x22\x32\x30\x22\x20\x68\x65\x69\x67\x68\x74\x3d\x22\x31\x34\x22\
\x20\x72\x78\x3d\x22\x32\x22\x20\x72\x79\x3d\x22\x32\x22\x3e\x3c\
\x2f\x72\x65\x63\x74\x3e\x3c\x70\x61\x74\x68\x20\x64\x3d\x22\x4d\
\x31\x36\x20\x32\x31\x56\x35\x61\x32\x20\x32\x20\x30\x20\x30\x20\
\x30\x2d\x32\x2d\x32\x68\x2d\x34\x61\x32\x20\x32\x20\x30\x20\x30\
\x20\x30\x2d\x32\x20\x32\x76\x31\x36\x22\x3e\x3c\x2f\x70\x61\x74\
\x68\x3e\x3c\x2f\x73\x76\x67\x3e\
\x00\x00\x01\x3f\
\x3c\
\x73\x76\x67\x20\x78\x6d\x6c\x6e\x73\x3d\x22\x68\x74\x74\x70\x3a\
\x2f\x2f\x77\x77\x77\x2e\x77\x33\x2e\x6f\x72\x67\x2f\x32\x30\x30\
\x30\x2f\x73\x76\x67\x22\x20\x77\x69\x64\x74\x68\x3d\x22\x38\x30\
\x22\x20\x68\x65\x69\x67\x68\x74\x3d\x22\x38\x30\x22\x20\x76\x69\
\x65\x77\x42\x6f\x78\x3d\x22\x30\x20\x30\x20\x32\x34\x20\x32\x34\
\x22\x20\x66\x69\x6c\x6c\x3d\x22\x6e\x6f\x6e\x65\x22\x20\x73\x74\
\x72\x6f\x6b\x65\x3d\x22\x63\x75\x72\x72\x65\x6e\x74\x43\x6f\x6c\
\x6f\x72\x22\x20\x73\x74\x72\x6f\x6b\x65\x2d\x77\x69\x64\x74\x68\
\x3d\x22\x31\x2e\x35\x22\x20\x73\x74\x72\x6f\x6b\x65\x2d\x6c\x69\
\x6e\x65\x63\x61\x70\x3d\x22\x72\x6f\x75\x6e\x64\x22\x20\x73\x74\
\x72\x6f\x6b\x65\x2d\x6c\x69\x6e\x65\x6a\x6f\x69\x6e\x3d\x22\x72\
\x6f\x75\x6e\x64\x22\x20\x63\x6c\x61\x73\x73\x3d\x22\x66\x65\x61\
\x74\x68\x65\x72\x20\x66\x65\x61\x74\x68\x65\x72\x2d\x63\x6f\x72\
\x6e\x65\x72\x2d\x6c\x65\x66\x74\x2d\x64\x6f\x77\x6e\x22\x3e\x3c\
\x70\x6f\x6c\x79\x6c\x69\x6e\x65\x20\x70\x6f\x69\x6e\x74\x73\x3d\
\x22\x31\x34\x20\x31\x35\x20\x39\x20\x32\x30\x20\x34\x20\x31\x35\
\x22\x3e\x3c\x2f\x70\x6f\x6c\x79\x6c\x69\x6e\x65\x3e\x3c\x70\x61\
\x74\x68\x20\x64\x3d\x22\x4d\x32\x30\x20\x34\x68\x2d\x37\x61\x34\
\x20\x34\x20\x30\x20\x30\x20\x30\x2d\x34\x20\x34\x76\x31\x32\x22\
\x3e\x3c\x2f\x70\x61\x74\x68\x3e\x3c\x2f\x73\x76\x67\x3e\
\x00\x00\x01\x6b\
\x3c\
\x73\x76\x67\x20\x78\x6d\x6c\x6e\x73\x3d\x22\x68\x74\x74\x70\x3a\
\x2f\x2f\x77\x77\x77\x2e\x77\x33\x2e\x6f\x72\x67\x2f\x32\x30\x30\
\x30\x2f\x73\x76\x67\x22\x20\x77\x69\x64\x74\x68\x3d\x22\x38\x30\
\x22\x20\x68\x65\x69\x67\x68\x74\x3d\x22\x38\x30\x22\x20\x76\x69\
\x65\x77\x42\x6f\x78\x3d\x22\x30\x20\x30\x20\x32\x34\x20\x32\x34\
\x22\x20\x66\x69\x6c\x6c\x3d\x22\x6e\x6f\x6e\x65\x22\x20\x73\x74\
\x72\x6f\x6b\x65\x3d\x22\x63\x75\x72\x72\x65\x6e\x74\x43\x6f\x6c\
\x6f\x72\x22\x20\x73\x74\x72\x6f\x6b\x65\x2d\x77\x69\x64\x74\x68\
\x3d\x22\x31\x2e\x35\x22\x20\x73\x74\x72\x6f\x6b\x65\x2d\x6c\x69\
\x6e\x65\x63\x61\x70\x3d\x22\x72\x6f\x75\x6e\x64\x22\x20\x73\x74\
\x72\x6f\x6b\x65\x2d\x6c\x69\x6e\x65\x6a\x6f\x69\x6e\x3d\x22\x72\
\x6f\x75\x6e\x64\x22\x20\x63\x6c\x61\x73\x73\x3d\x22\x66\x65\x61\
\x74\x68\x65\x72\x20\x66\x65\x61\x74\x68\x65\x72\x2d\x61\x72\x72\
\x6f\x77\x2d\x72\x69\x67\x68\x74\x2d\x63\x69\x72\x63\x6c\x65\x22\
\x3e\x3c\x63\x69\x72\x63\x6c\x65\x20\x63\x78\x3d\x22\x31\x32\x22\
\x20\x63\x79\x3d\x22\x31\x32\x22\x20\x72\x3d\x22\x31\x30\x22\x3e\
\x3c\x2f\x63\x69\x72\x63\x6c\x65\x3e\x3c\x70\x6f\x6c\x79\x6c\x69\
\x6e\x65\x20\x70\x6f\x69\x6e\x74\x73\x3d\x22\x31\x32\x20\x31\x36\
\x20\x31\x36\x20\x31\x32\x20\x31\x32\x20\x38\x22\x3e\x3c\x2f\x70\
\x6f\x6c\x79\x6c\x69\x6e\x65\x3e\x3c\x6c\x69\x6e\x65\x20\x78\x31\
\x3d\x22\x38\x22\x20\x79\x31\x3d\x22\x31\x32\x22\x20\x78\x32\x3d\
\x22\x31\x36\x22\x20\x79\x32\x3d\x22\x31\x32\x22\x3e\x3c\x2f\x6c\
\x69\x6e\x65\x3e\x3c\x2f\x73\x76\x67\x3e\
\x00\x00\x01\x8f\
\x3c\
\x73\x76\x67\x20\x78\x6d\x6c\x6e\x73\x3d\x22\x68\x74\x74\x70\x3a\
\x2f\x2f\x77\x77\x77\x2e\x77\x33\x2e\x6f\x72\x67\x2f\x32\x30\x30\
\x30\x2f\x73\x76\x67\x22\x20\x77\x69\x64\x74\x68\x3d\x22\x38\x30\
\x22\x20\x68\x65\x69\x67\x68\x74\x3d\x22\x38\x30\x22\x20\x76\x69\
\x65\x77\x42\x6f\x78\x3d\x22\x30\x20\x30\x20\x32\x34\x20\x32\x34\
\x22\x20\x66\x69\x6c\x6c\x3d\x22\x6e\x6f\x6e\x65\x22\x20\x73\x74\
\x72\x6f\x6b\x65\x3d\x22\x63\x75\x72\x72\x65\x6e\x74\x43\x6f\x6c\
\x6f\x72\x22\x20\x73\x74\x72\x6f\x6b\x65\x2d\x77\x69\x64\x74\x68\
\x3d\x22\x31\x2e\x35\x22\x20\x73\x74\x72\x6f\x6b\x65\x2d\x6c\x69\
\x6e\x65\x63\x61\x70\x3d\x22\x72\x6f\x75\x6e\x64\x22\x20\x73\x74\
\x72\x6f\x6b\x65\x2d\x6c\x69\x6e\x65\x6a\x6f\x69\x6e\x3d\x22\x72\
\x6f\x75\x6e\x64\x22\x20\x63\x6c\x61\x73\x73\x3d\x22\x66\x65\x61\
\x74\x68\x65\x72\x20\x66\x65\x61\x74\x68\x65\x72\x2d\x64\x69\x76\
\x69\x64\x65\x2d\x63\x69\x72\x63\x6c\x65\x22\x3e\x3c\x6c\x69\x6e\
\x65\x20\x78\x31\x3d\x22\x38\x22\x20\x79\x31\x3d\x22\x31\x32\x22\
\x20\x78\x32\x3d\x22\x31\x36\x22\x20\x79\x32\x3d\x22\x31\x32\x22\
\x3e\x3c\x2f\x6c\x69\x6e\x65\x3e\x3c\x6c\x69\x6e\x65\x20\x78\x31\
\x3d\x22\x31\x32\x22\x20\x79\x31\x3d\x22\x31\x36\x22\x20\x78\x32\
\x3d\x22\x31\x32\x22\x20\x79\x32\x3d\x22\x31\x36\x22\x3e\x3c\x2f\
\x6c\x69\x6e\x65\x3e\x3c\x6c\x69\x6e\x65\x20\x78\x31\x3d\x22\x31\
\x32\x22\x20\x79\x31\x3d\x22\x38\x22\x20\x78\x32\x3d\x22\x31\x32\
\x22\x20\x79\x32\x3d\x22\x38\x22\x3e\x3c\x2f\x6c\x69\x6e\x65\x3e\
\x3c\x63\x69\x72\x63\x6c\x65\x20\x63\x78\x3d\x22\x31\x32\x22\x20\
\x63\x79\x3d\x22\x31\x32\x22\x20\x72\x3d\x22\x31\x30\x22\x3e\x3c\
\x2f\x63\x69\x72\x63\x6c\x65\x3e\x3c\x2f\x73\x76\x67\x3e\
\x00\x00\x01\xe6\
\x3c\
\x73\x76\x67\x20\x78\x6d\x6c\x6e\x73\x3d\x22\x68\x74\x74\x70\x3a\
\x2f\x2f\x77\x77\x77\x2e\x77\x33\x2e\x6f\x72\x67\x2f\x32\x30\x30\
\x30\x2f\x73\x76\x67\x22\x20\x77\x69\x64\x74\x68\x3d\x22\x38\x30\
\x22\x20\x68\x65\x69\x67\x68\x74\x3d\x22\x38\x30\x22\x20\x76\x69\
\x65\x77\x42\x6f\x78\x3d\x22\x30\x20\x30\x20\x32\x34\x20\x32\x34\
\x22\x20\x66\x69\x6c\x6c\x3d\x22\x6e\x6f\x6e\x65\x22\x20\x73\x74\
\x72\x6f\x6b\x65\x3d\x22\x63\x75\x72\x72\x65\x6e\x74\x43\x6f\x6c\
\x6f\x72\x22\x20\x73\x74\x72\x6f\x6b\x65\x2d\x77\x69\x64\x74\x68\
\x3d\x22\x31\x2e\x35\x22\x20\x73\x74\x72\x6f\x6b\x65\x2d\x6c\x69\
\x6e\x65\x63\x61\x70\x3d\x22\x72\x6f\x75\x6e\x64\x22\x20\x73\x74\
\x72\x6f\x6b\x65\x2d\x6c\x69\x6e\x65\x6a\x6f\x69\x6e\x3d\x22\x72\
\x6f\x75\x6e\x64\x22\x20\x63\x6c\x61\x73\x73\x3d\x22\x66\x65\x61\
\x74\x68\x65\x72\x20\x66\x65\x61\x74\x68\x65\x72\x2d\x68\x61\x72\
\x64\x2d\x64\x72\x69\x76\x65\x22\x3e\x3c\x6c\x69\x6e\x65\x20\x78\
\x31\x3d\x22\x32\x32\x22\x20\x79\x31\x3d\x22\x31\x32\x22\x20\x78\
\x32\x3d\x22\x32\x22\x20\x79\x32\x3d\x22\x31\x32\x22\x3e\x3c\x2f\
\x6c\x69\x6e\x65\x3e\x3c\x70\x61\x74\x68\x20\x64\x3d\x22\x4d\x35\
\x2e\x34\x35\x20\x35\x2e\x31\x31\x4c\x32\x20\x31\x32\x76\x36\x61\
\x32\x20\x32\x20\x30\x20\x30\x20\x30\x20\x32\x20\x32\x68\x31\x36\
\x61\x32\x20\x32\x20\x30\x20\x30\x20\x30\x20\x32\x2d\x32\x76\x2d\
\x36\x6c\x2d\x33\x2e\x34\x35\x2d\x36\x2e\x38\x39\x41\x32\x20\x32\
\x20\x30\x20\x30\x20\x30\x20\x31\x36\x2e\x37\x36\x20\x34\x48\x37\
\x2e\x32\x34\x61\x32\x20\x32\x20\x30\x20\x30\x20\x30\x2d\x31\x2e\
\x37\x39\x20\x31\x2e\x31\x31\x7a\x22\x3e\x3c\x2f\x70\x61\x74\x68\
\x3e\x3c\x6c\x69\x6e\x65\x20\x78\x31\x3d\x22\x36\x22\x20\x79\x31\
\x3d\x22\x31\x36\x22\x20\x78\x32\x3d\x22\x36\x2e\x30\x31\x22\x20\
\x79\x32\x3d\x22\x31\x36\x22\x3e\x3c\x2f\x6c\x69\x6e\x65\x3e\x3c\
\x6c\x69\x6e\x65\x20\x78\x31\x3d\x22\x31\x30\x22\x20\x79\x31\x3d\
\x22\x31\x36\x22\x20\x78\x32\x3d\x22\x31\x30\x2e\x30\x31\x22\x20\
\x79\x32\x3d\x22\x31\x36\x22\x3e\x3c\x2f\x6c\x69\x6e\x65\x3e\x3c\
\x2f\x73\x76\x67\x3e\
\x00\x00\x01\x4a\
\x3c\
\x73\x76\x67\x20\x78\x6d\x6c\x6e\x73\x3d\x22\x68\x74\x74\x70\x3a\
\x2f\x2f\x77\x77\x77\x2e\x77\x33\x2e\x6f\x72\x67\x2f\x32\x30\x30\
\x30\x2f\x73\x76\x67\x22\x20\x77\x69\x64\x74\x68\x3d\x22\x38\x30\
\x22\x20\x68\x65\x69\x67\x68\x74\x3d\x22\x38\x30\x22\x20\x76\x69\
\x65\x77\x42\x6f\x78\x3d\x22\x30\x20\x30\x20\x32\x34\x20\x32\x34\
\x22\x20\x66\x69\x6c\x6c\x3d\x22\x6e\x6f\x6e\x65\x22\x20\x73\x74\
\x72\x6f\x6b\x65\x3d\x22\x63\x75\x72\x72\x65\x6e\x74\x43\x6f\x6c\
\x6f\x72\x22\x20\x73\x74\x72\x6f\x6b\x65\x2d\x77\x69\x64\x74\x68\
\x3d\x22\x31\x2e\x35\x22\x20\x73\x74\x72\x6f\x6b\x65\x2d\x6c\x69\
\x6e\x65\x63\x61\x70\x3d\x22\x72\x6f\x75\x6e\x64\x22\x20\x73\x74\
\x72\x6f\x6b\x65\x2d\x6c\x69\x6e\x65\x6a\x6f\x69\x6e\x3d\x22\x72\
\x6f\x75\x6e\x64\x22\x20\x63\x6c\x61\x73\x73\x3d\x22\x66\x65\x61\
\x74\x68\x65\x72\x20\x66\x65\x61\x74\x68\x65\x72\x2d\x74\x72\x65\
\x6e\x64\x69\x6e\x67\x2d\x75\x70\x22\x3e\x3c\x70\x6f\x6c\x79\x6c\
\x69\x6e\x65\x20\x70\x6f\x69\x6e\x74\x73\x3d\x22\x32\x33\x20\x36\
\x20\x31\x33\x2e\x35\x20\x31\x35\x2e\x35\x20\x38\x2e\x35\x20\x31\
\x30\x2e\x35\x20\x31\x20\x31\x38\x22\x3e\x3c\x2f\x70\x6f\x6c\x79\
\x6c\x69\x6e\x65\x3e\x3c\x70\x6f\x6c\x79\x6c\x69\x6e\x65\x20\x70\
\x6f\x69\x6e\x74\x73\x3d\x22\x31\x37\x20\x36\x20\x32\x33\x20\x36\
\x20\x32\x33\x20\x31\x32\x22\x3e\x3c\x2f\x70\x6f\x6c\x79\x6c\x69\
\x6e\x65\x3e\x3c\x2f\x73\x76\x67\x3e\
\x00\x00\x01\x6f\
\x3c\
\x73\x76\x67\x20\x78\x6d\x6c\x6e\x73\x3d\x22\x68\x74\x74\x70\x3a\
\x2f\x2f\x77\x77\x77\x2e\x77\x33\x2e\x6f\x72\x67\x2f\x32\x30\x30\
\x30\x2f\x73\x76\x67\x22\x20\x77\x69\x64\x74\x68\x3d\x22\x38\x30\
\x22\x20\x68\x65\x69\x67\x68\x74\x3d\x22\x38\x30\x22\x20\x76\x69\
\x65\x77\x42\x6f\x78\x3d\x22\x30\x20\x30\x20\x32\x34\x20\x32\x34\
\x22\x20\x66\x69\x6c\x6c\x3d\x22\x6e\x6f\x6e\x65\x22\x20\x73\x74\
\x72\x6f\x6b\x65\x3d\x22\x63\x75\x72\x72\x65\x6e\x74\x43\x6f\x6c\
\x6f\x72\x22\x20\x73\x74\x72\x6f\x6b\x65\x2d\x77\x69\x64\x74\x68\
\x3d\x22\x31\x2e\x35\x22\x20\x73\x74\x72\x6f\x6b\x65\x2d\x6c\x69\
\x6e\x65\x63\x61\x70\x3d\x22\x72\x6f\x75\x6e\x64\x22\x20\x73\x74\
\x72\x6f\x6b\x65\x2d\x6c\x69\x6e\x65\x6a\x6f\x69\x6e\x3d\x22\x72\
\x6f\x75\x6e\x64\x22\x20\x63\x6c\x61\x73\x73\x3d\x22\x66\x65\x61\
\x74\x68\x65\x72\x20\x66\x65\x61\x74\x68\x65\x72\x2d\x6c\x61\x79\
\x65\x72\x73\x22\x3e\x3c\x70\x6f\x6c\x79\x67\x6f\x6e\x20\x70\x6f\
\x69\x6e\x74\x73\x3d\x22\x31\x32\x20\x32\x20\x32\x20\x37\x20\x31\
\x32\x20\x31\x32\x20\x32\x32\x20\x37\x20\x31\x32\x20\x32\x22\x3e\
\x3c\x2f\x70\x6f\x6c\x79\x67\x6f\x6e\x3e\x3c\x70\x6f\x6c\x79\x6c\
\x69\x6e\x65\x20\x70\x6f\x69\x6e\x74\x73\x3d\x22\x32\x20\x31\x37\
\x20\x31\x32\x20\x32\x32\x20\x32\x32\x20\x31\x37\x22\x3e\x3c\x2f\
\x70\x6f\x6c\x79\x6c\x69\x6e\x65\x3e\x3c\x70\x6f\x6c\x79\x6c\x69\
\x6e\x65\x20\x70\x6f\x69\x6e\x74\x73\x3d\x22\x32\x20\x31\x32\x20\
\x31\x32\x20\x31\x37\x20\x32\x32\x20\x31\x32\x22\x3e\x3c\x2f\x70\
\x6f\x6c\x79\x6c\x69\x6e\x65\x3e\x3c\x2f\x73\x76\x67\x3e\
\x00\x00\x01\x96\
\x3c\
\x73\x76\x67\x20\x78\x6d\x6c\x6e\x73\x3d\x22\x68\x74\x74\x70\x3a\
\x2f\x2f\x77\x77\x77\x2e\x77\x33\x2e\x6f\x72\x67\x2f\x32\x30\x30\
\x30\x2f\x73\x76\x67\x22\x20\x77\x69\x64\x74\x68\x3d\x22\x38\x30\
\x22\x20\x68\x65\x69\x67\x68\x74\x3d\x22\x38\x30\x22\x20\x76\x69\
\x65\x77\x42\x6f\x78\x3d\x22\x30\x20\x30\x20\x32\x34\x20\x32\x34\
\x22\x20\x66\x69\x6c\x6c\x3d\x22\x6e\x6f\x6e\x65\x22\x20\x73\x74\
\x72\x6f\x6b\x65\x3d\x22\x63\x75\x72\x72\x65\x6e\x74\x43\x6f\x6c\
\x6f\x72\x22\x20\x73\x74\x72\x6f\x6b\x65\x2d\x77\x69\x64\x74\x68\
\x3d\x22\x31\x2e\x35\x22\x20\x73\x74\x72\x6f\x6b\x65\x2d\x6c\x69\
\x6e\x65\x63\x61\x70\x3d\x22\x72\x6f\x75\x6e\x64\x22\x20\x73\x74\
\x72\x6f\x6b\x65\x2d\x6c\x69\x6e\x65\x6a\x6f\x69\x6e\x3d\x22\x72\
\x6f\x75\x6e\x64\x22\x20\x63\x6c\x61\x73\x73\x3d\x22\x66\x65\x61\
\x74\x68\x65\x72\x20\x66\x65\x61\x74\x68\x65\x72\x2d\x6d\x69\x6e\
\x69\x6d\x69\x7a\x65\x2d\x32\x22\x3e\x3c\x70\x6f\x6c\x79\x6c\x69\
\x6e\x65\x20\x70\x6f\x69\x6e\x74\x73\x3d\x22\x34\x20\x31\x34\x20\
\x31\x30\x20\x31\x34\x20\x31\x30\x20\x32\x30\x22\x3e\x3c\x2f\x70\
\x6f\x6c\x79\x6c\x69\x6e\x65\x3e\x3c\x70\x6f\x6c\x79\x6c\x69\x6e\
\x65\x20\x70\x6f\x69\x6e\x74\x73\x3d\x22\x32\x30\x20\x31\x30\x20\
\x31\x34\x20\x31\x30\x20\x31\x34\x20\x34\x22\x3e\x3c\x2f\x70\x6f\
\x6c\x79\x6c\x69\x6e\x65\x3e\x3c\x6c\x69\x6e\x65\x20\x78\x31\x3d\
\x22\x31\x34\x22\x20\x79\x31\x3d\x22\x31\x30\x22\x20\x78\x32\x3d\
\x22\x32\x31\x22\x20\x79\x32\x3d\x22\x33\x22\x3e\x3c\x2f\x6c\x69\
\x6e\x65\x3e\x3c\x6c\x69\x6e\x65\x20\x78\x31\x3d\x22\x33\x22\x20\
\x79\x31\x3d\x22\x32\x31\x22\x20\x78\x32\x3d\x22\x31\x30\x22\x20\
\x79\x32\x3d\x22\x31\x34\x22\x3e\x3c\x2f\x6c\x69\x6e\x65\x3e\x3c\
\x2f\x73\x76\x67\x3e\
\x00\x00\x01\x3d\
\x3c\
\x73\x76\x67\x20\x78\x6d\x6c\x6e\x73\x3d\x22\x68\x74\x74\x70\x3a\
\x2f\x2f\x77\x77\x77\x2e\x77\x33\x2e\x6f\x72\x67\x2f\x32\x30\x30\
\x30\x2f\x73\x76\x67\x22\x20\x77\x69\x64\x74\x68\x3d\x22\x38\x30\
\x22\x20\x68\x65\x69\x67\x68\x74\x3d\x22\x38\x30\x22\x20\x76\x69\
\x65\x77\x42\x6f\x78\x3d\x22\x30\x20\x30\x20\x32\x34\x20\x32\x34\
\x22\x20\x66\x69\x6c\x6c\x3d\x22\x6e\x6f\x6e\x65\x22\x20\x73\x74\
\x72\x6f\x6b\x65\x3d\x22\x63\x75\x72\x72\x65\x6e\x74\x43\x6f\x6c\
\x6f\x72\x22\x20\x73\x74\x72\x6f\x6b\x65\x2d\x77\x69\x64\x74\x68\
\x3d\x22\x31\x2e\x35\x22\x20\x73\x74\x72\x6f\x6b\x65\x2d\x6c\x69\
\x6e\x65\x63\x61\x70\x3d\x22\x72\x6f\x75\x6e\x64\x22\x20\x73\x74\
\x72\x6f\x6b\x65\x2d\x6c\x69\x6e\x65\x6a\x6f\x69\x6e\x3d\x22\x72\
\x6f\x75\x6e\x64\x22\x20\x63\x6c\x61\x73\x73\x3d\x22\x66\x65\x61\
\x74\x68\x65\x72\x20\x66\x65\x61\x74\x68\x65\x72\x2d\x61\x72\x72\
\x6f\x77\x2d\x64\x6f\x77\x6e\x2d\x6c\x65\x66\x74\x22\x3e\x3c\x6c\
\x69\x6e\x65\x20\x78\x31\x3d\x22\x31\x37\x22\x20\x79\x31\x3d\x22\
\x37\x22\x20\x78\x32\x3d\x22\x37\x22\x20\x79\x32\x3d\x22\x31\x37\
\x22\x3e\x3c\x2f\x6c\x69\x6e\x65\x3e\x3c\x70\x6f\x6c\x79\x6c\x69\
\x6e\x65\x20\x70\x6f\x69\x6e\x74\x73\x3d\x22\x31\x37\x20\x31\x37\
\x20\x37\x20\x31\x37\x20\x37\x20\x37\x22\x3e\x3c\x2f\x70\x6f\x6c\
\x79\x6c\x69\x6e\x65\x3e\x3c\x2f\x73\x76\x67\x3e\
\x00\x00\x01\x35\
\x3c\
\x73\x76\x67\x20\x78\x6d\x6c\x6e\x73\x3d\x22\x68\x74\x74\x70\x3a\
\x2f\x2f\x77\x77\x77\x2e\x77\x33\x2e\x6f\x72\x67\x2f\x32\x30\x30\
\x30\x2f\x73\x76\x67\x22\x20\x77\x69\x64\x74\x68\x3d\x22\x38\x30\
\x22\x20\x68\x65\x69\x67\x68\x74\x3d\x22\x38\x30\x22\x20\x76\x69\
\x65\x77\x42\x6f\x78\x3d\x22\x30\x20\x30\x20\x32\x34\x20\x32\x34\
\x22\x20\x66\x69\x6c\x6c\x3d\x22\x6e\x6f\x6e\x65\x22\x20\x73\x74\
\x72\x6f\x6b\x65\x3d\x22\x63\x75\x72\x72\x65\x6e\x74\x43\x6f\x6c\
\x6f\x72\x22\x20\x73\x74\x72\x6f\x6b\x65\x2d\x77\x69\x64\x74\x68\
\x3d\x22\x31\x2e\x35\x22\x20\x73\x74\x72\x6f\x6b\x65\x2d\x6c\x69\
\x6e\x65\x63\x61\x70\x3d\x22\x72\x6f\x75\x6e\x64\x22\x20\x73\x74\
\x72\x6f\x6b\x65\x2d\x6c\x69\x6e\x65\x6a\x6f\x69\x6e\x3d\x22\x72\
\x6f\x75\x6e\x64\x22\x20\x63\x6c\x61\x73\x73\x3d\x22\x66\x65\x61\
\x74\x68\x65\x72\x20\x66\x65\x61\x74\x68\x65\x72\x2d\x63\x6f\x64\
\x65\x22\x3e\x3c\x70\x6f\x6c\x79\x6c\x69\x6e\x65\x20\x70\x6f\x69\
\x6e\x74\x73\x3d\x22\x31\x36\x20\x31\x38\x20\x32\x32\x20\x31\x32\
\x20\x31\x36\x20\x36\x22\x3e\x3c\x2f\x70\x6f\x6c\x79\x6c\x69\x6e\
\x65\x3e\x3c\x70\x6f\x6c\x79\x6c\x69\x6e\x65\x20\x70\x6f\x69\x6e\
\x74\x73\x3d\x22\x38\x20\x36\x20\x32\x20\x31\x32\x20\x38\x20\x31\
\x38\x22\x3e\x3c\x2f\x70\x6f\x6c\x79\x6c\x69\x6e\x65\x3e\x3c\x2f\
\x73\x76\x67\x3e\
\x00\x00\x01\x62\
\x3c\
\x73\x76\x67\x20\x78\x6d\x6c\x6e\x73\x3d\x22\x68\x74\x74\x70\x3a\
\x2f\x2f\x77\x77\x77\x2e\x77\x33\x2e\x6f\x72\x67\x2f\x32\x30\x30\
\x30\x2f\x73\x76\x67\x22\x20\x77\x69\x64\x74\x68\x3d\x22\x38\x30\
\x22\x20\x68\x65\x69\x67\x68\x74\x3d\x22\x38\x30\x22\x20\x76\x69\
\x65\x77\x42\x6f\x78\x3d\x22\x30\x20\x30\x20\x32\x34\x20\x32\x34\
\x22\x20\x66\x69\x6c\x6c\x3d\x22\x6e\x6f\x6e\x65\x22\x20\x73\x74\
\x72\x6f\x6b\x65\x3d\x22\x63\x75\x72\x72\x65\x6e\x74\x43\x6f\x6c\
\x6f\x72\x22\x20\x73\x74\x72\x6f\x6b\x65\x2d\x77\x69\x64\x74\x68\
\x3d\x22\x31\x2e\x35\x22\x20\x73\x74\x72\x6f\x6b\x65\x2d\x6c\x69\
\x6e\x65\x63\x61\x70\x3d\x22\x72\x6f\x75\x6e\x64\x22\x20\x73\x74\
\x72\x6f\x6b\x65\x2d\x6c\x69\x6e\x65\x6a\x6f\x69\x6e\x3d\x22\x72\
\x6f\x75\x6e\x64\x22\x20\x63\x6c\x61\x73\x73\x3d\x22\x66\x65\x61\
\x74\x68\x65\x72\x20\x66\x65\x61\x74\x68\x65\x72\x2d\x70\x61\x70\
\x65\x72\x63\x6c\x69\x70\x22\x3e\x3c\x70\x61\x74\x68\x20\x64\x3d\
\x22\x4d\x32\x31\x2e\x34\x34\x20\x31\x31\x2e\x30\x35\x6c\x2d\x39\
\x2e\x31\x39\x20\x39\x2e\x31\x39\x61\x36\x20\x36\x20\x30\x20\x30\
\x20\x31\x2d\x38\x2e\x34\x39\x2d\x38\x2e\x34\x39\x6c\x39\x2e\x31\
\x39\x2d\x39\x2e\x31\x39\x61\x34\x20\x34\x20\x30\x20\x30\x20\x31\
\x20\x35\x2e\x36\x36\x20\x35\x2e\x36\x36\x6c\x2d\x39\x2e\x32\x20\
\x39\x2e\x31\x39\x61\x32\x20\x32\x20\x30\x20\x30\x20\x31\x2d\x32\
\x2e\x38\x33\x2d\x32\x2e\x38\x33\x6c\x38\x2e\x34\x39\x2d\x38\x2e\
\x34\x38\x22\x3e\x3c\x2f\x70\x61\x74\x68\x3e\x3c\x2f\x73\x76\x67\
\x3e\
\x00\x00\x01\x62\
\x3c\
\x73\x76\x67\x20\x78\x6d\x6c\x6e\x73\x3d\x22\x68\x74\x74\x70\x3a\
\x2f\x2f\x77\x77\x77\x2e\x77\x33\x2e\x6f\x72\x67\x2f\x32\x30\x30\
\x30\x2f\x73\x76\x67\x22\x20\x77\x69\x64\x74\x68\x3d\x22\x38\x30\
\x22\x20\x68\x65\x69\x67\x68\x74\x3d\x22\x38\x30\x22\x20\x76\x69\
\x65\x77\x42\x6f\x78\x3d\x22\x30\x20\x30\x20\x32\x34\x20\x32\x34\
\x22\x20\x66\x69\x6c\x6c\x3d\x22\x6e\x6f\x6e\x65\x22\x20\x73\x74\
\x72\x6f\x6b\x65\x3d\x22\x63\x75\x72\x72\x65\x6e\x74\x43\x6f\x6c\
\x6f\x72\x22\x20\x73\x74\x72\x6f\x6b\x65\x2d\x77\x69\x64\x74\x68\
\x3d\x22\x31\x2e\x35\x22\x20\x73\x74\x72\x6f\x6b\x65\x2d\x6c\x69\
\x6e\x65\x63\x61\x70\x3d\x22\x72\x6f\x75\x6e\x64\x22\x20\x73\x74\
\x72\x6f\x6b\x65\x2d\x6c\x69\x6e\x65\x6a\x6f\x69\x6e\x3d\x22\x72\
\x6f\x75\x6e\x64\x22\x20\x63\x6c\x61\x73\x73\x3d\x22\x66\x65\x61\
\x74\x68\x65\x72\x20\x66\x65\x61\x74\x68\x65\x72\x2d\x6b\x65\x79\
\x22\x3e\x3c\x70\x61\x74\x68\x20\x64\x3d\x22\x4d\x32\x31\x20\x32\
\x6c\x2d\x32\x20\x32\x6d\x2d\x37\x2e\x36\x31\x20\x37\x2e\x36\x31\
\x61\x35\x2e\x35\x20\x35\x2e\x35\x20\x30\x20\x31\x20\x31\x2d\x37\
\x2e\x37\x37\x38\x20\x37\x2e\x37\x37\x38\x20\x35\x2e\x35\x20\x35\
\x2e\x35\x20\x30\x20\x30\x20\x31\x20\x37\x2e\x37\x37\x37\x2d\x37\
\x2e\x37\x37\x37\x7a\x6d\x30\x20\x30\x4c\x31\x35\x2e\x35\x20\x37\
\x2e\x35\x6d\x30\x20\x30\x6c\x33\x20\x33\x4c\x32\x32\x20\x37\x6c\
\x2d\x33\x2d\x33\x6d\x2d\x33\x2e\x35\x20\x33\x2e\x35\x4c\x31\x39\
\x20\x34\x22\x3e\x3c\x2f\x70\x61\x74\x68\x3e\x3c\x2f\x73\x76\x67\
\x3e\
\x00\x00\x01\x09\
\x3c\
\x73\x76\x67\x20\x78\x6d\x6c\x6e\x73\x3d\x22\x68\x74\x74\x70\x3a\
\x2f\x2f\x77\x77\x77\x2e\x77\x33\x2e\x6f\x72\x67\x2f\x32\x30\x30\
\x30\x2f\x73\x76\x67\x22\x20\x77\x69\x64\x74\x68\x3d\x22\x38\x30\
\x22\x20\x68\x65\x69\x67\x68\x74\x3d\x22\x38\x30\x22\x20\x76\x69\
\x65\x77\x42\x6f\x78\x3d\x22\x30\x20\x30\x20\x32\x34\x20\x32\x34\
\x22\x20\x66\x69\x6c\x6c\x3d\x22\x6e\x6f\x6e\x65\x22\x20\x73\x74\
\x72\x6f\x6b\x65\x3d\x22\x63\x75\x72\x72\x65\x6e\x74\x43\x6f\x6c\
\x6f\x72\x22\x20\x73\x74\x72\x6f\x6b\x65\x2d\x77\x69\x64\x74\x68\
\x3d\x22\x31\x2e\x35\x22\x20\x73\x74\x72\x6f\x6b\x65\x2d\x6c\x69\
\x6e\x65\x63\x61\x70\x3d\x22\x72\x6f\x75\x6e\x64\x22\x20\x73\x74\
\x72\x6f\x6b\x65\x2d\x6c\x69\x6e\x65\x6a\x6f\x69\x6e\x3d\x22\x72\
\x6f\x75\x6e\x64\x22\x20\x63\x6c\x61\x73\x73\x3d\x22\x66\x65\x61\
\x74\x68\x65\x72\x20\x66\x65\x61\x74\x68\x65\x72\x2d\x70\x6c\x61\
\x79\x22\x3e\x3c\x70\x6f\x6c\x79\x67\x6f\x6e\x20\x70\x6f\x69\x6e\
\x74\x73\x3d\x22\x35\x20\x33\x20\x31\x39\x20\x31\x32\x20\x35\x20\
\x32\x31\x20\x35\x20\x33\x22\x3e\x3c\x2f\x70\x6f\x6c\x79\x67\x6f\
\x6e\x3e\x3c\x2f\x73\x76\x67\x3e\
\x00\x00\x01\x50\
\x3c\
\x73\x76\x67\x20\x78\x6d\x6c\x6e\x73\x3d\x22\x68\x74\x74\x70\x3a\
\x2f\x2f\x77\x77\x77\x2e\x77\x33\x2e\x6f\x72\x67\x2f\x32\x30\x30\
\x30\x2f\x73\x76\x67\x22\x20\x77\x69\x64\x74\x68\x3d\x22\x38\x30\
\x22\x20\x68\x65\x69\x67\x68\x74\x3d\x22\x38\x30\x22\x20\x76\x69\
\x65\x77\x42\x6f\x78\x3d\x22\x30\x20\x30\x20\x32\x34\x20\x32\x34\
\x22\x20\x66\x69\x6c\x6c\x3d\x22\x6e\x6f\x6e\x65\x22\x20\x73\x74\
\x72\x6f\x6b\x65\x3d\x22\x63\x75\x72\x72\x65\x6e\x74\x43\x6f\x6c\
\x6f\x72\x22\x20\x73\x74\x72\x6f\x6b\x65\x2d\x77\x69\x64\x74\x68\
\x3d\x22\x31\x2e\x35\x22\x20\x73\x74\x72\x6f\x6b\x65\x2d\x6c\x69\
\x6e\x65\x63\x61\x70\x3d\x22\x72\x6f\x75\x6e\x64\x22\x20\x73\x74\
\x72\x6f\x6b\x65\x2d\x6c\x69\x6e\x65\x6a\x6f\x69\x6e\x3d\x22\x72\
\x6f\x75\x6e\x64\x22\x20\x63\x6c\x61\x73\x73\x3d\x22\x66\x65\x61\
\x74\x68\x65\x72\x20\x66\x65\x61\x74\x68\x65\x72\x2d\x66\x6c\x61\
\x67\x22\x3e\x3c\x70\x61\x74\x68\x20\x64\x3d\x22\x4d\x34\x20\x31\
\x35\x73\x31\x2d\x31\x20\x34\x2d\x31\x20\x35\x20\x32\x20\x38\x20\
\x32\x20\x34\x2d\x31\x20\x34\x2d\x31\x56\x33\x73\x2d\x31\x20\x31\
\x2d\x34\x20\x31\x2d\x35\x2d\x32\x2d\x38\x2d\x32\x2d\x34\x20\x31\
\x2d\x34\x20\x31\x7a\x22\x3e\x3c\x2f\x70\x61\x74\x68\x3e\x3c\x6c\
\x69\x6e\x65\x20\x78\x31\x3d\x22\x34\x22\x20\x79\x31\x3d\x22\x32\
\x32\x22\x20\x78\x32\x3d\x22\x34\x22\x20\x79\x32\x3d\x22\x31\x35\
\x22\x3e\x3c\x2f\x6c\x69\x6e\x65\x3e\x3c\x2f\x73\x76\x67\x3e\
\x00\x00\x01\x44\
\x3c\
\x73\x76\x67\x20\x78\x6d\x6c\x6e\x73\x3d\x22\x68\x74\x74\x70\x3a\
\x2f\x2f\x77\x77\x77\x2e\x77\x33\x2e\x6f\x72\x67\x2f\x32\x30\x30\
\x30\x2f\x73\x76\x67\x22\x20\x77\x69\x64\x74\x68\x3d\x22\x38\x30\
\x22\x20\x68\x65\x69\x67\x68\x74\x3d\x22\x38\x30\x22\x20\x76\x69\
\x65\x77\x42\x6f\x78\x3d\x22\x30\x20\x30\x20\x32\x34\x20\x32\x34\
\x22\x20\x66\x69\x6c\x6c\x3d\x22\x6e\x6f\x6e\x65\x22\x20\x73\x74\
\x72\x6f\x6b\x65\x3d\x22\x63\x75\x72\x72\x65\x6e\x74\x43\x6f\x6c\
\x6f\x72\x22\x20\x73\x74\x72\x6f\x6b\x65\x2d\x77\x69\x64\x74\x68\
\x3d\x22\x31\x2e\x35\x22\x20\x73\x74\x72\x6f\x6b\x65\x2d\x6c\x69\
\x6e\x65\x63\x61\x70\x3d\x22\x72\x6f\x75\x6e\x64\x22\x20\x73\x74\
\x72\x6f\x6b\x65\x2d\x6c\x69\x6e\x65\x6a\x6f\x69\x6e\x3d\x22\x72\
\x6f\x75\x6e\x64\x22\x20\x63\x6c\x61\x73\x73\x3d\x22\x66\x65\x61\
\x74\x68\x65\x72\x20\x66\x65\x61\x74\x68\x65\x72\x2d\x61\x74\x2d\
\x73\x69\x67\x6e\x22\x3e\x3c\x63\x69\x72\x63\x6c\x65\x20\x63\x78\
\x3d\x22\x31\x32\x22\x20\x63\x79\x3d\x22\x31\x32\x22\x20\x72\x3d\
\x22\x34\x22\x3e\x3c\x2f\x63\x69\x72\x63\x6c\x65\x3e\x3c\x70\x61\
\x74\x68\x20\x64\x3d\x22\x4d\x31\x36\x20\x38\x76\x35\x61\x33\x20\
\x33\x20\x30\x20\x30\x20\x30\x20\x36\x20\x30\x76\x2d\x31\x61\x31\
\x30\x20\x31\x30\x20\x30\x20\x31\x20\x30\x2d\x33\x2e\x39\x32\x20\
\x37\x2e\x39\x34\x22\x3e\x3c\x2f\x70\x61\x74\x68\x3e\x3c\x2f\x73\
\x76\x67\x3e\
\x00\x00\x01\x5c\
\x3c\
\x73\x76\x67\x20\x78\x6d\x6c\x6e\x73\x3d\x22\x68\x74\x74\x70\x3a\
\x2f\x2f\x77\x77\x77\x2e\x77\x33\x2e\x6f\x72\x67\x2f\x32\x30\x30\
\x30\x2f\x73\x76\x67\x22\x20\x77\x69\x64\x74\x68\x3d\x22\x38\x30\
\x22\x20\x68\x65\x69\x67\x68\x74\x3d\x22\x38\x30\x22\x20\x76\x69\
\x65\x77\x42\x6f\x78\x3d\x22\x30\x20\x30\x20\x32\x34\x20\x32\x34\
\x22\x20\x66\x69\x6c\x6c\x3d\x22\x6e\x6f\x6e\x65\x22\x20\x73\x74\
\x72\x6f\x6b\x65\x3d\x22\x63\x75\x72\x72\x65\x6e\x74\x43\x6f\x6c\
\x6f\x72\x22\x20\x73\x74\x72\x6f\x6b\x65\x2d\x77\x69\x64\x74\x68\
\x3d\x22\x31\x2e\x35\x22\x20\x73\x74\x72\x6f\x6b\x65\x2d\x6c\x69\
\x6e\x65\x63\x61\x70\x3d\x22\x72\x6f\x75\x6e\x64\x22\x20\x73\x74\
\x72\x6f\x6b\x65\x2d\x6c\x69\x6e\x65\x6a\x6f\x69\x6e\x3d\x22\x72\
\x6f\x75\x6e\x64\x22\x20\x63\x6c\x61\x73\x73\x3d\x22\x66\x65\x61\
\x74\x68\x65\x72\x20\x66\x65\x61\x74\x68\x65\x72\x2d\x6d\x65\x6e\
\x75\x22\x3e\x3c\x6c\x69\x6e\x65\x20\x78\x31\x3d\x22\x33\x22\x20\
\x79\x31\x3d\x22\x31\x32\x22\x20\x78\x32\x3d\x22\x32\x31\x22\x20\
\x79\x32\x3d\x22\x31\x32\x22\x3e\x3c\x2f\x6c\x69\x6e\x65\x3e\x3c\
\x6c\x69\x6e\x65\x20\x78\x31\x3d\x22\x33\x22\x20\x79\x31\x3d\x22\
\x36\x22\x20\x78\x32\x3d\x22\x32\x31\x22\x20\x79\x32\x3d\x22\x36\
\x22\x3e\x3c\x2f\x6c\x69\x6e\x65\x3e\x3c\x6c\x69\x6e\x65\x20\x78\
\x31\x3d\x22\x33\x22\x20\x79\x31\x3d\x22\x31\x38\x22\x20\x78\x32\
\x3d\x22\x32\x31\x22\x20\x79\x32\x3d\x22\x31\x38\x22\x3e\x3c\x2f\
\x6c\x69\x6e\x65\x3e\x3c\x2f\x73\x76\x67\x3e\
\x00\x00\x01\x65\
\x3c\
\x73\x76\x67\x20\x78\x6d\x6c\x6e\x73\x3d\x22\x68\x74\x74\x70\x3a\
\x2f\x2f\x77\x77\x77\x2e\x77\x33\x2e\x6f\x72\x67\x2f\x32\x30\x30\
\x30\x2f\x73\x76\x67\x22\x20\x77\x69\x64\x74\x68\x3d\x22\x38\x30\
\x22\x20\x68\x65\x69\x67\x68\x74\x3d\x22\x38\x30\x22\x20\x76\x69\
\x65\x77\x42\x6f\x78\x3d\x22\x30\x20\x30\x20\x32\x34\x20\x32\x34\
\x22\x20\x66\x69\x6c\x6c\x3d\x22\x6e\x6f\x6e\x65\x22\x20\x73\x74\
\x72\x6f\x6b\x65\x3d\x22\x63\x75\x72\x72\x65\x6e\x74\x43\x6f\x6c\
\x6f\x72\x22\x20\x73\x74\x72\x6f\x6b\x65\x2d\x77\x69\x64\x74\x68\
\x3d\x22\x31\x2e\x35\x22\x20\x73\x74\x72\x6f\x6b\x65\x2d\x6c\x69\
\x6e\x65\x63\x61\x70\x3d\x22\x72\x6f\x75\x6e\x64\x22\x20\x73\x74\
\x72\x6f\x6b\x65\x2d\x6c\x69\x6e\x65\x6a\x6f\x69\x6e\x3d\x22\x72\
\x6f\x75\x6e\x64\x22\x20\x63\x6c\x61\x73\x73\x3d\x22\x66\x65\x61\
\x74\x68\x65\x72\x20\x66\x65\x61\x74\x68\x65\x72\x2d\x62\x61\x72\
\x2d\x63\x68\x61\x72\x74\x2d\x32\x22\x3e\x3c\x6c\x69\x6e\x65\x20\
\x78\x31\x3d\x22\x31\x38\x22\x20\x79\x31\x3d\x22\x32\x30\x22\x20\
\x78\x32\x3d\x22\x31\x38\x22\x20\x79\x32\x3d\x22\x31\x30\x22\x3e\
\x3c\x2f\x6c\x69\x6e\x65\x3e\x3c\x6c\x69\x6e\x65\x20\x78\x31\x3d\
\x22\x31\x32\x22\x20\x79\x31\x3d\x22\x32\x30\x22\x20\x78\x32\x3d\
\x22\x31\x32\x22\x20\x79\x32\x3d\x22\x34\x22\x3e\x3c\x2f\x6c\x69\
\x6e\x65\x3e\x3c\x6c\x69\x6e\x65\x20\x78\x31\x3d\x22\x36\x22\x20\
\x79\x31\x3d\x22\x32\x30\x22\x20\x78\x32\x3d\x22\x36\x22\x20\x79\
\x32\x3d\x22\x31\x34\x22\x3e\x3c\x2f\x6c\x69\x6e\x65\x3e\x3c\x2f\
\x73\x76\x67\x3e\
\x00\x00\x01\x62\
\x3c\
\x73\x76\x67\x20\x78\x6d\x6c\x6e\x73\x3d\x22\x68\x74\x74\x70\x3a\
\x2f\x2f\x77\x77\x77\x2e\x77\x33\x2e\x6f\x72\x67\x2f\x32\x30\x30\
\x30\x2f\x73\x76\x67\x22\x20\x77\x69\x64\x74\x68\x3d\x22\x38\x30\
\x22\x20\x68\x65\x69\x67\x68\x74\x3d\x22\x38\x30\x22\x20\x76\x69\
\x65\x77\x42\x6f\x78\x3d\x22\x30\x20\x30\x20\x32\x34\x20\x32\x34\
\x22\x20\x66\x69\x6c\x6c\x3d\x22\x6e\x6f\x6e\x65\x22\x20\x73\x74\
\x72\x6f\x6b\x65\x3d\x22\x63\x75\x72\x72\x65\x6e\x74\x43\x6f\x6c\
\x6f\x72\x22\x20\x73\x74\x72\x6f\x6b\x65\x2d\x77\x69\x64\x74\x68\
\x3d\x22\x31\x2e\x35\x22\x20\x73\x74\x72\x6f\x6b\x65\x2d\x6c\x69\
\x6e\x65\x63\x61\x70\x3d\x22\x72\x6f\x75\x6e\x64\x22\x20\x73\x74\
\x72\x6f\x6b\x65\x2d\x6c\x69\x6e\x65\x6a\x6f\x69\x6e\x3d\x22\x72\
\x6f\x75\x6e\x64\x22\x20\x63\x6c\x61\x73\x73\x3d\x22\x66\x65\x61\
\x74\x68\x65\x72\x20\x66\x65\x61\x74\x68\x65\x72\x2d\x70\x61\x75\
\x73\x65\x2d\x63\x69\x72\x63\x6c\x65\x22\x3e\x3c\x63\x69\x72\x63\
\x6c\x65\x20\x63\x78\x3d\x22\x31\x32\x22\x20\x63\x79\x3d\x22\x31\
\x32\x22\x20\x72\x3d\x22\x31\x30\x22\x3e\x3c\x2f\x63\x69\x72\x63\
\x6c\x65\x3e\x3c\x6c\x69\x6e\x65\x20\x78\x31\x3d\x22\x31\x30\x22\
\x20\x79\x31\x3d\x22\x31\x35\x22\x20\x78\x32\x3d\x22\x31\x30\x22\
\x20\x79\x32\x3d\x22\x39\x22\x3e\x3c\x2f\x6c\x69\x6e\x65\x3e\x3c\
\x6c\x69\x6e\x65\x20\x78\x31\x3d\x22\x31\x34\x22\x20\x79\x31\x3d\
\x22\x31\x35\x22\x20\x78\x32\x3d\x22\x31\x34\x22\x20\x79\x32\x3d\
\x22\x39\x22\x3e\x3c\x2f\x6c\x69\x6e\x65\x3e\x3c\x2f\x73\x76\x67\
\x3e\
\x00\x00\x01\x9c\
\x3c\
\x73\x76\x67\x20\x78\x6d\x6c\x6e\x73\x3d\x22\x68\x74\x74\x70\x3a\
\x2f\x2f\x77\x77\x77\x2e\x77\x33\x2e\x6f\x72\x67\x2f\x32\x30\x30\
\x30\x2f\x73\x76\x67\x22\x20\x77\x69\x64\x74\x68\x3d\x22\x38\x30\
\x22\x20\x68\x65\x69\x67\x68\x74\x3d\x22\x38\x30\x22\x20\x76\x69\
\x65\x77\x42\x6f\x78\x3d\x22\x30\x20\x30\x20\x32\x34\x20\x32\x34\
\x22\x20\x66\x69\x6c\x6c\x3d\x22\x6e\x6f\x6e\x65\x22\x20\x73\x74\
\x72\x6f\x6b\x65\x3d\x22\x63\x75\x72\x72\x65\x6e\x74\x43\x6f\x6c\
\x6f\x72\x22\x20\x73\x74\x72\x6f\x6b\x65\x2d\x77\x69\x64\x74\x68\
\x3d\x22\x31\x2e\x35\x22\x20\x73\x74\x72\x6f\x6b\x65\x2d\x6c\x69\
\x6e\x65\x63\x61\x70\x3d\x22\x72\x6f\x75\x6e\x64\x22\x20\x73\x74\
\x72\x6f\x6b\x65\x2d\x6c\x69\x6e\x65\x6a\x6f\x69\x6e\x3d\x22\x72\
\x6f\x75\x6e\x64\x22\x20\x63\x6c\x61\x73\x73\x3d\x22\x66\x65\x61\
\x74\x68\x65\x72\x20\x66\x65\x61\x74\x68\x65\x72\x2d\x63\x61\x6c\
\x65\x6e\x64\x61\x72\x22\x3e\x3c\x72\x65\x63\x74\x20\x78\x3d\x22\
\x33\x22\x20\x79\x3d\x22\x34\x22\x20\x77\x69\x64\x74\x68\x3d\x22\
\x31\x38\x22\x20\x68\x65\x69\x67\x68\x74\x3d\x22\x31\x38\x22\x20\
\x72\x78\x3d\x22\x32\x22\x20\x72\x79\x3d\x22\x32\x22\x3e\x3c\x2f\
\x72\x65\x63\x74\x3e\x3c\x6c\x69\x6e\x65\x20\x78\x31\x3d\x22\x31\
\x36\x22\x20\x79\x31\x3d\x22\x32\x22\x20\x78\x32\x3d\x22\x31\x36\
\x22\x20\x79\x32\x3d\x22\x36\x22\x3e\x3c\x2f\x6c\x69\x6e\x65\x3e\
\x3c\x6c\x69\x6e\x65\x20\x78\x31\x3d\x22\x38\x22\x20\x79\x31\x3d\
\x22\x32\x22\x20\x78\x32\x3d\x22\x38\x22\x20\x79\x32\x3d\x22\x36\
\x22\x3e\x3c\x2f\x6c\x69\x6e\x65\x3e\x3c\x6c\x69\x6e\x65\x20\x78\
\x31\x3d\x22\x33\x22\x20\x79\x31\x3d\x22\x31\x30\x22\x20\x78\x32\
\x3d\x22\x32\x31\x22\x20\x79\x32\x3d\x22\x31\x30\x22\x3e\x3c\x2f\
\x6c\x69\x6e\x65\x3e\x3c\x2f\x73\x76\x67\x3e\
\x00\x00\x01\x86\
\x3c\
\x73\x76\x67\x20\x78\x6d\x6c\x6e\x73\x3d\x22\x68\x74\x74\x70\x3a\
\x2f\x2f\x77\x77\x77\x2e\x77\x33\x2e\x6f\x72\x67\x2f\x32\x30\x30\
\x30\x2f\x73\x76\x67\x22\x20\x77\x69\x64\x74\x68\x3d\x22\x38\x30\
\x22\x20\x68\x65\x69\x67\x68\x74\x3d\x22\x38\x30\x22\x20\x76\x69\
\x65\x77\x42\x6f\x78\x3d\x22\x30\x20\x30\x20\x32\x34\x20\x32\x34\
\x22\x20\x66\x69\x6c\x6c\x3d\x22\x6e\x6f\x6e\x65\x22\x20\x73\x74\
\x72\x6f\x6b\x65\x3d\x22\x63\x75\x72\x72\x65\x6e\x74\x43\x6f\x6c\
\x6f\x72\x22\x20\x73\x74\x72\x6f\x6b\x65\x2d\x77\x69\x64\x74\x68\
\x3d\x22\x31\x2e\x35\x22\x20\x73\x74\x72\x6f\x6b\x65\x2d\x6c\x69\
\x6e\x65\x63\x61\x70\x3d\x22\x72\x6f\x75\x6e\x64\x22\x20\x73\x74\
\x72\x6f\x6b\x65\x2d\x6c\x69\x6e\x65\x6a\x6f\x69\x6e\x3d\x22\x72\
\x6f\x75\x6e\x64\x22\x20\x63\x6c\x61\x73\x73\x3d\x22\x66\x65\x61\
\x74\x68\x65\x72\x20\x66\x65\x61\x74\x68\x65\x72\x2d\x65\x78\x74\
\x65\x72\x6e\x61\x6c\x2d\x6c\x69\x6e\x6b\x22\x3e\x3c\x70\x61\x74\
\x68\x20\x64\x3d\x22\x4d\x31\x38\x20\x31\x33\x76\x36\x61\x32\x20\
\x32\x20\x30\x20\x30\x20\x31\x2d\x32\x20\x32\x48\x35\x61\x32\x20\
\x32\x20\x30\x20\x30\x20\x31\x2d\x32\x2d\x32\x56\x38\x61\x32\x20\
\x32\x20\x30\x20\x30\x20\x31\x20\x32\x2d\x32\x68\x36\x22\x3e\x3c\
\x2f\x70\x61\x74\x68\x3e\x3c\x70\x6f\x6c\x79\x6c\x69\x6e\x65\x20\
\x70\x6f\x69\x6e\x74\x73\x3d\x22\x31\x35\x20\x33\x20\x32\x31\x20\
\x33\x20\x32\x31\x20\x39\x22\x3e\x3c\x2f\x70\x6f\x6c\x79\x6c\x69\
\x6e\x65\x3e\x3c\x6c\x69\x6e\x65\x20\x78\x31\x3d\x22\x31\x30\x22\
\x20\x79\x31\x3d\x22\x31\x34\x22\x20\x78\x32\x3d\x22\x32\x31\x22\
\x20\x79\x32\x3d\x22\x33\x22\x3e\x3c\x2f\x6c\x69\x6e\x65\x3e\x3c\
\x2f\x73\x76\x67\x3e\
\x00\x00\x01\x07\
\x3c\
\x73\x76\x67\x20\x78\x6d\x6c\x6e\x73\x3d\x22\x68\x74\x74\x70\x3a\
\x2f\x2f\x77\x77\x77\x2e\x77\x33\x2e\x6f\x72\x67\x2f\x32\x30\x30\
\x30\x2f\x73\x76\x67\x22\x20\x77\x69\x64\x74\x68\x3d\x22\x38\x30\
\x22\x20\x68\x65\x69\x67\x68\x74\x3d\x22\x38\x30\x22\x20\x76\x69\
\x65\x77\x42\x6f\x78\x3d\x22\x30\x20\x30\x20\x32\x34\x20\x32\x34\
\x22\x20\x66\x69\x6c\x6c\x3d\x22\x6e\x6f\x6e\x65\x22\x20\x73\x74\
\x72\x6f\x6b\x65\x3d\x22\x63\x75\x72\x72\x65\x6e\x74\x43\x6f\x6c\
\x6f\x72\x22\x20\x73\x74\x72\x6f\x6b\x65\x2d\x77\x69\x64\x74\x68\
\x3d\x22\x31\x2e\x35\x22\x20\x73\x74\x72\x6f\x6b\x65\x2d\x6c\x69\
\x6e\x65\x63\x61\x70\x3d\x22\x72\x6f\x75\x6e\x64\x22\x20\x73\x74\
\x72\x6f\x6b\x65\x2d\x6c\x69\x6e\x65\x6a\x6f\x69\x6e\x3d\x22\x72\
\x6f\x75\x6e\x64\x22\x20\x63\x6c\x61\x73\x73\x3d\x22\x66\x65\x61\
\x74\x68\x65\x72\x20\x66\x65\x61\x74\x68\x65\x72\x2d\x6d\x69\x6e\
\x75\x73\x22\x3e\x3c\x6c\x69\x6e\x65\x20\x78\x31\x3d\x22\x35\x22\
\x20\x79\x31\x3d\x22\x31\x32\x22\x20\x78\x32\x3d\x22\x31\x39\x22\
\x20\x79\x32\x3d\x22\x31\x32\x22\x3e\x3c\x2f\x6c\x69\x6e\x65\x3e\
\x3c\x2f\x73\x76\x67\x3e\
\x00\x00\x01\x32\
\x3c\
\x73\x76\x67\x20\x78\x6d\x6c\x6e\x73\x3d\x22\x68\x74\x74\x70\x3a\
\x2f\x2f\x77\x77\x77\x2e\x77\x33\x2e\x6f\x72\x67\x2f\x32\x30\x30\
\x30\x2f\x73\x76\x67\x22\x20\x77\x69\x64\x74\x68\x3d\x22\x38\x30\
\x22\x20\x68\x65\x69\x67\x68\x74\x3d\x22\x38\x30\x22\x20\x76\x69\
\x65\x77\x42\x6f\x78\x3d\x22\x30\x20\x30\x20\x32\x34\x20\x32\x34\
\x22\x20\x66\x69\x6c\x6c\x3d\x22\x6e\x6f\x6e\x65\x22\x20\x73\x74\
\x72\x6f\x6b\x65\x3d\x22\x63\x75\x72\x72\x65\x6e\x74\x43\x6f\x6c\
\x6f\x72\x22\x20\x73\x74\x72\x6f\x6b\x65\x2d\x77\x69\x64\x74\x68\
\x3d\x22\x31\x2e\x35\x22\x20\x73\x74\x72\x6f\x6b\x65\x2d\x6c\x69\
\x6e\x65\x63\x61\x70\x3d\x22\x72\x6f\x75\x6e\x64\x22\x20\x73\x74\
\x72\x6f\x6b\x65\x2d\x6c\x69\x6e\x65\x6a\x6f\x69\x6e\x3d\x22\x72\
\x6f\x75\x6e\x64\x22\x20\x63\x6c\x61\x73\x73\x3d\x22\x66\x65\x61\
\x74\x68\x65\x72\x20\x66\x65\x61\x74\x68\x65\x72\x2d\x63\x6c\x6f\
\x63\x6b\x22\x3e\x3c\x63\x69\x72\x63\x6c\x65\x20\x63\x78\x3d\x22\
\x31\x32\x22\x20\x63\x79\x3d\x22\x31\x32\x22\x20\x72\x3d\x22\x31\
\x30\x22\x3e\x3c\x2f\x63\x69\x72\x63\x6c\x65\x3e\x3c\x70\x6f\x6c\
\x79\x6c\x69\x6e\x65\x20\x70\x6f\x69\x6e\x74\x73\x3d\x22\x31\x32\
\x20\x36\x20\x31\x32\x20\x31\x32\x20\x31\x36\x20\x31\x34\x22\x3e\
\x3c\x2f\x70\x6f\x6c\x79\x6c\x69\x6e\x65\x3e\x3c\x2f\x73\x76\x67\
\x3e\
\x00\x00\x01\x59\
\x3c\
\x73\x76\x67\x20\x78\x6d\x6c\x6e\x73\x3d\x22\x68\x74\x74\x70\x3a\
\x2f\x2f\x77\x77\x77\x2e\x77\x33\x2e\x6f\x72\x67\x2f\x32\x30\x30\
\x30\x2f\x73\x76\x67\x22\x20\x77\x69\x64\x74\x68\x3d\x22\x38\x30\
\x22\x20\x68\x65\x69\x67\x68\x74\x3d\x22\x38\x30\x22\x20\x76\x69\
\x65\x77\x42\x6f\x78\x3d\x22\x30\x20\x30\x20\x32\x34\x20\x32\x34\
\x22\x20\x66\x69\x6c\x6c\x3d\x22\x6e\x6f\x6e\x65\x22\x20\x73\x74\
\x72\x6f\x6b\x65\x3d\x22\x63\x75\x72\x72\x65\x6e\x74\x43\x6f\x6c\
\x6f\x72\x22\x20\x73\x74\x72\x6f\x6b\x65\x2d\x77\x69\x64\x74\x68\
\x3d\x22\x31\x2e\x35\x22\x20\x73\x74\x72\x6f\x6b\x65\x2d\x6c\x69\
\x6e\x65\x63\x61\x70\x3d\x22\x72\x6f\x75\x6e\x64\x22\x20\x73\x74\
\x72\x6f\x6b\x65\x2d\x6c\x69\x6e\x65\x6a\x6f\x69\x6e\x3d\x22\x72\
\x6f\x75\x6e\x64\x22\x20\x63\x6c\x61\x73\x73\x3d\x22\x66\x65\x61\
\x74\x68\x65\x72\x20\x66\x65\x61\x74\x68\x65\x72\x2d\x6d\x6f\x72\
\x65\x2d\x68\x6f\x72\x69\x7a\x6f\x6e\x74\x61\x6c\x22\x3e\x3c\x63\
\x69\x72\x63\x6c\x65\x20\x63\x78\x3d\x22\x31\x32\x22\x20\x63\x79\
\x3d\x22\x31\x32\x22\x20\x72\x3d\x22\x31\x22\x3e\x3c\x2f\x63\x69\
\x72\x63\x6c\x65\x3e\x3c\x63\x69\x72\x63\x6c\x65\x20\x63\x78\x3d\
\x22\x31\x39\x22\x20\x63\x79\x3d\x22\x31\x32\x22\x20\x72\x3d\x22\
\x31\x22\x3e\x3c\x2f\x63\x69\x72\x63\x6c\x65\x3e\x3c\x63\x69\x72\
\x63\x6c\x65\x20\x63\x78\x3d\x22\x35\x22\x20\x63\x79\x3d\x22\x31\
\x32\x22\x20\x72\x3d\x22\x31\x22\x3e\x3c\x2f\x63\x69\x72\x63\x6c\
\x65\x3e\x3c\x2f\x73\x76\x67\x3e\
\x00\x00\x01\x72\
\x3c\
\x73\x76\x67\x20\x78\x6d\x6c\x6e\x73\x3d\x22\x68\x74\x74\x70\x3a\
\x2f\x2f\x77\x77\x77\x2e\x77\x33\x2e\x6f\x72\x67\x2f\x32\x30\x30\
\x30\x2f\x73\x76\x67\x22\x20\x77\x69\x64\x74\x68\x3d\x22\x38\x30\
\x22\x20\x68\x65\x69\x67\x68\x74\x3d\x22\x38\x30\x22\x20\x76\x69\
\x65\x77\x42\x6f\x78\x3d\x22\x30\x20\x30\x20\x32\x34\x20\x32\x34\
\x22\x20\x66\x69\x6c\x6c\x3d\x22\x6e\x6f\x6e\x65\x22\x20\x73\x74\
\x72\x6f\x6b\x65\x3d\x22\x63\x75\x72\x72\x65\x6e\x74\x43\x6f\x6c\
\x6f\x72\x22\x20\x73\x74\x72\x6f\x6b\x65\x2d\x77\x69\x64\x74\x68\
\x3d\x22\x31\x2e\x35\x22\x20\x73\x74\x72\x6f\x6b\x65\x2d\x6c\x69\
\x6e\x65\x63\x61\x70\x3d\x22\x72\x6f\x75\x6e\x64\x22\x20\x73\x74\
\x72\x6f\x6b\x65\x2d\x6c\x69\x6e\x65\x6a\x6f\x69\x6e\x3d\x22\x72\
\x6f\x75\x6e\x64\x22\x20\x63\x6c\x61\x73\x73\x3d\x22\x66\x65\x61\
\x74\x68\x65\x72\x20\x66\x65\x61\x74\x68\x65\x72\x2d\x78\x2d\x73\
\x71\x75\x61\x72\x65\x22\x3e\x3c\x72\x65\x63\x74\x20\x78\x3d\x22\
\x33\x22\x20\x79\x3d\x22\x33\x22\x20\x77\x69\x64\x74\x68\x3d\x22\
\x31\x38\x22\x20\x68\x65\x69\x67\x68\x74\x3d\x22\x31\x38\x22\x20\
\x72\x78\x3d\x22\x32\x22\x20\x72\x79\x3d\x22\x32\x22\x3e\x3c\x2f\
\x72\x65\x63\x74\x3e\x3c\x6c\x69\x6e\x65\x20\x78\x31\x3d\x22\x39\
\x22\x20\x79\x31\x3d\x22\x39\x22\x20\x78\x32\x3d\x22\x31\x35\x22\
\x20\x79\x32\x3d\x22\x31\x35\x22\x3e\x3c\x2f\x6c\x69\x6e\x65\x3e\
\x3c\x6c\x69\x6e\x65\x20\x78\x31\x3d\x22\x31\x35\x22\x20\x79\x31\
\x3d\x22\x39\x22\x20\x78\x32\x3d\x22\x39\x22\x20\x79\x32\x3d\x22\
\x31\x35\x22\x3e\x3c\x2f\x6c\x69\x6e\x65\x3e\x3c\x2f\x73\x76\x67\
\x3e\
\x00\x00\x01\x9a\
\x3c\
\x73\x76\x67\x20\x78\x6d\x6c\x6e\x73\x3d\x22\x68\x74\x74\x70\x3a\
\x2f\x2f\x77\x77\x77\x2e\x77\x33\x2e\x6f\x72\x67\x2f\x32\x30\x30\
\x30\x2f\x73\x76\x67\x22\x20\x77\x69\x64\x74\x68\x3d\x22\x38\x30\
\x22\x20\x68\x65\x69\x67\x68\x74\x3d\x22\x38\x30\x22\x20\x76\x69\
\x65\x77\x42\x6f\x78\x3d\x22\x30\x20\x30\x20\x32\x34\x20\x32\x34\
\x22\x20\x66\x69\x6c\x6c\x3d\x22\x6e\x6f\x6e\x65\x22\x20\x73\x74\
\x72\x6f\x6b\x65\x3d\x22\x63\x75\x72\x72\x65\x6e\x74\x43\x6f\x6c\
\x6f\x72\x22\x20\x73\x74\x72\x6f\x6b\x65\x2d\x77\x69\x64\x74\x68\
\x3d\x22\x31\x2e\x35\x22\x20\x73\x74\x72\x6f\x6b\x65\x2d\x6c\x69\
\x6e\x65\x63\x61\x70\x3d\x22\x72\x6f\x75\x6e\x64\x22\x20\x73\x74\
\x72\x6f\x6b\x65\x2d\x6c\x69\x6e\x65\x6a\x6f\x69\x6e\x3d\x22\x72\
\x6f\x75\x6e\x64\x22\x20\x63\x6c\x61\x73\x73\x3d\x22\x66\x65\x61\
\x74\x68\x65\x72\x20\x66\x65\x61\x74\x68\x65\x72\x2d\x74\x77\x69\
\x74\x74\x65\x72\x22\x3e\x3c\x70\x61\x74\x68\x20\x64\x3d\x22\x4d\
\x32\x33\x20\x33\x61\x31\x30\x2e\x39\x20\x31\x30\x2e\x39\x20\x30\
\x20\x30\x20\x31\x2d\x33\x2e\x31\x34\x20\x31\x2e\x35\x33\x20\x34\
\x2e\x34\x38\x20\x34\x2e\x34\x38\x20\x30\x20\x30\x20\x30\x2d\x37\
\x2e\x38\x36\x20\x33\x76\x31\x41\x31\x30\x2e\x36\x36\x20\x31\x30\
\x2e\x36\x36\x20\x30\x20\x30\x20\x31\x20\x33\x20\x34\x73\x2d\x34\
\x20\x39\x20\x35\x20\x31\x33\x61\x31\x31\x2e\x36\x34\x20\x31\x31\
\x2e\x36\x34\x20\x30\x20\x30\x20\x31\x2d\x37\x20\x32\x63\x39\x20\
\x35\x20\x32\x30\x20\x30\x20\x32\x30\x2d\x31\x31\x2e\x35\x61\x34\
\x2e\x35\x20\x34\x2e\x35\x20\x30\x20\x30\x20\x30\x2d\x2e\x30\x38\
\x2d\x2e\x38\x33\x41\x37\x2e\x37\x32\x20\x37\x2e\x37\x32\x20\x30\
\x20\x30\x20\x30\x20\x32\x33\x20\x33\x7a\x22\x3e\x3c\x2f\x70\x61\
\x74\x68\x3e\x3c\x2f\x73\x76\x67\x3e\
\x00\x00\x01\x8f\
\x3c\
\x73\x76\x67\x20\x78\x6d\x6c\x6e\x73\x3d\x22\x68\x74\x74\x70\x3a\
\x2f\x2f\x77\x77\x77\x2e\x77\x33\x2e\x6f\x72\x67\x2f\x32\x30\x30\
\x30\x2f\x73\x76\x67\x22\x20\x77\x69\x64\x74\x68\x3d\x22\x38\x30\
\x22\x20\x68\x65\x69\x67\x68\x74\x3d\x22\x38\x30\x22\x20\x76\x69\
\x65\x77\x42\x6f\x78\x3d\x22\x30\x20\x30\x20\x32\x34\x20\x32\x34\
\x22\x20\x66\x69\x6c\x6c\x3d\x22\x6e\x6f\x6e\x65\x22\x20\x73\x74\
\x72\x6f\x6b\x65\x3d\x22\x63\x75\x72\x72\x65\x6e\x74\x43\x6f\x6c\
\x6f\x72\x22\x20\x73\x74\x72\x6f\x6b\x65\x2d\x77\x69\x64\x74\x68\
\x3d\x22\x31\x2e\x35\x22\x20\x73\x74\x72\x6f\x6b\x65\x2d\x6c\x69\
\x6e\x65\x63\x61\x70\x3d\x22\x72\x6f\x75\x6e\x64\x22\x20\x73\x74\
\x72\x6f\x6b\x65\x2d\x6c\x69\x6e\x65\x6a\x6f\x69\x6e\x3d\x22\x72\
\x6f\x75\x6e\x64\x22\x20\x63\x6c\x61\x73\x73\x3d\x22\x66\x65\x61\
\x74\x68\x65\x72\x20\x66\x65\x61\x74\x68\x65\x72\x2d\x7a\x6f\x6f\
\x6d\x2d\x69\x6e\x22\x3e\x3c\x63\x69\x72\x63\x6c\x65\x20\x63\x78\
\x3d\x22\x31\x31\x22\x20\x63\x79\x3d\x22\x31\x31\x22\x20\x72\x3d\
\x22\x38\x22\x3e\x3c\x2f\x63\x69\x72\x63\x6c\x65\x3e\x3c\x6c\x69\
\x6e\x65\x20\x78\x31\x3d\x22\x32\x31\x22\x20\x79\x31\x3d\x22\x32\
\x31\x22\x20\x78\x32\x3d\x22\x31\x36\x2e\x36\x35\x22\x20\x79\x32\
\x3d\x22\x31\x36\x2e\x36\x35\x22\x3e\x3c\x2f\x6c\x69\x6e\x65\x3e\
\x3c\x6c\x69\x6e\x65\x20\x78\x31\x3d\x22\x31\x31\x22\x20\x79\x31\
\x3d\x22\x38\x22\x20\x78\x32\x3d\x22\x31\x31\x22\x20\x79\x32\x3d\
\x22\x31\x34\x22\x3e\x3c\x2f\x6c\x69\x6e\x65\x3e\x3c\x6c\x69\x6e\
\x65\x20\x78\x31\x3d\x22\x38\x22\x20\x79\x31\x3d\x22\x31\x31\x22\
\x20\x78\x32\x3d\x22\x31\x34\x22\x20\x79\x32\x3d\x22\x31\x31\x22\
\x3e\x3c\x2f\x6c\x69\x6e\x65\x3e\x3c\x2f\x73\x76\x67\x3e\
\x00\x00\x05\xd9\
\x00\
\x00\x28\xfc\x78\x9c\xad\x9a\xcd\x6e\xdc\x36\x10\xc7\xef\x05\xfa\
\x0e\x81\xef\x8a\x9d\x06\x28\x50\xc0\xcd\x25\x6f\x90\x37\xa0\xa8\
\x91\xc4\x9a\xe4\xc8\xfc\xd8\x5d\xfb\xe9\x3b\xa4\x76\xed\x00\x6e\
\xfe\xa3\x43\x73\xc8\xc1\xf3\x5b\x8a\x1c\xce\xb7\xf4\xf8\xe3\xfb\
\xf7\x6f\xbf\xff\xf6\x49\xfe\x3d\x3e\x27\xca\x5c\x93\xa5\x4f\x5b\
\xa2\xd9\x5d\xfe\xbe\xbb\x77\x96\x63\xbe\xbb\x02\x1d\x9a\x9d\xa7\
\x6f\xc6\x16\x77\x72\xe5\xe5\x73\x3e\x2d\x8f\xf7\xfd\x4f\x1f\x10\
\x97\x36\x6f\x20\xe1\x29\x95\xc1\xba\x64\x3d\xa9\x18\xdb\x62\x16\
\x8e\x2a\x57\x92\x33\x71\x51\x16\x74\x4b\x1c\x2c\xc5\x42\x49\xc5\
\xfe\xa9\xb9\xb8\x19\x1f\xa3\x71\x9e\xe6\xa2\x42\xc9\x2d\x2b\xa4\
\xa2\x5d\x19\xee\x69\x93\x33\xd6\x04\x4f\x97\xec\xea\x4e\x98\x48\
\x7c\x1e\x26\x3e\x43\x6d\xbe\x41\x07\x6e\xe8\x9d\xd5\xd4\xf0\x4e\
\xaa\xba\xe8\xe8\xa1\xf5\x1a\x74\x74\x97\xc7\x1e\xdb\xa9\xa3\x4b\
\xd6\xed\x00\x72\x7c\xb1\x63\x67\x16\x4e\x3d\x4a\x19\xb2\x58\x1d\
\x22\xce\x26\x4d\x40\x3e\x9a\x34\xd8\xd5\x24\xf4\x94\x37\x66\xf8\
\x03\x52\x45\xbc\x0d\xb9\xd1\x95\xe8\x6b\x2d\x2e\x2e\x08\x25\xef\
\x15\xf1\xc0\xf3\x8c\x10\x5f\xa9\x30\x97\x15\x31\xec\xa1\x6e\x98\
\x9f\x14\x71\x30\x49\x43\x06\xde\x08\xdd\xd0\xc8\x17\x24\x4d\x8e\
\x66\x6b\x32\x32\x2b\x2b\x71\x31\x4e\x06\x45\x15\x6b\x02\x25\xa3\
\x02\x8a\x4e\x65\x1f\xc8\x4e\xec\x4a\x16\x69\xa3\xcb\x75\x2f\xd9\
\xb1\xfc\x5c\x0d\x8c\x82\x82\x9d\x12\x47\x2d\xca\xdd\x30\xc5\xe5\
\x6e\x98\xe6\x71\x57\x2e\x1f\x7c\x6c\x3e\xf8\xdc\x7c\xfc\xc1\x30\
\x16\xdd\x8e\xa1\x40\x89\x03\x54\xad\x7a\x45\xde\x6d\x23\xe3\xc8\
\x62\x3d\x63\x6b\xf0\x5c\x95\xdf\xd7\x69\x98\x92\x7b\x7d\x55\xf6\
\xd2\x38\xdf\xd4\x17\x71\x50\xd9\x49\xc5\xc4\x3b\x93\x8c\x83\x97\
\xdb\xa1\x1c\xf9\x8c\x20\x9e\xe0\xb6\x45\x8c\x03\x43\x23\xb2\x89\
\x13\x0e\x10\x56\xce\x43\xf8\x41\xbe\x86\x98\x21\x11\x82\x3c\x07\
\x13\x9b\xc9\x78\x8d\x0d\x85\x7e\xcb\x29\x52\x3a\x54\x40\xfc\x8c\
\xaa\x4e\xb1\xb3\xbd\x3a\xd0\x1c\xf2\x27\x14\x7b\xc7\x0e\xee\xf5\
\xc1\xb1\x45\x77\xf6\xc8\xaa\x7a\xee\x7f\x07\xd5\xc3\x6f\x15\x49\
\x13\x4d\x4e\x0a\x1c\xc5\x49\x13\xc3\x5d\x27\xce\x79\x95\x3a\x1f\
\x30\x93\x29\x66\xc4\x09\x6a\x22\x4f\x05\x02\x2e\x5b\x28\x3e\x39\
\xe8\x4c\x3b\xa0\xa7\x96\x2b\xa7\xe6\x96\x89\xbd\x97\xa2\x47\xa9\
\xad\x9a\x71\x78\x36\x48\xbf\x37\x64\xd0\xa2\x9d\xc4\xb9\x71\x1c\
\xf1\xe6\xe5\xae\x44\x8f\x80\x68\x37\xae\x88\x61\x09\xd7\x81\xaf\
\x08\xb8\x48\x01\x17\x8d\x97\x70\x1b\x51\x6c\xa7\x17\x74\x10\x91\
\x2a\x51\x78\x36\x96\x94\xea\x6b\x96\x5a\x64\x98\x39\x29\xf5\xed\
\x4c\xa6\xac\xb0\x09\x9c\xdd\x12\x50\x65\xd4\xfe\x53\xc4\x43\x70\
\xb1\xa2\xe8\xd8\xa1\xcd\xeb\x4c\x11\x0d\x63\x26\x60\x31\x6e\x78\
\x67\x6f\x50\x82\x9c\xa5\x1e\xc6\xbf\xef\x80\x7e\xdc\x1d\xd3\x0e\
\x9c\x5a\xcd\x09\x01\x1c\x7d\x17\x07\x23\xe9\x22\xc6\x3c\xa6\xd6\
\x70\x2b\x50\xcb\x7f\xd0\x71\x04\x5a\xeb\x88\x01\x6f\x14\x60\x90\
\xc3\x2e\xc8\x92\x1a\xb3\x55\x69\x6c\x12\x3d\x57\x82\x95\xf6\xe2\
\x79\x84\x4b\x25\x87\x9c\x42\xfa\xaf\x5e\x59\xc1\x19\xc2\x6a\x32\
\x52\xdc\x4a\x66\xda\x56\x8e\x84\xae\x58\x20\xd8\x59\xae\xe4\x0f\
\xb4\xcd\x2b\x5d\x94\xc1\xd0\x8a\xeb\xd9\x3e\xe2\xfa\xfc\x9c\xec\
\xaf\xe4\xc1\xc0\x9b\x71\x11\xd7\x60\x2e\xce\x0c\xc5\xb9\x98\x45\
\xac\x1d\x31\xc5\x78\x87\x72\xe0\x13\xa1\xfa\xca\x9b\x17\x4a\xe8\
\x26\x04\xe0\x8a\xae\xc2\xbb\x99\x86\xb1\x32\x7c\x0a\x8e\xfa\x4d\
\x0c\xf3\x4b\x03\x24\xc7\xa0\x9b\xf4\x0e\x1a\x7e\xcb\xa5\x30\x66\
\x28\x4d\x87\xe7\x65\xc0\xcf\x17\x00\x2b\x2a\x18\x87\x46\x13\xc1\
\xa0\x82\x4a\xa4\xc3\x06\x37\x10\xcc\xc5\x05\xf7\x8a\xcc\xf1\x86\
\x40\x5d\x07\x42\xde\x1b\x28\xa2\xe2\x31\x50\xce\xe2\x12\xba\x6b\
\xde\x40\xb5\xa2\x0a\xd0\xb8\x45\xaa\x54\x04\x92\x72\x54\xb5\x5c\
\x11\xac\x16\x25\x75\x75\xf9\x81\x73\x77\x4c\x3f\x35\x47\x57\xe0\
\xb8\x37\x30\x0c\x6c\x81\x13\x0d\x2b\x4b\x13\xcc\x51\x22\x84\x46\
\x9e\x28\x15\x67\x15\xae\x66\xa9\x45\xd8\x29\xb3\xf1\xc0\x30\x3b\
\x84\x9a\xe1\x8d\x46\x73\x72\x8b\x29\x0e\x9e\xee\x1d\x82\x77\xa6\
\xbf\x18\xd8\x8c\x7d\xc2\x21\x7c\x6b\x73\xf5\x36\xb6\x80\x4c\x85\
\x6d\x4c\x97\xeb\xb6\x21\x5d\xfd\x50\x98\xd1\x25\xb4\xbd\x50\x44\
\x51\xa6\xa7\x56\x4d\x2e\xdd\x1d\x1c\x93\xee\xd0\xb5\x48\x26\x54\
\x11\xec\xa4\x8b\x52\x0a\xe1\x19\xca\x0e\x06\x97\xf3\x81\xf5\xb0\
\x4b\x5f\x99\x5a\x16\x56\x9e\xe9\x48\x9d\x51\x2b\x2f\xa2\x9a\xf8\
\xc0\xcd\xe1\x82\xb5\x89\x8f\x2d\xa2\x47\x86\x4d\xf2\x14\xec\xe5\
\x36\x3e\x43\xff\xdc\x92\xe6\xc1\xc9\x4c\x0e\x95\x25\x89\xe6\x44\
\x79\x1d\xac\x45\x63\xac\x37\x0a\x43\x9b\xf4\x59\x10\x38\x3b\x38\
\x61\x4a\x5c\x4c\x21\x6d\x2f\x57\x08\x32\x70\x4c\x95\x0d\x8c\x6a\
\xd9\x8a\x61\x33\x2c\xa4\x32\xb5\xd7\x6f\x10\x80\x07\xcd\x94\x4e\
\xf0\xda\x32\x95\x22\xfe\x00\xf7\xb0\x62\xe3\xea\x72\x18\x52\xf3\
\xea\x08\xbe\xfb\xd8\x01\xc5\x83\xf3\xca\x9b\x54\x33\xcb\x30\xc2\
\xb6\xf2\x0d\xb3\xd8\x87\xf3\x5a\xe7\x19\xfa\x56\x76\x13\x8d\xf0\
\x45\x47\x7e\x72\x9b\x6c\x07\x16\x81\x9d\xd1\x47\x07\xd9\x2b\xcb\
\x78\xdc\x21\x65\x2f\xbb\xc5\xb6\x14\x44\x21\x5a\xa4\xcf\xc1\x61\
\x9d\x88\xeb\x3d\x61\x8b\xd2\x82\x91\xb4\x27\xf0\xf7\x85\x0f\x74\
\x69\xb9\xa2\x0c\x2d\xd2\xe4\x60\x76\x15\x22\xc3\x88\x58\x0c\x9e\
\x8f\x75\x39\x5e\x00\x59\xa9\xe8\x60\xc1\x3f\xa7\x24\xc9\x11\x16\
\x57\x6d\xd4\x14\xa4\x17\xc5\x81\xb9\xac\x35\x8c\xea\x1b\xa4\x2b\
\x05\xa7\xca\x85\x97\xc5\x93\x36\x52\xbe\x52\xda\x3c\x59\xa9\x59\
\x4a\xc2\xe6\xde\xe5\x30\xe8\x94\x44\xde\xa3\x8c\x24\x40\x9c\x5a\
\xa0\xd0\x54\x73\xe3\xb0\x72\xf4\xef\x44\x4a\xaa\xd0\xc5\xcb\x09\
\x09\xcf\xae\xc0\x4c\xd0\x00\xc5\x12\x5e\x36\xb4\x3d\x31\x80\xa6\
\x32\x34\x9d\xac\x51\x62\x8c\xf4\xd5\x70\x99\xa8\x74\xc5\x75\x53\
\xc6\xd8\x3b\xa0\x0e\xb1\xa5\x3c\x46\xa7\x6d\xe2\x41\x7b\x49\xdc\
\x21\xad\x4b\xeb\x90\x52\xad\x35\x46\x5d\x03\x4d\x75\xda\xab\x02\
\x64\xad\x5d\xae\x64\xc8\x13\x3b\x4b\xca\xc4\xe0\xd4\x5e\xd0\xa1\
\xfb\xdb\x81\xe1\x8b\x8e\x20\xef\xbb\x22\xe8\xc4\x67\x83\x0d\xfa\
\xec\x66\xa7\x88\x15\x7d\x28\x55\x20\xda\xdc\x45\x4f\x41\x97\x03\
\xdf\x90\x5d\xf4\xda\xbc\x4d\xca\x2a\x9c\xaf\xbe\xc2\x21\x8f\x48\
\x15\x35\xbc\x32\x07\x3c\x87\xea\x04\x1e\x44\x65\x6e\xef\xa8\x36\
\x13\xc9\x7f\xde\xe2\x2f\x7b\x6c\xae\x71\xd8\x51\x8a\x94\x96\x97\
\xe1\xeb\xc3\xc3\xc3\x9f\x5f\xfe\x42\xb7\xa4\xbe\x34\x21\x4f\x56\
\xe2\xab\x6d\x25\xdd\x07\xec\xf1\xfe\xed\x33\xc3\xdb\x5f\xfe\xe3\
\xbb\xc3\x8f\x9f\x1c\xfe\x0f\x8b\xca\x2f\xef\xee\x45\xfe\x78\xbf\
\x7f\xf4\xf8\x2f\x53\x9f\xfa\x8d\
\x00\x00\x01\x67\
\x3c\
\x73\x76\x67\x20\x78\x6d\x6c\x6e\x73\x3d\x22\x68\x74\x74\x70\x3a\
\x2f\x2f\x77\x77\x77\x2e\x77\x33\x2e\x6f\x72\x67\x2f\x32\x30\x30\
\x30\x2f\x73\x76\x67\x22\x20\x77\x69\x64\x74\x68\x3d\x22\x38\x30\
\x22\x20\x68\x65\x69\x67\x68\x74\x3d\x22\x38\x30\x22\x20\x76\x69\
\x65\x77\x42\x6f\x78\x3d\x22\x30\x20\x30\x20\x32\x34\x20\x32\x34\
\x22\x20\x66\x69\x6c\x6c\x3d\x22\x6e\x6f\x6e\x65\x22\x20\x73\x74\
\x72\x6f\x6b\x65\x3d\x22\x63\x75\x72\x72\x65\x6e\x74\x43\x6f\x6c\
\x6f\x72\x22\x20\x73\x74\x72\x6f\x6b\x65\x2d\x77\x69\x64\x74\x68\
\x3d\x22\x31\x2e\x35\x22\x20\x73\x74\x72\x6f\x6b\x65\x2d\x6c\x69\
\x6e\x65\x63\x61\x70\x3d\x22\x72\x6f\x75\x6e\x64\x22\x20\x73\x74\
\x72\x6f\x6b\x65\x2d\x6c\x69\x6e\x65\x6a\x6f\x69\x6e\x3d\x22\x72\
\x6f\x75\x6e\x64\x22\x20\x63\x6c\x61\x73\x73\x3d\x22\x66\x65\x61\
\x74\x68\x65\x72\x20\x66\x65\x61\x74\x68\x65\x72\x2d\x61\x72\x72\
\x6f\x77\x2d\x75\x70\x2d\x63\x69\x72\x63\x6c\x65\x22\x3e\x3c\x63\
\x69\x72\x63\x6c\x65\x20\x63\x78\x3d\x22\x31\x32\x22\x20\x63\x79\
\x3d\x22\x31\x32\x22\x20\x72\x3d\x22\x31\x30\x22\x3e\x3c\x2f\x63\
\x69\x72\x63\x6c\x65\x3e\x3c\x70\x6f\x6c\x79\x6c\x69\x6e\x65\x20\
\x70\x6f\x69\x6e\x74\x73\x3d\x22\x31\x36\x20\x31\x32\x20\x31\x32\
\x20\x38\x20\x38\x20\x31\x32\x22\x3e\x3c\x2f\x70\x6f\x6c\x79\x6c\
\x69\x6e\x65\x3e\x3c\x6c\x69\x6e\x65\x20\x78\x31\x3d\x22\x31\x32\
\x22\x20\x79\x31\x3d\x22\x31\x36\x22\x20\x78\x32\x3d\x22\x31\x32\
\x22\x20\x79\x32\x3d\x22\x38\x22\x3e\x3c\x2f\x6c\x69\x6e\x65\x3e\
\x3c\x2f\x73\x76\x67\x3e\
\x00\x00\x01\x0e\
\x3c\
\x73\x76\x67\x20\x78\x6d\x6c\x6e\x73\x3d\x22\x68\x74\x74\x70\x3a\
\x2f\x2f\x77\x77\x77\x2e\x77\x33\x2e\x6f\x72\x67\x2f\x32\x30\x30\
\x30\x2f\x73\x76\x67\x22\x20\x77\x69\x64\x74\x68\x3d\x22\x38\x30\
\x22\x20\x68\x65\x69\x67\x68\x74\x3d\x22\x38\x30\x22\x20\x76\x69\
\x65\x77\x42\x6f\x78\x3d\x22\x30\x20\x30\x20\x32\x34\x20\x32\x34\
\x22\x20\x66\x69\x6c\x6c\x3d\x22\x6e\x6f\x6e\x65\x22\x20\x73\x74\
\x72\x6f\x6b\x65\x3d\x22\x63\x75\x72\x72\x65\x6e\x74\x43\x6f\x6c\
\x6f\x72\x22\x20\x73\x74\x72\x6f\x6b\x65\x2d\x77\x69\x64\x74\x68\
\x3d\x22\x31\x2e\x35\x22\x20\x73\x74\x72\x6f\x6b\x65\x2d\x6c\x69\
\x6e\x65\x63\x61\x70\x3d\x22\x72\x6f\x75\x6e\x64\x22\x20\x73\x74\
\x72\x6f\x6b\x65\x2d\x6c\x69\x6e\x65\x6a\x6f\x69\x6e\x3d\x22\x72\
\x6f\x75\x6e\x64\x22\x20\x63\x6c\x61\x73\x73\x3d\x22\x66\x65\x61\
\x74\x68\x65\x72\x20\x66\x65\x61\x74\x68\x65\x72\x2d\x63\x68\x65\
\x76\x72\x6f\x6e\x2d\x75\x70\x22\x3e\x3c\x70\x6f\x6c\x79\x6c\x69\
\x6e\x65\x20\x70\x6f\x69\x6e\x74\x73\x3d\x22\x31\x38\x20\x31\x35\
\x20\x31\x32\x20\x39\x20\x36\x20\x31\x35\x22\x3e\x3c\x2f\x70\x6f\
\x6c\x79\x6c\x69\x6e\x65\x3e\x3c\x2f\x73\x76\x67\x3e\
\x00\x00\x01\x24\
\x3c\
\x73\x76\x67\x20\x78\x6d\x6c\x6e\x73\x3d\x22\x68\x74\x74\x70\x3a\
\x2f\x2f\x77\x77\x77\x2e\x77\x33\x2e\x6f\x72\x67\x2f\x32\x30\x30\
\x30\x2f\x73\x76\x67\x22\x20\x77\x69\x64\x74\x68\x3d\x22\x38\x30\
\x22\x20\x68\x65\x69\x67\x68\x74\x3d\x22\x38\x30\x22\x20\x76\x69\
\x65\x77\x42\x6f\x78\x3d\x22\x30\x20\x30\x20\x32\x34\x20\x32\x34\
\x22\x20\x66\x69\x6c\x6c\x3d\x22\x6e\x6f\x6e\x65\x22\x20\x73\x74\
\x72\x6f\x6b\x65\x3d\x22\x63\x75\x72\x72\x65\x6e\x74\x43\x6f\x6c\
\x6f\x72\x22\x20\x73\x74\x72\x6f\x6b\x65\x2d\x77\x69\x64\x74\x68\
\x3d\x22\x31\x2e\x35\x22\x20\x73\x74\x72\x6f\x6b\x65\x2d\x6c\x69\
\x6e\x65\x63\x61\x70\x3d\x22\x72\x6f\x75\x6e\x64\x22\x20\x73\x74\
\x72\x6f\x6b\x65\x2d\x6c\x69\x6e\x65\x6a\x6f\x69\x6e\x3d\x22\x72\
\x6f\x75\x6e\x64\x22\x20\x63\x6c\x61\x73\x73\x3d\x22\x66\x65\x61\
\x74\x68\x65\x72\x20\x66\x65\x61\x74\x68\x65\x72\x2d\x75\x6d\x62\
\x72\x65\x6c\x6c\x61\x22\x3e\x3c\x70\x61\x74\x68\x20\x64\x3d\x22\
\x4d\x32\x33\x20\x31\x32\x61\x31\x31\x2e\x30\x35\x20\x31\x31\x2e\
\x30\x35\x20\x30\x20\x30\x20\x30\x2d\x32\x32\x20\x30\x7a\x6d\x2d\
\x35\x20\x37\x61\x33\x20\x33\x20\x30\x20\x30\x20\x31\x2d\x36\x20\
\x30\x76\x2d\x37\x22\x3e\x3c\x2f\x70\x61\x74\x68\x3e\x3c\x2f\x73\
\x76\x67\x3e\
\x00\x00\x01\x1a\
\x3c\
\x73\x76\x67\x20\x78\x6d\x6c\x6e\x73\x3d\x22\x68\x74\x74\x70\x3a\
\x2f\x2f\x77\x77\x77\x2e\x77\x33\x2e\x6f\x72\x67\x2f\x32\x30\x30\
\x30\x2f\x73\x76\x67\x22\x20\x77\x69\x64\x74\x68\x3d\x22\x38\x30\
\x22\x20\x68\x65\x69\x67\x68\x74\x3d\x22\x38\x30\x22\x20\x76\x69\
\x65\x77\x42\x6f\x78\x3d\x22\x30\x20\x30\x20\x32\x34\x20\x32\x34\
\x22\x20\x66\x69\x6c\x6c\x3d\x22\x6e\x6f\x6e\x65\x22\x20\x73\x74\
\x72\x6f\x6b\x65\x3d\x22\x63\x75\x72\x72\x65\x6e\x74\x43\x6f\x6c\
\x6f\x72\x22\x20\x73\x74\x72\x6f\x6b\x65\x2d\x77\x69\x64\x74\x68\
\x3d\x22\x31\x2e\x35\x22\x20\x73\x74\x72\x6f\x6b\x65\x2d\x6c\x69\
\x6e\x65\x63\x61\x70\x3d\x22\x72\x6f\x75\x6e\x64\x22\x20\x73\x74\
\x72\x6f\x6b\x65\x2d\x6c\x69\x6e\x65\x6a\x6f\x69\x6e\x3d\x22\x72\
\x6f\x75\x6e\x64\x22\x20\x63\x6c\x61\x73\x73\x3d\x22\x66\x65\x61\
\x74\x68\x65\x72\x20\x66\x65\x61\x74\x68\x65\x72\x2d\x73\x71\x75\
\x61\x72\x65\x22\x3e\x3c\x72\x65\x63\x74\x20\x78\x3d\x22\x33\x22\
\x20\x79\x3d\x22\x33\x22\x20\x77\x69\x64\x74\x68\x3d\x22\x31\x38\
\x22\x20\x68\x65\x69\x67\x68\x74\x3d\x22\x31\x38\x22\x20\x72\x78\
\x3d\x22\x32\x22\x20\x72\x79\x3d\x22\x32\x22\x3e\x3c\x2f\x72\x65\
\x63\x74\x3e\x3c\x2f\x73\x76\x67\x3e\
\x00\x00\x01\x38\
\x3c\
\x73\x76\x67\x20\x78\x6d\x6c\x6e\x73\x3d\x22\x68\x74\x74\x70\x3a\
\x2f\x2f\x77\x77\x77\x2e\x77\x33\x2e\x6f\x72\x67\x2f\x32\x30\x30\
\x30\x2f\x73\x76\x67\x22\x20\x77\x69\x64\x74\x68\x3d\x22\x38\x30\
\x22\x20\x68\x65\x69\x67\x68\x74\x3d\x22\x38\x30\x22\x20\x76\x69\
\x65\x77\x42\x6f\x78\x3d\x22\x30\x20\x30\x20\x32\x34\x20\x32\x34\
\x22\x20\x66\x69\x6c\x6c\x3d\x22\x6e\x6f\x6e\x65\x22\x20\x73\x74\
\x72\x6f\x6b\x65\x3d\x22\x63\x75\x72\x72\x65\x6e\x74\x43\x6f\x6c\
\x6f\x72\x22\x20\x73\x74\x72\x6f\x6b\x65\x2d\x77\x69\x64\x74\x68\
\x3d\x22\x31\x2e\x35\x22\x20\x73\x74\x72\x6f\x6b\x65\x2d\x6c\x69\
\x6e\x65\x63\x61\x70\x3d\x22\x72\x6f\x75\x6e\x64\x22\x20\x73\x74\
\x72\x6f\x6b\x65\x2d\x6c\x69\x6e\x65\x6a\x6f\x69\x6e\x3d\x22\x72\
\x6f\x75\x6e\x64\x22\x20\x63\x6c\x61\x73\x73\x3d\x22\x66\x65\x61\
\x74\x68\x65\x72\x20\x66\x65\x61\x74\x68\x65\x72\x2d\x63\x72\x6f\
\x70\x22\x3e\x3c\x70\x61\x74\x68\x20\x64\x3d\x22\x4d\x36\x2e\x31\
\x33\x20\x31\x4c\x36\x20\x31\x36\x61\x32\x20\x32\x20\x30\x20\x30\
\x20\x30\x20\x32\x20\x32\x68\x31\x35\x22\x3e\x3c\x2f\x70\x61\x74\
\x68\x3e\x3c\x70\x61\x74\x68\x20\x64\x3d\x22\x4d\x31\x20\x36\x2e\
\x31\x33\x4c\x31\x36\x20\x36\x61\x32\x20\x32\x20\x30\x20\x30\x20\
\x31\x20\x32\x20\x32\x76\x31\x35\x22\x3e\x3c\x2f\x70\x61\x74\x68\
\x3e\x3c\x2f\x73\x76\x67\x3e\
\x00\x00\x01\x47\
\x3c\
\x73\x76\x67\x20\x78\x6d\x6c\x6e\x73\x3d\x22\x68\x74\x74\x70\x3a\
\x2f\x2f\x77\x77\x77\x2e\x77\x33\x2e\x6f\x72\x67\x2f\x32\x30\x30\
\x30\x2f\x73\x76\x67\x22\x20\x77\x69\x64\x74\x68\x3d\x22\x38\x30\
\x22\x20\x68\x65\x69\x67\x68\x74\x3d\x22\x38\x30\x22\x20\x76\x69\
\x65\x77\x42\x6f\x78\x3d\x22\x30\x20\x30\x20\x32\x34\x20\x32\x34\
\x22\x20\x66\x69\x6c\x6c\x3d\x22\x6e\x6f\x6e\x65\x22\x20\x73\x74\
\x72\x6f\x6b\x65\x3d\x22\x63\x75\x72\x72\x65\x6e\x74\x43\x6f\x6c\
\x6f\x72\x22\x20\x73\x74\x72\x6f\x6b\x65\x2d\x77\x69\x64\x74\x68\
\x3d\x22\x31\x2e\x35\x22\x20\x73\x74\x72\x6f\x6b\x65\x2d\x6c\x69\
\x6e\x65\x63\x61\x70\x3d\x22\x72\x6f\x75\x6e\x64\x22\x20\x73\x74\
\x72\x6f\x6b\x65\x2d\x6c\x69\x6e\x65\x6a\x6f\x69\x6e\x3d\x22\x72\
\x6f\x75\x6e\x64\x22\x20\x63\x6c\x61\x73\x73\x3d\x22\x66\x65\x61\
\x74\x68\x65\x72\x20\x66\x65\x61\x74\x68\x65\x72\x2d\x61\x77\x61\
\x72\x64\x22\x3e\x3c\x63\x69\x72\x63\x6c\x65\x20\x63\x78\x3d\x22\
\x31\x32\x22\x20\x63\x79\x3d\x22\x38\x22\x20\x72\x3d\x22\x37\x22\
\x3e\x3c\x2f\x63\x69\x72\x63\x6c\x65\x3e\x3c\x70\x6f\x6c\x79\x6c\
\x69\x6e\x65\x20\x70\x6f\x69\x6e\x74\x73\x3d\x22\x38\x2e\x32\x31\
\x20\x31\x33\x2e\x38\x39\x20\x37\x20\x32\x33\x20\x31\x32\x20\x32\
\x30\x20\x31\x37\x20\x32\x33\x20\x31\x35\x2e\x37\x39\x20\x31\x33\
\x2e\x38\x38\x22\x3e\x3c\x2f\x70\x6f\x6c\x79\x6c\x69\x6e\x65\x3e\
\x3c\x2f\x73\x76\x67\x3e\
\x00\x00\x01\x49\
\x3c\
\x73\x76\x67\x20\x78\x6d\x6c\x6e\x73\x3d\x22\x68\x74\x74\x70\x3a\
\x2f\x2f\x77\x77\x77\x2e\x77\x33\x2e\x6f\x72\x67\x2f\x32\x30\x30\
\x30\x2f\x73\x76\x67\x22\x20\x77\x69\x64\x74\x68\x3d\x22\x38\x30\
\x22\x20\x68\x65\x69\x67\x68\x74\x3d\x22\x38\x30\x22\x20\x76\x69\
\x65\x77\x42\x6f\x78\x3d\x22\x30\x20\x30\x20\x32\x34\x20\x32\x34\
\x22\x20\x66\x69\x6c\x6c\x3d\x22\x6e\x6f\x6e\x65\x22\x20\x73\x74\
\x72\x6f\x6b\x65\x3d\x22\x63\x75\x72\x72\x65\x6e\x74\x43\x6f\x6c\
\x6f\x72\x22\x20\x73\x74\x72\x6f\x6b\x65\x2d\x77\x69\x64\x74\x68\
\x3d\x22\x31\x2e\x35\x22\x20\x73\x74\x72\x6f\x6b\x65\x2d\x6c\x69\
\x6e\x65\x63\x61\x70\x3d\x22\x72\x6f\x75\x6e\x64\x22\x20\x73\x74\
\x72\x6f\x6b\x65\x2d\x6c\x69\x6e\x65\x6a\x6f\x69\x6e\x3d\x22\x72\
\x6f\x75\x6e\x64\x22\x20\x63\x6c\x61\x73\x73\x3d\x22\x66\x65\x61\
\x74\x68\x65\x72\x20\x66\x65\x61\x74\x68\x65\x72\x2d\x6d\x75\x73\
\x69\x63\x22\x3e\x3c\x70\x61\x74\x68\x20\x64\x3d\x22\x4d\x39\x20\
\x31\x38\x56\x35\x6c\x31\x32\x2d\x32\x76\x31\x33\x22\x3e\x3c\x2f\
\x70\x61\x74\x68\x3e\x3c\x63\x69\x72\x63\x6c\x65\x20\x63\x78\x3d\
\x22\x36\x22\x20\x63\x79\x3d\x22\x31\x38\x22\x20\x72\x3d\x22\x33\
\x22\x3e\x3c\x2f\x63\x69\x72\x63\x6c\x65\x3e\x3c\x63\x69\x72\x63\
\x6c\x65\x20\x63\x78\x3d\x22\x31\x38\x22\x20\x63\x79\x3d\x22\x31\
\x36\x22\x20\x72\x3d\x22\x33\x22\x3e\x3c\x2f\x63\x69\x72\x63\x6c\
\x65\x3e\x3c\x2f\x73\x76\x67\x3e\
\x00\x00\x01\x3c\
\x3c\
\x73\x76\x67\x20\x78\x6d\x6c\x6e\x73\x3d\x22\x68\x74\x74\x70\x3a\
\x2f\x2f\x77\x77\x77\x2e\x77\x33\x2e\x6f\x72\x67\x2f\x32\x30\x30\
\x30\x2f\x73\x76\x67\x22\x20\x77\x69\x64\x74\x68\x3d\x22\x38\x30\
\x22\x20\x68\x65\x69\x67\x68\x74\x3d\x22\x38\x30\x22\x20\x76\x69\
\x65\x77\x42\x6f\x78\x3d\x22\x30\x20\x30\x20\x32\x34\x20\x32\x34\
\x22\x20\x66\x69\x6c\x6c\x3d\x22\x6e\x6f\x6e\x65\x22\x20\x73\x74\
\x72\x6f\x6b\x65\x3d\x22\x63\x75\x72\x72\x65\x6e\x74\x43\x6f\x6c\
\x6f\x72\x22\x20\x73\x74\x72\x6f\x6b\x65\x2d\x77\x69\x64\x74\x68\
\x3d\x22\x31\x2e\x35\x22\x20\x73\x74\x72\x6f\x6b\x65\x2d\x6c\x69\
\x6e\x65\x63\x61\x70\x3d\x22\x72\x6f\x75\x6e\x64\x22\x20\x73\x74\
\x72\x6f\x6b\x65\x2d\x6c\x69\x6e\x65\x6a\x6f\x69\x6e\x3d\x22\x72\
\x6f\x75\x6e\x64\x22\x20\x63\x6c\x61\x73\x73\x3d\x22\x66\x65\x61\
\x74\x68\x65\x72\x20\x66\x65\x61\x74\x68\x65\x72\x2d\x61\x72\x72\
\x6f\x77\x2d\x75\x70\x2d\x72\x69\x67\x68\x74\x22\x3e\x3c\x6c\x69\
\x6e\x65\x20\x78\x31\x3d\x22\x37\x22\x20\x79\x31\x3d\x22\x31\x37\
\x22\x20\x78\x32\x3d\x22\x31\x37\x22\x20\x79\x32\x3d\x22\x37\x22\
\x3e\x3c\x2f\x6c\x69\x6e\x65\x3e\x3c\x70\x6f\x6c\x79\x6c\x69\x6e\
\x65\x20\x70\x6f\x69\x6e\x74\x73\x3d\x22\x37\x20\x37\x20\x31\x37\
\x20\x37\x20\x31\x37\x20\x31\x37\x22\x3e\x3c\x2f\x70\x6f\x6c\x79\
\x6c\x69\x6e\x65\x3e\x3c\x2f\x73\x76\x67\x3e\
\x00\x00\x01\x7b\
\x3c\
\x73\x76\x67\x20\x78\x6d\x6c\x6e\x73\x3d\x22\x68\x74\x74\x70\x3a\
\x2f\x2f\x77\x77\x77\x2e\x77\x33\x2e\x6f\x72\x67\x2f\x32\x30\x30\
\x30\x2f\x73\x76\x67\x22\x20\x77\x69\x64\x74\x68\x3d\x22\x38\x30\
\x22\x20\x68\x65\x69\x67\x68\x74\x3d\x22\x38\x30\x22\x20\x76\x69\
\x65\x77\x42\x6f\x78\x3d\x22\x30\x20\x30\x20\x32\x34\x20\x32\x34\
\x22\x20\x66\x69\x6c\x6c\x3d\x22\x6e\x6f\x6e\x65\x22\x20\x73\x74\
\x72\x6f\x6b\x65\x3d\x22\x63\x75\x72\x72\x65\x6e\x74\x43\x6f\x6c\
\x6f\x72\x22\x20\x73\x74\x72\x6f\x6b\x65\x2d\x77\x69\x64\x74\x68\
\x3d\x22\x31\x2e\x35\x22\x20\x73\x74\x72\x6f\x6b\x65\x2d\x6c\x69\
\x6e\x65\x63\x61\x70\x3d\x22\x72\x6f\x75\x6e\x64\x22\x20\x73\x74\
\x72\x6f\x6b\x65\x2d\x6c\x69\x6e\x65\x6a\x6f\x69\x6e\x3d\x22\x72\
\x6f\x75\x6e\x64\x22\x20\x63\x6c\x61\x73\x73\x3d\x22\x66\x65\x61\
\x74\x68\x65\x72\x20\x66\x65\x61\x74\x68\x65\x72\x2d\x67\x69\x74\
\x2d\x62\x72\x61\x6e\x63\x68\x22\x3e\x3c\x6c\x69\x6e\x65\x20\x78\
\x31\x3d\x22\x36\x22\x20\x79\x31\x3d\x22\x33\x22\x20\x78\x32\x3d\
\x22\x36\x22\x20\x79\x32\x3d\x22\x31\x35\x22\x3e\x3c\x2f\x6c\x69\
\x6e\x65\x3e\x3c\x63\x69\x72\x63\x6c\x65\x20\x63\x78\x3d\x22\x31\
\x38\x22\x20\x63\x79\x3d\x22\x36\x22\x20\x72\x3d\x22\x33\x22\x3e\
\x3c\x2f\x63\x69\x72\x63\x6c\x65\x3e\x3c\x63\x69\x72\x63\x6c\x65\
\x20\x63\x78\x3d\x22\x36\x22\x20\x63\x79\x3d\x22\x31\x38\x22\x20\
\x72\x3d\x22\x33\x22\x3e\x3c\x2f\x63\x69\x72\x63\x6c\x65\x3e\x3c\
\x70\x61\x74\x68\x20\x64\x3d\x22\x4d\x31\x38\x20\x39\x61\x39\x20\
\x39\x20\x30\x20\x30\x20\x31\x2d\x39\x20\x39\x22\x3e\x3c\x2f\x70\
\x61\x74\x68\x3e\x3c\x2f\x73\x76\x67\x3e\
\x00\x00\x01\x3b\
\x3c\
\x73\x76\x67\x20\x78\x6d\x6c\x6e\x73\x3d\x22\x68\x74\x74\x70\x3a\
\x2f\x2f\x77\x77\x77\x2e\x77\x33\x2e\x6f\x72\x67\x2f\x32\x30\x30\
\x30\x2f\x73\x76\x67\x22\x20\x77\x69\x64\x74\x68\x3d\x22\x38\x30\
\x22\x20\x68\x65\x69\x67\x68\x74\x3d\x22\x38\x30\x22\x20\x76\x69\
\x65\x77\x42\x6f\x78\x3d\x22\x30\x20\x30\x20\x32\x34\x20\x32\x34\
\x22\x20\x66\x69\x6c\x6c\x3d\x22\x6e\x6f\x6e\x65\x22\x20\x73\x74\
\x72\x6f\x6b\x65\x3d\x22\x63\x75\x72\x72\x65\x6e\x74\x43\x6f\x6c\
\x6f\x72\x22\x20\x73\x74\x72\x6f\x6b\x65\x2d\x77\x69\x64\x74\x68\
\x3d\x22\x31\x2e\x35\x22\x20\x73\x74\x72\x6f\x6b\x65\x2d\x6c\x69\
\x6e\x65\x63\x61\x70\x3d\x22\x72\x6f\x75\x6e\x64\x22\x20\x73\x74\
\x72\x6f\x6b\x65\x2d\x6c\x69\x6e\x65\x6a\x6f\x69\x6e\x3d\x22\x72\
\x6f\x75\x6e\x64\x22\x20\x63\x6c\x61\x73\x73\x3d\x22\x66\x65\x61\
\x74\x68\x65\x72\x20\x66\x65\x61\x74\x68\x65\x72\x2d\x75\x73\x65\
\x72\x22\x3e\x3c\x70\x61\x74\x68\x20\x64\x3d\x22\x4d\x32\x30\x20\
\x32\x31\x76\x2d\x32\x61\x34\x20\x34\x20\x30\x20\x30\x20\x30\x2d\
\x34\x2d\x34\x48\x38\x61\x34\x20\x34\x20\x30\x20\x30\x20\x30\x2d\
\x34\x20\x34\x76\x32\x22\x3e\x3c\x2f\x70\x61\x74\x68\x3e\x3c\x63\
\x69\x72\x63\x6c\x65\x20\x63\x78\x3d\x22\x31\x32\x22\x20\x63\x79\
\x3d\x22\x37\x22\x20\x72\x3d\x22\x34\x22\x3e\x3c\x2f\x63\x69\x72\
\x63\x6c\x65\x3e\x3c\x2f\x73\x76\x67\x3e\
\x00\x00\x01\x92\
\x3c\
\x73\x76\x67\x20\x78\x6d\x6c\x6e\x73\x3d\x22\x68\x74\x74\x70\x3a\
\x2f\x2f\x77\x77\x77\x2e\x77\x33\x2e\x6f\x72\x67\x2f\x32\x30\x30\
\x30\x2f\x73\x76\x67\x22\x20\x77\x69\x64\x74\x68\x3d\x22\x38\x30\
\x22\x20\x68\x65\x69\x67\x68\x74\x3d\x22\x38\x30\x22\x20\x76\x69\
\x65\x77\x42\x6f\x78\x3d\x22\x30\x20\x30\x20\x32\x34\x20\x32\x34\
\x22\x20\x66\x69\x6c\x6c\x3d\x22\x6e\x6f\x6e\x65\x22\x20\x73\x74\
\x72\x6f\x6b\x65\x3d\x22\x63\x75\x72\x72\x65\x6e\x74\x43\x6f\x6c\
\x6f\x72\x22\x20\x73\x74\x72\x6f\x6b\x65\x2d\x77\x69\x64\x74\x68\
\x3d\x22\x31\x2e\x35\x22\x20\x73\x74\x72\x6f\x6b\x65\x2d\x6c\x69\
\x6e\x65\x63\x61\x70\x3d\x22\x72\x6f\x75\x6e\x64\x22\x20\x73\x74\
\x72\x6f\x6b\x65\x2d\x6c\x69\x6e\x65\x6a\x6f\x69\x6e\x3d\x22\x72\
\x6f\x75\x6e\x64\x22\x20\x63\x6c\x61\x73\x73\x3d\x22\x66\x65\x61\
\x74\x68\x65\x72\x20\x66\x65\x61\x74\x68\x65\x72\x2d\x75\x73\x65\
\x72\x73\x22\x3e\x3c\x70\x61\x74\x68\x20\x64\x3d\x22\x4d\x31\x37\
\x20\x32\x31\x76\x2d\x32\x61\x34\x20\x34\x20\x30\x20\x30\x20\x30\
\x2d\x34\x2d\x34\x48\x35\x61\x34\x20\x34\x20\x30\x20\x30\x20\x30\
\x2d\x34\x20\x34\x76\x32\x22\x3e\x3c\x2f\x70\x61\x74\x68\x3e\x3c\
\x63\x69\x72\x63\x6c\x65\x20\x63\x78\x3d\x22\x39\x22\x20\x63\x79\
\x3d\x22\x37\x22\x20\x72\x3d\x22\x34\x22\x3e\x3c\x2f\x63\x69\x72\
\x63\x6c\x65\x3e\x3c\x70\x61\x74\x68\x20\x64\x3d\x22\x4d\x32\x33\
\x20\x32\x31\x76\x2d\x32\x61\x34\x20\x34\x20\x30\x20\x30\x20\x30\
\x2d\x33\x2d\x33\x2e\x38\x37\x22\x3e\x3c\x2f\x70\x61\x74\x68\x3e\
\x3c\x70\x61\x74\x68\x20\x64\x3d\x22\x4d\x31\x36\x20\x33\x2e\x31\
\x33\x61\x34\x20\x34\x20\x30\x20\x30\x20\x31\x20\x30\x20\x37\x2e\
\x37\x35\x22\x3e\x3c\x2f\x70\x61\x74\x68\x3e\x3c\x2f\x73\x76\x67\
\x3e\
\x00\x00\x01\x97\
\x3c\
\x73\x76\x67\x20\x78\x6d\x6c\x6e\x73\x3d\x22\x68\x74\x74\x70\x3a\
\x2f\x2f\x77\x77\x77\x2e\x77\x33\x2e\x6f\x72\x67\x2f\x32\x30\x30\
\x30\x2f\x73\x76\x67\x22\x20\x77\x69\x64\x74\x68\x3d\x22\x38\x30\
\x22\x20\x68\x65\x69\x67\x68\x74\x3d\x22\x38\x30\x22\x20\x76\x69\
\x65\x77\x42\x6f\x78\x3d\x22\x30\x20\x30\x20\x32\x34\x20\x32\x34\
\x22\x20\x66\x69\x6c\x6c\x3d\x22\x6e\x6f\x6e\x65\x22\x20\x73\x74\
\x72\x6f\x6b\x65\x3d\x22\x63\x75\x72\x72\x65\x6e\x74\x43\x6f\x6c\
\x6f\x72\x22\x20\x73\x74\x72\x6f\x6b\x65\x2d\x77\x69\x64\x74\x68\
\x3d\x22\x31\x2e\x35\x22\x20\x73\x74\x72\x6f\x6b\x65\x2d\x6c\x69\
\x6e\x65\x63\x61\x70\x3d\x22\x72\x6f\x75\x6e\x64\x22\x20\x73\x74\
\x72\x6f\x6b\x65\x2d\x6c\x69\x6e\x65\x6a\x6f\x69\x6e\x3d\x22\x72\
\x6f\x75\x6e\x64\x22\x20\x63\x6c\x61\x73\x73\x3d\x22\x66\x65\x61\
\x74\x68\x65\x72\x20\x66\x65\x61\x74\x68\x65\x72\x2d\x66\x6f\x6c\
\x64\x65\x72\x2d\x70\x6c\x75\x73\x22\x3e\x3c\x70\x61\x74\x68\x20\
\x64\x3d\x22\x4d\x32\x32\x20\x31\x39\x61\x32\x20\x32\x20\x30\x20\
\x30\x20\x31\x2d\x32\x20\x32\x48\x34\x61\x32\x20\x32\x20\x30\x20\
\x30\x20\x31\x2d\x32\x2d\x32\x56\x35\x61\x32\x20\x32\x20\x30\x20\
\x30\x20\x31\x20\x32\x2d\x32\x68\x35\x6c\x32\x20\x33\x68\x39\x61\
\x32\x20\x32\x20\x30\x20\x30\x20\x31\x20\x32\x20\x32\x7a\x22\x3e\
\x3c\x2f\x70\x61\x74\x68\x3e\x3c\x6c\x69\x6e\x65\x20\x78\x31\x3d\
\x22\x31\x32\x22\x20\x79\x31\x3d\x22\x31\x31\x22\x20\x78\x32\x3d\
\x22\x31\x32\x22\x20\x79\x32\x3d\x22\x31\x37\x22\x3e\x3c\x2f\x6c\
\x69\x6e\x65\x3e\x3c\x6c\x69\x6e\x65\x20\x78\x31\x3d\x22\x39\x22\
\x20\x79\x31\x3d\x22\x31\x34\x22\x20\x78\x32\x3d\x22\x31\x35\x22\
\x20\x79\x32\x3d\x22\x31\x34\x22\x3e\x3c\x2f\x6c\x69\x6e\x65\x3e\
\x3c\x2f\x73\x76\x67\x3e\
\x00\x00\x01\x18\
\x3c\
\x73\x76\x67\x20\x78\x6d\x6c\x6e\x73\x3d\x22\x68\x74\x74\x70\x3a\
\x2f\x2f\x77\x77\x77\x2e\x77\x33\x2e\x6f\x72\x67\x2f\x32\x30\x30\
\x30\x2f\x73\x76\x67\x22\x20\x77\x69\x64\x74\x68\x3d\x22\x38\x30\
\x22\x20\x68\x65\x69\x67\x68\x74\x3d\x22\x38\x30\x22\x20\x76\x69\
\x65\x77\x42\x6f\x78\x3d\x22\x30\x20\x30\x20\x32\x34\x20\x32\x34\
\x22\x20\x66\x69\x6c\x6c\x3d\x22\x6e\x6f\x6e\x65\x22\x20\x73\x74\
\x72\x6f\x6b\x65\x3d\x22\x63\x75\x72\x72\x65\x6e\x74\x43\x6f\x6c\
\x6f\x72\x22\x20\x73\x74\x72\x6f\x6b\x65\x2d\x77\x69\x64\x74\x68\
\x3d\x22\x31\x2e\x35\x22\x20\x73\x74\x72\x6f\x6b\x65\x2d\x6c\x69\
\x6e\x65\x63\x61\x70\x3d\x22\x72\x6f\x75\x6e\x64\x22\x20\x73\x74\
\x72\x6f\x6b\x65\x2d\x6c\x69\x6e\x65\x6a\x6f\x69\x6e\x3d\x22\x72\
\x6f\x75\x6e\x64\x22\x20\x63\x6c\x61\x73\x73\x3d\x22\x66\x65\x61\
\x74\x68\x65\x72\x20\x66\x65\x61\x74\x68\x65\x72\x2d\x66\x72\x61\
\x6d\x65\x72\x22\x3e\x3c\x70\x61\x74\x68\x20\x64\x3d\x22\x4d\x35\
\x20\x31\x36\x56\x39\x68\x31\x34\x56\x32\x48\x35\x6c\x31\x34\x20\
\x31\x34\x68\x2d\x37\x6d\x2d\x37\x20\x30\x6c\x37\x20\x37\x76\x2d\
\x37\x6d\x2d\x37\x20\x30\x68\x37\x22\x3e\x3c\x2f\x70\x61\x74\x68\
\x3e\x3c\x2f\x73\x76\x67\x3e\
\x00\x00\x01\x5b\
\x3c\
\x73\x76\x67\x20\x78\x6d\x6c\x6e\x73\x3d\x22\x68\x74\x74\x70\x3a\
\x2f\x2f\x77\x77\x77\x2e\x77\x33\x2e\x6f\x72\x67\x2f\x32\x30\x30\
\x30\x2f\x73\x76\x67\x22\x20\x77\x69\x64\x74\x68\x3d\x22\x38\x30\
\x22\x20\x68\x65\x69\x67\x68\x74\x3d\x22\x38\x30\x22\x20\x76\x69\
\x65\x77\x42\x6f\x78\x3d\x22\x30\x20\x30\x20\x32\x34\x20\x32\x34\
\x22\x20\x66\x69\x6c\x6c\x3d\x22\x6e\x6f\x6e\x65\x22\x20\x73\x74\
\x72\x6f\x6b\x65\x3d\x22\x63\x75\x72\x72\x65\x6e\x74\x43\x6f\x6c\
\x6f\x72\x22\x20\x73\x74\x72\x6f\x6b\x65\x2d\x77\x69\x64\x74\x68\
\x3d\x22\x31\x2e\x35\x22\x20\x73\x74\x72\x6f\x6b\x65\x2d\x6c\x69\
\x6e\x65\x63\x61\x70\x3d\x22\x72\x6f\x75\x6e\x64\x22\x20\x73\x74\
\x72\x6f\x6b\x65\x2d\x6c\x69\x6e\x65\x6a\x6f\x69\x6e\x3d\x22\x72\
\x6f\x75\x6e\x64\x22\x20\x63\x6c\x61\x73\x73\x3d\x22\x66\x65\x61\
\x74\x68\x65\x72\x20\x66\x65\x61\x74\x68\x65\x72\x2d\x63\x6c\x6f\
\x75\x64\x2d\x6c\x69\x67\x68\x74\x6e\x69\x6e\x67\x22\x3e\x3c\x70\
\x61\x74\x68\x20\x64\x3d\x22\x4d\x31\x39\x20\x31\x36\x2e\x39\x41\
\x35\x20\x35\x20\x30\x20\x30\x20\x30\x20\x31\x38\x20\x37\x68\x2d\
\x31\x2e\x32\x36\x61\x38\x20\x38\x20\x30\x20\x31\x20\x30\x2d\x31\
\x31\x2e\x36\x32\x20\x39\x22\x3e\x3c\x2f\x70\x61\x74\x68\x3e\x3c\
\x70\x6f\x6c\x79\x6c\x69\x6e\x65\x20\x70\x6f\x69\x6e\x74\x73\x3d\
\x22\x31\x33\x20\x31\x31\x20\x39\x20\x31\x37\x20\x31\x35\x20\x31\
\x37\x20\x31\x31\x20\x32\x33\x22\x3e\x3c\x2f\x70\x6f\x6c\x79\x6c\
\x69\x6e\x65\x3e\x3c\x2f\x73\x76\x67\x3e\
\x00\x00\x01\x97\
\x3c\
\x73\x76\x67\x20\x78\x6d\x6c\x6e\x73\x3d\x22\x68\x74\x74\x70\x3a\
\x2f\x2f\x77\x77\x77\x2e\x77\x33\x2e\x6f\x72\x67\x2f\x32\x30\x30\
\x30\x2f\x73\x76\x67\x22\x20\x77\x69\x64\x74\x68\x3d\x22\x38\x30\
\x22\x20\x68\x65\x69\x67\x68\x74\x3d\x22\x38\x30\x22\x20\x76\x69\
\x65\x77\x42\x6f\x78\x3d\x22\x30\x20\x30\x20\x32\x34\x20\x32\x34\
\x22\x20\x66\x69\x6c\x6c\x3d\x22\x6e\x6f\x6e\x65\x22\x20\x73\x74\
\x72\x6f\x6b\x65\x3d\x22\x63\x75\x72\x72\x65\x6e\x74\x43\x6f\x6c\
\x6f\x72\x22\x20\x73\x74\x72\x6f\x6b\x65\x2d\x77\x69\x64\x74\x68\
\x3d\x22\x31\x2e\x35\x22\x20\x73\x74\x72\x6f\x6b\x65\x2d\x6c\x69\
\x6e\x65\x63\x61\x70\x3d\x22\x72\x6f\x75\x6e\x64\x22\x20\x73\x74\
\x72\x6f\x6b\x65\x2d\x6c\x69\x6e\x65\x6a\x6f\x69\x6e\x3d\x22\x72\
\x6f\x75\x6e\x64\x22\x20\x63\x6c\x61\x73\x73\x3d\x22\x66\x65\x61\
\x74\x68\x65\x72\x20\x66\x65\x61\x74\x68\x65\x72\x2d\x73\x68\x69\
\x65\x6c\x64\x2d\x6f\x66\x66\x22\x3e\x3c\x70\x61\x74\x68\x20\x64\
\x3d\x22\x4d\x31\x39\x2e\x36\x39\x20\x31\x34\x61\x36\x2e\x39\x20\
\x36\x2e\x39\x20\x30\x20\x30\x20\x30\x20\x2e\x33\x31\x2d\x32\x56\
\x35\x6c\x2d\x38\x2d\x33\x2d\x33\x2e\x31\x36\x20\x31\x2e\x31\x38\
\x22\x3e\x3c\x2f\x70\x61\x74\x68\x3e\x3c\x70\x61\x74\x68\x20\x64\
\x3d\x22\x4d\x34\x2e\x37\x33\x20\x34\x2e\x37\x33\x4c\x34\x20\x35\
\x76\x37\x63\x30\x20\x36\x20\x38\x20\x31\x30\x20\x38\x20\x31\x30\
\x61\x32\x30\x2e\x32\x39\x20\x32\x30\x2e\x32\x39\x20\x30\x20\x30\
\x20\x30\x20\x35\x2e\x36\x32\x2d\x34\x2e\x33\x38\x22\x3e\x3c\x2f\
\x70\x61\x74\x68\x3e\x3c\x6c\x69\x6e\x65\x20\x78\x31\x3d\x22\x31\
\x22\x20\x79\x31\x3d\x22\x31\x22\x20\x78\x32\x3d\x22\x32\x33\x22\
\x20\x79\x32\x3d\x22\x32\x33\x22\x3e\x3c\x2f\x6c\x69\x6e\x65\x3e\
\x3c\x2f\x73\x76\x67\x3e\
\x00\x00\x01\x3d\
\x3c\
\x73\x76\x67\x20\x78\x6d\x6c\x6e\x73\x3d\x22\x68\x74\x74\x70\x3a\
\x2f\x2f\x77\x77\x77\x2e\x77\x33\x2e\x6f\x72\x67\x2f\x32\x30\x30\
\x30\x2f\x73\x76\x67\x22\x20\x77\x69\x64\x74\x68\x3d\x22\x38\x30\
\x22\x20\x68\x65\x69\x67\x68\x74\x3d\x22\x38\x30\x22\x20\x76\x69\
\x65\x77\x42\x6f\x78\x3d\x22\x30\x20\x30\x20\x32\x34\x20\x32\x34\
\x22\x20\x66\x69\x6c\x6c\x3d\x22\x6e\x6f\x6e\x65\x22\x20\x73\x74\
\x72\x6f\x6b\x65\x3d\x22\x63\x75\x72\x72\x65\x6e\x74\x43\x6f\x6c\
\x6f\x72\x22\x20\x73\x74\x72\x6f\x6b\x65\x2d\x77\x69\x64\x74\x68\
\x3d\x22\x31\x2e\x35\x22\x20\x73\x74\x72\x6f\x6b\x65\x2d\x6c\x69\
\x6e\x65\x63\x61\x70\x3d\x22\x72\x6f\x75\x6e\x64\x22\x20\x73\x74\
\x72\x6f\x6b\x65\x2d\x6c\x69\x6e\x65\x6a\x6f\x69\x6e\x3d\x22\x72\
\x6f\x75\x6e\x64\x22\x20\x63\x6c\x61\x73\x73\x3d\x22\x66\x65\x61\
\x74\x68\x65\x72\x20\x66\x65\x61\x74\x68\x65\x72\x2d\x70\x69\x65\
\x2d\x63\x68\x61\x72\x74\x22\x3e\x3c\x70\x61\x74\x68\x20\x64\x3d\
\x22\x4d\x32\x31\x2e\x32\x31\x20\x31\x35\x2e\x38\x39\x41\x31\x30\
\x20\x31\x30\x20\x30\x20\x31\x20\x31\x20\x38\x20\x32\x2e\x38\x33\
\x22\x3e\x3c\x2f\x70\x61\x74\x68\x3e\x3c\x70\x61\x74\x68\x20\x64\
\x3d\x22\x4d\x32\x32\x20\x31\x32\x41\x31\x30\x20\x31\x30\x20\x30\
\x20\x30\x20\x30\x20\x31\x32\x20\x32\x76\x31\x30\x7a\x22\x3e\x3c\
\x2f\x70\x61\x74\x68\x3e\x3c\x2f\x73\x76\x67\x3e\
\x00\x00\x01\x3a\
\x3c\
\x73\x76\x67\x20\x78\x6d\x6c\x6e\x73\x3d\x22\x68\x74\x74\x70\x3a\
\x2f\x2f\x77\x77\x77\x2e\x77\x33\x2e\x6f\x72\x67\x2f\x32\x30\x30\
\x30\x2f\x73\x76\x67\x22\x20\x77\x69\x64\x74\x68\x3d\x22\x38\x30\
\x22\x20\x68\x65\x69\x67\x68\x74\x3d\x22\x38\x30\x22\x20\x76\x69\
\x65\x77\x42\x6f\x78\x3d\x22\x30\x20\x30\x20\x32\x34\x20\x32\x34\
\x22\x20\x66\x69\x6c\x6c\x3d\x22\x6e\x6f\x6e\x65\x22\x20\x73\x74\
\x72\x6f\x6b\x65\x3d\x22\x63\x75\x72\x72\x65\x6e\x74\x43\x6f\x6c\
\x6f\x72\x22\x20\x73\x74\x72\x6f\x6b\x65\x2d\x77\x69\x64\x74\x68\
\x3d\x22\x31\x2e\x35\x22\x20\x73\x74\x72\x6f\x6b\x65\x2d\x6c\x69\
\x6e\x65\x63\x61\x70\x3d\x22\x72\x6f\x75\x6e\x64\x22\x20\x73\x74\
\x72\x6f\x6b\x65\x2d\x6c\x69\x6e\x65\x6a\x6f\x69\x6e\x3d\x22\x72\
\x6f\x75\x6e\x64\x22\x20\x63\x6c\x61\x73\x73\x3d\x22\x66\x65\x61\
\x74\x68\x65\x72\x20\x66\x65\x61\x74\x68\x65\x72\x2d\x61\x72\x72\
\x6f\x77\x2d\x6c\x65\x66\x74\x22\x3e\x3c\x6c\x69\x6e\x65\x20\x78\
\x31\x3d\x22\x31\x39\x22\x20\x79\x31\x3d\x22\x31\x32\x22\x20\x78\
\x32\x3d\x22\x35\x22\x20\x79\x32\x3d\x22\x31\x32\x22\x3e\x3c\x2f\
\x6c\x69\x6e\x65\x3e\x3c\x70\x6f\x6c\x79\x6c\x69\x6e\x65\x20\x70\
\x6f\x69\x6e\x74\x73\x3d\x22\x31\x32\x20\x31\x39\x20\x35\x20\x31\
\x32\x20\x31\x32\x20\x35\x22\x3e\x3c\x2f\x70\x6f\x6c\x79\x6c\x69\
\x6e\x65\x3e\x3c\x2f\x73\x76\x67\x3e\
\x00\x00\x01\x6c\
\x3c\
\x73\x76\x67\x20\x78\x6d\x6c\x6e\x73\x3d\x22\x68\x74\x74\x70\x3a\
\x2f\x2f\x77\x77\x77\x2e\x77\x33\x2e\x6f\x72\x67\x2f\x32\x30\x30\
\x30\x2f\x73\x76\x67\x22\x20\x77\x69\x64\x74\x68\x3d\x22\x38\x30\
\x22\x20\x68\x65\x69\x67\x68\x74\x3d\x22\x38\x30\x22\x20\x76\x69\
\x65\x77\x42\x6f\x78\x3d\x22\x30\x20\x30\x20\x32\x34\x20\x32\x34\
\x22\x20\x66\x69\x6c\x6c\x3d\x22\x6e\x6f\x6e\x65\x22\x20\x73\x74\
\x72\x6f\x6b\x65\x3d\x22\x63\x75\x72\x72\x65\x6e\x74\x43\x6f\x6c\
\x6f\x72\x22\x20\x73\x74\x72\x6f\x6b\x65\x2d\x77\x69\x64\x74\x68\
\x3d\x22\x31\x2e\x35\x22\x20\x73\x74\x72\x6f\x6b\x65\x2d\x6c\x69\
\x6e\x65\x63\x61\x70\x3d\x22\x72\x6f\x75\x6e\x64\x22\x20\x73\x74\
\x72\x6f\x6b\x65\x2d\x6c\x69\x6e\x65\x6a\x6f\x69\x6e\x3d\x22\x72\
\x6f\x75\x6e\x64\x22\x20\x63\x6c\x61\x73\x73\x3d\x22\x66\x65\x61\
\x74\x68\x65\x72\x20\x66\x65\x61\x74\x68\x65\x72\x2d\x61\x69\x72\
\x70\x6c\x61\x79\x22\x3e\x3c\x70\x61\x74\x68\x20\x64\x3d\x22\x4d\
\x35\x20\x31\x37\x48\x34\x61\x32\x20\x32\x20\x30\x20\x30\x20\x31\
\x2d\x32\x2d\x32\x56\x35\x61\x32\x20\x32\x20\x30\x20\x30\x20\x31\
\x20\x32\x2d\x32\x68\x31\x36\x61\x32\x20\x32\x20\x30\x20\x30\x20\
\x31\x20\x32\x20\x32\x76\x31\x30\x61\x32\x20\x32\x20\x30\x20\x30\
\x20\x31\x2d\x32\x20\x32\x68\x2d\x31\x22\x3e\x3c\x2f\x70\x61\x74\
\x68\x3e\x3c\x70\x6f\x6c\x79\x67\x6f\x6e\x20\x70\x6f\x69\x6e\x74\
\x73\x3d\x22\x31\x32\x20\x31\x35\x20\x31\x37\x20\x32\x31\x20\x37\
\x20\x32\x31\x20\x31\x32\x20\x31\x35\x22\x3e\x3c\x2f\x70\x6f\x6c\
\x79\x67\x6f\x6e\x3e\x3c\x2f\x73\x76\x67\x3e\
\x00\x00\x02\x07\
\x3c\
\x73\x76\x67\x20\x78\x6d\x6c\x6e\x73\x3d\x22\x68\x74\x74\x70\x3a\
\x2f\x2f\x77\x77\x77\x2e\x77\x33\x2e\x6f\x72\x67\x2f\x32\x30\x30\
\x30\x2f\x73\x76\x67\x22\x20\x77\x69\x64\x74\x68\x3d\x22\x38\x30\
\x22\x20\x68\x65\x69\x67\x68\x74\x3d\x22\x38\x30\x22\x20\x76\x69\
\x65\x77\x42\x6f\x78\x3d\x22\x30\x20\x30\x20\x32\x34\x20\x32\x34\
\x22\x20\x66\x69\x6c\x6c\x3d\x22\x6e\x6f\x6e\x65\x22\x20\x73\x74\
\x72\x6f\x6b\x65\x3d\x22\x63\x75\x72\x72\x65\x6e\x74\x43\x6f\x6c\
\x6f\x72\x22\x20\x73\x74\x72\x6f\x6b\x65\x2d\x77\x69\x64\x74\x68\
\x3d\x22\x31\x2e\x35\x22\x20\x73\x74\x72\x6f\x6b\x65\x2d\x6c\x69\
\x6e\x65\x63\x61\x70\x3d\x22\x72\x6f\x75\x6e\x64\x22\x20\x73\x74\
\x72\x6f\x6b\x65\x2d\x6c\x69\x6e\x65\x6a\x6f\x69\x6e\x3d\x22\x72\
\x6f\x75\x6e\x64\x22\x20\x63\x6c\x61\x73\x73\x3d\x22\x66\x65\x61\
\x74\x68\x65\x72\x20\x66\x65\x61\x74\x68\x65\x72\x2d\x70\x61\x63\
\x6b\x61\x67\x65\x22\x3e\x3c\x6c\x69\x6e\x65\x20\x78\x31\x3d\x22\
\x31\x36\x2e\x35\x22\x20\x79\x31\x3d\x22\x39\x2e\x34\x22\x20\x78\
\x32\x3d\x22\x37\x2e\x35\x22\x20\x79\x32\x3d\x22\x34\x2e\x32\x31\
\x22\x3e\x3c\x2f\x6c\x69\x6e\x65\x3e\x3c\x70\x61\x74\x68\x20\x64\
\x3d\x22\x4d\x32\x31\x20\x31\x36\x56\x38\x61\x32\x20\x32\x20\x30\
\x20\x30\x20\x30\x2d\x31\x2d\x31\x2e\x37\x33\x6c\x2d\x37\x2d\x34\
\x61\x32\x20\x32\x20\x30\x20\x30\x20\x30\x2d\x32\x20\x30\x6c\x2d\
\x37\x20\x34\x41\x32\x20\x32\x20\x30\x20\x30\x20\x30\x20\x33\x20\
\x38\x76\x38\x61\x32\x20\x32\x20\x30\x20\x30\x20\x30\x20\x31\x20\
\x31\x2e\x37\x33\x6c\x37\x20\x34\x61\x32\x20\x32\x20\x30\x20\x30\
\x20\x30\x20\x32\x20\x30\x6c\x37\x2d\x34\x41\x32\x20\x32\x20\x30\
\x20\x30\x20\x30\x20\x32\x31\x20\x31\x36\x7a\x22\x3e\x3c\x2f\x70\
\x61\x74\x68\x3e\x3c\x70\x6f\x6c\x79\x6c\x69\x6e\x65\x20\x70\x6f\
\x69\x6e\x74\x73\x3d\x22\x33\x2e\x32\x37\x20\x36\x2e\x39\x36\x20\
\x31\x32\x20\x31\x32\x2e\x30\x31\x20\x32\x30\x2e\x37\x33\x20\x36\
\x2e\x39\x36\x22\x3e\x3c\x2f\x70\x6f\x6c\x79\x6c\x69\x6e\x65\x3e\
\x3c\x6c\x69\x6e\x65\x20\x78\x31\x3d\x22\x31\x32\x22\x20\x79\x31\
\x3d\x22\x32\x32\x2e\x30\x38\x22\x20\x78\x32\x3d\x22\x31\x32\x22\
\x20\x79\x32\x3d\x22\x31\x32\x22\x3e\x3c\x2f\x6c\x69\x6e\x65\x3e\
\x3c\x2f\x73\x76\x67\x3e\
\x00\x00\x01\x1a\
\x3c\
\x73\x76\x67\x20\x78\x6d\x6c\x6e\x73\x3d\x22\x68\x74\x74\x70\x3a\
\x2f\x2f\x77\x77\x77\x2e\x77\x33\x2e\x6f\x72\x67\x2f\x32\x30\x30\
\x30\x2f\x73\x76\x67\x22\x20\x77\x69\x64\x74\x68\x3d\x22\x38\x30\
\x22\x20\x68\x65\x69\x67\x68\x74\x3d\x22\x38\x30\x22\x20\x76\x69\
\x65\x77\x42\x6f\x78\x3d\x22\x30\x20\x30\x20\x32\x34\x20\x32\x34\
\x22\x20\x66\x69\x6c\x6c\x3d\x22\x6e\x6f\x6e\x65\x22\x20\x73\x74\
\x72\x6f\x6b\x65\x3d\x22\x63\x75\x72\x72\x65\x6e\x74\x43\x6f\x6c\
\x6f\x72\x22\x20\x73\x74\x72\x6f\x6b\x65\x2d\x77\x69\x64\x74\x68\
\x3d\x22\x31\x2e\x35\x22\x20\x73\x74\x72\x6f\x6b\x65\x2d\x6c\x69\
\x6e\x65\x63\x61\x70\x3d\x22\x72\x6f\x75\x6e\x64\x22\x20\x73\x74\
\x72\x6f\x6b\x65\x2d\x6c\x69\x6e\x65\x6a\x6f\x69\x6e\x3d\x22\x72\
\x6f\x75\x6e\x64\x22\x20\x63\x6c\x61\x73\x73\x3d\x22\x66\x65\x61\
\x74\x68\x65\x72\x20\x66\x65\x61\x74\x68\x65\x72\x2d\x63\x6c\x6f\
\x75\x64\x22\x3e\x3c\x70\x61\x74\x68\x20\x64\x3d\x22\x4d\x31\x38\
\x20\x31\x30\x68\x2d\x31\x2e\x32\x36\x41\x38\x20\x38\x20\x30\x20\
\x31\x20\x30\x20\x39\x20\x32\x30\x68\x39\x61\x35\x20\x35\x20\x30\
\x20\x30\x20\x30\x20\x30\x2d\x31\x30\x7a\x22\x3e\x3c\x2f\x70\x61\
\x74\x68\x3e\x3c\x2f\x73\x76\x67\x3e\
\x00\x00\x01\xe4\
\x3c\
\x73\x76\x67\x20\x78\x6d\x6c\x6e\x73\x3d\x22\x68\x74\x74\x70\x3a\
\x2f\x2f\x77\x77\x77\x2e\x77\x33\x2e\x6f\x72\x67\x2f\x32\x30\x30\
\x30\x2f\x73\x76\x67\x22\x20\x77\x69\x64\x74\x68\x3d\x22\x38\x30\
\x22\x20\x68\x65\x69\x67\x68\x74\x3d\x22\x38\x30\x22\x20\x76\x69\
\x65\x77\x42\x6f\x78\x3d\x22\x30\x20\x30\x20\x32\x34\x20\x32\x34\
\x22\x20\x66\x69\x6c\x6c\x3d\x22\x6e\x6f\x6e\x65\x22\x20\x73\x74\
\x72\x6f\x6b\x65\x3d\x22\x63\x75\x72\x72\x65\x6e\x74\x43\x6f\x6c\
\x6f\x72\x22\x20\x73\x74\x72\x6f\x6b\x65\x2d\x77\x69\x64\x74\x68\
\x3d\x22\x31\x2e\x35\x22\x20\x73\x74\x72\x6f\x6b\x65\x2d\x6c\x69\
\x6e\x65\x63\x61\x70\x3d\x22\x72\x6f\x75\x6e\x64\x22\x20\x73\x74\
\x72\x6f\x6b\x65\x2d\x6c\x69\x6e\x65\x6a\x6f\x69\x6e\x3d\x22\x72\
\x6f\x75\x6e\x64\x22\x20\x63\x6c\x61\x73\x73\x3d\x22\x66\x65\x61\
\x74\x68\x65\x72\x20\x66\x65\x61\x74\x68\x65\x72\x2d\x6c\x69\x73\
\x74\x22\x3e\x3c\x6c\x69\x6e\x65\x20\x78\x31\x3d\x22\x38\x22\x20\
\x79\x31\x3d\x22\x36\x22\x20\x78\x32\x3d\x22\x32\x31\x22\x20\x79\
\x32\x3d\x22\x36\x22\x3e\x3c\x2f\x6c\x69\x6e\x65\x3e\x3c\x6c\x69\
\x6e\x65\x20\x78\x31\x3d\x22\x38\x22\x20\x79\x31\x3d\x22\x31\x32\
\x22\x20\x78\x32\x3d\x22\x32\x31\x22\x20\x79\x32\x3d\x22\x31\x32\
\x22\x3e\x3c\x2f\x6c\x69\x6e\x65\x3e\x3c\x6c\x69\x6e\x65\x20\x78\
\x31\x3d\x22\x38\x22\x20\x79\x31\x3d\x22\x31\x38\x22\x20\x78\x32\
\x3d\x22\x32\x31\x22\x20\x79\x32\x3d\x22\x31\x38\x22\x3e\x3c\x2f\
\x6c\x69\x6e\x65\x3e\x3c\x6c\x69\x6e\x65\x20\x78\x31\x3d\x22\x33\
\x22\x20\x79\x31\x3d\x22\x36\x22\x20\x78\x32\x3d\x22\x33\x2e\x30\
\x31\x22\x20\x79\x32\x3d\x22\x36\x22\x3e\x3c\x2f\x6c\x69\x6e\x65\
\x3e\x3c\x6c\x69\x6e\x65\x20\x78\x31\x3d\x22\x33\x22\x20\x79\x31\
\x3d\x22\x31\x32\x22\x20\x78\x32\x3d\x22\x33\x2e\x30\x31\x22\x20\
\x79\x32\x3d\x22\x31\x32\x22\x3e\x3c\x2f\x6c\x69\x6e\x65\x3e\x3c\
\x6c\x69\x6e\x65\x20\x78\x31\x3d\x22\x33\x22\x20\x79\x31\x3d\x22\
\x31\x38\x22\x20\x78\x32\x3d\x22\x33\x2e\x30\x31\x22\x20\x79\x32\
\x3d\x22\x31\x38\x22\x3e\x3c\x2f\x6c\x69\x6e\x65\x3e\x3c\x2f\x73\
\x76\x67\x3e\
\x00\x00\x01\x76\
\x3c\
\x73\x76\x67\x20\x78\x6d\x6c\x6e\x73\x3d\x22\x68\x74\x74\x70\x3a\
\x2f\x2f\x77\x77\x77\x2e\x77\x33\x2e\x6f\x72\x67\x2f\x32\x30\x30\
\x30\x2f\x73\x76\x67\x22\x20\x77\x69\x64\x74\x68\x3d\x22\x38\x30\
\x22\x20\x68\x65\x69\x67\x68\x74\x3d\x22\x38\x30\x22\x20\x76\x69\
\x65\x77\x42\x6f\x78\x3d\x22\x30\x20\x30\x20\x32\x34\x20\x32\x34\
\x22\x20\x66\x69\x6c\x6c\x3d\x22\x6e\x6f\x6e\x65\x22\x20\x73\x74\
\x72\x6f\x6b\x65\x3d\x22\x63\x75\x72\x72\x65\x6e\x74\x43\x6f\x6c\
\x6f\x72\x22\x20\x73\x74\x72\x6f\x6b\x65\x2d\x77\x69\x64\x74\x68\
\x3d\x22\x31\x2e\x35\x22\x20\x73\x74\x72\x6f\x6b\x65\x2d\x6c\x69\
\x6e\x65\x63\x61\x70\x3d\x22\x72\x6f\x75\x6e\x64\x22\x20\x73\x74\
\x72\x6f\x6b\x65\x2d\x6c\x69\x6e\x65\x6a\x6f\x69\x6e\x3d\x22\x72\
\x6f\x75\x6e\x64\x22\x20\x63\x6c\x61\x73\x73\x3d\x22\x66\x65\x61\
\x74\x68\x65\x72\x20\x66\x65\x61\x74\x68\x65\x72\x2d\x64\x61\x74\
\x61\x62\x61\x73\x65\x22\x3e\x3c\x65\x6c\x6c\x69\x70\x73\x65\x20\
\x63\x78\x3d\x22\x31\x32\x22\x20\x63\x79\x3d\x22\x35\x22\x20\x72\
\x78\x3d\x22\x39\x22\x20\x72\x79\x3d\x22\x33\x22\x3e\x3c\x2f\x65\
\x6c\x6c\x69\x70\x73\x65\x3e\x3c\x70\x61\x74\x68\x20\x64\x3d\x22\
\x4d\x32\x31\x20\x31\x32\x63\x30\x20\x31\x2e\x36\x36\x2d\x34\x20\
\x33\x2d\x39\x20\x33\x73\x2d\x39\x2d\x31\x2e\x33\x34\x2d\x39\x2d\
\x33\x22\x3e\x3c\x2f\x70\x61\x74\x68\x3e\x3c\x70\x61\x74\x68\x20\
\x64\x3d\x22\x4d\x33\x20\x35\x76\x31\x34\x63\x30\x20\x31\x2e\x36\
\x36\x20\x34\x20\x33\x20\x39\x20\x33\x73\x39\x2d\x31\x2e\x33\x34\
\x20\x39\x2d\x33\x56\x35\x22\x3e\x3c\x2f\x70\x61\x74\x68\x3e\x3c\
\x2f\x73\x76\x67\x3e\
\x00\x00\x01\x52\
\x3c\
\x73\x76\x67\x20\x78\x6d\x6c\x6e\x73\x3d\x22\x68\x74\x74\x70\x3a\
\x2f\x2f\x77\x77\x77\x2e\x77\x33\x2e\x6f\x72\x67\x2f\x32\x30\x30\
\x30\x2f\x73\x76\x67\x22\x20\x77\x69\x64\x74\x68\x3d\x22\x38\x30\
\x22\x20\x68\x65\x69\x67\x68\x74\x3d\x22\x38\x30\x22\x20\x76\x69\
\x65\x77\x42\x6f\x78\x3d\x22\x30\x20\x30\x20\x32\x34\x20\x32\x34\
\x22\x20\x66\x69\x6c\x6c\x3d\x22\x6e\x6f\x6e\x65\x22\x20\x73\x74\
\x72\x6f\x6b\x65\x3d\x22\x63\x75\x72\x72\x65\x6e\x74\x43\x6f\x6c\
\x6f\x72\x22\x20\x73\x74\x72\x6f\x6b\x65\x2d\x77\x69\x64\x74\x68\
\x3d\x22\x31\x2e\x35\x22\x20\x73\x74\x72\x6f\x6b\x65\x2d\x6c\x69\
\x6e\x65\x63\x61\x70\x3d\x22\x72\x6f\x75\x6e\x64\x22\x20\x73\x74\
\x72\x6f\x6b\x65\x2d\x6c\x69\x6e\x65\x6a\x6f\x69\x6e\x3d\x22\x72\
\x6f\x75\x6e\x64\x22\x20\x63\x6c\x61\x73\x73\x3d\x22\x66\x65\x61\
\x74\x68\x65\x72\x20\x66\x65\x61\x74\x68\x65\x72\x2d\x74\x61\x72\
\x67\x65\x74\x22\x3e\x3c\x63\x69\x72\x63\x6c\x65\x20\x63\x78\x3d\
\x22\x31\x32\x22\x20\x63\x79\x3d\x22\x31\x32\x22\x20\x72\x3d\x22\
\x31\x30\x22\x3e\x3c\x2f\x63\x69\x72\x63\x6c\x65\x3e\x3c\x63\x69\
\x72\x63\x6c\x65\x20\x63\x78\x3d\x22\x31\x32\x22\x20\x63\x79\x3d\
\x22\x31\x32\x22\x20\x72\x3d\x22\x36\x22\x3e\x3c\x2f\x63\x69\x72\
\x63\x6c\x65\x3e\x3c\x63\x69\x72\x63\x6c\x65\x20\x63\x78\x3d\x22\
\x31\x32\x22\x20\x63\x79\x3d\x22\x31\x32\x22\x20\x72\x3d\x22\x32\
\x22\x3e\x3c\x2f\x63\x69\x72\x63\x6c\x65\x3e\x3c\x2f\x73\x76\x67\
\x3e\
\x00\x00\x01\x55\
\x3c\
\x73\x76\x67\x20\x78\x6d\x6c\x6e\x73\x3d\x22\x68\x74\x74\x70\x3a\
\x2f\x2f\x77\x77\x77\x2e\x77\x33\x2e\x6f\x72\x67\x2f\x32\x30\x30\
\x30\x2f\x73\x76\x67\x22\x20\x77\x69\x64\x74\x68\x3d\x22\x38\x30\
\x22\x20\x68\x65\x69\x67\x68\x74\x3d\x22\x38\x30\x22\x20\x76\x69\
\x65\x77\x42\x6f\x78\x3d\x22\x30\x20\x30\x20\x32\x34\x20\x32\x34\
\x22\x20\x66\x69\x6c\x6c\x3d\x22\x6e\x6f\x6e\x65\x22\x20\x73\x74\
\x72\x6f\x6b\x65\x3d\x22\x63\x75\x72\x72\x65\x6e\x74\x43\x6f\x6c\
\x6f\x72\x22\x20\x73\x74\x72\x6f\x6b\x65\x2d\x77\x69\x64\x74\x68\
\x3d\x22\x31\x2e\x35\x22\x20\x73\x74\x72\x6f\x6b\x65\x2d\x6c\x69\
\x6e\x65\x63\x61\x70\x3d\x22\x72\x6f\x75\x6e\x64\x22\x20\x73\x74\
\x72\x6f\x6b\x65\x2d\x6c\x69\x6e\x65\x6a\x6f\x69\x6e\x3d\x22\x72\
\x6f\x75\x6e\x64\x22\x20\x63\x6c\x61\x73\x73\x3d\x22\x66\x65\x61\
\x74\x68\x65\x72\x20\x66\x65\x61\x74\x68\x65\x72\x2d\x64\x69\x76\
\x69\x64\x65\x22\x3e\x3c\x63\x69\x72\x63\x6c\x65\x20\x63\x78\x3d\
\x22\x31\x32\x22\x20\x63\x79\x3d\x22\x36\x22\x20\x72\x3d\x22\x32\
\x22\x3e\x3c\x2f\x63\x69\x72\x63\x6c\x65\x3e\x3c\x6c\x69\x6e\x65\
\x20\x78\x31\x3d\x22\x35\x22\x20\x79\x31\x3d\x22\x31\x32\x22\x20\
\x78\x32\x3d\x22\x31\x39\x22\x20\x79\x32\x3d\x22\x31\x32\x22\x3e\
\x3c\x2f\x6c\x69\x6e\x65\x3e\x3c\x63\x69\x72\x63\x6c\x65\x20\x63\
\x78\x3d\x22\x31\x32\x22\x20\x63\x79\x3d\x22\x31\x38\x22\x20\x72\
\x3d\x22\x32\x22\x3e\x3c\x2f\x63\x69\x72\x63\x6c\x65\x3e\x3c\x2f\
\x73\x76\x67\x3e\
\x00\x00\x01\x14\
\x3c\
\x73\x76\x67\x20\x78\x6d\x6c\x6e\x73\x3d\x22\x68\x74\x74\x70\x3a\
\x2f\x2f\x77\x77\x77\x2e\x77\x33\x2e\x6f\x72\x67\x2f\x32\x30\x30\
\x30\x2f\x73\x76\x67\x22\x20\x77\x69\x64\x74\x68\x3d\x22\x38\x30\
\x22\x20\x68\x65\x69\x67\x68\x74\x3d\x22\x38\x30\x22\x20\x76\x69\
\x65\x77\x42\x6f\x78\x3d\x22\x30\x20\x30\x20\x32\x34\x20\x32\x34\
\x22\x20\x66\x69\x6c\x6c\x3d\x22\x6e\x6f\x6e\x65\x22\x20\x73\x74\
\x72\x6f\x6b\x65\x3d\x22\x63\x75\x72\x72\x65\x6e\x74\x43\x6f\x6c\
\x6f\x72\x22\x20\x73\x74\x72\x6f\x6b\x65\x2d\x77\x69\x64\x74\x68\
\x3d\x22\x31\x2e\x35\x22\x20\x73\x74\x72\x6f\x6b\x65\x2d\x6c\x69\
\x6e\x65\x63\x61\x70\x3d\x22\x72\x6f\x75\x6e\x64\x22\x20\x73\x74\
\x72\x6f\x6b\x65\x2d\x6c\x69\x6e\x65\x6a\x6f\x69\x6e\x3d\x22\x72\
\x6f\x75\x6e\x64\x22\x20\x63\x6c\x61\x73\x73\x3d\x22\x66\x65\x61\
\x74\x68\x65\x72\x20\x66\x65\x61\x74\x68\x65\x72\x2d\x64\x72\x6f\
\x70\x6c\x65\x74\x22\x3e\x3c\x70\x61\x74\x68\x20\x64\x3d\x22\x4d\
\x31\x32\x20\x32\x2e\x36\x39\x6c\x35\x2e\x36\x36\x20\x35\x2e\x36\
\x36\x61\x38\x20\x38\x20\x30\x20\x31\x20\x31\x2d\x31\x31\x2e\x33\
\x31\x20\x30\x7a\x22\x3e\x3c\x2f\x70\x61\x74\x68\x3e\x3c\x2f\x73\
\x76\x67\x3e\
\x00\x00\x01\x4d\
\x3c\
\x73\x76\x67\x20\x78\x6d\x6c\x6e\x73\x3d\x22\x68\x74\x74\x70\x3a\
\x2f\x2f\x77\x77\x77\x2e\x77\x33\x2e\x6f\x72\x67\x2f\x32\x30\x30\
\x30\x2f\x73\x76\x67\x22\x20\x77\x69\x64\x74\x68\x3d\x22\x38\x30\
\x22\x20\x68\x65\x69\x67\x68\x74\x3d\x22\x38\x30\x22\x20\x76\x69\
\x65\x77\x42\x6f\x78\x3d\x22\x30\x20\x30\x20\x32\x34\x20\x32\x34\
\x22\x20\x66\x69\x6c\x6c\x3d\x22\x6e\x6f\x6e\x65\x22\x20\x73\x74\
\x72\x6f\x6b\x65\x3d\x22\x63\x75\x72\x72\x65\x6e\x74\x43\x6f\x6c\
\x6f\x72\x22\x20\x73\x74\x72\x6f\x6b\x65\x2d\x77\x69\x64\x74\x68\
\x3d\x22\x31\x2e\x35\x22\x20\x73\x74\x72\x6f\x6b\x65\x2d\x6c\x69\
\x6e\x65\x63\x61\x70\x3d\x22\x72\x6f\x75\x6e\x64\x22\x20\x73\x74\
\x72\x6f\x6b\x65\x2d\x6c\x69\x6e\x65\x6a\x6f\x69\x6e\x3d\x22\x72\
\x6f\x75\x6e\x64\x22\x20\x63\x6c\x61\x73\x73\x3d\x22\x66\x65\x61\
\x74\x68\x65\x72\x20\x66\x65\x61\x74\x68\x65\x72\x2d\x6d\x61\x78\
\x69\x6d\x69\x7a\x65\x22\x3e\x3c\x70\x61\x74\x68\x20\x64\x3d\x22\
\x4d\x38\x20\x33\x48\x35\x61\x32\x20\x32\x20\x30\x20\x30\x20\x30\
\x2d\x32\x20\x32\x76\x33\x6d\x31\x38\x20\x30\x56\x35\x61\x32\x20\
\x32\x20\x30\x20\x30\x20\x30\x2d\x32\x2d\x32\x68\x2d\x33\x6d\x30\
\x20\x31\x38\x68\x33\x61\x32\x20\x32\x20\x30\x20\x30\x20\x30\x20\
\x32\x2d\x32\x76\x2d\x33\x4d\x33\x20\x31\x36\x76\x33\x61\x32\x20\
\x32\x20\x30\x20\x30\x20\x30\x20\x32\x20\x32\x68\x33\x22\x3e\x3c\
\x2f\x70\x61\x74\x68\x3e\x3c\x2f\x73\x76\x67\x3e\
\x00\x00\x01\xbb\
\x3c\
\x73\x76\x67\x20\x78\x6d\x6c\x6e\x73\x3d\x22\x68\x74\x74\x70\x3a\
\x2f\x2f\x77\x77\x77\x2e\x77\x33\x2e\x6f\x72\x67\x2f\x32\x30\x30\
\x30\x2f\x73\x76\x67\x22\x20\x77\x69\x64\x74\x68\x3d\x22\x38\x30\
\x22\x20\x68\x65\x69\x67\x68\x74\x3d\x22\x38\x30\x22\x20\x76\x69\
\x65\x77\x42\x6f\x78\x3d\x22\x30\x20\x30\x20\x32\x34\x20\x32\x34\
\x22\x20\x66\x69\x6c\x6c\x3d\x22\x6e\x6f\x6e\x65\x22\x20\x73\x74\
\x72\x6f\x6b\x65\x3d\x22\x63\x75\x72\x72\x65\x6e\x74\x43\x6f\x6c\
\x6f\x72\x22\x20\x73\x74\x72\x6f\x6b\x65\x2d\x77\x69\x64\x74\x68\
\x3d\x22\x31\x2e\x35\x22\x20\x73\x74\x72\x6f\x6b\x65\x2d\x6c\x69\
\x6e\x65\x63\x61\x70\x3d\x22\x72\x6f\x75\x6e\x64\x22\x20\x73\x74\
\x72\x6f\x6b\x65\x2d\x6c\x69\x6e\x65\x6a\x6f\x69\x6e\x3d\x22\x72\
\x6f\x75\x6e\x64\x22\x20\x63\x6c\x61\x73\x73\x3d\x22\x66\x65\x61\
\x74\x68\x65\x72\x20\x66\x65\x61\x74\x68\x65\x72\x2d\x73\x68\x75\
\x66\x66\x6c\x65\x22\x3e\x3c\x70\x6f\x6c\x79\x6c\x69\x6e\x65\x20\
\x70\x6f\x69\x6e\x74\x73\x3d\x22\x31\x36\x20\x33\x20\x32\x31\x20\
\x33\x20\x32\x31\x20\x38\x22\x3e\x3c\x2f\x70\x6f\x6c\x79\x6c\x69\
\x6e\x65\x3e\x3c\x6c\x69\x6e\x65\x20\x78\x31\x3d\x22\x34\x22\x20\
\x79\x31\x3d\x22\x32\x30\x22\x20\x78\x32\x3d\x22\x32\x31\x22\x20\
\x79\x32\x3d\x22\x33\x22\x3e\x3c\x2f\x6c\x69\x6e\x65\x3e\x3c\x70\
\x6f\x6c\x79\x6c\x69\x6e\x65\x20\x70\x6f\x69\x6e\x74\x73\x3d\x22\
\x32\x31\x20\x31\x36\x20\x32\x31\x20\x32\x31\x20\x31\x36\x20\x32\
\x31\x22\x3e\x3c\x2f\x70\x6f\x6c\x79\x6c\x69\x6e\x65\x3e\x3c\x6c\
\x69\x6e\x65\x20\x78\x31\x3d\x22\x31\x35\x22\x20\x79\x31\x3d\x22\
\x31\x35\x22\x20\x78\x32\x3d\x22\x32\x31\x22\x20\x79\x32\x3d\x22\
\x32\x31\x22\x3e\x3c\x2f\x6c\x69\x6e\x65\x3e\x3c\x6c\x69\x6e\x65\
\x20\x78\x31\x3d\x22\x34\x22\x20\x79\x31\x3d\x22\x34\x22\x20\x78\
\x32\x3d\x22\x39\x22\x20\x79\x32\x3d\x22\x39\x22\x3e\x3c\x2f\x6c\
\x69\x6e\x65\x3e\x3c\x2f\x73\x76\x67\x3e\
\x00\x00\x01\x4d\
\x3c\
\x73\x76\x67\x20\x78\x6d\x6c\x6e\x73\x3d\x22\x68\x74\x74\x70\x3a\
\x2f\x2f\x77\x77\x77\x2e\x77\x33\x2e\x6f\x72\x67\x2f\x32\x30\x30\
\x30\x2f\x73\x76\x67\x22\x20\x77\x69\x64\x74\x68\x3d\x22\x38\x30\
\x22\x20\x68\x65\x69\x67\x68\x74\x3d\x22\x38\x30\x22\x20\x76\x69\
\x65\x77\x42\x6f\x78\x3d\x22\x30\x20\x30\x20\x32\x34\x20\x32\x34\
\x22\x20\x66\x69\x6c\x6c\x3d\x22\x6e\x6f\x6e\x65\x22\x20\x73\x74\
\x72\x6f\x6b\x65\x3d\x22\x63\x75\x72\x72\x65\x6e\x74\x43\x6f\x6c\
\x6f\x72\x22\x20\x73\x74\x72\x6f\x6b\x65\x2d\x77\x69\x64\x74\x68\
\x3d\x22\x31\x2e\x35\x22\x20\x73\x74\x72\x6f\x6b\x65\x2d\x6c\x69\
\x6e\x65\x63\x61\x70\x3d\x22\x72\x6f\x75\x6e\x64\x22\x20\x73\x74\
\x72\x6f\x6b\x65\x2d\x6c\x69\x6e\x65\x6a\x6f\x69\x6e\x3d\x22\x72\
\x6f\x75\x6e\x64\x22\x20\x63\x6c\x61\x73\x73\x3d\x22\x66\x65\x61\
\x74\x68\x65\x72\x20\x66\x65\x61\x74\x68\x65\x72\x2d\x6d\x69\x6e\
\x69\x6d\x69\x7a\x65\x22\x3e\x3c\x70\x61\x74\x68\x20\x64\x3d\x22\
\x4d\x38\x20\x33\x76\x33\x61\x32\x20\x32\x20\x30\x20\x30\x20\x31\
\x2d\x32\x20\x32\x48\x33\x6d\x31\x38\x20\x30\x68\x2d\x33\x61\x32\
\x20\x32\x20\x30\x20\x30\x20\x31\x2d\x32\x2d\x32\x56\x33\x6d\x30\
\x20\x31\x38\x76\x2d\x33\x61\x32\x20\x32\x20\x30\x20\x30\x20\x31\
\x20\x32\x2d\x32\x68\x33\x4d\x33\x20\x31\x36\x68\x33\x61\x32\x20\
\x32\x20\x30\x20\x30\x20\x31\x20\x32\x20\x32\x76\x33\x22\x3e\x3c\
\x2f\x70\x61\x74\x68\x3e\x3c\x2f\x73\x76\x67\x3e\
\x00\x00\x01\x3f\
\x3c\
\x73\x76\x67\x20\x78\x6d\x6c\x6e\x73\x3d\x22\x68\x74\x74\x70\x3a\
\x2f\x2f\x77\x77\x77\x2e\x77\x33\x2e\x6f\x72\x67\x2f\x32\x30\x30\
\x30\x2f\x73\x76\x67\x22\x20\x77\x69\x64\x74\x68\x3d\x22\x38\x30\
\x22\x20\x68\x65\x69\x67\x68\x74\x3d\x22\x38\x30\x22\x20\x76\x69\
\x65\x77\x42\x6f\x78\x3d\x22\x30\x20\x30\x20\x32\x34\x20\x32\x34\
\x22\x20\x66\x69\x6c\x6c\x3d\x22\x6e\x6f\x6e\x65\x22\x20\x73\x74\
\x72\x6f\x6b\x65\x3d\x22\x63\x75\x72\x72\x65\x6e\x74\x43\x6f\x6c\
\x6f\x72\x22\x20\x73\x74\x72\x6f\x6b\x65\x2d\x77\x69\x64\x74\x68\
\x3d\x22\x31\x2e\x35\x22\x20\x73\x74\x72\x6f\x6b\x65\x2d\x6c\x69\
\x6e\x65\x63\x61\x70\x3d\x22\x72\x6f\x75\x6e\x64\x22\x20\x73\x74\
\x72\x6f\x6b\x65\x2d\x6c\x69\x6e\x65\x6a\x6f\x69\x6e\x3d\x22\x72\
\x6f\x75\x6e\x64\x22\x20\x63\x6c\x61\x73\x73\x3d\x22\x66\x65\x61\
\x74\x68\x65\x72\x20\x66\x65\x61\x74\x68\x65\x72\x2d\x61\x72\x72\
\x6f\x77\x2d\x64\x6f\x77\x6e\x2d\x72\x69\x67\x68\x74\x22\x3e\x3c\
\x6c\x69\x6e\x65\x20\x78\x31\x3d\x22\x37\x22\x20\x79\x31\x3d\x22\
\x37\x22\x20\x78\x32\x3d\x22\x31\x37\x22\x20\x79\x32\x3d\x22\x31\
\x37\x22\x3e\x3c\x2f\x6c\x69\x6e\x65\x3e\x3c\x70\x6f\x6c\x79\x6c\
\x69\x6e\x65\x20\x70\x6f\x69\x6e\x74\x73\x3d\x22\x31\x37\x20\x37\
\x20\x31\x37\x20\x31\x37\x20\x37\x20\x31\x37\x22\x3e\x3c\x2f\x70\
\x6f\x6c\x79\x6c\x69\x6e\x65\x3e\x3c\x2f\x73\x76\x67\x3e\
\x00\x00\x01\x48\
\x3c\
\x73\x76\x67\x20\x78\x6d\x6c\x6e\x73\x3d\x22\x68\x74\x74\x70\x3a\
\x2f\x2f\x77\x77\x77\x2e\x77\x33\x2e\x6f\x72\x67\x2f\x32\x30\x30\
\x30\x2f\x73\x76\x67\x22\x20\x77\x69\x64\x74\x68\x3d\x22\x38\x30\
\x22\x20\x68\x65\x69\x67\x68\x74\x3d\x22\x38\x30\x22\x20\x76\x69\
\x65\x77\x42\x6f\x78\x3d\x22\x30\x20\x30\x20\x32\x34\x20\x32\x34\
\x22\x20\x66\x69\x6c\x6c\x3d\x22\x6e\x6f\x6e\x65\x22\x20\x73\x74\
\x72\x6f\x6b\x65\x3d\x22\x63\x75\x72\x72\x65\x6e\x74\x43\x6f\x6c\
\x6f\x72\x22\x20\x73\x74\x72\x6f\x6b\x65\x2d\x77\x69\x64\x74\x68\
\x3d\x22\x31\x2e\x35\x22\x20\x73\x74\x72\x6f\x6b\x65\x2d\x6c\x69\
\x6e\x65\x63\x61\x70\x3d\x22\x72\x6f\x75\x6e\x64\x22\x20\x73\x74\
\x72\x6f\x6b\x65\x2d\x6c\x69\x6e\x65\x6a\x6f\x69\x6e\x3d\x22\x72\
\x6f\x75\x6e\x64\x22\x20\x63\x6c\x61\x73\x73\x3d\x22\x66\x65\x61\
\x74\x68\x65\x72\x20\x66\x65\x61\x74\x68\x65\x72\x2d\x62\x61\x74\
\x74\x65\x72\x79\x22\x3e\x3c\x72\x65\x63\x74\x20\x78\x3d\x22\x31\
\x22\x20\x79\x3d\x22\x36\x22\x20\x77\x69\x64\x74\x68\x3d\x22\x31\
\x38\x22\x20\x68\x65\x69\x67\x68\x74\x3d\x22\x31\x32\x22\x20\x72\
\x78\x3d\x22\x32\x22\x20\x72\x79\x3d\x22\x32\x22\x3e\x3c\x2f\x72\
\x65\x63\x74\x3e\x3c\x6c\x69\x6e\x65\x20\x78\x31\x3d\x22\x32\x33\
\x22\x20\x79\x31\x3d\x22\x31\x33\x22\x20\x78\x32\x3d\x22\x32\x33\
\x22\x20\x79\x32\x3d\x22\x31\x31\x22\x3e\x3c\x2f\x6c\x69\x6e\x65\
\x3e\x3c\x2f\x73\x76\x67\x3e\
\x00\x00\x02\x2b\
\x3c\
\x73\x76\x67\x20\x78\x6d\x6c\x6e\x73\x3d\x22\x68\x74\x74\x70\x3a\
\x2f\x2f\x77\x77\x77\x2e\x77\x33\x2e\x6f\x72\x67\x2f\x32\x30\x30\
\x30\x2f\x73\x76\x67\x22\x20\x77\x69\x64\x74\x68\x3d\x22\x38\x30\
\x22\x20\x68\x65\x69\x67\x68\x74\x3d\x22\x38\x30\x22\x20\x76\x69\
\x65\x77\x42\x6f\x78\x3d\x22\x30\x20\x30\x20\x32\x34\x20\x32\x34\
\x22\x20\x66\x69\x6c\x6c\x3d\x22\x6e\x6f\x6e\x65\x22\x20\x73\x74\
\x72\x6f\x6b\x65\x3d\x22\x63\x75\x72\x72\x65\x6e\x74\x43\x6f\x6c\
\x6f\x72\x22\x20\x73\x74\x72\x6f\x6b\x65\x2d\x77\x69\x64\x74\x68\
\x3d\x22\x31\x2e\x35\x22\x20\x73\x74\x72\x6f\x6b\x65\x2d\x6c\x69\
\x6e\x65\x63\x61\x70\x3d\x22\x72\x6f\x75\x6e\x64\x22\x20\x73\x74\
\x72\x6f\x6b\x65\x2d\x6c\x69\x6e\x65\x6a\x6f\x69\x6e\x3d\x22\x72\
\x6f\x75\x6e\x64\x22\x20\x63\x6c\x61\x73\x73\x3d\x22\x66\x65\x61\
\x74\x68\x65\x72\x20\x66\x65\x61\x74\x68\x65\x72\x2d\x66\x69\x67\
\x6d\x61\x22\x3e\x3c\x70\x61\x74\x68\x20\x64\x3d\x22\x4d\x35\x20\
\x35\x2e\x35\x41\x33\x2e\x35\x20\x33\x2e\x35\x20\x30\x20\x30\x20\
\x31\x20\x38\x2e\x35\x20\x32\x48\x31\x32\x76\x37\x48\x38\x2e\x35\
\x41\x33\x2e\x35\x20\x33\x2e\x35\x20\x30\x20\x30\x20\x31\x20\x35\
\x20\x35\x2e\x35\x7a\x22\x3e\x3c\x2f\x70\x61\x74\x68\x3e\x3c\x70\
\x61\x74\x68\x20\x64\x3d\x22\x4d\x31\x32\x20\x32\x68\x33\x2e\x35\
\x61\x33\x2e\x35\x20\x33\x2e\x35\x20\x30\x20\x31\x20\x31\x20\x30\
\x20\x37\x48\x31\x32\x56\x32\x7a\x22\x3e\x3c\x2f\x70\x61\x74\x68\
\x3e\x3c\x70\x61\x74\x68\x20\x64\x3d\x22\x4d\x31\x32\x20\x31\x32\
\x2e\x35\x61\x33\x2e\x35\x20\x33\x2e\x35\x20\x30\x20\x31\x20\x31\
\x20\x37\x20\x30\x20\x33\x2e\x35\x20\x33\x2e\x35\x20\x30\x20\x31\
\x20\x31\x2d\x37\x20\x30\x7a\x22\x3e\x3c\x2f\x70\x61\x74\x68\x3e\
\x3c\x70\x61\x74\x68\x20\x64\x3d\x22\x4d\x35\x20\x31\x39\x2e\x35\
\x41\x33\x2e\x35\x20\x33\x2e\x35\x20\x30\x20\x30\x20\x31\x20\x38\
\x2e\x35\x20\x31\x36\x48\x31\x32\x76\x33\x2e\x35\x61\x33\x2e\x35\
\x20\x33\x2e\x35\x20\x30\x20\x31\x20\x31\x2d\x37\x20\x30\x7a\x22\
\x3e\x3c\x2f\x70\x61\x74\x68\x3e\x3c\x70\x61\x74\x68\x20\x64\x3d\
\x22\x4d\x35\x20\x31\x32\x2e\x35\x41\x33\x2e\x35\x20\x33\x2e\x35\
\x20\x30\x20\x30\x20\x31\x20\x38\x2e\x35\x20\x39\x48\x31\x32\x76\
\x37\x48\x38\x2e\x35\x41\x33\x2e\x35\x20\x33\x2e\x35\x20\x30\x20\
\x30\x20\x31\x20\x35\x20\x31\x32\x2e\x35\x7a\x22\x3e\x3c\x2f\x70\
\x61\x74\x68\x3e\x3c\x2f\x73\x76\x67\x3e\
\x00\x00\x01\xaa\
\x3c\
\x73\x76\x67\x20\x78\x6d\x6c\x6e\x73\x3d\x22\x68\x74\x74\x70\x3a\
\x2f\x2f\x77\x77\x77\x2e\x77\x33\x2e\x6f\x72\x67\x2f\x32\x30\x30\
\x30\x2f\x73\x76\x67\x22\x20\x77\x69\x64\x74\x68\x3d\x22\x38\x30\
\x22\x20\x68\x65\x69\x67\x68\x74\x3d\x22\x38\x30\x22\x20\x76\x69\
\x65\x77\x42\x6f\x78\x3d\x22\x30\x20\x30\x20\x32\x34\x20\x32\x34\
\x22\x20\x66\x69\x6c\x6c\x3d\x22\x6e\x6f\x6e\x65\x22\x20\x73\x74\
\x72\x6f\x6b\x65\x3d\x22\x63\x75\x72\x72\x65\x6e\x74\x43\x6f\x6c\
\x6f\x72\x22\x20\x73\x74\x72\x6f\x6b\x65\x2d\x77\x69\x64\x74\x68\
\x3d\x22\x31\x2e\x35\x22\x20\x73\x74\x72\x6f\x6b\x65\x2d\x6c\x69\
\x6e\x65\x63\x61\x70\x3d\x22\x72\x6f\x75\x6e\x64\x22\x20\x73\x74\
\x72\x6f\x6b\x65\x2d\x6c\x69\x6e\x65\x6a\x6f\x69\x6e\x3d\x22\x72\
\x6f\x75\x6e\x64\x22\x20\x63\x6c\x61\x73\x73\x3d\x22\x66\x65\x61\
\x74\x68\x65\x72\x20\x66\x65\x61\x74\x68\x65\x72\x2d\x64\x72\x69\
\x62\x62\x62\x6c\x65\x22\x3e\x3c\x63\x69\x72\x63\x6c\x65\x20\x63\
\x78\x3d\x22\x31\x32\x22\x20\x63\x79\x3d\x22\x31\x32\x22\x20\x72\
\x3d\x22\x31\x30\x22\x3e\x3c\x2f\x63\x69\x72\x63\x6c\x65\x3e\x3c\
\x70\x61\x74\x68\x20\x64\x3d\x22\x4d\x38\x2e\x35\x36\x20\x32\x2e\
\x37\x35\x63\x34\x2e\x33\x37\x20\x36\x2e\x30\x33\x20\x36\x2e\x30\
\x32\x20\x39\x2e\x34\x32\x20\x38\x2e\x30\x33\x20\x31\x37\x2e\x37\
\x32\x6d\x32\x2e\x35\x34\x2d\x31\x35\x2e\x33\x38\x63\x2d\x33\x2e\
\x37\x32\x20\x34\x2e\x33\x35\x2d\x38\x2e\x39\x34\x20\x35\x2e\x36\
\x36\x2d\x31\x36\x2e\x38\x38\x20\x35\x2e\x38\x35\x6d\x31\x39\x2e\
\x35\x20\x31\x2e\x39\x63\x2d\x33\x2e\x35\x2d\x2e\x39\x33\x2d\x36\
\x2e\x36\x33\x2d\x2e\x38\x32\x2d\x38\x2e\x39\x34\x20\x30\x2d\x32\
\x2e\x35\x38\x2e\x39\x32\x2d\x35\x2e\x30\x31\x20\x32\x2e\x38\x36\
\x2d\x37\x2e\x34\x34\x20\x36\x2e\x33\x32\x22\x3e\x3c\x2f\x70\x61\
\x74\x68\x3e\x3c\x2f\x73\x76\x67\x3e\
\x00\x00\x01\xa7\
\x3c\
\x73\x76\x67\x20\x78\x6d\x6c\x6e\x73\x3d\x22\x68\x74\x74\x70\x3a\
\x2f\x2f\x77\x77\x77\x2e\x77\x33\x2e\x6f\x72\x67\x2f\x32\x30\x30\
\x30\x2f\x73\x76\x67\x22\x20\x77\x69\x64\x74\x68\x3d\x22\x38\x30\
\x22\x20\x68\x65\x69\x67\x68\x74\x3d\x22\x38\x30\x22\x20\x76\x69\
\x65\x77\x42\x6f\x78\x3d\x22\x30\x20\x30\x20\x32\x34\x20\x32\x34\
\x22\x20\x66\x69\x6c\x6c\x3d\x22\x6e\x6f\x6e\x65\x22\x20\x73\x74\
\x72\x6f\x6b\x65\x3d\x22\x63\x75\x72\x72\x65\x6e\x74\x43\x6f\x6c\
\x6f\x72\x22\x20\x73\x74\x72\x6f\x6b\x65\x2d\x77\x69\x64\x74\x68\
\x3d\x22\x31\x2e\x35\x22\x20\x73\x74\x72\x6f\x6b\x65\x2d\x6c\x69\
\x6e\x65\x63\x61\x70\x3d\x22\x72\x6f\x75\x6e\x64\x22\x20\x73\x74\
\x72\x6f\x6b\x65\x2d\x6c\x69\x6e\x65\x6a\x6f\x69\x6e\x3d\x22\x72\
\x6f\x75\x6e\x64\x22\x20\x63\x6c\x61\x73\x73\x3d\x22\x66\x65\x61\
\x74\x68\x65\x72\x20\x66\x65\x61\x74\x68\x65\x72\x2d\x63\x6c\x6f\
\x75\x64\x2d\x72\x61\x69\x6e\x22\x3e\x3c\x6c\x69\x6e\x65\x20\x78\
\x31\x3d\x22\x31\x36\x22\x20\x79\x31\x3d\x22\x31\x33\x22\x20\x78\
\x32\x3d\x22\x31\x36\x22\x20\x79\x32\x3d\x22\x32\x31\x22\x3e\x3c\
\x2f\x6c\x69\x6e\x65\x3e\x3c\x6c\x69\x6e\x65\x20\x78\x31\x3d\x22\
\x38\x22\x20\x79\x31\x3d\x22\x31\x33\x22\x20\x78\x32\x3d\x22\x38\
\x22\x20\x79\x32\x3d\x22\x32\x31\x22\x3e\x3c\x2f\x6c\x69\x6e\x65\
\x3e\x3c\x6c\x69\x6e\x65\x20\x78\x31\x3d\x22\x31\x32\x22\x20\x79\
\x31\x3d\x22\x31\x35\x22\x20\x78\x32\x3d\x22\x31\x32\x22\x20\x79\
\x32\x3d\x22\x32\x33\x22\x3e\x3c\x2f\x6c\x69\x6e\x65\x3e\x3c\x70\
\x61\x74\x68\x20\x64\x3d\x22\x4d\x32\x30\x20\x31\x36\x2e\x35\x38\
\x41\x35\x20\x35\x20\x30\x20\x30\x20\x30\x20\x31\x38\x20\x37\x68\
\x2d\x31\x2e\x32\x36\x41\x38\x20\x38\x20\x30\x20\x31\x20\x30\x20\
\x34\x20\x31\x35\x2e\x32\x35\x22\x3e\x3c\x2f\x70\x61\x74\x68\x3e\
\x3c\x2f\x73\x76\x67\x3e\
\x00\x00\x01\x40\
\x3c\
\x73\x76\x67\x20\x78\x6d\x6c\x6e\x73\x3d\x22\x68\x74\x74\x70\x3a\
\x2f\x2f\x77\x77\x77\x2e\x77\x33\x2e\x6f\x72\x67\x2f\x32\x30\x30\
\x30\x2f\x73\x76\x67\x22\x20\x77\x69\x64\x74\x68\x3d\x22\x38\x30\
\x22\x20\x68\x65\x69\x67\x68\x74\x3d\x22\x38\x30\x22\x20\x76\x69\
\x65\x77\x42\x6f\x78\x3d\x22\x30\x20\x30\x20\x32\x34\x20\x32\x34\
\x22\x20\x66\x69\x6c\x6c\x3d\x22\x6e\x6f\x6e\x65\x22\x20\x73\x74\
\x72\x6f\x6b\x65\x3d\x22\x63\x75\x72\x72\x65\x6e\x74\x43\x6f\x6c\
\x6f\x72\x22\x20\x73\x74\x72\x6f\x6b\x65\x2d\x77\x69\x64\x74\x68\
\x3d\x22\x31\x2e\x35\x22\x20\x73\x74\x72\x6f\x6b\x65\x2d\x6c\x69\
\x6e\x65\x63\x61\x70\x3d\x22\x72\x6f\x75\x6e\x64\x22\x20\x73\x74\
\x72\x6f\x6b\x65\x2d\x6c\x69\x6e\x65\x6a\x6f\x69\x6e\x3d\x22\x72\
\x6f\x75\x6e\x64\x22\x20\x63\x6c\x61\x73\x73\x3d\x22\x66\x65\x61\
\x74\x68\x65\x72\x20\x66\x65\x61\x74\x68\x65\x72\x2d\x63\x68\x65\
\x76\x72\x6f\x6e\x73\x2d\x6c\x65\x66\x74\x22\x3e\x3c\x70\x6f\x6c\
\x79\x6c\x69\x6e\x65\x20\x70\x6f\x69\x6e\x74\x73\x3d\x22\x31\x31\
\x20\x31\x37\x20\x36\x20\x31\x32\x20\x31\x31\x20\x37\x22\x3e\x3c\
\x2f\x70\x6f\x6c\x79\x6c\x69\x6e\x65\x3e\x3c\x70\x6f\x6c\x79\x6c\
\x69\x6e\x65\x20\x70\x6f\x69\x6e\x74\x73\x3d\x22\x31\x38\x20\x31\
\x37\x20\x31\x33\x20\x31\x32\x20\x31\x38\x20\x37\x22\x3e\x3c\x2f\
\x70\x6f\x6c\x79\x6c\x69\x6e\x65\x3e\x3c\x2f\x73\x76\x67\x3e\
"

qt_resource_name = b"\
\x00\x10\
\x0c\xef\xbc\x47\
\x00\x65\
\x00\x6c\x00\x65\x00\x63\x00\x74\x00\x72\x00\x69\x00\x63\x00\x2d\x00\x63\x00\x61\x00\x72\x00\x2e\x00\x73\x00\x76\x00\x67\
\x00\x05\
\x00\x6f\xa6\x53\
\x00\x69\
\x00\x63\x00\x6f\x00\x6e\x00\x73\
\x00\x08\
\x00\x4e\x54\xa7\
\x00\x6c\
\x00\x69\x00\x6e\x00\x6b\x00\x2e\x00\x73\x00\x76\x00\x67\
\x00\x08\
\x03\xc6\x54\x27\
\x00\x70\
\x00\x6c\x00\x75\x00\x73\x00\x2e\x00\x73\x00\x76\x00\x67\
\x00\x12\
\x0b\xd5\x61\xa7\
\x00\x63\
\x00\x6f\x00\x72\x00\x6e\x00\x65\x00\x72\x00\x2d\x00\x75\x00\x70\x00\x2d\x00\x6c\x00\x65\x00\x66\x00\x74\x00\x2e\x00\x73\x00\x76\
\x00\x67\
\x00\x0f\
\x00\x12\x37\xe7\
\x00\x74\
\x00\x6f\x00\x67\x00\x67\x00\x6c\x00\x65\x00\x2d\x00\x6c\x00\x65\x00\x66\x00\x74\x00\x2e\x00\x73\x00\x76\x00\x67\
\x00\x0b\
\x01\x31\x8d\xc7\
\x00\x73\
\x00\x70\x00\x65\x00\x61\x00\x6b\x00\x65\x00\x72\x00\x2e\x00\x73\x00\x76\x00\x67\
\x00\x0a\
\x02\xfc\x4f\xc7\
\x00\x69\
\x00\x74\x00\x61\x00\x6c\x00\x69\x00\x63\x00\x2e\x00\x73\x00\x76\x00\x67\
\x00\x08\
\x00\x68\x55\x47\
\x00\x74\
\x00\x79\x00\x70\x00\x65\x00\x2e\x00\x73\x00\x76\x00\x67\
\x00\x0c\
\x0b\xd5\x6d\xe7\
\x00\x66\
\x00\x61\x00\x63\x00\x65\x00\x62\x00\x6f\x00\x6f\x00\x6b\x00\x2e\x00\x73\x00\x76\x00\x67\
\x00\x09\
\x08\x97\x87\xa7\
\x00\x68\
\x00\x65\x00\x61\x00\x72\x00\x74\x00\x2e\x00\x73\x00\x76\x00\x67\
\x00\x0c\
\x05\x59\xaa\x47\
\x00\x74\
\x00\x72\x00\x69\x00\x61\x00\x6e\x00\x67\x00\x6c\x00\x65\x00\x2e\x00\x73\x00\x76\x00\x67\
\x00\x0e\
\x08\x18\x36\x27\
\x00\x75\
\x00\x73\x00\x65\x00\x72\x00\x2d\x00\x63\x00\x68\x00\x65\x00\x63\x00\x6b\x00\x2e\x00\x73\x00\x76\x00\x67\
\x00\x0d\
\x0d\x40\x63\x47\
\x00\x76\
\x00\x6f\x00\x69\x00\x63\x00\x65\x00\x6d\x00\x61\x00\x69\x00\x6c\x00\x2e\x00\x73\x00\x76\x00\x67\
\x00\x10\
\x06\xe6\xab\xe7\
\x00\x66\
\x00\x61\x00\x73\x00\x74\x00\x2d\x00\x66\x00\x6f\x00\x72\x00\x77\x00\x61\x00\x72\x00\x64\x00\x2e\x00\x73\x00\x76\x00\x67\
\x00\x0a\
\x0a\xc8\xfa\xa7\
\x00\x66\
\x00\x69\x00\x6c\x00\x74\x00\x65\x00\x72\x00\x2e\x00\x73\x00\x76\x00\x67\
\x00\x08\
\x08\xc8\x55\xe7\
\x00\x73\
\x00\x61\x00\x76\x00\x65\x00\x2e\x00\x73\x00\x76\x00\x67\
\x00\x0d\
\x04\x8a\x93\xa7\
\x00\x62\
\x00\x6f\x00\x6f\x00\x6b\x00\x2d\x00\x6f\x00\x70\x00\x65\x00\x6e\x00\x2e\x00\x73\x00\x76\x00\x67\
\x00\x08\
\x00\x96\x57\xa7\
\x00\x64\
\x00\x69\x00\x73\x00\x63\x00\x2e\x00\x73\x00\x76\x00\x67\
\x00\x09\
\x0b\x9e\xad\xe7\
\x00\x74\
\x00\x72\x00\x75\x00\x63\x00\x6b\x00\x2e\x00\x73\x00\x76\x00\x67\
\x00\x08\
\x00\x28\x57\x67\
\x00\x66\
\x00\x69\x00\x6c\x00\x65\x00\x2e\x00\x73\x00\x76\x00\x67\
\x00\x0a\
\x04\x0f\x31\x87\
\x00\x6c\
\x00\x6f\x00\x67\x00\x2d\x00\x69\x00\x6e\x00\x2e\x00\x73\x00\x76\x00\x67\
\x00\x06\
\x07\xb9\x5a\xc7\
\x00\x74\
\x00\x76\x00\x2e\x00\x73\x00\x76\x00\x67\
\x00\x08\
\x06\x61\x54\x47\
\x00\x6d\
\x00\x6f\x00\x6f\x00\x6e\x00\x2e\x00\x73\x00\x76\x00\x67\
\x00\x0e\
\x04\x1b\xd7\x87\
\x00\x72\
\x00\x65\x00\x66\x00\x72\x00\x65\x00\x73\x00\x68\x00\x2d\x00\x63\x00\x77\x00\x2e\x00\x73\x00\x76\x00\x67\
\x00\x0c\
\x0c\x87\x73\xa7\
\x00\x70\
\x00\x65\x00\x6e\x00\x2d\x00\x74\x00\x6f\x00\x6f\x00\x6c\x00\x2e\x00\x73\x00\x76\x00\x67\
\x00\x14\
\x03\xe7\x2c\x07\
\x00\x67\
\x00\x69\x00\x74\x00\x2d\x00\x70\x00\x75\x00\x6c\x00\x6c\x00\x2d\x00\x72\x00\x65\x00\x71\x00\x75\x00\x65\x00\x73\x00\x74\x00\x2e\
\x00\x73\x00\x76\x00\x67\
\x00\x12\
\x05\xdc\x73\x07\
\x00\x63\
\x00\x6f\x00\x72\x00\x6e\x00\x65\x00\x72\x00\x2d\x00\x6c\x00\x65\x00\x66\x00\x74\x00\x2d\x00\x75\x00\x70\x00\x2e\x00\x73\x00\x76\
\x00\x67\
\x00\x14\
\x07\x58\x53\x47\
\x00\x63\
\x00\x6f\x00\x72\x00\x6e\x00\x65\x00\x72\x00\x2d\x00\x64\x00\x6f\x00\x77\x00\x6e\x00\x2d\x00\x6c\x00\x65\x00\x66\x00\x74\x00\x2e\
\x00\x73\x00\x76\x00\x67\
\x00\x0a\
\x03\x41\x2b\x47\
\x00\x74\
\x00\x72\x00\x65\x00\x6c\x00\x6c\x00\x6f\x00\x2e\x00\x73\x00\x76\x00\x67\
\x00\x15\
\x0b\xac\xb2\x47\
\x00\x61\
\x00\x72\x00\x72\x00\x6f\x00\x77\x00\x2d\x00\x64\x00\x6f\x00\x77\x00\x6e\x00\x2d\x00\x63\x00\x69\x00\x72\x00\x63\x00\x6c\x00\x65\
\x00\x2e\x00\x73\x00\x76\x00\x67\
\x00\x0c\
\x0b\xa9\x22\xa7\
\x00\x76\
\x00\x6f\x00\x6c\x00\x75\x00\x6d\x00\x65\x00\x2d\x00\x32\x00\x2e\x00\x73\x00\x76\x00\x67\
\x00\x0b\
\x00\x19\x49\x27\
\x00\x61\
\x00\x72\x00\x63\x00\x68\x00\x69\x00\x76\x00\x65\x00\x2e\x00\x73\x00\x76\x00\x67\
\x00\x0a\
\x0c\xca\x63\xe7\
\x00\x73\
\x00\x65\x00\x72\x00\x76\x00\x65\x00\x72\x00\x2e\x00\x73\x00\x76\x00\x67\
\x00\x0e\
\x05\x57\x29\xa7\
\x00\x73\
\x00\x6d\x00\x61\x00\x72\x00\x74\x00\x70\x00\x68\x00\x6f\x00\x6e\x00\x65\x00\x2e\x00\x73\x00\x76\x00\x67\
\x00\x07\
\x03\xf6\x5a\x27\
\x00\x6d\
\x00\x69\x00\x63\x00\x2e\x00\x73\x00\x76\x00\x67\
\x00\x11\
\x05\xcc\x2e\xc7\
\x00\x63\
\x00\x68\x00\x65\x00\x76\x00\x72\x00\x6f\x00\x6e\x00\x73\x00\x2d\x00\x64\x00\x6f\x00\x77\x00\x6e\x00\x2e\x00\x73\x00\x76\x00\x67\
\
\x00\x0a\
\x01\xc9\xb1\x87\
\x00\x70\
\x00\x6f\x00\x63\x00\x6b\x00\x65\x00\x74\x00\x2e\x00\x73\x00\x76\x00\x67\
\x00\x0a\
\x05\x95\xd0\xa7\
\x00\x75\
\x00\x6e\x00\x6c\x00\x6f\x00\x63\x00\x6b\x00\x2e\x00\x73\x00\x76\x00\x67\
\x00\x11\
\x0b\x9a\x48\x07\
\x00\x6d\
\x00\x6f\x00\x75\x00\x73\x00\x65\x00\x2d\x00\x70\x00\x6f\x00\x69\x00\x6e\x00\x74\x00\x65\x00\x72\x00\x2e\x00\x73\x00\x76\x00\x67\
\
\x00\x0c\
\x0b\xe7\x22\xa7\
\x00\x76\
\x00\x6f\x00\x6c\x00\x75\x00\x6d\x00\x65\x00\x2d\x00\x78\x00\x2e\x00\x73\x00\x76\x00\x67\
\x00\x0c\
\x0b\x26\x72\xc7\
\x00\x74\
\x00\x65\x00\x72\x00\x6d\x00\x69\x00\x6e\x00\x61\x00\x6c\x00\x2e\x00\x73\x00\x76\x00\x67\
\x00\x0a\
\x0f\x68\x53\xe7\
\x00\x61\
\x00\x6e\x00\x63\x00\x68\x00\x6f\x00\x72\x00\x2e\x00\x73\x00\x76\x00\x67\
\x00\x11\
\x0b\xfb\x70\x07\
\x00\x61\
\x00\x6c\x00\x69\x00\x67\x00\x6e\x00\x2d\x00\x6a\x00\x75\x00\x73\x00\x74\x00\x69\x00\x66\x00\x79\x00\x2e\x00\x73\x00\x76\x00\x67\
\
\x00\x0b\
\x0c\x62\x05\x87\
\x00\x73\
\x00\x6c\x00\x69\x00\x64\x00\x65\x00\x72\x00\x73\x00\x2e\x00\x73\x00\x76\x00\x67\
\x00\x08\
\x06\x5f\x55\xa7\
\x00\x74\
\x00\x6f\x00\x6f\x00\x6c\x00\x2e\x00\x73\x00\x76\x00\x67\
\x00\x09\
\x0d\xc5\xb4\x07\
\x00\x70\
\x00\x6f\x00\x77\x00\x65\x00\x72\x00\x2e\x00\x73\x00\x76\x00\x67\
\x00\x0a\
\x0a\x94\x26\xc7\
\x00\x74\
\x00\x77\x00\x69\x00\x74\x00\x63\x00\x68\x00\x2e\x00\x73\x00\x76\x00\x67\
\x00\x08\
\x06\x27\x57\xe7\
\x00\x62\
\x00\x6f\x00\x6c\x00\x64\x00\x2e\x00\x73\x00\x76\x00\x67\
\x00\x0e\
\x04\xfb\x0c\xe7\
\x00\x72\
\x00\x6f\x00\x74\x00\x61\x00\x74\x00\x65\x00\x2d\x00\x63\x00\x63\x00\x77\x00\x2e\x00\x73\x00\x76\x00\x67\
\x00\x08\
\x0f\xcc\x55\x67\
\x00\x77\
\x00\x69\x00\x66\x00\x69\x00\x2e\x00\x73\x00\x76\x00\x67\
\x00\x08\
\x05\x9e\x54\xa7\
\x00\x6c\
\x00\x6f\x00\x63\x00\x6b\x00\x2e\x00\x73\x00\x76\x00\x67\
\x00\x11\
\x02\xc6\x2c\x87\
\x00\x74\
\x00\x72\x00\x65\x00\x6e\x00\x64\x00\x69\x00\x6e\x00\x67\x00\x2d\x00\x64\x00\x6f\x00\x77\x00\x6e\x00\x2e\x00\x73\x00\x76\x00\x67\
\
\x00\x09\
\x08\x9b\xae\x87\
\x00\x73\
\x00\x6c\x00\x61\x00\x73\x00\x68\x00\x2e\x00\x73\x00\x76\x00\x67\
\x00\x12\
\x0e\xff\xae\x67\
\x00\x6d\
\x00\x65\x00\x73\x00\x73\x00\x61\x00\x67\x00\x65\x00\x2d\x00\x73\x00\x71\x00\x75\x00\x61\x00\x72\x00\x65\x00\x2e\x00\x73\x00\x76\
\x00\x67\
\x00\x08\
\x0a\x85\x55\x87\
\x00\x73\
\x00\x74\x00\x61\x00\x72\x00\x2e\x00\x73\x00\x76\x00\x67\
\x00\x0a\
\x02\xc8\x15\xe7\
\x00\x74\
\x00\x61\x00\x62\x00\x6c\x00\x65\x00\x74\x00\x2e\x00\x73\x00\x76\x00\x67\
\x00\x0b\
\x0e\x3e\x2b\x87\
\x00\x77\
\x00\x65\x00\x61\x00\x74\x00\x68\x00\x65\x00\x72\x00\x2e\x00\x73\x00\x76\x00\x67\
\x00\x12\
\x06\xfe\x84\x87\
\x00\x70\
\x00\x68\x00\x6f\x00\x6e\x00\x65\x00\x2d\x00\x69\x00\x6e\x00\x63\x00\x6f\x00\x6d\x00\x69\x00\x6e\x00\x67\x00\x2e\x00\x73\x00\x76\
\x00\x67\
\x00\x08\
\x08\x9b\x57\x07\
\x00\x68\
\x00\x61\x00\x73\x00\x68\x00\x2e\x00\x73\x00\x76\x00\x67\
\x00\x0c\
\x09\x43\x1b\xc7\
\x00\x78\
\x00\x2d\x00\x63\x00\x69\x00\x72\x00\x63\x00\x6c\x00\x65\x00\x2e\x00\x73\x00\x76\x00\x67\
\x00\x0f\
\x09\xb0\x5e\x67\
\x00\x64\
\x00\x6f\x00\x6c\x00\x6c\x00\x61\x00\x72\x00\x2d\x00\x73\x00\x69\x00\x67\x00\x6e\x00\x2e\x00\x73\x00\x76\x00\x67\
\x00\x10\
\x0c\x46\x2a\x67\
\x00\x75\
\x00\x70\x00\x6c\x00\x6f\x00\x61\x00\x64\x00\x2d\x00\x63\x00\x6c\x00\x6f\x00\x75\x00\x64\x00\x2e\x00\x73\x00\x76\x00\x67\
\x00\x09\
\x00\x28\xae\x47\
\x00\x73\
\x00\x6d\x00\x69\x00\x6c\x00\x65\x00\x2e\x00\x73\x00\x76\x00\x67\
\x00\x08\
\x06\x7c\x57\x87\
\x00\x63\
\x00\x6f\x00\x70\x00\x79\x00\x2e\x00\x73\x00\x76\x00\x67\
\x00\x0d\
\x08\xd5\xc9\x67\
\x00\x75\
\x00\x6e\x00\x64\x00\x65\x00\x72\x00\x6c\x00\x69\x00\x6e\x00\x65\x00\x2e\x00\x73\x00\x76\x00\x67\
\x00\x0c\
\x06\xeb\x9a\x67\
\x00\x7a\
\x00\x6f\x00\x6f\x00\x6d\x00\x2d\x00\x6f\x00\x75\x00\x74\x00\x2e\x00\x73\x00\x76\x00\x67\
\x00\x0f\
\x03\xec\xf6\xe7\
\x00\x74\
\x00\x68\x00\x65\x00\x72\x00\x6d\x00\x6f\x00\x6d\x00\x65\x00\x74\x00\x65\x00\x72\x00\x2e\x00\x73\x00\x76\x00\x67\
\x00\x0a\
\x05\x78\xd4\xa7\
\x00\x75\
\x00\x70\x00\x6c\x00\x6f\x00\x61\x00\x64\x00\x2e\x00\x73\x00\x76\x00\x67\
\x00\x0d\
\x01\x95\x5d\xc7\
\x00\x6c\
\x00\x69\x00\x66\x00\x65\x00\x2d\x00\x62\x00\x75\x00\x6f\x00\x79\x00\x2e\x00\x73\x00\x76\x00\x67\
\x00\x0f\
\x0f\xe6\x17\xc7\
\x00\x63\
\x00\x72\x00\x65\x00\x64\x00\x69\x00\x74\x00\x2d\x00\x63\x00\x61\x00\x72\x00\x64\x00\x2e\x00\x73\x00\x76\x00\x67\
\x00\x0b\
\x0c\xba\xcb\xe7\
\x00\x70\
\x00\x65\x00\x72\x00\x63\x00\x65\x00\x6e\x00\x74\x00\x2e\x00\x73\x00\x76\x00\x67\
\x00\x07\
\x0a\x7a\x5a\x27\
\x00\x74\
\x00\x61\x00\x67\x00\x2e\x00\x73\x00\x76\x00\x67\
\x00\x09\
\x09\x6b\xba\x47\
\x00\x69\
\x00\x6e\x00\x62\x00\x6f\x00\x78\x00\x2e\x00\x73\x00\x76\x00\x67\
\x00\x0e\
\x0a\xe6\x40\x47\
\x00\x70\
\x00\x68\x00\x6f\x00\x6e\x00\x65\x00\x2d\x00\x63\x00\x61\x00\x6c\x00\x6c\x00\x2e\x00\x73\x00\x76\x00\x67\
\x00\x0c\
\x04\xa1\xf9\xa7\
\x00\x6c\
\x00\x69\x00\x6e\x00\x6b\x00\x65\x00\x64\x00\x69\x00\x6e\x00\x2e\x00\x73\x00\x76\x00\x67\
\x00\x08\
\x0f\xd7\x57\x67\
\x00\x67\
\x00\x69\x00\x66\x00\x74\x00\x2e\x00\x73\x00\x76\x00\x67\
\x00\x0a\
\x00\x48\x43\x07\
\x00\x72\
\x00\x65\x00\x77\x00\x69\x00\x6e\x00\x64\x00\x2e\x00\x73\x00\x76\x00\x67\
\x00\x0a\
\x0f\xb8\x9b\x87\
\x00\x67\
\x00\x69\x00\x74\x00\x68\x00\x75\x00\x62\x00\x2e\x00\x73\x00\x76\x00\x67\
\x00\x0c\
\x01\x8d\xc9\xa7\
\x00\x61\
\x00\x70\x00\x65\x00\x72\x00\x74\x00\x75\x00\x72\x00\x65\x00\x2e\x00\x73\x00\x76\x00\x67\
\x00\x0a\
\x0a\xc8\xf6\x87\
\x00\x66\
\x00\x6f\x00\x6c\x00\x64\x00\x65\x00\x72\x00\x2e\x00\x73\x00\x76\x00\x67\
\x00\x0e\
\x06\x0c\x07\x87\
\x00\x61\
\x00\x72\x00\x72\x00\x6f\x00\x77\x00\x2d\x00\x64\x00\x6f\x00\x77\x00\x6e\x00\x2e\x00\x73\x00\x76\x00\x67\
\x00\x0b\
\x0b\x8d\x90\xc7\
\x00\x6d\
\x00\x6f\x00\x6e\x00\x69\x00\x74\x00\x6f\x00\x72\x00\x2e\x00\x73\x00\x76\x00\x67\
\x00\x0a\
\x06\xc9\x08\xc7\
\x00\x6c\
\x00\x61\x00\x79\x00\x6f\x00\x75\x00\x74\x00\x2e\x00\x73\x00\x76\x00\x67\
\x00\x0d\
\x0c\xea\x0f\xc7\
\x00\x78\
\x00\x2d\x00\x6f\x00\x63\x00\x74\x00\x61\x00\x67\x00\x6f\x00\x6e\x00\x2e\x00\x73\x00\x76\x00\x67\
\x00\x0a\
\x0c\xad\x02\x87\
\x00\x64\
\x00\x65\x00\x6c\x00\x65\x00\x74\x00\x65\x00\x2e\x00\x73\x00\x76\x00\x67\
\x00\x09\
\x09\x28\xae\x27\
\x00\x74\
\x00\x61\x00\x62\x00\x6c\x00\x65\x00\x2e\x00\x73\x00\x76\x00\x67\
\x00\x15\
\x0c\x6d\xbc\xc7\
\x00\x63\
\x00\x6f\x00\x72\x00\x6e\x00\x65\x00\x72\x00\x2d\x00\x72\x00\x69\x00\x67\x00\x68\x00\x74\x00\x2d\x00\x64\x00\x6f\x00\x77\x00\x6e\
\x00\x2e\x00\x73\x00\x76\x00\x67\
\x00\x0c\
\x0c\x51\x3b\x67\
\x00\x61\
\x00\x63\x00\x74\x00\x69\x00\x76\x00\x69\x00\x74\x00\x79\x00\x2e\x00\x73\x00\x76\x00\x67\
\x00\x07\
\x0a\x78\x5a\x07\
\x00\x63\
\x00\x70\x00\x75\x00\x2e\x00\x73\x00\x76\x00\x67\
\x00\x10\
\x06\xc0\xab\x27\
\x00\x73\
\x00\x68\x00\x6f\x00\x70\x00\x70\x00\x69\x00\x6e\x00\x67\x00\x2d\x00\x62\x00\x61\x00\x67\x00\x2e\x00\x73\x00\x76\x00\x67\
\x00\x0f\
\x0f\x22\x69\x47\
\x00\x61\
\x00\x72\x00\x72\x00\x6f\x00\x77\x00\x2d\x00\x72\x00\x69\x00\x67\x00\x68\x00\x74\x00\x2e\x00\x73\x00\x76\x00\x67\
\x00\x0e\
\x05\xb0\x78\xa7\
\x00\x63\
\x00\x61\x00\x6d\x00\x65\x00\x72\x00\x61\x00\x2d\x00\x6f\x00\x66\x00\x66\x00\x2e\x00\x73\x00\x76\x00\x67\
\x00\x12\
\x0b\x20\xfd\x47\
\x00\x63\
\x00\x68\x00\x65\x00\x76\x00\x72\x00\x6f\x00\x6e\x00\x73\x00\x2d\x00\x72\x00\x69\x00\x67\x00\x68\x00\x74\x00\x2e\x00\x73\x00\x76\
\x00\x67\
\x00\x0b\
\x06\x21\xee\x47\
\x00\x6c\
\x00\x6f\x00\x67\x00\x2d\x00\x6f\x00\x75\x00\x74\x00\x2e\x00\x73\x00\x76\x00\x67\
\x00\x0d\
\x08\x25\xcb\x07\
\x00\x70\
\x00\x68\x00\x6f\x00\x6e\x00\x65\x00\x2d\x00\x6f\x00\x66\x00\x66\x00\x2e\x00\x73\x00\x76\x00\x67\
\x00\x0b\
\x0b\xf2\x4b\xe7\
\x00\x74\
\x00\x72\x00\x61\x00\x73\x00\x68\x00\x2d\x00\x32\x00\x2e\x00\x73\x00\x76\x00\x67\
\x00\x0a\
\x0c\x28\x67\x27\
\x00\x73\
\x00\x68\x00\x69\x00\x65\x00\x6c\x00\x64\x00\x2e\x00\x73\x00\x76\x00\x67\
\x00\x0b\
\x08\x76\xaf\xa7\
\x00\x73\
\x00\x69\x00\x64\x00\x65\x00\x62\x00\x61\x00\x72\x00\x2e\x00\x73\x00\x76\x00\x67\
\x00\x09\
\x07\x9e\xae\x87\
\x00\x73\
\x00\x6c\x00\x61\x00\x63\x00\x6b\x00\x2e\x00\x73\x00\x76\x00\x67\
\x00\x0a\
\x0c\xbd\x11\x47\
\x00\x63\
\x00\x6f\x00\x66\x00\x66\x00\x65\x00\x65\x00\x2e\x00\x73\x00\x76\x00\x67\
\x00\x0d\
\x01\x3b\x29\x67\
\x00\x74\
\x00\x68\x00\x75\x00\x6d\x00\x62\x00\x73\x00\x2d\x00\x75\x00\x70\x00\x2e\x00\x73\x00\x76\x00\x67\
\x00\x11\
\x0e\x8a\xbc\x47\
\x00\x61\
\x00\x6c\x00\x65\x00\x72\x00\x74\x00\x2d\x00\x6f\x00\x63\x00\x74\x00\x61\x00\x67\x00\x6f\x00\x6e\x00\x2e\x00\x73\x00\x76\x00\x67\
\
\x00\x09\
\x0b\x02\xaa\x27\
\x00\x72\
\x00\x61\x00\x64\x00\x69\x00\x6f\x00\x2e\x00\x73\x00\x76\x00\x67\
\x00\x08\
\x06\xc8\x54\x47\
\x00\x6d\
\x00\x6f\x00\x76\x00\x65\x00\x2e\x00\x73\x00\x76\x00\x67\
\x00\x11\
\x0e\xed\x5f\x27\
\x00\x61\
\x00\x72\x00\x72\x00\x6f\x00\x77\x00\x2d\x00\x75\x00\x70\x00\x2d\x00\x6c\x00\x65\x00\x66\x00\x74\x00\x2e\x00\x73\x00\x76\x00\x67\
\
\x00\x11\
\x0d\x25\x38\x47\
\x00\x64\
\x00\x69\x00\x76\x00\x69\x00\x64\x00\x65\x00\x2d\x00\x73\x00\x71\x00\x75\x00\x61\x00\x72\x00\x65\x00\x2e\x00\x73\x00\x76\x00\x67\
\
\x00\x08\
\x06\x38\x57\x27\
\x00\x68\
\x00\x6f\x00\x6d\x00\x65\x00\x2e\x00\x73\x00\x76\x00\x67\
\x00\x0f\
\x0b\xa3\x47\x67\
\x00\x70\
\x00\x6c\x00\x61\x00\x79\x00\x2d\x00\x63\x00\x69\x00\x72\x00\x63\x00\x6c\x00\x65\x00\x2e\x00\x73\x00\x76\x00\x67\
\x00\x10\
\x00\x57\x05\x67\
\x00\x66\
\x00\x6f\x00\x6c\x00\x64\x00\x65\x00\x72\x00\x2d\x00\x6d\x00\x69\x00\x6e\x00\x75\x00\x73\x00\x2e\x00\x73\x00\x76\x00\x67\
\x00\x0a\
\x09\xc8\x02\x67\
\x00\x73\
\x00\x75\x00\x6e\x00\x73\x00\x65\x00\x74\x00\x2e\x00\x73\x00\x76\x00\x67\
\x00\x0f\
\x02\x34\x6b\x87\
\x00\x61\
\x00\x6c\x00\x69\x00\x67\x00\x6e\x00\x2d\x00\x72\x00\x69\x00\x67\x00\x68\x00\x74\x00\x2e\x00\x73\x00\x76\x00\x67\
\x00\x0e\
\x06\x50\xc3\xe7\
\x00\x75\
\x00\x73\x00\x65\x00\x72\x00\x2d\x00\x6d\x00\x69\x00\x6e\x00\x75\x00\x73\x00\x2e\x00\x73\x00\x76\x00\x67\
\x00\x0b\
\x08\xf6\x8b\xc7\
\x00\x73\
\x00\x68\x00\x61\x00\x72\x00\x65\x00\x2d\x00\x32\x00\x2e\x00\x73\x00\x76\x00\x67\
\x00\x0e\
\x04\xe0\x02\xc7\
\x00\x67\
\x00\x69\x00\x74\x00\x2d\x00\x63\x00\x6f\x00\x6d\x00\x6d\x00\x69\x00\x74\x00\x2e\x00\x73\x00\x76\x00\x67\
\x00\x10\
\x0c\xdd\x10\xe7\
\x00\x61\
\x00\x6c\x00\x65\x00\x72\x00\x74\x00\x2d\x00\x63\x00\x69\x00\x72\x00\x63\x00\x6c\x00\x65\x00\x2e\x00\x73\x00\x76\x00\x67\
\x00\x0e\
\x05\x96\xc6\x07\
\x00\x66\
\x00\x69\x00\x6c\x00\x65\x00\x2d\x00\x6d\x00\x69\x00\x6e\x00\x75\x00\x73\x00\x2e\x00\x73\x00\x76\x00\x67\
\x00\x0a\
\x0a\xcb\x30\x27\
\x00\x6c\
\x00\x6f\x00\x61\x00\x64\x00\x65\x00\x72\x00\x2e\x00\x73\x00\x76\x00\x67\
\x00\x09\
\x06\xe1\x81\xe7\
\x00\x66\
\x00\x72\x00\x6f\x00\x77\x00\x6e\x00\x2e\x00\x73\x00\x76\x00\x67\
\x00\x0c\
\x09\xa2\x4f\x87\
\x00\x73\
\x00\x63\x00\x69\x00\x73\x00\x73\x00\x6f\x00\x72\x00\x73\x00\x2e\x00\x73\x00\x76\x00\x67\
\x00\x11\
\x04\xf8\x44\x27\
\x00\x73\
\x00\x68\x00\x6f\x00\x70\x00\x70\x00\x69\x00\x6e\x00\x67\x00\x2d\x00\x63\x00\x61\x00\x72\x00\x74\x00\x2e\x00\x73\x00\x76\x00\x67\
\
\x00\x0b\
\x05\x10\xaa\x47\
\x00\x65\
\x00\x79\x00\x65\x00\x2d\x00\x6f\x00\x66\x00\x66\x00\x2e\x00\x73\x00\x76\x00\x67\
\x00\x0a\
\x0e\x0b\x3a\x47\
\x00\x6c\
\x00\x69\x00\x6e\x00\x6b\x00\x2d\x00\x32\x00\x2e\x00\x73\x00\x76\x00\x67\
\x00\x10\
\x0d\xfd\xe1\x27\
\x00\x63\
\x00\x68\x00\x65\x00\x63\x00\x6b\x00\x2d\x00\x63\x00\x69\x00\x72\x00\x63\x00\x6c\x00\x65\x00\x2e\x00\x73\x00\x76\x00\x67\
\x00\x10\
\x06\xf8\x19\x87\
\x00\x61\
\x00\x6c\x00\x69\x00\x67\x00\x6e\x00\x2d\x00\x63\x00\x65\x00\x6e\x00\x74\x00\x65\x00\x72\x00\x2e\x00\x73\x00\x76\x00\x67\
\x00\x0a\
\x07\x08\x2c\xc7\
\x00\x65\
\x00\x64\x00\x69\x00\x74\x00\x2d\x00\x32\x00\x2e\x00\x73\x00\x76\x00\x67\
\x00\x0d\
\x04\xdc\xcd\xa7\
\x00\x62\
\x00\x6c\x00\x75\x00\x65\x00\x74\x00\x6f\x00\x6f\x00\x74\x00\x68\x00\x2e\x00\x73\x00\x76\x00\x67\
\x00\x09\
\x0c\x98\xb7\xc7\
\x00\x70\
\x00\x61\x00\x75\x00\x73\x00\x65\x00\x2e\x00\x73\x00\x76\x00\x67\
\x00\x0a\
\x07\x0b\x2c\xc7\
\x00\x65\
\x00\x64\x00\x69\x00\x74\x00\x2d\x00\x33\x00\x2e\x00\x73\x00\x76\x00\x67\
\x00\x07\
\x00\x83\x5b\xc7\
\x00\x7a\
\x00\x61\x00\x70\x00\x2e\x00\x73\x00\x76\x00\x67\
\x00\x10\
\x00\xe1\x39\xa7\
\x00\x63\
\x00\x68\x00\x65\x00\x76\x00\x72\x00\x6f\x00\x6e\x00\x2d\x00\x6c\x00\x65\x00\x66\x00\x74\x00\x2e\x00\x73\x00\x76\x00\x67\
\x00\x0c\
\x05\xa2\x9e\xa7\
\x00\x62\
\x00\x6f\x00\x6f\x00\x6b\x00\x6d\x00\x61\x00\x72\x00\x6b\x00\x2e\x00\x73\x00\x76\x00\x67\
\x00\x08\
\x08\xf7\x57\x07\
\x00\x67\
\x00\x72\x00\x69\x00\x64\x00\x2e\x00\x73\x00\x76\x00\x67\
\x00\x0b\
\x06\x26\x5c\x47\
\x00\x6d\
\x00\x61\x00\x70\x00\x2d\x00\x70\x00\x69\x00\x6e\x00\x2e\x00\x73\x00\x76\x00\x67\
\x00\x0e\
\x09\xe5\xc4\x27\
\x00\x6d\
\x00\x61\x00\x78\x00\x69\x00\x6d\x00\x69\x00\x7a\x00\x65\x00\x2d\x00\x32\x00\x2e\x00\x73\x00\x76\x00\x67\
\x00\x15\
\x09\x6f\xd5\xe7\
\x00\x61\
\x00\x72\x00\x72\x00\x6f\x00\x77\x00\x2d\x00\x6c\x00\x65\x00\x66\x00\x74\x00\x2d\x00\x63\x00\x69\x00\x72\x00\x63\x00\x6c\x00\x65\
\x00\x2e\x00\x73\x00\x76\x00\x67\
\x00\x0d\
\x09\x9d\x28\xa7\
\x00\x62\
\x00\x61\x00\x72\x00\x2d\x00\x63\x00\x68\x00\x61\x00\x72\x00\x74\x00\x2e\x00\x73\x00\x76\x00\x67\
\x00\x0c\
\x0b\xdf\x2c\xc7\
\x00\x73\
\x00\x65\x00\x74\x00\x74\x00\x69\x00\x6e\x00\x67\x00\x73\x00\x2e\x00\x73\x00\x76\x00\x67\
\x00\x0d\
\x05\x28\x08\xa7\
\x00\x63\
\x00\x72\x00\x6f\x00\x73\x00\x73\x00\x68\x00\x61\x00\x69\x00\x72\x00\x2e\x00\x73\x00\x76\x00\x67\
\x00\x0a\
\x08\x94\x6d\xc7\
\x00\x73\
\x00\x65\x00\x61\x00\x72\x00\x63\x00\x68\x00\x2e\x00\x73\x00\x76\x00\x67\
\x00\x09\
\x0a\xc2\xa3\x27\
\x00\x76\
\x00\x69\x00\x64\x00\x65\x00\x6f\x00\x2e\x00\x73\x00\x76\x00\x67\
\x00\x0f\
\x0e\xd2\xf6\x47\
\x00\x74\
\x00\x68\x00\x75\x00\x6d\x00\x62\x00\x73\x00\x2d\x00\x64\x00\x6f\x00\x77\x00\x6e\x00\x2e\x00\x73\x00\x76\x00\x67\
\x00\x0c\
\x08\xd1\x04\x47\
\x00\x62\
\x00\x65\x00\x6c\x00\x6c\x00\x2d\x00\x6f\x00\x66\x00\x66\x00\x2e\x00\x73\x00\x76\x00\x67\
\x00\x0b\
\x0e\xbc\xc6\x27\
\x00\x68\
\x00\x65\x00\x78\x00\x61\x00\x67\x00\x6f\x00\x6e\x00\x2e\x00\x73\x00\x76\x00\x67\
\x00\x0e\
\x01\xfe\xf6\x47\
\x00\x6e\
\x00\x61\x00\x76\x00\x69\x00\x67\x00\x61\x00\x74\x00\x69\x00\x6f\x00\x6e\x00\x2e\x00\x73\x00\x76\x00\x67\
\x00\x0f\
\x00\x50\xd7\x47\
\x00\x70\
\x00\x6c\x00\x75\x00\x73\x00\x2d\x00\x73\x00\x71\x00\x75\x00\x61\x00\x72\x00\x65\x00\x2e\x00\x73\x00\x76\x00\x67\
\x00\x08\
\x04\xd2\x54\xc7\
\x00\x69\
\x00\x6e\x00\x66\x00\x6f\x00\x2e\x00\x73\x00\x76\x00\x67\
\x00\x09\
\x0b\x9e\x89\x07\
\x00\x63\
\x00\x68\x00\x65\x00\x63\x00\x6b\x00\x2e\x00\x73\x00\x76\x00\x67\
\x00\x0b\
\x08\x72\x92\x07\
\x00\x63\
\x00\x6f\x00\x6d\x00\x70\x00\x61\x00\x73\x00\x73\x00\x2e\x00\x73\x00\x76\x00\x67\
\x00\x0f\
\x01\xb4\x32\xc7\
\x00\x73\
\x00\x6f\x00\x6c\x00\x61\x00\x72\x00\x2d\x00\x70\x00\x61\x00\x6e\x00\x65\x00\x6c\x00\x2e\x00\x70\x00\x6e\x00\x67\
\x00\x12\
\x06\x82\xb2\x47\
\x00\x64\
\x00\x6f\x00\x77\x00\x6e\x00\x6c\x00\x6f\x00\x61\x00\x64\x00\x2d\x00\x63\x00\x6c\x00\x6f\x00\x75\x00\x64\x00\x2e\x00\x73\x00\x76\
\x00\x67\
\x00\x10\
\x0e\x17\x06\x87\
\x00\x63\
\x00\x68\x00\x65\x00\x76\x00\x72\x00\x6f\x00\x6e\x00\x2d\x00\x64\x00\x6f\x00\x77\x00\x6e\x00\x2e\x00\x73\x00\x76\x00\x67\
\x00\x09\
\x07\xd8\xba\xa7\
\x00\x69\
\x00\x6d\x00\x61\x00\x67\x00\x65\x00\x2e\x00\x73\x00\x76\x00\x67\
\x00\x09\
\x08\x9b\xad\xc7\
\x00\x74\
\x00\x72\x00\x61\x00\x73\x00\x68\x00\x2e\x00\x73\x00\x76\x00\x67\
\x00\x0b\
\x04\xc8\x5c\x47\
\x00\x7a\
\x00\x61\x00\x70\x00\x2d\x00\x6f\x00\x66\x00\x66\x00\x2e\x00\x73\x00\x76\x00\x67\
\x00\x15\
\x05\x07\xd6\xa7\
\x00\x63\
\x00\x6f\x00\x72\x00\x6e\x00\x65\x00\x72\x00\x2d\x00\x64\x00\x6f\x00\x77\x00\x6e\x00\x2d\x00\x72\x00\x69\x00\x67\x00\x68\x00\x74\
\x00\x2e\x00\x73\x00\x76\x00\x67\
\x00\x0b\
\x00\x65\xd1\xe7\
\x00\x73\
\x00\x75\x00\x6e\x00\x72\x00\x69\x00\x73\x00\x65\x00\x2e\x00\x73\x00\x76\x00\x67\
\x00\x10\
\x00\x54\x0a\xc7\
\x00\x6d\
\x00\x69\x00\x6e\x00\x75\x00\x73\x00\x2d\x00\x73\x00\x71\x00\x75\x00\x61\x00\x72\x00\x65\x00\x2e\x00\x73\x00\x76\x00\x67\
\x00\x08\
\x06\x5e\x57\xe7\
\x00\x62\
\x00\x6f\x00\x6f\x00\x6b\x00\x2e\x00\x73\x00\x76\x00\x67\
\x00\x0b\
\x08\x93\x92\xa7\
\x00\x63\
\x00\x6f\x00\x6d\x00\x6d\x00\x61\x00\x6e\x00\x64\x00\x2e\x00\x73\x00\x76\x00\x67\
\x00\x0b\
\x0e\x1c\x2b\x87\
\x00\x66\
\x00\x65\x00\x61\x00\x74\x00\x68\x00\x65\x00\x72\x00\x2e\x00\x73\x00\x76\x00\x67\
\x00\x12\
\x01\x5e\x97\x47\
\x00\x61\
\x00\x6c\x00\x65\x00\x72\x00\x74\x00\x2d\x00\x74\x00\x72\x00\x69\x00\x61\x00\x6e\x00\x67\x00\x6c\x00\x65\x00\x2e\x00\x73\x00\x76\
\x00\x67\
\x00\x0d\
\x08\xcd\x14\xc7\
\x00\x69\
\x00\x6e\x00\x73\x00\x74\x00\x61\x00\x67\x00\x72\x00\x61\x00\x6d\x00\x2e\x00\x73\x00\x76\x00\x67\
\x00\x08\
\x00\x47\x55\x07\
\x00\x77\
\x00\x69\x00\x6e\x00\x64\x00\x2e\x00\x73\x00\x76\x00\x67\
\x00\x10\
\x0e\xa9\xd9\x27\
\x00\x6e\
\x00\x61\x00\x76\x00\x69\x00\x67\x00\x61\x00\x74\x00\x69\x00\x6f\x00\x6e\x00\x2d\x00\x32\x00\x2e\x00\x73\x00\x76\x00\x67\
\x00\x0a\
\x0a\x2d\x1b\xc7\
\x00\x63\
\x00\x69\x00\x72\x00\x63\x00\x6c\x00\x65\x00\x2e\x00\x73\x00\x76\x00\x67\
\x00\x0d\
\x01\xa4\x2a\xe7\
\x00\x63\
\x00\x6c\x00\x6f\x00\x75\x00\x64\x00\x2d\x00\x6f\x00\x66\x00\x66\x00\x2e\x00\x73\x00\x76\x00\x67\
\x00\x0e\
\x03\xc0\xa9\x07\
\x00\x63\
\x00\x6c\x00\x6f\x00\x75\x00\x64\x00\x2d\x00\x73\x00\x6e\x00\x6f\x00\x77\x00\x2e\x00\x73\x00\x76\x00\x67\
\x00\x0d\
\x0c\x3c\xdf\x27\
\x00\x76\
\x00\x69\x00\x64\x00\x65\x00\x6f\x00\x2d\x00\x6f\x00\x66\x00\x66\x00\x2e\x00\x73\x00\x76\x00\x67\
\x00\x12\
\x00\x55\xbe\x27\
\x00\x6d\
\x00\x65\x00\x73\x00\x73\x00\x61\x00\x67\x00\x65\x00\x2d\x00\x63\x00\x69\x00\x72\x00\x63\x00\x6c\x00\x65\x00\x2e\x00\x73\x00\x76\
\x00\x67\
\x00\x09\
\x06\x48\xb7\x27\
\x00\x70\
\x00\x68\x00\x6f\x00\x6e\x00\x65\x00\x2e\x00\x73\x00\x76\x00\x67\
\x00\x0f\
\x06\x43\x71\x07\
\x00\x73\
\x00\x74\x00\x6f\x00\x70\x00\x2d\x00\x63\x00\x69\x00\x72\x00\x63\x00\x6c\x00\x65\x00\x2e\x00\x73\x00\x76\x00\x67\
\x00\x10\
\x0b\x57\x71\x47\
\x00\x63\
\x00\x68\x00\x65\x00\x63\x00\x6b\x00\x2d\x00\x73\x00\x71\x00\x75\x00\x61\x00\x72\x00\x65\x00\x2e\x00\x73\x00\x76\x00\x67\
\x00\x08\
\x08\xa7\x57\xe7\
\x00\x63\
\x00\x61\x00\x73\x00\x74\x00\x2e\x00\x73\x00\x76\x00\x67\
\x00\x0b\
\x0a\x2a\x7a\x67\
\x00\x70\
\x00\x72\x00\x69\x00\x6e\x00\x74\x00\x65\x00\x72\x00\x2e\x00\x73\x00\x76\x00\x67\
\x00\x0c\
\x0a\x76\xc2\x47\
\x00\x77\
\x00\x69\x00\x66\x00\x69\x00\x2d\x00\x6f\x00\x66\x00\x66\x00\x2e\x00\x73\x00\x76\x00\x67\
\x00\x08\
\x0b\x07\x57\xa7\
\x00\x65\
\x00\x64\x00\x69\x00\x74\x00\x2e\x00\x73\x00\x76\x00\x67\
\x00\x0d\
\x03\xde\x3c\x27\
\x00\x73\
\x00\x6b\x00\x69\x00\x70\x00\x2d\x00\x62\x00\x61\x00\x63\x00\x6b\x00\x2e\x00\x73\x00\x76\x00\x67\
\x00\x13\
\x04\x79\xd6\x27\
\x00\x63\
\x00\x6f\x00\x72\x00\x6e\x00\x65\x00\x72\x00\x2d\x00\x72\x00\x69\x00\x67\x00\x68\x00\x74\x00\x2d\x00\x75\x00\x70\x00\x2e\x00\x73\
\x00\x76\x00\x67\
\x00\x0b\
\x06\x95\xef\x47\
\x00\x63\
\x00\x6f\x00\x64\x00\x65\x00\x70\x00\x65\x00\x6e\x00\x2e\x00\x73\x00\x76\x00\x67\
\x00\x0f\
\x0d\x70\x37\xa7\
\x00\x63\
\x00\x68\x00\x65\x00\x76\x00\x72\x00\x6f\x00\x6e\x00\x73\x00\x2d\x00\x75\x00\x70\x00\x2e\x00\x73\x00\x76\x00\x67\
\x00\x0a\
\x06\x3d\x65\xe7\
\x00\x63\
\x00\x68\x00\x72\x00\x6f\x00\x6d\x00\x65\x00\x2e\x00\x73\x00\x76\x00\x67\
\x00\x0a\
\x0c\x3b\xf6\xa7\
\x00\x76\
\x00\x6f\x00\x6c\x00\x75\x00\x6d\x00\x65\x00\x2e\x00\x73\x00\x76\x00\x67\
\x00\x11\
\x0e\xfb\xa3\xc7\
\x00\x63\
\x00\x6c\x00\x6f\x00\x75\x00\x64\x00\x2d\x00\x64\x00\x72\x00\x69\x00\x7a\x00\x7a\x00\x6c\x00\x65\x00\x2e\x00\x73\x00\x76\x00\x67\
\
\x00\x0a\
\x05\x44\xc9\x47\
\x00\x75\
\x00\x73\x00\x65\x00\x72\x00\x2d\x00\x78\x00\x2e\x00\x73\x00\x76\x00\x67\
\x00\x10\
\x00\xa9\x66\x07\
\x00\x70\
\x00\x68\x00\x6f\x00\x6e\x00\x65\x00\x2d\x00\x6d\x00\x69\x00\x73\x00\x73\x00\x65\x00\x64\x00\x2e\x00\x73\x00\x76\x00\x67\
\x00\x13\
\x0b\xbd\xc8\x87\
\x00\x70\
\x00\x68\x00\x6f\x00\x6e\x00\x65\x00\x2d\x00\x66\x00\x6f\x00\x72\x00\x77\x00\x61\x00\x72\x00\x64\x00\x65\x00\x64\x00\x2e\x00\x73\
\x00\x76\x00\x67\
\x00\x0d\
\x04\xda\xdc\xe7\
\x00\x67\
\x00\x69\x00\x74\x00\x2d\x00\x6d\x00\x65\x00\x72\x00\x67\x00\x65\x00\x2e\x00\x73\x00\x76\x00\x67\
\x00\x10\
\x02\xfe\x1a\xa7\
\x00\x6d\
\x00\x69\x00\x6e\x00\x75\x00\x73\x00\x2d\x00\x63\x00\x69\x00\x72\x00\x63\x00\x6c\x00\x65\x00\x2e\x00\x73\x00\x76\x00\x67\
\x00\x0d\
\x06\xf2\x52\x27\
\x00\x66\
\x00\x69\x00\x6c\x00\x65\x00\x2d\x00\x74\x00\x65\x00\x78\x00\x74\x00\x2e\x00\x73\x00\x76\x00\x67\
\x00\x12\
\x05\x2e\x94\x47\
\x00\x70\
\x00\x68\x00\x6f\x00\x6e\x00\x65\x00\x2d\x00\x6f\x00\x75\x00\x74\x00\x67\x00\x6f\x00\x69\x00\x6e\x00\x67\x00\x2e\x00\x73\x00\x76\
\x00\x67\
\x00\x0d\
\x0c\xe7\x89\xc7\
\x00\x63\
\x00\x6c\x00\x69\x00\x70\x00\x62\x00\x6f\x00\x61\x00\x72\x00\x64\x00\x2e\x00\x73\x00\x76\x00\x67\
\x00\x08\
\x0c\x47\x55\xe7\
\x00\x73\
\x00\x65\x00\x6e\x00\x64\x00\x2e\x00\x73\x00\x76\x00\x67\
\x00\x13\
\x0d\xd4\xf9\x27\
\x00\x63\
\x00\x6f\x00\x72\x00\x6e\x00\x65\x00\x72\x00\x2d\x00\x75\x00\x70\x00\x2d\x00\x72\x00\x69\x00\x67\x00\x68\x00\x74\x00\x2e\x00\x73\
\x00\x76\x00\x67\
\x00\x09\
\x05\x88\x86\xa7\
\x00\x67\
\x00\x6c\x00\x6f\x00\x62\x00\x65\x00\x2e\x00\x73\x00\x76\x00\x67\
\x00\x1d\
\x0b\xd4\x9c\x27\
\x00\x6e\
\x00\x6f\x00\x75\x00\x6e\x00\x2d\x00\x73\x00\x6f\x00\x6c\x00\x61\x00\x72\x00\x2d\x00\x65\x00\x6e\x00\x65\x00\x72\x00\x67\x00\x79\
\x00\x2d\x00\x33\x00\x30\x00\x30\x00\x30\x00\x36\x00\x31\x00\x39\x00\x2e\x00\x73\x00\x76\x00\x67\
\x00\x0f\
\x00\x42\xa0\xe7\
\x00\x68\
\x00\x65\x00\x6c\x00\x70\x00\x2d\x00\x63\x00\x69\x00\x72\x00\x63\x00\x6c\x00\x65\x00\x2e\x00\x73\x00\x76\x00\x67\
\x00\x0b\
\x0e\xca\x0e\x27\
\x00\x6f\
\x00\x63\x00\x74\x00\x61\x00\x67\x00\x6f\x00\x6e\x00\x2e\x00\x73\x00\x76\x00\x67\
\x00\x0b\
\x04\x82\x9d\x47\
\x00\x63\
\x00\x6f\x00\x6c\x00\x75\x00\x6d\x00\x6e\x00\x73\x00\x2e\x00\x73\x00\x76\x00\x67\
\x00\x11\
\x0e\x92\x78\x47\
\x00\x63\
\x00\x68\x00\x65\x00\x76\x00\x72\x00\x6f\x00\x6e\x00\x2d\x00\x72\x00\x69\x00\x67\x00\x68\x00\x74\x00\x2e\x00\x73\x00\x76\x00\x67\
\
\x00\x0f\
\x02\xb2\x8e\x47\
\x00\x72\
\x00\x65\x00\x66\x00\x72\x00\x65\x00\x73\x00\x68\x00\x2d\x00\x63\x00\x63\x00\x77\x00\x2e\x00\x73\x00\x76\x00\x67\
\x00\x0b\
\x05\x2e\xb6\x47\
\x00\x6d\
\x00\x69\x00\x63\x00\x2d\x00\x6f\x00\x66\x00\x66\x00\x2e\x00\x73\x00\x76\x00\x67\
\x00\x0c\
\x09\xd0\x77\x87\
\x00\x61\
\x00\x72\x00\x72\x00\x6f\x00\x77\x00\x2d\x00\x75\x00\x70\x00\x2e\x00\x73\x00\x76\x00\x67\
\x00\x08\
\x07\xff\x54\xa7\
\x00\x6d\
\x00\x61\x00\x69\x00\x6c\x00\x2e\x00\x73\x00\x76\x00\x67\
\x00\x08\
\x00\x30\x57\x67\
\x00\x66\
\x00\x69\x00\x6c\x00\x6d\x00\x2e\x00\x73\x00\x76\x00\x67\
\x00\x07\
\x03\x83\x5a\x27\
\x00\x6d\
\x00\x61\x00\x70\x00\x2e\x00\x73\x00\x76\x00\x67\
\x00\x0d\
\x01\x7f\x4f\xa7\
\x00\x72\
\x00\x6f\x00\x74\x00\x61\x00\x74\x00\x65\x00\x2d\x00\x63\x00\x77\x00\x2e\x00\x73\x00\x76\x00\x67\
\x00\x07\
\x09\x6b\x5a\x07\
\x00\x62\
\x00\x6f\x00\x78\x00\x2e\x00\x73\x00\x76\x00\x67\
\x00\x0f\
\x0c\xf8\xfa\xe7\
\x00\x63\
\x00\x6f\x00\x64\x00\x65\x00\x73\x00\x61\x00\x6e\x00\x64\x00\x62\x00\x6f\x00\x78\x00\x2e\x00\x73\x00\x76\x00\x67\
\x00\x0d\
\x09\xc3\x53\x87\
\x00\x66\
\x00\x69\x00\x6c\x00\x65\x00\x2d\x00\x70\x00\x6c\x00\x75\x00\x73\x00\x2e\x00\x73\x00\x76\x00\x67\
\x00\x0c\
\x08\x1a\x90\xa7\
\x00\x64\
\x00\x6f\x00\x77\x00\x6e\x00\x6c\x00\x6f\x00\x61\x00\x64\x00\x2e\x00\x73\x00\x76\x00\x67\
\x00\x0b\
\x0a\x88\x83\xa7\
\x00\x79\
\x00\x6f\x00\x75\x00\x74\x00\x75\x00\x62\x00\x65\x00\x2e\x00\x73\x00\x76\x00\x67\
\x00\x0c\
\x0b\xb0\x22\xa7\
\x00\x76\
\x00\x6f\x00\x6c\x00\x75\x00\x6d\x00\x65\x00\x2d\x00\x31\x00\x2e\x00\x73\x00\x76\x00\x67\
\x00\x07\
\x0a\xc1\x5a\x27\
\x00\x73\
\x00\x75\x00\x6e\x00\x2e\x00\x73\x00\x76\x00\x67\
\x00\x0a\
\x0b\x88\x42\x07\
\x00\x72\
\x00\x65\x00\x70\x00\x65\x00\x61\x00\x74\x00\x2e\x00\x73\x00\x76\x00\x67\
\x00\x0a\
\x02\x78\x9b\xa7\
\x00\x67\
\x00\x69\x00\x74\x00\x6c\x00\x61\x00\x62\x00\x2e\x00\x73\x00\x76\x00\x67\
\x00\x08\
\x0c\x2f\x57\xc7\
\x00\x62\
\x00\x65\x00\x6c\x00\x6c\x00\x2e\x00\x73\x00\x76\x00\x67\
\x00\x0e\
\x02\x34\x9f\xa7\
\x00\x68\
\x00\x65\x00\x61\x00\x64\x00\x70\x00\x68\x00\x6f\x00\x6e\x00\x65\x00\x73\x00\x2e\x00\x73\x00\x76\x00\x67\
\x00\x07\
\x0c\xf8\x5a\x07\
\x00\x65\
\x00\x79\x00\x65\x00\x2e\x00\x73\x00\x76\x00\x67\
\x00\x09\
\x08\x88\xa9\x07\
\x00\x73\
\x00\x68\x00\x61\x00\x72\x00\x65\x00\x2e\x00\x73\x00\x76\x00\x67\
\x00\x0e\
\x0e\x2b\x18\x87\
\x00\x61\
\x00\x6c\x00\x69\x00\x67\x00\x6e\x00\x2d\x00\x6c\x00\x65\x00\x66\x00\x74\x00\x2e\x00\x73\x00\x76\x00\x67\
\x00\x10\
\x0e\xe3\x01\x67\
\x00\x73\
\x00\x6b\x00\x69\x00\x70\x00\x2d\x00\x66\x00\x6f\x00\x72\x00\x77\x00\x61\x00\x72\x00\x64\x00\x2e\x00\x73\x00\x76\x00\x67\
\x00\x0f\
\x02\xe3\x47\x27\
\x00\x70\
\x00\x6c\x00\x75\x00\x73\x00\x2d\x00\x63\x00\x69\x00\x72\x00\x63\x00\x6c\x00\x65\x00\x2e\x00\x73\x00\x76\x00\x67\
\x00\x05\
\x00\x7b\x5a\xc7\
\x00\x78\
\x00\x2e\x00\x73\x00\x76\x00\x67\
\x00\x07\
\x03\xbb\x5a\x27\
\x00\x6d\
\x00\x65\x00\x68\x00\x2e\x00\x73\x00\x76\x00\x67\
\x00\x09\
\x0a\x9b\xa1\xc7\
\x00\x77\
\x00\x61\x00\x74\x00\x63\x00\x68\x00\x2e\x00\x73\x00\x76\x00\x67\
\x00\x07\
\x09\xa6\x5a\x27\
\x00\x72\
\x00\x73\x00\x73\x00\x2e\x00\x73\x00\x76\x00\x67\
\x00\x0a\
\x0c\x91\x6a\xa7\
\x00\x63\
\x00\x61\x00\x6d\x00\x65\x00\x72\x00\x61\x00\x2e\x00\x73\x00\x76\x00\x67\
\x00\x10\
\x01\xa1\x1c\x47\
\x00\x74\
\x00\x6f\x00\x67\x00\x67\x00\x6c\x00\x65\x00\x2d\x00\x72\x00\x69\x00\x67\x00\x68\x00\x74\x00\x2e\x00\x73\x00\x76\x00\x67\
\x00\x14\
\x0d\xa0\x58\x27\
\x00\x62\
\x00\x61\x00\x74\x00\x74\x00\x65\x00\x72\x00\x79\x00\x2d\x00\x63\x00\x68\x00\x61\x00\x72\x00\x67\x00\x69\x00\x6e\x00\x67\x00\x2e\
\x00\x73\x00\x76\x00\x67\
\x00\x0d\
\x0a\xfe\xf3\xc7\
\x00\x75\
\x00\x73\x00\x65\x00\x72\x00\x2d\x00\x70\x00\x6c\x00\x75\x00\x73\x00\x2e\x00\x73\x00\x76\x00\x67\
\x00\x11\
\x01\x37\xcd\x27\
\x00\x6d\
\x00\x6f\x00\x72\x00\x65\x00\x2d\x00\x76\x00\x65\x00\x72\x00\x74\x00\x69\x00\x63\x00\x61\x00\x6c\x00\x2e\x00\x73\x00\x76\x00\x67\
\
\x00\x0d\
\x0b\x8b\x22\x47\
\x00\x62\
\x00\x72\x00\x69\x00\x65\x00\x66\x00\x63\x00\x61\x00\x73\x00\x65\x00\x2e\x00\x73\x00\x76\x00\x67\
\x00\x14\
\x0a\x08\x9f\x87\
\x00\x63\
\x00\x6f\x00\x72\x00\x6e\x00\x65\x00\x72\x00\x2d\x00\x6c\x00\x65\x00\x66\x00\x74\x00\x2d\x00\x64\x00\x6f\x00\x77\x00\x6e\x00\x2e\
\x00\x73\x00\x76\x00\x67\
\x00\x16\
\x0e\x69\xe8\x07\
\x00\x61\
\x00\x72\x00\x72\x00\x6f\x00\x77\x00\x2d\x00\x72\x00\x69\x00\x67\x00\x68\x00\x74\x00\x2d\x00\x63\x00\x69\x00\x72\x00\x63\x00\x6c\
\x00\x65\x00\x2e\x00\x73\x00\x76\x00\x67\
\x00\x11\
\x0f\x8f\x28\x27\
\x00\x64\
\x00\x69\x00\x76\x00\x69\x00\x64\x00\x65\x00\x2d\x00\x63\x00\x69\x00\x72\x00\x63\x00\x6c\x00\x65\x00\x2e\x00\x73\x00\x76\x00\x67\
\
\x00\x0e\
\x01\xca\x36\x47\
\x00\x68\
\x00\x61\x00\x72\x00\x64\x00\x2d\x00\x64\x00\x72\x00\x69\x00\x76\x00\x65\x00\x2e\x00\x73\x00\x76\x00\x67\
\x00\x0f\
\x0c\x57\x3d\xa7\
\x00\x74\
\x00\x72\x00\x65\x00\x6e\x00\x64\x00\x69\x00\x6e\x00\x67\x00\x2d\x00\x75\x00\x70\x00\x2e\x00\x73\x00\x76\x00\x67\
\x00\x0a\
\x0c\x9c\x0b\x27\
\x00\x6c\
\x00\x61\x00\x79\x00\x65\x00\x72\x00\x73\x00\x2e\x00\x73\x00\x76\x00\x67\
\x00\x0e\
\x08\xa5\xc5\xc7\
\x00\x6d\
\x00\x69\x00\x6e\x00\x69\x00\x6d\x00\x69\x00\x7a\x00\x65\x00\x2d\x00\x32\x00\x2e\x00\x73\x00\x76\x00\x67\
\x00\x13\
\x0f\x16\xc9\x27\
\x00\x61\
\x00\x72\x00\x72\x00\x6f\x00\x77\x00\x2d\x00\x64\x00\x6f\x00\x77\x00\x6e\x00\x2d\x00\x6c\x00\x65\x00\x66\x00\x74\x00\x2e\x00\x73\
\x00\x76\x00\x67\
\x00\x08\
\x05\xa8\x57\x87\
\x00\x63\
\x00\x6f\x00\x64\x00\x65\x00\x2e\x00\x73\x00\x76\x00\x67\
\x00\x0d\
\x0e\x0e\xcb\xc7\
\x00\x70\
\x00\x61\x00\x70\x00\x65\x00\x72\x00\x63\x00\x6c\x00\x69\x00\x70\x00\x2e\x00\x73\x00\x76\x00\x67\
\x00\x07\
\x01\xcc\x5a\x27\
\x00\x6b\
\x00\x65\x00\x79\x00\x2e\x00\x73\x00\x76\x00\x67\
\x00\x08\
\x02\x8c\x54\x27\
\x00\x70\
\x00\x6c\x00\x61\x00\x79\x00\x2e\x00\x73\x00\x76\x00\x67\
\x00\x08\
\x02\x7a\x57\x67\
\x00\x66\
\x00\x6c\x00\x61\x00\x67\x00\x2e\x00\x73\x00\x76\x00\x67\
\x00\x0b\
\x0f\x31\xb3\xe7\
\x00\x61\
\x00\x74\x00\x2d\x00\x73\x00\x69\x00\x67\x00\x6e\x00\x2e\x00\x73\x00\x76\x00\x67\
\x00\x08\
\x0c\x58\x54\xa7\
\x00\x6d\
\x00\x65\x00\x6e\x00\x75\x00\x2e\x00\x73\x00\x76\x00\x67\
\x00\x0f\
\x0d\x77\x29\xe7\
\x00\x62\
\x00\x61\x00\x72\x00\x2d\x00\x63\x00\x68\x00\x61\x00\x72\x00\x74\x00\x2d\x00\x32\x00\x2e\x00\x73\x00\x76\x00\x67\
\x00\x10\
\x0d\x3e\xb8\xe7\
\x00\x70\
\x00\x61\x00\x75\x00\x73\x00\x65\x00\x2d\x00\x63\x00\x69\x00\x72\x00\x63\x00\x6c\x00\x65\x00\x2e\x00\x73\x00\x76\x00\x67\
\x00\x0c\
\x07\xb5\x02\x47\
\x00\x63\
\x00\x61\x00\x6c\x00\x65\x00\x6e\x00\x64\x00\x61\x00\x72\x00\x2e\x00\x73\x00\x76\x00\x67\
\x00\x11\
\x0f\x72\x49\xa7\
\x00\x65\
\x00\x78\x00\x74\x00\x65\x00\x72\x00\x6e\x00\x61\x00\x6c\x00\x2d\x00\x6c\x00\x69\x00\x6e\x00\x6b\x00\x2e\x00\x73\x00\x76\x00\x67\
\
\x00\x09\
\x05\xc6\xb2\xc7\
\x00\x6d\
\x00\x69\x00\x6e\x00\x75\x00\x73\x00\x2e\x00\x73\x00\x76\x00\x67\
\x00\x09\
\x05\x9e\x8e\xa7\
\x00\x63\
\x00\x6c\x00\x6f\x00\x63\x00\x6b\x00\x2e\x00\x73\x00\x76\x00\x67\
\x00\x13\
\x06\xff\x72\x07\
\x00\x6d\
\x00\x6f\x00\x72\x00\x65\x00\x2d\x00\x68\x00\x6f\x00\x72\x00\x69\x00\x7a\x00\x6f\x00\x6e\x00\x74\x00\x61\x00\x6c\x00\x2e\x00\x73\
\x00\x76\x00\x67\
\x00\x0c\
\x07\xf1\x0b\xa7\
\x00\x78\
\x00\x2d\x00\x73\x00\x71\x00\x75\x00\x61\x00\x72\x00\x65\x00\x2e\x00\x73\x00\x76\x00\x67\
\x00\x0b\
\x0a\x32\x9b\xa7\
\x00\x74\
\x00\x77\x00\x69\x00\x74\x00\x74\x00\x65\x00\x72\x00\x2e\x00\x73\x00\x76\x00\x67\
\x00\x0b\
\x03\x03\x96\xc7\
\x00\x7a\
\x00\x6f\x00\x6f\x00\x6d\x00\x2d\x00\x69\x00\x6e\x00\x2e\x00\x73\x00\x76\x00\x67\
\x00\x09\
\x06\x56\x87\xc3\
\x00\x69\
\x00\x63\x00\x6f\x00\x6e\x00\x73\x00\x2e\x00\x71\x00\x72\x00\x63\
\x00\x13\
\x04\x26\xb1\xa7\
\x00\x61\
\x00\x72\x00\x72\x00\x6f\x00\x77\x00\x2d\x00\x75\x00\x70\x00\x2d\x00\x63\x00\x69\x00\x72\x00\x63\x00\x6c\x00\x65\x00\x2e\x00\x73\
\x00\x76\x00\x67\
\x00\x0e\
\x09\x58\x6c\x87\
\x00\x63\
\x00\x68\x00\x65\x00\x76\x00\x72\x00\x6f\x00\x6e\x00\x2d\x00\x75\x00\x70\x00\x2e\x00\x73\x00\x76\x00\x67\
\x00\x0c\
\x0c\xa7\x6b\x47\
\x00\x75\
\x00\x6d\x00\x62\x00\x72\x00\x65\x00\x6c\x00\x6c\x00\x61\x00\x2e\x00\x73\x00\x76\x00\x67\
\x00\x0a\
\x08\x8b\x0b\xa7\
\x00\x73\
\x00\x71\x00\x75\x00\x61\x00\x72\x00\x65\x00\x2e\x00\x73\x00\x76\x00\x67\
\x00\x08\
\x09\x63\x57\x87\
\x00\x63\
\x00\x72\x00\x6f\x00\x70\x00\x2e\x00\x73\x00\x76\x00\x67\
\x00\x09\
\x08\x87\x8b\x67\
\x00\x61\
\x00\x77\x00\x61\x00\x72\x00\x64\x00\x2e\x00\x73\x00\x76\x00\x67\
\x00\x09\
\x09\xf6\xb3\x47\
\x00\x6d\
\x00\x75\x00\x73\x00\x69\x00\x63\x00\x2e\x00\x73\x00\x76\x00\x67\
\x00\x12\
\x0e\x57\x91\x87\
\x00\x61\
\x00\x72\x00\x72\x00\x6f\x00\x77\x00\x2d\x00\x75\x00\x70\x00\x2d\x00\x72\x00\x69\x00\x67\x00\x68\x00\x74\x00\x2e\x00\x73\x00\x76\
\x00\x67\
\x00\x0e\
\x04\x7c\x71\x47\
\x00\x67\
\x00\x69\x00\x74\x00\x2d\x00\x62\x00\x72\x00\x61\x00\x6e\x00\x63\x00\x68\x00\x2e\x00\x73\x00\x76\x00\x67\
\x00\x08\
\x09\xc5\x55\x47\
\x00\x75\
\x00\x73\x00\x65\x00\x72\x00\x2e\x00\x73\x00\x76\x00\x67\
\x00\x09\
\x0c\x96\xa3\xe7\
\x00\x75\
\x00\x73\x00\x65\x00\x72\x00\x73\x00\x2e\x00\x73\x00\x76\x00\x67\
\x00\x0f\
\x06\x9f\x47\xa7\
\x00\x66\
\x00\x6f\x00\x6c\x00\x64\x00\x65\x00\x72\x00\x2d\x00\x70\x00\x6c\x00\x75\x00\x73\x00\x2e\x00\x73\x00\x76\x00\x67\
\x00\x0a\
\x03\xc8\xeb\xc7\
\x00\x66\
\x00\x72\x00\x61\x00\x6d\x00\x65\x00\x72\x00\x2e\x00\x73\x00\x76\x00\x67\
\x00\x13\
\x05\x6b\x4c\x07\
\x00\x63\
\x00\x6c\x00\x6f\x00\x75\x00\x64\x00\x2d\x00\x6c\x00\x69\x00\x67\x00\x68\x00\x74\x00\x6e\x00\x69\x00\x6e\x00\x67\x00\x2e\x00\x73\
\x00\x76\x00\x67\
\x00\x0e\
\x08\x31\x0a\xa7\
\x00\x73\
\x00\x68\x00\x69\x00\x65\x00\x6c\x00\x64\x00\x2d\x00\x6f\x00\x66\x00\x66\x00\x2e\x00\x73\x00\x76\x00\x67\
\x00\x0d\
\x05\x67\x28\xc7\
\x00\x70\
\x00\x69\x00\x65\x00\x2d\x00\x63\x00\x68\x00\x61\x00\x72\x00\x74\x00\x2e\x00\x73\x00\x76\x00\x67\
\x00\x0e\
\x08\xfa\x38\xa7\
\x00\x61\
\x00\x72\x00\x72\x00\x6f\x00\x77\x00\x2d\x00\x6c\x00\x65\x00\x66\x00\x74\x00\x2e\x00\x73\x00\x76\x00\x67\
\x00\x0b\
\x02\x5c\x48\x27\
\x00\x61\
\x00\x69\x00\x72\x00\x70\x00\x6c\x00\x61\x00\x79\x00\x2e\x00\x73\x00\x76\x00\x67\
\x00\x0b\
\x07\x3c\xae\xe7\
\x00\x70\
\x00\x61\x00\x63\x00\x6b\x00\x61\x00\x67\x00\x65\x00\x2e\x00\x73\x00\x76\x00\x67\
\x00\x09\
\x06\xb7\x8e\xa7\
\x00\x63\
\x00\x6c\x00\x6f\x00\x75\x00\x64\x00\x2e\x00\x73\x00\x76\x00\x67\
\x00\x08\
\x00\xa7\x54\xa7\
\x00\x6c\
\x00\x69\x00\x73\x00\x74\x00\x2e\x00\x73\x00\x76\x00\x67\
\x00\x0c\
\x05\xc9\x15\xc7\
\x00\x64\
\x00\x61\x00\x74\x00\x61\x00\x62\x00\x61\x00\x73\x00\x65\x00\x2e\x00\x73\x00\x76\x00\x67\
\x00\x0a\
\x0d\xc8\x0b\xc7\
\x00\x74\
\x00\x61\x00\x72\x00\x67\x00\x65\x00\x74\x00\x2e\x00\x73\x00\x76\x00\x67\
\x00\x0a\
\x0f\xad\x3b\x47\
\x00\x64\
\x00\x69\x00\x76\x00\x69\x00\x64\x00\x65\x00\x2e\x00\x73\x00\x76\x00\x67\
\x00\x0b\
\x02\x10\x76\x27\
\x00\x64\
\x00\x72\x00\x6f\x00\x70\x00\x6c\x00\x65\x00\x74\x00\x2e\x00\x73\x00\x76\x00\x67\
\x00\x0c\
\x0f\x79\xba\x47\
\x00\x6d\
\x00\x61\x00\x78\x00\x69\x00\x6d\x00\x69\x00\x7a\x00\x65\x00\x2e\x00\x73\x00\x76\x00\x67\
\x00\x0b\
\x0d\xd7\xad\x47\
\x00\x73\
\x00\x68\x00\x75\x00\x66\x00\x66\x00\x6c\x00\x65\x00\x2e\x00\x73\x00\x76\x00\x67\
\x00\x0c\
\x0f\x88\xfa\x47\
\x00\x6d\
\x00\x69\x00\x6e\x00\x69\x00\x6d\x00\x69\x00\x7a\x00\x65\x00\x2e\x00\x73\x00\x76\x00\x67\
\x00\x14\
\x01\xef\x71\xa7\
\x00\x61\
\x00\x72\x00\x72\x00\x6f\x00\x77\x00\x2d\x00\x64\x00\x6f\x00\x77\x00\x6e\x00\x2d\x00\x72\x00\x69\x00\x67\x00\x68\x00\x74\x00\x2e\
\x00\x73\x00\x76\x00\x67\
\x00\x0b\
\x0c\x4d\x4d\x87\
\x00\x62\
\x00\x61\x00\x74\x00\x74\x00\x65\x00\x72\x00\x79\x00\x2e\x00\x73\x00\x76\x00\x67\
\x00\x09\
\x0e\x34\x83\x27\
\x00\x66\
\x00\x69\x00\x67\x00\x6d\x00\x61\x00\x2e\x00\x73\x00\x76\x00\x67\
\x00\x0c\
\x04\x59\xab\xc7\
\x00\x64\
\x00\x72\x00\x69\x00\x62\x00\x62\x00\x62\x00\x6c\x00\x65\x00\x2e\x00\x73\x00\x76\x00\x67\
\x00\x0e\
\x01\x57\xa9\x47\
\x00\x63\
\x00\x6c\x00\x6f\x00\x75\x00\x64\x00\x2d\x00\x72\x00\x61\x00\x69\x00\x6e\x00\x2e\x00\x73\x00\x76\x00\x67\
\x00\x11\
\x08\xba\x21\xe7\
\x00\x63\
\x00\x68\x00\x65\x00\x76\x00\x72\x00\x6f\x00\x6e\x00\x73\x00\x2d\x00\x6c\x00\x65\x00\x66\x00\x74\x00\x2e\x00\x73\x00\x76\x00\x67\
\
"

qt_resource_struct_v1 = b"\
\x00\x00\x00\x00\x00\x02\x00\x00\x00\x02\x00\x00\x00\x01\
\x00\x00\x00\x26\x00\x02\x00\x00\x01\x24\x00\x00\x00\x03\
\x00\x00\x00\x00\x00\x00\x00\x00\x00\x01\x00\x00\x00\x00\
\x00\x00\x00\x8c\x00\x00\x00\x00\x00\x01\x00\x00\x42\x05\
\x00\x00\x03\xbc\x00\x00\x00\x00\x00\x01\x00\x00\x67\x41\
\x00\x00\x02\x36\x00\x00\x00\x00\x00\x01\x00\x00\x56\x8f\
\x00\x00\x07\x50\x00\x00\x00\x00\x00\x01\x00\x00\xe4\x2f\
\x00\x00\x18\x80\x00\x00\x00\x00\x00\x01\x00\x02\x07\x48\
\x00\x00\x17\x88\x00\x00\x00\x00\x00\x01\x00\x01\xfc\x03\
\x00\x00\x13\x40\x00\x00\x00\x00\x00\x01\x00\x01\xbb\x3f\
\x00\x00\x08\xdc\x00\x00\x00\x00\x00\x01\x00\x00\xfa\x2c\
\x00\x00\x00\x36\x00\x00\x00\x00\x00\x01\x00\x00\x3e\x18\
\x00\x00\x11\x08\x00\x00\x00\x00\x00\x01\x00\x01\x65\xa1\
\x00\x00\x12\x82\x00\x00\x00\x00\x00\x01\x00\x01\xb2\x26\
\x00\x00\x13\xf8\x00\x00\x00\x00\x00\x01\x00\x01\xc3\xec\
\x00\x00\x0c\xaa\x00\x00\x00\x00\x00\x01\x00\x01\x2d\xcb\
\x00\x00\x12\x66\x00\x00\x00\x00\x00\x01\x00\x01\xaf\xd3\
\x00\x00\x00\xe6\x00\x00\x00\x00\x00\x01\x00\x00\x46\x24\
\x00\x00\x1a\x92\x00\x00\x00\x00\x00\x01\x00\x02\x27\x3a\
\x00\x00\x0f\x1c\x00\x00\x00\x00\x00\x01\x00\x01\x4c\xea\
\x00\x00\x02\x08\x00\x00\x00\x00\x00\x01\x00\x00\x53\xbd\
\x00\x00\x21\x54\x00\x00\x00\x00\x00\x01\x00\x02\x79\xbe\
\x00\x00\x15\xec\x00\x00\x00\x00\x00\x01\x00\x01\xdd\x7b\
\x00\x00\x0f\x30\x00\x00\x00\x00\x00\x01\x00\x01\x4e\x0a\
\x00\x00\x00\xb0\x00\x00\x00\x00\x00\x01\x00\x00\x43\x4e\
\x00\x00\x1b\x70\x00\x00\x00\x00\x00\x01\x00\x02\x33\x1e\
\x00\x00\x0b\xaa\x00\x00\x00\x00\x00\x01\x00\x01\x21\xce\
\x00\x00\x22\xb0\x00\x00\x00\x00\x00\x01\x00\x02\x8b\xb4\
\x00\x00\x12\xf6\x00\x00\x00\x00\x00\x01\x00\x01\xb7\xfb\
\x00\x00\x18\xaa\x00\x00\x00\x00\x00\x01\x00\x02\x0b\x13\
\x00\x00\x09\x10\x00\x00\x00\x00\x00\x01\x00\x00\xfd\x86\
\x00\x00\x07\xfa\x00\x00\x00\x00\x00\x01\x00\x00\xec\x6d\
\x00\x00\x1a\xfc\x00\x00\x00\x00\x00\x01\x00\x02\x2e\x84\
\x00\x00\x13\x96\x00\x00\x00\x00\x00\x01\x00\x01\xbe\xb0\
\x00\x00\x11\x76\x00\x00\x00\x00\x00\x01\x00\x01\x6a\xe5\
\x00\x00\x04\x50\x00\x00\x00\x00\x00\x01\x00\x00\x6e\xa2\
\x00\x00\x1c\x40\x00\x00\x00\x00\x00\x01\x00\x02\x3a\x1b\
\x00\x00\x1d\x24\x00\x00\x00\x00\x00\x01\x00\x02\x44\x40\
\x00\x00\x22\x30\x00\x00\x00\x00\x00\x01\x00\x02\x85\x48\
\x00\x00\x10\xe6\x00\x00\x00\x00\x00\x01\x00\x01\x64\x86\
\x00\x00\x21\xbc\x00\x00\x00\x00\x00\x01\x00\x02\x7f\xcf\
\x00\x00\x0c\xea\x00\x00\x00\x00\x00\x01\x00\x01\x31\x8c\
\x00\x00\x19\xd8\x00\x00\x00\x00\x00\x01\x00\x02\x1e\xbd\
\x00\x00\x21\x04\x00\x00\x00\x00\x00\x01\x00\x02\x75\x25\
\x00\x00\x19\xa8\x00\x00\x00\x00\x00\x01\x00\x02\x1b\x86\
\x00\x00\x1d\x4e\x00\x00\x00\x00\x00\x01\x00\x02\x46\xb3\
\x00\x00\x1d\x38\x00\x00\x00\x00\x00\x01\x00\x02\x45\xa6\
\x00\x00\x18\x0c\x00\x00\x00\x00\x00\x01\x00\x02\x01\x1a\
\x00\x00\x05\xf2\x00\x00\x00\x00\x00\x01\x00\x00\xc2\x07\
\x00\x00\x06\x72\x00\x00\x00\x00\x00\x01\x00\x00\xc7\x26\
\x00\x00\x1a\x6e\x00\x00\x00\x00\x00\x01\x00\x02\x25\xd5\
\x00\x00\x00\xcc\x00\x00\x00\x00\x00\x01\x00\x00\x44\xc2\
\x00\x00\x16\x5e\x00\x00\x00\x00\x00\x01\x00\x01\xe3\xac\
\x00\x00\x1e\xbc\x00\x00\x00\x00\x00\x01\x00\x02\x57\x5a\
\x00\x00\x03\x54\x00\x00\x00\x00\x00\x01\x00\x00\x62\xeb\
\x00\x00\x18\x96\x00\x00\x00\x00\x00\x01\x00\x02\x09\x98\
\x00\x00\x1a\xa2\x00\x00\x00\x00\x00\x01\x00\x02\x28\x6b\
\x00\x00\x13\xb6\x00\x00\x00\x00\x00\x01\x00\x01\xc0\x29\
\x00\x00\x00\x4c\x00\x00\x00\x00\x00\x01\x00\x00\x3f\x91\
\x00\x00\x20\x5a\x00\x00\x00\x00\x00\x01\x00\x02\x6e\x90\
\x00\x00\x14\xea\x00\x00\x00\x00\x00\x01\x00\x01\xd1\x1e\
\x00\x00\x02\xce\x00\x00\x00\x00\x00\x01\x00\x00\x5e\xe4\
\x00\x00\x07\xbc\x00\x00\x00\x00\x00\x01\x00\x00\xe9\xcb\
\x00\x00\x04\x14\x00\x00\x00\x00\x00\x01\x00\x00\x6b\xb7\
\x00\x00\x02\x4c\x00\x00\x00\x00\x00\x01\x00\x00\x57\xe6\
\x00\x00\x02\x8e\x00\x00\x00\x00\x00\x01\x00\x00\x5b\xc1\
\x00\x00\x1e\xf0\x00\x00\x00\x00\x00\x01\x00\x02\x5e\xca\
\x00\x00\x22\x92\x00\x00\x00\x00\x00\x01\x00\x02\x8a\x06\
\x00\x00\x15\x0a\x00\x00\x00\x00\x00\x01\x00\x01\xd2\x5d\
\x00\x00\x1f\xe6\x00\x00\x00\x00\x00\x01\x00\x02\x68\xa1\
\x00\x00\x17\xc8\x00\x00\x00\x00\x00\x01\x00\x01\xfe\xba\
\x00\x00\x01\xe8\x00\x00\x00\x00\x00\x01\x00\x00\x52\x64\
\x00\x00\x08\xa8\x00\x00\x00\x00\x00\x01\x00\x00\xf6\xaf\
\x00\x00\x12\x1a\x00\x00\x00\x00\x00\x01\x00\x01\xac\xd8\
\x00\x00\x11\x2c\x00\x00\x00\x00\x00\x01\x00\x01\x67\x1c\
\x00\x00\x16\x3e\x00\x00\x00\x00\x00\x01\x00\x01\xe2\x56\
\x00\x00\x0e\xca\x00\x00\x00\x00\x00\x01\x00\x01\x49\x39\
\x00\x00\x0d\x4c\x00\x00\x00\x00\x00\x01\x00\x01\x36\x55\
\x00\x00\x0e\x06\x00\x00\x00\x00\x00\x01\x00\x01\x40\x6e\
\x00\x00\x05\xa4\x00\x00\x00\x00\x00\x01\x00\x00\xbd\xe6\
\x00\x00\x12\x36\x00\x00\x00\x00\x00\x01\x00\x01\xae\x8f\
\x00\x00\x0e\x2e\x00\x00\x00\x00\x00\x01\x00\x01\x41\xf3\
\x00\x00\x10\x36\x00\x00\x00\x00\x00\x01\x00\x01\x5b\x88\
\x00\x00\x16\xa4\x00\x00\x00\x00\x00\x01\x00\x01\xe6\xc5\
\x00\x00\x18\x30\x00\x00\x00\x00\x00\x01\x00\x02\x02\xb0\
\x00\x00\x15\xd2\x00\x00\x00\x00\x00\x01\x00\x01\xdb\xe1\
\x00\x00\x03\xf2\x00\x00\x00\x00\x00\x01\x00\x00\x6a\x65\
\x00\x00\x01\x32\x00\x00\x00\x00\x00\x01\x00\x00\x4a\x38\
\x00\x00\x20\xc2\x00\x00\x00\x00\x00\x01\x00\x02\x72\xa6\
\x00\x00\x20\x74\x00\x00\x00\x00\x00\x01\x00\x02\x6f\xac\
\x00\x00\x07\xe0\x00\x00\x00\x00\x00\x01\x00\x00\xea\xfa\
\x00\x00\x17\x30\x00\x00\x00\x00\x00\x01\x00\x01\xed\x2f\
\x00\x00\x04\x6a\x00\x00\x00\x00\x00\x01\x00\x00\x70\x0e\
\x00\x00\x0d\x94\x00\x00\x00\x00\x00\x01\x00\x01\x39\x2b\
\x00\x00\x05\xdc\x00\x00\x00\x00\x00\x01\x00\x00\xc0\xc0\
\x00\x00\x1e\x3e\x00\x00\x00\x00\x00\x01\x00\x02\x51\xb3\
\x00\x00\x0f\x56\x00\x00\x00\x00\x00\x01\x00\x01\x4f\x1e\
\x00\x00\x1c\xee\x00\x00\x00\x00\x00\x01\x00\x02\x41\xa1\
\x00\x00\x0a\x9e\x00\x00\x00\x00\x00\x01\x00\x01\x11\x5b\
\x00\x00\x1e\x26\x00\x00\x00\x00\x00\x01\x00\x02\x50\xa8\
\x00\x00\x21\x6a\x00\x00\x00\x00\x00\x01\x00\x02\x7b\xa6\
\x00\x00\x04\x28\x00\x00\x00\x00\x00\x01\x00\x00\x6d\x5f\
\x00\x00\x02\xfc\x00\x00\x00\x00\x00\x01\x00\x00\x60\x6d\
\x00\x00\x09\x48\x00\x00\x00\x00\x00\x01\x00\x01\x01\x01\
\x00\x00\x0a\xea\x00\x00\x00\x00\x00\x01\x00\x01\x14\x26\
\x00\x00\x0f\x8a\x00\x00\x00\x00\x00\x01\x00\x01\x51\xdd\
\x00\x00\x05\x8e\x00\x00\x00\x00\x00\x01\x00\x00\xbc\x99\
\x00\x00\x0c\x70\x00\x00\x00\x00\x00\x01\x00\x01\x2b\x3a\
\x00\x00\x15\x76\x00\x00\x00\x00\x00\x01\x00\x01\xd6\xca\
\x00\x00\x14\x3a\x00\x00\x00\x00\x00\x01\x00\x01\xc7\xac\
\x00\x00\x14\x22\x00\x00\x00\x00\x00\x01\x00\x01\xc5\x9e\
\x00\x00\x0d\x0e\x00\x00\x00\x00\x00\x01\x00\x01\x33\x1f\
\x00\x00\x1e\xd8\x00\x01\x00\x00\x00\x01\x00\x02\x58\xed\
\x00\x00\x12\xa8\x00\x00\x00\x00\x00\x01\x00\x01\xb3\x76\
\x00\x00\x05\x46\x00\x00\x00\x00\x00\x01\x00\x00\xb8\xbc\
\x00\x00\x02\x78\x00\x00\x00\x00\x00\x01\x00\x00\x5a\xa2\
\x00\x00\x07\x68\x00\x00\x00\x00\x00\x01\x00\x00\xe5\xb9\
\x00\x00\x11\x9a\x00\x00\x00\x00\x00\x01\x00\x01\xa7\x5b\
\x00\x00\x15\x36\x00\x00\x00\x00\x00\x01\x00\x01\xd3\x9c\
\x00\x00\x20\x36\x00\x00\x00\x00\x00\x01\x00\x02\x6c\xf5\
\x00\x00\x21\x3c\x00\x00\x00\x00\x00\x01\x00\x02\x78\xa0\
\x00\x00\x0a\x54\x00\x00\x00\x00\x00\x01\x00\x01\x0e\xa1\
\x00\x00\x0c\x0a\x00\x00\x00\x00\x00\x01\x00\x01\x26\x67\
\x00\x00\x09\x86\x00\x00\x00\x00\x00\x01\x00\x01\x03\xb8\
\x00\x00\x0d\xd0\x00\x00\x00\x00\x00\x01\x00\x01\x3d\x20\
\x00\x00\x01\x92\x00\x00\x00\x00\x00\x01\x00\x00\x4e\x65\
\x00\x00\x07\x9e\x00\x00\x00\x00\x00\x01\x00\x00\xe8\x63\
\x00\x00\x16\x84\x00\x00\x00\x00\x00\x01\x00\x01\xe4\xe6\
\x00\x00\x0e\x8a\x00\x00\x00\x00\x00\x01\x00\x01\x46\x7c\
\x00\x00\x06\xa8\x00\x00\x00\x00\x00\x01\x00\x00\xdb\xcc\
\x00\x00\x1e\x56\x00\x00\x00\x00\x00\x01\x00\x02\x52\xe9\
\x00\x00\x0e\xb0\x00\x00\x00\x00\x00\x01\x00\x01\x48\x10\
\x00\x00\x0f\x02\x00\x00\x00\x00\x00\x01\x00\x01\x4b\xa7\
\x00\x00\x21\x20\x00\x00\x00\x00\x00\x01\x00\x02\x76\x95\
\x00\x00\x03\x26\x00\x00\x00\x00\x00\x01\x00\x00\x61\xab\
\x00\x00\x0b\x78\x00\x00\x00\x00\x00\x01\x00\x01\x1c\x1c\
\x00\x00\x1d\xe0\x00\x00\x00\x00\x00\x01\x00\x02\x4d\x7e\
\x00\x00\x02\x66\x00\x00\x00\x00\x00\x01\x00\x00\x59\x5c\
\x00\x00\x11\xea\x00\x00\x00\x00\x00\x01\x00\x01\xa9\xf7\
\x00\x00\x1e\x82\x00\x00\x00\x00\x00\x01\x00\x02\x54\x46\
\x00\x00\x18\x6a\x00\x00\x00\x00\x00\x01\x00\x02\x05\xe0\
\x00\x00\x01\x50\x00\x00\x00\x00\x00\x01\x00\x00\x4b\x84\
\x00\x00\x19\x22\x00\x00\x00\x00\x00\x01\x00\x02\x12\x67\
\x00\x00\x0b\x06\x00\x00\x00\x00\x00\x01\x00\x01\x15\x9b\
\x00\x00\x20\xa0\x00\x00\x00\x00\x00\x01\x00\x02\x71\x0b\
\x00\x00\x11\x5a\x00\x00\x00\x00\x00\x01\x00\x01\x69\x89\
\x00\x00\x0b\x5c\x00\x00\x00\x00\x00\x01\x00\x01\x1a\xd3\
\x00\x00\x1f\x8c\x00\x00\x00\x00\x00\x01\x00\x02\x64\xc9\
\x00\x00\x1a\x0e\x00\x00\x00\x00\x00\x01\x00\x02\x21\x90\
\x00\x00\x1f\x5c\x00\x00\x00\x00\x00\x01\x00\x02\x62\x6f\
\x00\x00\x12\xbe\x00\x00\x00\x00\x00\x01\x00\x01\xb4\xd5\
\x00\x00\x10\x56\x00\x00\x00\x00\x00\x01\x00\x01\x5d\x43\
\x00\x00\x01\x1a\x00\x00\x00\x00\x00\x01\x00\x00\x48\xbf\
\x00\x00\x06\xd2\x00\x00\x00\x00\x00\x01\x00\x00\xde\x3b\
\x00\x00\x12\x02\x00\x00\x00\x00\x00\x01\x00\x01\xab\x6e\
\x00\x00\x06\x1a\x00\x00\x00\x00\x00\x01\x00\x00\xc3\x58\
\x00\x00\x1c\xa0\x00\x00\x00\x00\x00\x01\x00\x02\x3e\xc6\
\x00\x00\x14\x84\x00\x00\x00\x00\x00\x01\x00\x01\xca\x46\
\x00\x00\x22\xd2\x00\x00\x00\x00\x00\x01\x00\x02\x8d\x5f\
\x00\x00\x01\xd2\x00\x00\x00\x00\x00\x01\x00\x00\x50\xd6\
\x00\x00\x13\x20\x00\x00\x00\x00\x00\x01\x00\x01\xb9\xa9\
\x00\x00\x10\xac\x00\x00\x00\x00\x00\x01\x00\x01\x61\x48\
\x00\x00\x07\x7e\x00\x00\x00\x00\x00\x01\x00\x00\xe7\x1e\
\x00\x00\x0d\x30\x00\x00\x00\x00\x00\x01\x00\x01\x34\x92\
\x00\x00\x0f\x74\x00\x00\x00\x00\x00\x01\x00\x01\x50\x43\
\x00\x00\x20\xe2\x00\x00\x00\x00\x00\x01\x00\x02\x73\xe7\
\x00\x00\x09\xda\x00\x00\x00\x00\x00\x01\x00\x01\x08\x42\
\x00\x00\x06\xe8\x00\x00\x00\x00\x00\x01\x00\x00\xdf\xc6\
\x00\x00\x1f\x1c\x00\x00\x00\x00\x00\x01\x00\x02\x60\x35\
\x00\x00\x1f\x76\x00\x00\x00\x00\x00\x01\x00\x02\x63\x8d\
\x00\x00\x18\xca\x00\x00\x00\x00\x00\x01\x00\x02\x0c\x5a\
\x00\x00\x08\x6e\x00\x00\x00\x00\x00\x01\x00\x00\xf2\xce\
\x00\x00\x0f\xc8\x00\x00\x00\x00\x00\x01\x00\x01\x54\xbb\
\x00\x00\x0f\xf8\x00\x00\x00\x00\x00\x01\x00\x01\x56\x28\
\x00\x00\x0d\xe8\x00\x00\x00\x00\x00\x01\x00\x01\x3e\xac\
\x00\x00\x1a\xce\x00\x00\x00\x00\x00\x01\x00\x02\x2b\xca\
\x00\x00\x07\x06\x00\x00\x00\x00\x00\x01\x00\x00\xe1\x26\
\x00\x00\x19\x02\x00\x00\x00\x00\x00\x01\x00\x02\x10\xb2\
\x00\x00\x20\x08\x00\x00\x00\x00\x00\x01\x00\x02\x6a\x20\
\x00\x00\x0c\xd0\x00\x00\x00\x00\x00\x01\x00\x01\x2f\x3a\
\x00\x00\x18\x4c\x00\x00\x00\x00\x00\x01\x00\x02\x04\xa4\
\x00\x00\x0f\xa6\x00\x00\x00\x00\x00\x01\x00\x01\x53\x25\
\x00\x00\x1f\xa4\x00\x00\x00\x00\x00\x01\x00\x02\x66\x14\
\x00\x00\x1b\xb8\x00\x00\x00\x00\x00\x01\x00\x02\x35\xd6\
\x00\x00\x14\x9a\x00\x00\x00\x00\x00\x01\x00\x01\xcb\xcf\
\x00\x00\x13\x7c\x00\x00\x00\x00\x00\x01\x00\x01\xbd\xa8\
\x00\x00\x1e\xa0\x00\x00\x00\x00\x00\x01\x00\x02\x55\xbc\
\x00\x00\x14\xb6\x00\x00\x00\x00\x00\x01\x00\x01\xcd\x6c\
\x00\x00\x0a\x40\x00\x00\x00\x00\x00\x01\x00\x01\x0c\x00\
\x00\x00\x08\x5a\x00\x00\x00\x00\x00\x01\x00\x00\xf1\x65\
\x00\x00\x06\x5c\x00\x00\x00\x00\x00\x01\x00\x00\xc5\xcd\
\x00\x00\x19\x40\x00\x00\x00\x00\x00\x01\x00\x02\x13\xdf\
\x00\x00\x05\x74\x00\x00\x00\x00\x00\x01\x00\x00\xbb\x7e\
\x00\x00\x1a\xb6\x00\x00\x00\x00\x00\x01\x00\x02\x29\xf6\
\x00\x00\x19\x7a\x00\x00\x00\x00\x00\x01\x00\x02\x17\x68\
\x00\x00\x10\x70\x00\x00\x00\x00\x00\x01\x00\x01\x5e\x7d\
\x00\x00\x09\x2e\x00\x00\x00\x00\x00\x01\x00\x00\xff\xc4\
\x00\x00\x01\xb8\x00\x00\x00\x00\x00\x01\x00\x00\x4f\xae\
\x00\x00\x0d\xb6\x00\x00\x00\x00\x00\x01\x00\x01\x3a\xb4\
\x00\x00\x08\x86\x00\x00\x00\x00\x00\x01\x00\x00\xf4\x69\
\x00\x00\x1b\x50\x00\x00\x00\x00\x00\x01\x00\x02\x31\x80\
\x00\x00\x0b\xf2\x00\x00\x00\x00\x00\x01\x00\x01\x24\xdc\
\x00\x00\x14\xd4\x00\x00\x00\x00\x00\x01\x00\x01\xcf\xab\
\x00\x00\x0a\xc0\x00\x00\x00\x00\x00\x01\x00\x01\x12\xe2\
\x00\x00\x04\xca\x00\x00\x00\x00\x00\x01\x00\x00\xb2\x23\
\x00\x00\x14\x5e\x00\x00\x00\x00\x00\x01\x00\x01\xc8\xe7\
\x00\x00\x19\x8e\x00\x00\x00\x00\x00\x01\x00\x02\x19\xf8\
\x00\x00\x1b\x98\x00\x00\x00\x00\x00\x01\x00\x02\x34\x79\
\x00\x00\x09\x6a\x00\x00\x00\x00\x00\x01\x00\x01\x02\x40\
\x00\x00\x04\x84\x00\x00\x00\x00\x00\x01\x00\x00\xaf\x6e\
\x00\x00\x11\x42\x00\x00\x00\x00\x00\x01\x00\x01\x68\x7d\
\x00\x00\x02\x1e\x00\x00\x00\x00\x00\x01\x00\x00\x54\xea\
\x00\x00\x0c\x86\x00\x00\x00\x00\x00\x01\x00\x01\x2c\x8c\
\x00\x00\x03\x9e\x00\x00\x00\x00\x00\x01\x00\x00\x65\xd4\
\x00\x00\x03\x6e\x00\x00\x00\x00\x00\x01\x00\x00\x64\x66\
\x00\x00\x19\x5c\x00\x00\x00\x00\x00\x01\x00\x02\x16\x1a\
\x00\x00\x16\x12\x00\x00\x00\x00\x00\x01\x00\x01\xdf\xe6\
\x00\x00\x17\x48\x00\x00\x00\x00\x00\x01\x00\x01\xee\xce\
\x00\x00\x00\x62\x00\x00\x00\x00\x00\x01\x00\x00\x40\xc7\
\x00\x00\x00\xfc\x00\x00\x00\x00\x00\x01\x00\x00\x47\x8a\
\x00\x00\x10\x18\x00\x00\x00\x00\x00\x01\x00\x01\x57\x8f\
\x00\x00\x04\xac\x00\x00\x00\x00\x00\x01\x00\x00\xb0\xab\
\x00\x00\x0b\x26\x00\x00\x00\x00\x00\x01\x00\x01\x17\xf0\
\x00\x00\x05\x02\x00\x00\x00\x00\x00\x01\x00\x00\xb4\xbe\
\x00\x00\x0b\x42\x00\x00\x00\x00\x00\x01\x00\x01\x19\xb6\
\x00\x00\x19\xc2\x00\x00\x00\x00\x00\x01\x00\x02\x1d\x76\
\x00\x00\x15\x90\x00\x00\x00\x00\x00\x01\x00\x01\xd8\x90\
\x00\x00\x13\xd8\x00\x00\x00\x00\x00\x01\x00\x01\xc2\x6b\
\x00\x00\x07\x2a\x00\x00\x00\x00\x00\x01\x00\x00\xe2\x7a\
\x00\x00\x16\xee\x00\x00\x00\x00\x00\x01\x00\x01\xea\xad\
\x00\x00\x22\x5e\x00\x00\x00\x00\x00\x01\x00\x02\x86\x8b\
\x00\x00\x0a\x22\x00\x00\x00\x00\x00\x01\x00\x01\x0a\xe0\
\x00\x00\x1c\x62\x00\x00\x00\x00\x00\x01\x00\x02\x3c\x05\
\x00\x00\x1d\x80\x00\x00\x00\x00\x00\x01\x00\x02\x49\x4f\
\x00\x00\x05\x2a\x00\x00\x00\x00\x00\x01\x00\x00\xb6\x53\
\x00\x00\x09\xf2\x00\x00\x00\x00\x00\x01\x00\x01\x09\x9c\
\x00\x00\x02\xb0\x00\x00\x00\x00\x00\x01\x00\x00\x5d\x57\
\x00\x00\x1a\xe2\x00\x00\x00\x00\x00\x01\x00\x02\x2d\x1a\
\x00\x00\x20\x1e\x00\x00\x00\x00\x00\x01\x00\x02\x6b\x5f\
\x00\x00\x0e\xea\x00\x00\x00\x00\x00\x01\x00\x01\x4a\x69\
\x00\x00\x1c\x86\x00\x00\x00\x00\x00\x01\x00\x02\x3d\x53\
\x00\x00\x1f\x3e\x00\x00\x00\x00\x00\x01\x00\x02\x61\x47\
\x00\x00\x09\xc0\x00\x00\x00\x00\x00\x01\x00\x01\x06\xc6\
\x00\x00\x08\x3e\x00\x00\x00\x00\x00\x01\x00\x00\xf0\x01\
\x00\x00\x0b\x90\x00\x00\x00\x00\x00\x01\x00\x01\x20\x09\
\x00\x00\x03\xd8\x00\x00\x00\x00\x00\x01\x00\x00\x68\xb0\
\x00\x00\x0d\x6e\x00\x00\x00\x00\x00\x01\x00\x01\x37\xc1\
\x00\x00\x16\xce\x00\x00\x00\x00\x00\x01\x00\x01\xe9\x34\
\x00\x00\x09\xa0\x00\x00\x00\x00\x00\x01\x00\x01\x05\x2a\
\x00\x00\x00\x00\x00\x00\x00\x00\x00\x01\x00\x00\x71\x56\
\x00\x00\x19\xfa\x00\x00\x00\x00\x00\x01\x00\x02\x20\x4e\
\x00\x00\x18\xde\x00\x00\x00\x00\x00\x01\x00\x02\x0e\x2e\
\x00\x00\x0c\x48\x00\x00\x00\x00\x00\x01\x00\x01\x29\x91\
\x00\x00\x1d\xba\x00\x00\x00\x00\x00\x01\x00\x02\x4c\x18\
\x00\x00\x01\x72\x00\x00\x00\x00\x00\x01\x00\x00\x4c\xf9\
\x00\x00\x15\x52\x00\x00\x00\x00\x00\x01\x00\x01\xd5\x88\
\x00\x00\x1d\x96\x00\x00\x00\x00\x00\x01\x00\x02\x4a\xaf\
\x00\x00\x1b\x22\x00\x00\x00\x00\x00\x01\x00\x02\x2f\xcf\
\x00\x00\x05\x5c\x00\x00\x00\x00\x00\x01\x00\x00\xba\x44\
\x00\x00\x21\x88\x00\x00\x00\x00\x00\x01\x00\x02\x7d\x20\
\x00\x00\x17\x04\x00\x00\x00\x00\x00\x01\x00\x01\xeb\xed\
\x00\x00\x21\xf6\x00\x00\x00\x00\x00\x01\x00\x02\x82\x38\
\x00\x00\x0e\x64\x00\x00\x00\x00\x00\x01\x00\x01\x45\x2e\
\x00\x00\x0e\x4a\x00\x00\x00\x00\x00\x01\x00\x01\x43\xc5\
\x00\x00\x1d\x04\x00\x00\x00\x00\x00\x01\x00\x02\x42\xda\
\x00\x00\x11\xc4\x00\x00\x00\x00\x00\x01\x00\x01\xa8\xe4\
\x00\x00\x12\xda\x00\x00\x00\x00\x00\x01\x00\x01\xb6\x80\
\x00\x00\x1a\x26\x00\x00\x00\x00\x00\x01\x00\x02\x23\x02\
\x00\x00\x22\x7a\x00\x00\x00\x00\x00\x01\x00\x02\x87\xd7\
\x00\x00\x06\x8c\x00\x01\x00\x00\x00\x01\x00\x00\xc8\x74\
\x00\x00\x1f\xbc\x00\x00\x00\x00\x00\x01\x00\x02\x67\x61\
\x00\x00\x1b\xe6\x00\x00\x00\x00\x00\x01\x00\x02\x37\x19\
\x00\x00\x0b\xca\x00\x00\x00\x00\x00\x01\x00\x01\x23\x36\
\x00\x00\x17\xe4\x00\x00\x00\x00\x00\x01\x00\x02\x00\x06\
\x00\x00\x13\x56\x00\x00\x00\x00\x00\x01\x00\x01\xbc\x8b\
\x00\x00\x10\xca\x00\x00\x00\x00\x00\x01\x00\x01\x63\x1a\
\x00\x00\x17\xac\x00\x00\x00\x00\x00\x01\x00\x01\xfd\x76\
\x00\x00\x10\x88\x00\x00\x00\x00\x00\x01\x00\x01\x5f\xcc\
\x00\x00\x1a\x48\x00\x00\x00\x00\x00\x01\x00\x02\x24\x94\
\x00\x00\x0c\x20\x00\x00\x00\x00\x00\x01\x00\x01\x28\x53\
\x00\x00\x15\xaa\x00\x00\x00\x00\x00\x01\x00\x01\xd9\xae\
\x00\x00\x06\x32\x00\x00\x00\x00\x00\x01\x00\x00\xc4\x96\
\x00\x00\x1c\xc2\x00\x00\x00\x00\x00\x01\x00\x02\x40\x60\
\x00\x00\x0a\x7a\x00\x00\x00\x00\x00\x01\x00\x01\x10\x1b\
\x00\x00\x1d\x64\x00\x00\x00\x00\x00\x01\x00\x02\x48\x07\
\x00\x00\x04\xe8\x00\x00\x00\x00\x00\x01\x00\x00\xb3\x5f\
\x00\x00\x1d\xfe\x00\x00\x00\x00\x00\x01\x00\x02\x4f\x1e\
\x00\x00\x21\xd8\x00\x00\x00\x00\x00\x01\x00\x02\x80\xe7\
\x00\x00\x22\x12\x00\x00\x00\x00\x00\x01\x00\x02\x83\xf7\
\x00\x00\x1c\x18\x00\x00\x00\x00\x00\x01\x00\x02\x38\x88\
\x00\x00\x21\xa2\x00\x00\x00\x00\x00\x01\x00\x02\x7e\x76\
\x00\x00\x08\xf6\x00\x00\x00\x00\x00\x01\x00\x00\xfb\x71\
\x00\x00\x05\xc6\x00\x00\x00\x00\x00\x01\x00\x00\xbf\x29\
\x00\x00\x08\xc6\x00\x00\x00\x00\x00\x01\x00\x00\xf8\x45\
\x00\x00\x08\x1a\x00\x00\x00\x00\x00\x01\x00\x00\xee\xb2\
"

qt_resource_struct_v2 = b"\
\x00\x00\x00\x00\x00\x02\x00\x00\x00\x02\x00\x00\x00\x01\
\x00\x00\x00\x00\x00\x00\x00\x00\
\x00\x00\x00\x26\x00\x02\x00\x00\x01\x24\x00\x00\x00\x03\
\x00\x00\x00\x00\x00\x00\x00\x00\
\x00\x00\x00\x00\x00\x00\x00\x00\x00\x01\x00\x00\x00\x00\
\x00\x00\x01\x85\x3a\x24\xd6\x85\
\x00\x00\x00\x8c\x00\x00\x00\x00\x00\x01\x00\x00\x42\x05\
\x00\x00\x01\x84\x8c\x95\x08\x00\
\x00\x00\x03\xbc\x00\x00\x00\x00\x00\x01\x00\x00\x67\x41\
\x00\x00\x01\x84\x8c\x95\x08\x00\
\x00\x00\x02\x36\x00\x00\x00\x00\x00\x01\x00\x00\x56\x8f\
\x00\x00\x01\x84\x8c\x95\x08\x00\
\x00\x00\x07\x50\x00\x00\x00\x00\x00\x01\x00\x00\xe4\x2f\
\x00\x00\x01\x84\x8c\x95\x08\x00\
\x00\x00\x18\x80\x00\x00\x00\x00\x00\x01\x00\x02\x07\x48\
\x00\x00\x01\x84\x8c\x95\x08\x00\
\x00\x00\x17\x88\x00\x00\x00\x00\x00\x01\x00\x01\xfc\x03\
\x00\x00\x01\x84\x8c\x95\x08\x00\
\x00\x00\x13\x40\x00\x00\x00\x00\x00\x01\x00\x01\xbb\x3f\
\x00\x00\x01\x84\x8c\x95\x08\x00\
\x00\x00\x08\xdc\x00\x00\x00\x00\x00\x01\x00\x00\xfa\x2c\
\x00\x00\x01\x84\x8c\x95\x08\x00\
\x00\x00\x00\x36\x00\x00\x00\x00\x00\x01\x00\x00\x3e\x18\
\x00\x00\x01\x84\x8c\x95\x08\x00\
\x00\x00\x11\x08\x00\x00\x00\x00\x00\x01\x00\x01\x65\xa1\
\x00\x00\x01\x84\x8c\x95\x08\x00\
\x00\x00\x12\x82\x00\x00\x00\x00\x00\x01\x00\x01\xb2\x26\
\x00\x00\x01\x84\x8c\x95\x08\x00\
\x00\x00\x13\xf8\x00\x00\x00\x00\x00\x01\x00\x01\xc3\xec\
\x00\x00\x01\x84\x8c\x95\x08\x00\
\x00\x00\x0c\xaa\x00\x00\x00\x00\x00\x01\x00\x01\x2d\xcb\
\x00\x00\x01\x84\x8c\x95\x08\x00\
\x00\x00\x12\x66\x00\x00\x00\x00\x00\x01\x00\x01\xaf\xd3\
\x00\x00\x01\x84\x8c\x95\x08\x00\
\x00\x00\x00\xe6\x00\x00\x00\x00\x00\x01\x00\x00\x46\x24\
\x00\x00\x01\x84\x8c\x95\x08\x00\
\x00\x00\x1a\x92\x00\x00\x00\x00\x00\x01\x00\x02\x27\x3a\
\x00\x00\x01\x84\x8c\x95\x08\x00\
\x00\x00\x0f\x1c\x00\x00\x00\x00\x00\x01\x00\x01\x4c\xea\
\x00\x00\x01\x84\x8c\x95\x08\x00\
\x00\x00\x02\x08\x00\x00\x00\x00\x00\x01\x00\x00\x53\xbd\
\x00\x00\x01\x84\x8c\x95\x08\x00\
\x00\x00\x21\x54\x00\x00\x00\x00\x00\x01\x00\x02\x79\xbe\
\x00\x00\x01\x84\x8c\x95\x08\x00\
\x00\x00\x15\xec\x00\x00\x00\x00\x00\x01\x00\x01\xdd\x7b\
\x00\x00\x01\x84\x8c\x95\x08\x00\
\x00\x00\x0f\x30\x00\x00\x00\x00\x00\x01\x00\x01\x4e\x0a\
\x00\x00\x01\x84\x8c\x95\x08\x00\
\x00\x00\x00\xb0\x00\x00\x00\x00\x00\x01\x00\x00\x43\x4e\
\x00\x00\x01\x84\x8c\x95\x08\x00\
\x00\x00\x1b\x70\x00\x00\x00\x00\x00\x01\x00\x02\x33\x1e\
\x00\x00\x01\x84\x8c\x95\x08\x00\
\x00\x00\x0b\xaa\x00\x00\x00\x00\x00\x01\x00\x01\x21\xce\
\x00\x00\x01\x84\x8c\x95\x08\x00\
\x00\x00\x22\xb0\x00\x00\x00\x00\x00\x01\x00\x02\x8b\xb4\
\x00\x00\x01\x84\x8c\x95\x08\x00\
\x00\x00\x12\xf6\x00\x00\x00\x00\x00\x01\x00\x01\xb7\xfb\
\x00\x00\x01\x84\x8c\x95\x08\x00\
\x00\x00\x18\xaa\x00\x00\x00\x00\x00\x01\x00\x02\x0b\x13\
\x00\x00\x01\x84\x8c\x95\x08\x00\
\x00\x00\x09\x10\x00\x00\x00\x00\x00\x01\x00\x00\xfd\x86\
\x00\x00\x01\x84\x8c\x95\x08\x00\
\x00\x00\x07\xfa\x00\x00\x00\x00\x00\x01\x00\x00\xec\x6d\
\x00\x00\x01\x84\x8c\x95\x08\x00\
\x00\x00\x1a\xfc\x00\x00\x00\x00\x00\x01\x00\x02\x2e\x84\
\x00\x00\x01\x84\x8c\x95\x08\x00\
\x00\x00\x13\x96\x00\x00\x00\x00\x00\x01\x00\x01\xbe\xb0\
\x00\x00\x01\x84\x8c\x95\x08\x00\
\x00\x00\x11\x76\x00\x00\x00\x00\x00\x01\x00\x01\x6a\xe5\
\x00\x00\x01\x84\xab\x3f\xfe\x8f\
\x00\x00\x04\x50\x00\x00\x00\x00\x00\x01\x00\x00\x6e\xa2\
\x00\x00\x01\x84\x8c\x95\x08\x00\
\x00\x00\x1c\x40\x00\x00\x00\x00\x00\x01\x00\x02\x3a\x1b\
\x00\x00\x01\x84\x8c\x95\x08\x00\
\x00\x00\x1d\x24\x00\x00\x00\x00\x00\x01\x00\x02\x44\x40\
\x00\x00\x01\x84\x8c\x95\x08\x00\
\x00\x00\x22\x30\x00\x00\x00\x00\x00\x01\x00\x02\x85\x48\
\x00\x00\x01\x84\x8c\x95\x08\x00\
\x00\x00\x10\xe6\x00\x00\x00\x00\x00\x01\x00\x01\x64\x86\
\x00\x00\x01\x84\x8c\x95\x08\x00\
\x00\x00\x21\xbc\x00\x00\x00\x00\x00\x01\x00\x02\x7f\xcf\
\x00\x00\x01\x84\x8c\x95\x08\x00\
\x00\x00\x0c\xea\x00\x00\x00\x00\x00\x01\x00\x01\x31\x8c\
\x00\x00\x01\x84\x8c\x95\x08\x00\
\x00\x00\x19\xd8\x00\x00\x00\x00\x00\x01\x00\x02\x1e\xbd\
\x00\x00\x01\x84\x8c\x95\x08\x00\
\x00\x00\x21\x04\x00\x00\x00\x00\x00\x01\x00\x02\x75\x25\
\x00\x00\x01\x84\x8c\x95\x08\x00\
\x00\x00\x19\xa8\x00\x00\x00\x00\x00\x01\x00\x02\x1b\x86\
\x00\x00\x01\x84\x8c\x95\x08\x00\
\x00\x00\x1d\x4e\x00\x00\x00\x00\x00\x01\x00\x02\x46\xb3\
\x00\x00\x01\x84\x8c\x95\x08\x00\
\x00\x00\x1d\x38\x00\x00\x00\x00\x00\x01\x00\x02\x45\xa6\
\x00\x00\x01\x84\x8c\x95\x08\x00\
\x00\x00\x18\x0c\x00\x00\x00\x00\x00\x01\x00\x02\x01\x1a\
\x00\x00\x01\x84\x8c\x95\x08\x00\
\x00\x00\x05\xf2\x00\x00\x00\x00\x00\x01\x00\x00\xc2\x07\
\x00\x00\x01\x84\x8c\x95\x08\x00\
\x00\x00\x06\x72\x00\x00\x00\x00\x00\x01\x00\x00\xc7\x26\
\x00\x00\x01\x84\x8c\x95\x08\x00\
\x00\x00\x1a\x6e\x00\x00\x00\x00\x00\x01\x00\x02\x25\xd5\
\x00\x00\x01\x84\x8c\x95\x08\x00\
\x00\x00\x00\xcc\x00\x00\x00\x00\x00\x01\x00\x00\x44\xc2\
\x00\x00\x01\x84\x8c\x95\x08\x00\
\x00\x00\x16\x5e\x00\x00\x00\x00\x00\x01\x00\x01\xe3\xac\
\x00\x00\x01\x84\x8c\x95\x08\x00\
\x00\x00\x1e\xbc\x00\x00\x00\x00\x00\x01\x00\x02\x57\x5a\
\x00\x00\x01\x84\x8c\x95\x08\x00\
\x00\x00\x03\x54\x00\x00\x00\x00\x00\x01\x00\x00\x62\xeb\
\x00\x00\x01\x84\x8c\x95\x08\x00\
\x00\x00\x18\x96\x00\x00\x00\x00\x00\x01\x00\x02\x09\x98\
\x00\x00\x01\x84\x8c\x95\x08\x00\
\x00\x00\x1a\xa2\x00\x00\x00\x00\x00\x01\x00\x02\x28\x6b\
\x00\x00\x01\x84\x8c\x95\x08\x00\
\x00\x00\x13\xb6\x00\x00\x00\x00\x00\x01\x00\x01\xc0\x29\
\x00\x00\x01\x84\x8c\x95\x08\x00\
\x00\x00\x00\x4c\x00\x00\x00\x00\x00\x01\x00\x00\x3f\x91\
\x00\x00\x01\x84\x8c\x95\x08\x00\
\x00\x00\x20\x5a\x00\x00\x00\x00\x00\x01\x00\x02\x6e\x90\
\x00\x00\x01\x84\x8c\x95\x08\x00\
\x00\x00\x14\xea\x00\x00\x00\x00\x00\x01\x00\x01\xd1\x1e\
\x00\x00\x01\x84\x8c\x95\x08\x00\
\x00\x00\x02\xce\x00\x00\x00\x00\x00\x01\x00\x00\x5e\xe4\
\x00\x00\x01\x84\x8c\x95\x08\x00\
\x00\x00\x07\xbc\x00\x00\x00\x00\x00\x01\x00\x00\xe9\xcb\
\x00\x00\x01\x84\x8c\x95\x08\x00\
\x00\x00\x04\x14\x00\x00\x00\x00\x00\x01\x00\x00\x6b\xb7\
\x00\x00\x01\x84\x8c\x95\x08\x00\
\x00\x00\x02\x4c\x00\x00\x00\x00\x00\x01\x00\x00\x57\xe6\
\x00\x00\x01\x84\x8c\x95\x08\x00\
\x00\x00\x02\x8e\x00\x00\x00\x00\x00\x01\x00\x00\x5b\xc1\
\x00\x00\x01\x84\x8c\x95\x08\x00\
\x00\x00\x1e\xf0\x00\x00\x00\x00\x00\x01\x00\x02\x5e\xca\
\x00\x00\x01\x84\x8c\x95\x08\x00\
\x00\x00\x22\x92\x00\x00\x00\x00\x00\x01\x00\x02\x8a\x06\
\x00\x00\x01\x84\x8c\x95\x08\x00\
\x00\x00\x15\x0a\x00\x00\x00\x00\x00\x01\x00\x01\xd2\x5d\
\x00\x00\x01\x84\x8c\x95\x08\x00\
\x00\x00\x1f\xe6\x00\x00\x00\x00\x00\x01\x00\x02\x68\xa1\
\x00\x00\x01\x84\x8c\x95\x08\x00\
\x00\x00\x17\xc8\x00\x00\x00\x00\x00\x01\x00\x01\xfe\xba\
\x00\x00\x01\x84\x8c\x95\x08\x00\
\x00\x00\x01\xe8\x00\x00\x00\x00\x00\x01\x00\x00\x52\x64\
\x00\x00\x01\x84\x8c\x95\x08\x00\
\x00\x00\x08\xa8\x00\x00\x00\x00\x00\x01\x00\x00\xf6\xaf\
\x00\x00\x01\x84\x8c\x95\x08\x00\
\x00\x00\x12\x1a\x00\x00\x00\x00\x00\x01\x00\x01\xac\xd8\
\x00\x00\x01\x84\x8c\x95\x08\x00\
\x00\x00\x11\x2c\x00\x00\x00\x00\x00\x01\x00\x01\x67\x1c\
\x00\x00\x01\x84\x8c\x95\x08\x00\
\x00\x00\x16\x3e\x00\x00\x00\x00\x00\x01\x00\x01\xe2\x56\
\x00\x00\x01\x84\x8c\x95\x08\x00\
\x00\x00\x0e\xca\x00\x00\x00\x00\x00\x01\x00\x01\x49\x39\
\x00\x00\x01\x84\x8c\x95\x08\x00\
\x00\x00\x0d\x4c\x00\x00\x00\x00\x00\x01\x00\x01\x36\x55\
\x00\x00\x01\x84\x8c\x95\x08\x00\
\x00\x00\x0e\x06\x00\x00\x00\x00\x00\x01\x00\x01\x40\x6e\
\x00\x00\x01\x84\x8c\x95\x08\x00\
\x00\x00\x05\xa4\x00\x00\x00\x00\x00\x01\x00\x00\xbd\xe6\
\x00\x00\x01\x84\x8c\x95\x08\x00\
\x00\x00\x12\x36\x00\x00\x00\x00\x00\x01\x00\x01\xae\x8f\
\x00\x00\x01\x84\x8c\x95\x08\x00\
\x00\x00\x0e\x2e\x00\x00\x00\x00\x00\x01\x00\x01\x41\xf3\
\x00\x00\x01\x84\x8c\x95\x08\x00\
\x00\x00\x10\x36\x00\x00\x00\x00\x00\x01\x00\x01\x5b\x88\
\x00\x00\x01\x84\x8c\x95\x08\x00\
\x00\x00\x16\xa4\x00\x00\x00\x00\x00\x01\x00\x01\xe6\xc5\
\x00\x00\x01\x84\x8c\x95\x08\x00\
\x00\x00\x18\x30\x00\x00\x00\x00\x00\x01\x00\x02\x02\xb0\
\x00\x00\x01\x84\x8c\x95\x08\x00\
\x00\x00\x15\xd2\x00\x00\x00\x00\x00\x01\x00\x01\xdb\xe1\
\x00\x00\x01\x84\x8c\x95\x08\x00\
\x00\x00\x03\xf2\x00\x00\x00\x00\x00\x01\x00\x00\x6a\x65\
\x00\x00\x01\x84\x8c\x95\x08\x00\
\x00\x00\x01\x32\x00\x00\x00\x00\x00\x01\x00\x00\x4a\x38\
\x00\x00\x01\x84\x8c\x95\x08\x00\
\x00\x00\x20\xc2\x00\x00\x00\x00\x00\x01\x00\x02\x72\xa6\
\x00\x00\x01\x84\x8c\x95\x08\x00\
\x00\x00\x20\x74\x00\x00\x00\x00\x00\x01\x00\x02\x6f\xac\
\x00\x00\x01\x84\x8c\x95\x08\x00\
\x00\x00\x07\xe0\x00\x00\x00\x00\x00\x01\x00\x00\xea\xfa\
\x00\x00\x01\x84\x8c\x95\x08\x00\
\x00\x00\x17\x30\x00\x00\x00\x00\x00\x01\x00\x01\xed\x2f\
\x00\x00\x01\x84\x8c\x95\x08\x00\
\x00\x00\x04\x6a\x00\x00\x00\x00\x00\x01\x00\x00\x70\x0e\
\x00\x00\x01\x84\x8c\x95\x08\x00\
\x00\x00\x0d\x94\x00\x00\x00\x00\x00\x01\x00\x01\x39\x2b\
\x00\x00\x01\x84\x8c\x95\x08\x00\
\x00\x00\x05\xdc\x00\x00\x00\x00\x00\x01\x00\x00\xc0\xc0\
\x00\x00\x01\x84\x8c\x95\x08\x00\
\x00\x00\x1e\x3e\x00\x00\x00\x00\x00\x01\x00\x02\x51\xb3\
\x00\x00\x01\x84\x8c\x95\x08\x00\
\x00\x00\x0f\x56\x00\x00\x00\x00\x00\x01\x00\x01\x4f\x1e\
\x00\x00\x01\x84\x8c\x95\x08\x00\
\x00\x00\x1c\xee\x00\x00\x00\x00\x00\x01\x00\x02\x41\xa1\
\x00\x00\x01\x84\x8c\x95\x08\x00\
\x00\x00\x0a\x9e\x00\x00\x00\x00\x00\x01\x00\x01\x11\x5b\
\x00\x00\x01\x84\x8c\x95\x08\x00\
\x00\x00\x1e\x26\x00\x00\x00\x00\x00\x01\x00\x02\x50\xa8\
\x00\x00\x01\x84\x8c\x95\x08\x00\
\x00\x00\x21\x6a\x00\x00\x00\x00\x00\x01\x00\x02\x7b\xa6\
\x00\x00\x01\x84\x8c\x95\x08\x00\
\x00\x00\x04\x28\x00\x00\x00\x00\x00\x01\x00\x00\x6d\x5f\
\x00\x00\x01\x84\x8c\x95\x08\x00\
\x00\x00\x02\xfc\x00\x00\x00\x00\x00\x01\x00\x00\x60\x6d\
\x00\x00\x01\x84\x8c\x95\x08\x00\
\x00\x00\x09\x48\x00\x00\x00\x00\x00\x01\x00\x01\x01\x01\
\x00\x00\x01\x84\x8c\x95\x08\x00\
\x00\x00\x0a\xea\x00\x00\x00\x00\x00\x01\x00\x01\x14\x26\
\x00\x00\x01\x84\x8c\x95\x08\x00\
\x00\x00\x0f\x8a\x00\x00\x00\x00\x00\x01\x00\x01\x51\xdd\
\x00\x00\x01\x84\x8c\x95\x08\x00\
\x00\x00\x05\x8e\x00\x00\x00\x00\x00\x01\x00\x00\xbc\x99\
\x00\x00\x01\x84\x8c\x95\x08\x00\
\x00\x00\x0c\x70\x00\x00\x00\x00\x00\x01\x00\x01\x2b\x3a\
\x00\x00\x01\x84\x8c\x95\x08\x00\
\x00\x00\x15\x76\x00\x00\x00\x00\x00\x01\x00\x01\xd6\xca\
\x00\x00\x01\x84\x8c\x95\x08\x00\
\x00\x00\x14\x3a\x00\x00\x00\x00\x00\x01\x00\x01\xc7\xac\
\x00\x00\x01\x84\x8c\x95\x08\x00\
\x00\x00\x14\x22\x00\x00\x00\x00\x00\x01\x00\x01\xc5\x9e\
\x00\x00\x01\x84\x8c\x95\x08\x00\
\x00\x00\x0d\x0e\x00\x00\x00\x00\x00\x01\x00\x01\x33\x1f\
\x00\x00\x01\x84\x8c\x95\x08\x00\
\x00\x00\x1e\xd8\x00\x01\x00\x00\x00\x01\x00\x02\x58\xed\
\x00\x00\x01\x85\x3a\x53\xed\x21\
\x00\x00\x12\xa8\x00\x00\x00\x00\x00\x01\x00\x01\xb3\x76\
\x00\x00\x01\x84\x8c\x95\x08\x00\
\x00\x00\x05\x46\x00\x00\x00\x00\x00\x01\x00\x00\xb8\xbc\
\x00\x00\x01\x84\x8c\x95\x08\x00\
\x00\x00\x02\x78\x00\x00\x00\x00\x00\x01\x00\x00\x5a\xa2\
\x00\x00\x01\x84\x8c\x95\x08\x00\
\x00\x00\x07\x68\x00\x00\x00\x00\x00\x01\x00\x00\xe5\xb9\
\x00\x00\x01\x84\x8c\x95\x08\x00\
\x00\x00\x11\x9a\x00\x00\x00\x00\x00\x01\x00\x01\xa7\x5b\
\x00\x00\x01\x84\x8c\x95\x08\x00\
\x00\x00\x15\x36\x00\x00\x00\x00\x00\x01\x00\x01\xd3\x9c\
\x00\x00\x01\x84\x8c\x95\x08\x00\
\x00\x00\x20\x36\x00\x00\x00\x00\x00\x01\x00\x02\x6c\xf5\
\x00\x00\x01\x84\x8c\x95\x08\x00\
\x00\x00\x21\x3c\x00\x00\x00\x00\x00\x01\x00\x02\x78\xa0\
\x00\x00\x01\x84\x8c\x95\x08\x00\
\x00\x00\x0a\x54\x00\x00\x00\x00\x00\x01\x00\x01\x0e\xa1\
\x00\x00\x01\x84\x8c\x95\x08\x00\
\x00\x00\x0c\x0a\x00\x00\x00\x00\x00\x01\x00\x01\x26\x67\
\x00\x00\x01\x84\x8c\x95\x08\x00\
\x00\x00\x09\x86\x00\x00\x00\x00\x00\x01\x00\x01\x03\xb8\
\x00\x00\x01\x84\x8c\x95\x08\x00\
\x00\x00\x0d\xd0\x00\x00\x00\x00\x00\x01\x00\x01\x3d\x20\
\x00\x00\x01\x84\x8c\x95\x08\x00\
\x00\x00\x01\x92\x00\x00\x00\x00\x00\x01\x00\x00\x4e\x65\
\x00\x00\x01\x84\x8c\x95\x08\x00\
\x00\x00\x07\x9e\x00\x00\x00\x00\x00\x01\x00\x00\xe8\x63\
\x00\x00\x01\x84\x8c\x95\x08\x00\
\x00\x00\x16\x84\x00\x00\x00\x00\x00\x01\x00\x01\xe4\xe6\
\x00\x00\x01\x84\x8c\x95\x08\x00\
\x00\x00\x0e\x8a\x00\x00\x00\x00\x00\x01\x00\x01\x46\x7c\
\x00\x00\x01\x84\x8c\x95\x08\x00\
\x00\x00\x06\xa8\x00\x00\x00\x00\x00\x01\x00\x00\xdb\xcc\
\x00\x00\x01\x84\x8c\x95\x08\x00\
\x00\x00\x1e\x56\x00\x00\x00\x00\x00\x01\x00\x02\x52\xe9\
\x00\x00\x01\x84\x8c\x95\x08\x00\
\x00\x00\x0e\xb0\x00\x00\x00\x00\x00\x01\x00\x01\x48\x10\
\x00\x00\x01\x84\x8c\x95\x08\x00\
\x00\x00\x0f\x02\x00\x00\x00\x00\x00\x01\x00\x01\x4b\xa7\
\x00\x00\x01\x84\x8c\x95\x08\x00\
\x00\x00\x21\x20\x00\x00\x00\x00\x00\x01\x00\x02\x76\x95\
\x00\x00\x01\x84\x8c\x95\x08\x00\
\x00\x00\x03\x26\x00\x00\x00\x00\x00\x01\x00\x00\x61\xab\
\x00\x00\x01\x84\x8c\x95\x08\x00\
\x00\x00\x0b\x78\x00\x00\x00\x00\x00\x01\x00\x01\x1c\x1c\
\x00\x00\x01\x84\x8c\x95\x08\x00\
\x00\x00\x1d\xe0\x00\x00\x00\x00\x00\x01\x00\x02\x4d\x7e\
\x00\x00\x01\x84\x8c\x95\x08\x00\
\x00\x00\x02\x66\x00\x00\x00\x00\x00\x01\x00\x00\x59\x5c\
\x00\x00\x01\x84\x8c\x95\x08\x00\
\x00\x00\x11\xea\x00\x00\x00\x00\x00\x01\x00\x01\xa9\xf7\
\x00\x00\x01\x84\x8c\x95\x08\x00\
\x00\x00\x1e\x82\x00\x00\x00\x00\x00\x01\x00\x02\x54\x46\
\x00\x00\x01\x84\x8c\x95\x08\x00\
\x00\x00\x18\x6a\x00\x00\x00\x00\x00\x01\x00\x02\x05\xe0\
\x00\x00\x01\x84\x8c\x95\x08\x00\
\x00\x00\x01\x50\x00\x00\x00\x00\x00\x01\x00\x00\x4b\x84\
\x00\x00\x01\x84\x8c\x95\x08\x00\
\x00\x00\x19\x22\x00\x00\x00\x00\x00\x01\x00\x02\x12\x67\
\x00\x00\x01\x84\x8c\x95\x08\x00\
\x00\x00\x0b\x06\x00\x00\x00\x00\x00\x01\x00\x01\x15\x9b\
\x00\x00\x01\x84\x8c\x95\x08\x00\
\x00\x00\x20\xa0\x00\x00\x00\x00\x00\x01\x00\x02\x71\x0b\
\x00\x00\x01\x84\x8c\x95\x08\x00\
\x00\x00\x11\x5a\x00\x00\x00\x00\x00\x01\x00\x01\x69\x89\
\x00\x00\x01\x84\x8c\x95\x08\x00\
\x00\x00\x0b\x5c\x00\x00\x00\x00\x00\x01\x00\x01\x1a\xd3\
\x00\x00\x01\x84\x8c\x95\x08\x00\
\x00\x00\x1f\x8c\x00\x00\x00\x00\x00\x01\x00\x02\x64\xc9\
\x00\x00\x01\x84\x8c\x95\x08\x00\
\x00\x00\x1a\x0e\x00\x00\x00\x00\x00\x01\x00\x02\x21\x90\
\x00\x00\x01\x84\x8c\x95\x08\x00\
\x00\x00\x1f\x5c\x00\x00\x00\x00\x00\x01\x00\x02\x62\x6f\
\x00\x00\x01\x84\x8c\x95\x08\x00\
\x00\x00\x12\xbe\x00\x00\x00\x00\x00\x01\x00\x01\xb4\xd5\
\x00\x00\x01\x84\x8c\x95\x08\x00\
\x00\x00\x10\x56\x00\x00\x00\x00\x00\x01\x00\x01\x5d\x43\
\x00\x00\x01\x84\x8c\x95\x08\x00\
\x00\x00\x01\x1a\x00\x00\x00\x00\x00\x01\x00\x00\x48\xbf\
\x00\x00\x01\x84\x8c\x95\x08\x00\
\x00\x00\x06\xd2\x00\x00\x00\x00\x00\x01\x00\x00\xde\x3b\
\x00\x00\x01\x84\x8c\x95\x08\x00\
\x00\x00\x12\x02\x00\x00\x00\x00\x00\x01\x00\x01\xab\x6e\
\x00\x00\x01\x84\x8c\x95\x08\x00\
\x00\x00\x06\x1a\x00\x00\x00\x00\x00\x01\x00\x00\xc3\x58\
\x00\x00\x01\x84\x8c\x95\x08\x00\
\x00\x00\x1c\xa0\x00\x00\x00\x00\x00\x01\x00\x02\x3e\xc6\
\x00\x00\x01\x84\x8c\x95\x08\x00\
\x00\x00\x14\x84\x00\x00\x00\x00\x00\x01\x00\x01\xca\x46\
\x00\x00\x01\x84\x8c\x95\x08\x00\
\x00\x00\x22\xd2\x00\x00\x00\x00\x00\x01\x00\x02\x8d\x5f\
\x00\x00\x01\x84\x8c\x95\x08\x00\
\x00\x00\x01\xd2\x00\x00\x00\x00\x00\x01\x00\x00\x50\xd6\
\x00\x00\x01\x84\x8c\x95\x08\x00\
\x00\x00\x13\x20\x00\x00\x00\x00\x00\x01\x00\x01\xb9\xa9\
\x00\x00\x01\x84\x8c\x95\x08\x00\
\x00\x00\x10\xac\x00\x00\x00\x00\x00\x01\x00\x01\x61\x48\
\x00\x00\x01\x84\x8c\x95\x08\x00\
\x00\x00\x07\x7e\x00\x00\x00\x00\x00\x01\x00\x00\xe7\x1e\
\x00\x00\x01\x84\x8c\x95\x08\x00\
\x00\x00\x0d\x30\x00\x00\x00\x00\x00\x01\x00\x01\x34\x92\
\x00\x00\x01\x84\x8c\x95\x08\x00\
\x00\x00\x0f\x74\x00\x00\x00\x00\x00\x01\x00\x01\x50\x43\
\x00\x00\x01\x84\x8c\x95\x08\x00\
\x00\x00\x20\xe2\x00\x00\x00\x00\x00\x01\x00\x02\x73\xe7\
\x00\x00\x01\x84\x8c\x95\x08\x00\
\x00\x00\x09\xda\x00\x00\x00\x00\x00\x01\x00\x01\x08\x42\
\x00\x00\x01\x84\x8c\x95\x08\x00\
\x00\x00\x06\xe8\x00\x00\x00\x00\x00\x01\x00\x00\xdf\xc6\
\x00\x00\x01\x84\x8c\x95\x08\x00\
\x00\x00\x1f\x1c\x00\x00\x00\x00\x00\x01\x00\x02\x60\x35\
\x00\x00\x01\x84\x8c\x95\x08\x00\
\x00\x00\x1f\x76\x00\x00\x00\x00\x00\x01\x00\x02\x63\x8d\
\x00\x00\x01\x84\x8c\x95\x08\x00\
\x00\x00\x18\xca\x00\x00\x00\x00\x00\x01\x00\x02\x0c\x5a\
\x00\x00\x01\x84\x8c\x95\x08\x00\
\x00\x00\x08\x6e\x00\x00\x00\x00\x00\x01\x00\x00\xf2\xce\
\x00\x00\x01\x84\x8c\x95\x08\x00\
\x00\x00\x0f\xc8\x00\x00\x00\x00\x00\x01\x00\x01\x54\xbb\
\x00\x00\x01\x84\x8c\x95\x08\x00\
\x00\x00\x0f\xf8\x00\x00\x00\x00\x00\x01\x00\x01\x56\x28\
\x00\x00\x01\x84\x8c\x95\x08\x00\
\x00\x00\x0d\xe8\x00\x00\x00\x00\x00\x01\x00\x01\x3e\xac\
\x00\x00\x01\x84\x8c\x95\x08\x00\
\x00\x00\x1a\xce\x00\x00\x00\x00\x00\x01\x00\x02\x2b\xca\
\x00\x00\x01\x84\x8c\x95\x08\x00\
\x00\x00\x07\x06\x00\x00\x00\x00\x00\x01\x00\x00\xe1\x26\
\x00\x00\x01\x84\x8c\x95\x08\x00\
\x00\x00\x19\x02\x00\x00\x00\x00\x00\x01\x00\x02\x10\xb2\
\x00\x00\x01\x84\x8c\x95\x08\x00\
\x00\x00\x20\x08\x00\x00\x00\x00\x00\x01\x00\x02\x6a\x20\
\x00\x00\x01\x84\x8c\x95\x08\x00\
\x00\x00\x0c\xd0\x00\x00\x00\x00\x00\x01\x00\x01\x2f\x3a\
\x00\x00\x01\x84\x8c\x95\x08\x00\
\x00\x00\x18\x4c\x00\x00\x00\x00\x00\x01\x00\x02\x04\xa4\
\x00\x00\x01\x84\x8c\x95\x08\x00\
\x00\x00\x0f\xa6\x00\x00\x00\x00\x00\x01\x00\x01\x53\x25\
\x00\x00\x01\x84\x8c\x95\x08\x00\
\x00\x00\x1f\xa4\x00\x00\x00\x00\x00\x01\x00\x02\x66\x14\
\x00\x00\x01\x84\x8c\x95\x08\x00\
\x00\x00\x1b\xb8\x00\x00\x00\x00\x00\x01\x00\x02\x35\xd6\
\x00\x00\x01\x84\x8c\x95\x08\x00\
\x00\x00\x14\x9a\x00\x00\x00\x00\x00\x01\x00\x01\xcb\xcf\
\x00\x00\x01\x84\x8c\x95\x08\x00\
\x00\x00\x13\x7c\x00\x00\x00\x00\x00\x01\x00\x01\xbd\xa8\
\x00\x00\x01\x84\x8c\x95\x08\x00\
\x00\x00\x1e\xa0\x00\x00\x00\x00\x00\x01\x00\x02\x55\xbc\
\x00\x00\x01\x84\x8c\x95\x08\x00\
\x00\x00\x14\xb6\x00\x00\x00\x00\x00\x01\x00\x01\xcd\x6c\
\x00\x00\x01\x84\x8c\x95\x08\x00\
\x00\x00\x0a\x40\x00\x00\x00\x00\x00\x01\x00\x01\x0c\x00\
\x00\x00\x01\x84\x8c\x95\x08\x00\
\x00\x00\x08\x5a\x00\x00\x00\x00\x00\x01\x00\x00\xf1\x65\
\x00\x00\x01\x84\x8c\x95\x08\x00\
\x00\x00\x06\x5c\x00\x00\x00\x00\x00\x01\x00\x00\xc5\xcd\
\x00\x00\x01\x84\x8c\x95\x08\x00\
\x00\x00\x19\x40\x00\x00\x00\x00\x00\x01\x00\x02\x13\xdf\
\x00\x00\x01\x84\x8c\x95\x08\x00\
\x00\x00\x05\x74\x00\x00\x00\x00\x00\x01\x00\x00\xbb\x7e\
\x00\x00\x01\x84\x8c\x95\x08\x00\
\x00\x00\x1a\xb6\x00\x00\x00\x00\x00\x01\x00\x02\x29\xf6\
\x00\x00\x01\x84\x8c\x95\x08\x00\
\x00\x00\x19\x7a\x00\x00\x00\x00\x00\x01\x00\x02\x17\x68\
\x00\x00\x01\x84\x8c\x95\x08\x00\
\x00\x00\x10\x70\x00\x00\x00\x00\x00\x01\x00\x01\x5e\x7d\
\x00\x00\x01\x84\x8c\x95\x08\x00\
\x00\x00\x09\x2e\x00\x00\x00\x00\x00\x01\x00\x00\xff\xc4\
\x00\x00\x01\x84\x8c\x95\x08\x00\
\x00\x00\x01\xb8\x00\x00\x00\x00\x00\x01\x00\x00\x4f\xae\
\x00\x00\x01\x84\x8c\x95\x08\x00\
\x00\x00\x0d\xb6\x00\x00\x00\x00\x00\x01\x00\x01\x3a\xb4\
\x00\x00\x01\x84\x8c\x95\x08\x00\
\x00\x00\x08\x86\x00\x00\x00\x00\x00\x01\x00\x00\xf4\x69\
\x00\x00\x01\x84\x8c\x95\x08\x00\
\x00\x00\x1b\x50\x00\x00\x00\x00\x00\x01\x00\x02\x31\x80\
\x00\x00\x01\x84\x8c\x95\x08\x00\
\x00\x00\x0b\xf2\x00\x00\x00\x00\x00\x01\x00\x01\x24\xdc\
\x00\x00\x01\x84\x8c\x95\x08\x00\
\x00\x00\x14\xd4\x00\x00\x00\x00\x00\x01\x00\x01\xcf\xab\
\x00\x00\x01\x84\x8c\x95\x08\x00\
\x00\x00\x0a\xc0\x00\x00\x00\x00\x00\x01\x00\x01\x12\xe2\
\x00\x00\x01\x84\x8c\x95\x08\x00\
\x00\x00\x04\xca\x00\x00\x00\x00\x00\x01\x00\x00\xb2\x23\
\x00\x00\x01\x84\x8c\x95\x08\x00\
\x00\x00\x14\x5e\x00\x00\x00\x00\x00\x01\x00\x01\xc8\xe7\
\x00\x00\x01\x84\x8c\x95\x08\x00\
\x00\x00\x19\x8e\x00\x00\x00\x00\x00\x01\x00\x02\x19\xf8\
\x00\x00\x01\x84\x8c\x95\x08\x00\
\x00\x00\x1b\x98\x00\x00\x00\x00\x00\x01\x00\x02\x34\x79\
\x00\x00\x01\x84\x8c\x95\x08\x00\
\x00\x00\x09\x6a\x00\x00\x00\x00\x00\x01\x00\x01\x02\x40\
\x00\x00\x01\x84\x8c\x95\x08\x00\
\x00\x00\x04\x84\x00\x00\x00\x00\x00\x01\x00\x00\xaf\x6e\
\x00\x00\x01\x84\x8c\x95\x08\x00\
\x00\x00\x11\x42\x00\x00\x00\x00\x00\x01\x00\x01\x68\x7d\
\x00\x00\x01\x84\x8c\x95\x08\x00\
\x00\x00\x02\x1e\x00\x00\x00\x00\x00\x01\x00\x00\x54\xea\
\x00\x00\x01\x84\x8c\x95\x08\x00\
\x00\x00\x0c\x86\x00\x00\x00\x00\x00\x01\x00\x01\x2c\x8c\
\x00\x00\x01\x84\x8c\x95\x08\x00\
\x00\x00\x03\x9e\x00\x00\x00\x00\x00\x01\x00\x00\x65\xd4\
\x00\x00\x01\x84\x8c\x95\x08\x00\
\x00\x00\x03\x6e\x00\x00\x00\x00\x00\x01\x00\x00\x64\x66\
\x00\x00\x01\x84\x8c\x95\x08\x00\
\x00\x00\x19\x5c\x00\x00\x00\x00\x00\x01\x00\x02\x16\x1a\
\x00\x00\x01\x84\x8c\x95\x08\x00\
\x00\x00\x16\x12\x00\x00\x00\x00\x00\x01\x00\x01\xdf\xe6\
\x00\x00\x01\x84\x8c\x95\x08\x00\
\x00\x00\x17\x48\x00\x00\x00\x00\x00\x01\x00\x01\xee\xce\
\x00\x00\x01\x85\x3a\x42\xa7\xd2\
\x00\x00\x00\x62\x00\x00\x00\x00\x00\x01\x00\x00\x40\xc7\
\x00\x00\x01\x84\x8c\x95\x08\x00\
\x00\x00\x00\xfc\x00\x00\x00\x00\x00\x01\x00\x00\x47\x8a\
\x00\x00\x01\x84\x8c\x95\x08\x00\
\x00\x00\x10\x18\x00\x00\x00\x00\x00\x01\x00\x01\x57\x8f\
\x00\x00\x01\x84\x8c\x95\x08\x00\
\x00\x00\x04\xac\x00\x00\x00\x00\x00\x01\x00\x00\xb0\xab\
\x00\x00\x01\x84\x8c\x95\x08\x00\
\x00\x00\x0b\x26\x00\x00\x00\x00\x00\x01\x00\x01\x17\xf0\
\x00\x00\x01\x84\x8c\x95\x08\x00\
\x00\x00\x05\x02\x00\x00\x00\x00\x00\x01\x00\x00\xb4\xbe\
\x00\x00\x01\x84\x8c\x95\x08\x00\
\x00\x00\x0b\x42\x00\x00\x00\x00\x00\x01\x00\x01\x19\xb6\
\x00\x00\x01\x84\x8c\x95\x08\x00\
\x00\x00\x19\xc2\x00\x00\x00\x00\x00\x01\x00\x02\x1d\x76\
\x00\x00\x01\x84\x8c\x95\x08\x00\
\x00\x00\x15\x90\x00\x00\x00\x00\x00\x01\x00\x01\xd8\x90\
\x00\x00\x01\x84\x8c\x95\x08\x00\
\x00\x00\x13\xd8\x00\x00\x00\x00\x00\x01\x00\x01\xc2\x6b\
\x00\x00\x01\x84\x8c\x95\x08\x00\
\x00\x00\x07\x2a\x00\x00\x00\x00\x00\x01\x00\x00\xe2\x7a\
\x00\x00\x01\x84\x8c\x95\x08\x00\
\x00\x00\x16\xee\x00\x00\x00\x00\x00\x01\x00\x01\xea\xad\
\x00\x00\x01\x84\x8c\x95\x08\x00\
\x00\x00\x22\x5e\x00\x00\x00\x00\x00\x01\x00\x02\x86\x8b\
\x00\x00\x01\x84\x8c\x95\x08\x00\
\x00\x00\x0a\x22\x00\x00\x00\x00\x00\x01\x00\x01\x0a\xe0\
\x00\x00\x01\x84\x8c\x95\x08\x00\
\x00\x00\x1c\x62\x00\x00\x00\x00\x00\x01\x00\x02\x3c\x05\
\x00\x00\x01\x84\x8c\x95\x08\x00\
\x00\x00\x1d\x80\x00\x00\x00\x00\x00\x01\x00\x02\x49\x4f\
\x00\x00\x01\x84\x8c\x95\x08\x00\
\x00\x00\x05\x2a\x00\x00\x00\x00\x00\x01\x00\x00\xb6\x53\
\x00\x00\x01\x84\x8c\x95\x08\x00\
\x00\x00\x09\xf2\x00\x00\x00\x00\x00\x01\x00\x01\x09\x9c\
\x00\x00\x01\x84\x8c\x95\x08\x00\
\x00\x00\x02\xb0\x00\x00\x00\x00\x00\x01\x00\x00\x5d\x57\
\x00\x00\x01\x84\x8c\x95\x08\x00\
\x00\x00\x1a\xe2\x00\x00\x00\x00\x00\x01\x00\x02\x2d\x1a\
\x00\x00\x01\x84\x8c\x95\x08\x00\
\x00\x00\x20\x1e\x00\x00\x00\x00\x00\x01\x00\x02\x6b\x5f\
\x00\x00\x01\x84\x8c\x95\x08\x00\
\x00\x00\x0e\xea\x00\x00\x00\x00\x00\x01\x00\x01\x4a\x69\
\x00\x00\x01\x84\x8c\x95\x08\x00\
\x00\x00\x1c\x86\x00\x00\x00\x00\x00\x01\x00\x02\x3d\x53\
\x00\x00\x01\x84\x8c\x95\x08\x00\
\x00\x00\x1f\x3e\x00\x00\x00\x00\x00\x01\x00\x02\x61\x47\
\x00\x00\x01\x84\x8c\x95\x08\x00\
\x00\x00\x09\xc0\x00\x00\x00\x00\x00\x01\x00\x01\x06\xc6\
\x00\x00\x01\x84\x8c\x95\x08\x00\
\x00\x00\x08\x3e\x00\x00\x00\x00\x00\x01\x00\x00\xf0\x01\
\x00\x00\x01\x84\x8c\x95\x08\x00\
\x00\x00\x0b\x90\x00\x00\x00\x00\x00\x01\x00\x01\x20\x09\
\x00\x00\x01\x84\x8c\x95\x08\x00\
\x00\x00\x03\xd8\x00\x00\x00\x00\x00\x01\x00\x00\x68\xb0\
\x00\x00\x01\x84\x8c\x95\x08\x00\
\x00\x00\x0d\x6e\x00\x00\x00\x00\x00\x01\x00\x01\x37\xc1\
\x00\x00\x01\x84\x8c\x95\x08\x00\
\x00\x00\x16\xce\x00\x00\x00\x00\x00\x01\x00\x01\xe9\x34\
\x00\x00\x01\x84\x8c\x95\x08\x00\
\x00\x00\x09\xa0\x00\x00\x00\x00\x00\x01\x00\x01\x05\x2a\
\x00\x00\x01\x84\x8c\x95\x08\x00\
\x00\x00\x00\x00\x00\x00\x00\x00\x00\x01\x00\x00\x71\x56\
\x00\x00\x01\x85\x3a\x24\xd6\x85\
\x00\x00\x19\xfa\x00\x00\x00\x00\x00\x01\x00\x02\x20\x4e\
\x00\x00\x01\x84\x8c\x95\x08\x00\
\x00\x00\x18\xde\x00\x00\x00\x00\x00\x01\x00\x02\x0e\x2e\
\x00\x00\x01\x84\x8c\x95\x08\x00\
\x00\x00\x0c\x48\x00\x00\x00\x00\x00\x01\x00\x01\x29\x91\
\x00\x00\x01\x84\x8c\x95\x08\x00\
\x00\x00\x1d\xba\x00\x00\x00\x00\x00\x01\x00\x02\x4c\x18\
\x00\x00\x01\x84\x8c\x95\x08\x00\
\x00\x00\x01\x72\x00\x00\x00\x00\x00\x01\x00\x00\x4c\xf9\
\x00\x00\x01\x84\x8c\x95\x08\x00\
\x00\x00\x15\x52\x00\x00\x00\x00\x00\x01\x00\x01\xd5\x88\
\x00\x00\x01\x84\x8c\x95\x08\x00\
\x00\x00\x1d\x96\x00\x00\x00\x00\x00\x01\x00\x02\x4a\xaf\
\x00\x00\x01\x84\x8c\x95\x08\x00\
\x00\x00\x1b\x22\x00\x00\x00\x00\x00\x01\x00\x02\x2f\xcf\
\x00\x00\x01\x84\x8c\x95\x08\x00\
\x00\x00\x05\x5c\x00\x00\x00\x00\x00\x01\x00\x00\xba\x44\
\x00\x00\x01\x84\x8c\x95\x08\x00\
\x00\x00\x21\x88\x00\x00\x00\x00\x00\x01\x00\x02\x7d\x20\
\x00\x00\x01\x84\x8c\x95\x08\x00\
\x00\x00\x17\x04\x00\x00\x00\x00\x00\x01\x00\x01\xeb\xed\
\x00\x00\x01\x84\x8c\x95\x08\x00\
\x00\x00\x21\xf6\x00\x00\x00\x00\x00\x01\x00\x02\x82\x38\
\x00\x00\x01\x84\x8c\x95\x08\x00\
\x00\x00\x0e\x64\x00\x00\x00\x00\x00\x01\x00\x01\x45\x2e\
\x00\x00\x01\x84\x8c\x95\x08\x00\
\x00\x00\x0e\x4a\x00\x00\x00\x00\x00\x01\x00\x01\x43\xc5\
\x00\x00\x01\x84\x8c\x95\x08\x00\
\x00\x00\x1d\x04\x00\x00\x00\x00\x00\x01\x00\x02\x42\xda\
\x00\x00\x01\x84\x8c\x95\x08\x00\
\x00\x00\x11\xc4\x00\x00\x00\x00\x00\x01\x00\x01\xa8\xe4\
\x00\x00\x01\x84\x8c\x95\x08\x00\
\x00\x00\x12\xda\x00\x00\x00\x00\x00\x01\x00\x01\xb6\x80\
\x00\x00\x01\x84\x8c\x95\x08\x00\
\x00\x00\x1a\x26\x00\x00\x00\x00\x00\x01\x00\x02\x23\x02\
\x00\x00\x01\x84\x8c\x95\x08\x00\
\x00\x00\x22\x7a\x00\x00\x00\x00\x00\x01\x00\x02\x87\xd7\
\x00\x00\x01\x84\x8c\x95\x08\x00\
\x00\x00\x06\x8c\x00\x01\x00\x00\x00\x01\x00\x00\xc8\x74\
\x00\x00\x01\x85\x3a\x52\xba\x4e\
\x00\x00\x1f\xbc\x00\x00\x00\x00\x00\x01\x00\x02\x67\x61\
\x00\x00\x01\x84\x8c\x95\x08\x00\
\x00\x00\x1b\xe6\x00\x00\x00\x00\x00\x01\x00\x02\x37\x19\
\x00\x00\x01\x84\x8c\x95\x08\x00\
\x00\x00\x0b\xca\x00\x00\x00\x00\x00\x01\x00\x01\x23\x36\
\x00\x00\x01\x84\x8c\x95\x08\x00\
\x00\x00\x17\xe4\x00\x00\x00\x00\x00\x01\x00\x02\x00\x06\
\x00\x00\x01\x84\x8c\x95\x08\x00\
\x00\x00\x13\x56\x00\x00\x00\x00\x00\x01\x00\x01\xbc\x8b\
\x00\x00\x01\x84\x8c\x95\x08\x00\
\x00\x00\x10\xca\x00\x00\x00\x00\x00\x01\x00\x01\x63\x1a\
\x00\x00\x01\x84\x8c\x95\x08\x00\
\x00\x00\x17\xac\x00\x00\x00\x00\x00\x01\x00\x01\xfd\x76\
\x00\x00\x01\x84\x8c\x95\x08\x00\
\x00\x00\x10\x88\x00\x00\x00\x00\x00\x01\x00\x01\x5f\xcc\
\x00\x00\x01\x84\x8c\x95\x08\x00\
\x00\x00\x1a\x48\x00\x00\x00\x00\x00\x01\x00\x02\x24\x94\
\x00\x00\x01\x84\x8c\x95\x08\x00\
\x00\x00\x0c\x20\x00\x00\x00\x00\x00\x01\x00\x01\x28\x53\
\x00\x00\x01\x84\x8c\x95\x08\x00\
\x00\x00\x15\xaa\x00\x00\x00\x00\x00\x01\x00\x01\xd9\xae\
\x00\x00\x01\x84\x8c\x95\x08\x00\
\x00\x00\x06\x32\x00\x00\x00\x00\x00\x01\x00\x00\xc4\x96\
\x00\x00\x01\x84\x8c\x95\x08\x00\
\x00\x00\x1c\xc2\x00\x00\x00\x00\x00\x01\x00\x02\x40\x60\
\x00\x00\x01\x84\x8c\x95\x08\x00\
\x00\x00\x0a\x7a\x00\x00\x00\x00\x00\x01\x00\x01\x10\x1b\
\x00\x00\x01\x84\x8c\x95\x08\x00\
\x00\x00\x1d\x64\x00\x00\x00\x00\x00\x01\x00\x02\x48\x07\
\x00\x00\x01\x84\x8c\x95\x08\x00\
\x00\x00\x04\xe8\x00\x00\x00\x00\x00\x01\x00\x00\xb3\x5f\
\x00\x00\x01\x84\x8c\x95\x08\x00\
\x00\x00\x1d\xfe\x00\x00\x00\x00\x00\x01\x00\x02\x4f\x1e\
\x00\x00\x01\x84\x8c\x95\x08\x00\
\x00\x00\x21\xd8\x00\x00\x00\x00\x00\x01\x00\x02\x80\xe7\
\x00\x00\x01\x84\x8c\x95\x08\x00\
\x00\x00\x22\x12\x00\x00\x00\x00\x00\x01\x00\x02\x83\xf7\
\x00\x00\x01\x84\x8c\x95\x08\x00\
\x00\x00\x1c\x18\x00\x00\x00\x00\x00\x01\x00\x02\x38\x88\
\x00\x00\x01\x84\x8c\x95\x08\x00\
\x00\x00\x21\xa2\x00\x00\x00\x00\x00\x01\x00\x02\x7e\x76\
\x00\x00\x01\x84\x8c\x95\x08\x00\
\x00\x00\x08\xf6\x00\x00\x00\x00\x00\x01\x00\x00\xfb\x71\
\x00\x00\x01\x84\x8c\x95\x08\x00\
\x00\x00\x05\xc6\x00\x00\x00\x00\x00\x01\x00\x00\xbf\x29\
\x00\x00\x01\x84\x8c\x95\x08\x00\
\x00\x00\x08\xc6\x00\x00\x00\x00\x00\x01\x00\x00\xf8\x45\
\x00\x00\x01\x84\x8c\x95\x08\x00\
\x00\x00\x08\x1a\x00\x00\x00\x00\x00\x01\x00\x00\xee\xb2\
\x00\x00\x01\x84\x8c\x95\x08\x00\
"

qt_version = [int(v) for v in QtCore.qVersion().split('.')]
if qt_version < [5, 8, 0]:
    rcc_version = 1
    qt_resource_struct = qt_resource_struct_v1
else:
    rcc_version = 2
    qt_resource_struct = qt_resource_struct_v2

def qInitResources():
    QtCore.qRegisterResourceData(rcc_version, qt_resource_struct, qt_resource_name, qt_resource_data)

def qCleanupResources():
    QtCore.qUnregisterResourceData(rcc_version, qt_resource_struct, qt_resource_name, qt_resource_data)

qInitResources()
