time;pac;freq;
07:48:07;0;49,99;
07:48:10;0;50,00;
07:48:16;0;49,99;
07:48:22;0;49,98;
07:48:40;0;49,99;
07:48:52;0;49,98;
07:49:37;0;49,97;
07:49:43;0;49,98;
07:50:07;0;49,99;
07:50:13;0;49,98;
07:50:22;0;49,97;
07:50:28;0;49,96;
07:50:49;0;49,97;
07:50:55;0;49,96;
07:51:07;0;49,97;
07:51:25;0;49,98;
07:51:31;0;49,97;
07:51:43;0;49,98;
07:51:52;0;49,99;
07:51:55;0;49,98;
07:52:01;0;49,97;
07:52:13;0;49,98;
07:52:25;0;49,97;
07:52:28;0;49,96;
07:52:43;0;49,97;
07:53:01;0;49,98;
07:53:07;0;49,99;
07:53:16;0;50,00;
07:53:19;0;49,99;
07:53:25;0;49,98;
07:53:40;0;49,97;
07:53:49;0;49,98;
07:54:16;0;49,99;
07:54:19;0;49,98;
07:54:25;0;49,97;
07:54:28;0;49,96;
07:54:40;0;49,97;
07:55:01;0;49,96;
07:55:31;0;49,97;
07:55:43;0;49,98;
07:55:55;0;49,97;
07:56:37;0;49,98;
07:56:46;0;49,97;
07:57:04;0;49,98;
07:57:10;40;49,98;
07:57:13;41;49,98;
07:57:19;46;49,98;
07:57:22;44;49,97;
07:57:28;43;49,97;
07:57:31;46;49,96;
07:57:34;48;49,97;
07:57:37;45;49,97;
07:57:40;46;49,97;
07:57:43;46;49,98;
07:57:52;48;49,98;
07:58:04;48;49,99;
07:58:10;48;49,98;
07:58:19;49;49,98;
07:58:22;50;49,97;
07:58:25;48;49,97;
07:58:28;50;49,97;
07:58:31;48;49,96;
07:58:34;51;49,97;
07:58:55;52;49,97;
07:58:58;51;49,97;
07:59:01;52;49,97;
07:59:04;51;49,97;
07:59:07;52;49,97;
07:59:10;54;49,97;
07:59:13;52;49,98;
07:59:19;55;49,98;
07:59:22;57;49,98;
07:59:25;58;49,98;
07:59:28;57;49,98;
07:59:31;57;49,99;
07:59:34;58;49,99;
07:59:37;60;49,98;
07:59:43;59;49,98;
07:59:46;60;49,98;
07:59:49;61;49,98;
07:59:55;62;49,98;
07:59:58;66;49,99;
08:00:01;70;50,00;
08:00:04;73;50,00;
08:00:10;70;50,00;
08:00:13;67;50,00;
08:00:16;69;50,00;
08:00:19;70;50,00;
08:00:22;71;50,00;
08:00:25;72;50,00;
08:00:28;73;50,00;
08:00:31;74;50,00;
08:00:34;74;49,99;
08:00:37;75;50,00;
08:00:40;76;50,00;
08:00:46;79;50,00;
08:00:49;80;49,99;
08:00:52;81;50,00;
08:01:01;83;50,00;
08:01:04;84;50,00;
08:01:07;83;49,99;
08:01:13;87;49,99;
08:01:16;89;50,00;
08:01:19;94;50,00;
08:01:22;91;50,00;
08:01:25;94;50,01;
08:01:31;95;50,01;
08:01:34;96;50,01;
08:01:37;98;50,00;
08:01:40;99;50,00;
08:01:43;100;50,00;
08:01:46;100;50,01;
08:01:49;102;50,01;
08:01:52;103;50,01;
08:01:58;106;50,01;
08:02:01;105;50,01;
08:02:07;109;50,01;
08:02:10;112;50,01;
08:02:13;111;50,01;
08:02:16;114;50,01;
08:02:19;116;50,01;
08:02:22;118;50,01;
08:02:25;118;50,02;
08:02:28;119;50,02;
08:02:31;123;50,01;
08:02:34;125;50,01;
08:02:37;123;50,02;
08:02:40;125;50,02;
08:02:43;129;50,03;
08:02:46;129;50,02;
08:02:52;128;50,01;
08:02:55;130;50,01;
08:02:58;134;50,01;
08:03:01;134;50,00;
08:03:04;136;50,00;
08:03:07;135;50,01;
08:03:10;136;50,01;
08:03:16;139;50,01;
08:03:19;140;50,01;
08:03:22;139;50,00;
08:03:25;141;50,00;
08:03:28;142;50,00;
08:03:34;144;50,00;
08:03:37;146;50,00;
08:03:43;147;50,00;
08:03:49;149;50,00;
08:03:52;148;50,00;
08:03:58;152;49,99;
08:04:01;151;49,99;
08:04:04;153;49,98;
08:04:10;147;49,97;
08:04:13;148;49,97;
08:04:16;147;49,97;
08:04:19;156;49,97;
08:04:22;160;49,97;
08:04:25;161;49,98;
08:04:31;162;49,99;
08:04:34;161;49,99;
08:04:37;164;50,00;
08:04:40;166;50,00;
08:04:43;169;50,00;
08:04:46;169;49,99;
08:04:49;168;49,99;
08:04:52;171;49,99;
08:04:55;169;49,99;
08:05:04;171;50,00;
08:05:07;183;50,00;
08:05:10;184;50,00;
08:05:13;170;50,00;
08:05:19;176;49,99;
08:05:22;169;49,99;
08:05:25;167;49,99;
08:05:28;165;49,98;
08:05:31;170;49,98;
08:05:34;166;49,98;
08:05:37;168;49,97;
08:05:40;177;49,97;
08:05:43;178;49,97;
08:05:46;176;49,97;
08:05:49;175;49,98;
08:05:55;172;49,97;
08:05:58;174;49,97;
08:06:01;176;49,97;
08:06:04;175;49,97;
08:06:10;178;49,98;
08:06:13;176;49,97;
08:06:16;177;49,98;
08:06:19;174;49,97;
08:06:25;172;49,97;
08:06:28;174;49,97;
08:06:31;175;49,97;
08:06:34;177;49,97;
08:06:37;178;49,97;
08:06:40;179;49,96;
08:06:43;177;49,96;
08:06:46;180;49,96;
08:06:49;182;49,96;
08:06:52;181;49,96;
08:06:55;178;49,96;
08:06:58;179;49,96;
08:07:01;174;49,96;
08:07:04;180;49,96;
08:07:07;163;49,96;
08:07:10;159;49,96;
08:07:16;183;49,97;
08:07:19;177;49,96;
08:07:22;176;49,97;
08:07:25;174;49,97;
08:07:28;182;49,97;
08:07:31;183;49,97;
08:07:34;179;49,97;
08:07:37;183;49,97;
08:07:40;185;49,98;
08:07:43;187;49,98;
08:07:46;188;49,98;
08:07:49;187;49,98;
08:07:52;185;49,98;
08:07:55;188;49,98;
08:08:01;189;49,98;
08:08:04;190;49,99;
08:08:10;188;49,99;
08:08:13;189;49,99;
08:08:16;187;49,99;
08:08:19;189;49,98;
08:08:22;183;49,98;
08:08:25;194;49,98;
08:08:28;189;49,98;
08:08:31;193;49,98;
08:08:34;189;49,98;
08:08:37;194;49,98;
08:08:40;193;49,98;
08:08:43;195;49,98;
08:08:46;192;49,98;
08:08:52;192;49,97;
08:08:55;191;49,98;
08:08:58;190;49,98;
08:09:01;190;49,99;
08:09:07;196;50,00;
08:09:10;199;50,00;
08:09:13;201;50,01;
08:09:16;195;50,01;
08:09:19;196;50,01;
08:09:22;198;50,01;
08:09:25;196;50,01;
08:09:28;198;50,01;
08:09:31;199;50,00;
08:09:34;197;50,00;
08:09:37;200;50,00;
08:09:40;198;50,00;
08:09:46;195;50,00;
08:09:49;200;50,00;
08:09:52;198;50,00;
08:09:55;200;50,00;
08:09:58;197;50,00;
08:10:01;200;50,00;
08:10:04;202;50,01;
08:10:07;200;50,01;
08:10:13;201;50,01;
08:10:16;204;50,00;
08:10:19;205;50,00;
08:10:22;207;50,00;
08:10:25;204;50,00;
08:10:28;200;49,99;
08:10:31;205;50,00;
08:10:34;204;50,00;
08:10:43;205;50,00;
08:10:46;204;50,00;
08:10:55;205;49,99;
08:10:58;203;49,99;
08:11:01;199;49,99;
08:11:04;200;49,99;
08:11:07;201;49,99;
08:11:10;204;49,99;
08:11:19;203;49,99;
08:11:22;204;49,99;
08:11:25;204;49,98;
08:11:28;201;49,98;
08:11:31;200;49,99;
08:11:37;198;49,99;
08:11:40;195;49,99;
08:11:43;207;50,00;
08:11:46;205;50,00;
08:11:49;201;49,99;
08:11:52;202;49,99;
08:11:55;204;50,00;
08:11:58;206;50,00;
08:12:01;200;50,00;
08:12:04;199;50,00;
08:12:07;197;50,00;
08:12:10;198;50,00;
08:12:13;190;50,00;
08:12:16;198;50,00;
08:12:19;198;49,99;
08:12:22;194;49,99;
08:12:25;200;49,99;
08:12:28;205;49,99;
08:12:34;204;49,99;
08:12:37;208;49,99;
08:12:40;206;49,99;
08:12:43;207;49,99;
08:12:46;205;49,99;
08:12:49;207;49,99;
08:12:52;209;50,00;
08:12:55;212;50,00;
08:12:58;208;50,00;
08:13:01;207;49,99;
08:13:13;210;49,99;
08:13:16;209;49,99;
08:13:19;210;49,98;
08:13:22;209;49,98;
08:13:28;204;49,98;
08:13:31;211;49,98;
08:13:34;209;49,98;
08:13:37;205;49,98;
08:13:40;207;49,98;
08:13:43;205;49,98;
08:13:46;209;49,98;
08:13:49;205;49,97;
08:13:55;204;49,97;
08:13:58;202;49,97;
08:14:01;201;49,97;
08:14:04;199;49,97;
08:14:07;199;49,98;
08:14:10;197;49,98;
08:14:16;195;49,97;
08:14:19;194;49,97;
08:14:22;192;49,97;
08:14:25;191;49,96;
08:14:28;186;49,97;
08:14:31;189;49,97;
08:14:34;187;49,98;
08:14:37;185;49,98;
08:14:40;185;50,00;
08:14:43;188;50,00;
08:14:46;187;50,00;
08:14:49;190;50,01;
08:14:52;178;50,00;
08:14:55;177;50,00;
08:14:58;174;50,00;
08:15:01;172;50,00;
08:15:04;171;50,00;
08:15:10;168;50,01;
08:15:13;169;50,01;
08:15:16;171;50,00;
08:15:22;161;49,99;
08:15:25;168;49,99;
08:15:28;159;49,99;
08:15:31;161;49,99;
08:15:34;163;49,99;
08:15:37;156;50,00;
08:15:40;153;50,00;
08:15:43;157;50,00;
08:15:46;150;50,00;
08:15:49;152;50,00;
08:15:52;153;50,00;
08:15:55;150;49,99;
08:15:58;152;49,99;
08:16:01;150;49,98;
08:16:04;148;49,98;
08:16:07;146;49,98;
08:16:10;144;49,99;
08:16:13;148;50,00;
08:16:16;156;50,00;
08:16:19;146;50,00;
08:16:22;148;50,00;
08:16:28;144;49,98;
08:16:31;143;49,98;
08:16:34;142;49,98;
08:16:40;140;49,98;
08:16:43;138;49,98;
08:16:46;143;49,97;
08:16:49;144;49,97;
08:16:52;143;49,98;
08:16:55;142;49,98;
08:17:01;141;49,98;
08:17:04;139;49,98;
08:17:07;140;49,99;
08:17:13;137;49,99;
08:17:16;119;49,99;
08:17:19;117;49,99;
08:17:22;137;49,98;
08:17:31;138;49,98;
08:17:34;137;49,98;
08:17:37;136;49,98;
08:17:43;135;49,98;
08:17:46;134;49,98;
08:17:52;134;49,99;
08:17:55;131;49,99;
08:17:58;134;49,99;
08:18:04;135;49,99;
08:18:07;136;49,99;
08:18:10;134;49,99;
08:18:13;135;49,99;
08:18:19;128;49,99;
08:18:22;134;49,98;
08:18:25;136;49,98;
08:18:28;134;49,98;
08:18:31;128;49,97;
08:18:34;134;49,97;
08:18:37;128;49,97;
08:18:40;136;49,97;
08:18:43;130;49,97;
08:18:46;132;49,97;
08:18:49;134;49,98;
08:18:52;132;49,98;
08:18:55;134;49,98;
08:19:07;135;49,98;
08:19:10;134;49,98;
08:19:13;132;49,98;
08:19:16;134;49,98;
08:19:19;136;49,98;
08:19:25;132;49,98;
08:19:28;135;49,98;
08:19:34;136;49,97;
08:19:37;134;49,98;
08:19:40;136;49,97;
08:19:46;137;49,97;
08:19:49;136;49,97;
08:19:52;139;49,97;
08:19:55;142;49,97;
08:19:58;139;49,97;
08:20:01;139;49,98;
08:20:04;141;49,98;
08:20:07;139;49,98;
08:20:10;141;49,98;
08:20:13;145;49,98;
08:20:16;143;49,98;
08:20:19;137;49,97;
08:20:22;147;49,97;
08:20:25;137;49,96;
08:20:31;149;49,96;
08:20:34;144;49,96;
08:20:37;141;49,97;
08:20:40;147;49,97;
08:20:43;150;49,97;
08:20:46;148;49,97;
08:20:49;152;49,96;
08:20:55;153;49,97;
08:20:58;148;49,97;
08:21:01;153;49,97;
08:21:04;151;49,97;
08:21:07;156;49,97;
08:21:10;158;49,97;
08:21:16;156;49,97;
08:21:19;159;49,97;
08:21:22;161;49,96;
08:21:25;160;49,96;
08:21:28;165;49,96;
08:21:37;167;49,95;
08:21:40;170;49,96;
08:21:43;169;49,96;
08:21:55;170;49,95;
08:21:58;171;49,95;
08:22:01;174;49,95;
08:22:04;173;49,96;
08:22:07;177;49,96;
08:22:10;180;49,97;
08:22:13;178;49,97;
08:22:16;178;49,96;
08:22:22;179;49,96;
08:22:25;181;49,96;
08:22:28;185;49,96;
08:22:31;183;49,97;
08:22:34;189;49,97;
08:22:37;187;49,97;
08:22:40;190;49,98;
08:22:43;187;49,98;
08:22:46;192;49,97;
08:22:52;190;49,97;
08:22:55;193;49,97;
08:22:58;196;49,97;
08:23:01;195;49,97;
08:23:07;197;49,97;
08:23:10;194;49,97;
08:23:13;196;49,97;
08:23:16;199;49,96;
08:23:19;198;49,97;
08:23:22;193;49,97;
08:23:28;204;49,98;
08:23:31;196;49,97;
08:23:37;204;49,97;
08:23:40;196;49,97;
08:23:43;202;49,97;
08:23:46;203;49,98;
08:23:49;205;49,98;
08:23:52;207;49,98;
08:23:55;209;49,98;
08:23:58;208;49,98;
08:24:01;206;49,98;
08:24:04;208;49,98;
08:24:07;206;49,98;
08:24:10;210;49,98;
08:24:13;212;49,97;
08:24:19;213;49,96;
08:24:22;216;49,96;
08:24:25;218;49,97;
08:24:28;219;49,97;
08:24:34;217;49,98;
08:24:37;215;49,98;
08:24:40;218;49,98;
08:24:43;214;49,97;
08:24:46;218;49,97;
08:24:49;219;49,97;
08:24:52;220;49,98;
08:24:55;221;49,98;
08:24:58;222;49,98;
08:25:01;222;49,99;
08:25:07;219;49,98;
08:25:10;223;49,98;
08:25:13;226;49,98;
08:25:16;225;49,98;
08:25:19;222;49,98;
08:25:22;226;49,98;
08:25:25;230;49,98;
08:25:28;228;49,98;
08:25:31;221;49,98;
08:25:34;229;49,98;
08:25:40;233;49,98;
08:25:46;228;49,98;
08:25:52;234;49,98;
08:26:01;235;49,98;
08:26:04;230;49,98;
08:26:07;236;49,99;
08:26:10;240;50,00;
08:26:13;244;50,00;
08:26:19;244;49,99;
08:26:25;244;49,98;
08:26:28;249;49,98;
08:26:31;250;49,98;
08:26:34;250;49,97;
08:26:37;254;49,97;
08:26:40;250;49,97;
08:26:43;254;49,97;
08:26:46;255;49,97;
08:26:49;258;49,98;
08:26:52;256;49,98;
08:26:55;259;49,99;
08:26:58;259;50,00;
08:27:01;267;50,00;
08:27:04;270;50,00;
08:27:07;275;50,01;
08:27:10;272;50,01;
08:27:13;272;50,00;
08:27:16;269;50,00;
08:27:19;275;49,98;
08:27:22;272;49,98;
08:27:25;234;49,97;
08:27:31;282;49,96;
08:27:34;285;49,97;
08:27:40;283;49,97;
08:27:43;285;49,98;
08:27:46;283;49,98;
08:27:49;284;49,98;
08:27:52;287;49,98;
08:27:55;290;49,98;
08:27:58;291;49,99;
08:28:01;293;49,99;
08:28:04;290;49,98;
08:28:07;296;49,99;
08:28:10;294;49,99;
08:28:13;297;49,99;
08:28:16;295;50,00;
08:28:19;299;50,00;
08:28:22;300;50,00;
08:28:25;301;49,99;
08:28:28;292;49,99;
08:28:31;289;49,98;
08:28:37;294;49,98;
08:28:40;297;49,99;
08:28:46;291;49,99;
08:28:49;297;49,99;
08:28:52;299;49,99;
08:28:55;294;49,99;
08:28:58;299;49,99;
08:29:04;298;50,00;
08:29:07;301;50,00;
08:29:10;299;50,00;
08:29:13;301;50,00;
08:29:19;302;50,00;
08:29:22;300;50,00;
08:29:25;293;50,00;
08:29:28;294;50,00;
08:29:31;293;50,00;
08:29:37;292;50,00;
08:29:46;293;50,00;
08:29:49;292;50,00;
08:29:52;291;50,00;
08:29:55;289;50,00;
08:29:58;289;50,01;
08:30:04;290;50,01;
08:30:07;290;50,00;
08:30:10;288;50,00;
08:30:19;286;50,00;
08:30:22;282;50,00;
08:30:28;283;50,00;
08:30:31;287;50,00;
08:30:34;281;50,00;
08:30:37;276;50,00;
08:30:40;282;50,00;
08:30:43;286;50,00;
08:30:46;278;50,00;
08:30:49;282;50,00;
08:30:52;282;49,99;
08:30:55;285;50,00;
08:30:58;284;49,99;
08:31:01;284;50,00;
08:31:07;287;50,00;
08:31:10;290;49,99;
08:31:13;290;49,98;
08:31:16;288;49,98;
08:31:19;287;49,98;
08:31:22;291;49,98;
08:31:25;292;49,99;
08:31:28;295;50,00;
08:31:34;288;50,01;
08:31:37;287;50,01;
08:31:40;288;50,01;
08:31:43;284;50,01;
08:31:46;293;50,01;
08:31:49;295;50,01;
08:31:52;291;50,00;
08:31:55;297;50,00;
08:31:58;299;50,00;
08:32:01;302;50,00;
08:32:04;303;50,00;
08:32:10;304;50,00;
08:32:13;301;49,99;
08:32:16;299;49,99;
08:32:19;304;49,99;
08:32:22;303;49,99;
08:32:25;302;49,98;
08:32:28;305;49,98;
08:32:31;306;49,99;
08:32:34;308;49,99;
08:32:40;308;50,00;
08:32:43;308;50,01;
08:32:46;310;50,01;
08:32:49;312;50,01;
08:32:52;314;50,01;
08:32:58;312;50,01;
08:33:01;315;50,01;
08:33:04;316;50,01;
08:33:07;316;50,00;
08:33:10;317;50,00;
08:33:16;316;50,00;
08:33:22;310;50,00;
08:33:25;316;50,01;
08:33:28;317;50,01;
08:33:31;322;50,00;
08:33:34;317;50,00;
08:33:37;323;49,99;
08:33:40;321;49,98;
08:33:49;324;49,99;
08:33:52;323;50,00;
08:33:55;327;50,00;
08:33:58;319;50,00;
08:34:01;327;49,99;
08:34:04;332;50,00;
08:34:07;334;50,00;
08:34:10;334;49,99;
08:34:16;332;49,99;
08:34:19;338;50,00;
08:34:22;340;50,00;
08:34:25;339;50,00;
08:34:31;340;50,00;
08:34:34;335;50,00;
08:34:37;338;50,00;
08:34:40;341;50,00;
08:34:46;341;49,99;
08:34:49;338;50,00;
08:34:52;342;50,00;
08:34:55;341;49,99;
08:34:58;342;49,99;
08:35:01;341;50,00;
08:35:04;344;50,00;
08:35:10;345;50,00;
08:35:13;346;50,00;
08:35:19;345;50,00;
08:35:22;343;50,00;
08:35:25;341;50,00;
08:35:31;340;50,00;
08:35:37;339;50,00;
08:35:40;338;50,00;
08:35:43;332;49,99;
08:35:46;339;49,99;
08:35:49;330;49,98;
08:35:52;332;49,98;
08:35:55;327;49,98;
08:35:58;326;49,98;
08:36:04;327;49,98;
08:36:07;324;49,98;
08:36:10;325;49,98;
08:36:13;322;49,98;
08:36:19;317;49,98;
08:36:25;314;49,97;
08:36:28;316;49,96;
08:36:31;312;49,96;
08:36:37;308;49,96;
08:36:43;303;49,97;
08:36:46;302;49,97;
08:36:49;295;49,98;
08:36:52;297;49,98;
08:36:55;295;49,99;
08:36:58;294;49,99;
08:37:01;293;49,99;
08:37:04;289;49,99;
08:37:07;292;49,98;
08:37:10;287;49,98;
08:37:13;284;49,98;
08:37:16;286;49,98;
08:37:19;278;49,98;
08:37:22;280;49,98;
08:37:28;279;49,99;
08:37:31;272;49,99;
08:37:34;274;49,99;
08:37:37;277;49,99;
08:37:40;273;49,99;
08:37:43;274;49,99;
08:37:49;273;49,98;
08:37:52;271;49,98;
08:37:55;269;49,98;
08:37:58;268;49,98;
08:38:04;267;49,98;
08:38:07;265;49,98;
08:38:10;263;49,98;
08:38:13;262;49,98;
08:38:16;260;49,98;
08:38:19;254;49,99;
08:38:22;258;49,98;
08:38:25;257;49,98;
08:38:28;254;49,99;
08:38:31;254;49,98;
08:38:34;251;49,98;
08:38:37;241;49,98;
08:38:40;245;49,99;
08:38:43;249;49,99;
08:38:46;245;50,00;
08:38:49;252;50,00;
08:38:55;239;50,00;
08:38:58;243;49,99;
08:39:01;235;49,99;
08:39:04;239;49,99;
08:39:10;243;49,99;
08:39:13;239;49,99;
08:39:16;241;49,99;
08:39:19;242;49,99;
08:39:22;245;49,99;
08:39:25;244;49,99;
08:39:28;242;49,99;
08:39:31;240;49,99;
08:39:34;238;49,98;
08:39:40;244;49,98;
08:39:43;243;49,98;
08:39:52;245;49,98;
08:40:01;248;49,98;
08:40:04;249;49,97;
08:40:10;248;49,96;
08:40:13;250;49,97;
08:40:16;246;49,98;
08:40:19;249;49,98;
08:40:22;251;49,98;
08:40:28;255;49,98;
08:40:34;255;49,97;
08:40:37;258;49,97;
08:40:40;255;49,97;
08:40:46;261;49,97;
08:40:49;259;49,97;
08:40:52;264;49,97;
08:40:55;264;49,98;
08:41:01;266;49,98;
08:41:04;269;49,98;
08:41:07;268;49,99;
08:41:10;269;49,99;
08:41:13;270;49,99;
08:41:16;269;49,99;
08:41:19;272;49,99;
08:41:22;267;49,99;
08:41:25;272;49,99;
08:41:31;274;49,99;
08:41:34;278;49,98;
08:41:40;284;49,98;
08:41:43;278;49,98;
08:41:52;276;49,98;
08:41:55;282;49,98;
08:41:58;287;49,98;
08:42:01;281;49,98;
08:42:04;282;49,98;
08:42:07;284;49,98;
08:42:10;282;49,98;
08:42:13;283;49,98;
08:42:16;285;49,98;
08:42:19;290;49,97;
08:42:25;293;49,96;
08:42:28;292;49,96;
08:42:31;288;49,96;
08:42:34;290;49,96;
08:42:37;294;49,97;
08:42:43;292;49,97;
08:42:46;296;49,98;
08:42:49;297;49,98;
08:42:58;300;49,98;
08:43:04;302;49,98;
08:43:07;299;49,97;
08:43:10;304;49,97;
08:43:13;306;49,97;
08:43:16;306;49,98;
08:43:19;307;49,98;
08:43:22;305;49,99;
08:43:25;303;49,99;
08:43:28;298;49,99;
08:43:31;296;49,99;
08:43:34;312;49,98;
08:43:37;314;49,98;
08:43:40;312;49,99;
08:43:43;307;49,99;
08:43:46;308;49,99;
08:43:52;317;50,00;
08:43:55;325;50,00;
08:43:58;319;50,00;
08:44:01;323;50,00;
08:44:04;317;50,00;
08:44:07;319;50,00;
08:44:10;317;50,00;
08:44:13;323;49,99;
08:44:16;325;49,99;
08:44:19;326;49,99;
08:44:22;323;49,99;
08:44:25;325;49,99;
08:44:28;320;50,00;
08:44:31;321;50,00;
08:44:34;317;50,00;
08:44:37;323;50,00;
08:44:40;325;50,00;
08:44:43;326;50,00;
08:44:49;328;49,99;
08:44:52;324;49,99;
08:44:55;327;49,98;
08:44:58;330;49,98;
08:45:01;333;49,98;
08:45:04;334;49,98;
08:45:07;335;49,98;
08:45:13;333;49,98;
08:45:19;339;49,98;
08:45:22;343;49,98;
08:45:25;344;49,98;
08:45:28;342;49,98;
08:45:31;347;49,98;
08:45:34;352;49,98;
08:45:37;353;49,98;
08:45:40;352;49,97;
08:45:43;355;49,97;
08:45:46;352;49,97;
08:45:49;358;49,97;
08:45:55;364;49,98;
08:45:58;363;49,98;
08:46:01;368;49,99;
08:46:04;371;49,99;
08:46:07;365;49,99;
08:46:10;363;49,99;
08:46:13;380;49,98;
08:46:16;381;49,98;
08:46:19;387;49,98;
08:46:25;390;49,98;
08:46:31;396;49,98;
08:46:34;402;49,99;
08:46:40;401;50,00;
08:46:43;412;50,00;
08:46:46;421;50,00;
08:46:49;417;50,00;
08:46:52;412;50,00;
08:46:55;419;50,00;
08:47:01;428;50,00;
08:47:04;435;50,00;
08:47:07;433;50,00;
08:47:10;433;49,99;
08:47:13;443;49,99;
08:47:16;446;49,99;
08:47:19;445;49,99;
08:47:22;450;49,99;
08:47:25;461;50,00;
08:47:28;467;50,00;
08:47:31;465;50,01;
08:47:37;470;50,01;
08:47:40;474;50,01;
08:47:43;477;50,01;
08:47:46;483;50,01;
08:47:49;489;50,01;
08:47:52;492;50,01;
08:47:55;497;50,00;
08:47:58;500;50,00;
08:48:01;501;49,99;
08:48:07;511;50,00;
08:48:10;514;50,00;
08:48:13;518;49,99;
08:48:16;523;49,99;
08:48:19;526;49,99;
08:48:22;528;49,99;
08:48:25;533;49,99;
08:48:28;530;49,99;
08:48:31;532;49,98;
08:48:34;541;49,98;
08:48:37;540;49,98;
08:48:40;543;49,98;
08:48:43;540;49,97;
08:48:46;551;49,97;
08:48:52;555;49,97;
08:48:55;553;49,98;
08:48:58;564;49,98;
08:49:01;567;49,98;
08:49:04;569;49,98;
08:49:07;567;49,98;
08:49:10;561;49,98;
08:49:13;554;49,98;
08:49:16;569;49,98;
08:49:19;579;49,98;
08:49:25;581;49,97;
08:49:28;581;49,98;
08:49:31;582;49,98;
08:49:34;574;49,98;
08:49:37;583;49,98;
08:49:40;585;49,98;
08:49:49;584;49,98;
08:49:52;583;49,98;
08:49:58;585;49,98;
08:50:04;586;49,98;
08:50:07;583;49,97;
08:50:10;579;49,97;
08:50:13;573;49,98;
08:50:16;583;49,98;
08:50:19;579;49,98;
08:50:22;580;49,98;
08:50:25;578;49,98;
08:50:28;576;49,98;
08:50:34;573;49,97;
08:50:37;569;49,97;
08:50:40;574;49,97;
08:50:43;572;49,97;
08:50:46;570;49,97;
08:50:52;568;49,98;
08:50:55;566;49,98;
08:50:58;564;49,98;
08:51:04;562;49,99;
08:51:07;564;49,99;
08:51:10;563;49,99;
08:51:13;562;49,99;
08:51:16;561;49,99;
08:51:19;559;49,99;
08:51:22;556;49,99;
08:51:25;558;49,98;
08:51:28;556;49,98;
08:51:31;557;49,98;
08:51:34;553;49,98;
08:51:37;555;49,98;
08:51:40;552;49,98;
08:51:43;553;49,98;
08:51:46;550;49,98;
08:51:49;551;49,98;
08:51:52;554;49,99;
08:51:55;549;49,99;
08:51:58;545;49,99;
08:52:01;548;49,99;
08:52:04;551;49,99;
08:52:10;541;49,98;
08:52:13;548;49,98;
08:52:19;544;49,98;
08:52:22;541;49,98;
08:52:25;542;49,98;
08:52:31;541;49,99;
08:52:34;539;50,00;
08:52:37;537;50,00;
08:52:40;538;50,00;
08:52:43;535;50,00;
08:52:46;531;50,00;
08:52:49;530;50,00;
08:52:52;528;50,00;
08:52:55;527;50,00;
08:52:58;522;50,00;
08:53:01;520;50,00;
08:53:07;516;49,99;
08:53:10;515;49,99;
08:53:13;510;49,99;
08:53:16;511;49,99;
08:53:19;502;49,98;
08:53:22;505;49,98;
08:53:25;500;49,98;
08:53:28;499;49,97;
08:53:31;480;49,97;
08:53:34;498;49,98;
08:53:37;496;49,98;
08:53:40;492;49,97;
08:53:43;493;49,97;
08:53:46;484;49,98;
08:53:49;490;49,98;
08:53:55;488;49,98;
08:54:01;486;49,99;
08:54:07;481;49,98;
08:54:10;483;49,98;
08:54:13;484;49,98;
08:54:16;482;49,98;
08:54:19;483;49,99;
08:54:22;478;49,99;
08:54:25;482;49,99;
08:54:31;479;50,00;
08:54:34;478;50,00;
08:54:37;476;49,99;
08:54:40;475;49,99;
08:54:49;474;49,99;
08:54:52;475;49,99;
08:54:55;468;49,99;
08:54:58;475;49,99;
08:55:01;473;49,99;
08:55:07;467;49,99;
08:55:10;469;49,99;
08:55:13;470;49,99;
08:55:16;468;49,99;
08:55:19;465;50,00;
08:55:22;466;50,00;
08:55:25;468;50,00;
08:55:28;465;50,00;
08:55:31;464;49,99;
08:55:34;465;49,99;
08:55:37;465;49,98;
08:55:40;463;49,98;
08:55:43;470;49,98;
08:55:46;467;49,98;
08:55:49;466;49,97;
08:55:52;468;49,97;
08:55:58;465;49,97;
08:56:01;463;49,97;
08:56:04;466;49,98;
08:56:07;468;49,98;
08:56:13;465;49,97;
08:56:16;467;49,97;
08:56:19;469;49,97;
08:56:22;472;49,97;
08:56:25;453;49,97;
08:56:28;463;49,97;
08:56:31;467;49,98;
08:56:34;470;49,98;
08:56:37;471;49,98;
08:56:40;472;49,98;
08:56:43;475;49,98;
08:56:46;474;49,98;
08:56:49;472;49,98;
08:56:52;476;49,98;
08:56:58;473;49,98;
08:57:01;471;49,99;
08:57:04;479;50,00;
08:57:07;481;50,00;
08:57:10;477;50,00;
08:57:13;474;49,99;
08:57:19;476;49,99;
08:57:22;483;49,99;
08:57:31;485;49,99;
08:57:34;489;49,99;
08:57:37;476;49,99;
08:57:40;481;49,99;
08:57:43;490;49,99;
08:57:46;492;50,00;
08:57:49;490;50,00;
08:57:52;493;50,00;
08:57:55;494;50,00;
08:57:58;495;50,00;
08:58:04;483;50,00;
08:58:07;496;50,00;
08:58:10;498;49,99;
08:58:13;499;49,99;
08:58:16;496;50,00;
08:58:19;497;50,00;
08:58:22;503;50,00;
08:58:25;502;50,00;
08:58:28;496;50,00;
08:58:31;500;49,99;
08:58:34;498;49,99;
08:58:37;495;49,98;
08:58:40;496;49,98;
08:58:43;495;49,98;
08:58:46;498;49,98;
08:58:49;497;49,98;
08:58:52;494;49,99;
08:58:55;497;49,98;
08:59:01;491;49,99;
08:59:04;490;49,99;
08:59:10;492;50,00;
08:59:13;490;50,00;
08:59:16;489;50,00;
08:59:19;488;49,99;
08:59:22;489;49,98;
08:59:25;488;49,98;
08:59:28;484;49,98;
08:59:31;485;49,97;
08:59:37;484;49,97;
08:59:43;486;49,98;
08:59:46;482;49,98;
08:59:49;484;49,98;
08:59:52;479;49,97;
08:59:55;478;49,97;
08:59:58;481;49,96;
09:00:01;475;49,96;
09:00:04;474;49,97;
09:00:07;474;49,96;
09:00:10;482;49,96;
09:00:16;476;49,97;
09:00:19;473;49,96;
09:00:22;475;49,97;
09:00:25;467;49,96;
09:00:28;473;49,96;
09:00:31;470;49,95;
09:00:34;473;49,95;
09:00:37;469;49,95;
09:00:40;471;49,95;
09:00:43;470;49,95;
09:00:46;472;49,95;
09:00:49;475;49,95;
09:00:52;472;49,94;
09:00:55;468;49,95;
09:00:58;471;49,95;
09:01:01;472;49,94;
09:01:04;471;49,95;
09:01:07;467;49,95;
09:01:10;472;49,94;
09:01:13;462;49,94;
09:01:16;469;49,95;
09:01:22;475;49,95;
09:01:25;474;49,95;
09:01:28;475;49,95;
09:01:31;473;49,95;
09:01:34;476;49,95;
09:01:37;477;49,96;
09:01:40;478;49,96;
09:01:46;477;49,96;
09:01:49;480;49,96;
09:01:52;483;49,96;
09:01:55;480;49,96;
09:01:58;487;49,96;
09:02:01;489;49,96;
09:02:07;484;49,96;
09:02:10;491;49,96;
09:02:13;486;49,96;
09:02:16;494;49,96;
09:02:19;495;49,97;
09:02:22;493;49,96;
09:02:25;494;49,97;
09:02:28;492;49,96;
09:02:31;499;49,96;
09:02:34;502;49,95;
09:02:37;500;49,96;
09:02:40;504;49,95;
09:02:43;502;49,95;
09:02:49;504;49,95;
09:02:52;505;49,95;
09:02:55;505;49,96;
09:02:58;504;49,96;
09:03:01;507;49,96;
09:03:04;509;49,96;
09:03:07;507;49,96;
09:03:13;505;49,96;
09:03:16;507;49,96;
09:03:19;506;49,96;
09:03:22;504;49,96;
09:03:25;504;49,95;
09:03:28;504;49,96;
09:03:31;506;49,95;
09:03:34;503;49,96;
09:03:43;504;49,96;
09:03:46;500;49,96;
09:03:49;505;49,96;
09:03:52;503;49,96;
09:03:55;502;49,96;
09:03:58;498;49,96;
09:04:01;500;49,96;
09:04:04;501;49,97;
09:04:07;500;49,96;
09:04:10;493;49,96;
09:04:13;497;49,96;
09:04:19;499;49,96;
09:04:22;496;49,96;
09:04:25;498;49,96;
09:04:28;496;49,95;
09:04:31;495;49,95;
09:04:34;494;49,95;
09:04:37;493;49,95;
09:04:40;494;49,95;
09:04:43;489;49,96;
09:04:49;492;49,96;
09:04:55;490;49,96;
09:04:58;488;49,97;
09:05:01;489;49,97;
09:05:07;488;49,96;
09:05:10;480;49,96;
09:05:13;486;49,96;
09:05:16;487;49,96;
09:05:19;484;49,96;
09:05:25;482;49,96;
09:05:28;484;49,96;
09:05:31;482;49,96;
09:05:34;481;49,96;
09:05:40;480;49,96;
09:05:43;481;49,96;
09:05:46;480;49,96;
09:05:52;478;49,96;
09:05:55;476;49,95;
09:05:58;479;49,96;
09:06:04;475;49,96;
09:06:07;480;49,96;
09:06:10;479;49,97;
09:06:13;479;49,98;
09:06:16;480;49,98;
09:06:19;483;49,97;
09:06:25;482;49,97;
09:06:31;484;49,96;
09:06:34;485;49,96;
09:06:37;483;49,96;
09:06:40;488;49,96;
09:06:43;489;49,97;
09:06:49;491;49,97;
09:06:55;492;49,96;
09:06:58;495;49,96;
09:07:01;498;49,97;
09:07:04;499;49,97;
09:07:07;494;49,98;
09:07:10;503;49,98;
09:07:16;505;49,98;
09:07:19;502;49,99;
09:07:22;509;49,98;
09:07:25;511;49,98;
09:07:28;513;49,98;
09:07:31;514;49,98;
09:07:34;511;49,98;
09:07:37;516;49,98;
09:07:40;517;49,97;
09:07:43;520;49,97;
09:07:49;524;49,97;
09:07:52;525;49,98;
09:07:55;526;49,98;
09:07:58;528;49,98;
09:08:04;530;49,98;
09:08:07;533;49,99;
09:08:10;534;49,98;
09:08:13;535;49,99;
09:08:16;539;49,99;
09:08:22;542;49,99;
09:08:25;548;49,99;
09:08:28;544;50,00;
09:08:31;550;50,00;
09:08:34;553;50,00;
09:08:37;549;49,99;
09:08:40;545;49,99;
09:08:43;550;49,99;
09:08:46;557;49,99;
09:08:49;561;50,00;
09:08:52;565;50,00;
09:08:55;566;50,00;
09:08:58;567;50,00;
09:09:01;570;50,00;
09:09:04;565;50,00;
09:09:13;566;50,00;
09:09:16;564;50,00;
09:09:19;568;50,00;
09:09:28;563;50,00;
09:09:31;562;50,00;
09:09:34;564;50,00;
09:09:37;568;50,00;
09:09:40;570;50,00;
09:09:43;571;49,99;
09:09:46;565;49,99;
09:09:49;568;49,99;
09:09:52;569;49,99;
09:09:55;568;49,98;
09:09:58;567;49,99;
09:10:01;563;49,99;
09:10:04;562;49,99;
09:10:07;561;49,99;
09:10:10;569;49,99;
09:10:13;567;49,99;
09:10:16;562;49,99;
09:10:19;566;49,99;
09:10:22;567;49,99;
09:10:25;566;49,99;
09:10:28;560;49,99;
09:10:34;561;49,99;
09:10:37;566;49,99;
09:10:40;561;49,99;
09:10:43;568;49,99;
09:10:46;562;50,00;
09:10:49;569;50,00;
09:10:52;570;50,00;
09:10:55;565;50,00;
09:10:58;557;49,99;
09:11:01;563;49,99;
09:11:04;563;49,98;
09:11:07;562;49,98;
09:11:10;558;49,98;
09:11:13;561;49,99;
09:11:19;559;49,99;
09:11:22;561;49,99;
09:11:28;562;49,99;
09:11:31;562;49,98;
09:11:34;559;49,98;
09:11:37;556;49,97;
09:11:40;561;49,97;
09:11:43;562;49,98;
09:11:46;561;49,98;
09:11:52;562;49,98;
09:11:55;563;49,98;
09:11:58;561;49,99;
09:12:01;555;49,99;
09:12:04;565;50,00;
09:12:07;561;50,00;
09:12:13;557;49,99;
09:12:16;562;49,99;
09:12:19;555;49,99;
09:12:25;559;49,99;
09:12:31;553;49,98;
09:12:34;562;49,98;
09:12:37;558;49,98;
09:12:40;563;49,98;
09:12:46;560;49,98;
09:12:49;557;49,99;
09:12:52;562;49,99;
09:12:55;561;49,99;
09:12:58;564;49,99;
09:13:01;561;50,00;
09:13:04;568;50,00;
09:13:07;573;50,00;
09:13:13;566;50,00;
09:13:16;573;50,00;
09:13:19;566;50,00;
09:13:22;569;50,00;
09:13:25;564;50,00;
09:13:31;566;50,00;
09:13:34;573;50,00;
09:13:37;566;50,00;
09:13:40;571;50,00;
09:13:43;569;50,01;
09:13:46;574;50,01;
09:13:52;567;50,01;
09:13:55;571;50,00;
09:13:58;574;50,00;
09:14:01;569;50,01;
09:14:04;575;50,00;
09:14:07;559;50,00;
09:14:10;567;50,00;
09:14:13;565;49,99;
09:14:16;563;49,98;
09:14:19;568;49,98;
09:14:22;570;49,98;
09:14:25;565;49,98;
09:14:28;569;49,98;
09:14:31;565;49,98;
09:14:37;567;49,99;
09:14:40;574;50,00;
09:14:43;567;50,00;
09:14:46;576;50,00;
09:14:49;569;50,00;
09:14:52;575;50,00;
09:14:55;568;50,00;
09:14:58;557;50,00;
09:15:01;562;50,00;
09:15:04;564;50,00;
09:15:07;566;50,00;
09:15:10;571;50,00;
09:15:13;562;50,00;
09:15:16;571;50,00;
09:15:22;565;50,00;
09:15:25;563;50,00;
09:15:28;570;50,00;
09:15:31;572;50,00;
09:15:34;564;50,00;
09:15:37;574;50,00;
09:15:40;569;50,00;
09:15:46;568;49,99;
09:15:49;571;49,99;
09:15:52;570;49,99;
09:15:55;575;50,00;
09:15:58;570;50,00;
09:16:01;576;50,00;
09:16:04;577;50,00;
09:16:07;576;50,00;
09:16:10;572;50,00;
09:16:13;579;50,00;
09:16:16;575;50,01;
09:16:19;580;50,01;
09:16:22;577;50,01;
09:16:28;579;50,00;
09:16:31;584;50,00;
09:16:34;578;50,00;
09:16:37;586;50,00;
09:16:40;583;50,00;
09:16:43;587;50,00;
09:16:46;588;50,00;
09:16:49;583;50,00;
09:16:52;588;50,00;
09:16:55;592;50,00;
09:16:58;581;50,00;
09:17:01;591;50,01;
09:17:04;599;50,01;
09:17:07;595;50,01;
09:17:10;600;50,01;
09:17:13;603;50,01;
09:17:16;597;50,00;
09:17:19;608;50,00;
09:17:22;610;50,00;
09:17:25;604;50,00;
09:17:28;606;50,01;
09:17:34;603;50,01;
09:17:37;607;50,01;
09:17:40;615;50,01;
09:17:43;616;50,01;
09:17:46;617;50,00;
09:17:49;611;50,00;
09:17:52;621;50,00;
09:17:55;622;50,00;
09:17:58;626;50,00;
09:18:01;620;50,00;
09:18:04;629;50,00;
09:18:07;632;50,00;
09:18:10;625;49,99;
09:18:13;635;49,99;
09:18:16;637;49,99;
09:18:19;635;49,98;
09:18:22;631;49,98;
09:18:25;643;49,98;
09:18:28;653;49,99;
09:18:31;648;49,99;
09:18:34;647;49,99;
09:18:40;665;50,00;
09:18:46;662;50,00;
09:18:49;656;50,00;
09:18:52;666;49,99;
09:18:55;672;49,99;
09:18:58;670;49,99;
09:19:01;671;49,99;
09:19:04;667;50,00;
09:19:07;663;50,00;
09:19:10;672;50,00;
09:19:13;679;50,00;
09:19:16;683;50,00;
09:19:19;689;49,99;
09:19:22;684;49,99;
09:19:25;680;49,99;
09:19:28;684;49,99;
09:19:31;682;49,99;
09:19:34;687;49,98;
09:19:37;694;49,98;
09:19:40;691;49,98;
09:19:46;690;49,97;
09:19:49;704;49,97;
09:19:52;701;49,98;
09:19:55;697;49,97;
09:19:58;705;49,98;
09:20:01;711;49,98;
09:20:04;708;49,98;
09:20:07;709;49,98;
09:20:10;710;49,98;
09:20:13;718;49,98;
09:20:16;713;49,98;
09:20:19;707;49,98;
09:20:22;722;49,98;
09:20:25;724;49,98;
09:20:31;717;49,98;
09:20:34;728;49,98;
09:20:37;731;49,98;
09:20:40;728;49,98;
09:20:43;727;49,97;
09:20:46;732;49,97;
09:20:49;733;49,97;
09:20:52;735;49,98;
09:20:55;736;49,98;
09:20:58;734;49,98;
09:21:01;739;49,98;
09:21:04;745;49,98;
09:21:07;741;49,98;
09:21:10;737;49,98;
09:21:13;742;49,98;
09:21:16;748;49,98;
09:21:19;742;49,98;
09:21:22;739;49,98;
09:21:25;744;49,99;
09:21:28;749;49,99;
09:21:31;747;50,00;
09:21:40;750;50,00;
09:21:43;743;49,99;
09:21:46;740;49,98;
09:21:49;741;49,98;
09:21:52;746;49,98;
09:21:55;742;49,98;
09:22:01;743;49,99;
09:22:04;749;49,99;
09:22:07;747;50,00;
09:22:10;743;50,00;
09:22:13;751;50,00;
09:22:16;755;50,00;
09:22:19;747;50,00;
09:22:22;751;50,00;
09:22:25;747;49,99;
09:22:28;738;49,99;
09:22:31;739;49,99;
09:22:34;734;49,99;
09:22:37;740;49,99;
09:22:43;742;50,00;
09:22:46;737;50,00;
09:22:49;743;50,00;
09:22:52;747;50,00;
09:22:55;743;50,00;
09:22:58;740;50,00;
09:23:01;744;50,00;
09:23:04;741;50,00;
09:23:07;743;50,00;
09:23:10;738;50,00;
09:23:13;743;50,00;
09:23:16;748;49,99;
09:23:19;751;50,00;
09:23:22;754;50,00;
09:23:25;746;49,99;
09:23:28;740;50,00;
09:23:31;741;50,00;
09:23:34;734;50,00;
09:23:37;741;50,00;
09:23:40;742;50,00;
09:23:49;740;50,00;
09:23:52;739;50,00;
09:23:55;738;50,00;
09:23:58;745;50,00;
09:24:01;744;50,00;
09:24:04;743;50,00;
09:24:07;734;50,00;
09:24:10;742;50,00;
09:24:13;739;49,99;
09:24:19;736;49,99;
09:24:22;729;49,98;
09:24:25;727;49,99;
09:24:28;726;49,99;
09:24:31;731;50,00;
09:24:34;722;50,00;
09:24:37;720;50,00;
09:24:40;719;50,00;
09:24:43;722;50,00;
09:24:46;720;49,99;
09:24:49;723;50,00;
09:24:52;718;50,00;
09:24:55;715;50,00;
09:24:58;711;50,01;
09:25:01;706;50,01;
09:25:04;707;50,01;
09:25:07;698;50,01;
09:25:10;702;50,01;
09:25:13;704;50,01;
09:25:16;698;50,01;
09:25:19;687;50,01;
09:25:22;691;50,00;
09:25:25;685;50,00;
09:25:31;673;50,00;
09:25:34;680;50,01;
09:25:40;673;50,01;
09:25:43;664;50,01;
09:25:46;666;50,01;
09:25:49;665;50,01;
09:25:52;659;50,01;
09:25:55;657;50,01;
09:25:58;649;50,01;
09:26:01;652;50,01;
09:26:04;646;50,01;
09:26:07;644;50,01;
09:26:10;639;50,01;
09:26:13;637;50,01;
09:26:16;632;50,01;
09:26:19;638;50,01;
09:26:22;635;50,01;
09:26:25;631;50,01;
09:26:28;628;50,01;
09:26:31;619;50,01;
09:26:34;615;50,01;
09:26:37;611;50,01;
09:26:40;608;50,01;
09:26:46;602;50,01;
09:26:49;600;50,01;
09:26:52;596;50,01;
09:26:55;600;50,01;
09:26:58;596;50,02;
09:27:01;595;50,02;
09:27:04;587;50,01;
09:27:07;590;50,01;
09:27:10;586;50,01;
09:27:13;582;50,01;
09:27:16;578;50,01;
09:27:19;577;50,01;
09:27:22;575;50,01;
09:27:25;572;50,01;
09:27:28;565;50,01;
09:27:31;568;50,01;
09:27:34;565;50,00;
09:27:40;562;50,00;
09:27:43;559;50,00;
09:27:46;558;50,00;
09:27:52;553;49,99;
09:27:58;552;49,99;
09:28:01;550;50,00;
09:28:04;549;50,00;
09:28:07;548;50,00;
09:28:13;546;50,00;
09:28:16;533;50,00;
09:28:19;543;50,01;
09:28:22;542;50,00;
09:28:28;543;49,99;
09:28:31;542;49,99;
09:28:34;543;49,98;
09:28:37;539;49,98;
09:28:40;538;49,98;
09:28:46;534;49,98;
09:28:49;541;49,99;
09:28:52;533;49,99;
09:28:58;542;50,00;
09:29:01;547;50,00;
09:29:04;535;50,00;
09:29:07;541;50,00;
09:29:19;535;50,00;
09:29:22;542;50,00;
09:29:25;540;49,99;
09:29:28;540;49,98;
09:29:31;538;49,98;
09:29:34;539;49,98;
09:29:37;540;49,98;
09:29:43;541;49,99;
09:29:52;540;49,99;
09:29:55;542;49,98;
09:30:01;541;49,98;
09:30:04;542;49,98;
09:30:07;540;49,98;
09:30:10;541;49,98;
09:30:13;540;49,98;
09:30:19;538;49,98;
09:30:22;539;49,98;
09:30:28;537;49,98;
09:30:31;539;49,98;
09:30:34;535;49,98;
09:30:37;529;49,97;
09:30:40;536;49,97;
09:30:43;527;49,97;
09:30:49;530;49,97;
09:30:52;526;49,98;
09:30:55;524;49,98;
09:30:58;528;49,98;
09:31:01;527;49,98;
09:31:07;526;49,99;
09:31:10;520;49,99;
09:31:13;527;50,00;
09:31:16;529;50,00;
09:31:19;522;50,00;
09:31:22;525;50,00;
09:31:25;518;50,00;
09:31:28;519;50,00;
09:31:31;517;50,00;
09:31:34;515;49,99;
09:31:37;514;49,99;
09:31:40;506;49,99;
09:31:43;501;49,99;
09:31:46;506;49,99;
09:31:49;508;49,99;
09:31:55;498;49,98;
09:31:58;502;49,99;
09:32:01;499;49,98;
09:32:04;498;49,99;
09:32:07;494;49,99;
09:32:10;495;49,99;
09:32:13;497;50,00;
09:32:16;494;50,00;
09:32:19;489;49,99;
09:32:22;491;49,99;
09:32:25;485;49,99;
09:32:28;486;50,00;
09:32:31;484;50,00;
09:32:34;483;50,00;
09:32:40;475;50,00;
09:32:43;474;50,00;
09:32:46;475;50,00;
09:32:49;467;50,00;
09:32:52;470;50,00;
09:32:55;468;50,00;
09:33:01;464;50,00;
09:33:07;460;50,00;
09:33:10;461;50,00;
09:33:13;456;50,00;
09:33:16;458;50,00;
09:33:19;456;50,00;
09:33:22;455;49,99;
09:33:25;451;49,99;
09:33:28;452;49,98;
09:33:34;444;49,98;
09:33:37;440;49,98;
09:33:40;447;49,98;
09:33:46;441;49,98;
09:33:49;448;49,98;
09:33:52;442;49,99;
09:33:55;448;49,99;
09:33:58;446;50,00;
09:34:01;452;50,00;
09:34:04;453;50,00;
09:34:07;451;50,00;
09:34:10;450;50,00;
09:34:13;448;50,00;
09:34:16;447;50,00;
09:34:19;451;49,99;
09:34:22;449;50,00;
09:34:25;452;49,99;
09:34:28;449;49,99;
09:34:31;451;49,99;
09:34:34;447;49,98;
09:34:37;451;49,98;
09:34:40;449;49,98;
09:34:43;451;49,98;
09:34:46;454;49,98;
09:34:52;456;50,00;
09:34:55;446;50,00;
09:34:58;466;50,00;
09:35:01;462;50,00;
09:35:04;466;50,00;
09:35:07;465;50,00;
09:35:10;463;50,00;
09:35:13;461;50,00;
09:35:16;463;49,99;
09:35:19;449;49,99;
09:35:22;463;49,98;
09:35:25;467;49,98;
09:35:28;465;49,98;
09:35:31;467;49,98;
09:35:34;468;49,98;
09:35:37;462;49,98;
09:35:40;465;49,98;
09:35:43;473;49,98;
09:35:46;475;49,98;
09:35:49;474;49,98;
09:35:52;472;49,98;
09:35:58;471;49,97;
09:36:01;475;49,97;
09:36:04;472;49,97;
09:36:07;475;49,98;
09:36:10;478;49,98;
09:36:13;473;49,98;
09:36:16;476;49,98;
09:36:19;475;49,98;
09:36:22;480;49,98;
09:36:31;485;49,98;
09:36:34;482;49,98;
09:36:37;481;49,98;
09:36:40;488;49,98;
09:36:43;481;49,99;
09:36:46;492;49,99;
09:36:49;489;50,00;
09:36:52;498;50,01;
09:36:55;504;50,01;
09:36:58;501;50,01;
09:37:04;502;50,01;
09:37:07;498;50,01;
09:37:10;507;50,01;
09:37:13;503;50,00;
09:37:16;510;50,00;
09:37:19;509;50,00;
09:37:22;513;49,99;
09:37:25;512;49,99;
09:37:28;515;49,99;
09:37:31;517;50,00;
09:37:34;520;50,00;
09:37:37;519;50,00;
09:37:40;524;50,00;
09:37:43;523;50,00;
09:37:46;525;49,99;
09:37:49;521;49,99;
09:37:52;529;49,99;
09:37:55;532;49,99;
09:37:58;533;49,99;
09:38:01;531;49,99;
09:38:04;541;49,99;
09:38:10;543;49,99;
09:38:13;539;49,99;
09:38:16;546;49,99;
09:38:19;548;50,00;
09:38:22;551;49,99;
09:38:25;546;49,99;
09:38:28;543;49,99;
09:38:31;560;50,00;
09:38:34;560;49,99;
09:38:37;556;50,00;
09:38:40;569;50,00;
09:38:43;571;50,00;
09:38:46;569;50,00;
09:38:49;567;50,00;
09:38:55;583;50,00;
09:38:58;579;50,00;
09:39:01;582;50,00;
09:39:07;588;50,00;
09:39:10;583;50,00;
09:39:13;592;50,00;
09:39:16;594;50,00;
09:39:19;608;50,00;
09:39:22;611;49,99;
09:39:25;616;49,99;
09:39:28;610;49,99;
09:39:31;616;49,99;
09:39:34;612;49,99;
09:39:37;621;49,99;
09:39:40;631;49,99;
09:39:43;632;49,99;
09:39:46;629;49,99;
09:39:49;639;49,99;
09:39:52;647;49,98;
09:39:55;644;49,98;
09:40:01;653;49,98;
09:40:04;658;49,98;
09:40:07;660;49,99;
09:40:10;655;49,99;
09:40:13;671;50,00;
09:40:16;679;50,00;
09:40:19;675;50,00;
09:40:22;671;50,00;
09:40:25;676;50,00;
09:40:28;683;50,00;
09:40:31;678;50,00;
09:40:34;676;50,00;
09:40:37;678;50,00;
09:40:40;674;50,00;
09:40:43;679;50,00;
09:40:46;685;49,99;
09:40:49;682;49,99;
09:40:52;677;49,99;
09:40:55;684;49,99;
09:40:58;687;49,99;
09:41:07;689;50,00;
09:41:10;684;50,00;
09:41:13;685;50,00;
09:41:16;679;50,00;
09:41:19;683;50,00;
09:41:22;685;50,01;
09:41:25;683;50,01;
09:41:28;688;50,01;
09:41:31;687;50,01;
09:41:34;679;50,01;
09:41:37;687;50,01;
09:41:40;693;50,00;
09:41:43;684;50,00;
09:41:46;676;50,00;
09:41:49;686;50,00;
09:41:52;686;49,99;
09:41:55;684;50,00;
09:41:58;678;50,00;
09:42:04;673;50,00;
09:42:07;678;50,01;
09:42:13;676;50,01;
09:42:16;682;50,01;
09:42:19;682;50,00;
09:42:25;682;49,99;
09:42:31;689;50,00;
09:42:34;682;50,00;
09:42:37;683;50,00;
09:42:40;681;50,00;
09:42:43;682;50,00;
09:42:46;682;49,99;
09:42:52;683;50,00;
09:42:58;685;50,00;
09:43:01;677;50,00;
09:43:04;683;50,00;
09:43:07;689;50,00;
09:43:10;685;50,00;
09:43:13;679;50,00;
09:43:16;684;50,00;
09:43:19;685;50,00;
09:43:25;682;50,00;
09:43:28;687;49,99;
09:43:31;693;49,99;
09:43:34;687;49,98;
09:43:37;685;49,99;
09:43:40;689;49,98;
09:43:43;697;49,98;
09:43:46;691;49,98;
09:43:49;685;49,98;
09:43:52;686;49,98;
09:43:58;694;49,98;
09:44:04;699;49,99;
09:44:07;703;49,99;
09:44:10;704;49,99;
09:44:13;706;49,99;
09:44:16;705;49,98;
09:44:19;706;49,98;
09:44:22;713;49,98;
09:44:25;709;49,98;
09:44:28;712;49,98;
09:44:31;713;49,99;
09:44:34;716;49,99;
09:44:37;708;50,00;
09:44:40;720;50,00;
09:44:43;725;50,00;
09:44:46;721;50,00;
09:44:49;713;50,00;
09:44:52;727;50,00;
09:44:55;732;50,00;
09:44:58;736;50,01;
09:45:01;721;50,01;
09:45:04;724;50,01;
09:45:10;725;50,01;
09:45:13;726;50,01;
09:45:19;733;50,01;
09:45:22;732;50,01;
09:45:25;733;50,01;
09:45:28;727;50,01;
09:45:31;731;50,01;
09:45:34;733;50,00;
09:45:37;732;50,00;
09:45:40;730;50,00;
09:45:43;729;50,00;
09:45:46;728;50,00;
09:45:49;726;50,00;
09:45:52;719;50,00;
09:45:55;720;50,00;
09:45:58;717;50,00;
09:46:01;715;50,01;
09:46:04;713;50,00;
09:46:07;717;50,00;
09:46:10;715;50,01;
09:46:16;711;50,00;
09:46:22;707;50,00;
09:46:25;708;50,00;
09:46:28;704;50,00;
09:46:31;702;50,00;
09:46:34;708;50,00;
09:46:37;700;50,00;
09:46:40;696;50,00;
09:46:43;697;50,00;
09:46:46;690;50,00;
09:46:49;693;50,00;
09:46:52;692;49,99;
09:46:55;689;49,98;
09:47:01;683;49,98;
09:47:04;678;49,98;
09:47:07;678;49,97;
09:47:10;684;49,97;
09:47:13;682;49,97;
09:47:16;679;49,97;
09:47:19;673;49,97;
09:47:22;678;49,97;
09:47:25;675;49,97;
09:47:28;676;49,97;
09:47:31;675;49,98;
09:47:34;674;49,98;
09:47:37;673;49,98;
09:47:40;672;49,98;
09:47:43;664;49,98;
09:47:46;671;49,99;
09:47:49;670;49,99;
09:47:52;671;49,99;
09:47:55;669;49,99;
09:47:58;670;49,99;
09:48:01;673;50,00;
09:48:07;681;50,00;
09:48:10;682;50,00;
09:48:13;679;50,00;
09:48:16;670;50,00;
09:48:19;669;50,00;
09:48:22;668;50,00;
09:48:25;676;50,00;
09:48:28;668;49,99;
09:48:31;671;49,99;
09:48:34;670;49,99;
09:48:37;670;49,98;
09:48:40;668;49,98;
09:48:43;670;49,99;
09:48:46;669;49,99;
09:48:49;675;49,99;
09:48:52;670;49,99;
09:48:55;674;49,99;
09:48:58;681;49,99;
09:49:01;680;49,99;
09:49:04;679;49,99;
09:49:07;670;49,99;
09:49:13;670;50,00;
09:49:19;672;50,00;
09:49:22;670;50,00;
09:49:25;676;50,00;
09:49:31;664;50,00;
09:49:34;672;50,00;
09:49:37;673;50,00;
09:49:40;672;50,00;
09:49:43;659;50,00;
09:49:46;670;50,00;
09:49:49;666;50,00;
09:49:52;670;50,00;
09:49:55;656;50,00;
09:49:58;668;50,00;
09:50:01;661;50,00;
09:50:04;656;50,00;
09:50:07;661;50,00;
09:50:13;657;50,00;
09:50:19;651;50,00;
09:50:22;661;50,00;
09:50:25;660;50,00;
09:50:28;662;50,01;
09:50:31;652;50,01;
09:50:34;660;50,01;
09:50:40;659;50,01;
09:50:43;652;50,01;
09:50:46;658;50,00;
09:50:49;662;50,00;
09:50:52;663;50,00;
09:50:55;657;50,00;
09:50:58;666;50,00;
09:51:01;670;50,00;
09:51:04;672;50,01;
09:51:07;665;50,01;
09:51:10;677;50,01;
09:51:13;678;50,01;
09:51:16;684;50,01;
09:51:19;679;50,00;
09:51:25;687;50,00;
09:51:28;696;50,00;
09:51:31;689;50,00;
09:51:34;701;50,01;
09:51:40;710;50,01;
09:51:43;711;50,01;
09:51:46;704;50,01;
09:51:49;716;50,01;
09:51:55;723;50,01;
09:51:58;725;50,01;
09:52:01;728;50,01;
09:52:04;723;50,01;
09:52:10;731;50,00;
09:52:13;737;50,00;
09:52:16;727;50,00;
09:52:19;736;50,00;
09:52:22;733;50,00;
09:52:25;743;50,00;
09:52:28;737;49,99;
09:52:31;727;49,99;
09:52:34;743;49,99;
09:52:37;737;50,00;
09:52:40;739;50,00;
09:52:43;742;50,00;
09:52:46;736;50,01;
09:52:49;741;50,01;
09:52:55;740;50,01;
09:52:58;732;50,01;
09:53:01;735;50,00;
09:53:04;721;50,00;
09:53:07;728;50,00;
09:53:10;731;50,00;
09:53:16;721;50,00;
09:53:19;728;50,00;
09:53:22;719;50,00;
09:53:25;724;50,00;
09:53:28;718;50,00;
09:53:31;716;50,00;
09:53:34;718;49,99;
09:53:37;710;49,99;
09:53:40;694;49,99;
09:53:43;705;49,99;
09:53:46;708;49,98;
09:53:49;701;49,98;
09:53:52;697;49,98;
09:53:55;704;49,99;
09:53:58;703;49,99;
09:54:01;701;49,99;
09:54:04;696;49,99;
09:54:07;700;50,00;
09:54:10;694;50,00;
09:54:16;677;50,00;
09:54:22;691;49,99;
09:54:25;687;49,99;
09:54:28;683;50,00;
09:54:31;692;50,00;
09:54:34;682;50,00;
09:54:40;688;50,00;
09:54:43;682;50,00;
09:54:46;679;50,00;
09:54:49;674;49,99;
09:54:52;684;49,99;
09:54:55;681;49,99;
09:54:58;675;49,99;
09:55:01;683;50,00;
09:55:04;683;49,99;
09:55:07;674;49,99;
09:55:10;676;49,99;
09:55:13;678;49,99;
09:55:16;681;49,98;
09:55:19;671;49,98;
09:55:22;676;49,97;
09:55:28;677;49,96;
09:55:31;673;49,96;
09:55:34;678;49,96;
09:55:37;670;49,96;
09:55:40;678;49,96;
09:55:43;673;49,96;
09:55:46;676;49,96;
09:55:49;678;49,96;
09:55:52;678;49,97;
09:55:55;674;49,97;
09:55:58;678;49,97;
09:56:01;671;49,98;
09:56:04;679;49,97;
09:56:07;676;49,97;
09:56:10;680;49,97;
09:56:13;672;49,97;
09:56:16;683;49,96;
09:56:19;677;49,96;
09:56:22;685;49,96;
09:56:25;678;49,96;
09:56:28;685;49,96;
09:56:31;689;49,97;
09:56:34;683;49,97;
09:56:37;680;49,97;
09:56:40;692;49,96;
09:56:43;691;49,97;
09:56:46;696;49,97;
09:56:49;686;49,98;
09:56:52;693;49,98;
09:56:55;697;49,98;
09:56:58;695;49,99;
09:57:01;695;50,00;
09:57:04;705;50,00;
09:57:07;712;50,00;
09:57:10;706;50,00;
09:57:13;700;50,00;
09:57:19;710;50,00;
09:57:22;700;49,99;
09:57:25;711;50,00;
09:57:28;706;49,99;
09:57:31;717;49,99;
09:57:34;711;49,98;
09:57:37;717;49,98;
09:57:40;719;49,98;
09:57:43;724;49,98;
09:57:46;721;49,98;
09:57:49;727;49,99;
09:57:52;723;50,00;
09:57:55;716;50,00;
09:57:58;733;50,00;
09:58:01;731;50,01;
09:58:04;730;50,01;
09:58:07;741;50,01;
09:58:10;737;50,00;
09:58:13;740;50,00;
09:58:16;744;50,01;
09:58:19;753;50,00;
09:58:25;756;50,00;
09:58:28;752;50,00;
09:58:31;755;50,00;
09:58:34;747;50,00;
09:58:37;759;50,00;
09:58:40;764;50,00;
09:58:43;762;50,01;
09:58:46;769;50,01;
09:58:49;774;50,01;
09:58:52;767;50,01;
09:58:55;772;50,01;
09:58:58;762;50,01;
09:59:01;773;50,01;
09:59:04;778;50,01;
09:59:07;773;50,01;
09:59:10;764;50,01;
09:59:13;774;50,02;
09:59:16;778;50,02;
09:59:19;780;50,02;
09:59:22;773;50,01;
09:59:25;778;50,01;
09:59:31;770;50,01;
09:59:34;760;50,01;
09:59:37;770;50,01;
09:59:40;759;50,01;
09:59:43;764;50,01;
09:59:46;753;50,01;
09:59:49;761;50,01;
09:59:52;760;50,01;
09:59:55;756;50,01;
09:59:58;742;50,01;
10:00:01;752;50,01;
10:00:04;753;50,01;
10:00:07;752;50,00;
10:00:10;757;50,00;
10:00:13;752;49,99;
10:00:16;744;49,98;
10:00:19;740;49,98;
10:00:22;731;49,97;
10:00:25;735;49,97;
10:00:28;738;49,96;
10:00:37;745;49,96;
10:00:40;744;49,96;
10:00:43;741;49,96;
10:00:46;744;49,96;
10:00:49;743;49,96;
10:00:52;742;49,96;
10:00:55;731;49,96;
10:00:58;741;49,96;
10:01:04;742;49,96;
10:01:07;731;49,96;
10:01:10;732;49,95;
10:01:13;722;49,95;
10:01:16;729;49,95;
10:01:22;735;49,96;
10:01:25;734;49,96;
10:01:28;736;49,95;
10:01:31;725;49,95;
10:01:34;733;49,95;
10:01:37;728;49,96;
10:01:40;732;49,96;
10:01:43;729;49,96;
10:01:46;728;49,96;
10:01:49;724;49,96;
10:01:52;725;49,95;
10:01:55;713;49,95;
10:01:58;724;49,95;
10:02:01;722;49,95;
10:02:04;715;49,95;
10:02:07;706;49,96;
10:02:10;717;49,96;
10:02:13;716;49,96;
10:02:16;714;49,96;
10:02:19;705;49,96;
10:02:22;710;49,96;
10:02:28;707;49,96;
10:02:31;697;49,96;
10:02:34;705;49,96;
10:02:37;701;49,96;
10:02:40;703;49,95;
10:02:43;691;49,95;
10:02:46;699;49,95;
10:02:49;698;49,96;
10:02:52;695;49,96;
10:02:55;684;49,96;
10:02:58;693;49,95;
10:03:01;692;49,95;
10:03:04;687;49,95;
10:03:07;676;49,95;
10:03:10;682;49,95;
10:03:13;686;49,95;
10:03:16;682;49,94;
10:03:19;674;49,94;
10:03:22;678;49,94;
10:03:25;679;49,95;
10:03:28;674;49,96;
10:03:34;669;49,96;
10:03:37;668;49,96;
10:03:40;666;49,96;
10:03:43;665;49,96;
10:03:46;663;49,96;
10:03:49;662;49,95;
10:03:52;659;49,96;
10:03:55;660;49,95;
10:03:58;654;49,96;
10:04:01;653;49,96;
10:04:04;649;49,96;
10:04:07;648;49,96;
10:04:10;646;49,96;
10:04:13;646;49,97;
10:04:16;641;49,97;
10:04:19;640;49,96;
10:04:22;638;49,96;
10:04:25;635;49,96;
10:04:28;630;49,96;
10:04:31;628;49,96;
10:04:34;624;49,96;
10:04:40;618;49,96;
10:04:43;617;49,96;
10:04:46;615;49,96;
10:04:49;613;49,96;
10:04:52;608;49,95;
10:04:55;606;49,95;
10:04:58;599;49,95;
10:05:01;603;49,96;
10:05:04;595;49,96;
10:05:07;592;49,96;
10:05:10;580;49,96;
10:05:13;586;49,97;
10:05:16;578;49,97;
10:05:19;576;49,97;
10:05:22;572;49,97;
10:05:25;567;49,97;
10:05:28;562;49,97;
10:05:31;562;49,96;
10:05:34;561;49,96;
10:05:37;553;49,96;
10:05:40;550;49,96;
10:05:43;542;49,96;
10:05:46;546;49,96;
10:05:49;537;49,96;
10:05:52;532;49,97;
10:05:55;527;49,96;
10:05:58;526;49,96;
10:06:01;519;49,96;
10:06:04;517;49,96;
10:06:07;515;49,96;
10:06:10;510;49,96;
10:06:13;503;49,96;
10:06:16;502;49,96;
10:06:19;497;49,96;
10:06:22;495;49,96;
10:06:25;486;49,97;
10:06:31;482;49,97;
10:06:34;479;49,96;
10:06:37;473;49,96;
10:06:40;472;49,96;
10:06:43;467;49,96;
10:06:46;468;49,97;
10:06:49;465;49,97;
10:06:52;463;49,97;
10:06:55;457;49,97;
10:07:01;453;49,98;
10:07:04;451;49,97;
10:07:07;444;49,97;
10:07:10;449;49,97;
10:07:16;446;49,97;
10:07:19;443;49,98;
10:07:22;442;49,98;
10:07:25;439;49,98;
10:07:28;439;49,99;
10:07:31;423;49,99;
10:07:37;437;49,99;
10:07:40;435;49,99;
10:07:43;439;49,99;
10:07:46;438;49,99;
10:07:49;436;49,98;
10:07:55;431;49,99;
10:07:58;427;49,99;
10:08:01;437;49,99;
10:08:04;438;49,99;
10:08:07;431;50,00;
10:08:10;438;50,00;
10:08:13;439;50,00;
10:08:16;417;50,00;
10:08:19;435;50,00;
10:08:25;440;50,00;
10:08:28;434;50,00;
10:08:31;436;50,00;
10:08:34;436;49,99;
10:08:37;440;49,98;
10:08:43;437;49,98;
10:08:46;435;49,98;
10:08:49;437;49,98;
10:08:52;438;49,98;
10:08:55;433;49,99;
10:08:58;432;49,99;
10:09:04;430;49,99;
10:09:07;431;50,00;
10:09:10;430;50,00;
10:09:13;433;49,99;
10:09:16;431;50,00;
10:09:19;429;50,00;
10:09:22;428;50,00;
10:09:25;430;50,00;
10:09:28;436;50,00;
10:09:31;428;50,00;
10:09:34;421;50,00;
10:09:37;428;50,00;
10:09:49;414;50,00;
10:09:52;420;50,00;
10:09:55;428;50,00;
10:10:01;430;50,00;
10:10:04;428;50,00;
10:10:07;425;50,00;
10:10:10;419;50,00;
10:10:13;426;50,00;
10:10:16;421;49,99;
10:10:19;426;49,99;
10:10:22;413;49,99;
10:10:25;416;49,99;
10:10:28;419;49,98;
10:10:34;420;49,98;
10:10:37;421;49,98;
10:10:40;421;49,97;
10:10:43;419;49,97;
10:10:46;429;49,97;
10:10:49;428;49,98;
10:10:52;427;49,97;
10:10:58;429;49,97;
10:11:04;425;49,97;
10:11:07;428;49,97;
10:11:10;422;49,97;
10:11:13;426;49,97;
10:11:16;427;49,97;
10:11:19;425;49,98;
10:11:22;427;49,98;
10:11:25;428;49,98;
10:11:28;424;49,98;
10:11:31;426;49,98;
10:11:34;421;49,98;
10:11:40;424;49,98;
10:11:43;426;49,98;
10:11:46;422;49,97;
10:11:52;425;49,97;
10:11:55;423;49,97;
10:11:58;424;49,97;
10:12:01;421;49,97;
10:12:04;424;49,98;
10:12:07;421;49,98;
10:12:10;413;49,98;
10:12:13;424;49,98;
10:12:16;421;49,98;
10:12:19;417;49,98;
10:12:22;421;49,98;
10:12:25;417;49,98;
10:12:28;421;49,98;
10:12:34;416;49,98;
10:12:40;418;49,98;
10:12:46;414;49,99;
10:12:49;419;49,99;
10:12:52;420;49,99;
10:12:55;421;49,98;
10:12:58;418;49,99;
10:13:01;419;49,98;
10:13:04;421;49,98;
10:13:07;424;49,98;
10:13:10;416;49,99;
10:13:13;424;49,99;
10:13:16;429;49,99;
10:13:19;425;49,99;
10:13:22;424;49,99;
10:13:25;431;49,99;
10:13:28;433;49,99;
10:13:31;431;49,99;
10:13:34;432;49,99;
10:13:37;438;49,99;
10:13:40;439;49,99;
10:13:46;441;49,99;
10:13:52;452;49,99;
10:13:55;455;49,99;
10:13:58;461;49,99;
10:14:01;457;49,98;
10:14:04;464;49,98;
10:14:07;466;49,98;
10:14:10;468;49,98;
10:14:13;469;49,99;
10:14:16;475;49,99;
10:14:22;479;49,99;
10:14:25;483;49,98;
10:14:28;486;49,98;
10:14:31;488;49,99;
10:14:37;494;49,99;
10:14:40;497;49,99;
10:14:43;502;50,00;
10:14:46;503;50,00;
10:14:49;512;50,00;
10:14:52;506;50,00;
10:14:55;516;50,01;
10:14:58;519;50,00;
10:15:01;515;50,00;
10:15:04;519;50,00;
10:15:07;522;50,00;
10:15:10;524;49,99;
10:15:13;520;49,98;
10:15:16;530;49,98;
10:15:19;529;49,98;
10:15:22;523;49,97;
10:15:25;528;49,97;
10:15:28;527;49,98;
10:15:31;534;49,98;
10:15:34;539;49,98;
10:15:37;537;49,99;
10:15:43;547;50,00;
10:15:46;542;50,00;
10:15:49;549;50,00;
10:15:52;550;50,00;
10:15:55;556;50,01;
10:15:58;553;50,00;
10:16:01;555;50,00;
10:16:04;549;50,01;
10:16:07;555;50,01;
10:16:10;551;50,01;
10:16:13;543;50,01;
10:16:16;554;50,01;
10:16:19;557;50,01;
10:16:22;555;50,01;
10:16:25;558;50,01;
10:16:28;558;50,00;
10:16:34;549;50,00;
10:16:37;558;50,00;
10:16:40;559;50,00;
10:16:43;559;50,01;
10:16:49;558;50,01;
10:16:58;557;50,01;
10:17:04;553;50,00;
10:17:07;555;50,00;
10:17:10;557;50,00;
10:17:13;555;50,00;
10:17:16;553;49,99;
10:17:19;554;49,99;
10:17:22;552;49,99;
10:17:25;553;49,99;
10:17:28;550;49,99;
10:17:31;552;49,98;
10:17:34;551;49,98;
10:17:40;550;49,98;
10:17:43;552;49,98;
10:17:46;549;49,98;
10:17:49;546;49,99;
10:17:55;557;50,00;
10:17:58;558;50,00;
10:18:13;559;50,00;
10:18:16;565;50,00;
10:18:19;566;50,00;
10:18:22;562;50,00;
10:18:25;559;50,00;
10:18:28;562;49,99;
10:18:31;567;49,99;
10:18:34;568;49,98;
10:18:37;560;49,98;
10:18:40;564;49,98;
10:18:43;569;49,98;
10:18:46;570;49,98;
10:18:49;572;49,99;
10:18:52;573;49,99;
10:18:55;574;49,99;
10:19:01;577;50,00;
10:19:04;583;50,00;
10:19:07;576;50,00;
10:19:10;577;49,99;
10:19:13;575;49,99;
10:19:16;574;49,99;
10:19:19;573;49,99;
10:19:22;574;49,99;
10:19:25;575;49,99;
10:19:28;576;49,99;
10:19:31;577;49,99;
10:19:34;575;49,99;
10:19:37;571;49,99;
10:19:40;573;49,99;
10:19:46;572;49,98;
10:19:49;565;49,98;
10:19:52;568;49,97;
10:19:55;569;49,97;
10:19:58;571;49,97;
10:20:01;567;49,98;
10:20:04;569;49,98;
10:20:07;571;49,98;
10:20:10;565;49,98;
10:20:13;564;49,98;
10:20:16;565;49,98;
10:20:19;560;49,99;
10:20:22;568;50,00;
10:20:25;566;50,00;
10:20:28;558;50,00;
10:20:31;560;50,00;
10:20:34;568;50,00;
10:20:37;560;50,00;
10:20:40;554;49,99;
10:20:43;555;49,99;
10:20:46;558;49,99;
10:20:52;557;49,99;
10:20:58;556;49,99;
10:21:07;553;50,00;
10:21:10;558;50,00;
10:21:13;561;50,00;
10:21:16;554;50,00;
10:21:19;551;50,00;
10:21:22;556;50,00;
10:21:25;551;50,00;
10:21:28;555;50,00;
10:21:31;551;50,00;
10:21:34;557;50,00;
10:21:37;556;50,00;
10:21:43;554;50,00;
10:21:46;550;49,99;
10:21:49;553;49,99;
10:21:52;547;49,99;
10:21:58;555;49,99;
10:22:01;554;49,99;
10:22:04;556;50,00;
10:22:07;557;50,00;
10:22:13;558;50,00;
10:22:16;557;50,00;
10:22:19;560;49,99;
10:22:22;557;49,98;
10:22:25;558;49,98;
10:22:31;561;49,99;
10:22:34;562;50,00;
10:22:37;564;50,00;
10:22:40;563;50,00;
10:22:43;565;49,99;
10:22:46;563;49,99;
10:22:49;565;49,99;
10:22:52;564;49,98;
10:22:58;559;49,98;
10:23:04;564;49,98;
10:23:07;563;49,98;
10:23:10;565;49,99;
10:23:13;563;49,99;
10:23:16;566;49,99;
10:23:19;565;49,99;
10:23:25;563;49,99;
10:23:28;559;50,00;
10:23:31;568;50,00;
10:23:34;567;50,00;
10:23:37;570;50,00;
10:23:40;567;50,00;
10:23:43;564;50,00;
10:23:49;562;49,99;
10:23:52;564;49,99;
10:23:55;563;49,99;
10:23:58;565;49,99;
10:24:01;563;49,98;
10:24:04;561;49,98;
10:24:07;558;49,98;
10:24:10;559;49,98;
10:24:13;565;49,97;
10:24:16;566;49,97;
10:24:19;567;49,97;
10:24:22;567;49,98;
10:24:25;569;49,98;
10:24:31;566;49,98;
10:24:34;574;49,98;
10:24:37;574;49,99;
10:24:40;577;49,99;
10:24:43;582;50,00;
10:24:46;585;50,00;
10:24:49;587;50,00;
10:24:55;588;50,00;
10:24:58;584;50,00;
10:25:01;583;50,00;
10:25:04;588;50,01;
10:25:07;590;50,01;
10:25:10;591;50,01;
10:25:13;593;50,00;
10:25:19;597;50,00;
10:25:22;600;50,00;
10:25:25;604;50,00;
10:25:28;603;50,01;
10:25:31;599;50,00;
10:25:34;608;50,00;
10:25:37;603;50,00;
10:25:40;610;50,00;
10:25:43;591;50,00;
10:25:46;609;50,00;
10:25:49;610;50,00;
10:25:52;618;50,00;
10:25:55;617;50,00;
10:26:01;623;50,00;
10:26:04;621;50,00;
10:26:07;625;50,00;
10:26:10;627;50,00;
10:26:13;630;50,00;
10:26:16;631;50,00;
10:26:19;607;50,01;
10:26:22;635;50,01;
10:26:25;640;50,01;
10:26:28;635;50,01;
10:26:31;640;50,01;
10:26:34;645;50,01;
10:26:37;641;50,00;
10:26:40;650;50,00;
10:26:43;645;50,00;
10:26:46;654;50,00;
10:26:49;653;50,00;
10:26:52;660;50,00;
10:26:55;650;50,00;
10:26:58;662;50,00;
10:27:07;660;50,00;
10:27:10;672;50,00;
10:27:13;668;49,99;
10:27:16;676;49,99;
10:27:19;670;49,99;
10:27:22;679;50,00;
10:27:25;682;50,00;
10:27:31;679;50,00;
10:27:34;690;50,00;
10:27:37;692;50,00;
10:27:40;696;50,00;
10:27:43;691;50,00;
10:27:46;701;50,00;
10:27:49;704;50,00;
10:27:52;709;50,00;
10:27:55;702;50,00;
10:27:58;703;50,00;
10:28:01;718;50,00;
10:28:04;723;50,00;
10:28:07;722;50,00;
10:28:10;717;50,00;
10:28:13;725;50,00;
10:28:16;732;50,00;
10:28:19;734;49,99;
10:28:22;737;49,99;
10:28:25;730;49,98;
10:28:31;733;49,98;
10:28:34;739;49,98;
10:28:37;741;49,98;
10:28:40;742;49,98;
10:28:43;750;49,98;
10:28:46;748;49,98;
10:28:49;757;49,98;
10:28:52;749;49,98;
10:28:58;754;49,98;
10:29:01;763;49,98;
10:29:04;750;49,98;
10:29:07;760;49,99;
10:29:10;768;49,98;
10:29:13;764;49,98;
10:29:16;765;49,98;
10:29:19;757;49,98;
10:29:22;778;49,99;
10:29:25;774;49,99;
10:29:28;767;49,99;
10:29:31;779;49,99;
10:29:34;784;49,99;
10:29:37;783;49,99;
10:29:40;784;49,98;
10:29:43;789;49,99;
10:29:46;797;49,99;
10:29:49;795;49,99;
10:29:52;788;49,99;
10:29:55;800;50,00;
10:29:58;810;49,99;
10:30:04;805;49,99;
10:30:07;815;49,99;
10:30:10;826;49,99;
10:30:13;825;50,00;
10:30:16;819;50,00;
10:30:19;830;50,00;
10:30:22;836;50,00;
10:30:25;840;50,00;
10:30:28;839;50,00;
10:30:31;848;50,00;
10:30:34;854;50,00;
10:30:37;853;50,00;
10:30:40;848;50,00;
10:30:43;861;50,00;
10:30:46;856;50,00;
10:30:49;862;49,99;
10:30:52;873;49,99;
10:30:55;871;49,99;
10:30:58;869;49,98;
10:31:01;880;49,98;
10:31:04;879;49,98;
10:31:10;887;49,98;
10:31:13;898;49,97;
10:31:16;913;49,97;
10:31:19;914;49,98;
10:31:22;917;49,98;
10:31:25;921;49,98;
10:31:28;931;49,98;
10:31:31;935;49,98;
10:31:34;939;49,99;
10:31:37;953;49,99;
10:31:40;967;49,99;
10:31:46;972;50,00;
10:31:49;981;50,00;
10:31:52;987;50,00;
10:31:55;996;49,99;
10:31:58;1004;49,99;
10:32:01;1003;49,98;
10:32:04;1016;49,98;
10:32:07;1019;49,97;
10:32:10;1031;49,96;
10:32:16;1038;49,96;
10:32:19;1036;49,96;
10:32:22;1051;49,96;
10:32:25;1060;49,96;
10:32:28;1061;49,96;
10:32:31;1060;49,96;
10:32:34;1067;49,97;
10:32:37;1071;49,97;
10:32:40;1078;49,97;
10:32:43;1087;49,97;
10:32:46;1090;49,97;
10:32:49;1091;49,97;
10:32:52;1096;49,97;
10:32:55;1089;49,98;
10:33:01;1105;49,98;
10:33:04;1100;49,98;
10:33:07;1096;49,98;
10:33:10;1103;49,98;
10:33:13;1107;49,98;
10:33:16;1102;49,98;
10:33:19;1103;49,97;
10:33:22;1095;49,97;
10:33:25;1105;49,97;
10:33:28;1098;49,97;
10:33:31;1089;49,97;
10:33:34;1103;49,98;
10:33:37;1097;49,97;
10:33:40;1091;49,97;
10:33:43;1092;49,97;
10:33:46;1091;49,97;
10:33:49;1086;49,97;
10:33:52;1082;49,97;
10:33:55;1073;49,96;
10:33:58;1075;49,96;
10:34:01;1071;49,96;
10:34:07;1066;49,96;
10:34:10;1056;49,97;
10:34:13;1058;49,97;
10:34:16;1063;49,98;
10:34:19;1051;49,98;
10:34:22;1042;49,98;
10:34:25;1047;49,98;
10:34:28;1044;49,98;
10:34:31;1038;49,98;
10:34:34;1028;49,99;
10:34:37;1031;50,00;
10:34:40;1035;50,00;
10:34:43;1031;50,00;
10:34:46;1022;50,01;
10:34:49;1028;50,01;
10:34:52;1011;50,01;
10:34:55;1015;50,01;
10:34:58;1011;50,01;
10:35:01;1007;50,00;
10:35:04;999;50,00;
10:35:07;997;50,00;
10:35:13;991;50,00;
10:35:16;983;50,00;
10:35:19;982;50,00;
10:35:22;987;50,01;
10:35:25;976;50,01;
10:35:28;970;50,01;
10:35:34;969;50,00;
10:35:37;961;50,00;
10:35:40;954;50,00;
10:35:43;955;50,00;
10:35:46;957;50,00;
10:35:49;948;50,00;
10:35:52;942;50,00;
10:35:55;943;50,00;
10:35:58;944;50,00;
10:36:01;937;49,99;
10:36:04;930;49,99;
10:36:07;929;49,98;
10:36:10;932;49,98;
10:36:13;925;49,98;
10:36:19;922;49,98;
10:36:22;911;49,98;
10:36:25;918;49,98;
10:36:28;910;49,99;
10:36:31;914;49,99;
10:36:34;921;49,99;
10:36:37;909;49,99;
10:36:40;913;49,99;
10:36:43;909;49,99;
10:36:46;911;49,99;
10:36:49;908;49,99;
10:36:52;904;50,00;
10:36:55;908;50,00;
10:36:58;910;50,00;
10:37:01;908;50,00;
10:37:04;905;50,00;
10:37:07;898;50,00;
10:37:10;908;50,00;
10:37:13;916;49,99;
10:37:16;910;49,99;
10:37:19;907;49,99;
10:37:22;914;49,99;
10:37:25;915;49,99;
10:37:28;921;49,98;
10:37:31;918;49,98;
10:37:34;930;49,98;
10:37:37;942;49,98;
10:37:40;940;49,98;
10:37:46;948;49,98;
10:37:49;962;49,98;
10:37:55;961;49,98;
10:37:58;975;49,99;
10:38:01;978;49,99;
10:38:04;990;49,99;
10:38:10;997;49,99;
10:38:13;1004;49,99;
10:38:16;1008;49,98;
10:38:19;1009;49,98;
10:38:22;1021;49,98;
10:38:25;1027;49,98;
10:38:28;1028;49,98;
10:38:31;1032;49,98;
10:38:34;1043;49,98;
10:38:37;1049;49,98;
10:38:40;1053;49,98;
10:38:43;1050;49,99;
10:38:46;1062;49,99;
10:38:49;1064;50,00;
10:38:52;1068;50,00;
10:38:55;1072;50,00;
10:38:58;1081;50,00;
10:39:04;1083;50,01;
10:39:07;1085;50,01;
10:39:10;1090;50,01;
10:39:16;1100;50,00;
10:39:19;1103;50,00;
10:39:22;1107;50,00;
10:39:25;1102;50,00;
10:39:28;1113;50,00;
10:39:31;1118;50,00;
10:39:34;1119;50,00;
10:39:37;1121;50,00;
10:39:40;1127;50,00;
10:39:43;1134;50,00;
10:39:46;1132;50,00;
10:39:49;1125;50,00;
10:39:52;1137;50,00;
10:39:55;1140;50,00;
10:39:58;1134;50,00;
10:40:01;1133;50,00;
10:40:04;1140;50,00;
10:40:07;1140;49,99;
10:40:13;1142;49,99;
10:40:16;1142;49,98;
10:40:22;1144;49,98;
10:40:28;1147;49,99;
10:40:34;1149;50,00;
10:40:37;1150;50,00;
10:40:40;1144;50,00;
10:40:43;1152;50,00;
10:40:46;1155;50,00;
10:40:49;1156;50,00;
10:40:52;1158;49,99;
10:40:55;1159;49,99;
10:40:58;1162;49,99;
10:41:01;1164;49,99;
10:41:04;1157;49,99;
10:41:07;1166;49,98;
10:41:10;1167;49,99;
10:41:13;1166;49,99;
10:41:16;1168;50,00;
10:41:19;1167;50,00;
10:41:28;1165;49,99;
10:41:31;1163;49,99;
10:41:34;1160;49,99;
10:41:37;1160;49,98;
10:41:40;1147;49,99;
10:41:43;1154;49,99;
10:41:46;1161;49,99;
10:41:49;1148;49,98;
10:41:52;1142;49,98;
10:41:55;1148;49,98;
10:41:58;1151;49,98;
10:42:01;1148;49,98;
10:42:04;1145;49,98;
10:42:07;1150;49,99;
10:42:13;1152;50,00;
10:42:16;1153;50,00;
10:42:19;1156;50,00;
10:42:22;1154;50,00;
10:42:25;1152;50,00;
10:42:28;1154;49,99;
10:42:31;1147;49,99;
10:42:34;1153;49,98;
10:42:37;1153;49,99;
10:42:40;1155;49,99;
10:42:43;1158;50,00;
10:42:49;1157;50,00;
10:42:52;1158;50,00;
10:42:55;1149;50,00;
10:42:58;1158;50,01;
10:43:01;1157;50,00;
10:43:04;1158;50,00;
10:43:07;1159;49,99;
10:43:10;1158;49,99;
10:43:13;1159;50,00;
10:43:19;1162;50,00;
10:43:25;1164;50,00;
10:43:34;1165;50,00;
10:43:37;1169;50,00;
10:43:40;1167;50,00;
10:43:43;1164;50,00;
10:43:52;1163;50,00;
10:43:55;1162;50,01;
10:43:58;1160;50,01;
10:44:01;1161;50,01;
10:44:04;1157;50,01;
10:44:07;1152;50,01;
10:44:10;1150;50,01;
10:44:13;1146;50,00;
10:44:16;1141;50,00;
10:44:19;1137;49,99;
10:44:25;1130;49,99;
10:44:28;1127;49,99;
10:44:31;1122;49,99;
10:44:34;1119;49,99;
10:44:37;1114;50,00;
10:44:40;1111;50,00;
10:44:43;1098;50,00;
10:44:46;1113;50,01;
10:44:49;1097;50,01;
10:44:52;1104;50,01;
10:44:55;1096;50,00;
10:44:58;1098;50,00;
10:45:01;1099;50,00;
10:45:04;1091;50,00;
10:45:07;1086;50,00;
10:45:10;1090;49,99;
10:45:13;1092;49,99;
10:45:16;1087;49,99;
10:45:19;1079;49,99;
10:45:22;1086;49,99;
10:45:25;1088;49,99;
10:45:31;1087;49,98;
10:45:34;1081;49,98;
10:45:37;1073;49,98;
10:45:40;1078;49,98;
10:45:46;1074;49,98;
10:45:49;1073;49,98;
10:45:52;1067;49,98;
10:45:55;1074;49,99;
10:45:58;1070;49,99;
10:46:01;1062;49,99;
10:46:04;1066;49,99;
10:46:07;1068;49,99;
10:46:10;1064;49,99;
10:46:16;1062;49,98;
10:46:19;1064;49,98;
10:46:25;1065;49,98;
10:46:28;1066;49,98;
10:46:31;1069;49,98;
10:46:34;1070;49,98;
10:46:37;1071;49,98;
10:46:40;1076;49,98;
10:46:43;1079;49,98;
10:46:46;1080;49,98;
10:46:49;1086;49,98;
10:46:52;1096;49,98;
10:46:58;1107;49,98;
10:47:01;1109;49,99;
10:47:04;1116;49,98;
10:47:07;1121;49,99;
10:47:10;1131;49,99;
10:47:13;1137;50,00;
10:47:16;1138;50,00;
10:47:22;1159;49,99;
10:47:25;1157;49,99;
10:47:28;1159;49,99;
10:47:31;1168;49,99;
10:47:34;1161;49,99;
10:47:37;1172;49,99;
10:47:40;1174;50,00;
10:47:43;1182;50,00;
10:47:46;1174;50,00;
10:47:49;1180;50,00;
10:47:52;1186;49,99;
10:47:55;1181;49,99;
10:47:58;1173;49,98;
10:48:01;1181;49,98;
10:48:07;1182;49,98;
10:48:10;1177;49,99;
10:48:13;1179;49,99;
10:48:16;1180;49,99;
10:48:19;1176;49,99;
10:48:22;1168;49,99;
10:48:28;1180;50,00;
10:48:31;1179;50,00;
10:48:34;1169;50,00;
10:48:37;1177;50,00;
10:48:40;1176;49,99;
10:48:43;1172;49,99;
10:48:46;1174;50,00;
10:48:49;1166;50,00;
10:48:52;1181;50,00;
10:48:55;1175;50,00;
10:48:58;1171;50,00;
10:49:01;1177;50,00;
10:49:04;1184;50,00;
10:49:07;1180;49,99;
10:49:13;1182;49,98;
10:49:16;1190;49,98;
10:49:19;1185;49,98;
10:49:22;1181;49,98;
10:49:25;1190;49,98;
10:49:28;1200;49,98;
10:49:34;1199;49,99;
10:49:37;1210;50,00;
10:49:40;1225;50,00;
10:49:43;1226;50,01;
10:49:46;1210;50,01;
10:49:49;1229;50,01;
10:49:55;1236;50,01;
10:49:58;1235;50,00;
10:50:01;1248;50,00;
10:50:04;1257;50,00;
10:50:10;1265;50,00;
10:50:13;1271;50,00;
10:50:16;1277;49,99;
10:50:19;1288;49,99;
10:50:22;1294;49,99;
10:50:25;1292;49,99;
10:50:28;1307;49,99;
10:50:31;1310;49,99;
10:50:34;1318;49,99;
10:50:40;1316;49,98;
10:50:43;1332;49,98;
10:50:46;1334;49,98;
10:50:49;1333;49,99;
10:50:52;1341;49,99;
10:50:55;1336;50,00;
10:50:58;1347;50,00;
10:51:01;1349;50,00;
10:51:04;1347;50,00;
10:51:07;1352;49,99;
10:51:13;1348;49,99;
10:51:16;1354;49,99;
10:51:19;1344;49,99;
10:51:25;1348;49,98;
10:51:28;1348;49,99;
10:51:31;1350;49,99;
10:51:34;1351;50,00;
10:51:37;1341;50,00;
10:51:40;1346;50,00;
10:51:43;1345;50,00;
10:51:46;1342;50,00;
10:51:49;1330;49,99;
10:51:52;1345;49,99;
10:51:55;1337;49,99;
10:51:58;1329;49,99;
10:52:01;1322;49,99;
10:52:04;1330;49,99;
10:52:07;1325;49,99;
10:52:10;1316;49,98;
10:52:13;1310;49,98;
10:52:16;1312;49,98;
10:52:19;1308;49,98;
10:52:22;1306;49,98;
10:52:25;1299;49,98;
10:52:31;1294;49,98;
10:52:34;1289;49,98;
10:52:37;1280;49,98;
10:52:40;1284;49,98;
10:52:43;1281;49,99;
10:52:46;1278;49,99;
10:52:52;1266;50,00;
10:52:55;1278;49,99;
10:52:58;1267;49,99;
10:53:01;1261;49,99;
10:53:04;1272;49,99;
10:53:07;1271;49,99;
10:53:10;1264;49,99;
10:53:13;1269;49,99;
10:53:16;1264;49,98;
10:53:22;1268;49,98;
10:53:25;1263;49,98;
10:53:28;1255;49,98;
10:53:31;1261;49,98;
10:53:37;1257;49,99;
10:53:40;1247;49,99;
10:53:43;1255;49,99;
10:53:49;1250;49,98;
10:53:52;1239;49,98;
10:53:55;1247;49,98;
10:53:58;1248;49,98;
10:54:01;1245;49,98;
10:54:04;1238;49,98;
10:54:07;1242;49,98;
10:54:10;1246;49,98;
10:54:13;1241;49,98;
10:54:16;1232;49,98;
10:54:19;1242;49,98;
10:54:22;1243;49,98;
10:54:25;1245;49,98;
10:54:31;1242;49,98;
10:54:34;1237;49,98;
10:54:37;1236;49,98;
10:54:43;1233;49,97;
10:54:46;1233;49,98;
10:54:49;1229;49,98;
10:54:52;1215;49,98;
10:54:55;1222;49,98;
10:54:58;1226;49,98;
10:55:01;1214;49,98;
10:55:04;1216;49,98;
10:55:07;1207;49,98;
10:55:10;1206;49,98;
10:55:13;1197;49,98;
10:55:16;1190;49,98;
10:55:19;1189;49,98;
10:55:22;1182;49,98;
10:55:28;1168;49,97;
10:55:31;1158;49,97;
10:55:34;1156;49,97;
10:55:37;1158;49,97;
10:55:40;1148;49,97;
10:55:46;1140;49,98;
10:55:49;1133;49,98;
10:55:52;1121;49,98;
10:55:58;1106;49,98;
10:56:01;1096;49,98;
10:56:07;1097;49,97;
10:56:10;1088;49,97;
10:56:13;1075;49,96;
10:56:16;1078;49,96;
10:56:19;1081;49,96;
10:56:22;1071;49,97;
10:56:25;1059;49,97;
10:56:28;1065;49,97;
10:56:34;1060;49,97;
10:56:37;1049;49,97;
10:56:40;1058;49,97;
10:56:43;1053;49,97;
10:56:46;1054;49,97;
10:56:49;1044;49,97;
10:56:52;1051;49,97;
10:56:55;1049;49,97;
10:56:58;1048;49,98;
10:57:01;1036;49,98;
10:57:04;1046;49,98;
10:57:07;1045;49,98;
10:57:10;1039;49,98;
10:57:13;1033;49,98;
10:57:16;1034;49,98;
10:57:19;1037;49,97;
10:57:22;1035;49,97;
10:57:25;1026;49,97;
10:57:28;1031;49,97;
10:57:31;1036;49,97;
10:57:34;1029;49,98;
10:57:40;1022;49,98;
10:57:43;1026;49,98;
10:57:46;1020;49,98;
10:57:49;1008;49,99;
10:57:52;1014;49,99;
10:57:55;1016;49,98;
10:57:58;1008;49,98;
10:58:01;1011;49,98;
10:58:04;1008;49,98;
10:58:07;1007;49,98;
10:58:10;999;49,97;
10:58:13;991;49,97;
10:58:16;995;49,97;
10:58:25;988;49,97;
10:58:28;984;49,97;
10:58:34;981;49,97;
10:58:37;979;49,97;
10:58:40;976;49,97;
10:58:46;973;49,98;
10:58:49;972;49,98;
10:58:52;971;49,98;
10:58:55;973;49,98;
10:58:58;971;49,98;
10:59:04;964;49,98;
10:59:07;969;49,98;
10:59:10;972;49,97;
10:59:13;977;49,97;
10:59:16;983;49,97;
10:59:19;984;49,97;
10:59:22;985;49,98;
10:59:25;988;49,98;
10:59:28;995;49,98;
10:59:31;993;49,98;
10:59:34;994;49,97;
10:59:37;995;49,97;
10:59:40;997;49,97;
10:59:43;999;49,98;
10:59:46;988;49,98;
10:59:49;997;49,98;
10:59:52;994;49,98;
10:59:55;998;49,98;
10:59:58;1010;49,98;
11:00:01;1004;49,98;
11:00:04;996;49,98;
11:00:07;1008;49,97;
11:00:13;1011;49,97;
11:00:16;1004;49,96;
11:00:19;1015;49,97;
11:00:22;1016;49,96;
11:00:25;1015;49,96;
11:00:31;1016;49,96;
11:00:37;1013;49,96;
11:00:40;1015;49,96;
11:00:43;1012;49,96;
11:00:46;1010;49,96;
11:00:49;1008;49,96;
11:00:52;1006;49,96;
11:00:55;998;49,96;
11:00:58;1001;49,96;
11:01:01;999;49,96;
11:01:04;998;49,96;
11:01:07;992;49,96;
11:01:10;991;49,96;
11:01:13;987;49,95;
11:01:16;985;49,96;
11:01:19;975;49,95;
11:01:22;981;49,95;
11:01:25;977;49,95;
11:01:28;976;49,94;
11:01:31;973;49,95;
11:01:34;972;49,95;
11:01:37;971;49,95;
11:01:43;962;49,94;
11:01:46;970;49,94;
11:01:55;980;49,94;
11:01:58;981;49,94;
11:02:01;965;49,94;
11:02:04;979;49,94;
11:02:07;982;49,94;
11:02:10;986;49,94;
11:02:13;984;49,94;
11:02:16;982;49,94;
11:02:19;974;49,94;
11:02:22;983;49,94;
11:02:25;986;49,94;
11:02:28;988;49,95;
11:02:31;1000;49,95;
11:02:34;996;49,95;
11:02:37;994;49,95;
11:02:40;984;49,95;
11:02:43;981;49,95;
11:02:49;982;49,96;
11:02:52;979;49,96;
11:02:55;973;49,96;
11:02:58;975;49,96;
11:03:01;968;49,96;
11:03:04;967;49,96;
11:03:07;957;49,96;
11:03:10;960;49,95;
11:03:13;957;49,95;
11:03:16;959;49,96;
11:03:22;957;49,96;
11:03:25;943;49,96;
11:03:28;950;49,96;
11:03:31;951;49,96;
11:03:34;947;49,96;
11:03:37;931;49,95;
11:03:40;941;49,94;
11:03:43;944;49,94;
11:03:46;940;49,94;
11:03:49;928;49,94;
11:03:55;921;49,95;
11:03:58;932;49,95;
11:04:01;939;49,96;
11:04:04;932;49,96;
11:04:07;946;49,96;
11:04:10;940;49,96;
11:04:16;930;49,96;
11:04:19;924;49,96;
11:04:22;933;49,96;
11:04:28;934;49,95;
11:04:31;936;49,95;
11:04:34;931;49,95;
11:04:40;937;49,95;
11:04:43;938;49,95;
11:04:46;940;49,95;
11:04:49;942;49,95;
11:04:52;947;49,95;
11:04:55;946;49,95;
11:04:58;939;49,95;
11:05:01;943;49,95;
11:05:04;949;49,95;
11:05:07;956;49,95;
11:05:10;957;49,95;
11:05:13;961;49,95;
11:05:16;965;49,95;
11:05:19;969;49,95;
11:05:22;963;49,95;
11:05:25;975;49,95;
11:05:28;979;49,96;
11:05:31;981;49,96;
11:05:34;976;49,96;
11:05:37;987;49,95;
11:05:40;997;49,95;
11:05:46;988;49,95;
11:05:49;996;49,95;
11:05:52;1005;49,95;
11:05:55;1000;49,95;
11:05:58;995;49,96;
11:06:01;1002;49,95;
11:06:04;1003;49,95;
11:06:07;1011;49,96;
11:06:10;999;49,95;
11:06:13;1003;49,95;
11:06:16;1010;49,95;
11:06:19;1002;49,94;
11:06:22;996;49,94;
11:06:25;1004;49,95;
11:06:28;1001;49,95;
11:06:34;994;49,95;
11:06:37;998;49,96;
11:06:40;1003;49,96;
11:06:43;998;49,95;
11:06:46;990;49,96;
11:06:52;1001;49,96;
11:06:55;995;49,96;
11:06:58;988;49,97;
11:07:01;990;49,97;
11:07:07;989;49,97;
11:07:10;994;49,97;
11:07:13;984;49,97;
11:07:16;1003;49,96;
11:07:19;995;49,96;
11:07:22;993;49,95;
11:07:25;999;49,95;
11:07:28;1005;49,95;
11:07:31;1008;49,95;
11:07:34;1007;49,95;
11:07:37;1008;49,96;
11:07:40;1019;49,96;
11:07:43;1030;49,96;
11:07:46;1031;49,96;
11:07:49;1029;49,96;
11:07:52;1040;49,96;
11:07:58;1049;49,97;
11:08:01;1047;49,96;
11:08:04;1056;49,96;
11:08:07;1062;49,96;
11:08:10;1057;49,96;
11:08:13;1068;49,96;
11:08:16;1067;49,96;
11:08:19;1072;49,96;
11:08:22;1063;49,96;
11:08:25;1070;49,96;
11:08:28;1069;49,97;
11:08:31;1067;49,97;
11:08:34;1064;49,97;
11:08:37;1060;49,97;
11:08:46;1048;49,97;
11:08:49;1044;49,97;
11:08:52;1044;49,96;
11:08:55;1039;49,96;
11:08:58;1033;49,96;
11:09:01;1029;49,97;
11:09:04;1021;49,97;
11:09:07;999;49,96;
11:09:10;1001;49,97;
11:09:13;996;49,97;
11:09:16;987;49,98;
11:09:19;984;49,99;
11:09:22;974;49,99;
11:09:25;970;49,99;
11:09:28;959;49,99;
11:09:31;958;49,99;
11:09:34;948;49,99;
11:09:37;933;49,99;
11:09:40;936;50,00;
11:09:43;937;50,00;
11:09:49;917;50,00;
11:09:52;918;49,99;
11:09:55;921;49,99;
11:09:58;914;49,99;
11:10:01;924;49,98;
11:10:04;919;49,98;
11:10:10;904;49,98;
11:10:13;925;49,97;
11:10:16;921;49,97;
11:10:19;916;49,97;
11:10:22;924;49,97;
11:10:25;935;49,97;
11:10:28;934;49,97;
11:10:31;937;49,97;
11:10:34;934;49,96;
11:10:37;950;49,96;
11:10:40;960;49,97;
11:10:43;961;49,97;
11:10:46;954;49,98;
11:10:49;973;49,98;
11:10:55;986;49,98;
11:10:58;976;49,99;
11:11:01;985;49,99;
11:11:04;984;49,99;
11:11:07;994;49,99;
11:11:10;1006;49,98;
11:11:13;1000;49,99;
11:11:16;1005;49,99;
11:11:19;1009;49,99;
11:11:22;1014;49,99;
11:11:25;1012;49,99;
11:11:28;1006;49,99;
11:11:31;1014;49,99;
11:11:34;1020;49,99;
11:11:37;1014;49,99;
11:11:40;1005;49,98;
11:11:43;1010;49,98;
11:11:46;1007;49,98;
11:11:49;1006;49,98;
11:11:52;999;49,98;
11:11:55;1001;49,98;
11:12:01;996;49,97;
11:12:04;987;49,98;
11:12:07;991;49,97;
11:12:10;990;49,97;
11:12:13;984;49,97;
11:12:16;976;49,97;
11:12:19;983;49,97;
11:12:22;984;49,96;
11:12:25;979;49,97;
11:12:28;972;49,97;
11:12:31;979;49,96;
11:12:34;982;49,96;
11:12:37;978;49,96;
11:12:40;979;49,96;
11:12:43;971;49,97;
11:12:46;978;49,97;
11:12:49;979;49,97;
11:12:55;982;49,97;
11:12:58;981;49,98;
11:13:01;986;49,98;
11:13:07;993;49,98;
11:13:10;997;49,98;
11:13:13;996;49,98;
11:13:16;989;49,98;
11:13:19;1000;49,97;
11:13:22;1007;49,97;
11:13:25;1005;49,96;
11:13:28;1007;49,96;
11:13:31;1010;49,96;
11:13:34;1017;49,97;
11:13:37;1021;49,97;
11:13:40;1023;49,97;
11:13:43;1019;49,97;
11:13:46;1031;49,97;
11:13:52;1037;49,98;
11:13:55;1035;49,98;
11:13:58;1046;49,98;
11:14:01;1056;49,98;
11:14:04;1055;49,98;
11:14:07;1050;49,98;
11:14:10;1058;49,98;
11:14:13;1063;49,98;
11:14:16;1069;49,98;
11:14:19;1064;49,98;
11:14:22;1077;49,98;
11:14:25;1083;49,98;
11:14:28;1083;49,99;
11:14:31;1079;49,99;
11:14:34;1088;49,99;
11:14:37;1095;49,98;
11:14:40;1096;49,98;
11:14:43;1092;49,97;
11:14:46;1102;49,97;
11:14:49;1107;49,97;
11:14:52;1106;49,97;
11:14:58;1105;49,98;
11:15:01;1099;49,98;
11:15:04;1107;49,98;
11:15:07;1112;49,98;
11:15:10;1119;49,97;
11:15:13;1121;49,97;
11:15:16;1113;49,97;
11:15:19;1119;49,97;
11:15:25;1122;49,96;
11:15:28;1121;49,96;
11:15:31;1116;49,96;
11:15:34;1117;49,96;
11:15:37;1114;49,96;
11:15:40;1118;49,96;
11:15:43;1120;49,97;
11:15:46;1123;49,97;
11:15:49;1129;49,97;
11:15:52;1132;49,97;
11:15:55;1131;49,97;
11:15:58;1133;49,98;
11:16:04;1130;49,98;
11:16:07;1132;49,98;
11:16:10;1133;49,99;
11:16:13;1135;49,99;
11:16:16;1137;49,99;
11:16:22;1144;49,99;
11:16:25;1140;50,00;
11:16:28;1146;50,00;
11:16:34;1143;49,99;
11:16:37;1141;49,98;
11:16:43;1142;49,98;
11:16:46;1136;49,98;
11:16:49;1142;49,98;
11:16:52;1144;49,98;
11:16:55;1146;49,98;
11:17:01;1142;49,98;
11:17:04;1141;49,98;
11:17:10;1143;49,98;
11:17:16;1150;49,98;
11:17:19;1148;49,98;
11:17:25;1153;49,98;
11:17:28;1147;49,98;
11:17:31;1159;49,98;
11:17:34;1168;50,00;
11:17:37;1176;50,00;
11:17:40;1182;50,00;
11:17:43;1189;50,00;
11:17:46;1188;50,01;
11:17:49;1186;50,01;
11:17:55;1198;50,00;
11:17:58;1205;50,00;
11:18:01;1209;50,01;
11:18:04;1208;50,01;
11:18:07;1222;50,01;
11:18:10;1229;50,01;
11:18:13;1231;50,00;
11:18:16;1239;50,00;
11:18:19;1259;50,00;
11:18:22;1270;50,01;
11:18:25;1283;50,01;
11:18:31;1309;50,01;
11:18:34;1324;50,00;
11:18:40;1341;50,00;
11:18:43;1367;50,00;
11:18:46;1377;50,00;
11:18:49;1399;50,00;
11:18:52;1410;50,00;
11:18:55;1432;50,00;
11:19:01;1465;50,00;
11:19:04;1476;50,00;
11:19:07;1500;49,99;
11:19:10;1511;49,99;
11:19:13;1534;49,99;
11:19:16;1542;50,00;
11:19:19;1552;50,00;
11:19:22;1565;50,00;
11:19:25;1597;50,00;
11:19:28;1606;50,00;
11:19:31;1624;50,00;
11:19:34;1633;50,00;
11:19:37;1647;50,00;
11:19:40;1654;50,00;
11:19:43;1658;50,00;
11:19:46;1672;49,99;
11:19:49;1684;49,99;
11:19:52;1689;49,99;
11:19:55;1694;49,99;
11:19:58;1696;49,99;
11:20:01;1700;49,99;
11:20:07;1701;49,99;
11:20:10;1700;49,99;
11:20:13;1696;49,98;
11:20:16;1694;49,98;
11:20:19;1684;49,97;
11:20:22;1686;49,97;
11:20:25;1680;49,98;
11:20:28;1692;49,98;
11:20:31;1671;49,97;
11:20:34;1674;49,98;
11:20:37;1667;49,97;
11:20:40;1661;49,98;
11:20:43;1643;49,98;
11:20:49;1638;49,98;
11:20:52;1625;49,98;
11:20:55;1608;49,98;
11:20:58;1602;49,98;
11:21:01;1577;49,98;
11:21:04;1575;49,98;
11:21:07;1554;49,99;
11:21:13;1523;50,00;
11:21:16;1517;50,00;
11:21:19;1493;50,00;
11:21:22;1484;49,99;
11:21:25;1457;50,00;
11:21:28;1451;49,99;
11:21:31;1439;49,99;
11:21:34;1428;50,00;
11:21:37;1393;50,00;
11:21:40;1387;50,00;
11:21:43;1362;50,00;
11:21:46;1350;50,00;
11:21:49;1333;50,00;
11:21:52;1323;50,00;
11:21:55;1311;50,00;
11:21:58;1291;49,99;
11:22:01;1273;49,99;
11:22:04;1262;49,98;
11:22:07;1236;49,98;
11:22:10;1234;49,98;
11:22:13;1218;49,98;
11:22:19;1186;49,99;
11:22:22;1190;50,00;
11:22:25;1185;50,00;
11:22:28;1175;50,00;
11:22:31;1170;50,00;
11:22:34;1154;50,00;
11:22:37;1148;50,00;
11:22:40;1149;50,00;
11:22:43;1140;50,00;
11:22:46;1135;50,01;
11:22:49;1132;50,01;
11:22:52;1127;50,01;
11:22:55;1123;50,01;
11:22:58;1119;50,01;
11:23:04;1116;50,00;
11:23:07;1114;50,00;
11:23:10;1108;50,00;
11:23:16;1105;50,01;
11:23:19;1104;50,00;
11:23:22;1108;50,01;
11:23:25;1098;50,00;
11:23:28;1097;50,00;
11:23:31;1098;50,00;
11:23:34;1092;50,00;
11:23:37;1093;50,00;
11:23:40;1089;50,00;
11:23:49;1087;50,01;
11:23:52;1080;50,01;
11:23:55;1082;50,01;
11:23:58;1090;50,01;
11:24:01;1083;50,01;
11:24:04;1079;50,02;
11:24:10;1089;50,02;
11:24:13;1084;50,02;
11:24:16;1079;50,02;
11:24:19;1086;50,01;
11:24:22;1091;50,01;
11:24:25;1087;50,01;
11:24:28;1088;50,01;
11:24:31;1082;50,01;
11:24:34;1097;50,01;
11:24:37;1092;50,01;
11:24:40;1089;50,01;
11:24:43;1096;50,01;
11:24:46;1106;50,01;
11:24:49;1104;50,02;
11:24:52;1106;50,02;
11:24:55;1111;50,02;
11:24:58;1123;50,02;
11:25:01;1121;50,01;
11:25:04;1122;50,01;
11:25:07;1128;50,01;
11:25:10;1146;50,01;
11:25:16;1149;50,02;
11:25:19;1161;50,01;
11:25:22;1155;50,01;
11:25:25;1176;50,01;
11:25:28;1183;50,01;
11:25:31;1184;50,01;
11:25:34;1192;50,01;
11:25:37;1191;50,01;
11:25:40;1221;50,01;
11:25:46;1241;50,00;
11:25:49;1244;50,00;
11:25:52;1258;50,00;
11:25:55;1259;50,00;
11:25:58;1271;49,99;
11:26:01;1272;49,99;
11:26:04;1289;49,99;
11:26:07;1299;49,99;
11:26:10;1304;49,98;
11:26:13;1301;49,98;
11:26:16;1311;49,97;
11:26:22;1320;49,97;
11:26:25;1338;49,98;
11:26:28;1342;49,98;
11:26:31;1334;49,98;
11:26:34;1334;49,99;
11:26:37;1346;49,99;
11:26:40;1346;50,00;
11:26:43;1354;50,00;
11:26:46;1347;50,00;
11:26:49;1353;50,01;
11:26:52;1336;50,01;
11:26:55;1330;50,01;
11:26:58;1331;50,01;
11:27:01;1326;50,01;
11:27:07;1313;50,01;
11:27:10;1317;50,01;
11:27:13;1307;50,01;
11:27:16;1304;50,00;
11:27:19;1301;50,00;
11:27:22;1294;50,00;
11:27:25;1291;50,00;
11:27:28;1282;50,00;
11:27:31;1279;50,00;
11:27:34;1270;50,00;
11:27:37;1257;50,00;
11:27:40;1259;50,00;
11:27:43;1255;50,00;
11:27:46;1246;50,00;
11:27:49;1242;50,00;
11:27:52;1235;49,99;
11:27:55;1232;49,99;
11:27:58;1223;49,98;
11:28:01;1222;49,98;
11:28:04;1213;49,98;
11:28:07;1198;49,98;
11:28:13;1185;49,97;
11:28:16;1188;49,98;
11:28:19;1182;49,98;
11:28:22;1175;49,98;
11:28:25;1181;49,98;
11:28:28;1165;49,98;
11:28:31;1167;49,98;
11:28:34;1154;49,98;
11:28:37;1155;49,98;
11:28:40;1146;49,98;
11:28:43;1136;49,98;
11:28:46;1135;49,99;
11:28:49;1133;49,99;
11:28:52;1129;49,99;
11:28:58;1119;49,99;
11:29:01;1120;49,99;
11:29:04;1124;49,99;
11:29:07;1117;50,00;
11:29:10;1113;50,00;
11:29:13;1115;50,00;
11:29:19;1118;50,00;
11:29:22;1103;50,00;
11:29:25;1107;50,00;
11:29:28;1114;50,00;
11:29:31;1108;50,00;
11:29:34;1103;49,99;
11:29:37;1110;49,99;
11:29:40;1111;50,00;
11:29:43;1116;50,00;
11:29:46;1113;50,00;
11:29:49;1124;49,99;
11:29:52;1131;49,99;
11:29:55;1132;49,99;
11:29:58;1129;50,00;
11:30:01;1136;50,00;
11:30:04;1148;49,99;
11:30:07;1151;49,98;
11:30:10;1148;49,98;
11:30:13;1168;49,98;
11:30:16;1167;49,99;
11:30:19;1173;49,99;
11:30:25;1176;49,98;
11:30:28;1169;49,98;
11:30:31;1183;49,97;
11:30:34;1196;49,96;
11:30:37;1202;49,96;
11:30:40;1197;49,96;
11:30:43;1210;49,96;
11:30:49;1221;49,96;
11:30:52;1219;49,96;
11:30:55;1230;49,96;
11:30:58;1236;49,96;
11:31:01;1241;49,96;
11:31:04;1239;49,97;
11:31:07;1248;49,97;
11:31:10;1257;49,96;
11:31:13;1264;49,96;
11:31:19;1280;49,96;
11:31:22;1288;49,96;
11:31:25;1295;49,96;
11:31:31;1289;49,96;
11:31:34;1321;49,97;
11:31:37;1319;49,97;
11:31:40;1325;49,96;
11:31:43;1338;49,96;
11:31:46;1346;49,96;
11:31:52;1351;49,96;
11:31:55;1354;49,97;
11:31:58;1359;49,97;
11:32:01;1363;49,97;
11:32:04;1361;49,97;
11:32:07;1354;49,97;
11:32:10;1358;49,98;
11:32:16;1355;49,97;
11:32:19;1347;49,96;
11:32:22;1347;49,97;
11:32:25;1348;49,97;
11:32:28;1342;49,96;
11:32:31;1332;49,97;
11:32:34;1333;49,97;
11:32:37;1331;49,97;
11:32:40;1325;49,98;
11:32:43;1320;49,98;
11:32:52;1315;49,98;
11:32:55;1308;49,98;
11:32:58;1311;49,98;
11:33:04;1306;49,98;
11:33:07;1299;49,98;
11:33:10;1304;49,98;
11:33:13;1301;49,98;
11:33:16;1301;49,99;
11:33:22;1295;49,99;
11:33:25;1294;49,99;
11:33:28;1289;49,99;
11:33:31;1274;49,99;
11:33:34;1280;50,00;
11:33:37;1279;49,99;
11:33:40;1269;49,99;
11:33:46;1258;49,99;
11:33:49;1255;49,99;
11:33:52;1242;49,98;
11:33:55;1234;49,98;
11:33:58;1232;49,97;
11:34:01;1226;49,97;
11:34:04;1225;49,98;
11:34:07;1212;49,98;
11:34:10;1202;49,98;
11:34:13;1199;49,98;
11:34:16;1191;49,98;
11:34:19;1186;49,98;
11:34:22;1178;49,98;
11:34:28;1167;49,98;
11:34:31;1166;49,98;
11:34:34;1159;49,98;
11:34:37;1157;49,98;
11:34:40;1147;49,98;
11:34:43;1146;49,98;
11:34:49;1139;49,98;
11:34:52;1127;49,98;
11:34:55;1123;49,99;
11:34:58;1115;49,99;
11:35:01;1109;50,00;
11:35:04;1100;50,00;
11:35:07;1095;50,00;
11:35:10;1095;49,99;
11:35:13;1084;49,99;
11:35:16;1071;49,99;
11:35:19;1069;49,98;
11:35:22;1057;49,98;
11:35:25;1055;49,98;
11:35:28;1048;49,97;
11:35:34;1035;49,96;
11:35:40;1027;49,97;
11:35:43;1024;49,97;
11:35:46;1019;49,97;
11:35:49;1017;49,96;
11:35:52;1008;49,96;
11:35:55;1012;49,96;
11:35:58;1010;49,96;
11:36:01;1015;49,96;
11:36:04;1019;49,96;
11:36:07;1016;49,97;
11:36:10;1001;49,97;
11:36:19;999;49,96;
11:36:22;1003;49,96;
11:36:25;1005;49,96;
11:36:28;1009;49,96;
11:36:31;1000;49,96;
11:36:34;987;49,96;
11:36:37;992;49,97;
11:36:40;1001;49,97;
11:36:43;997;49,97;
11:36:46;987;49,97;
11:36:49;996;49,97;
11:36:52;997;49,97;
11:36:55;995;49,97;
11:36:58;987;49,97;
11:37:01;983;49,98;
11:37:04;990;49,98;
11:37:07;983;49,97;
11:37:13;978;49,97;
11:37:19;975;49,97;
11:37:25;969;49,97;
11:37:28;966;49,96;
11:37:31;960;49,96;
11:37:34;958;49,96;
11:37:37;954;49,97;
11:37:40;953;49,96;
11:37:43;957;49,97;
11:37:46;951;49,96;
11:37:49;944;49,97;
11:37:52;945;49,97;
11:37:55;941;49,97;
11:37:58;943;49,97;
11:38:01;930;49,97;
11:38:04;941;49,97;
11:38:07;946;49,97;
11:38:10;939;49,98;
11:38:13;939;49,97;
11:38:16;941;49,97;
11:38:19;944;49,97;
11:38:25;940;49,97;
11:38:31;951;49,98;
11:38:34;953;49,98;
11:38:37;943;49,98;
11:38:40;957;49,98;
11:38:43;959;49,98;
11:38:46;965;49,98;
11:38:49;953;49,97;
11:38:52;956;49,97;
11:38:55;970;49,97;
11:38:58;971;49,97;
11:39:01;966;49,98;
11:39:04;975;49,98;
11:39:07;984;49,98;
11:39:10;977;49,98;
11:39:13;979;49,98;
11:39:16;981;49,98;
11:39:19;990;49,97;
11:39:22;986;49,97;
11:39:25;980;49,96;
11:39:28;991;49,96;
11:39:31;994;49,96;
11:39:37;993;49,96;
11:39:40;1006;49,96;
11:39:43;995;49,96;
11:39:46;1004;49,96;
11:39:49;1017;49,97;
11:39:52;1012;49,96;
11:39:55;1017;49,96;
11:39:58;1013;49,96;
11:40:01;1034;49,97;
11:40:04;1030;49,98;
11:40:10;1039;49,98;
11:40:13;1052;49,98;
11:40:16;1050;49,98;
11:40:19;1053;49,98;
11:40:22;1054;49,98;
11:40:25;1073;49,98;
11:40:28;1071;49,98;
11:40:31;1072;49,98;
11:40:34;1084;49,98;
11:40:37;1087;49,97;
11:40:40;1099;49,97;
11:40:43;1092;49,97;
11:40:46;1106;49,97;
11:40:49;1109;49,97;
11:40:52;1115;49,97;
11:40:55;1119;49,97;
11:40:58;1124;49,97;
11:41:01;1127;49,98;
11:41:04;1132;49,98;
11:41:07;1136;49,98;
11:41:10;1145;49,98;
11:41:13;1151;49,98;
11:41:16;1157;49,98;
11:41:19;1163;49,98;
11:41:22;1172;49,98;
11:41:28;1186;49,98;
11:41:31;1190;49,98;
11:41:34;1204;49,98;
11:41:37;1211;49,97;
11:41:40;1228;49,97;
11:41:43;1231;49,97;
11:41:46;1237;49,97;
11:41:49;1237;49,98;
11:41:52;1262;49,98;
11:41:55;1266;49,98;
11:41:58;1273;49,98;
11:42:01;1281;49,99;
11:42:04;1291;49,99;
11:42:07;1296;49,99;
11:42:10;1299;49,99;
11:42:13;1305;49,99;
11:42:19;1316;49,98;
11:42:22;1321;49,98;
11:42:34;1333;49,98;
11:42:37;1336;49,98;
11:42:40;1334;49,99;
11:42:43;1341;49,99;
11:42:46;1345;49,99;
11:42:49;1346;49,99;
11:42:52;1351;49,99;
11:42:55;1344;49,99;
11:42:58;1359;50,00;
11:43:04;1357;50,00;
11:43:07;1365;49,99;
11:43:10;1366;49,99;
11:43:13;1368;49,99;
11:43:22;1370;49,99;
11:43:28;1365;49,99;
11:43:31;1372;50,00;
11:43:40;1367;50,00;
11:43:43;1379;49,99;
11:43:46;1381;49,99;
11:43:49;1374;49,99;
11:43:52;1374;50,00;
11:43:55;1384;50,00;
11:43:58;1382;50,00;
11:44:01;1386;50,00;
11:44:04;1380;50,00;
11:44:07;1378;50,00;
11:44:10;1376;50,00;
11:44:13;1372;49,99;
11:44:16;1366;49,99;
11:44:19;1357;49,99;
11:44:22;1360;50,00;
11:44:25;1351;50,00;
11:44:28;1344;50,01;
11:44:31;1333;50,01;
11:44:34;1330;50,00;
11:44:37;1327;50,00;
11:44:40;1318;50,00;
11:44:46;1307;49,99;
11:44:49;1304;50,00;
11:44:52;1296;50,00;
11:44:55;1286;50,00;
11:44:58;1286;49,99;
11:45:01;1284;50,00;
11:45:04;1279;50,00;
11:45:07;1278;50,00;
11:45:10;1270;50,00;
11:45:13;1266;50,00;
11:45:16;1260;50,00;
11:45:19;1246;50,00;
11:45:22;1252;50,00;
11:45:25;1250;50,00;
11:45:31;1235;50,00;
11:45:34;1243;50,00;
11:45:40;1240;50,00;
11:45:43;1233;50,00;
11:45:46;1243;50,00;
11:45:49;1245;50,00;
11:45:52;1247;50,00;
11:45:55;1254;50,00;
11:45:58;1257;50,00;
11:46:01;1254;49,99;
11:46:04;1259;49,99;
11:46:07;1250;49,98;
11:46:10;1259;49,98;
11:46:19;1255;49,99;
11:46:22;1258;49,99;
11:46:25;1251;49,99;
11:46:28;1250;49,99;
11:46:31;1244;49,99;
11:46:37;1226;49,99;
11:46:43;1196;49,99;
11:46:46;1208;49,99;
11:46:49;1198;49,99;
11:46:52;1183;49,99;
11:46:55;1188;50,00;
11:46:58;1183;50,00;
11:47:01;1159;50,00;
11:47:04;1156;50,00;
11:47:07;1145;50,00;
11:47:10;1138;50,00;
11:47:13;1128;50,00;
11:47:16;1114;50,00;
11:47:22;1105;50,00;
11:47:25;1089;50,00;
11:47:28;1075;50,00;
11:47:31;1066;50,00;
11:47:34;1067;49,99;
11:47:37;1044;49,99;
11:47:43;1018;49,98;
11:47:46;1015;49,98;
11:47:49;998;49,98;
11:47:52;994;49,97;
11:47:55;977;49,98;
11:47:58;958;49,98;
11:48:01;959;49,98;
11:48:04;949;49,98;
11:48:07;923;49,98;
11:48:10;902;49,98;
11:48:13;895;49,98;
11:48:16;892;49,98;
11:48:19;871;49,98;
11:48:22;866;49,98;
11:48:25;862;49,98;
11:48:28;834;49,97;
11:48:31;831;49,96;
11:48:34;823;49,96;
11:48:37;811;49,97;
11:48:40;790;49,97;
11:48:49;775;49,97;
11:48:52;752;49,97;
11:48:55;760;49,97;
11:48:58;757;49,97;
11:49:01;748;49,98;
11:49:04;742;49,98;
11:49:07;732;49,97;
11:49:10;733;49,98;
11:49:13;724;49,98;
11:49:16;722;49,98;
11:49:19;714;49,97;
11:49:22;710;49,97;
11:49:25;700;49,97;
11:49:28;698;49,97;
11:49:31;690;49,97;
11:49:34;683;49,98;
11:49:37;678;49,98;
11:49:40;670;49,99;
11:49:43;668;50,00;
11:49:46;659;50,00;
11:49:49;653;49,99;
11:49:52;648;49,99;
11:49:55;637;49,99;
11:49:58;632;49,98;
11:50:01;622;49,98;
11:50:04;618;49,98;
11:50:07;619;49,97;
11:50:10;615;49,97;
11:50:13;607;49,97;
11:50:16;608;49,97;
11:50:19;603;49,96;
11:50:28;596;49,97;
11:50:31;595;49,97;
11:50:34;592;49,97;
11:50:40;588;49,96;
11:50:43;586;49,96;
11:50:49;587;49,97;
11:50:52;582;49,97;
11:50:55;581;49,97;
11:51:01;583;49,97;
11:51:04;582;49,97;
11:51:07;579;49,97;
11:51:10;582;49,97;
11:51:13;580;49,97;
11:51:16;579;49,97;
11:51:19;577;49,98;
11:51:22;578;49,98;
11:51:28;581;49,97;
11:51:31;578;49,98;
11:51:34;581;49,97;
11:51:37;580;49,97;
11:51:40;573;49,98;
11:51:46;584;49,98;
11:51:49;577;49,98;
11:51:52;579;49,98;
11:51:55;577;49,98;
11:51:58;585;49,98;
11:52:01;588;49,99;
11:52:04;584;49,99;
11:52:07;590;49,99;
11:52:10;598;50,00;
11:52:13;602;50,00;
11:52:16;603;50,00;
11:52:19;600;50,00;
11:52:22;599;50,00;
11:52:25;603;50,00;
11:52:28;604;49,99;
11:52:31;606;49,99;
11:52:34;608;49,98;
11:52:37;609;49,98;
11:52:40;610;49,98;
11:52:43;612;49,98;
11:52:46;616;49,98;
11:52:52;622;50,00;
11:52:55;626;50,00;
11:52:58;629;50,00;
11:53:04;631;50,00;
11:53:07;629;50,00;
11:53:10;628;49,99;
11:53:13;630;49,99;
11:53:16;635;49,99;
11:53:19;638;50,00;
11:53:22;639;49,99;
11:53:25;644;49,99;
11:53:28;645;49,99;
11:53:31;650;49,99;
11:53:34;647;49,99;
11:53:37;657;49,99;
11:53:40;660;49,99;
11:53:43;665;49,99;
11:53:46;670;49,99;
11:53:49;674;49,99;
11:53:52;681;49,98;
11:53:58;680;49,98;
11:54:01;688;49,98;
11:54:04;698;49,98;
11:54:07;704;49,97;
11:54:10;706;49,97;
11:54:13;713;49,98;
11:54:16;712;49,98;
11:54:19;724;49,98;
11:54:22;725;49,99;
11:54:25;726;49,99;
11:54:28;729;49,98;
11:54:31;735;49,98;
11:54:43;742;49,98;
11:54:46;731;49,98;
11:54:49;746;49,98;
11:54:52;746;49,99;
11:54:55;750;49,99;
11:54:58;740;49,99;
11:55:01;752;49,98;
11:55:04;756;49,99;
11:55:07;768;49,99;
11:55:10;765;49,99;
11:55:13;777;49,99;
11:55:16;782;49,98;
11:55:19;790;49,99;
11:55:22;793;49,99;
11:55:25;788;49,99;
11:55:28;807;49,99;
11:55:31;813;49,99;
11:55:34;815;49,99;
11:55:37;823;49,99;
11:55:40;828;49,99;
11:55:43;835;50,00;
11:55:49;844;50,00;
11:55:52;848;50,00;
11:55:55;862;50,00;
11:55:58;864;50,00;
11:56:01;870;50,00;
11:56:04;865;50,00;
11:56:07;862;50,00;
11:56:10;872;50,00;
11:56:13;879;50,00;
11:56:16;875;50,01;
11:56:19;868;50,00;
11:56:22;879;50,00;
11:56:25;882;50,00;
11:56:28;886;50,00;
11:56:31;878;50,00;
11:56:34;888;50,00;
11:56:37;893;49,99;
11:56:40;895;49,98;
11:56:43;894;49,98;
11:56:46;898;49,99;
11:56:55;893;49,98;
11:56:58;901;49,98;
11:57:01;900;49,98;
11:57:04;902;49,98;
11:57:07;900;49,97;
11:57:10;913;49,97;
11:57:13;916;49,97;
11:57:19;909;49,97;
11:57:22;923;49,97;
11:57:25;933;49,96;
11:57:28;931;49,96;
11:57:31;922;49,96;
11:57:34;939;49,97;
11:57:37;942;49,97;
11:57:40;950;49,98;
11:57:43;942;49,98;
11:57:46;960;49,98;
11:57:49;973;49,98;
11:57:52;972;49,97;
11:57:55;968;49,97;
11:58:01;997;49,98;
11:58:04;996;49,98;
11:58:07;993;49,98;
11:58:10;1010;49,98;
11:58:13;1001;49,98;
11:58:16;1015;49,98;
11:58:19;1020;49,97;
11:58:22;1028;49,97;
11:58:25;1032;49,97;
11:58:28;1045;49,98;
11:58:31;1063;49,98;
11:58:34;1061;49,98;
11:58:37;1063;49,99;
11:58:40;1077;49,99;
11:58:46;1099;50,01;
11:58:49;1106;50,01;
11:58:52;1098;50,01;
11:58:55;1107;50,01;
11:58:58;1106;50,00;
11:59:01;1116;50,00;
11:59:04;1106;50,00;
11:59:07;1109;50,00;
11:59:10;1118;49,99;
11:59:13;1120;49,99;
11:59:16;1121;49,99;
11:59:19;1118;50,00;
11:59:22;1113;50,00;
11:59:25;1111;50,00;
11:59:28;1101;50,00;
11:59:31;1107;50,00;
11:59:34;1106;50,00;
11:59:37;1104;50,00;
11:59:43;1103;50,00;
11:59:46;1101;50,00;
11:59:52;1094;50,00;
11:59:55;1100;50,00;
11:59:58;1098;50,00;
12:00:01;1101;50,00;
12:00:04;1092;50,00;
12:00:07;1104;50,00;
12:00:10;1107;50,00;
12:00:13;1102;49,99;
12:00:16;1098;49,99;
12:00:19;1112;49,99;
12:00:22;1106;49,99;
12:00:25;1107;49,99;
12:00:28;1096;49,99;
12:00:31;1105;49,98;
12:00:37;1104;49,98;
12:00:40;1089;49,97;
12:00:43;1098;49,96;
12:00:46;1114;49,96;
12:00:49;1109;49,95;
12:00:52;1101;49,94;
12:00:58;1111;49,95;
12:01:01;1113;49,95;
12:01:04;1103;49,96;
12:01:07;1107;49,95;
12:01:13;1109;49,95;
12:01:16;1110;49,95;
12:01:19;1108;49,95;
12:01:22;1113;49,96;
12:01:25;1114;49,96;
12:01:28;1110;49,96;
12:01:31;1115;49,96;
12:01:34;1115;49,95;
12:01:37;1118;49,95;
12:01:40;1120;49,95;
12:01:43;1122;49,95;
12:01:46;1119;49,95;
12:01:49;1127;49,95;
12:01:52;1126;49,95;
12:01:55;1131;49,95;
12:01:58;1137;49,96;
12:02:04;1132;49,95;
12:02:07;1145;49,95;
12:02:10;1145;49,94;
12:02:13;1136;49,94;
12:02:16;1138;49,94;
12:02:19;1146;49,94;
12:02:22;1145;49,94;
12:02:25;1148;49,95;
12:02:28;1146;49,95;
12:02:31;1142;49,96;
12:02:34;1146;49,96;
12:02:37;1142;49,96;
12:02:40;1145;49,96;
12:02:43;1142;49,96;
12:02:46;1145;49,95;
12:02:49;1142;49,95;
12:02:52;1145;49,95;
12:02:55;1140;49,95;
12:02:58;1145;49,95;
12:03:01;1142;49,95;
12:03:04;1143;49,96;
12:03:10;1140;49,96;
12:03:13;1142;49,95;
12:03:16;1144;49,95;
12:03:19;1140;49,95;
12:03:22;1145;49,95;
12:03:25;1143;49,94;
12:03:28;1146;49,94;
12:03:37;1143;49,94;
12:03:40;1146;49,95;
12:03:43;1144;49,95;
12:03:46;1148;49,95;
12:03:49;1146;49,95;
12:03:55;1145;49,96;
12:03:58;1150;49,95;
12:04:04;1144;49,95;
12:04:07;1138;49,95;
12:04:10;1147;49,95;
12:04:13;1143;49,96;
12:04:16;1139;49,96;
12:04:19;1129;49,97;
12:04:22;1135;49,97;
12:04:25;1126;49,97;
12:04:28;1127;49,97;
12:04:31;1116;49,96;
12:04:34;1119;49,96;
12:04:37;1114;49,96;
12:04:40;1110;49,96;
12:04:43;1100;49,96;
12:04:46;1103;49,96;
12:04:49;1097;49,96;
12:04:52;1095;49,96;
12:04:55;1084;49,96;
12:05:01;1085;49,96;
12:05:04;1079;49,96;
12:05:07;1074;49,96;
12:05:10;1085;49,96;
12:05:13;1080;49,96;
12:05:16;1077;49,96;
12:05:19;1081;49,96;
12:05:22;1075;49,95;
12:05:25;1086;49,95;
12:05:28;1083;49,96;
12:05:31;1086;49,95;
12:05:34;1083;49,95;
12:05:37;1090;49,95;
12:05:40;1091;49,95;
12:05:46;1085;49,95;
12:05:49;1090;49,96;
12:05:52;1089;49,96;
12:05:55;1085;49,97;
12:05:58;1078;49,97;
12:06:01;1077;49,97;
12:06:07;1071;49,96;
12:06:10;1060;49,96;
12:06:13;1058;49,96;
12:06:16;1053;49,96;
12:06:19;1047;49,97;
12:06:22;1037;49,96;
12:06:28;1035;49,96;
12:06:31;1026;49,96;
12:06:37;1018;49,96;
12:06:40;1009;49,96;
12:06:43;1009;49,97;
12:06:46;1010;49,97;
12:06:49;1005;49,97;
12:06:52;995;49,97;
12:06:55;1000;49,98;
12:06:58;1002;49,98;
12:07:01;999;49,97;
12:07:04;988;49,97;
12:07:07;999;49,96;
12:07:13;1004;49,97;
12:07:16;994;49,97;
12:07:19;1003;49,97;
12:07:22;1009;49,98;
12:07:25;1003;49,98;
12:07:28;999;49,97;
12:07:31;1003;49,97;
12:07:37;1004;49,97;
12:07:40;1004;49,98;
12:07:43;995;49,98;
12:07:46;1001;49,98;
12:07:49;998;49,98;
12:07:52;997;49,98;
12:07:58;996;49,99;
12:08:01;1000;49,99;
12:08:04;994;50,00;
12:08:07;985;50,00;
12:08:10;989;50,00;
12:08:13;993;50,00;
12:08:16;985;49,99;
12:08:19;983;49,99;
12:08:22;980;49,98;
12:08:25;984;49,98;
12:08:28;975;49,97;
12:08:31;965;49,97;
12:08:34;971;49,97;
12:08:37;973;49,97;
12:08:40;966;49,97;
12:08:43;955;49,97;
12:08:46;959;49,97;
12:08:49;965;49,97;
12:08:52;953;49,97;
12:08:55;947;49,97;
12:08:58;948;49,97;
12:09:04;947;49,98;
12:09:07;932;49,98;
12:09:10;942;49,98;
12:09:13;944;49,97;
12:09:16;939;49,97;
12:09:19;929;49,97;
12:09:22;935;49,97;
12:09:25;937;49,97;
12:09:28;936;49,98;
12:09:31;925;49,98;
12:09:34;934;49,98;
12:09:37;939;49,99;
12:09:40;931;49,99;
12:09:43;923;49,98;
12:09:46;929;49,98;
12:09:49;933;49,98;
12:09:52;925;49,99;
12:09:55;915;49,99;
12:09:58;921;49,99;
12:10:01;928;50,00;
12:10:04;917;50,00;
12:10:10;911;50,00;
12:10:13;919;50,00;
12:10:16;901;49,99;
12:10:19;890;49,99;
12:10:22;893;49,99;
12:10:28;888;49,98;
12:10:31;884;49,98;
12:10:34;876;49,99;
12:10:37;873;49,99;
12:10:40;869;50,00;
12:10:43;878;50,00;
12:10:46;874;50,00;
12:10:49;875;50,00;
12:10:52;859;50,00;
12:10:55;869;50,00;
12:10:58;868;49,99;
12:11:01;869;49,99;
12:11:04;870;50,00;
12:11:07;871;50,00;
12:11:10;874;50,00;
12:11:16;879;50,00;
12:11:19;882;50,00;
12:11:22;886;50,00;
12:11:25;887;50,00;
12:11:28;886;50,00;
12:11:31;884;50,00;
12:11:34;878;50,00;
12:11:37;885;50,00;
12:11:40;893;50,00;
12:11:43;899;50,00;
12:11:46;911;50,01;
12:11:49;915;50,01;
12:11:52;918;50,01;
12:11:55;913;50,01;
12:11:58;908;50,01;
12:12:01;921;50,01;
12:12:04;926;50,00;
12:12:07;930;50,00;
12:12:10;941;50,01;
12:12:13;939;50,01;
12:12:16;945;50,00;
12:12:22;951;50,01;
12:12:25;962;50,00;
12:12:28;971;50,00;
12:12:31;975;50,00;
12:12:34;973;50,00;
12:12:37;986;50,01;
12:12:40;991;50,01;
12:12:43;999;50,01;
12:12:46;1000;50,01;
12:12:49;1008;50,01;
12:12:52;1011;50,01;
12:12:55;1017;50,01;
12:12:58;1022;50,01;
12:13:01;1028;50,01;
12:13:07;1040;50,00;
12:13:10;1044;50,00;
12:13:13;1050;50,01;
12:13:16;1055;50,01;
12:13:19;1060;50,01;
12:13:22;1063;50,01;
12:13:25;1061;50,01;
12:13:28;1070;50,01;
12:13:31;1074;50,01;
12:13:34;1078;50,00;
12:13:37;1083;50,00;
12:13:40;1087;50,01;
12:13:43;1093;50,01;
12:13:46;1097;50,01;
12:13:52;1108;50,01;
12:13:55;1117;50,01;
12:13:58;1121;50,01;
12:14:01;1129;50,01;
12:14:04;1135;50,01;
12:14:07;1144;50,01;
12:14:13;1159;50,01;
12:14:16;1165;50,01;
12:14:19;1175;50,01;
12:14:22;1181;50,01;
12:14:25;1189;50,01;
12:14:28;1193;50,01;
12:14:31;1194;50,01;
12:14:34;1203;50,01;
12:14:37;1217;50,01;
12:14:40;1219;50,02;
12:14:43;1226;50,02;
12:14:46;1230;50,02;
12:14:49;1231;50,02;
12:14:52;1234;50,02;
12:14:55;1232;50,01;
12:14:58;1234;50,01;
12:15:01;1232;50,01;
12:15:04;1230;50,01;
12:15:07;1228;50,01;
12:15:10;1226;50,01;
12:15:13;1218;50,01;
12:15:19;1224;50,02;
12:15:22;1218;50,02;
12:15:25;1209;50,02;
12:15:28;1214;50,02;
12:15:31;1216;50,02;
12:15:34;1212;50,02;
12:15:37;1216;50,01;
12:15:40;1205;50,01;
12:15:43;1204;50,01;
12:15:46;1206;50,01;
12:15:49;1202;50,02;
12:15:52;1200;50,03;
12:15:55;1194;50,02;
12:15:58;1197;50,02;
12:16:01;1193;50,02;
12:16:04;1190;50,01;
12:16:07;1181;50,01;
12:16:10;1183;50,01;
12:16:13;1176;50,01;
12:16:19;1166;50,01;
12:16:25;1158;50,01;
12:16:28;1158;50,00;
12:16:31;1147;50,00;
12:16:34;1151;50,00;
12:16:37;1141;50,00;
12:16:40;1141;49,99;
12:16:43;1138;49,99;
12:16:46;1132;49,99;
12:16:49;1129;49,99;
12:16:52;1125;49,99;
12:16:55;1123;49,99;
12:16:58;1119;50,00;
12:17:01;1118;50,00;
12:17:04;1113;50,00;
12:17:10;1110;50,01;
12:17:16;1104;50,01;
12:17:19;1108;50,01;
12:17:22;1112;50,01;
12:17:25;1109;50,01;
12:17:28;1112;50,01;
12:17:31;1103;50,00;
12:17:34;1115;50,00;
12:17:37;1113;50,00;
12:17:40;1112;50,00;
12:17:43;1115;50,00;
12:17:46;1113;50,00;
12:17:49;1119;50,00;
12:17:52;1120;50,00;
12:17:55;1121;50,00;
12:17:58;1123;50,00;
12:18:01;1124;50,00;
12:18:04;1127;50,00;
12:18:07;1129;50,00;
12:18:10;1132;50,00;
12:18:16;1128;50,00;
12:18:19;1134;50,00;
12:18:22;1138;50,00;
12:18:25;1135;50,00;
12:18:28;1131;50,00;
12:18:31;1135;50,00;
12:18:34;1128;50,00;
12:18:37;1136;50,00;
12:18:40;1126;49,99;
12:18:43;1128;50,00;
12:18:46;1119;50,00;
12:18:49;1121;50,00;
12:18:52;1117;49,99;
12:18:55;1113;49,99;
12:18:58;1108;49,99;
12:19:01;1101;49,99;
12:19:04;1095;50,00;
12:19:07;1090;50,00;
12:19:10;1076;50,00;
12:19:13;1080;50,00;
12:19:16;1071;50,00;
12:19:22;1058;49,98;
12:19:25;1060;49,98;
12:19:28;1059;49,98;
12:19:31;1054;49,98;
12:19:34;1046;49,98;
12:19:37;1053;49,99;
12:19:40;1049;49,99;
12:19:46;1036;50,00;
12:19:49;1040;50,01;
12:19:52;1039;50,01;
12:19:55;1034;50,00;
12:19:58;1036;50,00;
12:20:01;1033;50,00;
12:20:04;1028;50,00;
12:20:07;1024;50,00;
12:20:13;1019;50,00;
12:20:16;1006;49,99;
12:20:19;1019;50,00;
12:20:22;1020;50,00;
12:20:28;1012;50,00;
12:20:31;1024;50,00;
12:20:34;1030;50,00;
12:20:37;1029;50,00;
12:20:40;1032;50,00;
12:20:43;1039;50,00;
12:20:46;1046;50,00;
12:20:49;1049;50,00;
12:20:52;1066;49,99;
12:20:55;1063;49,99;
12:20:58;1077;49,99;
12:21:04;1097;49,99;
12:21:07;1105;49,99;
12:21:10;1108;49,99;
12:21:13;1117;49,99;
12:21:16;1133;49,99;
12:21:19;1141;50,00;
12:21:22;1146;50,00;
12:21:25;1154;49,99;
12:21:28;1164;49,99;
12:21:31;1170;49,99;
12:21:34;1176;49,99;
12:21:37;1185;49,98;
12:21:40;1192;49,98;
12:21:43;1194;49,98;
12:21:46;1198;49,98;
12:21:49;1200;49,98;
12:21:52;1208;49,98;
12:21:55;1209;49,98;
12:21:58;1212;49,99;
12:22:04;1216;49,99;
12:22:07;1217;49,99;
12:22:10;1219;49,99;
12:22:13;1219;49,98;
12:22:19;1226;49,98;
12:22:22;1231;49,98;
12:22:25;1228;49,98;
12:22:28;1234;49,98;
12:22:31;1242;49,98;
12:22:34;1248;49,98;
12:22:37;1252;49,98;
12:22:40;1253;49,98;
12:22:43;1264;49,98;
12:22:46;1275;49,98;
12:22:49;1283;49,98;
12:22:52;1290;49,98;
12:22:55;1293;49,97;
12:22:58;1309;49,97;
12:23:01;1316;49,98;
12:23:04;1330;49,97;
12:23:07;1338;49,97;
12:23:10;1352;49,97;
12:23:13;1369;49,97;
12:23:16;1378;49,97;
12:23:19;1386;49,97;
12:23:25;1429;49,97;
12:23:28;1431;49,97;
12:23:31;1446;49,97;
12:23:34;1466;49,97;
12:23:37;1485;49,97;
12:23:40;1480;49,97;
12:23:43;1494;49,98;
12:23:46;1497;49,98;
12:23:49;1518;49,98;
12:23:52;1513;49,98;
12:23:55;1531;49,98;
12:23:58;1532;49,98;
12:24:01;1540;49,98;
12:24:04;1535;49,98;
12:24:07;1542;49,98;
12:24:10;1536;49,98;
12:24:13;1540;49,98;
12:24:16;1534;49,98;
12:24:19;1536;49,98;
12:24:22;1528;49,98;
12:24:25;1529;49,98;
12:24:31;1520;49,99;
12:24:34;1509;50,00;
12:24:40;1501;50,01;
12:24:43;1495;50,01;
12:24:46;1482;50,01;
12:24:49;1476;50,00;
12:24:52;1470;50,00;
12:24:55;1455;50,00;
12:24:58;1443;50,00;
12:25:01;1447;50,00;
12:25:07;1445;50,00;
12:25:10;1438;50,00;
12:25:13;1447;50,00;
12:25:16;1451;50,00;
12:25:19;1454;49,99;
12:25:22;1445;49,99;
12:25:25;1463;49,99;
12:25:28;1474;49,99;
12:25:31;1472;49,99;
12:25:37;1482;49,98;
12:25:40;1490;49,98;
12:25:43;1494;49,98;
12:25:49;1507;49,98;
12:25:52;1509;49,98;
12:25:55;1511;49,98;
12:25:58;1518;49,98;
12:26:01;1514;49,99;
12:26:04;1525;50,00;
12:26:07;1522;50,00;
12:26:10;1527;50,00;
12:26:13;1518;50,00;
12:26:16;1522;50,00;
12:26:22;1507;50,01;
12:26:25;1495;50,01;
12:26:28;1492;50,01;
12:26:31;1484;50,01;
12:26:34;1474;50,01;
12:26:37;1460;50,00;
12:26:40;1461;50,00;
12:26:43;1456;50,00;
12:26:46;1431;50,00;
12:26:49;1427;50,00;
12:26:52;1421;50,00;
12:26:55;1416;50,00;
12:26:58;1404;50,00;
12:27:01;1393;50,00;
12:27:04;1399;50,00;
12:27:07;1396;50,00;
12:27:10;1392;50,00;
12:27:13;1381;50,00;
12:27:16;1392;50,00;
12:27:22;1394;50,00;
12:27:28;1398;50,00;
12:27:31;1397;50,00;
12:27:34;1396;50,00;
12:27:37;1386;50,00;
12:27:40;1395;49,99;
12:27:46;1396;49,99;
12:27:49;1394;49,98;
12:27:52;1396;49,99;
12:27:55;1397;49,99;
12:27:58;1395;49,99;
12:28:01;1384;49,99;
12:28:04;1393;50,00;
12:28:07;1390;50,00;
12:28:10;1386;49,99;
12:28:13;1370;50,00;
12:28:16;1373;50,00;
12:28:19;1371;50,00;
12:28:22;1362;50,00;
12:28:25;1360;50,00;
12:28:28;1346;50,00;
12:28:34;1333;49,99;
12:28:40;1322;49,99;
12:28:43;1311;49,99;
12:28:46;1312;49,99;
12:28:52;1300;49,99;
12:28:55;1301;50,00;
12:28:58;1290;50,00;
12:29:01;1285;50,01;
12:29:04;1274;50,01;
12:29:07;1270;50,01;
12:29:10;1258;50,01;
12:29:13;1252;50,01;
12:29:16;1245;50,01;
12:29:19;1237;50,00;
12:29:22;1229;50,00;
12:29:25;1226;50,00;
12:29:28;1221;50,01;
12:29:31;1222;50,00;
12:29:34;1221;50,00;
12:29:40;1225;50,00;
12:29:43;1227;50,00;
12:29:46;1232;50,00;
12:29:49;1234;50,00;
12:29:52;1241;50,00;
12:29:55;1245;50,00;
12:29:58;1243;50,00;
12:30:01;1252;50,00;
12:30:04;1262;49,99;
12:30:07;1265;49,98;
12:30:10;1267;49,98;
12:30:13;1268;49,97;
12:30:16;1270;49,97;
12:30:19;1286;49,97;
12:30:25;1282;49,97;
12:30:28;1286;49,98;
12:30:31;1283;49,98;
12:30:34;1275;49,97;
12:30:37;1291;49,98;
12:30:40;1288;49,98;
12:30:43;1279;49,98;
12:30:46;1281;49,98;
12:30:49;1274;49,98;
12:30:52;1276;49,98;
12:30:55;1263;49,98;
12:30:58;1280;49,98;
12:31:01;1255;49,98;
12:31:04;1241;49,98;
12:31:07;1236;49,98;
12:31:10;1224;49,97;
12:31:13;1212;49,97;
12:31:16;1207;49,96;
12:31:19;1194;49,96;
12:31:22;1178;49,96;
12:31:25;1174;49,96;
12:31:31;1164;49,96;
12:31:34;1158;49,96;
12:31:37;1144;49,96;
12:31:40;1131;49,96;
12:31:43;1129;49,95;
12:31:46;1127;49,95;
12:31:49;1117;49,95;
12:31:52;1116;49,95;
12:31:55;1105;49,95;
12:31:58;1101;49,95;
12:32:01;1096;49,95;
12:32:07;1092;49,95;
12:32:13;1094;49,95;
12:32:16;1091;49,95;
12:32:19;1092;49,94;
12:32:22;1093;49,95;
12:32:25;1096;49,95;
12:32:28;1098;49,96;
12:32:31;1100;49,96;
12:32:37;1104;49,97;
12:32:40;1105;49,97;
12:32:43;1109;49,97;
12:32:49;1110;49,97;
12:32:52;1111;49,97;
12:32:55;1106;49,97;
12:32:58;1111;49,97;
12:33:01;1110;49,97;
12:33:04;1108;49,97;
12:33:07;1106;49,98;
12:33:13;1099;49,98;
12:33:16;1096;49,98;
12:33:19;1085;49,98;
12:33:22;1082;49,98;
12:33:25;1072;49,97;
12:33:28;1070;49,97;
12:33:31;1065;49,97;
12:33:34;1056;49,97;
12:33:37;1043;49,97;
12:33:43;1036;49,97;
12:33:46;1029;49,97;
12:33:49;1016;49,97;
12:33:52;1015;49,97;
12:33:55;1006;49,97;
12:33:58;1007;49,97;
12:34:01;1002;49,98;
12:34:04;1004;49,98;
12:34:07;986;49,97;
12:34:10;990;49,97;
12:34:13;992;49,97;
12:34:16;985;49,97;
12:34:19;977;49,97;
12:34:22;984;49,97;
12:34:25;983;49,97;
12:34:28;986;49,97;
12:34:31;994;49,97;
12:34:34;995;49,97;
12:34:37;992;49,97;
12:34:40;999;49,97;
12:34:43;994;49,97;
12:34:49;1011;49,97;
12:34:52;1008;49,97;
12:34:55;1010;49,97;
12:34:58;1015;49,98;
12:35:01;1016;49,98;
12:35:04;1019;49,98;
12:35:07;1023;49,98;
12:35:10;1018;49,98;
12:35:13;1028;49,97;
12:35:16;1031;49,97;
12:35:22;1036;49,96;
12:35:25;1039;49,97;
12:35:28;1040;49,96;
12:35:34;1051;49,97;
12:35:37;1047;49,97;
12:35:40;1045;49,97;
12:35:43;1051;49,97;
12:35:46;1055;49,97;
12:35:49;1051;49,97;
12:35:52;1055;49,97;
12:35:55;1048;49,97;
12:35:58;1047;49,97;
12:36:01;1045;49,97;
12:36:04;1040;49,97;
12:36:07;1036;49,97;
12:36:10;1024;49,98;
12:36:13;1027;49,98;
12:36:16;1024;49,98;
12:36:19;1018;49,98;
12:36:22;1008;49,98;
12:36:25;1010;49,98;
12:36:31;1004;49,98;
12:36:34;1008;49,98;
12:36:40;1000;49,97;
12:36:43;1005;49,97;
12:36:46;1008;49,97;
12:36:49;1009;49,97;
12:36:52;1011;49,98;
12:36:55;1019;49,98;
12:36:58;1015;49,98;
12:37:01;1024;49,98;
12:37:04;1040;49,99;
12:37:07;1043;49,99;
12:37:10;1048;50,00;
12:37:13;1059;50,00;
12:37:16;1069;49,99;
12:37:19;1071;49,99;
12:37:22;1076;49,99;
12:37:25;1084;49,99;
12:37:28;1091;49,98;
12:37:31;1092;49,97;
12:37:34;1088;49,96;
12:37:37;1094;49,96;
12:37:40;1093;49,96;
12:37:46;1087;49,97;
12:37:52;1088;49,98;
12:37:55;1083;49,98;
12:37:58;1075;49,98;
12:38:01;1078;49,98;
12:38:04;1080;49,98;
12:38:07;1078;49,97;
12:38:10;1068;49,97;
12:38:13;1074;49,97;
12:38:16;1075;49,97;
12:38:19;1074;49,97;
12:38:22;1069;49,97;
12:38:25;1075;49,97;
12:38:28;1074;49,98;
12:38:31;1074;49,97;
12:38:34;1066;49,96;
12:38:37;1079;49,96;
12:38:40;1078;49,96;
12:38:43;1069;49,96;
12:38:46;1063;49,97;
12:38:52;1072;49,97;
12:38:55;1064;49,97;
12:38:58;1058;49,98;
12:39:01;1060;49,98;
12:39:04;1059;49,98;
12:39:07;1062;49,98;
12:39:10;1056;49,98;
12:39:16;1055;49,98;
12:39:19;1057;49,98;
12:39:22;1055;49,98;
12:39:25;1050;49,98;
12:39:28;1057;49,98;
12:39:31;1063;49,98;
12:39:37;1058;50,00;
12:39:40;1067;50,00;
12:39:43;1081;50,01;
12:39:46;1080;50,01;
12:39:49;1067;50,01;
12:39:52;1074;50,01;
12:39:55;1077;50,01;
12:39:58;1082;50,00;
12:40:01;1076;50,00;
12:40:04;1084;50,00;
12:40:07;1090;50,00;
12:40:10;1089;50,00;
12:40:13;1086;50,00;
12:40:16;1091;50,00;
12:40:19;1093;50,00;
12:40:22;1095;50,00;
12:40:25;1091;50,00;
12:40:28;1095;50,00;
12:40:31;1096;49,99;
12:40:34;1097;49,99;
12:40:37;1092;49,99;
12:40:43;1106;49,99;
12:40:46;1102;50,00;
12:40:49;1102;49,99;
12:40:52;1114;49,99;
12:40:55;1118;49,99;
12:40:58;1111;49,99;
12:41:01;1116;49,99;
12:41:04;1113;49,99;
12:41:07;1119;49,99;
12:41:13;1115;49,99;
12:41:16;1117;49,99;
12:41:19;1116;50,00;
12:41:22;1116;49,99;
12:41:25;1115;50,00;
12:41:28;1112;50,00;
12:41:34;1109;50,00;
12:41:37;1099;49,99;
12:41:40;1113;49,98;
12:41:43;1111;49,98;
12:41:49;1099;49,98;
12:41:52;1110;49,98;
12:41:55;1113;49,98;
12:41:58;1106;49,98;
12:42:01;1109;49,98;
12:42:04;1116;49,98;
12:42:07;1120;49,98;
12:42:10;1121;49,98;
12:42:13;1130;49,98;
12:42:16;1127;49,98;
12:42:19;1139;49,98;
12:42:22;1143;49,98;
12:42:25;1147;49,98;
12:42:31;1152;49,99;
12:42:34;1160;49,99;
12:42:37;1163;49,99;
12:42:40;1161;49,99;
12:42:43;1169;49,99;
12:42:46;1164;49,99;
12:42:49;1174;49,99;
12:42:55;1183;49,99;
12:42:58;1177;50,00;
12:43:01;1186;50,00;
12:43:04;1187;50,00;
12:43:07;1188;50,00;
12:43:10;1184;50,00;
12:43:13;1191;50,00;
12:43:16;1190;50,00;
12:43:19;1191;50,00;
12:43:22;1187;50,00;
12:43:25;1192;49,99;
12:43:28;1189;49,99;
12:43:31;1190;49,99;
12:43:34;1185;49,99;
12:43:37;1189;49,99;
12:43:40;1194;49,99;
12:43:43;1189;49,98;
12:43:46;1181;49,99;
12:43:49;1189;49,99;
12:43:52;1194;49,99;
12:43:55;1191;50,00;
12:44:01;1190;50,00;
12:44:04;1197;49,99;
12:44:07;1187;49,99;
12:44:10;1201;50,00;
12:44:13;1198;50,00;
12:44:16;1213;50,00;
12:44:22;1219;50,00;
12:44:25;1224;50,00;
12:44:28;1240;50,00;
12:44:31;1247;50,00;
12:44:34;1265;50,00;
12:44:37;1271;50,00;
12:44:40;1296;50,00;
12:44:46;1328;50,00;
12:44:49;1336;50,00;
12:44:52;1359;50,00;
12:44:55;1363;50,00;
12:44:58;1387;50,00;
12:45:01;1397;50,01;
12:45:04;1405;50,01;
12:45:07;1413;50,01;
12:45:10;1436;50,00;
12:45:13;1440;50,00;
12:45:16;1451;50,00;
12:45:19;1447;50,00;
12:45:22;1458;50,00;
12:45:25;1456;50,00;
12:45:28;1454;50,00;
12:45:31;1439;50,00;
12:45:34;1432;50,00;
12:45:37;1423;49,99;
12:45:40;1406;49,99;
12:45:43;1388;49,99;
12:45:46;1376;49,98;
12:45:52;1349;49,99;
12:45:55;1331;49,99;
12:45:58;1323;49,99;
12:46:01;1316;49,99;
12:46:04;1300;49,99;
12:46:07;1282;49,99;
12:46:10;1285;49,99;
12:46:13;1279;49,99;
12:46:16;1264;49,99;
12:46:19;1256;49,99;
12:46:22;1249;49,99;
12:46:25;1238;50,00;
12:46:28;1234;50,00;
12:46:31;1228;50,00;
12:46:34;1224;49,99;
12:46:37;1209;49,99;
12:46:40;1207;50,00;
12:46:43;1205;50,00;
12:46:46;1194;50,00;
12:46:49;1181;50,00;
12:46:58;1169;50,00;
12:47:01;1158;50,00;
12:47:07;1159;50,00;
12:47:10;1148;50,00;
12:47:13;1146;50,00;
12:47:16;1135;50,00;
12:47:19;1137;50,00;
12:47:22;1127;50,00;
12:47:25;1123;50,00;
12:47:28;1112;50,01;
12:47:31;1107;50,01;
12:47:34;1094;50,01;
12:47:37;1087;50,01;
12:47:40;1081;50,00;
12:47:43;1065;50,01;
12:47:46;1050;50,00;
12:47:49;1043;50,00;
12:47:52;1026;50,00;
12:47:55;1017;49,99;
12:47:58;1000;49,99;
12:48:04;978;50,00;
12:48:07;977;50,00;
12:48:10;966;50,00;
12:48:13;962;50,01;
12:48:16;951;50,01;
12:48:22;949;50,01;
12:48:25;945;50,01;
12:48:28;943;50,00;
12:48:31;944;50,00;
12:48:34;931;50,00;
12:48:37;946;50,00;
12:48:40;941;50,00;
12:48:43;946;50,01;
12:48:49;951;50,00;
12:48:52;945;50,00;
12:48:55;954;50,00;
12:48:58;957;50,00;
12:49:04;950;50,00;
12:49:07;952;50,00;
12:49:10;949;50,00;
12:49:13;945;50,00;
12:49:16;942;50,00;
12:49:19;931;50,00;
12:49:22;932;50,01;
12:49:25;923;50,00;
12:49:28;918;50,00;
12:49:31;907;50,00;
12:49:34;904;50,00;
12:49:37;900;50,00;
12:49:40;896;50,00;
12:49:43;890;49,99;
12:49:46;888;49,99;
12:49:49;882;49,99;
12:49:55;877;49,99;
12:49:58;884;49,98;
12:50:01;882;49,99;
12:50:04;882;49,98;
12:50:07;884;49,99;
12:50:10;882;49,99;
12:50:16;883;50,00;
12:50:19;884;50,00;
12:50:25;886;50,00;
12:50:28;889;50,00;
12:50:31;893;49,99;
12:50:34;893;50,00;
12:50:37;903;50,00;
12:50:40;899;50,00;
12:50:43;904;50,00;
12:50:46;905;50,00;
12:50:49;906;50,00;
12:50:55;907;50,00;
12:51:01;910;50,00;
12:51:07;911;50,00;
12:51:10;912;50,00;
12:51:13;913;50,00;
12:51:16;912;50,00;
12:51:19;909;50,00;
12:51:22;912;50,00;
12:51:25;920;50,00;
12:51:31;922;50,00;
12:51:34;924;49,99;
12:51:37;930;49,99;
12:51:43;928;50,00;
12:51:46;937;50,00;
12:51:49;934;50,01;
12:51:52;939;50,01;
12:51:55;941;50,01;
12:51:58;934;50,01;
12:52:01;940;50,01;
12:52:07;936;50,01;
12:52:10;940;50,00;
12:52:13;944;50,00;
12:52:19;941;50,00;
12:52:22;946;50,00;
12:52:25;949;50,00;
12:52:28;954;50,00;
12:52:31;953;50,00;
12:52:34;957;50,00;
12:52:37;969;50,00;
12:52:40;970;50,00;
12:52:43;974;50,00;
12:52:46;981;50,00;
12:52:52;994;50,00;
12:52:55;1003;50,00;
12:52:58;1007;50,00;
12:53:01;1010;50,01;
12:53:04;1020;50,00;
12:53:07;1024;50,00;
12:53:10;1030;50,00;
12:53:13;1035;50,00;
12:53:16;1050;50,00;
12:53:19;1056;50,00;
12:53:22;1066;50,00;
12:53:25;1071;49,99;
12:53:28;1083;49,99;
12:53:31;1089;49,99;
12:53:34;1096;49,99;
12:53:37;1107;49,99;
12:53:40;1119;49,99;
12:53:43;1121;49,99;
12:53:46;1136;49,99;
12:53:49;1142;49,99;
12:53:52;1146;49,99;
12:53:58;1154;49,99;
12:54:01;1160;49,99;
12:54:04;1160;50,00;
12:54:07;1155;50,00;
12:54:10;1144;50,00;
12:54:13;1140;50,00;
12:54:16;1131;50,00;
12:54:19;1126;50,00;
12:54:22;1103;50,00;
12:54:25;1094;50,00;
12:54:28;1078;50,00;
12:54:31;1073;50,00;
12:54:34;1056;50,00;
12:54:37;1049;50,00;
12:54:40;1036;50,00;
12:54:43;1027;50,00;
12:54:46;1013;50,00;
12:54:49;1004;50,00;
12:54:52;997;50,00;
12:54:55;986;50,00;
12:54:58;970;50,00;
12:55:04;962;50,00;
12:55:07;957;50,00;
12:55:10;946;50,00;
12:55:13;949;50,01;
12:55:16;948;50,01;
12:55:19;947;50,01;
12:55:25;942;50,01;
12:55:28;951;50,01;
12:55:31;951;50,00;
12:55:34;946;50,00;
12:55:37;955;50,00;
12:55:40;964;50,00;
12:55:43;963;50,00;
12:55:46;966;50,00;
12:55:49;971;50,00;
12:55:52;979;50,00;
12:55:55;981;50,00;
12:55:58;980;50,01;
12:56:01;991;50,01;
12:56:04;1001;50,01;
12:56:13;1009;50,01;
12:56:16;1005;50,01;
12:56:19;1012;50,01;
12:56:22;1012;50,00;
12:56:25;1016;50,00;
12:56:28;1018;50,00;
12:56:31;1012;50,00;
12:56:34;1019;50,00;
12:56:37;1018;50,00;
12:56:40;1013;49,99;
12:56:43;1017;49,99;
12:56:46;1012;50,00;
12:56:49;1010;50,00;
12:56:52;1009;50,01;
12:56:55;1008;50,01;
12:56:58;1000;50,01;
12:57:01;991;50,01;
12:57:04;992;50,01;
12:57:07;986;50,01;
12:57:10;975;50,01;
12:57:16;976;50,00;
12:57:19;968;50,00;
12:57:22;963;50,00;
12:57:25;957;50,00;
12:57:28;958;50,01;
12:57:31;959;50,00;
12:57:34;955;50,00;
12:57:37;951;50,00;
12:57:43;937;50,00;
12:57:46;942;50,00;
12:57:49;943;50,00;
12:57:52;941;50,01;
12:57:55;944;50,01;
12:58:01;933;50,02;
12:58:04;937;50,03;
12:58:07;926;50,02;
12:58:10;931;50,02;
12:58:13;929;50,01;
12:58:16;927;50,01;
12:58:19;930;50,01;
12:58:22;926;50,01;
12:58:25;923;50,01;
12:58:28;926;50,01;
12:58:31;929;50,01;
12:58:34;925;50,02;
12:58:37;921;50,01;
12:58:40;925;50,01;
12:58:43;924;50,01;
12:58:49;919;50,00;
12:58:52;921;50,00;
12:58:55;925;50,00;
12:58:58;921;50,00;
12:59:01;916;50,00;
12:59:07;919;50,00;
12:59:10;917;50,00;
12:59:13;911;50,00;
12:59:16;914;50,01;
12:59:19;917;50,00;
12:59:22;914;50,00;
12:59:25;913;49,99;
12:59:28;909;49,99;
12:59:31;914;49,99;
12:59:34;921;50,00;
12:59:40;920;50,00;
12:59:43;936;50,01;
12:59:46;935;50,01;
12:59:49;938;50,00;
12:59:52;946;50,00;
12:59:55;955;50,00;
12:59:58;953;50,00;
13:00:01;957;50,00;
13:00:04;969;50,00;
13:00:07;977;50,00;
13:00:13;985;50,00;
13:00:16;991;50,00;
13:00:19;987;50,00;
13:00:22;994;50,00;
13:00:25;1000;49,99;
13:00:28;1005;49,98;
13:00:31;1008;49,98;
13:00:34;1010;49,98;
13:00:37;1024;49,98;
13:00:40;1028;49,97;
13:00:43;1032;49,96;
13:00:46;1048;49,95;
13:00:49;1069;49,94;
13:00:52;1077;49,94;
13:00:55;1090;49,94;
13:00:58;1108;49,94;
13:01:01;1134;49,94;
13:01:04;1140;49,95;
13:01:07;1171;49,94;
13:01:10;1183;49,94;
13:01:13;1209;49,94;
13:01:19;1241;49,94;
13:01:22;1247;49,95;
13:01:25;1272;49,95;
13:01:28;1278;49,95;
13:01:31;1299;49,96;
13:01:34;1302;49,96;
13:01:37;1319;49,96;
13:01:40;1326;49,96;
13:01:43;1354;49,96;
13:01:46;1355;49,96;
13:01:49;1381;49,96;
13:01:52;1391;49,96;
13:01:55;1413;49,96;
13:01:58;1412;49,96;
13:02:01;1440;49,96;
13:02:04;1463;49,95;
13:02:07;1482;49,95;
13:02:10;1484;49,95;
13:02:13;1507;49,96;
13:02:16;1533;49,96;
13:02:22;1548;49,96;
13:02:25;1554;49,96;
13:02:28;1583;49,96;
13:02:31;1581;49,96;
13:02:34;1595;49,95;
13:02:37;1592;49,94;
13:02:40;1594;49,94;
13:02:43;1584;49,94;
13:02:46;1590;49,95;
13:02:49;1580;49,95;
13:02:52;1570;49,96;
13:02:55;1557;49,96;
13:02:58;1545;49,96;
13:03:01;1530;49,96;
13:03:04;1515;49,96;
13:03:10;1471;49,95;
13:03:16;1455;49,95;
13:03:19;1436;49,95;
13:03:22;1421;49,96;
13:03:25;1419;49,96;
13:03:28;1416;49,96;
13:03:31;1412;49,96;
13:03:34;1405;49,96;
13:03:37;1398;49,96;
13:03:40;1405;49,96;
13:03:43;1406;49,96;
13:03:46;1408;49,96;
13:03:49;1401;49,96;
13:03:52;1409;49,96;
13:03:55;1412;49,96;
13:03:58;1416;49,96;
13:04:01;1410;49,96;
13:04:04;1422;49,96;
13:04:10;1428;49,96;
13:04:16;1440;49,96;
13:04:19;1442;49,96;
13:04:22;1456;49,96;
13:04:25;1455;49,96;
13:04:28;1475;49,96;
13:04:31;1481;49,96;
13:04:34;1490;49,96;
13:04:37;1498;49,96;
13:04:40;1519;49,95;
13:04:43;1520;49,95;
13:04:46;1531;49,95;
13:04:49;1528;49,95;
13:04:52;1537;49,96;
13:04:55;1534;49,96;
13:04:58;1539;49,96;
13:05:01;1530;49,96;
13:05:04;1540;49,96;
13:05:07;1542;49,96;
13:05:10;1540;49,96;
13:05:13;1533;49,95;
13:05:16;1540;49,96;
13:05:25;1536;49,96;
13:05:28;1541;49,96;
13:05:31;1540;49,96;
13:05:34;1539;49,96;
13:05:40;1531;49,96;
13:05:43;1537;49,96;
13:05:46;1534;49,95;
13:05:49;1532;49,95;
13:05:52;1528;49,95;
13:05:55;1524;49,94;
13:05:58;1517;49,95;
13:06:01;1513;49,95;
13:06:04;1500;49,95;
13:06:07;1499;49,94;
13:06:10;1491;49,95;
13:06:13;1483;49,95;
13:06:16;1474;49,95;
13:06:19;1471;49,94;
13:06:22;1461;49,95;
13:06:28;1449;49,96;
13:06:31;1444;49,96;
13:06:34;1435;49,96;
13:06:37;1432;49,96;
13:06:40;1424;49,96;
13:06:43;1421;49,97;
13:06:46;1417;49,98;
13:06:49;1413;49,98;
13:06:52;1396;49,97;
13:06:55;1399;49,96;
13:06:58;1397;49,96;
13:07:01;1394;49,96;
13:07:04;1388;49,96;
13:07:07;1383;49,97;
13:07:13;1377;49,97;
13:07:16;1378;49,97;
13:07:19;1370;49,97;
13:07:22;1362;49,97;
13:07:31;1344;49,97;
13:07:34;1350;49,97;
13:07:37;1338;49,97;
13:07:40;1333;49,97;
13:07:43;1322;49,97;
13:07:46;1317;49,98;
13:07:49;1307;49,98;
13:07:52;1305;49,98;
13:07:55;1296;49,97;
13:07:58;1297;49,98;
13:08:01;1299;49,98;
13:08:04;1296;49,98;
13:08:07;1301;49,97;
13:08:10;1304;49,97;
13:08:13;1310;49,97;
13:08:19;1323;49,97;
13:08:22;1326;49,96;
13:08:25;1336;49,97;
13:08:28;1339;49,97;
13:08:31;1350;49,97;
13:08:34;1354;49,97;
13:08:37;1353;49,97;
13:08:40;1358;49,97;
13:08:43;1367;49,98;
13:08:46;1368;49,97;
13:08:49;1373;49,97;
13:08:52;1374;49,97;
13:08:55;1377;49,97;
13:08:58;1378;49,97;
13:09:01;1379;49,97;
13:09:04;1377;49,96;
13:09:07;1372;49,96;
13:09:10;1371;49,96;
13:09:13;1364;49,96;
13:09:16;1360;49,96;
13:09:19;1350;49,97;
13:09:25;1332;49,97;
13:09:28;1327;49,98;
13:09:31;1313;49,98;
13:09:34;1305;49,98;
13:09:37;1291;49,98;
13:09:40;1285;49,97;
13:09:43;1272;49,97;
13:09:46;1270;49,97;
13:09:49;1249;49,98;
13:09:52;1243;49,98;
13:09:55;1231;49,98;
13:09:58;1223;49,98;
13:10:01;1212;49,98;
13:10:04;1206;49,98;
13:10:07;1204;49,97;
13:10:10;1190;49,97;
13:10:13;1185;49,97;
13:10:16;1176;49,97;
13:10:19;1161;49,96;
13:10:22;1169;49,96;
13:10:25;1152;49,96;
13:10:31;1150;49,97;
13:10:34;1146;49,97;
13:10:37;1140;49,97;
13:10:40;1141;49,97;
13:10:43;1132;49,98;
13:10:46;1135;49,97;
13:10:49;1131;49,98;
13:10:52;1130;49,98;
13:10:55;1117;49,98;
13:10:58;1116;49,97;
13:11:01;1106;49,97;
13:11:04;1103;49,97;
13:11:07;1088;49,98;
13:11:10;1087;49,98;
13:11:13;1082;49,98;
13:11:16;1073;49,98;
13:11:19;1068;49,98;
13:11:22;1059;49,99;
13:11:25;1058;49,99;
13:11:28;1050;49,99;
13:11:31;1046;49,99;
13:11:34;1038;49,99;
13:11:37;1043;50,00;
13:11:40;1036;49,99;
13:11:43;1035;49,99;
13:11:46;1036;49,99;
13:11:55;1038;49,98;
13:11:58;1034;49,98;
13:12:01;1043;49,98;
13:12:04;1047;49,98;
13:12:07;1050;49,98;
13:12:10;1057;49,98;
13:12:13;1055;49,98;
13:12:16;1053;49,97;
13:12:22;1062;49,97;
13:12:25;1061;49,97;
13:12:28;1054;49,97;
13:12:31;1060;49,97;
13:12:34;1058;49,97;
13:12:37;1057;49,97;
13:12:40;1055;49,97;
13:12:43;1049;49,97;
13:12:46;1037;49,97;
13:12:49;1039;49,97;
13:12:52;1030;49,97;
13:12:55;1027;49,97;
13:12:58;1015;49,97;
13:13:01;1017;49,98;
13:13:04;1014;49,98;
13:13:07;1006;49,98;
13:13:10;996;49,98;
13:13:13;1000;49,99;
13:13:16;993;49,99;
13:13:19;992;49,99;
13:13:22;983;49,99;
13:13:28;977;49,98;
13:13:31;980;49,98;
13:13:34;975;49,98;
13:13:37;974;49,98;
13:13:43;971;49,98;
13:13:46;973;49,98;
13:13:49;965;49,99;
13:13:52;970;49,99;
13:13:55;971;50,00;
13:13:58;967;50,00;
13:14:01;973;50,00;
13:14:04;980;50,01;
13:14:07;982;50,01;
13:14:10;984;50,01;
13:14:13;986;50,00;
13:14:16;992;50,00;
13:14:19;996;50,00;
13:14:22;997;49,99;
13:14:25;1007;49,99;
13:14:28;1012;49,99;
13:14:34;1016;49,98;
13:14:37;1020;49,97;
13:14:40;1022;49,98;
13:14:43;1023;49,97;
13:14:46;1018;49,98;
13:14:49;1020;49,97;
13:14:52;1019;49,98;
13:14:55;1015;49,97;
13:14:58;1009;49,97;
13:15:01;1011;49,97;
13:15:04;1007;49,98;
13:15:07;1006;49,98;
13:15:10;995;49,98;
13:15:13;1009;49,98;
13:15:16;1006;49,98;
13:15:19;1001;49,98;
13:15:22;1000;49,98;
13:15:25;1013;49,98;
13:15:28;1016;49,97;
13:15:31;1014;49,97;
13:15:34;1022;49,96;
13:15:40;1035;49,96;
13:15:43;1037;49,96;
13:15:46;1040;49,96;
13:15:49;1039;49,95;
13:15:52;1043;49,95;
13:15:55;1045;49,96;
13:15:58;1045;49,97;
13:16:07;1040;49,96;
13:16:10;1042;49,96;
13:16:13;1039;49,97;
13:16:16;1043;49,97;
13:16:19;1041;49,98;
13:16:25;1045;49,98;
13:16:28;1050;49,98;
13:16:31;1052;49,97;
13:16:34;1057;49,98;
13:16:37;1059;49,97;
13:16:40;1066;49,97;
13:16:43;1069;49,97;
13:16:46;1070;49,97;
13:16:49;1073;49,97;
13:16:52;1082;49,97;
13:16:55;1082;49,98;
13:16:58;1085;49,98;
13:17:01;1083;49,98;
13:17:04;1090;49,98;
13:17:07;1091;49,98;
13:17:10;1093;49,98;
13:17:13;1089;49,98;
13:17:16;1102;49,98;
13:17:19;1099;49,98;
13:17:22;1097;49,98;
13:17:25;1100;49,98;
13:17:31;1107;49,97;
13:17:34;1116;49,97;
13:17:37;1125;49,96;
13:17:40;1119;49,96;
13:17:43;1131;49,96;
13:17:46;1128;49,96;
13:17:49;1136;49,97;
13:17:52;1140;49,97;
13:17:55;1146;49,98;
13:17:58;1145;49,98;
13:18:01;1153;49,98;
13:18:04;1152;49,98;
13:18:07;1158;49,98;
13:18:10;1156;49,97;
13:18:13;1160;49,97;
13:18:16;1158;49,97;
13:18:19;1155;49,96;
13:18:22;1170;49,97;
13:18:25;1167;49,96;
13:18:28;1159;49,96;
13:18:31;1157;49,95;
13:18:37;1161;49,96;
13:18:40;1150;49,96;
13:18:43;1148;49,95;
13:18:46;1140;49,96;
13:18:49;1135;49,96;
13:18:52;1130;49,96;
13:18:55;1126;49,96;
13:18:58;1121;49,96;
13:19:01;1108;49,97;
13:19:04;1104;49,97;
13:19:07;1098;49,97;
13:19:10;1092;49,97;
13:19:13;1095;49,97;
13:19:16;1095;49,96;
13:19:19;1096;49,96;
13:19:22;1093;49,96;
13:19:25;1102;49,97;
13:19:28;1103;49,97;
13:19:31;1110;49,97;
13:19:34;1109;49,96;
13:19:37;1121;49,96;
13:19:43;1133;49,96;
13:19:46;1132;49,97;
13:19:49;1145;49,96;
13:19:52;1149;49,96;
13:19:55;1159;49,96;
13:19:58;1161;49,97;
13:20:01;1170;49,97;
13:20:04;1175;49,97;
13:20:07;1189;49,97;
13:20:10;1188;49,98;
13:20:13;1201;49,98;
13:20:16;1206;49,98;
13:20:19;1212;49,97;
13:20:22;1205;49,97;
13:20:28;1224;49,97;
13:20:31;1214;49,97;
13:20:34;1215;49,97;
13:20:37;1224;49,98;
13:20:40;1223;49,97;
13:20:43;1210;49,98;
13:20:46;1218;49,98;
13:20:49;1217;49,98;
13:20:52;1211;49,98;
13:20:55;1208;49,98;
13:20:58;1207;49,99;
13:21:01;1202;49,99;
13:21:04;1204;50,00;
13:21:07;1202;50,00;
13:21:10;1202;49,99;
13:21:13;1196;49,98;
13:21:16;1199;49,98;
13:21:19;1197;49,98;
13:21:22;1198;49,98;
13:21:25;1195;49,98;
13:21:28;1196;49,98;
13:21:37;1189;49,98;
13:21:40;1191;49,98;
13:21:43;1186;49,98;
13:21:46;1184;49,98;
13:21:49;1180;49,98;
13:21:52;1182;49,98;
13:21:55;1179;49,97;
13:21:58;1175;49,98;
13:22:01;1171;49,98;
13:22:04;1174;49,98;
13:22:07;1171;49,98;
13:22:10;1172;49,98;
13:22:13;1166;49,98;
13:22:16;1172;49,98;
13:22:19;1174;49,97;
13:22:22;1168;49,96;
13:22:25;1160;49,96;
13:22:28;1159;49,96;
13:22:31;1160;49,97;
13:22:34;1150;49,96;
13:22:40;1139;49,97;
13:22:43;1140;49,97;
13:22:46;1131;49,97;
13:22:49;1127;49,97;
13:22:52;1124;49,97;
13:22:55;1121;49,98;
13:22:58;1119;49,98;
13:23:01;1119;49,97;
13:23:04;1119;49,98;
13:23:07;1121;49,98;
13:23:10;1122;49,98;
13:23:13;1124;49,98;
13:23:16;1125;49,98;
13:23:19;1131;49,98;
13:23:22;1121;49,98;
13:23:25;1120;49,98;
13:23:28;1130;49,98;
13:23:31;1136;49,98;
13:23:37;1131;49,98;
13:23:40;1147;49,98;
13:23:46;1161;49,98;
13:23:49;1166;49,98;
13:23:52;1177;49,98;
13:23:55;1184;49,98;
13:23:58;1196;49,98;
13:24:01;1202;49,98;
13:24:07;1211;49,98;
13:24:10;1225;49,99;
13:24:13;1228;50,00;
13:24:16;1233;50,00;
13:24:19;1236;50,00;
13:24:22;1237;49,99;
13:24:25;1236;49,99;
13:24:28;1230;49,99;
13:24:31;1226;49,98;
13:24:34;1218;49,98;
13:24:37;1212;49,98;
13:24:40;1199;49,98;
13:24:43;1191;49,98;
13:24:46;1176;49,98;
13:24:52;1170;49,98;
13:24:55;1150;50,00;
13:24:58;1142;50,00;
13:25:01;1132;50,00;
13:25:04;1125;50,00;
13:25:07;1118;50,00;
13:25:10;1114;50,00;
13:25:13;1109;50,00;
13:25:16;1097;50,00;
13:25:19;1097;49,99;
13:25:22;1101;49,99;
13:25:25;1092;49,99;
13:25:28;1084;49,99;
13:25:31;1090;49,98;
13:25:37;1091;49,98;
13:25:40;1084;49,97;
13:25:43;1089;49,97;
13:25:46;1091;49,97;
13:25:49;1089;49,98;
13:25:52;1084;49,98;
13:25:55;1083;49,98;
13:25:58;1082;49,98;
13:26:01;1081;49,99;
13:26:07;1083;49,99;
13:26:10;1085;49,99;
13:26:13;1091;49,99;
13:26:16;1093;49,99;
13:26:19;1095;49,99;
13:26:22;1107;49,99;
13:26:25;1117;49,98;
13:26:28;1122;49,98;
13:26:31;1130;49,98;
13:26:34;1137;49,98;
13:26:37;1148;49,99;
13:26:43;1161;49,98;
13:26:46;1162;49,98;
13:26:49;1166;49,98;
13:26:52;1167;49,98;
13:26:55;1166;49,98;
13:26:58;1163;49,98;
13:27:01;1160;49,98;
13:27:04;1163;49,99;
13:27:07;1160;49,99;
13:27:13;1163;49,99;
13:27:16;1165;49,99;
13:27:19;1169;49,99;
13:27:22;1171;49,99;
13:27:25;1176;49,99;
13:27:28;1179;49,99;
13:27:31;1188;49,99;
13:27:34;1185;49,99;
13:27:37;1177;50,00;
13:27:40;1182;50,00;
13:27:43;1179;50,00;
13:27:49;1162;50,00;
13:27:52;1159;50,00;
13:27:55;1147;50,00;
13:27:58;1144;50,00;
13:28:01;1135;50,00;
13:28:04;1133;50,00;
13:28:07;1125;50,00;
13:28:10;1128;50,00;
13:28:13;1127;50,00;
13:28:16;1130;50,00;
13:28:19;1137;50,00;
13:28:25;1142;50,00;
13:28:28;1153;50,00;
13:28:31;1149;50,00;
13:28:34;1167;49,99;
13:28:37;1173;49,99;
13:28:40;1187;49,98;
13:28:43;1203;49,98;
13:28:46;1207;49,98;
13:28:49;1214;49,98;
13:28:55;1233;49,98;
13:28:58;1242;49,98;
13:29:01;1246;49,98;
13:29:04;1255;49,98;
13:29:07;1255;49,99;
13:29:10;1260;49,99;
13:29:13;1262;49,98;
13:29:16;1257;49,98;
13:29:19;1258;49,98;
13:29:25;1255;49,98;
13:29:28;1250;49,98;
13:29:31;1245;49,98;
13:29:34;1237;49,99;
13:29:40;1222;50,00;
13:29:43;1218;50,00;
13:29:46;1208;49,99;
13:29:49;1203;49,99;
13:29:52;1193;49,98;
13:29:55;1188;49,98;
13:29:58;1180;49,98;
13:30:04;1169;49,99;
13:30:07;1167;49,99;
13:30:10;1162;50,00;
13:30:13;1169;50,00;
13:30:16;1161;50,00;
13:30:19;1162;50,00;
13:30:22;1158;49,99;
13:30:25;1170;49,98;
13:30:28;1171;49,98;
13:30:31;1182;49,97;
13:30:34;1195;49,96;
13:30:37;1200;49,97;
13:30:40;1212;49,97;
13:30:46;1249;49,96;
13:30:49;1255;49,96;
13:30:52;1265;49,96;
13:30:55;1281;49,96;
13:30:58;1296;49,96;
13:31:01;1305;49,96;
13:31:04;1309;49,96;
13:31:07;1307;49,96;
13:31:10;1317;49,96;
13:31:13;1319;49,96;
13:31:16;1304;49,96;
13:31:19;1308;49,96;
13:31:22;1301;49,96;
13:31:25;1297;49,96;
13:31:28;1293;49,96;
13:31:31;1286;49,96;
13:31:34;1274;49,96;
13:31:37;1271;49,96;
13:31:40;1257;49,96;
13:31:43;1255;49,96;
13:31:46;1241;49,96;
13:31:52;1224;49,96;
13:31:55;1220;49,96;
13:31:58;1206;49,96;
13:32:01;1205;49,97;
13:32:04;1191;49,97;
13:32:07;1187;49,97;
13:32:10;1181;49,97;
13:32:13;1170;49,97;
13:32:16;1154;49,96;
13:32:19;1152;49,96;
13:32:22;1133;49,96;
13:32:25;1130;49,96;
13:32:28;1125;49,96;
13:32:31;1111;49,97;
13:32:34;1116;49,97;
13:32:37;1106;49,96;
13:32:40;1094;49,96;
13:32:43;1096;49,96;
13:32:46;1097;49,97;
13:32:49;1088;49,97;
13:32:52;1080;49,97;
13:32:58;1085;49,96;
13:33:07;1089;49,96;
13:33:10;1095;49,96;
13:33:13;1096;49,96;
13:33:16;1101;49,97;
13:33:19;1099;49,97;
13:33:22;1114;49,96;
13:33:25;1117;49,97;
13:33:28;1123;49,96;
13:33:31;1138;49,97;
13:33:34;1140;49,97;
13:33:37;1160;49,97;
13:33:40;1165;49,97;
13:33:43;1179;49,96;
13:33:46;1201;49,97;
13:33:49;1221;49,97;
13:33:52;1244;49,97;
13:33:55;1245;49,97;
13:33:58;1264;49,98;
13:34:01;1274;49,98;
13:34:04;1281;49,98;
13:34:07;1308;49,98;
13:34:10;1316;49,98;
13:34:13;1324;49,98;
13:34:16;1327;49,98;
13:34:19;1325;49,98;
13:34:22;1333;49,98;
13:34:25;1331;49,98;
13:34:28;1329;49,98;
13:34:31;1320;49,98;
13:34:34;1322;49,98;
13:34:37;1319;49,98;
13:34:40;1317;49,98;
13:34:43;1309;49,98;
13:34:49;1312;49,98;
13:34:52;1313;49,98;
13:34:55;1304;49,98;
13:34:58;1310;49,98;
13:35:01;1308;49,98;
13:35:04;1306;49,98;
13:35:07;1304;49,98;
13:35:10;1298;49,98;
13:35:13;1294;49,98;
13:35:16;1292;49,98;
13:35:19;1286;49,98;
13:35:25;1280;49,98;
13:35:28;1279;49,98;
13:35:31;1275;49,98;
13:35:34;1266;49,98;
13:35:37;1263;49,98;
13:35:40;1269;49,98;
13:35:43;1263;49,98;
13:35:46;1254;49,98;
13:35:49;1249;49,98;
13:35:55;1241;49,99;
13:35:58;1230;49,99;
13:36:01;1222;49,99;
13:36:04;1215;49,98;
13:36:07;1199;49,98;
13:36:10;1183;49,98;
13:36:13;1185;49,98;
13:36:16;1175;49,97;
13:36:19;1159;49,97;
13:36:22;1153;49,96;
13:36:25;1146;49,97;
13:36:28;1138;49,97;
13:36:34;1137;49,98;
13:36:37;1134;49,97;
13:36:40;1128;49,98;
13:36:43;1131;49,98;
13:36:46;1132;49,98;
13:36:49;1133;49,98;
13:36:52;1131;49,98;
13:36:55;1138;49,98;
13:37:01;1139;49,98;
13:37:04;1140;49,98;
13:37:10;1137;49,99;
13:37:13;1141;49,98;
13:37:16;1135;49,98;
13:37:19;1143;49,98;
13:37:22;1144;49,98;
13:37:25;1149;49,97;
13:37:28;1146;49,97;
13:37:31;1159;49,97;
13:37:34;1161;49,97;
13:37:37;1169;49,97;
13:37:40;1166;49,97;
13:37:43;1173;49,98;
13:37:46;1182;49,98;
13:37:49;1192;49,97;
13:37:52;1193;49,97;
13:37:55;1213;49,98;
13:37:58;1220;49,98;
13:38:01;1237;49,98;
13:38:07;1261;49,97;
13:38:10;1264;49,97;
13:38:13;1279;49,97;
13:38:16;1281;49,98;
13:38:19;1284;49,98;
13:38:22;1280;49,99;
13:38:25;1283;49,99;
13:38:28;1277;49,98;
13:38:31;1270;49,98;
13:38:34;1246;49,97;
13:38:37;1256;49,98;
13:38:40;1242;49,98;
13:38:43;1222;49,98;
13:38:46;1217;49,99;
13:38:52;1189;50,00;
13:38:55;1190;50,00;
13:38:58;1183;50,00;
13:39:01;1175;50,00;
13:39:07;1169;50,00;
13:39:10;1172;50,00;
13:39:13;1173;50,00;
13:39:16;1173;49,99;
13:39:19;1169;49,98;
13:39:22;1177;49,98;
13:39:28;1179;49,98;
13:39:31;1174;49,98;
13:39:34;1177;49,98;
13:39:37;1172;49,98;
13:39:40;1165;49,99;
13:39:43;1159;49,99;
13:39:46;1154;50,00;
13:39:49;1148;50,00;
13:39:52;1141;50,00;
13:39:58;1132;50,00;
13:40:01;1130;50,00;
13:40:04;1126;50,00;
13:40:07;1126;50,01;
13:40:10;1116;50,00;
13:40:13;1108;50,00;
13:40:16;1106;50,00;
13:40:19;1102;50,00;
13:40:22;1084;50,00;
13:40:25;1080;50,00;
13:40:28;1080;50,01;
13:40:31;1070;50,01;
13:40:34;1065;50,01;
13:40:37;1052;50,01;
13:40:40;1057;50,01;
13:40:43;1058;50,01;
13:40:46;1048;50,01;
13:40:49;1040;50,01;
13:40:52;1042;50,01;
13:40:55;1045;50,01;
13:40:58;1035;50,01;
13:41:04;1028;50,01;
13:41:07;1023;50,01;
13:41:10;1014;50,01;
13:41:13;1008;50,01;
13:41:16;993;50,01;
13:41:19;986;50,00;
13:41:22;981;50,00;
13:41:25;967;50,00;
13:41:28;943;50,00;
13:41:31;927;50,00;
13:41:34;906;50,00;
13:41:37;894;50,00;
13:41:40;869;50,00;
13:41:43;857;50,00;
13:41:46;836;50,00;
13:41:49;821;50,00;
13:41:52;799;50,01;
13:41:55;779;50,01;
13:41:58;774;50,01;
13:42:01;767;50,01;
13:42:04;762;50,01;
13:42:10;761;50,01;
13:42:13;767;50,01;
13:42:16;777;50,01;
13:42:19;791;50,01;
13:42:22;805;50,01;
13:42:25;807;50,01;
13:42:28;805;50,01;
13:42:31;818;50,01;
13:42:34;833;50,00;
13:42:37;837;50,00;
13:42:40;841;50,00;
13:42:43;837;50,00;
13:42:46;845;50,00;
13:42:52;855;50,00;
13:42:55;853;50,01;
13:42:58;851;50,01;
13:43:01;854;50,01;
13:43:04;859;50,01;
13:43:07;858;50,01;
13:43:10;846;50,01;
13:43:13;850;50,01;
13:43:16;859;50,01;
13:43:19;862;50,02;
13:43:22;855;50,01;
13:43:25;868;50,01;
13:43:28;865;50,01;
13:43:31;869;50,00;
13:43:34;857;50,00;
13:43:37;868;50,00;
13:43:40;858;50,00;
13:43:43;861;50,00;
13:43:46;845;50,00;
13:43:49;851;50,00;
13:43:52;852;50,00;
13:43:55;842;50,00;
13:44:01;836;50,00;
13:44:04;837;50,00;
13:44:07;832;50,00;
13:44:10;830;49,99;
13:44:13;832;50,00;
13:44:16;834;49,99;
13:44:19;842;49,99;
13:44:22;837;50,00;
13:44:25;842;50,00;
13:44:28;843;49,99;
13:44:34;844;49,98;
13:44:37;841;49,98;
13:44:40;838;49,98;
13:44:43;843;49,98;
13:44:46;831;49,99;
13:44:49;818;49,99;
13:44:52;820;49,99;
13:44:55;814;49,99;
13:44:58;811;49,99;
13:45:01;804;49,99;
13:45:07;797;49,99;
13:45:10;793;49,99;
13:45:13;780;49,99;
13:45:16;784;49,99;
13:45:19;782;49,98;
13:45:22;785;49,98;
13:45:25;781;49,98;
13:45:28;784;49,98;
13:45:31;776;49,97;
13:45:34;774;49,96;
13:45:37;772;49,96;
13:45:40;774;49,96;
13:45:43;784;49,96;
13:45:46;782;49,96;
13:45:52;789;49,96;
13:45:55;786;49,96;
13:45:58;790;49,97;
13:46:01;788;49,97;
13:46:04;800;49,98;
13:46:07;799;49,98;
13:46:13;813;49,98;
13:46:16;819;49,98;
13:46:19;824;49,98;
13:46:22;820;49,99;
13:46:25;823;50,00;
13:46:28;822;50,00;
13:46:31;809;49,99;
13:46:34;822;50,00;
13:46:37;808;49,99;
13:46:40;816;50,00;
13:46:43;807;49,99;
13:46:46;808;49,99;
13:46:49;794;49,99;
13:46:52;792;49,99;
13:46:55;791;49,99;
13:46:58;774;49,98;
13:47:01;753;49,98;
13:47:04;756;49,98;
13:47:07;751;49,98;
13:47:10;745;49,99;
13:47:13;741;49,99;
13:47:19;717;50,00;
13:47:22;730;50,00;
13:47:25;732;50,00;
13:47:28;732;49,99;
13:47:34;734;50,00;
13:47:40;737;50,00;
13:47:43;740;50,00;
13:47:46;739;50,00;
13:47:49;745;50,00;
13:48:04;737;50,00;
13:48:07;736;50,00;
13:48:10;720;50,00;
13:48:13;727;50,00;
13:48:16;720;49,99;
13:48:19;717;49,99;
13:48:22;704;49,98;
13:48:25;707;49,98;
13:48:28;698;49,98;
13:48:31;692;49,98;
13:48:34;685;49,98;
13:48:37;679;49,99;
13:48:40;672;50,00;
13:48:43;671;50,00;
13:48:46;652;50,00;
13:48:49;663;50,00;
13:48:52;654;50,00;
13:48:55;656;50,00;
13:48:58;647;50,00;
13:49:01;652;50,00;
13:49:04;646;50,00;
13:49:10;649;50,00;
13:49:13;642;50,00;
13:49:16;650;50,00;
13:49:19;651;50,00;
13:49:22;639;50,01;
13:49:25;646;50,00;
13:49:28;644;50,00;
13:49:34;638;50,00;
13:49:40;631;50,00;
13:49:43;633;50,01;
13:49:46;634;50,01;
13:49:49;632;50,01;
13:49:52;634;50,01;
13:50:01;637;50,01;
13:50:04;636;50,01;
13:50:16;633;50,01;
13:50:22;634;50,01;
13:50:28;627;50,01;
13:50:31;626;50,01;
13:50:34;628;50,01;
13:50:37;624;50,02;
13:50:40;614;50,02;
13:50:43;613;50,02;
13:50:46;610;50,01;
13:50:49;607;50,01;
13:50:52;598;50,01;
13:50:55;603;50,01;
13:50:58;601;50,01;
13:51:01;598;50,02;
13:51:04;599;50,02;
13:51:10;594;50,02;
13:51:13;597;50,02;
13:51:16;588;50,02;
13:51:22;591;50,01;
13:51:25;591;50,02;
13:51:28;584;50,02;
13:51:31;585;50,02;
13:51:34;590;50,01;
13:51:37;591;50,02;
13:51:43;591;50,01;
13:51:46;587;50,01;
13:51:49;590;50,01;
13:51:52;578;50,01;
13:51:55;584;50,01;
13:52:01;577;50,02;
13:52:07;574;50,02;
13:52:10;576;50,02;
13:52:13;570;50,02;
13:52:16;573;50,02;
13:52:19;574;50,02;
13:52:25;573;50,02;
13:52:28;567;50,01;
13:52:31;570;50,01;
13:52:34;569;50,01;
13:52:37;566;50,00;
13:52:40;570;50,00;
13:52:52;567;50,00;
13:52:55;563;50,01;
13:52:58;567;50,00;
13:53:01;572;50,01;
13:53:04;569;50,01;
13:53:07;565;50,01;
13:53:13;572;50,01;
13:53:19;574;50,01;
13:53:22;578;50,01;
13:53:25;577;50,00;
13:53:34;573;50,00;
13:53:37;578;50,00;
13:53:40;577;50,00;
13:53:43;573;50,01;
13:53:46;576;50,01;
13:53:49;549;50,00;
13:53:52;560;50,01;
13:53:55;567;50,01;
13:53:58;562;50,01;
13:54:01;550;50,01;
13:54:04;558;50,01;
13:54:07;545;50,01;
13:54:10;548;50,00;
13:54:13;552;50,01;
13:54:19;555;50,01;
13:54:22;556;50,01;
13:54:25;556;50,00;
13:54:28;553;50,00;
13:54:31;556;50,00;
13:54:34;550;50,00;
13:54:37;556;50,00;
13:54:40;558;50,00;
13:54:43;559;50,00;
13:54:46;561;50,00;
13:54:49;554;49,99;
13:54:55;564;49,99;
13:54:58;560;50,00;
13:55:01;566;50,00;
13:55:07;561;50,00;
13:55:10;565;50,00;
13:55:13;571;50,00;
13:55:16;572;50,00;
13:55:19;574;50,01;
13:55:25;576;50,01;
13:55:28;580;50,00;
13:55:31;581;50,00;
13:55:34;583;50,00;
13:55:40;579;50,00;
13:55:43;583;50,00;
13:55:46;581;50,01;
13:55:49;585;50,01;
13:55:52;588;50,00;
13:55:58;583;50,00;
13:56:01;588;50,00;
13:56:04;590;50,00;
13:56:07;588;50,00;
13:56:10;584;50,00;
13:56:13;587;50,00;
13:56:16;586;50,00;
13:56:19;583;50,00;
13:56:22;578;50,00;
13:56:25;580;50,00;
13:56:31;577;50,00;
13:56:34;570;50,00;
13:56:37;572;50,00;
13:56:40;575;50,00;
13:56:43;575;50,01;
13:56:46;578;50,01;
13:56:52;564;50,01;
13:56:55;577;50,01;
13:56:58;568;50,01;
13:57:01;576;50,00;
13:57:04;578;50,00;
13:57:07;575;50,00;
13:57:10;584;50,00;
13:57:16;575;50,00;
13:57:19;565;50,00;
13:57:22;569;50,00;
13:57:25;569;50,01;
13:57:31;567;50,01;
13:57:34;564;50,01;
13:57:37;559;50,01;
13:57:40;549;50,01;
13:57:43;550;50,01;
13:57:46;546;50,01;
13:57:49;543;50,01;
13:57:52;542;50,00;
13:57:55;535;50,00;
13:57:58;538;50,00;
13:58:01;535;50,01;
13:58:04;532;50,01;
13:58:07;528;50,00;
13:58:10;525;50,00;
13:58:13;530;50,00;
13:58:16;533;50,01;
13:58:22;532;50,01;
13:58:25;534;50,01;
13:58:28;532;50,00;
13:58:31;529;50,00;
13:58:34;537;50,00;
13:58:37;538;50,00;
13:58:40;540;50,00;
13:58:43;543;50,00;
13:58:46;544;50,00;
13:58:49;547;49,99;
13:58:52;549;50,00;
13:58:55;548;50,00;
13:59:01;550;50,00;
13:59:04;549;50,00;
13:59:07;543;50,00;
13:59:10;544;50,00;
13:59:13;543;50,01;
13:59:16;539;50,01;
13:59:19;533;50,01;
13:59:28;528;50,01;
13:59:31;526;50,00;
13:59:34;530;50,00;
13:59:37;531;50,01;
13:59:40;531;50,00;
13:59:43;528;50,00;
13:59:46;531;50,00;
13:59:49;534;50,00;
13:59:52;537;50,00;
13:59:55;531;50,00;
13:59:58;542;50,01;
14:00:01;548;50,01;
14:00:04;516;50,01;
14:00:07;545;50,01;
14:00:10;552;50,00;
14:00:16;561;49,99;
14:00:19;567;49,99;
14:00:22;570;49,99;
14:00:25;573;49,99;
14:00:28;575;49,99;
14:00:34;586;49,98;
14:00:40;586;49,97;
14:00:43;588;49,96;
14:00:46;590;49,96;
14:00:49;605;49,96;
14:00:52;602;49,96;
14:00:55;606;49,96;
14:00:58;616;49,98;
14:01:01;617;49,98;
14:01:04;619;49,98;
14:01:07;624;49,98;
14:01:10;625;49,99;
14:01:13;628;49,99;
14:01:19;626;49,99;
14:01:22;627;50,00;
14:01:25;631;50,00;
14:01:28;627;49,99;
14:01:31;630;49,99;
14:01:34;627;49,98;
14:01:37;629;49,98;
14:01:40;630;49,98;
14:01:43;627;49,98;
14:01:46;624;49,98;
14:01:49;622;49,98;
14:01:52;618;49,98;
14:01:55;615;49,98;
14:01:58;616;49,99;
14:02:01;608;49,99;
14:02:04;603;50,00;
14:02:07;606;50,00;
14:02:10;605;50,00;
14:02:13;601;50,00;
14:02:16;593;50,00;
14:02:19;598;49,99;
14:02:25;600;49,99;
14:02:28;598;49,99;
14:02:31;601;49,98;
14:02:34;602;49,98;
14:02:37;603;49,99;
14:02:40;605;49,99;
14:02:43;604;49,99;
14:02:46;607;49,99;
14:02:49;613;49,98;
14:02:52;615;49,99;
14:02:55;616;49,98;
14:02:58;622;49,98;
14:03:01;625;49,98;
14:03:07;626;49,98;
14:03:10;631;49,98;
14:03:13;633;49,98;
14:03:16;635;49,98;
14:03:19;636;49,98;
14:03:22;637;49,98;
14:03:25;633;49,98;
14:03:31;627;49,98;
14:03:34;626;49,97;
14:03:37;620;49,98;
14:03:40;618;49,97;
14:03:43;612;49,97;
14:03:46;610;49,97;
14:03:49;609;49,97;
14:03:52;606;49,97;
14:03:55;594;49,96;
14:03:58;591;49,96;
14:04:01;587;49,96;
14:04:04;569;49,96;
14:04:07;579;49,96;
14:04:13;580;49,97;
14:04:16;577;49,97;
14:04:19;579;49,97;
14:04:22;580;49,97;
14:04:25;577;49,97;
14:04:28;576;49,97;
14:04:31;578;49,98;
14:04:37;587;49,98;
14:04:40;589;49,98;
14:04:43;595;49,98;
14:04:46;601;49,98;
14:04:49;607;49,98;
14:04:52;614;49,98;
14:04:58;623;49,98;
14:05:01;632;49,97;
14:05:04;642;49,97;
14:05:07;642;49,96;
14:05:10;651;49,96;
14:05:13;660;49,97;
14:05:16;671;49,97;
14:05:19;668;49,98;
14:05:22;676;49,97;
14:05:25;682;49,97;
14:05:28;690;49,97;
14:05:31;695;49,97;
14:05:34;697;49,98;
14:05:37;700;49,98;
14:05:40;692;49,98;
14:05:43;704;49,98;
14:05:46;705;49,98;
14:05:49;706;49,97;
14:05:52;707;49,98;
14:05:55;709;49,98;
14:06:01;707;49,98;
14:06:04;706;49,98;
14:06:07;717;49,98;
14:06:10;722;49,97;
14:06:13;724;49,98;
14:06:16;729;49,97;
14:06:19;732;49,97;
14:06:22;736;49,97;
14:06:28;740;49,97;
14:06:31;743;49,97;
14:06:40;741;49,97;
14:06:43;742;49,97;
14:06:46;735;49,97;
14:06:49;741;49,97;
14:06:52;728;49,96;
14:06:55;735;49,96;
14:07:01;735;49,97;
14:07:04;733;49,98;
14:07:07;732;49,98;
14:07:10;733;49,98;
14:07:16;730;49,98;
14:07:19;732;49,98;
14:07:22;724;49,98;
14:07:25;731;49,99;
14:07:28;725;49,98;
14:07:34;729;49,98;
14:07:37;736;49,97;
14:07:40;735;49,97;
14:07:43;741;49,97;
14:07:46;740;49,98;
14:07:49;751;49,98;
14:07:52;755;49,98;
14:07:58;766;49,98;
14:08:01;772;49,98;
14:08:04;775;49,98;
14:08:07;778;49,98;
14:08:10;767;49,98;
14:08:13;780;49,98;
14:08:16;786;49,98;
14:08:19;786;49,97;
14:08:22;780;49,96;
14:08:25;788;49,96;
14:08:28;787;49,96;
14:08:31;782;49,97;
14:08:34;775;49,97;
14:08:40;788;49,97;
14:08:43;783;49,97;
14:08:46;770;49,98;
14:08:49;779;49,98;
14:08:52;780;49,98;
14:08:55;772;49,98;
14:08:58;775;49,98;
14:09:01;767;49,98;
14:09:04;755;49,98;
14:09:07;760;49,99;
14:09:10;748;49,99;
14:09:13;750;50,00;
14:09:16;738;50,00;
14:09:19;742;50,00;
14:09:22;741;50,00;
14:09:25;739;49,99;
14:09:28;731;49,99;
14:09:31;732;49,99;
14:09:34;732;49,98;
14:09:37;737;49,98;
14:09:40;731;49,98;
14:09:46;742;49,97;
14:09:49;748;49,97;
14:09:52;750;49,97;
14:09:55;754;49,97;
14:09:58;767;49,97;
14:10:01;772;49,97;
14:10:04;776;49,97;
14:10:07;770;49,97;
14:10:10;784;49,97;
14:10:13;784;49,96;
14:10:16;789;49,96;
14:10:19;785;49,95;
14:10:22;787;49,95;
14:10:25;775;49,96;
14:10:31;770;49,96;
14:10:34;763;49,96;
14:10:37;745;49,96;
14:10:40;749;49,96;
14:10:46;740;49,96;
14:10:49;742;49,97;
14:10:52;736;49,97;
14:10:55;718;49,96;
14:10:58;728;49,96;
14:11:01;725;49,97;
14:11:07;714;49,97;
14:11:10;718;49,98;
14:11:16;714;49,98;
14:11:19;704;49,98;
14:11:22;708;49,98;
14:11:25;703;49,98;
14:11:28;704;49,98;
14:11:31;693;49,97;
14:11:37;691;49,97;
14:11:43;684;49,96;
14:11:46;686;49,96;
14:11:49;682;49,96;
14:11:52;683;49,96;
14:11:55;681;49,96;
14:11:58;673;49,96;
14:12:01;679;49,96;
14:12:04;677;49,96;
14:12:07;679;49,97;
14:12:10;674;49,96;
14:12:13;669;49,96;
14:12:16;675;49,96;
14:12:19;675;49,97;
14:12:22;671;49,96;
14:12:25;670;49,97;
14:12:28;675;49,96;
14:12:31;677;49,96;
14:12:34;671;49,96;
14:12:37;675;49,97;
14:12:43;674;49,96;
14:12:46;675;49,96;
14:12:49;673;49,96;
14:12:52;672;49,97;
14:12:55;673;49,98;
14:12:58;674;49,98;
14:13:01;675;49,98;
14:13:04;672;49,98;
14:13:07;664;49,98;
14:13:10;675;49,98;
14:13:13;677;49,98;
14:13:16;675;49,98;
14:13:19;684;49,97;
14:13:22;683;49,97;
14:13:25;690;49,97;
14:13:28;695;49,97;
14:13:31;698;49,98;
14:13:34;696;49,98;
14:13:37;702;49,98;
14:13:40;699;49,98;
14:13:43;704;49,98;
14:13:49;699;49,99;
14:13:52;696;49,99;
14:13:55;690;49,99;
14:13:58;683;49,99;
14:14:01;684;49,99;
14:14:04;679;49,99;
14:14:07;677;49,99;
14:14:10;676;49,99;
14:14:13;667;49,99;
14:14:16;670;49,99;
14:14:19;668;49,99;
14:14:22;660;49,99;
14:14:25;666;49,98;
14:14:28;668;49,98;
14:14:31;669;49,98;
14:14:34;674;49,97;
14:14:37;675;49,97;
14:14:40;676;49,97;
14:14:43;677;49,98;
14:14:46;672;49,97;
14:14:49;680;49,97;
14:14:52;682;49,97;
14:14:58;685;49,96;
14:15:01;688;49,97;
14:15:04;684;49,96;
14:15:07;689;49,96;
14:15:10;692;49,96;
14:15:13;689;49,96;
14:15:16;693;49,97;
14:15:19;675;49,97;
14:15:22;689;49,97;
14:15:25;694;49,96;
14:15:28;702;49,96;
14:15:31;696;49,96;
14:15:34;697;49,96;
14:15:40;691;49,96;
14:15:43;686;49,96;
14:15:46;674;49,96;
14:15:49;663;49,96;
14:15:52;661;49,97;
14:15:55;656;49,97;
14:15:58;652;49,98;
14:16:01;647;49,98;
14:16:04;633;49,98;
14:16:07;631;49,98;
14:16:10;623;49,98;
14:16:13;621;49,98;
14:16:16;603;49,98;
14:16:19;600;49,98;
14:16:22;606;49,98;
14:16:25;593;49,98;
14:16:28;598;49,98;
14:16:31;594;49,98;
14:16:34;599;49,98;
14:16:40;600;49,98;
14:16:46;603;49,97;
14:16:49;609;49,97;
14:16:52;612;49,97;
14:16:58;623;49,97;
14:17:01;625;49,97;
14:17:04;627;49,97;
14:17:07;631;49,97;
14:17:10;638;49,97;
14:17:13;632;49,98;
14:17:16;631;49,98;
14:17:19;628;49,98;
14:17:22;635;49,97;
14:17:25;634;49,97;
14:17:28;626;49,97;
14:17:31;621;49,97;
14:17:34;620;49,97;
14:17:37;618;49,97;
14:17:40;609;49,97;
14:17:46;596;49,96;
14:17:52;589;49,97;
14:17:55;587;49,97;
14:17:58;582;49,98;
14:18:01;580;49,98;
14:18:04;575;49,98;
14:18:07;568;49,98;
14:18:10;570;49,98;
14:18:16;568;49,98;
14:18:19;568;49,97;
14:18:22;565;49,97;
14:18:25;558;49,97;
14:18:28;560;49,97;
14:18:31;563;49,97;
14:18:34;557;49,97;
14:18:37;552;49,98;
14:18:40;553;49,98;
14:18:46;547;49,97;
14:18:49;547;49,96;
14:18:52;541;49,96;
14:18:58;536;49,97;
14:19:01;532;49,97;
14:19:04;530;49,97;
14:19:07;527;49,97;
14:19:10;523;49,96;
14:19:13;521;49,97;
14:19:16;513;49,97;
14:19:19;518;49,97;
14:19:22;517;49,97;
14:19:25;512;49,97;
14:19:28;511;49,97;
14:19:31;510;49,98;
14:19:34;505;49,98;
14:19:37;508;49,98;
14:19:43;505;49,98;
14:19:46;504;49,98;
14:19:49;507;49,98;
14:19:52;504;49,98;
14:19:55;506;49,98;
14:19:58;504;49,98;
14:20:01;503;49,97;
14:20:07;505;49,97;
14:20:10;508;49,96;
14:20:13;509;49,96;
14:20:16;512;49,96;
14:20:19;515;49,96;
14:20:22;510;49,96;
14:20:25;515;49,96;
14:20:28;506;49,96;
14:20:31;514;49,96;
14:20:34;515;49,96;
14:20:37;514;49,96;
14:20:40;509;49,96;
14:20:43;513;49,96;
14:20:49;510;49,96;
14:20:52;510;49,95;
14:21:01;506;49,95;
14:21:04;506;49,96;
14:21:07;504;49,96;
14:21:10;505;49,96;
14:21:13;500;49,97;
14:21:16;501;49,97;
14:21:19;499;49,97;
14:21:22;500;49,97;
14:21:25;499;49,97;
14:21:28;500;49,97;
14:21:31;498;49,97;
14:21:34;503;49,96;
14:21:37;505;49,96;
14:21:46;510;49,96;
14:21:49;514;49,96;
14:21:55;526;49,96;
14:21:58;527;49,96;
14:22:01;526;49,97;
14:22:04;528;49,97;
14:22:10;529;49,97;
14:22:13;530;49,98;
14:22:16;528;49,98;
14:22:19;528;49,97;
14:22:22;526;49,97;
14:22:25;518;49,97;
14:22:28;521;49,97;
14:22:31;514;49,96;
14:22:37;515;49,96;
14:22:40;513;49,96;
14:22:43;507;49,96;
14:22:46;509;49,96;
14:22:49;501;49,96;
14:22:52;502;49,96;
14:22:55;487;49,97;
14:23:01;489;49,97;
14:23:04;482;49,97;
14:23:07;482;49,96;
14:23:10;476;49,97;
14:23:13;473;49,97;
14:23:16;470;49,96;
14:23:19;457;49,97;
14:23:22;465;49,96;
14:23:25;457;49,96;
14:23:28;460;49,97;
14:23:34;452;49,97;
14:23:37;451;49,97;
14:23:40;454;49,97;
14:23:43;453;49,97;
14:23:46;454;49,98;
14:23:49;460;49,98;
14:23:52;461;49,98;
14:23:58;462;49,98;
14:24:01;466;49,98;
14:24:04;468;49,98;
14:24:07;469;49,98;
14:24:10;472;49,97;
14:24:13;470;49,97;
14:24:19;474;49,96;
14:24:22;475;49,96;
14:24:25;478;49,96;
14:24:28;480;49,96;
14:24:31;479;49,96;
14:24:34;481;49,96;
14:24:37;480;49,96;
14:24:40;483;49,96;
14:24:43;484;49,97;
14:24:46;488;49,96;
14:24:52;491;49,97;
14:24:55;490;49,97;
14:24:58;493;49,96;
14:25:01;491;49,96;
14:25:04;487;49,95;
14:25:07;493;49,95;
14:25:10;496;49,95;
14:25:13;494;49,95;
14:25:16;493;49,96;
14:25:19;491;49,96;
14:25:22;485;49,96;
14:25:25;489;49,96;
14:25:28;485;49,97;
14:25:31;482;49,97;
14:25:34;483;49,96;
14:25:37;477;49,96;
14:25:40;471;49,96;
14:25:43;472;49,96;
14:25:46;462;49,96;
14:25:49;463;49,96;
14:25:52;455;49,96;
14:25:58;453;49,96;
14:26:01;449;49,96;
14:26:04;442;49,96;
14:26:07;443;49,96;
14:26:10;442;49,96;
14:26:13;440;49,96;
14:26:16;439;49,96;
14:26:19;442;49,96;
14:26:22;434;49,96;
14:26:25;441;49,97;
14:26:28;445;49,97;
14:26:31;443;49,96;
14:26:34;436;49,97;
14:26:40;440;49,97;
14:26:43;442;49,98;
14:26:46;443;49,97;
14:26:49;447;49,97;
14:26:52;445;49,96;
14:26:55;446;49,96;
14:26:58;441;49,97;
14:27:04;440;49,97;
14:27:07;441;49,97;
14:27:10;445;49,97;
14:27:13;447;49,97;
14:27:16;444;49,97;
14:27:19;445;49,97;
14:27:22;449;49,97;
14:27:25;450;49,96;
14:27:28;455;49,96;
14:27:31;454;49,96;
14:27:37;461;49,96;
14:27:40;453;49,97;
14:27:43;461;49,97;
14:27:46;460;49,97;
14:27:49;457;49,98;
14:27:52;465;49,98;
14:27:55;467;49,98;
14:27:58;466;49,98;
14:28:01;460;49,98;
14:28:04;464;49,98;
14:28:10;463;49,97;
14:28:13;464;49,97;
14:28:16;460;49,97;
14:28:19;463;49,97;
14:28:22;465;49,96;
14:28:25;464;49,97;
14:28:28;466;49,97;
14:28:31;469;49,97;
14:28:34;466;49,97;
14:28:37;468;49,97;
14:28:40;464;49,96;
14:28:43;469;49,96;
14:28:46;471;49,96;
14:28:49;468;49,97;
14:28:55;477;49,96;
14:28:58;483;49,97;
14:29:01;488;49,97;
14:29:04;489;49,97;
14:29:07;498;49,97;
14:29:10;501;49,97;
14:29:13;505;49,97;
14:29:19;508;49,96;
14:29:22;517;49,96;
14:29:25;518;49,96;
14:29:28;525;49,96;
14:29:31;538;49,96;
14:29:34;540;49,96;
14:29:37;547;49,96;
14:29:40;556;49,96;
14:29:43;561;49,96;
14:29:46;565;49,97;
14:29:49;570;49,97;
14:29:52;576;49,98;
14:29:55;582;49,98;
14:30:01;588;49,99;
14:30:04;591;49,99;
14:30:07;584;49,99;
14:30:10;585;49,99;
14:30:13;584;49,98;
14:30:16;582;49,98;
14:30:19;583;49,98;
14:30:22;578;49,97;
14:30:25;563;49,97;
14:30:28;556;49,96;
14:30:31;562;49,97;
14:30:34;557;49,97;
14:30:37;558;49,97;
14:30:40;553;49,96;
14:30:43;553;49,97;
14:30:46;542;49,97;
14:30:49;537;49,97;
14:30:52;539;49,97;
14:30:55;538;49,96;
14:30:58;537;49,96;
14:31:01;532;49,96;
14:31:07;531;49,95;
14:31:10;530;49,96;
14:31:13;532;49,95;
14:31:16;526;49,96;
14:31:19;530;49,95;
14:31:22;532;49,95;
14:31:25;531;49,96;
14:31:28;532;49,96;
14:31:31;534;49,96;
14:31:34;532;49,96;
14:31:37;530;49,96;
14:31:40;528;49,96;
14:31:43;535;49,96;
14:31:46;534;49,96;
14:31:49;535;49,96;
14:31:52;533;49,96;
14:31:55;544;49,96;
14:31:58;545;49,96;
14:32:01;550;49,96;
14:32:04;545;49,96;
14:32:07;556;49,96;
14:32:13;563;49,99;
14:32:16;561;49,99;
14:32:19;571;50,00;
14:32:22;570;50,00;
14:32:25;575;50,00;
14:32:28;565;49,99;
14:32:31;573;49,99;
14:32:34;574;49,99;
14:32:37;580;49,99;
14:32:40;574;49,99;
14:32:43;584;49,99;
14:32:46;586;49,99;
14:32:52;583;49,99;
14:33:01;578;50,00;
14:33:04;582;50,00;
14:33:07;584;50,00;
14:33:10;580;50,00;
14:33:13;575;50,00;
14:33:16;580;50,00;
14:33:19;579;50,01;
14:33:22;581;50,01;
14:33:25;582;50,01;
14:33:28;574;50,01;
14:33:31;582;50,01;
14:33:37;579;50,01;
14:33:40;582;50,01;
14:33:43;586;50,01;
14:33:46;585;50,01;
14:33:49;582;50,01;
14:33:52;578;50,01;
14:33:55;565;50,01;
14:33:58;582;50,01;
14:34:04;589;50,01;
14:34:07;584;50,00;
14:34:10;593;50,00;
14:34:16;595;50,00;
14:34:19;592;50,00;
14:34:22;599;50,00;
14:34:25;602;50,00;
14:34:28;610;50,00;
14:34:31;609;50,00;
14:34:34;616;50,00;
14:34:37;614;50,00;
14:34:40;620;50,00;
14:34:43;624;50,00;
14:34:46;626;50,00;
14:34:49;623;50,00;
14:34:52;628;50,00;
14:34:55;631;50,00;
14:34:58;628;50,00;
14:35:01;622;49,99;
14:35:04;625;50,00;
14:35:10;622;50,00;
14:35:13;620;50,01;
14:35:16;622;50,00;
14:35:19;618;50,00;
14:35:25;612;50,00;
14:35:28;615;50,00;
14:35:34;612;50,00;
14:35:37;616;50,00;
14:35:40;612;49,99;
14:35:43;604;49,99;
14:35:46;609;49,99;
14:35:49;606;50,00;
14:35:52;600;50,00;
14:35:55;595;50,01;
14:35:58;599;50,01;
14:36:01;598;50,01;
14:36:04;598;50,00;
14:36:07;600;50,00;
14:36:10;603;50,00;
14:36:16;609;50,01;
14:36:19;610;50,01;
14:36:22;616;50,01;
14:36:25;617;50,01;
14:36:28;630;50,00;
14:36:31;637;50,00;
14:36:34;636;49,99;
14:36:37;644;49,99;
14:36:40;663;49,99;
14:36:43;666;49,99;
14:36:46;673;50,00;
14:36:49;676;50,00;
14:36:52;682;50,00;
14:36:55;688;50,00;
14:36:58;692;50,00;
14:37:01;693;50,00;
14:37:04;691;50,00;
14:37:07;693;50,00;
14:37:10;692;49,99;
14:37:16;685;50,00;
14:37:22;687;50,00;
14:37:24;683;50,00;
14:37:27;679;50,00;
14:37:30;677;50,00;
14:37:32;668;50,00;
14:37:34;674;50,00;
14:37:37;674;49,99;
14:37:40;675;49,99;
14:37:43;673;49,99;
14:37:46;675;49,99;
14:37:49;673;50,00;
14:37:52;671;50,00;
14:37:55;672;50,00;
14:37:58;669;50,00;
14:38:07;667;50,00;
14:38:10;664;50,00;
14:38:13;665;50,00;
14:38:19;666;49,99;
14:38:25;669;49,99;
14:38:28;671;49,99;
14:38:31;674;49,98;
14:38:34;676;49,98;
14:38:37;681;49,98;
14:38:40;673;49,98;
14:38:43;686;49,97;
14:38:46;691;49,98;
14:38:49;689;49,98;
14:38:52;693;49,98;
14:38:55;701;49,98;
14:38:58;707;49,98;
14:39:01;708;49,98;
14:39:04;709;49,98;
14:39:13;711;49,97;
14:39:16;705;49,97;
14:39:19;702;49,97;
14:39:22;701;49,97;
14:39:25;696;49,97;
14:39:28;695;49,97;
14:39:31;688;49,97;
14:39:34;686;49,97;
14:39:37;683;49,98;
14:39:40;682;49,98;
14:39:43;676;49,98;
14:39:46;675;49,98;
14:39:49;674;49,99;
14:39:56;670;49,98;
14:39:59;674;49,99;
14:40:02;674;50,00;
14:40:09;686;50,00;
14:40:12;685;50,01;
14:40:16;692;50,01;
14:40:19;695;50,01;
14:40:21;703;50,01;
14:40:23;707;50,01;
14:40:29;711;50,01;
14:40:32;715;50,01;
14:40:36;725;50,01;
14:40:39;727;50,01;
14:40:42;728;50,01;
14:40:45;735;50,01;
14:40:48;738;50,01;
14:40:51;749;50,01;
14:40:54;755;50,01;
14:40:57;760;50,01;
14:41:03;768;50,00;
14:41:06;770;50,00;
14:41:09;775;50,00;
14:41:12;778;50,00;
14:41:18;781;50,00;
14:41:21;782;50,00;
14:41:24;786;50,00;
14:41:27;790;50,00;
14:41:30;793;49,99;
14:41:33;794;49,99;
14:41:40;797;49,99;
14:41:43;797;50,00;
14:41:46;795;50,00;
14:41:49;801;49,99;
14:41:51;802;50,00;
14:41:53;806;50,00;
14:41:56;804;50,00;
14:41:59;808;50,00;
14:42:02;810;50,00;
14:42:05;809;50,00;
14:42:08;810;50,00;
14:42:11;809;50,00;
14:42:14;813;50,00;
14:42:17;814;50,00;
14:42:20;816;50,00;
14:42:23;822;49,99;
14:42:27;826;50,00;
14:42:30;829;50,00;
14:42:33;831;50,00;
14:42:36;843;50,00;
14:42:39;847;50,00;
14:42:42;854;50,00;
14:42:45;850;50,00;
14:42:48;868;50,00;
14:42:54;885;50,00;
14:42:57;882;50,00;
14:43:00;896;50,00;
14:43:03;901;50,00;
14:43:05;908;50,00;
14:43:08;905;50,00;
14:43:11;901;50,00;
14:43:14;920;50,00;
14:43:17;929;50,00;
14:43:20;923;50,00;
14:43:23;933;50,00;
14:43:26;919;49,99;
14:43:29;930;49,99;
14:43:32;928;49,98;
14:43:38;942;49,98;
14:43:41;937;49,98;
14:43:44;940;49,99;
14:43:47;948;50,00;
14:43:50;954;50,00;
14:43:53;949;50,00;
14:43:55;954;50,00;
14:43:57;951;50,00;
14:44:00;958;49,99;
14:44:03;959;50,00;
14:44:08;959;49,99;
14:44:11;951;50,00;
14:44:13;957;50,00;
14:44:15;958;50,01;
14:44:22;954;50,00;
14:44:24;941;50,00;
14:44:30;936;50,00;
14:44:32;916;50,00;
14:44:38;911;49,99;
14:44:40;908;49,98;
14:44:44;871;49,97;
14:44:49;862;49,98;
14:44:51;859;49,98;
14:44:53;844;49,98;
14:44:55;834;49,98;
14:44:58;829;49,97;
14:45:01;825;49,97;
14:45:05;821;49,97;
14:45:08;801;49,97;
14:45:11;789;49,97;
14:45:14;777;49,97;
14:45:18;784;49,97;
14:45:21;783;49,97;
14:45:25;780;49,97;
14:45:27;777;49,96;
14:45:30;784;49,96;
14:45:33;791;49,97;
14:45:35;793;49,97;
14:45:37;797;49,97;
14:45:40;789;49,97;
14:45:42;805;49,97;
14:45:44;808;49,97;
14:45:50;815;49,97;
14:45:54;820;49,98;
14:45:56;823;49,98;
14:45:58;819;49,98;
14:46:02;823;49,99;
14:46:05;823;50,00;
14:46:13;824;50,00;
14:46:15;826;50,00;
14:46:17;816;50,00;
14:46:20;824;50,00;
14:46:22;819;50,00;
14:46:24;816;50,00;
14:46:26;814;50,00;
14:46:28;801;50,00;
14:46:34;808;50,00;
14:46:36;802;49,99;
14:46:39;801;49,98;
14:46:42;785;49,98;
14:46:45;797;49,98;
14:46:47;796;49,98;
14:46:49;795;49,98;
14:46:55;785;49,98;
14:46:57;795;49,98;
14:46:59;793;49,98;
14:47:05;798;49,98;
14:47:08;810;49,98;
14:47:10;814;49,98;
14:47:13;816;49,98;
14:47:20;821;49,98;
14:47:22;841;49,97;
14:47:26;845;49,97;
14:47:28;858;49,97;
14:47:30;856;49,97;
14:47:33;870;49,97;
14:47:37;872;49,98;
14:47:41;874;49,98;
14:47:43;880;49,98;
14:47:45;887;49,98;
14:47:51;893;49,98;
14:47:53;905;49,98;
14:47:59;899;49,98;
14:48:03;906;49,97;
14:48:05;919;49,97;
14:48:08;918;49,97;
14:48:15;920;49,97;
14:48:17;930;49,98;
14:48:23;928;49,98;
14:48:36;937;49,97;
14:48:40;938;49,97;
14:48:42;946;49,97;
14:48:44;950;49,97;
14:48:46;955;49,97;
14:48:48;951;49,98;
14:48:50;961;49,97;
14:48:53;967;49,98;
14:48:56;973;49,98;
14:48:59;978;49,98;
14:49:03;980;49,98;
14:49:06;987;49,99;
14:49:13;988;49,99;
14:49:15;984;50,00;
14:49:22;983;50,00;
14:49:25;972;50,00;
14:49:27;963;50,00;
14:49:31;964;50,00;
14:49:37;952;49,99;
14:49:41;943;49,99;
14:49:45;941;49,99;
14:49:48;934;49,99;
14:49:51;931;49,99;
14:49:54;922;49,98;
14:49:56;923;49,98;
14:50:00;917;49,98;
14:50:04;902;49,98;
14:50:06;909;49,98;
14:50:08;914;49,98;
14:50:15;894;49,98;
14:50:17;906;49,98;
14:50:27;898;49,98;
14:50:31;915;49,98;
14:50:35;905;49,98;
14:50:37;921;49,98;
14:50:39;928;49,98;
14:50:42;946;49,97;
14:50:47;949;49,98;
14:50:51;942;49,98;
14:50:55;955;49,98;
14:50:59;962;49,98;
14:51:01;976;49,99;
14:51:02;972;49,99;
14:51:05;978;49,99;
14:51:06;988;49,99;
14:51:09;994;49,98;
14:51:13;995;49,98;
14:51:16;994;49,98;
14:51:18;1002;49,98;
14:51:25;1001;49,98;
14:51:28;987;49,98;
14:51:31;990;49,99;
14:51:32;969;49,99;
14:51:36;980;49,99;
14:51:38;973;49,99;
14:51:47;956;49,99;
14:51:49;943;49,99;
14:51:51;926;49,99;
14:51:54;929;49,98;
14:51:58;928;49,98;
14:52:01;921;49,98;
14:52:04;918;49,98;
14:52:07;910;49,98;
14:52:08;911;49,98;
14:52:12;909;49,98;
14:52:15;905;49,98;
14:52:17;897;49,98;
14:52:20;898;49,98;
14:52:23;896;49,99;
14:52:25;882;49,99;
14:52:28;881;50,00;
14:52:31;874;50,00;
14:52:34;869;50,00;
14:52:35;859;49,99;
14:52:40;852;49,98;
14:52:44;851;49,98;
14:52:47;848;49,98;
14:52:50;843;49,98;
14:52:51;846;49,98;
14:52:59;853;49,98;
14:53:02;853;49,99;
14:53:05;863;49,99;
14:53:12;867;49,99;
14:53:15;886;50,00;
14:53:16;887;50,00;
14:53:20;895;50,00;
14:53:23;899;50,00;
14:53:26;904;50,00;
14:53:30;907;50,00;
14:53:33;899;50,00;
14:53:36;905;49,99;
14:53:39;916;49,99;
14:53:41;896;49,99;
14:53:44;914;49,99;
14:53:47;908;49,99;
14:53:49;919;49,98;
14:53:53;923;49,98;
14:54:00;927;49,97;
14:54:01;948;49,97;
14:54:10;950;49,97;
14:54:13;962;49,98;
14:54:16;968;49,98;
14:54:20;975;49,98;
14:54:23;990;49,98;
14:54:26;1009;49,98;
14:54:28;1012;49,98;
14:54:34;1022;49,98;
14:54:38;1025;49,98;
14:54:42;1034;49,99;
14:54:45;1024;49,99;
14:54:48;1039;49,99;
14:54:51;1042;49,99;
14:54:52;1041;50,00;
14:54:56;1032;50,00;
14:55:00;1043;50,00;
14:55:03;1049;50,00;
14:55:05;1045;50,00;
14:55:08;1032;50,00;
14:55:11;1036;49,99;
14:55:15;1031;49,98;
14:55:18;1025;49,98;
14:55:21;1010;49,99;
14:55:22;1012;49,99;
14:55:25;1010;49,99;
14:55:28;999;49,99;
14:55:31;994;49,99;
14:55:32;984;49,99;
14:55:38;979;49,98;
14:55:41;967;49,98;
14:55:42;960;49,98;
14:55:49;947;49,98;
14:55:53;942;49,99;
14:55:56;933;49,99;
14:55:57;938;49,99;
14:56:00;938;50,00;
14:56:01;943;50,00;
14:56:07;938;50,00;
14:56:11;935;50,00;
14:56:14;936;49,99;
14:56:17;940;50,00;
14:56:21;932;50,00;
14:56:24;940;50,00;
14:56:27;942;50,00;
14:56:31;943;50,00;
14:56:34;935;49,99;
14:56:38;945;49,99;
14:56:42;944;50,00;
14:56:45;937;50,00;
14:56:48;940;50,00;
14:56:51;945;49,99;
14:56:52;951;49,99;
14:56:59;952;49,99;
14:57:02;962;49,99;
14:57:03;964;49,99;
14:57:06;972;49,99;
14:57:09;972;49,98;
14:57:13;982;49,98;
14:57:16;1016;49,98;
14:57:19;1029;49,98;
14:57:23;1047;49,98;
14:57:26;1078;49,98;
14:57:29;1091;49,98;
14:57:33;1104;49,98;
14:57:36;1139;49,99;
14:57:39;1149;49,98;
14:57:43;1167;49,99;
14:57:46;1185;49,99;
14:57:49;1193;50,00;
14:57:53;1200;50,00;
14:57:56;1206;50,00;
14:57:59;1212;50,00;
14:58:09;1209;50,00;
14:58:13;1208;50,00;
14:58:19;1205;50,00;
14:58:23;1210;50,00;
14:58:26;1219;50,00;
14:58:29;1220;49,99;
14:58:33;1230;49,99;
14:58:36;1235;49,98;
14:58:42;1241;49,99;
14:58:46;1237;49,99;
14:58:49;1237;50,00;
14:58:51;1223;50,00;
14:58:57;1217;50,00;
14:59:01;1206;50,00;
14:59:04;1193;50,00;
14:59:07;1162;50,00;
14:59:11;1129;50,00;
14:59:14;1107;50,00;
14:59:17;1074;50,00;
14:59:21;1045;50,00;
14:59:27;994;50,00;
14:59:31;983;50,01;
14:59:34;964;50,01;
14:59:37;933;50,01;
14:59:41;926;50,01;
14:59:44;928;50,01;
14:59:47;922;50,01;
14:59:51;909;50,01;
14:59:54;910;50,01;
14:59:57;915;50,01;
15:00:00;920;50,01;
15:00:03;928;50,01;
15:00:06;933;50,01;
15:00:09;943;50,01;
15:00:12;953;50,00;
15:00:15;975;50,00;
15:00:18;990;50,00;
15:00:21;1005;50,00;
15:00:22;1013;50,00;
15:00:25;1016;50,00;
15:00:28;1034;50,00;
15:00:31;1042;50,00;
15:00:32;1062;50,00;
15:00:35;1069;50,00;
15:00:38;1073;50,00;
15:00:41;1098;50,00;
15:00:42;1112;50,00;
15:00:45;1119;50,00;
15:00:48;1129;50,00;
15:00:51;1132;50,00;
15:00:52;1148;50,00;
15:00:55;1159;49,99;
15:00:58;1173;50,00;
15:01:01;1194;49,99;
15:01:02;1200;49,99;
15:01:05;1205;49,99;
15:01:08;1204;49,98;
15:01:11;1211;49,99;
15:01:15;1210;49,99;
15:01:18;1206;49,99;
15:01:21;1192;49,99;
15:01:22;1186;49,99;
15:01:25;1178;49,99;
15:01:28;1167;49,99;
15:01:31;1142;49,99;
15:01:32;1135;49,99;
15:01:38;1124;49,99;
15:01:41;1086;49,98;
15:01:42;1068;49,98;
15:01:46;1059;49,97;
15:01:49;1036;49,97;
15:01:53;1021;49,97;
15:01:56;1004;49,98;
15:01:59;987;49,98;
15:02:02;963;49,98;
15:02:05;956;49,98;
15:02:08;953;49,99;
15:02:11;934;49,99;
15:02:12;920;49,99;
15:02:15;917;49,99;
15:02:18;916;49,99;
15:02:21;914;49,99;
15:02:22;907;49,98;
15:02:25;906;49,98;
15:02:28;902;49,98;
15:02:31;900;49,97;
15:02:32;890;49,97;
15:02:35;896;49,97;
15:02:38;897;49,97;
15:02:41;894;49,97;
15:02:42;897;49,97;
15:02:45;892;49,97;
15:02:48;903;49,97;
15:02:51;908;49,97;
15:02:52;914;49,97;
15:02:55;920;49,97;
15:02:58;919;49,97;
15:03:01;936;49,98;
15:03:05;938;49,98;
15:03:08;952;49,98;
15:03:11;963;49,98;
15:03:14;968;49,98;
15:03:17;977;49,98;
15:03:20;979;49,98;
15:03:23;985;49,99;
15:03:29;986;49,99;
15:03:32;987;49,99;
15:03:35;992;49,99;
15:03:38;997;49,99;
15:03:41;999;49,99;
15:03:45;992;49,99;
15:03:51;986;49,98;
15:03:54;989;49,98;
15:03:57;1005;49,98;
15:04:00;998;49,98;
15:04:03;996;49,97;
15:04:06;1004;49,97;
15:04:09;1006;49,96;
15:04:13;1013;49,96;
15:04:16;1013;49,97;
15:04:19;1021;49,97;
15:04:22;1021;49,98;
15:04:25;1018;49,98;
15:04:28;1016;49,98;
15:04:31;1008;49,98;
15:04:34;1013;49,98;
15:04:37;1014;49,97;
15:04:40;1005;49,96;
15:04:43;999;49,96;
15:04:46;1005;49,96;
15:04:49;1011;49,96;
15:04:52;1003;49,97;
15:04:58;1021;49,98;
15:05:01;1019;49,98;
15:05:04;1022;49,98;
15:05:07;1034;49,98;
15:05:10;1053;49,97;
15:05:13;1051;49,97;
15:05:16;1056;49,98;
15:05:19;1055;49,98;
15:05:22;1075;49,97;
15:05:25;1078;49,97;
15:05:28;1091;49,97;
15:05:31;1088;49,97;
15:05:34;1105;49,96;
15:05:37;1116;49,97;
15:05:40;1117;49,97;
15:05:43;1120;49,98;
15:05:46;1138;49,98;
15:05:49;1143;49,98;
15:05:52;1152;49,99;
15:05:55;1148;50,00;
15:05:58;1163;50,00;
15:06:04;1171;50,00;
15:06:07;1166;50,00;
15:06:10;1176;49,99;
15:06:13;1180;49,99;
15:06:16;1185;49,99;
15:06:19;1182;49,98;
15:06:22;1189;49,98;
15:06:25;1188;49,98;
15:06:28;1195;49,97;
15:06:31;1198;49,97;
15:06:34;1202;49,96;
15:06:37;1204;49,96;
15:06:40;1208;49,96;
15:06:43;1201;49,96;
15:06:46;1207;49,97;
15:06:49;1200;49,97;
15:06:52;1205;49,97;
15:06:55;1197;49,97;
15:06:58;1205;49,97;
15:07:01;1197;49,97;
15:07:04;1206;49,97;
15:07:10;1205;49,98;
15:07:13;1197;49,98;
15:07:16;1202;49,99;
15:07:19;1205;49,99;
15:07:22;1200;49,99;
15:07:25;1194;49,99;
15:07:31;1193;49,98;
15:07:34;1186;49,98;
15:07:37;1185;49,98;
15:07:40;1178;49,98;
15:07:43;1177;49,98;
15:07:46;1168;49,98;
15:07:49;1165;49,99;
15:07:52;1157;49,99;
15:07:55;1153;50,00;
15:07:58;1144;50,00;
15:08:04;1137;50,00;
15:08:07;1132;50,00;
15:08:10;1124;49,99;
15:08:16;1112;50,00;
15:08:19;1108;50,00;
15:08:22;1101;49,99;
15:08:25;1099;49,99;
15:08:28;1093;49,98;
15:08:31;1088;49,98;
15:08:34;1076;49,98;
15:08:37;1081;49,97;
15:08:40;1068;49,98;
15:08:43;1065;49,98;
15:08:46;1054;49,98;
15:08:49;1050;49,98;
15:08:52;1038;49,99;
15:08:55;1032;49,98;
15:09:01;1018;49,99;
15:09:04;1016;49,98;
15:09:07;1004;49,98;
15:09:10;987;49,98;
15:09:13;992;49,98;
15:09:16;993;49,98;
15:09:19;985;49,98;
15:09:22;984;49,98;
15:09:25;978;49,98;
15:09:31;976;49,99;
15:09:34;971;49,99;
15:09:37;978;49,99;
15:09:40;971;49,99;
15:09:43;974;49,99;
15:09:46;969;50,00;
15:09:49;973;49,99;
15:09:52;966;49,99;
15:09:55;971;49,98;
15:09:58;967;49,98;
15:10:01;969;49,97;
15:10:07;961;49,97;
15:10:10;957;49,97;
15:10:13;953;49,97;
15:10:16;943;49,97;
15:10:19;949;49,97;
15:10:22;948;49,97;
15:10:25;942;49,97;
15:10:28;946;49,98;
15:10:31;944;49,98;
15:10:34;945;49,98;
15:10:40;947;49,98;
15:10:43;945;49,98;
15:10:49;945;49,97;
15:10:52;949;49,97;
15:10:55;953;49,96;
15:10:58;954;49,97;
15:11:01;957;49,97;
15:11:04;956;49,97;
15:11:07;955;49,96;
15:11:13;952;49,96;
15:11:16;951;49,96;
15:11:19;947;49,97;
15:11:22;944;49,98;
15:11:25;938;49,98;
15:11:28;933;49,98;
15:11:31;922;49,98;
15:11:34;926;49,98;
15:11:37;913;49,97;
15:11:40;910;49,97;
15:11:43;899;49,97;
15:11:46;897;49,96;
15:11:49;891;49,97;
15:11:52;887;49,97;
15:11:55;876;49,98;
15:11:58;880;49,98;
15:12:01;875;49,99;
15:12:04;874;49,99;
15:12:07;869;49,98;
15:12:10;874;49,98;
15:12:19;882;49,99;
15:12:22;889;49,98;
15:12:25;896;49,98;
15:12:28;903;49,98;
15:12:31;909;49,98;
15:12:34;920;49,97;
15:12:37;928;49,97;
15:12:40;939;49,97;
15:12:43;957;49,97;
15:12:46;969;49,96;
15:12:49;989;49,96;
15:12:52;1001;49,96;
15:12:55;1018;49,97;
15:12:58;1034;49,97;
15:13:01;1040;49,97;
15:13:04;1061;49,98;
15:13:07;1081;49,98;
15:13:10;1093;49,98;
15:13:13;1101;49,98;
15:13:16;1112;49,97;
15:13:19;1121;49,97;
15:13:25;1116;49,97;
15:13:28;1122;49,98;
15:13:31;1121;49,98;
15:13:34;1115;49,99;
15:13:37;1114;49,99;
15:13:40;1112;49,99;
15:13:43;1113;49,98;
15:13:46;1111;49,99;
15:13:49;1117;49,98;
15:13:52;1123;49,98;
15:13:55;1124;49,99;
15:13:58;1131;49,98;
15:14:01;1138;49,98;
15:14:04;1147;49,98;
15:14:10;1169;49,97;
15:14:13;1171;49,97;
15:14:16;1187;49,98;
15:14:19;1203;49,98;
15:14:22;1232;49,98;
15:14:25;1251;49,98;
15:14:28;1264;49,98;
15:14:31;1276;49,98;
15:14:34;1310;49,99;
15:14:37;1319;49,99;
15:14:40;1337;50,00;
15:14:43;1344;50,00;
15:14:46;1354;50,00;
15:14:49;1358;50,00;
15:14:52;1353;49,99;
15:14:55;1365;49,98;
15:15:01;1360;49,98;
15:15:04;1353;49,98;
15:15:07;1348;49,98;
15:15:10;1333;49,97;
15:15:16;1323;49,96;
15:15:19;1326;49,96;
15:15:22;1324;49,96;
15:15:28;1319;49,96;
15:15:31;1327;49,96;
15:15:34;1324;49,95;
15:15:37;1328;49,95;
15:15:40;1336;49,96;
15:15:43;1339;49,96;
15:15:49;1347;49,96;
15:15:52;1349;49,96;
15:15:55;1353;49,97;
15:15:58;1354;49,97;
15:16:01;1355;49,98;
15:16:04;1353;49,97;
15:16:07;1354;49,96;
15:16:10;1345;49,96;
15:16:13;1347;49,96;
15:16:16;1332;49,96;
15:16:22;1317;49,97;
15:16:25;1315;49,96;
15:16:28;1298;49,97;
15:16:31;1295;49,97;
15:16:34;1281;49,97;
15:16:37;1278;49,97;
15:16:40;1272;49,97;
15:16:43;1265;49,97;
15:16:46;1244;49,97;
15:16:52;1225;49,97;
15:16:55;1222;49,97;
15:16:58;1204;49,97;
15:17:01;1203;49,97;
15:17:04;1198;49,96;
15:17:07;1185;49,97;
15:17:10;1172;49,96;
15:17:13;1165;49,96;
15:17:16;1154;49,96;
15:17:19;1157;49,96;
15:17:22;1148;49,96;
15:17:28;1124;49,97;
15:17:34;1120;49,97;
15:17:37;1115;49,97;
15:17:40;1113;49,97;
15:17:43;1108;49,97;
15:17:46;1115;49,97;
15:17:49;1117;49,97;
15:17:52;1130;49,96;
15:17:55;1133;49,97;
15:17:58;1155;49,97;
15:18:01;1168;49,97;
15:18:04;1192;49,98;
15:18:07;1200;49,98;
15:18:13;1248;49,98;
15:18:16;1263;49,98;
15:18:19;1290;49,98;
15:18:22;1305;49,98;
15:18:25;1325;49,98;
15:18:28;1342;49,98;
15:18:31;1350;49,98;
15:18:34;1354;49,97;
15:18:37;1363;49,96;
15:18:40;1367;49,96;
15:18:43;1355;49,96;
15:18:46;1350;49,96;
15:18:49;1327;49,97;
15:18:52;1322;49,97;
15:18:55;1308;49,98;
15:18:58;1287;49,98;
15:19:01;1267;49,98;
15:19:04;1260;49,98;
15:19:07;1238;49,98;
15:19:10;1236;49,99;
15:19:13;1225;49,99;
15:19:19;1200;50,00;
15:19:22;1206;50,00;
15:19:25;1197;50,00;
15:19:28;1192;50,00;
15:19:31;1182;50,00;
15:19:37;1180;50,00;
15:19:40;1176;50,00;
15:19:43;1161;50,00;
15:19:52;1159;50,00;
15:19:55;1154;50,00;
15:19:58;1159;50,00;
15:20:01;1163;50,00;
15:20:04;1171;50,00;
15:20:07;1174;49,99;
15:20:10;1186;49,99;
15:20:13;1185;49,99;
15:20:16;1205;49,99;
15:20:19;1209;49,99;
15:20:25;1217;49,99;
15:20:28;1211;49,99;
15:20:31;1202;49,99;
15:20:34;1206;49,99;
15:20:37;1185;49,98;
15:20:40;1182;49,98;
15:20:43;1171;49,98;
15:20:46;1164;49,98;
15:20:49;1133;49,97;
15:20:52;1127;49,97;
15:20:55;1108;49,98;
15:20:58;1096;49,98;
15:21:01;1090;49,98;
15:21:04;1084;49,97;
15:21:07;1075;49,98;
15:21:10;1056;49,97;
15:21:13;1048;49,97;
15:21:16;1047;49,97;
15:21:19;1031;49,98;
15:21:22;1017;49,98;
15:21:25;1016;49,98;
15:21:31;1011;49,98;
15:21:34;1003;49,98;
15:21:37;1008;49,98;
15:21:40;1006;49,99;
15:21:43;1012;49,99;
15:21:46;1005;49,99;
15:21:49;1012;49,98;
15:21:52;1013;49,98;
15:21:55;1014;49,98;
15:21:58;1005;49,98;
15:22:01;1014;49,98;
15:22:04;1017;49,99;
15:22:07;1006;49,99;
15:22:10;995;49,99;
15:22:13;1000;49,99;
15:22:16;996;50,00;
15:22:19;991;49,99;
15:22:22;979;50,00;
15:22:25;984;50,00;
15:22:28;988;50,00;
15:22:31;980;50,00;
15:22:37;972;50,00;
15:22:40;974;50,00;
15:22:43;971;50,00;
15:22:46;968;50,00;
15:22:49;961;50,00;
15:22:52;950;50,00;
15:22:55;935;50,00;
15:22:58;933;50,00;
15:23:01;921;50,00;
15:23:04;903;49,99;
15:23:07;888;49,99;
15:23:10;887;49,98;
15:23:16;880;49,98;
15:23:22;880;49,99;
15:23:25;885;49,99;
15:23:28;884;49,99;
15:23:31;877;49,99;
15:23:34;883;49,99;
15:23:37;884;49,98;
15:23:40;878;49,98;
15:23:43;876;49,98;
15:23:46;864;49,98;
15:23:49;843;49,98;
15:23:52;848;49,99;
15:23:55;834;49,99;
15:23:58;829;49,99;
15:24:01;822;49,99;
15:24:04;811;49,99;
15:24:07;786;49,99;
15:24:10;791;49,98;
15:24:13;779;49,98;
15:24:16;766;49,98;
15:24:19;758;49,98;
15:24:22;748;49,98;
15:24:28;730;49,98;
15:24:31;726;49,98;
15:24:34;716;49,97;
15:24:37;706;49,97;
15:24:40;705;49,97;
15:24:43;706;49,97;
15:24:46;707;49,98;
15:24:49;706;49,98;
15:24:52;711;49,98;
15:24:55;707;49,98;
15:24:58;712;49,97;
15:25:01;709;49,97;
15:25:04;711;49,97;
15:25:07;704;49,97;
15:25:10;707;49,97;
15:25:13;697;49,98;
15:25:19;698;49,98;
15:25:22;692;49,98;
15:25:25;691;49,99;
15:25:28;685;50,00;
15:25:34;672;49,99;
15:25:37;669;49,99;
15:25:40;658;49,99;
15:25:43;652;49,99;
15:25:46;646;49,99;
15:25:49;640;49,99;
15:25:52;639;49,99;
15:25:55;633;50,00;
15:25:58;618;49,99;
15:26:01;614;49,99;
15:26:04;604;49,99;
15:26:07;597;49,99;
15:26:10;588;49,99;
15:26:13;582;49,99;
15:26:16;577;49,99;
15:26:19;567;49,99;
15:26:22;557;49,98;
15:26:25;553;49,99;
15:26:28;539;49,98;
15:26:31;535;49,98;
15:26:34;529;49,98;
15:26:40;519;49,97;
15:26:46;515;49,98;
15:26:49;513;49,98;
15:26:52;510;49,98;
15:26:58;503;49,98;
15:27:01;507;49,98;
15:27:04;506;49,98;
15:27:07;510;49,98;
15:27:10;502;49,98;
15:27:13;509;49,98;
15:27:16;508;49,97;
15:27:25;516;49,97;
15:27:28;512;49,97;
15:27:31;514;49,97;
15:27:34;510;49,97;
15:27:37;522;49,97;
15:27:40;525;49,97;
15:27:43;522;49,96;
15:27:46;529;49,96;
15:27:49;539;49,97;
15:27:52;544;49,97;
15:27:55;539;49,98;
15:27:58;557;49,98;
15:28:01;570;49,98;
15:28:04;577;49,98;
15:28:07;579;49,98;
15:28:10;588;49,99;
15:28:13;593;49,98;
15:28:16;594;49,98;
15:28:19;599;49,97;
15:28:25;600;49,97;
15:28:31;595;49,97;
15:28:34;594;49,96;
15:28:37;584;49,96;
15:28:40;581;49,96;
15:28:43;549;49,97;
15:28:46;558;49,97;
15:28:49;553;49,98;
15:28:52;556;49,98;
15:28:55;541;49,97;
15:28:58;540;49,97;
15:29:01;532;49,97;
15:29:04;534;49,96;
15:29:07;531;49,97;
15:29:10;528;49,97;
15:29:13;519;49,97;
15:29:16;521;49,97;
15:29:19;522;49,96;
15:29:22;524;49,96;
15:29:25;523;49,96;
15:29:28;522;49,96;
15:29:31;524;49,96;
15:29:37;532;49,97;
15:29:40;537;49,97;
15:29:43;543;49,97;
15:29:46;547;49,97;
15:29:49;548;49,97;
15:29:52;553;49,97;
15:29:55;548;49,97;
15:29:58;552;49,97;
15:30:01;554;49,98;
15:30:04;555;49,98;
15:30:07;548;49,98;
15:30:10;547;49,98;
15:30:13;530;49,97;
15:30:16;536;49,98;
15:30:19;532;49,97;
15:30:22;530;49,96;
15:30:25;520;49,96;
15:30:28;521;49,96;
15:30:31;518;49,96;
15:30:34;520;49,96;
15:30:37;516;49,96;
15:30:43;524;49,96;
15:30:46;532;49,96;
15:30:49;541;49,96;
15:30:52;552;49,95;
15:30:55;570;49,95;
15:30:58;578;49,96;
15:31:01;588;49,95;
15:31:04;591;49,96;
15:31:07;618;49,96;
15:31:10;632;49,96;
15:31:13;655;49,96;
15:31:16;664;49,96;
15:31:19;681;49,97;
15:31:22;692;49,97;
15:31:25;702;49,97;
15:31:28;723;49,96;
15:31:31;744;49,96;
15:31:34;752;49,95;
15:31:37;762;49,95;
15:31:40;776;49,96;
15:31:43;782;49,95;
15:31:49;786;49,95;
15:31:52;796;49,95;
15:31:55;794;49,95;
15:31:58;789;49,95;
15:32:01;788;49,96;
15:32:04;783;49,96;
15:32:07;776;49,96;
15:32:10;768;49,96;
15:32:13;759;49,96;
15:32:16;747;49,96;
15:32:19;740;49,96;
15:32:22;733;49,96;
15:32:25;729;49,96;
15:32:28;718;49,96;
15:32:34;710;49,96;
15:32:37;712;49,95;
15:32:40;710;49,95;
15:32:43;697;49,95;
15:32:46;714;49,96;
15:32:49;721;49,96;
15:32:52;719;49,96;
15:32:58;732;49,98;
15:33:01;733;49,98;
15:33:04;737;49,98;
15:33:07;725;49,98;
15:33:10;738;49,97;
15:33:13;744;49,97;
15:33:16;749;49,97;
15:33:19;752;49,96;
15:33:22;748;49,96;
15:33:25;756;49,96;
15:33:28;759;49,96;
15:33:31;758;49,97;
15:33:34;751;49,96;
15:33:40;756;49,96;
15:33:43;757;49,96;
15:33:46;754;49,96;
15:33:49;755;49,97;
15:33:52;758;49,97;
15:33:55;760;49,97;
15:33:58;762;49,97;
15:34:01;763;49,97;
15:34:04;784;49,97;
15:34:07;790;49,96;
15:34:10;796;49,96;
15:34:13;811;49,97;
15:34:16;823;49,97;
15:34:19;832;49,97;
15:34:22;838;49,97;
15:34:25;848;49,97;
15:34:28;855;49,97;
15:34:31;859;49,97;
15:34:34;862;49,97;
15:34:37;865;49,97;
15:34:46;853;49,97;
15:34:49;850;49,97;
15:34:52;835;49,97;
15:34:55;831;49,97;
15:34:58;812;49,97;
15:35:01;808;49,97;
15:35:04;797;49,96;
15:35:07;784;49,96;
15:35:10;758;49,96;
15:35:13;754;49,96;
15:35:16;740;49,97;
15:35:19;735;49,96;
15:35:22;716;49,97;
15:35:25;713;49,97;
15:35:28;710;49,97;
15:35:31;698;49,97;
15:35:34;689;49,96;
15:35:37;697;49,96;
15:35:43;696;49,96;
15:35:46;699;49,97;
15:35:52;718;49,98;
15:35:55;721;49,98;
15:35:58;735;49,98;
15:36:01;740;49,98;
15:36:04;754;49,98;
15:36:07;764;49,98;
15:36:10;774;49,98;
15:36:13;780;49,98;
15:36:16;801;49,98;
15:36:19;815;49,98;
15:36:22;824;49,98;
15:36:25;838;49,98;
15:36:28;848;49,98;
15:36:31;858;49,98;
15:36:37;872;49,97;
15:36:40;882;49,98;
15:36:43;884;49,97;
15:36:46;883;49,97;
15:36:49;874;49,97;
15:36:52;887;49,97;
15:36:58;889;49,97;
15:37:01;873;49,97;
15:37:04;872;49,96;
15:37:07;887;49,96;
15:37:10;894;49,97;
15:37:13;887;49,97;
15:37:16;894;49,98;
15:37:19;908;49,98;
15:37:22;922;49,98;
15:37:25;924;49,98;
15:37:28;945;49,98;
15:37:31;965;49,98;
15:37:34;977;49,98;
15:37:37;1001;49,98;
15:37:43;1045;49,98;
15:37:46;1066;49,98;
15:37:49;1104;49,97;
15:37:52;1114;49,96;
15:37:55;1138;49,97;
15:37:58;1151;49,97;
15:38:01;1167;49,98;
15:38:04;1176;49,98;
15:38:07;1205;49,98;
15:38:10;1210;49,98;
15:38:13;1234;49,98;
15:38:16;1239;49,98;
15:38:19;1274;49,98;
15:38:22;1292;49,98;
15:38:25;1303;49,97;
15:38:28;1328;49,97;
15:38:31;1368;49,96;
15:38:34;1384;49,97;
15:38:37;1417;49,96;
15:38:40;1430;49,96;
15:38:43;1472;49,97;
15:38:49;1525;49,98;
15:38:52;1538;49,98;
15:38:55;1563;49,98;
15:38:58;1567;49,98;
15:39:01;1578;49,99;
15:39:04;1570;49,99;
15:39:07;1564;49,99;
15:39:10;1550;49,98;
15:39:13;1497;49,99;
15:39:16;1480;50,00;
15:39:19;1433;50,00;
15:39:22;1404;50,00;
15:39:25;1352;49,99;
15:39:28;1319;49,99;
15:39:31;1300;49,98;
15:39:34;1258;49,98;
15:39:37;1212;49,98;
15:39:40;1186;49,98;
15:39:43;1169;49,98;
15:39:46;1168;49,98;
15:39:49;1153;49,98;
15:39:55;1151;49,98;
15:39:58;1139;49,98;
15:40:01;1157;49,98;
15:40:04;1161;49,98;
15:40:07;1163;49,98;
15:40:10;1157;49,98;
15:40:13;1169;49,98;
15:40:16;1171;49,97;
15:40:19;1175;49,96;
15:40:22;1164;49,96;
15:40:25;1176;49,97;
15:40:31;1181;49,96;
15:40:34;1171;49,96;
15:40:37;1175;49,96;
15:40:40;1187;49,96;
15:40:43;1186;49,96;
15:40:46;1175;49,96;
15:40:49;1178;49,96;
15:40:52;1179;49,96;
15:40:55;1169;49,97;
15:40:58;1165;49,97;
15:41:01;1156;49,97;
15:41:04;1145;49,96;
15:41:07;1141;49,96;
15:41:10;1118;49,96;
15:41:13;1097;49,96;
15:41:16;1087;49,96;
15:41:19;1085;49,96;
15:41:22;1067;49,96;
15:41:25;1035;49,96;
15:41:28;1036;49,96;
15:41:34;1028;49,96;
15:41:37;1015;49,96;
15:41:40;1010;49,96;
15:41:46;1004;49,97;
15:41:49;997;49,97;
15:41:52;1006;49,98;
15:41:55;993;49,98;
15:41:58;1013;49,97;
15:42:01;1014;49,98;
15:42:04;1024;49,98;
15:42:07;1030;49,98;
15:42:10;1052;49,98;
15:42:13;1054;49,98;
15:42:16;1078;49,98;
15:42:19;1076;49,98;
15:42:22;1104;49,98;
15:42:25;1107;49,99;
15:42:28;1123;49,99;
15:42:31;1136;49,99;
15:42:34;1160;49,98;
15:42:37;1154;49,97;
15:42:40;1184;49,96;
15:42:43;1195;49,96;
15:42:46;1207;49,97;
15:42:52;1224;49,98;
15:42:55;1230;49,98;
15:42:58;1235;49,98;
15:43:01;1234;49,98;
15:43:04;1243;49,98;
15:43:07;1248;49,98;
15:43:10;1250;49,98;
15:43:13;1248;49,98;
15:43:19;1249;49,97;
15:43:25;1245;49,97;
15:43:28;1241;49,97;
15:43:31;1236;49,97;
15:43:34;1233;49,97;
15:43:37;1219;49,97;
15:43:40;1204;49,97;
15:43:43;1196;49,97;
15:43:46;1176;49,97;
15:43:49;1167;49,98;
15:43:52;1146;49,97;
15:43:58;1108;49,97;
15:44:01;1091;49,97;
15:44:04;1079;49,97;
15:44:07;1070;49,97;
15:44:10;1058;49,97;
15:44:13;1061;49,96;
15:44:16;1057;49,97;
15:44:19;1055;49,97;
15:44:22;1053;49,98;
15:44:25;1056;49,97;
15:44:28;1064;49,98;
15:44:31;1070;49,98;
15:44:34;1081;49,99;
15:44:37;1088;49,99;
15:44:40;1094;49,99;
15:44:43;1109;49,99;
15:44:46;1124;49,99;
15:44:49;1132;49,98;
15:44:52;1141;49,99;
15:44:55;1146;49,99;
15:44:58;1147;49,99;
15:45:04;1155;50,00;
15:45:07;1153;50,00;
15:45:10;1134;50,00;
15:45:13;1144;50,00;
15:45:16;1136;50,00;
15:45:19;1130;50,00;
15:45:22;1114;50,00;
15:45:25;1116;50,00;
15:45:28;1083;49,99;
15:45:31;1104;49,98;
15:45:34;1091;49,98;
15:45:37;1098;49,97;
15:45:40;1097;49,97;
15:45:49;1094;49,98;
15:45:52;1093;49,98;
15:45:55;1084;49,98;
15:45:58;1073;49,98;
15:46:01;1069;49,97;
15:46:04;1060;49,97;
15:46:07;1059;49,98;
15:46:10;1048;49,98;
15:46:13;1040;49,98;
15:46:16;1037;49,98;
15:46:19;1029;49,97;
15:46:22;1026;49,97;
15:46:25;1019;49,98;
15:46:28;1017;49,98;
15:46:31;1011;49,98;
15:46:34;1006;49,98;
15:46:37;1000;49,98;
15:46:40;999;49,98;
15:46:43;998;49,98;
15:46:46;996;49,98;
15:46:49;1000;49,97;
15:46:55;996;49,97;
15:47:01;989;49,97;
15:47:04;985;49,97;
15:47:07;975;49,97;
15:47:10;976;49,97;
15:47:13;969;49,97;
15:47:16;967;49,97;
15:47:19;955;49,97;
15:47:22;958;49,97;
15:47:25;955;49,98;
15:47:28;954;49,98;
15:47:31;953;49,98;
15:47:34;955;49,99;
15:47:37;953;49,99;
15:47:40;957;49,98;
15:47:43;963;49,98;
15:47:46;964;49,98;
15:47:49;962;49,99;
15:47:52;967;49,99;
15:47:55;968;49,99;
15:48:01;956;49,99;
15:48:04;958;49,99;
15:48:07;948;49,99;
15:48:10;942;50,00;
15:48:13;922;49,99;
15:48:16;912;49,99;
15:48:19;902;49,99;
15:48:22;886;49,99;
15:48:25;853;50,00;
15:48:28;842;50,00;
15:48:31;818;49,99;
15:48:34;805;49,98;
15:48:37;772;49,98;
15:48:40;767;49,98;
15:48:43;754;49,98;
15:48:46;737;49,98;
15:48:49;714;49,98;
15:48:52;712;49,99;
15:48:55;693;50,00;
15:48:58;690;50,00;
15:49:01;672;50,00;
15:49:07;654;49,98;
15:49:10;652;49,98;
15:49:13;640;49,98;
15:49:16;636;49,97;
15:49:19;619;49,97;
15:49:22;621;49,97;
15:49:25;619;49,98;
15:49:28;616;49,98;
15:49:31;599;49,98;
15:49:34;603;49,98;
15:49:40;597;49,98;
15:49:43;600;49,98;
15:49:46;601;49,98;
15:49:52;605;49,98;
15:49:55;608;49,99;
15:49:58;612;49,99;
15:50:01;615;49,99;
15:50:04;625;50,00;
15:50:07;626;50,00;
15:50:10;629;50,00;
15:50:13;638;49,99;
15:50:16;650;49,99;
15:50:19;654;49,99;
15:50:22;663;49,98;
15:50:25;671;49,98;
15:50:28;681;49,98;
15:50:31;685;49,97;
15:50:34;682;49,97;
15:50:37;688;49,97;
15:50:46;681;49,97;
15:50:49;684;49,97;
15:50:52;670;49,98;
15:50:58;655;49,97;
15:51:01;651;49,97;
15:51:04;633;49,96;
15:51:07;628;49,96;
15:51:10;615;49,96;
15:51:13;610;49,96;
15:51:16;603;49,96;
15:51:19;601;49,96;
15:51:22;584;49,96;
15:51:25;581;49,96;
15:51:28;572;49,97;
15:51:31;572;49,96;
15:51:34;571;49,97;
15:51:37;566;49,97;
15:51:43;564;49,97;
15:51:46;568;49,96;
15:51:49;572;49,96;
15:51:52;568;49,96;
15:51:55;574;49,96;
15:51:58;580;49,96;
15:52:04;579;49,97;
15:52:07;581;49,97;
15:52:10;575;49,96;
15:52:13;579;49,96;
15:52:16;577;49,96;
15:52:19;579;49,96;
15:52:22;581;49,96;
15:52:25;574;49,96;
15:52:28;576;49,97;
15:52:31;582;49,97;
15:52:34;579;49,97;
15:52:37;578;49,97;
15:52:40;580;49,97;
15:52:43;582;49,97;
15:52:46;584;49,97;
15:52:49;582;49,98;
15:52:52;584;49,98;
15:52:55;582;49,98;
15:52:58;579;49,97;
15:53:01;584;49,97;
15:53:04;582;49,97;
15:53:10;573;49,97;
15:53:13;568;49,97;
15:53:16;566;49,97;
15:53:19;561;49,97;
15:53:22;564;49,97;
15:53:25;562;49,97;
15:53:28;557;49,96;
15:53:31;553;49,96;
15:53:34;545;49,96;
15:53:37;542;49,96;
15:53:40;539;49,96;
15:53:46;522;49,96;
15:53:49;527;49,96;
15:53:52;528;49,96;
15:53:55;520;49,96;
15:53:58;517;49,96;
15:54:01;509;49,96;
15:54:04;503;49,96;
15:54:07;506;49,96;
15:54:10;495;49,96;
15:54:16;493;49,96;
15:54:19;491;49,96;
15:54:22;484;49,96;
15:54:25;473;49,96;
15:54:28;476;49,96;
15:54:31;470;49,95;
15:54:34;465;49,96;
15:54:37;466;49,96;
15:54:40;460;49,96;
15:54:43;452;49,96;
15:54:46;450;49,96;
15:54:49;435;49,96;
15:54:52;438;49,97;
15:54:55;437;49,97;
15:55:01;421;49,98;
15:55:04;425;49,98;
15:55:07;417;49,98;
15:55:10;423;49,98;
15:55:13;422;49,99;
15:55:19;423;49,99;
15:55:22;424;50,00;
15:55:25;417;49,99;
15:55:28;416;49,98;
15:55:31;413;49,98;
15:55:34;410;49,98;
15:55:37;408;49,97;
15:55:40;409;49,97;
15:55:43;408;49,97;
15:55:46;401;49,98;
15:55:52;395;49,98;
15:55:55;401;49,98;
15:55:58;398;49,98;
15:56:01;394;49,98;
15:56:07;399;49,98;
15:56:10;407;49,98;
15:56:13;415;49,98;
15:56:16;412;49,98;
15:56:19;423;49,99;
15:56:25;428;49,98;
15:56:28;436;49,98;
15:56:31;430;49,98;
15:56:34;447;49,98;
15:56:37;461;49,97;
15:56:40;455;49,97;
15:56:43;462;49,98;
15:56:46;471;49,97;
15:56:49;476;49,97;
15:56:52;475;49,98;
15:56:55;489;49,97;
15:56:58;489;49,98;
15:57:01;492;49,98;
15:57:07;496;49,98;
15:57:13;497;49,98;
15:57:16;494;49,98;
15:57:19;490;49,98;
15:57:22;485;49,98;
15:57:25;483;49,98;
15:57:28;479;49,98;
15:57:31;477;49,98;
15:57:34;470;49,98;
15:57:37;461;49,98;
15:57:43;456;49,98;
15:57:46;455;49,98;
15:57:49;450;49,99;
15:57:52;438;50,00;
15:57:55;444;50,00;
15:57:58;443;50,00;
15:58:01;440;50,00;
15:58:04;434;50,00;
15:58:07;414;50,00;
15:58:10;422;50,00;
15:58:13;433;50,00;
15:58:19;435;50,00;
15:58:22;442;50,00;
15:58:25;443;50,00;
15:58:28;434;50,00;
15:58:31;441;50,00;
15:58:34;437;50,00;
15:58:40;431;50,00;
15:58:43;422;50,00;
15:58:46;415;50,00;
15:58:49;406;50,00;
15:58:52;389;50,00;
15:58:55;393;50,00;
15:58:58;385;50,01;
15:59:04;371;50,01;
15:59:07;360;50,01;
15:59:10;349;50,01;
15:59:13;353;50,01;
15:59:16;349;50,01;
15:59:19;342;50,00;
15:59:22;344;50,00;
15:59:25;342;50,00;
15:59:31;338;50,01;
15:59:34;341;50,00;
15:59:37;344;50,00;
15:59:40;349;50,00;
15:59:43;354;50,00;
15:59:46;353;50,00;
15:59:49;354;50,00;
15:59:52;359;50,00;
15:59:55;356;50,00;
15:59:58;359;50,00;
16:00:01;355;50,00;
16:00:04;365;50,00;
16:00:10;372;49,98;
16:00:13;373;49,98;
16:00:16;373;49,99;
16:00:19;376;49,99;
16:00:22;373;50,00;
16:00:25;370;50,00;
16:00:28;374;50,01;
16:00:31;382;50,02;
16:00:34;371;50,02;
16:00:37;369;50,02;
16:00:40;367;50,02;
16:00:43;364;50,02;
16:00:46;362;50,02;
16:00:49;357;50,01;
16:00:52;359;50,01;
16:00:55;361;50,01;
16:00:58;362;50,00;
16:01:01;361;50,01;
16:01:04;359;50,01;
16:01:07;353;50,01;
16:01:10;359;50,01;
16:01:16;356;50,01;
16:01:19;349;50,01;
16:01:22;354;50,01;
16:01:25;352;50,01;
16:01:28;349;50,02;
16:01:34;343;50,02;
16:01:37;344;50,02;
16:01:40;340;50,02;
16:01:43;343;50,01;
16:01:46;340;50,02;
16:01:55;335;50,01;
16:01:58;332;50,01;
16:02:01;337;50,01;
16:02:07;340;50,01;
16:02:10;341;50,00;
16:02:13;343;50,01;
16:02:16;348;50,01;
16:02:22;355;50,01;
16:02:25;358;50,01;
16:02:28;364;50,01;
16:02:34;368;50,01;
16:02:37;373;50,01;
16:02:40;376;50,01;
16:02:43;375;50,02;
16:02:46;381;50,02;
16:02:49;382;50,01;
16:02:52;381;50,01;
16:02:55;378;50,01;
16:02:58;376;50,01;
16:03:04;377;50,02;
16:03:07;373;50,02;
16:03:13;368;50,02;
16:03:16;360;50,02;
16:03:19;359;50,02;
16:03:22;353;50,01;
16:03:28;352;50,01;
16:03:31;344;50,01;
16:03:34;340;50,01;
16:03:37;338;50,01;
16:03:40;330;50,01;
16:03:43;332;50,01;
16:03:46;330;50,01;
16:03:49;327;50,01;
16:03:52;326;50,01;
16:03:55;320;50,01;
16:03:58;311;50,01;
16:04:01;314;50,00;
16:04:04;317;50,00;
16:04:07;312;50,01;
16:04:13;308;50,01;
16:04:16;310;50,01;
16:04:19;304;50,01;
16:04:22;300;50,01;
16:04:25;301;50,01;
16:04:28;303;50,01;
16:04:31;307;50,01;
16:04:34;306;50,01;
16:04:37;309;50,00;
16:04:40;310;50,01;
16:04:43;312;50,01;
16:04:46;311;50,01;
16:04:49;311;50,02;
16:04:52;311;50,01;
16:04:55;312;50,01;
16:04:58;311;50,01;
16:05:07;309;50,00;
16:05:10;310;50,00;
16:05:13;304;50,00;
16:05:19;302;50,01;
16:05:25;296;50,00;
16:05:28;297;50,00;
16:05:31;293;50,00;
16:05:34;292;50,00;
16:05:37;290;50,00;
16:05:40;292;50,00;
16:05:43;290;50,00;
16:05:46;292;50,00;
16:05:49;296;50,00;
16:05:55;295;50,00;
16:05:58;303;50,00;
16:06:01;307;50,00;
16:06:04;310;50,00;
16:06:07;314;50,00;
16:06:10;311;49,99;
16:06:13;320;49,99;
16:06:16;322;50,00;
16:06:19;325;50,00;
16:06:25;332;50,00;
16:06:28;338;50,00;
16:06:31;335;50,00;
16:06:34;340;50,00;
16:06:37;334;49,99;
16:06:43;330;49,99;
16:06:46;329;50,00;
16:06:49;331;50,00;
16:06:52;329;50,00;
16:06:55;327;50,01;
16:06:58;326;50,01;
16:07:01;317;50,01;
16:07:04;320;50,01;
16:07:07;313;50,00;
16:07:10;317;50,00;
16:07:13;309;50,00;
16:07:16;314;50,00;
16:07:19;309;50,00;
16:07:22;312;50,00;
16:07:25;311;49,99;
16:07:31;312;49,99;
16:07:34;307;49,99;
16:07:37;311;49,99;
16:07:40;307;49,99;
16:07:43;306;49,99;
16:07:46;303;49,99;
16:07:49;301;49,99;
16:07:52;299;49,99;
16:07:55;294;49,99;
16:07:58;292;49,99;
16:08:01;289;49,99;
16:08:04;286;49,98;
16:08:07;286;49,97;
16:08:16;295;49,97;
16:08:19;296;49,97;
16:08:22;297;49,97;
16:08:25;297;49,98;
16:08:28;299;49,97;
16:08:31;298;49,97;
16:08:34;300;49,97;
16:08:37;298;49,97;
16:08:40;300;49,98;
16:08:46;295;49,98;
16:08:49;294;49,98;
16:08:52;287;49,98;
16:09:01;284;49,98;
16:09:04;278;49,98;
16:09:07;281;49,98;
16:09:10;278;49,98;
16:09:16;271;49,97;
16:09:22;269;49,98;
16:09:25;262;49,98;
16:09:28;264;49,97;
16:09:31;262;49,97;
16:09:37;257;49,97;
16:09:40;258;49,97;
16:09:46;258;49,98;
16:09:49;254;49,98;
16:09:52;250;49,98;
16:09:55;252;49,98;
16:10:01;248;49,98;
16:10:04;248;49,97;
16:10:07;247;49,98;
16:10:10;248;49,98;
16:10:16;246;49,98;
16:10:19;248;49,99;
16:10:22;251;49,99;
16:10:28;249;50,00;
16:10:31;252;50,00;
16:10:34;247;50,00;
16:10:40;251;49,99;
16:10:43;248;49,99;
16:10:46;251;49,99;
16:10:49;248;49,99;
16:10:52;242;49,99;
16:10:55;241;49,99;
16:10:58;240;49,99;
16:11:01;237;49,99;
16:11:04;235;49,98;
16:11:07;229;49,99;
16:11:10;232;49,99;
16:11:13;232;49,98;
16:11:16;224;49,98;
16:11:19;227;49,98;
16:11:22;226;49,98;
16:11:25;227;49,98;
16:11:28;222;49,98;
16:11:34;224;49,98;
16:11:37;222;49,98;
16:11:40;218;49,99;
16:11:43;221;49,99;
16:11:46;218;49,99;
16:11:49;219;49,99;
16:11:52;215;49,99;
16:11:55;216;49,98;
16:11:58;212;49,99;
16:12:01;211;49,99;
16:12:04;212;49,99;
16:12:07;208;49,98;
16:12:10;207;49,98;
16:12:13;216;49,98;
16:12:16;209;49,98;
16:12:19;218;49,98;
16:12:22;224;49,98;
16:12:25;221;49,98;
16:12:28;225;49,97;
16:12:31;233;49,97;
16:12:34;237;49,97;
16:12:37;241;49,98;
16:12:40;245;49,98;
16:12:43;251;49,98;
16:12:46;258;49,99;
16:12:49;264;49,99;
16:12:52;268;49,99;
16:12:55;270;49,99;
16:12:58;272;49,99;
16:13:04;270;49,99;
16:13:07;269;49,99;
16:13:10;263;49,99;
16:13:13;254;50,00;
16:13:16;252;50,00;
16:13:19;248;50,00;
16:13:25;232;49,99;
16:13:31;224;49,98;
16:13:34;223;49,98;
16:13:37;218;49,98;
16:13:40;216;49,98;
16:13:43;217;49,98;
16:13:46;214;49,98;
16:13:49;215;49,99;
16:13:52;213;49,99;
16:13:55;211;50,00;
16:13:58;217;50,00;
16:14:01;215;50,00;
16:14:07;216;50,00;
16:14:10;215;50,00;
16:14:13;211;49,99;
16:14:16;220;49,99;
16:14:19;210;49,99;
16:14:22;218;49,99;
16:14:31;218;50,00;
16:14:34;211;50,00;
16:14:37;216;49,99;
16:14:43;218;49,99;
16:14:46;224;49,98;
16:14:52;224;49,99;
16:14:55;227;50,00;
16:14:58;231;50,00;
16:15:01;235;50,00;
16:15:04;236;50,00;
16:15:07;238;50,00;
16:15:10;237;50,00;
16:15:13;237;49,99;
16:15:16;238;49,98;
16:15:19;236;49,98;
16:15:22;233;49,98;
16:15:26;233;49,97;
16:15:31;232;49,97;
16:15:34;229;49,98;
16:15:38;224;49,97;
16:15:44;224;49,96;
16:15:47;223;49,97;
16:15:50;224;49,97;
16:15:59;225;49,98;
16:16:02;223;49,98;
16:16:05;220;49,98;
16:16:08;218;49,98;
16:16:14;219;49,98;
16:16:17;216;49,98;
16:16:20;220;49,98;
16:16:23;215;49,98;
16:16:26;213;49,98;
16:16:29;209;49,98;
16:16:32;210;49,98;
16:16:35;206;49,98;
16:16:38;201;49,98;
16:16:41;200;49,97;
16:16:44;197;49,97;
16:16:47;190;49,97;
16:16:50;186;49,97;
16:16:53;178;49,97;
16:16:56;175;49,97;
16:16:59;169;49,98;
16:17:05;168;49,97;
16:17:08;159;49,97;
16:17:11;153;49,96;
16:17:14;146;49,97;
16:17:17;129;49,97;
16:17:23;124;49,98;
16:17:26;145;49,98;
16:17:29;144;49,97;
16:17:38;144;49,98;
16:17:41;145;49,98;
16:17:50;147;49,97;
16:17:53;145;49,97;
16:17:56;148;49,97;
16:17:59;147;49,97;
16:18:02;147;49,98;
16:18:05;146;49,98;
16:18:08;145;49,98;
16:18:11;146;49,98;
16:18:14;149;49,98;
16:18:17;150;49,98;
16:18:20;153;49,98;
16:18:26;155;49,97;
16:18:29;153;49,97;
16:18:32;156;49,98;
16:18:35;159;49,98;
16:18:38;162;49,98;
16:18:44;162;49,97;
16:18:47;167;49,97;
16:18:50;164;49,97;
16:18:56;168;49,98;
16:19:02;167;49,98;
16:19:08;168;49,97;
16:19:11;167;49,97;
16:19:14;167;49,98;
16:19:17;162;49,98;
16:19:20;164;49,97;
16:19:23;167;49,96;
16:19:26;163;49,97;
16:19:29;166;49,97;
16:19:32;168;49,97;
16:19:35;165;49,97;
16:19:38;167;49,97;
16:19:41;170;49,97;
16:19:44;174;49,97;
16:19:50;180;49,97;
16:19:53;183;49,97;
16:19:56;185;49,97;
16:20:02;190;49,97;
16:20:05;196;49,97;
16:20:08;203;49,96;
16:20:11;204;49,96;
16:20:14;203;49,97;
16:20:17;209;49,97;
16:20:23;210;49,97;
16:20:26;211;49,97;
16:20:29;215;49,97;
16:20:32;218;49,96;
16:20:35;219;49,96;
16:20:38;222;49,96;
16:20:41;224;49,95;
16:20:50;226;49,95;
16:20:53;230;49,95;
16:20:59;233;49,95;
16:21:02;231;49,96;
16:21:08;229;49,96;
16:21:11;231;49,96;
16:21:14;230;49,96;
16:21:17;225;49,96;
16:21:23;227;49,96;
16:21:26;224;49,96;
16:21:29;221;49,96;
16:21:32;222;49,96;
16:21:35;220;49,96;
16:21:38;219;49,96;
16:21:41;216;49,96;
16:21:44;217;49,96;
16:21:47;215;49,96;
16:21:53;216;49,96;
16:21:56;217;49,96;
16:21:59;219;49,96;
16:22:02;218;49,97;
16:22:08;221;49,97;
16:22:11;223;49,97;
16:22:17;227;49,97;
16:22:20;230;49,97;
16:22:23;233;49,97;
16:22:26;227;49,97;
16:22:29;231;49,97;
16:22:32;233;49,97;
16:22:35;234;49,97;
16:22:38;233;49,96;
16:22:41;233;49,97;
16:22:47;235;49,97;
16:22:50;234;49,97;
16:22:53;231;49,96;
16:22:59;235;49,96;
16:23:02;233;49,96;
16:23:05;228;49,96;
16:23:11;219;49,96;
16:23:14;218;49,97;
16:23:17;213;49,96;
16:23:20;212;49,96;
16:23:23;203;49,96;
16:23:26;199;49,96;
16:23:29;192;49,95;
16:23:32;191;49,95;
16:23:35;184;49,94;
16:23:38;183;49,94;
16:23:41;179;49,94;
16:23:44;177;49,95;
16:23:47;172;49,95;
16:23:50;171;49,95;
16:23:53;168;49,95;
16:23:56;166;49,95;
16:23:59;160;49,96;
16:24:05;151;49,95;
16:24:08;151;49,96;
16:24:11;150;49,95;
16:24:14;146;49,96;
16:24:17;147;49,95;
16:24:20;137;49,95;
16:24:23;142;49,95;
16:24:26;138;49,95;
16:24:29;135;49,96;
16:24:32;134;49,96;
16:24:35;132;49,96;
16:24:38;135;49,96;
16:24:44;136;49,96;
16:24:50;139;49,96;
16:24:53;144;49,96;
16:24:56;143;49,96;
16:24:59;147;49,96;
16:25:02;145;49,96;
16:25:05;147;49,96;
16:25:11;150;49,96;
16:25:14;153;49,96;
16:25:17;156;49,96;
16:25:20;155;49,96;
16:25:23;162;49,97;
16:25:26;168;49,97;
16:25:32;176;49,97;
16:25:35;187;49,96;
16:25:38;188;49,96;
16:25:41;196;49,95;
16:25:44;197;49,95;
16:25:47;206;49,96;
16:25:53;207;49,96;
16:25:56;203;49,96;
16:25:59;209;49,96;
16:26:05;208;49,97;
16:26:08;203;49,96;
16:26:11;204;49,96;
16:26:14;204;49,97;
16:26:17;202;49,97;
16:26:20;199;49,96;
16:26:23;200;49,96;
16:26:26;201;49,96;
16:26:29;201;49,95;
16:26:32;171;49,95;
16:26:35;178;49,95;
16:26:38;181;49,95;
16:26:41;197;49,95;
16:26:44;213;49,96;
16:26:47;220;49,96;
16:26:50;229;49,95;
16:26:53;233;49,95;
16:26:56;242;49,95;
16:27:02;253;49,95;
16:27:05;257;49,95;
16:27:08;266;49,95;
16:27:11;270;49,96;
16:27:14;275;49,96;
16:27:17;277;49,96;
16:27:20;279;49,96;
16:27:23;272;49,96;
16:27:26;233;49,96;
16:27:29;241;49,96;
16:27:32;276;49,95;
16:27:35;269;49,95;
16:27:38;263;49,95;
16:27:41;268;49,95;
16:27:44;267;49,95;
16:27:47;263;49,95;
16:27:53;260;49,95;
16:27:56;266;49,96;
16:27:59;270;49,96;
16:28:02;273;49,95;
16:28:08;282;49,95;
16:28:11;287;49,95;
16:28:14;293;49,95;
16:28:17;296;49,96;
16:28:20;306;49,96;
16:28:23;307;49,96;
16:28:26;314;49,96;
16:28:29;317;49,96;
16:28:32;325;49,95;
16:28:35;330;49,95;
16:28:38;332;49,95;
16:28:41;329;49,96;
16:28:44;335;49,96;
16:28:47;338;49,96;
16:28:50;338;49,95;
16:28:53;336;49,95;
16:28:56;342;49,95;
16:28:59;343;49,95;
16:29:02;347;49,96;
16:29:05;343;49,96;
16:29:08;351;49,96;
16:29:14;352;49,96;
16:29:17;353;49,96;
16:29:20;353;49,95;
16:29:23;346;49,96;
16:29:26;345;49,95;
16:29:29;340;49,96;
16:29:32;343;49,96;
16:29:35;334;49,96;
16:29:38;325;49,97;
16:29:41;321;49,97;
16:29:44;310;49,96;
16:29:47;307;49,96;
16:29:50;294;49,96;
16:29:53;290;49,96;
16:29:56;286;49,96;
16:29:59;274;49,96;
16:30:02;267;49,97;
16:30:05;263;49,96;
16:30:08;256;49,96;
16:30:11;254;49,96;
16:30:14;251;49,96;
16:30:20;245;49,96;
16:30:23;244;49,95;
16:30:26;238;49,96;
16:30:32;236;49,96;
16:30:35;232;49,96;
16:30:38;229;49,96;
16:30:41;227;49,96;
16:30:44;221;49,97;
16:30:47;217;49,97;
16:30:50;212;49,96;
16:30:53;208;49,96;
16:30:56;203;49,96;
16:30:59;197;49,95;
16:31:05;188;49,96;
16:31:08;183;49,96;
16:31:11;182;49,96;
16:31:14;180;49,96;
16:31:17;174;49,96;
16:31:20;170;49,96;
16:31:23;171;49,96;
16:31:26;169;49,96;
16:31:29;167;49,96;
16:31:32;171;49,96;
16:31:35;165;49,95;
16:31:38;159;49,95;
16:31:41;163;49,95;
16:31:44;167;49,96;
16:31:47;164;49,96;
16:31:50;164;49,95;
16:31:53;167;49,95;
16:31:56;165;49,95;
16:31:59;168;49,95;
16:32:02;166;49,96;
16:32:05;166;49,95;
16:32:11;164;49,96;
16:32:14;161;49,96;
16:32:20;160;49,96;
16:32:23;158;49,96;
16:32:26;155;49,96;
16:32:29;162;49,97;
16:32:32;155;49,97;
16:32:35;163;49,97;
16:32:38;167;49,97;
16:32:41;171;49,96;
16:32:44;174;49,96;
16:32:47;180;49,96;
16:32:53;188;49,96;
16:32:56;195;49,96;
16:32:59;204;49,96;
16:33:02;206;49,96;
16:33:05;214;49,96;
16:33:08;215;49,96;
16:33:11;224;49,96;
16:33:17;227;49,95;
16:33:20;229;49,96;
16:33:23;233;49,96;
16:33:26;235;49,96;
16:33:29;236;49,96;
16:33:35;233;49,96;
16:33:38;236;49,96;
16:33:41;234;49,96;
16:33:44;235;49,95;
16:33:47;233;49,95;
16:33:50;232;49,95;
16:33:53;230;49,95;
16:33:56;227;49,96;
16:33:59;224;49,96;
16:34:02;217;49,96;
16:34:05;210;49,96;
16:34:08;209;49,97;
16:34:11;207;49,97;
16:34:14;203;49,96;
16:34:17;200;49,96;
16:34:23;194;49,96;
16:34:29;191;49,96;
16:34:32;193;49,96;
16:34:35;196;49,96;
16:34:38;187;49,96;
16:34:41;185;49,95;
16:34:44;191;49,96;
16:34:47;186;49,96;
16:34:50;192;49,96;
16:34:53;184;49,96;
16:34:56;190;49,96;
16:34:59;185;49,96;
16:35:02;183;49,96;
16:35:08;177;49,96;
16:35:11;175;49,96;
16:35:14;171;49,96;
16:35:20;170;49,96;
16:35:23;169;49,96;
16:35:26;166;49,96;
16:35:29;167;49,96;
16:35:32;164;49,96;
16:35:35;165;49,96;
16:35:38;167;49,95;
16:35:41;168;49,95;
16:35:50;165;49,96;
16:35:53;169;49,96;
16:35:56;170;49,96;
16:36:02;169;49,96;
16:36:05;168;49,96;
16:36:14;167;49,95;
16:36:17;165;49,95;
16:36:23;162;49,95;
16:36:26;162;49,94;
16:36:32;163;49,94;
16:36:35;156;49,94;
16:36:38;161;49,94;
16:36:44;161;49,96;
16:36:47;160;49,96;
16:36:50;162;49,96;
16:36:53;161;49,96;
16:36:56;162;49,96;
16:36:59;160;49,96;
16:37:02;161;49,96;
16:37:05;158;49,96;
16:37:08;155;49,96;
16:37:11;153;49,96;
16:37:14;152;49,96;
16:37:20;145;49,95;
16:37:23;142;49,95;
16:37:26;138;49,96;
16:37:29;135;49,96;
16:37:32;134;49,97;
16:37:35;131;49,98;
16:37:38;125;49,98;
16:37:41;124;49,98;
16:37:44;123;49,96;
16:37:47;119;49,96;
16:37:50;117;49,96;
16:37:56;118;49,96;
16:37:59;116;49,96;
16:38:02;119;49,96;
16:38:05;122;49,96;
16:38:11;127;49,96;
16:38:14;133;49,96;
16:38:17;135;49,97;
16:38:20;138;49,96;
16:38:26;147;49,96;
16:38:29;153;49,96;
16:38:32;159;49,96;
16:38:35;162;49,96;
16:38:38;169;49,96;
16:38:41;173;49,96;
16:38:44;177;49,96;
16:38:47;179;49,96;
16:38:50;190;49,96;
16:38:53;195;49,96;
16:38:56;201;49,96;
16:38:59;207;49,96;
16:39:02;209;49,96;
16:39:05;212;49,96;
16:39:08;218;49,96;
16:39:11;223;49,96;
16:39:14;224;49,96;
16:39:17;226;49,96;
16:39:20;228;49,96;
16:39:23;230;49,96;
16:39:26;234;49,96;
16:39:32;229;49,96;
16:39:35;240;49,96;
16:39:38;236;49,96;
16:39:41;233;49,96;
16:39:44;237;49,97;
16:39:47;213;49,97;
16:39:50;206;49,96;
16:39:53;201;49,96;
16:39:56;233;49,97;
16:39:59;238;49,97;
16:40:02;237;49,96;
16:40:05;239;49,96;
16:40:08;243;49,96;
16:40:11;246;49,96;
16:40:17;247;49,96;
16:40:20;251;49,95;
16:40:23;244;49,95;
16:40:26;252;49,95;
16:40:29;254;49,96;
16:40:32;253;49,96;
16:40:38;257;49,96;
16:40:41;258;49,96;
16:40:44;248;49,96;
16:40:47;257;49,96;
16:40:53;255;49,97;
16:40:56;258;49,97;
16:40:59;259;49,98;
16:41:02;262;49,97;
16:41:05;267;49,98;
16:41:11;267;49,97;
16:41:14;270;49,97;
16:41:17;271;49,98;
16:41:23;271;49,97;
16:41:32;274;49,96;
16:41:35;266;49,96;
16:41:38;277;49,96;
16:41:44;283;49,96;
16:41:47;289;49,96;
16:41:50;286;49,96;
16:41:53;292;49,96;
16:41:56;300;49,96;
16:41:59;302;49,96;
16:42:02;311;49,97;
16:42:05;307;49,97;
16:42:08;309;49,97;
16:42:11;318;49,97;
16:42:14;322;49,96;
16:42:17;324;49,96;
16:42:20;321;49,96;
16:42:23;309;49,96;
16:42:29;314;49,96;
16:42:32;308;49,96;
16:42:35;310;49,96;
16:42:38;299;49,96;
16:42:41;286;49,96;
16:42:44;288;49,96;
16:42:47;286;49,96;
16:42:53;276;49,97;
16:42:56;266;49,97;
16:42:59;267;49,97;
16:43:02;258;49,97;
16:43:05;252;49,96;
16:43:08;247;49,96;
16:43:14;245;49,96;
16:43:17;239;49,96;
16:43:20;241;49,95;
16:43:23;239;49,96;
16:43:26;237;49,96;
16:43:29;241;49,96;
16:43:35;243;49,96;
16:43:38;237;49,96;
16:43:41;246;49,96;
16:43:44;248;49,96;
16:43:47;250;49,96;
16:43:50;249;49,96;
16:43:53;251;49,96;
16:43:56;252;49,95;
16:43:59;255;49,95;
16:44:02;256;49,96;
16:44:05;258;49,96;
16:44:08;258;49,95;
16:44:11;260;49,95;
16:44:14;262;49,95;
16:44:20;257;49,96;
16:44:23;259;49,96;
16:44:26;260;49,95;
16:44:29;259;49,95;
16:44:32;258;49,95;
16:44:35;257;49,95;
16:44:38;258;49,95;
16:44:41;250;49,95;
16:44:44;259;49,95;
16:44:47;250;49,95;
16:44:50;249;49,96;
16:44:53;258;49,95;
16:44:56;257;49,95;
16:44:59;253;49,95;
16:45:02;261;49,95;
16:45:05;267;49,96;
16:45:08;274;49,96;
16:45:11;275;49,97;
16:45:14;285;49,97;
16:45:17;286;49,97;
16:45:20;296;49,97;
16:45:26;310;49,96;
16:45:29;318;49,96;
16:45:32;321;49,96;
16:45:35;326;49,96;
16:45:38;327;49,96;
16:45:41;325;49,96;
16:45:44;327;49,96;
16:45:47;326;49,96;
16:45:50;321;49,96;
16:45:56;315;49,96;
16:45:59;306;49,96;
16:46:02;305;49,97;
16:46:05;305;49,96;
16:46:08;298;49,96;
16:46:11;284;49,96;
16:46:14;279;49,96;
16:46:17;269;49,96;
16:46:20;267;49,96;
16:46:23;269;49,97;
16:46:26;263;49,97;
16:46:32;262;49,97;
16:46:35;260;49,97;
16:46:38;258;49,97;
16:46:41;250;49,97;
16:46:44;259;49,98;
16:46:47;264;49,98;
16:46:50;257;49,98;
16:46:53;266;49,98;
16:46:56;270;49,98;
16:46:59;267;49,98;
16:47:02;271;49,98;
16:47:05;270;49,97;
16:47:08;276;49,97;
16:47:11;280;49,97;
16:47:14;281;49,96;
16:47:17;285;49,96;
16:47:26;284;49,96;
16:47:29;281;49,96;
16:47:32;279;49,96;
16:47:38;274;49,96;
16:47:41;272;49,96;
16:47:44;268;49,96;
16:47:47;258;49,96;
16:47:50;252;49,96;
16:47:53;246;49,96;
16:47:56;248;49,96;
16:47:59;244;49,96;
16:48:02;216;49,96;
16:48:05;218;49,96;
16:48:08;227;49,96;
16:48:11;228;49,96;
16:48:14;227;49,96;
16:48:17;229;49,96;
16:48:20;232;49,96;
16:48:23;233;49,96;
16:48:26;234;49,96;
16:48:29;237;49,96;
16:48:35;239;49,96;
16:48:38;243;49,96;
16:48:44;251;49,94;
16:48:47;252;49,94;
16:48:50;256;49,94;
16:48:53;259;49,95;
16:48:56;258;49,95;
16:48:59;264;49,95;
16:49:02;261;49,96;
16:49:05;266;49,96;
16:49:08;269;49,96;
16:49:11;266;49,96;
16:49:14;270;49,96;
16:49:17;270;49,95;
16:49:20;266;49,96;
16:49:23;264;49,96;
16:49:29;258;49,96;
16:49:32;253;49,96;
16:49:35;251;49,96;
16:49:38;248;49,96;
16:49:41;243;49,96;
16:49:44;234;49,96;
16:49:47;240;49,96;
16:49:50;237;49,96;
16:49:53;233;49,96;
16:49:56;228;49,96;
16:49:59;231;49,96;
16:50:02;235;49,96;
16:50:05;233;49,96;
16:50:08;228;49,96;
16:50:11;232;49,95;
16:50:14;236;49,95;
16:50:17;242;49,95;
16:50:20;243;49,96;
16:50:23;246;49,95;
16:50:26;248;49,95;
16:50:29;251;49,95;
16:50:35;254;49,95;
16:50:38;256;49,95;
16:50:41;261;49,95;
16:50:47;267;49,95;
16:50:50;268;49,95;
16:50:53;273;49,95;
16:50:56;276;49,96;
16:50:59;286;49,95;
16:51:02;292;49,95;
16:51:05;302;49,96;
16:51:08;309;49,96;
16:51:11;319;49,97;
16:51:14;326;49,97;
16:51:17;328;49,97;
16:51:20;342;49,97;
16:51:23;352;49,97;
16:51:26;354;49,97;
16:51:29;355;49,97;
16:51:32;359;49,97;
16:51:35;358;49,97;
16:51:41;351;49,97;
16:51:44;340;49,97;
16:51:47;334;49,97;
16:51:50;331;49,97;
16:51:53;323;49,97;
16:51:56;325;49,98;
16:51:59;328;49,97;
16:52:02;320;49,97;
16:52:05;312;49,97;
16:52:08;314;49,96;
16:52:11;307;49,96;
16:52:14;305;49,96;
16:52:17;300;49,96;
16:52:20;297;49,96;
16:52:23;295;49,96;
16:52:26;290;49,96;
16:52:29;286;49,96;
16:52:32;282;49,96;
16:52:35;278;49,97;
16:52:38;277;49,97;
16:52:41;268;49,97;
16:52:47;273;49,97;
16:52:50;271;49,97;
16:52:53;275;49,98;
16:52:56;274;49,98;
16:52:59;273;49,98;
16:53:02;274;49,99;
16:53:05;278;49,98;
16:53:08;272;49,99;
16:53:11;277;49,98;
16:53:14;278;49,98;
16:53:17;277;49,98;
16:53:20;277;49,97;
16:53:23;279;49,98;
16:53:26;278;49,98;
16:53:32;277;49,98;
16:53:38;274;49,97;
16:53:44;271;49,96;
16:53:47;268;49,96;
16:53:50;266;49,96;
16:53:53;262;49,96;
16:53:56;253;49,96;
16:53:59;251;49,96;
16:54:02;243;49,96;
16:54:05;241;49,96;
16:54:08;234;49,96;
16:54:11;233;49,96;
16:54:14;228;49,96;
16:54:17;225;49,96;
16:54:20;222;49,96;
16:54:26;219;49,96;
16:54:29;216;49,96;
16:54:32;214;49,96;
16:54:38;218;49,95;
16:54:41;216;49,95;
16:54:44;221;49,95;
16:54:47;223;49,95;
16:54:50;231;49,95;
16:54:53;228;49,95;
16:54:56;232;49,95;
16:54:59;241;49,96;
16:55:02;249;49,96;
16:55:05;260;49,96;
16:55:08;271;49,96;
16:55:11;272;49,96;
16:55:14;289;49,96;
16:55:17;293;49,96;
16:55:20;296;49,96;
16:55:23;307;49,96;
16:55:26;310;49,96;
16:55:29;313;49,96;
16:55:32;314;49,97;
16:55:35;316;49,97;
16:55:38;311;49,96;
16:55:44;314;49,96;
16:55:47;309;49,96;
16:55:53;307;49,96;
16:55:56;301;49,96;
16:55:59;300;49,96;
16:56:02;299;49,96;
16:56:05;300;49,96;
16:56:08;292;49,96;
16:56:11;288;49,96;
16:56:14;278;49,95;
16:56:17;277;49,95;
16:56:20;267;49,95;
16:56:23;265;49,96;
16:56:26;263;49,96;
16:56:29;256;49,96;
16:56:32;253;49,96;
16:56:35;252;49,96;
16:56:38;253;49,96;
16:56:41;248;49,96;
16:56:44;246;49,97;
16:56:50;253;49,98;
16:56:53;241;49,97;
16:56:56;250;49,97;
16:56:59;242;49,96;
16:57:02;252;49,96;
16:57:05;247;49,96;
16:57:08;254;49,96;
16:57:11;251;49,97;
16:57:14;255;49,97;
16:57:17;261;49,97;
16:57:20;267;49,97;
16:57:23;269;49,97;
16:57:26;271;49,97;
16:57:29;270;49,97;
16:57:32;276;49,97;
16:57:38;280;49,98;
16:57:41;279;49,98;
16:57:44;286;49,97;
16:57:47;287;49,97;
16:57:50;288;49,98;
16:57:56;285;49,98;
16:57:59;279;49,99;
16:58:02;278;49,99;
16:58:08;273;49,99;
16:58:11;265;49,99;
16:58:14;262;49,99;
16:58:17;261;49,98;
16:58:20;256;49,98;
16:58:23;252;49,98;
16:58:26;247;49,98;
16:58:29;237;49,98;
16:58:32;239;49,98;
16:58:35;232;49,98;
16:58:41;222;49,99;
16:58:47;214;49,99;
16:58:50;213;49,98;
16:58:53;206;49,98;
16:58:56;208;49,98;
16:58:59;204;49,98;
16:59:02;205;49,98;
16:59:05;200;49,98;
16:59:08;204;49,99;
16:59:11;201;50,00;
16:59:14;202;50,00;
16:59:17;208;50,00;
16:59:20;206;50,00;
16:59:23;211;50,00;
16:59:26;212;49,99;
16:59:29;214;49,99;
16:59:32;216;49,99;
16:59:35;215;49,99;
16:59:38;216;49,99;
16:59:41;210;50,00;
16:59:47;217;50,01;
16:59:50;216;50,01;
16:59:53;223;50,02;
16:59:56;219;50,02;
17:00:02;221;50,02;
17:00:05;223;50,02;
17:00:08;222;50,01;
17:00:11;231;50,01;
17:00:14;224;50,01;
17:00:17;226;50,01;
17:00:20;223;50,01;
17:00:23;228;50,02;
17:00:26;230;50,02;
17:00:29;232;50,01;
17:00:32;232;50,02;
17:00:35;237;50,01;
17:00:38;235;50,01;
17:00:41;238;50,01;
17:00:44;236;50,01;
17:00:47;238;50,02;
17:00:56;235;50,02;
17:00:59;236;50,03;
17:01:05;234;50,03;
17:01:08;231;50,03;
17:01:17;227;50,03;
17:01:20;228;50,03;
17:01:23;230;50,03;
17:01:26;231;50,03;
17:01:35;232;50,03;
17:01:41;235;50,03;
17:01:44;234;50,03;
17:01:50;233;50,03;
17:01:53;235;50,03;
17:01:59;236;50,03;
17:02:02;236;50,04;
17:02:05;236;50,03;
17:02:08;235;50,04;
17:02:14;234;50,04;
17:02:17;237;50,04;
17:02:20;238;50,04;
17:02:23;239;50,03;
17:02:26;243;50,03;
17:02:29;244;50,03;
17:02:32;245;50,03;
17:02:35;246;50,03;
17:02:38;248;50,03;
17:02:44;249;50,03;
17:02:47;253;50,04;
17:02:50;255;50,04;
17:02:53;257;50,04;
17:02:56;252;50,04;
17:02:59;260;50,04;
17:03:02;255;50,04;
17:03:08;253;50,04;
17:03:11;262;50,04;
17:03:14;261;50,04;
17:03:17;256;50,04;
17:03:20;257;50,04;
17:03:23;256;50,04;
17:03:26;259;50,04;
17:03:29;261;50,04;
17:03:32;256;50,04;
17:03:35;254;50,03;
17:03:38;255;50,03;
17:03:44;255;50,04;
17:03:50;257;50,04;
17:03:53;259;50,04;
17:03:56;265;50,04;
17:03:59;263;50,04;
17:04:02;272;50,04;
17:04:08;279;50,04;
17:04:11;283;50,04;
17:04:14;293;50,03;
17:04:17;295;50,03;
17:04:20;308;50,03;
17:04:23;314;50,03;
17:04:26;326;50,03;
17:04:29;328;50,03;
17:04:32;334;50,03;
17:04:35;345;50,03;
17:04:38;360;50,03;
17:04:41;364;50,03;
17:04:44;374;50,04;
17:04:47;375;50,04;
17:04:50;381;50,03;
17:04:56;384;50,02;
17:04:59;380;50,02;
17:05:02;382;50,02;
17:05:05;380;50,03;
17:05:08;373;50,03;
17:05:11;363;50,03;
17:05:14;365;50,03;
17:05:17;354;50,03;
17:05:20;339;50,03;
17:05:23;337;50,03;
17:05:26;324;50,04;
17:05:29;317;50,03;
17:05:32;311;50,03;
17:05:35;307;50,03;
17:05:38;301;50,02;
17:05:41;296;50,03;
17:05:44;292;50,03;
17:05:47;291;50,03;
17:05:50;288;50,03;
17:05:53;282;50,03;
17:05:56;284;50,03;
17:06:05;278;50,03;
17:06:08;285;50,03;
17:06:11;287;50,04;
17:06:14;291;50,04;
17:06:17;295;50,03;
17:06:20;288;50,03;
17:06:23;294;50,03;
17:06:26;293;50,02;
17:06:29;297;50,02;
17:06:32;298;50,01;
17:06:35;301;50,01;
17:06:38;307;50,01;
17:06:47;308;50,01;
17:06:50;310;50,01;
17:06:56;310;50,02;
17:06:59;308;50,01;
17:07:02;306;50,02;
17:07:05;303;50,01;
17:07:08;304;50,01;
17:07:11;305;50,02;
17:07:17;301;50,02;
17:07:20;300;50,03;
17:07:23;304;50,03;
17:07:26;307;50,03;
17:07:29;305;50,03;
17:07:32;303;50,03;
17:07:35;307;50,03;
17:07:41;304;50,03;
17:07:44;307;50,03;
17:07:47;311;50,02;
17:07:53;311;50,01;
17:07:56;307;50,01;
17:07:59;310;50,01;
17:08:05;309;50,01;
17:08:08;311;50,01;
17:08:11;303;50,01;
17:08:14;309;50,01;
17:08:17;302;50,01;
17:08:20;300;50,01;
17:08:23;307;50,01;
17:08:26;308;50,01;
17:08:29;306;50,01;
17:08:32;307;50,01;
17:08:35;304;50,01;
17:08:38;307;50,01;
17:08:41;308;50,01;
17:08:50;309;50,01;
17:08:53;308;50,01;
17:08:59;311;50,01;
17:09:02;316;50,01;
17:09:05;314;50,01;
17:09:08;315;50,01;
17:09:11;316;50,02;
17:09:14;318;50,02;
17:09:17;321;50,02;
17:09:20;320;50,02;
17:09:23;321;50,02;
17:09:26;321;50,01;
17:09:29;322;50,02;
17:09:32;325;50,01;
17:09:35;329;50,01;
17:09:38;330;50,01;
17:09:41;329;50,01;
17:09:44;332;50,01;
17:09:47;335;50,01;
17:09:53;338;50,01;
17:09:59;339;50,00;
17:10:05;341;50,00;
17:10:08;340;50,00;
17:10:11;336;50,01;
17:10:14;333;50,01;
17:10:17;331;50,00;
17:10:20;328;50,00;
17:10:23;322;50,00;
17:10:29;317;50,00;
17:10:32;315;50,00;
17:10:35;311;50,00;
17:10:38;310;50,01;
17:10:41;300;50,01;
17:10:47;297;50,01;
17:10:50;293;50,00;
17:10:53;285;50,00;
17:10:59;281;50,00;
17:11:02;282;50,00;
17:11:05;277;50,00;
17:11:11;275;50,00;
17:11:14;281;50,00;
17:11:17;282;50,00;
17:11:20;279;50,00;
17:11:23;275;50,00;
17:11:26;278;50,00;
17:11:29;276;50,00;
17:11:32;280;50,00;
17:11:35;277;50,01;
17:11:38;278;50,00;
17:11:41;276;50,00;
17:11:44;279;50,00;
17:11:47;278;50,00;
17:11:50;278;49,99;
17:11:56;278;49,98;
17:11:59;276;49,98;
17:12:02;278;49,98;
17:12:05;279;49,98;
17:12:08;278;49,98;
17:12:11;277;49,98;
17:12:17;276;49,98;
17:12:20;274;49,98;
17:12:23;273;49,98;
17:12:26;271;49,98;
17:12:29;273;49,98;
17:12:32;274;49,98;
17:12:35;276;49,99;
17:12:38;275;49,99;
17:12:41;279;49,99;
17:12:44;278;49,99;
17:12:47;279;49,99;
17:12:50;281;49,99;
17:12:56;278;49,99;
17:13:02;275;49,99;
17:13:05;276;49,98;
17:13:08;270;49,98;
17:13:11;276;49,99;
17:13:14;270;49,98;
17:13:17;273;49,99;
17:13:20;266;49,99;
17:13:23;273;49,98;
17:13:26;261;49,98;
17:13:29;265;49,98;
17:13:32;264;49,99;
17:13:35;257;49,99;
17:13:38;253;49,99;
17:13:41;256;49,99;
17:13:44;255;49,99;
17:13:47;252;49,99;
17:13:50;256;49,99;
17:13:53;254;49,99;
17:13:56;253;49,99;
17:13:59;255;49,99;
17:14:02;259;49,99;
17:14:08;261;49,98;
17:14:11;266;49,98;
17:14:14;263;49,97;
17:14:17;271;49,97;
17:14:20;279;49,97;
17:14:23;278;49,97;
17:14:26;281;49,98;
17:14:29;293;49,97;
17:14:32;299;49,97;
17:14:35;306;49,97;
17:14:38;311;49,97;
17:14:41;316;49,97;
17:14:44;322;49,97;
17:14:47;325;49,98;
17:14:50;327;49,98;
17:14:53;333;49,97;
17:14:56;337;49,97;
17:15:02;332;49,98;
17:15:05;338;49,97;
17:15:08;340;49,97;
17:15:14;337;49,96;
17:15:17;338;49,96;
17:15:20;332;49,97;
17:15:23;329;49,97;
17:15:26;316;49,97;
17:15:29;322;49,97;
17:15:32;320;49,97;
17:15:35;318;49,97;
17:15:38;313;49,97;
17:15:41;312;49,97;
17:15:44;308;49,97;
17:15:47;307;49,97;
17:15:50;307;49,98;
17:15:53;304;49,98;
17:15:59;299;49,98;
17:16:02;298;49,98;
17:16:05;297;49,98;
17:16:08;296;49,98;
17:16:11;295;49,99;
17:16:14;293;50,00;
17:16:20;285;50,00;
17:16:23;260;50,00;
17:16:26;263;50,00;
17:16:29;270;50,00;
17:16:32;277;49,99;
17:16:35;278;49,99;
17:16:38;271;49,99;
17:16:41;270;49,98;
17:16:44;263;49,98;
17:16:47;257;49,98;
17:16:50;256;49,98;
17:16:53;243;49,98;
17:16:56;251;49,98;
17:16:59;252;49,98;
17:17:05;250;49,97;
17:17:08;247;49,97;
17:17:11;248;49,97;
17:17:14;248;49,96;
17:17:17;248;49,97;
17:17:20;246;49,97;
17:17:26;244;49,97;
17:17:29;242;49,97;
17:17:32;243;49,97;
17:17:35;244;49,97;
17:17:38;243;49,97;
17:17:41;242;49,98;
17:17:44;243;49,98;
17:17:47;242;49,98;
17:17:50;241;49,98;
17:17:53;236;49,98;
17:17:56;239;49,98;
17:17:59;234;49,98;
17:18:02;233;49,98;
17:18:05;230;49,99;
17:18:11;233;49,98;
17:18:14;222;49,98;
17:18:17;229;49,98;
17:18:20;222;49,98;
17:18:23;217;49,98;
17:18:26;225;49,97;
17:18:29;216;49,97;
17:18:32;213;49,97;
17:18:35;221;49,98;
17:18:38;214;49,98;
17:18:41;219;49,98;
17:18:44;220;49,98;
17:18:47;219;49,98;
17:18:50;216;49,98;
17:18:53;219;49,98;
17:18:56;213;49,98;
17:18:59;218;49,98;
17:19:02;219;49,98;
17:19:08;222;49,98;
17:19:11;228;49,98;
17:19:17;219;49,98;
17:19:20;228;49,97;
17:19:23;232;49,97;
17:19:26;224;49,97;
17:19:29;233;49,98;
17:19:32;227;49,98;
17:19:35;229;49,98;
17:19:38;224;49,99;
17:19:44;219;49,99;
17:19:50;221;49,99;
17:19:53;216;49,99;
17:19:56;217;49,99;
17:19:59;211;49,99;
17:20:02;207;49,99;
17:20:05;207;49,98;
17:20:08;206;49,98;
17:20:11;203;49,98;
17:20:14;205;49,98;
17:20:17;201;49,98;
17:20:23;201;49,97;
17:20:26;200;49,97;
17:20:29;202;49,97;
17:20:32;200;49,97;
17:20:35;201;49,97;
17:20:38;205;49,98;
17:20:41;208;49,98;
17:20:44;207;49,98;
17:20:47;210;49,98;
17:20:50;213;49,98;
17:20:53;217;49,98;
17:20:56;224;49,98;
17:20:59;228;49,98;
17:21:02;233;49,98;
17:21:08;246;49,98;
17:21:11;250;49,98;
17:21:14;253;49,98;
17:21:17;267;49,97;
17:21:20;268;49,96;
17:21:23;278;49,96;
17:21:26;280;49,96;
17:21:29;290;49,96;
17:21:32;297;49,96;
17:21:35;309;49,97;
17:21:38;315;49,97;
17:21:41;321;49,97;
17:21:44;332;49,97;
17:21:47;336;49,98;
17:21:50;341;49,98;
17:21:53;348;49,98;
17:21:56;355;49,98;
17:21:59;356;49,97;
17:22:02;361;49,98;
17:22:05;361;49,97;
17:22:08;362;49,97;
17:22:14;366;49,98;
17:22:17;364;49,98;
17:22:20;363;49,98;
17:22:23;350;49,98;
17:22:26;352;49,97;
17:22:29;346;49,97;
17:22:32;344;49,97;
17:22:35;339;49,97;
17:22:38;324;49,97;
17:22:41;319;49,97;
17:22:44;311;49,98;
17:22:47;307;49,98;
17:22:50;296;49,98;
17:22:53;291;49,98;
17:22:56;287;49,98;
17:22:59;280;49,99;
17:23:02;271;49,98;
17:23:05;267;49,98;
17:23:08;261;49,98;
17:23:11;256;49,98;
17:23:14;251;49,98;
17:23:20;243;49,98;
17:23:23;234;49,98;
17:23:26;227;49,97;
17:23:29;225;49,97;
17:23:32;230;49,97;
17:23:35;232;49,97;
17:23:38;225;49,97;
17:23:41;230;49,97;
17:23:44;233;49,97;
17:23:47;232;49,97;
17:23:50;231;49,97;
17:23:53;230;49,97;
17:23:56;231;49,98;
17:24:05;227;49,98;
17:24:08;226;49,98;
17:24:11;222;49,98;
17:24:14;221;49,98;
17:24:17;225;49,98;
17:24:20;223;49,97;
17:24:26;216;49,96;
17:24:29;209;49,96;
17:24:32;205;49,96;
17:24:35;203;49,96;
17:24:38;200;49,96;
17:24:41;197;49,97;
17:24:44;198;49,97;
17:24:47;201;49,97;
17:24:50;200;49,97;
17:24:53;202;49,97;
17:24:56;199;49,96;
17:24:59;203;49,96;
17:25:02;202;49,97;
17:25:05;200;49,97;
17:25:14;201;49,97;
17:25:17;200;49,96;
17:25:20;201;49,96;
17:25:23;201;49,95;
17:25:26;198;49,96;
17:25:29;199;49,96;
17:25:32;197;49,96;
17:25:35;197;49,97;
17:25:38;201;49,97;
17:25:41;200;49,97;
17:25:47;197;49,96;
17:25:50;200;49,96;
17:25:53;197;49,97;
17:25:56;198;49,97;
17:25:59;201;49,97;
17:26:02;199;49,97;
17:26:05;200;49,98;
17:26:08;202;49,98;
17:26:11;201;49,97;
17:26:17;199;49,96;
17:26:20;191;49,96;
17:26:23;199;49,96;
17:26:26;202;49,96;
17:26:29;200;49,96;
17:26:32;194;49,96;
17:26:35;203;49,96;
17:26:41;206;49,96;
17:26:44;202;49,96;
17:26:47;211;49,96;
17:26:53;216;49,96;
17:26:56;222;49,96;
17:27:02;225;49,96;
17:27:05;229;49,96;
17:27:08;231;49,96;
17:27:11;234;49,96;
17:27:14;235;49,96;
17:27:17;240;49,96;
17:27:23;245;49,96;
17:27:26;248;49,96;
17:27:29;250;49,96;
17:27:32;251;49,96;
17:27:35;254;49,97;
17:27:38;256;49,97;
17:27:41;258;49,97;
17:27:44;260;49,98;
17:27:47;263;49,98;
17:27:53;262;49,97;
17:27:56;264;49,98;
17:28:02;266;49,97;
17:28:05;265;49,97;
17:28:08;267;49,97;
17:28:11;267;49,96;
17:28:14;270;49,97;
17:28:20;273;49,97;
17:28:23;271;49,97;
17:28:29;277;49,97;
17:28:32;270;49,97;
17:28:35;276;49,97;
17:28:41;272;49,96;
17:28:44;274;49,96;
17:28:50;271;49,96;
17:28:53;272;49,97;
17:28:56;272;49,96;
17:28:59;278;49,96;
17:29:02;273;49,96;
17:29:05;269;49,97;
17:29:08;267;49,97;
17:29:11;265;49,97;
17:29:14;263;49,96;
17:29:17;262;49,96;
17:29:20;260;49,96;
17:29:23;255;49,96;
17:29:26;257;49,96;
17:29:29;255;49,96;
17:29:35;252;49,96;
17:29:38;247;49,96;
17:29:41;238;49,96;
17:29:44;238;49,97;
17:29:47;236;49,97;
17:29:50;233;49,97;
17:29:53;227;49,97;
17:29:56;225;49,97;
17:29:59;219;49,97;
17:30:02;209;49,96;
17:30:05;209;49,97;
17:30:08;202;49,96;
17:30:11;198;49,96;
17:30:14;194;49,96;
17:30:20;184;49,97;
17:30:23;183;49,97;
17:30:26;178;49,97;
17:30:29;176;49,97;
17:30:32;171;49,97;
17:30:35;169;49,97;
17:30:38;166;49,97;
17:30:41;166;49,96;
17:30:44;160;49,96;
17:30:47;155;49,96;
17:30:50;155;49,97;
17:30:53;153;49,97;
17:30:56;149;49,98;
17:30:59;147;49,98;
17:31:02;146;49,98;
17:31:05;144;49,98;
17:31:08;137;49,98;
17:31:11;137;49,97;
17:31:14;131;49,97;
17:31:20;123;49,97;
17:31:26;119;49,98;
17:31:29;117;49,98;
17:31:32;114;49,98;
17:31:35;111;49,98;
17:31:38;108;49,97;
17:31:41;105;49,98;
17:31:44;103;49,97;
17:31:47;105;49,97;
17:31:50;100;49,97;
17:31:53;99;49,98;
17:31:56;98;49,97;
17:31:59;99;49,98;
17:32:02;96;49,98;
17:32:05;99;49,98;
17:32:08;99;49,99;
17:32:11;99;49,98;
17:32:17;99;49,97;
17:32:23;99;49,96;
17:32:26;101;49,96;
17:32:32;102;49,97;
17:32:35;105;49,97;
17:32:38;105;49,98;
17:32:41;106;49,98;
17:32:44;91;49,98;
17:32:50;90;49,99;
17:32:53;100;49,99;
17:32:56;111;49,99;
17:32:59;110;49,99;
17:33:02;111;50,00;
17:33:08;110;50,00;
17:33:14;109;50,00;
17:33:20;110;50,00;
17:33:23;102;49,99;
17:33:26;105;49,99;
17:33:29;103;49,98;
17:33:32;104;49,98;
17:33:38;100;49,98;
17:33:41;99;49,98;
17:33:44;98;49,98;
17:33:47;97;49,99;
17:33:50;96;49,98;
17:33:53;95;49,98;
17:33:56;94;49,98;
17:34:02;89;49,99;
17:34:05;90;50,00;
17:34:11;87;50,00;
17:34:14;89;50,00;
17:34:17;88;49,99;
17:34:23;84;49,98;
17:34:29;83;49,98;
17:34:32;82;49,98;
17:34:35;81;49,99;
17:34:38;81;49,98;
17:34:47;79;50,00;
17:34:50;78;50,00;
17:34:53;81;50,01;
17:35:02;79;50,01;
17:35:05;74;50,01;
17:35:08;76;50,00;
17:35:11;72;50,00;
17:35:23;69;50,00;
17:35:29;64;49,98;
17:35:32;66;49,98;
17:35:35;57;49,97;
17:35:38;59;49,97;
17:35:41;54;49,97;
17:35:44;55;49,97;
17:35:47;54;49,97;
17:35:53;54;49,98;
17:35:59;50;49,98;
17:36:05;51;49,98;
17:36:08;50;49,97;
17:36:11;49;49,97;
17:36:14;48;49,97;
17:36:17;48;49,98;
17:36:23;47;49,98;
17:36:26;44;49,98;
17:36:29;46;49,98;
17:36:35;43;49,97;
17:36:38;42;49,97;
17:36:44;43;49,97;
17:36:50;48;49,97;
17:36:53;42;49,97;
17:37:02;44;49,98;
17:37:05;41;49,98;
17:37:11;42;49,99;
17:37:17;39;49,99;
17:37:20;42;49,99;
17:37:26;41;49,99;
17:37:29;43;49,99;
17:37:35;42;49,99;
17:37:41;44;49,98;
17:37:44;52;49,98;
17:37:47;41;49,98;
17:37:50;33;49,98;
17:37:53;41;49,97;
17:37:56;38;49,97;
17:37:59;33;49,97;
17:38:02;36;49,97;
17:38:05;24;49,97;
17:38:08;36;49,97;
17:38:11;31;49,98;
17:38:14;0;49,98;
17:38:17;0;49,97;
17:38:20;0;49,98;
17:38:23;12;49,98;
17:38:26;0;49,97;
17:38:32;0;49,96;
17:39:38;0;49,97;
17:39:44;0;49,98;
17:39:56;0;49,97;
17:40:08;0;49,96;
17:40:11;0;49,97;
17:40:14;0;49,96;
17:40:23;0;49,95;
17:40:59;0;49,94;
17:41:05;0;49,95;
17:41:08;0;49,94;
17:41:11;0;49,95;
17:41:32;0;49,96;
17:42:41;0;49,97;
17:42:50;0;49,96;
17:42:56;0;49,95;
17:43:02;0;49,96;
17:43:20;0;49,97;
17:43:23;0;49,96;
17:43:47;0;49,95;
17:43:53;0;49,94;
17:43:59;0;49,95;
17:44:05;0;49,96;
17:44:08;0;49,95;
17:44:29;0;49,94;
17:44:32;0;49,95;
17:44:50;0;49,96;
17:45:41;0;49,97;
17:45:53;0;49,96;
17:45:56;0;49,97;
17:46:02;0;49,96;
17:46:08;0;49,97;
17:46:20;0;49,96;
17:46:53;0;49,95;
17:47:05;0;49,96;
17:47:35;0;49,95;
17:47:41;0;49,96;
17:47:56;0;49,97;
17:48:02;0;49,98;
17:48:17;0;49,97;
17:48:23;0;49,96;
17:48:26;0;49,95;
17:48:38;0;49,96;
17:48:56;0;49,95;
17:48:59;0;49,96;
17:49:02;0;49,95;
17:49:08;0;49,96;
17:49:17;0;49,97;
17:49:20;0;49,96;
17:49:23;0;49,97;
17:49:26;0;49,96;
17:49:29;0;49,97;
17:49:44;0;49,98;
17:49:56;0;49,99;
17:50:02;0;49,98;
17:50:29;0;49,97;
17:50:35;0;49,96;
17:51:11;0;49,97;
17:51:14;0;49,96;
17:51:26;0;49,95;
17:51:32;0;49,94;
17:51:35;0;49,95;
17:51:41;0;49,96;
17:52:02;0;49,97;
17:52:08;0;49,98;
17:52:26;0;49,97;
17:52:29;0;49,96;
17:52:56;0;49,97;
17:52:59;0;49,96;
17:53:02;0;49,95;
17:53:17;0;49,96;
17:53:35;0;49,97;
17:53:38;0;49,96;
17:53:41;0;49,97;
17:53:53;0;49,96;
17:54:02;0;49,97;
17:54:05;0;49,96;
17:54:44;0;49,95;
17:54:47;0;49,96;
17:54:53;0;49,95;
17:54:59;;;
