time;pac;freq;
08:57:33;0;49,97;
08:57:36;0;49,98;
08:57:39;0;49,99;
08:57:54;0;50,00;
08:58:18;0;49,99;
08:58:21;0;50,00;
08:58:30;0;49,99;
08:58:36;0;49,98;
08:58:45;0;49,99;
08:58:51;0;50,00;
08:58:57;0;49,99;
08:59:03;0;50,00;
08:59:30;0;49,99;
08:59:51;0;50,00;
09:00:03;0;50,01;
09:00:06;0;50,00;
09:00:27;0;50,01;
09:00:39;0;50,00;
09:00:54;0;49,99;
09:01:09;0;49,98;
09:01:18;0;49,99;
09:01:30;0;50,00;
09:01:33;0;49,99;
09:01:39;0;49,98;
09:01:51;0;49,99;
09:02:03;0;50,00;
09:02:45;0;50,01;
09:03:24;0;50,00;
09:03:30;0;49,99;
09:03:36;0;49,98;
09:04:30;0;49,99;
09:04:36;0;49,98;
09:04:42;0;49,97;
09:05:03;0;49,98;
09:05:12;0;49,97;
09:05:18;0;49,98;
09:05:45;0;49,99;
09:06:00;0;50,00;
09:06:18;0;50,01;
09:06:27;0;50,00;
09:06:48;0;49,99;
09:06:54;0;49,98;
09:06:57;0;49,99;
09:07:06;0;50,00;
09:07:09;0;50,01;
09:07:18;0;50,00;
09:07:30;0;49,99;
09:07:42;0;49,98;
09:08:18;0;49,99;
09:08:21;0;49,98;
09:08:45;0;49,99;
09:08:57;0;49,98;
09:09:00;0;49,99;
09:09:09;0;50,00;
09:10:21;0;49,99;
09:10:30;0;49,98;
09:10:45;0;49,99;
09:11:00;0;50,00;
09:11:12;0;50,01;
09:11:15;0;50,00;
09:11:21;0;50,01;
09:11:27;0;50,00;
09:11:33;0;50,01;
09:11:42;0;50,00;
09:12:06;0;50,01;
09:12:12;0;50,00;
09:13:00;0;50,01;
09:14:00;0;50,00;
09:14:18;0;50,01;
09:14:24;0;50,00;
09:14:30;0;49,99;
09:14:36;0;50,00;
09:15:15;0;49,99;
09:15:36;0;49,98;
09:15:39;0;49,99;
09:15:54;0;50,00;
09:16:18;0;50,01;
09:16:21;0;50,00;
09:16:30;0;49,99;
09:16:36;0;49,98;
09:16:42;0;49,99;
09:16:48;0;49,98;
09:16:51;0;49,99;
09:17:12;0;49,98;
09:17:21;0;49,97;
09:17:24;0;49,98;
09:17:45;0;49,97;
09:17:48;0;49,98;
09:18:03;0;49,99;
09:18:06;0;50,00;
09:18:27;0;49,99;
09:18:51;42;49,99;
09:18:54;40;49,98;
09:18:57;44;49,98;
09:19:00;48;49,99;
09:19:03;49;49,99;
09:19:06;50;49,99;
09:19:09;53;49,99;
09:19:12;54;49,98;
09:19:15;55;49,98;
09:19:18;58;49,98;
09:19:21;61;49,98;
09:19:24;59;49,98;
09:19:27;63;49,98;
09:19:33;65;49,98;
09:19:36;69;49,98;
09:19:39;70;49,98;
09:19:42;71;49,98;
09:19:45;72;49,98;
09:19:48;76;49,98;
09:19:54;77;49,98;
09:19:57;80;49,99;
09:20:00;81;49,99;
09:20:03;82;49,99;
09:20:06;83;49,98;
09:20:12;84;49,99;
09:20:15;85;49,99;
09:20:21;86;49,99;
09:20:24;88;49,99;
09:20:30;89;49,99;
09:20:33;90;50,00;
09:20:39;90;49,99;
09:20:42;91;49,99;
09:20:45;89;49,99;
09:20:48;93;49,99;
09:20:51;94;50,00;
09:20:54;96;50,00;
09:20:57;90;50,00;
09:21:00;96;50,00;
09:21:06;98;50,00;
09:21:09;101;50,00;
09:21:12;102;50,00;
09:21:15;100;50,00;
09:21:18;103;50,00;
09:21:24;107;50,00;
09:21:27;109;49,99;
09:21:30;110;49,99;
09:21:33;112;49,99;
09:21:36;113;49,98;
09:21:42;117;49,98;
09:21:45;115;49,98;
09:21:48;122;49,99;
09:21:51;121;49,99;
09:21:54;122;49,99;
09:21:57;126;49,99;
09:22:00;127;49,99;
09:22:06;126;49,99;
09:22:09;128;49,98;
09:22:12;127;49,98;
09:22:15;128;49,98;
09:22:18;130;49,97;
09:22:21;130;49,96;
09:22:24;130;49,97;
09:22:30;129;49,97;
09:22:33;128;49,97;
09:22:36;126;49,97;
09:22:39;128;49,97;
09:22:42;127;49,97;
09:22:48;127;49,98;
09:22:51;125;49,98;
09:22:54;130;49,98;
09:22:57;127;49,99;
09:23:00;122;50,00;
09:23:03;132;50,00;
09:23:06;122;50,00;
09:23:09;128;50,00;
09:23:12;123;50,00;
09:23:18;132;50,00;
09:23:21;130;50,00;
09:23:24;126;50,00;
09:23:27;131;50,00;
09:23:36;130;49,99;
09:23:39;134;49,99;
09:23:42;131;50,00;
09:23:45;133;50,00;
09:23:48;137;50,00;
09:23:51;133;50,00;
09:23:54;137;49,99;
09:23:57;139;49,99;
09:24:00;141;49,99;
09:24:06;138;49,99;
09:24:09;139;49,99;
09:24:12;140;49,99;
09:24:15;141;49,99;
09:24:21;139;49,99;
09:24:24;142;49,99;
09:24:27;138;49,99;
09:24:30;138;50,00;
09:24:33;137;50,00;
09:24:42;132;49,98;
09:24:45;130;49,98;
09:24:48;129;49,98;
09:24:51;124;49,98;
09:24:54;123;49,98;
09:24:57;124;49,98;
09:25:00;122;49,98;
09:25:03;126;49,98;
09:25:06;111;49,98;
09:25:09;117;49,98;
09:25:12;103;49,99;
09:25:15;112;50,00;
09:25:18;110;50,00;
09:25:21;102;50,00;
09:25:24;106;50,01;
09:25:27;103;50,00;
09:25:30;100;50,01;
09:25:33;95;50,00;
09:25:36;92;50,00;
09:25:39;89;50,00;
09:25:42;85;50,00;
09:25:48;80;49,99;
09:25:51;79;49,99;
09:25:54;74;49,99;
09:26:00;73;49,99;
09:26:03;71;50,00;
09:26:06;69;50,00;
09:26:09;67;50,00;
09:26:12;65;50,00;
09:26:15;62;50,00;
09:26:18;61;50,00;
09:26:21;59;50,00;
09:26:24;57;50,00;
09:26:27;56;50,00;
09:26:33;51;50,00;
09:26:42;37;50,00;
09:26:45;42;50,00;
09:26:51;44;50,00;
09:26:54;46;50,00;
09:26:57;42;50,00;
09:27:06;40;49,99;
09:27:09;38;49,99;
09:27:12;36;49,99;
09:27:15;37;49,98;
09:27:18;36;49,98;
09:27:24;34;49,98;
09:27:33;33;49,98;
09:27:39;33;49,99;
09:27:42;31;49,99;
09:27:45;30;49,99;
09:27:51;31;49,99;
09:27:54;28;49,99;
09:27:57;28;49,98;
09:28:00;27;49,98;
09:28:03;27;49,99;
09:28:06;27;50,00;
09:28:27;26;50,00;
09:28:30;24;50,00;
09:28:33;26;50,00;
09:28:36;25;49,99;
09:28:45;3;49,99;
09:28:48;0;49,99;
09:28:54;25;49,99;
09:28:57;24;49,99;
09:29:03;25;49,98;
09:29:06;24;49,98;
09:29:18;25;49,98;
09:29:21;24;49,98;
09:29:39;25;49,98;
09:29:42;26;49,98;
09:29:45;24;49,98;
09:29:54;24;49,97;
09:30:00;22;49,97;
09:30:03;24;49,98;
09:30:15;23;49,97;
09:30:18;24;49,97;
09:30:24;24;49,98;
09:30:36;24;49,99;
09:30:48;0;49,99;
09:30:54;0;49,98;
09:31:00;24;49,98;
09:31:06;25;49,98;
09:31:09;24;49,99;
09:31:12;34;50,00;
09:31:15;24;50,00;
09:31:24;25;50,00;
09:31:27;0;49,99;
09:31:30;25;49,98;
09:31:33;24;49,98;
09:31:51;24;49,97;
09:31:54;24;49,98;
09:32:06;24;49,97;
09:32:09;24;49,98;
09:32:12;24;49,97;
09:32:18;24;49,96;
09:32:24;33;49,96;
09:32:27;0;49,96;
09:32:30;9;49,97;
09:32:33;50;49,97;
09:32:36;25;49,98;
09:32:48;27;49,98;
09:32:51;25;49,98;
09:32:54;27;49,98;
09:32:57;0;49,98;
09:33:00;9;49,98;
09:33:03;72;49,98;
09:33:06;49;49,98;
09:33:09;64;49,98;
09:33:12;27;49,98;
09:33:18;25;49,98;
09:33:21;27;49,98;
09:33:24;28;49,98;
09:33:27;27;49,98;
09:33:33;26;49,98;
09:33:36;27;49,97;
09:33:42;28;49,96;
09:33:54;28;49,97;
09:33:57;27;49,97;
09:34:00;27;49,98;
09:34:15;28;49,98;
09:34:18;27;49,98;
09:34:21;28;49,98;
09:34:39;28;49,97;
09:34:45;28;49,98;
09:34:48;30;49,98;
09:34:51;31;49,98;
09:35:03;30;49,98;
09:35:06;31;49,99;
09:35:18;32;49,99;
09:35:21;33;50,00;
09:35:24;26;50,00;
09:35:27;0;50,00;
09:35:30;0;49,99;
09:35:33;0;49,98;
09:35:39;49;49,98;
09:35:45;32;49,98;
09:35:48;33;49,99;
09:35:51;61;50,00;
09:35:54;36;50,00;
09:35:57;37;50,01;
09:36:00;36;50,00;
09:36:06;35;50,00;
09:36:09;36;50,00;
09:36:12;43;50,00;
09:36:15;37;50,00;
09:36:18;37;49,99;
09:36:21;36;49,99;
09:36:24;36;49,98;
09:36:27;35;49,98;
09:36:30;95;49,98;
09:36:33;41;49,98;
09:36:36;36;49,97;
09:36:39;34;49,97;
09:36:42;37;49,97;
09:36:45;36;49,97;
09:36:51;36;49,98;
09:36:54;37;49,98;
09:36:57;40;49,98;
09:37:00;37;49,98;
09:37:03;40;49,98;
09:37:09;44;49,99;
09:37:12;42;49,99;
09:37:15;41;50,00;
09:37:21;43;50,00;
09:37:24;42;50,00;
09:37:27;43;50,00;
09:37:33;42;50,00;
09:37:36;43;50,00;
09:37:39;43;49,99;
09:37:42;44;49,99;
09:37:45;46;49,99;
09:37:51;46;50,00;
09:37:57;48;50,00;
09:38:06;49;49,99;
09:38:09;48;49,99;
09:38:12;48;49,98;
09:38:24;49;49,99;
09:38:27;49;50,00;
09:38:30;48;50,00;
09:38:42;46;50,00;
09:38:45;48;49,99;
09:38:48;46;49,99;
09:38:51;48;49,98;
09:38:54;42;49,98;
09:38:57;38;49,98;
09:39:03;49;49,98;
09:39:06;48;49,98;
09:39:09;47;49,98;
09:39:12;48;49,98;
09:39:15;49;49,97;
09:39:18;48;49,97;
09:39:27;48;49,98;
09:39:30;48;49,99;
09:39:33;49;49,99;
09:39:36;51;49,99;
09:39:39;49;49,99;
09:39:54;49;49,98;
09:40:00;50;49,98;
09:40:03;51;49,97;
09:40:06;49;49,97;
09:40:09;50;49,97;
09:40:12;50;49,98;
09:40:15;49;49,98;
09:40:18;51;49,98;
09:40:24;52;49,98;
09:40:39;53;49,98;
09:40:42;51;49,98;
09:40:45;54;49,98;
09:40:48;55;49,98;
09:40:54;52;49,99;
09:40:57;55;49,99;
09:41:03;55;49,98;
09:41:12;54;49,98;
09:41:18;55;49,98;
09:41:21;57;49,98;
09:41:27;57;49,97;
09:41:30;58;49,97;
09:41:36;56;49,98;
09:41:39;58;49,98;
09:41:48;60;49,99;
09:42:00;60;50,00;
09:42:03;61;50,00;
09:42:06;63;50,00;
09:42:09;64;50,00;
09:42:12;64;49,99;
09:42:15;65;49,99;
09:42:18;63;49,98;
09:42:21;66;49,98;
09:42:24;70;49,98;
09:42:27;67;49,98;
09:42:33;70;49,98;
09:42:36;70;49,97;
09:42:42;71;49,97;
09:42:45;73;49,97;
09:42:48;73;49,98;
09:42:51;75;49,98;
09:42:54;72;49,98;
09:42:57;73;49,98;
09:43:00;75;49,98;
09:43:06;76;49,99;
09:43:09;78;49,99;
09:43:12;79;49,99;
09:43:15;76;49,99;
09:43:18;79;49,98;
09:43:27;81;49,98;
09:43:30;82;49,98;
09:43:33;81;49,97;
09:43:36;77;49,97;
09:43:39;83;49,98;
09:43:42;82;49,98;
09:43:45;84;49,98;
09:43:48;83;49,98;
09:43:51;82;49,98;
09:43:54;83;49,97;
09:43:57;85;49,97;
09:44:00;84;49,97;
09:44:03;82;49,98;
09:44:06;83;49,98;
09:44:09;82;49,98;
09:44:12;84;49,98;
09:44:15;82;49,98;
09:44:18;82;49,97;
09:44:24;81;49,97;
09:44:27;82;49,97;
09:44:33;77;49,97;
09:44:36;79;49,97;
09:44:39;80;49,98;
09:44:42;76;49,98;
09:44:45;78;49,98;
09:44:51;77;49,98;
09:44:57;75;49,98;
09:45:03;74;49,98;
09:45:06;75;49,98;
09:45:09;73;49,99;
09:45:21;71;49,98;
09:45:24;73;49,97;
09:45:27;71;49,96;
09:45:30;69;49,96;
09:45:33;72;49,97;
09:45:36;66;49,97;
09:45:39;57;49,97;
09:45:42;19;49,98;
09:45:45;0;49,98;
09:45:54;40;49,98;
09:45:57;58;49,99;
09:46:03;61;50,00;
09:46:06;59;50,00;
09:46:09;64;50,00;
09:46:12;63;49,99;
09:46:15;58;49,99;
09:46:18;61;49,98;
09:46:21;60;49,98;
09:46:24;62;49,98;
09:46:27;58;49,98;
09:46:30;60;49,98;
09:46:33;58;49,98;
09:46:36;57;49,98;
09:46:39;58;49,98;
09:46:42;57;49,98;
09:46:51;55;49,98;
09:46:54;54;49,98;
09:46:57;52;49,98;
09:47:00;54;49,98;
09:47:03;53;49,98;
09:47:09;54;49,98;
09:47:12;51;49,98;
09:47:15;52;49,98;
09:47:18;53;49,98;
09:47:21;50;49,98;
09:47:36;52;49,97;
09:47:42;51;49,97;
09:47:45;50;49,97;
09:47:48;54;49,97;
09:47:51;51;49,97;
09:47:54;53;49,98;
09:47:57;55;49,98;
09:48:00;54;49,98;
09:48:03;59;49,99;
09:48:09;63;49,99;
09:48:15;67;49,98;
09:48:18;70;49,98;
09:48:21;72;49,98;
09:48:24;75;49,98;
09:48:27;80;49,98;
09:48:30;79;49,98;
09:48:33;82;49,98;
09:48:36;83;49,98;
09:48:39;80;49,99;
09:48:42;78;50,00;
09:48:45;75;50,00;
09:48:48;71;50,00;
09:48:51;69;50,00;
09:48:54;70;50,01;
09:49:00;66;50,01;
09:49:03;56;50,01;
09:49:06;50;50,00;
09:49:09;48;50,00;
09:49:12;57;50,00;
09:49:15;56;50,00;
09:49:18;55;50,00;
09:49:24;57;50,01;
09:49:27;54;50,01;
09:49:30;55;50,01;
09:49:33;53;50,01;
09:49:36;54;50,00;
09:49:39;54;50,01;
09:49:45;56;50,01;
09:49:48;57;50,01;
09:49:51;60;50,01;
09:49:54;61;50,00;
09:49:57;62;50,00;
09:50:00;69;50,00;
09:50:06;83;50,00;
09:50:09;88;50,00;
09:50:12;99;50,00;
09:50:15;102;50,00;
09:50:18;114;50,00;
09:50:21;122;50,00;
09:50:24;127;49,99;
09:50:27;140;49,99;
09:50:30;173;49,98;
09:50:33;184;49,98;
09:50:36;204;49,98;
09:50:39;217;49,98;
09:50:42;232;49,98;
09:50:45;240;49,98;
09:50:48;245;49,98;
09:50:51;256;49,98;
09:50:54;264;49,98;
09:50:57;267;49,98;
09:51:00;270;49,99;
09:51:03;272;49,99;
09:51:06;276;49,98;
09:51:12;276;49,99;
09:51:15;276;50,00;
09:51:18;274;50,00;
09:51:21;271;50,00;
09:51:24;264;49,99;
09:51:27;257;49,99;
09:51:30;262;49,99;
09:51:33;255;49,99;
09:51:36;238;49,99;
09:51:39;230;49,99;
09:51:42;210;49,99;
09:51:45;201;49,99;
09:51:48;173;49,99;
09:51:51;160;49,99;
09:51:54;140;50,00;
09:51:57;117;50,00;
09:52:00;96;50,00;
09:52:03;87;50,00;
09:52:06;74;50,00;
09:52:09;70;50,00;
09:52:12;64;50,00;
09:52:18;49;49,99;
09:52:21;51;49,99;
09:52:24;53;49,99;
09:52:27;58;49,99;
09:52:30;57;49,99;
09:52:33;58;49,99;
09:52:36;60;49,99;
09:52:42;67;49,99;
09:52:45;68;50,00;
09:52:48;73;50,00;
09:52:51;74;50,00;
09:52:54;76;50,00;
09:53:03;75;50,00;
09:53:06;76;50,00;
09:53:12;78;50,00;
09:53:15;84;49,99;
09:53:18;89;49,99;
09:53:21;90;49,99;
09:53:24;92;49,99;
09:53:27;127;49,99;
09:53:30;131;49,98;
09:53:33;156;49,98;
09:53:36;165;49,98;
09:53:39;194;49,98;
09:53:42;209;49,99;
09:53:45;211;49,99;
09:53:48;235;49,99;
09:53:51;248;49,99;
09:53:54;252;49,98;
09:53:57;254;49,98;
09:54:00;255;49,98;
09:54:03;257;49,98;
09:54:09;261;49,98;
09:54:12;260;49,98;
09:54:15;261;49,98;
09:54:18;264;49,98;
09:54:21;267;49,98;
09:54:24;265;49,98;
09:54:27;268;49,98;
09:54:30;270;49,98;
09:54:33;248;49,98;
09:54:36;265;49,98;
09:54:39;271;49,98;
09:54:42;273;49,98;
09:54:45;274;49,99;
09:54:48;273;49,99;
09:54:51;279;49,99;
09:54:54;273;49,99;
09:54:57;277;49,99;
09:55:00;276;49,99;
09:55:06;279;49,99;
09:55:09;281;49,99;
09:55:15;277;49,98;
09:55:18;281;49,98;
09:55:21;286;49,98;
09:55:24;284;49,98;
09:55:27;272;49,98;
09:55:30;279;49,98;
09:55:33;280;49,97;
09:55:36;284;49,97;
09:55:39;284;49,98;
09:55:45;282;49,98;
09:55:48;280;49,98;
09:55:51;271;49,98;
09:55:54;266;49,97;
09:55:57;259;49,97;
09:56:00;241;49,98;
09:56:03;215;49,98;
09:56:06;198;49,98;
09:56:09;165;49,98;
09:56:12;148;49,98;
09:56:15;120;49,98;
09:56:21;98;49,98;
09:56:24;95;49,98;
09:56:27;89;49,99;
09:56:33;85;49,98;
09:56:36;82;49,98;
09:56:39;76;49,98;
09:56:42;73;49,98;
09:56:45;64;49,98;
09:56:48;61;49,98;
09:56:51;58;49,99;
09:56:54;57;49,99;
09:56:57;58;50,00;
09:57:09;61;49,99;
09:57:12;62;49,99;
09:57:15;66;49,99;
09:57:18;67;49,98;
09:57:21;75;49,98;
09:57:27;87;49,98;
09:57:30;91;49,97;
09:57:33;99;49,98;
09:57:36;100;49,98;
09:57:42;97;49,98;
09:57:45;95;49,98;
09:57:48;91;49,99;
09:57:51;85;49,99;
09:57:54;80;49,99;
09:57:57;78;49,99;
09:58:00;73;49,99;
09:58:06;71;49,99;
09:58:12;70;49,99;
09:58:15;72;49,99;
09:58:18;76;50,00;
09:58:21;80;50,00;
09:58:24;92;50,00;
09:58:27;97;50,00;
09:58:30;106;50,00;
09:58:33;121;50,00;
09:58:36;144;50,00;
09:58:39;164;50,00;
09:58:45;169;50,00;
09:58:48;160;50,00;
09:58:51;150;50,00;
09:58:54;140;50,00;
09:58:57;122;49,99;
09:59:00;112;49,99;
09:59:03;103;49,99;
09:59:06;96;49,98;
09:59:09;92;49,98;
09:59:12;75;49,98;
09:59:18;96;49,99;
09:59:21;98;49,99;
09:59:24;110;49,99;
09:59:27;118;49,99;
09:59:30;134;49,98;
09:59:33;142;49,98;
09:59:36;146;49,98;
09:59:39;161;49,98;
09:59:42;187;49,98;
09:59:45;187;49,99;
09:59:48;209;49,99;
09:59:51;207;49,99;
09:59:54;225;49,99;
10:00:00;227;49,99;
10:00:03;233;49,99;
10:00:06;240;50,00;
10:00:09;242;50,00;
10:00:12;243;50,00;
10:00:15;246;50,00;
10:00:18;247;50,00;
10:00:24;243;50,00;
10:00:27;234;50,00;
10:00:30;208;49,99;
10:00:33;187;49,99;
10:00:36;151;49,98;
10:00:39;132;49,98;
10:00:42;116;49,98;
10:00:45;100;49,98;
10:00:48;81;49,99;
10:00:51;78;49,99;
10:00:54;76;49,99;
10:00:57;77;49,99;
10:01:00;81;50,00;
10:01:03;82;50,00;
10:01:06;84;50,00;
10:01:09;86;50,00;
10:01:12;83;49,99;
10:01:15;82;49,99;
10:01:18;77;49,99;
10:01:21;75;49,99;
10:01:24;72;49,99;
10:01:30;67;49,99;
10:01:33;67;49,98;
10:01:36;60;49,98;
10:01:39;57;49,97;
10:01:42;49;49,97;
10:01:45;52;49,97;
10:01:48;50;49,97;
10:01:51;49;49,97;
10:01:54;46;49,98;
10:02:03;43;49,98;
10:02:06;43;49,99;
10:02:09;44;49,99;
10:02:15;43;49,98;
10:02:18;116;49,99;
10:02:21;44;49,98;
10:02:24;49;49,99;
10:02:27;43;49,98;
10:02:30;42;49,98;
10:02:33;43;49,98;
10:02:39;43;49,97;
10:02:42;44;49,97;
10:02:45;44;49,98;
10:02:48;46;49,98;
10:02:51;48;49,98;
10:03:00;49;49,98;
10:03:06;52;49,98;
10:03:09;50;49,98;
10:03:12;51;49,98;
10:03:24;52;49,98;
10:03:27;52;49,97;
10:03:39;52;49,98;
10:03:42;55;49,98;
10:03:45;53;49,98;
10:03:51;52;49,98;
10:03:54;52;49,99;
10:04:03;53;50,00;
10:04:06;54;50,00;
10:04:12;55;50,00;
10:04:15;57;49,99;
10:04:18;58;49,98;
10:04:21;60;49,98;
10:04:27;73;49,97;
10:04:30;75;49,97;
10:04:33;85;49,97;
10:04:36;91;49,97;
10:04:39;98;49,97;
10:04:42;100;49,97;
10:04:45;101;49,97;
10:04:48;108;49,98;
10:04:51;107;49,98;
10:04:54;100;49,98;
10:04:57;111;49,98;
10:05:00;109;49,98;
10:05:03;121;49,98;
10:05:06;138;49,98;
10:05:09;147;49,98;
10:05:12;171;49,98;
10:05:15;187;49,98;
10:05:21;178;49,98;
10:05:24;164;49,98;
10:05:27;139;49,98;
10:05:33;105;49,98;
10:05:36;100;49,98;
10:05:39;93;49,97;
10:05:42;87;49,97;
10:05:45;88;49,97;
10:05:48;93;49,97;
10:05:51;95;49,97;
10:05:54;100;49,97;
10:05:57;119;49,98;
10:06:00;129;49,98;
10:06:03;152;49,98;
10:06:06;164;49,98;
10:06:09;191;49,98;
10:06:12;198;49,98;
10:06:15;205;49,97;
10:06:18;206;49,97;
10:06:21;200;49,97;
10:06:24;188;49,97;
10:06:27;161;49,98;
10:06:30;144;49,98;
10:06:33;116;49,98;
10:06:39;90;49,97;
10:06:42;86;49,97;
10:06:45;82;49,97;
10:06:48;80;49,97;
10:06:51;81;49,97;
10:06:54;85;49,97;
10:06:57;87;49,97;
10:07:00;89;49,97;
10:07:03;94;49,98;
10:07:06;95;49,98;
10:07:09;93;49,99;
10:07:12;90;49,99;
10:07:15;88;49,99;
10:07:18;82;49,99;
10:07:24;73;49,99;
10:07:27;72;49,99;
10:07:30;65;49,99;
10:07:33;61;49,99;
10:07:36;58;49,98;
10:07:42;57;49,99;
10:07:45;54;49,98;
10:07:48;55;49,99;
10:07:54;55;50,00;
10:07:57;57;50,00;
10:08:00;58;49,99;
10:08:03;60;49,99;
10:08:06;62;49,99;
10:08:09;70;49,99;
10:08:12;74;49,98;
10:08:15;76;49,98;
10:08:18;77;49,98;
10:08:21;79;49,98;
10:08:24;76;49,97;
10:08:30;76;49,98;
10:08:33;74;49,98;
10:08:36;73;49,97;
10:08:45;72;49,97;
10:08:54;69;49,98;
10:08:57;67;49,98;
10:09:03;66;49,98;
10:09:06;64;49,98;
10:09:09;62;49,98;
10:09:12;61;49,98;
10:09:18;49;49,99;
10:09:27;59;49,99;
10:09:30;60;49,99;
10:09:36;64;49,98;
10:09:39;65;49,98;
10:09:42;73;49,98;
10:09:45;77;49,98;
10:09:48;92;49,97;
10:09:51;98;49,97;
10:09:54;108;49,96;
10:09:57;120;49,96;
10:10:00;145;49,96;
10:10:03;153;49,96;
10:10:06;174;49,97;
10:10:09;178;49,97;
10:10:12;174;49,98;
10:10:15;172;49,98;
10:10:18;163;49,98;
10:10:21;149;49,98;
10:10:24;137;49,98;
10:10:30;132;49,98;
10:10:33;136;49,98;
10:10:36;152;49,98;
10:10:42;173;49,98;
10:10:45;180;49,98;
10:10:48;191;49,98;
10:10:51;197;49,99;
10:10:54;200;49,99;
10:10:57;199;49,98;
10:11:00;196;49,98;
10:11:03;191;49,98;
10:11:06;168;49,99;
10:11:09;159;49,99;
10:11:12;140;50,00;
10:11:15;136;50,00;
10:11:18;134;50,00;
10:11:21;125;50,00;
10:11:27;121;49,99;
10:11:30;116;49,99;
10:11:33;106;49,99;
10:11:36;99;49,99;
10:11:39;89;49,98;
10:11:42;87;49,98;
10:11:45;84;49,98;
10:11:48;82;49,98;
10:11:51;79;49,98;
10:11:54;81;49,98;
10:11:57;83;49,98;
10:12:00;85;49,98;
10:12:03;94;49,99;
10:12:06;97;49,99;
10:12:09;103;49,99;
10:12:12;114;49,99;
10:12:15;112;49,99;
10:12:18;110;49,99;
10:12:21;100;49,99;
10:12:24;97;49,99;
10:12:27;90;49,99;
10:12:33;86;50,00;
10:12:36;87;50,01;
10:12:39;92;50,01;
10:12:42;91;50,01;
10:12:45;94;50,00;
10:12:48;95;50,00;
10:12:57;89;50,00;
10:13:00;85;50,00;
10:13:03;80;50,01;
10:13:06;78;50,01;
10:13:09;75;50,01;
10:13:12;74;50,01;
10:13:18;74;50,00;
10:13:21;75;50,00;
10:13:24;76;50,00;
10:13:27;79;50,00;
10:13:33;80;50,00;
10:13:39;82;50,00;
10:13:42;85;50,01;
10:13:45;90;50,01;
10:13:48;93;50,01;
10:13:51;102;50,00;
10:13:54;105;50,00;
10:13:57;111;50,00;
10:14:00;115;50,00;
10:14:03;123;50,00;
10:14:06;122;49,99;
10:14:09;117;50,00;
10:14:12;112;50,00;
10:14:15;101;50,00;
10:14:18;96;50,00;
10:14:21;92;50,00;
10:14:24;84;50,00;
10:14:27;82;49,99;
10:14:30;80;49,99;
10:14:33;78;49,99;
10:14:36;80;49,99;
10:14:39;82;50,00;
10:14:45;89;50,00;
10:14:48;93;50,00;
10:14:51;102;50,00;
10:14:54;109;50,00;
10:14:57;121;50,00;
10:15:00;135;50,00;
10:15:03;140;50,00;
10:15:06;158;50,00;
10:15:09;189;50,00;
10:15:12;191;50,00;
10:15:15;213;50,00;
10:15:18;212;50,00;
10:15:21;221;50,00;
10:15:24;223;50,00;
10:15:27;221;50,00;
10:15:30;224;50,00;
10:15:33;209;49,99;
10:15:36;208;49,99;
10:15:39;205;50,00;
10:15:42;200;50,00;
10:15:45;197;50,00;
10:15:48;196;50,01;
10:15:51;192;50,01;
10:15:54;183;50,01;
10:16:00;201;50,00;
10:16:03;204;50,00;
10:16:06;208;50,01;
10:16:09;202;50,00;
10:16:12;198;50,00;
10:16:15;192;50,00;
10:16:18;180;49,99;
10:16:21;174;49,99;
10:16:24;164;49,99;
10:16:27;160;49,99;
10:16:30;154;49,98;
10:16:36;155;49,99;
10:16:39;160;49,99;
10:16:42;164;49,99;
10:16:45;168;49,99;
10:16:48;172;49,99;
10:16:51;173;49,99;
10:16:54;180;49,98;
10:16:57;173;49,99;
10:17:00;201;49,99;
10:17:03;211;50,00;
10:17:06;239;50,00;
10:17:09;237;50,00;
10:17:12;257;50,00;
10:17:15;261;50,00;
10:17:18;259;50,00;
10:17:21;259;49,99;
10:17:24;250;50,00;
10:17:27;249;50,00;
10:17:30;237;49,99;
10:17:33;229;49,99;
10:17:36;209;49,99;
10:17:42;174;49,99;
10:17:45;164;49,99;
10:17:48;149;50,00;
10:17:51;138;50,00;
10:17:54;117;50,00;
10:17:57;122;50,00;
10:18:00;121;50,00;
10:18:03;108;50,00;
10:18:06;109;49,99;
10:18:09;116;50,00;
10:18:12;114;50,00;
10:18:15;121;50,00;
10:18:18;117;50,00;
10:18:24;115;50,00;
10:18:27;107;49,99;
10:18:30;97;50,00;
10:18:33;95;50,00;
10:18:36;93;50,00;
10:18:42;97;50,00;
10:18:48;116;50,00;
10:18:51;122;50,00;
10:18:54;144;50,00;
10:18:57;158;50,00;
10:19:00;190;50,01;
10:19:03;202;50,01;
10:19:06;217;50,01;
10:19:09;226;50,01;
10:19:12;250;50,00;
10:19:15;254;50,00;
10:19:18;259;50,00;
10:19:21;258;50,00;
10:19:24;248;50,00;
10:19:27;238;50,00;
10:19:30;201;50,00;
10:19:33;183;50,00;
10:19:36;180;50,00;
10:19:39;168;49,99;
10:19:42;131;49,99;
10:19:45;127;50,00;
10:19:48;110;50,00;
10:19:54;116;50,01;
10:19:57;107;50,01;
10:20:00;123;50,00;
10:20:03;133;50,00;
10:20:06;156;49,99;
10:20:09;159;49,99;
10:20:12;174;49,99;
10:20:15;182;49,99;
10:20:18;190;49,99;
10:20:21;186;49,99;
10:20:24;187;49,99;
10:20:27;186;49,99;
10:20:30;179;49,99;
10:20:33;164;49,99;
10:20:39;145;49,99;
10:20:42;141;50,00;
10:20:45;125;50,00;
10:20:51;123;50,00;
10:20:54;121;50,01;
10:20:57;121;50,00;
10:21:00;124;50,00;
10:21:06;126;50,01;
10:21:09;118;50,01;
10:21:12;115;50,01;
10:21:15;103;50,01;
10:21:18;94;50,01;
10:21:21;91;50,01;
10:21:24;85;50,01;
10:21:27;83;50,01;
10:21:33;90;50,00;
10:21:36;94;50,00;
10:21:39;102;50,00;
10:21:45;120;50,00;
10:21:48;123;50,00;
10:21:51;132;50,00;
10:21:54;131;50,00;
10:21:57;123;50,00;
10:22:00;121;50,00;
10:22:03;116;50,00;
10:22:06;110;50,01;
10:22:09;97;50,01;
10:22:12;95;50,01;
10:22:15;93;50,01;
10:22:18;94;50,01;
10:22:21;98;50,01;
10:22:24;102;50,01;
10:22:27;108;50,01;
10:22:30;125;50,00;
10:22:33;134;50,00;
10:22:36;157;50,00;
10:22:39;180;50,01;
10:22:42;191;50,01;
10:22:45;205;50,01;
10:22:51;201;50,00;
10:22:54;197;50,00;
10:22:57;173;50,00;
10:23:00;171;50,00;
10:23:03;140;50,00;
10:23:06;137;50,00;
10:23:09;131;50,01;
10:23:12;127;50,00;
10:23:15;115;50,00;
10:23:18;121;50,00;
10:23:21;121;49,99;
10:23:24;112;49,99;
10:23:33;108;49,99;
10:23:39;106;50,00;
10:23:42;103;50,00;
10:23:45;107;49,99;
10:23:48;104;49,99;
10:23:51;120;49,99;
10:23:57;145;50,00;
10:24:00;158;50,00;
10:24:03;184;50,01;
10:24:06;197;50,01;
10:24:09;236;50,00;
10:24:12;253;50,00;
10:24:15;271;50,00;
10:24:18;286;50,00;
10:24:21;322;50,00;
10:24:24;328;50,00;
10:24:27;347;50,00;
10:24:30;351;50,00;
10:24:33;347;50,00;
10:24:36;361;50,00;
10:24:39;363;50,00;
10:24:42;362;50,01;
10:24:45;372;50,00;
10:24:48;373;50,00;
10:24:51;377;50,00;
10:24:54;383;50,00;
10:24:57;382;50,00;
10:25:00;385;50,00;
10:25:03;375;50,00;
10:25:06;389;50,00;
10:25:09;385;49,99;
10:25:12;390;49,99;
10:25:15;382;49,99;
10:25:18;379;49,99;
10:25:21;385;49,99;
10:25:24;378;49,99;
10:25:27;367;49,98;
10:25:30;371;49,98;
10:25:33;370;49,98;
10:25:36;367;49,98;
10:25:42;364;49,97;
10:25:48;368;49,97;
10:25:51;360;49,97;
10:25:54;371;49,98;
10:25:57;373;49,98;
10:26:00;368;49,99;
10:26:03;378;49,99;
10:26:09;381;49,99;
10:26:12;376;49,99;
10:26:15;385;49,99;
10:26:18;381;49,98;
10:26:21;390;49,98;
10:26:24;388;49,98;
10:26:27;383;49,98;
10:26:30;386;49,98;
10:26:33;389;49,99;
10:26:36;387;49,99;
10:26:45;391;49,99;
10:26:48;388;50,00;
10:26:54;389;50,00;
10:27:00;392;50,00;
10:27:03;383;50,00;
10:27:06;382;49,99;
10:27:09;372;49,99;
10:27:12;379;49,98;
10:27:15;382;49,98;
10:27:18;372;49,98;
10:27:21;382;49,98;
10:27:24;385;49,98;
10:27:27;383;49,98;
10:27:30;390;49,98;
10:27:36;396;49,98;
10:27:39;399;49,98;
10:27:42;403;49,98;
10:27:45;407;49,98;
10:27:48;411;49,98;
10:27:51;412;49,98;
10:27:54;420;49,99;
10:28:00;424;50,00;
10:28:03;426;50,00;
10:28:06;430;50,00;
10:28:09;428;50,00;
10:28:12;432;49,99;
10:28:15;430;49,99;
10:28:18;434;49,99;
10:28:21;430;49,99;
10:28:24;432;50,00;
10:28:27;435;49,99;
10:28:30;436;49,99;
10:28:33;439;49,99;
10:28:36;443;49,98;
10:28:42;438;49,98;
10:28:45;449;49,98;
10:28:48;453;49,99;
10:28:54;461;49,99;
10:28:57;463;49,99;
10:29:00;465;49,99;
10:29:06;467;49,99;
10:29:09;469;50,00;
10:29:12;470;50,00;
10:29:15;479;50,00;
10:29:18;460;50,00;
10:29:21;477;50,00;
10:29:24;466;50,00;
10:29:27;471;50,00;
10:29:30;480;49,99;
10:29:33;469;49,99;
10:29:36;483;49,99;
10:29:39;485;50,00;
10:29:42;484;50,00;
10:29:45;489;50,00;
10:29:51;491;50,00;
10:29:54;485;50,00;
10:29:57;483;50,00;
10:30:00;469;50,00;
10:30:03;480;49,99;
10:30:06;484;49,99;
10:30:09;475;49,98;
10:30:12;481;49,98;
10:30:15;472;49,98;
10:30:18;471;49,97;
10:30:21;470;49,97;
10:30:24;474;49,97;
10:30:27;476;49,96;
10:30:30;474;49,96;
10:30:33;473;49,96;
10:30:36;468;49,96;
10:30:39;478;49,96;
10:30:42;473;49,96;
10:30:45;475;49,96;
10:30:48;463;49,96;
10:30:51;475;49,96;
10:31:00;469;49,96;
10:31:03;477;49,97;
10:31:06;466;49,97;
10:31:09;463;49,97;
10:31:12;453;49,97;
10:31:15;460;49,97;
10:31:18;461;49,97;
10:31:21;460;49,98;
10:31:24;456;49,98;
10:31:27;452;49,97;
10:31:30;444;49,97;
10:31:33;442;49,97;
10:31:36;440;49,98;
10:31:39;436;49,98;
10:31:42;434;49,98;
10:31:45;433;49,99;
10:31:48;434;49,99;
10:31:51;435;49,98;
10:31:54;436;49,98;
10:31:57;440;49,98;
10:32:03;446;49,98;
10:32:06;420;49,98;
10:32:09;449;49,98;
10:32:15;446;49,98;
10:32:18;454;49,98;
10:32:24;453;49,98;
10:32:27;458;49,98;
10:32:30;459;49,98;
10:32:33;456;49,98;
10:32:36;460;49,98;
10:32:39;459;49,98;
10:32:42;460;49,99;
10:32:45;457;49,99;
10:32:48;459;49,99;
10:32:51;456;50,00;
10:32:54;455;50,00;
10:32:57;453;50,00;
10:33:00;450;50,00;
10:33:03;436;50,00;
10:33:12;441;50,00;
10:33:15;429;50,00;
10:33:18;434;50,00;
10:33:21;433;50,00;
10:33:24;429;50,00;
10:33:27;430;50,00;
10:33:30;421;50,00;
10:33:33;430;49,98;
10:33:36;426;49,98;
10:33:39;417;49,98;
10:33:42;432;49,98;
10:33:45;437;49,98;
10:33:48;438;49,98;
10:33:51;441;49,99;
10:33:54;444;49,99;
10:33:57;447;49,99;
10:34:00;446;49,98;
10:34:03;453;49,98;
10:34:06;458;49,98;
10:34:12;460;49,98;
10:34:15;464;49,98;
10:34:18;472;49,98;
10:34:21;479;49,98;
10:34:27;481;49,98;
10:34:30;486;49,99;
10:34:36;491;49,99;
10:34:39;491;50,00;
10:34:42;490;50,00;
10:34:48;489;50,01;
10:34:51;488;50,01;
10:34:54;483;50,01;
10:35:00;479;50,00;
10:35:03;477;50,00;
10:35:06;474;50,00;
10:35:09;475;50,00;
10:35:12;469;50,00;
10:35:18;463;50,00;
10:35:21;466;50,00;
10:35:24;458;50,00;
10:35:27;461;50,00;
10:35:33;459;50,00;
10:35:36;462;50,00;
10:35:39;461;49,99;
10:35:42;458;49,99;
10:35:45;463;50,00;
10:35:48;468;50,01;
10:35:54;470;50,01;
10:35:57;474;50,01;
10:36:00;475;50,01;
10:36:06;457;50,01;
10:36:09;470;50,01;
10:36:12;466;50,01;
10:36:15;473;50,01;
10:36:18;463;50,01;
10:36:21;470;50,01;
10:36:24;466;50,01;
10:36:27;472;50,01;
10:36:30;462;50,00;
10:36:33;472;50,00;
10:36:36;477;50,00;
10:36:39;474;50,00;
10:36:42;475;50,01;
10:36:45;479;50,01;
10:36:48;482;50,00;
10:36:51;483;50,00;
10:36:54;478;50,00;
10:36:57;494;50,00;
10:37:00;496;50,00;
10:37:03;499;50,01;
10:37:06;496;50,01;
10:37:12;509;50,01;
10:37:15;510;50,01;
10:37:18;502;50,00;
10:37:21;511;50,00;
10:37:24;513;49,99;
10:37:27;515;50,00;
10:37:30;514;50,00;
10:37:33;504;50,00;
10:37:36;508;50,01;
10:37:39;513;50,00;
10:37:42;502;50,01;
10:37:45;508;50,00;
10:37:48;506;50,01;
10:37:51;502;50,01;
10:37:54;506;50,01;
10:37:57;500;50,01;
10:38:00;498;50,01;
10:38:03;500;50,01;
10:38:06;494;50,01;
10:38:09;498;50,01;
10:38:12;492;50,01;
10:38:21;486;50,00;
10:38:24;489;50,00;
10:38:27;495;50,00;
10:38:30;492;50,00;
10:38:33;486;50,00;
10:38:36;493;50,00;
10:38:39;491;50,00;
10:38:42;499;50,00;
10:38:45;497;49,99;
10:38:48;503;49,99;
10:38:51;509;49,98;
10:38:54;508;49,98;
10:38:57;503;49,98;
10:39:03;520;49,98;
10:39:06;521;49,98;
10:39:09;523;49,99;
10:39:12;524;49,99;
10:39:15;521;49,99;
10:39:18;526;49,99;
10:39:21;511;49,98;
10:39:24;519;49,98;
10:39:27;515;49,98;
10:39:30;522;49,98;
10:39:33;510;49,97;
10:39:36;515;49,98;
10:39:39;512;49,98;
10:39:42;521;49,98;
10:39:45;514;49,99;
10:39:48;511;49,99;
10:39:51;515;50,00;
10:39:54;510;50,00;
10:39:57;506;50,00;
10:40:00;518;50,00;
10:40:03;517;50,00;
10:40:09;513;49,99;
10:40:12;519;49,98;
10:40:15;505;49,98;
10:40:18;519;49,98;
10:40:21;526;49,98;
10:40:24;524;49,98;
10:40:27;524;49,99;
10:40:30;531;49,99;
10:40:33;524;50,00;
10:40:36;525;50,00;
10:40:39;532;50,00;
10:40:42;536;50,00;
10:40:45;520;50,00;
10:40:48;532;49,99;
10:40:51;533;49,99;
10:40:54;530;49,99;
10:40:57;516;49,99;
10:41:00;517;49,99;
10:41:03;520;50,00;
10:41:06;522;50,00;
10:41:09;508;50,00;
10:41:15;515;50,00;
10:41:18;511;50,00;
10:41:21;500;49,99;
10:41:24;506;49,99;
10:41:27;510;49,99;
10:41:30;500;49,99;
10:41:33;498;49,99;
10:41:36;502;49,98;
10:41:39;500;49,98;
10:41:42;510;49,98;
10:41:45;511;49,98;
10:41:48;502;49,98;
10:41:51;509;49,99;
10:41:54;515;50,00;
10:41:57;524;50,00;
10:42:00;518;50,00;
10:42:03;537;50,00;
10:42:06;540;50,00;
10:42:09;553;50,00;
10:42:12;549;50,00;
10:42:15;568;49,99;
10:42:21;582;49,99;
10:42:24;575;49,99;
10:42:27;585;49,99;
10:42:30;577;49,99;
10:42:33;599;49,99;
10:42:36;606;49,99;
10:42:39;605;49,99;
10:42:42;607;49,99;
10:42:45;611;49,99;
10:42:48;615;49,99;
10:42:51;610;49,99;
10:42:54;596;49,99;
10:42:57;602;49,99;
10:43:00;601;49,99;
10:43:03;590;49,99;
10:43:06;565;49,99;
10:43:09;564;49,99;
10:43:12;558;50,00;
10:43:15;548;50,00;
10:43:18;539;50,00;
10:43:21;530;50,00;
10:43:24;528;50,00;
10:43:27;509;50,00;
10:43:30;507;50,00;
10:43:33;495;49,99;
10:43:36;490;49,99;
10:43:39;493;49,99;
10:43:42;490;50,00;
10:43:45;496;50,00;
10:43:48;497;50,00;
10:43:51;496;50,00;
10:43:54;499;50,00;
10:43:57;510;50,00;
10:44:00;507;50,00;
10:44:03;510;50,01;
10:44:06;528;50,01;
10:44:12;548;50,00;
10:44:15;563;50,00;
10:44:18;585;50,00;
10:44:21;595;50,00;
10:44:24;605;50,00;
10:44:27;626;50,00;
10:44:30;625;50,00;
10:44:33;624;50,00;
10:44:36;655;50,00;
10:44:39;654;50,00;
10:44:42;657;50,01;
10:44:45;648;50,01;
10:44:48;647;50,01;
10:44:51;640;50,01;
10:44:54;645;50,01;
10:44:57;614;50,01;
10:45:03;614;50,02;
10:45:06;593;50,01;
10:45:09;577;50,02;
10:45:18;565;50,01;
10:45:21;557;50,01;
10:45:24;558;50,01;
10:45:27;546;50,00;
10:45:30;544;50,00;
10:45:33;530;50,00;
10:45:36;540;50,00;
10:45:39;543;49,99;
10:45:42;539;49,99;
10:45:45;529;50,00;
10:45:48;540;50,00;
10:45:51;543;50,01;
10:45:54;550;50,01;
10:45:57;545;50,01;
10:46:00;553;50,01;
10:46:03;542;50,01;
10:46:06;556;50,00;
10:46:09;553;50,00;
10:46:12;567;50,00;
10:46:15;562;50,00;
10:46:18;579;49,99;
10:46:24;591;49,99;
10:46:27;585;49,99;
10:46:30;602;49,99;
10:46:33;604;50,00;
10:46:36;612;50,00;
10:46:39;609;50,00;
10:46:42;613;50,00;
10:46:45;616;49,99;
10:46:48;617;49,98;
10:46:51;618;49,98;
10:47:00;613;49,98;
10:47:03;612;49,99;
10:47:06;615;49,99;
10:47:09;606;49,98;
10:47:12;602;49,98;
10:47:15;599;49,98;
10:47:18;594;49,98;
10:47:21;600;49,98;
10:47:24;593;49,98;
10:47:30;590;49,98;
10:47:33;588;49,98;
10:47:36;582;49,98;
10:47:39;586;49,98;
10:47:42;575;49,98;
10:47:45;583;49,98;
10:47:48;578;49,98;
10:47:51;583;49,98;
10:47:54;575;49,99;
10:47:57;585;49,99;
10:48:00;581;49,99;
10:48:03;590;50,00;
10:48:06;581;50,00;
10:48:09;596;50,00;
10:48:15;601;49,99;
10:48:18;598;49,99;
10:48:21;611;49,98;
10:48:27;620;49,98;
10:48:30;612;49,98;
10:48:33;623;49,98;
10:48:36;625;49,98;
10:48:39;629;49,98;
10:48:42;623;49,98;
10:48:45;636;49,98;
10:48:48;628;49,98;
10:48:51;639;49,98;
10:48:54;632;49,98;
10:48:57;637;49,98;
10:49:00;631;49,99;
10:49:03;635;49,99;
10:49:06;629;50,00;
10:49:09;625;50,01;
10:49:12;609;50,01;
10:49:15;612;50,00;
10:49:21;604;50,00;
10:49:24;585;50,01;
10:49:27;587;50,01;
10:49:30;588;50,01;
10:49:33;572;50,01;
10:49:36;562;50,01;
10:49:39;567;50,00;
10:49:42;570;50,00;
10:49:45;572;50,00;
10:49:48;579;50,00;
10:49:51;578;50,00;
10:49:54;579;50,00;
10:49:57;580;50,01;
10:50:00;586;50,01;
10:50:03;584;50,01;
10:50:06;587;50,01;
10:50:09;586;50,01;
10:50:12;596;50,01;
10:50:15;606;50,01;
10:50:18;609;50,01;
10:50:21;615;50,00;
10:50:27;607;50,01;
10:50:30;611;50,00;
10:50:33;613;50,00;
10:50:36;600;50,00;
10:50:39;629;50,01;
10:50:42;627;50,01;
10:50:45;614;50,01;
10:50:48;622;50,01;
10:50:51;627;50,02;
10:50:54;624;50,01;
10:50:57;618;50,01;
10:51:00;622;50,01;
10:51:03;617;50,00;
10:51:06;615;50,00;
10:51:09;603;50,00;
10:51:12;601;50,00;
10:51:15;599;50,01;
10:51:18;601;50,00;
10:51:21;602;50,00;
10:51:24;612;50,00;
10:51:27;610;50,00;
10:51:33;612;50,00;
10:51:36;605;50,00;
10:51:39;591;50,00;
10:51:42;602;50,00;
10:51:45;592;50,01;
10:51:48;587;50,01;
10:51:54;576;50,01;
10:51:57;558;50,01;
10:52:00;560;50,01;
10:52:03;546;50,00;
10:52:06;559;50,00;
10:52:09;555;50,01;
10:52:12;573;50,01;
10:52:18;584;50,01;
10:52:21;583;50,01;
10:52:24;596;50,01;
10:52:27;591;50,01;
10:52:30;597;50,01;
10:52:33;589;50,01;
10:52:36;594;50,01;
10:52:39;597;50,01;
10:52:42;591;50,00;
10:52:45;586;50,00;
10:52:48;588;50,00;
10:52:51;587;50,00;
10:52:54;582;50,00;
10:52:57;583;50,00;
10:53:00;572;50,00;
10:53:03;578;50,01;
10:53:06;560;50,01;
10:53:09;568;50,01;
10:53:12;564;50,01;
10:53:15;554;50,01;
10:53:18;550;50,01;
10:53:24;543;50,00;
10:53:27;549;50,00;
10:53:30;542;50,00;
10:53:33;539;50,01;
10:53:36;512;50,01;
10:53:39;531;50,01;
10:53:45;530;50,01;
10:53:48;524;50,01;
10:53:51;547;50,01;
10:53:54;545;50,01;
10:53:57;541;50,01;
10:54:00;532;50,01;
10:54:03;533;50,01;
10:54:06;526;50,01;
10:54:09;523;50,00;
10:54:12;513;50,00;
10:54:15;517;50,01;
10:54:18;515;50,00;
10:54:21;516;50,00;
10:54:24;518;50,00;
10:54:30;520;49,99;
10:54:33;531;50,00;
10:54:36;534;50,00;
10:54:39;539;50,00;
10:54:42;536;50,00;
10:54:45;545;50,00;
10:54:48;544;50,00;
10:54:51;531;50,00;
10:54:54;542;50,00;
10:54:57;521;50,00;
10:55:00;510;50,00;
10:55:03;511;50,00;
10:55:06;490;50,00;
10:55:09;485;50,00;
10:55:12;476;50,00;
10:55:15;468;49,99;
10:55:18;470;49,99;
10:55:21;466;49,99;
10:55:24;474;50,00;
10:55:27;479;50,00;
10:55:30;492;50,00;
10:55:36;445;50,01;
10:55:39;420;50,00;
10:55:42;353;50,01;
10:55:45;341;50,01;
10:55:48;311;50,01;
10:55:51;302;50,01;
10:55:54;304;50,01;
10:55:57;306;50,01;
10:56:00;303;50,01;
10:56:03;302;50,01;
10:56:06;300;50,01;
10:56:09;298;50,00;
10:56:12;295;50,01;
10:56:15;291;50,01;
10:56:18;288;50,01;
10:56:24;300;50,01;
10:56:27;306;50,01;
10:56:30;327;50,01;
10:56:33;336;50,00;
10:56:36;344;50,00;
10:56:39;347;50,00;
10:56:42;343;50,00;
10:56:45;292;50,00;
10:56:48;267;50,00;
10:56:51;235;50,00;
10:56:54;228;50,00;
10:56:57;222;50,00;
10:57:00;243;50,00;
10:57:03;257;50,01;
10:57:06;266;50,01;
10:57:12;258;50,01;
10:57:15;234;50,01;
10:57:18;229;50,01;
10:57:21;235;50,01;
10:57:27;276;50,01;
10:57:30;299;50,01;
10:57:33;347;50,01;
10:57:36;367;50,00;
10:57:39;398;50,00;
10:57:42;417;50,00;
10:57:45;420;50,01;
10:57:48;407;50,01;
10:57:51;357;50,00;
10:57:54;338;50,00;
10:57:57;301;49,99;
10:58:00;278;49,99;
10:58:03;285;50,00;
10:58:06;297;50,00;
10:58:09;312;50,00;
10:58:12;354;50,00;
10:58:15;406;50,00;
10:58:18;431;50,00;
10:58:21;473;50,00;
10:58:24;489;50,00;
10:58:27;512;50,01;
10:58:33;535;50,00;
10:58:36;536;50,00;
10:58:39;546;50,00;
10:58:42;552;50,00;
10:58:45;535;50,01;
10:58:48;566;50,00;
10:58:51;570;50,00;
10:58:54;572;50,00;
10:58:57;593;50,01;
10:59:00;589;50,00;
10:59:03;591;50,00;
10:59:06;606;50,00;
10:59:09;587;50,00;
10:59:12;599;50,00;
10:59:15;602;50,00;
10:59:18;607;50,00;
10:59:21;592;50,00;
10:59:24;610;49,99;
10:59:27;617;49,99;
10:59:30;611;49,99;
10:59:33;615;49,98;
10:59:39;609;49,99;
10:59:42;605;49,99;
10:59:45;598;50,00;
10:59:48;603;50,00;
10:59:51;614;50,00;
10:59:54;610;50,00;
10:59:57;609;50,00;
11:00:00;605;50,00;
11:00:03;616;49,99;
11:00:06;621;49,99;
11:00:09;626;49,99;
11:00:12;625;49,99;
11:00:15;624;49,99;
11:00:18;610;50,00;
11:00:21;624;50,00;
11:00:24;603;50,00;
11:00:27;617;50,00;
11:00:30;621;50,00;
11:00:33;615;50,00;
11:00:36;609;50,00;
11:00:39;617;50,00;
11:00:45;597;50,00;
11:00:48;601;50,00;
11:00:51;609;50,00;
11:00:54;608;49,99;
11:00:57;615;49,98;
11:01:00;604;49,98;
11:01:03;612;49,98;
11:01:06;610;49,97;
11:01:09;600;49,97;
11:01:12;576;49,97;
11:01:15;591;49,97;
11:01:18;595;49,98;
11:01:21;584;49,98;
11:01:24;580;49,99;
11:01:30;579;49,98;
11:01:33;584;49,98;
11:01:36;583;49,98;
11:01:39;591;49,98;
11:01:42;588;49,98;
11:01:45;598;49,98;
11:01:48;603;49,98;
11:01:51;598;49,98;
11:01:54;609;49,98;
11:02:00;601;49,98;
11:02:03;612;49,98;
11:02:06;625;49,99;
11:02:09;621;49,99;
11:02:12;620;50,00;
11:02:15;606;50,00;
11:02:18;622;50,00;
11:02:21;613;50,00;
11:02:24;596;50,00;
11:02:27;611;49,99;
11:02:30;621;49,99;
11:02:36;615;49,98;
11:02:39;617;49,98;
11:02:42;610;49,98;
11:02:45;615;49,98;
11:02:48;603;49,98;
11:02:51;608;49,99;
11:02:54;614;49,99;
11:02:57;621;49,99;
11:03:00;614;49,99;
11:03:03;608;49,99;
11:03:06;625;49,99;
11:03:09;628;49,99;
11:03:12;636;49,99;
11:03:15;630;49,98;
11:03:18;639;49,98;
11:03:21;632;49,98;
11:03:24;632;49,97;
11:03:27;619;49,97;
11:03:30;637;49,97;
11:03:33;641;49,97;
11:03:36;639;49,96;
11:03:42;641;49,97;
11:03:45;628;49,97;
11:03:48;635;49,97;
11:03:51;627;49,97;
11:03:54;628;49,97;
11:03:57;616;49,96;
11:04:00;623;49,96;
11:04:03;620;49,97;
11:04:06;613;49,97;
11:04:09;602;49,97;
11:04:12;610;49,97;
11:04:15;597;49,97;
11:04:18;608;49,97;
11:04:21;599;49,97;
11:04:24;600;49,97;
11:04:27;586;49,96;
11:04:30;604;49,96;
11:04:33;588;49,96;
11:04:36;606;49,96;
11:04:39;587;49,96;
11:04:42;604;49,97;
11:04:48;609;49,97;
11:04:54;610;49,98;
11:04:57;603;49,98;
11:05:00;610;49,98;
11:05:03;609;49,98;
11:05:06;602;49,98;
11:05:09;611;49,98;
11:05:12;616;49,97;
11:05:15;615;49,97;
11:05:18;617;49,97;
11:05:21;618;49,97;
11:05:24;613;49,98;
11:05:27;596;49,97;
11:05:30;590;49,97;
11:05:33;609;49,97;
11:05:36;609;49,96;
11:05:39;589;49,96;
11:05:42;594;49,97;
11:05:45;611;49,97;
11:05:48;601;49,97;
11:05:51;603;49,97;
11:05:54;588;49,97;
11:05:57;600;49,97;
11:06:00;599;49,97;
11:06:03;607;49,98;
11:06:06;599;49,98;
11:06:09;614;49,98;
11:06:12;607;49,98;
11:06:15;618;49,98;
11:06:18;602;49,98;
11:06:21;626;49,97;
11:06:24;631;49,97;
11:06:27;631;49,96;
11:06:30;622;49,96;
11:06:33;637;49,97;
11:06:39;647;49,98;
11:06:42;637;49,98;
11:06:45;651;49,99;
11:06:48;658;49,98;
11:06:51;653;49,99;
11:06:54;638;49,99;
11:06:57;646;49,99;
11:07:00;654;50,00;
11:07:03;659;50,00;
11:07:06;646;50,00;
11:07:09;665;50,00;
11:07:12;672;50,00;
11:07:18;661;50,00;
11:07:21;660;50,00;
11:07:24;685;50,00;
11:07:27;684;50,00;
11:07:30;671;49,99;
11:07:33;674;50,00;
11:07:36;665;50,00;
11:07:39;669;50,00;
11:07:45;668;50,00;
11:07:48;657;50,00;
11:07:51;669;50,00;
11:07:54;672;50,00;
11:07:57;678;50,00;
11:08:00;685;50,00;
11:08:03;689;50,00;
11:08:06;690;50,01;
11:08:09;693;50,01;
11:08:12;687;50,01;
11:08:15;683;50,01;
11:08:21;677;50,01;
11:08:24;690;50,01;
11:08:27;693;50,00;
11:08:30;675;50,00;
11:08:33;668;50,00;
11:08:36;663;50,00;
11:08:39;650;49,99;
11:08:42;644;49,99;
11:08:45;635;49,99;
11:08:51;624;50,00;
11:08:54;620;50,00;
11:08:57;602;49,99;
11:09:00;611;50,00;
11:09:03;608;50,00;
11:09:06;618;50,00;
11:09:09;608;50,00;
11:09:12;618;50,01;
11:09:15;593;50,00;
11:09:18;618;50,00;
11:09:21;625;50,00;
11:09:27;628;50,00;
11:09:30;625;49,99;
11:09:33;612;49,99;
11:09:36;630;49,99;
11:09:39;635;49,99;
11:09:42;622;50,00;
11:09:45;639;49,99;
11:09:48;648;49,99;
11:09:51;651;49,99;
11:09:57;648;49,99;
11:10:00;656;49,99;
11:10:03;659;49,98;
11:10:06;660;49,98;
11:10:09;647;49,98;
11:10:12;669;49,98;
11:10:15;674;49,98;
11:10:18;671;49,98;
11:10:21;663;49,98;
11:10:24;677;49,99;
11:10:27;680;49,99;
11:10:30;682;49,99;
11:10:33;666;49,99;
11:10:36;664;49,98;
11:10:42;661;49,98;
11:10:45;670;49,99;
11:10:48;666;49,98;
11:10:51;667;49,98;
11:10:54;660;49,98;
11:10:57;650;49,98;
11:11:00;650;49,99;
11:11:03;654;49,99;
11:11:06;652;50,00;
11:11:09;643;50,00;
11:11:12;649;50,00;
11:11:15;648;50,00;
11:11:18;644;50,00;
11:11:21;639;50,00;
11:11:24;625;50,00;
11:11:27;630;50,00;
11:11:30;629;50,00;
11:11:36;620;50,00;
11:11:39;625;50,00;
11:11:42;626;50,00;
11:11:48;629;50,00;
11:11:51;632;50,00;
11:11:54;633;50,01;
11:11:57;637;50,01;
11:12:00;635;50,01;
11:12:03;640;50,01;
11:12:06;648;50,01;
11:12:09;647;50,01;
11:12:12;654;50,01;
11:12:15;659;50,01;
11:12:18;665;50,00;
11:12:21;671;50,00;
11:12:24;658;50,00;
11:12:27;686;50,00;
11:12:30;689;50,00;
11:12:33;704;50,00;
11:12:36;712;49,99;
11:12:39;721;49,99;
11:12:42;732;49,99;
11:12:45;738;49,98;
11:12:48;735;49,99;
11:12:54;730;49,99;
11:12:57;738;49,99;
11:13:00;740;50,00;
11:13:03;738;50,00;
11:13:06;728;50,00;
11:13:09;731;50,00;
11:13:12;728;50,00;
11:13:15;727;50,00;
11:13:18;700;50,00;
11:13:21;707;50,00;
11:13:24;705;50,00;
11:13:27;693;50,00;
11:13:30;677;50,00;
11:13:33;683;50,00;
11:13:36;679;50,00;
11:13:39;673;50,00;
11:13:42;689;50,00;
11:13:45;678;50,00;
11:13:48;655;50,00;
11:13:51;667;49,99;
11:13:54;671;49,99;
11:14:00;643;49,99;
11:14:03;657;49,99;
11:14:06;663;49,99;
11:14:09;662;50,00;
11:14:12;651;50,00;
11:14:15;664;50,00;
11:14:18;672;50,00;
11:14:21;682;50,00;
11:14:24;670;49,99;
11:14:27;686;49,99;
11:14:30;700;49,99;
11:14:33;696;49,99;
11:14:36;687;50,00;
11:14:39;703;50,00;
11:14:42;707;50,00;
11:14:45;710;50,00;
11:14:48;714;50,00;
11:14:51;716;50,00;
11:14:54;711;50,00;
11:14:57;714;50,00;
11:15:00;719;50,00;
11:15:03;713;50,00;
11:15:06;720;50,00;
11:15:09;720;49,99;
11:15:12;719;50,00;
11:15:15;717;49,99;
11:15:18;716;49,99;
11:15:21;712;49,99;
11:15:24;709;49,98;
11:15:27;711;49,99;
11:15:30;696;49,99;
11:15:33;715;49,99;
11:15:36;712;49,99;
11:15:39;707;50,00;
11:15:42;709;49,99;
11:15:45;707;50,00;
11:15:51;703;50,00;
11:15:54;707;50,00;
11:15:57;709;50,00;
11:16:00;710;50,00;
11:16:03;694;50,00;
11:16:06;710;49,99;
11:16:09;715;49,99;
11:16:12;712;49,99;
11:16:15;705;50,00;
11:16:18;716;50,00;
11:16:21;720;49,99;
11:16:24;712;49,99;
11:16:27;696;49,99;
11:16:30;706;49,99;
11:16:33;709;49,99;
11:16:36;705;49,99;
11:16:39;688;50,00;
11:16:42;695;50,00;
11:16:45;673;50,01;
11:16:48;682;50,00;
11:16:51;691;50,00;
11:16:57;690;50,00;
11:17:00;688;50,00;
11:17:03;671;50,00;
11:17:06;676;50,00;
11:17:09;682;50,00;
11:17:15;683;50,00;
11:17:18;668;50,00;
11:17:21;681;49,99;
11:17:24;684;50,00;
11:17:27;669;50,00;
11:17:30;680;50,00;
11:17:33;686;50,00;
11:17:36;685;50,00;
11:17:39;682;50,00;
11:17:42;676;50,00;
11:17:45;678;50,00;
11:17:48;674;50,00;
11:17:51;657;50,00;
11:17:54;678;50,00;
11:17:57;686;50,00;
11:18:03;677;49,99;
11:18:06;684;49,99;
11:18:09;705;49,99;
11:18:15;712;49,99;
11:18:18;715;49,99;
11:18:21;727;49,98;
11:18:24;735;49,98;
11:18:27;748;49,98;
11:18:30;740;49,98;
11:18:33;760;49,98;
11:18:36;764;49,99;
11:18:39;765;49,99;
11:18:42;762;49,99;
11:18:45;753;50,00;
11:18:48;750;50,00;
11:18:51;747;50,00;
11:18:54;746;50,00;
11:18:57;758;50,00;
11:19:00;755;49,99;
11:19:03;746;49,99;
11:19:09;756;49,99;
11:19:12;751;49,99;
11:19:15;756;49,99;
11:19:18;745;49,98;
11:19:21;751;49,98;
11:19:24;733;49,98;
11:19:27;746;49,98;
11:19:30;749;49,98;
11:19:33;750;49,99;
11:19:36;745;49,99;
11:19:39;759;49,99;
11:19:42;770;49,99;
11:19:45;766;49,99;
11:19:48;765;50,00;
11:19:54;789;50,00;
11:19:57;780;50,00;
11:20:00;798;50,00;
11:20:03;795;49,99;
11:20:06;780;49,99;
11:20:09;785;49,98;
11:20:12;779;49,98;
11:20:15;767;49,98;
11:20:18;776;49,98;
11:20:21;771;49,98;
11:20:24;757;49,99;
11:20:27;766;49,99;
11:20:30;768;49,99;
11:20:33;762;49,98;
11:20:36;759;49,98;
11:20:39;756;49,98;
11:20:42;753;49,97;
11:20:45;757;49,98;
11:20:48;751;49,98;
11:20:51;757;49,98;
11:20:54;774;49,98;
11:21:00;753;49,98;
11:21:03;765;49,98;
11:21:06;770;49,98;
11:21:09;766;49,98;
11:21:12;759;49,98;
11:21:15;764;49,98;
11:21:18;770;49,98;
11:21:21;774;49,99;
11:21:24;773;49,99;
11:21:27;763;49,99;
11:21:30;776;49,99;
11:21:33;787;50,00;
11:21:36;779;50,00;
11:21:39;769;50,00;
11:21:42;781;50,00;
11:21:45;796;50,00;
11:21:48;786;49,99;
11:21:51;779;49,99;
11:21:54;790;49,99;
11:21:57;796;49,99;
11:22:00;792;49,99;
11:22:06;790;49,99;
11:22:09;796;49,99;
11:22:12;792;49,99;
11:22:15;783;49,99;
11:22:18;795;49,98;
11:22:21;801;49,98;
11:22:24;797;49,99;
11:22:27;799;49,99;
11:22:30;802;50,00;
11:22:33;812;50,00;
11:22:36;808;50,00;
11:22:39;796;50,00;
11:22:42;812;50,00;
11:22:45;824;50,00;
11:22:48;812;50,00;
11:22:51;801;50,00;
11:22:54;813;49,99;
11:22:57;816;49,99;
11:23:00;811;49,99;
11:23:03;799;49,98;
11:23:06;814;49,98;
11:23:12;813;49,98;
11:23:15;802;49,98;
11:23:18;814;49,99;
11:23:21;825;49,99;
11:23:24;815;49,99;
11:23:27;805;49,99;
11:23:30;816;49,98;
11:23:33;815;49,98;
11:23:36;818;49,98;
11:23:39;807;49,98;
11:23:42;824;49,99;
11:23:45;829;49,99;
11:23:48;828;50,00;
11:23:51;819;50,00;
11:23:57;838;50,00;
11:24:00;832;50,00;
11:24:03;823;50,00;
11:24:06;826;50,00;
11:24:09;817;50,00;
11:24:12;821;50,00;
11:24:15;820;50,00;
11:24:18;821;49,99;
11:24:21;835;49,99;
11:24:24;839;49,99;
11:24:30;830;50,00;
11:24:33;854;50,00;
11:24:36;868;50,00;
11:24:39;863;50,00;
11:24:42;862;50,00;
11:24:45;884;50,00;
11:24:48;893;50,00;
11:24:51;897;50,00;
11:24:54;887;50,00;
11:24:57;907;50,00;
11:25:03;917;50,00;
11:25:06;907;50,00;
11:25:09;914;49,99;
11:25:12;911;49,99;
11:25:15;918;49,99;
11:25:18;924;49,99;
11:25:21;920;49,98;
11:25:27;917;49,98;
11:25:30;923;49,98;
11:25:33;918;49,98;
11:25:36;920;49,97;
11:25:39;903;49,98;
11:25:42;883;49,97;
11:25:45;886;49,98;
11:25:48;875;49,97;
11:25:51;853;49,98;
11:25:54;829;49,98;
11:25:57;824;49,98;
11:26:00;820;49,98;
11:26:03;794;49,99;
11:26:09;772;49,99;
11:26:12;771;49,99;
11:26:15;759;49,98;
11:26:18;746;49,98;
11:26:21;753;49,99;
11:26:24;760;49,99;
11:26:27;765;49,99;
11:26:30;757;49,99;
11:26:33;767;49,99;
11:26:36;773;50,00;
11:26:39;779;49,98;
11:26:42;795;49,99;
11:26:45;798;49,99;
11:26:48;801;49,99;
11:26:51;790;49,99;
11:26:54;805;49,98;
11:27:00;808;49,98;
11:27:03;807;49,98;
11:27:06;811;49,98;
11:27:09;815;49,98;
11:27:15;818;49,97;
11:27:18;813;49,97;
11:27:21;822;49,97;
11:27:24;828;49,97;
11:27:27;840;49,97;
11:27:30;846;49,97;
11:27:33;840;49,97;
11:27:36;852;49,97;
11:27:39;877;49,97;
11:27:42;880;49,97;
11:27:45;887;49,98;
11:27:48;894;49,98;
11:27:51;898;49,98;
11:27:54;901;49,98;
11:27:57;887;49,98;
11:28:00;898;49,98;
11:28:03;892;49,98;
11:28:06;891;49,98;
11:28:09;881;49,98;
11:28:12;871;49,98;
11:28:15;866;49,97;
11:28:21;854;49,97;
11:28:24;860;49,98;
11:28:27;863;49,98;
11:28:30;847;49,98;
11:28:33;832;49,98;
11:28:36;833;49,97;
11:28:39;834;49,97;
11:28:42;825;49,97;
11:28:45;805;49,97;
11:28:48;806;49,97;
11:28:51;813;49,97;
11:28:54;795;49,98;
11:28:57;780;49,98;
11:29:00;786;49,98;
11:29:06;777;49,98;
11:29:09;762;49,98;
11:29:12;772;49,99;
11:29:15;774;49,99;
11:29:18;770;49,99;
11:29:21;762;49,98;
11:29:24;764;49,98;
11:29:27;771;49,98;
11:29:30;776;49,98;
11:29:33;788;49,97;
11:29:36;794;49,97;
11:29:39;798;49,97;
11:29:42;790;49,98;
11:29:45;792;49,98;
11:29:48;781;49,98;
11:29:51;796;49,97;
11:29:54;797;49,98;
11:29:57;792;49,98;
11:30:00;784;49,98;
11:30:03;784;49,99;
11:30:06;777;50,00;
11:30:12;771;50,00;
11:30:15;772;50,00;
11:30:18;769;50,00;
11:30:21;772;50,00;
11:30:24;765;50,00;
11:30:27;772;49,99;
11:30:30;790;49,98;
11:30:33;786;49,98;
11:30:36;808;49,97;
11:30:39;815;49,97;
11:30:42;833;49,97;
11:30:45;840;49,97;
11:30:48;854;49,97;
11:30:51;862;49,97;
11:30:54;877;49,97;
11:30:57;882;49,97;
11:31:00;887;49,96;
11:31:03;894;49,96;
11:31:06;892;49,96;
11:31:09;894;49,96;
11:31:12;889;49,96;
11:31:18;877;49,96;
11:31:21;875;49,96;
11:31:24;858;49,96;
11:31:30;856;49,96;
11:31:33;844;49,97;
11:31:36;837;49,97;
11:31:39;821;49,97;
11:31:42;828;49,97;
11:31:45;810;49,97;
11:31:48;793;49,97;
11:31:51;802;49,98;
11:31:54;807;49,97;
11:31:57;793;49,97;
11:32:00;791;49,97;
11:32:03;788;49,97;
11:32:06;790;49,97;
11:32:09;788;49,97;
11:32:12;780;49,98;
11:32:15;790;49,98;
11:32:18;806;49,98;
11:32:24;795;49,97;
11:32:27;806;49,97;
11:32:30;824;49,97;
11:32:33;817;49,97;
11:32:36;811;49,97;
11:32:39;820;49,97;
11:32:42;821;49,97;
11:32:45;833;49,98;
11:32:48;810;49,98;
11:32:51;818;49,98;
11:32:54;817;49,98;
11:33:00;814;49,99;
11:33:03;811;49,99;
11:33:09;812;50,00;
11:33:12;813;49,99;
11:33:15;816;49,99;
11:33:18;818;49,99;
11:33:21;821;49,98;
11:33:24;823;49,99;
11:33:27;814;49,99;
11:33:30;823;49,99;
11:33:33;821;49,99;
11:33:39;818;49,99;
11:33:42;817;49,99;
11:33:45;811;49,98;
11:33:48;809;49,98;
11:33:51;793;49,98;
11:33:54;800;49,98;
11:33:57;790;49,99;
11:34:00;785;49,99;
11:34:03;776;49,99;
11:34:06;776;50,00;
11:34:09;767;49,99;
11:34:15;759;49,98;
11:34:18;760;49,98;
11:34:21;761;49,98;
11:34:24;759;49,98;
11:34:27;753;49,98;
11:34:30;755;49,97;
11:34:33;761;49,97;
11:34:36;766;49,97;
11:34:39;775;49,97;
11:34:42;769;49,98;
11:34:45;750;49,98;
11:34:48;761;49,98;
11:34:51;730;49,99;
11:34:54;737;49,99;
11:34:57;734;49,99;
11:35:00;727;49,99;
11:35:03;737;50,00;
11:35:06;731;50,00;
11:35:09;713;50,00;
11:35:12;716;50,00;
11:35:15;727;49,99;
11:35:21;699;49,98;
11:35:24;688;49,98;
11:35:27;686;49,98;
11:35:30;690;49,98;
11:35:33;691;49,98;
11:35:36;693;49,98;
11:35:39;692;49,98;
11:35:42;713;49,98;
11:35:45;696;49,98;
11:35:48;714;49,98;
11:35:51;694;49,98;
11:35:54;721;49,98;
11:35:57;714;49,98;
11:36:00;719;49,98;
11:36:03;725;49,99;
11:36:06;730;49,99;
11:36:09;750;50,00;
11:36:12;741;50,00;
11:36:15;739;50,00;
11:36:18;746;50,00;
11:36:21;766;49,99;
11:36:27;785;49,99;
11:36:30;786;49,99;
11:36:33;781;50,00;
11:36:36;773;50,00;
11:36:39;769;50,00;
11:36:42;755;50,00;
11:36:45;770;50,01;
11:36:48;769;50,01;
11:36:51;757;50,00;
11:36:54;742;50,00;
11:36:57;745;50,00;
11:37:00;752;50,00;
11:37:03;740;50,00;
11:37:06;724;50,00;
11:37:09;734;50,00;
11:37:12;740;50,00;
11:37:15;732;50,00;
11:37:18;729;50,00;
11:37:21;715;50,00;
11:37:24;717;50,00;
11:37:27;718;50,00;
11:37:30;726;50,00;
11:37:33;718;50,00;
11:37:36;715;49,99;
11:37:39;726;49,99;
11:37:42;740;49,99;
11:37:45;734;49,99;
11:37:48;731;49,99;
11:37:51;742;49,99;
11:37:54;752;49,99;
11:37:57;764;49,99;
11:38:00;758;49,99;
11:38:03;774;50,00;
11:38:06;769;50,00;
11:38:09;784;50,00;
11:38:12;808;50,00;
11:38:18;810;50,00;
11:38:21;827;50,00;
11:38:24;851;50,00;
11:38:27;850;50,00;
11:38:30;851;50,00;
11:38:33;872;50,01;
11:38:36;867;50,01;
11:38:39;863;50,01;
11:38:42;881;50,00;
11:38:45;888;50,00;
11:38:48;912;50,00;
11:38:51;909;50,00;
11:38:54;904;50,00;
11:38:57;902;50,00;
11:39:00;906;50,00;
11:39:03;906;50,01;
11:39:06;912;50,00;
11:39:09;904;50,00;
11:39:12;893;50,00;
11:39:15;897;50,00;
11:39:18;887;49,99;
11:39:24;851;49,99;
11:39:30;834;49,99;
11:39:33;821;49,99;
11:39:36;822;49,98;
11:39:39;819;49,98;
11:39:42;806;49,98;
11:39:45;804;49,98;
11:39:48;798;49,99;
11:39:51;797;49,99;
11:39:54;796;49,99;
11:39:57;784;50,00;
11:40:00;800;49,99;
11:40:03;804;49,99;
11:40:06;807;49,99;
11:40:09;803;49,99;
11:40:12;823;49,99;
11:40:15;813;49,99;
11:40:18;828;49,99;
11:40:21;817;49,98;
11:40:24;829;49,99;
11:40:30;834;49,99;
11:40:33;822;49,99;
11:40:36;836;49,98;
11:40:39;847;49,98;
11:40:42;844;49,98;
11:40:45;833;49,98;
11:40:48;848;49,98;
11:40:51;852;49,98;
11:40:54;859;49,98;
11:40:57;847;49,98;
11:41:00;860;49,99;
11:41:03;871;49,99;
11:41:06;863;49,99;
11:41:09;844;49,99;
11:41:12;859;49,98;
11:41:15;864;49,98;
11:41:18;853;49,98;
11:41:21;837;49,98;
11:41:24;848;49,98;
11:41:27;854;49,98;
11:41:30;844;49,97;
11:41:39;848;49,98;
11:41:42;849;49,98;
11:41:45;839;49,99;
11:41:48;856;49,99;
11:41:51;871;49,99;
11:41:54;862;49,99;
11:42:00;862;49,98;
11:42:03;863;49,98;
11:42:06;858;49,98;
11:42:09;840;49,98;
11:42:12;834;49,98;
11:42:15;862;49,98;
11:42:21;828;49,98;
11:42:24;832;49,98;
11:42:27;849;49,97;
11:42:30;848;49,97;
11:42:33;841;49,98;
11:42:36;842;49,98;
11:42:39;854;49,98;
11:42:42;858;49,98;
11:42:45;859;49,98;
11:42:48;845;49,98;
11:42:51;856;49,99;
11:42:54;869;49,99;
11:42:57;854;49,99;
11:43:00;838;49,99;
11:43:03;850;49,99;
11:43:06;853;49,99;
11:43:09;848;49,99;
11:43:12;834;49,99;
11:43:15;845;50,00;
11:43:18;855;50,00;
11:43:21;854;50,01;
11:43:27;848;50,00;
11:43:30;830;50,00;
11:43:33;827;50,00;
11:43:36;812;50,00;
11:43:39;821;50,00;
11:43:42;826;50,00;
11:43:45;812;50,00;
11:43:48;811;50,00;
11:43:51;796;50,00;
11:43:54;804;50,00;
11:43:57;787;50,00;
11:44:00;773;50,00;
11:44:03;781;50,00;
11:44:06;767;50,00;
11:44:09;776;49,99;
11:44:12;762;49,98;
11:44:15;774;49,98;
11:44:18;786;49,98;
11:44:21;782;49,98;
11:44:24;773;49,98;
11:44:27;794;49,98;
11:44:33;805;49,98;
11:44:36;803;49,98;
11:44:39;821;49,99;
11:44:42;827;49,99;
11:44:45;837;49,99;
11:44:48;839;49,99;
11:44:51;832;49,99;
11:44:54;846;49,99;
11:44:57;855;50,00;
11:45:00;852;50,00;
11:45:03;848;50,00;
11:45:06;847;49,99;
11:45:09;841;49,99;
11:45:12;835;49,98;
11:45:15;818;49,98;
11:45:18;818;49,97;
11:45:21;811;49,96;
11:45:24;812;49,96;
11:45:27;803;49,97;
11:45:33;800;49,97;
11:45:39;806;49,97;
11:45:42;809;49,97;
11:45:45;812;49,97;
11:45:51;833;49,97;
11:45:54;837;49,97;
11:45:57;824;49,97;
11:46:00;839;49,97;
11:46:03;826;49,97;
11:46:06;842;49,98;
11:46:09;847;49,98;
11:46:12;853;49,98;
11:46:15;855;49,98;
11:46:18;860;49,98;
11:46:21;863;49,98;
11:46:27;862;49,98;
11:46:33;867;49,98;
11:46:36;864;49,98;
11:46:39;856;49,97;
11:46:42;866;49,98;
11:46:45;871;49,98;
11:46:48;880;49,98;
11:46:51;868;49,98;
11:46:54;876;49,98;
11:46:57;872;49,98;
11:47:00;883;49,98;
11:47:03;888;49,98;
11:47:09;893;49,98;
11:47:12;904;49,98;
11:47:15;910;49,98;
11:47:18;914;49,98;
11:47:21;921;49,98;
11:47:24;927;49,97;
11:47:30;938;49,97;
11:47:33;950;49,97;
11:47:36;954;49,98;
11:47:39;948;49,98;
11:47:42;955;49,98;
11:47:45;949;49,99;
11:47:48;960;49,99;
11:47:51;961;49,99;
11:47:54;973;49,99;
11:47:57;974;49,98;
11:48:00;978;49,98;
11:48:06;985;49,98;
11:48:12;981;49,98;
11:48:15;983;49,98;
11:48:18;981;49,99;
11:48:21;979;49,99;
11:48:24;971;49,99;
11:48:27;969;49,99;
11:48:30;960;49,98;
11:48:36;950;49,98;
11:48:39;940;49,98;
11:48:42;932;49,98;
11:48:45;923;49,98;
11:48:48;911;49,99;
11:48:51;906;49,99;
11:48:54;907;49,99;
11:48:57;892;49,98;
11:49:00;876;49,98;
11:49:03;872;49,99;
11:49:06;863;49,98;
11:49:09;867;49,98;
11:49:12;862;49,98;
11:49:18;845;49,98;
11:49:21;857;49,98;
11:49:27;863;49,98;
11:49:30;866;50,00;
11:49:33;876;50,00;
11:49:36;888;50,00;
11:49:42;896;49,99;
11:49:45;909;49,99;
11:49:48;930;49,99;
11:49:51;931;50,00;
11:49:54;929;50,00;
11:49:57;949;50,00;
11:50:00;952;50,00;
11:50:03;964;50,00;
11:50:06;959;49,99;
11:50:09;976;49,99;
11:50:12;966;49,98;
11:50:15;973;49,98;
11:50:18;986;49,98;
11:50:21;978;49,98;
11:50:24;975;49,98;
11:50:27;972;49,98;
11:50:33;963;49,97;
11:50:36;954;49,97;
11:50:39;956;49,96;
11:50:42;944;49,97;
11:50:48;921;49,98;
11:50:51;922;49,98;
11:50:54;918;49,99;
11:50:57;906;49,99;
11:51:00;911;49,98;
11:51:03;902;49,99;
11:51:06;900;49,98;
11:51:09;886;49,98;
11:51:12;901;49,98;
11:51:15;904;49,98;
11:51:18;907;49,99;
11:51:21;915;49,99;
11:51:24;919;49,99;
11:51:27;930;49,98;
11:51:33;941;49,98;
11:51:36;938;49,98;
11:51:39;943;49,98;
11:51:42;947;49,98;
11:51:48;953;49,98;
11:51:51;962;49,98;
11:51:54;951;49,98;
11:51:57;934;49,99;
11:52:00;931;49,99;
11:52:03;920;49,99;
11:52:06;919;49,99;
11:52:09;890;49,99;
11:52:12;909;49,99;
11:52:15;913;49,99;
11:52:18;899;50,00;
11:52:21;889;49,99;
11:52:24;885;49,99;
11:52:27;871;49,98;
11:52:30;867;49,98;
11:52:33;851;49,98;
11:52:39;836;49,97;
11:52:42;828;49,97;
11:52:45;801;49,97;
11:52:48;804;49,98;
11:52:51;796;49,98;
11:52:54;786;49,98;
11:52:57;791;49,98;
11:53:00;787;49,98;
11:53:03;760;49,98;
11:53:06;772;49,98;
11:53:09;779;49,98;
11:53:12;775;49,98;
11:53:15;771;49,98;
11:53:18;791;49,98;
11:53:21;797;49,98;
11:53:24;809;49,98;
11:53:27;827;49,98;
11:53:30;851;49,98;
11:53:36;876;49,99;
11:53:39;893;49,99;
11:53:45;924;49,98;
11:53:48;939;49,98;
11:53:51;946;49,98;
11:53:54;960;49,97;
11:53:57;979;49,97;
11:54:00;977;49,96;
11:54:03;984;49,97;
11:54:06;993;49,97;
11:54:09;951;49,97;
11:54:12;932;49,97;
11:54:15;911;49,97;
11:54:18;902;49,98;
11:54:21;878;49,98;
11:54:24;852;49,97;
11:54:27;847;49,97;
11:54:30;812;49,97;
11:54:33;770;49,98;
11:54:36;761;49,98;
11:54:39;749;49,98;
11:54:42;733;49,98;
11:54:45;719;49,98;
11:54:51;696;49,98;
11:54:54;686;49,98;
11:54:57;693;49,99;
11:55:00;697;49,99;
11:55:03;698;49,99;
11:55:06;692;50,00;
11:55:09;708;50,00;
11:55:12;716;50,00;
11:55:15;742;50,00;
11:55:18;738;50,00;
11:55:21;773;50,00;
11:55:24;784;50,00;
11:55:27;804;49,99;
11:55:30;805;49,99;
11:55:36;850;49,97;
11:55:39;861;49,97;
11:55:42;869;49,98;
11:55:45;881;49,98;
11:55:48;890;49,98;
11:55:51;900;49,98;
11:55:54;897;49,98;
11:55:57;902;49,98;
11:56:00;925;49,98;
11:56:03;917;49,98;
11:56:06;941;49,98;
11:56:09;932;49,98;
11:56:12;918;49,98;
11:56:15;932;49,97;
11:56:18;933;49,97;
11:56:21;938;49,96;
11:56:24;923;49,96;
11:56:27;939;49,96;
11:56:30;937;49,97;
11:56:33;943;49,97;
11:56:36;929;49,97;
11:56:42;927;49,98;
11:56:45;932;49,98;
11:56:48;939;49,99;
11:56:51;928;49,99;
11:56:54;947;50,00;
11:56:57;938;50,00;
11:57:00;941;50,00;
11:57:03;924;50,00;
11:57:06;943;50,00;
11:57:09;936;50,00;
11:57:12;924;50,00;
11:57:15;930;49,99;
11:57:18;919;50,00;
11:57:21;920;50,00;
11:57:24;921;50,00;
11:57:27;920;50,00;
11:57:30;925;50,00;
11:57:33;911;50,00;
11:57:36;888;50,00;
11:57:48;854;50,00;
11:57:51;845;50,00;
11:57:54;824;49,99;
11:57:57;820;49,99;
11:58:00;815;49,99;
11:58:03;820;49,99;
11:58:06;807;50,00;
11:58:09;821;50,00;
11:58:15;806;50,01;
11:58:18;828;50,01;
11:58:21;838;50,01;
11:58:24;823;50,01;
11:58:27;808;50,00;
11:58:30;825;50,00;
11:58:33;838;50,00;
11:58:36;830;50,00;
11:58:39;817;50,00;
11:58:42;841;50,00;
11:58:45;855;50,00;
11:58:48;858;50,01;
11:58:54;880;50,00;
11:58:57;896;50,00;
11:59:00;903;49,99;
11:59:03;896;49,99;
11:59:06;930;49,99;
11:59:09;939;49,99;
11:59:12;944;49,98;
11:59:15;951;49,98;
11:59:21;941;49,98;
11:59:24;935;49,98;
11:59:27;934;49,98;
11:59:30;903;49,99;
11:59:33;904;49,99;
11:59:36;886;49,99;
11:59:39;844;50,00;
11:59:42;830;50,00;
11:59:45;821;50,00;
11:59:48;794;50,00;
11:59:51;776;49,99;
11:59:54;774;50,00;
12:00:00;760;50,00;
12:00:03;751;50,00;
12:00:06;747;50,00;
12:00:09;773;50,00;
12:00:12;793;50,00;
12:00:15;799;50,00;
12:00:18;816;50,00;
12:00:21;827;50,00;
12:00:24;836;50,00;
12:00:27;830;50,00;
12:00:30;831;50,00;
12:00:33;864;49,99;
12:00:36;855;49,99;
12:00:39;846;49,99;
12:00:45;867;49,99;
12:00:48;866;50,00;
12:00:51;855;50,00;
12:00:54;852;50,00;
12:00:57;868;50,00;
12:01:00;870;50,00;
12:01:03;866;50,00;
12:01:06;864;50,00;
12:01:09;875;50,00;
12:01:12;890;50,00;
12:01:15;886;50,00;
12:01:18;872;50,00;
12:01:21;898;50,00;
12:01:24;905;50,00;
12:01:27;900;50,00;
12:01:30;890;50,00;
12:01:33;896;49,99;
12:01:36;888;50,00;
12:01:39;897;50,00;
12:01:42;891;50,00;
12:01:45;904;49,99;
12:01:51;898;49,98;
12:01:54;881;49,98;
12:01:57;894;49,98;
12:02:00;899;49,98;
12:02:03;889;49,98;
12:02:06;870;49,99;
12:02:09;872;49,99;
12:02:12;887;49,99;
12:02:15;892;49,99;
12:02:18;879;49,99;
12:02:21;904;49,99;
12:02:24;914;50,00;
12:02:27;918;50,00;
12:02:30;910;50,00;
12:02:33;930;50,00;
12:02:36;954;50,00;
12:02:39;961;50,00;
12:02:42;952;50,00;
12:02:45;962;50,00;
12:02:48;957;50,00;
12:02:51;970;50,00;
12:02:57;974;50,00;
12:03:00;979;50,00;
12:03:03;972;50,00;
12:03:06;967;50,00;
12:03:09;957;50,00;
12:03:12;936;50,00;
12:03:15;921;50,00;
12:03:21;890;50,00;
12:03:24;897;50,00;
12:03:27;875;50,00;
12:03:30;863;50,00;
12:03:33;838;50,00;
12:03:36;836;50,00;
12:03:39;842;50,00;
12:03:42;820;50,00;
12:03:45;818;50,00;
12:03:51;820;50,00;
12:03:54;822;50,00;
12:03:57;825;50,00;
12:04:03;844;50,00;
12:04:06;850;50,00;
12:04:09;860;50,00;
12:04:12;868;50,00;
12:04:15;883;50,00;
12:04:18;891;50,00;
12:04:21;877;50,00;
12:04:24;902;50,00;
12:04:27;918;50,00;
12:04:30;926;50,00;
12:04:33;912;50,00;
12:04:36;939;50,00;
12:04:39;947;50,00;
12:04:48;945;50,01;
12:04:51;941;50,01;
12:04:54;953;50,01;
12:04:57;952;50,01;
12:05:00;954;50,01;
12:05:03;948;50,01;
12:05:06;954;50,01;
12:05:09;957;50,01;
12:05:12;967;50,01;
12:05:15;969;50,01;
12:05:18;963;50,01;
12:05:21;946;50,00;
12:05:24;945;50,00;
12:05:27;934;50,00;
12:05:30;938;50,00;
12:05:33;941;50,00;
12:05:36;926;50,00;
12:05:39;938;50,00;
12:05:42;927;50,00;
12:05:45;908;50,00;
12:05:48;918;50,00;
12:05:54;923;50,00;
12:05:57;914;50,00;
12:06:00;930;50,01;
12:06:03;939;50,01;
12:06:06;947;50,01;
12:06:09;951;50,01;
12:06:12;943;50,00;
12:06:15;968;50,00;
12:06:18;995;50,00;
12:06:21;1004;50,00;
12:06:24;1023;49,99;
12:06:27;1020;49,99;
12:06:30;1034;50,00;
12:06:33;1042;50,00;
12:06:36;1057;50,00;
12:06:39;1054;50,00;
12:06:42;1057;50,00;
12:06:48;1055;50,00;
12:06:51;1056;50,00;
12:06:54;1050;50,01;
12:07:00;1035;50,01;
12:07:03;1029;50,01;
12:07:06;1017;50,00;
12:07:09;1011;50,00;
12:07:12;995;50,00;
12:07:15;988;50,00;
12:07:18;969;50,00;
12:07:21;970;50,00;
12:07:24;946;50,00;
12:07:27;952;50,00;
12:07:30;940;50,00;
12:07:33;934;50,00;
12:07:36;926;50,00;
12:07:39;924;50,00;
12:07:42;931;50,00;
12:07:45;920;50,00;
12:07:48;913;50,00;
12:07:51;919;50,00;
12:07:54;924;50,00;
12:07:57;927;50,00;
12:08:06;958;50,00;
12:08:09;960;50,00;
12:08:12;959;50,00;
12:08:15;983;50,00;
12:08:18;996;49,99;
12:08:21;1006;49,99;
12:08:24;1015;49,99;
12:08:27;1006;49,99;
12:08:30;1023;49,99;
12:08:33;1037;49,99;
12:08:36;1061;49,98;
12:08:39;1059;49,98;
12:08:42;1063;49,98;
12:08:45;1079;49,98;
12:08:48;1084;49,98;
12:08:51;1099;49,98;
12:08:54;1105;49,98;
12:08:57;1110;49,98;
12:09:00;1116;49,98;
12:09:03;1113;49,98;
12:09:06;1107;49,98;
12:09:09;1106;49,98;
12:09:12;1109;49,98;
12:09:15;1100;49,98;
12:09:18;1095;49,98;
12:09:21;1083;49,97;
12:09:24;1076;49,97;
12:09:27;1060;49,96;
12:09:30;1065;49,97;
12:09:33;1066;49,97;
12:09:36;1040;49,97;
12:09:39;1021;49,97;
12:09:42;999;49,97;
12:09:45;978;49,97;
12:09:48;971;49,97;
12:09:51;949;49,97;
12:09:57;925;49,97;
12:10:00;917;49,96;
12:10:03;905;49,96;
12:10:06;909;49,96;
12:10:09;901;49,97;
12:10:12;896;49,97;
12:10:15;877;49,97;
12:10:18;885;49,97;
12:10:21;881;49,97;
12:10:24;883;49,97;
12:10:27;886;49,97;
12:10:30;887;49,97;
12:10:33;880;49,97;
12:10:36;888;49,96;
12:10:39;880;49,96;
12:10:42;896;49,97;
12:10:45;896;49,98;
12:10:48;899;49,98;
12:10:54;906;49,98;
12:10:57;904;49,99;
12:11:03;886;49,99;
12:11:06;898;49,99;
12:11:09;907;49,98;
12:11:12;902;49,98;
12:11:15;885;49,98;
12:11:18;902;49,98;
12:11:21;901;49,97;
12:11:24;913;49,97;
12:11:27;884;49,96;
12:11:30;896;49,96;
12:11:33;902;49,96;
12:11:36;889;49,96;
12:11:39;871;49,97;
12:11:42;878;49,97;
12:11:45;877;49,97;
12:11:48;871;49,97;
12:11:51;846;49,97;
12:11:54;844;49,96;
12:11:57;862;49,96;
12:12:00;848;49,97;
12:12:03;830;49,97;
12:12:09;853;49,97;
12:12:12;846;49,96;
12:12:15;851;49,96;
12:12:18;863;49,96;
12:12:21;860;49,97;
12:12:24;869;49,97;
12:12:27;876;49,97;
12:12:30;878;49,96;
12:12:33;891;49,96;
12:12:36;903;49,96;
12:12:39;906;49,95;
12:12:42;918;49,96;
12:12:45;915;49,96;
12:12:48;926;49,96;
12:12:51;921;49,96;
12:12:54;922;49,98;
12:12:57;937;49,98;
12:13:00;935;49,98;
12:13:03;930;49,98;
12:13:06;936;49,98;
12:13:09;948;49,98;
12:13:15;951;49,98;
12:13:18;941;49,97;
12:13:21;954;49,97;
12:13:24;963;49,97;
12:13:27;953;49,98;
12:13:30;936;49,98;
12:13:33;950;49,98;
12:13:36;947;49,98;
12:13:39;944;49,99;
12:13:42;925;49,98;
12:13:45;937;49,98;
12:13:48;944;49,98;
12:13:51;930;49,98;
12:13:54;923;49,98;
12:14:00;921;49,98;
12:14:03;912;49,98;
12:14:06;896;49,98;
12:14:09;899;49,97;
12:14:12;895;49,98;
12:14:15;884;49,98;
12:14:18;885;49,98;
12:14:21;877;49,98;
12:14:24;851;49,99;
12:14:27;854;49,99;
12:14:30;839;49,99;
12:14:33;843;50,00;
12:14:36;817;50,00;
12:14:39;825;50,00;
12:14:42;822;50,00;
12:14:45;815;50,00;
12:14:48;798;50,00;
12:14:51;810;50,00;
12:14:54;806;50,00;
12:14:57;810;50,00;
12:15:00;800;50,00;
12:15:06;815;50,00;
12:15:09;824;50,00;
12:15:12;823;49,99;
12:15:15;815;49,99;
12:15:18;850;50,00;
12:15:21;860;50,00;
12:15:24;868;49,99;
12:15:27;862;49,99;
12:15:30;863;49,99;
12:15:33;873;49,98;
12:15:36;897;49,98;
12:15:39;891;49,98;
12:15:42;896;49,98;
12:15:45;913;49,98;
12:15:48;917;49,98;
12:15:51;918;49,98;
12:15:54;903;49,98;
12:15:57;919;49,98;
12:16:00;937;49,98;
12:16:03;935;49,98;
12:16:06;931;49,98;
12:16:12;950;49,98;
12:16:15;954;49,98;
12:16:18;948;49,98;
12:16:21;933;49,98;
12:16:24;942;49,98;
12:16:27;948;49,97;
12:16:30;936;49,97;
12:16:33;932;49,97;
12:16:36;922;49,98;
12:16:39;926;49,98;
12:16:42;906;49,98;
12:16:45;885;49,98;
12:16:48;892;49,99;
12:16:51;893;49,99;
12:16:54;880;49,99;
12:16:57;879;49,99;
12:17:00;878;49,99;
12:17:03;866;49,99;
12:17:06;877;49,99;
12:17:09;872;49,99;
12:17:12;876;49,98;
12:17:18;869;49,98;
12:17:21;856;49,98;
12:17:24;878;49,98;
12:17:27;888;49,98;
12:17:30;896;49,98;
12:17:33;894;49,99;
12:17:36;904;49,99;
12:17:39;909;49,98;
12:17:42;916;49,99;
12:17:45;912;49,99;
12:17:48;928;49,99;
12:17:51;918;49,99;
12:17:54;943;49,98;
12:17:57;947;49,98;
12:18:00;945;49,98;
12:18:03;958;49,98;
12:18:06;973;49,98;
12:18:09;972;49,98;
12:18:12;985;49,98;
12:18:15;1017;49,98;
12:18:18;1029;49,98;
12:18:21;1034;49,98;
12:18:24;1046;49,98;
12:18:27;1100;49,98;
12:18:30;1109;49,98;
12:18:33;1124;49,98;
12:18:36;1136;49,99;
12:18:39;1148;49,99;
12:18:42;1160;49,99;
12:18:45;1161;49,99;
12:18:48;1170;50,00;
12:18:51;1178;50,00;
12:18:54;1164;50,00;
12:18:57;1170;50,00;
12:19:00;1157;50,00;
12:19:03;1138;50,00;
12:19:09;1132;50,00;
12:19:12;1121;50,00;
12:19:15;1099;50,00;
12:19:18;1091;50,00;
12:19:21;1084;50,00;
12:19:24;1086;50,00;
12:19:27;1072;50,00;
12:19:30;1068;49,99;
12:19:33;1056;49,99;
12:19:36;1062;49,99;
12:19:39;1044;50,00;
12:19:42;1031;50,00;
12:19:48;1034;50,00;
12:19:51;1022;49,99;
12:19:54;1000;49,99;
12:19:57;1005;49,99;
12:20:00;1011;49,99;
12:20:03;997;49,99;
12:20:06;987;49,99;
12:20:09;991;49,99;
12:20:15;989;50,00;
12:20:18;982;50,00;
12:20:21;989;50,00;
12:20:24;997;49,99;
12:20:27;1002;49,99;
12:20:30;1012;49,98;
12:20:33;1009;49,98;
12:20:36;1010;49,98;
12:20:39;1017;49,98;
12:20:42;1024;49,98;
12:20:45;1030;49,98;
12:20:48;1020;49,98;
12:20:51;1028;49,98;
12:20:54;1019;49,98;
12:20:57;1031;49,98;
12:21:00;1044;49,99;
12:21:03;1049;49,99;
12:21:06;1041;49,99;
12:21:09;1054;50,00;
12:21:12;1057;49,99;
12:21:15;1062;49,99;
12:21:21;1065;49,98;
12:21:24;1068;49,98;
12:21:27;1069;49,98;
12:21:30;1073;49,98;
12:21:33;1075;49,98;
12:21:36;1076;49,98;
12:21:39;1085;49,98;
12:21:42;1079;49,98;
12:21:45;1082;49,99;
12:21:48;1087;49,99;
12:21:51;1089;49,98;
12:21:57;1093;49,98;
12:22:00;1097;49,98;
12:22:03;1107;49,99;
12:22:06;1103;49,99;
12:22:09;1110;50,00;
12:22:12;1111;50,00;
12:22:15;1117;49,99;
12:22:21;1118;49,98;
12:22:27;1115;49,98;
12:22:33;1104;49,97;
12:22:36;1102;49,97;
12:22:39;1107;49,98;
12:22:42;1089;49,98;
12:22:45;1072;49,99;
12:22:48;1078;49,99;
12:22:51;1074;49,99;
12:22:54;1053;49,99;
12:22:57;1032;49,99;
12:23:00;1034;49,99;
12:23:03;1037;49,99;
12:23:06;1018;49,99;
12:23:12;1006;49,99;
12:23:15;1002;49,99;
12:23:18;999;49,99;
12:23:21;988;49,98;
12:23:24;995;49,98;
12:23:27;994;49,97;
12:23:30;995;49,97;
12:23:33;994;49,97;
12:23:36;992;49,97;
12:23:39;988;49,98;
12:23:42;992;49,98;
12:23:45;984;49,98;
12:23:48;993;49,99;
12:23:51;992;50,00;
12:23:57;1008;50,00;
12:24:00;996;50,00;
12:24:03;977;50,00;
12:24:06;983;49,99;
12:24:09;981;49,99;
12:24:12;968;49,99;
12:24:18;950;49,98;
12:24:21;948;49,98;
12:24:24;934;49,98;
12:24:27;929;49,98;
12:24:30;917;49,98;
12:24:33;912;49,98;
12:24:36;916;49,98;
12:24:39;902;49,98;
12:24:42;889;49,98;
12:24:45;886;49,98;
12:24:48;874;49,98;
12:24:51;870;49,98;
12:24:54;863;49,98;
12:24:57;861;49,99;
12:25:00;845;49,99;
12:25:03;856;49,99;
12:25:06;848;49,98;
12:25:09;853;49,98;
12:25:12;852;49,98;
12:25:18;857;49,97;
12:25:24;866;49,98;
12:25:27;869;49,97;
12:25:30;853;49,98;
12:25:33;880;49,98;
12:25:36;888;49,99;
12:25:39;892;49,98;
12:25:42;878;49,98;
12:25:45;898;49,98;
12:25:48;913;49,98;
12:25:51;916;49,98;
12:25:54;914;49,98;
12:25:57;929;49,98;
12:26:00;935;49,97;
12:26:03;945;49,97;
12:26:06;933;49,97;
12:26:09;957;49,96;
12:26:12;967;49,96;
12:26:15;974;49,96;
12:26:18;971;49,97;
12:26:21;981;49,97;
12:26:24;992;49,97;
12:26:30;977;49,98;
12:26:33;992;49,98;
12:26:36;996;49,98;
12:26:39;987;49,98;
12:26:42;963;49,98;
12:26:45;970;49,98;
12:26:48;969;49,98;
12:26:54;916;49,98;
12:26:57;922;49,98;
12:27:00;910;49,98;
12:27:03;887;49,98;
12:27:06;850;49,97;
12:27:15;832;49,98;
12:27:18;822;49,98;
12:27:21;809;49,98;
12:27:24;805;49,98;
12:27:27;795;49,98;
12:27:30;790;49,98;
12:27:33;772;49,99;
12:27:36;769;49,99;
12:27:39;783;50,00;
12:27:42;791;50,00;
12:27:45;795;50,00;
12:27:48;796;50,00;
12:27:51;798;49,99;
12:27:54;804;50,00;
12:27:57;803;50,00;
12:28:00;823;50,00;
12:28:03;829;50,00;
12:28:06;830;50,00;
12:28:09;831;50,00;
12:28:12;842;50,00;
12:28:15;849;50,00;
12:28:21;860;50,00;
12:28:24;863;50,00;
12:28:27;867;50,00;
12:28:33;858;50,00;
12:28:36;865;50,00;
12:28:39;869;50,00;
12:28:42;863;50,00;
12:28:45;835;50,00;
12:28:48;850;50,00;
12:28:51;847;50,00;
12:28:54;819;50,00;
12:28:57;843;49,99;
12:29:00;839;49,98;
12:29:03;819;49,98;
12:29:06;823;49,99;
12:29:09;814;50,00;
12:29:12;815;50,00;
12:29:15;800;50,00;
12:29:18;803;50,00;
12:29:21;787;50,00;
12:29:27;772;50,00;
12:29:30;778;50,00;
12:29:33;768;50,00;
12:29:36;765;50,00;
12:29:39;744;50,00;
12:29:42;757;50,00;
12:29:45;755;50,00;
12:29:48;752;50,00;
12:29:51;739;50,00;
12:29:54;748;50,01;
12:29:57;752;50,01;
12:30:00;750;50,01;
12:30:03;749;50,00;
12:30:06;758;50,00;
12:30:09;738;49,99;
12:30:12;761;49,98;
12:30:15;755;49,98;
12:30:18;748;49,98;
12:30:21;769;49,99;
12:30:24;782;49,99;
12:30:27;773;49,99;
12:30:33;785;50,00;
12:30:36;800;50,00;
12:30:39;795;50,00;
12:30:42;806;50,00;
12:30:45;800;49,99;
12:30:48;816;49,99;
12:30:51;817;49,99;
12:30:54;807;49,99;
12:30:57;792;49,99;
12:31:00;791;49,99;
12:31:03;817;49,99;
12:31:06;804;49,99;
12:31:09;816;50,00;
12:31:12;813;50,00;
12:31:15;818;50,00;
12:31:18;806;50,00;
12:31:21;790;49,99;
12:31:24;786;49,98;
12:31:27;798;49,97;
12:31:30;799;49,97;
12:31:33;801;49,97;
12:31:39;795;49,97;
12:31:42;774;49,98;
12:31:45;782;49,98;
12:31:48;772;49,98;
12:31:51;767;49,98;
12:31:54;744;49,98;
12:31:57;754;49,98;
12:32:00;753;49,99;
12:32:03;750;49,99;
12:32:06;743;49,99;
12:32:09;751;49,98;
12:32:12;760;49,98;
12:32:15;762;49,98;
12:32:18;779;49,98;
12:32:24;807;49,98;
12:32:27;829;49,98;
12:32:30;840;49,98;
12:32:33;860;49,97;
12:32:36;881;49,97;
12:32:39;895;49,97;
12:32:42;905;49,97;
12:32:45;907;49,97;
12:32:48;938;49,98;
12:32:51;949;49,98;
12:32:54;952;49,99;
12:32:57;967;49,99;
12:33:00;946;49,99;
12:33:03;967;49,98;
12:33:06;968;49,99;
12:33:12;951;49,99;
12:33:15;963;50,00;
12:33:18;952;49,99;
12:33:21;955;49,99;
12:33:24;929;49,99;
12:33:30;941;49,99;
12:33:33;928;49,99;
12:33:36;903;49,98;
12:33:39;915;49,98;
12:33:45;910;49,98;
12:33:48;909;49,99;
12:33:51;893;49,99;
12:33:54;913;49,99;
12:33:57;908;49,98;
12:34:00;886;49,98;
12:34:03;893;49,98;
12:34:06;897;49,98;
12:34:09;883;49,98;
12:34:12;884;49,98;
12:34:15;869;49,97;
12:34:18;842;49,97;
12:34:21;841;49,97;
12:34:24;836;49,98;
12:34:27;834;49,97;
12:34:30;840;49,97;
12:34:36;833;49,98;
12:34:39;819;49,98;
12:34:42;835;49,98;
12:34:45;849;49,99;
12:34:51;836;49,99;
12:34:54;856;49,99;
12:34:57;864;49,99;
12:35:00;887;49,99;
12:35:03;880;50,00;
12:35:06;911;50,00;
12:35:09;922;50,00;
12:35:12;930;50,00;
12:35:15;925;50,00;
12:35:18;945;50,00;
12:35:21;934;50,00;
12:35:24;957;50,00;
12:35:27;967;50,00;
12:35:30;979;49,99;
12:35:33;980;49,99;
12:35:36;1004;49,98;
12:35:42;1020;49,98;
12:35:45;1016;49,98;
12:35:48;1025;49,97;
12:35:51;1033;49,97;
12:35:54;1022;49,97;
12:35:57;1013;49,97;
12:36:00;1016;49,97;
12:36:03;1011;49,98;
12:36:06;980;49,98;
12:36:09;994;49,99;
12:36:12;974;50,00;
12:36:15;949;50,00;
12:36:18;951;50,00;
12:36:21;944;50,00;
12:36:27;910;49,99;
12:36:30;904;49,98;
12:36:33;915;49,98;
12:36:36;912;49,98;
12:36:39;907;49,98;
12:36:42;889;49,97;
12:36:45;906;49,97;
12:36:48;907;49,98;
12:36:51;898;49,98;
12:36:54;901;49,98;
12:36:57;926;49,98;
12:37:00;923;49,98;
12:37:03;905;49,99;
12:37:06;909;49,99;
12:37:09;923;49,99;
12:37:15;915;49,99;
12:37:18;923;49,99;
12:37:21;950;49,99;
12:37:24;955;50,00;
12:37:27;958;49,99;
12:37:33;996;50,00;
12:37:36;1007;50,00;
12:37:39;1022;50,00;
12:37:42;1013;50,01;
12:37:45;1048;50,01;
12:37:48;1061;50,01;
12:37:51;1049;50,01;
12:37:54;1057;50,01;
12:37:57;1069;50,01;
12:38:00;1077;50,00;
12:38:03;1075;50,00;
12:38:06;1063;50,00;
12:38:09;1065;50,00;
12:38:12;1055;50,00;
12:38:15;1061;50,00;
12:38:18;1067;50,00;
12:38:21;1050;50,00;
12:38:24;1033;49,99;
12:38:27;1034;49,99;
12:38:30;1037;49,99;
12:38:33;1012;49,98;
12:38:39;988;49,98;
12:38:42;974;49,98;
12:38:45;969;49,98;
12:38:48;953;49,98;
12:38:51;951;49,98;
12:38:54;954;49,98;
12:38:57;946;49,99;
12:39:00;941;49,99;
12:39:03;939;49,99;
12:39:06;941;49,99;
12:39:09;951;49,99;
12:39:12;962;49,99;
12:39:15;963;49,99;
12:39:18;947;49,98;
12:39:21;959;49,98;
12:39:24;945;49,98;
12:39:27;954;49,97;
12:39:30;961;49,97;
12:39:33;970;49,97;
12:39:36;980;49,96;
12:39:39;982;49,97;
12:39:45;985;49,97;
12:39:48;976;49,97;
12:39:51;977;49,98;
12:39:54;979;49,99;
12:39:57;980;50,00;
12:40:00;991;50,00;
12:40:03;999;50,00;
12:40:06;984;50,00;
12:40:09;969;50,00;
12:40:12;954;50,00;
12:40:15;944;49,99;
12:40:18;939;49,99;
12:40:21;930;49,99;
12:40:24;938;49,99;
12:40:27;943;49,99;
12:40:30;925;49,99;
12:40:33;915;49,98;
12:40:36;909;49,98;
12:40:39;899;49,98;
12:40:42;894;49,98;
12:40:45;873;49,98;
12:40:48;881;49,99;
12:40:51;884;49,98;
12:40:54;875;50,00;
12:40:57;856;50,00;
12:41:00;870;50,00;
12:41:03;875;50,00;
12:41:06;868;50,00;
12:41:09;850;50,00;
12:41:12;849;50,00;
12:41:15;878;50,00;
12:41:18;879;50,00;
12:41:21;865;50,00;
12:41:24;892;50,00;
12:41:27;894;50,00;
12:41:30;909;50,00;
12:41:36;930;49,99;
12:41:39;949;49,99;
12:41:42;957;49,98;
12:41:45;948;49,97;
12:41:48;986;49,97;
12:41:51;996;49,97;
12:41:54;1013;49,97;
12:41:57;1025;49,97;
12:42:00;1044;49,98;
12:42:06;1070;49,98;
12:42:09;1085;49,98;
12:42:12;1092;49,99;
12:42:15;1085;49,99;
12:42:18;1096;49,98;
12:42:21;1121;49,98;
12:42:24;1127;49,98;
12:42:27;1117;49,97;
12:42:30;1136;49,97;
12:42:33;1144;49,97;
12:42:36;1138;49,98;
12:42:42;1134;49,98;
12:42:45;1130;49,98;
12:42:48;1122;49,98;
12:42:51;1120;49,98;
12:42:54;1110;49,98;
12:42:57;1108;49,98;
12:43:00;1115;49,98;
12:43:03;1105;49,98;
12:43:06;1097;50,00;
12:43:09;1095;50,00;
12:43:12;1085;50,00;
12:43:15;1079;50,00;
12:43:18;1066;49,99;
12:43:21;1059;49,98;
12:43:24;1065;49,98;
12:43:27;1049;49,98;
12:43:30;1041;49,98;
12:43:33;1035;49,98;
12:43:36;1032;49,98;
12:43:39;1027;49,98;
12:43:42;1020;49,98;
12:43:48;1004;49,99;
12:43:51;1001;49,99;
12:43:54;987;50,00;
12:43:57;983;50,00;
12:44:00;975;50,00;
12:44:03;976;50,00;
12:44:06;979;50,00;
12:44:09;974;50,00;
12:44:12;954;50,00;
12:44:15;941;50,00;
12:44:18;931;50,00;
12:44:24;923;50,00;
12:44:27;933;50,00;
12:44:30;938;50,00;
12:44:33;936;49,99;
12:44:36;924;49,99;
12:44:39;935;49,99;
12:44:42;946;49,99;
12:44:45;940;49,99;
12:44:48;929;49,99;
12:44:54;970;50,00;
12:44:57;966;50,00;
12:45:00;953;50,00;
12:45:03;974;50,00;
12:45:06;984;50,00;
12:45:09;983;50,00;
12:45:12;985;50,00;
12:45:15;970;50,00;
12:45:18;1003;49,99;
12:45:21;995;49,98;
12:45:24;997;49,98;
12:45:27;1003;49,98;
12:45:30;1004;49,98;
12:45:33;1007;49,98;
12:45:39;1008;49,98;
12:45:42;996;49,98;
12:45:45;1000;49,98;
12:45:48;1001;49,98;
12:45:51;1004;49,99;
12:45:54;1014;49,99;
12:45:57;1018;49,99;
12:46:00;1010;49,99;
12:46:03;1008;49,99;
12:46:06;1011;50,00;
12:46:09;1009;49,99;
12:46:12;1006;49,99;
12:46:15;1005;49,99;
12:46:18;993;49,98;
12:46:21;983;49,98;
12:46:24;997;49,99;
12:46:27;1002;49,99;
12:46:30;1006;49,99;
12:46:33;1011;49,98;
12:46:36;1015;49,98;
12:46:39;1020;49,99;
12:46:45;1044;50,00;
12:46:48;1047;49,99;
12:46:51;1042;49,99;
12:46:57;1042;49,98;
12:47:00;1038;49,99;
12:47:03;1046;49,99;
12:47:06;1033;49,99;
12:47:09;1013;49,98;
12:47:12;1009;49,99;
12:47:15;994;49,99;
12:47:18;983;49,99;
12:47:21;967;49,99;
12:47:24;955;49,99;
12:47:27;949;49,99;
12:47:30;931;49,99;
12:47:33;912;49,98;
12:47:36;900;49,98;
12:47:39;873;49,98;
12:47:42;874;49,98;
12:47:45;868;49,99;
12:47:51;837;49,99;
12:47:54;849;49,99;
12:47:57;861;49,99;
12:48:00;852;49,99;
12:48:03;841;49,99;
12:48:06;863;49,99;
12:48:09;869;49,99;
12:48:12;885;49,99;
12:48:15;887;49,99;
12:48:18;916;50,00;
12:48:21;951;50,00;
12:48:27;964;50,01;
12:48:30;991;50,00;
12:48:33;1002;50,00;
12:48:36;1026;50,00;
12:48:39;1034;50,00;
12:48:42;1056;50,00;
12:48:45;1055;50,00;
12:48:48;1068;50,00;
12:48:51;1087;50,00;
12:48:57;1076;50,01;
12:49:00;1085;50,01;
12:49:03;1091;50,01;
12:49:06;1085;50,01;
12:49:09;1065;50,01;
12:49:12;1068;50,00;
12:49:15;1064;50,00;
12:49:18;1061;50,00;
12:49:21;1022;49,99;
12:49:24;1025;50,00;
12:49:27;1014;50,00;
12:49:30;1003;50,00;
12:49:33;983;50,00;
12:49:36;984;50,00;
12:49:39;980;50,00;
12:49:42;975;50,00;
12:49:45;986;50,00;
12:49:51;971;50,00;
12:49:54;967;50,00;
12:49:57;983;50,00;
12:50:00;987;49,99;
12:50:03;1003;50,00;
12:50:06;1002;50,00;
12:50:09;1026;50,00;
12:50:12;1059;50,00;
12:50:18;1083;50,00;
12:50:21;1082;49,99;
12:50:24;1076;49,99;
12:50:27;1103;49,98;
12:50:30;1109;49,98;
12:50:33;1113;49,98;
12:50:36;1112;49,98;
12:50:39;1111;49,98;
12:50:42;1107;49,98;
12:50:48;1080;49,98;
12:50:51;1074;49,98;
12:50:54;1059;49,98;
12:50:57;1036;49,98;
12:51:00;994;49,99;
12:51:03;987;49,98;
12:51:06;971;49,98;
12:51:09;963;49,98;
12:51:12;896;49,98;
12:51:15;889;49,98;
12:51:18;880;49,98;
12:51:21;856;49,98;
12:51:24;862;49,98;
12:51:27;852;49,98;
12:51:30;846;49,98;
12:51:33;824;49,98;
12:51:36;841;49,98;
12:51:39;825;49,98;
12:51:42;807;49,98;
12:51:45;820;49,98;
12:51:48;809;49,98;
12:51:54;815;49,98;
12:51:57;833;49,98;
12:52:00;853;49,98;
12:52:03;850;49,98;
12:52:06;846;49,99;
12:52:09;853;50,00;
12:52:12;878;50,00;
12:52:15;895;50,00;
12:52:18;897;49,99;
12:52:21;922;49,99;
12:52:24;948;49,99;
12:52:27;951;49,99;
12:52:30;958;50,00;
12:52:33;978;50,00;
12:52:36;977;50,00;
12:52:39;991;50,00;
12:52:42;1004;50,00;
12:52:45;1006;50,00;
12:52:48;1023;50,00;
12:52:51;1025;50,00;
12:52:54;1020;50,00;
12:53:00;991;50,00;
12:53:03;976;50,00;
12:53:06;974;50,00;
12:53:09;977;50,00;
12:53:12;964;50,00;
12:53:15;965;50,01;
12:53:18;951;50,01;
12:53:21;935;50,01;
12:53:24;905;50,01;
12:53:27;904;50,01;
12:53:30;874;50,01;
12:53:33;847;50,01;
12:53:36;839;50,01;
12:53:39;835;50,01;
12:53:42;816;50,01;
12:53:45;778;50,00;
12:53:48;774;50,00;
12:53:51;777;50,00;
12:53:54;772;49,99;
12:53:57;765;49,99;
12:54:00;766;49,99;
12:54:06;776;49,99;
12:54:09;777;49,99;
12:54:12;795;50,00;
12:54:15;789;50,00;
12:54:18;821;49,99;
12:54:21;826;49,99;
12:54:24;841;49,99;
12:54:27;852;49,99;
12:54:30;867;49,99;
12:54:33;889;49,99;
12:54:36;895;49,99;
12:54:39;907;49,99;
12:54:42;918;49,99;
12:54:45;928;49,99;
12:54:51;942;50,00;
12:54:54;951;49,99;
12:54:57;930;49,99;
12:55:00;947;50,00;
12:55:03;952;50,00;
12:55:06;944;50,00;
12:55:09;939;50,00;
12:55:12;921;50,01;
12:55:15;932;50,01;
12:55:18;925;50,01;
12:55:21;896;50,00;
12:55:24;905;50,00;
12:55:27;904;50,00;
12:55:30;890;50,00;
12:55:33;887;50,00;
12:55:36;868;50,00;
12:55:39;876;50,00;
12:55:42;870;50,00;
12:55:45;873;50,00;
12:55:48;867;50,00;
12:55:51;869;50,00;
12:55:57;877;50,00;
12:56:03;886;50,00;
12:56:06;875;50,00;
12:56:09;897;50,00;
12:56:12;899;50,00;
12:56:15;908;50,00;
12:56:18;913;50,01;
12:56:21;921;50,01;
12:56:24;910;50,01;
12:56:27;937;50,01;
12:56:30;954;50,00;
12:56:33;949;50,00;
12:56:36;943;50,00;
12:56:39;964;50,00;
12:56:42;980;50,00;
12:56:45;971;50,00;
12:56:48;952;50,00;
12:56:51;966;50,00;
12:56:54;952;50,00;
12:56:57;954;50,00;
12:57:03;940;50,00;
12:57:06;942;50,00;
12:57:09;920;50,00;
12:57:12;896;50,00;
12:57:15;903;50,00;
12:57:18;887;50,00;
12:57:21;891;50,00;
12:57:24;885;50,00;
12:57:27;871;50,00;
12:57:33;861;50,00;
12:57:36;844;50,00;
12:57:39;861;50,00;
12:57:42;864;50,00;
12:57:45;861;50,00;
12:57:48;854;50,00;
12:57:51;873;50,00;
12:57:54;881;50,00;
12:57:57;888;50,00;
12:58:00;891;50,00;
12:58:03;902;50,00;
12:58:09;922;50,00;
12:58:12;924;50,00;
12:58:15;921;50,00;
12:58:18;934;50,00;
12:58:21;952;50,00;
12:58:24;958;50,00;
12:58:27;945;50,00;
12:58:30;965;50,00;
12:58:33;978;50,00;
12:58:36;981;49,99;
12:58:39;985;50,00;
12:58:42;987;50,00;
12:58:45;992;50,00;
12:58:48;996;50,00;
12:58:51;981;49,99;
12:58:54;1003;49,99;
12:58:57;1015;49,99;
12:59:00;1012;49,99;
12:59:03;1001;49,99;
12:59:06;1020;50,00;
12:59:09;1030;50,00;
12:59:12;1021;50,00;
12:59:15;1022;50,00;
12:59:21;1026;50,00;
12:59:24;1009;50,00;
12:59:27;987;50,00;
12:59:30;989;49,99;
12:59:33;993;49,99;
12:59:36;972;49,99;
12:59:39;936;49,99;
12:59:42;927;50,00;
12:59:45;925;50,00;
12:59:48;885;50,00;
12:59:51;856;50,00;
12:59:54;847;50,00;
13:00:00;820;50,00;
13:00:03;807;50,00;
13:00:06;796;49,99;
13:00:09;773;49,98;
13:00:12;774;49,98;
13:00:15;772;49,98;
13:00:18;772;49,97;
13:00:21;757;49,97;
13:00:24;772;49,96;
13:00:27;771;49,96;
13:00:30;776;49,96;
13:00:33;762;49,96;
13:00:36;784;49,96;
13:00:39;786;49,96;
13:00:42;784;49,95;
13:00:45;780;49,94;
13:00:48;790;49,94;
13:00:51;794;49,94;
13:00:54;777;49,94;
13:00:57;786;49,94;
13:01:00;792;49,94;
13:01:06;789;49,94;
13:01:09;793;49,94;
13:01:12;794;49,94;
13:01:15;797;49,94;
13:01:18;798;49,95;
13:01:21;802;49,96;
13:01:24;787;49,96;
13:01:27;798;49,96;
13:01:30;784;49,96;
13:01:33;783;49,96;
13:01:39;790;49,96;
13:01:42;791;49,96;
13:01:45;794;49,96;
13:01:48;781;49,96;
13:01:51;798;49,96;
13:01:54;803;49,96;
13:01:57;808;49,96;
13:02:00;804;49,96;
13:02:03;812;49,96;
13:02:06;816;49,95;
13:02:12;819;49,95;
13:02:15;823;49,95;
13:02:18;825;49,95;
13:02:21;826;49,95;
13:02:24;825;49,95;
13:02:27;817;49,95;
13:02:30;799;49,94;
13:02:33;817;49,94;
13:02:36;820;49,95;
13:02:39;830;49,95;
13:02:42;828;49,96;
13:02:45;831;49,96;
13:02:48;821;49,96;
13:02:51;817;49,96;
13:02:54;804;49,96;
13:02:57;811;49,96;
13:03:00;814;49,96;
13:03:03;806;49,96;
13:03:06;783;49,96;
13:03:09;802;49,96;
13:03:12;811;49,96;
13:03:18;812;49,96;
13:03:21;813;49,96;
13:03:24;816;49,96;
13:03:27;815;49,97;
13:03:30;820;49,97;
13:03:33;818;49,97;
13:03:36;827;49,97;
13:03:39;816;49,96;
13:03:42;834;49,96;
13:03:45;842;49,96;
13:03:48;844;49,96;
13:03:51;840;49,96;
13:03:54;846;49,96;
13:03:57;849;49,96;
13:04:03;831;49,96;
13:04:06;827;49,96;
13:04:09;814;49,96;
13:04:12;804;49,96;
13:04:15;785;49,96;
13:04:18;787;49,96;
13:04:21;770;49,96;
13:04:24;755;49,96;
13:04:27;715;49,95;
13:04:30;699;49,95;
13:04:33;673;49,95;
13:04:36;659;49,95;
13:04:39;637;49,95;
13:04:42;628;49,96;
13:04:45;615;49,96;
13:04:48;600;49,96;
13:04:51;587;49,96;
13:04:54;576;49,96;
13:04:57;568;49,96;
13:05:00;565;49,96;
13:05:03;551;49,95;
13:05:09;546;49,95;
13:05:12;543;49,95;
13:05:15;533;49,96;
13:05:18;536;49,96;
13:05:21;530;49,96;
13:05:24;529;49,96;
13:05:27;527;49,97;
13:05:30;520;49,96;
13:05:33;510;49,96;
13:05:36;514;49,96;
13:05:39;510;49,96;
13:05:42;509;49,96;
13:05:45;499;49,97;
13:05:48;501;49,97;
13:05:51;502;49,97;
13:05:54;496;49,96;
13:05:57;493;49,96;
13:06:00;490;49,96;
13:06:03;482;49,96;
13:06:06;486;49,96;
13:06:09;478;49,97;
13:06:15;475;49,96;
13:06:18;473;49,96;
13:06:21;467;49,96;
13:06:24;470;49,96;
13:06:27;460;49,97;
13:06:30;445;49,96;
13:06:33;462;49,97;
13:06:36;460;49,97;
13:06:39;455;49,97;
13:06:42;454;49,97;
13:06:45;437;49,98;
13:06:48;446;49,98;
13:06:51;445;49,98;
13:06:54;445;49,97;
13:06:57;444;49,98;
13:07:00;439;49,98;
13:07:03;428;49,98;
13:07:06;430;49,98;
13:07:09;428;49,98;
13:07:12;421;49,98;
13:07:21;421;49,97;
13:07:24;421;49,96;
13:07:27;421;49,97;
13:07:30;425;49,97;
13:07:33;429;49,97;
13:07:36;426;49,97;
13:07:39;431;49,97;
13:07:42;436;49,97;
13:07:45;438;49,98;
13:07:48;441;49,98;
13:07:51;448;49,98;
13:07:54;456;49,98;
13:07:57;467;49,99;
13:08:00;464;49,99;
13:08:06;479;49,99;
13:08:09;477;49,98;
13:08:12;490;49,99;
13:08:15;489;49,99;
13:08:18;496;50,00;
13:08:21;501;49,99;
13:08:24;500;49,99;
13:08:27;505;49,99;
13:08:30;508;49,98;
13:08:33;509;49,98;
13:08:36;518;49,98;
13:08:39;516;49,98;
13:08:42;517;49,98;
13:08:45;521;49,98;
13:08:48;522;49,98;
13:08:54;523;49,98;
13:08:57;524;49,98;
13:09:00;526;49,98;
13:09:03;531;49,98;
13:09:06;529;49,98;
13:09:12;544;49,98;
13:09:15;547;49,98;
13:09:18;552;49,98;
13:09:21;559;49,98;
13:09:24;560;49,99;
13:09:27;558;49,99;
13:09:30;565;49,99;
13:09:33;567;49,99;
13:09:36;573;49,98;
13:09:39;578;49,98;
13:09:42;582;49,98;
13:09:45;583;49,98;
13:09:48;596;49,98;
13:09:51;604;49,98;
13:09:54;610;49,98;
13:09:57;612;49,98;
13:10:00;626;49,98;
13:10:03;637;49,98;
13:10:06;640;49,98;
13:10:09;663;49,98;
13:10:12;675;49,98;
13:10:18;709;49,98;
13:10:21;702;49,98;
13:10:24;713;49,98;
13:10:27;720;49,98;
13:10:30;694;49,98;
13:10:33;704;49,98;
13:10:36;703;49,98;
13:10:39;699;49,98;
13:10:42;667;49,99;
13:10:45;658;49,99;
13:10:48;629;49,99;
13:10:51;623;49,99;
13:10:54;603;49,99;
13:10:57;589;49,99;
13:11:00;583;49,99;
13:11:03;559;49,99;
13:11:06;550;49,99;
13:11:09;533;49,99;
13:11:12;522;49,98;
13:11:15;516;49,98;
13:11:18;505;49,98;
13:11:24;486;49,99;
13:11:27;482;49,99;
13:11:30;470;49,99;
13:11:33;464;49,99;
13:11:36;455;50,00;
13:11:39;452;50,00;
13:11:42;450;50,00;
13:11:45;446;50,00;
13:11:48;433;50,00;
13:11:51;432;50,00;
13:11:54;425;50,00;
13:12:00;422;49,99;
13:12:06;421;49,99;
13:12:09;423;49,99;
13:12:12;427;50,00;
13:12:15;428;50,00;
13:12:18;435;50,00;
13:12:21;438;49,99;
13:12:24;437;49,99;
13:12:30;433;49,98;
13:12:33;453;49,98;
13:12:36;459;49,98;
13:12:39;464;49,99;
13:12:42;464;50,00;
13:12:45;473;50,00;
13:12:48;471;50,00;
13:12:51;478;50,00;
13:12:54;482;50,01;
13:12:57;494;50,01;
13:13:00;488;50,01;
13:13:03;490;50,01;
13:13:06;495;50,01;
13:13:09;495;50,00;
13:13:15;476;49,99;
13:13:18;482;49,99;
13:13:21;481;49,99;
13:13:24;475;49,99;
13:13:27;473;49,98;
13:13:30;471;49,99;
13:13:33;464;49,98;
13:13:39;449;49,98;
13:13:42;447;49,98;
13:13:45;438;49,98;
13:13:48;428;49,98;
13:13:51;418;49,97;
13:13:54;421;49,97;
13:13:57;419;49,97;
13:14:00;406;49,96;
13:14:03;408;49,96;
13:14:06;407;49,96;
13:14:09;403;49,96;
13:14:12;407;49,96;
13:14:15;406;49,96;
13:14:21;407;49,96;
13:14:24;410;49,96;
13:14:27;392;49,96;
13:14:30;409;49,96;
13:14:33;416;49,96;
13:14:36;417;49,96;
13:14:39;422;49,96;
13:14:42;423;49,97;
13:14:45;434;49,97;
13:14:48;437;49,97;
13:14:51;446;49,97;
13:14:54;448;49,97;
13:14:57;455;49,98;
13:15:00;456;49,98;
13:15:03;461;49,98;
13:15:06;470;49,99;
13:15:09;476;49,99;
13:15:12;478;49,99;
13:15:15;486;49,99;
13:15:18;487;49,99;
13:15:21;486;49,99;
13:15:27;495;49,99;
13:15:30;494;49,98;
13:15:36;498;49,98;
13:15:39;496;49,97;
13:15:45;498;49,97;
13:15:48;501;49,96;
13:15:51;502;49,96;
13:15:54;501;49,97;
13:16:00;503;49,97;
13:16:03;515;49,97;
13:16:06;518;49,97;
13:16:09;515;49,97;
13:16:12;524;49,97;
13:16:15;535;49,97;
13:16:18;540;49,96;
13:16:21;545;49,96;
13:16:24;550;49,96;
13:16:27;560;49,97;
13:16:33;567;49,98;
13:16:36;575;49,98;
13:16:39;589;49,98;
13:16:42;599;49,98;
13:16:45;610;49,97;
13:16:48;614;49,97;
13:16:51;613;49,97;
13:16:54;619;49,97;
13:16:57;635;49,97;
13:17:00;640;49,97;
13:17:03;646;49,98;
13:17:09;639;49,98;
13:17:12;653;49,98;
13:17:18;657;49,97;
13:17:21;648;49,97;
13:17:24;657;49,97;
13:17:27;645;49,97;
13:17:30;656;49,97;
13:17:33;647;49,97;
13:17:36;648;49,97;
13:17:39;650;49,97;
13:17:42;646;49,97;
13:17:45;636;49,98;
13:17:48;642;49,98;
13:17:51;640;49,98;
13:17:54;645;49,98;
13:17:57;636;49,99;
13:18:00;641;49,99;
13:18:03;633;49,99;
13:18:06;651;49,98;
13:18:09;662;49,98;
13:18:12;672;49,98;
13:18:15;685;49,98;
13:18:18;697;49,98;
13:18:24;711;49,98;
13:18:27;713;49,98;
13:18:30;726;49,98;
13:18:33;727;49,97;
13:18:36;738;49,97;
13:18:39;742;49,97;
13:18:42;731;49,97;
13:18:45;737;49,97;
13:18:48;748;49,97;
13:18:51;749;49,98;
13:18:54;758;49,98;
13:18:57;776;49,97;
13:19:00;787;49,98;
13:19:03;778;49,98;
13:19:06;784;49,98;
13:19:09;808;49,98;
13:19:12;816;49,98;
13:19:15;821;49,98;
13:19:18;826;49,98;
13:19:21;825;49,98;
13:19:24;835;49,98;
13:19:30;836;49,98;
13:19:33;837;49,98;
13:19:36;834;49,98;
13:19:39;832;49,98;
13:19:42;830;49,98;
13:19:45;828;49,98;
13:19:48;814;49,98;
13:19:51;823;49,98;
13:19:54;813;49,99;
13:19:57;808;50,00;
13:20:00;795;50,00;
13:20:03;789;50,00;
13:20:06;771;49,99;
13:20:09;758;49,99;
13:20:12;766;49,99;
13:20:15;743;49,98;
13:20:18;711;49,97;
13:20:21;714;49,97;
13:20:24;696;49,97;
13:20:27;686;49,97;
13:20:30;668;49,97;
13:20:36;657;49,98;
13:20:39;656;49,97;
13:20:42;657;49,97;
13:20:45;651;49,97;
13:20:48;627;49,97;
13:20:51;648;49,97;
13:20:54;651;49,98;
13:20:57;650;49,98;
13:21:00;657;49,99;
13:21:03;664;49,99;
13:21:06;660;49,99;
13:21:09;671;50,00;
13:21:12;672;50,00;
13:21:15;678;50,00;
13:21:18;680;50,00;
13:21:21;684;50,00;
13:21:24;664;50,00;
13:21:27;683;49,99;
13:21:33;692;49,99;
13:21:36;691;49,99;
13:21:39;678;49,98;
13:21:42;691;49,98;
13:21:48;668;49,98;
13:21:51;694;49,98;
13:21:54;685;49,98;
13:21:57;688;49,98;
13:22:00;672;49,99;
13:22:03;666;49,99;
13:22:06;680;49,99;
13:22:12;696;49,99;
13:22:15;699;49,99;
13:22:18;701;49,98;
13:22:21;692;49,98;
13:22:27;709;49,98;
13:22:30;711;49,98;
13:22:33;697;49,98;
13:22:36;710;49,97;
13:22:39;711;49,97;
13:22:42;708;49,98;
13:22:45;693;49,98;
13:22:48;700;49,98;
13:22:51;712;50,00;
13:22:54;714;50,00;
13:22:57;716;50,00;
13:23:00;727;50,00;
13:23:03;733;50,00;
13:23:06;737;50,00;
13:23:09;731;50,00;
13:23:12;741;50,00;
13:23:15;741;49,99;
13:23:18;745;49,99;
13:23:21;755;49,99;
13:23:24;752;49,99;
13:23:27;747;49,98;
13:23:33;744;49,98;
13:23:36;753;49,98;
13:23:39;749;49,98;
13:23:42;745;49,98;
13:23:45;714;49,98;
13:23:48;735;49,98;
13:23:51;737;49,99;
13:23:54;731;49,99;
13:23:57;712;49,98;
13:24:00;728;49,98;
13:24:03;724;49,98;
13:24:06;725;49,98;
13:24:09;717;49,98;
13:24:12;727;49,97;
13:24:15;735;49,96;
13:24:18;732;49,96;
13:24:21;723;49,96;
13:24:24;740;49,96;
13:24:27;757;49,96;
13:24:30;753;49,96;
13:24:33;745;49,97;
13:24:39;787;49,97;
13:24:42;785;49,98;
13:24:45;781;49,97;
13:24:48;805;49,97;
13:24:51;821;49,97;
13:24:54;817;49,97;
13:24:57;821;49,98;
13:25:00;810;49,97;
13:25:03;838;49,97;
13:25:06;840;49,97;
13:25:09;835;49,97;
13:25:12;841;49,97;
13:25:15;838;49,96;
13:25:18;851;49,96;
13:25:21;857;49,97;
13:25:24;864;49,97;
13:25:27;857;49,97;
13:25:30;872;49,97;
13:25:33;865;49,97;
13:25:36;879;49,97;
13:25:39;871;49,97;
13:25:45;869;49,96;
13:25:48;875;49,96;
13:25:51;872;49,96;
13:25:54;870;49,96;
13:25:57;884;49,96;
13:26:00;865;49,97;
13:26:03;867;49,97;
13:26:06;851;49,97;
13:26:09;854;49,97;
13:26:12;846;49,97;
13:26:15;843;49,97;
13:26:18;830;49,96;
13:26:21;835;49,96;
13:26:24;834;49,96;
13:26:30;809;49,96;
13:26:33;817;49,96;
13:26:36;818;49,96;
13:26:39;805;49,96;
13:26:42;818;49,97;
13:26:45;802;49,97;
13:26:48;793;49,97;
13:26:51;773;49,97;
13:26:54;776;49,98;
13:26:57;760;49,98;
13:27:00;734;49,98;
13:27:03;740;49,98;
13:27:06;738;49,99;
13:27:09;727;49,99;
13:27:12;723;49,99;
13:27:15;709;50,00;
13:27:18;731;50,00;
13:27:21;727;50,00;
13:27:24;721;49,99;
13:27:27;732;49,99;
13:27:30;747;49,98;
13:27:36;745;49,98;
13:27:39;756;49,98;
13:27:42;765;49,98;
13:27:45;771;49,98;
13:27:48;763;49,99;
13:27:51;748;50,00;
13:27:54;765;50,00;
13:27:57;753;50,00;
13:28:00;782;50,00;
13:28:03;772;50,00;
13:28:06;760;50,00;
13:28:09;771;50,00;
13:28:12;788;50,00;
13:28:15;776;50,00;
13:28:21;790;49,99;
13:28:24;774;49,99;
13:28:27;785;49,99;
13:28:30;760;49,99;
13:28:33;768;49,99;
13:28:36;771;50,00;
13:28:42;769;50,00;
13:28:45;771;50,00;
13:28:48;752;50,00;
13:28:51;761;50,00;
13:28:54;731;50,00;
13:28:57;740;50,00;
13:29:00;744;49,99;
13:29:03;728;49,99;
13:29:06;750;50,00;
13:29:09;745;49,99;
13:29:12;735;49,99;
13:29:15;736;49,99;
13:29:18;744;49,98;
13:29:21;737;49,98;
13:29:24;742;49,97;
13:29:27;729;49,97;
13:29:30;731;49,97;
13:29:33;721;49,97;
13:29:36;713;49,97;
13:29:39;690;49,97;
13:29:42;695;49,98;
13:29:48;682;49,98;
13:29:51;667;49,98;
13:29:54;660;49,98;
13:29:57;647;49,98;
13:30:00;647;49,97;
13:30:03;636;49,97;
13:30:06;639;49,97;
13:30:09;633;49,96;
13:30:12;626;49,96;
13:30:15;618;49,97;
13:30:18;623;49,97;
13:30:21;615;49,97;
13:30:24;624;49,97;
13:30:27;614;49,97;
13:30:30;622;49,96;
13:30:33;618;49,96;
13:30:36;626;49,96;
13:30:39;613;49,96;
13:30:42;623;49,96;
13:30:45;616;49,96;
13:30:48;620;49,96;
13:30:51;623;49,96;
13:30:54;613;49,96;
13:30:57;612;49,97;
13:31:00;611;49,97;
13:31:03;608;49,97;
13:31:06;610;49,97;
13:31:09;605;49,97;
13:31:12;611;49,97;
13:31:15;608;49,97;
13:31:18;600;49,97;
13:31:21;603;49,96;
13:31:24;607;49,96;
13:31:27;606;49,95;
13:31:30;601;49,96;
13:31:33;607;49,96;
13:31:39;608;49,96;
13:31:42;581;49,96;
13:31:45;595;49,96;
13:31:48;598;49,96;
13:31:51;600;49,96;
13:31:54;602;49,96;
13:31:57;594;49,96;
13:32:00;593;49,97;
13:32:03;584;49,97;
13:32:09;577;49,98;
13:32:12;568;49,98;
13:32:15;565;49,97;
13:32:18;566;49,97;
13:32:21;560;49,97;
13:32:24;553;49,97;
13:32:27;548;49,96;
13:32:30;551;49,96;
13:32:33;541;49,96;
13:32:36;538;49,96;
13:32:39;540;49,96;
13:32:45;539;49,97;
13:32:48;534;49,97;
13:32:51;539;49,97;
13:32:54;541;49,97;
13:32:57;546;49,97;
13:33:00;547;49,97;
13:33:03;550;49,97;
13:33:06;552;49,97;
13:33:09;565;49,97;
13:33:12;568;49,97;
13:33:15;577;49,97;
13:33:18;584;49,97;
13:33:21;593;49,96;
13:33:24;594;49,96;
13:33:27;604;49,95;
13:33:30;605;49,95;
13:33:33;624;49,95;
13:33:36;632;49,95;
13:33:39;645;49,95;
13:33:42;652;49,96;
13:33:45;664;49,96;
13:33:51;675;49,95;
13:33:54;665;49,95;
13:33:57;666;49,95;
13:34:00;667;49,95;
13:34:03;669;49,96;
13:34:06;665;49,96;
13:34:09;660;49,96;
13:34:12;658;49,96;
13:34:15;646;49,96;
13:34:18;634;49,96;
13:34:21;624;49,96;
13:34:24;607;49,96;
13:34:27;598;49,97;
13:34:30;589;49,96;
13:34:33;571;49,96;
13:34:36;562;49,96;
13:34:39;552;49,96;
13:34:42;546;49,96;
13:34:45;541;49,96;
13:34:48;537;49,96;
13:34:51;536;49,97;
13:34:57;541;49,98;
13:35:00;540;49,98;
13:35:03;546;49,98;
13:35:06;550;49,98;
13:35:09;562;49,98;
13:35:12;572;49,98;
13:35:18;558;49,98;
13:35:21;590;49,98;
13:35:24;616;49,97;
13:35:27;614;49,97;
13:35:30;640;49,97;
13:35:33;637;49,98;
13:35:36;668;49,98;
13:35:42;686;49,98;
13:35:45;677;49,98;
13:35:48;701;49,99;
13:35:51;709;49,99;
13:35:54;721;49,99;
13:35:57;716;49,98;
13:36:00;731;49,98;
13:36:03;733;49,98;
13:36:06;719;49,98;
13:36:09;696;49,98;
13:36:12;704;49,98;
13:36:15;704;49,97;
13:36:18;689;49,97;
13:36:21;669;49,97;
13:36:24;666;49,97;
13:36:27;665;49,97;
13:36:30;650;49,97;
13:36:33;650;49,96;
13:36:36;640;49,96;
13:36:39;639;49,96;
13:36:42;628;49,95;
13:36:48;616;49,96;
13:36:51;610;49,96;
13:36:54;607;49,96;
13:36:57;603;49,97;
13:37:00;602;49,97;
13:37:03;601;49,98;
13:37:06;596;49,98;
13:37:09;599;49,98;
13:37:12;601;49,97;
13:37:15;597;49,97;
13:37:18;606;49,96;
13:37:21;607;49,96;
13:37:24;610;49,97;
13:37:27;613;49,97;
13:37:30;612;49,97;
13:37:33;622;49,96;
13:37:36;626;49,96;
13:37:42;627;49,96;
13:37:45;632;49,96;
13:37:48;639;49,96;
13:37:54;641;49,97;
13:37:57;646;49,97;
13:38:00;655;49,97;
13:38:03;658;49,98;
13:38:06;662;49,98;
13:38:09;671;49,98;
13:38:12;667;49,98;
13:38:15;673;49,98;
13:38:18;687;49,98;
13:38:21;690;49,98;
13:38:24;695;49,98;
13:38:30;696;49,97;
13:38:33;695;49,98;
13:38:36;677;49,98;
13:38:39;692;49,98;
13:38:42;690;49,99;
13:38:45;689;49,99;
13:38:48;688;49,99;
13:38:51;686;49,99;
13:38:54;676;49,99;
13:39:00;668;49,98;
13:39:03;666;49,98;
13:39:06;658;49,98;
13:39:09;655;49,98;
13:39:12;645;49,98;
13:39:15;643;49,98;
13:39:18;634;49,98;
13:39:21;635;49,98;
13:39:24;614;49,97;
13:39:27;615;49,97;
13:39:30;603;49,97;
13:39:33;600;49,97;
13:39:36;583;49,97;
13:39:39;588;49,98;
13:39:45;580;49,98;
13:39:51;575;49,98;
13:39:54;574;49,99;
13:39:57;574;50,00;
13:40:03;577;50,00;
13:40:06;581;50,00;
13:40:09;584;50,00;
13:40:12;587;50,00;
13:40:15;592;50,00;
13:40:18;596;50,00;
13:40:21;597;49,99;
13:40:24;604;49,99;
13:40:27;606;49,99;
13:40:30;616;50,00;
13:40:33;623;50,00;
13:40:36;632;50,00;
13:40:39;634;50,00;
13:40:42;642;50,00;
13:40:45;647;50,00;
13:40:51;650;49,99;
13:40:54;656;49,99;
13:40:57;644;49,99;
13:41:00;654;49,99;
13:41:03;652;49,99;
13:41:06;652;50,00;
13:41:09;639;50,00;
13:41:12;640;50,00;
13:41:15;632;50,00;
13:41:18;637;50,00;
13:41:21;625;50,00;
13:41:24;624;49,99;
13:41:27;610;50,00;
13:41:30;613;49,99;
13:41:33;603;49,99;
13:41:36;602;49,98;
13:41:39;586;49,97;
13:41:42;592;49,97;
13:41:45;568;49,97;
13:41:48;573;49,98;
13:41:51;568;49,98;
13:41:57;551;49,98;
13:42:00;560;49,98;
13:42:03;558;49,99;
13:42:06;557;49,99;
13:42:09;551;50,00;
13:42:12;556;50,00;
13:42:15;561;49,99;
13:42:18;563;49,99;
13:42:21;563;50,00;
13:42:24;565;50,00;
13:42:27;567;50,00;
13:42:30;569;50,00;
13:42:33;568;50,00;
13:42:36;573;50,00;
13:42:39;576;50,00;
13:42:42;577;50,00;
13:42:45;571;50,00;
13:42:48;580;50,00;
13:42:51;581;50,00;
13:42:54;586;50,01;
13:42:57;591;50,01;
13:43:03;590;50,01;
13:43:06;598;50,01;
13:43:09;597;50,01;
13:43:12;602;50,01;
13:43:15;607;50,01;
13:43:18;610;50,01;
13:43:21;613;50,01;
13:43:24;598;50,01;
13:43:27;605;50,01;
13:43:30;612;50,01;
13:43:33;596;50,00;
13:43:36;602;50,00;
13:43:39;600;50,00;
13:43:42;604;50,00;
13:43:45;603;50,00;
13:43:48;602;50,00;
13:43:51;598;50,00;
13:43:54;605;50,00;
13:43:57;593;50,00;
13:44:00;609;50,00;
13:44:03;612;50,00;
13:44:09;615;50,01;
13:44:12;618;50,01;
13:44:15;630;50,01;
13:44:18;634;50,01;
13:44:21;631;50,01;
13:44:24;634;50,00;
13:44:27;646;50,00;
13:44:30;648;50,00;
13:44:33;655;49,99;
13:44:36;654;49,99;
13:44:39;651;49,99;
13:44:42;637;49,98;
13:44:45;643;49,98;
13:44:48;654;49,98;
13:44:54;622;49,98;
13:44:57;635;49,98;
13:45:00;630;49,99;
13:45:03;621;49,99;
13:45:06;623;50,00;
13:45:09;622;50,00;
13:45:12;616;50,01;
13:45:15;598;50,00;
13:45:18;586;50,00;
13:45:21;583;50,00;
13:45:24;566;49,98;
13:45:27;556;49,98;
13:45:30;562;49,99;
13:45:33;557;49,98;
13:45:36;549;49,99;
13:45:39;550;49,98;
13:45:42;541;49,98;
13:45:45;542;49,98;
13:45:48;530;49,98;
13:45:51;537;49,98;
13:45:54;533;49,99;
13:46:00;540;50,00;
13:46:03;534;50,00;
13:46:06;536;50,00;
13:46:09;542;50,00;
13:46:12;546;50,00;
13:46:15;543;50,00;
13:46:18;549;50,00;
13:46:21;541;50,00;
13:46:24;543;50,00;
13:46:27;552;50,00;
13:46:30;553;50,01;
13:46:33;544;50,00;
13:46:36;550;50,00;
13:46:39;538;50,01;
13:46:42;537;50,00;
13:46:45;543;50,01;
13:46:48;547;50,01;
13:46:51;546;50,01;
13:46:54;543;50,01;
13:46:57;545;50,01;
13:47:00;547;50,01;
13:47:06;544;50,01;
13:47:09;542;50,01;
13:47:12;545;50,01;
13:47:15;548;50,01;
13:47:18;546;50,01;
13:47:21;542;50,01;
13:47:24;550;50,00;
13:47:27;547;50,00;
13:47:30;548;50,00;
13:47:33;554;49,99;
13:47:36;558;49,99;
13:47:39;552;49,99;
13:47:42;561;50,00;
13:47:45;556;50,00;
13:47:48;565;50,00;
13:47:51;571;50,00;
13:47:54;573;50,00;
13:47:57;572;50,00;
13:48:00;575;50,00;
13:48:03;569;50,00;
13:48:06;574;50,00;
13:48:12;570;50,00;
13:48:15;564;50,00;
13:48:18;558;50,00;
13:48:24;552;50,00;
13:48:27;542;50,00;
13:48:30;544;50,00;
13:48:33;541;50,00;
13:48:36;526;50,00;
13:48:39;522;50,00;
13:48:42;523;50,00;
13:48:45;521;50,00;
13:48:48;520;50,00;
13:48:51;515;50,00;
13:48:57;512;50,00;
13:49:00;517;50,00;
13:49:03;518;50,00;
13:49:06;517;50,00;
13:49:09;522;50,01;
13:49:12;525;50,01;
13:49:15;532;50,01;
13:49:18;531;50,01;
13:49:21;534;50,01;
13:49:24;542;50,00;
13:49:27;549;50,00;
13:49:33;544;50,00;
13:49:36;560;50,00;
13:49:39;563;50,00;
13:49:42;570;50,00;
13:49:45;569;50,00;
13:49:48;564;50,00;
13:49:51;576;50,00;
13:49:54;572;50,00;
13:49:57;573;50,00;
13:50:03;567;50,00;
13:50:06;558;50,00;
13:50:12;554;50,00;
13:50:15;546;50,00;
13:50:18;539;50,00;
13:50:21;537;50,00;
13:50:24;531;50,00;
13:50:27;517;50,00;
13:50:30;510;50,00;
13:50:33;506;50,00;
13:50:36;501;50,00;
13:50:39;498;50,00;
13:50:42;488;50,00;
13:50:45;492;50,00;
13:50:48;489;50,00;
13:50:51;489;49,99;
13:50:54;486;49,99;
13:50:57;482;49,98;
13:51:00;483;49,98;
13:51:03;486;49,98;
13:51:09;478;49,99;
13:51:12;481;49,99;
13:51:15;485;50,00;
13:51:18;485;49,99;
13:51:21;484;49,99;
13:51:24;477;50,00;
13:51:27;484;50,00;
13:51:30;483;50,00;
13:51:33;480;50,01;
13:51:36;482;50,01;
13:51:39;485;50,00;
13:51:42;483;50,00;
13:51:45;487;50,00;
13:51:48;484;50,00;
13:51:51;490;50,00;
13:51:54;489;50,00;
13:51:57;493;50,01;
13:52:03;496;50,01;
13:52:06;498;50,01;
13:52:09;501;50,02;
13:52:18;498;50,02;
13:52:21;501;50,01;
13:52:24;503;50,01;
13:52:27;499;50,00;
13:52:30;498;50,00;
13:52:33;506;50,00;
13:52:36;507;50,00;
13:52:39;508;50,00;
13:52:42;501;50,00;
13:52:45;506;50,00;
13:52:48;507;50,00;
13:52:51;504;50,00;
13:52:54;506;50,00;
13:52:57;503;49,99;
13:53:00;499;49,99;
13:53:03;501;49,99;
13:53:06;502;50,00;
13:53:09;499;50,00;
13:53:12;497;50,00;
13:53:15;495;50,00;
13:53:18;492;50,00;
13:53:21;486;50,00;
13:53:24;482;50,00;
13:53:27;477;50,00;
13:53:30;471;50,00;
13:53:33;465;50,00;
13:53:36;461;50,00;
13:53:39;459;50,00;
13:53:42;455;50,00;
13:53:45;449;50,00;
13:53:48;438;50,00;
13:53:51;434;50,00;
13:53:54;430;50,00;
13:53:57;427;50,00;
13:54:00;392;49,99;
13:54:06;415;49,99;
13:54:12;410;49,99;
13:54:15;409;49,99;
13:54:18;400;49,98;
13:54:21;396;49,98;
13:54:24;400;49,98;
13:54:30;397;49,99;
13:54:33;398;49,99;
13:54:36;392;50,00;
13:54:39;375;50,00;
13:54:42;379;50,01;
13:54:45;381;50,01;
13:54:48;385;50,01;
13:54:51;379;50,01;
13:54:54;378;50,01;
13:54:57;371;50,00;
13:55:00;366;50,01;
13:55:06;355;50,00;
13:55:12;351;49,99;
13:55:18;345;49,99;
13:55:21;344;49,99;
13:55:24;341;50,00;
13:55:27;343;50,00;
13:55:30;339;50,00;
13:55:33;338;50,00;
13:55:36;332;50,00;
13:55:39;331;50,00;
13:55:42;330;50,00;
13:55:45;321;50,00;
13:55:48;319;50,00;
13:55:51;316;50,00;
13:55:54;321;50,00;
13:55:57;320;50,00;
13:56:00;318;50,00;
13:56:03;319;50,00;
13:56:06;316;50,00;
13:56:09;313;50,00;
13:56:18;312;50,00;
13:56:21;309;50,00;
13:56:24;304;50,00;
13:56:27;300;49,99;
13:56:30;296;49,99;
13:56:33;292;49,99;
13:56:36;287;49,99;
13:56:39;283;49,99;
13:56:42;285;49,99;
13:56:45;284;49,99;
13:56:48;283;49,98;
13:56:51;282;49,99;
13:56:54;282;50,00;
13:57:00;280;50,01;
13:57:06;278;50,01;
13:57:09;276;50,01;
13:57:12;271;50,01;
13:57:15;277;50,02;
13:57:18;276;50,02;
13:57:24;275;50,01;
13:57:33;274;50,01;
13:57:36;268;50,01;
13:57:39;273;50,01;
13:57:42;268;50,01;
13:57:45;274;50,01;
13:57:48;277;50,02;
13:57:51;271;50,01;
13:57:54;268;50,01;
13:57:57;272;50,01;
13:58:00;273;50,01;
13:58:03;275;50,01;
13:58:09;276;50,01;
13:58:12;277;50,01;
13:58:15;276;50,01;
13:58:21;275;50,02;
13:58:24;276;50,02;
13:58:30;275;50,01;
13:58:42;259;50,01;
13:58:45;268;50,01;
13:58:48;271;50,01;
13:58:51;269;50,00;
13:58:54;274;50,00;
13:59:00;267;50,00;
13:59:03;266;50,00;
13:59:06;265;50,00;
13:59:15;270;50,00;
13:59:18;269;49,99;
13:59:21;267;49,99;
13:59:24;265;49,99;
13:59:27;263;49,99;
13:59:30;233;49,99;
13:59:33;257;50,00;
13:59:36;252;50,00;
13:59:39;267;50,00;
13:59:42;266;50,01;
13:59:45;261;50,01;
13:59:48;265;50,01;
13:59:51;263;50,01;
13:59:54;262;50,01;
13:59:57;256;50,01;
14:00:00;257;50,02;
14:00:03;254;50,01;
14:00:06;253;50,01;
14:00:09;249;50,00;
14:00:15;231;50,00;
14:00:21;237;49,99;
14:00:24;234;49,99;
14:00:27;233;49,98;
14:00:33;226;49,98;
14:00:36;234;49,98;
14:00:39;233;49,98;
14:00:42;226;49,98;
14:00:45;225;49,99;
14:00:48;232;49,99;
14:00:51;223;50,00;
14:00:54;227;50,00;
14:00:57;226;50,00;
14:01:00;212;50,00;
14:01:03;214;50,00;
14:01:06;221;50,00;
14:01:09;216;50,00;
14:01:12;218;50,00;
14:01:15;220;49,99;
14:01:18;217;49,99;
14:01:21;221;49,99;
14:01:27;216;49,99;
14:01:30;217;49,99;
14:01:33;222;49,99;
14:01:36;219;49,99;
14:01:39;216;50,00;
14:01:42;218;50,00;
14:01:45;219;50,00;
14:01:48;221;50,00;
14:01:51;218;50,01;
14:01:54;220;50,00;
14:01:57;215;50,00;
14:02:00;217;50,00;
14:02:03;221;50,00;
14:02:06;219;50,00;
14:02:09;220;49,99;
14:02:12;221;50,00;
14:02:15;221;49,99;
14:02:18;223;50,00;
14:02:21;220;49,99;
14:02:30;217;49,99;
14:02:33;217;49,98;
14:02:36;214;49,98;
14:02:39;192;49,98;
14:02:42;207;49,99;
14:02:45;211;49,99;
14:02:48;217;50,00;
14:02:51;213;50,00;
14:02:54;214;50,00;
14:02:57;210;50,01;
14:03:00;209;50,01;
14:03:03;211;50,01;
14:03:06;213;50,01;
14:03:09;211;50,01;
14:03:12;215;50,01;
14:03:18;211;50,00;
14:03:21;216;50,00;
14:03:24;217;50,00;
14:03:27;216;50,00;
14:03:30;214;50,00;
14:03:33;216;50,00;
14:03:36;215;50,00;
14:03:39;212;50,00;
14:03:42;220;50,00;
14:03:45;218;50,00;
14:03:48;222;50,00;
14:03:51;224;50,00;
14:03:54;213;50,00;
14:03:57;214;50,00;
14:04:00;221;50,00;
14:04:03;221;50,01;
14:04:06;223;50,00;
14:04:09;222;50,00;
14:04:12;220;49,99;
14:04:15;221;49,98;
14:04:18;222;49,98;
14:04:24;226;49,97;
14:04:27;225;49,97;
14:04:30;223;49,97;
14:04:33;225;49,97;
14:04:36;227;49,96;
14:04:39;231;49,97;
14:04:42;235;49,97;
14:04:48;233;49,98;
14:04:51;236;49,98;
14:04:54;235;49,98;
14:04:57;236;49,98;
14:05:00;237;49,99;
14:05:03;235;49,98;
14:05:06;236;49,98;
14:05:09;235;49,99;
14:05:12;232;49,99;
14:05:15;234;49,98;
14:05:18;231;49,98;
14:05:21;218;49,98;
14:05:24;225;49,98;
14:05:33;228;49,98;
14:05:36;234;49,97;
14:05:39;225;49,98;
14:05:42;235;49,98;
14:05:45;227;49,98;
14:05:48;230;49,98;
14:05:51;235;49,98;
14:05:54;229;49,98;
14:05:57;236;49,98;
14:06:00;239;49,98;
14:06:03;236;49,99;
14:06:06;238;49,99;
14:06:09;240;50,00;
14:06:12;237;50,00;
14:06:15;203;49,99;
14:06:21;201;49,99;
14:06:24;233;49,99;
14:06:27;235;49,98;
14:06:30;234;49,98;
14:06:36;231;49,99;
14:06:39;234;49,99;
14:06:42;230;50,00;
14:06:48;226;50,00;
14:06:51;224;50,00;
14:06:54;225;50,00;
14:06:57;224;50,01;
14:07:00;222;50,00;
14:07:03;219;50,00;
14:07:06;221;50,00;
14:07:09;219;49,99;
14:07:12;221;49,99;
14:07:15;217;49,98;
14:07:21;218;49,98;
14:07:24;219;49,98;
14:07:27;215;49,98;
14:07:30;217;49,98;
14:07:33;218;49,98;
14:07:36;217;49,98;
14:07:42;210;49,98;
14:07:48;217;49,98;
14:07:51;218;49,99;
14:07:54;212;49,99;
14:07:57;211;50,00;
14:08:00;217;50,00;
14:08:03;217;49,99;
14:08:06;214;49,99;
14:08:09;220;49,99;
14:08:12;221;49,99;
14:08:15;220;49,98;
14:08:18;223;49,98;
14:08:27;218;49,98;
14:08:30;216;49,98;
14:08:33;215;49,98;
14:08:36;217;49,98;
14:08:39;215;49,98;
14:08:42;190;49,98;
14:08:45;202;49,98;
14:08:48;203;49,98;
14:08:51;213;49,98;
14:08:54;214;49,99;
14:08:57;206;49,99;
14:09:00;214;50,00;
14:09:03;206;49,98;
14:09:06;213;49,98;
14:09:09;211;49,98;
14:09:12;212;49,98;
14:09:15;212;49,99;
14:09:18;216;49,99;
14:09:24;217;49,99;
14:09:27;219;49,99;
14:09:33;214;49,99;
14:09:36;212;49,98;
14:09:39;211;49,98;
14:09:42;210;49,98;
14:09:45;211;49,98;
14:09:48;212;49,99;
14:09:51;211;49,98;
14:09:54;212;49,98;
14:09:57;214;49,98;
14:10:00;212;49,99;
14:10:03;213;49,99;
14:10:06;211;50,00;
14:10:09;215;49,99;
14:10:12;194;49,99;
14:10:15;211;49,99;
14:10:18;214;49,99;
14:10:24;212;49,99;
14:10:27;216;49,99;
14:10:30;217;49,99;
14:10:33;218;49,98;
14:10:39;221;49,99;
14:10:42;227;49,99;
14:10:45;218;49,99;
14:10:48;226;50,00;
14:10:54;220;50,00;
14:10:57;228;50,00;
14:11:00;221;50,00;
14:11:03;223;50,00;
14:11:06;226;49,99;
14:11:09;220;49,99;
14:11:12;217;49,99;
14:11:15;216;49,99;
14:11:18;213;49,99;
14:11:21;189;49,99;
14:11:24;198;49,98;
14:11:27;203;49,98;
14:11:30;208;49,98;
14:11:33;206;49,98;
14:11:39;207;49,98;
14:11:42;206;49,98;
14:11:45;206;49,99;
14:11:48;210;49,99;
14:11:51;206;49,99;
14:11:54;207;49,99;
14:11:57;211;49,99;
14:12:00;211;49,98;
14:12:06;209;49,98;
14:12:09;213;49,98;
14:12:12;214;49,97;
14:12:15;217;49,97;
14:12:18;218;49,97;
14:12:24;221;49,98;
14:12:30;225;49,98;
14:12:33;221;49,98;
14:12:36;224;49,98;
14:12:39;221;49,98;
14:12:42;225;49,98;
14:12:45;230;49,98;
14:12:48;221;49,98;
14:12:51;229;49,98;
14:12:54;231;50,00;
14:12:57;235;50,00;
14:13:00;231;50,00;
14:13:03;237;50,01;
14:13:06;236;50,01;
14:13:09;233;50,01;
14:13:12;239;50,01;
14:13:15;237;50,01;
14:13:18;235;50,00;
14:13:24;233;50,00;
14:13:27;238;50,00;
14:13:30;212;50,00;
14:13:36;225;50,00;
14:13:39;228;50,00;
14:13:42;233;50,00;
14:13:45;229;50,00;
14:13:48;227;50,00;
14:13:51;207;50,00;
14:13:54;220;50,00;
14:13:57;218;50,00;
14:14:00;229;50,00;
14:14:03;222;50,00;
14:14:06;227;50,00;
14:14:09;229;50,00;
14:14:12;226;50,00;
14:14:15;228;50,00;
14:14:18;226;50,00;
14:14:21;229;50,00;
14:14:27;231;50,00;
14:14:33;234;50,00;
14:14:36;235;49,99;
14:14:42;216;49,99;
14:14:45;223;49,99;
14:14:48;227;49,99;
14:14:51;233;49,99;
14:14:54;246;49,99;
14:14:57;247;49,99;
14:15:00;248;49,99;
14:15:03;254;49,99;
14:15:06;257;49,99;
14:15:12;261;49,99;
14:15:15;264;49,98;
14:15:18;269;49,98;
14:15:24;269;49,99;
14:15:27;274;49,99;
14:15:33;235;49,99;
14:15:36;266;50,00;
14:15:39;267;50,00;
14:15:42;272;50,00;
14:15:48;269;49,99;
14:15:51;259;49,99;
14:15:54;261;49,99;
14:15:57;256;49,99;
14:16:00;257;49,99;
14:16:03;251;50,00;
14:16:06;249;50,00;
14:16:09;240;50,00;
14:16:12;227;50,00;
14:16:15;226;50,00;
14:16:18;236;50,01;
14:16:21;234;50,01;
14:16:24;226;50,01;
14:16:27;196;50,00;
14:16:33;221;49,99;
14:16:36;221;49,98;
14:16:39;216;49,98;
14:16:42;214;49,98;
14:16:45;211;49,98;
14:16:48;208;49,98;
14:16:51;205;49,98;
14:16:54;206;49,98;
14:16:57;203;49,99;
14:17:00;203;50,00;
14:17:03;199;50,00;
14:17:06;202;50,00;
14:17:09;201;50,00;
14:17:18;200;49,98;
14:17:21;198;49,98;
14:17:24;195;49,97;
14:17:27;193;49,96;
14:17:30;200;49,96;
14:17:33;199;49,96;
14:17:39;200;49,96;
14:17:42;200;49,97;
14:17:45;200;49,98;
14:17:48;196;49,98;
14:17:51;188;50,00;
14:17:54;186;50,00;
14:17:57;188;50,00;
14:18:00;193;50,00;
14:18:03;201;50,00;
14:18:06;203;50,00;
14:18:09;205;50,00;
14:18:15;208;50,00;
14:18:18;209;50,00;
14:18:21;207;49,99;
14:18:24;208;49,99;
14:18:27;209;49,99;
14:18:30;207;49,99;
14:18:33;210;49,99;
14:18:36;211;49,99;
14:18:39;214;49,99;
14:18:48;214;50,00;
14:18:51;210;50,00;
14:18:54;219;50,00;
14:18:57;215;50,00;
14:19:00;220;50,00;
14:19:03;224;50,00;
14:19:06;214;50,00;
14:19:09;202;50,00;
14:19:12;205;50,01;
14:19:15;211;50,00;
14:19:18;214;50,00;
14:19:21;215;49,99;
14:19:27;214;49,99;
14:19:30;215;49,99;
14:19:33;211;49,99;
14:19:36;212;49,99;
14:19:39;208;49,99;
14:19:42;185;49,99;
14:19:45;194;49,98;
14:19:51;198;49,98;
14:19:54;201;49,98;
14:19:57;202;49,99;
14:20:00;199;49,99;
14:20:03;202;49,99;
14:20:06;201;49,99;
14:20:12;199;49,98;
14:20:15;202;49,98;
14:20:18;203;49,98;
14:20:24;203;49,99;
14:20:27;204;49,99;
14:20:30;206;49,99;
14:20:36;207;49,99;
14:20:39;206;49,99;
14:20:42;205;49,99;
14:20:45;206;49,99;
14:20:48;210;49,98;
14:20:51;211;49,98;
14:20:54;205;49,98;
14:20:57;217;49,98;
14:21:09;219;49,99;
14:21:12;223;49,99;
14:21:15;220;49,99;
14:21:18;220;49,98;
14:21:21;226;49,98;
14:21:24;233;49,98;
14:21:27;232;49,98;
14:21:30;236;49,98;
14:21:33;235;49,98;
14:21:36;241;49,98;
14:21:42;239;49,98;
14:21:45;226;49,98;
14:21:48;232;49,98;
14:21:51;237;49,98;
14:21:54;242;49,98;
14:21:57;246;49,98;
14:22:00;245;49,98;
14:22:06;250;49,99;
14:22:09;251;49,99;
14:22:12;246;49,99;
14:22:15;249;49,98;
14:22:18;241;49,98;
14:22:21;240;49,98;
14:22:24;242;49,98;
14:22:27;235;49,98;
14:22:30;235;49,97;
14:22:33;234;49,97;
14:22:36;234;49,96;
14:22:42;230;49,96;
14:22:48;228;49,96;
14:22:51;228;49,97;
14:22:54;226;49,97;
14:22:57;228;49,98;
14:23:00;231;49,98;
14:23:06;235;49,98;
14:23:12;233;49,98;
14:23:15;234;49,98;
14:23:18;238;49,98;
14:23:21;236;49,98;
14:23:24;223;49,98;
14:23:27;220;49,98;
14:23:30;227;49,98;
14:23:33;233;49,98;
14:23:36;236;49,98;
14:23:39;235;49,98;
14:23:45;237;49,97;
14:23:48;218;49,97;
14:23:54;237;49,97;
14:23:57;242;49,97;
14:24:00;234;49,98;
14:24:03;240;49,98;
14:24:06;246;49,98;
14:24:09;239;49,98;
14:24:12;240;49,98;
14:24:15;244;49,97;
14:24:18;236;49,97;
14:24:21;240;49,97;
14:24:24;239;49,96;
14:24:27;242;49,96;
14:24:30;237;49,97;
14:24:33;237;49,96;
14:24:36;236;49,97;
14:24:39;242;49,98;
14:24:42;238;49,98;
14:24:45;236;49,98;
14:24:48;235;49,98;
14:24:51;233;49,98;
14:24:54;234;49,99;
14:25:00;231;49,99;
14:25:03;235;49,99;
14:25:06;235;50,00;
14:25:09;232;50,00;
14:25:12;212;50,00;
14:25:15;223;50,00;
14:25:18;226;50,00;
14:25:21;232;50,00;
14:25:24;234;50,00;
14:25:27;239;50,00;
14:25:30;240;50,00;
14:25:33;243;49,99;
14:25:36;245;49,99;
14:25:39;245;49,98;
14:25:45;251;49,97;
14:25:51;253;49,97;
14:25:54;254;49,98;
14:25:57;249;49,98;
14:26:00;258;49,98;
14:26:03;251;49,98;
14:26:06;248;49,98;
14:26:09;247;49,99;
14:26:12;256;49,99;
14:26:15;257;49,99;
14:26:18;251;50,00;
14:26:21;250;49,99;
14:26:24;255;49,99;
14:26:27;256;49,99;
14:26:30;258;49,98;
14:26:33;225;49,98;
14:26:36;227;49,98;
14:26:39;253;49,97;
14:26:42;240;49,98;
14:26:45;246;49,98;
14:26:51;258;49,98;
14:26:54;259;49,98;
14:26:57;260;49,99;
14:27:00;263;50,00;
14:27:03;260;50,00;
14:27:06;258;49,99;
14:27:09;259;49,98;
14:27:15;260;49,97;
14:27:18;256;49,97;
14:27:21;264;49,98;
14:27:24;259;49,97;
14:27:27;263;49,98;
14:27:30;262;49,98;
14:27:33;262;49,97;
14:27:36;259;49,98;
14:27:39;260;49,98;
14:27:42;263;49,98;
14:27:45;260;49,98;
14:27:48;258;49,98;
14:27:51;260;49,99;
14:27:57;259;49,99;
14:28:00;256;49,99;
14:28:03;256;50,00;
14:28:06;259;50,00;
14:28:09;257;50,00;
14:28:12;254;50,00;
14:28:18;255;50,00;
14:28:21;240;50,00;
14:28:24;247;50,00;
14:28:27;250;50,00;
14:28:30;248;50,00;
14:28:33;245;50,00;
14:28:36;247;50,00;
14:28:39;248;50,00;
14:28:42;255;50,00;
14:28:45;257;50,01;
14:28:48;256;50,01;
14:28:51;260;50,01;
14:28:54;262;50,01;
14:28:57;259;50,00;
14:29:03;263;50,00;
14:29:06;268;50,01;
14:29:12;268;50,00;
14:29:15;264;50,00;
14:29:18;258;50,00;
14:29:21;263;50,00;
14:29:24;255;50,00;
14:29:27;243;49,99;
14:29:33;250;50,00;
14:29:36;251;50,00;
14:29:39;250;50,00;
14:29:42;251;49,99;
14:29:48;240;49,99;
14:29:51;244;49,99;
14:29:54;250;50,00;
14:30:03;253;50,00;
14:30:06;252;50,00;
14:30:09;250;49,99;
14:30:12;250;49,98;
14:30:15;246;49,98;
14:30:18;250;49,98;
14:30:21;254;49,98;
14:30:30;253;49,98;
14:30:33;255;49,98;
14:30:36;258;49,99;
14:30:39;255;49,99;
14:30:42;258;49,99;
14:30:45;259;50,00;
14:30:54;263;50,01;
14:31:00;259;50,01;
14:31:03;255;50,01;
14:31:06;257;50,00;
14:31:09;259;50,00;
14:31:12;251;50,00;
14:31:15;256;50,00;
14:31:18;254;50,00;
14:31:21;257;50,00;
14:31:24;257;49,99;
14:31:27;252;49,99;
14:31:30;255;49,99;
14:31:33;257;49,99;
14:31:39;254;49,98;
14:31:42;251;49,98;
14:31:45;252;49,98;
14:31:48;255;49,99;
14:31:51;258;49,98;
14:31:54;257;49,99;
14:32:00;263;49,99;
14:32:03;256;49,99;
14:32:06;268;49,99;
14:32:09;269;49,99;
14:32:12;276;49,99;
14:32:15;279;49,98;
14:32:18;273;49,98;
14:32:21;279;49,98;
14:32:24;274;49,98;
14:32:27;276;49,98;
14:32:30;281;49,97;
14:32:36;283;49,97;
14:32:39;286;49,97;
14:32:42;285;49,97;
14:32:45;288;49,98;
14:32:48;287;49,97;
14:32:51;288;49,97;
14:32:54;290;49,98;
14:33:00;291;49,98;
14:33:06;293;49,98;
14:33:09;295;49,98;
14:33:12;291;49,98;
14:33:15;290;49,99;
14:33:18;288;49,99;
14:33:21;287;50,00;
14:33:24;283;49,99;
14:33:27;283;50,00;
14:33:30;284;49,99;
14:33:33;287;49,99;
14:33:39;285;49,99;
14:33:42;283;49,99;
14:33:45;286;49,99;
14:33:48;285;49,99;
14:33:54;283;49,99;
14:33:57;282;49,99;
14:34:00;281;49,99;
14:34:03;271;49,98;
14:34:06;269;49,99;
14:34:09;278;49,99;
14:34:15;282;49,99;
14:34:18;283;49,99;
14:34:21;282;49,98;
14:34:24;285;49,98;
14:34:27;286;49,98;
14:34:30;285;49,98;
14:34:33;281;49,98;
14:34:36;285;49,98;
14:34:39;284;49,98;
14:34:45;288;49,98;
14:34:48;287;49,98;
14:34:51;290;49,98;
14:34:57;295;49,99;
14:35:00;300;50,00;
14:35:03;303;50,00;
14:35:06;306;50,00;
14:35:09;307;50,00;
14:35:15;310;50,00;
14:35:18;312;50,00;
14:35:21;315;50,00;
14:35:24;316;50,00;
14:35:27;316;49,99;
14:35:30;313;49,99;
14:35:33;312;49,99;
14:35:36;313;49,99;
14:35:39;311;49,99;
14:35:42;308;49,99;
14:35:45;310;49,99;
14:35:48;309;49,99;
14:35:51;304;49,99;
14:35:54;303;49,99;
14:35:57;301;49,99;
14:36:03;294;49,99;
14:36:09;289;49,98;
14:36:12;293;49,98;
14:36:15;288;49,98;
14:36:18;292;49,98;
14:36:21;296;49,98;
14:36:24;294;49,98;
14:36:27;297;49,98;
14:36:30;299;49,98;
14:36:36;301;49,98;
14:36:39;307;49,98;
14:36:42;310;49,99;
14:36:45;311;49,99;
14:36:48;311;50,00;
14:36:51;313;50,00;
14:36:54;318;50,00;
14:36:57;317;50,00;
14:37:00;319;50,00;
14:37:03;320;50,00;
14:37:09;321;49,99;
14:37:12;325;49,99;
14:37:15;327;49,99;
14:37:18;319;49,99;
14:37:21;324;49,99;
14:37:24;326;49,99;
14:37:27;329;49,99;
14:37:30;324;49,99;
14:37:33;326;49,98;
14:37:36;329;49,99;
14:37:39;327;49,99;
14:37:42;330;49,98;
14:37:45;325;49,98;
14:37:48;328;49,98;
14:37:54;328;49,99;
14:37:57;325;50,00;
14:38:00;327;50,00;
14:38:03;332;50,00;
14:38:06;328;50,00;
14:38:09;331;49,99;
14:38:18;330;49,99;
14:38:21;325;49,98;
14:38:24;327;49,99;
14:38:27;329;49,98;
14:38:30;327;49,98;
14:38:33;326;49,98;
14:38:36;325;49,98;
14:38:39;324;49,98;
14:38:42;323;49,98;
14:38:45;321;49,98;
14:38:48;318;49,98;
14:38:51;317;49,98;
14:38:54;314;49,98;
14:39:00;311;49,98;
14:39:06;307;49,98;
14:39:09;306;49,98;
14:39:12;299;49,97;
14:39:15;303;49,97;
14:39:18;297;49,97;
14:39:21;305;49,97;
14:39:24;298;49,97;
14:39:27;303;49,98;
14:39:30;302;49,98;
14:39:33;297;49,98;
14:39:36;300;49,98;
14:39:39;302;49,98;
14:39:45;286;49,98;
14:39:48;297;49,98;
14:39:51;305;49,98;
14:39:54;308;49,99;
14:40:00;311;50,00;
14:40:06;308;50,00;
14:40:09;311;50,00;
14:40:12;313;50,00;
14:40:18;312;49,99;
14:40:21;314;49,99;
14:40:24;313;49,99;
14:40:27;308;49,99;
14:40:30;313;49,99;
14:40:36;314;49,98;
14:40:42;313;49,98;
14:40:45;315;49,98;
14:40:48;314;49,98;
14:40:51;311;49,98;
14:40:54;313;49,98;
14:40:57;311;49,99;
14:41:00;312;49,99;
14:41:03;310;50,00;
14:41:06;306;49,99;
14:41:12;309;49,99;
14:41:15;309;49,98;
14:41:18;304;49,99;
14:41:21;306;49,99;
14:41:24;308;49,99;
14:41:27;307;49,98;
14:41:30;305;49,98;
14:41:33;303;49,98;
14:41:36;309;49,98;
14:41:39;308;49,98;
14:41:42;309;49,98;
14:41:45;309;49,99;
14:41:48;308;49,99;
14:41:51;311;49,99;
14:41:54;311;49,98;
14:41:57;309;49,98;
14:42:00;308;49,98;
14:42:06;303;49,98;
14:42:09;305;49,98;
14:42:12;307;49,98;
14:42:21;300;49,98;
14:42:24;298;49,99;
14:42:27;303;49,99;
14:42:30;292;49,99;
14:42:33;298;49,99;
14:42:36;298;49,98;
14:42:39;297;49,99;
14:42:42;291;49,98;
14:42:45;290;49,99;
14:42:51;292;49,98;
14:42:54;289;49,99;
14:42:57;286;49,98;
14:43:00;287;49,99;
14:43:06;285;49,99;
14:43:09;288;49,99;
14:43:12;287;49,98;
14:43:15;283;49,98;
14:43:18;284;49,98;
14:43:21;284;49,97;
14:43:24;287;49,97;
14:43:27;282;49,97;
14:43:30;285;49,98;
14:43:33;288;49,98;
14:43:36;286;49,99;
14:43:39;287;50,00;
14:43:45;288;50,00;
14:43:51;288;49,99;
14:43:54;289;49,99;
14:43:57;288;49,99;
14:44:00;289;49,99;
14:44:03;291;49,98;
14:44:09;290;49,98;
14:44:12;293;49,98;
14:44:15;297;49,98;
14:44:18;290;49,98;
14:44:21;286;49,98;
14:44:24;285;49,98;
14:44:27;292;49,99;
14:44:30;290;49,99;
14:44:33;300;49,99;
14:44:36;291;49,99;
14:44:39;288;49,99;
14:44:42;293;49,98;
14:44:45;288;49,98;
14:44:48;285;49,99;
14:44:51;287;49,99;
14:44:54;286;49,99;
14:44:57;280;50,00;
14:45:00;276;50,00;
14:45:06;259;50,00;
14:45:09;269;50,00;
14:45:15;269;49,99;
14:45:18;257;49,99;
14:45:21;262;49,99;
14:45:24;263;49,98;
14:45:27;265;49,98;
14:45:30;259;49,98;
14:45:33;264;49,98;
14:45:36;263;49,98;
14:45:39;257;49,98;
14:45:42;264;49,98;
14:45:45;260;49,99;
14:45:48;261;49,99;
14:45:51;260;50,00;
14:45:54;259;50,00;
14:45:57;260;50,00;
14:46:00;261;50,00;
14:46:03;258;50,00;
14:46:06;257;49,99;
14:46:09;259;49,99;
14:46:12;261;49,99;
14:46:15;260;49,98;
14:46:21;242;49,98;
14:46:24;248;49,97;
14:46:27;248;49,96;
14:46:30;255;49,96;
14:46:33;258;49,96;
14:46:36;255;49,96;
14:46:39;258;49,96;
14:46:42;255;49,97;
14:46:45;253;49,97;
14:46:48;250;49,97;
14:46:54;244;49,98;
14:46:57;248;49,98;
14:47:00;249;49,97;
14:47:03;245;49,97;
14:47:06;249;49,97;
14:47:09;248;49,97;
14:47:12;250;49,97;
14:47:18;243;49,97;
14:47:27;240;49,97;
14:47:30;239;49,97;
14:47:33;234;49,97;
14:47:36;233;49,97;
14:47:39;241;49,98;
14:47:42;243;49,98;
14:47:45;239;49,98;
14:47:48;242;49,98;
14:47:51;243;49,98;
14:47:54;242;49,99;
14:47:57;239;49,99;
14:48:02;240;49,99;
14:48:04;239;49,99;
14:48:10;240;49,99;
14:48:13;239;49,99;
14:48:16;238;49,99;
14:48:19;239;49,98;
14:48:28;238;49,98;
14:48:34;235;49,97;
14:48:37;236;49,97;
14:48:40;235;49,98;
14:48:43;233;49,98;
14:48:46;231;49,98;
14:48:49;232;49,98;
14:48:52;234;49,98;
14:48:58;235;49,98;
14:49:01;234;49,98;
14:49:05;232;49,98;
14:49:08;229;49,98;
14:49:11;208;49,98;
14:49:13;221;49,99;
14:49:15;223;49,99;
14:49:18;228;49,99;
14:49:21;233;49,99;
14:49:24;234;49,99;
14:49:30;234;49,98;
14:49:33;237;49,98;
14:49:36;229;49,98;
14:49:39;233;49,98;
14:49:42;235;49,98;
14:49:45;230;49,98;
14:49:47;231;49,98;
14:49:49;232;49,98;
14:49:52;231;49,98;
14:49:55;232;49,98;
14:50:01;235;49,99;
14:50:04;234;50,00;
14:50:10;233;50,00;
14:50:13;232;50,00;
14:50:22;234;50,00;
14:50:28;227;50,00;
14:50:31;231;50,00;
14:50:37;225;50,00;
14:50:40;208;50,00;
14:50:46;222;50,00;
14:50:49;223;50,00;
14:50:52;226;50,00;
14:50:55;225;50,00;
14:50:58;196;50,01;
14:51:01;194;50,00;
14:51:03;195;50,01;
14:51:05;192;50,00;
14:51:08;224;50,00;
14:51:11;226;50,00;
14:51:14;223;50,00;
14:51:20;221;50,00;
14:51:23;218;49,99;
14:51:26;220;49,99;
14:51:29;219;49,98;
14:51:32;216;49,97;
14:51:35;212;49,97;
14:51:38;210;49,97;
14:51:41;212;49,97;
14:51:44;210;49,97;
14:51:47;211;49,97;
14:51:50;211;49,98;
14:51:53;215;49,97;
14:51:56;212;49,98;
14:51:59;192;49,98;
14:52:02;200;49,98;
14:52:06;201;49,98;
14:52:09;207;49,99;
14:52:15;210;49,99;
14:52:21;208;50,00;
14:52:24;211;49,99;
14:52:27;210;50,00;
14:52:30;212;50,00;
14:52:33;204;50,00;
14:52:36;208;50,00;
14:52:39;189;50,00;
14:52:42;187;50,00;
14:52:45;196;50,00;
14:52:48;203;50,00;
14:52:51;202;49,99;
14:52:54;206;49,99;
14:52:57;205;49,99;
14:53:00;204;49,99;
14:53:02;202;49,99;
14:53:03;203;49,99;
14:53:07;205;49,99;
14:53:10;203;49,99;
14:53:13;202;49,98;
14:53:16;206;49,98;
14:53:19;204;49,98;
14:53:22;201;49,98;
14:53:25;207;49,99;
14:53:28;205;49,99;
14:53:31;210;50,00;
14:53:37;211;50,00;
14:53:43;187;50,00;
14:53:46;203;50,00;
14:53:48;205;49,99;
14:53:50;206;49,99;
14:53:53;217;49,99;
14:53:56;216;49,99;
14:53:59;220;49,99;
14:54:03;225;49,99;
14:54:10;228;49,99;
14:54:13;226;49,99;
14:54:15;230;49,99;
14:54:17;232;50,00;
14:54:29;227;49,99;
14:54:32;226;49,99;
14:54:35;236;49,98;
14:54:38;238;49,98;
14:54:40;235;49,97;
14:54:49;240;49,98;
14:54:52;241;49,99;
14:54:55;241;50,00;
14:54:58;243;50,00;
14:55:02;248;50,01;
14:55:05;246;50,00;
14:55:11;249;50,00;
14:55:14;248;50,00;
14:55:17;253;50,00;
14:55:20;257;50,00;
14:55:23;258;50,00;
14:55:26;262;50,00;
14:55:29;254;50,00;
14:55:32;261;50,00;
14:55:35;264;50,00;
14:55:38;268;50,00;
14:55:41;265;50,00;
14:55:44;259;50,00;
14:55:47;264;50,00;
14:55:50;263;50,00;
14:55:53;269;50,00;
14:55:57;269;49,99;
14:56:00;270;49,99;
14:56:03;274;50,00;
14:56:05;275;50,00;
14:56:11;278;50,00;
14:56:17;275;50,00;
14:56:20;273;49,99;
14:56:23;272;49,99;
14:56:29;273;49,99;
14:56:33;273;50,00;
14:56:40;276;49,99;
14:56:43;275;50,00;
14:56:46;278;50,00;
14:56:49;277;50,00;
14:56:52;275;50,00;
14:56:55;277;50,00;
14:56:57;276;50,00;
14:56:59;275;50,00;
14:57:05;274;50,00;
14:57:08;258;50,00;
14:57:11;269;50,00;
14:57:14;278;49,99;
14:57:17;282;49,99;
14:57:20;286;49,99;
14:57:23;285;49,98;
14:57:26;286;49,98;
14:57:29;282;49,98;
14:57:32;288;49,98;
14:57:35;294;49,98;
14:57:42;288;49,98;
14:57:44;299;49,98;
14:57:46;302;49,99;
14:57:52;306;49,99;
14:57:55;301;49,99;
14:57:58;309;49,99;
14:58:01;311;49,99;
14:58:05;308;50,00;
14:58:08;313;50,00;
14:58:14;314;50,00;
14:58:20;316;50,00;
14:58:23;316;49,99;
14:58:26;318;49,99;
14:58:29;317;49,98;
14:58:32;318;49,98;
14:58:35;319;49,98;
14:58:38;320;49,98;
14:58:41;319;49,98;
14:58:44;317;49,98;
14:58:47;319;49,98;
14:58:50;305;49,98;
14:58:53;313;49,98;
14:58:55;316;50,00;
14:58:57;315;50,00;
14:59:00;312;50,00;
14:59:03;299;50,00;
14:59:06;305;49,99;
14:59:09;312;49,99;
14:59:12;316;49,98;
14:59:15;314;49,98;
14:59:18;317;49,98;
14:59:21;318;49,98;
14:59:24;317;49,98;
14:59:27;319;49,98;
14:59:30;321;49,98;
14:59:36;317;49,98;
14:59:39;319;49,98;
14:59:42;315;49,99;
14:59:45;320;49,99;
14:59:47;322;50,00;
14:59:49;321;50,00;
14:59:52;328;50,01;
14:59:57;329;50,01;
14:59:59;326;50,00;
15:00:01;329;50,00;
15:00:02;328;50,00;
15:00:05;326;50,00;
15:00:10;330;49,99;
15:00:13;328;49,99;
15:00:16;331;49,98;
15:00:19;330;49,98;
15:00:22;326;49,96;
15:00:25;333;49,96;
15:00:28;337;49,96;
15:00:31;338;49,96;
15:00:34;339;49,96;
15:00:37;332;49,96;
15:00:39;340;49,96;
15:00:41;342;49,96;
15:00:44;334;49,96;
15:00:47;339;49,96;
15:00:49;343;49,96;
15:00:51;340;49,96;
15:00:54;341;49,96;
15:00:57;337;49,96;
15:01:00;340;49,96;
15:01:04;341;49,96;
15:01:07;339;49,96;
15:01:14;340;49,96;
15:01:17;338;49,97;
15:01:19;339;49,97;
15:01:25;338;49,97;
15:01:28;337;49,97;
15:01:31;337;49,98;
15:01:37;337;49,99;
15:01:43;339;49,99;
15:01:53;337;50,00;
15:02:01;335;50,00;
15:02:02;332;49,99;
15:02:12;328;49,99;
15:02:15;324;49,99;
15:02:18;324;50,00;
15:02:21;323;50,00;
15:02:27;321;49,99;
15:02:33;322;49,99;
15:02:36;313;49,99;
15:02:39;308;49,98;
15:02:41;314;49,98;
15:02:49;308;49,98;
15:02:55;304;49,98;
15:02:58;298;49,98;
15:03:00;295;49,99;
15:03:02;296;49,99;
15:03:06;293;49,99;
15:03:09;294;50,00;
15:03:12;293;50,00;
15:03:19;287;50,00;
15:03:21;288;50,00;
15:03:23;284;50,00;
15:03:28;281;50,00;
15:03:30;282;50,00;
15:03:33;281;50,00;
15:03:41;280;50,00;
15:03:44;278;50,00;
15:03:47;274;50,01;
15:03:50;276;50,01;
15:03:53;269;50,00;
15:03:56;274;50,00;
15:03:59;275;50,00;
15:04:02;271;50,00;
15:04:05;267;50,00;
15:04:07;264;50,01;
15:04:21;260;50,01;
15:04:23;255;50,01;
15:04:31;255;50,00;
15:04:34;253;50,00;
15:04:38;252;50,01;
15:04:43;249;50,01;
15:04:46;247;50,01;
15:04:49;249;50,01;
15:04:52;246;50,01;
15:04:55;244;50,01;
15:04:58;247;50,01;
15:05:00;245;50,01;
15:05:10;242;50,01;
15:05:12;245;50,02;
15:05:15;242;50,02;
15:05:19;240;50,02;
15:05:22;245;50,02;
15:05:24;241;50,02;
15:05:26;242;50,02;
15:05:29;239;50,01;
15:05:33;225;50,01;
15:05:36;231;50,01;
15:05:39;236;50,01;
15:05:41;240;50,01;
15:05:43;238;50,01;
15:05:47;229;50,01;
15:05:54;236;50,01;
15:05:57;233;50,01;
15:06:00;239;50,01;
15:06:03;236;50,01;
15:06:06;240;50,01;
15:06:07;223;50,00;
15:06:14;235;50,00;
15:06:16;240;50,00;
15:06:18;241;50,00;
15:06:25;243;50,00;
15:06:28;244;50,00;
15:06:30;245;50,00;
15:06:35;247;50,00;
15:06:37;245;50,00;
15:06:40;247;50,00;
15:06:42;248;50,01;
15:06:44;246;50,00;
15:06:47;253;50,01;
15:06:53;250;50,01;
15:06:55;251;50,01;
15:07:01;250;50,01;
15:07:09;255;50,00;
15:07:14;252;50,00;
15:07:16;250;50,00;
15:07:17;223;50,00;
15:07:24;246;50,00;
15:07:27;251;50,00;
15:07:31;253;50,00;
15:07:35;257;50,00;
15:07:41;260;50,00;
15:07:44;250;50,00;
15:07:47;256;50,00;
15:07:51;248;50,00;
15:07:53;254;50,00;
15:07:54;250;50,00;
15:07:57;254;50,00;
15:08:02;252;50,00;
15:08:05;250;50,00;
15:08:08;247;50,00;
15:08:12;248;50,00;
15:08:16;246;50,00;
15:08:20;242;50,00;
15:08:29;236;50,00;
15:08:33;238;50,00;
15:08:37;235;50,00;
15:08:42;234;50,00;
15:08:45;236;50,00;
15:08:46;234;50,00;
15:08:50;236;50,01;
15:08:54;231;50,01;
15:08:56;226;50,01;
15:08:57;229;50,01;
15:09:02;226;50,01;
15:09:06;227;50,01;
15:09:09;224;50,01;
15:09:12;225;50,01;
15:09:15;226;50,00;
15:09:16;225;50,00;
15:09:23;222;50,00;
15:09:27;221;50,00;
15:09:33;218;50,01;
15:09:40;202;50,01;
15:09:43;210;50,01;
15:09:47;214;50,00;
15:09:50;218;50,00;
15:09:53;214;50,00;
15:09:55;213;50,00;
15:09:58;215;50,00;
15:10:01;217;50,00;
15:10:08;216;49,99;
15:10:11;211;49,99;
15:10:15;214;49,99;
15:10:18;216;50,00;
15:10:21;212;50,00;
15:10:22;213;50,00;
15:10:29;216;50,00;
15:10:32;212;50,00;
15:10:39;216;50,00;
15:10:42;207;49,99;
15:10:46;219;50,00;
15:10:49;211;50,00;
15:10:52;221;50,00;
15:10:56;215;50,00;
15:10:59;217;50,00;
15:11:02;195;50,00;
15:11:08;201;50,00;
15:11:11;204;50,00;
15:11:14;205;50,01;
15:11:18;202;50,00;
15:11:21;198;50,00;
15:11:22;200;50,00;
15:11:29;199;49,99;
15:11:32;197;49,99;
15:11:36;201;49,99;
15:11:39;198;49,99;
15:11:42;197;49,99;
15:11:45;197;50,00;
15:11:48;195;50,00;
15:11:51;196;50,00;
15:11:58;193;50,00;
15:12:01;198;50,01;
15:12:04;196;50,01;
15:12:08;196;50,00;
15:12:11;199;50,01;
15:12:14;196;50,01;
15:12:18;200;50,01;
15:12:22;199;50,00;
15:12:29;197;50,01;
15:12:32;198;50,01;
15:12:36;200;50,01;
15:12:39;199;50,01;
15:12:46;169;50,02;
15:12:49;168;50,02;
15:12:52;191;50,02;
15:12:56;193;50,01;
15:12:59;181;50,01;
15:13:02;186;50,01;
15:13:06;189;50,01;
15:13:12;193;50,00;
15:13:16;191;50,00;
15:13:27;188;50,00;
15:13:33;184;50,00;
15:13:36;182;49,99;
15:13:37;184;49,99;
15:13:40;180;49,99;
15:13:43;170;49,99;
15:13:46;180;49,99;
15:13:47;184;49,99;
15:13:50;175;49,99;
15:13:56;176;50,00;
15:13:57;174;50,00;
15:14:00;176;50,00;
15:14:03;168;50,00;
15:14:06;178;50,00;
15:14:07;171;50,00;
15:14:10;178;50,00;
15:14:13;177;50,00;
15:14:16;176;50,00;
15:14:17;175;50,00;
15:14:20;171;50,00;
15:14:21;172;50,00;
15:14:24;175;50,00;
15:14:28;172;50,00;
15:14:31;172;49,99;
15:14:41;171;49,99;
15:14:44;172;49,99;
15:14:48;171;49,99;
15:14:51;167;50,00;
15:14:54;168;50,00;
15:14:58;173;50,00;
15:15:01;172;50,00;
15:15:04;168;49,99;
15:15:13;169;49,99;
15:15:16;170;49,98;
15:15:17;164;49,98;
15:15:21;165;49,98;
15:15:28;168;49,98;
15:15:34;173;49,98;
15:15:38;168;49,97;
15:15:41;167;49,97;
15:15:48;172;49,97;
15:15:51;163;49,98;
15:15:54;170;49,98;
15:15:57;161;49,98;
15:16:00;167;49,98;
15:16:03;171;49,97;
15:16:12;166;49,97;
15:16:15;167;49,98;
15:16:18;163;49,98;
15:16:21;164;49,99;
15:16:24;166;49,99;
15:16:27;165;49,98;
15:16:30;166;49,98;
15:16:33;167;49,98;
15:16:36;165;49,98;
15:16:39;163;49,99;
15:16:42;164;49,99;
15:16:45;169;50,00;
15:16:48;160;50,00;
15:16:51;170;50,00;
15:16:54;159;50,00;
15:17:01;164;50,00;
15:17:04;169;49,99;
15:17:07;163;49,99;
15:17:10;159;49,99;
15:17:13;164;49,99;
15:17:16;163;49,99;
15:17:17;162;49,99;
15:17:23;158;49,99;
15:17:26;160;49,99;
15:17:27;137;49,99;
15:17:33;142;49,99;
15:17:36;145;49,99;
15:17:37;147;49,98;
15:17:43;157;49,98;
15:17:46;159;49,98;
15:17:49;157;49,98;
15:17:52;156;49,98;
15:17:56;153;49,98;
15:17:59;155;49,99;
15:18:02;155;50,00;
15:18:08;158;50,00;
15:18:11;156;50,00;
15:18:14;157;50,00;
15:18:17;156;50,00;
15:18:20;155;49,99;
15:18:23;152;50,00;
15:18:26;156;50,00;
15:18:27;155;49,99;
15:18:33;156;49,98;
15:18:36;155;49,98;
15:18:39;157;49,98;
15:18:42;156;49,98;
15:18:45;155;49,99;
15:18:48;160;49,99;
15:18:51;160;50,00;
15:18:54;153;50,00;
15:18:57;159;50,01;
15:19:00;156;50,01;
15:19:03;165;50,01;
15:19:09;158;50,01;
15:19:12;154;50,00;
15:19:15;153;50,00;
15:19:18;156;50,00;
15:19:21;156;49,99;
15:19:27;155;49,98;
15:19:30;153;49,98;
15:19:33;151;49,98;
15:19:36;149;49,98;
15:19:39;148;49,98;
15:19:42;148;49,97;
15:19:45;149;49,97;
15:19:48;148;49,97;
15:19:51;151;49,98;
15:19:54;153;49,98;
15:19:58;154;49,98;
15:20:07;150;49,98;
15:20:10;147;49,98;
15:20:13;148;49,99;
15:20:16;145;49,99;
15:20:19;148;49,99;
15:20:22;138;49,99;
15:20:25;133;49,99;
15:20:28;138;49,99;
15:20:34;148;49,99;
15:20:37;149;49,98;
15:20:40;148;49,98;
15:20:43;150;49,98;
15:20:49;149;49,98;
15:20:52;141;49,98;
15:20:55;152;49,98;
15:20:58;144;49,98;
15:21:01;150;49,98;
15:21:04;153;49,98;
15:21:07;144;49,99;
15:21:10;148;49,99;
15:21:16;145;50,00;
15:21:19;148;50,00;
15:21:22;149;50,00;
15:21:25;146;50,00;
15:21:28;148;49,99;
15:21:34;147;49,99;
15:21:40;147;49,98;
15:21:43;144;49,98;
15:21:46;146;49,98;
15:21:49;143;49,98;
15:21:52;146;49,97;
15:21:55;141;49,97;
15:22:01;137;49,97;
15:22:04;139;49,98;
15:22:07;147;49,98;
15:22:10;141;49,98;
15:22:13;149;49,99;
15:22:16;140;49,99;
15:22:19;147;49,99;
15:22:22;143;49,99;
15:22:25;140;49,99;
15:22:28;144;49,98;
15:22:31;141;49,98;
15:22:37;140;49,98;
15:22:40;137;49,99;
15:22:46;138;49,99;
15:22:49;135;49,99;
15:22:52;129;50,00;
15:22:55;114;49,99;
15:22:58;109;50,00;
15:23:01;125;50,00;
15:23:04;129;50,00;
15:23:07;130;50,00;
15:23:10;131;50,00;
15:23:13;129;50,00;
15:23:16;126;50,00;
15:23:19;128;50,00;
15:23:22;125;49,99;
15:23:25;126;49,99;
15:23:28;125;49,99;
15:23:31;122;49,99;
15:23:34;124;49,99;
15:23:37;123;49,99;
15:23:46;122;49,99;
15:23:52;115;49,99;
15:23:55;124;49,98;
15:23:58;118;49,98;
15:24:01;116;49,98;
15:24:04;118;49,99;
15:24:07;121;49,99;
15:24:10;114;49,99;
15:24:16;116;49,99;
15:24:19;112;49,99;
15:24:22;114;49,99;
15:24:25;113;49,98;
15:24:28;115;49,98;
15:24:31;111;49,98;
15:24:37;112;49,98;
15:24:40;111;49,99;
15:24:43;110;50,00;
15:24:46;111;50,00;
15:24:49;108;50,00;
15:24:55;105;50,00;
15:24:58;103;50,01;
15:25:01;108;50,00;
15:25:04;105;50,00;
15:25:07;106;50,00;
15:25:13;105;50,00;
15:25:16;103;50,00;
15:25:25;102;49,99;
15:25:28;101;49,99;
15:25:31;100;49,99;
15:25:34;99;50,00;
15:25:37;100;50,00;
15:25:43;98;49,99;
15:25:52;97;50,00;
15:25:55;96;50,00;
15:25:58;97;50,00;
15:26:07;95;49,99;
15:26:10;94;49,99;
15:26:13;94;49,98;
15:26:16;93;49,99;
15:26:22;92;50,00;
15:26:25;90;50,00;
15:26:28;89;50,00;
15:26:31;88;50,00;
15:26:37;89;50,01;
15:26:43;93;50,01;
15:26:49;89;50,01;
15:26:52;83;50,01;
15:26:55;82;50,00;
15:26:58;81;50,00;
15:27:01;82;50,00;
15:27:04;80;50,00;
15:27:07;79;49,99;
15:27:10;78;49,99;
15:27:13;76;49,99;
15:27:16;75;49,99;
15:27:22;73;49,99;
15:27:25;72;49,98;
15:27:28;70;49,99;
15:27:31;71;49,99;
15:27:34;70;49,99;
15:27:37;67;50,00;
15:27:46;66;50,00;
15:27:49;65;50,00;
15:27:55;62;50,00;
15:27:58;61;49,99;
15:28:01;60;49,99;
15:28:04;60;49,98;
15:28:10;58;49,98;
15:28:13;59;49,98;
15:28:16;60;49,98;
15:28:19;57;49,99;
15:28:28;57;50,00;
15:28:31;57;49,99;
15:28:34;58;50,00;
15:28:40;57;49,98;
15:28:43;56;49,98;
15:28:49;57;49,98;
15:28:52;56;49,99;
15:28:55;51;49,99;
15:28:58;54;49,99;
15:29:01;55;50,00;
15:29:04;56;50,00;
15:29:07;55;50,00;
15:29:13;55;49,99;
15:29:19;56;49,99;
15:29:22;55;49,99;
15:29:25;55;49,98;
15:29:28;53;49,98;
15:29:31;54;49,98;
15:29:34;55;49,98;
15:29:37;52;49,98;
15:29:46;52;49,99;
15:29:49;53;49,99;
15:29:52;52;50,00;
15:30:07;51;50,00;
15:30:10;57;50,00;
15:30:13;51;50,00;
15:30:16;51;49,99;
15:30:19;50;50,00;
15:30:28;49;50,00;
15:30:34;50;50,01;
15:30:37;49;50,00;
15:30:43;48;50,00;
15:30:46;48;49,99;
15:30:55;49;49,99;
15:30:58;48;49,99;
15:31:04;48;49,98;
15:31:07;47;49,98;
15:31:10;48;49,98;
15:31:13;47;49,98;
15:31:16;46;49,98;
15:31:19;46;49,97;
15:31:22;44;49,97;
15:31:25;43;49,97;
15:31:28;46;49,98;
15:31:31;44;49,97;
15:31:37;38;49,96;
15:31:40;45;49,96;
15:31:43;46;49,96;
15:31:46;46;49,97;
15:31:52;45;49,98;
15:31:58;44;49,99;
15:32:01;44;50,00;
15:32:07;46;50,00;
15:32:13;43;50,00;
15:32:19;43;49,99;
15:32:25;45;49,99;
15:32:28;43;49,99;
15:32:34;43;49,98;
15:32:37;43;49,97;
15:32:43;42;49,97;
15:32:46;43;49,97;
15:32:49;43;49,98;
15:32:55;44;49,99;
15:32:58;44;50,00;
15:33:04;42;50,00;
15:33:07;40;50,01;
15:33:10;84;50,00;
15:33:13;42;50,00;
15:33:16;46;50,00;
15:33:22;48;50,00;
15:33:25;47;50,00;
15:33:28;48;50,00;
15:33:31;47;49,99;
15:33:34;47;50,00;
15:33:37;48;50,00;
15:33:40;47;50,00;
15:33:43;48;50,01;
15:33:49;48;50,00;
15:33:55;47;50,00;
15:33:58;49;50,00;
15:34:01;46;50,00;
15:34:04;47;50,00;
15:34:07;48;50,00;
15:34:13;47;50,00;
15:34:16;46;49,99;
15:34:19;48;49,99;
15:34:22;46;49,99;
15:34:25;46;50,00;
15:34:34;45;50,00;
15:34:37;46;49,99;
15:34:43;43;49,99;
15:34:46;45;49,99;
15:34:49;43;49,99;
15:35:01;43;50,00;
15:35:04;48;50,01;
15:35:10;42;50,01;
15:35:13;24;50,01;
15:35:16;0;50,01;
15:35:28;54;50,01;
15:35:31;35;50,00;
15:35:34;34;50,00;
15:35:37;36;50,00;
15:35:40;37;50,00;
15:35:43;55;50,00;
15:35:46;36;50,00;
15:35:49;89;50,00;
15:35:52;34;50,00;
15:35:55;86;50,00;
15:36:01;97;49,99;
15:36:04;40;49,99;
15:36:07;34;49,99;
15:36:10;35;49,99;
15:36:13;78;49,98;
15:36:16;81;49,99;
15:36:19;101;49,98;
15:36:22;82;49,99;
15:36:25;61;49,99;
15:36:28;51;49,98;
15:36:31;61;49,98;
15:36:34;38;49,98;
15:36:37;59;49,98;
15:36:40;42;49,98;
15:36:43;36;49,98;
15:36:46;58;49,98;
15:36:49;48;49,98;
15:36:52;76;49,99;
15:36:55;42;49,99;
15:36:58;50;50,00;
15:37:01;59;50,00;
15:37:07;82;50,00;
15:37:10;106;50,00;
15:37:13;81;50,00;
15:37:16;107;50,00;
15:37:19;75;50,00;
15:37:22;38;50,00;
15:37:25;88;50,00;
15:37:28;45;50,00;
15:37:31;36;50,00;
15:37:34;56;50,00;
15:37:37;42;50,00;
15:37:40;36;50,00;
15:37:43;63;50,00;
15:37:46;83;49,99;
15:37:52;114;50,01;
15:37:55;102;50,01;
15:37:58;43;50,01;
15:38:01;36;50,00;
15:38:04;73;50,01;
15:38:07;108;50,01;
15:38:10;110;50,01;
15:38:13;43;50,00;
15:38:16;113;50,01;
15:38:19;74;50,01;
15:38:22;116;50,00;
15:38:25;114;50,00;
15:38:28;111;50,00;
15:38:31;95;50,00;
15:38:34;43;49,99;
15:38:37;92;49,99;
15:38:40;110;49,99;
15:38:43;78;49,99;
15:38:46;92;50,00;
15:38:49;38;50,00;
15:38:52;64;50,00;
15:38:58;38;49,99;
15:39:01;63;49,99;
15:39:04;116;49,99;
15:39:07;85;49,99;
15:39:10;108;49,99;
15:39:13;36;50,00;
15:39:16;77;49,99;
15:39:19;80;50,00;
15:39:22;107;49,99;
15:39:25;74;49,99;
15:39:28;66;49,99;
15:39:31;83;49,99;
15:39:34;85;49,99;
15:39:37;57;49,99;
15:39:40;36;49,99;
15:39:43;116;49,99;
15:39:46;104;50,00;
15:39:49;71;50,00;
15:39:52;114;50,00;
15:39:55;115;50,00;
15:39:58;80;50,00;
15:40:04;74;50,00;
15:40:07;44;50,00;
15:40:10;82;50,00;
15:40:13;73;50,00;
15:40:16;55;49,99;
15:40:19;83;49,99;
15:40:22;48;49,99;
15:40:25;111;49,99;
15:40:28;93;49,98;
15:40:31;79;49,99;
15:40:34;86;49,98;
15:40:37;70;49,98;
15:40:40;106;49,98;
15:40:43;41;49,98;
15:40:46;101;49,98;
15:40:49;112;49,99;
15:40:52;74;50,00;
15:40:55;83;50,00;
15:40:58;71;50,00;
15:41:01;121;50,00;
15:41:04;103;50,01;
15:41:10;60;50,00;
15:41:13;75;50,00;
15:41:16;111;50,00;
15:41:19;84;50,00;
15:41:22;115;50,00;
15:41:25;57;49,99;
15:41:28;83;49,99;
15:41:31;60;49,99;
15:41:34;78;50,00;
15:41:37;68;50,00;
15:41:40;116;49,99;
15:41:43;121;49,99;
15:41:46;65;49,99;
15:41:49;69;49,99;
15:41:52;113;50,00;
15:41:55;89;50,00;
15:41:58;56;50,00;
15:42:01;67;50,00;
15:42:04;110;50,00;
15:42:07;108;50,00;
15:42:10;42;50,00;
15:42:13;28;50,00;
15:42:16;116;49,99;
15:42:19;77;49,99;
15:42:22;118;50,00;
15:42:25;80;50,00;
15:42:28;70;50,00;
15:42:31;59;50,00;
15:42:34;56;49,99;
15:42:37;48;49,99;
15:42:40;62;49,99;
15:42:43;73;49,99;
15:42:46;68;49,98;
15:42:49;75;49,98;
15:42:52;85;49,98;
15:42:55;119;49,98;
15:43:01;80;49,98;
15:43:04;120;49,99;
15:43:07;72;49,99;
15:43:10;117;49,99;
15:43:13;71;50,00;
15:43:16;116;50,00;
15:43:19;113;49,99;
15:43:22;98;49,99;
15:43:25;71;49,99;
15:43:28;65;49,99;
15:43:31;59;50,00;
15:43:34;57;50,00;
15:43:37;119;50,00;
15:43:40;114;50,00;
15:43:43;113;50,00;
15:43:46;62;50,00;
15:43:49;79;49,99;
15:43:52;111;49,99;
15:43:55;85;49,99;
15:43:58;69;49,99;
15:44:01;83;49,99;
15:44:07;78;49,99;
15:44:10;80;49,99;
15:44:13;110;49,99;
15:44:16;93;49,99;
15:44:19;74;49,99;
15:44:22;102;50,00;
15:44:25;100;50,00;
15:44:28;51;50,00;
15:44:31;63;50,00;
15:44:34;82;50,00;
15:44:37;79;50,00;
15:44:40;66;50,00;
15:44:43;73;50,00;
15:44:46;70;50,00;
15:44:49;74;49,99;
15:44:52;42;49,99;
15:44:55;91;49,99;
15:44:58;61;49,99;
15:45:01;89;49,99;
15:45:04;88;49,99;
15:45:07;85;49,99;
15:45:13;107;49,99;
15:45:16;92;49,99;
15:45:19;111;49,99;
15:45:22;99;49,99;
15:45:25;22;49,98;
15:45:28;0;49,98;
15:45:34;0;49,97;
15:45:40;0;49,96;
15:45:43;0;49,97;
15:45:46;68;49,97;
15:45:49;28;49,98;
15:45:52;33;49,98;
15:45:55;35;49,98;
15:45:58;67;49,99;
15:46:01;65;50,00;
15:46:04;52;50,00;
15:46:07;44;50,00;
15:46:10;52;50,00;
15:46:13;69;49,99;
15:46:19;59;49,99;
15:46:22;53;49,99;
15:46:25;54;49,99;
15:46:28;62;49,99;
15:46:31;69;49,99;
15:46:34;70;49,98;
15:46:37;64;49,98;
15:46:40;59;49,98;
15:46:43;79;49,98;
15:46:46;68;49,98;
15:46:49;74;49,98;
15:46:52;57;49,99;
15:46:55;72;49,99;
15:46:58;69;50,00;
15:47:04;62;50,00;
15:47:07;85;50,00;
15:47:10;84;49,99;
15:47:13;86;49,99;
15:47:16;74;49,99;
15:47:19;72;49,99;
15:47:22;81;49,98;
15:47:25;80;49,98;
15:47:28;82;49,97;
15:47:31;65;49,97;
15:47:34;60;49,96;
15:47:37;73;49,96;
15:47:40;80;49,97;
15:47:43;75;49,97;
15:47:46;81;49,98;
15:47:49;69;49,98;
15:47:52;74;49,98;
15:47:55;75;49,98;
15:47:58;82;49,99;
15:48:04;58;49,98;
15:48:10;71;49,96;
15:48:13;74;49,96;
15:48:16;68;49,96;
15:48:19;82;49,96;
15:48:22;85;49,96;
15:48:25;88;49,95;
15:48:28;35;49,96;
15:48:31;78;49,96;
15:48:34;63;49,97;
15:48:37;60;49,97;
15:48:40;78;49,98;
15:48:43;80;49,98;
15:48:46;72;49,98;
15:48:49;55;49,99;
15:48:52;44;49,99;
15:48:55;57;49,99;
15:48:58;93;49,99;
15:49:01;82;49,99;
15:49:04;80;49,99;
15:49:07;42;49,99;
15:49:10;81;49,99;
15:49:16;73;49,98;
15:49:19;77;49,98;
15:49:22;62;49,98;
15:49:25;73;49,97;
15:49:28;62;49,97;
15:49:31;64;49,98;
15:49:34;40;49,98;
15:49:37;36;49,98;
15:49:40;54;49,98;
15:49:43;36;49,98;
15:49:46;35;49,98;
15:49:49;69;49,98;
15:49:52;64;49,98;
15:49:55;58;49,97;
15:49:58;37;49,98;
15:50:01;69;49,98;
15:50:04;66;49,98;
15:50:07;63;49,98;
15:50:10;39;49,97;
15:50:13;37;49,97;
15:50:16;46;49,96;
15:50:22;42;49,96;
15:50:25;43;49,96;
15:50:28;41;49,97;
15:50:31;52;49,97;
15:50:34;41;49,97;
15:50:40;42;49,98;
15:50:43;43;49,98;
15:50:46;42;49,98;
15:50:52;39;49,98;
15:50:55;40;49,98;
15:50:58;63;49,98;
15:51:01;42;49,99;
15:51:07;42;50,00;
15:51:13;44;49,99;
15:51:16;42;49,99;
15:51:19;42;49,98;
15:51:22;56;49,98;
15:51:25;69;49,97;
15:51:28;54;49,97;
15:51:31;43;49,96;
15:51:34;43;49,97;
15:51:37;43;49,98;
15:51:43;44;49,99;
15:51:46;43;50,00;
15:51:49;43;49,99;
15:51:52;46;49,99;
15:51:55;42;49,98;
15:51:58;43;49,98;
15:52:01;45;49,97;
15:52:04;46;49,97;
15:52:07;44;49,96;
15:52:13;45;49,96;
15:52:16;45;49,97;
15:52:19;46;49,97;
15:52:28;45;49,97;
15:52:31;46;49,97;
15:52:37;48;49,98;
15:52:40;47;49,98;
15:52:43;46;49,98;
15:52:46;48;49,98;
15:52:58;46;49,98;
15:53:01;46;49,99;
15:53:04;48;49,99;
15:53:07;48;50,00;
15:53:13;49;49,99;
15:53:19;38;49,99;
15:53:22;39;49,99;
15:53:25;45;49,98;
15:53:28;48;49,98;
15:53:37;47;49,97;
15:53:40;49;49,97;
15:53:43;48;49,97;
15:53:49;47;49,98;
15:53:55;48;49,98;
15:53:58;46;49,98;
15:54:01;48;49,98;
15:54:04;47;49,98;
15:54:07;48;49,98;
15:54:10;46;49,98;
15:54:16;47;49,98;
15:54:19;46;49,98;
15:54:25;47;49,98;
15:54:28;46;49,98;
15:54:31;47;49,98;
15:54:37;46;49,98;
15:54:40;46;49,97;
15:54:46;44;49,97;
15:54:49;44;49,98;
15:54:55;43;49,97;
15:55:04;42;49,97;
15:55:07;43;49,97;
15:55:10;42;49,97;
15:55:16;43;49,98;
15:55:19;40;49,98;
15:55:22;41;49,98;
15:55:25;42;49,98;
15:55:31;61;49,97;
15:55:34;54;49,96;
15:55:37;53;49,96;
15:55:40;42;49,97;
15:55:43;33;49,97;
15:55:46;0;49,97;
15:55:49;0;49,98;
15:56:04;30;49,97;
15:56:07;32;49,97;
15:56:10;34;49,97;
15:56:16;81;49,97;
15:56:19;52;49,97;
15:56:22;87;49,98;
15:56:25;34;49,98;
15:56:28;91;49,98;
15:56:31;34;49,98;
15:56:34;72;49,98;
15:56:37;50;49,97;
15:56:40;82;49,97;
15:56:43;46;49,97;
15:56:46;82;49,97;
15:56:49;46;49,97;
15:56:52;83;49,98;
15:56:55;75;49,98;
15:56:58;69;49,98;
15:57:01;60;49,98;
15:57:04;43;49,98;
15:57:07;60;49,98;
15:57:10;91;49,98;
15:57:13;96;49,98;
15:57:16;58;49,97;
15:57:22;86;49,97;
15:57:25;41;49,97;
15:57:28;73;49,97;
15:57:31;98;49,97;
15:57:34;70;49,97;
15:57:37;85;49,97;
15:57:40;88;49,97;
15:57:43;77;49,97;
15:57:46;92;49,97;
15:57:49;66;49,98;
15:57:52;42;49,98;
15:57:55;57;49,98;
15:57:58;68;49,98;
15:58:01;36;49,98;
15:58:04;88;49,98;
15:58:07;86;49,98;
15:58:10;82;49,97;
15:58:13;58;49,97;
15:58:16;89;49,97;
15:58:19;41;49,97;
15:58:22;70;49,97;
15:58:28;81;49,98;
15:58:31;82;49,98;
15:58:34;62;49,98;
15:58:37;97;49,98;
15:58:40;77;49,98;
15:58:43;108;49,98;
15:58:46;57;49,98;
15:58:49;97;49,98;
15:58:52;50;49,97;
15:58:55;78;49,97;
15:58:58;60;49,97;
15:59:01;67;49,97;
15:59:04;88;49,97;
15:59:07;62;49,97;
15:59:10;85;49,97;
15:59:13;75;49,97;
15:59:16;59;49,96;
15:59:19;65;49,96;
15:59:22;67;49,97;
15:59:25;84;49,97;
15:59:28;57;49,97;
15:59:34;95;49,97;
15:59:37;65;49,98;
15:59:40;120;49,98;
15:59:43;112;49,98;
15:59:46;109;49,98;
15:59:49;116;49,98;
15:59:52;59;49,97;
15:59:55;36;49,97;
15:59:58;126;49,98;
16:00:01;47;49,98;
16:00:04;118;49,98;
16:00:07;50;49,98;
16:00:10;81;49,98;
16:00:13;70;49,98;
16:00:19;104;49,98;
16:00:22;59;49,98;
16:00:25;82;49,98;
16:00:28;63;49,98;
16:00:31;105;49,97;
16:00:34;97;49,97;
16:00:37;78;49,97;
16:00:40;33;49,97;
16:00:46;73;49,97;
16:00:49;83;49,98;
16:00:52;92;49,98;
16:00:55;32;49,98;
16:00:58;74;49,98;
16:01:01;101;49,98;
16:01:04;93;49,98;
16:01:07;61;49,99;
16:01:10;85;49,99;
16:01:13;86;49,99;
16:01:16;97;50,00;
16:01:19;81;50,00;
16:01:25;42;49,99;
16:01:28;24;49,99;
16:01:31;0;49,99;
16:01:34;0;50,00;
16:01:37;62;50,00;
16:01:40;0;50,00;
16:01:52;0;49,99;
16:02:01;0;50,00;
16:02:13;0;50,01;
16:02:16;58;50,02;
16:02:19;54;50,01;
16:02:22;0;50,01;
16:02:25;0;50,00;
16:02:43;0;50,01;
16:03:13;0;50,00;
16:03:16;0;50,01;
16:04:01;0;50,02;
16:04:19;0;50,01;
16:04:22;0;50,02;
16:04:28;0;50,01;
16:04:43;0;50,00;
16:04:52;0;50,01;
16:04:58;0;50,02;
16:05:10;0;50,01;
16:05:16;0;50,00;
16:05:43;0;50,01;
16:06:16;0;50,00;
16:06:34;0;50,01;
16:06:46;0;50,02;
16:06:52;0;50,01;
16:07:13;0;50,00;
16:07:31;0;50,01;
16:07:40;0;50,00;
16:07:52;0;50,01;
16:08:22;0;50,00;
16:08:28;0;50,01;
16:08:46;0;50,00;
16:09:04;0;49,99;
16:09:22;0;50,00;
16:09:37;0;50,01;
16:09:40;0;50,00;
16:10:01;0;50,01;
16:10:16;0;50,00;
16:10:31;0;49,99;
16:10:37;0;49,98;
16:10:52;0;49,99;
16:10:58;0;50,00;
16:11:13;0;50,01;
16:11:19;0;50,00;
16:11:22;0;50,01;
16:11:25;0;50,00;
16:11:37;0;49,99;
16:11:58;0;50,00;
16:12:13;0;49,99;
16:12:43;0;50,00;
16:13:31;0;50,01;
16:13:34;0;50,00;
16:13:58;0;49,99;
16:14:04;0;50,00;
16:14:07;0;49,99;
16:14:16;0;49,98;
16:14:40;0;49,99;
16:14:49;0;50,00;
16:15:04;0;49,99;
16:15:10;0;49,98;
16:15:28;0;49,99;
16:15:49;0;50,00;
16:15:52;0;49,99;
16:16:07;0;49,98;
16:16:19;0;49,99;
16:16:31;0;49,98;
16:16:46;0;49,97;
16:16:52;0;49,98;
16:17:10;0;49,97;
16:17:46;0;49,98;
16:18:10;0;49,99;
16:18:13;0;49,98;
16:18:16;0;49,99;
16:18:22;0;49,98;
16:18:34;0;49,97;
16:18:43;0;49,98;
16:18:49;0;49,99;
16:18:58;0;49,98;
16:19:31;0;49,97;
16:19:52;0;49,98;
16:20:01;0;50,00;
16:20:28;0;49,99;
16:20:31;0;50,00;
16:20:52;;;
