time;pac;freq;
09:03:55;48;49,97;
09:03:58;0;49,98;
09:04:04;61;49,98;
09:04:07;67;49,98;
09:04:10;68;49,98;
09:04:13;73;49,99;
09:04:16;77;49,99;
09:04:19;78;49,99;
09:04:25;79;49,99;
09:04:31;80;49,99;
09:04:37;81;49,99;
09:04:40;79;49,99;
09:04:43;81;49,99;
09:04:49;82;50,00;
09:04:58;84;50,00;
09:05:01;84;49,99;
09:05:04;85;49,99;
09:05:07;83;49,99;
09:05:10;86;49,99;
09:05:13;86;49,98;
09:05:19;87;49,99;
09:05:25;85;50,00;
09:05:31;95;50,01;
09:05:37;93;50,01;
09:05:40;92;50,01;
09:05:43;91;50,00;
09:05:46;89;49,99;
09:05:49;88;49,99;
09:05:52;89;49,99;
09:05:55;93;49,98;
09:05:58;89;49,98;
09:06:01;92;49,99;
09:06:04;92;50,00;
09:06:07;94;50,00;
09:06:10;91;50,00;
09:06:16;95;50,00;
09:06:19;93;50,00;
09:06:22;95;50,00;
09:06:28;96;50,00;
09:06:31;97;50,00;
09:06:34;96;50,00;
09:06:37;98;50,00;
09:06:40;98;50,01;
09:06:43;97;50,01;
09:06:46;98;50,01;
09:06:49;99;50,01;
09:06:52;98;50,00;
09:06:55;100;50,00;
09:07:01;102;49,99;
09:07:04;101;49,99;
09:07:10;103;49,99;
09:07:22;105;49,98;
09:07:31;107;49,98;
09:07:34;106;49,97;
09:07:37;107;49,97;
09:07:46;112;49,97;
09:07:49;111;49,97;
09:07:52;112;49,97;
09:07:58;116;49,97;
09:08:01;121;49,97;
09:08:04;112;49,97;
09:08:10;118;49,97;
09:08:13;122;49,97;
09:08:16;124;49,97;
09:08:19;124;49,98;
09:08:22;121;49,98;
09:08:28;119;49,98;
09:08:31;124;49,98;
09:08:37;125;49,99;
09:08:43;124;50,00;
09:08:46;123;50,00;
09:08:49;125;50,00;
09:08:52;128;50,00;
09:08:55;131;50,00;
09:08:58;131;49,99;
09:09:01;132;49,99;
09:09:04;133;50,00;
09:09:07;132;50,00;
09:09:10;130;50,00;
09:09:13;132;49,99;
09:09:19;135;49,99;
09:09:22;136;49,99;
09:09:25;136;49,98;
09:09:28;140;49,98;
09:09:34;144;49,98;
09:09:37;145;49,98;
09:09:40;146;49,98;
09:09:46;148;49,98;
09:09:52;150;49,99;
09:09:55;149;49,99;
09:09:58;153;49,99;
09:10:01;155;49,99;
09:10:04;160;49,98;
09:10:07;156;49,98;
09:10:10;153;49,98;
09:10:13;160;49,98;
09:10:16;154;49,98;
09:10:19;161;49,98;
09:10:22;159;49,98;
09:10:25;165;49,98;
09:10:28;168;49,98;
09:10:31;166;49,98;
09:10:34;168;49,97;
09:10:40;169;49,97;
09:10:43;171;49,98;
09:10:46;172;49,98;
09:10:49;173;49,98;
09:10:52;174;49,98;
09:10:55;176;49,99;
09:10:58;175;49,99;
09:11:04;178;49,99;
09:11:07;179;50,00;
09:11:10;169;50,00;
09:11:13;179;49,99;
09:11:19;181;49,99;
09:11:25;183;49,99;
09:11:28;186;49,98;
09:11:31;187;49,98;
09:11:37;177;49,98;
09:11:40;190;49,98;
09:11:43;193;49,98;
09:11:49;194;49,98;
09:11:52;196;49,98;
09:11:55;197;49,98;
09:11:58;198;49,98;
09:12:01;199;49,98;
09:12:04;202;49,98;
09:12:07;196;49,98;
09:12:10;204;49,98;
09:12:13;200;49,98;
09:12:16;205;49,98;
09:12:19;209;49,98;
09:12:22;208;49,98;
09:12:25;211;49,98;
09:12:40;214;49,98;
09:12:43;204;49,97;
09:12:46;207;49,97;
09:12:49;212;49,97;
09:12:55;217;49,98;
09:12:58;218;49,98;
09:13:01;218;49,97;
09:13:04;221;49,97;
09:13:07;219;49,97;
09:13:10;228;49,97;
09:13:13;227;49,97;
09:13:16;226;49,97;
09:13:19;229;49,97;
09:13:22;224;49,97;
09:13:25;230;49,98;
09:13:28;224;49,98;
09:13:31;228;49,99;
09:13:37;231;50,00;
09:13:40;228;50,00;
09:13:43;229;49,99;
09:13:46;232;49,99;
09:13:49;223;49,99;
09:13:52;224;49,99;
09:13:55;198;49,99;
09:13:58;202;49,99;
09:14:01;221;49,98;
09:14:04;230;49,98;
09:14:07;235;49,98;
09:14:10;239;49,98;
09:14:13;235;49,98;
09:14:16;238;49,98;
09:14:19;239;49,98;
09:14:22;240;49,97;
09:14:25;243;49,97;
09:14:28;245;49,97;
09:14:31;247;49,97;
09:14:34;246;49,97;
09:14:37;250;49,97;
09:14:46;248;49,98;
09:14:49;249;49,98;
09:14:52;250;49,99;
09:14:55;249;49,99;
09:14:58;250;49,99;
09:15:01;251;49,99;
09:15:04;252;49,99;
09:15:07;252;49,98;
09:15:10;256;49,98;
09:15:13;246;49,98;
09:15:16;256;49,96;
09:15:19;253;49,96;
09:15:22;250;49,96;
09:15:28;251;49,96;
09:15:31;255;49,96;
09:15:34;259;49,96;
09:15:37;257;49,97;
09:15:40;259;49,97;
09:15:43;258;49,96;
09:15:46;259;49,97;
09:15:49;258;49,97;
09:15:52;257;49,97;
09:15:55;258;49,98;
09:15:58;259;49,98;
09:16:04;258;49,98;
09:16:10;257;49,98;
09:16:13;259;49,98;
09:16:16;260;49,98;
09:16:22;264;49,97;
09:16:25;262;49,98;
09:16:28;263;49,97;
09:16:34;264;49,98;
09:16:40;265;49,97;
09:16:43;265;49,96;
09:16:49;264;49,96;
09:16:52;265;49,96;
09:16:58;269;49,96;
09:17:04;267;49,96;
09:17:07;268;49,97;
09:17:10;265;49,97;
09:17:13;267;49,97;
09:17:22;268;49,96;
09:17:25;267;49,96;
09:17:28;265;49,96;
09:17:31;267;49,96;
09:17:34;268;49,96;
09:17:40;267;49,96;
09:17:43;268;49,96;
09:17:52;266;49,96;
09:17:55;268;49,96;
09:18:04;265;49,97;
09:18:07;268;49,97;
09:18:10;270;49,97;
09:18:13;261;49,97;
09:18:16;270;49,97;
09:18:19;264;49,97;
09:18:22;269;49,97;
09:18:25;269;49,96;
09:18:28;267;49,96;
09:18:31;262;49,96;
09:18:37;264;49,96;
09:18:40;267;49,96;
09:18:49;265;49,96;
09:18:55;266;49,96;
09:18:58;265;49,97;
09:19:01;267;49,97;
09:19:07;266;49,97;
09:19:10;265;49,96;
09:19:13;263;49,97;
09:19:16;265;49,97;
09:19:22;264;49,97;
09:19:25;263;49,97;
09:19:37;264;49,97;
09:19:40;262;49,97;
09:19:43;262;49,98;
09:19:49;263;49,98;
09:19:52;261;49,98;
09:19:55;259;49,97;
09:20:01;261;49,97;
09:20:07;261;49,98;
09:20:16;262;49,98;
09:20:19;253;49,98;
09:20:22;262;49,98;
09:20:25;263;49,98;
09:20:28;255;49,98;
09:20:31;261;49,98;
09:20:37;257;49,99;
09:20:40;262;49,99;
09:20:43;261;49,98;
09:20:49;262;49,98;
09:20:52;259;49,98;
09:20:55;262;49,97;
09:20:58;259;49,97;
09:21:01;260;49,97;
09:21:04;262;49,97;
09:21:07;262;49,96;
09:21:10;264;49,96;
09:21:16;262;49,96;
09:21:19;263;49,96;
09:21:22;262;49,96;
09:21:25;264;49,97;
09:21:28;267;49,97;
09:21:31;265;49,97;
09:21:34;263;49,97;
09:21:37;266;49,97;
09:21:43;267;49,97;
09:21:46;269;49,97;
09:21:49;272;49,98;
09:21:52;269;49,98;
09:21:55;272;49,98;
09:21:58;269;49,98;
09:22:01;272;49,98;
09:22:04;269;49,98;
09:22:07;273;49,99;
09:22:13;275;50,00;
09:22:16;273;50,00;
09:22:19;276;49,99;
09:22:22;274;49,99;
09:22:25;277;49,98;
09:22:28;278;49,98;
09:22:31;277;49,97;
09:22:34;278;49,97;
09:22:37;280;49,97;
09:22:40;277;49,97;
09:22:52;276;49,98;
09:22:58;278;49,98;
09:23:01;280;49,98;
09:23:04;276;49,98;
09:23:07;275;49,99;
09:23:10;277;49,99;
09:23:13;276;50,00;
09:23:16;269;50,00;
09:23:19;276;50,00;
09:23:22;277;50,00;
09:23:25;276;50,00;
09:23:28;268;49,99;
09:23:31;276;49,99;
09:23:34;267;49,99;
09:23:37;273;49,99;
09:23:40;277;49,99;
09:23:46;274;50,00;
09:23:55;279;50,01;
09:23:58;277;50,01;
09:24:01;267;50,01;
09:24:04;241;50,01;
09:24:07;230;50,01;
09:24:10;273;50,01;
09:24:13;272;50,01;
09:24:16;273;50,01;
09:24:19;271;50,00;
09:24:22;273;50,00;
09:24:25;272;50,00;
09:24:28;270;50,00;
09:24:31;271;50,00;
09:24:40;271;50,01;
09:24:43;269;50,01;
09:24:46;268;50,01;
09:24:52;266;50,00;
09:24:55;262;50,00;
09:24:58;263;50,00;
09:25:01;264;50,00;
09:25:04;265;50,00;
09:25:07;261;50,00;
09:25:13;258;50,00;
09:25:16;261;50,00;
09:25:19;262;50,00;
09:25:22;255;50,00;
09:25:25;262;50,00;
09:25:28;259;50,00;
09:25:31;252;49,99;
09:25:34;253;50,00;
09:25:37;252;49,99;
09:25:40;258;49,99;
09:25:46;258;49,98;
09:25:52;255;49,99;
09:25:55;256;49,99;
09:25:58;255;49,99;
09:26:01;256;49,99;
09:26:04;257;49,99;
09:26:07;255;49,99;
09:26:10;253;49,98;
09:26:13;254;49,98;
09:26:19;253;49,98;
09:26:22;251;49,99;
09:26:25;249;49,99;
09:26:28;247;49,99;
09:26:31;244;50,00;
09:26:34;243;50,00;
09:26:37;244;50,00;
09:26:40;244;50,01;
09:26:43;243;50,01;
09:26:46;241;50,01;
09:26:52;237;50,00;
09:26:55;238;50,00;
09:26:58;236;50,00;
09:27:01;235;50,00;
09:27:04;233;50,00;
09:27:07;230;50,00;
09:27:10;228;50,00;
09:27:16;224;50,00;
09:27:19;223;50,00;
09:27:22;219;50,00;
09:27:25;219;49,99;
09:27:28;214;49,99;
09:27:31;213;49,99;
09:27:34;212;49,98;
09:27:37;209;49,98;
09:27:40;203;49,97;
09:27:43;199;49,97;
09:27:46;197;49,97;
09:27:49;196;49,98;
09:27:52;194;49,98;
09:27:58;188;49,99;
09:28:01;189;49,99;
09:28:04;187;49,99;
09:28:07;186;49,99;
09:28:10;179;49,99;
09:28:13;177;49,99;
09:28:16;173;49,98;
09:28:22;164;49,98;
09:28:25;172;49,98;
09:28:28;163;49,98;
09:28:31;169;49,98;
09:28:34;159;49,98;
09:28:37;169;49,98;
09:28:43;160;49,98;
09:28:46;153;49,98;
09:28:49;150;49,98;
09:28:52;154;49,99;
09:28:55;150;49,98;
09:28:58;149;49,99;
09:29:01;148;49,99;
09:29:04;146;49,99;
09:29:07;143;49,98;
09:29:10;139;49,98;
09:29:13;137;49,99;
09:29:16;136;49,99;
09:29:19;135;50,00;
09:29:25;131;50,00;
09:29:28;134;50,01;
09:29:31;131;50,01;
09:29:37;128;50,01;
09:29:40;127;50,01;
09:29:43;124;50,00;
09:29:49;125;50,00;
09:29:52;106;50,00;
09:29:55;112;50,00;
09:29:58;115;50,00;
09:30:01;121;50,00;
09:30:04;120;50,00;
09:30:07;117;50,00;
09:30:10;121;50,00;
09:30:13;116;50,00;
09:30:16;121;50,00;
09:30:19;117;50,00;
09:30:25;120;50,00;
09:30:28;115;50,00;
09:30:31;120;49,99;
09:30:34;117;49,99;
09:30:37;112;49,98;
09:30:40;119;49,98;
09:30:43;110;49,98;
09:30:46;115;49,98;
09:30:49;116;49,98;
09:30:55;112;49,98;
09:31:01;109;49,98;
09:31:07;108;49,97;
09:31:10;107;49,97;
09:31:13;111;49,98;
09:31:16;110;49,98;
09:31:19;111;49,98;
09:31:22;109;49,98;
09:31:25;100;49,97;
09:31:28;107;49,97;
09:31:31;100;49,97;
09:31:34;100;49,96;
09:31:37;103;49,96;
09:31:40;101;49,97;
09:31:43;106;49,97;
09:31:46;105;49,97;
09:31:52;106;49,98;
09:31:55;104;49,98;
09:32:01;104;49,97;
09:32:04;105;49,97;
09:32:07;104;49,97;
09:32:10;103;49,97;
09:32:13;103;49,96;
09:32:22;101;49,96;
09:32:28;100;49,95;
09:32:31;100;49,96;
09:32:37;100;49,97;
09:32:40;99;49,97;
09:32:43;98;49,97;
09:32:46;97;49,97;
09:32:55;95;49,97;
09:32:58;97;49,97;
09:33:01;97;49,98;
09:33:07;94;49,98;
09:33:10;91;49,97;
09:33:16;90;49,97;
09:33:19;91;49,97;
09:33:22;88;49,97;
09:33:25;88;49,98;
09:33:28;86;49,98;
09:33:31;85;49,98;
09:33:37;85;49,97;
09:33:40;84;49,98;
09:33:46;82;49,98;
09:33:55;81;49,98;
09:34:01;79;49,98;
09:34:07;78;49,98;
09:34:10;67;49,98;
09:34:13;64;49,98;
09:34:16;73;49,97;
09:34:19;75;49,98;
09:34:25;73;49,98;
09:34:28;73;49,97;
09:34:31;73;49,98;
09:34:40;72;49,98;
09:34:46;70;49,99;
09:34:49;71;50,00;
09:34:52;70;50,00;
09:34:58;71;50,00;
09:35:01;70;50,00;
09:35:04;67;50,00;
09:35:10;67;49,98;
09:35:13;62;49,97;
09:35:16;61;49,97;
09:35:19;60;49,97;
09:35:22;64;49,98;
09:35:28;62;49,98;
09:35:34;61;49,98;
09:35:40;60;49,98;
09:35:43;60;49,99;
09:35:46;58;49,99;
09:35:55;57;49,99;
09:35:58;57;50,00;
09:36:07;55;50,00;
09:36:10;55;49,99;
09:36:13;54;49,99;
09:36:16;53;50,00;
09:36:19;52;50,00;
09:36:22;52;49,99;
09:36:28;51;49,99;
09:36:34;51;49,98;
09:36:43;49;49,98;
09:36:46;51;49,98;
09:36:49;49;49,98;
09:36:58;48;49,99;
09:37:01;49;49,99;
09:37:04;49;49,98;
09:37:10;48;49,99;
09:37:16;48;49,98;
09:37:31;47;49,98;
09:37:34;48;49,98;
09:38:07;49;49,98;
09:38:10;48;49,98;
09:38:13;48;49,99;
09:38:22;49;49,99;
09:38:25;49;50,00;
09:38:31;48;50,00;
09:38:34;49;50,00;
09:38:40;51;49,99;
09:38:49;51;49,98;
09:39:01;52;49,97;
09:39:07;52;49,96;
09:39:13;52;49,97;
09:39:16;52;49,96;
09:39:19;53;49,96;
09:39:22;52;49,96;
09:39:25;55;49,96;
09:39:28;54;49,96;
09:39:31;55;49,96;
09:39:34;54;49,96;
09:39:37;55;49,97;
09:39:43;56;49,97;
09:39:46;55;49,97;
09:39:52;55;49,98;
09:39:55;57;49,97;
09:40:01;57;49,98;
09:40:07;56;49,98;
09:40:10;55;49,98;
09:40:13;57;49,98;
09:40:19;55;49,98;
09:40:37;54;49,97;
09:40:40;55;49,97;
09:40:43;54;49,97;
09:40:46;54;49,96;
09:40:49;52;49,96;
09:40:52;54;49,96;
09:40:55;52;49,96;
09:41:01;52;49,97;
09:41:07;51;49,97;
09:41:28;51;49,96;
09:41:37;49;49,96;
09:41:43;27;49,97;
09:41:46;0;49,97;
09:41:58;66;49,97;
09:42:01;42;49,97;
09:42:04;43;49,97;
09:42:07;47;49,97;
09:42:10;48;49,97;
09:42:13;50;49,97;
09:42:16;49;49,97;
09:42:22;50;49,97;
09:42:25;49;49,97;
09:42:31;49;49,98;
09:42:34;50;49,97;
09:42:37;49;49,98;
09:42:43;50;49,98;
09:42:46;49;49,98;
09:42:49;51;49,98;
09:42:52;50;49,98;
09:42:58;50;49,99;
09:43:04;50;49,98;
09:43:16;52;49,99;
09:43:19;51;49,99;
09:43:25;51;49,98;
09:43:34;52;49,97;
09:43:49;54;49,97;
09:43:52;52;49,97;
09:43:55;53;49,97;
09:43:58;54;49,97;
09:44:01;55;49,96;
09:44:10;54;49,97;
09:44:16;52;49,97;
09:44:19;44;49,97;
09:44:22;46;49,97;
09:44:25;51;49,97;
09:44:28;54;49,97;
09:44:31;52;49,97;
09:44:34;54;49,97;
09:44:37;52;49,97;
09:44:43;51;49,97;
09:44:46;53;49,97;
09:44:49;51;49,98;
09:44:52;52;49,98;
09:44:58;50;49,98;
09:45:01;50;49,99;
09:45:04;51;49,99;
09:45:07;50;49,99;
09:45:16;52;49,98;
09:45:19;50;49,97;
09:45:22;49;49,96;
09:45:25;50;49,96;
09:45:34;49;49,96;
09:45:37;50;49,96;
09:45:43;49;49,96;
09:45:46;48;49,97;
09:45:49;50;49,97;
09:45:52;50;49,98;
09:45:58;49;49,98;
09:46:10;50;49,97;
09:46:16;50;49,96;
09:46:22;49;49,96;
09:46:34;48;49,96;
09:46:37;50;49,96;
09:46:40;49;49,96;
09:46:43;49;49,97;
09:46:46;50;49,97;
09:46:49;49;49,98;
09:46:55;48;49,99;
09:47:01;50;50,00;
09:47:07;49;49,99;
09:47:10;50;49,99;
09:47:13;49;49,99;
09:47:16;49;49,98;
09:47:19;48;49,98;
09:47:22;49;49,98;
09:47:31;50;49,99;
09:47:34;49;49,99;
09:47:37;50;50,00;
09:47:40;49;50,00;
09:47:43;51;50,00;
09:47:46;49;50,00;
09:47:49;48;50,00;
09:47:52;50;50,00;
09:47:55;51;50,00;
09:47:58;50;50,00;
09:48:01;49;50,00;
09:48:04;50;50,00;
09:48:07;51;50,00;
09:48:13;52;50,00;
09:48:16;51;49,99;
09:48:19;50;49,99;
09:48:22;52;49,99;
09:48:28;53;49,99;
09:48:31;51;49,98;
09:48:34;52;49,98;
09:48:37;54;49,99;
09:48:43;56;50,00;
09:48:49;57;50,00;
09:48:52;58;50,00;
09:48:55;56;50,00;
09:49:04;57;50,00;
09:49:07;58;50,00;
09:49:10;60;50,00;
09:49:13;59;50,00;
09:49:19;60;50,00;
09:49:22;58;50,00;
09:49:37;58;49,99;
09:49:40;59;50,00;
09:49:43;58;49,99;
09:49:49;59;49,98;
09:49:52;58;49,98;
09:49:58;59;49,98;
09:50:01;60;49,98;
09:50:04;58;49,99;
09:50:07;61;49,99;
09:50:10;60;50,00;
09:50:13;63;49,99;
09:50:19;62;49,98;
09:50:25;64;49,98;
09:50:28;65;49,98;
09:50:34;64;49,98;
09:50:37;65;49,98;
09:50:40;66;49,98;
09:50:46;68;49,98;
09:50:49;70;50,00;
09:50:52;68;50,00;
09:50:55;73;50,00;
09:50:58;75;50,01;
09:51:01;74;50,00;
09:51:04;76;50,01;
09:51:07;76;50,00;
09:51:13;79;50,00;
09:51:16;77;50,00;
09:51:22;80;50,01;
09:51:25;82;50,01;
09:51:34;85;50,01;
09:51:37;86;50,01;
09:51:43;88;50,00;
09:51:46;86;50,00;
09:51:49;91;50,00;
09:51:52;91;49,99;
09:51:55;97;50,00;
09:51:58;82;50,00;
09:52:01;64;50,00;
09:52:04;0;50,00;
09:52:07;0;50,01;
09:52:16;89;50,00;
09:52:19;92;50,00;
09:52:22;97;50,00;
09:52:25;100;50,00;
09:52:28;109;49,99;
09:52:31;112;49,99;
09:52:37;112;49,98;
09:52:43;115;49,98;
09:52:46;113;49,98;
09:52:49;115;49,98;
09:52:52;114;49,98;
09:52:55;116;49,98;
09:53:01;118;49,98;
09:53:07;118;49,99;
09:53:10;120;49,99;
09:53:13;119;49,99;
09:53:16;121;50,00;
09:53:34;125;49,99;
09:53:37;121;49,99;
09:53:40;122;49,98;
09:53:43;121;49,98;
09:53:46;127;49,98;
09:53:49;117;49,98;
09:53:52;125;49,98;
09:53:55;118;49,98;
09:54:01;127;49,98;
09:54:04;124;49,99;
09:54:07;120;50,00;
09:54:10;121;50,00;
09:54:13;124;50,00;
09:54:16;124;49,99;
09:54:19;124;50,00;
09:54:22;118;49,99;
09:54:28;106;49,98;
09:54:31;104;49,98;
09:54:34;121;49,98;
09:54:37;121;49,97;
09:54:40;113;49,97;
09:54:43;116;49,97;
09:54:46;115;49,97;
09:54:49;126;49,97;
09:54:52;125;49,98;
09:54:55;116;49,98;
09:54:58;115;49,98;
09:55:01;125;49,99;
09:55:04;122;49,99;
09:55:07;115;49,99;
09:55:10;121;49,99;
09:55:13;121;49,98;
09:55:16;118;49,98;
09:55:19;116;49,98;
09:55:22;118;49,98;
09:55:25;119;49,98;
09:55:28;117;49,98;
09:55:34;115;49,98;
09:55:37;112;49,98;
09:55:40;113;49,97;
09:55:43;115;49,97;
09:55:46;113;49,97;
09:55:49;117;49,96;
09:55:52;115;49,96;
09:56:01;114;49,97;
09:56:04;115;49,97;
09:56:07;114;49,97;
09:56:10;112;49,97;
09:56:13;112;49,98;
09:56:25;110;49,98;
09:56:28;112;49,98;
09:56:34;111;49,98;
09:56:37;109;49,97;
09:56:40;112;49,98;
09:56:43;109;49,97;
09:56:46;110;49,97;
09:56:49;112;49,97;
09:56:52;106;49,98;
09:56:55;101;49,98;
09:56:58;112;49,98;
09:57:01;107;49,98;
09:57:04;106;49,98;
09:57:07;107;49,98;
09:57:10;106;49,98;
09:57:16;103;49,98;
09:57:19;104;49,98;
09:57:25;103;49,97;
09:57:28;102;49,97;
09:57:34;100;49,97;
09:57:37;101;49,97;
09:57:43;100;49,97;
09:57:49;97;49,97;
09:57:52;99;49,97;
09:57:55;97;49,98;
09:58:01;96;49,98;
09:58:07;95;49,98;
09:58:10;94;49,98;
09:58:13;93;49,98;
09:58:19;91;49,98;
09:58:22;90;49,97;
09:58:31;88;49,97;
09:58:34;87;49,97;
09:58:37;86;49,97;
09:58:40;85;49,97;
09:58:46;84;49,97;
09:58:55;82;49,97;
09:59:01;80;49,97;
09:59:07;79;49,96;
09:59:13;78;49,96;
09:59:16;77;49,97;
09:59:19;76;49,98;
09:59:22;75;49,98;
09:59:28;76;49,98;
09:59:31;75;49,98;
09:59:37;75;49,97;
09:59:46;75;49,96;
09:59:52;76;49,96;
09:59:55;75;49,96;
09:59:58;75;49,97;
10:00:04;76;49,98;
10:00:10;78;49,98;
10:00:13;79;49,97;
10:00:16;80;49,98;
10:00:19;82;49,98;
10:00:22;80;49,97;
10:00:25;82;49,98;
10:00:28;81;49,98;
10:00:31;82;49,98;
10:00:37;83;49,98;
10:00:40;84;49,98;
10:00:46;86;49,97;
10:00:49;87;49,97;
10:00:52;89;49,96;
10:00:55;90;49,96;
10:00:58;91;49,96;
10:01:04;92;49,97;
10:01:07;94;49,97;
10:01:10;95;49,97;
10:01:13;96;49,97;
10:01:16;97;49,96;
10:01:19;96;49,96;
10:01:22;97;49,96;
10:01:28;100;49,96;
10:01:34;102;49,96;
10:01:40;103;49,96;
10:01:43;104;49,96;
10:01:46;103;49,96;
10:01:49;106;49,96;
10:01:52;107;49,96;
10:01:55;110;49,96;
10:01:58;109;49,95;
10:02:01;103;49,96;
10:02:04;112;49,95;
10:02:10;109;49,95;
10:02:16;111;49,95;
10:02:19;112;49,95;
10:02:22;116;49,95;
10:02:25;118;49,95;
10:02:28;121;49,95;
10:02:34;124;49,96;
10:02:40;127;49,96;
10:02:43;128;49,96;
10:02:46;131;49,96;
10:02:52;133;49,97;
10:02:58;138;49,97;
10:03:01;139;49,97;
10:03:07;141;49,96;
10:03:10;144;49,96;
10:03:13;142;49,96;
10:03:16;145;49,96;
10:03:19;149;49,96;
10:03:25;151;49,95;
10:03:28;155;49,95;
10:03:40;159;49,96;
10:03:43;157;49,96;
10:03:46;159;49,96;
10:03:52;160;49,97;
10:03:55;163;49,97;
10:03:58;166;49,96;
10:04:01;159;49,96;
10:04:04;160;49,96;
10:04:07;165;49,96;
10:04:10;169;49,97;
10:04:13;160;49,97;
10:04:16;165;49,97;
10:04:19;160;49,97;
10:04:22;159;49,97;
10:04:31;161;49,97;
10:04:34;146;49,97;
10:04:37;139;49,98;
10:04:40;149;49,98;
10:04:46;165;49,98;
10:04:52;164;49,98;
10:04:55;167;49,98;
10:04:58;173;49,98;
10:05:01;167;49,98;
10:05:04;160;49,99;
10:05:07;170;49,99;
10:05:10;160;49,99;
10:05:13;165;50,00;
10:05:16;169;50,00;
10:05:19;164;50,00;
10:05:22;162;49,99;
10:05:25;163;49,98;
10:05:31;164;49,97;
10:05:40;164;49,96;
10:05:43;165;49,96;
10:05:46;164;49,97;
10:05:49;161;49,97;
10:05:52;163;49,97;
10:05:55;162;49,98;
10:05:58;164;49,98;
10:06:01;164;49,99;
10:06:07;166;49,98;
10:06:13;164;49,98;
10:06:19;164;49,97;
10:06:22;161;49,97;
10:06:25;160;49,97;
10:06:28;162;49,97;
10:06:31;160;49,97;
10:06:37;164;49,97;
10:06:43;162;49,98;
10:06:46;161;49,98;
10:06:49;160;49,97;
10:06:52;161;49,97;
10:06:55;164;49,97;
10:06:58;160;49,97;
10:07:01;157;49,97;
10:07:04;167;49,97;
10:07:07;161;49,98;
10:07:10;167;49,98;
10:07:13;160;49,98;
10:07:16;164;49,98;
10:07:19;159;49,98;
10:07:22;160;49,97;
10:07:25;161;49,98;
10:07:28;159;49,98;
10:07:31;159;49,97;
10:07:34;160;49,97;
10:07:37;162;49,96;
10:07:43;162;49,97;
10:07:46;161;49,97;
10:07:49;159;49,98;
10:07:52;160;49,98;
10:07:55;162;49,98;
10:07:58;160;49,99;
10:08:01;162;49,99;
10:08:04;163;49,99;
10:08:07;160;49,99;
10:08:10;160;49,98;
10:08:13;157;49,98;
10:08:16;159;49,98;
10:08:19;159;49,97;
10:08:22;158;49,96;
10:08:28;155;49,96;
10:08:31;152;49,97;
10:08:34;154;49,97;
10:08:37;150;49,98;
10:08:40;151;49,98;
10:08:43;153;49,98;
10:08:49;155;49,98;
10:08:52;150;49,98;
10:08:55;157;49,98;
10:08:58;152;49,98;
10:09:01;145;49,98;
10:09:04;155;49,98;
10:09:07;152;49,98;
10:09:10;155;49,98;
10:09:13;146;49,98;
10:09:16;152;49,97;
10:09:19;155;49,97;
10:09:22;146;49,97;
10:09:25;149;49,97;
10:09:34;145;49,98;
10:09:37;146;49,98;
10:09:40;145;49,97;
10:09:43;143;49,97;
10:09:46;140;49,97;
10:09:49;141;49,97;
10:09:55;140;49,97;
10:09:58;140;49,98;
10:10:01;136;49,98;
10:10:04;131;49,98;
10:10:07;141;49,98;
10:10:10;133;49,98;
10:10:13;140;49,98;
10:10:19;137;49,98;
10:10:22;136;49,98;
10:10:28;132;49,98;
10:10:31;136;49,98;
10:10:34;131;49,98;
10:10:40;129;49,98;
10:10:43;131;49,98;
10:10:46;132;49,98;
10:10:49;131;49,98;
10:10:52;133;49,99;
10:10:55;131;49,99;
10:10:58;133;49,99;
10:11:04;131;49,99;
10:11:07;132;49,99;
10:11:10;130;49,99;
10:11:13;131;49,99;
10:11:16;131;49,98;
10:11:22;133;49,98;
10:11:25;136;49,97;
10:11:28;135;49,98;
10:11:31;136;49,98;
10:11:37;138;49,98;
10:11:40;137;49,98;
10:11:46;138;49,97;
10:11:49;140;49,98;
10:11:52;146;49,98;
10:11:55;144;49,98;
10:12:01;149;49,98;
10:12:04;146;49,98;
10:12:07;140;49,98;
10:12:10;158;49,98;
10:12:13;149;49,98;
10:12:16;150;49,98;
10:12:19;160;49,98;
10:12:22;155;49,98;
10:12:25;163;49,99;
10:12:28;164;49,99;
10:12:31;165;49,99;
10:12:34;174;49,99;
10:12:37;179;49,99;
10:12:40;182;49,99;
10:12:43;181;49,99;
10:12:46;187;49,99;
10:12:52;193;49,99;
10:12:55;194;49,98;
10:12:58;200;49,98;
10:13:01;205;49,98;
10:13:04;211;49,98;
10:13:07;213;49,98;
10:13:10;214;49,98;
10:13:13;218;49,98;
10:13:16;225;49,97;
10:13:19;227;49,97;
10:13:22;235;49,97;
10:13:25;239;49,97;
10:13:28;243;49,98;
10:13:31;245;49,98;
10:13:34;249;49,98;
10:13:37;251;49,98;
10:13:40;260;49,98;
10:13:43;263;49,98;
10:13:46;268;49,98;
10:13:49;273;49,98;
10:13:52;278;49,98;
10:13:58;281;49,98;
10:14:01;289;49,98;
10:14:04;294;49,98;
10:14:07;301;49,98;
10:14:10;297;49,97;
10:14:13;303;49,97;
10:14:16;314;49,97;
10:14:19;315;49,98;
10:14:22;324;49,97;
10:14:25;301;49,98;
10:14:28;325;49,98;
10:14:31;329;49,97;
10:14:34;341;49,97;
10:14:37;351;49,96;
10:14:43;357;49,96;
10:14:46;360;49,96;
10:14:49;370;49,97;
10:14:52;368;49,97;
10:14:55;376;49,97;
10:14:58;382;49,97;
10:15:01;384;49,97;
10:15:04;391;49,98;
10:15:07;394;49,99;
10:15:10;405;49,99;
10:15:13;413;49,99;
10:15:16;407;49,99;
10:15:19;418;49,99;
10:15:22;416;49,98;
10:15:25;423;49,98;
10:15:28;436;49,96;
10:15:31;435;49,96;
10:15:34;445;49,96;
10:15:37;446;49,97;
10:15:40;441;49,97;
10:15:43;456;49,98;
10:15:49;464;49,98;
10:15:52;459;49,98;
10:15:55;471;49,97;
10:15:58;474;49,97;
10:16:01;479;49,97;
10:16:04;471;49,97;
10:16:07;483;49,97;
10:16:10;486;49,97;
10:16:13;493;49,97;
10:16:16;485;49,97;
10:16:19;497;49,97;
10:16:22;499;49,97;
10:16:25;502;49,97;
10:16:28;495;49,97;
10:16:31;508;49,98;
10:16:34;506;49,98;
10:16:37;510;49,98;
10:16:40;507;49,97;
10:16:43;517;49,97;
10:16:46;519;49,97;
10:16:49;523;49,97;
10:16:55;517;49,97;
10:16:58;502;49,97;
10:17:01;519;49,98;
10:17:04;522;49,98;
10:17:07;524;49,99;
10:17:10;530;49,99;
10:17:13;526;49,99;
10:17:16;531;49,99;
10:17:19;532;49,99;
10:17:22;534;49,98;
10:17:25;533;49,98;
10:17:28;527;49,98;
10:17:31;533;49,98;
10:17:34;535;49,98;
10:17:37;530;49,98;
10:17:40;533;49,99;
10:17:43;534;49,99;
10:17:46;523;49,99;
10:17:49;522;49,99;
10:17:55;522;49,98;
10:18:01;530;49,98;
10:18:04;525;49,98;
10:18:07;526;49,98;
10:18:13;525;49,98;
10:18:16;526;49,98;
10:18:19;513;49,98;
10:18:22;522;49,97;
10:18:25;521;49,96;
10:18:28;520;49,96;
10:18:31;508;49,96;
10:18:34;510;49,97;
10:18:37;494;49,97;
10:18:40;507;49,97;
10:18:46;509;49,98;
10:18:49;503;49,98;
10:18:52;509;49,98;
10:18:55;501;49,99;
10:18:58;507;49,99;
10:19:01;498;49,99;
10:19:04;505;49,99;
10:19:07;502;49,99;
10:19:10;500;49,98;
10:19:13;498;49,98;
10:19:19;486;49,98;
10:19:22;493;49,98;
10:19:25;486;49,98;
10:19:28;490;49,98;
10:19:31;478;49,98;
10:19:34;486;49,98;
10:19:37;479;49,98;
10:19:40;484;49,98;
10:19:43;471;49,98;
10:19:46;478;49,98;
10:19:52;477;49,99;
10:19:55;466;49,99;
10:19:58;471;49,99;
10:20:01;468;49,99;
10:20:04;469;49,99;
10:20:07;460;49,99;
10:20:10;464;49,99;
10:20:13;465;49,99;
10:20:16;463;49,98;
10:20:19;460;49,97;
10:20:22;461;49,97;
10:20:25;455;49,97;
10:20:28;453;49,97;
10:20:31;452;49,97;
10:20:37;456;49,98;
10:20:40;455;49,97;
10:20:43;454;49,97;
10:20:49;451;49,97;
10:20:52;449;49,97;
10:20:58;447;49,98;
10:21:01;443;49,98;
10:21:04;444;49,98;
10:21:07;442;49,98;
10:21:10;440;49,99;
10:21:13;439;49,99;
10:21:19;437;49,98;
10:21:22;434;49,98;
10:21:25;432;49,98;
10:21:34;428;49,99;
10:21:37;429;49,98;
10:21:40;426;49,98;
10:21:46;425;49,98;
10:21:49;424;49,98;
10:21:52;420;49,98;
10:21:55;424;49,98;
10:21:58;422;49,98;
10:22:04;417;49,97;
10:22:07;419;49,97;
10:22:10;418;49,97;
10:22:13;419;49,97;
10:22:16;418;49,97;
10:22:22;417;49,97;
10:22:25;411;49,97;
10:22:28;417;49,98;
10:22:31;418;49,98;
10:22:34;409;49,97;
10:22:37;416;49,97;
10:22:40;415;49,97;
10:22:43;416;49,97;
10:22:49;416;49,98;
10:22:52;413;49,98;
10:22:55;417;49,98;
10:22:58;416;49,98;
10:23:01;417;49,98;
10:23:04;415;49,98;
10:23:10;417;49,98;
10:23:13;417;49,97;
10:23:16;419;49,97;
10:23:19;420;49,98;
10:23:22;419;49,98;
10:23:25;420;49,98;
10:23:28;422;49,98;
10:23:31;421;49,98;
10:23:37;421;49,97;
10:23:40;423;49,97;
10:23:43;422;49,97;
10:23:46;424;49,98;
10:23:49;423;49,98;
10:23:55;425;49,98;
10:23:58;423;49,98;
10:24:01;424;49,98;
10:24:04;423;49,98;
10:24:07;421;49,98;
10:24:13;415;49,98;
10:24:16;418;49,98;
10:24:19;414;49,99;
10:24:22;415;50,00;
10:24:25;412;50,00;
10:24:31;407;50,00;
10:24:34;410;49,99;
10:24:37;403;49,99;
10:24:40;405;49,98;
10:24:43;403;49,98;
10:24:46;400;49,98;
10:24:49;397;49,98;
10:25:01;394;49,98;
10:25:04;393;49,99;
10:25:07;390;49,98;
10:25:13;389;49,99;
10:25:19;383;49,98;
10:25:22;389;49,98;
10:25:25;374;49,98;
10:25:28;379;49,98;
10:25:31;382;49,98;
10:25:34;386;49,98;
10:25:37;377;49,98;
10:25:40;387;49,98;
10:25:43;382;49,98;
10:25:46;387;49,97;
10:25:49;382;49,97;
10:25:52;388;49,97;
10:25:55;385;49,97;
10:25:58;390;49,98;
10:26:01;388;49,98;
10:26:07;391;49,98;
10:26:10;395;49,98;
10:26:13;388;49,98;
10:26:16;401;49,98;
10:26:19;403;49,98;
10:26:22;404;49,98;
10:26:25;406;49,98;
10:26:28;405;49,98;
10:26:31;407;49,98;
10:26:34;409;49,98;
10:26:37;382;49,98;
10:26:40;403;49,98;
10:26:43;416;49,98;
10:26:46;415;49,98;
10:26:49;419;49,99;
10:26:52;421;49,99;
10:26:55;424;50,00;
10:26:58;426;50,00;
10:27:01;421;50,00;
10:27:04;428;50,00;
10:27:07;425;50,00;
10:27:13;419;50,00;
10:27:16;422;50,00;
10:27:19;416;50,00;
10:27:22;418;50,00;
10:27:25;402;50,00;
10:27:28;408;50,00;
10:27:31;409;50,00;
10:27:34;408;50,00;
10:27:37;404;49,99;
10:27:40;388;49,99;
10:27:43;394;49,99;
10:27:46;381;49,98;
10:27:49;382;49,99;
10:27:52;377;49,99;
10:27:58;361;49,99;
10:28:01;365;50,00;
10:28:04;357;49,99;
10:28:07;358;50,00;
10:28:10;351;50,00;
10:28:13;348;50,00;
10:28:16;344;50,00;
10:28:19;348;50,00;
10:28:22;332;49,99;
10:28:25;331;49,98;
10:28:28;327;49,98;
10:28:31;331;49,98;
10:28:34;316;49,98;
10:28:37;324;49,98;
10:28:40;323;49,98;
10:28:43;316;49,98;
10:28:46;314;49,99;
10:28:49;313;49,98;
10:28:52;310;49,99;
10:28:55;309;49,99;
10:28:58;303;49,99;
10:29:04;301;49,99;
10:29:07;300;49,99;
10:29:10;298;50,00;
10:29:13;296;50,00;
10:29:16;292;49,99;
10:29:19;293;49,99;
10:29:22;290;49,99;
10:29:25;291;49,99;
10:29:28;286;49,99;
10:29:31;285;49,99;
10:29:34;283;49,99;
10:29:37;282;49,99;
10:29:40;280;49,98;
10:29:46;278;49,98;
10:29:49;274;49,98;
10:29:52;273;49,99;
10:29:55;267;49,99;
10:29:58;268;49,98;
10:30:01;267;49,99;
10:30:10;267;50,00;
10:30:13;269;50,00;
10:30:16;267;50,00;
10:30:22;258;50,00;
10:30:25;265;50,00;
10:30:31;267;50,00;
10:30:34;256;50,00;
10:30:37;263;50,00;
10:30:40;266;50,00;
10:30:43;260;50,00;
10:30:46;259;50,00;
10:30:49;268;50,00;
10:30:52;264;50,00;
10:30:55;267;50,00;
10:30:58;266;50,00;
10:31:01;264;50,00;
10:31:04;267;50,00;
10:31:07;270;50,00;
10:31:10;272;50,00;
10:31:16;274;50,00;
10:31:19;275;49,99;
10:31:22;266;49,99;
10:31:25;267;49,99;
10:31:28;278;49,99;
10:31:31;280;50,00;
10:31:34;284;50,00;
10:31:37;286;50,00;
10:31:40;288;49,99;
10:31:43;292;49,98;
10:31:46;297;49,97;
10:31:52;296;49,96;
10:31:55;301;49,97;
10:31:58;305;49,97;
10:32:01;310;49,98;
10:32:04;313;49,98;
10:32:07;317;49,98;
10:32:10;320;49,98;
10:32:13;324;49,98;
10:32:16;326;49,98;
10:32:19;331;49,98;
10:32:22;330;49,98;
10:32:25;333;49,97;
10:32:28;343;49,97;
10:32:31;349;49,98;
10:32:34;341;49,98;
10:32:37;346;49,98;
10:32:40;349;49,98;
10:32:43;355;49,98;
10:32:46;353;49,99;
10:32:49;357;49,99;
10:32:52;363;50,00;
10:32:55;366;50,00;
10:32:58;361;50,00;
10:33:01;367;49,99;
10:33:07;372;49,99;
10:33:10;366;49,99;
10:33:13;369;49,99;
10:33:16;371;49,99;
10:33:19;369;49,99;
10:33:22;374;49,99;
10:33:25;375;49,99;
10:33:28;367;49,99;
10:33:31;373;50,00;
10:33:34;372;50,00;
10:33:37;376;49,99;
10:33:40;369;49,99;
10:33:43;371;49,98;
10:33:46;378;49,98;
10:33:49;371;49,98;
10:33:52;376;49,99;
10:33:55;381;49,99;
10:33:58;375;49,99;
10:34:01;376;50,00;
10:34:04;377;50,00;
10:34:07;376;50,00;
10:34:13;381;49,99;
10:34:16;377;49,99;
10:34:19;382;49,99;
10:34:22;377;49,98;
10:34:25;381;49,98;
10:34:28;377;49,98;
10:34:31;384;49,98;
10:34:34;383;49,98;
10:34:37;382;49,99;
10:34:40;384;49,99;
10:34:43;383;49,99;
10:34:46;386;49,99;
10:34:49;385;49,99;
10:34:52;385;49,98;
10:34:55;386;49,98;
10:34:58;390;49,98;
10:35:01;388;49,98;
10:35:04;387;49,98;
10:35:07;391;49,98;
10:35:10;386;49,98;
10:35:13;392;49,99;
10:35:19;392;49,98;
10:35:22;398;49,98;
10:35:25;400;49,97;
10:35:28;393;49,97;
10:35:31;403;49,97;
10:35:34;402;49,97;
10:35:37;398;49,97;
10:35:40;404;49,97;
10:35:43;405;49,98;
10:35:46;402;49,98;
10:35:49;403;49,98;
10:35:52;410;49,98;
10:35:55;417;49,98;
10:35:58;419;49,98;
10:36:01;412;49,98;
10:36:04;415;49,98;
10:36:07;422;49,98;
10:36:13;424;49,98;
10:36:16;433;49,97;
10:36:19;434;49,98;
10:36:25;438;49,98;
10:36:28;439;49,98;
10:36:34;440;49,98;
10:36:37;437;49,99;
10:36:40;439;49,99;
10:36:43;440;49,99;
10:36:46;442;49,99;
10:36:49;449;50,00;
10:36:52;452;50,00;
10:36:55;449;50,00;
10:36:58;454;50,00;
10:37:01;448;50,00;
10:37:04;449;50,00;
10:37:10;452;50,00;
10:37:13;460;50,00;
10:37:16;457;50,00;
10:37:19;454;50,00;
10:37:22;458;50,00;
10:37:25;464;50,00;
10:37:28;459;50,00;
10:37:31;469;49,99;
10:37:34;466;49,98;
10:37:37;457;49,98;
10:37:40;471;49,98;
10:37:43;475;49,98;
10:37:46;470;49,98;
10:37:49;469;49,98;
10:37:52;480;49,98;
10:37:55;481;49,99;
10:37:58;486;50,00;
10:38:01;475;50,00;
10:38:04;492;50,01;
10:38:07;492;50,00;
10:38:10;495;50,00;
10:38:16;499;50,00;
10:38:19;496;50,00;
10:38:22;502;49,99;
10:38:25;495;49,99;
10:38:28;509;49,98;
10:38:34;506;49,98;
10:38:37;515;49,98;
10:38:40;507;49,98;
10:38:43;498;49,98;
10:38:46;514;49,98;
10:38:49;517;49,98;
10:38:52;519;49,98;
10:38:55;532;49,98;
10:38:58;527;49,98;
10:39:01;533;49,97;
10:39:04;537;49,97;
10:39:07;539;49,97;
10:39:10;541;49,97;
10:39:13;545;49,97;
10:39:16;547;49,97;
10:39:22;550;49,98;
10:39:28;555;49,98;
10:39:31;557;49,98;
10:39:34;561;49,98;
10:39:37;562;49,98;
10:39:40;554;49,98;
10:39:43;566;49,98;
10:39:46;556;49,97;
10:39:49;561;49,98;
10:39:52;565;49,98;
10:39:55;564;49,98;
10:39:58;560;49,97;
10:40:01;571;49,97;
10:40:04;580;49,96;
10:40:07;574;49,96;
10:40:10;575;49,96;
10:40:13;578;49,96;
10:40:16;582;49,96;
10:40:19;591;49,96;
10:40:22;597;49,96;
10:40:28;599;49,95;
10:40:31;597;49,96;
10:40:34;595;49,96;
10:40:37;602;49,96;
10:40:40;603;49,96;
10:40:43;612;49,96;
10:40:46;613;49,96;
10:40:49;613;49,97;
10:40:52;620;49,98;
10:40:55;622;49,98;
10:40:58;612;49,98;
10:41:01;625;49,98;
10:41:04;627;49,98;
10:41:07;631;49,98;
10:41:13;639;49,98;
10:41:16;641;49,99;
10:41:19;645;50,00;
10:41:22;647;50,00;
10:41:25;652;50,00;
10:41:28;654;50,00;
10:41:31;666;50,00;
10:41:34;660;50,00;
10:41:37;667;49,99;
10:41:40;668;49,99;
10:41:43;675;50,00;
10:41:46;678;49,99;
10:41:49;673;49,99;
10:41:52;686;49,99;
10:41:55;696;49,99;
10:41:58;693;49,99;
10:42:01;695;50,00;
10:42:04;700;50,00;
10:42:07;707;50,00;
10:42:10;709;50,00;
10:42:13;712;49,99;
10:42:19;699;49,98;
10:42:22;714;49,98;
10:42:25;719;49,98;
10:42:28;722;49,98;
10:42:31;726;49,98;
10:42:34;729;49,98;
10:42:37;744;49,98;
10:42:40;737;49,98;
10:42:43;758;49,99;
10:42:46;760;49,98;
10:42:49;764;49,99;
10:42:52;758;49,98;
10:42:55;759;49,99;
10:42:58;766;50,00;
10:43:01;778;50,00;
10:43:04;776;50,00;
10:43:07;777;50,00;
10:43:10;781;50,00;
10:43:13;788;50,00;
10:43:16;791;50,00;
10:43:19;795;50,00;
10:43:25;795;49,99;
10:43:28;799;49,99;
10:43:31;802;49,98;
10:43:34;812;49,98;
10:43:37;817;49,98;
10:43:40;822;49,98;
10:43:43;811;49,98;
10:43:46;821;49,98;
10:43:49;831;49,99;
10:43:52;834;49,99;
10:43:55;835;49,99;
10:43:58;838;49,99;
10:44:01;846;49,99;
10:44:04;847;50,00;
10:44:07;846;50,00;
10:44:10;848;50,00;
10:44:13;836;50,00;
10:44:16;844;50,00;
10:44:19;857;50,00;
10:44:22;848;49,99;
10:44:25;865;49,99;
10:44:31;854;49,98;
10:44:34;863;49,98;
10:44:37;865;49,98;
10:44:40;864;49,98;
10:44:43;857;49,98;
10:44:46;869;49,99;
10:44:52;875;49,99;
10:44:55;862;50,00;
10:44:58;872;50,00;
10:45:01;879;50,00;
10:45:04;872;50,00;
10:45:07;864;50,00;
10:45:10;873;50,00;
10:45:13;866;50,00;
10:45:16;865;50,00;
10:45:19;881;50,01;
10:45:22;871;50,01;
10:45:25;883;50,00;
10:45:28;875;50,00;
10:45:31;867;49,99;
10:45:37;859;49,98;
10:45:40;869;49,98;
10:45:43;867;49,98;
10:45:46;865;49,97;
10:45:49;873;49,98;
10:45:52;879;49,98;
10:45:55;877;49,98;
10:45:58;867;49,98;
10:46:01;870;49,98;
10:46:04;867;49,98;
10:46:07;872;49,98;
10:46:10;878;49,98;
10:46:13;869;49,99;
10:46:16;866;49,99;
10:46:22;876;49,99;
10:46:25;868;50,00;
10:46:28;865;49,99;
10:46:31;869;50,00;
10:46:34;878;49,99;
10:46:37;869;49,99;
10:46:40;867;49,99;
10:46:43;863;49,99;
10:46:46;867;49,99;
10:46:49;869;50,00;
10:46:52;864;49,99;
10:46:55;866;49,99;
10:47:01;864;49,99;
10:47:04;858;49,99;
10:47:07;863;49,98;
10:47:10;873;49,98;
10:47:13;861;49,98;
10:47:16;855;49,98;
10:47:19;859;49,98;
10:47:22;868;49,98;
10:47:28;851;49,97;
10:47:31;857;49,98;
10:47:34;866;49,97;
10:47:37;855;49,98;
10:47:40;849;49,98;
10:47:43;852;49,98;
10:47:46;851;49,98;
10:47:49;861;49,98;
10:47:52;842;49,98;
10:47:55;850;49,98;
10:47:58;859;49,98;
10:48:01;848;49,98;
10:48:04;840;49,99;
10:48:07;844;49,99;
10:48:13;841;49,99;
10:48:16;835;49,99;
10:48:19;842;50,00;
10:48:22;831;49,99;
10:48:25;839;49,99;
10:48:28;832;49,99;
10:48:34;834;50,00;
10:48:37;836;50,00;
10:48:40;826;50,00;
10:48:43;837;50,00;
10:48:46;844;50,00;
10:48:49;832;50,00;
10:48:52;835;50,00;
10:48:55;828;50,00;
10:48:58;840;50,00;
10:49:01;837;49,99;
10:49:04;828;49,99;
10:49:07;831;49,99;
10:49:10;833;49,99;
10:49:13;845;50,00;
10:49:16;833;50,00;
10:49:19;830;50,00;
10:49:22;834;49,99;
10:49:25;844;50,00;
10:49:28;834;49,99;
10:49:31;828;50,00;
10:49:34;834;50,00;
10:49:40;837;49,99;
10:49:43;828;49,99;
10:49:46;837;49,99;
10:49:49;848;49,99;
10:49:52;839;49,99;
10:49:55;832;49,99;
10:49:58;837;49,99;
10:50:04;850;50,00;
10:50:07;857;50,00;
10:50:10;850;50,00;
10:50:13;839;50,00;
10:50:16;849;49,99;
10:50:19;832;49,99;
10:50:25;840;50,00;
10:50:28;838;50,00;
10:50:31;832;49,99;
10:50:34;837;49,99;
10:50:37;843;49,99;
10:50:40;839;49,98;
10:50:43;838;49,98;
10:50:46;826;49,98;
10:50:49;835;49,97;
10:50:52;831;49,97;
10:50:55;830;49,98;
10:50:58;834;49,98;
10:51:01;837;49,98;
10:51:04;839;49,98;
10:51:07;836;49,99;
10:51:10;829;50,00;
10:51:13;835;50,00;
10:51:16;847;50,00;
10:51:19;835;50,00;
10:51:22;826;50,00;
10:51:25;835;49,99;
10:51:31;827;49,98;
10:51:37;832;49,98;
10:51:43;821;49,98;
10:51:46;833;49,98;
10:51:49;835;49,98;
10:51:52;836;49,98;
10:51:55;825;49,98;
10:51:58;833;49,98;
10:52:01;839;49,98;
10:52:04;838;49,99;
10:52:07;832;49,99;
10:52:10;833;49,99;
10:52:13;839;49,99;
10:52:16;850;50,00;
10:52:19;843;50,01;
10:52:22;837;50,01;
10:52:25;845;50,01;
10:52:28;856;50,01;
10:52:31;846;50,01;
10:52:37;842;50,01;
10:52:40;854;50,00;
10:52:43;844;50,00;
10:52:46;835;50,00;
10:52:49;839;50,00;
10:52:52;848;50,00;
10:52:55;841;50,00;
10:53:01;834;50,00;
10:53:04;844;50,00;
10:53:07;838;50,00;
10:53:10;830;50,01;
10:53:13;838;50,01;
10:53:16;844;50,01;
10:53:19;836;50,01;
10:53:22;826;50,01;
10:53:25;829;50,01;
10:53:28;837;50,01;
10:53:31;826;50,00;
10:53:34;817;50,00;
10:53:37;826;50,00;
10:53:43;822;50,00;
10:53:46;807;50,00;
10:53:49;816;50,00;
10:53:52;819;50,00;
10:53:55;809;50,00;
10:53:58;801;50,00;
10:54:01;807;50,00;
10:54:04;804;50,00;
10:54:07;798;50,00;
10:54:10;791;50,00;
10:54:16;788;50,00;
10:54:19;784;50,00;
10:54:25;774;50,00;
10:54:31;770;50,00;
10:54:34;781;50,00;
10:54:37;777;50,00;
10:54:40;774;50,00;
10:54:43;757;49,99;
10:54:46;767;49,99;
10:54:49;752;49,99;
10:54:52;744;50,00;
10:54:55;753;50,00;
10:54:58;747;50,00;
10:55:01;751;50,00;
10:55:04;738;50,01;
10:55:07;727;50,00;
10:55:10;733;50,00;
10:55:13;735;50,01;
10:55:16;723;50,01;
10:55:19;706;50,01;
10:55:22;699;50,00;
10:55:25;690;50,00;
10:55:28;693;50,01;
10:55:34;686;50,02;
10:55:37;695;50,02;
10:55:40;684;50,02;
10:55:43;668;50,01;
10:55:46;676;50,01;
10:55:49;681;50,01;
10:55:52;670;50,01;
10:55:55;668;50,01;
10:55:58;658;50,00;
10:56:01;667;50,00;
10:56:04;649;50,00;
10:56:07;639;50,00;
10:56:10;645;50,00;
10:56:13;647;50,00;
10:56:16;640;50,00;
10:56:19;643;50,00;
10:56:22;639;50,00;
10:56:25;624;50,00;
10:56:28;620;50,00;
10:56:31;604;50,00;
10:56:34;612;50,00;
10:56:40;615;50,00;
10:56:46;613;50,00;
10:56:49;595;50,00;
10:56:52;606;50,00;
10:56:55;606;50,01;
10:56:58;600;50,01;
10:57:01;600;50,00;
10:57:04;593;50,00;
10:57:07;594;50,00;
10:57:10;588;50,00;
10:57:13;580;50,00;
10:57:16;582;50,01;
10:57:19;581;50,01;
10:57:22;587;50,01;
10:57:25;576;50,01;
10:57:28;571;50,01;
10:57:34;568;50,00;
10:57:37;569;50,01;
10:57:40;566;50,00;
10:57:46;558;50,01;
10:57:49;566;50,00;
10:57:52;564;50,01;
10:57:58;560;50,01;
10:58:01;554;50,01;
10:58:04;537;50,01;
10:58:07;548;50,01;
10:58:10;546;50,01;
10:58:13;545;50,01;
10:58:16;534;50,00;
10:58:19;542;50,01;
10:58:22;541;50,00;
10:58:25;545;50,00;
10:58:28;539;50,00;
10:58:31;545;50,00;
10:58:34;538;49,99;
10:58:37;542;49,99;
10:58:40;542;49,98;
10:58:43;540;49,99;
10:58:46;537;49,98;
10:58:52;532;49,98;
10:58:55;537;49,98;
10:58:58;533;49,98;
10:59:01;535;49,98;
10:59:04;526;49,98;
10:59:07;532;49,98;
10:59:10;525;49,98;
10:59:13;517;49,98;
10:59:16;532;49,99;
10:59:19;504;49,99;
10:59:22;526;49,99;
10:59:25;524;49,99;
10:59:28;521;49,99;
10:59:31;524;49,99;
10:59:37;521;49,98;
10:59:43;519;49,98;
10:59:46;518;49,97;
10:59:49;514;49,97;
10:59:52;512;49,97;
10:59:55;507;49,97;
10:59:58;513;49,97;
11:00:01;514;49,97;
11:00:04;515;49,97;
11:00:07;513;49,97;
11:00:10;507;49,96;
11:00:13;506;49,96;
11:00:16;495;49,96;
11:00:19;488;49,96;
11:00:22;501;49,96;
11:00:25;498;49,96;
11:00:28;507;49,96;
11:00:31;506;49,95;
11:00:34;500;49,95;
11:00:37;501;49,94;
11:00:43;499;49,94;
11:00:46;502;49,94;
11:00:49;498;49,95;
11:00:52;500;49,95;
11:00:55;499;49,95;
11:00:58;498;49,95;
11:01:01;486;49,95;
11:01:04;496;49,95;
11:01:07;494;49,95;
11:01:10;487;49,95;
11:01:16;486;49,95;
11:01:19;481;49,95;
11:01:22;486;49,94;
11:01:25;475;49,94;
11:01:28;484;49,94;
11:01:31;481;49,94;
11:01:34;479;49,94;
11:01:37;476;49,94;
11:01:40;475;49,94;
11:01:43;473;49,94;
11:01:49;469;49,94;
11:01:52;468;49,94;
11:01:55;465;49,94;
11:01:58;466;49,94;
11:02:01;456;49,94;
11:02:04;462;49,94;
11:02:07;458;49,94;
11:02:10;462;49,94;
11:02:13;449;49,94;
11:02:16;458;49,95;
11:02:19;457;49,95;
11:02:22;454;49,95;
11:02:25;448;49,95;
11:02:28;452;49,95;
11:02:31;449;49,95;
11:02:34;448;49,96;
11:02:37;442;49,95;
11:02:40;446;49,95;
11:02:46;443;49,95;
11:02:49;438;49,95;
11:02:55;440;49,96;
11:02:58;438;49,96;
11:03:01;426;49,96;
11:03:04;432;49,96;
11:03:07;434;49,96;
11:03:10;436;49,97;
11:03:13;429;49,97;
11:03:16;428;49,97;
11:03:19;432;49,98;
11:03:22;428;49,98;
11:03:25;419;49,96;
11:03:28;426;49,96;
11:03:31;421;49,96;
11:03:34;427;49,96;
11:03:37;420;49,96;
11:03:40;424;49,96;
11:03:43;417;49,96;
11:03:46;421;49,96;
11:03:49;420;49,96;
11:03:52;416;49,96;
11:03:55;421;49,96;
11:03:58;415;49,96;
11:04:01;420;49,96;
11:04:04;410;49,96;
11:04:07;418;49,97;
11:04:10;420;49,97;
11:04:13;417;49,97;
11:04:16;409;49,97;
11:04:19;416;49,97;
11:04:22;414;49,97;
11:04:25;414;49,96;
11:04:28;410;49,96;
11:04:31;413;49,96;
11:04:34;414;49,96;
11:04:37;415;49,96;
11:04:40;408;49,96;
11:04:49;407;49,96;
11:04:52;410;49,96;
11:04:55;407;49,96;
11:04:58;406;49,96;
11:05:01;393;49,96;
11:05:04;400;49,96;
11:05:07;403;49,96;
11:05:10;407;49,96;
11:05:13;406;49,96;
11:05:16;406;49,95;
11:05:19;404;49,96;
11:05:22;406;49,96;
11:05:25;401;49,96;
11:05:28;406;49,96;
11:05:31;404;49,96;
11:05:34;406;49,96;
11:05:37;405;49,96;
11:05:40;401;49,96;
11:05:43;402;49,96;
11:05:46;404;49,96;
11:05:52;400;49,96;
11:05:55;403;49,96;
11:05:58;404;49,96;
11:06:01;402;49,96;
11:06:04;400;49,97;
11:06:07;404;49,97;
11:06:10;403;49,97;
11:06:13;402;49,97;
11:06:16;404;49,98;
11:06:19;403;49,97;
11:06:25;405;49,97;
11:06:28;406;49,97;
11:06:31;400;49,97;
11:06:34;408;49,96;
11:06:37;403;49,96;
11:06:40;395;49,96;
11:06:43;406;49,96;
11:06:46;404;49,96;
11:06:49;408;49,96;
11:06:52;403;49,97;
11:06:58;409;49,97;
11:07:01;404;49,98;
11:07:04;406;49,97;
11:07:07;412;49,97;
11:07:10;413;49,98;
11:07:13;407;49,97;
11:07:16;413;49,97;
11:07:19;407;49,98;
11:07:22;412;49,98;
11:07:25;421;49,97;
11:07:28;418;49,97;
11:07:31;415;49,97;
11:07:34;420;49,96;
11:07:37;419;49,96;
11:07:40;421;49,96;
11:07:43;419;49,97;
11:07:46;423;49,96;
11:07:49;425;49,96;
11:07:52;424;49,96;
11:07:55;423;49,97;
11:07:58;427;49,97;
11:08:04;428;49,97;
11:08:07;424;49,97;
11:08:10;428;49,97;
11:08:13;429;49,97;
11:08:19;431;49,97;
11:08:22;429;49,97;
11:08:25;434;49,97;
11:08:28;432;49,96;
11:08:34;435;49,96;
11:08:37;437;49,96;
11:08:40;430;49,96;
11:08:43;432;49,96;
11:08:49;433;49,96;
11:08:58;437;49,97;
11:09:01;434;49,97;
11:09:04;439;49,97;
11:09:07;440;49,97;
11:09:10;438;49,97;
11:09:13;436;49,97;
11:09:16;442;49,97;
11:09:19;434;49,97;
11:09:22;437;49,96;
11:09:25;443;49,96;
11:09:28;438;49,96;
11:09:31;444;49,96;
11:09:34;440;49,96;
11:09:37;445;49,98;
11:09:40;444;49,97;
11:09:43;445;49,98;
11:09:46;435;49,98;
11:09:49;447;49,97;
11:09:55;446;49,97;
11:09:58;444;49,97;
11:10:01;447;49,97;
11:10:04;449;49,97;
11:10:10;438;49,97;
11:10:13;448;49,97;
11:10:16;450;49,97;
11:10:19;448;49,97;
11:10:22;443;49,97;
11:10:25;447;49,98;
11:10:28;446;49,98;
11:10:31;450;49,98;
11:10:34;453;49,98;
11:10:40;447;49,98;
11:10:43;457;49,98;
11:10:46;455;49,98;
11:10:49;460;49,98;
11:10:52;465;49,98;
11:10:55;467;49,97;
11:11:01;473;49,97;
11:11:04;470;49,97;
11:11:07;480;49,97;
11:11:10;471;49,97;
11:11:13;486;49,97;
11:11:16;485;49,97;
11:11:19;490;49,98;
11:11:22;494;49,97;
11:11:25;504;49,97;
11:11:28;506;49,97;
11:11:31;515;49,98;
11:11:34;507;49,98;
11:11:37;527;49,98;
11:11:40;526;49,98;
11:11:43;536;49,98;
11:11:46;534;49,98;
11:11:49;550;49,98;
11:11:52;544;49,98;
11:11:55;560;49,98;
11:11:58;557;49,98;
11:12:01;575;49,99;
11:12:07;580;49,99;
11:12:10;581;49,99;
11:12:13;598;49,99;
11:12:16;601;49,99;
11:12:19;611;49,98;
11:12:22;609;49,98;
11:12:25;611;49,98;
11:12:28;614;49,98;
11:12:31;624;49,98;
11:12:34;627;49,98;
11:12:37;635;49,98;
11:12:40;638;49,98;
11:12:43;643;49,98;
11:12:46;647;49,98;
11:12:49;654;49,98;
11:12:52;653;49,98;
11:12:55;642;49,99;
11:12:58;657;49,99;
11:13:01;668;49,99;
11:13:04;662;50,00;
11:13:07;654;50,00;
11:13:10;666;49,99;
11:13:13;657;49,99;
11:13:16;660;49,99;
11:13:19;668;49,99;
11:13:22;666;49,99;
11:13:25;657;49,98;
11:13:28;667;49,98;
11:13:31;675;49,98;
11:13:34;666;49,97;
11:13:37;682;49,97;
11:13:40;679;49,97;
11:13:43;664;49,97;
11:13:46;676;49,98;
11:13:49;682;49,98;
11:13:52;677;49,98;
11:13:58;664;49,98;
11:14:01;653;49,99;
11:14:04;661;49,99;
11:14:07;651;49,99;
11:14:10;670;49,99;
11:14:13;676;49,99;
11:14:16;667;49,99;
11:14:19;668;49,99;
11:14:22;657;49,98;
11:14:25;645;49,98;
11:14:28;651;49,97;
11:14:31;649;49,97;
11:14:34;646;49,97;
11:14:40;635;49,97;
11:14:43;642;49,97;
11:14:46;640;49,97;
11:14:49;651;49,97;
11:14:52;650;49,98;
11:14:55;649;49,98;
11:14:58;644;49,98;
11:15:04;643;49,97;
11:15:07;641;49,98;
11:15:10;640;49,98;
11:15:13;642;49,98;
11:15:16;639;49,98;
11:15:19;636;49,98;
11:15:22;623;49,98;
11:15:25;622;49,98;
11:15:28;622;49,97;
11:15:31;627;49,97;
11:15:34;628;49,97;
11:15:37;636;49,97;
11:15:40;635;49,97;
11:15:43;638;49,97;
11:15:46;624;49,97;
11:15:49;638;49,98;
11:15:55;637;49,98;
11:15:58;639;49,98;
11:16:01;640;49,98;
11:16:04;642;49,99;
11:16:10;644;49,98;
11:16:13;630;49,99;
11:16:16;630;49,98;
11:16:19;632;49,98;
11:16:22;636;49,98;
11:16:25;648;49,98;
11:16:28;655;49,98;
11:16:31;646;49,97;
11:16:34;645;49,96;
11:16:37;644;49,96;
11:16:40;646;49,96;
11:16:43;643;49,96;
11:16:46;644;49,96;
11:16:49;643;49,96;
11:16:52;646;49,96;
11:16:55;642;49,98;
11:16:58;637;49,98;
11:17:01;638;49,98;
11:17:04;637;49,98;
11:17:07;638;49,99;
11:17:10;629;49,99;
11:17:16;628;50,00;
11:17:19;634;50,00;
11:17:22;620;50,00;
11:17:25;625;50,00;
11:17:28;631;49,99;
11:17:31;622;49,98;
11:17:34;615;49,98;
11:17:37;610;49,98;
11:17:40;618;49,97;
11:17:43;615;49,97;
11:17:46;614;49,97;
11:17:49;611;49,98;
11:17:52;609;49,98;
11:17:55;606;49,98;
11:18:01;610;49,98;
11:18:04;608;49,98;
11:18:07;603;49,98;
11:18:10;595;49,98;
11:18:13;591;49,98;
11:18:16;592;49,98;
11:18:19;595;49,98;
11:18:22;588;49,98;
11:18:25;584;49,98;
11:18:28;582;49,98;
11:18:31;579;49,97;
11:18:34;583;49,97;
11:18:37;580;49,97;
11:18:40;579;49,98;
11:18:43;569;49,98;
11:18:46;564;49,98;
11:18:49;560;49,99;
11:18:52;558;49,99;
11:18:55;555;49,99;
11:18:58;553;49,99;
11:19:01;546;50,00;
11:19:07;544;50,00;
11:19:10;546;50,00;
11:19:13;542;50,00;
11:19:16;544;50,00;
11:19:19;536;49,99;
11:19:22;538;49,99;
11:19:25;537;49,99;
11:19:28;529;50,00;
11:19:31;524;49,99;
11:19:37;509;49,99;
11:19:40;518;49,99;
11:19:43;523;49,99;
11:19:46;515;49,99;
11:19:52;513;49,99;
11:19:55;517;49,99;
11:19:58;509;50,00;
11:20:01;510;50,00;
11:20:04;514;50,00;
11:20:07;509;50,00;
11:20:13;510;50,00;
11:20:16;515;50,00;
11:20:19;509;50,00;
11:20:22;513;49,99;
11:20:25;508;49,99;
11:20:28;512;49,98;
11:20:31;507;49,98;
11:20:34;501;49,98;
11:20:37;509;49,98;
11:20:40;500;49,97;
11:20:43;503;49,97;
11:20:46;511;49,97;
11:20:49;509;49,97;
11:20:52;514;49,98;
11:21:01;513;49,99;
11:21:04;515;49,99;
11:21:07;505;49,99;
11:21:10;516;49,98;
11:21:13;515;49,98;
11:21:19;512;49,98;
11:21:22;518;49,98;
11:21:25;514;49,98;
11:21:28;513;49,98;
11:21:31;510;49,98;
11:21:34;521;49,98;
11:21:37;513;49,98;
11:21:40;497;49,98;
11:21:43;522;49,98;
11:21:46;516;49,98;
11:21:49;521;49,98;
11:21:52;525;49,98;
11:21:55;526;49,98;
11:22:07;527;49,98;
11:22:10;526;49,98;
11:22:13;529;49,98;
11:22:16;524;49,98;
11:22:19;528;49,98;
11:22:22;514;49,98;
11:22:25;524;49,98;
11:22:28;525;49,98;
11:22:31;530;49,98;
11:22:34;524;49,98;
11:22:37;530;49,98;
11:22:40;527;49,97;
11:22:43;533;49,97;
11:22:49;535;49,97;
11:22:52;533;49,97;
11:22:55;536;49,98;
11:22:58;526;49,98;
11:23:01;537;49,98;
11:23:04;538;49,98;
11:23:10;530;50,00;
11:23:13;540;50,00;
11:23:16;520;50,00;
11:23:19;532;50,00;
11:23:22;542;49,99;
11:23:25;534;49,99;
11:23:28;546;49,99;
11:23:31;548;49,99;
11:23:34;542;49,98;
11:23:37;538;49,98;
11:23:40;545;49,97;
11:23:43;552;49,97;
11:23:46;542;49,98;
11:23:49;552;49,97;
11:23:52;556;49,98;
11:23:55;558;49,97;
11:23:58;544;49,97;
11:24:01;553;49,97;
11:24:04;551;49,98;
11:24:07;558;49,98;
11:24:10;552;49,98;
11:24:16;559;49,98;
11:24:19;560;49,98;
11:24:22;553;49,97;
11:24:25;560;49,97;
11:24:28;567;49,96;
11:24:31;562;49,96;
11:24:34;569;49,96;
11:24:37;561;49,96;
11:24:40;555;49,96;
11:24:43;549;49,96;
11:24:46;570;49,97;
11:24:49;562;49,97;
11:24:52;569;49,97;
11:24:55;574;49,98;
11:25:01;572;49,98;
11:25:04;552;49,98;
11:25:07;562;49,98;
11:25:10;573;49,98;
11:25:13;570;49,98;
11:25:16;577;49,98;
11:25:22;571;49,98;
11:25:25;579;49,98;
11:25:28;563;49,99;
11:25:31;572;49,99;
11:25:34;584;50,00;
11:25:37;579;50,00;
11:25:40;580;50,00;
11:25:43;587;49,99;
11:25:46;586;49,99;
11:25:49;578;49,99;
11:25:52;579;49,99;
11:25:55;563;49,99;
11:25:58;578;49,99;
11:26:01;588;49,99;
11:26:04;579;49,99;
11:26:07;566;50,00;
11:26:10;581;50,00;
11:26:13;589;50,00;
11:26:16;591;50,00;
11:26:19;589;49,99;
11:26:22;589;49,98;
11:26:28;581;49,98;
11:26:31;565;49,98;
11:26:34;572;49,97;
11:26:37;588;49,96;
11:26:40;581;49,96;
11:26:43;569;49,96;
11:26:46;580;49,96;
11:26:49;582;49,96;
11:26:52;581;49,97;
11:26:55;565;49,97;
11:26:58;576;49,98;
11:27:01;583;49,98;
11:27:04;579;49,98;
11:27:16;586;49,98;
11:27:19;563;49,98;
11:27:22;574;49,98;
11:27:25;586;49,98;
11:27:28;577;49,98;
11:27:31;585;49,97;
11:27:34;589;49,97;
11:27:37;584;49,97;
11:27:40;587;49,97;
11:27:43;580;49,97;
11:27:46;575;49,97;
11:27:49;586;49,98;
11:27:52;597;49,98;
11:27:55;587;49,98;
11:27:58;576;49,98;
11:28:01;591;49,98;
11:28:04;601;49,98;
11:28:07;604;49,98;
11:28:10;603;49,98;
11:28:13;608;49,97;
11:28:19;602;49,97;
11:28:22;587;49,98;
11:28:25;604;49,97;
11:28:28;612;49,98;
11:28:31;617;49,98;
11:28:37;624;49,98;
11:28:40;620;49,98;
11:28:43;621;49,98;
11:28:46;607;49,98;
11:28:49;626;49,99;
11:28:52;634;49,99;
11:28:55;631;50,00;
11:28:58;619;50,00;
11:29:01;633;50,00;
11:29:04;642;50,00;
11:29:10;632;50,00;
11:29:13;647;50,00;
11:29:16;653;50,00;
11:29:19;650;49,99;
11:29:25;646;50,00;
11:29:28;637;49,99;
11:29:31;657;50,00;
11:29:34;672;50,00;
11:29:37;678;49,99;
11:29:40;686;50,00;
11:29:43;684;50,00;
11:29:46;686;50,00;
11:29:49;680;50,00;
11:29:52;671;50,00;
11:29:55;686;50,00;
11:29:58;692;50,00;
11:30:01;698;49,99;
11:30:04;711;49,99;
11:30:07;709;49,98;
11:30:10;700;49,98;
11:30:13;704;49,97;
11:30:16;699;49,97;
11:30:19;709;49,97;
11:30:22;716;49,97;
11:30:25;724;49,97;
11:30:31;736;49,97;
11:30:34;725;49,97;
11:30:37;732;49,96;
11:30:40;723;49,97;
11:30:43;737;49,97;
11:30:46;743;49,97;
11:30:49;747;49,97;
11:30:52;746;49,97;
11:30:55;753;49,97;
11:30:58;756;49,97;
11:31:01;766;49,97;
11:31:04;762;49,97;
11:31:07;755;49,98;
11:31:10;763;49,98;
11:31:16;772;49,97;
11:31:19;771;49,98;
11:31:22;774;49,97;
11:31:25;768;49,97;
11:31:28;779;49,97;
11:31:31;786;49,97;
11:31:34;783;49,97;
11:31:37;791;49,97;
11:31:40;801;49,97;
11:31:43;797;49,96;
11:31:46;809;49,96;
11:31:49;819;49,96;
11:31:52;817;49,97;
11:31:55;811;49,97;
11:31:58;819;49,97;
11:32:01;823;49,97;
11:32:04;828;49,97;
11:32:07;826;49,98;
11:32:10;835;49,98;
11:32:13;842;49,98;
11:32:16;839;49,98;
11:32:22;847;49,98;
11:32:25;846;49,98;
11:32:28;854;49,98;
11:32:31;847;49,98;
11:32:34;849;49,98;
11:32:37;847;49,98;
11:32:40;861;49,97;
11:32:43;859;49,97;
11:32:46;865;49,96;
11:32:49;877;49,97;
11:32:52;876;49,97;
11:32:55;877;49,98;
11:32:58;878;49,98;
11:33:01;872;49,98;
11:33:04;869;49,98;
11:33:07;875;49,97;
11:33:10;877;49,97;
11:33:13;876;49,97;
11:33:16;880;49,98;
11:33:19;879;49,97;
11:33:22;878;49,97;
11:33:28;879;49,97;
11:33:31;878;49,97;
11:33:34;879;49,96;
11:33:40;877;49,96;
11:33:46;883;49,96;
11:33:49;876;49,96;
11:33:52;874;49,96;
11:33:55;872;49,96;
11:33:58;873;49,96;
11:34:01;872;49,96;
11:34:04;866;49,96;
11:34:07;867;49,96;
11:34:10;868;49,96;
11:34:13;861;49,96;
11:34:19;857;49,95;
11:34:22;853;49,96;
11:34:25;856;49,96;
11:34:28;851;49,96;
11:34:34;844;49,97;
11:34:37;840;49,98;
11:34:40;837;49,98;
11:34:43;836;49,98;
11:34:46;833;49,98;
11:34:49;839;49,98;
11:34:52;843;49,98;
11:34:55;839;49,98;
11:34:58;835;49,98;
11:35:01;826;49,98;
11:35:04;825;49,98;
11:35:13;829;49,98;
11:35:16;837;49,98;
11:35:19;833;49,97;
11:35:22;829;49,97;
11:35:25;826;49,97;
11:35:28;833;49,97;
11:35:31;830;49,97;
11:35:34;820;49,97;
11:35:37;833;49,96;
11:35:40;821;49,96;
11:35:43;822;49,96;
11:35:46;826;49,96;
11:35:49;821;49,96;
11:35:52;814;49,96;
11:35:55;817;49,96;
11:35:58;816;49,96;
11:36:01;821;49,96;
11:36:04;818;49,97;
11:36:07;815;49,97;
11:36:13;812;49,97;
11:36:16;809;49,97;
11:36:19;804;49,97;
11:36:25;798;49,97;
11:36:28;799;49,97;
11:36:31;796;49,96;
11:36:34;794;49,96;
11:36:37;788;49,96;
11:36:40;787;49,96;
11:36:43;793;49,96;
11:36:46;784;49,96;
11:36:49;775;49,97;
11:36:55;774;49,97;
11:36:58;772;49,97;
11:37:01;772;49,98;
11:37:04;768;49,98;
11:37:07;775;49,98;
11:37:10;764;49,98;
11:37:19;761;49,97;
11:37:25;758;49,97;
11:37:31;751;49,96;
11:37:34;755;49,96;
11:37:37;760;49,96;
11:37:40;756;49,96;
11:37:43;755;49,96;
11:37:46;756;49,96;
11:37:49;747;49,96;
11:37:52;757;49,96;
11:37:55;759;49,96;
11:37:58;757;49,96;
11:38:01;750;49,96;
11:38:04;754;49,96;
11:38:07;761;49,96;
11:38:10;752;49,96;
11:38:13;753;49,96;
11:38:16;752;49,96;
11:38:19;764;49,95;
11:38:22;754;49,96;
11:38:25;750;49,95;
11:38:28;754;49,95;
11:38:31;763;49,95;
11:38:37;750;49,95;
11:38:40;752;49,96;
11:38:43;761;49,96;
11:38:46;752;49,96;
11:38:49;745;49,97;
11:38:52;750;49,97;
11:38:55;751;49,97;
11:38:58;760;49,97;
11:39:01;741;49,97;
11:39:04;748;49,97;
11:39:07;752;49,97;
11:39:10;748;49,96;
11:39:13;739;49,96;
11:39:16;742;49,96;
11:39:19;743;49,96;
11:39:22;740;49,96;
11:39:25;756;49,96;
11:39:28;749;49,96;
11:39:31;733;49,95;
11:39:34;743;49,95;
11:39:37;725;49,95;
11:39:43;740;49,96;
11:39:46;728;49,96;
11:39:49;722;49,96;
11:39:52;729;49,97;
11:39:55;732;49,96;
11:39:58;722;49,96;
11:40:04;718;49,96;
11:40:07;720;49,96;
11:40:10;718;49,96;
11:40:16;715;49,96;
11:40:19;710;49,95;
11:40:22;709;49,96;
11:40:28;706;49,96;
11:40:31;705;49,95;
11:40:34;703;49,96;
11:40:37;705;49,96;
11:40:40;711;49,96;
11:40:43;712;49,96;
11:40:46;701;49,96;
11:40:49;703;49,95;
11:40:52;696;49,96;
11:40:58;700;49,96;
11:41:01;699;49,96;
11:41:04;713;49,96;
11:41:07;705;49,96;
11:41:13;704;49,96;
11:41:16;687;49,96;
11:41:19;690;49,95;
11:41:22;692;49,96;
11:41:25;688;49,96;
11:41:28;682;49,96;
11:41:34;694;49,96;
11:41:37;683;49,96;
11:41:40;676;49,95;
11:41:43;678;49,95;
11:41:46;691;49,95;
11:41:49;677;49,95;
11:41:52;677;49,96;
11:41:55;673;49,96;
11:41:58;680;49,97;
11:42:01;670;49,97;
11:42:04;662;49,97;
11:42:07;666;49,97;
11:42:10;672;49,98;
11:42:13;667;49,98;
11:42:16;666;49,98;
11:42:19;664;49,98;
11:42:22;665;49,97;
11:42:25;662;49,97;
11:42:28;675;49,96;
11:42:31;670;49,96;
11:42:34;649;49,96;
11:42:40;639;49,97;
11:42:43;649;49,97;
11:42:46;649;49,96;
11:42:49;643;49,96;
11:42:52;654;49,96;
11:42:55;652;49,96;
11:42:58;646;49,96;
11:43:01;640;49,97;
11:43:04;639;49,97;
11:43:07;648;49,98;
11:43:10;637;49,98;
11:43:13;622;49,98;
11:43:16;634;49,98;
11:43:19;637;49,98;
11:43:22;627;49,98;
11:43:25;612;49,98;
11:43:28;623;49,98;
11:43:31;631;49,97;
11:43:34;621;49,96;
11:43:37;605;49,96;
11:43:40;621;49,96;
11:43:46;617;49,96;
11:43:49;601;49,96;
11:43:52;616;49,96;
11:43:55;622;49,96;
11:43:58;613;49,96;
11:44:01;597;49,96;
11:44:04;604;49,96;
11:44:07;608;49,96;
11:44:10;607;49,96;
11:44:13;594;49,96;
11:44:16;603;49,97;
11:44:19;610;49,97;
11:44:22;600;49,97;
11:44:25;585;49,96;
11:44:28;594;49,96;
11:44:31;604;49,96;
11:44:34;596;49,96;
11:44:37;575;49,96;
11:44:40;588;49,96;
11:44:43;593;49,96;
11:44:46;582;49,96;
11:44:49;584;49,96;
11:44:52;566;49,96;
11:44:55;557;49,95;
11:44:58;558;49,95;
11:45:01;564;49,95;
11:45:04;550;49,96;
11:45:07;569;49,96;
11:45:10;559;49,97;
11:45:13;567;49,97;
11:45:16;560;49,97;
11:45:19;540;49,98;
11:45:22;547;49,98;
11:45:25;541;49,98;
11:45:28;540;49,99;
11:45:31;516;49,98;
11:45:37;493;49,98;
11:45:40;506;49,98;
11:45:43;507;49,98;
11:45:46;496;49,98;
11:45:49;504;49,97;
11:45:52;495;49,97;
11:45:55;494;49,97;
11:45:58;481;49,97;
11:46:01;480;49,98;
11:46:04;478;49,98;
11:46:07;472;49,97;
11:46:10;454;49,97;
11:46:13;464;49,96;
11:46:16;467;49,96;
11:46:19;461;49,96;
11:46:22;458;49,96;
11:46:25;462;49,96;
11:46:28;449;49,96;
11:46:31;453;49,96;
11:46:34;440;49,96;
11:46:37;452;49,96;
11:46:43;456;49,96;
11:46:46;445;49,96;
11:46:49;455;49,96;
11:46:52;449;49,96;
11:46:55;452;49,96;
11:46:58;439;49,97;
11:47:01;450;49,97;
11:47:04;452;49,97;
11:47:07;457;49,97;
11:47:10;449;49,98;
11:47:13;460;49,97;
11:47:16;450;49,97;
11:47:19;458;49,96;
11:47:22;449;49,96;
11:47:25;460;49,95;
11:47:28;455;49,96;
11:47:31;462;49,96;
11:47:34;454;49,96;
11:47:37;465;49,96;
11:47:40;456;49,96;
11:47:43;465;49,96;
11:47:49;468;49,96;
11:47:52;457;49,96;
11:47:55;469;49,96;
11:47:58;470;49,96;
11:48:01;473;49,97;
11:48:04;468;49,97;
11:48:07;470;49,97;
11:48:10;473;49,98;
11:48:13;475;49,98;
11:48:16;476;49,98;
11:48:22;479;49,97;
11:48:28;480;49,97;
11:48:31;472;49,97;
11:48:34;484;49,97;
11:48:40;486;49,97;
11:48:43;488;49,96;
11:48:46;481;49,96;
11:48:49;480;49,96;
11:48:55;487;49,96;
11:48:58;495;49,96;
11:49:01;498;49,96;
11:49:04;499;49,96;
11:49:07;495;49,96;
11:49:10;503;49,96;
11:49:13;493;49,96;
11:49:16;507;49,96;
11:49:19;502;49,96;
11:49:22;515;49,96;
11:49:25;503;49,96;
11:49:28;519;49,96;
11:49:31;512;49,96;
11:49:34;523;49,96;
11:49:40;529;49,96;
11:49:43;520;49,96;
11:49:46;523;49,96;
11:49:49;513;49,96;
11:49:52;534;49,96;
11:49:55;538;49,97;
11:49:58;536;49,97;
11:50:01;537;49,97;
11:50:04;545;49,98;
11:50:07;549;49,98;
11:50:10;550;49,97;
11:50:13;537;49,97;
11:50:16;558;49,96;
11:50:19;561;49,96;
11:50:22;559;49,96;
11:50:25;552;49,95;
11:50:28;567;49,95;
11:50:31;571;49,95;
11:50:34;570;49,95;
11:50:37;558;49,96;
11:50:40;564;49,96;
11:50:46;568;49,96;
11:50:49;580;49,96;
11:50:52;573;49,96;
11:50:55;564;49,97;
11:50:58;577;49,97;
11:51:01;583;49,97;
11:51:04;582;49,97;
11:51:07;580;49,97;
11:51:10;583;49,96;
11:51:16;586;49,96;
11:51:19;600;49,96;
11:51:22;599;49,96;
11:51:25;598;49,96;
11:51:28;588;49,96;
11:51:31;591;49,97;
11:51:34;589;49,97;
11:51:37;592;49,98;
11:51:40;594;49,98;
11:51:43;593;49,98;
11:51:46;594;49,98;
11:51:52;597;49,98;
11:51:58;598;49,98;
11:52:01;602;49,98;
11:52:04;598;49,97;
11:52:07;600;49,98;
11:52:10;588;49,98;
11:52:13;601;49,98;
11:52:16;606;49,99;
11:52:19;607;49,99;
11:52:22;608;49,99;
11:52:25;610;50,00;
11:52:28;611;50,00;
11:52:31;615;50,00;
11:52:34;600;50,00;
11:52:37;613;50,00;
11:52:40;615;49,99;
11:52:43;620;49,99;
11:52:46;618;49,99;
11:52:49;623;49,99;
11:52:52;624;49,99;
11:52:58;622;50,00;
11:53:01;632;50,00;
11:53:04;635;50,00;
11:53:10;626;49,99;
11:53:13;637;49,99;
11:53:16;639;49,99;
11:53:19;648;49,99;
11:53:22;628;50,00;
11:53:25;641;50,00;
11:53:28;623;50,00;
11:53:31;630;50,00;
11:53:34;638;50,00;
11:53:37;628;50,00;
11:53:43;640;49,99;
11:53:46;638;49,99;
11:53:49;636;49,99;
11:53:52;638;49,99;
11:53:55;637;49,99;
11:53:58;635;49,99;
11:54:01;623;49,99;
11:54:04;633;49,99;
11:54:07;634;49,98;
11:54:10;633;49,98;
11:54:13;630;49,98;
11:54:16;617;49,98;
11:54:19;615;49,98;
11:54:22;618;49,98;
11:54:25;626;49,98;
11:54:28;624;49,98;
11:54:31;623;49,98;
11:54:34;624;49,98;
11:54:37;619;49,98;
11:54:40;613;49,98;
11:54:43;609;49,98;
11:54:52;622;49,99;
11:54:55;619;49,99;
11:54:58;618;49,99;
11:55:01;617;50,00;
11:55:04;618;49,99;
11:55:07;623;49,99;
11:55:10;613;49,99;
11:55:13;613;49,98;
11:55:16;614;49,98;
11:55:19;611;49,98;
11:55:22;622;49,98;
11:55:25;619;49,97;
11:55:28;622;49,97;
11:55:31;608;49,97;
11:55:34;609;49,97;
11:55:37;604;49,97;
11:55:40;605;49,97;
11:55:43;604;49,97;
11:55:46;611;49,97;
11:55:49;608;49,97;
11:55:55;602;49,97;
11:55:58;594;49,97;
11:56:01;585;49,97;
11:56:04;589;49,98;
11:56:07;591;49,98;
11:56:10;588;49,98;
11:56:13;590;49,98;
11:56:16;592;49,98;
11:56:19;573;49,97;
11:56:22;584;49,97;
11:56:25;556;49,97;
11:56:28;566;49,97;
11:56:31;573;49,98;
11:56:34;559;49,98;
11:56:37;555;49,98;
11:56:40;550;49,98;
11:56:43;557;49,98;
11:56:46;542;49,98;
11:56:49;548;49,98;
11:56:52;544;49,98;
11:56:55;522;49,98;
11:57:01;530;49,98;
11:57:04;521;49,98;
11:57:07;502;49,98;
11:57:10;512;49,98;
11:57:13;508;49,98;
11:57:16;497;49,98;
11:57:19;495;49,98;
11:57:22;480;49,98;
11:57:25;481;49,97;
11:57:28;476;49,97;
11:57:31;461;49,97;
11:57:34;469;49,97;
11:57:37;454;49,97;
11:57:40;451;49,97;
11:57:43;446;49,97;
11:57:46;434;49,97;
11:57:49;435;49,98;
11:57:52;420;49,98;
11:57:58;409;49,99;
11:58:01;402;49,98;
11:58:07;403;49,98;
11:58:10;384;49,99;
11:58:13;388;49,98;
11:58:16;372;49,98;
11:58:19;376;49,98;
11:58:22;362;49,98;
11:58:25;363;49,98;
11:58:28;356;49,98;
11:58:31;349;49,98;
11:58:34;343;49,97;
11:58:37;338;49,97;
11:58:40;329;49,97;
11:58:43;326;49,97;
11:58:46;321;49,98;
11:58:52;312;49,98;
11:58:55;307;49,98;
11:58:58;304;49,98;
11:59:01;301;49,98;
11:59:04;278;49,98;
11:59:07;291;49,98;
11:59:10;288;49,98;
11:59:13;290;49,98;
11:59:16;265;49,99;
11:59:19;275;49,99;
11:59:22;276;49,99;
11:59:25;275;49,99;
11:59:28;269;49,99;
11:59:31;269;49,98;
11:59:34;267;49,98;
11:59:37;263;49,98;
11:59:40;262;49,98;
11:59:46;259;49,99;
11:59:49;255;49,98;
11:59:52;258;49,98;
11:59:58;254;49,98;
12:00:01;253;49,98;
12:00:04;250;49,98;
12:00:07;251;49,98;
12:00:10;250;50,00;
12:00:13;254;50,00;
12:00:16;251;50,00;
12:00:19;247;50,00;
12:00:22;245;50,00;
12:00:25;246;50,00;
12:00:28;247;49,99;
12:00:31;246;49,99;
12:00:34;248;49,99;
12:00:37;247;49,98;
12:00:40;245;49,99;
12:00:43;244;49,98;
12:00:46;241;49,98;
12:00:49;244;49,98;
12:00:52;248;49,98;
12:00:55;238;49,98;
12:00:58;248;49,98;
12:01:04;240;49,98;
12:01:07;245;49,98;
12:01:10;249;49,98;
12:01:13;242;49,98;
12:01:16;239;49,97;
12:01:19;246;49,97;
12:01:22;245;49,96;
12:01:25;247;49,96;
12:01:28;246;49,96;
12:01:31;248;49,96;
12:01:34;245;49,96;
12:01:37;243;49,96;
12:01:40;248;49,96;
12:01:43;249;49,95;
12:01:46;248;49,95;
12:01:49;250;49,96;
12:01:52;251;49,96;
12:01:58;253;49,95;
12:02:01;251;49,95;
12:02:04;253;49,95;
12:02:10;252;49,95;
12:02:13;254;49,95;
12:02:16;255;49,95;
12:02:19;252;49,95;
12:02:22;254;49,95;
12:02:25;257;49,95;
12:02:31;256;49,95;
12:02:37;253;49,95;
12:02:40;256;49,95;
12:02:43;255;49,95;
12:02:46;256;49,95;
12:02:49;262;49,95;
12:02:55;257;49,95;
12:02:58;264;49,95;
12:03:01;254;49,96;
12:03:04;261;49,96;
12:03:07;263;49,96;
12:03:10;259;49,97;
12:03:13;262;49,96;
12:03:16;256;49,96;
12:03:22;258;49,96;
12:03:25;259;49,96;
12:03:28;265;49,97;
12:03:31;263;49,97;
12:03:34;264;49,96;
12:03:37;263;49,96;
12:03:40;262;49,96;
12:03:43;264;49,96;
12:03:52;266;49,96;
12:03:55;265;49,96;
12:04:01;264;49,96;
12:04:07;265;49,96;
12:04:10;264;49,96;
12:04:13;263;49,96;
12:04:16;262;49,96;
12:04:19;263;49,96;
12:04:22;264;49,96;
12:04:25;265;49,96;
12:04:28;263;49,95;
12:04:31;264;49,95;
12:04:37;263;49,96;
12:04:43;265;49,96;
12:04:46;264;49,96;
12:04:52;263;49,96;
12:04:55;265;49,96;
12:04:58;266;49,96;
12:05:01;265;49,96;
12:05:07;263;49,96;
12:05:10;264;49,96;
12:05:13;267;49,96;
12:05:22;269;49,96;
12:05:25;268;49,96;
12:05:28;269;49,95;
12:05:31;269;49,96;
12:05:43;271;49,96;
12:05:46;272;49,96;
12:05:49;271;49,96;
12:05:52;272;49,96;
12:05:55;273;49,96;
12:05:58;268;49,96;
12:06:01;272;49,96;
12:06:04;277;49,96;
12:06:07;274;49,95;
12:06:13;271;49,95;
12:06:19;269;49,95;
12:06:22;273;49,96;
12:06:25;277;49,95;
12:06:31;281;49,95;
12:06:34;280;49,95;
12:06:37;285;49,95;
12:06:40;286;49,95;
12:06:43;284;49,95;
12:06:46;285;49,95;
12:06:49;287;49,96;
12:06:52;286;49,96;
12:06:55;283;49,96;
12:06:58;289;49,96;
12:07:01;291;49,96;
12:07:04;290;49,96;
12:07:07;293;49,96;
12:07:10;292;49,97;
12:07:13;288;49,97;
12:07:16;292;49,98;
12:07:22;293;49,98;
12:07:25;298;49,98;
12:07:31;297;49,98;
12:07:34;298;49,98;
12:07:40;300;49,97;
12:07:43;298;49,97;
12:07:46;302;49,97;
12:07:49;303;49,97;
12:07:52;301;49,97;
12:07:55;300;49,97;
12:07:58;298;49,97;
12:08:04;292;49,98;
12:08:10;297;49,98;
12:08:13;303;49,98;
12:08:16;298;49,98;
12:08:19;300;49,97;
12:08:22;292;49,97;
12:08:25;297;49,97;
12:08:28;292;49,97;
12:08:31;294;49,98;
12:08:34;292;49,98;
12:08:37;296;49,97;
12:08:46;270;49,97;
12:08:49;290;49,98;
12:08:55;257;49,98;
12:08:58;253;49,99;
12:09:01;265;49,99;
12:09:04;293;49,98;
12:09:10;291;49,98;
12:09:13;289;49,97;
12:09:16;286;49,97;
12:09:19;288;49,96;
12:09:22;287;49,97;
12:09:28;283;49,97;
12:09:31;282;49,97;
12:09:34;281;49,97;
12:09:37;282;49,97;
12:09:43;281;49,97;
12:09:46;284;49,97;
12:09:52;281;49,97;
12:09:55;279;49,97;
12:09:58;278;49,97;
12:10:01;279;49,97;
12:10:04;280;49,98;
12:10:07;283;49,98;
12:10:10;280;49,98;
12:10:16;279;49,97;
12:10:19;281;49,97;
12:10:25;284;49,97;
12:10:28;282;49,98;
12:10:31;283;49,98;
12:10:34;282;49,98;
12:10:43;283;49,98;
12:10:46;282;49,98;
12:10:49;283;49,98;
12:10:52;281;49,98;
12:10:55;285;49,98;
12:10:58;284;49,98;
12:11:01;285;49,99;
12:11:10;284;49,99;
12:11:13;294;50,00;
12:11:16;286;49,99;
12:11:22;296;49,98;
12:11:25;290;49,98;
12:11:28;299;49,97;
12:11:31;297;49,97;
12:11:34;301;49,97;
12:11:37;302;49,97;
12:11:40;304;49,97;
12:11:43;300;49,97;
12:11:46;303;49,96;
12:11:49;308;49,97;
12:11:52;308;49,98;
12:11:55;312;49,98;
12:11:58;313;49,98;
12:12:07;315;49,99;
12:12:10;317;49,99;
12:12:13;316;49,99;
12:12:16;322;49,99;
12:12:19;321;49,98;
12:12:22;326;49,98;
12:12:25;327;49,98;
12:12:28;328;49,98;
12:12:31;327;49,97;
12:12:34;333;49,96;
12:12:40;334;49,96;
12:12:43;338;49,97;
12:12:49;339;49,97;
12:12:52;340;49,98;
12:12:55;339;49,99;
12:12:58;344;49,99;
12:13:01;347;49,99;
12:13:04;347;50,00;
12:13:07;351;50,00;
12:13:13;352;50,00;
12:13:16;348;50,00;
12:13:19;345;49,99;
12:13:22;356;49,99;
12:13:25;347;49,98;
12:13:28;354;49,98;
12:13:31;351;49,98;
12:13:34;358;49,98;
12:13:40;356;49,98;
12:13:43;357;49,97;
12:13:46;359;49,98;
12:13:49;364;49,98;
12:13:52;361;49,99;
12:13:55;361;50,00;
12:13:58;360;50,00;
12:14:01;362;50,00;
12:14:04;361;50,00;
12:14:10;362;50,00;
12:14:13;365;49,99;
12:14:19;360;49,98;
12:14:25;361;49,98;
12:14:28;357;49,98;
12:14:31;355;49,98;
12:14:34;359;49,98;
12:14:37;357;49,98;
12:14:40;360;49,99;
12:14:43;347;50,00;
12:14:46;352;50,00;
12:14:49;353;50,01;
12:14:52;360;50,01;
12:14:55;348;50,01;
12:14:58;346;50,01;
12:15:01;346;50,00;
12:15:04;343;50,00;
12:15:07;340;50,00;
12:15:10;339;50,00;
12:15:13;342;49,99;
12:15:16;337;49,99;
12:15:19;336;49,98;
12:15:25;331;49,97;
12:15:28;329;49,97;
12:15:31;326;49,97;
12:15:37;323;49,97;
12:15:40;325;49,98;
12:15:43;321;49,98;
12:15:46;320;49,98;
12:15:49;316;49,98;
12:15:52;315;49,98;
12:15:55;312;49,98;
12:15:58;312;49,99;
12:16:04;308;49,99;
12:16:07;307;49,99;
12:16:10;306;49,99;
12:16:13;303;49,99;
12:16:16;297;49,99;
12:16:19;301;49,99;
12:16:22;301;50,00;
12:16:25;297;50,00;
12:16:28;298;49,99;
12:16:31;289;50,00;
12:16:34;292;50,00;
12:16:37;293;50,00;
12:16:40;291;50,00;
12:16:43;287;50,00;
12:16:46;272;50,00;
12:16:49;280;49,99;
12:16:55;276;49,99;
12:16:58;277;50,00;
12:17:01;275;50,00;
12:17:04;270;49,99;
12:17:10;264;49,99;
12:17:16;263;49,99;
12:17:19;261;49,99;
12:17:22;259;49,99;
12:17:25;259;49,98;
12:17:28;256;49,98;
12:17:31;254;49,98;
12:17:40;249;49,99;
12:17:43;247;49,99;
12:17:46;242;50,00;
12:17:49;243;50,00;
12:17:52;240;50,00;
12:17:55;239;50,00;
12:17:58;240;50,00;
12:18:01;236;50,01;
12:18:04;238;50,00;
12:18:07;236;50,00;
12:18:10;228;50,00;
12:18:13;207;50,00;
12:18:16;226;50,00;
12:18:22;219;50,00;
12:18:25;209;50,00;
12:18:28;220;50,00;
12:18:31;214;49,99;
12:18:34;224;50,00;
12:18:37;219;50,00;
12:18:40;223;49,99;
12:18:43;219;49,99;
12:18:46;206;50,00;
12:18:52;212;50,00;
12:18:55;216;50,00;
12:18:58;209;49,99;
12:19:01;210;50,00;
12:19:04;208;49,99;
12:19:07;197;50,00;
12:19:10;208;49,99;
12:19:13;197;49,99;
12:19:16;207;49,99;
12:19:19;201;49,99;
12:19:22;197;49,99;
12:19:28;204;49,99;
12:19:31;197;49,99;
12:19:34;194;49,98;
12:19:37;199;49,98;
12:19:40;197;49,98;
12:19:43;200;49,98;
12:19:46;196;49,98;
12:19:49;197;49,98;
12:19:52;198;49,98;
12:19:55;197;49,98;
12:19:58;194;49,97;
12:20:01;194;49,98;
12:20:04;193;49,98;
12:20:07;192;49,98;
12:20:10;193;49,98;
12:20:13;195;49,97;
12:20:16;193;49,97;
12:20:19;190;49,97;
12:20:22;190;49,96;
12:20:25;189;49,97;
12:20:28;190;49,97;
12:20:37;192;49,97;
12:20:40;190;49,97;
12:20:43;188;49,97;
12:20:46;189;49,97;
12:20:49;185;49,97;
12:20:52;186;49,97;
12:20:58;185;49,97;
12:21:01;182;49,97;
12:21:04;184;49,97;
12:21:07;184;49,96;
12:21:10;181;49,96;
12:21:13;189;49,97;
12:21:19;187;49,97;
12:21:22;180;49,97;
12:21:25;177;49,97;
12:21:28;183;49,97;
12:21:31;185;49,98;
12:21:34;178;49,98;
12:21:37;180;49,98;
12:21:40;173;49,98;
12:21:43;175;49,98;
12:21:46;173;49,97;
12:21:49;173;49,98;
12:21:52;176;49,98;
12:21:55;172;49,98;
12:21:58;175;49,98;
12:22:01;172;49,98;
12:22:04;170;49,98;
12:22:10;167;49,97;
12:22:13;169;49,97;
12:22:16;150;49,97;
12:22:19;156;49,96;
12:22:25;164;49,96;
12:22:28;163;49,96;
12:22:31;162;49,96;
12:22:34;164;49,96;
12:22:43;162;49,96;
12:22:46;164;49,96;
12:22:49;165;49,97;
12:22:52;166;49,97;
12:22:55;164;49,98;
12:23:01;163;49,98;
12:23:04;160;49,99;
12:23:07;163;49,99;
12:23:13;162;49,99;
12:23:16;155;49,99;
12:23:25;160;49,99;
12:23:31;164;49,98;
12:23:37;162;49,97;
12:23:40;158;49,97;
12:23:43;163;49,96;
12:23:46;165;49,97;
12:23:49;162;49,97;
12:23:52;164;49,97;
12:23:55;164;49,98;
12:23:58;166;49,98;
12:24:01;168;49,98;
12:24:04;171;49,98;
12:24:07;173;49,98;
12:24:10;173;49,97;
12:24:16;169;49,97;
12:24:22;172;49,97;
12:24:28;171;49,98;
12:24:31;173;49,98;
12:24:37;182;49,98;
12:24:40;186;49,98;
12:24:46;187;49,98;
12:24:49;188;49,97;
12:24:52;190;49,97;
12:24:58;195;49,97;
12:25:01;195;49,98;
12:25:04;197;49,98;
12:25:07;202;49,98;
12:25:10;204;49,98;
12:25:13;206;49,98;
12:25:16;205;49,98;
12:25:22;207;49,97;
12:25:25;211;49,97;
12:25:28;213;49,97;
12:25:31;211;49,97;
12:25:40;213;49,97;
12:25:43;216;49,97;
12:25:46;216;49,98;
12:25:49;217;49,98;
12:25:52;215;49,98;
12:25:55;214;49,98;
12:25:58;219;49,98;
12:26:01;220;49,98;
12:26:04;217;49,98;
12:26:07;189;49,98;
12:26:13;217;49,98;
12:26:16;222;49,98;
12:26:19;225;49,98;
12:26:22;226;49,98;
12:26:28;229;49,97;
12:26:31;227;49,97;
12:26:34;227;49,98;
12:26:37;223;49,97;
12:26:40;222;49,97;
12:26:43;223;49,97;
12:26:46;228;49,97;
12:26:49;224;49,97;
12:26:52;227;49,97;
12:26:55;229;49,97;
12:26:58;228;49,98;
12:27:01;227;49,98;
12:27:04;215;49,98;
12:27:07;219;49,98;
12:27:10;222;49,98;
12:27:13;226;49,99;
12:27:16;230;49,99;
12:27:28;231;49,99;
12:27:34;228;49,98;
12:27:37;226;49,98;
12:27:40;225;49,97;
12:27:43;226;49,97;
12:27:46;226;49,96;
12:27:49;225;49,96;
12:27:52;226;49,96;
12:27:58;224;49,96;
12:28:01;225;49,96;
12:28:04;225;49,97;
12:28:07;220;49,97;
12:28:10;219;49,97;
12:28:13;220;49,97;
12:28:16;219;49,97;
12:28:19;220;49,97;
12:28:22;213;49,97;
12:28:25;221;49,97;
12:28:28;212;49,98;
12:28:31;219;49,98;
12:28:34;220;49,98;
12:28:40;216;49,98;
12:28:43;213;49,98;
12:28:46;212;49,99;
12:28:49;215;50,00;
12:28:52;212;50,00;
12:28:55;213;50,00;
12:28:58;213;49,99;
12:29:01;211;49,99;
12:29:04;213;49,99;
12:29:07;211;49,99;
12:29:10;213;49,99;
12:29:13;214;49,98;
12:29:16;215;49,98;
12:29:19;214;49,98;
12:29:22;209;49,97;
12:29:25;212;49,97;
12:29:28;208;49,97;
12:29:31;211;49,98;
12:29:34;204;49,98;
12:29:37;209;49,98;
12:29:40;212;49,98;
12:29:49;207;49,98;
12:29:52;210;49,98;
12:29:55;210;49,97;
12:29:58;209;49,97;
12:30:01;208;49,98;
12:30:04;207;49,99;
12:30:07;204;49,99;
12:30:10;205;49,99;
12:30:16;207;49,99;
12:30:19;207;49,98;
12:30:22;208;49,98;
12:30:25;205;49,98;
12:30:31;203;49,98;
12:30:37;205;49,98;
12:30:40;202;49,98;
12:30:43;200;49,98;
12:30:46;202;49,98;
12:30:49;203;49,98;
12:30:52;202;49,98;
12:30:55;201;49,98;
12:30:58;213;49,98;
12:31:01;205;49,99;
12:31:04;202;49,99;
12:31:07;203;49,98;
12:31:10;204;49,98;
12:31:16;202;49,98;
12:31:19;204;49,97;
12:31:22;202;49,97;
12:31:25;201;49,97;
12:31:28;200;49,97;
12:31:31;195;49,97;
12:31:37;201;49,96;
12:31:40;189;49,96;
12:31:43;194;49,96;
12:31:46;194;49,97;
12:31:49;192;49,97;
12:31:52;197;49,97;
12:31:55;196;49,97;
12:31:58;197;49,98;
12:32:01;191;49,98;
12:32:04;192;49,98;
12:32:07;189;49,99;
12:32:13;189;49,98;
12:32:16;186;49,98;
12:32:19;187;49,98;
12:32:25;185;49,99;
12:32:28;186;49,98;
12:32:31;184;49,98;
12:32:34;182;49,98;
12:32:37;182;49,97;
12:32:43;177;49,97;
12:32:49;173;49,98;
12:32:58;172;49,99;
12:33:01;173;49,99;
12:33:07;170;50,00;
12:33:10;170;49,99;
12:33:13;169;49,99;
12:33:16;168;49,99;
12:33:19;172;49,99;
12:33:22;169;49,99;
12:33:25;168;49,98;
12:33:28;170;49,98;
12:33:31;164;49,98;
12:33:37;161;49,98;
12:33:40;162;49,98;
12:33:43;164;49,98;
12:33:58;166;49,98;
12:34:01;164;49,99;
12:34:04;164;49,98;
12:34:07;163;49,98;
12:34:10;161;49,98;
12:34:13;164;49,98;
12:34:19;168;49,98;
12:34:22;167;49,97;
12:34:25;161;49,97;
12:34:28;172;49,96;
12:34:34;165;49,96;
12:34:37;166;49,96;
12:34:40;162;49,96;
12:34:43;165;49,96;
12:34:46;167;49,96;
12:34:52;168;49,96;
12:34:55;162;49,96;
12:34:58;164;49,97;
12:35:01;165;49,97;
12:35:04;169;49,97;
12:35:07;167;49,97;
12:35:10;169;49,97;
12:35:13;167;49,97;
12:35:16;167;49,98;
12:35:19;169;49,98;
12:35:22;164;49,98;
12:35:25;165;49,98;
12:35:28;161;49,99;
12:35:34;165;49,99;
12:35:40;160;49,99;
12:35:43;162;49,99;
12:35:46;163;49,98;
12:35:52;163;49,97;
12:35:55;160;49,96;
12:35:58;160;49,97;
12:36:01;159;49,96;
12:36:04;161;49,97;
12:36:07;160;49,98;
12:36:10;161;49,97;
12:36:13;148;49,97;
12:36:16;136;49,98;
12:36:19;137;49,97;
12:36:22;158;49,97;
12:36:25;156;49,96;
12:36:28;151;49,96;
12:36:31;160;49,96;
12:36:34;149;49,95;
12:36:37;156;49,95;
12:36:40;158;49,96;
12:36:46;159;49,96;
12:36:49;152;49,96;
12:36:52;148;49,97;
12:36:55;155;49,97;
12:36:58;153;49,97;
12:37:01;154;49,97;
12:37:04;152;49,97;
12:37:07;153;49,96;
12:37:10;152;49,96;
12:37:13;154;49,96;
12:37:16;152;49,96;
12:37:19;147;49,96;
12:37:22;148;49,96;
12:37:25;145;49,96;
12:37:28;146;49,96;
12:37:31;150;49,95;
12:37:40;149;49,96;
12:37:43;151;49,96;
12:37:46;149;49,96;
12:37:58;145;49,96;
12:38:01;143;49,96;
12:38:04;144;49,97;
12:38:07;142;49,97;
12:38:10;138;49,96;
12:38:13;145;49,96;
12:38:19;147;49,96;
12:38:25;146;49,96;
12:38:28;145;49,96;
12:38:31;142;49,96;
12:38:34;145;49,97;
12:38:37;140;49,97;
12:38:40;142;49,97;
12:38:43;145;49,97;
12:38:46;141;49,97;
12:38:49;140;49,97;
12:38:58;137;49,97;
12:39:01;139;49,98;
12:39:04;138;49,98;
12:39:07;140;49,97;
12:39:10;138;49,97;
12:39:13;140;49,97;
12:39:16;138;49,97;
12:39:19;136;49,97;
12:39:25;138;49,97;
12:39:28;137;49,96;
12:39:31;142;49,96;
12:39:34;136;49,96;
12:39:37;143;49,96;
12:39:43;136;49,96;
12:39:46;140;49,97;
12:39:49;144;49,97;
12:39:52;135;49,97;
12:39:55;135;49,98;
12:39:58;140;49,98;
12:40:01;134;49,98;
12:40:04;137;49,98;
12:40:07;136;49,97;
12:40:10;132;49,97;
12:40:13;133;49,97;
12:40:16;131;49,97;
12:40:19;132;49,97;
12:40:22;136;49,97;
12:40:25;131;49,96;
12:40:28;137;49,96;
12:40:31;136;49,96;
12:40:34;132;49,96;
12:40:37;135;49,96;
12:40:40;136;49,96;
12:40:49;136;49,97;
12:40:58;135;49,97;
12:41:01;136;49,97;
12:41:16;133;49,97;
12:41:19;131;49,97;
12:41:22;129;49,97;
12:41:25;131;49,97;
12:41:28;135;49,97;
12:41:31;131;49,97;
12:41:34;138;49,96;
12:41:37;137;49,97;
12:41:40;139;49,97;
12:41:46;137;49,97;
12:41:49;136;49,96;
12:41:55;133;49,96;
12:42:01;136;49,96;
12:42:04;137;49,96;
12:42:07;136;49,96;
12:42:10;134;49,96;
12:42:13;133;49,96;
12:42:16;136;49,96;
12:42:19;140;49,96;
12:42:22;138;49,96;
12:42:25;140;49,96;
12:42:31;141;49,95;
12:42:34;145;49,96;
12:42:40;146;49,96;
12:42:43;147;49,96;
12:42:46;148;49,96;
12:42:49;151;49,97;
12:42:52;150;49,97;
12:42:55;153;49,97;
12:43:01;157;49,98;
12:43:04;160;49,98;
12:43:10;161;49,98;
12:43:13;163;49,99;
12:43:19;163;49,98;
12:43:22;166;49,98;
12:43:25;157;49,98;
12:43:28;158;49,98;
12:43:31;162;49,98;
12:43:34;169;49,98;
12:43:37;170;49,98;
12:43:40;171;49,98;
12:43:46;173;49,98;
12:43:49;171;49,98;
12:43:52;173;49,98;
12:43:55;179;49,98;
12:43:58;180;49,98;
12:44:04;181;49,98;
12:44:07;182;49,98;
12:44:10;185;49,99;
12:44:13;187;50,00;
12:44:16;186;50,00;
12:44:19;191;50,00;
12:44:22;193;50,00;
12:44:25;191;50,00;
12:44:28;193;50,00;
12:44:31;197;49,99;
12:44:34;196;49,98;
12:44:37;194;49,98;
12:44:40;192;49,97;
12:44:43;191;49,96;
12:44:46;194;49,96;
12:44:52;202;49,97;
12:44:58;202;49,96;
12:45:01;197;49,97;
12:45:04;203;49,97;
12:45:07;204;49,97;
12:45:10;206;49,97;
12:45:13;204;49,98;
12:45:16;207;49,98;
12:45:19;209;49,98;
12:45:22;210;49,99;
12:45:25;211;49,99;
12:45:31;208;49,99;
12:45:34;205;49,99;
12:45:37;207;49,99;
12:45:40;208;50,00;
12:45:46;210;50,00;
12:45:49;208;50,00;
12:45:52;211;50,00;
12:46:04;212;50,00;
12:46:10;212;49,99;
12:46:13;203;49,99;
12:46:16;196;49,99;
12:46:19;205;50,00;
12:46:22;187;50,00;
12:46:25;186;50,00;
12:46:28;213;50,00;
12:46:31;220;50,01;
12:46:34;220;50,00;
12:46:40;213;50,01;
12:46:43;225;50,01;
12:46:46;211;50,01;
12:46:49;217;50,01;
12:46:52;224;50,01;
12:46:55;220;50,01;
12:46:58;228;50,00;
12:47:04;224;50,00;
12:47:07;227;50,00;
12:47:10;225;50,00;
12:47:13;230;50,00;
12:47:16;228;49,99;
12:47:22;231;49,98;
12:47:25;234;49,98;
12:47:28;231;49,98;
12:47:31;234;49,98;
12:47:34;238;49,98;
12:47:37;236;49,98;
12:47:40;234;49,99;
12:47:43;238;49,99;
12:47:46;235;49,99;
12:47:49;235;49,98;
12:47:52;239;49,99;
12:47:55;238;49,99;
12:48:01;245;50,00;
12:48:04;241;50,00;
12:48:07;248;50,00;
12:48:13;250;50,00;
12:48:16;253;49,99;
12:48:19;253;49,98;
12:48:22;258;49,98;
12:48:25;260;49,97;
12:48:28;258;49,97;
12:48:31;259;49,97;
12:48:34;262;49,97;
12:48:37;264;49,97;
12:48:40;268;49,97;
12:48:43;271;49,97;
12:48:46;274;49,98;
12:48:49;275;49,98;
12:48:55;277;49,98;
12:48:58;280;49,98;
12:49:01;280;49,99;
12:49:07;274;50,00;
12:49:10;276;50,00;
12:49:13;281;50,00;
12:49:16;283;50,00;
12:49:25;278;50,01;
12:49:28;279;50,01;
12:49:31;276;50,00;
12:49:34;277;50,00;
12:49:37;275;50,00;
12:49:43;271;50,01;
12:49:46;275;50,01;
12:49:49;274;50,00;
12:49:52;267;50,00;
12:49:55;272;50,01;
12:50:01;277;50,01;
12:50:04;271;50,01;
12:50:07;263;50,00;
12:50:10;271;50,00;
12:50:13;269;50,00;
12:50:16;270;50,00;
12:50:19;267;49,99;
12:50:22;265;49,99;
12:50:25;270;49,99;
12:50:31;267;49,98;
12:50:34;270;49,98;
12:50:37;272;49,98;
12:50:40;273;49,98;
12:50:43;274;49,98;
12:50:46;272;49,99;
12:50:49;274;49,99;
12:50:55;272;49,99;
12:50:58;275;49,99;
12:51:01;276;49,99;
12:51:07;277;49,98;
12:51:16;274;49,98;
12:51:19;276;49,98;
12:51:25;278;49,98;
12:51:28;278;49,99;
12:51:31;277;49,98;
12:51:34;277;49,99;
12:51:37;278;49,99;
12:51:43;273;49,99;
12:51:46;282;49,99;
12:51:49;279;49,99;
12:51:52;275;49,99;
12:51:55;274;49,99;
12:51:58;283;49,99;
12:52:01;285;50,00;
12:52:04;279;50,00;
12:52:07;281;50,00;
12:52:13;289;49,99;
12:52:16;288;49,98;
12:52:19;290;49,98;
12:52:22;288;49,97;
12:52:25;288;49,96;
12:52:28;287;49,96;
12:52:34;294;49,96;
12:52:37;300;49,96;
12:52:43;301;49,97;
12:52:49;306;49,98;
12:52:52;310;49,98;
12:52:58;311;49,99;
12:53:01;305;49,99;
12:53:04;313;49,99;
12:53:07;312;49,99;
12:53:10;311;49,99;
12:53:13;314;49,99;
12:53:16;317;49,99;
12:53:19;316;49,98;
12:53:22;316;49,99;
12:53:25;319;49,98;
12:53:28;318;49,99;
12:53:37;316;49,99;
12:53:40;317;49,99;
12:53:43;318;50,00;
12:53:46;317;49,99;
12:53:49;319;49,99;
12:53:52;317;49,98;
12:53:55;314;49,98;
12:53:58;319;49,98;
12:54:04;318;49,98;
12:54:07;317;49,97;
12:54:10;313;49,97;
12:54:13;315;49,97;
12:54:16;314;49,97;
12:54:19;315;49,97;
12:54:22;314;49,98;
12:54:25;313;49,98;
12:54:28;311;49,98;
12:54:31;312;49,98;
12:54:34;311;49,98;
12:54:37;313;49,98;
12:54:40;314;49,97;
12:54:43;313;49,97;
12:54:49;314;49,98;
12:54:52;316;49,98;
12:54:55;310;49,98;
12:54:58;317;49,98;
12:55:01;312;49,98;
12:55:10;315;49,98;
12:55:13;321;49,98;
12:55:16;319;49,98;
12:55:19;322;49,98;
12:55:22;323;49,98;
12:55:25;324;49,98;
12:55:28;325;49,98;
12:55:31;328;49,98;
12:55:34;331;49,98;
12:55:37;330;49,98;
12:55:40;335;49,98;
12:55:43;336;49,98;
12:55:46;339;49,98;
12:55:49;338;49,98;
12:55:52;340;49,98;
12:55:55;343;49,98;
12:55:58;347;49,98;
12:56:01;341;49,99;
12:56:04;349;49,99;
12:56:07;344;49,99;
12:56:10;347;49,99;
12:56:16;349;50,00;
12:56:22;353;50,00;
12:56:25;351;49,99;
12:56:28;353;49,98;
12:56:31;355;49,98;
12:56:34;351;49,98;
12:56:37;356;49,98;
12:56:40;358;49,98;
12:56:43;355;49,98;
12:56:46;352;49,98;
12:56:49;355;49,98;
12:56:52;356;49,98;
12:56:55;352;49,98;
12:57:01;357;49,98;
12:57:04;350;49,98;
12:57:07;349;49,99;
12:57:10;356;49,99;
12:57:13;353;49,99;
12:57:16;349;49,99;
12:57:19;352;49,99;
12:57:22;353;50,00;
12:57:25;349;50,00;
12:57:28;348;50,00;
12:57:31;349;49,99;
12:57:34;346;49,99;
12:57:37;346;49,98;
12:57:40;345;49,98;
12:57:43;344;49,98;
12:57:49;334;49,99;
12:57:52;342;49,99;
12:57:55;334;50,00;
12:57:58;338;50,00;
12:58:01;335;50,00;
12:58:07;334;50,00;
12:58:10;327;50,00;
12:58:13;324;49,99;
12:58:16;326;49,99;
12:58:19;328;49,99;
12:58:22;327;49,99;
12:58:25;324;49,99;
12:58:31;321;49,98;
12:58:34;322;49,98;
12:58:37;319;49,97;
12:58:40;320;49,97;
12:58:43;323;49,96;
12:58:49;325;49,96;
12:58:52;326;49,97;
12:58:55;329;49,98;
12:59:01;335;49,98;
12:59:04;334;49,98;
12:59:07;339;49,98;
12:59:13;346;49,98;
12:59:16;347;49,98;
12:59:19;353;49,98;
12:59:22;358;49,98;
12:59:25;362;49,98;
12:59:28;361;49,98;
12:59:31;362;49,98;
12:59:34;367;49,98;
12:59:37;373;49,97;
12:59:40;372;49,97;
12:59:43;379;49,97;
12:59:46;377;49,97;
12:59:49;380;49,97;
12:59:52;383;49,97;
12:59:55;379;49,98;
12:59:58;380;49,97;
13:00:01;384;49,97;
13:00:07;392;49,97;
13:00:10;393;49,96;
13:00:13;394;49,95;
13:00:19;391;49,94;
13:00:22;388;49,94;
13:00:25;389;49,93;
13:00:31;390;49,93;
13:00:34;389;49,93;
13:00:37;374;49,94;
13:00:40;389;49,93;
13:00:43;386;49,92;
13:00:46;384;49,92;
13:00:49;383;49,92;
13:00:52;382;49,92;
13:00:55;380;49,93;
13:01:01;381;49,94;
13:01:04;380;49,94;
13:01:07;380;49,95;
13:01:10;379;49,96;
13:01:16;376;49,96;
13:01:19;378;49,96;
13:01:25;380;49,96;
13:01:28;382;49,96;
13:01:31;381;49,96;
13:01:34;384;49,96;
13:01:37;387;49,95;
13:01:40;386;49,94;
13:01:43;387;49,94;
13:01:46;389;49,94;
13:01:49;395;49,94;
13:01:55;388;49,95;
13:01:58;398;49,96;
13:02:01;394;49,96;
13:02:04;397;49,96;
13:02:13;399;49,95;
13:02:16;396;49,95;
13:02:19;393;49,95;
13:02:22;389;49,95;
13:02:25;387;49,95;
13:02:28;385;49,94;
13:02:34;381;49,94;
13:02:37;377;49,94;
13:02:43;375;49,94;
13:02:46;374;49,94;
13:02:49;372;49,94;
13:02:52;371;49,94;
13:02:55;363;49,94;
13:02:58;362;49,95;
13:03:01;362;49,96;
13:03:07;363;49,96;
13:03:10;366;49,96;
13:03:16;372;49,97;
13:03:19;367;49,97;
13:03:22;365;49,97;
13:03:25;363;49,97;
13:03:28;364;49,97;
13:03:31;367;49,97;
13:03:34;363;49,96;
13:03:37;365;49,96;
13:03:40;367;49,96;
13:03:43;364;49,96;
13:03:46;366;49,96;
13:03:49;364;49,96;
13:03:52;368;49,96;
13:03:55;366;49,96;
13:03:58;368;49,96;
13:04:04;370;49,96;
13:04:10;371;49,96;
13:04:13;370;49,96;
13:04:16;368;49,96;
13:04:22;373;49,96;
13:04:25;372;49,96;
13:04:28;373;49,96;
13:04:31;375;49,96;
13:04:34;375;49,95;
13:04:37;376;49,95;
13:04:40;376;49,96;
13:04:43;374;49,95;
13:04:46;380;49,96;
13:04:49;378;49,96;
13:04:52;379;49,96;
13:04:55;383;49,96;
13:04:58;386;49,96;
13:05:01;387;49,96;
13:05:04;384;49,96;
13:05:07;390;49,96;
13:05:10;382;49,96;
13:05:13;387;49,96;
13:05:16;386;49,95;
13:05:19;397;49,96;
13:05:22;402;49,95;
13:05:28;405;49,95;
13:05:31;411;49,94;
13:05:34;416;49,95;
13:05:37;420;49,95;
13:05:40;419;49,95;
13:05:43;427;49,95;
13:05:46;426;49,95;
13:05:49;429;49,95;
13:05:52;435;49,95;
13:05:55;439;49,95;
13:05:58;444;49,95;
13:06:01;445;49,96;
13:06:04;448;49,96;
13:06:07;451;49,96;
13:06:13;456;49,96;
13:06:16;460;49,96;
13:06:19;451;49,96;
13:06:22;462;49,96;
13:06:25;464;49,96;
13:06:28;460;49,96;
13:06:34;463;49,96;
13:06:37;459;49,95;
13:06:40;462;49,95;
13:06:46;461;49,96;
13:06:49;455;49,96;
13:06:52;461;49,95;
13:06:55;451;49,95;
13:06:58;455;49,96;
13:07:01;449;49,96;
13:07:04;450;49,96;
13:07:07;442;49,97;
13:07:10;448;49,96;
13:07:13;445;49,97;
13:07:19;430;49,97;
13:07:22;436;49,97;
13:07:25;435;49,96;
13:07:28;425;49,96;
13:07:31;413;49,95;
13:07:34;423;49,95;
13:07:37;420;49,95;
13:07:40;416;49,95;
13:07:43;405;49,95;
13:07:46;407;49,96;
13:07:49;403;49,96;
13:07:52;400;49,96;
13:07:55;394;49,96;
13:08:01;386;49,96;
13:08:04;388;49,96;
13:08:07;379;49,97;
13:08:10;385;49,97;
13:08:13;378;49,98;
13:08:16;379;49,98;
13:08:19;384;49,98;
13:08:25;383;49,97;
13:08:28;383;49,96;
13:08:31;378;49,96;
13:08:34;382;49,95;
13:08:37;383;49,95;
13:08:40;384;49,96;
13:08:43;385;49,96;
13:08:46;384;49,96;
13:08:52;385;49,96;
13:08:55;382;49,96;
13:08:58;387;49,96;
13:09:04;386;49,96;
13:09:07;385;49,96;
13:09:13;382;49,96;
13:09:16;383;49,96;
13:09:19;376;49,96;
13:09:22;381;49,96;
13:09:25;379;49,96;
13:09:31;376;49,96;
13:09:34;372;49,96;
13:09:40;375;49,97;
13:09:43;371;49,97;
13:09:46;366;49,97;
13:09:49;371;49,97;
13:09:52;370;49,97;
13:09:55;371;49,97;
13:09:58;374;49,97;
13:10:04;370;49,97;
13:10:07;368;49,97;
13:10:10;379;49,97;
13:10:13;377;49,96;
13:10:16;375;49,96;
13:10:19;377;49,96;
13:10:22;385;49,96;
13:10:25;388;49,96;
13:10:28;383;49,96;
13:10:31;389;49,96;
13:10:40;395;49,95;
13:10:43;397;49,95;
13:10:49;400;49,95;
13:10:52;401;49,95;
13:10:55;402;49,95;
13:11:01;403;49,95;
13:11:04;406;49,95;
13:11:07;408;49,95;
13:11:10;406;49,94;
13:11:13;408;49,94;
13:11:22;403;49,94;
13:11:25;408;49,94;
13:11:28;403;49,95;
13:11:31;406;49,95;
13:11:34;407;49,95;
13:11:37;400;49,96;
13:11:40;405;49,96;
13:11:43;403;49,96;
13:11:46;397;49,97;
13:11:49;402;49,97;
13:11:52;401;49,97;
13:11:55;397;49,98;
13:11:58;396;49,98;
13:12:01;397;49,98;
13:12:04;400;49,98;
13:12:07;398;49,99;
13:12:10;396;49,98;
13:12:13;388;49,98;
13:12:16;391;49,99;
13:12:19;396;49,98;
13:12:22;395;49,98;
13:12:28;391;49,98;
13:12:31;385;49,98;
13:12:34;389;49,97;
13:12:37;385;49,97;
13:12:40;387;49,97;
13:12:43;384;49,97;
13:12:46;386;49,97;
13:12:49;384;49,96;
13:12:52;383;49,97;
13:12:55;381;49,97;
13:12:58;381;49,98;
13:13:01;376;49,98;
13:13:04;377;49,97;
13:13:10;376;49,96;
13:13:13;374;49,96;
13:13:16;375;49,96;
13:13:19;368;49,96;
13:13:22;365;49,96;
13:13:25;372;49,96;
13:13:28;365;49,96;
13:13:34;367;49,96;
13:13:37;365;49,97;
13:13:40;364;49,97;
13:13:46;361;49,97;
13:13:49;357;49,97;
13:13:52;358;49,97;
13:13:55;354;49,97;
13:13:58;356;49,97;
13:14:04;355;49,97;
13:14:07;352;49,97;
13:14:10;351;49,97;
13:14:16;350;49,97;
13:14:22;348;49,96;
13:14:25;346;49,96;
13:14:28;345;49,96;
13:14:31;342;49,96;
13:14:34;341;49,95;
13:14:40;339;49,95;
13:14:43;338;49,95;
13:14:46;338;49,96;
13:14:49;337;49,96;
13:14:52;335;49,96;
13:14:55;338;49,96;
13:14:58;336;49,96;
13:15:01;335;49,96;
13:15:04;336;49,96;
13:15:07;328;49,96;
13:15:10;335;49,96;
13:15:13;338;49,97;
13:15:16;329;49,97;
13:15:25;326;49,96;
13:15:28;333;49,96;
13:15:34;328;49,96;
13:15:37;330;49,96;
13:15:40;329;49,96;
13:15:46;330;49,96;
13:15:49;329;49,97;
13:15:52;330;49,96;
13:15:58;329;49,97;
13:16:04;310;49,98;
13:16:07;318;49,98;
13:16:10;326;49,98;
13:16:13;328;49,98;
13:16:16;327;49,98;
13:16:19;325;49,98;
13:16:22;324;49,98;
13:16:25;325;49,98;
13:16:34;321;49,98;
13:16:37;324;49,99;
13:16:40;323;49,99;
13:16:43;322;49,99;
13:16:46;321;49,99;
13:16:55;323;49,99;
13:16:58;319;49,99;
13:17:01;322;49,99;
13:17:04;321;49,99;
13:17:07;322;49,99;
13:17:10;323;49,99;
13:17:13;319;49,99;
13:17:16;317;50,00;
13:17:19;316;50,00;
13:17:22;315;50,00;
13:17:25;316;49,99;
13:17:28;314;49,99;
13:17:31;321;49,98;
13:17:37;322;49,98;
13:17:40;320;49,98;
13:17:43;317;49,97;
13:17:46;320;49,97;
13:17:55;317;49,97;
13:17:58;318;49,97;
13:18:01;316;49,98;
13:18:04;313;49,98;
13:18:07;312;49,98;
13:18:13;313;49,98;
13:18:16;312;49,98;
13:18:19;304;49,98;
13:18:22;302;49,98;
13:18:25;306;49,98;
13:18:28;309;49,97;
13:18:31;305;49,97;
13:18:34;300;49,97;
13:18:37;296;49,97;
13:18:43;296;49,98;
13:18:55;278;49,98;
13:18:58;293;49,98;
13:19:01;295;49,98;
13:19:04;293;49,98;
13:19:07;294;49,98;
13:19:13;292;49,98;
13:19:16;292;49,99;
13:19:19;288;50,00;
13:19:22;293;50,00;
13:19:25;291;50,00;
13:19:28;292;50,00;
13:19:31;293;50,00;
13:19:37;291;50,00;
13:19:40;290;50,00;
13:19:43;290;49,99;
13:19:52;291;49,98;
13:19:55;292;49,98;
13:19:58;296;49,98;
13:20:01;297;49,98;
13:20:04;298;49,98;
13:20:07;296;49,98;
13:20:10;297;49,98;
13:20:13;291;49,98;
13:20:16;299;49,98;
13:20:19;301;49,98;
13:20:22;300;49,98;
13:20:25;292;49,98;
13:20:28;299;49,97;
13:20:37;296;49,97;
13:20:40;294;49,98;
13:20:43;298;49,98;
13:20:46;297;49,98;
13:20:49;295;49,99;
13:20:52;296;49,99;
13:20:55;295;49,99;
13:20:58;297;49,99;
13:21:01;298;49,99;
13:21:04;295;49,99;
13:21:07;294;49,99;
13:21:10;295;49,98;
13:21:13;294;49,98;
13:21:16;293;49,98;
13:21:22;292;49,98;
13:21:28;288;49,99;
13:21:31;291;49,99;
13:21:34;289;49,99;
13:21:40;287;49,98;
13:21:43;289;49,98;
13:21:46;288;49,98;
13:21:52;291;49,97;
13:21:55;292;49,97;
13:21:58;282;49,97;
13:22:01;284;49,97;
13:22:04;291;49,97;
13:22:07;293;49,96;
13:22:10;295;49,96;
13:22:16;300;49,96;
13:22:19;299;49,96;
13:22:22;301;49,96;
13:22:25;300;49,96;
13:22:28;304;49,96;
13:22:34;303;49,96;
13:22:37;291;49,96;
13:22:40;303;49,96;
13:22:46;314;49,96;
13:22:49;315;49,96;
13:22:52;314;49,97;
13:22:55;318;49,97;
13:22:58;316;49,97;
13:23:01;320;49,97;
13:23:04;319;49,98;
13:23:10;320;49,98;
13:23:13;319;49,98;
13:23:16;314;49,98;
13:23:19;317;49,98;
13:23:22;319;49,98;
13:23:25;310;49,98;
13:23:28;308;49,98;
13:23:31;312;49,97;
13:23:34;304;49,98;
13:23:37;309;49,98;
13:23:40;306;49,98;
13:23:43;305;49,98;
13:23:46;300;49,98;
13:23:52;292;49,97;
13:23:55;294;49,97;
13:23:58;290;49,98;
13:24:01;289;49,98;
13:24:04;282;49,97;
13:24:07;284;49,97;
13:24:10;280;49,97;
13:24:13;279;49,96;
13:24:16;276;49,96;
13:24:19;275;49,96;
13:24:22;277;49,96;
13:24:25;244;49,96;
13:24:28;263;49,96;
13:24:31;266;49,96;
13:24:37;269;49,96;
13:24:43;266;49,96;
13:24:49;265;49,96;
13:24:52;263;49,96;
13:24:58;260;49,96;
13:25:01;258;49,96;
13:25:07;255;49,96;
13:25:10;256;49,96;
13:25:16;256;49,97;
13:25:19;252;49,96;
13:25:22;257;49,96;
13:25:25;253;49,97;
13:25:28;257;49,97;
13:25:31;259;49,97;
13:25:37;257;49,97;
13:25:43;265;49,97;
13:25:46;264;49,97;
13:25:49;268;49,97;
13:25:55;269;49,97;
13:25:58;271;49,97;
13:26:01;273;49,97;
13:26:04;271;49,97;
13:26:07;279;49,97;
13:26:10;281;49,97;
13:26:13;283;49,97;
13:26:16;285;49,97;
13:26:19;284;49,98;
13:26:22;287;49,97;
13:26:25;288;49,97;
13:26:28;290;49,97;
13:26:31;292;49,98;
13:26:34;295;49,98;
13:26:40;297;49,98;
13:26:43;294;49,98;
13:26:49;293;49,98;
13:26:52;296;49,98;
13:26:55;295;49,98;
13:26:58;296;49,97;
13:27:01;294;49,97;
13:27:07;293;49,98;
13:27:10;289;49,98;
13:27:13;293;49,98;
13:27:16;291;49,98;
13:27:19;294;49,98;
13:27:22;289;49,98;
13:27:25;288;49,98;
13:27:28;293;49,98;
13:27:31;287;49,98;
13:27:34;291;49,98;
13:27:37;295;49,97;
13:27:40;287;49,97;
13:27:43;289;49,96;
13:27:46;296;49,96;
13:27:49;292;49,97;
13:27:55;293;49,97;
13:27:58;294;49,97;
13:28:01;296;49,98;
13:28:04;297;49,98;
13:28:07;295;49,98;
13:28:10;296;49,98;
13:28:19;295;49,98;
13:28:22;291;49,98;
13:28:25;288;49,98;
13:28:28;296;49,97;
13:28:31;285;49,97;
13:28:34;293;49,97;
13:28:37;292;49,97;
13:28:40;288;49,98;
13:28:43;292;49,98;
13:28:46;286;49,98;
13:28:49;294;49,98;
13:28:52;289;49,99;
13:28:55;289;49,98;
13:29:01;291;49,98;
13:29:04;288;49,98;
13:29:07;287;49,98;
13:29:10;282;49,98;
13:29:13;284;49,98;
13:29:16;284;49,99;
13:29:25;282;49,99;
13:29:28;281;50,00;
13:29:34;284;50,00;
13:29:37;285;50,00;
13:29:40;282;50,00;
13:29:46;280;50,00;
13:29:52;279;50,00;
13:29:55;272;49,99;
13:29:58;275;49,99;
13:30:01;276;49,99;
13:30:04;274;49,98;
13:30:07;273;49,99;
13:30:10;272;49,98;
13:30:13;276;49,98;
13:30:16;264;49,97;
13:30:19;271;49,96;
13:30:22;262;49,96;
13:30:25;263;49,96;
13:30:28;251;49,96;
13:30:31;260;49,95;
13:30:34;255;49,95;
13:30:37;259;49,95;
13:30:40;262;49,95;
13:30:43;254;49,96;
13:30:46;262;49,96;
13:30:52;258;49,96;
13:30:55;255;49,96;
13:31:01;254;49,96;
13:31:04;252;49,97;
13:31:07;251;49,97;
13:31:10;252;49,97;
13:31:13;249;49,97;
13:31:16;246;49,97;
13:31:19;248;49,97;
13:31:22;249;49,96;
13:31:25;246;49,96;
13:31:28;247;49,96;
13:31:31;249;49,96;
13:31:34;247;49,95;
13:31:37;250;49,96;
13:31:43;253;49,96;
13:31:46;253;49,95;
13:31:49;254;49,95;
13:31:52;257;49,96;
13:31:58;259;49,96;
13:32:07;260;49,96;
13:32:10;265;49,96;
13:32:13;266;49,95;
13:32:16;265;49,95;
13:32:19;267;49,95;
13:32:22;266;49,94;
13:32:25;272;49,94;
13:32:28;270;49,94;
13:32:31;265;49,94;
13:32:37;264;49,95;
13:32:40;272;49,95;
13:32:43;265;49,95;
13:32:46;274;49,96;
13:32:49;275;49,96;
13:32:55;276;49,96;
13:32:58;280;49,96;
13:33:04;283;49,96;
13:33:07;281;49,97;
13:33:10;288;49,96;
13:33:13;285;49,96;
13:33:16;291;49,96;
13:33:19;296;49,96;
13:33:22;295;49,96;
13:33:25;300;49,96;
13:33:28;303;49,96;
13:33:31;310;49,96;
13:33:34;302;49,95;
13:33:37;273;49,96;
13:33:40;270;49,96;
13:33:43;315;49,96;
13:33:49;320;49,97;
13:33:52;328;49,97;
13:33:55;329;49,97;
13:33:58;330;49,96;
13:34:01;332;49,96;
13:34:07;333;49,96;
13:34:13;335;49,96;
13:34:16;334;49,96;
13:34:19;335;49,96;
13:34:25;333;49,96;
13:34:28;331;49,96;
13:34:31;332;49,95;
13:34:34;315;49,96;
13:34:37;325;49,95;
13:34:43;327;49,95;
13:34:46;324;49,95;
13:34:49;320;49,95;
13:34:55;320;49,96;
13:34:58;318;49,95;
13:35:01;320;49,95;
13:35:04;317;49,95;
13:35:07;320;49,96;
13:35:10;319;49,96;
13:35:13;320;49,96;
13:35:16;318;49,96;
13:35:19;320;49,96;
13:35:22;319;49,96;
13:35:25;321;49,96;
13:35:28;311;49,96;
13:35:31;324;49,96;
13:35:34;327;49,96;
13:35:37;321;49,96;
13:35:43;328;49,96;
13:35:46;332;49,96;
13:35:49;333;49,96;
13:35:55;332;49,95;
13:36:01;330;49,95;
13:36:07;330;49,96;
13:36:10;331;49,96;
13:36:13;334;49,96;
13:36:19;333;49,96;
13:36:22;334;49,96;
13:36:25;332;49,95;
13:36:31;329;49,95;
13:36:34;332;49,95;
13:36:37;329;49,95;
13:36:43;327;49,95;
13:36:46;328;49,96;
13:36:49;327;49,96;
13:36:52;326;49,96;
13:36:55;324;49,96;
13:37:07;319;49,97;
13:37:13;315;49,97;
13:37:16;316;49,97;
13:37:19;305;49,96;
13:37:22;311;49,96;
13:37:28;314;49,96;
13:37:31;307;49,95;
13:37:34;313;49,95;
13:37:37;305;49,95;
13:37:40;312;49,96;
13:37:43;306;49,96;
13:37:46;313;49,96;
13:37:52;305;49,96;
13:37:55;304;49,96;
13:37:58;304;49,97;
13:38:01;306;49,97;
13:38:07;307;49,97;
13:38:10;308;49,97;
13:38:13;304;49,97;
13:38:16;303;49,97;
13:38:19;298;49,97;
13:38:22;302;49,97;
13:38:28;301;49,97;
13:38:31;305;49,97;
13:38:34;296;49,97;
13:38:37;296;49,98;
13:38:40;302;49,98;
13:38:46;300;49,98;
13:38:49;302;49,97;
13:38:52;300;49,96;
13:38:58;277;49,96;
13:39:01;281;49,97;
13:39:04;292;49,97;
13:39:07;293;49,97;
13:39:10;289;49,98;
13:39:13;286;49,98;
13:39:16;288;49,98;
13:39:19;287;49,98;
13:39:22;284;50,00;
13:39:25;284;49,99;
13:39:31;284;50,00;
13:39:34;283;49,99;
13:39:37;280;49,99;
13:39:40;275;49,99;
13:39:43;272;49,98;
13:39:49;269;49,98;
13:39:52;267;49,98;
13:39:55;266;49,99;
13:40:04;261;50,00;
13:40:07;260;50,00;
13:40:10;257;49,99;
13:40:13;259;49,99;
13:40:19;255;49,99;
13:40:22;259;49,99;
13:40:25;258;49,98;
13:40:28;257;49,98;
13:40:31;260;49,98;
13:40:34;252;49,97;
13:40:37;258;49,97;
13:40:40;258;49,96;
13:40:43;251;49,96;
13:40:46;250;49,96;
13:40:52;255;49,97;
13:40:55;252;49,97;
13:40:58;251;49,97;
13:41:01;254;49,97;
13:41:04;238;49,98;
13:41:10;251;49,98;
13:41:13;252;49,98;
13:41:16;249;49,98;
13:41:19;251;49,98;
13:41:25;250;49,99;
13:41:28;251;49,99;
13:41:34;247;50,00;
13:41:40;240;50,00;
13:41:43;243;50,00;
13:41:46;247;50,00;
13:41:49;244;50,00;
13:41:55;241;50,00;
13:41:58;239;50,00;
13:42:04;229;50,00;
13:42:07;237;50,00;
13:42:10;241;50,00;
13:42:19;233;50,00;
13:42:22;235;50,00;
13:42:25;232;50,00;
13:42:28;230;50,00;
13:42:31;234;50,00;
13:42:34;230;50,00;
13:42:37;223;50,00;
13:42:40;229;50,00;
13:42:43;222;50,00;
13:42:46;225;50,00;
13:42:49;226;50,00;
13:42:52;216;50,00;
13:42:55;196;50,00;
13:43:01;211;50,00;
13:43:04;210;50,00;
13:43:07;206;50,00;
13:43:10;209;50,00;
13:43:16;210;50,00;
13:43:19;209;50,01;
13:43:22;207;50,01;
13:43:25;212;50,00;
13:43:28;214;50,00;
13:43:34;212;50,00;
13:43:37;210;50,00;
13:43:40;215;50,00;
13:43:43;210;50,00;
13:43:46;217;50,00;
13:43:49;214;49,99;
13:43:52;220;50,00;
13:43:55;225;50,00;
13:44:01;223;50,00;
13:44:07;231;50,00;
13:44:10;235;50,00;
13:44:13;234;50,00;
13:44:16;238;50,00;
13:44:19;242;50,00;
13:44:22;243;50,00;
13:44:25;246;50,00;
13:44:28;248;49,99;
13:44:31;251;49,99;
13:44:34;253;49,99;
13:44:37;251;49,98;
13:44:40;256;49,99;
13:44:46;255;49,99;
13:44:49;257;49,99;
13:44:52;256;49,98;
13:44:55;253;49,99;
13:44:58;254;49,99;
13:45:01;252;49,99;
13:45:04;255;50,00;
13:45:07;255;49,99;
13:45:13;252;49,99;
13:45:16;253;49,99;
13:45:19;256;49,98;
13:45:22;257;49,98;
13:45:25;259;49,97;
13:45:28;261;49,97;
13:45:31;262;49,98;
13:45:34;266;49,98;
13:45:37;264;49,98;
13:45:40;277;49,98;
13:45:43;265;49,98;
13:45:46;269;49,98;
13:45:49;281;49,98;
13:45:52;289;49,98;
13:45:55;289;49,99;
13:45:58;300;49,99;
13:46:01;298;50,00;
13:46:04;311;50,00;
13:46:07;314;50,00;
13:46:10;302;50,01;
13:46:13;320;50,01;
13:46:19;330;50,00;
13:46:22;335;49,99;
13:46:25;338;49,99;
13:46:28;341;49,99;
13:46:31;348;49,99;
13:46:34;351;50,00;
13:46:37;352;50,00;
13:46:40;356;50,00;
13:46:43;361;50,01;
13:46:46;364;50,01;
13:46:49;365;50,01;
13:46:52;369;50,01;
13:46:55;372;50,01;
13:46:58;374;50,01;
13:47:04;379;50,00;
13:47:07;378;50,00;
13:47:10;381;49,98;
13:47:13;382;49,98;
13:47:16;384;49,98;
13:47:19;391;49,98;
13:47:22;389;49,98;
13:47:25;390;49,98;
13:47:28;391;49,98;
13:47:31;394;49,98;
13:47:34;392;49,98;
13:47:37;395;49,98;
13:47:40;390;49,98;
13:47:43;394;49,98;
13:47:46;395;49,99;
13:47:55;394;49,99;
13:47:58;396;50,00;
13:48:01;398;50,00;
13:48:04;395;50,00;
13:48:10;384;50,01;
13:48:13;380;50,01;
13:48:16;393;50,00;
13:48:19;394;50,00;
13:48:22;395;50,00;
13:48:25;397;50,00;
13:48:28;395;49,99;
13:48:34;390;49,99;
13:48:37;394;49,99;
13:48:40;387;49,99;
13:48:43;397;49,99;
13:48:46;394;49,99;
13:48:49;385;49,99;
13:48:52;394;49,99;
13:48:55;387;49,99;
13:48:58;393;49,98;
13:49:01;387;49,98;
13:49:04;385;49,98;
13:49:07;392;49,99;
13:49:10;391;49,98;
13:49:16;390;49,99;
13:49:22;390;50,00;
13:49:28;388;50,00;
13:49:34;390;49,99;
13:49:37;391;49,99;
13:49:40;393;49,98;
13:49:43;391;49,98;
13:49:46;394;49,99;
13:49:49;392;49,99;
13:49:52;392;50,00;
13:49:55;389;49,99;
13:49:58;392;49,99;
13:50:01;391;49,99;
13:50:04;372;49,99;
13:50:07;381;49,99;
13:50:10;390;49,99;
13:50:13;390;50,00;
13:50:16;390;49,99;
13:50:22;388;50,00;
13:50:25;386;49,99;
13:50:28;387;49,99;
13:50:31;384;49,99;
13:50:34;384;49,98;
13:50:37;380;49,98;
13:50:40;381;49,99;
13:50:43;383;49,99;
13:50:46;382;50,00;
13:50:49;380;50,00;
13:50:55;374;50,00;
13:50:58;370;50,01;
13:51:01;369;50,01;
13:51:04;375;50,01;
13:51:07;374;50,01;
13:51:10;344;50,00;
13:51:13;366;50,00;
13:51:16;369;49,99;
13:51:19;367;49,99;
13:51:22;368;49,99;
13:51:25;365;49,99;
13:51:31;367;50,00;
13:51:34;365;50,00;
13:51:37;364;49,99;
13:51:40;360;49,99;
13:51:43;362;49,98;
13:51:46;360;49,98;
13:51:49;359;49,98;
13:51:52;358;49,99;
13:51:55;355;49,99;
13:51:58;362;49,99;
13:52:01;352;49,99;
13:52:04;358;49,99;
13:52:07;360;49,99;
13:52:13;361;50,00;
13:52:19;360;50,01;
13:52:22;359;50,01;
13:52:28;356;50,01;
13:52:31;358;50,01;
13:52:40;347;50,01;
13:52:43;357;50,01;
13:52:46;358;50,01;
13:52:49;357;50,01;
13:52:52;352;50,01;
13:52:55;356;50,01;
13:52:58;350;50,01;
13:53:01;353;50,01;
13:53:04;351;50,01;
13:53:07;350;50,00;
13:53:13;352;50,00;
13:53:19;349;50,00;
13:53:22;350;50,00;
13:53:25;319;50,00;
13:53:28;339;50,00;
13:53:31;349;50,01;
13:53:37;348;50,00;
13:53:40;350;50,01;
13:53:43;348;50,01;
13:53:46;350;50,00;
13:53:49;346;50,00;
13:53:52;340;50,00;
13:53:55;347;50,00;
13:54:01;341;50,00;
13:54:04;337;50,00;
13:54:07;346;50,00;
13:54:10;340;50,00;
13:54:13;344;50,00;
13:54:16;345;49,99;
13:54:25;344;49,98;
13:54:28;343;49,98;
13:54:31;345;49,98;
13:54:34;344;49,98;
13:54:37;343;49,99;
13:54:40;345;49,99;
13:54:43;340;50,00;
13:54:46;342;50,00;
13:54:49;338;50,00;
13:54:52;339;50,00;
13:54:55;342;50,00;
13:54:58;343;50,00;
13:55:01;339;50,00;
13:55:04;342;50,00;
13:55:07;340;50,00;
13:55:10;341;50,00;
13:55:13;344;49,99;
13:55:19;346;49,99;
13:55:22;345;49,99;
13:55:25;346;50,00;
13:55:31;342;50,00;
13:55:34;345;50,00;
13:55:37;341;49,99;
13:55:40;343;50,00;
13:55:43;341;49,99;
13:55:46;342;49,99;
13:55:49;341;49,98;
13:55:52;334;49,98;
13:55:55;337;49,98;
13:55:58;339;49,98;
13:56:01;333;49,99;
13:56:04;336;49,99;
13:56:07;326;49,99;
13:56:10;334;49,99;
13:56:16;332;49,99;
13:56:19;337;49,99;
13:56:25;336;49,99;
13:56:28;339;50,00;
13:56:31;337;50,00;
13:56:34;339;50,00;
13:56:40;335;50,00;
13:56:43;332;50,00;
13:56:46;337;50,00;
13:56:52;339;50,00;
13:56:55;340;50,00;
13:56:58;333;50,01;
13:57:01;332;50,01;
13:57:04;330;50,00;
13:57:07;329;50,00;
13:57:10;336;50,00;
13:57:13;340;50,00;
13:57:16;341;50,00;
13:57:25;342;50,00;
13:57:28;326;50,00;
13:57:31;335;50,00;
13:57:34;336;50,00;
13:57:37;335;50,00;
13:57:40;327;50,00;
13:57:43;332;50,00;
13:57:46;333;50,00;
13:57:49;331;50,00;
13:57:52;333;50,01;
13:57:58;328;50,01;
13:58:07;327;50,01;
13:58:10;326;50,01;
13:58:13;324;50,01;
13:58:16;320;50,01;
13:58:19;324;50,01;
13:58:22;321;50,00;
13:58:28;283;50,00;
13:58:31;312;50,00;
13:58:34;312;49,99;
13:58:37;313;49,99;
13:58:40;308;49,99;
13:58:43;307;49,99;
13:58:46;305;49,99;
13:58:52;301;50,00;
13:58:55;309;50,00;
13:58:58;305;50,00;
13:59:01;306;50,00;
13:59:07;299;50,01;
13:59:10;298;50,01;
13:59:13;307;50,00;
13:59:16;305;50,00;
13:59:19;311;50,00;
13:59:22;308;49,99;
13:59:28;312;49,99;
13:59:34;309;49,99;
13:59:37;312;49,98;
13:59:40;307;49,99;
13:59:43;311;49,99;
13:59:46;312;50,00;
13:59:52;313;50,00;
13:59:55;311;50,00;
13:59:58;314;50,00;
14:00:01;312;50,00;
14:00:04;310;50,00;
14:00:07;312;50,00;
14:00:13;322;50,00;
14:00:16;293;50,00;
14:00:19;300;49,99;
14:00:22;310;50,00;
14:00:25;310;49,99;
14:00:31;291;49,99;
14:00:34;301;49,99;
14:00:37;306;49,98;
14:00:40;308;49,98;
14:00:43;302;49,96;
14:00:46;299;49,96;
14:00:49;305;49,96;
14:00:52;296;49,96;
14:00:55;311;49,96;
14:01:01;314;49,96;
14:01:04;312;49,96;
14:01:07;313;49,97;
14:01:10;316;49,97;
14:01:13;315;49,96;
14:01:16;296;49,96;
14:01:19;313;49,96;
14:01:25;317;49,96;
14:01:28;317;49,97;
14:01:31;318;49,97;
14:01:34;319;49,97;
14:01:37;321;49,97;
14:01:40;322;49,97;
14:01:43;320;49,97;
14:01:46;315;49,97;
14:01:49;297;49,98;
14:01:52;315;49,98;
14:01:55;312;49,98;
14:01:58;317;49,98;
14:02:01;317;49,99;
14:02:07;321;49,99;
14:02:10;316;49,99;
14:02:13;318;49,98;
14:02:16;316;49,98;
14:02:19;314;49,98;
14:02:22;320;49,97;
14:02:25;322;49,97;
14:02:31;316;49,97;
14:02:34;318;49,98;
14:02:37;321;49,98;
14:02:40;317;49,98;
14:02:43;313;49,98;
14:02:46;316;49,98;
14:02:49;314;49,99;
14:02:52;310;49,99;
14:02:55;314;49,99;
14:02:58;310;49,99;
14:03:01;311;49,99;
14:03:04;314;49,99;
14:03:07;315;49,99;
14:03:10;314;50,00;
14:03:13;315;50,00;
14:03:16;316;50,00;
14:03:19;316;49,99;
14:03:22;319;49,98;
14:03:25;318;49,98;
14:03:28;312;49,98;
14:03:31;315;49,98;
14:03:37;317;49,98;
14:03:40;319;49,98;
14:03:43;313;49,98;
14:03:46;314;49,98;
14:03:49;319;49,98;
14:03:52;317;49,98;
14:03:55;321;49,98;
14:03:58;314;49,98;
14:04:01;313;49,99;
14:04:04;326;50,00;
14:04:07;330;50,00;
14:04:10;322;49,99;
14:04:13;334;49,99;
14:04:16;326;49,99;
14:04:19;333;49,98;
14:04:22;336;49,98;
14:04:25;335;49,98;
14:04:28;337;49,98;
14:04:34;340;49,97;
14:04:37;343;49,97;
14:04:43;348;49,98;
14:04:46;345;49,98;
14:04:52;344;49,98;
14:04:55;346;49,98;
14:04:58;342;49,99;
14:05:01;346;49,99;
14:05:04;343;49,99;
14:05:07;350;49,98;
14:05:10;346;49,98;
14:05:13;352;49,97;
14:05:16;353;49,97;
14:05:19;347;49,97;
14:05:22;348;49,98;
14:05:28;353;49,97;
14:05:31;352;49,97;
14:05:34;350;49,97;
14:05:37;352;49,96;
14:05:40;351;49,97;
14:05:43;349;49,97;
14:05:46;350;49,97;
14:05:52;342;49,97;
14:05:55;349;49,97;
14:05:58;350;49,97;
14:06:01;349;49,97;
14:06:04;345;49,97;
14:06:07;344;49,97;
14:06:10;346;49,97;
14:06:13;347;49,97;
14:06:16;340;49,97;
14:06:19;343;49,97;
14:06:22;344;49,98;
14:06:25;341;49,98;
14:06:28;337;49,97;
14:06:34;339;49,98;
14:06:37;338;49,98;
14:06:40;338;49,97;
14:06:43;339;49,97;
14:06:46;335;49,97;
14:06:49;321;49,97;
14:06:52;330;49,97;
14:06:55;335;49,97;
14:06:58;332;49,98;
14:07:01;337;49,97;
14:07:04;337;49,98;
14:07:07;333;49,97;
14:07:10;329;49,98;
14:07:13;336;49,97;
14:07:16;329;49,97;
14:07:19;332;49,98;
14:07:22;333;49,97;
14:07:25;329;49,97;
14:07:28;335;49,97;
14:07:31;338;49,97;
14:07:34;336;49,97;
14:07:40;333;49,98;
14:07:43;334;49,98;
14:07:46;338;49,99;
14:07:49;317;49,99;
14:07:52;338;49,99;
14:07:55;339;49,99;
14:07:58;342;49,99;
14:08:01;344;49,99;
14:08:04;346;49,99;
14:08:07;347;49,99;
14:08:10;346;49,99;
14:08:13;349;49,99;
14:08:16;347;50,00;
14:08:19;349;50,00;
14:08:22;352;50,00;
14:08:25;350;50,00;
14:08:28;357;50,00;
14:08:31;359;50,00;
14:08:34;360;50,00;
14:08:37;363;50,00;
14:08:40;368;49,99;
14:08:46;369;49,99;
14:08:49;334;49,99;
14:08:52;369;49,99;
14:08:55;371;49,99;
14:08:58;375;49,99;
14:09:01;376;49,99;
14:09:04;372;49,99;
14:09:07;357;49,98;
14:09:10;371;49,98;
14:09:13;372;49,97;
14:09:16;377;49,97;
14:09:19;380;49,97;
14:09:22;378;49,98;
14:09:25;375;49,98;
14:09:31;378;49,98;
14:09:34;379;49,98;
14:09:37;378;49,98;
14:09:40;374;49,99;
14:09:43;373;49,98;
14:09:46;365;49,98;
14:09:49;375;49,99;
14:09:52;374;49,99;
14:09:55;371;50,00;
14:09:58;372;50,00;
14:10:01;379;50,00;
14:10:04;372;49,99;
14:10:07;369;49,99;
14:10:10;375;49,99;
14:10:13;369;49,99;
14:10:16;375;49,99;
14:10:19;379;49,99;
14:10:22;371;49,99;
14:10:28;375;50,00;
14:10:31;377;49,99;
14:10:37;378;49,99;
14:10:40;374;49,99;
14:10:43;378;49,98;
14:10:46;380;49,99;
14:10:49;377;49,99;
14:10:52;378;49,99;
14:10:55;380;49,98;
14:10:58;378;49,98;
14:11:01;377;49,98;
14:11:04;363;49,98;
14:11:07;378;49,97;
14:11:10;380;49,98;
14:11:13;377;49,98;
14:11:16;375;49,98;
14:11:22;378;49,98;
14:11:25;375;49,98;
14:11:28;373;49,98;
14:11:31;376;49,98;
14:11:37;365;49,98;
14:11:43;378;49,98;
14:11:46;375;49,98;
14:11:49;377;49,98;
14:11:52;375;49,98;
14:11:55;379;49,97;
14:11:58;379;49,98;
14:12:01;380;49,98;
14:12:04;383;49,98;
14:12:07;384;49,98;
14:12:10;379;49,98;
14:12:13;387;49,98;
14:12:16;392;49,98;
14:12:19;394;49,98;
14:12:22;387;49,98;
14:12:25;389;49,98;
14:12:28;398;49,98;
14:12:31;400;49,98;
14:12:34;404;49,98;
14:12:37;406;49,99;
14:12:40;401;49,99;
14:12:43;405;49,99;
14:12:49;408;50,00;
14:12:52;409;50,00;
14:12:55;410;49,99;
14:12:58;412;49,99;
14:13:01;416;49,99;
14:13:07;401;50,00;
14:13:10;419;50,00;
14:13:13;422;50,00;
14:13:16;425;49,99;
14:13:19;424;49,99;
14:13:22;427;49,98;
14:13:25;429;49,98;
14:13:28;430;49,98;
14:13:31;434;49,97;
14:13:37;435;49,97;
14:13:40;439;49,97;
14:13:43;436;49,97;
14:13:46;442;49,98;
14:13:49;445;49,97;
14:13:55;447;49,98;
14:13:58;450;49,98;
14:14:01;449;49,98;
14:14:04;455;49,98;
14:14:07;449;49,99;
14:14:10;451;49,99;
14:14:13;448;49,98;
14:14:16;458;49,98;
14:14:19;461;49,98;
14:14:22;462;49,98;
14:14:25;456;49,97;
14:14:28;464;49,97;
14:14:31;465;49,97;
14:14:34;460;49,97;
14:14:40;467;49,99;
14:14:43;466;49,99;
14:14:46;454;50,00;
14:14:49;449;50,00;
14:14:55;444;50,00;
14:14:58;447;50,00;
14:15:01;446;50,00;
14:15:04;451;50,00;
14:15:07;455;50,00;
14:15:10;444;49,99;
14:15:13;454;49,99;
14:15:16;452;49,98;
14:15:19;446;49,98;
14:15:22;449;49,98;
14:15:25;437;49,98;
14:15:28;443;49,97;
14:15:31;442;49,97;
14:15:34;443;49,97;
14:15:37;446;49,97;
14:15:40;448;49,98;
14:15:46;445;49,99;
14:15:49;440;49,99;
14:15:52;440;49,98;
14:15:55;440;49,99;
14:15:58;440;49,98;
14:16:01;442;49,99;
14:16:04;434;49,99;
14:16:07;443;49,99;
14:16:10;446;50,00;
14:16:13;447;50,00;
14:16:16;450;49,99;
14:16:19;451;49,99;
14:16:22;453;49,98;
14:16:25;455;49,98;
14:16:28;449;49,98;
14:16:31;461;49,98;
14:16:34;462;49,98;
14:16:40;463;49,98;
14:16:43;464;49,98;
14:16:46;465;49,98;
14:16:52;459;49,97;
14:16:55;466;49,97;
14:16:58;466;49,98;
14:17:01;471;49,98;
14:17:04;473;49,98;
14:17:07;468;49,99;
14:17:10;460;49,99;
14:17:13;473;49,99;
14:17:16;467;49,99;
14:17:19;469;49,99;
14:17:22;465;49,99;
14:17:25;460;49,98;
14:17:28;455;49,98;
14:17:31;457;49,98;
14:17:34;460;49,99;
14:17:37;453;49,99;
14:17:40;444;49,99;
14:17:43;448;49,99;
14:17:46;453;49,99;
14:17:49;445;49,98;
14:17:52;446;49,98;
14:17:58;441;49,97;
14:18:01;445;49,97;
14:18:04;429;49,98;
14:18:07;435;49,98;
14:18:10;440;49,99;
14:18:13;430;49,98;
14:18:16;435;49,99;
14:18:19;436;49,99;
14:18:22;427;49,98;
14:18:28;433;49,97;
14:18:31;434;49,97;
14:18:34;433;49,97;
14:18:37;423;49,96;
14:18:43;431;49,96;
14:18:46;432;49,96;
14:18:49;413;49,96;
14:18:52;421;49,96;
14:18:55;422;49,96;
14:18:58;420;49,96;
14:19:01;414;49,97;
14:19:04;421;49,97;
14:19:07;412;49,97;
14:19:10;416;49,97;
14:19:13;412;49,98;
14:19:16;415;49,98;
14:19:19;414;49,98;
14:19:22;413;49,98;
14:19:25;418;49,98;
14:19:28;411;49,97;
14:19:37;409;49,97;
14:19:40;405;49,96;
14:19:43;417;49,96;
14:19:49;420;49,97;
14:19:52;421;49,97;
14:19:55;389;49,97;
14:19:58;416;49,98;
14:20:01;400;49,98;
14:20:04;407;49,98;
14:20:07;401;49,98;
14:20:10;399;49,98;
14:20:13;407;49,98;
14:20:16;406;49,98;
14:20:19;414;49,98;
14:20:22;417;49,98;
14:20:25;411;49,98;
14:20:28;414;49,98;
14:20:31;418;49,98;
14:20:34;415;49,98;
14:20:37;408;49,98;
14:20:40;409;49,98;
14:20:43;413;49,98;
14:20:46;411;49,98;
14:20:49;402;49,98;
14:20:55;411;49,97;
14:20:58;409;49,97;
14:21:01;402;49,98;
14:21:04;410;49,98;
14:21:07;413;49,98;
14:21:10;409;49,98;
14:21:13;410;49,98;
14:21:16;401;49,98;
14:21:19;395;49,98;
14:21:22;399;49,98;
14:21:28;400;49,98;
14:21:31;394;49,99;
14:21:34;399;49,99;
14:21:37;401;49,98;
14:21:40;400;49,98;
14:21:43;397;49,98;
14:21:46;400;49,98;
14:21:49;393;49,98;
14:21:52;402;49,98;
14:21:55;411;49,97;
14:22:01;413;49,98;
14:22:04;416;49,98;
14:22:07;413;49,98;
14:22:10;408;49,98;
14:22:13;403;49,98;
14:22:16;414;49,98;
14:22:19;413;49,98;
14:22:22;419;49,98;
14:22:25;405;49,98;
14:22:28;412;49,99;
14:22:31;418;49,99;
14:22:34;413;49,99;
14:22:37;412;49,99;
14:22:40;410;49,99;
14:22:43;415;49,99;
14:22:46;416;49,99;
14:22:49;414;49,99;
14:22:52;406;49,99;
14:22:55;405;49,99;
14:22:58;401;49,99;
14:23:01;405;49,99;
14:23:07;413;49,99;
14:23:10;416;49,98;
14:23:13;411;49,98;
14:23:16;404;49,98;
14:23:19;412;49,98;
14:23:22;416;49,98;
14:23:25;413;49,98;
14:23:31;413;49,97;
14:23:34;416;49,96;
14:23:37;413;49,96;
14:23:40;404;49,96;
14:23:43;410;49,96;
14:23:46;396;49,96;
14:23:52;402;49,97;
14:23:55;408;49,98;
14:23:58;387;49,98;
14:24:01;407;49,98;
14:24:04;401;49,98;
14:24:07;407;49,98;
14:24:13;408;49,98;
14:24:16;399;49,98;
14:24:19;406;49,98;
14:24:22;395;49,98;
14:24:25;398;49,98;
14:24:28;396;49,98;
14:24:31;399;49,99;
14:24:37;398;49,99;
14:24:40;392;50,00;
14:24:43;396;50,00;
14:24:46;407;50,00;
14:24:49;404;50,00;
14:24:52;406;50,00;
14:24:58;399;49,98;
14:25:01;395;49,98;
14:25:04;391;49,98;
14:25:10;401;49,98;
14:25:13;397;49,99;
14:25:16;400;49,99;
14:25:19;386;49,98;
14:25:22;379;49,98;
14:25:25;385;49,98;
14:25:28;390;49,98;
14:25:31;385;49,98;
14:25:34;396;49,99;
14:25:37;392;49,99;
14:25:40;393;49,98;
14:25:43;389;49,98;
14:25:46;394;49,97;
14:25:49;398;49,97;
14:25:52;390;49,97;
14:25:55;403;49,98;
14:25:58;406;49,98;
14:26:04;406;49,99;
14:26:07;400;49,99;
14:26:10;408;49,99;
14:26:13;410;49,99;
14:26:16;412;49,98;
14:26:19;405;49,98;
14:26:22;413;49,98;
14:26:25;415;49,98;
14:26:28;416;49,97;
14:26:31;409;49,96;
14:26:34;416;49,96;
14:26:37;419;49,96;
14:26:43;412;49,96;
14:26:46;421;49,96;
14:26:49;422;49,97;
14:26:55;417;49,98;
14:26:58;416;49,97;
14:27:01;414;49,98;
14:27:04;420;49,98;
14:27:10;426;49,98;
14:27:13;420;49,98;
14:27:16;426;49,98;
14:27:19;436;49,98;
14:27:22;430;49,98;
14:27:25;426;49,98;
14:27:28;433;49,98;
14:27:31;436;49,98;
14:27:34;441;49,98;
14:27:37;436;49,98;
14:27:40;441;49,97;
14:27:43;447;49,97;
14:27:46;449;49,97;
14:27:49;450;49,97;
14:27:55;451;49,97;
14:27:58;459;49,97;
14:28:01;460;49,97;
14:28:04;460;49,98;
14:28:07;461;49,98;
14:28:10;453;49,98;
14:28:13;463;49,98;
14:28:16;455;49,98;
14:28:22;464;49,97;
14:28:25;457;49,97;
14:28:28;451;49,96;
14:28:31;458;49,96;
14:28:34;455;49,96;
14:28:37;458;49,96;
14:28:40;450;49,96;
14:28:43;465;49,96;
14:28:46;459;49,96;
14:28:49;460;49,96;
14:28:52;457;49,96;
14:28:55;464;49,96;
14:29:04;458;49,96;
14:29:07;464;49,96;
14:29:10;471;49,96;
14:29:13;464;49,96;
14:29:16;462;49,96;
14:29:19;466;49,96;
14:29:22;464;49,97;
14:29:25;467;49,97;
14:29:28;471;49,97;
14:29:31;474;49,96;
14:29:34;481;49,97;
14:29:37;476;49,97;
14:29:40;479;49,97;
14:29:43;486;49,97;
14:29:46;482;49,97;
14:29:49;486;49,97;
14:29:52;481;49,97;
14:29:55;488;49,97;
14:29:58;493;49,98;
14:30:01;490;49,98;
14:30:07;491;49,97;
14:30:10;500;49,96;
14:30:13;494;49,96;
14:30:16;490;49,96;
14:30:19;493;49,96;
14:30:22;488;49,96;
14:30:25;499;49,96;
14:30:28;497;49,96;
14:30:31;501;49,97;
14:30:34;498;49,97;
14:30:37;508;49,97;
14:30:40;512;49,97;
14:30:43;513;49,97;
14:30:46;507;49,96;
14:30:49;515;49,96;
14:30:52;522;49,96;
14:30:55;525;49,96;
14:30:58;541;49,96;
14:31:01;542;49,96;
14:31:04;538;49,97;
14:31:07;539;49,97;
14:31:13;549;49,96;
14:31:16;550;49,96;
14:31:19;554;49,97;
14:31:22;555;49,96;
14:31:25;559;49,96;
14:31:28;562;49,96;
14:31:31;563;49,96;
14:31:34;566;49,96;
14:31:37;573;49,95;
14:31:40;575;49,95;
14:31:43;581;49,95;
14:31:46;583;49,96;
14:31:49;586;49,96;
14:31:52;589;49,97;
14:31:55;589;49,96;
14:31:58;593;49,96;
14:32:01;594;49,96;
14:32:04;598;49,96;
14:32:07;591;49,96;
14:32:10;601;49,96;
14:32:16;602;49,96;
14:32:19;604;49,96;
14:32:22;610;49,96;
14:32:25;614;49,96;
14:32:28;616;49,95;
14:32:31;617;49,95;
14:32:34;618;49,95;
14:32:37;616;49,94;
14:32:40;624;49,94;
14:32:43;630;49,95;
14:32:46;630;49,96;
14:32:49;627;49,96;
14:32:52;633;49,96;
14:32:55;638;49,96;
14:32:58;640;49,95;
14:33:04;649;49,95;
14:33:07;650;49,95;
14:33:10;656;49,96;
14:33:13;657;49,96;
14:33:16;659;49,96;
14:33:19;663;49,95;
14:33:22;662;49,95;
14:33:25;666;49,95;
14:33:28;669;49,94;
14:33:31;672;49,94;
14:33:34;673;49,94;
14:33:37;675;49,94;
14:33:40;674;49,94;
14:33:43;675;49,95;
14:33:46;674;49,95;
14:33:49;677;49,96;
14:33:52;677;49,95;
14:33:55;676;49,95;
14:34:01;677;49,94;
14:34:04;679;49,95;
14:34:10;680;49,95;
14:34:13;683;49,95;
14:34:16;684;49,95;
14:34:19;685;49,95;
14:34:22;686;49,95;
14:34:28;682;49,95;
14:34:31;686;49,95;
14:34:34;693;49,95;
14:34:37;695;49,95;
14:34:40;699;49,95;
14:34:43;700;49,95;
14:34:46;704;49,95;
14:34:49;705;49,96;
14:34:52;706;49,96;
14:34:55;709;49,96;
14:34:58;713;49,96;
14:35:01;713;49,97;
14:35:04;715;49,97;
14:35:07;718;49,97;
14:35:10;718;49,96;
14:35:16;721;49,96;
14:35:19;720;49,96;
14:35:22;723;49,95;
14:35:25;724;49,95;
14:35:28;720;49,96;
14:35:31;725;49,96;
14:35:34;721;49,95;
14:35:37;731;49,95;
14:35:40;730;49,95;
14:35:43;726;49,95;
14:35:46;721;49,95;
14:35:49;732;49,95;
14:35:52;722;49,95;
14:35:55;727;49,95;
14:36:01;726;49,95;
14:36:04;721;49,95;
14:36:07;725;49,95;
14:36:10;725;49,94;
14:36:22;723;49,95;
14:36:25;726;49,95;
14:36:28;728;49,95;
14:36:31;728;49,96;
14:36:34;729;49,96;
14:36:37;731;49,96;
14:36:40;730;49,96;
14:36:46;737;49,96;
14:36:49;740;49,96;
14:36:52;742;49,96;
14:36:55;749;49,96;
14:36:58;750;49,96;
14:37:01;756;49,96;
14:37:07;765;49,96;
14:37:10;769;49,96;
14:37:13;774;49,96;
14:37:16;777;49,96;
14:37:19;782;49,96;
14:37:22;786;49,96;
14:37:25;788;49,96;
14:37:28;792;49,95;
14:37:31;803;49,95;
14:37:34;799;49,95;
14:37:37;799;49,94;
14:37:40;805;49,94;
14:37:43;814;49,94;
14:37:46;811;49,94;
14:37:49;817;49,95;
14:37:52;815;49,95;
14:37:55;819;49,95;
14:37:58;812;49,95;
14:38:01;811;49,95;
14:38:03;816;49,95;
14:38:05;818;49,96;
14:38:11;819;49,96;
14:38:17;819;49,95;
14:38:20;814;49,96;
14:38:23;818;49,95;
14:38:26;815;49,95;
14:38:29;814;49,95;
14:38:35;813;49,94;
14:38:41;814;49,94;
14:38:44;810;49,95;
14:38:47;812;49,95;
14:38:50;810;49,96;
14:38:53;809;49,96;
14:38:56;808;49,96;
14:38:59;810;49,96;
14:39:01;810;49,97;
14:39:10;811;49,96;
14:39:19;810;49,96;
14:39:22;814;49,96;
14:39:25;816;49,95;
14:39:31;812;49,95;
14:39:34;827;49,95;
14:39:37;821;49,96;
14:39:40;827;49,96;
14:39:43;820;49,97;
14:39:46;832;49,97;
14:39:52;834;49,97;
14:39:58;837;49,98;
14:40:01;836;49,97;
14:40:04;839;49,97;
14:40:07;841;49,96;
14:40:09;842;49,96;
14:40:11;846;49,96;
14:40:17;850;49,96;
14:40:20;849;49,96;
14:40:23;852;49,96;
14:40:26;851;49,97;
14:40:29;852;49,98;
14:40:32;847;49,98;
14:40:35;848;49,98;
14:40:38;846;49,98;
14:40:41;855;49,97;
14:40:47;862;49,96;
14:40:50;860;49,96;
14:40:53;860;49,95;
14:40:56;855;49,95;
14:40:59;856;49,95;
14:41:02;860;49,95;
14:41:05;857;49,95;
14:41:08;862;49,94;
14:41:11;861;49,94;
14:41:14;864;49,94;
14:41:17;865;49,94;
14:41:20;869;49,95;
14:41:23;870;49,95;
14:41:26;877;49,94;
14:41:32;882;49,94;
14:41:38;889;49,94;
14:41:41;887;49,94;
14:41:44;897;49,94;
14:41:47;896;49,95;
14:41:50;902;49,95;
14:41:53;904;49,95;
14:41:56;910;49,95;
14:41:59;912;49,96;
14:42:02;915;49,96;
14:42:05;917;49,96;
14:42:08;922;49,95;
14:42:11;924;49,95;
14:42:14;929;49,95;
14:42:17;932;49,94;
14:42:20;937;49,94;
14:42:23;936;49,94;
14:42:26;942;49,94;
14:42:29;940;49,94;
14:42:32;946;49,93;
14:42:38;951;49,94;
14:42:41;945;49,94;
14:42:44;953;49,94;
14:42:47;958;49,95;
14:42:50;957;49,96;
14:42:53;951;49,96;
14:42:56;963;49,96;
14:42:59;958;49,96;
14:43:02;960;49,97;
14:43:05;963;49,97;
14:43:08;964;49,96;
14:43:11;965;49,96;
14:43:14;967;49,96;
14:43:23;969;49,95;
14:43:29;971;49,94;
14:43:32;972;49,95;
14:43:35;973;49,96;
14:43:44;977;49,96;
14:43:47;977;49,97;
14:43:50;977;49,96;
14:43:56;978;49,96;
14:43:59;977;49,96;
14:44:02;975;49,95;
14:44:05;979;49,95;
14:44:08;981;49,95;
14:44:11;982;49,96;
14:44:14;983;49,96;
14:44:17;985;49,96;
14:44:20;987;49,96;
14:44:23;986;49,96;
14:44:26;984;49,96;
14:44:29;991;49,96;
14:44:32;992;49,96;
14:44:38;999;49,95;
14:44:41;995;49,95;
14:44:44;994;49,95;
14:44:50;993;49,95;
14:44:53;999;49,95;
14:44:56;1006;49,96;
14:44:59;1004;49,96;
14:45:02;996;49,96;
14:45:07;1003;49,96;
14:45:10;1000;49,96;
14:45:13;1004;49,96;
14:45:16;1001;49,97;
14:45:19;1002;49,97;
14:45:22;1004;49,97;
14:45:25;1001;49,97;
14:45:28;1004;49,97;
14:45:31;1004;49,96;
14:45:37;1002;49,98;
14:45:39;1006;49,98;
14:45:42;1001;49,97;
14:45:45;1015;49,98;
14:45:48;1011;49,98;
14:45:50;1006;49,98;
14:45:55;1012;49,98;
14:45:58;1019;49,98;
14:46:01;1020;49,98;
14:46:04;1009;49,98;
14:46:06;1018;49,98;
14:46:08;1016;49,98;
14:46:10;1018;49,98;
14:46:12;1020;49,98;
14:46:19;1015;49,98;
14:46:23;1023;49,97;
14:46:26;1024;49,97;
14:46:29;1025;49,98;
14:46:32;1026;49,97;
14:46:35;1025;49,97;
14:46:39;1027;49,96;
14:46:45;1029;49,96;
14:46:48;1031;49,97;
14:46:50;1021;49,98;
14:46:52;1029;49,98;
14:46:55;1028;49,97;
14:46:58;1029;49,98;
14:47:00;1026;49,98;
14:47:02;1022;49,97;
14:47:05;1026;49,97;
14:47:09;1024;49,96;
14:47:12;1023;49,96;
14:47:14;1014;49,96;
14:47:17;1016;49,96;
14:47:20;1018;49,96;
14:47:23;1015;49,97;
14:47:26;1010;49,97;
14:47:29;1007;49,97;
14:47:32;1003;49,97;
14:47:35;998;49,97;
14:47:38;996;49,97;
14:47:41;983;49,96;
14:47:48;987;49,96;
14:47:50;980;49,97;
14:47:52;969;49,97;
14:47:55;971;49,97;
14:47:57;962;49,98;
14:48:07;947;49,98;
14:48:09;943;49,98;
14:48:12;939;49,98;
14:48:19;931;49,98;
14:48:22;922;49,97;
14:48:28;914;49,96;
14:48:32;906;49,96;
14:48:39;907;49,96;
14:48:42;901;49,96;
14:48:44;901;49,97;
14:48:45;900;49,97;
14:48:49;899;49,97;
14:48:52;890;49,97;
14:48:54;894;49,97;
14:49:01;891;49,97;
14:49:03;892;49,97;
14:49:09;894;49,97;
14:49:12;890;49,97;
14:49:14;893;49,97;
14:49:18;889;49,97;
14:49:21;893;49,97;
14:49:24;891;49,97;
14:49:27;898;49,97;
14:49:30;897;49,97;
14:49:32;900;49,97;
14:49:34;906;49,98;
14:49:36;912;49,98;
14:49:38;916;49,98;
14:49:41;924;49,98;
14:49:43;927;49,98;
14:49:50;939;49,98;
14:49:52;949;49,98;
14:49:56;957;49,98;
14:50:03;972;49,99;
14:50:06;977;49,98;
14:50:11;991;49,98;
14:50:13;1001;49,98;
14:50:15;1009;49,98;
14:50:21;1012;49,98;
14:50:25;1037;49,98;
14:50:28;1049;49,98;
14:50:30;1061;49,98;
14:50:36;1074;49,98;
14:50:40;1083;49,98;
14:50:43;1086;49,98;
14:50:46;1105;49,98;
14:50:49;1116;49,98;
14:50:53;1119;49,97;
14:50:55;1128;49,97;
14:50:57;1132;49,97;
14:51:00;1140;49,97;
14:51:06;1137;49,97;
14:51:10;1144;49,97;
14:51:12;1146;49,98;
14:51:18;1150;49,98;
14:51:23;1152;49,98;
14:51:26;1158;49,98;
14:51:30;1157;49,97;
14:51:32;1160;49,97;
14:51:38;1157;49,97;
14:51:40;1162;49,97;
14:51:46;1155;49,97;
14:51:50;1160;49,98;
14:51:52;1164;49,98;
14:52:01;1163;49,99;
14:52:04;1165;50,00;
14:52:11;1166;50,00;
14:52:13;1168;50,00;
14:52:19;1164;50,00;
14:52:22;1169;50,00;
14:52:24;1170;50,00;
14:52:31;1171;50,00;
14:52:33;1174;50,00;
14:52:35;1171;50,00;
14:52:37;1170;49,99;
14:52:41;1172;49,99;
14:52:44;1163;49,99;
14:52:46;1172;49,99;
14:52:51;1177;49,98;
14:52:54;1167;49,98;
14:52:58;1175;49,99;
14:53:02;1178;49,99;
14:53:05;1167;49,99;
14:53:09;1167;49,98;
14:53:12;1172;49,98;
14:53:14;1168;49,98;
14:53:20;1161;49,99;
14:53:24;1156;49,99;
14:53:28;1147;49,99;
14:53:31;1142;49,99;
14:53:34;1131;49,99;
14:53:36;1133;49,99;
14:53:42;1120;49,99;
14:53:44;1103;49,99;
14:53:50;1101;49,99;
14:53:54;1091;49,98;
14:53:57;1085;49,99;
14:54:00;1075;49,99;
14:54:04;1069;49,99;
14:54:07;1063;49,99;
14:54:09;1056;49,98;
14:54:12;1053;49,98;
14:54:16;1048;49,98;
14:54:18;1046;49,98;
14:54:25;1032;49,98;
14:54:29;1027;49,99;
14:54:32;1022;49,99;
14:54:34;1019;50,00;
14:54:37;1006;50,00;
14:54:44;1009;50,00;
14:54:46;1005;49,99;
14:54:48;991;50,00;
14:54:52;993;50,00;
14:54:56;986;50,00;
14:54:58;979;50,00;
14:55:02;976;49,99;
14:55:08;969;49,98;
14:55:10;965;49,98;
14:55:16;964;49,98;
14:55:18;959;49,98;
14:55:20;957;49,98;
14:55:22;954;49,97;
14:55:28;951;49,97;
14:55:31;947;49,97;
14:55:35;942;49,97;
14:55:38;935;49,97;
14:55:41;930;49,97;
14:55:45;931;49,98;
14:55:48;933;49,98;
14:55:51;922;49,98;
14:55:55;917;49,98;
14:55:58;910;49,98;
14:56:01;917;49,98;
14:56:05;912;49,99;
14:56:08;903;49,99;
14:56:14;895;49,99;
14:56:17;893;49,99;
14:56:20;889;49,98;
14:56:23;885;49,98;
14:56:25;879;49,98;
14:56:28;874;49,98;
14:56:36;873;49,98;
14:56:39;866;49,98;
14:56:42;858;49,98;
14:56:45;855;49,99;
14:56:46;846;50,00;
14:56:53;843;50,00;
14:56:56;841;50,01;
14:56:59;839;50,01;
14:57:02;834;50,01;
14:57:05;827;50,01;
14:57:08;825;50,01;
14:57:11;822;50,01;
14:57:15;817;50,01;
14:57:18;813;50,00;
14:57:24;805;49,99;
14:57:26;809;49,99;
14:57:29;807;49,99;
14:57:33;803;49,99;
14:57:36;802;49,99;
14:57:39;809;49,98;
14:57:42;797;49,99;
14:57:45;803;49,99;
14:57:48;799;49,99;
14:57:51;797;49,99;
14:57:55;792;49,98;
14:57:58;802;49,98;
14:58:05;798;49,98;
14:58:08;800;49,98;
14:58:11;797;49,98;
14:58:15;800;49,98;
14:58:18;800;49,97;
14:58:21;798;49,97;
14:58:25;802;49,97;
14:58:28;805;49,97;
14:58:31;805;49,98;
14:58:35;809;49,98;
14:58:36;811;49,97;
14:58:40;821;49,97;
14:58:47;823;49,96;
14:58:50;832;49,96;
14:58:53;843;49,96;
14:58:56;851;49,96;
14:58:59;857;49,97;
14:59:02;861;49,97;
14:59:05;872;49,97;
14:59:08;877;49,96;
14:59:11;885;49,97;
14:59:14;886;49,96;
14:59:17;894;49,96;
14:59:20;896;49,96;
14:59:23;900;49,96;
14:59:26;902;49,97;
14:59:29;900;49,96;
14:59:32;904;49,96;
14:59:36;905;49,96;
14:59:39;901;49,97;
14:59:40;902;49,97;
14:59:43;902;49,98;
14:59:46;898;49,98;
14:59:49;895;49,98;
14:59:56;883;49,99;
14:59:59;875;49,99;
15:00:00;870;49,99;
15:00:04;863;49,99;
15:00:07;857;49,98;
15:00:10;851;49,98;
15:00:13;868;49,98;
15:00:16;852;49,98;
15:00:19;829;49,98;
15:00:20;823;49,98;
15:00:24;814;49,98;
15:00:27;811;49,98;
15:00:30;806;49,98;
15:00:33;793;49,97;
15:00:39;780;49,97;
15:00:42;778;49,97;
15:00:46;774;49,98;
15:00:47;765;49,99;
15:00:51;766;49,99;
15:00:57;760;49,99;
15:01:00;763;49,99;
15:01:03;743;50,00;
15:01:06;750;50,00;
15:01:07;752;50,00;
15:01:13;750;50,00;
15:01:17;747;50,00;
15:01:20;743;50,00;
15:01:23;738;50,00;
15:01:27;741;50,00;
15:01:30;742;50,00;
15:01:33;735;50,00;
15:01:36;729;50,00;
15:01:39;732;50,00;
15:01:45;727;50,00;
15:01:48;723;50,00;
15:01:51;722;50,00;
15:01:55;724;50,00;
15:01:58;718;50,01;
15:02:01;719;50,01;
15:02:07;712;50,01;
15:02:10;711;50,01;
15:02:13;704;50,00;
15:02:16;705;50,00;
15:02:19;699;49,99;
15:02:22;696;49,99;
15:02:25;690;49,99;
15:02:31;680;49,99;
15:02:34;677;49,99;
15:02:37;667;49,99;
15:02:40;661;49,98;
15:02:43;654;49,98;
15:02:46;649;49,98;
15:02:47;640;49,99;
15:02:53;635;50,00;
15:02:56;621;50,00;
15:02:59;629;50,00;
15:03:02;617;50,00;
15:03:05;603;50,00;
15:03:06;606;50,00;
15:03:12;604;50,00;
15:03:15;594;49,99;
15:03:18;588;49,99;
15:03:21;590;49,99;
15:03:24;587;49,98;
15:03:27;584;49,99;
15:03:33;578;49,99;
15:03:36;578;49,98;
15:03:39;576;49,98;
15:03:42;575;49,98;
15:03:46;574;49,97;
15:03:52;575;49,97;
15:03:56;574;49,98;
15:04:02;575;49,98;
15:04:05;573;49,98;
15:04:08;570;49,98;
15:04:11;568;49,98;
15:04:20;570;49,98;
15:04:23;569;49,98;
15:04:26;557;49,99;
15:04:29;563;49,98;
15:04:32;549;49,98;
15:04:35;551;49,98;
15:04:38;550;49,98;
15:04:41;555;49,98;
15:04:44;559;49,98;
15:04:47;552;49,98;
15:04:50;539;49,98;
15:04:53;546;49,99;
15:04:56;532;49,99;
15:04:59;535;49,99;
15:05:05;534;49,99;
15:05:08;544;49,98;
15:05:11;542;49,98;
15:05:14;533;49,98;
15:05:17;536;49,97;
15:05:20;543;49,97;
15:05:26;538;49,97;
15:05:29;547;49,97;
15:05:32;549;49,97;
15:05:35;551;49,98;
15:05:38;544;49,98;
15:05:41;551;49,98;
15:05:44;555;49,98;
15:05:47;545;49,98;
15:05:50;549;49,99;
15:05:53;558;49,99;
15:05:56;566;50,00;
15:05:59;558;50,00;
15:06:02;554;50,00;
15:06:05;566;50,00;
15:06:08;557;50,00;
15:06:11;561;50,00;
15:06:14;569;50,00;
15:06:20;567;50,00;
15:06:23;574;50,00;
15:06:26;581;50,00;
15:06:32;590;49,99;
15:06:35;589;50,00;
15:06:36;598;49,99;
15:06:42;602;50,00;
15:06:45;616;50,00;
15:06:48;623;50,00;
15:07:00;628;49,99;
15:07:03;631;50,00;
15:07:06;635;50,00;
15:07:09;637;50,00;
15:07:12;635;50,00;
15:07:15;642;50,00;
15:07:18;649;50,00;
15:07:21;650;49,99;
15:07:24;651;49,99;
15:07:27;652;49,98;
15:07:30;657;49,98;
15:07:33;660;49,98;
15:07:36;663;49,99;
15:07:39;670;49,99;
15:07:42;676;49,99;
15:07:48;682;49,99;
15:07:51;687;49,99;
15:07:54;691;49,98;
15:08:00;702;49,98;
15:08:03;697;49,98;
15:08:06;714;49,98;
15:08:09;712;49,98;
15:08:12;714;49,98;
15:08:15;721;49,98;
15:08:18;718;49,98;
15:08:21;730;49,98;
15:08:24;735;49,98;
15:08:27;738;49,98;
15:08:30;740;49,98;
15:08:33;744;49,98;
15:08:36;746;49,98;
15:08:39;752;49,98;
15:08:45;755;49,98;
15:08:48;759;49,98;
15:08:51;763;49,98;
15:08:54;761;49,98;
15:08:57;768;49,99;
15:09:00;770;50,00;
15:09:03;771;50,00;
15:09:06;778;50,00;
15:09:09;782;50,00;
15:09:12;785;50,00;
15:09:15;798;50,00;
15:09:18;808;49,99;
15:09:21;814;49,98;
15:09:24;811;49,98;
15:09:27;822;49,97;
15:09:30;830;49,97;
15:09:33;840;49,97;
15:09:36;843;49,97;
15:09:39;851;49,98;
15:09:42;854;49,98;
15:09:45;860;49,98;
15:09:51;866;49,99;
15:09:54;865;49,99;
15:09:57;866;49,98;
15:10:00;868;49,98;
15:10:03;869;49,98;
15:10:06;868;49,98;
15:10:09;867;49,98;
15:10:12;866;49,98;
15:10:15;863;49,98;
15:10:18;859;49,98;
15:10:21;858;49,98;
15:10:24;856;49,98;
15:10:27;852;49,98;
15:10:30;851;49,98;
15:10:33;846;49,98;
15:10:36;843;49,98;
15:10:39;836;49,98;
15:10:42;832;49,98;
15:10:45;827;49,98;
15:10:48;823;49,98;
15:10:51;816;49,98;
15:10:57;806;49,97;
15:11:00;805;49,98;
15:11:03;800;49,98;
15:11:06;793;49,98;
15:11:09;782;49,98;
15:11:12;786;49,98;
15:11:15;776;49,98;
15:11:18;783;49,98;
15:11:21;767;49,97;
15:11:24;769;49,97;
15:11:27;767;49,97;
15:11:30;764;49,97;
15:11:33;758;49,98;
15:11:36;757;49,98;
15:11:39;758;49,98;
15:11:45;752;49,97;
15:11:48;755;49,97;
15:11:51;752;49,98;
15:11:54;748;49,98;
15:11:57;746;49,99;
15:12:03;754;49,98;
15:12:06;751;49,98;
15:12:09;757;49,98;
15:12:12;763;49,98;
15:12:15;772;49,98;
15:12:18;775;49,98;
15:12:21;778;49,98;
15:12:24;780;49,98;
15:12:27;785;49,98;
15:12:30;792;49,98;
15:12:33;799;49,98;
15:12:36;800;49,98;
15:12:39;803;49,98;
15:12:42;810;49,98;
15:12:45;814;49,98;
15:12:48;822;49,98;
15:12:51;824;49,98;
15:12:54;833;49,98;
15:12:57;835;49,98;
15:13:00;839;49,98;
15:13:03;841;49,98;
15:13:06;839;49,98;
15:13:09;855;49,98;
15:13:12;853;49,98;
15:13:15;863;49,98;
15:13:18;875;49,98;
15:13:21;870;49,98;
15:13:24;885;49,98;
15:13:27;890;49,98;
15:13:30;891;49,97;
15:13:33;902;49,97;
15:13:36;912;49,97;
15:13:39;916;49,97;
15:13:42;925;49,97;
15:13:45;929;49,97;
15:13:48;933;49,97;
15:13:54;942;49,97;
15:13:57;943;49,97;
15:14:00;949;49,98;
15:14:03;948;49,98;
15:14:06;947;49,98;
15:14:09;960;49,98;
15:14:12;959;49,98;
15:14:15;952;49,97;
15:14:18;971;49,97;
15:14:21;970;49,97;
15:14:27;984;49,97;
15:14:30;991;49,97;
15:14:33;990;49,97;
15:14:36;995;49,98;
15:14:39;1001;49,98;
15:14:42;1005;49,98;
15:14:45;1009;49,98;
15:14:48;1010;49,98;
15:14:51;1015;49,98;
15:14:54;1014;49,98;
15:15:00;1010;49,99;
15:15:03;1013;49,98;
15:15:06;1010;49,98;
15:15:12;1006;49,98;
15:15:15;1008;49,98;
15:15:18;1004;49,98;
15:15:21;999;49,98;
15:15:24;990;49,98;
15:15:27;991;49,98;
15:15:30;984;49,98;
15:15:33;981;49,98;
15:15:36;975;49,98;
15:15:39;974;49,98;
15:15:42;972;49,98;
15:15:45;969;49,98;
15:15:48;963;49,98;
15:15:51;965;49,97;
15:15:54;964;49,98;
15:16:00;969;49,98;
15:16:06;966;49,98;
15:16:09;980;49,98;
15:16:12;983;49,98;
15:16:15;978;49,98;
15:16:18;981;49,97;
15:16:21;994;49,97;
15:16:24;995;49,97;
15:16:27;1001;49,97;
15:16:30;1001;49,98;
15:16:33;1011;49,98;
15:16:36;1013;49,98;
15:16:39;1016;49,99;
15:16:42;1022;49,98;
15:16:48;1028;49,98;
15:16:51;1029;49,98;
15:16:54;1033;49,97;
15:16:57;1035;49,97;
15:17:00;1039;49,97;
15:17:03;1038;49,98;
15:17:06;1041;49,98;
15:17:12;1038;49,98;
15:17:15;1037;49,98;
15:17:18;1038;49,98;
15:17:21;1034;49,98;
15:17:24;1035;49,98;
15:17:27;1029;49,98;
15:17:30;1027;49,98;
15:17:33;1026;49,98;
15:17:36;1021;49,98;
15:17:39;1013;49,98;
15:17:45;1006;49,98;
15:17:48;1001;49,98;
15:17:51;993;49,98;
15:17:57;981;49,98;
15:18:00;977;49,98;
15:18:03;965;49,98;
15:18:09;957;49,98;
15:18:12;941;49,98;
15:18:15;947;49,98;
15:18:18;934;49,98;
15:18:21;913;49,97;
15:18:24;914;49,97;
15:18:27;903;49,98;
15:18:30;901;49,98;
15:18:33;884;49,98;
15:18:36;887;49,98;
15:18:39;885;49,98;
15:18:42;878;49,98;
15:18:45;870;49,98;
15:18:48;871;49,98;
15:18:51;869;49,98;
15:18:57;862;49,98;
15:19:03;867;49,98;
15:19:06;868;49,98;
15:19:09;860;49,98;
15:19:12;876;49,98;
15:19:15;883;49,98;
15:19:18;879;49,97;
15:19:21;888;49,97;
15:19:24;884;49,97;
15:19:27;900;49,97;
15:19:30;913;49,97;
15:19:33;928;49,97;
15:19:36;926;49,97;
15:19:39;948;49,98;
15:19:42;952;49,98;
15:19:45;962;49,98;
15:19:48;975;49,98;
15:19:51;995;49,98;
15:19:54;998;49,98;
15:19:57;1022;49,98;
15:20:00;1031;49,98;
15:20:03;1051;49,98;
15:20:09;1080;49,98;
15:20:12;1088;49,98;
15:20:15;1109;49,98;
15:20:18;1116;49,98;
15:20:21;1139;49,98;
15:20:24;1147;49,98;
15:20:27;1158;49,98;
15:20:30;1167;49,98;
15:20:33;1197;49,99;
15:20:36;1206;49,99;
15:20:39;1227;49,99;
15:20:42;1226;49,99;
15:20:45;1258;49,98;
15:20:48;1267;49,98;
15:20:51;1276;49,98;
15:20:54;1288;49,98;
15:20:57;1313;49,99;
15:21:00;1321;49,99;
15:21:03;1337;49,99;
15:21:09;1357;49,99;
15:21:15;1370;49,98;
15:21:18;1363;49,98;
15:21:21;1375;49,97;
15:21:24;1382;49,97;
15:21:27;1375;49,96;
15:21:30;1366;49,96;
15:21:33;1370;49,96;
15:21:36;1368;49,96;
15:21:39;1359;49,96;
15:21:42;1353;49,97;
15:21:45;1347;49,97;
15:21:48;1345;49,97;
15:21:51;1338;49,98;
15:21:54;1337;49,98;
15:22:00;1328;49,98;
15:22:03;1322;49,98;
15:22:06;1321;49,97;
15:22:09;1313;49,97;
15:22:12;1315;49,96;
15:22:15;1310;49,96;
15:22:21;1309;49,96;
15:22:24;1304;49,96;
15:22:27;1302;49,96;
15:22:30;1301;49,96;
15:22:33;1297;49,96;
15:22:36;1298;49,96;
15:22:39;1295;49,96;
15:22:42;1299;49,96;
15:22:45;1297;49,96;
15:22:48;1303;49,96;
15:22:51;1301;49,96;
15:22:54;1306;49,97;
15:22:57;1304;49,97;
15:23:00;1310;49,97;
15:23:06;1310;49,98;
15:23:09;1305;49,98;
15:23:12;1309;49,97;
15:23:15;1302;49,97;
15:23:18;1303;49,96;
15:23:21;1298;49,96;
15:23:24;1301;49,96;
15:23:27;1298;49,96;
15:23:30;1294;49,96;
15:23:33;1288;49,96;
15:23:36;1287;49,95;
15:23:39;1279;49,95;
15:23:45;1273;49,95;
15:23:48;1272;49,95;
15:23:51;1262;49,95;
15:23:54;1260;49,96;
15:23:57;1256;49,96;
15:24:00;1253;49,96;
15:24:03;1247;49,97;
15:24:06;1245;49,97;
15:24:12;1240;49,96;
15:24:15;1229;49,96;
15:24:18;1237;49,96;
15:24:21;1238;49,96;
15:24:24;1233;49,97;
15:24:27;1222;49,97;
15:24:30;1232;49,97;
15:24:33;1229;49,98;
15:24:36;1228;49,98;
15:24:39;1222;49,98;
15:24:42;1225;49,98;
15:24:45;1224;49,98;
15:24:51;1224;49,97;
15:24:54;1217;49,97;
15:24:57;1219;49,97;
15:25:00;1220;49,97;
15:25:03;1217;49,97;
15:25:06;1212;49,98;
15:25:12;1206;49,98;
15:25:18;1198;49,99;
15:25:21;1196;49,99;
15:25:24;1188;49,98;
15:25:27;1180;49,98;
15:25:30;1174;49,98;
15:25:33;1171;49,98;
15:25:36;1163;49,97;
15:25:42;1148;49,97;
15:25:45;1143;49,97;
15:25:48;1134;49,97;
15:25:51;1127;49,97;
15:25:54;1119;49,97;
15:25:57;1114;49,97;
15:26:00;1107;49,97;
15:26:03;1104;49,98;
15:26:06;1096;49,98;
15:26:09;1094;49,98;
15:26:12;1091;49,98;
15:26:15;1089;49,98;
15:26:18;1082;49,98;
15:26:24;1088;49,98;
15:26:27;1085;49,98;
15:26:30;1093;49,97;
15:26:33;1087;49,97;
15:26:36;1082;49,97;
15:26:39;1091;49,97;
15:26:42;1095;49,97;
15:26:45;1088;49,98;
15:26:48;1098;49,98;
15:26:51;1101;49,98;
15:26:54;1103;49,98;
15:26:57;1106;49,97;
15:27:00;1109;49,97;
15:27:03;1113;49,97;
15:27:09;1124;49,97;
15:27:12;1126;49,97;
15:27:15;1133;49,97;
15:27:18;1138;49,97;
15:27:21;1147;49,97;
15:27:24;1149;49,96;
15:27:27;1151;49,96;
15:27:30;1159;49,96;
15:27:33;1175;49,96;
15:27:36;1181;49,96;
15:27:39;1192;49,96;
15:27:42;1196;49,96;
15:27:45;1210;49,96;
15:27:48;1214;49,96;
15:27:51;1217;49,97;
15:27:54;1233;49,97;
15:27:57;1246;49,98;
15:28:00;1255;49,98;
15:28:03;1269;49,98;
15:28:06;1274;49,98;
15:28:09;1291;49,98;
15:28:15;1313;49,98;
15:28:18;1318;49,98;
15:28:21;1331;49,99;
15:28:24;1336;49,99;
15:28:27;1345;49,98;
15:28:30;1348;49,98;
15:28:33;1350;49,98;
15:28:36;1356;49,98;
15:28:39;1364;49,97;
15:28:42;1367;49,97;
15:28:45;1370;49,97;
15:28:48;1368;49,98;
15:28:51;1370;49,97;
15:28:54;1371;49,97;
15:28:57;1367;49,97;
15:29:00;1364;49,97;
15:29:03;1359;49,97;
15:29:06;1355;49,96;
15:29:09;1349;49,97;
15:29:12;1347;49,97;
15:29:15;1339;49,98;
15:29:21;1332;49,97;
15:29:24;1324;49,97;
15:29:27;1307;49,97;
15:29:30;1311;49,97;
15:29:33;1305;49,96;
15:29:36;1299;49,96;
15:29:39;1298;49,96;
15:29:42;1281;49,97;
15:29:45;1280;49,97;
15:29:48;1276;49,97;
15:29:51;1264;49,98;
15:29:54;1265;49,98;
15:29:57;1257;49,98;
15:30:03;1255;49,98;
15:30:06;1253;49,98;
15:30:09;1245;49,98;
15:30:12;1262;49,98;
15:30:15;1242;49,98;
15:30:18;1246;49,98;
15:30:21;1237;49,98;
15:30:27;1239;49,97;
15:30:30;1242;49,97;
15:30:33;1239;49,97;
15:30:36;1245;49,97;
15:30:39;1242;49,97;
15:30:42;1246;49,97;
15:30:45;1248;49,97;
15:30:48;1244;49,97;
15:30:51;1252;49,97;
15:30:54;1255;49,96;
15:30:57;1255;49,97;
15:31:00;1262;49,97;
15:31:03;1265;49,96;
15:31:06;1270;49,96;
15:31:12;1278;49,96;
15:31:15;1279;49,97;
15:31:18;1283;49,97;
15:31:21;1286;49,97;
15:31:24;1296;49,97;
15:31:27;1292;49,96;
15:31:30;1297;49,96;
15:31:33;1289;49,96;
15:31:36;1303;49,97;
15:31:39;1302;49,97;
15:31:42;1296;49,97;
15:31:45;1303;49,98;
15:31:48;1303;49,97;
15:31:51;1301;49,97;
15:31:57;1295;49,97;
15:32:00;1286;49,96;
15:32:03;1287;49,96;
15:32:06;1278;49,96;
15:32:09;1274;49,97;
15:32:12;1256;49,97;
15:32:18;1242;49,97;
15:32:21;1234;49,97;
15:32:24;1212;49,97;
15:32:27;1214;49,97;
15:32:30;1196;49,97;
15:32:33;1187;49,97;
15:32:36;1181;49,97;
15:32:39;1169;49,97;
15:32:42;1144;49,97;
15:32:45;1138;49,97;
15:32:48;1111;49,98;
15:32:51;1112;49,98;
15:32:54;1094;49,98;
15:32:57;1084;49,98;
15:33:00;1080;49,98;
15:33:03;1065;49,98;
15:33:06;1039;49,98;
15:33:12;1020;49,98;
15:33:15;1015;49,98;
15:33:18;997;49,98;
15:33:24;980;49,97;
15:33:27;973;49,97;
15:33:30;963;49,97;
15:33:33;955;49,97;
15:33:36;937;49,97;
15:33:42;930;49,97;
15:33:45;922;49,96;
15:33:48;895;49,96;
15:33:51;896;49,96;
15:33:54;881;49,97;
15:33:57;873;49,97;
15:34:00;867;49,96;
15:34:03;860;49,96;
15:34:06;852;49,96;
15:34:09;840;49,97;
15:34:12;821;49,97;
15:34:15;828;49,97;
15:34:18;814;49,96;
15:34:24;801;49,96;
15:34:30;783;49,97;
15:34:33;788;49,97;
15:34:36;779;49,97;
15:34:39;768;49,97;
15:34:42;757;49,97;
15:34:45;759;49,97;
15:34:48;753;49,97;
15:34:51;752;49,97;
15:34:54;742;49,96;
15:34:57;744;49,96;
15:35:00;731;49,97;
15:35:03;722;49,97;
15:35:06;715;49,97;
15:35:09;705;49,97;
15:35:12;707;49,97;
15:35:15;702;49,97;
15:35:18;695;49,97;
15:35:21;701;49,96;
15:35:24;689;49,96;
15:35:27;684;49,97;
15:35:30;681;49,96;
15:35:36;674;49,96;
15:35:39;664;49,96;
15:35:42;666;49,96;
15:35:45;664;49,96;
15:35:48;659;49,96;
15:35:51;648;49,96;
15:35:54;649;49,96;
15:35:57;648;49,96;
15:36:00;642;49,96;
15:36:03;631;49,96;
15:36:06;630;49,96;
15:36:09;623;49,96;
15:36:12;621;49,96;
15:36:15;607;49,95;
15:36:21;606;49,95;
15:36:24;596;49,95;
15:36:27;605;49,96;
15:36:30;590;49,96;
15:36:33;571;49,96;
15:36:36;569;49,96;
15:36:39;574;49,96;
15:36:42;573;49,96;
15:36:45;546;49,96;
15:36:48;543;49,96;
15:36:51;542;49,96;
15:36:54;540;49,96;
15:36:57;526;49,96;
15:37:00;513;49,96;
15:37:03;518;49,97;
15:37:06;516;49,97;
15:37:09;500;49,97;
15:37:12;490;49,97;
15:37:15;491;49,98;
15:37:18;496;49,98;
15:37:21;481;49,98;
15:37:27;471;49,98;
15:37:30;466;49,98;
15:37:33;459;49,97;
15:37:36;444;49,98;
15:37:39;448;49,97;
15:37:45;441;49,97;
15:37:48;443;49,97;
15:37:51;434;49,96;
15:37:54;420;49,96;
15:37:57;422;49,96;
15:38:00;413;49,96;
15:38:03;409;49,96;
15:38:06;394;49,96;
15:38:09;398;49,97;
15:38:12;393;49,97;
15:38:15;384;49,97;
15:38:18;381;49,97;
15:38:21;372;49,98;
15:38:24;350;49,98;
15:38:27;362;49,98;
15:38:33;335;49,98;
15:38:36;343;49,98;
15:38:39;346;49,97;
15:38:42;340;49,98;
15:38:45;336;49,98;
15:38:48;330;49,97;
15:38:51;335;49,97;
15:38:54;330;49,97;
15:38:57;324;49,97;
15:39:00;324;49,96;
15:39:06;322;49,96;
15:39:09;321;49,96;
15:39:15;320;49,96;
15:39:18;319;49,96;
15:39:24;320;49,97;
15:39:27;310;49,97;
15:39:30;312;49,97;
15:39:33;323;49,97;
15:39:39;326;49,98;
15:39:42;329;49,98;
15:39:45;328;49,98;
15:39:48;323;49,98;
15:39:51;315;49,99;
15:39:54;326;49,99;
15:39:57;329;49,99;
15:40:00;325;50,00;
15:40:03;329;50,00;
15:40:06;330;50,00;
15:40:09;331;50,00;
15:40:12;334;49,99;
15:40:15;336;49,98;
15:40:18;334;49,98;
15:40:24;336;49,97;
15:40:27;334;49,96;
15:40:30;337;49,96;
15:40:33;336;49,96;
15:40:39;339;49,97;
15:40:42;338;49,96;
15:40:45;337;49,96;
15:40:51;333;49,96;
15:40:54;337;49,96;
15:40:57;336;49,96;
15:41:00;335;49,96;
15:41:03;336;49,96;
15:41:06;337;49,96;
15:41:09;330;49,96;
15:41:12;333;49,96;
15:41:15;337;49,97;
15:41:21;334;49,97;
15:41:24;337;49,97;
15:41:33;330;49,98;
15:41:36;336;49,97;
15:41:39;333;49,97;
15:41:42;344;49,96;
15:41:45;347;49,96;
15:41:48;340;49,96;
15:41:51;351;49,96;
15:41:54;356;49,97;
15:41:57;353;49,97;
15:42:00;358;49,97;
15:42:03;362;49,97;
15:42:06;367;49,97;
15:42:09;368;49,97;
15:42:12;370;49,97;
15:42:15;376;49,98;
15:42:18;380;49,98;
15:42:21;384;49,98;
15:42:24;386;49,99;
15:42:27;388;49,98;
15:42:30;389;49,98;
15:42:36;400;49,97;
15:42:39;402;49,98;
15:42:42;407;49,98;
15:42:45;409;49,98;
15:42:48;415;49,98;
15:42:51;416;49,98;
15:42:54;419;49,97;
15:42:57;421;49,98;
15:43:00;427;49,98;
15:43:03;432;49,98;
15:43:06;412;49,97;
15:43:09;435;49,98;
15:43:15;447;49,98;
15:43:18;449;49,98;
15:43:21;454;49,97;
15:43:24;441;49,97;
15:43:27;459;49,97;
15:43:30;463;49,97;
15:43:33;467;49,97;
15:43:36;453;49,97;
15:43:42;460;49,98;
15:43:45;470;49,98;
15:43:48;472;49,98;
15:43:51;484;49,98;
15:43:54;492;49,98;
15:43:57;493;49,98;
15:44:00;487;49,98;
15:44:03;498;49,98;
15:44:06;507;49,98;
15:44:09;510;49,98;
15:44:12;516;49,98;
15:44:15;507;49,97;
15:44:18;513;49,97;
15:44:21;516;49,98;
15:44:24;525;49,97;
15:44:27;535;49,97;
15:44:30;539;49,97;
15:44:33;541;49,97;
15:44:36;545;49,98;
15:44:39;539;49,98;
15:44:42;531;49,98;
15:44:45;539;49,98;
15:44:48;549;49,98;
15:44:51;559;49,98;
15:44:54;564;49,98;
15:44:57;570;49,97;
15:45:00;568;49,96;
15:45:03;572;49,97;
15:45:06;569;49,97;
15:45:09;560;49,97;
15:45:12;574;49,97;
15:45:15;578;49,97;
15:45:18;579;49,97;
15:45:21;580;49,97;
15:45:24;572;49,97;
15:45:27;573;49,97;
15:45:33;577;49,97;
15:45:36;581;49,97;
15:45:39;588;49,97;
15:45:42;589;49,97;
15:45:45;587;49,97;
15:45:48;586;49,97;
15:45:51;584;49,97;
15:45:54;587;49,97;
15:45:57;593;49,97;
15:46:00;602;49,97;
15:46:03;608;49,96;
15:46:06;609;49,96;
15:46:09;600;49,96;
15:46:12;605;49,96;
15:46:15;603;49,95;
15:46:18;607;49,96;
15:46:21;610;49,95;
15:46:27;613;49,95;
15:46:30;614;49,95;
15:46:33;616;49,95;
15:46:39;621;49,96;
15:46:42;619;49,96;
15:46:45;619;49,98;
15:46:48;630;49,98;
15:46:51;636;49,99;
15:46:54;630;49,99;
15:46:57;622;49,98;
15:47:00;621;49,98;
15:47:03;629;49,97;
15:47:06;627;49,97;
15:47:09;611;49,97;
15:47:12;619;49,97;
15:47:15;606;49,97;
15:47:18;604;49,97;
15:47:24;598;49,96;
15:47:27;591;49,96;
15:47:30;593;49,96;
15:47:33;594;49,95;
15:47:36;586;49,96;
15:47:39;597;49,96;
15:47:45;571;49,95;
15:47:48;577;49,95;
15:47:51;561;49,95;
15:47:54;562;49,95;
15:47:57;560;49,96;
15:48:00;554;49,96;
15:48:03;556;49,96;
15:48:06;565;49,97;
15:48:09;538;49,96;
15:48:12;539;49,96;
15:48:15;547;49,95;
15:48:18;535;49,95;
15:48:21;534;49,94;
15:48:24;537;49,94;
15:48:27;532;49,94;
15:48:30;524;49,94;
15:48:36;520;49,94;
15:48:39;508;49,94;
15:48:42;516;49,95;
15:48:45;512;49,94;
15:48:51;495;49,95;
15:48:54;486;49,95;
15:48:57;482;49,95;
15:49:00;483;49,96;
15:49:03;496;49,96;
15:49:06;482;49,96;
15:49:09;490;49,96;
15:49:12;489;49,96;
15:49:15;485;49,96;
15:49:18;480;49,96;
15:49:24;475;49,96;
15:49:27;475;49,95;
15:49:30;462;49,95;
15:49:36;468;49,95;
15:49:39;464;49,96;
15:49:42;460;49,96;
15:49:45;465;49,96;
15:49:48;463;49,95;
15:49:51;456;49,95;
15:49:54;454;49,96;
15:49:57;458;49,96;
15:50:00;452;49,96;
15:50:03;456;49,96;
15:50:06;462;49,96;
15:50:09;459;49,96;
15:50:12;470;49,96;
15:50:15;472;49,96;
15:50:18;473;49,96;
15:50:21;466;49,96;
15:50:24;454;49,96;
15:50:27;465;49,96;
15:50:30;472;49,96;
15:50:33;466;49,96;
15:50:36;477;49,96;
15:50:42;464;49,96;
15:50:45;469;49,96;
15:50:48;473;49,96;
15:50:54;466;49,96;
15:50:57;470;49,96;
15:51:00;471;49,96;
15:51:03;465;49,96;
15:51:06;451;49,97;
15:51:09;449;49,97;
15:51:12;454;49,97;
15:51:15;454;49,98;
15:51:18;448;49,98;
15:51:24;446;49,98;
15:51:27;436;49,97;
15:51:30;421;49,96;
15:51:33;428;49,96;
15:51:36;419;49,96;
15:51:39;418;49,96;
15:51:42;401;49,96;
15:51:48;406;49,97;
15:51:51;396;49,97;
15:51:54;394;49,98;
15:51:57;386;49,98;
15:52:00;380;49,98;
15:52:03;383;49,98;
15:52:06;382;49,99;
15:52:09;381;49,98;
15:52:12;370;49,99;
15:52:15;366;49,99;
15:52:18;361;49,98;
15:52:21;360;49,98;
15:52:24;356;49,98;
15:52:27;357;49,98;
15:52:30;351;49,98;
15:52:33;345;49,98;
15:52:36;341;49,98;
15:52:42;336;49,97;
15:52:45;330;49,97;
15:52:48;322;49,96;
15:52:54;315;49,96;
15:52:57;311;49,96;
15:53:00;308;49,97;
15:53:03;306;49,97;
15:53:06;300;49,98;
15:53:09;298;49,98;
15:53:15;296;49,98;
15:53:18;290;49,98;
15:53:21;284;49,97;
15:53:24;281;49,97;
15:53:27;276;49,97;
15:53:30;272;49,97;
15:53:33;271;49,97;
15:53:36;267;49,97;
15:53:39;255;49,96;
15:53:42;260;49,96;
15:53:45;259;49,96;
15:53:48;255;49,96;
15:53:51;253;49,96;
15:53:54;252;49,96;
15:53:57;251;49,97;
15:54:00;247;49,97;
15:54:03;240;49,98;
15:54:06;240;49,97;
15:54:09;235;49,97;
15:54:15;233;49,96;
15:54:18;231;49,96;
15:54:21;227;49,96;
15:54:24;217;49,96;
15:54:27;222;49,96;
15:54:30;219;49,96;
15:54:33;216;49,96;
15:54:36;201;49,96;
15:54:39;206;49,97;
15:54:45;211;49,97;
15:54:48;199;49,97;
15:54:51;207;49,98;
15:54:54;198;49,98;
15:54:57;206;49,98;
15:55:00;197;49,98;
15:55:03;204;49,98;
15:55:09;193;49,98;
15:55:12;197;49,98;
15:55:15;193;49,97;
15:55:18;192;49,97;
15:55:21;191;49,97;
15:55:24;193;49,96;
15:55:27;189;49,96;
15:55:30;185;49,97;
15:55:33;188;49,97;
15:55:42;188;49,96;
15:55:45;184;49,97;
15:55:54;186;49,97;
15:55:57;184;49,98;
15:56:00;182;49,98;
15:56:03;180;49,98;
15:56:09;181;49,97;
15:56:12;183;49,98;
15:56:15;182;49,98;
15:56:18;178;49,98;
15:56:21;179;49,98;
15:56:24;176;49,98;
15:56:27;178;49,98;
15:56:33;179;49,98;
15:56:36;183;49,98;
15:56:42;184;49,98;
15:56:45;188;49,99;
15:56:48;191;49,99;
15:56:51;186;49,99;
15:56:57;184;49,99;
15:57:03;189;49,99;
15:57:06;193;49,99;
15:57:12;197;50,00;
15:57:15;193;50,00;
15:57:18;197;49,99;
15:57:21;200;50,00;
15:57:24;199;50,00;
15:57:27;202;50,00;
15:57:30;203;50,00;
15:57:33;208;50,00;
15:57:36;209;49,99;
15:57:42;215;49,99;
15:57:45;218;49,99;
15:57:48;220;49,99;
15:57:51;226;50,00;
15:57:54;227;50,00;
15:57:57;233;50,00;
15:58:03;240;50,00;
15:58:06;243;49,99;
15:58:09;247;49,98;
15:58:12;251;49,97;
15:58:18;258;49,97;
15:58:21;265;49,97;
15:58:24;265;49,96;
15:58:27;270;49,96;
15:58:30;276;49,96;
15:58:36;282;49,96;
15:58:39;281;49,96;
15:58:42;290;49,96;
15:58:48;298;49,96;
15:58:51;300;49,97;
15:58:54;306;49,97;
15:58:57;309;49,97;
15:59:00;312;49,97;
15:59:03;313;49,97;
15:59:06;315;49,97;
15:59:09;321;49,97;
15:59:12;325;49,96;
15:59:15;325;49,97;
15:59:18;329;49,96;
15:59:21;334;49,97;
15:59:27;337;49,97;
15:59:30;339;49,97;
15:59:36;347;49,97;
15:59:39;346;49,97;
15:59:42;350;49,98;
15:59:45;352;49,98;
15:59:48;354;49,98;
15:59:54;358;49,99;
15:59:57;362;49,99;
16:00:00;366;50,00;
16:00:03;367;50,00;
16:00:06;371;50,00;
16:00:09;356;50,00;
16:00:12;374;50,00;
16:00:15;371;50,00;
16:00:18;383;49,99;
16:00:21;384;49,99;
16:00:24;388;49,98;
16:00:27;391;49,98;
16:00:30;396;49,98;
16:00:33;392;49,97;
16:00:36;400;49,97;
16:00:39;402;49,97;
16:00:42;390;49,98;
16:00:45;400;49,99;
16:00:48;399;50,00;
16:00:51;406;50,01;
16:00:54;416;50,02;
16:01:00;418;50,02;
16:01:03;416;50,02;
16:01:06;419;50,02;
16:01:09;413;50,02;
16:01:12;406;50,02;
16:01:15;414;50,02;
16:01:18;419;50,02;
16:01:21;414;50,02;
16:01:24;418;50,02;
16:01:27;412;50,02;
16:01:30;413;50,01;
16:01:33;414;50,01;
16:01:36;409;50,01;
16:01:39;411;50,01;
16:01:42;403;50,01;
16:01:45;401;50,02;
16:01:48;380;50,02;
16:01:51;392;50,03;
16:01:54;386;50,03;
16:01:57;392;50,02;
16:02:00;380;50,02;
16:02:06;371;50,01;
16:02:09;372;50,01;
16:02:12;368;50,01;
16:02:15;356;50,01;
16:02:18;349;50,01;
16:02:21;350;50,01;
16:02:24;346;50,01;
16:02:27;341;50,01;
16:02:30;332;50,01;
16:02:33;327;50,01;
16:02:36;316;50,02;
16:02:39;312;50,02;
16:02:42;301;50,02;
16:02:45;298;50,03;
16:02:48;291;50,02;
16:02:51;285;50,02;
16:02:57;273;50,01;
16:03:00;262;50,01;
16:03:03;264;50,01;
16:03:09;254;50,01;
16:03:12;262;50,01;
16:03:15;252;50,01;
16:03:21;244;50,01;
16:03:24;242;50,00;
16:03:27;237;50,01;
16:03:30;236;50,01;
16:03:33;238;50,01;
16:03:36;235;50,01;
16:03:39;230;50,01;
16:03:45;227;50,01;
16:03:48;229;50,01;
16:03:51;223;50,01;
16:03:57;222;50,02;
16:04:00;223;50,02;
16:04:06;221;50,02;
16:04:09;219;50,02;
16:04:12;218;50,02;
16:04:15;215;50,03;
16:04:18;216;50,03;
16:04:21;215;50,03;
16:04:24;213;50,03;
16:04:27;212;50,02;
16:04:30;214;50,02;
16:04:33;212;50,01;
16:04:36;213;50,01;
16:04:39;211;50,00;
16:04:42;197;50,00;
16:04:45;207;50,01;
16:04:48;209;50,01;
16:04:51;208;50,01;
16:04:54;210;50,01;
16:04:57;207;50,01;
16:05:03;199;50,01;
16:05:06;198;50,01;
16:05:09;207;50,01;
16:05:12;203;50,01;
16:05:15;207;50,00;
16:05:18;206;50,00;
16:05:21;209;50,00;
16:05:24;204;50,00;
16:05:27;208;49,99;
16:05:30;206;49,99;
16:05:33;205;49,99;
16:05:36;202;49,99;
16:05:39;206;50,00;
16:05:42;205;50,00;
16:05:45;207;50,00;
16:05:48;207;49,99;
16:05:51;204;49,99;
16:05:54;208;49,99;
16:05:57;208;50,00;
16:06:00;207;49,99;
16:06:03;205;49,99;
16:06:09;207;49,99;
16:06:12;208;49,99;
16:06:15;204;49,99;
16:06:21;205;49,98;
16:06:24;205;49,99;
16:06:27;206;49,98;
16:06:30;208;49,98;
16:06:33;205;49,98;
16:06:39;203;50,00;
16:06:42;204;50,00;
16:06:45;200;50,00;
16:06:48;205;50,00;
16:06:51;205;50,01;
16:06:54;207;50,01;
16:06:57;206;50,01;
16:07:00;186;50,01;
16:07:03;195;50,01;
16:07:06;204;50,00;
16:07:09;205;50,00;
16:07:15;207;50,01;
16:07:18;208;50,01;
16:07:24;198;50,01;
16:07:27;198;50,00;
16:07:30;211;50,00;
16:07:33;211;49,99;
16:07:36;208;49,99;
16:07:39;212;49,99;
16:07:45;210;49,99;
16:07:48;211;49,98;
16:07:51;210;49,98;
16:08:00;204;49,98;
16:08:03;212;49,98;
16:08:06;207;49,98;
16:08:09;210;49,98;
16:08:12;209;49,98;
16:08:15;195;49,98;
16:08:18;199;49,98;
16:08:21;204;49,98;
16:08:24;202;49,98;
16:08:27;207;49,97;
16:08:33;205;49,97;
16:08:36;206;49,97;
16:08:42;205;49,97;
16:08:45;201;49,97;
16:08:48;200;49,97;
16:08:51;201;49,97;
16:08:54;203;49,98;
16:08:57;199;49,98;
16:09:00;197;49,98;
16:09:06;192;49,98;
16:09:15;189;49,98;
16:09:18;186;49,98;
16:09:21;188;49,98;
16:09:24;184;49,98;
16:09:27;182;49,98;
16:09:30;182;49,99;
16:09:33;180;49,99;
16:09:36;181;49,98;
16:09:39;179;49,98;
16:09:42;176;49,98;
16:09:45;172;49,98;
16:09:48;176;49,98;
16:09:51;174;49,98;
16:09:54;179;49,98;
16:09:57;176;49,98;
16:10:00;169;49,98;
16:10:03;176;49,98;
16:10:06;168;49,99;
16:10:12;163;49,99;
16:10:15;171;49,99;
16:10:18;170;49,98;
16:10:21;164;49,98;
16:10:24;171;49,98;
16:10:27;164;49,98;
16:10:30;167;49,97;
16:10:33;164;49,97;
16:10:36;163;49,96;
16:10:39;149;49,97;
16:10:42;151;49,97;
16:10:45;160;49,97;
16:10:48;157;49,97;
16:10:51;154;49,96;
16:10:54;151;49,96;
16:10:57;158;49,97;
16:11:00;157;49,96;
16:11:03;160;49,96;
16:11:09;161;49,96;
16:11:12;160;49,96;
16:11:18;159;49,96;
16:11:21;157;49,96;
16:11:24;149;49,96;
16:11:27;150;49,96;
16:11:30;153;49,96;
16:11:33;149;49,96;
16:11:36;155;49,96;
16:11:39;154;49,96;
16:11:42;155;49,97;
16:11:45;158;49,97;
16:11:48;156;49,97;
16:11:51;160;49,98;
16:11:54;157;49,98;
16:12:03;147;49,98;
16:12:06;155;49,98;
16:12:09;154;49,98;
16:12:12;151;49,97;
16:12:15;154;49,98;
16:12:18;151;49,98;
16:12:21;150;49,98;
16:12:24;148;49,98;
16:12:27;140;49,98;
16:12:30;143;49,98;
16:12:33;144;49,98;
16:12:36;140;49,99;
16:12:39;144;49,99;
16:12:42;140;49,99;
16:12:45;142;49,98;
16:12:48;118;49,98;
16:12:51;103;49,98;
16:12:54;119;49,98;
16:12:57;133;49,98;
16:13:00;134;49,98;
16:13:03;126;49,99;
16:13:09;135;50,00;
16:13:12;124;50,00;
16:13:15;122;49,99;
16:13:18;129;49,99;
16:13:21;132;49,99;
16:13:24;123;49,98;
16:13:27;124;49,98;
16:13:30;120;49,98;
16:13:33;121;49,97;
16:13:36;124;49,97;
16:13:39;124;49,96;
16:13:54;121;49,96;
16:13:57;120;49,96;
16:14:00;118;49,97;
16:14:03;119;49,97;
16:14:06;115;49,97;
16:14:09;119;49,96;
16:14:15;115;49,96;
16:14:18;117;49,96;
16:14:21;115;49,96;
16:14:27;115;49,95;
16:14:30;111;49,95;
16:14:33;113;49,95;
16:14:36;114;49,95;
16:14:39;112;49,96;
16:14:42;113;49,96;
16:14:45;112;49,97;
16:14:48;111;49,96;
16:14:54;109;49,96;
16:15:00;108;49,96;
16:15:03;107;49,97;
16:15:06;101;49,97;
16:15:09;99;49,97;
16:15:12;105;49,98;
16:15:15;104;49,97;
16:15:21;102;49,96;
16:15:24;100;49,96;
16:15:27;99;49,96;
16:15:33;98;49,96;
16:15:36;97;49,96;
16:15:39;96;49,96;
16:15:42;97;49,96;
16:15:45;96;49,97;
16:15:48;94;49,97;
16:15:54;94;49,98;
16:15:57;92;49,98;
16:16:00;91;49,99;
16:16:03;90;49,99;
16:16:06;90;50,00;
16:16:09;90;50,01;
16:16:12;90;50,00;
16:16:15;88;49,99;
16:16:21;88;49,98;
16:16:24;89;49,98;
16:16:27;88;49,98;
16:16:30;86;49,97;
16:16:33;85;49,97;
16:16:36;84;49,96;
16:16:39;84;49,97;
16:16:42;85;49,97;
16:16:45;84;49,97;
16:16:51;82;49,96;
16:16:57;81;49,96;
16:17:12;80;49,97;
16:17:15;79;49,97;
16:17:18;78;49,97;
16:17:24;76;49,97;
16:17:30;75;49,97;
16:17:33;76;49,97;
16:17:39;75;49,96;
16:17:42;75;49,97;
16:17:45;74;49,97;
16:17:51;73;49,97;
16:17:54;74;49,98;
16:17:57;73;49,97;
16:18:00;73;49,98;
16:18:09;72;49,98;
16:18:18;71;49,97;
16:18:21;72;49,97;
16:18:24;70;49,97;
16:18:27;70;49,98;
16:18:30;70;49,97;
16:18:33;67;49,97;
16:18:36;70;49,97;
16:18:42;66;49,97;
16:18:45;67;49,97;
16:18:48;66;49,98;
16:18:54;105;49,98;
16:18:57;51;49,98;
16:19:03;55;49,97;
16:19:06;60;49,98;
16:19:09;59;49,98;
16:19:12;58;49,98;
16:19:15;57;49,98;
16:19:18;57;49,97;
16:19:24;53;49,97;
16:19:27;52;49,96;
16:19:30;52;49,97;
16:19:33;51;49,97;
16:19:36;49;49,97;
16:19:42;48;49,98;
16:19:45;48;49,97;
16:19:48;46;49,96;
16:19:54;44;49,96;
16:19:57;43;49,96;
16:20:00;42;49,97;
16:20:09;41;49,97;
16:20:12;38;49,97;
16:20:15;42;49,97;
16:20:18;36;49,97;
16:20:30;34;49,96;
16:20:33;33;49,95;
16:20:39;31;49,95;
16:20:42;31;49,96;
16:20:45;30;49,95;
16:20:48;31;49,95;
16:20:51;29;49,96;
16:20:54;27;49,96;
16:20:57;28;49,96;
16:21:03;27;49,96;
16:21:06;26;49,96;
16:21:09;25;49,96;
16:21:15;24;49,96;
16:21:18;24;49,97;
16:21:21;20;49,97;
16:21:24;9;49,97;
16:21:27;0;49,97;
16:21:39;0;49,96;
16:21:54;0;49,97;
16:21:57;0;49,96;
16:22:00;0;49,97;
16:22:09;0;49,96;
16:22:57;0;49,97;
16:23:06;0;49,98;
16:23:09;0;49,97;
16:23:27;0;49,96;
16:23:30;0;49,97;
16:23:33;0;49,96;
16:23:48;0;49,97;
16:23:51;0;49,96;
16:24:15;0;49,95;
16:24:27;0;49,96;
16:25:03;0;49,95;
16:25:09;24;49,95;
16:25:15;0;49,95;
16:25:33;112;49,95;
16:25:36;27;49,95;
16:25:42;59;49,95;
16:25:45;98;49,95;
16:25:48;36;49,95;
16:25:54;37;49,96;
16:25:57;40;49,96;
16:26:00;42;49,96;
16:26:06;45;49,95;
16:26:09;43;49,95;
16:26:12;48;49,96;
16:26:18;50;49,95;
16:26:24;51;49,96;
16:26:27;53;49,95;
16:26:30;54;49,96;
16:26:33;57;49,96;
16:26:39;58;49,96;
16:26:42;60;49,96;
16:26:48;61;49,96;
16:26:51;64;49,96;
16:26:54;66;49,96;
16:27:00;69;49,96;
16:27:03;68;49,97;
16:27:06;67;49,97;
16:27:09;68;49,97;
16:27:12;72;49,97;
16:27:15;70;49,97;
16:27:18;71;49,97;
16:27:24;72;49,97;
16:27:30;74;49,97;
16:27:33;73;49,96;
16:27:36;72;49,96;
16:27:39;74;49,96;
16:27:42;72;49,96;
16:27:45;74;49,96;
16:27:48;72;49,96;
16:27:51;73;49,96;
16:27:54;71;49,96;
16:27:57;72;49,96;
16:28:09;70;49,97;
16:28:15;67;49,97;
16:28:21;68;49,97;
16:28:24;66;49,97;
16:28:30;65;49,96;
16:28:36;62;49,96;
16:28:39;61;49,96;
16:28:42;59;49,95;
16:28:45;60;49,95;
16:28:51;60;49,96;
16:28:54;60;49,95;
16:29:00;58;49,96;
16:29:03;57;49,96;
16:29:12;56;49,96;
16:29:18;55;49,96;
16:29:27;51;49,96;
16:29:30;52;49,95;
16:29:33;53;49,95;
16:29:36;52;49,95;
16:29:42;51;49,95;
16:29:45;49;49,95;
16:29:48;51;49,95;
16:29:51;50;49,96;
16:29:57;49;49,96;
16:30:03;51;49,96;
16:30:06;50;49,96;
16:30:09;48;49,96;
16:30:15;49;49,96;
16:30:18;49;49,97;
16:30:21;51;49,97;
16:30:27;51;49,98;
16:30:30;50;49,98;
16:30:33;48;49,98;
16:30:36;50;49,98;
16:30:39;51;49,98;
16:30:42;50;49,98;
16:30:45;51;49,98;
16:30:48;48;49,97;
16:30:51;48;49,98;
16:30:54;49;49,98;
16:31:00;48;49,98;
16:31:03;49;49,97;
16:31:09;48;49,96;
16:31:15;49;49,96;
16:31:18;46;49,96;
16:31:21;48;49,96;
16:31:24;49;49,95;
16:31:27;48;49,95;
16:31:33;46;49,95;
16:31:36;49;49,95;
16:31:39;47;49,95;
16:31:42;46;49,95;
16:31:45;45;49,95;
16:31:48;43;49,94;
16:31:51;48;49,94;
16:31:54;46;49,95;
16:32:00;49;49,95;
16:32:03;48;49,95;
16:32:12;47;49,95;
16:32:18;46;49,95;
16:32:21;47;49,94;
16:32:24;48;49,94;
16:32:27;47;49,95;
16:32:30;46;49,95;
16:32:33;47;49,95;
16:32:39;48;49,95;
16:32:42;48;49,96;
16:32:51;49;49,96;
16:32:54;48;49,96;
16:33:03;42;49,96;
16:33:12;50;49,96;
16:33:15;48;49,96;
16:33:18;49;49,96;
16:33:21;51;49,97;
16:33:24;49;49,96;
16:33:27;48;49,96;
16:33:30;50;49,96;
16:33:33;49;49,96;
16:33:36;48;49,96;
16:33:39;51;49,96;
16:33:45;49;49,96;
16:33:51;50;49,96;
16:33:54;51;49,97;
16:33:57;50;49,97;
16:34:06;49;49,97;
16:34:09;48;49,97;
16:34:12;49;49,97;
16:34:15;48;49,97;
16:34:18;48;49,96;
16:34:30;48;49,95;
16:34:39;46;49,95;
16:34:42;47;49,96;
16:34:51;46;49,96;
16:34:57;45;49,96;
16:35:00;43;49,96;
16:35:06;42;49,96;
16:35:12;42;49,95;
16:35:15;42;49,96;
16:35:18;43;49,96;
16:35:21;42;49,96;
16:35:24;40;49,96;
16:35:27;42;49,95;
16:35:30;27;49,95;
16:35:36;0;49,95;
16:35:45;0;49,96;
16:35:48;41;49,96;
16:35:51;68;49,96;
16:35:54;28;49,96;
16:35:57;27;49,96;
16:36:00;40;49,96;
16:36:03;36;49,96;
16:36:06;35;49,96;
16:36:09;39;49,96;
16:36:12;38;49,96;
16:36:15;41;49,96;
16:36:18;42;49,96;
16:36:21;43;49,97;
16:36:24;44;49,97;
16:36:27;51;49,97;
16:36:30;103;49,97;
16:36:33;86;49,97;
16:36:36;61;49,96;
16:36:42;0;49,96;
16:36:51;0;49,97;
16:37:06;0;49,98;
16:37:36;0;49,97;
16:37:39;0;49,96;
16:37:48;0;49,97;
16:38:00;0;49,96;
16:38:12;0;49,95;
16:38:24;0;49,94;
16:38:36;0;49,95;
16:38:54;0;49,96;
16:39:39;0;49,98;
16:39:42;0;49,97;
16:39:45;0;49,98;
16:40:12;0;49,97;
16:40:21;0;49,96;
16:40:27;;;
