time;pac;freq;
06:12:06;0;49,99;
06:12:09;0;49,98;
06:12:21;0;49,99;
06:12:39;0;49,98;
06:12:51;0;49,97;
06:12:54;0;49,98;
06:13:21;0;49,96;
06:13:36;0;49,97;
06:13:39;0;49,98;
06:14:15;0;49,97;
06:14:24;0;49,98;
06:14:36;0;49,97;
06:14:51;0;49,98;
06:15:00;0;49,99;
06:15:06;0;49,98;
06:15:12;0;49,97;
06:15:15;0;49,96;
06:15:21;0;49,97;
06:15:24;0;49,96;
06:15:27;0;49,97;
06:15:36;0;49,98;
06:15:45;0;49,97;
06:15:51;0;49,98;
06:15:54;0;49,97;
06:16:00;0;49,98;
06:16:24;0;49,99;
06:16:39;36;49,99;
06:16:42;37;49,99;
06:16:45;40;49,99;
06:16:48;43;49,99;
06:16:51;48;49,99;
06:16:54;46;49,99;
06:17:00;43;49,99;
06:17:03;44;49,99;
06:17:09;47;50,00;
06:17:21;45;50,00;
06:17:27;47;49,99;
06:17:30;45;49,98;
06:17:33;46;49,98;
06:17:42;46;49,97;
06:17:45;47;49,97;
06:17:51;48;49,97;
06:17:57;47;49,97;
06:18:00;48;49,97;
06:18:03;47;49,98;
06:18:06;44;49,98;
06:18:09;48;49,98;
06:18:12;47;49,99;
06:18:15;46;50,00;
06:18:18;48;50,00;
06:18:27;46;50,00;
06:18:30;48;49,99;
06:18:39;47;49,99;
06:18:42;48;49,99;
06:18:45;49;49,99;
06:18:48;48;49,99;
06:18:51;48;49,98;
06:18:57;49;49,99;
06:19:00;48;49,99;
06:19:03;48;50,00;
06:19:09;48;49,99;
06:19:15;48;49,98;
06:19:24;49;49,98;
06:19:27;50;49,97;
06:19:36;48;49,98;
06:19:39;50;49,97;
06:19:42;50;49,98;
06:19:51;49;49,98;
06:19:54;50;49,98;
06:19:57;51;49,98;
06:20:03;50;49,98;
06:20:06;51;49,99;
06:20:09;50;49,98;
06:20:15;51;49,98;
06:20:21;50;49,98;
06:20:24;51;49,98;
06:20:27;52;49,97;
06:20:30;51;49,97;
06:20:36;50;49,97;
06:20:39;51;49,98;
06:20:42;52;49,98;
06:20:48;51;49,98;
06:20:54;52;49,98;
06:20:57;50;49,98;
06:21:00;51;49,98;
06:21:03;51;49,99;
06:21:06;51;49,98;
06:21:09;51;49,99;
06:21:15;52;49,99;
06:21:21;51;50,00;
06:21:24;53;50,00;
06:21:27;51;49,99;
06:21:30;51;50,00;
06:21:33;51;49,99;
06:21:36;52;50,00;
06:21:39;51;50,00;
06:21:42;52;50,00;
06:21:45;51;50,00;
06:21:48;50;50,00;
06:21:51;51;50,00;
06:21:54;52;50,00;
06:21:57;51;50,00;
06:22:21;50;50,00;
06:22:27;51;50,00;
06:22:30;50;49,99;
06:22:33;49;49,99;
06:22:42;51;49,99;
06:22:45;50;49,99;
06:22:48;51;49,99;
06:22:51;51;50,00;
06:22:54;49;50,00;
06:22:57;50;50,00;
06:23:03;49;50,00;
06:23:06;50;50,00;
06:23:12;48;50,00;
06:23:15;50;49,99;
06:23:18;49;49,99;
06:23:21;50;49,99;
06:23:24;50;49,98;
06:23:27;48;49,98;
06:23:42;48;49,99;
06:23:45;48;50,00;
06:23:48;50;49,99;
06:23:51;48;49,99;
06:24:00;50;49,99;
06:24:03;48;49,99;
06:24:06;49;49,99;
06:24:09;49;50,00;
06:24:12;50;49,99;
06:24:18;48;49,99;
06:24:21;49;50,00;
06:24:24;48;49,99;
06:24:36;50;49,98;
06:24:39;48;49,98;
06:24:42;48;49,99;
06:24:45;47;49,99;
06:24:48;48;49,99;
06:24:54;48;50,00;
06:25:03;47;50,00;
06:25:06;46;50,00;
06:25:09;48;49,99;
06:25:12;48;49,98;
06:25:18;47;49,98;
06:25:24;46;49,98;
06:25:27;48;49,98;
06:25:30;47;49,98;
06:25:33;47;49,99;
06:25:36;48;49,99;
06:25:39;46;49,98;
06:25:42;47;49,98;
06:25:45;47;49,97;
06:25:48;48;49,97;
06:25:51;47;49,97;
06:25:54;48;49,97;
06:25:57;47;49,98;
06:26:00;46;49,99;
06:26:03;48;49,99;
06:26:06;47;49,99;
06:26:09;48;50,00;
06:26:21;47;49,99;
06:26:24;49;49,99;
06:26:30;48;49,99;
06:26:36;33;49,98;
06:26:39;16;49,97;
06:26:42;0;49,97;
06:26:54;84;49,98;
06:26:57;43;49,98;
06:27:00;49;49,98;
06:27:03;48;49,99;
06:27:06;52;49,99;
06:27:09;48;49,99;
06:27:15;48;49,98;
06:27:21;48;49,99;
06:27:24;48;49,98;
06:27:30;49;49,98;
06:27:36;48;49,97;
06:27:42;47;49,98;
06:27:45;48;49,98;
06:27:51;49;49,98;
06:27:54;48;49,98;
06:28:03;48;49,99;
06:28:06;50;50,00;
06:28:09;48;50,00;
06:28:15;48;49,99;
06:28:21;48;49,98;
06:28:30;49;49,98;
06:28:33;48;49,98;
06:28:39;49;49,98;
06:28:42;48;49,98;
06:28:45;49;49,98;
06:28:51;50;49,98;
06:28:54;48;49,98;
06:28:57;51;49,98;
06:29:00;48;49,98;
06:29:03;51;49,98;
06:29:09;51;50,00;
06:29:12;49;50,00;
06:29:15;50;50,00;
06:29:18;51;50,00;
06:29:39;52;50,00;
06:29:42;51;50,00;
06:29:48;52;50,00;
06:29:51;51;50,00;
06:29:54;52;50,00;
06:30:00;51;50,00;
06:30:12;52;49,99;
06:30:15;51;49,99;
06:30:18;48;49,99;
06:30:21;51;50,00;
06:30:24;51;49,99;
06:30:27;53;49,99;
06:30:33;53;49,98;
06:30:36;52;49,98;
06:30:39;57;49,98;
06:30:42;53;49,98;
06:30:45;54;49,99;
06:30:48;53;49,99;
06:30:51;52;49,99;
06:30:54;55;50,00;
06:30:57;56;50,00;
06:31:00;55;49,99;
06:31:03;55;50,00;
06:31:06;54;49,99;
06:31:09;53;49,99;
06:31:12;57;49,98;
06:31:15;56;49,98;
06:31:18;55;49,97;
06:31:21;57;49,96;
06:31:27;57;49,97;
06:31:39;57;49,96;
06:31:42;60;49,96;
06:31:45;58;49,96;
06:31:48;59;49,96;
06:31:51;58;49,97;
06:31:54;60;49,97;
06:32:03;60;49,98;
06:32:15;64;49,97;
06:32:21;61;49,97;
06:32:24;65;49,96;
06:32:27;64;49,97;
06:32:33;62;49,97;
06:32:36;66;49,98;
06:32:45;67;49,98;
06:32:48;66;49,98;
06:32:54;67;49,98;
06:32:57;69;49,98;
06:33:00;70;49,98;
06:33:03;67;49,98;
06:33:06;68;49,98;
06:33:09;67;49,98;
06:33:12;71;49,98;
06:33:15;72;49,98;
06:33:18;71;49,98;
06:33:21;71;49,97;
06:33:30;72;49,98;
06:33:36;71;49,98;
06:33:39;72;49,98;
06:33:45;74;49,98;
06:33:48;74;49,99;
06:33:54;75;49,98;
06:34:00;75;49,97;
06:34:03;76;49,97;
06:34:06;75;49,97;
06:34:09;79;49,98;
06:34:12;77;49,98;
06:34:15;76;49,98;
06:34:21;79;49,98;
06:34:24;78;49,98;
06:34:27;81;49,98;
06:34:30;78;49,98;
06:34:36;82;49,97;
06:34:39;80;49,97;
06:34:42;81;49,97;
06:34:45;82;49,97;
06:34:48;84;49,97;
06:34:54;83;49,97;
06:34:57;84;49,97;
06:35:00;85;49,97;
06:35:03;84;49,97;
06:35:06;85;49,98;
06:35:09;87;49,98;
06:35:18;90;49,98;
06:35:21;87;49,99;
06:35:24;88;49,99;
06:35:27;91;49,98;
06:35:30;93;49,98;
06:35:33;91;49,98;
06:35:36;90;49,98;
06:35:42;93;49,98;
06:35:45;95;49,98;
06:35:48;94;49,98;
06:35:51;95;49,99;
06:35:54;94;49,99;
06:35:57;97;49,99;
06:36:00;95;49,99;
06:36:03;97;49,98;
06:36:06;96;49,98;
06:36:09;96;49,97;
06:36:12;97;49,98;
06:36:18;100;49,98;
06:36:21;98;49,97;
06:36:24;99;49,97;
06:36:27;98;49,97;
06:36:30;100;49,97;
06:36:36;103;49,98;
06:36:39;102;49,98;
06:36:42;103;49,97;
06:36:48;88;49,97;
06:36:51;106;49,97;
06:36:54;94;49,97;
06:36:57;68;49,97;
06:37:00;27;49,97;
06:37:03;0;49,98;
06:37:12;83;49,98;
06:37:15;103;49,98;
06:37:18;107;49,98;
06:37:21;113;49,98;
06:37:24;112;49,97;
06:37:27;115;49,97;
06:37:33;117;49,96;
06:37:36;119;49,97;
06:37:39;118;49,97;
06:37:42;120;49,98;
06:37:45;122;49,97;
06:37:48;118;49,98;
06:37:54;122;49,98;
06:38:00;124;49,98;
06:38:03;122;49,98;
06:38:09;125;49,97;
06:38:12;126;49,97;
06:38:15;128;49,97;
06:38:18;125;49,97;
06:38:21;126;49,96;
06:38:24;125;49,97;
06:38:27;128;49,97;
06:38:30;130;49,97;
06:38:39;132;49,97;
06:38:42;131;49,97;
06:38:48;132;49,97;
06:38:54;131;49,97;
06:38:57;132;49,98;
06:39:03;136;49,98;
06:39:09;140;49,98;
06:39:12;137;49,98;
06:39:15;135;49,98;
06:39:18;137;49,97;
06:39:21;134;49,97;
06:39:24;137;49,97;
06:39:27;136;49,97;
06:39:30;139;49,97;
06:39:33;145;49,98;
06:39:36;141;49,98;
06:39:39;140;49,98;
06:39:45;141;49,98;
06:39:51;145;49,98;
06:39:54;144;49,98;
06:39:57;145;49,98;
06:40:00;148;49,98;
06:40:03;147;49,98;
06:40:06;145;49,98;
06:40:12;146;49,98;
06:40:15;145;49,98;
06:40:18;148;49,97;
06:40:21;147;49,97;
06:40:24;144;49,97;
06:40:30;147;49,97;
06:40:33;154;49,97;
06:40:36;147;49,97;
06:40:39;149;49,97;
06:40:42;152;49,97;
06:40:45;153;49,96;
06:40:51;155;49,96;
06:40:54;156;49,96;
06:40:57;156;49,97;
06:41:03;154;49,97;
06:41:06;158;49,97;
06:41:12;159;49,97;
06:41:15;158;49,96;
06:41:18;160;49,96;
06:41:21;158;49,96;
06:41:24;160;49,96;
06:41:27;161;49,96;
06:41:30;160;49,96;
06:41:36;163;49,96;
06:41:39;162;49,96;
06:41:42;163;49,96;
06:41:51;164;49,96;
06:41:54;167;49,97;
06:41:57;166;49,97;
06:42:00;168;49,97;
06:42:03;165;49,97;
06:42:06;169;49,97;
06:42:09;169;49,96;
06:42:12;175;49,96;
06:42:15;165;49,96;
06:42:18;164;49,96;
06:42:21;171;49,97;
06:42:24;168;49,96;
06:42:27;173;49,96;
06:42:30;174;49,96;
06:42:33;173;49,97;
06:42:37;170;49,97;
06:42:40;179;49,97;
06:42:43;173;49,97;
06:42:46;176;49,97;
06:42:49;177;49,96;
06:42:52;179;49,96;
06:42:55;174;49,96;
06:42:58;179;49,96;
06:43:04;180;49,97;
06:43:07;178;49,97;
06:43:13;176;49,97;
06:43:16;179;49,96;
06:43:19;180;49,96;
06:43:22;179;49,96;
06:43:25;180;49,96;
06:43:28;181;49,97;
06:43:31;183;49,98;
06:43:34;184;49,97;
06:43:37;187;49,97;
06:43:40;188;49,98;
06:43:43;186;49,98;
06:43:46;188;49,98;
06:43:49;184;49,98;
06:43:52;185;49,99;
06:43:55;191;49,99;
06:43:58;188;49,99;
06:44:04;188;49,98;
06:44:10;189;49,98;
06:44:13;190;49,97;
06:44:16;192;49,98;
06:44:19;190;49,98;
06:44:22;189;49,99;
06:44:25;190;49,99;
06:44:28;197;49,99;
06:44:31;196;49,99;
06:44:33;198;49,99;
06:44:35;194;49,99;
06:44:38;201;49,98;
06:44:41;194;49,99;
06:44:44;196;49,99;
06:44:47;198;49,99;
06:44:49;199;49,99;
06:44:51;203;49,99;
06:44:53;202;49,99;
06:44:55;199;49,99;
06:44:57;200;49,99;
06:44:59;197;50,00;
06:45:02;198;49,99;
06:45:04;199;49,99;
06:45:12;202;49,99;
06:45:14;195;49,99;
06:45:18;201;49,99;
06:45:24;206;49,99;
06:45:27;197;49,99;
06:45:30;210;50,00;
06:45:32;203;49,99;
06:45:34;212;49,99;
06:45:37;211;49,99;
06:45:44;207;49,98;
06:45:46;210;49,98;
06:45:48;212;49,98;
06:45:54;213;49,98;
06:45:58;214;49,98;
06:46:05;215;49,98;
06:46:07;212;49,98;
06:46:11;218;49,98;
06:46:25;219;49,98;
06:46:28;218;49,98;
06:46:31;220;49,98;
06:46:34;217;49,98;
06:46:36;220;49,99;
06:46:38;221;49,99;
06:46:44;222;49,99;
06:46:47;218;49,99;
06:46:50;221;49,98;
06:46:53;200;49,98;
06:46:55;195;49,98;
06:46:57;215;49,98;
06:47:04;226;49,98;
06:47:08;224;49,98;
06:47:11;227;49,98;
06:47:14;223;49,98;
06:47:19;228;49,98;
06:47:25;223;49,98;
06:47:27;228;49,98;
06:47:29;224;49,98;
06:47:37;232;49,98;
06:47:43;234;49,97;
06:47:46;232;49,97;
06:47:48;227;49,96;
06:47:50;232;49,97;
06:47:53;232;49,96;
06:47:56;233;49,97;
06:47:59;231;49,97;
06:48:02;232;49,96;
06:48:06;233;49,97;
06:48:12;235;49,97;
06:48:15;236;49,98;
06:48:17;234;49,98;
06:48:19;236;49,97;
06:48:24;235;49,98;
06:48:26;233;49,98;
06:48:30;230;49,98;
06:48:33;233;49,98;
06:48:36;236;49,98;
06:48:39;238;49,98;
06:48:42;237;49,98;
06:48:46;239;49,98;
06:48:49;240;49,98;
06:48:52;241;49,98;
06:48:55;240;49,98;
06:48:58;241;49,98;
06:49:01;242;49,98;
06:49:04;241;49,98;
06:49:07;239;49,98;
06:49:10;239;49,97;
06:49:13;240;49,97;
06:49:19;246;49,97;
06:49:23;237;49,97;
06:49:26;245;49,97;
06:49:29;251;49,96;
06:49:32;241;49,96;
06:49:35;242;49,97;
06:49:39;250;49,98;
06:49:44;248;49,98;
06:49:46;247;49,97;
06:49:49;247;49,96;
06:49:53;248;49,97;
06:49:56;249;49,96;
06:49:58;249;49,97;
06:50:00;247;49,97;
06:50:03;248;49,97;
06:50:06;245;49,97;
06:50:08;249;49,97;
06:50:11;251;49,97;
06:50:16;255;49,97;
06:50:18;250;49,97;
06:50:24;256;49,97;
06:50:26;252;49,97;
06:50:28;248;49,97;
06:50:31;259;49,97;
06:50:34;250;49,96;
06:50:36;256;49,96;
06:50:42;260;49,96;
06:50:48;256;49,96;
06:50:50;257;49,97;
06:50:54;253;49,98;
06:51:00;257;49,98;
06:51:04;255;49,98;
06:51:07;256;49,97;
06:51:15;260;49,98;
06:51:17;258;49,98;
06:51:19;257;49,97;
06:51:22;260;49,97;
06:51:28;261;49,97;
06:51:30;259;49,97;
06:51:31;263;49,97;
06:51:37;260;49,97;
06:51:39;263;49,97;
06:51:42;262;49,98;
06:51:45;259;49,98;
06:51:48;262;49,98;
06:51:55;266;49,98;
06:51:57;265;49,98;
06:51:59;266;49,98;
06:52:01;269;49,98;
06:52:03;266;49,98;
06:52:07;265;49,97;
06:52:15;266;49,97;
06:52:17;267;49,97;
06:52:19;260;49,97;
06:52:21;270;49,97;
06:52:26;273;49,97;
06:52:29;266;49,97;
06:52:33;264;49,96;
06:52:37;271;49,96;
06:52:45;272;49,97;
06:52:47;270;49,96;
06:52:48;271;49,96;
06:52:52;268;49,97;
06:52:55;273;49,96;
06:52:58;272;49,96;
06:53:01;272;49,97;
06:53:04;276;49,97;
06:53:07;275;49,97;
06:53:09;271;49,98;
06:53:11;275;49,98;
06:53:14;276;49,98;
06:53:16;280;49,98;
06:53:21;276;49,98;
06:53:23;277;49,98;
06:53:26;279;49,98;
06:53:28;280;49,98;
06:53:30;279;49,98;
06:53:37;280;49,98;
06:53:40;281;49,98;
06:53:43;283;49,97;
06:53:47;277;49,98;
06:53:50;282;49,98;
06:53:53;282;49,99;
06:53:57;283;49,99;
06:54:01;282;50,00;
06:54:05;284;50,00;
06:54:07;283;50,00;
06:54:08;281;49,99;
06:54:11;284;49,99;
06:54:13;283;49,99;
06:54:15;279;49,99;
06:54:17;284;49,99;
06:54:21;284;49,98;
06:54:24;289;49,98;
06:54:27;291;49,97;
06:54:29;284;49,98;
06:54:31;289;49,97;
06:54:32;283;49,97;
06:54:35;290;49,97;
06:54:39;283;49,97;
06:54:43;288;49,97;
06:54:45;290;49,97;
06:54:50;288;49,98;
06:54:58;290;49,98;
06:55:02;293;49,98;
06:55:05;289;49,98;
06:55:07;292;49,98;
06:55:14;293;49,98;
06:55:16;289;49,98;
06:55:19;293;49,98;
06:55:21;294;49,98;
06:55:23;290;49,99;
06:55:29;299;49,98;
06:55:33;291;49,98;
06:55:39;299;49,98;
06:55:42;297;49,98;
06:55:45;299;49,98;
06:55:47;300;49,99;
06:55:52;296;49,99;
06:55:55;298;49,99;
06:55:58;300;49,99;
06:56:00;303;49,99;
06:56:03;298;49,99;
06:56:06;297;49,98;
06:56:08;300;49,97;
06:56:11;301;49,97;
06:56:14;304;49,97;
06:56:17;300;49,97;
06:56:21;302;49,98;
06:56:25;305;49,98;
06:56:29;304;49,98;
06:56:31;303;49,98;
06:56:32;300;49,98;
06:56:39;299;49,99;
06:56:43;305;50,00;
06:56:46;306;50,00;
06:56:48;310;50,00;
06:56:51;307;50,00;
06:56:52;306;49,99;
06:56:58;305;49,99;
06:57:01;309;49,98;
06:57:02;271;49,99;
06:57:08;311;50,00;
06:57:11;312;50,00;
06:57:12;313;50,01;
06:57:18;309;50,00;
06:57:24;315;50,00;
06:57:28;308;49,99;
06:57:31;307;49,98;
06:57:32;315;49,99;
06:57:36;312;50,00;
06:57:42;315;50,00;
06:57:45;309;50,00;
06:57:48;310;49,99;
06:57:51;314;49,99;
06:57:52;315;49,99;
06:57:58;314;49,99;
06:58:01;315;49,99;
06:58:04;314;49,99;
06:58:07;316;49,99;
06:58:11;317;50,00;
06:58:14;320;50,00;
06:58:17;321;50,00;
06:58:21;320;50,01;
06:58:24;323;50,01;
06:58:28;321;50,00;
06:58:31;323;50,00;
06:58:32;321;50,00;
06:58:36;324;50,00;
06:58:43;325;50,00;
06:58:45;326;49,99;
06:58:51;327;49,99;
06:58:52;323;50,00;
06:59:01;326;50,00;
06:59:02;327;50,00;
06:59:08;325;49,99;
06:59:14;325;49,98;
06:59:17;328;49,98;
06:59:21;329;49,98;
06:59:24;328;49,98;
06:59:31;331;49,99;
06:59:37;330;49,99;
06:59:41;327;50,00;
06:59:44;330;50,00;
06:59:47;332;50,00;
06:59:51;333;50,00;
06:59:54;331;50,00;
06:59:57;333;50,00;
07:00:01;335;50,00;
07:00:07;336;49,99;
07:00:10;337;49,99;
07:00:13;342;49,99;
07:00:16;340;49,99;
07:00:19;340;50,00;
07:00:22;343;50,00;
07:00:25;345;50,01;
07:00:29;353;50,02;
07:00:32;340;50,01;
07:00:33;342;50,01;
07:00:39;337;50,01;
07:00:42;335;50,00;
07:00:43;340;50,00;
07:00:49;342;50,01;
07:00:52;338;50,02;
07:00:53;344;50,02;
07:00:59;342;50,01;
07:01:03;347;50,01;
07:01:09;348;50,01;
07:01:12;345;50,01;
07:01:18;344;50,01;
07:01:21;347;50,01;
07:01:30;345;50,01;
07:01:34;346;50,01;
07:01:37;347;50,01;
07:01:49;350;50,01;
07:01:52;348;50,01;
07:01:58;351;50,01;
07:02:04;352;50,01;
07:02:07;348;50,01;
07:02:10;349;50,01;
07:02:17;352;50,01;
07:02:20;351;50,01;
07:02:23;352;50,01;
07:02:26;353;50,01;
07:02:29;355;50,01;
07:02:32;347;50,01;
07:02:33;354;50,01;
07:02:42;349;50,01;
07:02:45;354;50,01;
07:02:51;351;50,01;
07:02:54;356;50,01;
07:02:57;354;50,01;
07:03:00;355;50,01;
07:03:03;356;50,01;
07:03:04;357;50,01;
07:03:07;354;50,01;
07:03:10;357;50,01;
07:03:13;355;50,02;
07:03:16;350;50,02;
07:03:19;356;50,02;
07:03:22;359;50,02;
07:03:25;358;50,01;
07:03:28;360;50,01;
07:03:34;353;50,01;
07:03:37;351;50,01;
07:03:40;359;50,00;
07:03:43;354;50,00;
07:03:46;360;50,01;
07:03:49;344;50,01;
07:03:52;346;50,01;
07:03:53;353;50,01;
07:03:59;358;50,01;
07:04:02;362;50,01;
07:04:05;361;50,01;
07:04:08;363;50,01;
07:04:11;365;50,00;
07:04:14;365;49,99;
07:04:17;363;49,99;
07:04:29;366;49,98;
07:04:32;362;49,98;
07:04:33;366;49,98;
07:04:36;368;49,99;
07:04:42;367;49,99;
07:04:45;369;49,99;
07:04:48;368;49,99;
07:04:51;363;49,99;
07:04:54;369;49,98;
07:04:57;367;49,98;
07:05:00;368;49,98;
07:05:03;368;49,99;
07:05:06;372;50,00;
07:05:09;368;50,00;
07:05:12;372;50,00;
07:05:15;370;50,00;
07:05:18;371;50,00;
07:05:21;371;49,99;
07:05:24;373;49,99;
07:05:30;373;49,98;
07:05:33;374;49,98;
07:05:36;373;49,98;
07:05:39;366;49,99;
07:05:42;374;49,99;
07:05:45;375;49,99;
07:05:48;369;49,99;
07:05:51;378;49,99;
07:05:57;377;50,00;
07:06:10;378;50,00;
07:06:13;376;49,99;
07:06:16;373;49,99;
07:06:19;378;49,99;
07:06:22;378;49,98;
07:06:25;377;49,98;
07:06:28;375;49,98;
07:06:31;377;49,97;
07:06:34;379;49,97;
07:06:37;377;49,96;
07:06:40;374;49,97;
07:06:43;380;49,97;
07:06:46;384;49,98;
07:07:01;385;49,98;
07:07:04;384;49,98;
07:07:10;385;49,97;
07:07:13;387;49,98;
07:07:19;384;49,98;
07:07:22;387;49,99;
07:07:25;390;49,99;
07:07:28;389;49,99;
07:07:32;388;49,99;
07:07:35;384;49,99;
07:07:38;392;49,99;
07:07:41;386;49,99;
07:07:44;391;49,99;
07:07:47;389;49,99;
07:07:50;393;49,99;
07:07:53;392;50,00;
07:07:56;393;49,99;
07:07:59;388;49,99;
07:08:02;393;49,99;
07:08:03;393;50,00;
07:08:06;392;50,00;
07:08:12;393;50,00;
07:08:15;396;50,00;
07:08:18;395;50,00;
07:08:21;395;49,99;
07:08:24;391;49,99;
07:08:27;394;49,99;
07:08:30;397;49,98;
07:08:36;393;49,98;
07:08:39;397;49,98;
07:08:42;392;49,98;
07:08:45;399;49,98;
07:08:48;397;49,98;
07:08:51;397;49,99;
07:08:54;394;49,99;
07:09:00;393;49,99;
07:09:04;400;49,99;
07:09:07;399;49,99;
07:09:10;400;49,99;
07:09:13;395;50,00;
07:09:16;400;50,00;
07:09:19;402;49,99;
07:09:25;397;49,98;
07:09:28;402;49,98;
07:09:35;403;49,99;
07:09:38;400;49,99;
07:09:41;405;49,98;
07:09:47;406;49,98;
07:09:50;402;49,97;
07:09:53;406;49,97;
07:09:56;407;49,98;
07:10:02;404;49,98;
07:10:05;408;49,99;
07:10:08;406;49,98;
07:10:17;403;49,99;
07:10:20;404;49,99;
07:10:23;401;49,99;
07:10:26;404;49,99;
07:10:29;408;49,98;
07:10:32;407;49,98;
07:10:35;408;49,98;
07:10:38;409;49,98;
07:10:41;410;49,98;
07:10:44;406;49,99;
07:10:47;403;50,00;
07:10:50;402;50,00;
07:10:53;410;50,00;
07:10:56;409;50,00;
07:10:59;407;50,00;
07:11:02;403;50,00;
07:11:05;410;50,00;
07:11:08;412;49,99;
07:11:11;410;49,99;
07:11:14;409;49,99;
07:11:17;410;49,99;
07:11:23;411;49,99;
07:11:29;410;50,00;
07:11:32;412;49,99;
07:11:35;412;50,00;
07:11:41;410;49,99;
07:11:44;413;50,00;
07:11:47;414;50,00;
07:11:50;413;50,00;
07:11:59;414;50,00;
07:12:02;414;49,99;
07:12:05;410;49,99;
07:12:08;415;49,99;
07:12:11;416;49,99;
07:12:14;415;49,99;
07:12:20;416;49,99;
07:12:23;417;49,99;
07:12:29;417;50,00;
07:12:32;415;50,00;
07:12:35;416;50,00;
07:12:38;415;50,01;
07:12:41;417;50,01;
07:12:50;418;50,01;
07:12:53;417;50,01;
07:12:59;420;50,01;
07:13:02;421;50,01;
07:13:03;422;50,01;
07:13:09;421;50,01;
07:13:12;419;50,01;
07:13:15;423;50,01;
07:13:18;417;50,01;
07:13:21;422;50,00;
07:13:24;423;50,00;
07:13:30;419;50,00;
07:13:39;420;50,00;
07:13:42;415;50,00;
07:13:45;423;50,00;
07:13:48;417;50,00;
07:13:51;422;50,00;
07:13:54;416;50,00;
07:13:57;423;49,99;
07:14:00;419;49,99;
07:14:03;423;49,99;
07:14:09;423;50,00;
07:14:12;424;50,00;
07:14:15;425;50,00;
07:14:18;424;50,00;
07:14:21;425;49,99;
07:14:24;426;49,99;
07:14:27;424;49,99;
07:14:30;421;49,98;
07:14:33;425;49,98;
07:14:36;425;49,97;
07:14:48;430;49,97;
07:14:51;428;49,97;
07:14:54;433;49,97;
07:15:00;435;49,97;
07:15:03;432;49,97;
07:15:06;432;49,98;
07:15:09;436;49,98;
07:15:12;434;49,98;
07:15:18;432;49,98;
07:15:21;437;49,98;
07:15:24;435;49,98;
07:15:27;436;49,98;
07:15:30;437;49,98;
07:15:36;436;49,98;
07:15:39;437;49,98;
07:15:42;438;49,99;
07:15:48;442;49,99;
07:15:51;435;49,99;
07:15:54;435;50,00;
07:15:57;442;50,00;
07:16:00;435;50,00;
07:16:03;442;50,00;
07:16:06;442;49,99;
07:16:09;444;49,99;
07:16:12;441;50,00;
07:16:18;442;50,00;
07:16:27;442;49,99;
07:16:30;444;49,99;
07:16:33;445;49,99;
07:16:36;445;50,00;
07:16:39;441;50,00;
07:16:42;448;50,00;
07:16:45;446;50,00;
07:16:48;442;50,00;
07:16:54;447;49,99;
07:16:57;444;50,00;
07:17:00;443;50,00;
07:17:03;450;50,00;
07:17:06;453;50,01;
07:17:09;446;50,01;
07:17:12;452;50,01;
07:17:15;453;50,01;
07:17:18;450;50,00;
07:17:21;446;50,00;
07:17:24;450;50,00;
07:17:27;452;50,00;
07:17:30;455;50,00;
07:17:33;455;50,01;
07:17:36;456;50,01;
07:17:39;457;50,01;
07:17:42;455;50,00;
07:17:45;456;50,01;
07:17:48;456;50,00;
07:17:51;459;50,01;
07:17:54;461;50,01;
07:17:57;458;50,01;
07:18:00;456;50,01;
07:18:03;458;50,01;
07:18:06;458;50,00;
07:18:09;456;50,00;
07:18:12;462;50,00;
07:18:15;460;50,01;
07:18:18;462;50,01;
07:18:21;463;50,01;
07:18:27;462;50,00;
07:18:33;462;50,01;
07:18:36;465;50,01;
07:18:39;466;50,00;
07:18:45;461;50,00;
07:18:48;472;50,00;
07:18:51;464;50,00;
07:18:54;473;50,00;
07:18:57;469;50,00;
07:19:00;465;50,00;
07:19:03;472;50,00;
07:19:06;466;50,00;
07:19:09;477;50,00;
07:19:12;470;50,00;
07:19:15;474;50,01;
07:19:18;472;50,01;
07:19:21;477;50,01;
07:19:27;478;50,00;
07:19:30;475;50,00;
07:19:33;479;50,00;
07:19:36;474;50,00;
07:19:39;477;50,00;
07:19:42;480;50,00;
07:19:45;482;50,00;
07:19:51;484;50,01;
07:19:54;485;50,01;
07:19:57;488;50,01;
07:20:03;490;50,01;
07:20:06;487;50,01;
07:20:09;488;50,01;
07:20:12;491;50,01;
07:20:15;492;50,01;
07:20:18;490;50,01;
07:20:21;493;50,00;
07:20:24;492;50,00;
07:20:27;496;50,00;
07:20:30;496;50,01;
07:20:33;495;50,01;
07:20:36;496;50,00;
07:20:39;499;50,00;
07:20:42;500;50,00;
07:20:45;504;50,00;
07:20:48;506;50,00;
07:20:51;505;50,00;
07:20:57;507;50,00;
07:21:00;510;50,00;
07:21:03;513;50,00;
07:21:09;515;50,00;
07:21:15;514;50,00;
07:21:18;518;50,00;
07:21:21;521;50,00;
07:21:24;518;49,99;
07:21:27;523;49,98;
07:21:30;524;49,99;
07:21:33;527;49,99;
07:21:36;525;49,99;
07:21:39;530;49,99;
07:21:42;529;49,99;
07:21:45;534;49,99;
07:21:48;535;50,00;
07:21:51;540;49,99;
07:21:54;538;50,00;
07:22:03;539;50,00;
07:22:06;541;50,00;
07:22:09;549;50,01;
07:22:12;554;50,00;
07:22:15;542;50,00;
07:22:18;551;50,00;
07:22:21;554;50,01;
07:22:24;557;50,01;
07:22:27;553;50,01;
07:22:30;560;50,00;
07:22:33;559;50,01;
07:22:36;564;50,01;
07:22:39;561;50,00;
07:22:42;564;50,00;
07:22:48;567;50,01;
07:22:51;567;50,00;
07:22:54;569;50,00;
07:22:57;571;50,00;
07:23:00;573;49,99;
07:23:03;571;49,99;
07:23:06;576;49,99;
07:23:12;581;49,99;
07:23:15;577;49,99;
07:23:18;582;50,00;
07:23:21;583;50,00;
07:23:24;585;50,01;
07:23:27;581;50,01;
07:23:30;587;50,01;
07:23:33;589;50,00;
07:23:36;591;50,00;
07:23:39;585;50,00;
07:23:42;593;49,99;
07:23:45;592;50,00;
07:23:48;595;49,99;
07:23:54;597;50,00;
07:23:57;601;50,00;
07:24:00;600;50,00;
07:24:03;592;50,00;
07:24:06;601;50,00;
07:24:09;603;49,99;
07:24:12;599;49,99;
07:24:15;602;49,99;
07:24:18;604;49,99;
07:24:21;606;49,99;
07:24:24;609;49,99;
07:24:27;610;49,99;
07:24:30;609;49,99;
07:24:33;610;49,99;
07:24:39;612;49,99;
07:24:42;613;50,00;
07:24:45;612;50,00;
07:24:48;615;50,00;
07:24:51;614;50,01;
07:24:54;620;50,00;
07:25:00;617;50,00;
07:25:03;618;50,00;
07:25:06;621;50,00;
07:25:09;622;50,00;
07:25:12;624;50,01;
07:25:15;623;50,00;
07:25:21;621;50,00;
07:25:24;626;49,99;
07:25:27;629;49,99;
07:25:30;629;49,98;
07:25:33;627;49,98;
07:25:36;629;49,97;
07:25:48;632;49,97;
07:25:51;635;49,97;
07:25:54;634;49,97;
07:25:57;633;49,97;
07:26:00;637;49,96;
07:26:06;641;49,96;
07:26:09;640;49,97;
07:26:12;639;49,98;
07:26:15;644;49,98;
07:26:18;645;49,98;
07:26:24;641;49,98;
07:26:27;646;49,98;
07:26:30;649;49,98;
07:26:33;649;49,97;
07:26:36;651;49,97;
07:26:39;650;49,97;
07:26:42;652;49,97;
07:26:45;653;49,97;
07:26:51;655;49,98;
07:26:54;649;49,98;
07:26:57;652;49,98;
07:27:00;650;49,98;
07:27:03;658;49,98;
07:27:06;661;49,98;
07:27:09;657;49,98;
07:27:12;662;49,98;
07:27:15;664;49,98;
07:27:18;665;49,98;
07:27:21;664;49,97;
07:27:24;665;49,97;
07:27:27;664;49,97;
07:27:30;665;49,97;
07:27:33;662;49,97;
07:27:36;664;49,97;
07:27:39;666;49,97;
07:27:42;665;49,96;
07:27:45;668;49,96;
07:27:48;667;49,97;
07:27:51;669;49,97;
07:27:57;670;49,98;
07:28:00;671;49,98;
07:28:03;673;49,98;
07:28:06;674;49,98;
07:28:09;676;49,98;
07:28:12;679;49,98;
07:28:15;674;49,98;
07:28:18;681;49,98;
07:28:21;685;49,97;
07:28:27;686;49,97;
07:28:30;688;49,97;
07:28:33;689;49,97;
07:28:36;692;49,97;
07:28:39;689;49,98;
07:28:42;693;49,97;
07:28:45;695;49,97;
07:28:48;698;49,97;
07:28:51;696;49,97;
07:28:54;699;49,98;
07:28:57;694;49,98;
07:29:03;704;49,98;
07:29:06;703;49,98;
07:29:09;701;49,98;
07:29:12;705;49,98;
07:29:15;709;49,98;
07:29:18;704;49,98;
07:29:21;710;49,98;
07:29:24;705;49,99;
07:29:27;711;50,00;
07:29:33;711;49,99;
07:29:36;716;50,00;
07:29:39;715;50,00;
07:29:42;717;49,99;
07:29:45;718;49,99;
07:29:48;721;49,99;
07:29:51;720;49,99;
07:29:54;724;49,99;
07:29:57;721;49,99;
07:30:00;729;49,99;
07:30:03;726;49,99;
07:30:09;723;49,98;
07:30:12;733;49,98;
07:30:15;739;49,98;
07:30:18;730;49,98;
07:30:21;737;49,98;
07:30:27;736;49,98;
07:30:30;739;49,98;
07:30:33;738;49,98;
07:30:36;745;49,98;
07:30:39;744;49,98;
07:30:42;746;49,98;
07:30:45;741;49,99;
07:30:48;748;49,99;
07:30:51;751;49,99;
07:30:54;750;49,99;
07:30:57;747;49,99;
07:31:00;754;50,00;
07:31:06;759;50,00;
07:31:09;754;49,99;
07:31:15;758;49,99;
07:31:18;760;49,98;
07:31:21;762;49,97;
07:31:24;763;49,97;
07:31:27;764;49,97;
07:31:30;769;49,98;
07:31:33;769;49,97;
07:31:36;764;49,97;
07:31:39;773;49,97;
07:31:42;772;49,97;
07:31:45;774;49,97;
07:31:48;773;49,97;
07:31:51;776;49,97;
07:31:54;777;49,98;
07:32:00;784;49,98;
07:32:03;781;49,98;
07:32:06;779;49,98;
07:32:09;783;49,98;
07:32:12;787;49,98;
07:32:18;792;49,98;
07:32:21;783;49,98;
07:32:24;792;49,98;
07:32:27;791;49,98;
07:32:30;792;49,98;
07:32:33;796;49,99;
07:32:36;796;49,98;
07:32:39;800;49,98;
07:32:42;802;49,98;
07:32:45;803;49,98;
07:32:48;804;49,98;
07:32:51;806;49,98;
07:32:54;808;49,98;
07:32:57;809;49,98;
07:33:00;810;49,98;
07:33:06;815;49,98;
07:33:09;819;49,98;
07:33:12;817;49,97;
07:33:15;821;49,97;
07:33:18;820;49,97;
07:33:21;823;49,97;
07:33:24;826;49,97;
07:33:27;826;49,98;
07:33:30;828;49,98;
07:33:33;832;49,98;
07:33:36;833;49,98;
07:33:39;837;49,98;
07:33:42;831;49,98;
07:33:45;839;49,98;
07:33:48;841;49,97;
07:33:51;843;49,97;
07:33:54;841;49,97;
07:33:57;843;49,97;
07:34:00;847;49,98;
07:34:12;865;49,97;
07:34:15;855;49,97;
07:34:18;860;49,97;
07:34:21;869;49,97;
07:34:24;873;49,98;
07:34:27;865;49,98;
07:34:30;872;49,98;
07:34:33;871;49,98;
07:34:36;877;49,98;
07:34:39;878;49,97;
07:34:42;881;49,97;
07:34:45;879;49,98;
07:34:48;888;49,98;
07:34:51;887;49,98;
07:34:54;891;49,98;
07:35:00;897;49,98;
07:35:03;893;49,98;
07:35:06;890;49,98;
07:35:09;904;49,98;
07:35:18;903;49,97;
07:35:21;909;49,97;
07:35:24;915;49,97;
07:35:27;907;49,97;
07:35:30;917;49,97;
07:35:33;914;49,97;
07:35:36;922;49,97;
07:35:42;928;49,97;
07:35:45;924;49,97;
07:35:48;931;49,97;
07:35:51;930;49,97;
07:35:54;935;49,97;
07:35:57;932;49,97;
07:36:03;939;49,97;
07:36:06;944;49,97;
07:36:09;941;49,97;
07:36:12;948;49,97;
07:36:15;951;49,97;
07:36:18;953;49,97;
07:36:21;955;49,97;
07:36:24;952;49,97;
07:36:27;959;49,98;
07:36:30;964;49,98;
07:36:33;961;49,98;
07:36:36;967;49,98;
07:36:42;970;49,98;
07:36:45;972;49,99;
07:36:48;975;49,98;
07:36:51;976;49,98;
07:36:54;982;49,98;
07:36:57;980;49,98;
07:37:00;986;49,98;
07:37:03;991;49,98;
07:37:09;986;49,98;
07:37:12;991;49,98;
07:37:15;1001;49,98;
07:37:18;991;49,98;
07:37:21;997;49,98;
07:37:24;1006;49,97;
07:37:27;1003;49,98;
07:37:30;1010;49,98;
07:37:36;1009;49,98;
07:37:39;1016;49,98;
07:37:42;1015;49,98;
07:37:45;1017;49,98;
07:37:48;1016;49,98;
07:37:51;1020;49,99;
07:37:54;1018;49,99;
07:37:57;1027;49,99;
07:38:00;1024;49,99;
07:38:03;1031;49,99;
07:38:06;1025;49,99;
07:38:09;1037;49,98;
07:38:15;1042;49,98;
07:38:18;1033;49,98;
07:38:21;1045;49,98;
07:38:24;1040;49,98;
07:38:27;1047;49,98;
07:38:30;1042;49,98;
07:38:33;1053;49,98;
07:38:36;1054;49,97;
07:38:39;1058;49,97;
07:38:42;1048;49,97;
07:38:45;1063;49,97;
07:38:48;1061;49,98;
07:38:51;1065;49,98;
07:38:54;1058;49,98;
07:38:57;1068;49,98;
07:39:00;1066;49,98;
07:39:03;1072;49,98;
07:39:06;1063;49,98;
07:39:09;1077;49,99;
07:39:12;1079;49,99;
07:39:15;1081;49,98;
07:39:21;1085;49,99;
07:39:24;1091;49,99;
07:39:27;1089;49,99;
07:39:30;1087;49,99;
07:39:33;1096;49,99;
07:39:36;1097;49,99;
07:39:39;1092;49,99;
07:39:42;1101;49,99;
07:39:45;1104;49,98;
07:39:48;1105;49,98;
07:39:51;1106;49,98;
07:39:54;1102;49,98;
07:39:57;1111;49,98;
07:40:00;1108;49,98;
07:40:03;1114;49,99;
07:40:06;1106;49,99;
07:40:09;1121;49,99;
07:40:12;1123;49,99;
07:40:15;1124;49,98;
07:40:18;1116;49,98;
07:40:21;1125;49,98;
07:40:24;1129;49,98;
07:40:27;1134;49,98;
07:40:30;1129;49,98;
07:40:33;1135;49,98;
07:40:36;1138;49,98;
07:40:39;1133;49,98;
07:40:42;1144;49,98;
07:40:45;1140;49,98;
07:40:48;1147;49,98;
07:40:51;1144;49,99;
07:40:54;1155;49,99;
07:40:57;1150;49,99;
07:41:00;1158;49,99;
07:41:03;1152;49,99;
07:41:06;1163;49,99;
07:41:12;1169;49,99;
07:41:15;1162;49,99;
07:41:18;1173;49,99;
07:41:21;1169;49,99;
07:41:24;1177;49,99;
07:41:27;1172;49,99;
07:41:30;1181;49,98;
07:41:33;1182;49,98;
07:41:36;1187;49,98;
07:41:39;1179;49,98;
07:41:42;1191;49,98;
07:41:45;1187;49,98;
07:41:48;1195;49,98;
07:41:51;1189;49,98;
07:41:54;1201;49,98;
07:41:57;1197;49,99;
07:42:00;1202;49,99;
07:42:03;1188;49,99;
07:42:06;1206;49,99;
07:42:09;1215;49,99;
07:42:12;1211;49,99;
07:42:18;1219;49,99;
07:42:21;1224;49,99;
07:42:24;1222;49,98;
07:42:27;1215;49,98;
07:42:30;1227;49,98;
07:42:33;1233;49,98;
07:42:36;1226;49,98;
07:42:39;1232;49,97;
07:42:42;1240;49,96;
07:42:45;1239;49,96;
07:42:48;1243;49,97;
07:42:51;1245;49,97;
07:42:54;1248;49,97;
07:42:57;1248;49,98;
07:43:00;1250;49,98;
07:43:03;1254;49,98;
07:43:06;1257;49,98;
07:43:09;1259;49,98;
07:43:12;1262;49,98;
07:43:15;1263;49,98;
07:43:18;1265;49,98;
07:43:24;1270;49,98;
07:43:30;1274;49,98;
07:43:33;1275;49,98;
07:43:36;1279;49,99;
07:43:39;1280;49,99;
07:43:42;1267;49,99;
07:43:45;1284;49,99;
07:43:48;1289;49,98;
07:43:51;1291;49,98;
07:43:54;1294;49,98;
07:43:57;1297;49,98;
07:44:00;1300;49,99;
07:44:03;1303;49,99;
07:44:06;1288;49,99;
07:44:09;1311;49,99;
07:44:12;1309;50,00;
07:44:15;1316;50,00;
07:44:18;1314;50,00;
07:44:21;1322;50,00;
07:44:24;1324;49,99;
07:44:30;1330;49,98;
07:44:33;1332;49,98;
07:44:36;1333;49,99;
07:44:39;1336;49,99;
07:44:42;1337;49,99;
07:44:45;1342;49,99;
07:44:48;1338;49,99;
07:44:51;1344;49,98;
07:44:54;1331;49,98;
07:44:57;1351;49,98;
07:45:00;1350;49,98;
07:45:03;1355;49,98;
07:45:06;1341;49,98;
07:45:09;1359;49,99;
07:45:15;1365;49,99;
07:45:18;1351;49,99;
07:45:21;1370;49,99;
07:45:24;1372;49,99;
07:45:27;1374;49,98;
07:45:30;1366;49,98;
07:45:33;1371;49,98;
07:45:36;1379;49,98;
07:45:39;1382;49,98;
07:45:45;1386;49,98;
07:45:48;1387;49,99;
07:45:51;1388;49,99;
07:45:54;1392;49,99;
07:45:57;1377;49,99;
07:46:00;1394;49,99;
07:46:03;1396;50,00;
07:46:06;1400;50,00;
07:46:09;1400;49,99;
07:46:12;1402;49,99;
07:46:21;1405;49,99;
07:46:24;1408;49,99;
07:46:27;1410;49,99;
07:46:33;1412;49,98;
07:46:36;1415;49,98;
07:46:39;1408;49,98;
07:46:42;1413;49,98;
07:46:45;1418;49,98;
07:46:48;1420;49,98;
07:46:51;1420;49,97;
07:46:54;1421;49,97;
07:46:57;1416;49,97;
07:47:00;1421;49,97;
07:47:03;1414;49,97;
07:47:06;1423;49,97;
07:47:09;1420;49,98;
07:47:12;1424;49,98;
07:47:15;1417;49,98;
07:47:18;1423;49,98;
07:47:21;1423;49,99;
07:47:27;1415;49,98;
07:47:30;1422;49,97;
07:47:33;1418;49,97;
07:47:36;1422;49,98;
07:47:39;1412;49,97;
07:47:42;1421;49,97;
07:47:45;1419;49,97;
07:47:48;1402;49,97;
07:47:51;1414;49,98;
07:47:54;1418;49,98;
07:47:57;1396;49,98;
07:48:00;1416;49,98;
07:48:03;1410;49,98;
07:48:06;1411;49,98;
07:48:09;1413;49,98;
07:48:12;1411;49,98;
07:48:15;1405;49,98;
07:48:18;1404;49,98;
07:48:21;1386;49,98;
07:48:24;1403;49,98;
07:48:27;1402;49,97;
07:48:33;1397;49,97;
07:48:36;1400;49,98;
07:48:39;1392;49,98;
07:48:42;1400;49,98;
07:48:45;1396;49,98;
07:48:48;1399;49,98;
07:48:54;1392;49,98;
07:48:57;1390;49,99;
07:49:00;1396;49,99;
07:49:03;1389;49,99;
07:49:06;1396;49,99;
07:49:09;1392;49,99;
07:49:12;1397;49,98;
07:49:15;1398;49,98;
07:49:18;1397;49,97;
07:49:21;1393;49,97;
07:49:24;1395;49,96;
07:49:27;1396;49,96;
07:49:33;1394;49,96;
07:49:36;1376;49,97;
07:49:39;1397;49,97;
07:49:45;1396;49,96;
07:49:48;1397;49,97;
07:49:51;1397;49,96;
07:49:54;1399;49,96;
07:49:57;1398;49,96;
07:50:00;1381;49,96;
07:50:03;1397;49,96;
07:50:06;1399;49,95;
07:50:12;1399;49,96;
07:50:15;1400;49,96;
07:50:18;1394;49,96;
07:50:24;1402;49,95;
07:50:27;1400;49,95;
07:50:30;1396;49,96;
07:50:33;1402;49,96;
07:50:36;1397;49,96;
07:50:39;1403;49,96;
07:50:42;1406;49,96;
07:50:45;1397;49,96;
07:50:48;1388;49,96;
07:50:51;1404;49,96;
07:50:54;1401;49,96;
07:50:57;1404;49,96;
07:51:00;1392;49,96;
07:51:03;1405;49,96;
07:51:09;1407;49,96;
07:51:12;1394;49,97;
07:51:15;1411;49,97;
07:51:18;1410;49,96;
07:51:21;1412;49,96;
07:51:24;1402;49,96;
07:51:30;1415;49,96;
07:51:33;1419;49,96;
07:51:36;1413;49,96;
07:51:39;1421;49,96;
07:51:42;1416;49,96;
07:51:45;1426;49,96;
07:51:48;1429;49,97;
07:51:51;1431;49,97;
07:51:54;1428;49,97;
07:51:57;1435;49,97;
07:52:00;1438;49,97;
07:52:03;1437;49,97;
07:52:06;1424;49,97;
07:52:09;1440;49,97;
07:52:12;1439;49,97;
07:52:15;1441;49,96;
07:52:18;1424;49,97;
07:52:21;1445;49,97;
07:52:24;1448;49,97;
07:52:27;1438;49,97;
07:52:30;1436;49,98;
07:52:36;1451;49,97;
07:52:39;1441;49,98;
07:52:42;1442;49,97;
07:52:45;1440;49,97;
07:52:48;1448;49,98;
07:52:51;1447;49,98;
07:52:54;1449;49,98;
07:52:57;1450;49,98;
07:53:00;1447;49,98;
07:53:03;1440;49,98;
07:53:06;1448;49,98;
07:53:09;1445;49,98;
07:53:12;1451;49,98;
07:53:15;1441;49,98;
07:53:18;1450;49,98;
07:53:21;1447;49,98;
07:53:24;1450;49,98;
07:53:27;1442;49,98;
07:53:30;1450;49,98;
07:53:33;1446;49,97;
07:53:36;1451;49,97;
07:53:42;1449;49,97;
07:53:45;1443;49,97;
07:53:48;1449;49,97;
07:53:51;1441;49,97;
07:53:54;1451;49,97;
07:53:57;1446;49,97;
07:54:00;1450;49,97;
07:54:03;1451;49,97;
07:54:06;1449;49,97;
07:54:09;1445;49,97;
07:54:12;1452;49,98;
07:54:15;1441;49,98;
07:54:18;1453;49,98;
07:54:21;1436;49,98;
07:54:27;1443;49,98;
07:54:30;1455;49,97;
07:54:33;1445;49,97;
07:54:36;1455;49,97;
07:54:39;1441;49,97;
07:54:42;1454;49,96;
07:54:45;1455;49,96;
07:54:48;1440;49,96;
07:54:51;1443;49,97;
07:54:54;1456;49,97;
07:54:57;1441;49,98;
07:55:00;1457;49,98;
07:55:03;1441;49,98;
07:55:06;1455;49,98;
07:55:09;1456;49,98;
07:55:12;1455;49,98;
07:55:15;1439;49,98;
07:55:18;1452;49,97;
07:55:21;1455;49,98;
07:55:24;1449;49,98;
07:55:27;1438;49,97;
07:55:33;1453;49,97;
07:55:36;1446;49,98;
07:55:39;1448;49,98;
07:55:42;1452;49,98;
07:55:45;1466;49,98;
07:55:48;1455;49,98;
07:55:51;1465;49,98;
07:55:54;1466;49,98;
07:55:57;1468;50,00;
07:56:00;1456;50,00;
07:56:03;1468;50,00;
07:56:06;1450;50,00;
07:56:09;1459;50,00;
07:56:12;1446;49,99;
07:56:15;1448;49,98;
07:56:18;1444;49,98;
07:56:21;1439;49,98;
07:56:24;1420;49,98;
07:56:27;1430;49,98;
07:56:30;1427;49,98;
07:56:33;1421;49,97;
07:56:39;1413;49,97;
07:56:42;1408;49,98;
07:56:45;1402;49,98;
07:56:48;1394;49,98;
07:56:51;1393;49,98;
07:56:54;1383;49,98;
07:56:57;1385;49,98;
07:57:00;1380;49,98;
07:57:03;1371;49,99;
07:57:06;1361;49,99;
07:57:09;1369;49,99;
07:57:12;1359;49,99;
07:57:15;1380;49,99;
07:57:18;1375;49,99;
07:57:21;1390;49,99;
07:57:24;1392;50,00;
07:57:27;1407;50,00;
07:57:30;1409;50,00;
07:57:33;1423;50,00;
07:57:36;1431;50,00;
07:57:39;1433;50,00;
07:57:45;1431;50,01;
07:57:48;1436;50,00;
07:57:51;1442;50,01;
07:57:54;1441;50,01;
07:57:57;1444;50,01;
07:58:00;1445;50,01;
07:58:03;1435;50,01;
07:58:06;1444;50,01;
07:58:09;1442;50,02;
07:58:12;1439;50,02;
07:58:15;1435;50,03;
07:58:18;1432;50,03;
07:58:21;1423;50,03;
07:58:24;1429;50,02;
07:58:27;1418;50,02;
07:58:30;1419;50,01;
07:58:33;1413;50,01;
07:58:36;1409;50,01;
07:58:39;1411;50,01;
07:58:42;1405;50,02;
07:58:45;1392;50,02;
07:58:48;1399;50,02;
07:58:51;1400;50,01;
07:58:54;1392;50,01;
07:58:57;1378;50,01;
07:59:00;1385;50,01;
07:59:03;1382;50,01;
07:59:09;1373;50,01;
07:59:12;1377;50,01;
07:59:15;1373;50,01;
07:59:18;1377;50,00;
07:59:21;1369;50,00;
07:59:24;1376;50,00;
07:59:27;1372;50,00;
07:59:30;1377;50,00;
07:59:36;1379;50,00;
07:59:39;1376;50,00;
07:59:42;1381;49,99;
07:59:45;1373;50,00;
07:59:48;1385;49,99;
07:59:51;1379;49,99;
07:59:54;1384;50,00;
07:59:57;1387;50,00;
08:00:00;1393;50,01;
08:00:03;1395;50,01;
08:00:06;1402;50,00;
08:00:09;1397;50,00;
08:00:12;1407;50,00;
08:00:15;1401;50,00;
08:00:18;1412;50,00;
08:00:21;1415;50,01;
08:00:24;1423;50,01;
08:00:27;1419;50,01;
08:00:30;1424;50,02;
08:00:33;1419;50,02;
08:00:36;1432;50,02;
08:00:42;1436;50,01;
08:00:45;1435;50,01;
08:00:48;1437;50,02;
08:00:51;1438;50,02;
08:00:54;1442;50,02;
08:00:57;1440;50,02;
08:01:00;1438;50,02;
08:01:06;1433;50,02;
08:01:09;1435;50,01;
08:01:12;1434;50,01;
08:01:18;1436;50,01;
08:01:21;1441;50,01;
08:01:24;1445;50,01;
08:01:27;1454;50,00;
08:01:30;1457;50,00;
08:01:33;1461;50,00;
08:01:36;1464;50,00;
08:01:39;1468;50,00;
08:01:42;1475;50,00;
08:01:48;1483;50,00;
08:01:51;1489;50,00;
08:01:54;1490;50,00;
08:01:57;1494;50,00;
08:02:00;1499;50,00;
08:02:03;1503;50,00;
08:02:06;1529;50,00;
08:02:09;1508;50,00;
08:02:12;1553;50,00;
08:02:15;1586;50,00;
08:02:18;1601;50,00;
08:02:21;1620;50,00;
08:02:24;1627;50,00;
08:02:27;1638;50,00;
08:02:30;1638;50,01;
08:02:33;1651;50,00;
08:02:36;1656;50,00;
08:02:39;1657;50,00;
08:02:42;1654;50,00;
08:02:45;1666;50,00;
08:02:48;1685;50,00;
08:02:54;1711;50,01;
08:02:57;1726;50,00;
08:03:00;1737;50,00;
08:03:03;1753;49,99;
08:03:06;1765;49,99;
08:03:09;1764;49,99;
08:03:12;1773;49,99;
08:03:15;1757;49,99;
08:03:18;1763;49,99;
08:03:21;1754;49,98;
08:03:24;1753;49,98;
08:03:27;1739;49,98;
08:03:30;1714;49,98;
08:03:39;1680;49,98;
08:03:42;1664;49,99;
08:03:45;1640;49,99;
08:03:48;1625;49,99;
08:03:51;1595;49,99;
08:03:54;1578;49,98;
08:03:57;1560;49,98;
08:04:00;1559;49,99;
08:04:03;1539;49,99;
08:04:06;1532;49,99;
08:04:09;1531;49,99;
08:04:12;1531;49,98;
08:04:15;1539;49,98;
08:04:18;1541;49,98;
08:04:21;1531;49,98;
08:04:24;1541;49,98;
08:04:27;1538;49,98;
08:04:30;1532;49,98;
08:04:33;1504;49,98;
08:04:36;1486;49,99;
08:04:39;1457;50,00;
08:04:45;1419;50,00;
08:04:48;1407;50,00;
08:04:51;1384;50,00;
08:04:54;1372;49,99;
08:04:57;1352;49,99;
08:05:00;1343;49,99;
08:05:03;1328;50,00;
08:05:06;1323;50,00;
08:05:09;1314;49,99;
08:05:12;1319;49,99;
08:05:15;1313;49,99;
08:05:18;1319;49,99;
08:05:21;1318;49,99;
08:05:24;1319;49,98;
08:05:27;1315;49,98;
08:05:30;1312;49,98;
08:05:33;1307;49,98;
08:05:36;1302;49,98;
08:05:39;1294;49,98;
08:05:42;1295;49,98;
08:05:45;1282;49,98;
08:05:51;1273;49,97;
08:05:54;1275;49,97;
08:05:57;1272;49,97;
08:06:00;1285;49,97;
08:06:03;1288;49,98;
08:06:06;1298;49,98;
08:06:12;1290;49,98;
08:06:15;1319;49,99;
08:06:18;1320;50,00;
08:06:21;1338;49,99;
08:06:24;1340;49,99;
08:06:27;1342;49,98;
08:06:30;1345;49,98;
08:06:36;1339;49,97;
08:06:39;1336;49,97;
08:06:42;1333;49,97;
08:06:45;1312;49,98;
08:06:48;1326;49,98;
08:06:51;1327;49,98;
08:06:57;1320;49,99;
08:07:00;1333;49,99;
08:07:03;1340;49,99;
08:07:06;1339;49,99;
08:07:09;1354;49,99;
08:07:12;1357;49,99;
08:07:15;1359;49,99;
08:07:18;1365;49,98;
08:07:21;1335;49,98;
08:07:27;1307;49,98;
08:07:30;1287;49,97;
08:07:33;1242;49,97;
08:07:36;1222;49,97;
08:07:42;1161;49,97;
08:07:45;1146;49,97;
08:07:48;1132;49,97;
08:07:51;1132;49,98;
08:07:54;1126;49,98;
08:07:57;1134;49,98;
08:08:00;1135;49,98;
08:08:03;1130;49,98;
08:08:06;1129;49,99;
08:08:12;1126;50,00;
08:08:15;1129;50,00;
08:08:18;1124;50,00;
08:08:21;1126;50,00;
08:08:24;1121;50,00;
08:08:27;1121;49,99;
08:08:30;1114;49,99;
08:08:33;1115;49,99;
08:08:36;1110;49,99;
08:08:39;1108;49,98;
08:08:42;1099;49,98;
08:08:48;1101;49,99;
08:08:51;1100;49,99;
08:08:54;1090;49,99;
08:08:57;1095;49,99;
08:09:00;1093;49,99;
08:09:03;1091;49,99;
08:09:06;1090;50,00;
08:09:09;1088;50,00;
08:09:12;1082;49,99;
08:09:15;1081;49,99;
08:09:18;1074;49,99;
08:09:21;1078;49,99;
08:09:24;1076;50,00;
08:09:27;1074;50,00;
08:09:30;1070;49,99;
08:09:33;1069;49,99;
08:09:36;1064;49,99;
08:09:39;1066;49,99;
08:09:42;1059;49,99;
08:09:45;1064;50,00;
08:09:48;1060;49,99;
08:09:54;1057;49,99;
08:09:57;1060;49,99;
08:10:00;1056;49,99;
08:10:03;1058;49,99;
08:10:06;1054;49,99;
08:10:09;1055;49,99;
08:10:12;1057;50,00;
08:10:15;1053;49,99;
08:10:18;1049;49,99;
08:10:21;1053;49,99;
08:10:24;1050;49,99;
08:10:27;1054;49,98;
08:10:30;1049;49,98;
08:10:33;1051;49,98;
08:10:36;1053;49,98;
08:10:39;1048;49,98;
08:10:42;1046;49,99;
08:10:45;1055;49,99;
08:10:48;1056;50,00;
08:10:51;1048;49,99;
08:10:54;1047;49,99;
08:11:00;1058;49,99;
08:11:03;1051;49,98;
08:11:06;1053;49,98;
08:11:09;1052;49,97;
08:11:12;1057;49,98;
08:11:15;1056;49,98;
08:11:18;1058;49,98;
08:11:21;1060;49,98;
08:11:24;1061;49,98;
08:11:27;1057;49,98;
08:11:30;1059;49,99;
08:11:36;1062;50,00;
08:11:39;1058;50,00;
08:11:42;1056;49,99;
08:11:45;1053;49,99;
08:11:48;1055;49,98;
08:11:54;1057;49,98;
08:11:57;1053;49,98;
08:12:00;1058;49,98;
08:12:06;1054;49,98;
08:12:09;1053;49,99;
08:12:12;1060;49,99;
08:12:15;1057;49,98;
08:12:21;1055;49,98;
08:12:24;1060;49,98;
08:12:27;1058;49,98;
08:12:30;1061;49,98;
08:12:33;1057;49,99;
08:12:36;1062;49,98;
08:12:39;1061;49,99;
08:12:42;1065;49,99;
08:12:45;1063;50,00;
08:12:51;1067;50,00;
08:12:54;1070;50,00;
08:12:57;1067;50,00;
08:13:00;1076;49,99;
08:13:03;1074;49,99;
08:13:06;1072;49,99;
08:13:09;1073;49,99;
08:13:12;1070;49,99;
08:13:15;1079;50,00;
08:13:18;1077;50,00;
08:13:21;1086;49,99;
08:13:24;1084;49,99;
08:13:27;1086;49,99;
08:13:30;1092;49,98;
08:13:33;1094;49,98;
08:13:36;1097;49,99;
08:13:39;1092;49,99;
08:13:42;1107;49,99;
08:13:45;1108;49,99;
08:13:48;1104;50,00;
08:13:51;1108;50,00;
08:13:57;1120;50,00;
08:14:00;1115;50,00;
08:14:03;1126;50,00;
08:14:06;1131;50,00;
08:14:09;1135;50,00;
08:14:12;1132;50,00;
08:14:15;1139;50,01;
08:14:18;1136;50,01;
08:14:21;1143;50,01;
08:14:24;1136;50,00;
08:14:27;1147;50,00;
08:14:30;1143;50,00;
08:14:33;1153;50,00;
08:14:36;1148;50,00;
08:14:39;1156;50,00;
08:14:45;1162;50,01;
08:14:48;1158;50,01;
08:14:51;1169;50,01;
08:14:54;1168;50,01;
08:14:57;1173;50,01;
08:15:03;1178;50,01;
08:15:06;1179;50,01;
08:15:09;1184;50,00;
08:15:12;1177;50,01;
08:15:15;1189;50,00;
08:15:21;1190;49,99;
08:15:24;1193;49,99;
08:15:27;1198;49,99;
08:15:30;1196;49,99;
08:15:33;1203;50,00;
08:15:36;1195;50,00;
08:15:39;1209;49,99;
08:15:42;1209;49,98;
08:15:45;1204;49,98;
08:15:48;1200;49,98;
08:15:51;1214;49,98;
08:15:54;1220;49,98;
08:15:57;1219;49,98;
08:16:00;1211;49,98;
08:16:03;1224;49,98;
08:16:09;1232;49,97;
08:16:12;1233;49,98;
08:16:15;1238;49,99;
08:16:18;1240;49,99;
08:16:21;1245;50,00;
08:16:24;1247;50,00;
08:16:27;1243;50,00;
08:16:30;1251;50,00;
08:16:33;1254;49,98;
08:16:36;1246;49,98;
08:16:39;1253;49,98;
08:16:42;1257;49,98;
08:16:45;1255;49,98;
08:16:48;1253;49,98;
08:16:54;1268;49,99;
08:16:57;1263;49,98;
08:17:00;1268;49,98;
08:17:03;1271;49,98;
08:17:06;1282;49,98;
08:17:09;1276;49,98;
08:17:12;1282;49,99;
08:17:15;1286;49,99;
08:17:18;1291;49,98;
08:17:21;1292;49,98;
08:17:24;1298;49,98;
08:17:27;1295;49,98;
08:17:30;1308;49,98;
08:17:33;1307;49,97;
08:17:36;1313;49,97;
08:17:39;1310;49,97;
08:17:42;1334;49,97;
08:17:45;1349;49,97;
08:17:48;1373;49,97;
08:17:51;1371;49,98;
08:17:54;1396;49,98;
08:18:00;1423;49,99;
08:18:03;1431;50,00;
08:18:06;1446;50,00;
08:18:09;1448;50,00;
08:18:12;1448;49,99;
08:18:15;1454;49,99;
08:18:18;1446;49,98;
08:18:21;1444;49,98;
08:18:24;1430;49,98;
08:18:27;1423;49,98;
08:18:30;1407;49,98;
08:18:33;1401;49,98;
08:18:36;1392;49,98;
08:18:39;1376;49,98;
08:18:42;1385;49,98;
08:18:45;1384;49,97;
08:18:48;1391;49,98;
08:18:51;1392;49,97;
08:18:54;1406;49,98;
08:18:57;1413;49,98;
08:19:00;1433;49,98;
08:19:06;1455;49,98;
08:19:09;1460;49,98;
08:19:12;1474;49,98;
08:19:15;1476;49,97;
08:19:18;1481;49,97;
08:19:21;1496;49,98;
08:19:24;1505;49,98;
08:19:27;1498;49,98;
08:19:30;1502;49,97;
08:19:33;1505;49,97;
08:19:36;1498;49,97;
08:19:42;1511;49,97;
08:19:45;1528;49,98;
08:19:48;1536;49,98;
08:19:51;1574;49,98;
08:19:54;1604;49,98;
08:19:57;1617;49,98;
08:20:00;1637;49,98;
08:20:03;1642;49,98;
08:20:06;1647;49,98;
08:20:12;1638;49,98;
08:20:15;1639;49,98;
08:20:18;1624;49,97;
08:20:21;1612;49,97;
08:20:24;1586;49,97;
08:20:27;1574;49,97;
08:20:30;1567;49,97;
08:20:33;1560;49,96;
08:20:36;1558;49,96;
08:20:39;1559;49,96;
08:20:42;1558;49,96;
08:20:45;1556;49,97;
08:20:48;1554;49,97;
08:20:51;1546;49,97;
08:20:54;1540;49,97;
08:20:57;1527;49,97;
08:21:00;1495;49,98;
08:21:03;1496;49,98;
08:21:06;1485;49,98;
08:21:09;1465;49,98;
08:21:12;1461;49,98;
08:21:15;1452;49,99;
08:21:18;1438;49,99;
08:21:21;1402;49,99;
08:21:24;1392;49,99;
08:21:27;1375;49,99;
08:21:30;1372;49,99;
08:21:33;1365;49,98;
08:21:39;1357;49,98;
08:21:42;1350;49,99;
08:21:45;1351;49,99;
08:21:48;1344;49,99;
08:21:51;1339;49,99;
08:21:54;1335;49,99;
08:21:57;1328;49,99;
08:22:03;1319;49,98;
08:22:06;1320;49,98;
08:22:12;1318;49,98;
08:22:15;1312;49,98;
08:22:18;1311;49,98;
08:22:21;1303;49,98;
08:22:24;1304;49,98;
08:22:27;1300;49,98;
08:22:30;1298;49,98;
08:22:33;1290;49,98;
08:22:36;1286;49,98;
08:22:39;1282;49,98;
08:22:42;1279;49,98;
08:22:45;1270;49,98;
08:22:48;1271;49,97;
08:22:51;1267;49,97;
08:22:54;1265;49,97;
08:22:57;1258;49,97;
08:23:00;1256;49,98;
08:23:03;1250;49,98;
08:23:09;1244;49,97;
08:23:12;1240;49,97;
08:23:15;1233;49,98;
08:23:21;1228;49,98;
08:23:24;1226;49,98;
08:23:27;1219;49,98;
08:23:33;1212;49,97;
08:23:36;1211;49,97;
08:23:39;1205;49,97;
08:23:42;1204;49,97;
08:23:45;1199;49,96;
08:23:51;1188;49,96;
08:23:54;1192;49,97;
08:23:57;1182;49,97;
08:24:00;1184;49,97;
08:24:03;1180;49,98;
08:24:06;1178;49,98;
08:24:09;1168;49,98;
08:24:15;1167;49,97;
08:24:21;1158;49,97;
08:24:24;1161;49,97;
08:24:27;1153;49,97;
08:24:30;1158;49,97;
08:24:33;1155;49,97;
08:24:36;1152;49,96;
08:24:39;1147;49,96;
08:24:42;1149;49,96;
08:24:45;1141;49,97;
08:24:48;1143;49,96;
08:24:51;1132;49,96;
08:24:54;1138;49,96;
08:24:57;1136;49,96;
08:25:00;1132;49,96;
08:25:03;1126;49,96;
08:25:06;1130;49,96;
08:25:09;1126;49,97;
08:25:15;1118;49,98;
08:25:24;1121;49,98;
08:25:27;1113;49,97;
08:25:30;1115;49,97;
08:25:33;1112;49,97;
08:25:36;1114;49,97;
08:25:39;1114;49,96;
08:25:42;1108;49,96;
08:25:45;1109;49,96;
08:25:48;1110;49,96;
08:25:54;1108;49,96;
08:25:57;1104;49,97;
08:26:00;1095;49,97;
08:26:06;1095;49,98;
08:26:09;1099;49,98;
08:26:12;1091;49,98;
08:26:15;1097;49,98;
08:26:18;1094;49,98;
08:26:21;1095;49,98;
08:26:24;1090;49,98;
08:26:27;1095;49,97;
08:26:30;1093;49,97;
08:26:33;1095;49,97;
08:26:36;1094;49,97;
08:26:39;1093;49,97;
08:26:42;1093;49,98;
08:26:45;1094;49,98;
08:26:48;1091;49,98;
08:26:51;1092;50,00;
08:26:54;1103;50,00;
08:26:57;1097;50,00;
08:27:00;1093;50,00;
08:27:03;1097;50,00;
08:27:06;1096;50,00;
08:27:12;1093;50,00;
08:27:15;1100;50,00;
08:27:21;1104;50,00;
08:27:24;1100;49,99;
08:27:27;1102;49,99;
08:27:30;1102;49,98;
08:27:33;1097;49,98;
08:27:36;1102;49,98;
08:27:39;1108;49,98;
08:27:42;1104;49,98;
08:27:45;1109;49,98;
08:27:48;1107;49,98;
08:27:51;1109;49,97;
08:27:54;1113;49,97;
08:27:57;1114;49,97;
08:28:00;1116;49,97;
08:28:03;1120;49,96;
08:28:06;1116;49,96;
08:28:09;1124;49,96;
08:28:12;1125;49,96;
08:28:18;1124;49,97;
08:28:21;1132;49,97;
08:28:24;1133;49,97;
08:28:27;1136;49,97;
08:28:30;1134;49,98;
08:28:33;1139;49,98;
08:28:36;1143;49,98;
08:28:39;1139;49,98;
08:28:42;1143;49,98;
08:28:45;1148;49,99;
08:28:48;1149;49,98;
08:28:51;1155;49,99;
08:28:54;1150;49,98;
08:28:57;1158;49,98;
08:29:00;1161;49,98;
08:29:03;1159;49,97;
08:29:06;1160;49,97;
08:29:09;1166;49,96;
08:29:12;1173;49,96;
08:29:15;1166;49,96;
08:29:18;1173;49,96;
08:29:24;1180;49,97;
08:29:30;1187;49,97;
08:29:33;1185;49,97;
08:29:36;1194;49,97;
08:29:39;1192;49,97;
08:29:42;1197;49,97;
08:29:45;1200;49,97;
08:29:48;1205;49,98;
08:29:51;1202;49,98;
08:29:54;1210;49,99;
08:29:57;1209;49,99;
08:30:00;1217;49,99;
08:30:03;1213;49,99;
08:30:06;1222;49,99;
08:30:09;1222;49,98;
08:30:12;1230;49,98;
08:30:15;1227;49,98;
08:30:18;1233;49,99;
08:30:24;1243;49,99;
08:30:27;1247;50,00;
08:30:30;1241;49,99;
08:30:33;1246;49,99;
08:30:36;1253;49,98;
08:30:39;1255;49,98;
08:30:42;1262;49,97;
08:30:45;1263;49,97;
08:30:48;1271;49,97;
08:30:51;1275;49,97;
08:30:54;1281;49,97;
08:30:57;1280;49,98;
08:31:00;1287;49,98;
08:31:03;1290;49,99;
08:31:06;1294;49,99;
08:31:09;1294;50,00;
08:31:15;1309;50,00;
08:31:18;1312;49,99;
08:31:21;1312;49,98;
08:31:24;1322;49,98;
08:31:27;1327;49,98;
08:31:30;1331;49,98;
08:31:33;1334;49,98;
08:31:36;1327;49,98;
08:31:39;1345;49,98;
08:31:42;1352;49,98;
08:31:45;1348;49,99;
08:31:48;1360;49,99;
08:31:51;1366;50,00;
08:31:54;1373;49,99;
08:31:57;1377;50,00;
08:32:00;1381;50,00;
08:32:03;1393;50,00;
08:32:06;1388;50,00;
08:32:09;1394;50,00;
08:32:12;1407;50,00;
08:32:15;1412;50,00;
08:32:21;1414;49,98;
08:32:24;1421;49,98;
08:32:27;1428;49,98;
08:32:30;1429;49,98;
08:32:33;1441;49,98;
08:32:36;1442;49,98;
08:32:39;1448;49,98;
08:32:42;1451;49,98;
08:32:45;1466;49,98;
08:32:48;1473;49,98;
08:32:51;1482;49,99;
08:32:54;1482;50,00;
08:32:57;1496;50,00;
08:33:00;1495;50,00;
08:33:03;1504;50,00;
08:33:06;1511;50,00;
08:33:09;1525;50,00;
08:33:12;1520;50,00;
08:33:15;1531;50,00;
08:33:18;1526;50,00;
08:33:21;1541;50,00;
08:33:27;1553;50,01;
08:33:30;1549;50,01;
08:33:33;1567;50,00;
08:33:36;1566;50,00;
08:33:39;1578;50,00;
08:33:42;1573;50,00;
08:33:45;1587;50,00;
08:33:48;1592;50,00;
08:33:51;1601;49,99;
08:33:54;1596;49,98;
08:33:57;1613;49,98;
08:34:00;1611;49,98;
08:34:03;1627;49,99;
08:34:06;1625;49,98;
08:34:12;1636;49,98;
08:34:15;1646;49,98;
08:34:18;1645;49,99;
08:34:21;1662;49,99;
08:34:24;1670;49,99;
08:34:27;1678;50,00;
08:34:33;1689;50,00;
08:34:36;1688;50,00;
08:34:39;1694;50,00;
08:34:42;1697;50,00;
08:34:45;1703;50,00;
08:34:48;1707;50,00;
08:34:51;1701;50,00;
08:34:54;1714;50,00;
08:34:57;1709;50,00;
08:35:00;1727;50,00;
08:35:03;1719;50,00;
08:35:06;1734;50,00;
08:35:09;1730;50,00;
08:35:12;1745;50,00;
08:35:18;1756;50,01;
08:35:21;1750;50,01;
08:35:24;1768;50,01;
08:35:27;1763;50,01;
08:35:30;1781;50,00;
08:35:33;1784;50,00;
08:35:36;1795;50,00;
08:35:39;1802;50,00;
08:35:42;1829;50,00;
08:35:45;1860;50,00;
08:35:48;1891;50,00;
08:35:54;1936;50,00;
08:35:57;1957;50,00;
08:36:00;1971;50,00;
08:36:03;2001;50,00;
08:36:06;2033;50,00;
08:36:09;2040;50,00;
08:36:12;2061;49,99;
08:36:15;2060;49,99;
08:36:18;2069;49,98;
08:36:24;2050;49,97;
08:36:27;2036;49,97;
08:36:30;2038;49,97;
08:36:33;2023;49,98;
08:36:36;2016;49,98;
08:36:39;1997;49,99;
08:36:42;1996;49,99;
08:36:45;1983;49,99;
08:36:48;1946;49,98;
08:36:51;1922;49,98;
08:36:54;1928;49,98;
08:36:57;1925;49,98;
08:37:00;1928;49,98;
08:37:03;1910;49,98;
08:37:06;1931;49,98;
08:37:12;1937;49,99;
08:37:15;1935;49,99;
08:37:18;1948;50,00;
08:37:21;1949;50,00;
08:37:24;1962;50,00;
08:37:30;1965;49,99;
08:37:33;1969;49,98;
08:37:36;1972;49,98;
08:37:39;1976;49,98;
08:37:42;1982;49,98;
08:37:45;1986;49,98;
08:37:48;1990;49,98;
08:37:51;1993;49,98;
08:37:54;2012;49,98;
08:37:57;2023;49,99;
08:38:00;2031;50,00;
08:38:03;2037;50,00;
08:38:06;2057;49,99;
08:38:09;2072;49,99;
08:38:12;2086;49,99;
08:38:15;2130;49,98;
08:38:18;2173;49,98;
08:38:21;2193;49,98;
08:38:24;2220;49,98;
08:38:27;2227;49,98;
08:38:30;2209;49,97;
08:38:36;2132;49,97;
08:38:39;2114;49,97;
08:38:42;2079;49,97;
08:38:45;2068;49,98;
08:38:48;2058;49,98;
08:38:51;2055;49,98;
08:38:54;2032;49,98;
08:38:57;2055;49,98;
08:39:00;2123;49,98;
08:39:03;2156;49,98;
08:39:06;2225;49,98;
08:39:09;2274;49,99;
08:39:12;2375;49,99;
08:39:15;2419;49,99;
08:39:21;2402;49,99;
08:39:24;2361;49,99;
08:39:27;2299;49,99;
08:39:30;2276;49,99;
08:39:33;2256;49,98;
08:39:36;2257;49,98;
08:39:39;2259;49,98;
08:39:42;2271;49,98;
08:39:45;2401;49,98;
08:39:48;2449;49,98;
08:39:51;2514;49,98;
08:39:54;2518;49,98;
08:39:57;2460;49,98;
08:40:00;2416;49,98;
08:40:03;2365;49,98;
08:40:06;2315;49,97;
08:40:12;2310;49,97;
08:40:15;2312;49,97;
08:40:18;2300;49,97;
08:40:21;2315;49,97;
08:40:27;2328;49,97;
08:40:30;2325;49,97;
08:40:33;2290;49,97;
08:40:36;2252;49,97;
08:40:39;2205;49,97;
08:40:42;2196;49,97;
08:40:45;2166;49,97;
08:40:51;2095;49,96;
08:40:54;2066;49,96;
08:40:57;2025;49,96;
08:41:00;2014;49,97;
08:41:03;2007;49,98;
08:41:06;2013;49,98;
08:41:09;2009;49,98;
08:41:12;2007;49,98;
08:41:15;2004;49,98;
08:41:18;2000;49,98;
08:41:21;1999;49,97;
08:41:24;1998;49,97;
08:41:27;1997;49,97;
08:41:33;2004;49,97;
08:41:36;2009;49,97;
08:41:39;2011;49,97;
08:41:42;2013;49,97;
08:41:45;2015;49,98;
08:41:48;2017;49,97;
08:41:51;2002;49,98;
08:41:54;2018;49,98;
08:41:57;2026;49,98;
08:42:00;2029;49,98;
08:42:06;2027;49,98;
08:42:09;2021;49,98;
08:42:12;2025;49,98;
08:42:15;2011;49,98;
08:42:18;2028;49,98;
08:42:21;2025;49,99;
08:42:24;2029;49,99;
08:42:27;2026;49,99;
08:42:30;2033;49,98;
08:42:33;2030;49,98;
08:42:39;2017;49,98;
08:42:42;2040;49,97;
08:42:45;2046;49,97;
08:42:48;2063;49,96;
08:42:51;2087;49,96;
08:42:54;2122;49,97;
08:42:57;2151;49,97;
08:43:00;2173;49,97;
08:43:03;2237;49,98;
08:43:06;2231;49,98;
08:43:09;2233;49,97;
08:43:12;2210;49,97;
08:43:15;2150;49,97;
08:43:18;2137;49,96;
08:43:21;2134;49,96;
08:43:24;2132;49,96;
08:43:27;2146;49,96;
08:43:30;2160;49,96;
08:43:33;2157;49,96;
08:43:36;2176;49,96;
08:43:39;2184;49,96;
08:43:45;2176;49,96;
08:43:48;2172;49,97;
08:43:51;2163;49,97;
08:43:54;2142;49,97;
08:43:57;2133;49,97;
08:44:00;2120;49,96;
08:44:03;2114;49,96;
08:44:06;2113;49,97;
08:44:09;2110;49,96;
08:44:12;2099;49,96;
08:44:15;2101;49,96;
08:44:18;2095;49,96;
08:44:21;2090;49,96;
08:44:24;2074;49,96;
08:44:30;2058;49,97;
08:44:33;2060;49,97;
08:44:36;2041;49,98;
08:44:39;2045;49,98;
08:44:42;2023;49,98;
08:44:45;2030;49,98;
08:44:48;2027;49,98;
08:44:51;2019;49,98;
08:44:54;2011;49,99;
08:44:57;2019;49,99;
08:45:00;2009;49,99;
08:45:03;2016;49,99;
08:45:06;2015;50,00;
08:45:09;2014;50,00;
08:45:12;2004;49,99;
08:45:15;2014;49,99;
08:45:18;2006;49,99;
08:45:21;2014;49,98;
08:45:24;2013;49,98;
08:45:27;2014;49,98;
08:45:30;2003;49,98;
08:45:36;2011;49,97;
08:45:39;2016;49,97;
08:45:42;2007;49,98;
08:45:45;2016;49,98;
08:45:48;2011;49,98;
08:45:51;2018;49,98;
08:45:54;2020;49,97;
08:45:57;2011;49,97;
08:46:00;2010;49,97;
08:46:03;2019;49,98;
08:46:06;2011;49,98;
08:46:09;2017;49,98;
08:46:12;2010;49,97;
08:46:15;2018;49,97;
08:46:18;2017;49,97;
08:46:21;2021;49,97;
08:46:24;2018;49,97;
08:46:27;2025;49,97;
08:46:30;2031;49,97;
08:46:33;2042;49,97;
08:46:36;2062;49,97;
08:46:42;2098;49,96;
08:46:45;2124;49,97;
08:46:48;2173;49,97;
08:46:51;2200;49,97;
08:46:54;2276;49,97;
08:46:57;2300;49,98;
08:47:00;2339;49,98;
08:47:03;2365;49,98;
08:47:06;2424;49,99;
08:47:09;2445;49,99;
08:47:12;2439;50,00;
08:47:15;2457;50,00;
08:47:18;2452;50,00;
08:47:21;2437;50,00;
08:47:24;2435;49,99;
08:47:27;2393;49,99;
08:47:30;2349;49,99;
08:47:33;2325;50,00;
08:47:36;2272;50,00;
08:47:39;2237;50,00;
08:47:42;2181;50,00;
08:47:48;2142;49,99;
08:47:51;2143;49,98;
08:47:54;2160;49,98;
08:47:57;2154;49,97;
08:48:00;2132;49,97;
08:48:03;2105;49,96;
08:48:06;2102;49,96;
08:48:09;2097;49,96;
08:48:12;2100;49,96;
08:48:15;2093;49,96;
08:48:18;2076;49,96;
08:48:21;2085;49,96;
08:48:24;2097;49,97;
08:48:27;2119;49,97;
08:48:33;2111;49,97;
08:48:36;2109;49,97;
08:48:39;2084;49,96;
08:48:42;2078;49,96;
08:48:45;2083;49,96;
08:48:48;2094;49,96;
08:48:51;2095;49,96;
08:48:54;2090;49,96;
08:48:57;2085;49,97;
08:49:00;2088;49,97;
08:49:03;2104;49,97;
08:49:06;2109;49,97;
08:49:09;2096;49,98;
08:49:12;2100;49,98;
08:49:15;2094;49,98;
08:49:18;2078;49,97;
08:49:21;2073;49,97;
08:49:24;2083;49,97;
08:49:27;2087;49,98;
08:49:33;2126;49,97;
08:49:39;2180;49,97;
08:49:42;2168;49,96;
08:49:45;2193;49,97;
08:49:48;2214;49,97;
08:49:51;2275;49,98;
08:49:54;2287;49,98;
08:49:57;2301;49,98;
08:50:00;2321;49,98;
08:50:03;2439;49,98;
08:50:06;2445;49,97;
08:50:09;2411;49,97;
08:50:12;2472;49,97;
08:50:15;2505;49,97;
08:50:18;2464;49,97;
08:50:21;2409;49,98;
08:50:24;2287;49,98;
08:50:27;2259;49,98;
08:50:30;2284;49,98;
08:50:33;2392;49,97;
08:50:36;2470;49,97;
08:50:39;2640;49,97;
08:50:45;2652;49,97;
08:50:48;2614;49,97;
08:50:51;2579;49,97;
08:50:54;2543;49,97;
08:50:57;2452;49,97;
08:51:00;2413;49,97;
08:51:03;2392;49,98;
08:51:06;2402;49,98;
08:51:09;2433;49,97;
08:51:12;2440;49,97;
08:51:15;2479;49,97;
08:51:18;2520;49,98;
08:51:21;2642;49,98;
08:51:24;2653;49,98;
08:51:27;2678;49,98;
08:51:30;2661;49,98;
08:51:33;2619;49,97;
08:51:36;2604;49,97;
08:51:39;2724;49,96;
08:51:42;2802;49,96;
08:51:45;2946;49,97;
08:51:51;2927;49,97;
08:51:54;2845;49,97;
08:51:57;2666;49,96;
08:52:00;2575;49,96;
08:52:03;2524;49,96;
08:52:06;2520;49,96;
08:52:09;2504;49,96;
08:52:12;2527;49,97;
08:52:15;2598;49,97;
08:52:18;2600;49,97;
08:52:21;2585;49,97;
08:52:24;2546;49,97;
08:52:27;2502;49,97;
08:52:30;2477;49,96;
08:52:33;2443;49,96;
08:52:36;2417;49,96;
08:52:39;2415;49,96;
08:52:42;2429;49,96;
08:52:45;2494;49,96;
08:52:48;2560;49,96;
08:52:51;2631;49,96;
08:52:54;2737;49,97;
08:52:57;2832;49,98;
08:53:00;3034;49,98;
08:53:03;3105;49,98;
08:53:06;3225;49,98;
08:53:09;3306;49,98;
08:53:12;3507;49,97;
08:53:15;3598;49,97;
08:53:18;3717;49,97;
08:53:21;3866;49,96;
08:53:24;3877;49,97;
08:53:27;3780;49,97;
08:53:30;3626;49,97;
08:53:33;3502;49,97;
08:53:36;3318;49,97;
08:53:42;3096;49,97;
08:53:45;3020;49,97;
08:53:48;2845;49,97;
08:53:51;2759;49,97;
08:53:54;2655;49,96;
08:53:57;2641;49,97;
08:54:00;2627;49,97;
08:54:03;2639;49,97;
08:54:06;2731;49,98;
08:54:09;2767;49,98;
08:54:12;2899;49,99;
08:54:15;2966;49,99;
08:54:18;3092;49,98;
08:54:21;3148;49,98;
08:54:24;3193;49,97;
08:54:27;3255;49,96;
08:54:30;3319;49,96;
08:54:33;3343;49,96;
08:54:36;3396;49,97;
08:54:39;3432;49,96;
08:54:42;3483;49,97;
08:54:48;3525;49,97;
08:54:51;3553;49,97;
08:54:54;3617;49,96;
08:54:57;3623;49,96;
08:55:00;3696;49,96;
08:55:03;3730;49,96;
08:55:06;3745;49,96;
08:55:09;3734;49,96;
08:55:12;3494;49,97;
08:55:15;3332;49,97;
08:55:18;3085;49,97;
08:55:21;2985;49,97;
08:55:24;2877;49,96;
08:55:27;2881;49,96;
08:55:30;2904;49,96;
08:55:33;2869;49,96;
08:55:36;2761;49,96;
08:55:39;2688;49,96;
08:55:42;2638;49,97;
08:55:45;2635;49,97;
08:55:48;2619;49,98;
08:55:57;2624;49,98;
08:56:00;2601;49,98;
08:56:03;2581;49,98;
08:56:06;2534;49,97;
08:56:09;2521;49,97;
08:56:12;2510;49,97;
08:56:15;2505;49,97;
08:56:18;2486;49,98;
08:56:21;2480;49,98;
08:56:24;2476;49,98;
08:56:27;2478;49,98;
08:56:33;2477;49,98;
08:56:36;2462;49,98;
08:56:39;2469;49,98;
08:56:42;2478;49,98;
08:56:45;2485;49,98;
08:56:48;2510;49,98;
08:56:51;2531;49,98;
08:56:54;2580;49,98;
08:57:00;2601;49,98;
08:57:03;2576;49,98;
08:57:06;2563;49,98;
08:57:09;2592;49,98;
08:57:12;2647;49,97;
08:57:15;2668;49,97;
08:57:18;2670;49,97;
08:57:21;2666;49,97;
08:57:24;2663;49,97;
08:57:27;2676;49,98;
08:57:30;2658;49,98;
08:57:33;2642;49,98;
08:57:36;2657;49,98;
08:57:39;2686;49,98;
08:57:45;2748;49,98;
08:57:48;2782;49,98;
08:57:51;2954;49,98;
08:57:54;3026;49,98;
08:57:57;2995;49,98;
08:58:00;2907;49,99;
08:58:03;2837;49,99;
08:58:06;2812;49,99;
08:58:09;2854;49,98;
08:58:12;2884;49,98;
08:58:15;2983;49,98;
08:58:18;3120;49,99;
08:58:21;3515;49,99;
08:58:24;3738;49,98;
08:58:27;3920;49,98;
08:58:30;4208;49,98;
08:58:33;4254;49,97;
08:58:36;4198;49,98;
08:58:39;4026;49,98;
08:58:42;4081;49,98;
08:58:45;4390;49,97;
08:58:51;4456;49,98;
08:58:54;4358;49,98;
08:58:57;4256;49,98;
08:59:00;4258;49,98;
08:59:03;4442;49,99;
08:59:06;4568;49,98;
08:59:09;4646;49,98;
08:59:12;4724;49,99;
08:59:15;4868;50,00;
08:59:18;4822;50,00;
08:59:21;4604;50,00;
08:59:24;4546;50,00;
08:59:27;4608;49,98;
08:59:30;4702;49,98;
08:59:33;4756;49,98;
08:59:36;4578;49,98;
08:59:39;4380;49,98;
08:59:42;4384;49,98;
08:59:45;4726;49,98;
08:59:48;4904;49,98;
08:59:51;5144;49,99;
08:59:57;5302;49,99;
09:00:00;5312;50,00;
09:00:03;5306;50,00;
09:00:06;5298;49,99;
09:00:09;5292;49,98;
09:00:12;5296;49,98;
09:00:15;5260;49,98;
09:00:18;5256;49,97;
09:00:21;5216;49,97;
09:00:24;5212;49,97;
09:00:27;5152;49,98;
09:00:30;5010;49,98;
09:00:33;4590;49,98;
09:00:36;4488;49,98;
09:00:39;4486;49,98;
09:00:42;4676;49,98;
09:00:45;4794;49,98;
09:00:48;4848;49,98;
09:00:51;4920;49,98;
09:00:54;4992;49,98;
09:00:57;5098;49,98;
09:01:03;5336;49,98;
09:01:06;5348;49,99;
09:01:09;5328;49,98;
09:01:12;5316;49,98;
09:01:15;5258;49,97;
09:01:18;5252;49,97;
09:01:21;5236;49,96;
09:01:24;5216;49,96;
09:01:27;5276;49,96;
09:01:30;5346;49,96;
09:01:33;5400;49,96;
09:01:36;5434;49,96;
09:01:39;5432;49,96;
09:01:42;5446;49,96;
09:01:45;5442;49,97;
09:01:48;5438;49,97;
09:01:51;5436;49,97;
09:01:54;5420;49,97;
09:01:57;5398;49,96;
09:02:00;5288;49,96;
09:02:03;5224;49,96;
09:02:06;5184;49,96;
09:02:12;5398;49,95;
09:02:15;5432;49,95;
09:02:18;5446;49,94;
09:02:21;5442;49,95;
09:02:24;5428;49,95;
09:02:27;5424;49,95;
09:02:30;5406;49,96;
09:02:33;5442;49,95;
09:02:36;5446;49,95;
09:02:39;5462;49,95;
09:02:42;5448;49,95;
09:02:45;5456;49,95;
09:02:48;5398;49,95;
09:02:54;5214;49,95;
09:02:57;5162;49,96;
09:03:00;5018;49,96;
09:03:03;5008;49,96;
09:03:06;5018;49,96;
09:03:09;5070;49,95;
09:03:12;5112;49,96;
09:03:15;5160;49,96;
09:03:18;5352;49,95;
09:03:21;5412;49,95;
09:03:24;5428;49,95;
09:03:27;5438;49,94;
09:03:30;5412;49,95;
09:03:33;5396;49,95;
09:03:36;5370;49,95;
09:03:39;5344;49,95;
09:03:42;5316;49,95;
09:03:45;5324;49,95;
09:03:48;5316;49,94;
09:03:51;5358;49,94;
09:03:54;5382;49,95;
09:04:00;5380;49,96;
09:04:03;5404;49,96;
09:04:06;5386;49,96;
09:04:09;5376;49,96;
09:04:12;5322;49,96;
09:04:15;5342;49,96;
09:04:18;5340;49,96;
09:04:21;5336;49,96;
09:04:24;5308;49,96;
09:04:27;5318;49,96;
09:04:30;5304;49,96;
09:04:33;5296;49,96;
09:04:36;5284;49,96;
09:04:39;5306;49,96;
09:04:42;5314;49,96;
09:04:45;5308;49,96;
09:04:48;5290;49,96;
09:04:51;5276;49,96;
09:04:54;5278;49,96;
09:04:57;5258;49,96;
09:05:00;5196;49,97;
09:05:06;5172;49,97;
09:05:09;5164;49,96;
09:05:12;5122;49,96;
09:05:15;5138;49,96;
09:05:18;5118;49,96;
09:05:21;5108;49,96;
09:05:24;5096;49,96;
09:05:27;5060;49,96;
09:05:30;5026;49,96;
09:05:33;4996;49,97;
09:05:36;4940;49,96;
09:05:39;4926;49,96;
09:05:42;4838;49,95;
09:05:45;4752;49,96;
09:05:48;4670;49,95;
09:05:51;4464;49,96;
09:05:54;4322;49,96;
09:05:57;4258;49,96;
09:06:00;4102;49,96;
09:06:03;4000;49,96;
09:06:06;3829;49,96;
09:06:12;3517;49,96;
09:06:15;3394;49,96;
09:06:18;3228;49,96;
09:06:21;3154;49,96;
09:06:24;3053;49,96;
09:06:27;3000;49,96;
09:06:30;2997;49,96;
09:06:33;2975;49,96;
09:06:36;2924;49,96;
09:06:39;2860;49,96;
09:06:42;2830;49,96;
09:06:45;2749;49,96;
09:06:48;2712;49,96;
09:06:51;2648;49,96;
09:06:57;2551;49,97;
09:07:00;2544;49,97;
09:07:03;2519;49,96;
09:07:06;2505;49,97;
09:07:09;2498;49,97;
09:07:12;2485;49,96;
09:07:15;2492;49,96;
09:07:18;2497;49,96;
09:07:21;2459;49,96;
09:07:24;2481;49,96;
09:07:27;2467;49,96;
09:07:33;2434;49,97;
09:07:36;2456;49,96;
09:07:39;2457;49,96;
09:07:42;2447;49,96;
09:07:45;2429;49,97;
09:07:48;2430;49,97;
09:07:51;2437;49,98;
09:07:54;2431;49,98;
09:07:57;2421;49,97;
09:08:03;2420;49,97;
09:08:06;2417;49,96;
09:08:09;2411;49,96;
09:08:12;2389;49,96;
09:08:15;2404;49,96;
09:08:18;2401;49,96;
09:08:21;2394;49,96;
09:08:24;2398;49,96;
09:08:27;2389;49,96;
09:08:30;2379;49,96;
09:08:33;2382;49,96;
09:08:36;2364;49,96;
09:08:39;2373;49,96;
09:08:42;2360;49,96;
09:08:45;2367;49,97;
09:08:48;2349;49,97;
09:08:51;2353;49,97;
09:08:54;2342;49,98;
09:08:57;2344;49,98;
09:09:00;2330;49,97;
09:09:03;2335;49,97;
09:09:09;2325;49,96;
09:09:12;2312;49,96;
09:09:18;2298;49,96;
09:09:21;2303;49,97;
09:09:24;2293;49,97;
09:09:27;2294;49,97;
09:09:30;2291;49,97;
09:09:33;2280;49,97;
09:09:36;2276;49,98;
09:09:39;2269;49,98;
09:09:42;2257;49,99;
09:09:45;2253;49,99;
09:09:48;2250;49,99;
09:09:51;2252;49,99;
09:09:54;2242;49,99;
09:09:57;2244;49,98;
09:10:00;2244;49,99;
09:10:03;2236;49,98;
09:10:06;2234;49,98;
09:10:09;2226;49,98;
09:10:15;2218;49,98;
09:10:18;2199;49,99;
09:10:21;2211;49,98;
09:10:24;2203;49,98;
09:10:27;2201;49,98;
09:10:30;2182;49,98;
09:10:33;2196;49,98;
09:10:36;2194;49,98;
09:10:39;2188;49,98;
09:10:42;2169;49,98;
09:10:45;2179;49,97;
09:10:48;2180;49,97;
09:10:51;2178;49,96;
09:10:54;2173;49,96;
09:11:00;2164;49,96;
09:11:03;2162;49,96;
09:11:09;2151;49,96;
09:11:12;2157;49,96;
09:11:15;2151;49,96;
09:11:18;2156;49,96;
09:11:21;2153;49,96;
09:11:24;2149;49,97;
09:11:27;2141;49,97;
09:11:30;2145;49,98;
09:11:33;2135;49,98;
09:11:36;2143;49,98;
09:11:39;2134;49,98;
09:11:42;2140;49,99;
09:11:45;2127;49,99;
09:11:48;2135;49,99;
09:11:51;2128;49,99;
09:11:54;2134;49,98;
09:11:57;2122;49,98;
09:12:00;2132;49,98;
09:12:06;2130;49,98;
09:12:09;2117;49,98;
09:12:12;2129;49,98;
09:12:15;2121;49,98;
09:12:18;2127;49,98;
09:12:21;2115;49,98;
09:12:24;2126;49,98;
09:12:27;2124;49,98;
09:12:30;2123;49,98;
09:12:33;2115;49,98;
09:12:36;2122;49,98;
09:12:39;2110;49,99;
09:12:42;2120;49,99;
09:12:45;2116;49,99;
09:12:48;2114;49,99;
09:12:51;2111;49,99;
09:12:54;2118;49,98;
09:12:57;2119;49,98;
09:13:00;2117;49,99;
09:13:03;2112;49,99;
09:13:06;2116;49,99;
09:13:12;2114;49,98;
09:13:15;2111;49,98;
09:13:18;2110;49,98;
09:13:21;2111;49,98;
09:13:24;2108;49,98;
09:13:27;2107;49,97;
09:13:30;2100;49,97;
09:13:33;2107;49,98;
09:13:36;2105;49,98;
09:13:39;2103;49,98;
09:13:42;2101;49,98;
09:13:45;2100;49,98;
09:13:48;2098;49,99;
09:13:51;2097;49,99;
09:13:54;2090;49,99;
09:13:57;2093;49,99;
09:14:00;2092;50,00;
09:14:03;2089;50,00;
09:14:06;2084;50,00;
09:14:09;2086;50,00;
09:14:12;2081;49,99;
09:14:18;2076;49,98;
09:14:21;2074;49,98;
09:14:24;2071;49,99;
09:14:27;2069;49,99;
09:14:30;2064;50,00;
09:14:33;2062;49,99;
09:14:36;2052;49,99;
09:14:39;2061;49,99;
09:14:42;2053;49,98;
09:14:45;2052;49,98;
09:14:48;2041;49,98;
09:14:51;2044;49,97;
09:14:54;2040;49,98;
09:14:57;2039;49,98;
09:15:00;2028;49,99;
09:15:03;2032;49,99;
09:15:06;2024;49,98;
09:15:09;2025;49,98;
09:15:12;2020;49,98;
09:15:18;2015;49,98;
09:15:24;2007;49,99;
09:15:27;2005;49,98;
09:15:30;1998;49,98;
09:15:33;2001;49,97;
09:15:36;1992;49,97;
09:15:39;1995;49,97;
09:15:42;1984;49,97;
09:15:45;1989;49,97;
09:15:48;1985;49,98;
09:15:51;1983;49,98;
09:15:54;1975;49,98;
09:15:57;1977;49,98;
09:16:03;1971;49,98;
09:16:09;1967;49,98;
09:16:12;1964;49,97;
09:16:15;1961;49,98;
09:16:18;1960;49,98;
09:16:21;1958;49,98;
09:16:24;1957;49,98;
09:16:27;1947;49,98;
09:16:30;1954;49,98;
09:16:33;1952;49,98;
09:16:36;1949;49,99;
09:16:39;1948;49,99;
09:16:42;1948;50,00;
09:16:45;1945;50,00;
09:16:48;1943;50,00;
09:16:51;1933;49,99;
09:16:54;1942;49,99;
09:16:57;1939;49,98;
09:17:00;1938;49,98;
09:17:03;1936;49,98;
09:17:09;1932;49,98;
09:17:15;1931;49,99;
09:17:18;1930;49,99;
09:17:21;1928;49,99;
09:17:24;1929;49,99;
09:17:27;1927;49,99;
09:17:30;1926;49,99;
09:17:33;1922;49,99;
09:17:36;1925;49,99;
09:17:39;1922;49,99;
09:17:42;1923;49,99;
09:17:45;1924;49,99;
09:17:48;1920;49,99;
09:17:51;1913;49,99;
09:17:54;1919;49,99;
09:17:57;1913;49,99;
09:18:00;1918;49,98;
09:18:03;1909;49,98;
09:18:06;1917;49,98;
09:18:09;1916;49,98;
09:18:12;1917;49,98;
09:18:15;1909;49,98;
09:18:21;1913;49,98;
09:18:24;1916;49,97;
09:18:27;1906;49,97;
09:18:30;1915;49,97;
09:18:33;1912;49,97;
09:18:36;1915;49,97;
09:18:39;1916;49,98;
09:18:42;1906;49,98;
09:18:45;1911;49,98;
09:18:48;1914;49,99;
09:18:51;1904;49,99;
09:18:54;1915;49,98;
09:18:57;1913;49,99;
09:19:00;1915;49,99;
09:19:03;1914;49,99;
09:19:06;1916;50,00;
09:19:09;1914;50,00;
09:19:12;1916;50,00;
09:19:15;1905;50,00;
09:19:18;1916;50,00;
09:19:21;1914;49,99;
09:19:27;1907;49,99;
09:19:30;1920;49,98;
09:19:33;1918;49,98;
09:19:36;1921;49,98;
09:19:39;1913;49,98;
09:19:42;1922;49,98;
09:19:51;1914;49,98;
09:19:54;1926;49,98;
09:19:57;1927;49,98;
09:20:00;1928;49,98;
09:20:03;1921;49,98;
09:20:06;1930;49,98;
09:20:12;1931;50,00;
09:20:15;1933;50,00;
09:20:18;1934;50,00;
09:20:21;1935;50,00;
09:20:24;1938;50,00;
09:20:27;1940;49,99;
09:20:30;1931;50,00;
09:20:33;1941;49,99;
09:20:36;1945;49,99;
09:20:39;1946;49,98;
09:20:42;1948;49,98;
09:20:48;1947;49,98;
09:20:51;1954;49,98;
09:20:54;1943;49,98;
09:20:57;1957;49,99;
09:21:00;1955;49,99;
09:21:03;1963;49,99;
09:21:06;1962;49,99;
09:21:09;1966;49,99;
09:21:12;1964;49,99;
09:21:18;1968;49,99;
09:21:21;1978;49,99;
09:21:24;1979;49,98;
09:21:27;1984;49,98;
09:21:30;1980;49,97;
09:21:33;1990;49,97;
09:21:36;1993;49,97;
09:21:42;1997;49,97;
09:21:45;2006;49,97;
09:21:48;2009;49,98;
09:21:51;2019;49,98;
09:21:54;2024;49,99;
09:21:57;2035;50,00;
09:22:00;2040;50,00;
09:22:03;2050;50,00;
09:22:06;2052;50,00;
09:22:09;2059;50,00;
09:22:12;2053;50,00;
09:22:15;2059;50,00;
09:22:18;2051;49,99;
09:22:24;2056;49,98;
09:22:27;2068;49,98;
09:22:30;2071;49,98;
09:22:33;2079;49,98;
09:22:36;2078;49,98;
09:22:39;2088;49,99;
09:22:42;2087;49,99;
09:22:45;2081;49,99;
09:22:48;2093;50,00;
09:22:51;2094;50,00;
09:22:54;2097;50,00;
09:22:57;2111;50,00;
09:23:00;2115;50,01;
09:23:03;2109;50,00;
09:23:06;2118;50,00;
09:23:09;2124;50,00;
09:23:12;2133;50,00;
09:23:15;2123;50,00;
09:23:18;2139;50,00;
09:23:21;2137;50,00;
09:23:24;2146;50,00;
09:23:30;2154;50,00;
09:23:33;2152;50,00;
09:23:36;2164;50,00;
09:23:39;2157;50,00;
09:23:42;2171;50,00;
09:23:45;2168;50,00;
09:23:48;2177;49,99;
09:23:54;2185;49,99;
09:23:57;2182;49,98;
09:24:00;2192;49,99;
09:24:03;2186;49,99;
09:24:06;2193;49,99;
09:24:09;2202;49,99;
09:24:12;2203;49,99;
09:24:15;2197;49,99;
09:24:18;2211;49,99;
09:24:21;2210;49,98;
09:24:24;2216;49,98;
09:24:27;2209;49,98;
09:24:30;2219;49,98;
09:24:36;2218;49,98;
09:24:39;2215;49,98;
09:24:42;2225;49,97;
09:24:45;2222;49,97;
09:24:48;2231;49,97;
09:24:51;2226;49,97;
09:24:54;2236;49,96;
09:24:57;2239;49,97;
09:25:00;2242;49,97;
09:25:03;2235;49,97;
09:25:06;2246;49,98;
09:25:12;2253;49,97;
09:25:15;2247;49,97;
09:25:21;2257;49,96;
09:25:24;2262;49,96;
09:25:27;2258;49,96;
09:25:30;2268;49,97;
09:25:33;2266;49,96;
09:25:36;2272;49,96;
09:25:39;2274;49,96;
09:25:42;2267;49,96;
09:25:45;2275;49,97;
09:25:48;2281;49,97;
09:25:51;2278;49,97;
09:25:54;2276;49,97;
09:25:57;2273;49,97;
09:26:00;2283;49,98;
09:26:03;2279;49,98;
09:26:06;2271;49,98;
09:26:09;2273;49,98;
09:26:12;2278;49,98;
09:26:15;2277;49,98;
09:26:18;2265;49,98;
09:26:21;2275;49,97;
09:26:27;2276;49,98;
09:26:30;2267;49,98;
09:26:33;2278;49,98;
09:26:36;2276;49,98;
09:26:39;2281;49,98;
09:26:42;2274;49,98;
09:26:45;2285;49,98;
09:26:48;2286;49,98;
09:26:51;2292;49,99;
09:26:54;2285;49,99;
09:26:57;2299;49,99;
09:27:00;2297;49,99;
09:27:03;2306;49,99;
09:27:06;2298;49,99;
09:27:09;2311;50,00;
09:27:15;2321;50,00;
09:27:18;2313;50,00;
09:27:21;2329;49,99;
09:27:24;2328;49,99;
09:27:27;2338;49,99;
09:27:33;2350;49,98;
09:27:36;2349;49,98;
09:27:39;2359;49,98;
09:27:42;2351;49,99;
09:27:45;2368;49,99;
09:27:48;2370;49,99;
09:27:51;2378;49,99;
09:27:54;2382;49,99;
09:27:57;2399;50,00;
09:28:00;2403;50,00;
09:28:03;2449;49,99;
09:28:06;2473;49,99;
09:28:09;2552;49,99;
09:28:12;2583;50,00;
09:28:15;2617;50,00;
09:28:21;2606;49,99;
09:28:24;2614;49,98;
09:28:27;2599;49,98;
09:28:30;2590;49,98;
09:28:33;2585;49,98;
09:28:39;2635;49,99;
09:28:42;2675;50,00;
09:28:45;2797;50,00;
09:28:48;2857;50,00;
09:28:51;2929;50,00;
09:28:54;2894;50,00;
09:28:57;2863;50,00;
09:29:00;2786;50,00;
09:29:03;2593;50,00;
09:29:06;2570;50,00;
09:29:09;2549;50,00;
09:29:12;2592;50,00;
09:29:15;2614;49,99;
09:29:18;2632;49,99;
09:29:24;2591;49,99;
09:29:27;2584;49,99;
09:29:30;2594;49,98;
09:29:33;2590;49,98;
09:29:36;2614;49,98;
09:29:39;2617;49,98;
09:29:42;2619;49,98;
09:29:45;2614;49,99;
09:29:48;2610;49,99;
09:29:51;2613;49,99;
09:29:54;2625;49,99;
09:29:57;2623;49,99;
09:30:00;2670;49,98;
09:30:03;2679;49,98;
09:30:06;2682;49,98;
09:30:09;2670;49,98;
09:30:12;2669;49,98;
09:30:15;2661;49,98;
09:30:18;2657;49,99;
09:30:21;2649;49,99;
09:30:24;2671;49,99;
09:30:30;2685;49,99;
09:30:33;2677;49,98;
09:30:36;2705;49,98;
09:30:39;2719;49,98;
09:30:42;2764;49,97;
09:30:45;2770;49,97;
09:30:48;2792;49,97;
09:30:51;2794;49,97;
09:30:54;2784;49,98;
09:30:57;2768;49,98;
09:31:00;2793;49,98;
09:31:03;2812;49,98;
09:31:06;2853;49,98;
09:31:09;2875;49,97;
09:31:12;2917;49,97;
09:31:15;2977;49,97;
09:31:18;2978;49,98;
09:31:21;2960;49,98;
09:31:24;2907;49,98;
09:31:27;2897;49,98;
09:31:30;2901;49,97;
09:31:36;2921;49,96;
09:31:39;2928;49,96;
09:31:42;2940;49,97;
09:31:45;2946;49,97;
09:31:48;2959;49,98;
09:31:51;2968;49,98;
09:31:54;2971;49,98;
09:31:57;2980;49,98;
09:32:00;2997;49,99;
09:32:03;3002;49,98;
09:32:06;3016;49,98;
09:32:09;3022;49,98;
09:32:12;3035;49,98;
09:32:15;3041;49,98;
09:32:18;3048;49,97;
09:32:21;3058;49,97;
09:32:24;3070;49,97;
09:32:27;3076;49,98;
09:32:30;3086;49,98;
09:32:33;3093;49,98;
09:32:36;3101;49,98;
09:32:42;3121;49,98;
09:32:45;3129;49,98;
09:32:48;3146;49,98;
09:32:51;3156;49,98;
09:32:54;3189;49,98;
09:32:57;3217;49,98;
09:33:00;3226;49,98;
09:33:03;3280;49,98;
09:33:06;3404;49,98;
09:33:09;3475;49,98;
09:33:12;3659;49,98;
09:33:15;3769;49,98;
09:33:18;3960;49,98;
09:33:21;4034;49,97;
09:33:24;4080;49,98;
09:33:27;4070;49,98;
09:33:30;3908;49,98;
09:33:33;3853;49,99;
09:33:36;3742;49,98;
09:33:39;3647;49,98;
09:33:42;3608;49,98;
09:33:45;3566;49,98;
09:33:48;3517;49,98;
09:33:51;3381;49,98;
09:33:54;3355;49,98;
09:33:57;3325;49,99;
09:34:00;3313;49,99;
09:34:03;3390;50,00;
09:34:06;3449;50,00;
09:34:09;3509;50,00;
09:34:12;3649;50,00;
09:34:15;3848;50,00;
09:34:18;3978;50,00;
09:34:21;4304;50,00;
09:34:24;4470;50,00;
09:34:27;4780;49,99;
09:34:33;5082;50,00;
09:34:36;5098;50,00;
09:34:39;5026;50,00;
09:34:42;4962;50,00;
09:34:45;4874;50,00;
09:34:48;4844;49,99;
09:34:51;4804;49,99;
09:34:54;4774;49,99;
09:34:57;4746;49,98;
09:35:00;4742;49,98;
09:35:03;4744;49,98;
09:35:06;4796;49,98;
09:35:09;4916;49,98;
09:35:12;5006;49,98;
09:35:15;5080;49,99;
09:35:18;5296;50,00;
09:35:21;5356;50,00;
09:35:24;5332;49,99;
09:35:27;5134;49,98;
09:35:30;4956;49,98;
09:35:33;4614;49,98;
09:35:39;4360;49,98;
09:35:42;4366;49,98;
09:35:45;4512;49,98;
09:35:48;4648;49,98;
09:35:51;4950;49,98;
09:35:54;5094;49,98;
09:35:57;5184;49,99;
09:36:00;5222;49,99;
09:36:03;5098;49,99;
09:36:06;4996;49,98;
09:36:09;4828;49,98;
09:36:12;4784;49,98;
09:36:15;4716;49,98;
09:36:18;4750;49,98;
09:36:21;4818;49,98;
09:36:24;5136;49,98;
09:36:27;5542;49,98;
09:36:30;5798;49,98;
09:36:33;6188;49,98;
09:36:36;6360;49,98;
09:36:39;6510;49,98;
09:36:45;6702;49,98;
09:36:48;6740;49,98;
09:36:51;6814;49,98;
09:36:54;6868;49,98;
09:36:57;6866;49,99;
09:37:00;6872;49,99;
09:37:03;6852;50,00;
09:37:06;6830;50,00;
09:37:09;6818;50,00;
09:37:12;6824;50,00;
09:37:15;6794;49,99;
09:37:18;6816;49,98;
09:37:21;6800;49,98;
09:37:24;6810;49,98;
09:37:30;6812;49,98;
09:37:33;6798;49,98;
09:37:36;6810;49,97;
09:37:39;6778;49,98;
09:37:42;6796;49,98;
09:37:45;6780;49,97;
09:37:51;6784;49,97;
09:37:54;6802;49,97;
09:37:57;6798;49,98;
09:38:00;6808;49,98;
09:38:03;6784;49,99;
09:38:06;6808;49,99;
09:38:09;6802;49,99;
09:38:12;6798;49,98;
09:38:15;6792;49,98;
09:38:18;6788;49,97;
09:38:21;6788;49,98;
09:38:24;6788;49,97;
09:38:27;6786;49,97;
09:38:30;6782;49,98;
09:38:36;6758;49,98;
09:38:39;6754;49,98;
09:38:42;6748;49,98;
09:38:48;6742;49,99;
09:38:51;6740;49,99;
09:38:54;6716;49,99;
09:38:57;6726;49,99;
09:39:00;6750;50,00;
09:39:03;6758;50,00;
09:39:06;6774;50,00;
09:39:09;6760;50,00;
09:39:12;6780;50,00;
09:39:15;6790;50,00;
09:39:18;6778;50,00;
09:39:21;6798;49,99;
09:39:24;6796;49,98;
09:39:27;6810;49,98;
09:39:30;6784;49,98;
09:39:33;6810;49,98;
09:39:36;6806;49,98;
09:39:42;6796;49,98;
09:39:45;6820;49,98;
09:39:48;6808;49,98;
09:39:51;6818;49,98;
09:39:54;6796;49,98;
09:39:57;6820;49,98;
09:40:00;6822;49,98;
09:40:03;6814;49,98;
09:40:06;6812;49,98;
09:40:09;6830;49,98;
09:40:12;6812;49,98;
09:40:15;6822;49,98;
09:40:18;6788;49,98;
09:40:21;6796;49,98;
09:40:24;6786;49,98;
09:40:27;6774;49,98;
09:40:30;6746;49,99;
09:40:33;6754;49,99;
09:40:36;6718;49,99;
09:40:39;6726;49,99;
09:40:42;6708;49,98;
09:40:48;6702;49,98;
09:40:51;6724;49,98;
09:40:54;6710;49,98;
09:40:57;6720;49,98;
09:41:00;6696;49,98;
09:41:03;6716;49,98;
09:41:06;6714;49,98;
09:41:09;6708;49,98;
09:41:12;6680;49,98;
09:41:15;6694;49,98;
09:41:18;6676;49,97;
09:41:21;6654;49,97;
09:41:24;6624;49,97;
09:41:27;6610;49,97;
09:41:30;6612;49,97;
09:41:33;6584;49,98;
09:41:36;6576;49,98;
09:41:39;6542;49,98;
09:41:42;6512;49,98;
09:41:45;6452;49,98;
09:41:48;6280;49,97;
09:41:54;5972;49,97;
09:41:57;5898;49,97;
09:42:00;5802;49,98;
09:42:03;5738;49,98;
09:42:06;5758;49,98;
09:42:09;5794;49,98;
09:42:12;5850;49,98;
09:42:15;5922;49,98;
09:42:18;6180;49,97;
09:42:21;6246;49,96;
09:42:24;6346;49,96;
09:42:27;6332;49,96;
09:42:30;6358;49,96;
09:42:33;6310;49,96;
09:42:36;6182;49,96;
09:42:39;5736;49,97;
09:42:42;5614;49,97;
09:42:45;5378;49,97;
09:42:48;5266;49,97;
09:42:51;4786;49,97;
09:42:54;4644;49,97;
09:42:57;4610;49,97;
09:43:00;4652;49,97;
09:43:03;5034;49,97;
09:43:06;5226;49,97;
09:43:09;5638;49,97;
09:43:12;5810;49,97;
09:43:15;5976;49,97;
09:43:18;6088;49,97;
09:43:21;6144;49,97;
09:43:24;6162;49,97;
09:43:27;6118;49,97;
09:43:30;6100;49,97;
09:43:33;6040;49,98;
09:43:36;6016;49,98;
09:43:39;5896;49,98;
09:43:45;5776;49,98;
09:43:48;5740;49,98;
09:43:51;5620;49,97;
09:43:54;5594;49,97;
09:43:57;5506;49,97;
09:44:00;5478;49,97;
09:44:03;5434;49,97;
09:44:06;5366;49,97;
09:44:09;5256;49,98;
09:44:12;5244;49,98;
09:44:15;5218;49,99;
09:44:18;5210;49,99;
09:44:21;5206;49,99;
09:44:24;5210;49,98;
09:44:27;5198;49,98;
09:44:30;5166;49,98;
09:44:33;5198;49,98;
09:44:36;5212;49,98;
09:44:39;5250;49,99;
09:44:42;5266;49,99;
09:44:45;5386;49,99;
09:44:51;5644;49,98;
09:44:54;5740;49,98;
09:44:57;5974;49,98;
09:45:00;6070;49,99;
09:45:03;6270;49,99;
09:45:06;6324;49,99;
09:45:09;6398;50,00;
09:45:12;6424;49,99;
09:45:18;6410;49,98;
09:45:21;6386;49,98;
09:45:24;6354;49,99;
09:45:27;6348;49,99;
09:45:30;6324;49,99;
09:45:33;6326;49,99;
09:45:36;6272;49,99;
09:45:39;6228;49,99;
09:45:42;6174;49,99;
09:45:45;6088;49,99;
09:45:48;6018;49,99;
09:45:51;5952;49,99;
09:45:57;5940;49,99;
09:46:00;5922;49,99;
09:46:03;5906;49,99;
09:46:06;5880;49,98;
09:46:09;5898;49,98;
09:46:12;5926;49,99;
09:46:15;5992;49,99;
09:46:18;6022;49,98;
09:46:21;5868;49,98;
09:46:24;5828;49,98;
09:46:27;5896;49,98;
09:46:30;5972;49,98;
09:46:33;5908;49,97;
09:46:36;5854;49,97;
09:46:39;5780;49,97;
09:46:42;5444;49,96;
09:46:45;5200;49,97;
09:46:48;5250;49,97;
09:46:51;4906;49,97;
09:46:54;4468;49,97;
09:46:57;3653;49,98;
09:47:03;3817;49,98;
09:47:06;4091;49,98;
09:47:09;4808;49,98;
09:47:12;5012;49,99;
09:47:15;4942;49,99;
09:47:18;4578;50,00;
09:47:21;4304;50,00;
09:47:24;4264;50,00;
09:47:27;4238;50,00;
09:47:30;3912;49,99;
09:47:33;3709;49,98;
09:47:36;3364;49,97;
09:47:39;3246;49,97;
09:47:42;3158;49,98;
09:47:48;2672;49,99;
09:47:51;2574;49,99;
09:47:54;2457;49,99;
09:47:57;2435;49,99;
09:48:00;2404;49,99;
09:48:03;2374;49,99;
09:48:06;2368;49,99;
09:48:09;2352;49,99;
09:48:12;2318;49,98;
09:48:15;2297;49,98;
09:48:18;2289;49,98;
09:48:21;2276;49,97;
09:48:24;2266;49,96;
09:48:27;2251;49,97;
09:48:30;2253;49,97;
09:48:33;2234;49,97;
09:48:36;2228;49,97;
09:48:39;2216;49,97;
09:48:42;2213;49,98;
09:48:45;2203;49,98;
09:48:48;2200;49,98;
09:48:54;2186;49,98;
09:48:57;2160;49,98;
09:49:00;2177;49,98;
09:49:03;2172;49,98;
09:49:06;2168;49,97;
09:49:09;2146;49,98;
09:49:12;2163;49,98;
09:49:18;2158;49,98;
09:49:21;2139;49,98;
09:49:24;2155;49,98;
09:49:27;2154;49,98;
09:49:30;2150;49,98;
09:49:33;2141;49,98;
09:49:36;2143;49,98;
09:49:39;2153;49,98;
09:49:42;2149;49,98;
09:49:45;2151;49,98;
09:49:48;2154;49,98;
09:49:51;2157;49,99;
09:49:54;2162;50,00;
09:50:00;2175;50,00;
09:50:03;2178;50,00;
09:50:06;2221;49,99;
09:50:09;2260;49,99;
09:50:12;2293;49,99;
09:50:15;2290;49,98;
09:50:18;2300;49,98;
09:50:21;2373;49,98;
09:50:24;2668;49,98;
09:50:27;2758;49,98;
09:50:30;2832;49,98;
09:50:33;2897;49,97;
09:50:36;2885;49,97;
09:50:39;2705;49,97;
09:50:42;2488;49,97;
09:50:45;2292;49,98;
09:50:48;2252;49,98;
09:50:51;2246;49,98;
09:50:54;2228;49,99;
09:50:57;2228;50,00;
09:51:00;2278;50,00;
09:51:06;2222;49,99;
09:51:09;2205;49,99;
09:51:12;2175;50,00;
09:51:15;2173;50,00;
09:51:18;2186;50,00;
09:51:21;2213;50,00;
09:51:24;2236;49,99;
09:51:27;2227;49,99;
09:51:30;2269;49,99;
09:51:33;2272;49,99;
09:51:36;2257;49,99;
09:51:39;2279;49,99;
09:51:42;2280;49,98;
09:51:45;2253;49,99;
09:51:51;2285;49,99;
09:51:54;2332;49,99;
09:51:57;2399;49,99;
09:52:00;2349;50,00;
09:52:03;2188;50,00;
09:52:06;2157;50,00;
09:52:09;2141;49,99;
09:52:12;2136;49,99;
09:52:15;2122;49,98;
09:52:18;2119;49,98;
09:52:21;2109;49,98;
09:52:24;2091;49,97;
09:52:27;2099;49,97;
09:52:30;2098;49,97;
09:52:33;2086;49,96;
09:52:36;2075;49,96;
09:52:39;2078;49,97;
09:52:42;2081;49,97;
09:52:45;2070;49,98;
09:52:48;2066;49,98;
09:52:51;2054;49,98;
09:52:57;2037;49,99;
09:53:00;2030;49,99;
09:53:03;2017;49,99;
09:53:06;2009;49,99;
09:53:09;1996;50,00;
09:53:12;1988;49,99;
09:53:15;1966;49,99;
09:53:18;1973;49,98;
09:53:21;1951;49,98;
09:53:24;1943;49,98;
09:53:27;1925;49,98;
09:53:30;1917;49,98;
09:53:33;1900;49,98;
09:53:36;1891;49,98;
09:53:39;1871;49,97;
09:53:42;1870;49,97;
09:53:45;1847;49,97;
09:53:48;1836;49,98;
09:53:51;1817;49,98;
09:53:54;1809;49,99;
09:53:57;1788;49,99;
09:54:03;1757;49,99;
09:54:06;1749;49,99;
09:54:09;1733;49,99;
09:54:12;1725;49,99;
09:54:15;1709;49,98;
09:54:18;1703;49,98;
09:54:21;1698;49,98;
09:54:24;1686;49,98;
09:54:27;1675;49,98;
09:54:30;1666;49,98;
09:54:33;1650;49,97;
09:54:36;1652;49,97;
09:54:39;1637;49,97;
09:54:45;1636;49,97;
09:54:48;1623;49,97;
09:54:51;1605;49,98;
09:54:54;1612;49,98;
09:54:57;1599;49,98;
09:55:00;1601;49,98;
09:55:03;1581;49,98;
09:55:09;1577;49,98;
09:55:12;1578;49,98;
09:55:15;1562;49,98;
09:55:18;1569;49,98;
09:55:21;1558;49,98;
09:55:27;1556;49,98;
09:55:30;1542;49,98;
09:55:33;1535;49,98;
09:55:36;1541;49,99;
09:55:39;1526;49,98;
09:55:42;1531;49,98;
09:55:45;1518;49,98;
09:55:48;1523;49,98;
09:55:51;1521;49,98;
09:55:54;1514;49,98;
09:55:57;1504;49,99;
09:56:00;1507;49,99;
09:56:03;1492;49,99;
09:56:06;1498;49,99;
09:56:09;1478;49,98;
09:56:15;1490;49,98;
09:56:18;1481;49,98;
09:56:21;1479;49,98;
09:56:24;1472;49,99;
09:56:27;1473;49,98;
09:56:30;1463;49,98;
09:56:33;1467;49,98;
09:56:36;1454;49,99;
09:56:39;1459;49,98;
09:56:42;1448;49,98;
09:56:45;1453;49,98;
09:56:48;1442;49,98;
09:56:51;1445;49,98;
09:56:54;1437;49,97;
09:57:00;1424;49,98;
09:57:03;1434;49,98;
09:57:06;1429;49,98;
09:57:09;1425;49,99;
09:57:12;1424;49,99;
09:57:15;1420;49,99;
09:57:18;1414;50,00;
09:57:21;1417;50,00;
09:57:24;1414;50,00;
09:57:27;1411;49,99;
09:57:30;1400;49,99;
09:57:33;1403;49,98;
09:57:36;1398;49,98;
09:57:39;1400;49,98;
09:57:42;1400;49,97;
09:57:45;1394;49,97;
09:57:48;1384;49,98;
09:57:51;1389;49,98;
09:57:54;1382;49,99;
09:57:57;1385;49,99;
09:58:00;1372;49,99;
09:58:09;1376;49,99;
09:58:12;1364;49,99;
09:58:15;1370;49,99;
09:58:18;1363;49,99;
09:58:21;1367;49,99;
09:58:24;1366;49,98;
09:58:27;1356;49,98;
09:58:30;1355;49,98;
09:58:33;1359;49,98;
09:58:36;1350;49,99;
09:58:39;1354;49,99;
09:58:42;1351;49,99;
09:58:45;1351;49,98;
09:58:48;1350;49,98;
09:58:51;1345;49,98;
09:58:54;1341;49,97;
09:58:57;1342;49,97;
09:59:00;1337;49,97;
09:59:03;1339;49,97;
09:59:06;1337;49,97;
09:59:12;1333;49,98;
09:59:15;1335;49,98;
09:59:18;1332;49,97;
09:59:21;1330;49,97;
09:59:24;1333;49,96;
09:59:27;1327;49,96;
09:59:30;1332;49,96;
09:59:33;1320;49,97;
09:59:36;1328;49,97;
09:59:39;1322;49,98;
09:59:42;1317;49,98;
09:59:45;1322;49,98;
09:59:48;1325;49,98;
09:59:51;1316;49,98;
09:59:54;1321;49,98;
09:59:57;1313;49,98;
10:00:00;1318;49,98;
10:00:03;1316;49,98;
10:00:09;1305;49,98;
10:00:12;1313;49,98;
10:00:18;1312;49,98;
10:00:21;1301;49,99;
10:00:24;1311;49,99;
10:00:27;1310;49,98;
10:00:30;1309;49,98;
10:00:33;1299;49,98;
10:00:36;1306;49,98;
10:00:39;1307;49,98;
10:00:42;1306;49,97;
10:00:45;1297;49,97;
10:00:48;1302;49,97;
10:00:51;1303;49,97;
10:00:54;1304;49,97;
10:00:57;1295;49,97;
10:01:03;1299;49,97;
10:01:06;1300;49,96;
10:01:09;1295;49,96;
10:01:12;1298;49,96;
10:01:15;1297;49,97;
10:01:18;1294;49,97;
10:01:21;1298;49,97;
10:01:24;1288;49,98;
10:01:27;1297;49,98;
10:01:30;1292;49,98;
10:01:33;1285;49,98;
10:01:36;1294;49,98;
10:01:39;1298;49,98;
10:01:42;1291;49,98;
10:01:45;1296;49,98;
10:01:48;1293;49,97;
10:01:51;1293;49,96;
10:01:54;1296;49,97;
10:01:57;1288;49,97;
10:02:00;1295;49,97;
10:02:03;1294;49,97;
10:02:09;1288;49,97;
10:02:12;1296;49,97;
10:02:15;1294;49,97;
10:02:18;1297;49,98;
10:02:21;1287;49,97;
10:02:24;1296;49,97;
10:02:27;1297;49,98;
10:02:30;1300;49,98;
10:02:33;1288;49,98;
10:02:36;1295;49,97;
10:02:39;1299;49,96;
10:02:42;1296;49,96;
10:02:48;1299;49,97;
10:02:51;1302;49,97;
10:02:54;1299;49,98;
10:02:57;1306;49,97;
10:03:00;1297;49,97;
10:03:03;1305;49,97;
10:03:06;1307;49,97;
10:03:09;1308;49,98;
10:03:15;1310;49,98;
10:03:18;1309;49,98;
10:03:21;1311;49,97;
10:03:24;1303;49,98;
10:03:27;1313;49,98;
10:03:33;1315;49,98;
10:03:36;1314;49,98;
10:03:39;1317;49,99;
10:03:45;1319;49,99;
10:03:48;1314;49,99;
10:03:51;1322;49,99;
10:03:54;1320;49,99;
10:03:57;1324;49,99;
10:04:00;1316;49,99;
10:04:03;1327;49,98;
10:04:06;1324;49,98;
10:04:09;1325;49,98;
10:04:12;1320;49,98;
10:04:15;1330;49,98;
10:04:21;1332;49,98;
10:04:24;1324;49,98;
10:04:27;1333;49,98;
10:04:30;1334;49,98;
10:04:33;1336;49,97;
10:04:36;1327;49,97;
10:04:39;1337;49,97;
10:04:42;1339;49,97;
10:04:45;1340;49,97;
10:04:48;1335;49,97;
10:04:51;1344;49,97;
10:04:54;1345;49,97;
10:04:57;1346;49,97;
10:05:00;1349;49,96;
10:05:03;1340;49,96;
10:05:06;1351;49,96;
10:05:12;1353;49,96;
10:05:15;1356;49,96;
10:05:18;1357;49,96;
10:05:21;1358;49,96;
10:05:24;1360;49,96;
10:05:27;1362;49,96;
10:05:30;1365;49,96;
10:05:33;1366;49,96;
10:05:36;1371;49,97;
10:05:39;1364;49,96;
10:05:42;1372;49,96;
10:05:45;1373;49,96;
10:05:48;1375;49,97;
10:05:51;1371;49,97;
10:05:54;1380;49,97;
10:05:57;1382;49,97;
10:06:00;1386;49,97;
10:06:03;1380;49,97;
10:06:06;1389;49,98;
10:06:12;1395;49,98;
10:06:15;1390;49,98;
10:06:18;1399;49,98;
10:06:24;1403;49,98;
10:06:27;1400;49,98;
10:06:30;1407;49,98;
10:06:33;1408;49,98;
10:06:36;1416;49,98;
10:06:39;1410;49,98;
10:06:42;1420;49,98;
10:06:45;1421;49,99;
10:06:48;1428;49,99;
10:06:51;1422;49,99;
10:06:54;1432;49,99;
10:07:00;1438;49,99;
10:07:03;1434;49,99;
10:07:06;1444;49,99;
10:07:09;1442;49,99;
10:07:12;1449;49,99;
10:07:18;1456;49,98;
10:07:21;1454;49,98;
10:07:24;1463;49,98;
10:07:27;1458;49,98;
10:07:30;1468;49,97;
10:07:33;1470;49,97;
10:07:36;1468;49,97;
10:07:39;1475;49,97;
10:07:42;1482;49,97;
10:07:45;1485;49,98;
10:07:48;1489;49,98;
10:07:51;1486;49,98;
10:07:54;1497;49,98;
10:07:57;1502;49,98;
10:08:00;1495;49,98;
10:08:03;1508;49,98;
10:08:06;1513;49,98;
10:08:09;1516;49,98;
10:08:12;1522;49,98;
10:08:15;1523;49,98;
10:08:18;1528;49,98;
10:08:24;1534;49,98;
10:08:27;1536;49,98;
10:08:30;1541;49,99;
10:08:33;1546;49,98;
10:08:36;1562;49,98;
10:08:39;1563;49,98;
10:08:42;1552;49,98;
10:08:45;1548;49,98;
10:08:48;1542;49,97;
10:08:51;1542;49,98;
10:08:54;1543;49,98;
10:08:57;1544;49,98;
10:09:03;1546;49,98;
10:09:06;1542;49,98;
10:09:09;1548;49,98;
10:09:12;1549;49,98;
10:09:15;1549;49,97;
10:09:18;1548;49,96;
10:09:21;1553;49,96;
10:09:24;1553;49,97;
10:09:30;1554;49,98;
10:09:36;1555;49,98;
10:09:39;1556;49,98;
10:09:42;1553;49,97;
10:09:45;1562;49,97;
10:09:48;1561;49,97;
10:09:51;1552;49,97;
10:09:54;1553;49,96;
10:09:57;1555;49,97;
10:10:00;1556;49,97;
10:10:03;1561;49,97;
10:10:06;1558;49,97;
10:10:09;1559;49,97;
10:10:15;1561;49,98;
10:10:18;1562;49,98;
10:10:27;1561;49,98;
10:10:33;1555;49,98;
10:10:36;1559;49,98;
10:10:39;1555;49,98;
10:10:42;1554;49,98;
10:10:45;1551;49,98;
10:10:48;1550;49,98;
10:10:51;1547;49,99;
10:10:54;1546;50,00;
10:10:57;1538;50,00;
10:11:00;1542;50,00;
10:11:03;1539;50,00;
10:11:06;1538;50,00;
10:11:09;1533;50,00;
10:11:12;1531;50,00;
10:11:15;1525;50,00;
10:11:21;1515;49,99;
10:11:24;1514;49,99;
10:11:27;1511;49,98;
10:11:30;1510;49,98;
10:11:33;1502;49,98;
10:11:36;1501;49,98;
10:11:39;1497;49,98;
10:11:42;1500;49,99;
10:11:45;1495;49,99;
10:11:48;1496;50,00;
10:11:54;1494;50,00;
10:11:57;1491;50,00;
10:12:00;1488;50,00;
10:12:03;1482;49,99;
10:12:06;1484;49,99;
10:12:09;1481;49,98;
10:12:12;1480;49,98;
10:12:15;1475;49,98;
10:12:18;1474;49,98;
10:12:21;1472;49,98;
10:12:27;1468;49,98;
10:12:33;1467;49,98;
10:12:36;1465;49,98;
10:12:39;1459;49,98;
10:12:42;1462;49,99;
10:12:45;1455;49,99;
10:12:48;1463;49,99;
10:12:51;1450;49,98;
10:12:54;1456;49,98;
10:12:57;1454;49,98;
10:13:00;1447;49,98;
10:13:03;1445;49,98;
10:13:06;1448;49,98;
10:13:12;1445;49,97;
10:13:15;1437;49,97;
10:13:18;1442;49,97;
10:13:21;1436;49,98;
10:13:24;1438;49,98;
10:13:27;1430;49,98;
10:13:33;1428;49,98;
10:13:36;1430;49,98;
10:13:39;1422;49,97;
10:13:42;1427;49,98;
10:13:45;1421;49,97;
10:13:48;1424;49,98;
10:13:51;1423;49,98;
10:13:54;1414;49,99;
10:13:57;1413;50,00;
10:14:00;1414;50,00;
10:14:03;1411;50,00;
10:14:06;1415;50,00;
10:14:09;1407;50,00;
10:14:12;1408;50,00;
10:14:15;1405;50,00;
10:14:18;1402;49,99;
10:14:21;1394;49,98;
10:14:24;1397;49,98;
10:14:27;1390;49,98;
10:14:30;1392;49,98;
10:14:33;1392;49,97;
10:14:36;1387;49,97;
10:14:39;1389;49,97;
10:14:42;1382;49,98;
10:14:45;1384;49,98;
10:14:48;1383;49,98;
10:14:51;1381;49,98;
10:14:54;1373;49,98;
10:14:57;1378;49,98;
10:15:00;1372;49,99;
10:15:03;1374;49,99;
10:15:06;1362;49,99;
10:15:09;1371;49,99;
10:15:12;1364;50,00;
10:15:15;1366;49,99;
10:15:18;1358;49,99;
10:15:24;1356;49,98;
10:15:27;1357;49,98;
10:15:30;1352;49,99;
10:15:33;1354;49,99;
10:15:36;1347;49,99;
10:15:39;1349;49,99;
10:15:42;1347;49,99;
10:15:45;1341;49,99;
10:15:48;1339;49,98;
10:15:51;1342;49,98;
10:15:54;1335;49,99;
10:15:57;1338;49,99;
10:16:00;1330;49,99;
10:16:03;1333;49,99;
10:16:09;1329;49,99;
10:16:12;1321;49,99;
10:16:15;1323;49,98;
10:16:18;1318;49,98;
10:16:21;1319;49,98;
10:16:24;1312;49,97;
10:16:30;1308;49,97;
10:16:33;1310;49,98;
10:16:36;1303;49,98;
10:16:39;1306;49,98;
10:16:42;1299;49,98;
10:16:45;1302;49,98;
10:16:48;1301;49,98;
10:16:51;1294;49,98;
10:16:54;1291;49,98;
10:16:57;1290;49,98;
10:17:00;1284;49,98;
10:17:03;1285;49,98;
10:17:06;1279;49,98;
10:17:12;1281;49,98;
10:17:15;1275;49,97;
10:17:18;1266;49,97;
10:17:21;1270;49,96;
10:17:24;1262;49,97;
10:17:27;1263;49,97;
10:17:30;1256;49,97;
10:17:36;1249;49,97;
10:17:39;1253;49,97;
10:17:42;1248;49,97;
10:17:45;1242;49,97;
10:17:48;1237;49,97;
10:17:51;1239;49,97;
10:17:54;1239;49,98;
10:17:57;1235;49,97;
10:18:00;1224;49,97;
10:18:03;1226;49,97;
10:18:06;1222;49,97;
10:18:09;1213;49,96;
10:18:12;1214;49,96;
10:18:15;1209;49,96;
10:18:18;1211;49,96;
10:18:21;1203;49,96;
10:18:27;1196;49,96;
10:18:30;1198;49,96;
10:18:33;1191;49,96;
10:18:42;1184;49,96;
10:18:45;1179;49,96;
10:18:48;1178;49,96;
10:18:51;1170;49,97;
10:18:54;1172;49,97;
10:18:57;1167;49,97;
10:19:00;1169;49,97;
10:19:03;1166;49,97;
10:19:06;1162;49,97;
10:19:09;1151;49,96;
10:19:12;1155;49,96;
10:19:15;1144;49,96;
10:19:18;1146;49,96;
10:19:21;1140;49,97;
10:19:27;1134;49,98;
10:19:30;1135;49,97;
10:19:33;1128;49,97;
10:19:36;1131;49,97;
10:19:39;1122;49,97;
10:19:42;1124;49,97;
10:19:45;1125;49,98;
10:19:48;1120;49,98;
10:19:51;1107;49,98;
10:19:54;1113;49,98;
10:19:57;1108;49,98;
10:20:00;1103;49,98;
10:20:03;1099;49,98;
10:20:06;1102;49,99;
10:20:09;1101;49,99;
10:20:12;1093;49,99;
10:20:15;1095;49,99;
10:20:18;1088;49,98;
10:20:21;1091;49,98;
10:20:24;1087;49,98;
10:20:33;1081;49,97;
10:20:36;1078;49,97;
10:20:39;1077;49,98;
10:20:42;1072;49,98;
10:20:45;1075;49,98;
10:20:48;1071;49,97;
10:20:51;1072;49,98;
10:20:54;1070;49,98;
10:20:57;1066;49,98;
10:21:00;1063;49,97;
10:21:03;1055;49,98;
10:21:06;1060;49,98;
10:21:09;1061;49,97;
10:21:12;1051;49,97;
10:21:15;1057;49,97;
10:21:18;1049;49,97;
10:21:21;1048;49,97;
10:21:24;1050;49,98;
10:21:27;1047;49,98;
10:21:30;1042;49,97;
10:21:33;1047;49,98;
10:21:39;1044;49,98;
10:21:42;1039;49,98;
10:21:45;1041;49,99;
10:21:48;1040;49,99;
10:21:51;1039;49,99;
10:21:54;1033;49,99;
10:21:57;1038;49,99;
10:22:03;1035;49,98;
10:22:06;1028;49,98;
10:22:09;1031;49,98;
10:22:12;1031;49,97;
10:22:15;1032;49,97;
10:22:18;1024;49,97;
10:22:21;1029;49,97;
10:22:24;1025;49,96;
10:22:30;1021;49,96;
10:22:33;1025;49,97;
10:22:36;1021;49,97;
10:22:39;1023;49,98;
10:22:45;1020;49,98;
10:22:48;1016;49,98;
10:22:51;1020;49,97;
10:23:00;1013;49,97;
10:23:03;1020;49,97;
10:23:06;1018;49,97;
10:23:09;1016;49,97;
10:23:12;1012;49,97;
10:23:15;1015;49,97;
10:23:21;1014;49,97;
10:23:24;1012;49,97;
10:23:30;1013;49,97;
10:23:33;1012;49,96;
10:23:39;1010;49,96;
10:23:42;1008;49,96;
10:23:45;1007;49,96;
10:23:48;1011;49,96;
10:23:54;1008;49,97;
10:23:57;1005;49,98;
10:24:00;1007;49,98;
10:24:03;1004;49,98;
10:24:06;1006;49,98;
10:24:09;1000;49,99;
10:24:12;1005;49,99;
10:24:15;997;49,98;
10:24:18;1003;49,98;
10:24:21;999;49,97;
10:24:24;998;49,97;
10:24:30;1002;49,97;
10:24:36;999;49,97;
10:24:39;995;49,97;
10:24:42;998;49,98;
10:24:45;992;49,98;
10:24:48;995;49,99;
10:24:51;988;49,99;
10:24:54;997;50,00;
10:24:57;995;50,00;
10:25:03;991;50,00;
10:25:06;997;50,00;
10:25:09;995;50,00;
10:25:12;994;50,00;
10:25:15;990;50,00;
10:25:18;992;50,00;
10:25:21;989;49,99;
10:25:24;987;49,98;
10:25:27;983;49,98;
10:25:30;987;49,99;
10:25:33;986;49,99;
10:25:36;985;49,99;
10:25:42;982;49,99;
10:25:45;983;49,99;
10:25:48;982;49,99;
10:25:51;981;49,99;
10:25:54;979;49,99;
10:25:57;977;49,99;
10:26:00;972;49,99;
10:26:03;978;49,99;
10:26:06;976;49,99;
10:26:09;976;49,98;
10:26:12;971;49,98;
10:26:15;969;49,98;
10:26:24;968;49,98;
10:26:27;970;49,98;
10:26:30;969;49,98;
10:26:33;970;49,98;
10:26:36;967;49,98;
10:26:42;965;49,98;
10:26:48;964;49,99;
10:26:51;965;50,00;
10:26:54;962;49,99;
10:26:57;962;50,00;
10:27:00;961;49,99;
10:27:06;958;49,99;
10:27:09;957;49,99;
10:27:12;957;49,98;
10:27:15;956;49,98;
10:27:18;953;49,98;
10:27:24;953;49,99;
10:27:30;950;50,00;
10:27:33;951;50,00;
10:27:36;949;49,99;
10:27:39;950;49,99;
10:27:42;947;49,98;
10:27:45;945;49,98;
10:27:54;942;49,99;
10:28:00;943;50,00;
10:28:03;945;50,00;
10:28:06;937;50,00;
10:28:09;942;50,00;
10:28:12;945;50,00;
10:28:15;937;50,00;
10:28:18;936;50,00;
10:28:21;937;49,99;
10:28:24;938;49,99;
10:28:27;935;49,98;
10:28:33;933;49,98;
10:28:39;932;49,99;
10:28:45;930;49,98;
10:28:48;931;49,98;
10:28:51;930;49,99;
10:28:54;931;49,99;
10:28:57;928;49,99;
10:29:00;929;49,99;
10:29:03;931;50,00;
10:29:06;928;50,00;
10:29:09;929;50,00;
10:29:12;930;50,00;
10:29:15;929;50,00;
10:29:18;928;50,00;
10:29:21;923;50,00;
10:29:24;921;50,00;
10:29:27;922;49,99;
10:29:30;921;49,99;
10:29:33;920;49,99;
10:29:39;919;49,99;
10:29:45;915;49,98;
10:29:48;917;49,99;
10:29:51;916;49,98;
10:29:54;915;49,98;
10:29:57;918;50,00;
10:30:00;917;50,00;
10:30:03;919;50,00;
10:30:06;915;50,00;
10:30:09;914;49,99;
10:30:12;912;49,99;
10:30:15;905;49,98;
10:30:18;908;49,98;
10:30:21;905;49,98;
10:30:24;904;49,98;
10:30:27;901;49,98;
10:30:30;902;49,98;
10:30:36;903;49,98;
10:30:39;902;49,98;
10:30:42;900;49,97;
10:30:45;897;49,98;
10:30:51;896;49,98;
10:30:54;897;49,98;
10:30:57;896;49,98;
10:31:00;893;49,98;
10:31:03;888;49,98;
10:31:06;891;49,98;
10:31:09;884;49,98;
10:31:12;889;49,98;
10:31:15;881;49,98;
10:31:18;885;49,98;
10:31:21;884;49,97;
10:31:24;882;49,98;
10:31:27;881;49,98;
10:31:33;877;49,98;
10:31:36;876;49,98;
10:31:39;873;49,97;
10:31:45;870;49,97;
10:31:51;868;49,97;
10:31:57;863;49,97;
10:32:00;865;49,98;
10:32:03;861;49,98;
10:32:06;862;49,98;
10:32:09;857;49,98;
10:32:12;856;49,98;
10:32:18;853;49,98;
10:32:21;850;49,98;
10:32:27;844;49,98;
10:32:30;846;49,98;
10:32:33;843;49,97;
10:32:36;841;49,97;
10:32:42;840;49,97;
10:32:45;838;49,97;
10:32:48;835;49,98;
10:32:51;836;49,97;
10:32:54;834;49,98;
10:33:00;824;49,98;
10:33:03;829;49,98;
10:33:06;823;49,97;
10:33:09;826;49,97;
10:33:12;825;49,96;
10:33:15;823;49,96;
10:33:18;813;49,97;
10:33:21;819;49,97;
10:33:24;814;49,97;
10:33:27;814;49,96;
10:33:30;813;49,96;
10:33:36;808;49,97;
10:33:39;810;49,97;
10:33:42;807;49,98;
10:33:48;802;49,99;
10:33:51;804;50,00;
10:34:00;798;50,00;
10:34:03;799;49,99;
10:34:09;793;49,98;
10:34:12;785;49,97;
10:34:15;792;49,97;
10:34:18;790;49,97;
10:34:21;788;49,97;
10:34:24;784;49,97;
10:34:27;783;49,97;
10:34:30;786;49,97;
10:34:33;784;49,98;
10:34:36;777;49,98;
10:34:39;779;49,98;
10:34:42;776;49,98;
10:34:45;778;49,97;
10:34:48;773;49,97;
10:34:54;771;49,97;
10:35:00;775;49,97;
10:35:03;769;49,97;
10:35:06;764;49,98;
10:35:09;769;49,98;
10:35:15;767;49,98;
10:35:18;761;49,99;
10:35:21;764;49,99;
10:35:24;760;49,99;
10:35:27;762;49,99;
10:35:30;757;50,00;
10:35:33;762;50,00;
10:35:36;761;50,00;
10:35:39;758;50,00;
10:35:42;756;50,00;
10:35:45;753;50,00;
10:35:48;750;50,00;
10:35:51;752;50,00;
10:35:54;748;49,99;
10:36:00;737;49,99;
10:36:03;746;49,99;
10:36:06;745;49,98;
10:36:09;741;49,98;
10:36:12;742;49,98;
10:36:15;739;49,98;
10:36:18;740;49,97;
10:36:21;734;49,97;
10:36:24;741;49,98;
10:36:27;733;49,98;
10:36:30;737;49,98;
10:36:33;738;49,98;
10:36:36;736;49,98;
10:36:39;729;49,98;
10:36:42;731;49,98;
10:36:45;733;49,99;
10:36:48;732;49,99;
10:36:51;728;49,99;
10:36:54;729;49,99;
10:36:57;728;49,99;
10:37:03;729;49,99;
10:37:06;727;49,99;
10:37:09;724;49,98;
10:37:12;727;49,97;
10:37:15;724;49,97;
10:37:18;723;49,97;
10:37:21;722;49,98;
10:37:24;723;49,98;
10:37:27;724;49,98;
10:37:30;721;49,98;
10:37:33;718;49,98;
10:37:39;717;49,98;
10:37:42;719;49,98;
10:37:45;714;49,98;
10:37:51;712;49,99;
10:37:54;716;49,99;
10:37:57;710;49,99;
10:38:00;711;49,99;
10:38:03;700;49,99;
10:38:06;708;49,99;
10:38:09;708;49,98;
10:38:12;713;49,98;
10:38:15;710;49,98;
10:38:18;705;49,98;
10:38:21;701;49,98;
10:38:24;704;49,98;
10:38:27;708;49,97;
10:38:30;702;49,97;
10:38:33;704;49,97;
10:38:36;702;49,98;
10:38:39;705;49,98;
10:38:42;703;49,98;
10:38:45;700;49,97;
10:38:48;698;49,97;
10:38:51;700;49,97;
10:38:57;697;49,98;
10:39:00;693;49,98;
10:39:03;694;49,98;
10:39:09;692;49,97;
10:39:12;689;49,97;
10:39:15;693;49,97;
10:39:18;692;49,97;
10:39:21;688;49,97;
10:39:24;688;49,96;
10:39:33;687;49,97;
10:39:36;681;49,97;
10:39:39;684;49,97;
10:39:42;682;49,97;
10:39:48;680;49,97;
10:39:51;682;49,98;
10:39:54;679;49,98;
10:39:57;680;49,98;
10:40:03;677;49,98;
10:40:09;671;49,98;
10:40:15;674;49,98;
10:40:18;673;49,98;
10:40:21;674;49,97;
10:40:24;673;49,97;
10:40:27;672;49,96;
10:40:30;668;49,97;
10:40:36;665;49,98;
10:40:39;668;49,98;
10:40:42;664;49,98;
10:40:45;666;49,98;
10:40:48;660;49,98;
10:40:51;661;49,98;
10:40:57;661;50,00;
10:41:00;655;50,00;
10:41:03;659;50,00;
10:41:09;657;50,00;
10:41:12;649;50,00;
10:41:15;656;49,99;
10:41:18;658;49,99;
10:41:21;652;49,98;
10:41:24;644;49,98;
10:41:27;651;49,97;
10:41:30;652;49,97;
10:41:33;649;49,97;
10:41:36;650;49,98;
10:41:39;642;49,98;
10:41:42;648;49,98;
10:41:48;645;49,98;
10:41:54;644;49,97;
10:41:57;645;49,97;
10:42:00;641;49,97;
10:42:03;637;49,97;
10:42:06;640;49,98;
10:42:09;641;49,97;
10:42:12;641;49,98;
10:42:15;638;49,97;
10:42:18;637;49,97;
10:42:24;633;49,97;
10:42:27;629;49,97;
10:42:30;632;49,97;
10:42:33;630;49,97;
10:42:36;633;49,97;
10:42:39;626;49,97;
10:42:42;627;49,98;
10:42:48;625;49,99;
10:42:51;623;49,99;
10:42:54;625;50,00;
10:43:00;627;50,01;
10:43:03;621;50,00;
10:43:06;624;50,00;
10:43:09;625;50,00;
10:43:12;620;50,00;
10:43:15;611;50,00;
10:43:18;620;49,99;
10:43:21;617;49,99;
10:43:27;611;49,99;
10:43:30;614;49,99;
10:43:33;617;49,99;
10:43:36;617;50,00;
10:43:45;619;50,01;
10:43:48;612;50,01;
10:43:51;611;50,00;
10:43:54;608;50,00;
10:44:06;607;50,00;
10:44:12;603;50,00;
10:44:15;604;50,00;
10:44:18;605;49,99;
10:44:21;602;49,99;
10:44:24;603;49,99;
10:44:27;602;49,99;
10:44:30;599;49,99;
10:44:33;602;49,99;
10:44:36;598;49,99;
10:44:39;594;49,99;
10:44:42;597;49,98;
10:44:45;596;49,98;
10:44:51;594;49,98;
10:44:54;592;49,98;
10:44:57;590;49,97;
10:45:00;592;49,98;
10:45:03;591;49,99;
10:45:06;593;50,00;
10:45:12;587;50,01;
10:45:15;589;50,01;
10:45:18;587;50,00;
10:45:21;586;50,00;
10:45:24;586;49,98;
10:45:27;584;49,98;
10:45:30;579;49,98;
10:45:33;580;49,98;
10:45:36;579;49,97;
10:45:42;579;49,98;
10:45:45;584;49,98;
10:45:48;583;49,98;
10:45:51;583;49,99;
10:45:54;577;49,99;
10:45:57;581;49,99;
10:46:00;582;49,99;
10:46:03;581;49,99;
10:46:06;580;49,98;
10:46:15;574;49,98;
10:46:18;578;49,98;
10:46:21;580;49,98;
10:46:24;579;49,98;
10:46:27;576;49,98;
10:46:30;572;49,98;
10:46:33;578;49,98;
10:46:39;573;49,98;
10:46:42;578;49,97;
10:46:45;576;49,97;
10:46:51;575;49,97;
10:46:54;577;49,97;
10:46:57;576;49,98;
10:47:03;574;49,99;
10:47:06;573;49,99;
10:47:15;571;49,99;
10:47:18;572;49,98;
10:47:21;569;49,98;
10:47:24;570;49,98;
10:47:27;569;49,98;
10:47:30;568;49,98;
10:47:33;566;49,99;
10:47:36;567;49,99;
10:47:39;565;49,99;
10:47:42;565;49,98;
10:47:51;562;49,99;
10:47:54;566;49,99;
10:47:57;562;49,99;
10:48:00;563;49,99;
10:48:03;561;50,00;
10:48:09;562;50,00;
10:48:12;565;50,01;
10:48:15;562;50,00;
10:48:18;561;50,00;
10:48:21;554;50,00;
10:48:24;560;50,00;
10:48:27;550;49,99;
10:48:30;555;49,99;
10:48:33;552;49,99;
10:48:36;555;49,98;
10:48:39;552;49,98;
10:48:42;553;49,98;
10:48:45;554;49,99;
10:48:48;552;49,98;
10:48:51;551;49,99;
10:48:54;550;49,99;
10:48:57;552;50,00;
10:49:00;550;50,00;
10:49:03;548;50,00;
10:49:06;551;50,00;
10:49:09;547;50,00;
10:49:15;548;49,99;
10:49:18;546;49,99;
10:49:21;539;49,99;
10:49:24;544;49,99;
10:49:27;543;49,99;
10:49:30;541;49,99;
10:49:33;545;49,98;
10:49:36;538;49,98;
10:49:39;539;49,98;
10:49:45;540;49,98;
10:49:48;539;49,98;
10:49:51;535;49,98;
10:49:54;538;49,99;
10:49:57;537;49,99;
10:50:00;532;49,99;
10:50:03;529;49,99;
10:50:06;534;49,99;
10:50:09;537;49,99;
10:50:12;534;49,99;
10:50:15;531;49,99;
10:50:21;530;49,98;
10:50:27;525;49,98;
10:50:30;528;49,98;
10:50:33;529;49,98;
10:50:36;527;49,98;
10:50:39;528;49,98;
10:50:42;524;49,99;
10:50:45;527;49,99;
10:50:48;527;50,00;
10:50:54;530;50,01;
10:50:57;528;50,01;
10:51:00;526;50,00;
10:51:06;524;50,00;
10:51:09;525;50,00;
10:51:12;523;49,99;
10:51:15;525;50,00;
10:51:18;528;49,99;
10:51:21;524;49,99;
10:51:24;528;50,00;
10:51:27;521;49,99;
10:51:30;523;49,99;
10:51:33;526;49,99;
10:51:36;521;49,99;
10:51:39;524;49,99;
10:51:42;525;49,98;
10:51:45;524;49,99;
10:51:51;526;50,00;
10:51:54;527;50,00;
10:51:57;526;50,00;
10:52:03;527;50,00;
10:52:06;522;50,00;
10:52:12;524;50,00;
10:52:18;524;49,98;
10:52:21;526;49,98;
10:52:24;524;49,97;
10:52:30;521;49,97;
10:52:33;516;49,96;
10:52:36;528;49,97;
10:52:39;529;49,98;
10:52:48;527;49,98;
10:52:54;530;49,98;
10:52:57;528;49,98;
10:53:00;532;49,99;
10:53:03;531;49,99;
10:53:06;530;50,00;
10:53:09;533;50,00;
10:53:18;530;49,98;
10:53:21;539;49,98;
10:53:24;540;49,98;
10:53:27;533;49,97;
10:53:30;540;49,97;
10:53:33;535;49,97;
10:53:36;539;49,98;
10:53:39;537;49,98;
10:53:42;539;49,98;
10:53:45;540;49,97;
10:53:48;541;49,98;
10:53:51;542;49,98;
10:53:54;540;49,98;
10:53:57;541;49,98;
10:54:00;543;49,98;
10:54:03;544;49,98;
10:54:06;542;49,98;
10:54:09;543;49,98;
10:54:12;544;49,98;
10:54:18;540;49,98;
10:54:24;546;49,97;
10:54:27;543;49,96;
10:54:33;551;49,96;
10:54:36;551;49,97;
10:54:39;546;49,97;
10:54:42;550;49,97;
10:54:45;547;49,97;
10:54:48;551;49,97;
10:54:51;550;49,98;
10:55:03;552;49,98;
10:55:06;552;49,97;
10:55:12;551;49,96;
10:55:15;553;49,96;
10:55:18;553;49,97;
10:55:21;552;49,96;
10:55:27;553;49,96;
10:55:30;554;49,97;
10:55:36;555;49,98;
10:55:39;550;49,98;
10:55:42;553;49,98;
10:55:45;556;49,98;
10:55:51;557;49,98;
10:56:00;556;49,98;
10:56:03;553;49,97;
10:56:06;558;49,97;
10:56:09;560;49,97;
10:56:15;554;49,97;
10:56:18;559;49,98;
10:56:21;564;49,97;
10:56:24;557;49,97;
10:56:27;557;49,98;
10:56:30;563;49,98;
10:56:33;563;49,97;
10:56:36;564;49,97;
10:56:39;559;49,97;
10:56:42;562;49,98;
10:56:45;567;49,98;
10:56:48;564;49,98;
10:56:51;568;49,98;
10:56:54;563;49,98;
10:56:57;566;49,98;
10:57:00;571;49,98;
10:57:03;570;49,97;
10:57:06;567;49,97;
10:57:09;571;49,98;
10:57:21;576;49,99;
10:57:27;575;49,99;
10:57:30;574;49,99;
10:57:33;573;49,98;
10:57:36;575;49,98;
10:57:39;576;49,98;
10:57:45;576;49,97;
10:57:48;578;49,97;
10:57:51;579;49,97;
10:57:54;576;49,97;
10:57:57;581;49,98;
10:58:00;580;49,98;
10:58:03;582;49,98;
10:58:06;579;49,98;
10:58:09;582;49,98;
10:58:12;580;49,98;
10:58:15;583;49,98;
10:58:18;579;49,97;
10:58:21;586;49,96;
10:58:27;585;49,96;
10:58:30;578;49,96;
10:58:33;585;49,97;
10:58:36;580;49,97;
10:58:39;586;49,97;
10:58:42;584;49,97;
10:58:45;584;49,96;
10:58:48;586;49,96;
10:58:51;588;49,95;
10:58:54;586;49,95;
10:58:57;588;49,94;
10:59:00;589;49,94;
10:59:03;589;49,95;
10:59:06;586;49,96;
10:59:09;589;49,96;
10:59:12;592;49,97;
10:59:15;589;49,96;
10:59:21;592;49,96;
10:59:24;594;49,96;
10:59:27;592;49,96;
10:59:33;594;49,96;
10:59:36;595;49,96;
10:59:39;595;49,95;
10:59:42;588;49,95;
10:59:45;597;49,95;
10:59:51;593;49,95;
10:59:54;597;49,95;
10:59:57;594;49,95;
11:00:00;597;49,95;
11:00:06;600;49,95;
11:00:09;598;49,95;
11:00:12;606;49,95;
11:00:18;600;49,94;
11:00:21;597;49,94;
11:00:24;601;49,95;
11:00:30;604;49,95;
11:00:33;602;49,94;
11:00:36;603;49,94;
11:00:39;604;49,94;
11:00:42;606;49,94;
11:00:45;604;49,94;
11:00:48;607;49,94;
11:00:51;605;49,94;
11:00:54;608;49,95;
11:00:57;606;49,96;
11:01:00;609;49,96;
11:01:03;608;49,96;
11:01:06;612;49,96;
11:01:09;610;49,96;
11:01:12;611;49,95;
11:01:18;612;49,95;
11:01:24;615;49,95;
11:01:27;617;49,96;
11:01:33;613;49,96;
11:01:36;612;49,96;
11:01:39;611;49,96;
11:01:42;617;49,96;
11:01:45;620;49,96;
11:01:48;625;49,97;
11:01:51;621;49,97;
11:01:54;623;49,97;
11:01:57;625;49,96;
11:02:00;626;49,95;
11:02:03;625;49,95;
11:02:06;626;49,95;
11:02:09;627;49,95;
11:02:12;629;49,95;
11:02:15;629;49,96;
11:02:18;630;49,96;
11:02:24;633;49,95;
11:02:30;632;49,96;
11:02:33;636;49,96;
11:02:42;637;49,96;
11:02:48;632;49,96;
11:02:51;636;49,96;
11:02:54;638;49,96;
11:02:57;640;49,96;
11:03:00;641;49,96;
11:03:03;640;49,96;
11:03:06;640;49,97;
11:03:09;641;49,97;
11:03:12;640;49,97;
11:03:15;643;49,97;
11:03:18;643;49,98;
11:03:21;645;49,97;
11:03:24;646;49,96;
11:03:27;647;49,96;
11:03:30;642;49,96;
11:03:36;652;49,96;
11:03:39;649;49,96;
11:03:42;645;49,96;
11:03:45;652;49,96;
11:03:48;651;49,97;
11:03:51;649;49,97;
11:03:54;649;49,96;
11:03:57;648;49,97;
11:04:00;651;49,97;
11:04:06;654;49,96;
11:04:09;655;49,97;
11:04:12;656;49,97;
11:04:15;654;49,98;
11:04:21;657;49,98;
11:04:24;655;49,98;
11:04:27;657;49,97;
11:04:30;659;49,97;
11:04:36;652;49,97;
11:04:39;659;49,97;
11:04:42;661;49,97;
11:04:45;662;49,97;
11:04:48;658;49,97;
11:04:51;660;49,97;
11:04:54;659;49,97;
11:04:57;665;49,97;
11:05:00;666;49,96;
11:05:09;668;49,96;
11:05:15;670;49,96;
11:05:18;668;49,96;
11:05:27;669;49,95;
11:05:30;671;49,95;
11:05:33;672;49,95;
11:05:36;674;49,95;
11:05:39;673;49,95;
11:05:42;672;49,95;
11:05:45;671;49,95;
11:05:48;675;49,95;
11:05:51;676;49,96;
11:05:54;674;49,96;
11:05:57;677;49,96;
11:06:00;676;49,96;
11:06:03;677;49,96;
11:06:09;678;49,96;
11:06:12;679;49,96;
11:06:15;676;49,96;
11:06:18;678;49,96;
11:06:21;679;49,96;
11:06:24;681;49,96;
11:06:27;678;49,96;
11:06:33;682;49,96;
11:06:36;681;49,96;
11:06:39;675;49,96;
11:06:42;682;49,96;
11:06:45;679;49,96;
11:06:48;684;49,96;
11:06:51;678;49,96;
11:06:54;683;49,96;
11:06:57;682;49,96;
11:07:00;685;49,96;
11:07:03;684;49,96;
11:07:06;682;49,97;
11:07:09;684;49,96;
11:07:15;685;49,96;
11:07:18;684;49,96;
11:07:21;683;49,95;
11:07:24;685;49,95;
11:07:27;681;49,96;
11:07:30;683;49,96;
11:07:39;681;49,96;
11:07:42;684;49,96;
11:07:45;679;49,96;
11:07:48;681;49,96;
11:07:51;679;49,96;
11:07:54;680;49,96;
11:07:57;681;49,96;
11:08:00;676;49,96;
11:08:03;678;49,96;
11:08:06;681;49,96;
11:08:09;677;49,96;
11:08:12;678;49,96;
11:08:15;676;49,96;
11:08:18;679;49,96;
11:08:21;678;49,96;
11:08:24;676;49,95;
11:08:27;675;49,96;
11:08:30;676;49,96;
11:08:33;678;49,97;
11:08:36;672;49,97;
11:08:39;669;49,98;
11:08:45;675;49,98;
11:08:48;672;49,97;
11:08:54;665;49,96;
11:08:57;672;49,97;
11:09:00;666;49,96;
11:09:03;672;49,96;
11:09:06;670;49,97;
11:09:12;666;49,98;
11:09:18;665;49,98;
11:09:21;664;49,98;
11:09:24;665;49,97;
11:09:30;667;49,96;
11:09:33;665;49,96;
11:09:36;665;49,97;
11:09:39;663;49,97;
11:09:42;656;49,97;
11:09:45;663;49,97;
11:09:51;658;49,98;
11:09:54;661;49,98;
11:09:57;656;49,98;
11:10:00;658;49,98;
11:10:03;657;49,98;
11:10:09;658;49,98;
11:10:12;656;49,98;
11:10:15;653;49,97;
11:10:18;651;49,97;
11:10:21;656;49,97;
11:10:24;652;49,97;
11:10:27;651;49,97;
11:10:30;648;49,97;
11:10:36;649;49,97;
11:10:42;646;49,96;
11:10:45;648;49,96;
11:10:48;642;49,96;
11:10:51;642;49,97;
11:10:57;640;49,97;
11:11:00;635;49,97;
11:11:03;639;49,97;
11:11:06;633;49,97;
11:11:09;635;49,97;
11:11:12;632;49,97;
11:11:15;631;49,97;
11:11:18;633;49,97;
11:11:21;630;49,98;
11:11:24;624;49,98;
11:11:27;625;49,99;
11:11:30;622;49,98;
11:11:33;624;49,99;
11:11:36;620;49,99;
11:11:42;612;49,98;
11:11:45;617;49,98;
11:11:48;614;49,99;
11:11:51;609;49,99;
11:11:54;605;49,98;
11:11:57;611;49,98;
11:12:00;609;49,98;
11:12:03;608;49,98;
11:12:06;602;49,98;
11:12:09;598;49,98;
11:12:12;599;49,98;
11:12:15;594;49,98;
11:12:21;593;49,98;
11:12:24;590;49,98;
11:12:27;588;49,98;
11:12:30;587;49,98;
11:12:33;583;49,98;
11:12:39;580;49,97;
11:12:42;578;49,97;
11:12:48;572;49,97;
11:12:51;571;49,97;
11:12:54;570;49,98;
11:12:57;564;49,98;
11:13:00;566;49,98;
11:13:03;562;49,98;
11:13:06;561;49,98;
11:13:12;554;49,98;
11:13:15;547;49,98;
11:13:18;550;49,98;
11:13:21;547;49,98;
11:13:27;544;49,98;
11:13:33;537;49,98;
11:13:36;538;49,98;
11:13:39;536;49,98;
11:13:42;530;49,98;
11:13:45;522;49,98;
11:13:48;528;49,98;
11:13:51;527;49,98;
11:13:54;529;49,98;
11:13:57;524;50,00;
11:14:00;516;50,00;
11:14:06;518;49,99;
11:14:09;516;49,99;
11:14:12;511;49,99;
11:14:15;513;49,98;
11:14:18;507;49,98;
11:14:21;500;49,97;
11:14:24;503;49,97;
11:14:30;500;49,98;
11:14:33;495;49,98;
11:14:39;496;49,98;
11:14:42;491;49,98;
11:14:45;493;49,97;
11:14:48;489;49,97;
11:14:51;485;49,96;
11:14:54;492;49,96;
11:14:57;483;49,96;
11:15:03;490;49,96;
11:15:06;483;49,96;
11:15:12;480;49,96;
11:15:15;483;49,96;
11:15:21;481;49,97;
11:15:24;475;49,97;
11:15:27;476;49,97;
11:15:30;479;49,97;
11:15:33;478;49,97;
11:15:36;480;49,97;
11:15:39;477;49,98;
11:15:45;476;49,97;
11:15:51;477;49,97;
11:15:54;479;49,97;
11:15:57;478;49,98;
11:16:00;479;49,97;
11:16:03;479;49,98;
11:16:06;480;49,98;
11:16:09;481;49,98;
11:16:15;480;49,97;
11:16:18;477;49,97;
11:16:21;480;49,96;
11:16:24;479;49,96;
11:16:30;477;49,96;
11:16:33;481;49,96;
11:16:36;480;49,97;
11:16:39;479;49,97;
11:16:42;474;49,97;
11:16:45;479;49,97;
11:16:51;481;49,97;
11:16:54;476;49,97;
11:16:57;481;49,96;
11:17:00;478;49,97;
11:17:03;482;49,97;
11:17:06;478;49,98;
11:17:09;479;49,98;
11:17:12;483;49,97;
11:17:21;482;49,96;
11:17:24;482;49,97;
11:17:27;482;49,96;
11:17:30;484;49,96;
11:17:33;486;49,96;
11:17:36;488;49,96;
11:17:39;489;49,96;
11:17:42;485;49,96;
11:17:45;484;49,96;
11:17:48;488;49,96;
11:17:51;490;49,96;
11:17:54;486;49,96;
11:18:00;488;49,97;
11:18:03;491;49,97;
11:18:06;490;49,97;
11:18:09;488;49,96;
11:18:12;490;49,97;
11:18:18;491;49,97;
11:18:21;487;49,97;
11:18:24;491;49,96;
11:18:27;490;49,96;
11:18:33;487;49,97;
11:18:36;490;49,97;
11:18:42;488;49,98;
11:18:45;492;49,98;
11:18:48;491;49,98;
11:18:51;487;49,99;
11:18:54;484;49,99;
11:18:57;481;49,99;
11:19:00;489;49,98;
11:19:09;486;49,98;
11:19:12;491;49,98;
11:19:15;492;49,98;
11:19:18;491;49,98;
11:19:21;485;49,98;
11:19:24;486;49,98;
11:19:27;491;49,97;
11:19:30;490;49,97;
11:19:33;491;49,97;
11:19:36;491;49,98;
11:19:39;489;49,98;
11:19:42;491;49,98;
11:19:48;490;49,98;
11:19:51;492;49,98;
11:19:54;491;49,98;
11:19:57;483;49,97;
11:20:00;490;49,98;
11:20:03;492;49,98;
11:20:06;487;49,98;
11:20:09;490;49,98;
11:20:12;492;49,99;
11:20:15;492;50,00;
11:20:18;490;49,99;
11:20:21;491;49,99;
11:20:24;490;49,98;
11:20:30;495;49,98;
11:20:33;493;49,98;
11:20:36;492;49,98;
11:20:39;495;49,98;
11:20:42;492;49,97;
11:20:45;493;49,97;
11:20:48;494;49,97;
11:20:54;493;49,98;
11:20:57;493;49,99;
11:21:00;494;49,99;
11:21:03;490;49,99;
11:21:15;491;49,98;
11:21:18;494;49,98;
11:21:21;492;49,98;
11:21:27;495;49,98;
11:21:30;494;49,98;
11:21:33;495;49,98;
11:21:36;492;49,98;
11:21:39;494;49,98;
11:21:42;489;49,98;
11:21:45;492;49,98;
11:21:48;489;49,99;
11:21:51;494;49,99;
11:21:54;490;49,99;
11:22:00;495;49,99;
11:22:03;496;49,99;
11:22:06;491;49,99;
11:22:09;497;50,00;
11:22:12;499;50,00;
11:22:15;494;50,00;
11:22:18;495;50,00;
11:22:21;490;49,99;
11:22:24;495;49,99;
11:22:33;496;49,99;
11:22:36;495;49,99;
11:22:39;497;50,00;
11:22:45;499;49,99;
11:22:54;498;50,00;
11:22:57;496;50,00;
11:23:00;498;50,00;
11:23:06;456;50,00;
11:23:09;482;50,00;
11:23:12;484;50,00;
11:23:15;496;49,99;
11:23:18;497;49,99;
11:23:21;494;49,99;
11:23:24;497;49,99;
11:23:27;494;49,98;
11:23:30;496;49,98;
11:23:33;498;49,98;
11:23:36;493;49,98;
11:23:39;497;49,99;
11:23:42;501;49,98;
11:23:45;501;49,99;
11:23:51;500;49,99;
11:23:54;498;49,99;
11:23:57;497;49,99;
11:24:00;498;49,98;
11:24:03;498;49,99;
11:24:06;499;49,98;
11:24:12;498;49,98;
11:24:15;497;49,97;
11:24:18;494;49,97;
11:24:21;491;49,98;
11:24:24;497;49,98;
11:24:27;496;49,98;
11:24:30;497;49,98;
11:24:33;495;49,98;
11:24:36;498;49,99;
11:24:39;492;50,00;
11:24:42;494;50,00;
11:24:45;492;50,00;
11:24:48;492;49,99;
11:24:51;490;49,99;
11:24:57;494;49,99;
11:25:00;493;50,00;
11:25:03;489;50,00;
11:25:06;492;50,00;
11:25:09;488;50,00;
11:25:12;492;50,00;
11:25:15;491;50,00;
11:25:18;489;50,00;
11:25:21;488;49,99;
11:25:24;491;49,99;
11:25:27;494;49,98;
11:25:30;492;49,98;
11:25:33;493;49,98;
11:25:39;492;49,99;
11:25:42;492;50,00;
11:25:45;491;50,00;
11:25:51;489;50,00;
11:25:54;490;50,00;
11:25:57;491;50,00;
11:26:03;487;49,99;
11:26:06;489;49,99;
11:26:09;481;49,99;
11:26:12;485;49,99;
11:26:15;486;49,99;
11:26:24;484;49,98;
11:26:27;482;49,98;
11:26:33;484;49,98;
11:26:39;479;49,99;
11:26:42;483;49,99;
11:26:45;486;49,99;
11:26:48;487;49,98;
11:26:51;486;49,98;
11:26:54;484;49,98;
11:26:57;482;49,98;
11:27:00;477;49,98;
11:27:03;482;49,98;
11:27:06;479;49,98;
11:27:09;465;49,98;
11:27:12;464;49,99;
11:27:15;467;50,00;
11:27:18;473;49,99;
11:27:21;479;49,99;
11:27:24;481;49,98;
11:27:27;476;49,98;
11:27:30;475;49,98;
11:27:33;477;49,97;
11:27:36;478;49,97;
11:27:39;476;49,98;
11:27:42;471;49,98;
11:27:45;470;49,99;
11:27:48;472;50,00;
11:27:54;471;50,00;
11:27:57;473;50,00;
11:28:00;472;50,00;
11:28:03;471;50,00;
11:28:06;467;50,00;
11:28:09;470;50,00;
11:28:12;469;50,00;
11:28:18;468;50,00;
11:28:21;466;49,99;
11:28:24;459;50,00;
11:28:27;464;50,00;
11:28:30;465;50,00;
11:28:33;461;50,00;
11:28:36;464;49,99;
11:28:42;460;49,98;
11:28:45;467;49,98;
11:28:48;460;49,98;
11:28:51;461;49,97;
11:28:54;460;49,97;
11:29:00;458;49,98;
11:29:03;459;49,98;
11:29:06;455;49,99;
11:29:09;456;49,99;
11:29:12;459;49,99;
11:29:15;457;49,99;
11:29:21;452;49,99;
11:29:24;459;49,98;
11:29:27;456;49,98;
11:29:30;453;49,98;
11:29:33;457;49,98;
11:29:36;454;49,98;
11:29:42;456;49,98;
11:29:45;454;49,98;
11:29:48;449;49,98;
11:29:51;452;49,98;
11:29:54;450;49,98;
11:29:57;448;49,98;
11:30:00;447;49,99;
11:30:06;443;49,99;
11:30:09;448;49,98;
11:30:12;451;49,98;
11:30:15;443;49,98;
11:30:18;451;49,97;
11:30:21;443;49,97;
11:30:24;448;49,97;
11:30:27;449;49,97;
11:30:30;447;49,98;
11:30:33;441;49,98;
11:30:36;444;49,98;
11:30:39;450;49,98;
11:30:42;446;49,98;
11:30:45;442;49,98;
11:30:48;447;49,97;
11:30:51;444;49,98;
11:30:57;442;49,98;
11:31:00;409;49,98;
11:31:03;424;49,98;
11:31:06;425;49,98;
11:31:12;434;49,97;
11:31:15;436;49,97;
11:31:18;433;49,97;
11:31:21;433;49,96;
11:31:24;434;49,97;
11:31:27;432;49,96;
11:31:33;436;49,96;
11:31:39;432;49,96;
11:31:42;433;49,96;
11:31:45;433;49,97;
11:31:48;434;49,97;
11:31:51;429;49,97;
11:31:57;424;49,97;
11:32:00;433;49,97;
11:32:03;436;49,97;
11:32:06;429;49,97;
11:32:09;433;49,97;
11:32:12;429;49,97;
11:32:15;433;49,98;
11:32:18;429;49,98;
11:32:21;427;49,98;
11:32:24;428;49,97;
11:32:30;432;49,97;
11:32:33;433;49,97;
11:32:36;432;49,97;
11:32:39;433;49,97;
11:32:42;433;49,98;
11:32:48;427;49,98;
11:32:51;431;49,98;
11:32:54;432;49,98;
11:32:57;436;49,98;
11:33:03;426;49,97;
11:33:06;434;49,97;
11:33:09;424;49,96;
11:33:12;432;49,96;
11:33:15;434;49,96;
11:33:18;428;49,97;
11:33:21;435;49,97;
11:33:24;436;49,97;
11:33:27;437;49,97;
11:33:30;433;49,97;
11:33:33;435;49,97;
11:33:36;433;49,98;
11:33:39;436;49,98;
11:33:42;437;49,98;
11:33:48;442;49,97;
11:33:51;438;49,98;
11:33:54;438;49,97;
11:33:57;440;49,98;
11:34:00;442;49,98;
11:34:09;438;49,98;
11:34:12;442;49,98;
11:34:15;443;49,98;
11:34:18;442;49,98;
11:34:21;444;49,98;
11:34:24;444;49,99;
11:34:30;445;49,98;
11:34:33;444;49,98;
11:34:36;442;49,97;
11:34:39;448;49,96;
11:34:45;447;49,97;
11:34:48;444;49,97;
11:34:51;448;49,97;
11:34:54;449;49,98;
11:34:57;447;49,98;
11:35:00;450;49,98;
11:35:03;452;49,98;
11:35:06;448;49,98;
11:35:09;438;49,98;
11:35:15;441;49,98;
11:35:18;450;49,98;
11:35:21;451;49,98;
11:35:24;449;49,98;
11:35:27;454;49,97;
11:35:30;457;49,97;
11:35:33;459;49,97;
11:35:36;457;49,97;
11:35:39;454;49,98;
11:35:42;457;49,98;
11:35:45;459;49,98;
11:35:48;461;49,98;
11:35:51;460;49,98;
11:35:54;462;49,98;
11:36:00;460;49,98;
11:36:03;461;49,98;
11:36:06;458;49,98;
11:36:09;459;49,98;
11:36:12;464;49,98;
11:36:15;466;49,98;
11:36:18;464;49,98;
11:36:21;466;49,98;
11:36:24;467;49,97;
11:36:27;462;49,98;
11:36:30;468;49,98;
11:36:33;470;49,98;
11:36:36;469;49,98;
11:36:39;466;49,98;
11:36:42;466;49,99;
11:36:45;470;49,99;
11:36:48;472;49,99;
11:36:51;468;49,99;
11:36:54;472;50,00;
11:36:57;470;50,00;
11:37:00;471;50,00;
11:37:06;473;50,00;
11:37:09;474;50,00;
11:37:12;475;49,99;
11:37:15;470;49,99;
11:37:18;474;49,99;
11:37:21;477;49,99;
11:37:24;473;49,99;
11:37:27;477;49,99;
11:37:30;474;49,98;
11:37:33;476;49,98;
11:37:36;477;49,98;
11:37:39;476;49,98;
11:37:42;478;49,98;
11:37:45;475;49,97;
11:37:48;476;49,98;
11:37:54;481;49,98;
11:38:00;483;49,98;
11:38:03;477;49,98;
11:38:06;483;49,98;
11:38:12;484;49,97;
11:38:15;478;49,97;
11:38:18;486;49,97;
11:38:21;490;49,97;
11:38:24;488;49,97;
11:38:27;483;49,97;
11:38:30;489;49,96;
11:38:33;491;49,97;
11:38:36;492;49,96;
11:38:42;494;49,96;
11:38:45;490;49,97;
11:38:48;492;49,96;
11:38:51;495;49,97;
11:38:54;496;49,97;
11:38:57;497;49,97;
11:39:00;497;49,96;
11:39:03;498;49,97;
11:39:06;501;49,97;
11:39:12;502;49,97;
11:39:18;504;49,97;
11:39:21;506;49,97;
11:39:24;507;49,97;
11:39:27;509;49,97;
11:39:30;511;49,98;
11:39:33;511;49,97;
11:39:36;509;49,97;
11:39:39;511;49,97;
11:39:42;515;49,96;
11:39:45;515;49,97;
11:39:48;517;49,97;
11:39:51;519;49,97;
11:39:57;521;49,97;
11:40:00;518;49,97;
11:40:03;524;49,98;
11:40:06;525;49,98;
11:40:09;526;49,97;
11:40:12;520;49,97;
11:40:15;528;49,97;
11:40:18;529;49,97;
11:40:24;528;49,98;
11:40:27;532;49,98;
11:40:30;535;49,98;
11:40:33;534;49,98;
11:40:36;536;49,98;
11:40:39;534;49,97;
11:40:42;535;49,97;
11:40:45;537;49,97;
11:40:48;538;49,97;
11:40:51;540;49,97;
11:40:57;542;49,97;
11:41:00;543;49,97;
11:41:03;544;49,97;
11:41:09;547;49,97;
11:41:15;548;49,97;
11:41:24;551;49,98;
11:41:27;550;49,98;
11:41:30;552;49,98;
11:41:33;556;49,98;
11:41:36;557;49,98;
11:41:39;558;49,98;
11:41:42;560;49,98;
11:41:45;561;49,98;
11:41:51;556;49,98;
11:41:54;565;49,99;
11:41:57;567;49,99;
11:42:00;569;49,98;
11:42:03;568;49,98;
11:42:06;571;49,98;
11:42:09;570;49,98;
11:42:15;578;49,99;
11:42:18;577;49,99;
11:42:21;575;50,00;
11:42:24;580;50,00;
11:42:27;585;49,99;
11:42:30;581;49,99;
11:42:33;583;49,99;
11:42:36;589;49,99;
11:42:39;594;49,98;
11:42:45;596;49,98;
11:42:48;597;49,98;
11:42:51;599;49,99;
11:42:54;601;49,99;
11:42:57;600;49,99;
11:43:00;605;50,00;
11:43:06;609;50,00;
11:43:09;612;50,00;
11:43:12;615;50,00;
11:43:15;614;50,00;
11:43:21;623;49,99;
11:43:24;624;49,99;
11:43:27;620;49,98;
11:43:30;624;49,98;
11:43:33;634;49,98;
11:43:39;635;49,98;
11:43:42;637;49,98;
11:43:45;644;49,98;
11:43:48;645;49,98;
11:43:51;646;49,98;
11:43:54;652;49,99;
11:43:57;654;50,00;
11:44:00;656;50,00;
11:44:03;660;50,00;
11:44:06;663;50,01;
11:44:09;666;50,00;
11:44:12;668;50,00;
11:44:15;669;49,99;
11:44:18;677;49,99;
11:44:21;679;49,99;
11:44:30;689;49,99;
11:44:33;694;49,99;
11:44:36;696;49,99;
11:44:39;694;49,99;
11:44:42;702;49,99;
11:44:48;707;49,99;
11:44:51;710;49,99;
11:44:54;718;49,98;
11:44:57;721;49,99;
11:45:00;724;49,98;
11:45:03;728;49,98;
11:45:12;738;49,97;
11:45:15;745;49,96;
11:45:18;747;49,96;
11:45:21;752;49,96;
11:45:24;754;49,96;
11:45:27;760;49,96;
11:45:30;758;49,96;
11:45:33;764;49,96;
11:45:36;771;49,97;
11:45:39;780;49,97;
11:45:42;782;49,96;
11:45:45;789;49,96;
11:45:48;788;49,97;
11:45:51;796;49,97;
11:45:54;799;49,97;
11:45:57;805;49,98;
11:46:00;806;49,98;
11:46:03;814;49,98;
11:46:06;820;49,98;
11:46:09;824;49,98;
11:46:12;827;49,97;
11:46:18;838;49,96;
11:46:21;844;49,96;
11:46:24;843;49,96;
11:46:27;850;49,97;
11:46:30;857;49,97;
11:46:33;861;49,97;
11:46:36;865;49,97;
11:46:39;866;49,97;
11:46:42;874;49,97;
11:46:45;880;49,97;
11:46:48;884;49,98;
11:46:51;886;49,98;
11:46:54;892;49,98;
11:46:57;900;49,97;
11:47:00;904;49,97;
11:47:03;902;49,97;
11:47:06;914;49,97;
11:47:09;920;49,97;
11:47:12;918;49,98;
11:47:15;929;49,97;
11:47:18;928;49,97;
11:47:24;946;49,97;
11:47:27;951;49,97;
11:47:30;956;49,96;
11:47:33;962;49,96;
11:47:36;966;49,96;
11:47:39;972;49,96;
11:47:42;977;49,96;
11:47:45;976;49,96;
11:47:48;988;49,96;
11:47:51;993;49,96;
11:47:54;998;49,96;
11:47:57;1006;49,96;
11:48:00;1006;49,97;
11:48:03;1016;49,97;
11:48:06;1018;49,97;
11:48:09;1028;49,97;
11:48:12;1030;49,97;
11:48:15;1033;49,96;
11:48:18;1037;49,96;
11:48:21;1051;49,96;
11:48:24;1056;49,96;
11:48:30;1061;49,96;
11:48:33;1073;49,96;
11:48:36;1080;49,97;
11:48:39;1073;49,97;
11:48:42;1086;49,98;
11:48:45;1090;49,98;
11:48:48;1093;49,98;
11:48:51;1098;49,99;
11:48:54;1112;49,98;
11:48:57;1113;49,98;
11:49:00;1120;49,98;
11:49:03;1116;49,98;
11:49:06;1135;49,97;
11:49:09;1136;49,97;
11:49:12;1139;49,98;
11:49:18;1155;49,98;
11:49:21;1158;49,98;
11:49:24;1165;49,97;
11:49:27;1162;49,97;
11:49:30;1175;49,97;
11:49:36;1182;49,98;
11:49:39;1188;49,98;
11:49:42;1196;49,98;
11:49:45;1204;49,98;
11:49:48;1212;49,98;
11:49:51;1210;49,98;
11:49:54;1221;49,98;
11:49:57;1225;49,98;
11:50:00;1233;49,98;
11:50:03;1234;49,97;
11:50:06;1246;49,97;
11:50:09;1254;49,96;
11:50:12;1257;49,97;
11:50:15;1256;49,97;
11:50:21;1279;49,97;
11:50:24;1278;49,97;
11:50:27;1283;49,97;
11:50:30;1289;49,97;
11:50:33;1306;49,98;
11:50:36;1300;49,98;
11:50:39;1309;49,98;
11:50:42;1309;49,97;
11:50:45;1325;49,98;
11:50:48;1321;49,98;
11:50:51;1335;49,99;
11:50:54;1336;49,99;
11:50:57;1348;50,00;
11:51:00;1353;50,00;
11:51:03;1359;49,99;
11:51:06;1364;50,00;
11:51:09;1374;49,99;
11:51:12;1371;49,98;
11:51:15;1386;49,98;
11:51:18;1388;49,97;
11:51:21;1397;49,96;
11:51:27;1408;49,97;
11:51:30;1409;49,97;
11:51:33;1419;49,97;
11:51:36;1416;49,97;
11:51:39;1430;49,98;
11:51:42;1433;49,98;
11:51:45;1437;49,98;
11:51:48;1442;49,99;
11:51:51;1450;49,99;
11:51:54;1450;50,00;
11:51:57;1460;49,99;
11:52:00;1459;49,99;
11:52:03;1472;49,99;
11:52:06;1473;50,00;
11:52:09;1478;50,00;
11:52:12;1477;50,00;
11:52:15;1492;49,99;
11:52:18;1495;49,99;
11:52:21;1500;49,98;
11:52:24;1498;49,98;
11:52:27;1508;49,98;
11:52:33;1520;49,99;
11:52:36;1516;49,99;
11:52:39;1527;49,99;
11:52:42;1528;49,99;
11:52:45;1534;49,98;
11:52:48;1533;49,98;
11:52:51;1538;49,98;
11:52:54;1544;49,98;
11:52:57;1554;49,98;
11:53:00;1550;49,98;
11:53:03;1561;49,98;
11:53:06;1563;49,98;
11:53:09;1562;49,97;
11:53:12;1560;49,97;
11:53:15;1574;49,97;
11:53:18;1577;49,98;
11:53:21;1580;49,98;
11:53:24;1573;49,98;
11:53:27;1591;49,98;
11:53:30;1594;49,98;
11:53:33;1601;49,98;
11:53:39;1609;49,98;
11:53:42;1615;49,98;
11:53:45;1616;49,98;
11:53:48;1619;49,99;
11:53:51;1626;49,99;
11:53:54;1627;49,98;
11:54:00;1630;49,98;
11:54:03;1637;49,98;
11:54:06;1640;49,98;
11:54:09;1642;49,98;
11:54:12;1647;49,97;
11:54:15;1645;49,97;
11:54:18;1654;49,96;
11:54:24;1659;49,96;
11:54:27;1658;49,97;
11:54:30;1668;49,96;
11:54:33;1669;49,96;
11:54:36;1673;49,96;
11:54:39;1671;49,97;
11:54:42;1678;49,97;
11:54:45;1683;49,97;
11:54:48;1689;49,97;
11:54:51;1685;49,97;
11:54:54;1695;49,97;
11:54:57;1693;49,97;
11:55:00;1700;49,97;
11:55:03;1694;49,98;
11:55:06;1708;49,98;
11:55:09;1710;49,97;
11:55:12;1716;49,97;
11:55:15;1711;49,96;
11:55:18;1723;49,96;
11:55:21;1719;49,96;
11:55:24;1725;49,97;
11:55:30;1737;49,96;
11:55:33;1741;49,96;
11:55:36;1743;49,96;
11:55:39;1738;49,96;
11:55:42;1750;49,96;
11:55:45;1757;49,96;
11:55:48;1752;49,97;
11:55:51;1760;49,97;
11:55:54;1766;49,98;
11:55:57;1767;49,98;
11:56:00;1772;49,98;
11:56:03;1773;49,98;
11:56:06;1779;49,97;
11:56:09;1781;49,98;
11:56:12;1779;49,98;
11:56:15;1788;49,97;
11:56:18;1793;49,97;
11:56:21;1794;49,98;
11:56:24;1800;49,97;
11:56:27;1803;49,97;
11:56:30;1807;49,97;
11:56:36;1815;49,96;
11:56:39;1817;49,96;
11:56:42;1823;49,97;
11:56:45;1825;49,97;
11:56:48;1831;49,97;
11:56:51;1835;49,97;
11:56:54;1831;49,97;
11:56:57;1838;49,97;
11:57:00;1844;49,97;
11:57:03;1848;49,97;
11:57:06;1852;49,97;
11:57:09;1854;49,97;
11:57:12;1860;49,97;
11:57:15;1864;49,96;
11:57:18;1862;49,96;
11:57:21;1869;49,97;
11:57:24;1875;49,97;
11:57:27;1876;49,97;
11:57:30;1880;49,96;
11:57:33;1883;49,96;
11:57:36;1888;49,96;
11:57:42;1894;49,96;
11:57:45;1897;49,96;
11:57:48;1901;49,96;
11:57:51;1906;49,96;
11:57:54;1904;49,97;
11:57:57;1912;49,97;
11:58:00;1908;49,96;
11:58:03;1916;49,96;
11:58:06;1922;49,96;
11:58:09;1925;49,96;
11:58:12;1929;49,97;
11:58:15;1930;49,97;
11:58:18;1935;49,97;
11:58:21;1940;49,96;
11:58:24;1942;49,96;
11:58:27;1947;49,96;
11:58:30;1950;49,96;
11:58:33;1947;49,96;
11:58:36;1944;49,96;
11:58:39;1957;49,96;
11:58:42;1962;49,96;
11:58:45;1957;49,96;
11:58:48;1971;49,96;
11:58:51;1976;49,96;
11:58:54;1978;49,97;
11:58:57;1985;49,97;
11:59:00;1987;49,97;
11:59:03;1991;49,97;
11:59:06;1994;49,97;
11:59:09;1990;49,97;
11:59:12;2001;49,97;
11:59:15;2007;49,97;
11:59:18;2008;49,97;
11:59:21;2013;49,97;
11:59:27;2018;49,97;
11:59:33;2025;49,97;
11:59:36;2030;49,97;
11:59:39;2033;49,97;
11:59:42;2035;49,96;
11:59:45;2039;49,96;
11:59:48;2041;49,96;
11:59:51;2039;49,96;
11:59:54;2044;49,96;
11:59:57;2053;49,96;
12:00:00;2054;49,96;
12:00:03;2060;49,96;
12:00:06;2061;49,96;
12:00:09;2065;49,96;
12:00:12;2067;49,96;
12:00:15;2066;49,96;
12:00:18;2074;49,97;
12:00:21;2078;49,97;
12:00:24;2080;49,97;
12:00:27;2078;49,97;
12:00:30;2086;49,97;
12:00:33;2095;49,97;
12:00:39;2092;49,96;
12:00:42;2101;49,96;
12:00:45;2106;49,96;
12:00:48;2109;49,96;
12:00:51;2106;49,96;
12:00:54;2118;49,96;
12:00:57;2119;49,96;
12:01:00;2115;49,96;
12:01:03;2124;49,96;
12:01:06;2132;49,96;
12:01:09;2129;49,97;
12:01:12;2138;49,97;
12:01:15;2137;49,97;
12:01:18;2142;49,96;
12:01:24;2144;49,96;
12:01:27;2142;49,96;
12:01:30;2147;49,96;
12:01:36;2149;49,97;
12:01:39;2124;49,97;
12:01:45;2133;49,97;
12:01:48;2130;49,97;
12:01:51;2127;49,96;
12:01:54;2129;49,96;
12:01:57;2119;49,96;
12:02:00;2123;49,96;
12:02:03;2121;49,96;
12:02:06;2117;49,96;
12:02:09;2107;49,96;
12:02:12;2115;49,96;
12:02:15;2113;49,97;
12:02:18;2114;49,97;
12:02:21;2105;49,97;
12:02:24;2115;49,96;
12:02:27;2113;49,96;
12:02:33;2104;49,96;
12:02:36;2112;49,96;
12:02:39;2111;49,96;
12:02:42;2113;49,96;
12:02:45;2106;49,95;
12:02:51;2106;49,96;
12:02:57;2093;49,96;
12:03:00;2101;49,96;
12:03:03;2098;49,96;
12:03:06;2102;49,96;
12:03:09;2100;49,95;
12:03:12;2086;49,95;
12:03:15;2095;49,95;
12:03:18;2092;49,95;
12:03:24;2089;49,95;
12:03:27;2087;49,95;
12:03:30;2078;49,96;
12:03:36;2073;49,96;
12:03:39;2078;49,96;
12:03:45;2073;49,96;
12:03:48;2061;49,96;
12:03:51;2069;49,96;
12:03:54;2062;49,96;
12:03:57;2064;49,96;
12:04:00;2053;49,97;
12:04:03;2058;49,97;
12:04:06;2053;49,97;
12:04:09;2054;49,97;
12:04:12;2046;49,97;
12:04:15;2053;49,97;
12:04:18;2050;49,97;
12:04:21;2050;49,96;
12:04:24;2041;49,96;
12:04:27;2048;49,96;
12:04:30;2041;49,96;
12:04:33;2048;49,96;
12:04:36;2043;49,97;
12:04:42;2042;49,97;
12:04:45;2046;49,98;
12:04:48;2044;49,98;
12:04:51;2051;49,97;
12:04:54;2044;49,96;
12:04:57;2052;49,96;
12:05:00;2053;49,96;
12:05:03;2047;49,97;
12:05:06;2050;49,97;
12:05:09;2058;49,97;
12:05:12;2055;49,98;
12:05:15;2061;49,98;
12:05:18;2053;49,98;
12:05:21;2061;49,98;
12:05:24;2063;49,98;
12:05:27;2065;49,97;
12:05:30;2057;49,96;
12:05:33;2075;49,96;
12:05:36;2079;49,96;
12:05:39;2074;49,97;
12:05:42;2077;49,97;
12:05:48;2097;49,98;
12:05:51;2090;49,98;
12:05:54;2102;49,98;
12:05:57;2109;49,98;
12:06:00;2124;49,98;
12:06:03;2126;49,98;
12:06:06;2137;49,97;
12:06:09;2145;49,97;
12:06:12;2172;49,97;
12:06:15;2178;49,98;
12:06:18;2206;49,98;
12:06:21;2202;49,98;
12:06:24;2197;49,98;
12:06:27;2195;49,98;
12:06:30;2204;49,98;
12:06:33;2197;49,97;
12:06:36;2205;49,97;
12:06:39;2198;49,97;
12:06:42;2197;49,97;
12:06:45;2190;49,97;
12:06:48;2189;49,97;
12:06:54;2181;49,98;
12:06:57;2179;49,98;
12:07:00;2181;49,99;
12:07:03;2174;49,99;
12:07:06;2180;49,99;
12:07:09;2172;49,99;
12:07:12;2181;49,99;
12:07:15;2180;49,99;
12:07:18;2182;49,98;
12:07:21;2176;49,98;
12:07:24;2185;49,97;
12:07:27;2182;49,97;
12:07:30;2188;49,97;
12:07:33;2184;49,97;
12:07:36;2192;49,97;
12:07:39;2189;49,98;
12:07:42;2196;49,98;
12:07:45;2192;49,99;
12:07:48;2201;49,99;
12:07:51;2197;50,00;
12:07:54;2204;49,99;
12:07:57;2206;49,99;
12:08:00;2199;49,99;
12:08:03;2207;49,97;
12:08:06;2215;49,97;
12:08:09;2210;49,97;
12:08:12;2220;49,97;
12:08:15;2214;49,97;
12:08:18;2223;49,98;
12:08:21;2225;49,98;
12:08:24;2227;49,96;
12:08:27;2223;49,96;
12:08:30;2230;49,95;
12:08:33;2222;49,96;
12:08:36;2237;49,96;
12:08:39;2236;49,96;
12:08:45;2231;49,97;
12:08:48;2242;49,97;
12:08:51;2246;49,96;
12:08:54;2234;49,97;
12:08:57;2240;49,96;
12:09:00;2243;49,97;
12:09:03;2246;49,96;
12:09:09;2248;49,97;
12:09:12;2237;49,98;
12:09:15;2244;49,97;
12:09:18;2239;49,97;
12:09:21;2244;49,96;
12:09:24;2237;49,96;
12:09:27;2244;49,96;
12:09:30;2238;49,96;
12:09:33;2243;49,97;
12:09:36;2235;49,97;
12:09:39;2242;49,97;
12:09:42;2235;49,97;
12:09:45;2241;49,97;
12:09:54;2233;49,97;
12:09:57;2237;49,97;
12:10:00;2229;49,97;
12:10:03;2234;49,97;
12:10:06;2230;49,97;
12:10:09;2234;49,97;
12:10:15;2233;49,96;
12:10:18;2226;49,96;
12:10:21;2229;49,97;
12:10:24;2222;49,96;
12:10:27;2228;49,96;
12:10:30;2221;49,96;
12:10:33;2226;49,96;
12:10:36;2215;49,96;
12:10:39;2224;49,97;
12:10:42;2223;49,96;
12:10:48;2212;49,96;
12:10:51;2220;49,96;
12:10:57;2219;49,98;
12:11:00;2213;49,98;
12:11:03;2216;49,98;
12:11:06;2215;49,98;
12:11:09;2217;49,98;
12:11:15;2207;49,98;
12:11:18;2215;49,98;
12:11:21;2213;49,98;
12:11:24;2211;49,98;
12:11:27;2210;49,98;
12:11:30;2207;49,98;
12:11:36;2204;49,98;
12:11:39;2196;49,98;
12:11:42;2200;49,97;
12:11:45;2199;49,97;
12:11:48;2198;49,97;
12:11:51;2196;49,97;
12:11:54;2194;49,97;
12:11:57;2193;49,98;
12:12:03;2188;49,98;
12:12:09;2186;49,98;
12:12:12;2184;49,98;
12:12:15;2175;49,98;
12:12:18;2182;49,98;
12:12:21;2175;49,98;
12:12:24;2181;49,98;
12:12:27;2171;49,98;
12:12:30;2179;49,98;
12:12:33;2172;49,98;
12:12:36;2175;49,97;
12:12:39;2167;49,97;
12:12:42;2174;49,98;
12:12:48;2170;49,98;
12:12:51;2161;49,98;
12:12:54;2170;49,99;
12:12:57;2165;49,99;
12:13:03;2157;49,98;
12:13:06;2165;49,98;
12:13:12;2164;49,98;
12:13:15;2152;49,98;
12:13:18;2159;49,98;
12:13:21;2156;49,97;
12:13:24;2159;49,98;
12:13:27;2145;49,97;
12:13:30;2155;49,98;
12:13:33;2153;49,97;
12:13:36;2154;49,98;
12:13:39;2139;49,98;
12:13:42;2151;49,99;
12:13:45;2155;49,99;
12:13:48;2151;49,99;
12:13:54;2149;49,99;
12:13:57;2154;49,99;
12:14:00;2146;49,99;
12:14:03;2142;49,99;
12:14:06;2146;49,98;
12:14:09;2147;49,98;
12:14:12;2143;49,97;
12:14:15;2146;49,97;
12:14:18;2144;49,96;
12:14:24;2143;49,96;
12:14:27;2144;49,96;
12:14:30;2142;49,97;
12:14:33;2140;49,97;
12:14:39;2139;49,97;
12:14:45;2140;49,97;
12:14:48;2138;49,98;
12:14:51;2139;49,98;
12:14:54;2138;49,98;
12:15:00;2135;49,98;
12:15:09;2134;49,98;
12:15:18;2123;49,98;
12:15:21;2133;49,98;
12:15:24;2130;49,98;
12:15:27;2129;49,98;
12:15:30;2130;49,98;
12:15:33;2128;49,97;
12:15:36;2125;49,96;
12:15:39;2125;49,97;
12:15:42;2112;49,96;
12:15:45;2125;49,98;
12:15:48;2117;49,98;
12:15:51;2121;49,99;
12:15:54;2118;49,98;
12:16:00;2110;49,98;
12:16:06;2107;49,98;
12:16:09;2113;49,98;
12:16:12;2110;49,98;
12:16:18;2094;49,98;
12:16:21;2107;49,98;
12:16:24;2105;49,98;
12:16:27;2103;49,98;
12:16:30;2086;49,99;
12:16:33;2097;49,99;
12:16:36;2093;50,00;
12:16:42;2079;50,00;
12:16:45;2088;50,00;
12:16:51;2084;50,00;
12:16:54;2083;50,00;
12:16:57;2079;49,99;
12:17:00;2078;49,98;
12:17:03;2076;49,98;
12:17:06;2073;49,98;
12:17:09;2057;49,98;
12:17:12;2069;49,98;
12:17:15;2062;49,98;
12:17:18;2060;49,99;
12:17:21;2055;49,99;
12:17:24;2054;50,00;
12:17:27;2051;50,00;
12:17:30;2049;50,00;
12:17:33;2032;50,00;
12:17:36;2042;49,99;
12:17:39;2037;49,99;
12:17:45;2031;49,98;
12:17:48;2028;49,98;
12:17:51;2024;49,98;
12:17:57;2016;49,99;
12:18:00;2015;49,99;
12:18:03;2008;50,00;
12:18:06;2007;50,00;
12:18:09;2002;50,00;
12:18:12;2001;50,00;
12:18:18;1995;50,00;
12:18:21;1989;50,00;
12:18:24;1985;50,00;
12:18:27;1981;50,00;
12:18:30;1977;49,99;
12:18:33;1972;49,98;
12:18:36;1969;49,98;
12:18:39;1970;49,98;
12:18:42;1964;49,98;
12:18:45;1954;49,98;
12:18:48;1956;49,99;
12:18:51;1954;49,99;
12:18:54;1947;50,00;
12:18:57;1932;50,00;
12:19:03;1937;50,00;
12:19:06;1932;50,00;
12:19:09;1911;50,00;
12:19:12;1921;50,00;
12:19:15;1916;50,00;
12:19:21;1911;50,00;
12:19:24;1897;49,99;
12:19:27;1899;49,98;
12:19:30;1898;49,98;
12:19:33;1878;49,98;
12:19:36;1887;49,98;
12:19:39;1883;49,98;
12:19:42;1882;49,98;
12:19:45;1880;49,97;
12:19:48;1873;49,98;
12:19:51;1865;49,98;
12:19:54;1865;49,99;
12:19:57;1852;50,00;
12:20:00;1861;50,00;
12:20:03;1853;50,00;
12:20:09;1833;49,99;
12:20:12;1841;49,99;
12:20:15;1834;49,98;
12:20:18;1833;49,98;
12:20:21;1818;49,98;
12:20:24;1826;49,98;
12:20:27;1823;49,98;
12:20:30;1815;49,98;
12:20:33;1805;49,97;
12:20:36;1810;49,97;
12:20:39;1803;49,98;
12:20:42;1805;49,98;
12:20:45;1799;49,98;
12:20:48;1794;49,99;
12:20:51;1797;49,98;
12:20:54;1797;49,99;
12:20:57;1790;49,98;
12:21:00;1776;49,98;
12:21:03;1775;49,98;
12:21:06;1782;49,98;
12:21:09;1778;49,98;
12:21:15;1763;49,98;
12:21:18;1764;49,98;
12:21:21;1766;49,98;
12:21:24;1756;49,98;
12:21:27;1761;49,98;
12:21:30;1751;49,99;
12:21:33;1758;49,99;
12:21:36;1754;49,98;
12:21:39;1751;49,99;
12:21:42;1743;49,99;
12:21:45;1746;50,00;
12:21:48;1736;50,00;
12:21:51;1742;50,00;
12:21:54;1740;50,00;
12:22:00;1726;49,99;
12:22:03;1730;49,99;
12:22:06;1726;49,99;
12:22:09;1728;49,99;
12:22:12;1713;50,00;
12:22:15;1724;50,00;
12:22:21;1717;50,00;
12:22:24;1710;50,00;
12:22:27;1717;50,00;
12:22:30;1708;50,00;
12:22:33;1713;50,00;
12:22:36;1705;49,99;
12:22:39;1709;50,00;
12:22:42;1707;50,00;
12:22:45;1705;50,00;
12:22:48;1699;50,00;
12:22:51;1706;50,01;
12:22:54;1705;50,01;
12:22:57;1711;50,01;
12:23:00;1694;50,01;
12:23:06;1692;50,00;
12:23:09;1699;50,00;
12:23:12;1688;50,00;
12:23:15;1693;50,00;
12:23:18;1688;50,00;
12:23:21;1694;50,00;
12:23:24;1695;50,00;
12:23:27;1688;50,00;
12:23:30;1686;50,00;
12:23:33;1689;50,00;
12:23:36;1684;50,00;
12:23:39;1690;50,00;
12:23:42;1682;49,99;
12:23:45;1689;49,99;
12:23:48;1687;49,99;
12:23:51;1682;49,98;
12:23:54;1678;49,98;
12:23:57;1689;49,99;
12:24:00;1686;49,99;
12:24:03;1677;49,99;
12:24:06;1675;49,99;
12:24:12;1684;49,98;
12:24:15;1671;49,98;
12:24:18;1678;49,98;
12:24:21;1672;49,98;
12:24:24;1676;49,98;
12:24:27;1669;49,97;
12:24:30;1671;49,97;
12:24:39;1664;49,98;
12:24:42;1668;49,98;
12:24:45;1661;49,98;
12:24:48;1665;49,97;
12:24:51;1658;49,97;
12:24:54;1665;49,97;
12:24:57;1659;49,98;
12:25:00;1663;49,98;
12:25:03;1656;49,98;
12:25:06;1659;49,97;
12:25:09;1652;49,97;
12:25:12;1658;49,97;
12:25:18;1653;49,97;
12:25:21;1644;49,97;
12:25:24;1649;49,97;
12:25:27;1641;49,97;
12:25:30;1646;49,97;
12:25:33;1638;49,97;
12:25:36;1642;49,97;
12:25:42;1639;49,97;
12:25:45;1631;49,97;
12:25:48;1635;49,98;
12:25:51;1630;49,98;
12:25:54;1627;49,98;
12:25:57;1619;49,98;
12:26:03;1626;49,98;
12:26:06;1617;49,98;
12:26:09;1614;49,97;
12:26:12;1617;49,97;
12:26:18;1605;49,97;
12:26:21;1611;49,98;
12:26:24;1609;49,98;
12:26:27;1599;49,98;
12:26:30;1602;49,98;
12:26:33;1591;49,98;
12:26:36;1596;49,98;
12:26:39;1589;49,98;
12:26:42;1591;49,98;
12:26:45;1590;49,99;
12:26:48;1586;49,99;
12:26:51;1583;50,00;
12:26:54;1576;50,00;
12:26:57;1578;50,00;
12:27:00;1568;50,00;
12:27:03;1566;50,00;
12:27:09;1558;50,00;
12:27:12;1560;50,00;
12:27:15;1562;50,00;
12:27:18;1550;50,00;
12:27:21;1554;50,00;
12:27:24;1546;50,00;
12:27:27;1549;50,00;
12:27:30;1548;50,00;
12:27:33;1541;50,00;
12:27:36;1533;50,00;
12:27:42;1528;50,00;
12:27:45;1525;50,00;
12:27:48;1515;50,00;
12:27:51;1522;50,00;
12:27:54;1515;50,01;
12:27:57;1515;50,00;
12:28:00;1509;50,00;
12:28:03;1506;50,00;
12:28:06;1497;50,00;
12:28:09;1495;50,00;
12:28:15;1491;49,99;
12:28:18;1483;49,99;
12:28:21;1485;49,99;
12:28:24;1476;49,99;
12:28:27;1475;49,99;
12:28:30;1469;49,99;
12:28:33;1473;49,99;
12:28:36;1470;50,00;
12:28:39;1463;50,00;
12:28:42;1456;50,00;
12:28:45;1457;50,00;
12:28:48;1450;50,00;
12:28:51;1448;50,00;
12:28:54;1438;50,00;
12:28:57;1447;50,01;
12:29:00;1443;50,01;
12:29:03;1438;50,01;
12:29:06;1429;50,01;
12:29:09;1429;50,00;
12:29:12;1434;50,00;
12:29:15;1427;50,00;
12:29:21;1416;50,00;
12:29:24;1414;50,00;
12:29:27;1409;50,00;
12:29:30;1408;50,00;
12:29:33;1403;50,01;
12:29:36;1402;50,01;
12:29:39;1398;50,01;
12:29:45;1394;50,01;
12:29:48;1391;50,00;
12:29:51;1386;50,00;
12:29:54;1384;50,00;
12:29:57;1380;50,00;
12:30:00;1379;50,00;
12:30:03;1376;50,00;
12:30:06;1374;50,00;
12:30:09;1372;50,00;
12:30:12;1370;50,00;
12:30:15;1369;49,99;
12:30:18;1361;49,99;
12:30:21;1358;49,99;
12:30:27;1358;49,98;
12:30:30;1353;49,98;
12:30:33;1346;49,98;
12:30:36;1347;49,98;
12:30:39;1343;49,98;
12:30:42;1343;49,97;
12:30:45;1333;49,98;
12:30:48;1337;49,97;
12:30:51;1333;49,97;
12:30:57;1324;49,97;
12:31:00;1328;49,98;
12:31:06;1324;49,98;
12:31:12;1320;49,98;
12:31:15;1318;49,98;
12:31:18;1317;49,97;
12:31:21;1308;49,97;
12:31:24;1313;49,97;
12:31:27;1310;49,97;
12:31:30;1311;49,97;
12:31:33;1309;49,97;
12:31:36;1305;49,96;
12:31:39;1303;49,96;
12:31:42;1302;49,96;
12:31:45;1294;49,97;
12:31:48;1296;49,97;
12:31:51;1293;49,98;
12:31:54;1296;49,97;
12:31:57;1284;49,96;
12:32:00;1292;49,97;
12:32:03;1295;49,97;
12:32:06;1291;49,96;
12:32:09;1282;49,96;
12:32:12;1287;49,95;
12:32:18;1286;49,96;
12:32:21;1279;49,96;
12:32:24;1283;49,96;
12:32:27;1281;49,96;
12:32:30;1278;49,96;
12:32:33;1279;49,96;
12:32:36;1271;49,96;
12:32:39;1277;49,96;
12:32:42;1276;49,96;
12:32:45;1276;49,97;
12:32:48;1273;49,97;
12:32:51;1273;49,96;
12:32:54;1270;49,97;
12:33:00;1261;49,97;
12:33:03;1268;49,98;
12:33:06;1267;49,99;
12:33:09;1265;49,99;
12:33:15;1267;49,99;
12:33:18;1262;49,98;
12:33:24;1261;49,98;
12:33:27;1263;49,98;
12:33:30;1261;49,98;
12:33:36;1260;49,98;
12:33:39;1259;49,98;
12:33:42;1252;49,98;
12:33:45;1257;49,98;
12:33:48;1254;49,99;
12:33:51;1256;50,00;
12:33:54;1252;50,00;
12:33:57;1253;50,00;
12:34:00;1250;50,00;
12:34:03;1251;50,00;
12:34:06;1252;50,00;
12:34:09;1250;50,00;
12:34:12;1244;49,99;
12:34:15;1248;49,99;
12:34:18;1241;49,99;
12:34:21;1246;49,99;
12:34:24;1235;49,99;
12:34:30;1241;49,99;
12:34:33;1244;49,99;
12:34:36;1234;49,99;
12:34:39;1242;49,99;
12:34:42;1241;49,98;
12:34:48;1240;49,98;
12:34:51;1232;49,98;
12:34:54;1240;49,98;
12:34:57;1238;49,98;
12:35:00;1237;49,98;
12:35:03;1238;49,98;
12:35:06;1236;49,98;
12:35:09;1236;49,99;
12:35:15;1234;49,99;
12:35:21;1233;49,99;
12:35:24;1231;49,99;
12:35:27;1230;49,98;
12:35:30;1231;49,98;
12:35:33;1226;49,98;
12:35:36;1230;49,98;
12:35:39;1229;49,98;
12:35:45;1228;49,99;
12:35:48;1225;49,99;
12:35:51;1224;49,99;
12:35:54;1225;49,99;
12:35:57;1220;49,99;
12:36:00;1224;49,98;
12:36:03;1224;49,99;
12:36:06;1221;49,99;
12:36:09;1223;49,99;
12:36:12;1220;49,99;
12:36:15;1222;50,00;
12:36:21;1217;50,00;
12:36:27;1216;49,99;
12:36:39;1211;49,99;
12:36:42;1217;50,00;
12:36:45;1213;50,00;
12:36:48;1212;50,00;
12:36:51;1213;50,00;
12:36:57;1211;50,00;
12:37:03;1209;50,00;
12:37:06;1213;50,00;
12:37:09;1208;50,00;
12:37:12;1211;50,00;
12:37:15;1203;50,00;
12:37:18;1207;50,00;
12:37:21;1209;50,00;
12:37:27;1200;50,00;
12:37:30;1205;50,00;
12:37:33;1195;50,00;
12:37:36;1204;50,00;
12:37:39;1201;50,00;
12:37:45;1206;50,01;
12:37:48;1201;50,01;
12:37:51;1200;50,00;
12:37:54;1201;50,00;
12:37:57;1196;50,00;
12:38:00;1201;49,99;
12:38:03;1196;50,00;
12:38:06;1200;50,00;
12:38:12;1198;50,00;
12:38:15;1194;50,00;
12:38:18;1197;49,99;
12:38:21;1194;49,99;
12:38:24;1196;49,99;
12:38:27;1190;49,99;
12:38:36;1193;49,99;
12:38:39;1189;49,99;
12:38:42;1194;49,99;
12:38:45;1185;49,99;
12:38:48;1187;49,98;
12:38:51;1190;49,98;
12:38:54;1185;49,98;
12:38:57;1183;49,98;
12:39:00;1188;49,99;
12:39:03;1187;50,00;
12:39:06;1184;50,00;
12:39:09;1182;50,00;
12:39:12;1190;49,99;
12:39:15;1188;49,99;
12:39:18;1182;49,99;
12:39:21;1182;49,98;
12:39:24;1188;49,98;
12:39:27;1189;49,98;
12:39:30;1179;49,98;
12:39:33;1186;49,98;
12:39:39;1178;49,98;
12:39:42;1180;49,99;
12:39:45;1185;49,99;
12:39:48;1176;50,00;
12:39:51;1183;50,00;
12:39:54;1178;50,00;
12:39:57;1182;50,00;
12:40:00;1173;50,00;
12:40:03;1181;50,00;
12:40:06;1176;50,00;
12:40:09;1182;50,00;
12:40:12;1183;50,00;
12:40:15;1181;50,00;
12:40:18;1173;49,99;
12:40:24;1181;49,99;
12:40:27;1178;49,99;
12:40:30;1172;49,99;
12:40:33;1180;50,00;
12:40:36;1173;50,00;
12:40:39;1178;50,00;
12:40:45;1177;50,00;
12:40:48;1171;50,00;
12:40:51;1177;50,00;
12:40:54;1175;50,00;
12:41:00;1169;50,01;
12:41:03;1177;50,00;
12:41:06;1175;50,00;
12:41:09;1179;50,00;
12:41:12;1172;50,00;
12:41:15;1177;50,00;
12:41:18;1174;50,00;
12:41:21;1177;50,00;
12:41:24;1171;49,99;
12:41:30;1174;49,99;
12:41:33;1177;49,98;
12:41:36;1171;49,99;
12:41:39;1177;49,99;
12:41:42;1174;50,00;
12:41:45;1176;50,00;
12:41:48;1178;50,00;
12:41:51;1169;50,00;
12:41:54;1174;50,00;
12:41:57;1177;50,01;
12:42:00;1170;50,00;
12:42:03;1177;50,00;
12:42:06;1176;50,00;
12:42:09;1173;50,00;
12:42:12;1176;50,00;
12:42:15;1178;50,00;
12:42:18;1181;50,00;
12:42:21;1172;50,00;
12:42:24;1171;50,00;
12:42:27;1176;50,00;
12:42:30;1179;50,00;
12:42:36;1177;50,00;
12:42:39;1172;49,99;
12:42:42;1177;49,99;
12:42:45;1175;49,98;
12:42:48;1176;49,99;
12:42:51;1171;50,00;
12:42:54;1176;50,00;
12:42:57;1181;50,00;
12:43:00;1179;50,01;
12:43:03;1174;50,01;
12:43:06;1181;50,01;
12:43:09;1182;50,01;
12:43:12;1176;50,01;
12:43:15;1169;50,01;
12:43:18;1177;50,01;
12:43:21;1174;50,01;
12:43:24;1176;50,01;
12:43:27;1172;50,01;
12:43:30;1175;50,00;
12:43:33;1176;50,00;
12:43:42;1176;50,01;
12:43:45;1177;50,01;
12:43:48;1179;50,01;
12:43:51;1173;50,01;
12:43:54;1180;50,01;
12:43:57;1176;50,01;
12:44:00;1180;50,00;
12:44:03;1179;50,00;
12:44:09;1180;50,00;
12:44:12;1174;50,00;
12:44:15;1173;50,00;
12:44:18;1180;50,00;
12:44:21;1177;49,99;
12:44:27;1176;49,99;
12:44:30;1181;50,00;
12:44:33;1178;49,99;
12:44:36;1180;49,99;
12:44:39;1175;49,99;
12:44:42;1182;49,99;
12:44:45;1180;49,99;
12:44:48;1178;49,99;
12:44:51;1176;49,98;
12:44:54;1179;49,98;
12:44:57;1175;49,98;
12:45:00;1181;49,98;
12:45:03;1177;49,99;
12:45:06;1184;49,99;
12:45:09;1181;50,00;
12:45:12;1179;50,00;
12:45:15;1176;50,00;
12:45:18;1188;50,00;
12:45:21;1187;50,00;
12:45:24;1177;50,00;
12:45:27;1181;49,99;
12:45:33;1190;49,98;
12:45:36;1182;49,98;
12:45:39;1186;49,98;
12:45:42;1182;49,98;
12:45:45;1186;49,98;
12:45:48;1184;49,98;
12:45:51;1188;49,98;
12:45:57;1190;50,00;
12:46:00;1185;50,00;
12:46:03;1189;50,00;
12:46:06;1180;50,00;
12:46:09;1189;50,00;
12:46:12;1184;50,00;
12:46:15;1189;50,00;
12:46:18;1183;49,99;
12:46:21;1189;49,99;
12:46:27;1193;49,99;
12:46:30;1189;49,99;
12:46:33;1194;50,00;
12:46:39;1196;50,00;
12:46:42;1186;50,00;
12:46:45;1195;50,00;
12:46:51;1197;50,00;
12:46:54;1191;50,00;
12:46:57;1195;50,00;
12:47:00;1197;50,00;
12:47:03;1199;50,00;
12:47:06;1195;50,00;
12:47:09;1204;50,01;
12:47:12;1208;50,01;
12:47:15;1203;50,01;
12:47:18;1194;50,00;
12:47:21;1205;50,00;
12:47:24;1207;50,00;
12:47:27;1204;49,99;
12:47:30;1199;49,99;
12:47:33;1205;49,99;
12:47:36;1207;49,99;
12:47:39;1208;49,99;
12:47:45;1210;49,99;
12:47:48;1209;49,99;
12:47:51;1210;49,99;
12:47:54;1209;49,99;
12:47:57;1210;49,99;
12:48:00;1212;49,99;
12:48:03;1208;49,99;
12:48:06;1213;50,00;
12:48:09;1214;49,99;
12:48:15;1217;49,99;
12:48:18;1216;49,99;
12:48:21;1220;49,99;
12:48:24;1218;49,99;
12:48:27;1214;49,99;
12:48:30;1218;49,98;
12:48:33;1214;49,98;
12:48:36;1220;49,98;
12:48:39;1215;49,98;
12:48:42;1216;49,98;
12:48:45;1214;49,98;
12:48:48;1221;49,98;
12:48:54;1224;50,00;
12:48:57;1217;50,00;
12:49:00;1223;50,00;
12:49:03;1224;50,01;
12:49:06;1228;50,01;
12:49:09;1224;50,01;
12:49:12;1226;50,00;
12:49:15;1225;50,00;
12:49:18;1231;50,01;
12:49:21;1225;50,01;
12:49:24;1229;50,00;
12:49:27;1224;50,00;
12:49:30;1232;50,00;
12:49:36;1230;50,00;
12:49:39;1227;50,00;
12:49:42;1232;50,00;
12:49:45;1226;50,00;
12:49:48;1234;50,00;
12:49:51;1228;50,00;
12:49:54;1233;50,00;
12:49:57;1232;50,00;
12:50:00;1231;50,00;
12:50:03;1230;50,00;
12:50:06;1233;49,99;
12:50:09;1229;49,99;
12:50:12;1236;49,98;
12:50:18;1231;49,98;
12:50:21;1225;49,98;
12:50:24;1236;49,98;
12:50:27;1238;49,98;
12:50:30;1236;49,99;
12:50:33;1229;49,99;
12:50:36;1233;50,00;
12:50:42;1235;50,00;
12:50:45;1236;50,00;
12:50:48;1238;50,00;
12:50:51;1235;50,00;
12:50:54;1233;50,00;
12:50:57;1234;50,00;
12:51:00;1229;50,00;
12:51:03;1235;49,99;
12:51:06;1233;49,99;
12:51:09;1234;49,99;
12:51:12;1233;49,99;
12:51:15;1235;50,00;
12:51:18;1234;50,00;
12:51:24;1229;50,00;
12:51:27;1232;50,00;
12:51:30;1231;50,00;
12:51:36;1227;50,00;
12:51:39;1230;50,00;
12:51:48;1228;50,00;
12:51:51;1229;50,00;
12:51:54;1227;50,00;
12:51:57;1228;50,00;
12:52:00;1225;50,00;
12:52:03;1227;50,00;
12:52:06;1222;50,00;
12:52:09;1223;49,99;
12:52:12;1222;49,99;
12:52:15;1223;49,99;
12:52:18;1217;49,99;
12:52:21;1221;49,99;
12:52:27;1219;49,99;
12:52:30;1220;49,99;
12:52:33;1217;49,99;
12:52:36;1217;50,00;
12:52:39;1214;49,99;
12:52:42;1207;49,99;
12:52:45;1215;49,99;
12:52:48;1207;49,98;
12:52:54;1206;49,98;
12:52:57;1209;49,99;
12:53:00;1198;50,00;
12:53:03;1205;50,00;
12:53:06;1204;50,00;
12:53:12;1197;50,01;
12:53:15;1200;50,01;
12:53:18;1201;50,01;
12:53:21;1198;50,01;
12:53:24;1184;50,01;
12:53:27;1192;50,01;
12:53:30;1196;50,01;
12:53:33;1189;50,01;
12:53:39;1185;50,01;
12:53:42;1188;50,01;
12:53:45;1182;50,01;
12:53:48;1180;50,01;
12:53:51;1178;50,01;
12:53:57;1175;50,01;
12:54:03;1172;50,01;
12:54:06;1173;50,01;
12:54:09;1169;50,01;
12:54:12;1168;50,01;
12:54:15;1165;50,01;
12:54:18;1163;50,01;
12:54:21;1159;50,01;
12:54:24;1157;50,01;
12:54:27;1156;50,00;
12:54:30;1154;50,00;
12:54:33;1152;50,00;
12:54:39;1147;50,00;
12:54:45;1142;50,00;
12:54:48;1140;50,00;
12:54:54;1135;50,01;
12:54:57;1131;50,01;
12:55:00;1131;50,00;
12:55:03;1121;50,00;
12:55:06;1127;50,00;
12:55:09;1124;49,99;
12:55:12;1122;49,99;
12:55:15;1113;49,99;
12:55:18;1114;49,99;
12:55:21;1107;49,99;
12:55:24;1109;49,99;
12:55:27;1107;49,99;
12:55:30;1105;49,99;
12:55:33;1104;49,99;
12:55:36;1100;49,99;
12:55:39;1089;49,99;
12:55:42;1094;49,99;
12:55:45;1095;50,00;
12:55:51;1080;50,00;
12:55:54;1083;50,00;
12:55:57;1077;49,99;
12:56:00;1075;49,99;
12:56:03;1071;50,00;
12:56:06;1075;50,00;
12:56:09;1069;50,00;
12:56:12;1064;50,00;
12:56:15;1054;50,00;
12:56:18;1056;49,99;
12:56:21;1054;49,99;
12:56:24;1053;49,99;
12:56:27;1043;49,99;
12:56:30;1047;49,99;
12:56:33;1046;50,00;
12:56:36;1040;50,00;
12:56:39;1032;50,00;
12:56:42;1036;50,01;
12:56:45;1030;50,01;
12:56:48;1029;50,01;
12:56:51;1018;50,01;
12:56:57;1017;50,01;
12:57:00;1018;50,01;
12:57:03;1008;50,01;
12:57:06;1014;50,01;
12:57:09;1009;50,01;
12:57:12;1004;50,01;
12:57:15;1005;50,01;
12:57:18;995;50,01;
12:57:21;996;50,00;
12:57:24;992;50,00;
12:57:27;985;50,00;
12:57:30;988;50,00;
12:57:33;982;50,00;
12:57:36;981;50,00;
12:57:42;975;50,00;
12:57:45;973;50,00;
12:57:48;965;49,99;
12:57:51;966;49,99;
12:57:54;963;50,00;
12:58:00;958;50,00;
12:58:03;957;50,00;
12:58:06;949;49,99;
12:58:09;950;49,99;
12:58:12;941;49,98;
12:58:15;942;49,98;
12:58:18;937;49,98;
12:58:21;933;49,97;
12:58:24;928;49,97;
12:58:27;927;49,97;
12:58:30;924;49,97;
12:58:33;927;49,97;
12:58:36;917;49,97;
12:58:39;922;49,97;
12:58:42;916;49,98;
12:58:48;913;49,97;
12:58:51;909;49,97;
12:58:54;902;49,97;
12:58:57;901;49,97;
12:59:00;895;49,98;
12:59:03;897;49,97;
12:59:06;894;49,97;
12:59:09;889;49,97;
12:59:12;884;49,97;
12:59:15;885;49,97;
12:59:18;875;49,97;
12:59:21;878;49,97;
12:59:24;871;49,97;
12:59:30;872;49,97;
12:59:33;868;49,98;
12:59:36;861;49,98;
12:59:39;860;49,98;
12:59:42;854;49,97;
12:59:45;854;49,98;
12:59:48;850;49,98;
12:59:54;843;49,98;
12:59:57;842;49,98;
13:00:00;838;49,97;
13:00:03;838;49,98;
13:00:06;830;49,97;
13:00:09;827;49,97;
13:00:12;829;49,97;
13:00:15;828;49,97;
13:00:18;806;49,95;
13:00:21;808;49,95;
13:00:24;813;49,94;
13:00:27;810;49,95;
13:00:30;803;49,95;
13:00:33;808;49,95;
13:00:36;806;49,95;
13:00:39;798;49,96;
13:00:42;792;49,96;
13:00:45;794;49,96;
13:00:48;796;49,96;
13:00:51;788;49,96;
13:00:54;786;49,96;
13:01:00;787;49,95;
13:01:03;778;49,95;
13:01:09;770;49,95;
13:01:15;768;49,96;
13:01:18;767;49,96;
13:01:21;766;49,96;
13:01:24;763;49,95;
13:01:27;759;49,95;
13:01:30;760;49,94;
13:01:33;750;49,94;
13:01:36;752;49,95;
13:01:39;751;49,95;
13:01:42;748;49,96;
13:01:45;743;49,96;
13:01:48;741;49,96;
13:01:51;737;49,96;
13:01:54;736;49,96;
13:01:57;729;49,96;
13:02:00;736;49,96;
13:02:06;731;49,96;
13:02:09;723;49,96;
13:02:12;722;49,96;
13:02:15;718;49,96;
13:02:18;720;49,96;
13:02:21;715;49,96;
13:02:24;719;49,96;
13:02:27;716;49,96;
13:02:30;712;49,96;
13:02:33;706;49,95;
13:02:36;711;49,95;
13:02:39;706;49,95;
13:02:42;707;49,95;
13:02:45;704;49,95;
13:02:51;701;49,96;
13:02:57;693;49,96;
13:03:00;696;49,96;
13:03:03;689;49,96;
13:03:09;691;49,96;
13:03:12;688;49,96;
13:03:15;683;49,96;
13:03:18;682;49,96;
13:03:21;677;49,96;
13:03:24;680;49,95;
13:03:27;673;49,96;
13:03:30;678;49,96;
13:03:33;673;49,97;
13:03:42;668;49,96;
13:03:45;673;49,96;
13:03:48;667;49,96;
13:03:51;663;49,96;
13:03:57;669;49,96;
13:04:00;667;49,96;
13:04:03;665;49,96;
13:04:06;664;49,96;
13:04:09;665;49,96;
13:04:12;663;49,96;
13:04:15;664;49,96;
13:04:18;663;49,96;
13:04:21;659;49,96;
13:04:24;661;49,96;
13:04:27;658;49,96;
13:04:30;654;49,96;
13:04:33;660;49,96;
13:04:36;659;49,96;
13:04:42;654;49,96;
13:04:45;656;49,96;
13:04:48;655;49,96;
13:04:51;654;49,96;
13:04:54;651;49,97;
13:04:57;653;49,97;
13:05:03;655;49,97;
13:05:06;650;49,97;
13:05:09;653;49,97;
13:05:12;650;49,97;
13:05:15;655;49,96;
13:05:18;648;49,96;
13:05:24;653;49,96;
13:05:27;651;49,96;
13:05:30;645;49,96;
13:05:33;653;49,96;
13:05:36;650;49,96;
13:05:39;653;49,97;
13:05:42;645;49,97;
13:05:45;654;49,97;
13:05:48;652;49,97;
13:05:51;652;49,98;
13:05:54;649;49,98;
13:05:57;654;49,98;
13:06:00;652;49,98;
13:06:09;654;49,98;
13:06:12;653;49,98;
13:06:15;654;49,98;
13:06:18;653;49,98;
13:06:21;654;49,98;
13:06:24;655;49,98;
13:06:27;654;49,98;
13:06:30;656;49,97;
13:06:39;658;49,97;
13:06:45;655;49,97;
13:06:48;658;49,97;
13:06:54;659;49,97;
13:06:57;658;49,97;
13:07:00;662;49,97;
13:07:03;656;49,97;
13:07:06;664;49,97;
13:07:09;661;49,97;
13:07:12;660;49,97;
13:07:15;665;49,97;
13:07:18;669;49,98;
13:07:21;667;49,98;
13:07:24;673;49,98;
13:07:27;669;49,98;
13:07:30;673;49,98;
13:07:33;666;49,98;
13:07:36;674;49,98;
13:07:39;675;49,97;
13:07:42;676;49,97;
13:07:48;679;49,98;
13:07:51;677;49,98;
13:07:54;684;49,99;
13:08:00;684;50,00;
13:08:03;681;50,00;
13:08:06;687;50,00;
13:08:09;685;50,00;
13:08:12;693;50,00;
13:08:15;690;50,00;
13:08:18;695;49,99;
13:08:21;692;49,99;
13:08:24;697;49,98;
13:08:27;691;49,98;
13:08:30;698;49,98;
13:08:33;693;49,98;
13:08:36;697;49,98;
13:08:39;689;49,99;
13:08:42;697;49,99;
13:08:45;703;49,99;
13:08:48;705;50,00;
13:08:51;700;49,99;
13:08:54;708;49,99;
13:08:57;710;49,99;
13:09:00;710;49,98;
13:09:06;712;49,98;
13:09:09;715;49,98;
13:09:12;719;49,98;
13:09:15;718;49,98;
13:09:18;719;49,98;
13:09:21;721;49,98;
13:09:24;722;49,98;
13:09:27;724;49,98;
13:09:30;729;49,99;
13:09:39;731;49,99;
13:09:42;733;49,99;
13:09:45;735;49,99;
13:09:48;736;49,99;
13:09:51;737;49,99;
13:09:54;725;49,99;
13:10:00;731;49,98;
13:10:03;740;49,98;
13:10:06;745;49,99;
13:10:12;752;49,99;
13:10:15;753;49,99;
13:10:18;751;49,98;
13:10:21;753;49,98;
13:10:27;759;49,97;
13:10:30;757;49,97;
13:10:33;758;49,97;
13:10:36;763;49,97;
13:10:39;769;49,97;
13:10:42;769;49,98;
13:10:45;772;49,97;
13:10:51;776;49,97;
13:10:54;772;49,97;
13:10:57;774;49,98;
13:11:00;775;49,98;
13:11:03;781;49,99;
13:11:06;783;50,00;
13:11:09;785;50,00;
13:11:12;787;50,00;
13:11:15;788;50,00;
13:11:18;792;50,00;
13:11:21;800;50,00;
13:11:24;801;50,00;
13:11:27;803;49,99;
13:11:30;803;49,98;
13:11:33;807;49,98;
13:11:36;810;49,98;
13:11:39;808;49,98;
13:11:42;813;49,98;
13:11:45;815;49,98;
13:11:48;817;49,98;
13:11:51;820;49,98;
13:11:54;823;49,97;
13:11:57;826;49,98;
13:12:03;831;49,98;
13:12:06;834;49,98;
13:12:09;836;49,98;
13:12:15;839;49,98;
13:12:18;842;49,98;
13:12:21;840;49,97;
13:12:24;844;49,98;
13:12:27;849;49,98;
13:12:30;851;49,98;
13:12:33;854;49,98;
13:12:36;856;49,98;
13:12:39;858;49,98;
13:12:42;861;49,99;
13:12:45;858;49,98;
13:12:48;866;49,98;
13:12:51;867;49,98;
13:12:54;870;49,98;
13:12:57;873;49,99;
13:13:00;874;49,99;
13:13:03;879;50,00;
13:13:09;891;50,01;
13:13:12;894;50,01;
13:13:15;891;50,00;
13:13:18;894;50,00;
13:13:21;895;49,99;
13:13:24;897;49,98;
13:13:27;898;49,98;
13:13:30;896;49,98;
13:13:33;902;49,98;
13:13:36;908;49,98;
13:13:39;913;49,98;
13:13:42;910;49,98;
13:13:45;916;49,99;
13:13:48;922;49,99;
13:13:51;923;49,99;
13:13:54;926;49,99;
13:13:57;922;50,00;
13:14:00;931;50,00;
13:14:03;937;49,99;
13:14:06;933;49,99;
13:14:09;937;49,98;
13:14:15;944;49,98;
13:14:18;949;49,98;
13:14:21;952;49,97;
13:14:24;954;49,97;
13:14:27;956;49,96;
13:14:30;961;49,97;
13:14:33;963;49,97;
13:14:36;961;49,98;
13:14:39;968;49,98;
13:14:42;972;49,99;
13:14:45;975;49,99;
13:14:48;981;49,99;
13:14:54;986;49,98;
13:14:57;988;49,99;
13:15:00;990;49,99;
13:15:03;992;49,98;
13:15:06;997;49,99;
13:15:09;999;49,98;
13:15:12;1004;49,97;
13:15:21;1016;49,97;
13:15:24;1019;49,98;
13:15:27;1014;49,98;
13:15:30;1025;49,98;
13:15:33;1030;49,98;
13:15:36;1029;49,98;
13:15:39;1035;49,98;
13:15:42;1031;49,98;
13:15:45;1042;49,99;
13:15:48;1051;50,00;
13:15:51;1050;50,00;
13:15:54;1047;50,00;
13:15:57;1056;50,00;
13:16:00;1064;49,99;
13:16:06;1058;50,00;
13:16:09;1073;50,00;
13:16:12;1077;50,00;
13:16:15;1083;50,00;
13:16:21;1096;50,00;
13:16:24;1095;50,00;
13:16:27;1099;50,00;
13:16:30;1097;50,00;
13:16:33;1103;49,99;
13:16:36;1106;49,99;
13:16:39;1111;49,98;
13:16:42;1112;49,98;
13:16:45;1119;49,98;
13:16:48;1123;49,99;
13:16:51;1129;49,99;
13:16:54;1140;50,00;
13:16:57;1143;50,00;
13:17:00;1140;50,00;
13:17:03;1147;50,00;
13:17:06;1154;50,00;
13:17:12;1157;50,00;
13:17:15;1162;50,00;
13:17:18;1164;50,00;
13:17:21;1171;49,99;
13:17:24;1172;49,98;
13:17:27;1180;49,98;
13:17:30;1182;49,98;
13:17:33;1181;49,98;
13:17:36;1191;49,98;
13:17:39;1200;49,98;
13:17:42;1203;50,00;
13:17:45;1209;50,00;
13:17:48;1218;50,00;
13:17:51;1227;50,00;
13:17:54;1216;50,00;
13:17:57;1226;50,00;
13:18:03;1235;50,00;
13:18:06;1240;50,00;
13:18:09;1245;50,00;
13:18:12;1246;50,00;
13:18:18;1261;49,99;
13:18:21;1265;49,99;
13:18:24;1266;50,00;
13:18:27;1274;50,00;
13:18:30;1278;50,00;
13:18:33;1285;49,99;
13:18:36;1288;49,99;
13:18:39;1286;49,99;
13:18:42;1301;49,99;
13:18:45;1301;49,98;
13:18:48;1307;49,98;
13:18:51;1322;49,98;
13:18:54;1325;49,99;
13:18:57;1323;49,99;
13:19:00;1333;49,99;
13:19:03;1339;49,99;
13:19:06;1349;49,99;
13:19:09;1341;49,99;
13:19:12;1358;49,98;
13:19:15;1359;49,98;
13:19:18;1370;49,98;
13:19:24;1379;49,98;
13:19:30;1392;49,98;
13:19:33;1387;49,98;
13:19:36;1405;49,98;
13:19:39;1406;49,98;
13:19:42;1412;49,98;
13:19:45;1416;49,98;
13:19:48;1428;49,98;
13:19:54;1439;49,99;
13:19:57;1436;50,00;
13:20:00;1454;50,00;
13:20:03;1455;50,00;
13:20:06;1462;50,00;
13:20:09;1460;50,00;
13:20:12;1473;50,00;
13:20:15;1478;50,00;
13:20:18;1482;49,99;
13:20:21;1484;49,99;
13:20:24;1495;49,99;
13:20:27;1500;49,99;
13:20:30;1501;49,98;
13:20:33;1504;49,98;
13:20:36;1519;49,98;
13:20:39;1526;49,98;
13:20:42;1530;49,98;
13:20:45;1532;49,98;
13:20:48;1537;49,98;
13:20:51;1548;49,98;
13:20:54;1556;49,99;
13:20:57;1556;50,00;
13:21:00;1573;50,00;
13:21:03;1587;50,01;
13:21:06;1580;50,01;
13:21:09;1597;50,01;
13:21:15;1598;50,00;
13:21:18;1600;50,00;
13:21:21;1609;50,00;
13:21:24;1617;50,00;
13:21:27;1619;50,00;
13:21:30;1625;50,00;
13:21:33;1629;50,00;
13:21:36;1624;50,00;
13:21:39;1642;50,00;
13:21:42;1648;50,01;
13:21:45;1641;50,01;
13:21:48;1662;50,01;
13:21:51;1668;50,00;
13:21:54;1664;50,00;
13:21:57;1671;50,00;
13:22:00;1678;50,00;
13:22:03;1687;50,00;
13:22:06;1683;50,00;
13:22:09;1690;50,00;
13:22:12;1693;50,00;
13:22:15;1704;50,00;
13:22:21;1715;50,00;
13:22:24;1707;50,00;
13:22:27;1722;50,00;
13:22:30;1721;50,00;
13:22:33;1731;50,00;
13:22:36;1725;50,00;
13:22:39;1739;50,00;
13:22:42;1740;50,00;
13:22:45;1749;49,99;
13:22:48;1744;49,99;
13:22:51;1758;49,99;
13:22:54;1757;50,00;
13:22:57;1765;50,00;
13:23:00;1758;50,00;
13:23:03;1771;50,00;
13:23:06;1772;50,00;
13:23:09;1781;50,00;
13:23:12;1774;50,00;
13:23:15;1790;50,00;
13:23:18;1788;50,00;
13:23:21;1797;50,00;
13:23:27;1803;50,00;
13:23:33;1810;50,00;
13:23:36;1801;50,00;
13:23:39;1819;50,00;
13:23:42;1816;50,00;
13:23:45;1820;50,00;
13:23:48;1823;50,00;
13:23:51;1830;50,00;
13:23:54;1835;49,99;
13:23:57;1837;49,99;
13:24:00;1830;49,99;
13:24:03;1842;50,00;
13:24:06;1849;50,00;
13:24:09;1840;50,00;
13:24:12;1846;50,00;
13:24:15;1857;50,00;
13:24:21;1860;50,00;
13:24:24;1862;50,00;
13:24:27;1864;49,99;
13:24:33;1870;49,99;
13:24:36;1873;49,99;
13:24:39;1877;49,99;
13:24:42;1879;49,99;
13:24:45;1878;49,99;
13:24:48;1882;50,00;
13:24:51;1874;50,00;
13:24:54;1885;50,00;
13:24:57;1889;50,00;
13:25:00;1895;50,00;
13:25:03;1883;50,00;
13:25:06;1899;50,00;
13:25:09;1895;50,00;
13:25:12;1902;50,00;
13:25:18;1906;49,99;
13:25:24;1908;50,00;
13:25:27;1901;50,00;
13:25:30;1914;50,00;
13:25:33;1912;50,00;
13:25:36;1915;50,00;
13:25:39;1917;49,99;
13:25:42;1920;49,99;
13:25:48;1924;49,98;
13:25:51;1915;49,98;
13:25:54;1926;49,99;
13:25:57;1924;49,99;
13:26:00;1928;49,99;
13:26:03;1918;49,99;
13:26:06;1932;49,99;
13:26:09;1928;49,99;
13:26:12;1932;49,99;
13:26:15;1925;49,99;
13:26:18;1936;49,99;
13:26:24;1938;49,99;
13:26:27;1929;49,99;
13:26:30;1940;49,99;
13:26:33;1936;50,00;
13:26:36;1944;50,00;
13:26:39;1931;49,99;
13:26:42;1943;49,99;
13:26:45;1944;49,99;
13:26:48;1944;49,98;
13:26:51;1930;49,98;
13:26:54;1946;49,98;
13:26:57;1947;49,98;
13:27:03;1939;49,98;
13:27:06;1949;49,98;
13:27:09;1953;49,98;
13:27:12;1949;49,98;
13:27:15;1945;49,98;
13:27:18;1952;49,99;
13:27:21;1953;49,99;
13:27:24;1954;49,99;
13:27:30;1954;49,98;
13:27:33;1957;49,97;
13:27:39;1959;49,97;
13:27:42;1960;49,98;
13:27:45;1961;49,98;
13:27:48;1955;49,98;
13:27:51;1961;49,99;
13:27:54;1965;50,00;
13:27:57;1966;50,00;
13:28:00;1968;50,00;
13:28:03;1969;50,00;
13:28:06;1967;50,00;
13:28:09;1968;50,00;
13:28:12;1962;50,00;
13:28:15;1964;49,99;
13:28:18;1966;49,98;
13:28:21;1965;49,98;
13:28:24;1968;49,98;
13:28:27;1969;49,98;
13:28:30;1971;49,99;
13:28:36;1972;50,00;
13:28:39;1972;49,99;
13:28:42;1971;49,99;
13:28:45;1972;49,99;
13:28:48;1973;49,99;
13:28:51;1974;49,99;
13:28:54;1960;49,98;
13:28:57;1977;49,98;
13:29:00;1973;49,98;
13:29:03;1977;49,98;
13:29:06;1979;49,98;
13:29:09;1980;49,98;
13:29:12;1975;49,98;
13:29:15;1981;49,99;
13:29:21;1982;49,99;
13:29:24;1981;49,99;
13:29:27;1982;49,99;
13:29:30;1985;49,99;
13:29:33;1986;49,99;
13:29:39;1982;49,98;
13:29:42;1988;49,98;
13:29:45;1989;49,98;
13:29:48;1990;49,98;
13:29:51;1990;49,99;
13:29:54;1991;49,99;
13:29:57;1993;50,00;
13:30:00;1994;50,00;
13:30:03;1992;50,00;
13:30:06;1997;50,00;
13:30:15;2006;50,00;
13:30:18;2001;49,99;
13:30:21;2002;49,99;
13:30:27;2001;49,98;
13:30:30;2002;49,98;
13:30:33;2007;49,97;
13:30:36;2008;49,97;
13:30:39;2010;49,98;
13:30:42;2010;49,97;
13:30:45;2002;49,97;
13:30:48;2011;49,97;
13:30:51;2015;49,96;
13:30:54;2017;49,96;
13:30:57;2018;49,97;
13:31:03;2019;49,97;
13:31:06;2022;49,98;
13:31:09;2014;49,98;
13:31:12;2026;49,98;
13:31:15;2028;49,97;
13:31:18;2027;49,97;
13:31:21;2029;49,96;
13:31:24;2031;49,97;
13:31:27;2031;49,96;
13:31:33;2034;49,96;
13:31:36;2034;49,97;
13:31:39;2037;49,97;
13:31:42;2039;49,97;
13:31:45;2040;49,97;
13:31:48;2041;49,97;
13:31:51;2038;49,98;
13:31:54;2042;49,97;
13:31:57;2048;49,96;
13:32:00;2046;49,96;
13:32:03;2043;49,96;
13:32:06;2049;49,97;
13:32:09;2051;49,97;
13:32:12;2053;49,97;
13:32:15;2056;49,97;
13:32:18;2055;49,96;
13:32:24;2060;49,96;
13:32:27;2056;49,96;
13:32:30;2062;49,96;
13:32:33;2056;49,98;
13:32:39;2062;49,98;
13:32:42;2068;49,97;
13:32:45;2064;49,97;
13:32:48;2071;49,97;
13:32:51;2068;49,97;
13:32:54;2076;49,97;
13:33:00;2069;49,97;
13:33:03;2076;49,96;
13:33:06;2081;49,97;
13:33:09;2078;49,96;
13:33:12;2086;49,96;
13:33:15;2083;49,96;
13:33:18;2090;49,96;
13:33:21;2091;49,96;
13:33:24;2094;49,96;
13:33:27;2090;49,96;
13:33:30;2098;49,96;
13:33:33;2093;49,96;
13:33:36;2101;49,96;
13:33:39;2097;49,96;
13:33:45;2103;49,96;
13:33:48;2111;49,96;
13:33:51;2112;49,96;
13:33:54;2115;49,96;
13:33:57;2116;49,96;
13:34:00;2123;49,97;
13:34:03;2120;49,97;
13:34:06;2122;49,97;
13:34:09;2126;49,97;
13:34:12;2129;49,97;
13:34:15;2131;49,97;
13:34:18;2125;49,97;
13:34:21;2136;49,97;
13:34:24;2139;49,97;
13:34:30;2136;49,97;
13:34:33;2147;49,97;
13:34:36;2146;49,97;
13:34:39;2153;49,97;
13:34:42;2148;49,97;
13:34:45;2158;49,97;
13:34:48;2162;49,97;
13:34:51;2158;49,97;
13:34:54;2162;49,96;
13:34:57;2171;49,96;
13:35:03;2176;49,96;
13:35:06;2173;49,96;
13:35:09;2185;49,96;
13:35:12;2187;49,96;
13:35:15;2189;49,96;
13:35:18;2186;49,96;
13:35:21;2197;49,96;
13:35:24;2204;49,96;
13:35:27;2205;49,96;
13:35:30;2201;49,96;
13:35:36;2215;49,96;
13:35:39;2220;49,96;
13:35:42;2215;49,96;
13:35:45;2227;49,96;
13:35:48;2229;49,97;
13:35:51;2238;49,97;
13:35:54;2239;49,97;
13:35:57;2231;49,97;
13:36:00;2246;49,98;
13:36:03;2252;49,98;
13:36:06;2247;49,98;
13:36:09;2260;49,98;
13:36:12;2262;49,98;
13:36:15;2271;49,97;
13:36:18;2273;49,97;
13:36:21;2279;49,97;
13:36:24;2281;49,96;
13:36:27;2287;49,96;
13:36:30;2282;49,96;
13:36:33;2295;49,96;
13:36:36;2297;49,96;
13:36:42;2298;49,96;
13:36:45;2313;49,96;
13:36:48;2316;49,96;
13:36:51;2322;49,96;
13:36:54;2319;49,97;
13:36:57;2332;49,96;
13:37:00;2335;49,97;
13:37:03;2329;49,97;
13:37:06;2345;49,97;
13:37:09;2341;49,98;
13:37:12;2350;49,97;
13:37:15;2362;49,98;
13:37:18;2364;49,97;
13:37:21;2357;49,97;
13:37:24;2371;49,97;
13:37:27;2376;49,97;
13:37:30;2383;49,96;
13:37:33;2375;49,96;
13:37:36;2393;49,96;
13:37:39;2389;49,96;
13:37:42;2400;49,97;
13:37:48;2409;49,97;
13:37:51;2405;49,97;
13:37:54;2417;49,98;
13:37:57;2408;49,98;
13:38:00;2424;49,98;
13:38:03;2420;49,99;
13:38:06;2430;49,99;
13:38:09;2433;50,00;
13:38:12;2442;49,99;
13:38:15;2436;49,98;
13:38:18;2447;49,98;
13:38:21;2440;49,98;
13:38:24;2456;49,98;
13:38:27;2452;49,98;
13:38:33;2455;49,99;
13:38:36;2470;49,99;
13:38:39;2468;49,99;
13:38:42;2478;49,99;
13:38:45;2472;49,99;
13:38:48;2485;49,99;
13:38:51;2487;50,00;
13:38:54;2483;50,00;
13:38:57;2489;50,00;
13:39:00;2501;50,00;
13:39:03;2497;50,00;
13:39:06;2516;50,01;
13:39:09;2515;50,00;
13:39:12;2512;50,00;
13:39:15;2520;50,00;
13:39:18;2527;50,00;
13:39:21;2532;50,00;
13:39:24;2522;50,00;
13:39:27;2535;49,99;
13:39:30;2538;49,99;
13:39:33;2547;49,98;
13:39:39;2557;49,98;
13:39:42;2551;49,98;
13:39:45;2565;49,98;
13:39:48;2559;49,98;
13:39:51;2574;49,98;
13:39:54;2569;49,98;
13:39:57;2579;49,99;
13:40:00;2584;49,99;
13:40:03;2593;50,00;
13:40:06;2586;50,00;
13:40:09;2603;49,99;
13:40:12;2602;49,99;
13:40:15;2607;49,99;
13:40:18;2618;49,98;
13:40:21;2622;49,98;
13:40:24;2614;49,98;
13:40:27;2631;49,97;
13:40:30;2636;49,97;
13:40:33;2645;49,97;
13:40:36;2640;49,98;
13:40:39;2655;49,98;
13:40:45;2665;49,98;
13:40:48;2659;49,99;
13:40:51;2677;49,99;
13:40:54;2672;50,00;
13:40:57;2688;49,99;
13:41:00;2682;49,99;
13:41:03;2694;49,99;
13:41:06;2698;49,99;
13:41:09;2709;49,99;
13:41:12;2703;49,99;
13:41:15;2718;49,99;
13:41:18;2712;50,00;
13:41:21;2727;50,00;
13:41:24;2722;50,00;
13:41:27;2732;50,00;
13:41:30;2729;49,99;
13:41:33;2744;49,98;
13:41:36;2740;49,98;
13:41:39;2754;49,98;
13:41:42;2749;49,98;
13:41:45;2762;49,99;
13:41:51;2773;50,00;
13:41:54;2766;50,00;
13:41:57;2784;50,00;
13:42:00;2780;50,00;
13:42:03;2793;50,00;
13:42:06;2783;50,00;
13:42:09;2806;50,00;
13:42:12;2804;50,00;
13:42:15;2817;50,00;
13:42:18;2811;50,00;
13:42:21;2827;50,00;
13:42:24;2833;50,00;
13:42:27;2836;50,00;
13:42:30;2833;50,00;
13:42:33;2835;49,99;
13:42:36;2845;49,98;
13:42:39;2848;49,98;
13:42:42;2849;49,98;
13:42:45;2856;49,98;
13:42:48;2860;49,98;
13:42:51;2865;49,98;
13:42:57;2867;49,98;
13:43:00;2876;49,99;
13:43:03;2880;49,99;
13:43:06;2883;49,99;
13:43:09;2873;49,99;
13:43:12;2892;50,00;
13:43:15;2887;50,00;
13:43:18;2898;50,01;
13:43:21;2895;50,01;
13:43:24;2916;50,01;
13:43:27;2909;50,01;
13:43:30;2913;50,01;
13:43:33;2904;50,00;
13:43:36;2920;50,00;
13:43:42;2930;50,00;
13:43:45;2920;50,00;
13:43:48;2939;50,00;
13:43:51;2933;50,00;
13:43:54;2944;50,01;
13:43:57;2933;50,01;
13:44:00;2949;50,01;
13:44:03;2952;50,00;
13:44:06;2960;50,01;
13:44:09;2947;50,01;
13:44:12;2968;50,01;
13:44:15;2971;50,01;
13:44:18;2977;50,01;
13:44:21;2968;50,00;
13:44:24;2977;50,00;
13:44:27;2992;50,00;
13:44:30;2995;49,99;
13:44:33;2992;49,99;
13:44:36;3005;49,99;
13:44:39;3003;50,00;
13:44:42;3014;50,00;
13:44:48;3024;50,00;
13:44:51;3020;50,00;
13:44:54;3034;49,99;
13:44:57;3024;49,99;
13:45:00;3043;49,99;
13:45:03;3040;49,99;
13:45:06;3048;49,99;
13:45:09;3053;49,99;
13:45:12;3062;49,99;
13:45:15;3067;49,99;
13:45:18;3073;49,99;
13:45:21;3066;49,98;
13:45:24;3083;49,99;
13:45:27;3090;49,99;
13:45:30;3081;49,98;
13:45:33;3091;49,98;
13:45:36;3104;49,98;
13:45:39;3106;49,98;
13:45:42;3114;49,98;
13:45:45;3117;49,98;
13:45:48;3129;49,98;
13:45:54;3145;49,98;
13:45:57;3151;49,98;
13:46:00;3159;49,97;
13:46:03;3169;49,96;
13:46:06;3179;49,97;
13:46:09;3182;49,97;
13:46:12;3169;49,98;
13:46:15;3188;49,98;
13:46:18;3191;50,00;
13:46:21;3188;50,00;
13:46:24;3193;50,00;
13:46:27;3195;50,00;
13:46:30;3197;50,00;
13:46:33;3203;50,00;
13:46:36;3186;50,00;
13:46:39;3215;50,00;
13:46:42;3227;49,99;
13:46:45;3230;49,99;
13:46:48;3236;49,98;
13:46:51;3232;49,99;
13:46:54;3233;49,99;
13:47:00;3245;49,99;
13:47:03;3247;49,99;
13:47:06;3245;49,99;
13:47:09;3245;50,00;
13:47:12;3249;50,00;
13:47:15;3247;50,00;
13:47:18;3248;50,00;
13:47:21;3240;50,00;
13:47:24;3230;49,99;
13:47:27;3246;49,99;
13:47:30;3250;49,99;
13:47:33;3246;50,00;
13:47:36;3239;50,00;
13:47:39;3241;50,00;
13:47:45;3232;50,00;
13:47:48;3231;50,00;
13:47:51;3228;50,00;
13:48:03;3207;50,00;
13:48:06;3228;50,00;
13:48:09;3231;50,00;
13:48:18;3233;50,00;
13:48:21;3235;50,00;
13:48:24;3234;50,00;
13:48:27;3212;50,00;
13:48:30;3236;49,99;
13:48:33;3238;49,99;
13:48:36;3242;49,99;
13:48:39;3244;49,99;
13:48:42;3245;49,99;
13:48:45;3248;50,00;
13:48:51;3251;50,00;
13:48:54;3254;50,00;
13:48:57;3252;50,00;
13:49:03;3256;50,00;
13:49:06;3257;49,99;
13:49:09;3253;49,99;
13:49:12;3259;49,99;
13:49:15;3262;49,99;
13:49:21;3263;49,99;
13:49:24;3265;49,99;
13:49:27;3263;49,99;
13:49:30;3264;49,99;
13:49:33;3259;50,00;
13:49:36;3262;50,00;
13:49:39;3261;50,00;
13:49:42;3260;50,00;
13:49:45;3257;50,00;
13:49:48;3258;49,99;
13:49:51;3257;50,00;
13:49:57;3255;50,00;
13:50:00;3253;50,00;
13:50:12;3250;49,99;
13:50:15;3243;49,99;
13:50:18;3246;49,98;
13:50:21;3247;49,97;
13:50:24;3244;49,97;
13:50:27;3233;49,97;
13:50:30;3242;49,97;
13:50:33;3249;49,97;
13:50:36;3248;49,97;
13:50:39;3249;49,96;
13:50:42;3247;49,97;
13:50:45;3242;49,98;
13:50:48;3246;49,98;
13:50:51;3231;49,98;
13:50:54;3246;49,98;
13:50:57;3239;49,98;
13:51:03;3228;49,99;
13:51:06;3244;49,99;
13:51:09;3239;49,99;
13:51:12;3246;49,98;
13:51:15;3230;49,98;
13:51:18;3242;49,98;
13:51:21;3241;49,97;
13:51:24;3235;49,97;
13:51:27;3224;49,99;
13:51:30;3238;49,99;
13:51:33;3233;50,00;
13:51:36;3238;50,00;
13:51:39;3223;50,00;
13:51:42;3235;50,00;
13:51:45;3236;50,00;
13:51:48;3234;49,99;
13:51:51;3218;49,99;
13:51:54;3232;49,99;
13:52:00;3230;49,98;
13:52:06;3213;49,98;
13:52:09;3230;49,98;
13:52:12;3227;49,98;
13:52:18;3219;49,98;
13:52:21;3226;49,98;
13:52:24;3228;49,98;
13:52:27;3226;49,98;
13:52:30;3222;49,98;
13:52:33;3224;49,98;
13:52:36;3224;49,99;
13:52:39;3223;49,98;
13:52:42;3206;49,98;
13:52:45;3221;49,98;
13:52:48;3214;49,98;
13:52:54;3206;49,97;
13:52:57;3219;49,97;
13:53:00;3213;49,98;
13:53:03;3218;49,98;
13:53:06;3205;50,00;
13:53:09;3219;50,00;
13:53:12;3220;50,00;
13:53:15;3215;50,01;
13:53:18;3212;50,01;
13:53:21;3225;50,01;
13:53:24;3219;50,01;
13:53:27;3224;50,00;
13:53:30;3211;50,00;
13:53:33;3225;50,00;
13:53:36;3225;49,99;
13:53:39;3227;49,99;
13:53:42;3214;49,99;
13:53:45;3230;50,00;
13:53:48;3225;50,00;
13:53:51;3234;50,00;
13:53:54;3221;50,01;
13:54:00;3231;50,00;
13:54:03;3239;50,00;
13:54:06;3227;50,00;
13:54:09;3241;49,99;
13:54:12;3239;49,99;
13:54:15;3247;49,99;
13:54:21;3234;49,99;
13:54:24;3246;49,98;
13:54:27;3253;49,98;
13:54:30;3241;49,98;
13:54:33;3256;49,98;
13:54:36;3252;49,97;
13:54:39;3258;49,97;
13:54:42;3259;49,97;
13:54:45;3262;49,97;
13:54:48;3262;49,98;
13:54:51;3269;49,98;
13:54:54;3254;49,98;
13:54:57;3275;49,98;
13:55:00;3274;49,98;
13:55:06;3267;49,98;
13:55:09;3286;49,98;
13:55:12;3285;49,97;
13:55:15;3293;49,97;
13:55:18;3288;49,97;
13:55:21;3298;49,97;
13:55:24;3306;49,97;
13:55:27;3302;49,97;
13:55:30;3315;49,97;
13:55:33;3310;49,97;
13:55:36;3324;49,96;
13:55:39;3338;49,96;
13:55:42;3339;49,96;
13:55:45;3337;49,96;
13:55:48;3358;49,96;
13:55:51;3366;49,96;
13:55:54;3385;49,96;
13:55:57;3375;49,96;
13:56:00;3427;49,96;
13:56:03;3439;49,97;
13:56:06;3436;49,97;
13:56:12;3424;49,98;
13:56:15;3423;49,98;
13:56:18;3430;49,98;
13:56:21;3412;49,98;
13:56:24;3432;49,97;
13:56:27;3427;49,97;
13:56:30;3433;49,97;
13:56:39;3432;49,97;
13:56:42;3439;49,97;
13:56:45;3422;49,97;
13:56:48;3443;49,96;
13:56:51;3439;49,96;
13:56:57;3435;49,96;
13:57:00;3455;49,97;
13:57:03;3451;49,96;
13:57:06;3460;49,97;
13:57:09;3446;49,97;
13:57:12;3467;49,97;
13:57:15;3469;49,97;
13:57:18;3465;49,96;
13:57:21;3458;49,96;
13:57:24;3481;49,97;
13:57:27;3485;49,96;
13:57:30;3481;49,96;
13:57:36;3493;49,96;
13:57:39;3500;49,96;
13:57:42;3497;49,96;
13:57:45;3507;49,96;
13:57:48;3504;49,96;
13:57:51;3519;49,96;
13:57:54;3516;49,96;
13:57:57;3528;49,96;
13:58:03;3535;49,96;
13:58:06;3532;49,97;
13:58:09;3542;49,97;
13:58:12;3528;49,98;
13:58:15;3551;49,98;
13:58:18;3547;49,98;
13:58:21;3556;49,97;
13:58:24;3560;49,98;
13:58:27;3569;49,98;
13:58:30;3566;49,97;
13:58:33;3565;49,98;
13:58:36;3576;49,98;
13:58:39;3589;49,98;
13:58:42;3580;49,98;
13:58:45;3590;49,98;
13:58:48;3586;49,98;
13:58:51;3601;49,98;
13:58:54;3597;49,98;
13:58:57;3607;49,98;
13:59:00;3595;49,98;
13:59:03;3617;49,98;
13:59:09;3625;49,98;
13:59:12;3610;49,98;
13:59:15;3635;49,98;
13:59:18;3631;49,99;
13:59:21;3642;49,99;
13:59:24;3627;49,99;
13:59:27;3648;49,98;
13:59:30;3652;49,98;
13:59:33;3660;49,98;
13:59:36;3644;49,98;
13:59:39;3669;49,98;
13:59:42;3668;49,98;
13:59:45;3680;49,99;
13:59:48;3664;49,99;
13:59:51;3687;50,00;
13:59:57;3701;50,00;
14:00:00;3684;50,00;
14:00:03;3711;49,99;
14:00:06;3712;49,99;
14:00:09;3724;49,98;
14:00:15;3735;49,98;
14:00:18;3738;49,98;
14:00:21;3748;49,98;
14:00:24;3729;49,98;
14:00:27;3761;49,98;
14:00:30;3768;49,97;
14:00:33;3764;49,97;
14:00:36;3774;49,98;
14:00:39;3789;49,97;
14:00:42;3797;49,97;
14:00:45;3802;49,97;
14:00:48;3801;49,97;
14:00:51;3818;49,97;
14:00:54;3823;49,98;
14:00:57;3827;49,97;
14:01:00;3842;49,98;
14:01:03;3855;49,98;
14:01:06;3862;49,98;
14:01:09;3867;49,98;
14:01:12;3885;49,97;
14:01:15;3870;49,97;
14:01:18;3907;49,97;
14:01:21;3916;49,97;
14:01:24;3953;49,97;
14:01:27;3939;49,98;
14:01:30;3996;49,98;
14:01:33;4011;49,98;
14:01:36;4050;49,97;
14:01:39;4046;49,97;
14:01:42;4096;49,97;
14:01:45;4146;49,98;
14:01:48;4224;49,98;
14:01:51;4244;49,98;
14:01:54;4552;49,98;
14:01:57;4754;49,98;
14:02:00;5106;49,98;
14:02:06;5398;49,97;
14:02:09;5460;49,96;
14:02:12;5708;49,96;
14:02:15;5802;49,96;
14:02:18;6184;49,96;
14:02:21;6352;49,96;
14:02:24;6472;49,96;
14:02:27;6442;49,95;
14:02:30;6554;49,94;
14:02:33;6280;49,94;
14:02:36;5926;49,94;
14:02:39;5752;49,95;
14:02:42;5216;49,96;
14:02:45;5080;49,96;
14:02:48;5028;49,96;
14:02:51;5026;49,96;
14:02:54;5160;49,96;
14:02:57;5326;49,96;
14:03:00;5902;49,96;
14:03:03;6008;49,96;
14:03:06;6112;49,96;
14:03:12;5856;49,96;
14:03:15;5768;49,97;
14:03:18;5736;49,97;
14:03:21;5520;49,97;
14:03:24;5310;49,97;
14:03:27;5194;49,97;
14:03:30;5156;49,97;
14:03:33;5196;49,97;
14:03:36;5270;49,97;
14:03:39;5138;49,97;
14:03:42;5046;49,97;
14:03:45;4994;49,97;
14:03:48;4944;49,97;
14:03:51;4976;49,98;
14:03:54;4964;49,98;
14:03:57;4816;49,98;
14:04:00;4654;49,98;
14:04:03;4596;49,98;
14:04:06;4530;49,98;
14:04:09;4502;49,98;
14:04:12;4456;49,98;
14:04:18;4414;49,97;
14:04:21;4404;49,96;
14:04:24;4388;49,96;
14:04:27;4384;49,96;
14:04:30;4376;49,96;
14:04:33;4370;49,96;
14:04:36;4354;49,96;
14:04:39;4378;49,96;
14:04:42;4432;49,96;
14:04:45;4454;49,96;
14:04:48;4478;49,96;
14:04:51;4482;49,96;
14:04:54;4524;49,96;
14:04:57;4572;49,97;
14:05:00;4612;49,97;
14:05:03;4770;49,97;
14:05:06;4742;49,96;
14:05:09;4648;49,96;
14:05:12;4590;49,96;
14:05:15;4604;49,96;
14:05:18;4644;49,96;
14:05:24;4584;49,96;
14:05:27;4590;49,96;
14:05:30;4560;49,96;
14:05:33;4516;49,97;
14:05:36;4442;49,97;
14:05:39;4400;49,97;
14:05:42;4382;49,97;
14:05:45;4368;49,97;
14:05:48;4324;49,97;
14:05:51;4328;49,97;
14:05:54;4326;49,96;
14:05:57;4294;49,96;
14:06:00;4280;49,96;
14:06:03;4268;49,96;
14:06:09;4258;49,97;
14:06:12;4254;49,97;
14:06:15;4250;49,96;
14:06:18;4246;49,96;
14:06:21;4244;49,96;
14:06:27;4234;49,96;
14:06:30;4244;49,96;
14:06:33;4246;49,96;
14:06:39;4250;49,96;
14:06:42;4254;49,96;
14:06:45;4260;49,97;
14:06:48;4264;49,97;
14:06:51;4262;49,96;
14:06:54;4284;49,96;
14:06:57;4302;49,96;
14:07:00;4312;49,97;
14:07:03;4338;49,97;
14:07:06;4354;49,97;
14:07:09;4396;49,97;
14:07:15;4490;49,97;
14:07:18;4514;49,97;
14:07:21;4520;49,97;
14:07:24;4522;49,98;
14:07:27;4584;49,98;
14:07:30;4622;49,98;
14:07:33;4616;49,98;
14:07:36;4652;49,98;
14:07:39;4826;49,97;
14:07:42;4928;49,97;
14:07:45;5090;49,97;
14:07:48;5162;49,98;
14:07:51;5330;49,98;
14:07:57;5198;49,98;
14:08:00;4918;49,98;
14:08:03;4678;49,98;
14:08:06;4666;49,98;
14:08:09;4574;49,98;
14:08:12;4580;49,98;
14:08:15;4558;49,98;
14:08:21;4516;49,98;
14:08:24;4532;49,98;
14:08:27;4526;49,98;
14:08:33;4530;49,98;
14:08:39;4532;49,98;
14:08:42;4530;49,98;
14:08:45;4544;49,98;
14:08:48;4558;49,98;
14:08:51;4566;49,97;
14:08:54;4582;49,98;
14:08:57;4584;49,97;
14:09:00;4610;49,98;
14:09:03;4620;49,98;
14:09:06;4642;49,99;
14:09:09;4660;50,00;
14:09:12;4740;50,00;
14:09:15;4830;50,01;
14:09:18;4822;50,01;
14:09:21;4714;50,00;
14:09:27;4752;49,99;
14:09:30;4756;49,99;
14:09:33;4774;49,98;
14:09:36;4822;49,98;
14:09:39;4942;49,98;
14:09:42;5018;49,98;
14:09:45;5020;49,98;
14:09:48;4922;49,98;
14:09:51;4942;49,98;
14:09:54;4980;49,98;
14:09:57;5030;49,98;
14:10:00;5146;49,98;
14:10:03;5102;49,98;
14:10:06;5090;49,98;
14:10:12;5050;49,97;
14:10:18;5058;49,97;
14:10:21;5086;49,97;
14:10:24;5146;49,97;
14:10:27;5184;49,98;
14:10:30;5252;49,97;
14:10:33;5346;49,97;
14:10:36;5890;49,97;
14:10:39;6140;49,97;
14:10:42;6640;49,97;
14:10:45;6844;49,97;
14:10:48;7114;49,97;
14:10:51;7060;49,98;
14:10:54;6796;49,98;
14:10:57;6530;49,98;
14:11:00;6464;49,98;
14:11:03;6496;49,98;
14:11:06;6510;49,99;
14:11:09;6476;49,99;
14:11:12;6410;49,99;
14:11:18;6622;50,00;
14:11:21;6766;50,00;
14:11:24;7120;49,99;
14:11:27;7404;49,98;
14:11:30;7638;49,98;
14:11:33;7618;49,98;
14:11:36;7578;49,98;
14:11:39;7526;49,98;
14:11:42;7548;49,98;
14:11:45;7518;49,98;
14:11:48;7234;49,98;
14:11:51;7316;49,98;
14:11:54;7524;49,98;
14:11:57;7400;49,98;
14:12:00;7158;49,99;
14:12:03;6944;49,98;
14:12:06;6880;49,98;
14:12:09;6796;49,98;
14:12:12;6466;49,98;
14:12:15;6324;49,98;
14:12:18;6166;49,98;
14:12:24;6068;49,98;
14:12:27;6018;49,98;
14:12:30;6020;49,99;
14:12:33;6200;49,99;
14:12:36;6236;49,99;
14:12:39;6046;49,99;
14:12:42;5938;49,99;
14:12:45;5784;49,99;
14:12:48;5604;49,99;
14:12:51;5548;49,99;
14:12:54;5468;49,99;
14:12:57;5464;50,00;
14:13:00;5556;50,00;
14:13:03;5618;50,01;
14:13:06;5682;50,01;
14:13:09;5804;50,01;
14:13:12;5812;50,01;
14:13:15;5894;50,01;
14:13:18;5886;50,01;
14:13:21;5918;50,00;
14:13:24;5844;50,00;
14:13:30;5686;49,99;
14:13:33;5648;49,99;
14:13:36;5590;49,98;
14:13:39;5528;49,98;
14:13:42;5456;50,00;
14:13:45;5418;50,00;
14:13:48;5386;50,00;
14:13:51;5316;50,00;
14:13:54;5046;50,00;
14:13:57;4982;50,01;
14:14:00;4986;50,00;
14:14:06;5106;50,00;
14:14:09;5236;50,00;
14:14:12;5312;50,00;
14:14:15;5164;50,00;
14:14:18;5166;50,00;
14:14:21;5168;50,00;
14:14:24;5210;50,00;
14:14:27;5202;50,00;
14:14:30;5240;49,99;
14:14:36;5338;50,00;
14:14:39;5392;50,00;
14:14:42;5492;50,00;
14:14:45;5548;50,00;
14:14:48;5584;49,99;
14:14:51;5652;50,00;
14:14:54;5658;50,00;
14:14:57;5608;50,00;
14:15:00;5532;50,01;
14:15:03;5220;50,01;
14:15:06;5072;50,00;
14:15:09;4864;50,00;
14:15:12;4806;50,00;
14:15:15;4610;49,99;
14:15:21;4478;50,00;
14:15:24;4486;49,99;
14:15:27;4436;49,99;
14:15:30;4394;49,99;
14:15:33;4334;49,99;
14:15:36;4310;49,98;
14:15:39;4280;49,98;
14:15:42;4228;49,98;
14:15:45;4146;49,98;
14:15:48;4088;49,98;
14:15:51;3992;49,99;
14:15:54;3951;49,99;
14:15:57;3878;49,99;
14:16:00;3813;49,99;
14:16:02;3775;49,99;
14:16:04;3690;49,99;
14:16:07;3672;49,99;
14:16:10;3641;49,99;
14:16:13;3584;49,99;
14:16:16;3565;49,99;
14:16:19;3518;49,99;
14:16:22;3496;49,98;
14:16:25;3459;49,98;
14:16:28;3435;49,98;
14:16:31;3400;49,98;
14:16:34;3381;49,98;
14:16:37;3350;49,98;
14:16:40;3337;49,98;
14:16:43;3308;49,98;
14:16:49;3270;49,99;
14:16:52;3257;49,99;
14:16:55;3235;49,99;
14:16:58;3222;49,99;
14:17:01;3199;49,99;
14:17:04;3188;49,99;
14:17:07;3172;49,98;
14:17:10;3168;49,98;
14:17:13;3135;49,98;
14:17:16;3126;49,98;
14:17:19;3108;49,98;
14:17:22;3098;49,98;
14:17:25;3081;49,98;
14:17:28;3073;49,98;
14:17:31;3058;49,98;
14:17:34;3048;49,99;
14:17:37;3027;49,99;
14:17:40;3019;50,00;
14:17:43;3007;50,00;
14:17:46;2999;50,00;
14:17:49;2986;50,00;
14:17:55;2961;50,00;
14:17:57;2956;49,99;
14:17:59;2942;49,99;
14:18:05;2921;49,98;
14:18:08;2923;49,98;
14:18:11;2893;49,98;
14:18:17;2888;49,98;
14:18:20;2887;49,97;
14:18:23;2864;49,97;
14:18:26;2870;49,97;
14:18:29;2853;49,97;
14:18:32;2854;49,97;
14:18:35;2848;49,97;
14:18:38;2831;49,97;
14:18:41;2827;49,98;
14:18:44;2818;49,98;
14:18:47;2802;49,97;
14:18:50;2808;49,97;
14:18:53;2801;49,98;
14:18:56;2789;49,98;
14:18:59;2791;49,98;
14:19:02;2773;49,98;
14:19:05;2775;49,98;
14:19:08;2761;49,98;
14:19:11;2766;49,98;
14:19:14;2742;49,98;
14:19:17;2754;49,98;
14:19:20;2752;49,98;
14:19:23;2743;49,98;
14:19:26;2721;49,99;
14:19:29;2730;49,98;
14:19:32;2720;49,98;
14:19:35;2721;49,98;
14:19:38;2702;49,98;
14:19:41;2712;49,99;
14:19:44;2708;49,99;
14:19:47;2703;49,99;
14:19:50;2685;49,99;
14:19:53;2693;49,99;
14:19:56;2684;50,00;
14:19:59;2688;50,00;
14:20:02;2672;50,00;
14:20:08;2675;50,00;
14:20:11;2680;50,00;
14:20:14;2666;50,01;
14:20:17;2664;50,01;
14:20:20;2654;50,01;
14:20:23;2661;50,00;
14:20:26;2659;50,00;
14:20:29;2645;50,00;
14:20:32;2646;50,00;
14:20:35;2643;50,00;
14:20:38;2632;49,99;
14:20:41;2641;49,99;
14:20:44;2637;49,99;
14:20:47;2634;49,99;
14:20:50;2638;49,99;
14:20:53;2638;50,00;
14:20:56;2633;50,00;
14:20:59;2624;50,00;
14:21:02;2623;50,00;
14:21:06;2625;50,00;
14:21:09;2627;50,00;
14:21:12;2615;50,00;
14:21:15;2624;50,00;
14:21:18;2623;49,99;
14:21:21;2621;49,99;
14:21:24;2620;49,98;
14:21:27;2621;49,99;
14:21:30;2622;49,99;
14:21:36;2627;50,00;
14:21:39;2630;50,00;
14:21:42;2636;50,00;
14:21:45;2638;50,00;
14:21:48;2646;50,00;
14:21:51;2651;50,00;
14:21:54;2652;50,00;
14:21:57;2665;50,00;
14:22:00;2674;50,00;
14:22:02;2677;50,00;
14:22:03;2674;50,00;
14:22:10;2662;50,00;
14:22:13;2668;50,00;
14:22:16;2671;50,00;
14:22:19;2679;49,99;
14:22:22;2699;49,99;
14:22:25;2692;49,99;
14:22:28;2614;49,99;
14:22:31;2627;50,00;
14:22:34;2617;50,00;
14:22:37;2604;50,00;
14:22:40;2607;50,00;
14:22:43;2596;50,00;
14:22:46;2579;50,00;
14:22:49;2583;50,00;
14:22:52;2573;50,00;
14:22:55;2577;50,00;
14:22:58;2560;50,00;
14:23:04;2559;49,99;
14:23:07;2564;49,99;
14:23:10;2550;49,98;
14:23:13;2559;49,98;
14:23:16;2548;49,98;
14:23:19;2554;49,98;
14:23:22;2552;49,98;
14:23:25;2541;49,97;
14:23:28;2543;49,98;
14:23:31;2551;49,98;
14:23:34;2539;49,99;
14:23:37;2548;49,99;
14:23:40;2548;50,00;
14:23:43;2547;49,99;
14:23:49;2550;49,98;
14:23:52;2546;49,98;
14:23:55;2541;49,98;
14:23:58;2546;49,98;
14:24:05;2545;49,98;
14:24:08;2546;49,99;
14:24:11;2544;49,99;
14:24:17;2551;49,98;
14:24:20;2544;49,98;
14:24:23;2552;49,97;
14:24:26;2544;49,97;
14:24:29;2552;49,97;
14:24:32;2557;49,97;
14:24:35;2560;49,96;
14:24:38;2555;49,97;
14:24:41;2566;49,97;
14:24:44;2559;49,97;
14:24:47;2569;49,97;
14:24:50;2565;49,96;
14:24:52;2574;49,96;
14:24:54;2567;49,96;
14:24:57;2579;49,96;
14:25:00;2580;49,96;
14:25:02;2585;49,97;
14:25:04;2587;49,97;
14:25:07;2581;49,97;
14:25:10;2591;49,97;
14:25:12;2592;49,97;
14:25:14;2590;49,97;
14:25:16;2599;49,97;
14:25:18;2592;49,97;
14:25:21;2604;49,97;
14:25:24;2607;49,96;
14:25:27;2609;49,97;
14:25:29;2613;49,97;
14:25:31;2616;49,96;
14:25:34;2618;49,96;
14:25:42;2625;49,97;
14:25:45;2632;49,97;
14:25:48;2633;49,97;
14:25:55;2629;49,98;
14:25:57;2647;49,98;
14:26:03;2645;49,99;
14:26:06;2652;49,99;
14:26:08;2658;50,00;
14:26:10;2665;50,00;
14:26:12;2670;50,00;
14:26:14;2661;49,99;
14:26:16;2674;50,00;
14:26:19;2679;50,00;
14:26:23;2685;50,00;
14:26:27;2681;50,00;
14:26:29;2694;50,00;
14:26:31;2692;49,99;
14:26:37;2707;49,99;
14:26:40;2700;49,99;
14:26:42;2711;49,99;
14:26:45;2721;49,99;
14:26:47;2724;49,99;
14:26:49;2722;50,00;
14:26:52;2723;50,00;
14:26:59;2737;50,00;
14:27:02;2741;50,00;
14:27:04;2735;49,99;
14:27:07;2742;49,98;
14:27:10;2753;49,98;
14:27:12;2760;49,98;
14:27:14;2747;49,98;
14:27:17;2762;49,98;
14:27:19;2766;49,98;
14:27:21;2773;49,98;
14:27:25;2777;49,98;
14:27:32;2786;49,98;
14:27:34;2794;49,98;
14:27:36;2799;49,98;
14:27:39;2790;49,98;
14:27:42;2807;49,98;
14:27:44;2810;49,98;
14:27:49;2818;49,98;
14:27:51;2832;49,98;
14:27:55;2838;49,98;
14:28:01;2848;49,97;
14:28:04;2832;49,97;
14:28:08;2861;49,97;
14:28:10;2865;49,97;
14:28:12;2877;49,97;
14:28:20;2886;49,97;
14:28:23;2898;49,97;
14:28:26;2911;49,98;
14:28:29;2898;49,98;
14:28:32;2925;49,98;
14:28:34;2931;49,98;
14:28:36;2954;49,98;
14:28:44;2973;49,98;
14:28:47;3009;49,99;
14:28:49;3019;49,99;
14:28:51;3001;49,98;
14:28:56;3031;49,98;
14:28:58;3044;49,97;
14:29:04;3051;49,98;
14:29:08;3083;49,98;
14:29:11;3098;49,98;
14:29:13;3121;49,98;
14:29:18;3129;49,99;
14:29:21;3185;50,00;
14:29:23;3204;50,00;
14:29:27;3232;50,00;
14:29:30;3278;50,00;
14:29:33;3318;50,00;
14:29:36;3321;49,99;
14:29:39;3338;49,98;
14:29:46;3376;49,98;
14:29:51;3402;49,99;
14:29:54;3418;49,99;
14:29:58;3478;49,99;
14:30:01;3505;49,99;
14:30:02;3607;49,99;
14:30:05;3620;49,99;
14:30:09;3648;49,99;
14:30:12;3625;49,98;
14:30:14;3656;49,99;
14:30:20;3781;49,98;
14:30:22;3918;49,98;
14:30:28;4262;49,97;
14:30:30;4081;49,97;
14:30:35;4002;49,97;
14:30:37;4092;49,97;
14:30:39;4292;49,96;
14:30:41;4428;49,96;
14:30:48;4508;49,97;
14:30:50;4306;49,97;
14:30:52;4308;49,98;
14:30:58;4478;49,98;
14:31:02;4850;49,97;
14:31:05;4830;49,97;
14:31:07;4622;49,97;
14:31:10;4430;49,97;
14:31:15;4476;49,97;
14:31:18;4578;49,98;
14:31:22;4856;49,98;
14:31:25;4780;49,98;
14:31:30;4644;49,98;
14:31:35;4596;49,98;
14:31:38;4642;49,98;
14:31:40;4652;49,98;
14:31:48;4706;49,98;
14:31:53;4778;49,98;
14:31:56;5214;49,98;
14:31:59;5772;49,97;
14:32:03;6884;49,97;
14:32:06;7650;49,97;
14:32:08;8800;49,97;
14:32:14;8832;49,98;
14:32:18;9628;49,98;
14:32:22;10204;49,98;
14:32:26;10628;49,98;
14:32:28;10972;49,98;
14:32:34;10928;49,98;
14:32:38;10516;49,98;
14:32:43;10272;49,98;
14:32:46;10100;49,98;
14:32:49;10136;49,98;
14:32:52;9612;49,97;
14:32:54;8900;49,97;
14:33:00;8456;49,97;
14:33:03;6948;49,98;
14:33:07;6598;49,99;
14:33:09;6374;49,99;
14:33:15;5496;50,00;
14:33:19;5350;50,00;
14:33:23;5614;50,00;
14:33:27;5928;50,00;
14:33:29;6218;49,99;
14:33:31;5916;49,99;
14:33:37;5438;49,98;
14:33:38;5508;49,98;
14:33:45;5552;49,98;
14:33:47;5798;49,98;
14:33:53;5976;49,98;
14:33:57;5994;49,98;
14:34:00;6086;49,98;
14:34:03;6130;49,99;
14:34:06;5586;49,99;
14:34:09;5388;49,99;
14:34:12;5344;49,99;
14:34:14;5408;49,99;
14:34:17;5486;49,99;
14:34:18;5678;49,98;
14:34:25;5714;49,98;
14:34:28;5538;49,98;
14:34:30;5412;49,98;
14:34:33;5260;49,98;
14:34:37;5104;49,99;
14:34:40;4986;49,99;
14:34:43;4958;49,99;
14:34:47;4948;49,99;
14:34:48;5062;49,99;
14:34:56;5208;49,99;
14:34:59;5366;49,99;
14:35:02;5468;49,99;
14:35:03;5386;49,98;
14:35:07;5354;49,98;
14:35:10;5274;49,98;
14:35:13;4980;49,98;
14:35:16;4962;49,99;
14:35:19;5010;49,99;
14:35:22;5128;49,98;
14:35:25;5276;49,98;
14:35:29;5704;49,98;
14:35:32;5948;49,98;
14:35:36;6402;49,98;
14:35:39;6192;49,98;
14:35:42;5388;49,98;
14:35:45;5232;49,98;
14:35:49;5382;49,98;
14:35:52;5774;49,97;
14:35:55;5612;49,97;
14:35:57;5164;49,97;
14:36:04;5018;49,98;
14:36:07;4954;49,98;
14:36:10;4908;49,98;
14:36:13;4850;49,98;
14:36:16;4822;49,98;
14:36:19;4732;49,98;
14:36:22;4666;49,98;
14:36:25;4652;49,98;
14:36:29;4600;49,98;
14:36:33;4604;49,98;
14:36:37;4588;49,99;
14:36:38;4592;50,00;
14:36:45;4638;50,00;
14:36:49;4684;50,00;
14:36:52;4778;49,99;
14:36:55;4816;49,98;
14:36:58;4840;49,98;
14:37:03;4814;49,97;
14:37:07;4854;49,98;
14:37:10;4948;49,98;
14:37:13;5062;49,98;
14:37:15;5022;49,99;
14:37:19;5062;49,99;
14:37:26;5494;49,99;
14:37:29;5980;49,98;
14:37:31;6330;49,98;
14:37:34;7340;49,98;
14:37:37;8636;49,98;
14:37:40;8564;49,98;
14:37:43;8432;49,98;
14:37:46;8376;49,98;
14:37:50;10052;49,98;
14:37:53;9328;49,98;
14:37:56;8928;49,98;
14:38:00;8764;49,98;
14:38:03;9180;49,98;
14:38:09;9152;49,98;
14:38:12;8800;49,98;
14:38:15;8504;49,97;
14:38:18;8452;49,97;
14:38:21;8304;49,96;
14:38:24;8248;49,96;
14:38:27;8186;49,96;
14:38:31;8300;49,96;
14:38:34;8796;49,97;
14:38:37;8356;49,97;
14:38:40;7770;49,97;
14:38:43;7706;49,97;
14:38:46;8432;49,97;
14:38:50;9268;49,97;
14:38:53;9884;49,97;
14:38:56;10280;49,98;
14:39:00;10880;49,98;
14:39:03;10988;49,98;
14:39:06;10964;49,98;
14:39:10;10784;49,97;
14:39:13;10896;49,97;
14:39:16;11264;49,96;
14:39:20;11472;49,97;
14:39:23;11520;49,98;
14:39:26;11504;49,98;
14:39:29;11468;49,98;
14:39:30;11444;49,98;
14:39:38;11472;49,98;
14:39:41;11420;49,98;
14:39:44;11456;49,98;
14:39:47;11416;49,98;
14:39:50;11384;49,98;
14:39:53;11392;49,98;
14:39:59;11368;49,98;
14:40:02;11344;49,98;
14:40:05;11320;49,98;
14:40:08;11296;49,98;
14:40:11;11256;49,98;
14:40:14;11236;49,98;
14:40:17;11176;49,98;
14:40:20;11172;49,98;
14:40:23;11224;49,98;
14:40:26;11228;49,98;
14:40:29;11204;49,97;
14:40:30;11208;49,97;
14:40:33;11180;49,96;
14:40:36;11216;49,96;
14:40:40;11200;49,96;
14:40:43;11132;49,96;
14:40:46;11056;49,96;
14:40:50;11020;49,96;
14:40:53;10888;49,97;
14:40:56;10832;49,97;
14:41:00;10796;49,98;
14:41:04;10788;49,98;
14:41:07;10804;49,98;
14:41:10;10740;49,98;
14:41:13;10660;49,98;
14:41:16;10628;49,97;
14:41:20;10732;49,97;
14:41:23;10696;49,97;
14:41:26;10664;49,98;
14:41:30;10788;49,98;
14:41:33;10752;49,98;
14:41:36;10732;49,98;
14:41:40;10664;49,98;
14:41:43;10672;49,98;
14:41:50;10716;49,97;
14:41:53;10684;49,97;
14:41:56;10768;49,97;
14:42:03;10804;49,97;
14:42:07;10852;49,96;
14:42:13;10812;49,96;
14:42:16;10800;49,97;
14:42:19;10812;49,96;
14:42:22;10784;49,96;
14:42:25;10764;49,96;
14:42:28;10700;49,96;
14:42:32;10556;49,96;
14:42:35;10364;49,96;
14:42:38;10592;49,97;
14:42:41;10532;49,97;
14:42:44;10488;49,97;
14:42:47;10548;49,97;
14:42:50;10600;49,98;
14:42:56;10748;49,98;
14:43:00;10756;49,98;
14:43:03;10708;49,98;
14:43:06;10704;49,98;
14:43:09;10712;49,98;
14:43:12;10508;49,98;
14:43:18;10444;49,97;
14:43:21;10416;49,97;
14:43:24;10236;49,96;
14:43:27;10436;49,96;
14:43:30;10552;49,96;
14:43:33;10608;49,96;
14:43:36;10636;49,96;
14:43:39;10612;49,97;
14:43:42;10428;49,97;
14:43:45;10488;49,97;
14:43:48;10640;49,98;
14:43:51;10684;49,97;
14:43:54;10692;49,98;
14:43:57;10712;49,98;
14:44:00;10508;49,98;
14:44:03;9524;49,98;
14:44:06;10380;49,98;
14:44:09;10268;49,98;
14:44:12;6054;49,98;
14:44:15;6196;49,98;
14:44:18;8728;49,97;
14:44:24;9480;49,97;
14:44:27;9828;49,97;
14:44:30;10336;49,97;
14:44:33;10608;49,98;
14:44:36;10712;49,98;
14:44:39;10668;49,98;
14:44:42;10704;49,99;
14:44:45;10668;49,99;
14:44:48;10596;50,00;
14:44:51;10528;50,00;
14:44:54;10136;50,00;
14:44:57;9512;49,99;
14:45:00;10512;49,98;
14:45:03;10584;49,98;
14:45:06;10560;49,98;
14:45:09;10516;49,98;
14:45:12;10536;49,98;
14:45:15;10500;49,98;
14:45:18;10504;49,98;
14:45:21;10488;49,98;
14:45:24;10556;49,98;
14:45:30;10248;49,98;
14:45:33;9024;49,97;
14:45:36;5842;49,97;
14:45:39;5478;49,97;
14:45:42;6228;49,98;
14:45:45;6234;49,98;
14:45:48;7708;49,98;
14:45:51;9272;49,98;
14:45:54;9640;49,98;
14:45:57;8240;49,98;
14:46:00;7688;49,99;
14:46:03;8680;49,98;
14:46:06;9356;49,98;
14:46:09;9132;49,98;
14:46:12;9760;49,98;
14:46:15;10348;49,98;
14:46:18;10328;49,98;
14:46:21;10176;49,98;
14:46:24;10104;49,98;
14:46:27;8952;49,99;
14:46:30;9456;49,99;
14:46:33;9852;50,00;
14:46:36;10040;50,00;
14:46:39;10292;50,00;
14:46:42;10248;50,00;
14:46:45;10320;50,00;
14:46:48;10272;50,00;
14:46:49;10436;50,00;
14:46:55;10440;50,00;
14:46:58;10468;50,00;
14:46:59;10336;50,00;
14:47:05;9608;50,00;
14:47:08;8280;50,00;
14:47:11;6770;50,00;
14:47:14;8124;50,00;
14:47:17;9620;50,00;
14:47:20;9472;50,00;
14:47:23;9388;49,99;
14:47:26;9120;49,99;
14:47:29;7372;49,98;
14:47:32;6944;49,98;
14:47:35;6140;49,99;
14:47:38;5436;49,99;
14:47:41;4782;49,99;
14:47:44;4652;49,98;
14:47:47;4790;49,98;
14:47:50;5138;49,98;
14:47:53;5398;49,98;
14:47:56;5014;49,98;
14:47:59;4588;49,98;
14:48:05;4720;50,00;
14:48:08;4700;50,00;
14:48:11;4854;50,01;
14:48:14;4778;50,01;
14:48:17;5138;50,00;
14:48:20;5462;50,00;
14:48:23;5464;49,99;
14:48:26;5390;49,99;
14:48:29;5162;49,98;
14:48:32;5286;49,98;
14:48:35;6124;49,99;
14:48:38;6644;49,99;
14:48:41;6900;49,99;
14:48:44;5870;50,00;
14:48:47;5006;50,00;
14:48:50;4798;50,00;
14:48:53;4772;50,00;
14:48:56;4784;50,00;
14:48:59;4810;50,00;
14:49:02;5020;50,00;
14:49:05;5882;50,00;
14:49:11;4906;49,99;
14:49:14;4736;49,99;
14:49:17;4586;50,00;
14:49:20;4546;50,00;
14:49:23;4508;50,00;
14:49:26;4490;49,99;
14:49:29;4476;49,99;
14:49:32;4468;49,99;
14:49:35;4468;49,98;
14:49:38;4462;49,99;
14:49:41;4506;49,98;
14:49:44;4562;49,98;
14:49:47;4662;49,98;
14:49:50;4858;49,98;
14:49:53;5182;49,98;
14:49:56;4520;49,98;
14:49:59;4664;49,99;
14:50:02;4626;49,99;
14:50:05;4612;49,99;
14:50:08;4536;49,99;
14:50:11;4666;49,99;
14:50:17;4486;49,99;
14:50:20;4408;49,99;
14:50:23;4426;50,00;
14:50:26;4530;50,00;
14:50:29;4306;50,00;
14:50:32;4242;50,00;
14:50:35;4220;50,00;
14:50:38;4200;50,00;
14:50:41;4164;49,98;
14:50:44;4154;49,98;
14:50:47;4122;49,98;
14:50:50;4089;49,98;
14:50:53;4114;49,98;
14:50:56;4118;49,97;
14:51:02;4266;49,98;
14:51:05;4142;49,98;
14:51:08;4065;49,98;
14:51:11;4093;49,98;
14:51:14;4091;49,98;
14:51:17;4089;49,98;
14:51:20;4124;49,98;
14:51:23;4130;49,98;
14:51:26;5208;49,98;
14:51:29;6394;49,98;
14:51:32;4356;49,98;
14:51:35;4098;49,99;
14:51:38;4010;49,99;
14:51:41;3963;49,99;
14:51:44;3975;49,99;
14:51:47;3948;49,99;
14:51:50;3906;49,99;
14:51:53;3931;49,99;
14:51:56;3921;50,00;
14:51:59;3924;50,00;
14:52:02;3897;50,00;
14:52:08;3940;50,00;
14:52:11;3949;50,00;
14:52:14;3952;49,99;
14:52:17;3999;49,99;
14:52:20;4056;49,99;
14:52:23;4068;49,99;
14:52:26;4092;49,98;
14:52:29;4164;49,99;
14:52:32;4240;49,99;
14:52:35;4092;49,98;
14:52:38;4104;49,98;
14:52:41;4078;49,97;
14:52:44;4063;49,97;
14:52:47;4061;49,97;
14:52:50;4048;49,97;
14:52:53;4024;49,98;
14:52:56;4061;49,98;
14:52:59;4064;49,98;
14:53:02;4112;49,99;
14:53:05;4126;49,99;
14:53:08;4202;50,00;
14:53:14;4296;50,00;
14:53:17;4206;49,99;
14:53:20;4200;49,98;
14:53:23;4188;49,98;
14:53:26;4168;49,97;
14:53:29;4134;49,97;
14:53:32;4194;49,97;
14:53:35;4248;49,97;
14:53:38;4244;49,97;
14:53:41;4220;49,96;
14:53:44;4330;49,96;
14:53:47;4460;49,96;
14:53:50;5882;49,97;
14:53:53;5114;49,97;
14:53:56;4568;49,97;
14:53:59;5156;49,98;
14:54:02;5230;49,98;
14:54:05;5330;49,98;
14:54:08;5992;49,98;
14:54:11;6538;49,98;
14:54:14;4768;49,97;
14:54:20;4566;49,97;
14:54:23;4412;49,98;
14:54:26;4362;49,98;
14:54:29;4648;49,98;
14:54:32;4234;49,99;
14:54:35;4182;49,99;
14:54:38;4154;50,00;
14:54:41;4184;50,00;
14:54:44;4198;50,00;
14:54:47;4234;50,00;
14:54:50;4316;50,00;
14:54:53;4346;50,00;
14:54:56;4496;50,00;
14:54:59;5008;50,00;
14:55:02;7138;50,00;
14:55:05;8908;50,00;
14:55:08;7496;50,00;
14:55:11;6460;50,00;
14:55:14;4850;50,00;
14:55:17;4272;49,99;
14:55:20;4130;49,99;
14:55:26;4102;49,99;
14:55:29;4106;49,99;
14:55:32;4172;49,99;
14:55:35;4792;49,99;
14:55:38;4684;49,98;
14:55:41;5450;49,98;
14:55:44;5086;49,98;
14:55:47;4438;49,99;
14:55:50;4194;49,98;
14:55:53;4322;49,98;
14:55:56;4238;49,98;
14:55:59;4198;49,97;
14:56:02;4278;49,97;
14:56:05;4226;49,97;
14:56:11;4858;49,97;
14:56:14;4662;49,97;
14:56:17;4704;49,97;
14:56:20;4702;49,96;
14:56:23;4428;49,97;
14:56:26;4432;49,97;
14:56:29;4522;49,97;
14:56:32;4816;49,97;
14:56:35;4926;49,97;
14:56:38;4980;49,97;
14:56:41;4732;49,97;
14:56:44;5042;49,97;
14:56:47;6944;49,98;
14:56:50;8520;49,98;
14:56:53;10576;49,98;
14:56:56;10336;49,98;
14:56:59;9812;49,99;
14:57:02;8090;49,99;
14:57:05;9968;49,99;
14:57:08;10132;49,99;
14:57:11;10256;49,99;
14:57:17;10244;49,98;
14:57:20;10200;49,98;
14:57:23;10224;49,98;
14:57:26;10204;49,99;
14:57:29;10152;49,99;
14:57:32;10120;49,99;
14:57:35;10108;49,99;
14:57:38;10124;49,99;
14:57:41;10076;49,99;
14:57:44;10052;49,99;
14:57:47;10024;50,00;
14:57:50;10008;50,00;
14:57:53;9980;50,00;
14:57:56;9956;50,00;
14:57:59;9896;50,00;
14:58:02;9912;50,00;
14:58:05;9864;49,99;
14:58:08;9868;49,99;
14:58:11;9848;49,99;
14:58:17;9728;49,99;
14:58:23;9572;49,99;
14:58:26;9456;49,99;
14:58:29;9556;49,99;
14:58:32;9696;49,99;
14:58:35;9720;49,99;
14:58:38;9728;49,99;
14:58:41;9748;49,99;
14:58:44;9724;49,99;
14:58:50;9708;49,99;
14:58:53;9692;50,00;
14:58:56;9684;50,00;
14:58:59;9652;50,00;
14:59:05;9608;50,00;
14:59:08;9596;49,99;
14:59:11;9548;49,98;
14:59:14;9524;49,98;
14:59:17;9452;49,98;
14:59:20;9420;49,97;
14:59:23;9336;49,98;
14:59:29;9176;49,98;
14:59:32;9268;49,98;
14:59:35;9300;49,98;
14:59:41;9268;49,98;
14:59:44;9284;49,98;
14:59:47;9288;49,97;
14:59:50;9264;49,97;
14:59:53;9268;49,98;
14:59:56;9296;49,98;
14:59:59;9272;49,98;
15:00:02;9300;49,98;
15:00:05;9244;49,98;
15:00:08;9280;49,98;
15:00:14;9248;49,98;
15:00:17;9200;49,97;
15:00:20;9100;49,97;
15:00:23;9012;49,97;
15:00:26;9072;49,97;
15:00:29;9092;49,96;
15:00:32;9148;49,96;
15:00:35;9164;49,96;
15:00:38;9120;49,96;
15:00:41;9072;49,96;
15:00:44;8924;49,95;
15:00:47;8812;49,96;
15:00:50;8320;49,95;
15:00:53;8186;49,96;
15:00:56;7980;49,96;
15:00:59;7702;49,96;
15:01:02;8044;49,97;
15:01:05;7854;49,97;
15:01:08;7960;49,98;
15:01:11;8240;49,98;
15:01:14;8272;49,98;
15:01:20;8300;49,97;
15:01:23;8548;49,97;
15:01:26;8764;49,97;
15:01:29;8900;49,97;
15:01:32;8924;49,97;
15:01:35;8964;49,98;
15:01:38;8920;49,98;
15:01:41;8956;49,98;
15:01:44;8960;49,97;
15:01:47;8956;49,97;
15:01:50;8836;49,96;
15:01:53;8828;49,96;
15:01:56;8804;49,97;
15:01:59;8808;49,97;
15:02:02;8828;49,97;
15:02:05;9020;49,97;
15:02:08;9016;49,97;
15:02:11;9032;49,97;
15:02:14;9056;49,97;
15:02:17;9060;49,97;
15:02:20;9064;49,98;
15:02:26;9080;49,96;
15:02:32;9088;49,96;
15:02:35;9092;49,96;
15:02:38;9052;49,97;
15:02:41;9044;49,97;
15:02:44;9016;49,97;
15:02:47;8980;49,97;
15:02:50;8860;49,97;
15:02:53;8872;49,97;
15:02:56;8820;49,97;
15:03:02;8836;49,98;
15:03:05;8856;49,98;
15:03:08;8860;49,98;
15:03:11;8852;49,98;
15:03:14;8812;49,98;
15:03:17;8800;49,98;
15:03:20;8716;49,98;
15:03:23;8700;49,98;
15:03:26;8632;49,98;
15:03:32;8608;49,99;
15:03:35;8696;49,98;
15:03:38;8816;49,98;
15:03:44;8764;49,97;
15:03:47;8868;49,97;
15:03:50;8880;49,98;
15:03:53;8876;49,98;
15:03:56;8856;49,98;
15:03:59;8884;49,98;
15:04:02;8880;49,98;
15:04:05;8884;49,98;
15:04:08;8852;49,98;
15:04:11;8876;49,98;
15:04:14;8864;49,98;
15:04:17;8840;49,98;
15:04:20;8820;49,98;
15:04:23;8848;49,98;
15:04:26;8840;49,97;
15:04:29;8836;49,97;
15:04:32;8828;49,97;
15:04:35;8792;49,98;
15:04:38;8804;49,98;
15:04:41;8800;49,99;
15:04:44;8828;49,99;
15:04:47;8884;49,99;
15:04:53;8792;49,98;
15:04:56;8736;49,98;
15:04:59;7722;49,98;
15:05:02;8336;49,97;
15:05:05;8820;49,96;
15:05:08;7842;49,96;
15:05:11;5746;49,96;
15:05:14;8000;49,96;
15:05:17;6070;49,96;
15:05:23;5796;49,96;
15:05:26;6904;49,96;
15:05:29;6504;49,96;
15:05:32;6492;49,97;
15:05:35;5698;49,97;
15:05:38;5020;49,98;
15:05:41;5128;49,97;
15:05:44;5004;49,97;
15:05:47;4332;49,97;
15:05:50;5554;49,97;
15:05:53;7596;49,98;
15:05:56;6162;49,98;
15:05:59;5638;49,97;
15:06:02;7018;49,97;
15:06:05;8552;49,97;
15:06:08;8240;49,97;
15:06:11;7292;49,98;
15:06:14;5404;49,98;
15:06:17;5312;49,98;
15:06:20;5330;49,98;
15:06:23;5834;49,98;
15:06:29;5422;49,98;
15:06:32;5244;49,99;
15:06:35;6672;50,00;
15:06:38;7486;50,00;
15:06:41;8612;50,00;
15:06:44;8964;50,00;
15:06:47;8852;50,00;
15:06:50;7852;50,00;
15:06:53;9008;50,00;
15:06:56;8856;50,00;
15:06:59;8836;50,00;
15:07:02;8800;50,00;
15:07:05;8172;50,00;
15:07:08;7758;50,00;
15:07:11;8240;50,00;
15:07:14;8908;50,00;
15:07:17;6624;50,00;
15:07:20;6964;50,00;
15:07:23;4608;50,00;
15:07:26;4408;49,99;
15:07:29;4116;49,99;
15:07:35;5418;49,99;
15:07:38;5654;49,98;
15:07:41;7938;49,98;
15:07:44;8724;49,98;
15:07:47;8764;49,98;
15:07:50;8488;49,98;
15:07:53;8940;49,98;
15:07:56;9004;49,98;
15:07:59;9176;49,98;
15:08:02;9196;49,98;
15:08:05;9228;49,98;
15:08:08;9236;49,97;
15:08:11;9284;49,97;
15:08:14;9260;49,97;
15:08:17;9020;49,97;
15:08:20;8608;49,97;
15:08:23;9140;49,97;
15:08:26;9072;49,98;
15:08:29;7168;49,98;
15:08:32;7164;49,97;
15:08:35;7212;49,97;
15:08:41;8920;49,98;
15:08:44;9000;49,98;
15:08:47;9052;49,99;
15:08:50;9016;49,99;
15:08:53;9064;49,99;
15:08:56;9116;49,99;
15:08:59;8988;49,99;
15:09:02;8892;49,99;
15:09:05;8728;50,00;
15:09:08;8596;50,00;
15:09:11;8556;50,00;
15:09:14;8944;50,00;
15:09:17;9024;50,00;
15:09:20;8236;49,99;
15:09:26;8296;49,98;
15:09:29;7672;49,98;
15:09:32;7174;49,97;
15:09:35;6202;49,97;
15:09:38;5108;49,97;
15:09:41;3865;49,97;
15:09:44;3653;49,97;
15:09:47;3436;49,98;
15:09:50;3770;49,98;
15:09:53;4692;49,98;
15:09:56;7552;49,99;
15:09:59;7792;49,99;
15:10:02;5568;50,00;
15:10:05;4694;50,00;
15:10:08;4624;50,00;
15:10:11;5210;50,00;
15:10:14;7330;50,01;
15:10:17;8204;50,00;
15:10:20;5072;50,00;
15:10:23;5060;50,00;
15:10:26;4071;50,01;
15:10:32;3796;50,00;
15:10:35;3939;50,00;
15:10:38;4804;50,00;
15:10:41;5642;50,00;
15:10:44;8512;50,00;
15:10:47;7492;50,00;
15:10:50;6748;50,00;
15:10:53;6668;50,00;
15:10:56;4528;49,99;
15:10:59;4560;49,99;
15:11:02;6368;49,99;
15:11:05;7238;49,99;
15:11:08;8660;49,99;
15:11:11;9308;49,99;
15:11:14;9420;49,99;
15:11:17;9128;49,98;
15:11:20;6484;49,98;
15:11:23;4372;49,98;
15:11:26;3993;49,98;
15:11:29;4654;49,98;
15:11:32;4260;49,98;
15:11:38;6226;49,98;
15:11:41;6744;49,98;
15:11:44;7974;49,98;
15:11:47;7568;49,98;
15:11:50;5388;49,98;
15:11:53;6406;49,98;
15:11:56;5618;49,98;
15:11:59;4188;49,98;
15:12:02;3413;49,98;
15:12:05;3865;49,98;
15:12:08;3798;49,98;
15:12:11;4010;49,98;
15:12:14;4382;49,98;
15:12:17;4154;49,98;
15:12:20;4694;49,98;
15:12:23;8360;49,98;
15:12:26;6936;49,99;
15:12:29;6868;49,99;
15:12:32;5622;49,98;
15:12:35;6446;49,98;
15:12:38;5550;49,98;
15:12:44;8612;49,98;
15:12:47;8800;49,98;
15:12:50;8860;49,98;
15:12:53;8936;49,98;
15:12:56;8924;49,98;
15:12:59;8988;49,98;
15:13:02;9000;49,99;
15:13:05;8984;49,99;
15:13:08;8920;49,99;
15:13:11;8912;49,99;
15:13:14;8952;49,99;
15:13:17;8940;49,99;
15:13:20;8628;49,98;
15:13:23;8648;49,98;
15:13:26;8444;49,98;
15:13:29;8182;49,97;
15:13:32;8076;49,97;
15:13:35;8106;49,97;
15:13:38;8148;49,97;
15:13:41;8146;49,98;
15:13:44;7880;49,99;
15:13:47;7460;49,99;
15:13:50;7214;50,00;
15:13:53;7516;50,00;
15:13:56;7426;49,99;
15:13:59;6620;49,99;
15:14:02;6470;49,98;
15:14:05;6388;49,98;
15:14:08;6360;49,98;
15:14:11;6472;49,98;
15:14:14;7144;49,98;
15:14:17;7406;49,99;
15:14:20;5740;49,99;
15:14:23;2949;49,99;
15:14:26;2879;49,99;
15:14:29;2888;49,99;
15:14:35;3748;50,00;
15:14:38;3184;50,00;
15:14:41;2811;50,00;
15:14:44;2766;50,00;
15:14:47;2721;50,00;
15:14:50;2708;49,99;
15:14:53;2686;49,99;
15:14:56;2683;49,99;
15:14:59;2666;49,98;
15:15:02;2653;49,97;
15:15:05;2658;49,97;
15:15:08;2652;49,97;
15:15:11;2680;49,97;
15:15:14;2688;49,97;
15:15:17;2713;49,97;
15:15:20;2752;49,97;
15:15:23;2828;49,97;
15:15:26;2859;49,97;
15:15:29;2934;49,97;
15:15:32;2914;49,97;
15:15:35;3611;49,97;
15:15:41;3700;49,97;
15:15:44;4083;49,96;
15:15:47;4106;49,96;
15:15:50;3429;49,96;
15:15:53;4348;49,97;
15:15:56;5778;49,97;
15:15:59;6176;49,97;
15:16:02;5614;49,97;
15:16:05;5652;49,97;
15:16:08;6814;49,98;
15:16:11;7252;49,98;
15:16:14;7780;49,98;
15:16:17;4796;49,98;
15:16:20;4714;49,98;
15:16:23;4890;49,99;
15:16:26;5078;49,99;
15:16:29;5598;50,00;
15:16:32;6048;49,99;
15:16:35;6514;49,99;
15:16:38;6678;49,98;
15:16:41;6428;49,98;
15:16:47;6490;49,98;
15:16:50;6026;49,99;
15:16:53;5428;49,99;
15:16:56;5432;49,98;
15:16:59;5728;49,99;
15:17:02;7186;49,99;
15:17:05;7084;49,99;
15:17:08;7140;49,99;
15:17:11;5632;49,98;
15:17:14;5586;49,98;
15:17:17;3886;49,98;
15:17:20;3310;49,98;
15:17:23;3641;49,98;
15:17:26;4748;49,97;
15:17:29;4554;49,98;
15:17:32;3022;49,97;
15:17:35;2956;49,97;
15:17:38;3021;49,97;
15:17:41;2992;49,97;
15:17:44;2948;49,97;
15:17:47;3283;49,98;
15:17:53;4306;49,98;
15:17:56;3813;49,98;
15:17:59;3101;49,98;
15:18:02;2871;49,98;
15:18:05;2851;49,97;
15:18:08;2819;49,96;
15:18:11;2830;49,96;
15:18:14;2833;49,96;
15:18:17;2856;49,96;
15:18:20;2885;49,97;
15:18:23;2915;49,97;
15:18:26;2924;49,97;
15:18:29;2928;49,97;
15:18:32;2997;49,97;
15:18:38;4364;49,97;
15:18:41;5962;49,98;
15:18:44;9096;49,98;
15:18:47;9140;49,98;
15:18:50;8848;49,98;
15:18:53;8704;49,97;
15:18:56;8844;49,97;
15:18:59;9028;49,97;
15:19:02;8960;49,96;
15:19:05;8952;49,96;
15:19:08;8928;49,96;
15:19:11;8912;49,96;
15:19:14;8900;49,97;
15:19:17;8884;49,96;
15:19:20;8848;49,96;
15:19:23;8884;49,97;
15:19:26;8872;49,96;
15:19:29;8852;49,97;
15:19:32;8840;49,97;
15:19:35;8824;49,97;
15:19:38;8792;49,97;
15:19:44;8760;49,97;
15:19:47;8744;49,97;
15:19:50;8736;49,97;
15:19:53;8728;49,97;
15:19:56;8672;49,98;
15:19:59;8644;49,97;
15:20:02;8620;49,98;
15:20:05;8680;49,98;
15:20:08;8580;49,97;
15:20:11;8572;49,97;
15:20:14;8580;49,96;
15:20:17;8576;49,97;
15:20:20;8488;49,97;
15:20:23;8500;49,97;
15:20:26;8480;49,98;
15:20:29;8556;49,98;
15:20:32;8560;49,98;
15:20:35;8584;49,98;
15:20:38;8604;49,97;
15:20:41;8596;49,97;
15:20:44;8252;49,96;
15:20:50;8500;49,96;
15:20:53;8488;49,96;
15:20:56;8356;49,96;
15:20:59;8460;49,97;
15:21:02;8488;49,98;
15:21:05;8476;49,98;
15:21:08;8500;49,98;
15:21:11;8496;49,98;
15:21:14;8472;49,98;
15:21:17;8464;49,98;
15:21:20;8428;49,98;
15:21:23;8460;49,98;
15:21:26;8416;49,98;
15:21:29;8408;49,98;
15:21:32;8388;49,98;
15:21:35;8372;49,98;
15:21:38;8332;49,98;
15:21:41;8336;49,99;
15:21:44;8324;49,99;
15:21:47;8364;50,00;
15:21:50;8368;50,00;
15:21:56;8296;50,00;
15:21:59;8344;50,00;
15:22:02;8332;49,99;
15:22:05;8340;49,98;
15:22:08;8268;49,97;
15:22:11;8320;49,97;
15:22:14;8312;49,97;
15:22:17;8292;49,97;
15:22:20;8228;49,98;
15:22:23;8272;49,98;
15:22:26;8252;49,98;
15:22:29;8260;49,99;
15:22:32;8192;49,99;
15:22:35;8244;49,99;
15:22:41;8244;49,98;
15:22:47;8232;49,98;
15:22:50;8228;49,98;
15:22:53;8216;49,98;
15:22:59;8190;49,98;
15:23:02;8180;49,98;
15:23:05;8152;49,98;
15:23:11;8116;49,98;
15:23:14;8154;49,98;
15:23:17;8126;49,98;
15:23:20;8140;49,98;
15:23:23;8132;49,98;
15:23:26;8124;49,98;
15:23:29;8100;49,98;
15:23:32;8124;49,98;
15:23:35;8070;49,98;
15:23:38;8096;49,98;
15:23:41;8092;49,98;
15:23:47;8078;49,98;
15:23:50;8076;49,98;
15:23:53;8062;49,99;
15:23:56;8068;49,99;
15:23:59;8044;49,98;
15:24:02;8058;49,98;
15:24:05;8042;49,98;
15:24:08;8024;49,98;
15:24:11;7998;49,97;
15:24:14;8028;49,98;
15:24:17;8008;49,98;
15:24:20;8034;49,98;
15:24:23;8018;49,97;
15:24:26;8040;49,98;
15:24:29;8032;49,98;
15:24:32;8026;49,98;
15:24:35;8000;49,98;
15:24:38;8018;49,98;
15:24:41;7976;49,98;
15:24:44;7994;49,98;
15:24:47;7962;49,98;
15:24:53;7914;49,97;
15:24:56;7936;49,98;
15:24:59;7898;49,98;
15:25:02;7916;49,98;
15:25:05;7898;49,98;
15:25:08;7936;49,98;
15:25:11;7934;49,98;
15:25:14;7916;49,99;
15:25:17;7890;49,99;
15:25:20;7918;49,99;
15:25:23;7918;49,98;
15:25:26;7950;49,98;
15:25:29;7926;49,97;
15:25:32;7952;49,96;
15:25:35;7944;49,96;
15:25:38;7946;49,96;
15:25:41;7926;49,96;
15:25:44;7954;49,96;
15:25:47;7936;49,98;
15:25:50;7940;49,98;
15:25:53;7902;49,98;
15:25:59;7876;49,98;
15:26:02;7858;49,98;
15:26:05;7828;49,98;
15:26:08;7772;49,98;
15:26:11;7766;49,99;
15:26:14;7726;49,99;
15:26:17;7662;49,99;
15:26:20;7520;49,99;
15:26:23;7650;50,00;
15:26:26;7690;49,99;
15:26:29;7714;49,99;
15:26:32;7642;49,98;
15:26:35;7568;49,98;
15:26:38;7486;49,98;
15:26:41;7412;49,97;
15:26:44;7380;49,98;
15:26:47;7508;49,98;
15:26:50;7580;49,98;
15:26:53;7652;49,98;
15:26:56;7692;49,98;
15:26:59;7720;49,99;
15:27:05;7756;49,99;
15:27:08;7728;49,99;
15:27:11;7766;50,00;
15:27:14;7772;50,00;
15:27:17;7776;50,00;
15:27:20;7716;50,00;
15:27:23;7770;49,99;
15:27:26;7764;49,99;
15:27:29;7758;49,98;
15:27:32;7698;49,98;
15:27:35;7712;49,98;
15:27:38;7668;49,98;
15:27:44;7622;49,98;
15:27:50;7608;50,00;
15:27:53;7606;50,00;
15:27:56;7556;50,00;
15:27:59;7516;50,00;
15:28:02;7404;49,99;
15:28:05;7460;49,99;
15:28:08;7478;49,99;
15:28:11;7480;49,98;
15:28:14;7502;49,98;
15:28:20;7544;49,98;
15:28:23;7528;49,97;
15:28:26;7616;49,97;
15:28:29;7630;49,97;
15:28:32;7634;49,97;
15:28:35;7636;49,98;
15:28:38;7648;49,98;
15:28:41;7664;49,98;
15:28:44;7636;49,99;
15:28:47;7692;49,99;
15:28:50;7686;50,00;
15:28:56;7628;49,99;
15:28:59;7638;49,98;
15:29:02;7654;49,98;
15:29:05;7650;49,98;
15:29:08;7636;49,98;
15:29:11;7614;49,98;
15:29:14;7622;49,98;
15:29:17;7606;49,98;
15:29:20;7558;49,99;
15:29:23;7522;49,99;
15:29:26;7538;49,99;
15:29:29;7502;49,99;
15:29:32;7492;49,98;
15:29:35;7428;49,98;
15:29:38;7444;49,98;
15:29:41;7458;49,97;
15:29:44;7468;49,98;
15:29:47;7420;49,98;
15:29:50;7524;49,99;
15:29:53;7528;49,99;
15:29:56;7536;50,00;
15:30:02;7530;50,00;
15:30:05;7510;50,00;
15:30:08;7528;50,00;
15:30:11;7484;50,00;
15:30:14;7520;49,99;
15:30:17;7512;49,99;
15:30:20;7524;49,98;
15:30:23;7506;49,98;
15:30:26;7470;49,99;
15:30:32;7468;49,99;
15:30:35;7436;49,98;
15:30:38;7460;49,98;
15:30:41;7440;49,98;
15:30:44;7452;49,98;
15:30:47;7420;49,98;
15:30:50;7454;49,97;
15:30:53;7452;49,97;
15:30:56;7476;49,96;
15:30:59;7456;49,96;
15:31:02;7484;49,96;
15:31:08;7498;49,97;
15:31:11;7494;49,98;
15:31:14;7504;49,99;
15:31:17;7502;49,99;
15:31:20;7504;49,98;
15:31:23;7496;49,98;
15:31:26;7454;49,98;
15:31:29;7484;49,98;
15:31:32;7472;49,98;
15:31:35;7468;49,98;
15:31:38;7462;49,98;
15:31:41;7466;49,98;
15:31:44;7462;49,98;
15:31:47;7484;49,98;
15:31:53;7484;49,99;
15:31:56;7470;49,98;
15:31:59;7492;49,98;
15:32:02;7462;49,98;
15:32:05;7504;49,98;
15:32:08;7486;49,98;
15:32:11;7494;49,98;
15:32:17;7498;49,99;
15:32:20;7474;49,99;
15:32:23;7490;50,00;
15:32:26;7464;49,99;
15:32:29;7480;49,98;
15:32:32;7458;49,98;
15:32:35;7472;49,98;
15:32:38;7452;49,97;
15:32:41;7510;49,96;
15:32:44;7494;49,97;
15:32:47;7516;49,97;
15:32:50;7476;49,97;
15:32:53;7496;49,97;
15:32:59;7486;49,98;
15:33:02;7460;49,97;
15:33:05;7464;49,98;
15:33:08;7454;49,98;
15:33:11;7458;49,98;
15:33:14;7430;49,98;
15:33:17;7460;49,98;
15:33:20;7458;49,97;
15:33:23;7466;49,96;
15:33:26;7442;49,96;
15:33:29;7478;49,95;
15:33:32;7458;49,95;
15:33:35;7480;49,96;
15:33:38;7442;49,96;
15:33:41;7470;49,97;
15:33:44;7432;49,97;
15:33:47;7444;49,98;
15:33:50;7404;49,98;
15:33:56;7374;49,98;
15:33:59;7374;49,97;
15:34:05;7352;49,98;
15:34:08;7344;49,98;
15:34:11;7340;49,99;
15:34:14;7300;49,99;
15:34:17;7280;50,00;
15:34:20;7292;50,00;
15:34:23;7288;49,99;
15:34:26;7302;50,00;
15:34:29;7246;49,98;
15:34:32;7234;49,98;
15:34:35;7306;49,98;
15:34:38;7328;49,98;
15:34:41;7344;49,98;
15:34:44;7346;49,98;
15:34:47;7316;49,98;
15:34:50;7314;49,98;
15:34:53;7300;49,98;
15:34:56;7298;49,98;
15:35:02;7294;49,98;
15:35:05;7262;49,98;
15:35:11;7276;49,99;
15:35:14;7278;49,99;
15:35:17;7270;49,99;
15:35:20;7274;49,99;
15:35:23;7278;49,98;
15:35:26;7286;49,98;
15:35:29;7262;49,98;
15:35:32;7300;49,98;
15:35:35;7336;49,98;
15:35:38;7354;49,98;
15:35:41;7372;49,98;
15:35:44;7378;49,98;
15:35:47;7384;49,97;
15:35:50;7388;49,97;
15:35:53;7364;49,97;
15:35:56;7404;49,98;
15:35:59;7410;49,98;
15:36:02;7412;49,98;
15:36:05;7392;49,98;
15:36:08;7394;49,98;
15:36:11;7376;49,97;
15:36:17;7384;49,97;
15:36:20;7380;49,97;
15:36:26;7382;49,98;
15:36:32;7384;49,98;
15:36:35;7386;49,98;
15:36:38;7362;49,99;
15:36:41;7396;49,98;
15:36:44;7412;49,98;
15:36:47;7418;49,97;
15:36:50;7420;49,97;
15:36:53;7422;49,97;
15:36:56;7420;49,98;
15:37:02;7424;49,98;
15:37:08;7414;49,98;
15:37:11;7406;49,98;
15:37:14;7400;49,97;
15:37:17;7398;49,97;
15:37:20;7368;49,97;
15:37:23;7398;49,97;
15:37:26;7376;49,96;
15:37:29;7372;49,97;
15:37:32;7374;49,97;
15:37:38;7356;49,98;
15:37:41;7346;49,98;
15:37:44;7308;49,98;
15:37:47;7330;49,99;
15:37:50;7326;50,00;
15:37:53;7316;50,00;
15:37:56;7312;50,01;
15:37:59;7308;50,00;
15:38:02;7296;50,00;
15:38:08;7300;50,00;
15:38:11;7292;50,00;
15:38:14;7288;50,00;
15:38:17;7284;50,00;
15:38:20;7280;50,00;
15:38:23;7278;50,00;
15:38:26;7254;49,99;
15:38:29;7274;49,99;
15:38:32;7260;49,99;
15:38:38;7266;50,00;
15:38:41;7264;50,00;
15:38:47;7270;50,00;
15:38:50;7254;50,00;
15:38:53;7286;50,00;
15:38:56;7292;50,00;
15:38:59;7296;50,00;
15:39:02;7292;50,00;
15:39:05;7288;50,00;
15:39:08;7270;50,00;
15:39:14;7254;49,99;
15:39:17;7266;49,99;
15:39:20;7242;49,99;
15:39:23;7260;49,98;
15:39:26;7232;49,98;
15:39:29;7250;49,98;
15:39:32;7248;49,98;
15:39:35;7222;49,99;
15:39:38;7248;50,00;
15:39:41;7276;50,01;
15:39:44;7252;50,01;
15:39:47;7286;50,01;
15:39:50;7272;50,00;
15:39:53;7302;50,00;
15:39:56;7306;50,00;
15:39:59;7310;49,99;
15:40:02;7298;49,99;
15:40:05;7328;49,99;
15:40:08;7310;49,99;
15:40:11;7346;50,00;
15:40:14;7324;50,00;
15:40:20;7336;49,99;
15:40:23;7368;49,99;
15:40:26;7340;49,99;
15:40:29;7364;49,98;
15:40:32;7332;49,98;
15:40:35;7354;49,99;
15:40:38;7352;49,98;
15:40:41;7320;49,98;
15:40:44;7344;49,98;
15:40:47;7352;49,98;
15:40:50;7350;49,98;
15:40:53;7336;49,98;
15:40:56;7340;49,99;
15:40:59;7348;50,00;
15:41:05;7346;50,01;
15:41:08;7340;50,01;
15:41:11;7314;50,01;
15:41:14;7318;50,01;
15:41:17;7300;50,00;
15:41:20;7324;50,00;
15:41:23;7332;50,00;
15:41:26;7326;49,99;
15:41:29;7334;49,99;
15:41:32;7360;49,99;
15:41:35;7326;49,99;
15:41:38;7348;49,99;
15:41:41;7296;49,99;
15:41:44;7322;50,00;
15:41:47;7318;50,00;
15:41:50;7322;50,00;
15:41:53;7282;50,00;
15:41:56;7316;50,00;
15:41:59;7288;50,01;
15:42:02;7310;50,01;
15:42:05;7296;50,01;
15:42:11;7308;50,01;
15:42:14;7338;50,01;
15:42:17;7308;50,00;
15:42:20;7336;50,00;
15:42:23;7310;50,00;
15:42:26;7328;50,00;
15:42:29;7326;50,00;
15:42:32;7300;50,00;
15:42:35;7298;50,00;
15:42:38;7326;50,00;
15:42:41;7270;50,00;
15:42:44;7310;50,00;
15:42:47;7274;50,00;
15:42:50;7304;50,01;
15:42:53;7302;50,00;
15:42:59;7260;50,00;
15:43:02;7284;50,00;
15:43:05;7262;50,00;
15:43:08;7298;50,00;
15:43:11;7282;50,00;
15:43:17;7276;49,99;
15:43:20;7306;49,99;
15:43:23;7276;49,99;
15:43:26;7300;50,00;
15:43:29;7272;50,00;
15:43:32;7294;50,00;
15:43:35;7288;50,00;
15:43:38;7252;50,00;
15:43:41;7258;50,00;
15:43:44;7284;50,00;
15:43:47;7232;50,00;
15:43:50;7256;50,00;
15:43:53;7224;50,00;
15:43:56;7258;50,00;
15:43:59;7262;50,00;
15:44:02;7270;49,98;
15:44:05;7252;49,98;
15:44:08;7268;49,98;
15:44:11;7232;49,98;
15:44:14;7236;49,97;
15:44:17;7212;49,97;
15:44:23;7200;49,97;
15:44:26;7184;49,97;
15:44:29;7200;49,97;
15:44:32;7182;49,97;
15:44:35;7228;49,98;
15:44:38;7208;49,98;
15:44:41;7246;49,97;
15:44:44;7254;49,98;
15:44:47;7252;49,98;
15:44:50;7214;49,98;
15:44:53;7232;49,98;
15:44:56;7198;49,98;
15:44:59;7228;49,99;
15:45:02;7200;49,99;
15:45:05;7228;49,99;
15:45:08;7204;50,00;
15:45:11;7232;50,00;
15:45:14;7196;49,99;
15:45:17;7226;49,99;
15:45:20;7186;49,98;
15:45:23;7218;49,98;
15:45:26;7222;49,98;
15:45:29;7186;49,98;
15:45:32;7178;49,98;
15:45:35;7210;49,98;
15:45:38;7180;49,98;
15:45:41;7206;49,98;
15:45:44;7176;49,98;
15:45:47;7206;49,98;
15:45:50;7206;49,97;
15:45:53;7210;49,97;
15:45:56;7180;49,97;
15:45:59;7206;49,97;
15:46:02;7174;49,97;
15:46:05;7206;49,97;
15:46:08;7184;49,97;
15:46:14;7188;49,98;
15:46:17;7202;49,98;
15:46:20;7202;49,97;
15:46:23;7204;49,97;
15:46:26;7222;49,97;
15:46:29;7210;49,98;
15:46:32;7230;49,98;
15:46:35;7220;49,98;
15:46:38;7216;49,98;
15:46:41;7184;49,98;
15:46:44;7222;49,98;
15:46:47;7194;49,98;
15:46:50;7212;49,98;
15:46:53;7178;49,98;
15:46:56;7200;49,97;
15:46:59;7192;49,97;
15:47:02;7160;49,97;
15:47:05;7192;49,98;
15:47:08;7166;49,98;
15:47:11;7184;49,99;
15:47:14;7158;49,99;
15:47:20;7150;49,99;
15:47:23;7144;49,99;
15:47:26;7142;49,98;
15:47:29;7130;49,98;
15:47:32;7166;49,97;
15:47:35;7146;49,97;
15:47:38;7170;49,97;
15:47:41;7174;49,97;
15:47:44;7172;49,98;
15:47:47;7136;49,99;
15:47:50;7158;50,00;
15:47:53;7130;50,00;
15:47:56;7170;50,00;
15:47:59;7146;50,00;
15:48:02;7178;49,99;
15:48:05;7142;49,98;
15:48:08;7172;49,98;
15:48:11;7136;49,98;
15:48:14;7160;49,98;
15:48:17;7130;49,98;
15:48:20;7156;49,98;
15:48:26;7144;49,98;
15:48:29;7114;49,98;
15:48:32;7142;49,97;
15:48:35;7114;49,98;
15:48:38;7138;49,98;
15:48:41;7110;49,98;
15:48:44;7136;49,98;
15:48:47;7138;49,98;
15:48:50;7126;49,99;
15:48:53;7094;49,99;
15:48:56;7116;49,99;
15:48:59;7080;49,99;
15:49:02;7108;50,00;
15:49:05;7078;49,99;
15:49:08;7108;49,99;
15:49:11;7078;49,99;
15:49:14;7104;49,99;
15:49:17;7088;49,99;
15:49:20;7104;49,98;
15:49:23;7092;49,98;
15:49:26;7116;49,98;
15:49:32;7110;49,98;
15:49:38;7098;49,98;
15:49:41;7090;49,98;
15:49:44;7074;49,98;
15:49:47;7078;49,98;
15:49:50;7050;49,98;
15:49:53;7092;49,98;
15:49:56;7056;49,98;
15:49:59;7070;49,98;
15:50:02;7036;49,97;
15:50:05;7050;49,97;
15:50:08;7016;49,97;
15:50:11;7050;49,97;
15:50:17;7040;49,98;
15:50:20;7004;49,98;
15:50:23;7022;49,97;
15:50:26;6984;49,97;
15:50:29;7010;49,96;
15:50:32;6978;49,96;
15:50:35;7008;49,96;
15:50:41;7022;49,96;
15:50:44;6994;49,97;
15:50:47;7012;49,97;
15:50:50;6982;49,98;
15:50:53;7008;49,98;
15:50:56;6928;49,98;
15:50:59;6938;49,98;
15:51:02;6950;49,98;
15:51:05;7004;49,98;
15:51:08;6972;49,98;
15:51:11;6982;49,98;
15:51:14;6968;49,98;
15:51:17;7000;49,97;
15:51:23;6992;49,97;
15:51:26;6982;49,96;
15:51:29;6972;49,97;
15:51:32;6968;49,97;
15:51:35;6978;49,98;
15:51:41;6960;49,98;
15:51:44;6984;49,98;
15:51:47;6974;49,98;
15:51:50;6956;49,98;
15:51:53;6976;49,98;
15:51:56;6944;49,98;
15:51:59;6972;49,97;
15:52:02;6944;49,97;
15:52:05;6966;49,97;
15:52:08;6938;49,97;
15:52:11;6968;49,97;
15:52:14;6960;49,97;
15:52:17;6974;49,97;
15:52:20;6958;49,97;
15:52:23;6984;49,98;
15:52:29;6986;49,99;
15:52:32;6980;49,99;
15:52:35;6988;49,99;
15:52:38;6980;49,99;
15:52:44;6978;49,99;
15:52:47;6942;49,98;
15:52:50;6968;49,98;
15:52:53;6964;49,99;
15:52:56;6972;50,00;
15:52:59;6968;50,00;
15:53:02;6960;50,00;
15:53:05;6950;50,00;
15:53:08;6946;50,00;
15:53:11;6912;50,00;
15:53:14;6930;50,00;
15:53:17;6924;50,00;
15:53:20;6926;49,99;
15:53:23;6930;50,00;
15:53:26;6934;50,00;
15:53:29;6936;50,00;
15:53:35;6926;50,00;
15:53:38;6930;50,00;
15:53:41;6922;50,00;
15:53:44;6926;50,00;
15:53:47;6924;50,00;
15:53:50;6920;49,99;
15:53:53;6882;49,99;
15:53:56;6914;49,99;
15:53:59;6906;49,99;
15:54:05;6898;49,99;
15:54:08;6892;49,99;
15:54:14;6894;49,98;
15:54:17;6858;49,98;
15:54:20;6886;49,98;
15:54:23;6872;49,98;
15:54:26;6904;49,98;
15:54:29;6896;49,98;
15:54:32;6922;49,98;
15:54:35;6920;49,98;
15:54:38;6908;49,98;
15:54:41;6926;49,98;
15:54:44;6930;49,97;
15:54:50;6940;49,97;
15:54:53;6936;49,97;
15:54:56;6932;49,97;
15:54:59;6930;49,98;
15:55:02;6908;49,98;
15:55:05;6928;49,98;
15:55:08;6928;49,97;
15:55:11;6926;49,97;
15:55:17;6920;49,97;
15:55:20;6910;49,97;
15:55:26;6894;49,97;
15:55:29;6890;49,97;
15:55:32;6886;49,96;
15:55:35;6884;49,97;
15:55:41;6882;49,97;
15:55:44;6838;49,97;
15:55:47;6884;49,97;
15:55:50;6892;49,98;
15:55:53;6896;49,97;
15:55:56;6902;49,97;
15:55:59;6904;49,97;
15:56:02;6902;49,98;
15:56:05;6904;49,98;
15:56:08;6858;49,98;
15:56:11;6912;49,98;
15:56:14;6920;49,98;
15:56:17;6922;49,98;
15:56:20;6914;49,98;
15:56:23;6920;49,97;
15:56:32;6924;49,97;
15:56:35;6926;49,97;
15:56:38;6920;49,97;
15:56:41;6922;49,98;
15:56:47;6918;49,98;
15:56:50;6900;49,98;
15:56:53;6914;49,97;
15:56:56;6916;49,97;
15:56:59;6910;49,98;
15:57:02;6906;49,98;
15:57:05;6902;49,98;
15:57:08;6898;49,98;
15:57:14;6880;49,97;
15:57:17;6890;49,97;
15:57:20;6876;49,96;
15:57:23;6880;49,96;
15:57:26;6878;49,97;
15:57:32;6846;49,97;
15:57:38;6858;49,97;
15:57:41;6870;49,97;
15:57:44;6814;49,97;
15:57:47;6856;49,97;
15:57:50;6840;49,97;
15:57:53;6856;49,98;
15:57:59;6796;49,98;
15:58:02;6830;49,98;
15:58:05;6846;49,98;
15:58:08;6788;49,98;
15:58:11;6842;49,98;
15:58:14;6822;49,98;
15:58:17;6834;49,97;
15:58:20;6834;49,96;
15:58:23;6834;49,97;
15:58:26;6824;49,97;
15:58:29;6834;49,97;
15:58:32;6780;49,98;
15:58:35;6834;49,98;
15:58:38;6824;49,98;
15:58:44;6762;49,98;
15:58:47;6826;49,97;
15:58:53;6820;49,98;
15:58:56;6824;49,98;
15:58:59;6814;49,98;
15:59:02;6810;49,98;
15:59:05;6796;49,98;
15:59:08;6802;50,00;
15:59:11;6794;50,00;
15:59:14;6798;50,00;
15:59:17;6794;49,99;
15:59:20;6790;49,98;
15:59:23;6778;49,98;
15:59:29;6784;49,97;
15:59:32;6788;49,97;
15:59:35;6766;49,97;
15:59:38;6782;49,98;
15:59:41;6778;49,98;
15:59:44;6798;49,98;
15:59:50;6766;49,98;
15:59:53;6754;49,99;
15:59:56;6784;49,99;
15:59:59;6760;49,98;
16:00:02;6790;49,99;
16:00:05;6750;49,98;
16:00:08;6774;49,98;
16:00:11;6784;49,98;
16:00:14;6808;49,98;
16:00:17;6796;49,97;
16:00:20;6816;49,97;
16:00:23;6776;49,97;
16:00:26;6802;49,96;
16:00:29;6782;49,96;
16:00:35;6796;49,97;
16:00:38;6822;49,97;
16:00:41;6798;49,98;
16:00:44;6818;49,98;
16:00:47;6794;49,98;
16:00:50;6818;49,98;
16:00:53;6822;49,98;
16:00:56;6798;49,98;
16:00:59;6798;49,99;
16:01:02;6816;49,99;
16:01:05;6784;49,99;
16:01:08;6810;49,99;
16:01:11;6770;50,00;
16:01:14;6806;50,00;
16:01:17;6808;50,00;
16:01:20;6804;49,99;
16:01:23;6764;49,99;
16:01:26;6792;49,99;
16:01:29;6762;50,00;
16:01:32;6788;50,01;
16:01:35;6752;50,01;
16:01:41;6746;50,00;
16:01:44;6764;50,00;
16:01:47;6712;50,00;
16:01:50;6738;50,00;
16:01:53;6688;50,00;
16:01:56;6698;50,01;
16:01:59;6680;50,00;
16:02:02;6640;50,01;
16:02:05;6682;50,01;
16:02:08;6718;50,01;
16:02:11;6660;50,01;
16:02:14;6692;50,01;
16:02:17;6636;50,01;
16:02:20;6652;50,01;
16:02:23;6656;50,01;
16:02:26;6628;50,00;
16:02:29;6614;50,01;
16:02:32;6656;50,00;
16:02:35;6698;50,01;
16:02:38;6692;50,00;
16:02:41;6686;50,00;
16:02:47;6706;50,00;
16:02:50;6688;50,00;
16:02:53;6728;50,00;
16:02:56;6712;50,00;
16:02:59;6722;50,00;
16:03:02;6700;50,00;
16:03:05;6732;50,00;
16:03:08;6734;50,00;
16:03:14;6708;49,99;
16:03:17;6722;49,99;
16:03:20;6684;49,99;
16:03:23;6702;49,99;
16:03:26;6686;49,99;
16:03:32;6718;49,99;
16:03:35;6750;49,99;
16:03:38;6746;49,99;
16:03:41;6786;49,98;
16:03:44;6762;49,98;
16:03:47;6794;49,99;
16:03:50;6796;49,99;
16:03:53;6778;49,99;
16:03:56;6762;50,00;
16:03:59;6788;49,99;
16:04:02;6756;50,00;
16:04:05;6782;50,00;
16:04:08;6752;50,00;
16:04:11;6776;50,00;
16:04:14;6768;50,00;
16:04:17;6764;50,00;
16:04:20;6728;50,00;
16:04:23;6756;49,99;
16:04:26;6732;49,99;
16:04:29;6756;49,99;
16:04:32;6758;49,99;
16:04:38;6766;49,98;
16:04:41;6762;49,98;
16:04:44;6764;49,98;
16:04:47;6748;49,98;
16:04:50;6760;49,99;
16:04:53;6738;49,98;
16:04:56;6758;49,98;
16:04:59;6754;49,98;
16:05:02;6742;49,98;
16:05:05;6706;49,97;
16:05:08;6732;49,98;
16:05:11;6696;49,98;
16:05:14;6718;49,99;
16:05:17;6686;50,00;
16:05:20;6710;50,00;
16:05:23;6674;50,00;
16:05:26;6704;50,00;
16:05:29;6680;49,99;
16:05:32;6702;49,99;
16:05:35;6668;49,99;
16:05:38;6684;49,99;
16:05:44;6674;49,98;
16:05:47;6658;49,99;
16:05:50;6680;49,99;
16:05:53;6658;49,99;
16:05:56;6676;49,99;
16:05:59;6644;49,99;
16:06:02;6674;49,99;
16:06:05;6672;49,99;
16:06:08;6668;49,99;
16:06:11;6632;49,99;
16:06:14;6662;49,98;
16:06:17;6636;49,98;
16:06:20;6662;49,99;
16:06:23;6630;49,99;
16:06:26;6660;49,99;
16:06:29;6632;49,99;
16:06:32;6650;49,99;
16:06:35;6620;49,98;
16:06:38;6650;49,98;
16:06:41;6626;49,98;
16:06:44;6646;49,98;
16:06:50;6644;49,99;
16:06:53;6618;49,99;
16:06:56;6636;49,99;
16:06:59;6592;49,99;
16:07:02;6626;49,99;
16:07:05;6596;49,99;
16:07:08;6622;49,98;
16:07:11;6618;49,98;
16:07:17;6592;49,98;
16:07:20;6614;49,99;
16:07:23;6582;49,99;
16:07:26;6618;49,99;
16:07:29;6582;49,99;
16:07:32;6610;49,98;
16:07:35;6584;49,99;
16:07:38;6602;49,99;
16:07:41;6586;49,99;
16:07:44;6602;49,99;
16:07:47;6592;49,99;
16:07:50;6596;50,00;
16:07:56;6592;50,00;
16:07:59;6596;50,00;
16:08:02;6560;50,00;
16:08:05;6590;50,00;
16:08:08;6568;50,00;
16:08:11;6590;50,00;
16:08:14;6556;50,00;
16:08:17;6586;50,00;
16:08:20;6544;49,99;
16:08:23;6576;49,99;
16:08:26;6530;49,98;
16:08:29;6566;49,98;
16:08:32;6536;49,98;
16:08:35;6552;49,98;
16:08:41;6558;49,98;
16:08:44;6528;49,98;
16:08:47;6548;49,98;
16:08:50;6508;49,98;
16:08:53;6548;49,97;
16:08:56;6528;49,98;
16:08:59;6552;49,98;
16:09:02;6556;49,98;
16:09:08;6530;49,98;
16:09:11;6550;49,98;
16:09:14;6514;49,98;
16:09:17;6550;49,98;
16:09:20;6520;49,98;
16:09:23;6552;49,98;
16:09:26;6514;49,98;
16:09:29;6546;49,98;
16:09:32;6522;49,98;
16:09:35;6540;49,98;
16:09:38;6512;49,98;
16:09:41;6538;49,99;
16:09:47;6534;50,00;
16:09:50;6522;50,00;
16:09:53;6530;49,99;
16:09:56;6522;49,99;
16:09:59;6526;49,99;
16:10:02;6522;49,99;
16:10:05;6482;49,98;
16:10:08;6520;49,98;
16:10:11;6522;49,97;
16:10:14;6484;49,97;
16:10:17;6514;49,97;
16:10:20;6496;49,97;
16:10:23;6518;49,96;
16:10:26;6486;49,96;
16:10:29;6522;49,96;
16:10:32;6506;49,96;
16:10:35;6526;49,96;
16:10:38;6498;49,96;
16:10:41;6520;49,96;
16:10:44;6510;49,96;
16:10:47;6520;49,96;
16:10:53;6516;49,96;
16:10:56;6512;49,96;
16:10:59;6506;49,96;
16:11:05;6514;49,96;
16:11:08;6512;49,96;
16:11:11;6492;49,96;
16:11:14;6512;49,96;
16:11:17;6514;49,96;
16:11:20;6512;49,96;
16:11:23;6508;49,96;
16:11:26;6506;49,96;
16:11:29;6502;49,96;
16:11:32;6498;49,96;
16:11:35;6472;49,97;
16:11:38;6488;49,97;
16:11:41;6480;49,97;
16:11:44;6472;49,97;
16:11:47;6468;49,96;
16:11:50;6470;49,96;
16:11:53;6466;49,96;
16:11:59;6468;49,97;
16:12:02;6466;49,97;
16:12:05;6464;49,97;
16:12:08;6460;49,97;
16:12:11;6460;49,98;
16:12:14;6456;49,97;
16:12:17;6410;49,98;
16:12:20;6454;49,98;
16:12:23;6446;49,97;
16:12:26;6446;49,96;
16:12:29;6402;49,96;
16:12:32;6446;49,96;
16:12:35;6430;49,96;
16:12:38;6444;49,96;
16:12:44;6438;49,96;
16:12:47;6428;49,96;
16:12:53;6418;49,96;
16:12:56;6438;49,97;
16:12:59;6430;49,98;
16:13:02;6406;49,98;
16:13:05;6424;49,98;
16:13:08;6440;49,98;
16:13:11;6438;49,98;
16:13:14;6434;49,97;
16:13:17;6432;49,96;
16:13:20;6436;49,96;
16:13:26;6420;49,96;
16:13:29;6438;49,96;
16:13:32;6440;49,96;
16:13:35;6436;49,97;
16:13:38;6434;49,97;
16:13:41;6430;49,97;
16:13:50;6426;49,96;
16:13:56;6414;49,96;
16:13:59;6412;49,96;
16:14:02;6406;49,97;
16:14:05;6404;49,97;
16:14:08;6378;49,97;
16:14:11;6408;49,97;
16:14:14;6414;49,97;
16:14:17;6412;49,97;
16:14:20;6414;49,96;
16:14:23;6412;49,96;
16:14:26;6418;49,96;
16:14:29;6420;49,96;
16:14:32;6382;49,96;
16:14:35;6410;49,95;
16:14:38;6402;49,96;
16:14:41;6404;49,96;
16:14:44;6384;49,98;
16:14:47;6394;49,97;
16:14:50;6380;49,98;
16:14:56;6382;49,97;
16:14:59;6410;49,96;
16:15:02;6372;49,96;
16:15:05;6408;49,96;
16:15:08;6370;49,97;
16:15:11;6394;49,97;
16:15:14;6398;49,98;
16:15:17;6358;49,98;
16:15:20;6378;49,97;
16:15:23;6402;49,97;
16:15:32;6388;49,96;
16:15:35;6386;49,97;
16:15:38;6352;49,96;
16:15:41;6386;49,96;
16:15:44;6376;49,97;
16:15:47;6378;49,97;
16:15:50;6360;49,97;
16:15:53;6380;49,97;
16:15:56;6364;49,96;
16:16:02;6346;49,96;
16:16:05;6386;49,96;
16:16:08;6356;49,96;
16:16:11;6378;49,96;
16:16:14;6342;49,97;
16:16:17;6378;49,96;
16:16:20;6382;49,96;
16:16:23;6360;49,96;
16:16:26;6344;49,96;
16:16:29;6382;49,95;
16:16:32;6358;49,96;
16:16:35;6386;49,96;
16:16:38;6344;49,96;
16:16:41;6382;49,96;
16:16:44;6378;49,96;
16:16:47;6374;49,97;
16:16:50;6334;49,97;
16:16:53;6366;49,98;
16:16:56;6362;49,98;
16:16:59;6366;49,98;
16:17:02;6368;49,97;
16:17:05;6332;49,97;
16:17:08;6370;49,97;
16:17:11;6368;49,96;
16:17:14;6364;49,97;
16:17:20;6366;49,97;
16:17:23;6360;49,96;
16:17:26;6366;49,96;
16:17:29;6320;49,96;
16:17:32;6362;49,96;
16:17:35;6350;49,96;
16:17:38;6358;49,96;
16:17:41;6350;49,96;
16:17:44;6352;49,96;
16:17:47;6338;49,96;
16:17:53;6324;49,96;
16:17:56;6344;49,96;
16:17:59;6320;49,96;
16:18:02;6346;49,96;
16:18:05;6302;49,96;
16:18:08;6346;49,96;
16:18:11;6338;49,97;
16:18:14;6316;49,97;
16:18:17;6286;49,98;
16:18:20;6332;49,98;
16:18:23;6306;49,98;
16:18:26;6326;49,97;
16:18:29;6274;49,97;
16:18:32;6314;49,97;
16:18:35;6316;49,97;
16:18:38;6308;49,97;
16:18:41;6260;49,98;
16:18:44;6308;49,98;
16:18:47;6288;49,99;
16:18:50;6308;49,99;
16:18:53;6258;49,99;
16:18:59;6290;49,99;
16:19:02;6296;49,99;
16:19:05;6248;49,98;
16:19:08;6298;49,98;
16:19:11;6276;49,98;
16:19:17;6268;49,98;
16:19:20;6240;49,97;
16:19:23;6278;49,96;
16:19:26;6294;49,96;
16:19:29;6244;49,96;
16:19:32;6294;49,96;
16:19:35;6280;49,97;
16:19:41;6288;49,97;
16:19:44;6284;49,97;
16:19:47;6276;49,96;
16:19:50;6280;49,96;
16:19:53;6256;49,97;
16:19:56;6252;49,97;
16:19:59;6276;49,97;
16:20:05;6266;49,98;
16:20:08;6226;49,98;
16:20:11;6282;49,98;
16:20:14;6206;49,98;
16:20:17;6234;49,98;
16:20:20;6188;49,97;
16:20:23;6246;49,97;
16:20:26;6250;49,97;
16:20:29;6212;49,97;
16:20:32;6272;49,97;
16:20:35;6268;49,98;
16:20:38;6274;49,98;
16:20:41;6230;49,98;
16:20:44;6282;49,98;
16:20:47;6288;49,98;
16:20:50;6280;49,98;
16:20:53;6258;49,98;
16:20:56;6252;49,98;
16:20:59;6280;49,98;
16:21:02;6278;49,98;
16:21:05;6266;49,98;
16:21:11;6280;49,99;
16:21:14;6266;49,99;
16:21:17;6264;49,98;
16:21:20;6204;49,98;
16:21:23;6260;49,98;
16:21:29;6260;49,97;
16:21:35;6262;49,97;
16:21:38;6260;49,98;
16:21:44;6198;49,98;
16:21:47;6260;49,98;
16:21:50;6262;49,98;
16:21:56;6192;49,98;
16:21:59;6256;49,99;
16:22:02;6254;49,98;
16:22:05;6248;49,98;
16:22:08;6186;49,99;
16:22:11;6248;49,99;
16:22:14;6244;49,99;
16:22:17;6250;49,99;
16:22:20;6178;50,00;
16:22:23;6244;50,00;
16:22:26;6252;50,01;
16:22:29;6236;50,00;
16:22:32;6172;50,00;
16:22:35;6234;50,00;
16:22:38;6230;50,00;
16:22:41;6232;50,00;
16:22:44;6174;50,00;
16:22:47;6222;50,00;
16:22:50;6230;49,99;
16:22:53;6224;49,99;
16:22:56;6186;49,99;
16:23:02;6216;50,00;
16:23:05;6220;50,00;
16:23:08;6206;50,00;
16:23:11;6162;49,99;
16:23:14;6208;49,98;
16:23:17;6194;49,98;
16:23:20;6206;49,98;
16:23:23;6192;49,98;
16:23:26;6188;49,98;
16:23:29;6198;49,98;
16:23:32;6196;49,98;
16:23:35;6122;49,99;
16:23:38;6186;49,99;
16:23:41;6198;49,99;
16:23:44;6184;49,99;
16:23:47;6130;50,00;
16:23:50;6188;50,00;
16:23:53;6172;50,00;
16:23:56;6166;50,00;
16:23:59;6100;50,00;
16:24:02;6166;50,00;
16:24:11;6104;50,00;
16:24:14;6158;50,00;
16:24:17;6166;49,99;
16:24:20;6156;49,99;
16:24:23;6088;49,98;
16:24:26;6146;49,98;
16:24:29;6142;49,98;
16:24:32;6132;49,98;
16:24:35;6066;49,98;
16:24:38;6126;49,98;
16:24:41;6134;49,98;
16:24:44;6118;49,98;
16:24:47;6060;49,98;
16:24:50;6108;49,98;
16:24:53;6114;49,97;
16:24:56;6112;49,97;
16:24:59;6084;49,97;
16:25:02;6112;49,98;
16:25:05;6114;49,98;
16:25:08;6106;49,97;
16:25:14;6110;49,96;
16:25:20;6108;49,96;
16:25:23;6044;49,97;
16:25:26;6106;49,96;
16:25:29;6112;49,97;
16:25:32;6104;49,96;
16:25:35;6100;49,96;
16:25:38;6100;49,97;
16:25:41;6106;49,97;
16:25:44;6098;49,97;
16:25:47;6038;49,97;
16:25:50;6098;49,97;
16:25:53;6104;49,97;
16:25:56;6102;49,97;
16:25:59;6062;49,97;
16:26:02;6060;49,98;
16:26:05;6092;49,97;
16:26:08;6092;49,98;
16:26:11;6086;49,97;
16:26:14;6020;49,97;
16:26:17;6086;49,97;
16:26:20;6078;49,98;
16:26:23;6074;49,99;
16:26:26;6014;50,00;
16:26:29;6084;50,00;
16:26:32;6082;50,00;
16:26:35;6078;50,00;
16:26:38;6000;49,99;
16:26:41;6066;49,99;
16:26:44;6072;49,99;
16:26:47;6056;49,98;
16:26:50;5992;49,98;
16:26:53;6054;49,98;
16:26:56;6066;49,97;
16:26:59;6046;49,97;
16:27:05;6048;49,97;
16:27:08;6054;49,97;
16:27:11;6056;49,97;
16:27:14;5996;49,97;
16:27:17;6054;49,98;
16:27:20;6036;49,98;
16:27:23;6048;49,98;
16:27:26;6040;49,98;
16:27:29;6042;49,97;
16:27:32;6022;49,97;
16:27:35;6034;49,97;
16:27:38;5972;49,97;
16:27:41;6026;49,98;
16:27:44;6014;49,98;
16:27:47;6022;49,98;
16:27:50;5966;49,98;
16:27:53;6024;49,98;
16:27:56;6016;49,98;
16:27:59;6024;49,98;
16:28:02;5990;49,98;
16:28:05;6014;49,98;
16:28:11;6004;49,98;
16:28:14;5986;49,98;
16:28:17;5990;49,97;
16:28:20;5986;49,97;
16:28:23;5984;49,97;
16:28:26;5980;49,97;
16:28:29;5916;49,97;
16:28:32;5986;49,97;
16:28:35;5976;49,97;
16:28:38;5986;49,97;
16:28:41;5984;49,98;
16:28:47;5980;49,98;
16:28:50;5978;49,98;
16:28:53;5918;49,98;
16:28:56;5976;49,98;
16:28:59;5970;49,97;
16:29:05;5966;49,97;
16:29:08;5960;49,96;
16:29:11;5952;49,96;
16:29:17;5946;49,96;
16:29:20;5944;49,97;
16:29:23;5940;49,98;
16:29:26;5934;49,98;
16:29:29;5926;49,98;
16:29:32;5920;49,99;
16:29:35;5904;49,99;
16:29:38;5918;49,99;
16:29:41;5908;49,99;
16:29:44;5906;49,99;
16:29:47;5902;49,99;
16:29:50;5888;49,99;
16:29:53;5882;49,99;
16:29:59;5886;49,99;
16:30:02;5872;50,00;
16:30:05;5864;50,00;
16:30:08;5858;49,99;
16:30:11;5856;49,99;
16:30:14;5862;49,99;
16:30:17;5864;49,98;
16:30:23;5850;49,97;
16:30:26;5846;49,97;
16:30:29;5842;49,97;
16:30:32;5840;49,97;
16:30:35;5834;49,97;
16:30:38;5842;49,97;
16:30:41;5794;49,98;
16:30:44;5836;49,98;
16:30:47;5834;49,98;
16:30:50;5836;49,97;
16:30:53;5800;49,97;
16:30:56;5840;49,98;
16:30:59;5834;49,98;
16:31:02;5838;49,98;
16:31:11;5834;49,98;
16:31:14;5824;49,98;
16:31:17;5820;49,98;
16:31:20;5820;49,97;
16:31:23;5822;49,97;
16:31:26;5814;49,97;
16:31:29;5820;49,98;
16:31:32;5822;49,98;
16:31:35;5820;49,98;
16:31:41;5822;49,98;
16:31:50;5818;49,98;
16:31:53;5828;49,98;
16:31:56;5826;49,97;
16:31:59;5828;49,96;
16:32:02;5828;49,97;
16:32:08;5830;49,97;
16:32:17;5826;49,97;
16:32:20;5834;49,97;
16:32:23;5828;49,96;
16:32:26;5824;49,96;
16:32:29;5822;49,96;
16:32:32;5782;49,96;
16:32:35;5836;49,96;
16:32:38;5822;49,96;
16:32:41;5830;49,96;
16:32:44;5826;49,96;
16:32:47;5814;49,96;
16:32:50;5816;49,96;
16:32:53;5818;49,97;
16:32:56;5772;49,97;
16:32:59;5810;49,97;
16:33:02;5804;49,98;
16:33:05;5806;49,98;
16:33:08;5780;49,97;
16:33:11;5800;49,97;
16:33:14;5792;49,96;
16:33:20;5756;49,96;
16:33:23;5802;49,96;
16:33:26;5776;49,97;
16:33:29;5796;49,97;
16:33:32;5740;49,96;
16:33:35;5792;49,96;
16:33:38;5792;49,97;
16:33:41;5770;49,96;
16:33:44;5740;49,97;
16:33:47;5792;49,97;
16:33:50;5772;49,97;
16:33:53;5790;49,97;
16:33:56;5736;49,97;
16:33:59;5788;49,97;
16:34:02;5786;49,97;
16:34:05;5772;49,97;
16:34:08;5728;49,96;
16:34:11;5774;49,97;
16:34:14;5758;49,97;
16:34:17;5772;49,97;
16:34:20;5720;49,97;
16:34:26;5752;49,98;
16:34:29;5768;49,98;
16:34:32;5716;49,98;
16:34:35;5772;49,98;
16:34:38;5754;49,98;
16:34:41;5764;49,97;
16:34:44;5772;49,97;
16:34:47;5724;49,96;
16:34:50;5760;49,97;
16:34:53;5774;49,97;
16:34:56;5722;49,97;
16:34:59;5778;49,96;
16:35:02;5754;49,96;
16:35:05;5768;49,96;
16:35:11;5766;49,97;
16:35:14;5764;49,97;
16:35:17;5750;49,96;
16:35:20;5754;49,96;
16:35:26;5752;49,96;
16:35:29;5728;49,96;
16:35:32;5742;49,96;
16:35:35;5738;49,96;
16:35:38;5736;49,96;
16:35:41;5728;49,96;
16:35:44;5738;49,97;
16:35:47;5732;49,97;
16:35:50;5730;49,96;
16:35:53;5712;49,97;
16:35:56;5730;49,97;
16:35:59;5720;49,97;
16:36:02;5724;49,97;
16:36:05;5712;49,97;
16:36:08;5710;49,97;
16:36:11;5682;49,97;
16:36:17;5696;49,97;
16:36:23;5648;49,96;
16:36:26;5686;49,96;
16:36:29;5680;49,96;
16:36:32;5698;49,97;
16:36:35;5696;49,97;
16:36:38;5634;49,97;
16:36:41;5674;49,96;
16:36:44;5690;49,96;
16:36:47;5626;49,96;
16:36:50;5684;49,96;
16:36:53;5672;49,96;
16:36:56;5678;49,96;
16:36:59;5686;49,96;
16:37:05;5672;49,96;
16:37:08;5684;49,97;
16:37:11;5632;49,97;
16:37:14;5682;49,97;
16:37:17;5670;49,98;
16:37:23;5630;49,97;
16:37:26;5684;49,96;
16:37:29;5670;49,96;
16:37:32;5680;49,96;
16:37:35;5630;49,96;
16:37:38;5688;49,96;
16:37:44;5672;49,96;
16:37:47;5628;49,96;
16:37:50;5684;49,96;
16:37:53;5668;49,96;
16:37:56;5674;49,96;
16:37:59;5632;49,98;
16:38:02;5674;49,98;
16:38:05;5680;49,98;
16:38:08;5670;49,99;
16:38:11;5652;49,99;
16:38:14;5648;49,98;
16:38:17;5672;49,98;
16:38:20;5666;49,98;
16:38:23;5676;49,98;
16:38:29;5672;49,98;
16:38:32;5666;49,98;
16:38:35;5668;49,99;
16:38:38;5618;49,99;
16:38:41;5680;50,00;
16:38:44;5668;49,99;
16:38:47;5680;49,99;
16:38:50;5680;49,98;
16:38:53;5678;49,98;
16:38:56;5660;49,97;
16:38:59;5656;49,97;
16:39:02;5606;49,97;
16:39:05;5656;49,97;
16:39:08;5646;49,98;
16:39:11;5652;49,98;
16:39:14;5596;49,98;
16:39:17;5654;49,98;
16:39:20;5642;49,98;
16:39:23;5654;49,98;
16:39:26;5594;49,98;
16:39:29;5650;49,98;
16:39:35;5646;49,98;
16:39:38;5584;49,97;
16:39:41;5636;49,97;
16:39:44;5642;49,97;
16:39:47;5622;49,98;
16:39:50;5608;49,98;
16:39:53;5648;49,98;
16:39:56;5652;49,98;
16:39:59;5660;49,98;
16:40:02;5610;49,97;
16:40:05;5662;49,97;
16:40:08;5640;49,96;
16:40:11;5660;49,96;
16:40:14;5606;49,96;
16:40:20;5640;49,96;
16:40:23;5658;49,96;
16:40:26;5606;49,96;
16:40:29;5660;49,96;
16:40:32;5634;49,96;
16:40:35;5652;49,95;
16:40:41;5604;49,95;
16:40:44;5616;49,95;
16:40:47;5642;49,96;
16:40:50;5588;49,96;
16:40:53;5634;49,96;
16:40:56;5602;49,95;
16:40:59;5628;49,95;
16:41:05;5618;49,95;
16:41:08;5610;49,95;
16:41:11;5616;49,95;
16:41:14;5600;49,96;
16:41:17;5598;49,96;
16:41:20;5618;49,96;
16:41:26;5612;49,95;
16:41:29;5578;49,95;
16:41:32;5618;49,96;
16:41:35;5592;49,96;
16:41:38;5616;49,95;
16:41:41;5568;49,95;
16:41:44;5612;49,95;
16:41:50;5606;49,96;
16:41:53;5554;49,96;
16:41:56;5602;49,96;
16:41:59;5572;49,96;
16:42:02;5594;49,96;
16:42:05;5548;49,96;
16:42:08;5592;49,95;
16:42:11;5564;49,96;
16:42:14;5594;49,96;
16:42:17;5542;49,96;
16:42:20;5590;49,95;
16:42:23;5562;49,95;
16:42:26;5582;49,96;
16:42:35;5552;49,96;
16:42:38;5582;49,96;
16:42:41;5534;49,96;
16:42:44;5582;49,96;
16:42:47;5548;49,96;
16:42:50;5574;49,96;
16:42:53;5578;49,96;
16:42:59;5540;49,96;
16:43:02;5574;49,97;
16:43:05;5530;49,97;
16:43:08;5568;49,97;
16:43:11;5544;49,97;
16:43:14;5552;49,96;
16:43:17;5540;49,96;
16:43:20;5568;49,96;
16:43:23;5562;49,96;
16:43:26;5566;49,96;
16:43:29;5558;49,96;
16:43:32;5562;49,96;
16:43:38;5558;49,95;
16:43:41;5562;49,95;
16:43:44;5556;49,96;
16:43:47;5554;49,96;
16:43:50;5552;49,96;
16:43:53;5554;49,96;
16:43:56;5510;49,96;
16:43:59;5552;49,96;
16:44:02;5544;49,96;
16:44:05;5542;49,96;
16:44:08;5496;49,96;
16:44:11;5534;49,96;
16:44:14;5502;49,96;
16:44:17;5532;49,96;
16:44:23;5534;49,96;
16:44:26;5498;49,96;
16:44:29;5530;49,95;
16:44:32;5492;49,95;
16:44:35;5540;49,95;
16:44:38;5504;49,95;
16:44:41;5536;49,95;
16:44:44;5534;49,95;
16:44:47;5532;49,96;
16:44:50;5494;49,96;
16:44:53;5530;49,96;
16:44:56;5488;49,96;
16:44:59;5526;49,96;
16:45:02;5490;49,96;
16:45:05;5526;49,96;
16:45:08;5482;49,96;
16:45:11;5518;49,96;
16:45:14;5490;49,96;
16:45:17;5512;49,96;
16:45:20;5472;49,96;
16:45:23;5514;49,96;
16:45:29;5518;49,96;
16:45:32;5480;49,96;
16:45:35;5516;49,96;
16:45:38;5474;49,96;
16:45:41;5514;49,96;
16:45:44;5476;49,96;
16:45:47;5514;49,96;
16:45:50;5516;49,96;
16:45:53;5520;49,96;
16:45:56;5484;49,96;
16:45:59;5524;49,96;
16:46:02;5480;49,96;
16:46:05;5528;49,96;
16:46:08;5490;49,96;
16:46:11;5520;49,96;
16:46:14;5504;49,96;
16:46:17;5532;49,97;
16:46:20;5508;49,96;
16:46:23;5526;49,96;
16:46:26;5514;49,96;
16:46:29;5518;49,96;
16:46:35;5510;49,96;
16:46:38;5506;49,96;
16:46:41;5504;49,97;
16:46:44;5500;49,97;
16:46:47;5500;49,98;
16:46:50;5504;49,98;
16:46:53;5466;49,98;
16:46:56;5508;49,98;
16:46:59;5508;49,96;
16:47:02;5510;49,96;
16:47:05;5506;49,97;
16:47:08;5502;49,97;
16:47:11;5500;49,97;
16:47:14;5502;49,97;
16:47:17;5452;49,97;
16:47:20;5502;49,97;
16:47:23;5492;49,97;
16:47:26;5490;49,97;
16:47:29;5480;49,97;
16:47:35;5474;49,97;
16:47:41;5468;49,98;
16:47:44;5470;49,98;
16:47:47;5468;49,98;
16:47:50;5470;49,98;
16:47:56;5472;49,98;
16:47:59;5448;49,98;
16:48:02;5472;49,98;
16:48:05;5480;49,98;
16:48:08;5484;49,98;
16:48:11;5490;49,98;
16:48:14;5482;49,97;
16:48:17;5458;49,98;
16:48:20;5476;49,97;
16:48:23;5462;49,98;
16:48:26;5474;49,97;
16:48:29;5432;49,97;
16:48:32;5472;49,97;
16:48:35;5462;49,97;
16:48:41;5460;49,97;
16:48:44;5418;49,97;
16:48:47;5458;49,97;
16:48:50;5460;49,97;
16:48:53;5458;49,97;
16:48:56;5456;49,98;
16:48:59;5452;49,98;
16:49:02;5450;49,98;
16:49:08;5402;49,97;
16:49:11;5444;49,98;
16:49:17;5446;49,98;
16:49:20;5444;49,98;
16:49:23;5442;49,98;
16:49:26;5440;49,98;
16:49:32;5434;49,98;
16:49:35;5430;49,97;
16:49:38;5426;49,97;
16:49:41;5428;49,97;
16:49:44;5426;49,97;
16:49:47;5424;49,97;
16:49:50;5402;49,98;
16:49:53;5418;49,98;
16:49:56;5410;49,98;
16:50:02;5406;49,98;
16:50:05;5400;49,98;
16:50:08;5394;49,98;
16:50:14;5376;49,98;
16:50:17;5384;49,98;
16:50:20;5378;49,98;
16:50:23;5390;49,98;
16:50:29;5388;49,98;
16:50:32;5386;49,98;
16:50:38;5378;49,98;
16:50:41;5376;49,98;
16:50:44;5372;49,99;
16:50:50;5366;49,99;
16:50:53;5364;49,99;
16:50:56;5312;49,99;
16:50:59;5362;49,98;
16:51:02;5356;49,98;
16:51:08;5356;49,99;
16:51:14;5352;49,99;
16:51:17;5354;49,99;
16:51:20;5318;49,99;
16:51:23;5352;50,00;
16:51:26;5338;49,99;
16:51:29;5348;49,99;
16:51:32;5316;49,99;
16:51:35;5342;49,99;
16:51:38;5318;49,99;
16:51:44;5290;49,99;
16:51:47;5334;49,98;
16:51:50;5312;49,98;
16:51:53;5332;49,98;
16:51:56;5286;49,98;
16:51:59;5330;49,98;
16:52:02;5328;49,98;
16:52:05;5304;49,99;
16:52:08;5276;50,00;
16:52:11;5324;50,00;
16:52:14;5298;50,00;
16:52:17;5322;50,00;
16:52:20;5274;49,99;
16:52:23;5320;49,99;
16:52:26;5316;49,99;
16:52:29;5314;49,98;
16:52:32;5266;49,98;
16:52:35;5314;49,98;
16:52:38;5284;49,98;
16:52:41;5310;49,98;
16:52:44;5260;49,98;
16:52:50;5284;49,97;
16:52:53;5306;49,98;
16:52:56;5258;49,97;
16:52:59;5302;49,98;
16:53:02;5276;49,97;
16:53:05;5302;49,97;
16:53:08;5300;49,98;
16:53:11;5252;49,98;
16:53:14;5292;49,98;
16:53:17;5284;49,98;
16:53:20;5286;49,98;
16:53:23;5272;49,98;
16:53:26;5278;49,98;
16:53:29;5260;49,98;
16:53:35;5246;49,99;
16:53:38;5276;49,99;
16:53:41;5246;49,99;
16:53:44;5268;49,99;
16:53:47;5220;49,99;
16:53:50;5268;49,99;
16:53:53;5266;49,98;
16:53:56;5234;49,98;
16:53:59;5208;49,98;
16:54:02;5254;49,98;
16:54:05;5226;49,98;
16:54:08;5252;49,98;
16:54:11;5202;49,98;
16:54:14;5248;49,98;
16:54:17;5246;49,98;
16:54:20;5242;49,97;
16:54:23;5196;49,97;
16:54:26;5238;49,97;
16:54:29;5206;49,97;
16:54:32;5234;49,97;
16:54:35;5188;49,96;
16:54:41;5196;49,96;
16:54:44;5224;49,96;
16:54:47;5176;49,96;
16:54:50;5220;49,96;
16:54:53;5188;49,97;
16:54:56;5216;49,97;
16:54:59;5212;49,97;
16:55:02;5168;49,98;
16:55:05;5176;49,98;
16:55:08;5206;49,97;
16:55:11;5160;49,97;
16:55:14;5204;49,96;
16:55:17;5168;49,96;
16:55:20;5198;49,97;
16:55:23;5196;49,97;
16:55:29;5160;49,97;
16:55:32;5192;49,96;
16:55:35;5142;49,96;
16:55:38;5184;49,96;
16:55:41;5144;49,96;
16:55:47;5126;49,97;
16:55:50;5168;49,97;
16:55:53;5134;49,98;
16:55:56;5164;49,97;
16:55:59;5118;49,97;
16:56:02;5162;49,97;
16:56:05;5160;49,97;
16:56:08;5124;49,97;
16:56:11;5114;49,97;
16:56:14;5158;49,97;
16:56:17;5122;49,97;
16:56:20;5150;49,97;
16:56:23;5120;49,97;
16:56:26;5142;49,97;
16:56:29;5150;49,97;
16:56:32;5130;49,96;
16:56:35;5132;49,97;
16:56:38;5118;49,97;
16:56:41;5144;49,97;
16:56:44;5110;49,98;
16:56:47;5144;49,98;
16:56:53;5136;49,97;
16:56:56;5100;49,97;
16:56:59;5132;49,97;
16:57:02;5092;49,97;
16:57:05;5130;49,97;
16:57:08;5094;49,96;
16:57:11;5130;49,96;
16:57:14;5130;49,97;
16:57:17;5120;49,97;
16:57:20;5080;49,97;
16:57:23;5118;49,98;
16:57:26;5078;49,98;
16:57:29;5114;49,97;
16:57:32;5074;49,97;
16:57:35;5114;49,97;
16:57:38;5074;49,98;
16:57:41;5108;49,98;
16:57:44;5062;49,98;
16:57:47;5104;49,98;
16:57:50;5066;49,99;
16:57:53;5100;49,99;
16:57:59;5056;49,99;
16:58:02;5056;50,00;
16:58:05;5090;50,00;
16:58:08;5046;50,00;
16:58:11;5084;50,00;
16:58:14;5050;49,99;
16:58:17;5084;49,99;
16:58:20;5082;49,99;
16:58:23;5072;49,98;
16:58:26;5050;49,98;
16:58:29;5068;49,98;
16:58:32;5058;49,99;
16:58:35;5048;49,99;
16:58:38;5056;50,00;
16:58:44;5064;50,00;
16:58:47;5024;50,00;
16:58:50;5062;50,00;
16:58:53;5028;50,00;
16:58:56;5060;50,00;
16:58:59;5016;50,00;
16:59:02;5056;50,00;
16:59:08;5054;50,00;
16:59:11;5008;50,00;
16:59:14;5054;50,01;
16:59:17;5022;50,01;
16:59:20;5050;50,01;
16:59:23;5008;50,01;
16:59:26;5046;50,01;
16:59:29;5018;50,01;
16:59:32;5036;50,01;
16:59:35;4988;50,01;
16:59:38;5030;50,01;
16:59:41;5000;50,01;
16:59:44;5024;50,01;
16:59:50;5012;50,01;
16:59:53;4980;50,01;
16:59:56;5002;50,01;
16:59:59;4960;50,01;
17:00:02;4998;50,02;
17:00:05;4968;50,02;
17:00:08;4996;50,02;
17:00:11;4994;50,03;
17:00:14;4992;50,02;
17:00:17;4958;50,02;
17:00:20;4980;50,01;
17:00:23;4930;50,01;
17:00:26;4978;50,02;
17:00:29;4950;50,02;
17:00:32;4974;50,02;
17:00:35;4926;50,02;
17:00:38;4966;50,02;
17:00:41;4940;50,02;
17:00:44;4960;50,02;
17:00:47;4914;50,02;
17:00:50;4954;50,02;
17:00:56;4952;50,03;
17:00:59;4904;50,03;
17:01:02;4946;50,04;
17:01:05;4922;50,04;
17:01:08;4944;50,03;
17:01:11;4896;50,03;
17:01:14;4942;50,03;
17:01:17;4940;50,03;
17:01:20;4938;50,03;
17:01:23;4896;50,03;
17:01:26;4932;50,03;
17:01:29;4912;50,03;
17:01:32;4928;50,03;
17:01:35;4906;50,03;
17:01:38;4898;50,03;
17:01:41;4912;50,04;
17:01:44;4920;50,03;
17:01:47;4918;50,03;
17:01:56;4916;50,03;
17:02:02;4912;50,03;
17:02:05;4914;50,03;
17:02:08;4910;50,03;
17:02:14;4862;50,03;
17:02:17;4904;50,04;
17:02:20;4880;50,03;
17:02:23;4900;50,04;
17:02:26;4850;50,05;
17:02:29;4896;50,05;
17:02:32;4872;50,05;
17:02:35;4894;50,05;
17:02:38;4846;50,05;
17:02:41;4892;50,05;
17:02:47;4890;50,04;
17:02:50;4842;50,05;
17:02:53;4888;50,05;
17:02:56;4868;50,05;
17:02:59;4886;50,05;
17:03:02;4840;50,05;
17:03:05;4884;50,05;
17:03:08;4880;50,05;
17:03:11;4874;50,05;
17:03:14;4828;50,05;
17:03:17;4870;50,05;
17:03:20;4850;50,04;
17:03:23;4866;50,04;
17:03:26;4826;50,04;
17:03:29;4856;50,04;
17:03:32;4842;50,04;
17:03:35;4856;50,04;
17:03:38;4808;50,04;
17:03:41;4850;50,04;
17:03:44;4832;50,03;
17:03:47;4846;50,03;
17:03:53;4844;50,03;
17:03:56;4824;50,04;
17:03:59;4838;50,04;
17:04:02;4790;50,05;
17:04:05;4836;50,05;
17:04:08;4818;50,04;
17:04:11;4834;50,04;
17:04:14;4836;50,04;
17:04:17;4834;50,04;
17:04:20;4818;50,04;
17:04:23;4836;50,03;
17:04:26;4798;50,03;
17:04:29;4836;50,03;
17:04:32;4822;50,03;
17:04:35;4836;50,03;
17:04:38;4800;50,03;
17:04:41;4826;50,03;
17:04:44;4832;50,03;
17:04:47;4830;50,03;
17:04:50;4824;50,03;
17:04:59;4816;50,03;
17:05:02;4812;50,03;
17:05:05;4808;50,03;
17:05:11;4806;50,02;
17:05:14;4804;50,02;
17:05:17;4750;50,02;
17:05:20;4804;50,01;
17:05:23;4806;50,01;
17:05:26;4802;50,02;
17:05:29;4800;50,01;
17:05:32;4796;50,01;
17:05:35;4792;50,01;
17:05:38;4790;50,01;
17:05:41;4730;50,01;
17:05:44;4782;50,00;
17:05:47;4780;50,00;
17:05:50;4778;50,00;
17:05:59;4776;50,00;
17:06:08;4774;50,00;
17:06:11;4770;50,00;
17:06:14;4768;50,00;
17:06:17;4762;50,00;
17:06:20;4760;50,00;
17:06:23;4748;50,00;
17:06:26;4760;50,00;
17:06:29;4756;49,99;
17:06:32;4756;50,00;
17:06:35;4744;50,00;
17:06:38;4752;50,00;
17:06:41;4728;50,00;
17:06:44;4750;50,00;
17:06:50;4746;50,00;
17:06:53;4736;49,99;
17:06:56;4744;49,98;
17:06:59;4740;49,98;
17:07:02;4738;49,98;
17:07:05;4740;49,98;
17:07:08;4684;49,97;
17:07:11;4738;49,97;
17:07:14;4736;49,98;
17:07:20;4734;49,98;
17:07:23;4732;49,98;
17:07:26;4728;49,98;
17:07:29;4680;49,99;
17:07:32;4718;49,99;
17:07:35;4722;49,99;
17:07:38;4728;49,99;
17:07:41;4698;49,99;
17:07:44;4710;50,00;
17:07:47;4724;50,00;
17:07:50;4722;49,99;
17:07:56;4718;50,00;
17:07:59;4716;50,00;
17:08:02;4718;50,00;
17:08:05;4716;50,00;
17:08:08;4700;50,00;
17:08:11;4708;50,00;
17:08:14;4690;50,00;
17:08:17;4714;50,00;
17:08:20;4698;49,99;
17:08:23;4710;49,99;
17:08:26;4706;49,99;
17:08:29;4702;49,98;
17:08:32;4696;49,98;
17:08:35;4694;49,99;
17:08:38;4668;49,99;
17:08:41;4694;49,99;
17:08:44;4688;49,99;
17:08:50;4686;49,99;
17:08:53;4684;49,99;
17:08:56;4680;49,98;
17:09:02;4674;49,98;
17:09:08;4668;49,97;
17:09:11;4670;49,98;
17:09:14;4668;49,98;
17:09:17;4670;49,98;
17:09:20;4626;49,98;
17:09:23;4664;49,98;
17:09:26;4656;49,97;
17:09:29;4654;49,97;
17:09:32;4650;49,97;
17:09:35;4648;49,97;
17:09:38;4634;49,97;
17:09:41;4646;49,97;
17:09:44;4620;49,97;
17:09:47;4644;49,96;
17:09:50;4616;49,96;
17:09:53;4640;49,96;
17:09:56;4602;49,97;
17:09:59;4632;49,97;
17:10:02;4596;49,98;
17:10:08;4582;49,98;
17:10:11;4620;49,98;
17:10:14;4588;49,98;
17:10:17;4622;49,97;
17:10:20;4586;49,97;
17:10:23;4626;49,97;
17:10:26;4624;49,98;
17:10:29;4590;49,98;
17:10:32;4584;49,98;
17:10:35;4618;49,98;
17:10:38;4576;49,98;
17:10:41;4610;49,98;
17:10:44;4574;49,98;
17:10:47;4604;49,98;
17:10:53;4600;49,98;
17:10:56;4562;49,98;
17:10:59;4596;49,98;
17:11:02;4558;49,98;
17:11:05;4594;49,98;
17:11:08;4564;49,97;
17:11:14;4548;49,98;
17:11:17;4572;49,98;
17:11:20;4570;49,98;
17:11:23;4564;49,97;
17:11:26;4560;49,97;
17:11:29;4552;49,96;
17:11:32;4550;49,97;
17:11:35;4520;49,97;
17:11:38;4542;49,97;
17:11:41;4526;49,97;
17:11:44;4532;49,97;
17:11:47;4520;49,97;
17:11:50;4530;49,97;
17:11:53;4520;49,97;
17:11:59;4498;49,97;
17:12:02;4534;49,97;
17:12:05;4510;49,97;
17:12:08;4528;49,97;
17:12:11;4486;49,97;
17:12:14;4522;49,97;
17:12:17;4500;49,97;
17:12:20;4516;49,97;
17:12:26;4518;49,97;
17:12:29;4516;49,97;
17:12:32;4508;49,96;
17:12:35;4500;49,96;
17:12:38;4504;49,96;
17:12:41;4496;49,96;
17:12:44;4506;49,97;
17:12:47;4476;49,98;
17:12:50;4498;49,98;
17:12:53;4492;49,98;
17:12:56;4502;49,98;
17:12:59;4468;49,97;
17:13:05;4482;49,97;
17:13:08;4500;49,98;
17:13:11;4462;49,98;
17:13:14;4498;49,99;
17:13:17;4474;49,99;
17:13:20;4490;50,00;
17:13:23;4492;50,00;
17:13:26;4456;50,00;
17:13:29;4474;49,99;
17:13:32;4488;49,99;
17:13:35;4436;49,98;
17:13:38;4482;49,98;
17:13:41;4462;49,98;
17:13:44;4474;49,98;
17:13:47;4472;49,99;
17:13:50;4468;49,99;
17:13:53;4454;49,99;
17:13:56;4468;49,99;
17:13:59;4416;49,99;
17:14:02;4464;49,99;
17:14:05;4446;49,99;
17:14:11;4414;49,98;
17:14:14;4458;49,98;
17:14:17;4438;49,98;
17:14:20;4450;49,98;
17:14:23;4396;49,97;
17:14:26;4440;49,97;
17:14:29;4436;49,96;
17:14:32;4420;49,96;
17:14:35;4388;49,97;
17:14:38;4430;49,97;
17:14:41;4420;49,97;
17:14:44;4408;49,97;
17:14:47;4390;49,97;
17:14:50;4398;49,97;
17:14:53;4416;49,97;
17:14:56;4402;49,97;
17:14:59;4406;49,98;
17:15:02;4380;49,98;
17:15:05;4414;49,98;
17:15:08;4394;49,98;
17:15:11;4408;49,97;
17:15:17;4400;49,98;
17:15:20;4380;49,97;
17:15:23;4396;49,97;
17:15:26;4354;49,97;
17:15:29;4390;49,97;
17:15:32;4372;49,97;
17:15:35;4390;49,97;
17:15:38;4390;49,98;
17:15:41;4392;49,99;
17:15:44;4372;50,00;
17:15:47;4388;50,00;
17:15:50;4344;50,00;
17:15:53;4386;50,00;
17:15:56;4370;50,00;
17:16:02;4344;50,01;
17:16:05;4382;50,00;
17:16:08;4360;50,01;
17:16:11;4378;50,00;
17:16:14;4338;50,00;
17:16:17;4374;50,00;
17:16:20;4372;50,00;
17:16:23;4350;50,00;
17:16:26;4330;50,00;
17:16:29;4368;50,00;
17:16:32;4342;50,00;
17:16:35;4362;50,00;
17:16:38;4318;50,00;
17:16:41;4356;50,00;
17:16:44;4352;50,00;
17:16:47;4336;50,00;
17:16:50;4320;49,99;
17:16:53;4324;49,99;
17:16:56;4338;50,00;
17:16:59;4334;50,00;
17:17:02;4296;50,00;
17:17:08;4312;49,99;
17:17:11;4332;50,00;
17:17:14;4288;49,99;
17:17:17;4326;49,99;
17:17:20;4302;49,99;
17:17:23;4326;49,99;
17:17:26;4322;49,99;
17:17:29;4278;49,99;
17:17:32;4284;49,98;
17:17:35;4306;49,98;
17:17:38;4266;49,98;
17:17:41;4300;49,98;
17:17:44;4282;49,98;
17:17:47;4282;49,97;
17:17:50;4296;49,98;
17:17:53;4284;49,97;
17:17:56;4288;49,98;
17:17:59;4272;49,98;
17:18:02;4274;49,99;
17:18:05;4246;49,99;
17:18:08;4270;49,99;
17:18:14;4264;49,99;
17:18:17;4238;49,99;
17:18:20;4270;49,99;
17:18:23;4242;49,98;
17:18:26;4268;49,98;
17:18:29;4236;49,98;
17:18:32;4270;49,98;
17:18:38;4274;49,98;
17:18:41;4238;49,98;
17:18:44;4274;49,98;
17:18:47;4254;49,98;
17:18:50;4274;49,99;
17:18:53;4236;49,99;
17:18:56;4264;49,99;
17:18:59;4236;49,99;
17:19:02;4260;49,99;
17:19:05;4230;50,00;
17:19:08;4260;49,99;
17:19:11;4236;49,99;
17:19:14;4258;49,99;
17:19:20;4254;49,98;
17:19:23;4224;49,98;
17:19:26;4252;49,98;
17:19:29;4218;49,98;
17:19:32;4248;49,98;
17:19:35;4216;49,98;
17:19:38;4244;49,98;
17:19:41;4242;49,98;
17:19:44;4236;49,98;
17:19:47;4222;49,98;
17:19:50;4234;49,99;
17:19:53;4216;49,99;
17:19:56;4228;49,99;
17:19:59;4220;49,99;
17:20:02;4200;49,99;
17:20:05;4216;49,99;
17:20:08;4214;49,99;
17:20:11;4208;49,98;
17:20:14;4206;49,99;
17:20:17;4202;49,99;
17:20:20;4196;49,99;
17:20:26;4190;49,99;
17:20:29;4182;49,99;
17:20:32;4176;49,99;
17:20:35;4184;49,99;
17:20:38;4118;49,99;
17:20:41;4178;49,99;
17:20:44;4164;49,99;
17:20:47;4174;49,99;
17:20:50;4110;49,98;
17:20:53;4164;49,98;
17:20:56;4148;49,98;
17:20:59;4158;49,98;
17:21:02;4106;49,98;
17:21:05;4146;49,98;
17:21:11;4138;50,00;
17:21:14;4098;50,00;
17:21:17;4132;50,00;
17:21:20;4122;50,00;
17:21:23;4130;49,99;
17:21:26;4094;49,99;
17:21:29;4120;49,99;
17:21:32;4118;49,99;
17:21:35;4104;49,98;
17:21:38;4072;49,98;
17:21:41;4090;49,98;
17:21:47;4095;49,98;
17:21:50;4093;49,98;
17:21:53;4093;49,99;
17:21:56;4081;49,98;
17:21:59;4091;49,99;
17:22:02;4056;49,99;
17:22:05;4086;49,99;
17:22:08;4065;49,98;
17:22:11;4081;49,98;
17:22:17;4079;49,98;
17:22:20;4057;49,98;
17:22:23;4076;49,98;
17:22:26;4047;49,98;
17:22:29;4073;49,97;
17:22:32;4052;49,98;
17:22:35;4068;49,98;
17:22:38;4067;49,98;
17:22:41;4068;49,98;
17:22:44;4058;49,98;
17:22:47;4066;49,98;
17:22:50;4052;49,98;
17:22:53;4065;49,99;
17:22:56;4045;50,00;
17:22:59;4046;50,00;
17:23:02;4064;50,00;
17:23:05;4063;50,00;
17:23:08;4058;49,99;
17:23:11;4066;49,98;
17:23:14;4067;49,98;
17:23:17;4066;49,97;
17:23:23;4063;49,97;
17:23:26;4063;49,96;
17:23:29;4059;49,96;
17:23:32;4057;49,96;
17:23:35;4050;49,96;
17:23:41;4022;49,96;
17:23:44;4051;49,96;
17:23:47;4047;49,97;
17:23:50;4041;49,96;
17:23:53;4043;49,96;
17:23:59;4044;49,97;
17:24:02;4043;49,96;
17:24:05;4013;49,96;
17:24:08;4041;49,96;
17:24:11;4041;49,97;
17:24:14;4040;49,97;
17:24:17;4037;49,96;
17:24:20;4035;49,96;
17:24:23;4031;49,97;
17:24:29;4030;49,97;
17:24:32;4031;49,97;
17:24:35;4025;49,97;
17:24:38;4024;49,97;
17:24:41;4018;49,97;
17:24:44;4017;49,96;
17:24:47;3982;49,97;
17:24:50;4013;49,96;
17:24:53;3993;49,97;
17:24:56;4006;49,98;
17:24:59;3986;49,98;
17:25:02;4000;49,99;
17:25:05;3995;50,00;
17:25:08;3998;50,00;
17:25:14;4002;50,00;
17:25:17;4001;50,00;
17:25:20;4001;49,99;
17:25:23;4002;49,98;
17:25:26;4003;49,98;
17:25:29;4003;49,97;
17:25:32;3973;49,97;
17:25:35;4001;49,97;
17:25:38;3997;49,97;
17:25:41;3996;49,97;
17:25:44;3992;49,96;
17:25:47;3993;49,96;
17:25:50;3985;49,96;
17:25:53;3986;49,96;
17:25:56;3951;49,96;
17:25:59;3979;49,97;
17:26:02;3980;49,98;
17:26:05;3982;49,98;
17:26:08;3978;49,99;
17:26:11;3981;49,99;
17:26:14;3976;49,98;
17:26:20;3972;49,97;
17:26:23;3971;49,98;
17:26:26;3972;49,98;
17:26:32;3965;49,98;
17:26:35;3963;49,98;
17:26:38;3939;49,98;
17:26:41;3957;49,97;
17:26:44;3949;49,96;
17:26:47;3946;49,96;
17:26:50;3942;49,97;
17:26:53;3943;49,97;
17:26:56;3937;49,97;
17:26:59;3935;49,97;
17:27:02;3910;49,97;
17:27:05;3927;49,96;
17:27:08;3919;49,96;
17:27:11;3917;49,96;
17:27:14;3911;49,95;
17:27:17;3909;49,95;
17:27:20;3902;49,96;
17:27:26;3892;49,96;
17:27:29;3893;49,96;
17:27:32;3888;49,96;
17:27:35;3885;49,96;
17:27:38;3883;49,96;
17:27:41;3880;49,96;
17:27:44;3863;49,96;
17:27:47;3880;49,97;
17:27:50;3880;49,96;
17:27:53;3875;49,96;
17:27:56;3859;49,97;
17:27:59;3867;49,97;
17:28:02;3841;49,97;
17:28:05;3858;49,97;
17:28:08;3855;49,97;
17:28:11;3851;49,96;
17:28:14;3815;49,95;
17:28:17;3845;49,95;
17:28:20;3821;49,95;
17:28:23;3839;49,94;
17:28:26;3807;49,94;
17:28:32;3809;49,95;
17:28:35;3826;49,95;
17:28:38;3840;49,95;
17:28:41;3814;49,95;
17:28:44;3843;49,95;
17:28:47;3849;49,95;
17:28:50;3861;49,95;
17:28:53;3853;49,95;
17:28:56;3826;49,96;
17:28:59;3860;49,96;
17:29:02;3852;49,96;
17:29:05;3860;49,96;
17:29:08;3823;49,96;
17:29:11;3860;49,95;
17:29:14;3860;49,96;
17:29:17;3861;49,96;
17:29:20;3820;49,95;
17:29:23;3860;49,95;
17:29:26;3861;49,95;
17:29:29;3860;49,95;
17:29:32;3859;49,96;
17:29:35;3821;49,96;
17:29:38;3858;49,96;
17:29:41;3856;49,96;
17:29:44;3856;49,95;
17:29:47;3850;49,95;
17:29:50;3850;49,96;
17:29:53;3844;49,95;
17:29:56;3838;49,95;
17:29:59;3793;49,95;
17:30:02;3838;49,95;
17:30:05;3832;49,95;
17:30:08;3841;49,95;
17:30:11;3807;49,94;
17:30:14;3836;49,94;
17:30:17;3834;49,95;
17:30:23;3768;49,94;
17:30:26;3828;49,94;
17:30:29;3826;49,94;
17:30:32;3824;49,95;
17:30:35;3761;49,94;
17:30:38;3821;49,94;
17:30:47;3758;49,94;
17:30:50;3818;49,94;
17:30:53;3814;49,94;
17:30:59;3755;49,94;
17:31:02;3814;49,94;
17:31:05;3812;49,94;
17:31:08;3810;49,95;
17:31:11;3743;49,95;
17:31:14;3802;49,95;
17:31:17;3793;49,95;
17:31:20;3797;49,94;
17:31:23;3735;49,94;
17:31:29;3781;49,94;
17:31:32;3785;49,94;
17:31:35;3729;49,94;
17:31:38;3779;49,94;
17:31:41;3769;49,94;
17:31:44;3772;49,94;
17:31:47;3771;49,94;
17:31:50;3724;49,94;
17:31:53;3739;49,94;
17:31:56;3762;49,94;
17:31:59;3707;49,94;
17:32:02;3756;49,94;
17:32:05;3727;49,94;
17:32:08;3752;49,94;
17:32:11;3748;49,94;
17:32:14;3743;49,94;
17:32:17;3723;49,94;
17:32:20;3736;49,94;
17:32:23;3689;49,94;
17:32:26;3728;49,94;
17:32:29;3732;49,93;
17:32:35;3691;49,93;
17:32:38;3729;49,93;
17:32:41;3716;49,93;
17:32:44;3730;49,94;
17:32:47;3682;49,94;
17:32:50;3723;49,94;
17:32:53;3724;49,94;
17:32:56;3711;49,94;
17:32:59;3675;49,94;
17:33:02;3694;49,95;
17:33:05;3703;49,95;
17:33:08;3690;49,95;
17:33:11;3677;49,95;
17:33:14;3659;49,95;
17:33:17;3686;49,95;
17:33:20;3674;49,95;
17:33:23;3673;49,95;
17:33:26;3627;49,95;
17:33:29;3660;49,95;
17:33:32;3661;49,95;
17:33:35;3662;49,96;
17:33:41;3648;49,96;
17:33:44;3625;49,96;
17:33:47;3631;49,96;
17:33:50;3588;49,96;
17:33:53;3608;49,96;
17:33:56;3590;49,96;
17:33:59;3598;49,96;
17:34:02;3594;49,96;
17:34:05;3588;49,96;
17:34:08;3575;49,96;
17:34:11;3581;49,96;
17:34:14;3574;49,96;
17:34:17;3584;49,96;
17:34:20;3560;49,96;
17:34:26;3564;49,96;
17:34:29;3575;49,96;
17:34:32;3541;49,95;
17:34:35;3566;49,95;
17:34:38;3554;49,94;
17:34:41;3562;49,95;
17:34:44;3560;49,95;
17:34:47;3528;49,95;
17:34:50;3546;49,95;
17:34:53;3552;49,95;
17:34:56;3518;49,94;
17:34:59;3546;49,95;
17:35:02;3537;49,95;
17:35:05;3531;49,96;
17:35:08;3539;49,95;
17:35:11;3522;49,96;
17:35:14;3533;49,96;
17:35:17;3516;49,96;
17:35:20;3524;49,96;
17:35:23;3508;49,96;
17:35:26;3531;49,96;
17:35:32;3532;49,96;
17:35:35;3503;49,96;
17:35:38;3526;49,96;
17:35:41;3507;49,96;
17:35:44;3517;49,96;
17:35:47;3489;49,96;
17:35:50;3511;49,96;
17:35:53;3509;49,96;
17:35:56;3500;49,95;
17:35:59;3469;49,96;
17:36:02;3499;49,96;
17:36:05;3484;49,96;
17:36:08;3496;49,96;
17:36:11;3459;49,96;
17:36:14;3492;49,96;
17:36:17;3481;49,96;
17:36:20;3489;49,96;
17:36:23;3445;49,97;
17:36:26;3480;49,96;
17:36:29;3468;49,96;
17:36:32;3474;49,96;
17:36:38;3476;49,97;
17:36:41;3469;49,97;
17:36:44;3476;49,96;
17:36:47;3420;49,97;
17:36:50;3476;49,97;
17:36:53;3471;49,97;
17:36:56;3477;49,97;
17:37:02;3469;49,96;
17:37:05;3466;49,96;
17:37:08;3461;49,96;
17:37:11;3431;49,96;
17:37:14;3456;49,96;
17:37:20;3444;49,96;
17:37:23;3440;49,96;
17:37:26;3446;49,96;
17:37:29;3425;49,96;
17:37:32;3433;49,96;
17:37:35;3383;49,95;
17:37:38;3415;49,96;
17:37:44;3405;49,96;
17:37:47;3368;49,96;
17:37:50;3396;49,96;
17:37:53;3388;49,96;
17:37:56;3397;49,96;
17:37:59;3394;49,96;
17:38:02;3388;49,96;
17:38:05;3390;49,97;
17:38:08;3385;49,96;
17:38:11;3380;49,96;
17:38:14;3382;49,96;
17:38:17;3374;49,96;
17:38:20;3383;49,96;
17:38:23;3393;49,96;
17:38:26;3383;49,96;
17:38:29;3395;49,96;
17:38:32;3335;49,96;
17:38:35;3389;49,96;
17:38:38;3374;49,95;
17:38:41;3387;49,96;
17:38:44;3330;49,96;
17:38:47;3386;49,96;
17:38:50;3384;49,96;
17:38:53;3380;49,96;
17:38:56;3333;49,95;
17:38:59;3375;49,95;
17:39:02;3352;49,95;
17:39:05;3365;49,95;
17:39:08;3327;49,95;
17:39:11;3358;49,94;
17:39:14;3333;49,95;
17:39:17;3345;49,94;
17:39:20;3314;49,94;
17:39:23;3339;49,95;
17:39:26;3320;49,95;
17:39:29;3333;49,95;
17:39:35;3331;49,95;
17:39:38;3309;49,95;
17:39:41;3324;49,94;
17:39:44;3302;49,94;
17:39:47;3319;49,94;
17:39:50;3300;49,94;
17:39:53;3314;49,95;
17:39:56;3311;49,95;
17:39:59;3302;49,95;
17:40:02;3292;49,96;
17:40:05;3298;49,96;
17:40:08;3278;49,95;
17:40:11;3288;49,94;
17:40:14;3282;49,94;
17:40:17;3273;49,94;
17:40:20;3280;49,94;
17:40:23;3283;49,94;
17:40:26;3286;49,94;
17:40:29;3281;49,95;
17:40:32;3287;49,95;
17:40:35;3280;49,95;
17:40:41;3273;49,95;
17:40:44;3271;49,94;
17:40:47;3271;49,95;
17:40:50;3270;49,95;
17:40:53;3266;49,95;
17:40:56;3267;49,96;
17:40:59;3227;49,95;
17:41:02;3266;49,96;
17:41:05;3266;49,95;
17:41:08;3264;49,95;
17:41:11;3260;49,95;
17:41:14;3261;49,95;
17:41:17;3262;49,94;
17:41:23;3222;49,94;
17:41:26;3258;49,94;
17:41:29;3253;49,94;
17:41:32;3252;49,94;
17:41:35;3248;49,94;
17:41:38;3245;49,94;
17:41:41;3242;49,94;
17:41:47;3234;49,95;
17:41:53;3232;49,95;
17:41:56;3230;49,95;
17:41:59;3228;49,95;
17:42:02;3226;49,95;
17:42:05;3207;49,95;
17:42:08;3215;49,95;
17:42:11;3210;49,95;
17:42:14;3219;49,95;
17:42:17;3199;49,95;
17:42:20;3213;49,94;
17:42:23;3190;49,95;
17:42:26;3204;49,94;
17:42:29;3197;49,95;
17:42:32;3200;49,95;
17:42:35;3164;49,95;
17:42:38;3191;49,94;
17:42:41;3147;49,95;
17:42:44;3186;49,95;
17:42:47;3156;49,95;
17:42:53;3138;49,95;
17:42:56;3174;49,95;
17:42:59;3145;49,95;
17:43:02;3174;49,96;
17:43:05;3171;49,96;
17:43:11;3159;49,96;
17:43:14;3158;49,96;
17:43:17;3145;49,96;
17:43:20;3163;49,95;
17:43:23;3158;49,95;
17:43:26;3160;49,95;
17:43:29;3152;49,95;
17:43:32;3155;49,96;
17:43:38;3149;49,97;
17:43:41;3145;49,97;
17:43:44;3140;49,97;
17:43:47;3136;49,97;
17:43:50;3134;49,97;
17:43:53;3133;49,96;
17:43:56;3095;49,96;
17:43:59;3131;49,96;
17:44:02;3123;49,96;
17:44:05;3125;49,96;
17:44:08;3125;49,95;
17:44:11;3129;49,96;
17:44:14;3130;49,95;
17:44:17;3128;49,96;
17:44:20;3093;49,96;
17:44:23;3127;49,95;
17:44:26;3129;49,96;
17:44:29;3126;49,96;
17:44:35;3125;49,96;
17:44:38;3124;49,96;
17:44:44;3117;49,96;
17:44:47;3117;49,97;
17:44:50;3116;49,97;
17:44:53;3114;49,97;
17:44:56;3111;49,97;
17:44:59;3112;49,96;
17:45:02;3085;49,96;
17:45:05;3112;49,97;
17:45:08;3110;49,96;
17:45:11;3105;49,96;
17:45:14;3090;49,96;
17:45:17;3099;49,96;
17:45:20;3090;49,96;
17:45:23;3096;49,96;
17:45:26;3097;49,96;
17:45:29;3092;49,97;
17:45:32;3066;49,97;
17:45:35;3084;49,96;
17:45:38;3069;49,96;
17:45:41;3076;49,96;
17:45:44;3040;49,96;
17:45:50;3053;49,96;
17:45:56;3022;49,96;
17:45:59;3050;49,96;
17:46:02;3036;49,96;
17:46:05;3043;49,96;
17:46:08;3038;49,96;
17:46:11;3004;49,96;
17:46:14;3011;49,96;
17:46:17;3020;49,96;
17:46:20;2984;49,96;
17:46:23;3008;49,96;
17:46:26;2999;49,96;
17:46:29;3008;49,96;
17:46:32;3006;49,96;
17:46:35;3001;49,96;
17:46:38;2987;49,96;
17:46:41;3000;49,96;
17:46:44;2967;49,96;
17:46:47;2997;49,97;
17:46:50;2984;49,97;
17:46:56;2959;49,97;
17:46:59;2985;49,97;
17:47:02;2971;49,97;
17:47:05;2984;49,97;
17:47:08;2949;49,97;
17:47:11;2973;49,97;
17:47:14;2977;49,97;
17:47:17;2973;49,97;
17:47:20;2953;49,97;
17:47:23;2952;49,97;
17:47:26;2967;49,97;
17:47:29;2952;49,97;
17:47:32;2963;49,97;
17:47:35;2933;49,98;
17:47:41;2939;49,97;
17:47:44;2944;49,97;
17:47:47;2907;49,97;
17:47:50;2938;49,97;
17:47:53;2928;49,97;
17:47:56;2934;49,97;
17:47:59;2932;49,97;
17:48:02;2892;49,98;
17:48:05;2918;49,98;
17:48:08;2921;49,98;
17:48:11;2878;49,98;
17:48:14;2913;49,97;
17:48:17;2911;49,97;
17:48:23;2915;49,97;
17:48:26;2913;49,96;
17:48:29;2906;49,96;
17:48:32;2909;49,96;
17:48:35;2885;49,97;
17:48:38;2905;49,98;
17:48:41;2884;49,98;
17:48:47;2877;49,98;
17:48:50;2895;49,97;
17:48:53;2871;49,97;
17:48:56;2891;49,97;
17:48:59;2866;49,98;
17:49:02;2888;49,98;
17:49:05;2886;49,98;
17:49:08;2868;49,98;
17:49:11;2860;49,98;
17:49:14;2880;49,98;
17:49:17;2859;49,98;
17:49:20;2875;49,98;
17:49:23;2845;49,98;
17:49:26;2868;49,97;
17:49:29;2865;49,97;
17:49:35;2834;49,97;
17:49:38;2861;49,97;
17:49:41;2845;49,98;
17:49:44;2857;49,97;
17:49:47;2838;49,97;
17:49:53;2842;49,97;
17:49:56;2855;49,97;
17:49:59;2831;49,98;
17:50:02;2853;49,98;
17:50:05;2837;49,98;
17:50:08;2849;49,98;
17:50:11;2846;49,98;
17:50:14;2830;49,98;
17:50:17;2827;49,98;
17:50:20;2834;49,97;
17:50:23;2824;49,97;
17:50:26;2814;49,98;
17:50:29;2820;49,98;
17:50:32;2818;49,98;
17:50:35;2821;49,98;
17:50:38;2794;49,98;
17:50:41;2815;49,98;
17:50:44;2802;49,98;
17:50:47;2807;49,98;
17:50:50;2781;49,98;
17:50:53;2802;49,98;
17:50:59;2795;49,98;
17:51:02;2770;49,98;
17:51:05;2789;49,99;
17:51:08;2777;49,99;
17:51:11;2784;49,99;
17:51:14;2760;49,98;
17:51:17;2781;49,98;
17:51:20;2779;49,98;
17:51:23;2778;49,97;
17:51:26;2757;49,97;
17:51:29;2776;49,97;
17:51:32;2769;49,97;
17:51:35;2772;49,97;
17:51:38;2757;49,97;
17:51:41;2771;49,97;
17:51:44;2763;49,98;
17:51:47;2775;49,98;
17:51:50;2761;49,98;
17:51:53;2774;49,98;
17:51:56;2759;49,98;
17:51:59;2772;49,98;
17:52:05;2761;49,98;
17:52:08;2752;49,98;
17:52:11;2772;49,98;
17:52:14;2765;49,98;
17:52:17;2775;49,98;
17:52:20;2758;49,98;
17:52:23;2765;49,97;
17:52:26;2774;49,97;
17:52:29;2762;49,97;
17:52:32;2761;49,97;
17:52:35;2755;49,97;
17:52:38;2772;49,97;
17:52:41;2753;49,96;
17:52:44;2767;49,97;
17:52:50;2766;49,97;
17:52:53;2751;49,98;
17:52:56;2764;49,97;
17:52:59;2735;49,97;
17:53:02;2762;49,96;
17:53:05;2748;49,96;
17:53:08;2761;49,96;
17:53:11;2760;49,96;
17:53:14;2758;49,96;
17:53:17;2744;49,96;
17:53:20;2734;49,96;
17:53:23;2749;49,96;
17:53:26;2750;49,96;
17:53:29;2740;49,96;
17:53:32;2748;49,96;
17:53:35;2722;49,96;
17:53:38;2740;49,97;
17:53:41;2720;49,97;
17:53:44;2734;49,97;
17:53:47;2707;49,97;
17:53:50;2732;49,97;
17:53:56;2728;49,98;
17:53:59;2701;49,98;
17:54:02;2723;49,99;
17:54:05;2706;49,99;
17:54:08;2718;49,98;
17:54:11;2690;49,98;
17:54:14;2717;49,98;
17:54:20;2709;50,00;
17:54:23;2680;50,00;
17:54:26;2706;50,00;
17:54:29;2696;50,01;
17:54:32;2703;50,01;
17:54:35;2671;50,00;
17:54:38;2691;50,00;
17:54:41;2681;49,99;
17:54:44;2688;49,99;
17:54:47;2655;49,99;
17:54:50;2681;49,99;
17:54:53;2671;49,99;
17:54:56;2679;49,99;
17:55:02;2674;50,00;
17:55:05;2664;50,00;
17:55:08;2677;50,01;
17:55:11;2638;50,01;
17:55:14;2667;50,01;
17:55:17;2670;50,01;
17:55:20;2664;50,01;
17:55:23;2668;50,01;
17:55:26;2666;50,01;
17:55:29;2661;50,01;
17:55:32;2671;50,01;
17:55:35;2652;50,01;
17:55:38;2662;50,01;
17:55:44;2646;50,01;
17:55:47;2655;50,01;
17:55:53;2652;50,01;
17:55:56;2650;50,01;
17:55:59;2647;50,01;
17:56:02;2644;50,01;
17:56:08;2639;50,02;
17:56:11;2636;50,01;
17:56:14;2631;50,02;
17:56:20;2628;50,02;
17:56:23;2627;50,02;
17:56:26;2590;50,01;
17:56:29;2615;50,01;
17:56:32;2596;50,01;
17:56:35;2592;50,01;
17:56:38;2552;50,01;
17:56:41;2585;50,00;
17:56:44;2573;50,01;
17:56:47;2584;50,01;
17:56:53;2581;50,01;
17:56:56;2571;50,01;
17:56:59;2587;50,01;
17:57:02;2551;50,00;
17:57:05;2587;50,01;
17:57:08;2569;50,01;
17:57:11;2587;50,01;
17:57:17;2583;50,01;
17:57:20;2575;50,01;
17:57:23;2577;50,01;
17:57:26;2555;50,01;
17:57:29;2572;50,01;
17:57:35;2562;50,01;
17:57:38;2559;50,01;
17:57:41;2564;50,01;
17:57:44;2552;50,01;
17:57:47;2561;50,01;
17:57:50;2535;50,01;
17:57:53;2554;50,01;
17:57:59;2552;50,01;
17:58:02;2527;50,01;
17:58:05;2548;50,01;
17:58:08;2545;50,01;
17:58:11;2556;50,02;
17:58:14;2522;50,02;
17:58:17;2538;50,02;
17:58:20;2537;50,02;
17:58:23;2533;50,02;
17:58:26;2497;50,02;
17:58:29;2509;50,02;
17:58:32;2499;50,03;
17:58:35;2498;50,03;
17:58:38;2482;50,02;
17:58:41;2477;50,02;
17:58:44;2477;50,03;
17:58:47;2471;50,03;
17:58:50;2467;50,03;
17:58:53;2458;50,03;
17:58:56;2453;50,03;
17:58:59;2449;50,03;
17:59:05;2447;50,04;
17:59:08;2448;50,04;
17:59:11;2448;50,03;
17:59:14;2449;50,03;
17:59:17;2454;50,03;
17:59:20;2458;50,03;
17:59:23;2435;50,02;
17:59:26;2463;50,02;
17:59:29;2467;50,02;
17:59:32;2472;50,02;
17:59:35;2475;50,01;
17:59:38;2476;50,01;
17:59:41;2477;50,01;
17:59:44;2479;50,01;
17:59:47;2454;50,02;
17:59:50;2479;50,02;
17:59:53;2476;50,02;
17:59:56;2477;50,02;
17:59:59;2472;50,03;
18:00:02;2468;50,03;
18:00:05;2460;50,02;
18:00:11;2451;50,02;
18:00:14;2445;50,02;
18:00:17;2430;50,02;
18:00:20;2433;50,01;
18:00:23;2428;50,02;
18:00:26;2449;50,02;
18:00:29;2451;50,03;
18:00:32;2448;50,03;
18:00:35;2433;50,03;
18:00:38;2451;50,04;
18:00:41;2446;50,03;
18:00:44;2451;50,03;
18:00:47;2421;50,03;
18:00:50;2451;50,03;
18:00:53;2450;50,04;
18:00:56;2454;50,04;
18:00:59;2420;50,04;
18:01:02;2455;50,04;
18:01:05;2438;50,04;
18:01:08;2295;50,04;
18:01:11;2015;50,04;
18:01:14;1768;50,03;
18:01:17;1662;50,03;
18:01:20;1818;50,04;
18:01:23;1900;50,05;
18:01:26;2017;50,05;
18:01:29;1975;50,05;
18:01:32;1645;50,05;
18:01:35;1520;50,05;
18:01:38;1406;50,05;
18:01:41;1260;50,06;
18:01:44;1122;50,05;
18:01:47;1130;50,05;
18:01:50;1139;50,05;
18:01:53;1142;50,05;
18:01:56;1282;50,05;
18:02:02;1771;50,05;
18:02:05;1920;50,05;
18:02:08;1982;50,05;
18:02:11;1780;50,05;
18:02:14;1244;50,05;
18:02:17;1015;50,05;
18:02:20;943;50,05;
18:02:23;990;50,05;
18:02:26;1034;50,05;
18:02:29;910;50,05;
18:02:32;782;50,04;
18:02:35;748;50,04;
18:02:38;770;50,04;
18:02:41;874;50,04;
18:02:44;1069;50,04;
18:02:47;1749;50,05;
18:02:50;2183;50,05;
18:02:53;2273;50,05;
18:02:56;2323;50,05;
18:02:59;2333;50,05;
18:03:02;2330;50,05;
18:03:08;2340;50,04;
18:03:11;2341;50,04;
18:03:14;2340;50,05;
18:03:17;2339;50,05;
18:03:20;2336;50,06;
18:03:23;2339;50,06;
18:03:26;2323;50,05;
18:03:29;2334;50,05;
18:03:32;2329;50,05;
18:03:35;2332;50,05;
18:03:38;2310;50,05;
18:03:41;2325;50,05;
18:03:44;2318;50,05;
18:03:47;2316;50,05;
18:03:50;2318;50,05;
18:03:53;2315;50,05;
18:03:56;2311;50,04;
18:03:59;2317;50,04;
18:04:02;2293;50,05;
18:04:05;2315;50,05;
18:04:08;2310;50,05;
18:04:14;2297;50,05;
18:04:17;2312;50,04;
18:04:20;2313;50,04;
18:04:23;2313;50,03;
18:04:26;2299;50,03;
18:04:29;2315;50,03;
18:04:32;2322;50,03;
18:04:35;2315;50,03;
18:04:38;2274;50,03;
18:04:41;2310;50,02;
18:04:44;2306;50,02;
18:04:47;2309;50,02;
18:04:50;2257;50,03;
18:04:53;2301;50,03;
18:04:56;2299;50,03;
18:04:59;2294;50,02;
18:05:02;2234;50,02;
18:05:05;2289;50,02;
18:05:08;2279;50,02;
18:05:11;2282;50,02;
18:05:14;2222;50,03;
18:05:20;2264;50,03;
18:05:23;2269;50,03;
18:05:26;2201;50,03;
18:05:29;2259;50,02;
18:05:32;2248;50,02;
18:05:35;2251;50,02;
18:05:38;2250;50,01;
18:05:41;2174;50,02;
18:05:44;2231;50,02;
18:05:47;2232;50,02;
18:05:50;2234;50,02;
18:05:53;2239;50,02;
18:05:56;2235;50,01;
18:05:59;2229;50,02;
18:06:05;2228;50,01;
18:06:08;2227;50,01;
18:06:11;2226;50,01;
18:06:17;2225;50,02;
18:06:20;2233;50,03;
18:06:23;2223;50,03;
18:06:26;2230;50,02;
18:06:29;2220;50,02;
18:06:32;2226;50,02;
18:06:35;2218;50,02;
18:06:38;2219;50,02;
18:06:41;2202;50,01;
18:06:44;2215;50,01;
18:06:47;2221;50,01;
18:06:50;2214;50,01;
18:06:53;2174;50,01;
18:06:56;2212;50,01;
18:06:59;2204;50,01;
18:07:02;2208;50,01;
18:07:05;2153;50,01;
18:07:11;2190;50,00;
18:07:14;2192;50,00;
18:07:17;2131;50,00;
18:07:20;2182;50,00;
18:07:23;2177;50,00;
18:07:26;2175;50,00;
18:07:29;2180;50,00;
18:07:32;2147;50,00;
18:07:35;2161;50,00;
18:07:38;2172;50,01;
18:07:41;2140;50,01;
18:07:44;2170;50,01;
18:07:47;2152;50,01;
18:07:50;2163;50,01;
18:07:53;2160;50,00;
18:07:56;2156;50,01;
18:07:59;2138;50,01;
18:08:02;2154;50,01;
18:08:05;2124;50,01;
18:08:08;2144;50,01;
18:08:11;2122;50,01;
18:08:17;2112;50,01;
18:08:20;2131;50,01;
18:08:23;2105;50,00;
18:08:26;2122;50,00;
18:08:29;2112;50,00;
18:08:32;2113;50,00;
18:08:35;2120;50,00;
18:08:38;2121;50,01;
18:08:44;2114;50,01;
18:08:47;2100;50,01;
18:08:50;2113;50,01;
18:08:53;2110;50,01;
18:08:56;2113;50,01;
18:08:59;2110;50,01;
18:09:05;2106;50,01;
18:09:11;2093;50,01;
18:09:14;2103;50,01;
18:09:17;2089;50,01;
18:09:23;2088;50,01;
18:09:26;2096;50,01;
18:09:29;2086;50,01;
18:09:32;2089;50,01;
18:09:35;2082;50,01;
18:09:38;2089;50,00;
18:09:41;2093;50,01;
18:09:44;2097;50,01;
18:09:47;2085;50,02;
18:09:50;2084;50,02;
18:09:53;2096;50,02;
18:09:56;2086;50,02;
18:09:59;2089;50,01;
18:10:02;2080;50,01;
18:10:05;2088;50,01;
18:10:08;2080;50,00;
18:10:11;2088;50,01;
18:10:14;2079;50,01;
18:10:17;2087;50,01;
18:10:20;2079;50,01;
18:10:23;2090;50,01;
18:10:26;2089;50,01;
18:10:29;2085;50,01;
18:10:32;2078;50,00;
18:10:35;2092;50,01;
18:10:38;2087;50,01;
18:10:41;2093;50,01;
18:10:44;2084;50,00;
18:10:47;2094;50,00;
18:10:50;2093;50,00;
18:10:53;2095;50,00;
18:10:56;2085;50,00;
18:10:59;2094;50,00;
18:11:02;2085;50,00;
18:11:05;2093;50,00;
18:11:08;2084;50,00;
18:11:14;2081;50,00;
18:11:17;2087;50,01;
18:11:20;2083;50,01;
18:11:29;2081;50,01;
18:11:32;2083;50,01;
18:11:35;2071;50,01;
18:11:38;2082;50,01;
18:11:41;2072;50,01;
18:11:44;2067;50,01;
18:11:47;2055;50,01;
18:11:50;2077;50,01;
18:11:53;2065;50,01;
18:11:56;2072;50,01;
18:11:59;2029;50,01;
18:12:02;2065;50,00;
18:12:05;2061;50,00;
18:12:08;2056;50,00;
18:12:11;2007;50,00;
18:12:14;2049;50,00;
18:12:20;2043;50,00;
18:12:23;1993;50,00;
18:12:26;2040;50,00;
18:12:29;2041;50,00;
18:12:32;2040;50,00;
18:12:35;2031;50,00;
18:12:38;2038;50,00;
18:12:41;2037;50,00;
18:12:44;2031;50,00;
18:12:47;2018;50,00;
18:12:50;2022;50,00;
18:12:53;2021;50,00;
18:12:56;2016;50,00;
18:12:59;1972;50,00;
18:13:02;2004;50,00;
18:13:05;1969;50,00;
18:13:08;1996;50,00;
18:13:11;1954;50,00;
18:13:14;1995;50,00;
18:13:17;1993;50,00;
18:13:20;1988;50,00;
18:13:26;1982;50,00;
18:13:29;1978;49,99;
18:13:32;1974;49,98;
18:13:35;1930;49,98;
18:13:38;1967;49,98;
18:13:41;1941;49,98;
18:13:44;1963;49,98;
18:13:47;1958;49,98;
18:13:50;1934;49,99;
18:13:53;1912;49,99;
18:13:56;1936;50,00;
18:13:59;1935;50,00;
18:14:02;1946;50,01;
18:14:05;1941;50,01;
18:14:08;1948;50,01;
18:14:11;1943;50,00;
18:14:14;1956;50,00;
18:14:17;1949;50,00;
18:14:20;1953;49,99;
18:14:23;1944;49,99;
18:14:26;1947;49,99;
18:14:32;1941;49,99;
18:14:35;1939;49,99;
18:14:38;1936;50,00;
18:14:41;1928;50,00;
18:14:44;1932;50,00;
18:14:47;1935;50,00;
18:14:50;1928;50,00;
18:14:53;1933;49,99;
18:14:56;1931;49,99;
18:14:59;1933;49,99;
18:15:02;1921;49,99;
18:15:05;1931;49,99;
18:15:08;1924;49,99;
18:15:11;1921;49,98;
18:15:17;1903;49,99;
18:15:20;1884;49,99;
18:15:23;1766;49,99;
18:15:26;1674;49,99;
18:15:29;1579;49,99;
18:15:32;1557;49,99;
18:15:35;1609;49,99;
18:15:38;1655;49,99;
18:15:41;1632;49,98;
18:15:44;1550;49,98;
18:15:47;1392;49,98;
18:15:50;1306;49,98;
18:15:53;1162;49,98;
18:15:56;1070;49,98;
18:15:59;978;49,98;
18:16:02;779;49,99;
18:16:05;671;49,99;
18:16:08;622;50,00;
18:16:11;547;50,00;
18:16:14;563;50,00;
18:16:17;556;50,00;
18:16:23;562;50,00;
18:16:26;565;50,00;
18:16:32;568;50,00;
18:16:35;565;49,99;
18:16:38;563;49,99;
18:16:41;561;49,99;
18:16:44;562;49,98;
18:16:47;562;49,99;
18:16:50;561;49,99;
18:16:53;560;49,99;
18:16:56;561;49,99;
18:17:02;557;49,99;
18:17:05;558;49,99;
18:17:08;556;49,98;
18:17:11;555;49,99;
18:17:14;554;49,99;
18:17:20;555;49,99;
18:17:23;554;50,00;
18:17:29;553;50,00;
18:17:32;551;50,00;
18:17:35;554;50,00;
18:17:38;551;50,00;
18:17:41;550;50,00;
18:17:44;547;50,00;
18:17:47;547;49,99;
18:17:50;549;49,99;
18:17:53;548;49,99;
18:17:56;547;49,99;
18:17:59;544;50,00;
18:18:02;546;50,00;
18:18:05;545;50,00;
18:18:08;541;50,00;
18:18:11;540;50,00;
18:18:14;544;50,00;
18:18:17;536;50,00;
18:18:20;540;49,99;
18:18:23;536;49,98;
18:18:26;535;49,98;
18:18:35;534;49,98;
18:18:38;529;49,98;
18:18:41;531;49,99;
18:18:44;533;49,99;
18:18:47;528;49,98;
18:18:50;531;49,98;
18:18:53;532;49,98;
18:18:56;530;49,98;
18:18:59;528;49,98;
18:19:02;530;49,98;
18:19:05;531;49,97;
18:19:11;530;49,97;
18:19:14;530;49,98;
18:19:20;524;49,98;
18:19:23;521;49,98;
18:19:26;524;49,98;
18:19:29;525;49,98;
18:19:32;523;49,99;
18:19:35;520;49,98;
18:19:41;519;49,98;
18:19:44;518;49,98;
18:19:47;517;49,98;
18:19:50;518;49,98;
18:19:53;522;49,98;
18:19:56;520;49,98;
18:19:59;518;49,98;
18:20:02;518;49,97;
18:20:05;516;49,96;
18:20:08;518;49,96;
18:20:11;522;49,96;
18:20:17;520;49,97;
18:20:20;521;49,97;
18:20:26;519;49,97;
18:20:29;517;49,96;
18:20:32;520;49,97;
18:20:35;525;49,96;
18:20:38;525;49,97;
18:20:41;523;49,97;
18:20:44;522;49,97;
18:20:47;525;49,98;
18:20:50;531;49,98;
18:20:53;532;49,98;
18:20:56;534;49,97;
18:20:59;538;49,97;
18:21:02;548;49,96;
18:21:05;553;49,96;
18:21:08;554;49,96;
18:21:11;552;49,96;
18:21:14;557;49,96;
18:21:17;554;49,97;
18:21:20;564;49,97;
18:21:23;571;49,96;
18:21:26;595;49,96;
18:21:32;638;49,96;
18:21:35;654;49,96;
18:21:38;667;49,97;
18:21:41;669;49,97;
18:21:44;659;49,97;
18:21:47;651;49,97;
18:21:50;646;49,97;
18:21:53;653;49,97;
18:21:56;650;49,98;
18:21:59;657;49,98;
18:22:02;664;49,98;
18:22:05;670;49,98;
18:22:11;680;49,98;
18:22:14;686;49,98;
18:22:17;726;49,98;
18:22:20;767;49,98;
18:22:23;777;49,98;
18:22:26;836;49,98;
18:22:29;896;49,98;
18:22:32;1022;49,97;
18:22:38;1152;49,97;
18:22:41;1164;49,97;
18:22:44;1181;49,97;
18:22:47;1170;49,98;
18:22:50;1086;49,98;
18:22:53;1015;49,98;
18:22:56;942;49,98;
18:22:59;904;49,98;
18:23:02;701;49,99;
18:23:05;639;49,99;
18:23:08;604;49,99;
18:23:11;598;49,99;
18:23:14;608;49,98;
18:23:17;590;49,98;
18:23:20;599;49,98;
18:23:23;594;49,98;
18:23:26;600;49,97;
18:23:29;600;49,98;
18:23:35;602;49,99;
18:23:38;595;50,00;
18:23:44;603;50,00;
18:23:47;604;50,00;
18:23:50;603;50,00;
18:23:53;604;50,00;
18:23:56;605;50,00;
18:23:59;606;50,00;
18:24:05;602;50,00;
18:24:08;609;49,99;
18:24:11;612;49,99;
18:24:14;613;49,99;
18:24:17;613;49,98;
18:24:29;614;49,98;
18:24:32;619;49,98;
18:24:35;623;49,98;
18:24:38;619;49,98;
18:24:41;618;49,98;
18:24:44;620;49,98;
18:24:47;618;49,98;
18:24:50;624;49,98;
18:24:53;624;49,97;
18:24:56;625;49,97;
18:24:59;620;49,97;
18:25:02;624;49,97;
18:25:05;620;49,97;
18:25:08;624;49,97;
18:25:11;626;49,97;
18:25:14;621;49,98;
18:25:17;613;49,98;
18:25:20;618;49,98;
18:25:23;612;49,97;
18:25:26;615;49,97;
18:25:29;608;49,97;
18:25:35;611;49,97;
18:25:38;605;49,97;
18:25:41;602;49,98;
18:25:44;606;49,98;
18:25:47;607;49,99;
18:25:50;604;50,00;
18:25:53;607;50,00;
18:25:56;604;50,00;
18:25:59;607;50,00;
18:26:02;606;50,00;
18:26:05;598;49,99;
18:26:08;604;49,99;
18:26:14;603;49,99;
18:26:17;601;49,99;
18:26:20;603;49,99;
18:26:23;604;49,98;
18:26:26;600;49,98;
18:26:29;594;49,97;
18:26:32;607;49,97;
18:26:35;609;49,97;
18:26:41;608;49,98;
18:26:44;612;49,98;
18:26:50;611;49,98;
18:26:53;613;49,98;
18:26:56;618;49,97;
18:26:59;618;49,98;
18:27:02;614;49,98;
18:27:05;618;49,98;
18:27:08;624;49,98;
18:27:11;622;49,98;
18:27:14;626;49,98;
18:27:17;617;49,97;
18:27:20;624;49,97;
18:27:26;625;49,97;
18:27:29;627;49,96;
18:27:32;629;49,97;
18:27:35;628;49,96;
18:27:38;632;49,96;
18:27:41;631;49,96;
18:27:47;633;49,97;
18:27:50;632;49,97;
18:27:53;633;49,98;
18:27:56;644;49,98;
18:27:59;643;49,98;
18:28:02;638;49,97;
18:28:05;647;49,97;
18:28:08;643;49,97;
18:28:11;657;49,97;
18:28:14;655;49,96;
18:28:17;671;49,96;
18:28:20;672;49,97;
18:28:23;666;49,97;
18:28:26;655;49,97;
18:28:32;663;49,98;
18:28:35;669;49,98;
18:28:38;672;49,97;
18:28:41;691;49,96;
18:28:44;725;49,96;
18:28:47;749;49,96;
18:28:50;772;49,97;
18:28:53;796;49,97;
18:28:56;844;49,97;
18:28:59;865;49,98;
18:29:02;939;49,97;
18:29:05;987;49,97;
18:29:08;1104;49,97;
18:29:11;1166;49,97;
18:29:14;1233;49,97;
18:29:17;1334;49,97;
18:29:20;1422;49,97;
18:29:23;1430;49,97;
18:29:26;1452;49,97;
18:29:29;1463;49,97;
18:29:32;1454;49,97;
18:29:38;1480;49,98;
18:29:41;1491;49,98;
18:29:44;1486;49,98;
18:29:47;1508;49,98;
18:29:50;1514;49,98;
18:29:53;1519;49,98;
18:29:56;1527;49,98;
18:29:59;1514;49,98;
18:30:02;1542;49,97;
18:30:05;1535;49,97;
18:30:08;1540;49,98;
18:30:11;1533;49,98;
18:30:14;1542;49,99;
18:30:17;1528;49,99;
18:30:20;1533;50,00;
18:30:23;1504;50,00;
18:30:26;1540;49,99;
18:30:29;1549;49,99;
18:30:32;1574;49,99;
18:30:35;1561;49,99;
18:30:38;1600;49,98;
18:30:44;1614;49,99;
18:30:47;1597;49,99;
18:30:50;1627;49,99;
18:30:53;1621;49,99;
18:30:56;1631;49,98;
18:30:59;1609;49,98;
18:31:02;1636;49,98;
18:31:05;1637;49,98;
18:31:08;1645;49,99;
18:31:11;1622;49,99;
18:31:14;1649;49,99;
18:31:17;1642;49,99;
18:31:20;1652;50,00;
18:31:23;1627;50,00;
18:31:26;1651;49,99;
18:31:29;1643;49,98;
18:31:32;1650;49,98;
18:31:35;1625;49,98;
18:31:38;1653;49,98;
18:31:41;1645;49,98;
18:31:44;1652;49,98;
18:31:50;1650;49,99;
18:31:53;1644;49,99;
18:31:56;1648;49,99;
18:31:59;1618;49,99;
18:32:02;1643;50,00;
18:32:05;1639;50,00;
18:32:08;1638;50,00;
18:32:11;1635;50,00;
18:32:14;1626;49,98;
18:32:17;1616;49,98;
18:32:20;1615;49,98;
18:32:23;1591;49,98;
18:32:26;1608;49,97;
18:32:29;1602;49,97;
18:32:32;1604;49,98;
18:32:35;1583;49,97;
18:32:38;1599;49,97;
18:32:41;1594;49,98;
18:32:44;1595;49,98;
18:32:47;1578;49,98;
18:32:50;1591;49,98;
18:32:53;1592;49,98;
18:32:56;1593;49,98;
18:32:59;1571;49,98;
18:33:02;1584;49,98;
18:33:05;1587;49,98;
18:33:08;1576;49,98;
18:33:11;1571;49,98;
18:33:14;1569;49,98;
18:33:17;1578;49,98;
18:33:20;1569;49,98;
18:33:23;1573;49,98;
18:33:26;1555;49,98;
18:33:29;1568;49,98;
18:33:32;1568;49,97;
18:33:35;1567;49,97;
18:33:41;1565;49,98;
18:33:44;1560;49,98;
18:33:47;1561;49,98;
18:33:50;1550;49,98;
18:33:53;1561;49,98;
18:33:56;1559;49,98;
18:33:59;1561;49,98;
18:34:02;1559;49,98;
18:34:05;1555;49,98;
18:34:08;1556;49,98;
18:34:11;1553;49,98;
18:34:14;1542;49,98;
18:34:17;1550;49,98;
18:34:20;1546;49,98;
18:34:23;1549;49,98;
18:34:26;1539;49,98;
18:34:29;1544;49,98;
18:34:32;1539;49,98;
18:34:35;1540;49,98;
18:34:38;1535;49,98;
18:34:50;1533;49,97;
18:34:53;1537;49,97;
18:34:56;1527;49,97;
18:34:59;1539;49,98;
18:35:02;1542;49,98;
18:35:05;1534;49,98;
18:35:08;1542;49,98;
18:35:11;1544;49,98;
18:35:14;1547;49,98;
18:35:17;1544;49,97;
18:35:20;1538;49,97;
18:35:23;1538;49,96;
18:35:26;1545;49,96;
18:35:29;1536;49,97;
18:35:32;1543;49,97;
18:35:35;1539;49,97;
18:35:38;1538;49,97;
18:35:41;1535;49,97;
18:35:44;1533;49,97;
18:35:47;1528;49,98;
18:35:53;1521;49,98;
18:35:56;1519;49,98;
18:35:59;1518;49,98;
18:36:02;1519;49,98;
18:36:05;1521;49,99;
18:36:08;1525;49,98;
18:36:11;1523;49,98;
18:36:17;1520;49,98;
18:36:20;1521;49,98;
18:36:23;1520;49,96;
18:36:26;1519;49,96;
18:36:32;1523;49,96;
18:36:35;1515;49,96;
18:36:38;1522;49,96;
18:36:41;1515;49,96;
18:36:47;1511;49,96;
18:36:50;1512;49,95;
18:36:53;1504;49,95;
18:36:59;1487;49,96;
18:37:02;1486;49,96;
18:37:05;1478;49,96;
18:37:11;1469;49,96;
18:37:14;1466;49,96;
18:37:17;1462;49,96;
18:37:20;1458;49,96;
18:37:23;1452;49,96;
18:37:26;1447;49,96;
18:37:29;1442;49,96;
18:37:32;1438;49,96;
18:37:35;1434;49,96;
18:37:38;1436;49,96;
18:37:44;1431;49,96;
18:37:47;1421;49,97;
18:37:50;1418;49,97;
18:37:53;1406;49,98;
18:37:56;1401;49,97;
18:38:02;1389;49,98;
18:38:05;1390;49,98;
18:38:08;1373;49,97;
18:38:11;1372;49,96;
18:38:14;1369;49,96;
18:38:17;1365;49,96;
18:38:20;1362;49,96;
18:38:26;1345;49,96;
18:38:29;1343;49,96;
18:38:32;1338;49,96;
18:38:35;1336;49,96;
18:38:38;1335;49,96;
18:38:41;1340;49,96;
18:38:44;1328;49,98;
18:38:50;1315;49,98;
18:38:53;1313;49,98;
18:38:56;1302;49,97;
18:38:59;1306;49,97;
18:39:02;1286;49,97;
18:39:05;1276;49,97;
18:39:08;1250;49,97;
18:39:11;1235;49,97;
18:39:14;1166;49,97;
18:39:17;1156;49,97;
18:39:20;1133;49,96;
18:39:23;1137;49,97;
18:39:29;1101;49,97;
18:39:32;1010;49,97;
18:39:35;841;49,97;
18:39:38;647;49,98;
18:39:41;638;49,98;
18:39:44;621;49,98;
18:39:47;618;49,98;
18:39:50;610;49,98;
18:39:56;632;49,98;
18:39:59;652;49,98;
18:40:02;647;49,97;
18:40:05;663;49,97;
18:40:08;662;49,96;
18:40:11;668;49,96;
18:40:14;678;49,96;
18:40:17;672;49,96;
18:40:20;684;49,96;
18:40:23;679;49,96;
18:40:26;686;49,96;
18:40:29;682;49,96;
18:40:32;689;49,96;
18:40:35;683;49,96;
18:40:38;686;49,96;
18:40:41;682;49,96;
18:40:44;673;49,97;
18:40:47;677;49,97;
18:40:50;659;49,97;
18:40:53;667;49,97;
18:40:56;668;49,97;
18:41:02;650;49,97;
18:41:05;660;49,97;
18:41:08;663;49,97;
18:41:11;656;49,97;
18:41:14;674;49,98;
18:41:17;707;49,97;
18:41:20;728;49,97;
18:41:23;755;49,97;
18:41:26;749;49,96;
18:41:29;725;49,96;
18:41:32;673;49,96;
18:41:35;658;49,96;
18:41:38;664;49,96;
18:41:41;673;49,96;
18:41:44;685;49,96;
18:41:47;706;49,97;
18:41:50;727;49,97;
18:41:53;729;49,97;
18:41:56;736;49,97;
18:41:59;734;49,97;
18:42:02;735;49,96;
18:42:05;732;49,97;
18:42:08;740;49,97;
18:42:11;796;49,97;
18:42:14;827;49,97;
18:42:17;910;49,98;
18:42:20;952;49,97;
18:42:23;1009;49,97;
18:42:26;1036;49,97;
18:42:29;1058;49,97;
18:42:32;1079;49,97;
18:42:35;1076;49,97;
18:42:38;1073;49,97;
18:42:41;1060;49,97;
18:42:44;1054;49,97;
18:42:47;1045;49,96;
18:42:53;1054;49,96;
18:42:56;1060;49,96;
18:42:59;1066;49,96;
18:43:02;1072;49,97;
18:43:05;1078;49,97;
18:43:08;1064;49,97;
18:43:11;1037;49,97;
18:43:14;1022;49,97;
18:43:17;945;49,96;
18:43:20;940;49,96;
18:43:23;960;49,97;
18:43:26;997;49,97;
18:43:29;1030;49,98;
18:43:32;1045;49,98;
18:43:35;1053;49,97;
18:43:38;1055;49,97;
18:43:41;1030;49,97;
18:43:44;1011;49,97;
18:43:47;946;49,96;
18:43:50;932;49,96;
18:43:53;877;49,97;
18:43:59;799;49,97;
18:44:02;766;49,97;
18:44:05;721;49,97;
18:44:08;697;49,97;
18:44:11;666;49,97;
18:44:14;625;49,97;
18:44:17;627;49,97;
18:44:20;631;49,97;
18:44:23;620;49,97;
18:44:26;607;49,96;
18:44:29;608;49,96;
18:44:32;604;49,96;
18:44:35;603;49,96;
18:44:38;604;49,96;
18:44:41;600;49,96;
18:44:44;592;49,96;
18:44:47;585;49,96;
18:44:50;586;49,97;
18:44:53;579;49,97;
18:44:56;579;49,98;
18:44:59;567;49,98;
18:45:05;556;49,98;
18:45:08;564;49,97;
18:45:11;552;49,97;
18:45:14;547;49,97;
18:45:17;542;49,97;
18:45:20;536;49,97;
18:45:23;537;49,98;
18:45:26;529;49,98;
18:45:29;524;49,99;
18:45:32;515;49,99;
18:45:35;514;49,99;
18:45:38;512;49,99;
18:45:41;504;49,99;
18:45:44;495;49,99;
18:45:47;496;49,99;
18:45:50;491;49,98;
18:45:53;488;49,98;
18:45:56;482;49,98;
18:45:59;481;49,98;
18:46:02;478;49,98;
18:46:05;473;49,98;
18:46:11;465;49,99;
18:46:14;462;49,99;
18:46:17;457;49,99;
18:46:20;456;49,99;
18:46:23;452;49,99;
18:46:26;450;50,00;
18:46:32;449;50,00;
18:46:35;451;50,00;
18:46:38;446;49,99;
18:46:41;437;49,98;
18:46:44;428;49,98;
18:46:47;424;49,98;
18:46:50;422;49,98;
18:46:56;413;49,98;
18:46:59;415;49,98;
18:47:02;409;49,98;
18:47:05;411;49,98;
18:47:08;404;49,98;
18:47:11;406;49,98;
18:47:14;405;49,97;
18:47:17;406;49,97;
18:47:20;403;49,97;
18:47:23;401;49,96;
18:47:26;393;49,97;
18:47:29;394;49,97;
18:47:32;392;49,98;
18:47:35;391;49,98;
18:47:38;392;49,98;
18:47:41;388;49,98;
18:47:44;386;49,98;
18:47:47;385;49,98;
18:47:50;382;49,98;
18:47:53;386;49,98;
18:47:56;381;49,98;
18:48:02;386;49,99;
18:48:05;386;50,00;
18:48:11;387;50,00;
18:48:14;380;50,00;
18:48:17;386;50,01;
18:48:20;378;50,00;
18:48:23;376;50,00;
18:48:26;373;49,99;
18:48:29;371;49,98;
18:48:32;371;49,99;
18:48:35;367;49,99;
18:48:38;366;49,99;
18:48:41;366;49,98;
18:48:44;363;49,98;
18:48:47;360;49,98;
18:48:50;363;49,98;
18:48:56;360;49,98;
18:48:59;362;49,98;
18:49:02;363;49,98;
18:49:08;359;49,97;
18:49:11;360;49,97;
18:49:14;363;49,97;
18:49:17;361;49,97;
18:49:23;358;49,97;
18:49:26;359;49,97;
18:49:29;358;49,97;
18:49:32;357;49,97;
18:49:35;355;49,97;
18:49:38;356;49,98;
18:49:41;359;49,98;
18:49:44;354;49,98;
18:49:47;353;49,98;
18:49:50;354;49,97;
18:49:53;354;49,98;
18:49:56;355;49,98;
18:49:59;349;49,98;
18:50:02;352;49,98;
18:50:05;355;49,98;
18:50:08;353;49,98;
18:50:14;352;49,98;
18:50:17;351;49,98;
18:50:20;349;49,98;
18:50:23;348;49,98;
18:50:26;351;49,98;
18:50:29;353;49,98;
18:50:32;355;49,98;
18:50:35;356;49,98;
18:50:38;364;49,98;
18:50:41;366;49,97;
18:50:44;364;49,98;
18:50:47;365;49,98;
18:50:50;355;49,98;
18:50:56;353;49,98;
18:50:59;355;49,97;
18:51:02;354;49,97;
18:51:05;353;49,98;
18:51:08;351;49,98;
18:51:11;350;49,98;
18:51:14;349;49,98;
18:51:17;353;49,98;
18:51:20;351;49,99;
18:51:23;346;49,99;
18:51:26;344;49,98;
18:51:29;347;49,98;
18:51:32;349;49,98;
18:51:35;351;49,99;
18:51:38;348;49,99;
18:51:41;350;49,99;
18:51:44;353;49,99;
18:51:47;352;49,99;
18:51:50;351;49,99;
18:51:53;350;49,99;
18:51:56;346;49,99;
18:51:59;345;49,99;
18:52:05;346;50,00;
18:52:08;348;50,00;
18:52:11;349;49,99;
18:52:14;348;49,99;
18:52:20;349;49,99;
18:52:23;350;49,99;
18:52:26;352;49,99;
18:52:29;350;49,99;
18:52:32;347;49,98;
18:52:35;348;49,98;
18:52:38;344;49,97;
18:52:41;349;49,97;
18:52:50;354;49,97;
18:52:53;355;49,97;
18:52:56;356;49,97;
18:52:59;356;49,98;
18:53:05;357;49,98;
18:53:11;354;49,98;
18:53:14;357;49,98;
18:53:17;356;49,98;
18:53:20;352;49,98;
18:53:23;355;49,98;
18:53:26;355;49,97;
18:53:29;352;49,97;
18:53:35;353;49,98;
18:53:41;349;49,98;
18:53:44;349;49,99;
18:53:47;346;49,98;
18:53:50;346;49,99;
18:53:53;343;49,99;
18:53:56;346;49,99;
18:53:59;344;49,98;
18:54:02;342;49,98;
18:54:05;342;49,97;
18:54:08;339;49,98;
18:54:17;336;49,98;
18:54:20;336;49,97;
18:54:23;334;49,97;
18:54:26;332;49,97;
18:54:29;330;49,97;
18:54:32;329;49,98;
18:54:35;326;49,97;
18:54:38;328;49,98;
18:54:41;326;49,98;
18:54:44;324;49,99;
18:54:47;322;50,00;
18:54:50;324;50,00;
18:54:53;325;50,00;
18:54:56;324;50,00;
18:54:59;325;50,00;
18:55:02;320;50,00;
18:55:05;321;50,00;
18:55:08;318;50,00;
18:55:11;316;50,00;
18:55:14;317;50,00;
18:55:17;316;50,00;
18:55:23;316;49,99;
18:55:26;311;49,99;
18:55:29;308;49,98;
18:55:32;310;49,98;
18:55:35;306;49,98;
18:55:38;305;49,98;
18:55:41;303;49,98;
18:55:44;304;49,98;
18:55:47;302;49,98;
18:55:53;303;49,98;
18:55:56;302;49,98;
18:55:59;299;49,97;
18:56:02;298;49,97;
18:56:08;297;49,98;
18:56:11;301;49,98;
18:56:14;297;49,99;
18:56:17;295;49,99;
18:56:20;296;49,99;
18:56:23;292;49,99;
18:56:26;299;49,99;
18:56:29;294;49,99;
18:56:32;292;49,99;
18:56:35;289;49,98;
18:56:38;296;49,98;
18:56:41;290;49,98;
18:56:47;289;49,98;
18:56:50;292;49,98;
18:56:53;289;49,98;
18:56:56;286;49,97;
18:56:59;288;49,98;
18:57:02;287;49,98;
18:57:05;288;49,98;
18:57:08;288;49,99;
18:57:14;286;49,98;
18:57:17;283;49,98;
18:57:20;282;49,98;
18:57:23;281;49,97;
18:57:29;279;49,98;
18:57:32;280;49,98;
18:57:35;279;49,98;
18:57:38;278;49,98;
18:57:41;276;49,98;
18:57:47;276;49,97;
18:57:50;277;49,97;
18:57:53;274;49,97;
18:57:59;275;49,98;
18:58:02;277;49,98;
18:58:05;276;49,98;
18:58:20;277;49,97;
18:58:23;278;49,97;
18:58:26;282;49,96;
18:58:29;279;49,97;
18:58:32;280;49,97;
18:58:35;281;49,97;
18:58:38;280;49,97;
18:58:41;289;49,97;
18:58:44;285;49,97;
18:58:47;287;49,98;
18:58:50;293;49,97;
18:58:53;287;49,98;
18:58:56;291;49,98;
18:58:59;293;49,98;
18:59:02;288;49,98;
18:59:05;292;49,98;
18:59:08;293;49,97;
18:59:11;292;49,98;
18:59:14;297;49,98;
18:59:17;294;49,98;
18:59:20;296;49,98;
18:59:26;306;49,99;
18:59:29;303;49,99;
18:59:32;305;50,00;
18:59:38;304;50,00;
18:59:41;306;50,00;
18:59:47;305;50,00;
18:59:50;313;50,00;
18:59:53;309;50,00;
18:59:56;314;50,00;
18:59:59;315;50,00;
19:00:02;317;50,00;
19:00:11;315;50,00;
19:00:14;318;50,00;
19:00:17;319;50,01;
19:00:20;323;50,01;
19:00:23;335;50,02;
19:00:26;321;50,02;
19:00:29;318;50,02;
19:00:32;315;50,02;
19:00:35;315;50,03;
19:00:38;314;50,04;
19:00:41;319;50,05;
19:00:44;318;50,05;
19:00:47;317;50,05;
19:00:50;319;50,05;
19:00:53;316;50,05;
19:00:59;317;50,05;
19:01:05;318;50,05;
19:01:08;319;50,05;
19:01:11;317;50,05;
19:01:17;316;50,05;
19:01:20;315;50,05;
19:01:23;312;50,05;
19:01:26;311;50,05;
19:01:29;316;50,04;
19:01:32;311;50,04;
19:01:38;309;50,04;
19:01:41;312;50,05;
19:01:44;307;50,05;
19:01:47;305;50,05;
19:01:50;306;50,05;
19:01:53;307;50,05;
19:01:56;303;50,05;
19:01:59;304;50,05;
19:02:05;305;50,05;
19:02:08;302;50,05;
19:02:11;299;50,04;
19:02:17;301;50,04;
19:02:23;296;50,03;
19:02:29;294;50,03;
19:02:32;295;50,03;
19:02:35;291;50,02;
19:02:44;292;50,01;
19:02:47;287;50,02;
19:02:50;286;50,02;
19:02:53;288;50,03;
19:02:56;283;50,03;
19:02:59;283;50,02;
19:03:02;281;50,02;
19:03:05;280;50,02;
19:03:11;275;50,02;
19:03:14;274;50,02;
19:03:17;266;50,02;
19:03:20;268;50,01;
19:03:23;269;50,01;
19:03:29;262;50,01;
19:03:32;267;50,01;
19:03:35;262;50,01;
19:03:38;261;50,01;
19:03:41;256;50,01;
19:03:44;261;50,01;
19:03:47;257;50,01;
19:03:50;256;50,01;
19:03:53;253;50,01;
19:03:56;246;50,01;
19:03:59;250;50,01;
19:04:05;249;50,01;
19:04:08;246;50,01;
19:04:11;247;50,01;
19:04:14;240;50,01;
19:04:17;242;50,01;
19:04:20;243;50,01;
19:04:23;241;50,00;
19:04:26;243;50,00;
19:04:29;239;50,00;
19:04:35;241;49,99;
19:04:38;239;50,00;
19:04:41;238;50,00;
19:04:44;236;50,00;
19:04:47;238;50,00;
19:04:50;207;50,00;
19:04:53;203;50,00;
19:04:56;202;50,00;
19:04:59;231;50,00;
19:05:02;226;50,00;
19:05:05;230;50,00;
19:05:08;232;50,00;
19:05:11;229;50,00;
19:05:14;228;50,00;
19:05:20;224;50,00;
19:05:23;227;49,99;
19:05:32;224;49,99;
19:05:38;222;49,99;
19:05:41;218;49,98;
19:05:44;220;49,98;
19:05:47;217;49,98;
19:05:50;213;49,99;
19:05:53;215;49,99;
19:05:56;213;49,99;
19:05:59;212;49,99;
19:06:02;211;49,99;
19:06:05;209;50,00;
19:06:08;206;50,00;
19:06:11;209;50,00;
19:06:14;203;50,00;
19:06:17;204;50,00;
19:06:20;205;50,00;
19:06:26;202;50,01;
19:06:32;200;50,01;
19:06:35;201;50,01;
19:06:38;199;50,01;
19:06:41;197;50,00;
19:06:44;198;50,00;
19:06:50;197;50,01;
19:06:53;194;50,00;
19:06:56;196;50,00;
19:07:02;193;50,00;
19:07:05;191;50,01;
19:07:08;193;50,00;
19:07:11;192;50,00;
19:07:17;190;50,00;
19:07:20;188;50,01;
19:07:23;189;50,01;
19:07:26;190;50,01;
19:07:32;188;50,00;
19:07:38;188;49,99;
19:07:41;190;49,99;
19:07:44;189;49,99;
19:07:47;190;49,99;
19:07:53;189;50,00;
19:07:56;185;50,00;
19:07:59;186;50,00;
19:08:02;187;50,00;
19:08:08;185;50,00;
19:08:11;184;50,00;
19:08:14;185;50,00;
19:08:17;186;49,99;
19:08:20;185;49,99;
19:08:23;184;49,99;
19:08:26;184;50,00;
19:08:29;183;50,00;
19:08:32;182;50,00;
19:08:38;183;50,01;
19:08:41;183;50,00;
19:08:44;182;50,01;
19:08:50;184;50,01;
19:08:53;182;50,01;
19:08:59;184;50,01;
19:09:02;183;50,01;
19:09:05;182;50,00;
19:09:14;181;50,00;
19:09:17;182;50,01;
19:09:23;181;50,00;
19:09:29;180;49,99;
19:09:32;174;49,99;
19:09:35;180;50,00;
19:09:38;181;50,00;
19:09:41;182;50,00;
19:09:44;183;50,00;
19:09:47;181;50,00;
19:09:50;182;50,00;
19:09:59;183;49,99;
19:10:02;182;49,99;
19:10:05;184;49,99;
19:10:11;183;49,99;
19:10:14;183;49,98;
19:10:17;184;49,98;
19:10:20;185;49,98;
19:10:23;185;49,97;
19:10:29;181;49,96;
19:10:38;187;49,96;
19:10:41;190;49,97;
19:10:44;191;49,97;
19:10:47;189;49,97;
19:10:50;193;49,97;
19:10:53;193;49,98;
19:10:56;195;49,98;
19:11:05;198;49,98;
19:11:08;200;49,98;
19:11:11;199;49,98;
19:11:14;201;49,98;
19:11:17;203;49,98;
19:11:20;202;49,98;
19:11:23;206;49,98;
19:11:29;207;49,98;
19:11:35;210;49,98;
19:11:38;211;49,98;
19:11:41;213;49,98;
19:11:44;215;49,98;
19:11:47;216;49,99;
19:11:53;217;49,99;
19:11:59;221;49,99;
19:12:05;225;50,00;
19:12:08;227;50,00;
19:12:11;229;49,99;
19:12:17;230;49,99;
19:12:20;233;49,98;
19:12:23;233;49,97;
19:12:26;234;49,96;
19:12:29;238;49,96;
19:12:32;240;49,96;
19:12:35;242;49,97;
19:12:41;245;49,98;
19:12:47;248;49,98;
19:12:50;250;49,98;
19:12:53;253;49,98;
19:12:56;254;49,98;
19:12:59;257;49,98;
19:13:02;258;49,98;
19:13:05;267;49,98;
19:13:08;266;49,98;
19:13:11;270;49,98;
19:13:17;275;49,98;
19:13:20;277;49,98;
19:13:23;281;49,98;
19:13:29;287;49,97;
19:13:32;289;49,98;
19:13:35;290;49,97;
19:13:38;295;49,98;
19:13:41;301;49,98;
19:13:44;298;49,98;
19:13:47;299;49,98;
19:13:50;305;49,99;
19:13:53;310;49,99;
19:13:56;314;49,99;
19:13:59;316;49,98;
19:14:02;319;49,98;
19:14:05;317;49,98;
19:14:08;320;49,98;
19:14:11;317;49,99;
19:14:14;321;49,99;
19:14:17;329;49,99;
19:14:20;332;49,99;
19:14:23;331;49,99;
19:14:26;337;49,99;
19:14:32;339;49,99;
19:14:35;329;49,99;
19:14:38;344;49,99;
19:14:41;343;49,98;
19:14:44;346;49,98;
19:14:47;343;49,98;
19:14:50;351;49,98;
19:14:53;348;49,98;
19:14:56;351;49,98;
19:15:02;353;49,99;
19:15:05;355;49,99;
19:15:08;359;49,99;
19:15:11;357;49,99;
19:15:14;361;49,99;
19:15:17;363;49,99;
19:15:20;366;49,99;
19:15:23;363;49,99;
19:15:26;370;49,99;
19:15:29;373;49,98;
19:15:38;379;49,97;
19:15:41;381;49,97;
19:15:44;382;49,97;
19:15:47;387;49,97;
19:15:50;389;49,98;
19:15:53;390;49,98;
19:15:56;387;49,98;
19:15:59;393;49,98;
19:16:02;399;49,98;
19:16:05;401;49,98;
19:16:08;404;49,99;
19:16:11;406;49,99;
19:16:14;412;49,99;
19:16:17;414;49,99;
19:16:20;413;49,99;
19:16:23;421;49,99;
19:16:26;426;49,99;
19:16:29;429;49,98;
19:16:32;435;49,98;
19:16:35;436;49,98;
19:16:38;443;49,98;
19:16:44;448;50,00;
19:16:47;453;50,00;
19:16:50;463;50,00;
19:16:53;465;50,00;
19:16:59;473;50,00;
19:17:02;469;49,99;
19:17:05;477;49,99;
19:17:08;476;49,98;
19:17:11;485;49,98;
19:17:14;492;49,96;
19:17:20;490;49,96;
19:17:23;501;49,96;
19:17:26;503;49,97;
19:17:29;511;49,97;
19:17:32;512;49,97;
19:17:35;520;49,97;
19:17:38;528;49,96;
19:17:41;531;49,96;
19:17:44;530;49,96;
19:17:50;542;49,97;
19:17:53;549;49,97;
19:17:56;550;49,97;
19:17:59;556;49,97;
19:18:02;563;49,97;
19:18:05;569;49,97;
19:18:08;574;49,97;
19:18:14;581;49,97;
19:18:17;590;49,97;
19:18:20;592;49,97;
19:18:23;602;49,97;
19:18:26;605;49,96;
19:18:29;613;49,95;
19:18:35;624;49,96;
19:18:38;626;49,96;
19:18:41;631;49,96;
19:18:44;635;49,96;
19:18:47;640;49,97;
19:18:50;642;49,97;
19:18:53;640;49,98;
19:18:56;648;49,98;
19:18:59;657;49,98;
19:19:02;662;49,98;
19:19:05;663;49,98;
19:19:08;670;49,98;
19:19:11;680;49,98;
19:19:14;683;49,98;
19:19:20;694;49,98;
19:19:23;702;49,96;
19:19:26;703;49,96;
19:19:29;709;49,96;
19:19:32;714;49,96;
19:19:35;713;49,96;
19:19:41;726;49,97;
19:19:44;732;49,97;
19:19:47;738;49,97;
19:19:50;744;49,97;
19:19:53;745;49,98;
19:19:56;753;49,98;
19:19:59;750;49,98;
19:20:02;753;49,98;
19:20:05;758;49,98;
19:20:08;769;49,98;
19:20:11;767;49,97;
19:20:14;775;49,97;
19:20:20;782;49,97;
19:20:23;784;49,97;
19:20:26;788;49,97;
19:20:32;797;49,97;
19:20:35;801;49,96;
19:20:38;804;49,96;
19:20:47;813;49,96;
19:20:50;818;49,96;
19:20:53;818;49,97;
19:20:56;825;49,97;
19:20:59;827;49,96;
19:21:02;830;49,96;
19:21:05;832;49,96;
19:21:08;829;49,97;
19:21:11;841;49,97;
19:21:14;841;49,96;
19:21:17;840;49,96;
19:21:20;849;49,96;
19:21:23;853;49,96;
19:21:26;854;49,97;
19:21:29;858;49,97;
19:21:32;861;49,97;
19:21:35;864;49,97;
19:21:38;865;49,97;
19:21:41;868;49,97;
19:21:44;870;49,97;
19:21:47;873;49,98;
19:21:53;885;49,98;
19:21:56;881;49,98;
19:21:59;888;49,97;
19:22:02;896;49,97;
19:22:08;898;49,97;
19:22:11;906;49,98;
19:22:14;908;49,98;
19:22:17;915;49,98;
19:22:20;912;49,98;
19:22:23;923;49,98;
19:22:29;928;49,97;
19:22:32;925;49,96;
19:22:35;934;49,96;
19:22:38;937;49,96;
19:22:41;941;49,96;
19:22:44;937;49,96;
19:22:47;946;49,96;
19:22:50;948;49,96;
19:22:53;952;49,96;
19:22:56;953;49,96;
19:22:59;949;49,97;
19:23:02;959;49,97;
19:23:05;964;49,96;
19:23:08;966;49,97;
19:23:11;973;49,97;
19:23:14;978;49,96;
19:23:17;982;49,96;
19:23:20;985;49,96;
19:23:23;991;49,96;
19:23:26;990;49,96;
19:23:29;993;49,96;
19:23:32;987;49,97;
19:23:35;995;49,97;
19:23:38;994;49,97;
19:23:44;994;49,96;
19:23:47;999;49,96;
19:23:50;1001;49,96;
19:23:53;1006;49,97;
19:23:56;1001;49,98;
19:23:59;1009;49,98;
19:24:02;1013;49,98;
19:24:05;1012;49,98;
19:24:08;1013;49,97;
19:24:11;1018;49,97;
19:24:14;1021;49,97;
19:24:17;1023;49,97;
19:24:20;1021;49,97;
19:24:23;1027;49,97;
19:24:26;1028;49,97;
19:24:29;1033;49,97;
19:24:32;1028;49,97;
19:24:35;1033;49,98;
19:24:38;1034;49,98;
19:24:41;1036;49,98;
19:24:44;1030;49,98;
19:24:50;1040;49,97;
19:24:53;1033;49,97;
19:24:56;1037;49,97;
19:24:59;1044;49,97;
19:25:02;1050;49,98;
19:25:05;1043;49,98;
19:25:08;1051;49,98;
19:25:11;1047;49,98;
19:25:14;1054;49,98;
19:25:17;1052;49,98;
19:25:20;1058;49,98;
19:25:23;1053;49,98;
19:25:26;1060;49,97;
19:25:29;1059;49,97;
19:25:32;1064;49,97;
19:25:35;1060;49,97;
19:25:38;1068;49,97;
19:25:41;1066;49,97;
19:25:44;1071;49,97;
19:25:47;1066;49,97;
19:25:50;1075;49,98;
19:25:56;1078;49,98;
19:25:59;1073;49,98;
19:26:02;1081;49,98;
19:26:05;1080;49,98;
19:26:08;1085;49,97;
19:26:11;1082;49,97;
19:26:14;1090;49,97;
19:26:17;1089;49,97;
19:26:20;1094;49,96;
19:26:23;1091;49,97;
19:26:26;1099;49,96;
19:26:29;1096;49,97;
19:26:32;1103;49,97;
19:26:35;1100;49,97;
19:26:38;1106;49,97;
19:26:44;1113;49,96;
19:26:47;1107;49,96;
19:26:50;1121;49,96;
19:26:53;1122;49,97;
19:26:56;1127;49,97;
19:27:02;1132;49,97;
19:27:05;1136;49,97;
19:27:08;1137;49,96;
19:27:11;1133;49,96;
19:27:14;1136;49,97;
19:27:17;1145;49,96;
19:27:20;1141;49,96;
19:27:23;1147;49,96;
19:27:26;1145;49,96;
19:27:29;1153;49,96;
19:27:32;1152;49,96;
19:27:35;1159;49,96;
19:27:38;1158;49,96;
19:27:41;1167;49,96;
19:27:47;1172;49,96;
19:27:50;1165;49,96;
19:27:53;1178;49,96;
19:27:56;1174;49,96;
19:27:59;1186;49,97;
19:28:02;1180;49,97;
19:28:05;1188;49,97;
19:28:08;1192;49,97;
19:28:11;1193;49,97;
19:28:14;1200;49,96;
19:28:17;1206;49,96;
19:28:20;1202;49,96;
19:28:23;1211;49,97;
19:28:26;1211;49,96;
19:28:29;1218;49,97;
19:28:32;1216;49,96;
19:28:35;1228;49,96;
19:28:38;1224;49,96;
19:28:41;1233;49,96;
19:28:44;1230;49,97;
19:28:47;1240;49,96;
19:28:53;1246;49,96;
19:28:56;1241;49,97;
19:28:59;1251;49,96;
19:29:02;1249;49,96;
19:29:05;1257;49,96;
19:29:08;1249;49,96;
19:29:11;1259;49,96;
19:29:14;1262;49,96;
19:29:17;1267;49,96;
19:29:20;1263;49,96;
19:29:23;1273;49,96;
19:29:26;1271;49,97;
19:29:29;1278;49,97;
19:29:32;1270;49,98;
19:29:35;1280;49,97;
19:29:38;1282;49,97;
19:29:41;1288;49,97;
19:29:44;1280;49,97;
19:29:47;1293;49,97;
19:29:50;1297;49,97;
19:29:53;1301;49,97;
19:29:59;1305;49,97;
19:30:02;1302;49,97;
19:30:05;1305;49,97;
19:30:08;1307;49,97;
19:30:11;1316;49,96;
19:30:14;1320;49,96;
19:30:17;1312;49,97;
19:30:20;1320;49,97;
19:30:23;1322;49,98;
19:30:29;1321;49,98;
19:30:32;1320;49,98;
19:30:35;1321;49,98;
19:30:38;1320;49,98;
19:30:41;1319;49,98;
19:30:44;1320;49,98;
19:30:47;1321;49,97;
19:30:50;1322;49,98;
19:30:53;1323;49,98;
19:30:59;1324;49,98;
19:31:05;1326;49,97;
19:31:08;1327;49,97;
19:31:11;1328;49,97;
19:31:14;1331;49,97;
19:31:17;1332;49,97;
19:31:20;1332;49,96;
19:31:23;1325;49,97;
19:31:26;1331;49,97;
19:31:29;1333;49,96;
19:31:32;1335;49,96;
19:31:35;1332;49,96;
19:31:38;1333;49,96;
19:31:41;1332;49,95;
19:31:44;1333;49,96;
19:31:47;1325;49,96;
19:31:50;1333;49,96;
19:31:53;1338;49,96;
19:31:56;1334;49,97;
19:31:59;1323;49,96;
19:32:02;1332;49,97;
19:32:05;1335;49,97;
19:32:08;1327;49,98;
19:32:11;1334;49,97;
19:32:14;1335;49,97;
19:32:20;1332;49,97;
19:32:26;1332;49,96;
19:32:32;1330;49,96;
19:32:35;1333;49,97;
19:32:38;1335;49,98;
19:32:44;1338;49,98;
19:32:50;1339;49,97;
19:32:56;1340;49,97;
19:32:59;1339;49,97;
19:33:02;1339;49,98;
19:33:05;1340;49,99;
19:33:08;1341;49,99;
19:33:11;1346;49,99;
19:33:14;1335;49,99;
19:33:17;1340;49,99;
19:33:20;1341;49,97;
19:33:23;1342;49,97;
19:33:26;1342;49,96;
19:33:35;1341;49,97;
19:33:38;1335;49,97;
19:33:41;1342;49,97;
19:33:44;1341;49,98;
19:33:47;1343;49,98;
19:33:50;1341;49,98;
19:33:56;1340;49,97;
19:34:02;1338;49,97;
19:34:05;1335;49,96;
19:34:08;1334;49,96;
19:34:11;1334;49,97;
19:34:20;1329;49,97;
19:34:23;1329;49,98;
19:34:26;1326;49,98;
19:34:29;1325;49,98;
19:34:32;1323;49,98;
19:34:35;1322;49,98;
19:34:38;1320;49,98;
19:34:41;1319;49,98;
19:34:44;1315;49,98;
19:34:47;1317;49,98;
19:34:50;1316;49,98;
19:35:02;1309;49,97;
19:35:08;1315;49,97;
19:35:11;1314;49,97;
19:35:14;1308;49,97;
19:35:17;1315;49,97;
19:35:20;1314;49,97;
19:35:23;1316;49,97;
19:35:26;1314;49,97;
19:35:29;1312;49,97;
19:35:32;1308;49,97;
19:35:35;1314;49,97;
19:35:38;1310;49,97;
19:35:41;1313;49,96;
19:35:44;1307;49,97;
19:35:47;1311;49,97;
19:35:50;1308;49,97;
19:35:53;1314;49,97;
19:35:56;1302;49,98;
19:35:59;1307;49,97;
19:36:02;1303;49,98;
19:36:05;1304;49,98;
19:36:08;1298;49,98;
19:36:14;1300;49,97;
19:36:17;1305;49,97;
19:36:23;1302;49,96;
19:36:29;1302;49,97;
19:36:32;1301;49,97;
19:36:35;1296;49,98;
19:36:38;1300;49,98;
19:36:41;1298;49,97;
19:36:44;1299;49,97;
19:36:47;1298;49,97;
19:36:50;1299;49,97;
19:36:53;1295;49,97;
19:36:59;1296;49,97;
19:37:02;1295;49,97;
19:37:05;1287;49,98;
19:37:08;1292;49,98;
19:37:17;1293;49,98;
19:37:20;1283;49,97;
19:37:23;1284;49,97;
19:37:26;1288;49,98;
19:37:29;1284;49,98;
19:37:32;1285;49,97;
19:37:35;1274;49,97;
19:37:38;1280;49,97;
19:37:41;1281;49,97;
19:37:44;1283;49,97;
19:37:47;1274;49,98;
19:37:50;1280;49,98;
19:37:53;1279;49,97;
19:37:59;1271;49,97;
19:38:05;1277;49,96;
19:38:08;1278;49,96;
19:38:11;1268;49,97;
19:38:14;1276;49,97;
19:38:17;1268;49,97;
19:38:20;1273;49,97;
19:38:23;1266;49,97;
19:38:26;1261;49,97;
19:38:29;1270;49,97;
19:38:35;1262;49,96;
19:38:38;1271;49,96;
19:38:41;1268;49,96;
19:38:44;1269;49,97;
19:38:47;1270;49,97;
19:38:50;1269;49,97;
19:38:53;1266;49,98;
19:38:56;1268;49,98;
19:38:59;1258;49,98;
19:39:02;1265;49,98;
19:39:05;1266;49,98;
19:39:11;1258;49,98;
19:39:14;1265;49,98;
19:39:17;1264;49,98;
19:39:23;1253;49,98;
19:39:26;1260;49,98;
19:39:29;1259;49,97;
19:39:32;1257;49,97;
19:39:35;1253;49,97;
19:39:38;1261;49,97;
19:39:41;1259;49,96;
19:39:47;1249;49,96;
19:39:50;1257;49,97;
19:40:17;1248;49,97;
19:40:20;1255;49,97;
19:40:23;1246;49,96;
19:40:26;1243;49,96;
19:40:29;1251;49,96;
19:40:32;1252;49,97;
19:40:35;1251;49,97;
19:40:38;1244;49,97;
19:40:41;1252;49,96;
19:40:44;1249;49,96;
19:40:47;1251;49,96;
19:40:50;1245;49,97;
19:40:53;1252;49,96;
19:40:56;1251;49,96;
19:40:59;1248;49,96;
19:41:02;1239;49,96;
19:41:05;1250;49,96;
19:41:08;1247;49,95;
19:41:11;1249;49,95;
19:41:14;1240;49,95;
19:41:17;1249;49,96;
19:41:23;1246;49,96;
19:41:26;1240;49,97;
19:41:29;1249;49,97;
19:41:32;1246;49,97;
19:41:35;1247;49,97;
19:41:38;1241;49,97;
19:41:44;1244;49,97;
19:41:47;1247;49,97;
19:41:50;1239;49,98;
19:41:53;1245;49,98;
19:41:56;1239;49,98;
19:42:02;1238;49,98;
19:42:08;1233;49,98;
19:42:11;1239;49,98;
19:42:14;1236;49,98;
19:42:17;1238;49,98;
19:42:20;1240;49,98;
19:42:23;1242;49,98;
19:42:26;1245;49,98;
19:42:29;1237;49,98;
19:42:32;1244;49,98;
19:42:35;1241;49,97;
19:42:38;1242;49,97;
19:42:41;1236;49,97;
19:42:44;1241;49,97;
19:42:50;1242;49,98;
19:42:53;1235;49,98;
19:42:56;1240;49,99;
19:42:59;1237;50,00;
19:43:02;1243;50,00;
19:43:05;1236;50,00;
19:43:08;1242;50,00;
19:43:11;1240;50,00;
19:43:14;1238;50,00;
19:43:17;1227;50,00;
19:43:20;1229;49,99;
19:43:23;1235;49,98;
19:43:26;1233;49,98;
19:43:29;1223;49,98;
19:43:32;1229;49,97;
19:43:35;1228;49,98;
19:43:38;1233;49,98;
19:43:41;1227;49,98;
19:43:44;1234;50,00;
19:43:47;1230;49,99;
19:43:50;1232;49,99;
19:43:56;1231;49,99;
19:43:59;1229;49,99;
19:44:02;1230;49,99;
19:44:05;1225;49,99;
19:44:08;1230;49,99;
19:44:11;1229;49,99;
19:44:14;1230;49,99;
19:44:17;1232;49,99;
19:44:20;1230;49,99;
19:44:23;1228;49,99;
19:44:26;1229;49,99;
19:44:29;1224;49,99;
19:44:32;1230;49,98;
19:44:35;1228;49,98;
19:44:38;1230;49,98;
19:44:41;1224;49,98;
19:44:44;1230;49,98;
19:44:50;1231;49,98;
19:44:53;1225;49,99;
19:44:56;1233;50,00;
19:45:02;1232;50,00;
19:45:05;1226;50,00;
19:45:08;1227;49,99;
19:45:11;1225;49,99;
19:45:14;1231;49,99;
19:45:17;1231;49,98;
19:45:20;1225;49,98;
19:45:23;1231;49,98;
19:45:26;1233;49,98;
19:45:32;1223;49,98;
19:45:35;1231;49,98;
19:45:38;1228;49,98;
19:45:41;1230;49,99;
19:45:47;1231;49,99;
19:45:53;1232;49,99;
19:45:56;1226;49,99;
19:45:59;1231;49,99;
19:46:08;1233;49,99;
19:46:11;1232;50,00;
19:46:14;1227;49,99;
19:46:17;1230;49,99;
19:46:20;1225;49,99;
19:46:23;1227;49,98;
19:46:26;1225;49,98;
19:46:29;1224;49,98;
19:46:32;1220;49,98;
19:46:35;1227;49,98;
19:46:38;1223;49,98;
19:46:41;1226;49,97;
19:46:44;1220;49,97;
19:46:47;1224;49,97;
19:46:53;1225;49,98;
19:46:56;1217;49,98;
19:46:59;1223;49,98;
19:47:02;1218;49,98;
19:47:05;1220;49,97;
19:47:08;1218;49,97;
19:47:11;1214;49,96;
19:47:14;1219;49,97;
19:47:17;1217;49,97;
19:47:20;1214;49,97;
19:47:23;1215;49,97;
19:47:26;1209;49,96;
19:47:29;1213;49,97;
19:47:32;1214;49,97;
19:47:35;1203;49,97;
19:47:38;1209;49,98;
19:47:41;1206;49,97;
19:47:47;1205;49,97;
19:47:50;1199;49,97;
19:47:53;1199;49,98;
19:47:59;1198;49,98;
19:48:02;1194;49,97;
19:48:08;1192;49,97;
19:48:11;1190;49,97;
19:48:14;1183;49,97;
19:48:17;1191;49,97;
19:48:20;1188;49,97;
19:48:23;1184;49,96;
19:48:26;1177;49,96;
19:48:29;1181;49,96;
19:48:32;1183;49,96;
19:48:35;1176;49,97;
19:48:41;1169;49,97;
19:48:44;1172;49,97;
19:48:47;1169;49,97;
19:48:53;1168;49,98;
19:48:56;1164;49,98;
19:49:05;1159;49,99;
19:49:08;1158;49,99;
19:49:11;1156;49,98;
19:49:14;1155;49,98;
19:49:17;1153;49,98;
19:49:20;1154;49,98;
19:49:23;1149;49,98;
19:49:29;1148;49,99;
19:49:35;1145;49,99;
19:49:41;1144;49,99;
19:49:47;1137;49,99;
19:49:50;1140;50,00;
19:49:53;1138;50,00;
19:49:56;1140;50,00;
19:49:59;1135;50,00;
19:50:02;1136;49,99;
19:50:05;1135;49,99;
19:50:14;1133;49,99;
19:50:17;1134;49,99;
19:50:20;1132;49,99;
19:50:23;1126;49,99;
19:50:26;1132;49,99;
19:50:29;1136;49,99;
19:50:32;1126;49,99;
19:50:35;1127;49,99;
19:50:38;1128;49,98;
19:50:41;1127;49,98;
19:50:44;1130;49,97;
19:50:47;1130;49,98;
19:50:50;1128;49,97;
19:50:56;1127;49,97;
19:51:02;1125;49,97;
19:51:05;1126;49,97;
19:51:08;1125;49,97;
19:51:14;1121;49,97;
19:51:17;1124;49,97;
19:51:20;1123;49,98;
19:51:23;1124;49,98;
19:51:26;1121;49,98;
19:51:29;1118;49,98;
19:51:32;1121;49,99;
19:51:35;1122;49,99;
19:51:38;1114;49,99;
19:51:41;1126;50,00;
19:51:44;1121;50,00;
19:51:47;1122;50,00;
19:51:50;1122;49,99;
19:51:53;1120;49,99;
19:52:02;1118;49,99;
19:52:05;1122;49,99;
19:52:08;1120;49,99;
19:52:14;1121;49,99;
19:52:17;1120;49,99;
19:52:20;1122;49,99;
19:52:23;1114;49,99;
19:52:26;1118;49,98;
19:52:29;1114;49,97;
19:52:32;1112;49,97;
19:52:35;1116;49,96;
19:52:38;1117;49,97;
19:52:41;1111;49,97;
19:52:44;1114;49,97;
19:52:47;1116;49,97;
19:52:50;1112;49,98;
19:52:53;1111;49,98;
19:52:59;1109;49,98;
19:53:02;1107;49,98;
19:53:08;1104;49,98;
19:53:14;1107;49,98;
19:53:17;1102;49,98;
19:53:20;1097;49,98;
19:53:23;1103;49,98;
19:53:26;1096;49,98;
19:53:29;1101;49,98;
19:53:32;1095;49,98;
19:53:35;1100;49,98;
19:53:38;1097;49,97;
19:53:41;1098;49,97;
19:53:44;1100;49,97;
19:53:47;1101;49,97;
19:53:50;1100;49,97;
19:53:56;1101;49,97;
19:53:59;1101;49,96;
19:54:02;1095;49,97;
19:54:05;1101;49,98;
19:54:08;1102;49,98;
19:54:14;1095;49,98;
19:54:17;1101;49,98;
19:54:20;1103;49,98;
19:54:23;1101;49,98;
19:54:26;1097;49,98;
19:54:29;1102;49,98;
19:54:35;1103;49,98;
19:54:38;1105;49,99;
19:54:41;1102;49,99;
19:54:47;1104;49,99;
19:54:53;1105;49,98;
19:54:59;1108;50,00;
19:55:02;1106;50,00;
19:55:05;1109;50,00;
19:55:11;1103;50,00;
19:55:14;1105;49,99;
19:55:17;1097;49,98;
19:55:20;1105;49,98;
19:55:23;1102;49,97;
19:55:26;1106;49,97;
19:55:29;1104;49,98;
19:55:32;1105;49,98;
19:55:35;1101;49,98;
19:55:38;1105;49,98;
19:55:41;1101;49,98;
19:55:44;1104;49,98;
19:55:47;1105;49,98;
19:55:50;1103;49,98;
19:55:53;1097;49,98;
19:55:56;1104;49,98;
19:55:59;1105;49,97;
19:56:05;1096;49,98;
19:56:08;1102;49,98;
19:56:14;1101;49,98;
19:56:17;1095;49,98;
19:56:20;1099;49,98;
19:56:23;1098;49,98;
19:56:26;1099;49,98;
19:56:29;1089;49,98;
19:56:32;1095;49,98;
19:56:35;1096;49,99;
19:56:38;1091;49,99;
19:56:41;1085;49,99;
19:56:44;1090;49,99;
19:56:47;1090;50,00;
19:56:50;1090;49,99;
19:56:53;1081;49,99;
19:56:56;1086;49,99;
19:56:59;1088;50,00;
19:57:02;1085;50,00;
19:57:05;1075;50,00;
19:57:11;1079;49,99;
19:57:14;1078;49,99;
19:57:17;1067;49,98;
19:57:20;1073;49,98;
19:57:23;1077;49,97;
19:57:26;1073;49,96;
19:57:29;1072;49,96;
19:57:32;1065;49,96;
19:57:35;1071;49,97;
19:57:38;1066;49,98;
19:57:41;1059;49,98;
19:57:44;1064;49,98;
19:57:47;1065;49,98;
19:57:50;1061;49,97;
19:57:53;1058;49,97;
19:57:56;1056;49,97;
19:58:02;1054;49,98;
19:58:05;1047;49,97;
19:58:08;1051;49,97;
19:58:11;1052;49,97;
19:58:17;1050;49,97;
19:58:20;1043;49,97;
19:58:23;1038;49,97;
19:58:26;1046;49,97;
19:58:29;1045;49,97;
19:58:32;1036;49,97;
19:58:35;1040;49,97;
19:58:38;1034;49,97;
19:58:41;1038;49,97;
19:58:44;1029;49,97;
19:58:47;1033;49,97;
19:58:50;1027;49,97;
19:58:53;1029;49,98;
19:58:56;1027;49,98;
19:59:02;1022;49,98;
19:59:05;1026;49,98;
19:59:08;1012;49,98;
19:59:11;1018;49,98;
19:59:14;993;49,97;
19:59:17;997;49,98;
19:59:20;994;49,98;
19:59:23;992;49,98;
19:59:26;1004;49,98;
19:59:29;1007;49,98;
19:59:32;1009;49,98;
19:59:38;1002;49,98;
19:59:41;1004;49,98;
19:59:47;1001;49,98;
19:59:50;995;49,98;
19:59:53;997;49,98;
19:59:56;993;49,99;
19:59:59;995;49,99;
20:00:02;989;49,99;
20:00:08;987;49,98;
20:00:11;988;49,98;
20:00:14;980;49,98;
20:00:17;982;49,98;
20:00:20;981;49,98;
20:00:23;974;49,98;
20:00:26;977;49,98;
20:00:29;969;49,98;
20:00:32;976;49,99;
20:00:35;966;49,99;
20:00:38;967;50,00;
20:00:41;971;50,01;
20:00:44;973;50,01;
20:00:47;962;50,00;
20:00:53;952;50,00;
20:00:56;955;50,00;
20:00:59;954;50,00;
20:01:02;950;50,00;
20:01:05;943;50,00;
20:01:08;945;50,00;
20:01:14;942;50,00;
20:01:17;936;50,00;
20:01:20;932;50,00;
20:01:23;935;50,00;
20:01:26;928;50,00;
20:01:29;923;50,00;
20:01:32;928;50,00;
20:01:35;925;50,00;
20:01:38;920;49,99;
20:01:41;914;49,99;
20:01:47;913;49,98;
20:01:50;909;49,98;
20:01:53;903;49,98;
20:01:56;904;49,98;
20:01:59;902;49,98;
20:02:02;899;49,97;
20:02:05;890;49,97;
20:02:08;894;49,97;
20:02:14;891;49,98;
20:02:20;887;49,97;
20:02:23;881;49,97;
20:02:26;880;49,97;
20:02:29;874;49,97;
20:02:32;878;49,97;
20:02:35;877;49,97;
20:02:38;875;49,98;
20:02:41;872;49,98;
20:02:44;866;49,98;
20:02:47;867;49,98;
20:02:50;862;49,98;
20:02:53;857;49,98;
20:02:56;859;49,99;
20:02:59;857;49,99;
20:03:02;856;49,99;
20:03:05;851;50,00;
20:03:08;854;50,00;
20:03:11;848;50,00;
20:03:14;845;50,00;
20:03:17;838;50,00;
20:03:20;842;49,99;
20:03:26;845;50,00;
20:03:29;842;50,00;
20:03:32;832;50,00;
20:03:35;827;49,99;
20:03:38;832;50,00;
20:03:41;834;50,00;
20:03:44;824;50,00;
20:03:47;829;50,00;
20:03:50;826;50,00;
20:03:53;824;50,00;
20:03:56;822;50,00;
20:03:59;820;50,00;
20:04:02;812;50,00;
20:04:05;814;50,00;
20:04:11;810;49,99;
20:04:14;803;49,99;
20:04:17;805;49,99;
20:04:20;804;49,98;
20:04:23;800;49,98;
20:04:26;794;49,98;
20:04:29;798;49,98;
20:04:32;796;49,98;
20:04:35;789;49,99;
20:04:38;785;49,99;
20:04:41;784;49,99;
20:04:47;780;49,98;
20:04:50;770;49,99;
20:04:53;777;49,98;
20:04:56;774;49,99;
20:04:59;770;49,99;
20:05:02;761;49,99;
20:05:05;766;49,99;
20:05:08;761;49,99;
20:05:11;757;49,98;
20:05:17;753;49,98;
20:05:20;750;49,98;
20:05:23;749;49,98;
20:05:26;736;49,98;
20:05:29;745;49,98;
20:05:32;742;49,98;
20:05:35;736;49,98;
20:05:38;740;49,98;
20:05:41;730;49,99;
20:05:44;724;50,00;
20:05:47;726;50,00;
20:05:53;725;50,00;
20:05:56;721;50,00;
20:05:59;716;50,00;
20:06:02;714;49,99;
20:06:05;711;49,98;
20:06:08;708;49,98;
20:06:11;706;49,97;
20:06:14;704;49,97;
20:06:17;703;49,97;
20:06:23;699;49,98;
20:06:29;694;49,98;
20:06:32;693;49,98;
20:06:35;691;49,98;
20:06:38;690;49,97;
20:06:41;680;49,97;
20:06:44;688;49,97;
20:06:47;681;49,97;
20:06:50;679;49,98;
20:06:53;676;49,98;
20:06:56;677;49,98;
20:06:59;671;49,99;
20:07:02;673;50,00;
20:07:05;661;50,00;
20:07:08;669;50,00;
20:07:11;664;50,00;
20:07:14;661;50,00;
20:07:17;661;49,99;
20:07:20;660;49,99;
20:07:23;650;49,98;
20:07:29;656;49,98;
20:07:32;655;49,98;
20:07:35;652;49,99;
20:07:38;651;49,99;
20:07:41;649;50,00;
20:07:47;640;50,00;
20:07:50;645;50,00;
20:07:53;641;50,00;
20:07:56;635;50,00;
20:07:59;636;50,00;
20:08:02;635;49,99;
20:08:05;640;49,98;
20:08:08;638;49,99;
20:08:14;635;49,99;
20:08:17;622;49,99;
20:08:20;633;49,99;
20:08:23;626;49,99;
20:08:26;629;49,98;
20:08:29;626;49,98;
20:08:32;622;49,98;
20:08:35;627;49,98;
20:08:38;624;49,98;
20:08:41;626;49,98;
20:08:44;625;49,99;
20:08:47;617;49,99;
20:08:50;622;50,00;
20:08:53;621;50,00;
20:08:56;612;50,00;
20:08:59;616;50,00;
20:09:02;617;49,99;
20:09:05;614;49,99;
20:09:08;607;49,99;
20:09:11;613;49,99;
20:09:14;612;49,99;
20:09:20;610;50,00;
20:09:23;602;50,00;
20:09:26;601;50,00;
20:09:29;599;50,00;
20:09:35;596;49,99;
20:09:38;591;49,99;
20:09:41;595;49,99;
20:09:44;592;49,99;
20:09:50;591;49,99;
20:09:53;587;49,99;
20:09:59;584;49,99;
20:10:02;576;50,00;
20:10:05;584;50,00;
20:10:11;587;50,00;
20:10:14;583;50,00;
20:10:17;584;49,99;
20:10:20;581;49,98;
20:10:26;578;49,98;
20:10:29;574;49,98;
20:10:32;569;49,98;
20:10:35;571;49,98;
20:10:38;564;49,98;
20:10:41;565;49,98;
20:10:44;561;49,98;
20:10:47;568;49,98;
20:10:50;556;50,00;
20:10:53;554;50,00;
20:10:56;562;50,00;
20:10:59;554;50,00;
20:11:05;557;50,00;
20:11:08;556;50,00;
20:11:11;548;50,00;
20:11:17;543;50,00;
20:11:20;545;50,00;
20:11:23;542;49,99;
20:11:26;539;49,99;
20:11:32;541;49,98;
20:11:35;538;49,98;
20:11:38;531;49,98;
20:11:41;535;49,98;
20:11:44;537;49,97;
20:11:47;532;49,98;
20:11:50;534;49,98;
20:11:53;529;49,98;
20:11:56;530;49,98;
20:11:59;528;49,98;
20:12:02;523;49,99;
20:12:05;523;50,00;
20:12:08;527;50,00;
20:12:11;522;50,00;
20:12:14;523;50,00;
20:12:17;520;50,00;
20:12:20;523;50,00;
20:12:23;518;49,99;
20:12:26;513;49,99;
20:12:29;514;49,99;
20:12:32;517;49,99;
20:12:38;513;49,99;
20:12:41;511;49,98;
20:12:44;510;49,98;
20:12:47;507;49,98;
20:12:50;506;49,98;
20:12:56;503;49,98;
20:12:59;506;49,98;
20:13:02;500;49,98;
20:13:08;497;49,98;
20:13:11;497;49,99;
20:13:14;496;49,99;
20:13:17;495;49,99;
20:13:23;492;50,00;
20:13:29;487;49,99;
20:13:32;490;49,99;
20:13:35;491;49,99;
20:13:38;486;49,99;
20:13:41;485;49,99;
20:13:44;484;49,99;
20:13:47;480;49,99;
20:13:50;479;49,99;
20:13:53;478;50,00;
20:13:56;477;50,00;
20:13:59;482;50,00;
20:14:02;475;50,00;
20:14:05;474;50,00;
20:14:11;472;50,00;
20:14:14;470;50,00;
20:14:17;467;50,00;
20:14:20;469;50,00;
20:14:23;471;49,99;
20:14:29;463;49,99;
20:14:32;461;49,99;
20:14:35;462;50,00;
20:14:38;456;50,00;
20:14:41;457;50,00;
20:14:44;456;50,00;
20:14:47;455;50,00;
20:14:50;452;49,99;
20:14:56;451;49,98;
20:14:59;450;49,99;
20:15:02;447;49,99;
20:15:05;443;49,99;
20:15:08;445;49,99;
20:15:11;445;49,98;
20:15:14;436;49,98;
20:15:17;440;49,98;
20:15:20;441;49,98;
20:15:23;435;49,98;
20:15:26;438;49,98;
20:15:29;432;49,98;
20:15:35;427;49,98;
20:15:38;435;49,98;
20:15:41;427;49,98;
20:15:47;422;49,98;
20:15:50;426;49,98;
20:15:53;425;49,98;
20:15:56;424;49,98;
20:15:59;420;49,98;
20:16:02;417;49,98;
20:16:05;417;49,99;
20:16:08;417;49,98;
20:16:11;411;49,98;
20:16:14;414;49,98;
20:16:17;413;49,98;
20:16:20;412;49,99;
20:16:23;409;49,98;
20:16:26;410;49,98;
20:16:29;406;49,98;
20:16:32;405;49,98;
20:16:35;402;49,98;
20:16:41;397;49,98;
20:16:44;401;49,98;
20:16:47;397;49,98;
20:16:50;395;49,98;
20:16:53;393;49,98;
20:16:56;391;49,98;
20:16:59;392;49,98;
20:17:02;393;49,98;
20:17:05;387;49,98;
20:17:08;390;49,98;
20:17:11;387;49,98;
20:17:14;384;49,98;
20:17:17;385;49,98;
20:17:20;384;49,99;
20:17:26;380;49,98;
20:17:29;379;49,98;
20:17:35;377;49,97;
20:17:38;372;49,97;
20:17:41;368;49,97;
20:17:44;369;49,97;
20:17:47;367;49,98;
20:17:50;364;49,98;
20:17:53;362;49,99;
20:17:56;359;49,99;
20:17:59;361;49,99;
20:18:02;356;50,00;
20:18:08;354;50,00;
20:18:11;352;50,00;
20:18:14;353;49,99;
20:18:17;352;49,99;
20:18:20;347;49,99;
20:18:23;351;49,99;
20:18:26;346;49,99;
20:18:32;342;49,99;
20:18:35;340;49,99;
20:18:38;338;49,99;
20:18:44;337;49,99;
20:18:47;338;49,99;
20:18:50;334;50,00;
20:18:53;333;50,00;
20:18:59;334;50,00;
20:19:02;330;50,00;
20:19:05;328;50,00;
20:19:08;331;50,00;
20:19:14;328;50,00;
20:19:17;324;49,99;
20:19:20;324;49,98;
20:19:23;328;49,98;
20:19:26;317;49,97;
20:19:29;320;49,97;
20:19:38;319;49,98;
20:19:41;321;49,98;
20:19:44;318;49,98;
20:19:47;314;49,98;
20:19:50;317;49,98;
20:19:53;314;49,98;
20:19:56;315;49,98;
20:19:59;313;49,98;
20:20:02;310;49,98;
20:20:05;308;49,97;
20:20:08;310;49,96;
20:20:11;311;49,96;
20:20:14;313;49,96;
20:20:17;310;49,96;
20:20:20;311;49,96;
20:20:23;308;49,96;
20:20:26;310;49,96;
20:20:29;309;49,96;
20:20:32;308;49,96;
20:20:35;305;49,96;
20:20:38;306;49,97;
20:20:44;307;49,96;
20:20:47;305;49,96;
20:20:53;304;49,97;
20:20:56;303;49,97;
20:20:59;302;49,97;
20:21:02;304;49,97;
20:21:05;305;49,97;
20:21:11;302;49,97;
20:21:14;300;49,97;
20:21:17;299;49,97;
20:21:20;302;49,97;
20:21:23;304;49,98;
20:21:26;302;49,97;
20:21:29;304;49,97;
20:21:32;303;49,97;
20:21:35;301;49,97;
20:21:38;300;49,97;
20:21:47;301;49,97;
20:21:53;303;49,98;
20:21:56;302;49,97;
20:21:59;299;49,97;
20:22:02;296;49,98;
20:22:05;301;49,97;
20:22:08;297;49,97;
20:22:11;295;49,97;
20:22:14;299;49,97;
20:22:17;298;49,96;
20:22:23;299;49,96;
20:22:26;298;49,97;
20:22:29;295;49,96;
20:22:35;298;49,96;
20:22:38;299;49,96;
20:22:41;298;49,96;
20:22:44;296;49,96;
20:22:50;299;49,96;
20:22:53;297;49,96;
20:22:56;296;49,96;
20:22:59;297;49,96;
20:23:02;294;49,96;
20:23:05;295;49,96;
20:23:08;296;49,97;
20:23:11;294;49,97;
20:23:17;295;49,97;
20:23:20;294;49,97;
20:23:26;295;49,97;
20:23:29;293;49,96;
20:23:32;294;49,96;
20:23:35;292;49,96;
20:23:41;290;49,96;
20:23:44;292;49,96;
20:23:47;290;49,97;
20:23:50;291;49,97;
20:23:53;289;49,98;
20:23:56;293;49,98;
20:23:59;291;49,98;
20:24:02;290;49,98;
20:24:05;291;49,98;
20:24:08;289;49,98;
20:24:11;288;49,98;
20:24:17;287;49,97;
20:24:20;289;49,97;
20:24:23;287;49,97;
20:24:26;286;49,97;
20:24:29;287;49,96;
20:24:32;285;49,96;
20:24:35;286;49,96;
20:24:38;283;49,96;
20:24:41;284;49,96;
20:24:47;283;49,97;
20:24:53;282;49,97;
20:24:56;283;49,97;
20:24:59;284;49,97;
20:25:05;280;49,97;
20:25:08;281;49,97;
20:25:14;280;49,97;
20:25:17;277;49,97;
20:25:20;279;49,97;
20:25:23;280;49,98;
20:25:26;279;49,98;
20:25:29;276;49,98;
20:25:32;275;49,98;
20:25:35;274;49,98;
20:25:38;276;49,98;
20:25:41;275;49,98;
20:25:44;272;49,97;
20:25:53;271;49,97;
20:25:56;271;49,98;
20:25:59;270;49,98;
20:26:02;269;49,98;
20:26:05;267;49,97;
20:26:08;267;49,96;
20:26:14;266;49,96;
20:26:17;269;49,96;
20:26:20;264;49,96;
20:26:23;266;49,96;
20:26:29;263;49,96;
20:26:32;262;49,96;
20:26:38;262;49,97;
20:26:44;260;49,98;
20:26:47;261;49,98;
20:26:53;262;49,98;
20:26:56;260;49,98;
20:26:59;258;49,98;
20:27:02;256;49,98;
20:27:05;255;49,98;
20:27:08;256;49,99;
20:27:11;253;49,98;
20:27:14;253;49,99;
20:27:20;255;49,99;
20:27:23;248;49,98;
20:27:26;252;49,98;
20:27:29;253;49,98;
20:27:32;248;49,97;
20:27:35;252;49,97;
20:27:38;248;49,96;
20:27:50;248;49,97;
20:27:56;244;49,97;
20:28:02;242;49,96;
20:28:05;243;49,96;
20:28:08;241;49,96;
20:28:11;241;49,97;
20:28:14;239;49,98;
20:28:17;240;49,98;
20:28:20;239;49,98;
20:28:23;237;49,98;
20:28:26;236;49,98;
20:28:32;237;49,98;
20:28:35;234;49,98;
20:28:38;236;49,97;
20:28:41;234;49,96;
20:28:53;233;49,96;
20:29:02;233;49,97;
20:29:05;228;49,97;
20:29:08;227;49,97;
20:29:11;228;49,97;
20:29:14;226;49,97;
20:29:17;223;49,98;
20:29:20;226;49,98;
20:29:26;228;49,98;
20:29:29;224;49,98;
20:29:32;227;49,98;
20:29:35;224;49,99;
20:29:38;226;49,99;
20:29:41;225;49,99;
20:29:44;222;49,99;
20:29:47;217;49,99;
20:29:50;222;49,99;
20:29:59;219;49,99;
20:30:02;218;49,99;
20:30:05;221;50,00;
20:30:08;218;50,00;
20:30:11;216;50,00;
20:30:14;217;50,00;
20:30:17;215;50,00;
20:30:20;213;50,00;
20:30:23;213;49,99;
20:30:26;212;49,99;
20:30:32;206;49,98;
20:30:35;181;49,98;
20:30:38;179;49,98;
20:30:41;177;49,98;
20:30:44;206;49,99;
20:30:47;204;49,99;
20:30:50;206;49,99;
20:30:53;204;49,98;
20:30:56;201;49,98;
20:30:59;202;49,98;
20:31:02;200;49,98;
20:31:08;199;49,98;
20:31:11;196;49,98;
20:31:14;197;49,98;
20:31:17;193;49,99;
20:31:20;194;49,99;
20:31:23;193;49,99;
20:31:26;192;50,00;
20:31:29;189;50,00;
20:31:32;188;49,99;
20:31:38;187;49,98;
20:31:41;188;49,98;
20:31:47;183;49,99;
20:31:50;184;49,98;
20:31:53;183;49,98;
20:31:56;182;49,98;
20:32:05;180;49,98;
20:32:08;178;49,98;
20:32:11;176;49,98;
20:32:14;175;49,98;
20:32:17;176;49,98;
20:32:20;175;49,98;
20:32:23;172;49,98;
20:32:32;171;49,97;
20:32:35;167;49,97;
20:32:38;168;49,97;
20:32:41;167;49,97;
20:32:47;164;49,97;
20:32:53;161;49,97;
20:32:56;163;49,97;
20:32:59;160;49,97;
20:33:05;158;49,98;
20:33:17;156;49,98;
20:33:20;153;49,97;
20:33:23;154;49,97;
20:33:26;153;49,97;
20:33:35;151;49,97;
20:33:41;149;49,96;
20:33:47;148;49,97;
20:33:50;145;49,97;
20:33:53;142;49,98;
20:33:59;144;49,98;
20:34:02;143;49,98;
20:34:05;144;49,98;
20:34:08;143;49,98;
20:34:11;140;49,98;
20:34:14;142;49,99;
20:34:17;141;49,99;
20:34:20;140;49,99;
20:34:23;139;49,98;
20:34:26;137;49,98;
20:34:29;136;49,97;
20:34:32;138;49,97;
20:34:35;135;49,97;
20:34:38;132;49,97;
20:34:41;134;49,97;
20:34:44;133;49,97;
20:34:50;130;49,98;
20:34:53;129;49,98;
20:34:59;128;49,98;
20:35:05;126;49,98;
20:35:11;122;49,98;
20:35:14;124;49,98;
20:35:17;125;49,98;
20:35:20;122;49,99;
20:35:23;123;49,99;
20:35:26;121;49,98;
20:35:29;121;49,99;
20:35:32;120;49,98;
20:35:35;120;49,99;
20:35:38;117;49,99;
20:35:44;114;49,98;
20:35:50;112;49,98;
20:35:53;113;49,98;
20:35:56;111;49,98;
20:35:59;114;49,98;
20:36:02;110;49,99;
20:36:05;109;50,00;
20:36:08;111;50,00;
20:36:11;107;50,00;
20:36:14;106;50,00;
20:36:17;105;50,00;
20:36:23;104;50,00;
20:36:26;103;49,99;
20:36:29;101;49,99;
20:36:32;100;49,98;
20:36:35;99;49,98;
20:36:38;97;49,98;
20:36:41;96;49,98;
20:36:44;98;49,98;
20:36:47;95;49,98;
20:36:50;94;49,99;
20:36:56;92;50,00;
20:36:59;91;50,00;
20:37:02;90;50,00;
20:37:05;91;50,00;
20:37:08;87;49,99;
20:37:11;87;49,98;
20:37:14;85;49,98;
20:37:17;87;49,98;
20:37:20;85;49,98;
20:37:26;83;49,98;
20:37:29;82;49,98;
20:37:32;82;49,97;
20:37:35;81;49,96;
20:37:41;80;49,96;
20:37:44;79;49,96;
20:37:47;77;49,97;
20:37:56;75;49,97;
20:38:02;74;49,97;
20:38:05;76;49,97;
20:38:08;75;49,97;
20:38:11;74;49,96;
20:38:14;73;49,96;
20:38:17;71;49,95;
20:38:20;72;49,95;
20:38:23;73;49,95;
20:38:26;70;49,96;
20:38:29;69;49,96;
20:38:35;68;49,96;
20:38:38;65;49,97;
20:38:41;66;49,98;
20:38:44;68;49,97;
20:38:47;67;49,96;
20:38:50;63;49,97;
20:38:56;63;49,98;
20:38:59;63;49,99;
20:39:02;63;49,98;
20:39:08;59;49,98;
20:39:11;62;49,98;
20:39:14;58;49,98;
20:39:17;59;49,97;
20:39:20;58;49,97;
20:39:23;57;49,98;
20:39:26;57;49,97;
20:39:29;55;49,98;
20:39:32;54;49,98;
20:39:35;53;49,97;
20:39:38;54;49,98;
20:39:41;53;49,97;
20:39:47;52;49,97;
20:39:53;49;49,98;
20:39:56;49;49,97;
20:39:59;49;49,98;
20:40:02;49;49,97;
20:40:05;49;49,98;
20:40:11;48;49,98;
20:40:14;49;49,98;
20:40:17;46;49,98;
20:40:20;47;49,98;
20:40:26;48;49,98;
20:40:29;46;49,98;
20:40:32;48;49,98;
20:40:38;45;49,98;
20:40:41;44;49,98;
20:40:44;37;49,98;
20:40:47;37;49,97;
20:40:53;43;49,97;
20:40:59;44;49,97;
20:41:02;43;49,97;
20:41:05;43;49,98;
20:41:08;42;49,98;
20:41:11;43;49,98;
20:41:14;42;49,98;
20:41:17;38;49,98;
20:41:20;40;49,98;
20:41:26;41;49,98;
20:41:29;40;49,98;
20:41:35;42;49,98;
20:41:41;42;49,97;
20:41:44;40;49,97;
20:41:47;39;49,97;
20:41:50;40;49,97;
20:41:53;37;49,97;
20:41:59;41;49,97;
20:42:05;42;49,96;
20:42:08;36;49,96;
20:42:11;39;49,96;
20:42:14;38;49,97;
20:42:17;35;49,96;
20:42:20;40;49,97;
20:42:23;37;49,97;
20:42:26;39;49,97;
20:42:29;40;49,97;
20:42:32;41;49,96;
20:42:38;40;49,96;
20:42:41;40;49,97;
20:42:47;41;49,98;
20:42:50;37;49,97;
20:42:53;46;49,97;
20:42:56;43;49,96;
20:42:59;42;49,97;
20:43:02;46;49,97;
20:43:05;43;49,97;
20:43:11;43;49,98;
20:43:14;45;49,97;
20:43:17;44;49,97;
20:43:20;46;49,97;
20:43:23;48;49,97;
20:43:26;49;49,97;
20:43:32;46;49,97;
20:43:35;48;49,97;
20:43:38;60;49,97;
20:43:41;55;49,97;
20:43:44;48;49,97;
20:43:47;57;49,98;
20:43:50;51;49,97;
20:43:53;48;49,97;
20:43:56;134;49,96;
20:43:59;85;49,96;
20:44:02;75;49,96;
20:44:05;54;49,97;
20:44:08;60;49,97;
20:44:11;63;49,98;
20:44:17;61;49,97;
20:44:20;117;49,98;
20:44:23;110;49,98;
20:44:26;52;49,97;
20:44:29;61;49,97;
20:44:32;123;49,96;
20:44:35;128;49,96;
20:44:38;84;49,96;
20:44:41;0;49,97;
20:44:44;0;49,98;
20:44:47;0;49,99;
20:44:56;0;49,98;
20:45:08;0;49,99;
20:45:17;0;49,98;
20:45:29;0;49,97;
20:45:50;0;49,96;
20:46:02;0;49,97;
20:46:08;0;49,96;
20:46:32;0;49,97;
20:46:44;0;49,96;
20:47:08;0;49,97;
20:47:14;0;49,96;
20:47:20;0;49,97;
20:47:23;0;49,96;
20:47:56;0;49,97;
20:48:02;0;49,96;
20:48:08;0;49,97;
20:48:20;0;49,96;
20:48:32;0;49,97;
20:49:05;0;49,96;
20:49:17;0;49,95;
20:49:20;0;49,96;
20:49:26;0;49,95;
20:49:38;0;49,96;
20:49:44;0;49,97;
20:49:53;0;49,98;
20:50:05;0;49,99;
20:50:11;0;49,98;
20:50:17;0;49,97;
20:50:26;0;49,96;
20:50:35;0;49,97;
20:50:38;0;49,98;
20:50:59;0;49,99;
20:51:05;0;49,98;
20:51:11;0;49,97;
20:51:17;0;49,96;
20:51:47;0;49,97;
20:51:53;0;49,98;
20:52:02;0;49,97;
20:52:05;0;49,96;
20:52:17;0;49,97;
20:52:23;0;49,99;
20:52:35;0;49,98;
20:52:47;0;49,97;
20:53:02;0;49,96;
20:53:05;0;49,97;
20:53:17;0;49,98;
20:53:26;0;49,97;
20:53:29;0;49,98;
20:53:32;0;49,96;
20:54:02;0;49,97;
20:54:14;0;49,96;
20:54:26;0;49,97;
20:54:35;0;49,96;
20:55:14;0;49,97;
20:55:41;0;49,96;
20:55:44;0;49,97;
20:55:53;0;49,96;
20:55:56;0;49,97;
20:56:26;0;49,96;
20:56:50;0;49,97;
20:57:20;0;49,96;
20:57:44;0;49,97;
20:57:50;0;49,96;
20:58:17;0;49,97;
20:58:32;0;49,96;
20:58:41;0;49,97;
20:58:47;;;
