time;pac;freq;
07:16:07;0;49,99;
07:16:10;94;50,00;
07:16:13;92;50,00;
07:16:19;91;50,00;
07:16:25;95;50,00;
07:16:28;93;49,99;
07:16:31;96;50,00;
07:16:40;96;49,99;
07:16:43;96;50,00;
07:16:46;97;49,99;
07:16:49;95;49,99;
07:16:52;98;49,99;
07:16:55;99;50,00;
07:17:01;98;50,01;
07:17:10;99;50,01;
07:17:16;99;50,00;
07:17:22;100;50,00;
07:17:25;99;50,00;
07:17:28;100;50,00;
07:17:31;100;50,01;
07:17:37;97;50,01;
07:17:40;105;50,00;
07:17:43;98;50,00;
07:17:46;106;50,00;
07:17:49;99;50,01;
07:17:52;104;50,01;
07:17:55;101;50,01;
07:17:58;100;50,01;
07:18:01;101;50,01;
07:18:04;100;50,01;
07:18:10;99;50,01;
07:18:13;102;50,01;
07:18:16;87;50,01;
07:18:19;85;50,01;
07:18:22;105;50,01;
07:18:25;104;50,01;
07:18:29;104;50,00;
07:18:35;107;50,00;
07:18:38;105;50,00;
07:18:41;108;50,00;
07:18:47;106;50,00;
07:18:50;108;50,00;
07:18:53;106;50,00;
07:18:56;99;49,99;
07:18:59;101;49,99;
07:19:02;106;49,98;
07:19:05;105;49,98;
07:19:08;102;49,98;
07:19:14;103;49,98;
07:19:17;100;49,98;
07:19:20;102;49,97;
07:19:23;107;49,97;
07:19:26;108;49,98;
07:19:29;112;49,98;
07:19:32;103;49,98;
07:19:35;113;49,98;
07:19:38;110;49,97;
07:19:41;104;49,97;
07:19:44;105;49,98;
07:19:47;102;49,97;
07:19:50;111;49,98;
07:19:53;112;49,98;
07:19:56;107;49,98;
07:19:59;112;49,98;
07:20:02;112;49,99;
07:20:05;113;49,99;
07:20:08;112;50,00;
07:20:11;113;49,99;
07:20:14;114;49,99;
07:20:20;113;49,99;
07:20:23;112;49,98;
07:20:29;120;49,98;
07:20:32;115;49,98;
07:20:35;109;49,98;
07:20:38;116;49,98;
07:20:44;118;49,99;
07:20:47;121;49,99;
07:20:56;120;50,00;
07:21:02;119;50,00;
07:21:05;120;50,00;
07:21:08;119;49,99;
07:21:14;119;49,98;
07:21:17;121;49,98;
07:21:26;122;49,99;
07:21:29;123;49,99;
07:21:32;121;49,99;
07:21:34;123;49,99;
07:21:35;124;50,00;
07:21:43;123;50,00;
07:21:46;124;50,00;
07:21:49;121;50,00;
07:21:52;124;50,00;
07:21:58;124;49,99;
07:22:01;123;49,99;
07:22:05;124;49,99;
07:22:08;122;49,99;
07:22:11;124;49,99;
07:22:14;126;49,99;
07:22:17;129;49,98;
07:22:20;127;49,99;
07:22:23;128;49,99;
07:22:26;131;50,00;
07:22:34;127;50,00;
07:22:36;133;50,00;
07:22:39;123;50,00;
07:22:42;132;50,00;
07:22:44;124;50,00;
07:22:46;131;50,00;
07:22:48;126;50,00;
07:22:53;131;50,00;
07:22:55;125;50,00;
07:22:57;131;50,00;
07:23:03;133;50,00;
07:23:05;132;50,00;
07:23:13;133;50,01;
07:23:17;135;50,00;
07:23:23;136;50,00;
07:23:30;136;49,99;
07:23:33;137;50,00;
07:23:36;136;50,00;
07:23:43;137;50,00;
07:23:45;139;50,00;
07:23:51;138;50,00;
07:24:01;137;50,00;
07:24:04;136;50,00;
07:24:06;137;50,00;
07:24:08;140;50,00;
07:24:11;139;50,00;
07:24:14;139;49,99;
07:24:18;140;49,99;
07:24:20;139;49,99;
07:24:22;144;50,00;
07:24:25;141;49,99;
07:24:29;144;49,99;
07:24:31;141;49,99;
07:24:32;144;49,99;
07:24:39;147;49,99;
07:24:42;140;50,00;
07:24:44;147;50,00;
07:24:47;140;50,00;
07:24:49;145;50,01;
07:24:51;145;50,00;
07:24:57;143;50,00;
07:24:59;145;50,00;
07:25:09;146;50,01;
07:25:12;147;50,01;
07:25:14;149;50,00;
07:25:17;146;50,00;
07:25:21;147;50,00;
07:25:23;149;50,00;
07:25:27;148;50,00;
07:25:33;153;50,00;
07:25:37;145;50,00;
07:25:39;140;50,00;
07:25:41;149;50,00;
07:25:44;152;50,00;
07:25:51;155;49,99;
07:25:55;155;50,00;
07:25:59;150;50,00;
07:26:02;155;50,00;
07:26:05;154;50,00;
07:26:07;155;50,00;
07:26:09;154;50,00;
07:26:14;156;50,01;
07:26:16;157;50,01;
07:26:19;156;50,01;
07:26:26;155;50,02;
07:26:29;154;50,01;
07:26:36;150;50,01;
07:26:39;155;50,01;
07:26:47;155;50,00;
07:26:57;157;50,00;
07:27:00;160;50,01;
07:27:04;157;50,00;
07:27:11;161;50,00;
07:27:13;160;50,00;
07:27:19;161;50,00;
07:27:23;161;49,99;
07:27:27;161;50,00;
07:27:30;165;50,00;
07:27:32;163;50,00;
07:27:34;155;50,00;
07:27:40;167;50,00;
07:27:42;166;50,00;
07:27:53;164;50,00;
07:27:55;164;50,01;
07:27:59;158;50,01;
07:28:02;159;50,00;
07:28:05;164;50,00;
07:28:08;165;50,00;
07:28:14;169;50,00;
07:28:18;166;50,00;
07:28:24;161;50,00;
07:28:26;146;50,00;
07:28:32;168;49,99;
07:28:34;170;49,99;
07:28:44;172;50,00;
07:28:52;171;50,00;
07:28:54;172;50,00;
07:29:00;173;50,00;
07:29:04;174;50,00;
07:29:07;175;50,00;
07:29:09;177;50,00;
07:29:12;178;50,00;
07:29:22;178;49,99;
07:29:25;179;49,99;
07:29:30;176;49,99;
07:29:32;174;49,98;
07:29:34;176;49,98;
07:29:40;173;49,97;
07:29:44;178;49,97;
07:29:48;179;49,98;
07:29:52;180;49,98;
07:29:54;179;49,99;
07:30:02;175;49,99;
07:30:03;179;49,99;
07:30:10;180;49,99;
07:30:13;182;49,98;
07:30:14;178;49,98;
07:30:18;180;49,98;
07:30:23;179;49,98;
07:30:26;184;49,99;
07:30:31;186;49,99;
07:30:33;189;49,99;
07:30:34;186;49,98;
07:30:38;179;49,98;
07:30:43;185;49,97;
07:30:46;188;49,97;
07:30:49;179;49,97;
07:30:51;187;49,97;
07:30:54;179;49,97;
07:31:00;180;49,98;
07:31:04;185;49,98;
07:31:07;183;49,98;
07:31:09;179;49,99;
07:31:12;185;50,00;
07:31:15;184;50,00;
07:31:17;188;50,00;
07:31:19;185;50,00;
07:31:22;188;49,99;
07:31:26;191;49,98;
07:31:34;190;49,98;
07:31:38;188;49,98;
07:31:41;183;49,99;
07:31:45;190;49,99;
07:31:46;191;50,00;
07:31:53;189;50,00;
07:31:57;190;50,00;
07:32:00;189;50,00;
07:32:07;186;50,00;
07:32:10;193;50,00;
07:32:13;189;50,00;
07:32:17;196;50,00;
07:32:19;185;50,00;
07:32:25;197;49,99;
07:32:26;194;49,99;
07:32:33;197;50,00;
07:32:37;196;50,00;
07:32:40;191;50,00;
07:32:43;200;50,00;
07:32:45;192;50,00;
07:32:51;199;50,01;
07:32:55;206;50,01;
07:32:56;212;50,01;
07:33:01;204;50,01;
07:33:04;203;50,01;
07:33:07;199;50,01;
07:33:10;197;50,00;
07:33:12;206;50,00;
07:33:14;205;50,00;
07:33:20;202;50,00;
07:33:23;205;50,00;
07:33:27;195;49,99;
07:33:30;197;49,98;
07:33:35;200;49,98;
07:33:38;210;49,98;
07:33:41;212;49,98;
07:33:44;209;49,98;
07:33:47;204;49,98;
07:33:50;211;49,98;
07:33:59;206;49,98;
07:34:02;211;49,98;
07:34:05;213;49,98;
07:34:12;210;49,99;
07:34:16;215;50,00;
07:34:22;213;50,00;
07:34:26;212;50,00;
07:34:32;213;50,00;
07:34:35;211;50,00;
07:34:43;215;50,00;
07:34:47;209;50,00;
07:34:50;212;50,00;
07:34:53;206;50,00;
07:34:57;211;50,00;
07:35:06;204;50,00;
07:35:09;210;50,00;
07:35:12;214;50,00;
07:35:15;208;50,00;
07:35:16;217;49,99;
07:35:22;212;50,00;
07:35:25;209;49,99;
07:35:28;214;49,99;
07:35:32;217;49,99;
07:35:35;216;49,99;
07:35:36;218;49,99;
07:35:46;220;49,98;
07:35:49;220;49,99;
07:35:52;220;50,00;
07:35:55;214;50,00;
07:35:58;220;50,00;
07:36:01;225;50,00;
07:36:05;214;50,00;
07:36:08;224;50,00;
07:36:11;225;50,00;
07:36:15;226;50,00;
07:36:18;225;49,99;
07:36:21;222;49,98;
07:36:24;227;49,98;
07:36:27;226;49,98;
07:36:30;227;49,99;
07:36:33;223;49,99;
07:36:37;226;49,99;
07:36:40;230;50,00;
07:36:43;217;50,00;
07:36:47;219;50,00;
07:36:50;227;50,00;
07:36:53;229;50,00;
07:36:57;230;50,00;
07:37:00;229;50,00;
07:37:03;224;50,00;
07:37:07;226;50,00;
07:37:10;230;50,00;
07:37:13;226;49,99;
07:37:17;231;49,99;
07:37:20;230;50,00;
07:37:27;232;50,00;
07:37:33;222;50,00;
07:37:37;225;50,00;
07:37:40;233;50,00;
07:37:43;232;50,00;
07:37:47;226;50,00;
07:37:50;235;50,00;
07:37:53;230;50,01;
07:38:00;235;50,01;
07:38:03;238;50,00;
07:38:06;237;50,00;
07:38:09;239;50,00;
07:38:12;240;50,00;
07:38:19;238;50,00;
07:38:22;237;50,00;
07:38:28;236;49,99;
07:38:31;205;49,99;
07:38:34;204;49,98;
07:38:37;235;49,99;
07:38:43;238;49,98;
07:38:46;239;49,98;
07:38:49;239;49,99;
07:38:52;231;49,99;
07:38:55;238;49,99;
07:38:56;242;49,99;
07:38:59;232;49,99;
07:39:05;240;49,99;
07:39:08;235;50,00;
07:39:14;238;50,00;
07:39:17;242;50,00;
07:39:20;238;50,00;
07:39:23;237;49,99;
07:39:26;232;49,99;
07:39:27;241;49,98;
07:39:33;238;49,99;
07:39:36;237;49,99;
07:39:39;240;50,00;
07:39:42;245;50,00;
07:39:45;240;50,00;
07:39:48;244;50,00;
07:39:51;245;50,00;
07:39:54;241;50,00;
07:39:57;240;50,00;
07:40:00;238;50,00;
07:40:03;242;50,00;
07:40:06;245;50,00;
07:40:09;243;50,00;
07:40:12;245;50,00;
07:40:15;247;50,00;
07:40:18;249;50,00;
07:40:21;248;50,00;
07:40:24;253;50,00;
07:40:27;251;50,00;
07:40:33;249;49,99;
07:40:36;250;49,98;
07:40:39;252;49,98;
07:40:42;246;49,98;
07:40:45;251;49,98;
07:40:46;239;49,98;
07:40:52;247;49,98;
07:40:55;246;49,98;
07:40:56;253;49,98;
07:41:02;247;49,99;
07:41:05;257;49,99;
07:41:08;250;49,99;
07:41:11;253;49,99;
07:41:14;250;49,99;
07:41:17;257;49,99;
07:41:20;252;49,99;
07:41:23;256;49,99;
07:41:26;255;50,00;
07:41:29;254;50,00;
07:41:35;256;50,00;
07:41:38;254;50,00;
07:41:41;255;50,00;
07:41:44;258;50,00;
07:41:47;253;50,00;
07:41:50;250;50,00;
07:41:53;256;50,00;
07:41:56;249;50,00;
07:42:02;247;50,00;
07:42:05;249;50,00;
07:42:08;253;49,99;
07:42:11;250;49,99;
07:42:14;258;49,98;
07:42:17;253;49,98;
07:42:23;252;49,98;
07:42:26;259;49,98;
07:42:29;254;49,98;
07:42:32;252;49,98;
07:42:35;256;49,98;
07:42:38;261;49,98;
07:42:41;254;49,98;
07:42:44;261;49,98;
07:42:47;262;49,99;
07:42:50;264;49,99;
07:42:53;265;49,99;
07:42:56;268;50,00;
07:42:59;267;50,00;
07:43:02;269;50,00;
07:43:08;267;49,99;
07:43:11;271;49,99;
07:43:14;269;49,99;
07:43:17;268;49,99;
07:43:20;271;49,99;
07:43:23;269;49,99;
07:43:26;270;49,99;
07:43:29;269;49,99;
07:43:32;272;49,99;
07:43:35;270;50,00;
07:43:38;275;50,00;
07:43:41;274;50,00;
07:43:44;273;50,00;
07:43:47;275;50,00;
07:43:50;274;50,00;
07:43:53;275;50,00;
07:43:56;255;50,01;
07:43:59;276;50,01;
07:44:02;268;50,01;
07:44:05;279;50,01;
07:44:08;277;50,01;
07:44:14;278;50,00;
07:44:17;275;50,00;
07:44:20;277;50,00;
07:44:26;279;49,99;
07:44:29;281;49,99;
07:44:32;280;49,99;
07:44:35;279;49,99;
07:44:38;280;50,00;
07:44:41;281;50,00;
07:44:44;280;50,00;
07:44:47;282;50,01;
07:44:50;283;50,01;
07:44:53;284;50,00;
07:44:56;283;50,00;
07:45:02;281;50,00;
07:45:05;284;50,00;
07:45:08;283;50,00;
07:45:11;284;50,00;
07:45:20;285;50,00;
07:45:23;288;49,99;
07:45:26;285;49,99;
07:45:29;287;49,99;
07:45:32;288;49,99;
07:45:35;287;49,99;
07:45:38;289;49,99;
07:45:41;287;49,99;
07:45:44;289;49,98;
07:45:47;284;49,98;
07:45:50;290;49,98;
07:45:53;276;49,98;
07:45:56;288;49,99;
07:45:59;274;49,99;
07:46:05;285;49,99;
07:46:08;281;49,99;
07:46:11;275;49,99;
07:46:14;284;49,99;
07:46:17;275;49,98;
07:46:20;280;49,98;
07:46:26;281;49,98;
07:46:29;286;49,98;
07:46:32;291;49,98;
07:46:35;292;49,98;
07:46:38;294;49,99;
07:46:41;291;49,98;
07:46:44;286;49,99;
07:46:47;292;49,99;
07:46:50;295;49,99;
07:46:53;298;49,98;
07:46:56;290;49,99;
07:46:59;298;49,99;
07:47:02;294;49,98;
07:47:05;293;49,99;
07:47:11;301;49,99;
07:47:14;295;49,98;
07:47:17;299;49,98;
07:47:20;296;49,98;
07:47:23;300;49,98;
07:47:26;299;49,98;
07:47:29;301;49,98;
07:47:32;300;49,99;
07:47:35;300;49,98;
07:47:38;298;49,98;
07:47:41;301;49,98;
07:47:44;302;49,98;
07:47:47;301;49,98;
07:47:50;303;49,99;
07:47:53;304;49,99;
07:47:56;302;50,00;
07:47:59;304;50,00;
07:48:02;305;50,00;
07:48:05;305;49,99;
07:48:08;306;49,99;
07:48:11;305;49,99;
07:48:17;308;49,99;
07:48:20;307;49,99;
07:48:23;308;49,99;
07:48:26;307;49,98;
07:48:29;305;49,98;
07:48:32;309;49,99;
07:48:35;308;49,99;
07:48:38;310;49,99;
07:48:41;273;49,99;
07:48:44;278;49,99;
07:48:47;312;49,99;
07:48:50;310;49,99;
07:48:53;312;49,99;
07:48:56;306;49,99;
07:48:59;315;49,99;
07:49:02;310;49,98;
07:49:05;310;49,97;
07:49:08;304;49,97;
07:49:11;306;49,98;
07:49:14;307;49,98;
07:49:17;314;49,98;
07:49:23;318;49,98;
07:49:26;316;49,98;
07:49:29;315;49,98;
07:49:35;313;49,99;
07:49:38;315;49,99;
07:49:41;316;49,99;
07:49:44;314;49,99;
07:49:47;315;49,98;
07:49:50;317;49,98;
07:49:53;318;49,98;
07:49:59;320;49,98;
07:50:02;319;49,98;
07:50:08;320;49,98;
07:50:11;318;49,97;
07:50:14;306;49,98;
07:50:17;317;49,98;
07:50:20;318;49,97;
07:50:23;319;49,97;
07:50:26;324;49,97;
07:50:32;325;49,97;
07:50:38;326;49,97;
07:50:41;322;49,97;
07:50:44;328;49,97;
07:50:47;328;49,98;
07:50:50;327;49,98;
07:50:53;322;49,99;
07:50:56;330;49,99;
07:50:59;331;49,99;
07:51:02;329;50,00;
07:51:05;323;50,00;
07:51:08;331;49,99;
07:51:14;330;49,99;
07:51:17;325;49,99;
07:51:20;331;49,99;
07:51:23;328;49,99;
07:51:26;333;49,98;
07:51:29;331;49,98;
07:51:32;328;49,98;
07:51:35;332;49,98;
07:51:38;330;49,99;
07:51:41;329;49,99;
07:51:44;334;49,99;
07:51:47;333;50,00;
07:51:50;330;49,99;
07:51:53;332;49,99;
07:51:56;331;49,99;
07:51:59;328;49,99;
07:52:02;329;49,99;
07:52:05;330;50,00;
07:52:08;335;50,00;
07:52:11;338;50,00;
07:52:14;330;49,99;
07:52:20;339;49,98;
07:52:23;342;49,98;
07:52:26;338;50,00;
07:52:35;337;50,00;
07:52:38;336;50,00;
07:52:41;339;50,00;
07:52:44;338;50,00;
07:52:47;340;50,00;
07:52:50;342;50,00;
07:52:53;341;50,00;
07:52:56;343;50,01;
07:52:59;347;50,01;
07:53:02;345;50,01;
07:53:05;349;50,01;
07:53:08;345;50,01;
07:53:11;343;50,01;
07:53:14;343;50,00;
07:53:20;341;50,00;
07:53:26;345;49,99;
07:53:29;340;49,99;
07:53:32;345;49,99;
07:53:35;344;49,99;
07:53:38;344;50,00;
07:53:41;348;50,00;
07:53:44;346;50,00;
07:53:47;345;50,00;
07:53:50;349;50,00;
07:53:53;350;50,00;
07:53:56;351;50,00;
07:53:59;347;50,00;
07:54:02;343;50,00;
07:54:05;349;50,00;
07:54:08;344;50,00;
07:54:11;349;50,00;
07:54:14;351;50,00;
07:54:20;344;49,99;
07:54:23;351;50,00;
07:54:26;355;50,00;
07:54:29;347;50,00;
07:54:32;354;50,00;
07:54:35;353;49,99;
07:54:44;354;49,99;
07:54:50;356;49,99;
07:54:53;353;50,00;
07:54:56;357;50,00;
07:54:59;358;50,00;
07:55:05;359;50,00;
07:55:08;360;50,00;
07:55:11;356;49,99;
07:55:17;358;49,98;
07:55:20;359;49,98;
07:55:26;358;49,98;
07:55:29;345;49,98;
07:55:32;361;49,98;
07:55:35;360;49,98;
07:55:38;359;49,98;
07:55:41;343;49,98;
07:55:44;362;49,98;
07:55:47;360;49,98;
07:55:50;365;49,98;
07:55:53;363;49,99;
07:55:56;365;50,00;
07:55:59;364;50,00;
07:56:02;365;50,00;
07:56:05;367;50,00;
07:56:08;367;49,99;
07:56:17;367;50,00;
07:56:23;369;50,00;
07:56:26;367;50,00;
07:56:29;373;49,99;
07:56:32;375;49,99;
07:56:35;374;50,00;
07:56:38;373;50,00;
07:56:41;366;50,00;
07:56:44;373;50,00;
07:56:47;376;50,00;
07:56:50;377;50,00;
07:56:53;375;49,99;
07:56:56;376;50,00;
07:56:59;377;50,00;
07:57:02;376;50,00;
07:57:05;375;50,00;
07:57:08;377;50,00;
07:57:11;371;49,99;
07:57:14;376;49,99;
07:57:17;379;49,99;
07:57:20;372;49,99;
07:57:23;379;49,98;
07:57:29;370;49,98;
07:57:32;380;49,98;
07:57:35;378;49,98;
07:57:38;379;49,98;
07:57:41;370;49,98;
07:57:44;378;49,98;
07:57:47;381;49,98;
07:57:50;382;49,98;
07:57:53;380;49,98;
07:57:56;383;49,98;
07:57:59;383;49,99;
07:58:02;385;49,99;
07:58:05;375;49,99;
07:58:08;385;49,98;
07:58:17;376;49,97;
07:58:20;382;49,97;
07:58:23;384;49,97;
07:58:26;387;49,97;
07:58:29;383;49,97;
07:58:35;388;49,98;
07:58:38;390;49,97;
07:58:41;386;49,97;
07:58:44;391;49,97;
07:58:47;389;49,97;
07:58:50;392;49,96;
07:58:53;392;49,97;
07:58:56;382;49,97;
07:58:59;388;49,98;
07:59:02;394;49,98;
07:59:08;392;49,97;
07:59:11;396;49,97;
07:59:14;391;49,97;
07:59:20;391;49,98;
07:59:23;398;49,98;
07:59:26;393;50,00;
07:59:29;399;50,00;
07:59:32;393;50,00;
07:59:35;401;49,99;
07:59:38;399;49,99;
07:59:41;398;49,99;
07:59:44;393;49,98;
07:59:47;401;49,98;
07:59:50;402;49,97;
07:59:53;405;49,97;
07:59:56;394;49,96;
07:59:59;404;49,97;
08:00:02;395;49,97;
08:00:05;395;49,98;
08:00:08;403;49,99;
08:00:11;398;49,99;
08:00:14;405;49,99;
08:00:17;407;49,99;
08:00:20;404;50,00;
08:00:26;410;50,00;
08:00:29;405;50,00;
08:00:35;406;49,99;
08:00:38;396;49,98;
08:00:41;406;49,98;
08:00:47;413;49,98;
08:00:50;412;49,98;
08:00:53;413;49,97;
08:00:56;410;49,98;
08:00:59;413;49,98;
08:01:02;417;49,98;
08:01:05;413;49,98;
08:01:08;417;49,99;
08:01:11;415;49,99;
08:01:17;418;49,99;
08:01:20;412;49,98;
08:01:23;418;49,98;
08:01:26;415;49,98;
08:01:32;413;49,97;
08:01:35;421;49,97;
08:01:38;420;49,97;
08:01:41;422;49,97;
08:01:44;415;49,97;
08:01:47;422;49,97;
08:01:53;421;49,97;
08:01:56;417;49,97;
08:01:59;425;49,97;
08:02:02;409;49,97;
08:02:05;416;49,96;
08:02:08;426;49,97;
08:02:11;416;49,97;
08:02:14;428;49,97;
08:02:17;424;49,98;
08:02:20;422;49,98;
08:02:23;428;49,98;
08:02:26;431;49,98;
08:02:29;424;49,98;
08:02:32;427;49,97;
08:02:38;425;49,97;
08:02:41;416;49,98;
08:02:44;428;49,98;
08:02:47;434;49,98;
08:02:50;426;49,99;
08:02:53;420;49,99;
08:02:56;431;49,99;
08:02:59;430;49,98;
08:03:02;432;49,99;
08:03:05;423;49,99;
08:03:08;437;49,99;
08:03:11;443;49,99;
08:03:14;438;49,99;
08:03:17;430;49,99;
08:03:20;441;49,98;
08:03:23;446;49,98;
08:03:26;444;49,98;
08:03:29;437;49,98;
08:03:32;447;49,98;
08:03:35;438;49,98;
08:03:38;445;49,98;
08:03:41;447;49,99;
08:03:44;453;49,99;
08:03:47;448;49,99;
08:03:50;457;49,99;
08:03:53;467;49,99;
08:03:56;464;49,99;
08:03:59;463;49,99;
08:04:02;468;49,99;
08:04:05;469;49,98;
08:04:08;476;49,98;
08:04:11;474;49,98;
08:04:14;487;49,98;
08:04:17;480;49,98;
08:04:20;498;49,98;
08:04:23;512;49,97;
08:04:29;531;49,98;
08:04:32;529;49,98;
08:04:35;543;49,98;
08:04:38;555;49,98;
08:04:41;571;49,99;
08:04:44;580;49,98;
08:04:47;585;49,99;
08:04:50;597;49,99;
08:04:53;630;49,99;
08:04:56;653;49,99;
08:04:59;670;49,99;
08:05:02;691;49,99;
08:05:05;722;49,99;
08:05:08;765;49,99;
08:05:11;755;49,99;
08:05:14;822;50,00;
08:05:17;863;49,99;
08:05:20;872;49,98;
08:05:23;908;49,98;
08:05:26;919;49,98;
08:05:29;949;49,99;
08:05:35;999;49,99;
08:05:38;1010;49,99;
08:05:41;1043;49,98;
08:05:44;1055;49,98;
08:05:47;1085;49,98;
08:05:50;1099;49,98;
08:05:53;1116;49,98;
08:05:56;1129;49,98;
08:05:59;1167;49,98;
08:06:02;1180;49,98;
08:06:05;1204;49,99;
08:06:08;1216;49,99;
08:06:11;1243;49,98;
08:06:14;1235;49,98;
08:06:17;1262;49,98;
08:06:20;1276;49,98;
08:06:23;1292;49,98;
08:06:26;1283;49,98;
08:06:29;1307;49,98;
08:06:32;1319;49,98;
08:06:35;1328;49,99;
08:06:41;1339;49,99;
08:06:44;1337;49,99;
08:06:47;1349;49,98;
08:06:50;1346;49,98;
08:06:53;1352;49,98;
08:06:56;1351;49,98;
08:06:59;1353;49,98;
08:07:02;1356;49,98;
08:07:05;1359;49,99;
08:07:11;1361;49,99;
08:07:14;1355;49,99;
08:07:17;1367;49,99;
08:07:20;1367;50,00;
08:07:23;1364;50,00;
08:07:26;1366;50,00;
08:07:29;1373;49,99;
08:07:32;1376;49,99;
08:07:35;1374;49,99;
08:07:41;1380;50,00;
08:07:47;1387;50,01;
08:07:50;1390;50,01;
08:07:53;1383;50,01;
08:07:56;1393;50,01;
08:07:59;1389;50,01;
08:08:02;1394;50,01;
08:08:05;1386;50,00;
08:08:08;1391;50,00;
08:08:11;1392;50,00;
08:08:14;1395;50,00;
08:08:17;1389;50,00;
08:08:20;1402;50,00;
08:08:23;1400;49,99;
08:08:26;1406;49,99;
08:08:32;1409;49,99;
08:08:35;1404;49,98;
08:08:38;1414;49,98;
08:08:41;1407;49,98;
08:08:44;1419;49,98;
08:08:47;1414;49,99;
08:08:50;1422;49,99;
08:08:53;1424;49,99;
08:08:56;1427;49,99;
08:08:59;1422;50,00;
08:09:02;1431;50,00;
08:09:05;1424;50,00;
08:09:08;1435;50,00;
08:09:11;1431;50,00;
08:09:14;1436;49,99;
08:09:17;1426;49,99;
08:09:20;1442;49,99;
08:09:23;1443;49,99;
08:09:26;1446;49,99;
08:09:29;1437;49,99;
08:09:32;1447;49,99;
08:09:38;1447;49,98;
08:09:41;1443;49,98;
08:09:44;1450;49,98;
08:09:47;1446;49,98;
08:09:50;1451;49,98;
08:09:53;1444;49,98;
08:09:56;1452;49,98;
08:09:59;1454;49,98;
08:10:02;1458;49,98;
08:10:05;1450;49,99;
08:10:08;1459;49,98;
08:10:11;1457;49,98;
08:10:14;1461;49,98;
08:10:17;1451;49,98;
08:10:20;1465;49,98;
08:10:23;1467;49,98;
08:10:26;1467;49,99;
08:10:29;1460;49,99;
08:10:32;1471;49,99;
08:10:35;1475;49,99;
08:10:38;1474;49,98;
08:10:44;1477;49,98;
08:10:47;1478;49,98;
08:10:50;1481;49,98;
08:10:56;1485;49,98;
08:11:02;1483;49,98;
08:11:05;1487;49,98;
08:11:08;1492;49,98;
08:11:11;1497;49,98;
08:11:14;1499;49,98;
08:11:17;1501;49,97;
08:11:20;1503;49,97;
08:11:23;1505;49,97;
08:11:26;1510;49,96;
08:11:29;1517;49,96;
08:11:32;1519;49,96;
08:11:35;1522;49,96;
08:11:38;1522;49,97;
08:11:41;1524;49,97;
08:11:44;1525;49,98;
08:11:50;1532;49,98;
08:11:56;1531;49,99;
08:11:59;1534;49,99;
08:12:02;1536;50,00;
08:12:08;1525;50,00;
08:12:11;1538;50,00;
08:12:14;1539;50,00;
08:12:17;1541;50,00;
08:12:20;1543;49,99;
08:12:23;1546;49,99;
08:12:26;1540;49,99;
08:12:29;1544;49,99;
08:12:35;1549;49,99;
08:12:38;1551;49,99;
08:12:41;1556;49,99;
08:12:44;1552;49,99;
08:12:47;1561;50,00;
08:12:53;1560;50,00;
08:12:56;1566;50,01;
08:12:59;1568;50,01;
08:13:05;1568;50,00;
08:13:08;1569;50,00;
08:13:11;1571;50,00;
08:13:14;1573;50,00;
08:13:17;1570;50,00;
08:13:20;1575;50,00;
08:13:23;1576;49,99;
08:13:26;1579;49,99;
08:13:29;1581;49,98;
08:13:35;1585;49,99;
08:13:41;1589;49,98;
08:13:44;1590;49,98;
08:13:50;1592;49,99;
08:13:53;1596;49,99;
08:13:56;1597;49,99;
08:13:59;1585;49,99;
08:14:02;1598;50,00;
08:14:05;1601;50,00;
08:14:08;1602;49,99;
08:14:11;1605;49,99;
08:14:14;1608;49,99;
08:14:17;1607;49,99;
08:14:20;1612;49,99;
08:14:23;1601;49,98;
08:14:26;1612;49,98;
08:14:29;1616;49,98;
08:14:35;1618;49,98;
08:14:38;1617;49,98;
08:14:41;1619;49,98;
08:14:47;1625;49,98;
08:14:50;1625;49,99;
08:14:53;1624;50,00;
08:14:56;1627;50,00;
08:15:02;1628;50,00;
08:15:05;1625;49,99;
08:15:08;1628;49,99;
08:15:11;1632;49,99;
08:15:14;1630;49,98;
08:15:20;1633;49,98;
08:15:23;1628;49,97;
08:15:26;1637;49,97;
08:15:29;1634;49,97;
08:15:32;1640;49,97;
08:15:35;1634;49,97;
08:15:38;1643;49,97;
08:15:41;1648;49,96;
08:15:44;1647;49,96;
08:15:47;1634;49,96;
08:15:53;1648;49,97;
08:15:59;1639;49,97;
08:16:02;1654;49,98;
08:16:05;1655;49,98;
08:16:08;1657;49,98;
08:16:11;1660;49,98;
08:16:14;1650;49,98;
08:16:17;1662;49,98;
08:16:20;1670;49,98;
08:16:23;1669;49,98;
08:16:26;1675;49,98;
08:16:29;1667;49,98;
08:16:32;1681;49,98;
08:16:35;1680;49,98;
08:16:38;1687;49,98;
08:16:41;1697;49,98;
08:16:44;1696;49,98;
08:16:47;1690;49,98;
08:16:50;1701;49,98;
08:16:53;1704;49,98;
08:16:59;1702;49,98;
08:17:02;1707;49,98;
08:17:11;1710;49,98;
08:17:14;1711;49,97;
08:17:17;1712;49,97;
08:17:20;1708;49,97;
08:17:23;1714;49,97;
08:17:26;1710;49,97;
08:17:29;1718;49,97;
08:17:32;1723;49,97;
08:17:35;1724;49,97;
08:17:38;1718;49,97;
08:17:44;1730;49,98;
08:17:47;1734;49,99;
08:17:50;1730;49,99;
08:17:53;1740;49,99;
08:17:56;1734;49,99;
08:17:59;1744;49,99;
08:18:08;1740;49,98;
08:18:11;1753;49,98;
08:18:14;1753;49,97;
08:18:17;1754;49,97;
08:18:20;1744;49,97;
08:18:23;1760;49,97;
08:18:29;1761;49,97;
08:18:32;1757;49,97;
08:18:35;1766;49,97;
08:18:38;1767;49,97;
08:18:41;1768;49,97;
08:18:44;1764;49,98;
08:18:50;1771;49,98;
08:18:53;1776;49,98;
08:18:56;1769;49,98;
08:18:59;1778;49,98;
08:19:02;1777;49,98;
08:19:05;1779;49,98;
08:19:08;1780;49,98;
08:19:11;1767;49,98;
08:19:14;1783;49,99;
08:19:17;1786;49,99;
08:19:20;1781;49,99;
08:19:23;1790;49,99;
08:19:26;1788;49,98;
08:19:29;1795;49,98;
08:19:32;1797;49,98;
08:19:38;1799;49,97;
08:19:41;1802;49,97;
08:19:44;1797;49,97;
08:19:47;1804;49,98;
08:19:50;1803;49,98;
08:19:56;1802;49,99;
08:19:59;1811;49,99;
08:20:02;1808;49,98;
08:20:05;1816;49,98;
08:20:08;1810;49,98;
08:20:11;1817;49,98;
08:20:14;1821;49,97;
08:20:17;1817;49,97;
08:20:20;1816;49,98;
08:20:23;1822;49,98;
08:20:26;1826;49,99;
08:20:29;1823;49,99;
08:20:32;1820;49,99;
08:20:35;1833;49,98;
08:20:38;1835;49,98;
08:20:41;1831;49,98;
08:20:44;1830;49,98;
08:20:47;1835;49,99;
08:20:50;1842;49,99;
08:20:53;1838;49,99;
08:20:56;1845;50,00;
08:21:02;1849;50,00;
08:21:05;1852;50,00;
08:21:08;1856;50,00;
08:21:11;1848;50,00;
08:21:14;1858;50,00;
08:21:20;1860;50,00;
08:21:26;1865;50,00;
08:21:29;1864;50,00;
08:21:32;1866;50,00;
08:21:35;1857;50,00;
08:21:38;1868;50,00;
08:21:41;1871;49,99;
08:21:47;1863;50,00;
08:21:50;1874;50,00;
08:21:53;1866;50,00;
08:21:56;1873;50,01;
08:21:59;1872;50,01;
08:22:02;1875;50,01;
08:22:05;1870;50,01;
08:22:08;1865;50,01;
08:22:11;1877;50,00;
08:22:14;1870;50,00;
08:22:17;1877;50,00;
08:22:20;1882;50,00;
08:22:23;1882;49,99;
08:22:26;1889;49,99;
08:22:29;1895;49,99;
08:22:32;1909;50,00;
08:22:35;1897;50,00;
08:22:38;1911;50,00;
08:22:41;1914;50,00;
08:22:44;1907;49,99;
08:22:47;1912;49,99;
08:22:53;1926;49,99;
08:22:56;1915;49,99;
08:22:59;1933;50,00;
08:23:02;1926;50,00;
08:23:05;1937;50,01;
08:23:08;1930;50,01;
08:23:11;1942;50,01;
08:23:17;1948;50,01;
08:23:20;1940;50,01;
08:23:23;1951;50,00;
08:23:26;1942;50,00;
08:23:29;1958;50,00;
08:23:32;1949;50,00;
08:23:35;1960;50,00;
08:23:38;1964;50,00;
08:23:41;1967;50,00;
08:23:44;1959;50,00;
08:23:47;1961;50,00;
08:23:50;1964;50,00;
08:23:53;1976;50,01;
08:23:59;1979;50,01;
08:24:02;1964;50,01;
08:24:05;1980;50,01;
08:24:08;1978;50,01;
08:24:11;1970;50,00;
08:24:14;1971;50,00;
08:24:17;1987;50,00;
08:24:20;1989;50,00;
08:24:23;1992;50,00;
08:24:26;1976;50,00;
08:24:29;1995;50,00;
08:24:32;1991;50,00;
08:24:35;1997;50,00;
08:24:38;1979;50,00;
08:24:41;1997;50,00;
08:24:44;1998;50,00;
08:24:47;2002;50,00;
08:24:50;1986;50,00;
08:24:53;2006;50,00;
08:24:56;2003;50,01;
08:24:59;2009;50,01;
08:25:08;2011;50,00;
08:25:11;2016;50,00;
08:25:14;2005;50,00;
08:25:17;2019;50,00;
08:25:20;2018;50,00;
08:25:23;2020;50,00;
08:25:26;2024;50,00;
08:25:29;2025;50,00;
08:25:32;2021;50,00;
08:25:35;2027;50,00;
08:25:38;2013;50,00;
08:25:41;2035;50,00;
08:25:44;2039;50,00;
08:25:47;2033;50,00;
08:25:50;2031;50,01;
08:25:53;2042;50,01;
08:25:56;2044;50,00;
08:25:59;2045;50,00;
08:26:02;2048;50,00;
08:26:05;2029;49,99;
08:26:08;2050;50,00;
08:26:14;2054;50,00;
08:26:17;2034;50,00;
08:26:20;2059;50,01;
08:26:26;2062;50,01;
08:26:29;2052;50,01;
08:26:32;2067;50,01;
08:26:35;2061;50,00;
08:26:38;2072;50,00;
08:26:41;2061;50,00;
08:26:44;2077;50,00;
08:26:47;2072;50,00;
08:26:50;2084;50,01;
08:26:56;2087;50,00;
08:26:59;2079;50,00;
08:27:02;2092;50,01;
08:27:05;2081;50,01;
08:27:08;2095;50,01;
08:27:11;2089;50,01;
08:27:14;2096;50,01;
08:27:17;2101;50,01;
08:27:20;2103;50,00;
08:27:23;2096;50,00;
08:27:26;2109;50,00;
08:27:29;2104;50,00;
08:27:32;2113;50,00;
08:27:35;2102;50,00;
08:27:38;2123;50,00;
08:27:41;2122;50,00;
08:27:44;2121;50,00;
08:27:47;2113;50,00;
08:27:50;2126;50,01;
08:27:53;2124;50,01;
08:27:56;2127;50,01;
08:28:02;2133;50,02;
08:28:05;2129;50,01;
08:28:08;2137;50,01;
08:28:11;2127;50,01;
08:28:14;2139;50,01;
08:28:17;2138;50,00;
08:28:20;2141;50,00;
08:28:23;2142;50,00;
08:28:26;2146;49,99;
08:28:29;2149;50,00;
08:28:32;2151;49,99;
08:28:35;2138;50,00;
08:28:38;2153;50,00;
08:28:41;2160;50,01;
08:28:44;2153;50,01;
08:28:47;2162;50,01;
08:28:50;2165;50,00;
08:28:53;2161;50,00;
08:28:56;2170;49,99;
08:28:59;2173;49,99;
08:29:02;2172;49,99;
08:29:08;2176;50,00;
08:29:11;2179;50,00;
08:29:14;2181;50,01;
08:29:17;2183;50,01;
08:29:20;2182;50,00;
08:29:23;2183;50,00;
08:29:26;2180;50,00;
08:29:29;2187;49,99;
08:29:32;2191;49,99;
08:29:35;2193;49,99;
08:29:38;2195;49,99;
08:29:41;2199;49,99;
08:29:44;2202;49,99;
08:29:47;2208;49,99;
08:29:50;2203;49,99;
08:29:53;2214;50,00;
08:29:56;2221;49,99;
08:29:59;2223;49,99;
08:30:02;2225;49,99;
08:30:05;2227;49,98;
08:30:08;2234;49,99;
08:30:14;2238;49,98;
08:30:17;2240;49,97;
08:30:20;2241;49,96;
08:30:23;2242;49,96;
08:30:26;2258;49,96;
08:30:29;2259;49,96;
08:30:32;2251;49,96;
08:30:35;2257;49,96;
08:30:38;2261;49,96;
08:30:41;2271;49,96;
08:30:44;2266;49,96;
08:30:47;2282;49,96;
08:30:50;2283;49,96;
08:30:53;2281;49,97;
08:30:59;2287;49,97;
08:31:02;2294;49,97;
08:31:05;2293;49,97;
08:31:08;2294;49,96;
08:31:11;2301;49,97;
08:31:14;2303;49,96;
08:31:17;2302;49,97;
08:31:20;2307;49,97;
08:31:23;2312;49,97;
08:31:26;2314;49,96;
08:31:29;2317;49,96;
08:31:32;2319;49,96;
08:31:35;2321;49,96;
08:31:38;2323;49,97;
08:31:41;2319;49,97;
08:31:44;2324;49,98;
08:31:47;2328;49,98;
08:31:50;2330;49,98;
08:31:53;2334;49,98;
08:31:56;2335;49,98;
08:31:59;2336;49,98;
08:32:05;2341;49,99;
08:32:08;2342;49,99;
08:32:11;2347;50,00;
08:32:14;2349;50,00;
08:32:17;2350;50,00;
08:32:20;2352;49,99;
08:32:23;2346;49,99;
08:32:26;2359;49,99;
08:32:29;2365;49,99;
08:32:32;2366;49,99;
08:32:35;2369;50,00;
08:32:38;2373;50,00;
08:32:41;2374;50,00;
08:32:44;2376;50,00;
08:32:47;2367;50,00;
08:32:50;2383;49,99;
08:32:53;2388;49,99;
08:32:56;2389;49,99;
08:32:59;2390;49,99;
08:33:05;2393;49,99;
08:33:11;2398;49,99;
08:33:14;2400;49,98;
08:33:17;2404;49,98;
08:33:20;2405;49,98;
08:33:23;2406;49,99;
08:33:26;2409;50,00;
08:33:29;2402;50,00;
08:33:32;2410;50,00;
08:33:35;2408;49,99;
08:33:38;2417;49,99;
08:33:41;2413;49,99;
08:33:44;2420;49,99;
08:33:47;2424;49,99;
08:33:50;2425;49,99;
08:33:53;2429;49,99;
08:33:56;2433;49,98;
08:34:02;2441;49,99;
08:34:05;2435;50,00;
08:34:08;2449;50,00;
08:34:11;2437;50,01;
08:34:17;2451;50,00;
08:34:20;2449;50,00;
08:34:23;2443;50,00;
08:34:26;2456;50,00;
08:34:29;2455;50,00;
08:34:32;2457;50,00;
08:34:35;2459;50,00;
08:34:38;2453;50,01;
08:34:41;2465;50,01;
08:34:44;2468;50,01;
08:34:47;2452;50,01;
08:34:50;2463;50,01;
08:34:53;2466;50,01;
08:34:56;2471;50,01;
08:34:59;2472;50,01;
08:35:02;2474;50,01;
08:35:05;2479;50,01;
08:35:08;2480;50,00;
08:35:11;2481;50,00;
08:35:14;2483;50,00;
08:35:17;2484;50,00;
08:35:20;2481;50,01;
08:35:23;2489;50,01;
08:35:26;2488;50,01;
08:35:32;2487;50,01;
08:35:35;2487;50,00;
08:35:38;2492;50,00;
08:35:41;2496;50,00;
08:35:44;2498;50,00;
08:35:47;2507;50,00;
08:35:50;2496;50,00;
08:35:53;2508;50,00;
08:35:56;2513;50,00;
08:35:59;2509;50,00;
08:36:02;2512;50,00;
08:36:08;2517;50,01;
08:36:11;2524;50,00;
08:36:14;2519;50,00;
08:36:17;2528;50,00;
08:36:20;2527;50,00;
08:36:23;2532;50,00;
08:36:29;2524;50,00;
08:36:32;2535;49,99;
08:36:35;2540;50,00;
08:36:38;2535;50,00;
08:36:41;2546;50,00;
08:36:44;2542;50,01;
08:36:47;2547;50,01;
08:36:50;2535;50,01;
08:36:53;2550;50,01;
08:36:56;2547;50,01;
08:36:59;2552;50,01;
08:37:02;2552;50,00;
08:37:05;2554;50,00;
08:37:08;2551;50,00;
08:37:14;2552;50,01;
08:37:17;2565;50,01;
08:37:20;2566;50,01;
08:37:23;2568;50,01;
08:37:26;2564;50,00;
08:37:29;2573;50,00;
08:37:32;2576;50,01;
08:37:35;2577;50,01;
08:37:38;2572;50,01;
08:37:41;2584;50,01;
08:37:44;2583;50,00;
08:37:47;2587;50,00;
08:37:50;2582;50,01;
08:37:53;2592;50,01;
08:37:56;2597;50,01;
08:37:59;2599;50,01;
08:38:02;2594;50,01;
08:38:05;2605;50,01;
08:38:08;2610;50,01;
08:38:11;2611;50,01;
08:38:14;2606;50,01;
08:38:20;2615;50,00;
08:38:23;2619;50,00;
08:38:26;2611;50,00;
08:38:29;2623;50,00;
08:38:35;2626;50,01;
08:38:38;2628;50,00;
08:38:41;2618;50,00;
08:38:44;2634;50,00;
08:38:47;2629;50,00;
08:38:50;2625;50,00;
08:38:53;2635;50,00;
08:38:56;2642;50,00;
08:38:59;2637;50,01;
08:39:02;2647;50,01;
08:39:05;2655;50,01;
08:39:08;2656;50,02;
08:39:11;2665;50,02;
08:39:14;2669;50,02;
08:39:17;2668;50,01;
08:39:20;2672;50,02;
08:39:26;2674;50,01;
08:39:29;2688;50,01;
08:39:32;2692;50,01;
08:39:35;2700;50,01;
08:39:38;2695;50,01;
08:39:41;2703;50,01;
08:39:44;2705;50,01;
08:39:47;2706;50,01;
08:39:50;2708;50,01;
08:39:53;2711;50,01;
08:40:02;2719;50,01;
08:40:11;2719;50,02;
08:40:14;2728;50,01;
08:40:17;2728;50,02;
08:40:20;2733;50,01;
08:40:23;2727;50,02;
08:40:26;2734;50,01;
08:40:29;2738;50,01;
08:40:32;2736;50,01;
08:40:38;2744;50,00;
08:40:41;2747;50,01;
08:40:44;2748;50,01;
08:40:47;2743;50,01;
08:40:50;2754;50,01;
08:40:53;2756;50,01;
08:40:56;2760;50,01;
08:40:59;2754;50,01;
08:41:02;2765;50,01;
08:41:05;2767;50,01;
08:41:08;2768;50,01;
08:41:11;2761;50,01;
08:41:17;2768;50,01;
08:41:20;2771;50,01;
08:41:23;2764;50,01;
08:41:26;2774;50,01;
08:41:29;2775;50,01;
08:41:32;2781;50,00;
08:41:35;2782;50,01;
08:41:38;2777;50,01;
08:41:41;2788;50,00;
08:41:44;2787;50,00;
08:41:47;2781;50,01;
08:41:50;2799;50,01;
08:41:53;2779;50,02;
08:41:56;2795;50,01;
08:41:59;2795;50,02;
08:42:02;2798;50,02;
08:42:05;2815;50,02;
08:42:08;2805;50,02;
08:42:11;2809;50,03;
08:42:14;2812;50,03;
08:42:17;2818;50,03;
08:42:23;2822;50,02;
08:42:26;2816;50,02;
08:42:29;2826;50,01;
08:42:35;2828;50,01;
08:42:38;2825;50,01;
08:42:41;2832;50,00;
08:42:44;2829;50,00;
08:42:47;2832;50,01;
08:42:50;2838;50,01;
08:42:53;2842;50,01;
08:42:56;2841;50,01;
08:42:59;2847;50,01;
08:43:02;2841;50,01;
08:43:05;2850;50,01;
08:43:08;2849;50,01;
08:43:11;2854;50,01;
08:43:14;2849;50,01;
08:43:17;2856;50,00;
08:43:20;2857;50,00;
08:43:23;2863;50,00;
08:43:29;2868;49,99;
08:43:32;2866;50,00;
08:43:35;2872;50,00;
08:43:38;2866;50,00;
08:43:41;2879;50,01;
08:43:44;2880;50,01;
08:43:47;2883;50,01;
08:43:50;2888;50,01;
08:43:53;2885;50,01;
08:43:56;2878;50,01;
08:43:59;2894;50,01;
08:44:02;2904;50,01;
08:44:05;2906;50,01;
08:44:08;2908;50,01;
08:44:14;2902;50,01;
08:44:17;2905;50,01;
08:44:20;2910;50,00;
08:44:26;2916;50,01;
08:44:29;2910;50,01;
08:44:32;2919;50,01;
08:44:35;2920;50,01;
08:44:38;2922;50,00;
08:44:41;2917;49,99;
08:44:44;2927;50,00;
08:44:47;2926;50,00;
08:44:50;2929;50,00;
08:44:53;2923;50,01;
08:44:56;2931;50,01;
08:44:59;2928;50,00;
08:45:05;2937;50,00;
08:45:08;2944;50,00;
08:45:11;2934;50,01;
08:45:14;2935;50,00;
08:45:20;2943;49,99;
08:45:23;2943;49,98;
08:45:26;2946;49,98;
08:45:29;2941;49,97;
08:45:32;2954;49,97;
08:45:38;2958;49,98;
08:45:41;2961;49,97;
08:45:44;2965;49,98;
08:45:47;2964;49,98;
08:45:50;2969;49,98;
08:45:53;2961;49,98;
08:45:56;2975;49,98;
08:46:02;2979;49,98;
08:46:05;2973;49,99;
08:46:08;2985;49,99;
08:46:11;2983;49,99;
08:46:14;2989;49,98;
08:46:17;2980;49,98;
08:46:20;2991;49,98;
08:46:26;2995;49,98;
08:46:29;2988;49,98;
08:46:32;3002;49,98;
08:46:38;3005;49,98;
08:46:41;2997;49,98;
08:46:44;3008;49,98;
08:46:47;3009;49,98;
08:46:50;3013;49,98;
08:46:53;3002;49,98;
08:46:56;3018;49,98;
08:46:59;3021;49,99;
08:47:05;3014;49,99;
08:47:08;3024;49,99;
08:47:11;3031;49,99;
08:47:14;3030;49,98;
08:47:17;3028;49,98;
08:47:20;3032;49,97;
08:47:23;3034;49,97;
08:47:26;3039;49,98;
08:47:32;3044;49,98;
08:47:35;3045;49,98;
08:47:38;3049;49,98;
08:47:41;3048;49,98;
08:47:44;3054;49,98;
08:47:47;3055;49,98;
08:47:50;3054;49,98;
08:47:53;3060;49,98;
08:47:56;3065;49,99;
08:47:59;3066;49,99;
08:48:02;3071;50,00;
08:48:05;3073;50,00;
08:48:08;3076;50,00;
08:48:11;3077;50,00;
08:48:14;3070;49,99;
08:48:17;3086;49,99;
08:48:20;3093;49,99;
08:48:23;3097;49,99;
08:48:26;3102;49,99;
08:48:29;3104;49,99;
08:48:32;3110;49,99;
08:48:38;3112;49,99;
08:48:41;3116;50,00;
08:48:44;3109;50,00;
08:48:47;3122;50,00;
08:48:50;3126;50,01;
08:48:53;3131;50,00;
08:48:56;3122;50,00;
08:48:59;3140;50,00;
08:49:02;3163;49,99;
08:49:05;3165;50,00;
08:49:08;3266;50,00;
08:49:11;3294;50,00;
08:49:14;3322;50,00;
08:49:17;3326;50,00;
08:49:23;3344;49,99;
08:49:26;3403;50,00;
08:49:29;3422;50,00;
08:49:32;3475;50,00;
08:49:35;3501;50,00;
08:49:38;3496;50,00;
08:49:41;3502;50,00;
08:49:44;3501;50,00;
08:49:47;3508;50,00;
08:49:50;3506;50,00;
08:49:53;3516;50,00;
08:49:56;3486;50,00;
08:49:59;3520;50,00;
08:50:02;3522;50,01;
08:50:05;3518;50,01;
08:50:08;3507;50,01;
08:50:11;3529;50,01;
08:50:14;3535;50,01;
08:50:17;3534;50,01;
08:50:20;3532;50,01;
08:50:23;3540;50,01;
08:50:29;3548;50,00;
08:50:35;3550;50,00;
08:50:38;3548;50,00;
08:50:41;3553;49,99;
08:50:44;3558;49,99;
08:50:47;3524;49,99;
08:50:50;3559;49,99;
08:50:53;3566;49,99;
08:50:56;3567;49,98;
08:50:59;3572;49,99;
08:51:02;3573;49,99;
08:51:05;3576;49,98;
08:51:08;3579;49,98;
08:51:11;3545;49,98;
08:51:14;3581;49,98;
08:51:17;3582;49,99;
08:51:20;3585;49,99;
08:51:23;3591;49,99;
08:51:26;3594;49,99;
08:51:29;3597;49,99;
08:51:35;3597;50,00;
08:51:38;3600;50,00;
08:51:41;3602;50,00;
08:51:47;3604;50,00;
08:51:50;3608;50,00;
08:51:53;3605;50,00;
08:51:56;3611;50,00;
08:51:59;3623;50,00;
08:52:02;3621;50,00;
08:52:05;3617;50,00;
08:52:08;3623;49,99;
08:52:11;3625;49,99;
08:52:14;3629;49,99;
08:52:17;3633;50,00;
08:52:20;3634;50,00;
08:52:23;3634;49,99;
08:52:26;3641;49,99;
08:52:29;3655;49,99;
08:52:32;3651;49,99;
08:52:35;3638;49,99;
08:52:41;3651;50,00;
08:52:44;3671;50,00;
08:52:47;3646;50,01;
08:52:50;3677;50,01;
08:52:53;3672;50,01;
08:52:56;3684;50,01;
08:53:02;3651;50,01;
08:53:05;3682;50,00;
08:53:08;3692;50,00;
08:53:11;3690;50,00;
08:53:14;3059;50,01;
08:53:17;3682;50,01;
08:53:26;3689;50,00;
08:53:29;3703;50,00;
08:53:32;3708;49,99;
08:53:38;3713;50,00;
08:53:41;3715;50,00;
08:53:44;3724;50,00;
08:53:47;3720;50,00;
08:53:50;3735;50,00;
08:53:53;3735;49,99;
08:53:56;3742;49,99;
08:53:59;3743;49,99;
08:54:02;3745;49,99;
08:54:05;3749;50,00;
08:54:08;3741;50,00;
08:54:11;3753;50,00;
08:54:14;3758;50,00;
08:54:17;3756;50,00;
08:54:20;3764;50,00;
08:54:23;3766;50,00;
08:54:26;3773;50,00;
08:54:32;3777;50,00;
08:54:38;3780;50,00;
08:54:41;3782;50,00;
08:54:44;3786;50,00;
08:54:47;3790;50,00;
08:54:50;3777;50,00;
08:54:53;3793;50,00;
08:54:56;3801;49,99;
08:54:59;3802;49,99;
08:55:02;3798;49,99;
08:55:05;3808;49,99;
08:55:08;3815;49,99;
08:55:11;3817;49,99;
08:55:14;3818;49,99;
08:55:17;3821;50,00;
08:55:20;3818;50,00;
08:55:26;3800;49,99;
08:55:29;3822;49,99;
08:55:32;3821;49,98;
08:55:38;3825;49,99;
08:55:41;3841;49,99;
08:55:44;3826;49,99;
08:55:47;3843;49,99;
08:55:50;3833;49,99;
08:55:53;3848;49,99;
08:55:56;3850;49,99;
08:55:59;3835;49,99;
08:56:02;3846;49,99;
08:56:05;3861;49,99;
08:56:08;3847;49,99;
08:56:11;3867;49,99;
08:56:14;3861;49,99;
08:56:17;3872;49,99;
08:56:20;3874;49,98;
08:56:23;3878;49,98;
08:56:26;3872;49,98;
08:56:29;3884;49,99;
08:56:32;3870;50,00;
08:56:35;3890;50,00;
08:56:38;3879;50,01;
08:56:44;3882;50,01;
08:56:47;3902;50,01;
08:56:50;3893;50,00;
08:56:53;3903;50,00;
08:56:56;3894;50,00;
08:56:59;3917;50,00;
08:57:02;3919;50,00;
08:57:08;3906;50,00;
08:57:11;3930;49,99;
08:57:14;3935;49,99;
08:57:17;3927;49,99;
08:57:20;3930;49,98;
08:57:23;3935;49,98;
08:57:26;3945;49,98;
08:57:29;3934;49,98;
08:57:32;3950;49,98;
08:57:35;3927;49,98;
08:57:38;3952;49,97;
08:57:41;3945;49,97;
08:57:44;3960;49,97;
08:57:47;3962;49,97;
08:57:50;3944;49,97;
08:57:53;3955;49,98;
08:57:56;3966;49,98;
08:57:59;3950;49,98;
08:58:02;3971;49,98;
08:58:05;3964;49,98;
08:58:08;3973;49,98;
08:58:11;3975;49,98;
08:58:14;3978;49,98;
08:58:17;3972;49,98;
08:58:20;3983;49,98;
08:58:23;3977;49,98;
08:58:26;3990;49,98;
08:58:29;3976;49,97;
08:58:35;3975;49,97;
08:58:38;3997;49,97;
08:58:41;3998;49,98;
08:58:44;4006;49,98;
08:58:47;3986;49,98;
08:58:50;4011;49,98;
08:58:53;4016;49,98;
08:58:56;4007;49,98;
08:58:59;4006;49,98;
08:59:02;4023;49,98;
08:59:05;4022;49,98;
08:59:08;4030;49,98;
08:59:11;4021;49,98;
08:59:14;4035;49,98;
08:59:17;4037;49,98;
08:59:20;4041;49,98;
08:59:23;4040;49,97;
08:59:26;4050;49,97;
08:59:29;4068;49,97;
08:59:32;4065;49,98;
08:59:35;4063;49,98;
08:59:41;4083;49,98;
08:59:44;4093;49,98;
08:59:47;4070;49,99;
08:59:50;4100;49,99;
08:59:53;4100;50,00;
08:59:56;4108;50,00;
09:00:02;4084;50,01;
09:00:05;4120;50,01;
09:00:08;4114;50,01;
09:00:11;4110;50,00;
09:00:14;4114;50,00;
09:00:17;4122;50,00;
09:00:20;4118;50,00;
09:00:23;4130;49,99;
09:00:26;4110;50,00;
09:00:29;4132;49,99;
09:00:32;4124;49,98;
09:00:35;4128;49,97;
09:00:38;4106;49,97;
09:00:41;4134;49,96;
09:00:47;4140;49,97;
09:00:50;4112;49,97;
09:00:53;4144;49,97;
09:00:56;4148;49,97;
09:01:02;4118;49,98;
09:01:05;4146;49,97;
09:01:11;4152;49,97;
09:01:14;4124;49,97;
09:01:17;4160;49,96;
09:01:23;4162;49,96;
09:01:26;4130;49,96;
09:01:29;4164;49,96;
09:01:32;4168;49,96;
09:01:35;4172;49,96;
09:01:38;4140;49,96;
09:01:41;4178;49,96;
09:01:44;4180;49,96;
09:01:47;4176;49,96;
09:01:53;4182;49,96;
09:01:56;4186;49,96;
09:02:02;4164;49,97;
09:02:05;4194;49,96;
09:02:08;4204;49,96;
09:02:11;4194;49,96;
09:02:14;4200;49,96;
09:02:17;4202;49,96;
09:02:20;4214;49,96;
09:02:23;4206;49,96;
09:02:26;4200;49,96;
09:02:32;4218;49,97;
09:02:38;4224;49,97;
09:02:41;4206;49,97;
09:02:44;4234;49,97;
09:02:50;4242;49,97;
09:02:53;4228;49,98;
09:02:56;4246;49,97;
09:02:59;4250;49,98;
09:03:02;4270;49,98;
09:03:05;4262;49,98;
09:03:08;4244;49,98;
09:03:11;4286;49,98;
09:03:14;4296;49,97;
09:03:17;4288;49,97;
09:03:20;4312;49,97;
09:03:23;4310;49,97;
09:03:26;4324;49,97;
09:03:29;4308;49,98;
09:03:32;4322;49,98;
09:03:35;4326;49,98;
09:03:38;4330;49,98;
09:03:44;4338;49,98;
09:03:47;4334;49,98;
09:03:50;4348;49,98;
09:03:53;4322;49,99;
09:03:56;4354;49,99;
09:03:59;4350;49,99;
09:04:02;4358;49,99;
09:04:05;4358;50,00;
09:04:08;4360;50,00;
09:04:11;4352;50,00;
09:04:14;4364;50,00;
09:04:17;4338;50,00;
09:04:20;4366;50,00;
09:04:23;4362;49,99;
09:04:26;4370;49,99;
09:04:29;4348;49,99;
09:04:32;4380;49,98;
09:04:35;4376;49,98;
09:04:38;4386;49,98;
09:04:41;4358;49,98;
09:04:44;4392;49,98;
09:04:50;4398;49,97;
09:04:53;4374;49,97;
09:04:56;4406;49,97;
09:04:59;4396;49,98;
09:05:02;4408;49,98;
09:05:05;4384;49,98;
09:05:08;4408;49,98;
09:05:11;4414;49,98;
09:05:14;4420;49,98;
09:05:17;4410;49,98;
09:05:20;4426;49,98;
09:05:23;4418;49,98;
09:05:26;4430;49,98;
09:05:32;4414;49,98;
09:05:35;4432;49,98;
09:05:38;4444;49,97;
09:05:41;4444;49,98;
09:05:44;4446;49,98;
09:05:47;4448;49,98;
09:05:50;4454;49,98;
09:05:56;4456;49,99;
09:05:59;4460;49,99;
09:06:02;4462;50,00;
09:06:05;4464;50,00;
09:06:08;4466;50,00;
09:06:14;4452;50,00;
09:06:17;4470;50,00;
09:06:20;4474;50,00;
09:06:23;4474;49,99;
09:06:26;4476;49,99;
09:06:29;4478;49,99;
09:06:32;4484;49,99;
09:06:35;4484;49,98;
09:06:38;4472;49,98;
09:06:41;4492;49,98;
09:06:44;4478;49,98;
09:06:47;4500;49,99;
09:06:50;4484;49,99;
09:06:53;4506;49,99;
09:06:56;4488;50,00;
09:06:59;4506;50,00;
09:07:02;4510;50,00;
09:07:05;4514;49,99;
09:07:08;4502;49,99;
09:07:11;4520;50,00;
09:07:14;4502;50,00;
09:07:17;4524;50,00;
09:07:20;4520;50,00;
09:07:26;4516;50,00;
09:07:29;4532;50,00;
09:07:32;4534;50,00;
09:07:35;4538;50,00;
09:07:38;4532;50,00;
09:07:41;4542;50,00;
09:07:47;4542;49,99;
09:07:50;4522;49,99;
09:07:53;4542;50,00;
09:07:56;4524;50,00;
09:07:59;4544;50,00;
09:08:02;4524;50,01;
09:08:05;4548;50,00;
09:08:08;4552;50,00;
09:08:11;4558;50,00;
09:08:14;4536;50,00;
09:08:17;4564;50,00;
09:08:20;4562;50,00;
09:08:23;4568;50,00;
09:08:26;4556;50,00;
09:08:29;4566;50,00;
09:08:32;4578;50,00;
09:08:35;4580;50,00;
09:08:38;4576;50,00;
09:08:41;4584;50,00;
09:08:47;4586;50,01;
09:08:53;4590;50,01;
09:08:56;4590;50,00;
09:08:59;4594;50,00;
09:09:02;4596;50,00;
09:09:05;4598;50,00;
09:09:11;4590;50,00;
09:09:14;4598;50,00;
09:09:17;4606;50,00;
09:09:23;4608;50,01;
09:09:26;4604;50,01;
09:09:29;4608;50,01;
09:09:32;4610;50,00;
09:09:35;4602;50,00;
09:09:38;4622;50,00;
09:09:41;4626;50,00;
09:09:44;4628;50,00;
09:09:47;4632;50,00;
09:09:50;4636;50,00;
09:09:53;4640;50,00;
09:09:59;4646;50,00;
09:10:02;4650;50,01;
09:10:05;4656;50,01;
09:10:08;4658;50,01;
09:10:11;4662;50,01;
09:10:14;4664;50,01;
09:10:17;4656;50,01;
09:10:20;4662;50,01;
09:10:23;4672;50,00;
09:10:26;4676;50,00;
09:10:29;4666;50,00;
09:10:32;4682;50,00;
09:10:35;4672;50,00;
09:10:38;4686;50,00;
09:10:41;4690;50,00;
09:10:44;4688;50,01;
09:10:47;4674;50,01;
09:10:50;4698;50,01;
09:10:53;4688;50,02;
09:10:56;4696;50,02;
09:10:59;4672;50,02;
09:11:05;4680;50,01;
09:11:08;4696;50,01;
09:11:11;4678;50,01;
09:11:14;4702;50,01;
09:11:17;4700;50,01;
09:11:20;4704;50,00;
09:11:23;4706;50,00;
09:11:26;4682;50,00;
09:11:29;4710;50,00;
09:11:32;4714;50,00;
09:11:35;4720;50,01;
09:11:38;4730;50,01;
09:11:41;4730;50,00;
09:11:44;4734;50,00;
09:11:50;4740;50,00;
09:11:53;4744;50,00;
09:11:56;4748;50,00;
09:11:59;4762;50,01;
09:12:02;4766;50,01;
09:12:05;4784;50,01;
09:12:08;4772;50,01;
09:12:11;4792;50,01;
09:12:14;4802;50,00;
09:12:17;4808;50,00;
09:12:20;4812;50,00;
09:12:23;4816;50,01;
09:12:26;4822;50,01;
09:12:29;4826;50,01;
09:12:32;4810;50,01;
09:12:35;4830;50,01;
09:12:38;4836;50,01;
09:12:41;4838;50,01;
09:12:44;4840;50,01;
09:12:56;4842;50,02;
09:12:59;4846;50,01;
09:13:02;4852;50,01;
09:13:05;4854;50,01;
09:13:08;4856;50,01;
09:13:11;4862;50,01;
09:13:14;4848;50,01;
09:13:17;4864;50,01;
09:13:20;4858;50,01;
09:13:23;4864;50,00;
09:13:29;4862;50,00;
09:13:32;4854;50,00;
09:13:35;4872;50,00;
09:13:38;4866;50,00;
09:13:41;4880;50,00;
09:13:44;4870;50,01;
09:13:47;4892;50,01;
09:13:50;4880;50,01;
09:13:53;4896;50,01;
09:13:56;4882;50,01;
09:14:02;4888;50,01;
09:14:05;4904;50,01;
09:14:08;4890;50,01;
09:14:11;4908;50,01;
09:14:14;4896;50,01;
09:14:17;4910;50,01;
09:14:20;4910;50,00;
09:14:23;4890;50,00;
09:14:26;4882;50,01;
09:14:29;4900;50,00;
09:14:32;4882;50,01;
09:14:35;4902;50,00;
09:14:38;4878;50,00;
09:14:41;4886;50,00;
09:14:44;4872;50,00;
09:14:47;4830;50,00;
09:14:50;4826;50,01;
09:14:53;4856;50,01;
09:14:56;4878;50,01;
09:14:59;4902;50,01;
09:15:02;4906;50,01;
09:15:08;4912;50,01;
09:15:11;4936;50,00;
09:15:14;4928;50,00;
09:15:17;4954;50,00;
09:15:23;4962;50,00;
09:15:26;4974;50,00;
09:15:29;4962;49,99;
09:15:32;4984;49,99;
09:15:35;4974;49,99;
09:15:38;4976;50,00;
09:15:41;4984;50,00;
09:15:44;4992;50,00;
09:15:47;4972;50,00;
09:15:53;4984;50,00;
09:15:56;5002;50,00;
09:15:59;4990;50,00;
09:16:02;5008;50,00;
09:16:05;5012;50,00;
09:16:08;5016;50,01;
09:16:11;5004;50,01;
09:16:14;5020;50,00;
09:16:17;5024;50,00;
09:16:20;5022;50,00;
09:16:23;5014;49,99;
09:16:26;5024;50,00;
09:16:29;4996;50,00;
09:16:32;5004;50,00;
09:16:35;4990;50,00;
09:16:38;5000;50,00;
09:16:41;5002;50,00;
09:16:44;5008;50,00;
09:16:47;4984;50,00;
09:16:50;5002;50,00;
09:16:53;4978;50,00;
09:17:02;4992;50,01;
09:17:05;4996;50,01;
09:17:08;5008;50,01;
09:17:11;4982;50,01;
09:17:14;5014;50,01;
09:17:17;5016;50,00;
09:17:20;5012;50,00;
09:17:26;5040;50,00;
09:17:29;5034;50,00;
09:17:32;5042;50,00;
09:17:35;5016;50,00;
09:17:38;5044;49,99;
09:17:41;5046;49,99;
09:17:44;5052;50,00;
09:17:47;5034;50,00;
09:17:50;5062;50,00;
09:17:53;5058;50,00;
09:17:56;5064;50,01;
09:17:59;5042;50,01;
09:18:05;5076;50,01;
09:18:08;5084;50,01;
09:18:11;5072;50,01;
09:18:14;5100;50,01;
09:18:17;5096;50,01;
09:18:20;5124;50,01;
09:18:23;5130;50,01;
09:18:26;5116;50,01;
09:18:29;5108;50,01;
09:18:32;5134;50,01;
09:18:35;5148;50,00;
09:18:38;5138;50,01;
09:18:41;5178;50,01;
09:18:44;5172;50,01;
09:18:47;5176;50,01;
09:18:50;5154;50,01;
09:18:53;5190;50,00;
09:18:56;5198;50,01;
09:18:59;5200;50,01;
09:19:02;5162;50,01;
09:19:05;5206;50,01;
09:19:11;5218;50,01;
09:19:14;5180;50,01;
09:19:17;5228;50,00;
09:19:20;5234;50,01;
09:19:23;5238;50,01;
09:19:26;5204;50,01;
09:19:29;5246;50,01;
09:19:32;5248;50,01;
09:19:35;5252;50,00;
09:19:38;5214;50,01;
09:19:41;5254;50,00;
09:19:44;5258;50,00;
09:19:50;5218;50,00;
09:19:53;5258;50,01;
09:19:56;5264;50,01;
09:19:59;5262;50,01;
09:20:02;5222;50,01;
09:20:05;5264;50,01;
09:20:08;5268;50,00;
09:20:11;5260;50,00;
09:20:20;5262;50,00;
09:20:23;5276;49,99;
09:20:26;5234;49,99;
09:20:29;5282;49,99;
09:20:32;5290;50,00;
09:20:35;5278;50,00;
09:20:38;5276;50,00;
09:20:41;5280;50,00;
09:20:44;5276;50,00;
09:20:47;5286;50,00;
09:20:50;5260;50,00;
09:20:53;5298;50,00;
09:20:56;5296;50,00;
09:21:02;5244;50,00;
09:21:05;5272;50,00;
09:21:08;5264;50,00;
09:21:11;5258;50,00;
09:21:14;5224;50,00;
09:21:17;5266;50,00;
09:21:20;5268;50,00;
09:21:23;5274;50,00;
09:21:26;5240;49,99;
09:21:29;5290;49,99;
09:21:32;5302;49,99;
09:21:35;5294;49,99;
09:21:38;5304;50,00;
09:21:41;5296;50,00;
09:21:44;5316;50,00;
09:21:47;5322;50,00;
09:21:50;5332;50,00;
09:21:53;5298;50,00;
09:21:56;5332;50,00;
09:21:59;5322;50,00;
09:22:02;5340;50,01;
09:22:08;5340;50,02;
09:22:11;5332;50,01;
09:22:14;5346;50,01;
09:22:17;5318;50,01;
09:22:20;5350;50,01;
09:22:23;5336;50,01;
09:22:26;5352;50,01;
09:22:29;5354;50,01;
09:22:32;5362;50,01;
09:22:35;5350;50,01;
09:22:38;5372;50,01;
09:22:41;5346;50,01;
09:22:44;5372;50,01;
09:22:47;5358;50,01;
09:22:50;5372;50,01;
09:22:53;5348;50,01;
09:22:56;5368;50,01;
09:22:59;5354;50,01;
09:23:02;5368;50,01;
09:23:05;5346;50,01;
09:23:08;5378;50,01;
09:23:14;5384;50,01;
09:23:17;5360;50,01;
09:23:20;5396;50,00;
09:23:23;5386;50,00;
09:23:26;5408;50,00;
09:23:29;5394;50,00;
09:23:32;5406;50,00;
09:23:35;5418;50,00;
09:23:38;5424;50,00;
09:23:41;5420;50,00;
09:23:44;5432;49,99;
09:23:47;5426;49,99;
09:23:50;5432;49,99;
09:23:53;5434;50,00;
09:23:56;5406;50,00;
09:23:59;5432;50,00;
09:24:02;5434;50,00;
09:24:05;5436;49,99;
09:24:08;5440;49,99;
09:24:11;5444;49,99;
09:24:14;5448;49,99;
09:24:20;5452;49,99;
09:24:26;5458;49,98;
09:24:29;5448;49,98;
09:24:32;5462;49,98;
09:24:35;5444;49,98;
09:24:38;5466;49,98;
09:24:41;5464;49,98;
09:24:44;5472;49,98;
09:24:47;5464;49,98;
09:24:50;5462;49,98;
09:24:53;5474;49,99;
09:24:56;5454;49,99;
09:24:59;5482;50,00;
09:25:05;5486;50,00;
09:25:08;5470;50,00;
09:25:11;5488;49,99;
09:25:14;5472;49,99;
09:25:17;5498;49,99;
09:25:20;5480;50,00;
09:25:23;5500;50,00;
09:25:26;5498;50,00;
09:25:29;5500;50,01;
09:25:32;5482;50,01;
09:25:35;5500;50,00;
09:25:38;5480;50,00;
09:25:41;5506;50,00;
09:25:44;5492;50,00;
09:25:47;5512;50,00;
09:25:50;5494;50,00;
09:25:53;5520;50,00;
09:25:56;5502;50,00;
09:25:59;5526;50,00;
09:26:02;5504;50,00;
09:26:05;5532;50,01;
09:26:11;5534;50,01;
09:26:14;5512;50,02;
09:26:17;5538;50,02;
09:26:20;5522;50,02;
09:26:23;5546;50,02;
09:26:26;5522;50,02;
09:26:29;5546;50,02;
09:26:32;5548;50,02;
09:26:35;5556;50,02;
09:26:38;5538;50,01;
09:26:41;5562;50,01;
09:26:47;5564;50,01;
09:26:50;5558;50,01;
09:26:53;5560;50,01;
09:26:56;5582;50,00;
09:26:59;5584;50,01;
09:27:02;5600;50,01;
09:27:05;5606;50,02;
09:27:08;5608;50,02;
09:27:11;5616;50,01;
09:27:17;5622;50,01;
09:27:23;5628;50,01;
09:27:26;5632;50,02;
09:27:29;5630;50,02;
09:27:32;5634;50,01;
09:27:35;5626;50,01;
09:27:38;5636;50,01;
09:27:41;5638;50,01;
09:27:44;5640;50,01;
09:27:47;5646;50,01;
09:27:50;5648;50,01;
09:27:53;5650;50,01;
09:27:56;5654;50,00;
09:27:59;5650;50,00;
09:28:02;5654;50,00;
09:28:11;5656;50,00;
09:28:14;5660;50,00;
09:28:17;5662;50,00;
09:28:26;5664;49,99;
09:28:29;5668;50,00;
09:28:32;5670;50,00;
09:28:35;5672;50,00;
09:28:38;5678;50,00;
09:28:41;5652;50,00;
09:28:44;5684;50,01;
09:28:47;5688;50,01;
09:28:50;5682;50,00;
09:28:53;5686;50,00;
09:29:02;5698;50,00;
09:29:05;5668;50,00;
09:29:08;5702;50,00;
09:29:11;5710;50,00;
09:29:17;5714;50,00;
09:29:20;5712;50,00;
09:29:23;5704;50,00;
09:29:26;5716;50,00;
09:29:29;5716;50,01;
09:29:32;5720;50,01;
09:29:35;5708;50,01;
09:29:38;5726;50,01;
09:29:41;5714;50,01;
09:29:44;5732;50,01;
09:29:47;5724;50,01;
09:29:50;5736;50,01;
09:29:53;5738;50,00;
09:29:56;5744;50,00;
09:29:59;5740;50,00;
09:30:02;5744;50,00;
09:30:05;5746;50,00;
09:30:08;5750;50,00;
09:30:14;5754;49,99;
09:30:17;5756;49,99;
09:30:20;5762;49,98;
09:30:26;5762;49,97;
09:30:29;5762;49,96;
09:30:32;5732;49,96;
09:30:35;5760;49,96;
09:30:38;5770;49,96;
09:30:44;5772;49,97;
09:30:47;5774;49,96;
09:30:50;5772;49,97;
09:30:56;5748;49,97;
09:30:59;5774;49,98;
09:31:02;5772;49,97;
09:31:05;5778;49,98;
09:31:08;5784;49,98;
09:31:11;5786;49,98;
09:31:14;5788;49,97;
09:31:20;5794;49,96;
09:31:23;5796;49,96;
09:31:26;5804;49,97;
09:31:29;5804;49,98;
09:31:32;5804;49,99;
09:31:35;5808;49,99;
09:31:38;5790;49,99;
09:31:41;5806;49,99;
09:31:44;5802;50,00;
09:31:47;5814;50,00;
09:31:50;5810;50,00;
09:31:53;5816;50,00;
09:31:56;5798;50,00;
09:31:59;5820;50,00;
09:32:02;5818;50,00;
09:32:05;5826;50,00;
09:32:08;5800;50,00;
09:32:11;5828;50,00;
09:32:14;5814;50,00;
09:32:17;5830;50,00;
09:32:20;5806;50,00;
09:32:26;5814;50,00;
09:32:29;5832;49,99;
09:32:32;5806;49,99;
09:32:35;5832;49,98;
09:32:38;5820;49,99;
09:32:41;5836;49,99;
09:32:44;5830;49,99;
09:32:47;5810;49,99;
09:32:50;5826;49,99;
09:32:53;5846;49,98;
09:32:56;5828;49,98;
09:32:59;5852;49,98;
09:33:02;5842;49,99;
09:33:05;5862;49,99;
09:33:08;5866;49,99;
09:33:11;5874;50,00;
09:33:14;5854;50,00;
09:33:17;5872;49,99;
09:33:20;5852;49,99;
09:33:23;5878;49,99;
09:33:26;5862;49,99;
09:33:32;5860;49,98;
09:33:35;5880;49,98;
09:33:38;5866;49,98;
09:33:41;5888;49,98;
09:33:44;5868;49,99;
09:33:47;5894;50,00;
09:33:53;5876;50,00;
09:33:56;5900;50,00;
09:33:59;5902;50,00;
09:34:02;5904;50,00;
09:34:05;5906;50,00;
09:34:08;5908;50,00;
09:34:11;5914;50,00;
09:34:17;5916;50,00;
09:34:20;5918;50,00;
09:34:23;5924;50,00;
09:34:26;5928;50,00;
09:34:29;5934;50,00;
09:34:32;5936;50,00;
09:34:35;5916;50,01;
09:34:38;5938;50,00;
09:34:41;5946;50,00;
09:34:44;5944;50,00;
09:34:47;5934;50,00;
09:34:50;5946;50,00;
09:34:53;5944;50,00;
09:34:56;5950;50,00;
09:34:59;5952;50,00;
09:35:02;5956;50,01;
09:35:05;5940;50,00;
09:35:08;5954;50,00;
09:35:11;5936;50,00;
09:35:14;5956;50,00;
09:35:17;5934;50,00;
09:35:23;5940;50,00;
09:35:26;5966;50,00;
09:35:29;5910;50,00;
09:35:32;5970;50,00;
09:35:35;5956;50,01;
09:35:38;5980;50,01;
09:35:44;5960;50,01;
09:35:50;5978;50,00;
09:35:53;5962;50,00;
09:35:56;5984;50,00;
09:35:59;5968;50,00;
09:36:02;5992;50,00;
09:36:05;5994;50,00;
09:36:08;6000;50,00;
09:36:11;5984;50,00;
09:36:14;6004;50,00;
09:36:17;5978;50,00;
09:36:20;6008;50,00;
09:36:23;5992;50,00;
09:36:29;5988;50,00;
09:36:32;6020;50,00;
09:36:35;6004;50,00;
09:36:38;6028;50,00;
09:36:41;6004;50,01;
09:36:44;6034;50,00;
09:36:50;6028;50,00;
09:36:53;6024;50,00;
09:36:56;6036;50,00;
09:36:59;6038;50,00;
09:37:02;6018;50,00;
09:37:05;6030;50,00;
09:37:08;6024;49,99;
09:37:11;6040;50,00;
09:37:14;6024;50,00;
09:37:17;6050;50,00;
09:37:20;6048;50,00;
09:37:23;6052;50,00;
09:37:26;6076;50,00;
09:37:29;6032;49,99;
09:37:35;6090;49,99;
09:37:38;6088;50,00;
09:37:41;6124;50,00;
09:37:44;6120;50,00;
09:37:47;6090;50,00;
09:37:50;6118;50,00;
09:37:53;6130;50,00;
09:37:56;6142;50,00;
09:38:02;6118;50,00;
09:38:05;6148;49,99;
09:38:08;6142;49,99;
09:38:11;6156;49,99;
09:38:14;6120;49,99;
09:38:17;6160;49,99;
09:38:20;6144;49,99;
09:38:23;6164;49,99;
09:38:26;6132;49,99;
09:38:29;6168;50,00;
09:38:32;6154;50,00;
09:38:35;6178;50,01;
09:38:38;6184;50,01;
09:38:41;6146;50,01;
09:38:44;6166;50,01;
09:38:47;6182;50,01;
09:38:50;6152;50,01;
09:38:53;6188;50,01;
09:38:56;6174;50,01;
09:38:59;6196;50,01;
09:39:02;6198;50,01;
09:39:05;6202;50,01;
09:39:08;6182;50,01;
09:39:11;6204;50,01;
09:39:14;6178;50,01;
09:39:17;6212;50,01;
09:39:20;6194;50,01;
09:39:26;6190;50,01;
09:39:29;6222;50,00;
09:39:32;6200;50,00;
09:39:35;6220;50,00;
09:39:38;6192;50,00;
09:39:41;6226;50,01;
09:39:47;6204;50,01;
09:39:50;6216;50,01;
09:39:53;6218;50,01;
09:39:56;6222;50,02;
09:39:59;6232;50,02;
09:40:02;6238;50,02;
09:40:05;6218;50,01;
09:40:08;6246;50,01;
09:40:11;6232;50,01;
09:40:14;6254;50,01;
09:40:17;6226;50,01;
09:40:20;6264;50,01;
09:40:23;6244;50,02;
09:40:26;6274;50,01;
09:40:32;6276;50,01;
09:40:35;6254;50,02;
09:40:38;6288;50,02;
09:40:41;6266;50,03;
09:40:44;6298;50,02;
09:40:47;6274;50,02;
09:40:50;6302;50,01;
09:40:53;6304;50,01;
09:40:56;6308;50,01;
09:40:59;6280;50,01;
09:41:02;6312;50,02;
09:41:05;6290;50,02;
09:41:08;6316;50,02;
09:41:11;6290;50,02;
09:41:14;6320;50,02;
09:41:17;6302;50,02;
09:41:20;6322;50,01;
09:41:23;6294;50,01;
09:41:26;6324;50,01;
09:41:29;6306;50,02;
09:41:32;6330;50,01;
09:41:38;6332;50,01;
09:41:41;6310;50,01;
09:41:44;6338;50,01;
09:41:47;6308;50,00;
09:41:50;6338;50,00;
09:41:53;6322;50,00;
09:41:56;6342;50,00;
09:41:59;6340;50,00;
09:42:02;6344;50,01;
09:42:05;6288;50,01;
09:42:08;6348;50,01;
09:42:11;6318;50,01;
09:42:14;6350;50,01;
09:42:17;6334;50,01;
09:42:20;6352;50,01;
09:42:23;6324;50,01;
09:42:26;6360;50,01;
09:42:29;6344;50,01;
09:42:32;6362;50,01;
09:42:35;6332;50,01;
09:42:38;6366;50,01;
09:42:44;6370;50,01;
09:42:47;6338;50,01;
09:42:50;6368;50,01;
09:42:53;6364;50,01;
09:42:56;6360;50,01;
09:42:59;6348;50,01;
09:43:02;6360;50,01;
09:43:05;6370;50,01;
09:43:08;6358;50,01;
09:43:11;6370;50,01;
09:43:14;6352;50,01;
09:43:17;6380;50,01;
09:43:20;6368;50,01;
09:43:23;6384;50,02;
09:43:29;6386;50,02;
09:43:32;6376;50,01;
09:43:35;6390;50,01;
09:43:38;6358;50,01;
09:43:41;6398;50,00;
09:43:44;6386;50,00;
09:43:47;6400;50,00;
09:43:50;6402;50,00;
09:43:53;6406;50,00;
09:43:56;6398;50,01;
09:43:59;6414;50,01;
09:44:02;6384;50,01;
09:44:05;6418;50,01;
09:44:08;6402;50,01;
09:44:11;6420;50,01;
09:44:14;6382;50,01;
09:44:17;6418;50,01;
09:44:20;6406;50,01;
09:44:23;6424;50,01;
09:44:26;6398;50,00;
09:44:29;6430;50,01;
09:44:38;6396;50,01;
09:44:41;6438;50,01;
09:44:44;6418;50,01;
09:44:47;6434;50,01;
09:44:50;6418;50,01;
09:44:53;6434;50,01;
09:44:56;6440;50,01;
09:44:59;6446;50,01;
09:45:02;6442;50,01;
09:45:05;6458;50,01;
09:45:08;6448;50,01;
09:45:11;6456;50,01;
09:45:14;6460;50,01;
09:45:17;6422;50,01;
09:45:20;6462;50,00;
09:45:23;6464;50,00;
09:45:26;6466;50,00;
09:45:29;6470;50,00;
09:45:32;6446;50,00;
09:45:35;6470;50,00;
09:45:41;6476;50,00;
09:45:44;6452;50,00;
09:45:47;6478;50,00;
09:45:50;6460;50,00;
09:45:53;6484;50,01;
09:45:56;6466;50,01;
09:45:59;6486;50,01;
09:46:02;6490;50,02;
09:46:08;6482;50,02;
09:46:11;6486;50,02;
09:46:14;6488;50,02;
09:46:17;6490;50,02;
09:46:20;6486;50,02;
09:46:23;6468;50,02;
09:46:26;6494;50,01;
09:46:29;6498;50,01;
09:46:32;6502;50,00;
09:46:38;6506;50,00;
09:46:41;6508;50,00;
09:46:47;6512;50,00;
09:46:50;6516;50,00;
09:46:53;6518;50,00;
09:46:56;6518;50,01;
09:46:59;6522;50,00;
09:47:02;6526;50,00;
09:47:05;6502;50,00;
09:47:08;6530;50,00;
09:47:11;6536;50,01;
09:47:14;6542;50,01;
09:47:17;6544;50,01;
09:47:20;6536;50,01;
09:47:23;6540;50,01;
09:47:26;6542;50,01;
09:47:32;6550;50,01;
09:47:35;6526;50,01;
09:47:38;6550;50,01;
09:47:41;6528;50,01;
09:47:44;6558;50,01;
09:47:47;6530;50,01;
09:47:50;6560;50,01;
09:47:53;6562;50,02;
09:47:56;6564;50,02;
09:47:59;6542;50,02;
09:48:02;6574;50,02;
09:48:05;6572;50,02;
09:48:08;6582;50,02;
09:48:11;6570;50,02;
09:48:14;6572;50,03;
09:48:17;6596;50,03;
09:48:20;6600;50,02;
09:48:23;6602;50,02;
09:48:26;6602;50,01;
09:48:29;6604;50,01;
09:48:38;6608;50,02;
09:48:50;6606;50,03;
09:48:53;6608;50,03;
09:48:56;6582;50,03;
09:48:59;6604;50,02;
09:49:08;6612;50,02;
09:49:11;6614;50,02;
09:49:14;6616;50,02;
09:49:17;6620;50,02;
09:49:20;6610;50,02;
09:49:23;6630;50,01;
09:49:26;6638;50,02;
09:49:29;6642;50,01;
09:49:32;6648;50,02;
09:49:35;6650;50,02;
09:49:38;6652;50,02;
09:49:44;6656;50,02;
09:49:47;6660;50,03;
09:49:50;6666;50,03;
09:49:56;6672;50,04;
09:50:02;6642;50,04;
09:50:05;6674;50,04;
09:50:08;6676;50,03;
09:50:11;6678;50,03;
09:50:14;6686;50,03;
09:50:17;6690;50,03;
09:50:20;6696;50,03;
09:50:23;6698;50,04;
09:50:26;6662;50,03;
09:50:29;6708;50,03;
09:50:32;6710;50,03;
09:50:38;6712;50,03;
09:50:41;6716;50,03;
09:50:44;6714;50,03;
09:50:50;6718;50,02;
09:50:53;6720;50,02;
09:50:59;6734;50,02;
09:51:02;6714;50,02;
09:51:05;6734;50,02;
09:51:08;6720;50,02;
09:51:11;6732;50,02;
09:51:14;6706;50,02;
09:51:17;6738;50,02;
09:51:20;6728;50,02;
09:51:23;6742;50,02;
09:51:26;6712;50,02;
09:51:29;6750;50,02;
09:51:32;6752;50,02;
09:51:35;6754;50,02;
09:51:38;6720;50,02;
09:51:41;6752;50,02;
09:51:44;6740;50,02;
09:51:47;6760;50,02;
09:51:50;6728;50,02;
09:51:56;6742;50,03;
09:51:59;6770;50,03;
09:52:05;6772;50,04;
09:52:08;6772;50,03;
09:52:11;6774;50,03;
09:52:14;6772;50,03;
09:52:17;6736;50,03;
09:52:20;6770;50,03;
09:52:23;6776;50,03;
09:52:26;6766;50,03;
09:52:29;6778;50,02;
09:52:32;6782;50,03;
09:52:35;6790;50,03;
09:52:41;6810;50,01;
09:52:44;6810;50,02;
09:52:47;6812;50,02;
09:52:56;6810;50,03;
09:52:59;6784;50,03;
09:53:02;6816;50,03;
09:53:05;6800;50,02;
09:53:08;6814;50,03;
09:53:11;6810;50,03;
09:53:14;6820;50,03;
09:53:17;6826;50,03;
09:53:23;6798;50,02;
09:53:26;6830;50,03;
09:53:38;6830;50,04;
09:53:41;6824;50,03;
09:53:47;6818;50,03;
09:53:50;6824;50,03;
09:53:53;6822;50,03;
09:53:59;6836;50,03;
09:54:02;6838;50,03;
09:54:05;6836;50,03;
09:54:08;6834;50,03;
09:54:11;6844;50,03;
09:54:14;6852;50,03;
09:54:17;6836;50,03;
09:54:20;6856;50,03;
09:54:23;6838;50,04;
09:54:26;6862;50,04;
09:54:29;6866;50,04;
09:54:32;6870;50,04;
09:54:35;6844;50,03;
09:54:38;6874;50,03;
09:54:41;6854;50,03;
09:54:44;6872;50,03;
09:54:47;6842;50,03;
09:54:53;6862;50,03;
09:54:56;6882;50,03;
09:54:59;6852;50,03;
09:55:02;6884;50,03;
09:55:05;6868;50,03;
09:55:08;6882;50,03;
09:55:14;6850;50,03;
09:55:17;6872;50,02;
09:55:20;6888;50,02;
09:55:23;6858;50,02;
09:55:26;6892;50,02;
09:55:29;6886;50,01;
09:55:32;6902;50,01;
09:55:38;6908;50,01;
09:55:41;6898;50,01;
09:55:44;6908;50,01;
09:55:47;6876;50,01;
09:55:50;6914;50,01;
09:55:53;6904;50,01;
09:55:59;6884;50,01;
09:56:02;6924;50,01;
09:56:05;6922;50,01;
09:56:08;6918;50,01;
09:56:11;6910;50,01;
09:56:14;6920;50,01;
09:56:17;6934;50,01;
09:56:20;6938;50,01;
09:56:23;6932;50,02;
09:56:26;6910;50,02;
09:56:29;6938;50,02;
09:56:32;6932;50,02;
09:56:35;6942;50,02;
09:56:38;6908;50,01;
09:56:44;6938;50,01;
09:56:47;6946;50,01;
09:56:50;6916;50,01;
09:56:53;6954;50,01;
09:56:56;6948;50,01;
09:56:59;6958;50,01;
09:57:02;6960;50,01;
09:57:05;6964;50,01;
09:57:08;6966;50,02;
09:57:11;6974;50,02;
09:57:14;6964;50,01;
09:57:17;6980;50,01;
09:57:20;6972;50,01;
09:57:23;6984;50,01;
09:57:26;6978;50,01;
09:57:29;6990;50,01;
09:57:32;6984;50,00;
09:57:35;6992;50,00;
09:57:38;6952;50,00;
09:57:41;6990;50,00;
09:57:44;6986;50,01;
09:57:50;6950;50,01;
09:57:53;6986;50,01;
09:57:56;6982;50,01;
09:58:02;6946;50,01;
09:58:05;6988;50,01;
09:58:08;6986;50,01;
09:58:11;6980;50,01;
09:58:14;6952;50,01;
09:58:17;6994;50,00;
09:58:20;6992;50,00;
09:58:23;6996;50,00;
09:58:26;6958;50,00;
09:58:29;6998;50,00;
09:58:35;7004;50,01;
09:58:38;6964;50,01;
09:58:41;7016;50,01;
09:58:44;6994;50,00;
09:58:47;7024;50,00;
09:58:50;6982;50,00;
09:58:56;7030;50,00;
09:58:59;7040;50,00;
09:59:02;7002;50,00;
09:59:05;7032;50,00;
09:59:08;7040;50,00;
09:59:11;7052;50,00;
09:59:14;7048;50,00;
09:59:17;7032;50,00;
09:59:20;7050;50,00;
09:59:23;7056;50,00;
09:59:26;7058;49,99;
09:59:29;7014;49,99;
09:59:32;7066;49,98;
09:59:35;7060;49,98;
09:59:38;7072;49,98;
09:59:41;7032;49,98;
09:59:44;7082;49,98;
09:59:47;7076;49,98;
09:59:50;7078;49,98;
09:59:53;7028;49,98;
09:59:56;7070;49,98;
10:00:02;7080;49,97;
10:00:05;7040;49,97;
10:00:08;7094;49,96;
10:00:11;7088;49,96;
10:00:14;7102;49,96;
10:00:17;7060;49,97;
10:00:20;7106;49,96;
10:00:23;7108;49,97;
10:00:26;7110;49,96;
10:00:29;7068;49,96;
10:00:32;7112;49,95;
10:00:35;7100;49,95;
10:00:38;7110;49,95;
10:00:41;7068;49,95;
10:00:44;7112;49,95;
10:00:47;7100;49,96;
10:00:50;7118;49,96;
10:00:53;7086;49,96;
10:00:56;7134;49,96;
10:00:59;7124;49,95;
10:01:02;7140;49,95;
10:01:05;7142;49,95;
10:01:08;7112;49,96;
10:01:11;7136;49,95;
10:01:14;7154;49,95;
10:01:17;7146;49,95;
10:01:20;7136;49,95;
10:01:23;7154;49,94;
10:01:26;7156;49,94;
10:01:29;7158;49,94;
10:01:32;7114;49,95;
10:01:35;7152;49,95;
10:01:38;7140;49,95;
10:01:41;7104;49,96;
10:01:44;7146;49,96;
10:01:47;7136;49,96;
10:01:53;7122;49,96;
10:01:56;7160;49,96;
10:01:59;7150;49,96;
10:02:02;7168;49,96;
10:02:05;7140;49,96;
10:02:08;7162;49,95;
10:02:11;7170;49,95;
10:02:14;7160;49,95;
10:02:17;7162;49,95;
10:02:20;7148;49,95;
10:02:23;7168;49,95;
10:02:26;7176;49,95;
10:02:29;7178;49,95;
10:02:32;7134;49,95;
10:02:35;7178;49,95;
10:02:38;7174;49,95;
10:02:41;7192;49,94;
10:02:44;7154;49,94;
10:02:47;7194;49,95;
10:02:50;7186;49,95;
10:02:53;7210;49,96;
10:02:59;7220;49,96;
10:03:02;7206;49,96;
10:03:05;7216;49,95;
10:03:08;7178;49,96;
10:03:11;7216;49,96;
10:03:14;7204;49,96;
10:03:17;7216;49,96;
10:03:20;7218;49,97;
10:03:23;7224;49,96;
10:03:26;7212;49,96;
10:03:29;7232;49,96;
10:03:32;7200;49,96;
10:03:35;7244;49,97;
10:03:38;7234;49,97;
10:03:41;7244;49,97;
10:03:44;7202;49,97;
10:03:47;7242;49,97;
10:03:50;7228;49,98;
10:03:53;7236;49,98;
10:03:56;7204;49,98;
10:03:59;7246;49,98;
10:04:05;7246;49,97;
10:04:08;7216;49,97;
10:04:11;7244;49,97;
10:04:14;7234;49,97;
10:04:17;7252;49,97;
10:04:20;7242;49,97;
10:04:23;7230;49,97;
10:04:26;7252;49,96;
10:04:29;7248;49,96;
10:04:35;7252;49,96;
10:04:38;7254;49,96;
10:04:41;7262;49,96;
10:04:44;7264;49,96;
10:04:47;7230;49,96;
10:04:50;7266;49,96;
10:04:56;7268;49,96;
10:04:59;7266;49,96;
10:05:02;7268;49,96;
10:05:05;7264;49,96;
10:05:11;7258;49,96;
10:05:20;7260;49,95;
10:05:23;7260;49,96;
10:05:26;7258;49,96;
10:05:29;7242;49,96;
10:05:32;7262;49,96;
10:05:35;7236;49,96;
10:05:38;7272;49,96;
10:05:41;7258;49,96;
10:05:44;7276;49,96;
10:05:47;7248;49,96;
10:05:50;7280;49,95;
10:05:56;7276;49,95;
10:05:59;7246;49,95;
10:06:02;7278;49,95;
10:06:05;7262;49,95;
10:06:08;7282;49,95;
10:06:11;7266;49,96;
10:06:14;7280;49,96;
10:06:17;7286;49,96;
10:06:20;7292;49,95;
10:06:23;7286;49,95;
10:06:26;7298;49,95;
10:06:29;7292;49,95;
10:06:32;7300;49,95;
10:06:35;7304;49,95;
10:06:38;7276;49,95;
10:06:41;7312;49,95;
10:06:44;7314;49,95;
10:06:47;7318;49,95;
10:06:50;7326;49,95;
10:06:53;7330;49,95;
10:06:56;7334;49,96;
10:07:05;7334;49,97;
10:07:08;7330;49,96;
10:07:11;7304;49,96;
10:07:14;7320;49,96;
10:07:17;7304;49,96;
10:07:20;7318;49,96;
10:07:26;7320;49,95;
10:07:29;7314;49,95;
10:07:32;7324;49,96;
10:07:35;7328;49,96;
10:07:38;7324;49,97;
10:07:44;7306;49,97;
10:07:47;7330;49,97;
10:07:50;7332;49,96;
10:07:53;7334;49,96;
10:07:56;7340;49,96;
10:07:59;7346;49,96;
10:08:02;7350;49,97;
10:08:08;7348;49,98;
10:08:14;7354;49,98;
10:08:17;7356;49,98;
10:08:20;7364;49,98;
10:08:23;7366;49,98;
10:08:26;7342;49,98;
10:08:29;7368;49,98;
10:08:32;7374;49,98;
10:08:38;7378;49,98;
10:08:41;7380;49,98;
10:08:44;7384;49,98;
10:08:47;7386;49,98;
10:08:50;7366;49,98;
10:08:53;7392;49,97;
10:08:56;7390;49,98;
10:09:02;7388;49,98;
10:09:05;7390;49,98;
10:09:08;7394;49,99;
10:09:14;7384;49,99;
10:09:17;7386;49,98;
10:09:20;7374;49,98;
10:09:23;7370;49,98;
10:09:26;7352;49,97;
10:09:29;7366;49,97;
10:09:32;7356;49,97;
10:09:35;7356;49,98;
10:09:38;7352;49,98;
10:09:41;7380;49,98;
10:09:44;7352;49,98;
10:09:47;7390;49,98;
10:09:50;7376;49,99;
10:09:53;7404;49,99;
10:09:56;7406;49,99;
10:09:59;7412;49,99;
10:10:02;7394;49,99;
10:10:05;7428;50,00;
10:10:08;7430;50,00;
10:10:11;7434;49,99;
10:10:17;7408;49,99;
10:10:20;7438;49,99;
10:10:23;7442;49,99;
10:10:26;7442;49,98;
10:10:29;7442;49,99;
10:10:32;7446;49,99;
10:10:35;7452;49,98;
10:10:38;7454;49,98;
10:10:41;7432;49,98;
10:10:44;7464;49,98;
10:10:47;7472;49,99;
10:10:50;7476;49,98;
10:10:53;7484;49,98;
10:10:56;7486;49,98;
10:10:59;7488;49,99;
10:11:05;7492;49,99;
10:11:08;7490;49,99;
10:11:14;7494;50,00;
10:11:17;7504;49,99;
10:11:20;7506;49,99;
10:11:23;7494;49,99;
10:11:26;7498;49,99;
10:11:29;7508;50,00;
10:11:32;7516;50,00;
10:11:35;7484;49,99;
10:11:38;7516;49,99;
10:11:41;7486;49,98;
10:11:44;7500;49,98;
10:11:47;7494;49,98;
10:11:50;7494;49,99;
10:11:53;7500;49,99;
10:11:56;7504;49,99;
10:11:59;7504;50,00;
10:12:05;7508;50,00;
10:12:11;7514;50,00;
10:12:14;7520;50,00;
10:12:17;7534;50,00;
10:12:20;7536;50,00;
10:12:23;7532;49,99;
10:12:26;7548;49,99;
10:12:29;7534;49,99;
10:12:32;7544;49,99;
10:12:35;7538;50,00;
10:12:38;7556;50,00;
10:12:41;7536;50,00;
10:12:44;7560;50,00;
10:12:47;7540;50,00;
10:12:50;7568;50,00;
10:12:53;7572;50,00;
10:12:56;7580;50,00;
10:12:59;7566;50,01;
10:13:02;7592;50,00;
10:13:05;7568;50,00;
10:13:08;7596;50,00;
10:13:11;7570;50,01;
10:13:17;7552;50,00;
10:13:20;7580;50,00;
10:13:23;7560;50,00;
10:13:26;7576;50,00;
10:13:29;7548;50,00;
10:13:32;7578;50,00;
10:13:35;7582;50,00;
10:13:38;7566;49,99;
10:13:44;7600;49,99;
10:13:47;7580;49,99;
10:13:50;7602;49,99;
10:13:53;7568;49,99;
10:13:56;7598;49,99;
10:13:59;7596;49,99;
10:14:02;7592;49,99;
10:14:05;7564;49,99;
10:14:08;7598;49,99;
10:14:11;7588;49,99;
10:14:14;7604;49,99;
10:14:17;7578;49,98;
10:14:23;7608;49,99;
10:14:26;7604;49,99;
10:14:29;7600;49,98;
10:14:32;7612;49,98;
10:14:35;7626;49,98;
10:14:38;7618;49,98;
10:14:41;7634;49,98;
10:14:44;7628;49,99;
10:14:47;7626;49,99;
10:14:50;7598;49,99;
10:14:53;7610;50,00;
10:14:56;7576;50,01;
10:14:59;7596;50,00;
10:15:02;7590;50,00;
10:15:08;7580;50,00;
10:15:11;7618;49,99;
10:15:14;7604;49,99;
10:15:17;7618;50,00;
10:15:20;7594;50,00;
10:15:23;7626;50,00;
10:15:26;7630;50,00;
10:15:29;7618;50,00;
10:15:32;7600;50,00;
10:15:35;7634;49,99;
10:15:38;7618;49,98;
10:15:41;7632;49,98;
10:15:44;7602;49,97;
10:15:47;7636;49,97;
10:15:53;7642;49,97;
10:15:56;7612;49,97;
10:15:59;7644;49,98;
10:16:02;7632;49,98;
10:16:05;7648;49,98;
10:16:08;7612;49,98;
10:16:14;7634;49,98;
10:16:17;7648;49,98;
10:16:20;7618;49,98;
10:16:23;7654;49,98;
10:16:26;7654;49,97;
10:16:29;7668;49,97;
10:16:32;7670;49,97;
10:16:35;7640;49,97;
10:16:38;7668;49,98;
10:16:41;7680;49,98;
10:16:44;7656;49,98;
10:16:47;7692;49,98;
10:16:53;7704;49,98;
10:16:56;7708;49,98;
10:16:59;7724;49,98;
10:17:02;7732;49,98;
10:17:05;7744;49,99;
10:17:08;7720;49,99;
10:17:11;7760;50,00;
10:17:20;7742;49,99;
10:17:23;7782;49,99;
10:17:26;7776;49,99;
10:17:29;7770;49,99;
10:17:32;7754;49,98;
10:17:35;7760;49,98;
10:17:38;7766;49,98;
10:17:44;7762;49,99;
10:17:47;7746;49,99;
10:17:50;7772;50,00;
10:17:53;7764;50,00;
10:17:56;7778;50,00;
10:17:59;7746;50,00;
10:18:02;7778;50,00;
10:18:05;7766;50,00;
10:18:08;7772;50,00;
10:18:11;7742;50,00;
10:18:14;7776;50,00;
10:18:17;7764;49,99;
10:18:20;7772;49,99;
10:18:26;7782;49,98;
10:18:29;7778;49,97;
10:18:32;7792;49,97;
10:18:35;7762;49,97;
10:18:38;7796;49,98;
10:18:41;7790;49,98;
10:18:44;7796;49,98;
10:18:47;7794;49,98;
10:18:50;7796;49,98;
10:18:53;7786;49,99;
10:18:56;7794;49,99;
10:18:59;7758;49,99;
10:19:02;7794;49,98;
10:19:05;7782;49,98;
10:19:11;7762;49,98;
10:19:14;7796;49,98;
10:19:17;7788;49,98;
10:19:20;7796;49,98;
10:19:23;7768;49,98;
10:19:26;7804;49,98;
10:19:29;7802;49,97;
10:19:32;7804;49,97;
10:19:35;7788;49,97;
10:19:38;7796;49,97;
10:19:41;7810;49,98;
10:19:44;7796;49,98;
10:19:47;7800;49,98;
10:19:50;7782;49,98;
10:19:53;7808;49,98;
10:19:56;7800;49,98;
10:19:59;7808;49,98;
10:20:02;7758;49,99;
10:20:05;7810;49,99;
10:20:08;7796;49,99;
10:20:11;7804;49,99;
10:20:17;7810;49,99;
10:20:20;7802;49,99;
10:20:23;7808;49,98;
10:20:26;7774;49,98;
10:20:29;7810;49,99;
10:20:32;7806;49,99;
10:20:35;7808;49,99;
10:20:38;7812;49,99;
10:20:41;7810;49,99;
10:20:44;7796;49,99;
10:20:47;7808;49,99;
10:20:50;7764;49,99;
10:20:53;7810;49,99;
10:20:56;7800;49,99;
10:20:59;7816;50,00;
10:21:02;7776;50,00;
10:21:05;7818;50,00;
10:21:08;7808;49,99;
10:21:11;7822;50,00;
10:21:14;7780;50,00;
10:21:17;7820;50,00;
10:21:23;7820;49,98;
10:21:26;7782;49,98;
10:21:29;7820;49,99;
10:21:32;7808;49,99;
10:21:35;7824;50,00;
10:21:38;7784;50,00;
10:21:41;7824;50,00;
10:21:44;7826;50,00;
10:21:47;7830;50,00;
10:21:50;7798;50,00;
10:21:53;7836;50,00;
10:21:56;7820;50,00;
10:21:59;7836;49,99;
10:22:02;7800;49,99;
10:22:05;7842;49,99;
10:22:08;7830;49,99;
10:22:11;7846;49,99;
10:22:14;7810;49,99;
10:22:17;7844;50,00;
10:22:20;7826;50,00;
10:22:23;7838;50,00;
10:22:29;7840;49,98;
10:22:32;7824;49,98;
10:22:35;7844;49,98;
10:22:38;7838;49,98;
10:22:41;7854;49,99;
10:22:44;7848;50,00;
10:22:47;7852;50,00;
10:22:50;7860;50,00;
10:22:53;7866;50,00;
10:22:59;7872;50,01;
10:23:02;7870;50,01;
10:23:05;7872;50,01;
10:23:08;7870;50,01;
10:23:11;7852;50,01;
10:23:14;7868;50,01;
10:23:17;7870;50,00;
10:23:20;7874;50,00;
10:23:23;7882;49,99;
10:23:26;7886;49,99;
10:23:29;7888;49,98;
10:23:35;7890;49,99;
10:23:38;7894;50,00;
10:23:41;7866;50,00;
10:23:44;7906;49,99;
10:23:47;7888;49,99;
10:23:50;7906;49,99;
10:23:53;7878;49,99;
10:23:56;7910;49,99;
10:23:59;7890;49,99;
10:24:02;7910;50,00;
10:24:05;7886;50,00;
10:24:08;7920;50,00;
10:24:11;7900;50,00;
10:24:14;7926;49,99;
10:24:20;7928;49,99;
10:24:23;7906;49,99;
10:24:26;7934;49,99;
10:24:29;7918;49,99;
10:24:32;7934;49,98;
10:24:35;7916;49,98;
10:24:38;7936;49,98;
10:24:41;7930;49,98;
10:24:44;7936;49,99;
10:24:47;7946;49,99;
10:24:50;7956;50,00;
10:24:53;7962;50,00;
10:24:56;7966;50,00;
10:24:59;7970;50,01;
10:25:02;7952;50,01;
10:25:05;7980;50,01;
10:25:08;7984;50,01;
10:25:11;7986;50,01;
10:25:17;7984;50,01;
10:25:20;7982;50,01;
10:25:29;7962;50,01;
10:25:32;7986;50,01;
10:25:35;7970;50,01;
10:25:38;7988;50,00;
10:25:41;7986;50,01;
10:25:44;7976;50,01;
10:25:47;7992;50,01;
10:25:50;7988;50,01;
10:25:53;7992;50,01;
10:25:56;7990;50,00;
10:25:59;7988;50,00;
10:26:02;7988;50,01;
10:26:05;7990;50,01;
10:26:08;7970;50,01;
10:26:11;7990;50,01;
10:26:14;7996;50,01;
10:26:17;8000;50,01;
10:26:20;8002;50,01;
10:26:23;8000;50,01;
10:26:26;7994;50,01;
10:26:35;7944;50,01;
10:26:38;7988;50,01;
10:26:41;7986;50,01;
10:26:47;7984;50,00;
10:26:50;7990;50,00;
10:26:53;7946;50,01;
10:26:56;7972;50,01;
10:26:59;8010;50,00;
10:27:02;8012;50,01;
10:27:05;8010;50,01;
10:27:08;8018;50,01;
10:27:11;8026;50,01;
10:27:14;7998;50,01;
10:27:17;8032;50,00;
10:27:20;8036;50,00;
10:27:23;8038;50,00;
10:27:26;8040;50,00;
10:27:32;8036;50,00;
10:27:41;8040;50,00;
10:27:44;8032;50,00;
10:27:47;8042;50,01;
10:27:50;8028;50,01;
10:27:53;8046;50,01;
10:27:56;8054;50,01;
10:27:59;8040;50,01;
10:28:02;8028;50,01;
10:28:05;8060;50,01;
10:28:08;8054;50,01;
10:28:11;8048;50,01;
10:28:14;8016;50,00;
10:28:17;8062;50,00;
10:28:23;8050;50,00;
10:28:32;8048;50,00;
10:28:35;8052;50,00;
10:28:38;8058;50,00;
10:28:41;8014;50,00;
10:28:44;8060;50,00;
10:28:47;8066;50,00;
10:28:56;8068;50,00;
10:28:59;8072;50,00;
10:29:05;8044;50,00;
10:29:08;8080;50,00;
10:29:14;8082;50,00;
10:29:23;8080;50,00;
10:29:29;8076;50,00;
10:29:32;8078;50,00;
10:29:35;8086;50,00;
10:29:38;8090;50,00;
10:29:41;8098;50,00;
10:29:44;8100;50,00;
10:29:47;8090;50,00;
10:29:50;8106;50,00;
10:29:53;8112;50,01;
10:29:56;8114;50,01;
10:29:59;8118;50,01;
10:30:02;8114;50,01;
10:30:08;8116;50,00;
10:30:11;8102;50,00;
10:30:14;8110;50,00;
10:30:17;8118;49,99;
10:30:20;8122;49,99;
10:30:23;8130;49,99;
10:30:26;8136;49,99;
10:30:29;8140;49,99;
10:30:35;8148;49,98;
10:30:38;8146;49,99;
10:30:41;8134;49,99;
10:30:44;8152;49,99;
10:30:47;8148;49,99;
10:30:50;8150;49,99;
10:30:53;8146;49,99;
10:30:56;8120;49,99;
10:30:59;8146;50,00;
10:31:02;8156;50,00;
10:31:05;8128;50,01;
10:31:08;8168;50,01;
10:31:11;8164;50,01;
10:31:14;8176;50,01;
10:31:17;8178;50,01;
10:31:20;8178;50,00;
10:31:23;8168;50,00;
10:31:26;8176;50,00;
10:31:29;8134;50,00;
10:31:32;8170;49,99;
10:31:35;8150;49,99;
10:31:41;8120;49,98;
10:31:44;8152;49,98;
10:31:47;8136;49,98;
10:31:50;8148;49,98;
10:31:53;8118;49,98;
10:31:56;8148;49,99;
10:32:02;8132;49,99;
10:32:05;8108;49,99;
10:32:08;8144;49,99;
10:32:11;8134;50,00;
10:32:14;8148;50,00;
10:32:17;8122;50,01;
10:32:20;8154;50,00;
10:32:23;8162;50,01;
10:32:26;8166;50,01;
10:32:29;8140;50,01;
10:32:32;8170;50,00;
10:32:35;8166;50,00;
10:32:38;8192;50,00;
10:32:41;8190;50,00;
10:32:44;8180;50,00;
10:32:47;8184;50,00;
10:32:50;8200;50,00;
10:32:53;8204;50,00;
10:32:56;8184;50,00;
10:32:59;8208;50,00;
10:33:02;8200;50,00;
10:33:05;8208;50,00;
10:33:08;8204;50,00;
10:33:14;8192;50,00;
10:33:17;8208;49,99;
10:33:20;8182;49,98;
10:33:23;8212;49,98;
10:33:26;8200;49,98;
10:33:32;8196;49,98;
10:33:35;8224;49,98;
10:33:38;8212;49,98;
10:33:41;8200;49,98;
10:33:44;8172;49,99;
10:33:47;8212;49,99;
10:33:50;8208;49,99;
10:33:53;8212;50,00;
10:33:56;8192;50,00;
10:33:59;8216;50,00;
10:34:02;8208;50,00;
10:34:05;8220;50,00;
10:34:08;8196;50,00;
10:34:11;8224;50,00;
10:34:14;8224;49,99;
10:34:17;8228;49,99;
10:34:20;8204;49,98;
10:34:23;8228;49,98;
10:34:26;8212;49,98;
10:34:29;8224;49,99;
10:34:32;8200;49,99;
10:34:38;8212;49,99;
10:34:41;8228;49,99;
10:34:44;8208;50,00;
10:34:47;8236;50,00;
10:34:50;8228;50,00;
10:34:53;8244;50,00;
10:34:59;8220;50,00;
10:35:02;8228;50,00;
10:35:05;8244;50,00;
10:35:08;8224;50,00;
10:35:11;8248;50,00;
10:35:14;8232;50,01;
10:35:17;8248;50,01;
10:35:23;8244;50,01;
10:35:26;8232;50,01;
10:35:29;8244;50,01;
10:35:32;8216;50,00;
10:35:35;8236;50,00;
10:35:38;8216;50,00;
10:35:44;8220;50,00;
10:35:50;8224;50,00;
10:35:53;8236;50,00;
10:35:59;8220;49,99;
10:36:02;8240;49,99;
10:36:05;8236;49,99;
10:36:08;8244;50,00;
10:36:11;8228;50,00;
10:36:14;8256;50,00;
10:36:17;8240;50,00;
10:36:20;8256;50,00;
10:36:23;8232;50,00;
10:36:26;8260;50,01;
10:36:29;8248;50,00;
10:36:32;8276;50,00;
10:36:35;8256;50,00;
10:36:38;8280;50,01;
10:36:41;8264;50,01;
10:36:44;8288;50,01;
10:36:50;8296;50,01;
10:36:53;8280;50,01;
10:36:56;8300;50,00;
10:36:59;8280;50,00;
10:37:02;8304;50,01;
10:37:05;8288;50,00;
10:37:08;8304;50,00;
10:37:14;8308;50,00;
10:37:17;8296;50,00;
10:37:20;8312;50,00;
10:37:23;8300;50,00;
10:37:26;8324;50,01;
10:37:29;8312;50,01;
10:37:35;8320;50,00;
10:37:38;8340;50,00;
10:37:41;8320;49,99;
10:37:44;8348;49,99;
10:37:47;8328;49,99;
10:37:50;8332;49,99;
10:37:53;8344;49,99;
10:37:56;8332;50,00;
10:37:59;8356;50,00;
10:38:02;8340;50,00;
10:38:05;8360;50,00;
10:38:08;8356;50,00;
10:38:11;8348;50,00;
10:38:14;8364;50,00;
10:38:17;8368;50,00;
10:38:20;8372;50,00;
10:38:23;8352;49,99;
10:38:26;8372;49,99;
10:38:29;8348;49,98;
10:38:32;8368;49,97;
10:38:35;8352;49,97;
10:38:41;8352;49,98;
10:38:44;8376;49,98;
10:38:47;8364;49,98;
10:38:56;8372;49,98;
10:38:59;8380;49,99;
10:39:05;8388;49,99;
10:39:08;8356;49,99;
10:39:11;8376;49,99;
10:39:14;8356;49,99;
10:39:17;8376;49,99;
10:39:20;8356;49,99;
10:39:23;8376;49,99;
10:39:26;8364;49,99;
10:39:29;8392;49,99;
10:39:32;8368;49,99;
10:39:35;8400;49,99;
10:39:38;8380;50,00;
10:39:41;8404;50,00;
10:39:47;8420;50,00;
10:39:50;8408;50,00;
10:39:53;8432;50,00;
10:39:56;8408;50,00;
10:39:59;8440;50,00;
10:40:02;8420;50,00;
10:40:05;8448;50,00;
10:40:08;8452;50,00;
10:40:11;8460;50,00;
10:40:14;8440;50,00;
10:40:17;8468;50,00;
10:40:20;8452;50,00;
10:40:23;8480;50,01;
10:40:26;8456;50,01;
10:40:29;8480;50,00;
10:40:32;8460;50,00;
10:40:35;8480;50,00;
10:40:38;8456;50,00;
10:40:41;8488;49,99;
10:40:44;8480;49,99;
10:40:47;8496;49,99;
10:40:53;8508;50,00;
10:40:59;8512;50,00;
10:41:02;8500;50,01;
10:41:05;8512;50,01;
10:41:08;8516;50,01;
10:41:11;8496;50,01;
10:41:14;8516;50,01;
10:41:17;8524;50,02;
10:41:20;8528;50,01;
10:41:26;8532;50,01;
10:41:32;8532;50,00;
10:41:35;8520;50,00;
10:41:38;8536;50,00;
10:41:41;8544;50,00;
10:41:47;8536;50,00;
10:41:50;8552;50,01;
10:41:53;8524;50,01;
10:41:56;8552;50,01;
10:42:02;8556;50,01;
10:42:05;8524;50,01;
10:42:08;8560;50,00;
10:42:11;8548;50,00;
10:42:14;8560;50,00;
10:42:17;8528;50,00;
10:42:20;8556;50,00;
10:42:23;8544;50,00;
10:42:26;8556;49,99;
10:42:29;8520;49,99;
10:42:32;8556;49,99;
10:42:35;8548;49,99;
10:42:38;8560;49,98;
10:42:44;8568;49,99;
10:42:47;8556;49,99;
10:42:50;8572;50,00;
10:42:53;8540;50,00;
10:42:56;8572;50,00;
10:42:59;8560;49,99;
10:43:02;8572;49,99;
10:43:05;8568;49,99;
10:43:08;8572;49,99;
10:43:11;8568;49,99;
10:43:14;8576;49,99;
10:43:17;8520;49,99;
10:43:20;8576;49,99;
10:43:23;8564;49,99;
10:43:26;8572;49,99;
10:43:29;8536;49,99;
10:43:32;8568;49,99;
10:43:35;8556;50,00;
10:43:38;8560;49,99;
10:43:41;8524;49,99;
10:43:44;8552;49,98;
10:43:50;8556;49,98;
10:43:53;8528;49,98;
10:43:56;8560;49,98;
10:43:59;8564;49,98;
10:44:02;8568;49,98;
10:44:05;8556;49,98;
10:44:11;8576;49,99;
10:44:14;8576;50,00;
10:44:26;8580;50,00;
10:44:29;8584;50,00;
10:44:32;8556;50,00;
10:44:35;8588;49,99;
10:44:38;8604;49,99;
10:44:41;8608;49,99;
10:44:44;8616;49,99;
10:44:47;8624;50,00;
10:44:50;8636;50,00;
10:44:56;8644;49,99;
10:44:59;8644;50,00;
10:45:14;8640;50,00;
10:45:17;8644;50,00;
10:45:20;8652;49,98;
10:45:29;8656;49,98;
10:45:32;8660;49,98;
10:45:35;8664;49,98;
10:45:38;8660;49,98;
10:45:41;8668;49,98;
10:45:53;8672;49,98;
10:45:56;8668;49,98;
10:46:02;8660;49,98;
10:46:05;8668;49,98;
10:46:08;8648;49,97;
10:46:11;8664;49,97;
10:46:14;8656;49,97;
10:46:17;8668;49,97;
10:46:20;8672;49,97;
10:46:23;8640;49,98;
10:46:26;8680;49,98;
10:46:29;8684;49,98;
10:46:32;8688;49,98;
10:46:35;8696;49,98;
10:46:38;8704;49,98;
10:46:41;8712;49,98;
10:46:47;8720;49,98;
10:46:50;8724;49,98;
10:46:53;8728;49,99;
10:46:56;8732;49,99;
10:46:59;8732;50,00;
10:47:08;8744;50,01;
10:47:11;8744;50,00;
10:47:14;8748;50,00;
10:47:17;8744;50,00;
10:47:20;8744;49,99;
10:47:26;8740;49,99;
10:47:29;8732;49,99;
10:47:32;8728;49,99;
10:47:35;8720;49,99;
10:47:38;8716;50,00;
10:47:41;8716;49,99;
10:47:44;8712;50,00;
10:47:56;8708;50,00;
10:48:02;8712;50,01;
10:48:05;8720;50,01;
10:48:11;8688;50,01;
10:48:14;8724;50,01;
10:48:26;8728;50,01;
10:48:29;8732;50,01;
10:48:35;8696;50,01;
10:48:38;8740;50,01;
10:48:53;8732;50,01;
10:48:59;8736;50,01;
10:49:02;8740;50,01;
10:49:05;8732;50,01;
10:49:08;8736;50,01;
10:49:11;8720;50,01;
10:49:14;8740;50,01;
10:49:17;8744;50,01;
10:49:20;8736;50,01;
10:49:23;8716;50,00;
10:49:26;8752;50,00;
10:49:29;8752;50,01;
10:49:32;8756;50,01;
10:49:35;8724;50,01;
10:49:38;8760;50,00;
10:49:41;8760;50,01;
10:49:44;8768;50,01;
10:49:47;8736;50,01;
10:49:50;8772;50,01;
10:49:53;8768;50,01;
10:49:56;8772;50,01;
10:49:59;8732;50,01;
10:50:05;8764;50,00;
10:50:08;8768;50,00;
10:50:11;8728;50,00;
10:50:14;8768;50,00;
10:50:17;8760;50,00;
10:50:20;8764;50,00;
10:50:23;8760;50,00;
10:50:26;8724;50,00;
10:50:29;8748;50,00;
10:50:32;8748;49,99;
10:50:35;8712;50,00;
10:50:38;8740;50,00;
10:50:41;8732;49,99;
10:50:44;8736;49,99;
10:50:47;8740;49,99;
10:50:50;8744;49,99;
10:50:53;8752;49,99;
10:50:56;8756;50,00;
10:50:59;8744;50,00;
10:51:05;8752;49,99;
10:51:08;8760;49,99;
10:51:11;8748;49,99;
10:51:14;8728;49,98;
10:51:17;8756;49,98;
10:51:29;8756;49,99;
10:51:32;8752;49,99;
10:51:35;8768;49,99;
10:51:38;8780;50,00;
10:51:41;8784;50,00;
10:51:44;8788;50,01;
10:51:56;8792;50,01;
10:51:59;8784;50,00;
10:52:02;8772;50,00;
10:52:05;8784;50,00;
10:52:08;8788;50,00;
10:52:14;8784;50,00;
10:52:17;8760;50,00;
10:52:20;8724;50,00;
10:52:23;8776;50,00;
10:52:26;8772;50,00;
10:52:29;8780;50,00;
10:52:32;8788;50,00;
10:52:35;8800;50,00;
10:52:38;8804;50,00;
10:52:44;8796;50,00;
10:52:47;8812;50,00;
10:52:50;8784;50,01;
10:52:53;8812;50,01;
10:52:56;8804;50,01;
10:53:02;8788;50,01;
10:53:05;8820;50,01;
10:53:08;8816;50,00;
10:53:11;8828;50,01;
10:53:14;8804;50,01;
10:53:17;8832;50,01;
10:53:20;8836;50,00;
10:53:23;8828;50,00;
10:53:26;8816;50,00;
10:53:29;8844;50,00;
10:53:32;8832;50,00;
10:53:35;8844;50,00;
10:53:38;8820;50,00;
10:53:41;8848;50,00;
10:53:47;8852;49,99;
10:53:50;8832;49,99;
10:53:53;8856;49,99;
10:53:56;8844;49,99;
10:53:59;8864;49,99;
10:54:02;8852;50,00;
10:54:08;8860;50,00;
10:54:11;8872;50,00;
10:54:17;8852;50,00;
10:54:20;8872;50,00;
10:54:23;8868;50,00;
10:54:26;8880;50,00;
10:54:35;8868;50,00;
10:54:38;8876;50,00;
10:54:41;8852;50,00;
10:54:44;8872;50,00;
10:54:47;8860;50,00;
10:54:50;8876;50,01;
10:54:53;8852;50,01;
10:54:56;8872;50,01;
10:54:59;8856;50,01;
10:55:02;8868;50,00;
10:55:05;8844;50,00;
10:55:08;8868;50,00;
10:55:14;8872;50,00;
10:55:17;8852;50,00;
10:55:20;8872;50,00;
10:55:23;8856;50,00;
10:55:26;8872;50,00;
10:55:29;8844;50,00;
10:55:32;8868;49,99;
10:55:38;8868;49,98;
10:55:41;8848;49,98;
10:55:44;8872;49,98;
10:55:47;8860;49,99;
10:55:50;8880;49,99;
10:55:53;8868;49,99;
10:55:59;8876;49,99;
10:56:02;8896;50,00;
10:56:05;8884;49,99;
10:56:08;8908;49,99;
10:56:11;8896;50,00;
10:56:14;8912;50,00;
10:56:17;8916;50,00;
10:56:20;8896;50,00;
10:56:23;8908;49,99;
10:56:26;8928;49,99;
10:56:29;8912;49,99;
10:56:32;8932;49,99;
10:56:35;8916;49,98;
10:56:38;8936;49,99;
10:56:44;8936;50,00;
10:56:47;8920;50,00;
10:56:50;8936;50,00;
10:56:53;8920;50,00;
10:56:56;8936;50,00;
10:56:59;8920;50,00;
10:57:05;8936;50,00;
10:57:11;8932;50,00;
10:57:14;8944;50,00;
10:57:20;8924;50,00;
10:57:23;8944;50,00;
10:57:26;8940;50,00;
10:57:29;8948;49,98;
10:57:32;8932;49,98;
10:57:35;8948;49,98;
10:57:38;8928;49,98;
10:57:41;8936;49,98;
10:57:44;8912;49,98;
10:57:47;8932;49,98;
10:57:50;8912;49,98;
10:57:53;8928;49,98;
10:57:56;8912;49,98;
10:57:59;8940;49,99;
10:58:02;8924;49,99;
10:58:05;8960;50,00;
10:58:11;8976;50,00;
10:58:14;8956;50,00;
10:58:17;8980;50,00;
10:58:20;8968;50,00;
10:58:23;8992;49,99;
10:58:26;8976;49,99;
10:58:29;8996;49,99;
10:58:38;8980;49,99;
10:58:41;9000;50,00;
10:58:44;8984;50,00;
10:58:47;9004;50,00;
10:58:50;8988;50,00;
10:58:53;9008;50,00;
10:58:56;8992;49,99;
10:58:59;9008;49,99;
10:59:02;8988;49,99;
10:59:05;9004;49,99;
10:59:08;8992;49,99;
10:59:11;8996;50,00;
10:59:17;8988;50,00;
10:59:26;8984;50,00;
10:59:29;8992;50,01;
10:59:32;8988;50,00;
10:59:35;8972;50,00;
10:59:38;8988;50,00;
10:59:41;8988;49,98;
10:59:47;8984;49,97;
10:59:50;8980;49,97;
10:59:53;8980;49,96;
11:00:02;8968;49,97;
11:00:05;8996;49,96;
11:00:08;8988;49,95;
11:00:11;8984;49,95;
11:00:17;8984;49,96;
11:00:20;8988;49,96;
11:00:26;8980;49,95;
11:00:29;8968;49,95;
11:00:32;8988;49,94;
11:00:35;8948;49,94;
11:00:38;8988;49,94;
11:00:41;8968;49,94;
11:00:44;8992;49,94;
11:00:47;8984;49,94;
11:00:50;9000;49,94;
11:00:53;8980;49,94;
11:00:56;9000;49,95;
11:00:59;8984;49,95;
11:01:02;9008;49,95;
11:01:08;9016;49,94;
11:01:11;9000;49,94;
11:01:14;9020;49,94;
11:01:17;9000;49,94;
11:01:20;9020;49,95;
11:01:23;9004;49,95;
11:01:26;9020;49,94;
11:01:29;9024;49,95;
11:01:32;9020;49,94;
11:01:35;9004;49,94;
11:01:38;9032;49,95;
11:01:41;9012;49,96;
11:01:44;9040;49,96;
11:01:47;9024;49,96;
11:01:50;9036;49,96;
11:01:53;9024;49,96;
11:01:56;9040;49,95;
11:01:59;9024;49,95;
11:02:02;9040;49,96;
11:02:05;9024;49,96;
11:02:08;9044;49,96;
11:02:14;9040;49,96;
11:02:17;9028;49,96;
11:02:20;9036;49,96;
11:02:26;9032;49,96;
11:02:29;9024;49,96;
11:02:32;9016;49,95;
11:02:35;9028;49,95;
11:02:41;9024;49,96;
11:02:44;9028;49,96;
11:02:47;9024;49,96;
11:02:50;9020;49,96;
11:02:56;8996;49,96;
11:02:59;8976;49,96;
11:03:02;9004;49,97;
11:03:05;9008;49,97;
11:03:08;9012;49,97;
11:03:11;9028;49,97;
11:03:14;9036;49,97;
11:03:20;9044;49,96;
11:03:26;9048;49,96;
11:03:29;9048;49,97;
11:03:32;9052;49,96;
11:03:35;9052;49,97;
11:03:38;9036;49,97;
11:03:41;9056;49,96;
11:03:44;9064;49,97;
11:03:47;9064;49,98;
11:03:50;9072;49,98;
11:03:56;9084;49,98;
11:03:59;9088;49,98;
11:04:02;9076;49,98;
11:04:05;9104;49,97;
11:04:08;9120;49,97;
11:04:11;9108;49,96;
11:04:14;9120;49,97;
11:04:17;9136;49,97;
11:04:20;9136;49,96;
11:04:26;9128;49,96;
11:04:29;9152;49,96;
11:04:32;9148;49,97;
11:04:35;9156;49,98;
11:04:38;9156;49,97;
11:04:41;9160;49,97;
11:04:44;9164;49,97;
11:04:47;9148;49,97;
11:04:50;9172;49,97;
11:04:56;9176;49,97;
11:05:02;9180;49,97;
11:05:05;9184;49,97;
11:05:11;9184;49,98;
11:05:17;9188;49,97;
11:05:20;9188;49,96;
11:05:23;9192;49,96;
11:05:26;9192;49,97;
11:05:29;9172;49,97;
11:05:32;9192;49,97;
11:05:35;9196;49,98;
11:05:38;9196;49,97;
11:05:50;9200;49,97;
11:05:53;9180;49,97;
11:05:56;9204;49,98;
11:06:02;9208;49,98;
11:06:05;9212;49,98;
11:06:11;9220;49,98;
11:06:23;9228;49,99;
11:06:26;9224;49,99;
11:06:29;9228;49,98;
11:06:35;9208;49,98;
11:06:38;9228;49,98;
11:06:41;9228;49,97;
11:06:50;9232;49,97;
11:06:53;9228;49,98;
11:06:56;9232;49,98;
11:06:59;9208;49,98;
11:07:02;9232;49,99;
11:07:05;9232;50,00;
11:07:17;9224;50,00;
11:07:23;9232;49,99;
11:07:26;9240;49,99;
11:07:29;9224;49,99;
11:07:32;9240;49,99;
11:07:35;9224;50,00;
11:07:38;9240;49,99;
11:07:44;9232;49,99;
11:07:47;9216;49,98;
11:07:50;9244;49,98;
11:07:53;9232;49,98;
11:07:56;9244;49,98;
11:07:59;9220;49,98;
11:08:02;9248;49,99;
11:08:08;9240;50,00;
11:08:11;9224;50,00;
11:08:14;9248;50,00;
11:08:17;9236;50,00;
11:08:20;9252;50,00;
11:08:23;9224;50,00;
11:08:29;9240;50,00;
11:08:32;9252;49,99;
11:08:35;9236;49,99;
11:08:38;9240;49,99;
11:08:41;9244;49,98;
11:08:44;9260;49,99;
11:08:50;9232;49,99;
11:08:53;9252;50,00;
11:08:56;9264;50,00;
11:08:59;9264;49,99;
11:09:02;9268;49,99;
11:09:08;9272;49,99;
11:09:14;9272;50,00;
11:09:17;9268;49,99;
11:09:20;9260;49,99;
11:09:23;9268;49,99;
11:09:26;9260;50,00;
11:09:29;9268;50,00;
11:09:32;9272;49,99;
11:09:35;9256;50,00;
11:09:38;9252;49,99;
11:09:41;9272;49,99;
11:09:44;9264;49,99;
11:09:47;9276;49,99;
11:09:50;9264;49,99;
11:09:53;9284;49,99;
11:09:56;9284;50,00;
11:09:59;9288;50,00;
11:10:05;9288;50,01;
11:10:08;9292;50,01;
11:10:11;9288;50,01;
11:10:20;9292;50,00;
11:10:26;9280;50,00;
11:10:29;9300;50,00;
11:10:32;9292;49,99;
11:10:35;9300;49,99;
11:10:38;9300;50,00;
11:10:41;9276;50,00;
11:10:47;9292;50,00;
11:10:50;9268;49,99;
11:10:53;9292;49,99;
11:10:56;9272;49,99;
11:10:59;9288;49,99;
11:11:02;9292;49,99;
11:11:05;9296;50,00;
11:11:08;9284;50,00;
11:11:11;9304;50,00;
11:11:14;9284;50,00;
11:11:17;9304;50,00;
11:11:20;9296;50,01;
11:11:26;9296;50,00;
11:11:29;9316;50,00;
11:11:32;9300;49,99;
11:11:35;9316;49,99;
11:11:38;9304;49,99;
11:11:41;9324;49,99;
11:11:44;9328;49,99;
11:11:47;9312;49,99;
11:11:50;9312;49,98;
11:11:53;9336;49,99;
11:11:56;9324;49,99;
11:11:59;9340;50,00;
11:12:02;9324;50,00;
11:12:05;9348;50,00;
11:12:14;9336;49,99;
11:12:17;9344;49,99;
11:12:20;9336;49,99;
11:12:23;9352;49,99;
11:12:26;9344;49,98;
11:12:35;9348;49,98;
11:12:38;9360;49,99;
11:12:41;9340;50,00;
11:12:44;9360;50,00;
11:12:47;9344;50,00;
11:12:50;9364;49,99;
11:12:56;9368;49,99;
11:12:59;9352;49,99;
11:13:02;9372;49,99;
11:13:05;9356;49,99;
11:13:08;9376;49,98;
11:13:11;9364;49,98;
11:13:14;9384;49,98;
11:13:17;9364;49,98;
11:13:20;9384;49,98;
11:13:23;9368;49,98;
11:13:26;9388;49,98;
11:13:29;9368;49,98;
11:13:32;9388;49,98;
11:13:38;9368;49,99;
11:13:41;9356;49,99;
11:13:44;9388;49,99;
11:13:47;9388;49,98;
11:13:50;9396;49,98;
11:13:53;9384;49,98;
11:13:56;9404;49,97;
11:14:05;9380;49,97;
11:14:08;9400;49,97;
11:14:11;9388;49,97;
11:14:14;9408;49,97;
11:14:17;9396;49,98;
11:14:26;9412;49,98;
11:14:29;9416;49,98;
11:14:32;9408;49,97;
11:14:35;9404;49,98;
11:14:38;9424;49,98;
11:14:44;9408;49,98;
11:14:50;9428;49,98;
11:14:53;9412;49,98;
11:14:56;9432;49,98;
11:14:59;9412;49,98;
11:15:02;9432;49,98;
11:15:08;9436;49,98;
11:15:11;9424;49,98;
11:15:14;9444;49,98;
11:15:17;9436;49,98;
11:15:20;9444;49,98;
11:15:23;9432;49,99;
11:15:29;9448;50,00;
11:15:32;9436;50,00;
11:15:35;9444;50,01;
11:15:41;9456;50,01;
11:15:44;9432;50,00;
11:15:47;9452;50,00;
11:15:56;9436;50,00;
11:15:59;9456;50,00;
11:16:02;9436;50,00;
11:16:05;9456;50,00;
11:16:08;9436;50,00;
11:16:11;9452;50,00;
11:16:14;9432;50,00;
11:16:17;9460;50,00;
11:16:20;9444;50,00;
11:16:23;9460;49,99;
11:16:26;9444;49,99;
11:16:29;9468;49,98;
11:16:35;9468;49,99;
11:16:38;9448;49,99;
11:16:41;9468;49,99;
11:16:44;9452;49,99;
11:16:47;9472;49,98;
11:16:50;9456;49,98;
11:16:53;9480;49,98;
11:16:59;9484;49,98;
11:17:02;9464;49,98;
11:17:05;9488;49,98;
11:17:08;9472;49,98;
11:17:11;9492;49,98;
11:17:14;9472;49,98;
11:17:17;9496;49,98;
11:17:20;9492;49,98;
11:17:23;9500;49,98;
11:17:26;9488;49,98;
11:17:29;9508;49,98;
11:17:32;9504;49,98;
11:17:35;9512;49,98;
11:17:41;9516;49,99;
11:17:44;9524;49,99;
11:17:47;9520;50,00;
11:17:53;9528;50,00;
11:17:59;9512;50,00;
11:18:02;9528;50,00;
11:18:05;9532;50,00;
11:18:11;9516;50,00;
11:18:14;9536;50,00;
11:18:17;9516;49,99;
11:18:20;9540;50,00;
11:18:26;9540;49,99;
11:18:29;9520;49,99;
11:18:32;9540;49,99;
11:18:35;9524;49,99;
11:18:38;9540;49,99;
11:18:41;9520;49,99;
11:18:44;9540;50,00;
11:18:47;9544;50,00;
11:18:50;9540;50,00;
11:18:53;9520;50,00;
11:18:56;9544;50,00;
11:18:59;9524;50,00;
11:19:02;9548;50,00;
11:19:05;9528;50,00;
11:19:08;9552;50,00;
11:19:11;9536;50,00;
11:19:14;9564;49,99;
11:19:17;9540;49,99;
11:19:20;9568;50,00;
11:19:23;9552;50,00;
11:19:26;9572;50,00;
11:19:35;9556;50,00;
11:19:38;9576;50,00;
11:19:41;9552;50,00;
11:19:44;9576;50,00;
11:19:47;9560;50,00;
11:19:50;9576;50,00;
11:19:53;9580;49,99;
11:19:59;9528;49,99;
11:20:02;9580;50,00;
11:20:05;9544;50,00;
11:20:08;9584;50,00;
11:20:11;9564;50,00;
11:20:14;9584;50,00;
11:20:17;9560;50,00;
11:20:20;9584;50,00;
11:20:23;9572;50,00;
11:20:26;9584;50,00;
11:20:29;9560;50,00;
11:20:32;9584;49,99;
11:20:38;9580;49,99;
11:20:41;9572;49,99;
11:20:44;9576;49,98;
11:20:47;9584;49,98;
11:20:50;9584;49,99;
11:20:56;9560;49,99;
11:20:59;9584;49,99;
11:21:02;9588;50,00;
11:21:08;9592;50,00;
11:21:14;9596;50,00;
11:21:17;9600;50,00;
11:21:20;9568;50,00;
11:21:23;9604;50,00;
11:21:29;9600;50,00;
11:21:32;9604;50,00;
11:21:38;9608;50,00;
11:21:50;9612;50,00;
11:21:56;9616;50,00;
11:21:59;9620;50,00;
11:22:02;9600;50,01;
11:22:05;9636;50,02;
11:22:08;9620;50,02;
11:22:11;9624;50,02;
11:22:14;9628;50,01;
11:22:17;9632;50,02;
11:22:23;9636;50,02;
11:22:26;9616;50,01;
11:22:29;9640;50,01;
11:22:35;9644;50,00;
11:22:41;9648;50,00;
11:22:44;9640;50,00;
11:22:47;9644;50,01;
11:22:50;9656;50,01;
11:22:53;9660;50,01;
11:22:56;9664;50,01;
11:22:59;9668;50,01;
11:23:08;9668;50,00;
11:23:11;9648;50,00;
11:23:14;9668;50,00;
11:23:20;9648;50,00;
11:23:23;9672;50,00;
11:23:26;9664;50,00;
11:23:29;9672;49,99;
11:23:35;9668;50,00;
11:23:41;9676;50,00;
11:23:44;9664;50,00;
11:23:47;9672;50,00;
11:23:50;9664;50,00;
11:23:53;9652;50,00;
11:23:56;9668;50,00;
11:23:59;9664;50,01;
11:24:02;9660;50,01;
11:24:05;9656;50,00;
11:24:08;9652;50,00;
11:24:11;9648;50,00;
11:24:14;9644;50,00;
11:24:17;9620;50,00;
11:24:20;9644;49,99;
11:24:23;9640;49,99;
11:24:26;9636;49,99;
11:24:29;9632;49,99;
11:24:32;9624;49,99;
11:24:35;9620;49,99;
11:24:41;9608;50,00;
11:24:47;9596;50,00;
11:24:50;9592;50,00;
11:24:53;9584;50,00;
11:24:56;9580;50,01;
11:24:59;9552;50,01;
11:25:02;9572;50,01;
11:25:05;9568;50,00;
11:25:08;9564;50,00;
11:25:17;9572;50,00;
11:25:23;9560;50,00;
11:25:26;9596;50,00;
11:25:29;9612;50,00;
11:25:35;9600;50,00;
11:25:38;9608;50,00;
11:25:41;9604;50,00;
11:25:47;9592;50,01;
11:25:50;9608;50,01;
11:25:53;9580;50,01;
11:25:56;9596;50,01;
11:25:59;9572;50,00;
11:26:02;9592;50,00;
11:26:05;9588;50,00;
11:26:08;9560;50,00;
11:26:11;9580;50,00;
11:26:14;9600;50,00;
11:26:17;9572;50,00;
11:26:20;9608;50,00;
11:26:23;9592;50,00;
11:26:26;9612;50,00;
11:26:29;9612;50,01;
11:26:32;9612;50,00;
11:26:35;9596;50,00;
11:26:38;9612;49,99;
11:26:41;9576;49,99;
11:26:44;9608;49,99;
11:26:47;9592;49,99;
11:26:53;9584;50,00;
11:26:56;9616;50,00;
11:26:59;9600;49,99;
11:27:02;9616;49,99;
11:27:05;9580;49,99;
11:27:08;9608;49,98;
11:27:11;9612;49,98;
11:27:14;9588;49,98;
11:27:17;9600;49,98;
11:27:20;9604;49,99;
11:27:26;9596;49,99;
11:27:29;9592;49,99;
11:27:32;9596;49,99;
11:27:38;9592;49,98;
11:27:47;9600;49,98;
11:27:50;9604;49,98;
11:27:56;9576;49,98;
11:27:59;9604;49,98;
11:28:02;9612;49,98;
11:28:08;9616;49,98;
11:28:11;9616;49,99;
11:28:14;9620;49,99;
11:28:20;9592;49,99;
11:28:23;9624;49,99;
11:28:26;9632;49,98;
11:28:29;9640;49,98;
11:28:32;9644;49,98;
11:28:35;9648;49,98;
11:28:38;9644;49,98;
11:28:47;9656;49,98;
11:28:50;9648;49,98;
11:28:53;9668;49,99;
11:28:56;9652;49,99;
11:28:59;9680;49,99;
11:29:02;9684;49,99;
11:29:05;9668;49,99;
11:29:08;9664;49,99;
11:29:11;9700;49,99;
11:29:14;9692;49,98;
11:29:17;9712;49,98;
11:29:20;9692;49,98;
11:29:23;9728;49,98;
11:29:26;9732;49,98;
11:29:29;9736;49,98;
11:29:32;9716;49,98;
11:29:35;9748;49,98;
11:29:38;9740;49,98;
11:29:41;9752;49,98;
11:29:44;9724;49,99;
11:29:50;9752;50,00;
11:29:53;9760;50,00;
11:29:56;9732;50,00;
11:29:59;9760;49,99;
11:30:02;9756;49,99;
11:30:05;9768;49,98;
11:30:11;9736;49,98;
11:30:14;9764;49,97;
11:30:17;9772;49,97;
11:30:20;9740;49,96;
11:30:23;9776;49,97;
11:30:26;9756;49,97;
11:30:29;9772;49,96;
11:30:32;9776;49,97;
11:30:35;9780;49,97;
11:30:38;9768;49,97;
11:30:41;9772;49,97;
11:30:44;9760;49,97;
11:30:47;9768;49,97;
11:30:50;9780;49,97;
11:30:56;9780;49,98;
11:30:59;9760;49,98;
11:31:02;9788;49,98;
11:31:05;9780;49,98;
11:31:08;9792;49,98;
11:31:11;9760;49,98;
11:31:14;9792;49,98;
11:31:20;9796;49,98;
11:31:23;9764;49,98;
11:31:26;9804;49,99;
11:31:29;9800;49,98;
11:31:32;9808;49,98;
11:31:35;9776;49,98;
11:31:41;9808;49,98;
11:31:44;9816;49,98;
11:31:47;9784;49,98;
11:31:50;9816;49,98;
11:31:53;9812;49,98;
11:31:56;9816;49,98;
11:31:59;9816;49,99;
11:32:02;9780;49,99;
11:32:05;9808;49,99;
11:32:08;9812;49,99;
11:32:11;9776;50,00;
11:32:14;9812;49,99;
11:32:17;9804;49,99;
11:32:20;9812;49,99;
11:32:23;9808;49,99;
11:32:26;9808;50,00;
11:32:35;9768;50,00;
11:32:38;9800;49,99;
11:32:47;9764;49,99;
11:32:50;9800;49,99;
11:32:53;9804;49,99;
11:32:59;9768;49,99;
11:33:02;9804;49,99;
11:33:11;9772;49,99;
11:33:14;9808;49,99;
11:33:23;9772;49,99;
11:33:26;9808;49,99;
11:33:32;9812;49,98;
11:33:35;9780;49,98;
11:33:38;9816;49,98;
11:33:41;9812;49,98;
11:33:44;9820;49,98;
11:33:47;9804;49,98;
11:33:53;9824;49,98;
11:34:02;9800;49,98;
11:34:05;9832;49,98;
11:34:08;9832;49,99;
11:34:11;9836;49,99;
11:34:17;9836;50,00;
11:34:20;9832;49,99;
11:34:23;9840;49,99;
11:34:26;9804;49,99;
11:34:29;9836;49,99;
11:34:35;9836;49,98;
11:34:38;9800;49,99;
11:34:41;9840;49,99;
11:34:44;9836;49,99;
11:34:47;9840;50,00;
11:34:50;9804;50,00;
11:34:53;9840;49,99;
11:35:02;9804;49,98;
11:35:05;9840;49,98;
11:35:14;9808;49,98;
11:35:17;9844;49,98;
11:35:23;9844;49,99;
11:35:26;9804;49,99;
11:35:29;9848;49,99;
11:35:32;9836;49,99;
11:35:35;9848;50,00;
11:35:38;9808;50,00;
11:35:41;9848;50,00;
11:35:44;9844;50,01;
11:35:47;9852;50,00;
11:35:50;9828;50,00;
11:35:53;9852;49,99;
11:35:56;9856;49,99;
11:35:59;9852;49,99;
11:36:05;9840;50,00;
11:36:08;9856;50,00;
11:36:11;9860;50,00;
11:36:17;9824;50,00;
11:36:20;9868;50,00;
11:36:23;9852;50,00;
11:36:26;9868;50,00;
11:36:29;9828;50,00;
11:36:32;9872;50,00;
11:36:41;9832;49,99;
11:36:44;9876;49,99;
11:36:50;9852;49,99;
11:36:53;9860;50,00;
11:36:56;9880;50,00;
11:36:59;9876;49,99;
11:37:02;9880;50,00;
11:37:05;9832;49,99;
11:37:08;9884;49,99;
11:37:11;9888;49,99;
11:37:14;9892;49,98;
11:37:17;9836;49,98;
11:37:20;9900;49,99;
11:37:29;9860;49,99;
11:37:32;9904;49,99;
11:37:35;9912;49,99;
11:37:38;9916;49,99;
11:37:41;9856;49,99;
11:37:44;9916;49,99;
11:37:47;9912;50,00;
11:37:50;9920;50,00;
11:37:56;9916;49,99;
11:38:02;9924;49,99;
11:38:05;9868;50,00;
11:38:08;9924;49,99;
11:38:11;9924;50,00;
11:38:14;9912;49,99;
11:38:23;9924;50,00;
11:38:26;9932;50,00;
11:38:29;9872;50,01;
11:38:32;9932;50,00;
11:38:35;9928;49,99;
11:38:38;9920;49,99;
11:38:41;9888;49,99;
11:38:44;9924;49,99;
11:38:47;9932;50,00;
11:38:50;9936;50,00;
11:38:53;9904;50,00;
11:38:56;9924;50,00;
11:39:02;9928;50,00;
11:39:08;9940;50,00;
11:39:11;9932;50,00;
11:39:14;9944;50,00;
11:39:20;9900;50,00;
11:39:23;9956;50,00;
11:39:26;9936;50,00;
11:39:29;9932;50,00;
11:39:41;9928;49,99;
11:39:44;9888;50,00;
11:39:47;9932;49,99;
11:39:50;9932;50,00;
11:39:53;9948;50,00;
11:39:59;9932;50,00;
11:40:02;9952;50,00;
11:40:08;9932;49,99;
11:40:17;9940;49,99;
11:40:26;9936;49,99;
11:40:32;9936;49,98;
11:40:38;9928;49,98;
11:40:41;9932;49,99;
11:40:44;9888;49,99;
11:40:47;9928;49,99;
11:40:53;9932;49,99;
11:40:56;9912;49,99;
11:40:59;9936;49,99;
11:41:02;9928;49,99;
11:41:05;9940;50,00;
11:41:08;9936;50,00;
11:41:11;9892;49,99;
11:41:14;9940;49,99;
11:41:17;9944;49,99;
11:41:20;9892;49,99;
11:41:23;9944;49,99;
11:41:26;9936;49,99;
11:41:32;9896;50,00;
11:41:35;9940;50,00;
11:41:38;9948;50,00;
11:41:41;9936;50,00;
11:41:44;9908;50,00;
11:41:47;9948;50,00;
11:41:50;9948;50,01;
11:41:53;9948;50,00;
11:41:59;9940;50,00;
11:42:02;9948;50,00;
11:42:05;9944;50,00;
11:42:11;9948;50,00;
11:42:14;9952;50,00;
11:42:17;9964;50,01;
11:42:20;9952;50,01;
11:42:23;9952;50,00;
11:42:26;9960;50,00;
11:42:29;9956;50,00;
11:42:32;9952;49,99;
11:42:35;9952;50,00;
11:42:38;9956;50,00;
11:42:41;9960;50,00;
11:42:44;9956;50,00;
11:42:47;9968;50,00;
11:42:53;9900;50,00;
11:42:56;9976;50,00;
11:43:05;9976;49,99;
11:43:08;9968;49,99;
11:43:14;9964;49,99;
11:43:17;9972;49,99;
11:43:20;9988;50,00;
11:43:23;9932;50,00;
11:43:26;9988;50,00;
11:43:29;9976;50,00;
11:43:32;9980;50,00;
11:43:35;9984;49,99;
11:43:41;9996;49,99;
11:43:47;9956;49,99;
11:43:50;10000;50,00;
11:43:53;10008;50,00;
11:43:56;10004;50,00;
11:43:59;9980;50,00;
11:44:02;10004;50,00;
11:44:11;9968;50,00;
11:44:14;10020;50,00;
11:44:17;10008;49,99;
11:44:20;10020;49,99;
11:44:23;9968;49,99;
11:44:26;10020;49,99;
11:44:32;10008;49,98;
11:44:35;9964;49,99;
11:44:38;10012;49,99;
11:44:41;10008;49,99;
11:44:44;10008;50,00;
11:44:47;9960;50,00;
11:44:50;10008;50,00;
11:44:56;9992;50,00;
11:44:59;9956;50,00;
11:45:02;9992;50,00;
11:45:05;10004;50,00;
11:45:08;10008;49,99;
11:45:11;9960;49,99;
11:45:17;10000;49,98;
11:45:20;9996;49,98;
11:45:23;10004;49,99;
11:45:26;9996;49,99;
11:45:32;10000;49,99;
11:45:35;10020;49,99;
11:45:38;9972;49,99;
11:45:41;10016;49,98;
11:45:44;10012;49,99;
11:45:47;10016;49,99;
11:45:50;10024;49,99;
11:45:56;10028;49,99;
11:46:02;10032;49,99;
11:46:05;10048;50,00;
11:46:08;10052;50,00;
11:46:11;10036;50,00;
11:46:14;10052;50,00;
11:46:20;10044;49,99;
11:46:23;10052;49,99;
11:46:26;10056;49,98;
11:46:29;10052;49,98;
11:46:35;10060;49,99;
11:46:41;10064;49,99;
11:46:44;10052;49,99;
11:46:47;10060;49,99;
11:46:50;10056;49,99;
11:46:53;10060;49,99;
11:46:56;10052;49,98;
11:46:59;10048;49,99;
11:47:02;10036;49,99;
11:47:08;10060;49,99;
11:47:11;10052;49,99;
11:47:14;10020;50,00;
11:47:17;10056;49,99;
11:47:20;10056;50,00;
11:47:23;10068;49,99;
11:47:26;10044;49,99;
11:47:29;10016;49,99;
11:47:32;10056;49,99;
11:47:35;10048;49,99;
11:47:38;10016;49,98;
11:47:41;10056;49,98;
11:47:44;10048;49,98;
11:47:47;10056;49,98;
11:47:50;10040;49,98;
11:47:53;10056;49,98;
11:47:56;10044;49,99;
11:47:59;10040;49,99;
11:48:02;10012;50,00;
11:48:05;10040;50,00;
11:48:08;10044;50,00;
11:48:14;10012;50,00;
11:48:17;10060;50,00;
11:48:20;10052;49,99;
11:48:23;10056;49,99;
11:48:26;10028;49,99;
11:48:29;10064;49,99;
11:48:32;10060;49,99;
11:48:38;10032;50,00;
11:48:41;10072;50,00;
11:48:44;10064;50,00;
11:48:47;10076;50,00;
11:48:50;10040;50,00;
11:48:53;10080;50,00;
11:48:59;10076;50,00;
11:49:02;10064;50,00;
11:49:05;10056;50,00;
11:49:08;10076;50,00;
11:49:11;10072;50,00;
11:49:14;10088;50,00;
11:49:20;10080;50,00;
11:49:23;10084;50,00;
11:49:26;10104;49,99;
11:49:29;10064;49,99;
11:49:32;10108;50,00;
11:49:35;10096;50,00;
11:49:38;10116;50,00;
11:49:44;10104;49,99;
11:49:47;10080;49,98;
11:49:50;10100;49,99;
11:49:53;10100;49,98;
11:49:56;10104;49,98;
11:49:59;10116;49,98;
11:50:05;10108;49,98;
11:50:08;10136;49,98;
11:50:11;10128;49,98;
11:50:14;10136;49,99;
11:50:17;10104;49,99;
11:50:20;10136;49,99;
11:50:23;10128;49,99;
11:50:26;10104;49,99;
11:50:29;10080;49,99;
11:50:32;10136;49,99;
11:50:35;10120;49,99;
11:50:38;10148;49,99;
11:50:41;10144;49,99;
11:50:44;10152;49,99;
11:50:50;10160;50,00;
11:50:53;10172;50,00;
11:50:56;10172;50,01;
11:51:02;10184;50,01;
11:51:05;10160;50,01;
11:51:11;10192;50,01;
11:51:14;10200;50,01;
11:51:17;10164;50,01;
11:51:20;10204;50,00;
11:51:23;10184;50,01;
11:51:26;10180;50,01;
11:51:29;10200;50,01;
11:51:32;10156;50,00;
11:51:35;10180;50,01;
11:51:38;10196;50,01;
11:51:41;10152;50,01;
11:51:44;10192;50,01;
11:51:47;10176;50,01;
11:51:50;10184;50,00;
11:51:53;10188;50,00;
11:51:56;10172;50,00;
11:51:59;10180;50,00;
11:52:02;10188;50,00;
11:52:05;10172;50,01;
11:52:08;10176;50,00;
11:52:11;10192;50,00;
11:52:17;10200;50,00;
11:52:20;10160;50,00;
11:52:23;10204;50,00;
11:52:26;10184;50,00;
11:52:29;10200;50,00;
11:52:32;10160;50,00;
11:52:35;10204;50,00;
11:52:38;10200;49,99;
11:52:41;10204;50,00;
11:52:44;10164;50,00;
11:52:47;10208;50,00;
11:52:50;10192;50,00;
11:52:53;10208;50,00;
11:52:56;10168;50,00;
11:52:59;10204;50,01;
11:53:02;10196;50,02;
11:53:05;10204;50,02;
11:53:08;10168;50,02;
11:53:11;10200;50,01;
11:53:23;10220;50,01;
11:53:26;10204;50,00;
11:53:29;10212;50,01;
11:53:32;10180;50,01;
11:53:35;10224;50,01;
11:53:38;10212;50,00;
11:53:41;10216;50,00;
11:53:44;10224;50,00;
11:53:47;10216;50,00;
11:53:50;10216;50,01;
11:53:53;10220;50,00;
11:53:56;10200;50,01;
11:53:59;10236;50,01;
11:54:02;10224;50,01;
11:54:05;10220;50,01;
11:54:08;10216;50,00;
11:54:11;10220;50,01;
11:54:20;10196;50,01;
11:54:23;10236;50,01;
11:54:26;10224;50,01;
11:54:29;10220;50,01;
11:54:32;10196;50,01;
11:54:35;10220;50,01;
11:54:38;10224;50,01;
11:54:41;10220;50,01;
11:54:44;10196;50,01;
11:54:47;10228;50,01;
11:54:50;10224;50,00;
11:54:53;10236;50,01;
11:54:56;10204;50,01;
11:54:59;10232;50,01;
11:55:02;10220;50,01;
11:55:05;10228;50,01;
11:55:08;10224;50,01;
11:55:14;10228;50,00;
11:55:17;10224;50,00;
11:55:20;10228;50,00;
11:55:23;10204;50,00;
11:55:26;10240;50,00;
11:55:29;10220;50,00;
11:55:32;10240;50,00;
11:55:35;10228;50,00;
11:55:41;10208;50,00;
11:55:44;10228;50,00;
11:55:47;10192;50,00;
11:55:50;10228;50,01;
11:55:53;10208;50,00;
11:55:56;10212;50,01;
11:55:59;10192;50,01;
11:56:02;10232;50,01;
11:56:05;10208;50,01;
11:56:08;10220;50,01;
11:56:11;10192;50,01;
11:56:14;10212;50,01;
11:56:23;10188;50,01;
11:56:26;10216;50,01;
11:56:29;10204;50,01;
11:56:32;10220;50,01;
11:56:35;10188;50,01;
11:56:38;10216;50,00;
11:56:41;10204;50,01;
11:56:47;10208;50,01;
11:56:50;10200;50,01;
11:56:53;10180;50,01;
11:56:56;10204;50,02;
11:56:59;10196;50,02;
11:57:02;10204;50,02;
11:57:05;10208;50,02;
11:57:11;10200;50,02;
11:57:14;10208;50,01;
11:57:20;10212;50,01;
11:57:26;10236;50,01;
11:57:29;10224;50,01;
11:57:32;10236;50,01;
11:57:35;10224;50,01;
11:57:41;10220;50,01;
11:57:44;10216;50,01;
11:57:47;10220;50,01;
11:57:50;10240;50,00;
11:57:53;10220;50,00;
11:57:56;10220;50,01;
11:58:05;10228;50,01;
11:58:08;10204;50,01;
11:58:11;10228;50,00;
11:58:14;10228;50,01;
11:58:17;10232;50,01;
11:58:23;10236;50,00;
11:58:32;10240;50,00;
11:58:41;10260;50,00;
11:58:44;10264;50,00;
11:58:47;10256;50,00;
11:58:50;10228;50,00;
11:58:53;10264;50,00;
11:58:56;10220;49,99;
11:58:59;10248;50,00;
11:59:02;10252;50,00;
11:59:08;10228;50,00;
11:59:11;10232;50,01;
11:59:17;10248;50,01;
11:59:20;10240;50,02;
11:59:23;10264;50,02;
11:59:26;10236;50,02;
11:59:29;10248;50,02;
11:59:32;10224;50,01;
11:59:35;10244;50,01;
11:59:38;10248;50,01;
11:59:41;10240;50,02;
11:59:44;10216;50,02;
11:59:47;10244;50,03;
11:59:50;10232;50,03;
11:59:53;10244;50,02;
11:59:56;10220;50,02;
11:59:59;10240;50,02;
12:00:02;10232;50,01;
12:00:05;10240;50,01;
12:00:08;10228;50,01;
12:00:11;10244;50,00;
12:00:17;10240;50,00;
12:00:29;10244;50,00;
12:00:35;10240;50,00;
12:00:47;10244;50,00;
12:00:50;10244;49,99;
12:00:53;10248;49,99;
12:01:05;10240;49,99;
12:01:08;10248;49,98;
12:01:11;10252;49,99;
12:01:17;10256;50,00;
12:01:20;10252;49,99;
12:01:23;10256;49,99;
12:01:29;10260;49,99;
12:01:38;10264;49,99;
12:01:41;10268;49,99;
12:01:44;10268;50,00;
12:01:47;10244;50,00;
12:01:50;10268;50,00;
12:01:53;10268;49,99;
12:02:05;10272;49,99;
12:02:11;10256;49,99;
12:02:14;10276;49,98;
12:02:17;10268;49,98;
12:02:20;10276;49,98;
12:02:23;10256;49,99;
12:02:26;10276;49,99;
12:02:29;10260;49,98;
12:02:35;10252;49,98;
12:02:41;10264;49,98;
12:02:47;10264;49,99;
12:02:50;10280;49,99;
12:02:53;10264;49,99;
12:02:56;10276;49,99;
12:03:05;10276;50,00;
12:03:08;10280;50,00;
12:03:11;10268;50,00;
12:03:17;10260;50,00;
12:03:20;10268;50,00;
12:03:23;10264;49,99;
12:03:26;10268;49,99;
12:03:29;10264;49,99;
12:03:32;10272;50,00;
12:03:38;10252;50,00;
12:03:41;10268;50,00;
12:03:44;10268;50,01;
12:03:47;10276;50,01;
12:03:50;10272;50,00;
12:03:53;10268;50,00;
12:03:56;10264;50,00;
12:04:02;10240;50,00;
12:04:05;10268;50,00;
12:04:14;10272;50,00;
12:04:20;10276;50,00;
12:04:26;10272;49,99;
12:04:32;10276;49,99;
12:04:38;10280;49,98;
12:04:44;10272;49,98;
12:04:47;10280;49,98;
12:04:50;10280;49,99;
12:04:53;10280;50,00;
12:04:59;10284;50,01;
12:05:02;10276;50,01;
12:05:05;10280;50,01;
12:05:08;10276;50,01;
12:05:11;10272;50,01;
12:05:14;10268;50,01;
12:05:17;10272;50,01;
12:05:20;10268;50,01;
12:05:23;10272;50,01;
12:05:26;10256;50,00;
12:05:32;10256;49,99;
12:05:35;10268;49,99;
12:05:38;10252;49,99;
12:05:41;10272;49,99;
12:05:44;10256;50,00;
12:05:47;10276;50,00;
12:05:50;10272;50,00;
12:05:53;10252;50,00;
12:05:56;10272;50,01;
12:05:59;10276;50,01;
12:06:02;10256;50,01;
12:06:05;10280;50,00;
12:06:08;10264;50,00;
12:06:11;10280;50,00;
12:06:17;10284;50,00;
12:06:20;10268;50,01;
12:06:23;10284;50,01;
12:06:26;10260;50,01;
12:06:29;10284;50,01;
12:06:32;10276;50,01;
12:06:38;10268;50,01;
12:06:41;10292;50,01;
12:06:44;10276;50,00;
12:06:47;10292;50,00;
12:06:50;10276;50,00;
12:06:53;10296;50,00;
12:06:59;10280;50,00;
12:07:02;10272;50,00;
12:07:05;10296;50,00;
12:07:08;10276;50,00;
12:07:11;10292;50,00;
12:07:14;10276;50,00;
12:07:17;10296;50,00;
12:07:23;10292;50,00;
12:07:26;10268;50,00;
12:07:29;10288;50,00;
12:07:32;10268;50,00;
12:07:35;10284;50,00;
12:07:38;10264;50,00;
12:07:44;10268;50,00;
12:07:47;10284;50,00;
12:07:59;10288;50,01;
12:08:02;10292;50,01;
12:08:05;10268;50,01;
12:08:08;10288;50,01;
12:08:11;10292;50,01;
12:08:14;10296;50,01;
12:08:17;10288;50,01;
12:08:20;10292;50,01;
12:08:23;10288;50,00;
12:08:29;10280;50,00;
12:08:32;10296;50,00;
12:08:35;10284;50,00;
12:08:38;10296;50,01;
12:08:41;10276;50,01;
12:08:44;10300;50,01;
12:08:47;10304;50,01;
12:08:50;10292;50,01;
12:08:53;10288;50,00;
12:08:56;10312;50,00;
12:08:59;10300;50,01;
12:09:02;10320;50,01;
12:09:05;10300;50,01;
12:09:08;10324;50,01;
12:09:14;10328;50,02;
12:09:17;10308;50,02;
12:09:20;10332;50,01;
12:09:23;10320;50,01;
12:09:26;10336;50,01;
12:09:29;10316;50,01;
12:09:35;10324;50,01;
12:09:38;10344;50,02;
12:09:41;10324;50,03;
12:09:44;10348;50,03;
12:09:47;10336;50,03;
12:09:50;10352;50,03;
12:09:56;10332;50,03;
12:09:59;10344;50,03;
12:10:02;10356;50,03;
12:10:05;10332;50,03;
12:10:08;10352;50,03;
12:10:11;10336;50,02;
12:10:14;10352;50,01;
12:10:20;10340;50,02;
12:10:23;10336;50,02;
12:10:29;10340;50,03;
12:10:32;10328;50,03;
12:10:35;10340;50,03;
12:10:41;10340;50,01;
12:10:44;10324;50,01;
12:10:47;10344;50,01;
12:10:50;10328;50,02;
12:10:53;10340;50,02;
12:10:56;10320;50,03;
12:10:59;10340;50,03;
12:11:02;10332;50,02;
12:11:05;10320;50,02;
12:11:08;10332;50,02;
12:11:11;10320;50,02;
12:11:14;10336;50,02;
12:11:17;10324;50,02;
12:11:20;10340;50,01;
12:11:23;10344;50,02;
12:11:26;10340;50,01;
12:11:29;10344;50,01;
12:11:32;10336;50,01;
12:11:35;10348;50,01;
12:11:38;10340;50,01;
12:11:41;10352;50,01;
12:11:47;10356;50,01;
12:11:50;10344;50,01;
12:11:53;10356;50,01;
12:11:56;10340;50,01;
12:11:59;10360;50,01;
12:12:02;10344;50,01;
12:12:05;10360;50,01;
12:12:08;10364;50,01;
12:12:11;10368;50,02;
12:12:14;10352;50,02;
12:12:17;10372;50,01;
12:12:20;10348;50,01;
12:12:23;10372;50,01;
12:12:26;10360;50,01;
12:12:32;10352;50,03;
12:12:35;10380;50,03;
12:12:38;10368;50,03;
12:12:41;10380;50,03;
12:12:44;10364;50,03;
12:12:47;10384;50,03;
12:12:53;10372;50,03;
12:12:56;10368;50,02;
12:12:59;10392;50,02;
12:13:02;10376;50,02;
12:13:05;10396;50,02;
12:13:08;10376;50,02;
12:13:11;10396;50,01;
12:13:14;10396;50,02;
12:13:20;10384;50,02;
12:13:23;10392;50,02;
12:13:29;10388;50,03;
12:13:32;10392;50,03;
12:13:38;10400;50,03;
12:13:41;10388;50,03;
12:13:44;10400;50,03;
12:13:47;10380;50,02;
12:13:50;10404;50,02;
12:13:53;10388;50,02;
12:13:56;10404;50,03;
12:14:02;10408;50,02;
12:14:05;10388;50,02;
12:14:08;10408;50,03;
12:14:11;10388;50,03;
12:14:14;10404;50,03;
12:14:17;10388;50,03;
12:14:20;10404;50,02;
12:14:23;10384;50,02;
12:14:26;10400;50,02;
12:14:29;10384;50,02;
12:14:32;10396;50,02;
12:14:35;10380;50,02;
12:14:38;10396;50,01;
12:14:47;10376;50,01;
12:14:50;10396;50,02;
12:14:53;10376;50,02;
12:14:56;10396;50,02;
12:14:59;10376;50,03;
12:15:02;10392;50,03;
12:15:08;10384;50,02;
12:15:11;10364;50,02;
12:15:14;10388;50,02;
12:15:17;10368;50,02;
12:15:20;10380;50,02;
12:15:23;10360;50,02;
12:15:26;10380;50,02;
12:15:29;10356;50,02;
12:15:32;10376;50,02;
12:15:35;10356;50,02;
12:15:38;10372;50,02;
12:15:41;10352;50,01;
12:15:44;10368;50,01;
12:15:53;10352;50,01;
12:15:56;10364;50,01;
12:15:59;10344;50,01;
12:16:02;10364;50,01;
12:16:05;10344;50,01;
12:16:08;10360;50,01;
12:16:11;10364;50,01;
12:16:14;10360;50,01;
12:16:17;10348;50,01;
12:16:20;10360;50,01;
12:16:23;10352;50,01;
12:16:26;10368;50,01;
12:16:29;10356;50,01;
12:16:35;10360;50,01;
12:16:38;10368;50,01;
12:16:50;10372;50,02;
12:16:56;10376;50,03;
12:16:59;10372;50,03;
12:17:02;10356;50,02;
12:17:05;10364;50,02;
12:17:08;10356;50,03;
12:17:11;10372;50,03;
12:17:14;10352;50,03;
12:17:17;10376;50,02;
12:17:20;10356;50,02;
12:17:23;10380;50,01;
12:17:26;10364;50,01;
12:17:29;10384;50,01;
12:17:32;10364;50,01;
12:17:35;10384;50,01;
12:17:41;10388;50,01;
12:17:44;10364;50,01;
12:17:47;10392;50,01;
12:17:50;10376;50,01;
12:17:53;10396;50,01;
12:17:56;10376;50,01;
12:17:59;10396;50,01;
12:18:02;10396;50,02;
12:18:05;10400;50,02;
12:18:08;10384;50,01;
12:18:11;10404;50,01;
12:18:14;10384;50,01;
12:18:17;10400;50,01;
12:18:20;10388;50,01;
12:18:23;10404;50,01;
12:18:26;10392;50,01;
12:18:29;10404;50,01;
12:18:32;10396;50,01;
12:18:35;10408;50,02;
12:18:38;10404;50,02;
12:18:41;10408;50,02;
12:18:47;10412;50,03;
12:18:50;10392;50,03;
12:18:53;10408;50,02;
12:18:56;10392;50,02;
12:18:59;10412;50,01;
12:19:02;10396;50,01;
12:19:05;10412;50,01;
12:19:11;10416;50,01;
12:19:14;10400;50,01;
12:19:17;10416;50,02;
12:19:20;10396;50,02;
12:19:23;10420;50,02;
12:19:26;10408;50,02;
12:19:29;10412;50,02;
12:19:32;10408;50,01;
12:19:35;10420;50,01;
12:19:38;10416;50,01;
12:19:41;10420;50,01;
12:19:44;10416;50,01;
12:19:47;10424;50,02;
12:19:56;10428;50,02;
12:19:59;10432;50,03;
12:20:02;10432;50,02;
12:20:05;10428;50,02;
12:20:11;10404;50,02;
12:20:14;10432;50,01;
12:20:17;10436;50,01;
12:20:20;10440;50,01;
12:20:26;10444;50,01;
12:20:29;10448;50,02;
12:20:35;10428;50,02;
12:20:38;10452;50,02;
12:20:41;10456;50,02;
12:20:44;10452;50,02;
12:20:47;10456;50,02;
12:20:50;10460;50,02;
12:20:53;10464;50,02;
12:20:59;10468;50,02;
12:21:05;10472;50,02;
12:21:08;10476;50,02;
12:21:14;10444;50,01;
12:21:17;10460;50,02;
12:21:20;10480;50,01;
12:21:26;10484;50,01;
12:21:29;10480;50,01;
12:21:32;10484;50,01;
12:21:35;10476;50,01;
12:21:38;10492;50,01;
12:21:44;10492;50,02;
12:21:47;10492;50,01;
12:21:50;10496;50,01;
12:21:53;10500;50,01;
12:21:59;10504;50,02;
12:22:02;10480;50,02;
12:22:05;10504;50,02;
12:22:08;10508;50,01;
12:22:11;10512;50,01;
12:22:26;10492;50,01;
12:22:29;10512;50,01;
12:22:32;10516;50,01;
12:22:38;10516;50,00;
12:22:50;10516;50,01;
12:22:56;10516;50,02;
12:23:08;10500;50,02;
12:23:11;10512;50,02;
12:23:14;10516;50,03;
12:23:17;10512;50,02;
12:23:20;10512;50,01;
12:23:26;10508;50,01;
12:23:29;10508;50,00;
12:23:32;10492;50,01;
12:23:35;10508;50,01;
12:23:38;10508;50,00;
12:23:41;10504;50,01;
12:23:44;10508;50,01;
12:23:56;10504;50,00;
12:23:59;10508;50,01;
12:24:02;10508;50,00;
12:24:05;10504;50,00;
12:24:08;10504;50,01;
12:24:11;10500;50,01;
12:24:14;10484;50,00;
12:24:17;10500;50,00;
12:24:26;10496;50,00;
12:24:32;10492;50,00;
12:24:35;10496;50,00;
12:24:38;10488;50,00;
12:24:41;10496;50,00;
12:24:44;10484;50,00;
12:24:47;10496;50,00;
12:24:50;10476;50,00;
12:24:53;10496;50,00;
12:24:56;10480;50,00;
12:25:02;10472;50,00;
12:25:05;10492;50,00;
12:25:08;10468;50,00;
12:25:11;10488;50,00;
12:25:14;10464;50,00;
12:25:17;10488;50,00;
12:25:20;10492;50,00;
12:25:23;10476;50,00;
12:25:26;10468;50,00;
12:25:29;10488;50,00;
12:25:32;10476;50,00;
12:25:35;10492;50,00;
12:25:38;10464;50,00;
12:25:41;10488;50,00;
12:25:47;10492;50,00;
12:25:50;10468;50,00;
12:25:53;10492;50,00;
12:25:56;10476;50,00;
12:25:59;10492;50,00;
12:26:05;10468;50,00;
12:26:08;10492;50,00;
12:26:17;10492;49,99;
12:26:20;10492;49,98;
12:26:29;10472;49,97;
12:26:32;10496;49,98;
12:26:35;10492;49,98;
12:26:41;10480;49,98;
12:26:44;10488;49,98;
12:26:47;10480;49,97;
12:26:53;10468;49,98;
12:26:56;10488;49,98;
12:26:59;10484;49,98;
12:27:05;10492;49,98;
12:27:08;10492;49,99;
12:27:11;10476;49,99;
12:27:14;10488;49,99;
12:27:17;10488;49,98;
12:27:23;10488;49,99;
12:27:29;10480;49,98;
12:27:35;10476;49,98;
12:27:38;10488;49,98;
12:27:41;10476;49,98;
12:27:44;10488;49,98;
12:27:47;10480;49,99;
12:27:50;10488;49,99;
12:27:53;10464;49,99;
12:27:59;10472;49,99;
12:28:02;10484;49,99;
12:28:05;10468;50,00;
12:28:08;10492;50,00;
12:28:11;10480;50,00;
12:28:14;10492;50,00;
12:28:17;10492;49,99;
12:28:20;10468;49,99;
12:28:23;10476;49,99;
12:28:26;10496;50,00;
12:28:29;10472;50,00;
12:28:32;10492;50,00;
12:28:35;10472;50,00;
12:28:38;10488;50,00;
12:28:41;10488;49,99;
12:28:47;10468;49,99;
12:28:50;10488;49,99;
12:28:53;10464;49,99;
12:28:56;10484;49,99;
12:28:59;10464;49,99;
12:29:08;10480;50,00;
12:29:11;10456;50,00;
12:29:14;10480;50,00;
12:29:17;10460;50,00;
12:29:20;10484;50,00;
12:29:23;10480;50,00;
12:29:26;10460;50,00;
12:29:29;10464;50,00;
12:29:32;10476;50,00;
12:29:35;10468;50,00;
12:29:38;10480;50,00;
12:29:41;10472;50,01;
12:29:44;10468;50,01;
12:29:47;10476;50,01;
12:29:50;10464;50,00;
12:29:53;10476;50,00;
12:29:56;10456;50,00;
12:29:59;10476;50,01;
12:30:02;10456;50,01;
12:30:05;10476;50,00;
12:30:11;10496;50,00;
12:30:14;10460;49,99;
12:30:17;10492;49,99;
12:30:20;10472;49,98;
12:30:23;10480;49,98;
12:30:26;10460;49,98;
12:30:29;10480;49,98;
12:30:32;10480;49,97;
12:30:35;10484;49,98;
12:30:38;10468;49,97;
12:30:41;10488;49,97;
12:30:44;10468;49,97;
12:30:47;10488;49,97;
12:30:50;10476;49,97;
12:30:56;10480;49,97;
12:30:59;10500;49,97;
12:31:02;10480;49,98;
12:31:05;10496;49,97;
12:31:08;10476;49,97;
12:31:11;10496;49,97;
12:31:14;10496;49,96;
12:31:17;10476;49,96;
12:31:20;10420;49,97;
12:31:23;10408;49,97;
12:31:26;10436;49,98;
12:31:29;10440;49,97;
12:31:32;10400;49,98;
12:31:35;10436;49,97;
12:31:38;10444;49,97;
12:31:41;10444;49,98;
12:31:44;10404;49,99;
12:31:47;10448;49,99;
12:31:50;10456;49,98;
12:31:53;10452;49,99;
12:31:56;10416;49,98;
12:32:02;10460;49,97;
12:32:05;10464;49,97;
12:32:08;10416;49,96;
12:32:11;10460;49,96;
12:32:14;10464;49,96;
12:32:17;10460;49,97;
12:32:23;10424;49,96;
12:32:26;10464;49,96;
12:32:29;10468;49,96;
12:32:32;10432;49,96;
12:32:35;10460;49,96;
12:32:38;10468;49,97;
12:32:44;10468;49,98;
12:32:47;10452;49,98;
12:32:50;10472;49,98;
12:32:53;10468;49,98;
12:32:59;10436;49,98;
12:33:02;10472;49,98;
12:33:08;10472;49,97;
12:33:11;10432;49,97;
12:33:14;10476;49,98;
12:33:17;10472;49,97;
12:33:20;10480;49,98;
12:33:23;10424;49,98;
12:33:26;10476;49,98;
12:33:29;10480;49,98;
12:33:32;10476;49,98;
12:33:35;10440;49,98;
12:33:38;10476;49,99;
12:33:44;10480;50,00;
12:33:47;10444;50,00;
12:33:50;10484;50,00;
12:33:53;10480;50,01;
12:33:56;10476;50,00;
12:33:59;10436;50,00;
12:34:02;10472;49,99;
12:34:08;10468;49,99;
12:34:17;10468;50,00;
12:34:20;10472;50,00;
12:34:23;10436;50,00;
12:34:26;10472;50,00;
12:34:29;10472;49,99;
12:34:41;10472;49,98;
12:34:47;10456;49,98;
12:34:50;10472;49,99;
12:34:53;10476;49,99;
12:35:02;10476;49,98;
12:35:05;10472;49,98;
12:35:11;10476;49,98;
12:35:14;10444;49,98;
12:35:17;10476;49,98;
12:35:20;10480;49,98;
12:35:26;10444;49,98;
12:35:29;10480;49,97;
12:35:32;10476;49,97;
12:35:35;10484;49,97;
12:35:38;10448;49,98;
12:35:41;10484;49,98;
12:35:44;10480;49,98;
12:35:47;10484;49,98;
12:35:50;10448;49,99;
12:35:53;10484;49,99;
12:35:59;10488;49,99;
12:36:05;10492;49,99;
12:36:08;10484;49,98;
12:36:11;10492;49,99;
12:36:14;10464;50,00;
12:36:17;10500;50,00;
12:36:20;10492;50,00;
12:36:23;10500;50,00;
12:36:29;10504;49,99;
12:36:32;10500;49,99;
12:36:35;10504;49,99;
12:36:38;10468;49,99;
12:36:41;10504;49,99;
12:36:44;10496;49,99;
12:36:47;10504;49,99;
12:36:50;10468;49,98;
12:36:53;10504;49,98;
12:36:56;10496;49,98;
12:36:59;10504;49,98;
12:37:02;10468;49,98;
12:37:05;10504;49,99;
12:37:11;10504;50,00;
12:37:14;10468;49,99;
12:37:17;10504;49,99;
12:37:20;10500;49,99;
12:37:23;10504;49,99;
12:37:26;10472;49,99;
12:37:29;10504;50,00;
12:37:35;10496;49,99;
12:37:38;10468;49,99;
12:37:41;10496;49,99;
12:37:47;10504;49,99;
12:37:50;10488;49,98;
12:37:53;10484;49,98;
12:37:56;10504;49,98;
12:37:59;10504;49,99;
12:38:02;10500;49,99;
12:38:05;10504;49,99;
12:38:23;10504;49,98;
12:38:35;10500;49,98;
12:38:38;10508;49,99;
12:38:41;10512;49,99;
12:38:47;10512;50,00;
12:38:50;10508;50,00;
12:38:53;10512;50,00;
12:38:59;10504;50,00;
12:39:02;10508;50,00;
12:39:05;10508;50,01;
12:39:08;10508;50,00;
12:39:11;10500;50,00;
12:39:26;10504;50,01;
12:39:29;10504;50,00;
12:39:32;10536;50,00;
12:39:35;10564;50,00;
12:39:38;10572;50,00;
12:39:41;10568;49,99;
12:39:44;10572;49,99;
12:39:47;10564;50,00;
12:39:50;10572;50,00;
12:39:53;10564;50,00;
12:39:56;10568;49,99;
12:39:59;10560;49,99;
12:40:02;10564;49,98;
12:40:08;10560;49,98;
12:40:11;10564;49,98;
12:40:14;10564;49,97;
12:40:17;10560;49,97;
12:40:23;10564;49,97;
12:40:26;10540;49,98;
12:40:29;10564;49,98;
12:40:32;10532;50,00;
12:40:35;10560;50,00;
12:40:38;10556;50,00;
12:40:44;10560;50,00;
12:40:47;10548;50,00;
12:40:50;10556;50,00;
12:40:56;10560;50,00;
12:40:59;10548;50,00;
12:41:02;10556;50,00;
12:41:05;10552;50,00;
12:41:08;10460;50,00;
12:41:14;10488;50,00;
12:41:17;10484;50,00;
12:41:23;10480;50,00;
12:41:32;10452;49,99;
12:41:35;10484;49,99;
12:41:38;10476;49,99;
12:41:44;10476;49,98;
12:41:50;10480;49,98;
12:41:56;10452;49,98;
12:41:59;10480;49,98;
12:42:02;10480;49,99;
12:42:08;10480;50,00;
12:42:11;10484;50,00;
12:42:14;10480;50,00;
12:42:26;10484;50,00;
12:42:29;10476;50,00;
12:42:32;10468;49,99;
12:42:38;10456;49,99;
12:42:41;10464;49,99;
12:42:44;10468;50,00;
12:42:50;10464;50,00;
12:42:53;10468;50,00;
12:42:56;10452;50,00;
12:42:59;10464;50,00;
12:43:02;10460;50,00;
12:43:05;10456;50,00;
12:43:08;10428;50,00;
12:43:11;10456;50,00;
12:43:14;10444;50,00;
12:43:17;10452;50,00;
12:43:20;10420;50,01;
12:43:26;10436;50,01;
12:43:29;10448;50,01;
12:43:32;10424;50,01;
12:43:35;10452;50,01;
12:43:38;10436;50,00;
12:43:41;10448;50,00;
12:43:47;10424;50,00;
12:43:50;10440;50,00;
12:43:53;10452;50,00;
12:43:56;10420;50,01;
12:43:59;10452;50,01;
12:44:02;10508;50,01;
12:44:05;10488;50,01;
12:44:08;10520;50,01;
12:44:11;10524;50,01;
12:44:14;10532;50,01;
12:44:20;10532;50,00;
12:44:23;10532;50,01;
12:44:26;10536;50,01;
12:44:29;10508;50,01;
12:44:32;10536;50,01;
12:44:38;10540;50,01;
12:44:41;10544;50,01;
12:44:50;10548;50,01;
12:44:53;10532;50,01;
12:44:56;10552;50,01;
12:44:59;10544;50,01;
12:45:02;10552;50,01;
12:45:05;10544;50,01;
12:45:08;10540;50,00;
12:45:11;10544;50,00;
12:45:17;10540;50,00;
12:45:23;10536;50,00;
12:45:29;10540;50,00;
12:45:32;10540;50,01;
12:45:35;10524;50,01;
12:45:38;10536;50,01;
12:45:44;10540;50,01;
12:45:47;10544;50,01;
12:45:50;10540;50,01;
12:45:53;10536;50,01;
12:45:56;10540;50,01;
12:45:59;10536;50,00;
12:46:02;10548;50,00;
12:46:05;10528;50,00;
12:46:08;10544;50,00;
12:46:11;10532;50,00;
12:46:14;10540;50,00;
12:46:17;10508;50,00;
12:46:23;10528;50,00;
12:46:26;10540;50,00;
12:46:29;10516;50,00;
12:46:32;10544;50,00;
12:46:35;10524;50,00;
12:46:38;10540;50,00;
12:46:41;10536;50,00;
12:46:44;10508;49,99;
12:46:47;10520;49,99;
12:46:50;10528;49,99;
12:46:53;10504;49,99;
12:46:56;10532;49,99;
12:46:59;10512;49,99;
12:47:02;10528;50,00;
12:47:05;10528;49,99;
12:47:11;10512;49,99;
12:47:14;10524;49,99;
12:47:17;10500;49,99;
12:47:20;10528;49,99;
12:47:23;10516;49,99;
12:47:29;10504;50,00;
12:47:32;10524;49,99;
12:47:35;10512;49,99;
12:47:38;10528;49,99;
12:47:41;10504;50,00;
12:47:44;10528;50,00;
12:47:50;10516;50,00;
12:47:53;10508;49,99;
12:47:56;10516;49,99;
12:48:02;10520;49,99;
12:48:05;10524;50,00;
12:48:08;10516;50,00;
12:48:11;10536;50,00;
12:48:14;10524;50,00;
12:48:17;10536;50,00;
12:48:20;10512;50,00;
12:48:23;10532;49,99;
12:48:26;10520;49,98;
12:48:29;10532;49,98;
12:48:35;10536;50,00;
12:48:38;10524;50,00;
12:48:41;10540;50,01;
12:48:44;10516;50,01;
12:48:47;10536;50,01;
12:48:50;10520;50,01;
12:48:53;10540;50,01;
12:48:59;10544;50,01;
12:49:02;10528;50,00;
12:49:05;10544;50,00;
12:49:08;10520;50,01;
12:49:11;10540;50,01;
12:49:14;10528;50,00;
12:49:20;10520;50,00;
12:49:23;10544;50,00;
12:49:26;10528;50,00;
12:49:29;10544;50,00;
12:49:32;10524;50,00;
12:49:35;10544;50,00;
12:49:38;10548;50,00;
12:49:41;10528;50,00;
12:49:44;10532;50,00;
12:49:47;10552;50,00;
12:49:50;10536;50,00;
12:49:53;10552;50,00;
12:49:56;10536;50,00;
12:49:59;10556;50,00;
12:50:05;10560;50,01;
12:50:08;10544;50,00;
12:50:11;10564;50,00;
12:50:14;10548;50,00;
12:50:17;10568;50,00;
12:50:20;10552;50,00;
12:50:26;10556;50,00;
12:50:29;10576;50,00;
12:50:32;10556;50,00;
12:50:35;10576;50,00;
12:50:38;10556;50,00;
12:50:41;10576;50,00;
12:50:44;10572;50,00;
12:50:47;10552;50,01;
12:50:50;10556;50,00;
12:50:53;10572;50,00;
12:50:56;10560;49,99;
12:50:59;10564;49,99;
12:51:02;10560;49,99;
12:51:05;10560;50,00;
12:51:08;10568;50,00;
12:51:11;10548;50,00;
12:51:14;10564;50,00;
12:51:17;10548;50,00;
12:51:20;10564;50,00;
12:51:23;10540;50,00;
12:51:26;10564;50,00;
12:51:35;10540;50,00;
12:51:38;10560;50,00;
12:51:41;10544;50,00;
12:51:44;10556;50,00;
12:51:47;10532;50,00;
12:51:50;10552;50,00;
12:51:53;10548;50,00;
12:51:59;10524;50,00;
12:52:02;10552;50,00;
12:52:05;10532;50,00;
12:52:08;10544;50,00;
12:52:11;10520;50,00;
12:52:14;10544;50,00;
12:52:17;10532;50,00;
12:52:20;10552;50,00;
12:52:23;10528;49,99;
12:52:26;10548;49,99;
12:52:29;10536;49,99;
12:52:32;10552;49,99;
12:52:38;10552;50,00;
12:52:41;10532;50,00;
12:52:44;10544;50,00;
12:52:47;10524;50,00;
12:52:50;10552;50,00;
12:52:53;10540;50,00;
12:52:56;10548;50,00;
12:52:59;10552;50,00;
12:53:02;10556;50,00;
12:53:05;10548;50,00;
12:53:11;10544;50,00;
12:53:14;10536;50,00;
12:53:17;10548;50,00;
12:53:26;10524;50,00;
12:53:29;10548;50,00;
12:53:32;10532;50,00;
12:53:35;10548;50,00;
12:53:41;10532;50,00;
12:53:44;10536;50,00;
12:53:47;10524;50,00;
12:53:50;10544;50,00;
12:53:53;10536;50,00;
12:53:56;10540;50,00;
12:53:59;10524;50,01;
12:54:02;10532;50,01;
12:54:05;10540;50,01;
12:54:08;10532;50,00;
12:54:11;10536;50,00;
12:54:14;10524;50,00;
12:54:17;10540;50,00;
12:54:20;10524;50,00;
12:54:23;10536;50,00;
12:54:29;10532;50,01;
12:54:32;10516;50,01;
12:54:35;10536;50,01;
12:54:38;10512;50,01;
12:54:41;10544;50,01;
12:54:44;10528;50,01;
12:54:47;10544;50,01;
12:54:56;10528;50,01;
12:54:59;10544;50,01;
12:55:02;10520;50,01;
12:55:05;10544;50,01;
12:55:08;10532;50,01;
12:55:11;10548;50,01;
12:55:14;10528;50,01;
12:55:17;10548;50,00;
12:55:20;10536;50,00;
12:55:23;10552;50,00;
12:55:26;10532;50,00;
12:55:29;10552;50,00;
12:55:35;10548;50,01;
12:55:38;10528;50,01;
12:55:41;10552;50,01;
12:55:44;10536;50,00;
12:55:47;10548;50,00;
12:55:50;10524;50,00;
12:55:53;10548;50,00;
12:55:56;10544;50,00;
12:55:59;10540;50,00;
12:56:02;10524;50,00;
12:56:05;10540;50,00;
12:56:08;10532;50,00;
12:56:11;10536;50,00;
12:56:14;10524;49,99;
12:56:17;10512;49,99;
12:56:20;10528;49,98;
12:56:23;10524;49,98;
12:56:29;10528;49,97;
12:56:32;10528;49,96;
12:56:35;10524;49,97;
12:56:41;10524;49,98;
12:56:50;10528;49,98;
12:56:53;10532;49,99;
12:56:59;10516;49,99;
12:57:02;10528;49,99;
12:57:05;10528;49,98;
12:57:08;10524;49,98;
12:57:11;10524;49,97;
12:57:17;10528;49,98;
12:57:23;10516;49,98;
12:57:26;10528;49,99;
12:57:32;10528;49,98;
12:57:35;10536;49,98;
12:57:38;10532;49,98;
12:57:41;10508;49,98;
12:57:44;10536;49,97;
12:57:47;10536;49,98;
12:57:50;10540;49,98;
12:57:53;10516;49,99;
12:57:56;10540;49,99;
12:57:59;10528;50,00;
12:58:02;10536;49,99;
12:58:05;10508;49,99;
12:58:08;10540;49,99;
12:58:11;10532;49,98;
12:58:14;10548;49,98;
12:58:17;10524;49,97;
12:58:20;10556;49,97;
12:58:23;10544;49,97;
12:58:26;10560;49,97;
12:58:32;10556;49,97;
12:58:35;10544;49,97;
12:58:38;10552;49,97;
12:58:41;10528;49,97;
12:58:44;10556;49,97;
12:58:47;10544;49,97;
12:58:50;10556;49,97;
12:58:56;10560;49,98;
12:58:59;10548;49,98;
12:59:02;10556;49,98;
12:59:05;10540;49,98;
12:59:08;10564;49,98;
12:59:11;10556;49,98;
12:59:14;10552;49,98;
12:59:20;10560;49,98;
12:59:23;10560;49,97;
12:59:26;10564;49,98;
12:59:32;10564;49,97;
12:59:38;10564;49,96;
12:59:41;10568;49,96;
12:59:44;10572;49,96;
12:59:47;10568;49,96;
12:59:50;10564;49,96;
12:59:53;10568;49,96;
12:59:56;10540;49,96;
12:59:59;10568;49,95;
13:00:05;10572;49,95;
13:00:08;10572;49,94;
13:00:14;10580;49,94;
13:00:20;10548;49,93;
13:00:23;10568;49,93;
13:00:26;10572;49,93;
13:00:29;10568;49,92;
13:00:38;10568;49,93;
13:00:44;10560;49,94;
13:00:53;10564;49,94;
13:01:02;10548;49,93;
13:01:05;10564;49,93;
13:01:08;10552;49,93;
13:01:11;10560;49,94;
13:01:14;10552;49,94;
13:01:17;10556;49,94;
13:01:20;10528;49,94;
13:01:23;10552;49,94;
13:01:29;10548;49,94;
13:01:32;10524;49,93;
13:01:35;10548;49,93;
13:01:38;10536;49,93;
13:01:41;10544;49,93;
13:01:44;10520;49,94;
13:01:50;10540;49,95;
13:01:53;10552;49,94;
13:01:56;10528;49,94;
13:01:59;10556;49,93;
13:02:02;10544;49,93;
13:02:05;10560;49,93;
13:02:11;10528;49,93;
13:02:14;10556;49,93;
13:02:20;10556;49,94;
13:02:23;10560;49,94;
13:02:26;10564;49,94;
13:02:29;10568;49,93;
13:02:35;10560;49,93;
13:02:47;10560;49,94;
13:02:53;10548;49,94;
13:02:56;10560;49,94;
13:02:59;10560;49,95;
13:03:05;10560;49,94;
13:03:08;10564;49,94;
13:03:11;10556;49,94;
13:03:14;10560;49,94;
13:03:17;10556;49,94;
13:03:20;10560;49,95;
13:03:23;10540;49,96;
13:03:26;10556;49,96;
13:03:29;10544;49,95;
13:03:32;10556;49,95;
13:03:35;10528;49,96;
13:03:41;10556;49,96;
13:03:44;10556;49,95;
13:03:47;10560;49,95;
13:03:53;10556;49,95;
13:03:56;10560;49,94;
13:03:59;10532;49,95;
13:04:02;10560;49,94;
13:04:05;10560;49,95;
13:04:11;10556;49,95;
13:04:14;10564;49,94;
13:04:17;10556;49,94;
13:04:20;10568;49,94;
13:04:23;10560;49,94;
13:04:26;10568;49,93;
13:04:29;10560;49,93;
13:04:32;10576;49,94;
13:04:35;10552;49,93;
13:04:38;10576;49,94;
13:04:41;10568;49,93;
13:04:47;10564;49,93;
13:04:50;10588;49,93;
13:04:53;10572;49,94;
13:04:56;10588;49,94;
13:04:59;10572;49,94;
13:05:02;10596;49,94;
13:05:05;10592;49,94;
13:05:08;10576;49,94;
13:05:11;10580;49,93;
13:05:14;10604;49,94;
13:05:17;10588;49,94;
13:05:20;10604;49,94;
13:05:23;10584;49,94;
13:05:26;10608;49,94;
13:05:32;10612;49,94;
13:05:35;10592;49,94;
13:05:38;10608;49,94;
13:05:41;10592;49,94;
13:05:44;10616;49,94;
13:05:47;10596;49,94;
13:05:53;10596;49,95;
13:05:56;10620;49,95;
13:05:59;10604;49,95;
13:06:02;10620;49,95;
13:06:05;10604;49,95;
13:06:08;10616;49,95;
13:06:14;10604;49,95;
13:06:17;10612;49,94;
13:06:23;10616;49,93;
13:06:26;10608;49,93;
13:06:29;10620;49,93;
13:06:32;10604;49,93;
13:06:35;10628;49,94;
13:06:38;10612;49,93;
13:06:41;10632;49,93;
13:06:44;10608;49,93;
13:06:47;10632;49,94;
13:06:50;10612;49,94;
13:06:53;10632;49,94;
13:06:59;10616;49,93;
13:07:02;10620;49,94;
13:07:05;10632;49,94;
13:07:08;10608;49,94;
13:07:11;10632;49,94;
13:07:14;10620;49,93;
13:07:17;10636;49,93;
13:07:23;10640;49,93;
13:07:26;10628;49,93;
13:07:29;10644;49,93;
13:07:32;10620;49,92;
13:07:35;10648;49,92;
13:07:38;10636;49,92;
13:07:44;10628;49,93;
13:07:47;10656;49,93;
13:07:50;10640;49,93;
13:07:53;10656;49,93;
13:07:56;10628;49,94;
13:07:59;10648;49,94;
13:08:02;10652;49,95;
13:08:05;10636;49,95;
13:08:08;10632;49,95;
13:08:11;10648;49,95;
13:08:14;10644;49,96;
13:08:17;10648;49,96;
13:08:20;10636;49,96;
13:08:26;10644;49,96;
13:08:29;10632;49,96;
13:08:32;10640;49,95;
13:08:35;10616;49,96;
13:08:38;10644;49,95;
13:08:41;10628;49,95;
13:08:44;10640;49,95;
13:08:50;10636;49,96;
13:08:53;10620;49,96;
13:08:56;10636;49,96;
13:08:59;10612;49,96;
13:09:02;10636;49,97;
13:09:05;10624;49,97;
13:09:08;10640;49,96;
13:09:11;10636;49,96;
13:09:14;10644;49,97;
13:09:17;10628;49,97;
13:09:20;10644;49,97;
13:09:23;10620;49,97;
13:09:26;10644;49,97;
13:09:29;10628;49,96;
13:09:32;10636;49,96;
13:09:35;10608;49,96;
13:09:38;10628;49,96;
13:09:41;10612;49,96;
13:09:44;10632;49,97;
13:09:47;10612;49,97;
13:09:50;10636;49,97;
13:09:56;10644;49,97;
13:09:59;10620;49,97;
13:10:02;10644;49,97;
13:10:05;10628;49,97;
13:10:08;10640;49,97;
13:10:11;10620;49,97;
13:10:14;10640;49,97;
13:10:17;10640;49,96;
13:10:20;10636;49,97;
13:10:23;10620;49,97;
13:10:26;10640;49,97;
13:10:29;10624;49,97;
13:10:32;10644;49,97;
13:10:35;10620;49,98;
13:10:38;10644;49,98;
13:10:41;10624;49,98;
13:10:44;10640;49,98;
13:10:47;10620;49,98;
13:10:50;10636;49,98;
13:10:53;10616;49,98;
13:10:56;10632;49,98;
13:11:05;10612;49,98;
13:11:08;10636;49,98;
13:11:11;10616;49,98;
13:11:14;10628;49,99;
13:11:17;10620;49,99;
13:11:20;10624;50,00;
13:11:23;10628;50,00;
13:11:26;10624;49,99;
13:11:32;10612;49,99;
13:11:35;10620;49,99;
13:11:38;10604;49,99;
13:11:41;10620;49,99;
13:11:47;10616;49,99;
13:11:50;10596;49,98;
13:11:53;10608;49,98;
13:11:56;10588;49,98;
13:11:59;10612;49,99;
13:12:02;10592;49,99;
13:12:05;10612;49,99;
13:12:14;10596;49,99;
13:12:17;10608;49,98;
13:12:20;10584;49,98;
13:12:23;10612;49,98;
13:12:26;10592;49,98;
13:12:29;10612;49,99;
13:12:32;10588;49,99;
13:12:35;10608;49,99;
13:12:38;10588;49,99;
13:12:41;10604;49,99;
13:12:44;10584;49,99;
13:12:47;10604;49,98;
13:12:53;10600;49,98;
13:12:56;10576;49,97;
13:12:59;10596;49,98;
13:13:02;10584;49,98;
13:13:05;10596;49,98;
13:13:08;10572;49,98;
13:13:11;10596;49,98;
13:13:17;10596;50,00;
13:13:20;10580;50,00;
13:13:23;10596;49,99;
13:13:26;10588;49,99;
13:13:29;10596;49,99;
13:13:32;10592;49,98;
13:13:35;10584;49,98;
13:13:38;10596;49,98;
13:13:50;10600;49,98;
13:13:53;10600;49,97;
13:13:59;10588;49,98;
13:14:05;10588;49,99;
13:14:08;10588;50,00;
13:14:11;10584;50,00;
13:14:14;10580;50,00;
13:14:17;10576;49,99;
13:14:23;10568;49,99;
13:14:26;10560;49,99;
13:14:29;10564;49,99;
13:14:32;10560;49,99;
13:14:35;10568;49,98;
13:14:41;10556;49,98;
13:14:44;10564;49,98;
13:14:56;10560;49,98;
13:14:59;10556;49,99;
13:15:05;10552;50,00;
13:15:08;10552;49,99;
13:15:14;10548;50,00;
13:15:17;10548;49,99;
13:15:20;10508;49,98;
13:15:26;10544;49,98;
13:15:29;10524;49,98;
13:15:32;10524;49,97;
13:15:35;10528;49,98;
13:15:38;10552;49,98;
13:15:41;10556;49,98;
13:15:44;10560;49,98;
13:15:53;10544;49,98;
13:15:56;10556;49,98;
13:15:59;10532;49,98;
13:16:02;10560;49,98;
13:16:05;10548;49,98;
13:16:08;10560;49,98;
13:16:14;10564;49,98;
13:16:17;10552;49,98;
13:16:20;10568;49,98;
13:16:23;10552;49,98;
13:16:26;10564;49,98;
13:16:29;10556;49,98;
13:16:32;10560;49,98;
13:16:38;10568;49,97;
13:16:44;10564;49,97;
13:16:47;10568;49,97;
13:16:59;10564;49,97;
13:17:05;10560;49,98;
13:17:11;10560;49,97;
13:17:14;10536;49,97;
13:17:17;10560;49,97;
13:17:26;10560;49,98;
13:17:38;10528;49,98;
13:17:41;10560;49,97;
13:17:44;10556;49,97;
13:17:47;10560;49,97;
13:17:50;10564;49,98;
13:17:56;10564;49,99;
13:18:02;10568;49,99;
13:18:05;10572;49,98;
13:18:14;10568;49,98;
13:18:20;10560;49,98;
13:18:23;10572;49,98;
13:18:26;10564;49,98;
13:18:29;10572;49,98;
13:18:32;10560;49,98;
13:18:35;10564;49,99;
13:18:38;10544;49,99;
13:18:41;10568;49,99;
13:18:47;10572;50,00;
13:18:50;10540;49,99;
13:18:53;10564;49,99;
13:18:56;10556;49,99;
13:18:59;10564;49,99;
13:19:02;10568;49,99;
13:19:08;10568;50,00;
13:19:11;10564;50,00;
13:19:14;10564;49,99;
13:19:17;10564;50,00;
13:19:20;10560;49,99;
13:19:26;10540;49,99;
13:19:29;10552;49,99;
13:19:32;10556;50,00;
13:19:35;10564;50,00;
13:19:38;10532;50,00;
13:19:41;10556;50,00;
13:19:44;10564;50,01;
13:19:50;10568;50,01;
13:19:53;10556;50,01;
13:19:56;10544;50,01;
13:19:59;10556;50,01;
13:20:02;10532;50,00;
13:20:05;10560;50,01;
13:20:08;10548;50,00;
13:20:14;10536;50,01;
13:20:17;10564;50,01;
13:20:23;10568;50,01;
13:20:26;10540;50,01;
13:20:29;10564;50,01;
13:20:35;10548;50,01;
13:20:38;10564;50,01;
13:20:41;10568;50,00;
13:20:44;10564;50,00;
13:20:47;10572;50,00;
13:20:50;10568;50,01;
13:20:59;10572;50,01;
13:21:02;10568;50,01;
13:21:05;10564;50,01;
13:21:08;10568;50,01;
13:21:17;10544;50,01;
13:21:20;10568;50,00;
13:21:23;10572;50,00;
13:21:26;10576;50,00;
13:21:29;10572;50,00;
13:21:32;10580;50,00;
13:21:35;10576;50,00;
13:21:38;10588;49,99;
13:21:41;10584;50,00;
13:21:44;10596;50,00;
13:21:47;10584;50,00;
13:21:50;10604;50,00;
13:21:53;10592;50,00;
13:21:56;10616;50,01;
13:21:59;10600;50,01;
13:22:08;10624;50,01;
13:22:11;10604;50,01;
13:22:14;10624;50,01;
13:22:17;10608;50,01;
13:22:20;10624;50,01;
13:22:26;10600;50,01;
13:22:29;10604;50,01;
13:22:32;10628;50,01;
13:22:35;10604;50,01;
13:22:38;10624;50,01;
13:22:41;10604;50,01;
13:22:44;10624;50,01;
13:22:47;10620;50,01;
13:22:50;10624;50,01;
13:22:53;10604;50,01;
13:22:56;10620;50,00;
13:22:59;10596;50,00;
13:23:02;10616;50,01;
13:23:05;10600;50,01;
13:23:11;10604;50,02;
13:23:14;10624;50,02;
13:23:17;10604;50,01;
13:23:20;10628;50,01;
13:23:23;10608;50,00;
13:23:26;10632;50,00;
13:23:29;10628;50,00;
13:23:32;10608;50,00;
13:23:38;10624;50,00;
13:23:41;10600;50,00;
13:23:44;10620;50,00;
13:23:47;10596;50,00;
13:23:50;10612;50,00;
13:23:56;10604;50,00;
13:23:59;10580;50,00;
13:24:02;10600;50,01;
13:24:05;10584;50,01;
13:24:08;10600;50,01;
13:24:11;10584;50,00;
13:24:17;10580;50,00;
13:24:20;10600;50,00;
13:24:23;10588;50,00;
13:24:26;10600;50,00;
13:24:29;10588;50,00;
13:24:32;10596;50,00;
13:24:35;10600;50,00;
13:24:38;10592;50,00;
13:24:41;10592;50,01;
13:24:44;10580;50,01;
13:24:47;10588;50,01;
13:24:50;10576;50,01;
13:24:53;10588;50,01;
13:24:56;10564;50,01;
13:25:05;10580;50,01;
13:25:08;10560;50,00;
13:25:11;10580;50,00;
13:25:14;10556;50,00;
13:25:17;10568;50,00;
13:25:20;10564;50,00;
13:25:23;10540;50,00;
13:25:26;10552;50,01;
13:25:29;10568;50,01;
13:25:32;10544;50,00;
13:25:35;10568;50,00;
13:25:38;10552;50,00;
13:25:41;10564;50,01;
13:25:44;10564;50,00;
13:25:47;10564;50,01;
13:25:50;10548;50,01;
13:25:53;10564;50,02;
13:25:56;10536;50,01;
13:25:59;10556;50,01;
13:26:02;10540;50,01;
13:26:08;10532;50,01;
13:26:11;10556;50,01;
13:26:14;10536;50,02;
13:26:17;10552;50,02;
13:26:20;10524;50,02;
13:26:23;10552;50,01;
13:26:26;10556;50,01;
13:26:29;10540;50,01;
13:26:32;10544;50,01;
13:26:35;10552;50,01;
13:26:47;10540;50,01;
13:26:50;10560;50,00;
13:26:53;10548;50,01;
13:26:56;10560;50,01;
13:26:59;10532;50,01;
13:27:02;10560;50,01;
13:27:05;10544;50,01;
13:27:08;10560;50,01;
13:27:14;10556;50,01;
13:27:17;10556;50,00;
13:27:20;10528;50,00;
13:27:23;10556;50,00;
13:27:26;10540;50,01;
13:27:29;10552;50,01;
13:27:35;10536;50,01;
13:27:38;10544;50,01;
13:27:41;10548;50,01;
13:27:44;10544;50,01;
13:27:47;10536;50,01;
13:27:50;10556;50,01;
13:27:53;10540;50,01;
13:27:56;10552;50,01;
13:27:59;10528;50,01;
13:28:02;10552;50,02;
13:28:05;10540;50,01;
13:28:08;10552;50,03;
13:28:11;10528;50,03;
13:28:14;10552;50,03;
13:28:20;10552;50,02;
13:28:23;10520;50,02;
13:28:26;10544;50,01;
13:28:29;10532;50,01;
13:28:32;10552;50,00;
13:28:35;10524;50,00;
13:28:38;10552;50,01;
13:28:41;10548;50,01;
13:28:44;10552;50,01;
13:28:47;10524;50,01;
13:28:50;10556;50,01;
13:28:53;10540;50,01;
13:28:56;10552;50,01;
13:28:59;10528;50,01;
13:29:02;10552;50,01;
13:29:05;10540;50,01;
13:29:08;10556;50,01;
13:29:11;10528;50,01;
13:29:14;10556;50,01;
13:29:17;10540;50,01;
13:29:20;10552;50,01;
13:29:26;10556;50,00;
13:29:29;10544;50,00;
13:29:32;10556;50,00;
13:29:35;10536;50,00;
13:29:38;10548;50,00;
13:29:41;10548;49,99;
13:29:44;10548;50,00;
13:29:47;10556;50,00;
13:29:50;10540;50,00;
13:29:53;10556;49,99;
13:29:56;10544;49,99;
13:29:59;10556;49,99;
13:30:02;10532;49,99;
13:30:05;10560;50,00;
13:30:14;10536;50,00;
13:30:17;10572;50,00;
13:30:20;10548;49,99;
13:30:23;10560;49,98;
13:30:26;10536;49,98;
13:30:29;10564;49,98;
13:30:32;10560;49,98;
13:30:35;10568;49,99;
13:30:38;10548;49,99;
13:30:41;10568;49,99;
13:30:44;10556;49,99;
13:30:47;10576;49,99;
13:30:50;10560;49,99;
13:30:53;10584;49,98;
13:30:56;10564;49,98;
13:30:59;10580;49,98;
13:31:02;10560;49,98;
13:31:05;10580;49,99;
13:31:08;10564;49,99;
13:31:11;10584;49,99;
13:31:20;10564;49,99;
13:31:23;10580;49,99;
13:31:26;10556;49,99;
13:31:29;10572;49,99;
13:31:32;10552;49,99;
13:31:35;10572;49,99;
13:31:38;10576;49,98;
13:31:41;10580;49,98;
13:31:44;10556;49,98;
13:31:47;10580;49,98;
13:31:50;10564;49,99;
13:31:53;10588;50,00;
13:31:56;10572;50,00;
13:31:59;10596;50,00;
13:32:02;10580;50,00;
13:32:05;10592;49,99;
13:32:08;10568;49,99;
13:32:11;10588;49,98;
13:32:14;10572;49,98;
13:32:17;10588;49,98;
13:32:23;10592;50,00;
13:32:26;10580;50,00;
13:32:29;10588;50,00;
13:32:32;10564;50,00;
13:32:35;10580;50,00;
13:32:38;10568;49,99;
13:32:41;10576;49,99;
13:32:44;10580;49,99;
13:32:47;10572;49,99;
13:32:50;10568;49,99;
13:32:53;10572;50,00;
13:32:59;10564;49,99;
13:33:02;10568;50,00;
13:33:05;10552;50,00;
13:33:08;10572;50,00;
13:33:11;10568;49,99;
13:33:17;10568;49,98;
13:33:35;10572;49,99;
13:33:44;10576;49,98;
13:33:47;10552;49,98;
13:33:50;10576;49,99;
13:33:53;10552;49,99;
13:33:56;10576;50,00;
13:33:59;10560;50,00;
13:34:02;10572;50,00;
13:34:05;10556;50,00;
13:34:08;10568;49,99;
13:34:14;10564;49,99;
13:34:17;10544;49,99;
13:34:20;10564;49,99;
13:34:23;10548;49,99;
13:34:26;10564;49,99;
13:34:29;10540;49,99;
13:34:32;10560;49,99;
13:34:35;10556;49,99;
13:34:38;10556;49,98;
13:34:41;10544;49,98;
13:34:44;10560;49,98;
13:34:47;10552;49,98;
13:34:50;10560;49,99;
13:34:53;10552;49,99;
13:34:56;10544;49,98;
13:34:59;10560;49,98;
13:35:08;10556;49,98;
13:35:11;10552;49,98;
13:35:14;10556;49,97;
13:35:26;10560;49,98;
13:35:29;10556;49,98;
13:35:35;10560;49,98;
13:35:38;10540;49,98;
13:35:41;10556;49,99;
13:35:47;10560;49,99;
13:35:50;10556;49,99;
13:35:56;10556;49,98;
13:36:02;10540;49,98;
13:36:05;10516;49,98;
13:36:08;10556;49,98;
13:36:11;10548;49,98;
13:36:14;10544;49,98;
13:36:26;10556;49,99;
13:36:32;10552;49,98;
13:36:38;10552;49,97;
13:36:41;10552;49,98;
13:36:44;10528;49,98;
13:36:47;10552;49,98;
13:36:50;10548;49,98;
13:36:53;10540;49,98;
13:36:56;10548;49,98;
13:36:59;10552;49,98;
13:37:05;10552;49,99;
13:37:08;10528;49,99;
13:37:11;10552;49,99;
13:37:14;10552;49,98;
13:37:20;10548;49,98;
13:37:23;10544;49,98;
13:37:26;10548;49,98;
13:37:32;10548;49,97;
13:37:35;10548;49,98;
13:37:44;10540;49,98;
13:37:47;10544;49,98;
13:37:50;10540;49,98;
13:37:53;10536;49,98;
13:37:56;10528;49,98;
13:37:59;10544;49,98;
13:38:02;10524;49,98;
13:38:05;10536;49,98;
13:38:08;10512;49,98;
13:38:11;10536;49,98;
13:38:14;10532;49,98;
13:38:17;10528;49,98;
13:38:20;10504;49,98;
13:38:23;10528;49,98;
13:38:26;10512;49,98;
13:38:29;10524;49,98;
13:38:32;10524;49,99;
13:38:35;10500;49,99;
13:38:38;10528;49,99;
13:38:41;10532;50,00;
13:38:44;10528;50,00;
13:38:47;10524;50,00;
13:38:50;10520;50,00;
13:38:53;10520;49,99;
13:38:59;10492;49,98;
13:39:02;10512;49,98;
13:39:08;10508;49,98;
13:39:11;10512;49,98;
13:39:14;10508;49,98;
13:39:17;10512;49,98;
13:39:23;10508;49,98;
13:39:29;10504;49,99;
13:39:32;10504;49,98;
13:39:38;10508;49,98;
13:39:41;10496;49,98;
13:39:44;10504;49,98;
13:39:47;10500;49,98;
13:39:50;10508;49,98;
13:39:53;10500;49,98;
13:39:56;10508;49,98;
13:39:59;10484;49,99;
13:40:02;10504;49,99;
13:40:05;10508;50,00;
13:40:08;10512;50,00;
13:40:11;10484;50,00;
13:40:14;10516;50,01;
13:40:17;10488;50,00;
13:40:20;10500;50,00;
13:40:23;10468;50,00;
13:40:29;10488;49,98;
13:40:32;10496;49,99;
13:40:35;10424;49,99;
13:40:38;10488;49,99;
13:40:41;10476;49,99;
13:40:44;10484;49,99;
13:40:47;10460;49,99;
13:40:50;10472;49,99;
13:40:53;10476;50,00;
13:40:59;10452;50,00;
13:41:02;10468;50,00;
13:41:05;10460;50,00;
13:41:08;10468;50,00;
13:41:11;10464;50,00;
13:41:17;10456;49,99;
13:41:20;10464;50,00;
13:41:23;10436;50,01;
13:41:26;10468;50,01;
13:41:29;10460;50,01;
13:41:35;10428;50,00;
13:41:38;10464;50,00;
13:41:41;10452;49,99;
13:41:44;10456;49,99;
13:41:47;10420;49,99;
13:41:50;10452;49,99;
13:41:56;10444;49,99;
13:41:59;10420;49,99;
13:42:02;10448;49,99;
13:42:05;10440;49,98;
13:42:08;10448;49,98;
13:42:11;10412;49,98;
13:42:14;10448;49,98;
13:42:17;10444;49,98;
13:42:20;10448;49,98;
13:42:23;10416;49,98;
13:42:26;10452;49,99;
13:42:29;10440;50,00;
13:42:32;10448;49,99;
13:42:35;10420;50,00;
13:42:41;10444;50,00;
13:42:44;10448;49,99;
13:42:47;10428;49,99;
13:42:50;10440;49,98;
13:42:53;10448;49,99;
13:42:56;10452;49,99;
13:42:59;10456;49,99;
13:43:02;10444;50,00;
13:43:05;10456;50,00;
13:43:08;10448;50,00;
13:43:11;10456;50,00;
13:43:14;10416;50,00;
13:43:17;10448;50,00;
13:43:20;10444;50,00;
13:43:26;10416;49,99;
13:43:29;10448;50,00;
13:43:32;10440;50,00;
13:43:35;10448;50,00;
13:43:38;10408;50,00;
13:43:41;10444;50,00;
13:43:47;10440;50,01;
13:43:50;10412;50,00;
13:43:53;10444;50,00;
13:43:56;10436;50,00;
13:43:59;10444;50,00;
13:44:02;10408;50,00;
13:44:05;10444;50,00;
13:44:08;10444;49,99;
13:44:14;10404;50,00;
13:44:17;10440;50,00;
13:44:20;10436;50,00;
13:44:23;10440;50,00;
13:44:26;10408;49,99;
13:44:32;10436;49,99;
13:44:35;10440;49,99;
13:44:38;10404;49,99;
13:44:41;10436;49,99;
13:44:53;10416;49,99;
13:44:56;10432;50,00;
13:44:59;10428;50,00;
13:45:02;10420;50,00;
13:45:05;10404;50,00;
13:45:08;10416;50,00;
13:45:11;10420;50,00;
13:45:14;10424;50,00;
13:45:17;10416;50,00;
13:45:20;10408;49,99;
13:45:23;10416;49,99;
13:45:26;10376;49,98;
13:45:29;10412;49,98;
13:45:32;10404;49,98;
13:45:38;10376;49,98;
13:45:41;10408;49,98;
13:45:44;10404;49,99;
13:45:47;10408;50,00;
13:45:50;10392;50,00;
13:45:53;10408;50,00;
13:45:56;10416;50,00;
13:45:59;10412;50,01;
13:46:02;10396;50,01;
13:46:05;10380;50,01;
13:46:08;10400;50,01;
13:46:11;10396;50,01;
13:46:14;10404;50,01;
13:46:17;10368;50,01;
13:46:20;10404;50,01;
13:46:23;10396;50,00;
13:46:26;10400;50,00;
13:46:29;10364;50,00;
13:46:32;10396;50,00;
13:46:38;10396;50,01;
13:46:44;10396;50,00;
13:46:47;10388;49,99;
13:46:50;10396;49,99;
13:46:53;10360;49,98;
13:46:56;10396;49,99;
13:46:59;10388;49,98;
13:47:02;10392;49,99;
13:47:08;10392;50,00;
13:47:11;10384;49,99;
13:47:14;10392;50,00;
13:47:17;10356;50,00;
13:47:20;10388;50,00;
13:47:23;10384;50,00;
13:47:26;10388;50,00;
13:47:29;10352;49,99;
13:47:32;10384;49,99;
13:47:35;10376;50,00;
13:47:38;10380;50,00;
13:47:41;10344;50,01;
13:47:44;10376;50,00;
13:47:47;10380;50,01;
13:47:50;10372;50,01;
13:47:53;10352;50,00;
13:47:56;10368;50,00;
13:47:59;10376;50,01;
13:48:02;10376;50,00;
13:48:05;10368;50,01;
13:48:08;10352;50,00;
13:48:11;10372;50,00;
13:48:14;10368;50,00;
13:48:17;10372;50,00;
13:48:20;10344;49,99;
13:48:23;10376;50,00;
13:48:26;10368;50,00;
13:48:29;10376;50,00;
13:48:38;10368;50,00;
13:48:41;10372;50,00;
13:48:44;10340;50,00;
13:48:47;10372;50,00;
13:48:50;10360;50,00;
13:48:53;10372;50,00;
13:48:56;10376;50,00;
13:48:59;10376;50,01;
13:49:02;10364;50,01;
13:49:05;10372;50,01;
13:49:08;10336;50,00;
13:49:11;10376;50,00;
13:49:14;10368;50,00;
13:49:17;10376;50,00;
13:49:20;10340;50,00;
13:49:23;10368;50,00;
13:49:26;10360;50,00;
13:49:29;10364;50,00;
13:49:32;10328;50,00;
13:49:35;10360;50,00;
13:49:44;10320;50,00;
13:49:47;10352;50,00;
13:49:50;10344;49,99;
13:49:53;10352;49,99;
13:49:56;10320;49,99;
13:49:59;10348;49,99;
13:50:08;10312;49,99;
13:50:11;10344;49,99;
13:50:14;10332;50,00;
13:50:17;10340;50,00;
13:50:20;10308;50,00;
13:50:23;10340;50,00;
13:50:26;10336;49,99;
13:50:29;10344;49,99;
13:50:32;10308;49,98;
13:50:35;10340;49,98;
13:50:38;10336;49,98;
13:50:41;10348;49,99;
13:50:47;10352;50,00;
13:50:50;10344;49,99;
13:50:53;10348;49,99;
13:50:56;10328;49,99;
13:50:59;10344;49,98;
13:51:02;10340;49,98;
13:51:08;10344;49,98;
13:51:11;10344;49,99;
13:51:14;10348;50,00;
13:51:17;10352;50,00;
13:51:20;10360;50,00;
13:51:23;10348;50,00;
13:51:29;10340;50,01;
13:51:32;10348;50,01;
13:51:35;10344;50,01;
13:51:38;10340;50,01;
13:51:41;10348;50,01;
13:51:59;10316;50,01;
13:52:02;10348;50,01;
13:52:05;10336;50,00;
13:52:08;10344;50,01;
13:52:11;10312;50,01;
13:52:14;10340;50,01;
13:52:17;10332;50,01;
13:52:20;10340;50,01;
13:52:23;10296;50,00;
13:52:26;10340;50,00;
13:52:29;10328;50,00;
13:52:32;10336;50,01;
13:52:38;10336;50,00;
13:52:41;10328;50,00;
13:52:44;10332;50,00;
13:52:47;10300;50,00;
13:52:50;10332;50,01;
13:52:53;10324;50,01;
13:52:56;10332;50,01;
13:53:05;10328;50,01;
13:53:08;10332;50,00;
13:53:11;10324;50,01;
13:53:14;10332;50,01;
13:53:17;10328;50,00;
13:53:20;10320;50,00;
13:53:26;10316;50,00;
13:53:29;10312;49,99;
13:53:32;10312;50,00;
13:53:35;10308;50,00;
13:53:38;10312;50,00;
13:53:44;10312;50,01;
13:53:47;10276;50,01;
13:53:50;10312;50,00;
13:53:53;10308;50,00;
13:53:56;10316;50,01;
13:53:59;10292;50,00;
13:54:02;10308;50,00;
13:54:05;10316;50,00;
13:54:08;10312;50,00;
13:54:11;10304;50,00;
13:54:14;10316;50,00;
13:54:20;10312;50,00;
13:54:26;10280;50,00;
13:54:29;10312;50,00;
13:54:32;10308;50,00;
13:54:38;10308;49,99;
13:54:41;10304;49,99;
13:54:44;10308;49,99;
13:54:50;10304;49,99;
13:54:53;10308;49,99;
13:54:56;10300;49,99;
13:54:59;10304;49,99;
13:55:02;10300;50,00;
13:55:05;10304;50,00;
13:55:08;10296;50,00;
13:55:11;10300;50,00;
13:55:14;10304;50,00;
13:55:17;10300;50,00;
13:55:26;10304;50,00;
13:55:29;10300;50,00;
13:55:32;10296;50,00;
13:55:35;10304;50,00;
13:55:38;10300;50,00;
13:55:44;10300;49,99;
13:55:47;10308;50,00;
13:55:50;10308;49,99;
13:55:56;10312;49,99;
13:56:02;10304;50,00;
13:56:05;10312;50,00;
13:56:08;10308;50,00;
13:56:11;10316;50,00;
13:56:14;10308;50,01;
13:56:17;10292;50,01;
13:56:20;10308;50,01;
13:56:23;10320;50,00;
13:56:26;10292;50,01;
13:56:29;10316;50,01;
13:56:35;10312;50,01;
13:56:41;10316;50,00;
13:56:44;10312;50,00;
13:56:50;10312;49,99;
13:56:59;10304;50,00;
13:57:02;10316;50,00;
13:57:05;10312;50,00;
13:57:14;10316;50,00;
13:57:23;10308;50,00;
13:57:26;10320;50,00;
13:57:35;10320;50,01;
13:57:38;10316;50,00;
13:57:41;10320;50,01;
13:57:47;10320;50,00;
13:58:05;10292;50,00;
13:58:08;10320;50,00;
13:58:11;10324;50,00;
13:58:14;10324;50,01;
13:58:23;10320;50,01;
13:58:26;10324;50,01;
13:58:29;10296;50,01;
13:58:32;10320;50,01;
13:58:35;10320;50,00;
13:58:38;10324;50,00;
13:58:41;10320;50,00;
13:58:47;10316;50,00;
13:58:53;10324;50,00;
13:58:56;10320;50,00;
13:58:59;10320;50,01;
13:59:05;10312;50,01;
13:59:08;10316;50,01;
13:59:11;10312;50,01;
13:59:14;10312;50,00;
13:59:17;10300;50,00;
13:59:20;10316;50,00;
13:59:23;10300;50,00;
13:59:26;10316;50,00;
13:59:29;10288;50,00;
13:59:32;10312;50,01;
13:59:35;10308;50,01;
13:59:38;10308;50,02;
13:59:41;10280;50,01;
13:59:44;10304;50,02;
13:59:47;10292;50,01;
13:59:50;10304;50,01;
13:59:53;10276;50,00;
13:59:59;10288;50,00;
14:00:02;10304;50,00;
14:00:05;10276;50,01;
14:00:08;10300;50,00;
14:00:11;10292;50,00;
14:00:14;10308;50,00;
14:00:17;10304;50,00;
14:00:20;10280;50,00;
14:00:23;10284;50,00;
14:00:26;10300;50,00;
14:00:29;10272;50,00;
14:00:32;10296;50,00;
14:00:35;10276;50,00;
14:00:38;10292;50,00;
14:00:41;10288;50,00;
14:00:44;10288;50,01;
14:00:47;10268;50,01;
14:00:50;10284;50,00;
14:00:53;10256;50,00;
14:00:56;10280;50,00;
14:00:59;10272;50,00;
14:01:05;10284;50,00;
14:01:08;10272;50,02;
14:01:11;10276;50,02;
14:01:14;10268;50,02;
14:01:17;10272;50,02;
14:01:20;10252;50,03;
14:01:23;10264;50,03;
14:01:29;10268;50,03;
14:01:32;10244;50,02;
14:01:35;10268;50,02;
14:01:38;10248;50,01;
14:01:41;10268;50,01;
14:01:44;10240;50,01;
14:01:50;10252;50,01;
14:01:53;10264;50,01;
14:01:56;10240;50,01;
14:01:59;10264;50,02;
14:02:02;10244;50,02;
14:02:05;10264;50,01;
14:02:08;10244;50,01;
14:02:11;10252;50,01;
14:02:17;10256;50,01;
14:02:20;10228;50,01;
14:02:23;10252;50,01;
14:02:26;10236;50,01;
14:02:29;10244;50,01;
14:02:32;10248;50,01;
14:02:35;10252;50,00;
14:02:38;10236;50,01;
14:02:41;10256;50,01;
14:02:44;10232;50,01;
14:02:47;10256;50,01;
14:02:50;10240;50,00;
14:02:56;10236;50,00;
14:02:59;10260;50,00;
14:03:02;10244;49,99;
14:03:05;10260;49,99;
14:03:08;10232;49,99;
14:03:11;10252;49,98;
14:03:14;10256;49,98;
14:03:17;10240;49,98;
14:03:20;10232;49,98;
14:03:23;10256;49,98;
14:03:26;10236;49,98;
14:03:29;10252;49,98;
14:03:32;10232;49,98;
14:03:35;10256;49,97;
14:03:38;10256;49,98;
14:03:41;10248;49,98;
14:03:44;10228;49,98;
14:03:47;10244;49,98;
14:03:50;10228;49,97;
14:03:53;10244;49,97;
14:03:56;10224;49,96;
14:04:02;10228;49,96;
14:04:05;10244;49,96;
14:04:08;10232;49,96;
14:04:11;10240;49,96;
14:04:14;10232;49,96;
14:04:17;10232;49,97;
14:04:20;10244;49,96;
14:04:23;10232;49,97;
14:04:26;10232;49,96;
14:04:29;10216;49,96;
14:04:32;10236;49,96;
14:04:35;10216;49,96;
14:04:38;10236;49,96;
14:04:41;10216;49,96;
14:04:44;10232;49,96;
14:04:47;10212;49,96;
14:04:50;10232;49,96;
14:04:53;10212;49,97;
14:04:56;10232;49,96;
14:04:59;10212;49,97;
14:05:02;10232;49,97;
14:05:11;10212;49,98;
14:05:14;10232;49,97;
14:05:17;10212;49,97;
14:05:20;10236;49,98;
14:05:23;10216;49,97;
14:05:26;10240;49,98;
14:05:35;10224;49,98;
14:05:38;10244;49,98;
14:05:41;10224;49,99;
14:05:44;10248;49,99;
14:05:47;10228;49,99;
14:05:53;10224;49,99;
14:05:56;10248;49,99;
14:05:59;10224;49,99;
14:06:02;10244;49,99;
14:06:05;10220;49,98;
14:06:08;10232;49,99;
14:06:11;10236;49,98;
14:06:14;10224;49,98;
14:06:26;10220;49,99;
14:06:29;10224;49,98;
14:06:32;10204;49,99;
14:06:35;10224;49,99;
14:06:38;10204;49,99;
14:06:41;10224;49,99;
14:06:44;10200;49,99;
14:06:47;10200;49,98;
14:06:50;10220;49,99;
14:06:53;10192;49,99;
14:06:59;10200;49,99;
14:07:02;10220;50,00;
14:07:05;10196;50,00;
14:07:08;10212;50,00;
14:07:11;10200;50,00;
14:07:14;10208;50,00;
14:07:17;10212;50,00;
14:07:20;10200;50,00;
14:07:23;10204;50,00;
14:07:26;10152;50,00;
14:07:29;10200;49,99;
14:07:32;10180;49,99;
14:07:35;10200;49,99;
14:07:38;10180;49,99;
14:07:41;10196;49,99;
14:07:44;10172;49,99;
14:07:47;10196;49,99;
14:07:50;10176;50,00;
14:07:53;10192;50,00;
14:07:56;10172;50,00;
14:07:59;10192;50,00;
14:08:05;10196;49,99;
14:08:08;10176;49,99;
14:08:11;10192;49,99;
14:08:14;10172;49,99;
14:08:17;10196;49,98;
14:08:20;10172;49,98;
14:08:23;10192;49,98;
14:08:26;10196;49,98;
14:08:29;10192;49,99;
14:08:32;10172;49,99;
14:08:35;10192;50,00;
14:08:38;10172;49,99;
14:08:41;10192;49,99;
14:08:44;10172;49,99;
14:08:47;10192;49,99;
14:08:50;10168;49,99;
14:08:53;10196;49,98;
14:08:56;10176;49,98;
14:08:59;10196;49,98;
14:09:02;10180;49,98;
14:09:05;10200;49,99;
14:09:11;10204;49,99;
14:09:14;10188;49,99;
14:09:17;10200;49,99;
14:09:20;10188;49,98;
14:09:23;10200;49,98;
14:09:26;10196;49,98;
14:09:29;10188;49,98;
14:09:32;10196;49,98;
14:09:35;10204;49,98;
14:09:38;10204;49,99;
14:09:44;10208;50,00;
14:09:50;10192;50,01;
14:09:53;10192;50,00;
14:09:56;10212;50,00;
14:09:59;10216;50,00;
14:10:05;10192;49,99;
14:10:08;10212;49,98;
14:10:11;10192;49,98;
14:10:14;10208;49,98;
14:10:17;10208;49,97;
14:10:20;10212;49,96;
14:10:23;10188;49,96;
14:10:26;10204;49,96;
14:10:29;10184;49,96;
14:10:32;10204;49,96;
14:10:35;10180;49,96;
14:10:38;10204;49,96;
14:10:41;10180;49,97;
14:10:44;10200;49,97;
14:10:47;10180;49,97;
14:10:50;10200;49,97;
14:10:53;10176;49,97;
14:10:56;10204;49,97;
14:11:02;10196;49,98;
14:11:05;10176;49,98;
14:11:08;10196;49,98;
14:11:11;10180;49,98;
14:11:14;10196;49,98;
14:11:17;10176;49,97;
14:11:20;10184;49,97;
14:11:23;10188;49,97;
14:11:26;10184;49,97;
14:11:29;10160;49,97;
14:11:32;10184;49,97;
14:11:35;10168;49,97;
14:11:38;10184;49,97;
14:11:41;10152;49,97;
14:11:44;10176;49,97;
14:11:47;10160;49,98;
14:11:50;10180;49,98;
14:11:53;10156;49,99;
14:11:56;10172;49,99;
14:11:59;10156;49,99;
14:12:02;10176;49,99;
14:12:08;10176;49,98;
14:12:11;10160;49,98;
14:12:14;10172;49,98;
14:12:17;10156;49,97;
14:12:20;10176;49,97;
14:12:23;10168;49,98;
14:12:29;10180;49,98;
14:12:32;10180;49,97;
14:12:38;10184;49,97;
14:12:44;10180;49,97;
14:12:47;10176;49,97;
14:12:50;10164;49,97;
14:12:53;10176;49,97;
14:12:56;10184;49,97;
14:13:02;10176;49,96;
14:13:08;10180;49,96;
14:13:14;10184;49,96;
14:13:23;10188;49,96;
14:13:26;10184;49,96;
14:13:32;10164;49,96;
14:13:35;10184;49,96;
14:13:38;10180;49,97;
14:13:41;10180;49,98;
14:13:44;10184;49,98;
14:13:56;10168;49,98;
14:13:59;10180;49,98;
14:14:02;10176;49,98;
14:14:20;10164;49,98;
14:14:23;10172;49,98;
14:14:26;10164;49,98;
14:14:29;10172;49,98;
14:14:32;10168;49,98;
14:14:35;10172;49,98;
14:14:38;10168;49,98;
14:14:41;10144;49,98;
14:14:44;10172;49,98;
14:14:47;10168;49,98;
14:14:50;10172;49,98;
14:14:53;10172;49,99;
14:14:56;10168;49,99;
14:14:59;10168;50,00;
14:15:05;10168;49,99;
14:15:11;10164;49,98;
14:15:17;10160;49,98;
14:15:20;10164;49,98;
14:15:23;10148;49,98;
14:15:26;10160;49,98;
14:15:35;10160;49,99;
14:15:38;10160;49,98;
14:15:41;10156;49,99;
14:15:47;10144;50,00;
14:15:50;10160;50,00;
14:15:53;10164;50,00;
14:15:59;10168;50,00;
14:16:02;10160;50,00;
14:16:05;10156;50,00;
14:16:11;10152;50,00;
14:16:17;10156;50,00;
14:16:26;10152;49,99;
14:16:29;10120;49,99;
14:16:32;10148;49,99;
14:16:35;10148;50,00;
14:16:38;10148;49,99;
14:16:41;10152;49,99;
14:16:44;10148;49,99;
14:16:50;10144;49,99;
14:16:53;10116;49,99;
14:16:56;10144;49,99;
14:16:59;10148;50,00;
14:17:02;10140;50,01;
14:17:05;10136;50,01;
14:17:11;10132;50,01;
14:17:17;10128;49,99;
14:17:29;10108;49,98;
14:17:32;10120;49,98;
14:17:35;10116;49,97;
14:17:38;10108;49,96;
14:17:41;10092;49,96;
14:17:44;10120;49,97;
14:17:47;10108;49,98;
14:17:50;10120;49,98;
14:17:53;10100;49,98;
14:17:56;10128;49,98;
14:17:59;10132;49,99;
14:18:02;10132;50,00;
14:18:05;10108;50,00;
14:18:08;10140;50,00;
14:18:11;10124;49,99;
14:18:14;10140;49,98;
14:18:17;10112;49,98;
14:18:23;10124;49,98;
14:18:26;10132;49,98;
14:18:29;10100;49,98;
14:18:32;10132;49,98;
14:18:35;10124;49,99;
14:18:38;10136;50,00;
14:18:41;10140;50,00;
14:18:44;10112;50,00;
14:18:47;10120;50,00;
14:18:50;10136;50,00;
14:18:53;10104;50,00;
14:18:56;10136;50,00;
14:18:59;10108;50,00;
14:19:02;10128;50,00;
14:19:05;10124;50,01;
14:19:08;10124;50,00;
14:19:11;10124;50,01;
14:19:14;10120;50,01;
14:19:17;10116;50,00;
14:19:26;10104;50,00;
14:19:29;10112;50,00;
14:19:32;10100;50,00;
14:19:35;10116;50,00;
14:19:38;10096;50,00;
14:19:41;10112;50,01;
14:19:44;10088;50,00;
14:19:47;10112;49,99;
14:19:50;10108;49,99;
14:19:53;10100;49,98;
14:19:56;10072;49,98;
14:19:59;10100;49,98;
14:20:02;10084;49,98;
14:20:05;10100;49,98;
14:20:08;10076;49,99;
14:20:14;10076;50,00;
14:20:17;10096;49,99;
14:20:20;10072;49,98;
14:20:23;10096;49,98;
14:20:26;10076;49,98;
14:20:29;10092;49,98;
14:20:35;10064;49,98;
14:20:38;10072;49,98;
14:20:41;10084;49,98;
14:20:44;10060;49,97;
14:20:47;10080;49,97;
14:20:50;10060;49,97;
14:20:53;10080;49,98;
14:20:59;10076;49,99;
14:21:02;10056;49,99;
14:21:05;10076;49,99;
14:21:08;10048;49,99;
14:21:11;10068;49,99;
14:21:14;10048;49,98;
14:21:20;10036;49,98;
14:21:23;10056;49,98;
14:21:26;10040;49,99;
14:21:29;10060;49,98;
14:21:32;10032;49,99;
14:21:35;10060;49,98;
14:21:41;10040;49,99;
14:21:44;10028;49,98;
14:21:47;10056;49,99;
14:21:50;10032;49,98;
14:21:53;10048;49,99;
14:21:56;10020;49,98;
14:21:59;10044;49,98;
14:22:02;10040;49,98;
14:22:05;10040;49,99;
14:22:08;10016;50,00;
14:22:11;10040;50,00;
14:22:14;10024;50,00;
14:22:17;10040;50,00;
14:22:20;10016;50,00;
14:22:26;10012;49,99;
14:22:29;10020;49,98;
14:22:32;10012;49,98;
14:22:35;10004;49,98;
14:22:38;10008;49,98;
14:22:41;10004;49,98;
14:22:44;10008;49,98;
14:22:50;10008;49,99;
14:22:53;9988;49,99;
14:22:56;10000;49,99;
14:22:59;9976;49,98;
14:23:02;10004;49,99;
14:23:05;9984;49,99;
14:23:08;10000;49,99;
14:23:11;9976;49,99;
14:23:14;10004;49,99;
14:23:17;9988;49,99;
14:23:20;10008;50,00;
14:23:23;9980;50,00;
14:23:26;10008;50,00;
14:23:32;10012;50,00;
14:23:35;9984;50,00;
14:23:38;10012;50,00;
14:23:41;10000;50,00;
14:23:44;10008;50,00;
14:23:47;9972;50,00;
14:23:50;10000;50,00;
14:23:59;9968;50,00;
14:24:02;9996;50,00;
14:24:05;9980;50,00;
14:24:08;9992;50,00;
14:24:11;9964;50,00;
14:24:17;9980;49,99;
14:24:20;9992;49,99;
14:24:23;9960;49,99;
14:24:26;9988;49,99;
14:24:29;9980;49,99;
14:24:32;9984;49,99;
14:24:35;9988;49,99;
14:24:38;9976;50,00;
14:24:41;9988;50,01;
14:24:44;9984;50,01;
14:24:50;9956;50,00;
14:24:53;9988;50,00;
14:24:56;9972;50,00;
14:24:59;9988;50,00;
14:25:02;9952;49,99;
14:25:05;9968;49,99;
14:25:08;9980;49,99;
14:25:11;9944;49,99;
14:25:14;9972;49,99;
14:25:17;9960;49,98;
14:25:23;9948;49,98;
14:25:26;9968;49,98;
14:25:29;9956;49,99;
14:25:32;9964;49,99;
14:25:35;9952;49,99;
14:25:38;9956;49,99;
14:25:41;9964;49,99;
14:25:44;9960;49,99;
14:25:47;9960;49,98;
14:25:50;9940;49,98;
14:25:53;9968;49,98;
14:25:56;9952;49,98;
14:25:59;9964;49,98;
14:26:02;9932;49,98;
14:26:05;9968;49,99;
14:26:08;9952;50,00;
14:26:11;9976;50,00;
14:26:14;9944;50,00;
14:26:17;9984;50,01;
14:26:20;9972;50,01;
14:26:23;9968;50,00;
14:26:29;9964;50,00;
14:26:32;9952;50,00;
14:26:35;9968;50,00;
14:26:38;9928;50,00;
14:26:41;9968;50,00;
14:26:44;9956;50,00;
14:26:47;9968;49,99;
14:26:53;9972;50,00;
14:26:56;9964;50,00;
14:26:59;9976;50,00;
14:27:02;9956;50,00;
14:27:05;9980;50,00;
14:27:08;9964;49,99;
14:27:11;9976;49,99;
14:27:14;9952;49,99;
14:27:17;9976;49,99;
14:27:20;9964;49,98;
14:27:23;9976;49,98;
14:27:26;9960;49,98;
14:27:29;9976;49,98;
14:27:38;9968;49,97;
14:27:41;9972;49,97;
14:27:47;9972;49,98;
14:27:50;9968;49,98;
14:27:53;9956;49,98;
14:27:56;9972;49,98;
14:27:59;9968;49,98;
14:28:11;9948;49,98;
14:28:14;9964;49,98;
14:28:20;9960;49,98;
14:28:23;9940;49,98;
14:28:26;9956;49,98;
14:28:29;9936;49,98;
14:28:32;9956;49,97;
14:28:35;9936;49,97;
14:28:38;9948;49,97;
14:28:41;9952;49,97;
14:28:44;9944;49,98;
14:28:47;9924;49,99;
14:28:50;9944;49,99;
14:28:53;9920;49,99;
14:28:56;9944;50,00;
14:28:59;9932;50,00;
14:29:02;9952;50,00;
14:29:05;9924;50,01;
14:29:08;9936;50,00;
14:29:11;9920;50,00;
14:29:14;9932;50,00;
14:29:17;9908;50,00;
14:29:20;9932;50,00;
14:29:26;9928;49,99;
14:29:29;9920;49,99;
14:29:32;9924;49,98;
14:29:35;9912;49,98;
14:29:38;9924;49,98;
14:29:41;9896;49,99;
14:29:44;9920;49,98;
14:29:47;9920;49,99;
14:29:50;9916;49,99;
14:29:53;9892;49,99;
14:29:56;9912;49,99;
14:29:59;9892;49,99;
14:30:02;9908;49,99;
14:30:05;9880;49,99;
14:30:08;9908;49,98;
14:30:11;9892;49,98;
14:30:14;9904;49,98;
14:30:17;9880;49,98;
14:30:20;9908;49,98;
14:30:23;9892;49,97;
14:30:26;9912;49,97;
14:30:32;9916;49,97;
14:30:35;9904;49,97;
14:30:38;9916;49,97;
14:30:41;9904;49,97;
14:30:44;9920;49,97;
14:30:47;9916;49,97;
14:30:50;9908;49,98;
14:30:53;9916;49,98;
14:31:02;9920;49,98;
14:31:08;9912;49,98;
14:31:11;9916;49,98;
14:31:14;9900;49,98;
14:31:17;9916;49,97;
14:31:23;9920;49,97;
14:31:26;9920;49,96;
14:31:29;9920;49,97;
14:31:38;9916;49,97;
14:31:41;9916;49,96;
14:31:47;9916;49,97;
14:31:50;9916;49,98;
14:31:56;9892;49,99;
14:31:59;9916;49,99;
14:32:02;9920;49,98;
14:32:05;9916;49,98;
14:32:20;9892;49,98;
14:32:23;9916;49,98;
14:32:29;9920;49,98;
14:32:32;9920;49,97;
14:32:35;9916;49,97;
14:32:38;9908;49,98;
14:32:44;9912;49,98;
14:32:50;9908;49,98;
14:32:53;9908;49,99;
14:32:56;9904;49,99;
14:33:02;9804;49,99;
14:33:05;9868;49,99;
14:33:08;9876;49,99;
14:33:11;9872;49,98;
14:33:17;9868;49,98;
14:33:20;9884;49,98;
14:33:23;9880;49,97;
14:33:29;9884;49,96;
14:33:35;9884;49,97;
14:33:38;9880;49,97;
14:33:47;9860;49,97;
14:33:50;9880;49,97;
14:33:53;9880;49,96;
14:33:56;9876;49,96;
14:33:59;9872;49,97;
14:34:11;9852;49,97;
14:34:14;9876;49,97;
14:34:17;9872;49,97;
14:34:26;9868;49,97;
14:34:35;9864;49,97;
14:34:38;9864;49,96;
14:34:41;9860;49,97;
14:34:53;9840;49,98;
14:34:56;9860;49,98;
14:34:59;9852;49,98;
14:35:02;9856;49,97;
14:35:05;9852;49,98;
14:35:11;9848;49,98;
14:35:14;9852;49,98;
14:35:17;9832;49,98;
14:35:20;9844;49,98;
14:35:23;9844;49,97;
14:35:26;9848;49,97;
14:35:29;9844;49,97;
14:35:35;9840;49,98;
14:35:41;9836;49,98;
14:35:44;9844;49,98;
14:35:47;9828;49,98;
14:35:50;9840;49,98;
14:35:53;9828;49,98;
14:35:56;9840;49,98;
14:36:02;9816;49,98;
14:36:05;9820;49,98;
14:36:08;9840;49,98;
14:36:11;9808;49,97;
14:36:14;9836;49,97;
14:36:17;9816;49,96;
14:36:20;9832;49,96;
14:36:23;9828;49,96;
14:36:29;9812;49,96;
14:36:32;9828;49,96;
14:36:35;9796;49,96;
14:36:38;9820;49,96;
14:36:41;9800;49,96;
14:36:47;9784;49,96;
14:36:50;9816;49,96;
14:36:53;9800;49,96;
14:36:56;9812;49,96;
14:36:59;9784;49,97;
14:37:02;9808;49,97;
14:37:05;9808;49,98;
14:37:08;9792;49,98;
14:37:11;9780;49,98;
14:37:14;9808;49,98;
14:37:17;9808;49,97;
14:37:20;9804;49,98;
14:37:23;9804;49,97;
14:37:26;9800;49,98;
14:37:32;9800;49,97;
14:37:35;9796;49,96;
14:37:38;9796;49,97;
14:37:41;9796;49,96;
14:37:44;9792;49,97;
14:37:47;9796;49,98;
14:37:50;9784;49,98;
14:37:59;9792;49,98;
14:38:02;9772;49,98;
14:38:05;9792;49,98;
14:38:08;9776;49,98;
14:38:11;9796;49,98;
14:38:14;9792;49,98;
14:38:20;9772;49,97;
14:38:23;9792;49,98;
14:38:26;9764;49,97;
14:38:29;9792;49,97;
14:38:32;9772;49,97;
14:38:38;9760;49,96;
14:38:41;9784;49,96;
14:38:44;9760;49,96;
14:38:47;9780;49,96;
14:38:50;9756;49,96;
14:38:53;9780;49,97;
14:38:59;9756;49,97;
14:39:02;9748;49,98;
14:39:05;9772;49,98;
14:39:07;9752;49,98;
14:39:09;9764;49,98;
14:39:13;9736;49,98;
14:39:16;9760;49,97;
14:39:26;9732;49,97;
14:39:29;9760;49,96;
14:39:32;9736;49,98;
14:39:35;9756;49,98;
14:39:37;9736;49,99;
14:39:43;9760;49,98;
14:39:45;9756;49,98;
14:39:50;9732;49,98;
14:39:52;9756;49,98;
14:39:54;9740;49,99;
14:39:57;9752;49,99;
14:40:04;9728;49,99;
14:40:07;9752;49,98;
14:40:10;9748;49,98;
14:40:12;9744;49,98;
14:40:14;9740;49,98;
14:40:17;9724;49,98;
14:40:24;9744;49,98;
14:40:26;9736;49,98;
14:40:28;9736;49,99;
14:40:39;9716;50,00;
14:40:42;9740;50,00;
14:40:45;9728;50,00;
14:40:48;9732;50,00;
14:40:51;9724;49,99;
14:40:54;9732;49,99;
14:40:56;9728;49,99;
14:40:58;9728;49,98;
14:41:05;9708;49,98;
14:41:07;9732;49,98;
14:41:09;9728;49,98;
14:41:15;9728;49,99;
14:41:23;9704;49,98;
14:41:26;9720;49,98;
14:41:29;9692;49,97;
14:41:32;9716;49,97;
14:41:35;9704;49,97;
14:41:38;9724;49,97;
14:41:40;9696;49,98;
14:41:42;9720;49,98;
14:41:56;9692;49,98;
14:41:59;9708;49,99;
14:42:01;9724;49,99;
14:42:03;9700;49,98;
14:42:10;9724;49,98;
14:42:12;9720;49,98;
14:42:20;9716;49,98;
14:42:22;9704;49,98;
14:42:24;9720;49,98;
14:42:27;9720;49,97;
14:42:31;9692;49,97;
14:42:34;9720;49,98;
14:42:37;9696;49,98;
14:42:40;9716;49,98;
14:42:42;9712;49,98;
14:42:44;9708;49,98;
14:42:47;9700;49,99;
14:42:50;9704;49,99;
14:42:54;9688;49,99;
14:42:57;9700;49,98;
14:43:04;9704;49,98;
14:43:07;9688;49,98;
14:43:10;9700;49,98;
14:43:14;9680;49,98;
14:43:17;9696;49,98;
14:43:20;9668;49,98;
14:43:23;9696;49,98;
14:43:26;9680;49,98;
14:43:30;9692;49,98;
14:43:33;9696;49,98;
14:43:36;9692;49,98;
14:43:46;9664;49,98;
14:43:49;9668;49,98;
14:43:52;9692;49,98;
14:43:55;9660;49,99;
14:43:57;9688;49,98;
14:44:04;9692;49,98;
14:44:20;9688;49,98;
14:44:24;9692;49,96;
14:44:27;9672;49,96;
14:44:30;9688;49,96;
14:44:34;9688;49,97;
14:44:37;9668;49,97;
14:44:39;9688;49,98;
14:44:42;9680;49,98;
14:44:57;9672;49,98;
14:45:00;9672;49,99;
14:45:06;9668;49,99;
14:45:10;9664;49,98;
14:45:14;9664;49,99;
14:45:17;9660;49,99;
14:45:20;9628;49,99;
14:45:21;9660;50,00;
14:45:25;9640;50,00;
14:45:27;9656;50,00;
14:45:29;9632;50,00;
14:45:35;9656;50,00;
14:45:37;9628;49,99;
14:45:39;9648;49,99;
14:45:45;9644;49,99;
14:45:47;9632;49,99;
14:45:55;9640;49,99;
14:45:57;9628;49,99;
14:45:59;9636;49,98;
14:46:02;9640;49,99;
14:46:07;9632;49,99;
14:46:11;9640;49,99;
14:46:15;9624;49,99;
14:46:24;9624;49,98;
14:46:27;9648;49,98;
14:46:30;9660;49,98;
14:46:32;9628;49,98;
14:46:40;9648;49,99;
14:46:44;9624;49,99;
14:46:47;9628;49,99;
14:46:49;9656;50,00;
14:46:52;9628;50,00;
14:46:55;9648;50,00;
14:46:57;9636;49,99;
14:47:00;9648;49,99;
14:47:07;9652;49,98;
14:47:11;9636;49,98;
14:47:14;9668;49,98;
14:47:15;9652;49,98;
14:47:22;9640;49,97;
14:47:25;9660;49,97;
14:47:27;9632;49,97;
14:47:30;9664;49,98;
14:47:37;9648;49,98;
14:47:40;9620;49,99;
14:47:42;9644;49,99;
14:47:47;9632;49,99;
14:47:49;9648;49,98;
14:47:52;9628;49,99;
14:47:54;9636;49,98;
14:47:58;9624;49,98;
14:48:02;9628;49,98;
14:48:05;9612;49,98;
14:48:10;9620;49,98;
14:48:14;9600;49,98;
14:48:17;9612;49,99;
14:48:20;9612;49,98;
14:48:27;9608;49,99;
14:48:30;9604;49,99;
14:48:31;9600;49,98;
14:48:38;9616;49,98;
14:48:42;9572;49,97;
14:48:45;9596;49,97;
14:48:47;9580;49,98;
14:48:51;9596;49,98;
14:48:54;9572;49,98;
14:48:55;9576;49,98;
14:49:07;9556;49,98;
14:49:11;9572;49,99;
14:49:14;9564;49,99;
14:49:15;9548;50,00;
14:49:22;9572;50,00;
14:49:26;9576;49,99;
14:49:35;9580;49,99;
14:49:39;9564;49,99;
14:49:42;9552;49,98;
14:49:47;9576;49,98;
14:49:51;9584;49,98;
14:49:54;9552;49,98;
14:49:55;9580;49,98;
14:50:02;9584;49,99;
14:50:07;9552;49,98;
14:50:11;9584;49,99;
14:50:15;9592;49,99;
14:50:20;9548;49,99;
14:50:23;9580;49,99;
14:50:27;9580;50,00;
14:50:30;9556;50,00;
14:50:33;9584;50,00;
14:50:37;9564;50,00;
14:50:39;9568;50,00;
14:50:45;9580;50,00;
14:50:47;9552;49,99;
14:50:51;9560;50,00;
14:50:55;9548;50,00;
14:50:59;9556;50,00;
14:51:02;9552;50,01;
14:51:09;9536;50,01;
14:51:12;9568;50,00;
14:51:15;9548;50,00;
14:51:19;9556;50,00;
14:51:22;9560;49,99;
14:51:26;9552;49,99;
14:51:29;9532;49,98;
14:51:30;9528;49,97;
14:51:37;9552;49,98;
14:51:39;9548;49,98;
14:51:45;9520;49,98;
14:51:47;9548;49,98;
14:51:53;9520;49,98;
14:51:57;9512;49,98;
14:51:59;9540;49,98;
14:52:05;9536;49,98;
14:52:07;9508;49,97;
14:52:14;9516;49,98;
14:52:17;9536;49,98;
14:52:19;9508;49,97;
14:52:26;9528;49,97;
14:52:30;9520;49,97;
14:52:34;9516;49,96;
14:52:39;9496;49,97;
14:52:40;9524;49,97;
14:52:47;9508;49,97;
14:52:51;9504;49,98;
14:52:55;9508;49,98;
14:53:00;9500;49,98;
14:53:07;9512;49,98;
14:53:11;9504;49,98;
14:53:14;9496;49,98;
14:53:27;9500;49,98;
14:53:30;9504;49,98;
14:53:33;9460;49,98;
14:53:37;9488;49,98;
14:53:41;9476;49,98;
14:53:44;9456;49,98;
14:53:45;9500;49,99;
14:53:52;9488;49,98;
14:53:56;9484;49,98;
14:53:59;9480;49,98;
14:54:02;9492;49,98;
14:54:06;9480;49,98;
14:54:12;9488;49,98;
14:54:16;9484;49,99;
14:54:28;9480;49,98;
14:54:35;9452;49,98;
14:54:38;9480;49,98;
14:54:41;9464;49,98;
14:54:45;9476;49,98;
14:54:50;9488;49,98;
14:54:54;9460;49,99;
14:54:57;9476;49,99;
14:55:00;9472;50,00;
14:55:01;9468;50,00;
14:55:05;9456;50,00;
14:55:14;9468;50,00;
14:55:17;9448;50,00;
14:55:20;9456;50,00;
14:55:21;9428;50,00;
14:55:27;9464;50,00;
14:55:31;9460;50,00;
14:55:42;9440;50,00;
14:55:45;9460;50,00;
14:55:48;9428;50,00;
14:55:51;9460;50,00;
14:55:54;9460;49,99;
14:55:55;9456;49,99;
14:56:02;9444;49,99;
14:56:08;9448;49,99;
14:56:12;9444;50,00;
14:56:15;9424;50,00;
14:56:19;9444;50,00;
14:56:25;9412;50,00;
14:56:29;9444;50,00;
14:56:32;9436;50,00;
14:56:35;9444;50,00;
14:56:38;9456;50,00;
14:56:41;9448;50,01;
14:56:45;9436;50,01;
14:56:49;9456;50,01;
14:56:52;9444;50,00;
14:56:56;9436;50,00;
14:57:00;9440;50,00;
14:57:04;9408;50,00;
14:57:07;9440;50,00;
14:57:13;9404;50,00;
14:57:17;9440;50,00;
14:57:21;9444;50,00;
14:57:24;9448;49,99;
14:57:27;9448;49,98;
14:57:31;9404;49,98;
14:57:34;9444;49,98;
14:57:37;9388;49,98;
14:57:38;9424;49,99;
14:57:46;9428;50,00;
14:57:50;9388;50,00;
14:57:54;9424;49,99;
14:57:57;9412;49,99;
14:58:00;9420;49,98;
14:58:01;9380;49,99;
14:58:07;9412;49,99;
14:58:09;9416;49,99;
14:58:12;9428;49,98;
14:58:16;9432;49,98;
14:58:19;9396;49,98;
14:58:22;9428;49,97;
14:58:28;9400;49,97;
14:58:31;9392;49,97;
14:58:34;9424;49,98;
14:58:37;9396;49,98;
14:58:38;9420;49,98;
14:58:45;9420;49,97;
14:58:54;9416;49,97;
14:58:57;9408;49,97;
14:59:00;9416;49,96;
14:59:03;9408;49,96;
14:59:06;9408;49,97;
14:59:09;9392;49,97;
14:59:12;9388;49,97;
14:59:15;9400;49,97;
14:59:18;9408;49,97;
14:59:21;9376;49,97;
14:59:25;9404;49,97;
14:59:28;9344;49,97;
14:59:31;9384;49,96;
14:59:34;9400;49,96;
14:59:37;9376;49,96;
14:59:40;9324;49,96;
14:59:43;9372;49,96;
14:59:46;9368;49,96;
14:59:49;9384;49,97;
14:59:52;9356;49,97;
14:59:58;9352;49,97;
15:00:01;9380;49,98;
15:00:04;9356;49,98;
15:00:07;9380;49,98;
15:00:10;9340;49,97;
15:00:13;9372;49,96;
15:00:16;9380;49,96;
15:00:19;9356;49,96;
15:00:20;9332;49,96;
15:00:26;9368;49,96;
15:00:29;9352;49,96;
15:00:32;9364;49,96;
15:00:35;9324;49,96;
15:00:38;9364;49,96;
15:00:44;9352;49,97;
15:00:47;9312;49,97;
15:00:50;9356;49,98;
15:00:53;9348;49,98;
15:00:56;9340;49,98;
15:00:59;9304;49,98;
15:01:02;9344;49,98;
15:01:08;9348;49,99;
15:01:11;9324;49,99;
15:01:14;9344;49,99;
15:01:17;9340;49,99;
15:01:26;9328;49,98;
15:01:29;9324;49,98;
15:01:32;9324;49,97;
15:01:38;9320;49,97;
15:01:41;9320;49,98;
15:01:44;9312;49,98;
15:01:47;9316;49,98;
15:01:50;9304;49,98;
15:01:53;9308;49,98;
15:01:56;9304;49,99;
15:01:59;9308;49,99;
15:02:02;9308;50,00;
15:02:05;9312;50,00;
15:02:08;9268;50,00;
15:02:11;9308;50,00;
15:02:23;9308;49,99;
15:02:26;9300;49,99;
15:02:32;9296;49,98;
15:02:35;9308;49,99;
15:02:38;9300;50,00;
15:02:41;9304;50,00;
15:02:44;9296;50,00;
15:02:47;9292;50,00;
15:02:50;9276;50,00;
15:02:53;9304;50,00;
15:02:56;9292;50,00;
15:02:59;9284;50,00;
15:03:02;9292;50,00;
15:03:05;9288;50,00;
15:03:08;9292;50,00;
15:03:11;9296;50,00;
15:03:14;9260;50,00;
15:03:17;9276;50,00;
15:03:20;9280;50,01;
15:03:23;9272;50,00;
15:03:26;9268;50,00;
15:03:32;9276;50,00;
15:03:38;9264;50,01;
15:03:41;9280;50,01;
15:03:44;9264;50,01;
15:03:56;9216;50,00;
15:03:59;9264;50,00;
15:04:02;9252;50,00;
15:04:08;9236;50,00;
15:04:11;9244;50,00;
15:04:14;9240;50,00;
15:04:17;9252;50,00;
15:04:20;9232;50,00;
15:04:23;9156;50,00;
15:04:26;9128;49,99;
15:04:29;9208;49,99;
15:04:32;9204;49,99;
15:04:35;9208;49,99;
15:04:38;9256;49,99;
15:04:41;9224;49,99;
15:04:44;9240;49,99;
15:04:47;9236;49,99;
15:04:50;9236;50,00;
15:04:53;9252;50,00;
15:04:56;9224;50,00;
15:04:59;9248;50,00;
15:05:02;9244;50,00;
15:05:05;9208;50,00;
15:05:08;9240;50,00;
15:05:11;9236;50,00;
15:05:14;9240;50,00;
15:05:17;9232;50,00;
15:05:32;9228;50,00;
15:05:35;9232;50,00;
15:05:38;9236;50,00;
15:05:41;9220;50,00;
15:05:44;9232;50,00;
15:05:47;9176;50,00;
15:05:50;9228;50,00;
15:05:53;9216;50,00;
15:05:56;9228;50,00;
15:05:59;9228;50,01;
15:06:05;9220;50,00;
15:06:08;9232;50,00;
15:06:11;9188;50,00;
15:06:14;9224;49,99;
15:06:17;9208;49,99;
15:06:20;9224;49,99;
15:06:23;9176;49,99;
15:06:26;9212;49,99;
15:06:29;9188;49,99;
15:06:35;9156;50,00;
15:06:38;9200;50,00;
15:06:41;9188;50,00;
15:06:44;9208;50,00;
15:06:47;9152;50,00;
15:06:50;9212;50,00;
15:06:56;9184;50,00;
15:06:59;9144;49,99;
15:07:02;9184;49,99;
15:07:05;9188;49,98;
15:07:08;9184;49,98;
15:07:11;9168;49,98;
15:07:14;9184;49,98;
15:07:17;9180;49,99;
15:07:20;9192;49,99;
15:07:23;9144;49,99;
15:07:26;9180;49,99;
15:07:29;9168;49,99;
15:07:32;9176;49,98;
15:07:35;9124;49,98;
15:07:41;9160;49,98;
15:07:44;9168;49,98;
15:07:47;9120;49,99;
15:07:50;9180;49,99;
15:07:53;9152;49,99;
15:07:56;9164;49,99;
15:07:59;9168;49,98;
15:08:02;9116;49,98;
15:08:05;9148;49,97;
15:08:08;9164;49,97;
15:08:11;9116;49,97;
15:08:14;9172;49,97;
15:08:17;9144;49,96;
15:08:20;9156;49,96;
15:08:23;9168;49,96;
15:08:26;9164;49,96;
15:08:29;9132;49,96;
15:08:32;9156;49,96;
15:08:35;9096;49,96;
15:08:38;9156;49,96;
15:08:41;9124;49,96;
15:08:47;9084;49,98;
15:08:50;9148;49,98;
15:08:53;9112;49,98;
15:08:56;9132;49,98;
15:08:59;9124;49,98;
15:09:02;9128;49,98;
15:09:05;9132;49,98;
15:09:08;9104;49,98;
15:09:11;9136;49,98;
15:09:14;9128;49,98;
15:09:17;9136;49,97;
15:09:20;9112;49,97;
15:09:23;9124;49,97;
15:09:26;9076;49,97;
15:09:32;9112;49,97;
15:09:35;9124;49,97;
15:09:38;9108;49,97;
15:09:41;9132;49,97;
15:09:44;9080;49,98;
15:09:47;9128;49,98;
15:09:53;9104;49,97;
15:09:56;9080;49,98;
15:09:59;9124;49,98;
15:10:02;9100;49,98;
15:10:05;9128;49,98;
15:10:08;9076;49,98;
15:10:11;9124;49,98;
15:10:17;9120;49,98;
15:10:20;9068;49,98;
15:10:23;9112;49,98;
15:10:26;9104;49,98;
15:10:29;9124;49,98;
15:10:32;9068;49,98;
15:10:38;9104;49,98;
15:10:41;9124;49,98;
15:10:44;9068;49,98;
15:10:47;9128;49,98;
15:10:50;9108;49,98;
15:10:53;9124;49,98;
15:10:56;9128;49,98;
15:10:59;9068;49,98;
15:11:02;9108;49,98;
15:11:05;9128;49,97;
15:11:08;9068;49,97;
15:11:11;9120;49,97;
15:11:14;9108;49,97;
15:11:17;9128;49,97;
15:11:20;9124;49,97;
15:11:23;9084;49,96;
15:11:26;9112;49,96;
15:11:29;9108;49,96;
15:11:35;9056;49,96;
15:11:38;9116;49,96;
15:11:44;9116;49,97;
15:11:47;9056;49,97;
15:11:50;9112;49,96;
15:11:53;9096;49,96;
15:11:56;9116;49,96;
15:11:59;9044;49,96;
15:12:02;9104;49,96;
15:12:08;9052;49,97;
15:12:11;9096;49,97;
15:12:14;9096;49,98;
15:12:17;9112;49,98;
15:12:20;9072;49,98;
15:12:26;9108;49,98;
15:12:29;9100;49,97;
15:12:32;9100;49,98;
15:12:35;9044;49,97;
15:12:38;9100;49,97;
15:12:41;9084;49,97;
15:12:44;9100;49,97;
15:12:50;9088;49,97;
15:12:53;9080;49,97;
15:12:56;9096;49,97;
15:12:59;9032;49,98;
15:13:02;9088;49,98;
15:13:05;9072;49,99;
15:13:08;9084;49,99;
15:13:17;9064;49,98;
15:13:20;9084;49,98;
15:13:23;9020;49,98;
15:13:26;9076;49,98;
15:13:29;9060;49,98;
15:13:35;9012;49,97;
15:13:38;9080;49,97;
15:13:41;9052;49,97;
15:13:44;9068;49,98;
15:13:47;9008;49,98;
15:13:50;9068;49,98;
15:13:53;9064;49,98;
15:13:56;9048;49,99;
15:13:59;8996;49,98;
15:14:02;9060;49,98;
15:14:05;9040;49,98;
15:14:08;9056;49,98;
15:14:11;8996;49,98;
15:14:14;9048;49,98;
15:14:17;9056;49,98;
15:14:20;9052;49,98;
15:14:23;9024;49,98;
15:14:26;9016;49,98;
15:14:29;9040;49,99;
15:14:32;9036;49,99;
15:14:35;9044;49,98;
15:14:41;9040;49,97;
15:14:44;9020;49,98;
15:14:47;9036;49,98;
15:14:50;8968;49,98;
15:14:53;9032;49,98;
15:14:56;9012;49,99;
15:14:59;9028;49,98;
15:15:05;9024;49,99;
15:15:08;9004;49,99;
15:15:11;9020;49,99;
15:15:14;8956;49,99;
15:15:17;9016;49,99;
15:15:20;8996;49,98;
15:15:23;9016;49,99;
15:15:26;8964;49,98;
15:15:29;9008;49,99;
15:15:32;8988;49,98;
15:15:35;9000;49,98;
15:15:38;8936;49,98;
15:15:41;9004;49,98;
15:15:47;9000;49,98;
15:15:50;8932;49,98;
15:15:53;9000;49,98;
15:15:56;8980;49,98;
15:15:59;9000;49,99;
15:16:02;8932;49,98;
15:16:05;8996;49,99;
15:16:11;8992;49,99;
15:16:14;8940;49,99;
15:16:17;8988;49,99;
15:16:20;8976;49,98;
15:16:23;8992;49,98;
15:16:26;8964;49,98;
15:16:29;8956;49,98;
15:16:32;8984;49,98;
15:16:35;8988;49,98;
15:16:38;8984;49,98;
15:16:41;8984;49,99;
15:16:44;8968;49,99;
15:16:47;8984;50,00;
15:16:53;8992;50,00;
15:16:56;8968;50,00;
15:16:59;8984;50,00;
15:17:02;8916;50,00;
15:17:05;8988;50,00;
15:17:08;8964;50,00;
15:17:11;8980;50,00;
15:17:17;8984;50,00;
15:17:20;8964;50,00;
15:17:23;8980;50,00;
15:17:26;8948;50,00;
15:17:29;8972;50,01;
15:17:32;8964;50,00;
15:17:35;8960;50,00;
15:17:38;8968;50,00;
15:17:47;8968;50,01;
15:17:50;8964;50,00;
15:18:02;8960;50,00;
15:18:05;8888;50,00;
15:18:08;8960;49,99;
15:18:11;8944;49,99;
15:18:14;8956;49,98;
15:18:17;8884;49,98;
15:18:20;8956;49,98;
15:18:23;8940;49,98;
15:18:26;8956;49,98;
15:18:29;8880;49,98;
15:18:32;8952;49,98;
15:18:35;8932;49,98;
15:18:38;8948;49,98;
15:18:44;8944;49,97;
15:18:47;8924;49,98;
15:18:50;8944;49,98;
15:18:53;8868;49,99;
15:18:56;8944;50,00;
15:18:59;8924;50,00;
15:19:02;8940;50,00;
15:19:05;8936;50,00;
15:19:08;8940;49,99;
15:19:11;8920;49,99;
15:19:14;8940;49,98;
15:19:17;8880;49,98;
15:19:20;8936;49,98;
15:19:23;8924;49,98;
15:19:26;8936;49,98;
15:19:29;8904;49,99;
15:19:32;8936;49,99;
15:19:35;8928;49,99;
15:19:38;8936;49,99;
15:19:41;8932;49,99;
15:19:44;8940;50,00;
15:19:50;8932;50,00;
15:19:53;8928;50,00;
15:19:56;8932;50,00;
15:20:02;8928;50,00;
15:20:08;8848;50,00;
15:20:11;8920;50,00;
15:20:14;8920;49,99;
15:20:17;8920;50,00;
15:20:26;8916;49,99;
15:20:29;8912;49,99;
15:20:32;8828;49,99;
15:20:35;8912;49,98;
15:20:38;8904;49,97;
15:20:41;8908;49,98;
15:20:56;8904;49,99;
15:21:05;8904;49,98;
15:21:08;8900;49,98;
15:21:11;8904;49,98;
15:21:14;8888;49,98;
15:21:17;8896;49,98;
15:21:20;8900;49,98;
15:21:32;8900;49,99;
15:21:38;8884;49,99;
15:21:41;8896;49,99;
15:21:50;8888;49,99;
15:21:53;8876;49,99;
15:21:56;8892;49,99;
15:22:02;8888;49,99;
15:22:05;8896;50,00;
15:22:08;8892;50,00;
15:22:11;8888;50,00;
15:22:14;8900;50,00;
15:22:17;8896;50,00;
15:22:20;8832;50,00;
15:22:23;8888;50,00;
15:22:26;8900;49,99;
15:22:29;8896;49,99;
15:22:32;8848;49,99;
15:22:35;8892;49,98;
15:22:38;8884;49,99;
15:22:41;8888;49,99;
15:22:47;8876;49,99;
15:22:53;8872;50,00;
15:22:56;8876;49,99;
15:22:59;8868;49,99;
15:23:02;8860;49,99;
15:23:05;8864;50,00;
15:23:11;8864;50,01;
15:23:14;8860;50,00;
15:23:17;8844;50,00;
15:23:20;8848;50,00;
15:23:23;8836;49,99;
15:23:26;8840;49,99;
15:23:32;8836;49,98;
15:23:35;8844;49,98;
15:23:41;8840;49,98;
15:23:47;8828;49,98;
15:23:53;8812;49,98;
15:23:56;8804;49,98;
15:23:59;8808;49,99;
15:24:02;8804;49,99;
15:24:05;8812;50,00;
15:24:08;8816;50,00;
15:24:11;8744;50,01;
15:24:14;8816;50,01;
15:24:17;8800;50,00;
15:24:20;8792;50,00;
15:24:23;8788;50,00;
15:24:29;8792;50,00;
15:24:32;8784;50,00;
15:24:35;8752;50,00;
15:24:38;8780;50,00;
15:24:41;8784;50,00;
15:24:44;8772;50,00;
15:24:47;8712;50,00;
15:24:50;8784;50,00;
15:24:53;8768;50,00;
15:24:59;8696;50,00;
15:25:02;8776;50,00;
15:25:05;8760;49,99;
15:25:08;8772;49,99;
15:25:11;8688;50,00;
15:25:14;8764;49,99;
15:25:17;8756;49,99;
15:25:23;8684;49,99;
15:25:26;8768;49,99;
15:25:29;8760;49,99;
15:25:32;8764;49,99;
15:25:35;8680;49,99;
15:25:38;8768;49,99;
15:25:41;8764;49,99;
15:25:47;8684;50,00;
15:25:50;8756;49,99;
15:25:53;8748;49,99;
15:25:59;8704;50,00;
15:26:05;8736;50,01;
15:26:08;8740;50,01;
15:26:11;8696;50,01;
15:26:14;8744;50,01;
15:26:17;8728;50,00;
15:26:20;8736;50,00;
15:26:23;8732;49,99;
15:26:26;8684;49,99;
15:26:29;8716;50,00;
15:26:32;8728;50,00;
15:26:35;8676;50,00;
15:26:38;8724;50,01;
15:26:41;8712;50,01;
15:26:44;8720;50,01;
15:26:47;8720;50,00;
15:26:50;8716;50,01;
15:26:53;8700;50,00;
15:26:56;8716;50,00;
15:26:59;8664;50,00;
15:27:02;8712;50,00;
15:27:05;8696;50,00;
15:27:11;8708;50,00;
15:27:14;8700;50,00;
15:27:23;8704;50,00;
15:27:26;8692;50,00;
15:27:29;8696;50,00;
15:27:38;8676;49,99;
15:27:41;8692;49,99;
15:27:44;8676;49,99;
15:27:47;8696;49,99;
15:27:50;8660;49,99;
15:27:56;8680;50,00;
15:27:59;8700;50,00;
15:28:02;8644;50,00;
15:28:05;8688;50,00;
15:28:08;8672;50,00;
15:28:11;8684;50,00;
15:28:17;8640;50,00;
15:28:20;8668;50,00;
15:28:23;8684;50,00;
15:28:26;8640;50,00;
15:28:29;8680;50,00;
15:28:32;8664;50,00;
15:28:35;8684;50,00;
15:28:38;8684;49,99;
15:28:44;8664;49,98;
15:28:47;8688;49,98;
15:28:50;8644;49,99;
15:28:53;8688;49,99;
15:28:56;8660;49,99;
15:29:02;8648;50,00;
15:29:05;8688;50,00;
15:29:08;8660;50,00;
15:29:11;8684;50,00;
15:29:14;8644;49,99;
15:29:17;8680;50,00;
15:29:20;8680;49,99;
15:29:23;8648;49,99;
15:29:26;8636;49,98;
15:29:29;8676;49,98;
15:29:32;8660;49,97;
15:29:38;8648;49,98;
15:29:41;8656;49,98;
15:29:44;8668;49,99;
15:29:47;8632;49,99;
15:29:50;8656;49,99;
15:29:53;8636;49,99;
15:29:56;8660;49,99;
15:29:59;8624;49,99;
15:30:02;8624;49,98;
15:30:08;8608;49,98;
15:30:11;8664;49,98;
15:30:14;8624;49,98;
15:30:17;8652;49,98;
15:30:20;8596;49,98;
15:30:23;8628;49,98;
15:30:29;8596;49,98;
15:30:32;8604;49,97;
15:30:35;8604;49,98;
15:30:38;8600;49,98;
15:30:41;8608;49,98;
15:30:44;8612;49,98;
15:30:47;8584;49,98;
15:30:50;8616;49,98;
15:30:53;8588;49,97;
15:30:56;8604;49,97;
15:30:59;8544;49,97;
15:31:02;8604;49,98;
15:31:05;8572;49,98;
15:31:08;8596;49,98;
15:31:14;8596;49,99;
15:31:17;8568;49,98;
15:31:20;8596;49,98;
15:31:23;8528;49,97;
15:31:26;8588;49,97;
15:31:29;8560;49,97;
15:31:32;8592;49,97;
15:31:35;8588;49,96;
15:31:41;8560;49,97;
15:31:44;8592;49,98;
15:31:47;8532;49,98;
15:31:50;8584;49,98;
15:31:53;8552;49,98;
15:31:59;8532;49,99;
15:32:02;8580;49,99;
15:32:05;8552;50,00;
15:32:08;8580;50,00;
15:32:11;8516;50,00;
15:32:14;8584;50,00;
15:32:17;8580;50,00;
15:32:20;8548;50,00;
15:32:23;8528;50,00;
15:32:26;8572;49,99;
15:32:29;8548;49,98;
15:32:32;8580;49,98;
15:32:35;8544;49,97;
15:32:38;8548;49,97;
15:32:41;8572;49,97;
15:32:44;8568;49,97;
15:32:47;8564;49,98;
15:32:50;8528;49,98;
15:32:53;8560;49,98;
15:32:56;8548;49,98;
15:33:05;8544;49,98;
15:33:08;8540;49,98;
15:33:11;8560;49,98;
15:33:14;8496;49,98;
15:33:17;8556;49,98;
15:33:20;8532;49,98;
15:33:23;8560;49,98;
15:33:26;8556;49,98;
15:33:29;8552;49,97;
15:33:32;8524;49,98;
15:33:35;8552;49,98;
15:33:38;8492;49,98;
15:33:41;8548;49,98;
15:33:44;8516;49,99;
15:33:47;8536;49,99;
15:33:50;8476;49,99;
15:33:53;8536;49,99;
15:33:56;8512;49,98;
15:33:59;8528;49,98;
15:34:02;8468;49,98;
15:34:05;8520;49,98;
15:34:11;8524;49,98;
15:34:14;8460;49,98;
15:34:17;8524;49,97;
15:34:20;8500;49,97;
15:34:23;8516;49,97;
15:34:26;8464;49,97;
15:34:29;8512;49,97;
15:34:35;8512;49,98;
15:34:38;8480;49,98;
15:34:41;8512;49,98;
15:34:44;8488;49,98;
15:34:47;8504;49,99;
15:34:50;8444;49,99;
15:34:53;8504;49,99;
15:34:56;8484;49,98;
15:34:59;8492;49,98;
15:35:02;8444;49,98;
15:35:05;8492;49,97;
15:35:08;8484;49,97;
15:35:11;8492;49,96;
15:35:17;8496;49,97;
15:35:20;8476;49,97;
15:35:23;8488;49,97;
15:35:26;8420;49,97;
15:35:29;8484;49,97;
15:35:32;8460;49,97;
15:35:35;8480;49,97;
15:35:38;8476;49,97;
15:35:41;8464;49,98;
15:35:44;8452;49,98;
15:35:47;8456;49,98;
15:35:50;8432;49,98;
15:35:53;8448;49,98;
15:35:59;8432;49,98;
15:36:02;8444;49,99;
15:36:05;8388;49,99;
15:36:08;8436;49,99;
15:36:11;8420;49,99;
15:36:14;8440;49,99;
15:36:17;8388;49,99;
15:36:20;8436;49,98;
15:36:26;8444;49,98;
15:36:29;8396;49,98;
15:36:32;8444;49,98;
15:36:35;8432;49,98;
15:36:38;8444;49,98;
15:36:41;8392;49,98;
15:36:44;8444;49,98;
15:36:47;8428;49,97;
15:36:50;8436;49,97;
15:36:53;8364;49,97;
15:36:56;8436;49,98;
15:36:59;8416;49,98;
15:37:02;8424;49,98;
15:37:08;8424;49,97;
15:37:11;8408;49,97;
15:37:14;8424;49,98;
15:37:17;8356;49,97;
15:37:20;8416;49,96;
15:37:23;8400;49,96;
15:37:26;8416;49,96;
15:37:29;8412;49,96;
15:37:32;8408;49,96;
15:37:38;8412;49,96;
15:37:41;8380;49,96;
15:37:44;8408;49,96;
15:37:47;8396;49,97;
15:37:50;8404;49,97;
15:37:53;8384;49,98;
15:37:56;8400;49,98;
15:37:59;8404;49,98;
15:38:05;8400;49,98;
15:38:14;8396;49,98;
15:38:17;8404;49,98;
15:38:20;8404;49,99;
15:38:26;8404;49,98;
15:38:32;8348;49,97;
15:38:35;8404;49,97;
15:38:41;8400;49,96;
15:38:44;8400;49,97;
15:38:50;8396;49,97;
15:38:56;8348;49,97;
15:38:59;8392;49,98;
15:39:05;8396;49,98;
15:39:08;8392;49,99;
15:39:14;8388;49,99;
15:39:20;8380;49,98;
15:39:23;8384;49,98;
15:39:26;8384;49,97;
15:39:32;8380;49,98;
15:39:35;8384;49,98;
15:39:38;8364;49,98;
15:39:41;8376;49,98;
15:39:44;8372;49,98;
15:39:53;8372;49,99;
15:39:59;8368;49,99;
15:40:02;8348;49,99;
15:40:05;8356;49,99;
15:40:08;8352;49,98;
15:40:14;8344;49,98;
15:40:20;8340;49,97;
15:40:26;8336;49,98;
15:40:32;8332;49,98;
15:40:35;8328;49,97;
15:40:38;8324;49,98;
15:40:41;8328;49,98;
15:40:44;8288;49,98;
15:40:47;8312;49,99;
15:40:50;8320;49,99;
15:40:53;8324;50,00;
15:40:56;8308;50,00;
15:40:59;8324;50,00;
15:41:11;8320;50,00;
15:41:17;8320;49,99;
15:41:20;8320;49,98;
15:41:26;8316;49,98;
15:41:29;8296;49,97;
15:41:32;8316;49,98;
15:41:35;8320;49,98;
15:41:47;8316;49,98;
15:41:53;8300;49,98;
15:41:56;8316;49,98;
15:42:11;8312;49,97;
15:42:20;8312;49,96;
15:42:29;8316;49,96;
15:42:32;8312;49,96;
15:42:35;8268;49,96;
15:42:38;8312;49,97;
15:42:41;8304;49,98;
15:42:44;8308;49,98;
15:42:47;8288;49,98;
15:42:50;8296;49,98;
15:42:53;8280;49,99;
15:42:56;8292;49,99;
15:42:59;8272;50,00;
15:43:02;8292;50,00;
15:43:05;8276;50,01;
15:43:08;8300;50,01;
15:43:11;8240;50,01;
15:43:14;8288;50,01;
15:43:17;8268;50,00;
15:43:23;8244;49,99;
15:43:26;8288;49,99;
15:43:29;8268;49,98;
15:43:32;8292;49,99;
15:43:35;8244;49,98;
15:43:38;8292;49,98;
15:43:41;8288;49,98;
15:43:44;8264;49,98;
15:43:47;8244;49,99;
15:43:50;8288;49,98;
15:43:53;8260;49,99;
15:43:56;8284;49,99;
15:43:59;8236;50,00;
15:44:02;8280;49,99;
15:44:08;8276;49,99;
15:44:11;8232;49,99;
15:44:14;8276;49,98;
15:44:17;8240;49,98;
15:44:20;8268;49,98;
15:44:23;8224;49,97;
15:44:29;8228;49,97;
15:44:32;8256;49,97;
15:44:35;8212;49,96;
15:44:38;8248;49,96;
15:44:41;8212;49,96;
15:44:44;8244;49,96;
15:44:50;8200;49,96;
15:44:53;8204;49,98;
15:44:56;8236;49,98;
15:44:59;8192;49,98;
15:45:02;8228;49,98;
15:45:05;8196;49,98;
15:45:08;8228;49,98;
15:45:14;8220;49,99;
15:45:17;8220;49,98;
15:45:20;8216;49,98;
15:45:26;8208;49,97;
15:45:32;8172;49,97;
15:45:35;8204;49,96;
15:45:38;8196;49,97;
15:45:44;8184;49,98;
15:45:47;8188;49,98;
15:45:50;8172;49,99;
15:45:53;8184;49,98;
15:45:56;8172;49,99;
15:45:59;8184;49,99;
15:46:02;8158;49,98;
15:46:05;8176;49,98;
15:46:08;8138;49,98;
15:46:11;8172;49,98;
15:46:14;8132;49,98;
15:46:20;8120;49,97;
15:46:23;8162;49,97;
15:46:26;8124;49,97;
15:46:29;8158;49,97;
15:46:32;8114;49,97;
15:46:35;8156;49,97;
15:46:38;8152;49,97;
15:46:41;8114;49,97;
15:46:44;8102;49,99;
15:46:47;8144;49,99;
15:46:50;8104;50,00;
15:46:53;8136;50,00;
15:46:56;8102;50,00;
15:46:59;8138;50,00;
15:47:02;8134;50,00;
15:47:05;8130;50,00;
15:47:08;8086;50,00;
15:47:11;8126;50,00;
15:47:14;8076;49,99;
15:47:17;8112;49,98;
15:47:20;8068;49,97;
15:47:26;8070;49,97;
15:47:29;8104;49,98;
15:47:32;8054;49,98;
15:47:35;8092;49,98;
15:47:38;8058;49,98;
15:47:41;8094;49,99;
15:47:47;8062;50,00;
15:47:50;8078;50,01;
15:47:53;8100;50,01;
15:47:56;8074;50,01;
15:47:59;8062;50,01;
15:48:02;8070;50,00;
15:48:05;8064;50,00;
15:48:08;8082;50,00;
15:48:11;8038;50,00;
15:48:14;8082;50,00;
15:48:17;8044;50,00;
15:48:20;8074;49,99;
15:48:23;8030;50,00;
15:48:26;8070;50,00;
15:48:32;8072;50,00;
15:48:35;8018;50,00;
15:48:38;8064;50,00;
15:48:41;8032;50,01;
15:48:44;8058;50,01;
15:48:47;8010;50,00;
15:48:50;8058;50,00;
15:48:53;8034;50,00;
15:48:56;8036;49,99;
15:48:59;8024;49,99;
15:49:02;8038;49,99;
15:49:05;8034;49,99;
15:49:08;8046;49,99;
15:49:11;7998;49,99;
15:49:14;8046;49,99;
15:49:17;8018;49,98;
15:49:20;8042;49,98;
15:49:23;7990;49,97;
15:49:26;8042;49,98;
15:49:29;8018;49,98;
15:49:32;8044;49,97;
15:49:38;8048;49,97;
15:49:41;8012;49,97;
15:49:44;8046;49,97;
15:49:47;8004;49,98;
15:49:50;8042;49,98;
15:49:53;8012;49,98;
15:49:56;8046;49,98;
15:49:59;8044;49,98;
15:50:02;8042;49,99;
15:50:05;8006;49,99;
15:50:08;8042;49,99;
15:50:11;8002;49,99;
15:50:14;8040;49,99;
15:50:17;8000;49,99;
15:50:23;7990;50,00;
15:50:26;8026;50,00;
15:50:29;7994;50,00;
15:50:32;8024;50,00;
15:50:35;7982;50,00;
15:50:38;8020;49,99;
15:50:41;8016;49,99;
15:50:44;7982;49,99;
15:50:47;7978;49,99;
15:50:50;8012;49,99;
15:50:53;7992;50,00;
15:50:56;7996;50,00;
15:50:59;7986;50,00;
15:51:02;7990;50,00;
15:51:05;7998;50,00;
15:51:08;7964;49,99;
15:51:11;7978;49,98;
15:51:14;7954;49,98;
15:51:17;7984;49,98;
15:51:21;7944;49,99;
15:51:23;7978;49,99;
15:51:28;7944;50,00;
15:51:31;7982;50,00;
15:51:37;7930;50,01;
15:51:40;7970;50,01;
15:51:43;7934;50,00;
15:51:46;7968;50,00;
15:51:49;7966;49,99;
15:51:52;7968;49,99;
15:51:55;7934;50,00;
15:51:58;7968;50,00;
15:52:01;7932;50,00;
15:52:04;7968;50,00;
15:52:07;7930;50,00;
15:52:13;7932;50,00;
15:52:16;7966;50,00;
15:52:19;7930;50,00;
15:52:22;7966;50,00;
15:52:25;7926;50,00;
15:52:28;7962;50,00;
15:52:31;7962;49,99;
15:52:34;7928;49,99;
15:52:37;7926;49,99;
15:52:40;7964;49,99;
15:52:43;7936;49,99;
15:52:46;7968;49,99;
15:52:49;7934;50,00;
15:52:52;7974;50,01;
15:52:55;7970;50,01;
15:52:58;7956;50,00;
15:53:01;7950;50,00;
15:53:04;7960;50,00;
15:53:07;7968;50,00;
15:53:10;7946;50,00;
15:53:13;7968;50,00;
15:53:19;7980;50,00;
15:53:22;7980;49,99;
15:53:25;7938;49,99;
15:53:28;7974;49,99;
15:53:31;7944;49,99;
15:53:34;7978;49,98;
15:53:37;7976;49,98;
15:53:40;7932;49,99;
15:53:43;7936;49,99;
15:53:46;7964;49,99;
15:53:49;7928;49,99;
15:53:52;7968;49,99;
15:53:55;7948;49,99;
15:53:58;7950;49,99;
15:54:01;7962;49,99;
15:54:04;7942;50,00;
15:54:07;7958;50,00;
15:54:10;7940;50,01;
15:54:13;7948;50,00;
15:54:16;7926;50,00;
15:54:19;7948;49,98;
15:54:25;7912;49,98;
15:54:28;7908;49,99;
15:54:31;7946;49,98;
15:54:34;7904;49,98;
15:54:37;7944;49,98;
15:54:40;7908;49,98;
15:54:43;7946;49,99;
15:54:46;7942;49,99;
15:54:49;7940;49,99;
15:54:52;7902;50,00;
15:54:55;7936;50,00;
15:54:58;7894;50,00;
15:55:01;7938;50,00;
15:55:04;7900;49,99;
15:55:10;7882;49,99;
15:55:13;7926;49,99;
15:55:16;7894;49,99;
15:55:19;7926;49,99;
15:55:22;7880;49,99;
15:55:25;7924;49,99;
15:55:28;7922;49,99;
15:55:31;7892;49,99;
15:55:34;7878;49,99;
15:55:37;7926;49,99;
15:55:40;7892;49,99;
15:55:43;7922;49,99;
15:55:46;7872;49,99;
15:55:49;7918;49,98;
15:55:52;7918;49,99;
15:55:58;7888;49,98;
15:56:01;7894;49,98;
15:56:04;7892;49,98;
15:56:07;7898;49,98;
15:56:10;7896;49,99;
15:56:19;7878;49,99;
15:56:22;7898;49,99;
15:56:25;7846;49,99;
15:56:28;7894;49,98;
15:56:31;7868;49,98;
15:56:34;7894;49,98;
15:56:40;7886;49,98;
15:56:43;7858;49,98;
15:56:46;7882;50,00;
15:56:49;7826;50,00;
15:56:52;7876;50,00;
15:56:55;7850;49,99;
15:56:58;7872;49,99;
15:57:01;7814;49,99;
15:57:04;7866;49,99;
15:57:07;7840;49,98;
15:57:10;7864;49,99;
15:57:13;7810;49,98;
15:57:16;7862;49,98;
15:57:22;7856;49,98;
15:57:25;7796;49,98;
15:57:28;7852;49,98;
15:57:31;7824;49,98;
15:57:34;7850;49,98;
15:57:37;7792;49,97;
15:57:40;7846;49,97;
15:57:43;7844;49,97;
15:57:46;7838;49,96;
15:57:49;7788;49,97;
15:57:52;7826;49,97;
15:57:55;7810;49,97;
15:57:58;7834;49,98;
15:58:01;7774;49,98;
15:58:04;7828;49,99;
15:58:07;7806;49,99;
15:58:10;7828;49,99;
15:58:13;7768;49,99;
15:58:16;7820;49,99;
15:58:19;7800;49,99;
15:58:22;7818;49,99;
15:58:28;7814;49,98;
15:58:31;7792;49,98;
15:58:34;7814;49,98;
15:58:37;7750;49,98;
15:58:40;7810;49,99;
15:58:43;7792;49,99;
15:58:46;7808;49,99;
15:58:49;7806;50,00;
15:58:52;7800;49,99;
15:58:55;7780;49,99;
15:58:58;7802;49,98;
15:59:01;7756;49,98;
15:59:04;7766;49,98;
15:59:07;7772;49,97;
15:59:13;7768;49,98;
15:59:16;7732;49,98;
15:59:19;7772;49,98;
15:59:22;7766;49,97;
15:59:25;7772;49,96;
15:59:28;7710;49,96;
15:59:31;7772;49,96;
15:59:37;7768;49,98;
15:59:40;7702;49,98;
15:59:43;7762;49,98;
15:59:46;7746;49,98;
15:59:49;7756;49,98;
15:59:52;7694;49,97;
15:59:55;7752;49,97;
15:59:58;7734;49,97;
16:00:01;7748;49,96;
16:00:04;7682;49,96;
16:00:07;7744;49,96;
16:00:10;7730;49,97;
16:00:13;7746;49,97;
16:00:19;7734;49,96;
16:00:22;7720;49,96;
16:00:25;7726;49,97;
16:00:28;7658;49,97;
16:00:31;7722;49,98;
16:00:34;7706;49,98;
16:00:37;7718;49,98;
16:00:40;7714;49,98;
16:00:43;7710;49,97;
16:00:46;7696;49,98;
16:00:49;7702;49,98;
16:00:52;7636;49,98;
16:00:55;7692;49,98;
16:00:58;7676;49,99;
16:01:01;7692;49,99;
16:01:04;7642;49,99;
16:01:07;7674;49,99;
16:01:10;7664;49,98;
16:01:13;7666;49,98;
16:01:16;7648;49,98;
16:01:19;7658;49,98;
16:01:25;7652;49,98;
16:01:28;7648;49,98;
16:01:31;7644;49,98;
16:01:37;7638;49,98;
16:01:40;7634;49,98;
16:01:43;7570;49,98;
16:01:46;7632;49,98;
16:01:49;7630;49,98;
16:01:52;7624;49,98;
16:01:55;7620;49,98;
16:01:58;7618;49,98;
16:02:01;7612;49,99;
16:02:07;7546;49,99;
16:02:10;7608;50,00;
16:02:13;7604;50,00;
16:02:16;7600;50,00;
16:02:19;7598;50,00;
16:02:22;7600;50,00;
16:02:25;7596;50,00;
16:02:31;7590;49,99;
16:02:37;7584;49,98;
16:02:40;7586;49,98;
16:02:43;7582;49,98;
16:02:49;7576;49,98;
16:02:52;7580;49,99;
16:02:55;7578;50,00;
16:02:58;7576;50,00;
16:03:01;7572;50,00;
16:03:10;7574;50,00;
16:03:13;7572;50,01;
16:03:16;7580;50,01;
16:03:19;7572;50,01;
16:03:22;7568;50,01;
16:03:25;7564;50,01;
16:03:28;7566;50,00;
16:03:31;7498;50,00;
16:03:34;7564;50,00;
16:03:37;7562;50,00;
16:03:40;7560;50,00;
16:03:43;7492;49,99;
16:03:46;7558;50,00;
16:03:49;7552;50,00;
16:03:52;7558;50,00;
16:03:55;7492;50,00;
16:03:58;7558;50,00;
16:04:01;7562;50,00;
16:04:04;7560;50,00;
16:04:07;7512;49,99;
16:04:10;7562;49,99;
16:04:13;7570;49,99;
16:04:16;7562;50,00;
16:04:22;7560;49,99;
16:04:25;7564;49,99;
16:04:28;7560;49,99;
16:04:31;7558;49,98;
16:04:34;7556;49,98;
16:04:37;7554;49,99;
16:04:40;7550;49,99;
16:04:43;7552;49,99;
16:04:46;7548;49,98;
16:04:52;7546;50,00;
16:04:58;7540;50,00;
16:05:04;7532;50,00;
16:05:07;7536;50,00;
16:05:10;7536;49,99;
16:05:13;7534;49,99;
16:05:16;7532;49,99;
16:05:19;7534;49,99;
16:05:22;7532;49,99;
16:05:28;7530;50,00;
16:05:34;7528;50,00;
16:05:40;7530;50,00;
16:05:43;7526;50,00;
16:05:46;7462;50,00;
16:05:49;7528;50,00;
16:05:52;7524;50,00;
16:06:01;7522;50,00;
16:06:04;7518;50,00;
16:06:07;7520;50,00;
16:06:10;7468;50,00;
16:06:13;7516;50,00;
16:06:16;7508;50,00;
16:06:19;7516;50,00;
16:06:22;7466;49,99;
16:06:25;7510;49,99;
16:06:28;7496;49,99;
16:06:34;7438;49,98;
16:06:37;7502;49,98;
16:06:40;7486;49,98;
16:06:43;7496;49,98;
16:06:46;7434;49,99;
16:06:49;7496;49,99;
16:06:52;7494;49,99;
16:06:55;7480;49,99;
16:06:58;7428;49,99;
16:07:01;7488;50,00;
16:07:04;7482;50,00;
16:07:07;7484;50,00;
16:07:10;7466;50,00;
16:07:13;7482;50,00;
16:07:16;7480;50,00;
16:07:19;7478;49,99;
16:07:22;7438;49,98;
16:07:25;7476;49,98;
16:07:28;7456;49,97;
16:07:31;7466;49,96;
16:07:34;7408;49,96;
16:07:40;7448;49,97;
16:07:43;7464;49,97;
16:07:46;7404;49,97;
16:07:49;7462;49,97;
16:07:55;7458;49,97;
16:07:58;7460;49,97;
16:08:01;7398;49,98;
16:08:04;7454;49,98;
16:08:07;7452;49,97;
16:08:10;7454;49,98;
16:08:13;7448;49,98;
16:08:25;7440;49,97;
16:08:28;7438;49,97;
16:08:34;7436;49,96;
16:08:37;7432;49,97;
16:08:40;7434;49,97;
16:08:43;7404;49,98;
16:08:46;7432;49,98;
16:08:49;7426;49,98;
16:08:52;7424;49,98;
16:08:55;7426;49,98;
16:09:01;7424;49,98;
16:09:07;7404;49,98;
16:09:10;7422;49,98;
16:09:13;7404;49,98;
16:09:16;7420;49,98;
16:09:19;7402;49,97;
16:09:22;7418;49,97;
16:09:25;7390;49,97;
16:09:31;7388;49,98;
16:09:34;7420;49,98;
16:09:37;7374;49,97;
16:09:40;7416;49,97;
16:09:43;7384;49,97;
16:09:46;7416;49,97;
16:09:52;7372;49,97;
16:09:55;7378;49,96;
16:09:58;7414;49,96;
16:10:01;7370;49,98;
16:10:04;7412;49,98;
16:10:07;7374;49,98;
16:10:10;7410;49,98;
16:10:16;7406;49,98;
16:10:19;7368;49,98;
16:10:22;7400;49,98;
16:10:25;7354;49,98;
16:10:28;7394;49,98;
16:10:31;7360;49,98;
16:10:37;7350;49,98;
16:10:40;7388;49,98;
16:10:43;7348;49,98;
16:10:46;7386;49,98;
16:10:49;7344;49,98;
16:10:52;7382;49,98;
16:10:55;7380;49,98;
16:10:58;7340;49,98;
16:11:01;7344;49,98;
16:11:04;7376;49,98;
16:11:07;7342;49,97;
16:11:10;7364;49,97;
16:11:13;7346;49,97;
16:11:16;7366;49,97;
16:11:19;7368;49,97;
16:11:22;7340;49,97;
16:11:25;7354;49,97;
16:11:28;7350;49,97;
16:11:31;7364;49,98;
16:11:34;7316;49,98;
16:11:37;7360;49,97;
16:11:43;7356;49,97;
16:11:46;7314;49,97;
16:11:49;7350;49,97;
16:11:52;7322;49,98;
16:11:55;7348;49,97;
16:11:58;7302;49,97;
16:12:01;7346;49,98;
16:12:04;7312;49,98;
16:12:07;7304;49,98;
16:12:10;7328;49,98;
16:12:13;7310;49,97;
16:12:16;7330;49,97;
16:12:19;7310;49,97;
16:12:22;7296;49,97;
16:12:28;7304;49,97;
16:12:31;7318;49,97;
16:12:34;7270;49,97;
16:12:37;7310;49,97;
16:12:40;7278;49,96;
16:12:43;7304;49,96;
16:12:46;7302;49,96;
16:12:49;7260;49,96;
16:12:52;7268;49,98;
16:12:55;7294;49,98;
16:12:58;7250;49,98;
16:13:01;7292;49,99;
16:13:04;7262;49,98;
16:13:07;7288;49,98;
16:13:13;7284;49,97;
16:13:16;7260;49,97;
16:13:19;7284;49,97;
16:13:22;7236;49,98;
16:13:25;7284;49,98;
16:13:28;7256;49,98;
16:13:34;7222;49,98;
16:13:37;7272;49,98;
16:13:40;7242;49,98;
16:13:43;7264;49,98;
16:13:46;7208;49,98;
16:13:49;7258;49,98;
16:13:52;7254;49,98;
16:13:55;7226;49,98;
16:13:58;7194;49,98;
16:14:01;7244;49,98;
16:14:04;7220;49,98;
16:14:07;7238;49,97;
16:14:10;7190;49,98;
16:14:13;7236;49,97;
16:14:16;7234;49,97;
16:14:19;7222;49,97;
16:14:22;7202;49,97;
16:14:25;7210;49,96;
16:14:28;7230;49,97;
16:14:31;7208;49,97;
16:14:34;7216;49,97;
16:14:40;7224;49,98;
16:14:43;7198;49,98;
16:14:46;7218;49,98;
16:14:49;7168;49,98;
16:14:52;7218;49,98;
16:14:55;7190;49,98;
16:14:58;7216;49,98;
16:15:01;7214;49,98;
16:15:04;7212;50,00;
16:15:07;7184;50,00;
16:15:10;7206;50,00;
16:15:13;7154;49,99;
16:15:16;7204;49,98;
16:15:19;7172;49,98;
16:15:22;7198;49,98;
16:15:25;7144;49,98;
16:15:28;7192;49,98;
16:15:31;7162;49,98;
16:15:34;7190;49,98;
16:15:37;7140;49,98;
16:15:40;7186;49,98;
16:15:46;7182;49,98;
16:15:49;7130;49,98;
16:15:52;7178;49,98;
16:15:55;7150;49,98;
16:15:58;7178;49,98;
16:16:01;7128;49,98;
16:16:04;7174;49,98;
16:16:10;7172;49,98;
16:16:13;7126;49,98;
16:16:16;7170;49,98;
16:16:19;7158;49,99;
16:16:22;7172;49,99;
16:16:25;7142;49,99;
16:16:28;7150;49,99;
16:16:31;7166;50,00;
16:16:34;7168;49,99;
16:16:37;7160;49,99;
16:16:40;7170;49,98;
16:16:43;7170;49,99;
16:16:52;7166;49,98;
16:16:55;7132;49,98;
16:16:58;7164;49,99;
16:17:01;7114;49,99;
16:17:04;7158;49,99;
16:17:07;7128;49,99;
16:17:10;7156;49,99;
16:17:13;7156;49,98;
16:17:16;7158;49,98;
16:17:19;7136;49,98;
16:17:25;7124;49,99;
16:17:28;7130;49,99;
16:17:31;7138;49,99;
16:17:37;7140;49,99;
16:17:40;7110;49,99;
16:17:43;7144;50,00;
16:17:46;7106;50,00;
16:17:49;7146;50,00;
16:17:52;7098;50,00;
16:17:55;7138;50,00;
16:18:01;7142;50,01;
16:18:04;7094;50,01;
16:18:07;7124;50,00;
16:18:10;7084;50,00;
16:18:13;7118;50,00;
16:18:16;7074;50,00;
16:18:19;7116;50,00;
16:18:22;7074;50,00;
16:18:25;7110;50,00;
16:18:28;7066;50,00;
16:18:31;7108;50,00;
16:18:34;7062;50,00;
16:18:37;7102;50,00;
16:18:43;7094;49,99;
16:18:46;7048;49,99;
16:18:49;7084;50,00;
16:18:52;7044;49,99;
16:18:55;7080;50,00;
16:18:58;7032;50,00;
16:19:01;7076;50,00;
16:19:07;7070;49,99;
16:19:10;7030;49,99;
16:19:13;7062;49,99;
16:19:16;7034;49,99;
16:19:19;7056;49,98;
16:19:22;7032;49,98;
16:19:25;7036;49,98;
16:19:28;7028;49,98;
16:19:31;7038;49,98;
16:19:34;7030;49,98;
16:19:40;7020;49,98;
16:19:49;7014;49,99;
16:19:52;7006;49,99;
16:19:55;6996;49,99;
16:19:58;6998;49,99;
16:20:01;6992;49,99;
16:20:04;6986;49,99;
16:20:07;6954;49,99;
16:20:10;6978;49,99;
16:20:13;6974;49,99;
16:20:16;6976;49,99;
16:20:19;6972;49,99;
16:20:22;6972;49,98;
16:20:25;6966;49,98;
16:20:28;6964;49,97;
16:20:31;6924;49,97;
16:20:34;6960;49,97;
16:20:37;6960;49,98;
16:20:40;6958;49,98;
16:20:43;6952;49,99;
16:20:46;6950;50,00;
16:20:55;6944;50,00;
16:20:58;6942;50,00;
16:21:01;6936;50,00;
16:21:04;6934;50,00;
16:21:07;6932;50,01;
16:21:10;6930;50,00;
16:21:13;6904;50,00;
16:21:16;6926;50,00;
16:21:19;6920;50,00;
16:21:22;6918;50,00;
16:21:25;6894;49,99;
16:21:28;6912;49,99;
16:21:31;6868;49,98;
16:21:34;6904;49,98;
16:21:40;6898;49,97;
16:21:43;6838;49,97;
16:21:46;6898;49,97;
16:21:49;6876;49,97;
16:21:52;6896;49,98;
16:21:55;6836;49,98;
16:21:58;6892;49,98;
16:22:01;6894;49,98;
16:22:04;6892;49,99;
16:22:07;6834;49,99;
16:22:10;6890;49,99;
16:22:13;6870;50,00;
16:22:16;6888;49,99;
16:22:19;6834;49,99;
16:22:22;6888;49,98;
16:22:25;6878;49,99;
16:22:28;6884;49,99;
16:22:31;6854;49,99;
16:22:34;6880;49,99;
16:22:37;6878;49,99;
16:22:40;6874;50,00;
16:22:46;6872;49,99;
16:22:49;6874;49,99;
16:22:52;6872;50,00;
16:22:55;6870;50,00;
16:22:58;6874;50,00;
16:23:01;6872;50,00;
16:23:04;6842;50,00;
16:23:07;6870;49,99;
16:23:10;6872;50,00;
16:23:13;6870;50,00;
16:23:19;6872;49,99;
16:23:22;6872;49,98;
16:23:28;6844;49,98;
16:23:31;6868;49,98;
16:23:37;6870;49,98;
16:23:40;6868;49,98;
16:23:43;6866;49,98;
16:23:46;6864;49,97;
16:23:55;6866;49,97;
16:23:58;6862;49,98;
16:24:01;6860;49,98;
16:24:04;6858;49,98;
16:24:07;6856;49,97;
16:24:10;6810;49,97;
16:24:13;6856;49,97;
16:24:16;6850;49,97;
16:24:22;6846;49,98;
16:24:25;6844;49,97;
16:24:28;6828;49,97;
16:24:31;6840;49,97;
16:24:34;6816;49,97;
16:24:37;6834;49,98;
16:24:40;6808;49,98;
16:24:43;6834;49,98;
16:24:46;6798;49,98;
16:24:49;6834;49,98;
16:24:52;6794;49,98;
16:24:58;6786;49,98;
16:25:01;6830;49,98;
16:25:04;6796;49,98;
16:25:07;6830;49,98;
16:25:10;6784;49,98;
16:25:13;6826;49,99;
16:25:16;6824;49,98;
16:25:19;6790;49,98;
16:25:22;6778;49,99;
16:25:25;6820;50,00;
16:25:28;6784;49,99;
16:25:31;6818;49,99;
16:25:34;6774;49,99;
16:25:37;6814;49,99;
16:25:40;6810;49,99;
16:25:46;6764;49,99;
16:25:49;6806;49,99;
16:25:52;6762;49,98;
16:25:55;6798;49,98;
16:25:58;6796;49,98;
16:26:01;6756;49,98;
16:26:04;6792;49,98;
16:26:07;6788;49,98;
16:26:10;6786;49,98;
16:26:13;6780;49,98;
16:26:19;6774;49,98;
16:26:25;6738;49,98;
16:26:28;6772;49,98;
16:26:31;6768;49,98;
16:26:34;6770;49,98;
16:26:37;6766;49,98;
16:26:40;6764;49,99;
16:26:43;6758;49,98;
16:26:49;6756;49,98;
16:26:52;6756;49,99;
16:26:55;6750;49,99;
16:27:01;6748;49,98;
16:27:04;6750;49,98;
16:27:07;6708;49,98;
16:27:10;6746;49,98;
16:27:13;6736;49,97;
16:27:16;6734;49,97;
16:27:19;6722;49,97;
16:27:22;6720;49,97;
16:27:28;6708;49,98;
16:27:31;6688;49,98;
16:27:34;6700;49,98;
16:27:37;6682;49,98;
16:27:40;6692;49,98;
16:27:43;6658;49,98;
16:27:46;6680;49,98;
16:27:49;6652;49,99;
16:27:55;6640;49,99;
16:27:58;6674;50,00;
16:28:01;6648;49,99;
16:28:04;6674;49,99;
16:28:07;6636;49,99;
16:28:10;6670;49,98;
16:28:13;6668;49,98;
16:28:16;6662;49,98;
16:28:19;6658;49,97;
16:28:22;6694;49,97;
16:28:25;6652;49,98;
16:28:28;6694;49,98;
16:28:31;6648;49,98;
16:28:34;6696;49,98;
16:28:37;6694;49,98;
16:28:43;6644;49,97;
16:28:46;6692;49,97;
16:28:49;6648;49,97;
16:28:52;6682;49,98;
16:28:55;6628;49,98;
16:29:01;6622;49,98;
16:29:04;6662;49,98;
16:29:07;6606;49,97;
16:29:10;6654;49,97;
16:29:13;6620;49,97;
16:29:16;6660;49,97;
16:29:19;6662;49,97;
16:29:22;6618;49,98;
16:29:25;6636;49,98;
16:29:28;6656;49,98;
16:29:31;6624;49,97;
16:29:34;6650;49,96;
16:29:37;6648;49,96;
16:29:40;6638;49,95;
16:29:43;6658;49,96;
16:29:46;6628;49,96;
16:29:49;6650;49,96;
16:29:52;6612;49,97;
16:29:55;6640;49,96;
16:29:58;6592;49,97;
16:30:01;6644;49,97;
16:30:07;6648;49,96;
16:30:10;6604;49,96;
16:30:13;6650;49,96;
16:30:16;6602;49,96;
16:30:19;6644;49,95;
16:30:22;6596;49,95;
16:30:25;6634;49,95;
16:30:28;6632;49,96;
16:30:31;6630;49,96;
16:30:34;6582;49,98;
16:30:37;6622;49,98;
16:30:40;6576;49,99;
16:30:43;6622;49,99;
16:30:46;6582;49,99;
16:30:52;6576;49,99;
16:30:55;6624;49,99;
16:30:58;6588;49,99;
16:31:01;6622;49,98;
16:31:04;6568;49,98;
16:31:07;6618;49,98;
16:31:13;6586;49,98;
16:31:16;6562;49,98;
16:31:19;6610;49,98;
16:31:22;6582;49,98;
16:31:25;6612;49,98;
16:31:28;6558;49,98;
16:31:31;6610;49,98;
16:31:34;6610;49,97;
16:31:37;6606;49,97;
16:31:40;6548;49,97;
16:31:43;6598;49,97;
16:31:46;6568;49,98;
16:31:49;6594;49,98;
16:31:52;6532;49,98;
16:31:58;6560;49,98;
16:32:01;6584;49,98;
16:32:04;6522;49,98;
16:32:07;6582;49,98;
16:32:10;6556;49,98;
16:32:13;6578;49,99;
16:32:16;6576;49,99;
16:32:19;6520;50,00;
16:32:22;6550;50,00;
16:32:25;6570;50,00;
16:32:28;6520;49,99;
16:32:31;6550;49,99;
16:32:34;6540;49,98;
16:32:37;6556;49,97;
16:32:40;6552;49,96;
16:32:43;6520;49,97;
16:32:46;6542;49,98;
16:32:52;6540;49,99;
16:32:55;6486;49,99;
16:32:58;6532;49,99;
16:33:04;6520;49,99;
16:33:07;6462;49,99;
16:33:10;6512;49,99;
16:33:13;6498;49,99;
16:33:16;6506;49,98;
16:33:19;6446;49,98;
16:33:22;6500;49,99;
16:33:28;6494;49,98;
16:33:31;6434;49,98;
16:33:34;6488;49,98;
16:33:37;6476;49,98;
16:33:40;6478;49,98;
16:33:43;6406;49,98;
16:33:46;6474;49,98;
16:33:49;6460;49,98;
16:33:52;6470;49,97;
16:33:55;6402;49,97;
16:33:58;6468;49,97;
16:34:01;6454;49,98;
16:34:04;6468;49,98;
16:34:10;6456;49,97;
16:34:13;6426;49,98;
16:34:16;6430;49,98;
16:34:19;6362;49,98;
16:34:22;6430;49,97;
16:34:25;6416;49,97;
16:34:28;6434;49,97;
16:34:31;6438;49,97;
16:34:34;6434;49,97;
16:34:37;6420;49,97;
16:34:40;6424;49,97;
16:34:43;6386;49,97;
16:34:46;6414;49,98;
16:34:49;6414;49,97;
16:34:52;6396;49,97;
16:34:55;6400;49,97;
16:34:58;6360;49,96;
16:35:01;6414;49,96;
16:35:04;6398;49,96;
16:35:07;6418;49,96;
16:35:10;6356;49,96;
16:35:13;6418;49,96;
16:35:19;6414;49,96;
16:35:22;6350;49,96;
16:35:25;6402;49,95;
16:35:28;6380;49,95;
16:35:31;6396;49,95;
16:35:34;6396;49,96;
16:35:37;6396;49,95;
16:35:40;6386;49,96;
16:35:43;6358;49,96;
16:35:46;6364;49,96;
16:35:49;6390;49,96;
16:35:52;6370;49,96;
16:35:55;6374;49,96;
16:36:01;6378;49,96;
16:36:04;6360;49,96;
16:36:07;6376;49,96;
16:36:10;6316;49,96;
16:36:13;6376;49,96;
16:36:16;6352;49,96;
16:36:19;6372;49,96;
16:36:22;6374;49,96;
16:36:25;6372;49,96;
16:36:28;6352;49,96;
16:36:31;6370;49,96;
16:36:34;6312;49,96;
16:36:37;6372;49,96;
16:36:40;6352;49,96;
16:36:43;6370;49,95;
16:36:46;6306;49,96;
16:36:49;6364;49,96;
16:36:52;6338;49,97;
16:36:55;6358;49,97;
16:36:58;6300;49,96;
16:37:01;6358;49,96;
16:37:07;6356;49,96;
16:37:10;6298;49,96;
16:37:13;6356;49,96;
16:37:16;6330;49,96;
16:37:19;6362;49,96;
16:37:22;6308;49,96;
16:37:25;6366;49,96;
16:37:28;6364;49,96;
16:37:31;6366;49,95;
16:37:34;6318;49,95;
16:37:37;6372;49,95;
16:37:40;6356;49,95;
16:37:43;6374;49,96;
16:37:46;6346;49,96;
16:37:49;6358;49,96;
16:37:52;6376;49,96;
16:37:58;6370;49,96;
16:38:01;6378;49,96;
16:38:04;6380;49,96;
16:38:07;6376;49,96;
16:38:13;6378;49,96;
16:38:19;6378;49,95;
16:38:22;6374;49,95;
16:38:25;6372;49,95;
16:38:28;6370;49,95;
16:38:31;6338;49,95;
16:38:34;6370;49,96;
16:38:37;6366;49,96;
16:38:43;6362;49,96;
16:38:49;6360;49,95;
16:38:52;6364;49,95;
16:38:55;6332;49,95;
16:38:58;6360;49,95;
16:39:01;6356;49,95;
16:39:04;6354;49,95;
16:39:07;6350;49,95;
16:39:10;6350;49,94;
16:39:13;6344;49,94;
16:39:19;6334;49,94;
16:39:22;6330;49,94;
16:39:25;6326;49,94;
16:39:28;6322;49,94;
16:39:31;6292;49,94;
16:39:34;6316;49,94;
16:39:37;6268;49,94;
16:39:40;6308;49,94;
16:39:43;6286;49,94;
16:39:46;6296;49,94;
16:39:49;6266;49,94;
16:39:52;6288;49,94;
16:39:55;6282;49,94;
16:39:58;6280;49,94;
16:40:04;6268;49,94;
16:40:07;6266;49,94;
16:40:10;6260;49,95;
16:40:13;6254;49,95;
16:40:16;6248;49,95;
16:40:19;6244;49,95;
16:40:22;6216;49,95;
16:40:25;6240;49,95;
16:40:28;6236;49,94;
16:40:31;6232;49,95;
16:40:34;6230;49,94;
16:40:37;6226;49,94;
16:40:40;6220;49,95;
16:40:43;6220;49,94;
16:40:46;6192;49,95;
16:40:49;6214;49,95;
16:40:52;6210;49,95;
16:40:58;6208;49,95;
16:41:01;6206;49,95;
16:41:04;6202;49,95;
16:41:10;6200;49,95;
16:41:16;6196;49,94;
16:41:19;6194;49,94;
16:41:22;6188;49,94;
16:41:28;6146;49,94;
16:41:31;6192;49,94;
16:41:34;6186;49,94;
16:41:37;6184;49,94;
16:41:46;6182;49,94;
16:41:52;6140;49,94;
16:41:55;6172;49,94;
16:41:58;6174;49,94;
16:42:01;6174;49,95;
16:42:04;6174;49,96;
16:42:07;6172;49,96;
16:42:10;6170;49,95;
16:42:16;6168;49,94;
16:42:19;6166;49,94;
16:42:22;6162;49,93;
16:42:31;6164;49,93;
16:42:34;6132;49,94;
16:42:37;6162;49,94;
16:42:40;6166;49,94;
16:42:43;6160;49,94;
16:42:46;6144;49,94;
16:42:49;6158;49,94;
16:42:52;6132;49,96;
16:42:55;6154;49,96;
16:42:58;6146;49,96;
16:43:04;6114;49,95;
16:43:07;6142;49,95;
16:43:10;6108;49,95;
16:43:13;6138;49,95;
16:43:16;6096;49,94;
16:43:22;6100;49,95;
16:43:25;6130;49,96;
16:43:28;6092;49,95;
16:43:31;6126;49,95;
16:43:34;6090;49,95;
16:43:37;6118;49,94;
16:43:40;6116;49,95;
16:43:43;6080;49,95;
16:43:46;6076;49,96;
16:43:49;6104;49,96;
16:43:52;6066;49,96;
16:43:55;6098;49,96;
16:43:58;6060;49,97;
16:44:01;6092;49,96;
16:44:07;6084;49,97;
16:44:10;6082;49,98;
16:44:13;6076;49,98;
16:44:16;6074;49,98;
16:44:19;6072;49,98;
16:44:25;6040;49,99;
16:44:28;6070;49,98;
16:44:31;6066;49,97;
16:44:34;6068;49,97;
16:44:37;6066;49,96;
16:44:40;6068;49,96;
16:44:43;6070;49,97;
16:44:46;6068;49,97;
16:44:49;6054;49,98;
16:44:52;6072;49,98;
16:44:55;6062;49,98;
16:44:58;6066;49,98;
16:45:01;6040;49,98;
16:45:04;6064;49,98;
16:45:07;6044;49,99;
16:45:13;6028;49,99;
16:45:16;6060;49,99;
16:45:19;6032;49,99;
16:45:22;6056;49,99;
16:45:25;6022;49,99;
16:45:28;6056;49,99;
16:45:34;6028;49,99;
16:45:37;6018;49,99;
16:45:40;6052;49,98;
16:45:43;6024;49,98;
16:45:46;6046;49,98;
16:45:49;6010;49,99;
16:45:52;6040;49,99;
16:45:55;6038;50,00;
16:45:58;6040;50,01;
16:46:01;5990;50,01;
16:46:04;6040;50,01;
16:46:07;6006;50,00;
16:46:10;6030;50,00;
16:46:13;5976;50,00;
16:46:19;5996;50,00;
16:46:22;6018;50,00;
16:46:25;5968;50,00;
16:46:28;6012;50,00;
16:46:31;5982;50,00;
16:46:34;6014;50,00;
16:46:37;6010;50,00;
16:46:40;5958;50,00;
16:46:43;5974;50,00;
16:46:46;6002;50,00;
16:46:49;5946;49,99;
16:46:52;5996;49,99;
16:46:55;5960;49,99;
16:46:58;5988;49,99;
16:47:04;5982;49,99;
16:47:07;5948;49,99;
16:47:10;5972;49,98;
16:47:13;5924;49,98;
16:47:16;5972;49,98;
16:47:19;5936;49,98;
16:47:25;5920;49,98;
16:47:28;5964;49,97;
16:47:31;5932;49,98;
16:47:34;5962;49,98;
16:47:37;5912;49,98;
16:47:40;5956;49,98;
16:47:46;5934;49,98;
16:47:49;5916;49,97;
16:47:52;5942;49,98;
16:47:55;5936;49,98;
16:47:58;5926;49,98;
16:48:01;5930;49,98;
16:48:04;5918;49,98;
16:48:07;5942;49,98;
16:48:10;5902;49,99;
16:48:13;5940;49,99;
16:48:16;5896;49,99;
16:48:19;5934;49,99;
16:48:22;5894;49,98;
16:48:25;5936;49,98;
16:48:31;5934;49,98;
16:48:34;5890;49,97;
16:48:37;5930;49,97;
16:48:40;5886;49,96;
16:48:43;5924;49,97;
16:48:46;5878;49,97;
16:48:49;5918;49,97;
16:48:52;5918;49,98;
16:48:55;5914;49,98;
16:48:58;5864;49,98;
16:49:01;5912;49,97;
16:49:04;5874;49,97;
16:49:07;5910;49,98;
16:49:10;5858;49,98;
16:49:16;5866;49,98;
16:49:19;5902;49,98;
16:49:22;5852;49,98;
16:49:25;5896;49,98;
16:49:28;5854;49,98;
16:49:31;5888;49,97;
16:49:34;5882;49,97;
16:49:37;5832;49,97;
16:49:40;5842;49,97;
16:49:43;5874;49,97;
16:49:46;5838;49,97;
16:49:49;5866;49,97;
16:49:52;5846;49,97;
16:49:55;5866;49,96;
16:49:58;5868;49,96;
16:50:01;5832;49,96;
16:50:04;5842;49,96;
16:50:07;5836;49,96;
16:50:10;5842;49,96;
16:50:13;5792;49,96;
16:50:16;5828;49,96;
16:50:22;5816;49,95;
16:50:25;5764;49,96;
16:50:28;5808;49,96;
16:50:31;5780;49,96;
16:50:34;5818;49,96;
16:50:37;5766;49,96;
16:50:40;5820;49,96;
16:50:43;5818;49,95;
16:50:46;5810;49,95;
16:50:49;5756;49,95;
16:50:52;5802;49,95;
16:50:55;5770;49,95;
16:50:58;5782;49,95;
16:51:01;5726;49,95;
16:51:04;5766;49,95;
16:51:07;5722;49,96;
16:51:10;5712;49,95;
16:51:13;5636;49,95;
16:51:16;5646;49,96;
16:51:19;5612;49,95;
16:51:22;5644;49,96;
16:51:28;5658;49,96;
16:51:31;5630;49,96;
16:51:34;5648;49,96;
16:51:37;5592;49,96;
16:51:40;5628;49,96;
16:51:43;5606;49,96;
16:51:46;5628;49,96;
16:51:49;5636;49,96;
16:51:52;5662;49,96;
16:51:55;5652;49,96;
16:51:58;5684;49,97;
16:52:01;5642;49,97;
16:52:04;5714;49,98;
16:52:07;5698;49,97;
16:52:10;5720;49,97;
16:52:13;5672;49,96;
16:52:16;5714;49,96;
16:52:19;5690;49,96;
16:52:22;5698;49,96;
16:52:25;5642;49,96;
16:52:28;5702;49,96;
16:52:34;5698;49,97;
16:52:37;5640;49,97;
16:52:40;5684;49,97;
16:52:43;5664;49,97;
16:52:46;5686;49,97;
16:52:49;5646;49,97;
16:52:52;5678;49,97;
16:52:55;5688;49,97;
16:52:58;5680;49,97;
16:53:01;5662;49,97;
16:53:04;5650;49,98;
16:53:07;5676;49,98;
16:53:10;5682;49,98;
16:53:13;5698;49,98;
16:53:19;5698;49,97;
16:53:22;5662;49,97;
16:53:25;5626;49,97;
16:53:28;5542;49,97;
16:53:31;5536;49,97;
16:53:34;5496;49,97;
16:53:37;5504;49,97;
16:53:40;5492;49,97;
16:53:43;5450;49,97;
16:53:46;5412;49,97;
16:53:49;5414;49,97;
16:53:52;5358;49,98;
16:53:55;5404;49,98;
16:53:58;5394;49,98;
16:54:01;5426;49,98;
16:54:04;5404;49,98;
16:54:07;5498;49,97;
16:54:10;5494;49,97;
16:54:13;5534;49,98;
16:54:16;5488;49,98;
16:54:19;5552;49,97;
16:54:25;5552;49,96;
16:54:28;5494;49,96;
16:54:31;5548;49,97;
16:54:34;5530;49,97;
16:54:37;5546;49,97;
16:54:40;5494;49,97;
16:54:43;5548;49,98;
16:54:46;5550;49,97;
16:54:49;5546;49,97;
16:54:52;5504;49,98;
16:54:55;5540;49,98;
16:54:58;5528;49,98;
16:55:01;5546;49,97;
16:55:04;5530;49,97;
16:55:07;5524;49,97;
16:55:10;5554;49,96;
16:55:13;5570;49,96;
16:55:16;5574;49,96;
16:55:19;5582;49,96;
16:55:22;5586;49,97;
16:55:25;5590;49,96;
16:55:40;5586;49,96;
16:55:43;5584;49,96;
16:55:46;5582;49,96;
16:55:49;5568;49,97;
16:55:52;5580;49,97;
16:55:55;5572;49,98;
16:55:58;5570;49,98;
16:56:01;5564;49,97;
16:56:04;5560;49,97;
16:56:07;5554;49,97;
16:56:10;5550;49,98;
16:56:13;5536;49,98;
16:56:16;5540;49,97;
16:56:19;5536;49,97;
16:56:22;5544;49,96;
16:56:25;5538;49,96;
16:56:31;5536;49,96;
16:56:37;5528;49,96;
16:56:40;5524;49,95;
16:56:43;5510;49,95;
16:56:46;5506;49,95;
16:56:49;5500;49,95;
16:56:52;5498;49,96;
16:56:55;5442;49,96;
16:56:58;5492;49,96;
16:57:01;5482;49,96;
16:57:04;5480;49,96;
16:57:07;5470;49,96;
16:57:10;5464;49,96;
16:57:13;5460;49,96;
16:57:19;5416;49,96;
16:57:22;5468;49,96;
16:57:25;5464;49,96;
16:57:28;5498;49,96;
16:57:31;5490;49,96;
16:57:34;5504;49,97;
16:57:37;5478;49,97;
16:57:40;5498;49,97;
16:57:43;5494;49,97;
16:57:46;5484;49,98;
16:57:49;5460;49,98;
16:57:52;5470;49,99;
16:57:55;5422;50,00;
16:57:58;5458;50,00;
16:58:01;5450;50,00;
16:58:04;5442;50,00;
16:58:07;5408;50,00;
16:58:10;5424;50,00;
16:58:13;5426;50,00;
16:58:16;5422;49,99;
16:58:19;5428;49,99;
16:58:22;5424;49,99;
16:58:28;5416;49,98;
16:58:31;5414;49,98;
16:58:34;5410;49,98;
16:58:37;5404;49,99;
16:58:40;5396;49,99;
16:58:43;5394;50,00;
16:58:46;5360;50,00;
16:58:49;5386;49,99;
16:58:52;5384;49,98;
16:58:55;5386;49,98;
16:58:58;5394;49,98;
16:59:01;5398;49,98;
16:59:10;5366;49,99;
16:59:13;5398;49,99;
16:59:19;5394;49,99;
16:59:22;5390;49,99;
16:59:25;5388;49,98;
16:59:28;5384;49,98;
16:59:34;5382;49,98;
16:59:37;5384;49,97;
16:59:40;5382;49,97;
16:59:43;5384;49,96;
16:59:46;5382;49,96;
16:59:49;5380;49,96;
16:59:52;5352;49,96;
16:59:55;5380;49,97;
16:59:58;5366;49,96;
17:00:01;5370;49,96;
17:00:04;5368;49,97;
17:00:10;5342;49,98;
17:00:13;5356;49,98;
17:00:16;5342;49,99;
17:00:19;5350;50,00;
17:00:22;5322;50,01;
17:00:25;5352;50,01;
17:00:28;5318;50,01;
17:00:31;5346;50,01;
17:00:34;5306;50,01;
17:00:40;5302;50,01;
17:00:43;5326;50,01;
17:00:46;5296;50,01;
17:00:49;5322;50,02;
17:00:52;5294;50,02;
17:00:55;5316;50,02;
17:01:01;5288;50,02;
17:01:04;5290;50,02;
17:01:07;5316;50,01;
17:01:10;5296;50,01;
17:01:13;5316;50,01;
17:01:16;5300;50,01;
17:01:19;5314;50,01;
17:01:22;5312;50,01;
17:01:25;5310;50,01;
17:01:28;5282;50,01;
17:01:31;5304;50,00;
17:01:34;5270;50,00;
17:01:37;5298;50,01;
17:01:40;5268;50,01;
17:01:46;5252;50,01;
17:01:49;5282;50,01;
17:01:52;5256;50,01;
17:01:55;5278;50,01;
17:01:58;5244;50,00;
17:02:01;5274;50,00;
17:02:04;5272;50,00;
17:02:07;5246;50,00;
17:02:10;5232;50,00;
17:02:13;5262;50,00;
17:02:19;5264;50,00;
17:02:22;5260;50,00;
17:02:31;5252;50,01;
17:02:43;5250;50,01;
17:02:46;5246;50,00;
17:02:49;5214;50,01;
17:02:52;5250;50,01;
17:02:55;5246;50,00;
17:02:58;5242;50,00;
17:03:01;5236;50,00;
17:03:04;5240;50,01;
17:03:07;5234;50,01;
17:03:10;5230;50,01;
17:03:13;5216;50,01;
17:03:16;5226;50,01;
17:03:19;5210;50,00;
17:03:22;5216;50,00;
17:03:25;5182;50,00;
17:03:28;5214;50,00;
17:03:31;5192;50,00;
17:03:37;5172;49,99;
17:03:40;5204;49,99;
17:03:43;5178;49,99;
17:03:46;5198;50,00;
17:03:49;5162;50,00;
17:03:52;5196;50,00;
17:03:55;5194;50,00;
17:03:58;5174;50,00;
17:04:01;5152;50,00;
17:04:04;5184;50,00;
17:04:07;5168;50,00;
17:04:10;5184;50,00;
17:04:13;5146;50,00;
17:04:16;5182;50,00;
17:04:19;5182;49,99;
17:04:22;5176;49,99;
17:04:25;5138;49,98;
17:04:28;5170;49,99;
17:04:31;5156;49,99;
17:04:34;5168;50,00;
17:04:37;5104;50,00;
17:04:43;5146;49,99;
17:04:46;5162;49,99;
17:04:49;5104;49,98;
17:04:52;5158;49,98;
17:04:55;5148;49,98;
17:04:58;5158;49,98;
17:05:01;5156;49,99;
17:05:04;5102;49,99;
17:05:07;5146;50,00;
17:05:10;5142;50,00;
17:05:13;5124;50,01;
17:05:16;5134;50,01;
17:05:19;5152;50,01;
17:05:22;5154;50,01;
17:05:28;5150;50,00;
17:05:31;5128;50,00;
17:05:34;5150;50,00;
17:05:37;5096;49,99;
17:05:40;5144;49,99;
17:05:43;5118;49,99;
17:05:49;5092;50,00;
17:05:52;5132;50,00;
17:05:55;5110;50,00;
17:05:58;5122;50,00;
17:06:01;5078;50,00;
17:06:04;5114;50,00;
17:06:07;5108;50,00;
17:06:10;5106;50,00;
17:06:13;5098;50,01;
17:06:16;5086;50,01;
17:06:19;5080;50,01;
17:06:22;5068;50,01;
17:06:25;5090;50,01;
17:06:28;5054;50,01;
17:06:31;5082;50,01;
17:06:34;5034;50,01;
17:06:37;5070;50,00;
17:06:40;5040;50,00;
17:06:43;5060;50,00;
17:06:46;5014;50,00;
17:06:49;5052;50,01;
17:06:52;5046;50,01;
17:06:55;5014;50,01;
17:06:58;4994;50,01;
17:07:01;5028;50,01;
17:07:04;4998;50,01;
17:07:07;5022;50,01;
17:07:10;4978;50,01;
17:07:13;5006;50,01;
17:07:16;5000;50,00;
17:07:19;4990;50,00;
17:07:22;4974;50,00;
17:07:25;4978;49,99;
17:07:28;4960;50,00;
17:07:31;4986;50,00;
17:07:34;4940;50,00;
17:07:40;4948;50,00;
17:07:43;4974;50,00;
17:07:46;4926;49,99;
17:07:49;4966;49,99;
17:07:52;4938;49,99;
17:07:55;4960;49,99;
17:07:58;4962;49,99;
17:08:01;4916;50,00;
17:08:04;4930;50,00;
17:08:07;4938;50,00;
17:08:10;4910;50,00;
17:08:13;4928;50,00;
17:08:16;4922;50,00;
17:08:19;4908;50,00;
17:08:22;4922;50,00;
17:08:25;4896;50,00;
17:08:28;4918;50,00;
17:08:31;4890;49,99;
17:08:34;4910;49,98;
17:08:37;4870;49,98;
17:08:40;4906;49,98;
17:08:46;4908;49,98;
17:08:49;4868;49,99;
17:08:52;4906;49,99;
17:08:55;4880;50,00;
17:08:58;4904;50,00;
17:09:01;4864;50,00;
17:09:04;4900;50,00;
17:09:07;4902;50,00;
17:09:10;4896;49,99;
17:09:13;4862;49,99;
17:09:16;4892;49,99;
17:09:19;4864;50,00;
17:09:22;4890;50,00;
17:09:25;4862;50,00;
17:09:28;4886;50,00;
17:09:31;4858;50,00;
17:09:34;4888;50,00;
17:09:37;4864;50,00;
17:09:40;4884;50,00;
17:09:43;4842;50,00;
17:09:46;4882;49,99;
17:09:52;4876;49,99;
17:09:55;4838;49,98;
17:09:58;4876;49,98;
17:10:01;4852;49,98;
17:10:04;4874;49,99;
17:10:07;4836;49,99;
17:10:10;4874;49,99;
17:10:13;4870;49,99;
17:10:16;4866;49,98;
17:10:19;4832;49,98;
17:10:22;4864;49,98;
17:10:25;4834;49,98;
17:10:28;4860;49,98;
17:10:31;4824;49,98;
17:10:34;4858;49,98;
17:10:37;4828;49,99;
17:10:40;4854;49,99;
17:10:43;4818;50,00;
17:10:46;4852;50,00;
17:10:49;4822;50,01;
17:10:52;4850;50,00;
17:10:58;4842;50,00;
17:11:01;4810;50,01;
17:11:04;4834;50,00;
17:11:07;4798;50,00;
17:11:10;4828;49,99;
17:11:13;4810;49,99;
17:11:16;4808;49,98;
17:11:19;4818;49,99;
17:11:22;4798;49,99;
17:11:25;4804;49,98;
17:11:28;4778;49,98;
17:11:31;4792;49,98;
17:11:34;4772;49,98;
17:11:37;4794;49,98;
17:11:43;4790;49,99;
17:11:46;4756;49,99;
17:11:49;4782;49,99;
17:11:52;4748;50,00;
17:11:55;4776;49,99;
17:11:58;4744;50,00;
17:12:01;4772;49,99;
17:12:04;4770;49,99;
17:12:07;4766;49,99;
17:12:10;4732;50,00;
17:12:13;4760;49,99;
17:12:16;4722;49,99;
17:12:19;4752;49,99;
17:12:22;4722;49,99;
17:12:25;4752;49,99;
17:12:28;4716;49,99;
17:12:31;4748;49,99;
17:12:34;4718;49,99;
17:12:37;4738;49,99;
17:12:40;4702;49,99;
17:12:43;4734;49,98;
17:12:49;4726;49,98;
17:12:52;4686;49,98;
17:12:55;4712;49,98;
17:12:58;4682;49,98;
17:13:01;4702;49,98;
17:13:04;4664;49,98;
17:13:07;4696;49,98;
17:13:10;4694;49,98;
17:13:13;4686;49,98;
17:13:16;4662;49,98;
17:13:19;4676;49,98;
17:13:22;4652;49,97;
17:13:25;4662;49,98;
17:13:28;4660;49,98;
17:13:31;4632;49,98;
17:13:34;4646;49,98;
17:13:37;4650;49,98;
17:13:40;4648;49,98;
17:13:43;4646;49,98;
17:13:46;4644;49,98;
17:13:49;4640;49,98;
17:13:55;4640;49,99;
17:13:58;4642;49,99;
17:14:01;4638;49,98;
17:14:04;4636;49,98;
17:14:07;4634;49,99;
17:14:13;4602;49,99;
17:14:16;4628;49,99;
17:14:19;4626;49,98;
17:14:22;4610;49,98;
17:14:25;4628;49,98;
17:14:28;4624;49,98;
17:14:31;4628;49,98;
17:14:34;4618;49,98;
17:14:37;4602;49,98;
17:14:40;4622;50,00;
17:14:46;4620;50,00;
17:14:49;4618;50,01;
17:14:52;4620;50,01;
17:14:55;4610;50,00;
17:15:01;4602;50,00;
17:15:04;4602;50,01;
17:15:07;4596;50,00;
17:15:13;4592;50,00;
17:15:16;4592;50,01;
17:15:19;4570;50,01;
17:15:22;4584;50,01;
17:15:25;4586;50,00;
17:15:31;4580;50,00;
17:15:34;4578;49,99;
17:15:37;4572;49,98;
17:15:40;4570;49,98;
17:15:43;4536;49,97;
17:15:46;4558;49,97;
17:15:49;4514;49,98;
17:15:52;4548;49,98;
17:15:55;4514;49,99;
17:15:58;4542;50,00;
17:16:01;4512;50,01;
17:16:04;4544;50,01;
17:16:07;4530;50,01;
17:16:10;4518;50,01;
17:16:13;4496;50,01;
17:16:16;4510;50,01;
17:16:19;4450;50,01;
17:16:22;4498;50,01;
17:16:25;4476;50,01;
17:16:28;4480;50,01;
17:16:31;4466;50,01;
17:16:34;4470;50,00;
17:16:37;4458;50,00;
17:16:40;4454;50,00;
17:16:43;4448;50,01;
17:16:46;4440;50,00;
17:16:52;4424;50,00;
17:16:55;4420;50,00;
17:16:58;4410;50,00;
17:17:01;4404;50,00;
17:17:04;4392;50,00;
17:17:07;4388;50,00;
17:17:10;4360;50,00;
17:17:13;4378;50,00;
17:17:16;4362;50,00;
17:17:19;4358;50,00;
17:17:22;4348;50,00;
17:17:25;4344;50,00;
17:17:28;4334;50,00;
17:17:31;4330;50,00;
17:17:34;4310;50,00;
17:17:37;4322;50,00;
17:17:40;4312;50,00;
17:17:43;4344;50,01;
17:17:46;4336;50,00;
17:17:49;4394;50,00;
17:17:58;4412;50,00;
17:18:01;4410;50,00;
17:18:04;4406;49,99;
17:18:07;4402;50,00;
17:18:10;4396;50,00;
17:18:13;4396;49,99;
17:18:16;4358;49,99;
17:18:19;4396;49,99;
17:18:22;4378;49,99;
17:18:25;4386;49,99;
17:18:28;4366;49,99;
17:18:31;4382;49,98;
17:18:34;4376;49,98;
17:18:37;4374;49,98;
17:18:40;4332;49,98;
17:18:43;4368;49,98;
17:18:46;4366;49,98;
17:18:49;4364;49,98;
17:18:52;4358;49,99;
17:18:55;4354;49,99;
17:18:58;4352;49,99;
17:19:04;4346;49,99;
17:19:07;4344;49,99;
17:19:10;4336;49,98;
17:19:13;4334;49,98;
17:19:16;4330;49,98;
17:19:19;4322;49,98;
17:19:22;4306;49,98;
17:19:25;4304;49,98;
17:19:28;4296;49,98;
17:19:31;4294;49,99;
17:19:34;4274;50,00;
17:19:37;4284;50,00;
17:19:40;4250;50,00;
17:19:43;4272;50,00;
17:19:46;4266;50,00;
17:19:49;4254;50,00;
17:19:52;4222;50,00;
17:19:55;4238;50,00;
17:20:01;4228;50,00;
17:20:04;4194;49,99;
17:20:10;4204;49,98;
17:20:13;4226;49,97;
17:20:16;4224;49,97;
17:20:19;4222;49,97;
17:20:22;4220;49,98;
17:20:25;4218;49,97;
17:20:28;4214;49,97;
17:20:31;4168;49,97;
17:20:34;4216;49,97;
17:20:37;4214;49,96;
17:20:40;4212;49,97;
17:20:43;4210;49,97;
17:20:46;4206;49,97;
17:20:49;4204;49,97;
17:20:55;4198;49,97;
17:21:01;4194;49,98;
17:21:04;4196;49,98;
17:21:07;4190;49,99;
17:21:10;4188;49,99;
17:21:13;4162;50,00;
17:21:16;4182;50,00;
17:21:19;4168;49,98;
17:21:22;4174;49,98;
17:21:25;4162;49,97;
17:21:28;4168;49,96;
17:21:31;4140;49,96;
17:21:34;4166;49,96;
17:21:37;4154;49,96;
17:21:40;4160;49,96;
17:21:43;4116;49,96;
17:21:46;4156;49,97;
17:21:49;4126;49,98;
17:21:52;4148;49,98;
17:21:55;4102;49,98;
17:22:01;4108;49,97;
17:22:04;4132;49,97;
17:22:07;4088;49,98;
17:22:10;4130;49,98;
17:22:13;4106;49,98;
17:22:16;4128;49,98;
17:22:19;4126;49,98;
17:22:22;4083;49,98;
17:22:25;4095;49,98;
17:22:28;4116;49,98;
17:22:31;4072;49,97;
17:22:34;4110;49,97;
17:22:37;4083;49,97;
17:22:40;4100;49,97;
17:22:46;4098;49,97;
17:22:49;4069;49,97;
17:22:52;4091;49,97;
17:22:55;4044;49,97;
17:22:58;4085;49,97;
17:23:01;4058;49,97;
17:23:07;4036;49,96;
17:23:10;4074;49,96;
17:23:13;4050;49,97;
17:23:16;4069;49,97;
17:23:19;4039;49,98;
17:23:22;4059;49,98;
17:23:25;4066;49,98;
17:23:28;4041;49,98;
17:23:31;4023;49,98;
17:23:34;4061;49,98;
17:23:37;4034;49,97;
17:23:40;4057;49,97;
17:23:43;4016;49,97;
17:23:46;4051;49,97;
17:23:49;4050;49,97;
17:23:52;4042;49,97;
17:23:55;4005;49,98;
17:23:58;4037;49,98;
17:24:01;4008;49,98;
17:24:04;4023;49,98;
17:24:07;4000;49,98;
17:24:13;4002;49,98;
17:24:16;4014;49,98;
17:24:19;4002;49,98;
17:24:22;4005;49,98;
17:24:25;3973;49,98;
17:24:28;4004;49,98;
17:24:31;4017;49,98;
17:24:34;4003;49,98;
17:24:37;3991;49,97;
17:24:40;3977;49,97;
17:24:43;4002;49,98;
17:24:46;3973;49,98;
17:24:49;3991;49,97;
17:24:52;3956;49,97;
17:24:58;3965;49,97;
17:25:01;3982;49,97;
17:25:04;3994;49,98;
17:25:07;3976;49,97;
17:25:13;3993;49,97;
17:25:19;3956;49,98;
17:25:22;3960;49,98;
17:25:25;3978;49,98;
17:25:28;3935;49,98;
17:25:31;3970;49,98;
17:25:34;3936;49,97;
17:25:37;3954;49,97;
17:25:40;3952;49,97;
17:25:43;3942;49,96;
17:25:46;3910;49,96;
17:25:49;3928;49,96;
17:25:52;3896;49,96;
17:25:55;3916;49,97;
17:25:58;3890;49,97;
17:26:04;3898;49,98;
17:26:07;3895;49,98;
17:26:10;3870;49,99;
17:26:13;3887;49,98;
17:26:16;3898;49,98;
17:26:19;3884;49,98;
17:26:22;3894;49,98;
17:26:25;3842;49,98;
17:26:28;3866;49,97;
17:26:31;3859;49,97;
17:26:34;3866;49,96;
17:26:37;3855;49,96;
17:26:40;3869;49,96;
17:26:43;3857;49,97;
17:26:46;3845;49,97;
17:26:49;3807;49,96;
17:26:52;3838;49,96;
17:26:55;3867;49,96;
17:26:58;3862;49,96;
17:27:01;3793;49,96;
17:27:04;3827;49,97;
17:27:10;3826;49,97;
17:27:13;3821;49,97;
17:27:16;3857;49,97;
17:27:19;3821;49,97;
17:27:22;3823;49,97;
17:27:25;3752;49,97;
17:27:28;3823;49,97;
17:27:31;3824;49,97;
17:27:34;3854;49,98;
17:27:37;3789;49,98;
17:27:40;3818;49,98;
17:27:43;3763;49,98;
17:27:46;3815;49,97;
17:27:49;3814;49,97;
17:27:52;3816;49,97;
17:27:55;3802;49,97;
17:27:58;3807;49,98;
17:28:01;3714;49,98;
17:28:04;3805;49,98;
17:28:07;3825;49,98;
17:28:10;3831;49,98;
17:28:16;3789;49,98;
17:28:19;3712;49,98;
17:28:22;3780;49,98;
17:28:28;3809;49,97;
17:28:31;3768;49,96;
17:28:34;3774;49,96;
17:28:37;3770;49,96;
17:28:40;3763;49,96;
17:28:43;3785;49,96;
17:28:46;3790;49,97;
17:28:49;3725;49,97;
17:28:52;3753;49,97;
17:28:55;3673;49,97;
17:28:58;3747;49,97;
17:29:01;3748;49,97;
17:29:04;3771;49,97;
17:29:07;3723;49,97;
17:29:10;3736;49,98;
17:29:13;3635;49,98;
17:29:16;3730;49,98;
17:29:22;3750;49,98;
17:29:25;3693;49,98;
17:29:28;3716;49,98;
17:29:31;3665;49,98;
17:29:34;3672;49,98;
17:29:37;3705;49,97;
17:29:40;3713;49,97;
17:29:43;3723;49,97;
17:29:46;3690;49,96;
17:29:49;3684;49,96;
17:29:52;3609;49,96;
17:29:55;3694;49,96;
17:29:58;3712;49,97;
17:30:01;3721;49,97;
17:30:07;3688;49,96;
17:30:10;3614;49,96;
17:30:13;3680;49,96;
17:30:16;3679;49,96;
17:30:19;3698;49,97;
17:30:22;3665;49,98;
17:30:25;3673;49,98;
17:30:28;3674;49,99;
17:30:31;3664;50,00;
17:30:34;3669;50,00;
17:30:37;3658;49,99;
17:30:40;3641;49,99;
17:30:43;3642;49,99;
17:30:46;3597;49,99;
17:30:49;3637;49,99;
17:30:52;3630;49,99;
17:30:55;3635;49,99;
17:30:58;3580;50,00;
17:31:01;3628;50,00;
17:31:04;3617;50,01;
17:31:07;3619;50,01;
17:31:13;3600;50,00;
17:31:16;3593;50,00;
17:31:19;3590;50,00;
17:31:22;3555;49,99;
17:31:25;3576;49,99;
17:31:28;3582;49,99;
17:31:31;3564;49,99;
17:31:34;3578;49,99;
17:31:37;3557;49,99;
17:31:40;3551;49,99;
17:31:43;3554;49,99;
17:31:46;3553;50,00;
17:31:49;3551;50,00;
17:31:52;3548;50,00;
17:31:55;3503;50,00;
17:31:58;3539;50,00;
17:32:01;3532;50,00;
17:32:04;3539;50,01;
17:32:07;3535;50,01;
17:32:10;3550;50,00;
17:32:13;3546;50,00;
17:32:19;3544;49,99;
17:32:25;3546;49,99;
17:32:28;3548;49,99;
17:32:31;3547;50,00;
17:32:37;3522;50,00;
17:32:40;3545;50,00;
17:32:43;3546;50,00;
17:32:46;3547;50,00;
17:32:49;3546;49,99;
17:32:55;3540;50,00;
17:32:58;3542;50,00;
17:33:01;3518;49,99;
17:33:04;3539;49,99;
17:33:07;3537;49,99;
17:33:13;3533;49,99;
17:33:16;3530;49,99;
17:33:19;3527;49,98;
17:33:25;3516;49,98;
17:33:28;3515;49,98;
17:33:31;3511;49,99;
17:33:34;3509;50,00;
17:33:40;3505;50,00;
17:33:43;3459;50,00;
17:33:46;3495;50,00;
17:33:49;3492;50,00;
17:33:52;3489;50,00;
17:33:55;3455;50,00;
17:33:58;3480;50,00;
17:34:01;3454;50,00;
17:34:04;3474;50,00;
17:34:10;3465;49,98;
17:34:13;3439;49,98;
17:34:16;3455;49,97;
17:34:19;3445;49,98;
17:34:22;3451;49,98;
17:34:25;3428;49,98;
17:34:28;3443;49,98;
17:34:31;3440;49,98;
17:34:34;3433;49,98;
17:34:37;3408;49,98;
17:34:40;3435;49,98;
17:34:43;3429;49,97;
17:34:46;3428;49,97;
17:34:49;3414;49,97;
17:34:52;3410;49,97;
17:34:55;3425;49,97;
17:34:58;3423;49,97;
17:35:04;3420;49,98;
17:35:07;3421;49,98;
17:35:10;3419;49,98;
17:35:16;3423;49,99;
17:35:19;3423;49,98;
17:35:22;3421;49,98;
17:35:25;3422;49,98;
17:35:28;3421;49,98;
17:35:34;3385;49,97;
17:35:37;3425;49,97;
17:35:40;3420;49,97;
17:35:43;3435;49,97;
17:35:46;3435;49,98;
17:35:52;3432;49,98;
17:35:55;3430;49,99;
17:35:58;3390;49,99;
17:36:01;3427;49,99;
17:36:04;3425;49,99;
17:36:07;3423;49,99;
17:36:10;3418;49,99;
17:36:13;3417;49,99;
17:36:16;3414;49,99;
17:36:22;3403;49,98;
17:36:25;3405;49,98;
17:36:28;3400;49,98;
17:36:34;3376;49,97;
17:36:37;3398;49,97;
17:36:40;3384;49,96;
17:36:43;3385;49,96;
17:36:46;3353;49,96;
17:36:49;3383;49,96;
17:36:52;3364;49,97;
17:36:55;3377;49,97;
17:36:58;3334;49,97;
17:37:01;3372;49,97;
17:37:04;3370;49,97;
17:37:07;3367;49,98;
17:37:10;3344;49,97;
17:37:13;3362;49,97;
17:37:16;3323;49,96;
17:37:19;3358;49,96;
17:37:22;3337;49,95;
17:37:28;3331;49,96;
17:37:31;3342;49,96;
17:37:34;3302;49,96;
17:37:37;3334;49,96;
17:37:40;3313;49,96;
17:37:43;3328;49,96;
17:37:46;3323;49,96;
17:37:49;3287;49,96;
17:37:52;3293;49,96;
17:37:55;3310;49,96;
17:37:58;3265;49,96;
17:38:01;3300;49,96;
17:38:04;3281;49,97;
17:38:07;3286;49,97;
17:38:10;3288;49,97;
17:38:13;3275;49,96;
17:38:16;3247;49,96;
17:38:19;3264;49,96;
17:38:22;3259;49,96;
17:38:25;3252;49,96;
17:38:28;3232;49,97;
17:38:34;3239;49,97;
17:38:37;3225;49,97;
17:38:40;3223;49,97;
17:38:43;3217;49,97;
17:38:46;3231;49,97;
17:38:49;3209;49,96;
17:38:52;3204;49,97;
17:38:55;3182;49,96;
17:38:58;3201;49,96;
17:39:01;3197;49,96;
17:39:04;3213;49,96;
17:39:07;3191;49,96;
17:39:10;3190;49,96;
17:39:13;3186;49,96;
17:39:19;3191;49,96;
17:39:22;3206;49,96;
17:39:25;3187;49,97;
17:39:28;3186;49,96;
17:39:31;3185;49,96;
17:39:34;3188;49,96;
17:39:37;3180;49,96;
17:39:40;3192;49,96;
17:39:43;3176;49,96;
17:39:46;3186;49,95;
17:39:49;3176;49,96;
17:39:52;3177;49,96;
17:39:55;3158;49,96;
17:39:58;3174;49,96;
17:40:01;3163;49,96;
17:40:04;3161;49,96;
17:40:07;3151;49,96;
17:40:10;3154;49,96;
17:40:13;3137;49,96;
17:40:16;3149;49,96;
17:40:19;3124;49,96;
17:40:25;3146;49,97;
17:40:28;3134;49,96;
17:40:31;3113;49,96;
17:40:34;3128;49,96;
17:40:37;3107;49,96;
17:40:40;3121;49,96;
17:40:43;3118;49,95;
17:40:46;3136;49,95;
17:40:49;3095;49,96;
17:40:52;3104;49,96;
17:40:55;3080;49,96;
17:40:58;3095;49,96;
17:41:01;3122;49,96;
17:41:04;3086;49,96;
17:41:07;3134;49,96;
17:41:10;3083;49,96;
17:41:13;3058;49,96;
17:41:16;3069;49,96;
17:41:19;3082;49,96;
17:41:22;3074;49,96;
17:41:25;3064;49,96;
17:41:31;3028;49,96;
17:41:34;3048;49,96;
17:41:37;3038;49,96;
17:41:40;3070;49,96;
17:41:43;3072;49,96;
17:41:46;3021;49,96;
17:41:49;3027;49,96;
17:41:52;3018;49,96;
17:41:55;3001;49,97;
17:41:58;3049;49,97;
17:42:01;3056;49,97;
17:42:04;3000;49,97;
17:42:07;2996;49,96;
17:42:10;3005;49,97;
17:42:13;2988;49,97;
17:42:16;2968;49,98;
17:42:19;2996;49,98;
17:42:22;2976;49,97;
17:42:25;2996;49,96;
17:42:28;3038;49,96;
17:42:31;3046;49,95;
17:42:37;2986;49,95;
17:42:40;2969;49,95;
17:42:43;2984;49,95;
17:42:46;3008;49,95;
17:42:49;3023;49,96;
17:42:52;2971;49,96;
17:42:55;2979;49,96;
17:42:58;2975;49,96;
17:43:01;2974;49,96;
17:43:04;2986;49,96;
17:43:07;2973;49,97;
17:43:10;2947;49,96;
17:43:13;2966;49,96;
17:43:16;2951;49,97;
17:43:22;2949;49,97;
17:43:25;2958;49,97;
17:43:28;2949;49,96;
17:43:31;2957;49,96;
17:43:34;2931;49,96;
17:43:37;2950;49,96;
17:43:40;2948;49,96;
17:43:43;2934;49,96;
17:43:46;2923;49,96;
17:43:49;2939;49,96;
17:43:52;2926;49,96;
17:43:55;2930;49,96;
17:43:58;2906;49,96;
17:44:01;2921;49,96;
17:44:04;2918;49,96;
17:44:07;2914;49,97;
17:44:10;2900;49,97;
17:44:13;2913;49,97;
17:44:16;2906;49,97;
17:44:19;2913;49,97;
17:44:22;2896;49,97;
17:44:28;2888;49,97;
17:44:31;2900;49,97;
17:44:34;2880;49,98;
17:44:37;2891;49,98;
17:44:40;2889;49,97;
17:44:43;2883;49,97;
17:44:46;2889;49,97;
17:44:49;2876;49,96;
17:44:52;2889;49,97;
17:44:55;2880;49,97;
17:44:58;2875;49,97;
17:45:01;2876;49,97;
17:45:04;2881;49,97;
17:45:07;2865;49,98;
17:45:10;2878;49,98;
17:45:13;2862;49,98;
17:45:16;2877;49,98;
17:45:19;2860;49,98;
17:45:22;2871;49,98;
17:45:25;2855;49,98;
17:45:28;2872;49,98;
17:45:34;2867;49,99;
17:45:37;2848;49,99;
17:45:40;2863;49,99;
17:45:43;2849;50,00;
17:45:46;2862;50,00;
17:45:49;2845;50,00;
17:45:52;2860;50,00;
17:45:58;2856;50,00;
17:46:01;2839;50,00;
17:46:04;2850;50,00;
17:46:07;2843;50,00;
17:46:10;2852;50,01;
17:46:13;2817;50,01;
17:46:16;2836;50,01;
17:46:19;2823;50,01;
17:46:22;2829;50,00;
17:46:25;2824;50,00;
17:46:28;2831;50,00;
17:46:31;2810;50,00;
17:46:34;2818;50,01;
17:46:40;2813;50,01;
17:46:43;2810;50,01;
17:46:46;2817;50,00;
17:46:49;2805;50,00;
17:46:52;2798;50,00;
17:46:55;2790;50,00;
17:46:58;2795;50,00;
17:47:01;2804;49,99;
17:47:04;2807;50,00;
17:47:07;2814;50,00;
17:47:10;2800;49,99;
17:47:16;2799;49,98;
17:47:19;2800;49,98;
17:47:22;2817;49,98;
17:47:25;2815;49,99;
17:47:28;2788;49,99;
17:47:31;2799;50,00;
17:47:34;2797;50,00;
17:47:37;2799;50,00;
17:47:40;2776;50,00;
17:47:43;2799;50,00;
17:47:46;2810;50,00;
17:47:49;2759;50,00;
17:47:52;2748;50,00;
17:47:55;2800;50,00;
17:47:58;2791;50,00;
17:48:01;2783;50,00;
17:48:04;2770;50,00;
17:48:07;2789;50,00;
17:48:10;2765;49,99;
17:48:13;2786;49,99;
17:48:16;2752;49,99;
17:48:19;2781;49,99;
17:48:22;2774;50,00;
17:48:25;2778;50,00;
17:48:31;2770;50,00;
17:48:34;2759;49,99;
17:48:37;2761;49,99;
17:48:40;2712;49,99;
17:48:43;2752;49,98;
17:48:46;2741;49,98;
17:48:49;2748;49,98;
17:48:52;2743;49,98;
17:48:55;2731;49,97;
17:48:58;2717;49,98;
17:49:01;2723;49,98;
17:49:04;2686;49,98;
17:49:07;2712;49,98;
17:49:10;2705;49,98;
17:49:13;2707;49,98;
17:49:16;2657;49,98;
17:49:19;2692;49,98;
17:49:22;2677;49,98;
17:49:25;2674;49,99;
17:49:28;2656;49,99;
17:49:31;2661;49,99;
17:49:37;2651;50,00;
17:49:40;2652;50,00;
17:49:43;2650;50,00;
17:49:46;2647;50,00;
17:49:52;2634;50,00;
17:49:55;2646;50,00;
17:49:58;2643;50,00;
17:50:01;2637;50,00;
17:50:04;2625;50,00;
17:50:07;2630;49,99;
17:50:10;2631;49,99;
17:50:13;2626;49,99;
17:50:16;2627;49,99;
17:50:19;2590;49,99;
17:50:22;2618;49,99;
17:50:25;2609;49,99;
17:50:28;2614;49,99;
17:50:31;2612;49,98;
17:50:34;2610;49,98;
17:50:37;2606;49,98;
17:50:43;2596;49,98;
17:50:46;2593;49,98;
17:50:49;2591;49,98;
17:50:52;2598;49,98;
17:50:55;2581;49,98;
17:50:58;2576;49,98;
17:51:01;2559;49,98;
17:51:04;2575;49,98;
17:51:07;2570;49,98;
17:51:10;2582;49,98;
17:51:13;2563;49,98;
17:51:16;2561;49,97;
17:51:19;2558;49,97;
17:51:22;2559;49,97;
17:51:25;2560;49,97;
17:51:28;2564;49,96;
17:51:31;2551;49,96;
17:51:34;2548;49,97;
17:51:37;2537;49,98;
17:51:40;2541;49,98;
17:51:43;2535;49,98;
17:51:49;2526;49,98;
17:51:52;2530;49,98;
17:51:55;2516;49,98;
17:51:58;2520;49,98;
17:52:01;2515;49,99;
17:52:04;2522;50,00;
17:52:07;2519;50,00;
17:52:10;2511;50,00;
17:52:13;2509;50,00;
17:52:16;2504;49,99;
17:52:19;2514;49,99;
17:52:22;2520;49,99;
17:52:25;2486;49,99;
17:52:28;2494;50,00;
17:52:34;2488;49,99;
17:52:37;2506;49,99;
17:52:40;2508;49,98;
17:52:43;2474;49,98;
17:52:46;2475;49,98;
17:52:49;2470;49,99;
17:52:52;2467;49,98;
17:52:55;2471;49,99;
17:52:58;2481;49,98;
17:53:01;2475;49,98;
17:53:04;2464;49,98;
17:53:07;2456;49,98;
17:53:10;2457;49,98;
17:53:16;2454;49,98;
17:53:19;2457;49,99;
17:53:22;2446;49,99;
17:53:25;2442;49,99;
17:53:31;2440;50,00;
17:53:34;2434;49,99;
17:53:40;2430;49,98;
17:53:43;2428;49,98;
17:53:46;2419;49,97;
17:53:49;2421;49,97;
17:53:52;2420;49,98;
17:53:55;2417;49,98;
17:53:58;2393;49,98;
17:54:01;2412;49,99;
17:54:04;2408;50,00;
17:54:07;2407;50,00;
17:54:10;2404;50,00;
17:54:13;2401;50,00;
17:54:16;2397;50,00;
17:54:22;2378;49,99;
17:54:25;2389;49,99;
17:54:28;2384;49,98;
17:54:31;2382;49,97;
17:54:34;2379;49,97;
17:54:37;2380;49,97;
17:54:40;2374;49,98;
17:54:46;2367;49,97;
17:54:49;2369;49,97;
17:54:52;2359;49,97;
17:54:55;2362;49,98;
17:55:01;2359;49,98;
17:55:04;2358;49,98;
17:55:07;2349;49,98;
17:55:10;2351;49,98;
17:55:13;2347;49,98;
17:55:16;2315;49,98;
17:55:19;2346;49,99;
17:55:22;2348;49,98;
17:55:25;2340;49,98;
17:55:28;2348;49,98;
17:55:31;2335;49,98;
17:55:34;2330;49,98;
17:55:37;2332;49,99;
17:55:40;2337;49,99;
17:55:43;2328;49,99;
17:55:46;2335;49,99;
17:55:52;2281;49,99;
17:55:55;2322;49,99;
17:55:58;2332;49,99;
17:56:01;2337;50,00;
17:56:04;2297;50,00;
17:56:07;2305;50,00;
17:56:10;2301;50,00;
17:56:13;2290;50,00;
17:56:16;2295;50,00;
17:56:19;2303;50,00;
17:56:25;2270;49,99;
17:56:28;2268;49,98;
17:56:31;2262;49,97;
17:56:37;2280;49,97;
17:56:40;2285;49,97;
17:56:43;2260;49,97;
17:56:46;2262;49,97;
17:56:49;2255;49,97;
17:56:52;2260;49,97;
17:56:55;2266;49,97;
17:56:58;2261;49,98;
17:57:01;2262;49,98;
17:57:04;2267;49,98;
17:57:07;2265;49,98;
17:57:10;2264;49,98;
17:57:13;2261;49,99;
17:57:16;2266;49,99;
17:57:19;2222;49,99;
17:57:22;2253;49,99;
17:57:25;2250;49,99;
17:57:28;2251;50,00;
17:57:31;2247;50,00;
17:57:34;2250;50,00;
17:57:37;2241;49,99;
17:57:43;2233;49,99;
17:57:46;2238;49,99;
17:57:49;2237;50,00;
17:57:52;2240;50,00;
17:57:55;2234;50,00;
17:57:58;2233;50,00;
17:58:01;2232;50,00;
17:58:04;2223;49,99;
17:58:07;2213;49,98;
17:58:10;2224;49,98;
17:58:13;2218;49,98;
17:58:16;2216;49,98;
17:58:19;2190;49,98;
17:58:22;2214;49,98;
17:58:25;2217;49,98;
17:58:28;2211;49,99;
17:58:31;2179;49,99;
17:58:34;2207;49,99;
17:58:37;2207;50,00;
17:58:40;2206;50,00;
17:58:43;2179;50,01;
17:58:49;2206;50,01;
17:58:52;2203;50,00;
17:58:55;2174;50,01;
17:58:58;2202;50,00;
17:59:01;2197;50,00;
17:59:04;2200;50,00;
17:59:10;2170;50,01;
17:59:13;2192;50,01;
17:59:16;2195;50,01;
17:59:19;2170;50,01;
17:59:22;2194;50,01;
17:59:25;2187;50,01;
17:59:28;2191;50,02;
17:59:31;2189;50,01;
17:59:34;2185;50,01;
17:59:37;2179;50,02;
17:59:40;2181;50,02;
17:59:43;2155;50,02;
17:59:46;2180;50,02;
17:59:49;2173;50,02;
17:59:55;2146;50,01;
17:59:58;2170;50,01;
18:00:01;2165;50,01;
18:00:04;2158;50,01;
18:00:07;2148;50,00;
18:00:10;2155;50,01;
18:00:13;2167;50,01;
18:00:16;2156;50,01;
18:00:19;2144;49,99;
18:00:22;2129;49,99;
18:00:25;2145;49,99;
18:00:28;2137;49,99;
18:00:31;2146;49,98;
18:00:34;2117;49,98;
18:00:37;2135;49,98;
18:00:40;2128;50,00;
18:00:43;2132;50,01;
18:00:46;2108;50,02;
18:00:49;2126;50,03;
18:00:52;2116;50,03;
18:00:55;2119;50,04;
18:01:01;2115;50,05;
18:01:04;2106;50,05;
18:01:07;2110;50,05;
18:01:10;2087;50,05;
18:01:13;2104;50,05;
18:01:16;2093;50,06;
18:01:19;2098;50,06;
18:01:22;2091;50,06;
18:01:25;2092;50,05;
18:01:28;2083;50,05;
18:01:31;2089;50,05;
18:01:34;2063;50,05;
18:01:37;2080;50,04;
18:01:40;2074;50,05;
18:01:46;2056;50,05;
18:01:49;2075;50,05;
18:01:52;2069;50,06;
18:01:55;2073;50,06;
18:01:58;2052;50,06;
18:02:01;2068;50,06;
18:02:07;2060;50,06;
18:02:10;2041;50,06;
18:02:13;2060;50,06;
18:02:16;2051;50,06;
18:02:19;2055;50,06;
18:02:22;2042;50,07;
18:02:25;2054;50,07;
18:02:28;2050;50,07;
18:02:31;2045;50,07;
18:02:34;2026;50,06;
18:02:37;2040;50,06;
18:02:40;2030;50,06;
18:02:43;2038;50,06;
18:02:46;2017;50,06;
18:02:52;2020;50,06;
18:02:55;2026;50,06;
18:02:58;2006;50,06;
18:03:01;2021;50,06;
18:03:04;2011;50,07;
18:03:07;2007;50,06;
18:03:10;2011;50,06;
18:03:13;2000;50,06;
18:03:16;2003;50,06;
18:03:19;1989;50,06;
18:03:22;1997;50,06;
18:03:25;1985;50,05;
18:03:28;1988;50,05;
18:03:31;1971;50,05;
18:03:34;1982;50,05;
18:03:37;1976;50,05;
18:03:40;1973;50,05;
18:03:43;1952;50,05;
18:03:46;1967;50,05;
18:03:49;1966;50,05;
18:03:52;1962;50,05;
18:03:58;1959;50,05;
18:04:01;1957;50,05;
18:04:07;1945;50,05;
18:04:10;1953;50,05;
18:04:13;1948;50,05;
18:04:16;1949;50,05;
18:04:22;1944;50,05;
18:04:25;1940;50,05;
18:04:28;1942;50,05;
18:04:31;1932;50,05;
18:04:34;1939;50,05;
18:04:37;1936;50,05;
18:04:43;1923;50,05;
18:04:46;1932;50,05;
18:04:49;1926;50,05;
18:04:55;1915;50,05;
18:04:58;1920;50,05;
18:05:04;1915;50,04;
18:05:07;1906;50,05;
18:05:10;1914;50,05;
18:05:13;1910;50,05;
18:05:16;1911;50,05;
18:05:19;1900;50,05;
18:05:22;1907;50,05;
18:05:25;1906;50,05;
18:05:28;1902;50,05;
18:05:31;1875;50,05;
18:05:34;1897;50,05;
18:05:37;1895;50,05;
18:05:40;1894;50,05;
18:05:43;1878;50,04;
18:05:49;1887;50,04;
18:05:55;1880;50,04;
18:05:58;1886;50,04;
18:06:01;1883;50,04;
18:06:04;1878;50,04;
18:06:07;1882;50,04;
18:06:10;1879;50,03;
18:06:13;1878;50,04;
18:06:16;1883;50,04;
18:06:19;1885;50,04;
18:06:22;1866;50,04;
18:06:25;1876;50,04;
18:06:28;1873;50,04;
18:06:31;1876;50,04;
18:06:34;1859;50,05;
18:06:37;1874;50,05;
18:06:40;1863;50,05;
18:06:43;1869;50,05;
18:06:46;1851;50,05;
18:06:49;1865;50,05;
18:06:55;1860;50,05;
18:06:58;1843;50,05;
18:07:01;1858;50,05;
18:07:04;1846;50,05;
18:07:07;1852;50,05;
18:07:10;1834;50,05;
18:07:13;1849;50,05;
18:07:16;1848;50,05;
18:07:19;1844;50,04;
18:07:22;1824;50,04;
18:07:25;1839;50,04;
18:07:28;1831;50,04;
18:07:31;1834;50,04;
18:07:34;1818;50,04;
18:07:37;1833;50,04;
18:07:40;1826;50,04;
18:07:43;1828;50,04;
18:07:46;1813;50,04;
18:07:49;1824;50,05;
18:07:52;1819;50,05;
18:07:55;1823;50,06;
18:08:01;1821;50,07;
18:08:04;1818;50,07;
18:08:07;1816;50,07;
18:08:10;1799;50,07;
18:08:13;1812;50,06;
18:08:16;1808;50,06;
18:08:19;1803;50,05;
18:08:22;1804;50,05;
18:08:25;1797;50,05;
18:08:28;1794;50,05;
18:08:31;1784;50,04;
18:08:34;1765;50,03;
18:08:37;1768;50,03;
18:08:40;1762;50,03;
18:08:43;1766;50,03;
18:08:46;1754;50,04;
18:08:49;1757;50,04;
18:08:52;1750;50,04;
18:08:55;1754;50,04;
18:08:58;1740;50,04;
18:09:01;1749;50,04;
18:09:07;1744;50,04;
18:09:10;1731;50,04;
18:09:13;1740;50,04;
18:09:16;1738;50,04;
18:09:19;1736;50,03;
18:09:22;1726;50,04;
18:09:25;1722;50,04;
18:09:28;1730;50,03;
18:09:31;1726;50,04;
18:09:34;1726;50,03;
18:09:37;1724;50,03;
18:09:40;1723;50,03;
18:09:43;1720;50,03;
18:09:49;1696;50,03;
18:09:52;1715;50,03;
18:09:55;1712;50,03;
18:09:58;1709;50,03;
18:10:01;1707;50,03;
18:10:04;1706;50,03;
18:10:07;1700;50,03;
18:10:10;1705;50,03;
18:10:13;1702;50,03;
18:10:16;1698;50,02;
18:10:19;1693;50,02;
18:10:22;1696;50,01;
18:10:25;1673;50,01;
18:10:28;1690;50,01;
18:10:31;1683;50,01;
18:10:34;1687;50,01;
18:10:37;1679;50,01;
18:10:40;1683;50,01;
18:10:43;1677;50,01;
18:10:46;1681;50,01;
18:10:49;1667;50,01;
18:10:52;1678;50,01;
18:10:58;1679;50,02;
18:11:01;1670;50,02;
18:11:04;1676;50,03;
18:11:07;1670;50,03;
18:11:10;1673;50,02;
18:11:13;1660;50,02;
18:11:16;1667;50,02;
18:11:19;1670;50,01;
18:11:22;1667;50,01;
18:11:25;1659;50,00;
18:11:28;1664;50,00;
18:11:31;1665;50,00;
18:11:34;1659;50,00;
18:11:37;1658;50,00;
18:11:40;1653;50,00;
18:11:43;1642;50,00;
18:11:46;1649;50,00;
18:11:49;1645;50,01;
18:11:52;1648;50,01;
18:11:55;1636;50,01;
18:11:58;1641;50,01;
18:12:04;1644;50,01;
18:12:07;1637;50,01;
18:12:10;1642;50,01;
18:12:13;1640;50,00;
18:12:16;1642;50,00;
18:12:19;1639;50,00;
18:12:22;1645;50,01;
18:12:25;1637;50,01;
18:12:28;1638;50,01;
18:12:31;1639;50,01;
18:12:34;1631;50,01;
18:12:40;1629;50,00;
18:12:43;1626;50,00;
18:12:46;1621;50,00;
18:12:49;1623;50,00;
18:12:52;1620;50,01;
18:12:55;1622;50,01;
18:12:58;1618;50,01;
18:13:01;1616;50,00;
18:13:04;1612;50,00;
18:13:10;1602;50,01;
18:13:13;1603;50,01;
18:13:16;1598;50,01;
18:13:19;1596;50,01;
18:13:22;1590;50,01;
18:13:25;1588;50,01;
18:13:28;1583;50,01;
18:13:31;1586;50,01;
18:13:34;1577;50,01;
18:13:37;1574;50,01;
18:13:40;1572;50,01;
18:13:43;1571;50,01;
18:13:46;1567;50,01;
18:13:49;1564;50,01;
18:13:52;1563;50,02;
18:13:55;1560;50,01;
18:13:58;1558;50,01;
18:14:04;1555;50,01;
18:14:07;1552;50,00;
18:14:10;1544;50,00;
18:14:16;1550;50,00;
18:14:19;1543;50,00;
18:14:22;1531;50,00;
18:14:25;1537;50,00;
18:14:28;1540;50,01;
18:14:31;1535;50,01;
18:14:34;1533;50,01;
18:14:37;1522;50,01;
18:14:40;1530;50,01;
18:14:43;1525;50,01;
18:14:46;1523;50,01;
18:14:49;1518;50,01;
18:14:52;1517;50,01;
18:14:55;1514;50,01;
18:15:01;1510;50,01;
18:15:04;1506;50,01;
18:15:07;1504;50,01;
18:15:10;1501;50,00;
18:15:13;1500;50,00;
18:15:16;1497;50,01;
18:15:19;1489;50,01;
18:15:22;1495;50,01;
18:15:25;1489;50,00;
18:15:28;1487;50,00;
18:15:31;1482;50,00;
18:15:34;1483;50,00;
18:15:37;1481;50,01;
18:15:40;1480;50,01;
18:15:43;1470;50,02;
18:15:46;1476;50,03;
18:15:49;1471;50,03;
18:15:52;1472;50,03;
18:15:55;1468;50,03;
18:16:01;1466;50,03;
18:16:07;1461;50,02;
18:16:10;1459;50,02;
18:16:13;1459;50,01;
18:16:16;1458;50,01;
18:16:19;1453;50,01;
18:16:22;1454;50,01;
18:16:25;1446;50,01;
18:16:28;1452;50,01;
18:16:31;1449;50,00;
18:16:34;1446;50,00;
18:16:37;1444;50,00;
18:16:40;1442;50,00;
18:16:43;1439;49,99;
18:16:46;1438;49,98;
18:16:49;1428;49,99;
18:16:52;1435;49,99;
18:16:55;1430;50,00;
18:16:58;1431;50,00;
18:17:01;1430;50,00;
18:17:04;1429;50,00;
18:17:07;1426;50,00;
18:17:13;1418;50,00;
18:17:16;1423;50,00;
18:17:19;1417;50,00;
18:17:22;1420;50,00;
18:17:25;1408;50,00;
18:17:28;1415;50,00;
18:17:31;1409;49,99;
18:17:34;1419;49,99;
18:17:37;1401;49,99;
18:17:40;1412;50,00;
18:17:43;1411;50,00;
18:17:46;1408;50,00;
18:17:49;1396;50,00;
18:17:52;1403;49,99;
18:17:55;1401;49,99;
18:17:58;1399;49,98;
18:18:01;1390;49,98;
18:18:04;1395;49,98;
18:18:07;1390;49,98;
18:18:10;1392;49,98;
18:18:13;1386;49,99;
18:18:19;1386;50,00;
18:18:22;1387;50,00;
18:18:25;1378;50,00;
18:18:28;1383;50,00;
18:18:31;1376;50,00;
18:18:34;1378;50,00;
18:18:37;1376;50,00;
18:18:40;1365;50,00;
18:18:43;1365;49,99;
18:18:46;1367;49,99;
18:18:49;1352;49,99;
18:18:52;1364;49,99;
18:18:55;1356;49,99;
18:18:58;1360;49,99;
18:19:01;1364;49,99;
18:19:04;1355;49,98;
18:19:07;1343;49,98;
18:19:10;1346;49,98;
18:19:13;1338;49,97;
18:19:25;1347;49,97;
18:19:28;1338;49,98;
18:19:31;1346;49,98;
18:19:37;1343;49,98;
18:19:40;1331;49,98;
18:19:43;1339;49,99;
18:19:46;1341;49,99;
18:19:49;1333;49,99;
18:19:52;1323;49,98;
18:19:55;1330;49,98;
18:19:58;1331;49,98;
18:20:01;1330;49,98;
18:20:04;1308;49,98;
18:20:10;1325;49,97;
18:20:13;1323;49,98;
18:20:16;1316;49,97;
18:20:19;1319;49,97;
18:20:22;1316;49,96;
18:20:25;1314;49,96;
18:20:28;1309;49,96;
18:20:31;1302;49,96;
18:20:34;1309;49,96;
18:20:37;1306;49,96;
18:20:40;1288;49,96;
18:20:43;1299;49,97;
18:20:46;1298;49,96;
18:20:49;1294;49,96;
18:20:52;1293;49,96;
18:20:58;1294;49,96;
18:21:01;1289;49,97;
18:21:04;1275;49,98;
18:21:07;1284;49,98;
18:21:10;1281;49,97;
18:21:16;1266;49,97;
18:21:19;1270;49,96;
18:21:22;1264;49,96;
18:21:25;1260;49,96;
18:21:28;1255;49,97;
18:21:31;1257;49,97;
18:21:37;1249;49,96;
18:21:43;1248;49,96;
18:21:46;1244;49,96;
18:21:49;1247;49,97;
18:21:52;1234;49,96;
18:21:55;1243;49,96;
18:22:01;1239;49,97;
18:22:04;1233;49,97;
18:22:07;1235;49,97;
18:22:10;1230;49,96;
18:22:16;1217;49,96;
18:22:22;1225;49,96;
18:22:25;1217;49,97;
18:22:28;1215;49,96;
18:22:31;1219;49,96;
18:22:34;1222;49,95;
18:22:37;1210;49,95;
18:22:40;1217;49,95;
18:22:43;1212;49,95;
18:22:46;1214;49,95;
18:22:49;1215;49,96;
18:22:52;1213;49,96;
18:22:55;1211;49,96;
18:22:58;1210;49,96;
18:23:01;1209;49,96;
18:23:04;1207;49,96;
18:23:07;1198;49,96;
18:23:10;1203;49,96;
18:23:13;1202;49,96;
18:23:16;1198;49,96;
18:23:19;1194;49,96;
18:23:22;1197;49,95;
18:23:28;1195;49,94;
18:23:31;1190;49,94;
18:23:34;1192;49,94;
18:23:40;1189;49,94;
18:23:43;1180;49,94;
18:23:46;1186;49,95;
18:23:49;1185;49,95;
18:23:52;1179;49,95;
18:23:55;1173;49,95;
18:23:58;1180;49,96;
18:24:01;1176;49,96;
18:24:04;1169;49,96;
18:24:07;1167;49,96;
18:24:13;1169;49,95;
18:24:16;1166;49,95;
18:24:22;1157;49,95;
18:24:28;1153;49,95;
18:24:31;1154;49,95;
18:24:34;1153;49,95;
18:24:37;1149;49,95;
18:24:40;1140;49,95;
18:24:49;1140;49,96;
18:24:52;1136;49,96;
18:24:55;1139;49,96;
18:24:58;1134;49,95;
18:25:01;1136;49,95;
18:25:04;1130;49,95;
18:25:07;1130;49,96;
18:25:10;1124;49,96;
18:25:13;1127;49,96;
18:25:19;1124;49,95;
18:25:22;1118;49,95;
18:25:25;1120;49,95;
18:25:28;1117;49,95;
18:25:31;1115;49,95;
18:25:34;1111;49,95;
18:25:37;1114;49,95;
18:25:40;1115;49,95;
18:25:43;1110;49,96;
18:25:46;1114;49,96;
18:25:49;1105;49,96;
18:25:52;1096;49,95;
18:25:55;1100;49,95;
18:25:58;1099;49,94;
18:26:01;1092;49,94;
18:26:04;1095;49,95;
18:26:07;1096;49,95;
18:26:10;1081;49,95;
18:26:13;1092;49,96;
18:26:16;1090;49,96;
18:26:19;1091;49,96;
18:26:25;1088;49,96;
18:26:28;1086;49,96;
18:26:31;1085;49,96;
18:26:34;1083;49,96;
18:26:37;1084;49,96;
18:26:40;1079;49,96;
18:26:43;1080;49,96;
18:26:46;1079;49,96;
18:26:52;1077;49,96;
18:26:55;1075;49,96;
18:26:58;1072;49,96;
18:27:01;1068;49,96;
18:27:04;1069;49,96;
18:27:07;1073;49,96;
18:27:10;1066;49,96;
18:27:13;1064;49,96;
18:27:16;1059;49,96;
18:27:19;1065;49,95;
18:27:22;1057;49,96;
18:27:31;1054;49,96;
18:27:34;1056;49,96;
18:27:37;1058;49,96;
18:27:40;1053;49,96;
18:27:43;1054;49,97;
18:27:46;1056;49,98;
18:27:49;1045;49,97;
18:27:52;1054;49,97;
18:27:55;1051;49,97;
18:27:58;1048;49,97;
18:28:01;1047;49,98;
18:28:04;1046;49,98;
18:28:07;1044;49,98;
18:28:10;1042;49,98;
18:28:13;1040;49,97;
18:28:16;1044;49,97;
18:28:19;1050;49,97;
18:28:22;1049;49,97;
18:28:25;1041;49,97;
18:28:28;1049;49,96;
18:28:31;1038;49,96;
18:28:34;1043;49,96;
18:28:37;1045;49,97;
18:28:40;1037;49,97;
18:28:43;1025;49,97;
18:28:46;1020;49,98;
18:28:49;1019;49,97;
18:28:52;1017;49,97;
18:28:55;1012;49,96;
18:28:58;1011;49,96;
18:29:01;1007;49,96;
18:29:04;1006;49,96;
18:29:07;1003;49,97;
18:29:10;1006;49,98;
18:29:13;999;49,98;
18:29:16;1002;49,98;
18:29:22;997;49,98;
18:29:25;990;49,98;
18:29:28;993;49,98;
18:29:31;994;49,98;
18:29:34;997;49,98;
18:29:40;986;49,98;
18:29:43;994;49,98;
18:29:46;992;49,97;
18:29:49;991;49,97;
18:29:52;990;49,98;
18:29:55;989;49,98;
18:29:58;985;49,98;
18:30:01;985;49,99;
18:30:04;982;50,00;
18:30:07;985;50,00;
18:30:10;984;49,99;
18:30:13;982;49,99;
18:30:16;982;50,00;
18:30:19;980;50,00;
18:30:22;973;50,00;
18:30:28;979;50,00;
18:30:31;974;50,00;
18:30:34;966;50,00;
18:30:37;968;50,00;
18:30:40;963;50,00;
18:30:43;958;50,00;
18:30:46;966;49,99;
18:30:49;960;49,99;
18:30:52;962;49,98;
18:30:55;958;49,98;
18:30:58;957;49,98;
18:31:01;958;49,97;
18:31:04;953;49,97;
18:31:07;949;49,97;
18:31:10;948;49,98;
18:31:13;950;49,98;
18:31:16;945;49,99;
18:31:19;943;49,98;
18:31:22;937;49,98;
18:31:25;934;49,98;
18:31:28;935;49,97;
18:31:34;933;49,96;
18:31:37;932;49,96;
18:31:40;929;49,97;
18:31:43;927;49,97;
18:31:46;926;49,98;
18:31:49;925;49,97;
18:31:52;920;49,97;
18:31:55;925;49,97;
18:31:58;922;49,98;
18:32:01;923;49,98;
18:32:04;919;49,98;
18:32:07;921;49,97;
18:32:10;918;49,97;
18:32:13;920;49,97;
18:32:16;912;49,97;
18:32:19;916;49,96;
18:32:22;908;49,97;
18:32:25;920;49,96;
18:32:28;910;49,96;
18:32:31;916;49,97;
18:32:34;905;49,98;
18:32:40;898;49,98;
18:32:43;901;49,98;
18:32:46;903;49,97;
18:32:49;898;49,97;
18:32:52;899;49,97;
18:32:55;896;49,97;
18:32:58;891;49,97;
18:33:01;888;49,97;
18:33:04;889;49,97;
18:33:07;887;49,97;
18:33:16;885;49,97;
18:33:19;884;49,98;
18:33:25;884;49,97;
18:33:28;884;49,96;
18:33:31;881;49,96;
18:33:34;882;49,96;
18:33:37;879;49,96;
18:33:43;876;49,96;
18:33:49;873;49,96;
18:33:55;867;49,96;
18:33:58;869;49,95;
18:34:01;864;49,96;
18:34:04;865;49,95;
18:34:07;859;49,96;
18:34:10;862;49,95;
18:34:13;853;49,96;
18:34:16;867;49,96;
18:34:19;857;49,96;
18:34:22;864;49,96;
18:34:25;865;49,95;
18:34:31;860;49,94;
18:34:37;846;49,94;
18:34:40;849;49,94;
18:34:43;840;49,94;
18:34:46;845;49,94;
18:34:49;848;49,94;
18:34:52;842;49,94;
18:34:55;838;49,95;
18:34:58;844;49,94;
18:35:01;835;49,95;
18:35:04;837;49,95;
18:35:07;830;49,96;
18:35:10;832;49,96;
18:35:13;831;49,96;
18:35:16;827;49,96;
18:35:19;830;49,96;
18:35:22;825;49,96;
18:35:25;832;49,96;
18:35:28;826;49,96;
18:35:31;822;49,96;
18:35:37;807;49,96;
18:35:40;817;49,96;
18:35:43;793;49,96;
18:35:46;804;49,96;
18:35:52;801;49,96;
18:35:55;796;49,96;
18:35:58;790;49,96;
18:36:01;777;49,96;
18:36:04;786;49,96;
18:36:07;797;49,96;
18:36:10;783;49,96;
18:36:13;776;49,96;
18:36:16;778;49,97;
18:36:19;775;49,97;
18:36:22;773;49,96;
18:36:25;770;49,96;
18:36:28;768;49,96;
18:36:31;763;49,96;
18:36:34;768;49,96;
18:36:37;769;49,95;
18:36:43;785;49,94;
18:36:46;772;49,95;
18:36:49;794;49,94;
18:36:52;783;49,94;
18:36:55;793;49,94;
18:36:58;795;49,94;
18:37:01;795;49,95;
18:37:04;778;49,95;
18:37:07;766;49,95;
18:37:10;774;49,95;
18:37:13;756;49,95;
18:37:16;759;49,95;
18:37:19;751;49,94;
18:37:22;750;49,94;
18:37:28;741;49,95;
18:37:31;736;49,95;
18:37:34;739;49,95;
18:37:37;732;49,95;
18:37:40;724;49,96;
18:37:43;736;49,96;
18:37:46;738;49,96;
18:37:49;728;49,97;
18:37:52;730;49,96;
18:37:55;737;49,96;
18:37:58;738;49,96;
18:38:01;737;49,96;
18:38:04;732;49,96;
18:38:07;738;49,96;
18:38:10;736;49,96;
18:38:13;737;49,96;
18:38:16;757;49,96;
18:38:19;749;49,96;
18:38:22;767;49,96;
18:38:25;758;49,96;
18:38:28;756;49,96;
18:38:37;753;49,97;
18:38:40;749;49,97;
18:38:43;746;49,96;
18:38:46;745;49,96;
18:38:49;743;49,96;
18:38:52;741;49,96;
18:38:55;712;49,96;
18:38:58;735;49,96;
18:39:01;737;49,96;
18:39:04;736;49,97;
18:39:07;731;49,97;
18:39:10;728;49,97;
18:39:13;730;49,97;
18:39:16;729;49,96;
18:39:19;732;49,96;
18:39:22;729;49,96;
18:39:25;726;49,97;
18:39:28;721;49,96;
18:39:31;723;49,96;
18:39:34;719;49,96;
18:39:40;723;49,96;
18:39:43;722;49,96;
18:39:46;720;49,96;
18:39:49;719;49,96;
18:39:52;706;49,96;
18:39:55;704;49,97;
18:39:58;707;49,97;
18:40:01;697;49,97;
18:40:04;687;49,97;
18:40:07;684;49,97;
18:40:10;683;49,97;
18:40:13;677;49,97;
18:40:16;679;49,97;
18:40:19;681;49,97;
18:40:22;677;49,97;
18:40:25;689;49,97;
18:40:28;686;49,97;
18:40:31;698;49,97;
18:40:34;699;49,97;
18:40:37;705;49,97;
18:40:40;704;49,97;
18:40:46;695;49,98;
18:40:49;682;49,98;
18:40:52;680;49,97;
18:40:55;663;49,97;
18:40:58;667;49,98;
18:41:01;669;49,97;
18:41:04;658;49,98;
18:41:07;654;49,98;
18:41:10;645;49,98;
18:41:13;652;49,98;
18:41:16;637;49,98;
18:41:19;622;49,97;
18:41:22;615;49,96;
18:41:25;606;49,96;
18:41:28;609;49,96;
18:41:31;589;49,96;
18:41:34;590;49,96;
18:41:37;591;49,96;
18:41:40;586;49,96;
18:41:43;589;49,96;
18:41:46;574;49,96;
18:41:52;561;49,96;
18:41:55;566;49,97;
18:41:58;551;49,97;
18:42:01;535;49,98;
18:42:04;540;49,98;
18:42:07;537;49,97;
18:42:10;531;49,97;
18:42:13;526;49,97;
18:42:16;516;49,97;
18:42:19;515;49,96;
18:42:22;504;49,96;
18:42:25;490;49,95;
18:42:28;496;49,95;
18:42:31;499;49,95;
18:42:37;471;49,95;
18:42:40;481;49,95;
18:42:43;461;49,95;
18:42:46;473;49,95;
18:42:49;459;49,96;
18:42:52;469;49,96;
18:42:55;466;49,96;
18:42:58;470;49,96;
18:43:01;454;49,96;
18:43:04;460;49,96;
18:43:07;458;49,96;
18:43:13;457;49,96;
18:43:19;454;49,96;
18:43:22;449;49,95;
18:43:25;446;49,95;
18:43:28;436;49,95;
18:43:31;442;49,96;
18:43:34;443;49,96;
18:43:37;440;49,96;
18:43:43;435;49,96;
18:43:46;431;49,95;
18:43:49;431;49,96;
18:43:55;426;49,96;
18:43:58;422;49,96;
18:44:04;420;49,96;
18:44:07;415;49,97;
18:44:10;409;49,97;
18:44:16;410;49,97;
18:44:19;404;49,96;
18:44:22;393;49,97;
18:44:25;399;49,96;
18:44:31;396;49,95;
18:44:34;400;49,95;
18:44:37;391;49,96;
18:44:40;378;49,96;
18:44:43;384;49,97;
18:44:49;387;49,97;
18:44:52;386;49,97;
18:44:55;385;49,97;
18:44:58;378;49,97;
18:45:01;376;49,96;
18:45:04;370;49,96;
18:45:07;367;49,96;
18:45:10;369;49,96;
18:45:13;365;49,97;
18:45:16;376;49,97;
18:45:19;373;49,97;
18:45:25;370;49,97;
18:45:28;371;49,97;
18:45:31;375;49,96;
18:45:34;371;49,96;
18:45:37;370;49,97;
18:45:40;369;49,97;
18:45:43;365;49,98;
18:45:49;360;49,98;
18:45:55;358;49,97;
18:45:58;360;49,97;
18:46:01;356;49,96;
18:46:04;355;49,97;
18:46:07;354;49,96;
18:46:10;353;49,97;
18:46:13;347;49,97;
18:46:16;348;49,97;
18:46:19;347;49,98;
18:46:22;349;49,98;
18:46:25;346;49,98;
18:46:31;341;49,98;
18:46:34;343;49,98;
18:46:40;342;49,97;
18:46:43;343;49,98;
18:46:46;342;49,98;
18:46:52;340;49,98;
18:46:55;336;49,98;
18:46:58;339;49,98;
18:47:01;340;49,97;
18:47:07;340;49,96;
18:47:10;339;49,96;
18:47:13;334;49,96;
18:47:16;336;49,96;
18:47:19;331;49,96;
18:47:22;332;49,96;
18:47:25;334;49,96;
18:47:28;335;49,97;
18:47:31;334;49,96;
18:47:37;329;49,96;
18:47:40;334;49,96;
18:47:46;333;49,97;
18:47:49;324;49,98;
18:47:52;332;49,98;
18:47:58;329;49,97;
18:48:01;322;49,97;
18:48:04;330;49,97;
18:48:07;328;49,97;
18:48:16;325;49,98;
18:48:19;328;49,98;
18:48:22;326;49,98;
18:48:28;322;49,98;
18:48:31;322;49,97;
18:48:34;321;49,97;
18:48:40;320;49,96;
18:48:43;323;49,96;
18:48:46;322;49,96;
18:48:52;321;49,96;
18:48:55;318;49,96;
18:48:58;318;49,97;
18:49:01;317;49,97;
18:49:04;317;49,96;
18:49:07;315;49,96;
18:49:10;313;49,96;
18:49:13;315;49,96;
18:49:16;314;49,97;
18:49:19;317;49,97;
18:49:28;315;49,97;
18:49:31;316;49,96;
18:49:37;315;49,96;
18:49:43;312;49,96;
18:49:46;313;49,97;
18:49:49;312;49,97;
18:49:52;306;49,97;
18:49:58;306;49,96;
18:50:01;312;49,96;
18:50:07;311;49,97;
18:50:10;308;49,96;
18:50:13;310;49,96;
18:50:16;309;49,95;
18:50:19;308;49,94;
18:50:22;311;49,94;
18:50:25;309;49,95;
18:50:28;306;49,94;
18:50:31;307;49,95;
18:50:34;308;49,95;
18:50:37;307;49,95;
18:50:40;306;49,95;
18:50:43;304;49,96;
18:50:46;307;49,96;
18:50:49;301;49,96;
18:50:52;308;49,96;
18:50:55;306;49,96;
18:50:58;305;49,96;
18:51:01;301;49,96;
18:51:04;302;49,96;
18:51:07;300;49,96;
18:51:13;301;49,95;
18:51:16;300;49,95;
18:51:19;299;49,95;
18:51:22;300;49,94;
18:51:25;301;49,94;
18:51:28;299;49,95;
18:51:31;301;49,95;
18:51:34;300;49,96;
18:51:37;300;49,95;
18:51:40;297;49,95;
18:51:43;298;49,94;
18:51:49;294;49,94;
18:51:52;293;49,94;
18:51:55;293;49,95;
18:51:58;297;49,96;
18:52:01;296;49,96;
18:52:04;295;49,96;
18:52:07;292;49,96;
18:52:10;294;49,95;
18:52:13;290;49,95;
18:52:19;291;49,95;
18:52:25;293;49,94;
18:52:28;294;49,95;
18:52:31;289;49,95;
18:52:34;292;49,94;
18:52:37;292;49,95;
18:52:40;290;49,96;
18:52:43;289;49,96;
18:52:49;285;49,96;
18:52:55;289;49,96;
18:53:01;285;49,96;
18:53:04;287;49,96;
18:53:07;285;49,96;
18:53:13;290;49,96;
18:53:16;283;49,96;
18:53:19;266;49,96;
18:53:22;270;49,96;
18:53:25;273;49,96;
18:53:28;283;49,96;
18:53:31;284;49,96;
18:53:34;287;49,96;
18:53:37;285;49,96;
18:53:43;280;49,96;
18:53:46;286;49,96;
18:53:49;284;49,96;
18:53:52;281;49,96;
18:53:55;280;49,96;
18:54:01;275;49,96;
18:54:04;276;49,95;
18:54:07;277;49,95;
18:54:10;282;49,95;
18:54:13;283;49,95;
18:54:16;286;49,94;
18:54:19;283;49,94;
18:54:22;278;49,94;
18:54:25;282;49,94;
18:54:28;283;49,94;
18:54:31;277;49,94;
18:54:34;278;49,93;
18:54:37;281;49,93;
18:54:40;279;49,93;
18:54:43;278;49,93;
18:54:46;279;49,94;
18:54:49;281;49,94;
18:54:52;274;49,94;
18:54:55;269;49,94;
18:54:58;278;49,95;
18:55:01;266;49,95;
18:55:07;276;49,94;
18:55:10;271;49,94;
18:55:13;277;49,93;
18:55:16;274;49,93;
18:55:19;278;49,94;
18:55:22;273;49,94;
18:55:25;275;49,94;
18:55:28;272;49,94;
18:55:34;275;49,94;
18:55:37;271;49,94;
18:55:40;276;49,95;
18:55:43;272;49,94;
18:55:46;271;49,94;
18:55:52;276;49,95;
18:55:55;273;49,94;
18:55:58;276;49,94;
18:56:01;275;49,94;
18:56:04;272;49,94;
18:56:07;273;49,94;
18:56:10;271;49,95;
18:56:13;268;49,95;
18:56:16;274;49,95;
18:56:19;270;49,95;
18:56:22;269;49,94;
18:56:34;270;49,94;
18:56:37;269;49,93;
18:56:40;270;49,94;
18:56:43;271;49,94;
18:56:46;274;49,95;
18:56:49;270;49,96;
18:56:52;264;49,95;
18:56:58;263;49,95;
18:57:01;270;49,95;
18:57:04;272;49,95;
18:57:07;263;49,94;
18:57:10;271;49,94;
18:57:13;266;49,94;
18:57:16;269;49,95;
18:57:19;266;49,95;
18:57:22;265;49,94;
18:57:25;266;49,94;
18:57:28;268;49,94;
18:57:34;250;49,94;
18:57:37;235;49,94;
18:57:40;233;49,94;
18:57:43;262;49,94;
18:57:49;264;49,94;
18:57:52;267;49,95;
18:57:55;261;49,96;
18:57:58;256;49,96;
18:58:04;265;49,96;
18:58:07;262;49,96;
18:58:10;258;49,96;
18:58:13;262;49,96;
18:58:16;254;49,96;
18:58:19;260;49,96;
18:58:22;259;49,96;
18:58:28;262;49,96;
18:58:31;264;49,95;
18:58:34;260;49,95;
18:58:37;258;49,95;
18:58:40;260;49,94;
18:58:43;265;49,94;
18:58:46;261;49,95;
18:58:49;261;49,94;
18:58:55;258;49,95;
18:58:58;259;49,96;
18:59:01;258;49,96;
18:59:04;259;49,96;
18:59:10;260;49,96;
18:59:13;262;49,96;
18:59:16;262;49,95;
18:59:19;260;49,95;
18:59:22;258;49,95;
18:59:25;254;49,96;
18:59:28;256;49,97;
18:59:31;258;49,97;
18:59:34;256;49,96;
18:59:37;254;49,96;
18:59:40;258;49,98;
18:59:43;260;49,98;
18:59:46;259;49,98;
18:59:49;255;49,98;
18:59:52;258;49,98;
18:59:55;247;49,98;
18:59:58;253;49,98;
19:00:01;259;49,98;
19:00:04;250;49,99;
19:00:07;259;49,98;
19:00:10;252;49,98;
19:00:13;257;49,97;
19:00:16;261;49,97;
19:00:19;259;49,97;
19:00:22;261;49,97;
19:00:25;256;49,97;
19:00:28;253;49,97;
19:00:31;255;49,98;
19:00:34;257;49,98;
19:00:37;256;49,99;
19:00:40;254;50,00;
19:00:43;259;50,01;
19:00:46;263;50,01;
19:00:49;261;50,01;
19:00:52;264;50,01;
19:00:55;257;50,01;
19:01:01;253;50,01;
19:01:04;250;50,01;
19:01:07;255;50,01;
19:01:10;256;50,01;
19:01:13;255;50,01;
19:01:22;256;50,01;
19:01:25;254;50,01;
19:01:28;250;50,01;
19:01:31;253;50,01;
19:01:34;254;50,01;
19:01:37;252;50,01;
19:01:40;255;50,01;
19:01:43;254;50,01;
19:01:46;252;50,01;
19:01:52;249;50,01;
19:01:55;251;50,01;
19:01:58;249;50,01;
19:02:01;254;50,01;
19:02:07;253;50,01;
19:02:10;253;50,02;
19:02:13;254;50,02;
19:02:16;252;50,01;
19:02:19;250;50,01;
19:02:25;252;50,01;
19:02:28;251;50,01;
19:02:31;246;50,03;
19:02:34;241;50,03;
19:02:37;245;50,03;
19:02:40;249;50,03;
19:02:43;248;50,03;
19:02:46;250;50,02;
19:02:49;246;50,02;
19:02:52;245;50,02;
19:02:55;246;50,02;
19:02:58;251;50,03;
19:03:01;247;50,02;
19:03:04;242;50,03;
19:03:07;246;50,02;
19:03:13;245;50,02;
19:03:16;239;50,02;
19:03:19;247;50,02;
19:03:25;244;50,02;
19:03:28;246;50,02;
19:03:31;243;50,02;
19:03:37;244;50,01;
19:03:40;245;50,01;
19:03:52;247;50,02;
19:03:55;245;50,02;
19:03:58;246;50,02;
19:04:01;244;50,02;
19:04:04;246;50,02;
19:04:07;245;50,01;
19:04:10;246;50,01;
19:04:13;244;50,01;
19:04:19;240;50,01;
19:04:22;242;50,00;
19:04:25;243;50,00;
19:04:28;244;50,00;
19:04:31;243;50,00;
19:04:34;245;50,00;
19:04:37;242;50,00;
19:04:40;243;50,00;
19:04:43;245;50,00;
19:04:49;239;50,00;
19:04:55;236;50,01;
19:04:58;235;50,01;
19:05:04;240;50,01;
19:05:10;242;50,00;
19:05:19;234;50,00;
19:05:22;238;49,99;
19:05:25;240;49,99;
19:05:28;241;49,98;
19:05:31;242;49,98;
19:05:37;238;49,98;
19:05:40;242;49,99;
19:05:43;240;49,99;
19:05:46;243;50,00;
19:05:49;241;50,00;
19:05:52;241;50,01;
19:05:55;237;50,01;
19:05:58;238;50,01;
19:06:01;237;50,01;
19:06:04;239;50,01;
19:06:10;237;50,01;
19:06:13;241;50,01;
19:06:16;236;50,01;
19:06:19;232;50,01;
19:06:22;233;50,01;
19:06:25;232;50,01;
19:06:28;231;50,01;
19:06:34;231;50,00;
19:06:37;235;50,00;
19:06:40;236;50,00;
19:06:43;235;50,00;
19:06:46;232;50,01;
19:06:49;235;50,00;
19:06:52;236;50,00;
19:07:01;234;50,00;
19:07:04;236;49,99;
19:07:10;235;49,98;
19:07:16;233;49,99;
19:07:19;235;49,99;
19:07:22;230;49,99;
19:07:25;233;49,99;
19:07:28;232;49,99;
19:07:31;231;49,99;
19:07:34;233;49,98;
19:07:37;232;49,98;
19:07:40;233;49,98;
19:07:43;228;49,98;
19:07:46;200;49,98;
19:07:49;198;49,98;
19:07:52;231;49,99;
19:07:55;232;49,99;
19:07:58;226;50,00;
19:08:01;227;50,00;
19:08:04;232;49,99;
19:08:07;229;49,99;
19:08:10;222;49,99;
19:08:13;231;49,98;
19:08:16;223;49,98;
19:08:22;226;49,98;
19:08:25;227;49,98;
19:08:28;225;49,98;
19:08:31;230;49,98;
19:08:34;226;49,98;
19:08:37;229;49,98;
19:08:43;230;49,98;
19:08:46;225;49,98;
19:08:49;226;49,98;
19:08:52;230;49,99;
19:08:55;227;49,98;
19:08:58;223;49,99;
19:09:01;227;49,99;
19:09:07;225;49,99;
19:09:16;227;49,99;
19:09:22;226;49,98;
19:09:25;223;49,98;
19:09:31;224;49,98;
19:09:34;225;49,98;
19:09:37;228;49,98;
19:09:40;227;49,98;
19:09:43;225;49,98;
19:09:46;224;49,98;
19:09:49;223;49,98;
19:09:52;224;49,99;
19:09:55;226;49,99;
19:09:58;225;49,99;
19:10:01;225;50,00;
19:10:07;220;50,00;
19:10:13;226;49,98;
19:10:16;224;49,98;
19:10:19;217;49,97;
19:10:22;222;49,97;
19:10:25;222;49,96;
19:10:28;225;49,96;
19:10:31;219;49,97;
19:10:34;226;49,97;
19:10:37;224;49,98;
19:10:43;223;49,98;
19:10:46;222;49,98;
19:10:52;221;49,98;
19:10:58;222;49,97;
19:11:01;219;49,97;
19:11:04;223;49,97;
19:11:07;220;49,97;
19:11:10;212;49,97;
19:11:13;217;49,97;
19:11:19;214;49,98;
19:11:22;216;49,98;
19:11:28;220;49,97;
19:11:31;215;49,98;
19:11:34;220;49,98;
19:11:37;218;49,98;
19:11:43;215;49,98;
19:11:46;218;49,98;
19:11:49;213;49,99;
19:11:52;216;49,98;
19:11:55;219;49,98;
19:11:58;214;49,98;
19:12:01;218;49,98;
19:12:04;220;49,97;
19:12:07;219;49,97;
19:12:10;220;49,97;
19:12:13;217;49,97;
19:12:19;215;49,97;
19:12:25;210;49,97;
19:12:28;215;49,96;
19:12:31;212;49,96;
19:12:34;214;49,96;
19:12:37;210;49,96;
19:12:40;212;49,96;
19:12:43;211;49,98;
19:12:46;214;49,97;
19:12:49;213;49,97;
19:12:52;212;49,97;
19:12:55;211;49,98;
19:12:58;214;49,97;
19:13:01;214;49,98;
19:13:04;213;49,97;
19:13:07;212;49,97;
19:13:10;217;49,98;
19:13:13;204;49,98;
19:13:16;210;49,98;
19:13:19;213;49,98;
19:13:22;206;49,98;
19:13:25;203;49,98;
19:13:31;209;49,98;
19:13:34;208;49,97;
19:13:37;214;49,97;
19:13:40;211;49,97;
19:13:43;210;49,97;
19:13:46;212;49,97;
19:13:49;210;49,97;
19:13:52;211;49,97;
19:13:55;210;49,97;
19:13:58;209;49,97;
19:14:01;208;49,97;
19:14:04;205;49,97;
19:14:07;206;49,97;
19:14:10;209;49,96;
19:14:16;210;49,98;
19:14:19;207;49,98;
19:14:22;206;49,98;
19:14:25;207;49,98;
19:14:28;210;49,98;
19:14:31;207;49,98;
19:14:34;207;49,97;
19:14:37;205;49,98;
19:14:40;203;49,97;
19:14:43;204;49,97;
19:14:52;207;49,97;
19:14:55;206;49,97;
19:14:58;207;49,97;
19:15:01;204;49,97;
19:15:04;208;49,97;
19:15:07;205;49,97;
19:15:10;200;49,96;
19:15:13;207;49,96;
19:15:16;196;49,96;
19:15:22;204;49,96;
19:15:25;200;49,96;
19:15:28;209;49,96;
19:15:31;203;49,96;
19:15:34;200;49,96;
19:15:37;205;49,95;
19:15:40;205;49,96;
19:15:46;200;49,96;
19:15:49;202;49,96;
19:15:52;204;49,97;
19:15:55;203;49,97;
19:16:01;205;49,97;
19:16:04;203;49,97;
19:16:07;204;49,97;
19:16:10;194;49,97;
19:16:13;204;49,97;
19:16:16;206;49,97;
19:16:19;199;49,97;
19:16:22;195;49,97;
19:16:28;193;49,96;
19:16:31;199;49,96;
19:16:34;201;49,96;
19:16:37;197;49,96;
19:16:40;201;49,96;
19:16:43;204;49,96;
19:16:46;201;49,96;
19:16:49;204;49,96;
19:16:52;201;49,96;
19:16:55;199;49,95;
19:16:58;197;49,96;
19:17:01;197;49,95;
19:17:04;197;49,96;
19:17:07;194;49,96;
19:17:10;196;49,96;
19:17:13;198;49,96;
19:17:16;196;49,96;
19:17:19;200;49,95;
19:17:22;198;49,96;
19:17:25;194;49,96;
19:17:28;195;49,96;
19:17:34;194;49,96;
19:17:40;193;49,96;
19:17:43;196;49,96;
19:17:46;195;49,97;
19:17:49;196;49,97;
19:17:52;197;49,97;
19:17:55;173;49,98;
19:17:58;187;49,98;
19:18:01;195;49,97;
19:18:04;194;49,97;
19:18:10;195;49,97;
19:18:13;197;49,96;
19:18:19;189;49,97;
19:18:22;196;49,97;
19:18:25;188;49,97;
19:18:28;192;49,97;
19:18:31;196;49,97;
19:18:34;190;49,97;
19:18:37;193;49,97;
19:18:40;187;49,97;
19:18:43;191;49,97;
19:18:46;189;49,97;
19:18:49;191;49,97;
19:18:52;192;49,97;
19:18:58;193;49,97;
19:19:01;190;49,97;
19:19:04;188;49,97;
19:19:07;192;49,96;
19:19:10;193;49,96;
19:19:13;191;49,96;
19:19:16;188;49,96;
19:19:19;192;49,96;
19:19:25;189;49,96;
19:19:28;188;49,96;
19:19:31;189;49,96;
19:19:37;190;49,96;
19:19:40;188;49,97;
19:19:43;190;49,97;
19:19:46;191;49,97;
19:19:49;188;49,96;
19:19:52;189;49,96;
19:19:55;192;49,96;
19:19:58;189;49,96;
19:20:01;188;49,96;
19:20:04;186;49,96;
19:20:10;182;49,96;
19:20:13;184;49,96;
19:20:16;188;49,96;
19:20:19;190;49,95;
19:20:22;192;49,95;
19:20:25;190;49,95;
19:20:31;188;49,95;
19:20:34;184;49,95;
19:20:37;187;49,94;
19:20:40;189;49,94;
19:20:43;186;49,94;
19:20:46;188;49,94;
19:20:49;186;49,95;
19:20:52;189;49,95;
19:20:55;185;49,95;
19:20:58;182;49,95;
19:21:01;180;49,95;
19:21:04;183;49,95;
19:21:07;181;49,94;
19:21:10;179;49,94;
19:21:13;180;49,95;
19:21:16;188;49,96;
19:21:19;186;49,96;
19:21:22;185;49,96;
19:21:25;183;49,95;
19:21:28;175;49,95;
19:21:31;181;49,95;
19:21:37;184;49,95;
19:21:40;184;49,96;
19:21:46;185;49,96;
19:21:49;181;49,96;
19:21:52;184;49,96;
19:21:55;179;49,96;
19:22:01;181;49,97;
19:22:04;180;49,96;
19:22:07;180;49,97;
19:22:10;180;49,96;
19:22:16;182;49,96;
19:22:19;183;49,97;
19:22:22;182;49,97;
19:22:25;183;49,97;
19:22:28;181;49,96;
19:22:31;178;49,96;
19:22:34;179;49,97;
19:22:43;178;49,97;
19:22:46;179;49,96;
19:22:49;181;49,96;
19:22:52;178;49,96;
19:22:55;174;49,97;
19:22:58;177;49,96;
19:23:01;179;49,96;
19:23:04;176;49,96;
19:23:07;179;49,96;
19:23:10;178;49,96;
19:23:13;175;49,96;
19:23:16;177;49,96;
19:23:19;168;49,96;
19:23:22;178;49,96;
19:23:28;179;49,96;
19:23:31;181;49,96;
19:23:34;179;49,96;
19:23:37;169;49,96;
19:23:40;172;49,96;
19:23:43;170;49,96;
19:23:46;174;49,96;
19:23:52;173;49,96;
19:23:58;174;49,95;
19:24:01;173;49,96;
19:24:04;174;49,96;
19:24:07;170;49,96;
19:24:10;169;49,96;
19:24:19;168;49,96;
19:24:22;169;49,95;
19:24:25;171;49,96;
19:24:28;173;49,95;
19:24:34;173;49,96;
19:24:40;172;49,96;
19:24:43;169;49,96;
19:24:46;170;49,96;
19:24:49;169;49,96;
19:24:55;171;49,96;
19:24:58;172;49,96;
19:25:01;170;49,96;
19:25:04;169;49,96;
19:25:07;170;49,95;
19:25:10;171;49,95;
19:25:13;170;49,96;
19:25:16;167;49,96;
19:25:19;169;49,96;
19:25:22;165;49,96;
19:25:25;169;49,96;
19:25:28;172;49,96;
19:25:31;164;49,96;
19:25:34;166;49,96;
19:25:43;167;49,96;
19:25:46;166;49,96;
19:25:49;168;49,96;
19:25:52;169;49,96;
19:25:55;166;49,97;
19:25:58;169;49,97;
19:26:01;169;49,96;
19:26:04;168;49,97;
19:26:07;169;49,97;
19:26:10;168;49,97;
19:26:13;167;49,97;
19:26:19;169;49,96;
19:26:22;163;49,96;
19:26:25;168;49,96;
19:26:28;162;49,96;
19:26:31;168;49,96;
19:26:34;169;49,96;
19:26:37;167;49,96;
19:26:40;162;49,96;
19:26:46;171;49,96;
19:26:49;165;49,97;
19:26:55;166;49,97;
19:26:58;168;49,97;
19:27:01;166;49,97;
19:27:04;165;49,97;
19:27:07;162;49,97;
19:27:10;165;49,97;
19:27:19;164;49,96;
19:27:22;163;49,97;
19:27:25;164;49,96;
19:27:31;163;49,96;
19:27:34;163;49,95;
19:27:37;164;49,95;
19:27:49;162;49,96;
19:27:52;163;49,96;
19:27:55;162;49,96;
19:27:58;160;49,96;
19:28:01;144;49,96;
19:28:04;141;49,96;
19:28:07;145;49,97;
19:28:10;164;49,97;
19:28:13;160;49,97;
19:28:19;162;49,97;
19:28:22;158;49,97;
19:28:25;162;49,96;
19:28:28;160;49,97;
19:28:31;155;49,97;
19:28:37;155;49,96;
19:28:40;160;49,96;
19:28:43;161;49,97;
19:28:46;159;49,97;
19:28:49;155;49,98;
19:28:52;160;49,97;
19:28:55;158;49,97;
19:28:58;156;49,98;
19:29:01;157;49,98;
19:29:04;155;49,98;
19:29:07;158;49,98;
19:29:13;156;49,98;
19:29:16;157;49,97;
19:29:19;156;49,97;
19:29:22;157;49,96;
19:29:25;155;49,96;
19:29:28;157;49,96;
19:29:31;155;49,96;
19:29:34;157;49,96;
19:29:37;156;49,96;
19:29:43;154;49,96;
19:29:55;152;49,96;
19:29:58;151;49,96;
19:30:01;150;49,96;
19:30:04;147;49,96;
19:30:07;154;49,97;
19:30:10;151;49,98;
19:30:19;149;49,97;
19:30:22;152;49,97;
19:30:28;145;49,98;
19:30:31;151;49,98;
19:30:34;146;49,98;
19:30:37;145;49,98;
19:30:40;151;49,98;
19:30:43;144;49,97;
19:30:49;150;49,97;
19:30:52;146;49,97;
19:30:55;148;49,98;
19:31:04;149;49,98;
19:31:10;148;49,99;
19:31:13;147;49,98;
19:31:19;145;49,97;
19:31:22;144;49,97;
19:31:25;149;49,97;
19:31:28;140;49,97;
19:31:31;149;49,98;
19:31:34;141;49,98;
19:31:37;146;49,98;
19:31:40;150;49,98;
19:31:43;145;49,97;
19:31:46;140;49,98;
19:31:49;148;49,97;
19:31:52;147;49,97;
19:31:55;144;49,97;
19:31:58;145;49,97;
19:32:01;141;49,97;
19:32:04;144;49,97;
19:32:07;145;49,97;
19:32:10;141;49,97;
19:32:13;142;49,97;
19:32:16;141;49,97;
19:32:19;144;49,97;
19:32:22;142;49,97;
19:32:25;142;49,98;
19:32:28;139;49,97;
19:32:31;143;49,97;
19:32:40;141;49,97;
19:32:46;139;49,97;
19:32:49;141;49,97;
19:32:52;137;49,97;
19:32:55;138;49,97;
19:32:58;140;49,98;
19:33:04;138;49,98;
19:33:07;139;49,97;
19:33:10;136;49,96;
19:33:13;138;49,96;
19:33:16;139;49,96;
19:33:19;137;49,96;
19:33:22;138;49,96;
19:33:28;141;49,96;
19:33:31;132;49,96;
19:33:34;129;49,96;
19:33:37;139;49,96;
19:33:40;138;49,96;
19:33:46;140;49,96;
19:33:49;131;49,96;
19:33:55;137;49,96;
19:33:58;136;49,96;
19:34:01;135;49,96;
19:34:04;135;49,97;
19:34:07;135;49,96;
19:34:10;133;49,97;
19:34:13;132;49,97;
19:34:19;135;49,97;
19:34:22;131;49,97;
19:34:25;129;49,97;
19:34:28;133;49,97;
19:34:37;131;49,97;
19:34:40;129;49,98;
19:34:43;132;49,97;
19:34:46;133;49,98;
19:34:52;130;49,98;
19:34:55;129;49,98;
19:34:58;132;49,98;
19:35:01;131;49,97;
19:35:04;128;49,97;
19:35:10;132;49,97;
19:35:13;133;49,97;
19:35:16;131;49,98;
19:35:19;127;49,98;
19:35:22;128;49,98;
19:35:25;130;49,98;
19:35:28;126;49,98;
19:35:34;129;49,98;
19:35:37;124;49,97;
19:35:40;127;49,97;
19:35:43;125;49,96;
19:35:46;128;49,96;
19:35:49;119;49,96;
19:35:52;123;49,97;
19:35:58;126;49,97;
19:36:04;125;49,97;
19:36:07;126;49,97;
19:36:10;123;49,97;
19:36:13;124;49,96;
19:36:16;124;49,97;
19:36:19;125;49,97;
19:36:25;122;49,97;
19:36:31;118;49,97;
19:36:34;126;49,98;
19:36:37;125;49,98;
19:36:43;121;49,96;
19:36:46;117;49,97;
19:36:49;115;49,96;
19:36:52;125;49,96;
19:36:55;121;49,96;
19:36:58;120;49,96;
19:37:01;119;49,96;
19:37:07;121;49,96;
19:37:10;119;49,96;
19:37:13;120;49,96;
19:37:16;118;49,96;
19:37:19;117;49,96;
19:37:22;116;49,96;
19:37:25;119;49,96;
19:37:28;119;49,97;
19:37:31;117;49,97;
19:37:34;117;49,98;
19:37:37;117;49,97;
19:37:40;117;49,98;
19:37:43;115;49,98;
19:37:49;114;49,98;
19:37:55;115;49,98;
19:37:58;116;49,98;
19:38:01;115;49,98;
19:38:04;113;49,98;
19:38:07;114;49,98;
19:38:13;99;49,98;
19:38:16;100;49,98;
19:38:19;114;49,99;
19:38:22;114;49,98;
19:38:25;112;49,99;
19:38:28;112;49,98;
19:38:31;116;49,98;
19:38:34;106;49,97;
19:38:37;112;49,97;
19:38:40;112;49,98;
19:38:43;115;49,98;
19:38:46;113;49,98;
19:38:49;111;49,98;
19:38:58;109;49,98;
19:39:01;110;49,98;
19:39:07;112;49,98;
19:39:13;110;49,98;
19:39:19;108;49,98;
19:39:22;111;49,99;
19:39:25;107;49,98;
19:39:31;107;49,97;
19:39:34;109;49,97;
19:39:37;110;49,97;
19:39:40;109;49,97;
19:39:43;104;49,97;
19:39:46;105;49,97;
19:39:49;107;49,98;
19:39:52;105;49,98;
19:39:55;107;49,99;
19:40:01;103;49,99;
19:40:10;105;49,98;
19:40:13;104;49,98;
19:40:16;103;49,98;
19:40:19;102;49,98;
19:40:22;104;49,97;
19:40:25;103;49,97;
19:40:31;101;49,97;
19:40:34;102;49,97;
19:40:37;103;49,98;
19:40:40;103;49,97;
19:40:46;100;49,98;
19:40:49;98;49,98;
19:40:52;102;49,99;
19:40:55;99;49,98;
19:40:58;101;49,98;
19:41:01;99;49,98;
19:41:04;102;49,98;
19:41:07;100;49,98;
19:41:10;99;49,97;
19:41:13;98;49,97;
19:41:19;99;49,97;
19:41:22;98;49,96;
19:41:28;97;49,96;
19:41:37;96;49,96;
19:41:40;96;49,97;
19:41:43;93;49,97;
19:41:46;97;49,97;
19:41:55;95;49,97;
19:41:58;97;49,97;
19:42:01;96;49,97;
19:42:04;98;49,97;
19:42:07;97;49,97;
19:42:10;97;49,96;
19:42:13;97;49,97;
19:42:16;97;49,96;
19:42:31;95;49,96;
19:42:40;96;49,96;
19:42:43;93;49,96;
19:42:58;92;49,96;
19:43:01;93;49,96;
19:43:04;92;49,96;
19:43:07;93;49,96;
19:43:10;91;49,96;
19:43:13;93;49,97;
19:43:16;91;49,97;
19:43:19;93;49,97;
19:43:22;91;49,96;
19:43:25;92;49,96;
19:43:28;90;49,96;
19:43:31;89;49,96;
19:43:34;89;49,97;
19:43:37;88;49,97;
19:43:40;87;49,97;
19:43:43;89;49,97;
19:43:46;89;49,98;
19:43:49;91;49,98;
19:43:52;85;49,98;
19:43:55;88;49,98;
19:44:04;87;49,98;
19:44:10;85;49,97;
19:44:13;84;49,97;
19:44:16;85;49,96;
19:44:19;84;49,96;
19:44:22;85;49,96;
19:44:25;84;49,96;
19:44:28;84;49,95;
19:44:31;83;49,95;
19:44:34;84;49,95;
19:44:37;82;49,96;
19:44:40;83;49,95;
19:44:46;82;49,96;
19:44:52;81;49,96;
19:44:55;82;49,96;
19:45:04;81;49,96;
19:45:10;80;49,96;
19:45:13;82;49,96;
19:45:16;80;49,96;
19:45:19;81;49,95;
19:45:22;82;49,96;
19:45:25;77;49,96;
19:45:28;80;49,96;
19:45:31;79;49,97;
19:45:34;81;49,97;
19:45:37;76;49,96;
19:45:40;79;49,96;
19:45:49;76;49,96;
19:45:58;76;49,97;
19:46:04;78;49,97;
19:46:07;75;49,96;
19:46:13;76;49,96;
19:46:19;75;49,95;
19:46:25;74;49,96;
19:46:31;74;49,97;
19:46:34;73;49,97;
19:46:37;73;49,96;
19:46:43;72;49,96;
19:46:46;73;49,97;
19:46:49;72;49,97;
19:47:01;73;49,98;
19:47:04;70;49,97;
19:47:10;71;49,97;
19:47:13;68;49,96;
19:47:16;67;49,96;
19:47:19;69;49,96;
19:47:22;67;49,97;
19:47:25;69;49,97;
19:47:31;67;49,96;
19:47:34;66;49,96;
19:47:43;67;49,96;
19:47:52;65;49,96;
19:47:55;66;49,96;
19:47:58;65;49,96;
19:48:10;64;49,96;
19:48:13;64;49,97;
19:48:16;65;49,97;
19:48:19;53;49,97;
19:48:22;52;49,96;
19:48:25;53;49,96;
19:48:28;61;49,96;
19:48:34;62;49,96;
19:48:37;61;49,96;
19:48:43;62;49,97;
19:48:46;61;49,97;
19:48:49;60;49,97;
19:48:52;59;49,97;
19:48:55;57;49,98;
19:48:58;55;49,98;
19:49:01;52;49,98;
19:49:04;52;49,97;
19:49:07;52;49,96;
19:49:13;52;49,97;
19:49:16;54;49,97;
19:49:19;51;49,97;
19:49:25;55;49,98;
19:49:28;55;49,97;
19:49:31;58;49,97;
19:49:40;57;49,97;
19:49:43;57;49,98;
19:49:46;55;49,98;
19:49:49;56;49,98;
19:49:52;55;49,98;
19:49:58;54;49,98;
19:50:01;55;49,98;
19:50:04;52;49,97;
19:50:07;55;49,97;
19:50:10;53;49,97;
19:50:13;52;49,98;
19:50:16;53;49,98;
19:50:19;52;49,97;
19:50:22;52;49,96;
19:50:31;51;49,96;
19:50:37;52;49,96;
19:50:43;50;49,96;
19:50:46;49;49,96;
19:50:49;50;49,96;
19:50:55;49;49,96;
19:51:07;48;49,96;
19:51:16;49;49,96;
19:51:22;48;49,96;
19:51:34;47;49,97;
19:51:37;48;49,97;
19:51:43;48;49,96;
19:51:49;46;49,97;
19:51:52;45;49,97;
19:51:55;49;49,97;
19:51:58;47;49,98;
19:52:01;48;49,98;
19:52:04;44;49,98;
19:52:10;0;49,99;
19:52:13;0;49,98;
19:52:22;0;49,97;
19:52:25;45;49,97;
19:52:28;33;49,97;
19:52:31;39;49,97;
19:52:34;42;49,97;
19:52:40;46;49,97;
19:52:43;39;49,97;
19:52:46;40;49,98;
19:52:49;41;49,98;
19:52:52;43;49,98;
19:52:58;52;49,98;
19:53:01;47;49,98;
19:53:04;40;49,98;
19:53:07;42;49,98;
19:53:10;49;49,98;
19:53:16;50;49,98;
19:53:19;52;49,98;
19:53:22;49;49,97;
19:53:25;55;49,97;
19:53:28;58;49,97;
19:53:31;40;49,97;
19:53:34;48;49,96;
19:53:37;52;49,97;
19:53:40;53;49,98;
19:53:43;63;49,98;
19:53:46;57;49,98;
19:53:49;59;49,98;
19:53:52;61;49,98;
19:53:55;60;49,98;
19:53:58;52;49,98;
19:54:01;51;49,98;
19:54:04;57;49,98;
19:54:07;68;49,98;
19:54:10;56;49,99;
19:54:13;55;49,98;
19:54:16;63;49,98;
19:54:22;58;49,98;
19:54:25;50;49,98;
19:54:28;68;49,97;
19:54:31;50;49,97;
19:54:34;53;49,97;
19:54:37;52;49,97;
19:54:40;63;49,97;
19:54:43;67;49,97;
19:54:46;68;49,97;
19:54:49;64;49,96;
19:54:52;63;49,97;
19:54:55;71;49,97;
19:54:58;63;49,97;
19:55:01;58;49,98;
19:55:07;50;49,98;
19:55:10;52;49,98;
19:55:13;72;49,98;
19:55:16;69;49,97;
19:55:19;56;49,97;
19:55:22;73;49,96;
19:55:25;71;49,96;
19:55:28;58;49,96;
19:55:31;72;49,97;
19:55:34;51;49,96;
19:55:37;41;49,97;
19:55:40;82;49,97;
19:55:43;76;49,97;
19:55:46;80;49,97;
19:55:49;84;49,97;
19:55:52;59;49,97;
19:55:55;69;49,97;
19:55:58;80;49,98;
19:56:01;76;49,98;
19:56:04;59;49,98;
19:56:07;61;49,98;
19:56:13;89;49,96;
19:56:16;56;49,96;
19:56:19;77;49,96;
19:56:22;57;49,96;
19:56:25;58;49,96;
19:56:28;79;49,96;
19:56:31;86;49,96;
19:56:34;71;49,97;
19:56:37;53;49,97;
19:56:40;81;49,97;
19:56:43;45;49,98;
19:56:46;80;49,97;
19:56:49;71;49,97;
19:56:52;55;49,97;
19:56:55;77;49,98;
19:56:58;68;49,98;
19:57:01;53;49,97;
19:57:04;50;49,97;
19:57:07;93;49,96;
19:57:10;56;49,96;
19:57:13;62;49,96;
19:57:19;25;49,96;
19:57:22;59;49,96;
19:57:25;53;49,96;
19:57:28;0;49,96;
19:57:34;12;49,96;
19:57:37;9;49,96;
19:57:40;17;49,97;
19:57:43;0;49,98;
19:58:25;0;49,97;
19:58:28;0;49,96;
19:58:31;0;49,97;
19:58:46;0;49,98;
19:59:10;0;49,97;
19:59:16;0;49,96;
19:59:19;0;49,97;
19:59:25;0;49,98;
19:59:43;0;49,99;
19:59:46;0;49,98;
19:59:58;0;49,99;
20:00:04;0;50,00;
20:00:19;0;49,99;
20:00:25;0;49,98;
20:00:46;0;49,97;
20:00:58;0;49,96;
20:01:04;0;49,97;
20:01:25;0;49,98;
20:01:34;0;49,97;
20:01:43;0;49,98;
20:02:01;0;49,99;
20:02:07;0;50,00;
20:02:16;0;49,99;
20:02:22;0;49,98;
20:02:43;0;49,97;
20:02:49;0;49,98;
20:02:58;0;49,99;
20:03:01;0;50,00;
20:03:13;0;49,99;
20:03:52;0;49,98;
20:04:07;0;49,99;
20:04:10;0;49,98;
20:04:13;0;49,99;
20:04:19;0;49,98;
20:04:43;0;49,99;
20:04:46;0;49,98;
20:05:31;0;49,97;
20:05:49;0;49,98;
20:05:58;0;49,97;
20:06:01;0;49,98;
20:06:31;0;49,99;
20:06:40;0;49,98;
20:07:01;0;50,00;
20:07:19;0;49,99;
20:07:28;0;50,00;
20:07:40;0;49,99;
20:07:43;0;49,98;
20:07:55;0;49,97;
20:07:58;0;49,98;
20:08:01;0;49,97;
20:08:07;0;49,98;
20:08:22;0;49,99;
20:08:31;0;50,00;
20:08:34;0;49,99;
20:08:46;0;49,98;
20:08:52;0;49,97;
20:09:01;0;49,98;
20:09:16;0;49,99;
20:09:19;0;49,98;
20:09:22;0;49,99;
20:09:40;0;50,00;
20:09:43;0;49,99;
20:09:55;0;50,00;
20:09:58;0;49,99;
20:10:04;0;50,00;
20:10:13;0;49,99;
20:10:19;0;49,98;
20:10:34;0;49,99;
20:10:40;0;50,00;
20:10:52;;;
