time;pac;freq;
06:14:51;0;50,00;
06:14:54;84;49,97;
06:14:57;85;49,97;
06:15:00;90;49,97;
06:15:03;86;49,97;
06:15:15;87;49,98;
06:15:18;84;49,98;
06:15:21;84;49,99;
06:15:27;84;49,98;
06:15:36;86;49,98;
06:15:39;84;49,98;
06:15:54;86;49,99;
06:15:57;83;49,98;
06:16:03;84;49,98;
06:16:06;84;49,99;
06:16:21;83;49,99;
06:16:24;84;49,99;
06:16:30;82;49,99;
06:16:33;81;50,00;
06:16:36;86;50,01;
06:16:39;93;50,02;
06:16:42;96;50,02;
06:16:45;81;50,02;
06:16:48;81;50,01;
06:16:54;83;50,01;
06:16:57;78;50,00;
06:17:00;77;50,00;
06:17:03;80;50,00;
06:17:09;77;49,99;
06:17:12;78;49,99;
06:17:15;80;49,99;
06:17:18;81;49,99;
06:17:24;78;49,99;
06:17:27;79;49,99;
06:17:30;77;49,99;
06:17:33;78;49,99;
06:17:36;79;49,99;
06:17:39;81;49,98;
06:17:42;80;49,98;
06:17:45;81;49,98;
06:17:51;80;49,98;
06:17:54;81;49,98;
06:17:57;80;49,98;
06:18:00;81;49,99;
06:18:03;82;49,99;
06:18:09;81;49,99;
06:18:15;78;50,00;
06:18:18;78;49,99;
06:18:21;83;49,99;
06:18:24;81;49,99;
06:18:27;81;49,98;
06:18:33;82;49,98;
06:18:39;75;49,97;
06:18:42;66;49,97;
06:18:45;51;49,98;
06:18:48;0;49,98;
06:18:54;0;50,00;
06:19:00;61;50,01;
06:19:03;73;50,00;
06:19:06;77;50,00;
06:19:09;80;50,00;
06:19:12;82;50,00;
06:19:15;83;49,99;
06:19:21;81;49,99;
06:19:24;81;49,98;
06:19:27;81;49,99;
06:19:30;82;49,98;
06:19:33;81;49,98;
06:19:36;80;49,99;
06:19:39;81;50,00;
06:19:45;76;50,00;
06:19:48;78;50,00;
06:19:51;77;50,00;
06:19:54;81;50,00;
06:20:06;80;50,00;
06:20:09;80;49,99;
06:20:12;77;49,99;
06:20:15;79;49,99;
06:20:18;76;50,00;
06:20:21;77;50,00;
06:20:27;75;49,99;
06:20:30;75;49,98;
06:20:33;77;49,98;
06:20:36;76;49,98;
06:20:39;75;49,98;
06:20:45;78;49,98;
06:20:48;75;49,98;
06:20:51;74;49,97;
06:20:54;76;49,98;
06:20:57;75;49,98;
06:21:00;77;49,98;
06:21:03;77;49,99;
06:21:06;75;49,99;
06:21:15;76;49,99;
06:21:18;79;50,00;
06:21:21;79;49,99;
06:21:24;77;49,99;
06:21:27;77;49,98;
06:21:30;78;49,98;
06:21:33;79;49,99;
06:21:39;80;49,99;
06:21:42;81;49,99;
06:21:45;80;49,99;
06:21:48;81;50,00;
06:21:51;80;50,00;
06:21:54;81;50,00;
06:21:57;83;50,00;
06:22:00;79;50,00;
06:22:03;81;50,00;
06:22:06;83;50,00;
06:22:09;82;50,00;
06:22:12;83;49,99;
06:22:18;86;49,98;
06:22:21;82;49,98;
06:22:24;84;49,98;
06:22:27;86;49,98;
06:22:30;84;49,98;
06:22:33;85;49,98;
06:22:39;84;49,98;
06:22:45;89;49,98;
06:22:51;90;49,98;
06:22:54;90;49,99;
06:23:03;92;50,00;
06:23:06;90;50,00;
06:23:12;95;50,00;
06:23:15;92;49,99;
06:23:18;91;49,99;
06:23:21;95;49,98;
06:23:27;94;49,98;
06:23:33;90;49,97;
06:23:36;95;49,97;
06:23:39;96;49,98;
06:23:42;98;49,98;
06:23:45;96;49,98;
06:23:48;97;49,98;
06:23:51;97;49,97;
06:23:54;93;49,97;
06:23:57;96;49,97;
06:24:00;97;49,97;
06:24:03;101;49,97;
06:24:09;101;49,98;
06:24:15;99;49,98;
06:24:18;101;49,98;
06:24:21;103;49,98;
06:24:27;101;49,98;
06:24:30;104;49,98;
06:24:33;103;49,98;
06:24:36;104;49,98;
06:24:39;101;49,98;
06:24:42;105;49,98;
06:24:48;104;49,98;
06:24:54;106;49,99;
06:24:57;105;49,98;
06:25:00;106;49,98;
06:25:09;105;49,97;
06:25:15;111;49,97;
06:25:24;112;49,97;
06:25:27;113;49,97;
06:25:30;114;49,97;
06:25:33;116;49,97;
06:25:36;114;49,97;
06:25:39;118;49,97;
06:25:45;117;49,97;
06:25:48;118;49,97;
06:25:51;116;49,97;
06:25:54;118;49,98;
06:25:57;120;49,98;
06:26:03;122;49,98;
06:26:06;121;49,97;
06:26:09;122;49,97;
06:26:12;121;49,97;
06:26:15;123;49,98;
06:26:21;123;49,97;
06:26:24;124;49,96;
06:26:27;123;49,96;
06:26:30;130;49,96;
06:26:33;127;49,96;
06:26:36;129;49,96;
06:26:39;124;49,96;
06:26:42;133;49,97;
06:26:45;128;49,97;
06:26:48;131;49,97;
06:26:51;133;49,98;
06:26:54;131;49,98;
06:26:57;135;49,98;
06:27:03;136;49,98;
06:27:06;138;49,98;
06:27:12;139;49,98;
06:27:18;140;49,98;
06:27:21;141;49,97;
06:27:24;141;49,98;
06:27:27;144;49,98;
06:27:30;146;49,98;
06:27:36;147;49,98;
06:27:39;151;49,98;
06:27:42;150;49,98;
06:27:45;154;49,98;
06:27:51;157;49,98;
06:27:54;160;49,98;
06:27:57;161;49,98;
06:28:00;162;49,98;
06:28:06;163;49,98;
06:28:12;169;49,98;
06:28:18;172;49,97;
06:28:21;173;49,97;
06:28:24;177;49,97;
06:28:30;171;49,96;
06:28:33;179;49,96;
06:28:36;179;49,97;
06:28:39;185;49,97;
06:28:42;190;49,97;
06:28:45;190;49,98;
06:28:48;189;49,98;
06:28:51;179;49,98;
06:28:54;164;49,98;
06:28:57;171;49,98;
06:29:00;196;49,98;
06:29:03;202;49,98;
06:29:06;207;49,97;
06:29:09;206;49,97;
06:29:21;211;49,97;
06:29:24;215;49,98;
06:29:27;218;49,98;
06:29:30;223;49,98;
06:29:36;225;49,98;
06:29:39;227;49,98;
06:29:42;231;49,98;
06:29:45;211;49,98;
06:29:48;223;49,98;
06:29:51;230;49,98;
06:29:54;239;49,98;
06:29:57;239;49,99;
06:30:00;241;49,99;
06:30:03;245;50,00;
06:30:06;252;50,00;
06:30:09;252;49,99;
06:30:12;216;49,99;
06:30:15;235;49,99;
06:30:18;246;49,98;
06:30:24;259;50,00;
06:30:27;266;50,00;
06:30:30;265;50,01;
06:30:33;273;50,01;
06:30:36;275;50,01;
06:30:39;276;50,01;
06:30:42;271;50,01;
06:30:48;276;50,01;
06:30:51;278;50,01;
06:30:54;280;50,01;
06:31:03;282;50,01;
06:31:09;280;50,01;
06:31:12;285;50,01;
06:31:21;249;50,01;
06:31:24;275;50,01;
06:31:30;290;50,01;
06:31:33;284;50,01;
06:31:36;295;50,01;
06:31:39;290;50,01;
06:31:42;289;50,01;
06:31:45;294;50,01;
06:31:48;289;50,01;
06:31:54;295;50,00;
06:31:57;290;50,00;
06:32:00;296;50,00;
06:32:03;293;50,00;
06:32:06;296;50,00;
06:32:09;296;50,01;
06:32:15;295;50,01;
06:32:18;296;50,01;
06:32:21;294;50,01;
06:32:27;292;50,01;
06:32:30;289;50,01;
06:32:33;291;50,01;
06:32:36;292;50,00;
06:32:39;296;50,00;
06:32:42;294;50,00;
06:32:45;293;50,00;
06:32:48;294;49,99;
06:32:51;291;50,00;
06:32:57;292;50,00;
06:33:00;287;50,00;
06:33:03;286;50,00;
06:33:06;285;50,00;
06:33:09;282;49,99;
06:33:12;280;50,00;
06:33:15;277;50,00;
06:33:21;275;49,99;
06:33:24;274;49,98;
06:33:27;275;49,98;
06:33:30;271;49,98;
06:33:33;262;49,98;
06:33:36;271;49,98;
06:33:39;268;49,98;
06:33:42;271;49,98;
06:33:45;257;49,98;
06:33:48;260;49,98;
06:33:51;252;49,98;
06:33:54;256;49,98;
06:33:57;257;49,98;
06:34:00;251;49,98;
06:34:03;254;49,98;
06:34:06;253;49,98;
06:34:09;249;49,98;
06:34:12;249;49,99;
06:34:15;243;49,98;
06:34:18;242;49,98;
06:34:21;241;49,98;
06:34:27;224;49,96;
06:34:30;232;49,96;
06:34:33;223;49,95;
06:34:36;229;49,95;
06:34:39;227;49,96;
06:34:42;221;49,96;
06:34:45;224;49,96;
06:34:48;218;49,96;
06:34:51;223;49,97;
06:34:54;216;49,97;
06:34:57;214;49,97;
06:35:03;213;49,97;
06:35:06;205;49,97;
06:35:09;209;49,97;
06:35:12;205;49,97;
06:35:15;207;49,98;
06:35:18;208;49,98;
06:35:21;206;49,98;
06:35:24;205;49,98;
06:35:27;202;49,98;
06:35:33;202;49,97;
06:35:36;199;49,97;
06:35:39;197;49,96;
06:35:42;195;49,96;
06:35:45;194;49,97;
06:35:51;193;49,97;
06:35:54;193;49,98;
06:35:57;189;49,98;
06:36:03;188;49,98;
06:36:06;184;49,98;
06:36:09;185;49,98;
06:36:12;184;49,98;
06:36:18;183;49,97;
06:36:21;182;49,98;
06:36:24;180;49,98;
06:36:30;175;49,98;
06:36:36;176;49,98;
06:36:39;180;49,98;
06:36:42;168;49,98;
06:36:45;177;49,98;
06:36:48;176;49,98;
06:36:51;168;49,98;
06:36:54;167;49,98;
06:36:57;172;49,98;
06:37:00;165;49,98;
06:37:03;169;49,97;
06:37:06;169;49,96;
06:37:09;170;49,96;
06:37:15;172;49,97;
06:37:18;170;49,97;
06:37:27;174;49,97;
06:37:30;172;49,97;
06:37:33;173;49,96;
06:37:36;172;49,97;
06:37:39;171;49,97;
06:37:42;172;49,97;
06:37:48;172;49,98;
06:37:51;174;49,98;
06:37:57;173;49,98;
06:38:00;174;49,98;
06:38:03;177;49,98;
06:38:06;175;49,97;
06:38:09;174;49,97;
06:38:12;177;49,97;
06:38:15;181;49,97;
06:38:18;180;49,97;
06:38:21;182;49,96;
06:38:24;182;49,97;
06:38:30;182;49,98;
06:38:33;181;49,98;
06:38:36;184;49,98;
06:38:39;189;49,97;
06:38:42;186;49,97;
06:38:45;182;49,97;
06:38:48;193;49,97;
06:38:51;182;49,97;
06:38:54;190;49,97;
06:38:57;193;49,96;
06:39:00;170;49,96;
06:39:03;171;49,96;
06:39:06;200;49,96;
06:39:09;199;49,96;
06:39:12;200;49,96;
06:39:15;207;49,96;
06:39:18;208;49,97;
06:39:21;207;49,97;
06:39:24;210;49,97;
06:39:27;212;49,97;
06:39:30;214;49,97;
06:39:36;216;49,97;
06:39:39;222;49,97;
06:39:42;225;49,97;
06:39:48;229;49,97;
06:39:51;224;49,97;
06:39:54;231;49,97;
06:39:57;226;49,97;
06:40:00;228;49,97;
06:40:06;235;49,98;
06:40:09;236;49,98;
06:40:12;241;49,97;
06:40:15;240;49,96;
06:40:18;218;49,96;
06:40:21;226;49,96;
06:40:24;244;49,96;
06:40:27;247;49,96;
06:40:30;249;49,96;
06:40:33;251;49,96;
06:40:36;252;49,97;
06:40:42;256;49,97;
06:40:45;258;49,97;
06:40:48;260;49,97;
06:40:51;261;49,96;
06:40:54;260;49,96;
06:40:57;261;49,97;
06:41:00;224;49,97;
06:41:03;243;49,97;
06:41:06;251;49,98;
06:41:09;266;49,97;
06:41:12;270;49,96;
06:41:15;272;49,96;
06:41:18;271;49,96;
06:41:21;274;49,96;
06:41:27;278;49,96;
06:41:30;277;49,97;
06:41:33;279;49,97;
06:41:36;278;49,96;
06:41:39;282;49,96;
06:41:42;284;49,96;
06:41:45;279;49,96;
06:41:48;286;49,98;
06:41:51;282;49,98;
06:41:54;279;49,98;
06:41:57;274;49,98;
06:42:00;277;49,98;
06:42:03;294;49,98;
06:42:06;296;49,98;
06:42:09;294;49,98;
06:42:12;300;49,98;
06:42:15;303;49,98;
06:42:21;306;49,98;
06:42:27;308;49,98;
06:42:33;312;49,98;
06:42:39;315;49,98;
06:42:42;317;49,98;
06:42:45;313;49,97;
06:42:48;318;49,97;
06:42:51;317;49,97;
06:42:54;294;49,97;
06:42:57;314;49,96;
06:43:00;320;49,96;
06:43:03;322;49,96;
06:43:09;325;49,97;
06:43:12;308;49,97;
06:43:15;310;49,97;
06:43:18;327;49,97;
06:43:21;330;49,97;
06:43:24;333;49,97;
06:43:27;334;49,97;
06:43:30;335;49,97;
06:43:33;333;49,96;
06:43:39;334;49,96;
06:43:42;336;49,96;
06:43:45;333;49,96;
06:43:48;334;49,96;
06:43:51;329;49,96;
06:43:54;336;49,96;
06:43:57;327;49,96;
06:44:00;333;49,96;
06:44:03;335;49,97;
06:44:09;336;49,97;
06:44:12;337;49,97;
06:44:15;334;49,98;
06:44:18;335;49,98;
06:44:21;334;49,98;
06:44:24;336;49,97;
06:44:27;334;49,98;
06:44:30;337;49,98;
06:44:33;336;49,98;
06:44:39;315;49,98;
06:44:45;333;49,96;
06:44:48;335;49,96;
06:44:51;334;49,97;
06:44:54;333;49,97;
06:44:57;325;49,98;
06:45:00;330;49,98;
06:45:03;325;49,98;
06:45:06;331;49,98;
06:45:09;325;49,98;
06:45:12;343;49,98;
06:45:15;312;49,98;
06:45:18;315;49,98;
06:45:21;323;49,98;
06:45:24;327;49,97;
06:45:30;323;49,96;
06:45:33;322;49,97;
06:45:36;321;49,97;
06:45:39;319;49,97;
06:45:42;320;49,97;
06:45:45;320;49,96;
06:45:48;318;49,96;
06:45:51;317;49,96;
06:45:54;315;49,96;
06:45:57;314;49,96;
06:46:00;311;49,95;
06:46:03;312;49,96;
06:46:06;309;49,96;
06:46:09;309;49,97;
06:46:15;308;49,97;
06:46:18;282;49,98;
06:46:21;290;49,98;
06:46:24;299;49,98;
06:46:27;301;49,97;
06:46:30;300;49,97;
06:46:39;299;49,97;
06:46:42;300;49,97;
06:46:45;299;49,97;
06:46:51;293;49,97;
06:46:54;290;49,98;
06:46:57;298;49,98;
06:47:00;290;49,98;
06:47:03;295;49,99;
06:47:06;291;49,99;
06:47:09;295;49,99;
06:47:12;295;49,98;
06:47:15;291;49,99;
06:47:18;293;49,98;
06:47:21;275;49,98;
06:47:24;282;49,99;
06:47:27;287;49,99;
06:47:30;291;49,98;
06:47:33;289;49,98;
06:47:36;293;49,98;
06:47:42;291;49,97;
06:47:45;292;49,97;
06:47:48;293;49,97;
06:47:51;292;49,97;
06:47:54;291;49,97;
06:47:57;292;49,98;
06:48:00;294;49,98;
06:48:03;292;49,98;
06:48:06;290;49,98;
06:48:09;291;49,98;
06:48:12;294;49,98;
06:48:18;292;49,98;
06:48:21;295;49,98;
06:48:24;294;49,98;
06:48:27;292;49,98;
06:48:30;295;49,98;
06:48:33;295;49,99;
06:48:36;298;49,98;
06:48:39;299;49,98;
06:48:42;297;49,98;
06:48:48;291;49,98;
06:48:51;299;49,98;
06:48:54;306;49,98;
06:49:00;303;49,98;
06:49:03;308;49,98;
06:49:06;309;49,98;
06:49:09;308;49,98;
06:49:15;311;49,98;
06:49:18;306;49,97;
06:49:21;310;49,97;
06:49:24;314;49,97;
06:49:27;315;49,96;
06:49:30;318;49,96;
06:49:33;322;49,96;
06:49:36;319;49,96;
06:49:39;323;49,97;
06:49:42;318;49,97;
06:49:45;323;49,98;
06:49:48;327;49,98;
06:49:54;323;49,98;
06:49:57;330;49,98;
06:50:00;336;49,98;
06:50:03;337;49,98;
06:50:06;332;49,98;
06:50:09;336;49,98;
06:50:12;340;49,98;
06:50:15;343;49,98;
06:50:18;344;49,98;
06:50:21;349;49,98;
06:50:24;349;49,97;
06:50:27;357;49,97;
06:50:30;357;49,96;
06:50:33;356;49,96;
06:50:39;365;49,96;
06:50:45;363;49,96;
06:50:48;368;49,96;
06:50:51;373;49,96;
06:50:54;373;49,97;
06:50:57;375;49,97;
06:51:00;376;49,97;
06:51:03;381;49,98;
06:51:06;385;49,98;
06:51:09;384;49,98;
06:51:12;386;49,97;
06:51:15;394;49,97;
06:51:18;396;49,97;
06:51:21;398;49,97;
06:51:24;396;49,97;
06:51:27;397;49,97;
06:51:30;399;49,97;
06:51:33;399;49,96;
06:51:36;401;49,96;
06:51:39;400;49,97;
06:51:45;400;49,98;
06:51:48;411;49,98;
06:51:51;407;49,98;
06:51:54;417;49,98;
06:51:57;420;49,98;
06:52:00;418;49,98;
06:52:03;422;49,97;
06:52:06;417;49,97;
06:52:09;428;49,96;
06:52:12;426;49,96;
06:52:15;430;49,96;
06:52:18;438;49,97;
06:52:24;440;49,97;
06:52:27;443;49,97;
06:52:30;440;49,97;
06:52:33;447;49,96;
06:52:36;448;49,96;
06:52:39;451;49,96;
06:52:42;450;49,96;
06:52:45;455;49,96;
06:52:51;458;49,97;
06:52:54;457;49,97;
06:52:57;456;49,98;
06:53:00;459;49,98;
06:53:03;465;49,99;
06:53:09;464;49,99;
06:53:12;465;49,99;
06:53:15;470;49,98;
06:53:18;469;49,98;
06:53:21;473;49,98;
06:53:24;470;49,98;
06:53:27;476;49,98;
06:53:30;473;49,97;
06:53:33;473;49,96;
06:53:36;476;49,96;
06:53:39;481;49,96;
06:53:42;478;49,96;
06:53:45;482;49,97;
06:53:48;481;49,97;
06:53:51;483;49,96;
06:53:57;485;49,97;
06:54:00;483;49,97;
06:54:03;487;49,96;
06:54:18;490;49,97;
06:54:21;488;49,96;
06:54:27;487;49,96;
06:54:30;488;49,96;
06:54:33;487;49,97;
06:54:36;484;49,97;
06:54:42;486;49,97;
06:54:45;485;49,97;
06:54:48;482;49,97;
06:54:51;487;49,97;
06:54:54;484;49,97;
06:54:57;476;49,97;
06:55:00;482;49,96;
06:55:03;488;49,96;
06:55:06;476;49,97;
06:55:09;484;49,97;
06:55:12;483;49,98;
06:55:15;472;49,98;
06:55:18;473;49,99;
06:55:21;478;49,99;
06:55:24;478;49,98;
06:55:27;479;49,98;
06:55:33;480;49,97;
06:55:36;479;49,97;
06:55:39;476;49,97;
06:55:42;478;49,97;
06:55:48;477;49,98;
06:55:51;475;49,98;
06:55:54;473;49,98;
06:55:57;469;49,99;
06:56:00;467;49,99;
06:56:03;461;49,99;
06:56:06;463;49,98;
06:56:09;465;49,98;
06:56:12;443;49,98;
06:56:15;446;49,99;
06:56:18;458;49,99;
06:56:21;457;49,99;
06:56:24;456;49,99;
06:56:27;449;49,99;
06:56:30;439;49,98;
06:56:33;447;49,98;
06:56:36;449;49,97;
06:56:39;443;49,97;
06:56:42;446;49,97;
06:56:45;445;49,97;
06:56:54;438;49,97;
06:56:57;428;49,97;
06:57:00;427;49,98;
06:57:03;425;49,98;
06:57:06;431;50,00;
06:57:09;432;50,00;
06:57:12;425;50,00;
06:57:15;433;50,00;
06:57:18;427;50,00;
06:57:21;421;49,99;
06:57:24;426;49,98;
06:57:30;424;49,98;
06:57:33;423;49,98;
06:57:36;421;49,98;
06:57:39;424;49,99;
06:57:42;420;50,00;
06:57:45;422;50,00;
06:57:48;419;50,00;
06:57:54;418;50,00;
06:58:00;419;50,00;
06:58:03;418;50,00;
06:58:06;420;50,01;
06:58:09;421;50,01;
06:58:12;424;50,01;
06:58:15;423;50,01;
06:58:18;414;50,01;
06:58:21;415;50,01;
06:58:24;411;50,00;
06:58:27;414;49,99;
06:58:33;413;49,99;
06:58:36;412;50,00;
06:58:39;413;50,00;
06:58:42;414;50,00;
06:58:45;403;50,00;
06:58:48;413;50,00;
06:58:51;420;50,00;
06:58:54;421;50,00;
06:58:57;424;50,00;
06:59:00;423;50,00;
06:59:03;424;50,01;
06:59:06;424;50,00;
06:59:09;421;50,01;
06:59:12;418;50,00;
06:59:15;424;50,01;
06:59:21;425;50,01;
06:59:24;421;50,01;
06:59:27;427;50,01;
06:59:30;426;50,01;
06:59:33;427;50,00;
06:59:36;424;50,00;
06:59:39;429;50,00;
06:59:45;434;50,00;
06:59:51;432;50,01;
06:59:54;427;50,02;
06:59:57;434;50,02;
07:00:00;436;50,02;
07:00:03;440;50,02;
07:00:06;443;50,02;
07:00:09;441;50,03;
07:00:12;447;50,03;
07:00:15;454;50,02;
07:00:18;453;50,02;
07:00:24;452;50,02;
07:00:27;458;50,01;
07:00:30;460;50,01;
07:00:33;461;50,01;
07:00:36;466;50,02;
07:00:39;470;50,03;
07:00:42;472;50,03;
07:00:45;459;50,03;
07:00:48;465;50,03;
07:00:51;478;50,04;
07:00:57;494;50,05;
07:01:00;472;50,04;
07:01:03;480;50,04;
07:01:06;487;50,04;
07:01:09;480;50,05;
07:01:12;481;50,05;
07:01:15;494;50,05;
07:01:18;501;50,05;
07:01:21;507;50,05;
07:01:24;509;50,05;
07:01:27;512;50,05;
07:01:30;513;50,05;
07:01:36;518;50,05;
07:01:39;522;50,05;
07:01:42;526;50,04;
07:01:45;524;50,04;
07:01:48;535;50,04;
07:01:51;521;50,05;
07:01:54;531;50,05;
07:01:57;538;50,06;
07:02:03;542;50,05;
07:02:06;546;50,04;
07:02:09;550;50,05;
07:02:12;544;50,04;
07:02:15;552;50,04;
07:02:18;548;50,04;
07:02:21;550;50,03;
07:02:24;557;50,03;
07:02:27;564;50,03;
07:02:33;562;50,03;
07:02:36;572;50,04;
07:02:39;565;50,04;
07:02:42;576;50,04;
07:02:45;570;50,04;
07:02:48;580;50,04;
07:02:51;581;50,04;
07:02:54;586;50,04;
07:02:57;587;50,03;
07:03:00;583;50,03;
07:03:03;583;50,02;
07:03:09;591;50,02;
07:03:12;583;50,02;
07:03:15;591;50,02;
07:03:18;601;50,02;
07:03:21;602;50,02;
07:03:24;601;50,02;
07:03:27;599;50,03;
07:03:30;606;50,03;
07:03:33;609;50,02;
07:03:36;610;50,02;
07:03:39;612;50,02;
07:03:42;614;50,01;
07:03:48;616;50,01;
07:03:54;620;50,01;
07:03:57;622;50,02;
07:04:00;623;50,02;
07:04:03;622;50,01;
07:04:06;624;50,01;
07:04:09;625;50,01;
07:04:12;612;50,01;
07:04:15;620;50,01;
07:04:18;628;50,00;
07:04:21;630;50,00;
07:04:24;632;50,01;
07:04:27;630;50,01;
07:04:30;632;50,00;
07:04:36;630;50,00;
07:04:39;635;50,00;
07:04:42;632;50,00;
07:04:45;635;50,00;
07:04:51;637;50,00;
07:04:54;641;50,00;
07:05:00;639;50,00;
07:05:03;641;50,00;
07:05:06;637;50,00;
07:05:09;644;50,00;
07:05:12;648;50,00;
07:05:15;646;50,00;
07:05:21;644;50,00;
07:05:24;652;49,98;
07:05:27;650;49,98;
07:05:30;648;49,98;
07:05:33;652;49,98;
07:05:36;658;49,98;
07:05:39;655;49,98;
07:05:42;657;49,98;
07:05:45;658;49,98;
07:05:48;661;49,98;
07:05:51;658;49,97;
07:05:54;656;49,97;
07:05:57;660;49,98;
07:06:00;664;49,98;
07:06:06;659;49,98;
07:06:09;661;49,98;
07:06:12;665;49,98;
07:06:15;661;49,98;
07:06:18;662;49,98;
07:06:21;664;49,99;
07:06:24;663;49,99;
07:06:27;667;49,99;
07:06:30;660;49,98;
07:06:33;669;49,98;
07:06:36;664;49,98;
07:06:39;668;49,98;
07:06:42;653;49,98;
07:06:45;667;49,98;
07:06:51;666;49,98;
07:06:54;656;49,98;
07:06:57;664;49,98;
07:07:00;659;49,99;
07:07:03;665;50,00;
07:07:06;660;50,01;
07:07:12;661;50,01;
07:07:15;667;50,02;
07:07:18;653;50,01;
07:07:21;662;50,01;
07:07:24;659;50,01;
07:07:27;666;50,01;
07:07:30;665;50,01;
07:07:33;651;50,01;
07:07:36;653;50,00;
07:07:39;660;50,00;
07:07:42;647;50,00;
07:07:45;637;50,00;
07:07:48;651;50,00;
07:07:51;654;50,00;
07:07:54;655;50,00;
07:07:57;652;50,00;
07:08:00;647;50,00;
07:08:03;652;49,99;
07:08:06;651;50,00;
07:08:09;650;50,00;
07:08:12;648;50,00;
07:08:15;646;50,00;
07:08:18;644;50,00;
07:08:21;639;50,00;
07:08:24;643;50,00;
07:08:27;637;49,99;
07:08:30;642;49,99;
07:08:33;632;49,99;
07:08:36;641;49,99;
07:08:39;640;49,99;
07:08:42;638;49,98;
07:08:45;623;49,98;
07:08:48;634;49,99;
07:08:51;629;49,99;
07:08:54;632;49,99;
07:08:57;619;49,99;
07:09:03;625;49,99;
07:09:06;629;49,99;
07:09:09;615;49,99;
07:09:12;620;49,98;
07:09:15;622;49,97;
07:09:21;621;49,97;
07:09:24;602;49,96;
07:09:27;620;49,96;
07:09:30;622;49,96;
07:09:33;607;49,96;
07:09:36;620;49,96;
07:09:39;617;49,97;
07:09:42;621;49,97;
07:09:45;621;49,98;
07:09:48;612;49,98;
07:09:51;615;49,97;
07:09:54;623;49,96;
07:09:57;611;49,96;
07:10:00;623;49,96;
07:10:03;605;49,96;
07:10:09;621;49,97;
07:10:12;632;49,97;
07:10:15;638;49,96;
07:10:18;633;49,97;
07:10:21;629;49,97;
07:10:24;635;49,97;
07:10:27;637;49,97;
07:10:30;638;49,97;
07:10:33;635;49,96;
07:10:36;633;49,96;
07:10:39;640;49,96;
07:10:42;638;49,96;
07:10:45;645;49,96;
07:10:48;633;49,96;
07:10:51;643;49,96;
07:10:57;649;49,96;
07:11:00;637;49,96;
07:11:03;649;49,96;
07:11:06;644;49,96;
07:11:09;638;49,96;
07:11:15;652;49,96;
07:11:18;648;49,96;
07:11:21;649;49,96;
07:11:24;658;49,96;
07:11:27;667;49,96;
07:11:30;660;49,96;
07:11:33;669;49,96;
07:11:36;666;49,96;
07:11:39;677;49,96;
07:11:42;676;49,96;
07:11:45;681;49,96;
07:11:48;677;49,97;
07:11:51;688;49,97;
07:11:54;683;49,97;
07:11:57;693;49,97;
07:12:00;687;49,97;
07:12:03;692;49,97;
07:12:06;681;49,96;
07:12:09;698;49,97;
07:12:12;699;49,97;
07:12:15;703;49,97;
07:12:21;711;49,97;
07:12:24;717;49,97;
07:12:27;708;49,98;
07:12:30;720;49,98;
07:12:33;725;49,98;
07:12:36;730;49,98;
07:12:39;731;49,98;
07:12:42;734;49,98;
07:12:45;743;49,98;
07:12:48;742;49,98;
07:12:51;749;49,97;
07:12:54;748;49,97;
07:12:57;754;49,97;
07:13:00;756;49,97;
07:13:06;764;49,98;
07:13:09;767;49,98;
07:13:12;772;49,98;
07:13:15;771;49,98;
07:13:18;774;49,98;
07:13:21;783;49,98;
07:13:24;784;49,99;
07:13:27;786;49,99;
07:13:30;788;49,99;
07:13:33;794;49,98;
07:13:36;797;49,98;
07:13:39;790;49,98;
07:13:42;799;49,97;
07:13:45;801;49,97;
07:13:48;803;49,97;
07:13:51;802;49,97;
07:13:54;806;49,97;
07:13:57;807;49,97;
07:14:00;809;49,98;
07:14:03;808;49,98;
07:14:06;810;49,98;
07:14:12;816;49,97;
07:14:18;824;49,97;
07:14:21;825;49,98;
07:14:24;826;49,98;
07:14:27;824;49,98;
07:14:30;828;49,97;
07:14:36;832;49,97;
07:14:39;826;49,97;
07:14:42;836;49,98;
07:14:45;839;49,98;
07:14:51;834;49,98;
07:14:54;839;49,98;
07:14:57;840;49,98;
07:15:00;843;49,99;
07:15:03;831;49,98;
07:15:06;843;49,99;
07:15:09;836;49,99;
07:15:12;835;49,98;
07:15:18;839;49,98;
07:15:21;837;49,98;
07:15:24;837;49,99;
07:15:27;830;49,99;
07:15:30;838;50,00;
07:15:36;829;50,00;
07:15:39;832;50,00;
07:15:42;829;49,99;
07:15:45;828;49,98;
07:15:48;811;49,98;
07:15:51;812;49,97;
07:15:54;811;49,97;
07:15:57;807;49,96;
07:16:00;804;49,96;
07:16:03;794;49,98;
07:16:06;781;50,00;
07:16:09;774;50,00;
07:16:12;768;50,00;
07:16:15;761;50,00;
07:16:18;758;50,00;
07:16:24;761;49,99;
07:16:30;768;49,99;
07:16:33;770;49,99;
07:16:36;779;49,99;
07:16:39;781;49,99;
07:16:42;775;49,99;
07:16:45;779;50,00;
07:16:48;770;50,00;
07:16:51;767;50,00;
07:16:54;759;50,00;
07:16:57;755;49,99;
07:17:00;745;49,99;
07:17:03;741;49,99;
07:17:09;736;49,99;
07:17:12;735;49,99;
07:17:15;740;49,99;
07:17:18;744;49,99;
07:17:21;753;50,00;
07:17:24;758;50,00;
07:17:27;761;50,00;
07:17:30;760;50,00;
07:17:33;764;50,00;
07:17:36;766;50,00;
07:17:39;765;49,99;
07:17:42;754;49,99;
07:17:48;747;50,00;
07:17:51;754;50,00;
07:17:54;740;50,00;
07:17:57;747;50,00;
07:18:00;739;50,00;
07:18:03;746;50,00;
07:18:06;735;50,00;
07:18:09;747;50,00;
07:18:15;743;50,00;
07:18:18;731;50,00;
07:18:21;740;49,99;
07:18:24;736;49,98;
07:18:27;737;49,98;
07:18:30;728;49,98;
07:18:33;731;49,98;
07:18:36;733;49,98;
07:18:39;728;49,97;
07:18:42;722;49,98;
07:18:45;722;49,97;
07:18:48;722;49,98;
07:18:51;718;49,97;
07:18:54;715;49,98;
07:18:57;702;49,98;
07:19:00;707;49,98;
07:19:03;704;49,98;
07:19:09;703;49,97;
07:19:12;704;49,97;
07:19:21;699;49,97;
07:19:24;704;49,97;
07:19:27;702;49,96;
07:19:33;693;49,96;
07:19:36;698;49,96;
07:19:39;689;49,96;
07:19:42;697;49,97;
07:19:45;695;49,96;
07:19:51;694;49,97;
07:19:57;678;49,96;
07:20:00;687;49,97;
07:20:03;671;49,97;
07:20:06;689;49,97;
07:20:09;687;49,97;
07:20:12;686;49,97;
07:20:15;669;49,96;
07:20:18;684;49,96;
07:20:21;679;49,96;
07:20:30;679;49,97;
07:20:33;674;49,96;
07:20:36;676;49,96;
07:20:39;669;49,96;
07:20:42;673;49,96;
07:20:45;671;49,96;
07:20:48;673;49,96;
07:20:51;669;49,95;
07:20:54;670;49,96;
07:20:57;668;49,96;
07:21:00;669;49,96;
07:21:03;667;49,98;
07:21:06;666;49,98;
07:21:12;664;49,98;
07:21:15;661;49,98;
07:21:18;662;49,98;
07:21:21;657;49,96;
07:21:24;660;49,97;
07:21:27;654;49,97;
07:21:36;657;49,97;
07:21:39;642;49,97;
07:21:42;653;49,97;
07:21:45;652;49,97;
07:21:48;649;49,97;
07:21:51;650;49,98;
07:21:54;635;49,98;
07:21:57;647;49,98;
07:22:00;646;49,98;
07:22:03;643;49,98;
07:22:06;641;49,98;
07:22:09;639;49,98;
07:22:12;637;49,98;
07:22:18;640;49,99;
07:22:24;637;49,99;
07:22:27;633;49,99;
07:22:30;627;49,99;
07:22:33;622;49,99;
07:22:36;602;49,99;
07:22:39;610;49,99;
07:22:42;591;49,98;
07:22:45;582;49,98;
07:22:48;572;49,98;
07:22:51;569;49,98;
07:22:54;563;49,98;
07:23:00;559;49,98;
07:23:03;560;49,98;
07:23:06;558;49,98;
07:23:09;561;49,98;
07:23:15;560;49,98;
07:23:18;565;49,98;
07:23:24;572;49,97;
07:23:27;576;49,96;
07:23:33;584;49,96;
07:23:36;589;49,97;
07:23:39;589;49,98;
07:23:42;592;49,98;
07:23:45;601;49,98;
07:23:48;613;49,98;
07:23:51;611;49,98;
07:23:54;627;49,98;
07:23:57;628;49,99;
07:24:00;629;49,98;
07:24:03;632;49,98;
07:24:06;635;49,98;
07:24:09;638;49,98;
07:24:12;638;49,97;
07:24:15;647;49,97;
07:24:18;629;49,96;
07:24:21;645;49,97;
07:24:24;650;49,97;
07:24:30;641;49,97;
07:24:33;651;49,97;
07:24:36;662;49,97;
07:24:39;661;49,97;
07:24:42;652;49,98;
07:24:45;664;49,98;
07:24:48;665;49,98;
07:24:51;668;49,98;
07:24:54;665;49,98;
07:24:57;673;49,98;
07:25:00;674;49,98;
07:25:03;678;49,98;
07:25:06;671;49,99;
07:25:09;680;49,99;
07:25:12;674;49,99;
07:25:15;673;49,99;
07:25:18;681;49,98;
07:25:21;679;49,99;
07:25:24;687;49,98;
07:25:27;685;49,98;
07:25:30;679;49,97;
07:25:36;674;49,98;
07:25:39;685;49,98;
07:25:42;689;49,98;
07:25:45;688;49,98;
07:25:48;679;49,98;
07:25:51;689;49,98;
07:25:54;690;49,98;
07:25:57;695;49,97;
07:26:00;682;49,97;
07:26:03;691;49,97;
07:26:06;696;49,98;
07:26:09;693;49,97;
07:26:12;684;49,98;
07:26:15;691;49,98;
07:26:21;693;49,99;
07:26:24;694;49,99;
07:26:27;696;49,99;
07:26:30;695;49,98;
07:26:33;693;49,98;
07:26:36;696;49,98;
07:26:39;687;49,98;
07:26:42;694;49,97;
07:26:45;695;49,98;
07:26:48;700;49,98;
07:26:51;690;49,98;
07:26:54;694;49,98;
07:26:57;697;49,99;
07:27:00;686;49,99;
07:27:03;691;49,99;
07:27:06;686;49,99;
07:27:09;668;49,99;
07:27:12;682;49,99;
07:27:15;687;49,99;
07:27:21;677;49,99;
07:27:27;696;49,98;
07:27:30;693;49,98;
07:27:33;677;49,98;
07:27:36;687;49,99;
07:27:39;688;49,99;
07:27:42;682;49,99;
07:27:45;683;49,99;
07:27:48;671;49,98;
07:27:51;703;49,99;
07:27:54;702;50,00;
07:28:00;718;50,01;
07:28:03;723;50,01;
07:28:06;724;50,01;
07:28:09;719;50,01;
07:28:12;713;50,00;
07:28:15;693;50,00;
07:28:18;700;50,00;
07:28:21;702;49,99;
07:28:24;697;49,99;
07:28:27;702;49,99;
07:28:33;684;49,99;
07:28:36;693;49,99;
07:28:39;696;49,99;
07:28:42;689;49,98;
07:28:45;695;49,98;
07:28:48;684;49,98;
07:28:51;689;49,97;
07:28:54;679;49,97;
07:28:57;664;49,96;
07:29:03;654;49,97;
07:29:06;652;49,98;
07:29:09;643;49,97;
07:29:12;640;49,97;
07:29:15;637;49,97;
07:29:18;639;49,97;
07:29:21;642;49,97;
07:29:24;640;49,96;
07:29:27;655;49,96;
07:29:30;663;49,96;
07:29:33;676;49,96;
07:29:39;698;49,96;
07:29:42;701;49,96;
07:29:45;715;49,97;
07:29:48;711;49,96;
07:29:51;720;49,96;
07:29:54;721;49,97;
07:29:57;715;49,97;
07:30:00;717;49,97;
07:30:03;714;49,98;
07:30:06;705;49,98;
07:30:09;696;49,98;
07:30:12;680;49,98;
07:30:15;665;49,97;
07:30:18;646;49,97;
07:30:21;645;49,97;
07:30:24;638;49,97;
07:30:27;627;49,96;
07:30:30;632;49,97;
07:30:33;628;49,97;
07:30:36;629;49,97;
07:30:39;639;49,98;
07:30:45;654;49,97;
07:30:48;671;49,97;
07:30:51;676;49,98;
07:30:54;679;49,98;
07:30:57;678;49,97;
07:31:00;666;49,97;
07:31:03;665;49,97;
07:31:06;664;49,96;
07:31:09;666;49,96;
07:31:12;673;49,96;
07:31:15;683;49,97;
07:31:18;703;49,97;
07:31:21;719;49,98;
07:31:24;734;49,98;
07:31:30;744;49,97;
07:31:33;748;49,96;
07:31:36;749;49,96;
07:31:39;752;49,96;
07:31:42;750;49,96;
07:31:45;758;49,96;
07:31:48;752;49,97;
07:31:51;745;49,97;
07:31:54;758;49,97;
07:31:57;757;49,97;
07:32:00;758;49,97;
07:32:03;749;49,98;
07:32:06;759;49,98;
07:32:09;765;49,98;
07:32:12;760;49,99;
07:32:15;755;49,99;
07:32:18;763;49,99;
07:32:21;769;49,99;
07:32:24;768;49,99;
07:32:27;759;49,99;
07:32:30;760;49,99;
07:32:36;759;49,98;
07:32:39;755;49,98;
07:32:42;762;49,98;
07:32:45;769;49,98;
07:32:48;772;49,98;
07:32:51;774;49,98;
07:32:54;775;49,98;
07:32:57;776;49,98;
07:33:00;778;49,98;
07:33:03;782;49,98;
07:33:06;781;49,99;
07:33:09;775;49,99;
07:33:12;782;49,98;
07:33:18;783;49,98;
07:33:21;780;49,97;
07:33:24;788;49,96;
07:33:27;791;49,96;
07:33:33;781;49,96;
07:33:36;793;49,96;
07:33:42;796;49,96;
07:33:45;791;49,96;
07:33:48;801;49,96;
07:33:51;807;49,96;
07:33:54;803;49,96;
07:33:57;800;49,97;
07:34:00;802;49,97;
07:34:03;809;49,97;
07:34:06;810;49,97;
07:34:09;819;49,97;
07:34:12;821;49,97;
07:34:15;822;49,97;
07:34:18;826;49,97;
07:34:21;822;49,97;
07:34:24;816;49,98;
07:34:27;824;49,98;
07:34:30;830;49,98;
07:34:33;831;49,98;
07:34:36;834;49,99;
07:34:42;838;49,99;
07:34:48;847;49,98;
07:34:51;845;49,98;
07:34:54;849;49,98;
07:34:57;852;49,97;
07:35:00;855;49,97;
07:35:03;858;49,97;
07:35:06;868;49,97;
07:35:09;861;49,97;
07:35:12;869;49,97;
07:35:15;867;49,98;
07:35:18;864;49,98;
07:35:21;872;49,98;
07:35:24;878;49,98;
07:35:27;879;49,98;
07:35:33;888;49,98;
07:35:36;893;49,98;
07:35:39;897;49,98;
07:35:42;904;49,98;
07:35:51;911;49,98;
07:35:54;909;49,98;
07:35:57;916;49,97;
07:36:00;921;49,97;
07:36:03;928;49,98;
07:36:06;929;49,98;
07:36:09;932;49,98;
07:36:12;931;49,98;
07:36:15;937;49,98;
07:36:18;929;49,98;
07:36:21;938;49,98;
07:36:24;946;49,98;
07:36:27;949;49,99;
07:36:30;946;49,99;
07:36:33;955;49,99;
07:36:39;959;50,00;
07:36:42;961;50,00;
07:36:45;969;50,00;
07:36:48;964;49,99;
07:36:51;977;49,99;
07:36:54;981;49,99;
07:36:57;976;49,99;
07:37:00;983;49,99;
07:37:03;983;49,98;
07:37:06;985;49,98;
07:37:09;983;49,97;
07:37:12;986;49,98;
07:37:15;986;49,97;
07:37:21;980;49,97;
07:37:24;984;49,96;
07:37:30;988;49,96;
07:37:36;992;49,96;
07:37:39;995;49,97;
07:37:45;996;49,97;
07:37:48;995;49,97;
07:37:51;996;49,98;
07:37:54;995;49,97;
07:37:57;994;49,98;
07:38:03;995;49,98;
07:38:06;995;49,99;
07:38:09;991;49,99;
07:38:12;990;49,99;
07:38:15;990;49,98;
07:38:18;987;49,98;
07:38:21;984;49,98;
07:38:24;985;49,98;
07:38:27;983;49,98;
07:38:30;982;49,98;
07:38:33;983;49,97;
07:38:36;981;49,97;
07:38:39;978;49,97;
07:38:42;983;49,97;
07:38:45;986;49,98;
07:38:51;979;49,98;
07:38:54;982;49,98;
07:38:57;980;49,97;
07:39:00;982;49,97;
07:39:02;979;49,96;
07:39:04;981;49,97;
07:39:07;980;49,97;
07:39:13;979;49,98;
07:39:15;981;49,99;
07:39:17;975;49,99;
07:39:23;974;49,99;
07:39:29;974;49,98;
07:39:38;973;49,97;
07:39:41;971;49,97;
07:39:44;973;49,96;
07:39:47;964;49,96;
07:39:50;970;49,96;
07:39:53;964;49,97;
07:39:56;969;49,97;
07:39:59;964;49,98;
07:40:02;960;49,98;
07:40:05;966;49,97;
07:40:08;962;49,97;
07:40:11;959;49,97;
07:40:14;960;49,97;
07:40:20;957;49,97;
07:40:23;956;49,97;
07:40:26;955;49,96;
07:40:29;949;49,96;
07:40:32;952;49,96;
07:40:35;947;49,96;
07:40:38;946;49,96;
07:40:41;949;49,96;
07:40:44;937;49,96;
07:40:47;923;49,96;
07:40:50;925;49,97;
07:40:53;927;49,96;
07:40:56;923;49,97;
07:40:59;920;49,97;
07:41:02;918;49,97;
07:41:05;906;49,97;
07:41:08;918;49,98;
07:41:11;916;49,98;
07:41:14;920;49,99;
07:41:17;912;49,98;
07:41:20;910;49,98;
07:41:26;896;49,97;
07:41:29;885;49,97;
07:41:32;876;49,96;
07:41:35;867;49,97;
07:41:38;848;49,97;
07:41:41;838;49,97;
07:41:44;815;49,97;
07:41:47;808;49,97;
07:41:50;786;49,97;
07:41:53;785;49,97;
07:41:56;775;49,98;
07:41:59;762;49,98;
07:42:02;767;49,99;
07:42:05;772;49,98;
07:42:08;771;49,98;
07:42:11;776;49,98;
07:42:14;773;49,98;
07:42:20;768;49,98;
07:42:23;772;49,98;
07:42:26;769;49,97;
07:42:32;766;49,97;
07:42:38;765;49,96;
07:42:41;770;49,97;
07:42:44;775;49,97;
07:42:47;781;49,97;
07:42:50;779;49,98;
07:42:53;784;49,98;
07:42:56;791;49,98;
07:42:59;794;49,98;
07:43:02;795;49,98;
07:43:08;786;49,98;
07:43:11;772;49,97;
07:43:14;746;49,98;
07:43:17;747;49,97;
07:43:20;745;49,97;
07:43:23;764;49,97;
07:43:26;774;49,98;
07:43:29;777;49,98;
07:43:38;769;49,98;
07:43:41;761;49,98;
07:43:44;754;49,98;
07:43:47;745;49,98;
07:43:50;727;49,98;
07:43:53;733;49,98;
07:43:59;722;49,98;
07:44:02;716;49,98;
07:44:05;726;49,98;
07:44:08;714;49,97;
07:44:11;715;49,97;
07:44:14;705;49,97;
07:44:23;695;49,98;
07:44:26;693;49,98;
07:44:29;685;49,98;
07:44:32;682;49,98;
07:44:35;677;49,98;
07:44:41;668;49,98;
07:44:44;677;49,98;
07:44:47;673;49,99;
07:44:53;672;49,99;
07:44:56;665;49,99;
07:44:58;666;49,98;
07:45:00;669;49,98;
07:45:06;661;49,98;
07:45:09;662;49,97;
07:45:11;660;49,96;
07:45:13;652;49,96;
07:45:19;660;49,96;
07:45:22;657;49,96;
07:45:27;659;49,96;
07:45:29;657;49,97;
07:45:31;656;49,96;
07:45:34;654;49,96;
07:45:44;650;49,96;
07:45:52;650;49,97;
07:45:57;651;49,97;
07:46:00;646;49,97;
07:46:02;643;49,97;
07:46:04;646;49,96;
07:46:07;648;49,96;
07:46:16;647;49,96;
07:46:20;646;49,96;
07:46:24;640;49,96;
07:46:31;646;49,96;
07:46:34;641;49,96;
07:46:36;648;49,96;
07:46:39;640;49,96;
07:46:41;645;49,95;
07:46:43;638;49,95;
07:46:46;640;49,95;
07:46:53;636;49,95;
07:46:57;644;49,95;
07:47:00;641;49,96;
07:47:03;646;49,96;
07:47:07;645;49,96;
07:47:10;640;49,96;
07:47:12;643;49,96;
07:47:17;645;49,96;
07:47:21;647;49,96;
07:47:24;644;49,96;
07:47:26;648;49,96;
07:47:28;645;49,96;
07:47:30;647;49,96;
07:47:32;649;49,96;
07:47:34;646;49,96;
07:47:37;648;49,96;
07:47:41;649;49,95;
07:47:43;646;49,95;
07:47:45;653;49,95;
07:47:49;648;49,95;
07:47:56;655;49,96;
07:47:58;654;49,96;
07:48:03;656;49,97;
07:48:05;659;49,97;
07:48:09;674;49,97;
07:48:13;677;49,96;
07:48:17;680;49,96;
07:48:20;698;49,96;
07:48:28;804;49,95;
07:48:31;867;49,95;
07:48:33;906;49,96;
07:48:36;917;49,96;
07:48:40;942;49,96;
07:48:47;983;49,96;
07:48:50;990;49,97;
07:48:52;1021;49,97;
07:48:58;1024;49,97;
07:49:01;1036;49,97;
07:49:03;1039;49,97;
07:49:10;1047;49,97;
07:49:12;1065;49,96;
07:49:14;1070;49,96;
07:49:20;1072;49,96;
07:49:22;1079;49,96;
07:49:26;1083;49,96;
07:49:30;1081;49,96;
07:49:34;1086;49,96;
07:49:38;1091;49,96;
07:49:41;1096;49,96;
07:49:45;1092;49,96;
07:49:48;1096;49,96;
07:49:50;1091;49,96;
07:49:53;1087;49,97;
07:50:00;1089;49,96;
07:50:04;1093;49,96;
07:50:11;1094;49,96;
07:50:15;1092;49,96;
07:50:18;1086;49,96;
07:50:20;1085;49,96;
07:50:24;1078;49,96;
07:50:28;1080;49,96;
07:50:31;1076;49,96;
07:50:38;1060;49,97;
07:50:40;1055;49,96;
07:50:46;1048;49,97;
07:50:50;1041;49,97;
07:50:52;1057;49,98;
07:50:58;1067;49,98;
07:51:00;1094;49,98;
07:51:06;1113;49,97;
07:51:09;1122;49,97;
07:51:11;1124;49,96;
07:51:14;1134;49,96;
07:51:19;1149;49,96;
07:51:28;1145;49,95;
07:51:31;1153;49,95;
07:51:35;1156;49,95;
07:51:38;1149;49,96;
07:51:40;1154;49,97;
07:51:48;1148;49,97;
07:51:50;1141;49,97;
07:51:52;1146;49,97;
07:51:58;1145;49,96;
07:52:00;1147;49,96;
07:52:10;1150;49,96;
07:52:14;1155;49,96;
07:52:18;1163;49,96;
07:52:20;1166;49,96;
07:52:26;1172;49,96;
07:52:30;1171;49,96;
07:52:32;1167;49,96;
07:52:35;1171;49,96;
07:52:42;1174;49,96;
07:52:46;1176;49,96;
07:52:50;1184;49,97;
07:52:54;1181;49,97;
07:52:56;1184;49,97;
07:52:58;1183;49,97;
07:53:05;1186;49,97;
07:53:09;1189;49,97;
07:53:10;1201;49,97;
07:53:14;1210;49,96;
07:53:17;1217;49,96;
07:53:21;1222;49,96;
07:53:26;1228;49,97;
07:53:29;1226;49,97;
07:53:38;1245;49,97;
07:53:40;1253;49,96;
07:53:41;1263;49,96;
07:53:45;1267;49,96;
07:53:48;1273;49,96;
07:53:51;1277;49,96;
07:53:59;1289;49,96;
07:54:02;1297;49,97;
07:54:05;1295;49,97;
07:54:08;1304;49,98;
07:54:12;1306;49,98;
07:54:15;1305;49,98;
07:54:19;1308;49,98;
07:54:22;1314;49,98;
07:54:26;1315;49,97;
07:54:29;1318;49,96;
07:54:32;1320;49,96;
07:54:35;1321;49,96;
07:54:38;1320;49,96;
07:54:42;1326;49,96;
07:54:45;1335;49,96;
07:54:48;1337;49,97;
07:54:51;1339;49,97;
07:54:52;1336;49,97;
07:54:59;1344;49,97;
07:55:02;1348;49,97;
07:55:05;1346;49,97;
07:55:08;1349;49,97;
07:55:12;1351;49,97;
07:55:15;1351;49,98;
07:55:18;1342;49,98;
07:55:25;1361;49,98;
07:55:28;1365;49,98;
07:55:30;1359;49,98;
07:55:32;1365;49,99;
07:55:34;1368;49,99;
07:55:36;1363;49,99;
07:55:38;1372;49,99;
07:55:40;1374;49,98;
07:55:45;1368;49,98;
07:55:48;1376;49,98;
07:55:50;1383;49,98;
07:55:52;1383;49,99;
07:55:54;1373;49,99;
07:55:58;1382;49,99;
07:56:01;1381;49,98;
07:56:02;1383;49,98;
07:56:09;1382;49,98;
07:56:13;1379;49,97;
07:56:16;1383;49,97;
07:56:19;1373;49,98;
07:56:23;1386;49,98;
07:56:26;1387;49,98;
07:56:29;1390;49,98;
07:56:33;1394;49,98;
07:56:37;1394;49,97;
07:56:41;1393;49,96;
07:56:44;1383;49,96;
07:56:47;1393;49,97;
07:56:49;1391;49,97;
07:56:53;1386;49,97;
07:56:57;1396;49,98;
07:57:02;1397;49,98;
07:57:05;1401;49,98;
07:57:08;1399;49,98;
07:57:14;1404;50,00;
07:57:17;1405;50,00;
07:57:20;1402;50,00;
07:57:24;1412;49,99;
07:57:27;1415;49,99;
07:57:30;1420;49,98;
07:57:37;1428;49,98;
07:57:40;1431;49,98;
07:57:44;1435;49,98;
07:57:47;1440;49,98;
07:57:50;1447;49,98;
07:57:54;1451;49,98;
07:57:57;1454;49,98;
07:57:59;1456;49,98;
07:58:05;1454;49,99;
07:58:08;1458;49,99;
07:58:12;1464;49,98;
07:58:13;1471;49,99;
07:58:19;1476;49,98;
07:58:22;1478;49,98;
07:58:23;1494;49,98;
07:58:32;1495;49,97;
07:58:35;1481;49,97;
07:58:38;1482;49,97;
07:58:42;1476;49,96;
07:58:45;1474;49,96;
07:58:48;1479;49,96;
07:58:52;1484;49,96;
07:58:54;1486;49,96;
07:58:55;1482;49,97;
07:59:02;1491;49,97;
07:59:03;1495;49,98;
07:59:10;1489;49,98;
07:59:14;1490;49,98;
07:59:17;1491;49,97;
07:59:20;1496;49,97;
07:59:24;1507;49,97;
07:59:27;1529;49,97;
07:59:30;1533;49,97;
07:59:34;1551;49,97;
07:59:37;1565;49,97;
07:59:40;1573;49,98;
07:59:44;1583;49,98;
07:59:47;1587;49,97;
07:59:50;1596;49,96;
07:59:54;1601;49,97;
07:59:57;1613;49,98;
08:00:00;1606;49,99;
08:00:04;1627;49,99;
08:00:07;1632;49,99;
08:00:10;1639;49,99;
08:00:14;1654;50,00;
08:00:17;1662;49,99;
08:00:20;1667;49,98;
08:00:24;1666;49,98;
08:00:27;1682;49,98;
08:00:33;1694;50,00;
08:00:36;1689;50,00;
08:00:39;1715;50,01;
08:00:42;1717;50,02;
08:00:43;1714;50,01;
08:00:49;1723;50,01;
08:00:55;1735;50,00;
08:00:58;1737;50,00;
08:01:02;1742;50,01;
08:01:05;1747;50,01;
08:01:08;1753;50,02;
08:01:12;1751;50,03;
08:01:18;1766;50,02;
08:01:21;1775;50,01;
08:01:24;1768;50,01;
08:01:27;1786;50,01;
08:01:30;1783;50,01;
08:01:34;1792;50,01;
08:01:37;1788;50,01;
08:01:40;1802;50,00;
08:01:43;1807;50,00;
08:01:46;1812;50,00;
08:01:49;1818;50,00;
08:01:52;1819;50,00;
08:01:53;1825;50,00;
08:01:59;1828;50,00;
08:02:02;1836;50,00;
08:02:05;1841;50,00;
08:02:08;1844;50,00;
08:02:12;1850;50,00;
08:02:15;1852;50,00;
08:02:18;1856;50,00;
08:02:21;1859;50,00;
08:02:24;1868;50,00;
08:02:27;1870;50,00;
08:02:30;1877;50,01;
08:02:34;1882;50,00;
08:02:40;1888;50,00;
08:02:47;1896;50,00;
08:02:50;1896;50,01;
08:02:53;1898;50,00;
08:02:56;1893;50,01;
08:02:59;1901;50,00;
08:03:02;1902;50,01;
08:03:06;1905;50,01;
08:03:09;1901;50,02;
08:03:12;1907;50,01;
08:03:18;1908;50,01;
08:03:21;1901;50,01;
08:03:24;1907;50,00;
08:03:30;1911;49,99;
08:03:33;1907;49,99;
08:03:34;1913;49,99;
08:03:40;1914;50,00;
08:03:43;1913;50,00;
08:03:46;1918;50,00;
08:03:52;1926;50,00;
08:03:55;1931;50,00;
08:03:58;1932;50,00;
08:04:01;1931;50,00;
08:04:07;1932;50,00;
08:04:10;1933;50,00;
08:04:13;1934;50,00;
08:04:16;1938;50,00;
08:04:19;1943;50,00;
08:04:22;1946;50,00;
08:04:23;1948;50,00;
08:04:26;1943;50,00;
08:04:29;1952;50,00;
08:04:32;1953;50,00;
08:04:33;1935;50,00;
08:04:36;1960;50,00;
08:04:39;1954;50,00;
08:04:42;1966;50,00;
08:04:45;1946;50,00;
08:04:48;1967;50,00;
08:04:51;1966;50,00;
08:04:54;1970;50,00;
08:04:57;1972;50,00;
08:05:00;1977;50,00;
08:05:03;1976;50,00;
08:05:06;1984;50,00;
08:05:09;1979;50,00;
08:05:12;1989;49,99;
08:05:13;1985;49,99;
08:05:19;1989;49,99;
08:05:22;1980;49,98;
08:05:25;1994;49,98;
08:05:28;1981;49,98;
08:05:31;1991;49,98;
08:05:34;1975;49,98;
08:05:37;1989;49,98;
08:05:40;1993;49,98;
08:05:44;1994;49,98;
08:05:47;1968;49,98;
08:05:50;1984;49,98;
08:05:53;1978;49,99;
08:05:54;1982;49,99;
08:06:00;1961;50,00;
08:06:03;1979;50,00;
08:06:06;1977;50,00;
08:06:12;1976;49,99;
08:06:18;1978;49,99;
08:06:21;1977;49,99;
08:06:24;1962;50,00;
08:06:27;1947;50,00;
08:06:30;1930;50,00;
08:06:33;1924;50,00;
08:06:36;1899;50,00;
08:06:39;1885;50,00;
08:06:42;1833;50,00;
08:06:46;1802;50,00;
08:06:49;1732;50,00;
08:06:52;1646;50,00;
08:06:55;1574;50,00;
08:06:58;1509;50,00;
08:07:01;1358;50,00;
08:07:04;1296;49,99;
08:07:07;1238;49,99;
08:07:10;1234;49,98;
08:07:13;1500;49,98;
08:07:16;1640;49,99;
08:07:19;1857;49,99;
08:07:22;1910;50,00;
08:07:25;1913;50,00;
08:07:28;1906;50,01;
08:07:31;1894;50,01;
08:07:34;1878;50,00;
08:07:37;1848;50,00;
08:07:40;1870;50,00;
08:07:43;1859;50,00;
08:07:46;1866;50,00;
08:07:49;1879;49,99;
08:07:55;1930;49,99;
08:07:58;1933;49,99;
08:08:01;1841;49,99;
08:08:04;1827;49,98;
08:08:07;1767;49,98;
08:08:10;1746;49,98;
08:08:13;1743;49,97;
08:08:16;1737;49,97;
08:08:19;1765;49,97;
08:08:22;1742;49,97;
08:08:25;1622;49,97;
08:08:28;1531;49,98;
08:08:31;1303;49,98;
08:08:34;1241;49,98;
08:08:37;1190;49,98;
08:08:40;1162;49,98;
08:08:43;1149;49,98;
08:08:46;1142;49,98;
08:08:49;1127;49,97;
08:08:52;1132;49,97;
08:08:55;1113;49,96;
08:09:04;1107;49,96;
08:09:07;1109;49,96;
08:09:10;1112;49,96;
08:09:13;1103;49,97;
08:09:16;1119;49,97;
08:09:19;1122;49,97;
08:09:22;1123;49,97;
08:09:25;1113;49,98;
08:09:28;1119;49,98;
08:09:31;1120;49,98;
08:09:34;1120;49,97;
08:09:37;1120;49,98;
08:09:40;1125;49,97;
08:09:43;1128;49,98;
08:09:46;1129;49,98;
08:09:49;1132;49,99;
08:09:52;1138;49,99;
08:09:55;1137;49,99;
08:09:58;1143;49,99;
08:10:01;1136;49,99;
08:10:07;1141;49,99;
08:10:10;1153;49,98;
08:10:13;1150;49,98;
08:10:16;1152;49,97;
08:10:19;1153;49,97;
08:10:22;1161;49,97;
08:10:25;1162;49,97;
08:10:28;1166;49,97;
08:10:31;1166;49,98;
08:10:34;1169;49,98;
08:10:37;1176;49,98;
08:10:40;1168;49,98;
08:10:43;1180;49,98;
08:10:46;1176;49,98;
08:10:49;1182;49,98;
08:10:52;1178;49,98;
08:10:55;1190;49,98;
08:10:58;1186;49,98;
08:11:01;1195;49,98;
08:11:04;1188;49,98;
08:11:07;1199;49,98;
08:11:13;1206;49,97;
08:11:16;1199;49,97;
08:11:19;1212;49,97;
08:11:22;1213;49,96;
08:11:25;1247;49,96;
08:11:28;1272;49,96;
08:11:31;1298;49,96;
08:11:34;1326;49,96;
08:11:37;1372;49,96;
08:11:40;1403;49,96;
08:11:46;1404;49,96;
08:11:49;1423;49,97;
08:11:52;1468;49,97;
08:11:58;1600;49,98;
08:12:01;1652;49,98;
08:12:04;1840;49,97;
08:12:07;1923;49,97;
08:12:10;2118;49,97;
08:12:13;2125;49,97;
08:12:16;2167;49,97;
08:12:19;2187;49,97;
08:12:22;2220;49,97;
08:12:25;2203;49,97;
08:12:28;2202;49,97;
08:12:31;2203;49,97;
08:12:34;2262;49,97;
08:12:37;2270;49,97;
08:12:40;2259;49,97;
08:12:43;2150;49,98;
08:12:46;2151;49,98;
08:12:49;2162;49,99;
08:12:52;2175;49,98;
08:12:55;2111;49,99;
08:12:58;1993;49,98;
08:13:04;1779;49,99;
08:13:07;1756;49,99;
08:13:10;1743;49,99;
08:13:13;1730;49,98;
08:13:16;1746;49,98;
08:13:19;1715;49,98;
08:13:22;1651;49,98;
08:13:25;1591;49,98;
08:13:28;1426;49,97;
08:13:31;1404;49,97;
08:13:34;1408;49,97;
08:13:37;1401;49,97;
08:13:40;1382;49,97;
08:13:43;1373;49,98;
08:13:46;1379;49,98;
08:13:49;1370;49,98;
08:13:52;1372;50,00;
08:13:55;1350;50,00;
08:14:01;1344;50,00;
08:14:04;1355;50,00;
08:14:10;1381;50,00;
08:14:13;1375;50,00;
08:14:16;1367;50,00;
08:14:19;1342;50,00;
08:14:22;1333;49,99;
08:14:25;1324;49,98;
08:14:28;1329;49,98;
08:14:31;1327;49,98;
08:14:34;1324;49,98;
08:14:37;1322;49,98;
08:14:40;1323;49,99;
08:14:43;1313;49,99;
08:14:46;1324;49,98;
08:14:49;1326;49,98;
08:14:52;1323;49,98;
08:14:55;1319;49,98;
08:14:58;1326;49,99;
08:15:01;1323;49,99;
08:15:04;1324;50,00;
08:15:07;1306;50,00;
08:15:10;1319;49,99;
08:15:16;1315;49,98;
08:15:19;1297;49,98;
08:15:22;1309;49,98;
08:15:25;1305;49,98;
08:15:28;1307;49,97;
08:15:31;1301;49,96;
08:15:34;1292;49,97;
08:15:37;1301;49,96;
08:15:40;1295;49,97;
08:15:43;1293;49,97;
08:15:46;1292;49,96;
08:15:49;1287;49,97;
08:15:52;1285;49,97;
08:15:55;1280;49,97;
08:15:58;1271;49,97;
08:16:01;1276;49,97;
08:16:04;1266;49,97;
08:16:07;1269;49,97;
08:16:10;1258;49,97;
08:16:13;1262;49,96;
08:16:16;1253;49,96;
08:16:19;1258;49,96;
08:16:22;1253;49,96;
08:16:25;1248;49,96;
08:16:28;1245;49,96;
08:16:31;1244;49,96;
08:16:34;1231;49,96;
08:16:37;1237;49,96;
08:16:40;1230;49,96;
08:16:43;1236;49,96;
08:16:46;1228;49,96;
08:16:49;1233;49,96;
08:16:52;1223;49,96;
08:16:55;1223;49,97;
08:16:58;1209;49,97;
08:17:01;1217;49,97;
08:17:07;1211;49,97;
08:17:10;1198;49,97;
08:17:13;1203;49,97;
08:17:16;1201;49,98;
08:17:19;1200;49,98;
08:17:22;1183;49,98;
08:17:25;1193;49,98;
08:17:28;1194;49,98;
08:17:31;1190;49,98;
08:17:34;1180;49,98;
08:17:37;1185;49,97;
08:17:43;1179;49,97;
08:17:46;1179;49,98;
08:17:49;1166;49,97;
08:17:52;1175;49,98;
08:17:55;1173;49,98;
08:17:58;1172;49,98;
08:18:01;1167;49,98;
08:18:07;1166;49,98;
08:18:13;1159;49,98;
08:18:19;1159;49,97;
08:18:22;1156;49,97;
08:18:25;1153;49,97;
08:18:28;1151;49,96;
08:18:31;1146;49,96;
08:18:34;1152;49,96;
08:18:37;1160;49,96;
08:18:40;1162;49,96;
08:18:43;1166;49,97;
08:18:46;1170;49,97;
08:18:49;1194;49,98;
08:18:52;1207;49,98;
08:18:55;1208;49,98;
08:18:58;1173;49,98;
08:19:01;1146;49,99;
08:19:04;1139;49,99;
08:19:07;1137;49,99;
08:19:13;1136;49,99;
08:19:19;1165;49,98;
08:19:22;1192;49,98;
08:19:25;1245;49,97;
08:19:28;1273;49,97;
08:19:31;1279;49,96;
08:19:34;1250;49,96;
08:19:37;1196;49,96;
08:19:40;1144;49,96;
08:19:43;1128;49,97;
08:19:49;1134;49,98;
08:19:52;1140;49,98;
08:19:55;1196;49,98;
08:19:58;1231;49,98;
08:20:01;1270;49,98;
08:20:04;1299;49,98;
08:20:07;1275;49,97;
08:20:10;1254;49,97;
08:20:13;1161;49,96;
08:20:16;1137;49,96;
08:20:19;1123;49,96;
08:20:25;1150;49,96;
08:20:28;1148;49,96;
08:20:31;1130;49,96;
08:20:34;1102;49,96;
08:20:37;1089;49,96;
08:20:40;1087;49,96;
08:20:46;1092;49,96;
08:20:49;1102;49,97;
08:20:52;1141;49,97;
08:20:55;1165;49,97;
08:20:58;1156;49,98;
08:21:01;1134;49,97;
08:21:04;1095;49,97;
08:21:10;1077;49,97;
08:21:13;1073;49,96;
08:21:19;1071;49,97;
08:21:25;1066;49,97;
08:21:28;1061;49,97;
08:21:31;1065;49,97;
08:21:34;1067;49,96;
08:21:37;1065;49,96;
08:21:40;1064;49,96;
08:21:46;1065;49,96;
08:21:49;1069;49,96;
08:21:52;1064;49,96;
08:21:55;1067;49,96;
08:21:58;1054;49,96;
08:22:01;1064;49,96;
08:22:04;1063;49,96;
08:22:07;1065;49,97;
08:22:10;1069;49,96;
08:22:16;1068;49,96;
08:22:19;1073;49,96;
08:22:22;1071;49,96;
08:22:25;1083;49,96;
08:22:28;1076;49,96;
08:22:31;1084;49,96;
08:22:34;1076;49,96;
08:22:37;1083;49,96;
08:22:40;1082;49,96;
08:22:43;1087;49,96;
08:22:46;1087;49,97;
08:22:49;1093;49,97;
08:22:52;1094;49,97;
08:22:55;1099;49,96;
08:22:58;1101;49,96;
08:23:01;1106;49,96;
08:23:04;1098;49,97;
08:23:07;1106;49,97;
08:23:10;1111;49,97;
08:23:13;1113;49,97;
08:23:16;1106;49,97;
08:23:22;1113;49,97;
08:23:25;1120;49,97;
08:23:28;1113;49,97;
08:23:31;1124;49,97;
08:23:34;1131;49,96;
08:23:40;1125;49,96;
08:23:43;1132;49,96;
08:23:46;1137;49,97;
08:23:49;1142;49,97;
08:23:52;1141;49,98;
08:23:55;1148;49,98;
08:23:58;1151;49,98;
08:24:01;1154;49,97;
08:24:04;1157;49,97;
08:24:07;1158;49,97;
08:24:10;1150;49,97;
08:24:13;1165;49,97;
08:24:16;1170;49,96;
08:24:19;1186;49,96;
08:24:22;1195;49,96;
08:24:28;1183;49,96;
08:24:31;1187;49,97;
08:24:34;1182;49,97;
08:24:37;1185;49,97;
08:24:40;1184;49,97;
08:24:43;1190;49,97;
08:24:46;1191;49,97;
08:24:49;1188;49,97;
08:24:52;1193;49,97;
08:24:55;1202;49,97;
08:25:01;1208;49,98;
08:25:04;1212;49,98;
08:25:07;1209;49,98;
08:25:13;1207;49,98;
08:25:16;1211;49,98;
08:25:19;1212;49,97;
08:25:22;1210;49,97;
08:25:25;1211;49,97;
08:25:28;1214;49,97;
08:25:31;1208;49,97;
08:25:37;1218;49,97;
08:25:40;1222;49,97;
08:25:43;1214;49,97;
08:25:46;1225;49,98;
08:25:49;1223;49,98;
08:25:52;1229;49,98;
08:25:58;1231;49,97;
08:26:01;1229;49,97;
08:26:04;1232;49,97;
08:26:07;1226;49,98;
08:26:10;1239;49,98;
08:26:13;1237;49,97;
08:26:19;1234;49,97;
08:26:22;1244;49,97;
08:26:25;1243;49,97;
08:26:28;1247;49,97;
08:26:31;1240;49,97;
08:26:34;1251;49,98;
08:26:37;1251;49,97;
08:26:40;1248;49,97;
08:26:43;1250;49,97;
08:26:46;1257;49,97;
08:26:49;1253;49,98;
08:26:52;1261;49,98;
08:26:58;1262;49,98;
08:27:01;1265;49,98;
08:27:04;1268;49,98;
08:27:07;1265;49,98;
08:27:10;1271;49,99;
08:27:13;1281;49,99;
08:27:16;1291;49,99;
08:27:19;1304;49,99;
08:27:25;1292;50,00;
08:27:31;1296;50,00;
08:27:34;1301;50,00;
08:27:37;1306;49,99;
08:27:40;1299;49,99;
08:27:43;1308;49,99;
08:27:46;1306;50,00;
08:27:49;1321;50,00;
08:27:52;1328;49,99;
08:27:55;1353;49,98;
08:27:58;1357;49,98;
08:28:01;1360;49,98;
08:28:04;1354;49,98;
08:28:07;1366;49,98;
08:28:10;1381;49,98;
08:28:13;1395;49,98;
08:28:16;1396;49,98;
08:28:19;1450;49,97;
08:28:22;1483;49,97;
08:28:25;1508;49,97;
08:28:31;1520;49,97;
08:28:34;1542;49,97;
08:28:37;1590;49,97;
08:28:40;1605;49,98;
08:28:43;1612;49,97;
08:28:46;1569;49,97;
08:28:49;1530;49,98;
08:28:52;1496;49,97;
08:28:55;1531;49,97;
08:28:58;1553;49,96;
08:29:01;1621;49,97;
08:29:04;1607;49,97;
08:29:07;1527;49,98;
08:29:10;1469;49,98;
08:29:13;1454;49,98;
08:29:16;1485;49,97;
08:29:19;1501;49,97;
08:29:22;1473;49,97;
08:29:25;1445;49,97;
08:29:28;1426;49,98;
08:29:31;1476;49,98;
08:29:37;1486;49,98;
08:29:40;1466;49,97;
08:29:43;1445;49,98;
08:29:46;1426;49,98;
08:29:49;1418;49,98;
08:29:52;1421;49,99;
08:29:55;1428;49,99;
08:29:58;1431;49,99;
08:30:01;1435;49,99;
08:30:04;1446;49,98;
08:30:07;1447;49,98;
08:30:10;1458;49,98;
08:30:13;1465;49,99;
08:30:16;1468;49,99;
08:30:22;1485;49,98;
08:30:25;1492;49,98;
08:30:28;1495;49,98;
08:30:31;1510;49,97;
08:30:34;1518;49,96;
08:30:37;1520;49,96;
08:30:40;1531;49,95;
08:30:43;1529;49,95;
08:30:46;1549;49,94;
08:30:52;1566;49,94;
08:30:55;1582;49,94;
08:30:58;1643;49,94;
08:31:01;1676;49,94;
08:31:04;1677;49,94;
08:31:07;1686;49,94;
08:31:10;1739;49,94;
08:31:13;1756;49,94;
08:31:16;1833;49,94;
08:31:19;1860;49,95;
08:31:22;1945;49,95;
08:31:28;2063;49,96;
08:31:31;2096;49,96;
08:31:34;2197;49,95;
08:31:37;2175;49,96;
08:31:40;1965;49,96;
08:31:43;1885;49,96;
08:31:46;1878;49,96;
08:31:49;1887;49,97;
08:31:52;1861;49,96;
08:31:55;1846;49,96;
08:31:58;1831;49,96;
08:32:01;1811;49,96;
08:32:04;1792;49,96;
08:32:10;1824;49,96;
08:32:13;1941;49,96;
08:32:16;2021;49,96;
08:32:19;2047;49,96;
08:32:22;2123;49,96;
08:32:25;2187;49,95;
08:32:28;2307;49,94;
08:32:34;2246;49,95;
08:32:37;2242;49,96;
08:32:40;2315;49,97;
08:32:43;2345;49,97;
08:32:46;2296;49,97;
08:32:49;2217;49,96;
08:32:52;2167;49,96;
08:32:55;2156;49,96;
08:32:58;2363;49,96;
08:33:01;2463;49,97;
08:33:04;2642;49,97;
08:33:07;2716;49,97;
08:33:10;2675;49,98;
08:33:13;2548;49,98;
08:33:16;2397;49,98;
08:33:19;2166;49,97;
08:33:22;2038;49,96;
08:33:25;2014;49,96;
08:33:28;2054;49,97;
08:33:31;2082;49,97;
08:33:34;2102;49,97;
08:33:40;2046;49,97;
08:33:43;2043;49,97;
08:33:46;2047;49,97;
08:33:49;2037;49,97;
08:33:52;2041;49,97;
08:33:55;2047;49,97;
08:33:58;2055;49,97;
08:34:01;2092;49,97;
08:34:04;2193;49,96;
08:34:07;2197;49,97;
08:34:10;2191;49,97;
08:34:13;2181;49,97;
08:34:16;2156;49,97;
08:34:19;2104;49,97;
08:34:25;2100;49,97;
08:34:28;2116;49,97;
08:34:31;2165;49,98;
08:34:34;2166;49,98;
08:34:37;2184;49,97;
08:34:40;2200;49,98;
08:34:43;2244;49,98;
08:34:46;2288;49,98;
08:34:49;2307;49,98;
08:34:52;2296;49,98;
08:34:55;2275;49,98;
08:34:58;2263;49,97;
08:35:04;2244;49,97;
08:35:07;2242;49,97;
08:35:10;2206;49,97;
08:35:13;2207;49,97;
08:35:16;2191;49,97;
08:35:19;2186;49,97;
08:35:22;2165;49,97;
08:35:25;2173;49,97;
08:35:31;2187;49,97;
08:35:34;2193;49,97;
08:35:37;2240;49,96;
08:35:40;2227;49,96;
08:35:43;2214;49,96;
08:35:46;2206;49,96;
08:35:49;2224;49,96;
08:35:52;2227;49,96;
08:35:55;2221;49,96;
08:35:58;2246;49,97;
08:36:01;2314;49,97;
08:36:04;2320;49,97;
08:36:07;2285;49,98;
08:36:10;2266;49,98;
08:36:13;2243;49,99;
08:36:16;2197;49,99;
08:36:19;2152;50,00;
08:36:22;2131;49,99;
08:36:25;2127;49,99;
08:36:28;2121;49,99;
08:36:31;2133;49,99;
08:36:37;2138;49,98;
08:36:40;2115;49,99;
08:36:43;2066;49,99;
08:36:46;2053;49,99;
08:36:49;2031;50,00;
08:36:52;2015;50,00;
08:36:55;1988;50,00;
08:36:58;1983;50,01;
08:37:01;1930;50,01;
08:37:04;1916;50,00;
08:37:07;1903;50,00;
08:37:10;1894;50,00;
08:37:13;1856;50,00;
08:37:16;1840;49,99;
08:37:19;1831;49,99;
08:37:22;1803;49,99;
08:37:25;1762;49,99;
08:37:28;1750;49,99;
08:37:31;1725;49,98;
08:37:34;1709;49,98;
08:37:37;1689;49,97;
08:37:43;1653;49,97;
08:37:46;1638;49,97;
08:37:49;1610;49,98;
08:37:52;1604;49,98;
08:37:55;1571;50,00;
08:37:58;1568;50,00;
08:38:01;1564;50,00;
08:38:04;1545;50,00;
08:38:07;1509;50,01;
08:38:10;1514;50,00;
08:38:13;1486;50,00;
08:38:16;1479;49,99;
08:38:19;1444;49,99;
08:38:22;1449;49,99;
08:38:25;1443;49,99;
08:38:28;1416;50,00;
08:38:31;1390;50,00;
08:38:34;1379;50,00;
08:38:37;1354;49,99;
08:38:40;1347;49,99;
08:38:43;1323;49,99;
08:38:49;1316;49,99;
08:38:52;1291;49,99;
08:38:55;1284;50,00;
08:38:58;1267;49,99;
08:39:01;1254;49,99;
08:39:04;1243;49,99;
08:39:07;1233;49,99;
08:39:10;1223;49,99;
08:39:13;1209;50,00;
08:39:16;1200;50,00;
08:39:19;1189;50,00;
08:39:22;1175;50,00;
08:39:25;1168;50,00;
08:39:28;1156;50,00;
08:39:34;1137;50,00;
08:39:37;1134;50,00;
08:39:40;1122;50,00;
08:39:43;1113;50,00;
08:39:46;1109;50,00;
08:39:49;1099;50,00;
08:39:52;1091;50,00;
08:39:58;1072;49,99;
08:40:01;1071;49,99;
08:40:04;1064;49,99;
08:40:07;1056;49,99;
08:40:10;1048;49,99;
08:40:16;1046;49,99;
08:40:19;1044;49,98;
08:40:22;1032;49,97;
08:40:25;1034;49,97;
08:40:28;1030;49,97;
08:40:31;1028;49,98;
08:40:34;1017;49,98;
08:40:40;1016;49,98;
08:40:43;1017;49,98;
08:40:46;1011;49,99;
08:40:49;1014;49,99;
08:40:52;1005;49,98;
08:40:55;1013;49,98;
08:40:58;1008;49,98;
08:41:01;1003;49,98;
08:41:04;1008;49,98;
08:41:10;1003;49,98;
08:41:13;1005;49,98;
08:41:16;1001;49,98;
08:41:19;1005;49,98;
08:41:22;1005;49,97;
08:41:25;1007;49,97;
08:41:28;1005;49,97;
08:41:31;1009;49,97;
08:41:34;1010;49,98;
08:41:37;1013;49,98;
08:41:40;1011;49,98;
08:41:46;1018;49,97;
08:41:49;1021;49,97;
08:41:52;1021;49,98;
08:41:55;1027;49,97;
08:41:58;1031;49,98;
08:42:01;1030;49,98;
08:42:04;1035;49,99;
08:42:07;1031;49,99;
08:42:10;1043;49,99;
08:42:13;1045;49,99;
08:42:16;1049;49,98;
08:42:22;1055;49,98;
08:42:25;1063;49,98;
08:42:28;1067;49,98;
08:42:31;1069;49,98;
08:42:34;1076;49,98;
08:42:37;1086;49,97;
08:42:40;1085;49,98;
08:42:43;1096;49,97;
08:42:46;1103;49,98;
08:42:52;1112;49,98;
08:42:55;1123;49,98;
08:42:58;1135;49,99;
08:43:01;1143;49,99;
08:43:04;1150;49,99;
08:43:07;1157;49,99;
08:43:10;1162;49,98;
08:43:13;1164;49,98;
08:43:16;1182;49,98;
08:43:19;1194;49,97;
08:43:22;1204;49,97;
08:43:25;1216;49,97;
08:43:28;1227;49,96;
08:43:31;1239;49,96;
08:43:37;1264;49,96;
08:43:40;1283;49,96;
08:43:43;1326;49,96;
08:43:46;1329;49,96;
08:43:49;1329;49,97;
08:43:52;1343;49,96;
08:43:55;1355;49,97;
08:43:58;1377;49,97;
08:44:01;1560;49,97;
08:44:04;1687;49,97;
08:44:07;1914;49,97;
08:44:10;1926;49,97;
08:44:13;1735;49,96;
08:44:16;1754;49,96;
08:44:19;1762;49,96;
08:44:22;1683;49,96;
08:44:25;1694;49,96;
08:44:28;1909;49,96;
08:44:31;2581;49,97;
08:44:34;2900;49,97;
08:44:37;3493;49,97;
08:44:43;3497;49,97;
08:44:46;3562;49,98;
08:44:49;3915;49,97;
08:44:52;3995;49,98;
08:44:55;4051;49,97;
08:44:58;4047;49,97;
08:45:01;4067;49,97;
08:45:04;4073;49,97;
08:45:07;4110;49,96;
08:45:10;4144;49,96;
08:45:13;4156;49,96;
08:45:16;4166;49,97;
08:45:19;4158;49,97;
08:45:22;4186;49,97;
08:45:25;4194;49,97;
08:45:28;4202;49,96;
08:45:31;4192;49,96;
08:45:34;4212;49,96;
08:45:37;4216;49,96;
08:45:40;4226;49,95;
08:45:43;4214;49,96;
08:45:49;4232;49,96;
08:45:52;4246;49,96;
08:45:55;4248;49,97;
08:45:58;4242;49,97;
08:46:01;4254;49,97;
08:46:04;4262;49,97;
08:46:07;4260;49,97;
08:46:10;4254;49,97;
08:46:13;4222;49,96;
08:46:16;4204;49,96;
08:46:19;4206;49,97;
08:46:22;4198;49,97;
08:46:25;4208;49,97;
08:46:28;4196;49,97;
08:46:31;4204;49,97;
08:46:34;4192;49,97;
08:46:37;4174;49,96;
08:46:40;4144;49,96;
08:46:43;4126;49,96;
08:46:46;4112;49,96;
08:46:49;4116;49,96;
08:46:55;4104;49,96;
08:47:01;4174;49,96;
08:47:04;4162;49,96;
08:47:07;4168;49,96;
08:47:10;4194;49,96;
08:47:13;4230;49,96;
08:47:16;4256;49,95;
08:47:19;4392;49,96;
08:47:22;4424;49,96;
08:47:25;4472;49,96;
08:47:28;4478;49,96;
08:47:31;4494;49,96;
08:47:34;4488;49,96;
08:47:37;4496;49,96;
08:47:40;4476;49,94;
08:47:43;4414;49,94;
08:47:46;4368;49,94;
08:47:49;4420;49,94;
08:47:52;4526;49,94;
08:47:55;4544;49,94;
08:47:58;4570;49,94;
08:48:01;4568;49,94;
08:48:04;4570;49,95;
08:48:07;4586;49,95;
08:48:10;4612;49,95;
08:48:13;4600;49,95;
08:48:16;4596;49,95;
08:48:19;4598;49,96;
08:48:22;4582;49,96;
08:48:25;4568;49,96;
08:48:28;4586;49,96;
08:48:31;4624;49,96;
08:48:34;4656;49,96;
08:48:37;4680;49,96;
08:48:40;4690;49,96;
08:48:46;4708;49,96;
08:48:49;4736;49,96;
08:48:52;4730;49,96;
08:48:55;4754;49,96;
08:48:58;4770;49,96;
08:49:01;4774;49,96;
08:49:04;4796;49,96;
08:49:07;4798;49,96;
08:49:10;4782;49,96;
08:49:13;4782;49,95;
08:49:16;4764;49,95;
08:49:19;4738;49,95;
08:49:22;4744;49,95;
08:49:25;4740;49,95;
08:49:28;4746;49,95;
08:49:31;4732;49,95;
08:49:34;4716;49,96;
08:49:37;4698;49,96;
08:49:40;4694;49,96;
08:49:43;4680;49,96;
08:49:46;4688;49,96;
08:49:52;4708;49,97;
08:49:55;4714;49,97;
08:49:58;4724;49,97;
08:50:01;4710;49,97;
08:50:04;4714;49,98;
08:50:07;4700;49,97;
08:50:10;4690;49,97;
08:50:13;4674;49,97;
08:50:16;4608;49,97;
08:50:19;4582;49,96;
08:50:22;4570;49,96;
08:50:25;4556;49,96;
08:50:28;4560;49,96;
08:50:31;4564;49,96;
08:50:34;4578;49,96;
08:50:37;4558;49,96;
08:50:40;4494;49,96;
08:50:43;4412;49,96;
08:50:46;4284;49,97;
08:50:49;4186;49,97;
08:50:52;4142;49,97;
08:50:58;4462;49,97;
08:51:01;4498;49,97;
08:51:04;4522;49,97;
08:51:07;4518;49,97;
08:51:10;4552;49,98;
08:51:13;4572;49,98;
08:51:16;4576;49,98;
08:51:19;4584;49,98;
08:51:22;4596;49,98;
08:51:25;4608;49,97;
08:51:28;4618;49,97;
08:51:34;4622;49,97;
08:51:37;4628;49,97;
08:51:40;4626;49,97;
08:51:43;4664;49,97;
08:51:46;4680;49,97;
08:51:52;4736;49,98;
08:51:55;4748;49,97;
08:51:58;4752;49,98;
08:52:04;4724;49,98;
08:52:07;4710;49,98;
08:52:10;4680;49,98;
08:52:13;4660;49,98;
08:52:16;4638;49,98;
08:52:19;4642;49,98;
08:52:22;4640;49,97;
08:52:25;4646;49,98;
08:52:28;4620;49,98;
08:52:31;4568;49,97;
08:52:34;4554;49,96;
08:52:37;4592;49,97;
08:52:40;4602;49,96;
08:52:43;4614;49,96;
08:52:49;4596;49,96;
08:52:52;4590;49,97;
08:52:55;4490;49,96;
08:52:58;4346;49,97;
08:53:01;4098;49,97;
08:53:04;4005;49,98;
08:53:07;4042;49,98;
08:53:10;4264;49,98;
08:53:13;4634;49,98;
08:53:16;4646;49,98;
08:53:19;4688;49,98;
08:53:22;4836;49,98;
08:53:25;4910;49,98;
08:53:28;4924;49,98;
08:53:31;4928;49,98;
08:53:34;4918;49,98;
08:53:37;4696;49,98;
08:53:40;4432;49,99;
08:53:43;4382;49,99;
08:53:46;4634;49,99;
08:53:49;4654;50,00;
08:53:55;4388;50,00;
08:53:58;4478;50,00;
08:54:01;4702;50,00;
08:54:04;4798;50,00;
08:54:07;4870;50,00;
08:54:10;4862;50,01;
08:54:13;4872;50,01;
08:54:16;4894;50,01;
08:54:19;4908;50,00;
08:54:22;4916;50,00;
08:54:25;4954;50,00;
08:54:28;4968;50,00;
08:54:31;4948;49,99;
08:54:34;4934;49,99;
08:54:37;4922;49,99;
08:54:40;4954;50,00;
08:54:43;4940;50,00;
08:54:46;4944;50,00;
08:54:49;4962;50,01;
08:54:52;4974;50,01;
08:54:55;4994;50,01;
08:55:01;5002;50,01;
08:55:04;4994;50,01;
08:55:07;4982;50,01;
08:55:10;5000;50,01;
08:55:13;4998;50,01;
08:55:16;4982;50,01;
08:55:19;4948;50,01;
08:55:25;4948;50,00;
08:55:28;4958;50,00;
08:55:31;4920;50,00;
08:55:34;4890;50,00;
08:55:37;4804;50,00;
08:55:40;4720;50,00;
08:55:43;4578;50,00;
08:55:46;4170;50,00;
08:55:49;3963;50,00;
08:55:52;4013;50,00;
08:55:55;4304;50,00;
08:55:58;4186;50,00;
08:56:01;3733;49,99;
08:56:07;4086;49,99;
08:56:10;4094;49,99;
08:56:13;4198;49,99;
08:56:16;4130;50,00;
08:56:19;4118;50,00;
08:56:22;4116;50,00;
08:56:25;4004;50,00;
08:56:28;3892;50,00;
08:56:31;2829;49,99;
08:56:34;2689;49,99;
08:56:37;2770;49,99;
08:56:40;2935;49,99;
08:56:43;3341;50,00;
08:56:46;3200;50,00;
08:56:49;2710;50,00;
08:56:52;2276;50,00;
08:56:55;2172;50,01;
08:56:58;2065;50,00;
08:57:01;2044;50,00;
08:57:04;1981;50,00;
08:57:07;1969;50,00;
08:57:10;1988;50,00;
08:57:13;2023;50,00;
08:57:16;2158;50,00;
08:57:19;2267;50,00;
08:57:22;2920;50,00;
08:57:25;2937;50,00;
08:57:28;2445;50,00;
08:57:31;2199;50,00;
08:57:34;2036;50,00;
08:57:37;1949;50,00;
08:57:40;1940;50,00;
08:57:43;1918;50,00;
08:57:46;1873;49,99;
08:57:49;1884;49,99;
08:57:52;1907;49,99;
08:57:58;1922;49,99;
08:58:01;1906;49,99;
08:58:04;2043;50,00;
08:58:07;2185;50,00;
08:58:10;2452;50,00;
08:58:13;2695;50,00;
08:58:16;2776;50,01;
08:58:19;2719;50,00;
08:58:22;2255;50,00;
08:58:25;2311;50,00;
08:58:28;2332;49,99;
08:58:31;2198;49,99;
08:58:34;1915;49,98;
08:58:37;1895;49,98;
08:58:40;1885;49,99;
08:58:43;2072;49,99;
08:58:46;2494;49,99;
08:58:49;2749;50,00;
08:58:52;3550;49,99;
08:58:55;4030;49,99;
08:58:58;4548;49,99;
08:59:04;2923;49,98;
08:59:07;2496;49,99;
08:59:10;2231;50,00;
08:59:13;2157;50,00;
08:59:16;1958;49,99;
08:59:19;1920;49,99;
08:59:22;1876;49,98;
08:59:25;1835;49,98;
08:59:28;1909;49,97;
08:59:31;2082;49,97;
08:59:34;2282;49,98;
08:59:37;2389;49,98;
08:59:40;3311;49,98;
08:59:43;3998;49,99;
08:59:46;4368;49,99;
08:59:49;3541;49,99;
08:59:52;2307;49,98;
08:59:55;2207;49,98;
08:59:58;2489;49,98;
09:00:01;2654;49,98;
09:00:04;2246;49,98;
09:00:10;1908;49,97;
09:00:13;1992;49,97;
09:00:16;2855;49,97;
09:00:19;4015;49,98;
09:00:22;5232;49,98;
09:00:25;5248;49,98;
09:00:28;5212;49,98;
09:00:31;5150;49,98;
09:00:34;5180;49,99;
09:00:37;5146;49,99;
09:00:40;5178;49,99;
09:00:43;5200;49,99;
09:00:46;5224;49,99;
09:00:49;5264;49,98;
09:00:52;5288;49,99;
09:00:55;5312;49,99;
09:00:58;5304;50,00;
09:01:01;5328;50,00;
09:01:04;5326;50,00;
09:01:07;5324;50,00;
09:01:10;5322;50,00;
09:01:16;5346;49,99;
09:01:19;5330;49,99;
09:01:22;5348;49,99;
09:01:25;5342;49,99;
09:01:28;5354;49,99;
09:01:31;5336;49,99;
09:01:34;5344;49,99;
09:01:37;5332;49,98;
09:01:40;5322;49,98;
09:01:43;5320;49,98;
09:01:46;5334;49,98;
09:01:49;5294;49,98;
09:01:52;5286;49,98;
09:01:55;5214;49,98;
09:02:01;5112;49,97;
09:02:04;5130;49,97;
09:02:07;5172;49,98;
09:02:10;5206;49,98;
09:02:13;5200;49,98;
09:02:16;5236;49,98;
09:02:19;5252;49,98;
09:02:22;5272;49,98;
09:02:25;5314;49,98;
09:02:28;5346;49,98;
09:02:31;5374;49,98;
09:02:34;5410;49,98;
09:02:37;5424;49,97;
09:02:40;5440;49,98;
09:02:43;5444;49,98;
09:02:46;5434;49,98;
09:02:49;5414;49,98;
09:02:52;5430;49,98;
09:02:55;5428;49,97;
09:02:58;5442;49,97;
09:03:01;5394;49,97;
09:03:07;5376;49,98;
09:03:10;5394;49,98;
09:03:13;5372;49,98;
09:03:16;5374;49,98;
09:03:19;5348;49,98;
09:03:22;5366;49,98;
09:03:25;5362;49,97;
09:03:28;5354;49,97;
09:03:31;5404;49,97;
09:03:34;5446;49,98;
09:03:37;5512;49,98;
09:03:40;5536;49,98;
09:03:43;5480;49,98;
09:03:46;5502;49,98;
09:03:49;5492;49,98;
09:03:52;5460;49,97;
09:03:55;5422;49,97;
09:03:58;5440;49,97;
09:04:01;5456;49,97;
09:04:04;5480;49,97;
09:04:07;5410;49,96;
09:04:13;5534;49,96;
09:04:16;5534;49,97;
09:04:19;5570;49,97;
09:04:22;5574;49,98;
09:04:25;5606;49,98;
09:04:28;5576;49,97;
09:04:31;5582;49,97;
09:04:34;5586;49,97;
09:04:37;5700;49,96;
09:04:40;5698;49,96;
09:04:43;5694;49,96;
09:04:46;5676;49,96;
09:04:49;5710;49,96;
09:04:52;5704;49,97;
09:04:55;5708;49,97;
09:04:58;5664;49,97;
09:05:01;5628;49,97;
09:05:04;5588;49,97;
09:05:07;5522;49,97;
09:05:10;5448;49,97;
09:05:13;5296;49,97;
09:05:19;4920;49,97;
09:05:22;4792;49,96;
09:05:25;5160;49,96;
09:05:28;5352;49,96;
09:05:31;5254;49,96;
09:05:34;5054;49,97;
09:05:37;4762;49,97;
09:05:40;4582;49,97;
09:05:43;4780;49,98;
09:05:46;4854;49,98;
09:05:49;5046;49,98;
09:05:52;5122;49,98;
09:05:55;4968;49,99;
09:05:58;4842;49,98;
09:06:04;5080;49,98;
09:06:07;5100;49,98;
09:06:10;5308;49,98;
09:06:13;5354;49,98;
09:06:16;5236;49,99;
09:06:19;5134;49,99;
09:06:22;5036;49,99;
09:06:25;4898;49,99;
09:06:28;4246;49,98;
09:06:31;4224;49,98;
09:06:34;4630;49,99;
09:06:37;5016;49,99;
09:06:40;5432;49,99;
09:06:43;5466;49,99;
09:06:46;5548;49,99;
09:06:49;5442;49,99;
09:06:52;5320;50,00;
09:06:55;5386;50,00;
09:06:58;5806;50,01;
09:07:01;5854;50,01;
09:07:04;5592;50,00;
09:07:10;5904;50,00;
09:07:13;5964;50,00;
09:07:16;6010;49,99;
09:07:19;5986;49,99;
09:07:22;5934;49,99;
09:07:25;5978;49,99;
09:07:28;6008;49,98;
09:07:31;5994;49,99;
09:07:34;5970;50,00;
09:07:37;5944;50,00;
09:07:40;5764;50,00;
09:07:43;5614;50,00;
09:07:46;5402;49,99;
09:07:49;5342;49,98;
09:07:52;5280;49,98;
09:07:55;5404;49,98;
09:07:58;5850;49,98;
09:08:01;5752;49,98;
09:08:04;5668;49,98;
09:08:07;5784;49,98;
09:08:10;6264;49,99;
09:08:16;6298;49,99;
09:08:19;6304;49,98;
09:08:22;6332;49,99;
09:08:25;6344;49,98;
09:08:28;6280;49,98;
09:08:31;6098;49,98;
09:08:34;5878;49,98;
09:08:37;5670;49,98;
09:08:40;5398;49,97;
09:08:43;5498;49,97;
09:08:46;5174;49,97;
09:08:49;4856;49,97;
09:08:52;4562;49,98;
09:08:55;4598;49,98;
09:08:58;4934;49,98;
09:09:01;5462;49,98;
09:09:04;5604;49,98;
09:09:07;5500;49,98;
09:09:10;5134;49,97;
09:09:16;5394;49,97;
09:09:22;4930;49,97;
09:09:25;4844;49,97;
09:09:28;4718;49,96;
09:09:31;4848;49,97;
09:09:34;5362;49,96;
09:09:37;5370;49,97;
09:09:40;5342;49,97;
09:09:43;5454;49,97;
09:09:46;5256;49,97;
09:09:49;5170;49,96;
09:09:52;4808;49,96;
09:09:55;4520;49,96;
09:09:58;4090;49,96;
09:10:01;3965;49,96;
09:10:04;3903;49,96;
09:10:07;3669;49,97;
09:10:10;3509;49,98;
09:10:13;3467;49,98;
09:10:16;3341;49,98;
09:10:19;3286;49,98;
09:10:22;3258;49,98;
09:10:31;3298;49,98;
09:10:34;3278;49,98;
09:10:37;3251;49,97;
09:10:40;3215;49,98;
09:10:43;3223;49,98;
09:10:46;3200;49,98;
09:10:49;3210;49,98;
09:10:52;3177;49,98;
09:10:55;3293;49,98;
09:10:58;3391;49,99;
09:11:01;3323;49,99;
09:11:04;3199;49,99;
09:11:07;3193;50,00;
09:11:13;3280;50,00;
09:11:16;3230;49,99;
09:11:19;3209;49,99;
09:11:22;3180;49,99;
09:11:25;3152;49,99;
09:11:28;3134;49,99;
09:11:31;3131;49,99;
09:11:34;3157;49,99;
09:11:37;3296;49,98;
09:11:40;3257;49,98;
09:11:43;3224;49,98;
09:11:46;3218;49,98;
09:11:49;3149;49,99;
09:11:52;3106;49,99;
09:11:55;3124;50,00;
09:12:01;3161;50,00;
09:12:04;3166;50,00;
09:12:07;3173;50,00;
09:12:10;3172;50,00;
09:12:13;3185;50,00;
09:12:19;3207;50,00;
09:12:22;3203;50,00;
09:12:25;3261;50,00;
09:12:28;3265;50,00;
09:12:31;3262;49,99;
09:12:34;3268;49,99;
09:12:37;3262;49,99;
09:12:40;3280;49,99;
09:12:43;3261;49,98;
09:12:46;3208;49,98;
09:12:49;3189;49,97;
09:12:52;3199;49,98;
09:12:55;3233;49,98;
09:12:58;3274;49,98;
09:13:01;3275;49,99;
09:13:04;3256;49,99;
09:13:07;3274;49,99;
09:13:10;3275;49,99;
09:13:13;3341;49,99;
09:13:16;3403;49,99;
09:13:19;3868;50,00;
09:13:25;4562;50,00;
09:13:28;4430;49,99;
09:13:31;3533;49,98;
09:13:34;3346;49,98;
09:13:37;3234;49,98;
09:13:40;3218;49,99;
09:13:43;3190;49,98;
09:13:46;3204;49,98;
09:13:49;3376;50,00;
09:13:52;3360;50,00;
09:13:55;3267;50,01;
09:13:58;3228;50,00;
09:14:01;3196;50,00;
09:14:04;3191;50,00;
09:14:07;3163;50,00;
09:14:10;3179;50,00;
09:14:13;3206;50,00;
09:14:16;3224;50,00;
09:14:19;3189;50,01;
09:14:22;3179;50,01;
09:14:25;3217;50,01;
09:14:31;3188;50,00;
09:14:34;3189;50,00;
09:14:37;3151;50,00;
09:14:40;3157;50,00;
09:14:43;3109;50,00;
09:14:46;3110;50,00;
09:14:49;3104;50,00;
09:14:52;3093;50,00;
09:14:55;3138;50,00;
09:14:58;3213;50,01;
09:15:01;3214;50,00;
09:15:04;3192;50,00;
09:15:07;3199;50,00;
09:15:10;3217;49,99;
09:15:16;3403;49,99;
09:15:19;3583;49,99;
09:15:22;3804;49,98;
09:15:25;3748;49,98;
09:15:28;3600;49,98;
09:15:31;3505;49,98;
09:15:34;3395;49,98;
09:15:37;3248;49,97;
09:15:40;3080;49,97;
09:15:43;3064;49,97;
09:15:46;3043;49,97;
09:15:49;3036;49,97;
09:15:52;3036;49,96;
09:15:55;3066;49,96;
09:15:58;3111;49,96;
09:16:01;3249;49,96;
09:16:04;3166;49,96;
09:16:07;3187;49,96;
09:16:10;3277;49,96;
09:16:13;3216;49,96;
09:16:16;3029;49,95;
09:16:22;2978;49,95;
09:16:25;3021;49,95;
09:16:28;3015;49,95;
09:16:31;2978;49,96;
09:16:34;2899;49,96;
09:16:37;2845;49,96;
09:16:40;2791;49,96;
09:16:43;2751;49,96;
09:16:46;2700;49,97;
09:16:49;2688;49,97;
09:16:52;2667;49,97;
09:16:55;2664;49,97;
09:16:58;2650;49,97;
09:17:01;2653;49,97;
09:17:04;2633;49,97;
09:17:07;2640;49,97;
09:17:10;2635;49,98;
09:17:13;2633;49,98;
09:17:16;2623;49,98;
09:17:19;2628;49,98;
09:17:22;2621;49,98;
09:17:28;2633;49,97;
09:17:31;2662;49,97;
09:17:34;2701;49,97;
09:17:37;2737;49,96;
09:17:40;2815;49,96;
09:17:43;2721;49,96;
09:17:46;2644;49,96;
09:17:49;2566;49,96;
09:17:52;2585;49,97;
09:17:55;2559;49,97;
09:17:58;2563;49,97;
09:18:01;2567;49,97;
09:18:04;2549;49,97;
09:18:07;2568;49,97;
09:18:10;2574;49,97;
09:18:13;2590;49,97;
09:18:16;2665;49,97;
09:18:19;2875;49,97;
09:18:22;3254;49,96;
09:18:25;3017;49,97;
09:18:28;2945;49,96;
09:18:34;3094;49,97;
09:18:37;3135;49,97;
09:18:40;2993;49,97;
09:18:43;2945;49,97;
09:18:46;2739;49,98;
09:18:49;2563;49,98;
09:18:52;2476;49,98;
09:18:55;2434;49,98;
09:18:58;2403;49,98;
09:19:01;2386;49,98;
09:19:04;2358;49,98;
09:19:07;2364;49,98;
09:19:10;2346;49,97;
09:19:13;2342;49,98;
09:19:16;2333;49,98;
09:19:19;2317;49,98;
09:19:22;2300;49,98;
09:19:25;2303;49,98;
09:19:28;2305;49,99;
09:19:31;2293;49,99;
09:19:34;2290;49,99;
09:19:37;2276;49,99;
09:19:40;2265;49,99;
09:19:43;2228;49,99;
09:19:46;2242;50,00;
09:19:49;2247;49,99;
09:19:52;2249;49,99;
09:19:55;2216;49,99;
09:19:58;2214;49,99;
09:20:01;2200;49,98;
09:20:04;2180;49,98;
09:20:07;2159;49,98;
09:20:10;2167;49,98;
09:20:13;2145;49,98;
09:20:19;2139;49,97;
09:20:25;2188;49,98;
09:20:28;2126;49,98;
09:20:31;2109;49,98;
09:20:34;2104;49,98;
09:20:37;2073;49,98;
09:20:40;2054;49,98;
09:20:43;2039;49,98;
09:20:46;2013;49,98;
09:20:49;1965;49,98;
09:20:52;1972;49,98;
09:20:55;1938;49,98;
09:20:58;1941;49,98;
09:21:01;1917;49,98;
09:21:04;1914;49,98;
09:21:07;1910;49,98;
09:21:10;1895;49,98;
09:21:13;1880;49,98;
09:21:16;1883;49,98;
09:21:19;1871;49,99;
09:21:22;1888;50,00;
09:21:25;1886;50,00;
09:21:31;1978;50,00;
09:21:34;2016;49,99;
09:21:37;1969;49,99;
09:21:40;1985;49,99;
09:21:43;1990;49,99;
09:21:46;1949;49,99;
09:21:49;1941;49,99;
09:21:52;1934;49,99;
09:21:55;1874;50,00;
09:21:58;1887;50,00;
09:22:01;1938;50,00;
09:22:04;1944;50,00;
09:22:07;1879;50,00;
09:22:10;1878;50,00;
09:22:13;1898;50,00;
09:22:16;2050;50,00;
09:22:19;2118;50,00;
09:22:22;2103;49,99;
09:22:25;2083;49,99;
09:22:28;2093;49,99;
09:22:31;2455;49,99;
09:22:37;2713;49,98;
09:22:40;2647;49,98;
09:22:43;2788;49,98;
09:22:46;2982;49,98;
09:22:49;2791;49,98;
09:22:52;2484;49,99;
09:22:55;2274;50,00;
09:22:58;2189;50,00;
09:23:01;1974;50,00;
09:23:04;1970;50,00;
09:23:07;2000;50,00;
09:23:10;1954;50,01;
09:23:13;1982;50,00;
09:23:16;1956;50,00;
09:23:19;1879;50,00;
09:23:22;1823;50,00;
09:23:25;1812;50,00;
09:23:28;1821;50,00;
09:23:31;1863;50,00;
09:23:34;1857;50,00;
09:23:37;1877;50,00;
09:23:43;2072;50,00;
09:23:46;2231;50,00;
09:23:49;3044;50,00;
09:23:52;3064;50,01;
09:23:55;3320;50,01;
09:23:58;3430;50,01;
09:24:01;3602;50,01;
09:24:04;3616;50,01;
09:24:07;3836;50,00;
09:24:10;4136;50,00;
09:24:13;4364;50,00;
09:24:16;4872;50,00;
09:24:19;5120;50,00;
09:24:22;5282;50,00;
09:24:28;5356;50,00;
09:24:31;5384;50,00;
09:24:34;5452;50,00;
09:24:37;5468;50,00;
09:24:40;5462;50,00;
09:24:43;5478;50,00;
09:24:46;5472;50,00;
09:24:49;5492;50,00;
09:24:52;5626;50,00;
09:24:55;5642;50,00;
09:24:58;5700;50,00;
09:25:01;5722;50,00;
09:25:04;5736;50,00;
09:25:07;5718;50,00;
09:25:10;5770;50,00;
09:25:13;5766;49,99;
09:25:16;5778;50,00;
09:25:19;5750;50,00;
09:25:22;5782;50,01;
09:25:25;5754;50,01;
09:25:28;5722;50,01;
09:25:34;5688;50,00;
09:25:37;5678;50,00;
09:25:40;5712;49,99;
09:25:43;5724;49,99;
09:25:46;5752;49,98;
09:25:49;5738;49,98;
09:25:55;5716;49,98;
09:25:58;5714;49,98;
09:26:01;5682;49,98;
09:26:04;5690;49,98;
09:26:07;5688;49,98;
09:26:10;5726;49,98;
09:26:13;5738;49,98;
09:26:16;5772;49,98;
09:26:19;5770;49,98;
09:26:22;5808;49,98;
09:26:25;5782;49,98;
09:26:28;5684;49,98;
09:26:31;5640;49,98;
09:26:34;5810;49,98;
09:26:40;5884;49,98;
09:26:43;5854;49,98;
09:26:46;5892;49,98;
09:26:49;5894;49,98;
09:26:52;5916;49,99;
09:26:55;5902;49,99;
09:26:58;5912;49,99;
09:27:01;5918;49,99;
09:27:04;5932;49,99;
09:27:07;5924;50,00;
09:27:13;5898;50,00;
09:27:16;5922;50,00;
09:27:19;5918;50,00;
09:27:22;5924;50,00;
09:27:25;5894;49,99;
09:27:28;5924;49,99;
09:27:31;5922;49,98;
09:27:34;5932;49,99;
09:27:37;5928;49,99;
09:27:40;5974;50,00;
09:27:46;6002;50,00;
09:27:49;6006;50,00;
09:27:52;6040;50,00;
09:27:55;6048;50,00;
09:27:58;6054;50,00;
09:28:01;6050;50,00;
09:28:04;6020;50,00;
09:28:07;6062;50,00;
09:28:10;6052;50,00;
09:28:13;6046;50,00;
09:28:16;6054;50,00;
09:28:19;6062;50,00;
09:28:22;6066;50,00;
09:28:25;6072;50,00;
09:28:28;6052;50,00;
09:28:31;6092;50,00;
09:28:34;6106;50,01;
09:28:37;6116;50,01;
09:28:40;6092;50,01;
09:28:43;6118;50,01;
09:28:46;6110;50,01;
09:28:49;6118;50,01;
09:28:52;6122;50,01;
09:28:55;6146;50,01;
09:28:58;6150;50,01;
09:29:01;6168;50,00;
09:29:04;6142;50,00;
09:29:07;6170;50,00;
09:29:10;6166;50,00;
09:29:13;6170;50,00;
09:29:16;6142;50,00;
09:29:19;6182;50,00;
09:29:22;6174;50,00;
09:29:25;6190;50,00;
09:29:28;6170;50,00;
09:29:31;6192;50,00;
09:29:43;6196;50,00;
09:29:46;6190;49,99;
09:29:52;6192;49,99;
09:29:55;6166;49,99;
09:29:58;6196;49,99;
09:30:01;6188;49,99;
09:30:04;6164;49,99;
09:30:07;6180;49,99;
09:30:10;6164;49,99;
09:30:13;6168;50,00;
09:30:16;6146;50,00;
09:30:19;6166;50,01;
09:30:22;6140;50,01;
09:30:25;6144;50,00;
09:30:28;6122;50,00;
09:30:31;6140;49,98;
09:30:34;6150;49,98;
09:30:37;6162;49,97;
09:30:43;6180;49,96;
09:30:46;6172;49,96;
09:30:49;6184;49,97;
09:30:52;6190;49,97;
09:30:55;6204;49,96;
09:30:58;6214;49,96;
09:31:01;6210;49,96;
09:31:04;6206;49,96;
09:31:07;6204;49,95;
09:31:10;6200;49,96;
09:31:13;6182;49,96;
09:31:16;6174;49,97;
09:31:19;6168;49,97;
09:31:22;6174;49,97;
09:31:25;6170;49,97;
09:31:28;6174;49,97;
09:31:31;6158;49,96;
09:31:34;6090;49,96;
09:31:37;6142;49,97;
09:31:43;6090;49,97;
09:31:49;6084;49,97;
09:31:52;6058;49,97;
09:31:55;6066;49,97;
09:31:58;6074;49,96;
09:32:01;6068;49,96;
09:32:04;6066;49,96;
09:32:07;6040;49,97;
09:32:10;6068;49,97;
09:32:13;6056;49,98;
09:32:19;6076;49,97;
09:32:25;6074;49,97;
09:32:28;6070;49,97;
09:32:31;6054;49,97;
09:32:34;6034;49,97;
09:32:37;6008;49,98;
09:32:40;6000;49,98;
09:32:43;5988;49,98;
09:32:46;6004;49,98;
09:32:49;5998;49,99;
09:32:55;5964;49,99;
09:32:58;5978;49,99;
09:33:01;6000;50,00;
09:33:04;6030;50,00;
09:33:07;6018;50,00;
09:33:10;6032;50,00;
09:33:13;6020;49,99;
09:33:16;6002;49,99;
09:33:19;6014;49,99;
09:33:22;5992;49,99;
09:33:25;5986;49,98;
09:33:28;6010;49,98;
09:33:31;6026;49,97;
09:33:34;6056;49,97;
09:33:40;6086;49,98;
09:33:43;6098;49,98;
09:33:46;6108;49,98;
09:33:49;6112;49,98;
09:33:52;6136;49,98;
09:33:55;6152;49,98;
09:33:58;6144;49,98;
09:34:01;6160;49,98;
09:34:04;6152;49,99;
09:34:07;6172;49,99;
09:34:10;6198;49,99;
09:34:13;6200;49,99;
09:34:16;6194;49,99;
09:34:19;6202;49,99;
09:34:22;6230;50,00;
09:34:25;6250;50,00;
09:34:28;6254;50,00;
09:34:31;6256;50,00;
09:34:34;6250;49,99;
09:34:37;6258;49,99;
09:34:40;6242;49,98;
09:34:46;6270;49,98;
09:34:49;6276;49,99;
09:34:52;6286;49,99;
09:34:55;6292;50,00;
09:34:58;6290;50,00;
09:35:01;6292;50,00;
09:35:04;6258;50,00;
09:35:07;6294;49,99;
09:35:10;6310;50,00;
09:35:13;6312;50,00;
09:35:19;6316;50,00;
09:35:22;6322;50,00;
09:35:25;6324;50,00;
09:35:28;6302;50,00;
09:35:31;6332;50,00;
09:35:34;6340;50,00;
09:35:37;6336;50,01;
09:35:40;6328;50,01;
09:35:43;6334;50,00;
09:35:46;6320;50,00;
09:35:52;6300;50,00;
09:35:55;6324;50,00;
09:35:58;6312;50,00;
09:36:01;6322;50,00;
09:36:04;6290;50,00;
09:36:07;6310;50,00;
09:36:10;6288;50,00;
09:36:13;6292;50,00;
09:36:16;6294;49,99;
09:36:19;6312;50,00;
09:36:22;6296;49,99;
09:36:25;6322;49,99;
09:36:28;6306;50,00;
09:36:31;6332;49,99;
09:36:37;6332;49,98;
09:36:40;6312;49,97;
09:36:43;6330;49,97;
09:36:46;6316;49,97;
09:36:49;6340;49,97;
09:36:52;6320;49,97;
09:36:58;6324;49,98;
09:37:01;6346;49,98;
09:37:04;6332;49,97;
09:37:07;6352;49,97;
09:37:10;6332;49,97;
09:37:13;6352;49,97;
09:37:19;6310;49,97;
09:37:22;6336;49,97;
09:37:25;6358;49,97;
09:37:28;6346;49,97;
09:37:31;6356;49,97;
09:37:34;6330;49,97;
09:37:37;6356;49,97;
09:37:43;6340;49,97;
09:37:46;6348;49,97;
09:37:49;6340;49,97;
09:37:52;6340;49,98;
09:37:55;6320;49,97;
09:37:58;6336;49,97;
09:38:01;6334;49,97;
09:38:04;6330;49,98;
09:38:07;6318;49,98;
09:38:10;6332;49,98;
09:38:13;6322;49,98;
09:38:16;6344;49,98;
09:38:19;6334;49,98;
09:38:22;6350;49,98;
09:38:25;6352;49,97;
09:38:28;6354;49,97;
09:38:31;6344;49,96;
09:38:34;6352;49,97;
09:38:37;6328;49,97;
09:38:40;6352;49,97;
09:38:43;6332;49,97;
09:38:49;6314;49,98;
09:38:52;6338;49,98;
09:38:55;6332;49,98;
09:38:58;6346;49,98;
09:39:01;6320;49,98;
09:39:04;6340;49,98;
09:39:07;6346;49,98;
09:39:10;6350;49,98;
09:39:13;6342;49,98;
09:39:16;6378;49,98;
09:39:19;6376;49,99;
09:39:22;6396;49,99;
09:39:25;6372;49,98;
09:39:28;6398;49,98;
09:39:31;6400;49,98;
09:39:34;6404;49,98;
09:39:37;6374;49,98;
09:39:40;6394;49,98;
09:39:43;6402;49,98;
09:39:46;6418;49,98;
09:39:49;6394;49,98;
09:39:55;6408;49,98;
09:39:58;6422;49,98;
09:40:01;6398;49,99;
09:40:04;6428;49,99;
09:40:07;6416;49,99;
09:40:10;6434;49,99;
09:40:13;6436;49,98;
09:40:16;6410;49,98;
09:40:19;6420;49,98;
09:40:22;6438;49,98;
09:40:25;6416;49,98;
09:40:28;6444;49,97;
09:40:31;6426;49,97;
09:40:34;6448;49,97;
09:40:37;6450;49,97;
09:40:40;6456;49,97;
09:40:43;6454;49,98;
09:40:46;6478;49,98;
09:40:49;6476;49,98;
09:40:52;6480;49,98;
09:40:55;6490;49,98;
09:41:01;6510;49,98;
09:41:04;6490;49,98;
09:41:07;6512;49,98;
09:41:10;6492;49,98;
09:41:13;6514;49,98;
09:41:16;6498;49,98;
09:41:19;6516;49,99;
09:41:25;6520;49,99;
09:41:28;6504;49,99;
09:41:31;6524;49,99;
09:41:34;6504;49,99;
09:41:37;6526;49,98;
09:41:40;6514;49,98;
09:41:43;6526;49,98;
09:41:46;6510;49,98;
09:41:49;6538;49,98;
09:41:52;6530;49,99;
09:41:55;6544;49,98;
09:41:58;6520;49,98;
09:42:01;6550;49,99;
09:42:07;6544;49,99;
09:42:10;6544;49,98;
09:42:13;6572;49,98;
09:42:16;6564;49,98;
09:42:19;6580;49,98;
09:42:22;6566;49,98;
09:42:25;6592;49,98;
09:42:31;6602;49,98;
09:42:34;6584;49,98;
09:42:37;6608;49,97;
09:42:40;6604;49,97;
09:42:43;6602;49,97;
09:42:46;6586;49,97;
09:42:52;6612;49,97;
09:42:55;6604;49,97;
09:42:58;6604;49,98;
09:43:01;6602;49,98;
09:43:04;6620;49,98;
09:43:07;6606;49,98;
09:43:10;6618;49,98;
09:43:13;6616;49,98;
09:43:16;6622;49,98;
09:43:19;6616;49,98;
09:43:22;6626;49,98;
09:43:25;6600;49,98;
09:43:28;6628;49,97;
09:43:31;6622;49,98;
09:43:34;6626;49,98;
09:43:37;6604;49,98;
09:43:40;6640;49,98;
09:43:43;6642;49,98;
09:43:46;6654;49,98;
09:43:49;6632;49,97;
09:43:52;6664;49,97;
09:43:58;6670;49,97;
09:44:01;6644;49,96;
09:44:04;6678;49,96;
09:44:07;6674;49,96;
09:44:10;6684;49,96;
09:44:13;6660;49,96;
09:44:16;6694;49,96;
09:44:22;6682;49,97;
09:44:25;6654;49,97;
09:44:28;6676;49,98;
09:44:31;6674;49,98;
09:44:34;6678;49,98;
09:44:37;6654;49,98;
09:44:40;6688;49,98;
09:44:43;6686;49,98;
09:44:49;6656;49,98;
09:44:52;6686;49,98;
09:44:58;6696;49,98;
09:45:04;6710;49,97;
09:45:07;6708;49,97;
09:45:10;6716;49,97;
09:45:13;6686;49,97;
09:45:16;6720;49,97;
09:45:19;6720;49,96;
09:45:22;6730;49,96;
09:45:25;6732;49,96;
09:45:28;6720;49,96;
09:45:31;6714;49,96;
09:45:34;6704;49,97;
09:45:37;6666;49,97;
09:45:40;6690;49,97;
09:45:43;6696;49,97;
09:45:46;6690;49,97;
09:45:49;6674;49,97;
09:45:52;6704;49,97;
09:45:55;6706;49,97;
09:45:58;6688;49,96;
09:46:01;6668;49,96;
09:46:04;6682;49,96;
09:46:10;6678;49,96;
09:46:13;6670;49,96;
09:46:16;6658;49,96;
09:46:19;6646;49,96;
09:46:22;6642;49,97;
09:46:25;6638;49,97;
09:46:28;6604;49,97;
09:46:31;6632;49,98;
09:46:34;6640;49,97;
09:46:37;6634;49,97;
09:46:40;6644;49,97;
09:46:49;6650;49,96;
09:46:55;6662;49,97;
09:46:58;6654;49,97;
09:47:01;6662;49,97;
09:47:04;6634;49,97;
09:47:07;6662;49,97;
09:47:10;6638;49,98;
09:47:13;6634;49,98;
09:47:16;6638;49,98;
09:47:19;6692;49,98;
09:47:22;6694;49,97;
09:47:25;6690;49,96;
09:47:28;6670;49,96;
09:47:31;6730;49,97;
09:47:34;6738;49,97;
09:47:37;6736;49,97;
09:47:40;6716;49,97;
09:47:43;6720;49,96;
09:47:46;6704;49,96;
09:47:49;6688;49,96;
09:47:52;6650;49,96;
09:47:55;6654;49,96;
09:48:01;6622;49,97;
09:48:04;6594;49,97;
09:48:07;6582;49,97;
09:48:10;6592;49,97;
09:48:13;6600;49,97;
09:48:16;6602;49,97;
09:48:19;6578;49,97;
09:48:22;6622;49,97;
09:48:25;6606;49,97;
09:48:28;6582;49,97;
09:48:31;6646;49,97;
09:48:34;6680;49,97;
09:48:37;6690;49,96;
09:48:43;6646;49,97;
09:48:46;6642;49,97;
09:48:49;6668;49,98;
09:48:52;6630;49,98;
09:48:55;6548;49,98;
09:48:58;6384;49,98;
09:49:01;6164;49,98;
09:49:07;6554;49,98;
09:49:10;6538;49,98;
09:49:13;6844;49,98;
09:49:16;6934;49,98;
09:49:19;6916;49,98;
09:49:22;6892;49,98;
09:49:25;6850;49,98;
09:49:28;6898;49,98;
09:49:31;7064;49,98;
09:49:34;7092;49,98;
09:49:37;7126;49,98;
09:49:40;7134;49,98;
09:49:43;7136;49,99;
09:49:46;7144;49,99;
09:49:49;7130;50,00;
09:49:52;7128;50,00;
09:49:58;7124;50,00;
09:50:01;7146;50,00;
09:50:04;7152;50,00;
09:50:07;7162;50,00;
09:50:13;7140;49,99;
09:50:16;7126;49,99;
09:50:19;7134;49,98;
09:50:22;7138;49,98;
09:50:25;7152;49,98;
09:50:28;7150;49,98;
09:50:31;7126;49,99;
09:50:34;7134;49,99;
09:50:37;7132;49,98;
09:50:40;7134;49,99;
09:50:43;7118;49,99;
09:50:46;7114;49,99;
09:50:49;7122;49,99;
09:50:52;7118;49,99;
09:50:55;7076;50,00;
09:50:58;7130;49,99;
09:51:01;7104;49,99;
09:51:04;7116;49,99;
09:51:07;7104;49,99;
09:51:10;7102;49,99;
09:51:13;7062;49,98;
09:51:19;7054;49,98;
09:51:22;7072;49,97;
09:51:25;7076;49,97;
09:51:28;7066;49,97;
09:51:31;7070;49,97;
09:51:34;7076;49,97;
09:51:37;7080;49,97;
09:51:40;7066;49,97;
09:51:43;7090;49,97;
09:51:46;7110;49,97;
09:51:49;7126;49,98;
09:51:52;7146;49,98;
09:51:55;7154;49,98;
09:51:58;7172;49,98;
09:52:04;7158;50,00;
09:52:07;7152;50,00;
09:52:10;7142;50,00;
09:52:13;7128;50,00;
09:52:16;7104;49,99;
09:52:19;7096;49,99;
09:52:22;7066;49,99;
09:52:25;7074;49,99;
09:52:28;7078;49,98;
09:52:31;7082;49,98;
09:52:34;7086;49,98;
09:52:40;7096;49,97;
09:52:43;7098;49,96;
09:52:46;7080;49,96;
09:52:49;7102;49,96;
09:52:52;7118;49,97;
09:52:55;7108;49,98;
09:52:58;7096;49,98;
09:53:01;7102;49,99;
09:53:04;7114;49,99;
09:53:10;7136;49,98;
09:53:13;7160;49,99;
09:53:16;7130;49,99;
09:53:19;7146;49,99;
09:53:22;7128;49,99;
09:53:25;7156;49,99;
09:53:28;7162;49,99;
09:53:31;7152;49,99;
09:53:34;7154;50,00;
09:53:37;7168;50,00;
09:53:40;7160;50,01;
09:53:43;7186;50,01;
09:53:46;7184;50,01;
09:53:49;7192;50,01;
09:53:52;7184;50,01;
09:53:55;7202;50,01;
09:53:58;7226;50,01;
09:54:01;7236;50,01;
09:54:04;7242;50,01;
09:54:07;7262;50,01;
09:54:10;7242;50,00;
09:54:16;7216;50,00;
09:54:19;7220;50,00;
09:54:22;7190;50,00;
09:54:25;7212;50,00;
09:54:31;7232;50,00;
09:54:34;7228;50,00;
09:54:37;7196;50,00;
09:54:40;7202;50,00;
09:54:43;7214;50,00;
09:54:46;7192;50,00;
09:54:49;7218;50,00;
09:54:52;7206;49,99;
09:54:55;7224;49,99;
09:54:58;7230;49,99;
09:55:01;7236;49,99;
09:55:04;7256;49,99;
09:55:07;7278;49,99;
09:55:10;7282;49,99;
09:55:13;7310;49,99;
09:55:16;7302;50,00;
09:55:22;7298;50,00;
09:55:25;7324;50,00;
09:55:28;7308;50,00;
09:55:31;7314;49,99;
09:55:34;7290;49,98;
09:55:37;7306;49,98;
09:55:43;7304;49,98;
09:55:46;7322;49,98;
09:55:49;7320;49,98;
09:55:52;7318;49,98;
09:55:55;7312;49,98;
09:56:01;7300;49,97;
09:56:07;7296;49,98;
09:56:10;7308;49,98;
09:56:13;7296;49,98;
09:56:16;7316;49,98;
09:56:19;7314;49,97;
09:56:22;7328;49,97;
09:56:25;7324;49,98;
09:56:28;7298;49,98;
09:56:31;7282;49,98;
09:56:34;7296;49,98;
09:56:37;7284;49,99;
09:56:40;7308;50,00;
09:56:43;7306;50,00;
09:56:46;7330;50,00;
09:56:49;7350;50,00;
09:56:52;7360;50,00;
09:56:55;7332;50,00;
09:56:58;7340;50,00;
09:57:01;7342;49,99;
09:57:04;7370;49,99;
09:57:07;7368;49,99;
09:57:13;7370;50,00;
09:57:16;7384;50,00;
09:57:19;7360;50,00;
09:57:22;7368;50,00;
09:57:25;7352;49,99;
09:57:28;7370;49,99;
09:57:31;7366;49,99;
09:57:34;7352;49,99;
09:57:37;7342;49,98;
09:57:40;7362;49,98;
09:57:43;7382;49,98;
09:57:46;7388;49,98;
09:57:49;7372;49,98;
09:57:52;7402;49,98;
09:57:58;7412;49,99;
09:58:01;7394;49,99;
09:58:04;7414;49,98;
09:58:07;7408;49,98;
09:58:10;7382;49,98;
09:58:13;7320;49,98;
09:58:19;7384;49,98;
09:58:22;7388;49,98;
09:58:25;7344;49,98;
09:58:28;7376;49,98;
09:58:31;7528;49,98;
09:58:34;7566;49,98;
09:58:37;7580;49,98;
09:58:40;7542;49,98;
09:58:43;7630;49,98;
09:58:46;7636;49,98;
09:58:49;7626;49,99;
09:58:52;7644;49,99;
09:58:55;7626;49,99;
09:58:58;7608;49,99;
09:59:01;7614;49,99;
09:59:04;7636;49,99;
09:59:07;7682;50,00;
09:59:10;7688;50,00;
09:59:13;7714;50,00;
09:59:16;7700;50,00;
09:59:19;7732;49,99;
09:59:25;7780;49,99;
09:59:28;7776;49,99;
09:59:31;7822;50,00;
09:59:37;7856;50,00;
09:59:40;7834;50,01;
09:59:43;7856;50,01;
09:59:49;7832;50,01;
09:59:52;7788;50,02;
09:59:55;7836;50,01;
09:59:58;7820;50,01;
10:00:01;7814;50,01;
10:00:04;7788;50,01;
10:00:07;7818;50,01;
10:00:10;7790;50,01;
10:00:13;7628;50,01;
10:00:16;7342;50,01;
10:00:19;7054;50,01;
10:00:22;6822;50,01;
10:00:25;6738;50,00;
10:00:28;7302;50,00;
10:00:31;7482;50,00;
10:00:34;5740;50,00;
10:00:37;4824;50,00;
10:00:40;4043;49,99;
10:00:43;4180;49,98;
10:00:46;6462;49,97;
10:00:49;5804;49,96;
10:00:52;5210;49,96;
10:00:55;4756;49,96;
10:00:58;5930;49,96;
10:01:01;6648;49,96;
10:01:04;5346;49,97;
10:01:07;4728;49,97;
10:01:10;4372;49,97;
10:01:16;4318;49,97;
10:01:19;4482;49,98;
10:01:22;4302;49,98;
10:01:25;4670;49,98;
10:01:28;5022;49,98;
10:01:31;5478;49,98;
10:01:34;6042;49,98;
10:01:37;4790;49,98;
10:01:40;3771;49,98;
10:01:43;3770;49,98;
10:01:46;3914;49,98;
10:01:49;4430;49,97;
10:01:52;5830;49,97;
10:01:55;7038;49,97;
10:01:58;6492;49,96;
10:02:01;5672;49,96;
10:02:04;4646;49,96;
10:02:07;4166;49,96;
10:02:10;3522;49,96;
10:02:13;3380;49,96;
10:02:16;3563;49,96;
10:02:22;3069;49,96;
10:02:25;3062;49,96;
10:02:28;3187;49,96;
10:02:31;3226;49,96;
10:02:34;3156;49,96;
10:02:37;3154;49,96;
10:02:40;3109;49,97;
10:02:43;3150;49,96;
10:02:46;5600;49,96;
10:02:49;4358;49,96;
10:02:52;3326;49,96;
10:02:55;3194;49,95;
10:02:58;2929;49,95;
10:03:01;2911;49,96;
10:03:04;3008;49,96;
10:03:07;2717;49,96;
10:03:10;2726;49,96;
10:03:13;2731;49,96;
10:03:16;2711;49,96;
10:03:19;2722;49,96;
10:03:22;2789;49,95;
10:03:28;3037;49,95;
10:03:31;2957;49,95;
10:03:34;3010;49,95;
10:03:37;3002;49,96;
10:03:40;3045;49,95;
10:03:43;3163;49,95;
10:03:46;3156;49,95;
10:03:49;3215;49,95;
10:03:52;4650;49,95;
10:03:55;6806;49,96;
10:03:58;7326;49,96;
10:04:01;7912;49,96;
10:04:04;7102;49,95;
10:04:07;6596;49,95;
10:04:10;6070;49,94;
10:04:13;7550;49,95;
10:04:16;7790;49,94;
10:04:19;7810;49,95;
10:04:22;8040;49,95;
10:04:25;7986;49,94;
10:04:28;7744;49,94;
10:04:34;7786;49,94;
10:04:37;7978;49,95;
10:04:40;8014;49,95;
10:04:43;8028;49,96;
10:04:46;7962;49,96;
10:04:49;7976;49,97;
10:04:52;8018;49,97;
10:04:55;8076;49,97;
10:04:58;8046;49,96;
10:05:01;8050;49,96;
10:05:04;8042;49,97;
10:05:07;8022;49,96;
10:05:10;8004;49,96;
10:05:13;8010;49,96;
10:05:19;7978;49,95;
10:05:22;7940;49,95;
10:05:25;8022;49,95;
10:05:28;8008;49,95;
10:05:31;7994;49,95;
10:05:34;7984;49,94;
10:05:37;8028;49,94;
10:05:40;8052;49,94;
10:05:43;8030;49,95;
10:05:46;8002;49,95;
10:05:49;8006;49,96;
10:05:52;8004;49,96;
10:05:55;8010;49,96;
10:05:58;8008;49,96;
10:06:04;7920;49,96;
10:06:07;7898;49,96;
10:06:10;7876;49,96;
10:06:13;7868;49,96;
10:06:19;7890;49,96;
10:06:25;7840;49,96;
10:06:28;7860;49,96;
10:06:31;7864;49,96;
10:06:34;7888;49,96;
10:06:37;7908;49,96;
10:06:40;7884;49,96;
10:06:43;7936;49,97;
10:06:46;8004;49,96;
10:06:49;8004;49,97;
10:06:52;7980;49,97;
10:06:55;7910;49,97;
10:06:58;7928;49,98;
10:07:01;7960;49,98;
10:07:04;7958;49,98;
10:07:07;7940;49,98;
10:07:10;7968;49,98;
10:07:13;8080;49,97;
10:07:16;8126;49,97;
10:07:19;8108;49,97;
10:07:22;8106;49,98;
10:07:25;8114;49,98;
10:07:31;8140;49,98;
10:07:34;8134;49,97;
10:07:37;8220;49,98;
10:07:40;8188;49,97;
10:07:43;8276;49,97;
10:07:46;8232;49,97;
10:07:49;8180;49,97;
10:07:52;8244;49,97;
10:07:55;8304;49,96;
10:07:58;8256;49,96;
10:08:01;7808;49,96;
10:08:04;7980;49,97;
10:08:07;8050;49,97;
10:08:10;8244;49,96;
10:08:13;7674;49,96;
10:08:16;6520;49,96;
10:08:19;6396;49,96;
10:08:22;5866;49,96;
10:08:25;5886;49,96;
10:08:28;6174;49,97;
10:08:31;5552;49,96;
10:08:37;4880;49,96;
10:08:40;5310;49,96;
10:08:43;4790;49,97;
10:08:46;4470;49,97;
10:08:49;4152;49,96;
10:08:52;4001;49,96;
10:08:55;4003;49,96;
10:08:58;4462;49,96;
10:09:01;4886;49,96;
10:09:04;4598;49,96;
10:09:07;4030;49,96;
10:09:10;3768;49,96;
10:09:13;4018;49,96;
10:09:16;4089;49,96;
10:09:22;3594;49,97;
10:09:25;3486;49,97;
10:09:28;3484;49,97;
10:09:31;3854;49,97;
10:09:34;4196;49,97;
10:09:37;4390;49,98;
10:09:40;4590;49,98;
10:09:43;4406;49,98;
10:09:46;3449;49,97;
10:09:49;3329;49,97;
10:09:52;3195;49,97;
10:09:55;3215;49,97;
10:09:58;3504;49,96;
10:10:01;3721;49,96;
10:10:04;3717;49,97;
10:10:07;3426;49,97;
10:10:10;3306;49,97;
10:10:16;3809;49,97;
10:10:19;5720;49,97;
10:10:22;4634;49,97;
10:10:28;3625;49,97;
10:10:31;3693;49,96;
10:10:34;3967;49,97;
10:10:37;4376;49,97;
10:10:40;4028;49,97;
10:10:43;4236;49,97;
10:10:46;4192;49,97;
10:10:49;4342;49,98;
10:10:52;6710;49,98;
10:10:55;5222;49,98;
10:10:58;4226;49,98;
10:11:01;4045;49,99;
10:11:04;3948;50,00;
10:11:07;4058;50,00;
10:11:10;3883;50,00;
10:11:13;3950;50,00;
10:11:16;5086;50,00;
10:11:19;4760;50,00;
10:11:22;4228;50,00;
10:11:25;4067;50,00;
10:11:28;4658;50,00;
10:11:34;3608;49,99;
10:11:37;3374;49,99;
10:11:40;3289;49,99;
10:11:43;3329;49,98;
10:11:46;4274;49,98;
10:11:49;5132;49,98;
10:11:52;3920;49,98;
10:11:55;3428;49,98;
10:11:58;3258;49,98;
10:12:01;3336;49,97;
10:12:04;3536;49,97;
10:12:07;3577;49,97;
10:12:10;3341;49,98;
10:12:13;3537;49,98;
10:12:16;4524;49,98;
10:12:19;5378;49,98;
10:12:22;6352;49,98;
10:12:25;6102;49,98;
10:12:28;4582;49,99;
10:12:31;4032;50,00;
10:12:34;4726;49,99;
10:12:40;5144;49,98;
10:12:43;7776;49,98;
10:12:46;7346;49,98;
10:12:49;6040;49,98;
10:12:52;5008;49,97;
10:12:55;5364;49,97;
10:12:58;5820;49,98;
10:13:01;5336;49,98;
10:13:04;3428;49,98;
10:13:07;3299;49,98;
10:13:10;3408;49,98;
10:13:13;3224;49,98;
10:13:16;3222;49,97;
10:13:19;3251;49,98;
10:13:22;3219;49,98;
10:13:25;3124;49,98;
10:13:28;3004;49,98;
10:13:31;3008;49,98;
10:13:34;3041;49,99;
10:13:37;3136;49,99;
10:13:40;3137;49,99;
10:13:46;3126;50,00;
10:13:49;3089;50,00;
10:13:52;3064;50,00;
10:13:55;3123;49,99;
10:13:58;3166;49,99;
10:14:01;3364;49,99;
10:14:04;3467;50,00;
10:14:07;3430;50,00;
10:14:10;3760;50,01;
10:14:13;4644;50,01;
10:14:16;4184;50,01;
10:14:19;3673;50,01;
10:14:22;3404;50,00;
10:14:25;3162;50,00;
10:14:31;3326;50,00;
10:14:34;3626;50,00;
10:14:37;3659;50,00;
10:14:40;3969;50,00;
10:14:43;4758;49,99;
10:14:46;4878;49,99;
10:14:49;4518;49,99;
10:14:52;4078;49,99;
10:14:55;3629;49,99;
10:14:58;3724;49,99;
10:15:01;3287;50,00;
10:15:04;3255;50,00;
10:15:07;3225;50,00;
10:15:10;3214;50,00;
10:15:13;3218;49,99;
10:15:16;3220;49,99;
10:15:19;3240;49,98;
10:15:22;3264;49,98;
10:15:25;3280;49,96;
10:15:28;3304;49,96;
10:15:31;3343;49,96;
10:15:37;4210;49,97;
10:15:40;3814;49,97;
10:15:43;3695;49,97;
10:15:46;3606;49,97;
10:15:49;3642;49,97;
10:15:52;3530;49,97;
10:15:55;3524;49,97;
10:15:58;3558;49,97;
10:16:01;4890;49,96;
10:16:04;4808;49,96;
10:16:07;4164;49,96;
10:16:10;4492;49,97;
10:16:13;5590;49,97;
10:16:16;8244;49,97;
10:16:19;8940;49,97;
10:16:22;6884;49,97;
10:16:25;4380;49,97;
10:16:28;4069;49,97;
10:16:31;4112;49,98;
10:16:34;4286;49,98;
10:16:37;4262;49,98;
10:16:43;5324;49,98;
10:16:46;5946;49,98;
10:16:49;7932;49,97;
10:16:52;7532;49,97;
10:16:55;6624;49,96;
10:16:58;6644;49,96;
10:17:01;7604;49,96;
10:17:04;8760;49,96;
10:17:07;7838;49,97;
10:17:10;7498;49,98;
10:17:13;8472;49,98;
10:17:16;8916;49,98;
10:17:19;8852;49,98;
10:17:22;8776;49,98;
10:17:25;8784;49,98;
10:17:28;8444;49,98;
10:17:31;7520;49,97;
10:17:34;7276;49,97;
10:17:37;8340;49,97;
10:17:40;8740;49,97;
10:17:43;8464;49,97;
10:17:49;8784;49,97;
10:17:52;8812;49,97;
10:17:55;8488;49,97;
10:17:58;8076;49,97;
10:18:01;8632;49,98;
10:18:04;8692;49,98;
10:18:07;8724;49,98;
10:18:10;8768;49,99;
10:18:13;8408;49,98;
10:18:16;8352;49,98;
10:18:19;8468;49,98;
10:18:22;8504;49,98;
10:18:25;8096;49,98;
10:18:28;6326;49,98;
10:18:34;5360;49,97;
10:18:37;4166;49,97;
10:18:40;3229;49,97;
10:18:43;3058;49,97;
10:18:46;3260;49,97;
10:18:49;3559;49,97;
10:18:52;3342;49,97;
10:18:55;3104;49,97;
10:18:58;3105;49,97;
10:19:01;3096;49,97;
10:19:04;3152;49,97;
10:19:07;3329;49,97;
10:19:10;2982;49,97;
10:19:13;3020;49,97;
10:19:16;3093;49,96;
10:19:19;3741;49,96;
10:19:22;3282;49,96;
10:19:25;3257;49,96;
10:19:28;3941;49,96;
10:19:31;4876;49,97;
10:19:34;5384;49,97;
10:19:40;3632;49,96;
10:19:43;3970;49,96;
10:19:46;3121;49,96;
10:19:49;2898;49,96;
10:19:52;2925;49,96;
10:19:55;2974;49,96;
10:19:58;2881;49,96;
10:20:01;2874;49,96;
10:20:04;2818;49,95;
10:20:07;2828;49,95;
10:20:10;2835;49,95;
10:20:13;2779;49,95;
10:20:16;2855;49,95;
10:20:19;2897;49,95;
10:20:22;3014;49,95;
10:20:25;3963;49,95;
10:20:28;5222;49,94;
10:20:31;4110;49,94;
10:20:34;3126;49,95;
10:20:37;2979;49,95;
10:20:40;2981;49,96;
10:20:46;2868;49,96;
10:20:49;2852;49,96;
10:20:52;2929;49,96;
10:20:55;3009;49,96;
10:20:58;2856;49,97;
10:21:01;2812;49,97;
10:21:04;2814;49,97;
10:21:07;2811;49,97;
10:21:10;2850;49,97;
10:21:13;2864;49,97;
10:21:16;2928;49,97;
10:21:19;2983;49,97;
10:21:22;3332;49,97;
10:21:25;3174;49,97;
10:21:28;3103;49,97;
10:21:31;3091;49,97;
10:21:34;3159;49,97;
10:21:37;3254;49,96;
10:21:40;3129;49,96;
10:21:43;3121;49,96;
10:21:46;3281;49,96;
10:21:52;3377;49,96;
10:21:55;3726;49,96;
10:21:58;3831;49,97;
10:22:01;3656;49,97;
10:22:04;3507;49,97;
10:22:07;3853;49,97;
10:22:10;4876;49,97;
10:22:13;4898;49,97;
10:22:16;4618;49,97;
10:22:19;4790;49,97;
10:22:22;4922;49,97;
10:22:25;4982;49,97;
10:22:28;4566;49,97;
10:22:31;4564;49,97;
10:22:34;4460;49,97;
10:22:37;4282;49,97;
10:22:40;4730;49,98;
10:22:43;4982;49,98;
10:22:46;5958;49,98;
10:22:49;5306;49,98;
10:22:52;5328;49,98;
10:22:58;4988;49,98;
10:23:01;4122;49,98;
10:23:04;4164;49,98;
10:23:07;5040;49,98;
10:23:10;5248;49,98;
10:23:13;4810;49,98;
10:23:16;4694;49,98;
10:23:19;4380;49,98;
10:23:22;4318;49,97;
10:23:25;4858;49,98;
10:23:28;5282;49,97;
10:23:31;6488;49,98;
10:23:34;6954;49,98;
10:23:37;8182;49,98;
10:23:43;7320;49,98;
10:23:46;7390;49,98;
10:23:49;8126;49,98;
10:23:52;8064;49,97;
10:23:55;8228;49,96;
10:23:58;8088;49,96;
10:24:01;8212;49,96;
10:24:04;8240;49,96;
10:24:07;6024;49,96;
10:24:10;5912;49,97;
10:24:13;8304;49,97;
10:24:16;7846;49,98;
10:24:19;6956;49,98;
10:24:22;7318;49,98;
10:24:25;6874;49,98;
10:24:28;3791;49,97;
10:24:31;3613;49,98;
10:24:34;4014;49,97;
10:24:37;7300;49,97;
10:24:40;8460;49,97;
10:24:43;6730;49,96;
10:24:49;5058;49,97;
10:24:52;5498;49,97;
10:24:55;8058;49,97;
10:24:58;6124;49,97;
10:25:01;5462;49,97;
10:25:04;6866;49,97;
10:25:07;7956;49,97;
10:25:10;6226;49,97;
10:25:13;4640;49,98;
10:25:16;4860;49,98;
10:25:19;4876;49,97;
10:25:22;5116;49,96;
10:25:25;6610;49,96;
10:25:28;6528;49,96;
10:25:31;5772;49,97;
10:25:34;5112;49,97;
10:25:37;5762;49,97;
10:25:40;7438;49,97;
10:25:43;8700;49,96;
10:25:46;8652;49,96;
10:25:49;8796;49,96;
10:25:55;6280;49,96;
10:25:58;6390;49,96;
10:26:01;8828;49,96;
10:26:04;9220;49,96;
10:26:07;6568;49,97;
10:26:10;5914;49,96;
10:26:13;4746;49,96;
10:26:16;4268;49,96;
10:26:19;7214;49,95;
10:26:22;7220;49,95;
10:26:25;5848;49,96;
10:26:28;5254;49,96;
10:26:31;4726;49,96;
10:26:34;5466;49,96;
10:26:37;7576;49,96;
10:26:40;8964;49,96;
10:26:43;8872;49,96;
10:26:46;8460;49,97;
10:26:49;7426;49,97;
10:26:52;7548;49,98;
10:26:55;7534;49,98;
10:27:01;5224;49,97;
10:27:04;4452;49,97;
10:27:07;3911;49,97;
10:27:10;3653;49,97;
10:27:13;4404;49,97;
10:27:16;4774;49,97;
10:27:19;3769;49,97;
10:27:22;3191;49,97;
10:27:25;7622;49,97;
10:27:28;8190;49,97;
10:27:31;7706;49,96;
10:27:34;4920;49,96;
10:27:37;3743;49,96;
10:27:40;3873;49,96;
10:27:46;4606;49,97;
10:27:49;4244;49,97;
10:27:52;5128;49,97;
10:27:55;7602;49,97;
10:27:58;9208;49,97;
10:28:01;9212;49,97;
10:28:04;9204;49,97;
10:28:07;9060;49,97;
10:28:10;8148;49,97;
10:28:13;7232;49,97;
10:28:16;6636;49,97;
10:28:19;6112;49,97;
10:28:22;7156;49,97;
10:28:25;6358;49,97;
10:28:28;6570;49,97;
10:28:31;9016;49,97;
10:28:34;8960;49,98;
10:28:37;8912;49,98;
10:28:40;8804;49,98;
10:28:43;8660;49,98;
10:28:46;8520;49,98;
10:28:52;5942;49,98;
10:28:55;4442;49,97;
10:28:58;4274;49,97;
10:29:01;3948;49,97;
10:29:04;8176;49,97;
10:29:07;8824;49,96;
10:29:10;8716;49,96;
10:29:13;8728;49,97;
10:29:16;8556;49,98;
10:29:19;8660;49,98;
10:29:22;8756;49,98;
10:29:25;8840;49,97;
10:29:28;7828;49,98;
10:29:31;7010;49,97;
10:29:34;6266;49,98;
10:29:37;7442;49,98;
10:29:40;8056;49,97;
10:29:43;8544;49,97;
10:29:46;8696;49,96;
10:29:49;8728;49,96;
10:29:52;8712;49,97;
10:29:58;8756;49,98;
10:30:01;8816;49,98;
10:30:04;8520;49,98;
10:30:07;8744;49,98;
10:30:10;8800;49,98;
10:30:13;8764;49,98;
10:30:16;8748;49,97;
10:30:19;8808;49,97;
10:30:22;8620;49,96;
10:30:25;8608;49,96;
10:30:28;8280;49,96;
10:30:31;8436;49,95;
10:30:34;8796;49,95;
10:30:37;8740;49,95;
10:30:40;8796;49,94;
10:30:43;8764;49,95;
10:30:46;8784;49,95;
10:30:49;8760;49,96;
10:30:52;8220;49,96;
10:30:55;8044;49,96;
10:30:58;8272;49,96;
10:31:04;5796;49,96;
10:31:07;7146;49,95;
10:31:10;7388;49,95;
10:31:13;6098;49,95;
10:31:16;5086;49,96;
10:31:19;5708;49,96;
10:31:22;6678;49,96;
10:31:25;7554;49,96;
10:31:28;8644;49,96;
10:31:31;8680;49,96;
10:31:34;8640;49,96;
10:31:37;8536;49,96;
10:31:40;7516;49,96;
10:31:43;7464;49,96;
10:31:46;7278;49,96;
10:31:49;6228;49,95;
10:31:52;7100;49,95;
10:31:55;8088;49,95;
10:31:58;8404;49,95;
10:32:01;8272;49,95;
10:32:04;8216;49,95;
10:32:07;8008;49,95;
10:32:10;8018;49,94;
10:32:13;8284;49,94;
10:32:16;8232;49,94;
10:32:19;8180;49,94;
10:32:22;7908;49,94;
10:32:25;7924;49,93;
10:32:28;8154;49,93;
10:32:31;8132;49,93;
10:32:34;7814;49,94;
10:32:37;7550;49,94;
10:32:40;7076;49,94;
10:32:43;6976;49,95;
10:32:46;7482;49,95;
10:32:49;7912;49,95;
10:32:55;7568;49,94;
10:32:58;6640;49,94;
10:33:01;7684;49,94;
10:33:04;8134;49,94;
10:33:07;8166;49,94;
10:33:10;8248;49,94;
10:33:13;8280;49,94;
10:33:16;8300;49,94;
10:33:19;8420;49,94;
10:33:22;8276;49,94;
10:33:25;7216;49,94;
10:33:28;7712;49,94;
10:33:31;8492;49,94;
10:33:34;8532;49,93;
10:33:37;8560;49,93;
10:33:40;7724;49,93;
10:33:43;7100;49,93;
10:33:46;6172;49,93;
10:33:49;6936;49,93;
10:33:52;7064;49,93;
10:33:55;7688;49,94;
10:34:01;7034;49,94;
10:34:04;7926;49,94;
10:34:07;8376;49,94;
10:34:10;8340;49,94;
10:34:13;8388;49,94;
10:34:16;8408;49,94;
10:34:19;8436;49,94;
10:34:22;8444;49,93;
10:34:25;8396;49,94;
10:34:28;8436;49,94;
10:34:31;8472;49,94;
10:34:34;8384;49,94;
10:34:37;8172;49,94;
10:34:40;8168;49,94;
10:34:43;8146;49,95;
10:34:46;8148;49,94;
10:34:49;8104;49,94;
10:34:52;7720;49,95;
10:34:55;8132;49,95;
10:34:58;8012;49,95;
10:35:01;8304;49,95;
10:35:07;8348;49,95;
10:35:10;8268;49,95;
10:35:13;8356;49,94;
10:35:16;8408;49,94;
10:35:19;8404;49,95;
10:35:22;8428;49,95;
10:35:25;8392;49,94;
10:35:28;8420;49,94;
10:35:31;8364;49,94;
10:35:34;8364;49,95;
10:35:37;8332;49,95;
10:35:40;8320;49,95;
10:35:43;8368;49,95;
10:35:46;8344;49,95;
10:35:49;8368;49,95;
10:35:52;8336;49,96;
10:35:58;8304;49,96;
10:36:01;8324;49,97;
10:36:04;8296;49,97;
10:36:07;8316;49,98;
10:36:13;8252;49,98;
10:36:16;8240;49,98;
10:36:19;8248;49,98;
10:36:22;8236;49,97;
10:36:25;8284;49,96;
10:36:28;8300;49,96;
10:36:31;8284;49,96;
10:36:34;8264;49,95;
10:36:37;8196;49,95;
10:36:40;8292;49,96;
10:36:43;8304;49,96;
10:36:46;8280;49,96;
10:36:49;8284;49,96;
10:36:52;8344;49,96;
10:36:58;8312;49,96;
10:37:01;8304;49,96;
10:37:07;8272;49,96;
10:37:10;8264;49,96;
10:37:13;8224;49,95;
10:37:16;8260;49,95;
10:37:19;8252;49,95;
10:37:22;8256;49,96;
10:37:25;8212;49,95;
10:37:28;8236;49,96;
10:37:34;8208;49,96;
10:37:37;8212;49,96;
10:37:40;8252;49,96;
10:37:43;8244;49,96;
10:37:46;8244;49,95;
10:37:49;8224;49,95;
10:37:55;8192;49,95;
10:37:58;8172;49,95;
10:38:04;8244;49,94;
10:38:07;8268;49,94;
10:38:10;8260;49,94;
10:38:13;8228;49,94;
10:38:16;8268;49,94;
10:38:19;8256;49,94;
10:38:22;8280;49,94;
10:38:28;8240;49,94;
10:38:31;8236;49,94;
10:38:34;8264;49,94;
10:38:37;8236;49,94;
10:38:40;8264;49,94;
10:38:43;8280;49,93;
10:38:46;8288;49,93;
10:38:49;8280;49,94;
10:38:52;8300;49,94;
10:38:55;8300;49,95;
10:38:58;8300;49,96;
10:39:01;8292;49,95;
10:39:04;8276;49,95;
10:39:10;8252;49,96;
10:39:13;8212;49,96;
10:39:16;8208;49,96;
10:39:22;8190;49,96;
10:39:25;8140;49,97;
10:39:28;8168;49,97;
10:39:31;8154;49,96;
10:39:34;8144;49,96;
10:39:37;8116;49,96;
10:39:40;8142;49,96;
10:39:43;8144;49,96;
10:39:46;8136;49,96;
10:39:49;8118;49,96;
10:39:52;8116;49,96;
10:39:55;8138;49,96;
10:39:58;8134;49,96;
10:40:04;8130;49,96;
10:40:07;8126;49,96;
10:40:10;8130;49,96;
10:40:16;8140;49,95;
10:40:19;8124;49,95;
10:40:22;8104;49,96;
10:40:25;8100;49,96;
10:40:28;8104;49,96;
10:40:31;8106;49,96;
10:40:34;8116;49,97;
10:40:37;8104;49,96;
10:40:40;8074;49,96;
10:40:43;8062;49,96;
10:40:49;8034;49,96;
10:40:52;8064;49,96;
10:40:55;8030;49,96;
10:41:01;8060;49,95;
10:41:04;8056;49,95;
10:41:07;8078;49,95;
10:41:10;8082;49,95;
10:41:13;8078;49,95;
10:41:16;8052;49,95;
10:41:19;8078;49,95;
10:41:22;8080;49,95;
10:41:25;8086;49,96;
10:41:28;8056;49,96;
10:41:31;8062;49,96;
10:41:34;8034;49,96;
10:41:37;8054;49,96;
10:41:40;8046;49,96;
10:41:43;8054;49,96;
10:41:46;8050;49,95;
10:41:49;8064;49,94;
10:41:52;8038;49,95;
10:41:55;8048;49,95;
10:41:58;8040;49,95;
10:42:01;8020;49,95;
10:42:07;8022;49,96;
10:42:10;8026;49,95;
10:42:16;8016;49,96;
10:42:19;7986;49,96;
10:42:22;7994;49,96;
10:42:25;8022;49,96;
10:42:28;8026;49,96;
10:42:31;8008;49,96;
10:42:34;8028;49,96;
10:42:37;8022;49,96;
10:42:40;8018;49,96;
10:42:43;8032;49,96;
10:42:46;8030;49,96;
10:42:49;8004;49,96;
10:42:52;8014;49,96;
10:42:55;8026;49,96;
10:42:58;8012;49,95;
10:43:01;7982;49,96;
10:43:13;7928;49,96;
10:43:16;7936;49,96;
10:43:19;7966;49,96;
10:43:22;7978;49,96;
10:43:25;7962;49,95;
10:43:28;8010;49,96;
10:43:31;8002;49,95;
10:43:34;8038;49,95;
10:43:40;8034;49,95;
10:43:43;8058;49,96;
10:43:46;8054;49,96;
10:43:49;8000;49,96;
10:43:52;8036;49,96;
10:43:55;8028;49,96;
10:43:58;8038;49,96;
10:44:01;8042;49,96;
10:44:04;8032;49,97;
10:44:07;7990;49,97;
10:44:10;8012;49,96;
10:44:13;8018;49,96;
10:44:19;7990;49,96;
10:44:22;8022;49,96;
10:44:25;8038;49,97;
10:44:28;8034;49,97;
10:44:31;7982;49,97;
10:44:34;8016;49,97;
10:44:37;8020;49,96;
10:44:40;8030;49,96;
10:44:43;8022;49,96;
10:44:46;8028;49,96;
10:44:49;8032;49,97;
10:44:52;8036;49,97;
10:44:55;7976;49,97;
10:44:58;7972;49,97;
10:45:01;7988;49,96;
10:45:04;8022;49,96;
10:45:07;8002;49,96;
10:45:10;8040;49,97;
10:45:13;8058;49,97;
10:45:16;8062;49,97;
10:45:19;8044;49,96;
10:45:25;8018;49,95;
10:45:28;8032;49,95;
10:45:31;8004;49,95;
10:45:34;8002;49,95;
10:45:37;7986;49,95;
10:45:40;7990;49,94;
10:45:43;8012;49,95;
10:45:46;7990;49,95;
10:45:49;8012;49,95;
10:45:52;7992;49,95;
10:45:55;7988;49,95;
10:45:58;7974;49,95;
10:46:01;7970;49,95;
10:46:04;7932;49,95;
10:46:10;7932;49,94;
10:46:13;7950;49,94;
10:46:16;7968;49,94;
10:46:19;7978;49,94;
10:46:22;8012;49,95;
10:46:25;8014;49,95;
10:46:28;7996;49,95;
10:46:31;8002;49,95;
10:46:34;8012;49,96;
10:46:37;8040;49,96;
10:46:40;8058;49,95;
10:46:43;8030;49,96;
10:46:46;8040;49,95;
10:46:49;8054;49,96;
10:46:52;8032;49,96;
10:46:55;7996;49,96;
10:46:58;7972;49,97;
10:47:01;7962;49,97;
10:47:04;7922;49,97;
10:47:07;7978;49,96;
10:47:10;8028;49,96;
10:47:16;8098;49,96;
10:47:19;8102;49,96;
10:47:22;8090;49,96;
10:47:25;8094;49,96;
10:47:28;8050;49,97;
10:47:31;8040;49,96;
10:47:34;8044;49,96;
10:47:37;8064;49,96;
10:47:40;8116;49,97;
10:47:43;8124;49,98;
10:47:46;8068;49,97;
10:47:49;8086;49,97;
10:47:52;8064;49,96;
10:47:55;8090;49,97;
10:47:58;8092;49,97;
10:48:01;8096;49,97;
10:48:04;8106;49,97;
10:48:07;8122;49,96;
10:48:10;8124;49,96;
10:48:13;8122;49,96;
10:48:16;8116;49,97;
10:48:22;8112;49,97;
10:48:25;8120;49,97;
10:48:28;8106;49,97;
10:48:31;8112;49,98;
10:48:34;8058;49,97;
10:48:37;8084;49,96;
10:48:40;8094;49,96;
10:48:43;8082;49,96;
10:48:46;8168;49,97;
10:48:49;8200;49,97;
10:48:52;8216;49,97;
10:48:55;8232;49,98;
10:48:58;8220;49,99;
10:49:01;8232;49,99;
10:49:04;8236;50,00;
10:49:07;8280;50,00;
10:49:10;8312;50,00;
10:49:13;8292;49,99;
10:49:16;8300;49,98;
10:49:22;8312;49,98;
10:49:28;8316;49,98;
10:49:34;8348;49,98;
10:49:37;8336;49,98;
10:49:40;8360;49,98;
10:49:43;8352;49,98;
10:49:46;8384;49,98;
10:49:49;8376;49,98;
10:49:52;8400;49,98;
10:49:55;8404;49,98;
10:50:01;8400;49,97;
10:50:04;8404;49,97;
10:50:13;8400;49,96;
10:50:16;8416;49,96;
10:50:19;8400;49,96;
10:50:22;8408;49,97;
10:50:25;8384;49,97;
10:50:28;8396;49,97;
10:50:31;8396;49,98;
10:50:34;8384;49,98;
10:50:37;8380;49,98;
10:50:40;8400;49,98;
10:50:43;8392;49,98;
10:50:46;8404;49,98;
10:50:49;8400;49,98;
10:50:52;8424;49,98;
10:50:55;8420;49,98;
10:50:58;8408;49,97;
10:51:01;8388;49,97;
10:51:04;8400;49,97;
10:51:07;8384;49,97;
10:51:10;8396;49,98;
10:51:13;8368;49,98;
10:51:19;8384;49,98;
10:51:22;8396;49,99;
10:51:25;8364;50,00;
10:51:28;8396;50,00;
10:51:31;8408;50,00;
10:51:34;8404;50,00;
10:51:37;8412;49,99;
10:51:40;8392;50,00;
10:51:43;8396;49,99;
10:51:46;8404;49,99;
10:51:49;8388;50,00;
10:51:52;8408;50,00;
10:51:58;8416;50,00;
10:52:01;8420;50,00;
10:52:04;8400;50,00;
10:52:07;8404;49,99;
10:52:10;8400;49,99;
10:52:16;8384;49,99;
10:52:19;8400;49,99;
10:52:25;8404;49,99;
10:52:28;8340;49,99;
10:52:31;8404;49,99;
10:52:34;8392;49,99;
10:52:37;8408;49,99;
10:52:40;8396;49,99;
10:52:43;8424;49,99;
10:52:46;8428;49,98;
10:52:49;8424;49,98;
10:52:52;8400;49,98;
10:52:55;8412;49,98;
10:52:58;8400;49,99;
10:53:01;8416;49,99;
10:53:04;8404;49,99;
10:53:07;8412;49,99;
10:53:10;8368;49,98;
10:53:13;8332;49,98;
10:53:16;8292;49,98;
10:53:19;8328;49,98;
10:53:22;8352;49,98;
10:53:25;8412;49,99;
10:53:31;8328;49,99;
10:53:34;8340;49,99;
10:53:37;8208;50,00;
10:53:40;8118;50,00;
10:53:43;8324;49,99;
10:53:46;8408;49,99;
10:53:49;8420;49,99;
10:53:52;8408;50,00;
10:53:55;8248;50,01;
10:53:58;8288;50,01;
10:54:01;8352;50,01;
10:54:04;8360;50,01;
10:54:07;8292;50,01;
10:54:10;8268;50,01;
10:54:13;8232;50,00;
10:54:19;8316;49,99;
10:54:22;8300;49,98;
10:54:25;8244;49,98;
10:54:28;8182;49,98;
10:54:31;8248;49,98;
10:54:37;8280;49,98;
10:54:40;8212;49,99;
10:54:43;8122;50,00;
10:54:46;8126;50,00;
10:54:49;8138;50,00;
10:54:52;7880;50,00;
10:54:55;7968;50,00;
10:54:58;8036;50,00;
10:55:01;8074;50,00;
10:55:04;8016;50,01;
10:55:07;8090;50,01;
10:55:10;8154;50,01;
10:55:13;8176;50,01;
10:55:16;8022;50,00;
10:55:22;8102;50,00;
10:55:25;8156;50,00;
10:55:28;8100;50,00;
10:55:31;8016;50,01;
10:55:34;8020;50,01;
10:55:37;8028;50,01;
10:55:40;8070;50,01;
10:55:43;8088;50,01;
10:55:46;8000;50,00;
10:55:49;7954;50,00;
10:55:52;7920;50,00;
10:55:55;7956;50,00;
10:55:58;8036;50,01;
10:56:01;8054;50,01;
10:56:04;8092;50,01;
10:56:07;8102;50,00;
10:56:10;8050;50,00;
10:56:16;8088;50,00;
10:56:19;8028;50,00;
10:56:22;7994;49,99;
10:56:28;8058;49,99;
10:56:31;8074;50,00;
10:56:34;8114;50,00;
10:56:37;8078;50,00;
10:56:40;8042;50,00;
10:56:43;8028;50,00;
10:56:46;8058;50,00;
10:56:49;8052;50,00;
10:56:52;8008;50,00;
10:56:55;8004;50,01;
10:56:58;8122;50,00;
10:57:01;8142;50,00;
10:57:04;8064;50,00;
10:57:07;8142;50,00;
10:57:10;8184;50,00;
10:57:13;8320;50,00;
10:57:16;8312;49,99;
10:57:19;8336;49,99;
10:57:22;8372;49,99;
10:57:25;8304;50,00;
10:57:28;8260;50,00;
10:57:34;8304;49,99;
10:57:37;8340;49,99;
10:57:40;8196;49,99;
10:57:43;8146;49,99;
10:57:46;8232;49,99;
10:57:49;8252;49,99;
10:57:52;8220;49,99;
10:57:55;8174;49,99;
10:57:58;7932;49,98;
10:58:01;7890;49,99;
10:58:04;7800;49,99;
10:58:07;7768;49,99;
10:58:10;7892;49,98;
10:58:13;7876;49,99;
10:58:16;7852;49,99;
10:58:22;7866;49,99;
10:58:25;7828;49,99;
10:58:28;7750;50,00;
10:58:31;7776;50,00;
10:58:34;7734;49,99;
10:58:40;7866;49,99;
10:58:43;7806;49,99;
10:58:46;7536;49,99;
10:58:49;7550;49,99;
10:58:52;7704;49,98;
10:58:55;7724;49,98;
10:58:58;7688;49,98;
10:59:01;7732;49,98;
10:59:04;7880;49,99;
10:59:07;7830;50,00;
10:59:10;7796;49,99;
10:59:13;7774;49,99;
10:59:16;7644;49,99;
10:59:19;7606;50,00;
10:59:25;7598;50,00;
10:59:28;7546;50,00;
10:59:31;7638;50,00;
10:59:34;7636;50,00;
10:59:37;7718;50,00;
10:59:40;7792;50,00;
10:59:43;7880;50,00;
10:59:46;7892;50,00;
10:59:49;7802;50,01;
10:59:52;8012;50,01;
10:59:55;8052;50,00;
10:59:58;7836;50,00;
11:00:01;7542;49,99;
11:00:04;7426;49,99;
11:00:07;7344;49,99;
11:00:10;7220;49,98;
11:00:13;7460;49,98;
11:00:16;7704;49,98;
11:00:19;7538;49,98;
11:00:22;7220;49,98;
11:00:25;7466;49,98;
11:00:31;7338;49,99;
11:00:34;7416;49,99;
11:00:37;7344;50,00;
11:00:40;7316;50,00;
11:00:43;7190;49,99;
11:00:46;7268;49,99;
11:00:49;7316;49,99;
11:00:52;7394;49,98;
11:00:55;7646;49,98;
11:00:58;7494;49,98;
11:01:01;7604;49,99;
11:01:04;7790;49,99;
11:01:07;8020;49,99;
11:01:10;8018;49,99;
11:01:13;7910;49,99;
11:01:16;7950;49,98;
11:01:19;7916;49,98;
11:01:22;8110;49,98;
11:01:25;8114;49,98;
11:01:28;8134;49,98;
11:01:31;8344;49,98;
11:01:37;8656;49,97;
11:01:40;8600;49,97;
11:01:43;8700;49,97;
11:01:46;8708;49,97;
11:01:49;8664;49,98;
11:01:52;8684;49,98;
11:01:55;8676;49,98;
11:01:58;8668;49,99;
11:02:01;8656;49,99;
11:02:04;8652;50,00;
11:02:07;8640;50,00;
11:02:10;8636;49,99;
11:02:13;8616;49,99;
11:02:16;8624;49,99;
11:02:19;8620;49,99;
11:02:25;8576;49,99;
11:02:28;8612;49,99;
11:02:31;8604;49,98;
11:02:34;8612;49,98;
11:02:37;8580;49,98;
11:02:43;8584;49,97;
11:02:46;8588;49,97;
11:02:49;8564;49,97;
11:02:52;8584;49,98;
11:02:55;8580;49,98;
11:02:58;8596;49,98;
11:03:01;8588;49,98;
11:03:04;8568;49,98;
11:03:13;8528;49,98;
11:03:16;8548;49,97;
11:03:22;8544;49,97;
11:03:25;8540;49,97;
11:03:28;8512;49,97;
11:03:31;8492;49,97;
11:03:34;8488;49,97;
11:03:37;8444;49,98;
11:03:40;8476;49,99;
11:03:52;8476;49,98;
11:03:55;8460;49,98;
11:03:58;8460;49,97;
11:04:01;8468;49,97;
11:04:04;8452;49,97;
11:04:07;8440;49,98;
11:04:10;8428;49,98;
11:04:13;8436;49,98;
11:04:16;8452;49,98;
11:04:19;8468;49,98;
11:04:22;8464;49,98;
11:04:25;8468;49,98;
11:04:28;8480;49,98;
11:04:34;8420;49,98;
11:04:37;8412;49,98;
11:04:40;8380;49,98;
11:04:43;8388;49,98;
11:04:46;8344;49,98;
11:04:49;8316;49,98;
11:04:52;8292;49,98;
11:04:55;8336;49,98;
11:04:58;8312;49,98;
11:05:04;8264;49,98;
11:05:07;8268;49,98;
11:05:10;8252;49,98;
11:05:13;8240;49,98;
11:05:16;8216;49,98;
11:05:19;8240;49,97;
11:05:22;8248;49,97;
11:05:25;8272;49,98;
11:05:28;8212;49,98;
11:05:31;8240;49,99;
11:05:34;8248;50,00;
11:05:40;8232;50,00;
11:05:43;8260;50,00;
11:05:46;8268;49,99;
11:05:49;8292;49,99;
11:05:52;8292;49,98;
11:05:55;8344;49,98;
11:06:01;8352;49,98;
11:06:04;8368;49,99;
11:06:07;8392;49,99;
11:06:10;8376;49,99;
11:06:13;8348;49,98;
11:06:19;8420;49,98;
11:06:22;8440;49,98;
11:06:25;8448;49,98;
11:06:28;8408;49,99;
11:06:31;8428;49,99;
11:06:34;8420;49,99;
11:06:37;8440;49,99;
11:06:40;8432;49,99;
11:06:46;8492;49,98;
11:06:49;8504;49,98;
11:06:52;8468;49,97;
11:06:55;8504;49,98;
11:06:58;8496;49,98;
11:07:04;8508;49,98;
11:07:07;8492;49,98;
11:07:10;8508;49,98;
11:07:13;8520;49,98;
11:07:16;8512;49,98;
11:07:19;8500;49,98;
11:07:22;8492;49,98;
11:07:25;8500;49,98;
11:07:28;8504;49,98;
11:07:31;8500;49,98;
11:07:34;8524;49,98;
11:07:37;8516;49,98;
11:07:40;8528;49,97;
11:07:43;8488;49,97;
11:07:46;8512;49,98;
11:07:52;8520;49,98;
11:07:55;8512;49,98;
11:07:58;8552;49,98;
11:08:01;8568;49,98;
11:08:04;8564;49,99;
11:08:07;8588;49,99;
11:08:10;8604;49,98;
11:08:13;8596;49,98;
11:08:16;8612;49,98;
11:08:19;8584;49,98;
11:08:22;8584;49,97;
11:08:25;8580;49,97;
11:08:28;8584;49,97;
11:08:31;8548;49,97;
11:08:37;8492;49,97;
11:08:40;8452;49,96;
11:08:43;8460;49,96;
11:08:46;8492;49,95;
11:08:49;8500;49,96;
11:08:52;8520;49,96;
11:08:55;8516;49,95;
11:08:58;8500;49,96;
11:09:01;8544;49,97;
11:09:04;8576;49,97;
11:09:07;8568;49,98;
11:09:10;8564;49,98;
11:09:13;8496;49,99;
11:09:16;8508;50,00;
11:09:19;8468;50,00;
11:09:22;8388;50,00;
11:09:25;8316;49,99;
11:09:28;8320;49,99;
11:09:34;8396;49,99;
11:09:37;8432;49,98;
11:09:43;8436;49,97;
11:09:46;8440;49,97;
11:09:49;8428;49,97;
11:09:52;8440;49,97;
11:09:55;8428;49,98;
11:09:58;8440;49,97;
11:10:01;8340;49,97;
11:10:04;8404;49,98;
11:10:07;8364;49,98;
11:10:10;8404;49,98;
11:10:13;8448;49,96;
11:10:16;8456;49,96;
11:10:19;8376;49,96;
11:10:22;8332;49,96;
11:10:25;8276;49,96;
11:10:28;8300;49,96;
11:10:31;8324;49,96;
11:10:34;8308;49,96;
11:10:37;8380;49,97;
11:10:40;8348;49,97;
11:10:43;8368;49,97;
11:10:49;8420;49,96;
11:10:52;8460;49,96;
11:10:55;8552;49,96;
11:10:58;8540;49,96;
11:11:01;8548;49,97;
11:11:04;8536;49,96;
11:11:07;8544;49,96;
11:11:10;8568;49,97;
11:11:13;8580;49,96;
11:11:19;8596;49,96;
11:11:22;8556;49,96;
11:11:25;8584;49,96;
11:11:28;8576;49,96;
11:11:34;8552;49,96;
11:11:37;8556;49,97;
11:11:40;8536;49,97;
11:11:43;8508;49,97;
11:11:46;8516;49,97;
11:11:49;8556;49,97;
11:11:55;8560;49,97;
11:11:58;8584;49,97;
11:12:01;8576;49,97;
11:12:04;8572;49,97;
11:12:07;8576;49,96;
11:12:10;8544;49,96;
11:12:13;8568;49,96;
11:12:16;8572;49,96;
11:12:19;8596;49,97;
11:12:22;8592;49,96;
11:12:25;8500;49,96;
11:12:28;8456;49,96;
11:12:31;8508;49,96;
11:12:34;8556;49,96;
11:12:37;8588;49,96;
11:12:40;8580;49,96;
11:12:43;8532;49,96;
11:12:46;8456;49,96;
11:12:49;8444;49,96;
11:12:52;8436;49,97;
11:12:55;8344;49,97;
11:12:58;8360;49,97;
11:13:01;8344;49,97;
11:13:04;8352;49,98;
11:13:07;8480;49,98;
11:13:10;8452;49,98;
11:13:13;8396;49,99;
11:13:16;8304;49,99;
11:13:19;8256;50,00;
11:13:22;8184;50,00;
11:13:25;8116;49,99;
11:13:28;8176;49,99;
11:13:31;8196;49,98;
11:13:34;8106;49,98;
11:13:37;8038;49,98;
11:13:40;8088;49,97;
11:13:46;8158;49,98;
11:13:49;8112;49,98;
11:13:52;8108;49,98;
11:13:55;8092;49,98;
11:13:58;8036;49,98;
11:14:01;8012;49,99;
11:14:04;8070;49,99;
11:14:07;8192;49,98;
11:14:10;8280;49,99;
11:14:13;8216;49,98;
11:14:16;8212;49,98;
11:14:19;8188;49,98;
11:14:22;8178;49,97;
11:14:25;8260;49,97;
11:14:28;8344;49,98;
11:14:31;8244;49,98;
11:14:34;8348;49,99;
11:14:37;8340;49,99;
11:14:40;8288;49,99;
11:14:43;8320;49,98;
11:14:46;8376;49,98;
11:14:52;8444;49,97;
11:14:55;8428;49,97;
11:14:58;8452;49,96;
11:15:01;8384;49,97;
11:15:04;8372;49,97;
11:15:07;8424;49,97;
11:15:10;8476;49,96;
11:15:13;8500;49,97;
11:15:16;8516;49,97;
11:15:19;8492;49,97;
11:15:22;8440;49,97;
11:15:25;8420;49,96;
11:15:28;8452;49,96;
11:15:31;8460;49,96;
11:15:34;8516;49,96;
11:15:37;8484;49,96;
11:15:40;8392;49,96;
11:15:43;8376;49,97;
11:15:46;8428;49,97;
11:15:49;8456;49,97;
11:15:52;8304;49,97;
11:15:58;8376;49,98;
11:16:01;8324;49,98;
11:16:04;8352;49,98;
11:16:07;8380;49,98;
11:16:10;8484;49,98;
11:16:13;8480;49,98;
11:16:16;8412;49,98;
11:16:19;8416;49,98;
11:16:22;8464;49,98;
11:16:25;8444;49,99;
11:16:28;8476;49,98;
11:16:31;8432;49,98;
11:16:34;8424;49,98;
11:16:37;8516;49,98;
11:16:40;8532;49,98;
11:16:43;8548;49,98;
11:16:46;8356;49,98;
11:16:49;8244;49,98;
11:16:52;8252;49,98;
11:16:55;8308;49,98;
11:16:58;8460;49,98;
11:17:04;8392;49,97;
11:17:07;8360;49,97;
11:17:10;8248;49,97;
11:17:13;8252;49,97;
11:17:16;8388;49,97;
11:17:19;8348;49,97;
11:17:22;8384;49,98;
11:17:25;8440;49,98;
11:17:28;8468;49,97;
11:17:31;8480;49,97;
11:17:34;8524;49,98;
11:17:37;8544;49,97;
11:17:40;8536;49,97;
11:17:43;8552;49,97;
11:17:49;8684;49,97;
11:17:52;8740;49,97;
11:17:55;8776;49,97;
11:17:58;8728;49,97;
11:18:01;8872;49,97;
11:18:04;8892;49,97;
11:18:10;8896;49,96;
11:18:13;8860;49,97;
11:18:16;8844;49,97;
11:18:19;8868;49,97;
11:18:22;8856;49,97;
11:18:25;8880;49,97;
11:18:31;8876;49,97;
11:18:34;8848;49,97;
11:18:37;8844;49,97;
11:18:40;8848;49,97;
11:18:43;8868;49,97;
11:18:46;8864;49,98;
11:18:49;8844;49,98;
11:18:55;8816;50,00;
11:18:58;8800;50,00;
11:19:01;8808;50,00;
11:19:04;8804;50,00;
11:19:13;8796;49,99;
11:19:16;8828;49,99;
11:19:19;8796;49,98;
11:19:22;8784;49,98;
11:19:25;8788;50,00;
11:19:28;8796;49,99;
11:19:31;8832;50,00;
11:19:34;8828;50,00;
11:19:37;8800;49,99;
11:19:40;8880;50,00;
11:19:43;8844;50,00;
11:19:46;8820;50,00;
11:19:49;8824;50,00;
11:19:52;8836;50,00;
11:20:01;8792;50,00;
11:20:04;8780;50,00;
11:20:07;8808;50,00;
11:20:10;8824;50,00;
11:20:13;8828;50,00;
11:20:16;8824;50,00;
11:20:19;8804;50,00;
11:20:22;8812;50,00;
11:20:25;8876;49,99;
11:20:28;8880;50,00;
11:20:37;8864;50,00;
11:20:40;8884;50,00;
11:20:43;8872;50,00;
11:20:46;8824;49,99;
11:20:49;8760;49,99;
11:20:52;8792;49,99;
11:20:55;8820;49,99;
11:20:58;8844;49,98;
11:21:01;8840;49,98;
11:21:07;8864;49,98;
11:21:10;8856;49,98;
11:21:13;8776;49,99;
11:21:16;8808;49,98;
11:21:19;8852;49,98;
11:21:22;8864;49,98;
11:21:25;8868;49,98;
11:21:28;8840;49,98;
11:21:31;8848;49,98;
11:21:34;8864;49,98;
11:21:37;8864;49,97;
11:21:40;8904;49,98;
11:21:43;8912;49,98;
11:21:46;8920;49,98;
11:21:52;8904;49,98;
11:21:58;8884;50,00;
11:22:01;8872;50,00;
11:22:04;8880;50,00;
11:22:07;8892;50,00;
11:22:10;8904;50,00;
11:22:13;8932;49,99;
11:22:16;8968;49,99;
11:22:19;8956;49,99;
11:22:22;8928;49,98;
11:22:25;8956;49,98;
11:22:28;8964;49,98;
11:22:31;8964;49,97;
11:22:34;8948;49,97;
11:22:37;8940;49,97;
11:22:40;8904;49,98;
11:22:43;8908;49,99;
11:22:46;8932;49,99;
11:22:49;8936;49,99;
11:22:52;8856;49,99;
11:22:58;8876;49,98;
11:23:01;8900;49,98;
11:23:04;8916;49,98;
11:23:07;8880;49,98;
11:23:10;8888;49,98;
11:23:13;8896;49,99;
11:23:16;8912;49,98;
11:23:19;8924;49,98;
11:23:22;8960;49,98;
11:23:25;8968;49,98;
11:23:28;8960;49,98;
11:23:31;8964;49,98;
11:23:34;8952;49,98;
11:23:37;8948;49,98;
11:23:40;8936;49,98;
11:23:43;8952;49,98;
11:23:46;8948;49,98;
11:23:49;8956;49,98;
11:23:52;8928;50,00;
11:23:55;8952;50,00;
11:23:58;8936;50,01;
11:24:04;8868;50,01;
11:24:07;8904;50,01;
11:24:10;8900;50,00;
11:24:13;8912;50,00;
11:24:16;8912;49,99;
11:24:19;8944;49,99;
11:24:22;8948;49,99;
11:24:25;8952;49,99;
11:24:28;8944;49,99;
11:24:31;8968;49,98;
11:24:34;8952;49,99;
11:24:37;8964;49,98;
11:24:40;8932;49,99;
11:24:43;8956;49,99;
11:24:49;8944;49,99;
11:24:52;8860;49,99;
11:24:55;8948;49,99;
11:24:58;8896;49,99;
11:25:01;8928;49,98;
11:25:04;8916;49,98;
11:25:10;8904;49,97;
11:25:13;8952;49,97;
11:25:16;8944;49,97;
11:25:19;8968;49,97;
11:25:22;8964;49,98;
11:25:25;8968;49,98;
11:25:31;8948;49,98;
11:25:34;8960;49,98;
11:25:40;8952;49,98;
11:25:43;8940;49,98;
11:25:46;8968;49,98;
11:25:49;8964;49,98;
11:25:52;8976;49,98;
11:25:55;8952;49,98;
11:25:58;8980;49,98;
11:26:01;8968;49,98;
11:26:04;8972;49,98;
11:26:07;8944;49,98;
11:26:10;8972;49,98;
11:26:16;8984;49,98;
11:26:19;8956;49,98;
11:26:22;8984;49,98;
11:26:25;8976;49,98;
11:26:28;8984;49,98;
11:26:31;8952;49,98;
11:26:34;8980;49,98;
11:26:37;8976;49,98;
11:26:40;8972;49,97;
11:26:43;8932;49,98;
11:26:46;8976;49,98;
11:26:52;8984;49,98;
11:26:55;8956;49,98;
11:27:01;8972;49,99;
11:27:04;8936;50,00;
11:27:07;8960;50,00;
11:27:10;8992;50,00;
11:27:13;8988;50,00;
11:27:16;9000;50,00;
11:27:22;8976;50,00;
11:27:25;9004;50,00;
11:27:28;9008;50,00;
11:27:31;8976;49,99;
11:27:34;9000;49,99;
11:27:40;9012;49,99;
11:27:46;9000;49,99;
11:27:49;8996;49,99;
11:27:52;9008;49,99;
11:27:55;8996;49,98;
11:27:58;9020;49,99;
11:28:01;9004;49,98;
11:28:07;8980;49,99;
11:28:10;9008;50,00;
11:28:13;9012;50,00;
11:28:16;9024;50,01;
11:28:19;8992;50,01;
11:28:22;9020;50,01;
11:28:25;9020;50,00;
11:28:28;9012;50,00;
11:28:31;9012;50,01;
11:28:34;9024;50,00;
11:28:37;9028;50,00;
11:28:40;9032;50,00;
11:28:43;9028;50,01;
11:28:46;9016;50,01;
11:28:49;9032;50,01;
11:28:52;9028;50,00;
11:28:55;9040;50,00;
11:28:58;9016;50,00;
11:29:01;9040;50,00;
11:29:04;9020;50,00;
11:29:07;9036;50,00;
11:29:13;9028;50,00;
11:29:16;9020;50,00;
11:29:19;9044;50,00;
11:29:22;9024;50,00;
11:29:25;9044;50,00;
11:29:31;9052;50,00;
11:29:34;9056;50,00;
11:29:37;9064;50,00;
11:29:40;9056;50,00;
11:29:43;9076;50,00;
11:29:46;9056;50,00;
11:29:49;9092;50,00;
11:29:52;9080;50,01;
11:29:55;9096;50,01;
11:29:58;9072;50,01;
11:30:01;9064;50,01;
11:30:04;9048;50,01;
11:30:07;9048;50,00;
11:30:10;9024;50,00;
11:30:13;9052;50,00;
11:30:22;9028;50,00;
11:30:25;9044;50,00;
11:30:28;9040;49,99;
11:30:31;9048;49,99;
11:30:34;9036;49,99;
11:30:37;9052;49,99;
11:30:40;9072;49,99;
11:30:46;9068;49,99;
11:30:49;9076;49,98;
11:30:52;9080;49,98;
11:30:55;9076;49,98;
11:30:58;9084;49,98;
11:31:04;9076;49,98;
11:31:07;9060;49,98;
11:31:10;9068;49,98;
11:31:13;9052;49,98;
11:31:16;9088;49,98;
11:31:19;9080;49,98;
11:31:22;9088;49,98;
11:31:25;9060;49,98;
11:31:28;9092;49,97;
11:31:31;9096;49,97;
11:31:34;9060;49,97;
11:31:37;9068;49,97;
11:31:40;9076;49,98;
11:31:43;9064;49,98;
11:31:46;9060;49,98;
11:31:49;9036;49,99;
11:31:52;9060;49,99;
11:31:55;9064;49,99;
11:31:58;9096;49,99;
11:32:01;9076;49,99;
11:32:04;9068;49,99;
11:32:10;9076;50,00;
11:32:13;9020;50,00;
11:32:16;9048;49,99;
11:32:19;9056;49,99;
11:32:22;9036;49,98;
11:32:25;9016;49,97;
11:32:28;9056;49,97;
11:32:34;9068;49,98;
11:32:37;9028;49,98;
11:32:40;9056;49,98;
11:32:43;9044;49,98;
11:32:46;9032;49,98;
11:32:49;8992;49,98;
11:32:52;9012;49,98;
11:32:55;8960;49,98;
11:32:58;8900;49,97;
11:33:01;8896;49,97;
11:33:04;8972;49,97;
11:33:07;8960;49,96;
11:33:10;8996;49,97;
11:33:16;9032;49,97;
11:33:19;9036;49,97;
11:33:22;9060;49,97;
11:33:25;9048;49,97;
11:33:28;9088;49,97;
11:33:34;9096;49,97;
11:33:37;9096;49,98;
11:33:40;9112;49,98;
11:33:43;9116;49,98;
11:33:46;9128;49,99;
11:33:49;9124;49,99;
11:33:52;9136;49,99;
11:33:55;9140;49,99;
11:34:01;9156;49,99;
11:34:04;9144;49,98;
11:34:07;9124;49,98;
11:34:10;8924;49,98;
11:34:13;8680;49,98;
11:34:16;8876;49,98;
11:34:22;8912;49,98;
11:34:25;8872;49,98;
11:34:28;8820;49,98;
11:34:31;8900;49,98;
11:34:34;9072;49,98;
11:34:37;9112;49,99;
11:34:40;9100;49,99;
11:34:43;9116;49,98;
11:34:46;9168;49,98;
11:34:49;9176;49,98;
11:34:52;9176;49,97;
11:34:55;9164;49,98;
11:34:58;9148;49,97;
11:35:01;9152;49,97;
11:35:04;9144;49,97;
11:35:07;9176;49,98;
11:35:10;9172;49,98;
11:35:13;9168;49,98;
11:35:16;9168;49,99;
11:35:22;9152;49,99;
11:35:25;9164;49,99;
11:35:31;9160;50,00;
11:35:34;9152;49,99;
11:35:37;9164;50,00;
11:35:40;9156;50,00;
11:35:43;9172;49,99;
11:35:46;9168;49,99;
11:35:49;9172;49,99;
11:35:55;9176;49,98;
11:36:01;9180;49,98;
11:36:07;9180;49,99;
11:36:13;9188;49,99;
11:36:16;9164;49,99;
11:36:19;9188;49,99;
11:36:22;9176;49,99;
11:36:25;9188;49,99;
11:36:28;9160;49,99;
11:36:31;9184;49,99;
11:36:34;9188;49,98;
11:36:37;9184;49,98;
11:36:40;9172;49,97;
11:36:43;9184;49,97;
11:36:46;9180;49,97;
11:36:49;9184;49,98;
11:36:52;9176;49,98;
11:36:55;9164;49,98;
11:36:58;9184;49,98;
11:37:01;9188;49,98;
11:37:07;9192;49,98;
11:37:10;9188;49,98;
11:37:19;9184;49,98;
11:37:22;9188;49,98;
11:37:31;9192;49,99;
11:37:34;9188;49,98;
11:37:37;9172;49,98;
11:37:40;9184;49,98;
11:37:49;9188;49,98;
11:37:52;9188;49,97;
11:37:55;9188;49,98;
11:38:01;9168;49,98;
11:38:04;9180;49,98;
11:38:07;9176;49,98;
11:38:13;9176;49,97;
11:38:16;9172;49,97;
11:38:19;9172;49,98;
11:38:25;9168;49,98;
11:38:31;9168;49,97;
11:38:34;9168;49,96;
11:38:37;9164;49,96;
11:38:43;9152;49,97;
11:38:46;9156;49,97;
11:38:49;9160;49,98;
11:38:52;9168;49,98;
11:38:55;9148;49,99;
11:38:58;9168;49,99;
11:39:01;9156;49,99;
11:39:04;9172;49,99;
11:39:07;9176;49,99;
11:39:13;9160;49,98;
11:39:16;9176;49,98;
11:39:19;9156;49,98;
11:39:22;9184;49,98;
11:39:25;9152;49,97;
11:39:34;9164;49,97;
11:39:37;9148;49,97;
11:39:40;9160;49,97;
11:39:43;9148;49,97;
11:39:46;9168;49,97;
11:39:52;9152;49,97;
11:39:55;9144;49,97;
11:39:58;9164;49,97;
11:40:04;9160;49,97;
11:40:07;9164;49,98;
11:40:10;9168;49,99;
11:40:16;9164;49,99;
11:40:19;9160;50,00;
11:40:22;9164;49,99;
11:40:25;9168;50,00;
11:40:28;9152;49,99;
11:40:31;9172;49,99;
11:40:34;9152;49,99;
11:40:37;9176;49,98;
11:40:40;9184;50,00;
11:40:43;9180;49,99;
11:40:46;9180;50,00;
11:40:49;9188;49,99;
11:40:52;9184;49,99;
11:40:55;9192;49,99;
11:40:58;9172;49,99;
11:41:01;9196;49,99;
11:41:04;9204;49,99;
11:41:07;9204;49,98;
11:41:13;9212;49,98;
11:41:16;9216;49,98;
11:41:22;9220;49,98;
11:41:25;9224;49,98;
11:41:31;9228;49,98;
11:41:34;9224;49,98;
11:41:37;9216;49,98;
11:41:40;9212;49,97;
11:41:43;9228;49,97;
11:41:49;9236;49,97;
11:41:52;9232;49,97;
11:41:55;9236;49,98;
11:41:58;9224;49,98;
11:42:01;9244;49,98;
11:42:04;9248;49,98;
11:42:07;9224;49,98;
11:42:10;9204;49,97;
11:42:13;9220;49,97;
11:42:16;9200;49,97;
11:42:19;9220;49,97;
11:42:22;9212;49,97;
11:42:28;9224;49,97;
11:42:31;9240;49,96;
11:42:34;9228;49,96;
11:42:37;9248;49,96;
11:42:40;9232;49,96;
11:42:43;9248;49,96;
11:42:46;9252;49,96;
11:42:49;9228;49,96;
11:42:52;9228;49,97;
11:42:55;9248;49,97;
11:42:58;9224;49,97;
11:43:01;9236;49,98;
11:43:04;9232;49,98;
11:43:07;9248;49,98;
11:43:10;9248;49,97;
11:43:16;9232;49,96;
11:43:19;9244;49,96;
11:43:22;9220;49,96;
11:43:25;9236;49,96;
11:43:28;9228;49,96;
11:43:34;9216;49,96;
11:43:37;9240;49,96;
11:43:40;9220;49,96;
11:43:43;9232;49,97;
11:43:46;9220;49,97;
11:43:49;9212;49,98;
11:43:52;9232;49,98;
11:43:55;9228;49,98;
11:43:58;9224;49,98;
11:44:01;9216;49,98;
11:44:04;9228;49,98;
11:44:07;9216;49,98;
11:44:10;9236;49,98;
11:44:13;9176;49,98;
11:44:16;9244;49,97;
11:44:19;9228;49,96;
11:44:22;9244;49,96;
11:44:25;9228;49,96;
11:44:28;9244;49,96;
11:44:31;9240;49,96;
11:44:34;9252;49,96;
11:44:37;9256;49,96;
11:44:40;9236;49,96;
11:44:43;9256;49,96;
11:44:46;9268;49,96;
11:44:49;9244;49,97;
11:44:52;9268;49,97;
11:44:55;9260;49,97;
11:44:58;9272;49,97;
11:45:04;9272;49,96;
11:45:07;9260;49,96;
11:45:10;9272;49,96;
11:45:13;9244;49,96;
11:45:16;9268;49,96;
11:45:19;9256;49,96;
11:45:25;9244;49,96;
11:45:28;9272;49,96;
11:45:31;9264;49,96;
11:45:34;9272;49,96;
11:45:37;9252;49,97;
11:45:40;9276;49,97;
11:45:43;9272;49,97;
11:45:46;9268;49,97;
11:45:49;9252;49,98;
11:45:52;9228;49,98;
11:45:55;9260;49,98;
11:45:58;9276;49,97;
11:46:01;9260;49,98;
11:46:04;9272;49,97;
11:46:07;9276;49,97;
11:46:10;9280;49,97;
11:46:13;9256;49,97;
11:46:16;9284;49,98;
11:46:19;9272;49,97;
11:46:22;9280;49,97;
11:46:25;9256;49,97;
11:46:31;9272;49,96;
11:46:34;9284;49,96;
11:46:37;9264;49,96;
11:46:40;9288;49,97;
11:46:46;9296;49,97;
11:46:49;9296;49,98;
11:46:52;9280;49,98;
11:46:55;9296;49,98;
11:46:58;9300;49,98;
11:47:01;9296;49,98;
11:47:04;9292;49,97;
11:47:07;9308;49,96;
11:47:10;9304;49,96;
11:47:13;9312;49,96;
11:47:16;9292;49,96;
11:47:19;9320;49,96;
11:47:22;9304;49,96;
11:47:25;9316;49,97;
11:47:28;9296;49,97;
11:47:31;9324;49,97;
11:47:37;9328;49,96;
11:47:40;9304;49,96;
11:47:43;9332;49,96;
11:47:46;9324;49,96;
11:47:49;9340;49,96;
11:47:52;9324;49,96;
11:47:55;9348;49,97;
11:48:01;9360;49,97;
11:48:04;9336;49,97;
11:48:07;9360;49,97;
11:48:10;9352;49,97;
11:48:13;9368;49,97;
11:48:16;9352;49,97;
11:48:19;9384;49,97;
11:48:22;9376;49,97;
11:48:25;9392;49,97;
11:48:28;9372;49,96;
11:48:31;9408;49,96;
11:48:34;9396;49,96;
11:48:37;9416;49,96;
11:48:46;9408;49,96;
11:48:49;9416;49,96;
11:48:52;9400;49,96;
11:48:55;9416;49,97;
11:48:58;9412;49,98;
11:49:01;9416;49,98;
11:49:04;9420;49,98;
11:49:07;9396;49,98;
11:49:10;9408;49,97;
11:49:13;9400;49,97;
11:49:16;9400;49,96;
11:49:19;9372;49,96;
11:49:22;9396;49,96;
11:49:28;9388;49,98;
11:49:31;9364;49,98;
11:49:34;9388;49,98;
11:49:37;9380;49,98;
11:49:40;9384;49,98;
11:49:43;9356;49,98;
11:49:46;9384;49,98;
11:49:49;9388;49,98;
11:49:52;9380;49,97;
11:49:55;9348;49,97;
11:49:58;9368;49,96;
11:50:01;9360;49,96;
11:50:04;9364;49,96;
11:50:07;9344;49,96;
11:50:10;9368;49,96;
11:50:13;9356;49,96;
11:50:16;9368;49,97;
11:50:19;9344;49,96;
11:50:22;9372;49,97;
11:50:25;9356;49,97;
11:50:28;9364;49,96;
11:50:37;9352;49,97;
11:50:40;9364;49,97;
11:50:43;9340;49,97;
11:50:46;9368;49,97;
11:50:49;9364;49,97;
11:50:52;9372;49,97;
11:50:55;9368;49,97;
11:50:58;9368;49,96;
11:51:01;9360;49,96;
11:51:04;9364;49,96;
11:51:07;9340;49,97;
11:51:10;9360;49,97;
11:51:13;9352;49,97;
11:51:16;9360;49,97;
11:51:19;9332;49,97;
11:51:22;9356;49,97;
11:51:25;9352;49,96;
11:51:31;9324;49,96;
11:51:34;9344;49,96;
11:51:40;9344;49,97;
11:51:43;9320;49,97;
11:51:46;9344;49,97;
11:51:49;9340;49,97;
11:51:52;9344;49,97;
11:51:55;9324;49,97;
11:51:58;9336;49,97;
11:52:01;9344;49,97;
11:52:04;9340;49,97;
11:52:07;9336;49,97;
11:52:10;9340;49,97;
11:52:13;9344;49,97;
11:52:22;9324;49,97;
11:52:25;9352;49,96;
11:52:28;9356;49,96;
11:52:31;9360;49,96;
11:52:37;9364;49,96;
11:52:40;9368;49,97;
11:52:46;9368;49,98;
11:52:55;9372;49,97;
11:53:04;9364;49,97;
11:53:07;9372;49,98;
11:53:10;9372;49,97;
11:53:13;9368;49,97;
11:53:16;9364;49,97;
11:53:19;9368;49,97;
11:53:22;9368;49,96;
11:53:25;9364;49,96;
11:53:28;9356;49,96;
11:53:31;9364;49,97;
11:53:34;9348;49,97;
11:53:37;9368;49,98;
11:53:40;9360;49,98;
11:53:43;9368;49,98;
11:53:46;9340;49,98;
11:53:49;9368;49,98;
11:53:52;9364;49,98;
11:53:55;9312;49,97;
11:53:58;9344;49,97;
11:54:01;9368;49,97;
11:54:04;9376;49,98;
11:54:07;9380;49,98;
11:54:10;9376;49,98;
11:54:13;9364;49,97;
11:54:16;9384;49,98;
11:54:22;9380;49,99;
11:54:25;9384;49,98;
11:54:28;9376;49,98;
11:54:31;9380;49,98;
11:54:40;9388;49,99;
11:54:43;9396;49,99;
11:54:49;9400;49,99;
11:54:55;9396;49,99;
11:54:58;9400;49,98;
11:55:01;9404;49,99;
11:55:07;9404;50,00;
11:55:10;9412;50,00;
11:55:13;9412;50,01;
11:55:16;9416;50,01;
11:55:19;9408;50,01;
11:55:25;9400;50,00;
11:55:28;9396;50,00;
11:55:37;9392;50,00;
11:55:43;9388;50,00;
11:55:49;9384;50,00;
11:55:52;9388;50,00;
11:55:55;9392;49,99;
11:55:58;9396;50,00;
11:56:01;9368;50,00;
11:56:04;9392;50,00;
11:56:07;9396;50,00;
11:56:16;9396;49,99;
11:56:19;9400;49,99;
11:56:22;9396;49,98;
11:56:25;9364;49,98;
11:56:28;9396;49,98;
11:56:31;9396;49,99;
11:56:34;9392;49,99;
11:56:37;9400;50,00;
11:56:43;9396;50,00;
11:56:49;9396;49,99;
11:56:52;9400;49,99;
11:56:55;9404;49,99;
11:56:58;9400;49,99;
11:57:01;9392;49,99;
11:57:04;9400;50,00;
11:57:13;9388;50,00;
11:57:16;9408;50,00;
11:57:19;9404;50,00;
11:57:22;9412;50,01;
11:57:25;9388;50,00;
11:57:28;9416;50,00;
11:57:31;9416;49,99;
11:57:34;9416;49,98;
11:57:37;9392;49,98;
11:57:40;9420;49,98;
11:57:43;9408;49,98;
11:57:46;9416;49,98;
11:57:49;9396;49,99;
11:57:55;9412;50,00;
11:57:58;9420;50,00;
11:58:01;9396;49,99;
11:58:04;9412;49,99;
11:58:07;9384;49,99;
11:58:10;9424;49,98;
11:58:16;9404;49,98;
11:58:19;9424;49,98;
11:58:22;9420;49,98;
11:58:25;9428;49,98;
11:58:28;9432;49,98;
11:58:34;9432;49,99;
11:58:40;9440;49,99;
11:58:46;9444;49,99;
11:58:49;9448;49,98;
11:58:55;9460;49,98;
11:58:58;9460;49,99;
11:59:01;9464;49,99;
11:59:04;9460;49,99;
11:59:07;9468;49,99;
11:59:10;9464;49,99;
11:59:13;9476;49,99;
11:59:16;9456;49,99;
11:59:19;9476;49,99;
11:59:25;9480;49,98;
11:59:28;9452;49,98;
11:59:31;9480;49,98;
11:59:34;9472;49,98;
11:59:37;9480;49,97;
11:59:40;9456;49,98;
11:59:46;9468;49,99;
11:59:49;9480;49,99;
11:59:52;9456;50,00;
11:59:55;9480;50,00;
11:59:58;9476;50,00;
12:00:01;9488;50,00;
12:00:07;9468;50,00;
12:00:10;9464;49,98;
12:00:13;9480;49,98;
12:00:16;9472;49,98;
12:00:19;9484;49,99;
12:00:25;9492;49,99;
12:00:28;9488;49,99;
12:00:31;9492;50,00;
12:00:34;9484;50,00;
12:00:37;9492;50,00;
12:00:40;9472;50,00;
12:00:43;9496;50,00;
12:00:46;9484;50,00;
12:00:52;9468;50,00;
12:00:55;9492;50,00;
12:00:58;9476;50,00;
12:01:01;9488;50,00;
12:01:04;9468;49,99;
12:01:07;9492;49,99;
12:01:13;9484;49,99;
12:01:16;9468;49,99;
12:01:19;9492;49,99;
12:01:22;9476;49,99;
12:01:25;9484;49,99;
12:01:28;9464;49,99;
12:01:31;9488;49,99;
12:01:34;9488;49,98;
12:01:40;9464;49,98;
12:01:43;9480;49,98;
12:01:46;9464;49,98;
12:01:49;9488;49,98;
12:01:52;9480;49,98;
12:01:58;9488;49,97;
12:02:01;9500;49,96;
12:02:04;9484;49,96;
12:02:07;9492;49,97;
12:02:10;9500;49,97;
12:02:16;9508;49,97;
12:02:19;9504;49,97;
12:02:22;9520;49,97;
12:02:25;9508;49,97;
12:02:28;9520;49,97;
12:02:31;9496;49,98;
12:02:34;9516;49,98;
12:02:37;9512;49,98;
12:02:43;9492;49,98;
12:02:46;9516;49,98;
12:02:49;9504;49,98;
12:02:52;9516;49,98;
12:02:55;9496;49,98;
12:02:58;9524;49,98;
12:03:01;9528;49,98;
12:03:04;9516;49,98;
12:03:07;9500;49,97;
12:03:10;9520;49,97;
12:03:13;9508;49,98;
12:03:16;9516;49,98;
12:03:19;9496;49,98;
12:03:22;9516;49,98;
12:03:25;9520;49,98;
12:03:28;9516;49,98;
12:03:31;9496;49,98;
12:03:34;9512;49,97;
12:03:37;9504;49,98;
12:03:40;9516;49,98;
12:03:43;9496;49,98;
12:03:49;9508;49,98;
12:03:52;9520;49,98;
12:03:55;9504;49,98;
12:03:58;9524;49,98;
12:04:01;9512;49,97;
12:04:04;9524;49,97;
12:04:07;9520;49,97;
12:04:10;9508;49,97;
12:04:13;9516;49,97;
12:04:16;9520;49,96;
12:04:22;9504;49,96;
12:04:25;9520;49,96;
12:04:28;9508;49,96;
12:04:31;9520;49,97;
12:04:34;9496;49,97;
12:04:37;9516;49,97;
12:04:40;9496;49,96;
12:04:43;9508;49,96;
12:04:46;9484;49,96;
12:04:49;9508;49,96;
12:04:55;9516;49,97;
12:04:58;9488;49,97;
12:05:01;9508;49,97;
12:05:04;9512;49,97;
12:05:07;9508;49,97;
12:05:10;9516;49,98;
12:05:13;9532;49,98;
12:05:16;9524;49,98;
12:05:19;9528;49,98;
12:05:22;9516;49,98;
12:05:25;9532;49,98;
12:05:28;9520;49,98;
12:05:31;9528;49,98;
12:05:34;9512;49,98;
12:05:37;9532;49,99;
12:05:40;9520;49,99;
12:05:43;9528;49,99;
12:05:46;9508;49,99;
12:05:49;9536;49,98;
12:05:52;9524;49,99;
12:05:55;9544;49,98;
12:06:01;9544;49,99;
12:06:04;9536;49,98;
12:06:07;9540;49,98;
12:06:10;9520;49,97;
12:06:13;9544;49,97;
12:06:16;9528;49,97;
12:06:19;9544;49,97;
12:06:22;9540;49,97;
12:06:25;9544;49,97;
12:06:28;9532;49,97;
12:06:31;9540;49,97;
12:06:34;9512;49,98;
12:06:37;9544;49,98;
12:06:40;9532;49,98;
12:06:43;9540;49,98;
12:06:46;9516;49,98;
12:06:49;9540;49,99;
12:06:52;9532;49,99;
12:06:55;9544;49,99;
12:06:58;9520;49,99;
12:07:01;9540;49,99;
12:07:07;9544;50,00;
12:07:10;9528;49,99;
12:07:13;9552;49,99;
12:07:16;9548;50,00;
12:07:22;9548;50,01;
12:07:25;9540;50,01;
12:07:28;9552;50,00;
12:07:31;9540;50,00;
12:07:34;9544;50,00;
12:07:37;9520;50,00;
12:07:40;9544;50,00;
12:07:43;9532;50,00;
12:07:46;9540;49,99;
12:07:52;9552;49,99;
12:07:55;9548;49,99;
12:07:58;9568;50,00;
12:08:01;9552;50,00;
12:08:04;9580;50,00;
12:08:07;9568;50,00;
12:08:10;9580;50,00;
12:08:16;9584;50,00;
12:08:19;9576;49,99;
12:08:22;9584;49,99;
12:08:25;9556;49,99;
12:08:28;9584;49,99;
12:08:31;9576;49,98;
12:08:34;9588;49,98;
12:08:37;9564;49,98;
12:08:40;9596;49,98;
12:08:43;9588;49,98;
12:08:46;9604;49,99;
12:08:49;9580;49,99;
12:08:52;9612;49,99;
12:08:58;9616;49,99;
12:09:01;9596;49,99;
12:09:04;9620;49,99;
12:09:07;9612;49,99;
12:09:10;9628;49,99;
12:09:13;9620;49,99;
12:09:16;9624;49,99;
12:09:22;9620;49,99;
12:09:25;9608;49,99;
12:09:28;9616;49,98;
12:09:31;9616;49,99;
12:09:34;9620;49,99;
12:09:40;9592;49,99;
12:09:43;9604;49,98;
12:09:46;9608;49,98;
12:09:49;9580;49,98;
12:09:52;9604;49,98;
12:09:55;9592;49,99;
12:09:58;9596;49,98;
12:10:04;9584;49,99;
12:10:07;9572;49,98;
12:10:10;9580;49,99;
12:10:13;9564;49,98;
12:10:16;9580;49,99;
12:10:19;9572;49,98;
12:10:25;9576;49,98;
12:10:28;9576;49,99;
12:10:34;9580;49,99;
12:10:40;9584;49,99;
12:10:43;9588;49,99;
12:10:46;9572;49,99;
12:10:49;9596;49,99;
12:10:52;9600;49,99;
12:10:55;9604;49,99;
12:10:58;9612;49,99;
12:11:04;9628;49,99;
12:11:10;9640;50,00;
12:11:16;9644;50,00;
12:11:19;9648;50,00;
12:11:22;9644;50,00;
12:11:25;9640;50,00;
12:11:28;9620;49,99;
12:11:31;9648;49,99;
12:11:34;9656;49,99;
12:11:40;9660;49,98;
12:11:43;9664;49,99;
12:11:46;9644;49,99;
12:11:49;9652;49,98;
12:11:58;9640;49,99;
12:12:01;9652;49,99;
12:12:04;9624;49,99;
12:12:07;9644;49,99;
12:12:10;9636;50,00;
12:12:13;9648;50,00;
12:12:19;9656;50,00;
12:12:22;9652;50,00;
12:12:25;9668;50,00;
12:12:28;9660;50,00;
12:12:31;9668;49,99;
12:12:34;9672;50,00;
12:12:37;9668;50,00;
12:12:40;9676;50,00;
12:12:43;9692;50,01;
12:12:49;9680;50,01;
12:12:52;9676;50,01;
12:12:55;9684;50,01;
12:13:01;9684;50,00;
12:13:04;9684;49,99;
12:13:07;9692;49,99;
12:13:13;9696;49,99;
12:13:19;9676;49,99;
12:13:22;9696;50,00;
12:13:25;9696;49,99;
12:13:28;9700;49,99;
12:13:34;9696;49,99;
12:13:40;9696;50,00;
12:13:43;9680;50,00;
12:13:46;9708;50,00;
12:13:49;9724;50,01;
12:13:52;9728;50,01;
12:13:55;9736;50,01;
12:13:58;9740;50,01;
12:14:01;9748;50,01;
12:14:07;9740;50,01;
12:14:10;9736;50,01;
12:14:13;9728;50,01;
12:14:16;9732;50,01;
12:14:19;9712;50,01;
12:14:22;9708;50,01;
12:14:25;9696;50,01;
12:14:28;9700;50,01;
12:14:31;9704;50,01;
12:14:34;9700;50,01;
12:14:37;9712;50,00;
12:14:40;9696;50,01;
12:14:43;9616;50,01;
12:14:46;9600;50,01;
12:14:49;9604;50,01;
12:14:52;9672;50,01;
12:14:55;9696;50,01;
12:14:58;9612;50,01;
12:15:01;9560;50,01;
12:15:04;9616;50,01;
12:15:07;9668;50,00;
12:15:13;9684;50,00;
12:15:16;9696;50,00;
12:15:19;9700;50,00;
12:15:22;9692;49,99;
12:15:25;9712;49,98;
12:15:28;9724;49,98;
12:15:31;9672;49,98;
12:15:34;9620;49,98;
12:15:37;9692;49,97;
12:15:40;9708;49,97;
12:15:43;9680;49,98;
12:15:46;9724;49,98;
12:15:49;9712;49,98;
12:15:55;9732;49,97;
12:15:58;9756;49,98;
12:16:04;9708;49,98;
12:16:07;9596;49,97;
12:16:10;9668;49,97;
12:16:13;9660;49,96;
12:16:19;9668;49,97;
12:16:22;9448;49,97;
12:16:25;9528;49,97;
12:16:28;9592;49,97;
12:16:31;9612;49,97;
12:16:34;9624;49,97;
12:16:37;9632;49,97;
12:16:40;9612;49,97;
12:16:43;9608;49,97;
12:16:46;9588;49,97;
12:16:49;9596;49,97;
12:16:52;9620;49,97;
12:16:55;9616;49,97;
12:16:58;9604;49,98;
12:17:04;9552;49,98;
12:17:07;9568;49,98;
12:17:10;9572;49,98;
12:17:13;9504;49,98;
12:17:19;9524;49,98;
12:17:22;9476;49,98;
12:17:25;9464;49,98;
12:17:28;9484;49,97;
12:17:31;9528;49,97;
12:17:34;9480;49,96;
12:17:37;9500;49,96;
12:17:40;9396;49,96;
12:17:43;9400;49,96;
12:17:46;9404;49,96;
12:17:49;9512;49,96;
12:17:52;9432;49,97;
12:17:55;9400;49,97;
12:17:58;9392;49,97;
12:18:01;9452;49,97;
12:18:04;9244;49,97;
12:18:10;9320;49,96;
12:18:13;9356;49,96;
12:18:16;9212;49,97;
12:18:19;9104;49,97;
12:18:22;9124;49,98;
12:18:25;9080;49,97;
12:18:28;9068;49,97;
12:18:31;9064;49,97;
12:18:34;9188;49,98;
12:18:37;9216;49,98;
12:18:40;9072;49,99;
12:18:43;8968;49,99;
12:18:46;8664;49,99;
12:18:49;8640;49,99;
12:18:52;8532;49,99;
12:18:55;8512;50,00;
12:18:58;8728;49,99;
12:19:01;8932;49,99;
12:19:04;8988;49,98;
12:19:07;9028;49,98;
12:19:10;8964;49,99;
12:19:16;8956;49,99;
12:19:19;8716;49,99;
12:19:22;8604;49,99;
12:19:25;8552;50,00;
12:19:28;8264;50,00;
12:19:31;8224;50,00;
12:19:34;8150;50,00;
12:19:37;7972;50,00;
12:19:40;7742;50,00;
12:19:43;7768;50,01;
12:19:46;7974;50,01;
12:19:49;8084;50,00;
12:19:52;7966;50,00;
12:19:55;7932;50,00;
12:19:58;8052;50,00;
12:20:01;8172;49,99;
12:20:04;8240;49,99;
12:20:07;8320;49,99;
12:20:10;8412;49,99;
12:20:13;8444;49,98;
12:20:16;8448;49,98;
12:20:22;8712;49,99;
12:20:25;8812;50,00;
12:20:28;8808;50,00;
12:20:31;8788;50,00;
12:20:34;8652;49,99;
12:20:37;8620;49,99;
12:20:40;8684;49,99;
12:20:43;8644;49,99;
12:20:46;8716;49,98;
12:20:49;8756;49,98;
12:20:52;8732;49,98;
12:20:55;8568;49,98;
12:20:58;8516;49,98;
12:21:01;8452;49,97;
12:21:07;8276;49,97;
12:21:10;8352;49,97;
12:21:13;8600;49,98;
12:21:16;8740;49,97;
12:21:19;8828;49,98;
12:21:22;8908;49,98;
12:21:25;8900;49,98;
12:21:28;8800;49,98;
12:21:31;8484;49,98;
12:21:34;8348;49,98;
12:21:37;8130;49,98;
12:21:40;8396;49,98;
12:21:43;8640;49,98;
12:21:46;8556;49,99;
12:21:49;8348;49,99;
12:21:52;8400;49,99;
12:21:55;8984;50,00;
12:21:58;9064;49,99;
12:22:01;9128;49,99;
12:22:04;9256;49,98;
12:22:07;9392;49,98;
12:22:13;9248;49,97;
12:22:16;9320;49,97;
12:22:19;9376;49,97;
12:22:22;9428;49,97;
12:22:25;9364;49,97;
12:22:28;9360;49,97;
12:22:31;9376;49,97;
12:22:34;9364;49,98;
12:22:37;9396;49,98;
12:22:40;9408;49,98;
12:22:43;9380;49,98;
12:22:46;9336;49,98;
12:22:49;9320;49,98;
12:22:52;9332;49,98;
12:22:55;9400;49,98;
12:22:58;9364;49,98;
12:23:01;9428;49,99;
12:23:04;9360;49,99;
12:23:07;9424;49,99;
12:23:10;9464;49,99;
12:23:13;9480;49,98;
12:23:19;9420;49,98;
12:23:22;9356;49,99;
12:23:25;9364;49,99;
12:23:28;9368;49,99;
12:23:31;9396;49,98;
12:23:34;9504;49,98;
12:23:37;9468;49,98;
12:23:40;9416;49,98;
12:23:43;9084;49,98;
12:23:46;8804;49,98;
12:23:49;8692;49,98;
12:23:52;8644;49,98;
12:23:55;8936;49,98;
12:23:58;8988;49,98;
12:24:01;9044;49,98;
12:24:04;9016;49,98;
12:24:07;8964;49,98;
12:24:10;8980;49,98;
12:24:13;9076;49,98;
12:24:16;9104;49,98;
12:24:19;9216;49,98;
12:24:25;9076;49,98;
12:24:28;9028;49,98;
12:24:31;9020;49,98;
12:24:34;9072;49,98;
12:24:37;9240;49,98;
12:24:40;9244;49,98;
12:24:43;9296;49,98;
12:24:46;9316;49,98;
12:24:49;9228;50,00;
12:24:52;9264;50,00;
12:24:55;9276;50,00;
12:24:58;9244;50,00;
12:25:01;9256;50,00;
12:25:04;9164;50,00;
12:25:07;9144;50,00;
12:25:10;9096;50,00;
12:25:13;9032;50,00;
12:25:16;9060;50,00;
12:25:19;9212;50,00;
12:25:22;9364;49,99;
12:25:25;9380;49,99;
12:25:28;9332;49,99;
12:25:31;9276;49,98;
12:25:34;9388;49,98;
12:25:37;9492;49,99;
12:25:40;9604;49,99;
12:25:43;9616;50,00;
12:25:46;9640;50,00;
12:25:49;9636;50,00;
12:25:52;9668;50,00;
12:25:55;9632;50,00;
12:25:58;9632;49,99;
12:26:01;9576;49,99;
12:26:04;9552;49,99;
12:26:07;9480;49,99;
12:26:10;9476;49,98;
12:26:16;9108;49,98;
12:26:19;9124;49,98;
12:26:22;9732;49,98;
12:26:25;9776;49,98;
12:26:28;9772;49,98;
12:26:31;9728;49,98;
12:26:34;9772;49,98;
12:26:37;9776;49,98;
12:26:40;9780;49,97;
12:26:43;9752;49,97;
12:26:46;9772;49,97;
12:26:49;9744;49,97;
12:26:52;9728;49,98;
12:26:55;9724;49,98;
12:26:58;9764;49,98;
12:27:01;9776;49,99;
12:27:04;9800;50,00;
12:27:07;9776;50,00;
12:27:13;9756;50,00;
12:27:16;9760;49,99;
12:27:22;9748;49,98;
12:27:25;9740;49,98;
12:27:28;9768;49,98;
12:27:31;9756;49,98;
12:27:34;9760;49,98;
12:27:37;9732;49,98;
12:27:40;9736;49,98;
12:27:43;9748;49,98;
12:27:46;9768;49,99;
12:27:49;9780;50,00;
12:27:52;9784;50,00;
12:27:58;9784;50,01;
12:28:04;9772;50,01;
12:28:07;9740;50,01;
12:28:10;9768;50,01;
12:28:19;9736;50,01;
12:28:22;9768;50,01;
12:28:31;9748;50,00;
12:28:34;9768;50,00;
12:28:37;9764;50,01;
12:28:43;9748;50,01;
12:28:46;9728;50,01;
12:28:49;9756;50,01;
12:28:52;9752;50,00;
12:28:55;9744;50,00;
12:29:04;9736;50,00;
12:29:07;9740;50,00;
12:29:10;9708;50,01;
12:29:13;9736;50,00;
12:29:16;9728;50,00;
12:29:19;9724;50,00;
12:29:22;9724;49,99;
12:29:25;9720;49,99;
12:29:34;9712;50,00;
12:29:49;9708;50,00;
12:29:55;9712;50,00;
12:29:58;9680;50,00;
12:30:01;9704;50,00;
12:30:04;9696;50,00;
12:30:07;9704;50,00;
12:30:10;9676;50,00;
12:30:13;9704;49,99;
12:30:19;9712;49,98;
12:30:22;9680;49,97;
12:30:25;9708;49,96;
12:30:28;9700;49,96;
12:30:31;9712;49,96;
12:30:34;9692;49,97;
12:30:37;9696;49,98;
12:30:40;9704;49,98;
12:30:43;9712;49,98;
12:30:46;9704;49,98;
12:30:49;9712;49,97;
12:30:55;9716;49,97;
12:30:58;9732;49,98;
12:31:01;9692;49,98;
12:31:04;9716;49,98;
12:31:07;9720;49,97;
12:31:10;9724;49,97;
12:31:13;9732;49,97;
12:31:25;9732;49,98;
12:31:28;9736;49,98;
12:31:31;9736;49,99;
12:31:37;9736;49,98;
12:31:43;9728;49,98;
12:31:46;9736;49,97;
12:31:49;9740;49,96;
12:31:52;9740;49,97;
12:32:01;9740;49,98;
12:32:07;9736;49,98;
12:32:10;9744;49,97;
12:32:13;9740;49,98;
12:32:16;9740;49,97;
12:32:19;9736;49,97;
12:32:25;9740;49,97;
12:32:31;9748;49,97;
12:32:34;9744;49,97;
12:32:37;9748;49,97;
12:32:40;9752;49,96;
12:32:43;9756;49,97;
12:32:46;9764;49,97;
12:32:49;9736;49,97;
12:32:52;9768;49,97;
12:33:01;9764;49,96;
12:33:04;9760;49,97;
12:33:10;9756;49,97;
12:33:13;9732;49,97;
12:33:16;9760;49,96;
12:33:19;9764;49,96;
12:33:22;9760;49,96;
12:33:25;9756;49,96;
12:33:28;9752;49,96;
12:33:31;9744;49,96;
12:33:37;9732;49,97;
12:33:43;9728;49,97;
12:33:46;9732;49,97;
12:33:49;9712;49,96;
12:33:52;9728;49,96;
12:33:55;9724;49,96;
12:34:01;9708;49,96;
12:34:04;9732;49,96;
12:34:07;9720;49,96;
12:34:10;9732;49,96;
12:34:13;9716;49,96;
12:34:16;9744;49,96;
12:34:19;9740;49,96;
12:34:22;9736;49,96;
12:34:28;9732;49,96;
12:34:34;9736;49,97;
12:34:37;9732;49,97;
12:34:40;9708;49,97;
12:34:43;9732;49,97;
12:34:55;9728;49,98;
12:34:58;9724;49,98;
12:35:01;9728;49,97;
12:35:04;9708;49,97;
12:35:07;9732;49,97;
12:35:13;9728;49,98;
12:35:16;9732;49,97;
12:35:19;9736;49,97;
12:35:22;9732;49,97;
12:35:31;9732;49,96;
12:35:34;9736;49,96;
12:35:37;9732;49,96;
12:35:40;9724;49,96;
12:35:43;9728;49,96;
12:35:46;9716;49,96;
12:35:52;9708;49,97;
12:35:55;9728;49,97;
12:35:58;9720;49,96;
12:36:01;9732;49,96;
12:36:04;9712;49,96;
12:36:07;9736;49,96;
12:36:10;9744;49,96;
12:36:13;9748;49,96;
12:36:16;9732;49,96;
12:36:19;9760;49,97;
12:36:22;9756;49,96;
12:36:25;9768;49,97;
12:36:28;9752;49,96;
12:36:34;9772;49,96;
12:36:37;9784;49,96;
12:36:40;9760;49,96;
12:36:43;9780;49,97;
12:36:46;9776;49,96;
12:36:49;9788;49,96;
12:36:52;9792;49,96;
12:36:55;9764;49,96;
12:36:58;9784;49,97;
12:37:01;9792;49,97;
12:37:04;9764;49,98;
12:37:07;9796;49,98;
12:37:10;9792;49,98;
12:37:13;9800;49,98;
12:37:16;9804;49,98;
12:37:19;9808;49,99;
12:37:22;9800;49,99;
12:37:25;9808;49,99;
12:37:28;9772;49,98;
12:37:31;9804;49,98;
12:37:40;9784;49,99;
12:37:43;9808;49,99;
12:37:46;9800;49,99;
12:37:49;9808;49,99;
12:37:52;9780;49,99;
12:37:55;9820;49,98;
12:38:04;9804;49,98;
12:38:07;9828;49,98;
12:38:10;9832;49,98;
12:38:13;9840;49,98;
12:38:16;9796;49,98;
12:38:19;9832;49,98;
12:38:22;9828;49,98;
12:38:25;9832;49,98;
12:38:28;9812;49,98;
12:38:31;9840;49,98;
12:38:34;9844;49,97;
12:38:40;9820;49,97;
12:38:46;9844;49,96;
12:38:49;9840;49,96;
12:38:52;9828;49,97;
12:38:55;9816;49,97;
12:38:58;9836;49,97;
12:39:01;9840;49,97;
12:39:04;9836;49,98;
12:39:10;9828;49,98;
12:39:13;9832;49,97;
12:39:16;9836;49,97;
12:39:19;9804;49,97;
12:39:22;9836;49,97;
12:39:25;9828;49,97;
12:39:31;9800;49,98;
12:39:34;9836;49,99;
12:39:37;9840;50,00;
12:39:40;9856;50,00;
12:39:43;9836;50,00;
12:39:46;9868;50,00;
12:39:49;9876;50,00;
12:39:55;9848;49,99;
12:39:58;9880;49,99;
12:40:01;9884;49,99;
12:40:07;9860;49,99;
12:40:10;9888;49,99;
12:40:13;9888;49,98;
12:40:16;9896;49,98;
12:40:19;9864;49,97;
12:40:22;9896;49,97;
12:40:25;9892;49,97;
12:40:28;9904;49,98;
12:40:31;9884;49,98;
12:40:37;9904;49,98;
12:40:40;9908;49,98;
12:40:43;9896;49,99;
12:40:46;9908;49,99;
12:40:49;9916;50,00;
12:40:52;9912;50,00;
12:40:55;9920;50,00;
12:40:58;9908;50,00;
12:41:01;9920;50,00;
12:41:04;9916;50,01;
12:41:07;9908;50,00;
12:41:10;9880;50,00;
12:41:13;9904;50,00;
12:41:16;9892;50,00;
12:41:19;9900;50,00;
12:41:22;9868;49,99;
12:41:25;9896;49,98;
12:41:28;9888;49,98;
12:41:31;9896;49,98;
12:41:34;9864;49,98;
12:41:37;9892;49,98;
12:41:43;9888;49,98;
12:41:46;9864;49,99;
12:41:49;9884;49,99;
12:41:52;9880;49,99;
12:41:58;9852;49,99;
12:42:01;9876;49,99;
12:42:07;9864;49,99;
12:42:10;9836;49,99;
12:42:13;9864;49,99;
12:42:16;9856;49,99;
12:42:19;9864;50,00;
12:42:22;9832;49,99;
12:42:25;9860;49,99;
12:42:28;9848;49,98;
12:42:31;9856;49,98;
12:42:34;9824;49,97;
12:42:37;9852;49,97;
12:42:40;9848;49,98;
12:42:43;9860;49,98;
12:42:49;9860;49,99;
12:42:52;9852;50,00;
12:42:55;9856;50,00;
12:42:58;9816;50,00;
12:43:01;9856;50,00;
12:43:07;9844;50,00;
12:43:10;9852;49,99;
12:43:13;9852;49,98;
12:43:16;9840;49,98;
12:43:19;9852;49,99;
12:43:22;9824;49,98;
12:43:25;9852;49,98;
12:43:28;9844;49,99;
12:43:34;9816;49,98;
12:43:37;9836;49,98;
12:43:40;9832;49,98;
12:43:43;9836;49,98;
12:43:46;9816;49,98;
12:43:49;9824;49,98;
12:43:52;9828;49,98;
12:43:55;9824;49,98;
12:43:58;9812;49,98;
12:44:01;9796;49,98;
12:44:04;9820;49,98;
12:44:07;9812;49,98;
12:44:10;9816;49,98;
12:44:13;9784;49,98;
12:44:16;9816;49,98;
12:44:19;9808;49,99;
12:44:22;9816;49,99;
12:44:25;9792;49,99;
12:44:28;9820;49,99;
12:44:31;9812;49,99;
12:44:34;9820;49,98;
12:44:40;9828;49,98;
12:44:43;9824;49,98;
12:44:46;9832;49,98;
12:44:49;9808;49,98;
12:44:52;9836;49,99;
12:44:55;9832;49,99;
12:44:58;9844;49,99;
12:45:01;9848;50,00;
12:45:04;9844;49,99;
12:45:07;9840;49,99;
12:45:10;9848;49,99;
12:45:13;9816;50,00;
12:45:16;9860;50,00;
12:45:22;9864;50,00;
12:45:25;9848;50,00;
12:45:28;9876;49,99;
12:45:31;9868;49,99;
12:45:34;9872;49,98;
12:45:37;9836;49,98;
12:45:40;9868;49,98;
12:45:46;9864;49,98;
12:45:49;9844;49,98;
12:45:52;9868;49,98;
12:45:58;9868;49,97;
12:46:01;9864;49,97;
12:46:04;9844;49,97;
12:46:07;9856;49,97;
12:46:10;9856;49,98;
12:46:16;9816;49,98;
12:46:19;9788;49,98;
12:46:22;9672;49,98;
12:46:25;9628;49,98;
12:46:28;9608;49,98;
12:46:31;9552;49,98;
12:46:34;9452;49,99;
12:46:37;9408;49,99;
12:46:40;9488;49,99;
12:46:43;9436;50,00;
12:46:46;9508;50,00;
12:46:52;9300;50,00;
12:46:55;9420;50,00;
12:46:58;9536;49,99;
12:47:01;9528;50,00;
12:47:04;9540;49,99;
12:47:07;9588;49,99;
12:47:10;9668;50,00;
12:47:13;9680;50,00;
12:47:16;9728;50,00;
12:47:19;9736;50,00;
12:47:22;9740;49,99;
12:47:25;9752;49,99;
12:47:28;9824;49,98;
12:47:31;9832;49,98;
12:47:37;9864;49,98;
12:47:40;9904;49,98;
12:47:43;9876;49,98;
12:47:46;9868;49,98;
12:47:49;9856;49,98;
12:47:52;9884;49,98;
12:47:58;9888;49,98;
12:48:01;9880;49,98;
12:48:04;9852;49,98;
12:48:07;9848;49,98;
12:48:10;9840;49,98;
12:48:13;9852;49,99;
12:48:16;9812;49,99;
12:48:19;9844;49,99;
12:48:22;9848;49,99;
12:48:25;9824;49,98;
12:48:28;9776;49,98;
12:48:31;9828;49,98;
12:48:34;9836;49,98;
12:48:37;9840;49,98;
12:48:43;9852;49,98;
12:48:52;9828;49,98;
12:48:55;9868;49,99;
12:48:58;9860;49,99;
12:49:01;9864;49,99;
12:49:04;9876;50,00;
12:49:07;9896;49,99;
12:49:10;9908;49,99;
12:49:13;9924;49,99;
12:49:16;9928;50,00;
12:49:19;9940;50,00;
12:49:22;9948;50,00;
12:49:25;9944;50,00;
12:49:28;9956;50,00;
12:49:31;9952;50,00;
12:49:34;9952;49,99;
12:49:37;9968;49,99;
12:49:40;9972;50,00;
12:49:43;9972;49,99;
12:49:49;9968;49,99;
12:49:52;9964;49,99;
12:49:55;9960;50,00;
12:50:04;9956;50,00;
12:50:07;9924;50,00;
12:50:10;9952;49,99;
12:50:13;9948;49,99;
12:50:16;9944;49,99;
12:50:19;9936;49,99;
12:50:25;9928;49,98;
12:50:28;9924;49,98;
12:50:31;9892;49,98;
12:50:34;9916;49,99;
12:50:37;9924;49,99;
12:50:43;9912;49,99;
12:50:49;9908;50,00;
12:50:55;9880;50,00;
12:50:58;9876;50,00;
12:51:01;9868;50,00;
12:51:04;9864;50,00;
12:51:07;9840;50,00;
12:51:10;9860;50,00;
12:51:13;9864;50,00;
12:51:16;9860;50,00;
12:51:19;9860;49,99;
12:51:22;9856;50,00;
12:51:25;9852;50,00;
12:51:28;9844;50,00;
12:51:31;9836;50,00;
12:51:34;9832;50,00;
12:51:37;9820;50,00;
12:51:40;9832;50,00;
12:51:43;9824;50,00;
12:51:46;9820;50,00;
12:51:49;9816;50,00;
12:51:52;9812;50,00;
12:51:55;9804;50,00;
12:52:01;9812;50,00;
12:52:04;9820;50,00;
12:52:07;9800;50,00;
12:52:10;9816;50,00;
12:52:13;9808;50,00;
12:52:16;9824;49,99;
12:52:19;9820;49,99;
12:52:22;9796;49,99;
12:52:25;9816;50,00;
12:52:28;9832;50,00;
12:52:34;9840;50,00;
12:52:40;9848;50,00;
12:52:46;9844;50,00;
12:52:49;9840;50,00;
12:52:52;9836;50,00;
12:52:58;9828;50,00;
12:53:01;9840;50,00;
12:53:04;9824;50,00;
12:53:07;9840;50,00;
12:53:10;9844;50,01;
12:53:22;9840;50,01;
12:53:25;9844;50,00;
12:53:28;9824;50,00;
12:53:31;9844;49,98;
12:53:37;9848;49,98;
12:53:40;9844;49,98;
12:53:46;9844;49,99;
12:53:52;9844;50,00;
12:53:58;9836;50,00;
12:54:01;9840;50,00;
12:54:04;9832;50,00;
12:54:07;9844;50,00;
12:54:10;9840;50,00;
12:54:13;9832;50,00;
12:54:16;9788;50,00;
12:54:19;9816;50,00;
12:54:22;9768;50,01;
12:54:25;9756;50,00;
12:54:28;9620;50,00;
12:54:31;9552;50,00;
12:54:34;9572;50,00;
12:54:37;9576;50,00;
12:54:40;9556;50,00;
12:54:43;9644;50,00;
12:54:46;9700;50,00;
12:54:49;9624;50,01;
12:54:52;9632;50,01;
12:54:58;9520;50,01;
12:55:01;9636;50,01;
12:55:04;9668;50,01;
12:55:07;9652;50,00;
12:55:10;9660;50,00;
12:55:16;9648;50,00;
12:55:19;9612;50,00;
12:55:22;9584;50,00;
12:55:25;9608;50,01;
12:55:28;9588;50,00;
12:55:31;9596;50,00;
12:55:34;9544;50,00;
12:55:37;9556;50,00;
12:55:40;9540;50,01;
12:55:43;9588;50,00;
12:55:46;9540;50,01;
12:55:49;9528;50,00;
12:55:52;9564;50,00;
12:55:55;9604;50,00;
12:56:04;9628;50,00;
12:56:07;9640;49,99;
12:56:10;9632;49,99;
12:56:13;9648;49,99;
12:56:16;9588;49,99;
12:56:19;9600;49,99;
12:56:22;9596;49,99;
12:56:25;9580;49,99;
12:56:31;9608;49,99;
12:56:34;9600;50,00;
12:56:37;9624;50,00;
12:56:40;9604;50,00;
12:56:43;9628;50,00;
12:56:46;9632;50,00;
12:56:49;9636;50,00;
12:56:52;9584;50,00;
12:56:55;9612;50,00;
12:56:58;9608;50,00;
12:57:04;9632;50,00;
12:57:07;9624;50,00;
12:57:10;9616;49,99;
12:57:13;9596;49,98;
12:57:16;9592;49,98;
12:57:19;9568;49,99;
12:57:22;9600;49,99;
12:57:25;9608;49,99;
12:57:28;9620;50,00;
12:57:31;9632;50,00;
12:57:34;9656;49,99;
12:57:37;9640;49,99;
12:57:40;9656;49,99;
12:57:43;9652;49,99;
12:57:46;9676;49,98;
12:57:49;9652;49,98;
12:57:55;9660;49,98;
12:57:58;9692;49,98;
12:58:01;9680;49,98;
12:58:04;9700;49,98;
12:58:10;9724;49,98;
12:58:13;9732;49,98;
12:58:16;9716;49,98;
12:58:19;9736;49,98;
12:58:22;9760;49,98;
12:58:25;9748;49,98;
12:58:28;9772;49,98;
12:58:31;9764;49,98;
12:58:34;9788;49,98;
12:58:37;9780;49,98;
12:58:40;9784;49,98;
12:58:43;9768;49,98;
12:58:46;9788;49,98;
12:58:49;9772;49,98;
12:58:52;9792;49,98;
12:58:55;9756;49,98;
12:59:01;9764;49,98;
12:59:07;9760;49,98;
12:59:13;9772;49,98;
12:59:16;9764;49,98;
12:59:19;9772;49,98;
12:59:22;9768;49,98;
12:59:25;9780;49,98;
12:59:31;9792;49,97;
12:59:34;9772;49,97;
12:59:37;9800;49,97;
12:59:40;9788;49,97;
12:59:43;9804;49,97;
12:59:46;9768;49,97;
12:59:49;9800;49,97;
12:59:52;9788;49,98;
12:59:55;9800;49,97;
12:59:58;9784;49,97;
13:00:01;9788;49,97;
13:00:07;9796;49,96;
13:00:13;9728;49,97;
13:00:16;9700;49,97;
13:00:19;9732;49,97;
13:00:25;9756;49,96;
13:00:28;9776;49,96;
13:00:31;9808;49,96;
13:00:37;9848;49,96;
13:00:40;9836;49,96;
13:00:43;9852;49,96;
13:00:46;9828;49,96;
13:00:49;9848;49,96;
13:00:52;9820;49,96;
13:00:55;9832;49,96;
13:00:58;9796;49,96;
13:01:01;9820;49,96;
13:01:07;9840;49,96;
13:01:13;9816;49,95;
13:01:16;9776;49,96;
13:01:19;9756;49,95;
13:01:22;9728;49,95;
13:01:25;9772;49,96;
13:01:28;9756;49,96;
13:01:31;9768;49,96;
13:01:34;9764;49,96;
13:01:37;9772;49,94;
13:01:40;9740;49,95;
13:01:43;9748;49,95;
13:01:46;9720;49,96;
13:01:49;9724;49,96;
13:01:52;9672;49,96;
13:01:58;9604;49,96;
13:02:01;9632;49,96;
13:02:04;9640;49,95;
13:02:07;9652;49,95;
13:02:10;9624;49,95;
13:02:13;9604;49,95;
13:02:16;9652;49,95;
13:02:19;9672;49,95;
13:02:22;9596;49,94;
13:02:25;9556;49,94;
13:02:28;9580;49,94;
13:02:31;9596;49,94;
13:02:34;9608;49,94;
13:02:37;9576;49,93;
13:02:40;9612;49,93;
13:02:43;9620;49,94;
13:02:46;9628;49,94;
13:02:49;9600;49,94;
13:02:52;9596;49,94;
13:02:55;9584;49,95;
13:02:58;9592;49,95;
13:03:04;9592;49,96;
13:03:07;9588;49,96;
13:03:10;9604;49,96;
13:03:13;9580;49,95;
13:03:16;9632;49,95;
13:03:19;9604;49,94;
13:03:22;9564;49,94;
13:03:25;9560;49,94;
13:03:28;9624;49,94;
13:03:31;9588;49,94;
13:03:34;9624;49,94;
13:03:37;9640;49,94;
13:03:40;9656;49,94;
13:03:43;9648;49,94;
13:03:49;9620;49,95;
13:03:52;9744;49,96;
13:03:55;9740;49,96;
13:03:58;9708;49,96;
13:04:01;9688;49,96;
13:04:04;9652;49,96;
13:04:10;9680;49,96;
13:04:16;9704;49,96;
13:04:19;9688;49,96;
13:04:22;9720;49,96;
13:04:25;9728;49,96;
13:04:28;9736;49,96;
13:04:31;9784;49,95;
13:04:34;9800;49,95;
13:04:37;9804;49,94;
13:04:43;9812;49,94;
13:04:46;9816;49,95;
13:04:49;9812;49,95;
13:04:52;9792;49,95;
13:04:55;9828;49,95;
13:04:58;9824;49,95;
13:05:01;9804;49,95;
13:05:04;9764;49,95;
13:05:07;9772;49,95;
13:05:10;9764;49,95;
13:05:16;9760;49,95;
13:05:19;9728;49,95;
13:05:22;9656;49,95;
13:05:25;9608;49,96;
13:05:28;9552;49,96;
13:05:31;9540;49,96;
13:05:34;9644;49,96;
13:05:37;9716;49,96;
13:05:40;9808;49,96;
13:05:43;9820;49,96;
13:05:46;9824;49,96;
13:05:49;9844;49,96;
13:05:52;9872;49,96;
13:05:55;9868;49,95;
13:05:58;9872;49,95;
13:06:01;9884;49,95;
13:06:04;9832;49,95;
13:06:07;9864;49,95;
13:06:10;9856;49,95;
13:06:13;9864;49,95;
13:06:16;9792;49,95;
13:06:19;9844;49,96;
13:06:22;9872;49,96;
13:06:25;9860;49,96;
13:06:28;9836;49,96;
13:06:31;9860;49,97;
13:06:34;9848;49,96;
13:06:37;9856;49,98;
13:06:40;9828;49,98;
13:06:43;9852;49,98;
13:06:46;9828;49,98;
13:06:49;9836;49,96;
13:06:52;9812;49,96;
13:06:55;9824;49,96;
13:06:58;9812;49,96;
13:07:01;9820;49,96;
13:07:07;9816;49,96;
13:07:10;9804;49,96;
13:07:13;9812;49,96;
13:07:16;9800;49,96;
13:07:19;9816;49,96;
13:07:28;9824;49,96;
13:07:31;9832;49,96;
13:07:34;9828;49,96;
13:07:37;9828;49,97;
13:07:40;9824;49,97;
13:07:46;9820;49,98;
13:07:49;9808;49,98;
13:07:52;9820;49,98;
13:07:55;9824;49,98;
13:08:01;9820;49,98;
13:08:04;9828;49,98;
13:08:16;9832;49,99;
13:08:19;9828;49,99;
13:08:22;9824;50,00;
13:08:25;9836;50,00;
13:08:28;9836;50,01;
13:08:31;9816;50,01;
13:08:34;9832;50,01;
13:08:37;9820;50,00;
13:08:40;9816;49,99;
13:08:43;9812;49,99;
13:08:52;9808;49,99;
13:08:55;9788;49,99;
13:08:58;9812;50,00;
13:09:07;9820;50,00;
13:09:10;9816;50,00;
13:09:19;9804;50,00;
13:09:22;9816;50,00;
13:09:25;9816;49,99;
13:09:28;9820;49,98;
13:09:31;9796;49,98;
13:09:34;9812;49,98;
13:09:37;9804;49,98;
13:09:40;9792;49,98;
13:09:43;9788;49,97;
13:09:46;9816;49,98;
13:09:49;9796;49,98;
13:09:52;9812;49,98;
13:09:55;9780;49,99;
13:09:58;9812;50,00;
13:10:01;9816;50,00;
13:10:04;9812;50,00;
13:10:07;9784;50,00;
13:10:10;9816;50,00;
13:10:13;9800;50,00;
13:10:16;9812;50,00;
13:10:19;9784;50,00;
13:10:25;9800;49,99;
13:10:28;9808;49,99;
13:10:31;9780;49,99;
13:10:34;9804;49,99;
13:10:37;9792;49,99;
13:10:40;9796;49,99;
13:10:43;9800;49,98;
13:10:46;9776;49,98;
13:10:49;9800;49,97;
13:10:52;9796;49,96;
13:10:58;9796;49,98;
13:11:01;9792;49,98;
13:11:10;9792;49,97;
13:11:16;9792;49,96;
13:11:19;9796;49,96;
13:11:28;9784;49,96;
13:11:31;9792;49,96;
13:11:34;9800;49,97;
13:11:46;9804;49,97;
13:11:49;9808;49,97;
13:11:52;9796;49,97;
13:11:55;9804;49,97;
13:11:58;9808;49,97;
13:12:04;9804;49,98;
13:12:07;9808;49,97;
13:12:10;9804;49,97;
13:12:16;9800;49,96;
13:12:19;9808;49,97;
13:12:22;9792;49,97;
13:12:25;9804;49,97;
13:12:28;9796;49,96;
13:12:31;9804;49,96;
13:12:34;9800;49,96;
13:12:37;9772;49,96;
13:12:40;9792;49,97;
13:12:43;9804;49,97;
13:12:46;9776;49,97;
13:12:49;9808;49,98;
13:12:52;9800;49,97;
13:12:55;9808;49,98;
13:13:01;9804;49,98;
13:13:04;9792;49,98;
13:13:07;9804;49,98;
13:13:10;9768;49,97;
13:13:13;9800;49,97;
13:13:16;9788;49,97;
13:13:22;9768;49,96;
13:13:25;9796;49,96;
13:13:28;9788;49,96;
13:13:31;9768;49,96;
13:13:34;9780;49,96;
13:13:37;9808;49,96;
13:13:40;9804;49,96;
13:13:43;9796;49,96;
13:13:46;9776;49,96;
13:13:49;9804;49,96;
13:13:52;9796;49,97;
13:13:55;9804;49,97;
13:13:58;9776;49,97;
13:14:01;9804;49,97;
13:14:07;9804;49,96;
13:14:10;9780;49,96;
13:14:13;9800;49,96;
13:14:16;9796;49,96;
13:14:19;9800;49,96;
13:14:22;9788;49,97;
13:14:28;9792;49,96;
13:14:31;9796;49,96;
13:14:34;9800;49,97;
13:14:37;9780;49,97;
13:14:40;9804;49,97;
13:14:43;9792;49,97;
13:14:46;9804;49,97;
13:14:52;9800;49,96;
13:14:55;9788;49,97;
13:14:58;9800;49,97;
13:15:01;9776;49,97;
13:15:04;9804;49,97;
13:15:07;9800;49,97;
13:15:13;9784;49,97;
13:15:16;9812;49,97;
13:15:19;9796;49,97;
13:15:22;9808;49,97;
13:15:25;9780;49,97;
13:15:28;9808;49,97;
13:15:34;9800;49,97;
13:15:37;9780;49,97;
13:15:40;9804;49,97;
13:15:43;9788;49,96;
13:15:46;9796;49,96;
13:15:49;9768;49,96;
13:15:52;9792;49,97;
13:15:58;9796;49,98;
13:16:01;9772;49,98;
13:16:04;9796;49,98;
13:16:07;9780;49,98;
13:16:10;9796;49,98;
13:16:13;9772;49,98;
13:16:19;9784;49,98;
13:16:22;9792;49,98;
13:16:25;9768;49,97;
13:16:28;9796;49,97;
13:16:31;9788;49,97;
13:16:34;9800;49,97;
13:16:37;9796;49,97;
13:16:40;9772;49,97;
13:16:43;9784;49,96;
13:16:46;9800;49,96;
13:16:49;9772;49,96;
13:16:52;9800;49,96;
13:16:55;9784;49,96;
13:16:58;9796;49,96;
13:17:01;9792;49,96;
13:17:04;9792;49,97;
13:17:07;9784;49,96;
13:17:10;9792;49,96;
13:17:13;9772;49,96;
13:17:16;9792;49,96;
13:17:19;9788;49,96;
13:17:25;9780;49,97;
13:17:31;9788;49,96;
13:17:34;9784;49,96;
13:17:37;9792;49,96;
13:17:40;9768;49,96;
13:17:43;9792;49,97;
13:17:49;9796;49,98;
13:17:52;9772;49,98;
13:17:55;9796;49,98;
13:17:58;9780;49,98;
13:18:01;9792;49,99;
13:18:04;9768;49,99;
13:18:07;9792;49,99;
13:18:10;9780;49,99;
13:18:13;9788;49,99;
13:18:16;9768;49,99;
13:18:19;9796;49,99;
13:18:22;9776;49,99;
13:18:25;9792;49,98;
13:18:31;9792;49,99;
13:18:34;9776;49,99;
13:18:37;9784;49,99;
13:18:40;9764;49,99;
13:18:43;9788;49,99;
13:18:46;9772;49,99;
13:18:49;9784;49,98;
13:18:52;9788;49,98;
13:18:58;9772;49,98;
13:19:01;9784;49,98;
13:19:04;9760;49,98;
13:19:07;9780;49,99;
13:19:10;9764;49,99;
13:19:13;9784;50,00;
13:19:16;9768;50,00;
13:19:19;9792;49,99;
13:19:22;9784;49,99;
13:19:25;9796;49,98;
13:19:28;9788;49,98;
13:19:31;9804;49,97;
13:19:37;9800;49,98;
13:19:43;9788;49,98;
13:19:46;9812;49,99;
13:19:49;9804;49,99;
13:19:52;9820;49,99;
13:19:55;9796;49,99;
13:19:58;9820;49,99;
13:20:01;9804;50,00;
13:20:04;9816;50,00;
13:20:07;9776;50,00;
13:20:10;9812;50,00;
13:20:13;9804;49,99;
13:20:16;9808;49,99;
13:20:22;9800;49,98;
13:20:25;9796;49,98;
13:20:28;9780;49,98;
13:20:31;9776;49,98;
13:20:34;9784;49,98;
13:20:37;9776;49,98;
13:20:40;9788;49,98;
13:20:46;9784;49,98;
13:20:49;9772;49,98;
13:20:52;9788;49,98;
13:20:55;9760;49,98;
13:20:58;9784;49,98;
13:21:01;9768;49,98;
13:21:04;9784;49,98;
13:21:07;9756;49,98;
13:21:10;9780;49,98;
13:21:13;9764;49,98;
13:21:16;9776;49,98;
13:21:19;9752;49,98;
13:21:22;9776;49,98;
13:21:31;9756;49,98;
13:21:34;9776;49,97;
13:21:37;9760;49,97;
13:21:40;9768;49,98;
13:21:43;9744;49,97;
13:21:46;9768;49,98;
13:21:52;9764;49,98;
13:21:55;9744;49,99;
13:21:58;9764;49,98;
13:22:01;9748;49,99;
13:22:04;9768;50,00;
13:22:07;9744;50,00;
13:22:10;9768;50,00;
13:22:13;9752;50,00;
13:22:16;9760;50,00;
13:22:19;9740;50,00;
13:22:22;9752;49,99;
13:22:25;9740;49,99;
13:22:28;9752;49,99;
13:22:34;9748;49,99;
13:22:37;9744;49,99;
13:22:40;9736;49,98;
13:22:43;9740;49,98;
13:22:46;9732;49,98;
13:22:52;9712;49,98;
13:22:55;9728;49,98;
13:23:01;9732;49,99;
13:23:07;9736;49,99;
13:23:16;9720;49,98;
13:23:19;9740;49,99;
13:23:22;9740;49,98;
13:23:25;9744;49,98;
13:23:31;9684;49,98;
13:23:34;9736;49,98;
13:23:40;9728;49,99;
13:23:43;9724;49,99;
13:23:46;9720;49,98;
13:23:49;9732;49,99;
13:23:52;9732;49,98;
13:23:58;9708;49,98;
13:24:01;9728;49,98;
13:24:04;9720;49,98;
13:24:10;9700;49,98;
13:24:13;9720;49,99;
13:24:16;9704;49,99;
13:24:19;9720;49,99;
13:24:28;9708;49,99;
13:24:31;9720;49,99;
13:24:34;9716;49,99;
13:24:37;9724;49,99;
13:24:40;9724;49,98;
13:24:43;9716;49,99;
13:24:46;9728;49,98;
13:24:49;9724;49,98;
13:24:55;9716;49,99;
13:24:58;9672;49,99;
13:25:01;9708;49,99;
13:25:04;9692;49,99;
13:25:07;9704;49,99;
13:25:10;9644;49,99;
13:25:13;9692;49,99;
13:25:16;9656;50,00;
13:25:19;9684;50,00;
13:25:22;9672;50,00;
13:25:25;9676;49,99;
13:25:31;9672;49,98;
13:25:34;9660;49,98;
13:25:37;9676;49,98;
13:25:40;9664;49,98;
13:25:43;9668;49,98;
13:25:49;9652;49,98;
13:25:52;9672;49,98;
13:25:55;9676;49,98;
13:26:01;9672;49,98;
13:26:07;9668;49,98;
13:26:13;9652;49,98;
13:26:16;9672;49,98;
13:26:19;9676;49,98;
13:26:22;9676;49,99;
13:26:40;9672;49,99;
13:26:43;9676;49,99;
13:26:46;9676;50,00;
13:26:49;9680;50,00;
13:26:52;9676;50,00;
13:26:55;9664;50,00;
13:26:58;9680;50,00;
13:27:01;9688;50,00;
13:27:04;9684;50,00;
13:27:13;9688;50,00;
13:27:19;9664;50,00;
13:27:22;9684;50,00;
13:27:25;9684;49,99;
13:27:28;9680;49,99;
13:27:31;9676;49,99;
13:27:34;9680;49,98;
13:27:37;9664;49,99;
13:27:43;9660;49,99;
13:27:46;9672;49,98;
13:27:49;9656;49,98;
13:27:52;9676;49,98;
13:27:55;9664;49,98;
13:27:58;9680;49,99;
13:28:01;9684;49,98;
13:28:04;9664;49,98;
13:28:07;9644;49,98;
13:28:10;9676;49,98;
13:28:13;9672;49,98;
13:28:16;9676;49,99;
13:28:19;9660;49,99;
13:28:22;9680;49,99;
13:28:25;9684;49,99;
13:28:31;9676;49,99;
13:28:34;9700;50,00;
13:28:37;9688;50,00;
13:28:40;9708;50,00;
13:28:43;9700;49,99;
13:28:49;9720;49,99;
13:28:52;9724;49,99;
13:28:58;9736;50,00;
13:29:07;9732;49,99;
13:29:10;9716;49,99;
13:29:13;9732;49,99;
13:29:16;9732;49,98;
13:29:22;9728;49,98;
13:29:28;9732;49,99;
13:29:34;9736;49,99;
13:29:37;9736;49,98;
13:29:40;9744;49,98;
13:29:46;9740;49,98;
13:29:52;9720;49,98;
13:29:55;9744;49,99;
13:29:58;9752;49,98;
13:30:04;9740;49,98;
13:30:07;9752;49,98;
13:30:10;9752;49,97;
13:30:13;9744;49,96;
13:30:16;9720;49,96;
13:30:19;9748;49,96;
13:30:22;9744;49,97;
13:30:28;9740;49,97;
13:30:31;9744;49,96;
13:30:34;9732;49,96;
13:30:40;9728;49,96;
13:30:43;9736;49,96;
13:30:46;9732;49,97;
13:30:49;9740;49,97;
13:30:52;9724;49,97;
13:30:55;9744;49,97;
13:30:58;9736;49,98;
13:31:01;9700;49,98;
13:31:04;9744;49,98;
13:31:10;9740;49,98;
13:31:13;9756;49,98;
13:31:16;9736;49,97;
13:31:19;9760;49,97;
13:31:22;9764;49,97;
13:31:25;9768;49,98;
13:31:28;9736;49,97;
13:31:31;9764;49,97;
13:31:34;9752;49,96;
13:31:37;9764;49,97;
13:31:40;9744;49,96;
13:31:46;9760;49,96;
13:31:49;9776;49,96;
13:31:52;9744;49,97;
13:31:55;9772;49,96;
13:31:58;9764;49,97;
13:32:01;9776;49,96;
13:32:07;9744;49,97;
13:32:10;9764;49,97;
13:32:13;9772;49,97;
13:32:16;9752;49,98;
13:32:19;9776;49,98;
13:32:22;9760;49,97;
13:32:25;9772;49,97;
13:32:28;9772;49,96;
13:32:31;9764;49,96;
13:32:34;9756;49,96;
13:32:37;9764;49,96;
13:32:40;9756;49,96;
13:32:46;9768;49,96;
13:32:52;9764;49,96;
13:32:55;9740;49,96;
13:32:58;9764;49,97;
13:33:01;9756;49,97;
13:33:04;9772;49,98;
13:33:07;9740;49,98;
13:33:10;9772;49,98;
13:33:16;9776;49,98;
13:33:19;9748;49,98;
13:33:22;9780;49,98;
13:33:25;9768;49,98;
13:33:28;9780;49,98;
13:33:31;9744;49,97;
13:33:37;9768;49,97;
13:33:40;9780;49,96;
13:33:43;9744;49,97;
13:33:46;9776;49,97;
13:33:49;9764;49,98;
13:33:52;9776;49,97;
13:33:55;9776;49,98;
13:33:58;9748;49,98;
13:34:01;9752;49,98;
13:34:04;9764;49,98;
13:34:07;9732;49,98;
13:34:10;9764;49,98;
13:34:13;9748;49,97;
13:34:16;9756;49,96;
13:34:22;9748;49,96;
13:34:25;9740;49,97;
13:34:28;9748;49,97;
13:34:31;9720;49,98;
13:34:34;9736;49,98;
13:34:37;9744;49,98;
13:34:43;9724;49,98;
13:34:46;9752;49,98;
13:34:49;9736;49,98;
13:34:52;9748;49,98;
13:34:55;9716;49,98;
13:34:58;9744;49,98;
13:35:04;9732;49,98;
13:35:07;9712;49,99;
13:35:10;9744;49,99;
13:35:13;9736;50,00;
13:35:16;9756;50,00;
13:35:19;9732;50,00;
13:35:22;9760;50,00;
13:35:28;9756;50,00;
13:35:31;9736;50,00;
13:35:34;9756;50,00;
13:35:37;9744;50,00;
13:35:40;9748;50,00;
13:35:43;9740;50,00;
13:35:49;9744;50,00;
13:35:52;9740;50,00;
13:35:55;9748;50,00;
13:35:58;9728;50,00;
13:36:01;9744;50,00;
13:36:04;9732;50,00;
13:36:07;9748;50,00;
13:36:13;9752;49,99;
13:36:16;9740;49,99;
13:36:19;9752;49,98;
13:36:22;9732;49,98;
13:36:25;9756;49,98;
13:36:28;9744;49,98;
13:36:31;9760;49,98;
13:36:34;9736;49,98;
13:36:37;9760;49,97;
13:36:40;9748;49,97;
13:36:43;9768;49,97;
13:36:46;9740;49,97;
13:36:49;9772;49,97;
13:36:55;9772;49,98;
13:36:58;9748;49,98;
13:37:01;9768;49,98;
13:37:04;9752;49,98;
13:37:07;9756;49,99;
13:37:10;9728;49,99;
13:37:13;9748;49,99;
13:37:16;9744;49,99;
13:37:19;9740;49,98;
13:37:22;9716;49,98;
13:37:25;9736;49,97;
13:37:28;9720;49,97;
13:37:31;9736;49,97;
13:37:34;9720;49,97;
13:37:37;9736;49,97;
13:37:40;9732;49,97;
13:37:43;9740;49,97;
13:37:46;9732;49,97;
13:37:49;9732;49,98;
13:37:52;9736;49,98;
13:37:55;9728;49,98;
13:37:58;9740;49,98;
13:38:04;9736;49,98;
13:38:07;9716;49,98;
13:38:10;9732;49,98;
13:38:13;9712;49,98;
13:38:16;9736;49,99;
13:38:19;9720;49,99;
13:38:22;9736;49,99;
13:38:25;9712;49,99;
13:38:28;9732;49,99;
13:38:31;9716;49,99;
13:38:34;9728;49,98;
13:38:37;9684;49,98;
13:38:40;9728;49,97;
13:38:49;9700;49,98;
13:38:52;9728;49,99;
13:38:55;9712;49,99;
13:38:58;9696;49,99;
13:39:01;9712;49,98;
13:39:04;9736;49,98;
13:39:07;9732;49,98;
13:39:10;9728;49,98;
13:39:13;9704;49,98;
13:39:16;9720;49,99;
13:39:19;9704;49,99;
13:39:22;9720;49,99;
13:39:25;9700;49,99;
13:39:28;9720;49,99;
13:39:31;9696;49,98;
13:39:34;9712;49,98;
13:39:37;9688;49,99;
13:39:40;9708;50,00;
13:39:43;9692;50,00;
13:39:46;9700;50,00;
13:39:52;9696;49,99;
13:39:55;9680;49,99;
13:39:58;9696;49,99;
13:40:01;9672;49,99;
13:40:04;9696;49,99;
13:40:07;9676;49,99;
13:40:10;9692;49,99;
13:40:13;9688;49,99;
13:40:16;9688;50,00;
13:40:19;9668;50,00;
13:40:22;9684;50,00;
13:40:25;9660;50,00;
13:40:28;9684;50,00;
13:40:31;9660;50,00;
13:40:34;9680;50,00;
13:40:37;9656;49,99;
13:40:40;9668;49,99;
13:40:43;9652;49,98;
13:40:46;9656;49,98;
13:40:49;9648;49,98;
13:40:52;9656;49,98;
13:40:58;9652;49,98;
13:41:01;9656;49,98;
13:41:04;9652;49,98;
13:41:10;9652;49,99;
13:41:16;9636;50,00;
13:41:19;9660;50,00;
13:41:22;9652;50,00;
13:41:28;9656;49,99;
13:41:34;9660;49,98;
13:41:37;9664;49,98;
13:41:40;9644;49,98;
13:41:43;9664;49,98;
13:41:46;9660;49,98;
13:41:49;9656;49,98;
13:41:52;9656;49,99;
13:41:55;9660;49,99;
13:41:58;9660;50,00;
13:42:04;9668;50,00;
13:42:10;9672;50,00;
13:42:16;9652;50,00;
13:42:19;9672;49,99;
13:42:22;9648;49,99;
13:42:25;9672;49,99;
13:42:28;9648;49,98;
13:42:31;9668;49,98;
13:42:34;9652;49,98;
13:42:37;9672;49,97;
13:42:40;9656;49,97;
13:42:43;9676;49,98;
13:42:52;9664;49,98;
13:42:55;9672;49,98;
13:42:58;9664;49,98;
13:43:04;9656;49,98;
13:43:07;9640;49,98;
13:43:10;9656;49,98;
13:43:13;9648;49,98;
13:43:19;9644;49,98;
13:43:22;9640;49,98;
13:43:25;9644;49,98;
13:43:28;9640;49,98;
13:43:31;9616;49,98;
13:43:34;9632;49,98;
13:43:40;9608;49,99;
13:43:43;9624;50,00;
13:43:46;9616;49,99;
13:43:49;9636;50,00;
13:43:58;9620;50,00;
13:44:07;9624;50,00;
13:44:13;9596;50,00;
13:44:16;9624;50,00;
13:44:19;9632;49,99;
13:44:22;9640;49,99;
13:44:25;9636;49,99;
13:44:31;9632;49,99;
13:44:37;9612;50,00;
13:44:40;9632;50,00;
13:44:46;9628;50,00;
13:44:49;9636;50,01;
13:44:55;9640;50,01;
13:45:01;9644;50,00;
13:45:07;9640;50,00;
13:45:10;9636;50,00;
13:45:16;9632;50,00;
13:45:19;9608;50,00;
13:45:22;9624;50,00;
13:45:28;9628;50,00;
13:45:37;9632;50,00;
13:45:43;9616;50,00;
13:45:46;9636;50,00;
13:45:49;9624;50,00;
13:45:52;9628;49,99;
13:45:55;9620;49,98;
13:45:58;9624;49,98;
13:46:01;9600;49,98;
13:46:07;9616;49,98;
13:46:10;9628;49,98;
13:46:13;9600;49,99;
13:46:16;9632;49,99;
13:46:19;9624;50,00;
13:46:22;9636;50,00;
13:46:25;9640;50,00;
13:46:28;9620;50,00;
13:46:31;9624;50,00;
13:46:34;9644;50,00;
13:46:37;9632;50,00;
13:46:40;9648;50,00;
13:46:43;9624;50,00;
13:46:46;9644;50,00;
13:46:52;9636;49,99;
13:46:55;9640;50,00;
13:46:58;9640;49,99;
13:47:04;9648;49,99;
13:47:07;9656;49,99;
13:47:10;9636;50,00;
13:47:13;9656;50,00;
13:47:16;9660;50,00;
13:47:19;9664;50,00;
13:47:22;9676;50,00;
13:47:25;9680;50,00;
13:47:28;9684;50,00;
13:47:34;9664;50,00;
13:47:37;9680;49,99;
13:47:40;9668;49,99;
13:47:46;9660;49,99;
13:47:49;9656;49,98;
13:47:52;9652;49,98;
13:47:58;9636;49,98;
13:48:01;9648;49,98;
13:48:04;9652;49,98;
13:48:07;9656;49,99;
13:48:16;9640;49,99;
13:48:19;9656;49,99;
13:48:25;9652;49,99;
13:48:28;9640;49,99;
13:48:31;9632;49,99;
13:48:34;9624;49,98;
13:48:37;9628;49,98;
13:48:40;9592;49,98;
13:48:43;9624;49,98;
13:48:46;9624;49,97;
13:48:52;9612;49,98;
13:48:55;9616;49,98;
13:48:58;9604;49,99;
13:49:04;9576;49,98;
13:49:07;9596;49,98;
13:49:10;9584;49,98;
13:49:13;9580;49,98;
13:49:16;9548;49,98;
13:49:19;9560;49,98;
13:49:22;9552;49,98;
13:49:25;9536;49,98;
13:49:28;9512;49,98;
13:49:31;9552;49,98;
13:49:34;9548;49,98;
13:49:37;9556;49,98;
13:49:40;9544;49,98;
13:49:43;9564;49,98;
13:49:46;9560;49,99;
13:49:52;9540;49,99;
13:49:55;9564;49,99;
13:49:58;9552;49,99;
13:50:01;9580;50,00;
13:50:04;9560;49,99;
13:50:10;9568;49,99;
13:50:13;9584;49,99;
13:50:16;9556;49,99;
13:50:19;9580;49,98;
13:50:22;9556;49,98;
13:50:25;9564;49,98;
13:50:28;9576;49,98;
13:50:31;9556;49,98;
13:50:34;9560;49,99;
13:50:37;9576;49,99;
13:50:40;9556;50,00;
13:50:43;9580;50,00;
13:50:46;9564;49,99;
13:50:49;9576;49,99;
13:50:52;9572;49,99;
13:50:55;9572;50,00;
13:50:58;9568;50,00;
13:51:04;9572;50,00;
13:51:07;9564;50,00;
13:51:10;9572;50,00;
13:51:19;9552;50,00;
13:51:22;9580;50,01;
13:51:25;9556;50,01;
13:51:28;9584;50,01;
13:51:31;9564;50,00;
13:51:34;9588;50,00;
13:51:40;9580;50,00;
13:51:43;9556;50,00;
13:51:46;9584;50,00;
13:51:49;9548;50,00;
13:51:52;9572;50,00;
13:51:55;9556;50,00;
13:52:04;9576;50,00;
13:52:07;9552;50,00;
13:52:10;9568;50,00;
13:52:13;9544;50,00;
13:52:16;9564;50,00;
13:52:19;9560;50,00;
13:52:22;9544;50,00;
13:52:25;9540;50,00;
13:52:28;9564;50,00;
13:52:31;9540;50,00;
13:52:34;9560;50,00;
13:52:37;9540;50,00;
13:52:40;9564;50,00;
13:52:46;9568;50,00;
13:52:49;9540;50,00;
13:52:52;9568;50,00;
13:52:58;9580;50,00;
13:53:01;9564;49,99;
13:53:07;9584;49,99;
13:53:10;9596;49,99;
13:53:13;9568;50,00;
13:53:16;9600;50,00;
13:53:19;9592;50,00;
13:53:22;9600;49,99;
13:53:25;9608;49,99;
13:53:28;9580;49,99;
13:53:31;9600;49,99;
13:53:34;9612;49,98;
13:53:37;9596;49,98;
13:53:40;9620;49,98;
13:53:43;9612;49,99;
13:53:46;9628;50,00;
13:53:49;9632;50,00;
13:53:55;9624;50,00;
13:53:58;9628;50,00;
13:54:01;9620;49,99;
13:54:07;9624;49,99;
13:54:13;9624;49,98;
13:54:16;9604;49,98;
13:54:19;9624;49,98;
13:54:22;9604;49,99;
13:54:25;9624;49,99;
13:54:28;9612;49,99;
13:54:31;9632;49,99;
13:54:37;9640;49,98;
13:54:40;9624;49,98;
13:54:43;9648;49,98;
13:54:46;9632;49,98;
13:54:49;9648;49,98;
13:54:52;9624;49,98;
13:54:55;9636;49,99;
13:54:58;9620;49,99;
13:55:01;9636;49,99;
13:55:04;9616;49,99;
13:55:07;9636;49,99;
13:55:10;9616;49,98;
13:55:13;9636;49,98;
13:55:19;9632;49,98;
13:55:22;9612;49,98;
13:55:25;9628;49,98;
13:55:28;9604;49,99;
13:55:31;9620;49,99;
13:55:34;9596;49,99;
13:55:37;9616;49,99;
13:55:40;9620;49,98;
13:55:43;9608;49,98;
13:55:46;9600;49,98;
13:55:49;9616;49,98;
13:55:52;9604;49,99;
13:55:55;9620;49,99;
13:55:58;9608;49,99;
13:56:07;9604;49,99;
13:56:10;9608;49,99;
13:56:13;9592;49,99;
13:56:16;9604;49,98;
13:56:19;9588;49,98;
13:56:22;9608;49,98;
13:56:25;9604;49,98;
13:56:28;9604;49,99;
13:56:31;9588;49,99;
13:56:34;9604;49,98;
13:56:37;9580;49,98;
13:56:40;9600;49,98;
13:56:43;9500;49,98;
13:56:46;9540;49,98;
13:56:49;9532;49,98;
13:56:52;9544;49,98;
13:56:58;9560;49,98;
13:57:01;9588;49,98;
13:57:04;9588;49,99;
13:57:13;9576;49,99;
13:57:16;9588;49,98;
13:57:19;9568;49,98;
13:57:22;9584;49,98;
13:57:25;9564;49,99;
13:57:28;9576;49,99;
13:57:37;9556;49,99;
13:57:40;9576;49,99;
13:57:43;9556;49,99;
13:57:46;9580;50,00;
13:57:49;9556;49,99;
13:57:52;9576;49,99;
13:57:55;9552;49,99;
13:57:58;9572;49,99;
13:58:01;9556;49,99;
13:58:04;9576;50,00;
13:58:07;9556;50,00;
13:58:10;9576;50,00;
13:58:19;9556;50,00;
13:58:22;9576;50,00;
13:58:25;9560;50,00;
13:58:28;9576;50,00;
13:58:31;9552;49,99;
13:58:34;9572;49,99;
13:58:37;9568;49,99;
13:58:40;9564;49,99;
13:58:43;9548;49,99;
13:58:46;9568;49,99;
13:58:49;9556;49,99;
13:58:52;9576;49,99;
13:58:55;9552;49,99;
13:58:58;9572;50,00;
13:59:01;9564;50,00;
13:59:04;9576;50,00;
13:59:07;9564;50,00;
13:59:10;9572;50,00;
13:59:13;9568;50,00;
13:59:16;9572;50,01;
13:59:22;9572;50,00;
13:59:25;9568;50,00;
13:59:28;9572;50,00;
13:59:31;9564;50,00;
13:59:34;9568;50,00;
13:59:40;9552;50,00;
13:59:43;9564;50,00;
13:59:55;9560;49,99;
13:59:58;9560;50,00;
14:00:01;9556;50,00;
14:00:04;9540;49,99;
14:00:07;9556;49,99;
14:00:10;9556;49,98;
14:00:13;9548;49,99;
14:00:19;9556;50,00;
14:00:22;9552;50,00;
14:00:31;9548;49,98;
14:00:34;9512;49,98;
14:00:37;9548;49,97;
14:00:40;9536;49,97;
14:00:43;9552;49,97;
14:00:46;9528;49,97;
14:00:49;9556;49,98;
14:00:52;9540;49,97;
14:00:55;9556;49,97;
14:00:58;9536;49,96;
14:01:01;9564;49,96;
14:01:04;9556;49,96;
14:01:07;9568;49,96;
14:01:13;9576;49,96;
14:01:19;9584;49,96;
14:01:25;9588;49,96;
14:01:31;9572;49,96;
14:01:34;9584;49,96;
14:01:37;9580;49,97;
14:01:40;9572;49,97;
14:01:43;9588;49,96;
14:01:46;9560;49,96;
14:01:49;9588;49,97;
14:01:52;9580;49,97;
14:01:55;9588;49,96;
14:01:58;9568;49,96;
14:02:01;9600;49,96;
14:02:04;9588;49,96;
14:02:10;9572;49,96;
14:02:13;9560;49,97;
14:02:19;9580;49,97;
14:02:22;9572;49,97;
14:02:31;9572;49,96;
14:02:34;9576;49,96;
14:02:37;9552;49,96;
14:02:40;9576;49,96;
14:02:43;9572;49,96;
14:02:52;9572;49,97;
14:02:55;9568;49,97;
14:03:01;9548;49,98;
14:03:04;9564;49,99;
14:03:07;9560;49,99;
14:03:10;9564;49,99;
14:03:19;9560;49,98;
14:03:25;9552;49,98;
14:03:28;9548;49,97;
14:03:31;9544;49,96;
14:03:37;9544;49,95;
14:03:40;9540;49,96;
14:03:43;9520;49,96;
14:03:46;9540;49,97;
14:03:49;9532;49,98;
14:03:55;9536;49,97;
14:03:58;9532;49,97;
14:04:01;9536;49,97;
14:04:07;9524;49,98;
14:04:10;9536;49,98;
14:04:13;9528;49,98;
14:04:16;9536;49,97;
14:04:19;9524;49,97;
14:04:22;9540;49,97;
14:04:25;9528;49,97;
14:04:31;9536;49,96;
14:04:34;9552;49,97;
14:04:37;9536;49,96;
14:04:40;9560;49,96;
14:04:43;9540;49,96;
14:04:46;9560;49,96;
14:04:49;9564;49,96;
14:04:52;9544;49,96;
14:04:55;9568;49,96;
14:05:04;9564;49,96;
14:05:10;9568;49,96;
14:05:19;9564;49,96;
14:05:22;9568;49,96;
14:05:28;9564;49,96;
14:05:31;9564;49,95;
14:05:34;9544;49,96;
14:05:37;9560;49,96;
14:05:40;9564;49,96;
14:05:43;9556;49,96;
14:05:46;9560;49,96;
14:05:49;9556;49,96;
14:05:52;9548;49,96;
14:05:55;9556;49,96;
14:05:58;9536;49,96;
14:06:01;9556;49,96;
14:06:07;9560;49,96;
14:06:10;9552;49,95;
14:06:13;9556;49,95;
14:06:16;9548;49,95;
14:06:22;9540;49,96;
14:06:25;9552;49,96;
14:06:28;9532;49,96;
14:06:31;9548;49,96;
14:06:34;9528;49,96;
14:06:37;9544;49,96;
14:06:43;9528;49,97;
14:06:46;9540;49,96;
14:06:49;9540;49,97;
14:06:55;9536;49,97;
14:06:58;9536;49,96;
14:07:04;9516;49,96;
14:07:07;9536;49,96;
14:07:10;9528;49,96;
14:07:13;9532;49,96;
14:07:16;9520;49,96;
14:07:19;9532;49,96;
14:07:22;9516;49,96;
14:07:28;9520;49,96;
14:07:31;9536;49,96;
14:07:34;9504;49,96;
14:07:37;9528;49,96;
14:07:40;9508;49,95;
14:07:43;9524;49,96;
14:07:49;9504;49,96;
14:07:52;9504;49,97;
14:07:55;9528;49,96;
14:07:58;9508;49,97;
14:08:01;9532;49,97;
14:08:04;9512;49,97;
14:08:07;9532;49,97;
14:08:13;9528;49,97;
14:08:16;9508;49,97;
14:08:19;9524;49,97;
14:08:22;9496;49,97;
14:08:25;9520;49,97;
14:08:28;9500;49,97;
14:08:34;9496;49,97;
14:08:37;9512;49,97;
14:08:40;9492;49,97;
14:08:43;9504;49,97;
14:08:46;9476;49,96;
14:08:49;9500;49,96;
14:08:52;9496;49,96;
14:08:55;9476;49,96;
14:08:58;9472;49,96;
14:09:01;9496;49,96;
14:09:04;9484;49,96;
14:09:07;9492;49,96;
14:09:10;9480;49,96;
14:09:13;9484;49,96;
14:09:16;9496;49,96;
14:09:19;9488;49,96;
14:09:22;9492;49,96;
14:09:25;9476;49,96;
14:09:28;9496;49,96;
14:09:31;9480;49,96;
14:09:34;9496;49,97;
14:09:37;9492;49,97;
14:09:40;9472;49,97;
14:09:43;9480;49,97;
14:09:46;9496;49,97;
14:09:49;9468;49,97;
14:09:52;9500;49,97;
14:09:55;9484;49,96;
14:09:58;9492;49,97;
14:10:01;9496;49,96;
14:10:04;9492;49,97;
14:10:07;9484;49,96;
14:10:10;9492;49,96;
14:10:13;9456;49,96;
14:10:16;9488;49,96;
14:10:19;9476;49,96;
14:10:25;9448;49,96;
14:10:28;9484;49,95;
14:10:31;9476;49,95;
14:10:34;9484;49,95;
14:10:37;9444;49,96;
14:10:40;9480;49,96;
14:10:46;9472;49,97;
14:10:49;9444;49,98;
14:10:52;9476;49,98;
14:10:55;9468;49,97;
14:10:58;9476;49,96;
14:11:01;9440;49,96;
14:11:04;9476;49,96;
14:11:10;9476;49,97;
14:11:13;9452;49,97;
14:11:16;9464;49,97;
14:11:19;9468;49,97;
14:11:25;9464;49,97;
14:11:31;9472;49,97;
14:11:34;9468;49,97;
14:11:37;9476;49,97;
14:11:40;9440;49,97;
14:11:43;9480;49,96;
14:11:46;9472;49,96;
14:11:49;9484;49,96;
14:11:52;9488;49,96;
14:11:55;9488;49,97;
14:11:58;9476;49,97;
14:12:01;9456;49,98;
14:12:04;9496;49,98;
14:12:07;9492;49,98;
14:12:10;9504;49,98;
14:12:13;9512;49,98;
14:12:16;9504;49,97;
14:12:19;9516;49,96;
14:12:28;9500;49,96;
14:12:31;9524;49,96;
14:12:37;9508;49,96;
14:12:40;9464;49,96;
14:12:43;9500;49,97;
14:12:46;9492;49,97;
14:12:49;9488;49,98;
14:12:52;9448;49,98;
14:12:55;9484;49,98;
14:12:58;9480;49,98;
14:13:01;9468;49,98;
14:13:04;9436;49,98;
14:13:07;9472;49,98;
14:13:10;9468;49,98;
14:13:13;9484;49,98;
14:13:16;9460;49,98;
14:13:19;9500;49,98;
14:13:22;9492;49,99;
14:13:25;9504;49,99;
14:13:28;9472;49,99;
14:13:31;9504;49,99;
14:13:34;9492;49,98;
14:13:37;9504;49,98;
14:13:43;9496;49,97;
14:13:46;9484;49,97;
14:13:49;9496;49,97;
14:13:52;9456;49,97;
14:13:55;9492;49,97;
14:13:58;9480;49,97;
14:14:01;9488;49,98;
14:14:04;9484;49,98;
14:14:07;9480;49,98;
14:14:10;9456;49,98;
14:14:13;9468;49,98;
14:14:16;9448;49,98;
14:14:19;9460;49,98;
14:14:22;9476;49,98;
14:14:28;9464;49,97;
14:14:31;9444;49,97;
14:14:34;9468;49,97;
14:14:37;9460;49,97;
14:14:40;9480;49,97;
14:14:43;9444;49,97;
14:14:46;9480;49,97;
14:14:52;9488;49,97;
14:14:55;9448;49,97;
14:14:58;9488;49,98;
14:15:01;9476;49,98;
14:15:04;9492;49,98;
14:15:07;9460;49,98;
14:15:10;9496;49,98;
14:15:16;9500;49,98;
14:15:19;9464;49,98;
14:15:22;9500;49,98;
14:15:25;9484;49,98;
14:15:28;9488;49,98;
14:15:34;9476;49,98;
14:15:37;9460;49,98;
14:15:40;9468;49,97;
14:15:43;9436;49,97;
14:15:46;9460;49,97;
14:15:49;9452;49,97;
14:15:52;9460;49,98;
14:15:58;9452;49,98;
14:16:01;9444;49,99;
14:16:04;9452;50,00;
14:16:07;9420;50,00;
14:16:10;9456;50,00;
14:16:13;9440;50,00;
14:16:16;9452;50,00;
14:16:19;9440;50,01;
14:16:22;9448;50,00;
14:16:25;9436;50,00;
14:16:31;9428;50,00;
14:16:34;9436;50,00;
14:16:40;9436;49,99;
14:16:43;9432;50,00;
14:16:46;9420;49,99;
14:16:49;9400;49,99;
14:16:52;9412;49,99;
14:16:55;9384;49,99;
14:16:58;9420;49,99;
14:17:01;9424;50,00;
14:17:04;9412;49,99;
14:17:07;9388;49,99;
14:17:10;9412;49,99;
14:17:13;9404;50,00;
14:17:16;9416;50,00;
14:17:19;9404;50,00;
14:17:22;9416;50,00;
14:17:28;9432;50,00;
14:17:31;9428;50,00;
14:17:34;9436;50,00;
14:17:37;9432;50,00;
14:17:46;9436;50,00;
14:17:52;9432;50,01;
14:18:01;9428;50,00;
14:18:04;9412;50,00;
14:18:07;9432;50,00;
14:18:10;9436;50,00;
14:18:13;9436;50,01;
14:18:16;9424;50,01;
14:18:19;9436;50,00;
14:18:22;9440;50,00;
14:18:25;9444;50,00;
14:18:31;9440;49,99;
14:18:34;9404;49,99;
14:18:37;9440;49,98;
14:18:40;9424;49,99;
14:18:43;9436;50,00;
14:18:46;9408;50,00;
14:18:49;9440;50,00;
14:18:55;9436;50,00;
14:18:58;9412;50,00;
14:19:01;9448;50,00;
14:19:04;9436;49,99;
14:19:07;9452;49,99;
14:19:10;9420;50,00;
14:19:13;9452;49,99;
14:19:16;9444;50,00;
14:19:19;9456;49,99;
14:19:22;9432;49,99;
14:19:25;9464;49,99;
14:19:31;9460;49,98;
14:19:37;9468;49,97;
14:19:40;9472;49,98;
14:19:49;9476;49,98;
14:19:55;9460;49,98;
14:19:58;9472;49,98;
14:20:04;9468;49,98;
14:20:07;9464;49,98;
14:20:16;9460;49,98;
14:20:19;9444;49,98;
14:20:22;9464;49,98;
14:20:25;9460;49,99;
14:20:28;9464;49,99;
14:20:31;9468;50,00;
14:20:34;9464;49,99;
14:20:37;9460;49,99;
14:20:49;9460;50,00;
14:20:52;9464;50,00;
14:20:55;9460;50,00;
14:21:01;9436;50,00;
14:21:04;9460;50,00;
14:21:07;9452;50,00;
14:21:13;9448;50,00;
14:21:16;9444;50,00;
14:21:19;9440;50,00;
14:21:22;9436;50,00;
14:21:25;9412;50,00;
14:21:28;9440;50,00;
14:21:31;9436;50,00;
14:21:34;9424;50,00;
14:21:37;9420;49,99;
14:21:40;9416;49,99;
14:21:43;9412;49,99;
14:21:49;9404;50,00;
14:21:52;9408;50,00;
14:21:55;9400;50,00;
14:21:58;9404;50,00;
14:22:01;9396;50,00;
14:22:04;9388;50,00;
14:22:07;9372;50,00;
14:22:10;9388;50,00;
14:22:13;9380;50,00;
14:22:16;9376;49,99;
14:22:19;9368;49,98;
14:22:22;9368;49,97;
14:22:25;9348;49,96;
14:22:28;9352;49,96;
14:22:31;9340;49,96;
14:22:34;9348;49,96;
14:22:37;9328;49,97;
14:22:40;9348;49,97;
14:22:43;9328;49,98;
14:22:46;9344;49,98;
14:22:49;9316;49,99;
14:22:55;9320;49,99;
14:22:58;9344;50,00;
14:23:01;9352;50,00;
14:23:07;9348;50,00;
14:23:10;9344;49,99;
14:23:13;9348;49,99;
14:23:16;9328;49,99;
14:23:19;9352;49,99;
14:23:22;9348;49,98;
14:23:31;9344;49,97;
14:23:40;9348;49,98;
14:23:43;9344;49,98;
14:23:46;9340;49,99;
14:23:52;9340;50,00;
14:23:55;9344;50,00;
14:23:58;9332;50,00;
14:24:01;9348;50,01;
14:24:07;9336;50,01;
14:24:10;9332;50,00;
14:24:13;9336;50,00;
14:24:16;9332;49,99;
14:24:19;9332;50,00;
14:24:22;9316;50,00;
14:24:25;9328;50,00;
14:24:28;9320;49,99;
14:24:31;9324;49,99;
14:24:34;9312;50,00;
14:24:37;9316;50,00;
14:24:40;9296;50,01;
14:24:46;9288;50,01;
14:24:49;9308;50,01;
14:24:52;9284;50,01;
14:24:55;9304;50,01;
14:24:58;9284;50,02;
14:25:01;9304;50,01;
14:25:04;9308;50,01;
14:25:07;9284;50,01;
14:25:10;9296;50,00;
14:25:13;9312;50,01;
14:25:16;9280;50,01;
14:25:19;9304;50,01;
14:25:22;9280;50,01;
14:25:25;9300;50,01;
14:25:34;9292;50,01;
14:25:37;9300;50,02;
14:25:40;9280;50,01;
14:25:43;9300;50,01;
14:25:46;9284;50,01;
14:25:52;9264;50,00;
14:25:55;9292;50,00;
14:25:58;9280;50,01;
14:26:01;9296;50,01;
14:26:04;9268;50,01;
14:26:07;9296;50,01;
14:26:10;9296;50,00;
14:26:13;9280;50,00;
14:26:16;9264;50,01;
14:26:19;9296;50,01;
14:26:22;9280;50,00;
14:26:25;9292;50,00;
14:26:28;9256;49,99;
14:26:31;9284;49,99;
14:26:34;9244;50,00;
14:26:37;9284;49,99;
14:26:40;9252;50,00;
14:26:43;9284;50,00;
14:26:46;9276;50,00;
14:26:49;9284;50,00;
14:26:52;9248;50,00;
14:26:58;9260;50,00;
14:27:01;9272;50,00;
14:27:04;9232;50,01;
14:27:07;9268;50,00;
14:27:10;9260;50,01;
14:27:13;9264;50,00;
14:27:19;9224;50,00;
14:27:22;9252;50,00;
14:27:25;9228;50,00;
14:27:28;9224;49,99;
14:27:31;9240;49,99;
14:27:34;9256;49,99;
14:27:37;9260;49,99;
14:27:43;9236;49,99;
14:27:46;9268;49,99;
14:27:49;9268;50,00;
14:27:55;9228;50,00;
14:27:58;9276;50,00;
14:28:04;9272;50,00;
14:28:07;9240;50,00;
14:28:10;9284;50,00;
14:28:16;9292;49,99;
14:28:19;9272;49,99;
14:28:22;9316;49,99;
14:28:25;9320;49,99;
14:28:28;9328;49,99;
14:28:31;9292;49,99;
14:28:34;9324;50,00;
14:28:40;9336;50,00;
14:28:43;9300;50,00;
14:28:49;9336;50,01;
14:28:52;9356;50,01;
14:28:55;9328;50,01;
14:28:58;9364;50,00;
14:29:01;9352;50,00;
14:29:04;9364;50,00;
14:29:10;9332;49,99;
14:29:13;9360;49,99;
14:29:16;9368;49,99;
14:29:19;9332;49,99;
14:29:22;9364;50,00;
14:29:25;9356;49,99;
14:29:28;9368;49,99;
14:29:31;9368;49,98;
14:29:34;9364;49,98;
14:29:37;9364;49,97;
14:29:40;9360;49,97;
14:29:43;9356;49,97;
14:29:46;9344;49,98;
14:29:49;9372;49,98;
14:29:55;9332;49,99;
14:29:58;9368;49,99;
14:30:01;9360;49,99;
14:30:04;9372;49,99;
14:30:07;9336;49,98;
14:30:10;9368;49,98;
14:30:13;9376;49,98;
14:30:16;9352;49,98;
14:30:19;9340;49,98;
14:30:22;9372;49,98;
14:30:25;9364;49,98;
14:30:28;9376;49,98;
14:30:31;9356;49,98;
14:30:34;9368;49,98;
14:30:37;9372;49,98;
14:30:40;9368;49,98;
14:30:46;9352;49,97;
14:30:49;9372;49,97;
14:30:52;9356;49,97;
14:30:55;9376;49,97;
14:31:01;9380;49,97;
14:31:04;9360;49,97;
14:31:07;9380;49,98;
14:31:10;9356;49,98;
14:31:13;9384;49,98;
14:31:16;9360;49,98;
14:31:19;9384;49,98;
14:31:22;9380;49,98;
14:31:25;9384;49,99;
14:31:28;9356;49,99;
14:31:31;9384;49,99;
14:31:34;9356;49,98;
14:31:37;9376;49,98;
14:31:40;9356;49,99;
14:31:43;9380;49,99;
14:31:46;9352;49,99;
14:31:49;9380;49,98;
14:31:52;9356;49,98;
14:31:55;9376;49,98;
14:31:58;9348;49,98;
14:32:01;9376;49,98;
14:32:07;9348;49,97;
14:32:10;9344;49,97;
14:32:13;9368;49,97;
14:32:16;9348;49,97;
14:32:19;9372;49,97;
14:32:22;9344;49,98;
14:32:25;9368;49,98;
14:32:34;9348;49,98;
14:32:37;9356;49,98;
14:32:40;9356;49,99;
14:32:43;9356;49,98;
14:32:46;9360;49,99;
14:32:55;9344;49,98;
14:32:58;9360;49,98;
14:33:01;9336;49,98;
14:33:04;9360;49,97;
14:33:07;9344;49,97;
14:33:10;9364;49,97;
14:33:16;9360;49,97;
14:33:19;9328;49,96;
14:33:22;9364;49,96;
14:33:25;9340;49,96;
14:33:28;9360;49,96;
14:33:31;9352;49,97;
14:33:34;9368;49,97;
14:33:37;9344;49,97;
14:33:40;9368;49,97;
14:33:43;9352;49,97;
14:33:46;9368;49,98;
14:33:49;9340;49,98;
14:33:52;9368;49,98;
14:33:58;9360;49,97;
14:34:01;9336;49,97;
14:34:04;9356;49,97;
14:34:07;9344;49,97;
14:34:10;9348;49,97;
14:34:13;9328;49,97;
14:34:16;9352;49,97;
14:34:19;9348;49,97;
14:34:22;9344;49,97;
14:34:25;9320;49,97;
14:34:28;9340;49,97;
14:34:31;9324;49,97;
14:34:34;9336;49,97;
14:34:37;9320;49,97;
14:34:40;9328;49,97;
14:34:43;9328;49,96;
14:34:46;9340;49,96;
14:34:49;9308;49,96;
14:34:52;9340;49,96;
14:34:55;9316;49,96;
14:34:58;9332;49,96;
14:35:04;9324;49,97;
14:35:07;9304;49,97;
14:35:10;9320;49,97;
14:35:13;9284;49,97;
14:35:16;9312;49,96;
14:35:19;9292;49,96;
14:35:22;9312;49,96;
14:35:25;9316;49,96;
14:35:28;9304;49,96;
14:35:31;9292;49,96;
14:35:34;9300;49,97;
14:35:37;9280;49,98;
14:35:40;9296;49,98;
14:35:43;9284;49,97;
14:35:46;9288;49,97;
14:35:49;9280;49,96;
14:35:52;9264;49,96;
14:35:55;9284;49,97;
14:36:04;9280;49,97;
14:36:10;9272;49,97;
14:36:22;9268;49,97;
14:36:25;9264;49,97;
14:36:28;9232;49,97;
14:36:31;9268;49,97;
14:36:34;9252;49,97;
14:36:37;9272;49,96;
14:36:40;9240;49,96;
14:36:43;9272;49,97;
14:36:46;9256;49,97;
14:36:49;9264;49,97;
14:36:55;9260;49,96;
14:36:58;9244;49,97;
14:37:01;9252;49,96;
14:37:04;9220;49,96;
14:37:07;9248;49,96;
14:37:10;9228;49,96;
14:37:13;9240;49,96;
14:37:16;9244;49,96;
14:37:19;9240;49,96;
14:37:22;9224;49,96;
14:37:25;9232;49,96;
14:37:28;9200;49,96;
14:37:31;9228;49,96;
14:37:34;9216;49,96;
14:37:37;9224;49,96;
14:37:40;9200;49,96;
14:37:43;9224;49,97;
14:37:46;9216;49,97;
14:37:49;9212;49,97;
14:37:52;9204;49,97;
14:37:55;9212;49,97;
14:38:01;9200;49,96;
14:38:07;9188;49,97;
14:38:19;9156;49,97;
14:38:22;9184;49,97;
14:38:31;9180;49,97;
14:38:37;9180;49,96;
14:38:43;9148;49,96;
14:38:46;9184;49,96;
14:38:49;9176;49,96;
14:38:52;9172;49,96;
14:38:55;9180;49,97;
14:38:58;9172;49,97;
14:39:01;9180;49,97;
14:39:07;9180;49,98;
14:39:16;9176;49,98;
14:39:19;9172;49,97;
14:39:25;9164;49,97;
14:39:28;9172;49,97;
14:39:31;9164;49,97;
14:39:37;9136;49,97;
14:39:40;9172;49,98;
14:39:43;9160;49,98;
14:39:46;9172;49,98;
14:39:49;9168;49,98;
14:39:52;9172;49,98;
14:39:55;9172;49,99;
14:40:16;9168;49,99;
14:40:19;9164;49,98;
14:40:22;9168;49,98;
14:40:25;9172;49,97;
14:40:31;9132;49,97;
14:40:34;9168;49,97;
14:40:37;9172;49,97;
14:40:40;9168;49,97;
14:40:43;9160;49,97;
14:40:46;9164;49,97;
14:40:49;9164;49,98;
14:40:52;9168;49,98;
14:40:55;9156;49,98;
14:40:58;9168;49,98;
14:41:01;9152;49,98;
14:41:04;9164;49,98;
14:41:13;9160;49,98;
14:41:16;9148;49,98;
14:41:19;9160;49,98;
14:41:22;9156;49,98;
14:41:25;9152;49,98;
14:41:28;9156;49,98;
14:41:31;9152;49,98;
14:41:34;9156;49,98;
14:41:40;9148;49,98;
14:41:43;9152;49,98;
14:41:46;9152;49,97;
14:41:49;9152;49,98;
14:41:55;9148;49,98;
14:41:58;9148;49,99;
14:42:04;9144;49,99;
14:42:07;9144;50,00;
14:42:16;9144;49,99;
14:42:22;9108;49,99;
14:42:25;9140;49,99;
14:42:28;9140;49,98;
14:42:34;9140;49,97;
14:42:40;9140;49,96;
14:42:43;9136;49,96;
14:42:46;9112;49,96;
14:42:49;9132;49,96;
14:42:52;9128;49,96;
14:42:55;9132;49,96;
14:42:58;9108;49,97;
14:43:01;9132;49,98;
14:43:04;9120;49,98;
14:43:10;9096;49,98;
14:43:13;9128;49,98;
14:43:16;9112;49,98;
14:43:19;9124;49,98;
14:43:22;9096;49,98;
14:43:25;9128;49,98;
14:43:31;9112;49,98;
14:43:34;9088;49,98;
14:43:37;9120;49,98;
14:43:40;9104;49,98;
14:43:43;9120;49,99;
14:43:46;9084;49,99;
14:43:49;9120;49,99;
14:43:58;9088;50,00;
14:44:01;9124;50,00;
14:44:04;9112;50,01;
14:44:07;9120;50,00;
14:44:10;9084;49,99;
14:44:16;9104;49,98;
14:44:19;9116;49,99;
14:44:22;9076;49,99;
14:44:25;9112;49,99;
14:44:28;9104;50,00;
14:44:31;9112;50,00;
14:44:37;9076;50,00;
14:44:40;9096;50,00;
14:44:43;9112;50,00;
14:44:46;9080;50,00;
14:44:49;9104;50,00;
14:44:52;9096;50,00;
14:44:55;9104;50,00;
14:45:01;9100;50,00;
14:45:04;9092;50,00;
14:45:07;9104;50,01;
14:45:10;9068;50,00;
14:45:13;9104;50,00;
14:45:16;9092;50,00;
14:45:22;9068;50,00;
14:45:25;9100;50,00;
14:45:28;9088;50,00;
14:45:31;9100;50,00;
14:45:34;9064;50,00;
14:45:37;9100;50,00;
14:45:40;9104;50,01;
14:45:43;9088;50,01;
14:45:46;9100;50,00;
14:45:49;9088;50,00;
14:45:52;9096;50,00;
14:45:55;9084;50,00;
14:45:58;9092;50,00;
14:46:01;9076;50,00;
14:46:07;9084;50,00;
14:46:10;9092;50,00;
14:46:13;9064;50,00;
14:46:16;9096;50,01;
14:46:19;9080;50,01;
14:46:22;9092;50,00;
14:46:28;9060;50,00;
14:46:31;9076;49,99;
14:46:34;9088;49,98;
14:46:37;9052;49,98;
14:46:40;9088;49,98;
14:46:43;9072;49,99;
14:46:46;9080;49,99;
14:46:52;9084;49,99;
14:46:55;9064;49,99;
14:46:58;9076;49,99;
14:47:01;9040;49,98;
14:47:04;9076;49,99;
14:47:07;9052;50,00;
14:47:13;9036;50,00;
14:47:16;9064;50,00;
14:47:19;9044;50,00;
14:47:22;9068;49,99;
14:47:25;9036;49,98;
14:47:28;9068;49,98;
14:47:34;9048;49,98;
14:47:37;9036;49,98;
14:47:40;9068;49,98;
14:47:43;9052;49,99;
14:47:46;9072;49,99;
14:47:49;9052;50,00;
14:47:52;9060;50,00;
14:47:55;9064;50,00;
14:47:58;9060;50,00;
14:48:04;9044;50,00;
14:48:07;9064;49,98;
14:48:10;9048;49,98;
14:48:13;9064;49,97;
14:48:19;9068;49,97;
14:48:22;9048;49,97;
14:48:25;9072;49,98;
14:48:28;9048;49,98;
14:48:31;9072;49,98;
14:48:34;9044;49,98;
14:48:37;9072;49,98;
14:48:40;9076;49,98;
14:48:43;9072;49,98;
14:48:46;9036;49,98;
14:48:49;9064;49,97;
14:48:52;9036;49,98;
14:48:55;9060;49,98;
14:48:58;9048;49,98;
14:49:01;9052;49,98;
14:49:04;9032;49,98;
14:49:07;9048;49,99;
14:49:10;9024;49,99;
14:49:13;9044;49,99;
14:49:16;9016;50,00;
14:49:19;9040;50,00;
14:49:25;9036;49,99;
14:49:28;9008;49,99;
14:49:31;9028;49,99;
14:49:34;9012;49,99;
14:49:37;9036;49,99;
14:49:40;9008;49,99;
14:49:43;9032;49,99;
14:49:49;9032;50,00;
14:49:52;9000;50,00;
14:49:55;9028;50,00;
14:49:58;9012;50,00;
14:50:01;9032;50,01;
14:50:04;9000;50,01;
14:50:10;9012;50,01;
14:50:13;9024;50,01;
14:50:16;8992;50,01;
14:50:19;9020;50,01;
14:50:22;9000;50,01;
14:50:25;9016;50,00;
14:50:28;9024;50,00;
14:50:31;8992;50,00;
14:50:34;9000;50,00;
14:50:37;9016;50,00;
14:50:40;8980;50,00;
14:50:43;9012;50,00;
14:50:46;8996;50,00;
14:50:49;9008;50,00;
14:50:55;8996;50,00;
14:50:58;8992;50,00;
14:51:04;8992;49,99;
14:51:07;8980;49,99;
14:51:10;8996;49,98;
14:51:19;8956;49,98;
14:51:22;8996;49,98;
14:51:25;8964;49,98;
14:51:28;8992;49,98;
14:51:31;8972;49,98;
14:51:34;8992;49,98;
14:51:40;8996;49,98;
14:51:43;8972;49,98;
14:51:46;9000;49,98;
14:51:49;8972;49,98;
14:51:52;9000;49,98;
14:51:55;8972;49,98;
14:51:58;8996;49,98;
14:52:01;8976;49,98;
14:52:04;9004;49,99;
14:52:07;8980;49,99;
14:52:10;9004;49,99;
14:52:13;8980;49,99;
14:52:16;9004;49,98;
14:52:22;9000;49,98;
14:52:25;8972;49,98;
14:52:28;8996;49,98;
14:52:31;8968;49,97;
14:52:34;8996;49,97;
14:52:37;8972;49,97;
14:52:40;8996;49,97;
14:52:43;8992;49,97;
14:52:49;8968;49,98;
14:52:52;8988;49,98;
14:52:55;8968;49,98;
14:52:58;8984;49,99;
14:53:01;8972;49,99;
14:53:04;8968;49,99;
14:53:07;8968;50,00;
14:53:10;8972;49,99;
14:53:13;8968;49,99;
14:53:16;8968;49,98;
14:53:19;8968;49,99;
14:53:22;8972;49,98;
14:53:28;8968;49,98;
14:53:31;8936;49,99;
14:53:34;8968;49,99;
14:53:37;8940;49,99;
14:53:40;8968;49,98;
14:53:43;8940;49,98;
14:53:46;8968;49,98;
14:53:49;8972;49,98;
14:53:52;8964;49,99;
14:53:55;8944;50,00;
14:53:58;8968;50,00;
14:54:01;8956;50,00;
14:54:04;8960;50,00;
14:54:07;8956;50,00;
14:54:10;8940;49,99;
14:54:13;8960;49,99;
14:54:16;8964;49,98;
14:54:19;8960;49,98;
14:54:25;8956;49,98;
14:54:34;8952;49,98;
14:54:40;8928;49,98;
14:54:43;8948;49,99;
14:54:46;8916;49,99;
14:54:49;8944;50,00;
14:54:52;8924;50,00;
14:54:55;8940;50,00;
14:54:58;8916;50,00;
14:55:01;8940;50,00;
14:55:04;8920;50,00;
14:55:07;8944;50,01;
14:55:10;8916;50,01;
14:55:13;8928;50,01;
14:55:19;8924;50,01;
14:55:22;8900;50,00;
14:55:25;8924;50,00;
14:55:28;8900;50,00;
14:55:31;8924;50,00;
14:55:34;8896;50,00;
14:55:37;8920;50,00;
14:55:46;8892;50,00;
14:55:49;8912;50,01;
14:55:52;8892;50,01;
14:55:55;8912;50,01;
14:55:58;8896;50,01;
14:56:01;8904;50,01;
14:56:04;8900;50,00;
14:56:07;8880;50,00;
14:56:10;8896;50,00;
14:56:13;8900;50,00;
14:56:25;8904;50,00;
14:56:28;8900;50,00;
14:56:34;8904;50,00;
14:56:37;8904;49,99;
14:56:40;8900;49,99;
14:56:43;8872;50,00;
14:56:46;8900;49,99;
14:56:52;8900;49,98;
14:57:04;8896;49,98;
14:57:07;8868;49,98;
14:57:10;8892;49,98;
14:57:16;8892;49,99;
14:57:19;8888;49,99;
14:57:25;8884;49,99;
14:57:31;8880;49,98;
14:57:40;8880;49,99;
14:57:43;8876;49,99;
14:57:46;8876;50,00;
14:57:49;8848;50,00;
14:57:52;8880;50,00;
14:57:55;8876;50,00;
14:57:58;8872;50,00;
14:58:07;8876;49,99;
14:58:10;8872;49,99;
14:58:13;8840;49,99;
14:58:16;8868;49,98;
14:58:19;8864;49,98;
14:58:25;8856;49,98;
14:58:28;8856;49,99;
14:58:31;8856;50,00;
14:58:37;8856;50,01;
14:58:40;8856;50,00;
14:58:43;8864;50,01;
14:58:49;8864;50,00;
14:58:55;8844;50,00;
14:58:58;8864;50,00;
14:59:01;8856;50,00;
14:59:04;8860;50,00;
14:59:07;8848;50,00;
14:59:10;8868;50,00;
14:59:13;8844;49,99;
14:59:16;8864;50,00;
14:59:22;8868;50,00;
14:59:28;8860;50,00;
14:59:31;8864;50,00;
14:59:34;8860;50,00;
14:59:37;8860;49,99;
14:59:40;8828;49,99;
14:59:43;8860;49,99;
14:59:46;8856;50,00;
14:59:49;8856;50,01;
14:59:55;8856;50,02;
14:59:58;8852;50,02;
15:00:01;8852;50,01;
15:00:04;8828;50,01;
15:00:07;8864;50,01;
15:00:10;8868;50,01;
15:00:13;8872;50,00;
15:00:16;8864;50,00;
15:00:22;8872;50,00;
15:00:28;8868;50,00;
15:00:31;8872;50,01;
15:00:37;8868;50,01;
15:00:40;8864;50,00;
15:00:43;8860;50,00;
15:00:46;8836;50,00;
15:00:49;8856;50,00;
15:00:52;8860;50,00;
15:00:55;8852;50,00;
15:00:58;8848;50,00;
15:01:01;8852;50,00;
15:01:04;8840;50,00;
15:01:10;8828;49,99;
15:01:13;8844;49,99;
15:01:16;8824;49,99;
15:01:19;8840;49,99;
15:01:22;8820;49,98;
15:01:25;8836;49,98;
15:01:28;8808;49,98;
15:01:37;8828;49,98;
15:01:40;8792;49,98;
15:01:43;8824;49,98;
15:01:46;8804;49,97;
15:01:49;8824;49,97;
15:01:52;8816;49,97;
15:01:55;8788;49,97;
15:01:58;8804;49,97;
15:02:01;8820;49,97;
15:02:04;8784;49,97;
15:02:07;8816;49,97;
15:02:10;8804;49,97;
15:02:13;8824;49,97;
15:02:16;8816;49,97;
15:02:22;8796;49,97;
15:02:25;8808;49,97;
15:02:28;8772;49,97;
15:02:31;8804;49,97;
15:02:34;8780;49,96;
15:02:40;8764;49,96;
15:02:43;8796;49,96;
15:02:46;8776;49,96;
15:02:49;8792;49,96;
15:02:52;8760;49,97;
15:02:55;8792;49,97;
15:03:01;8780;49,97;
15:03:04;8756;49,98;
15:03:07;8792;49,98;
15:03:10;8776;49,99;
15:03:13;8792;49,99;
15:03:16;8760;49,98;
15:03:19;8792;49,98;
15:03:22;8788;49,97;
15:03:25;8796;49,97;
15:03:28;8748;49,96;
15:03:31;8788;49,96;
15:03:34;8772;49,96;
15:03:37;8784;49,96;
15:03:40;8744;49,96;
15:03:46;8764;49,97;
15:03:49;8780;49,96;
15:03:52;8772;49,97;
15:03:58;8768;49,96;
15:04:01;8768;49,97;
15:04:04;8752;49,97;
15:04:07;8736;49,97;
15:04:10;8756;49,98;
15:04:13;8748;49,97;
15:04:16;8756;49,97;
15:04:19;8720;49,96;
15:04:22;8748;49,96;
15:04:25;8744;49,96;
15:04:31;8704;49,97;
15:04:34;8740;49,97;
15:04:37;8736;49,97;
15:04:43;8692;49,97;
15:04:46;8728;49,97;
15:04:49;8724;49,96;
15:04:52;8720;49,97;
15:04:55;8680;49,97;
15:04:58;8716;49,97;
15:05:01;8712;49,98;
15:05:04;8708;49,98;
15:05:07;8672;49,98;
15:05:10;8700;49,97;
15:05:16;8696;49,97;
15:05:19;8660;49,97;
15:05:22;8692;49,96;
15:05:25;8688;49,96;
15:05:28;8684;49,97;
15:05:31;8652;49,97;
15:05:37;8676;49,97;
15:05:40;8668;49,97;
15:05:43;8644;49,97;
15:05:46;8672;49,96;
15:05:49;8664;49,97;
15:05:52;8660;49,96;
15:05:58;8636;49,96;
15:06:01;8648;49,96;
15:06:04;8660;49,97;
15:06:07;8644;49,97;
15:06:10;8656;49,97;
15:06:13;8652;49,98;
15:06:16;8644;49,98;
15:06:19;8656;49,98;
15:06:22;8632;49,99;
15:06:25;8652;49,98;
15:06:28;8632;49,98;
15:06:31;8648;49,97;
15:06:34;8616;49,97;
15:06:37;8648;49,98;
15:06:43;8644;49,99;
15:06:46;8608;49,98;
15:06:49;8636;49,98;
15:06:52;8620;49,98;
15:06:55;8636;49,98;
15:06:58;8604;49,98;
15:07:01;8640;49,98;
15:07:10;8608;49,98;
15:07:13;8640;49,98;
15:07:16;8632;49,99;
15:07:19;8640;50,00;
15:07:22;8624;50,00;
15:07:25;8644;50,00;
15:07:28;8620;50,00;
15:07:31;8640;49,99;
15:07:34;8616;49,99;
15:07:37;8648;49,98;
15:07:40;8628;49,98;
15:07:43;8656;49,98;
15:07:52;8628;49,99;
15:07:55;8668;50,00;
15:07:58;8636;49,99;
15:08:01;8672;49,99;
15:08:04;8644;49,99;
15:08:07;8668;49,99;
15:08:13;8672;49,99;
15:08:16;8652;49,99;
15:08:19;8676;49,99;
15:08:22;8644;49,98;
15:08:25;8676;49,98;
15:08:28;8636;49,98;
15:08:37;8660;49,98;
15:08:40;8632;49,98;
15:08:43;8656;49,98;
15:08:46;8632;49,98;
15:08:49;8660;49,98;
15:08:52;8656;49,99;
15:08:55;8628;49,98;
15:08:58;8624;49,97;
15:09:01;8648;49,97;
15:09:04;8620;49,98;
15:09:07;8640;49,98;
15:09:10;8616;49,98;
15:09:13;8628;49,99;
15:09:16;8640;50,00;
15:09:19;8620;49,99;
15:09:25;8604;49,99;
15:09:28;8628;49,98;
15:09:31;8604;49,98;
15:09:34;8624;49,98;
15:09:40;8616;49,98;
15:09:43;8592;49,98;
15:09:46;8612;49,97;
15:09:49;8584;49,96;
15:09:52;8612;49,96;
15:09:55;8580;49,96;
15:09:58;8612;49,97;
15:10:04;8616;49,98;
15:10:07;8576;49,98;
15:10:10;8612;49,98;
15:10:13;8580;49,98;
15:10:16;8608;49,98;
15:10:19;8580;49,98;
15:10:22;8612;49,97;
15:10:25;8572;49,97;
15:10:28;8616;49,96;
15:10:31;8584;49,96;
15:10:34;8616;49,96;
15:10:37;8588;49,96;
15:10:40;8592;49,97;
15:10:46;8616;49,98;
15:10:49;8584;49,98;
15:10:52;8616;49,98;
15:10:55;8536;49,98;
15:10:58;8576;49,98;
15:11:07;8604;49,99;
15:11:10;8596;49,99;
15:11:13;8568;49,98;
15:11:16;8592;49,98;
15:11:19;8580;49,97;
15:11:22;8584;49,96;
15:11:25;8576;49,96;
15:11:28;8560;49,96;
15:11:31;8576;49,97;
15:11:34;8580;49,97;
15:11:37;8584;49,98;
15:11:43;8580;49,98;
15:11:52;8580;49,97;
15:11:55;8576;49,98;
15:12:01;8536;49,98;
15:12:04;8568;49,98;
15:12:07;8544;49,98;
15:12:10;8564;49,98;
15:12:19;8552;49,98;
15:12:22;8560;49,98;
15:12:25;8552;49,98;
15:12:28;8560;49,98;
15:12:34;8536;49,98;
15:12:37;8556;49,98;
15:12:40;8552;49,97;
15:12:46;8552;49,96;
15:12:52;8548;49,97;
15:13:01;8548;49,98;
15:13:04;8516;49,97;
15:13:07;8540;49,98;
15:13:10;8520;49,98;
15:13:13;8544;49,98;
15:13:16;8504;49,98;
15:13:19;8540;49,98;
15:13:22;8516;49,98;
15:13:25;8536;49,98;
15:13:28;8500;49,97;
15:13:31;8528;49,97;
15:13:34;8500;49,97;
15:13:37;8520;49,97;
15:13:43;8512;49,97;
15:13:46;8484;49,98;
15:13:49;8512;49,98;
15:13:52;8472;49,98;
15:13:55;8504;49,98;
15:13:58;8480;49,97;
15:14:01;8504;49,97;
15:14:04;8500;49,97;
15:14:07;8500;49,96;
15:14:10;8472;49,97;
15:14:13;8500;49,98;
15:14:16;8476;49,98;
15:14:19;8500;49,98;
15:14:22;8488;49,98;
15:14:25;8484;49,98;
15:14:31;8488;49,99;
15:14:34;8484;49,99;
15:14:40;8480;49,99;
15:14:43;8476;49,98;
15:14:49;8476;49,97;
15:14:52;8480;49,97;
15:14:55;8476;49,98;
15:14:58;8480;49,98;
15:15:01;8476;49,98;
15:15:04;8480;49,98;
15:15:07;8448;49,98;
15:15:10;8476;49,98;
15:15:13;8480;49,99;
15:15:19;8476;49,99;
15:15:22;8472;49,99;
15:15:25;8472;49,98;
15:15:31;8444;49,98;
15:15:34;8476;49,99;
15:15:37;8472;50,00;
15:15:43;8456;50,00;
15:15:46;8468;49,99;
15:15:49;8464;49,98;
15:15:55;8464;49,99;
15:15:58;8456;49,99;
15:16:01;8464;49,99;
15:16:07;8456;49,99;
15:16:10;8452;49,99;
15:16:13;8428;49,99;
15:16:16;8448;49,99;
15:16:19;8440;49,98;
15:16:22;8448;49,98;
15:16:25;8432;49,98;
15:16:28;8452;49,99;
15:16:31;8432;49,98;
15:16:34;8444;49,98;
15:16:40;8448;49,98;
15:16:43;8452;49,98;
15:16:49;8460;49,97;
15:16:52;8464;49,97;
15:17:04;8468;49,97;
15:17:16;8472;49,97;
15:17:19;8456;49,98;
15:17:22;8468;49,97;
15:17:25;8468;49,98;
15:17:28;8464;49,97;
15:17:31;8480;49,96;
15:17:34;8484;49,96;
15:17:37;8476;49,96;
15:17:40;8484;49,97;
15:17:49;8488;49,98;
15:17:58;8480;49,98;
15:18:04;8444;49,98;
15:18:06;8480;49,99;
15:18:08;8484;50,00;
15:18:14;8448;50,00;
15:18:17;8480;50,00;
15:18:20;8452;50,00;
15:18:22;8484;50,00;
15:18:30;8480;49,98;
15:18:33;8444;49,98;
15:18:36;8476;49,98;
15:18:39;8444;49,98;
15:18:42;8480;49,98;
15:18:45;8444;49,98;
15:18:47;8472;49,98;
15:18:49;8468;49,98;
15:18:58;8464;49,99;
15:19:04;8464;50,00;
15:19:07;8460;50,00;
15:19:10;8432;50,00;
15:19:13;8456;50,00;
15:19:16;8456;49,99;
15:19:22;8444;49,99;
15:19:25;8448;49,99;
15:19:28;8436;49,99;
15:19:31;8448;49,99;
15:19:34;8436;49,99;
15:19:37;8444;49,99;
15:19:40;8412;49,98;
15:19:43;8436;49,98;
15:19:46;8404;49,98;
15:19:49;8436;49,98;
15:19:52;8408;49,98;
15:19:58;8404;49,99;
15:20:01;8440;50,00;
15:20:04;8412;50,00;
15:20:07;8432;50,00;
15:20:10;8388;50,01;
15:20:13;8420;50,01;
15:20:16;8416;50,01;
15:20:19;8384;50,01;
15:20:22;8368;50,00;
15:20:25;8400;50,00;
15:20:28;8360;49,99;
15:20:30;8388;49,98;
15:20:32;8348;49,98;
15:20:39;8380;49,98;
15:20:42;8372;49,98;
15:20:45;8368;49,98;
15:20:47;8368;49,97;
15:20:52;8332;49,97;
15:20:55;8364;49,97;
15:20:58;8328;49,96;
15:21:04;8328;49,97;
15:21:07;8356;49,98;
15:21:10;8316;49,98;
15:21:13;8356;49,98;
15:21:16;8328;49,98;
15:21:19;8348;49,98;
15:21:25;8320;49,97;
15:21:27;8308;49,96;
15:21:29;8340;49,96;
15:21:35;8308;49,96;
15:21:38;8344;49,96;
15:21:40;8312;49,96;
15:21:42;8344;49,96;
15:21:52;8308;49,97;
15:21:55;8344;49,98;
15:21:57;8340;49,97;
15:21:59;8340;49,98;
15:22:05;8312;49,98;
15:22:13;8324;49,99;
15:22:15;8360;50,00;
15:22:17;8348;50,00;
15:22:23;8332;50,00;
15:22:26;8344;50,00;
15:22:29;8352;50,00;
15:22:32;8336;50,00;
15:22:35;8344;50,00;
15:22:37;8332;50,00;
15:22:39;8348;50,01;
15:22:46;8344;50,01;
15:22:49;8312;50,00;
15:22:55;8308;50,00;
15:22:57;8324;50,00;
15:22:59;8312;50,00;
15:23:06;8340;50,00;
15:23:09;8336;50,00;
15:23:15;8308;50,00;
15:23:18;8332;50,00;
15:23:20;8336;50,01;
15:23:26;8308;50,01;
15:23:29;8332;50,01;
15:23:32;8296;50,01;
15:23:35;8324;50,00;
15:23:40;8328;50,00;
15:23:42;8284;50,00;
15:23:45;8316;50,00;
15:23:47;8320;50,00;
15:23:55;8280;50,01;
15:24:02;8288;50,01;
15:24:04;8312;50,00;
15:24:07;8264;50,00;
15:24:11;8300;50,01;
15:24:15;8272;50,00;
15:24:19;8296;50,00;
15:24:22;8256;49,99;
15:24:25;8272;49,99;
15:24:30;8284;49,98;
15:24:32;8272;49,98;
15:24:34;8292;49,98;
15:24:36;8284;49,98;
15:24:37;8272;49,98;
15:24:42;8284;49,98;
15:24:45;8248;49,98;
15:24:46;8284;49,99;
15:24:55;8280;49,99;
15:24:57;8248;49,99;
15:24:59;8272;49,98;
15:25:04;8252;49,98;
15:25:06;8272;49,98;
15:25:08;8224;49,97;
15:25:10;8264;49,97;
15:25:15;8232;49,97;
15:25:17;8264;49,97;
15:25:32;8260;49,98;
15:25:34;8264;49,97;
15:25:37;8260;49,97;
15:25:45;8228;49,97;
15:25:53;8228;49,98;
15:25:55;8252;49,98;
15:25:57;8252;49,97;
15:26:02;8220;49,98;
15:26:05;8256;49,98;
15:26:06;8252;49,97;
15:26:15;8248;49,98;
15:26:17;8248;49,99;
15:26:19;8224;49,99;
15:26:25;8244;49,99;
15:26:27;8212;49,98;
15:26:30;8236;49,98;
15:26:34;8232;49,98;
15:26:38;8196;49,98;
15:26:42;8228;49,99;
15:26:46;8224;49,99;
15:26:50;8220;49,99;
15:26:54;8190;49,99;
15:26:56;8220;49,99;
15:26:58;8216;49,99;
15:27:05;8182;50,00;
15:27:09;8216;49,99;
15:27:12;8212;49,99;
15:27:15;8212;49,98;
15:27:17;8176;49,98;
15:27:21;8208;49,98;
15:27:25;8190;49,98;
15:27:32;8208;49,98;
15:27:34;8196;49,98;
15:27:39;8208;49,98;
15:27:42;8188;49,98;
15:27:44;8208;49,98;
15:27:47;8216;49,98;
15:27:52;8178;49,98;
15:27:55;8200;49,98;
15:28:05;8176;49,98;
15:28:08;8220;49,99;
15:28:12;8204;49,99;
15:28:14;8216;49,99;
15:28:27;8212;49,99;
15:28:30;8170;49,99;
15:28:32;8212;49,99;
15:28:39;8204;49,99;
15:28:41;8164;49,99;
15:28:49;8192;49,98;
15:28:52;8204;49,98;
15:29:00;8180;49,97;
15:29:02;8200;49,97;
15:29:09;8180;49,98;
15:29:12;8174;49,98;
15:29:14;8178;49,98;
15:29:20;8180;49,99;
15:29:24;8188;49,99;
15:29:27;8180;49,99;
15:29:30;8190;49,99;
15:29:32;8188;50,00;
15:29:38;8178;50,00;
15:29:42;8170;49,99;
15:29:44;8178;49,99;
15:29:51;8174;49,99;
15:29:55;8170;50,00;
15:30:00;8164;50,00;
15:30:04;8154;50,00;
15:30:06;8120;50,00;
15:30:10;8156;50,00;
15:30:15;8176;50,00;
15:30:18;8128;49,98;
15:30:22;8138;49,97;
15:30:24;8124;49,96;
15:30:30;8150;49,96;
15:30:32;8130;49,96;
15:30:35;8138;49,96;
15:30:42;8126;49,96;
15:30:46;8100;49,96;
15:30:49;8114;49,96;
15:30:50;8118;49,96;
15:30:54;8120;49,96;
15:31:02;8110;49,97;
15:31:06;8104;49,98;
15:31:10;8050;49,97;
15:31:15;8096;49,97;
15:31:18;8094;49,97;
15:31:25;8104;49,97;
15:31:28;8108;49,97;
15:31:32;8106;49,97;
15:31:36;8106;49,98;
15:31:39;8096;49,99;
15:31:42;8106;49,98;
15:31:46;8044;49,98;
15:31:49;8100;49,98;
15:31:50;8102;49,98;
15:31:55;8058;49,98;
15:32:02;8102;49,98;
15:32:04;8096;49,99;
15:32:07;8110;49,99;
15:32:10;8114;49,99;
15:32:16;8096;49,99;
15:32:19;8102;49,98;
15:32:26;8100;49,97;
15:32:29;8096;49,96;
15:32:30;8076;49,96;
15:32:37;8096;49,96;
15:32:41;8084;49,96;
15:32:44;8078;49,96;
15:32:50;8084;49,96;
15:32:53;8064;49,96;
15:32:55;8076;49,97;
15:33:01;8072;49,96;
15:33:04;8054;49,96;
15:33:05;8076;49,96;
15:33:11;8072;49,96;
15:33:14;8054;49,96;
15:33:17;8034;49,96;
15:33:20;8048;49,96;
15:33:21;8010;49,96;
15:33:25;8046;49,96;
15:33:29;8048;49,96;
15:33:32;8020;49,96;
15:33:34;8002;49,97;
15:33:37;8036;49,97;
15:33:41;8006;49,98;
15:33:44;8026;49,98;
15:33:47;7992;49,98;
15:33:51;8022;49,98;
15:33:54;7988;49,98;
15:33:57;8012;49,97;
15:34:00;8014;49,97;
15:34:01;8016;49,98;
15:34:04;7988;49,98;
15:34:07;8018;49,98;
15:34:11;7990;49,98;
15:34:14;8016;49,98;
15:34:17;8012;49,98;
15:34:21;8022;49,98;
15:34:25;8012;49,98;
15:34:28;8014;49,98;
15:34:32;8006;49,97;
15:34:36;7988;49,97;
15:34:39;8002;49,97;
15:34:42;7994;49,97;
15:34:44;8016;49,97;
15:34:47;8004;49,97;
15:34:50;7986;49,98;
15:34:52;7982;49,98;
15:34:55;7952;49,99;
15:34:58;7994;49,99;
15:35:02;8000;49,99;
15:35:05;8032;49,99;
15:35:08;8034;49,98;
15:35:12;8026;49,98;
15:35:15;8030;49,98;
15:35:18;7982;49,97;
15:35:24;8030;49,97;
15:35:27;8038;49,97;
15:35:31;8000;49,98;
15:35:34;8046;49,98;
15:35:37;8040;49,98;
15:35:40;8046;49,98;
15:35:43;8032;49,98;
15:35:46;8014;49,98;
15:35:49;8050;49,98;
15:35:52;8066;49,98;
15:35:56;8028;49,98;
15:36:00;8082;49,98;
15:36:03;8076;49,99;
15:36:07;8086;49,98;
15:36:10;8098;49,98;
15:36:13;8088;49,98;
15:36:16;8102;49,98;
15:36:19;8064;49,97;
15:36:22;8106;49,97;
15:36:25;8086;49,97;
15:36:31;8056;49,97;
15:36:34;8092;49,97;
15:36:35;8076;49,97;
15:36:41;8088;49,97;
15:36:44;8046;49,97;
15:36:47;8092;49,98;
15:36:51;8090;49,98;
15:36:57;8088;49,98;
15:37:01;8090;49,98;
15:37:04;8086;49,98;
15:37:07;8044;49,99;
15:37:10;8086;49,99;
15:37:13;8080;49,99;
15:37:16;8074;49,98;
15:37:19;8032;49,98;
15:37:22;8078;49,98;
15:37:25;8058;49,97;
15:37:28;8072;49,97;
15:37:31;8028;49,98;
15:37:37;8056;49,98;
15:37:40;8062;49,98;
15:37:43;8042;49,98;
15:37:47;8038;49,98;
15:37:50;8050;49,98;
15:37:53;8048;49,98;
15:37:59;8038;49,99;
15:38:05;8042;50,00;
15:38:08;8034;50,00;
15:38:11;8028;50,00;
15:38:14;8034;50,00;
15:38:17;8008;50,00;
15:38:20;8022;50,00;
15:38:26;8018;50,00;
15:38:29;8026;50,00;
15:38:32;8024;50,00;
15:38:35;8026;50,00;
15:38:38;8028;50,00;
15:38:41;8006;50,00;
15:38:44;8018;49,99;
15:38:47;8016;49,99;
15:38:57;7970;49,99;
15:39:00;8012;49,99;
15:39:03;8010;49,99;
15:39:06;8008;49,99;
15:39:09;7972;49,99;
15:39:12;8012;49,99;
15:39:15;7996;49,99;
15:39:18;8010;49,99;
15:39:22;7968;49,99;
15:39:25;8010;49,98;
15:39:28;7990;49,98;
15:39:31;8002;49,98;
15:39:34;7948;49,98;
15:39:37;8000;49,98;
15:39:41;7994;49,98;
15:39:44;7996;49,99;
15:39:47;7976;49,99;
15:39:50;7998;49,99;
15:39:53;7990;49,99;
15:39:57;7996;49,99;
15:40:01;7934;49,99;
15:40:04;7990;49,99;
15:40:07;7994;49,99;
15:40:10;8000;49,99;
15:40:13;8006;49,98;
15:40:16;7992;49,98;
15:40:19;7998;49,98;
15:40:22;7958;49,98;
15:40:25;8004;49,98;
15:40:28;7986;49,98;
15:40:34;7962;49,98;
15:40:37;7994;49,98;
15:40:40;7984;49,98;
15:40:43;7990;49,98;
15:40:46;7966;49,98;
15:40:49;7968;49,98;
15:40:52;7986;49,98;
15:40:55;7982;49,98;
15:40:56;7968;49,98;
15:41:03;7974;49,97;
15:41:06;7948;49,96;
15:41:09;7968;49,96;
15:41:10;7924;49,96;
15:41:16;7962;49,97;
15:41:19;7942;49,97;
15:41:22;7952;49,97;
15:41:25;7912;49,96;
15:41:28;7950;49,96;
15:41:31;7930;49,97;
15:41:34;7942;49,97;
15:41:40;7940;49,98;
15:41:43;7918;49,97;
15:41:46;7936;49,97;
15:41:49;7894;49,97;
15:41:52;7932;49,97;
15:41:55;7916;49,98;
15:41:58;7934;49,98;
15:42:04;7930;49,98;
15:42:07;7912;49,98;
15:42:10;7932;49,97;
15:42:13;7888;49,97;
15:42:16;7926;49,97;
15:42:19;7906;49,97;
15:42:22;7926;49,97;
15:42:25;7884;49,96;
15:42:28;7918;49,97;
15:42:31;7896;49,97;
15:42:34;7910;49,97;
15:42:37;7854;49,97;
15:42:40;7898;49,97;
15:42:46;7890;49,98;
15:42:49;7864;49,98;
15:42:52;7874;49,98;
15:42:55;7868;49,98;
15:42:58;7866;49,98;
15:43:01;7862;49,98;
15:43:04;7824;49,98;
15:43:07;7860;49,98;
15:43:10;7846;49,99;
15:43:11;7854;49,99;
15:43:14;7812;50,00;
15:43:17;7858;50,00;
15:43:20;7838;50,00;
15:43:23;7848;50,00;
15:43:29;7804;49,99;
15:43:32;7820;49,98;
15:43:35;7830;49,98;
15:43:38;7780;49,98;
15:43:41;7824;49,98;
15:43:44;7806;49,99;
15:43:47;7818;49,99;
15:43:50;7814;49,99;
15:43:53;7808;49,99;
15:43:56;7792;50,00;
15:43:59;7812;50,00;
15:44:02;7776;50,00;
15:44:05;7820;50,00;
15:44:08;7804;50,00;
15:44:14;7776;50,00;
15:44:17;7812;50,00;
15:44:20;7784;49,99;
15:44:23;7798;49,99;
15:44:26;7758;49,99;
15:44:29;7800;49,99;
15:44:32;7802;49,99;
15:44:35;7786;49,99;
15:44:38;7806;49,99;
15:44:41;7804;49,99;
15:44:44;7806;49,99;
15:44:47;7800;50,00;
15:44:50;7798;50,00;
15:44:53;7800;50,00;
15:44:59;7800;49,99;
15:45:02;7798;49,99;
15:45:05;7796;49,99;
15:45:08;7800;49,99;
15:45:17;7758;49,98;
15:45:20;7800;49,98;
15:45:23;7794;49,97;
15:45:29;7790;49,96;
15:45:32;7792;49,96;
15:45:35;7788;49,96;
15:45:38;7786;49,96;
15:45:41;7750;49,96;
15:45:44;7782;49,97;
15:45:47;7780;49,98;
15:45:50;7784;49,98;
15:45:53;7766;49,98;
15:45:56;7782;49,98;
15:45:59;7768;49,98;
15:46:05;7750;49,98;
15:46:08;7786;49,98;
15:46:11;7770;49,97;
15:46:14;7792;49,97;
15:46:17;7752;49,98;
15:46:20;7794;49,98;
15:46:23;7796;49,98;
15:46:26;7778;49,98;
15:46:29;7758;49,99;
15:46:32;7802;49,99;
15:46:35;7778;49,99;
15:46:38;7800;49,99;
15:46:41;7756;49,99;
15:46:44;7796;49,99;
15:46:47;7796;50,00;
15:46:50;7794;50,00;
15:46:53;7758;50,00;
15:46:56;7796;50,00;
15:46:59;7782;50,00;
15:47:02;7792;50,00;
15:47:05;7746;50,00;
15:47:11;7768;50,00;
15:47:14;7786;50,00;
15:47:17;7742;50,00;
15:47:20;7782;50,00;
15:47:23;7764;49,99;
15:47:26;7776;49,99;
15:47:29;7774;49,99;
15:47:32;7732;49,99;
15:47:35;7756;49,98;
15:47:38;7766;49,98;
15:47:41;7724;49,99;
15:47:44;7756;49,99;
15:47:47;7746;49,99;
15:47:50;7748;50,00;
15:47:53;7754;50,00;
15:47:56;7732;50,00;
15:47:59;7750;50,00;
15:48:02;7730;50,00;
15:48:05;7750;50,00;
15:48:08;7712;49,99;
15:48:11;7748;50,00;
15:48:17;7744;49,99;
15:48:20;7700;49,99;
15:48:23;7744;49,98;
15:48:26;7722;49,98;
15:48:29;7744;49,98;
15:48:32;7696;49,98;
15:48:35;7740;49,98;
15:48:41;7742;49,98;
15:48:44;7698;49,98;
15:48:47;7736;49,97;
15:48:50;7722;49,97;
15:48:53;7738;49,97;
15:48:56;7692;49,98;
15:49:02;7718;49,98;
15:49:05;7732;49,98;
15:49:08;7674;49,98;
15:49:11;7718;49,99;
15:49:14;7692;49,99;
15:49:17;7706;49,99;
15:49:20;7704;50,00;
15:49:23;7650;49,99;
15:49:26;7656;49,99;
15:49:29;7670;49,99;
15:49:32;7622;49,99;
15:49:35;7662;49,99;
15:49:38;7656;50,00;
15:49:41;7670;50,01;
15:49:44;7666;50,01;
15:49:47;7658;50,01;
15:49:50;7634;50,01;
15:49:53;7642;50,00;
15:49:56;7586;50,00;
15:49:59;7622;50,00;
15:50:02;7606;50,00;
15:50:08;7570;50,00;
15:50:11;7616;49,99;
15:50:14;7600;50,00;
15:50:17;7610;49,99;
15:50:20;7538;50,00;
15:50:23;7584;49,99;
15:50:26;7592;49,99;
15:50:29;7580;49,99;
15:50:32;7540;49,99;
15:50:35;7584;50,00;
15:50:38;7564;50,00;
15:50:41;7570;50,00;
15:50:44;7532;50,00;
15:50:47;7560;50,00;
15:50:50;7570;50,00;
15:50:53;7568;50,00;
15:50:56;7552;49,99;
15:50:59;7550;49,99;
15:51:02;7570;49,99;
15:51:05;7560;49,98;
15:51:08;7556;49,99;
15:51:14;7556;50,00;
15:51:17;7554;50,00;
15:51:20;7558;49,99;
15:51:23;7518;49,99;
15:51:26;7556;49,99;
15:51:29;7544;49,99;
15:51:32;7558;49,99;
15:51:35;7560;49,99;
15:51:38;7564;49,99;
15:51:41;7548;49,98;
15:51:44;7566;49,99;
15:51:47;7518;49,99;
15:51:50;7546;49,99;
15:51:53;7542;49,99;
15:51:56;7556;49,99;
15:51:59;7508;49,99;
15:52:02;7544;49,99;
15:52:05;7514;50,00;
15:52:08;7530;50,00;
15:52:11;7466;50,00;
15:52:14;7528;50,00;
15:52:20;7528;49,99;
15:52:23;7484;49,99;
15:52:26;7524;49,99;
15:52:29;7498;49,99;
15:52:32;7512;50,00;
15:52:35;7466;50,00;
15:52:38;7504;50,00;
15:52:41;7498;50,01;
15:52:44;7482;50,01;
15:52:47;7440;50,01;
15:52:50;7486;50,00;
15:52:53;7472;50,00;
15:52:56;7484;50,00;
15:52:59;7466;50,00;
15:53:02;7476;50,00;
15:53:05;7490;50,00;
15:53:08;7504;50,00;
15:53:11;7496;50,01;
15:53:14;7494;50,00;
15:53:17;7492;50,00;
15:53:26;7490;50,00;
15:53:29;7496;50,00;
15:53:32;7466;50,00;
15:53:35;7498;50,00;
15:53:38;7456;49,99;
15:53:41;7506;49,99;
15:53:44;7486;49,99;
15:53:47;7512;50,00;
15:53:50;7516;50,00;
15:53:53;7504;50,00;
15:53:56;7516;50,00;
15:53:59;7508;49,99;
15:54:02;7508;50,00;
15:54:05;7532;50,00;
15:54:11;7556;50,00;
15:54:14;7522;50,00;
15:54:17;7562;50,00;
15:54:20;7536;50,00;
15:54:23;7570;50,01;
15:54:26;7530;50,00;
15:54:29;7574;50,00;
15:54:32;7580;50,00;
15:54:35;7584;50,00;
15:54:38;7544;49,99;
15:54:41;7594;49,99;
15:54:44;7568;49,99;
15:54:47;7598;49,99;
15:54:50;7552;49,99;
15:54:53;7592;49,99;
15:54:56;7560;50,00;
15:54:59;7584;50,00;
15:55:02;7538;50,01;
15:55:05;7568;50,00;
15:55:08;7534;50,00;
15:55:11;7556;50,00;
15:55:17;7548;50,00;
15:55:20;7514;50,00;
15:55:23;7546;50,00;
15:55:26;7502;49,99;
15:55:29;7542;49,99;
15:55:32;7506;49,99;
15:55:35;7536;49,99;
15:55:38;7538;49,99;
15:55:41;7530;49,99;
15:55:44;7500;49,99;
15:55:47;7532;50,00;
15:55:50;7496;50,00;
15:55:53;7530;50,00;
15:55:56;7512;50,01;
15:55:59;7526;50,01;
15:56:02;7512;50,01;
15:56:05;7524;50,00;
15:56:08;7514;50,00;
15:56:11;7516;50,00;
15:56:17;7514;50,00;
15:56:23;7518;50,00;
15:56:26;7512;50,00;
15:56:29;7506;50,00;
15:56:35;7502;50,00;
15:56:38;7500;50,00;
15:56:41;7456;50,00;
15:56:44;7498;50,00;
15:56:47;7494;50,00;
15:56:50;7496;50,00;
15:56:53;7498;50,00;
15:56:56;7494;50,00;
15:56:59;7500;50,00;
15:57:02;7502;50,00;
15:57:05;7458;50,00;
15:57:08;7500;49,99;
15:57:11;7502;50,00;
15:57:14;7500;50,00;
15:57:23;7504;49,99;
15:57:29;7502;49,99;
15:57:35;7500;50,00;
15:57:38;7496;50,00;
15:57:41;7498;50,01;
15:57:44;7486;50,01;
15:57:47;7468;50,00;
15:57:50;7494;50,00;
15:57:53;7482;49,99;
15:57:56;7484;49,99;
15:57:59;7472;49,98;
15:58:02;7476;49,99;
15:58:05;7452;49,99;
15:58:08;7466;49,99;
15:58:14;7460;49,99;
15:58:17;7422;50,00;
15:58:20;7460;50,00;
15:58:23;7428;50,00;
15:58:26;7462;50,00;
15:58:29;7424;50,00;
15:58:32;7462;50,00;
15:58:35;7432;50,00;
15:58:38;7456;50,00;
15:58:41;7418;49,99;
15:58:44;7452;49,99;
15:58:47;7416;49,98;
15:58:50;7446;49,99;
15:58:53;7414;49,99;
15:58:56;7444;50,00;
15:58:59;7422;50,00;
15:59:02;7442;50,01;
15:59:05;7420;50,01;
15:59:08;7434;50,01;
15:59:11;7422;50,01;
15:59:14;7430;50,01;
15:59:20;7416;50,01;
15:59:23;7418;50,00;
15:59:26;7420;50,00;
15:59:29;7418;49,99;
15:59:32;7414;49,99;
15:59:38;7374;49,99;
15:59:41;7410;50,00;
15:59:44;7414;49,99;
15:59:50;7412;49,99;
15:59:53;7410;49,99;
15:59:56;7416;49,99;
15:59:59;7414;49,99;
16:00:02;7376;49,99;
16:00:05;7414;49,99;
16:00:08;7416;49,98;
16:00:14;7414;49,98;
16:00:20;7416;49,98;
16:00:26;7418;49,98;
16:00:29;7418;49,97;
16:00:32;7422;49,98;
16:00:35;7424;49,98;
16:00:38;7420;49,98;
16:00:41;7424;49,98;
16:00:44;7402;49,98;
16:00:47;7428;49,98;
16:00:50;7430;49,97;
16:00:56;7422;49,98;
16:00:59;7424;49,98;
16:01:02;7404;49,99;
16:01:05;7420;49,99;
16:01:08;7410;49,99;
16:01:11;7426;50,00;
16:01:14;7412;50,00;
16:01:17;7434;50,00;
16:01:20;7400;49,99;
16:01:23;7428;50,00;
16:01:26;7404;50,00;
16:01:32;7342;50,00;
16:01:35;7420;50,00;
16:01:38;7398;50,00;
16:01:41;7416;50,01;
16:01:44;7388;50,01;
16:01:47;7424;50,01;
16:01:50;7420;50,00;
16:01:53;7398;50,00;
16:01:56;7382;49,99;
16:01:59;7420;49,99;
16:02:02;7400;49,99;
16:02:05;7420;49,99;
16:02:08;7378;49,99;
16:02:11;7412;49,99;
16:02:14;7414;49,99;
16:02:17;7412;49,99;
16:02:20;7372;49,99;
16:02:23;7406;49,99;
16:02:26;7384;49,99;
16:02:29;7400;49,99;
16:02:32;7358;50,00;
16:02:38;7392;50,00;
16:02:41;7390;50,00;
16:02:44;7392;50,00;
16:02:47;7392;50,01;
16:02:50;7388;50,01;
16:02:53;7386;50,01;
16:02:59;7342;50,00;
16:03:02;7372;50,00;
16:03:05;7384;50,00;
16:03:08;7382;50,00;
16:03:14;7384;50,01;
16:03:17;7384;50,00;
16:03:23;7386;50,00;
16:03:26;7384;50,00;
16:03:35;7380;49,99;
16:03:41;7370;49,98;
16:03:44;7378;49,98;
16:03:47;7382;49,99;
16:03:50;7384;50,00;
16:03:53;7380;49,99;
16:03:56;7382;50,00;
16:04:05;7374;50,00;
16:04:08;7378;50,01;
16:04:11;7336;50,01;
16:04:14;7380;50,01;
16:04:17;7358;50,01;
16:04:20;7378;50,01;
16:04:23;7326;50,01;
16:04:29;7360;50,00;
16:04:32;7370;50,00;
16:04:35;7308;50,00;
16:04:38;7366;50,00;
16:04:41;7354;50,00;
16:04:44;7366;50,00;
16:04:47;7364;50,00;
16:04:50;7304;50,00;
16:04:53;7346;50,00;
16:04:56;7358;49,99;
16:04:59;7298;49,98;
16:05:02;7348;49,99;
16:05:05;7344;49,98;
16:05:08;7350;49,99;
16:05:11;7352;49,99;
16:05:14;7342;49,99;
16:05:17;7334;49,99;
16:05:20;7336;49,98;
16:05:23;7282;49,98;
16:05:26;7332;49,98;
16:05:29;7320;49,98;
16:05:35;7274;49,98;
16:05:38;7328;49,98;
16:05:41;7314;49,97;
16:05:44;7322;49,97;
16:05:47;7262;49,98;
16:05:50;7316;49,98;
16:05:53;7318;49,98;
16:05:56;7314;49,98;
16:05:59;7264;49,99;
16:06:02;7308;49,99;
16:06:05;7312;50,00;
16:06:08;7314;50,00;
16:06:11;7284;50,00;
16:06:14;7278;50,00;
16:06:17;7308;50,00;
16:06:20;7310;50,01;
16:06:23;7294;50,01;
16:06:26;7246;50,01;
16:06:29;7292;50,00;
16:06:35;7294;50,00;
16:06:41;7288;50,00;
16:06:44;7282;50,00;
16:06:50;7222;50,00;
16:06:53;7282;50,00;
16:07:02;7230;50,00;
16:07:05;7276;50,00;
16:07:08;7278;50,00;
16:07:14;7240;49,99;
16:07:17;7274;49,99;
16:07:20;7270;49,99;
16:07:26;7210;49,99;
16:07:29;7260;49,99;
16:07:32;7252;49,99;
16:07:35;7252;50,00;
16:07:38;7190;50,00;
16:07:41;7252;50,00;
16:07:44;7248;50,00;
16:07:47;7254;49,99;
16:07:50;7178;49,99;
16:07:53;7242;49,98;
16:07:59;7232;49,98;
16:08:02;7164;49,98;
16:08:05;7222;49,98;
16:08:11;7218;49,98;
16:08:14;7156;49,98;
16:08:17;7220;49,98;
16:08:20;7224;49,98;
16:08:23;7214;49,98;
16:08:26;7148;49,98;
16:08:32;7216;49,98;
16:08:35;7204;49,98;
16:08:38;7140;49,98;
16:08:41;7206;49,98;
16:08:44;7214;49,98;
16:08:47;7204;49,97;
16:08:50;7198;49,97;
16:08:53;7128;49,97;
16:08:56;7208;49,98;
16:08:59;7192;49,97;
16:09:02;7138;49,97;
16:09:05;7178;49,98;
16:09:08;7184;49,97;
16:09:11;7186;49,97;
16:09:17;7150;49,97;
16:09:20;7174;49,97;
16:09:26;7166;49,98;
16:09:29;7114;49,98;
16:09:32;7170;49,98;
16:09:38;7166;49,98;
16:09:41;7100;49,98;
16:09:44;7162;49,97;
16:09:47;7148;49,96;
16:09:50;7162;49,96;
16:09:53;7096;49,97;
16:09:56;7160;49,97;
16:10:02;7162;49,97;
16:10:05;7096;49,97;
16:10:08;7156;49,97;
16:10:11;7148;49,97;
16:10:14;7146;49,97;
16:10:17;7076;49,97;
16:10:20;7148;49,97;
16:10:23;7158;49,96;
16:10:26;7144;49,96;
16:10:29;7074;49,96;
16:10:32;7140;49,96;
16:10:35;7154;49,97;
16:10:38;7140;49,97;
16:10:44;7138;49,96;
16:10:47;7144;49,96;
16:10:50;7130;49,96;
16:10:53;7062;49,96;
16:10:56;7134;49,96;
16:10:59;7142;49,97;
16:11:02;7132;49,97;
16:11:05;7132;49,96;
16:11:08;7128;49,96;
16:11:11;7140;49,96;
16:11:14;7138;49,96;
16:11:17;7106;49,96;
16:11:20;7132;49,97;
16:11:26;7126;49,97;
16:11:29;7108;49,97;
16:11:32;7112;49,97;
16:11:35;7116;49,97;
16:11:38;7112;49,97;
16:11:41;7110;49,97;
16:11:44;7034;49,96;
16:11:47;7102;49,96;
16:11:50;7108;49,96;
16:11:53;7020;49,96;
16:11:56;7088;49,96;
16:11:59;7098;49,96;
16:12:02;7082;49,97;
16:12:05;7018;49,97;
16:12:08;7066;49,96;
16:12:11;7076;49,97;
16:12:14;7070;49,96;
16:12:17;7034;49,97;
16:12:20;7026;49,97;
16:12:23;7064;49,97;
16:12:26;7070;49,97;
16:12:29;7056;49,97;
16:12:35;7058;49,97;
16:12:38;7068;49,97;
16:12:41;7056;49,98;
16:12:44;6984;49,98;
16:12:47;7054;49,98;
16:12:50;7060;49,98;
16:12:53;7048;49,98;
16:12:56;7050;49,98;
16:12:59;7036;49,98;
16:13:02;7042;49,99;
16:13:05;7018;49,99;
16:13:08;6940;49,99;
16:13:11;7008;49,99;
16:13:14;7022;49,98;
16:13:17;7016;49,98;
16:13:20;6936;49,98;
16:13:23;7012;49,98;
16:13:26;7030;49,98;
16:13:29;7028;49,98;
16:13:32;6962;49,98;
16:13:35;7024;49,98;
16:13:41;7004;49,99;
16:13:44;6932;49,99;
16:13:47;6986;49,99;
16:13:50;6998;49,99;
16:13:53;6992;49,99;
16:13:56;6922;49,99;
16:13:59;6988;50,00;
16:14:05;6966;50,00;
16:14:08;6900;49,99;
16:14:11;6956;49,99;
16:14:14;6970;49,99;
16:14:17;6956;50,00;
16:14:20;6922;50,00;
16:14:23;6910;49,99;
16:14:26;6958;49,99;
16:14:29;6940;49,98;
16:14:32;6938;49,99;
16:14:35;6944;49,98;
16:14:38;6940;49,98;
16:14:41;6936;49,98;
16:14:47;6948;49,96;
16:14:50;6942;49,96;
16:14:53;6928;49,96;
16:14:56;6920;49,97;
16:14:59;6908;49,97;
16:15:02;6908;49,98;
16:15:05;6892;49,98;
16:15:08;6904;49,98;
16:15:11;6914;49,99;
16:15:14;6920;49,99;
16:15:17;6910;49,99;
16:15:20;6906;49,99;
16:15:23;6922;49,98;
16:15:29;6902;49,98;
16:15:32;6918;49,98;
16:15:35;6912;49,98;
16:15:38;6902;49,98;
16:15:41;6890;49,98;
16:15:44;6888;49,99;
16:15:47;6894;49,99;
16:15:53;6914;50,00;
16:15:56;6920;50,00;
16:15:59;6934;50,00;
16:16:02;6932;50,01;
16:16:05;6930;50,00;
16:16:08;6924;50,00;
16:16:11;6866;50,00;
16:16:14;6914;50,00;
16:16:17;6904;50,00;
16:16:20;6916;50,00;
16:16:23;6884;50,00;
16:16:26;6912;50,00;
16:16:29;6894;50,00;
16:16:32;6922;50,00;
16:16:38;6920;50,00;
16:16:41;6896;49,99;
16:16:44;6920;49,98;
16:16:47;6860;49,98;
16:16:50;6918;49,98;
16:16:53;6894;49,98;
16:16:56;6916;49,99;
16:16:59;6920;49,99;
16:17:02;6918;50,00;
16:17:05;6892;50,00;
16:17:08;6910;50,00;
16:17:11;6860;50,00;
16:17:14;6908;50,00;
16:17:17;6896;50,00;
16:17:20;6902;50,00;
16:17:23;6868;50,00;
16:17:26;6890;49,99;
16:17:29;6880;49,98;
16:17:32;6878;49,98;
16:17:35;6866;49,98;
16:17:38;6862;49,98;
16:17:44;6854;49,98;
16:17:47;6850;49,99;
16:17:50;6848;50,00;
16:17:53;6850;50,00;
16:17:56;6846;49,99;
16:17:59;6842;49,99;
16:18:02;6788;49,99;
16:18:05;6844;49,98;
16:18:08;6852;49,98;
16:18:11;6854;49,97;
16:18:14;6858;49,97;
16:18:17;6864;49,97;
16:18:20;6820;49,98;
16:18:23;6872;49,98;
16:18:26;6824;49,98;
16:18:29;6878;49,98;
16:18:32;6872;49,97;
16:18:35;6874;49,98;
16:18:38;6870;49,98;
16:18:44;6864;49,99;
16:18:50;6860;50,00;
16:18:53;6858;50,00;
16:18:56;6856;50,00;
16:18:59;6854;50,00;
16:19:02;6852;50,00;
16:19:05;6854;50,00;
16:19:08;6822;50,00;
16:19:11;6852;49,99;
16:19:14;6856;49,98;
16:19:17;6860;49,98;
16:19:20;6850;49,99;
16:19:23;6866;50,00;
16:19:26;6850;50,01;
16:19:29;6870;50,01;
16:19:32;6844;50,01;
16:19:35;6874;50,01;
16:19:38;6806;50,00;
16:19:41;6868;50,00;
16:19:44;6816;49,99;
16:19:47;6860;49,99;
16:19:50;6814;49,99;
16:19:56;6822;49,98;
16:19:59;6858;49,99;
16:20:02;6824;49,98;
16:20:05;6862;49,98;
16:20:08;6820;49,98;
16:20:11;6868;49,98;
16:20:14;6866;49,97;
16:20:17;6834;49,97;
16:20:20;6822;49,97;
16:20:23;6868;49,98;
16:20:26;6828;49,98;
16:20:29;6864;49,98;
16:20:32;6824;49,98;
16:20:35;6870;49,98;
16:20:38;6872;49,98;
16:20:41;6878;49,98;
16:20:44;6836;49,98;
16:20:47;6882;49,98;
16:20:50;6884;49,97;
16:20:53;6884;49,98;
16:20:56;6884;49,97;
16:20:59;6840;49,98;
16:21:02;6882;49,98;
16:21:05;6880;49,98;
16:21:08;6878;49,99;
16:21:11;6870;50,00;
16:21:14;6872;50,00;
16:21:17;6868;49,99;
16:21:20;6866;49,99;
16:21:23;6816;49,99;
16:21:26;6860;49,99;
16:21:29;6860;49,98;
16:21:32;6858;49,98;
16:21:35;6854;49,98;
16:21:38;6854;49,97;
16:21:41;6850;49,96;
16:21:47;6846;49,97;
16:21:50;6848;49,98;
16:21:53;6844;49,98;
16:21:56;6842;49,98;
16:21:59;6840;49,98;
16:22:02;6840;49,99;
16:22:05;6808;49,98;
16:22:08;6830;49,99;
16:22:11;6824;49,99;
16:22:14;6826;49,99;
16:22:17;6824;50,00;
16:22:20;6826;50,00;
16:22:23;6800;50,00;
16:22:26;6820;50,00;
16:22:29;6804;49,99;
16:22:32;6818;49,99;
16:22:35;6774;49,98;
16:22:38;6806;49,98;
16:22:41;6788;49,98;
16:22:44;6808;49,98;
16:22:47;6752;49,99;
16:22:53;6778;49,98;
16:22:56;6802;49,98;
16:22:59;6740;49,98;
16:23:02;6800;49,98;
16:23:05;6770;49,98;
16:23:08;6790;49,98;
16:23:11;6786;49,98;
16:23:14;6720;49,98;
16:23:17;6756;49,98;
16:23:20;6774;49,98;
16:23:23;6728;49,98;
16:23:26;6776;49,97;
16:23:29;6754;49,98;
16:23:32;6776;49,98;
16:23:35;6774;49,99;
16:23:41;6750;49,99;
16:23:44;6772;49,99;
16:23:47;6722;49,98;
16:23:50;6768;49,98;
16:23:53;6736;49,98;
16:23:59;6704;49,98;
16:24:02;6752;49,98;
16:24:05;6726;49,99;
16:24:08;6748;49,99;
16:24:11;6696;49,99;
16:24:14;6742;49,99;
16:24:17;6738;49,99;
16:24:20;6724;49,99;
16:24:23;6692;49,99;
16:24:26;6710;50,00;
16:24:29;6712;50,00;
16:24:32;6704;50,00;
16:24:35;6692;50,00;
16:24:38;6668;49,99;
16:24:41;6696;49,99;
16:24:44;6668;49,98;
16:24:47;6676;49,98;
16:24:50;6630;49,98;
16:24:53;6672;49,99;
16:24:56;6646;49,99;
16:24:59;6664;49,99;
16:25:05;6658;50,00;
16:25:08;6634;49,99;
16:25:11;6642;49,99;
16:25:14;6596;49,99;
16:25:17;6640;50,00;
16:25:20;6616;50,00;
16:25:23;6634;50,00;
16:25:26;6630;50,00;
16:25:29;6620;49,99;
16:25:32;6598;49,98;
16:25:35;6614;49,98;
16:25:38;6572;49,98;
16:25:41;6600;49,98;
16:25:44;6574;49,98;
16:25:50;6534;49,97;
16:25:53;6584;49,97;
16:25:56;6554;49,97;
16:25:59;6574;49,97;
16:26:02;6520;49,97;
16:26:05;6566;49,97;
16:26:11;6546;49,96;
16:26:14;6516;49,97;
16:26:17;6562;49,97;
16:26:20;6542;49,97;
16:26:23;6562;49,98;
16:26:26;6512;49,98;
16:26:29;6556;49,98;
16:26:32;6558;49,98;
16:26:35;6556;49,98;
16:26:38;6512;49,98;
16:26:41;6560;49,98;
16:26:44;6546;49,98;
16:26:47;6570;49,98;
16:26:50;6530;49,98;
16:26:56;6556;49,99;
16:26:59;6576;49,98;
16:27:02;6528;50,00;
16:27:05;6572;50,00;
16:27:08;6540;50,00;
16:27:11;6566;50,01;
16:27:14;6562;50,00;
16:27:17;6516;50,00;
16:27:20;6534;49,99;
16:27:23;6542;49,99;
16:27:26;6516;49,98;
16:27:29;6534;49,99;
16:27:32;6538;49,98;
16:27:35;6530;49,98;
16:27:38;6550;49,98;
16:27:41;6524;49,97;
16:27:44;6550;49,97;
16:27:47;6516;49,97;
16:27:50;6546;49,97;
16:27:53;6504;49,97;
16:27:56;6538;49,97;
16:28:02;6536;49,97;
16:28:05;6500;49,97;
16:28:08;6540;49,98;
16:28:11;6510;49,98;
16:28:14;6548;49,99;
16:28:17;6510;49,99;
16:28:20;6546;49,98;
16:28:23;6542;49,98;
16:28:26;6536;49,98;
16:28:29;6498;49,98;
16:28:32;6532;49,98;
16:28:35;6492;49,98;
16:28:38;6524;49,98;
16:28:41;6484;49,98;
16:28:44;6522;49,98;
16:28:47;6488;49,99;
16:28:50;6530;49,98;
16:28:53;6494;49,98;
16:28:56;6530;49,97;
16:28:59;6492;49,96;
16:29:02;6532;49,96;
16:29:08;6538;49,96;
16:29:11;6494;49,96;
16:29:14;6536;49,97;
16:29:17;6498;49,97;
16:29:20;6538;49,98;
16:29:23;6514;49,98;
16:29:26;6534;49,99;
16:29:29;6546;49,99;
16:29:32;6548;49,99;
16:29:35;6542;49,98;
16:29:38;6552;49,98;
16:29:41;6540;49,98;
16:29:44;6550;49,98;
16:29:50;6510;49,99;
16:29:53;6546;49,99;
16:29:56;6512;50,00;
16:29:59;6540;49,99;
16:30:02;6510;49,99;
16:30:05;6542;49,98;
16:30:08;6510;49,98;
16:30:11;6540;49,98;
16:30:17;6536;49,98;
16:30:20;6540;49,98;
16:30:23;6512;49,97;
16:30:26;6520;49,97;
16:30:29;6496;49,96;
16:30:32;6510;49,96;
16:30:35;6514;49,96;
16:30:38;6492;49,95;
16:30:41;6494;49,95;
16:30:44;6482;49,96;
16:30:47;6506;49,95;
16:30:50;6478;49,96;
16:30:53;6504;49,95;
16:30:59;6498;49,96;
16:31:02;6470;49,96;
16:31:05;6492;49,96;
16:31:08;6448;49,96;
16:31:11;6480;49,96;
16:31:14;6460;49,96;
16:31:17;6480;49,96;
16:31:23;6466;49,98;
16:31:26;6454;49,98;
16:31:29;6470;49,97;
16:31:32;6408;49,97;
16:31:35;6460;49,97;
16:31:38;6432;49,97;
16:31:41;6456;49,96;
16:31:44;6386;49,96;
16:31:47;6434;49,96;
16:31:50;6410;49,96;
16:31:53;6434;49,97;
16:31:56;6374;49,97;
16:31:59;6422;49,97;
16:32:05;6414;49,97;
16:32:08;6354;49,96;
16:32:11;6402;49,97;
16:32:14;6372;49,96;
16:32:17;6396;49,97;
16:32:20;6338;49,97;
16:32:23;6396;49,97;
16:32:26;6392;49,97;
16:32:29;6382;49,97;
16:32:32;6342;49,97;
16:32:35;6376;49,97;
16:32:38;6360;49,96;
16:32:41;6376;49,96;
16:32:44;6366;49,96;
16:32:47;6338;49,96;
16:32:50;6374;49,97;
16:32:53;6378;49,97;
16:32:59;6368;49,97;
16:33:02;6364;49,97;
16:33:05;6362;49,98;
16:33:17;6360;49,98;
16:33:20;6362;49,97;
16:33:23;6364;49,97;
16:33:26;6362;49,97;
16:33:29;6332;49,97;
16:33:32;6360;49,97;
16:33:35;6352;49,97;
16:33:38;6350;49,97;
16:33:41;6348;49,97;
16:33:44;6342;49,98;
16:33:50;6338;49,98;
16:33:53;6310;49,97;
16:33:56;6334;49,96;
16:34:02;6332;49,96;
16:34:05;6330;49,96;
16:34:08;6328;49,97;
16:34:11;6330;49,97;
16:34:17;6336;49,98;
16:34:20;6328;49,98;
16:34:23;6316;49,98;
16:34:26;6314;49,97;
16:34:29;6290;49,97;
16:34:32;6308;49,97;
16:34:35;6272;49,97;
16:34:38;6284;49,97;
16:34:41;6290;49,97;
16:34:44;6302;49,97;
16:34:47;6292;49,97;
16:34:50;6296;49,97;
16:34:53;6290;49,97;
16:34:56;6286;49,97;
16:35:02;6276;49,98;
16:35:05;6270;49,98;
16:35:11;6266;49,97;
16:35:14;6258;49,98;
16:35:17;6256;49,98;
16:35:20;6236;49,98;
16:35:23;6260;49,97;
16:35:26;6256;49,97;
16:35:29;6238;49,97;
16:35:32;6250;49,97;
16:35:35;6210;49,97;
16:35:38;6256;49,98;
16:35:41;6248;49,98;
16:35:44;6244;49,98;
16:35:47;6238;49,98;
16:35:50;6242;49,98;
16:35:53;6260;49,98;
16:35:56;6262;49,98;
16:35:59;6260;49,98;
16:36:02;6262;49,97;
16:36:11;6258;49,97;
16:36:14;6260;49,97;
16:36:17;6262;49,98;
16:36:20;6260;49,97;
16:36:23;6256;49,97;
16:36:26;6196;49,97;
16:36:29;6254;49,96;
16:36:32;6250;49,97;
16:36:35;6246;49,98;
16:36:41;6248;49,98;
16:36:44;6246;49,97;
16:36:47;6248;49,96;
16:36:50;6194;49,96;
16:36:53;6244;49,96;
16:36:56;6242;49,97;
16:36:59;6240;49,97;
16:37:05;6240;49,98;
16:37:08;6242;49,98;
16:37:14;6238;49,97;
16:37:17;6236;49,97;
16:37:20;6232;49,96;
16:37:26;6220;49,96;
16:37:29;6222;49,96;
16:37:32;6202;49,96;
16:37:56;6164;49,96;
16:37:59;6192;49,97;
16:38:02;6136;49,98;
16:38:05;6190;49,98;
16:38:08;6160;49,98;
16:38:11;6188;49,98;
16:38:14;6186;49,98;
16:38:17;6130;49,98;
16:38:20;6158;49,97;
16:38:23;6184;49,97;
16:38:26;6134;49,96;
16:38:29;6186;49,96;
16:38:32;6156;49,96;
16:38:35;6188;49,96;
16:38:41;6178;49,96;
16:38:44;6144;49,96;
16:38:47;6170;49,96;
16:38:50;6120;49,97;
16:38:53;6174;49,97;
16:38:56;6170;49,97;
16:38:59;6136;49,98;
16:39:02;6170;49,98;
16:39:05;6164;49,99;
16:39:08;6162;49,98;
16:39:11;6160;49,99;
16:39:14;6158;49,98;
16:39:17;6154;49,98;
16:39:20;6152;49,98;
16:39:23;6116;49,98;
16:39:26;6152;49,99;
16:39:29;6146;50,00;
16:39:32;6140;49,99;
16:39:35;6130;49,99;
16:39:38;6136;49,99;
16:39:41;6122;49,98;
16:39:47;6114;49,98;
16:39:50;6140;49,97;
16:39:53;6106;49,98;
16:39:56;6142;49,97;
16:39:59;6110;49,98;
16:40:02;6146;49,99;
16:40:05;6148;49,99;
16:40:08;6100;50,00;
16:40:11;6110;50,00;
16:40:14;6146;50,00;
16:40:17;6140;49,99;
16:40:20;6142;49,99;
16:40:23;6144;49,98;
16:40:26;6142;49,97;
16:40:29;6096;49,97;
16:40:32;6140;49,96;
16:40:35;6128;49,97;
16:40:38;6142;49,97;
16:40:41;6134;49,97;
16:40:44;6140;49,97;
16:40:47;6114;49,98;
16:40:53;6122;49,98;
16:40:56;6138;49,98;
16:40:59;6098;49,98;
16:41:02;6140;49,98;
16:41:05;6124;49,98;
16:41:08;6138;49,98;
16:41:11;6152;49,97;
16:41:14;6116;49,97;
16:41:17;6128;49,96;
16:41:20;6158;49,97;
16:41:23;6108;49,98;
16:41:26;6158;49,98;
16:41:29;6128;49,98;
16:41:32;6148;49,98;
16:41:35;6146;49,98;
16:41:38;6138;49,98;
16:41:41;6098;49,96;
16:41:44;6122;49,96;
16:41:47;6066;49,96;
16:41:50;6118;49,96;
16:41:53;6088;49,96;
16:41:59;6066;49,97;
16:42:02;6118;49,97;
16:42:05;6082;49,97;
16:42:08;6112;49,96;
16:42:11;6062;49,97;
16:42:14;6108;49,96;
16:42:17;6106;49,96;
16:42:20;6076;49,96;
16:42:23;6056;49,96;
16:42:26;6108;49,97;
16:42:29;6084;49,97;
16:42:32;6108;49,98;
16:42:35;6064;49,98;
16:42:38;6104;49,97;
16:42:41;6114;49,97;
16:42:44;6098;49,96;
16:42:47;6082;49,97;
16:42:50;6088;49,97;
16:42:53;6102;49,98;
16:42:56;6078;49,98;
16:42:59;6094;49,99;
16:43:05;6100;49,99;
16:43:08;6068;49,98;
16:43:11;6098;49,98;
16:43:14;6052;49,98;
16:43:17;6094;49,97;
16:43:20;6054;49,97;
16:43:23;6084;49,96;
16:43:29;6082;49,96;
16:43:32;6042;49,95;
16:43:35;6076;49,95;
16:43:38;6032;49,95;
16:43:41;6072;49,95;
16:43:44;6028;49,95;
16:43:50;6018;49,96;
16:43:53;6054;49,96;
16:43:56;6012;49,96;
16:43:59;6048;49,96;
16:44:02;6008;49,96;
16:44:05;6046;49,96;
16:44:08;6048;49,96;
16:44:11;6008;49,96;
16:44:14;6006;49,96;
16:44:17;6044;49,96;
16:44:20;6006;49,96;
16:44:23;6048;49,96;
16:44:26;6006;49,96;
16:44:29;6044;49,96;
16:44:32;6040;49,96;
16:44:35;6042;49,96;
16:44:38;6002;49,96;
16:44:41;6042;49,97;
16:44:44;6020;49,97;
16:44:47;6024;49,98;
16:44:50;6016;49,97;
16:44:56;6030;49,97;
16:44:59;6004;49,97;
16:45:02;6032;49,96;
16:45:05;6006;49,96;
16:45:08;6036;49,96;
16:45:11;5996;49,97;
16:45:14;6030;49,97;
16:45:17;6028;49,97;
16:45:20;5980;49,96;
16:45:23;6022;49,96;
16:45:26;5984;49,96;
16:45:29;6016;49,96;
16:45:32;5974;49,96;
16:45:35;6012;49,96;
16:45:41;6004;49,95;
16:45:44;5982;49,96;
16:45:47;5988;49,96;
16:45:50;5982;49,96;
16:45:53;5984;49,96;
16:45:56;5990;49,96;
16:46:02;5986;49,98;
16:46:05;5964;49,98;
16:46:08;5990;49,98;
16:46:11;5952;49,98;
16:46:14;5988;49,97;
16:46:17;5948;49,97;
16:46:20;5984;49,97;
16:46:23;5980;49,96;
16:46:26;5974;49,96;
16:46:29;5936;49,96;
16:46:32;5968;49,97;
16:46:35;5928;49,96;
16:46:38;5962;49,97;
16:46:41;5928;49,97;
16:46:44;5962;49,97;
16:46:47;5916;49,97;
16:46:50;5952;49,97;
16:46:53;5914;49,97;
16:46:56;5948;49,97;
16:46:59;5906;49,97;
16:47:02;5948;49,96;
16:47:08;5948;49,97;
16:47:11;5904;49,97;
16:47:14;5946;49,97;
16:47:17;5908;49,96;
16:47:20;5938;49,96;
16:47:23;5896;49,96;
16:47:26;5938;49,96;
16:47:29;5936;49,96;
16:47:32;5934;49,97;
16:47:35;5894;49,97;
16:47:38;5930;49,96;
16:47:41;5896;49,96;
16:47:44;5928;49,96;
16:47:47;5906;49,96;
16:47:50;5910;49,96;
16:47:53;5908;49,97;
16:47:56;5922;49,97;
16:47:59;5918;49,97;
16:48:02;5890;49,98;
16:48:05;5910;49,98;
16:48:08;5886;49,98;
16:48:11;5912;49,98;
16:48:14;5908;49,98;
16:48:17;5904;49,98;
16:48:20;5870;49,98;
16:48:23;5900;49,98;
16:48:26;5858;49,98;
16:48:29;5894;49,98;
16:48:32;5860;49,97;
16:48:35;5890;49,97;
16:48:38;5844;49,97;
16:48:41;5884;49,96;
16:48:44;5850;49,96;
16:48:47;5882;49,97;
16:48:50;5842;49,97;
16:48:53;5882;49,97;
16:48:59;5884;49,97;
16:49:02;5840;49,97;
16:49:05;5880;49,96;
16:49:08;5846;49,96;
16:49:11;5878;49,96;
16:49:14;5834;49,96;
16:49:17;5876;49,96;
16:49:20;5872;49,96;
16:49:23;5868;49,97;
16:49:26;5820;49,97;
16:49:29;5862;49,97;
16:49:32;5824;49,96;
16:49:35;5856;49,96;
16:49:38;5814;49,96;
16:49:41;5848;49,96;
16:49:44;5812;49,96;
16:49:47;5842;49,96;
16:49:50;5820;49,96;
16:49:53;5840;49,96;
16:49:56;5818;49,96;
16:49:59;5836;49,96;
16:50:05;5830;49,96;
16:50:08;5822;49,97;
16:50:17;5820;49,96;
16:50:20;5816;49,96;
16:50:23;5786;49,96;
16:50:26;5814;49,96;
16:50:29;5812;49,96;
16:50:32;5780;49,96;
16:50:35;5810;49,96;
16:50:38;5766;49,95;
16:50:41;5810;49,95;
16:50:44;5780;49,96;
16:50:47;5804;49,96;
16:50:50;5778;49,97;
16:50:53;5804;49,97;
16:50:56;5786;49,97;
16:50:59;5800;49,96;
16:51:02;5788;49,96;
16:51:05;5796;49,96;
16:51:11;5794;49,96;
16:51:14;5792;49,96;
16:51:17;5788;49,97;
16:51:26;5782;49,98;
16:51:29;5726;49,97;
16:51:32;5774;49,97;
16:51:35;5770;49,98;
16:51:38;5768;49,98;
16:51:41;5760;49,97;
16:51:44;5756;49,98;
16:51:47;5750;49,98;
16:51:50;5744;49,98;
16:51:53;5682;49,98;
16:51:56;5724;49,98;
16:51:59;5718;49,99;
16:52:02;5720;49,99;
16:52:05;5716;50,00;
16:52:08;5714;49,99;
16:52:11;5708;50,00;
16:52:17;5704;50,00;
16:52:20;5700;50,00;
16:52:23;5698;49,99;
16:52:26;5696;49,99;
16:52:29;5644;49,99;
16:52:32;5692;49,99;
16:52:35;5684;49,99;
16:52:38;5682;49,98;
16:52:41;5622;49,98;
16:52:44;5682;49,98;
16:52:47;5686;49,98;
16:52:50;5680;49,98;
16:52:53;5632;49,98;
16:52:56;5684;49,98;
16:53:02;5688;49,99;
16:53:05;5670;49,99;
16:53:08;5692;49,99;
16:53:11;5694;49,98;
16:53:14;5686;49,98;
16:53:17;5684;49,98;
16:53:20;5620;49,98;
16:53:23;5682;49,98;
16:53:26;5684;49,98;
16:53:29;5682;49,98;
16:53:32;5688;49,98;
16:53:38;5686;49,98;
16:53:41;5684;49,98;
16:53:44;5624;49,98;
16:53:47;5688;49,98;
16:53:50;5646;49,98;
16:53:53;5662;49,98;
16:53:56;5656;49,99;
16:53:59;5670;49,99;
16:54:02;5686;50,00;
16:54:08;5688;50,00;
16:54:11;5686;50,00;
16:54:14;5686;49,99;
16:54:17;5688;50,00;
16:54:20;5684;50,00;
16:54:23;5686;50,00;
16:54:26;5666;50,00;
16:54:29;5680;50,00;
16:54:32;5672;50,00;
16:54:35;5668;50,00;
16:54:38;5664;50,00;
16:54:41;5668;50,00;
16:54:44;5666;50,00;
16:54:47;5662;50,00;
16:54:50;5654;50,00;
16:54:53;5660;50,00;
16:54:56;5638;50,00;
16:54:59;5656;50,00;
16:55:02;5646;50,01;
16:55:05;5658;50,01;
16:55:08;5650;50,01;
16:55:14;5646;50,01;
16:55:17;5642;50,00;
16:55:20;5640;50,01;
16:55:23;5638;50,01;
16:55:26;5634;50,00;
16:55:29;5632;50,01;
16:55:32;5574;50,01;
16:55:35;5632;50,01;
16:55:38;5626;50,01;
16:55:44;5624;50,01;
16:55:47;5622;50,01;
16:55:50;5614;50,01;
16:55:56;5570;50,01;
16:55:59;5602;50,01;
16:56:02;5586;50,01;
16:56:05;5590;50,01;
16:56:08;5542;50,01;
16:56:11;5576;50,01;
16:56:14;5550;50,01;
16:56:20;5506;50,00;
16:56:23;5562;50,00;
16:56:26;5546;50,01;
16:56:29;5562;50,01;
16:56:32;5510;50,01;
16:56:35;5568;50,01;
16:56:38;5566;50,01;
16:56:41;5546;50,00;
16:56:44;5506;50,00;
16:56:47;5560;50,00;
16:56:50;5542;50,01;
16:56:53;5554;50,01;
16:56:56;5502;50,01;
16:56:59;5548;50,01;
16:57:05;5540;50,01;
16:57:11;5536;50,01;
16:57:14;5528;50,01;
16:57:17;5520;50,01;
16:57:20;5518;50,01;
16:57:23;5460;50,01;
16:57:26;5508;50,01;
16:57:29;5502;50,01;
16:57:32;5504;50,01;
16:57:35;5500;50,00;
16:57:41;5498;50,00;
16:57:44;5494;49,99;
16:57:47;5446;50,00;
16:57:50;5486;49,99;
16:57:53;5484;49,99;
16:57:59;5470;49,99;
16:58:02;5482;49,99;
16:58:05;5462;50,00;
16:58:11;5438;50,00;
16:58:14;5468;50,00;
16:58:17;5446;50,00;
16:58:20;5470;50,00;
16:58:23;5420;49,99;
16:58:26;5466;49,99;
16:58:32;5442;49,99;
16:58:35;5420;49,99;
16:58:38;5464;50,00;
16:58:41;5440;50,00;
16:58:44;5464;50,00;
16:58:47;5420;50,00;
16:58:50;5464;50,00;
16:58:53;5462;50,00;
16:58:56;5464;50,00;
16:58:59;5418;50,00;
16:59:02;5462;50,01;
16:59:05;5436;50,01;
16:59:08;5460;50,01;
16:59:11;5406;50,01;
16:59:17;5432;50,00;
16:59:20;5456;50,00;
16:59:23;5416;50,00;
16:59:26;5456;50,00;
16:59:29;5430;50,00;
16:59:32;5456;50,00;
16:59:35;5454;50,00;
16:59:38;5412;50,00;
16:59:41;5428;50,01;
16:59:44;5452;50,01;
16:59:47;5410;50,02;
16:59:50;5448;50,02;
16:59:53;5420;50,01;
16:59:56;5444;50,01;
17:00:02;5446;50,01;
17:00:05;5418;50,00;
17:00:08;5444;50,00;
17:00:11;5408;50,00;
17:00:14;5440;50,00;
17:00:17;5404;49,99;
17:00:23;5392;50,00;
17:00:26;5426;50,00;
17:00:29;5376;49,99;
17:00:32;5404;49,99;
17:00:35;5370;49,98;
17:00:38;5398;49,98;
17:00:44;5364;49,98;
17:00:47;5364;49,99;
17:00:50;5396;50,00;
17:00:53;5378;50,00;
17:00:56;5384;50,01;
17:00:59;5364;50,01;
17:01:02;5374;50,01;
17:01:05;5388;50,01;
17:01:08;5370;50,01;
17:01:14;5368;50,01;
17:01:17;5382;50,02;
17:01:20;5352;50,01;
17:01:23;5376;50,01;
17:01:29;5372;50,01;
17:01:32;5342;50,01;
17:01:35;5372;50,01;
17:01:38;5338;50,01;
17:01:41;5366;50,01;
17:01:44;5338;50,01;
17:01:47;5364;50,01;
17:01:50;5362;50,01;
17:01:53;5366;50,01;
17:01:56;5332;50,01;
17:01:59;5360;50,01;
17:02:02;5328;50,01;
17:02:05;5350;50,01;
17:02:08;5324;50,02;
17:02:14;5316;50,01;
17:02:17;5342;50,01;
17:02:20;5316;50,01;
17:02:23;5344;50,01;
17:02:26;5314;50,01;
17:02:29;5342;50,01;
17:02:32;5340;50,01;
17:02:35;5310;50,01;
17:02:38;5274;50,01;
17:02:41;5334;50,02;
17:02:44;5304;50,03;
17:02:47;5336;50,02;
17:02:50;5306;50,01;
17:02:53;5334;50,00;
17:02:56;5328;50,00;
17:02:59;5320;50,01;
17:03:02;5304;50,01;
17:03:05;5324;50,01;
17:03:08;5316;50,01;
17:03:11;5300;50,01;
17:03:14;5308;50,01;
17:03:20;5310;50,01;
17:03:23;5284;50,01;
17:03:29;5302;50,01;
17:03:32;5266;50,01;
17:03:35;5300;50,01;
17:03:38;5296;50,01;
17:03:41;5274;50,02;
17:03:44;5242;50,02;
17:03:47;5288;50,02;
17:03:50;5266;50,02;
17:03:53;5284;50,02;
17:03:56;5238;50,02;
17:03:59;5280;50,02;
17:04:02;5278;50,02;
17:04:05;5260;50,02;
17:04:08;5246;50,02;
17:04:11;5248;50,02;
17:04:14;5258;50,02;
17:04:17;5236;50,02;
17:04:20;5246;50,02;
17:04:26;5244;50,01;
17:04:29;5216;50,01;
17:04:32;5238;50,01;
17:04:35;5208;50,01;
17:04:38;5232;50,01;
17:04:41;5214;50,01;
17:04:44;5228;50,01;
17:04:47;5232;50,01;
17:04:50;5226;50,01;
17:04:53;5198;50,02;
17:04:56;5222;50,01;
17:04:59;5202;50,01;
17:05:02;5212;50,01;
17:05:05;5180;50,01;
17:05:08;5208;50,01;
17:05:11;5190;50,01;
17:05:14;5202;50,01;
17:05:17;5164;50,01;
17:05:20;5200;50,02;
17:05:23;5186;50,02;
17:05:26;5196;50,01;
17:05:32;5190;50,01;
17:05:35;5174;50,01;
17:05:38;5186;50,02;
17:05:41;5140;50,03;
17:05:44;5180;50,03;
17:05:47;5164;50,03;
17:05:50;5178;50,03;
17:05:53;5176;50,02;
17:05:56;5172;50,02;
17:05:59;5164;50,02;
17:06:02;5170;50,02;
17:06:05;5130;50,01;
17:06:08;5150;50,01;
17:06:11;5154;50,01;
17:06:17;5140;50,01;
17:06:20;5126;50,01;
17:06:23;5152;50,01;
17:06:26;5124;50,00;
17:06:29;5144;50,00;
17:06:32;5096;50,00;
17:06:35;5142;50,00;
17:06:41;5134;50,00;
17:06:44;5084;50,00;
17:06:47;5130;50,01;
17:06:50;5108;50,01;
17:06:53;5122;50,01;
17:06:56;5072;50,02;
17:06:59;5118;50,02;
17:07:02;5094;50,01;
17:07:05;5110;50,01;
17:07:08;5064;50,01;
17:07:11;5110;50,01;
17:07:14;5086;50,01;
17:07:17;5104;50,01;
17:07:23;5108;50,00;
17:07:26;5082;50,00;
17:07:29;5098;50,01;
17:07:32;5054;50,01;
17:07:35;5098;50,01;
17:07:38;5078;50,01;
17:07:41;5098;50,01;
17:07:44;5096;50,01;
17:07:47;5088;50,01;
17:07:50;5068;50,01;
17:07:53;5086;50,02;
17:07:56;5044;50,01;
17:07:59;5084;50,01;
17:08:02;5056;50,00;
17:08:05;5082;50,00;
17:08:08;5038;50,00;
17:08:11;5076;50,00;
17:08:14;5050;50,01;
17:08:17;5072;50,01;
17:08:20;5028;50,00;
17:08:23;5062;50,00;
17:08:29;5058;49,99;
17:08:32;5018;49,98;
17:08:35;5050;49,98;
17:08:38;5022;49,98;
17:08:41;5046;49,98;
17:08:44;5010;49,98;
17:08:47;5044;49,98;
17:08:50;5044;49,99;
17:08:56;5008;49,99;
17:08:59;5044;50,00;
17:09:02;5026;50,00;
17:09:05;5040;50,00;
17:09:08;5010;50,00;
17:09:11;5032;50,00;
17:09:14;5024;50,00;
17:09:17;5036;50,00;
17:09:20;5020;50,00;
17:09:23;5028;50,00;
17:09:26;5030;50,00;
17:09:29;4988;50,01;
17:09:35;5000;50,01;
17:09:38;5004;50,00;
17:09:41;5020;50,00;
17:09:44;5022;50,00;
17:09:47;5016;50,00;
17:09:53;4988;50,00;
17:09:56;5012;50,00;
17:09:59;5008;50,00;
17:10:02;5010;50,00;
17:10:05;5006;50,00;
17:10:08;5010;50,00;
17:10:11;5004;50,00;
17:10:14;5006;50,00;
17:10:17;4978;50,00;
17:10:20;5004;50,00;
17:10:23;4998;50,00;
17:10:29;4996;50,00;
17:10:35;4992;50,00;
17:10:41;4990;49,99;
17:10:44;4988;49,99;
17:10:47;4952;49,98;
17:10:50;4986;49,99;
17:10:53;4960;50,00;
17:10:56;4984;50,00;
17:10:59;4952;50,01;
17:11:02;4982;50,00;
17:11:05;4964;50,00;
17:11:08;4982;49,99;
17:11:11;4956;49,99;
17:11:14;4980;49,98;
17:11:17;4970;49,98;
17:11:20;4974;49,98;
17:11:26;4974;49,97;
17:11:29;4972;49,97;
17:11:32;4974;49,98;
17:11:35;4968;49,98;
17:11:38;4970;49,98;
17:11:41;4964;49,98;
17:11:44;4912;49,98;
17:11:47;4962;49,98;
17:11:50;4956;49,98;
17:11:53;4904;49,98;
17:11:56;4954;49,98;
17:11:59;4930;49,98;
17:12:02;4954;49,98;
17:12:05;4904;49,99;
17:12:08;4944;49,99;
17:12:11;4932;49,99;
17:12:14;4946;50,00;
17:12:17;4916;50,00;
17:12:20;4944;50,00;
17:12:23;4936;50,00;
17:12:26;4938;50,00;
17:12:32;4934;50,00;
17:12:35;4928;50,00;
17:12:38;4924;50,00;
17:12:41;4928;50,00;
17:12:44;4922;50,00;
17:12:50;4890;50,00;
17:12:53;4916;50,00;
17:12:56;4910;49,99;
17:12:59;4908;50,00;
17:13:02;4902;49,99;
17:13:05;4898;49,99;
17:13:08;4892;49,99;
17:13:11;4886;49,99;
17:13:14;4852;49,99;
17:13:17;4878;49,99;
17:13:20;4868;49,99;
17:13:26;4854;49,99;
17:13:29;4850;49,99;
17:13:32;4842;49,98;
17:13:38;4826;49,98;
17:13:41;4836;49,98;
17:13:44;4832;49,98;
17:13:47;4832;49,99;
17:13:50;4826;49,99;
17:13:53;4824;49,99;
17:13:56;4808;49,99;
17:13:59;4824;49,99;
17:14:05;4822;50,00;
17:14:08;4816;50,00;
17:14:11;4818;50,00;
17:14:14;4808;50,00;
17:14:17;4814;50,00;
17:14:26;4786;49,99;
17:14:29;4810;49,98;
17:14:32;4792;49,99;
17:14:35;4808;49,98;
17:14:38;4766;49,98;
17:14:44;4786;49,97;
17:14:47;4800;49,97;
17:14:50;4762;49,97;
17:14:53;4798;49,97;
17:14:56;4778;49,98;
17:14:59;4790;49,99;
17:15:02;4790;50,00;
17:15:05;4754;50,00;
17:15:08;4790;50,01;
17:15:11;4788;50,01;
17:15:14;4784;50,01;
17:15:17;4776;50,01;
17:15:20;4776;50,00;
17:15:23;4772;50,00;
17:15:29;4768;50,00;
17:15:35;4762;50,00;
17:15:41;4760;50,00;
17:15:44;4762;49,99;
17:15:47;4740;49,99;
17:15:50;4762;49,99;
17:15:53;4758;49,99;
17:15:56;4758;50,00;
17:16:02;4756;50,00;
17:16:05;4752;49,99;
17:16:08;4752;50,00;
17:16:11;4738;50,00;
17:16:14;4750;50,00;
17:16:17;4716;50,00;
17:16:20;4724;50,00;
17:16:23;4730;50,00;
17:16:26;4732;49,99;
17:16:29;4742;50,00;
17:16:35;4746;50,00;
17:16:38;4744;50,00;
17:16:41;4736;49,99;
17:16:44;4738;49,99;
17:16:47;4736;49,99;
17:16:50;4734;49,99;
17:16:53;4700;50,00;
17:16:56;4730;50,00;
17:16:59;4724;49,99;
17:17:02;4722;49,99;
17:17:05;4720;49,99;
17:17:08;4718;49,99;
17:17:11;4708;49,99;
17:17:14;4716;50,00;
17:17:17;4690;49,99;
17:17:20;4712;49,99;
17:17:23;4690;49,98;
17:17:26;4708;49,98;
17:17:29;4684;49,98;
17:17:32;4704;49,98;
17:17:35;4674;49,98;
17:17:41;4662;49,98;
17:17:44;4688;49,97;
17:17:47;4660;49,98;
17:17:50;4682;49,98;
17:17:53;4650;49,98;
17:17:56;4678;49,98;
17:17:59;4676;49,98;
17:18:02;4650;49,98;
17:18:05;4636;49,97;
17:18:08;4670;49,97;
17:18:11;4642;49,97;
17:18:14;4664;49,97;
17:18:17;4630;49,98;
17:18:20;4660;49,97;
17:18:26;4658;49,96;
17:18:29;4622;49,96;
17:18:32;4650;49,96;
17:18:35;4622;49,97;
17:18:38;4650;49,97;
17:18:41;4616;49,96;
17:18:47;4614;49,96;
17:18:50;4640;49,96;
17:18:53;4606;49,97;
17:18:56;4634;49,97;
17:18:59;4608;49,98;
17:19:02;4636;49,97;
17:19:08;4608;49,96;
17:19:11;4618;49,96;
17:19:14;4624;49,96;
17:19:17;4608;49,96;
17:19:20;4628;49,97;
17:19:23;4620;49,97;
17:19:26;4612;49,97;
17:19:29;4628;49,96;
17:19:32;4604;49,97;
17:19:35;4620;49,96;
17:19:38;4594;49,97;
17:19:41;4616;49,97;
17:19:44;4588;49,97;
17:19:47;4614;49,98;
17:19:50;4612;49,98;
17:19:53;4586;49,97;
17:19:56;4580;49,97;
17:19:59;4604;49,98;
17:20:02;4576;49,99;
17:20:05;4598;50,00;
17:20:08;4576;50,00;
17:20:11;4604;50,00;
17:20:14;4604;50,01;
17:20:17;4598;50,00;
17:20:20;4552;49,99;
17:20:23;4576;49,98;
17:20:26;4542;49,96;
17:20:29;4586;49,96;
17:20:32;4564;49,96;
17:20:38;4554;49,97;
17:20:41;4588;49,96;
17:20:44;4560;49,97;
17:20:47;4580;49,97;
17:20:50;4546;49,98;
17:20:53;4578;49,98;
17:20:56;4574;49,98;
17:20:59;4550;49,97;
17:21:02;4540;49,97;
17:21:05;4568;49,97;
17:21:08;4544;49,96;
17:21:11;4564;49,96;
17:21:14;4530;49,97;
17:21:17;4558;49,97;
17:21:20;4556;49,98;
17:21:23;4552;49,98;
17:21:26;4518;49,98;
17:21:29;4544;49,98;
17:21:32;4512;49,99;
17:21:35;4536;49,99;
17:21:38;4506;49,99;
17:21:44;4508;49,98;
17:21:47;4530;49,98;
17:21:50;4496;49,98;
17:21:53;4524;49,99;
17:21:56;4496;49,98;
17:21:59;4518;49,98;
17:22:05;4486;49,98;
17:22:08;4484;49,98;
17:22:11;4506;49,98;
17:22:14;4486;49,98;
17:22:17;4496;49,98;
17:22:20;4476;49,98;
17:22:23;4492;49,98;
17:22:26;4494;49,98;
17:22:29;4476;49,99;
17:22:32;4484;49,98;
17:22:35;4478;49,98;
17:22:38;4490;49,97;
17:22:41;4460;49,97;
17:22:44;4488;49,96;
17:22:50;4482;49,97;
17:22:53;4454;49,97;
17:22:56;4480;49,98;
17:22:59;4456;49,98;
17:23:02;4476;49,98;
17:23:05;4450;49,98;
17:23:08;4476;49,98;
17:23:11;4474;49,98;
17:23:14;4468;50,00;
17:23:17;4444;50,00;
17:23:20;4474;50,00;
17:23:23;4452;50,00;
17:23:26;4468;49,99;
17:23:29;4438;49,98;
17:23:32;4466;49,98;
17:23:35;4448;49,97;
17:23:38;4466;49,96;
17:23:41;4430;49,96;
17:23:44;4462;49,96;
17:23:47;4440;49,97;
17:23:50;4458;49,98;
17:23:56;4456;49,98;
17:23:59;4432;49,98;
17:24:02;4452;49,98;
17:24:05;4418;49,98;
17:24:08;4450;49,98;
17:24:11;4424;49,97;
17:24:14;4446;49,97;
17:24:17;4448;49,97;
17:24:20;4436;49,97;
17:24:23;4422;49,97;
17:24:26;4430;49,97;
17:24:29;4424;49,96;
17:24:32;4410;49,97;
17:24:35;4420;49,97;
17:24:41;4416;49,97;
17:24:44;4396;49,97;
17:24:47;4422;49,97;
17:24:50;4400;49,96;
17:24:53;4422;49,96;
17:24:56;4386;49,96;
17:24:59;4422;49,96;
17:25:02;4422;49,97;
17:25:05;4422;49,98;
17:25:08;4380;49,98;
17:25:11;4420;49,99;
17:25:14;4394;49,99;
17:25:17;4418;49,98;
17:25:20;4370;49,97;
17:25:23;4414;49,97;
17:25:26;4382;49,97;
17:25:29;4408;49,96;
17:25:32;4356;49,96;
17:25:35;4400;49,96;
17:25:38;4368;49,96;
17:25:41;4394;49,96;
17:25:47;4386;49,97;
17:25:50;4360;49,97;
17:25:53;4380;49,97;
17:25:56;4328;49,98;
17:25:59;4380;49,97;
17:26:02;4348;49,97;
17:26:05;4376;49,97;
17:26:08;4374;49,96;
17:26:11;4366;49,97;
17:26:14;4336;49,97;
17:26:17;4360;49,97;
17:26:20;4310;49,97;
17:26:23;4358;49,96;
17:26:26;4322;49,97;
17:26:29;4354;49,97;
17:26:32;4302;49,97;
17:26:35;4344;49,96;
17:26:38;4316;49,96;
17:26:41;4346;49,96;
17:26:44;4298;49,96;
17:26:47;4342;49,97;
17:26:56;4296;49,97;
17:26:59;4344;49,97;
17:27:02;4310;49,97;
17:27:05;4338;49,97;
17:27:08;4292;49,98;
17:27:11;4336;49,98;
17:27:14;4336;49,99;
17:27:17;4332;49,99;
17:27:20;4290;49,99;
17:27:23;4330;49,98;
17:27:26;4312;49,98;
17:27:29;4328;49,97;
17:27:32;4302;49,97;
17:27:35;4304;49,97;
17:27:38;4318;49,97;
17:27:41;4320;49,97;
17:27:44;4310;49,98;
17:27:47;4316;49,98;
17:27:59;4312;49,98;
17:28:02;4310;49,98;
17:28:08;4308;49,97;
17:28:11;4304;49,97;
17:28:17;4272;49,98;
17:28:20;4302;49,98;
17:28:23;4306;49,99;
17:28:29;4304;49,99;
17:28:35;4302;49,99;
17:28:38;4298;49,98;
17:28:44;4294;49,98;
17:28:47;4248;49,98;
17:28:50;4288;49,99;
17:28:53;4250;49,98;
17:28:56;4280;49,98;
17:28:59;4240;49,98;
17:29:02;4278;49,98;
17:29:08;4274;49,99;
17:29:11;4234;49,99;
17:29:14;4266;49,99;
17:29:17;4236;49,99;
17:29:20;4264;49,99;
17:29:23;4226;49,99;
17:29:26;4256;49,99;
17:29:29;4238;49,98;
17:29:32;4254;49,98;
17:29:35;4230;49,98;
17:29:38;4244;49,97;
17:29:41;4240;49,97;
17:29:44;4244;49,98;
17:29:50;4234;49,98;
17:29:53;4232;49,99;
17:29:56;4230;50,00;
17:29:59;4228;50,00;
17:30:02;4226;50,00;
17:30:05;4224;50,00;
17:30:08;4190;50,00;
17:30:11;4222;50,00;
17:30:14;4212;50,00;
17:30:17;4214;50,00;
17:30:23;4210;50,00;
17:30:26;4200;50,00;
17:30:32;4182;50,00;
17:30:35;4172;50,00;
17:30:38;4182;50,00;
17:30:41;4182;49,99;
17:30:44;4178;49,99;
17:30:47;4166;49,98;
17:30:50;4170;49,98;
17:30:56;4162;49,98;
17:30:59;4158;49,98;
17:31:02;4152;49,99;
17:31:05;4148;49,99;
17:31:08;4142;50,00;
17:31:14;4102;50,00;
17:31:17;4136;50,00;
17:31:20;4124;50,00;
17:31:23;4126;50,00;
17:31:26;4116;49,99;
17:31:29;4112;49,99;
17:31:32;4108;49,99;
17:31:35;4106;49,99;
17:31:38;4088;49,99;
17:31:41;4098;49,99;
17:31:44;4095;49,99;
17:31:47;4098;49,99;
17:31:50;4087;50,00;
17:31:53;4120;50,00;
17:31:56;4116;50,00;
17:32:11;4114;50,00;
17:32:14;4108;50,00;
17:32:17;4106;50,00;
17:32:20;4076;50,00;
17:32:23;4102;50,00;
17:32:29;4096;50,00;
17:32:32;4080;50,00;
17:32:35;4091;50,00;
17:32:38;4080;49,99;
17:32:41;4083;49,99;
17:32:44;4078;49,98;
17:32:47;4079;49,99;
17:32:50;4064;49,99;
17:32:53;4076;49,99;
17:32:56;4041;49,98;
17:32:59;4067;49,98;
17:33:02;4050;49,99;
17:33:08;4031;50,00;
17:33:11;4057;50,00;
17:33:14;4038;50,00;
17:33:17;4051;50,00;
17:33:20;4046;50,00;
17:33:23;4042;50,00;
17:33:26;4039;49,99;
17:33:29;4025;49,99;
17:33:32;4031;49,98;
17:33:35;4026;49,98;
17:33:38;4031;49,98;
17:33:41;4022;49,98;
17:33:44;4019;49,98;
17:33:47;4011;49,97;
17:33:53;4000;49,98;
17:33:56;3999;49,98;
17:33:59;3994;49,98;
17:34:02;3989;49,98;
17:34:05;3980;49,98;
17:34:08;3984;49,98;
17:34:11;3914;49,98;
17:34:14;3977;49,98;
17:34:17;3964;49,98;
17:34:20;3961;49,98;
17:34:23;3954;49,98;
17:34:26;3950;49,98;
17:34:29;3939;49,98;
17:34:32;3941;49,98;
17:34:35;3915;49,99;
17:34:38;3949;49,99;
17:34:41;3960;49,99;
17:34:44;3963;49,99;
17:34:47;3937;49,98;
17:34:50;3965;49,98;
17:34:53;3942;49,98;
17:34:59;3957;49,98;
17:35:05;3954;49,98;
17:35:11;3951;49,99;
17:35:14;3948;49,99;
17:35:17;3925;49,99;
17:35:20;3944;49,99;
17:35:23;3942;49,98;
17:35:29;3933;49,98;
17:35:32;3937;49,98;
17:35:35;3920;49,98;
17:35:38;3931;49,98;
17:35:41;3926;49,98;
17:35:44;3930;49,99;
17:35:47;3905;49,99;
17:35:50;3928;49,99;
17:35:53;3901;49,98;
17:35:56;3923;49,98;
17:35:59;3882;49,99;
17:36:05;3893;50,00;
17:36:08;3916;50,00;
17:36:11;3877;50,00;
17:36:14;3912;50,00;
17:36:17;3882;50,00;
17:36:20;3905;50,00;
17:36:23;3902;49,99;
17:36:26;3864;49,99;
17:36:29;3866;49,98;
17:36:32;3890;49,98;
17:36:35;3854;49,98;
17:36:38;3886;49,98;
17:36:41;3855;49,98;
17:36:44;3882;49,98;
17:36:47;3880;49,98;
17:36:50;3875;49,97;
17:36:53;3846;49,97;
17:36:56;3874;49,97;
17:36:59;3839;49,97;
17:37:02;3867;49,97;
17:37:05;3832;49,97;
17:37:11;3829;49,97;
17:37:14;3855;49,97;
17:37:17;3819;49,96;
17:37:20;3850;49,96;
17:37:23;3820;49,96;
17:37:26;3847;49,97;
17:37:29;3842;49,97;
17:37:32;3818;49,97;
17:37:35;3815;49,96;
17:37:38;3823;49,96;
17:37:41;3822;49,97;
17:37:44;3811;49,97;
17:37:47;3828;49,97;
17:37:50;3808;49,97;
17:37:53;3821;49,97;
17:37:56;3786;49,96;
17:37:59;3815;49,97;
17:38:02;3786;49,97;
17:38:05;3808;49,97;
17:38:08;3774;49,97;
17:38:11;3804;49,97;
17:38:14;3803;49,97;
17:38:17;3776;49,97;
17:38:20;3765;49,98;
17:38:23;3796;49,99;
17:38:26;3769;49,99;
17:38:29;3791;49,99;
17:38:32;3756;49,99;
17:38:35;3785;49,99;
17:38:38;3779;49,99;
17:38:41;3774;49,98;
17:38:44;3742;49,98;
17:38:47;3762;49,97;
17:38:50;3749;49,96;
17:38:53;3756;49,96;
17:38:56;3733;49,96;
17:39:02;3727;49,97;
17:39:05;3733;49,97;
17:39:08;3717;49,97;
17:39:11;3723;49,97;
17:39:14;3709;49,96;
17:39:17;3724;49,97;
17:39:20;3723;49,97;
17:39:23;3695;49,97;
17:39:26;3703;49,98;
17:39:29;3720;49,98;
17:39:32;3673;49,98;
17:39:35;3710;49,97;
17:39:38;3703;49,97;
17:39:41;3698;49,97;
17:39:44;3703;49,96;
17:39:47;3683;49,96;
17:39:50;3681;49,96;
17:39:53;3695;49,96;
17:39:56;3648;49,96;
17:39:59;3692;49,97;
17:40:02;3675;49,97;
17:40:08;3641;49,97;
17:40:11;3682;49,97;
17:40:14;3662;49,98;
17:40:17;3679;49,98;
17:40:20;3634;49,98;
17:40:23;3673;49,98;
17:40:26;3674;49,98;
17:40:29;3659;49,98;
17:40:32;3633;49,97;
17:40:35;3671;49,96;
17:40:38;3664;49,95;
17:40:41;3657;49,96;
17:40:44;3642;49,96;
17:40:47;3647;49,97;
17:40:50;3663;49,98;
17:40:53;3636;49,98;
17:40:56;3647;49,97;
17:40:59;3623;49,97;
17:41:02;3648;49,96;
17:41:05;3618;49,96;
17:41:08;3641;49,96;
17:41:14;3636;49,96;
17:41:17;3608;49,96;
17:41:20;3627;49,98;
17:41:23;3604;49,98;
17:41:26;3623;49,98;
17:41:29;3570;49,98;
17:41:32;3621;49,98;
17:41:35;3618;49,98;
17:41:38;3607;49,98;
17:41:41;3559;49,98;
17:41:44;3600;49,98;
17:41:47;3568;49,98;
17:41:50;3589;49,98;
17:41:53;3552;49,98;
17:41:56;3580;49,98;
17:41:59;3548;49,98;
17:42:02;3570;49,97;
17:42:05;3540;49,97;
17:42:08;3559;49,98;
17:42:11;3532;49,99;
17:42:14;3553;49,99;
17:42:20;3543;50,00;
17:42:23;3522;49,99;
17:42:26;3536;49,98;
17:42:29;3542;49,98;
17:42:32;3534;49,98;
17:42:35;3539;49,98;
17:42:38;3557;49,98;
17:42:41;3556;49,98;
17:42:44;3539;49,98;
17:42:47;3534;49,98;
17:42:50;3541;49,98;
17:42:53;3538;49,97;
17:42:56;3518;49,97;
17:42:59;3535;49,97;
17:43:05;3533;49,98;
17:43:08;3504;49,98;
17:43:11;3531;49,98;
17:43:14;3509;49,98;
17:43:17;3526;49,97;
17:43:20;3496;49,97;
17:43:23;3525;49,97;
17:43:26;3522;49,97;
17:43:29;3518;49,97;
17:43:32;3489;49,97;
17:43:35;3508;49,96;
17:43:38;3494;49,97;
17:43:41;3508;49,97;
17:43:44;3477;49,97;
17:43:47;3505;49,97;
17:43:50;3483;49,97;
17:43:53;3498;49,97;
17:43:56;3469;49,97;
17:43:59;3496;49,98;
17:44:02;3476;49,98;
17:44:05;3491;49,98;
17:44:11;3489;49,96;
17:44:14;3468;49,96;
17:44:17;3483;49,96;
17:44:20;3450;49,96;
17:44:23;3478;49,97;
17:44:26;3459;49,97;
17:44:29;3474;49,98;
17:44:32;3470;49,98;
17:44:35;3467;49,98;
17:44:38;3447;49,98;
17:44:41;3460;49,97;
17:44:44;3428;49,97;
17:44:47;3455;49,97;
17:44:50;3437;49,97;
17:44:53;3450;49,97;
17:44:56;3421;49,97;
17:44:59;3447;49,98;
17:45:02;3431;49,98;
17:45:05;3444;49,98;
17:45:08;3412;49,98;
17:45:11;3440;49,98;
17:45:17;3439;49,98;
17:45:20;3404;49,98;
17:45:23;3431;49,98;
17:45:26;3417;49,98;
17:45:29;3426;49,98;
17:45:32;3395;49,98;
17:45:35;3421;49,98;
17:45:38;3420;49,98;
17:45:41;3418;49,98;
17:45:44;3401;49,97;
17:45:47;3414;49,98;
17:45:50;3405;49,98;
17:45:53;3414;49,98;
17:45:56;3407;49,98;
17:45:59;3387;49,98;
17:46:02;3406;49,98;
17:46:05;3407;49,98;
17:46:08;3405;49,99;
17:46:11;3403;49,99;
17:46:14;3403;49,98;
17:46:17;3400;49,99;
17:46:23;3397;49,98;
17:46:26;3396;49,98;
17:46:29;3395;49,98;
17:46:32;3393;49,98;
17:46:35;3389;49,98;
17:46:38;3387;49,99;
17:46:41;3377;49,98;
17:46:44;3385;49,98;
17:46:47;3382;49,98;
17:46:50;3380;49,98;
17:46:53;3377;49,97;
17:46:56;3376;49,97;
17:46:59;3343;49,98;
17:47:02;3370;49,98;
17:47:08;3365;49,99;
17:47:11;3334;50,00;
17:47:14;3372;50,01;
17:47:17;3358;50,01;
17:47:20;3362;50,00;
17:47:23;3326;50,00;
17:47:26;3354;50,00;
17:47:29;3353;50,00;
17:47:32;3347;50,00;
17:47:35;3317;50,00;
17:47:38;3344;50,00;
17:47:41;3332;50,00;
17:47:44;3339;50,00;
17:47:47;3317;50,00;
17:47:50;3324;50,00;
17:47:53;3327;49,99;
17:47:56;3329;49,98;
17:47:59;3325;49,99;
17:48:02;3326;49,99;
17:48:05;3322;49,99;
17:48:08;3321;49,99;
17:48:14;3314;49,98;
17:48:17;3315;49,98;
17:48:20;3312;49,98;
17:48:23;3309;49,98;
17:48:26;3308;49,98;
17:48:29;3305;49,98;
17:48:32;3300;49,98;
17:48:38;3290;49,97;
17:48:41;3288;49,97;
17:48:44;3283;49,98;
17:48:50;3277;49,98;
17:48:53;3272;49,98;
17:48:56;3267;49,98;
17:48:59;3264;49,98;
17:49:02;3259;49,98;
17:49:05;3257;49,98;
17:49:08;3247;49,98;
17:49:14;3239;49,98;
17:49:20;3230;49,98;
17:49:23;3228;49,98;
17:49:26;3213;49,98;
17:49:29;3216;49,98;
17:49:32;3209;49,97;
17:49:35;3210;49,97;
17:49:38;3204;49,97;
17:49:41;3205;49,98;
17:49:44;3208;49,97;
17:49:47;3206;49,97;
17:49:50;3202;49,98;
17:49:53;3201;49,98;
17:49:56;3195;49,99;
17:49:59;3195;50,00;
17:50:02;3173;50,00;
17:50:05;3190;50,00;
17:50:08;3184;49,99;
17:50:14;3177;49,99;
17:50:17;3174;49,99;
17:50:20;3167;50,00;
17:50:26;3162;49,99;
17:50:29;3161;49,99;
17:50:32;3155;49,99;
17:50:35;3151;49,99;
17:50:38;3145;49,99;
17:50:41;3140;49,99;
17:50:44;3099;49,99;
17:50:47;3126;49,99;
17:50:50;3114;49,98;
17:50:53;3120;49,98;
17:50:56;3102;49,97;
17:50:59;3109;49,97;
17:51:02;3095;49,97;
17:51:05;3100;49,97;
17:51:08;3094;49,97;
17:51:11;3098;49,97;
17:51:14;3088;49,97;
17:51:17;3091;49,97;
17:51:20;3045;49,97;
17:51:23;3084;49,97;
17:51:26;3082;49,97;
17:51:29;3091;49,97;
17:51:32;3077;49,97;
17:51:35;3071;49,97;
17:51:38;3068;49,97;
17:51:41;3062;49,97;
17:51:44;3066;49,97;
17:51:47;3061;49,97;
17:51:50;3071;49,97;
17:51:53;3054;49,97;
17:51:56;3055;49,97;
17:51:59;3053;49,96;
17:52:02;3050;49,96;
17:52:05;3045;49,97;
17:52:08;3056;49,97;
17:52:11;3038;49,97;
17:52:17;3032;49,97;
17:52:20;3030;49,97;
17:52:23;3029;49,96;
17:52:26;3038;49,96;
17:52:29;3022;49,96;
17:52:32;3019;49,96;
17:52:35;2967;49,96;
17:52:38;3017;49,96;
17:52:41;3014;49,97;
17:52:44;3024;49,97;
17:52:47;3003;49,97;
17:52:50;3014;49,97;
17:52:53;3009;49,97;
17:52:56;3011;49,97;
17:52:59;2984;49,97;
17:53:02;3011;49,97;
17:53:05;3002;49,96;
17:53:08;3009;49,96;
17:53:11;2977;49,97;
17:53:14;2983;49,97;
17:53:17;2996;49,97;
17:53:23;2937;49,96;
17:53:26;2988;49,96;
17:53:29;2973;49,95;
17:53:32;2975;49,95;
17:53:35;2964;49,96;
17:53:38;2974;49,96;
17:53:41;2970;49,96;
17:53:44;2950;49,96;
17:53:47;2947;49,96;
17:53:50;2966;49,96;
17:53:53;2949;49,96;
17:53:56;2955;49,96;
17:53:59;2929;49,96;
17:54:02;2959;49,96;
17:54:05;2958;49,96;
17:54:11;2941;49,97;
17:54:14;2956;49,96;
17:54:17;2957;49,97;
17:54:20;2962;49,97;
17:54:23;2951;49,97;
17:54:29;2962;49,96;
17:54:32;2965;49,96;
17:54:35;2941;49,96;
17:54:38;2972;49,96;
17:54:41;2948;49,97;
17:54:44;2966;49,97;
17:54:47;2964;49,98;
17:54:50;2939;49,97;
17:54:53;2926;49,97;
17:54:56;2960;49,97;
17:54:59;2932;49,96;
17:55:02;2956;49,97;
17:55:05;2920;49,98;
17:55:08;2948;49,98;
17:55:11;2949;49,98;
17:55:14;2950;49,98;
17:55:17;2919;49,98;
17:55:20;2936;49,97;
17:55:23;2919;49,97;
17:55:26;2933;49,97;
17:55:29;2908;49,97;
17:55:35;2913;49,97;
17:55:38;2930;49,97;
17:55:41;2904;49,97;
17:55:44;2922;49,97;
17:55:47;2912;49,96;
17:55:50;2913;49,96;
17:55:53;2920;49,96;
17:55:56;2900;49,96;
17:55:59;2916;49,96;
17:56:02;2899;49,97;
17:56:05;2909;49,97;
17:56:08;2897;49,97;
17:56:11;2902;49,97;
17:56:14;2875;49,97;
17:56:20;2875;49,98;
17:56:23;2887;49,98;
17:56:26;2865;49,98;
17:56:29;2882;49,98;
17:56:32;2862;49,98;
17:56:35;2876;49,98;
17:56:38;2878;49,98;
17:56:41;2850;49,98;
17:56:44;2843;49,98;
17:56:47;2873;49,98;
17:56:50;2843;49,98;
17:56:53;2871;49,98;
17:56:56;2836;49,98;
17:56:59;2870;49,98;
17:57:02;2871;49,98;
17:57:05;2869;49,98;
17:57:08;2830;49,99;
17:57:11;2864;49,99;
17:57:14;2837;49,99;
17:57:17;2867;49,98;
17:57:20;2821;49,99;
17:57:26;2824;49,99;
17:57:29;2853;49,99;
17:57:32;2813;49,99;
17:57:35;2849;49,99;
17:57:38;2819;49,99;
17:57:41;2845;49,99;
17:57:44;2845;50,00;
17:57:47;2807;50,00;
17:57:50;2826;50,00;
17:57:53;2832;50,00;
17:57:56;2807;50,00;
17:57:59;2818;50,00;
17:58:02;2824;50,00;
17:58:05;2804;50,00;
17:58:08;2826;50,00;
17:58:11;2805;50,00;
17:58:14;2821;50,00;
17:58:17;2795;49,99;
17:58:20;2819;49,99;
17:58:23;2789;49,99;
17:58:26;2814;49,99;
17:58:32;2808;49,99;
17:58:35;2773;49,99;
17:58:38;2807;50,00;
17:58:41;2780;49,99;
17:58:44;2802;49,99;
17:58:47;2765;49,98;
17:58:50;2786;49,98;
17:58:53;2799;49,98;
17:58:56;2796;49,99;
17:58:59;2758;49,98;
17:59:02;2787;49,99;
17:59:05;2763;49,99;
17:59:08;2768;49,99;
17:59:11;2756;49,99;
17:59:14;2776;49,99;
17:59:17;2742;49,98;
17:59:20;2767;49,98;
17:59:23;2735;49,98;
17:59:26;2763;49,98;
17:59:29;2735;49,98;
17:59:32;2756;49,98;
17:59:38;2751;49,99;
17:59:41;2727;50,00;
17:59:44;2749;50,01;
17:59:47;2720;50,00;
17:59:50;2746;50,01;
17:59:53;2723;50,00;
17:59:56;2744;50,01;
17:59:59;2742;50,01;
18:00:02;2732;50,01;
18:00:05;2711;50,02;
18:00:08;2729;50,02;
18:00:11;2699;50,01;
18:00:14;2726;50,01;
18:00:17;2708;50,01;
18:00:20;2722;50,01;
18:00:23;2695;50,01;
18:00:26;2720;50,02;
18:00:29;2697;50,02;
18:00:32;2718;50,02;
18:00:35;2690;50,02;
18:00:38;2709;50,02;
18:00:41;2710;50,03;
18:00:44;2685;50,03;
18:00:47;2683;50,03;
18:00:50;2701;50,03;
18:00:53;2688;50,04;
18:00:56;2686;50,04;
18:00:59;2683;50,05;
18:01:02;2689;50,05;
18:01:05;2692;50,05;
18:01:08;2672;50,05;
18:01:11;2677;50,05;
18:01:14;2668;50,04;
18:01:17;2683;50,04;
18:01:20;2655;50,04;
18:01:23;2678;50,03;
18:01:29;2672;50,03;
18:01:32;2656;50,03;
18:01:35;2669;50,03;
18:01:38;2646;50,03;
18:01:41;2664;50,03;
18:01:44;2657;50,03;
18:01:47;2657;50,04;
18:01:50;2651;50,04;
18:01:53;2656;50,04;
18:01:56;2608;50,03;
18:01:59;2645;50,03;
18:02:02;2632;50,03;
18:02:05;2642;50,02;
18:02:08;2630;50,02;
18:02:11;2638;50,02;
18:02:14;2578;50,02;
18:02:17;2620;50,02;
18:02:20;2618;50,02;
18:02:23;2627;50,03;
18:02:26;2610;50,02;
18:02:29;2592;50,03;
18:02:35;2616;50,03;
18:02:38;2599;50,03;
18:02:41;2614;50,03;
18:02:44;2587;50,03;
18:02:47;2608;50,03;
18:02:50;2588;50,04;
18:02:53;2606;50,03;
18:02:56;2607;50,04;
18:02:59;2600;50,03;
18:03:02;2583;50,03;
18:03:05;2592;50,03;
18:03:08;2567;50,03;
18:03:11;2586;50,03;
18:03:14;2562;50,03;
18:03:17;2578;50,03;
18:03:20;2559;50,03;
18:03:23;2573;50,03;
18:03:26;2563;50,03;
18:03:29;2572;50,03;
18:03:32;2539;50,03;
18:03:35;2566;50,03;
18:03:41;2560;50,03;
18:03:44;2533;50,03;
18:03:47;2555;50,03;
18:03:50;2545;50,02;
18:03:53;2550;50,02;
18:03:56;2528;50,02;
18:03:59;2546;50,02;
18:04:02;2543;50,02;
18:04:05;2538;50,01;
18:04:08;2527;50,01;
18:04:11;2537;50,01;
18:04:14;2538;50,01;
18:04:17;2539;50,01;
18:04:20;2536;50,01;
18:04:23;2489;50,01;
18:04:26;2538;50,02;
18:04:29;2536;50,03;
18:04:32;2525;50,03;
18:04:35;2533;50,03;
18:04:38;2531;50,03;
18:04:41;2528;50,03;
18:04:47;2523;50,02;
18:04:50;2522;50,01;
18:04:53;2518;50,01;
18:04:56;2517;50,01;
18:04:59;2460;50,01;
18:05:02;2513;50,02;
18:05:05;2508;50,02;
18:05:08;2512;50,02;
18:05:11;2452;50,03;
18:05:14;2506;50,02;
18:05:17;2503;50,02;
18:05:23;2447;50,02;
18:05:26;2497;50,01;
18:05:32;2492;50,01;
18:05:35;2475;50,01;
18:05:38;2487;50,01;
18:05:41;2472;50,01;
18:05:44;2479;50,01;
18:05:47;2464;50,01;
18:05:50;2473;50,01;
18:05:53;2472;50,01;
18:05:56;2468;50,01;
18:05:59;2449;50,01;
18:06:02;2464;50,01;
18:06:05;2460;50,01;
18:06:08;2462;50,01;
18:06:11;2450;50,01;
18:06:14;2457;50,01;
18:06:17;2459;50,01;
18:06:20;2455;50,01;
18:06:23;2451;50,01;
18:06:26;2453;50,01;
18:06:29;2455;50,01;
18:06:32;2451;50,01;
18:06:38;2447;50,01;
18:06:41;2450;50,02;
18:06:44;2448;50,02;
18:06:47;2449;50,02;
18:06:50;2448;50,01;
18:06:53;2436;50,01;
18:06:56;2444;50,01;
18:06:59;2446;50,01;
18:07:02;2445;50,02;
18:07:05;2436;50,01;
18:07:08;2441;50,01;
18:07:11;2435;50,01;
18:07:14;2440;50,00;
18:07:17;2435;50,00;
18:07:20;2438;50,00;
18:07:23;2428;50,01;
18:07:26;2435;50,01;
18:07:32;2432;50,01;
18:07:38;2428;50,01;
18:07:44;2426;50,01;
18:07:47;2425;50,01;
18:07:50;2423;50,01;
18:07:53;2422;50,01;
18:07:56;2417;50,01;
18:07:59;2416;50,01;
18:08:02;2366;50,01;
18:08:05;2412;50,01;
18:08:08;2409;50,01;
18:08:14;2409;50,00;
18:08:17;2410;50,00;
18:08:20;2404;50,01;
18:08:26;2358;50,00;
18:08:29;2398;50,00;
18:08:32;2394;50,00;
18:08:35;2392;50,00;
18:08:38;2390;50,00;
18:08:44;2386;50,00;
18:08:50;2381;50,00;
18:08:53;2380;50,00;
18:08:56;2377;50,00;
18:09:02;2366;50,01;
18:09:05;2374;50,01;
18:09:08;2372;50,01;
18:09:11;2366;50,01;
18:09:14;2347;50,00;
18:09:17;2364;50,00;
18:09:20;2352;50,00;
18:09:23;2361;50,00;
18:09:26;2316;50,00;
18:09:29;2354;50,00;
18:09:32;2356;50,00;
18:09:35;2349;50,00;
18:09:38;2348;50,00;
18:09:41;2337;50,00;
18:09:44;2346;50,00;
18:09:47;2338;50,01;
18:09:50;2335;50,01;
18:09:53;2292;50,01;
18:09:56;2327;50,01;
18:09:59;2321;50,00;
18:10:02;2320;50,00;
18:10:05;2318;50,00;
18:10:08;2314;50,00;
18:10:11;2313;50,00;
18:10:14;2310;50,00;
18:10:17;2285;49,99;
18:10:20;2305;49,99;
18:10:23;2303;49,99;
18:10:26;2304;49,99;
18:10:29;2300;49,98;
18:10:32;2299;49,98;
18:10:35;2297;49,98;
18:10:41;2292;50,00;
18:10:44;2287;50,00;
18:10:47;2284;50,00;
18:10:50;2282;50,00;
18:10:53;2279;50,00;
18:10:56;2279;49,99;
18:10:59;2259;49,98;
18:11:02;2270;49,98;
18:11:05;2268;49,97;
18:11:08;2264;49,97;
18:11:11;2258;49,97;
18:11:14;2257;49,97;
18:11:17;2253;49,98;
18:11:20;2249;49,97;
18:11:23;2231;49,97;
18:11:26;2245;49,97;
18:11:29;2242;49,96;
18:11:32;2243;49,96;
18:11:35;2241;49,96;
18:11:38;2243;49,97;
18:11:41;2237;49,97;
18:11:47;2228;49,98;
18:11:50;2226;49,98;
18:11:53;2222;49,98;
18:11:56;2219;49,98;
18:11:59;2213;49,98;
18:12:02;2212;49,97;
18:12:05;2215;49,97;
18:12:08;2205;49,98;
18:12:11;2200;49,98;
18:12:14;2199;49,98;
18:12:17;2193;49,98;
18:12:20;2200;49,97;
18:12:23;2188;49,97;
18:12:26;2194;49,96;
18:12:29;2191;49,96;
18:12:32;2193;49,96;
18:12:35;2187;49,98;
18:12:38;2191;49,98;
18:12:41;2176;49,98;
18:12:44;2184;49,98;
18:12:47;2177;49,98;
18:12:53;2168;49,98;
18:12:56;2169;49,98;
18:12:59;2168;49,98;
18:13:02;2172;49,97;
18:13:05;2162;49,96;
18:13:08;2166;49,96;
18:13:11;2165;49,96;
18:13:14;2161;49,96;
18:13:17;2156;49,96;
18:13:20;2158;49,96;
18:13:23;2137;49,96;
18:13:26;2154;49,96;
18:13:29;2150;49,96;
18:13:32;2151;49,96;
18:13:35;2152;49,97;
18:13:38;2148;49,97;
18:13:41;2140;49,96;
18:13:44;2143;49,96;
18:13:47;2139;49,96;
18:13:50;2142;49,95;
18:13:53;2133;49,95;
18:13:59;2116;49,96;
18:14:02;2134;49,96;
18:14:08;2127;49,96;
18:14:11;2132;49,96;
18:14:14;2122;49,96;
18:14:17;2128;49,96;
18:14:20;2117;49,96;
18:14:26;2104;49,96;
18:14:29;2118;49,96;
18:14:32;2105;49,96;
18:14:35;2113;49,97;
18:14:38;2093;49,97;
18:14:44;2102;49,97;
18:14:47;2106;49,96;
18:14:50;2088;49,97;
18:14:53;2104;49,97;
18:14:56;2095;49,97;
18:14:59;2101;49,98;
18:15:02;2098;49,98;
18:15:05;2083;49,98;
18:15:08;2089;49,98;
18:15:11;2094;49,98;
18:15:14;2078;49,97;
18:15:17;2090;49,97;
18:15:20;2081;49,97;
18:15:23;2089;49,97;
18:15:26;2087;49,96;
18:15:29;2087;49,97;
18:15:32;2072;49,97;
18:15:35;2084;49,97;
18:15:38;2068;49,96;
18:15:41;2081;49,96;
18:15:44;2071;49,96;
18:15:50;2064;49,96;
18:15:53;2075;49,96;
18:15:56;2063;49,97;
18:15:59;2074;49,97;
18:16:02;2061;49,97;
18:16:05;2070;49,97;
18:16:11;2054;49,98;
18:16:14;2050;49,98;
18:16:17;2059;49,98;
18:16:20;2049;49,98;
18:16:23;2058;49,98;
18:16:26;2050;49,97;
18:16:29;2053;49,98;
18:16:32;2055;49,97;
18:16:35;2052;49,97;
18:16:38;2040;49,96;
18:16:41;2047;49,96;
18:16:44;2031;49,97;
18:16:47;2040;49,98;
18:16:50;2025;49,98;
18:16:59;2032;49,98;
18:17:02;2026;49,98;
18:17:05;2032;49,97;
18:17:08;2018;49,97;
18:17:11;2033;49,98;
18:17:14;2031;49,97;
18:17:17;2024;49,97;
18:17:20;2022;49,96;
18:17:23;2024;49,96;
18:17:26;2028;49,96;
18:17:29;2037;49,96;
18:17:32;2032;49,96;
18:17:35;2014;49,96;
18:17:38;2033;49,97;
18:17:41;2025;49,98;
18:17:44;2029;49,99;
18:17:47;2002;49,98;
18:17:50;2020;49,97;
18:17:53;2016;49,97;
18:17:56;2016;49,96;
18:18:02;2009;49,97;
18:18:05;2002;49,97;
18:18:11;1983;49,97;
18:18:14;2000;49,97;
18:18:17;1994;49,97;
18:18:20;1998;49,97;
18:18:23;1995;49,97;
18:18:26;1994;49,97;
18:18:29;1981;49,97;
18:18:32;1987;49,98;
18:18:35;1967;49,97;
18:18:38;1985;49,97;
18:18:41;1970;49,98;
18:18:47;1960;49,98;
18:18:50;1980;49,98;
18:18:53;1964;49,97;
18:18:56;1976;49,97;
18:18:59;1948;49,97;
18:19:02;1972;49,97;
18:19:05;1974;49,97;
18:19:08;1960;49,98;
18:19:11;1945;49,98;
18:19:14;1957;49,98;
18:19:17;1952;49,98;
18:19:20;1961;49,98;
18:19:23;1955;49,98;
18:19:26;1947;49,98;
18:19:29;1953;49,97;
18:19:32;1945;49,98;
18:19:35;1949;49,98;
18:19:38;1935;49,98;
18:19:41;1945;49,98;
18:19:44;1936;49,98;
18:19:47;1940;49,98;
18:19:53;1937;49,96;
18:19:56;1927;49,96;
18:19:59;1932;49,96;
18:20:02;1925;49,96;
18:20:05;1931;49,96;
18:20:08;1921;49,97;
18:20:11;1927;49,97;
18:20:14;1925;49,97;
18:20:17;1921;49,98;
18:20:20;1915;49,98;
18:20:23;1919;49,98;
18:20:26;1920;49,98;
18:20:29;1920;49,97;
18:20:32;1911;49,97;
18:20:35;1916;49,97;
18:20:38;1912;49,97;
18:20:41;1915;49,96;
18:20:44;1908;49,96;
18:20:47;1913;49,96;
18:20:50;1906;49,96;
18:20:53;1911;49,96;
18:20:59;1908;49,96;
18:21:02;1901;49,96;
18:21:05;1907;49,96;
18:21:08;1895;49,96;
18:21:11;1902;49,96;
18:21:14;1892;49,96;
18:21:17;1898;49,96;
18:21:20;1896;49,96;
18:21:23;1891;49,96;
18:21:26;1882;49,96;
18:21:29;1886;49,96;
18:21:32;1878;49,96;
18:21:35;1879;49,95;
18:21:38;1850;49,95;
18:21:41;1875;49,95;
18:21:44;1865;49,96;
18:21:47;1869;49,96;
18:21:50;1862;49,97;
18:21:53;1864;49,97;
18:21:56;1857;49,97;
18:21:59;1859;49,97;
18:22:05;1858;49,96;
18:22:08;1846;49,96;
18:22:11;1855;49,96;
18:22:14;1852;49,96;
18:22:17;1849;49,95;
18:22:20;1837;49,95;
18:22:23;1845;49,95;
18:22:29;1843;49,94;
18:22:32;1839;49,94;
18:22:35;1841;49,95;
18:22:38;1840;49,95;
18:22:41;1837;49,96;
18:22:44;1836;49,96;
18:22:47;1824;49,96;
18:22:50;1830;49,96;
18:22:53;1828;49,95;
18:22:56;1825;49,95;
18:22:59;1824;49,95;
18:23:02;1822;49,95;
18:23:05;1820;49,95;
18:23:11;1819;49,96;
18:23:14;1813;49,96;
18:23:17;1808;49,96;
18:23:20;1810;49,96;
18:23:23;1798;49,96;
18:23:26;1805;49,96;
18:23:29;1799;49,96;
18:23:32;1803;49,96;
18:23:35;1791;49,96;
18:23:38;1796;49,96;
18:23:41;1789;49,96;
18:23:44;1795;49,96;
18:23:47;1784;49,96;
18:23:50;1791;49,96;
18:23:56;1786;49,96;
18:23:59;1780;49,97;
18:24:05;1773;49,97;
18:24:08;1778;49,97;
18:24:11;1771;49,97;
18:24:14;1772;49,97;
18:24:20;1770;49,96;
18:24:23;1762;49,96;
18:24:26;1764;49,96;
18:24:29;1759;49,96;
18:24:32;1763;49,96;
18:24:35;1758;49,96;
18:24:38;1762;49,96;
18:24:41;1760;49,96;
18:24:44;1758;49,96;
18:24:47;1754;49,96;
18:24:50;1753;49,96;
18:24:53;1751;49,97;
18:24:56;1749;49,97;
18:25:02;1746;49,96;
18:25:05;1745;49,96;
18:25:08;1742;49,96;
18:25:11;1743;49,96;
18:25:14;1739;49,96;
18:25:20;1728;49,96;
18:25:23;1734;49,96;
18:25:26;1729;49,96;
18:25:32;1726;49,95;
18:25:35;1724;49,95;
18:25:38;1720;49,96;
18:25:41;1717;49,96;
18:25:44;1709;49,96;
18:25:47;1713;49,96;
18:25:50;1707;49,96;
18:25:53;1702;49,96;
18:25:56;1698;49,96;
18:25:59;1697;49,96;
18:26:02;1693;49,96;
18:26:08;1694;49,96;
18:26:11;1691;49,96;
18:26:14;1687;49,95;
18:26:17;1688;49,95;
18:26:20;1685;49,95;
18:26:26;1680;49,95;
18:26:32;1676;49,96;
18:26:38;1672;49,96;
18:26:41;1673;49,95;
18:26:44;1667;49,96;
18:26:47;1668;49,96;
18:26:50;1661;49,96;
18:26:53;1664;49,97;
18:26:56;1657;49,97;
18:26:59;1659;49,97;
18:27:02;1656;49,97;
18:27:05;1654;49,97;
18:27:08;1648;49,97;
18:27:14;1649;49,96;
18:27:17;1645;49,96;
18:27:20;1643;49,96;
18:27:26;1636;49,96;
18:27:29;1639;49,96;
18:27:32;1625;49,96;
18:27:35;1630;49,96;
18:27:38;1636;49,96;
18:27:41;1634;49,97;
18:27:44;1628;49,96;
18:27:47;1632;49,96;
18:27:50;1630;49,96;
18:27:53;1627;49,96;
18:27:59;1624;49,96;
18:28:02;1622;49,96;
18:28:05;1620;49,96;
18:28:08;1619;49,96;
18:28:11;1616;49,96;
18:28:14;1614;49,96;
18:28:17;1607;49,96;
18:28:20;1610;49,96;
18:28:23;1604;49,96;
18:28:26;1607;49,96;
18:28:29;1604;49,95;
18:28:32;1603;49,95;
18:28:35;1599;49,95;
18:28:38;1598;49,95;
18:28:41;1590;49,96;
18:28:44;1594;49,96;
18:28:47;1589;49,96;
18:28:50;1590;49,96;
18:28:53;1589;49,96;
18:28:56;1587;49,96;
18:28:59;1584;49,96;
18:29:05;1581;49,96;
18:29:08;1579;49,96;
18:29:11;1577;49,96;
18:29:14;1578;49,95;
18:29:17;1574;49,95;
18:29:20;1573;49,95;
18:29:23;1557;49,95;
18:29:26;1566;49,95;
18:29:29;1564;49,94;
18:29:32;1567;49,94;
18:29:35;1561;49,94;
18:29:38;1565;49,94;
18:29:41;1551;49,94;
18:29:44;1560;49,95;
18:29:47;1557;49,94;
18:29:50;1558;49,94;
18:29:53;1552;49,94;
18:29:56;1554;49,95;
18:29:59;1539;49,96;
18:30:02;1551;49,96;
18:30:05;1544;49,96;
18:30:11;1534;49,96;
18:30:14;1546;49,96;
18:30:17;1539;49,97;
18:30:20;1542;49,97;
18:30:23;1529;49,97;
18:30:26;1539;49,96;
18:30:29;1540;49,96;
18:30:32;1533;49,96;
18:30:35;1526;49,97;
18:30:38;1535;49,97;
18:30:41;1527;49,96;
18:30:44;1532;49,96;
18:30:47;1519;49,96;
18:30:50;1528;49,97;
18:30:53;1530;49,97;
18:30:56;1527;49,97;
18:30:59;1510;49,97;
18:31:02;1520;49,97;
18:31:05;1511;49,97;
18:31:08;1518;49,97;
18:31:11;1503;49,97;
18:31:17;1504;49,97;
18:31:20;1505;49,96;
18:31:23;1488;49,96;
18:31:26;1498;49,97;
18:31:29;1494;49,98;
18:31:32;1484;49,98;
18:31:35;1490;49,98;
18:31:38;1478;49,98;
18:31:41;1475;49,98;
18:31:44;1473;49,98;
18:31:47;1475;49,98;
18:31:50;1478;49,98;
18:31:53;1461;49,98;
18:31:56;1472;49,99;
18:31:59;1470;49,99;
18:32:02;1468;49,99;
18:32:05;1451;49,99;
18:32:08;1463;49,99;
18:32:11;1459;49,99;
18:32:14;1460;49,99;
18:32:17;1461;49,99;
18:32:20;1446;49,99;
18:32:23;1455;49,99;
18:32:26;1445;49,98;
18:32:29;1448;49,98;
18:32:32;1441;49,96;
18:32:35;1444;49,96;
18:32:38;1435;49,97;
18:32:41;1436;49,97;
18:32:44;1425;49,97;
18:32:47;1431;49,97;
18:32:50;1427;49,97;
18:32:53;1427;49,98;
18:32:56;1422;49,98;
18:32:59;1423;49,98;
18:33:02;1416;49,98;
18:33:08;1404;49,99;
18:33:11;1416;49,99;
18:33:14;1412;50,00;
18:33:17;1412;49,99;
18:33:20;1401;49,98;
18:33:23;1405;49,98;
18:33:26;1404;49,98;
18:33:29;1403;49,98;
18:33:32;1399;49,98;
18:33:35;1404;49,97;
18:33:38;1400;49,97;
18:33:41;1401;49,97;
18:33:44;1395;49,97;
18:33:47;1396;49,97;
18:33:50;1397;49,97;
18:33:53;1390;49,98;
18:33:56;1391;49,97;
18:33:59;1387;49,98;
18:34:02;1386;49,98;
18:34:05;1388;49,98;
18:34:08;1390;49,98;
18:34:14;1378;49,97;
18:34:17;1385;49,97;
18:34:20;1381;49,96;
18:34:23;1370;49,96;
18:34:26;1358;49,95;
18:34:29;1376;49,96;
18:34:35;1379;49,96;
18:34:38;1368;49,97;
18:34:41;1362;49,96;
18:34:44;1366;49,96;
18:34:47;1367;49,96;
18:34:50;1362;49,96;
18:34:53;1352;49,96;
18:34:56;1365;49,96;
18:34:59;1363;49,96;
18:35:02;1359;49,96;
18:35:05;1338;49,96;
18:35:08;1354;49,97;
18:35:11;1355;49,97;
18:35:14;1352;49,98;
18:35:20;1349;49,98;
18:35:23;1350;49,98;
18:35:26;1348;49,97;
18:35:29;1336;49,97;
18:35:32;1343;49,97;
18:35:35;1341;49,97;
18:35:38;1338;49,97;
18:35:41;1337;49,97;
18:35:44;1336;49,96;
18:35:47;1334;49,96;
18:35:50;1333;49,97;
18:35:53;1322;49,97;
18:35:56;1328;49,98;
18:35:59;1325;49,98;
18:36:02;1324;49,97;
18:36:05;1303;49,98;
18:36:08;1317;49,97;
18:36:11;1314;49,97;
18:36:14;1308;49,96;
18:36:17;1294;49,96;
18:36:20;1305;49,97;
18:36:26;1298;49,96;
18:36:29;1296;49,96;
18:36:35;1283;49,96;
18:36:38;1289;49,97;
18:36:41;1280;49,96;
18:36:44;1284;49,96;
18:36:47;1278;49,96;
18:36:50;1277;49,97;
18:36:53;1271;49,97;
18:36:56;1275;49,97;
18:36:59;1249;49,98;
18:37:02;1266;49,98;
18:37:05;1265;49,98;
18:37:11;1255;49,97;
18:37:14;1262;49,96;
18:37:17;1256;49,96;
18:37:20;1254;49,96;
18:37:23;1246;49,96;
18:37:26;1252;49,96;
18:37:29;1251;49,96;
18:37:32;1242;49,96;
18:37:35;1244;49,96;
18:37:38;1240;49,96;
18:37:41;1237;49,96;
18:37:44;1238;49,96;
18:37:47;1243;49,96;
18:37:50;1232;49,96;
18:37:53;1241;49,96;
18:37:56;1230;49,97;
18:37:59;1236;49,97;
18:38:02;1229;49,98;
18:38:05;1232;49,98;
18:38:08;1217;49,97;
18:38:11;1231;49,96;
18:38:17;1226;49,96;
18:38:20;1212;49,95;
18:38:23;1223;49,95;
18:38:26;1212;49,95;
18:38:29;1220;49,95;
18:38:32;1200;49,95;
18:38:35;1215;49,95;
18:38:38;1217;49,95;
18:38:41;1211;49,96;
18:38:44;1194;49,96;
18:38:47;1209;49,96;
18:38:50;1202;49,96;
18:38:53;1204;49,97;
18:38:56;1193;49,96;
18:38:59;1204;49,96;
18:39:02;1204;49,97;
18:39:05;1205;49,97;
18:39:08;1183;49,97;
18:39:11;1200;49,97;
18:39:14;1198;49,97;
18:39:17;1196;49,96;
18:39:26;1192;49,96;
18:39:29;1191;49,95;
18:39:32;1186;49,95;
18:39:35;1187;49,95;
18:39:38;1179;49,96;
18:39:41;1182;49,96;
18:39:44;1183;49,96;
18:39:47;1179;49,96;
18:39:50;1174;49,96;
18:39:53;1178;49,95;
18:39:59;1172;49,95;
18:40:02;1173;49,95;
18:40:05;1174;49,96;
18:40:08;1171;49,95;
18:40:11;1169;49,96;
18:40:17;1167;49,96;
18:40:20;1168;49,96;
18:40:23;1165;49,96;
18:40:29;1162;49,96;
18:40:32;1160;49,96;
18:40:35;1158;49,97;
18:40:41;1155;49,96;
18:40:44;1152;49,96;
18:40:47;1144;49,96;
18:40:50;1148;49,96;
18:40:53;1146;49,96;
18:40:56;1145;49,96;
18:40:59;1143;49,96;
18:41:02;1140;49,97;
18:41:05;1136;49,97;
18:41:08;1133;49,97;
18:41:11;1124;49,97;
18:41:14;1129;49,97;
18:41:17;1122;49,96;
18:41:20;1126;49,96;
18:41:23;1118;49,96;
18:41:26;1124;49,96;
18:41:29;1116;49,96;
18:41:32;1117;49,96;
18:41:35;1120;49,96;
18:41:38;1116;49,95;
18:41:41;1102;49,95;
18:41:44;1111;49,96;
18:41:47;1112;49,96;
18:41:50;1107;49,96;
18:41:53;1101;49,96;
18:41:56;1106;49,96;
18:41:59;1102;49,97;
18:42:02;1104;49,97;
18:42:05;1091;49,98;
18:42:08;1095;49,97;
18:42:11;1090;49,97;
18:42:20;1087;49,97;
18:42:23;1080;49,98;
18:42:26;1083;49,98;
18:42:29;1076;49,97;
18:42:35;1067;49,96;
18:42:38;1073;49,96;
18:42:44;1069;49,96;
18:42:47;1063;49,96;
18:42:50;1056;49,97;
18:42:53;1058;49,97;
18:42:56;1060;49,96;
18:42:59;1064;49,96;
18:43:02;1043;49,96;
18:43:05;1056;49,96;
18:43:08;1052;49,96;
18:43:11;1043;49,96;
18:43:14;1038;49,96;
18:43:17;1037;49,96;
18:43:20;1032;49,96;
18:43:26;1038;49,95;
18:43:29;1032;49,95;
18:43:32;1028;49,95;
18:43:35;1030;49,95;
18:43:38;1028;49,95;
18:43:41;1025;49,94;
18:43:44;1019;49,94;
18:43:47;1024;49,94;
18:43:50;1020;49,95;
18:43:53;1021;49,95;
18:43:56;1017;49,95;
18:43:59;1016;49,95;
18:44:02;1011;49,95;
18:44:05;1008;49,95;
18:44:08;1006;49,95;
18:44:11;1005;49,95;
18:44:17;1004;49,96;
18:44:20;998;49,96;
18:44:23;1001;49,96;
18:44:26;1000;49,96;
18:44:32;992;49,95;
18:44:35;996;49,95;
18:44:38;989;49,94;
18:44:41;992;49,95;
18:44:44;985;49,95;
18:44:47;986;49,94;
18:44:50;984;49,94;
18:44:53;974;49,94;
18:44:56;976;49,95;
18:44:59;974;49,95;
18:45:02;971;49,95;
18:45:05;973;49,95;
18:45:08;960;49,95;
18:45:11;969;49,95;
18:45:14;968;49,95;
18:45:17;965;49,94;
18:45:20;956;49,94;
18:45:23;963;49,94;
18:45:26;950;49,95;
18:45:29;957;49,95;
18:45:32;950;49,95;
18:45:38;952;49,94;
18:45:41;950;49,94;
18:45:44;936;49,94;
18:45:47;948;49,94;
18:45:50;947;49,94;
18:45:53;946;49,94;
18:45:56;948;49,94;
18:45:59;943;49,94;
18:46:02;941;49,95;
18:46:05;939;49,95;
18:46:08;937;49,95;
18:46:11;931;49,96;
18:46:14;933;49,96;
18:46:17;927;49,96;
18:46:23;918;49,96;
18:46:26;919;49,96;
18:46:29;912;49,95;
18:46:32;915;49,95;
18:46:35;910;49,96;
18:46:38;909;49,96;
18:46:41;897;49,96;
18:46:44;905;49,96;
18:46:47;910;49,96;
18:46:50;908;49,95;
18:46:53;895;49,95;
18:46:56;903;49,94;
18:46:59;891;49,94;
18:47:02;899;49,94;
18:47:05;897;49,94;
18:47:08;896;49,94;
18:47:11;891;49,94;
18:47:14;896;49,94;
18:47:17;874;49,94;
18:47:20;893;49,94;
18:47:23;887;49,94;
18:47:29;883;49,94;
18:47:32;878;49,94;
18:47:35;882;49,94;
18:47:38;880;49,94;
18:47:41;883;49,94;
18:47:44;887;49,94;
18:47:47;877;49,94;
18:47:50;881;49,93;
18:47:53;874;49,94;
18:47:56;881;49,94;
18:48:02;878;49,94;
18:48:05;873;49,94;
18:48:14;872;49,94;
18:48:17;880;49,94;
18:48:20;875;49,94;
18:48:23;870;49,94;
18:48:26;872;49,94;
18:48:29;862;49,94;
18:48:35;867;49,94;
18:48:41;868;49,94;
18:48:44;866;49,94;
18:48:47;854;49,94;
18:48:50;865;49,94;
18:48:53;866;49,94;
18:48:59;862;49,94;
18:49:02;862;49,95;
18:49:05;847;49,95;
18:49:08;858;49,95;
18:49:14;856;49,95;
18:49:17;861;49,96;
18:49:20;843;49,96;
18:49:23;835;49,95;
18:49:26;847;49,95;
18:49:29;852;49,96;
18:49:32;842;49,96;
18:49:35;837;49,95;
18:49:41;827;49,94;
18:49:44;830;49,95;
18:49:47;839;49,94;
18:49:50;833;49,95;
18:49:53;837;49,95;
18:49:56;829;49,96;
18:50:02;821;49,96;
18:50:05;830;49,95;
18:50:08;829;49,95;
18:50:11;831;49,96;
18:50:14;821;49,95;
18:50:20;814;49,95;
18:50:26;823;49,95;
18:50:29;814;49,95;
18:50:32;815;49,96;
18:50:38;803;49,96;
18:50:41;811;49,96;
18:50:47;815;49,95;
18:50:50;807;49,94;
18:50:53;808;49,95;
18:50:56;796;49,94;
18:50:59;805;49,95;
18:51:02;807;49,95;
18:51:05;802;49,95;
18:51:08;805;49,95;
18:51:11;798;49,95;
18:51:14;787;49,95;
18:51:17;795;49,94;
18:51:23;792;49,94;
18:51:26;787;49,94;
18:51:32;776;49,94;
18:51:35;781;49,94;
18:51:41;779;49,95;
18:51:44;772;49,95;
18:51:47;772;49,94;
18:51:53;768;49,94;
18:51:56;769;49,94;
18:51:59;769;49,95;
18:52:02;773;49,95;
18:52:05;761;49,95;
18:52:08;760;49,96;
18:52:11;761;49,96;
18:52:14;760;49,96;
18:52:17;761;49,96;
18:52:20;762;49,96;
18:52:23;759;49,96;
18:52:26;757;49,96;
18:52:29;753;49,96;
18:52:32;754;49,96;
18:52:38;754;49,95;
18:52:41;751;49,94;
18:52:44;748;49,94;
18:52:47;743;49,94;
18:52:50;745;49,95;
18:52:53;753;49,96;
18:52:56;745;49,95;
18:52:59;750;49,95;
18:53:02;748;49,95;
18:53:05;746;49,95;
18:53:08;744;49,94;
18:53:11;746;49,94;
18:53:14;747;49,94;
18:53:17;745;49,94;
18:53:20;744;49,94;
18:53:23;737;49,94;
18:53:26;743;49,93;
18:53:32;744;49,93;
18:53:35;734;49,93;
18:53:38;732;49,94;
18:53:44;729;49,95;
18:53:47;731;49,96;
18:53:50;730;49,96;
18:53:53;723;49,96;
18:53:56;724;49,96;
18:53:59;721;49,96;
18:54:08;720;49,96;
18:54:11;716;49,96;
18:54:14;717;49,96;
18:54:17;693;49,96;
18:54:20;710;49,95;
18:54:23;718;49,95;
18:54:26;711;49,95;
18:54:29;710;49,96;
18:54:35;706;49,96;
18:54:38;712;49,96;
18:54:41;710;49,96;
18:54:44;713;49,96;
18:54:50;705;49,96;
18:54:53;699;49,96;
18:54:56;702;49,96;
18:55:02;700;49,96;
18:55:05;705;49,96;
18:55:08;695;49,96;
18:55:11;697;49,96;
18:55:14;698;49,96;
18:55:20;697;49,96;
18:55:23;698;49,96;
18:55:26;692;49,95;
18:55:35;690;49,95;
18:55:38;657;49,95;
18:55:41;685;49,95;
18:55:44;687;49,95;
18:55:47;685;49,95;
18:55:50;690;49,95;
18:55:53;687;49,96;
18:55:56;690;49,96;
18:55:59;681;49,97;
18:56:02;675;49,96;
18:56:05;672;49,97;
18:56:08;667;49,97;
18:56:11;665;49,98;
18:56:14;674;49,98;
18:56:17;666;49,98;
18:56:20;660;49,97;
18:56:23;664;49,97;
18:56:26;669;49,97;
18:56:29;659;49,98;
18:56:32;658;49,98;
18:56:35;662;49,97;
18:56:41;659;49,96;
18:56:44;652;49,96;
18:56:47;657;49,96;
18:56:50;669;49,96;
18:56:53;662;49,96;
18:56:56;666;49,96;
18:56:59;658;49,96;
18:57:02;661;49,96;
18:57:05;653;49,96;
18:57:08;650;49,96;
18:57:11;653;49,96;
18:57:14;657;49,96;
18:57:17;654;49,96;
18:57:20;653;49,96;
18:57:23;664;49,96;
18:57:26;657;49,97;
18:57:29;657;49,96;
18:57:32;653;49,96;
18:57:35;648;49,96;
18:57:38;649;49,96;
18:57:41;646;49,96;
18:57:47;652;49,97;
18:57:50;653;49,97;
18:57:53;648;49,97;
18:57:56;642;49,97;
18:58:05;647;49,97;
18:58:08;641;49,97;
18:58:11;642;49,97;
18:58:14;643;49,98;
18:58:17;641;49,97;
18:58:20;642;49,97;
18:58:23;640;49,97;
18:58:26;642;49,97;
18:58:29;640;49,97;
18:58:32;642;49,96;
18:58:35;642;49,97;
18:58:38;640;49,97;
18:58:41;640;49,98;
18:58:44;639;49,98;
18:58:47;640;49,98;
18:58:53;635;49,99;
18:58:56;634;49,99;
18:58:59;636;49,99;
18:59:05;633;50,00;
18:59:08;634;50,00;
18:59:11;627;50,00;
18:59:14;632;50,00;
18:59:17;631;50,00;
18:59:20;637;50,00;
18:59:23;635;49,98;
18:59:26;636;49,98;
18:59:29;626;49,98;
18:59:32;627;49,98;
18:59:41;629;49,99;
18:59:44;627;50,00;
18:59:47;614;50,00;
18:59:50;629;50,01;
18:59:53;636;50,01;
18:59:56;629;50,01;
18:59:59;634;50,01;
19:00:02;627;50,01;
19:00:05;619;50,01;
19:00:11;613;50,01;
19:00:14;620;50,02;
19:00:17;625;50,03;
19:00:20;615;50,03;
19:00:23;626;50,03;
19:00:26;617;50,03;
19:00:32;615;50,04;
19:00:35;614;50,04;
19:00:38;612;50,04;
19:00:44;613;50,04;
19:00:50;612;50,04;
19:00:53;614;50,04;
19:00:56;613;50,04;
19:00:59;610;50,05;
19:01:02;600;50,05;
19:01:05;610;50,05;
19:01:08;609;50,05;
19:01:11;608;50,04;
19:01:14;606;50,05;
19:01:17;605;50,05;
19:01:23;607;50,05;
19:01:26;616;50,05;
19:01:29;613;50,05;
19:01:32;610;50,04;
19:01:38;611;50,03;
19:01:41;607;50,04;
19:01:44;602;50,05;
19:01:50;606;50,05;
19:01:53;605;50,05;
19:01:56;594;50,05;
19:01:59;604;50,05;
19:02:02;602;50,05;
19:02:05;605;50,05;
19:02:08;594;50,05;
19:02:11;598;50,06;
19:02:14;602;50,06;
19:02:17;600;50,06;
19:02:20;591;50,06;
19:02:23;600;50,06;
19:02:26;599;50,05;
19:02:29;597;50,05;
19:02:32;585;50,04;
19:02:35;596;50,05;
19:02:38;595;50,05;
19:02:41;594;50,05;
19:02:44;596;50,06;
19:02:47;593;50,06;
19:02:56;590;50,06;
19:02:59;589;50,06;
19:03:05;591;50,07;
19:03:08;588;50,06;
19:03:11;589;50,06;
19:03:14;592;50,05;
19:03:17;587;50,05;
19:03:20;573;50,03;
19:03:23;586;50,03;
19:03:26;593;50,03;
19:03:29;585;50,03;
19:03:32;569;50,03;
19:03:35;583;50,03;
19:03:38;581;50,03;
19:03:41;580;50,03;
19:03:44;573;50,03;
19:03:47;579;50,03;
19:03:50;583;50,03;
19:03:53;579;50,03;
19:03:56;578;50,03;
19:03:59;570;50,03;
19:04:02;577;50,03;
19:04:05;577;50,04;
19:04:08;577;50,05;
19:04:11;576;50,05;
19:04:14;578;50,05;
19:04:17;577;50,04;
19:04:20;575;50,04;
19:04:23;568;50,04;
19:04:26;573;50,03;
19:04:32;573;50,02;
19:04:35;566;50,02;
19:04:38;573;50,01;
19:04:41;574;50,01;
19:04:47;562;50,02;
19:04:50;571;50,03;
19:04:53;569;50,03;
19:04:56;570;50,03;
19:04:59;572;50,03;
19:05:02;568;50,03;
19:05:05;573;50,03;
19:05:08;567;50,03;
19:05:11;563;50,03;
19:05:14;566;50,03;
19:05:17;563;50,03;
19:05:20;565;50,02;
19:05:23;561;50,02;
19:05:26;564;50,01;
19:05:32;563;50,01;
19:05:35;553;50,01;
19:05:38;561;50,01;
19:05:41;568;50,01;
19:05:44;561;50,01;
19:05:47;551;50,01;
19:05:53;568;50,02;
19:05:56;558;50,01;
19:05:59;547;50,01;
19:06:02;557;50,01;
19:06:05;554;50,01;
19:06:08;555;50,01;
19:06:11;546;50,01;
19:06:14;550;50,01;
19:06:17;553;50,01;
19:06:20;555;50,01;
19:06:23;547;50,02;
19:06:26;553;50,01;
19:06:29;558;50,01;
19:06:32;550;50,01;
19:06:35;552;50,01;
19:06:38;550;50,01;
19:06:44;549;50,01;
19:06:47;537;50,01;
19:06:50;549;50,01;
19:06:59;535;50,02;
19:07:02;546;50,02;
19:07:05;549;50,02;
19:07:08;545;50,02;
19:07:11;533;50,02;
19:07:14;544;50,02;
19:07:17;543;50,02;
19:07:20;538;50,02;
19:07:23;530;50,02;
19:07:26;535;50,03;
19:07:29;539;50,03;
19:07:32;540;50,03;
19:07:35;526;50,02;
19:07:38;537;50,02;
19:07:44;539;50,02;
19:07:47;545;50,01;
19:07:50;544;50,02;
19:07:53;534;50,01;
19:07:56;537;50,01;
19:07:59;517;50,01;
19:08:05;540;50,01;
19:08:08;533;50,01;
19:08:11;542;50,01;
19:08:14;535;50,01;
19:08:17;533;50,01;
19:08:20;534;50,00;
19:08:23;537;50,00;
19:08:26;539;50,00;
19:08:32;528;50,00;
19:08:35;538;50,00;
19:08:38;541;50,00;
19:08:41;540;50,00;
19:08:44;525;50,00;
19:08:50;539;50,00;
19:09:17;532;50,00;
19:09:20;526;49,99;
19:09:23;535;49,99;
19:09:26;532;49,99;
19:09:29;515;49,99;
19:09:32;530;50,00;
19:09:35;528;49,99;
19:09:38;529;50,00;
19:09:41;527;50,00;
19:09:44;515;50,00;
19:09:47;527;50,00;
19:09:50;529;50,00;
19:09:56;501;50,00;
19:09:59;524;50,00;
19:10:02;515;50,00;
19:10:05;527;50,00;
19:10:08;509;50,00;
19:10:11;524;50,00;
19:10:14;524;49,99;
19:10:20;523;49,98;
19:10:26;516;49,98;
19:10:29;519;49,98;
19:10:32;499;49,98;
19:10:35;516;49,98;
19:10:44;501;49,97;
19:10:47;510;49,97;
19:10:50;513;49,98;
19:10:56;499;49,98;
19:11:02;501;49,99;
19:11:05;513;49,99;
19:11:08;498;49,99;
19:11:11;505;49,99;
19:11:14;514;49,98;
19:11:17;508;49,98;
19:11:20;512;49,99;
19:11:23;501;49,99;
19:11:26;513;49,99;
19:11:29;505;49,99;
19:11:32;508;49,98;
19:11:35;491;49,98;
19:11:38;505;49,98;
19:11:41;511;49,98;
19:11:44;504;49,98;
19:11:47;502;49,99;
19:11:50;510;49,99;
19:11:53;503;50,00;
19:11:56;509;50,00;
19:11:59;501;50,00;
19:12:02;508;50,00;
19:12:08;502;49,99;
19:12:11;484;49,99;
19:12:14;501;49,98;
19:12:17;502;49,99;
19:12:20;488;49,98;
19:12:23;499;49,98;
19:12:26;506;49,98;
19:12:29;503;49,98;
19:12:35;496;49,98;
19:12:38;503;49,98;
19:12:41;498;49,98;
19:12:44;502;49,98;
19:12:47;476;49,98;
19:12:50;500;49,98;
19:12:53;496;49,98;
19:12:56;500;50,00;
19:12:59;493;50,00;
19:13:02;496;50,00;
19:13:05;490;50,01;
19:13:08;481;50,00;
19:13:11;495;50,00;
19:13:14;480;50,00;
19:13:17;498;50,00;
19:13:20;493;50,00;
19:13:23;498;50,00;
19:13:26;488;50,00;
19:13:29;492;50,00;
19:13:32;493;50,00;
19:13:35;498;50,00;
19:13:38;491;50,00;
19:13:41;493;49,99;
19:13:44;487;49,98;
19:13:47;494;49,98;
19:13:50;489;49,98;
19:13:53;492;49,98;
19:13:59;490;49,98;
19:14:02;486;49,97;
19:14:05;490;49,97;
19:14:08;480;49,97;
19:14:11;490;49,98;
19:14:14;484;49,98;
19:14:17;489;49,98;
19:14:20;488;49,98;
19:14:23;485;49,97;
19:14:26;478;49,98;
19:14:29;484;49,97;
19:14:32;474;49,96;
19:14:35;485;49,96;
19:14:38;478;49,96;
19:14:41;484;49,96;
19:14:44;477;49,96;
19:14:47;482;49,96;
19:14:50;476;49,97;
19:14:53;482;49,97;
19:14:56;474;49,97;
19:14:59;482;49,97;
19:15:05;481;49,96;
19:15:08;475;49,96;
19:15:11;481;49,96;
19:15:14;479;49,96;
19:15:17;481;49,97;
19:15:20;469;49,97;
19:15:23;479;49,97;
19:15:26;476;49,98;
19:15:29;475;49,97;
19:15:32;473;49,97;
19:15:35;476;49,97;
19:15:38;477;49,97;
19:15:41;475;49,97;
19:15:44;472;49,97;
19:15:47;476;49,97;
19:15:53;475;49,98;
19:15:56;462;49,98;
19:15:59;474;49,98;
19:16:02;470;49,98;
19:16:05;471;49,98;
19:16:11;476;49,98;
19:16:14;468;49,98;
19:16:17;469;49,97;
19:16:20;464;49,97;
19:16:23;474;49,97;
19:16:29;467;49,97;
19:16:32;474;49,98;
19:16:35;473;49,97;
19:16:38;472;49,98;
19:16:41;472;49,97;
19:16:50;471;49,96;
19:16:53;472;49,97;
19:16:59;469;49,98;
19:17:02;470;49,98;
19:17:05;468;49,98;
19:17:08;466;49,98;
19:17:11;469;49,98;
19:17:17;465;49,99;
19:17:20;466;49,99;
19:17:23;468;49,99;
19:17:26;466;49,98;
19:17:35;463;49,98;
19:17:38;466;49,98;
19:17:44;467;49,98;
19:17:47;465;49,98;
19:17:50;468;49,98;
19:17:53;465;49,98;
19:17:56;467;49,98;
19:18:02;467;49,99;
19:18:05;465;49,99;
19:18:08;466;49,99;
19:18:11;463;49,99;
19:18:14;464;49,98;
19:18:17;455;49,98;
19:18:20;466;49,98;
19:18:23;465;49,98;
19:18:26;465;49,97;
19:18:29;456;49,97;
19:18:32;462;49,97;
19:18:35;465;49,97;
19:18:38;464;49,97;
19:18:41;462;49,97;
19:18:44;460;49,97;
19:18:47;463;49,97;
19:18:50;464;49,97;
19:18:53;461;49,97;
19:18:56;463;49,98;
19:18:59;461;49,98;
19:19:02;462;49,98;
19:19:08;460;49,98;
19:19:14;461;49,98;
19:19:17;460;49,98;
19:19:20;461;49,98;
19:19:23;463;49,98;
19:19:26;462;49,98;
19:19:29;459;49,99;
19:19:32;458;49,98;
19:19:38;462;49,98;
19:19:41;461;49,98;
19:19:44;463;49,98;
19:19:47;462;49,97;
19:19:50;457;49,97;
19:19:53;461;49,97;
19:19:56;461;49,98;
19:20:02;460;49,98;
19:20:08;459;49,97;
19:20:14;456;49,97;
19:20:17;460;49,98;
19:20:20;458;49,98;
19:20:26;459;49,98;
19:20:32;458;49,98;
19:20:35;457;49,97;
19:20:38;453;49,98;
19:20:41;458;49,98;
19:20:44;457;49,98;
19:20:47;458;49,98;
19:20:50;455;49,99;
19:20:53;458;49,99;
19:20:56;455;49,99;
19:20:59;458;50,00;
19:21:02;453;50,00;
19:21:05;460;50,00;
19:21:11;457;50,00;
19:21:14;454;50,00;
19:21:20;450;50,00;
19:21:23;454;49,99;
19:21:26;454;50,00;
19:21:29;456;50,00;
19:21:32;455;50,01;
19:21:35;460;50,01;
19:21:38;449;50,01;
19:21:41;451;50,01;
19:21:44;454;50,01;
19:21:47;453;50,01;
19:21:50;447;50,00;
19:21:53;453;50,00;
19:21:56;454;50,00;
19:21:59;452;50,00;
19:22:02;451;50,00;
19:22:08;452;50,00;
19:22:11;450;50,00;
19:22:14;451;50,00;
19:22:17;449;50,00;
19:22:23;448;50,00;
19:22:26;449;50,00;
19:22:29;448;50,00;
19:22:32;448;50,01;
19:22:35;451;50,01;
19:22:38;449;50,01;
19:22:41;447;50,01;
19:22:50;448;50,00;
19:22:53;446;50,00;
19:22:56;447;50,00;
19:23:05;446;50,00;
19:23:11;445;50,01;
19:23:17;444;50,00;
19:23:20;445;50,00;
19:23:23;434;49,99;
19:23:26;440;49,99;
19:23:29;434;49,99;
19:23:32;442;49,99;
19:23:35;442;50,00;
19:23:38;446;50,00;
19:23:41;441;49,99;
19:23:44;446;49,99;
19:23:47;441;49,98;
19:23:50;444;49,98;
19:23:53;443;49,98;
19:23:56;440;49,98;
19:23:59;441;49,98;
19:24:02;438;49,97;
19:24:05;440;49,98;
19:24:08;442;49,97;
19:24:11;439;49,97;
19:24:17;435;49,97;
19:24:20;441;49,97;
19:24:23;438;49,97;
19:24:26;441;49,97;
19:24:29;437;49,96;
19:24:32;442;49,96;
19:24:35;437;49,96;
19:24:38;441;49,96;
19:24:41;436;49,97;
19:24:44;441;49,97;
19:24:47;436;49,98;
19:24:50;441;49,98;
19:24:53;440;49,98;
19:24:59;438;49,98;
19:25:02;440;49,98;
19:25:05;442;49,98;
19:25:08;440;49,98;
19:25:11;417;49,98;
19:25:14;427;49,98;
19:25:17;436;49,98;
19:25:23;441;49,98;
19:25:29;437;49,98;
19:25:32;440;49,98;
19:25:35;434;49,98;
19:25:38;436;49,98;
19:25:41;440;49,98;
19:25:44;434;49,99;
19:25:47;432;49,99;
19:25:50;433;49,98;
19:25:53;432;49,98;
19:25:56;434;49,98;
19:25:59;430;49,98;
19:26:02;432;49,98;
19:26:05;436;49,98;
19:26:08;435;49,98;
19:26:11;429;49,98;
19:26:14;431;49,98;
19:26:17;433;49,98;
19:26:20;429;49,98;
19:26:23;425;49,97;
19:26:29;434;49,96;
19:26:32;428;49,97;
19:26:35;425;49,97;
19:26:38;432;49,98;
19:26:41;431;49,98;
19:26:44;427;49,98;
19:26:47;432;49,98;
19:26:50;430;49,98;
19:26:53;432;49,97;
19:26:56;428;49,97;
19:26:59;432;49,97;
19:27:02;432;49,98;
19:27:05;433;49,97;
19:27:08;427;49,98;
19:27:14;422;49,99;
19:27:17;427;49,99;
19:27:20;429;50,00;
19:27:26;433;50,00;
19:27:29;432;50,00;
19:27:32;430;50,00;
19:27:35;428;49,99;
19:27:38;429;49,98;
19:27:41;430;49,98;
19:27:44;424;49,98;
19:27:47;426;49,98;
19:27:50;428;49,98;
19:27:53;430;49,98;
19:27:56;429;49,98;
19:27:59;428;49,98;
19:28:02;429;49,98;
19:28:05;427;49,98;
19:28:08;421;49,97;
19:28:11;427;49,97;
19:28:14;381;49,98;
19:28:20;417;49,99;
19:28:23;423;49,99;
19:28:26;424;49,98;
19:28:29;421;49,98;
19:28:32;418;49,97;
19:28:35;425;49,97;
19:28:38;427;49,96;
19:28:41;429;49,96;
19:28:44;421;49,96;
19:28:47;423;49,96;
19:28:50;424;49,97;
19:28:53;424;49,98;
19:28:56;422;49,98;
19:28:59;425;49,98;
19:29:02;426;49,98;
19:29:05;423;49,99;
19:29:08;415;50,00;
19:29:11;423;50,00;
19:29:14;398;50,00;
19:29:17;420;49,99;
19:29:20;411;49,98;
19:29:26;423;49,97;
19:29:29;416;49,97;
19:29:32;410;49,98;
19:29:35;417;49,98;
19:29:38;420;49,98;
19:29:41;417;49,98;
19:29:47;414;49,98;
19:29:50;419;49,98;
19:29:53;422;49,98;
19:29:56;420;49,98;
19:29:59;419;49,98;
19:30:05;418;49,98;
19:30:08;415;49,98;
19:30:11;418;49,97;
19:30:14;418;49,98;
19:30:17;415;49,97;
19:30:20;418;49,98;
19:30:26;417;49,98;
19:30:32;401;49,97;
19:30:35;402;49,97;
19:30:38;417;49,96;
19:30:41;412;49,97;
19:30:44;415;49,96;
19:30:47;414;49,96;
19:30:50;417;49,97;
19:30:53;415;49,97;
19:30:56;414;49,97;
19:30:59;411;49,98;
19:31:02;414;49,98;
19:31:05;410;49,98;
19:31:08;411;49,97;
19:31:11;410;49,97;
19:31:17;413;49,96;
19:31:23;406;49,96;
19:31:26;408;49,96;
19:31:29;403;49,96;
19:31:32;410;49,96;
19:31:35;411;49,96;
19:31:38;414;49,96;
19:31:41;412;49,96;
19:31:44;408;49,96;
19:31:47;408;49,97;
19:31:50;411;49,97;
19:31:53;409;49,98;
19:31:56;404;49,98;
19:31:59;409;49,98;
19:32:02;411;49,98;
19:32:05;409;49,98;
19:32:08;411;49,97;
19:32:11;410;49,97;
19:32:14;407;49,97;
19:32:17;411;49,97;
19:32:23;409;49,97;
19:32:26;405;49,96;
19:32:29;408;49,96;
19:32:32;409;49,96;
19:32:35;410;49,96;
19:32:38;404;49,96;
19:32:41;408;49,96;
19:32:44;408;49,97;
19:32:47;408;49,96;
19:32:50;404;49,96;
19:32:53;407;49,96;
19:32:56;405;49,97;
19:32:59;406;49,97;
19:33:02;403;49,97;
19:33:05;405;49,97;
19:33:08;404;49,97;
19:33:11;405;49,98;
19:33:14;401;49,98;
19:33:17;405;49,98;
19:33:29;404;49,97;
19:33:32;405;49,97;
19:33:35;403;49,97;
19:33:38;395;49,97;
19:33:41;402;49,98;
19:33:44;405;49,98;
19:33:47;398;49,98;
19:33:50;401;49,98;
19:33:53;400;49,98;
19:33:56;393;49,98;
19:33:59;401;49,97;
19:34:02;394;49,97;
19:34:05;399;49,98;
19:34:11;398;49,98;
19:34:14;393;49,97;
19:34:17;394;49,97;
19:34:20;398;49,98;
19:34:23;399;49,98;
19:34:26;388;49,99;
19:34:29;396;49,98;
19:34:35;404;49,98;
19:34:38;401;49,98;
19:34:41;399;49,98;
19:34:44;393;49,98;
19:34:47;399;49,98;
19:34:53;394;49,98;
19:34:56;398;49,98;
19:34:59;396;49,98;
19:35:02;394;49,98;
19:35:05;392;49,98;
19:35:08;394;49,98;
19:35:11;393;49,98;
19:35:14;395;49,98;
19:35:17;394;49,98;
19:35:20;393;49,98;
19:35:23;395;49,98;
19:35:26;395;49,99;
19:35:29;394;49,98;
19:35:41;391;49,98;
19:35:44;389;49,98;
19:35:47;387;49,98;
19:35:50;391;49,98;
19:35:53;390;49,98;
19:35:59;385;49,98;
19:36:02;387;49,97;
19:36:08;389;49,97;
19:36:11;385;49,97;
19:36:14;387;49,97;
19:36:17;386;49,97;
19:36:20;386;49,96;
19:36:29;387;49,97;
19:36:32;386;49,97;
19:36:35;378;49,97;
19:36:38;386;49,96;
19:36:41;389;49,96;
19:36:44;380;49,96;
19:36:47;385;49,96;
19:36:50;380;49,96;
19:36:53;385;49,96;
19:36:56;383;49,96;
19:36:59;384;49,96;
19:37:02;382;49,95;
19:37:05;384;49,95;
19:37:08;382;49,95;
19:37:11;381;49,95;
19:37:14;378;49,94;
19:37:17;379;49,94;
19:37:20;380;49,95;
19:37:23;383;49,95;
19:37:26;384;49,94;
19:37:32;382;49,95;
19:37:35;383;49,94;
19:37:38;384;49,96;
19:37:41;382;49,96;
19:37:44;378;49,97;
19:37:47;383;49,96;
19:37:50;378;49,96;
19:37:53;381;49,96;
19:37:56;381;49,95;
19:37:59;377;49,95;
19:38:02;374;49,95;
19:38:05;377;49,95;
19:38:08;376;49,95;
19:38:11;375;49,95;
19:38:14;376;49,95;
19:38:17;376;49,96;
19:38:20;372;49,96;
19:38:23;374;49,96;
19:38:26;370;49,96;
19:38:29;371;49,96;
19:38:32;367;49,95;
19:38:38;370;49,95;
19:38:41;374;49,94;
19:38:44;372;49,94;
19:38:47;373;49,94;
19:38:50;368;49,94;
19:38:53;371;49,94;
19:38:56;368;49,95;
19:38:59;371;49,95;
19:39:02;373;49,95;
19:39:05;374;49,95;
19:39:08;368;49,95;
19:39:11;372;49,94;
19:39:14;370;49,94;
19:39:17;367;49,95;
19:39:20;366;49,95;
19:39:23;370;49,95;
19:39:26;367;49,95;
19:39:29;369;49,95;
19:39:32;363;49,96;
19:39:35;369;49,96;
19:39:38;368;49,95;
19:39:47;367;49,95;
19:39:50;362;49,95;
19:39:53;367;49,95;
19:39:56;359;49,95;
19:39:59;365;49,95;
19:40:05;364;49,96;
19:40:08;360;49,96;
19:40:11;362;49,96;
19:40:14;364;49,96;
19:40:17;363;49,96;
19:40:23;361;49,95;
19:40:29;361;49,96;
19:40:32;360;49,96;
19:40:38;361;49,96;
19:40:41;358;49,97;
19:40:44;359;49,97;
19:40:47;354;49,98;
19:40:50;358;49,98;
19:40:53;359;49,97;
19:40:56;358;49,97;
19:40:59;354;49,97;
19:41:02;357;49,96;
19:41:05;356;49,97;
19:41:08;352;49,97;
19:41:11;350;49,98;
19:41:14;354;49,98;
19:41:17;352;49,98;
19:41:20;349;49,97;
19:41:23;351;49,97;
19:41:26;352;49,96;
19:41:29;349;49,96;
19:41:35;346;49,96;
19:41:44;343;49,97;
19:41:47;345;49,97;
19:41:50;346;49,97;
19:41:53;346;49,98;
19:41:56;340;49,97;
19:42:02;345;49,96;
19:42:05;342;49,97;
19:42:08;344;49,96;
19:42:11;336;49,96;
19:42:14;342;49,96;
19:42:20;326;49,96;
19:42:23;333;49,96;
19:42:26;337;49,96;
19:42:29;338;49,96;
19:42:35;335;49,96;
19:42:41;337;49,96;
19:42:47;330;49,96;
19:42:50;335;49,97;
19:42:53;333;49,97;
19:42:56;334;49,97;
19:42:59;333;49,97;
19:43:02;330;49,96;
19:43:05;332;49,96;
19:43:08;329;49,96;
19:43:11;324;49,96;
19:43:14;326;49,97;
19:43:17;328;49,97;
19:43:20;328;49,98;
19:43:23;330;49,98;
19:43:26;327;49,98;
19:43:29;320;49,97;
19:43:32;322;49,97;
19:43:35;321;49,97;
19:43:38;324;49,97;
19:43:41;320;49,97;
19:43:47;324;49,98;
19:43:50;319;49,98;
19:43:53;318;49,97;
19:43:56;322;49,97;
19:43:59;324;49,97;
19:44:02;316;49,96;
19:44:05;320;49,97;
19:44:11;317;49,97;
19:44:14;318;49,97;
19:44:20;312;49,97;
19:44:23;314;49,97;
19:44:26;316;49,97;
19:44:32;313;49,97;
19:44:35;313;49,98;
19:44:38;311;49,98;
19:44:41;309;49,97;
19:44:44;314;49,97;
19:44:47;313;49,97;
19:44:50;314;49,97;
19:44:53;309;49,97;
19:44:56;313;49,98;
19:44:59;307;49,99;
19:45:02;309;49,99;
19:45:05;311;49,99;
19:45:11;309;49,99;
19:45:14;310;49,99;
19:45:17;309;49,98;
19:45:23;308;49,98;
19:45:26;307;49,98;
19:45:29;308;49,98;
19:45:32;305;49,98;
19:45:41;306;49,98;
19:45:44;304;49,98;
19:45:47;303;49,98;
19:45:50;302;49,98;
19:45:53;304;49,98;
19:45:56;300;49,99;
19:45:59;298;49,99;
19:46:02;303;50,00;
19:46:05;302;49,99;
19:46:08;302;50,00;
19:46:11;300;50,00;
19:46:14;299;49,99;
19:46:17;296;49,99;
19:46:20;300;49,98;
19:46:23;297;49,98;
19:46:29;298;49,97;
19:46:32;296;49,97;
19:46:35;296;49,98;
19:46:44;292;49,99;
19:46:50;291;49,99;
19:46:53;294;49,98;
19:46:56;293;49,98;
19:46:59;289;49,98;
19:47:02;293;49,97;
19:47:05;289;49,97;
19:47:08;291;49,97;
19:47:11;291;49,98;
19:47:14;292;49,97;
19:47:17;293;49,97;
19:47:20;294;49,96;
19:47:23;291;49,97;
19:47:26;291;49,96;
19:47:29;289;49,96;
19:47:32;283;49,96;
19:47:35;282;49,95;
19:47:38;289;49,95;
19:47:41;276;49,96;
19:47:44;286;49,96;
19:47:53;284;49,96;
19:47:56;283;49,96;
19:47:59;285;49,96;
19:48:02;283;49,96;
19:48:05;286;49,97;
19:48:08;284;49,97;
19:48:11;286;49,97;
19:48:14;285;49,97;
19:48:17;282;49,98;
19:48:20;284;49,98;
19:48:23;281;49,98;
19:48:29;283;49,98;
19:48:32;281;49,98;
19:48:38;282;49,98;
19:48:41;283;49,98;
19:48:44;282;49,97;
19:48:47;277;49,98;
19:48:50;281;49,98;
19:48:56;280;49,98;
19:48:59;278;49,98;
19:49:05;275;49,99;
19:49:08;280;49,98;
19:49:11;278;49,98;
19:49:14;279;49,98;
19:49:17;276;49,99;
19:49:20;276;49,98;
19:49:23;278;49,98;
19:49:26;276;49,98;
19:49:32;278;49,98;
19:49:35;273;49,98;
19:49:41;275;49,99;
19:49:44;277;49,99;
19:49:47;271;49,99;
19:49:50;277;49,99;
19:49:53;275;49,99;
19:49:56;271;49,99;
19:49:59;274;49,99;
19:50:02;271;49,98;
19:50:05;272;49,98;
19:50:08;267;49,98;
19:50:11;272;49,97;
19:50:14;271;49,97;
19:50:17;272;49,97;
19:50:20;274;49,97;
19:50:23;272;49,96;
19:50:26;272;49,97;
19:50:29;272;49,98;
19:50:32;273;49,98;
19:50:38;270;49,99;
19:50:41;273;49,99;
19:50:47;271;49,98;
19:50:50;272;49,97;
19:50:53;271;49,97;
19:50:56;273;49,96;
19:50:59;272;49,97;
19:51:05;271;49,98;
19:51:08;270;49,98;
19:51:11;270;49,99;
19:51:14;269;49,99;
19:51:17;268;49,99;
19:51:20;271;49,99;
19:51:26;269;49,98;
19:51:35;268;49,98;
19:51:41;267;49,97;
19:51:44;262;49,97;
19:51:47;267;49,97;
19:51:53;267;49,98;
19:51:56;264;49,98;
19:51:59;267;49,99;
19:52:02;266;50,00;
19:52:05;268;49,99;
19:52:08;264;49,99;
19:52:11;270;49,99;
19:52:14;268;49,99;
19:52:17;265;49,99;
19:52:26;268;49,98;
19:52:29;267;49,97;
19:52:32;266;49,97;
19:52:38;265;49,96;
19:52:41;265;49,97;
19:52:44;264;49,97;
19:52:47;263;49,98;
19:52:50;263;49,97;
19:52:53;256;49,97;
19:52:59;230;49,97;
19:53:02;232;49,97;
19:53:05;260;49,97;
19:53:08;261;49,97;
19:53:11;262;49,98;
19:53:14;265;49,98;
19:53:17;262;49,98;
19:53:26;264;49,98;
19:53:29;262;49,98;
19:53:32;260;49,98;
19:53:35;261;49,97;
19:53:38;260;49,97;
19:53:41;259;49,96;
19:53:44;260;49,97;
19:53:47;258;49,97;
19:53:50;262;49,96;
19:53:56;259;49,96;
19:53:59;260;49,96;
19:54:05;261;49,96;
19:54:08;260;49,96;
19:54:11;261;49,96;
19:54:14;261;49,97;
19:54:17;257;49,97;
19:54:20;256;49,96;
19:54:23;253;49,97;
19:54:26;257;49,96;
19:54:29;260;49,96;
19:54:35;257;49,97;
19:54:38;256;49,96;
19:54:41;256;49,97;
19:54:44;255;49,97;
19:54:50;256;49,97;
19:54:53;257;49,96;
19:54:56;258;49,97;
19:54:59;254;49,97;
19:55:02;258;49,98;
19:55:05;257;49,98;
19:55:08;253;49,98;
19:55:11;257;49,97;
19:55:17;255;49,96;
19:55:20;254;49,96;
19:55:23;256;49,96;
19:55:26;252;49,96;
19:55:29;257;49,96;
19:55:32;255;49,96;
19:55:35;256;49,96;
19:55:41;253;49,96;
19:55:44;254;49,97;
19:55:47;252;49,98;
19:55:50;253;49,98;
19:55:56;251;49,98;
19:55:59;254;49,98;
19:56:02;253;49,98;
19:56:08;255;49,98;
19:56:11;255;49,99;
19:56:17;253;50,00;
19:56:23;254;50,00;
19:56:26;252;50,00;
19:56:29;254;49,99;
19:56:32;251;49,98;
19:56:41;252;49,98;
19:56:44;250;49,98;
19:56:47;253;49,98;
19:56:50;252;49,97;
19:56:53;251;49,97;
19:56:56;249;49,98;
19:57:02;248;49,98;
19:57:08;250;49,98;
19:57:11;248;49,98;
19:57:14;244;49,98;
19:57:17;246;49,98;
19:57:20;248;49,98;
19:57:23;250;49,98;
19:57:29;249;49,98;
19:57:32;246;49,97;
19:57:35;248;49,97;
19:57:47;246;49,96;
19:57:50;248;49,97;
19:57:56;244;49,97;
19:57:59;248;49,97;
19:58:02;247;49,98;
19:58:08;245;49,98;
19:58:11;243;49,98;
19:58:14;247;49,98;
19:58:20;245;49,98;
19:58:23;247;49,98;
19:58:26;241;49,98;
19:58:29;244;49,97;
19:58:32;242;49,98;
19:58:38;247;49,98;
19:58:41;245;49,99;
19:58:44;244;50,00;
19:58:53;246;50,00;
19:58:56;245;50,00;
19:59:02;244;50,00;
19:59:05;244;49,99;
19:59:08;243;49,99;
19:59:11;242;49,98;
19:59:14;239;49,98;
19:59:17;239;50,00;
19:59:23;238;50,00;
19:59:26;241;50,00;
19:59:29;242;49,99;
19:59:32;238;50,00;
19:59:35;239;49,99;
19:59:47;241;50,00;
19:59:53;242;50,01;
19:59:59;241;50,00;
20:00:02;239;50,00;
20:00:08;238;50,00;
20:00:11;233;50,00;
20:00:14;240;50,00;
20:00:17;239;50,00;
20:00:20;237;50,00;
20:00:23;239;50,01;
20:00:26;240;50,01;
20:00:29;242;50,01;
20:00:32;241;50,01;
20:00:35;239;50,00;
20:00:38;240;50,00;
20:00:41;235;50,00;
20:00:44;240;50,00;
20:00:47;239;50,00;
20:00:50;234;50,00;
20:00:53;239;50,00;
20:00:56;240;50,00;
20:00:59;239;50,00;
20:01:05;238;50,01;
20:01:08;237;50,01;
20:01:11;236;50,01;
20:01:14;209;50,01;
20:01:17;218;50,01;
20:01:20;223;50,01;
20:01:23;227;50,01;
20:01:26;234;50,01;
20:01:29;237;50,01;
20:01:35;234;50,01;
20:01:38;235;50,01;
20:01:41;233;50,01;
20:01:44;236;50,01;
20:01:47;234;50,01;
20:01:50;233;50,01;
20:01:56;235;50,02;
20:01:59;234;50,01;
20:02:02;234;50,02;
20:02:05;232;50,03;
20:02:11;234;50,01;
20:02:17;230;50,01;
20:02:20;234;50,01;
20:02:23;233;50,01;
20:02:26;234;50,01;
20:02:35;232;50,01;
20:02:38;233;50,01;
20:02:41;232;50,01;
20:02:44;225;50,01;
20:02:47;231;50,02;
20:02:50;230;50,02;
20:02:53;232;50,01;
20:02:59;229;50,01;
20:03:02;232;50,01;
20:03:05;202;50,01;
20:03:08;204;50,01;
20:03:11;215;50,01;
20:03:14;232;50,00;
20:03:17;231;50,00;
20:03:20;233;50,00;
20:03:23;232;50,01;
20:03:26;231;50,01;
20:03:32;225;50,00;
20:03:35;230;50,00;
20:03:38;231;50,01;
20:03:41;228;50,00;
20:03:44;230;50,01;
20:03:47;230;50,00;
20:03:50;229;50,00;
20:03:53;228;50,00;
20:03:56;231;50,00;
20:04:02;229;50,01;
20:04:05;227;50,01;
20:04:08;224;50,01;
20:04:11;231;50,01;
20:04:14;228;50,00;
20:04:17;229;50,00;
20:04:23;227;49,99;
20:04:26;228;50,00;
20:04:29;230;49,99;
20:04:32;230;50,00;
20:04:35;228;50,00;
20:04:38;227;50,00;
20:04:41;228;50,00;
20:04:47;230;49,99;
20:04:50;228;49,99;
20:04:53;226;49,99;
20:04:56;224;49,98;
20:04:59;225;49,98;
20:05:08;224;49,99;
20:05:14;224;50,00;
20:05:17;226;49,99;
20:05:20;223;50,00;
20:05:23;228;50,00;
20:05:26;224;50,00;
20:05:32;224;49,99;
20:05:35;223;49,99;
20:05:38;224;49,99;
20:05:41;225;49,99;
20:05:44;224;49,98;
20:05:47;221;49,98;
20:05:50;222;49,98;
20:05:53;223;49,98;
20:05:56;221;49,98;
20:05:59;220;49,98;
20:06:02;220;49,99;
20:06:05;217;49,99;
20:06:08;220;49,99;
20:06:14;220;49,98;
20:06:17;223;49,98;
20:06:20;221;49,97;
20:06:23;217;49,96;
20:06:26;216;49,96;
20:06:29;217;49,97;
20:06:32;222;49,97;
20:06:35;223;49,98;
20:06:38;221;49,98;
20:06:41;223;49,98;
20:06:44;221;49,98;
20:06:47;219;49,98;
20:06:50;221;49,99;
20:06:56;220;49,99;
20:06:59;219;49,99;
20:07:02;223;49,99;
20:07:05;220;49,98;
20:07:08;220;49,97;
20:07:11;217;49,97;
20:07:14;221;49,97;
20:07:20;219;49,96;
20:07:23;218;49,96;
20:07:26;216;49,96;
20:07:29;217;49,97;
20:07:32;221;49,97;
20:07:35;213;49,97;
20:07:38;216;49,97;
20:07:41;218;49,97;
20:07:47;220;49,97;
20:07:50;219;49,97;
20:07:53;217;49,98;
20:07:56;218;49,98;
20:07:59;213;49,98;
20:08:05;218;49,98;
20:08:08;215;49,98;
20:08:11;214;49,98;
20:08:14;219;49,98;
20:08:17;215;49,99;
20:08:20;217;49,99;
20:08:23;215;49,99;
20:08:29;216;49,98;
20:08:32;214;49,98;
20:08:35;215;49,98;
20:08:38;213;49,97;
20:08:41;215;49,97;
20:08:44;218;49,97;
20:08:47;215;49,96;
20:08:50;212;49,97;
20:08:53;214;49,96;
20:08:59;212;49,96;
20:09:02;213;49,96;
20:09:05;214;49,96;
20:09:11;216;49,97;
20:09:14;212;49,98;
20:09:17;211;49,98;
20:09:20;209;49,98;
20:09:23;213;49,98;
20:09:26;212;49,98;
20:09:29;209;49,98;
20:09:32;212;49,97;
20:09:35;214;49,97;
20:09:38;213;49,97;
20:09:41;213;49,98;
20:09:44;211;49,98;
20:09:47;215;49,98;
20:09:50;214;49,98;
20:09:53;215;49,98;
20:09:56;213;49,98;
20:10:02;210;49,98;
20:10:05;212;49,98;
20:10:11;213;49,99;
20:10:17;209;49,99;
20:10:23;211;49,98;
20:10:29;212;49,98;
20:10:32;211;49,99;
20:10:35;209;49,99;
20:10:38;212;49,98;
20:10:41;210;49,99;
20:10:44;209;49,99;
20:10:50;207;49,99;
20:10:53;210;49,98;
20:10:59;211;49,98;
20:11:02;209;49,98;
20:11:05;210;49,98;
20:11:08;211;49,98;
20:11:11;211;49,99;
20:11:14;208;50,00;
20:11:17;211;50,00;
20:11:23;207;50,00;
20:11:26;208;50,00;
20:11:29;210;50,00;
20:11:32;209;50,00;
20:11:35;208;50,00;
20:11:41;206;50,00;
20:11:44;208;50,00;
20:11:47;210;50,00;
20:11:50;208;50,00;
20:11:53;207;50,00;
20:11:56;207;49,99;
20:11:59;205;49,99;
20:12:02;207;49,98;
20:12:11;206;49,98;
20:12:14;208;49,98;
20:12:17;203;49,98;
20:12:20;206;49,98;
20:12:23;206;49,99;
20:12:26;207;49,99;
20:12:29;204;49,99;
20:12:32;206;49,99;
20:12:35;207;49,99;
20:12:38;207;50,00;
20:12:41;202;50,00;
20:12:44;207;50,00;
20:12:50;206;50,00;
20:12:53;203;50,00;
20:12:56;204;49,99;
20:12:59;200;49,99;
20:13:02;203;49,99;
20:13:05;204;50,00;
20:13:08;203;50,00;
20:13:14;179;50,00;
20:13:17;177;50,00;
20:13:20;200;50,00;
20:13:23;202;50,00;
20:13:26;201;49,99;
20:13:35;200;49,99;
20:13:38;201;49,99;
20:13:47;203;50,00;
20:13:53;205;50,00;
20:13:56;203;50,00;
20:13:59;201;50,00;
20:14:02;202;50,00;
20:14:05;202;49,99;
20:14:08;201;50,00;
20:14:11;200;50,00;
20:14:14;202;50,00;
20:14:20;201;50,00;
20:14:23;200;50,00;
20:14:26;202;50,00;
20:14:32;203;50,00;
20:14:35;203;49,99;
20:14:38;202;49,99;
20:14:41;199;49,99;
20:14:44;201;49,99;
20:14:47;199;49,99;
20:14:50;201;49,99;
20:14:53;199;49,99;
20:14:56;200;49,99;
20:14:59;197;49,99;
20:15:02;194;49,99;
20:15:05;195;49,98;
20:15:11;199;49,98;
20:15:14;196;49,98;
20:15:17;197;49,98;
20:15:20;195;49,98;
20:15:26;198;49,98;
20:15:35;196;49,98;
20:15:38;195;49,98;
20:15:41;197;49,99;
20:15:44;197;50,00;
20:15:47;193;50,00;
20:15:50;197;50,00;
20:15:53;195;49,99;
20:15:56;192;50,00;
20:15:59;195;50,00;
20:16:02;193;50,00;
20:16:05;195;50,00;
20:16:08;194;49,99;
20:16:11;195;49,99;
20:16:14;194;49,99;
20:16:20;195;49,99;
20:16:23;194;49,99;
20:16:26;197;49,98;
20:16:29;195;49,98;
20:16:32;194;49,98;
20:16:35;192;49,98;
20:16:38;194;49,98;
20:16:41;193;49,98;
20:16:44;192;49,98;
20:16:47;190;49,97;
20:16:50;187;49,96;
20:16:53;190;49,97;
20:16:56;191;49,97;
20:16:59;192;49,97;
20:17:02;192;49,98;
20:17:05;193;49,98;
20:17:08;193;49,97;
20:17:17;191;49,97;
20:17:20;192;49,96;
20:17:23;192;49,97;
20:17:26;191;49,97;
20:17:29;193;49,97;
20:17:32;189;49,97;
20:17:35;191;49,98;
20:17:41;192;49,98;
20:17:44;191;49,98;
20:17:50;189;49,98;
20:17:53;191;49,98;
20:17:56;192;49,98;
20:17:59;186;49,98;
20:18:02;190;49,98;
20:18:05;191;49,99;
20:18:08;190;49,99;
20:18:11;193;49,98;
20:18:14;188;49,98;
20:18:17;189;49,98;
20:18:23;186;49,97;
20:18:26;188;49,97;
20:18:29;190;49,98;
20:18:32;188;49,98;
20:18:35;192;49,98;
20:18:38;190;49,98;
20:18:41;191;49,98;
20:18:44;188;49,98;
20:18:47;186;49,98;
20:18:50;185;49,98;
20:18:56;187;49,98;
20:18:59;187;49,99;
20:19:02;186;49,99;
20:19:05;189;50,00;
20:19:08;188;50,00;
20:19:11;186;50,00;
20:19:14;188;50,00;
20:19:17;184;49,99;
20:19:20;187;49,99;
20:19:23;189;49,99;
20:19:29;184;49,98;
20:19:35;183;49,98;
20:19:38;184;49,98;
20:19:41;186;49,99;
20:19:44;182;49,99;
20:19:47;185;49,99;
20:19:50;188;49,99;
20:19:53;186;50,00;
20:19:56;187;50,00;
20:19:59;183;50,00;
20:20:02;187;50,01;
20:20:05;182;50,00;
20:20:08;184;50,00;
20:20:11;183;50,00;
20:20:14;182;50,00;
20:20:17;183;50,00;
20:20:20;184;50,00;
20:20:23;182;49,99;
20:20:29;182;49,98;
20:20:35;184;49,98;
20:20:38;183;49,98;
20:20:41;182;49,98;
20:20:44;178;49,98;
20:20:47;181;49,98;
20:20:50;180;49,98;
20:20:53;179;49,98;
20:20:56;181;49,98;
20:21:02;182;49,98;
20:21:05;179;49,98;
20:21:08;180;49,98;
20:21:11;179;49,98;
20:21:14;183;49,98;
20:21:20;180;49,98;
20:21:23;179;49,98;
20:21:26;181;49,98;
20:21:29;177;49,97;
20:21:32;174;49,97;
20:21:35;178;49,97;
20:21:38;176;49,97;
20:21:41;178;49,98;
20:21:44;177;49,98;
20:21:50;181;49,98;
20:21:53;177;49,98;
20:21:56;178;49,98;
20:22:05;177;49,99;
20:22:08;180;49,98;
20:22:11;177;49,98;
20:22:20;177;49,97;
20:22:26;178;49,97;
20:22:29;176;49,97;
20:22:35;178;49,97;
20:22:38;176;49,97;
20:22:44;177;49,97;
20:22:47;176;49,98;
20:22:53;178;49,99;
20:22:56;176;49,99;
20:22:59;175;49,99;
20:23:02;173;49,98;
20:23:05;176;49,98;
20:23:08;175;49,98;
20:23:11;173;49,98;
20:23:14;176;49,97;
20:23:17;174;49,97;
20:23:20;160;49,97;
20:23:23;153;49,96;
20:23:26;147;49,97;
20:23:32;173;49,97;
20:23:35;174;49,97;
20:23:38;173;49,97;
20:23:41;171;49,98;
20:23:47;173;49,98;
20:23:50;173;49,99;
20:23:53;172;49,98;
20:23:59;173;49,98;
20:24:02;171;49,97;
20:24:08;172;49,97;
20:24:14;173;49,97;
20:24:17;171;49,97;
20:24:20;172;49,96;
20:24:23;168;49,95;
20:24:26;172;49,95;
20:24:29;171;49,95;
20:24:32;170;49,95;
20:24:38;171;49,96;
20:24:41;172;49,96;
20:24:44;171;49,96;
20:24:47;172;49,96;
20:24:50;171;49,96;
20:24:53;170;49,96;
20:24:56;171;49,96;
20:25:02;170;49,97;
20:25:08;171;49,97;
20:25:11;169;49,96;
20:25:14;170;49,97;
20:25:17;169;49,97;
20:25:20;170;49,98;
20:25:23;169;49,98;
20:25:26;167;49,98;
20:25:29;168;49,98;
20:25:32;167;49,97;
20:25:35;169;49,97;
20:25:41;167;49,97;
20:25:44;168;49,96;
20:25:47;166;49,96;
20:25:50;163;49,96;
20:25:53;164;49,97;
20:25:56;163;49,97;
20:26:02;164;49,98;
20:26:08;166;49,98;
20:26:11;165;49,98;
20:26:14;163;49,98;
20:26:17;163;49,99;
20:26:20;165;49,99;
20:26:23;165;49,98;
20:26:29;163;49,97;
20:26:32;168;49,96;
20:26:35;166;49,96;
20:26:41;165;49,96;
20:26:44;163;49,96;
20:26:47;165;49,96;
20:26:50;163;49,96;
20:26:56;164;49,96;
20:27:02;161;49,96;
20:27:05;163;49,96;
20:27:08;161;49,96;
20:27:11;162;49,96;
20:27:14;160;49,96;
20:27:17;162;49,96;
20:27:20;164;49,96;
20:27:23;162;49,96;
20:27:29;162;49,97;
20:27:38;161;49,97;
20:27:44;162;49,97;
20:27:47;160;49,98;
20:27:50;161;49,98;
20:27:59;162;49,99;
20:28:02;160;49,99;
20:28:05;161;49,99;
20:28:08;159;49,99;
20:28:17;160;49,99;
20:28:20;159;49,99;
20:28:23;160;49,98;
20:28:26;158;49,98;
20:28:29;159;49,98;
20:28:35;157;49,98;
20:28:41;156;49,98;
20:28:44;158;49,98;
20:28:47;157;49,97;
20:28:53;158;49,97;
20:28:56;159;49,96;
20:28:59;158;49,96;
20:29:05;158;49,97;
20:29:08;159;49,97;
20:29:14;158;49,97;
20:29:17;158;49,96;
20:29:23;157;49,96;
20:29:26;158;49,96;
20:29:29;156;49,96;
20:29:32;158;49,96;
20:29:35;157;49,96;
20:29:38;156;49,96;
20:29:41;156;49,97;
20:29:47;154;49,97;
20:29:50;153;49,97;
20:29:53;155;49,97;
20:29:56;155;49,98;
20:29:59;153;49,99;
20:30:02;155;49,99;
20:30:05;154;49,99;
20:30:08;152;49,99;
20:30:11;156;49,99;
20:30:14;157;49,98;
20:30:17;152;49,98;
20:30:20;151;49,97;
20:30:23;153;49,96;
20:30:26;155;49,96;
20:30:32;153;49,96;
20:30:35;152;49,97;
20:30:38;152;49,98;
20:30:41;153;49,98;
20:30:47;154;49,98;
20:30:50;150;49,98;
20:30:53;153;49,99;
20:30:59;153;50,00;
20:31:02;152;49,99;
20:31:05;153;49,99;
20:31:08;151;49,98;
20:31:11;152;49,98;
20:31:14;151;49,98;
20:31:17;150;49,97;
20:31:20;152;49,97;
20:31:23;150;49,97;
20:31:26;151;49,97;
20:31:29;152;49,97;
20:31:32;149;49,97;
20:31:38;150;49,96;
20:31:41;152;49,96;
20:31:44;152;49,97;
20:31:47;150;49,97;
20:31:50;147;49,98;
20:31:53;150;49,98;
20:31:56;149;49,98;
20:31:59;151;49,98;
20:32:05;149;49,97;
20:32:08;148;49,97;
20:32:14;149;49,97;
20:32:17;147;49,97;
20:32:20;148;49,97;
20:32:23;147;49,98;
20:32:29;147;49,97;
20:32:32;149;49,97;
20:32:35;148;49,97;
20:32:38;144;49,97;
20:32:44;146;49,98;
20:32:47;147;49,98;
20:32:50;146;49,98;
20:32:56;145;49,97;
20:32:59;147;49,97;
20:33:05;146;49,97;
20:33:08;146;49,98;
20:33:11;145;49,98;
20:33:20;146;49,97;
20:33:26;139;49,98;
20:33:29;135;49,97;
20:33:32;127;49,97;
20:33:38;145;49,97;
20:33:44;142;49,97;
20:33:50;141;49,97;
20:33:53;142;49,97;
20:33:56;146;49,97;
20:33:59;144;49,97;
20:34:05;143;49,98;
20:34:14;142;49,98;
20:34:17;140;49,98;
20:34:20;142;49,98;
20:34:26;143;49,98;
20:34:35;142;49,98;
20:34:38;141;49,98;
20:34:41;142;49,99;
20:34:44;140;49,99;
20:34:47;140;50,00;
20:34:50;139;50,00;
20:34:53;141;50,00;
20:34:59;140;49,99;
20:35:02;143;49,99;
20:35:05;141;49,98;
20:35:08;138;49,99;
20:35:11;138;49,98;
20:35:14;139;49,98;
20:35:23;140;49,97;
20:35:26;141;49,97;
20:35:29;139;49,97;
20:35:32;137;49,97;
20:35:41;140;49,98;
20:35:44;138;49,98;
20:35:47;137;49,98;
20:35:59;137;49,97;
20:36:05;136;49,97;
20:36:08;138;49,97;
20:36:11;136;49,97;
20:36:17;137;49,97;
20:36:20;136;49,97;
20:36:23;136;49,98;
20:36:26;134;49,98;
20:36:29;136;49,98;
20:36:32;133;49,98;
20:36:38;134;49,99;
20:36:41;136;49,99;
20:36:47;135;49,99;
20:36:50;133;49,99;
20:36:53;135;49,99;
20:36:59;135;49,98;
20:37:02;133;49,98;
20:37:05;134;49,98;
20:37:11;131;49,98;
20:37:14;131;49,97;
20:37:17;133;49,98;
20:37:20;135;49,98;
20:37:23;131;49,98;
20:37:26;134;49,98;
20:37:29;133;49,98;
20:37:32;131;49,98;
20:37:35;134;49,98;
20:37:38;130;49,98;
20:37:41;130;49,97;
20:37:44;134;49,97;
20:37:47;130;49,98;
20:37:53;132;49,97;
20:37:56;130;49,98;
20:37:59;132;49,98;
20:38:02;131;49,98;
20:38:05;130;49,98;
20:38:08;131;49,98;
20:38:11;127;49,97;
20:38:14;129;49,97;
20:38:20;128;49,97;
20:38:26;130;49,97;
20:38:29;129;49,97;
20:38:32;132;49,97;
20:38:35;129;49,96;
20:38:38;127;49,97;
20:38:41;128;49,96;
20:38:44;127;49,97;
20:38:47;128;49,97;
20:38:50;127;49,97;
20:38:53;127;49,98;
20:38:59;129;49,99;
20:39:02;126;49,99;
20:39:05;124;50,00;
20:39:08;126;50,00;
20:39:11;127;50,00;
20:39:14;127;49,99;
20:39:17;125;49,99;
20:39:20;127;49,99;
20:39:26;127;49,98;
20:39:29;126;49,98;
20:39:32;123;49,98;
20:39:35;124;49,98;
20:39:38;122;49,97;
20:39:44;123;49,97;
20:39:47;123;49,96;
20:39:50;125;49,96;
20:39:53;122;49,96;
20:39:56;123;49,96;
20:39:59;122;49,96;
20:40:02;123;49,96;
20:40:05;123;49,97;
20:40:08;122;49,98;
20:40:11;123;49,98;
20:40:17;122;49,99;
20:40:20;123;49,98;
20:40:23;122;49,98;
20:40:29;122;49,97;
20:40:32;120;49,97;
20:40:35;122;49,97;
20:40:38;121;49,96;
20:40:41;121;49,97;
20:40:44;122;49,97;
20:40:50;122;49,98;
20:40:53;120;49,99;
20:40:59;118;50,00;
20:41:02;121;49,99;
20:41:05;120;49,99;
20:41:08;121;49,98;
20:41:11;119;49,98;
20:41:14;118;49,97;
20:41:17;119;49,97;
20:41:20;120;49,97;
20:41:23;118;49,97;
20:41:26;119;49,98;
20:41:29;119;49,97;
20:41:35;118;49,96;
20:41:38;118;49,97;
20:41:44;117;49,98;
20:41:47;118;49,98;
20:41:59;114;49,98;
20:42:02;113;49,98;
20:42:05;116;49,98;
20:42:11;114;49,99;
20:42:14;116;49,99;
20:42:20;115;49,99;
20:42:23;118;49,99;
20:42:26;114;49,98;
20:42:32;115;49,99;
20:42:35;113;49,98;
20:42:38;114;49,99;
20:42:41;114;49,98;
20:42:44;113;49,98;
20:42:50;115;49,98;
20:42:53;113;49,97;
20:43:02;114;49,97;
20:43:05;115;49,98;
20:43:08;114;49,98;
20:43:11;113;49,98;
20:43:14;109;49,98;
20:43:17;112;49,98;
20:43:20;113;49,98;
20:43:26;111;49,98;
20:43:29;113;49,98;
20:43:32;111;49,98;
20:43:35;112;49,98;
20:43:38;106;49,98;
20:43:41;97;49,96;
20:43:47;109;49,97;
20:43:50;110;49,97;
20:43:53;111;49,98;
20:43:56;112;49,98;
20:43:59;110;49,98;
20:44:02;111;49,98;
20:44:05;110;49,98;
20:44:11;111;49,98;
20:44:14;110;49,98;
20:44:20;109;49,98;
20:44:23;108;49,98;
20:44:26;111;49,98;
20:44:29;108;49,98;
20:44:32;109;49,98;
20:44:35;107;49,98;
20:44:38;110;49,98;
20:44:41;108;49,98;
20:44:44;110;49,98;
20:44:47;109;49,97;
20:44:56;109;49,98;
20:44:59;107;49,98;
20:45:02;106;49,99;
20:45:05;104;49,99;
20:45:08;109;49,99;
20:45:11;108;49,99;
20:45:14;106;49,99;
20:45:17;106;49,98;
20:45:20;107;49,98;
20:45:23;106;49,97;
20:45:29;104;49,97;
20:45:32;105;49,97;
20:45:35;104;49,98;
20:45:38;105;49,98;
20:45:41;105;49,97;
20:45:44;104;49,96;
20:45:50;105;49,95;
20:45:53;105;49,96;
20:45:59;104;49,96;
20:46:02;105;49,96;
20:46:05;104;49,97;
20:46:08;102;49,97;
20:46:14;103;49,97;
20:46:17;104;49,97;
20:46:20;104;49,96;
20:46:23;103;49,96;
20:46:26;104;49,96;
20:46:29;101;49,96;
20:46:32;102;49,96;
20:46:35;101;49,97;
20:46:38;100;49,97;
20:46:41;102;49,97;
20:46:44;101;49,97;
20:46:47;101;49,96;
20:46:50;102;49,96;
20:46:53;99;49,96;
20:46:56;101;49,96;
20:46:59;102;49,96;
20:47:05;98;49,97;
20:47:08;100;49,97;
20:47:11;99;49,98;
20:47:14;101;49,98;
20:47:17;99;49,98;
20:47:20;97;49,98;
20:47:23;98;49,98;
20:47:26;99;49,98;
20:47:29;98;49,97;
20:47:32;99;49,97;
20:47:35;97;49,96;
20:47:38;98;49,96;
20:47:41;100;49,96;
20:47:44;98;49,97;
20:47:47;96;49,97;
20:47:50;97;49,98;
20:47:53;99;49,98;
20:47:56;97;49,98;
20:47:59;97;49,99;
20:48:02;98;49,98;
20:48:05;97;49,98;
20:48:11;96;49,98;
20:48:14;96;49,99;
20:48:17;97;49,99;
20:48:20;95;49,99;
20:48:23;96;49,99;
20:48:26;95;49,98;
20:48:29;96;49,98;
20:48:32;95;49,98;
20:48:38;97;49,98;
20:48:41;96;49,98;
20:48:44;95;49,97;
20:48:47;96;49,97;
20:48:50;91;49,97;
20:48:56;94;49,97;
20:48:59;93;49,98;
20:49:08;92;49,98;
20:49:11;94;49,98;
20:49:14;91;49,98;
20:49:17;92;49,98;
20:49:20;90;49,98;
20:49:23;92;49,98;
20:49:26;91;49,98;
20:49:29;92;49,97;
20:49:32;91;49,97;
20:49:35;93;49,97;
20:49:38;92;49,97;
20:49:41;92;49,98;
20:49:44;90;49,98;
20:49:47;91;49,99;
20:49:50;90;50,00;
20:49:53;92;50,00;
20:49:56;91;49,99;
20:50:05;89;49,98;
20:50:08;89;49,97;
20:50:14;90;49,96;
20:50:17;91;49,96;
20:50:20;88;49,96;
20:50:23;91;49,96;
20:50:26;88;49,96;
20:50:29;90;49,96;
20:50:32;86;49,96;
20:50:35;88;49,97;
20:50:38;90;49,97;
20:50:41;87;49,98;
20:50:44;89;49,97;
20:50:47;87;49,98;
20:50:50;86;49,97;
20:50:53;88;49,97;
20:50:56;87;49,98;
20:50:59;86;49,98;
20:51:02;86;49,99;
20:51:08;86;50,00;
20:51:14;86;49,99;
20:51:20;84;49,99;
20:51:23;85;49,99;
20:51:26;83;49,99;
20:51:29;84;49,98;
20:51:32;86;49,99;
20:51:35;85;49,99;
20:51:38;82;49,99;
20:51:41;85;49,99;
20:51:44;84;49,99;
20:51:47;82;49,98;
20:51:50;85;49,98;
20:51:53;82;49,97;
20:51:56;83;49,97;
20:51:59;85;49,97;
20:52:02;83;49,98;
20:52:14;84;49,98;
20:52:17;83;49,98;
20:52:20;82;49,97;
20:52:23;83;49,98;
20:52:26;82;49,98;
20:52:41;80;49,98;
20:52:44;82;49,99;
20:52:47;80;50,00;
20:52:50;81;50,00;
20:52:59;79;50,00;
20:53:02;81;50,00;
20:53:05;82;50,01;
20:53:08;80;50,01;
20:53:11;80;50,00;
20:53:20;81;50,00;
20:53:23;79;49,99;
20:53:26;80;49,99;
20:53:29;79;49,98;
20:53:32;77;49,98;
20:53:35;78;49,98;
20:53:38;77;49,97;
20:53:41;80;49,98;
20:53:44;75;49,98;
20:53:47;65;49,98;
20:53:50;63;49,99;
20:53:53;73;49,99;
20:53:56;76;50,00;
20:53:59;77;50,00;
20:54:05;75;50,00;
20:54:08;77;50,00;
20:54:11;76;50,00;
20:54:14;75;49,99;
20:54:17;73;49,98;
20:54:20;74;49,99;
20:54:23;73;49,98;
20:54:32;74;49,98;
20:54:38;75;49,98;
20:54:41;74;49,97;
20:54:44;75;49,97;
20:54:50;74;49,97;
20:54:53;73;49,97;
20:54:56;73;49,98;
20:54:59;73;49,99;
20:55:02;73;50,00;
20:55:05;75;50,01;
20:55:14;74;50,01;
20:55:20;71;50,00;
20:55:23;70;50,00;
20:55:32;71;50,00;
20:55:35;70;49,99;
20:55:38;71;49,99;
20:55:41;70;49,99;
20:55:47;71;49,98;
20:55:50;67;49,99;
20:55:53;70;49,98;
20:55:56;69;49,98;
20:55:59;68;49,98;
20:56:08;67;49,98;
20:56:11;65;49,98;
20:56:17;69;49,98;
20:56:20;68;49,98;
20:56:26;69;49,98;
20:56:29;66;49,98;
20:56:41;67;49,98;
20:56:50;63;49,98;
20:56:53;65;49,98;
20:56:56;65;49,99;
20:57:02;64;49,99;
20:57:05;65;49,99;
20:57:08;61;49,99;
20:57:11;65;49,98;
20:57:14;62;49,97;
20:57:23;64;49,98;
20:57:26;62;49,98;
20:57:29;63;49,98;
20:57:32;63;49,99;
20:57:35;60;49,99;
20:57:38;62;49,99;
20:57:41;61;49,99;
20:57:44;62;49,99;
20:57:47;60;49,99;
20:57:50;62;49,99;
20:57:53;61;49,98;
20:57:56;62;49,98;
20:57:59;61;49,98;
20:58:02;62;49,99;
20:58:11;59;49,99;
20:58:14;61;49,98;
20:58:17;62;49,98;
20:58:20;60;49,98;
20:58:23;57;49,98;
20:58:26;58;49,98;
20:58:29;59;49,98;
20:58:32;60;49,98;
20:58:35;61;49,98;
20:58:38;59;49,98;
20:58:41;60;49,99;
20:58:44;59;49,99;
20:58:47;60;49,99;
20:58:50;59;49,99;
20:58:53;51;49,99;
20:58:56;0;49,98;
20:59:08;42;49,98;
20:59:14;54;49,98;
20:59:17;57;49,98;
20:59:29;57;49,99;
20:59:35;54;49,99;
20:59:38;56;49,99;
20:59:41;57;49,99;
20:59:44;55;49,99;
20:59:47;54;49,99;
20:59:50;55;49,99;
20:59:53;56;49,99;
20:59:56;55;49,99;
20:59:59;54;49,99;
21:00:02;55;49,98;
21:00:05;52;49,98;
21:00:11;54;49,98;
21:00:14;53;49,98;
21:00:20;52;49,98;
21:00:23;51;49,98;
21:00:29;53;49,98;
21:00:32;51;49,97;
21:00:35;53;49,97;
21:00:38;51;49,97;
21:00:41;51;49,96;
21:00:50;52;49,96;
21:00:53;51;49,96;
21:00:59;51;49,97;
21:01:02;49;49,97;
21:01:05;51;49,97;
21:01:08;51;49,96;
21:01:17;49;49,96;
21:01:20;51;49,96;
21:01:26;50;49,96;
21:01:29;48;49,96;
21:01:32;50;49,96;
21:01:35;51;49,96;
21:01:38;48;49,97;
21:01:44;51;49,97;
21:01:47;50;49,97;
21:01:50;48;49,97;
21:01:59;49;49,97;
21:02:02;48;49,97;
21:02:11;47;49,97;
21:02:14;48;49,97;
21:02:23;48;49,96;
21:02:44;45;49,96;
21:02:47;48;49,96;
21:02:56;48;49,97;
21:02:59;45;49,97;
21:03:08;45;49,96;
21:03:11;46;49,96;
21:03:17;45;49,96;
21:03:20;44;49,96;
21:03:23;43;49,97;
21:03:26;45;49,96;
21:03:29;43;49,96;
21:03:38;42;49,97;
21:03:47;42;49,96;
21:03:56;36;49,96;
21:04:02;40;49,96;
21:04:05;42;49,96;
21:04:08;42;49,95;
21:04:14;42;49,96;
21:04:26;42;49,95;
21:04:29;40;49,94;
21:04:35;42;49,95;
21:04:44;39;49,96;
21:04:56;37;49,96;
21:04:59;38;49,96;
21:05:02;39;49,96;
21:05:05;41;49,96;
21:05:08;42;49,96;
21:05:11;39;49,96;
21:05:14;38;49,96;
21:05:17;39;49,96;
21:05:23;42;49,95;
21:05:29;36;49,95;
21:05:35;36;49,96;
21:05:41;38;49,96;
21:05:44;37;49,96;
21:05:47;36;49,96;
21:05:59;35;49,96;
21:06:02;36;49,96;
21:06:20;36;49,97;
21:06:26;36;49,96;
21:06:32;33;49,96;
21:06:35;35;49,96;
21:06:38;36;49,96;
21:06:44;36;49,95;
21:06:59;36;49,96;
21:07:05;34;49,96;
21:07:08;35;49,96;
21:07:11;36;49,96;
21:07:14;33;49,96;
21:07:20;34;49,96;
21:07:23;33;49,96;
21:07:29;32;49,96;
21:07:32;34;49,96;
21:07:35;33;49,96;
21:07:38;31;49,96;
21:07:41;33;49,96;
21:07:47;31;49,96;
21:07:50;36;49,96;
21:07:53;33;49,96;
21:08:08;34;49,96;
21:08:11;33;49,96;
21:08:14;34;49,96;
21:08:17;33;49,96;
21:08:20;33;49,97;
21:08:26;33;49,96;
21:08:29;31;49,96;
21:08:32;31;49,97;
21:08:35;36;49,97;
21:08:38;33;49,97;
21:08:41;30;49,97;
21:08:44;32;49,97;
21:08:47;30;49,97;
21:08:59;33;49,97;
21:09:02;30;49,98;
21:09:05;52;49,98;
21:09:08;48;49,98;
21:09:11;0;49,98;
21:09:26;27;49,97;
21:09:32;30;49,98;
21:09:35;33;49,98;
21:09:38;27;49,98;
21:09:41;30;49,98;
21:09:44;31;49,98;
21:09:47;27;49,99;
21:09:56;30;49,99;
21:10:05;27;49,99;
21:10:08;28;49,99;
21:10:11;27;49,99;
21:10:20;27;49,98;
21:10:26;31;49,98;
21:10:29;27;49,98;
21:10:32;27;49,97;
21:10:38;26;49,97;
21:10:41;32;49,97;
21:10:44;18;49,97;
21:10:47;0;49,97;
21:10:53;18;49,96;
21:10:56;24;49,96;
21:10:59;27;49,96;
21:11:02;3;49,96;
21:11:05;0;49,96;
21:11:11;3;49,97;
21:11:14;9;49,97;
21:11:17;0;49,97;
21:11:26;0;49,98;
21:11:38;0;49,97;
21:11:41;0;49,98;
21:12:11;0;49,99;
21:12:29;0;49,98;
21:12:47;0;49,99;
21:12:53;0;50,00;
21:12:59;0;50,01;
21:13:05;0;50,00;
21:13:26;0;49,99;
21:13:29;0;49,98;
21:13:41;0;49,97;
21:13:53;0;49,98;
21:13:56;0;49,97;
21:14:05;0;49,98;
21:14:29;0;49,99;
21:14:47;0;50,00;
21:14:53;0;50,01;
21:15:05;0;50,00;
21:15:26;0;49,99;
21:15:38;0;50,00;
21:15:41;0;49,99;
21:15:47;0;50,00;
21:16:02;0;50,01;
21:16:20;0;50,00;
21:16:26;0;49,99;
21:16:32;0;50,00;
21:16:35;0;49,99;
21:16:41;0;50,00;
21:17:20;0;49,99;
21:17:26;0;49,98;
21:17:32;0;49,99;
21:17:38;0;50,00;
21:17:41;0;49,99;
21:17:47;0;49,98;
21:18:14;0;49,99;
21:18:17;0;50,00;
21:18:20;0;49,99;
21:18:23;0;50,00;
21:18:38;0;49,99;
21:18:44;0;49,98;
21:18:50;0;49,97;
21:18:56;0;49,98;
21:19:02;0;49,99;
21:19:08;0;50,00;
21:19:14;0;49,99;
21:19:17;0;49,98;
21:19:32;0;49,99;
21:19:35;0;50,00;
21:19:50;0;49,99;
21:19:53;0;49,98;
21:20:29;0;49,97;
21:20:38;0;49,98;
21:20:44;0;49,99;
21:20:47;0;50,00;
21:20:59;0;50,01;
21:21:05;0;50,00;
21:21:14;0;50,01;
21:21:20;0;50,00;
21:21:23;0;50,01;
21:21:29;0;50,00;
21:22:11;0;50,01;
21:22:14;0;50,00;
21:22:26;0;50,01;
21:22:32;0;50,00;
21:22:41;0;49,99;
21:22:47;0;50,00;
21:22:59;0;50,01;
21:23:11;0;50,00;
21:23:26;0;49,99;
21:23:44;0;50,00;
21:23:59;0;50,01;
21:24:02;0;50,00;
21:24:05;0;50,01;
21:24:08;0;50,00;
21:24:23;0;49,99;
21:24:38;0;49,98;
21:24:56;0;49,97;
21:24:59;0;49,98;
21:25:05;0;49,99;
21:25:35;0;50,00;
21:25:38;0;49,99;
21:25:44;0;50,00;
21:25:47;0;49,99;
21:25:56;0;49,98;
21:26:02;0;49,99;
21:26:08;0;50,00;
21:26:23;0;49,99;
21:26:26;0;50,00;
21:26:38;0;49,99;
21:26:50;0;50,00;
21:26:56;0;50,01;
21:27:02;0;50,00;
21:27:26;0;50,01;
21:27:29;0;50,00;
21:27:35;0;49,99;
21:27:38;0;49,98;
21:27:56;0;49,99;
21:28:05;;;
