time;pac;freq;
06:36:45;0;50,00;
06:36:48;65;50,00;
06:36:51;66;50,00;
06:36:54;65;50,00;
06:36:57;69;50,00;
06:37:00;66;49,99;
06:37:03;67;49,99;
06:37:06;65;50,00;
06:37:09;63;50,00;
06:37:12;66;50,00;
06:37:18;69;50,00;
06:37:21;65;50,00;
06:37:24;69;49,99;
06:37:27;68;49,98;
06:37:30;66;49,98;
06:37:33;68;49,98;
06:37:36;70;49,97;
06:37:39;70;49,98;
06:37:42;68;49,98;
06:37:48;70;49,98;
06:37:51;71;49,99;
06:37:54;72;49,99;
06:37:57;71;49,99;
06:38:00;71;49,98;
06:38:03;74;49,98;
06:38:06;73;49,98;
06:38:12;73;49,99;
06:38:15;74;49,99;
06:38:18;72;49,99;
06:38:27;74;49,99;
06:38:30;73;50,00;
06:38:33;74;49,99;
06:38:36;74;49,98;
06:38:42;61;49,98;
06:38:45;45;49,98;
06:38:48;0;50,00;
06:38:54;0;49,99;
06:39:00;61;49,98;
06:39:03;69;49,98;
06:39:06;67;49,98;
06:39:09;73;49,98;
06:39:12;78;49,99;
06:39:15;80;50,00;
06:39:18;82;50,00;
06:39:21;81;50,00;
06:39:24;82;50,00;
06:39:30;80;49,99;
06:39:33;82;49,99;
06:39:36;83;49,99;
06:39:42;81;49,99;
06:39:45;83;49,99;
06:39:51;84;49,98;
06:39:54;82;49,99;
06:39:57;85;49,99;
06:40:00;85;50,00;
06:40:03;87;50,00;
06:40:06;86;50,00;
06:40:09;87;50,00;
06:40:12;89;50,00;
06:40:15;87;49,99;
06:40:18;85;49,99;
06:40:21;86;49,99;
06:40:24;88;49,99;
06:40:27;86;49,99;
06:40:30;88;49,99;
06:40:36;87;49,99;
06:40:39;92;49,99;
06:40:45;91;49,99;
06:40:48;90;50,00;
06:40:51;91;50,00;
06:40:57;89;50,00;
06:41:00;91;50,00;
06:41:06;94;50,00;
06:41:09;92;50,00;
06:41:12;94;50,00;
06:41:15;92;50,00;
06:41:18;96;50,00;
06:41:21;94;50,00;
06:41:24;96;50,00;
06:41:27;98;50,00;
06:41:30;96;50,00;
06:41:36;97;50,00;
06:41:45;97;49,99;
06:41:48;95;49,99;
06:41:51;96;49,99;
06:41:54;98;49,99;
06:41:57;95;49,99;
06:42:00;100;50,00;
06:42:03;97;50,00;
06:42:06;101;50,00;
06:42:09;100;50,00;
06:42:12;98;50,00;
06:42:15;103;50,00;
06:42:21;101;49,99;
06:42:27;104;49,99;
06:42:30;102;49,99;
06:42:33;103;49,99;
06:42:36;101;49,99;
06:42:39;106;50,00;
06:42:42;106;50,01;
06:42:48;104;50,01;
06:42:51;108;50,01;
06:42:54;106;50,00;
06:42:57;103;50,00;
06:43:00;107;50,00;
06:43:03;93;50,00;
06:43:06;96;50,00;
06:43:09;100;50,00;
06:43:12;108;50,00;
06:43:15;109;49,99;
06:43:18;111;49,99;
06:43:21;110;49,99;
06:43:24;108;50,00;
06:43:27;111;50,00;
06:43:36;107;50,00;
06:43:39;111;50,00;
06:43:42;112;50,00;
06:43:45;112;49,99;
06:43:57;113;49,98;
06:44:03;115;49,97;
06:44:06;115;49,98;
06:44:09;112;49,97;
06:44:15;114;49,97;
06:44:18;112;49,98;
06:44:21;115;49,98;
06:44:24;116;49,98;
06:44:27;115;49,99;
06:44:30;117;49,99;
06:44:33;116;49,99;
06:44:39;120;49,99;
06:44:42;122;49,98;
06:44:45;120;49,98;
06:44:48;112;49,98;
06:44:57;123;49,98;
06:45:00;120;49,98;
06:45:03;121;49,99;
06:45:06;115;49,99;
06:45:12;117;49,99;
06:45:15;110;49,99;
06:45:18;112;49,99;
06:45:21;114;49,99;
06:45:24;117;49,98;
06:45:27;120;49,98;
06:45:30;118;49,98;
06:45:39;120;49,98;
06:45:45;121;49,99;
06:45:48;123;49,99;
06:45:57;107;49,99;
06:46:00;113;49,98;
06:46:03;115;49,98;
06:46:06;119;49,98;
06:46:12;121;49,99;
06:46:18;124;49,99;
06:46:30;114;50,00;
06:46:33;116;50,00;
06:46:36;121;49,99;
06:46:39;121;49,98;
06:46:45;116;49,97;
06:46:48;121;49,97;
06:46:51;118;49,97;
06:46:54;119;49,97;
06:46:57;116;49,98;
06:47:00;115;49,98;
06:47:03;112;49,98;
06:47:06;121;49,98;
06:47:09;125;49,98;
06:47:12;116;49,97;
06:47:15;124;49,97;
06:47:18;126;49,97;
06:47:21;125;49,98;
06:47:24;126;49,98;
06:47:27;127;49,98;
06:47:30;128;49,99;
06:47:39;131;49,99;
06:47:42;132;49,99;
06:47:45;136;49,99;
06:47:48;133;49,99;
06:47:51;137;49,99;
06:47:54;129;49,99;
06:47:57;134;49,99;
06:48:00;127;49,99;
06:48:03;125;49,98;
06:48:06;126;49,98;
06:48:12;131;49,98;
06:48:15;135;49,98;
06:48:18;128;49,99;
06:48:21;133;49,99;
06:48:24;121;49,99;
06:48:27;125;49,99;
06:48:30;130;49,98;
06:48:33;130;49,97;
06:48:42;133;49,97;
06:48:45;132;49,97;
06:48:48;129;49,98;
06:48:51;115;49,98;
06:48:54;112;49,98;
06:48:57;133;49,99;
06:49:00;135;49,99;
06:49:03;133;49,99;
06:49:06;136;50,00;
06:49:09;136;49,99;
06:49:15;135;49,99;
06:49:18;134;49,98;
06:49:21;136;49,98;
06:49:24;137;49,98;
06:49:27;136;49,98;
06:49:30;137;49,97;
06:49:33;138;49,97;
06:49:36;139;49,98;
06:49:39;140;49,98;
06:49:42;138;49,98;
06:49:48;140;49,99;
06:49:51;142;49,98;
06:49:54;139;49,98;
06:49:57;148;49,98;
06:50:00;139;49,98;
06:50:03;145;49,97;
06:50:06;139;49,97;
06:50:09;147;49,97;
06:50:12;145;49,97;
06:50:15;139;49,98;
06:50:18;142;49,98;
06:50:24;145;49,98;
06:50:27;142;49,98;
06:50:36;140;49,98;
06:50:39;143;49,98;
06:50:42;140;49,99;
06:50:45;131;49,99;
06:50:48;136;49,99;
06:50:51;138;49,98;
06:50:57;138;49,99;
06:51:03;140;49,98;
06:51:09;141;49,98;
06:51:12;142;49,99;
06:51:15;145;49,99;
06:51:18;145;50,00;
06:51:24;147;49,99;
06:51:27;137;49,99;
06:51:30;138;49,98;
06:51:33;145;49,98;
06:51:39;146;49,98;
06:51:42;145;49,98;
06:51:54;148;49,98;
06:51:57;150;49,98;
06:52:00;145;49,98;
06:52:03;137;49,98;
06:52:06;140;49,98;
06:52:09;149;49,98;
06:52:18;150;49,98;
06:52:24;149;49,97;
06:52:27;148;49,97;
06:52:30;149;49,98;
06:52:45;153;49,99;
06:52:48;152;49,99;
06:52:51;153;49,99;
06:52:54;151;49,99;
06:52:57;147;49,99;
06:53:00;153;49,99;
06:53:03;146;50,00;
06:53:06;156;50,00;
06:53:09;149;50,00;
06:53:12;148;49,99;
06:53:15;145;49,99;
06:53:18;148;49,99;
06:53:21;158;49,99;
06:53:24;152;49,99;
06:53:27;154;49,99;
06:53:30;155;49,98;
06:53:33;158;49,98;
06:53:36;155;49,98;
06:53:39;160;49,98;
06:53:42;157;49,98;
06:53:45;155;49,98;
06:53:51;155;49,99;
06:53:54;155;49,98;
06:54:03;152;49,98;
06:54:06;155;49,98;
06:54:12;156;49,98;
06:54:15;149;49,98;
06:54:18;154;49,98;
06:54:21;157;49,98;
06:54:24;156;49,98;
06:54:27;160;49,98;
06:54:30;159;49,98;
06:54:36;161;49,98;
06:54:39;161;49,97;
06:54:42;161;49,98;
06:54:45;156;49,98;
06:54:48;159;49,98;
06:54:51;162;49,98;
06:54:57;155;49,99;
06:55:00;156;50,00;
06:55:03;165;50,00;
06:55:06;156;50,00;
06:55:09;164;50,00;
06:55:12;160;50,00;
06:55:15;163;50,00;
06:55:18;159;50,00;
06:55:21;158;50,00;
06:55:24;164;49,99;
06:55:27;159;49,99;
06:55:30;159;49,98;
06:55:33;161;49,98;
06:55:36;162;49,98;
06:55:42;164;49,99;
06:55:45;164;50,00;
06:55:48;168;50,00;
06:55:51;167;50,00;
06:55:54;164;50,00;
06:55:57;165;50,00;
06:56:00;166;50,00;
06:56:03;168;50,00;
06:56:06;166;49,99;
06:56:09;169;49,99;
06:56:12;170;50,00;
06:56:15;168;50,00;
06:56:18;164;50,00;
06:56:21;166;49,99;
06:56:24;168;49,99;
06:56:27;166;50,00;
06:56:30;167;50,00;
06:56:36;169;50,01;
06:56:42;170;50,01;
06:56:48;166;50,00;
06:56:51;169;50,00;
06:56:54;170;50,00;
06:57:00;173;50,00;
06:57:12;158;50,00;
06:57:15;162;50,00;
06:57:18;169;50,00;
06:57:21;173;50,00;
06:57:30;172;50,00;
06:57:33;173;50,00;
06:57:36;178;50,00;
06:57:39;175;50,00;
06:57:42;173;50,00;
06:57:48;173;49,99;
06:57:54;178;49,99;
06:57:57;176;49,98;
06:58:00;169;49,98;
06:58:03;180;49,97;
06:58:09;173;49,97;
06:58:12;181;49,97;
06:58:15;183;49,98;
06:58:18;180;49,98;
06:58:21;175;49,98;
06:58:24;174;49,99;
06:58:27;183;49,99;
06:58:30;179;49,99;
06:58:33;178;49,99;
06:58:36;179;49,99;
06:58:39;176;50,00;
06:58:45;166;50,00;
06:58:48;174;49,99;
06:58:51;177;49,99;
06:58:54;179;50,00;
06:59:00;155;50,00;
06:59:03;154;50,00;
06:59:06;179;50,00;
06:59:12;182;50,00;
06:59:15;183;50,00;
06:59:18;182;50,00;
06:59:21;183;50,00;
06:59:24;184;50,00;
06:59:27;182;50,00;
06:59:30;183;50,00;
06:59:33;179;50,00;
06:59:36;188;50,00;
06:59:39;185;49,99;
06:59:45;183;50,00;
06:59:51;182;50,00;
06:59:57;179;50,00;
07:00:00;183;50,00;
07:00:03;182;50,00;
07:00:06;177;49,99;
07:00:09;173;49,99;
07:00:12;186;49,98;
07:00:15;178;49,98;
07:00:18;179;49,97;
07:00:21;177;49,97;
07:00:24;185;49,97;
07:00:27;183;49,97;
07:00:30;180;49,97;
07:00:33;186;49,97;
07:00:36;187;49,97;
07:00:39;187;49,98;
07:00:42;185;49,98;
07:00:51;188;50,00;
07:00:54;186;50,01;
07:00:57;196;50,01;
07:01:00;178;50,01;
07:01:03;183;50,01;
07:01:06;190;50,01;
07:01:09;189;50,01;
07:01:12;188;50,00;
07:01:15;190;50,01;
07:01:18;183;50,00;
07:01:21;195;50,00;
07:01:24;185;50,00;
07:01:27;186;50,00;
07:01:30;191;50,00;
07:01:33;186;50,00;
07:01:36;189;50,00;
07:01:42;191;50,00;
07:01:45;188;50,00;
07:01:48;192;50,00;
07:01:51;191;50,00;
07:01:57;189;50,00;
07:02:00;188;50,00;
07:02:03;192;50,01;
07:02:06;180;50,01;
07:02:09;195;50,01;
07:02:12;202;50,02;
07:02:15;210;50,02;
07:02:18;192;50,02;
07:02:21;194;50,02;
07:02:24;188;50,02;
07:02:27;193;50,01;
07:02:36;195;50,01;
07:02:39;196;50,01;
07:02:42;193;50,01;
07:02:45;194;50,01;
07:02:48;195;50,00;
07:02:51;196;50,01;
07:03:03;189;50,02;
07:03:09;193;50,01;
07:03:12;200;50,01;
07:03:15;199;50,01;
07:03:18;202;50,01;
07:03:21;194;50,01;
07:03:24;202;50,01;
07:03:27;200;50,00;
07:03:30;195;50,00;
07:03:36;201;50,00;
07:03:39;199;50,00;
07:03:45;200;50,00;
07:03:48;202;50,00;
07:03:54;200;50,00;
07:03:57;202;50,00;
07:04:00;200;50,00;
07:04:03;202;50,00;
07:04:09;200;50,00;
07:04:12;202;50,00;
07:04:15;203;50,00;
07:04:24;205;50,00;
07:04:27;201;50,00;
07:04:30;205;49,99;
07:04:33;203;49,99;
07:04:36;205;50,00;
07:04:39;208;50,00;
07:04:42;211;50,00;
07:04:45;208;50,00;
07:04:48;207;50,00;
07:04:54;197;50,00;
07:04:57;200;50,00;
07:05:00;204;50,01;
07:05:03;208;50,01;
07:05:06;208;50,00;
07:05:09;210;50,00;
07:05:12;203;50,00;
07:05:15;211;50,00;
07:05:18;202;49,99;
07:05:21;205;49,99;
07:05:24;207;49,99;
07:05:27;211;49,99;
07:05:30;210;49,99;
07:05:33;212;49,99;
07:05:36;211;49,99;
07:05:39;206;50,00;
07:05:42;209;50,00;
07:05:45;207;50,00;
07:05:48;210;50,00;
07:05:51;208;50,00;
07:05:54;211;50,00;
07:06:00;212;50,00;
07:06:03;214;49,99;
07:06:06;213;49,99;
07:06:09;207;49,99;
07:06:12;207;50,00;
07:06:15;208;50,00;
07:06:18;213;50,00;
07:06:21;210;50,00;
07:06:24;212;50,00;
07:06:27;217;50,01;
07:06:30;219;50,00;
07:06:33;218;50,00;
07:06:39;217;50,00;
07:06:45;217;50,01;
07:06:48;205;50,01;
07:06:51;210;50,01;
07:06:54;217;50,01;
07:07:00;215;50,01;
07:07:06;217;50,01;
07:07:15;215;50,00;
07:07:18;214;50,00;
07:07:21;212;50,00;
07:07:24;219;50,00;
07:07:27;216;50,00;
07:07:30;212;50,01;
07:07:33;216;50,01;
07:07:36;217;50,00;
07:07:39;219;50,00;
07:07:42;214;50,00;
07:07:45;219;50,00;
07:07:48;216;50,00;
07:07:51;215;50,01;
07:07:54;219;50,02;
07:07:57;217;50,01;
07:08:00;219;50,01;
07:08:03;194;50,01;
07:08:06;219;50,01;
07:08:12;217;50,01;
07:08:15;224;50,01;
07:08:21;217;50,01;
07:08:24;223;50,01;
07:08:27;212;50,01;
07:08:30;215;50,01;
07:08:33;221;50,01;
07:08:36;218;50,01;
07:08:39;224;50,01;
07:08:42;223;50,01;
07:08:48;221;50,01;
07:08:51;223;50,01;
07:09:00;225;50,01;
07:09:03;225;50,00;
07:09:06;223;50,01;
07:09:09;194;50,01;
07:09:12;197;50,01;
07:09:15;224;50,01;
07:09:18;227;50,01;
07:09:21;229;50,02;
07:09:24;227;50,02;
07:09:30;230;50,02;
07:09:33;226;50,01;
07:09:36;223;50,01;
07:09:39;227;50,01;
07:09:42;227;50,02;
07:09:45;229;50,02;
07:09:51;228;50,02;
07:09:54;229;50,03;
07:09:57;229;50,02;
07:10:09;233;50,02;
07:10:12;231;50,02;
07:10:15;232;50,02;
07:10:18;231;50,01;
07:10:21;232;50,01;
07:10:24;230;50,01;
07:10:27;233;50,02;
07:10:30;232;50,01;
07:10:36;233;50,01;
07:10:42;234;50,01;
07:10:48;235;50,01;
07:10:54;233;50,01;
07:10:57;234;50,01;
07:11:00;232;50,00;
07:11:03;234;50,00;
07:11:09;238;50,00;
07:11:12;237;50,00;
07:11:15;225;50,00;
07:11:18;233;50,00;
07:11:21;238;50,00;
07:11:24;235;50,00;
07:11:27;238;50,00;
07:11:30;231;50,00;
07:11:33;238;50,00;
07:11:36;230;50,00;
07:11:39;235;50,00;
07:11:42;236;50,00;
07:11:45;238;50,00;
07:11:51;236;50,00;
07:11:54;237;50,00;
07:11:57;239;50,00;
07:12:03;240;50,00;
07:12:06;242;50,00;
07:12:09;243;50,00;
07:12:15;239;50,00;
07:12:18;241;49,99;
07:12:21;237;49,99;
07:12:24;239;49,99;
07:12:27;244;49,98;
07:12:30;241;49,98;
07:12:33;243;49,98;
07:12:36;244;49,98;
07:12:39;244;49,99;
07:12:42;245;49,99;
07:12:45;246;50,00;
07:12:48;244;50,00;
07:12:51;242;50,00;
07:12:54;241;50,00;
07:12:57;243;50,00;
07:13:00;246;50,00;
07:13:03;240;50,01;
07:13:06;244;50,01;
07:13:09;240;50,01;
07:13:12;245;50,01;
07:13:15;244;50,01;
07:13:18;249;50,01;
07:13:21;238;50,01;
07:13:24;242;50,00;
07:13:27;245;50,00;
07:13:30;246;50,00;
07:13:33;241;50,00;
07:13:36;244;50,00;
07:13:39;245;50,00;
07:13:45;228;50,00;
07:13:48;244;50,00;
07:13:51;248;50,00;
07:13:54;244;50,00;
07:13:57;246;50,01;
07:14:00;245;50,01;
07:14:09;246;50,00;
07:14:12;226;50,00;
07:14:15;241;50,00;
07:14:18;249;50,00;
07:14:21;245;49,99;
07:14:24;248;49,99;
07:14:27;241;49,98;
07:14:30;241;49,97;
07:14:33;252;49,98;
07:14:36;247;49,98;
07:14:39;254;49,99;
07:14:42;249;49,99;
07:14:45;251;49,99;
07:14:51;253;49,99;
07:14:54;250;49,99;
07:14:57;252;49,98;
07:15:00;250;49,98;
07:15:03;251;49,99;
07:15:06;252;49,99;
07:15:12;250;49,99;
07:15:15;251;49,98;
07:15:18;254;49,98;
07:15:21;253;49,98;
07:15:24;254;49,98;
07:15:27;253;49,98;
07:15:30;254;49,98;
07:15:33;250;49,98;
07:15:36;251;49,98;
07:15:39;252;49,98;
07:15:42;250;49,98;
07:15:45;251;49,98;
07:15:48;250;49,97;
07:15:51;252;49,97;
07:16:00;249;49,96;
07:16:03;249;49,97;
07:16:06;256;49,97;
07:16:09;255;49,97;
07:16:12;249;49,97;
07:16:18;251;49,98;
07:16:21;261;49,98;
07:16:24;250;49,98;
07:16:27;246;49,98;
07:16:30;254;49,98;
07:16:36;259;49,97;
07:16:39;252;49,97;
07:16:42;261;49,98;
07:16:45;255;49,98;
07:16:48;260;49,98;
07:16:57;258;49,98;
07:17:00;259;49,99;
07:17:02;256;49,99;
07:17:04;247;49,99;
07:17:10;255;49,99;
07:17:13;259;49,99;
07:17:16;260;50,00;
07:17:19;259;49,99;
07:17:22;260;49,99;
07:17:25;262;49,99;
07:17:28;260;50,00;
07:17:31;264;50,00;
07:17:37;262;50,00;
07:17:46;250;50,00;
07:17:49;258;50,00;
07:17:52;259;50,00;
07:17:58;260;50,00;
07:18:01;259;50,00;
07:18:04;262;50,00;
07:18:07;259;50,00;
07:18:10;262;50,00;
07:18:13;265;50,00;
07:18:16;264;50,00;
07:18:19;263;49,99;
07:18:22;263;49,98;
07:18:25;262;49,98;
07:18:31;265;49,99;
07:18:34;265;50,00;
07:18:40;263;50,00;
07:18:43;265;50,00;
07:18:49;264;50,00;
07:18:52;265;50,00;
07:18:55;265;49,99;
07:19:04;257;49,99;
07:19:07;265;49,98;
07:19:10;263;49,98;
07:19:13;266;49,98;
07:19:16;234;49,98;
07:19:19;230;49,99;
07:19:22;273;49,99;
07:19:25;265;50,00;
07:19:28;259;50,00;
07:19:31;262;50,00;
07:19:37;265;49,99;
07:19:40;268;49,99;
07:19:46;263;49,99;
07:19:49;267;49,99;
07:19:52;271;50,00;
07:19:55;269;50,00;
07:19:58;270;50,01;
07:20:01;274;50,01;
07:20:04;276;50,01;
07:20:07;268;50,00;
07:20:10;269;50,00;
07:20:16;269;49,99;
07:20:19;271;49,99;
07:20:22;273;49,99;
07:20:28;274;49,99;
07:20:31;275;49,98;
07:20:34;274;49,98;
07:20:37;275;49,97;
07:20:43;274;49,97;
07:20:46;272;49,97;
07:20:49;274;49,98;
07:20:52;277;49,98;
07:20:55;274;49,98;
07:20:58;277;49,98;
07:21:01;275;49,98;
07:21:04;277;49,98;
07:21:10;275;49,98;
07:21:13;276;49,98;
07:21:16;277;49,98;
07:21:19;278;49,97;
07:21:22;278;49,98;
07:21:25;277;49,98;
07:21:28;279;49,97;
07:21:31;283;49,98;
07:21:34;281;49,98;
07:21:37;276;49,98;
07:21:40;279;49,98;
07:21:43;283;49,98;
07:21:49;283;49,99;
07:21:52;283;50,00;
07:21:55;282;50,00;
07:21:58;283;50,00;
07:22:01;285;50,00;
07:22:04;283;50,00;
07:22:13;287;50,01;
07:22:19;286;50,01;
07:22:22;281;50,00;
07:22:25;284;50,00;
07:22:28;287;50,00;
07:22:34;287;50,01;
07:22:37;288;50,01;
07:22:40;288;50,00;
07:22:43;287;50,00;
07:22:46;288;50,00;
07:22:49;291;50,00;
07:22:52;285;50,00;
07:22:55;288;50,01;
07:22:58;288;50,00;
07:23:01;289;50,00;
07:23:07;291;50,00;
07:23:10;292;50,00;
07:23:13;294;50,00;
07:23:16;293;50,00;
07:23:19;294;50,00;
07:23:22;295;50,00;
07:23:29;294;50,00;
07:23:35;293;50,00;
07:23:38;295;49,99;
07:23:41;293;49,99;
07:23:44;295;50,00;
07:23:47;281;50,00;
07:23:50;296;50,00;
07:23:53;291;50,00;
07:23:56;281;50,00;
07:24:02;297;50,00;
07:24:05;293;50,00;
07:24:08;294;50,00;
07:24:11;295;50,00;
07:24:14;298;50,00;
07:24:17;295;50,00;
07:24:20;298;50,00;
07:24:23;296;49,99;
07:24:26;293;49,99;
07:24:29;302;50,00;
07:24:32;302;49,99;
07:24:35;293;49,99;
07:24:38;294;49,99;
07:24:41;302;49,99;
07:24:44;299;49,99;
07:24:46;295;49,99;
07:24:48;304;50,00;
07:24:54;303;50,00;
07:25:02;296;50,00;
07:25:04;295;50,00;
07:25:10;308;50,01;
07:25:12;310;50,01;
07:25:14;309;50,01;
07:25:20;305;50,01;
07:25:24;305;50,00;
07:25:30;298;50,00;
07:25:32;300;50,00;
07:25:38;307;50,00;
07:25:40;309;50,01;
07:25:44;307;50,01;
07:25:47;308;50,02;
07:25:54;308;50,01;
07:25:56;306;50,01;
07:25:58;309;50,01;
07:26:01;302;50,01;
07:26:09;310;50,01;
07:26:11;309;50,01;
07:26:13;312;50,00;
07:26:16;311;50,00;
07:26:18;312;49,99;
07:26:20;311;49,99;
07:26:30;314;50,00;
07:26:33;305;50,00;
07:26:35;313;50,00;
07:26:38;307;50,00;
07:26:40;307;50,01;
07:26:41;308;50,01;
07:26:48;306;50,01;
07:26:50;316;50,01;
07:26:58;310;50,01;
07:27:00;315;50,01;
07:27:03;316;50,00;
07:27:06;313;50,00;
07:27:08;312;50,00;
07:27:10;314;50,00;
07:27:14;316;50,00;
07:27:17;315;50,00;
07:27:19;318;50,00;
07:27:21;313;50,00;
07:27:26;319;49,99;
07:27:28;321;49,99;
07:27:31;314;49,99;
07:27:33;322;49,98;
07:27:35;313;49,98;
07:27:42;320;49,98;
07:27:49;317;49,99;
07:27:51;322;49,99;
07:27:53;325;49,99;
07:27:59;323;50,00;
07:28:01;322;50,00;
07:28:04;324;49,99;
07:28:09;327;49,99;
07:28:12;328;49,99;
07:28:16;326;49,98;
07:28:23;327;49,99;
07:28:31;327;50,00;
07:28:32;328;50,00;
07:28:36;327;50,00;
07:28:43;328;50,00;
07:28:46;330;50,00;
07:28:48;328;50,00;
07:28:50;326;50,00;
07:28:51;328;50,00;
07:28:55;319;50,00;
07:28:58;332;50,00;
07:29:01;327;50,00;
07:29:03;328;50,00;
07:29:05;329;49,99;
07:29:08;333;49,98;
07:29:15;334;49,98;
07:29:19;335;49,98;
07:29:22;293;49,98;
07:29:24;291;49,98;
07:29:26;293;49,98;
07:29:31;334;49,98;
07:29:36;337;49,99;
07:29:39;333;50,00;
07:29:41;338;50,00;
07:29:43;339;50,00;
07:29:49;341;49,99;
07:29:51;334;49,99;
07:29:59;337;49,99;
07:30:01;341;49,98;
07:30:03;342;49,98;
07:30:09;341;49,98;
07:30:11;343;49,98;
07:30:17;340;49,99;
07:30:21;344;49,98;
07:30:24;345;49,98;
07:30:26;346;49,98;
07:30:29;348;49,98;
07:30:34;348;49,97;
07:30:37;342;49,97;
07:30:41;346;49,97;
07:30:44;353;49,97;
07:30:46;350;49,98;
07:30:50;353;49,97;
07:30:54;356;49,98;
07:30:56;352;49,98;
07:30:58;345;49,98;
07:31:01;357;49,99;
07:31:05;360;50,00;
07:31:07;359;50,00;
07:31:09;355;49,99;
07:31:12;349;49,99;
07:31:16;361;50,00;
07:31:24;363;50,00;
07:31:26;364;50,00;
07:31:28;370;50,00;
07:31:34;361;50,01;
07:31:36;370;50,00;
07:31:43;374;50,00;
07:31:45;363;50,00;
07:31:47;374;50,00;
07:31:50;365;50,00;
07:31:52;368;50,00;
07:32:00;371;49,99;
07:32:05;372;50,00;
07:32:08;374;50,00;
07:32:10;382;49,99;
07:32:14;393;49,99;
07:32:18;392;49,99;
07:32:20;385;49,99;
07:32:26;396;49,99;
07:32:27;385;49,98;
07:32:34;375;49,97;
07:32:38;385;49,97;
07:32:41;388;49,98;
07:32:44;399;49,98;
07:32:48;404;49,98;
07:32:52;398;50,00;
07:32:56;400;50,00;
07:32:57;405;50,00;
07:33:04;402;50,00;
07:33:08;405;50,00;
07:33:12;407;50,00;
07:33:16;412;50,00;
07:33:19;421;50,00;
07:33:21;416;49,99;
07:33:24;413;49,99;
07:33:27;418;49,99;
07:33:29;417;49,99;
07:33:39;423;49,99;
07:33:42;424;49,99;
07:33:45;427;49,99;
07:33:48;424;49,98;
07:33:50;430;49,98;
07:33:57;427;49,98;
07:34:00;431;49,98;
07:34:03;433;49,98;
07:34:05;431;49,98;
07:34:08;434;49,99;
07:34:11;435;49,99;
07:34:14;438;49,98;
07:34:17;439;49,98;
07:34:20;440;49,99;
07:34:23;439;49,99;
07:34:25;441;49,99;
07:34:28;442;49,98;
07:34:30;446;49,98;
07:34:36;436;49,98;
07:34:40;451;49,98;
07:34:43;443;49,98;
07:34:46;448;49,98;
07:34:50;452;49,98;
07:34:51;454;49,98;
07:34:58;450;49,99;
07:35:01;444;49,99;
07:35:04;451;49,99;
07:35:11;454;49,99;
07:35:14;451;49,99;
07:35:17;453;49,98;
07:35:20;454;49,98;
07:35:23;455;49,98;
07:35:27;453;49,97;
07:35:29;455;49,97;
07:35:31;451;49,97;
07:35:34;455;49,97;
07:35:38;457;49,97;
07:35:41;459;49,97;
07:35:47;458;49,98;
07:35:50;459;49,98;
07:35:51;457;49,99;
07:35:55;459;49,99;
07:35:58;456;49,99;
07:35:59;459;50,00;
07:36:02;456;50,00;
07:36:05;464;50,00;
07:36:08;461;49,99;
07:36:09;462;49,99;
07:36:13;461;49,99;
07:36:16;463;50,00;
07:36:20;462;50,00;
07:36:23;461;50,00;
07:36:26;462;50,00;
07:36:33;463;50,00;
07:36:37;464;50,00;
07:36:40;466;50,00;
07:36:43;464;50,00;
07:36:46;465;49,99;
07:36:50;466;50,00;
07:36:51;463;50,00;
07:36:55;467;50,00;
07:36:58;466;50,00;
07:37:00;467;50,00;
07:37:03;464;50,00;
07:37:06;465;50,00;
07:37:08;464;50,00;
07:37:10;467;50,00;
07:37:14;466;50,00;
07:37:18;466;49,99;
07:37:21;464;49,99;
07:37:23;468;49,98;
07:37:32;463;49,98;
07:37:38;476;49,98;
07:37:41;463;49,98;
07:37:44;463;49,99;
07:37:48;475;50,00;
07:37:50;481;50,01;
07:37:51;474;50,01;
07:37:54;477;50,01;
07:38:01;475;50,01;
07:38:04;467;50,01;
07:38:08;473;50,01;
07:38:11;469;50,00;
07:38:14;474;50,00;
07:38:17;474;49,99;
07:38:20;475;49,99;
07:38:23;472;49,99;
07:38:26;477;49,99;
07:38:30;476;49,99;
07:38:33;477;50,00;
07:38:42;476;50,00;
07:38:45;478;50,00;
07:38:49;479;50,01;
07:38:52;478;50,01;
07:38:56;479;50,00;
07:38:59;476;50,00;
07:39:02;479;50,00;
07:39:05;480;50,00;
07:39:08;481;50,01;
07:39:11;479;50,01;
07:39:14;482;50,01;
07:39:21;483;50,01;
07:39:24;479;50,01;
07:39:27;482;50,00;
07:39:31;483;50,00;
07:39:34;480;50,00;
07:39:37;485;50,00;
07:39:41;490;50,00;
07:39:44;485;50,00;
07:39:54;484;50,00;
07:39:58;487;50,00;
07:40:01;490;50,00;
07:40:04;492;50,00;
07:40:07;483;50,01;
07:40:11;490;50,01;
07:40:14;490;50,02;
07:40:17;490;50,01;
07:40:21;489;50,01;
07:40:24;486;50,01;
07:40:26;489;50,00;
07:40:30;490;50,00;
07:40:33;489;50,00;
07:40:36;484;50,00;
07:40:39;490;50,00;
07:40:42;497;50,00;
07:40:45;491;50,00;
07:40:49;481;50,00;
07:40:52;491;50,00;
07:40:55;500;50,00;
07:40:58;499;50,00;
07:41:01;491;50,00;
07:41:04;501;50,00;
07:41:07;498;50,00;
07:41:11;506;50,00;
07:41:14;513;49,99;
07:41:17;504;49,99;
07:41:20;547;50,00;
07:41:23;548;50,00;
07:41:26;586;50,00;
07:41:29;589;50,01;
07:41:30;629;50,01;
07:41:33;592;50,00;
07:41:36;629;50,00;
07:41:39;653;50,00;
07:41:40;656;50,00;
07:41:43;637;50,00;
07:41:46;657;50,00;
07:41:49;670;50,00;
07:41:50;659;50,00;
07:41:53;671;50,00;
07:41:56;682;50,00;
07:41:59;671;50,00;
07:42:00;677;50,00;
07:42:03;679;50,00;
07:42:06;705;50,00;
07:42:09;707;50,00;
07:42:12;725;50,00;
07:42:15;726;50,00;
07:42:19;777;50,00;
07:42:22;803;50,01;
07:42:25;833;50,01;
07:42:28;818;50,00;
07:42:31;868;50,00;
07:42:34;848;50,00;
07:42:37;854;50,00;
07:42:40;877;50,00;
07:42:43;881;50,00;
07:42:46;900;50,00;
07:42:49;923;50,00;
07:42:52;918;50,01;
07:42:55;944;50,01;
07:42:58;941;50,01;
07:43:01;955;50,00;
07:43:04;956;50,00;
07:43:07;960;50,00;
07:43:10;968;50,00;
07:43:13;972;50,00;
07:43:16;971;50,00;
07:43:19;979;50,00;
07:43:20;975;50,00;
07:43:23;980;50,00;
07:43:26;984;50,00;
07:43:29;986;50,00;
07:43:30;993;50,00;
07:43:33;997;50,00;
07:43:36;994;50,00;
07:43:39;991;50,01;
07:43:42;997;50,01;
07:43:45;1000;50,01;
07:43:48;998;50,01;
07:43:51;1001;50,01;
07:43:54;1003;50,01;
07:43:57;1001;50,01;
07:44:00;1004;50,01;
07:44:03;1001;50,01;
07:44:06;1007;50,01;
07:44:09;1008;50,01;
07:44:13;1010;50,01;
07:44:16;1007;50,01;
07:44:19;1014;50,00;
07:44:22;1015;50,00;
07:44:25;1015;49,99;
07:44:28;1016;49,99;
07:44:31;1021;49,99;
07:44:37;1023;50,00;
07:44:40;1019;50,00;
07:44:43;1025;50,01;
07:44:46;1026;50,01;
07:44:49;1028;50,02;
07:44:50;1024;50,01;
07:44:53;1029;50,01;
07:44:59;1030;50,01;
07:45:02;1034;50,01;
07:45:05;1030;50,01;
07:45:08;1036;50,01;
07:45:11;1040;50,01;
07:45:17;1035;50,01;
07:45:20;1041;50,01;
07:45:23;1048;50,01;
07:45:26;1046;50,00;
07:45:29;1042;50,00;
07:45:32;1051;49,99;
07:45:35;1056;49,98;
07:45:38;1053;49,98;
07:45:44;1055;49,98;
07:45:47;1061;49,98;
07:45:50;1065;49,98;
07:45:53;1059;49,98;
07:45:56;1066;49,98;
07:45:59;1063;49,97;
07:46:02;1065;49,97;
07:46:05;1070;49,97;
07:46:09;1069;49,98;
07:46:12;1076;49,98;
07:46:15;1081;49,98;
07:46:18;1075;49,97;
07:46:21;1080;49,97;
07:46:24;1079;49,97;
07:46:27;1075;49,97;
07:46:30;1081;49,98;
07:46:33;1086;49,97;
07:46:36;1079;49,98;
07:46:39;1093;49,98;
07:46:42;1094;49,98;
07:46:45;1096;49,99;
07:46:51;1101;49,98;
07:46:54;1109;49,98;
07:46:57;1104;49,98;
07:47:00;1120;49,98;
07:47:03;1118;49,98;
07:47:06;1110;49,98;
07:47:12;1125;49,99;
07:47:15;1131;49,99;
07:47:18;1119;49,98;
07:47:21;1132;49,98;
07:47:24;1127;49,98;
07:47:27;1134;49,98;
07:47:30;1135;49,98;
07:47:33;1127;49,98;
07:47:36;1135;49,97;
07:47:39;1146;49,96;
07:47:42;1136;49,97;
07:47:45;1145;49,97;
07:47:48;1147;49,98;
07:47:51;1148;49,99;
07:47:54;1152;49,99;
07:47:57;1154;50,00;
07:48:00;1152;50,00;
07:48:03;1151;50,01;
07:48:06;1152;50,01;
07:48:09;1155;50,00;
07:48:12;1168;50,01;
07:48:18;1168;50,00;
07:48:21;1157;50,00;
07:48:24;1168;50,00;
07:48:27;1166;50,00;
07:48:30;1172;50,00;
07:48:33;1165;50,00;
07:48:36;1171;50,00;
07:48:39;1174;49,99;
07:48:42;1177;49,99;
07:48:45;1169;49,99;
07:48:48;1182;49,98;
07:48:51;1174;49,98;
07:48:54;1185;49,98;
07:48:57;1176;49,98;
07:49:00;1185;49,98;
07:49:03;1182;49,98;
07:49:06;1185;49,99;
07:49:09;1189;49,99;
07:49:12;1195;50,00;
07:49:15;1184;50,00;
07:49:18;1198;50,00;
07:49:24;1199;49,99;
07:49:27;1197;49,98;
07:49:30;1205;49,98;
07:49:33;1198;49,98;
07:49:36;1209;49,99;
07:49:39;1204;49,99;
07:49:42;1213;49,99;
07:49:45;1212;49,99;
07:49:48;1217;49,99;
07:49:51;1209;49,98;
07:49:54;1218;49,99;
07:49:57;1209;49,99;
07:50:00;1221;49,99;
07:50:03;1214;49,99;
07:50:09;1223;50,00;
07:50:12;1230;50,00;
07:50:15;1223;50,00;
07:50:18;1237;50,00;
07:50:21;1241;50,00;
07:50:24;1240;50,00;
07:50:27;1245;50,00;
07:50:30;1242;50,00;
07:50:33;1248;50,00;
07:50:36;1256;50,00;
07:50:39;1250;50,00;
07:50:42;1258;50,00;
07:50:45;1257;50,00;
07:50:48;1262;50,00;
07:50:51;1265;50,00;
07:50:54;1269;50,00;
07:50:57;1268;49,99;
07:51:00;1263;50,00;
07:51:03;1265;49,99;
07:51:06;1272;50,00;
07:51:09;1279;50,00;
07:51:15;1276;50,00;
07:51:18;1275;50,00;
07:51:21;1279;50,00;
07:51:24;1280;50,00;
07:51:27;1281;50,00;
07:51:30;1274;50,00;
07:51:33;1283;50,00;
07:51:36;1282;50,00;
07:51:39;1290;50,00;
07:51:42;1283;50,00;
07:51:45;1295;50,00;
07:51:48;1292;49,99;
07:51:51;1302;50,00;
07:51:54;1294;50,00;
07:51:57;1304;50,00;
07:52:00;1302;50,00;
07:52:03;1312;50,00;
07:52:06;1306;50,00;
07:52:09;1317;50,00;
07:52:12;1310;50,00;
07:52:15;1318;50,00;
07:52:21;1322;50,00;
07:52:24;1316;50,00;
07:52:27;1324;49,99;
07:52:30;1316;49,99;
07:52:33;1329;50,00;
07:52:36;1327;50,00;
07:52:39;1334;50,01;
07:52:42;1346;50,01;
07:52:45;1337;50,01;
07:52:48;1333;50,01;
07:52:51;1339;50,01;
07:52:54;1327;50,01;
07:52:57;1342;50,01;
07:53:00;1341;50,01;
07:53:03;1338;50,00;
07:53:06;1340;50,01;
07:53:09;1349;50,01;
07:53:12;1351;50,01;
07:53:18;1349;50,01;
07:53:21;1355;50,00;
07:53:27;1358;50,00;
07:53:30;1353;50,00;
07:53:33;1359;50,01;
07:53:36;1352;50,00;
07:53:39;1364;50,00;
07:53:42;1360;50,00;
07:53:45;1365;50,00;
07:53:48;1368;50,00;
07:53:51;1374;50,00;
07:53:54;1370;50,00;
07:53:57;1374;50,00;
07:54:00;1372;50,00;
07:54:03;1383;50,00;
07:54:06;1386;50,00;
07:54:15;1392;50,00;
07:54:18;1390;50,00;
07:54:21;1392;50,00;
07:54:24;1404;50,00;
07:54:27;1406;50,00;
07:54:30;1407;50,00;
07:54:33;1410;50,00;
07:54:36;1415;50,00;
07:54:39;1414;50,00;
07:54:45;1405;50,01;
07:54:48;1419;50,01;
07:54:51;1423;50,00;
07:55:00;1429;50,00;
07:55:06;1432;50,00;
07:55:09;1420;50,00;
07:55:12;1434;50,00;
07:55:18;1439;49,99;
07:55:21;1436;49,99;
07:55:24;1444;49,98;
07:55:27;1432;49,99;
07:55:30;1444;50,00;
07:55:33;1432;50,00;
07:55:36;1445;50,00;
07:55:39;1448;50,00;
07:55:42;1453;50,00;
07:55:45;1450;50,00;
07:55:48;1458;50,00;
07:55:51;1456;50,00;
07:55:54;1460;50,00;
07:55:57;1448;50,00;
07:56:00;1465;50,01;
07:56:03;1469;50,01;
07:56:06;1471;50,01;
07:56:09;1464;50,01;
07:56:12;1473;50,01;
07:56:15;1477;50,01;
07:56:18;1479;50,01;
07:56:24;1480;50,01;
07:56:27;1483;50,01;
07:56:30;1484;50,01;
07:56:33;1488;50,01;
07:56:36;1489;50,01;
07:56:39;1491;50,01;
07:56:42;1488;50,01;
07:56:45;1494;50,00;
07:56:51;1496;50,00;
07:56:54;1500;50,01;
07:56:57;1500;50,02;
07:57:00;1503;50,02;
07:57:03;1507;50,02;
07:57:06;1504;50,02;
07:57:09;1513;50,02;
07:57:12;1514;50,02;
07:57:15;1518;50,01;
07:57:18;1522;50,01;
07:57:21;1519;50,01;
07:57:24;1521;50,02;
07:57:30;1525;50,03;
07:57:33;1528;50,02;
07:57:36;1532;50,02;
07:57:39;1532;50,03;
07:57:42;1536;50,03;
07:57:48;1535;50,02;
07:57:51;1539;50,02;
07:57:54;1542;50,02;
07:57:57;1540;50,02;
07:58:00;1542;50,02;
07:58:03;1543;50,02;
07:58:06;1549;50,01;
07:58:09;1552;50,01;
07:58:12;1549;50,01;
07:58:15;1553;50,01;
07:58:18;1557;50,01;
07:58:21;1556;50,01;
07:58:24;1561;50,00;
07:58:27;1560;49,99;
07:58:30;1562;49,99;
07:58:36;1564;50,00;
07:58:39;1568;50,00;
07:58:42;1564;50,00;
07:58:45;1572;50,00;
07:58:48;1568;50,00;
07:58:51;1575;49,99;
07:58:54;1573;49,99;
07:58:57;1577;49,99;
07:59:00;1565;50,00;
07:59:03;1580;50,00;
07:59:06;1585;50,01;
07:59:09;1583;50,01;
07:59:12;1576;50,01;
07:59:15;1589;50,01;
07:59:21;1595;50,01;
07:59:24;1593;50,01;
07:59:27;1600;50,01;
07:59:30;1605;50,01;
07:59:33;1610;50,01;
07:59:36;1613;50,01;
07:59:39;1622;50,01;
07:59:42;1619;50,02;
07:59:45;1629;50,01;
07:59:48;1628;50,01;
07:59:51;1632;50,01;
07:59:54;1633;50,01;
07:59:57;1627;50,01;
08:00:00;1632;50,01;
08:00:03;1631;50,01;
08:00:06;1642;50,01;
08:00:09;1642;50,00;
08:00:15;1646;49,99;
08:00:18;1649;49,99;
08:00:21;1650;49,99;
08:00:27;1654;49,99;
08:00:30;1655;49,99;
08:00:33;1657;50,00;
08:00:36;1659;50,00;
08:00:39;1662;50,00;
08:00:42;1661;50,00;
08:00:45;1654;50,00;
08:00:48;1663;50,00;
08:00:51;1666;50,00;
08:00:54;1670;50,00;
08:00:57;1672;50,00;
08:01:03;1671;50,00;
08:01:06;1676;50,00;
08:01:09;1673;50,00;
08:01:12;1680;50,00;
08:01:15;1676;50,01;
08:01:18;1683;50,01;
08:01:21;1684;50,01;
08:01:24;1687;50,01;
08:01:27;1681;50,00;
08:01:33;1687;50,01;
08:01:36;1696;50,02;
08:01:39;1698;50,02;
08:01:42;1699;50,01;
08:01:45;1694;50,01;
08:01:48;1703;50,01;
08:01:51;1699;50,01;
08:01:54;1706;50,01;
08:01:57;1710;50,01;
08:02:00;1712;50,01;
08:02:03;1709;50,01;
08:02:06;1714;50,01;
08:02:09;1716;50,01;
08:02:12;1717;50,01;
08:02:15;1720;50,02;
08:02:21;1721;50,02;
08:02:24;1725;50,02;
08:02:27;1719;50,02;
08:02:30;1729;50,02;
08:02:33;1724;50,02;
08:02:39;1730;50,02;
08:02:42;1737;50,02;
08:02:45;1731;50,02;
08:02:48;1739;50,02;
08:02:51;1740;50,00;
08:02:54;1744;49,99;
08:02:57;1744;49,97;
08:03:00;1732;49,96;
08:03:03;1740;49,96;
08:03:06;1752;49,96;
08:03:09;1753;49,97;
08:03:12;1749;49,97;
08:03:15;1755;49,96;
08:03:24;1760;49,95;
08:03:27;1763;49,96;
08:03:30;1768;49,95;
08:03:33;1768;49,96;
08:03:36;1771;49,96;
08:03:39;1772;49,96;
08:03:42;1769;49,96;
08:03:45;1777;49,96;
08:03:48;1777;49,97;
08:03:51;1780;49,97;
08:03:54;1786;49,97;
08:03:57;1785;49,97;
08:04:00;1790;49,97;
08:04:03;1792;49,97;
08:04:06;1793;49,97;
08:04:09;1797;49,98;
08:04:12;1800;49,98;
08:04:15;1799;49,98;
08:04:18;1796;49,98;
08:04:21;1803;49,97;
08:04:24;1804;49,97;
08:04:30;1803;49,96;
08:04:33;1813;49,96;
08:04:36;1811;49,96;
08:04:39;1816;49,97;
08:04:42;1815;49,97;
08:04:45;1824;49,96;
08:04:48;1827;49,96;
08:04:51;1828;49,96;
08:04:54;1851;49,96;
08:04:57;1849;49,96;
08:05:00;1849;49,97;
08:05:03;1856;49,97;
08:05:06;1856;49,98;
08:05:09;1860;49,97;
08:05:12;1862;49,97;
08:05:15;1865;49,97;
08:05:18;1862;49,97;
08:05:21;1871;49,97;
08:05:24;1866;49,97;
08:05:27;1872;49,97;
08:05:30;1869;49,97;
08:05:36;1872;49,97;
08:05:39;1880;49,97;
08:05:42;1878;49,98;
08:05:45;1884;49,98;
08:05:48;1880;49,98;
08:05:51;1887;49,99;
08:05:54;1889;49,98;
08:05:57;1884;49,98;
08:06:00;1887;49,99;
08:06:03;1896;49,99;
08:06:06;1897;49,99;
08:06:09;1895;49,99;
08:06:15;1903;49,99;
08:06:18;1905;50,00;
08:06:21;1907;50,00;
08:06:24;1906;50,00;
08:06:27;1913;50,01;
08:06:30;1910;50,00;
08:06:33;1914;50,00;
08:06:36;1911;49,99;
08:06:42;1915;49,99;
08:06:45;1919;49,99;
08:06:48;1918;49,98;
08:06:51;1925;49,98;
08:06:54;1922;49,98;
08:06:57;1930;49,98;
08:07:00;1931;49,98;
08:07:03;1924;49,98;
08:07:06;1935;49,98;
08:07:09;1933;49,98;
08:07:12;1932;49,98;
08:07:15;1941;49,99;
08:07:18;1946;50,00;
08:07:21;1939;50,00;
08:07:24;1945;50,00;
08:07:27;1947;50,00;
08:07:30;1952;50,00;
08:07:33;1944;50,00;
08:07:36;1953;50,00;
08:07:39;1949;50,00;
08:07:42;1957;50,00;
08:07:45;1958;50,00;
08:07:48;1956;49,99;
08:07:51;1955;49,99;
08:07:54;1964;49,99;
08:07:57;1962;49,98;
08:08:00;1966;49,99;
08:08:03;1961;49,98;
08:08:06;1969;49,99;
08:08:09;1970;49,99;
08:08:12;1975;49,99;
08:08:15;1969;49,99;
08:08:18;1979;49,99;
08:08:21;1980;49,98;
08:08:24;1981;49,98;
08:08:27;1976;49,97;
08:08:33;1985;49,98;
08:08:36;1990;49,98;
08:08:39;1985;49,98;
08:08:42;1992;49,98;
08:08:45;1994;49,99;
08:08:48;1996;49,99;
08:08:51;1998;49,99;
08:08:54;1991;49,99;
08:08:57;2001;49,99;
08:09:00;2006;50,00;
08:09:03;2001;50,00;
08:09:06;2010;50,00;
08:09:09;2015;50,00;
08:09:12;2010;50,00;
08:09:15;2015;50,00;
08:09:18;2019;49,99;
08:09:21;2021;49,99;
08:09:24;2016;49,99;
08:09:27;2020;49,99;
08:09:30;2023;49,98;
08:09:33;2030;49,98;
08:09:39;2033;49,98;
08:09:42;2026;49,98;
08:09:45;2037;49,98;
08:09:48;2036;49,98;
08:09:51;2039;49,98;
08:09:54;2032;49,98;
08:09:57;2042;49,99;
08:10:00;2044;49,99;
08:10:03;2047;50,00;
08:10:06;2040;50,00;
08:10:09;2051;50,00;
08:10:12;2050;50,00;
08:10:15;2053;49,99;
08:10:18;2048;49,98;
08:10:21;2057;49,98;
08:10:27;2061;49,98;
08:10:30;2055;49,98;
08:10:33;2064;49,97;
08:10:36;2053;49,97;
08:10:39;2065;49,97;
08:10:45;2073;49,97;
08:10:48;2081;49,98;
08:10:51;2087;49,98;
08:10:54;2095;49,98;
08:10:57;2112;49,98;
08:11:00;2115;49,97;
08:11:03;2120;49,98;
08:11:09;2123;49,98;
08:11:12;2116;49,98;
08:11:15;2127;49,98;
08:11:18;2120;49,98;
08:11:21;2133;49,98;
08:11:24;2130;49,98;
08:11:27;2133;49,98;
08:11:30;2128;49,98;
08:11:33;2140;49,99;
08:11:36;2128;49,99;
08:11:39;2144;49,99;
08:11:42;2132;49,99;
08:11:45;2146;50,00;
08:11:51;2150;50,00;
08:11:54;2140;50,00;
08:11:57;2153;49,99;
08:12:00;2142;49,99;
08:12:03;2157;49,99;
08:12:06;2149;49,99;
08:12:09;2159;49,99;
08:12:15;2165;49,98;
08:12:18;2161;49,98;
08:12:21;2162;49,98;
08:12:24;2161;49,98;
08:12:27;2160;49,99;
08:12:30;2171;49,99;
08:12:36;2169;50,00;
08:12:39;2172;50,00;
08:12:42;2182;50,00;
08:12:45;2175;50,00;
08:12:48;2187;50,00;
08:12:51;2180;50,00;
08:12:54;2191;50,00;
08:12:57;2193;50,00;
08:13:00;2197;50,00;
08:13:03;2187;50,00;
08:13:06;2200;50,00;
08:13:09;2193;50,00;
08:13:12;2204;49,99;
08:13:15;2197;49,99;
08:13:18;2207;50,00;
08:13:21;2197;50,00;
08:13:24;2213;49,99;
08:13:27;2206;49,99;
08:13:30;2216;49,98;
08:13:33;2209;49,98;
08:13:36;2221;49,98;
08:13:42;2223;49,99;
08:13:45;2219;49,99;
08:13:48;2228;50,00;
08:13:51;2221;50,00;
08:13:54;2232;50,00;
08:13:57;2219;50,01;
08:14:00;2240;50,01;
08:14:03;2241;50,01;
08:14:06;2240;50,01;
08:14:09;2233;50,01;
08:14:12;2247;50,01;
08:14:15;2240;50,01;
08:14:18;2251;50,00;
08:14:21;2244;50,00;
08:14:24;2242;50,00;
08:14:27;2245;50,00;
08:14:30;2251;50,00;
08:14:33;2248;50,00;
08:14:36;2259;50,00;
08:14:39;2261;50,00;
08:14:48;2265;50,00;
08:14:51;2268;50,00;
08:14:57;2270;50,00;
08:15:00;2273;50,00;
08:15:06;2270;50,01;
08:15:09;2278;50,01;
08:15:12;2284;50,00;
08:15:15;2280;50,01;
08:15:18;2285;50,00;
08:15:21;2287;50,01;
08:15:24;2288;50,00;
08:15:27;2285;50,00;
08:15:30;2284;50,00;
08:15:33;2285;50,00;
08:15:36;2295;49,99;
08:15:39;2299;49,99;
08:15:42;2301;49,99;
08:15:45;2302;49,98;
08:15:48;2304;49,98;
08:15:54;2306;49,99;
08:15:57;2311;49,99;
08:16:00;2314;50,00;
08:16:06;2316;50,00;
08:16:09;2318;50,00;
08:16:12;2311;50,00;
08:16:15;2321;50,00;
08:16:18;2323;49,98;
08:16:21;2326;49,98;
08:16:24;2327;49,98;
08:16:27;2329;49,98;
08:16:30;2331;49,97;
08:16:33;2330;49,97;
08:16:36;2323;49,97;
08:16:39;2334;49,97;
08:16:42;2329;49,97;
08:16:45;2338;49,97;
08:16:48;2330;49,97;
08:16:51;2342;49,97;
08:16:54;2335;49,97;
08:16:57;2346;49,98;
08:17:03;2350;49,99;
08:17:06;2342;50,00;
08:17:09;2353;49,99;
08:17:12;2347;50,00;
08:17:15;2359;50,00;
08:17:18;2356;49,99;
08:17:21;2351;49,99;
08:17:24;2350;49,98;
08:17:27;2362;49,97;
08:17:30;2354;49,97;
08:17:33;2360;49,96;
08:17:36;2357;49,96;
08:17:39;2373;49,97;
08:17:45;2375;49,98;
08:17:48;2376;49,98;
08:17:51;2379;49,98;
08:17:57;2382;49,99;
08:18:03;2376;49,99;
08:18:06;2385;49,99;
08:18:09;2389;50,00;
08:18:12;2390;50,00;
08:18:15;2397;50,00;
08:18:18;2398;50,00;
08:18:21;2404;50,00;
08:18:24;2405;50,00;
08:18:27;2403;49,99;
08:18:30;2412;49,99;
08:18:33;2418;49,99;
08:18:39;2423;49,99;
08:18:42;2427;49,99;
08:18:45;2432;49,98;
08:18:51;2441;49,99;
08:18:54;2442;49,99;
08:18:57;2446;50,00;
08:19:00;2450;50,00;
08:19:03;2457;50,00;
08:19:06;2458;50,00;
08:19:09;2455;49,99;
08:19:12;2459;49,99;
08:19:15;2469;49,99;
08:19:18;2471;49,99;
08:19:21;2476;49,99;
08:19:24;2470;49,98;
08:19:27;2476;49,99;
08:19:30;2479;49,99;
08:19:33;2481;49,98;
08:19:36;2482;49,99;
08:19:39;2475;50,00;
08:19:42;2487;50,00;
08:19:45;2481;50,00;
08:19:48;2486;50,00;
08:19:51;2479;50,00;
08:19:57;2495;50,00;
08:20:03;2498;50,00;
08:20:06;2502;50,00;
08:20:12;2504;50,00;
08:20:15;2494;49,99;
08:20:18;2504;50,00;
08:20:21;2507;49,99;
08:20:24;2514;49,99;
08:20:27;2514;49,98;
08:20:30;2516;49,98;
08:20:33;2511;49,98;
08:20:36;2520;49,98;
08:20:39;2512;49,98;
08:20:42;2523;49,99;
08:20:45;2518;49,99;
08:20:48;2527;49,99;
08:20:51;2514;50,00;
08:20:54;2530;50,00;
08:20:57;2528;49,99;
08:21:03;2520;49,99;
08:21:06;2537;49,99;
08:21:12;2540;49,98;
08:21:15;2542;49,98;
08:21:18;2544;49,98;
08:21:21;2546;49,99;
08:21:24;2544;49,99;
08:21:27;2551;49,99;
08:21:30;2554;49,99;
08:21:33;2555;49,99;
08:21:36;2556;49,99;
08:21:39;2554;49,99;
08:21:42;2560;50,00;
08:21:48;2563;50,01;
08:21:51;2566;50,00;
08:21:54;2568;50,00;
08:21:57;2569;50,00;
08:22:00;2571;50,00;
08:22:03;2572;49,99;
08:22:06;2556;49,99;
08:22:09;2576;49,99;
08:22:12;2577;49,98;
08:22:15;2580;49,98;
08:22:18;2583;49,98;
08:22:21;2584;49,98;
08:22:24;2587;49,99;
08:22:27;2589;49,99;
08:22:30;2582;49,99;
08:22:33;2592;50,00;
08:22:36;2597;50,00;
08:22:39;2598;50,00;
08:22:42;2585;50,00;
08:22:45;2602;50,00;
08:22:48;2602;50,01;
08:22:54;2595;50,01;
08:22:57;2609;50,01;
08:23:00;2604;50,00;
08:23:03;2612;50,00;
08:23:06;2602;50,00;
08:23:09;2617;50,00;
08:23:12;2621;50,01;
08:23:15;2615;50,01;
08:23:18;2610;50,00;
08:23:21;2624;50,00;
08:23:24;2622;50,00;
08:23:27;2631;50,00;
08:23:30;2616;50,01;
08:23:33;2631;50,01;
08:23:36;2630;50,01;
08:23:39;2630;50,00;
08:23:42;2624;49,99;
08:23:45;2640;49,99;
08:23:48;2635;49,99;
08:23:51;2642;50,00;
08:23:54;2635;50,00;
08:24:00;2641;50,00;
08:24:03;2650;49,99;
08:24:06;2639;49,99;
08:24:09;2656;50,00;
08:24:12;2650;50,00;
08:24:15;2657;50,00;
08:24:18;2659;50,00;
08:24:21;2651;50,00;
08:24:24;2660;50,00;
08:24:27;2666;49,99;
08:24:30;2661;50,00;
08:24:33;2672;49,99;
08:24:36;2667;49,99;
08:24:39;2674;49,99;
08:24:42;2677;49,99;
08:24:45;2678;49,98;
08:24:48;2673;49,99;
08:24:51;2680;49,99;
08:24:54;2672;50,00;
08:24:57;2686;50,00;
08:25:00;2682;50,00;
08:25:06;2682;49,99;
08:25:09;2693;49,99;
08:25:12;2688;49,99;
08:25:15;2696;49,98;
08:25:18;2692;49,98;
08:25:21;2699;49,98;
08:25:24;2702;49,98;
08:25:27;2692;49,99;
08:25:30;2706;49,98;
08:25:33;2702;49,98;
08:25:39;2712;49,97;
08:25:42;2713;49,98;
08:25:45;2707;49,98;
08:25:51;2718;49,98;
08:25:54;2721;49,98;
08:25:57;2716;49,98;
08:26:00;2725;49,98;
08:26:03;2721;49,98;
08:26:06;2727;49,98;
08:26:09;2731;49,99;
08:26:12;2724;49,99;
08:26:15;2726;49,99;
08:26:18;2736;49,99;
08:26:21;2733;49,98;
08:26:24;2739;49,98;
08:26:27;2734;49,98;
08:26:30;2743;49,98;
08:26:33;2744;49,99;
08:26:36;2746;49,98;
08:26:39;2739;49,98;
08:26:42;2749;49,97;
08:26:45;2748;49,98;
08:26:48;2754;49,98;
08:26:51;2748;49,98;
08:26:57;2756;49,98;
08:27:00;2761;49,98;
08:27:03;2758;49,99;
08:27:06;2764;49,99;
08:27:12;2772;49,99;
08:27:15;2775;49,99;
08:27:18;2776;49,98;
08:27:21;2789;49,98;
08:27:24;2793;49,98;
08:27:27;2796;49,98;
08:27:30;2811;49,98;
08:27:33;2820;49,98;
08:27:36;2818;49,98;
08:27:39;2826;49,98;
08:27:42;2823;49,98;
08:27:45;2836;49,98;
08:27:48;2829;49,99;
08:27:51;2829;49,98;
08:27:54;2826;49,98;
08:27:57;2838;49,98;
08:28:03;2844;50,00;
08:28:06;2827;50,00;
08:28:09;2847;50,00;
08:28:12;2846;50,00;
08:28:15;2849;50,00;
08:28:18;2832;50,00;
08:28:21;2849;50,00;
08:28:24;2853;50,00;
08:28:27;2856;49,99;
08:28:30;2837;49,99;
08:28:33;2859;49,98;
08:28:36;2862;49,98;
08:28:39;2865;49,98;
08:28:42;2854;49,98;
08:28:45;2868;49,98;
08:28:48;2869;49,99;
08:28:51;2873;49,99;
08:28:54;2861;49,99;
08:28:57;2877;49,99;
08:29:00;2876;49,99;
08:29:03;2877;50,00;
08:29:09;2883;50,00;
08:29:15;2889;50,00;
08:29:18;2880;50,00;
08:29:21;2894;50,00;
08:29:24;2891;50,01;
08:29:27;2896;50,01;
08:29:30;2897;50,01;
08:29:33;2901;50,00;
08:29:36;2900;50,00;
08:29:39;2902;50,00;
08:29:42;2891;50,00;
08:29:45;2906;49,99;
08:29:48;2905;49,99;
08:29:54;2892;49,99;
08:29:57;2911;49,99;
08:30:00;2913;49,99;
08:30:03;2914;49,99;
08:30:06;2902;49,99;
08:30:09;2921;49,99;
08:30:15;2914;49,99;
08:30:18;2910;49,99;
08:30:21;2923;49,99;
08:30:24;2921;49,98;
08:30:27;2928;49,98;
08:30:30;2914;49,98;
08:30:33;2938;49,98;
08:30:36;2934;49,98;
08:30:39;2929;49,98;
08:30:42;2927;49,98;
08:30:45;2939;49,98;
08:30:48;2943;49,98;
08:30:51;2931;49,98;
08:30:54;2942;49,98;
08:31:00;2951;49,98;
08:31:03;2942;49,98;
08:31:06;2955;49,97;
08:31:09;2945;49,97;
08:31:12;2957;49,97;
08:31:15;2947;49,97;
08:31:18;2959;49,97;
08:31:24;2963;49,98;
08:31:27;2954;49,98;
08:31:30;2966;49,98;
08:31:33;2962;49,98;
08:31:36;2970;49,98;
08:31:39;2962;49,98;
08:31:42;2973;49,98;
08:31:45;2969;49,98;
08:31:48;2979;49,99;
08:31:51;2972;50,00;
08:31:54;2982;50,00;
08:31:57;2977;50,00;
08:32:00;2985;50,00;
08:32:06;2991;50,00;
08:32:09;2983;50,00;
08:32:12;2993;50,00;
08:32:15;2988;50,00;
08:32:18;2998;50,00;
08:32:21;2991;50,00;
08:32:24;3002;50,00;
08:32:27;3004;50,00;
08:32:30;3007;49,99;
08:32:33;2993;49,98;
08:32:36;3011;49,99;
08:32:39;3011;49,98;
08:32:42;3013;49,99;
08:32:45;3006;49,99;
08:32:48;3017;49,99;
08:32:51;3023;49,99;
08:32:54;3024;49,99;
08:32:57;3018;49,99;
08:33:00;3027;50,00;
08:33:03;3028;50,00;
08:33:06;3032;50,00;
08:33:12;3035;50,00;
08:33:15;3038;50,00;
08:33:18;3040;50,00;
08:33:21;3041;50,00;
08:33:24;3044;49,99;
08:33:27;3040;49,99;
08:33:30;3044;49,99;
08:33:33;3047;49,99;
08:33:36;3051;49,99;
08:33:39;3054;49,99;
08:33:42;3056;49,99;
08:33:45;3044;49,99;
08:33:48;3060;49,99;
08:33:51;3065;49,99;
08:33:54;3055;49,99;
08:33:57;3059;49,99;
08:34:00;3066;49,99;
08:34:03;3068;49,99;
08:34:06;3069;49,99;
08:34:09;3070;49,99;
08:34:12;3073;49,99;
08:34:18;3075;50,00;
08:34:21;3077;50,00;
08:34:24;3079;50,00;
08:34:27;3080;49,99;
08:34:30;3083;49,98;
08:34:33;3084;49,98;
08:34:36;3069;49,98;
08:34:39;3087;49,98;
08:34:42;3089;49,98;
08:34:45;3094;49,98;
08:34:48;3098;49,98;
08:34:51;3099;49,98;
08:34:54;3097;49,98;
08:34:57;3103;49,98;
08:35:03;3109;49,98;
08:35:06;3104;49,98;
08:35:09;3111;49,98;
08:35:12;3099;49,98;
08:35:15;3115;49,98;
08:35:18;3110;49,99;
08:35:21;3119;49,99;
08:35:24;3120;49,99;
08:35:27;3122;50,00;
08:35:30;3119;50,00;
08:35:33;3126;50,00;
08:35:36;3122;50,00;
08:35:39;3131;50,00;
08:35:42;3123;50,00;
08:35:45;3137;50,00;
08:35:48;3134;50,00;
08:35:51;3137;50,00;
08:35:54;3131;50,00;
08:35:57;3141;50,00;
08:36:00;3146;50,00;
08:36:03;3145;50,00;
08:36:09;3150;50,00;
08:36:15;3153;50,00;
08:36:18;3155;50,00;
08:36:21;3159;50,00;
08:36:24;3160;50,00;
08:36:27;3149;49,99;
08:36:30;3164;49,99;
08:36:33;3171;49,99;
08:36:36;3177;49,99;
08:36:39;3182;50,00;
08:36:42;3183;50,00;
08:36:45;3190;50,00;
08:36:48;3193;50,00;
08:36:51;3194;49,99;
08:36:54;3200;50,00;
08:36:57;3208;50,00;
08:37:03;3213;50,00;
08:37:06;3216;50,00;
08:37:09;3222;50,00;
08:37:15;3228;49,99;
08:37:18;3234;49,98;
08:37:21;3239;49,98;
08:37:24;3240;49,98;
08:37:27;3242;49,97;
08:37:30;3245;49,97;
08:37:33;3223;49,97;
08:37:36;3248;49,97;
08:37:39;3246;49,98;
08:37:42;3251;49,98;
08:37:45;3246;49,98;
08:37:48;3255;49,98;
08:37:51;3253;49,98;
08:37:54;3258;49,98;
08:37:57;3240;49,98;
08:38:00;3265;49,99;
08:38:03;3265;50,00;
08:38:06;3268;50,00;
08:38:09;3269;50,00;
08:38:12;3273;50,00;
08:38:15;3274;50,00;
08:38:21;3277;49,99;
08:38:24;3279;49,99;
08:38:27;3280;49,99;
08:38:30;3281;49,99;
08:38:33;3283;49,99;
08:38:36;3287;49,99;
08:38:39;3291;49,99;
08:38:42;3282;49,99;
08:38:45;3289;49,99;
08:38:48;3296;49,99;
08:38:51;3308;49,99;
08:38:54;3304;49,98;
08:38:57;3313;49,98;
08:39:00;3328;49,98;
08:39:03;3335;49,98;
08:39:06;3339;49,98;
08:39:09;3361;49,98;
08:39:12;3373;49,98;
08:39:15;3401;49,98;
08:39:18;3382;49,98;
08:39:21;3405;49,98;
08:39:24;3373;49,98;
08:39:27;3409;49,98;
08:39:30;3427;49,98;
08:39:33;3526;49,98;
08:39:36;3537;49,98;
08:39:39;3598;49,98;
08:39:42;3602;49,98;
08:39:45;3612;49,98;
08:39:48;3603;49,98;
08:39:51;3618;49,98;
08:39:54;3623;49,98;
08:39:57;3622;49,98;
08:40:00;3628;49,99;
08:40:03;3636;49,99;
08:40:06;3633;50,00;
08:40:12;3635;50,00;
08:40:15;3637;50,00;
08:40:18;3640;50,00;
08:40:21;3652;50,00;
08:40:24;3644;50,00;
08:40:27;3645;50,00;
08:40:30;3596;50,00;
08:40:33;3649;50,00;
08:40:36;3653;50,01;
08:40:39;3666;50,01;
08:40:42;3664;50,01;
08:40:45;3659;50,00;
08:40:48;3640;50,00;
08:40:51;3662;50,00;
08:40:54;3663;50,00;
08:40:57;3673;50,01;
08:41:00;3660;50,00;
08:41:03;3673;50,01;
08:41:06;3635;50,00;
08:41:09;3678;50,00;
08:41:12;3679;50,00;
08:41:18;3677;50,01;
08:41:21;3687;50,01;
08:41:24;3640;50,01;
08:41:27;3694;50,01;
08:41:30;3698;50,01;
08:41:33;3696;50,01;
08:41:36;3706;50,01;
08:41:39;3688;50,01;
08:41:42;3652;50,01;
08:41:45;3707;50,01;
08:41:48;3709;50,01;
08:41:51;3708;50,01;
08:41:54;3702;50,00;
08:41:57;3712;50,00;
08:42:00;3714;50,00;
08:42:03;3717;50,00;
08:42:06;3718;50,01;
08:42:09;3719;50,01;
08:42:12;3715;50,01;
08:42:15;3723;50,01;
08:42:18;3673;50,01;
08:42:24;3736;50,00;
08:42:27;3731;50,00;
08:42:30;3725;50,00;
08:42:33;3739;50,00;
08:42:36;3692;50,01;
08:42:39;3741;50,01;
08:42:45;3744;50,01;
08:42:48;3746;50,01;
08:42:51;3753;50,01;
08:42:54;3698;50,01;
08:42:57;3754;50,01;
08:43:00;3763;50,01;
08:43:03;3757;50,01;
08:43:06;3770;50,01;
08:43:09;3764;50,01;
08:43:12;3717;50,01;
08:43:15;3769;50,01;
08:43:18;3770;50,01;
08:43:21;3770;50,00;
08:43:24;3774;50,00;
08:43:30;3726;50,00;
08:43:33;3780;50,00;
08:43:36;3793;50,01;
08:43:39;3786;50,01;
08:43:42;3779;50,02;
08:43:45;3795;50,02;
08:43:48;3794;50,02;
08:43:51;3782;50,02;
08:43:54;3806;50,02;
08:43:57;3796;50,03;
08:44:00;3811;50,02;
08:44:03;3812;50,01;
08:44:06;3808;50,01;
08:44:09;3782;50,01;
08:44:15;3826;50,01;
08:44:18;3819;50,01;
08:44:21;3811;50,00;
08:44:24;3826;50,00;
08:44:27;3828;50,00;
08:44:33;3839;50,00;
08:44:36;3836;50,00;
08:44:39;3826;50,00;
08:44:42;3857;50,00;
08:44:45;3847;50,01;
08:44:48;3863;50,01;
08:44:51;3855;50,01;
08:44:54;3873;50,01;
08:44:57;3876;50,01;
08:45:00;3880;50,01;
08:45:03;3866;50,01;
08:45:06;3884;50,01;
08:45:09;3864;50,01;
08:45:12;3888;50,01;
08:45:15;3874;50,00;
08:45:21;3880;49,99;
08:45:24;3898;49,99;
08:45:27;3884;49,99;
08:45:30;3902;50,00;
08:45:33;3898;50,00;
08:45:36;3909;50,00;
08:45:39;3916;50,00;
08:45:42;3924;50,01;
08:45:45;3933;50,00;
08:45:48;3939;50,00;
08:45:51;3933;50,00;
08:45:54;3952;50,00;
08:45:57;3957;50,01;
08:46:00;3950;50,01;
08:46:03;3962;50,01;
08:46:06;3955;50,00;
08:46:09;3973;50,01;
08:46:12;3963;50,00;
08:46:15;3984;50,00;
08:46:18;3990;50,00;
08:46:21;3998;50,00;
08:46:27;3993;50,01;
08:46:30;4006;50,01;
08:46:33;3957;50,01;
08:46:36;4010;50,01;
08:46:39;4007;50,01;
08:46:42;4015;50,00;
08:46:45;4016;50,00;
08:46:48;4002;50,00;
08:46:51;4015;50,01;
08:46:54;4027;50,01;
08:46:57;4018;50,01;
08:47:00;4010;50,00;
08:47:03;4028;50,01;
08:47:06;4036;50,01;
08:47:09;4035;50,01;
08:47:12;4016;50,01;
08:47:15;4040;50,01;
08:47:18;4035;50,01;
08:47:21;4045;50,01;
08:47:24;4025;50,00;
08:47:27;4047;50,00;
08:47:33;4055;50,00;
08:47:36;4036;50,00;
08:47:39;4057;50,00;
08:47:42;4052;50,00;
08:47:45;4062;50,00;
08:47:48;4045;50,00;
08:47:51;4064;50,00;
08:47:54;4066;50,00;
08:47:57;4070;50,00;
08:48:00;4052;50,00;
08:48:03;4076;50,01;
08:48:06;4070;50,01;
08:48:09;4079;50,01;
08:48:12;4062;50,01;
08:48:15;4078;50,01;
08:48:18;4076;50,01;
08:48:21;4083;50,01;
08:48:24;4067;50,00;
08:48:27;4087;50,00;
08:48:30;4082;50,00;
08:48:33;4090;50,00;
08:48:36;4093;50,00;
08:48:39;4078;50,00;
08:48:42;4093;50,00;
08:48:45;4102;50,00;
08:48:48;4095;50,01;
08:48:51;4098;50,01;
08:48:57;4114;50,00;
08:49:00;4110;50,00;
08:49:03;4104;50,00;
08:49:06;4112;50,00;
08:49:09;4120;50,00;
08:49:12;4126;50,00;
08:49:15;4106;50,00;
08:49:18;4128;50,00;
08:49:24;4132;50,00;
08:49:27;4120;49,99;
08:49:30;4138;49,99;
08:49:33;4130;50,00;
08:49:36;4142;50,00;
08:49:39;4128;49,99;
08:49:42;4146;49,99;
08:49:45;4148;49,99;
08:49:48;4154;49,99;
08:49:51;4140;49,99;
08:49:54;4160;50,00;
08:49:57;4148;50,00;
08:50:00;4162;50,00;
08:50:03;4150;50,00;
08:50:06;4168;50,00;
08:50:09;4158;50,00;
08:50:12;4172;50,00;
08:50:15;4162;50,00;
08:50:18;4178;49,99;
08:50:21;4164;49,99;
08:50:24;4182;49,99;
08:50:30;4190;49,98;
08:50:33;4174;49,98;
08:50:36;4190;49,98;
08:50:39;4178;49,98;
08:50:42;4200;49,99;
08:50:45;4192;49,99;
08:50:48;4202;50,00;
08:50:51;4204;50,00;
08:50:54;4214;50,00;
08:50:57;4208;50,00;
08:51:00;4224;50,00;
08:51:03;4214;50,00;
08:51:06;4236;50,00;
08:51:09;4226;49,99;
08:51:12;4246;50,00;
08:51:15;4250;50,00;
08:51:18;4276;50,00;
08:51:21;4240;50,00;
08:51:24;4284;50,00;
08:51:27;4278;50,00;
08:51:30;4294;50,00;
08:51:36;4302;50,00;
08:51:39;4282;50,00;
08:51:42;4306;50,00;
08:51:45;4298;50,00;
08:51:48;4312;50,00;
08:51:51;4284;50,00;
08:51:54;4328;49,99;
08:51:57;4318;50,00;
08:52:00;4334;50,00;
08:52:03;4344;50,00;
08:52:06;4352;50,00;
08:52:09;4350;49,99;
08:52:12;4358;49,99;
08:52:15;4354;49,99;
08:52:21;4366;49,99;
08:52:27;4370;49,99;
08:52:30;4374;49,99;
08:52:36;4376;49,99;
08:52:42;4382;49,98;
08:52:45;4384;49,98;
08:52:48;4386;49,98;
08:52:51;4390;49,98;
08:52:54;4392;49,98;
08:52:57;4394;49,98;
08:53:00;4370;49,98;
08:53:03;4396;49,98;
08:53:06;4386;49,98;
08:53:09;4404;49,98;
08:53:12;4378;49,98;
08:53:15;4406;49,98;
08:53:18;4394;49,98;
08:53:21;4412;49,98;
08:53:27;4416;49,98;
08:53:30;4402;49,98;
08:53:33;4418;49,98;
08:53:36;4398;49,98;
08:53:39;4424;49,98;
08:53:42;4412;49,98;
08:53:45;4426;49,98;
08:53:48;4430;49,98;
08:53:51;4432;49,98;
08:53:54;4416;49,98;
08:53:57;4438;49,98;
08:54:00;4430;49,98;
08:54:03;4444;49,98;
08:54:06;4432;49,98;
08:54:09;4444;49,98;
08:54:12;4450;49,97;
08:54:15;4454;49,97;
08:54:18;4450;49,98;
08:54:21;4458;49,98;
08:54:27;4462;49,98;
08:54:33;4466;49,99;
08:54:36;4470;50,00;
08:54:42;4472;50,00;
08:54:45;4476;50,00;
08:54:48;4478;50,00;
08:54:51;4458;50,00;
08:54:54;4480;50,00;
08:54:57;4484;49,99;
08:55:00;4484;49,98;
08:55:03;4488;49,98;
08:55:06;4490;49,99;
08:55:09;4492;49,99;
08:55:12;4496;49,99;
08:55:15;4480;49,99;
08:55:18;4494;49,98;
08:55:21;4502;49,98;
08:55:24;4504;49,98;
08:55:27;4506;49,98;
08:55:30;4508;49,98;
08:55:33;4510;49,98;
08:55:39;4518;49,99;
08:55:42;4518;50,00;
08:55:45;4514;50,00;
08:55:48;4522;50,00;
08:55:51;4526;49,99;
08:55:54;4528;50,00;
08:55:57;4506;50,00;
08:56:00;4530;50,00;
08:56:03;4536;50,00;
08:56:06;4538;50,00;
08:56:12;4540;50,00;
08:56:15;4544;50,00;
08:56:18;4542;50,00;
08:56:21;4520;50,00;
08:56:24;4550;50,00;
08:56:33;4554;49,99;
08:56:36;4558;49,99;
08:56:39;4558;50,00;
08:56:45;4560;50,01;
08:56:48;4564;50,01;
08:56:51;4566;50,01;
08:56:54;4572;50,01;
08:56:57;4566;50,01;
08:57:00;4572;50,01;
08:57:03;4558;50,01;
08:57:06;4578;50,01;
08:57:09;4568;50,00;
08:57:12;4584;50,00;
08:57:15;4580;50,00;
08:57:18;4588;50,00;
08:57:21;4568;50,00;
08:57:24;4592;50,00;
08:57:27;4596;50,00;
08:57:30;4598;50,00;
08:57:33;4600;50,00;
08:57:42;4604;49,99;
08:57:45;4606;49,99;
08:57:48;4584;49,99;
08:57:51;4610;49,99;
08:57:54;4612;49,99;
08:57:57;4614;49,99;
08:58:00;4618;49,99;
08:58:03;4620;50,00;
08:58:09;4624;50,00;
08:58:12;4602;50,00;
08:58:15;4630;50,00;
08:58:18;4630;49,99;
08:58:21;4632;49,99;
08:58:24;4636;49,98;
08:58:30;4640;49,98;
08:58:36;4646;49,98;
08:58:45;4650;49,98;
08:58:48;4652;49,99;
08:58:51;4654;49,99;
08:58:54;4632;49,99;
08:58:57;4658;49,99;
08:59:00;4654;49,99;
08:59:03;4664;50,00;
08:59:06;4666;50,00;
08:59:09;4668;50,00;
08:59:12;4658;50,00;
08:59:15;4672;50,00;
08:59:18;4664;50,00;
08:59:21;4676;50,00;
08:59:24;4658;49,99;
08:59:27;4680;49,99;
08:59:30;4666;49,99;
08:59:33;4688;49,98;
08:59:36;4672;49,98;
08:59:42;4698;49,99;
08:59:45;4702;49,99;
08:59:48;4704;50,00;
08:59:51;4706;50,00;
08:59:54;4712;50,00;
09:00:00;4704;50,00;
09:00:03;4708;50,00;
09:00:06;4718;49,99;
09:00:09;4720;49,99;
09:00:12;4714;49,98;
09:00:15;4726;49,98;
09:00:18;4718;49,99;
09:00:21;4730;50,00;
09:00:24;4734;50,00;
09:00:27;4742;50,00;
09:00:30;4720;50,00;
09:00:33;4740;50,00;
09:00:36;4720;50,00;
09:00:39;4742;50,00;
09:00:42;4724;49,99;
09:00:48;4734;49,99;
09:00:51;4752;49,99;
09:00:54;4734;50,00;
09:00:57;4754;50,00;
09:01:00;4744;50,00;
09:01:03;4760;50,00;
09:01:09;4742;49,99;
09:01:12;4750;50,00;
09:01:15;4768;50,00;
09:01:18;4750;49,99;
09:01:21;4770;49,99;
09:01:24;4760;49,98;
09:01:27;4774;49,98;
09:01:30;4776;49,98;
09:01:33;4778;49,97;
09:01:36;4746;49,97;
09:01:39;4778;49,98;
09:01:42;4772;49,97;
09:01:45;4782;49,97;
09:01:48;4774;49,97;
09:01:54;4776;49,97;
09:01:57;4798;49,98;
09:02:00;4794;49,99;
09:02:03;4796;50,00;
09:02:06;4800;50,00;
09:02:09;4804;50,01;
09:02:12;4806;50,01;
09:02:15;4808;50,00;
09:02:18;4812;50,00;
09:02:21;4804;49,99;
09:02:24;4814;50,00;
09:02:27;4804;49,99;
09:02:30;4820;49,99;
09:02:33;4802;49,98;
09:02:39;4814;49,98;
09:02:42;4828;49,97;
09:02:45;4808;49,98;
09:02:48;4830;49,98;
09:02:51;4822;49,98;
09:02:54;4836;49,99;
09:02:57;4836;49,98;
09:03:00;4818;49,98;
09:03:03;4834;49,99;
09:03:06;4844;49,99;
09:03:09;4810;49,98;
09:03:12;4850;49,98;
09:03:15;4836;49,98;
09:03:18;4850;49,98;
09:03:24;4852;49,98;
09:03:27;4840;49,97;
09:03:30;4854;49,97;
09:03:33;4784;49,96;
09:03:36;4856;49,97;
09:03:39;4848;49,97;
09:03:45;4842;49,98;
09:03:48;4866;49,98;
09:03:51;4858;49,98;
09:03:54;4870;49,98;
09:03:57;4846;49,98;
09:04:00;4876;49,98;
09:04:03;4880;49,97;
09:04:06;4864;49,97;
09:04:09;4866;49,96;
09:04:12;4888;49,97;
09:04:15;4892;49,98;
09:04:18;4894;49,97;
09:04:21;4876;49,97;
09:04:24;4898;49,96;
09:04:27;4900;49,96;
09:04:30;4902;49,96;
09:04:33;4874;49,96;
09:04:36;4910;49,96;
09:04:39;4906;49,97;
09:04:42;4918;49,97;
09:04:45;4894;49,97;
09:04:51;4926;49,97;
09:04:54;4922;49,97;
09:04:57;4934;49,98;
09:05:00;4936;49,98;
09:05:03;4944;49,98;
09:05:06;4970;49,98;
09:05:09;4960;49,99;
09:05:12;4944;49,99;
09:05:15;4970;50,00;
09:05:18;4962;49,99;
09:05:21;4982;50,00;
09:05:24;4966;50,00;
09:05:27;4978;49,99;
09:05:30;4972;49,99;
09:05:33;4988;49,98;
09:05:36;4976;49,98;
09:05:39;4996;49,98;
09:05:42;4976;49,98;
09:05:45;4996;49,99;
09:05:48;4988;49,99;
09:05:51;5002;50,00;
09:05:57;5008;50,00;
09:06:00;4996;50,00;
09:06:03;5014;50,00;
09:06:06;4992;50,00;
09:06:09;5018;50,00;
09:06:12;5004;50,00;
09:06:15;5022;50,00;
09:06:21;5032;49,99;
09:06:24;5040;49,99;
09:06:27;5050;49,99;
09:06:30;5038;49,99;
09:06:33;5060;50,00;
09:06:36;5042;50,01;
09:06:42;5072;50,00;
09:06:45;5082;50,00;
09:06:48;5092;50,00;
09:06:51;5106;50,00;
09:06:54;5068;50,00;
09:06:57;5110;50,00;
09:07:00;5112;50,00;
09:07:06;5078;50,00;
09:07:09;5120;50,00;
09:07:12;5126;49,99;
09:07:15;5118;49,99;
09:07:18;5102;49,98;
09:07:21;5112;49,98;
09:07:24;5130;49,98;
09:07:27;5126;49,98;
09:07:30;5126;49,97;
09:07:33;5104;49,97;
09:07:36;5138;49,97;
09:07:42;5142;49,97;
09:07:48;5146;49,98;
09:07:51;5148;49,97;
09:07:54;5150;49,97;
09:07:57;5112;49,98;
09:08:00;5156;49,98;
09:08:03;5154;49,98;
09:08:06;5158;49,98;
09:08:12;5162;49,98;
09:08:15;5164;49,99;
09:08:18;5166;49,99;
09:08:21;5126;49,99;
09:08:24;5170;49,99;
09:08:27;5170;49,98;
09:08:30;5172;49,98;
09:08:33;5136;49,98;
09:08:36;5180;49,99;
09:08:39;5178;49,99;
09:08:42;5184;49,98;
09:08:45;5144;49,98;
09:08:48;5188;49,98;
09:08:54;5192;49,99;
09:08:57;5154;49,99;
09:09:00;5196;50,00;
09:09:03;5190;50,00;
09:09:06;5202;50,00;
09:09:09;5168;50,01;
09:09:12;5210;50,01;
09:09:15;5212;50,01;
09:09:21;5174;50,01;
09:09:24;5212;50,00;
09:09:27;5208;50,00;
09:09:30;5218;50,00;
09:09:33;5182;50,00;
09:09:36;5220;50,00;
09:09:39;5214;50,00;
09:09:42;5228;50,00;
09:09:45;5192;50,00;
09:09:48;5230;50,00;
09:09:51;5222;50,00;
09:09:54;5236;49,99;
09:10:00;5240;50,00;
09:10:03;5232;50,00;
09:10:06;5244;50,00;
09:10:09;5220;50,00;
09:10:12;5248;50,00;
09:10:15;5238;49,99;
09:10:18;5252;49,99;
09:10:24;5256;49,99;
09:10:27;5250;50,00;
09:10:30;5258;49,99;
09:10:33;5260;49,99;
09:10:36;5264;49,99;
09:10:39;5266;49,99;
09:10:42;5252;49,99;
09:10:45;5268;49,99;
09:10:48;5270;50,00;
09:10:51;5274;50,00;
09:10:54;5276;50,00;
09:10:57;5278;50,00;
09:11:00;5280;50,00;
09:11:06;5282;50,00;
09:11:09;5286;50,00;
09:11:12;5258;50,01;
09:11:15;5292;50,00;
09:11:18;5278;50,00;
09:11:21;5294;50,00;
09:11:24;5264;50,00;
09:11:27;5300;50,01;
09:11:30;5284;50,01;
09:11:33;5302;50,00;
09:11:36;5274;50,00;
09:11:39;5306;50,00;
09:11:42;5292;49,99;
09:11:45;5312;50,00;
09:11:51;5316;50,00;
09:11:54;5300;50,00;
09:11:57;5320;50,00;
09:12:00;5292;50,00;
09:12:03;5324;50,01;
09:12:06;5308;50,01;
09:12:09;5330;50,01;
09:12:15;5332;50,01;
09:12:18;5318;50,01;
09:12:21;5338;50,01;
09:12:24;5332;50,01;
09:12:27;5344;50,01;
09:12:30;5334;50,01;
09:12:33;5338;50,01;
09:12:36;5348;50,01;
09:12:39;5350;50,01;
09:12:42;5352;50,01;
09:12:45;5356;50,01;
09:12:48;5358;50,01;
09:12:51;5362;50,01;
09:12:57;5366;50,01;
09:13:03;5370;50,01;
09:13:06;5350;50,01;
09:13:09;5376;50,02;
09:13:12;5360;50,02;
09:13:15;5368;50,02;
09:13:18;5378;50,02;
09:13:21;5382;50,01;
09:13:24;5378;50,01;
09:13:27;5388;50,01;
09:13:30;5378;50,01;
09:13:33;5392;50,01;
09:13:36;5394;50,01;
09:13:39;5368;50,01;
09:13:42;5398;50,01;
09:13:45;5400;50,00;
09:13:51;5404;50,00;
09:13:57;5408;50,01;
09:14:03;5412;50,01;
09:14:06;5414;50,01;
09:14:09;5416;50,00;
09:14:15;5420;50,00;
09:14:21;5398;50,00;
09:14:24;5424;50,00;
09:14:27;5428;50,00;
09:14:30;5430;50,01;
09:14:33;5432;50,01;
09:14:36;5434;50,01;
09:14:39;5436;50,01;
09:14:45;5412;50,01;
09:14:48;5442;50,01;
09:14:51;5446;50,01;
09:14:54;5448;50,01;
09:15:00;5450;50,01;
09:15:03;5452;50,01;
09:15:09;5456;50,00;
09:15:12;5458;50,00;
09:15:15;5452;50,00;
09:15:18;5460;50,00;
09:15:21;5462;50,00;
09:15:24;5466;49,99;
09:15:27;5462;49,99;
09:15:30;5456;49,99;
09:15:33;5458;49,99;
09:15:36;5456;49,99;
09:15:39;5476;49,99;
09:15:45;5478;49,99;
09:15:48;5480;49,98;
09:15:54;5484;49,98;
09:15:57;5486;49,98;
09:16:00;5490;50,00;
09:16:06;5494;50,00;
09:16:09;5498;50,00;
09:16:12;5468;49,99;
09:16:15;5498;49,99;
09:16:18;5502;49,98;
09:16:21;5504;49,98;
09:16:24;5506;49,98;
09:16:27;5508;49,98;
09:16:30;5512;49,99;
09:16:36;5486;49,99;
09:16:39;5518;49,99;
09:16:42;5520;49,99;
09:16:45;5522;49,99;
09:16:48;5526;50,00;
09:16:54;5528;50,00;
09:17:00;5536;50,00;
09:17:03;5534;50,00;
09:17:06;5538;50,00;
09:17:12;5542;49,99;
09:17:18;5536;49,99;
09:17:21;5538;49,99;
09:17:24;5552;49,99;
09:17:27;5554;49,99;
09:17:30;5556;49,98;
09:17:33;5558;49,98;
09:17:36;5560;49,98;
09:17:42;5546;49,98;
09:17:45;5566;49,97;
09:17:48;5570;49,97;
09:17:51;5572;49,97;
09:17:54;5576;49,98;
09:17:57;5578;49,98;
09:18:00;5580;49,98;
09:18:06;5582;49,99;
09:18:09;5586;49,99;
09:18:12;5588;50,00;
09:18:15;5590;50,00;
09:18:18;5594;50,00;
09:18:21;5594;49,99;
09:18:24;5578;49,99;
09:18:27;5582;49,99;
09:18:30;5598;49,98;
09:18:33;5602;49,98;
09:18:36;5580;49,98;
09:18:39;5606;49,98;
09:18:42;5596;49,98;
09:18:45;5610;49,98;
09:18:48;5612;49,98;
09:18:51;5614;49,98;
09:18:54;5598;49,98;
09:18:57;5622;49,98;
09:19:00;5594;49,99;
09:19:03;5624;50,00;
09:19:06;5608;50,00;
09:19:12;5600;50,00;
09:19:15;5632;49,99;
09:19:18;5614;49,98;
09:19:21;5636;49,98;
09:19:24;5610;49,98;
09:19:27;5642;49,98;
09:19:33;5624;49,98;
09:19:36;5622;49,98;
09:19:39;5652;49,98;
09:19:42;5634;49,98;
09:19:45;5654;49,98;
09:19:48;5632;49,98;
09:19:51;5660;49,98;
09:19:57;5662;49,98;
09:20:00;5638;49,98;
09:20:03;5668;49,98;
09:20:09;5670;49,97;
09:20:12;5672;49,97;
09:20:15;5648;49,97;
09:20:18;5674;49,97;
09:20:21;5682;49,97;
09:20:24;5676;49,97;
09:20:27;5670;49,97;
09:20:30;5682;49,96;
09:20:33;5680;49,97;
09:20:36;5688;49,97;
09:20:39;5692;49,98;
09:20:42;5694;49,98;
09:20:45;5720;49,97;
09:20:48;5712;49,97;
09:20:51;5704;49,97;
09:20:54;5738;49,98;
09:20:57;5718;49,98;
09:21:03;5714;49,99;
09:21:06;5748;50,00;
09:21:09;5734;50,00;
09:21:12;5752;50,00;
09:21:15;5722;50,00;
09:21:18;5756;50,00;
09:21:24;5744;49,99;
09:21:27;5730;49,99;
09:21:30;5762;49,99;
09:21:33;5752;49,98;
09:21:36;5766;49,97;
09:21:39;5734;49,96;
09:21:42;5772;49,97;
09:21:45;5774;49,97;
09:21:48;5778;49,98;
09:21:51;5746;49,97;
09:21:54;5780;49,97;
09:21:57;5768;49,97;
09:22:00;5786;49,97;
09:22:03;5756;49,97;
09:22:09;5778;49,98;
09:22:12;5794;49,99;
09:22:15;5764;49,99;
09:22:18;5800;49,99;
09:22:21;5786;49,98;
09:22:24;5802;49,98;
09:22:27;5804;49,98;
09:22:30;5772;49,98;
09:22:33;5794;49,97;
09:22:36;5812;49,97;
09:22:39;5784;49,97;
09:22:42;5818;49,98;
09:22:45;5804;49,99;
09:22:48;5820;49,99;
09:22:51;5822;50,00;
09:22:54;5824;50,00;
09:22:57;5812;50,00;
09:23:00;5830;50,00;
09:23:03;5802;50,00;
09:23:06;5834;50,00;
09:23:09;5820;50,00;
09:23:15;5814;49,99;
09:23:18;5842;49,99;
09:23:21;5828;49,98;
09:23:24;5852;49,98;
09:23:27;5838;49,99;
09:23:30;5840;49,99;
09:23:33;5856;50,00;
09:23:36;5844;50,00;
09:23:39;5856;50,00;
09:23:42;5836;50,00;
09:23:45;5858;50,00;
09:23:48;5856;50,00;
09:23:51;5868;49,99;
09:23:54;5842;49,99;
09:23:57;5870;49,99;
09:24:00;5856;49,99;
09:24:03;5880;49,99;
09:24:06;5852;49,99;
09:24:09;5884;49,99;
09:24:12;5866;49,99;
09:24:15;5886;50,00;
09:24:21;5888;49,99;
09:24:24;5872;49,99;
09:24:27;5894;49,98;
09:24:30;5868;49,98;
09:24:33;5896;49,98;
09:24:36;5882;49,98;
09:24:39;5900;49,98;
09:24:42;5904;49,98;
09:24:48;5888;49,99;
09:24:51;5910;49,98;
09:24:54;5886;49,99;
09:24:57;5916;49,99;
09:25:00;5898;49,99;
09:25:06;5894;49,99;
09:25:09;5924;49,99;
09:25:12;5908;49,99;
09:25:15;5928;50,00;
09:25:18;5908;49,99;
09:25:21;5932;49,99;
09:25:24;5934;49,99;
09:25:27;5916;49,98;
09:25:30;5926;49,98;
09:25:36;5942;49,98;
09:25:39;5956;49,98;
09:25:42;5960;49,98;
09:25:45;5968;49,98;
09:25:48;5978;49,98;
09:25:51;5954;49,99;
09:25:54;5984;49,99;
09:26:00;6008;49,99;
09:26:03;6010;49,99;
09:26:06;6012;49,98;
09:26:12;6016;49,98;
09:26:15;6018;49,98;
09:26:18;6020;49,98;
09:26:21;5978;49,98;
09:26:24;6024;49,98;
09:26:27;6028;49,98;
09:26:33;6030;49,98;
09:26:36;6034;49,99;
09:26:42;6020;49,99;
09:26:45;6012;50,00;
09:26:48;6046;50,00;
09:26:51;6040;50,00;
09:26:54;6048;50,00;
09:26:57;6002;49,99;
09:27:00;6056;49,99;
09:27:03;6050;49,99;
09:27:06;6058;50,00;
09:27:09;6010;50,00;
09:27:12;6062;50,00;
09:27:18;6068;49,99;
09:27:21;6020;49,99;
09:27:24;6070;49,99;
09:27:27;6068;49,99;
09:27:30;6074;49,99;
09:27:33;6028;49,99;
09:27:36;6078;49,99;
09:27:39;6080;49,99;
09:27:42;6084;49,99;
09:27:45;6036;49,98;
09:27:48;6088;49,98;
09:27:51;6080;49,98;
09:27:54;6092;49,98;
09:27:57;6048;49,98;
09:28:00;6094;49,99;
09:28:03;6086;49,99;
09:28:06;6098;49,99;
09:28:09;6054;49,99;
09:28:12;6104;49,99;
09:28:15;6096;49,99;
09:28:18;6106;49,99;
09:28:24;6112;49,99;
09:28:27;6098;49,99;
09:28:30;6114;49,99;
09:28:33;6092;49,99;
09:28:36;6120;49,99;
09:28:39;6112;50,00;
09:28:42;6122;50,00;
09:28:45;6124;50,00;
09:28:48;6128;50,00;
09:28:51;6124;50,00;
09:28:54;6132;50,00;
09:28:57;6134;50,00;
09:29:00;6138;50,00;
09:29:06;6126;50,00;
09:29:09;6142;50,01;
09:29:12;6104;50,01;
09:29:15;6156;50,01;
09:29:18;6142;50,01;
09:29:21;6154;50,01;
09:29:24;6114;50,01;
09:29:27;6160;50,01;
09:29:30;6158;50,01;
09:29:33;6160;50,00;
09:29:36;6120;50,00;
09:29:39;6164;50,00;
09:29:42;6148;50,00;
09:29:45;6166;50,00;
09:29:48;6126;50,00;
09:29:51;6170;50,00;
09:29:54;6156;50,00;
09:29:57;6172;50,00;
09:30:00;6134;50,00;
09:30:03;6178;50,00;
09:30:06;6162;50,00;
09:30:09;6182;50,00;
09:30:15;6186;50,00;
09:30:18;6172;50,00;
09:30:21;6188;50,00;
09:30:24;6152;50,00;
09:30:27;6194;49,99;
09:30:30;6174;49,99;
09:30:33;6202;49,99;
09:30:36;6198;49,98;
09:30:39;6202;49,98;
09:30:42;6188;49,98;
09:30:45;6208;49,98;
09:30:48;6204;49,98;
09:30:51;6210;49,99;
09:30:54;6206;49,99;
09:30:57;6200;49,99;
09:31:00;6214;49,99;
09:31:03;6216;49,99;
09:31:06;6200;50,00;
09:31:09;6222;50,00;
09:31:12;6188;50,01;
09:31:15;6228;50,01;
09:31:21;6230;50,01;
09:31:24;6198;50,00;
09:31:27;6234;50,00;
09:31:30;6214;50,00;
09:31:33;6236;50,00;
09:31:36;6220;50,00;
09:31:39;6222;50,00;
09:31:42;6238;50,00;
09:31:45;6242;50,00;
09:31:48;6238;50,00;
09:31:51;6244;50,00;
09:31:54;6240;50,00;
09:31:57;6246;50,00;
09:32:00;6248;50,00;
09:32:03;6218;50,00;
09:32:06;6250;50,00;
09:32:09;6256;50,00;
09:32:15;6260;50,01;
09:32:18;6262;50,01;
09:32:21;6262;50,00;
09:32:27;6268;50,00;
09:32:30;6268;49,99;
09:32:33;6270;49,99;
09:32:39;6274;50,00;
09:32:45;6252;50,00;
09:32:48;6276;50,00;
09:32:51;6282;49,99;
09:32:57;6286;49,99;
09:33:00;6288;49,99;
09:33:06;6290;49,99;
09:33:09;6266;50,00;
09:33:12;6292;50,00;
09:33:15;6296;49,99;
09:33:18;6296;49,98;
09:33:21;6300;49,98;
09:33:24;6302;49,97;
09:33:27;6304;49,97;
09:33:33;6310;49,98;
09:33:39;6302;49,97;
09:33:42;6312;49,97;
09:33:45;6298;49,97;
09:33:48;6318;49,98;
09:33:51;6320;49,98;
09:33:54;6302;49,98;
09:33:57;6316;49,98;
09:34:00;6324;49,99;
09:34:03;6326;49,99;
09:34:06;6330;50,00;
09:34:09;6328;50,00;
09:34:12;6330;49,99;
09:34:18;6336;50,00;
09:34:21;6338;50,00;
09:34:24;6342;50,00;
09:34:30;6344;49,99;
09:34:33;6346;49,99;
09:34:36;6322;49,98;
09:34:39;6350;49,98;
09:34:42;6352;49,98;
09:34:45;6354;49,98;
09:34:48;6358;49,98;
09:34:54;6360;49,98;
09:35:00;6332;49,98;
09:35:03;6368;49,98;
09:35:09;6370;49,98;
09:35:12;6372;49,98;
09:35:18;6376;49,97;
09:35:24;6384;49,97;
09:35:30;6388;49,97;
09:35:33;6388;49,98;
09:35:36;6394;49,99;
09:35:42;6374;49,99;
09:35:45;6400;49,99;
09:35:48;6404;49,98;
09:35:51;6402;49,98;
09:35:54;6406;49,98;
09:35:57;6408;49,98;
09:36:03;6412;49,99;
09:36:06;6392;49,99;
09:36:09;6418;49,99;
09:36:12;6420;49,99;
09:36:15;6422;49,99;
09:36:18;6424;49,98;
09:36:21;6426;49,98;
09:36:24;6426;49,97;
09:36:30;6430;49,97;
09:36:33;6428;49,97;
09:36:36;6424;49,97;
09:36:39;6434;49,97;
09:36:42;6432;49,97;
09:36:45;6438;49,97;
09:36:48;6430;49,97;
09:36:51;6420;49,97;
09:36:54;6434;49,97;
09:36:57;6446;49,97;
09:37:00;6416;49,97;
09:37:03;6448;49,97;
09:37:06;6428;49,98;
09:37:09;6454;49,98;
09:37:15;6456;49,98;
09:37:18;6434;49,97;
09:37:21;6462;49,97;
09:37:24;6434;49,97;
09:37:27;6464;49,97;
09:37:30;6442;49,98;
09:37:36;6438;49,98;
09:37:39;6472;49,98;
09:37:42;6450;49,98;
09:37:45;6476;49,98;
09:37:48;6448;49,98;
09:37:51;6480;49,99;
09:37:54;6482;49,99;
09:37:57;6456;49,99;
09:38:00;6454;49,98;
09:38:03;6486;49,98;
09:38:06;6462;49,98;
09:38:09;6490;49,98;
09:38:12;6464;49,97;
09:38:15;6494;49,98;
09:38:21;6496;49,97;
09:38:24;6500;49,97;
09:38:27;6502;49,97;
09:38:33;6508;49,97;
09:38:36;6506;49,97;
09:38:39;6488;49,97;
09:38:42;6500;49,97;
09:38:45;6512;49,97;
09:38:48;6514;49,97;
09:38:51;6498;49,98;
09:38:54;6518;49,98;
09:38:57;6508;49,98;
09:39:00;6524;49,98;
09:39:03;6528;49,98;
09:39:06;6526;49,99;
09:39:09;6502;50,00;
09:39:12;6530;50,00;
09:39:15;6506;50,00;
09:39:18;6532;50,00;
09:39:21;6508;49,99;
09:39:27;6512;49,99;
09:39:30;6540;49,99;
09:39:33;6514;50,00;
09:39:36;6544;50,00;
09:39:39;6522;50,00;
09:39:42;6548;50,00;
09:39:48;6520;50,00;
09:39:51;6532;50,01;
09:39:54;6556;50,01;
09:39:57;6528;50,00;
09:40:00;6558;50,00;
09:40:03;6538;50,00;
09:40:06;6560;50,00;
09:40:09;6562;50,00;
09:40:12;6564;50,00;
09:40:15;6546;50,00;
09:40:18;6570;49,99;
09:40:21;6544;49,99;
09:40:24;6574;49,99;
09:40:27;6556;49,99;
09:40:33;6552;49,99;
09:40:36;6582;49,99;
09:40:39;6562;49,99;
09:40:42;6584;49,99;
09:40:45;6558;49,99;
09:40:48;6588;49,99;
09:40:51;6590;49,99;
09:40:54;6570;49,99;
09:40:57;6564;50,00;
09:41:00;6596;49,99;
09:41:03;6578;49,99;
09:41:06;6600;49,99;
09:41:09;6572;50,00;
09:41:12;6604;50,00;
09:41:18;6608;50,00;
09:41:21;6578;49,99;
09:41:24;6610;49,99;
09:41:27;6596;49,99;
09:41:30;6614;49,99;
09:41:33;6588;49,99;
09:41:39;6612;49,99;
09:41:42;6616;50,00;
09:41:45;6598;50,00;
09:41:48;6620;50,00;
09:41:51;6624;50,00;
09:41:54;6614;50,00;
09:41:57;6630;50,00;
09:42:00;6618;50,00;
09:42:03;6638;50,00;
09:42:06;6620;50,00;
09:42:09;6640;50,00;
09:42:12;6608;50,00;
09:42:15;6644;49,99;
09:42:18;6626;49,99;
09:42:21;6644;49,99;
09:42:24;6618;49,99;
09:42:27;6650;50,00;
09:42:30;6638;50,00;
09:42:33;6652;50,00;
09:42:36;6624;50,00;
09:42:39;6654;49,99;
09:42:45;6642;50,00;
09:42:48;6628;50,00;
09:42:51;6662;50,00;
09:42:54;6654;50,01;
09:42:57;6676;50,01;
09:43:00;6636;50,01;
09:43:03;6668;50,01;
09:43:09;6666;50,00;
09:43:12;6638;49,99;
09:43:15;6668;50,00;
09:43:18;6660;50,00;
09:43:21;6674;50,00;
09:43:24;6630;50,00;
09:43:30;6664;49,99;
09:43:33;6678;49,98;
09:43:36;6638;49,99;
09:43:39;6682;49,99;
09:43:42;6668;50,00;
09:43:45;6690;50,00;
09:43:48;6682;50,00;
09:43:51;6660;50,00;
09:43:54;6692;50,00;
09:43:57;6682;50,00;
09:44:00;6688;50,01;
09:44:03;6662;50,01;
09:44:06;6694;50,01;
09:44:09;6688;50,01;
09:44:12;6702;50,01;
09:44:15;6666;50,01;
09:44:18;6708;50,01;
09:44:21;6692;50,01;
09:44:24;6710;50,00;
09:44:27;6668;50,00;
09:44:30;6716;50,00;
09:44:36;6720;50,00;
09:44:42;6702;50,00;
09:44:45;6728;50,00;
09:44:48;6708;49,99;
09:44:51;6712;49,99;
09:44:54;6728;49,99;
09:44:57;6716;49,98;
09:45:00;6730;49,99;
09:45:03;6706;49,99;
09:45:06;6732;49,99;
09:45:09;6722;49,99;
09:45:12;6740;49,98;
09:45:15;6702;49,98;
09:45:18;6742;49,98;
09:45:21;6722;49,98;
09:45:24;6746;49,98;
09:45:27;6712;49,98;
09:45:30;6750;49,98;
09:45:33;6730;49,98;
09:45:36;6756;49,98;
09:45:45;6738;49,99;
09:45:48;6764;49,99;
09:45:51;6732;49,99;
09:45:54;6766;49,99;
09:45:57;6746;49,99;
09:46:00;6770;49,99;
09:46:03;6772;49,99;
09:46:06;6774;49,99;
09:46:09;6752;49,99;
09:46:12;6778;50,00;
09:46:15;6746;49,99;
09:46:18;6782;49,99;
09:46:21;6760;49,98;
09:46:24;6786;49,99;
09:46:27;6756;49,99;
09:46:30;6788;49,99;
09:46:33;6766;49,99;
09:46:36;6792;49,99;
09:46:39;6766;49,99;
09:46:42;6794;49,99;
09:46:48;6798;49,99;
09:46:51;6788;49,99;
09:46:54;6802;49,99;
09:46:57;6786;49,99;
09:47:00;6804;50,00;
09:47:06;6784;50,00;
09:47:09;6808;49,99;
09:47:12;6812;50,00;
09:47:15;6814;50,00;
09:47:18;6788;50,00;
09:47:21;6818;50,00;
09:47:24;6792;49,99;
09:47:27;6818;50,00;
09:47:33;6826;49,99;
09:47:36;6800;49,99;
09:47:39;6830;49,98;
09:47:42;6808;49,98;
09:47:45;6832;49,99;
09:47:48;6806;49,99;
09:47:51;6836;49,99;
09:47:54;6836;50,00;
09:47:57;6840;50,00;
09:48:00;6814;50,00;
09:48:03;6846;49,99;
09:48:06;6822;49,98;
09:48:09;6848;49,98;
09:48:12;6822;49,98;
09:48:15;6850;49,98;
09:48:18;6830;49,99;
09:48:21;6852;49,98;
09:48:24;6826;49,99;
09:48:27;6856;49,98;
09:48:30;6834;49,98;
09:48:33;6862;49,98;
09:48:42;6848;49,98;
09:48:45;6868;49,97;
09:48:48;6838;49,98;
09:48:51;6870;49,97;
09:48:54;6864;49,97;
09:48:57;6862;49,98;
09:49:00;6874;49,98;
09:49:03;6880;49,98;
09:49:06;6882;49,99;
09:49:09;6884;49,98;
09:49:12;6848;49,98;
09:49:15;6888;49,99;
09:49:18;6870;49,99;
09:49:21;6888;49,99;
09:49:24;6860;49,99;
09:49:27;6894;49,99;
09:49:30;6880;49,98;
09:49:33;6896;49,98;
09:49:36;6868;49,98;
09:49:39;6898;49,98;
09:49:45;6904;49,99;
09:49:48;6872;49,99;
09:49:51;6906;49,99;
09:49:54;6902;50,00;
09:49:57;6908;50,00;
09:50:00;6890;50,00;
09:50:03;6900;50,00;
09:50:06;6910;50,00;
09:50:09;6912;50,00;
09:50:12;6908;50,00;
09:50:15;6916;50,00;
09:50:18;6920;50,00;
09:50:21;6922;50,00;
09:50:24;6924;50,00;
09:50:27;6892;49,99;
09:50:30;6924;49,99;
09:50:33;6928;49,99;
09:50:36;6928;50,00;
09:50:39;6932;50,00;
09:50:42;6930;50,00;
09:50:45;6932;50,00;
09:50:51;6938;50,00;
09:50:54;6940;50,00;
09:50:57;6940;50,01;
09:51:00;6942;50,01;
09:51:03;6944;50,00;
09:51:06;6946;50,00;
09:51:09;6938;50,00;
09:51:12;6950;50,00;
09:51:15;6948;50,00;
09:51:18;6950;50,00;
09:51:21;6952;50,01;
09:51:24;6954;50,00;
09:51:27;6958;50,00;
09:51:33;6954;50,00;
09:51:36;6962;49,99;
09:51:39;6964;49,99;
09:51:45;6962;50,00;
09:51:48;6968;50,00;
09:51:51;6930;50,00;
09:51:54;6960;50,00;
09:51:57;6970;50,00;
09:52:00;6974;50,00;
09:52:03;6956;50,00;
09:52:06;6976;50,00;
09:52:09;6972;50,00;
09:52:12;6982;50,00;
09:52:15;6982;49,99;
09:52:18;6938;49,98;
09:52:21;6988;49,98;
09:52:24;6984;49,98;
09:52:27;6986;49,98;
09:52:30;6988;49,98;
09:52:33;6990;49,99;
09:52:36;6994;50,00;
09:52:42;6998;49,99;
09:52:48;7000;50,00;
09:52:51;7002;50,00;
09:52:57;7004;50,00;
09:53:00;6996;50,00;
09:53:03;7006;50,00;
09:53:06;7010;50,00;
09:53:12;7014;50,00;
09:53:15;7016;50,00;
09:53:21;7014;50,00;
09:53:24;7010;50,01;
09:53:27;7022;50,01;
09:53:30;7026;50,01;
09:53:33;7022;50,01;
09:53:36;7028;50,01;
09:53:39;7032;50,00;
09:53:42;7034;50,00;
09:53:48;7038;50,00;
09:53:51;7040;50,00;
09:53:54;7042;50,00;
09:53:57;7044;50,00;
09:54:00;7046;50,01;
09:54:06;7006;50,01;
09:54:09;7050;50,01;
09:54:12;7052;50,01;
09:54:15;7054;50,01;
09:54:18;7052;50,00;
09:54:21;7058;50,00;
09:54:27;7062;50,00;
09:54:30;7018;50,00;
09:54:33;7066;50,00;
09:54:39;7068;50,00;
09:54:42;7072;50,00;
09:54:45;7076;50,00;
09:54:48;7080;50,00;
09:54:54;7072;49,99;
09:54:57;7082;49,99;
09:55:00;7084;50,00;
09:55:06;7062;50,00;
09:55:09;7088;50,00;
09:55:12;7082;50,00;
09:55:15;7088;50,00;
09:55:18;7052;49,99;
09:55:21;7094;49,99;
09:55:24;7084;50,00;
09:55:27;7094;50,00;
09:55:30;7056;50,00;
09:55:33;7098;50,00;
09:55:36;7100;50,00;
09:55:42;7060;50,00;
09:55:45;7104;50,00;
09:55:48;7094;50,00;
09:55:51;7106;50,00;
09:55:54;7072;50,00;
09:56:00;7102;50,00;
09:56:03;7114;50,01;
09:56:06;7076;50,00;
09:56:09;7116;50,00;
09:56:12;7110;50,00;
09:56:15;7120;50,00;
09:56:18;7120;49,99;
09:56:21;7082;50,00;
09:56:24;7128;49,99;
09:56:27;7130;50,00;
09:56:30;7132;49,99;
09:56:33;7136;50,00;
09:56:36;7134;50,00;
09:56:39;7136;50,00;
09:56:45;7140;50,00;
09:56:48;7138;50,00;
09:56:51;7144;50,01;
09:56:54;7142;50,00;
09:56:57;7136;50,00;
09:57:00;7144;50,00;
09:57:03;7132;50,00;
09:57:06;7148;50,00;
09:57:09;7128;50,00;
09:57:12;7152;50,00;
09:57:15;7154;49,99;
09:57:18;7158;49,99;
09:57:21;7124;49,98;
09:57:24;7158;49,99;
09:57:27;7162;49,99;
09:57:30;7162;50,00;
09:57:33;7130;50,00;
09:57:36;7164;50,00;
09:57:39;7158;50,00;
09:57:42;7172;50,00;
09:57:45;7140;50,00;
09:57:51;7176;50,00;
09:57:57;7170;50,00;
09:58:00;7178;50,00;
09:58:03;7182;50,00;
09:58:06;7184;50,00;
09:58:09;7174;50,00;
09:58:12;7166;49,99;
09:58:15;7182;49,99;
09:58:18;7190;49,99;
09:58:21;7162;50,00;
09:58:24;7194;50,00;
09:58:27;7180;50,00;
09:58:30;7196;50,00;
09:58:36;7200;50,00;
09:58:39;7184;50,00;
09:58:42;7202;50,00;
09:58:45;7172;50,00;
09:58:48;7202;50,00;
09:58:51;7188;50,00;
09:58:57;7178;50,00;
09:59:00;7206;50,00;
09:59:03;7194;50,00;
09:59:06;7210;50,00;
09:59:09;7182;50,00;
09:59:12;7214;49,99;
09:59:18;7198;49,99;
09:59:21;7190;49,98;
09:59:24;7220;49,98;
09:59:27;7204;49,98;
09:59:30;7222;49,98;
09:59:33;7198;49,98;
09:59:36;7226;49,98;
09:59:39;7212;49,98;
09:59:42;7162;49,98;
09:59:45;7202;49,98;
09:59:48;7230;49,98;
09:59:51;7220;49,99;
09:59:54;7236;49,99;
09:59:57;7216;50,00;
10:00:03;7226;50,00;
10:00:06;7242;50,00;
10:00:09;7234;49,99;
10:00:12;7252;49,99;
10:00:15;7242;49,98;
10:00:18;7240;49,98;
10:00:21;7254;49,98;
10:00:27;7258;49,98;
10:00:30;7232;49,99;
10:00:33;7260;50,00;
10:00:36;7236;50,00;
10:00:39;7262;50,00;
10:00:42;7248;50,00;
10:00:45;7266;50,01;
10:00:48;7244;50,01;
10:00:51;7274;50,01;
10:00:54;7260;50,01;
10:00:57;7276;50,01;
10:01:00;7252;50,01;
10:01:03;7282;50,01;
10:01:06;7280;50,01;
10:01:09;7266;50,01;
10:01:12;7134;50,01;
10:01:15;7272;50,01;
10:01:18;7290;50,02;
10:01:21;7278;50,02;
10:01:24;7268;50,02;
10:01:27;7296;50,02;
10:01:33;7300;50,01;
10:01:36;7274;50,01;
10:01:39;7306;50,01;
10:01:42;7292;50,01;
10:01:45;7306;50,01;
10:01:48;7284;50,01;
10:01:54;7294;50,01;
10:01:57;7312;50,01;
10:02:00;7300;50,01;
10:02:03;7312;50,01;
10:02:06;7302;50,01;
10:02:09;7322;50,01;
10:02:15;7302;50,01;
10:02:18;7310;50,01;
10:02:21;7328;50,02;
10:02:24;7308;50,01;
10:02:27;7334;50,01;
10:02:30;7320;50,01;
10:02:33;7336;50,00;
10:02:36;7338;50,00;
10:02:39;7342;50,00;
10:02:42;7322;50,00;
10:02:45;7342;50,00;
10:02:48;7322;50,00;
10:02:51;7346;50,00;
10:02:54;7326;50,00;
10:03:00;7296;50,00;
10:03:03;7342;50,00;
10:03:06;7332;50,00;
10:03:09;7354;50,00;
10:03:12;7346;50,00;
10:03:15;7340;49,99;
10:03:18;7356;49,99;
10:03:21;7348;49,99;
10:03:24;7362;49,99;
10:03:27;7338;50,00;
10:03:30;7366;50,00;
10:03:33;7316;50,00;
10:03:36;7370;50,00;
10:03:39;7348;49,99;
10:03:42;7374;49,99;
10:03:45;7354;49,99;
10:03:48;7378;50,00;
10:03:51;7360;49,99;
10:03:54;7382;49,99;
10:03:57;7360;49,99;
10:04:00;7384;49,99;
10:04:06;7386;50,00;
10:04:09;7366;50,00;
10:04:12;7390;50,00;
10:04:15;7370;50,00;
10:04:18;7394;49,99;
10:04:21;7370;49,99;
10:04:24;7394;49,99;
10:04:27;7398;49,99;
10:04:30;7404;49,98;
10:04:33;7376;49,98;
10:04:36;7406;49,98;
10:04:39;7382;49,98;
10:04:42;7408;49,98;
10:04:45;7382;49,98;
10:04:48;7412;49,98;
10:04:51;7388;49,98;
10:04:54;7416;49,98;
10:04:57;7394;49,99;
10:05:00;7418;49,99;
10:05:03;7394;50,00;
10:05:06;7422;49,99;
10:05:12;7428;49,99;
10:05:15;7412;49,99;
10:05:18;7430;50,00;
10:05:21;7432;50,00;
10:05:24;7416;50,00;
10:05:27;7432;50,00;
10:05:30;7420;50,00;
10:05:33;7438;50,00;
10:05:36;7416;50,00;
10:05:39;7442;50,00;
10:05:42;7418;50,00;
10:05:45;7448;50,00;
10:05:48;7430;50,00;
10:05:51;7460;50,01;
10:05:57;7452;50,03;
10:06:00;7434;50,03;
10:06:03;7458;50,03;
10:06:06;7432;50,03;
10:06:09;7460;50,03;
10:06:12;7438;50,03;
10:06:15;7462;50,03;
10:06:18;7462;50,02;
10:06:21;7468;50,01;
10:06:24;7446;50,01;
10:06:27;7466;50,01;
10:06:30;7454;50,01;
10:06:33;7474;50,01;
10:06:36;7456;50,01;
10:06:39;7478;50,00;
10:06:42;7454;50,00;
10:06:45;7484;50,01;
10:06:48;7462;50,01;
10:06:51;7490;50,02;
10:06:54;7464;50,02;
10:06:57;7494;50,02;
10:07:03;7496;50,01;
10:07:06;7470;50,01;
10:07:09;7498;50,01;
10:07:12;7478;50,01;
10:07:15;7502;50,00;
10:07:18;7476;50,00;
10:07:21;7506;50,00;
10:07:24;7508;50,00;
10:07:27;7510;50,00;
10:07:30;7484;50,00;
10:07:33;7514;50,00;
10:07:36;7498;50,00;
10:07:39;7520;49,99;
10:07:42;7494;49,99;
10:07:45;7522;49,99;
10:07:48;7506;50,00;
10:07:51;7528;50,01;
10:07:54;7492;50,01;
10:07:57;7534;50,01;
10:08:00;7518;50,01;
10:08:03;7538;50,01;
10:08:09;7508;50,01;
10:08:33;7548;50,01;
10:08:39;7550;50,01;
10:08:42;7552;50,01;
10:08:45;7554;50,01;
10:08:48;7552;50,01;
10:08:51;7538;50,01;
10:08:54;7556;50,01;
10:08:57;7558;50,01;
10:09:00;7558;50,02;
10:09:03;7560;50,02;
10:09:09;7558;50,02;
10:09:15;7574;50,02;
10:09:18;7574;50,01;
10:09:21;7544;50,01;
10:09:24;7550;50,01;
10:09:27;7570;50,02;
10:09:33;7542;50,02;
10:09:36;7574;50,02;
10:09:39;7574;50,01;
10:09:42;7578;50,01;
10:09:45;7580;50,02;
10:09:48;7578;50,01;
10:09:51;7582;50,02;
10:09:54;7584;50,01;
10:10:03;7572;50,02;
10:10:06;7590;50,01;
10:10:09;7560;50,01;
10:10:12;7592;50,01;
10:10:15;7590;50,00;
10:10:18;7588;50,01;
10:10:21;7594;50,01;
10:10:24;7598;50,00;
10:10:27;7600;50,00;
10:10:33;7574;50,00;
10:10:36;7606;49,99;
10:10:39;7594;49,99;
10:10:42;7608;50,00;
10:10:45;7580;50,00;
10:10:48;7616;50,00;
10:10:51;7602;50,00;
10:10:54;7618;50,00;
10:10:57;7586;50,00;
10:11:00;7620;50,01;
10:11:06;7624;50,01;
10:11:09;7592;50,01;
10:11:12;7626;50,01;
10:11:15;7624;50,01;
10:11:18;7628;50,00;
10:11:21;7610;50,00;
10:11:24;7618;50,00;
10:11:27;7628;50,00;
10:11:30;7632;50,00;
10:11:33;7628;50,00;
10:11:36;7636;50,00;
10:11:42;7638;49,99;
10:11:45;7638;50,00;
10:11:48;7606;50,00;
10:11:51;7642;50,00;
10:11:57;7644;50,00;
10:12:00;7646;50,00;
10:12:03;7648;50,01;
10:12:06;7650;50,01;
10:12:12;7650;50,00;
10:12:15;7652;50,00;
10:12:18;7654;50,00;
10:12:21;7656;50,00;
10:12:24;7662;50,00;
10:12:27;7664;50,00;
10:12:30;7654;50,00;
10:12:33;7664;50,00;
10:12:36;7670;50,00;
10:12:42;7674;50,00;
10:12:45;7676;50,01;
10:12:48;7678;50,01;
10:12:54;7668;50,01;
10:12:57;7680;50,01;
10:13:00;7684;50,00;
10:13:03;7684;50,01;
10:13:09;7688;50,01;
10:13:12;7692;50,00;
10:13:18;7688;50,00;
10:13:21;7696;50,00;
10:13:24;7686;50,00;
10:13:27;7698;49,99;
10:13:30;7692;50,00;
10:13:33;7704;50,00;
10:13:36;7682;50,01;
10:13:39;7680;50,01;
10:13:42;7698;50,01;
10:13:45;7710;50,01;
10:13:48;7680;50,00;
10:13:51;7712;50,00;
10:13:54;7706;50,00;
10:13:57;7718;50,00;
10:14:03;7720;50,00;
10:14:06;7716;50,01;
10:14:09;7728;50,01;
10:14:12;7698;50,02;
10:14:15;7730;50,02;
10:14:18;7722;50,01;
10:14:24;7732;50,01;
10:14:27;7736;50,01;
10:14:33;7738;50,01;
10:14:36;7736;50,01;
10:14:39;7742;50,01;
10:14:45;7734;50,01;
10:14:48;7746;50,01;
10:14:54;7748;50,01;
10:14:57;7750;50,01;
10:15:03;7752;50,01;
10:15:09;7756;50,01;
10:15:15;7758;50,01;
10:15:21;7758;50,00;
10:15:24;7760;50,00;
10:15:27;7730;50,00;
10:15:30;7762;50,00;
10:15:33;7764;49,99;
10:15:36;7766;49,98;
10:15:45;7770;49,98;
10:15:51;7738;49,98;
10:15:54;7774;49,98;
10:15:57;7776;49,98;
10:16:00;7778;49,98;
10:16:03;7780;49,98;
10:16:09;7786;49,98;
10:16:15;7778;49,98;
10:16:18;7788;49,98;
10:16:21;7792;49,98;
10:16:27;7774;49,98;
10:16:30;7796;49,98;
10:16:33;7788;49,98;
10:16:36;7792;49,98;
10:16:39;7768;49,97;
10:16:42;7800;49,97;
10:16:45;7788;49,97;
10:16:48;7800;49,97;
10:16:51;7772;49,97;
10:16:54;7804;49,97;
10:16:57;7808;49,96;
10:17:00;7808;49,97;
10:17:03;7778;49,97;
10:17:06;7812;49,98;
10:17:09;7798;49,98;
10:17:12;7814;49,98;
10:17:15;7788;49,98;
10:17:21;7796;49,97;
10:17:24;7812;49,97;
10:17:27;7788;49,98;
10:17:30;7814;49,98;
10:17:33;7802;49,98;
10:17:36;7818;49,98;
10:17:42;7794;49,98;
10:17:45;7804;49,99;
10:17:48;7824;50,00;
10:17:51;7802;50,00;
10:17:54;7828;50,00;
10:17:57;7812;50,00;
10:18:00;7830;50,00;
10:18:06;7832;49,99;
10:18:09;7814;49,99;
10:18:12;7834;50,00;
10:18:15;7820;50,00;
10:18:18;7828;50,00;
10:18:21;7818;49,99;
10:18:27;7836;49,98;
10:18:30;7826;49,98;
10:18:33;7832;49,97;
10:18:36;7834;49,98;
10:18:39;7848;49,99;
10:18:42;7826;49,99;
10:18:45;7848;50,00;
10:18:51;7858;50,00;
10:18:54;7834;50,00;
10:18:57;7854;50,00;
10:19:00;7836;50,00;
10:19:03;7858;50,00;
10:19:06;7840;50,00;
10:19:12;7862;50,00;
10:19:15;7864;50,00;
10:19:18;7858;49,99;
10:19:21;7866;49,98;
10:19:27;7868;49,98;
10:19:30;7866;49,98;
10:19:33;7858;49,98;
10:19:36;7864;49,98;
10:19:39;7876;49,99;
10:19:42;7856;49,99;
10:19:45;7878;49,98;
10:19:48;7862;49,98;
10:19:51;7882;49,98;
10:19:54;7884;49,99;
10:19:57;7886;49,98;
10:20:00;7866;49,99;
10:20:03;7888;49,99;
10:20:06;7872;50,00;
10:20:09;7892;50,00;
10:20:12;7876;49,99;
10:20:18;7878;49,98;
10:20:21;7900;49,98;
10:20:24;7880;49,98;
10:20:27;7902;49,98;
10:20:30;7886;49,98;
10:20:33;7904;49,98;
10:20:36;7906;49,98;
10:20:39;7886;49,98;
10:20:42;7890;49,98;
10:20:45;7910;49,98;
10:20:48;7888;49,99;
10:20:51;7912;49,99;
10:20:54;7896;49,99;
10:20:57;7918;49,98;
10:21:00;7918;49,99;
10:21:03;7920;49,99;
10:21:06;7902;49,98;
10:21:09;7924;49,98;
10:21:12;7902;49,99;
10:21:15;7918;49,99;
10:21:18;7920;50,00;
10:21:24;7914;50,00;
10:21:27;7930;49,99;
10:21:30;7932;49,99;
10:21:33;7922;49,99;
10:21:36;7926;49,99;
10:21:42;7938;49,99;
10:21:45;7942;49,99;
10:21:48;7940;49,99;
10:21:51;7918;49,99;
10:21:54;7942;49,98;
10:21:57;7926;49,98;
10:22:00;7942;49,99;
10:22:03;7920;49,99;
10:22:06;7944;49,98;
10:22:09;7932;49,98;
10:22:12;7948;49,99;
10:22:15;7922;49,99;
10:22:18;7950;50,00;
10:22:21;7936;50,00;
10:22:24;7956;50,00;
10:22:30;7956;49,99;
10:22:33;7944;50,00;
10:22:36;7960;50,00;
10:22:39;7936;50,00;
10:22:42;7966;50,00;
10:22:45;7952;50,00;
10:22:48;7968;50,00;
10:22:57;7958;50,00;
10:23:00;7972;50,00;
10:23:03;7944;50,00;
10:23:06;7986;50,01;
10:23:09;7980;50,01;
10:23:12;7996;50,01;
10:23:15;7948;50,01;
10:23:18;7978;50,01;
10:23:21;7974;50,01;
10:23:24;7980;50,01;
10:23:27;7956;50,01;
10:23:30;7984;50,01;
10:23:36;7986;50,01;
10:23:39;7962;50,02;
10:23:42;7990;50,02;
10:23:45;7982;50,02;
10:23:48;7992;50,02;
10:23:51;7968;50,01;
10:23:54;7998;50,01;
10:23:57;8000;50,02;
10:24:00;8004;50,03;
10:24:03;7976;50,02;
10:24:06;8006;50,02;
10:24:09;7998;50,01;
10:24:12;8008;50,01;
10:24:15;7982;50,01;
10:24:21;8008;50,01;
10:24:24;8010;50,01;
10:24:27;7976;50,01;
10:24:30;8012;50,00;
10:24:33;8020;50,00;
10:24:36;8012;50,00;
10:24:39;8020;50,00;
10:24:42;8008;50,00;
10:24:45;8026;50,00;
10:24:48;8014;50,00;
10:24:51;8028;50,00;
10:24:54;7992;50,00;
10:24:57;8032;50,00;
10:25:00;8022;50,01;
10:25:03;8034;50,01;
10:25:06;8002;50,00;
10:25:09;8038;50,00;
10:25:12;8030;49,99;
10:25:15;8040;49,99;
10:25:18;8010;49,99;
10:25:21;8044;49,98;
10:25:27;8046;49,98;
10:25:30;8012;49,98;
10:25:33;8050;49,99;
10:25:36;8040;49,99;
10:25:39;8050;50,00;
10:25:42;8020;50,00;
10:25:45;8052;50,00;
10:25:51;8052;50,01;
10:25:54;8024;50,01;
10:25:57;8056;50,01;
10:26:00;8046;50,01;
10:26:03;8056;50,01;
10:26:06;8024;50,01;
10:26:09;8058;50,00;
10:26:12;8054;50,01;
10:26:15;8062;50,00;
10:26:18;8030;50,00;
10:26:21;8066;50,01;
10:26:24;8068;50,01;
10:26:27;8070;50,01;
10:26:33;8070;50,00;
10:26:36;8074;50,00;
10:26:39;8072;50,00;
10:26:42;8060;50,00;
10:26:45;8072;50,00;
10:26:48;8080;50,00;
10:26:51;8068;50,00;
10:26:54;8080;50,00;
10:26:57;8082;50,00;
10:27:00;8080;50,00;
10:27:03;8082;50,00;
10:27:06;8084;50,00;
10:27:09;8086;50,00;
10:27:12;8088;50,00;
10:27:15;8078;50,00;
10:27:18;8090;50,00;
10:27:27;8092;50,00;
10:27:30;8094;50,00;
10:27:39;8100;50,00;
10:27:42;8102;50,00;
10:27:48;8106;50,00;
10:27:51;8110;50,00;
10:27:57;8082;50,00;
10:28:00;8114;49,99;
10:28:03;8104;50,00;
10:28:06;8118;50,00;
10:28:09;8090;50,00;
10:28:12;8120;50,00;
10:28:15;8110;50,00;
10:28:18;8126;50,00;
10:28:24;8130;50,00;
10:28:27;8116;49,99;
10:28:30;8136;49,99;
10:28:33;8106;49,99;
10:28:36;8140;50,00;
10:28:39;8126;50,00;
10:28:42;8142;50,00;
10:28:45;8144;50,00;
10:28:48;8148;50,00;
10:28:51;8134;50,00;
10:28:54;8150;50,00;
10:28:57;8122;50,01;
10:29:00;8150;50,01;
10:29:03;8138;50,01;
10:29:06;8152;50,01;
10:29:09;8128;50,01;
10:29:12;8156;50,01;
10:29:15;8144;50,01;
10:29:18;8160;50,01;
10:29:21;8134;50,01;
10:29:24;8160;50,01;
10:29:30;8164;50,01;
10:29:33;8152;50,01;
10:29:36;8166;50,01;
10:29:39;8158;50,01;
10:29:42;8166;50,01;
10:29:48;8146;50,02;
10:29:51;8170;50,02;
10:29:54;8172;50,02;
10:30:00;8174;50,01;
10:30:06;8176;50,01;
10:30:09;8174;50,01;
10:30:12;8148;50,01;
10:30:15;8178;50,01;
10:30:18;8180;50,00;
10:30:24;8182;49,99;
10:30:30;8184;49,99;
10:30:36;8186;49,98;
10:30:39;8190;49,98;
10:30:42;8190;49,99;
10:30:45;8190;50,00;
10:30:51;8192;50,00;
10:30:54;8178;50,00;
10:30:57;8192;50,00;
10:31:00;8196;50,01;
10:31:03;8196;50,00;
10:31:06;8200;50,01;
10:31:09;8200;50,00;
10:31:12;8204;50,00;
10:31:18;8192;49,99;
10:31:21;8208;49,98;
10:31:27;8212;49,99;
10:31:30;8216;49,99;
10:31:33;8212;49,99;
10:31:36;8204;49,99;
10:31:42;8216;49,99;
10:31:45;8220;49,99;
10:31:48;8200;49,99;
10:31:51;8220;50,00;
10:31:54;8216;50,00;
10:31:57;8224;50,00;
10:32:00;8228;50,00;
10:32:03;8200;50,00;
10:32:06;8232;50,00;
10:32:12;8236;50,00;
10:32:18;8240;50,00;
10:32:24;8216;50,00;
10:32:27;8244;49,99;
10:32:30;8248;49,99;
10:32:33;8244;49,98;
10:32:36;8236;49,98;
10:32:39;8252;49,98;
10:32:42;8244;49,98;
10:32:45;8252;49,99;
10:32:48;8256;49,99;
10:32:51;8260;50,00;
10:32:54;8256;50,00;
10:32:57;8260;50,00;
10:33:00;8264;50,00;
10:33:03;8268;50,00;
10:33:06;8264;50,00;
10:33:09;8252;50,00;
10:33:12;8268;50,00;
10:33:15;8272;50,00;
10:33:18;8276;50,00;
10:33:33;8280;50,00;
10:33:42;8280;49,99;
10:33:45;8284;49,98;
10:33:51;8260;49,98;
10:33:54;8288;49,98;
10:33:57;8292;49,98;
10:34:00;8292;49,99;
10:34:03;8296;50,00;
10:34:09;8296;50,01;
10:34:15;8276;50,00;
10:34:18;8300;50,00;
10:34:21;8300;50,01;
10:34:24;8304;50,01;
10:34:30;8304;50,00;
10:34:33;8308;50,00;
10:34:39;8296;50,00;
10:34:42;8308;49,99;
10:34:51;8292;49,99;
10:34:54;8316;50,00;
10:34:57;8312;50,00;
10:35:00;8304;50,00;
10:35:03;8296;50,01;
10:35:06;8316;50,01;
10:35:09;8304;50,01;
10:35:12;8320;50,01;
10:35:15;8296;50,00;
10:35:18;8320;50,00;
10:35:21;8324;50,00;
10:35:24;8328;50,00;
10:35:27;8300;50,00;
10:35:30;8328;50,00;
10:35:33;8312;50,00;
10:35:36;8332;50,00;
10:35:39;8308;50,00;
10:35:45;8316;50,00;
10:35:48;8336;50,00;
10:35:51;8312;50,01;
10:35:54;8340;50,01;
10:35:57;8320;50,01;
10:36:00;8340;50,01;
10:36:06;8316;50,01;
10:36:09;8324;50,02;
10:36:12;8344;50,02;
10:36:15;8320;50,01;
10:36:18;8340;50,01;
10:36:21;8328;50,01;
10:36:24;8348;50,01;
10:36:30;8348;50,02;
10:36:33;8336;50,02;
10:36:36;8352;50,01;
10:36:39;8328;50,01;
10:36:42;8352;50,00;
10:36:45;8336;50,01;
10:36:54;8360;50,01;
10:36:57;8340;50,01;
10:37:00;8364;50,01;
10:37:03;8340;50,01;
10:37:06;8364;50,01;
10:37:09;8368;50,01;
10:37:12;8352;50,01;
10:37:15;8372;50,01;
10:37:21;8372;50,02;
10:37:27;8376;50,01;
10:37:36;8380;50,02;
10:37:39;8380;50,01;
10:37:42;8372;50,01;
10:37:45;8384;50,01;
10:37:48;8380;50,01;
10:37:51;8384;50,01;
10:37:57;8364;50,01;
10:38:00;8376;50,01;
10:38:03;8388;50,01;
10:38:06;8368;50,01;
10:38:09;8392;50,00;
10:38:12;8372;50,00;
10:38:15;8392;50,00;
10:38:18;8396;50,00;
10:38:21;8396;50,01;
10:38:24;8376;50,01;
10:38:27;8396;50,00;
10:38:30;8376;50,01;
10:38:33;8396;50,01;
10:38:36;8380;50,01;
10:38:42;8376;50,00;
10:38:45;8400;50,00;
10:38:48;8384;50,00;
10:38:51;8404;50,00;
10:38:54;8388;50,00;
10:38:57;8412;50,00;
10:39:00;8412;50,01;
10:39:03;8392;50,01;
10:39:09;8416;50,02;
10:39:12;8404;50,01;
10:39:15;8420;50,01;
10:39:18;8396;50,00;
10:39:21;8424;50,00;
10:39:27;8428;50,01;
10:39:30;8408;50,01;
10:39:33;8432;50,01;
10:39:36;8408;50,01;
10:39:39;8432;50,01;
10:39:42;8416;50,01;
10:39:48;8420;50,01;
10:39:51;8428;50,01;
10:39:54;8432;50,01;
10:39:57;8412;50,01;
10:40:00;8428;50,01;
10:40:03;8420;50,01;
10:40:06;8436;50,01;
10:40:12;8440;50,01;
10:40:15;8420;50,01;
10:40:18;8440;50,01;
10:40:21;8412;50,01;
10:40:24;8424;50,01;
10:40:27;8444;50,00;
10:40:33;8448;50,00;
10:40:36;8428;50,00;
10:40:39;8456;50,00;
10:40:42;8448;50,01;
10:40:48;8444;50,02;
10:40:54;8464;50,02;
10:40:57;8444;50,02;
10:41:00;8416;50,02;
10:41:03;8452;50,02;
10:41:06;8464;50,02;
10:41:09;8444;50,02;
10:41:12;8464;50,01;
10:41:18;8468;50,00;
10:41:21;8448;50,00;
10:41:24;8472;50,00;
10:41:27;8460;50,00;
10:41:30;8476;50,00;
10:41:33;8444;50,00;
10:41:39;8464;50,01;
10:41:42;8480;50,01;
10:41:45;8452;50,00;
10:41:48;8484;50,00;
10:41:51;8476;50,00;
10:41:54;8488;50,00;
10:41:57;8488;49,99;
10:42:00;8460;49,99;
10:42:03;8480;50,00;
10:42:06;8492;50,00;
10:42:09;8460;50,00;
10:42:12;8492;49,99;
10:42:15;8480;49,99;
10:42:18;8496;49,99;
10:42:27;8488;49,99;
10:42:30;8500;49,99;
10:42:33;8472;49,98;
10:42:36;8504;49,98;
10:42:39;8500;49,98;
10:42:45;8484;49,98;
10:42:48;8504;49,99;
10:42:51;8508;49,99;
10:42:54;8500;50,00;
10:43:00;8496;50,00;
10:43:03;8516;50,00;
10:43:06;8520;49,99;
10:43:09;8520;50,00;
10:43:12;8488;50,00;
10:43:15;8520;50,00;
10:43:18;8512;50,00;
10:43:21;8520;50,00;
10:43:24;8488;50,00;
10:43:27;8520;50,00;
10:43:30;8512;50,00;
10:43:33;8524;50,00;
10:43:36;8492;50,00;
10:43:39;8524;50,00;
10:43:42;8516;50,00;
10:43:45;8528;50,00;
10:43:54;8516;50,01;
10:43:57;8528;50,01;
10:44:00;8496;50,01;
10:44:03;8528;50,01;
10:44:06;8520;50,00;
10:44:09;8532;50,01;
10:44:12;8528;50,01;
10:44:15;8536;50,01;
10:44:18;8524;50,01;
10:44:21;8536;50,01;
10:44:24;8504;50,01;
10:44:27;8540;50,01;
10:44:30;8528;50,01;
10:44:33;8540;50,01;
10:44:36;8504;50,01;
10:44:39;8540;50,01;
10:44:42;8532;50,01;
10:44:45;8540;50,00;
10:44:48;8508;50,00;
10:44:51;8544;50,00;
10:44:57;8548;50,00;
10:45:00;8512;50,00;
10:45:03;8552;50,00;
10:45:06;8544;50,00;
10:45:09;8556;50,00;
10:45:12;8528;50,00;
10:45:15;8560;50,00;
10:45:18;8564;50,00;
10:45:21;8568;49,99;
10:45:24;8536;49,98;
10:45:27;8572;49,98;
10:45:30;8564;49,98;
10:45:33;8572;49,97;
10:45:36;8540;49,97;
10:45:39;8576;49,98;
10:45:42;8576;49,97;
10:45:45;8580;49,98;
10:45:48;8556;49,98;
10:45:51;8584;49,98;
10:45:54;8584;49,99;
10:46:03;8592;50,00;
10:46:09;8580;50,00;
10:46:12;8592;50,00;
10:46:15;8560;50,00;
10:46:18;8592;50,00;
10:46:21;8584;50,00;
10:46:24;8592;49,99;
10:46:27;8560;49,99;
10:46:30;8596;49,99;
10:46:33;8588;49,99;
10:46:36;8600;49,99;
10:46:39;8564;49,99;
10:46:42;8600;49,99;
10:46:51;8568;49,99;
10:46:54;8604;49,99;
10:46:57;8592;49,99;
10:47:00;8604;49,99;
10:47:03;8572;49,99;
10:47:06;8604;50,00;
10:47:09;8608;50,00;
10:47:12;8604;50,00;
10:47:15;8572;50,00;
10:47:18;8608;50,00;
10:47:21;8604;50,00;
10:47:24;8608;49,99;
10:47:27;8576;49,99;
10:47:30;8612;49,99;
10:47:33;8612;50,00;
10:47:36;8620;50,00;
10:47:39;8580;50,00;
10:47:42;8616;50,00;
10:47:45;8608;50,00;
10:47:48;8620;50,00;
10:47:57;8624;50,00;
10:48:03;8612;50,01;
10:48:06;8624;50,00;
10:48:09;8628;50,00;
10:48:12;8616;50,01;
10:48:15;8628;50,00;
10:48:18;8632;50,00;
10:48:27;8636;50,00;
10:48:36;8632;50,00;
10:48:39;8640;50,00;
10:48:45;8644;50,00;
10:49:00;8648;50,00;
10:49:03;8636;50,00;
10:49:06;8648;49,99;
10:49:09;8652;50,00;
10:49:12;8648;49,99;
10:49:15;8652;49,99;
10:49:18;8616;50,00;
10:49:21;8652;50,00;
10:49:24;8656;50,00;
10:49:33;8660;50,00;
10:49:42;8628;50,00;
10:49:45;8664;50,01;
10:49:51;8668;50,01;
10:49:54;8672;50,01;
10:49:57;8672;50,02;
10:50:06;8672;50,01;
10:50:09;8676;50,01;
10:50:21;8676;50,00;
10:50:24;8676;50,01;
10:50:27;8680;50,01;
10:50:30;8680;50,00;
10:50:33;8684;50,00;
10:50:39;8684;49,99;
10:50:42;8640;50,00;
10:50:45;8688;50,00;
10:50:54;8660;50,00;
10:50:57;8692;50,00;
10:51:00;8684;50,00;
10:51:03;8668;50,00;
10:51:06;8680;50,00;
10:51:09;8672;50,00;
10:51:12;8692;50,00;
10:51:15;8696;50,01;
10:51:21;8700;50,00;
10:51:27;8704;50,01;
10:51:30;8700;50,01;
10:51:33;8656;50,01;
10:51:36;8704;50,01;
10:51:39;8708;50,01;
10:51:45;8712;50,00;
10:51:48;8712;50,01;
10:51:57;8716;50,00;
10:52:00;8716;50,01;
10:52:03;8720;50,01;
10:52:06;8644;50,01;
10:52:09;8720;50,01;
10:52:15;8712;50,01;
10:52:18;8720;50,00;
10:52:21;8724;50,00;
10:52:33;8724;50,01;
10:52:39;8712;50,01;
10:52:42;8672;50,01;
10:52:45;8724;50,01;
10:52:54;8736;50,00;
10:52:57;8720;50,00;
10:53:03;8736;50,01;
10:53:09;8708;50,01;
10:53:12;8740;50,01;
10:53:15;8740;50,00;
10:53:21;8700;50,00;
10:53:24;8740;50,00;
10:53:33;8744;49,99;
10:53:36;8748;50,00;
10:53:45;8708;50,00;
10:53:48;8748;50,00;
10:53:54;8744;49,99;
10:54:00;8748;49,99;
10:54:09;8732;50,00;
10:54:12;8760;50,00;
10:54:15;8708;50,00;
10:54:18;8748;49,99;
10:54:24;8756;49,99;
10:54:27;8768;50,00;
10:54:30;8756;50,00;
10:54:33;8736;50,00;
10:54:36;8772;49,99;
10:54:39;8760;49,99;
10:54:42;8776;49,99;
10:54:45;8740;50,00;
10:54:48;8776;50,00;
10:54:54;8776;49,99;
10:54:57;8736;49,99;
10:55:00;8780;50,00;
10:55:03;8764;50,00;
10:55:06;8784;50,00;
10:55:09;8744;50,00;
10:55:15;8788;50,00;
10:55:18;8788;49,99;
10:55:30;8792;49,98;
10:55:36;8760;49,98;
10:55:39;8796;49,98;
10:55:42;8792;49,98;
10:55:45;8792;49,99;
10:55:48;8792;50,00;
10:55:54;8804;50,00;
10:56:00;8788;50,01;
10:56:03;8800;50,01;
10:56:06;8796;50,01;
10:56:09;8800;50,00;
10:56:12;8780;50,00;
10:56:15;8800;50,00;
10:56:21;8792;50,00;
10:56:24;8776;50,00;
10:56:27;8808;50,00;
10:56:30;8792;50,00;
10:56:33;8812;50,00;
10:56:36;8780;50,00;
10:56:39;8812;49,99;
10:56:42;8812;50,00;
10:56:45;8816;50,00;
10:56:48;8780;50,00;
10:56:51;8816;50,01;
10:56:54;8800;50,01;
10:56:57;8820;50,01;
10:57:00;8792;50,00;
10:57:06;8788;50,00;
10:57:09;8796;50,00;
10:57:12;8752;50,00;
10:57:15;8808;50,00;
10:57:18;8832;50,00;
10:57:21;8812;50,00;
10:57:24;8832;50,00;
10:57:27;8804;49,99;
10:57:30;8816;49,99;
10:57:33;8836;49,99;
10:57:36;8800;49,99;
10:57:39;8836;49,99;
10:57:42;8816;49,99;
10:57:45;8836;50,00;
10:57:48;8836;49,99;
10:57:54;8820;49,99;
10:57:57;8828;49,99;
10:58:00;8808;49,99;
10:58:03;8840;49,99;
10:58:06;8824;50,00;
10:58:12;8820;50,00;
10:58:15;8852;50,00;
10:58:18;8832;50,00;
10:58:21;8852;50,00;
10:58:24;8816;50,00;
10:58:27;8852;50,00;
10:58:30;8848;50,00;
10:58:33;8836;50,00;
10:58:36;8808;49,99;
10:58:39;8848;49,99;
10:58:42;8852;49,99;
10:58:45;8852;49,98;
10:58:48;8832;49,98;
10:58:51;8864;49,98;
10:58:54;8868;49,98;
10:58:57;8864;49,98;
10:59:00;8852;49,97;
10:59:03;8864;49,98;
10:59:06;8860;49,97;
10:59:09;8872;49,98;
10:59:18;8880;49,99;
10:59:21;8872;49,99;
10:59:24;8888;49,99;
10:59:27;8856;49,98;
10:59:30;8888;49,99;
10:59:33;8868;49,98;
10:59:36;8888;49,98;
10:59:39;8888;49,99;
10:59:42;8892;49,99;
10:59:45;8872;50,00;
10:59:48;8896;50,00;
10:59:51;8860;50,00;
10:59:54;8900;50,00;
10:59:57;8872;50,00;
11:00:03;8864;50,00;
11:00:06;8900;50,00;
11:00:09;8848;50,00;
11:00:12;8880;50,00;
11:00:15;8876;50,00;
11:00:18;8880;50,00;
11:00:21;8896;50,00;
11:00:24;8876;50,00;
11:00:27;8868;50,00;
11:00:30;8900;50,00;
11:00:33;8876;50,00;
11:00:36;8900;50,00;
11:00:39;8872;50,00;
11:00:42;8904;50,00;
11:00:51;8876;50,00;
11:00:54;8904;49,99;
11:00:57;8892;50,00;
11:01:00;8908;50,00;
11:01:03;8888;49,99;
11:01:09;8896;49,99;
11:01:12;8904;49,99;
11:01:18;8892;49,99;
11:01:21;8908;49,98;
11:01:24;8896;49,98;
11:01:27;8916;49,98;
11:01:33;8904;49,98;
11:01:36;8872;49,98;
11:01:39;8908;49,98;
11:01:45;8924;49,98;
11:01:48;8900;49,98;
11:01:51;8924;49,98;
11:01:54;8896;49,98;
11:01:57;8924;49,98;
11:02:00;8900;49,99;
11:02:03;8924;49,99;
11:02:06;8920;49,99;
11:02:09;8912;49,98;
11:02:15;8928;49,98;
11:02:18;8912;49,98;
11:02:21;8928;49,98;
11:02:24;8912;49,98;
11:02:27;8932;49,98;
11:02:30;8908;49,98;
11:02:33;8936;49,98;
11:02:39;8936;49,97;
11:02:42;8912;49,97;
11:02:45;8928;49,97;
11:02:48;8892;49,97;
11:02:51;8928;49,97;
11:02:57;8928;49,98;
11:03:00;8900;49,97;
11:03:03;8936;49,98;
11:03:06;8932;49,98;
11:03:09;8948;49,98;
11:03:12;8908;49,98;
11:03:15;8944;49,98;
11:03:21;8944;49,97;
11:03:24;8912;49,97;
11:03:27;8952;49,97;
11:03:30;8944;49,96;
11:03:33;8952;49,96;
11:03:36;8916;49,96;
11:03:39;8952;49,96;
11:03:45;8952;49,98;
11:03:48;8920;49,98;
11:03:51;8956;49,98;
11:03:54;8948;49,98;
11:03:57;8956;49,98;
11:04:00;8928;49,98;
11:04:03;8948;49,98;
11:04:06;8956;49,99;
11:04:12;8944;49,99;
11:04:15;8960;49,99;
11:04:18;8956;49,99;
11:04:21;8960;49,99;
11:04:24;8956;49,99;
11:04:27;8956;49,98;
11:04:30;8960;49,98;
11:04:39;8932;49,98;
11:04:42;8944;49,97;
11:04:45;8956;49,97;
11:04:48;8968;49,97;
11:04:51;8948;49,97;
11:04:54;8980;49,97;
11:04:57;8956;49,98;
11:05:00;8972;49,98;
11:05:03;8940;49,98;
11:05:06;8972;49,97;
11:05:12;8976;49,98;
11:05:15;8948;49,98;
11:05:18;8980;49,98;
11:05:21;8976;49,97;
11:05:24;8980;49,97;
11:05:27;8952;49,97;
11:05:30;8984;49,97;
11:05:33;8980;49,97;
11:05:36;8984;49,97;
11:05:39;8956;49,97;
11:05:42;8984;49,97;
11:05:45;8984;49,98;
11:05:48;8992;49,98;
11:05:51;8960;49,98;
11:05:54;9000;49,98;
11:05:57;8988;49,98;
11:06:00;8992;49,98;
11:06:03;8968;49,98;
11:06:06;8996;49,99;
11:06:09;8992;49,98;
11:06:12;8996;49,98;
11:06:18;9008;49,98;
11:06:21;9004;49,98;
11:06:24;9008;49,98;
11:06:27;9000;49,98;
11:06:30;9008;49,98;
11:06:33;9012;49,98;
11:06:36;9004;49,98;
11:06:39;9012;49,98;
11:06:45;9016;49,98;
11:06:54;9020;49,98;
11:06:57;9016;49,99;
11:07:00;9020;49,99;
11:07:03;8996;49,99;
11:07:06;9032;49,98;
11:07:09;9024;49,98;
11:07:12;9036;49,98;
11:07:15;9016;49,98;
11:07:18;9040;49,98;
11:07:27;9032;49,98;
11:07:30;9044;49,98;
11:07:39;9044;49,99;
11:07:42;9016;49,98;
11:07:45;9048;49,98;
11:07:48;9052;49,98;
11:07:51;9048;49,99;
11:07:54;9052;49,98;
11:07:57;9052;49,99;
11:08:06;9024;49,99;
11:08:09;9056;49,99;
11:08:12;9060;49,99;
11:08:15;9052;49,99;
11:08:18;9060;49,99;
11:08:24;9064;49,99;
11:08:30;9064;49,98;
11:08:36;9068;49,98;
11:08:42;9072;49,98;
11:08:45;9076;49,98;
11:08:48;9068;49,98;
11:08:51;9072;49,98;
11:08:54;9044;49,98;
11:08:57;9072;49,98;
11:09:00;9068;49,99;
11:09:03;9076;49,99;
11:09:06;9048;50,00;
11:09:09;9076;49,99;
11:09:18;9060;49,99;
11:09:21;9076;49,99;
11:09:24;9072;49,99;
11:09:27;9076;49,98;
11:09:30;9072;49,98;
11:09:33;9052;49,98;
11:09:36;9076;49,98;
11:09:39;9076;49,99;
11:09:45;9084;49,99;
11:09:48;9084;50,00;
11:09:51;9084;49,99;
11:09:54;9080;49,99;
11:09:57;9052;49,99;
11:10:00;9080;49,99;
11:10:03;9084;49,99;
11:10:09;9084;49,98;
11:10:15;9088;49,98;
11:10:21;9084;49,99;
11:10:24;9088;49,99;
11:10:27;9084;49,99;
11:10:30;9088;49,99;
11:10:36;9088;50,00;
11:10:39;9084;50,00;
11:10:42;9092;50,00;
11:10:45;9092;49,98;
11:10:48;9092;49,99;
11:10:51;9088;49,98;
11:10:54;9092;49,98;
11:10:57;9096;49,98;
11:11:03;9092;49,98;
11:11:06;9100;49,98;
11:11:09;9096;49,99;
11:11:12;9100;49,99;
11:11:15;9096;50,00;
11:11:18;9096;49,99;
11:11:21;9084;49,99;
11:11:27;9100;49,98;
11:11:33;9104;49,98;
11:11:36;9100;49,98;
11:11:39;9104;49,99;
11:11:45;9080;50,00;
11:11:48;9104;50,00;
11:11:54;9108;50,00;
11:11:57;9112;49,99;
11:12:09;9092;49,99;
11:12:12;9112;49,99;
11:12:15;9112;50,00;
11:12:18;9108;50,00;
11:12:21;9096;49,99;
11:12:24;9112;49,98;
11:12:33;9092;49,99;
11:12:36;9116;49,99;
11:12:45;9096;50,00;
11:12:48;9120;50,00;
11:12:51;9124;50,00;
11:12:54;9120;50,00;
11:12:57;9100;50,00;
11:13:00;9120;50,00;
11:13:06;9124;50,00;
11:13:09;9100;50,00;
11:13:12;9124;50,00;
11:13:15;9128;50,00;
11:13:18;9132;50,00;
11:13:24;9128;50,00;
11:13:27;9132;50,00;
11:13:33;9136;50,00;
11:13:36;9112;50,00;
11:13:39;9136;50,00;
11:13:42;9140;50,00;
11:13:51;9144;50,00;
11:13:54;9152;50,00;
11:13:57;9156;50,01;
11:14:00;9136;50,01;
11:14:03;9164;50,01;
11:14:06;9156;50,01;
11:14:09;9152;50,00;
11:14:12;9160;50,00;
11:14:18;9164;50,00;
11:14:24;9156;50,00;
11:14:27;9164;50,00;
11:14:30;9140;50,00;
11:14:33;9160;50,00;
11:14:36;9156;50,00;
11:14:39;9164;49,99;
11:14:42;9172;49,99;
11:14:48;9156;49,99;
11:14:51;9180;49,99;
11:14:54;9176;49,98;
11:14:57;9180;49,98;
11:15:00;9160;49,98;
11:15:03;9184;49,98;
11:15:12;9156;49,98;
11:15:15;9188;49,98;
11:15:18;9180;49,98;
11:15:21;9184;49,98;
11:15:24;9160;49,98;
11:15:30;9180;49,98;
11:15:33;9184;49,98;
11:15:36;9156;49,98;
11:15:39;9184;49,97;
11:15:42;9144;49,98;
11:15:45;9172;49,98;
11:15:51;9168;49,98;
11:15:54;9176;49,98;
11:15:57;9184;49,98;
11:16:00;9160;49,98;
11:16:03;9192;49,98;
11:16:06;9152;49,98;
11:16:09;9176;49,98;
11:16:12;9180;49,98;
11:16:15;9180;49,97;
11:16:18;9188;49,97;
11:16:21;9196;49,96;
11:16:24;9172;49,96;
11:16:27;9200;49,96;
11:16:30;9196;49,96;
11:16:36;9180;49,96;
11:16:39;9212;49,96;
11:16:42;9204;49,96;
11:16:45;9212;49,97;
11:16:48;9188;49,97;
11:16:51;9216;49,97;
11:16:57;9208;49,97;
11:17:00;9188;49,97;
11:17:03;9212;49,98;
11:17:09;9220;49,98;
11:17:12;9200;49,98;
11:17:15;9216;49,98;
11:17:18;9220;49,98;
11:17:24;9212;49,98;
11:17:30;9220;49,98;
11:17:33;9220;49,97;
11:17:36;9224;49,97;
11:17:48;9232;49,97;
11:17:51;9208;49,97;
11:17:54;9232;49,97;
11:17:57;9224;49,98;
11:18:03;9240;49,98;
11:18:06;9236;49,98;
11:18:09;9228;49,98;
11:18:12;9236;49,99;
11:18:15;9212;49,98;
11:18:18;9240;49,98;
11:18:21;9232;49,98;
11:18:27;9220;49,98;
11:18:30;9252;49,98;
11:18:33;9240;49,98;
11:18:36;9248;49,98;
11:18:39;9224;49,99;
11:18:42;9240;49,99;
11:18:45;9248;49,99;
11:18:48;9240;49,99;
11:18:51;9224;50,00;
11:18:54;9256;50,00;
11:18:57;9224;50,00;
11:19:00;9252;50,01;
11:19:06;9260;50,01;
11:19:12;9256;50,00;
11:19:15;9232;50,01;
11:19:18;9252;50,00;
11:19:21;9248;50,01;
11:19:24;9252;50,00;
11:19:27;9244;50,00;
11:19:33;9256;50,01;
11:19:39;9256;50,00;
11:19:42;9240;50,00;
11:19:45;9256;50,00;
11:19:48;9236;49,99;
11:19:51;9256;49,99;
11:19:54;9260;49,99;
11:19:57;9272;50,00;
11:20:00;9260;50,00;
11:20:03;9268;50,00;
11:20:06;9248;50,00;
11:20:09;9268;50,00;
11:20:12;9264;50,00;
11:20:15;9268;50,00;
11:20:18;9244;50,00;
11:20:21;9268;49,99;
11:20:24;9264;50,00;
11:20:27;9268;50,00;
11:20:30;9220;50,00;
11:20:33;9268;50,00;
11:20:42;9248;50,00;
11:20:45;9264;50,01;
11:20:48;9244;50,01;
11:20:51;9268;50,01;
11:20:54;9256;50,02;
11:20:57;9268;50,02;
11:21:00;9276;50,02;
11:21:03;9276;50,01;
11:21:06;9256;50,01;
11:21:09;9280;50,01;
11:21:12;9272;50,01;
11:21:15;9284;50,01;
11:21:18;9264;50,01;
11:21:21;9284;50,00;
11:21:24;9256;50,00;
11:21:27;9280;50,00;
11:21:30;9268;50,00;
11:21:33;9288;50,00;
11:21:36;9280;50,00;
11:21:39;9292;50,00;
11:21:45;9296;50,00;
11:21:48;9284;50,01;
11:21:51;9300;50,01;
11:21:54;9272;50,01;
11:21:57;9292;50,01;
11:22:00;9284;50,01;
11:22:03;9300;50,01;
11:22:06;9296;50,01;
11:22:12;9276;50,01;
11:22:15;9300;50,01;
11:22:18;9260;50,01;
11:22:21;9300;50,01;
11:22:27;9304;50,00;
11:22:30;9300;50,00;
11:22:39;9288;50,00;
11:22:42;9308;50,00;
11:22:45;9300;50,00;
11:22:48;9308;50,00;
11:22:51;9312;50,00;
11:22:57;9296;50,00;
11:23:00;9316;50,00;
11:23:03;9308;50,00;
11:23:06;9316;49,99;
11:23:09;9296;49,99;
11:23:12;9316;49,99;
11:23:15;9308;49,99;
11:23:18;9324;49,99;
11:23:21;9300;50,00;
11:23:24;9324;50,00;
11:23:27;9308;50,00;
11:23:30;9328;50,00;
11:23:36;9320;49,99;
11:23:39;9296;49,99;
11:23:42;9320;49,99;
11:23:45;9312;49,99;
11:23:48;9324;49,99;
11:23:51;9304;49,99;
11:23:54;9324;50,00;
11:24:00;9328;49,99;
11:24:03;9304;49,99;
11:24:06;9308;49,98;
11:24:09;9248;49,98;
11:24:12;9312;49,98;
11:24:15;9328;49,99;
11:24:18;9312;49,99;
11:24:21;9316;49,99;
11:24:24;9332;49,99;
11:24:27;9316;49,99;
11:24:30;9332;49,98;
11:24:33;9328;49,98;
11:24:36;9336;49,98;
11:24:42;9336;49,99;
11:24:45;9332;49,99;
11:24:48;9336;50,00;
11:24:57;9320;49,99;
11:25:00;9336;50,00;
11:25:09;9324;50,00;
11:25:12;9344;50,00;
11:25:15;9324;50,00;
11:25:18;9340;50,00;
11:25:21;9332;50,00;
11:25:24;9344;50,00;
11:25:27;9332;50,00;
11:25:30;9344;49,99;
11:25:33;9340;49,99;
11:25:36;9348;49,99;
11:25:39;9344;50,00;
11:25:42;9352;49,99;
11:25:51;9356;50,00;
11:25:54;9360;50,00;
11:26:00;9364;50,00;
11:26:06;9348;50,00;
11:26:09;9368;50,00;
11:26:12;9372;50,00;
11:26:18;9376;49,99;
11:26:30;9364;49,99;
11:26:33;9384;49,99;
11:26:36;9388;50,00;
11:26:45;9392;50,00;
11:26:48;9388;50,00;
11:26:54;9392;49,99;
11:27:06;9376;49,99;
11:27:09;9396;49,99;
11:27:12;9380;49,99;
11:27:15;9396;49,99;
11:27:18;9380;50,00;
11:27:21;9396;50,00;
11:27:24;9384;50,00;
11:27:27;9400;50,00;
11:27:30;9388;50,00;
11:27:33;9400;50,00;
11:27:39;9404;49,99;
11:27:42;9400;49,99;
11:27:45;9404;49,99;
11:27:51;9408;49,99;
11:27:57;9392;49,99;
11:28:00;9412;50,00;
11:28:03;9416;50,00;
11:28:09;9420;50,00;
11:28:12;9424;49,99;
11:28:15;9420;49,99;
11:28:18;9424;49,98;
11:28:21;9408;49,98;
11:28:24;9428;49,98;
11:28:33;9424;49,98;
11:28:36;9424;49,99;
11:28:45;9420;50,00;
11:28:48;9424;50,00;
11:28:54;9428;50,00;
11:29:00;9428;49,99;
11:29:03;9408;49,99;
11:29:06;9432;49,99;
11:29:09;9432;50,00;
11:29:18;9436;50,00;
11:29:21;9440;50,00;
11:29:27;9424;49,99;
11:29:30;9444;49,99;
11:29:33;9448;49,98;
11:29:36;9452;49,98;
11:29:39;9452;49,99;
11:29:42;9448;49,98;
11:29:45;9452;49,99;
11:29:51;9460;49,99;
11:29:54;9456;49,99;
11:29:57;9460;49,99;
11:30:00;9464;49,98;
11:30:03;9464;49,99;
11:30:09;9448;50,00;
11:30:12;9464;50,00;
11:30:15;9464;49,99;
11:30:18;9468;49,99;
11:30:21;9468;49,98;
11:30:30;9472;49,98;
11:30:33;9464;49,98;
11:30:36;9476;49,98;
11:30:39;9472;49,97;
11:30:42;9480;49,97;
11:30:45;9468;49,97;
11:30:48;9484;49,96;
11:30:51;9472;49,97;
11:30:57;9468;49,96;
11:31:00;9488;49,96;
11:31:03;9468;49,97;
11:31:06;9492;49,97;
11:31:09;9476;49,97;
11:31:12;9496;49,97;
11:31:15;9496;49,96;
11:31:18;9480;49,96;
11:31:21;9488;49,96;
11:31:24;9504;49,97;
11:31:27;9484;49,96;
11:31:30;9508;49,96;
11:31:33;9504;49,96;
11:31:36;9504;49,95;
11:31:42;9508;49,95;
11:31:45;9508;49,96;
11:31:48;9516;49,95;
11:31:51;9516;49,96;
11:31:54;9520;49,96;
11:32:00;9500;49,96;
11:32:03;9520;49,96;
11:32:06;9520;49,95;
11:32:12;9516;49,95;
11:32:18;9520;49,96;
11:32:21;9524;49,96;
11:32:24;9504;49,96;
11:32:27;9520;49,96;
11:32:30;9524;49,96;
11:32:39;9528;49,96;
11:32:42;9520;49,96;
11:32:48;9516;49,96;
11:32:51;9528;49,96;
11:32:54;9516;49,96;
11:32:57;9532;49,96;
11:33:00;9516;49,97;
11:33:03;9532;49,97;
11:33:06;9532;49,98;
11:33:09;9524;49,98;
11:33:12;9516;49,98;
11:33:15;9532;49,98;
11:33:18;9528;49,98;
11:33:21;9536;49,98;
11:33:24;9520;49,98;
11:33:27;9536;49,98;
11:33:33;9532;49,98;
11:33:36;9520;49,98;
11:33:39;9532;49,98;
11:33:42;9524;49,98;
11:33:45;9532;49,98;
11:33:48;9512;49,98;
11:33:54;9516;49,99;
11:33:57;9528;50,00;
11:34:00;9508;49,99;
11:34:03;9524;49,99;
11:34:06;9512;49,99;
11:34:09;9524;49,99;
11:34:12;9528;49,99;
11:34:15;9512;49,99;
11:34:18;9504;49,98;
11:34:21;9524;49,98;
11:34:24;9512;49,98;
11:34:27;9528;49,98;
11:34:30;9508;49,98;
11:34:33;9524;49,98;
11:34:36;9528;49,98;
11:34:39;9528;49,97;
11:34:42;9512;49,98;
11:34:45;9536;49,98;
11:34:48;9524;49,98;
11:34:51;9536;49,98;
11:34:54;9524;49,98;
11:35:03;9536;49,98;
11:35:06;9520;49,98;
11:35:09;9536;49,98;
11:35:12;9524;49,98;
11:35:15;9536;49,98;
11:35:18;9536;49,97;
11:35:21;9512;49,98;
11:35:24;9524;49,97;
11:35:27;9536;49,97;
11:35:30;9512;49,97;
11:35:33;9532;49,98;
11:35:42;9536;49,98;
11:35:45;9528;49,98;
11:35:48;9536;49,98;
11:35:51;9532;49,98;
11:35:54;9536;49,98;
11:35:57;9516;49,98;
11:36:00;9540;49,99;
11:36:06;9528;49,99;
11:36:09;9516;50,00;
11:36:12;9536;50,00;
11:36:15;9524;50,00;
11:36:18;9536;49,99;
11:36:21;9516;49,99;
11:36:24;9540;49,99;
11:36:33;9528;50,00;
11:36:36;9540;50,00;
11:36:39;9536;50,00;
11:36:42;9544;49,99;
11:36:45;9524;50,00;
11:36:51;9540;50,01;
11:36:54;9556;50,01;
11:36:57;9544;50,01;
11:37:00;9560;50,01;
11:37:03;9540;50,01;
11:37:06;9548;50,01;
11:37:12;9524;50,01;
11:37:15;9544;50,01;
11:37:18;9552;50,01;
11:37:21;9524;50,01;
11:37:24;9552;50,00;
11:37:27;9544;50,00;
11:37:30;9556;50,00;
11:37:45;9548;50,00;
11:37:51;9556;50,01;
11:37:57;9552;50,01;
11:38:00;9532;50,01;
11:38:03;9560;50,00;
11:38:06;9552;50,00;
11:38:09;9556;50,00;
11:38:12;9524;49,99;
11:38:15;9556;49,99;
11:38:18;9552;49,99;
11:38:21;9556;50,00;
11:38:24;9528;50,00;
11:38:27;9552;50,00;
11:38:33;9556;50,00;
11:38:36;9532;50,00;
11:38:39;9556;50,00;
11:38:45;9544;49,99;
11:38:48;9552;49,99;
11:38:51;9564;50,00;
11:38:54;9560;50,00;
11:38:57;9564;50,00;
11:39:03;9572;50,01;
11:39:06;9564;50,01;
11:39:09;9572;50,01;
11:39:12;9540;50,01;
11:39:15;9572;50,01;
11:39:21;9576;50,01;
11:39:24;9576;50,00;
11:39:27;9580;50,00;
11:39:30;9576;50,00;
11:39:33;9584;50,01;
11:39:36;9556;50,01;
11:39:39;9584;50,01;
11:39:45;9588;50,01;
11:39:48;9564;50,01;
11:39:51;9596;50,00;
11:39:54;9592;50,00;
11:39:57;9600;50,00;
11:40:00;9568;50,00;
11:40:03;9604;50,00;
11:40:12;9584;49,99;
11:40:15;9608;50,00;
11:40:18;9604;50,00;
11:40:21;9608;50,00;
11:40:24;9580;50,00;
11:40:27;9608;50,00;
11:40:30;9612;50,00;
11:40:36;9592;50,00;
11:40:39;9616;50,00;
11:40:42;9616;50,01;
11:40:45;9620;50,00;
11:40:48;9616;50,00;
11:40:54;9620;50,00;
11:40:57;9616;50,00;
11:41:00;9620;50,00;
11:41:03;9592;50,01;
11:41:06;9620;50,00;
11:41:09;9616;50,00;
11:41:12;9624;50,00;
11:41:15;9620;50,01;
11:41:18;9624;50,00;
11:41:21;9612;50,00;
11:41:24;9624;50,00;
11:41:27;9596;50,00;
11:41:30;9628;49,99;
11:41:33;9620;50,00;
11:41:36;9628;50,00;
11:41:39;9604;50,01;
11:41:42;9632;50,01;
11:41:48;9640;50,00;
11:41:51;9616;50,00;
11:41:54;9644;50,00;
11:42:00;9648;50,00;
11:42:03;9624;50,00;
11:42:06;9648;50,00;
11:42:09;9640;50,00;
11:42:12;9648;50,00;
11:42:15;9628;50,00;
11:42:18;9648;50,00;
11:42:24;9640;49,99;
11:42:27;9600;49,99;
11:42:30;9644;49,99;
11:42:33;9652;49,99;
11:42:36;9656;49,99;
11:42:39;9624;49,99;
11:42:42;9648;49,99;
11:42:45;9652;49,99;
11:42:48;9652;50,00;
11:42:51;9628;50,00;
11:42:54;9652;50,00;
11:43:09;9648;50,00;
11:43:12;9660;50,00;
11:43:15;9644;50,00;
11:43:18;9660;50,00;
11:43:21;9656;50,00;
11:43:24;9664;50,00;
11:43:30;9664;50,01;
11:43:33;9656;50,01;
11:43:36;9668;50,01;
11:43:39;9640;50,01;
11:43:42;9668;50,01;
11:43:51;9660;50,01;
11:43:54;9668;50,01;
11:43:57;9672;50,02;
11:44:00;9676;50,02;
11:44:03;9672;50,02;
11:44:06;9672;50,01;
11:44:24;9672;50,00;
11:44:30;9624;50,00;
11:44:33;9672;50,01;
11:44:36;9672;50,00;
11:44:48;9672;50,01;
11:44:54;9644;50,01;
11:44:57;9672;50,01;
11:45:06;9644;50,01;
11:45:09;9672;50,01;
11:45:12;9668;50,01;
11:45:15;9672;50,01;
11:45:18;9672;50,00;
11:45:24;9668;50,00;
11:45:27;9676;50,00;
11:45:30;9648;50,00;
11:45:33;9676;50,00;
11:45:42;9652;50,00;
11:45:45;9680;50,00;
11:45:54;9664;50,01;
11:45:57;9684;50,01;
11:46:03;9680;50,00;
11:46:21;9640;49,99;
11:46:24;9680;49,99;
11:46:27;9684;49,98;
11:46:33;9688;49,98;
11:46:36;9688;49,97;
11:46:39;9692;49,98;
11:46:45;9656;49,99;
11:46:48;9692;49,99;
11:46:51;9692;49,98;
11:46:54;9696;49,98;
11:46:57;9700;49,98;
11:47:00;9696;49,98;
11:47:09;9696;49,99;
11:47:12;9692;50,00;
11:47:15;9696;50,00;
11:47:18;9700;50,00;
11:47:27;9696;50,00;
11:47:33;9700;50,00;
11:47:42;9696;50,00;
11:47:45;9700;50,00;
11:47:51;9704;50,01;
11:47:54;9708;50,01;
11:47:57;9692;50,01;
11:48:00;9692;50,00;
11:48:03;9696;50,00;
11:48:09;9696;50,01;
11:48:15;9704;50,00;
11:48:18;9704;49,99;
11:48:21;9708;49,98;
11:48:27;9704;49,99;
11:48:30;9708;49,99;
11:48:33;9672;49,99;
11:48:36;9704;49,99;
11:48:39;9708;50,00;
11:48:48;9688;50,00;
11:48:51;9712;50,00;
11:48:57;9696;50,00;
11:49:00;9712;50,00;
11:49:03;9712;50,01;
11:49:06;9712;50,00;
11:49:09;9684;50,00;
11:49:12;9712;50,00;
11:49:15;9708;50,00;
11:49:21;9680;50,00;
11:49:24;9712;49,99;
11:49:27;9708;49,99;
11:49:30;9716;49,99;
11:49:33;9684;49,99;
11:49:36;9716;49,99;
11:49:42;9712;49,98;
11:49:45;9720;49,98;
11:50:00;9724;49,98;
11:50:06;9680;49,97;
11:50:09;9720;49,96;
11:50:15;9716;49,97;
11:50:21;9720;49,97;
11:50:24;9696;49,97;
11:50:27;9724;49,96;
11:50:48;9700;49,96;
11:50:51;9724;49,97;
11:50:54;9728;49,97;
11:51:00;9716;49,97;
11:51:03;9728;49,97;
11:51:12;9704;49,97;
11:51:15;9732;49,96;
11:51:18;9724;49,97;
11:51:21;9728;49,97;
11:51:24;9700;49,97;
11:51:27;9732;49,97;
11:51:30;9732;49,98;
11:51:33;9724;49,98;
11:51:36;9700;49,98;
11:51:39;9728;49,99;
11:51:42;9724;49,99;
11:51:45;9732;49,99;
11:51:48;9728;49,99;
11:51:54;9724;49,98;
11:51:57;9728;49,98;
11:52:00;9712;49,99;
11:52:03;9720;50,00;
11:52:06;9704;50,00;
11:52:09;9644;50,00;
11:52:12;9692;50,00;
11:52:18;9732;50,00;
11:52:24;9712;50,00;
11:52:27;9740;50,00;
11:52:30;9736;49,99;
11:52:33;9744;49,98;
11:52:39;9716;49,98;
11:52:42;9744;49,99;
11:52:45;9752;49,99;
11:52:48;9724;50,00;
11:52:51;9756;50,00;
11:52:54;9752;50,00;
11:52:57;9760;50,00;
11:53:03;9756;50,00;
11:53:06;9752;50,00;
11:53:09;9764;50,00;
11:53:12;9732;49,99;
11:53:15;9764;49,99;
11:53:18;9760;49,99;
11:53:24;9736;49,98;
11:53:27;9768;49,98;
11:53:30;9764;49,99;
11:53:33;9768;49,99;
11:53:36;9740;49,99;
11:53:39;9772;49,98;
11:53:42;9776;49,98;
11:53:45;9768;49,98;
11:53:48;9752;49,98;
11:53:51;9772;49,98;
11:53:54;9776;49,98;
11:54:00;9764;49,99;
11:54:03;9768;49,99;
11:54:09;9780;49,98;
11:54:12;9784;49,98;
11:54:15;9756;49,99;
11:54:18;9784;49,99;
11:54:21;9776;49,99;
11:54:24;9788;49,98;
11:54:27;9784;49,98;
11:54:30;9756;49,98;
11:54:33;9780;49,98;
11:54:36;9792;49,98;
11:54:39;9748;49,98;
11:54:42;9784;49,97;
11:54:45;9788;49,97;
11:54:51;9796;49,98;
11:54:57;9792;49,98;
11:55:00;9800;49,99;
11:55:03;9772;49,99;
11:55:06;9804;49,98;
11:55:09;9796;49,98;
11:55:15;9776;49,98;
11:55:18;9808;49,98;
11:55:21;9804;49,99;
11:55:24;9808;50,00;
11:55:27;9780;50,00;
11:55:30;9812;50,00;
11:55:36;9808;50,00;
11:55:39;9788;49,99;
11:55:42;9820;49,99;
11:55:45;9816;50,00;
11:55:48;9820;50,00;
11:55:51;9800;50,00;
11:55:54;9820;50,00;
11:55:57;9824;50,00;
11:56:03;9812;49,99;
11:56:06;9808;49,99;
11:56:09;9820;49,99;
11:56:12;9824;49,99;
11:56:15;9820;49,98;
11:56:24;9828;49,98;
11:56:27;9796;49,98;
11:56:30;9828;49,98;
11:56:33;9824;49,98;
11:56:36;9832;49,98;
11:56:42;9800;49,98;
11:56:45;9824;49,98;
11:56:48;9832;49,98;
11:56:51;9808;49,97;
11:56:54;9832;49,97;
11:56:57;9836;49,97;
11:57:00;9840;49,97;
11:57:06;9824;49,97;
11:57:09;9840;49,97;
11:57:12;9836;49,97;
11:57:15;9840;49,97;
11:57:18;9816;49,98;
11:57:21;9840;49,98;
11:57:27;9840;49,97;
11:57:30;9816;49,97;
11:57:33;9844;49,97;
11:57:36;9840;49,97;
11:57:39;9852;49,98;
11:57:42;9820;49,98;
11:57:45;9852;49,98;
11:57:48;9852;49,99;
11:57:51;9856;50,00;
11:57:54;9828;50,00;
11:57:57;9852;50,00;
11:58:00;9852;49,99;
11:58:03;9860;49,98;
11:58:06;9832;49,98;
11:58:09;9860;49,98;
11:58:12;9852;49,98;
11:58:15;9860;49,98;
11:58:18;9832;49,98;
11:58:21;9860;49,98;
11:58:24;9856;49,98;
11:58:27;9864;49,98;
11:58:36;9860;49,98;
11:58:39;9864;49,97;
11:58:42;9836;49,97;
11:58:45;9868;49,97;
11:58:48;9856;49,97;
11:58:51;9864;49,97;
11:58:54;9864;49,96;
11:58:57;9856;49,96;
11:59:00;9852;49,97;
11:59:03;9860;49,97;
11:59:06;9848;49,97;
11:59:12;9856;49,97;
11:59:18;9856;49,98;
11:59:21;9828;49,98;
11:59:24;9852;49,98;
11:59:27;9844;49,98;
11:59:30;9852;49,98;
11:59:33;9820;49,98;
11:59:36;9852;49,98;
11:59:39;9848;49,98;
11:59:42;9848;49,97;
11:59:45;9816;49,97;
11:59:48;9844;49,97;
11:59:51;9832;49,97;
11:59:54;9836;49,98;
11:59:57;9808;49,98;
12:00:00;9840;49,98;
12:00:03;9832;49,98;
12:00:06;9844;49,98;
12:00:09;9816;49,98;
12:00:12;9844;49,98;
12:00:15;9832;49,97;
12:00:18;9840;49,96;
12:00:27;9832;49,96;
12:00:30;9840;49,97;
12:00:33;9816;49,97;
12:00:36;9840;49,96;
12:00:39;9828;49,96;
12:00:42;9840;49,96;
12:00:45;9840;49,97;
12:00:51;9828;49,97;
12:00:54;9840;49,97;
12:00:57;9816;49,97;
12:01:00;9840;49,98;
12:01:03;9832;49,97;
12:01:09;9820;49,97;
12:01:12;9832;49,97;
12:01:15;9828;49,97;
12:01:18;9832;49,97;
12:01:21;9812;49,96;
12:01:24;9832;49,96;
12:01:33;9812;49,96;
12:01:36;9832;49,97;
12:01:39;9820;49,96;
12:01:42;9832;49,96;
12:01:45;9812;49,96;
12:01:48;9832;49,96;
12:01:54;9836;49,96;
12:01:57;9816;49,96;
12:02:00;9832;49,96;
12:02:03;9824;49,96;
12:02:06;9836;49,96;
12:02:09;9824;49,96;
12:02:12;9824;49,97;
12:02:15;9828;49,96;
12:02:18;9832;49,96;
12:02:24;9832;49,97;
12:02:27;9832;49,96;
12:02:36;9836;49,96;
12:02:45;9840;49,96;
12:02:48;9836;49,97;
12:02:54;9824;49,97;
12:02:57;9840;49,97;
12:03:12;9820;49,97;
12:03:15;9832;49,97;
12:03:21;9840;49,97;
12:03:24;9820;49,96;
12:03:27;9840;49,96;
12:03:30;9828;49,96;
12:03:33;9844;49,96;
12:03:36;9824;49,96;
12:03:39;9844;49,96;
12:03:45;9848;49,97;
12:03:48;9828;49,97;
12:03:51;9848;49,98;
12:03:54;9828;49,98;
12:03:57;9848;49,98;
12:04:00;9788;49,98;
12:04:03;9848;49,98;
12:04:06;9836;49,98;
12:04:09;9852;49,97;
12:04:12;9840;49,97;
12:04:15;9852;49,97;
12:04:21;9856;49,98;
12:04:27;9852;49,97;
12:04:42;9856;49,97;
12:04:45;9832;49,97;
12:04:48;9856;49,97;
12:04:51;9856;49,98;
12:04:57;9852;49,97;
12:05:00;9852;49,96;
12:05:06;9856;49,96;
12:05:09;9836;49,96;
12:05:12;9848;49,97;
12:05:21;9848;49,98;
12:05:24;9852;49,97;
12:05:39;9848;49,97;
12:05:42;9852;49,98;
12:05:45;9856;49,99;
12:05:51;9844;49,99;
12:05:54;9856;49,99;
12:05:57;9860;49,98;
12:06:03;9860;49,97;
12:06:06;9864;49,97;
12:06:09;9860;49,97;
12:06:12;9868;49,97;
12:06:15;9860;49,97;
12:06:18;9872;49,97;
12:06:24;9872;49,96;
12:06:27;9880;49,96;
12:06:33;9884;49,96;
12:06:39;9892;49,97;
12:06:42;9896;49,97;
12:06:45;9896;49,98;
12:06:51;9904;49,98;
12:06:54;9900;49,98;
12:06:57;9880;49,98;
12:07:00;9900;49,98;
12:07:03;9896;49,98;
12:07:06;9900;49,99;
12:07:09;9892;49,99;
12:07:12;9896;49,99;
12:07:15;9888;49,99;
12:07:18;9896;49,98;
12:07:21;9892;49,99;
12:07:24;9896;49,99;
12:07:27;9880;49,99;
12:07:30;9896;49,99;
12:07:33;9876;49,99;
12:07:36;9896;49,99;
12:07:39;9884;49,98;
12:07:45;9900;49,98;
12:07:48;9896;49,98;
12:08:06;9864;49,98;
12:08:09;9896;49,98;
12:08:12;9900;49,98;
12:08:15;9896;49,98;
12:08:18;9900;49,99;
12:08:30;9896;49,99;
12:08:33;9892;49,98;
12:08:36;9892;49,99;
12:08:39;9900;49,99;
12:08:42;9900;50,00;
12:08:45;9904;50,00;
12:08:48;9884;50,00;
12:08:51;9900;50,00;
12:08:54;9896;50,00;
12:09:12;9884;50,00;
12:09:15;9896;49,99;
12:09:18;9892;49,99;
12:09:21;9896;49,98;
12:09:24;9884;49,99;
12:09:27;9892;49,99;
12:09:30;9880;49,98;
12:09:39;9900;49,98;
12:09:42;9884;49,98;
12:09:45;9900;49,99;
12:09:48;9876;49,99;
12:09:51;9896;49,99;
12:09:54;9900;49,99;
12:09:57;9880;49,99;
12:10:00;9880;50,00;
12:10:03;9900;50,00;
12:10:06;9884;49,99;
12:10:09;9904;49,98;
12:10:12;9888;49,98;
12:10:15;9904;49,98;
12:10:18;9908;49,97;
12:10:24;9884;49,97;
12:10:27;9904;49,97;
12:10:30;9892;49,97;
12:10:33;9904;49,98;
12:10:36;9884;49,99;
12:10:42;9896;50,00;
12:10:45;9908;50,00;
12:10:48;9888;50,00;
12:10:51;9908;50,00;
12:10:54;9892;50,00;
12:10:57;9908;50,00;
12:11:03;9884;49,99;
12:11:06;9888;50,00;
12:11:09;9904;50,00;
12:11:12;9884;49,99;
12:11:15;9904;49,99;
12:11:18;9888;49,99;
12:11:21;9900;49,99;
12:11:27;9900;49,98;
12:11:30;9884;49,98;
12:11:33;9900;49,98;
12:11:36;9880;49,98;
12:11:39;9904;49,98;
12:11:42;9884;49,98;
12:11:48;9876;49,98;
12:11:51;9900;49,98;
12:11:54;9884;49,98;
12:11:57;9904;49,98;
12:12:00;9884;49,99;
12:12:03;9904;49,99;
12:12:06;9908;50,00;
12:12:09;9896;50,00;
12:12:12;9912;50,00;
12:12:15;9908;50,00;
12:12:18;9912;49,99;
12:12:21;9904;49,99;
12:12:24;9916;49,99;
12:12:27;9904;49,98;
12:12:33;9908;49,98;
12:12:36;9920;49,97;
12:12:39;9904;49,97;
12:12:42;9924;49,98;
12:12:45;9908;49,98;
12:12:48;9924;49,98;
12:12:51;9928;49,98;
12:12:54;9908;49,98;
12:12:57;9912;49,99;
12:13:00;9928;50,00;
12:13:03;9912;49,99;
12:13:06;9928;49,99;
12:13:09;9912;49,99;
12:13:12;9924;49,99;
12:13:15;9920;49,98;
12:13:21;9900;49,98;
12:13:24;9916;49,98;
12:13:27;9892;49,98;
12:13:30;9912;49,98;
12:13:33;9896;49,98;
12:13:39;9892;49,98;
12:13:42;9908;49,98;
12:13:45;9892;49,98;
12:13:48;9904;49,98;
12:13:51;9884;49,99;
12:13:54;9904;50,00;
12:14:00;9884;50,00;
12:14:03;9880;50,00;
12:14:06;9900;50,00;
12:14:09;9888;49,99;
12:14:12;9904;49,99;
12:14:15;9892;49,99;
12:14:18;9900;49,99;
12:14:21;9908;49,99;
12:14:24;9900;49,99;
12:14:27;9908;49,99;
12:14:30;9896;49,99;
12:14:33;9912;49,98;
12:14:36;9900;49,99;
12:14:39;9916;49,99;
12:14:45;9912;49,99;
12:14:48;9900;49,99;
12:14:51;9916;49,99;
12:14:54;9896;49,98;
12:14:57;9916;49,98;
12:15:00;9900;49,98;
12:15:03;9916;49,98;
12:15:12;9896;49,98;
12:15:15;9916;49,98;
12:15:18;9900;49,98;
12:15:21;9924;49,98;
12:15:24;9904;49,97;
12:15:27;9916;49,96;
12:15:30;9904;49,96;
12:15:33;9924;49,96;
12:15:36;9912;49,96;
12:15:39;9924;49,96;
12:15:42;9900;49,96;
12:15:45;9920;49,96;
12:15:54;9900;49,96;
12:15:57;9920;49,96;
12:16:00;9904;49,97;
12:16:03;9924;49,97;
12:16:06;9904;49,97;
12:16:09;9920;49,98;
12:16:12;9920;49,97;
12:16:18;9900;49,97;
12:16:21;9920;49,97;
12:16:24;9904;49,97;
12:16:27;9924;49,97;
12:16:30;9904;49,98;
12:16:33;9928;49,98;
12:16:36;9908;49,98;
12:16:39;9928;49,97;
12:16:42;9904;49,97;
12:16:45;9924;49,97;
12:16:48;9904;49,97;
12:16:51;9924;49,97;
12:16:57;9904;49,97;
12:17:03;9920;49,97;
12:17:06;9904;49,96;
12:17:09;9924;49,96;
12:17:12;9908;49,96;
12:17:15;9928;49,96;
12:17:18;9924;49,96;
12:17:21;9916;49,96;
12:17:24;9916;49,97;
12:17:30;9920;49,97;
12:17:33;9916;49,97;
12:17:36;9928;49,97;
12:17:42;9932;49,98;
12:17:45;9912;49,98;
12:17:48;9928;49,99;
12:17:51;9912;49,99;
12:17:54;9928;49,99;
12:17:57;9908;49,99;
12:18:00;9928;49,99;
12:18:09;9912;49,99;
12:18:12;9928;50,00;
12:18:15;9912;50,00;
12:18:18;9948;50,01;
12:18:21;9928;50,01;
12:18:24;9940;50,00;
12:18:27;9924;50,00;
12:18:30;9940;50,00;
12:18:33;9924;49,99;
12:18:36;9940;50,00;
12:18:39;9920;49,99;
12:18:42;9936;49,99;
12:18:48;9944;49,98;
12:18:51;9928;49,98;
12:18:54;9948;49,99;
12:18:57;9932;49,99;
12:19:00;9952;50,00;
12:19:03;9940;50,01;
12:19:06;9968;50,01;
12:19:09;9956;50,01;
12:19:15;9944;50,01;
12:19:18;9952;50,01;
12:19:21;9944;50,01;
12:19:24;9952;50,01;
12:19:27;9948;50,00;
12:19:33;9952;50,00;
12:19:36;9960;50,00;
12:19:39;9956;50,00;
12:19:42;9960;50,00;
12:19:48;9964;50,00;
12:20:03;9968;50,00;
12:20:12;9952;50,00;
12:20:15;9968;49,99;
12:20:18;9968;49,98;
12:20:21;9960;49,98;
12:20:24;9972;49,99;
12:20:27;9964;50,00;
12:20:30;9972;50,00;
12:20:33;9968;50,00;
12:20:36;9960;50,00;
12:20:39;9972;50,00;
12:21:00;9968;50,00;
12:21:06;9960;50,00;
12:21:09;9964;50,00;
12:21:12;9960;50,00;
12:21:18;9944;50,00;
12:21:21;9960;49,99;
12:21:24;9940;49,99;
12:21:27;9956;49,99;
12:21:30;9936;49,99;
12:21:33;9956;50,00;
12:21:36;9940;50,00;
12:21:39;9956;50,00;
12:21:48;9936;50,00;
12:21:51;9960;50,00;
12:21:54;9940;50,00;
12:21:57;9956;50,00;
12:22:00;9940;50,00;
12:22:03;9944;50,00;
12:22:06;9960;50,00;
12:22:09;9964;50,00;
12:22:12;9948;50,00;
12:22:15;9972;50,00;
12:22:18;9956;50,00;
12:22:21;9976;49,99;
12:22:24;9968;49,99;
12:22:27;9976;49,99;
12:22:30;9972;49,99;
12:22:33;9976;49,99;
12:22:36;9972;49,99;
12:22:39;9976;49,99;
12:22:42;9972;49,99;
12:22:51;9972;50,00;
12:22:54;9968;50,00;
12:22:57;9972;50,00;
12:23:03;9964;50,00;
12:23:09;9944;50,00;
12:23:12;9960;50,00;
12:23:15;9964;50,00;
12:23:21;9960;50,00;
12:23:24;9956;50,00;
12:23:33;9940;50,00;
12:23:36;9960;50,00;
12:23:39;9968;50,00;
12:23:51;9972;50,00;
12:23:57;9976;50,00;
12:24:00;9972;50,00;
12:24:03;9976;50,01;
12:24:09;9972;50,00;
12:24:15;9956;50,00;
12:24:18;9976;50,00;
12:24:21;9976;50,01;
12:24:24;9984;50,01;
12:24:27;9976;50,01;
12:24:30;9984;50,01;
12:24:33;9988;50,01;
12:24:36;9992;50,00;
12:24:39;9976;50,00;
12:24:42;9996;50,00;
12:24:45;10000;49,99;
12:24:51;10000;50,00;
12:24:54;10004;50,00;
12:24:57;10000;50,01;
12:25:03;10004;50,00;
12:25:06;10008;50,00;
12:25:09;10004;49,99;
12:25:12;10004;49,98;
12:25:21;9992;49,98;
12:25:24;10008;49,99;
12:25:27;10000;49,99;
12:25:30;10008;49,99;
12:25:33;9996;50,00;
12:25:36;10008;50,00;
12:25:39;9992;50,01;
12:25:42;10008;50,01;
12:25:45;10008;50,00;
12:25:48;10012;50,00;
12:25:51;10012;49,99;
12:25:54;10016;49,98;
12:26:00;10024;49,98;
12:26:06;10000;49,98;
12:26:09;10024;49,98;
12:26:12;10028;49,98;
12:26:30;10012;49,98;
12:26:33;10032;49,97;
12:26:36;10032;49,98;
12:26:42;10036;49,98;
12:26:54;10040;49,97;
12:27:00;10032;49,98;
12:27:03;10044;49,98;
12:27:06;10048;49,98;
12:27:09;10044;49,98;
12:27:12;10028;49,98;
12:27:15;10044;49,98;
12:27:18;10048;49,98;
12:27:21;10052;49,98;
12:27:24;10052;49,97;
12:27:33;10060;49,97;
12:27:36;10052;49,96;
12:27:39;10056;49,97;
12:27:42;10040;49,97;
12:27:45;10060;49,97;
12:27:48;10044;49,98;
12:27:51;10060;49,98;
12:27:54;10040;49,98;
12:28:00;10044;49,99;
12:28:03;10064;50,00;
12:28:06;10052;49,99;
12:28:09;10072;49,99;
12:28:12;10052;49,98;
12:28:15;10072;49,98;
12:28:21;10048;49,98;
12:28:24;10056;49,97;
12:28:27;10076;49,97;
12:28:30;10060;49,97;
12:28:33;10084;49,97;
12:28:36;10072;49,98;
12:28:39;10088;49,98;
12:28:42;10092;49,98;
12:28:45;10092;49,97;
12:28:48;10076;49,98;
12:28:51;10092;49,98;
12:28:54;10072;49,98;
12:28:57;10096;49,99;
12:29:00;10080;50,00;
12:29:06;10076;50,00;
12:29:09;10092;50,00;
12:29:12;10076;50,00;
12:29:15;10092;50,00;
12:29:18;10068;50,00;
12:29:21;10088;50,00;
12:29:27;10072;49,99;
12:29:30;10068;49,99;
12:29:33;10088;49,99;
12:29:36;10068;49,99;
12:29:39;10084;49,99;
12:29:42;10064;49,99;
12:29:45;10080;50,00;
12:29:54;10056;50,00;
12:29:57;10072;50,00;
12:30:00;10052;50,00;
12:30:03;10072;50,00;
12:30:06;10052;49,99;
12:30:12;10052;49,98;
12:30:15;10068;49,98;
12:30:18;10072;49,98;
12:30:27;10064;49,98;
12:30:33;10048;49,98;
12:30:36;10060;49,98;
12:30:39;10044;49,98;
12:30:42;10056;49,98;
12:30:45;10048;49,98;
12:30:48;10060;49,98;
12:30:51;10052;49,98;
12:30:57;10064;49,98;
12:31:00;10076;49,98;
12:31:03;10060;49,98;
12:31:06;10076;49,98;
12:31:09;10060;49,99;
12:31:12;10080;50,00;
12:31:15;10076;50,00;
12:31:18;10060;50,00;
12:31:21;10068;50,00;
12:31:24;10088;49,99;
12:31:27;10072;49,99;
12:31:30;10092;49,98;
12:31:33;10072;49,98;
12:31:36;10092;49,99;
12:31:42;10088;50,00;
12:31:45;10076;50,01;
12:31:48;10092;50,01;
12:31:51;10068;50,00;
12:31:54;10072;50,00;
12:31:57;10048;50,00;
12:32:03;10044;49,99;
12:32:06;10064;49,99;
12:32:09;10040;50,00;
12:32:12;10060;50,00;
12:32:15;10040;50,00;
12:32:18;10060;50,00;
12:32:21;10064;50,00;
12:32:24;10048;50,00;
12:32:30;10064;49,99;
12:32:33;10052;49,99;
12:32:36;10056;50,00;
12:32:39;10052;50,00;
12:32:42;10048;50,00;
12:32:45;10060;50,00;
12:32:48;10044;50,00;
12:32:51;10048;50,00;
12:32:54;10036;50,00;
12:32:57;10048;50,00;
12:33:00;10032;50,00;
12:33:03;10044;50,00;
12:33:09;10040;50,00;
12:33:12;10024;50,00;
12:33:15;10040;50,00;
12:33:18;10024;50,00;
12:33:21;10040;50,00;
12:33:24;10020;50,00;
12:33:27;10036;50,00;
12:33:33;10036;49,99;
12:33:36;10016;49,99;
12:33:39;10024;49,99;
12:33:45;10032;49,99;
12:33:48;10028;49,98;
12:33:51;10044;49,98;
12:33:54;10028;49,98;
12:33:57;10048;49,99;
12:34:00;10032;50,00;
12:34:03;10068;50,01;
12:34:06;10040;50,01;
12:34:09;10064;50,01;
12:34:15;10064;50,00;
12:34:18;10052;50,00;
12:34:21;10068;50,00;
12:34:24;10052;50,00;
12:34:27;10080;50,00;
12:34:30;10068;50,00;
12:34:33;10088;50,00;
12:34:42;10072;50,00;
12:34:45;10092;50,01;
12:34:48;10072;50,01;
12:34:51;10092;50,01;
12:34:54;10076;50,00;
12:35:00;10072;50,00;
12:35:03;10096;50,00;
12:35:06;10076;50,00;
12:35:09;10088;50,00;
12:35:12;10064;50,00;
12:35:15;10084;50,00;
12:35:18;10080;50,00;
12:35:21;10068;50,00;
12:35:24;10064;49,99;
12:35:27;10080;49,99;
12:35:30;10068;49,99;
12:35:33;10056;49,99;
12:35:36;10068;49,99;
12:35:39;10076;50,00;
12:35:42;10080;50,00;
12:35:45;10076;49,99;
12:35:51;10072;49,99;
12:35:54;10084;49,99;
12:35:57;10072;49,99;
12:36:00;10092;49,98;
12:36:06;10092;49,97;
12:36:09;10076;49,98;
12:36:12;10092;49,98;
12:36:15;10076;49,98;
12:36:18;10092;49,98;
12:36:21;10080;49,98;
12:36:24;10100;49,98;
12:36:27;10096;49,98;
12:36:30;10100;49,99;
12:36:33;10080;50,00;
12:36:36;10100;50,00;
12:36:39;10088;50,00;
12:36:42;10108;49,99;
12:36:45;10088;49,99;
12:36:48;10108;49,98;
12:36:51;10088;49,98;
12:36:54;10104;49,98;
12:36:57;10084;49,98;
12:37:00;10092;49,98;
12:37:03;10076;49,98;
12:37:06;10096;49,98;
12:37:12;10100;49,98;
12:37:15;10080;49,98;
12:37:18;10100;49,98;
12:37:21;10084;49,98;
12:37:24;10104;49,98;
12:37:27;10088;49,98;
12:37:30;10104;49,98;
12:37:36;10100;49,98;
12:37:39;10088;49,98;
12:37:42;10100;49,98;
12:37:45;10088;49,98;
12:37:48;10096;49,98;
12:37:51;10092;49,99;
12:37:54;10084;49,99;
12:37:57;10096;50,00;
12:38:00;10100;50,00;
12:38:09;10088;50,00;
12:38:12;10104;49,99;
12:38:18;10104;49,98;
12:38:21;10084;49,97;
12:38:24;10108;49,97;
12:38:27;10088;49,97;
12:38:30;10100;49,98;
12:38:33;10080;49,98;
12:38:36;10088;49,98;
12:38:45;10080;49,99;
12:38:48;10088;49,99;
12:38:51;10084;50,00;
12:38:54;10092;50,00;
12:38:57;10088;50,00;
12:39:00;10068;50,00;
12:39:03;10088;49,99;
12:39:12;10084;49,99;
12:39:27;10080;49,98;
12:39:30;10064;49,98;
12:39:33;10084;49,99;
12:39:36;10068;49,99;
12:39:39;10088;49,99;
12:39:42;10072;49,99;
12:39:45;10092;49,98;
12:39:48;10076;49,98;
12:39:51;10096;49,98;
12:39:54;10080;49,98;
12:39:57;10104;49,98;
12:40:00;10092;49,98;
12:40:03;10108;49,98;
12:40:09;10116;49,98;
12:40:12;10100;49,98;
12:40:15;10120;49,98;
12:40:18;10100;49,98;
12:40:21;10120;49,97;
12:40:24;10104;49,97;
12:40:27;10124;49,97;
12:40:33;10132;49,97;
12:40:36;10116;49,97;
12:40:39;10132;49,98;
12:40:42;10120;49,98;
12:40:45;10132;49,99;
12:40:48;10120;49,99;
12:40:54;10124;49,99;
12:41:03;10132;50,00;
12:41:06;10136;50,00;
12:41:15;10120;50,00;
12:41:18;10120;49,99;
12:41:21;10124;50,00;
12:41:27;10128;50,00;
12:41:30;10124;50,00;
12:41:33;10104;50,00;
12:41:36;10120;50,00;
12:41:39;10116;50,00;
12:41:42;10120;50,00;
12:41:45;10116;50,00;
12:41:48;10120;50,00;
12:41:51;10116;50,00;
12:41:54;10120;50,00;
12:41:57;10108;50,00;
12:42:00;10124;50,00;
12:42:03;10128;50,01;
12:42:09;10132;50,00;
12:42:15;10136;50,00;
12:42:21;10132;50,00;
12:42:24;10136;50,00;
12:42:27;10132;49,99;
12:42:30;10128;50,00;
12:42:33;10120;50,00;
12:42:36;10116;50,00;
12:42:39;10096;50,00;
12:42:42;10108;50,00;
12:42:45;10096;50,00;
12:42:48;10092;50,00;
12:43:03;10072;50,01;
12:43:06;10080;50,01;
12:43:09;10084;50,01;
12:43:12;10080;50,01;
12:43:18;10076;50,01;
12:43:21;10068;50,00;
12:43:27;10064;50,00;
12:43:30;10076;50,00;
12:43:39;10084;50,00;
12:43:42;10080;50,01;
12:43:45;10072;50,01;
12:43:48;10076;50,01;
12:43:51;10072;50,01;
12:43:54;10080;50,01;
12:43:57;10072;50,01;
12:44:00;10084;50,01;
12:44:06;10092;50,01;
12:44:12;10096;50,01;
12:44:18;10100;50,00;
12:44:24;10104;50,00;
12:44:27;10108;50,00;
12:44:30;10092;49,99;
12:44:33;10108;49,99;
12:44:36;10116;49,99;
12:44:39;10120;49,99;
12:44:42;10116;50,00;
12:44:45;10120;50,00;
12:44:48;10124;50,00;
12:44:51;10128;50,00;
12:44:54;10108;50,00;
12:44:57;10136;50,00;
12:45:00;10136;50,01;
12:45:06;10132;50,00;
12:45:12;10128;49,99;
12:45:18;10132;49,99;
12:45:21;10132;50,00;
12:45:27;10136;50,00;
12:45:30;10140;50,00;
12:45:33;10136;49,99;
12:45:36;10120;49,98;
12:45:39;10140;49,98;
12:45:42;10144;49,98;
12:45:45;10148;49,98;
12:45:51;10152;49,98;
12:45:54;10144;49,99;
12:45:57;10152;49,99;
12:46:00;10148;49,99;
12:46:06;10128;49,99;
12:46:09;10140;49,99;
12:46:12;10120;49,99;
12:46:15;10140;49,99;
12:46:18;10124;50,00;
12:46:24;10120;49,99;
12:46:27;10132;49,99;
12:46:30;10112;49,98;
12:46:33;10128;49,99;
12:46:36;10108;49,99;
12:46:39;10120;49,99;
12:46:42;10124;49,99;
12:46:45;10100;49,99;
12:46:51;10120;49,99;
12:46:54;10100;49,99;
12:46:57;10112;49,99;
12:47:00;10092;49,99;
12:47:03;10100;49,99;
12:47:09;10096;50,00;
12:47:12;10076;50,00;
12:47:15;10088;50,00;
12:47:18;10064;50,00;
12:47:21;10092;50,00;
12:47:24;10068;50,00;
12:47:30;10068;49,99;
12:47:33;10088;49,99;
12:47:36;10068;49,99;
12:47:39;10080;49,99;
12:47:42;10052;49,99;
12:47:45;10072;49,99;
12:47:48;10064;50,00;
12:47:51;10068;50,00;
12:47:54;10060;50,01;
12:47:57;10072;50,01;
12:48:00;10048;50,01;
12:48:03;10064;50,01;
12:48:06;10044;50,01;
12:48:09;10068;50,01;
12:48:15;10060;50,01;
12:48:18;10040;50,01;
12:48:21;10056;50,01;
12:48:24;10040;50,00;
12:48:27;10056;50,00;
12:48:30;10028;50,00;
12:48:36;10048;50,00;
12:48:39;10052;50,00;
12:48:42;10052;50,01;
12:48:48;10056;50,01;
12:48:51;10048;50,01;
12:48:54;10032;50,01;
12:48:57;10044;50,01;
12:49:00;10048;50,01;
12:49:03;10040;50,01;
12:49:06;10044;50,00;
12:49:09;10028;50,00;
12:49:12;10048;50,01;
12:49:15;10032;50,00;
12:49:21;10028;50,00;
12:49:24;10048;50,00;
12:49:27;10040;50,00;
12:49:30;10056;49,99;
12:49:33;10044;49,99;
12:49:36;10068;49,99;
12:49:39;10068;49,98;
12:49:42;10052;49,99;
12:49:45;10056;50,00;
12:49:48;10080;50,00;
12:49:51;10056;50,00;
12:49:54;10076;50,00;
12:49:57;10056;50,00;
12:50:00;10076;50,00;
12:50:03;10072;50,00;
12:50:06;10076;50,00;
12:50:09;10052;50,00;
12:50:12;10072;50,00;
12:50:15;10060;49,99;
12:50:18;10076;49,99;
12:50:21;10056;49,98;
12:50:27;10052;49,98;
12:50:30;10068;49,98;
12:50:33;10048;49,98;
12:50:36;10064;49,98;
12:50:39;10048;49,98;
12:50:42;10064;49,98;
12:50:48;10044;49,98;
12:50:51;10048;49,98;
12:50:54;10056;49,98;
12:51:00;10056;49,99;
12:51:03;10068;49,99;
12:51:06;10056;50,00;
12:51:09;10068;50,00;
12:51:12;10048;50,00;
12:51:15;10044;50,00;
12:51:18;10060;49,99;
12:51:21;10048;49,99;
12:51:24;10068;49,98;
12:51:27;10052;49,98;
12:51:36;10076;49,98;
12:51:39;10060;49,98;
12:51:42;10076;49,98;
12:51:45;10060;49,98;
12:51:48;10080;49,98;
12:51:51;10084;49,98;
12:51:54;10080;49,98;
12:51:57;10080;49,99;
12:52:03;10092;50,00;
12:52:06;10088;49,99;
12:52:09;10092;50,00;
12:52:12;10072;50,00;
12:52:15;10092;49,99;
12:52:18;10072;49,99;
12:52:21;10096;49,98;
12:52:24;10068;49,98;
12:52:27;10100;49,98;
12:52:30;10084;49,98;
12:52:33;10100;49,98;
12:52:39;10104;49,98;
12:52:42;10092;49,98;
12:52:45;10104;49,98;
12:52:48;10080;49,98;
12:52:51;10100;49,99;
12:52:54;10084;50,00;
12:52:57;10100;49,99;
12:53:00;10104;49,99;
12:53:06;10096;50,00;
12:53:09;10108;50,00;
12:53:12;10088;50,00;
12:53:15;10116;50,00;
12:53:18;10096;49,99;
12:53:24;10084;49,99;
12:53:27;10104;49,99;
12:53:30;10084;49,99;
12:53:33;10096;49,99;
12:53:36;10072;49,99;
12:53:39;10088;49,99;
12:53:45;10076;49,98;
12:53:48;10064;49,98;
12:53:51;10080;49,98;
12:53:54;10076;49,98;
12:53:57;10080;49,98;
12:54:00;10072;49,98;
12:54:06;10088;49,99;
12:54:12;10100;49,99;
12:54:15;10080;50,00;
12:54:18;10100;49,99;
12:54:21;10088;49,99;
12:54:24;10104;49,99;
12:54:30;10104;49,98;
12:54:33;10088;49,98;
12:54:36;10100;49,98;
12:54:39;10076;49,98;
12:54:42;10100;49,97;
12:54:45;10088;49,97;
12:54:48;10100;49,97;
12:54:54;10104;49,98;
12:54:57;10088;49,98;
12:55:00;10100;49,98;
12:55:03;10076;49,98;
12:55:06;10100;49,99;
12:55:09;10088;49,99;
12:55:12;10100;49,99;
12:55:15;10080;49,98;
12:55:18;10104;49,98;
12:55:21;10092;49,98;
12:55:24;10108;49,98;
12:55:27;10084;49,98;
12:55:30;10108;49,98;
12:55:36;10112;49,99;
12:55:39;10088;49,99;
12:55:42;10116;49,99;
12:55:45;10104;49,99;
12:55:48;10112;49,98;
12:55:51;10096;49,98;
12:55:54;10112;49,98;
12:55:57;10116;49,98;
12:56:00;10120;49,99;
12:56:03;10092;49,99;
12:56:06;10112;49,99;
12:56:09;10096;49,99;
12:56:12;10112;49,98;
12:56:15;10092;49,98;
12:56:18;10112;49,99;
12:56:21;10100;49,98;
12:56:24;10112;49,99;
12:56:27;10092;49,99;
12:56:30;10112;49,99;
12:56:33;10100;49,99;
12:56:36;10116;50,00;
12:56:42;10124;50,00;
12:56:45;10108;50,00;
12:56:48;10120;50,00;
12:56:51;10100;50,00;
12:56:54;10120;49,99;
12:56:57;10112;49,99;
12:57:00;10116;49,99;
12:57:03;10124;50,00;
12:57:06;10128;50,01;
12:57:09;10124;50,01;
12:57:12;10120;50,01;
12:57:18;10120;50,00;
12:57:21;10116;50,00;
12:57:24;10100;50,00;
12:57:27;10116;50,00;
12:57:30;10116;49,99;
12:57:36;10100;50,00;
12:57:39;10116;50,00;
12:57:42;10100;50,00;
12:57:45;10120;50,00;
12:57:51;10124;49,99;
12:57:54;10104;49,98;
12:57:57;10124;49,99;
12:58:00;10108;49,98;
12:58:03;10124;50,00;
12:58:06;10108;50,00;
12:58:09;10128;50,00;
12:58:12;10120;50,00;
12:58:15;10124;50,00;
12:58:18;10104;50,00;
12:58:21;10128;49,99;
12:58:24;10112;49,99;
12:58:27;10132;49,98;
12:58:33;10132;49,97;
12:58:36;10116;49,98;
12:58:39;10132;49,98;
12:58:42;10112;49,98;
12:58:45;10128;49,99;
12:58:48;10108;49,98;
12:58:51;10124;49,99;
12:58:54;10124;49,98;
12:59:00;10108;49,98;
12:59:03;10120;49,98;
12:59:06;10108;49,98;
12:59:09;10120;49,98;
12:59:12;10112;49,98;
12:59:15;10104;49,98;
12:59:18;10112;49,98;
12:59:24;10108;49,98;
12:59:27;10104;49,98;
12:59:30;10108;49,97;
12:59:33;10104;49,98;
12:59:51;10100;49,97;
12:59:54;10096;49,97;
12:59:57;10072;49,97;
13:00:00;10096;49,96;
13:00:06;10092;49,96;
13:00:09;10092;49,95;
13:00:15;10092;49,96;
13:00:18;10088;49,96;
13:00:21;10068;49,96;
13:00:24;10088;49,96;
13:00:30;10092;49,96;
13:00:36;10088;49,96;
13:00:39;10092;49,97;
13:00:45;10096;49,97;
13:00:48;10096;49,96;
13:00:57;10100;49,96;
13:01:03;10084;49,96;
13:01:06;10104;49,96;
13:01:09;10108;49,96;
13:01:27;10092;49,96;
13:01:30;10096;49,96;
13:01:33;10108;49,96;
13:01:36;10112;49,96;
13:01:42;10116;49,96;
13:01:45;10108;49,95;
13:01:54;10108;49,96;
13:01:57;10100;49,95;
13:02:00;10104;49,96;
13:02:03;10100;49,96;
13:02:06;10104;49,96;
13:02:09;10096;49,96;
13:02:12;10092;49,96;
13:02:15;10100;49,96;
13:02:18;10108;49,96;
13:02:24;10108;49,95;
13:02:27;10108;49,94;
13:02:30;10112;49,94;
13:02:42;10108;49,95;
13:02:48;10108;49,96;
13:02:51;10104;49,96;
13:02:54;10084;49,95;
13:02:57;10108;49,95;
13:03:00;10100;49,95;
13:03:03;10104;49,96;
13:03:06;10108;49,96;
13:03:12;10116;49,96;
13:03:18;10096;49,96;
13:03:21;10116;49,96;
13:03:30;10120;49,96;
13:03:33;10124;49,96;
13:03:36;10116;49,96;
13:03:48;10120;49,96;
13:04:00;10104;49,96;
13:04:03;10116;49,96;
13:04:06;10112;49,97;
13:04:09;10116;49,97;
13:04:12;10104;49,97;
13:04:15;10108;49,96;
13:04:18;10092;49,96;
13:04:21;10108;49,96;
13:04:24;10100;49,96;
13:04:27;10100;49,97;
13:04:30;10076;49,97;
13:04:33;10096;49,97;
13:04:36;10080;49,97;
13:04:39;10092;49,97;
13:04:42;10068;49,97;
13:04:48;10072;49,96;
13:04:51;10084;49,96;
13:04:54;10064;49,96;
13:04:57;10084;49,96;
13:05:00;10068;49,96;
13:05:03;10088;49,96;
13:05:09;10064;49,96;
13:05:12;10056;49,96;
13:05:15;10080;49,96;
13:05:18;10068;49,96;
13:05:21;10080;49,96;
13:05:24;10072;49,96;
13:05:27;10088;49,96;
13:05:30;10092;49,96;
13:05:33;10096;49,97;
13:05:36;10080;49,97;
13:05:39;10092;49,97;
13:05:42;10076;49,98;
13:05:45;10100;49,98;
13:05:48;10084;49,99;
13:05:57;10104;49,99;
13:06:00;10084;49,99;
13:06:03;10104;49,99;
13:06:06;10088;49,98;
13:06:09;10112;49,98;
13:06:15;10096;49,98;
13:06:18;10092;49,97;
13:06:21;10116;49,97;
13:06:24;10092;49,98;
13:06:27;10108;49,98;
13:06:30;10092;49,98;
13:06:33;10108;49,98;
13:06:39;10104;49,98;
13:06:45;10080;49,98;
13:06:48;10104;49,98;
13:06:51;10104;49,99;
13:06:57;10084;49,99;
13:07:00;10100;49,99;
13:07:03;10104;49,99;
13:07:06;10108;49,99;
13:07:09;10104;49,99;
13:07:12;10108;50,00;
13:07:15;10100;50,00;
13:07:18;10108;49,99;
13:07:21;10104;49,99;
13:07:24;10108;49,99;
13:07:27;10092;49,99;
13:07:30;10108;49,99;
13:07:33;10084;49,99;
13:07:36;10104;49,99;
13:07:39;10092;49,99;
13:07:45;10092;50,00;
13:07:48;10108;50,00;
13:07:51;10088;50,00;
13:07:54;10112;50,00;
13:07:57;10092;50,00;
13:08:00;10112;50,00;
13:08:06;10096;49,99;
13:08:09;10088;49,98;
13:08:12;10120;49,98;
13:08:15;10096;49,98;
13:08:18;10116;49,98;
13:08:21;10100;49,98;
13:08:24;10120;49,98;
13:08:27;10116;49,98;
13:08:33;10092;49,98;
13:08:36;10112;49,98;
13:08:39;10092;49,98;
13:08:42;10112;49,99;
13:08:45;10092;50,00;
13:08:51;10096;50,00;
13:08:54;10116;50,00;
13:08:57;10096;50,00;
13:09:00;10112;50,00;
13:09:03;10092;50,00;
13:09:06;10104;50,00;
13:09:12;10092;50,00;
13:09:18;10088;50,00;
13:09:24;10080;50,00;
13:09:27;10088;49,99;
13:09:30;10068;49,99;
13:09:33;10088;49,99;
13:09:36;10064;50,00;
13:09:39;10084;50,00;
13:09:42;10064;50,00;
13:09:45;10088;50,00;
13:09:48;10068;50,00;
13:09:51;10096;50,01;
13:09:57;10084;50,00;
13:10:00;10056;50,00;
13:10:03;10080;50,00;
13:10:06;10056;50,00;
13:10:09;10076;50,00;
13:10:12;10052;50,00;
13:10:15;10068;50,00;
13:10:18;10064;50,00;
13:10:21;10072;50,01;
13:10:24;10060;50,01;
13:10:27;10068;50,00;
13:10:30;10056;50,01;
13:10:33;10064;50,01;
13:10:36;10044;50,01;
13:10:39;10064;50,01;
13:10:42;10044;50,01;
13:10:45;10064;50,01;
13:10:48;10040;50,01;
13:10:51;10064;50,01;
13:10:54;10048;50,01;
13:10:57;10072;50,01;
13:11:03;10068;50,00;
13:11:06;10056;50,01;
13:11:09;10076;50,00;
13:11:12;10060;50,01;
13:11:15;10076;50,00;
13:11:18;10056;50,00;
13:11:21;10076;50,00;
13:11:27;10072;49,99;
13:11:30;10060;49,99;
13:11:33;10080;49,98;
13:11:36;10060;49,99;
13:11:39;10080;49,98;
13:11:42;10056;49,98;
13:11:48;10072;49,98;
13:11:51;10084;49,98;
13:11:54;10072;49,98;
13:11:57;10088;49,98;
13:12:00;10068;49,98;
13:12:03;10088;49,98;
13:12:09;10076;49,99;
13:12:12;10080;49,98;
13:12:15;10088;49,98;
13:12:18;10084;49,98;
13:12:24;10088;49,98;
13:12:27;10080;49,98;
13:12:30;10092;49,98;
13:12:33;10072;49,99;
13:12:36;10092;50,00;
13:12:39;10076;50,00;
13:12:42;10096;50,00;
13:12:45;10080;50,00;
13:12:48;10108;50,00;
13:12:54;10100;50,00;
13:12:57;10080;50,00;
13:13:00;10096;50,00;
13:13:03;10076;50,00;
13:13:06;10096;50,00;
13:13:09;10080;50,00;
13:13:12;10096;50,00;
13:13:18;10092;50,00;
13:13:21;10068;49,99;
13:13:24;10092;49,99;
13:13:27;10076;49,99;
13:13:30;10092;49,99;
13:13:33;10080;49,99;
13:13:36;10096;49,99;
13:13:39;10080;50,00;
13:13:42;10100;50,00;
13:13:45;10084;50,01;
13:13:48;10100;50,01;
13:13:51;10080;50,01;
13:13:54;10104;50,00;
13:14:03;10080;50,01;
13:14:06;10100;50,01;
13:14:09;10088;50,01;
13:14:12;10096;50,01;
13:14:15;10080;50,01;
13:14:18;10092;50,01;
13:14:21;10100;50,01;
13:14:27;10096;50,00;
13:14:30;10100;50,00;
13:14:33;10104;50,00;
13:14:36;10100;50,00;
13:14:45;10084;50,00;
13:14:48;10096;50,00;
13:14:51;10076;50,00;
13:14:54;10096;50,00;
13:14:57;10080;50,00;
13:15:00;10092;50,00;
13:15:06;10088;50,00;
13:15:09;10076;50,00;
13:15:12;10084;50,00;
13:15:15;10064;49,99;
13:15:18;10084;49,99;
13:15:21;10076;49,99;
13:15:24;10072;49,98;
13:15:27;10080;49,98;
13:15:33;10076;49,98;
13:15:36;10080;49,99;
13:15:39;10072;49,99;
13:15:42;10048;49,99;
13:15:45;10076;49,99;
13:15:54;10052;50,00;
13:15:57;10076;50,00;
13:16:00;10064;50,00;
13:16:03;10072;50,00;
13:16:06;10048;50,00;
13:16:09;10064;50,00;
13:16:12;10064;49,99;
13:16:15;10068;50,00;
13:16:18;10044;50,00;
13:16:21;10068;50,00;
13:16:24;10052;50,00;
13:16:27;10064;50,00;
13:16:30;10044;50,00;
13:16:33;10068;49,99;
13:16:36;10064;49,99;
13:16:39;10076;49,99;
13:16:42;10056;49,99;
13:16:45;10072;49,98;
13:16:48;10060;49,99;
13:16:51;10068;49,99;
13:16:57;10060;50,00;
13:17:00;10048;50,00;
13:17:03;10068;50,00;
13:17:06;10048;50,00;
13:17:09;10068;50,00;
13:17:12;10056;50,00;
13:17:15;10068;50,00;
13:17:18;10072;50,00;
13:17:21;10068;49,99;
13:17:24;10064;49,99;
13:17:27;10068;49,99;
13:17:30;10064;49,99;
13:17:39;10048;49,98;
13:17:42;10060;49,98;
13:17:45;10060;49,99;
13:17:51;10056;49,99;
13:17:54;10056;50,00;
13:17:57;10056;50,01;
13:18:03;10064;50,01;
13:18:06;10068;50,01;
13:18:12;10072;50,01;
13:18:15;10076;50,01;
13:18:21;10056;50,01;
13:18:24;10080;50,01;
13:18:27;10080;50,00;
13:18:33;10084;50,00;
13:18:36;10088;50,00;
13:18:45;10076;50,00;
13:18:48;10096;50,00;
13:18:51;10104;50,00;
13:18:54;10108;50,00;
13:18:57;10112;50,00;
13:19:03;10120;50,00;
13:19:09;10124;50,00;
13:19:15;10128;50,00;
13:19:24;10132;50,00;
13:19:27;10116;50,00;
13:19:30;10132;50,00;
13:19:33;10136;50,00;
13:19:36;10132;50,00;
13:19:39;10128;50,00;
13:19:42;10124;50,00;
13:19:45;10124;49,99;
13:19:48;10120;49,99;
13:19:51;10100;49,99;
13:19:54;10112;50,00;
13:19:57;10108;50,00;
13:20:00;10112;50,00;
13:20:03;10104;50,00;
13:20:06;10100;50,00;
13:20:18;10108;50,00;
13:20:21;10096;50,00;
13:20:24;10112;50,01;
13:20:27;10100;50,01;
13:20:30;10104;50,01;
13:20:33;10100;50,00;
13:20:36;10096;50,00;
13:20:39;10104;50,00;
13:20:42;10108;50,00;
13:20:45;10104;50,00;
13:20:51;10100;50,00;
13:20:54;10096;50,00;
13:21:09;10092;50,01;
13:21:18;10068;50,00;
13:21:21;10084;50,00;
13:21:30;10080;50,00;
13:21:36;10076;50,00;
13:21:42;10056;50,00;
13:21:45;10076;50,00;
13:21:48;10072;50,00;
13:22:00;10076;50,00;
13:22:06;10072;50,00;
13:22:09;10076;50,00;
13:22:12;10072;50,00;
13:22:21;10076;50,00;
13:22:24;10060;49,99;
13:22:27;10076;49,99;
13:22:30;10080;49,98;
13:22:33;10096;49,98;
13:22:36;10092;49,98;
13:22:39;10108;49,98;
13:22:42;10092;49,98;
13:22:45;10116;49,98;
13:22:48;10112;49,98;
13:22:54;10096;49,98;
13:22:57;10112;49,98;
13:23:00;10088;49,99;
13:23:03;10104;49,99;
13:23:06;10084;49,99;
13:23:12;10080;50,00;
13:23:15;10096;50,00;
13:23:18;10076;49,99;
13:23:21;10096;49,99;
13:23:24;10084;49,99;
13:23:27;10088;49,98;
13:23:30;10076;49,99;
13:23:36;10060;50,00;
13:23:39;10068;50,00;
13:23:42;10044;50,00;
13:23:45;10060;50,00;
13:23:48;10040;50,00;
13:23:51;10060;50,00;
13:23:57;10060;49,99;
13:24:00;10044;50,00;
13:24:03;10064;49,99;
13:24:06;10052;49,99;
13:24:09;10072;49,99;
13:24:12;10052;49,99;
13:24:18;10048;49,99;
13:24:21;10072;49,99;
13:24:24;10048;49,99;
13:24:27;10064;49,99;
13:24:30;10044;49,99;
13:24:33;10060;49,99;
13:24:36;10048;50,00;
13:24:42;10060;50,00;
13:24:45;10052;50,00;
13:24:48;10048;50,00;
13:24:51;10044;49,99;
13:24:57;10040;50,00;
13:25:03;10044;50,00;
13:25:06;10040;50,00;
13:25:09;10040;49,99;
13:25:12;10044;49,99;
13:25:15;10048;49,99;
13:25:18;10048;50,00;
13:25:21;10036;50,00;
13:25:24;10052;50,00;
13:25:27;10052;49,99;
13:25:30;10056;49,99;
13:25:33;10052;49,98;
13:25:36;10068;49,98;
13:25:39;10072;49,98;
13:25:42;10076;49,98;
13:25:45;10084;49,99;
13:25:48;10088;49,98;
13:25:51;10076;49,99;
13:25:54;10096;49,99;
13:25:57;10080;49,99;
13:26:00;10104;49,99;
13:26:03;10088;49,99;
13:26:09;10080;50,00;
13:26:12;10112;50,00;
13:26:15;10100;50,00;
13:26:18;10116;50,00;
13:26:21;10088;50,00;
13:26:24;10112;50,00;
13:26:27;10108;50,00;
13:26:30;10092;50,00;
13:26:33;10088;49,99;
13:26:36;10108;49,99;
13:26:39;10084;49,99;
13:26:42;10096;49,99;
13:26:45;10072;50,00;
13:26:48;10092;50,00;
13:26:54;10084;50,00;
13:26:57;10072;50,00;
13:27:00;10092;50,01;
13:27:03;10080;50,01;
13:27:06;10076;50,01;
13:27:09;10056;50,01;
13:27:15;10060;50,01;
13:27:18;10076;50,00;
13:27:21;10056;50,01;
13:27:24;10076;50,01;
13:27:27;10064;50,01;
13:27:30;10072;50,01;
13:27:33;10076;50,01;
13:27:36;10068;50,01;
13:27:42;10064;50,01;
13:27:45;10056;50,01;
13:27:48;10076;50,01;
13:27:51;10056;50,01;
13:27:54;10072;50,00;
13:27:57;10076;50,00;
13:28:00;10072;50,01;
13:28:03;10056;50,01;
13:28:06;10076;50,01;
13:28:09;10056;50,01;
13:28:12;10080;50,01;
13:28:15;10056;50,01;
13:28:21;10048;50,00;
13:28:24;10064;50,00;
13:28:27;10056;50,00;
13:28:30;10060;50,00;
13:28:33;10048;50,00;
13:28:39;10060;50,00;
13:28:42;10056;50,00;
13:28:45;10048;50,01;
13:28:48;10028;50,01;
13:28:51;10048;50,02;
13:28:54;10040;50,02;
13:28:57;10048;50,01;
13:29:00;10024;50,01;
13:29:03;10048;50,01;
13:29:06;10032;50,01;
13:29:09;10044;50,02;
13:29:12;10024;50,02;
13:29:15;10044;50,02;
13:29:18;10040;50,02;
13:29:21;10060;50,02;
13:29:27;10036;50,02;
13:29:30;10060;50,02;
13:29:33;10068;50,02;
13:29:36;10044;50,03;
13:29:39;10072;50,03;
13:29:42;10064;50,02;
13:29:45;10080;50,02;
13:29:48;10076;50,02;
13:29:51;10084;50,01;
13:29:54;10076;50,01;
13:29:57;10088;50,01;
13:30:00;10072;50,01;
13:30:03;10100;50,01;
13:30:06;10088;50,01;
13:30:12;10084;50,00;
13:30:15;10092;50,00;
13:30:18;10080;50,01;
13:30:21;10088;50,01;
13:30:24;10064;50,01;
13:30:27;10084;50,01;
13:30:33;10072;50,01;
13:30:36;10064;50,01;
13:30:39;10060;50,01;
13:30:45;10056;50,01;
13:30:48;10064;50,01;
13:30:51;10044;50,01;
13:30:54;10064;50,01;
13:30:57;10048;50,00;
13:31:00;10060;50,00;
13:31:03;10032;50,00;
13:31:06;10060;50,00;
13:31:09;10044;50,00;
13:31:12;10060;50,00;
13:31:18;10060;49,99;
13:31:21;10044;50,00;
13:31:24;10060;50,00;
13:31:27;10032;50,00;
13:31:30;10052;49,99;
13:31:33;10036;49,99;
13:31:36;10052;49,99;
13:31:42;10052;50,00;
13:31:45;10040;50,00;
13:31:48;10056;50,00;
13:31:51;10032;50,00;
13:31:54;10056;50,01;
13:31:57;10044;50,01;
13:32:00;10056;50,01;
13:32:03;10036;50,00;
13:32:06;10056;50,00;
13:32:09;10036;50,00;
13:32:12;10048;50,00;
13:32:15;10024;50,01;
13:32:18;10040;50,00;
13:32:24;10036;50,00;
13:32:27;10012;50,00;
13:32:30;10028;50,00;
13:32:33;10012;50,00;
13:32:36;10036;50,00;
13:32:39;10012;50,00;
13:32:42;10036;50,00;
13:32:48;10040;50,00;
13:32:51;10020;50,01;
13:32:54;10036;50,01;
13:32:57;10016;50,01;
13:33:00;10040;50,01;
13:33:03;10020;50,01;
13:33:06;10048;50,01;
13:33:09;10032;50,01;
13:33:12;10044;50,00;
13:33:15;10020;50,00;
13:33:18;10040;50,00;
13:33:21;10028;50,00;
13:33:24;10036;50,00;
13:33:30;10028;50,00;
13:33:33;10016;49,99;
13:33:36;10020;50,00;
13:33:39;10008;50,00;
13:33:42;10012;50,00;
13:33:45;10008;50,00;
13:33:48;10000;50,00;
13:33:51;10012;50,00;
13:33:54;10000;50,00;
13:33:57;10024;50,01;
13:34:00;10004;50,01;
13:34:03;10016;50,00;
13:34:06;9996;50,00;
13:34:09;10016;50,00;
13:34:18;9996;50,00;
13:34:21;10016;50,00;
13:34:24;10000;50,00;
13:34:27;10024;50,00;
13:34:30;10008;50,00;
13:34:33;10028;50,00;
13:34:39;10032;50,00;
13:34:42;10016;50,00;
13:34:45;10036;50,00;
13:34:48;10020;50,00;
13:34:51;10044;50,00;
13:34:54;10024;50,00;
13:34:57;10040;50,00;
13:35:00;10016;50,01;
13:35:03;10032;50,01;
13:35:06;10008;50,01;
13:35:09;10024;50,01;
13:35:12;10004;50,00;
13:35:15;10020;50,00;
13:35:24;9996;50,00;
13:35:27;10016;50,00;
13:35:30;10000;50,00;
13:35:33;10016;50,00;
13:35:36;10004;50,00;
13:35:39;10008;50,00;
13:35:42;10016;50,00;
13:35:45;10008;50,01;
13:35:48;10004;50,01;
13:35:51;10008;50,00;
13:36:03;9988;50,00;
13:36:09;10004;50,00;
13:36:12;9976;50,00;
13:36:15;9996;50,00;
13:36:18;9984;50,00;
13:36:21;10004;50,00;
13:36:27;10000;50,01;
13:36:30;9984;50,01;
13:36:33;9996;50,01;
13:36:36;9976;50,01;
13:36:39;9988;50,00;
13:36:42;9976;50,01;
13:36:45;9972;50,01;
13:36:48;9980;50,01;
13:36:51;9992;50,01;
13:36:54;9988;50,01;
13:37:00;9984;50,01;
13:37:06;9988;50,01;
13:37:09;9972;50,00;
13:37:12;9992;50,00;
13:37:15;9992;50,01;
13:37:18;10000;50,01;
13:37:21;10004;50,01;
13:37:24;10004;50,00;
13:37:27;10012;50,00;
13:37:33;10028;50,00;
13:37:42;10032;50,00;
13:37:45;10028;50,00;
13:37:48;10024;50,00;
13:37:51;10004;50,00;
13:37:54;10028;50,00;
13:37:57;10032;50,00;
13:38:06;10028;50,01;
13:38:09;10024;50,01;
13:38:18;10020;50,00;
13:38:21;10004;50,00;
13:38:24;10016;50,00;
13:38:27;9988;50,00;
13:38:30;10016;50,00;
13:38:33;10004;50,00;
13:38:36;10016;50,00;
13:38:42;10012;49,99;
13:38:45;10008;49,99;
13:38:48;10000;49,99;
13:38:51;9996;49,99;
13:38:54;10004;49,99;
13:38:57;9996;49,99;
13:39:00;9980;50,00;
13:39:03;9972;50,00;
13:39:06;9948;50,00;
13:39:12;9932;50,00;
13:39:15;9924;50,00;
13:39:18;9920;50,00;
13:39:24;9932;50,00;
13:39:27;9936;50,00;
13:39:30;9948;50,00;
13:39:33;9944;50,00;
13:39:39;9936;50,00;
13:39:42;9904;50,01;
13:39:45;9932;50,00;
13:39:48;9920;50,00;
13:39:54;9916;50,00;
13:40:00;9920;50,00;
13:40:06;9896;50,00;
13:40:09;9912;50,00;
13:40:12;9908;50,00;
13:40:15;9904;50,00;
13:40:18;9908;50,00;
13:40:30;9900;50,00;
13:40:33;9892;50,01;
13:40:36;9892;50,00;
13:40:39;9880;50,00;
13:40:42;9856;50,00;
13:40:48;9840;50,00;
13:40:51;9856;50,00;
13:40:54;9852;50,01;
13:40:57;9848;50,01;
13:41:00;9856;50,00;
13:41:06;9864;50,00;
13:41:12;9844;50,00;
13:41:15;9860;50,01;
13:41:18;9856;50,01;
13:41:24;9860;50,01;
13:41:27;9864;50,00;
13:41:30;9868;50,00;
13:41:36;9872;50,00;
13:41:39;9876;50,00;
13:41:42;9872;50,00;
13:41:45;9884;50,00;
13:41:48;9880;50,00;
13:41:51;9884;50,01;
13:41:54;9880;50,01;
13:41:57;9876;50,00;
13:42:00;9872;50,01;
13:42:03;9888;50,01;
13:42:06;9860;50,01;
13:42:09;9880;50,01;
13:42:12;9856;50,01;
13:42:15;9872;50,01;
13:42:21;9860;50,01;
13:42:24;9836;50,01;
13:42:27;9844;50,01;
13:42:30;9812;50,01;
13:42:33;9832;50,01;
13:42:36;9816;50,01;
13:42:45;9840;50,01;
13:42:51;9852;50,01;
13:42:57;9864;50,01;
13:43:00;9872;50,01;
13:43:03;9856;50,01;
13:43:06;9876;50,02;
13:43:09;9872;50,02;
13:43:12;9868;50,02;
13:43:15;9860;50,02;
13:43:18;9852;50,01;
13:43:27;9844;50,01;
13:43:30;9840;50,01;
13:43:33;9836;50,00;
13:43:36;9836;50,01;
13:43:39;9828;50,01;
13:43:45;9820;50,01;
13:43:48;9824;50,00;
13:43:51;9820;50,01;
13:43:54;9832;50,01;
13:43:57;9824;50,01;
13:44:00;9840;50,01;
13:44:03;9832;50,01;
13:44:06;9856;50,01;
13:44:09;9860;50,01;
13:44:12;9872;50,02;
13:44:18;9896;50,01;
13:44:21;9880;50,02;
13:44:24;9904;50,01;
13:44:27;9908;50,01;
13:44:33;9912;50,01;
13:44:36;9916;50,01;
13:44:42;9920;50,01;
13:44:45;9916;50,01;
13:44:48;9920;50,01;
13:44:51;9908;50,02;
13:44:54;9912;50,02;
13:44:57;9916;50,01;
13:45:00;9936;50,01;
13:45:03;9920;50,01;
13:45:06;9944;50,01;
13:45:09;9932;50,01;
13:45:12;9956;50,01;
13:45:15;9964;50,01;
13:45:18;9968;50,01;
13:45:21;9952;50,01;
13:45:24;9972;50,01;
13:45:27;9956;50,01;
13:45:30;9980;50,01;
13:45:33;9968;50,01;
13:45:42;9984;50,01;
13:45:45;9972;50,01;
13:45:48;9992;50,01;
13:45:51;9968;50,01;
13:45:54;9988;50,01;
13:46:00;9968;50,01;
13:46:03;9948;50,01;
13:46:06;9964;50,01;
13:46:09;9932;50,01;
13:46:12;9944;50,01;
13:46:15;9920;50,01;
13:46:18;9948;50,01;
13:46:21;9956;50,01;
13:46:24;9960;50,01;
13:46:27;9952;50,01;
13:46:30;9976;50,01;
13:46:33;9952;50,01;
13:46:36;9968;50,01;
13:46:39;9956;50,00;
13:46:45;9964;50,00;
13:46:48;9972;50,00;
13:46:51;9964;50,00;
13:46:54;9956;50,00;
13:47:00;9952;50,00;
13:47:03;9968;50,00;
13:47:06;9960;50,01;
13:47:09;9972;50,01;
13:47:12;9956;50,01;
13:47:15;9980;50,01;
13:47:18;9956;50,01;
13:47:21;9980;50,01;
13:47:24;9964;50,01;
13:47:30;9960;50,01;
13:47:33;9976;50,00;
13:47:36;9956;50,00;
13:47:39;9972;50,00;
13:47:42;9940;50,01;
13:47:45;9964;50,01;
13:47:51;9944;50,01;
13:47:54;9924;50,01;
13:47:57;9936;50,01;
13:48:00;9908;50,01;
13:48:03;9924;50,01;
13:48:06;9900;50,00;
13:48:09;9920;50,00;
13:48:12;9916;50,00;
13:48:15;9920;50,00;
13:48:18;9900;50,00;
13:48:21;9924;50,00;
13:48:24;9896;50,00;
13:48:27;9912;50,00;
13:48:30;9884;50,00;
13:48:36;9884;49,99;
13:48:39;9900;49,99;
13:48:42;9880;49,99;
13:48:45;9896;50,00;
13:48:48;9864;50,00;
13:48:51;9888;50,00;
13:48:54;9888;50,01;
13:48:57;9868;50,01;
13:49:00;9860;50,01;
13:49:03;9880;50,01;
13:49:06;9856;50,01;
13:49:09;9876;50,01;
13:49:12;9852;50,01;
13:49:15;9872;50,01;
13:49:18;9868;50,01;
13:49:21;9864;50,00;
13:49:24;9836;50,01;
13:49:27;9856;50,01;
13:49:30;9832;50,01;
13:49:33;9848;50,01;
13:49:36;9824;50,01;
13:49:42;9828;50,01;
13:49:45;9840;50,01;
13:49:48;9824;50,02;
13:49:51;9828;50,02;
13:49:54;9832;50,02;
13:49:57;9828;50,01;
13:50:00;9840;50,01;
13:50:03;9836;50,01;
13:50:06;9852;50,02;
13:50:09;9840;50,01;
13:50:12;9856;50,01;
13:50:15;9836;50,01;
13:50:18;9872;50,01;
13:50:21;9856;50,01;
13:50:24;9876;50,01;
13:50:27;9864;50,01;
13:50:30;9888;50,00;
13:50:33;9872;50,00;
13:50:36;9896;50,00;
13:50:39;9872;50,00;
13:50:42;9900;50,00;
13:50:48;9908;50,00;
13:50:51;9884;50,00;
13:50:54;9908;50,01;
13:50:57;9896;50,01;
13:51:00;9916;50,01;
13:51:03;9888;50,01;
13:51:06;9912;50,01;
13:51:12;9904;50,01;
13:51:15;9892;50,01;
13:51:18;9908;50,00;
13:51:21;9896;50,00;
13:51:24;9916;50,00;
13:51:27;9896;50,00;
13:51:30;9920;50,00;
13:51:33;9908;50,00;
13:51:36;9932;50,00;
13:51:39;9912;50,00;
13:51:42;9936;50,00;
13:51:45;9920;50,00;
13:51:48;9940;50,00;
13:51:54;9928;50,00;
13:51:57;9940;50,01;
13:52:00;9944;50,01;
13:52:06;9936;50,01;
13:52:09;9948;50,01;
13:52:12;9932;50,01;
13:52:15;9952;50,01;
13:52:18;9932;50,01;
13:52:21;9952;50,01;
13:52:24;9936;50,01;
13:52:27;9956;50,01;
13:52:30;9936;50,01;
13:52:33;9956;50,01;
13:52:39;9948;50,01;
13:52:42;9968;50,01;
13:52:45;9964;50,01;
13:52:48;9976;50,01;
13:52:51;9968;50,01;
13:52:54;9984;50,01;
13:52:57;9988;50,01;
13:53:03;9984;50,01;
13:53:06;9972;50,01;
13:53:09;9988;50,01;
13:53:12;9980;50,01;
13:53:15;9992;50,02;
13:53:18;9968;50,02;
13:53:21;9992;50,02;
13:53:24;9968;50,01;
13:53:27;9984;50,01;
13:53:30;9960;50,01;
13:53:33;9992;50,01;
13:53:36;9976;50,01;
13:53:39;10000;50,01;
13:53:45;9996;50,01;
13:53:48;9988;50,01;
13:53:51;10000;50,01;
13:53:54;9964;50,01;
13:53:57;9976;50,01;
13:54:00;9956;50,01;
13:54:03;9968;50,01;
13:54:06;9960;50,01;
13:54:09;9936;50,01;
13:54:12;9912;50,01;
13:54:15;9916;50,01;
13:54:18;9884;50,01;
13:54:21;9884;50,02;
13:54:24;9848;50,02;
13:54:27;9860;50,02;
13:54:30;9816;50,02;
13:54:33;9820;50,01;
13:54:36;9796;50,01;
13:54:39;9788;50,00;
13:54:42;9760;50,00;
13:54:45;9772;50,00;
13:54:51;9744;50,01;
13:54:54;9724;50,01;
13:54:57;9740;50,02;
13:55:00;9736;50,02;
13:55:03;9744;50,02;
13:55:06;9736;50,02;
13:55:09;9728;50,01;
13:55:12;9744;50,01;
13:55:15;9736;50,01;
13:55:18;9740;50,01;
13:55:21;9732;50,01;
13:55:24;9736;50,01;
13:55:27;9740;50,01;
13:55:30;9736;50,01;
13:55:33;9712;50,01;
13:55:36;9740;50,01;
13:55:39;9736;50,01;
13:55:42;9748;50,01;
13:55:45;9744;50,01;
13:55:48;9736;50,01;
13:55:51;9732;50,01;
13:55:57;9728;50,01;
13:56:09;9724;50,01;
13:56:12;9728;50,01;
13:56:15;9712;50,01;
13:56:18;9728;50,01;
13:56:21;9716;50,01;
13:56:27;9692;50,01;
13:56:30;9716;50,01;
13:56:33;9696;50,00;
13:56:36;9712;50,01;
13:56:45;9696;50,01;
13:56:48;9708;50,01;
13:56:51;9688;50,01;
13:56:54;9720;50,01;
13:56:57;9708;50,01;
13:57:00;9724;50,02;
13:57:06;9728;50,02;
13:57:09;9716;50,01;
13:57:12;9728;50,01;
13:57:15;9708;50,01;
13:57:18;9732;50,01;
13:57:21;9716;50,01;
13:57:24;9728;50,01;
13:57:27;9712;50,01;
13:57:30;9740;50,01;
13:57:33;9720;50,01;
13:57:36;9736;50,01;
13:57:39;9716;50,01;
13:57:42;9740;50,01;
13:57:48;9736;50,01;
13:57:51;9712;50,01;
13:57:54;9736;50,00;
13:57:57;9732;50,01;
13:58:00;9740;50,01;
13:58:03;9728;50,01;
13:58:09;9740;50,01;
13:58:18;9736;50,01;
13:58:21;9740;50,01;
13:58:24;9740;50,00;
13:58:30;9720;50,00;
13:58:33;9744;50,00;
13:58:39;9744;50,01;
13:58:45;9748;50,01;
13:58:48;9748;50,00;
13:58:54;9752;50,00;
13:58:57;9748;50,01;
13:59:00;9744;50,01;
13:59:03;9748;50,01;
13:59:06;9744;50,01;
13:59:09;9748;50,01;
13:59:12;9732;50,01;
13:59:15;9748;50,01;
13:59:18;9756;50,01;
13:59:27;9752;50,01;
13:59:30;9748;50,00;
13:59:33;9752;50,00;
13:59:36;9736;49,99;
13:59:39;9752;50,00;
13:59:54;9748;50,00;
14:00:00;9744;50,01;
14:00:03;9748;50,01;
14:00:06;9736;50,01;
14:00:09;9744;50,01;
14:00:12;9756;50,00;
14:00:15;9748;50,00;
14:00:18;9756;50,00;
14:00:21;9740;50,00;
14:00:24;9752;49,99;
14:00:27;9776;49,99;
14:00:30;9764;50,00;
14:00:33;9788;50,00;
14:00:36;9776;50,00;
14:00:39;9800;50,00;
14:00:45;9812;50,00;
14:00:48;9816;49,99;
14:00:51;9824;49,99;
14:00:54;9808;49,98;
14:00:57;9832;49,99;
14:01:00;9828;49,98;
14:01:06;9836;49,99;
14:01:09;9844;49,99;
14:01:12;9836;49,98;
14:01:15;9852;49,98;
14:01:18;9848;49,98;
14:01:27;9824;49,97;
14:01:30;9856;49,97;
14:01:36;9856;49,98;
14:01:39;9852;49,98;
14:01:42;9856;49,98;
14:01:51;9852;49,98;
14:01:54;9852;49,99;
14:02:03;9860;49,98;
14:02:06;9864;49,98;
14:02:09;9852;49,98;
14:02:12;9872;49,98;
14:02:15;9884;49,99;
14:02:21;9888;49,99;
14:02:24;9892;49,99;
14:02:27;9892;49,98;
14:02:33;9884;49,98;
14:02:36;9896;49,98;
14:02:39;9900;49,98;
14:02:45;9896;49,98;
14:03:00;9896;49,99;
14:03:03;9892;49,99;
14:03:06;9900;49,98;
14:03:09;9892;49,97;
14:03:12;9896;49,97;
14:03:15;9892;49,97;
14:03:18;9880;49,97;
14:03:21;9888;49,97;
14:03:24;9904;49,97;
14:03:27;9884;49,98;
14:03:30;9908;49,98;
14:03:33;9896;49,98;
14:03:36;9912;49,98;
14:03:39;9916;49,98;
14:03:45;9900;49,98;
14:03:48;9924;49,99;
14:03:51;9896;49,99;
14:03:54;9916;49,99;
14:03:57;9892;50,00;
14:04:03;9888;49,99;
14:04:06;9908;49,99;
14:04:09;9884;49,98;
14:04:12;9904;49,98;
14:04:15;9884;49,98;
14:04:18;9904;49,98;
14:04:21;9908;49,97;
14:04:24;9888;49,97;
14:04:27;9888;49,96;
14:04:30;9912;49,97;
14:04:33;9884;49,97;
14:04:36;9908;49,97;
14:04:39;9896;49,98;
14:04:42;9912;49,98;
14:04:45;9912;49,97;
14:04:48;9912;49,98;
14:04:51;9892;49,98;
14:04:54;9912;49,99;
14:04:57;9888;49,99;
14:05:00;9908;50,00;
14:05:03;9900;50,00;
14:05:09;9904;50,00;
14:05:15;9912;49,99;
14:05:18;9904;49,99;
14:05:21;9916;49,98;
14:05:24;9892;49,98;
14:05:27;9912;49,98;
14:05:30;9916;49,98;
14:05:33;9912;49,98;
14:05:36;9908;49,98;
14:05:42;9904;49,98;
14:05:45;9908;49,98;
14:05:54;9912;49,99;
14:06:00;9904;50,00;
14:06:03;9916;50,00;
14:06:06;9904;49,99;
14:06:09;9908;49,99;
14:06:12;9888;49,99;
14:06:15;9884;49,99;
14:06:18;9876;49,99;
14:06:21;9884;49,98;
14:06:24;9856;49,98;
14:06:27;9876;49,98;
14:06:30;9852;49,98;
14:06:33;9872;49,98;
14:06:36;9872;49,99;
14:06:42;9864;50,00;
14:06:45;9876;50,00;
14:06:48;9852;49,99;
14:06:51;9872;49,99;
14:06:54;9848;49,99;
14:07:00;9844;50,01;
14:07:03;9880;50,01;
14:07:06;9856;50,01;
14:07:09;9864;50,01;
14:07:12;9836;50,00;
14:07:15;9856;50,00;
14:07:21;9836;50,00;
14:07:24;9824;50,01;
14:07:27;9844;50,01;
14:07:30;9828;50,01;
14:07:33;9844;50,00;
14:07:36;9820;50,00;
14:07:39;9844;50,00;
14:07:42;9840;50,00;
14:07:45;9836;50,00;
14:07:48;9816;50,01;
14:07:51;9840;50,01;
14:07:54;9820;50,01;
14:07:57;9836;50,01;
14:08:00;9820;50,01;
14:08:06;9812;50,01;
14:08:09;9816;50,01;
14:08:12;9804;50,00;
14:08:15;9800;50,00;
14:08:18;9804;50,00;
14:08:21;9796;49,99;
14:08:24;9808;49,99;
14:08:27;9804;49,99;
14:08:30;9796;49,99;
14:08:33;9772;49,99;
14:08:36;9792;49,99;
14:08:39;9768;50,00;
14:08:42;9780;50,00;
14:08:45;9764;50,00;
14:08:48;9784;50,00;
14:08:51;9752;50,00;
14:08:54;9768;50,00;
14:08:57;9744;50,00;
14:09:00;9756;50,00;
14:09:03;9736;50,00;
14:09:06;9748;50,00;
14:09:12;9752;50,01;
14:09:15;9740;50,01;
14:09:18;9756;50,01;
14:09:21;9732;50,01;
14:09:24;9756;50,01;
14:09:27;9740;50,01;
14:09:30;9756;50,01;
14:09:33;9756;50,00;
14:09:36;9760;50,00;
14:09:39;9704;50,00;
14:09:42;9752;50,01;
14:09:45;9504;50,01;
14:09:48;9752;50,01;
14:09:51;9760;50,02;
14:09:54;9752;50,02;
14:09:57;9724;50,02;
14:10:00;9656;50,02;
14:10:03;9660;50,02;
14:10:06;9728;50,02;
14:10:09;9692;50,02;
14:10:12;9688;50,02;
14:10:15;9736;50,02;
14:10:18;9664;50,01;
14:10:21;9756;50,01;
14:10:24;9740;50,01;
14:10:27;9760;50,01;
14:10:30;9772;50,01;
14:10:33;9748;50,01;
14:10:36;9776;50,01;
14:10:42;9772;50,01;
14:10:45;9748;50,01;
14:10:48;9780;50,00;
14:10:51;9756;50,00;
14:10:54;9772;50,00;
14:10:57;9732;50,00;
14:11:03;9756;50,00;
14:11:06;9760;50,00;
14:11:09;9736;50,00;
14:11:12;9752;50,00;
14:11:18;9756;50,00;
14:11:24;9748;50,00;
14:11:27;9756;50,00;
14:11:30;9744;50,00;
14:11:36;9708;50,00;
14:11:39;9744;50,00;
14:11:42;9732;50,00;
14:11:45;9748;50,00;
14:11:48;9708;50,00;
14:11:51;9732;50,01;
14:11:54;9736;50,01;
14:11:57;9752;50,01;
14:12:00;9728;50,01;
14:12:03;9752;50,02;
14:12:09;9748;50,02;
14:12:12;9724;50,02;
14:12:15;9744;50,01;
14:12:18;9728;50,01;
14:12:21;9748;50,00;
14:12:24;9720;50,00;
14:12:27;9744;50,01;
14:12:33;9740;50,01;
14:12:36;9720;50,01;
14:12:39;9744;50,02;
14:12:42;9728;50,02;
14:12:45;9736;50,02;
14:12:48;9704;50,01;
14:12:51;9736;50,01;
14:12:54;9728;50,02;
14:12:57;9736;50,02;
14:13:00;9712;50,02;
14:13:03;9732;50,02;
14:13:06;9720;50,02;
14:13:09;9728;50,01;
14:13:15;9720;50,01;
14:13:18;9712;50,01;
14:13:21;9720;50,01;
14:13:24;9708;50,01;
14:13:27;9716;50,01;
14:13:33;9704;50,02;
14:13:36;9716;50,02;
14:13:39;9716;50,01;
14:13:42;9712;50,01;
14:13:48;9716;50,01;
14:13:54;9704;50,01;
14:13:57;9712;50,01;
14:14:00;9676;50,01;
14:14:03;9708;50,01;
14:14:06;9700;50,01;
14:14:09;9708;50,03;
14:14:12;9688;50,03;
14:14:15;9708;50,03;
14:14:21;9712;50,02;
14:14:24;9704;50,02;
14:14:27;9712;50,02;
14:14:33;9700;50,02;
14:14:36;9712;50,02;
14:14:39;9680;50,01;
14:14:42;9708;50,01;
14:14:45;9692;50,01;
14:14:48;9708;50,01;
14:14:51;9672;50,01;
14:14:54;9704;50,02;
14:14:57;9688;50,02;
14:15:00;9704;50,02;
14:15:06;9700;50,01;
14:15:09;9688;50,02;
14:15:12;9700;50,02;
14:15:15;9668;50,02;
14:15:18;9692;50,01;
14:15:21;9680;50,01;
14:15:24;9692;50,01;
14:15:27;9692;50,02;
14:15:30;9688;50,01;
14:15:33;9672;50,01;
14:15:36;9688;50,01;
14:15:39;9664;50,01;
14:15:42;9692;50,01;
14:15:45;9672;50,01;
14:15:48;9692;50,02;
14:15:51;9664;50,03;
14:15:54;9684;50,02;
14:15:57;9668;50,02;
14:16:00;9684;50,02;
14:16:03;9656;50,02;
14:16:06;9680;50,02;
14:16:15;9664;50,02;
14:16:18;9680;50,02;
14:16:21;9672;50,01;
14:16:24;9676;50,01;
14:16:27;9672;50,02;
14:16:30;9660;50,02;
14:16:33;9676;50,02;
14:16:39;9672;50,02;
14:16:42;9668;50,02;
14:16:48;9668;50,03;
14:16:51;9664;50,03;
14:16:54;9640;50,03;
14:16:57;9668;50,04;
14:17:00;9664;50,03;
14:17:06;9660;50,03;
14:17:18;9660;50,02;
14:17:24;9664;50,01;
14:17:36;9648;50,01;
14:17:39;9664;50,02;
14:17:42;9668;50,03;
14:17:48;9664;50,02;
14:17:54;9668;50,01;
14:18:00;9648;50,01;
14:18:03;9668;50,01;
14:18:06;9664;50,01;
14:18:15;9664;50,02;
14:18:18;9660;50,01;
14:18:24;9652;50,01;
14:18:36;9648;50,00;
14:18:42;9616;50,00;
14:18:45;9648;50,01;
14:18:51;9644;50,01;
14:18:54;9640;50,01;
14:19:03;9636;50,01;
14:19:09;9636;50,00;
14:19:12;9620;50,01;
14:19:15;9628;50,01;
14:19:18;9612;50,01;
14:19:21;9628;50,00;
14:19:24;9620;50,00;
14:19:27;9616;50,00;
14:19:30;9624;50,00;
14:19:33;9628;50,01;
14:19:36;9624;50,01;
14:19:39;9620;50,01;
14:19:48;9624;50,01;
14:19:51;9608;50,02;
14:19:54;9628;50,02;
14:20:00;9624;50,02;
14:20:03;9628;50,03;
14:20:06;9632;50,03;
14:20:09;9636;50,03;
14:20:21;9636;50,02;
14:20:27;9636;50,01;
14:20:33;9604;50,01;
14:20:36;9640;50,01;
14:20:54;9644;50,01;
14:20:57;9616;50,01;
14:21:00;9640;50,01;
14:21:03;9640;50,02;
14:21:09;9644;50,02;
14:21:12;9640;50,02;
14:21:15;9640;50,01;
14:21:21;9632;50,01;
14:21:24;9640;50,01;
14:21:27;9628;50,01;
14:21:30;9636;50,01;
14:21:33;9616;50,01;
14:21:36;9628;50,01;
14:21:39;9624;50,01;
14:21:42;9612;50,01;
14:21:45;9624;50,01;
14:21:51;9616;50,01;
14:21:54;9620;50,01;
14:21:57;9624;50,01;
14:22:00;9620;50,01;
14:22:03;9604;50,02;
14:22:06;9628;50,01;
14:22:09;9624;50,02;
14:22:12;9620;50,01;
14:22:18;9624;50,01;
14:22:21;9612;50,00;
14:22:30;9616;50,00;
14:22:33;9600;50,00;
14:22:36;9612;50,00;
14:22:39;9596;50,00;
14:22:42;9612;50,00;
14:22:48;9580;50,00;
14:22:51;9588;50,01;
14:22:54;9604;50,01;
14:22:57;9576;50,01;
14:23:00;9604;50,01;
14:23:03;9584;50,01;
14:23:06;9604;50,01;
14:23:12;9600;50,01;
14:23:15;9584;50,01;
14:23:18;9600;50,01;
14:23:21;9576;50,01;
14:23:24;9600;50,01;
14:23:27;9584;50,01;
14:23:33;9572;50,01;
14:23:36;9600;50,02;
14:23:39;9596;50,01;
14:23:42;9596;50,02;
14:23:45;9592;50,01;
14:23:51;9588;50,01;
14:23:54;9568;50,01;
14:23:57;9580;50,01;
14:24:00;9576;50,01;
14:24:03;9572;50,01;
14:24:09;9568;50,01;
14:24:12;9560;50,01;
14:24:18;9556;50,01;
14:24:24;9552;50,01;
14:24:27;9560;50,01;
14:24:30;9552;50,01;
14:24:33;9560;50,01;
14:24:36;9552;50,01;
14:24:39;9544;50,01;
14:24:42;9548;50,01;
14:24:45;9560;50,01;
14:24:48;9524;50,01;
14:24:51;9564;50,01;
14:24:54;9548;50,01;
14:24:57;9560;50,01;
14:25:03;9556;50,02;
14:25:06;9544;50,02;
14:25:09;9556;50,02;
14:25:12;9516;50,02;
14:25:15;9548;50,02;
14:25:18;9532;50,01;
14:25:24;9512;50,01;
14:25:27;9544;50,01;
14:25:30;9532;50,01;
14:25:33;9540;50,01;
14:25:36;9508;50,01;
14:25:39;9536;50,01;
14:25:45;9528;50,01;
14:25:48;9500;50,01;
14:25:51;9540;50,01;
14:25:54;9524;50,02;
14:25:57;9528;50,02;
14:26:00;9504;50,01;
14:26:03;9536;50,01;
14:26:09;9532;50,01;
14:26:12;9496;50,02;
14:26:15;9532;50,02;
14:26:18;9516;50,01;
14:26:21;9512;50,01;
14:26:24;9500;50,01;
14:26:30;9516;50,01;
14:26:33;9528;50,01;
14:26:36;9492;50,01;
14:26:39;9520;50,02;
14:26:42;9508;50,01;
14:26:45;9472;50,01;
14:26:48;9520;50,01;
14:26:51;9492;50,01;
14:26:54;9512;50,02;
14:26:57;9524;50,02;
14:27:00;9492;50,01;
14:27:03;9524;50,02;
14:27:06;9508;50,01;
14:27:09;9520;50,01;
14:27:12;9520;50,00;
14:27:15;9520;50,01;
14:27:18;9504;50,01;
14:27:21;9516;50,01;
14:27:24;9492;50,01;
14:27:27;9504;50,01;
14:27:36;9496;50,01;
14:27:39;9480;50,01;
14:27:42;9500;50,01;
14:27:45;9484;50,01;
14:27:48;9500;50,02;
14:27:51;9468;50,02;
14:27:54;9500;50,02;
14:28:00;9504;50,03;
14:28:03;9476;50,03;
14:28:06;9504;50,03;
14:28:09;9488;50,02;
14:28:12;9504;50,02;
14:28:15;9468;50,03;
14:28:21;9484;50,03;
14:28:24;9500;50,03;
14:28:27;9468;50,03;
14:28:30;9500;50,03;
14:28:33;9488;50,03;
14:28:36;9504;50,03;
14:28:42;9472;50,04;
14:28:45;9484;50,03;
14:28:48;9496;50,03;
14:28:51;9464;50,03;
14:28:54;9496;50,03;
14:28:57;9480;50,03;
14:29:00;9496;50,03;
14:29:03;9492;50,03;
14:29:06;9492;50,02;
14:29:09;9476;50,02;
14:29:12;9492;50,01;
14:29:15;9456;50,01;
14:29:18;9488;50,01;
14:29:21;9480;50,01;
14:29:27;9464;50,01;
14:29:30;9480;50,01;
14:29:33;9488;50,00;
14:29:39;9492;50,01;
14:29:42;9496;50,01;
14:29:48;9480;50,01;
14:29:51;9468;50,01;
14:29:54;9492;50,01;
14:29:57;9476;50,01;
14:30:00;9492;50,01;
14:30:03;9464;50,01;
14:30:06;9488;50,01;
14:30:12;9484;50,01;
14:30:15;9456;50,01;
14:30:18;9480;50,01;
14:30:21;9460;50,01;
14:30:24;9468;50,02;
14:30:27;9452;50,02;
14:30:33;9460;50,02;
14:30:36;9456;50,01;
14:30:39;9452;50,01;
14:30:42;9432;50,01;
14:30:45;9452;50,02;
14:30:48;9440;50,02;
14:30:51;9456;50,02;
14:30:54;9452;50,01;
14:30:57;9456;50,01;
14:31:00;9440;50,01;
14:31:03;9452;50,01;
14:31:06;9416;50,02;
14:31:09;9452;50,03;
14:31:12;9436;50,03;
14:31:15;9448;50,03;
14:31:18;9420;50,03;
14:31:21;9444;50,03;
14:31:24;9424;50,03;
14:31:27;9436;50,02;
14:31:30;9412;50,02;
14:31:33;9432;50,02;
14:31:39;9428;50,03;
14:31:42;9404;50,03;
14:31:45;9420;50,03;
14:31:48;9404;50,03;
14:31:51;9420;50,03;
14:31:54;9384;50,03;
14:31:57;9420;50,03;
14:32:00;9420;50,04;
14:32:03;9424;50,05;
14:32:06;9396;50,04;
14:32:09;9420;50,04;
14:32:12;9400;50,04;
14:32:15;9416;50,03;
14:32:18;9388;50,03;
14:32:21;9412;50,03;
14:32:24;9392;50,04;
14:32:27;9412;50,03;
14:32:30;9396;50,04;
14:32:33;9412;50,04;
14:32:36;9408;50,05;
14:32:39;9404;50,05;
14:32:42;9416;50,05;
14:32:45;9412;50,05;
14:32:48;9416;50,03;
14:32:51;9400;50,03;
14:32:54;9416;50,03;
14:32:57;9392;50,03;
14:33:00;9416;50,04;
14:33:03;9400;50,04;
14:33:06;9416;50,04;
14:33:09;9384;50,04;
14:33:12;9412;50,05;
14:33:15;9392;50,05;
14:33:18;9404;50,05;
14:33:21;9380;50,05;
14:33:24;9400;50,05;
14:33:30;9384;50,05;
14:33:33;9392;50,05;
14:33:36;9388;50,05;
14:33:39;9384;50,05;
14:33:42;9380;50,05;
14:33:45;9368;50,05;
14:33:48;9384;50,05;
14:33:54;9380;50,05;
14:33:57;9356;50,05;
14:34:00;9380;50,05;
14:34:03;9356;50,05;
14:34:06;9380;50,05;
14:34:09;9352;50,05;
14:34:12;9372;50,05;
14:34:15;9356;50,05;
14:34:18;9368;50,05;
14:34:21;9348;50,05;
14:34:24;9368;50,04;
14:34:27;9348;50,04;
14:34:30;9368;50,04;
14:34:36;9364;50,04;
14:34:39;9344;50,03;
14:34:42;9364;50,04;
14:34:45;9336;50,04;
14:34:48;9360;50,04;
14:34:51;9340;50,04;
14:34:54;9356;50,04;
14:34:57;9360;50,04;
14:35:00;9356;50,05;
14:35:03;9332;50,04;
14:35:06;9352;50,03;
14:35:09;9328;50,03;
14:35:12;9348;50,03;
14:35:15;9328;50,03;
14:35:18;9348;50,03;
14:35:21;9324;50,03;
14:35:24;9344;50,02;
14:35:27;9320;50,02;
14:35:30;9332;50,02;
14:35:33;9316;50,02;
14:35:36;9328;50,03;
14:35:42;9328;50,04;
14:35:45;9316;50,04;
14:35:48;9320;50,03;
14:35:51;9316;50,03;
14:35:54;9312;50,03;
14:36:00;9288;50,03;
14:36:03;9308;50,03;
14:36:06;9316;50,03;
14:36:09;9312;50,03;
14:36:12;9320;50,04;
14:36:15;9320;50,03;
14:36:24;9292;50,03;
14:36:27;9320;50,03;
14:36:30;9316;50,03;
14:36:33;9320;50,02;
14:36:42;9324;50,02;
14:36:48;9320;50,02;
14:36:54;9312;50,02;
14:36:57;9308;50,03;
14:37:00;9308;50,02;
14:37:03;9304;50,02;
14:37:06;9252;50,01;
14:37:09;9304;50,01;
14:37:12;9280;50,02;
14:37:15;9308;50,02;
14:37:18;9288;50,02;
14:37:21;9300;50,02;
14:37:24;9276;50,02;
14:37:27;9296;50,02;
14:37:33;9300;50,02;
14:37:36;9272;50,02;
14:37:39;9300;50,02;
14:37:42;9280;50,02;
14:37:45;9308;50,02;
14:37:48;9280;50,02;
14:37:51;9304;50,02;
14:37:54;9300;50,01;
14:37:57;9308;50,02;
14:38:00;9272;50,02;
14:38:03;9296;50,02;
14:38:06;9276;50,02;
14:38:09;9296;50,02;
14:38:12;9272;50,03;
14:38:15;9288;50,02;
14:38:18;9268;50,02;
14:38:21;9284;50,02;
14:38:24;9260;50,02;
14:38:27;9276;50,02;
14:38:30;9252;50,03;
14:38:33;9264;50,03;
14:38:39;9252;50,03;
14:38:42;9244;50,04;
14:38:45;9248;50,03;
14:38:48;9244;50,03;
14:38:51;9252;50,03;
14:38:54;9256;50,03;
14:38:57;9236;50,03;
14:39:00;9256;50,03;
14:39:03;9256;50,04;
14:39:06;9252;50,04;
14:39:12;9248;50,04;
14:39:15;9252;50,04;
14:39:21;9228;50,04;
14:39:24;9252;50,04;
14:39:27;9248;50,03;
14:39:30;9252;50,03;
14:39:33;9252;50,04;
14:39:36;9248;50,04;
14:39:39;9252;50,04;
14:39:45;9260;50,03;
14:39:51;9256;50,03;
14:39:54;9252;50,03;
14:39:57;9260;50,04;
14:40:00;9256;50,04;
14:40:03;9236;50,04;
14:40:06;9260;50,05;
14:40:15;9264;50,05;
14:40:21;9272;50,04;
14:40:27;9252;50,04;
14:40:30;9280;50,04;
14:40:36;9280;50,03;
14:40:39;9276;50,03;
14:40:42;9284;50,03;
14:40:45;9268;50,03;
14:40:51;9276;50,03;
14:40:54;9276;50,02;
14:40:57;9280;50,02;
14:41:00;9284;50,02;
14:41:06;9284;50,03;
14:41:09;9256;50,03;
14:41:12;9280;50,03;
14:41:27;9276;50,03;
14:41:33;9248;50,03;
14:41:36;9268;50,04;
14:41:39;9264;50,04;
14:41:42;9268;50,04;
14:41:45;9252;50,04;
14:41:48;9264;50,04;
14:41:51;9256;50,04;
14:41:54;9252;50,04;
14:41:57;9260;50,04;
14:42:06;9264;50,04;
14:42:09;9268;50,04;
14:42:18;9252;50,04;
14:42:21;9264;50,03;
14:42:30;9260;50,03;
14:42:42;9252;50,04;
14:42:45;9252;50,05;
14:42:48;9248;50,05;
14:42:54;9252;50,05;
14:42:57;9244;50,04;
14:43:00;9208;50,03;
14:43:03;9248;50,04;
14:43:06;9244;50,04;
14:43:09;9244;50,03;
14:43:15;9240;50,02;
14:43:21;9240;50,03;
14:43:24;9204;50,03;
14:43:27;9236;50,04;
14:43:30;9236;50,03;
14:43:33;9240;50,03;
14:43:36;9232;50,03;
14:43:39;9236;50,03;
14:43:42;9228;50,02;
14:43:48;9208;50,01;
14:43:51;9228;50,02;
14:43:54;9224;50,02;
14:43:57;9228;50,02;
14:44:00;9196;50,02;
14:44:03;9228;50,02;
14:44:06;9224;50,02;
14:44:09;9216;50,02;
14:44:12;9184;50,01;
14:44:15;9220;50,01;
14:44:18;9200;50,01;
14:44:21;9216;50,01;
14:44:24;9212;50,02;
14:44:30;9200;50,03;
14:44:33;9204;50,03;
14:44:39;9200;50,03;
14:44:42;9192;50,03;
14:44:45;9188;50,03;
14:44:48;9172;50,03;
14:44:54;9176;50,03;
14:44:57;9184;50,03;
14:45:00;9152;50,03;
14:45:03;9176;50,04;
14:45:06;9160;50,04;
14:45:09;9176;50,04;
14:45:15;9140;50,03;
14:45:18;9160;50,03;
14:45:21;9172;50,03;
14:45:24;9132;50,02;
14:45:27;9172;50,01;
14:45:30;9156;50,01;
14:45:33;9168;50,01;
14:45:39;9168;50,00;
14:45:42;9148;50,00;
14:45:45;9164;50,01;
14:45:48;9132;50,01;
14:45:51;9164;50,01;
14:45:54;9148;50,01;
14:46:00;9132;50,02;
14:46:03;9164;50,02;
14:46:06;9144;50,02;
14:46:09;9164;50,02;
14:46:12;9132;50,01;
14:46:15;9164;50,01;
14:46:18;9164;50,02;
14:46:21;9148;50,01;
14:46:24;9164;50,01;
14:46:30;9168;50,01;
14:46:33;9164;50,01;
14:46:39;9160;50,01;
14:46:45;9156;50,01;
14:46:48;9116;50,01;
14:46:51;9140;50,02;
14:46:54;9160;50,02;
14:46:57;9144;50,02;
14:47:00;9152;50,02;
14:47:06;9124;50,02;
14:47:09;9132;50,02;
14:47:12;9148;50,02;
14:47:15;9112;50,02;
14:47:18;9140;50,01;
14:47:21;9124;50,01;
14:47:24;9144;50,01;
14:47:27;9140;50,01;
14:47:30;9136;50,01;
14:47:33;9120;50,01;
14:47:36;9136;50,01;
14:47:39;9100;50,01;
14:47:42;9132;50,01;
14:47:45;9112;50,01;
14:47:51;9088;50,01;
14:47:54;9120;50,01;
14:47:57;9100;50,01;
14:48:00;9120;50,01;
14:48:03;9088;50,01;
14:48:06;9120;50,01;
14:48:12;9100;50,01;
14:48:15;9084;50,01;
14:48:18;9120;50,00;
14:48:21;9104;50,00;
14:48:24;9120;50,00;
14:48:27;9088;50,00;
14:48:30;9120;50,00;
14:48:36;9116;50,00;
14:48:39;9076;50,00;
14:48:42;9112;50,00;
14:48:45;9096;50,01;
14:48:48;9108;50,01;
14:48:51;9064;50,01;
14:48:57;9084;50,01;
14:49:00;9096;50,01;
14:49:03;9056;50,01;
14:49:06;9092;50,01;
14:49:09;9072;50,01;
14:49:12;9084;50,01;
14:49:18;9048;50,02;
14:49:21;9060;50,01;
14:49:24;9076;50,01;
14:49:27;9036;50,01;
14:49:30;9072;50,01;
14:49:33;9028;50,01;
14:49:36;9064;50,01;
14:49:39;9052;50,01;
14:49:42;9048;50,01;
14:49:45;9056;50,01;
14:49:48;9048;50,01;
14:49:51;9040;50,01;
14:49:57;9052;50,01;
14:50:04;9048;50,01;
14:50:07;9052;50,01;
14:50:10;9056;50,01;
14:50:16;9052;50,02;
14:50:25;9052;50,01;
14:50:28;9048;50,01;
14:50:31;9048;50,02;
14:50:37;9052;50,02;
14:50:40;9048;50,02;
14:50:43;9004;50,02;
14:50:46;9044;50,02;
14:50:49;9036;50,02;
14:50:52;9044;50,03;
14:50:55;9004;50,03;
14:50:58;9040;50,04;
14:51:01;9024;50,04;
14:51:04;9032;50,03;
14:51:10;9028;50,02;
14:51:13;9020;50,02;
14:51:19;8980;50,02;
14:51:22;9024;50,03;
14:51:25;9012;50,02;
14:51:28;9020;50,02;
14:51:31;9024;50,02;
14:51:34;9020;50,03;
14:51:36;9008;50,02;
14:51:38;9020;50,02;
14:51:44;9016;50,02;
14:51:47;9020;50,02;
14:51:50;9012;50,02;
14:51:53;9016;50,02;
14:51:56;9000;50,01;
14:51:59;9020;50,02;
14:52:01;9008;50,01;
14:52:03;9016;50,02;
14:52:06;9012;50,02;
14:52:09;8980;50,02;
14:52:12;9012;50,02;
14:52:15;9012;50,03;
14:52:18;8968;50,02;
14:52:21;9004;50,02;
14:52:24;8996;50,02;
14:52:26;9004;50,02;
14:52:28;8960;50,01;
14:52:31;9000;50,01;
14:52:38;8996;50,01;
14:52:45;8992;50,01;
14:52:48;8988;50,02;
14:52:51;8992;50,02;
14:52:54;8980;50,02;
14:53:00;8992;50,03;
14:53:03;8988;50,03;
14:53:06;8992;50,03;
14:53:09;8964;50,03;
14:53:12;8996;50,03;
14:53:15;8980;50,02;
14:53:18;8996;50,01;
14:53:21;8992;50,01;
14:53:24;8988;50,01;
14:53:27;8980;50,01;
14:53:30;8984;50,01;
14:53:33;8944;50,01;
14:53:36;8988;50,01;
14:53:39;8976;50,01;
14:53:42;8992;50,01;
14:53:45;8944;50,01;
14:53:48;8988;50,01;
14:53:51;8976;50,02;
14:53:54;8984;50,01;
14:53:57;8944;50,01;
14:54:00;8992;50,01;
14:54:07;8988;50,01;
14:54:10;8984;50,01;
14:54:17;8988;50,01;
14:54:20;8940;50,00;
14:54:23;8984;50,00;
14:54:25;8988;50,00;
14:54:27;8992;50,00;
14:54:30;8944;50,01;
14:54:33;8988;50,01;
14:54:38;8980;50,01;
14:54:40;8988;50,01;
14:54:42;8944;50,01;
14:54:48;8984;50,01;
14:54:55;8988;50,02;
14:54:58;8964;50,03;
14:55:00;8988;50,03;
14:55:02;8976;50,02;
14:55:08;8984;50,02;
14:55:15;8980;50,01;
14:55:18;8984;50,01;
14:55:22;8928;50,00;
14:55:25;8980;50,00;
14:55:28;8976;50,00;
14:55:31;8972;50,00;
14:55:34;8980;50,00;
14:55:36;8972;50,00;
14:55:38;8968;50,00;
14:55:40;8964;50,00;
14:55:42;8968;50,00;
14:55:48;8916;50,00;
14:55:50;8964;50,00;
14:55:56;8960;50,00;
14:55:59;8912;50,00;
14:56:01;8964;50,00;
14:56:08;8960;50,00;
14:56:11;8904;50,00;
14:56:14;8960;50,00;
14:56:20;8952;49,99;
14:56:22;8916;49,99;
14:56:24;8960;49,99;
14:56:27;8960;50,00;
14:56:29;8944;49,99;
14:56:30;8956;50,00;
14:56:37;8912;50,00;
14:56:39;8936;50,00;
14:56:45;8948;50,00;
14:56:49;8944;49,99;
14:56:52;8944;49,98;
14:56:55;8940;49,98;
14:57:01;8904;49,98;
14:57:02;8920;49,98;
14:57:09;8924;49,98;
14:57:12;8896;49,98;
14:57:15;8916;49,98;
14:57:18;8908;49,98;
14:57:21;8916;49,98;
14:57:24;8916;49,99;
14:57:27;8908;49,99;
14:57:30;8896;49,99;
14:57:33;8904;50,00;
14:57:36;8876;50,00;
14:57:39;8900;49,99;
14:57:41;8888;49,99;
14:57:43;8896;49,99;
14:57:49;8888;49,99;
14:57:52;8884;49,98;
14:57:56;8884;49,99;
14:57:59;8872;49,99;
14:58:02;8880;49,99;
14:58:09;8884;49,99;
14:58:11;8876;50,00;
14:58:13;8880;50,00;
14:58:20;8880;49,99;
14:58:23;8880;49,98;
14:58:26;8844;49,98;
14:58:29;8880;49,98;
14:58:32;8876;49,98;
14:58:35;8876;49,97;
14:58:38;8840;49,97;
14:58:40;8876;49,97;
14:58:46;8872;49,98;
14:58:52;8844;49,98;
14:58:55;8864;49,99;
14:59:02;8824;49,99;
14:59:04;8856;49,99;
14:59:06;8852;49,99;
14:59:08;8856;49,99;
14:59:14;8796;49,99;
14:59:18;8840;49,99;
14:59:26;8832;49,98;
14:59:28;8856;49,98;
14:59:30;8852;49,98;
14:59:37;8856;49,98;
14:59:39;8852;49,98;
14:59:49;8848;49,98;
14:59:51;8840;49,99;
14:59:54;8844;49,98;
14:59:58;8836;49,99;
15:00:01;8812;50,00;
15:00:08;8828;49,99;
15:00:12;8836;49,98;
15:00:14;8800;49,98;
15:00:21;8836;49,98;
15:00:26;8840;49,97;
15:00:28;8836;49,97;
15:00:31;8824;49,97;
15:00:40;8832;49,97;
15:00:42;8788;49,97;
15:00:44;8816;49,98;
15:00:51;8828;49,99;
15:00:53;8824;49,99;
15:00:55;8816;50,00;
15:00:58;8820;50,00;
15:01:01;8820;49,99;
15:01:04;8804;50,00;
15:01:09;8820;50,00;
15:01:12;8824;50,00;
15:01:16;8784;50,00;
15:01:19;8808;50,00;
15:01:20;8792;50,00;
15:01:25;8804;50,00;
15:01:29;8760;49,99;
15:01:32;8804;50,00;
15:01:36;8808;50,00;
15:01:38;8752;49,99;
15:01:42;8796;49,98;
15:01:49;8780;49,98;
15:01:52;8752;49,98;
15:01:55;8796;49,97;
15:01:57;8776;49,97;
15:02:00;8788;49,97;
15:02:06;8792;49,96;
15:02:11;8792;49,97;
15:02:16;8788;49,97;
15:02:24;8776;49,97;
15:02:29;8788;49,97;
15:02:31;8788;49,96;
15:02:32;8772;49,97;
15:02:36;8784;49,97;
15:02:38;8732;49,96;
15:02:41;8780;49,96;
15:02:47;8776;49,96;
15:02:49;8780;49,97;
15:02:56;8728;49,98;
15:02:58;8776;49,98;
15:03:04;8748;49,98;
15:03:07;8776;49,98;
15:03:10;8768;49,98;
15:03:14;8768;49,97;
15:03:16;8724;49,97;
15:03:25;8756;49,97;
15:03:27;8760;49,96;
15:03:30;8708;49,96;
15:03:32;8760;49,96;
15:03:39;8744;49,96;
15:03:42;8700;49,97;
15:03:45;8752;49,97;
15:03:47;8740;49,97;
15:03:51;8748;49,97;
15:03:54;8696;49,98;
15:03:56;8744;49,98;
15:04:02;8740;49,97;
15:04:05;8684;49,96;
15:04:07;8736;49,96;
15:04:10;8732;49,96;
15:04:14;8728;49,96;
15:04:17;8728;49,97;
15:04:20;8668;49,97;
15:04:23;8712;49,97;
15:04:29;8708;49,97;
15:04:32;8700;49,96;
15:04:38;8696;49,96;
15:04:45;8648;49,96;
15:04:47;8684;49,98;
15:04:51;8696;49,98;
15:04:55;8692;49,98;
15:04:59;8696;49,98;
15:05:02;8692;49,98;
15:05:07;8668;49,98;
15:05:14;8692;49,97;
15:05:16;8696;49,97;
15:05:18;8688;49,97;
15:05:20;8648;49,97;
15:05:22;8700;49,97;
15:05:25;8704;49,97;
15:05:29;8696;49,97;
15:05:35;8696;49,98;
15:05:44;8692;49,98;
15:05:46;8696;49,98;
15:05:53;8692;49,99;
15:05:55;8656;50,00;
15:06:02;8684;50,00;
15:06:06;8692;50,00;
15:06:09;8660;50,00;
15:06:11;8692;50,00;
15:06:19;8676;50,01;
15:06:22;8624;50,00;
15:06:25;8676;50,00;
15:06:29;8672;49,99;
15:06:32;8672;49,98;
15:06:35;8616;49,98;
15:06:38;8660;49,98;
15:06:41;8672;49,98;
15:06:44;8608;49,98;
15:06:47;8668;49,97;
15:06:51;8660;49,97;
15:06:54;8668;49,97;
15:06:57;8660;49,97;
15:07:01;8660;49,98;
15:07:07;8656;49,98;
15:07:11;8660;49,98;
15:07:15;8652;49,98;
15:07:17;8656;49,97;
15:07:23;8648;49,97;
15:07:26;8648;49,98;
15:07:30;8652;49,98;
15:07:33;8584;49,98;
15:07:36;8652;49,98;
15:07:43;8644;49,98;
15:07:53;8640;49,98;
15:07:56;8588;49,98;
15:07:59;8640;49,98;
15:08:02;8644;49,99;
15:08:08;8592;49,99;
15:08:12;8620;49,98;
15:08:15;8640;49,98;
15:08:18;8636;49,97;
15:08:22;8624;49,97;
15:08:25;8584;49,97;
15:08:29;8616;49,97;
15:08:32;8620;49,98;
15:08:35;8580;49,98;
15:08:38;8620;49,99;
15:08:42;8612;49,99;
15:08:45;8628;50,00;
15:08:48;8632;50,00;
15:08:52;8636;50,00;
15:08:55;8624;50,00;
15:08:58;8628;50,00;
15:09:02;8632;50,00;
15:09:05;8616;50,00;
15:09:12;8596;49,99;
15:09:15;8632;49,98;
15:09:18;8612;49,98;
15:09:21;8636;49,98;
15:09:24;8596;49,98;
15:09:25;8636;49,97;
15:09:32;8616;49,97;
15:09:35;8596;49,98;
15:09:38;8632;49,97;
15:09:42;8616;49,96;
15:09:45;8636;49,96;
15:09:48;8596;49,96;
15:09:51;8636;49,97;
15:09:58;8632;49,97;
15:10:01;8624;49,98;
15:10:04;8628;49,98;
15:10:07;8624;49,98;
15:10:10;8632;49,98;
15:10:11;8608;49,98;
15:10:17;8620;49,98;
15:10:27;8624;49,99;
15:10:30;8604;49,99;
15:10:33;8620;49,98;
15:10:42;8600;49,99;
15:10:45;8612;49,98;
15:10:48;8568;49,99;
15:10:51;8604;49,98;
15:10:52;8592;49,98;
15:10:55;8612;49,98;
15:10:59;8596;49,98;
15:11:05;8588;49,98;
15:11:08;8592;49,98;
15:11:11;8576;49,98;
15:11:14;8572;49,98;
15:11:17;8588;49,98;
15:11:36;8592;49,98;
15:11:39;8584;49,97;
15:11:48;8580;49,98;
15:11:51;8576;49,99;
15:11:57;8576;50,00;
15:12:00;8580;50,00;
15:12:03;8544;50,00;
15:12:06;8584;50,01;
15:12:09;8568;50,00;
15:12:15;8564;49,99;
15:12:21;8564;49,98;
15:12:27;8524;49,98;
15:12:30;8560;49,98;
15:12:37;8520;49,99;
15:12:40;8556;50,00;
15:12:41;8544;50,00;
15:12:47;8568;50,01;
15:12:50;8568;50,00;
15:12:51;8552;49,99;
15:12:57;8552;50,00;
15:13:03;8548;50,00;
15:13:06;8548;49,99;
15:13:10;8536;49,99;
15:13:13;8544;49,99;
15:13:16;8528;49,99;
15:13:19;8540;49,99;
15:13:22;8528;49,99;
15:13:25;8540;49,99;
15:13:28;8508;49,99;
15:13:31;8544;49,99;
15:13:34;8540;49,99;
15:13:37;8536;50,00;
15:13:40;8500;50,00;
15:13:43;8536;49,99;
15:13:46;8512;49,99;
15:13:50;8532;49,99;
15:13:53;8488;49,99;
15:13:56;8532;49,99;
15:13:59;8504;49,99;
15:14:02;8524;50,00;
15:14:05;8480;50,00;
15:14:08;8516;50,00;
15:14:12;8496;50,00;
15:14:15;8516;50,00;
15:14:18;8476;50,00;
15:14:21;8512;49,99;
15:14:24;8508;49,98;
15:14:27;8512;49,98;
15:14:30;8512;49,97;
15:14:31;8504;49,97;
15:14:34;8472;49,97;
15:14:37;8500;49,97;
15:14:40;8500;49,98;
15:14:43;8496;49,98;
15:14:46;8472;49,98;
15:14:50;8492;49,98;
15:14:53;8444;49,99;
15:14:56;8484;49,99;
15:14:59;8460;49,99;
15:15:02;8480;49,99;
15:15:05;8444;49,99;
15:15:08;8480;49,98;
15:15:11;8460;49,99;
15:15:14;8476;49,98;
15:15:17;8436;49,99;
15:15:20;8476;49,99;
15:15:26;8472;49,99;
15:15:29;8428;49,99;
15:15:32;8456;49,98;
15:15:35;8432;49,98;
15:15:38;8464;49,98;
15:15:41;8416;49,98;
15:15:44;8452;49,98;
15:15:47;8448;49,99;
15:15:51;8452;49,99;
15:15:53;8456;49,99;
15:15:59;8428;49,99;
15:16:02;8460;49,99;
15:16:05;8436;50,00;
15:16:08;8464;50,00;
15:16:11;8448;50,00;
15:16:14;8472;50,00;
15:16:17;8456;50,00;
15:16:20;8476;49,99;
15:16:23;8464;49,99;
15:16:26;8476;49,99;
15:16:32;8476;49,98;
15:16:50;8432;49,98;
15:16:53;8476;49,98;
15:16:56;8472;49,98;
15:16:59;8476;49,98;
15:17:08;8480;49,99;
15:17:11;8476;49,99;
15:17:14;8436;49,99;
15:17:17;8484;50,00;
15:17:23;8480;50,00;
15:17:26;8476;49,99;
15:17:29;8480;49,99;
15:17:32;8480;49,98;
15:17:41;8440;49,98;
15:17:44;8436;49,98;
15:17:53;8476;49,98;
15:17:56;8452;49,98;
15:17:59;8472;49,98;
15:18:02;8424;49,99;
15:18:05;8464;49,98;
15:18:08;8448;49,99;
15:18:11;8456;49,99;
15:18:14;8420;49,99;
15:18:17;8448;49,99;
15:18:23;8448;49,98;
15:18:26;8436;49,98;
15:18:29;8444;49,96;
15:18:32;8444;49,97;
15:18:35;8440;49,97;
15:18:38;8440;49,98;
15:18:41;8396;49,98;
15:18:44;8444;49,98;
15:18:47;8440;49,99;
15:18:50;8444;49,99;
15:18:53;8440;49,99;
15:18:59;8440;50,00;
15:19:02;8436;50,00;
15:19:05;8384;49,99;
15:19:08;8432;49,99;
15:19:11;8432;49,98;
15:19:17;8428;49,97;
15:19:20;8424;49,97;
15:19:29;8420;49,97;
15:19:32;8420;49,98;
15:19:35;8416;49,98;
15:19:41;8412;49,98;
15:19:44;8412;49,99;
15:19:47;8392;49,99;
15:19:50;8408;49,99;
15:19:56;8404;49,99;
15:19:59;8416;50,00;
15:20:05;8420;50,01;
15:20:08;8404;50,00;
15:20:11;8380;50,00;
15:20:14;8396;50,00;
15:20:17;8392;49,99;
15:20:20;8388;49,99;
15:20:26;8396;49,99;
15:20:35;8400;49,99;
15:20:38;8396;50,00;
15:20:53;8376;49,99;
15:20:56;8404;49,99;
15:20:59;8408;49,99;
15:21:08;8412;50,00;
15:21:11;8404;50,00;
15:21:14;8412;49,99;
15:21:17;8408;49,99;
15:21:20;8416;49,98;
15:21:23;8392;49,99;
15:21:26;8408;50,00;
15:21:29;8416;50,00;
15:21:32;8416;49,99;
15:21:35;8368;49,98;
15:21:41;8416;49,98;
15:21:44;8416;49,99;
15:21:47;8360;49,99;
15:21:50;8416;49,99;
15:21:53;8408;49,99;
15:21:56;8412;50,00;
15:22:02;8364;50,00;
15:22:05;8404;50,00;
15:22:08;8412;49,99;
15:22:11;8352;49,99;
15:22:14;8408;49,99;
15:22:17;8408;50,00;
15:22:20;8412;50,00;
15:22:23;8420;50,00;
15:22:26;8424;50,00;
15:22:29;8412;50,00;
15:22:32;8408;50,00;
15:22:38;8404;50,00;
15:22:41;8404;49,99;
15:22:44;8400;49,99;
15:22:50;8400;49,98;
15:22:53;8396;49,98;
15:22:59;8396;49,99;
15:23:02;8392;49,99;
15:23:05;8388;49,99;
15:23:08;8392;49,99;
15:23:11;8388;49,99;
15:23:14;8380;49,99;
15:23:17;8388;49,99;
15:23:26;8352;49,98;
15:23:32;8388;49,97;
15:23:35;8384;49,97;
15:23:38;8328;49,98;
15:23:41;8384;49,98;
15:23:47;8380;49,98;
15:23:50;8384;49,98;
15:23:53;8328;49,99;
15:23:56;8384;50,00;
15:23:59;8384;49,99;
15:24:02;8324;49,99;
15:24:05;8376;49,99;
15:24:14;8324;49,99;
15:24:17;8372;49,98;
15:24:20;8340;49,98;
15:24:23;8376;49,99;
15:24:26;8344;50,00;
15:24:29;8376;50,00;
15:24:32;8384;50,00;
15:24:38;8328;50,00;
15:24:41;8380;50,00;
15:24:47;8372;50,00;
15:24:50;8304;50,00;
15:24:53;8372;50,00;
15:25:02;8308;49,99;
15:25:05;8376;49,99;
15:25:08;8376;49,98;
15:25:14;8308;49,99;
15:25:17;8372;49,99;
15:25:23;8380;49,98;
15:25:26;8304;49,97;
15:25:29;8372;49,98;
15:25:32;8372;49,97;
15:25:38;8304;49,97;
15:25:44;8376;49,97;
15:25:47;8368;49,97;
15:25:50;8340;49,97;
15:25:53;8388;49,97;
15:25:56;8352;49,98;
15:25:59;8384;49,98;
15:26:02;8380;49,98;
15:26:05;8336;49,98;
15:26:08;8348;49,97;
15:26:11;8372;49,97;
15:26:14;8328;49,97;
15:26:17;8368;49,97;
15:26:20;8352;49,98;
15:26:23;8356;49,98;
15:26:26;8364;49,98;
15:26:29;8344;49,98;
15:26:32;8360;49,98;
15:26:35;8348;49,98;
15:26:38;8360;49,98;
15:26:41;8332;49,97;
15:26:44;8364;49,97;
15:26:50;8368;49,98;
15:26:53;8320;49,99;
15:26:56;8364;49,99;
15:26:59;8328;49,99;
15:27:02;8360;49,99;
15:27:05;8312;49,99;
15:27:08;8356;49,99;
15:27:11;8360;49,99;
15:27:14;8356;49,99;
15:27:17;8304;50,00;
15:27:20;8352;49,99;
15:27:23;8320;49,99;
15:27:26;8348;49,99;
15:27:29;8300;50,00;
15:27:35;8316;50,00;
15:27:38;8348;49,99;
15:27:41;8296;49,99;
15:27:44;8340;49,99;
15:27:47;8312;49,98;
15:27:50;8340;49,98;
15:27:56;8296;49,98;
15:27:59;8304;49,97;
15:28:02;8336;49,97;
15:28:05;8284;49,97;
15:28:08;8332;49,97;
15:28:11;8300;49,98;
15:28:14;8328;49,98;
15:28:20;8316;49,97;
15:28:23;8304;49,97;
15:28:26;8316;49,97;
15:28:29;8296;49,98;
15:28:32;8292;49,97;
15:28:35;8312;49,98;
15:28:41;8304;49,97;
15:28:44;8268;49,97;
15:28:47;8308;49,97;
15:28:50;8272;49,97;
15:28:53;8260;49,98;
15:28:56;8308;49,98;
15:28:59;8304;49,98;
15:29:02;8272;49,99;
15:29:05;8256;50,00;
15:29:08;8300;49,99;
15:29:11;8268;49,99;
15:29:14;8296;50,00;
15:29:17;8256;49,99;
15:29:20;8296;49,99;
15:29:26;8288;49,98;
15:29:29;8268;49,98;
15:29:35;8284;49,98;
15:29:38;8268;49,98;
15:29:41;8280;49,98;
15:29:47;8284;49,98;
15:29:50;8244;49,98;
15:29:53;8276;49,98;
15:29:56;8232;49,98;
15:29:59;8276;49,99;
15:30:02;8240;49,99;
15:30:05;8276;49,98;
15:30:11;8260;49,98;
15:30:14;8236;49,98;
15:30:17;8260;49,98;
15:30:20;8232;49,98;
15:30:23;8272;49,98;
15:30:26;8232;49,98;
15:30:29;8268;49,98;
15:30:32;8220;49,98;
15:30:35;8260;49,98;
15:30:38;8220;49,98;
15:30:41;8252;49,98;
15:30:44;8208;49,97;
15:30:47;8252;49,98;
15:30:56;8204;49,98;
15:30:59;8248;49,98;
15:31:02;8204;49,98;
15:31:05;8240;49,97;
15:31:08;8192;49,98;
15:31:11;8228;49,98;
15:31:14;8232;49,98;
15:31:17;8228;49,97;
15:31:20;8180;49,96;
15:31:23;8220;49,95;
15:31:26;8196;49,95;
15:31:29;8208;49,95;
15:31:32;8186;49,95;
15:31:38;8204;49,96;
15:31:41;8188;49,96;
15:31:44;8196;49,97;
15:31:47;8162;49,97;
15:31:50;8200;49,97;
15:31:53;8164;49,98;
15:31:56;8196;49,97;
15:32:05;8158;49,97;
15:32:08;8192;49,97;
15:32:11;8142;49,97;
15:32:14;8186;49,96;
15:32:17;8154;49,96;
15:32:20;8186;49,96;
15:32:23;8138;49,96;
15:32:26;8180;49,96;
15:32:29;8152;49,96;
15:32:32;8174;49,96;
15:32:35;8122;49,97;
15:32:38;8170;49,96;
15:32:44;8162;49,97;
15:32:47;8112;49,98;
15:32:50;8160;49,97;
15:32:53;8134;49,97;
15:32:56;8156;49,98;
15:32:59;8104;49,98;
15:33:02;8152;49,98;
15:33:08;8136;49,97;
15:33:11;8070;49,97;
15:33:14;8130;49,96;
15:33:17;8132;49,96;
15:33:20;8138;49,96;
15:33:23;8088;49,97;
15:33:26;8136;49,97;
15:33:29;8114;49,97;
15:33:32;8110;49,97;
15:33:35;8080;49,97;
15:33:38;8108;49,97;
15:33:41;8112;49,97;
15:33:44;8110;49,97;
15:33:50;8116;49,97;
15:33:53;8088;49,97;
15:33:56;8094;49,97;
15:33:59;8032;49,98;
15:34:02;8088;49,98;
15:34:05;8094;49,97;
15:34:08;8088;49,97;
15:34:11;8086;49,97;
15:34:14;8084;49,98;
15:34:17;8086;49,98;
15:34:20;8084;49,98;
15:34:23;8022;49,98;
15:34:26;8076;49,97;
15:34:29;8078;49,97;
15:34:32;8076;49,97;
15:34:35;8044;49,98;
15:34:38;8070;49,98;
15:34:41;8072;49,98;
15:34:44;8068;49,98;
15:34:47;8062;49,98;
15:34:50;8064;49,98;
15:34:56;8062;49,98;
15:34:59;8072;49,98;
15:35:02;8058;49,98;
15:35:05;8060;49,98;
15:35:11;8062;49,98;
15:35:14;8000;49,98;
15:35:17;8060;49,98;
15:35:20;8068;49,98;
15:35:23;8078;49,97;
15:35:26;8078;49,96;
15:35:32;8076;49,96;
15:35:38;8028;49,96;
15:35:41;8074;49,96;
15:35:44;8076;49,96;
15:35:50;8072;49,96;
15:35:53;8074;49,96;
15:35:56;8072;49,97;
15:36:05;8066;49,97;
15:36:08;8032;49,97;
15:36:11;8066;49,97;
15:36:14;8022;49,97;
15:36:17;8062;49,97;
15:36:20;8018;49,97;
15:36:23;8058;49,96;
15:36:26;8014;49,96;
15:36:29;8052;49,96;
15:36:32;8022;49,96;
15:36:35;8052;49,96;
15:36:38;8026;49,96;
15:36:41;8048;49,96;
15:36:47;8044;49,98;
15:36:50;8036;49,98;
15:36:53;8042;49,98;
15:36:56;8040;49,98;
15:37:05;7998;49,98;
15:37:08;8038;49,98;
15:37:11;8036;49,98;
15:37:14;8034;49,98;
15:37:17;8032;49,99;
15:37:20;8034;49,99;
15:37:23;8030;49,98;
15:37:26;8028;49,98;
15:37:29;7988;49,98;
15:37:32;8026;49,97;
15:37:35;8024;49,96;
15:37:38;8026;49,97;
15:37:41;8024;49,98;
15:37:44;8026;49,98;
15:37:47;8028;49,98;
15:37:53;8026;49,98;
15:37:59;8022;49,97;
15:38:05;8018;49,97;
15:38:08;8020;49,98;
15:38:11;7960;49,98;
15:38:14;8016;49,98;
15:38:17;8010;49,98;
15:38:20;8014;49,97;
15:38:23;8010;49,97;
15:38:29;7998;49,96;
15:38:32;8008;49,97;
15:38:35;7970;49,97;
15:38:38;8006;49,97;
15:38:41;8002;49,97;
15:38:44;7986;49,98;
15:38:47;7996;49,97;
15:38:50;7994;49,97;
15:38:53;7992;49,97;
15:38:59;7990;49,97;
15:39:02;7990;49,96;
15:39:11;7988;49,96;
15:39:14;7986;49,97;
15:39:17;7952;49,97;
15:39:20;7984;49,97;
15:39:23;7980;49,97;
15:39:26;7982;49,96;
15:39:29;7976;49,96;
15:39:32;7980;49,96;
15:39:35;7962;49,96;
15:39:38;7978;49,97;
15:39:41;7960;49,98;
15:39:44;7980;49,98;
15:39:47;7932;49,98;
15:39:50;7980;49,98;
15:39:53;7960;49,97;
15:39:56;7978;49,97;
15:39:59;7904;49,96;
15:40:05;7948;49,96;
15:40:08;7926;49,97;
15:40:11;7902;49,97;
15:40:14;7960;49,98;
15:40:17;7958;49,97;
15:40:20;7958;49,98;
15:40:23;7966;49,97;
15:40:26;7896;49,97;
15:40:29;7940;49,97;
15:40:32;7962;49,97;
15:40:35;7886;49,97;
15:40:38;7956;49,97;
15:40:41;7936;49,97;
15:40:44;7954;49,96;
15:40:50;7956;49,96;
15:40:53;7954;49,96;
15:40:56;7950;49,96;
15:40:59;7952;49,96;
15:41:02;7948;49,96;
15:41:08;7928;49,96;
15:41:11;7940;49,96;
15:41:14;7944;49,96;
15:41:17;7942;49,96;
15:41:20;7932;49,96;
15:41:23;7942;49,96;
15:41:26;7934;49,97;
15:41:29;7938;49,97;
15:41:32;7924;49,97;
15:41:35;7936;49,98;
15:41:38;7908;49,98;
15:41:41;7934;49,98;
15:41:44;7930;49,97;
15:41:47;7932;49,97;
15:41:50;7876;49,97;
15:41:56;7928;49,97;
15:41:59;7926;49,98;
15:42:02;7880;49,98;
15:42:05;7932;49,98;
15:42:08;7914;49,98;
15:42:11;7932;49,98;
15:42:14;7930;49,98;
15:42:17;7876;49,98;
15:42:20;7906;49,98;
15:42:23;7926;49,98;
15:42:26;7874;49,98;
15:42:29;7926;49,98;
15:42:32;7906;49,97;
15:42:35;7922;49,97;
15:42:38;7922;49,96;
15:42:44;7898;49,97;
15:42:47;7918;49,98;
15:42:50;7862;49,98;
15:42:53;7912;49,98;
15:42:56;7886;49,97;
15:43:02;7856;49,96;
15:43:05;7902;49,96;
15:43:08;7882;49,97;
15:43:11;7902;49,97;
15:43:14;7846;49,97;
15:43:17;7900;49,97;
15:43:20;7896;49,97;
15:43:23;7872;49,97;
15:43:26;7834;49,96;
15:43:29;7884;49,96;
15:43:32;7874;49,97;
15:43:38;7834;49,97;
15:43:41;7858;49,97;
15:43:44;7870;49,97;
15:43:47;7866;49,98;
15:43:50;7810;49,98;
15:43:53;7862;49,98;
15:43:56;7840;49,98;
15:43:59;7858;49,98;
15:44:02;7802;49,98;
15:44:08;7834;49,98;
15:44:11;7850;49,98;
15:44:14;7792;49,98;
15:44:17;7846;49,98;
15:44:20;7828;49,97;
15:44:23;7842;49,97;
15:44:26;7840;49,97;
15:44:29;7784;49,97;
15:44:32;7830;49,97;
15:44:35;7828;49,97;
15:44:38;7792;49,97;
15:44:41;7818;49,97;
15:44:44;7822;49,97;
15:44:47;7818;49,97;
15:44:50;7826;49,97;
15:44:53;7794;49,97;
15:44:56;7826;49,97;
15:44:59;7808;49,97;
15:45:02;7822;49,98;
15:45:05;7768;49,98;
15:45:08;7820;49,97;
15:45:14;7808;49,97;
15:45:17;7758;49,97;
15:45:20;7812;49,98;
15:45:23;7794;49,97;
15:45:26;7810;49,97;
15:45:29;7752;49,96;
15:45:32;7804;49,96;
15:45:38;7800;49,96;
15:45:41;7742;49,96;
15:45:44;7792;49,96;
15:45:47;7776;49,97;
15:45:50;7784;49,96;
15:45:53;7726;49,97;
15:45:59;7762;49,97;
15:46:02;7776;49,98;
15:46:05;7716;49,98;
15:46:08;7774;49,98;
15:46:11;7754;49,98;
15:46:14;7768;49,97;
15:46:17;7766;49,97;
15:46:20;7708;49,97;
15:46:23;7746;49,97;
15:46:26;7760;49,97;
15:46:29;7700;49,97;
15:46:32;7754;49,97;
15:46:35;7744;49,97;
15:46:41;7742;49,98;
15:46:44;7714;49,98;
15:46:47;7730;49,98;
15:46:50;7728;49,99;
15:46:53;7714;49,98;
15:46:56;7694;49,98;
15:46:59;7734;49,98;
15:47:05;7726;49,98;
15:47:08;7670;49,98;
15:47:11;7722;49,99;
15:47:14;7712;49,99;
15:47:17;7718;50,00;
15:47:20;7662;50,00;
15:47:23;7720;50,00;
15:47:26;7722;50,00;
15:47:29;7546;50,00;
15:47:32;7658;50,00;
15:47:35;7678;50,00;
15:47:38;7610;50,00;
15:47:41;7680;50,00;
15:47:44;7698;50,00;
15:47:47;7678;50,00;
15:47:50;7696;50,00;
15:47:53;7706;50,00;
15:47:56;7650;50,00;
15:47:59;7708;50,00;
15:48:02;7694;50,00;
15:48:05;7714;50,00;
15:48:11;7712;50,00;
15:48:14;7694;50,00;
15:48:17;7714;50,00;
15:48:20;7660;50,00;
15:48:23;7714;50,00;
15:48:26;7690;49,99;
15:48:29;7718;49,99;
15:48:35;7716;49,99;
15:48:38;7690;49,99;
15:48:41;7714;50,00;
15:48:44;7660;50,00;
15:48:47;7714;50,01;
15:48:50;7686;50,01;
15:48:53;7710;50,01;
15:48:56;7658;50,00;
15:48:59;7712;50,00;
15:49:02;7684;50,00;
15:49:05;7712;50,00;
15:49:08;7662;50,00;
15:49:11;7708;50,00;
15:49:20;7658;50,00;
15:49:23;7702;50,00;
15:49:26;7666;50,00;
15:49:29;7698;50,00;
15:49:32;7648;50,00;
15:49:35;7696;50,00;
15:49:41;7690;50,00;
15:49:44;7652;50,00;
15:49:47;7676;49,99;
15:49:50;7670;49,99;
15:49:53;7662;49,99;
15:49:56;7660;49,99;
15:50:02;7674;50,00;
15:50:05;7642;50,00;
15:50:08;7670;50,00;
15:50:11;7620;50,00;
15:50:14;7664;50,01;
15:50:17;7632;50,01;
15:50:20;7662;50,00;
15:50:23;7660;50,00;
15:50:29;7624;50,00;
15:50:32;7654;49,99;
15:50:35;7606;49,99;
15:50:38;7648;50,00;
15:50:41;7618;50,00;
15:50:44;7646;50,00;
15:50:47;7594;50,01;
15:50:50;7642;50,00;
15:50:53;7610;50,00;
15:50:56;7642;50,00;
15:50:59;7588;50,00;
15:51:02;7636;50,01;
15:51:08;7634;50,01;
15:51:11;7582;50,01;
15:51:14;7634;50,01;
15:51:17;7600;50,00;
15:51:20;7628;50,01;
15:51:23;7580;50,00;
15:51:26;7626;50,01;
15:51:32;7622;50,00;
15:51:35;7572;50,00;
15:51:38;7620;50,00;
15:51:41;7592;50,00;
15:51:44;7618;50,00;
15:51:47;7578;50,00;
15:51:50;7600;50,00;
15:51:53;7596;50,00;
15:51:56;7606;50,00;
15:51:59;7588;50,00;
15:52:02;7598;50,00;
15:52:05;7600;50,00;
15:52:08;7596;49,99;
15:52:14;7594;49,99;
15:52:20;7590;50,00;
15:52:23;7586;50,00;
15:52:26;7584;49,99;
15:52:32;7548;49,99;
15:52:35;7584;49,99;
15:52:38;7582;50,00;
15:52:41;7578;50,00;
15:52:44;7572;50,00;
15:52:47;7536;50,00;
15:52:50;7570;50,00;
15:52:53;7558;50,00;
15:52:56;7550;50,00;
15:53:02;7564;50,00;
15:53:05;7566;50,00;
15:53:08;7560;50,01;
15:53:14;7558;50,01;
15:53:20;7554;50,00;
15:53:23;7550;50,00;
15:53:26;7548;50,01;
15:53:29;7546;50,01;
15:53:35;7544;50,01;
15:53:38;7494;50,01;
15:53:41;7540;50,00;
15:53:44;7536;50,00;
15:53:47;7534;50,00;
15:53:50;7528;49,99;
15:53:56;7524;49,99;
15:53:59;7518;49,99;
15:54:02;7470;49,99;
15:54:05;7514;49,99;
15:54:08;7512;49,99;
15:54:11;7510;49,99;
15:54:14;7458;49,99;
15:54:17;7502;49,98;
15:54:20;7470;49,98;
15:54:23;7500;49,97;
15:54:26;7502;49,98;
15:54:29;7500;49,98;
15:54:32;7462;49,98;
15:54:35;7492;49,98;
15:54:38;7444;49,99;
15:54:41;7494;49,99;
15:54:44;7474;49,99;
15:54:47;7486;49,98;
15:54:50;7454;49,99;
15:54:53;7488;50,00;
15:54:56;7484;50,00;
15:54:59;7492;50,00;
15:55:02;7470;50,00;
15:55:05;7484;50,00;
15:55:11;7480;49,99;
15:55:14;7482;49,98;
15:55:17;7478;49,98;
15:55:20;7476;49,98;
15:55:26;7476;49,99;
15:55:29;7430;49,99;
15:55:32;7476;49,98;
15:55:35;7472;49,98;
15:55:38;7476;49,98;
15:55:41;7470;49,99;
15:55:44;7468;50,00;
15:55:47;7468;49,99;
15:55:53;7422;49,98;
15:55:56;7468;49,98;
15:55:59;7464;49,98;
15:56:05;7462;49,99;
15:56:08;7460;49,99;
15:56:17;7454;49,99;
15:56:35;7412;49,99;
15:56:38;7452;49,98;
15:56:41;7448;49,97;
15:56:44;7450;49,97;
15:56:47;7440;49,97;
15:56:50;7446;49,98;
15:56:53;7434;49,98;
15:56:56;7446;49,99;
15:56:59;7428;49,99;
15:57:02;7444;50,00;
15:57:05;7414;50,00;
15:57:08;7438;49,99;
15:57:11;7398;49,99;
15:57:14;7436;49,98;
15:57:17;7432;49,99;
15:57:23;7434;49,99;
15:57:29;7430;49,99;
15:57:32;7426;49,99;
15:57:41;7386;49,99;
15:57:44;7422;49,99;
15:57:47;7416;50,00;
15:57:50;7424;50,00;
15:57:53;7422;50,00;
15:57:56;7426;50,00;
15:57:59;7404;50,00;
15:58:02;7428;50,00;
15:58:05;7420;50,00;
15:58:08;7418;50,01;
15:58:11;7376;50,01;
15:58:14;7414;50,00;
15:58:17;7374;50,00;
15:58:20;7412;50,00;
15:58:23;7370;49,99;
15:58:32;7410;49,99;
15:58:35;7370;49,99;
15:58:38;7408;49,98;
15:58:41;7362;49,98;
15:58:44;7402;49,98;
15:58:47;7404;49,98;
15:58:50;7362;49,98;
15:58:53;7396;49,97;
15:58:56;7394;49,97;
15:58:59;7392;49,98;
15:59:02;7390;49,97;
15:59:05;7390;49,98;
15:59:08;7390;49,97;
15:59:14;7384;49,97;
15:59:17;7380;49,97;
15:59:20;7378;49,97;
15:59:23;7376;49,98;
15:59:29;7372;49,98;
15:59:32;7330;49,98;
15:59:35;7370;49,98;
15:59:38;7368;49,98;
15:59:41;7366;49,98;
15:59:44;7364;49,99;
15:59:47;7362;49,99;
15:59:50;7350;50,00;
15:59:53;7356;50,00;
15:59:56;7326;50,00;
15:59:59;7352;50,00;
16:00:02;7328;50,00;
16:00:05;7352;50,00;
16:00:08;7326;49,98;
16:00:11;7348;49,98;
16:00:14;7298;49,98;
16:00:20;7306;49,98;
16:00:23;7344;49,98;
16:00:26;7310;49,98;
16:00:29;7342;50,00;
16:00:32;7318;50,01;
16:00:35;7358;50,01;
16:00:38;7356;50,01;
16:00:41;7294;50,01;
16:00:44;7292;50,01;
16:00:47;7330;50,02;
16:00:50;7290;50,02;
16:00:53;7330;50,01;
16:00:56;7290;50,01;
16:00:59;7324;50,01;
16:01:02;7326;50,02;
16:01:08;7282;50,01;
16:01:11;7318;50,01;
16:01:14;7274;50,01;
16:01:17;7318;50,01;
16:01:20;7276;50,02;
16:01:26;7268;50,01;
16:01:29;7308;50,01;
16:01:32;7264;50,01;
16:01:35;7302;50,01;
16:01:38;7260;50,01;
16:01:41;7302;50,02;
16:01:44;7300;50,02;
16:01:47;7258;50,02;
16:01:50;7252;50,02;
16:01:53;7292;50,02;
16:01:56;7242;50,02;
16:01:59;7284;50,03;
16:02:02;7248;50,03;
16:02:05;7278;50,03;
16:02:11;7274;50,03;
16:02:14;7232;50,02;
16:02:17;7270;50,02;
16:02:20;7226;50,02;
16:02:23;7268;50,02;
16:02:26;7228;50,02;
16:02:32;7220;50,02;
16:02:35;7260;50,01;
16:02:38;7218;50,02;
16:02:41;7256;50,01;
16:02:44;7214;50,01;
16:02:47;7252;50,01;
16:02:50;7254;50,01;
16:02:53;7224;50,00;
16:02:56;7214;50,00;
16:02:59;7236;50,00;
16:03:02;7224;50,00;
16:03:05;7218;50,00;
16:03:08;7224;50,00;
16:03:11;7208;50,00;
16:03:17;7194;49,99;
16:03:20;7232;50,00;
16:03:23;7186;49,99;
16:03:26;7226;49,99;
16:03:29;7188;49,98;
16:03:32;7222;49,98;
16:03:35;7218;49,98;
16:03:38;7178;49,98;
16:03:44;7216;49,99;
16:03:47;7170;49,99;
16:03:50;7210;50,00;
16:03:53;7168;50,00;
16:03:56;7202;50,00;
16:04:02;7204;50,00;
16:04:05;7164;49,99;
16:04:08;7200;49,98;
16:04:11;7156;49,98;
16:04:14;7194;49,98;
16:04:17;7154;49,98;
16:04:23;7150;49,99;
16:04:26;7190;49,98;
16:04:29;7144;49,99;
16:04:32;7186;49,98;
16:04:35;7150;49,99;
16:04:38;7182;49,99;
16:04:41;7184;49,99;
16:04:44;7140;49,99;
16:04:47;7138;50,00;
16:04:50;7176;50,00;
16:04:53;7136;50,00;
16:04:56;7166;50,00;
16:04:59;7146;50,00;
16:05:02;7166;49,99;
16:05:05;7170;49,99;
16:05:08;7142;49,98;
16:05:11;7150;49,97;
16:05:14;7144;49,97;
16:05:17;7162;49,98;
16:05:20;7124;49,98;
16:05:23;7152;49,98;
16:05:32;7110;49,98;
16:05:35;7148;49,98;
16:05:38;7118;49,98;
16:05:41;7152;49,98;
16:05:44;7110;49,98;
16:05:47;7148;49,98;
16:05:50;7146;49,98;
16:05:53;7144;49,98;
16:05:56;7106;49,98;
16:05:59;7138;49,97;
16:06:02;7140;49,97;
16:06:05;7120;49,97;
16:06:08;7112;49,97;
16:06:11;7132;49,97;
16:06:14;7118;49,97;
16:06:17;7132;49,96;
16:06:20;7090;49,97;
16:06:23;7130;49,97;
16:06:26;7100;49,97;
16:06:29;7122;49,97;
16:06:35;7116;49,98;
16:06:38;7096;49,97;
16:06:41;7118;49,96;
16:06:44;7066;49,96;
16:06:47;7116;49,97;
16:06:50;7092;49,98;
16:06:53;7116;49,98;
16:06:56;7114;49,98;
16:06:59;7108;49,97;
16:07:02;7084;49,97;
16:07:05;7106;49,97;
16:07:08;7058;49,98;
16:07:11;7102;49,97;
16:07:14;7072;49,97;
16:07:17;7102;49,96;
16:07:20;7054;49,96;
16:07:23;7104;49,96;
16:07:26;7074;49,96;
16:07:29;7100;49,96;
16:07:32;7048;49,96;
16:07:35;7092;49,96;
16:07:41;7090;49,96;
16:07:44;7044;49,96;
16:07:47;7092;49,97;
16:07:50;7066;49,97;
16:07:53;7090;49,97;
16:07:56;7040;49,97;
16:07:59;7086;49,98;
16:08:02;7084;49,98;
16:08:05;7066;49,98;
16:08:08;7040;49,98;
16:08:11;7060;49,98;
16:08:14;7076;49,97;
16:08:17;7032;49,97;
16:08:20;7060;49,96;
16:08:26;7062;49,96;
16:08:29;7028;49,96;
16:08:32;7046;49,96;
16:08:35;7004;49,97;
16:08:38;7044;49,97;
16:08:41;7032;49,96;
16:08:44;7046;49,97;
16:08:47;7054;49,97;
16:08:50;7052;49,97;
16:08:53;7018;49,97;
16:08:56;7032;49,98;
16:08:59;7004;49,98;
16:09:02;7040;49,98;
16:09:05;7004;49,98;
16:09:08;7036;49,98;
16:09:11;6988;49,98;
16:09:14;7030;49,98;
16:09:17;6994;49,98;
16:09:20;7024;49,98;
16:09:23;6980;49,98;
16:09:26;7020;49,98;
16:09:32;7018;49,98;
16:09:35;6976;49,99;
16:09:38;7016;49,98;
16:09:41;6974;49,99;
16:09:44;7016;49,99;
16:09:47;6976;49,98;
16:09:50;7014;49,99;
16:09:53;7012;49,99;
16:09:56;7010;49,98;
16:09:59;6968;49,98;
16:10:02;7006;49,98;
16:10:05;6986;49,98;
16:10:08;6998;49,98;
16:10:11;6976;49,98;
16:10:14;6982;49,98;
16:10:17;6988;49,98;
16:10:20;6990;49,99;
16:10:23;6982;49,99;
16:10:29;6984;49,99;
16:10:32;6982;49,98;
16:10:38;6978;49,98;
16:10:41;6974;49,98;
16:10:44;6972;49,98;
16:10:47;6968;49,98;
16:10:50;6964;49,98;
16:10:53;6960;49,98;
16:10:56;6920;49,99;
16:10:59;6960;49,99;
16:11:02;6958;50,00;
16:11:05;6936;50,00;
16:11:08;6956;50,00;
16:11:11;6932;50,00;
16:11:14;6954;50,00;
16:11:17;6946;50,00;
16:11:20;6920;50,00;
16:11:23;6940;50,00;
16:11:26;6946;49,99;
16:11:29;6944;49,99;
16:11:32;6942;49,99;
16:11:35;6940;50,00;
16:11:44;6942;50,00;
16:11:50;6936;49,99;
16:11:53;6934;49,99;
16:11:56;6928;49,98;
16:11:59;6926;49,98;
16:12:02;6888;49,98;
16:12:05;6924;49,98;
16:12:08;6922;49,99;
16:12:11;6920;49,99;
16:12:14;6918;49,99;
16:12:17;6914;49,99;
16:12:20;6864;49,99;
16:12:23;6908;50,00;
16:12:29;6900;50,00;
16:12:32;6852;50,00;
16:12:35;6898;49,99;
16:12:38;6864;49,99;
16:12:41;6892;50,00;
16:12:44;6842;50,00;
16:12:47;6890;50,00;
16:12:50;6886;50,00;
16:12:53;6880;50,00;
16:12:56;6826;50,00;
16:12:59;6874;50,00;
16:13:02;6840;50,00;
16:13:05;6870;49,99;
16:13:08;6844;50,00;
16:13:11;6850;49,99;
16:13:14;6846;50,00;
16:13:17;6862;49,99;
16:13:20;6854;49,99;
16:13:23;6862;49,98;
16:13:26;6854;49,99;
16:13:29;6856;49,98;
16:13:35;6860;49,98;
16:13:38;6856;49,98;
16:13:41;6854;49,98;
16:13:44;6856;49,99;
16:13:47;6854;49,99;
16:13:50;6852;49,99;
16:13:53;6824;49,99;
16:13:56;6852;49,99;
16:14:02;6850;49,99;
16:14:05;6846;50,00;
16:14:11;6850;50,00;
16:14:14;6844;50,00;
16:14:17;6820;50,00;
16:14:20;6842;50,00;
16:14:23;6840;50,00;
16:14:26;6838;50,00;
16:14:29;6836;50,00;
16:14:32;6834;50,00;
16:14:35;6832;50,00;
16:14:41;6826;49,99;
16:14:44;6828;49,99;
16:14:47;6826;49,99;
16:14:50;6826;50,00;
16:14:53;6816;50,00;
16:14:56;6826;50,00;
16:14:59;6776;50,00;
16:15:02;6836;50,01;
16:15:05;6822;50,01;
16:15:08;6820;50,01;
16:15:11;6798;50,00;
16:15:14;6818;50,00;
16:15:17;6814;50,00;
16:15:20;6812;50,00;
16:15:23;6802;50,00;
16:15:26;6810;49,98;
16:15:29;6804;49,99;
16:15:32;6806;49,99;
16:15:35;6804;49,99;
16:15:38;6802;49,99;
16:15:41;6798;50,00;
16:15:50;6794;50,00;
16:15:53;6792;49,99;
16:15:56;6792;50,00;
16:16:05;6776;50,00;
16:16:08;6794;50,00;
16:16:11;6764;50,00;
16:16:14;6784;50,00;
16:16:17;6786;50,00;
16:16:20;6782;50,00;
16:16:23;6736;50,01;
16:16:26;6780;50,01;
16:16:29;6776;50,00;
16:16:32;6780;50,00;
16:16:35;6722;50,00;
16:16:38;6778;50,00;
16:16:41;6768;50,00;
16:16:44;6774;50,00;
16:16:47;6714;50,01;
16:16:53;6768;50,02;
16:16:56;6766;50,02;
16:17:02;6764;50,02;
16:17:05;6760;50,02;
16:17:08;6756;50,01;
16:17:11;6754;50,01;
16:17:14;6696;50,01;
16:17:17;6748;50,00;
16:17:20;6746;50,01;
16:17:23;6740;50,00;
16:17:26;6736;50,00;
16:17:29;6732;50,00;
16:17:32;6724;50,00;
16:17:38;6728;50,00;
16:17:41;6726;50,00;
16:17:44;6722;50,00;
16:17:50;6722;49,99;
16:17:53;6718;49,99;
16:17:56;6710;49,99;
16:17:59;6716;49,99;
16:18:02;6708;50,00;
16:18:05;6706;50,00;
16:18:08;6712;50,01;
16:18:11;6704;50,01;
16:18:14;6690;50,00;
16:18:17;6704;50,00;
16:18:20;6706;49,99;
16:18:23;6706;49,98;
16:18:26;6664;49,98;
16:18:29;6708;49,98;
16:18:32;6694;49,99;
16:18:35;6708;49,99;
16:18:38;6640;49,99;
16:18:44;6686;49,98;
16:18:47;6696;49,98;
16:18:50;6638;49,98;
16:18:53;6690;49,99;
16:18:56;6670;49,98;
16:18:59;6682;49,99;
16:19:05;6632;50,00;
16:19:08;6664;50,00;
16:19:11;6676;50,00;
16:19:14;6626;50,00;
16:19:17;6666;50,00;
16:19:20;6652;50,00;
16:19:23;6662;50,00;
16:19:26;6660;50,00;
16:19:29;6656;49,99;
16:19:32;6638;49,99;
16:19:35;6650;49,99;
16:19:38;6602;49,99;
16:19:41;6644;49,98;
16:19:44;6628;49,98;
16:19:50;6584;49,99;
16:19:53;6628;49,99;
16:19:56;6624;49,99;
16:19:59;6622;49,99;
16:20:02;6588;49,99;
16:20:05;6622;49,99;
16:20:08;6620;49,99;
16:20:11;6598;49,98;
16:20:14;6574;49,98;
16:20:17;6614;49,98;
16:20:20;6592;49,99;
16:20:23;6610;49,99;
16:20:26;6570;50,00;
16:20:29;6608;50,00;
16:20:32;6606;50,00;
16:20:35;6604;50,00;
16:20:38;6562;50,00;
16:20:41;6604;49,99;
16:20:44;6580;49,98;
16:20:47;6594;49,98;
16:20:50;6556;49,98;
16:20:56;6568;49,98;
16:20:59;6590;49,98;
16:21:02;6554;49,98;
16:21:05;6588;49,98;
16:21:08;6568;49,98;
16:21:11;6580;49,99;
16:21:14;6586;49,99;
16:21:17;6566;49,99;
16:21:20;6574;49,99;
16:21:23;6580;49,99;
16:21:29;6550;49,98;
16:21:32;6580;49,98;
16:21:35;6566;49,98;
16:21:41;6532;49,98;
16:21:44;6572;49,98;
16:21:47;6554;49,99;
16:21:50;6570;49,99;
16:21:53;6528;49,99;
16:21:56;6570;50,00;
16:21:59;6566;50,00;
16:22:02;6554;49,99;
16:22:05;6484;49,99;
16:22:08;6566;49,99;
16:22:11;6550;49,99;
16:22:14;6564;49,99;
16:22:17;6522;49,98;
16:22:20;6566;49,98;
16:22:23;6564;49,98;
16:22:26;6558;49,99;
16:22:29;6510;49,99;
16:22:32;6556;49,99;
16:22:35;6538;49,98;
16:22:38;6550;49,98;
16:22:41;6506;49,98;
16:22:47;6532;49,98;
16:22:50;6540;49,98;
16:22:53;6490;49,98;
16:22:56;6536;49,97;
16:22:59;6524;49,97;
16:23:02;6534;49,97;
16:23:05;6532;49,98;
16:23:08;6468;49,97;
16:23:11;6528;49,97;
16:23:14;6520;49,98;
16:23:17;6494;49,98;
16:23:20;6506;49,98;
16:23:23;6516;49,98;
16:23:26;6524;49,98;
16:23:29;6514;49,98;
16:23:32;6472;49,98;
16:23:35;6520;49,98;
16:23:38;6504;49,97;
16:23:41;6512;49,98;
16:23:44;6454;49,98;
16:23:47;6510;49,98;
16:23:53;6508;49,97;
16:23:56;6452;49,97;
16:23:59;6508;49,98;
16:24:02;6498;49,98;
16:24:05;6508;49,98;
16:24:08;6452;49,98;
16:24:11;6506;49,98;
16:24:17;6502;49,98;
16:24:20;6448;49,98;
16:24:23;6500;49,97;
16:24:26;6490;49,97;
16:24:29;6480;49,96;
16:24:32;6462;49,96;
16:24:35;6494;49,96;
16:24:38;6478;49,96;
16:24:41;6492;49,97;
16:24:44;6440;49,97;
16:24:47;6492;49,97;
16:24:50;6474;49,97;
16:24:53;6488;49,97;
16:24:59;6484;49,97;
16:25:02;6468;49,97;
16:25:05;6482;49,96;
16:25:08;6436;49,96;
16:25:11;6484;49,96;
16:25:14;6462;49,96;
16:25:17;6480;49,96;
16:25:23;6476;49,96;
16:25:26;6452;49,96;
16:25:29;6472;49,96;
16:25:32;6434;49,96;
16:25:35;6472;49,96;
16:25:38;6446;49,96;
16:25:41;6468;49,96;
16:25:44;6426;49,97;
16:25:47;6464;49,98;
16:25:50;6432;49,98;
16:25:53;6462;49,98;
16:25:56;6424;49,98;
16:25:59;6460;49,98;
16:26:02;6460;49,97;
16:26:05;6428;49,97;
16:26:08;6418;49,97;
16:26:11;6448;49,97;
16:26:14;6430;49,97;
16:26:17;6440;49,97;
16:26:20;6416;49,97;
16:26:23;6434;49,97;
16:26:26;6442;49,97;
16:26:29;6424;49,97;
16:26:32;6376;49,97;
16:26:35;6418;49,97;
16:26:38;6436;49,96;
16:26:41;6406;49,96;
16:26:44;6430;49,96;
16:26:50;6426;49,96;
16:26:53;6396;49,97;
16:26:56;6422;49,97;
16:26:59;6390;49,98;
16:27:02;6422;49,98;
16:27:05;6386;49,98;
16:27:08;6416;49,98;
16:27:14;6414;49,97;
16:27:17;6382;49,98;
16:27:20;6410;49,97;
16:27:23;6380;49,97;
16:27:26;6408;49,96;
16:27:29;6374;49,97;
16:27:32;6402;49,97;
16:27:35;6370;49,97;
16:27:38;6398;49,97;
16:27:41;6364;49,97;
16:27:44;6396;49,97;
16:27:47;6364;49,96;
16:27:50;6390;49,96;
16:27:56;6386;49,97;
16:27:59;6356;49,97;
16:28:02;6380;49,97;
16:28:05;6344;49,97;
16:28:08;6378;49,96;
16:28:11;6368;49,96;
16:28:14;6380;49,96;
16:28:17;6386;49,96;
16:28:20;6396;49,96;
16:28:23;6376;49,97;
16:28:26;6396;49,97;
16:28:29;6378;49,97;
16:28:32;6404;49,97;
16:28:35;6398;49,97;
16:28:38;6374;49,97;
16:28:41;6396;49,98;
16:28:44;6398;49,97;
16:28:53;6396;49,97;
16:28:56;6394;49,98;
16:29:02;6390;49,98;
16:29:05;6390;49,99;
16:29:08;6384;49,98;
16:29:11;6380;49,98;
16:29:14;6378;49,98;
16:29:17;6376;49,98;
16:29:20;6330;49,98;
16:29:23;6372;49,98;
16:29:26;6368;49,98;
16:29:29;6344;49,98;
16:29:32;6362;49,97;
16:29:35;6356;49,97;
16:29:38;6358;49,97;
16:29:41;6350;49,97;
16:29:44;6322;49,97;
16:29:47;6354;49,97;
16:29:50;6350;49,97;
16:29:53;6352;49,97;
16:29:56;6346;49,97;
16:29:59;6344;49,97;
16:30:02;6342;49,97;
16:30:08;6336;49,97;
16:30:11;6346;49,97;
16:30:14;6342;49,98;
16:30:17;6334;49,98;
16:30:20;6330;49,98;
16:30:26;6292;49,97;
16:30:29;6332;49,97;
16:30:32;6290;49,97;
16:30:35;6322;49,98;
16:30:38;6282;49,98;
16:30:41;6322;49,98;
16:30:44;6282;49,98;
16:30:47;6316;49,98;
16:30:53;6312;49,98;
16:30:56;6274;49,98;
16:30:59;6306;49,97;
16:31:02;6266;49,98;
16:31:05;6298;49,98;
16:31:08;6264;49,98;
16:31:11;6294;49,98;
16:31:14;6296;49,98;
16:31:17;6296;49,97;
16:31:20;6258;49,97;
16:31:23;6290;49,97;
16:31:26;6272;49,97;
16:31:29;6288;49,97;
16:31:32;6272;49,97;
16:31:35;6278;49,97;
16:31:38;6276;49,97;
16:31:41;6278;49,97;
16:31:44;6274;49,98;
16:31:47;6280;49,98;
16:31:50;6274;49,98;
16:31:59;6266;49,98;
16:32:02;6264;49,97;
16:32:05;6262;49,97;
16:32:08;6260;49,97;
16:32:11;6256;49,96;
16:32:17;6212;49,96;
16:32:20;6252;49,96;
16:32:23;6248;49,96;
16:32:26;6248;49,97;
16:32:29;6246;49,97;
16:32:32;6244;49,96;
16:32:35;6242;49,96;
16:32:38;6240;49,96;
16:32:41;6202;49,96;
16:32:44;6234;49,97;
16:32:47;6228;49,98;
16:32:53;6226;49,98;
16:32:56;6222;49,98;
16:32:59;6218;49,98;
16:33:08;6216;49,98;
16:33:11;6210;49,98;
16:33:17;6204;49,97;
16:33:20;6206;49,97;
16:33:23;6172;49,96;
16:33:26;6204;49,96;
16:33:29;6184;49,96;
16:33:32;6198;49,96;
16:33:35;6180;49,96;
16:33:38;6196;49,97;
16:33:41;6160;49,97;
16:33:44;6190;49,98;
16:33:47;6182;49,97;
16:33:50;6186;49,97;
16:33:53;6146;49,97;
16:33:56;6182;49,97;
16:33:59;6144;49,97;
16:34:02;6176;49,97;
16:34:05;6136;49,96;
16:34:11;6138;49,95;
16:34:14;6168;49,96;
16:34:17;6128;49,95;
16:34:20;6168;49,96;
16:34:23;6158;49,96;
16:34:26;6164;49,96;
16:34:29;6144;49,96;
16:34:32;6146;49,96;
16:34:35;6140;49,95;
16:34:38;6154;49,95;
16:34:41;6122;49,95;
16:34:44;6152;49,95;
16:34:47;6122;49,95;
16:34:50;6146;49,95;
16:34:56;6144;49,94;
16:34:59;6138;49,94;
16:35:02;6132;49,94;
16:35:05;6134;49,95;
16:35:08;6130;49,94;
16:35:14;6098;49,95;
16:35:17;6128;49,95;
16:35:20;6122;49,94;
16:35:26;6118;49,94;
16:35:29;6114;49,94;
16:35:38;6080;49,94;
16:35:41;6106;49,94;
16:35:44;6104;49,94;
16:35:50;6098;49,95;
16:35:53;6100;49,95;
16:35:56;6096;49,95;
16:36:02;6088;49,96;
16:36:05;6090;49,96;
16:36:08;6086;49,96;
16:36:14;6082;49,97;
16:36:17;6080;49,97;
16:36:20;6040;49,97;
16:36:23;6080;49,97;
16:36:26;6066;49,97;
16:36:29;6074;49,97;
16:36:32;6054;49,97;
16:36:35;6070;49,97;
16:36:38;6058;49,97;
16:36:41;6068;49,97;
16:36:44;6060;49,97;
16:36:47;6064;49,97;
16:36:50;6038;49,97;
16:36:53;6060;49,97;
16:36:56;6018;49,98;
16:36:59;6058;49,98;
16:37:02;6026;49,98;
16:37:08;6012;49,98;
16:37:11;6048;49,98;
16:37:14;6016;49,98;
16:37:17;6042;49,98;
16:37:20;6000;49,99;
16:37:23;6040;49,99;
16:37:26;6038;49,99;
16:37:29;6008;50,00;
16:37:32;5990;50,00;
16:37:35;6030;50,00;
16:37:38;5998;49,99;
16:37:41;6022;49,99;
16:37:44;5980;50,00;
16:37:47;6022;50,00;
16:37:50;6020;50,00;
16:37:53;6018;50,00;
16:37:56;5974;50,00;
16:37:59;6020;50,01;
16:38:02;5998;50,01;
16:38:05;6022;50,01;
16:38:08;5962;50,01;
16:38:14;5974;50,01;
16:38:17;5998;50,01;
16:38:20;5960;50,00;
16:38:23;5992;50,00;
16:38:26;5962;49,99;
16:38:29;5986;49,99;
16:38:35;5960;49,99;
16:38:38;5962;49,98;
16:38:41;5970;49,99;
16:38:44;5960;49,98;
16:38:47;5942;49,99;
16:38:50;5964;49,99;
16:38:53;5946;49,99;
16:38:56;5962;50,00;
16:38:59;5922;50,00;
16:39:02;5962;50,00;
16:39:05;5928;50,01;
16:39:08;5954;50,01;
16:39:11;5910;50,01;
16:39:14;5948;50,01;
16:39:20;5906;50,00;
16:39:23;5940;50,01;
16:39:26;5910;50,00;
16:39:29;5900;50,00;
16:39:32;5934;50,00;
16:39:35;5918;50,00;
16:39:38;5934;50,01;
16:39:41;5912;50,01;
16:39:44;5924;50,01;
16:39:47;5890;50,01;
16:39:50;5920;50,01;
16:39:53;5896;50,02;
16:39:56;5916;50,02;
16:39:59;5874;50,02;
16:40:05;5880;50,01;
16:40:08;5902;50,01;
16:40:11;5860;50,01;
16:40:14;5902;50,00;
16:40:17;5870;50,00;
16:40:20;5890;50,00;
16:40:23;5888;50,00;
16:40:26;5848;50,00;
16:40:29;5856;50,00;
16:40:32;5878;50,00;
16:40:35;5834;50,00;
16:40:38;5876;50,00;
16:40:41;5848;50,00;
16:40:44;5870;49,99;
16:40:47;5874;49,99;
16:40:50;5868;50,00;
16:40:53;5842;49,99;
16:40:56;5862;49,99;
16:40:59;5816;50,00;
16:41:02;5860;50,00;
16:41:05;5838;50,00;
16:41:11;5790;50,00;
16:41:14;5856;50,00;
16:41:17;5834;49,99;
16:41:20;5852;50,00;
16:41:23;5812;49,99;
16:41:26;5854;49,98;
16:41:29;5850;49,98;
16:41:32;5828;49,98;
16:41:35;5830;49,97;
16:41:38;5832;49,98;
16:41:41;5830;49,98;
16:41:44;5832;49,98;
16:41:47;5814;49,99;
16:41:50;5790;49,99;
16:41:53;5834;49,99;
16:41:56;5814;49,99;
16:41:59;5828;49,98;
16:42:02;5762;49,98;
16:42:05;5822;49,99;
16:42:08;5806;49,98;
16:42:11;5822;49,98;
16:42:17;5818;49,98;
16:42:20;5800;49,97;
16:42:23;5814;49,97;
16:42:26;5752;49,97;
16:42:29;5808;49,97;
16:42:32;5786;49,97;
16:42:35;5806;49,97;
16:42:38;5808;49,97;
16:42:41;5806;49,99;
16:42:44;5782;49,99;
16:42:47;5804;49,99;
16:42:50;5746;49,99;
16:42:53;5800;50,00;
16:42:56;5774;50,00;
16:42:59;5800;50,00;
16:43:02;5742;50,00;
16:43:05;5794;50,00;
16:43:08;5764;49,99;
16:43:11;5788;49,99;
16:43:14;5732;49,99;
16:43:17;5786;49,98;
16:43:23;5780;49,98;
16:43:26;5724;49,98;
16:43:29;5774;49,98;
16:43:32;5748;49,98;
16:43:35;5768;49,99;
16:43:38;5726;49,99;
16:43:41;5744;49,99;
16:43:44;5766;50,00;
16:43:47;5764;50,00;
16:43:50;5710;49,99;
16:43:53;5758;49,99;
16:43:56;5722;49,99;
16:43:59;5752;49,99;
16:44:02;5696;49,99;
16:44:08;5704;49,98;
16:44:11;5738;49,98;
16:44:14;5686;49,98;
16:44:17;5734;49,98;
16:44:20;5694;49,98;
16:44:23;5728;49,98;
16:44:26;5728;49,97;
16:44:29;5682;49,98;
16:44:32;5700;49,98;
16:44:35;5712;49,98;
16:44:38;5682;49,98;
16:44:41;5700;49,98;
16:44:47;5684;49,98;
16:44:50;5704;49,98;
16:44:53;5666;49,98;
16:44:56;5704;49,98;
16:44:59;5666;49,98;
16:45:02;5702;49,99;
16:45:05;5650;49,99;
16:45:08;5696;50,00;
16:45:14;5690;49,99;
16:45:17;5642;49,98;
16:45:20;5686;49,98;
16:45:23;5650;49,97;
16:45:26;5680;49,97;
16:45:29;5634;49,97;
16:45:32;5676;49,97;
16:45:35;5674;49,97;
16:45:38;5668;49,98;
16:45:41;5620;49,99;
16:45:44;5664;50,00;
16:45:47;5634;50,00;
16:45:50;5668;50,00;
16:45:53;5622;50,00;
16:45:56;5664;50,00;
16:45:59;5626;50,00;
16:46:02;5656;50,00;
16:46:05;5616;50,00;
16:46:08;5660;50,00;
16:46:11;5622;50,00;
16:46:14;5658;49,99;
16:46:23;5614;49,99;
16:46:26;5652;50,00;
16:46:29;5614;50,00;
16:46:32;5646;50,00;
16:46:35;5612;49,99;
16:46:38;5636;49,99;
16:46:41;5644;49,99;
16:46:44;5638;50,00;
16:46:47;5624;49,99;
16:46:50;5636;50,00;
16:46:53;5626;50,00;
16:46:56;5636;50,00;
16:46:59;5640;50,01;
16:47:02;5610;50,01;
16:47:05;5648;50,01;
16:47:08;5630;50,01;
16:47:11;5624;50,00;
16:47:14;5624;50,01;
16:47:17;5626;50,01;
16:47:20;5624;50,01;
16:47:26;5624;50,00;
16:47:29;5622;50,00;
16:47:38;5616;50,00;
16:47:44;5596;49,99;
16:47:47;5614;49,99;
16:47:50;5606;49,99;
16:47:53;5606;50,00;
16:47:56;5604;50,00;
16:47:59;5604;50,01;
16:48:02;5598;50,01;
16:48:05;5596;50,01;
16:48:08;5578;50,01;
16:48:11;5594;50,00;
16:48:14;5592;49,99;
16:48:17;5588;49,99;
16:48:20;5590;49,98;
16:48:23;5588;49,98;
16:48:26;5584;49,98;
16:48:32;5580;49,98;
16:48:38;5536;49,98;
16:48:41;5580;49,98;
16:48:44;5568;49,98;
16:48:47;5572;49,98;
16:48:50;5524;49,98;
16:48:53;5570;49,98;
16:48:56;5560;49,97;
16:48:59;5566;49,98;
16:49:02;5492;49,98;
16:49:05;5566;49,99;
16:49:08;5556;49,99;
16:49:11;5560;49,99;
16:49:17;5556;49,99;
16:49:20;5546;49,98;
16:49:23;5550;49,98;
16:49:26;5476;49,97;
16:49:29;5544;49,97;
16:49:32;5534;49,97;
16:49:35;5542;49,97;
16:49:38;5540;49,97;
16:49:44;5532;49,97;
16:49:47;5536;49,96;
16:49:50;5498;49,96;
16:49:53;5532;49,96;
16:49:56;5534;49,97;
16:49:59;5524;49,97;
16:50:02;5514;49,97;
16:50:05;5524;49,98;
16:50:08;5522;49,98;
16:50:11;5520;49,98;
16:50:14;5518;49,98;
16:50:17;5516;49,98;
16:50:23;5512;49,98;
16:50:26;5512;49,97;
16:50:29;5504;49,97;
16:50:32;5506;49,97;
16:50:35;5498;49,97;
16:50:38;5496;49,97;
16:50:41;5424;49,97;
16:50:44;5494;49,97;
16:50:47;5492;49,98;
16:50:53;5490;49,98;
16:50:59;5486;49,98;
16:51:05;5414;49,99;
16:51:08;5484;49,99;
16:51:11;5478;49,99;
16:51:17;5470;49,99;
16:51:23;5470;49,98;
16:51:29;5468;49,99;
16:51:32;5464;49,99;
16:51:35;5462;50,00;
16:51:38;5458;50,00;
16:51:41;5444;49,99;
16:51:44;5454;49,99;
16:51:47;5452;49,99;
16:51:50;5448;49,98;
16:51:53;5414;50,00;
16:51:56;5442;50,00;
16:51:59;5432;50,00;
16:52:02;5442;50,00;
16:52:05;5380;49,99;
16:52:08;5440;49,99;
16:52:11;5436;49,99;
16:52:14;5434;49,99;
16:52:17;5368;49,99;
16:52:20;5432;49,98;
16:52:23;5414;49,98;
16:52:26;5430;49,97;
16:52:29;5358;49,97;
16:52:35;5410;49,97;
16:52:38;5422;49,97;
16:52:41;5352;49,97;
16:52:44;5416;49,96;
16:52:47;5400;49,97;
16:52:50;5412;49,96;
16:52:53;5416;49,96;
16:52:56;5378;49,96;
16:52:59;5390;49,96;
16:53:02;5404;49,96;
16:53:05;5390;49,96;
16:53:08;5404;49,96;
16:53:14;5398;49,96;
16:53:20;5390;49,96;
16:53:23;5388;49,96;
16:53:26;5384;49,96;
16:53:32;5378;49,96;
16:53:38;5358;49,96;
16:53:41;5372;49,96;
16:53:44;5368;49,96;
16:53:50;5364;49,96;
16:53:53;5360;49,96;
16:53:56;5358;49,96;
16:53:59;5354;49,96;
16:54:02;5340;49,97;
16:54:05;5356;49,97;
16:54:08;5352;49,97;
16:54:11;5350;49,97;
16:54:14;5348;49,96;
16:54:20;5346;49,96;
16:54:29;5344;49,96;
16:54:32;5336;49,96;
16:54:35;5336;49,97;
16:54:38;5332;49,97;
16:54:44;5278;49,97;
16:54:47;5322;49,97;
16:54:50;5316;49,97;
16:54:53;5324;49,97;
16:54:56;5294;49,97;
16:54:59;5318;49,97;
16:55:02;5300;49,97;
16:55:05;5316;49,98;
16:55:08;5304;49,98;
16:55:11;5312;49,97;
16:55:14;5290;49,97;
16:55:17;5308;49,97;
16:55:20;5252;49,96;
16:55:23;5302;49,96;
16:55:26;5282;49,96;
16:55:32;5244;49,97;
16:55:35;5294;49,96;
16:55:38;5276;49,97;
16:55:41;5292;49,96;
16:55:44;5240;49,96;
16:55:47;5286;49,96;
16:55:50;5284;49,97;
16:55:53;5264;49,97;
16:55:56;5224;49,97;
16:55:59;5278;49,97;
16:56:02;5248;49,97;
16:56:05;5270;49,97;
16:56:08;5216;49,97;
16:56:11;5268;49,97;
16:56:17;5266;49,97;
16:56:20;5208;49,97;
16:56:23;5258;49,97;
16:56:26;5226;49,98;
16:56:29;5256;49,98;
16:56:32;5208;49,98;
16:56:38;5222;49,98;
16:56:41;5252;49,98;
16:56:44;5202;49,97;
16:56:47;5246;49,97;
16:56:50;5224;49,96;
16:56:53;5226;49,96;
16:56:56;5236;49,96;
16:56:59;5212;49,97;
16:57:02;5222;49,98;
16:57:05;5196;49,99;
16:57:08;5214;49,99;
16:57:11;5190;49,99;
16:57:14;5218;49,99;
16:57:17;5186;49,98;
16:57:20;5214;49,98;
16:57:23;5176;49,98;
16:57:26;5206;49,98;
16:57:29;5176;49,98;
16:57:32;5204;49,98;
16:57:35;5170;49,98;
16:57:38;5200;49,99;
16:57:41;5198;49,99;
16:57:44;5166;49,99;
16:57:47;5162;49,98;
16:57:50;5188;49,99;
16:57:53;5154;49,99;
16:57:56;5180;49,98;
16:57:59;5168;49,99;
16:58:02;5174;49,99;
16:58:05;5166;49,99;
16:58:08;5168;49,99;
16:58:11;5150;49,99;
16:58:14;5162;49,99;
16:58:17;5130;50,00;
16:58:20;5158;49,99;
16:58:23;5132;49,99;
16:58:29;5074;49,99;
16:58:32;5148;49,99;
16:58:35;5120;50,00;
16:58:38;5142;50,00;
16:58:41;5060;49,99;
16:58:44;5132;49,99;
16:58:47;5130;49,99;
16:58:50;5106;49,99;
16:58:53;5050;50,00;
16:58:56;5116;50,00;
16:58:59;5086;50,00;
16:59:02;5108;50,00;
16:59:05;5034;50,00;
16:59:08;5100;50,00;
16:59:11;5094;50,00;
16:59:14;5084;50,00;
16:59:17;5016;49,99;
16:59:20;5076;49,99;
16:59:23;5042;50,00;
16:59:26;5070;50,00;
16:59:29;5006;50,00;
16:59:35;5024;50,01;
16:59:38;5058;50,01;
16:59:41;4998;50,01;
16:59:44;5036;50,01;
16:59:47;5020;50,01;
16:59:50;5026;50,01;
16:59:53;5032;50,01;
16:59:56;4992;50,01;
16:59:59;5016;50,01;
17:00:02;5010;50,01;
17:00:05;5000;50,01;
17:00:08;4986;50,01;
17:00:11;5028;50,02;
17:00:14;4988;50,02;
17:00:17;5018;50,02;
17:00:20;4956;50,03;
17:00:23;5010;50,01;
17:00:26;4980;50,01;
17:00:29;5004;50,01;
17:00:32;4948;50,02;
17:00:35;5002;50,03;
17:00:41;4996;50,04;
17:00:44;4938;50,03;
17:00:47;4990;50,04;
17:00:50;4966;50,03;
17:00:53;4990;50,03;
17:00:56;4930;50,03;
17:00:59;4986;50,04;
17:01:05;4984;50,03;
17:01:08;4924;50,03;
17:01:11;4978;50,03;
17:01:14;4936;50,03;
17:01:17;4972;50,02;
17:01:20;4916;50,02;
17:01:23;4970;50,02;
17:01:26;4944;50,02;
17:01:29;4966;50,03;
17:01:32;4960;50,03;
17:01:35;4966;50,03;
17:01:38;4924;50,04;
17:01:41;4962;50,04;
17:01:47;4964;50,03;
17:01:50;4922;50,03;
17:01:53;4962;50,03;
17:01:56;4948;50,04;
17:01:59;4958;50,03;
17:02:02;4914;50,03;
17:02:05;4958;50,03;
17:02:08;4956;50,03;
17:02:11;4954;50,03;
17:02:14;4906;50,03;
17:02:17;4954;50,03;
17:02:20;4934;50,02;
17:02:23;4948;50,02;
17:02:26;4900;50,01;
17:02:32;4932;50,01;
17:02:35;4950;50,00;
17:02:38;4898;50,01;
17:02:41;4946;50,01;
17:02:44;4930;50,01;
17:02:47;4944;50,00;
17:02:50;4946;50,00;
17:02:53;4898;50,00;
17:02:56;4932;50,00;
17:03:02;4912;50,00;
17:03:05;4916;50,00;
17:03:08;4934;50,00;
17:03:11;4916;50,00;
17:03:14;4928;50,00;
17:03:17;4890;50,00;
17:03:20;4926;49,99;
17:03:23;4908;49,99;
17:03:26;4924;49,99;
17:03:29;4874;49,99;
17:03:32;4918;49,99;
17:03:38;4914;50,00;
17:03:41;4866;49,99;
17:03:44;4908;49,99;
17:03:47;4886;49,98;
17:03:50;4902;49,99;
17:03:53;4858;49,99;
17:03:56;4902;49,99;
17:04:02;4896;50,00;
17:04:05;4852;50,01;
17:04:08;4890;50,01;
17:04:11;4868;50,01;
17:04:14;4886;50,01;
17:04:17;4842;50,01;
17:04:20;4882;50,01;
17:04:23;4862;50,00;
17:04:26;4880;50,00;
17:04:29;4838;50,00;
17:04:32;4880;50,00;
17:04:35;4852;50,00;
17:04:38;4872;50,00;
17:04:44;4874;50,00;
17:04:47;4850;50,01;
17:04:50;4868;50,01;
17:04:53;4828;50,01;
17:04:56;4864;50,01;
17:04:59;4848;50,01;
17:05:05;4860;50,02;
17:05:08;4852;50,02;
17:05:11;4850;50,02;
17:05:14;4852;50,02;
17:05:17;4844;50,02;
17:05:20;4848;50,02;
17:05:23;4846;50,01;
17:05:26;4818;50,01;
17:05:29;4842;50,01;
17:05:32;4840;50,00;
17:05:38;4832;50,00;
17:05:41;4836;50,01;
17:05:44;4832;50,01;
17:05:50;4824;50,01;
17:05:53;4826;50,01;
17:05:56;4820;50,01;
17:05:59;4818;50,01;
17:06:02;4816;50,01;
17:06:05;4796;50,01;
17:06:08;4804;50,01;
17:06:11;4810;50,01;
17:06:14;4806;50,01;
17:06:17;4800;50,00;
17:06:20;4794;50,01;
17:06:23;4800;50,01;
17:06:26;4798;50,00;
17:06:32;4772;50,00;
17:06:35;4794;50,00;
17:06:38;4766;50,00;
17:06:41;4790;50,00;
17:06:44;4766;50,00;
17:06:47;4790;50,00;
17:06:50;4758;50,00;
17:06:53;4782;50,01;
17:06:56;4778;50,00;
17:06:59;4776;50,01;
17:07:02;4744;50,00;
17:07:05;4770;50,01;
17:07:08;4748;50,01;
17:07:11;4766;50,01;
17:07:14;4734;50,01;
17:07:17;4762;50,02;
17:07:20;4740;50,01;
17:07:23;4756;50,01;
17:07:26;4722;50,00;
17:07:29;4752;49,99;
17:07:32;4736;49,99;
17:07:35;4748;50,00;
17:07:41;4746;50,00;
17:07:44;4728;50,00;
17:07:47;4742;50,00;
17:07:50;4710;50,00;
17:07:53;4738;50,00;
17:07:56;4722;49,99;
17:07:59;4740;49,99;
17:08:02;4734;49,99;
17:08:05;4732;50,00;
17:08:08;4718;50,00;
17:08:11;4724;50,00;
17:08:14;4718;49,99;
17:08:17;4722;49,99;
17:08:20;4712;49,98;
17:08:23;4714;49,98;
17:08:26;4710;49,98;
17:08:29;4704;49,98;
17:08:32;4702;49,98;
17:08:35;4696;49,98;
17:08:41;4692;49,98;
17:08:47;4686;50,00;
17:08:50;4684;50,00;
17:08:53;4678;50,00;
17:08:56;4676;50,00;
17:08:59;4670;49,99;
17:09:02;4664;49,98;
17:09:05;4602;49,98;
17:09:08;4660;49,98;
17:09:11;4650;49,98;
17:09:14;4648;49,98;
17:09:17;4642;49,98;
17:09:20;4640;49,98;
17:09:23;4632;49,98;
17:09:26;4628;49,98;
17:09:29;4578;49,98;
17:09:32;4624;49,98;
17:09:35;4618;49,98;
17:09:38;4614;49,98;
17:09:41;4614;49,99;
17:09:44;4610;50,00;
17:09:47;4606;50,00;
17:09:53;4598;50,00;
17:09:56;4594;49,99;
17:09:59;4596;49,99;
17:10:02;4592;49,99;
17:10:05;4572;49,99;
17:10:08;4586;49,99;
17:10:11;4564;49,99;
17:10:14;4570;49,99;
17:10:17;4550;49,98;
17:10:20;4574;49,98;
17:10:23;4546;49,99;
17:10:26;4566;49,99;
17:10:29;4562;49,99;
17:10:32;4558;49,99;
17:10:35;4528;49,99;
17:10:38;4552;49,99;
17:10:41;4552;50,00;
17:10:44;4550;50,00;
17:10:47;4546;50,00;
17:10:50;4546;49,99;
17:10:53;4540;49,98;
17:10:59;4536;49,98;
17:11:02;4530;49,98;
17:11:05;4512;49,99;
17:11:08;4524;49,99;
17:11:11;4516;50,00;
17:11:14;4520;50,00;
17:11:17;4522;50,00;
17:11:20;4516;50,00;
17:11:23;4538;49,99;
17:11:26;4540;49,99;
17:11:29;4548;49,99;
17:11:35;4542;49,98;
17:11:44;4540;49,98;
17:11:47;4542;49,99;
17:11:50;4538;49,99;
17:11:53;4536;49,99;
17:11:56;4532;49,99;
17:11:59;4530;49,99;
17:12:02;4520;49,99;
17:12:05;4534;49,99;
17:12:08;4526;50,00;
17:12:11;4528;50,01;
17:12:14;4524;50,00;
17:12:17;4528;50,01;
17:12:20;4518;50,00;
17:12:23;4516;50,01;
17:12:26;4508;50,00;
17:12:29;4510;50,00;
17:12:35;4508;49,99;
17:12:38;4506;49,99;
17:12:41;4504;49,99;
17:12:50;4496;49,99;
17:12:56;4490;49,98;
17:13:02;4482;49,98;
17:13:08;4446;49,98;
17:13:11;4466;49,98;
17:13:17;4474;49,98;
17:13:20;4440;49,98;
17:13:23;4470;49,98;
17:13:26;4450;49,98;
17:13:29;4464;49,97;
17:13:32;4460;49,98;
17:13:35;4458;49,98;
17:13:38;4438;49,97;
17:13:41;4452;49,97;
17:13:44;4398;49,97;
17:13:47;4442;49,98;
17:13:50;4424;49,98;
17:13:56;4386;49,99;
17:13:59;4432;49,99;
17:14:02;4410;49,98;
17:14:05;4422;49,98;
17:14:08;4368;49,98;
17:14:11;4412;49,98;
17:14:14;4408;49,98;
17:14:17;4394;49,98;
17:14:20;4354;49,97;
17:14:23;4396;49,97;
17:14:26;4378;49,97;
17:14:29;4392;49,97;
17:14:32;4340;49,96;
17:14:35;4382;49,97;
17:14:41;4378;49,97;
17:14:44;4330;49,98;
17:14:47;4374;49,98;
17:14:50;4356;49,98;
17:14:53;4370;49,98;
17:14:56;4322;49,97;
17:15:02;4352;49,98;
17:15:05;4360;49,98;
17:15:08;4312;49,98;
17:15:11;4354;49,98;
17:15:14;4334;49,98;
17:15:17;4350;49,98;
17:15:23;4308;49,99;
17:15:26;4330;49,99;
17:15:29;4348;49,99;
17:15:32;4300;50,00;
17:15:35;4342;50,00;
17:15:38;4340;50,01;
17:15:41;4340;50,00;
17:15:47;4338;50,01;
17:15:50;4340;50,01;
17:15:53;4342;50,01;
17:15:56;4338;50,01;
17:15:59;4328;50,00;
17:16:02;4326;50,00;
17:16:05;4312;50,00;
17:16:08;4320;50,00;
17:16:11;4310;50,00;
17:16:14;4320;50,00;
17:16:17;4302;50,01;
17:16:20;4314;50,01;
17:16:23;4284;50,02;
17:16:26;4310;50,02;
17:16:32;4306;50,02;
17:16:35;4262;50,02;
17:16:38;4300;50,01;
17:16:41;4278;50,01;
17:16:44;4296;50,01;
17:16:47;4258;50,01;
17:16:53;4264;50,00;
17:16:56;4286;50,01;
17:16:59;4248;50,00;
17:17:02;4280;50,01;
17:17:05;4256;50,01;
17:17:08;4276;50,01;
17:17:14;4240;50,01;
17:17:17;4248;50,02;
17:17:20;4270;50,02;
17:17:23;4232;50,01;
17:17:26;4264;50,01;
17:17:29;4236;50,01;
17:17:32;4260;50,01;
17:17:35;4258;50,00;
17:17:38;4256;50,00;
17:17:41;4226;50,00;
17:17:44;4252;50,00;
17:17:47;4216;50,00;
17:17:50;4246;50,00;
17:17:53;4222;50,00;
17:17:59;4208;50,00;
17:18:02;4240;50,00;
17:18:05;4220;50,00;
17:18:08;4228;49,99;
17:18:11;4206;49,98;
17:18:14;4222;49,98;
17:18:17;4230;49,99;
17:18:20;4222;49,99;
17:18:23;4212;49,98;
17:18:26;4206;49,98;
17:18:29;4226;49,98;
17:18:32;4198;49,98;
17:18:35;4218;49,98;
17:18:38;4186;49,98;
17:18:41;4218;49,98;
17:18:44;4190;49,98;
17:18:47;4214;49,98;
17:18:50;4182;49,98;
17:18:53;4208;49,98;
17:18:56;4182;49,98;
17:18:59;4204;49,98;
17:19:05;4204;49,99;
17:19:08;4176;49,98;
17:19:11;4202;49,98;
17:19:14;4168;49,98;
17:19:17;4196;49,98;
17:19:20;4170;49,98;
17:19:23;4192;49,98;
17:19:29;4190;49,98;
17:19:32;4162;49,98;
17:19:35;4184;49,98;
17:19:38;4154;49,98;
17:19:41;4182;49,98;
17:19:44;4158;49,98;
17:19:47;4178;49,98;
17:19:50;4150;49,97;
17:19:53;4176;49,97;
17:19:56;4150;49,97;
17:19:59;4172;49,97;
17:20:02;4144;49,97;
17:20:05;4168;49,97;
17:20:14;4138;49,97;
17:20:17;4160;49,98;
17:20:20;4136;49,98;
17:20:23;4148;49,98;
17:20:26;4110;49,98;
17:20:29;4148;49,98;
17:20:35;4144;49,98;
17:20:38;4106;49,98;
17:20:41;4136;49,98;
17:20:44;4100;49,98;
17:20:47;4124;49,98;
17:20:50;4096;49,98;
17:20:56;4083;49,98;
17:20:59;4098;49,98;
17:21:02;4090;49,98;
17:21:08;4043;49,97;
17:21:11;4076;49,97;
17:21:14;4080;49,97;
17:21:17;4061;49,97;
17:21:20;4045;49,98;
17:21:23;4032;49,98;
17:21:26;4042;49,97;
17:21:29;4041;49,97;
17:21:35;4039;49,97;
17:21:38;4034;49,97;
17:21:41;4070;49,98;
17:21:44;4076;49,98;
17:21:47;4048;49,99;
17:21:50;4073;49,99;
17:21:53;4046;49,99;
17:21:56;4066;49,99;
17:22:02;4061;49,99;
17:22:05;4037;49,99;
17:22:08;4056;49,98;
17:22:11;4026;49,98;
17:22:14;4052;49,98;
17:22:17;4033;49,98;
17:22:20;4045;49,98;
17:22:23;4041;49,98;
17:22:26;4033;49,97;
17:22:29;4023;49,97;
17:22:32;4022;49,97;
17:22:35;3991;49,97;
17:22:38;4011;49,97;
17:22:41;4013;49,97;
17:22:44;3998;49,97;
17:22:47;3931;49,97;
17:22:50;3988;49,97;
17:22:53;3973;49,98;
17:22:59;3919;49,98;
17:23:02;3949;49,98;
17:23:08;3927;49,97;
17:23:11;3907;49,97;
17:23:14;3905;49,97;
17:23:17;3876;49,97;
17:23:20;3889;49,96;
17:23:23;3883;49,96;
17:23:26;3865;49,96;
17:23:29;3876;49,96;
17:23:32;3867;49,98;
17:23:35;3856;49,99;
17:23:38;3853;50,00;
17:23:41;3848;50,00;
17:23:44;3840;49,99;
17:23:47;3836;50,00;
17:23:50;3816;50,00;
17:23:53;3827;49,99;
17:23:56;3819;49,99;
17:23:59;3834;49,99;
17:24:02;3824;49,98;
17:24:08;3814;49,99;
17:24:14;3800;49,99;
17:24:17;3826;49,98;
17:24:20;3830;49,98;
17:24:23;3840;49,98;
17:24:26;3849;49,98;
17:24:29;3851;49,98;
17:24:32;3836;49,98;
17:24:35;3853;49,98;
17:24:38;3845;49,99;
17:24:44;3823;50,00;
17:24:47;3842;50,00;
17:24:50;3797;49,99;
17:24:53;3837;49,99;
17:24:59;3832;49,98;
17:25:02;3788;49,98;
17:25:05;3826;49,99;
17:25:08;3802;49,99;
17:25:11;3821;50,00;
17:25:14;3777;50,00;
17:25:17;3816;49,99;
17:25:20;3815;49,99;
17:25:23;3809;49,98;
17:25:26;3766;49,98;
17:25:29;3805;49,97;
17:25:32;3779;49,97;
17:25:35;3799;49,97;
17:25:38;3755;49,98;
17:25:41;3792;49,98;
17:25:44;3767;49,98;
17:25:47;3787;49,99;
17:25:50;3745;49,99;
17:25:53;3783;49,99;
17:25:56;3755;49,99;
17:25:59;3778;49,99;
17:26:05;3774;49,99;
17:26:08;3745;49,99;
17:26:11;3768;49,99;
17:26:14;3728;49,99;
17:26:17;3762;49,98;
17:26:20;3747;49,98;
17:26:23;3745;49,98;
17:26:26;3756;49,98;
17:26:29;3750;49,98;
17:26:32;3746;49,98;
17:26:38;3737;49,98;
17:26:41;3740;49,98;
17:26:44;3736;49,98;
17:26:47;3710;49,98;
17:26:50;3731;49,99;
17:26:53;3727;49,99;
17:26:56;3722;49,99;
17:26:59;3720;49,99;
17:27:02;3719;49,99;
17:27:05;3714;49,98;
17:27:11;3709;49,98;
17:27:14;3708;49,98;
17:27:17;3704;49,97;
17:27:20;3702;49,97;
17:27:23;3698;49,97;
17:27:26;3697;49,97;
17:27:29;3670;49,97;
17:27:32;3694;49,97;
17:27:35;3689;49,96;
17:27:38;3690;49,96;
17:27:41;3683;49,97;
17:27:44;3683;49,96;
17:27:47;3681;49,97;
17:27:53;3656;49,97;
17:27:56;3676;49,97;
17:28:02;3672;49,97;
17:28:05;3670;49,98;
17:28:11;3669;49,98;
17:28:17;3669;49,97;
17:28:20;3665;49,97;
17:28:23;3653;49,97;
17:28:26;3662;49,98;
17:28:29;3643;49,97;
17:28:32;3658;49,98;
17:28:35;3652;49,97;
17:28:38;3636;49,97;
17:28:41;3625;49,97;
17:28:44;3647;49,97;
17:28:47;3622;49,98;
17:28:50;3639;49,97;
17:28:53;3610;49,97;
17:28:56;3632;49,96;
17:28:59;3629;49,96;
17:29:02;3623;49,97;
17:29:05;3615;49,98;
17:29:08;3613;49,98;
17:29:11;3608;49,98;
17:29:14;3606;49,99;
17:29:17;3589;49,99;
17:29:20;3595;49,98;
17:29:23;3601;49,98;
17:29:26;3595;49,98;
17:29:29;3579;49,98;
17:29:32;3587;49,98;
17:29:35;3588;49,98;
17:29:38;3583;49,99;
17:29:44;3579;49,99;
17:29:47;3587;49,98;
17:29:50;3581;49,98;
17:29:53;3580;49,99;
17:29:56;3574;49,98;
17:29:59;3572;49,99;
17:30:02;3567;49,99;
17:30:08;3560;49,99;
17:30:14;3556;49,98;
17:30:17;3554;49,98;
17:30:20;3549;49,98;
17:30:26;3529;49,98;
17:30:29;3545;49,99;
17:30:32;3540;49,99;
17:30:35;3539;49,99;
17:30:38;3534;49,99;
17:30:41;3532;49,99;
17:30:44;3529;49,98;
17:30:50;3502;49,98;
17:30:53;3525;49,98;
17:30:56;3517;50,00;
17:30:59;3521;50,00;
17:31:02;3519;50,00;
17:31:05;3518;50,00;
17:31:08;3514;50,00;
17:31:14;3509;50,00;
17:31:20;3502;49,99;
17:31:26;3486;49,98;
17:31:29;3498;49,98;
17:31:32;3484;49,98;
17:31:35;3488;49,98;
17:31:38;3468;49,98;
17:31:41;3484;49,98;
17:31:44;3476;49,99;
17:31:47;3479;50,00;
17:31:50;3464;50,00;
17:31:53;3474;50,00;
17:31:56;3476;50,00;
17:31:59;3473;50,00;
17:32:02;3420;50,00;
17:32:05;3470;50,00;
17:32:08;3458;50,00;
17:32:11;3465;49,99;
17:32:14;3417;49,99;
17:32:20;3448;49,99;
17:32:23;3450;49,99;
17:32:26;3415;49,99;
17:32:29;3450;49,99;
17:32:32;3438;49,98;
17:32:35;3444;49,98;
17:32:38;3443;49,99;
17:32:41;3416;49,99;
17:32:44;3430;50,00;
17:32:47;3433;50,00;
17:32:50;3414;49,99;
17:32:53;3432;49,99;
17:32:56;3423;49,99;
17:32:59;3426;49,99;
17:33:05;3425;49,99;
17:33:08;3431;49,98;
17:33:11;3428;49,98;
17:33:14;3374;49,98;
17:33:17;3406;49,98;
17:33:20;3419;49,97;
17:33:26;3342;49,97;
17:33:29;3366;49,97;
17:33:32;3415;49,98;
17:33:35;3416;49,98;
17:33:38;3311;49,98;
17:33:41;3406;49,97;
17:33:44;3408;49,97;
17:33:47;3406;49,97;
17:33:50;3404;49,98;
17:33:53;3390;49,98;
17:33:56;3398;49,99;
17:33:59;3397;49,99;
17:34:02;3392;49,99;
17:34:05;3378;49,99;
17:34:11;3380;49,98;
17:34:14;3375;49,98;
17:34:17;3353;49,98;
17:34:20;3361;49,98;
17:34:23;3346;49,98;
17:34:29;3305;49,98;
17:34:32;3310;49,98;
17:34:35;3314;49,98;
17:34:38;3316;49,98;
17:34:41;3272;49,98;
17:34:44;3304;49,98;
17:34:47;3285;49,98;
17:34:50;3293;49,98;
17:34:53;3289;49,97;
17:34:56;3279;49,97;
17:34:59;3262;49,97;
17:35:02;3272;49,97;
17:35:05;3264;49,98;
17:35:08;3266;49,98;
17:35:11;3268;49,98;
17:35:17;3269;49,97;
17:35:20;3274;49,98;
17:35:23;3260;49,98;
17:35:26;3275;49,97;
17:35:29;3253;49,97;
17:35:32;3268;49,97;
17:35:35;3266;49,97;
17:35:38;3244;49,97;
17:35:41;3245;49,97;
17:35:44;3254;49,97;
17:35:47;3232;49,97;
17:35:50;3251;49,97;
17:35:53;3231;49,97;
17:35:56;3241;49,97;
17:35:59;3240;49,97;
17:36:02;3240;49,98;
17:36:05;3221;49,98;
17:36:08;3231;49,98;
17:36:11;3220;49,98;
17:36:14;3228;49,98;
17:36:17;3195;49,98;
17:36:23;3215;49,98;
17:36:26;3219;49,97;
17:36:29;3196;49,97;
17:36:32;3214;49,97;
17:36:35;3213;49,97;
17:36:38;3206;49,97;
17:36:41;3216;49,98;
17:36:44;3200;49,98;
17:36:47;3212;49,97;
17:36:50;3194;49,97;
17:36:53;3206;49,97;
17:36:56;3161;49,97;
17:36:59;3205;49,97;
17:37:02;3188;49,97;
17:37:05;3205;49,97;
17:37:08;3152;49,97;
17:37:11;3203;49,97;
17:37:14;3158;49,97;
17:37:17;3181;49,98;
17:37:20;3135;49,98;
17:37:23;3190;49,98;
17:37:29;3188;49,97;
17:37:32;3136;49,97;
17:37:35;3183;49,96;
17:37:38;3166;49,96;
17:37:41;3179;49,96;
17:37:44;3128;49,96;
17:37:47;3178;49,96;
17:37:50;3172;49,95;
17:37:53;3173;49,96;
17:37:56;3119;49,96;
17:37:59;3168;49,97;
17:38:02;3146;49,97;
17:38:05;3162;49,97;
17:38:08;3112;49,97;
17:38:11;3158;49,96;
17:38:14;3136;49,96;
17:38:17;3153;49,96;
17:38:20;3109;49,96;
17:38:23;3143;49,96;
17:38:26;3132;49,96;
17:38:29;3136;49,96;
17:38:32;3137;49,96;
17:38:35;3104;49,96;
17:38:38;3114;49,96;
17:38:41;3129;49,96;
17:38:44;3091;49,96;
17:38:47;3125;49,96;
17:38:50;3113;49,96;
17:38:53;3122;49,97;
17:38:56;3121;49,97;
17:38:59;3119;49,97;
17:39:02;3114;49,97;
17:39:05;3115;49,97;
17:39:08;3075;49,97;
17:39:11;3113;49,97;
17:39:20;3039;49,97;
17:39:23;3108;49,98;
17:39:26;3103;49,97;
17:39:29;3100;49,97;
17:39:32;3051;49,97;
17:39:35;3083;49,97;
17:39:38;3097;49,97;
17:39:44;3070;49,96;
17:39:47;3046;49,96;
17:39:50;3087;49,96;
17:39:53;3076;49,96;
17:39:56;3078;49,96;
17:39:59;3018;49,96;
17:40:02;3073;49,97;
17:40:05;3063;49,97;
17:40:08;3063;49,98;
17:40:11;3013;49,98;
17:40:14;3056;49,98;
17:40:17;3047;49,98;
17:40:20;3049;49,98;
17:40:26;3042;49,97;
17:40:29;3036;49,97;
17:40:32;3042;49,97;
17:40:35;3021;49,97;
17:40:38;3049;49,97;
17:40:41;3038;49,97;
17:40:44;3048;49,97;
17:40:47;3045;49,97;
17:40:50;3037;49,96;
17:40:53;3024;49,97;
17:40:56;3032;49,97;
17:40:59;2986;49,98;
17:41:02;3026;49,98;
17:41:05;3014;49,98;
17:41:08;3024;49,98;
17:41:11;2973;49,97;
17:41:14;3019;49,96;
17:41:17;3006;49,96;
17:41:20;3016;49,96;
17:41:23;2967;49,96;
17:41:26;3010;49,96;
17:41:32;3006;49,96;
17:41:35;2968;49,96;
17:41:38;3002;49,96;
17:41:41;2999;49,96;
17:41:47;2980;49,96;
17:41:50;2956;49,96;
17:41:53;2994;49,96;
17:41:56;2988;49,96;
17:41:59;2983;49,96;
17:42:02;2978;49,96;
17:42:05;2976;49,97;
17:42:08;2968;49,96;
17:42:11;2965;49,96;
17:42:14;2926;49,96;
17:42:17;2955;49,96;
17:42:20;2950;49,95;
17:42:23;2955;49,95;
17:42:26;2951;49,94;
17:42:29;2949;49,94;
17:42:32;2947;49,94;
17:42:38;2943;49,95;
17:42:41;2942;49,95;
17:42:44;2937;49,96;
17:42:47;2936;49,96;
17:42:50;2935;49,97;
17:42:53;2934;49,97;
17:42:56;2887;49,97;
17:42:59;2930;49,96;
17:43:02;2897;49,96;
17:43:05;2922;49,96;
17:43:08;2872;49,96;
17:43:11;2916;49,96;
17:43:14;2887;49,96;
17:43:17;2913;49,96;
17:43:23;2911;49,96;
17:43:26;2883;49,96;
17:43:29;2905;49,96;
17:43:32;2866;49,96;
17:43:35;2895;49,97;
17:43:38;2881;49,96;
17:43:41;2895;49,96;
17:43:44;2896;49,96;
17:43:47;2891;49,96;
17:43:50;2869;49,97;
17:43:53;2889;49,97;
17:43:56;2839;49,98;
17:43:59;2886;49,97;
17:44:02;2860;49,98;
17:44:05;2880;49,98;
17:44:08;2828;49,98;
17:44:11;2875;49,97;
17:44:14;2855;49,97;
17:44:17;2870;49,98;
17:44:20;2818;49,98;
17:44:23;2867;49,98;
17:44:29;2861;49,99;
17:44:32;2824;49,99;
17:44:35;2861;49,98;
17:44:38;2843;49,98;
17:44:41;2856;49,98;
17:44:44;2831;49,98;
17:44:47;2819;49,97;
17:44:50;2853;49,98;
17:44:53;2850;49,98;
17:44:56;2846;49,98;
17:44:59;2842;49,97;
17:45:02;2843;49,97;
17:45:05;2841;49,97;
17:45:08;2839;49,97;
17:45:11;2806;49,97;
17:45:14;2834;49,97;
17:45:17;2832;49,97;
17:45:20;2829;49,97;
17:45:23;2826;49,97;
17:45:26;2824;49,97;
17:45:29;2821;49,97;
17:45:35;2816;49,97;
17:45:38;2814;49,98;
17:45:41;2811;49,97;
17:45:44;2809;49,97;
17:45:47;2807;49,98;
17:45:50;2806;49,98;
17:45:53;2790;49,98;
17:45:56;2799;49,98;
17:45:59;2786;49,98;
17:46:02;2783;49,99;
17:46:05;2769;49,99;
17:46:08;2775;49,99;
17:46:11;2763;49,99;
17:46:14;2756;50,00;
17:46:17;2741;49,99;
17:46:20;2740;49,99;
17:46:23;2730;50,00;
17:46:26;2741;50,00;
17:46:29;2736;50,00;
17:46:32;2734;50,00;
17:46:35;2729;49,99;
17:46:41;2716;49,99;
17:46:44;2721;49,98;
17:46:47;2699;49,98;
17:46:50;2714;49,98;
17:46:53;2697;49,97;
17:46:56;2707;49,97;
17:46:59;2698;49,97;
17:47:02;2668;49,97;
17:47:05;2689;49,98;
17:47:08;2695;49,98;
17:47:11;2653;49,98;
17:47:14;2689;49,98;
17:47:17;2677;49,97;
17:47:20;2685;49,97;
17:47:23;2683;49,97;
17:47:26;2679;49,96;
17:47:32;2675;49,96;
17:47:35;2674;49,96;
17:47:38;2671;49,96;
17:47:41;2669;49,96;
17:47:44;2662;49,96;
17:47:47;2663;49,96;
17:47:50;2659;49,96;
17:47:53;2661;49,96;
17:47:56;2658;49,96;
17:47:59;2656;49,96;
17:48:02;2653;49,96;
17:48:05;2653;49,97;
17:48:08;2642;49,97;
17:48:11;2650;49,98;
17:48:14;2649;49,97;
17:48:17;2648;49,98;
17:48:20;2648;49,97;
17:48:23;2646;49,97;
17:48:26;2641;49,97;
17:48:32;2640;49,98;
17:48:35;2639;49,98;
17:48:38;2630;49,98;
17:48:41;2632;49,98;
17:48:44;2631;49,98;
17:48:47;2628;49,98;
17:48:50;2606;49,98;
17:48:53;2626;49,98;
17:48:56;2624;49,98;
17:48:59;2622;49,98;
17:49:02;2619;49,97;
17:49:05;2624;49,97;
17:49:11;2628;49,97;
17:49:14;2585;49,98;
17:49:17;2624;49,97;
17:49:20;2623;49,97;
17:49:23;2620;49,97;
17:49:26;2600;49,96;
17:49:29;2612;49,96;
17:49:32;2605;49,96;
17:49:38;2601;49,96;
17:49:41;2602;49,97;
17:49:44;2589;49,97;
17:49:47;2597;49,98;
17:49:50;2581;49,97;
17:49:53;2588;49,97;
17:49:56;2584;49,97;
17:49:59;2571;49,98;
17:50:02;2558;49,98;
17:50:05;2566;49,98;
17:50:08;2559;49,98;
17:50:11;2554;49,97;
17:50:14;2539;49,97;
17:50:17;2546;49,97;
17:50:20;2543;49,97;
17:50:23;2538;49,97;
17:50:26;2529;49,96;
17:50:29;2527;49,96;
17:50:32;2525;49,96;
17:50:35;2522;49,96;
17:50:38;2511;49,96;
17:50:44;2495;49,96;
17:50:47;2509;49,96;
17:50:50;2490;49,96;
17:50:53;2500;49,96;
17:50:56;2488;49,95;
17:50:59;2493;49,95;
17:51:02;2490;49,95;
17:51:05;2471;49,96;
17:51:08;2482;49,96;
17:51:11;2477;49,96;
17:51:14;2437;49,96;
17:51:17;2470;49,96;
17:51:20;2481;49,97;
17:51:23;2466;49,96;
17:51:26;2476;49,97;
17:51:29;2469;49,97;
17:51:32;2485;49,97;
17:51:35;2482;49,97;
17:51:38;2506;49,97;
17:51:41;2497;49,97;
17:51:44;2496;49,97;
17:51:50;2460;49,96;
17:51:53;2446;49,97;
17:51:56;2490;49,96;
17:51:59;2492;49,97;
17:52:02;2491;49,97;
17:52:05;2479;49,97;
17:52:08;2483;49,96;
17:52:11;2481;49,96;
17:52:14;2473;49,96;
17:52:17;2448;49,96;
17:52:20;2471;49,96;
17:52:23;2468;49,96;
17:52:26;2467;49,96;
17:52:29;2398;49,96;
17:52:35;2469;49,97;
17:52:38;2458;49,96;
17:52:41;2455;49,96;
17:52:47;2425;49,96;
17:52:50;2445;49,96;
17:52:53;2450;49,96;
17:52:56;2420;49,96;
17:52:59;2444;49,97;
17:53:02;2444;49,96;
17:53:05;2389;49,96;
17:53:08;2433;49,96;
17:53:11;2435;49,95;
17:53:14;2430;49,95;
17:53:17;2433;49,95;
17:53:20;2427;49,96;
17:53:23;2410;49,96;
17:53:26;2421;49,95;
17:53:29;2420;49,95;
17:53:32;2418;49,95;
17:53:35;2411;49,96;
17:53:41;2372;49,96;
17:53:44;2401;49,96;
17:53:47;2402;49,96;
17:53:50;2390;49,96;
17:53:53;2361;49,95;
17:53:56;2382;49,96;
17:53:59;2379;49,96;
17:54:02;2366;49,96;
17:54:05;2387;49,95;
17:54:08;2369;49,95;
17:54:11;2375;49,95;
17:54:14;2378;49,95;
17:54:17;2347;49,95;
17:54:20;2369;49,95;
17:54:23;2372;49,94;
17:54:26;2370;49,94;
17:54:29;2344;49,94;
17:54:32;2364;49,94;
17:54:35;2355;49,94;
17:54:38;2357;49,94;
17:54:41;2336;49,95;
17:54:47;2354;49,96;
17:54:50;2345;49,96;
17:54:53;2329;49,96;
17:54:56;2333;49,96;
17:54:59;2347;49,96;
17:55:02;2329;49,96;
17:55:05;2339;49,96;
17:55:08;2334;49,96;
17:55:11;2333;49,95;
17:55:14;2316;49,95;
17:55:17;2325;49,95;
17:55:20;2310;49,94;
17:55:23;2329;49,94;
17:55:26;2326;49,94;
17:55:32;2307;49,94;
17:55:35;2322;49,95;
17:55:38;2302;49,95;
17:55:41;2321;49,95;
17:55:44;2308;49,95;
17:55:47;2323;49,96;
17:55:53;2313;49,95;
17:55:56;2283;49,95;
17:55:59;2310;49,95;
17:56:02;2313;49,95;
17:56:05;2312;49,94;
17:56:08;2291;49,94;
17:56:11;2304;49,95;
17:56:14;2306;49,95;
17:56:17;2305;49,95;
17:56:20;2289;49,96;
17:56:23;2304;49,96;
17:56:26;2300;49,96;
17:56:29;2298;49,96;
17:56:32;2277;49,96;
17:56:38;2296;49,97;
17:56:41;2288;49,97;
17:56:44;2274;49,96;
17:56:47;2280;49,96;
17:56:50;2289;49,96;
17:56:53;2279;49,96;
17:56:56;2285;49,96;
17:56:59;2287;49,96;
17:57:02;2277;49,96;
17:57:05;2281;49,96;
17:57:08;2279;49,96;
17:57:11;2259;49,97;
17:57:14;2273;49,97;
17:57:17;2268;49,97;
17:57:20;2267;49,97;
17:57:23;2257;49,98;
17:57:26;2258;49,98;
17:57:29;2254;49,97;
17:57:32;2252;49,97;
17:57:35;2240;49,97;
17:57:38;2250;49,97;
17:57:44;2244;49,98;
17:57:47;2225;49,98;
17:57:50;2239;49,98;
17:57:53;2233;49,98;
17:57:56;2234;49,98;
17:57:59;2218;49,98;
17:58:02;2227;49,98;
17:58:05;2224;49,98;
17:58:08;2218;49,98;
17:58:11;2209;49,98;
17:58:14;2216;49,98;
17:58:17;2203;49,97;
17:58:20;2204;49,98;
17:58:23;2186;49,98;
17:58:26;2200;49,98;
17:58:29;2196;49,99;
17:58:32;2200;50,00;
17:58:35;2185;50,00;
17:58:38;2188;50,00;
17:58:41;2179;50,00;
17:58:44;2185;49,99;
17:58:50;2187;49,98;
17:58:53;2184;49,98;
17:58:56;2179;49,98;
17:58:59;2168;49,98;
17:59:02;2179;49,98;
17:59:05;2175;49,98;
17:59:08;2179;49,98;
17:59:11;2184;49,98;
17:59:14;2179;49,98;
17:59:17;2150;49,99;
17:59:20;2182;49,99;
17:59:23;2174;50,00;
17:59:26;2184;50,00;
17:59:29;2176;50,00;
17:59:32;2187;50,01;
17:59:35;2155;50,01;
17:59:38;2181;50,01;
17:59:41;2177;50,01;
17:59:44;2179;50,01;
17:59:47;2166;50,01;
17:59:50;2174;50,01;
17:59:56;2165;50,01;
17:59:59;2157;50,02;
18:00:02;2158;50,03;
18:00:05;2151;50,02;
18:00:08;2150;50,02;
18:00:11;2144;50,02;
18:00:14;2139;50,03;
18:00:17;2142;50,03;
18:00:20;2135;50,04;
18:00:23;2131;50,05;
18:00:26;2126;50,05;
18:00:29;2123;50,05;
18:00:32;2116;50,04;
18:00:35;2114;50,03;
18:00:38;2107;50,03;
18:00:41;2103;50,03;
18:00:44;2097;50,03;
18:00:50;2093;50,04;
18:00:53;2094;50,04;
18:00:56;2082;50,04;
18:00:59;2090;50,04;
18:01:02;2088;50,04;
18:01:05;2086;50,05;
18:01:08;2078;50,04;
18:01:11;2086;50,04;
18:01:14;2075;50,04;
18:01:17;2079;50,06;
18:01:20;2044;50,06;
18:01:23;2075;50,07;
18:01:26;2076;50,07;
18:01:29;2070;50,06;
18:01:32;2051;50,05;
18:01:35;2068;50,05;
18:01:38;2047;50,05;
18:01:41;2069;50,06;
18:01:47;2071;50,06;
18:01:50;2074;50,06;
18:01:53;2071;50,06;
18:01:56;2023;50,07;
18:01:59;2075;50,07;
18:02:02;2076;50,07;
18:02:05;2070;50,07;
18:02:08;2067;50,07;
18:02:11;2050;50,07;
18:02:17;2043;50,07;
18:02:20;2041;50,06;
18:02:23;2037;50,05;
18:02:26;2041;50,05;
18:02:29;2032;50,05;
18:02:32;2029;50,05;
18:02:35;2023;50,06;
18:02:38;2024;50,06;
18:02:41;2023;50,06;
18:02:44;1991;50,06;
18:02:47;2015;50,06;
18:02:53;2011;50,06;
18:02:56;1987;50,06;
18:02:59;2007;50,06;
18:03:02;2004;50,06;
18:03:05;2003;50,06;
18:03:08;1989;50,06;
18:03:11;1984;50,06;
18:03:14;1998;50,07;
18:03:17;1992;50,07;
18:03:20;1990;50,08;
18:03:23;1986;50,07;
18:03:26;1985;50,07;
18:03:29;1979;50,07;
18:03:32;1976;50,06;
18:03:35;1935;50,06;
18:03:38;1968;50,07;
18:03:41;1962;50,07;
18:03:44;1965;50,07;
18:03:47;1958;50,07;
18:03:50;1956;50,07;
18:03:53;1952;50,07;
18:03:59;1945;50,07;
18:04:02;1946;50,08;
18:04:05;1937;50,07;
18:04:08;1935;50,07;
18:04:11;1930;50,07;
18:04:17;1928;50,07;
18:04:20;1925;50,06;
18:04:23;1918;50,06;
18:04:26;1915;50,06;
18:04:29;1912;50,07;
18:04:32;1910;50,07;
18:04:35;1906;50,07;
18:04:38;1915;50,07;
18:04:41;1900;50,07;
18:04:44;1898;50,07;
18:04:47;1896;50,07;
18:04:50;1894;50,07;
18:04:53;1890;50,07;
18:04:56;1899;50,07;
18:04:59;1876;50,07;
18:05:05;1870;50,07;
18:05:08;1873;50,07;
18:05:14;1871;50,07;
18:05:17;1859;50,06;
18:05:20;1861;50,06;
18:05:23;1859;50,05;
18:05:26;1838;50,05;
18:05:29;1857;50,05;
18:05:32;1854;50,05;
18:05:35;1855;50,04;
18:05:38;1853;50,04;
18:05:41;1852;50,04;
18:05:44;1849;50,04;
18:05:50;1847;50,05;
18:05:53;1850;50,05;
18:05:56;1846;50,05;
18:05:59;1830;50,05;
18:06:02;1842;50,05;
18:06:05;1847;50,05;
18:06:08;1838;50,05;
18:06:11;1841;50,05;
18:06:14;1837;50,05;
18:06:17;1841;50,05;
18:06:20;1835;50,04;
18:06:23;1834;50,04;
18:06:26;1831;50,04;
18:06:29;1832;50,03;
18:06:32;1825;50,04;
18:06:35;1829;50,03;
18:06:38;1829;50,04;
18:06:41;1827;50,04;
18:06:44;1823;50,04;
18:06:50;1818;50,03;
18:06:56;1814;50,03;
18:06:59;1813;50,03;
18:07:02;1810;50,03;
18:07:05;1812;50,04;
18:07:08;1808;50,03;
18:07:11;1809;50,03;
18:07:14;1789;50,03;
18:07:17;1806;50,03;
18:07:20;1802;50,02;
18:07:23;1801;50,02;
18:07:26;1799;50,02;
18:07:29;1797;50,02;
18:07:32;1796;50,01;
18:07:35;1795;50,01;
18:07:38;1777;50,01;
18:07:41;1791;50,01;
18:07:44;1789;50,01;
18:07:47;1787;50,01;
18:07:50;1785;50,01;
18:07:53;1782;50,01;
18:07:56;1776;50,01;
18:08:02;1777;50,01;
18:08:05;1776;50,01;
18:08:08;1764;50,01;
18:08:11;1772;50,00;
18:08:14;1762;50,00;
18:08:17;1766;50,00;
18:08:20;1767;50,00;
18:08:23;1752;50,00;
18:08:26;1742;50,00;
18:08:29;1752;50,00;
18:08:32;1741;50,00;
18:08:35;1743;50,00;
18:08:38;1742;49,99;
18:08:44;1740;50,00;
18:08:47;1739;50,01;
18:08:50;1731;50,01;
18:08:53;1733;50,02;
18:08:56;1707;50,02;
18:08:59;1727;50,02;
18:09:02;1720;50,03;
18:09:08;1686;50,03;
18:09:11;1713;50,03;
18:09:14;1711;50,03;
18:09:17;1708;50,03;
18:09:20;1694;50,03;
18:09:23;1707;50,03;
18:09:26;1706;50,03;
18:09:29;1701;50,03;
18:09:32;1686;50,03;
18:09:35;1698;50,02;
18:09:38;1690;50,01;
18:09:41;1693;50,01;
18:09:44;1678;50,02;
18:09:47;1690;50,02;
18:09:50;1688;50,02;
18:09:53;1686;50,02;
18:09:56;1672;50,03;
18:09:59;1684;50,03;
18:10:02;1681;50,02;
18:10:05;1677;50,02;
18:10:08;1678;50,01;
18:10:11;1662;50,01;
18:10:14;1676;50,01;
18:10:17;1671;50,02;
18:10:20;1670;50,02;
18:10:23;1667;50,03;
18:10:26;1666;50,02;
18:10:29;1662;50,02;
18:10:32;1662;50,01;
18:10:35;1649;50,02;
18:10:38;1658;50,01;
18:10:41;1656;50,01;
18:10:47;1654;50,01;
18:10:50;1655;50,02;
18:10:53;1649;50,03;
18:10:59;1640;50,02;
18:11:02;1647;50,02;
18:11:05;1642;50,02;
18:11:11;1626;50,02;
18:11:14;1638;50,02;
18:11:17;1631;50,02;
18:11:20;1637;50,02;
18:11:23;1610;50,03;
18:11:26;1631;50,03;
18:11:29;1625;50,03;
18:11:32;1626;50,03;
18:11:35;1606;50,03;
18:11:38;1621;50,03;
18:11:41;1618;50,02;
18:11:44;1617;50,02;
18:11:47;1598;50,02;
18:11:50;1616;50,03;
18:11:53;1597;50,03;
18:11:59;1583;50,02;
18:12:05;1603;50,02;
18:12:08;1603;50,01;
18:12:11;1584;50,01;
18:12:14;1600;50,01;
18:12:17;1596;50,02;
18:12:23;1595;50,02;
18:12:26;1581;50,02;
18:12:29;1589;50,02;
18:12:35;1576;50,02;
18:12:38;1584;50,02;
18:12:41;1580;50,02;
18:12:44;1582;50,02;
18:12:47;1580;50,01;
18:12:50;1574;50,02;
18:12:53;1569;50,02;
18:12:56;1569;50,03;
18:12:59;1561;50,03;
18:13:02;1555;50,03;
18:13:05;1551;50,03;
18:13:11;1550;50,02;
18:13:14;1535;50,02;
18:13:17;1555;50,03;
18:13:20;1551;50,02;
18:13:23;1557;50,02;
18:13:26;1530;50,02;
18:13:29;1554;50,01;
18:13:32;1545;50,02;
18:13:35;1530;50,02;
18:13:38;1547;50,02;
18:13:41;1540;50,01;
18:13:44;1539;50,01;
18:13:47;1534;50,01;
18:13:50;1532;50,01;
18:13:53;1530;50,01;
18:13:56;1527;50,02;
18:13:59;1510;50,03;
18:14:02;1515;50,03;
18:14:05;1517;50,02;
18:14:08;1524;50,02;
18:14:11;1513;50,02;
18:14:17;1523;50,01;
18:14:20;1510;50,01;
18:14:23;1513;50,01;
18:14:26;1511;50,01;
18:14:29;1515;50,01;
18:14:32;1510;50,01;
18:14:35;1513;50,01;
18:14:41;1512;50,01;
18:14:44;1507;50,01;
18:14:47;1511;50,01;
18:14:50;1497;50,01;
18:14:53;1507;50,01;
18:14:56;1501;50,01;
18:15:02;1465;50,01;
18:15:05;1498;50,01;
18:15:08;1493;50,01;
18:15:11;1495;50,01;
18:15:14;1482;50,01;
18:15:17;1491;50,01;
18:15:20;1492;50,01;
18:15:23;1485;50,01;
18:15:26;1473;50,01;
18:15:29;1485;50,00;
18:15:32;1477;50,00;
18:15:35;1482;50,00;
18:15:38;1465;50,00;
18:15:41;1477;50,01;
18:15:44;1476;50,01;
18:15:47;1474;50,01;
18:15:50;1452;50,00;
18:15:53;1470;50,00;
18:15:56;1466;50,00;
18:15:59;1467;50,01;
18:16:02;1446;50,01;
18:16:08;1465;50,01;
18:16:11;1457;50,01;
18:16:14;1449;50,02;
18:16:17;1456;50,02;
18:16:20;1458;50,01;
18:16:23;1448;50,01;
18:16:26;1456;50,01;
18:16:29;1449;50,01;
18:16:32;1451;50,01;
18:16:35;1444;50,01;
18:16:38;1447;50,01;
18:16:41;1448;50,01;
18:16:44;1450;50,01;
18:16:47;1442;50,01;
18:16:50;1447;50,00;
18:16:53;1441;50,01;
18:16:56;1443;50,01;
18:16:59;1435;50,01;
18:17:02;1441;50,00;
18:17:05;1435;50,00;
18:17:08;1438;50,00;
18:17:14;1433;50,00;
18:17:17;1427;50,00;
18:17:20;1432;50,01;
18:17:23;1423;50,01;
18:17:26;1426;50,01;
18:17:29;1421;50,01;
18:17:32;1425;50,01;
18:17:38;1420;50,01;
18:17:41;1414;50,01;
18:17:44;1416;50,01;
18:17:47;1410;50,01;
18:17:50;1413;50,00;
18:17:53;1407;50,00;
18:17:56;1409;50,01;
18:17:59;1399;50,01;
18:18:02;1405;50,01;
18:18:05;1400;50,01;
18:18:08;1401;50,01;
18:18:11;1392;50,01;
18:18:14;1398;50,00;
18:18:20;1391;50,00;
18:18:23;1386;50,00;
18:18:26;1390;50,00;
18:18:29;1384;50,00;
18:18:32;1388;49,99;
18:18:35;1379;49,99;
18:18:38;1383;49,99;
18:18:41;1386;49,99;
18:18:44;1382;49,99;
18:18:47;1374;49,99;
18:18:50;1373;49,99;
18:18:53;1372;49,98;
18:18:56;1371;49,98;
18:18:59;1354;49,98;
18:19:05;1366;49,99;
18:19:08;1358;49,99;
18:19:11;1359;49,99;
18:19:14;1354;50,00;
18:19:17;1349;50,00;
18:19:20;1354;50,00;
18:19:26;1353;49,99;
18:19:29;1342;49,98;
18:19:32;1342;49,99;
18:19:35;1342;49,98;
18:19:38;1337;49,98;
18:19:41;1336;49,98;
18:19:44;1327;49,98;
18:19:47;1332;49,97;
18:19:50;1325;49,97;
18:19:56;1315;49,97;
18:19:59;1318;49,98;
18:20:02;1317;49,98;
18:20:05;1318;49,98;
18:20:11;1314;49,98;
18:20:14;1311;49,97;
18:20:17;1311;49,98;
18:20:20;1299;49,97;
18:20:23;1308;49,98;
18:20:26;1301;49,98;
18:20:29;1304;49,97;
18:20:32;1301;49,97;
18:20:35;1299;49,98;
18:20:38;1296;49,98;
18:20:41;1292;49,98;
18:20:44;1277;49,98;
18:20:47;1290;49,97;
18:20:50;1286;49,97;
18:20:53;1281;49,96;
18:20:56;1274;49,96;
18:20:59;1284;49,96;
18:21:02;1283;49,96;
18:21:05;1280;49,97;
18:21:08;1267;49,97;
18:21:11;1278;49,97;
18:21:17;1276;49,96;
18:21:20;1263;49,96;
18:21:23;1271;49,97;
18:21:26;1270;49,98;
18:21:29;1269;49,98;
18:21:32;1263;49,98;
18:21:35;1253;49,98;
18:21:38;1267;49,98;
18:21:41;1259;49,98;
18:21:44;1261;49,98;
18:21:47;1259;49,98;
18:21:53;1257;49,98;
18:21:59;1243;49,98;
18:22:02;1253;49,98;
18:22:05;1251;49,98;
18:22:08;1252;49,98;
18:22:11;1248;49,98;
18:22:14;1245;49,98;
18:22:17;1247;49,98;
18:22:23;1245;49,98;
18:22:26;1247;49,98;
18:22:29;1242;49,98;
18:22:32;1237;49,98;
18:22:35;1239;49,98;
18:22:38;1237;49,97;
18:22:44;1236;49,97;
18:22:47;1234;49,97;
18:22:50;1230;49,97;
18:22:53;1229;49,97;
18:22:56;1227;49,97;
18:22:59;1226;49,97;
18:23:02;1224;49,97;
18:23:05;1223;49,98;
18:23:08;1221;49,97;
18:23:11;1218;49,97;
18:23:14;1219;49,97;
18:23:17;1215;49,98;
18:23:20;1213;49,97;
18:23:23;1211;49,98;
18:23:29;1209;49,98;
18:23:32;1208;49,98;
18:23:35;1204;49,98;
18:23:41;1201;49,98;
18:23:47;1193;49,98;
18:23:50;1196;49,98;
18:23:53;1195;49,97;
18:23:56;1194;49,97;
18:23:59;1191;49,97;
18:24:02;1193;49,97;
18:24:05;1191;49,97;
18:24:08;1190;49,97;
18:24:14;1186;49,97;
18:24:17;1188;49,97;
18:24:20;1187;49,97;
18:24:23;1172;49,97;
18:24:26;1180;49,97;
18:24:29;1184;49,97;
18:24:32;1173;49,98;
18:24:35;1176;49,97;
18:24:38;1174;49,97;
18:24:44;1172;49,96;
18:24:47;1170;49,96;
18:24:50;1172;49,96;
18:24:53;1169;49,96;
18:24:56;1164;49,96;
18:24:59;1169;49,96;
18:25:02;1166;49,96;
18:25:05;1169;49,96;
18:25:08;1165;49,97;
18:25:11;1164;49,97;
18:25:14;1163;49,96;
18:25:20;1159;49,96;
18:25:23;1157;49,95;
18:25:26;1156;49,95;
18:25:32;1153;49,94;
18:25:35;1150;49,95;
18:25:38;1149;49,95;
18:25:41;1148;49,95;
18:25:44;1140;49,94;
18:25:50;1137;49,95;
18:25:53;1138;49,96;
18:25:56;1140;49,96;
18:25:59;1139;49,96;
18:26:02;1134;49,96;
18:26:05;1138;49,96;
18:26:08;1130;49,96;
18:26:11;1129;49,96;
18:26:14;1126;49,96;
18:26:17;1124;49,96;
18:26:20;1119;49,96;
18:26:26;1116;49,95;
18:26:29;1120;49,95;
18:26:32;1114;49,95;
18:26:35;1118;49,95;
18:26:38;1112;49,95;
18:26:41;1115;49,95;
18:26:47;1111;49,95;
18:26:50;1104;49,95;
18:26:53;1113;49,96;
18:26:56;1105;49,95;
18:26:59;1108;49,96;
18:27:02;1101;49,96;
18:27:05;1103;49,96;
18:27:11;1101;49,96;
18:27:14;1093;49,96;
18:27:20;1077;49,96;
18:27:23;1084;49,96;
18:27:26;1077;49,96;
18:27:32;1075;49,96;
18:27:35;1082;49,96;
18:27:38;1075;49,95;
18:27:41;1081;49,95;
18:27:44;1074;49,95;
18:27:47;1076;49,95;
18:27:50;1074;49,96;
18:27:53;1063;49,96;
18:27:56;1069;49,96;
18:27:59;1071;49,95;
18:28:02;1068;49,95;
18:28:05;1069;49,95;
18:28:08;1067;49,95;
18:28:11;1065;49,95;
18:28:17;1066;49,95;
18:28:20;1061;49,95;
18:28:23;1061;49,96;
18:28:26;1059;49,96;
18:28:29;1056;49,96;
18:28:32;1055;49,96;
18:28:35;1052;49,95;
18:28:38;1053;49,95;
18:28:41;1053;49,96;
18:28:44;1051;49,96;
18:28:47;1046;49,96;
18:28:50;1051;49,95;
18:28:53;1043;49,94;
18:28:59;1039;49,94;
18:29:02;1041;49,95;
18:29:05;1038;49,95;
18:29:08;1039;49,96;
18:29:11;1035;49,96;
18:29:14;1034;49,96;
18:29:23;1028;49,96;
18:29:26;1027;49,96;
18:29:29;1020;49,96;
18:29:32;1024;49,96;
18:29:35;1021;49,96;
18:29:38;1022;49,97;
18:29:41;1022;49,96;
18:29:44;1014;49,97;
18:29:47;1012;49,97;
18:29:50;1017;49,97;
18:29:53;1016;49,97;
18:29:56;1015;49,97;
18:29:59;1006;49,97;
18:30:02;1010;49,98;
18:30:05;1009;49,98;
18:30:08;1007;49,98;
18:30:11;1001;49,97;
18:30:14;1004;49,97;
18:30:17;993;49,96;
18:30:20;997;49,96;
18:30:23;992;49,96;
18:30:29;981;49,96;
18:30:32;987;49,96;
18:30:35;980;49,96;
18:30:38;984;49,96;
18:30:41;982;49,97;
18:30:44;983;49,97;
18:30:47;982;49,97;
18:30:50;970;49,97;
18:30:53;976;49,97;
18:30:56;977;49,97;
18:30:59;970;49,97;
18:31:02;977;49,97;
18:31:05;973;49,97;
18:31:08;971;49,97;
18:31:11;972;49,97;
18:31:17;964;49,97;
18:31:20;965;49,97;
18:31:23;958;49,96;
18:31:26;966;49,97;
18:31:29;971;49,97;
18:31:35;962;49,96;
18:31:38;968;49,96;
18:31:41;963;49,96;
18:31:44;967;49,95;
18:31:47;964;49,96;
18:31:50;952;49,96;
18:31:53;960;49,96;
18:31:56;961;49,96;
18:31:59;953;49,97;
18:32:02;940;49,96;
18:32:05;951;49,96;
18:32:08;952;49,96;
18:32:11;954;49,96;
18:32:14;945;49,96;
18:32:17;948;49,96;
18:32:20;939;49,96;
18:32:23;946;49,96;
18:32:26;938;49,96;
18:32:29;945;49,96;
18:32:32;943;49,95;
18:32:44;936;49,96;
18:32:47;935;49,96;
18:32:50;928;49,96;
18:32:53;936;49,96;
18:32:56;929;49,96;
18:32:59;931;49,96;
18:33:02;932;49,96;
18:33:05;927;49,96;
18:33:08;919;49,96;
18:33:11;922;49,96;
18:33:14;915;49,96;
18:33:17;921;49,96;
18:33:20;922;49,96;
18:33:26;911;49,96;
18:33:29;917;49,96;
18:33:32;916;49,96;
18:33:35;917;49,96;
18:33:38;907;49,96;
18:33:41;915;49,95;
18:33:44;909;49,95;
18:33:47;911;49,95;
18:33:50;897;49,96;
18:33:53;898;49,96;
18:33:56;897;49,95;
18:33:59;898;49,95;
18:34:02;890;49,95;
18:34:05;893;49,95;
18:34:08;891;49,95;
18:34:11;892;49,95;
18:34:14;887;49,95;
18:34:17;889;49,94;
18:34:20;890;49,95;
18:34:23;884;49,95;
18:34:26;875;49,94;
18:34:32;884;49,94;
18:34:35;877;49,94;
18:34:38;873;49,95;
18:34:41;868;49,94;
18:34:44;879;49,94;
18:34:47;873;49,94;
18:34:50;877;49,94;
18:34:53;874;49,94;
18:34:56;875;49,94;
18:35:02;871;49,94;
18:35:05;858;49,94;
18:35:08;872;49,94;
18:35:11;876;49,94;
18:35:14;872;49,94;
18:35:17;860;49,94;
18:35:20;871;49,94;
18:35:26;865;49,93;
18:35:29;853;49,93;
18:35:32;864;49,93;
18:35:38;867;49,93;
18:35:41;848;49,93;
18:35:44;862;49,94;
18:35:47;859;49,94;
18:35:50;855;49,94;
18:35:53;840;49,94;
18:35:56;851;49,95;
18:35:59;850;49,95;
18:36:02;848;49,96;
18:36:05;845;49,96;
18:36:08;850;49,96;
18:36:11;842;49,95;
18:36:14;844;49,95;
18:36:17;845;49,95;
18:36:20;839;49,95;
18:36:23;846;49,94;
18:36:26;846;49,95;
18:36:29;843;49,95;
18:36:32;841;49,95;
18:36:35;834;49,95;
18:36:38;836;49,96;
18:36:44;832;49,96;
18:36:47;830;49,95;
18:36:50;825;49,95;
18:36:53;831;49,95;
18:36:56;830;49,95;
18:36:59;832;49,96;
18:37:02;828;49,96;
18:37:05;829;49,96;
18:37:08;818;49,96;
18:37:11;821;49,96;
18:37:14;815;49,96;
18:37:17;824;49,95;
18:37:23;823;49,94;
18:37:29;816;49,95;
18:37:32;817;49,95;
18:37:35;814;49,95;
18:37:38;812;49,95;
18:37:41;813;49,96;
18:37:44;812;49,96;
18:37:47;811;49,96;
18:37:50;806;49,96;
18:37:53;802;49,96;
18:37:56;803;49,96;
18:37:59;804;49,95;
18:38:02;798;49,95;
18:38:05;802;49,95;
18:38:08;799;49,95;
18:38:11;793;49,95;
18:38:14;790;49,95;
18:38:17;794;49,94;
18:38:20;778;49,95;
18:38:23;794;49,95;
18:38:26;796;49,95;
18:38:29;800;49,96;
18:38:35;778;49,96;
18:38:38;782;49,95;
18:38:41;785;49,95;
18:38:44;788;49,95;
18:38:47;787;49,95;
18:38:50;789;49,95;
18:38:53;784;49,95;
18:38:56;786;49,95;
18:38:59;784;49,95;
18:39:02;757;49,95;
18:39:05;780;49,95;
18:39:08;775;49,94;
18:39:11;781;49,94;
18:39:14;770;49,94;
18:39:17;777;49,94;
18:39:20;755;49,94;
18:39:23;765;49,94;
18:39:26;771;49,94;
18:39:29;774;49,94;
18:39:32;764;49,94;
18:39:35;769;49,94;
18:39:41;764;49,94;
18:39:44;766;49,95;
18:39:47;768;49,95;
18:39:50;763;49,95;
18:39:53;765;49,96;
18:39:56;762;49,96;
18:39:59;760;49,96;
18:40:02;761;49,96;
18:40:05;755;49,96;
18:40:08;759;49,96;
18:40:11;754;49,95;
18:40:14;755;49,94;
18:40:17;754;49,94;
18:40:20;749;49,94;
18:40:23;751;49,94;
18:40:26;749;49,94;
18:40:29;747;49,94;
18:40:32;751;49,93;
18:40:35;743;49,94;
18:40:38;744;49,94;
18:40:41;741;49,94;
18:40:47;733;49,94;
18:40:50;740;49,94;
18:40:53;719;49,94;
18:40:56;732;49,95;
18:40:59;730;49,96;
18:41:02;734;49,96;
18:41:05;735;49,96;
18:41:08;731;49,96;
18:41:11;709;49,96;
18:41:14;731;49,96;
18:41:17;729;49,96;
18:41:20;731;49,96;
18:41:23;733;49,95;
18:41:26;735;49,95;
18:41:29;718;49,94;
18:41:32;721;49,94;
18:41:35;720;49,95;
18:41:38;722;49,95;
18:41:41;725;49,96;
18:41:44;726;49,96;
18:41:47;725;49,96;
18:41:50;724;49,96;
18:41:53;734;49,96;
18:41:56;727;49,95;
18:41:59;717;49,95;
18:42:02;710;49,95;
18:42:05;719;49,95;
18:42:08;716;49,96;
18:42:11;710;49,96;
18:42:14;698;49,96;
18:42:17;707;49,97;
18:42:20;710;49,96;
18:42:23;707;49,97;
18:42:26;705;49,96;
18:42:29;704;49,96;
18:42:32;703;49,96;
18:42:38;701;49,98;
18:42:41;698;49,98;
18:42:44;693;49,98;
18:42:50;687;49,98;
18:42:53;688;49,98;
18:42:56;687;49,98;
18:42:59;686;49,98;
18:43:02;690;49,99;
18:43:05;691;49,99;
18:43:11;689;49,99;
18:43:14;690;50,00;
18:43:20;676;50,00;
18:43:23;683;50,00;
18:43:26;663;50,00;
18:43:29;674;50,00;
18:43:32;670;50,00;
18:43:35;673;50,00;
18:43:38;663;50,00;
18:43:44;665;49,99;
18:43:47;668;49,99;
18:43:50;657;49,99;
18:43:53;665;49,99;
18:43:56;663;50,00;
18:43:59;664;50,00;
18:44:02;654;50,00;
18:44:05;662;49,99;
18:44:08;661;49,99;
18:44:11;661;49,98;
18:44:14;641;49,98;
18:44:17;656;49,98;
18:44:23;655;49,98;
18:44:26;642;49,98;
18:44:29;656;49,96;
18:44:32;650;49,96;
18:44:35;657;49,96;
18:44:38;653;49,96;
18:44:41;657;49,96;
18:44:44;651;49,96;
18:44:50;649;49,98;
18:44:53;657;49,98;
18:44:56;650;49,98;
18:44:59;653;49,98;
18:45:02;649;49,98;
18:45:08;645;49,98;
18:45:11;640;49,98;
18:45:14;648;49,98;
18:45:17;645;49,97;
18:45:20;640;49,97;
18:45:23;645;49,97;
18:45:26;643;49,98;
18:45:29;640;49,98;
18:45:32;639;49,98;
18:45:35;640;49,99;
18:45:38;642;50,00;
18:45:44;629;50,00;
18:45:47;635;50,00;
18:45:50;637;50,01;
18:45:56;621;50,00;
18:45:59;632;50,00;
18:46:05;628;50,00;
18:46:08;599;50,00;
18:46:11;621;50,00;
18:46:14;621;50,01;
18:46:17;628;50,00;
18:46:20;631;50,00;
18:46:23;623;50,00;
18:46:26;627;50,00;
18:46:29;625;49,99;
18:46:32;623;49,99;
18:46:35;615;49,98;
18:46:41;617;49,98;
18:46:44;614;49,98;
18:46:47;619;49,98;
18:46:50;619;49,99;
18:46:53;612;49,99;
18:46:56;614;49,99;
18:46:59;611;49,99;
18:47:02;617;50,00;
18:47:05;617;49,99;
18:47:08;611;49,99;
18:47:11;602;49,99;
18:47:14;611;49,99;
18:47:17;607;49,99;
18:47:20;609;49,99;
18:47:23;607;49,99;
18:47:26;607;50,00;
18:47:29;608;50,00;
18:47:32;600;50,00;
18:47:35;606;49,99;
18:47:38;608;49,99;
18:47:41;597;49,98;
18:47:47;604;49,97;
18:47:50;601;49,97;
18:47:53;559;49,96;
18:47:56;580;49,96;
18:47:59;598;49,97;
18:48:02;596;49,98;
18:48:05;592;49,98;
18:48:11;591;49,97;
18:48:14;582;49,97;
18:48:17;584;49,97;
18:48:20;592;49,97;
18:48:23;586;49,98;
18:48:26;589;49,97;
18:48:29;585;49,97;
18:48:32;589;49,97;
18:48:35;583;49,97;
18:48:38;582;49,98;
18:48:41;580;49,97;
18:48:44;574;49,97;
18:48:47;576;49,97;
18:48:53;579;49,97;
18:48:56;581;49,98;
18:48:59;579;49,98;
18:49:02;572;49,98;
18:49:05;569;49,98;
18:49:08;573;49,98;
18:49:11;578;49,98;
18:49:14;569;49,98;
18:49:17;570;49,97;
18:49:20;574;49,97;
18:49:23;571;49,97;
18:49:26;574;49,98;
18:49:29;573;49,98;
18:49:32;574;49,98;
18:49:35;573;49,98;
18:49:38;565;49,98;
18:49:41;563;49,98;
18:49:44;565;49,98;
18:49:47;555;49,98;
18:49:50;566;49,98;
18:49:53;550;49,98;
18:50:02;559;49,98;
18:50:05;556;49,98;
18:50:08;552;49,98;
18:50:11;557;49,98;
18:50:14;536;49,98;
18:50:17;553;49,98;
18:50:20;551;49,98;
18:50:23;554;49,97;
18:50:26;552;49,96;
18:50:29;551;49,97;
18:50:32;546;49,97;
18:50:35;552;49,97;
18:50:38;551;49,97;
18:50:41;549;49,97;
18:50:44;533;49,97;
18:50:47;542;49,97;
18:50:50;543;49,97;
18:50:53;549;49,97;
18:50:56;543;49,97;
18:50:59;546;49,97;
18:51:02;540;49,97;
18:51:05;543;49,97;
18:51:08;540;49,97;
18:51:11;542;49,97;
18:51:14;538;49,97;
18:51:17;539;49,97;
18:51:20;536;49,97;
18:51:23;540;49,96;
18:51:26;539;49,96;
18:51:29;542;49,97;
18:51:32;535;49,97;
18:51:35;524;49,97;
18:51:38;537;49,98;
18:51:41;533;49,97;
18:51:44;517;49,97;
18:51:50;528;49,98;
18:51:53;534;49,98;
18:51:56;531;49,98;
18:51:59;525;49,98;
18:52:02;527;49,98;
18:52:05;533;49,98;
18:52:08;532;49,98;
18:52:14;530;49,98;
18:52:17;530;49,97;
18:52:20;529;49,98;
18:52:23;527;49,98;
18:52:29;525;49,98;
18:52:32;527;49,97;
18:52:35;519;49,97;
18:52:38;523;49,97;
18:52:44;521;49,97;
18:52:47;519;49,97;
18:52:50;523;49,98;
18:52:56;516;49,98;
18:52:59;514;49,99;
18:53:02;517;49,99;
18:53:05;516;49,99;
18:53:08;514;49,98;
18:53:11;513;49,98;
18:53:14;517;49,97;
18:53:17;513;49,97;
18:53:23;507;49,97;
18:53:26;512;49,98;
18:53:32;512;49,97;
18:53:35;505;49,97;
18:53:38;511;49,97;
18:53:41;511;49,96;
18:53:44;510;49,96;
18:53:47;505;49,96;
18:53:50;507;49,97;
18:53:53;504;49,97;
18:53:56;507;49,97;
18:54:02;504;49,98;
18:54:05;501;49,98;
18:54:08;503;49,98;
18:54:11;496;49,97;
18:54:14;503;49,97;
18:54:17;504;49,97;
18:54:20;497;49,97;
18:54:23;501;49,97;
18:54:26;496;49,98;
18:54:29;498;49,97;
18:54:32;498;49,96;
18:54:35;495;49,96;
18:54:38;493;49,96;
18:54:41;489;49,96;
18:54:44;494;49,97;
18:54:47;496;49,97;
18:54:50;480;49,97;
18:54:53;485;49,98;
18:54:56;494;49,97;
18:54:59;489;49,97;
18:55:02;488;49,97;
18:55:08;493;49,97;
18:55:11;491;49,97;
18:55:20;490;49,97;
18:55:23;491;49,97;
18:55:26;480;49,97;
18:55:29;478;49,98;
18:55:32;483;49,97;
18:55:35;488;49,97;
18:55:38;486;49,97;
18:55:41;491;49,96;
18:55:47;485;49,96;
18:55:53;481;49,96;
18:55:56;484;49,96;
18:55:59;488;49,97;
18:56:02;485;49,97;
18:56:05;474;49,98;
18:56:08;473;49,97;
18:56:11;479;49,97;
18:56:14;485;49,97;
18:56:17;483;49,97;
18:56:20;470;49,97;
18:56:23;477;49,97;
18:56:26;476;49,97;
18:56:29;474;49,98;
18:56:32;467;49,98;
18:56:35;473;49,98;
18:56:38;470;49,98;
18:56:41;475;49,98;
18:56:44;472;49,98;
18:56:47;473;49,98;
18:56:50;471;49,98;
18:56:53;474;49,98;
18:56:59;465;49,97;
18:57:02;458;49,97;
18:57:05;462;49,98;
18:57:08;470;49,97;
18:57:14;466;49,97;
18:57:17;448;49,97;
18:57:20;466;49,96;
18:57:23;473;49,97;
18:57:26;466;49,97;
18:57:29;467;49,97;
18:57:35;470;49,96;
18:57:38;464;49,96;
18:57:44;460;49,96;
18:57:47;467;49,96;
18:57:50;463;49,96;
18:57:53;459;49,96;
18:57:56;461;49,96;
18:57:59;462;49,96;
18:58:05;458;49,96;
18:58:08;464;49,96;
18:58:11;455;49,97;
18:58:14;458;49,97;
18:58:17;445;49,97;
18:58:20;446;49,98;
18:58:23;447;49,98;
18:58:26;449;49,98;
18:58:29;451;49,98;
18:58:32;457;49,98;
18:58:35;456;49,98;
18:58:38;457;49,98;
18:58:41;452;49,97;
18:58:44;455;49,97;
18:58:47;452;49,97;
18:58:50;450;49,97;
18:58:53;434;49,97;
18:58:56;440;49,97;
18:58:59;450;49,98;
18:59:02;454;49,98;
18:59:05;448;49,98;
18:59:11;441;49,98;
18:59:14;450;49,98;
18:59:17;447;49,98;
18:59:20;446;49,98;
18:59:23;441;49,98;
18:59:26;440;49,98;
18:59:32;441;49,99;
18:59:35;439;50,00;
18:59:38;442;50,00;
18:59:41;441;50,00;
18:59:44;442;50,00;
18:59:50;443;50,00;
18:59:53;441;50,00;
18:59:56;445;50,00;
18:59:59;442;50,00;
19:00:02;437;50,00;
19:00:05;430;50,00;
19:00:08;435;49,99;
19:00:11;432;49,99;
19:00:14;439;49,99;
19:00:17;431;50,00;
19:00:20;425;50,01;
19:00:23;432;50,01;
19:00:26;431;50,01;
19:00:29;433;50,00;
19:00:32;428;50,00;
19:00:35;431;50,01;
19:00:38;427;50,01;
19:00:41;443;50,02;
19:00:44;430;50,03;
19:00:47;431;50,02;
19:00:53;433;50,03;
19:00:56;434;50,03;
19:01:02;426;50,04;
19:01:05;429;50,04;
19:01:08;425;50,04;
19:01:11;426;50,05;
19:01:14;424;50,05;
19:01:17;426;50,05;
19:01:20;420;50,05;
19:01:23;425;50,05;
19:01:26;412;50,05;
19:01:29;414;50,05;
19:01:32;418;50,06;
19:01:35;417;50,06;
19:01:38;425;50,06;
19:01:41;423;50,06;
19:01:44;419;50,05;
19:01:47;418;50,05;
19:01:50;410;50,04;
19:01:53;414;50,05;
19:01:56;416;50,05;
19:01:59;409;50,05;
19:02:02;408;50,05;
19:02:08;409;50,05;
19:02:11;414;50,06;
19:02:14;400;50,06;
19:02:17;406;50,07;
19:02:20;407;50,06;
19:02:26;401;50,06;
19:02:29;409;50,06;
19:02:32;395;50,06;
19:02:35;392;50,06;
19:02:38;387;50,06;
19:02:41;389;50,06;
19:02:44;384;50,05;
19:02:53;379;50,05;
19:02:56;381;50,05;
19:02:59;380;50,05;
19:03:02;372;50,06;
19:03:05;376;50,05;
19:03:14;367;50,05;
19:03:17;372;50,05;
19:03:20;373;50,05;
19:03:23;370;50,05;
19:03:26;367;50,05;
19:03:29;368;50,04;
19:03:32;367;50,05;
19:03:35;369;50,04;
19:03:38;359;50,05;
19:03:41;362;50,05;
19:03:44;365;50,05;
19:03:47;360;50,05;
19:03:50;365;50,05;
19:03:53;368;50,05;
19:04:02;358;50,04;
19:04:05;366;50,04;
19:04:08;365;50,04;
19:04:11;362;50,04;
19:04:14;360;50,04;
19:04:20;357;50,04;
19:04:23;355;50,04;
19:04:26;359;50,03;
19:04:29;359;50,04;
19:04:32;359;50,03;
19:04:35;358;50,03;
19:04:38;356;50,03;
19:04:41;352;50,03;
19:04:44;354;50,03;
19:04:53;347;50,03;
19:04:56;353;50,03;
19:04:59;353;50,04;
19:05:05;341;50,05;
19:05:08;346;50,04;
19:05:11;343;50,04;
19:05:14;341;50,03;
19:05:17;333;50,03;
19:05:20;337;50,03;
19:05:23;333;50,03;
19:05:26;336;50,04;
19:05:29;331;50,04;
19:05:32;336;50,04;
19:05:35;337;50,04;
19:05:38;336;50,04;
19:05:41;337;50,04;
19:05:44;333;50,04;
19:05:47;332;50,04;
19:05:53;333;50,04;
19:05:56;337;50,04;
19:05:59;333;50,04;
19:06:02;338;50,04;
19:06:11;334;50,04;
19:06:14;335;50,03;
19:06:17;338;50,03;
19:06:20;339;50,03;
19:06:23;335;50,03;
19:06:26;337;50,03;
19:06:32;331;50,03;
19:06:35;334;50,03;
19:06:41;336;50,03;
19:06:44;337;50,03;
19:06:47;329;50,03;
19:06:50;330;50,03;
19:06:53;325;50,03;
19:06:56;321;50,02;
19:06:59;330;50,02;
19:07:02;325;50,02;
19:07:05;331;50,02;
19:07:08;332;50,02;
19:07:11;329;50,02;
19:07:17;323;50,02;
19:07:20;329;50,02;
19:07:23;326;50,02;
19:07:26;325;50,02;
19:07:32;324;50,02;
19:07:35;326;50,01;
19:07:38;323;50,01;
19:07:41;321;50,01;
19:07:47;325;50,01;
19:07:50;326;50,01;
19:07:53;319;50,01;
19:07:56;325;50,01;
19:07:59;318;50,01;
19:08:02;321;50,00;
19:08:05;324;50,00;
19:08:08;321;50,00;
19:08:11;315;50,01;
19:08:14;318;50,01;
19:08:17;323;50,01;
19:08:23;325;50,00;
19:08:26;323;50,00;
19:08:29;322;50,00;
19:08:32;318;50,00;
19:08:35;320;50,00;
19:08:38;321;50,00;
19:08:41;318;50,00;
19:08:44;320;50,00;
19:08:47;318;50,01;
19:08:50;313;50,01;
19:08:53;316;50,01;
19:08:59;312;50,01;
19:09:02;310;50,01;
19:09:08;315;50,01;
19:09:11;313;50,01;
19:09:14;316;50,01;
19:09:17;314;50,01;
19:09:20;310;50,01;
19:09:23;314;50,00;
19:09:26;312;50,00;
19:09:29;307;50,00;
19:09:32;310;50,00;
19:09:35;309;50,00;
19:09:38;306;50,00;
19:09:41;308;50,00;
19:09:44;309;50,00;
19:09:50;311;50,00;
19:09:53;308;50,00;
19:09:56;306;50,00;
19:09:59;307;50,00;
19:10:02;304;50,00;
19:10:05;305;50,00;
19:10:08;307;50,00;
19:10:14;300;50,00;
19:10:17;304;50,00;
19:10:20;307;50,00;
19:10:23;304;50,00;
19:10:26;306;49,99;
19:10:29;307;49,99;
19:10:35;303;49,99;
19:10:38;300;49,98;
19:10:41;301;49,98;
19:10:44;303;49,98;
19:10:47;302;49,98;
19:10:50;297;49,99;
19:10:53;302;49,99;
19:10:59;297;49,99;
19:11:02;295;49,99;
19:11:05;303;49,99;
19:11:08;303;49,98;
19:11:11;296;49,98;
19:11:14;301;49,98;
19:11:20;293;49,97;
19:11:23;295;49,96;
19:11:26;296;49,97;
19:11:29;297;49,97;
19:11:32;298;49,96;
19:11:35;297;49,96;
19:11:38;300;49,96;
19:11:41;300;49,97;
19:11:44;298;49,97;
19:11:47;299;49,97;
19:11:50;296;49,97;
19:11:53;292;49,97;
19:11:56;296;49,97;
19:11:59;298;49,97;
19:12:02;296;49,97;
19:12:05;287;49,97;
19:12:08;294;49,98;
19:12:11;295;49,97;
19:12:17;296;49,97;
19:12:20;294;49,97;
19:12:26;294;49,98;
19:12:29;294;49,97;
19:12:32;292;49,97;
19:12:38;291;49,97;
19:12:41;287;49,97;
19:12:44;290;49,96;
19:12:53;287;49,97;
19:12:59;294;49,97;
19:13:02;290;49,97;
19:13:05;283;49,97;
19:13:08;289;49,97;
19:13:11;293;49,97;
19:13:14;290;49,96;
19:13:17;291;49,96;
19:13:20;289;49,96;
19:13:23;285;49,97;
19:13:26;291;49,97;
19:13:29;290;49,98;
19:13:35;287;49,98;
19:13:38;284;49,97;
19:13:41;288;49,96;
19:13:44;292;49,96;
19:13:47;286;49,96;
19:13:50;287;49,96;
19:13:53;290;49,96;
19:13:56;285;49,96;
19:13:59;284;49,96;
19:14:02;287;49,96;
19:14:08;288;49,96;
19:14:11;285;49,96;
19:14:17;283;49,97;
19:14:20;278;49,97;
19:14:23;282;49,96;
19:14:32;283;49,96;
19:14:35;284;49,96;
19:14:38;286;49,96;
19:14:44;286;49,97;
19:14:47;285;49,97;
19:14:50;282;49,97;
19:14:53;279;49,96;
19:14:59;280;49,96;
19:15:02;282;49,97;
19:15:05;280;49,96;
19:15:14;281;49,96;
19:15:17;284;49,96;
19:15:23;277;49,96;
19:15:26;284;49,96;
19:15:29;281;49,96;
19:15:32;284;49,96;
19:15:35;281;49,97;
19:15:38;280;49,97;
19:15:41;282;49,98;
19:15:44;281;49,98;
19:15:47;277;49,99;
19:15:50;282;49,99;
19:15:53;278;49,99;
19:15:56;273;49,99;
19:15:59;278;49,98;
19:16:02;282;49,98;
19:16:05;274;49,98;
19:16:08;282;49,98;
19:16:11;279;49,98;
19:16:14;274;49,97;
19:16:17;281;49,97;
19:16:20;284;49,97;
19:16:23;275;49,97;
19:16:29;270;49,97;
19:16:32;271;49,97;
19:16:35;274;49,97;
19:16:38;273;49,98;
19:16:41;270;49,97;
19:16:44;275;49,97;
19:16:47;277;49,98;
19:16:50;272;49,97;
19:16:53;274;49,97;
19:16:56;277;49,97;
19:16:59;270;49,98;
19:17:02;271;49,98;
19:17:05;277;49,97;
19:17:08;279;49,97;
19:17:11;280;49,98;
19:17:14;278;49,97;
19:17:17;244;49,98;
19:17:20;244;49,97;
19:17:23;245;49,97;
19:17:26;277;49,97;
19:17:29;274;49,97;
19:17:35;277;49,98;
19:17:41;273;49,98;
19:17:44;278;49,97;
19:17:47;275;49,97;
19:17:50;279;49,97;
19:17:53;274;49,97;
19:17:56;276;49,97;
19:17:59;269;49,97;
19:18:02;267;49,97;
19:18:05;272;49,97;
19:18:08;267;49,97;
19:18:11;261;49,98;
19:18:14;266;49,98;
19:18:20;270;49,97;
19:18:23;271;49,97;
19:18:26;277;49,97;
19:18:29;278;49,97;
19:18:32;277;49,97;
19:18:35;276;49,97;
19:18:38;272;49,97;
19:18:41;276;49,97;
19:18:44;275;49,97;
19:18:47;274;49,98;
19:18:50;273;49,97;
19:18:59;269;49,97;
19:19:02;266;49,97;
19:19:05;272;49,97;
19:19:08;271;49,98;
19:19:11;272;49,98;
19:19:14;272;49,99;
19:19:26;271;49,98;
19:19:29;272;49,98;
19:19:32;270;49,98;
19:19:35;269;49,98;
19:19:38;267;49,98;
19:19:41;265;49,98;
19:19:44;266;49,98;
19:19:47;269;49,98;
19:19:50;268;49,97;
19:19:53;267;49,97;
19:19:56;268;49,97;
19:19:59;267;49,97;
19:20:08;263;49,97;
19:20:14;267;49,96;
19:20:17;265;49,97;
19:20:20;264;49,98;
19:20:23;263;49,98;
19:20:26;264;49,98;
19:20:32;262;49,98;
19:20:35;267;49,98;
19:20:38;264;49,98;
19:20:44;263;49,98;
19:20:53;266;49,98;
19:20:59;267;49,98;
19:21:02;265;49,98;
19:21:05;264;49,97;
19:21:08;260;49,97;
19:21:11;265;49,98;
19:21:14;259;49,98;
19:21:17;258;49,97;
19:21:20;262;49,97;
19:21:23;264;49,97;
19:21:26;259;49,96;
19:21:29;262;49,96;
19:21:38;256;49,96;
19:21:41;258;49,96;
19:21:44;262;49,96;
19:21:47;258;49,96;
19:21:50;263;49,97;
19:21:53;261;49,97;
19:21:56;262;49,97;
19:21:59;260;49,97;
19:22:02;260;49,96;
19:22:08;255;49,97;
19:22:11;259;49,97;
19:22:14;258;49,97;
19:22:17;259;49,97;
19:22:20;257;49,96;
19:22:23;258;49,96;
19:22:26;257;49,96;
19:22:29;260;49,96;
19:22:32;256;49,96;
19:22:35;256;49,97;
19:22:41;257;49,97;
19:22:47;258;49,97;
19:22:50;255;49,97;
19:22:56;256;49,97;
19:22:59;255;49,96;
19:23:02;252;49,97;
19:23:05;256;49,97;
19:23:11;257;49,97;
19:23:14;254;49,97;
19:23:17;247;49,97;
19:23:20;255;49,97;
19:23:23;249;49,97;
19:23:29;251;49,97;
19:23:32;253;49,97;
19:23:35;255;49,97;
19:23:38;247;49,97;
19:23:41;255;49,98;
19:23:44;257;49,98;
19:23:47;254;49,98;
19:23:50;252;49,98;
19:23:53;255;49,98;
19:23:56;253;49,97;
19:23:59;251;49,97;
19:24:02;255;49,98;
19:24:05;253;49,98;
19:24:08;252;49,98;
19:24:11;255;49,98;
19:24:14;252;49,97;
19:24:17;254;49,97;
19:24:23;247;49,96;
19:24:26;256;49,96;
19:24:29;252;49,96;
19:24:35;247;49,97;
19:24:38;250;49,97;
19:24:41;251;49,97;
19:24:44;252;49,97;
19:24:47;247;49,97;
19:24:50;248;49,97;
19:24:53;247;49,98;
19:24:56;245;49,98;
19:24:59;249;49,98;
19:25:11;248;49,98;
19:25:14;251;49,98;
19:25:20;250;49,98;
19:25:23;243;49,98;
19:25:26;249;49,98;
19:25:29;248;49,98;
19:25:32;247;49,98;
19:25:35;244;49,98;
19:25:41;245;49,98;
19:25:44;246;49,98;
19:25:47;244;49,98;
19:25:50;245;49,98;
19:25:53;248;49,98;
19:25:56;246;49,98;
19:25:59;245;49,98;
19:26:02;241;49,98;
19:26:05;236;49,98;
19:26:08;241;49,98;
19:26:11;245;49,97;
19:26:14;238;49,97;
19:26:17;250;49,97;
19:26:20;238;49,97;
19:26:23;250;49,97;
19:26:26;239;49,98;
19:26:29;242;49,98;
19:26:32;243;49,98;
19:26:35;242;49,98;
19:26:38;241;49,98;
19:26:41;244;49,98;
19:26:47;241;49,98;
19:26:50;239;49,98;
19:26:53;241;49,99;
19:26:56;237;49,99;
19:26:59;240;49,99;
19:27:02;242;49,99;
19:27:05;241;49,99;
19:27:11;241;49,98;
19:27:14;243;49,98;
19:27:17;241;49,98;
19:27:20;242;49,98;
19:27:23;241;49,98;
19:27:26;230;49,99;
19:27:32;210;49,98;
19:27:35;242;49,98;
19:27:38;240;49,98;
19:27:41;239;49,98;
19:27:44;241;49,98;
19:27:53;238;49,99;
19:27:56;238;49,98;
19:27:59;237;49,98;
19:28:02;240;49,98;
19:28:05;238;49,98;
19:28:08;240;49,98;
19:28:11;236;49,98;
19:28:14;238;49,98;
19:28:17;245;49,97;
19:28:20;242;49,97;
19:28:23;235;49,97;
19:28:26;232;49,97;
19:28:29;236;49,97;
19:28:32;237;49,97;
19:28:38;232;49,97;
19:28:41;244;49,97;
19:28:44;237;49,97;
19:28:47;236;49,97;
19:28:50;236;49,98;
19:28:53;232;49,98;
19:28:56;234;49,98;
19:28:59;237;49,98;
19:29:02;236;49,98;
19:29:05;233;49,98;
19:29:08;234;49,98;
19:29:11;233;49,98;
19:29:14;236;49,98;
19:29:17;234;49,98;
19:29:26;234;49,97;
19:29:29;232;49,97;
19:29:32;235;49,97;
19:29:35;236;49,98;
19:29:38;237;49,98;
19:29:44;233;49,97;
19:29:47;234;49,97;
19:29:50;235;49,97;
19:29:53;232;49,97;
19:29:56;233;49,98;
19:29:59;232;49,98;
19:30:02;230;49,98;
19:30:05;232;49,98;
19:30:08;233;49,98;
19:30:11;234;49,98;
19:30:14;233;49,98;
19:30:17;230;49,98;
19:30:20;232;49,98;
19:30:23;231;49,98;
19:30:26;232;49,98;
19:30:29;229;49,98;
19:30:32;232;49,98;
19:30:35;233;49,98;
19:30:38;233;49,97;
19:30:41;230;49,97;
19:30:44;232;49,98;
19:30:50;231;49,98;
19:30:53;229;49,97;
19:30:56;231;49,97;
19:30:59;232;49,97;
19:31:02;230;49,97;
19:31:05;234;49,97;
19:31:08;231;49,97;
19:31:11;233;49,97;
19:31:14;213;49,98;
19:31:17;217;49,98;
19:31:20;219;49,98;
19:31:23;225;49,98;
19:31:26;224;49,98;
19:31:29;221;49,98;
19:31:38;225;49,98;
19:31:41;229;49,98;
19:31:44;228;49,98;
19:31:47;212;49,98;
19:31:50;209;49,97;
19:31:53;213;49,98;
19:31:56;215;49,98;
19:31:59;229;50,00;
19:32:02;224;50,00;
19:32:08;227;50,00;
19:32:11;231;50,00;
19:32:14;230;49,99;
19:32:17;229;49,99;
19:32:20;226;49,99;
19:32:23;228;49,98;
19:32:26;231;49,98;
19:32:29;231;49,97;
19:32:32;226;49,97;
19:32:35;226;49,96;
19:32:41;228;49,96;
19:32:44;223;49,96;
19:32:47;224;49,97;
19:32:50;224;49,98;
19:32:53;223;49,98;
19:32:56;227;49,99;
19:32:59;224;49,99;
19:33:02;228;49,99;
19:33:05;226;49,99;
19:33:08;223;49,99;
19:33:11;225;49,98;
19:33:14;227;49,98;
19:33:17;225;49,98;
19:33:20;218;49,98;
19:33:23;226;49,98;
19:33:26;227;49,98;
19:33:29;228;49,98;
19:33:32;227;49,98;
19:33:38;221;49,98;
19:33:41;219;49,98;
19:33:47;223;49,98;
19:33:50;225;49,99;
19:33:53;223;49,98;
19:33:59;222;49,99;
19:34:02;223;49,99;
19:34:05;222;49,99;
19:34:08;221;49,99;
19:34:11;222;49,98;
19:34:14;224;49,98;
19:34:17;222;49,98;
19:34:20;225;49,98;
19:34:23;225;49,99;
19:34:26;218;49,98;
19:34:29;223;49,98;
19:34:32;224;49,99;
19:34:35;221;50,00;
19:34:38;215;50,00;
19:34:41;222;50,00;
19:34:44;223;50,00;
19:34:47;225;49,99;
19:34:53;224;49,99;
19:34:56;221;49,99;
19:34:59;223;50,00;
19:35:02;221;50,00;
19:35:05;224;50,00;
19:35:08;221;50,00;
19:35:11;222;50,00;
19:35:17;222;49,99;
19:35:20;221;49,99;
19:35:23;218;49,99;
19:35:26;220;49,99;
19:35:29;216;50,00;
19:35:32;220;50,00;
19:35:38;218;49,99;
19:35:41;218;49,98;
19:35:44;217;49,99;
19:35:47;221;49,99;
19:35:50;218;49,99;
19:35:53;217;49,99;
19:35:59;219;49,99;
19:36:02;222;49,99;
19:36:05;220;50,00;
19:36:11;219;50,00;
19:36:14;218;50,00;
19:36:17;218;50,01;
19:36:20;221;50,01;
19:36:23;223;50,01;
19:36:26;219;50,00;
19:36:29;215;50,00;
19:36:32;217;50,00;
19:36:35;210;50,00;
19:36:38;199;50,00;
19:36:44;201;50,00;
19:36:47;206;50,00;
19:36:50;208;50,00;
19:36:53;210;49,99;
19:36:59;209;50,00;
19:37:02;212;50,00;
19:37:05;209;50,00;
19:37:08;213;49,99;
19:37:11;215;49,99;
19:37:14;219;49,98;
19:37:17;213;49,98;
19:37:23;210;49,98;
19:37:26;212;49,98;
19:37:29;214;49,98;
19:37:32;195;49,98;
19:37:35;187;49,98;
19:37:38;174;49,98;
19:37:41;176;49,98;
19:37:44;208;49,98;
19:37:50;210;49,98;
19:37:53;208;49,98;
19:37:56;211;49,98;
19:38:02;212;49,99;
19:38:05;211;49,99;
19:38:08;209;49,99;
19:38:11;211;49,99;
19:38:17;210;49,98;
19:38:20;208;49,98;
19:38:23;209;49,98;
19:38:26;215;49,98;
19:38:29;207;49,97;
19:38:32;204;49,97;
19:38:35;199;49,96;
19:38:38;208;49,97;
19:38:41;212;49,97;
19:38:44;203;49,97;
19:38:47;208;49,97;
19:38:50;203;49,98;
19:38:56;209;49,98;
19:39:02;208;49,98;
19:39:05;211;49,98;
19:39:08;207;49,98;
19:39:11;208;49,99;
19:39:14;209;49,99;
19:39:17;210;49,99;
19:39:20;211;49,99;
19:39:23;207;50,00;
19:39:26;206;49,99;
19:39:29;208;49,99;
19:39:32;202;49,98;
19:39:35;209;49,98;
19:39:41;208;49,98;
19:39:44;200;49,98;
19:39:47;205;49,98;
19:39:50;208;49,98;
19:39:53;203;49,97;
19:39:56;202;49,98;
19:40:02;205;49,98;
19:40:05;204;49,98;
19:40:08;201;49,98;
19:40:11;202;49,97;
19:40:14;198;49,96;
19:40:17;207;49,96;
19:40:20;205;49,96;
19:40:23;203;49,97;
19:40:26;201;49,97;
19:40:29;203;49,97;
19:40:32;201;49,97;
19:40:35;203;49,97;
19:40:38;202;49,98;
19:40:41;203;49,98;
19:40:47;200;49,98;
19:40:50;201;49,98;
19:40:53;198;49,98;
19:40:56;201;49,97;
19:40:59;198;49,97;
19:41:02;199;49,98;
19:41:08;198;49,98;
19:41:11;184;49,98;
19:41:14;183;49,99;
19:41:17;186;49,98;
19:41:20;189;49,98;
19:41:23;195;49,98;
19:41:26;194;49,98;
19:41:29;198;49,98;
19:41:32;198;49,97;
19:41:35;192;49,97;
19:41:38;200;49,97;
19:41:41;181;49,98;
19:41:44;184;49,98;
19:41:47;188;49,98;
19:41:53;194;49,99;
19:41:56;197;49,99;
19:41:59;197;50,00;
19:42:02;195;50,00;
19:42:05;198;49,99;
19:42:08;199;49,99;
19:42:11;197;49,98;
19:42:14;195;49,98;
19:42:17;196;49,97;
19:42:20;198;49,97;
19:42:23;195;49,97;
19:42:26;199;49,98;
19:42:29;195;49,98;
19:42:32;197;49,98;
19:42:35;196;49,98;
19:42:38;196;49,99;
19:42:41;195;49,98;
19:42:47;192;49,98;
19:42:50;194;49,98;
19:42:53;193;49,98;
19:43:02;195;49,98;
19:43:05;189;49,97;
19:43:08;191;49,97;
19:43:11;192;49,97;
19:43:14;191;49,97;
19:43:17;192;49,97;
19:43:20;193;49,97;
19:43:23;191;49,98;
19:43:26;192;49,98;
19:43:29;195;49,98;
19:43:32;186;49,97;
19:43:35;187;49,97;
19:43:38;189;49,97;
19:43:41;190;49,97;
19:43:44;189;49,98;
19:43:50;193;49,98;
19:43:53;191;49,98;
19:43:56;192;49,98;
19:43:59;187;49,98;
19:44:05;188;49,98;
19:44:11;190;49,98;
19:44:14;189;49,98;
19:44:17;188;49,98;
19:44:20;189;49,98;
19:44:23;188;49,98;
19:44:26;189;49,98;
19:44:29;184;49,97;
19:44:32;193;49,97;
19:44:35;189;49,97;
19:44:38;184;49,97;
19:44:44;191;49,97;
19:44:47;185;49,97;
19:44:50;190;49,98;
19:44:53;192;49,98;
19:44:56;184;49,97;
19:44:59;187;49,97;
19:45:02;185;49,97;
19:45:05;189;49,97;
19:45:11;187;49,97;
19:45:14;185;49,97;
19:45:17;187;49,97;
19:45:23;188;49,96;
19:45:26;187;49,96;
19:45:32;190;49,96;
19:45:35;188;49,97;
19:45:38;185;49,97;
19:45:44;183;49,98;
19:45:47;184;49,98;
19:45:50;182;49,99;
19:45:56;184;50,00;
19:45:59;182;50,00;
19:46:02;183;49,99;
19:46:08;187;49,98;
19:46:11;180;49,98;
19:46:14;179;49,97;
19:46:17;182;49,97;
19:46:20;184;49,97;
19:46:26;183;49,97;
19:46:32;178;49,97;
19:46:35;179;49,98;
19:46:38;181;49,98;
19:46:41;183;49,98;
19:46:44;178;49,97;
19:46:47;184;49,98;
19:46:50;183;49,97;
19:46:53;179;49,97;
19:46:56;180;49,96;
19:47:02;181;49,96;
19:47:05;185;49,96;
19:47:08;184;49,97;
19:47:11;183;49,97;
19:47:14;179;49,97;
19:47:17;177;49,97;
19:47:20;180;49,97;
19:47:23;182;49,96;
19:47:26;179;49,98;
19:47:29;173;49,98;
19:47:32;179;49,97;
19:47:35;177;49,98;
19:47:38;180;49,98;
19:47:41;176;49,98;
19:47:44;177;49,98;
19:47:47;156;49,98;
19:47:50;176;49,98;
19:47:53;175;49,99;
19:47:56;172;49,99;
19:47:59;170;49,99;
19:48:02;174;49,99;
19:48:08;176;49,98;
19:48:14;177;49,98;
19:48:17;173;49,97;
19:48:20;178;49,96;
19:48:23;179;49,97;
19:48:26;175;49,97;
19:48:29;178;49,98;
19:48:32;181;49,98;
19:48:35;180;49,98;
19:48:38;178;49,98;
19:48:41;172;49,98;
19:48:44;175;49,98;
19:48:47;176;49,98;
19:48:53;173;49,99;
19:48:59;172;49,99;
19:49:02;173;50,00;
19:49:05;172;50,00;
19:49:08;173;50,00;
19:49:14;173;49,99;
19:49:17;171;49,99;
19:49:20;173;49,98;
19:49:23;174;49,98;
19:49:26;171;49,97;
19:49:32;172;49,97;
19:49:38;169;49,98;
19:49:41;173;49,98;
19:49:44;167;49,99;
19:49:47;165;49,99;
19:49:50;173;50,00;
19:49:53;165;50,00;
19:49:59;171;49,99;
19:50:02;169;49,99;
19:50:05;153;49,98;
19:50:08;155;49,98;
19:50:11;156;49,98;
19:50:14;163;49,98;
19:50:17;164;49,98;
19:50:20;165;49,98;
19:50:23;172;49,98;
19:50:26;169;49,98;
19:50:32;167;49,98;
19:50:35;168;49,98;
19:50:38;169;49,98;
19:50:44;167;49,98;
19:50:47;168;49,99;
19:50:50;166;49,99;
19:50:53;165;49,99;
19:50:56;168;49,99;
19:50:59;167;49,98;
19:51:05;168;49,99;
19:51:08;165;49,99;
19:51:11;167;49,98;
19:51:14;166;49,98;
19:51:17;169;49,98;
19:51:20;164;49,98;
19:51:23;165;49,98;
19:51:26;165;49,97;
19:51:29;166;49,97;
19:51:35;165;49,98;
19:51:38;163;49,98;
19:51:41;166;49,98;
19:51:44;160;49,98;
19:51:47;166;49,98;
19:51:50;158;49,98;
19:51:53;158;49,99;
19:51:56;156;49,99;
19:51:59;162;50,00;
19:52:02;166;50,00;
19:52:05;146;50,00;
19:52:11;151;50,00;
19:52:14;158;50,00;
19:52:17;161;49,98;
19:52:23;163;49,98;
19:52:26;162;49,98;
19:52:29;159;49,98;
19:52:32;161;49,98;
19:52:35;162;49,98;
19:52:38;161;49,98;
19:52:41;165;49,98;
19:52:47;163;49,98;
19:52:50;160;49,98;
19:52:53;159;49,98;
19:52:56;160;49,98;
19:52:59;160;49,99;
19:53:02;163;49,99;
19:53:05;159;49,98;
19:53:11;160;49,98;
19:53:23;158;49,98;
19:53:26;156;49,98;
19:53:29;156;49,97;
19:53:32;157;49,98;
19:53:35;159;49,98;
19:53:38;158;49,98;
19:53:44;155;49,98;
19:53:47;158;49,99;
19:53:50;156;49,99;
19:53:53;157;49,99;
19:53:56;156;49,99;
19:53:59;155;49,99;
19:54:02;158;49,99;
19:54:05;159;49,98;
19:54:08;157;49,98;
19:54:11;158;49,98;
19:54:14;156;49,98;
19:54:17;153;49,98;
19:54:20;154;49,98;
19:54:29;153;49,98;
19:54:32;154;49,98;
19:54:38;155;49,98;
19:54:41;152;49,98;
19:54:44;156;49,98;
19:54:47;155;49,99;
19:54:50;152;49,99;
19:54:53;147;49,99;
19:54:56;151;49,98;
19:54:59;148;49,98;
19:55:02;151;49,97;
19:55:08;158;49,98;
19:55:11;154;49,98;
19:55:14;152;49,98;
19:55:17;149;49,98;
19:55:26;152;49,98;
19:55:29;155;49,98;
19:55:32;150;49,97;
19:55:35;150;49,98;
19:55:38;150;49,97;
19:55:41;148;49,97;
19:55:44;150;49,98;
19:55:50;149;49,98;
19:55:53;147;49,98;
19:55:56;148;49,98;
19:55:59;149;49,98;
19:56:02;147;49,98;
19:56:05;148;49,98;
19:56:08;147;49,98;
19:56:14;145;49,98;
19:56:17;142;49,98;
19:56:20;147;49,99;
19:56:23;145;49,99;
19:56:26;147;49,99;
19:56:29;146;49,99;
19:56:32;145;49,99;
19:56:35;146;49,99;
19:56:38;143;49,99;
19:56:41;144;49,99;
19:56:47;145;49,99;
19:56:50;147;49,98;
19:56:53;143;49,98;
19:56:56;141;49,98;
19:56:59;145;49,99;
19:57:02;141;49,99;
19:57:05;143;49,99;
19:57:08;146;49,99;
19:57:11;143;49,99;
19:57:14;145;49,99;
19:57:20;140;49,98;
19:57:23;143;49,98;
19:57:35;142;49,98;
19:57:38;145;49,97;
19:57:41;144;49,98;
19:57:44;143;49,98;
19:57:47;142;49,98;
19:57:50;138;49,98;
19:57:53;122;49,98;
19:57:56;125;49,98;
19:57:59;137;49,98;
19:58:08;144;49,98;
19:58:11;140;49,98;
19:58:14;139;49,98;
19:58:20;139;49,97;
19:58:26;136;49,97;
19:58:29;141;49,97;
19:58:32;139;49,97;
19:58:35;138;49,97;
19:58:38;137;49,97;
19:58:41;138;49,97;
19:58:44;137;49,97;
19:58:47;138;49,97;
19:58:50;137;49,98;
19:58:53;138;49,98;
19:58:56;137;49,98;
19:58:59;137;49,99;
19:59:02;139;49,99;
19:59:05;138;49,99;
19:59:11;138;50,00;
19:59:26;137;50,00;
19:59:29;136;50,00;
19:59:32;135;50,00;
19:59:38;137;50,00;
19:59:41;135;50,00;
19:59:44;136;50,00;
19:59:47;132;50,00;
19:59:50;134;50,00;
19:59:53;132;49,99;
19:59:56;131;49,99;
19:59:59;130;49,99;
20:00:02;134;49,99;
20:00:05;136;49,99;
20:00:08;128;49,98;
20:00:11;136;49,98;
20:00:17;134;49,98;
20:00:20;135;49,98;
20:00:23;130;49,98;
20:00:26;132;49,98;
20:00:29;130;49,99;
20:00:35;134;49,99;
20:00:38;132;49,99;
20:00:41;130;49,99;
20:00:44;134;49,99;
20:00:47;129;50,00;
20:00:50;131;50,00;
20:00:53;129;50,00;
20:00:56;130;50,00;
20:00:59;129;50,00;
20:01:02;130;50,00;
20:01:08;127;50,00;
20:01:11;127;50,01;
20:01:14;128;50,01;
20:01:17;129;50,01;
20:01:32;127;50,01;
20:01:35;128;50,01;
20:01:41;129;50,01;
20:01:44;131;50,01;
20:01:47;120;50,01;
20:01:50;129;50,01;
20:01:53;130;50,01;
20:01:56;122;50,01;
20:01:59;124;50,01;
20:02:05;124;50,02;
20:02:08;123;50,01;
20:02:11;126;50,02;
20:02:14;122;50,01;
20:02:17;122;50,02;
20:02:20;123;50,02;
20:02:23;123;50,01;
20:02:29;124;50,01;
20:02:32;122;50,01;
20:02:35;121;50,01;
20:02:38;122;50,01;
20:02:41;121;50,01;
20:02:44;123;50,01;
20:02:47;122;50,01;
20:02:50;121;50,01;
20:02:53;117;50,01;
20:02:56;121;50,01;
20:02:59;119;50,01;
20:03:02;117;50,01;
20:03:08;122;50,01;
20:03:11;117;50,01;
20:03:14;121;50,01;
20:03:17;120;50,01;
20:03:20;118;50,00;
20:03:26;121;50,00;
20:03:29;118;50,00;
20:03:35;117;50,00;
20:03:38;115;50,00;
20:03:41;117;50,00;
20:03:44;116;50,00;
20:03:47;118;50,01;
20:03:50;115;50,01;
20:03:53;116;50,01;
20:03:56;115;50,01;
20:03:59;116;50,01;
20:04:05;120;50,00;
20:04:08;116;50,01;
20:04:11;114;50,01;
20:04:14;115;50,01;
20:04:20;116;50,01;
20:04:23;115;50,01;
20:04:26;116;50,01;
20:04:29;113;50,01;
20:04:32;114;50,00;
20:04:35;116;50,01;
20:04:38;115;50,01;
20:04:41;117;50,01;
20:04:44;114;50,01;
20:04:47;115;50,01;
20:04:50;106;50,00;
20:04:53;118;50,00;
20:04:56;117;50,00;
20:04:59;111;50,01;
20:05:02;118;50,01;
20:05:05;111;50,01;
20:05:08;107;50,01;
20:05:11;112;50,01;
20:05:14;109;50,00;
20:05:17;112;50,00;
20:05:26;111;50,00;
20:05:29;109;50,00;
20:05:32;113;50,00;
20:05:35;111;50,00;
20:05:38;111;50,01;
20:05:41;110;50,01;
20:05:44;106;50,01;
20:05:47;108;50,01;
20:05:50;112;50,01;
20:05:53;109;50,00;
20:05:56;112;50,00;
20:05:59;111;50,00;
20:06:02;108;50,00;
20:06:05;110;50,00;
20:06:08;112;50,00;
20:06:11;108;50,00;
20:06:14;109;50,00;
20:06:17;107;50,00;
20:06:23;105;50,00;
20:06:26;108;50,00;
20:06:32;107;50,00;
20:06:35;106;50,00;
20:06:38;108;49,99;
20:06:41;107;49,99;
20:06:47;105;49,99;
20:06:50;104;49,99;
20:06:53;105;49,99;
20:06:56;110;49,99;
20:06:59;109;49,99;
20:07:02;106;49,99;
20:07:05;103;49,99;
20:07:08;104;50,00;
20:07:11;106;50,00;
20:07:14;101;50,00;
20:07:17;102;49,99;
20:07:20;103;49,98;
20:07:23;107;49,98;
20:07:26;106;49,97;
20:07:29;103;49,97;
20:07:32;100;49,97;
20:07:38;104;49,98;
20:07:41;105;49,98;
20:07:44;103;49,98;
20:07:47;102;49,98;
20:07:50;99;49,97;
20:07:53;101;49,97;
20:07:56;100;49,98;
20:08:02;85;49,98;
20:08:05;84;49,98;
20:08:08;101;49,98;
20:08:11;100;49,98;
20:08:14;98;49,98;
20:08:17;101;49,98;
20:08:23;98;49,97;
20:08:26;99;49,97;
20:08:29;94;49,96;
20:08:32;95;49,97;
20:08:35;98;49,98;
20:08:41;98;49,99;
20:08:47;96;50,00;
20:08:53;98;49,99;
20:08:56;97;50,00;
20:08:59;97;49,99;
20:09:05;96;50,00;
20:09:08;95;49,99;
20:09:11;96;49,99;
20:09:14;97;49,99;
20:09:17;94;49,99;
20:09:23;94;50,00;
20:09:29;94;49,99;
20:09:32;91;49,98;
20:09:35;95;49,98;
20:09:38;93;49,98;
20:09:41;94;49,97;
20:09:44;93;49,97;
20:09:47;92;49,97;
20:09:56;89;49,96;
20:09:59;92;49,96;
20:10:02;90;49,97;
20:10:05;93;49,97;
20:10:11;91;49,97;
20:10:20;89;49,98;
20:10:23;89;49,97;
20:10:26;91;49,97;
20:10:29;91;49,96;
20:10:35;88;49,96;
20:10:41;92;49,96;
20:10:44;90;49,96;
20:10:50;88;49,96;
20:10:53;90;49,96;
20:10:59;90;49,98;
20:11:05;87;49,99;
20:11:08;88;49,99;
20:11:11;89;49,98;
20:11:14;87;49,98;
20:11:17;88;49,98;
20:11:20;86;49,97;
20:11:23;85;49,97;
20:11:26;87;49,96;
20:11:29;84;49,96;
20:11:32;87;49,96;
20:11:41;88;49,96;
20:11:44;87;49,96;
20:11:47;86;49,96;
20:11:50;84;49,96;
20:11:53;83;49,96;
20:11:56;82;49,96;
20:11:59;83;49,96;
20:12:05;83;49,97;
20:12:11;83;49,98;
20:12:17;82;49,98;
20:12:20;84;49,98;
20:12:26;83;49,98;
20:12:35;84;49,98;
20:12:38;82;49,98;
20:12:41;82;49,97;
20:12:44;83;49,98;
20:12:50;83;49,97;
20:12:53;81;49,97;
20:12:56;80;49,97;
20:12:59;83;49,96;
20:13:02;82;49,97;
20:13:05;80;49,97;
20:13:08;79;49,97;
20:13:11;81;49,98;
20:13:14;79;49,97;
20:13:17;82;49,97;
20:13:20;83;49,96;
20:13:23;82;49,96;
20:13:32;81;49,97;
20:13:35;78;49,97;
20:13:38;79;49,97;
20:13:44;78;49,97;
20:13:47;76;49,97;
20:13:50;78;49,97;
20:13:56;79;49,98;
20:13:59;78;49,98;
20:14:02;75;49,99;
20:14:05;74;49,98;
20:14:08;77;49,98;
20:14:11;76;49,98;
20:14:14;74;49,98;
20:14:17;74;49,97;
20:14:20;76;49,97;
20:14:23;75;49,96;
20:14:26;74;49,96;
20:14:29;76;49,96;
20:14:32;73;49,97;
20:14:38;76;49,97;
20:14:41;77;49,97;
20:14:44;74;49,97;
20:14:47;75;49,97;
20:14:50;72;49,97;
20:14:53;74;49,97;
20:15:02;74;49,96;
20:15:05;73;49,96;
20:15:17;74;49,96;
20:15:20;72;49,96;
20:15:26;70;49,97;
20:15:29;73;49,97;
20:15:35;72;49,97;
20:15:38;71;49,97;
20:15:44;71;49,98;
20:15:47;70;49,98;
20:15:50;71;49,97;
20:15:56;69;49,97;
20:16:05;71;49,97;
20:16:08;69;49,97;
20:16:14;69;49,98;
20:16:17;69;49,97;
20:16:23;68;49,98;
20:16:29;69;49,98;
20:16:35;65;49,97;
20:16:38;66;49,98;
20:16:41;66;49,97;
20:16:44;67;49,98;
20:16:53;65;49,97;
20:16:59;64;49,98;
20:17:02;67;49,98;
20:17:05;64;49,98;
20:17:08;65;49,98;
20:17:14;63;49,99;
20:17:20;64;49,98;
20:17:23;61;49,98;
20:17:26;63;49,98;
20:17:29;62;49,98;
20:17:35;61;49,98;
20:17:38;62;49,97;
20:17:41;63;49,97;
20:17:47;61;49,97;
20:17:50;60;49,97;
20:17:53;59;49,96;
20:17:56;61;49,97;
20:17:59;59;49,96;
20:18:02;59;49,97;
20:18:05;61;49,97;
20:18:08;56;49,97;
20:18:11;50;49,97;
20:18:14;51;49,97;
20:18:17;59;49,97;
20:18:26;58;49,97;
20:18:29;59;49,97;
20:18:32;60;49,96;
20:18:35;59;49,96;
20:18:41;55;49,97;
20:18:44;57;49,97;
20:18:47;57;49,98;
20:18:50;54;49,98;
20:18:53;56;49,98;
20:18:56;55;49,98;
20:18:59;56;49,99;
20:19:05;56;50,00;
20:19:14;56;49,99;
20:19:17;54;49,99;
20:19:20;55;49,99;
20:19:23;54;49,98;
20:19:26;51;49,98;
20:19:29;56;49,97;
20:19:32;55;49,97;
20:19:35;56;49,97;
20:19:38;53;49,98;
20:19:41;38;49,98;
20:19:47;0;49,99;
20:19:50;0;49,98;
20:19:56;12;49,98;
20:19:59;45;49,98;
20:20:02;48;49,98;
20:20:08;49;49,98;
20:20:11;51;49,99;
20:20:14;51;49,98;
20:20:17;50;49,99;
20:20:20;52;49,98;
20:20:23;51;49,98;
20:20:26;50;49,98;
20:20:41;49;49,98;
20:20:44;48;49,98;
20:20:47;50;49,98;
20:20:53;48;49,98;
20:21:05;48;49,99;
20:21:17;48;49,98;
20:21:23;47;49,97;
20:21:26;47;49,98;
20:21:32;48;49,98;
20:21:38;46;49,99;
20:21:41;47;49,99;
20:21:44;48;49,98;
20:21:47;47;49,98;
20:21:53;46;49,98;
20:21:56;44;49,99;
20:21:59;45;49,99;
20:22:08;44;49,98;
20:22:11;43;49,98;
20:22:14;44;49,98;
20:22:26;43;49,98;
20:22:29;42;49,98;
20:22:35;41;49,98;
20:22:44;44;49,98;
20:22:47;47;49,98;
20:22:50;44;49,98;
20:22:56;42;49,98;
20:22:59;41;49,98;
20:23:02;43;49,98;
20:23:08;41;49,98;
20:23:11;38;49,98;
20:23:14;43;49,98;
20:23:20;41;49,98;
20:23:26;41;49,99;
20:23:35;45;49,99;
20:23:38;41;49,99;
20:23:41;44;49,99;
20:23:44;45;49,99;
20:23:50;43;50,00;
20:23:53;40;49,99;
20:23:56;43;49,99;
20:23:59;50;49,98;
20:24:02;42;49,98;
20:24:05;60;49,98;
20:24:08;50;49,98;
20:24:11;46;49,98;
20:24:17;47;49,98;
20:24:26;59;49,98;
20:24:29;50;49,98;
20:24:35;64;49,98;
20:24:38;61;49,98;
20:24:41;43;49,98;
20:24:44;57;49,98;
20:24:47;58;49,98;
20:24:50;62;49,98;
20:24:56;50;49,99;
20:24:59;56;49,99;
20:25:02;63;49,99;
20:25:05;49;49,98;
20:25:08;55;49,98;
20:25:11;59;49,98;
20:25:14;55;49,98;
20:25:17;53;49,98;
20:25:20;65;49,98;
20:25:23;56;49,98;
20:25:26;75;49,98;
20:25:29;75;49,97;
20:25:32;49;49,97;
20:25:35;58;49,97;
20:25:38;66;49,97;
20:25:41;73;49,98;
20:25:44;49;49,98;
20:25:47;63;49,98;
20:25:50;55;49,98;
20:25:53;59;49,98;
20:25:56;56;49,98;
20:26:02;58;49,98;
20:26:05;57;49,99;
20:26:08;57;49,98;
20:26:11;52;49,98;
20:26:14;58;49,98;
20:26:17;62;49,98;
20:26:20;59;49,98;
20:26:23;54;49,98;
20:26:26;67;49,99;
20:26:29;77;50,00;
20:26:32;73;50,00;
20:26:35;79;50,01;
20:26:38;74;50,00;
20:26:41;61;50,01;
20:26:47;52;50,01;
20:26:50;53;50,01;
20:26:53;64;50,01;
20:26:56;34;50,01;
20:26:59;57;50,00;
20:27:05;47;50,00;
20:27:08;63;50,00;
20:27:11;62;49,99;
20:27:14;84;49,99;
20:27:17;35;49,99;
20:27:20;46;49,99;
20:27:23;54;49,99;
20:27:26;70;49,99;
20:27:29;68;49,99;
20:27:32;46;49,99;
20:27:35;36;49,99;
20:27:38;41;49,99;
20:27:41;63;49,99;
20:27:44;57;49,99;
20:27:47;62;49,99;
20:27:53;66;50,00;
20:27:56;56;50,00;
20:27:59;62;50,00;
20:28:02;53;50,00;
20:28:05;70;50,00;
20:28:08;73;50,00;
20:28:11;78;50,00;
20:28:14;64;50,00;
20:28:17;0;50,01;
20:28:26;66;50,00;
20:28:29;58;50,00;
20:28:32;42;50,00;
20:28:35;54;50,00;
20:28:38;45;50,00;
20:28:41;70;49,99;
20:28:44;64;49,99;
20:28:47;66;50,00;
20:28:50;76;49,99;
20:28:53;63;50,00;
20:28:59;42;50,00;
20:29:02;22;50,00;
20:29:05;40;50,00;
20:29:08;0;50,00;
20:29:11;0;50,01;
20:29:17;42;50,00;
20:29:20;9;50,00;
20:29:23;0;50,00;
20:29:32;0;49,99;
20:30:11;0;49,98;
20:30:50;0;49,97;
20:30:59;0;49,96;
20:31:02;0;49,97;
20:31:26;0;49,98;
20:31:29;0;49,97;
20:31:32;0;49,98;
20:31:35;0;49,97;
20:31:41;0;49,96;
20:31:50;0;49,95;
20:31:56;0;49,96;
20:32:17;0;49,97;
20:32:23;0;49,98;
20:33:14;0;49,99;
20:33:20;0;49,98;
20:33:26;0;49,97;
20:33:50;0;49,98;
20:33:59;0;49,99;
20:34:02;0;49,98;
20:34:47;0;49,99;
20:34:56;0;49,98;
20:35:05;0;49,99;
20:35:14;0;50,00;
20:35:32;0;49,99;
20:35:38;0;49,98;
20:35:41;0;49,99;
20:36:05;0;49,98;
20:36:29;0;49,99;
20:36:35;0;49,98;
20:36:44;0;49,97;
20:36:47;0;49,98;
20:37:11;0;49,99;
20:37:20;0;49,98;
20:37:32;0;49,99;
20:37:50;0;50,00;
20:38:02;0;49,99;
20:38:11;0;50,00;
20:38:41;0;49,99;
20:38:50;0;49,98;
20:38:59;0;49,99;
20:39:02;0;50,00;
20:39:11;0;49,99;
20:39:20;0;49,98;
20:39:23;0;49,99;
20:39:35;0;49,98;
20:39:44;0;49,97;
20:39:56;0;49,98;
20:40:05;0;49,99;
20:40:08;0;50,00;
20:40:29;0;49,99;
20:40:35;0;49,98;
20:40:41;0;49,99;
20:40:53;0;50,00;
20:41:08;0;49,99;
20:41:11;0;50,00;
20:41:14;0;49,99;
20:41:20;0;49,98;
20:41:32;0;49,97;
20:41:41;0;49,98;
20:41:50;0;49,99;
20:41:56;0;50,00;
20:42:14;0;49,99;
20:42:20;0;49,98;
20:42:26;0;49,97;
20:42:29;0;49,98;
20:43:14;;;
