time;pac;freq;
06:10:18;0;50,01;
06:10:21;0;49,98;
06:10:30;0;49,97;
06:10:36;53;49,97;
06:10:42;40;49,96;
06:10:45;42;49,96;
06:10:48;42;49,97;
06:10:54;48;49,97;
06:10:57;42;49,98;
06:11:00;42;49,97;
06:11:03;42;49,98;
06:11:06;44;49,98;
06:11:12;45;49,98;
06:11:15;47;49,99;
06:11:18;45;49,99;
06:11:21;46;49,98;
06:11:24;45;49,98;
06:11:27;46;49,99;
06:11:30;48;49,99;
06:11:36;46;49,98;
06:11:39;48;49,99;
06:11:42;49;49,98;
06:11:51;49;49,99;
06:12:00;50;50,00;
06:12:03;49;50,00;
06:12:06;51;50,00;
06:12:21;52;50,00;
06:12:24;51;50,00;
06:12:27;53;50,00;
06:12:33;54;50,00;
06:12:36;52;50,00;
06:12:39;54;50,00;
06:12:42;55;49,99;
06:12:45;57;49,98;
06:12:48;55;49,98;
06:12:54;57;49,99;
06:12:57;57;50,00;
06:13:06;57;49,99;
06:13:09;58;49,99;
06:13:15;59;49,99;
06:13:18;60;50,00;
06:13:21;61;50,00;
06:13:24;60;49,99;
06:13:27;61;49,99;
06:13:30;60;49,99;
06:13:33;64;49,98;
06:13:39;64;49,99;
06:13:42;65;49,99;
06:13:48;66;49,98;
06:13:57;67;49,98;
06:14:00;66;49,98;
06:14:03;69;49,99;
06:14:06;66;49,99;
06:14:09;70;49,99;
06:14:12;67;49,99;
06:14:15;71;49,99;
06:14:18;70;49,98;
06:14:21;72;49,99;
06:14:24;70;49,98;
06:14:27;73;49,99;
06:14:30;72;49,99;
06:14:36;73;49,99;
06:14:39;75;50,00;
06:14:51;75;49,99;
06:14:57;76;49,99;
06:15:06;78;49,99;
06:15:09;80;50,00;
06:15:12;82;49,99;
06:15:15;84;49,99;
06:15:18;81;49,99;
06:15:24;82;49,99;
06:15:27;81;49,98;
06:15:30;82;49,98;
06:15:33;82;49,99;
06:15:36;82;49,98;
06:15:39;84;49,98;
06:15:51;84;49,99;
06:15:54;86;49,99;
06:15:57;89;50,00;
06:16:00;88;50,00;
06:16:03;92;50,01;
06:16:06;97;50,01;
06:16:09;99;50,01;
06:16:12;96;50,01;
06:16:15;88;50,00;
06:16:18;91;50,00;
06:16:21;92;50,00;
06:16:24;94;50,00;
06:16:27;92;50,00;
06:16:36;94;49,99;
06:16:39;96;49,98;
06:16:42;94;49,99;
06:16:45;97;50,00;
06:16:48;96;50,00;
06:16:57;98;50,00;
06:17:00;97;50,00;
06:17:03;100;50,00;
06:17:09;101;50,01;
06:17:15;100;50,00;
06:17:21;101;50,00;
06:17:24;103;50,00;
06:17:27;100;50,00;
06:17:30;105;50,00;
06:17:42;105;50,01;
06:17:45;106;50,01;
06:17:51;108;50,01;
06:17:57;110;50,01;
06:18:00;111;50,01;
06:18:06;112;50,01;
06:18:09;114;50,01;
06:18:12;116;50,01;
06:18:15;117;50,01;
06:18:21;121;50,01;
06:18:24;119;50,01;
06:18:27;121;50,00;
06:18:36;120;49,99;
06:18:39;125;49,99;
06:18:48;124;49,99;
06:18:51;126;49,99;
06:18:54;127;49,99;
06:18:57;126;49,99;
06:19:00;128;49,99;
06:19:06;130;49,99;
06:19:09;129;49,99;
06:19:12;130;49,99;
06:19:15;132;50,00;
06:19:18;133;50,00;
06:19:21;131;50,00;
06:19:24;133;50,01;
06:19:27;135;50,01;
06:19:30;134;50,01;
06:19:33;131;50,00;
06:19:36;135;49,99;
06:19:39;136;49,99;
06:19:42;134;49,99;
06:19:45;136;49,99;
06:19:48;136;49,98;
06:19:54;137;49,99;
06:19:57;136;49,98;
06:20:00;137;49,98;
06:20:06;138;49,98;
06:20:09;132;49,98;
06:20:12;118;49,98;
06:20:15;123;49,98;
06:20:18;133;49,98;
06:20:21;137;49,98;
06:20:24;142;49,98;
06:20:27;145;49,98;
06:20:33;132;49,98;
06:20:36;122;49,98;
06:20:39;134;49,98;
06:20:42;141;49,98;
06:20:45;145;49,98;
06:20:54;146;49,98;
06:21:00;148;49,99;
06:21:06;150;49,99;
06:21:09;148;49,98;
06:21:15;149;49,98;
06:21:18;151;49,97;
06:21:21;150;49,97;
06:21:24;150;49,96;
06:21:27;152;49,96;
06:21:30;154;49,96;
06:21:33;153;49,96;
06:21:39;154;49,96;
06:21:42;155;49,96;
06:21:48;154;49,96;
06:21:51;155;49,96;
06:21:57;156;49,96;
06:22:00;157;49,97;
06:22:06;158;49,97;
06:22:09;159;49,96;
06:22:12;163;49,97;
06:22:15;153;49,97;
06:22:18;161;49,96;
06:22:21;158;49,96;
06:22:24;163;49,96;
06:22:27;155;49,96;
06:22:30;163;49,97;
06:22:33;161;49,97;
06:22:36;156;49,97;
06:22:39;161;49,97;
06:22:57;162;49,97;
06:23:00;164;49,97;
06:23:03;164;49,98;
06:23:09;163;49,98;
06:23:12;165;49,98;
06:23:18;165;49,99;
06:23:27;166;49,98;
06:23:30;165;49,98;
06:23:33;162;49,98;
06:23:36;147;49,97;
06:23:39;152;49,97;
06:23:42;160;49,97;
06:23:51;161;49,98;
06:23:57;163;50,00;
06:24:00;166;50,00;
06:24:03;168;50,01;
06:24:06;168;50,00;
06:24:09;165;50,00;
06:24:12;167;50,00;
06:24:15;165;50,00;
06:24:18;168;50,00;
06:24:21;166;50,00;
06:24:24;169;50,00;
06:24:30;168;49,99;
06:24:33;169;49,98;
06:24:36;168;49,98;
06:24:39;167;49,98;
06:24:42;165;49,98;
06:24:45;167;49,98;
06:24:48;165;49,98;
06:24:54;167;49,98;
06:24:57;168;49,98;
06:25:03;169;49,99;
06:25:09;173;50,00;
06:25:15;172;49,99;
06:25:18;167;49,99;
06:25:21;166;49,98;
06:25:24;169;49,97;
06:25:27;169;49,96;
06:25:30;173;49,96;
06:25:33;175;49,96;
06:25:36;171;49,97;
06:25:42;174;49,97;
06:25:45;173;49,97;
06:25:48;172;49,98;
06:25:51;173;49,98;
06:25:54;174;49,98;
06:25:57;173;49,98;
06:26:00;172;49,98;
06:26:03;172;49,99;
06:26:09;174;50,00;
06:26:12;175;50,00;
06:26:15;173;49,99;
06:26:18;174;49,99;
06:26:21;172;49,98;
06:26:24;170;49,98;
06:26:27;174;49,98;
06:26:30;176;49,98;
06:26:33;176;49,97;
06:26:36;174;49,98;
06:26:39;176;50,00;
06:26:42;177;50,00;
06:26:45;183;50,01;
06:26:48;178;50,00;
06:26:51;182;50,01;
06:26:54;176;50,00;
06:26:57;172;50,00;
06:27:00;174;50,00;
06:27:03;174;49,99;
06:27:06;174;50,00;
06:27:09;176;49,99;
06:27:12;179;49,99;
06:27:15;176;50,00;
06:27:18;172;49,99;
06:27:21;174;49,98;
06:27:24;176;49,98;
06:27:27;165;49,97;
06:27:30;174;49,97;
06:27:33;170;49,97;
06:27:36;173;49,97;
06:27:39;181;49,96;
06:27:42;175;49,97;
06:27:45;176;49,97;
06:27:48;178;49,98;
06:27:51;177;49,98;
06:27:54;174;49,99;
06:28:00;175;49,99;
06:28:03;179;49,99;
06:28:06;175;49,99;
06:28:09;177;49,99;
06:28:12;179;49,99;
06:28:18;178;49,99;
06:28:21;180;49,99;
06:28:24;172;49,98;
06:28:27;179;49,98;
06:28:30;182;49,98;
06:28:33;180;49,98;
06:28:36;173;49,97;
06:28:39;178;49,97;
06:28:42;176;49,97;
06:28:45;180;49,98;
06:28:48;179;49,99;
06:28:51;180;50,00;
06:28:54;173;50,00;
06:28:57;176;50,00;
06:29:00;182;50,00;
06:29:06;157;49,99;
06:29:09;164;50,00;
06:29:12;168;50,00;
06:29:15;172;50,00;
06:29:18;180;50,00;
06:29:21;183;50,00;
06:29:24;180;50,00;
06:29:27;177;50,00;
06:29:30;183;50,00;
06:29:36;169;50,00;
06:29:39;164;50,00;
06:29:42;169;50,00;
06:29:45;172;50,00;
06:29:48;178;50,00;
06:29:51;180;50,00;
06:29:54;180;49,99;
06:29:57;184;49,99;
06:30:03;183;49,99;
06:30:06;180;50,00;
06:30:12;184;50,00;
06:30:15;181;49,99;
06:30:18;175;49,98;
06:30:21;184;49,98;
06:30:27;178;49,98;
06:30:30;187;49,98;
06:30:33;184;49,98;
06:30:36;180;49,99;
06:30:39;186;49,98;
06:30:42;154;49,99;
06:30:45;158;49,98;
06:30:48;185;49,99;
06:30:57;164;49,99;
06:31:00;169;49,99;
06:31:03;172;49,99;
06:31:06;180;49,99;
06:31:09;183;49,99;
06:31:12;184;50,00;
06:31:18;182;49,99;
06:31:21;185;49,99;
06:31:24;185;50,00;
06:31:30;187;49,99;
06:31:33;184;49,99;
06:31:36;187;49,99;
06:31:39;185;49,99;
06:31:42;184;49,99;
06:31:45;187;49,99;
06:31:48;186;50,00;
06:31:51;187;49,99;
06:31:57;185;49,99;
06:32:03;189;49,99;
06:32:06;188;50,00;
06:32:09;190;49,99;
06:32:15;189;49,99;
06:32:18;190;49,99;
06:32:21;189;49,99;
06:32:24;183;49,99;
06:32:30;190;49,99;
06:32:33;193;49,99;
06:32:36;185;49,98;
06:32:39;183;49,98;
06:32:42;189;49,98;
06:32:45;190;49,98;
06:32:48;189;49,98;
06:32:54;192;49,98;
06:32:57;191;49,98;
06:33:00;192;49,99;
06:33:03;196;50,00;
06:33:09;195;50,00;
06:33:12;194;50,00;
06:33:15;195;49,99;
06:33:18;196;50,00;
06:33:21;189;49,99;
06:33:24;201;49,99;
06:33:27;190;49,99;
06:33:30;188;49,99;
06:33:33;198;49,98;
06:33:36;191;49,98;
06:33:39;201;49,97;
06:33:42;194;49,97;
06:33:48;201;49,96;
06:33:51;196;49,97;
06:33:54;195;49,97;
06:34:03;194;49,98;
06:34:06;193;49,98;
06:34:09;195;49,98;
06:34:15;198;49,98;
06:34:18;200;49,98;
06:34:21;202;49,97;
06:34:24;204;49,97;
06:34:30;204;49,96;
06:34:33;204;49,97;
06:34:36;205;49,97;
06:34:39;206;49,97;
06:34:42;204;49,96;
06:34:45;207;49,97;
06:34:48;205;49,98;
06:34:51;207;49,98;
06:34:54;204;49,98;
06:34:57;207;49,98;
06:35:06;205;49,98;
06:35:09;207;49,98;
06:35:12;206;49,98;
06:35:15;207;49,98;
06:35:21;208;49,98;
06:35:24;213;49,98;
06:35:27;211;49,99;
06:35:30;213;49,99;
06:35:33;210;49,99;
06:35:36;205;49,98;
06:35:39;214;49,98;
06:35:42;205;49,98;
06:35:45;210;49,98;
06:35:48;212;49,98;
06:36:00;211;49,97;
06:36:03;209;49,97;
06:36:06;213;49,97;
06:36:12;212;49,97;
06:36:15;211;49,97;
06:36:18;212;49,97;
06:36:21;209;49,97;
06:36:24;212;49,97;
06:36:27;213;49,98;
06:36:30;214;49,98;
06:36:33;211;49,97;
06:36:36;213;49,97;
06:36:39;214;49,96;
06:36:42;214;49,97;
06:36:45;210;49,98;
06:36:48;213;49,98;
06:36:51;216;49,98;
06:36:54;214;49,98;
06:36:57;212;49,99;
06:37:00;215;49,98;
06:37:03;216;49,99;
06:37:15;218;49,99;
06:37:18;217;49,98;
06:37:21;213;49,99;
06:37:24;218;49,98;
06:37:27;204;49,98;
06:37:30;215;49,98;
06:37:36;217;49,97;
06:37:42;220;49,97;
06:37:45;219;49,97;
06:37:48;218;49,97;
06:37:51;218;49,98;
06:37:54;219;49,98;
06:37:57;221;49,99;
06:38:00;221;49,98;
06:38:03;220;49,98;
06:38:06;219;49,98;
06:38:09;220;49,98;
06:38:18;222;49,98;
06:38:24;222;49,97;
06:38:30;220;49,97;
06:38:33;218;49,98;
06:38:36;226;49,98;
06:38:39;218;49,98;
06:38:42;219;49,97;
06:38:45;217;49,97;
06:38:48;219;49,97;
06:38:51;216;49,97;
06:38:54;221;49,97;
06:39:00;223;49,98;
06:39:03;220;49,98;
06:39:06;222;49,98;
06:39:09;221;49,99;
06:39:12;220;49,99;
06:39:15;224;49,99;
06:39:18;225;50,00;
06:39:24;227;50,00;
06:39:27;224;49,99;
06:39:33;221;49,98;
06:39:36;223;49,98;
06:39:39;224;49,98;
06:39:48;225;49,98;
06:39:54;225;49,97;
06:39:57;225;49,98;
06:40:00;224;49,98;
06:40:06;226;49,99;
06:40:09;225;49,99;
06:40:12;224;49,99;
06:40:15;225;49,99;
06:40:18;223;49,99;
06:40:21;224;49,99;
06:40:24;225;50,00;
06:40:30;222;49,99;
06:40:33;220;49,99;
06:40:36;228;49,98;
06:40:39;227;49,97;
06:40:42;228;49,97;
06:40:45;227;49,97;
06:40:48;228;49,97;
06:40:51;205;49,97;
06:40:54;191;49,97;
06:40:57;221;49,97;
06:41:00;224;49,97;
06:41:06;223;49,97;
06:41:09;222;49,98;
06:41:18;221;49,98;
06:41:21;222;49,98;
06:41:24;221;49,98;
06:41:27;222;49,97;
06:41:30;219;49,97;
06:41:33;217;49,98;
06:41:36;218;49,98;
06:41:42;220;49,98;
06:41:51;221;49,98;
06:41:54;219;49,98;
06:42:00;220;49,98;
06:42:03;217;49,98;
06:42:06;220;49,98;
06:42:09;219;49,98;
06:42:21;218;49,99;
06:42:24;219;49,99;
06:42:27;220;50,00;
06:42:30;217;50,00;
06:42:33;216;49,99;
06:42:39;215;49,99;
06:42:45;213;49,98;
06:42:48;215;49,98;
06:42:51;213;49,98;
06:42:54;210;49,97;
06:43:00;211;49,97;
06:43:03;213;49,98;
06:43:06;198;49,98;
06:43:09;207;49,98;
06:43:12;212;49,98;
06:43:18;213;49,98;
06:43:21;212;49,98;
06:43:27;213;49,98;
06:43:33;217;49,97;
06:43:36;208;49,97;
06:43:39;215;49,97;
06:43:42;212;49,97;
06:43:45;216;49,97;
06:43:48;208;49,97;
06:43:54;211;49,97;
06:43:57;214;49,97;
06:44:00;209;49,97;
06:44:06;210;49,97;
06:44:09;209;49,97;
06:44:12;209;49,98;
06:44:15;208;49,98;
06:44:18;209;49,97;
06:44:21;213;49,97;
06:44:24;209;49,96;
06:44:27;208;49,96;
06:44:33;210;49,96;
06:44:39;209;49,97;
06:44:42;212;49,97;
06:44:45;213;49,97;
06:44:48;211;49,96;
06:44:51;213;49,97;
06:44:54;211;49,97;
06:44:57;212;49,97;
06:45:03;211;49,96;
06:45:09;211;49,97;
06:45:12;215;49,97;
06:45:18;211;49,97;
06:45:21;213;49,97;
06:45:24;211;49,98;
06:45:27;210;49,98;
06:45:30;211;49,97;
06:45:33;205;49,98;
06:45:36;199;49,98;
06:45:39;210;49,97;
06:45:42;203;49,97;
06:45:45;213;49,97;
06:45:48;205;49,97;
06:45:51;208;49,97;
06:45:54;209;49,97;
06:46:06;207;49,97;
06:46:09;209;49,97;
06:46:12;210;49,97;
06:46:15;209;49,98;
06:46:18;211;49,97;
06:46:24;210;49,97;
06:46:27;211;49,97;
06:46:30;213;49,97;
06:46:36;211;49,97;
06:46:42;210;49,97;
06:46:45;207;49,98;
06:46:48;212;49,98;
06:46:51;209;49,98;
06:46:54;210;49,98;
06:46:57;212;49,98;
06:47:00;210;49,99;
06:47:06;209;49,99;
06:47:09;210;49,99;
06:47:12;210;49,98;
06:47:15;211;49,98;
06:47:18;206;49,99;
06:47:21;209;49,99;
06:47:24;213;50,00;
06:47:30;214;50,00;
06:47:33;213;50,00;
06:47:36;211;50,00;
06:47:39;212;49,99;
06:47:51;210;49,99;
06:47:54;208;49,99;
06:48:00;212;49,99;
06:48:03;209;49,99;
06:48:06;209;50,00;
06:48:15;208;49,99;
06:48:18;209;49,99;
06:48:21;208;49,98;
06:48:24;213;49,98;
06:48:27;212;49,98;
06:48:30;210;49,97;
06:48:36;218;49,97;
06:48:39;208;49,97;
06:48:42;207;49,97;
06:48:45;216;49,97;
06:48:48;217;49,98;
06:48:51;209;49,98;
06:48:54;219;49,98;
06:48:57;221;49,98;
06:49:00;213;49,99;
06:49:03;220;49,99;
06:49:06;216;49,98;
06:49:09;213;49,98;
06:49:12;215;49,99;
06:49:15;219;49,99;
06:49:18;218;49,99;
06:49:21;220;49,99;
06:49:24;220;49,98;
06:49:27;219;49,98;
06:49:30;221;49,97;
06:49:33;221;49,96;
06:49:36;222;49,96;
06:49:39;221;49,97;
06:49:42;220;49,97;
06:49:45;219;49,98;
06:49:48;221;49,98;
06:49:51;224;49,98;
06:49:54;221;49,98;
06:49:57;220;49,97;
06:50:00;222;49,97;
06:50:03;221;49,97;
06:50:06;221;49,98;
06:50:09;223;49,98;
06:50:15;226;49,97;
06:50:21;224;49,96;
06:50:27;230;49,96;
06:50:30;228;49,97;
06:50:33;226;49,96;
06:50:36;230;49,96;
06:50:39;222;49,96;
06:50:42;232;49,96;
06:50:45;229;49,97;
06:50:48;232;49,97;
06:50:51;224;49,98;
06:50:54;233;49,98;
06:50:57;225;49,98;
06:51:00;198;49,98;
06:51:03;198;49,99;
06:51:06;234;49,99;
06:51:09;236;49,99;
06:51:12;238;50,00;
06:51:15;240;50,00;
06:51:18;243;50,00;
06:51:21;238;49,99;
06:51:24;238;49,98;
06:51:33;242;49,97;
06:51:36;243;49,97;
06:51:39;244;49,97;
06:51:42;248;49,97;
06:51:45;246;49,97;
06:51:48;244;49,97;
06:51:51;246;49,97;
06:51:54;245;49,98;
06:51:57;248;49,98;
06:52:00;250;49,98;
06:52:03;254;49,98;
06:52:06;249;49,98;
06:52:09;254;49,99;
06:52:12;252;49,99;
06:52:15;255;49,99;
06:52:18;253;49,98;
06:52:21;255;49,97;
06:52:24;252;49,97;
06:52:27;256;49,96;
06:52:30;258;49,96;
06:52:33;259;49,97;
06:52:39;263;49,96;
06:52:42;261;49,97;
06:52:45;262;49,98;
06:52:48;260;49,98;
06:52:51;265;49,98;
06:52:57;266;49,98;
06:53:00;268;49,98;
06:53:03;270;49,98;
06:53:06;268;49,98;
06:53:09;269;49,97;
06:53:15;273;49,97;
06:53:18;273;49,98;
06:53:21;274;49,98;
06:53:24;273;49,97;
06:53:27;277;49,97;
06:53:30;279;49,97;
06:53:33;280;49,97;
06:53:36;277;49,97;
06:53:39;280;49,97;
06:53:45;284;49,98;
06:53:48;278;49,97;
06:53:51;287;49,97;
06:53:54;292;49,97;
06:53:57;288;49,98;
06:54:00;284;49,98;
06:54:03;291;49,98;
06:54:06;290;49,98;
06:54:09;292;49,98;
06:54:12;293;49,97;
06:54:15;292;49,97;
06:54:18;293;49,96;
06:54:21;290;49,96;
06:54:24;296;49,96;
06:54:30;301;49,96;
06:54:33;302;49,96;
06:54:36;303;49,96;
06:54:39;302;49,96;
06:54:42;303;49,97;
06:54:45;299;49,96;
06:54:48;304;49,97;
06:54:51;306;49,96;
06:54:54;307;49,96;
06:54:57;303;49,97;
06:55:00;308;49,97;
06:55:03;310;49,97;
06:55:06;309;49,97;
06:55:09;307;49,97;
06:55:12;308;49,97;
06:55:15;312;49,97;
06:55:18;312;49,96;
06:55:21;309;49,96;
06:55:24;315;49,96;
06:55:36;317;49,96;
06:55:39;319;49,97;
06:55:42;317;49,97;
06:55:45;310;49,97;
06:55:48;319;49,97;
06:55:51;323;49,98;
06:55:54;316;49,98;
06:55:57;321;49,98;
06:56:00;322;49,98;
06:56:03;324;49,98;
06:56:06;324;49,97;
06:56:09;320;49,97;
06:56:15;323;49,97;
06:56:18;317;49,97;
06:56:21;323;49,97;
06:56:24;324;49,97;
06:56:27;325;49,97;
06:56:33;328;49,97;
06:56:36;328;49,98;
06:56:42;327;49,99;
06:56:45;331;49,99;
06:56:48;332;49,99;
06:56:51;333;49,98;
06:56:54;336;49,98;
06:56:57;333;49,99;
06:57:00;318;49,98;
06:57:03;323;49,98;
06:57:06;334;49,98;
06:57:09;337;49,98;
06:57:12;338;49,98;
06:57:15;340;49,98;
06:57:18;341;49,98;
06:57:21;342;49,98;
06:57:24;341;49,98;
06:57:27;344;49,97;
06:57:33;344;49,96;
06:57:36;347;49,97;
06:57:39;345;49,97;
06:57:42;333;49,97;
06:57:48;345;49,98;
06:57:51;347;49,98;
06:57:57;348;49,98;
06:58:03;350;49,99;
06:58:06;345;49,99;
06:58:09;349;49,99;
06:58:12;350;49,99;
06:58:15;351;49,99;
06:58:18;352;49,98;
06:58:21;354;49,98;
06:58:24;355;49,97;
06:58:27;354;49,97;
06:58:30;348;49,98;
06:58:33;356;49,97;
06:58:42;352;49,98;
06:58:45;354;49,98;
06:58:48;345;49,99;
06:58:51;356;49,99;
06:58:54;356;50,00;
06:58:57;362;50,00;
06:59:00;364;50,00;
06:59:03;362;50,00;
06:59:06;355;50,00;
06:59:09;364;50,00;
06:59:12;367;50,00;
06:59:15;361;49,99;
06:59:18;364;49,99;
06:59:24;367;49,99;
06:59:27;368;49,99;
06:59:30;371;49,99;
06:59:39;372;49,99;
06:59:42;373;49,99;
06:59:45;374;49,99;
06:59:48;373;49,99;
06:59:57;367;49,99;
07:00:00;373;49,99;
07:00:03;374;50,00;
07:00:06;376;50,00;
07:00:09;377;50,00;
07:00:12;380;50,01;
07:00:15;376;50,01;
07:00:18;378;50,01;
07:00:21;377;50,01;
07:00:24;385;50,02;
07:00:27;380;50,02;
07:00:30;378;50,01;
07:00:33;380;50,01;
07:00:36;381;50,01;
07:00:39;380;50,01;
07:00:45;382;50,02;
07:00:48;383;50,02;
07:00:51;380;50,03;
07:00:54;378;50,03;
07:00:57;380;50,03;
07:01:00;388;50,03;
07:01:03;386;50,03;
07:01:06;387;50,03;
07:01:09;384;50,03;
07:01:15;381;50,03;
07:01:18;389;50,03;
07:01:27;387;50,03;
07:01:33;386;50,02;
07:01:36;388;50,02;
07:01:39;389;50,02;
07:01:42;394;50,02;
07:01:45;396;50,02;
07:01:51;392;50,03;
07:01:54;394;50,03;
07:01:57;395;50,03;
07:02:00;389;50,03;
07:02:03;395;50,04;
07:02:06;393;50,04;
07:02:09;396;50,04;
07:02:12;391;50,04;
07:02:15;397;50,04;
07:02:18;391;50,03;
07:02:24;394;50,03;
07:02:27;397;50,03;
07:02:30;396;50,03;
07:02:33;397;50,03;
07:02:36;398;50,03;
07:02:39;396;50,04;
07:02:42;397;50,04;
07:02:45;394;50,03;
07:02:48;397;50,03;
07:02:51;399;50,03;
07:02:57;395;50,03;
07:03:00;398;50,03;
07:03:03;401;50,03;
07:03:09;398;50,03;
07:03:12;401;50,03;
07:03:18;403;50,04;
07:03:21;402;50,03;
07:03:24;403;50,03;
07:03:33;404;50,03;
07:03:36;402;50,03;
07:03:42;404;50,04;
07:03:48;405;50,03;
07:03:51;406;50,03;
07:03:54;407;50,03;
07:03:57;398;50,03;
07:04:03;405;50,03;
07:04:06;401;50,03;
07:04:09;405;50,03;
07:04:12;402;50,03;
07:04:15;403;50,03;
07:04:18;400;50,03;
07:04:21;401;50,03;
07:04:24;403;50,02;
07:04:30;404;50,02;
07:04:33;381;50,01;
07:04:36;385;50,01;
07:04:39;391;50,02;
07:04:42;401;50,02;
07:04:48;398;50,02;
07:04:51;402;50,02;
07:04:54;403;50,02;
07:05:00;399;50,02;
07:05:03;404;50,02;
07:05:09;400;50,02;
07:05:12;401;50,03;
07:05:15;407;50,03;
07:05:18;407;50,02;
07:05:21;406;50,02;
07:05:24;407;50,02;
07:05:27;408;50,01;
07:05:30;407;50,01;
07:05:33;406;50,01;
07:05:36;403;50,01;
07:05:39;406;50,01;
07:05:42;405;50,00;
07:05:48;400;50,00;
07:05:54;404;50,00;
07:05:57;403;50,00;
07:06:00;399;50,01;
07:06:03;403;50,01;
07:06:06;402;50,02;
07:06:09;402;50,01;
07:06:12;401;50,01;
07:06:15;394;50,01;
07:06:18;398;50,01;
07:06:21;400;50,01;
07:06:24;397;50,00;
07:06:27;401;50,00;
07:06:30;400;50,00;
07:06:33;399;50,00;
07:06:36;401;50,00;
07:06:42;404;50,00;
07:06:45;403;50,00;
07:06:48;405;50,00;
07:06:51;406;50,00;
07:06:54;404;50,00;
07:07:00;401;49,99;
07:07:03;410;49,99;
07:07:06;411;50,00;
07:07:09;405;50,00;
07:07:12;413;50,00;
07:07:15;406;50,00;
07:07:18;410;50,00;
07:07:21;405;50,00;
07:07:27;402;50,00;
07:07:30;404;50,00;
07:07:33;404;49,99;
07:07:36;403;49,99;
07:07:39;395;49,99;
07:07:42;398;49,99;
07:07:51;397;49,99;
07:07:54;396;49,99;
07:07:57;393;49,99;
07:08:00;395;49,99;
07:08:03;393;49,99;
07:08:06;387;50,00;
07:08:09;392;50,01;
07:08:12;391;50,00;
07:08:18;392;50,00;
07:08:21;390;50,00;
07:08:24;391;50,00;
07:08:27;390;50,00;
07:08:30;388;50,00;
07:08:33;390;50,00;
07:08:39;387;50,00;
07:08:42;389;50,00;
07:08:45;392;50,00;
07:08:51;389;50,00;
07:08:54;390;50,00;
07:08:57;386;50,00;
07:09:00;391;50,00;
07:09:03;380;50,00;
07:09:06;389;50,00;
07:09:12;393;50,00;
07:09:15;385;50,00;
07:09:18;389;50,00;
07:09:21;394;50,01;
07:09:24;396;50,01;
07:09:27;394;50,01;
07:09:30;400;50,02;
07:09:33;402;50,01;
07:09:36;404;50,01;
07:09:39;397;50,01;
07:09:42;404;50,00;
07:09:45;405;50,00;
07:09:48;404;50,00;
07:09:51;397;50,01;
07:09:57;403;50,00;
07:10:00;396;50,00;
07:10:03;402;50,00;
07:10:06;393;50,00;
07:10:09;392;50,00;
07:10:12;399;50,00;
07:10:15;394;50,00;
07:10:18;390;50,00;
07:10:21;396;50,00;
07:10:24;393;50,00;
07:10:27;396;50,00;
07:10:30;392;50,00;
07:10:33;397;50,00;
07:10:36;399;50,01;
07:10:39;398;50,00;
07:10:42;393;50,00;
07:10:45;399;49,99;
07:10:48;398;49,98;
07:10:51;396;49,98;
07:10:54;389;49,97;
07:10:57;395;49,97;
07:11:03;400;49,98;
07:11:06;402;49,98;
07:11:09;399;49,98;
07:11:12;402;49,98;
07:11:18;396;49,98;
07:11:21;400;49,98;
07:11:24;403;49,97;
07:11:27;405;49,98;
07:11:30;398;49,98;
07:11:33;404;49,97;
07:11:39;404;49,98;
07:11:42;402;49,98;
07:11:45;405;49,98;
07:11:48;399;49,98;
07:11:51;406;49,99;
07:11:57;410;49,99;
07:12:00;410;50,00;
07:12:03;413;50,00;
07:12:09;416;50,00;
07:12:12;418;50,00;
07:12:15;417;49,99;
07:12:18;412;49,99;
07:12:21;419;49,99;
07:12:24;413;49,98;
07:12:27;420;49,98;
07:12:30;427;49,97;
07:12:33;436;49,97;
07:12:36;440;49,96;
07:12:39;439;49,97;
07:12:42;450;49,97;
07:12:45;451;49,97;
07:12:48;455;49,97;
07:12:54;461;49,97;
07:12:57;457;49,97;
07:13:00;465;49,98;
07:13:03;468;49,98;
07:13:06;470;49,98;
07:13:12;474;49,99;
07:13:18;475;49,99;
07:13:21;477;49,99;
07:13:24;479;49,98;
07:13:27;475;49,98;
07:13:30;478;49,98;
07:13:36;481;49,97;
07:13:39;480;49,97;
07:13:42;484;49,97;
07:13:45;480;49,98;
07:13:48;486;49,98;
07:13:51;482;49,98;
07:13:54;487;49,98;
07:14:00;489;49,97;
07:14:03;486;49,97;
07:14:06;477;49,98;
07:14:09;487;49,98;
07:14:12;489;49,98;
07:14:15;489;49,99;
07:14:18;491;49,99;
07:14:27;490;49,98;
07:14:30;491;49,97;
07:14:33;489;49,97;
07:14:36;492;49,96;
07:14:39;491;49,96;
07:14:48;491;49,97;
07:14:51;487;49,97;
07:14:54;491;49,98;
07:14:57;494;49,98;
07:15:06;495;49,96;
07:15:09;498;49,96;
07:15:12;496;49,96;
07:15:15;489;49,96;
07:15:18;498;49,96;
07:15:21;500;49,96;
07:15:24;496;49,96;
07:15:27;497;49,96;
07:15:30;498;49,96;
07:15:33;499;49,97;
07:15:36;502;49,97;
07:15:39;501;49,98;
07:15:45;502;49,98;
07:15:51;503;49,98;
07:15:54;502;49,98;
07:15:57;502;49,97;
07:16:00;503;49,97;
07:16:03;501;49,97;
07:16:06;496;49,97;
07:16:12;503;49,98;
07:16:18;501;49,98;
07:16:21;500;49,98;
07:16:24;496;49,98;
07:16:27;492;49,98;
07:16:30;487;49,98;
07:16:33;486;49,98;
07:16:36;484;49,98;
07:16:39;479;49,98;
07:16:42;478;49,98;
07:16:45;482;49,98;
07:16:51;488;49,98;
07:16:57;490;49,99;
07:17:06;485;49,99;
07:17:09;487;49,98;
07:17:15;479;49,98;
07:17:18;482;49,98;
07:17:21;478;49,98;
07:17:27;480;49,97;
07:17:30;485;49,97;
07:17:33;487;49,97;
07:17:36;490;49,97;
07:17:39;489;49,97;
07:17:42;493;49,96;
07:17:45;490;49,96;
07:17:48;489;49,95;
07:17:51;481;49,96;
07:17:54;477;49,96;
07:17:57;462;49,96;
07:18:03;442;49,97;
07:18:12;447;49,97;
07:18:15;450;49,97;
07:18:18;449;49,97;
07:18:21;445;49,96;
07:18:24;451;49,96;
07:18:27;446;49,96;
07:18:33;444;49,96;
07:18:39;443;49,96;
07:18:42;448;49,96;
07:18:45;451;49,96;
07:18:48;454;49,96;
07:18:51;457;49,96;
07:18:54;464;49,96;
07:18:57;466;49,96;
07:19:00;465;49,96;
07:19:03;466;49,96;
07:19:09;461;49,96;
07:19:12;461;49,95;
07:19:15;458;49,96;
07:19:18;457;49,96;
07:19:21;454;49,96;
07:19:24;449;49,96;
07:19:27;442;49,96;
07:19:30;443;49,96;
07:19:33;435;49,96;
07:19:36;431;49,96;
07:19:39;426;49,96;
07:19:42;429;49,96;
07:19:45;429;49,97;
07:19:48;434;49,97;
07:19:51;429;49,97;
07:19:54;437;49,96;
07:19:57;440;49,96;
07:20:00;438;49,96;
07:20:03;441;49,96;
07:20:06;438;49,96;
07:20:09;430;49,97;
07:20:15;436;49,97;
07:20:18;434;49,98;
07:20:21;436;49,97;
07:20:24;443;49,97;
07:20:27;443;49,96;
07:20:30;452;49,96;
07:20:33;448;49,96;
07:20:36;452;49,96;
07:20:39;452;49,97;
07:20:42;457;49,97;
07:20:45;453;49,97;
07:20:48;463;49,96;
07:20:51;474;49,97;
07:20:54;477;49,97;
07:20:57;483;49,97;
07:21:00;499;49,96;
07:21:03;502;49,96;
07:21:06;507;49,96;
07:21:09;514;49,96;
07:21:12;509;49,96;
07:21:15;511;49,96;
07:21:21;513;49,96;
07:21:24;518;49,96;
07:21:27;520;49,96;
07:21:30;515;49,96;
07:21:33;522;49,96;
07:21:36;523;49,96;
07:21:39;526;49,96;
07:21:42;515;49,96;
07:21:45;524;49,96;
07:21:48;520;49,96;
07:21:51;523;49,97;
07:21:54;524;49,97;
07:21:57;523;49,97;
07:22:00;520;49,98;
07:22:09;522;49,98;
07:22:12;518;49,98;
07:22:15;520;49,97;
07:22:18;517;49,97;
07:22:21;524;49,96;
07:22:24;519;49,96;
07:22:27;512;49,97;
07:22:30;519;49,98;
07:22:33;515;49,98;
07:22:36;505;49,98;
07:22:39;514;49,97;
07:22:42;517;49,98;
07:22:45;514;49,98;
07:22:48;517;49,98;
07:22:54;520;49,98;
07:22:57;523;49,98;
07:23:00;515;49,98;
07:23:03;528;49,98;
07:23:06;531;49,98;
07:23:12;527;49,98;
07:23:15;538;49,98;
07:23:21;539;49,98;
07:23:24;531;49,98;
07:23:27;540;49,98;
07:23:33;538;49,98;
07:23:36;533;49,98;
07:23:39;529;49,98;
07:23:42;522;49,98;
07:23:45;531;49,98;
07:23:48;538;49,98;
07:23:51;533;49,98;
07:23:54;531;49,99;
07:23:57;530;49,99;
07:24:00;540;49,99;
07:24:03;532;49,99;
07:24:06;523;50,00;
07:24:09;533;50,00;
07:24:12;542;50,00;
07:24:18;522;49,99;
07:24:21;532;49,98;
07:24:24;538;49,97;
07:24:27;537;49,98;
07:24:30;525;49,97;
07:24:33;536;49,97;
07:24:39;543;49,97;
07:24:42;525;49,98;
07:24:45;537;49,98;
07:24:48;530;49,98;
07:24:51;540;49,98;
07:24:54;527;49,98;
07:24:57;539;49,98;
07:25:00;538;49,98;
07:25:03;542;49,98;
07:25:06;529;49,98;
07:25:09;537;49,98;
07:25:12;550;49,98;
07:25:15;539;49,98;
07:25:18;550;49,97;
07:25:24;542;49,97;
07:25:27;548;49,96;
07:25:30;554;49,97;
07:25:33;546;49,97;
07:25:36;549;49,97;
07:25:39;544;49,97;
07:25:42;553;49,98;
07:25:45;554;49,97;
07:25:51;544;49,98;
07:25:54;554;49,97;
07:26:00;556;49,97;
07:26:03;546;49,97;
07:26:09;552;49,97;
07:26:12;557;49,97;
07:26:15;546;49,97;
07:26:18;554;49,97;
07:26:21;537;49,96;
07:26:24;549;49,96;
07:26:30;554;49,96;
07:26:33;537;49,95;
07:26:36;545;49,95;
07:26:39;551;49,95;
07:26:42;549;49,95;
07:26:45;541;49,95;
07:26:48;554;49,95;
07:26:54;557;49,96;
07:26:57;544;49,97;
07:27:00;557;49,97;
07:27:03;551;49,98;
07:27:06;557;49,98;
07:27:09;545;49,97;
07:27:15;551;49,97;
07:27:18;554;49,97;
07:27:21;545;49,97;
07:27:24;554;49,97;
07:27:27;556;49,97;
07:27:30;549;49,97;
07:27:33;548;49,96;
07:27:36;535;49,96;
07:27:39;531;49,97;
07:27:42;528;49,97;
07:27:45;518;49,98;
07:27:48;511;49,98;
07:27:51;503;49,98;
07:27:54;494;49,98;
07:27:57;488;49,98;
07:28:00;480;49,98;
07:28:03;472;49,98;
07:28:06;473;49,99;
07:28:09;467;49,99;
07:28:12;470;49,99;
07:28:15;473;49,99;
07:28:21;479;49,99;
07:28:24;476;49,99;
07:28:27;490;49,98;
07:28:30;493;49,98;
07:28:33;503;49,98;
07:28:36;506;49,98;
07:28:39;512;49,98;
07:28:42;514;49,98;
07:28:45;526;49,98;
07:28:48;531;49,98;
07:28:51;539;49,98;
07:28:54;547;49,98;
07:28:57;554;49,98;
07:29:00;552;49,98;
07:29:03;558;49,98;
07:29:06;554;49,98;
07:29:09;563;49,97;
07:29:12;562;49,97;
07:29:15;565;49,97;
07:29:18;563;49,97;
07:29:21;574;49,96;
07:29:27;583;49,97;
07:29:30;574;49,97;
07:29:33;593;49,97;
07:29:36;595;49,97;
07:29:39;602;49,98;
07:29:42;596;49,98;
07:29:45;605;49,98;
07:29:48;592;49,98;
07:29:51;605;49,98;
07:29:54;612;49,98;
07:29:57;608;49,97;
07:30:00;601;49,98;
07:30:03;601;49,97;
07:30:06;594;49,97;
07:30:09;601;49,96;
07:30:12;607;49,96;
07:30:15;603;49,96;
07:30:18;593;49,96;
07:30:21;604;49,97;
07:30:24;611;49,98;
07:30:27;600;49,98;
07:30:30;603;49,98;
07:30:33;595;49,98;
07:30:36;608;49,98;
07:30:39;607;49,97;
07:30:42;600;49,97;
07:30:45;604;49,97;
07:30:48;605;49,97;
07:30:51;613;49,98;
07:30:54;607;49,98;
07:30:57;601;49,98;
07:31:00;608;49,98;
07:31:03;614;49,98;
07:31:06;609;49,98;
07:31:09;604;49,97;
07:31:12;609;49,96;
07:31:18;611;49,96;
07:31:21;606;49,96;
07:31:24;611;49,97;
07:31:27;617;49,97;
07:31:30;613;49,98;
07:31:33;608;49,98;
07:31:36;612;49,98;
07:31:39;614;49,98;
07:31:42;615;49,99;
07:31:45;611;49,99;
07:31:48;613;49,99;
07:31:51;618;49,99;
07:31:54;614;49,99;
07:31:57;612;49,98;
07:32:00;614;49,98;
07:32:03;620;49,99;
07:32:06;616;49,99;
07:32:09;612;49,99;
07:32:12;615;49,99;
07:32:15;622;49,99;
07:32:18;617;49,99;
07:32:24;617;49,98;
07:32:27;621;49,98;
07:32:30;618;49,97;
07:32:33;612;49,97;
07:32:36;622;49,97;
07:32:42;619;49,96;
07:32:45;620;49,97;
07:32:48;620;49,96;
07:32:51;621;49,96;
07:32:57;622;49,96;
07:33:00;623;49,96;
07:33:03;623;49,97;
07:33:06;628;49,97;
07:33:09;623;49,97;
07:33:18;624;49,97;
07:33:21;623;49,97;
07:33:24;625;49,96;
07:33:30;626;49,96;
07:33:33;626;49,97;
07:33:36;625;49,96;
07:33:39;626;49,96;
07:33:42;626;49,97;
07:33:45;632;49,97;
07:33:48;638;49,97;
07:33:51;633;49,97;
07:33:54;633;49,96;
07:33:57;628;49,96;
07:34:00;627;49,96;
07:34:03;628;49,96;
07:34:06;630;49,97;
07:34:09;629;49,97;
07:34:12;626;49,97;
07:34:15;629;49,98;
07:34:24;633;49,98;
07:34:27;634;49,98;
07:34:30;632;49,97;
07:34:36;633;49,97;
07:34:39;636;49,97;
07:34:42;637;49,97;
07:34:45;635;49,96;
07:34:48;633;49,97;
07:34:51;636;49,97;
07:34:54;630;49,97;
07:34:57;637;49,97;
07:35:00;635;49,97;
07:35:03;638;49,97;
07:35:06;633;49,97;
07:35:09;639;49,97;
07:35:12;638;49,97;
07:35:15;639;49,98;
07:35:21;643;49,98;
07:35:24;641;49,98;
07:35:27;642;49,97;
07:35:30;635;49,96;
07:35:33;643;49,96;
07:35:36;648;49,96;
07:35:39;637;49,96;
07:35:42;643;49,97;
07:35:45;645;49,98;
07:35:48;647;49,98;
07:35:51;646;49,98;
07:35:54;647;49,98;
07:35:57;647;49,97;
07:36:00;648;49,97;
07:36:03;645;49,97;
07:36:06;649;49,97;
07:36:09;651;49,98;
07:36:12;649;49,98;
07:36:15;649;49,99;
07:36:18;650;49,99;
07:36:27;650;49,98;
07:36:30;652;49,98;
07:36:33;653;49,98;
07:36:36;652;49,98;
07:36:39;653;49,97;
07:36:42;653;49,98;
07:36:45;650;49,98;
07:36:48;654;49,98;
07:36:51;654;49,99;
07:36:57;656;50,00;
07:37:03;662;49,99;
07:37:06;661;49,99;
07:37:09;657;49,98;
07:37:12;663;49,98;
07:37:15;662;49,98;
07:37:18;663;49,98;
07:37:21;668;49,98;
07:37:27;661;49,97;
07:37:33;674;49,97;
07:37:36;669;49,97;
07:37:39;665;49,97;
07:37:42;669;49,96;
07:37:45;672;49,97;
07:37:48;671;49,97;
07:37:51;675;49,97;
07:37:54;665;49,97;
07:37:57;668;49,98;
07:38:00;672;49,97;
07:38:06;673;49,97;
07:38:15;674;49,98;
07:38:18;675;49,98;
07:38:21;676;49,98;
07:38:24;675;49,98;
07:38:27;664;49,98;
07:38:30;675;49,97;
07:38:33;676;49,97;
07:38:39;668;49,96;
07:38:42;677;49,96;
07:38:45;675;49,96;
07:38:48;680;49,97;
07:38:51;675;49,97;
07:38:54;680;49,98;
07:38:57;682;49,98;
07:39:00;680;49,98;
07:39:03;672;49,98;
07:39:06;680;49,98;
07:39:09;683;49,97;
07:39:12;680;49,97;
07:39:15;673;49,97;
07:39:18;683;49,97;
07:39:24;682;49,97;
07:39:27;675;49,98;
07:39:30;683;49,98;
07:39:33;686;49,98;
07:39:36;688;49,98;
07:39:39;686;49,97;
07:39:42;679;49,97;
07:39:45;690;49,97;
07:39:48;690;49,98;
07:39:51;689;49,98;
07:39:54;692;49,99;
07:40:00;691;49,98;
07:40:03;693;49,98;
07:40:06;685;49,98;
07:40:09;692;49,98;
07:40:12;694;49,97;
07:40:15;696;49,96;
07:40:18;697;49,97;
07:40:21;696;49,97;
07:40:30;705;49,96;
07:40:33;698;49,96;
07:40:36;694;49,96;
07:40:39;703;49,97;
07:40:42;708;49,97;
07:40:45;707;49,98;
07:40:48;709;49,98;
07:40:51;703;49,98;
07:40:54;705;49,98;
07:40:57;711;49,98;
07:41:03;710;49,98;
07:41:06;700;49,99;
07:41:09;709;49,99;
07:41:15;712;49,99;
07:41:18;703;49,99;
07:41:21;714;49,99;
07:41:24;715;49,99;
07:41:27;712;49,99;
07:41:30;703;49,98;
07:41:36;716;49,98;
07:41:42;712;49,98;
07:41:45;719;49,98;
07:41:48;723;49,99;
07:41:51;722;49,99;
07:41:54;721;49,99;
07:41:57;717;49,99;
07:42:00;722;49,99;
07:42:03;721;49,99;
07:42:06;717;49,98;
07:42:09;720;49,98;
07:42:15;724;49,98;
07:42:18;726;49,98;
07:42:21;730;49,98;
07:42:24;724;49,98;
07:42:27;725;49,98;
07:42:30;743;49,97;
07:42:33;736;49,97;
07:42:36;726;49,98;
07:42:42;723;49,99;
07:42:45;734;50,00;
07:42:48;742;50,00;
07:42:51;739;50,00;
07:42:54;750;50,00;
07:42:57;749;50,00;
07:43:00;747;50,00;
07:43:03;742;49,99;
07:43:06;740;49,98;
07:43:09;747;49,97;
07:43:12;736;49,96;
07:43:18;749;49,96;
07:43:21;760;49,96;
07:43:24;750;49,96;
07:43:27;739;49,97;
07:43:30;752;49,98;
07:43:33;750;49,98;
07:43:36;736;49,98;
07:43:39;749;49,97;
07:43:42;757;49,97;
07:43:48;746;49,98;
07:43:51;748;49,98;
07:43:54;762;49,98;
07:43:57;763;49,98;
07:44:00;761;49,99;
07:44:03;747;49,99;
07:44:06;760;49,99;
07:44:09;762;50,00;
07:44:12;760;49,99;
07:44:15;749;49,99;
07:44:18;760;49,99;
07:44:21;770;50,00;
07:44:24;762;50,00;
07:44:27;750;49,99;
07:44:33;767;49,98;
07:44:36;756;49,98;
07:44:39;741;49,98;
07:44:42;748;49,98;
07:44:45;750;49,98;
07:44:54;752;49,98;
07:44:57;754;49,99;
07:45:00;758;50,00;
07:45:03;756;50,00;
07:45:06;759;50,00;
07:45:09;757;50,00;
07:45:12;759;49,99;
07:45:15;757;49,99;
07:45:18;759;49,99;
07:45:21;757;49,98;
07:45:24;758;49,98;
07:45:27;754;49,98;
07:45:30;759;49,98;
07:45:33;764;49,98;
07:45:39;755;49,98;
07:45:42;766;49,98;
07:45:45;768;49,98;
07:45:48;761;49,98;
07:45:51;758;49,98;
07:45:54;769;49,98;
07:45:57;767;49,98;
07:46:00;771;49,98;
07:46:02;768;49,98;
07:46:04;764;49,98;
07:46:07;771;49,99;
07:46:13;772;49,99;
07:46:16;775;49,99;
07:46:19;772;49,98;
07:46:22;774;49,98;
07:46:24;775;49,97;
07:46:26;777;49,96;
07:46:29;773;49,96;
07:46:32;777;49,96;
07:46:35;778;49,97;
07:46:38;781;49,97;
07:46:41;779;49,97;
07:46:44;775;49,97;
07:46:47;783;49,96;
07:46:50;781;49,96;
07:46:53;782;49,96;
07:46:56;785;49,96;
07:46:59;782;49,97;
07:47:01;785;49,96;
07:47:03;783;49,97;
07:47:09;785;49,97;
07:47:12;789;49,97;
07:47:15;788;49,98;
07:47:18;789;49,98;
07:47:21;791;49,97;
07:47:24;790;49,98;
07:47:27;792;49,98;
07:47:30;784;49,98;
07:47:33;791;49,97;
07:47:36;798;49,97;
07:47:39;798;49,96;
07:47:42;796;49,96;
07:47:51;798;49,96;
07:47:54;801;49,97;
07:47:57;799;49,97;
07:48:00;796;49,97;
07:48:02;800;49,97;
07:48:04;799;49,97;
07:48:07;799;49,96;
07:48:13;802;49,97;
07:48:16;803;49,97;
07:48:19;801;49,97;
07:48:22;804;49,98;
07:48:25;808;49,98;
07:48:28;806;49,97;
07:48:31;807;49,97;
07:48:37;802;49,97;
07:48:40;810;49,96;
07:48:43;813;49,96;
07:48:46;812;49,96;
07:48:49;806;49,97;
07:48:52;814;49,97;
07:48:58;813;49,98;
07:49:01;810;49,98;
07:49:04;815;49,98;
07:49:07;814;49,98;
07:49:10;817;49,98;
07:49:13;818;49,98;
07:49:16;814;49,98;
07:49:19;820;49,98;
07:49:22;818;49,97;
07:49:25;819;49,97;
07:49:28;820;49,98;
07:49:31;821;49,97;
07:49:34;822;49,97;
07:49:40;820;49,96;
07:49:43;824;49,97;
07:49:46;823;49,98;
07:49:49;825;49,98;
07:49:52;826;49,98;
07:49:58;824;49,99;
07:50:04;829;49,98;
07:50:10;833;49,98;
07:50:13;829;49,98;
07:50:16;833;49,97;
07:50:22;826;49,96;
07:50:25;834;49,96;
07:50:28;836;49,97;
07:50:31;836;49,98;
07:50:34;838;49,98;
07:50:37;837;49,98;
07:50:40;843;49,98;
07:50:43;838;49,97;
07:50:46;841;49,97;
07:50:52;845;49,97;
07:50:55;841;49,98;
07:50:58;834;49,98;
07:51:01;844;49,98;
07:51:04;846;49,98;
07:51:10;843;49,99;
07:51:13;847;49,99;
07:51:16;843;49,98;
07:51:19;846;49,99;
07:51:22;845;49,99;
07:51:25;849;49,99;
07:51:31;846;49,99;
07:51:34;848;49,99;
07:51:37;852;49,99;
07:51:40;848;49,99;
07:51:43;853;49,99;
07:51:46;850;49,99;
07:51:49;853;49,99;
07:51:55;855;49,99;
07:51:58;855;50,00;
07:52:01;861;50,00;
07:52:04;857;50,00;
07:52:07;859;50,00;
07:52:10;857;50,00;
07:52:16;858;50,00;
07:52:19;859;50,00;
07:52:22;857;50,00;
07:52:25;860;50,00;
07:52:28;859;50,00;
07:52:31;864;50,00;
07:52:34;861;50,00;
07:52:37;860;50,00;
07:52:40;855;49,99;
07:52:43;868;49,98;
07:52:46;865;49,98;
07:52:49;854;49,98;
07:52:52;857;49,98;
07:52:54;869;49,99;
07:52:56;867;49,98;
07:53:00;869;49,99;
07:53:04;866;49,99;
07:53:07;871;50,00;
07:53:13;872;50,00;
07:53:20;877;50,00;
07:53:22;871;49,99;
07:53:24;876;49,99;
07:53:27;874;49,98;
07:53:30;870;49,98;
07:53:32;876;49,98;
07:53:34;873;49,98;
07:53:37;879;49,98;
07:53:39;878;49,98;
07:53:41;870;49,98;
07:53:47;873;49,97;
07:53:50;870;49,97;
07:53:52;877;49,97;
07:53:54;886;49,97;
07:53:57;882;49,98;
07:53:59;885;49,98;
07:54:05;887;49,98;
07:54:12;890;49,97;
07:54:17;892;49,97;
07:54:20;888;49,97;
07:54:23;889;49,97;
07:54:27;892;49,98;
07:54:30;893;49,97;
07:54:34;898;49,98;
07:54:41;901;49,98;
07:54:45;906;49,98;
07:54:52;929;49,99;
07:54:54;1042;50,00;
07:54:56;981;50,00;
07:54:59;1049;50,00;
07:55:01;1073;50,00;
07:55:02;1076;50,00;
07:55:06;1088;50,00;
07:55:14;1096;50,00;
07:55:16;1100;50,01;
07:55:18;1085;50,00;
07:55:21;1103;50,00;
07:55:27;1105;50,00;
07:55:33;1146;50,00;
07:55:36;1193;50,00;
07:55:38;1159;50,00;
07:55:41;1197;50,01;
07:55:43;1234;50,01;
07:55:45;1243;50,00;
07:55:48;1261;50,00;
07:55:55;1277;50,00;
07:55:58;1306;50,00;
07:56:02;1327;50,00;
07:56:04;1332;50,00;
07:56:06;1347;50,00;
07:56:09;1361;50,00;
07:56:12;1353;50,00;
07:56:14;1373;50,00;
07:56:16;1358;50,00;
07:56:18;1381;50,00;
07:56:20;1391;50,00;
07:56:23;1387;50,00;
07:56:26;1399;50,00;
07:56:29;1405;50,00;
07:56:32;1414;50,00;
07:56:35;1412;50,00;
07:56:38;1392;50,00;
07:56:43;1377;50,00;
07:56:47;1373;50,00;
07:56:50;1379;50,00;
07:56:57;1389;50,00;
07:56:59;1403;50,00;
07:57:02;1422;50,00;
07:57:06;1423;50,00;
07:57:14;1432;50,00;
07:57:17;1437;50,00;
07:57:21;1438;50,00;
07:57:24;1451;50,00;
07:57:26;1446;50,00;
07:57:30;1451;50,00;
07:57:33;1436;50,00;
07:57:36;1430;49,99;
07:57:38;1400;49,98;
07:57:40;1390;49,99;
07:57:47;1382;49,98;
07:57:52;1392;49,99;
07:57:55;1416;50,00;
07:57:57;1433;50,00;
07:57:59;1462;50,00;
07:58:02;1477;50,00;
07:58:05;1486;50,00;
07:58:07;1491;50,00;
07:58:11;1483;50,01;
07:58:14;1492;50,01;
07:58:17;1491;50,01;
07:58:20;1499;50,01;
07:58:22;1504;50,01;
07:58:28;1504;50,00;
07:58:32;1516;50,00;
07:58:34;1527;50,00;
07:58:42;1526;50,00;
07:58:45;1534;50,00;
07:58:47;1526;50,00;
07:58:52;1515;50,00;
07:58:54;1484;50,00;
07:58:57;1464;50,00;
07:59:05;1467;50,00;
07:59:08;1474;50,00;
07:59:13;1476;50,00;
07:59:16;1493;50,01;
07:59:19;1492;50,01;
07:59:22;1511;50,01;
07:59:25;1529;50,00;
07:59:27;1539;50,00;
07:59:29;1542;50,00;
07:59:31;1556;50,00;
07:59:37;1563;50,00;
07:59:39;1575;50,01;
07:59:40;1573;50,01;
07:59:44;1581;50,01;
07:59:47;1583;50,01;
07:59:50;1584;50,01;
07:59:53;1580;50,01;
07:59:56;1572;50,01;
07:59:59;1569;50,01;
08:00:02;1533;50,01;
08:00:05;1519;50,01;
08:00:07;1499;50,01;
08:00:09;1491;50,01;
08:00:11;1480;50,01;
08:00:13;1483;50,01;
08:00:16;1479;50,01;
08:00:18;1473;50,02;
08:00:24;1440;50,01;
08:00:28;1430;50,01;
08:00:32;1412;50,01;
08:00:37;1386;50,02;
08:00:40;1401;50,02;
08:00:42;1421;50,03;
08:00:49;1453;50,03;
08:00:51;1517;50,02;
08:00:53;1543;50,02;
08:00:55;1571;50,03;
08:00:58;1597;50,03;
08:01:00;1614;50,03;
08:01:02;1630;50,03;
08:01:08;1653;50,03;
08:01:10;1663;50,03;
08:01:16;1665;50,03;
08:01:18;1659;50,03;
08:01:24;1668;50,03;
08:01:28;1670;50,03;
08:01:31;1673;50,03;
08:01:34;1674;50,03;
08:01:38;1672;50,03;
08:01:41;1641;50,03;
08:01:44;1633;50,03;
08:01:47;1618;50,03;
08:01:48;1593;50,03;
08:01:52;1583;50,03;
08:01:56;1556;50,03;
08:02:00;1525;50,03;
08:02:02;1516;50,03;
08:02:04;1497;50,03;
08:02:08;1484;50,03;
08:02:12;1451;50,02;
08:02:15;1431;50,02;
08:02:17;1429;50,02;
08:02:23;1431;50,02;
08:02:27;1410;50,02;
08:02:30;1407;50,02;
08:02:32;1396;50,01;
08:02:34;1375;50,01;
08:02:36;1361;50,01;
08:02:39;1331;50,01;
08:02:41;1314;50,01;
08:02:43;1286;50,01;
08:02:47;1279;50,01;
08:02:53;1259;50,02;
08:02:55;1261;50,01;
08:02:59;1268;50,01;
08:03:03;1255;50,01;
08:03:05;1262;50,01;
08:03:07;1244;50,01;
08:03:13;1230;50,01;
08:03:17;1208;50,01;
08:03:20;1195;50,00;
08:03:22;1190;50,00;
08:03:25;1184;50,00;
08:03:27;1165;50,00;
08:03:34;1138;50,00;
08:03:35;1129;50,00;
08:03:39;1120;50,00;
08:03:42;1109;50,00;
08:03:45;1113;50,00;
08:03:47;1121;50,00;
08:03:51;1127;50,00;
08:03:55;1125;50,01;
08:03:56;1123;50,01;
08:04:01;1142;50,00;
08:04:04;1162;50,00;
08:04:07;1188;50,01;
08:04:09;1248;50,01;
08:04:13;1334;50,01;
08:04:17;1379;50,01;
08:04:19;1424;50,01;
08:04:25;1558;50,01;
08:04:28;1629;50,01;
08:04:32;1665;50,00;
08:04:35;1699;50,00;
08:04:38;1715;50,00;
08:04:42;1713;50,01;
08:04:45;1714;50,01;
08:04:48;1716;50,01;
08:04:55;1714;50,00;
08:04:58;1710;50,00;
08:05:02;1713;50,00;
08:05:08;1711;50,01;
08:05:12;1703;50,01;
08:05:15;1715;50,01;
08:05:18;1723;50,01;
08:05:22;1731;50,01;
08:05:24;1736;50,00;
08:05:29;1743;49,99;
08:05:33;1746;49,99;
08:05:36;1744;49,99;
08:05:39;1743;49,99;
08:05:46;1736;49,99;
08:05:51;1718;50,00;
08:05:57;1714;50,01;
08:06:01;1699;50,01;
08:06:04;1695;50,01;
08:06:07;1680;50,01;
08:06:10;1671;50,00;
08:06:13;1651;50,00;
08:06:16;1598;50,00;
08:06:19;1580;50,00;
08:06:23;1545;49,99;
08:06:26;1501;50,00;
08:06:29;1452;49,99;
08:06:31;1416;49,99;
08:06:34;1294;49,99;
08:06:41;1249;50,00;
08:06:44;1167;50,00;
08:06:47;1107;50,00;
08:06:50;1091;50,00;
08:06:53;1134;50,00;
08:06:59;1382;50,00;
08:07:03;1471;50,00;
08:07:06;1652;50,01;
08:07:09;1755;50,00;
08:07:13;1764;50,00;
08:07:16;1774;50,00;
08:07:19;1780;50,00;
08:07:23;1797;50,00;
08:07:26;1816;49,99;
08:07:29;1831;50,00;
08:07:32;1829;50,00;
08:07:33;1845;50,00;
08:07:39;1844;50,00;
08:07:43;1845;50,00;
08:07:46;1845;49,99;
08:07:49;1842;49,98;
08:07:53;1843;49,98;
08:07:57;1837;49,98;
08:08:00;1850;49,98;
08:08:03;1851;49,98;
08:08:06;1836;49,98;
08:08:09;1822;49,98;
08:08:13;1817;49,99;
08:08:16;1801;50,00;
08:08:19;1782;50,00;
08:08:23;1789;49,99;
08:08:26;1792;49,99;
08:08:27;1749;49,99;
08:08:33;1732;49,99;
08:08:36;1724;49,98;
08:08:39;1711;49,99;
08:08:43;1695;49,99;
08:08:46;1676;49,98;
08:08:50;1656;49,98;
08:08:53;1660;49,98;
08:08:56;1661;49,98;
08:08:59;1620;49,98;
08:09:03;1564;49,99;
08:09:06;1440;49,99;
08:09:09;1383;49,99;
08:09:12;1291;50,00;
08:09:15;1166;50,00;
08:09:18;1095;50,00;
08:09:21;934;50,00;
08:09:22;872;50,00;
08:09:25;822;50,00;
08:09:28;783;50,00;
08:09:34;793;49,99;
08:09:37;821;50,00;
08:09:40;832;50,00;
08:09:43;839;50,00;
08:09:46;834;50,00;
08:09:49;804;49,99;
08:09:54;785;49,99;
08:09:57;750;49,98;
08:10:00;740;49,98;
08:10:03;735;49,99;
08:10:06;736;49,99;
08:10:13;738;50,00;
08:10:16;739;50,00;
08:10:19;736;50,01;
08:10:23;738;50,01;
08:10:26;741;50,00;
08:10:32;746;50,00;
08:10:35;749;50,00;
08:10:38;756;50,00;
08:10:41;776;49,99;
08:10:44;785;49,99;
08:10:47;804;50,00;
08:10:50;813;50,00;
08:10:54;833;50,00;
08:10:57;845;50,00;
08:11:00;858;50,00;
08:11:03;897;49,99;
08:11:06;910;49,98;
08:11:09;934;49,99;
08:11:12;954;50,00;
08:11:15;975;50,00;
08:11:18;1050;50,00;
08:11:22;1231;50,00;
08:11:28;1352;49,99;
08:11:31;1399;50,00;
08:11:32;1484;50,00;
08:11:39;1531;50,00;
08:11:42;1537;50,00;
08:11:45;1563;50,00;
08:11:48;1631;50,00;
08:11:51;1665;50,00;
08:11:52;1691;50,00;
08:11:58;1684;50,00;
08:12:01;1683;50,00;
08:12:02;1661;50,00;
08:12:08;1620;49,99;
08:12:11;1630;49,99;
08:12:12;1681;49,98;
08:12:18;1750;49,98;
08:12:21;1800;49,98;
08:12:22;1865;49,98;
08:12:28;1891;49,98;
08:12:31;1947;49,98;
08:12:32;1964;49,98;
08:12:38;1947;49,98;
08:12:41;1946;49,98;
08:12:44;1957;49,98;
08:12:48;1961;49,98;
08:12:51;1962;49,98;
08:12:54;1963;49,98;
08:12:57;1973;49,98;
08:13:00;1957;49,98;
08:13:03;1970;49,98;
08:13:06;1989;49,99;
08:13:09;1992;49,98;
08:13:12;1999;49,98;
08:13:15;2006;49,98;
08:13:18;2004;49,98;
08:13:21;2018;49,98;
08:13:27;2024;49,98;
08:13:30;2021;49,98;
08:13:36;2040;49,99;
08:13:39;2044;49,99;
08:13:42;2052;49,99;
08:13:45;2059;49,99;
08:13:48;2056;50,00;
08:13:51;2062;50,00;
08:13:54;2066;50,00;
08:13:57;2060;50,00;
08:14:01;2074;50,00;
08:14:07;2071;50,00;
08:14:10;2082;50,00;
08:14:13;2087;50,00;
08:14:16;2080;50,00;
08:14:19;2077;50,00;
08:14:22;2089;49,99;
08:14:25;2086;49,99;
08:14:28;2088;49,99;
08:14:31;2096;49,99;
08:14:34;2101;50,00;
08:14:37;2098;50,00;
08:14:40;2102;50,00;
08:14:43;2091;50,00;
08:14:46;2108;50,00;
08:14:49;2107;50,00;
08:14:52;2114;50,00;
08:14:55;2098;50,00;
08:14:58;2117;50,00;
08:15:04;2122;50,00;
08:15:07;2107;50,00;
08:15:10;2125;50,00;
08:15:13;2126;50,00;
08:15:16;2125;49,99;
08:15:19;2117;49,99;
08:15:22;2118;49,99;
08:15:25;2127;49,98;
08:15:28;2131;49,98;
08:15:31;2129;49,98;
08:15:34;2130;49,97;
08:15:37;2132;49,98;
08:15:40;2123;49,98;
08:15:43;2132;49,98;
08:15:49;2134;49,97;
08:15:52;2135;49,98;
08:15:55;2141;49,97;
08:15:58;2130;49,97;
08:16:01;2145;49,97;
08:16:04;2142;49,97;
08:16:07;2147;49,97;
08:16:10;2151;49,97;
08:16:13;2154;49,97;
08:16:16;2148;49,97;
08:16:19;2158;49,98;
08:16:22;2145;49,98;
08:16:25;2161;49,99;
08:16:28;2155;49,99;
08:16:31;2162;49,99;
08:16:34;2157;50,00;
08:16:37;2166;49,99;
08:16:40;2160;49,99;
08:16:43;2171;49,99;
08:16:46;2159;49,98;
08:16:49;2178;49,98;
08:16:55;2184;49,98;
08:16:58;2171;49,98;
08:17:01;2191;49,98;
08:17:04;2182;49,98;
08:17:07;2198;49,98;
08:17:10;2196;49,98;
08:17:13;2199;49,98;
08:17:16;2203;49,98;
08:17:19;2212;49,96;
08:17:22;2214;49,97;
08:17:25;2198;49,97;
08:17:28;2164;49,97;
08:17:31;2009;49,98;
08:17:34;1886;49,98;
08:17:37;1741;49,97;
08:17:40;1517;49,97;
08:17:43;1372;49,97;
08:17:46;1351;49,97;
08:17:49;1396;49,97;
08:17:52;1447;49,97;
08:17:55;1586;49,97;
08:18:01;1795;49,98;
08:18:04;1863;49,98;
08:18:07;1990;49,98;
08:18:10;2056;49,98;
08:18:13;2133;49,97;
08:18:16;2158;49,97;
08:18:19;2180;49,97;
08:18:22;2191;49,96;
08:18:25;2199;49,96;
08:18:28;2225;49,96;
08:18:31;2222;49,96;
08:18:34;2238;49,96;
08:18:37;2235;49,96;
08:18:40;2238;49,96;
08:18:43;2227;49,96;
08:18:46;2239;49,97;
08:18:49;2238;49,97;
08:18:52;2236;49,97;
08:18:55;2238;49,98;
08:18:58;2227;49,98;
08:19:01;2202;49,99;
08:19:07;2221;50,00;
08:19:10;2238;50,00;
08:19:13;2238;49,99;
08:19:22;2240;49,99;
08:19:25;2231;49,99;
08:19:28;2237;49,99;
08:19:34;2210;50,00;
08:19:37;2237;50,00;
08:19:43;2236;50,00;
08:19:46;2237;50,00;
08:19:49;2229;50,00;
08:19:52;2238;49,98;
08:20:01;2239;49,98;
08:20:04;2241;49,97;
08:20:07;2244;49,98;
08:20:13;2241;49,98;
08:20:16;2246;49,98;
08:20:19;2237;49,97;
08:20:22;2252;49,97;
08:20:25;2249;49,97;
08:20:28;2254;49,97;
08:20:31;2252;49,97;
08:20:34;2246;49,96;
08:20:37;2254;49,97;
08:20:40;2259;49,97;
08:20:43;2262;49,98;
08:20:46;2264;49,98;
08:20:49;2263;49,98;
08:20:52;2262;49,98;
08:20:58;2263;49,97;
08:21:01;2262;49,97;
08:21:07;2265;49,97;
08:21:10;2267;49,97;
08:21:13;2265;49,97;
08:21:16;2254;49,98;
08:21:19;2266;49,98;
08:21:22;2265;49,99;
08:21:25;2268;49,99;
08:21:28;2273;49,99;
08:21:31;2278;49,98;
08:21:34;2282;49,98;
08:21:37;2287;49,98;
08:21:40;2265;49,98;
08:21:43;2300;49,99;
08:21:46;2308;49,99;
08:21:49;2311;49,99;
08:21:52;2321;50,00;
08:21:55;2323;50,00;
08:21:58;2334;49,99;
08:22:04;2345;49,99;
08:22:07;2349;49,99;
08:22:10;2346;49,99;
08:22:13;2353;49,99;
08:22:16;2354;49,99;
08:22:19;2358;49,99;
08:22:22;2354;49,99;
08:22:25;2348;49,99;
08:22:28;2356;49,99;
08:22:31;2361;49,99;
08:22:34;2350;49,99;
08:22:37;2365;49,99;
08:22:40;2356;49,99;
08:22:43;2368;49,99;
08:22:49;2373;49,99;
08:22:52;2364;49,99;
08:22:55;2366;49,99;
08:23:01;2378;49,99;
08:23:04;2366;50,00;
08:23:10;2368;49,99;
08:23:13;2381;49,99;
08:23:16;2370;49,98;
08:23:19;2380;49,98;
08:23:22;2373;49,97;
08:23:25;2383;49,97;
08:23:31;2370;49,97;
08:23:34;2372;49,98;
08:23:37;2386;49,98;
08:23:40;2373;49,98;
08:23:43;2387;49,98;
08:23:46;2378;49,98;
08:23:49;2392;49,98;
08:23:55;2396;49,98;
08:23:58;2386;49,98;
08:24:01;2398;49,98;
08:24:04;2392;49,98;
08:24:07;2402;49,97;
08:24:10;2390;49,98;
08:24:16;2396;49,97;
08:24:19;2405;49,97;
08:24:22;2394;49,97;
08:24:25;2413;49,98;
08:24:31;2420;49,98;
08:24:34;2425;49,97;
08:24:37;2412;49,97;
08:24:40;2432;49,97;
08:24:43;2434;49,96;
08:24:46;2426;49,97;
08:24:49;2443;49,97;
08:24:55;2449;49,97;
08:25:01;2455;49,97;
08:25:04;2456;49,97;
08:25:10;2457;49,98;
08:25:13;2459;49,98;
08:25:16;2458;49,98;
08:25:19;2461;49,98;
08:25:22;2454;49,97;
08:25:25;2455;49,97;
08:25:28;2461;49,97;
08:25:34;2463;49,97;
08:25:37;2454;49,96;
08:25:40;2467;49,96;
08:25:43;2468;49,96;
08:25:49;2454;49,96;
08:25:52;2472;49,96;
08:25:58;2476;49,96;
08:26:01;2460;49,96;
08:26:07;2479;49,97;
08:26:13;2462;49,96;
08:26:16;2480;49,96;
08:26:19;2481;49,96;
08:26:22;2483;49,96;
08:26:28;2468;49,96;
08:26:31;2487;49,96;
08:26:34;2490;49,96;
08:26:37;2475;49,96;
08:26:40;2493;49,96;
08:26:43;2488;49,96;
08:26:46;2489;49,96;
08:26:49;2489;49,97;
08:26:55;2485;49,98;
08:26:58;2490;49,98;
08:27:01;2478;49,98;
08:27:04;2492;49,97;
08:27:07;2487;49,97;
08:27:13;2483;49,97;
08:27:16;2484;49,97;
08:27:19;2480;49,98;
08:27:22;2491;49,98;
08:27:25;2487;49,98;
08:27:28;2477;49,98;
08:27:31;2483;49,98;
08:27:34;2474;49,98;
08:27:37;2473;49,99;
08:27:40;2459;49,99;
08:27:43;2470;49,98;
08:27:46;2466;49,98;
08:27:49;2476;49,98;
08:27:52;2468;49,98;
08:27:55;2481;49,98;
08:27:58;2484;49,98;
08:28:01;2495;49,98;
08:28:04;2488;49,99;
08:28:07;2500;50,00;
08:28:10;2495;50,00;
08:28:13;2510;50,00;
08:28:19;2520;49,99;
08:28:22;2519;49,99;
08:28:25;2533;49,98;
08:28:28;2525;49,98;
08:28:31;2543;49,98;
08:28:34;2538;49,97;
08:28:37;2544;49,98;
08:28:40;2544;49,97;
08:28:43;2548;49,97;
08:28:46;2543;49,98;
08:28:49;2552;49,98;
08:28:52;2543;49,98;
08:28:55;2554;49,98;
08:28:58;2548;49,98;
08:29:01;2556;49,98;
08:29:04;2549;49,98;
08:29:07;2568;49,98;
08:29:10;2565;49,98;
08:29:13;2580;49,99;
08:29:16;2572;49,98;
08:29:19;2584;49,98;
08:29:22;2587;49,98;
08:29:25;2581;49,98;
08:29:28;2579;49,97;
08:29:31;2589;49,97;
08:29:34;2584;49,97;
08:29:37;2585;49,97;
08:29:40;2581;49,97;
08:29:43;2591;49,97;
08:29:46;2590;49,97;
08:29:49;2592;49,98;
08:29:52;2588;49,98;
08:29:55;2602;49,98;
08:29:58;2598;49,99;
08:30:01;2606;49,99;
08:30:04;2600;50,00;
08:30:10;2600;49,99;
08:30:13;2609;49,99;
08:30:16;2597;49,99;
08:30:19;2597;49,98;
08:30:22;2591;49,98;
08:30:25;2596;49,99;
08:30:28;2592;49,99;
08:30:31;2586;49,99;
08:30:34;2566;50,00;
08:30:37;2565;50,00;
08:30:40;2529;49,99;
08:30:43;2505;49,99;
08:30:46;2484;49,98;
08:30:49;2478;49,98;
08:30:52;2477;49,97;
08:30:55;2478;49,96;
08:30:58;2493;49,96;
08:31:01;2483;49,97;
08:31:04;2480;49,98;
08:31:07;2476;49,98;
08:31:10;2532;49,98;
08:31:16;2557;49,98;
08:31:19;2562;49,98;
08:31:22;2613;49,97;
08:31:25;2614;49,96;
08:31:28;2636;49,96;
08:31:31;2629;49,96;
08:31:34;2644;49,96;
08:31:37;2650;49,96;
08:31:40;2661;49,96;
08:31:43;2655;49,96;
08:31:46;2673;49,96;
08:31:49;2662;49,96;
08:31:52;2679;49,97;
08:31:55;2672;49,97;
08:31:58;2683;49,97;
08:32:01;2677;49,97;
08:32:04;2693;49,98;
08:32:07;2683;49,98;
08:32:10;2698;49,98;
08:32:13;2688;49,98;
08:32:16;2699;49,98;
08:32:22;2704;49,98;
08:32:25;2702;49,98;
08:32:28;2712;49,98;
08:32:31;2703;49,97;
08:32:34;2717;49,98;
08:32:37;2720;49,98;
08:32:40;2708;49,98;
08:32:43;2722;49,98;
08:32:46;2727;49,99;
08:32:49;2728;49,99;
08:32:52;2731;49,99;
08:32:55;2731;49,98;
08:32:58;2735;49,98;
08:33:01;2734;49,98;
08:33:04;2722;49,98;
08:33:07;2733;49,98;
08:33:16;2735;49,98;
08:33:19;2734;49,98;
08:33:22;2736;49,98;
08:33:28;2741;49,98;
08:33:34;2746;49,99;
08:33:37;2748;49,99;
08:33:40;2754;49,99;
08:33:43;2752;49,99;
08:33:46;2757;49,99;
08:33:49;2761;49,99;
08:33:52;2769;49,99;
08:33:55;2756;49,98;
08:33:58;2774;49,98;
08:34:01;2778;49,98;
08:34:04;2764;49,98;
08:34:07;2780;49,98;
08:34:13;2784;49,98;
08:34:16;2769;49,98;
08:34:19;2786;49,98;
08:34:22;2785;49,98;
08:34:25;2791;49,98;
08:34:28;2775;49,98;
08:34:31;2792;49,98;
08:34:34;2793;49,98;
08:34:37;2795;49,98;
08:34:40;2780;49,98;
08:34:43;2796;49,98;
08:34:46;2793;49,97;
08:34:49;2799;49,97;
08:34:52;2783;49,97;
08:34:55;2801;49,98;
08:34:58;2801;49,97;
08:35:01;2806;49,98;
08:35:04;2790;49,98;
08:35:07;2806;49,98;
08:35:10;2803;49,98;
08:35:13;2809;49,98;
08:35:19;2810;49,99;
08:35:22;2815;49,99;
08:35:25;2811;49,99;
08:35:28;2797;49,99;
08:35:31;2815;49,99;
08:35:34;2819;49,99;
08:35:37;2815;49,99;
08:35:40;2826;49,98;
08:35:46;2824;49,98;
08:35:49;2825;49,98;
08:35:52;2827;49,98;
08:35:55;2827;49,99;
08:35:58;2828;49,99;
08:36:01;2830;49,99;
08:36:04;2831;50,00;
08:36:07;2834;50,00;
08:36:10;2835;50,00;
08:36:13;2839;50,00;
08:36:16;2842;50,00;
08:36:19;2842;49,99;
08:36:25;2848;49,99;
08:36:28;2850;49,98;
08:36:31;2853;49,97;
08:36:34;2855;49,96;
08:36:37;2857;49,96;
08:36:40;2858;49,96;
08:36:43;2851;49,96;
08:36:46;2861;49,96;
08:36:49;2866;49,96;
08:36:55;2868;49,96;
08:37:01;2866;49,97;
08:37:04;2871;49,97;
08:37:07;2857;49,97;
08:37:10;2878;49,97;
08:37:13;2881;49,98;
08:37:16;2883;49,97;
08:37:19;2885;49,97;
08:37:22;2885;49,96;
08:37:25;2883;49,96;
08:37:31;2890;49,96;
08:37:34;2892;49,97;
08:37:37;2887;49,97;
08:37:40;2892;49,98;
08:37:43;2894;49,98;
08:37:46;2898;49,98;
08:37:49;2900;49,98;
08:37:52;2895;49,98;
08:37:55;2901;50,00;
08:37:58;2910;50,00;
08:38:01;2916;50,00;
08:38:04;2922;50,00;
08:38:07;2909;50,01;
08:38:10;2933;50,00;
08:38:13;2935;50,00;
08:38:16;2939;49,98;
08:38:19;2934;49,97;
08:38:22;2947;49,98;
08:38:25;2949;49,98;
08:38:28;2958;49,98;
08:38:31;2928;49,98;
08:38:34;2959;49,98;
08:38:37;2965;49,98;
08:38:40;2972;49,98;
08:38:43;2966;49,98;
08:38:46;2980;49,98;
08:38:49;2983;49,98;
08:38:55;2983;49,97;
08:38:58;2971;49,97;
08:39:01;2986;49,97;
08:39:04;2991;49,97;
08:39:07;2996;49,97;
08:39:10;2997;49,98;
08:39:13;2998;49,98;
08:39:16;3001;49,98;
08:39:22;3006;49,97;
08:39:25;3007;49,97;
08:39:28;3011;49,97;
08:39:31;3008;49,96;
08:39:34;3011;49,96;
08:39:37;3012;49,97;
08:39:40;3016;49,97;
08:39:43;3015;49,98;
08:39:46;3019;49,98;
08:39:49;3020;49,98;
08:39:55;3022;49,99;
08:39:58;3024;50,00;
08:40:01;3025;50,00;
08:40:04;3024;50,00;
08:40:07;3031;50,00;
08:40:10;3035;50,00;
08:40:13;3038;50,00;
08:40:16;3042;49,99;
08:40:19;3045;49,99;
08:40:22;3050;49,98;
08:40:28;3051;49,98;
08:40:31;3057;49,98;
08:40:34;3064;49,98;
08:40:37;3063;49,98;
08:40:40;3061;49,98;
08:40:43;3071;49,98;
08:40:46;3066;49,98;
08:40:49;3075;49,97;
08:40:52;3072;49,98;
08:40:55;3085;49,98;
08:41:01;3095;49,99;
08:41:04;3089;49,99;
08:41:07;3102;49,98;
08:41:10;3105;49,98;
08:41:13;3108;49,98;
08:41:16;3094;49,98;
08:41:19;3108;49,98;
08:41:22;3111;49,98;
08:41:25;3113;49,98;
08:41:28;3108;49,98;
08:41:34;3114;49,97;
08:41:37;3121;49,97;
08:41:40;3112;49,98;
08:41:43;3125;49,98;
08:41:46;3121;49,98;
08:41:49;3129;49,98;
08:41:52;3130;49,98;
08:41:55;3120;49,98;
08:41:58;3124;49,98;
08:42:01;3132;49,98;
08:42:04;3121;49,99;
08:42:07;3134;49,99;
08:42:10;3127;49,99;
08:42:13;3136;49,99;
08:42:16;3138;49,99;
08:42:19;3140;49,99;
08:42:22;3131;49,98;
08:42:25;3144;49,98;
08:42:28;3141;49,99;
08:42:34;3135;49,99;
08:42:40;3149;49,99;
08:42:43;3144;49,99;
08:42:46;3150;49,99;
08:42:49;3157;49,99;
08:42:52;3167;50,00;
08:42:55;3153;49,99;
08:42:58;3168;49,99;
08:43:01;3170;49,99;
08:43:04;3175;49,99;
08:43:07;3178;49,99;
08:43:10;3181;49,99;
08:43:13;3184;49,99;
08:43:16;3186;49,98;
08:43:19;3189;49,98;
08:43:25;3195;49,97;
08:43:28;3198;49,97;
08:43:34;3204;49,98;
08:43:37;3207;49,98;
08:43:40;3206;49,98;
08:43:43;3205;49,99;
08:43:46;3199;49,98;
08:43:49;3203;49,98;
08:43:52;3213;49,98;
08:43:55;3203;49,98;
08:43:58;3216;49,98;
08:44:01;3204;49,98;
08:44:04;3219;49,99;
08:44:10;3221;49,99;
08:44:13;3210;50,00;
08:44:16;3224;50,00;
08:44:19;3220;49,99;
08:44:22;3228;49,99;
08:44:25;3214;49,99;
08:44:31;3225;49,98;
08:44:34;3233;49,97;
08:44:37;3219;49,97;
08:44:40;3235;49,97;
08:44:43;3230;49,97;
08:44:46;3236;49,98;
08:44:49;3239;49,98;
08:44:52;3224;49,97;
08:44:55;3236;49,98;
08:44:58;3244;49,98;
08:45:01;3232;49,99;
08:45:04;3248;50,00;
08:45:07;3247;50,00;
08:45:10;3255;50,00;
08:45:13;3260;50,00;
08:45:16;3264;50,00;
08:45:19;3263;50,00;
08:45:22;3268;49,99;
08:45:25;3253;49,98;
08:45:28;3269;49,98;
08:45:31;3271;49,97;
08:45:37;3260;49,97;
08:45:40;3279;49,97;
08:45:43;3285;49,97;
08:45:46;3278;49,97;
08:45:52;3281;49,97;
08:45:55;3289;49,97;
08:45:58;3293;49,97;
08:46:01;3260;49,98;
08:46:04;3246;49,98;
08:46:07;3271;49,98;
08:46:10;3291;49,98;
08:46:13;3293;49,98;
08:46:16;3276;49,98;
08:46:19;3293;49,98;
08:46:22;3291;49,97;
08:46:25;3293;49,96;
08:46:28;3260;49,96;
08:46:31;3298;49,96;
08:46:34;3296;49,97;
08:46:37;3302;49,97;
08:46:43;3307;49,98;
08:46:46;3304;49,97;
08:46:49;3312;49,98;
08:46:52;3309;49,97;
08:46:55;3318;49,98;
08:46:58;3313;49,98;
08:47:01;3323;49,97;
08:47:04;3326;49,97;
08:47:07;3333;49,97;
08:47:10;3329;49,97;
08:47:13;3339;49,97;
08:47:16;3334;49,97;
08:47:19;3345;49,98;
08:47:22;3342;49,98;
08:47:25;3349;49,98;
08:47:28;3343;49,98;
08:47:31;3353;49,98;
08:47:34;3355;49,98;
08:47:37;3354;49,97;
08:47:40;3353;49,96;
08:47:43;3366;49,96;
08:47:46;3369;49,97;
08:47:49;3371;49,97;
08:47:52;3369;49,98;
08:47:55;3375;49,98;
08:47:58;3372;49,99;
08:48:01;3385;49,99;
08:48:04;3380;50,00;
08:48:07;3389;50,00;
08:48:10;3392;50,00;
08:48:13;3399;50,00;
08:48:16;3393;50,00;
08:48:19;3398;49,99;
08:48:22;3398;49,98;
08:48:25;3403;49,98;
08:48:28;3389;49,98;
08:48:34;3409;49,98;
08:48:37;3406;49,97;
08:48:40;3398;49,97;
08:48:43;3405;49,97;
08:48:46;3423;49,97;
08:48:49;3415;49,97;
08:48:52;3422;49,97;
08:48:55;3414;49,98;
08:48:58;3430;49,98;
08:49:01;3429;49,98;
08:49:04;3436;49,98;
08:49:07;3440;49,98;
08:49:10;3445;49,98;
08:49:13;3532;49,98;
08:49:16;3458;49,97;
08:49:19;3531;49,97;
08:49:22;3548;49,97;
08:49:25;3466;49,98;
08:49:28;3559;49,98;
08:49:31;3554;49,99;
08:49:34;3569;49,99;
08:49:40;3573;49,98;
08:49:46;3585;49,99;
08:49:49;3594;49,99;
08:49:52;3598;50,00;
08:49:55;3596;50,00;
08:49:58;3598;50,00;
08:50:01;3596;49,99;
08:50:04;3585;49,99;
08:50:07;3574;49,98;
08:50:10;3590;49,98;
08:50:13;3587;49,98;
08:50:16;3606;49,98;
08:50:19;3605;49,99;
08:50:22;3614;49,99;
08:50:25;3632;49,99;
08:50:28;3642;50,00;
08:50:31;3586;50,00;
08:50:34;3658;50,00;
08:50:37;3661;50,00;
08:50:46;3663;49,98;
08:50:49;3668;49,98;
08:50:52;3661;49,98;
08:50:55;3655;49,99;
08:50:58;3675;49,99;
08:51:01;3686;49,99;
08:51:04;3678;49,99;
08:51:07;3692;49,98;
08:51:10;3685;49,99;
08:51:13;3683;49,99;
08:51:16;3684;49,99;
08:51:19;3690;49,99;
08:51:22;3702;49,99;
08:51:25;3706;49,99;
08:51:28;3689;49,98;
08:51:31;3710;49,99;
08:51:34;3714;50,00;
08:51:37;3715;50,00;
08:51:40;3723;50,00;
08:51:43;3725;50,00;
08:51:46;3733;49,99;
08:51:52;3750;49,99;
08:51:55;3755;49,99;
08:51:58;3763;49,98;
08:52:01;3764;49,98;
08:52:04;3739;49,98;
08:52:07;3772;49,98;
08:52:10;3750;49,98;
08:52:13;3776;49,98;
08:52:16;3757;49,98;
08:52:19;3780;49,98;
08:52:22;3760;49,99;
08:52:25;3786;49,98;
08:52:28;3781;49,98;
08:52:31;3798;49,97;
08:52:37;3809;49,97;
08:52:40;3815;49,97;
08:52:43;3820;49,97;
08:52:46;3807;49,97;
08:52:49;3829;49,97;
08:52:52;3847;49,98;
08:52:55;3836;49,98;
08:52:58;3851;49,98;
08:53:01;3863;49,98;
08:53:04;3854;49,98;
08:53:07;3878;49,98;
08:53:10;3860;49,98;
08:53:13;3892;49,98;
08:53:16;3881;49,97;
08:53:19;3899;49,98;
08:53:22;3875;49,97;
08:53:25;3911;49,96;
08:53:28;3902;49,96;
08:53:31;3918;49,97;
08:53:34;3891;49,97;
08:53:37;3926;49,97;
08:53:43;3935;49,97;
08:53:46;3911;49,97;
08:53:49;3942;49,98;
08:53:52;3944;49,98;
08:53:55;3955;50,00;
08:53:58;3951;50,00;
08:54:01;3934;50,00;
08:54:04;3962;50,00;
08:54:07;3969;49,99;
08:54:10;3971;49,99;
08:54:13;3976;49,98;
08:54:16;3981;49,97;
08:54:19;3987;49,96;
08:54:22;3990;49,97;
08:54:25;3970;49,97;
08:54:28;3994;49,96;
08:54:31;3997;49,97;
08:54:34;4000;49,97;
08:54:37;4001;49,97;
08:54:43;4003;49,97;
08:54:49;4010;49,97;
08:54:52;4017;49,97;
08:54:55;4024;49,98;
08:54:58;4034;49,98;
08:55:01;4042;49,98;
08:55:04;4044;49,98;
08:55:07;4041;49,98;
08:55:10;4048;49,98;
08:55:13;4053;49,98;
08:55:16;4047;49,98;
08:55:19;4068;49,97;
08:55:22;4078;49,97;
08:55:25;4080;49,97;
08:55:28;4083;49,97;
08:55:31;4090;49,97;
08:55:34;4098;49,97;
08:55:37;4096;49,98;
08:55:40;4100;49,98;
08:55:43;4104;49,99;
08:55:46;4102;49,99;
08:55:49;4096;50,00;
08:55:55;4108;49,99;
08:55:58;4108;49,98;
08:56:01;4100;49,98;
08:56:04;4114;49,97;
08:56:07;4106;49,96;
08:56:10;4106;49,97;
08:56:16;4098;49,97;
08:56:19;4086;49,97;
08:56:22;4108;49,97;
08:56:25;4098;49,96;
08:56:28;4112;49,96;
08:56:31;4108;49,95;
08:56:34;4120;49,95;
08:56:46;4118;49,96;
08:56:49;4116;49,96;
08:56:52;4108;49,97;
08:56:55;4104;49,96;
08:56:58;4085;49,96;
08:57:01;4096;49,96;
08:57:04;4085;49,96;
08:57:07;4080;49,97;
08:57:10;4070;49,97;
08:57:13;4066;49,98;
08:57:16;4062;49,97;
08:57:19;4067;49,98;
08:57:22;4053;49,98;
08:57:25;4076;49,98;
08:57:28;4070;49,98;
08:57:34;4051;49,98;
08:57:37;4033;49,98;
08:57:40;3981;49,98;
08:57:46;3942;49,98;
08:57:49;3943;49,98;
08:57:52;3918;49,98;
08:57:55;3895;49,98;
08:57:58;3850;49,98;
08:58:01;3870;49,98;
08:58:04;3892;49,98;
08:58:07;3948;49,98;
08:58:10;4028;49,97;
08:58:13;4048;49,97;
08:58:16;4060;49,97;
08:58:19;4042;49,97;
08:58:22;3926;49,97;
08:58:25;3801;49,97;
08:58:28;3599;49,97;
08:58:31;3085;49,98;
08:58:34;2817;49,98;
08:58:37;2736;49,98;
08:58:40;2087;49,98;
08:58:43;1767;49,98;
08:58:46;1777;49,98;
08:58:52;1743;49,98;
08:58:55;1618;49,98;
08:58:58;1983;49,97;
08:59:01;2444;49,98;
08:59:04;3171;49,98;
08:59:07;3145;49,98;
08:59:10;2917;49,98;
08:59:13;2612;49,98;
08:59:16;1787;49,97;
08:59:19;1605;49,97;
08:59:22;1446;49,97;
08:59:25;1601;49,97;
08:59:28;2292;49,98;
08:59:31;2593;49,98;
08:59:34;2715;49,98;
08:59:37;2848;49,98;
08:59:40;3155;49,98;
08:59:43;3338;49,98;
08:59:46;3850;49,98;
08:59:49;3996;49,99;
08:59:52;4118;49,99;
08:59:58;4218;49,99;
09:00:01;4234;49,99;
09:00:04;4128;49,98;
09:00:07;4184;49,98;
09:00:10;4294;49,97;
09:00:13;4290;49,97;
09:00:16;4284;49,97;
09:00:19;4270;49,96;
09:00:22;4244;49,96;
09:00:25;4260;49,96;
09:00:28;4258;49,97;
09:00:31;4268;49,96;
09:00:34;4260;49,96;
09:00:37;4286;49,96;
09:00:40;4298;49,95;
09:00:43;4316;49,96;
09:00:46;4312;49,95;
09:00:49;4346;49,95;
09:00:52;4370;49,96;
09:00:55;4374;49,96;
09:00:58;4378;49,96;
09:01:04;4388;49,96;
09:01:07;4400;49,96;
09:01:10;4412;49,97;
09:01:13;4386;49,97;
09:01:16;4408;49,97;
09:01:19;4394;49,97;
09:01:22;4404;49,96;
09:01:25;4400;49,96;
09:01:28;4398;49,96;
09:01:31;4386;49,96;
09:01:34;4390;49,96;
09:01:37;4372;49,96;
09:01:40;4390;49,96;
09:01:43;4388;49,95;
09:01:49;4376;49,96;
09:01:52;4400;49,96;
09:01:55;4380;49,96;
09:01:58;4410;49,96;
09:02:01;4396;49,96;
09:02:04;4424;49,96;
09:02:07;4432;49,96;
09:02:10;4424;49,96;
09:02:13;4416;49,96;
09:02:16;4434;49,97;
09:02:19;4422;49,96;
09:02:22;4438;49,96;
09:02:25;4428;49,96;
09:02:28;4458;49,96;
09:02:31;4462;49,96;
09:02:34;4470;49,96;
09:02:37;4452;49,96;
09:02:40;4472;49,95;
09:02:43;4460;49,96;
09:02:46;4466;49,95;
09:02:49;4434;49,95;
09:02:55;4444;49,95;
09:02:58;4468;49,95;
09:03:01;4486;49,95;
09:03:04;4514;49,96;
09:03:07;4534;49,96;
09:03:10;4550;49,96;
09:03:13;4562;49,97;
09:03:16;4554;49,97;
09:03:19;4584;49,97;
09:03:22;4600;49,96;
09:03:25;4592;49,96;
09:03:28;4612;49,96;
09:03:31;4610;49,96;
09:03:34;4626;49,96;
09:03:37;4628;49,96;
09:03:40;4634;49,96;
09:03:43;4640;49,96;
09:03:46;4654;49,96;
09:03:49;4612;49,96;
09:03:52;4658;49,96;
09:03:55;4650;49,96;
09:04:01;4662;49,96;
09:04:04;4674;49,96;
09:04:07;4686;49,96;
09:04:10;4676;49,96;
09:04:13;4682;49,97;
09:04:16;4674;49,97;
09:04:19;4690;49,97;
09:04:22;4694;49,97;
09:04:25;4706;49,97;
09:04:28;4692;49,96;
09:04:31;4712;49,96;
09:04:34;4706;49,97;
09:04:37;4718;49,97;
09:04:40;4696;49,97;
09:04:43;4722;49,96;
09:04:46;4720;49,96;
09:04:49;4732;49,96;
09:04:52;4714;49,97;
09:04:55;4738;49,97;
09:05:01;4754;49,98;
09:05:07;4764;49,99;
09:05:10;4760;50,00;
09:05:13;4770;50,00;
09:05:16;4756;50,00;
09:05:19;4780;50,00;
09:05:22;4778;50,00;
09:05:25;4790;50,00;
09:05:28;4796;50,00;
09:05:31;4798;50,00;
09:05:34;4804;50,00;
09:05:37;4818;49,99;
09:05:40;4804;49,99;
09:05:43;4826;49,99;
09:05:46;4824;49,99;
09:05:52;4816;50,00;
09:05:55;4832;50,00;
09:05:58;4838;50,00;
09:06:01;4836;49,99;
09:06:04;4830;49,99;
09:06:07;4838;49,99;
09:06:10;4846;49,99;
09:06:13;4848;49,98;
09:06:16;4848;49,97;
09:06:19;4838;49,98;
09:06:22;4864;49,97;
09:06:25;4860;49,97;
09:06:28;4866;49,98;
09:06:31;4836;49,98;
09:06:34;4858;49,99;
09:06:37;4852;49,99;
09:06:40;4864;49,99;
09:06:43;4840;49,99;
09:06:46;4874;49,99;
09:06:49;4876;49,99;
09:06:52;4892;49,97;
09:06:58;4908;49,96;
09:07:01;4904;49,96;
09:07:04;4908;49,97;
09:07:07;4880;49,97;
09:07:10;4910;49,98;
09:07:13;4906;49,99;
09:07:16;4908;49,99;
09:07:19;4912;50,00;
09:07:22;4922;50,00;
09:07:28;4948;49,99;
09:07:31;4938;49,99;
09:07:34;4976;49,98;
09:07:40;4994;49,98;
09:07:43;4984;49,98;
09:07:46;5008;49,98;
09:07:49;4996;49,98;
09:07:52;5004;49,98;
09:07:55;4996;49,98;
09:07:58;5016;49,99;
09:08:04;5032;49,98;
09:08:07;5036;49,98;
09:08:10;5058;49,98;
09:08:13;5072;49,98;
09:08:16;5078;49,99;
09:08:19;5052;49,99;
09:08:22;5080;49,99;
09:08:25;5086;49,99;
09:08:28;5090;49,99;
09:08:31;5060;49,98;
09:08:34;5084;49,98;
09:08:37;5074;49,98;
09:08:40;5094;49,98;
09:08:43;5068;49,98;
09:08:46;5102;49,98;
09:08:49;5096;49,98;
09:08:52;5042;49,98;
09:08:55;4928;49,98;
09:08:58;4828;49,98;
09:09:01;4792;49,99;
09:09:04;4692;49,98;
09:09:10;4586;49,98;
09:09:13;4782;49,98;
09:09:16;4966;49,97;
09:09:19;4816;49,97;
09:09:22;4388;49,97;
09:09:25;4132;49,97;
09:09:28;3868;49,97;
09:09:31;3704;49,97;
09:09:34;4384;49,97;
09:09:37;4536;49,97;
09:09:40;4112;49,98;
09:09:43;3924;49,98;
09:09:46;3715;49,98;
09:09:49;3471;49,99;
09:09:52;3250;50,00;
09:09:55;3113;50,00;
09:09:58;3439;50,00;
09:10:01;3681;50,00;
09:10:04;3993;50,00;
09:10:07;3980;50,00;
09:10:10;4005;50,00;
09:10:13;4246;50,00;
09:10:16;4596;49,99;
09:10:19;4350;49,99;
09:10:22;4064;49,99;
09:10:25;4266;49,99;
09:10:28;4508;49,99;
09:10:31;4744;49,99;
09:10:34;4616;49,99;
09:10:37;4512;49,98;
09:10:40;4694;49,98;
09:10:43;4902;49,99;
09:10:46;4694;50,00;
09:10:49;4360;50,00;
09:10:52;4480;50,01;
09:10:55;4988;50,01;
09:11:01;5228;50,01;
09:11:04;5238;50,01;
09:11:07;5166;50,00;
09:11:10;5140;50,00;
09:11:13;5184;49,99;
09:11:16;5162;49,99;
09:11:19;5128;49,99;
09:11:22;5138;49,99;
09:11:25;5254;49,99;
09:11:28;5256;49,99;
09:11:31;4976;50,00;
09:11:34;4728;50,00;
09:11:37;4294;50,01;
09:11:40;4258;50,01;
09:11:43;4210;50,01;
09:11:46;4146;50,00;
09:11:49;4274;50,00;
09:11:52;4564;50,01;
09:11:55;4864;50,01;
09:11:58;4714;50,01;
09:12:01;4784;50,01;
09:12:07;5274;50,01;
09:12:10;5302;50,01;
09:12:13;5274;50,02;
09:12:16;5132;50,01;
09:12:19;4960;50,01;
09:12:22;5064;50,01;
09:12:25;5194;50,00;
09:12:28;5346;50,00;
09:12:31;5356;50,00;
09:12:34;5368;50,00;
09:12:37;5322;50,00;
09:12:40;5182;50,01;
09:12:43;4924;50,01;
09:12:46;4796;50,00;
09:12:49;4784;50,00;
09:12:52;4774;49,99;
09:12:55;4598;50,00;
09:12:58;4804;49,99;
09:13:01;4582;50,00;
09:13:04;3970;50,00;
09:13:07;3315;50,00;
09:13:13;4276;50,00;
09:13:16;3849;50,00;
09:13:19;3461;50,00;
09:13:22;3496;49,99;
09:13:25;3362;50,00;
09:13:28;3366;49,99;
09:13:31;3680;50,00;
09:13:34;4071;50,00;
09:13:37;4378;50,00;
09:13:40;4340;50,00;
09:13:43;4162;50,00;
09:13:46;4019;49,99;
09:13:49;3480;50,00;
09:13:52;3130;50,00;
09:13:55;2888;50,00;
09:13:58;2886;50,01;
09:14:01;3640;50,01;
09:14:04;3913;50,01;
09:14:07;4031;50,01;
09:14:10;4216;50,01;
09:14:13;3930;50,01;
09:14:19;2857;50,01;
09:14:22;2776;50,00;
09:14:25;2919;50,00;
09:14:28;2797;50,00;
09:14:31;2384;50,01;
09:14:34;2350;50,01;
09:14:37;2320;50,01;
09:14:40;2201;50,01;
09:14:43;1907;50,00;
09:14:46;1988;50,01;
09:14:49;2239;50,00;
09:14:52;2744;50,00;
09:14:55;2902;50,01;
09:14:58;3269;50,01;
09:15:04;3267;50,01;
09:15:07;3172;50,01;
09:15:10;2421;50,01;
09:15:13;2137;50,01;
09:15:16;2126;50,00;
09:15:19;2142;50,00;
09:15:22;2171;50,01;
09:15:25;2501;50,01;
09:15:28;4534;50,00;
09:15:31;4710;49,99;
09:15:34;4015;49,99;
09:15:37;3944;49,98;
09:15:40;4412;49,97;
09:15:43;4446;49,97;
09:15:46;4556;49,97;
09:15:49;5134;49,97;
09:15:52;5276;49,97;
09:15:55;5274;49,98;
09:15:58;5272;49,98;
09:16:01;5274;49,98;
09:16:04;5258;49,98;
09:16:10;5022;49,98;
09:16:13;4964;49,98;
09:16:16;5138;49,98;
09:16:19;5146;49,98;
09:16:22;5196;49,98;
09:16:25;5212;49,98;
09:16:28;5208;49,98;
09:16:31;5216;49,98;
09:16:34;5206;49,97;
09:16:37;5194;49,97;
09:16:40;5166;49,96;
09:16:43;5156;49,96;
09:16:46;5180;49,96;
09:16:49;5188;49,96;
09:16:52;5174;49,96;
09:16:55;5186;49,97;
09:16:58;5196;49,96;
09:17:01;5192;49,96;
09:17:04;5186;49,97;
09:17:07;5196;49,97;
09:17:10;5202;49,97;
09:17:16;5196;49,96;
09:17:19;5198;49,96;
09:17:22;5172;49,96;
09:17:25;5176;49,96;
09:17:28;5174;49,96;
09:17:31;5198;49,96;
09:17:34;5202;49,96;
09:17:37;5182;49,96;
09:17:40;5160;49,96;
09:17:43;5162;49,96;
09:17:46;5106;49,97;
09:17:49;5128;49,97;
09:17:52;5148;49,97;
09:17:55;5176;49,97;
09:17:58;5182;49,98;
09:18:01;5196;49,98;
09:18:04;5212;49,99;
09:18:07;5236;49,99;
09:18:10;5230;50,00;
09:18:13;5252;49,99;
09:18:16;5248;49,99;
09:18:22;5240;49,98;
09:18:25;5260;49,98;
09:18:28;5250;49,98;
09:18:31;5262;49,98;
09:18:34;5248;49,98;
09:18:37;5272;49,98;
09:18:40;5278;49,98;
09:18:43;5266;49,99;
09:18:46;5256;49,99;
09:18:49;5280;49,99;
09:18:52;5268;49,99;
09:18:55;5286;49,99;
09:18:58;5266;49,99;
09:19:01;5292;50,00;
09:19:04;5288;50,00;
09:19:07;5284;50,00;
09:19:10;5268;50,00;
09:19:13;5244;50,00;
09:19:16;5292;50,00;
09:19:19;5282;49,99;
09:19:22;5296;49,99;
09:19:25;5294;49,98;
09:19:28;5284;49,98;
09:19:31;5314;49,98;
09:19:34;5306;49,98;
09:19:37;5304;49,98;
09:19:40;5332;49,98;
09:19:43;5328;49,98;
09:19:46;5342;49,98;
09:19:49;5346;49,98;
09:19:52;5352;49,98;
09:19:55;5344;49,98;
09:19:58;5342;49,99;
09:20:01;5336;49,99;
09:20:04;5362;49,99;
09:20:07;5354;49,99;
09:20:13;5344;49,99;
09:20:16;5368;49,99;
09:20:19;5358;49,99;
09:20:22;5370;49,99;
09:20:25;5364;49,99;
09:20:28;5380;49,99;
09:20:31;5384;49,99;
09:20:34;5374;49,98;
09:20:37;5390;49,98;
09:20:40;5406;49,98;
09:20:43;5396;49,98;
09:20:46;5412;49,97;
09:20:49;5402;49,98;
09:20:52;5418;49,98;
09:20:55;5416;49,98;
09:21:01;5408;49,99;
09:21:04;5422;49,99;
09:21:07;5410;50,00;
09:21:10;5430;50,00;
09:21:13;5420;50,00;
09:21:19;5422;49,99;
09:21:22;5442;49,99;
09:21:25;5412;49,98;
09:21:28;5450;49,98;
09:21:31;5402;49,98;
09:21:34;5460;49,98;
09:21:37;5462;49,98;
09:21:40;5454;49,98;
09:21:43;5458;49,98;
09:21:46;5482;49,98;
09:21:49;5472;49,98;
09:21:52;5484;49,98;
09:21:55;5468;49,98;
09:21:58;5492;49,98;
09:22:01;5494;49,99;
09:22:04;5504;49,99;
09:22:07;5494;49,99;
09:22:10;5520;49,99;
09:22:13;5524;49,99;
09:22:16;5520;49,99;
09:22:19;5520;49,98;
09:22:25;5542;49,97;
09:22:28;5530;49,97;
09:22:31;5542;49,98;
09:22:34;5532;49,98;
09:22:37;5554;49,99;
09:22:40;5546;49,99;
09:22:43;5562;49,99;
09:22:46;5568;49,99;
09:22:49;5576;50,00;
09:22:52;5566;50,00;
09:22:55;5580;50,00;
09:22:58;5558;49,99;
09:23:01;5584;49,99;
09:23:04;5574;49,98;
09:23:07;5586;49,98;
09:23:10;5572;49,98;
09:23:13;5604;49,98;
09:23:16;5596;49,98;
09:23:19;5610;49,98;
09:23:22;5590;49,98;
09:23:25;5624;49,98;
09:23:31;5638;49,98;
09:23:34;5620;49,98;
09:23:37;5652;49,99;
09:23:40;5648;50,00;
09:23:43;5670;49,99;
09:23:46;5648;49,99;
09:23:49;5678;50,00;
09:23:52;5680;50,00;
09:23:55;5684;50,00;
09:23:58;5660;49,99;
09:24:01;5684;50,00;
09:24:04;5686;50,00;
09:24:07;5686;49,99;
09:24:10;5716;49,99;
09:24:16;5730;49,99;
09:24:19;5752;49,99;
09:24:22;5734;49,99;
09:24:25;5750;49,99;
09:24:28;5782;50,00;
09:24:31;5770;50,00;
09:24:34;5794;49,99;
09:24:37;5798;49,99;
09:24:40;5804;49,99;
09:24:43;5786;49,99;
09:24:46;5824;49,99;
09:24:49;5822;49,99;
09:24:52;5850;49,98;
09:24:55;5838;49,98;
09:24:58;5870;49,98;
09:25:01;5878;49,98;
09:25:04;5908;49,97;
09:25:07;5884;49,97;
09:25:10;5930;49,97;
09:25:13;5926;49,98;
09:25:16;5950;49,98;
09:25:22;5972;49,98;
09:25:25;5966;49,98;
09:25:28;5988;49,98;
09:25:31;5974;49,98;
09:25:34;6016;49,99;
09:25:37;6008;49,99;
09:25:40;6022;50,00;
09:25:46;6024;50,00;
09:25:49;6012;50,00;
09:25:52;6000;50,00;
09:25:55;5960;50,00;
09:25:58;5876;49,98;
09:26:01;5836;49,98;
09:26:04;5860;49,97;
09:26:07;5936;49,96;
09:26:10;6050;49,97;
09:26:13;6066;49,96;
09:26:16;6102;49,97;
09:26:19;6090;49,97;
09:26:22;6130;49,98;
09:26:28;6158;50,00;
09:26:31;6142;50,00;
09:26:34;6172;50,00;
09:26:37;6166;50,00;
09:26:40;6168;50,00;
09:26:43;6138;49,99;
09:26:46;6152;50,00;
09:26:49;6148;50,00;
09:26:52;6198;50,00;
09:26:55;6184;49,99;
09:26:58;6218;49,99;
09:27:01;6212;49,99;
09:27:04;6220;49,99;
09:27:07;6198;49,99;
09:27:10;6228;49,99;
09:27:13;6222;49,99;
09:27:16;6222;49,98;
09:27:19;6208;49,98;
09:27:22;6226;49,98;
09:27:25;6222;49,98;
09:27:28;6234;49,98;
09:27:34;6272;49,98;
09:27:37;6280;49,97;
09:27:40;6282;49,98;
09:27:43;6288;49,98;
09:27:46;6306;49,99;
09:27:49;6314;49,99;
09:27:52;6308;49,99;
09:27:55;6314;50,00;
09:27:58;6386;50,00;
09:28:01;6354;49,99;
09:28:04;6370;49,99;
09:28:07;6426;49,99;
09:28:10;6450;49,99;
09:28:13;6474;50,00;
09:28:16;6470;50,00;
09:28:19;6466;50,00;
09:28:22;6428;50,00;
09:28:25;6416;50,00;
09:28:28;6376;50,00;
09:28:31;5994;50,00;
09:28:34;5650;50,00;
09:28:37;5342;50,00;
09:28:40;4982;50,00;
09:28:43;3929;49,99;
09:28:46;3863;49,99;
09:28:49;3862;49,99;
09:28:52;3892;49,99;
09:28:55;4029;49,99;
09:28:58;3903;49,99;
09:29:01;3669;50,00;
09:29:04;3206;50,00;
09:29:07;3056;50,00;
09:29:10;2981;49,99;
09:29:13;2761;50,00;
09:29:16;2694;50,00;
09:29:19;2618;50,00;
09:29:25;2636;50,00;
09:29:28;2633;50,00;
09:29:31;2614;49,99;
09:29:34;2602;49,99;
09:29:37;2609;49,99;
09:29:40;2612;49,99;
09:29:43;2597;49,98;
09:29:46;2607;49,98;
09:29:49;2605;49,97;
09:29:52;2603;49,97;
09:29:55;2607;49,97;
09:29:58;2614;49,97;
09:30:01;2612;49,97;
09:30:04;2606;49,97;
09:30:07;2615;49,98;
09:30:13;2641;49,98;
09:30:16;2650;49,98;
09:30:19;2665;49,98;
09:30:22;2648;49,98;
09:30:25;2677;49,97;
09:30:31;2677;49,96;
09:30:34;2653;49,96;
09:30:37;2649;49,96;
09:30:40;2638;49,96;
09:30:43;2634;49,96;
09:30:46;2640;49,96;
09:30:49;2627;49,96;
09:30:52;2634;49,96;
09:30:55;2643;49,96;
09:30:58;2680;49,96;
09:31:01;2739;49,97;
09:31:04;2729;49,97;
09:31:07;2721;49,97;
09:31:10;2720;49,97;
09:31:13;2706;49,98;
09:31:16;2689;49,98;
09:31:19;2732;49,98;
09:31:22;2760;49,97;
09:31:25;2722;49,96;
09:31:28;2711;49,96;
09:31:31;2675;49,96;
09:31:37;2647;49,97;
09:31:40;2636;49,97;
09:31:43;2629;49,97;
09:31:46;2630;49,98;
09:31:49;2632;49,98;
09:31:52;2636;49,98;
09:31:55;2640;49,99;
09:31:58;2653;49,99;
09:32:01;2697;50,00;
09:32:04;2754;50,00;
09:32:07;3091;50,00;
09:32:10;3478;50,00;
09:32:13;4256;50,00;
09:32:16;4320;50,01;
09:32:19;3808;50,00;
09:32:22;3060;50,00;
09:32:25;2807;49,98;
09:32:28;2718;49,98;
09:32:31;2645;49,98;
09:32:34;2643;49,98;
09:32:37;2642;49,99;
09:32:43;2632;49,99;
09:32:46;2652;49,98;
09:32:49;2914;49,98;
09:32:52;2997;49,98;
09:32:55;2898;49,98;
09:32:58;2735;49,98;
09:33:01;2762;49,98;
09:33:04;2824;49,98;
09:33:07;3442;50,00;
09:33:10;4182;50,00;
09:33:13;4130;50,00;
09:33:16;3624;49,99;
09:33:19;3448;49,98;
09:33:22;3119;49,98;
09:33:28;3207;49,97;
09:33:31;3503;49,97;
09:33:34;4836;49,97;
09:33:37;5514;49,97;
09:33:40;5824;49,96;
09:33:43;5682;49,96;
09:33:46;5618;49,97;
09:33:49;5736;49,97;
09:33:52;5354;49,98;
09:33:55;5320;49,98;
09:33:58;4988;49,98;
09:34:01;4748;49,98;
09:34:04;4264;49,98;
09:34:07;3903;49,98;
09:34:10;3454;49,99;
09:34:13;2827;49,98;
09:34:16;2470;49,98;
09:34:19;2365;49,98;
09:34:22;2330;49,98;
09:34:25;2345;49,97;
09:34:28;3200;49,97;
09:34:34;5516;49,98;
09:34:37;5360;49,98;
09:34:40;5052;49,98;
09:34:43;4780;49,98;
09:34:46;5068;49,98;
09:34:49;4948;49,97;
09:34:52;4514;49,98;
09:34:55;4108;49,98;
09:34:58;2645;49,98;
09:35:01;2511;49,98;
09:35:04;2417;49,98;
09:35:07;2357;49,99;
09:35:10;2103;49,99;
09:35:13;2056;49,99;
09:35:16;2015;49,99;
09:35:19;2046;49,99;
09:35:22;2156;49,99;
09:35:25;2137;49,99;
09:35:28;2172;49,98;
09:35:31;2203;49,98;
09:35:34;2215;49,98;
09:35:40;2557;49,98;
09:35:43;2698;49,98;
09:35:46;3014;49,99;
09:35:49;2874;49,99;
09:35:52;3139;50,00;
09:35:55;3830;50,00;
09:35:58;4044;50,00;
09:36:01;3315;50,00;
09:36:04;2184;50,00;
09:36:07;2231;50,00;
09:36:10;2126;50,00;
09:36:13;2041;50,00;
09:36:16;2122;50,00;
09:36:19;2238;50,00;
09:36:22;2382;50,00;
09:36:25;2506;49,99;
09:36:28;2185;50,00;
09:36:31;2341;49,99;
09:36:34;3451;50,00;
09:36:37;4128;50,00;
09:36:40;4512;50,00;
09:36:46;5248;49,99;
09:36:49;5072;50,00;
09:36:52;3299;50,00;
09:36:55;2374;50,00;
09:36:58;1844;50,00;
09:37:01;1825;50,00;
09:37:04;1836;50,00;
09:37:07;1810;50,00;
09:37:10;2055;50,00;
09:37:13;2171;49,99;
09:37:16;2183;50,00;
09:37:19;2279;49,99;
09:37:22;2397;50,00;
09:37:25;2201;50,00;
09:37:31;2121;49,99;
09:37:34;1990;49,99;
09:37:37;2063;49,98;
09:37:40;2206;49,98;
09:37:43;2258;49,97;
09:37:46;2126;49,97;
09:37:49;2029;49,97;
09:37:52;1978;49,97;
09:37:55;3247;49,98;
09:37:58;4063;49,99;
09:38:01;5370;50,00;
09:38:04;5602;50,00;
09:38:07;5616;50,00;
09:38:10;5712;50,00;
09:38:13;5804;50,00;
09:38:16;5886;50,00;
09:38:19;6180;49,99;
09:38:22;6230;49,99;
09:38:25;6224;49,98;
09:38:28;6198;49,98;
09:38:31;6160;49,98;
09:38:37;6182;49,98;
09:38:40;6170;49,99;
09:38:43;6108;49,99;
09:38:46;5884;49,99;
09:38:49;4742;49,99;
09:38:52;4838;50,00;
09:38:55;4580;50,00;
09:38:58;3962;50,00;
09:39:01;3012;49,99;
09:39:04;2396;50,00;
09:39:07;1898;50,00;
09:39:10;1738;50,00;
09:39:13;1715;50,00;
09:39:16;1708;50,00;
09:39:19;1722;50,01;
09:39:22;1727;50,00;
09:39:25;1737;50,00;
09:39:28;1766;50,00;
09:39:31;2227;50,00;
09:39:34;2669;50,00;
09:39:37;2541;50,00;
09:39:43;2017;50,00;
09:39:46;2277;50,00;
09:39:49;2520;50,00;
09:39:52;2525;50,00;
09:39:55;2319;50,01;
09:39:58;2434;50,01;
09:40:01;2681;50,01;
09:40:04;2807;50,01;
09:40:07;1874;50,00;
09:40:10;1988;50,00;
09:40:13;2550;50,00;
09:40:16;2515;49,99;
09:40:19;2264;50,00;
09:40:22;2243;50,00;
09:40:25;2262;50,00;
09:40:28;3280;49,99;
09:40:31;3669;49,98;
09:40:34;3575;49,99;
09:40:37;4448;49,99;
09:40:40;4714;49,99;
09:40:43;5844;49,99;
09:40:49;6460;49,99;
09:40:52;6442;49,99;
09:40:55;6436;49,99;
09:40:58;6474;49,99;
09:41:01;6500;49,99;
09:41:04;6482;49,99;
09:41:07;6502;49,98;
09:41:10;6500;49,98;
09:41:13;6486;49,98;
09:41:16;6460;49,97;
09:41:19;6464;49,97;
09:41:22;6446;49,97;
09:41:25;6450;49,98;
09:41:28;6428;49,98;
09:41:31;6406;49,99;
09:41:34;6368;49,99;
09:41:37;6400;50,00;
09:41:40;6416;50,00;
09:41:43;6432;50,00;
09:41:46;6430;50,00;
09:41:49;6438;49,98;
09:41:55;6480;49,98;
09:41:58;6468;49,98;
09:42:01;6478;49,98;
09:42:04;6460;49,97;
09:42:07;6492;49,97;
09:42:10;6482;49,98;
09:42:13;6494;49,98;
09:42:16;6492;49,99;
09:42:22;6486;49,99;
09:42:25;6492;49,99;
09:42:28;6478;50,00;
09:42:31;6480;50,00;
09:42:34;6460;50,00;
09:42:40;6468;50,00;
09:42:43;6456;50,00;
09:42:46;6458;50,00;
09:42:52;6460;50,00;
09:42:55;6438;50,00;
09:42:58;6454;50,00;
09:43:01;6458;50,00;
09:43:04;6464;50,01;
09:43:07;6454;50,01;
09:43:10;6450;50,00;
09:43:13;6420;50,00;
09:43:16;6422;50,00;
09:43:19;6400;50,00;
09:43:22;6406;50,00;
09:43:25;6378;49,99;
09:43:28;6428;49,98;
09:43:31;6442;49,98;
09:43:34;6474;49,99;
09:43:37;6450;49,98;
09:43:40;6452;49,98;
09:43:46;6416;49,98;
09:43:49;6406;49,98;
09:43:52;6422;49,98;
09:43:55;6412;49,98;
09:43:58;6428;49,98;
09:44:01;6404;49,98;
09:44:04;6442;49,98;
09:44:07;6450;49,98;
09:44:10;6462;49,98;
09:44:13;6422;49,98;
09:44:16;6464;49,98;
09:44:19;6466;49,98;
09:44:22;6474;49,98;
09:44:25;6446;49,97;
09:44:28;6476;49,97;
09:44:31;6476;49,96;
09:44:37;6438;49,96;
09:44:40;6504;49,96;
09:44:43;6464;49,96;
09:44:46;6510;49,95;
09:44:52;6498;49,96;
09:44:55;6492;49,96;
09:44:58;6494;49,97;
09:45:01;6458;49,97;
09:45:04;6494;49,98;
09:45:07;6492;49,98;
09:45:10;6502;49,98;
09:45:13;6506;49,98;
09:45:16;6514;49,96;
09:45:19;6508;49,96;
09:45:22;6510;49,96;
09:45:25;6480;49,96;
09:45:28;6490;49,96;
09:45:31;6474;49,96;
09:45:34;6486;49,96;
09:45:37;6450;49,96;
09:45:40;6452;49,96;
09:45:43;6446;49,96;
09:45:46;6440;49,96;
09:45:49;6446;49,96;
09:45:52;6460;49,96;
09:45:58;6380;49,97;
09:46:01;6354;49,97;
09:46:04;6342;49,98;
09:46:07;6316;49,97;
09:46:10;6186;49,97;
09:46:13;6076;49,97;
09:46:16;5970;49,97;
09:46:19;5990;49,97;
09:46:22;5698;49,98;
09:46:25;5824;49,98;
09:46:28;5914;49,97;
09:46:31;4782;49,96;
09:46:34;3821;49,97;
09:46:37;4596;49,96;
09:46:43;6330;49,97;
09:46:46;6380;49,97;
09:46:49;6384;49,98;
09:46:52;6348;49,98;
09:46:55;6380;49,98;
09:46:58;6390;49,98;
09:47:01;6396;49,97;
09:47:04;6410;49,97;
09:47:07;6412;49,97;
09:47:10;6408;49,97;
09:47:13;6418;49,97;
09:47:16;6402;49,97;
09:47:19;6432;49,97;
09:47:22;6438;49,97;
09:47:25;6462;49,97;
09:47:28;6470;49,97;
09:47:31;6480;49,97;
09:47:34;6462;49,97;
09:47:37;6456;49,97;
09:47:40;6438;49,97;
09:47:43;6414;49,97;
09:47:49;3725;49,97;
09:47:52;2786;49,98;
09:47:55;1972;49,98;
09:47:58;1756;49,98;
09:48:01;2225;49,99;
09:48:04;3110;49,99;
09:48:07;3799;49,99;
09:48:10;3627;49,99;
09:48:13;3243;49,98;
09:48:16;3881;49,99;
09:48:19;5566;49,98;
09:48:22;6246;49,98;
09:48:25;6492;49,97;
09:48:28;6460;49,97;
09:48:31;6388;49,97;
09:48:34;6412;49,97;
09:48:37;6354;49,97;
09:48:40;6244;49,97;
09:48:43;5810;49,97;
09:48:46;5124;49,97;
09:48:49;3564;49,97;
09:48:55;2537;49,97;
09:48:58;2985;49,98;
09:49:01;3927;49,98;
09:49:04;4528;49,98;
09:49:07;5970;49,99;
09:49:10;6254;49,99;
09:49:13;6166;49,99;
09:49:16;5894;50,00;
09:49:19;3936;50,00;
09:49:22;2878;50,00;
09:49:25;3168;49,99;
09:49:28;4444;49,99;
09:49:31;5460;49,98;
09:49:34;5496;49,98;
09:49:37;5162;49,98;
09:49:40;4766;49,97;
09:49:43;5570;49,97;
09:49:46;4976;49,97;
09:49:49;3512;49,98;
09:49:52;3358;49,98;
09:49:55;5054;49,97;
09:50:01;6480;49,98;
09:50:04;6388;49,98;
09:50:07;5564;49,98;
09:50:10;4862;49,99;
09:50:13;4496;50,00;
09:50:16;5092;50,00;
09:50:19;5742;49,99;
09:50:22;6262;49,99;
09:50:25;6068;49,98;
09:50:28;5574;49,98;
09:50:31;4314;49,98;
09:50:34;3424;49,98;
09:50:37;2335;49,98;
09:50:40;2607;49,98;
09:50:43;2777;49,98;
09:50:46;2109;49,98;
09:50:49;3247;49,97;
09:50:52;4104;49,97;
09:50:55;4684;49,97;
09:50:58;4488;49,98;
09:51:01;4069;49,98;
09:51:04;3763;49,98;
09:51:07;4122;49,98;
09:51:10;6300;49,98;
09:51:13;6474;49,98;
09:51:16;6566;49,99;
09:51:19;6574;49,98;
09:51:22;6568;49,99;
09:51:25;6588;49,98;
09:51:28;6574;49,98;
09:51:31;6562;49,98;
09:51:34;6482;49,97;
09:51:37;6440;49,97;
09:51:40;6408;49,97;
09:51:43;6394;49,98;
09:51:46;6314;49,97;
09:51:52;6246;49,97;
09:51:55;6116;49,97;
09:51:58;5522;49,98;
09:52:01;4446;49,98;
09:52:04;2110;49,98;
09:52:07;1986;49,99;
09:52:10;2780;49,99;
09:52:13;4077;49,99;
09:52:16;5496;50,00;
09:52:19;4996;50,00;
09:52:22;4230;50,00;
09:52:25;3923;49,99;
09:52:28;3726;49,98;
09:52:31;4075;49,98;
09:52:34;3947;49,97;
09:52:37;2705;49,96;
09:52:40;2288;49,97;
09:52:43;2805;49,97;
09:52:46;2314;49,98;
09:52:49;1751;49,98;
09:52:52;3211;49,98;
09:52:58;5806;50,00;
09:53:01;5032;50,00;
09:53:04;3662;50,01;
09:53:07;3457;50,01;
09:53:10;2781;50,01;
09:53:13;2616;50,01;
09:53:16;2962;50,00;
09:53:19;3774;50,00;
09:53:22;5902;50,00;
09:53:25;6022;49,99;
09:53:28;5942;49,99;
09:53:31;5892;50,00;
09:53:34;6322;50,00;
09:53:37;6554;50,00;
09:53:40;6632;49,99;
09:53:43;6634;49,99;
09:53:46;6608;49,99;
09:53:49;6616;49,99;
09:53:52;6604;49,99;
09:53:55;6594;49,99;
09:53:58;6554;50,00;
09:54:04;6576;50,00;
09:54:07;6578;50,00;
09:54:10;6554;50,00;
09:54:13;6578;50,00;
09:54:16;6572;50,00;
09:54:19;6584;50,00;
09:54:22;6582;50,00;
09:54:25;6564;50,00;
09:54:28;6584;50,00;
09:54:31;6592;49,99;
09:54:34;6570;49,99;
09:54:37;6592;49,99;
09:54:40;6580;49,99;
09:54:43;6588;49,99;
09:54:46;6586;50,00;
09:54:49;6582;50,00;
09:54:52;6576;50,00;
09:54:55;6580;50,00;
09:54:58;6566;50,00;
09:55:01;6590;50,01;
09:55:04;6578;50,00;
09:55:10;6582;50,00;
09:55:13;6600;50,00;
09:55:16;6586;50,00;
09:55:19;6600;50,00;
09:55:22;6572;50,00;
09:55:25;6604;50,00;
09:55:28;6606;50,00;
09:55:31;6590;50,00;
09:55:34;6608;50,00;
09:55:37;6608;49,99;
09:55:40;6606;49,99;
09:55:43;6612;49,99;
09:55:46;6610;49,99;
09:55:49;6602;50,00;
09:55:55;6604;50,00;
09:55:58;6614;50,00;
09:56:01;6606;50,00;
09:56:04;6614;50,00;
09:56:07;6600;50,00;
09:56:10;6622;50,00;
09:56:13;6624;50,00;
09:56:16;6610;49,99;
09:56:19;6590;49,99;
09:56:22;6632;49,99;
09:56:25;6620;49,98;
09:56:28;6636;49,99;
09:56:31;6620;49,99;
09:56:34;6640;49,99;
09:56:37;6644;49,99;
09:56:40;6648;49,99;
09:56:43;6632;49,99;
09:56:46;6646;49,99;
09:56:49;6624;50,00;
09:56:52;6642;50,00;
09:56:55;6628;50,00;
09:57:01;6620;50,00;
09:57:04;6636;50,00;
09:57:07;6618;50,00;
09:57:10;6632;50,00;
09:57:13;6612;50,00;
09:57:16;6630;50,00;
09:57:22;6618;49,99;
09:57:25;6600;50,00;
09:57:28;6610;50,00;
09:57:31;6590;49,99;
09:57:34;6602;49,98;
09:57:37;6578;49,98;
09:57:40;6598;49,98;
09:57:46;6594;49,98;
09:57:49;6582;49,99;
09:57:52;6600;50,00;
09:57:55;6590;50,00;
09:57:58;6604;50,01;
09:58:01;6572;50,01;
09:58:07;6580;50,00;
09:58:10;6592;50,00;
09:58:13;6572;50,00;
09:58:16;6596;50,00;
09:58:19;6586;50,01;
09:58:22;6596;50,01;
09:58:28;6574;50,00;
09:58:31;6582;49,99;
09:58:34;6588;49,98;
09:58:37;6566;49,98;
09:58:40;6588;49,98;
09:58:43;6580;49,99;
09:58:46;6578;49,99;
09:58:49;6586;50,00;
09:58:52;6592;50,00;
09:58:55;6592;50,01;
09:58:58;6582;50,01;
09:59:01;6580;50,01;
09:59:04;6582;50,01;
09:59:07;6600;50,01;
09:59:13;6604;50,00;
09:59:16;6584;50,01;
09:59:19;6610;50,00;
09:59:22;6602;50,00;
09:59:25;6608;50,00;
09:59:28;6586;49,99;
09:59:31;6614;50,00;
09:59:34;6618;50,00;
09:59:37;6634;50,01;
09:59:40;6614;50,00;
09:59:43;6636;50,00;
09:59:46;6626;50,00;
09:59:49;6640;50,00;
09:59:52;6608;50,00;
09:59:55;6644;50,00;
09:59:58;6634;50,00;
10:00:01;6642;50,01;
10:00:04;6622;50,01;
10:00:07;6642;50,01;
10:00:10;6630;50,01;
10:00:13;6636;50,00;
10:00:16;6634;50,01;
10:00:19;6616;50,00;
10:00:22;6640;50,00;
10:00:25;6646;50,00;
10:00:28;6622;50,00;
10:00:31;6646;50,00;
10:00:34;6638;49,99;
10:00:37;6650;49,99;
10:00:40;6652;49,99;
10:00:43;6654;49,99;
10:00:46;6646;49,98;
10:00:49;6642;49,98;
10:00:52;6630;49,98;
10:00:55;6638;49,98;
10:00:58;6644;49,97;
10:01:04;6666;49,97;
10:01:07;6658;49,97;
10:01:10;6672;49,98;
10:01:13;6672;49,97;
10:01:16;6680;49,98;
10:01:19;6658;49,98;
10:01:22;6680;49,98;
10:01:25;6678;49,98;
10:01:28;6680;49,97;
10:01:31;6662;49,97;
10:01:34;6684;49,96;
10:01:37;6674;49,97;
10:01:40;6690;49,97;
10:01:43;6674;49,97;
10:01:46;6692;49,97;
10:01:49;6676;49,97;
10:01:52;6692;49,97;
10:01:55;6672;49,98;
10:01:58;6696;49,98;
10:02:01;6684;49,98;
10:02:04;6700;49,98;
10:02:10;6696;49,99;
10:02:13;6680;49,99;
10:02:16;6688;49,98;
10:02:19;6674;49,98;
10:02:22;6686;49,98;
10:02:25;6668;49,98;
10:02:28;6684;49,98;
10:02:31;6686;49,98;
10:02:34;6682;49,98;
10:02:37;6684;49,97;
10:02:40;6704;49,98;
10:02:43;6680;49,97;
10:02:46;6714;49,98;
10:02:49;6712;49,98;
10:02:52;6714;49,98;
10:02:55;6696;49,99;
10:02:58;6724;49,99;
10:03:01;6708;49,98;
10:03:04;6722;49,98;
10:03:07;6702;49,97;
10:03:10;6708;49,97;
10:03:19;6692;49,97;
10:03:22;6696;49,98;
10:03:25;6674;49,98;
10:03:28;6680;49,98;
10:03:31;6672;49,98;
10:03:34;6688;49,98;
10:03:37;6686;49,98;
10:03:40;6698;49,97;
10:03:43;6686;49,96;
10:03:46;6716;49,97;
10:03:49;6700;49,97;
10:03:52;6716;49,97;
10:03:55;6702;49,97;
10:03:58;6702;49,98;
10:04:01;6706;49,97;
10:04:04;6730;49,98;
10:04:07;6734;49,97;
10:04:10;6740;49,97;
10:04:13;6742;49,97;
10:04:16;6746;49,97;
10:04:22;6756;49,97;
10:04:25;6760;49,97;
10:04:28;6764;49,97;
10:04:31;6768;49,97;
10:04:34;6760;49,97;
10:04:37;6774;49,97;
10:04:40;6756;49,97;
10:04:43;6778;49,97;
10:04:46;6766;49,97;
10:04:49;6786;49,97;
10:04:52;6768;49,97;
10:04:55;6796;49,97;
10:04:58;6784;49,97;
10:05:01;6798;49,97;
10:05:07;6798;49,96;
10:05:10;6786;49,96;
10:05:13;6800;49,96;
10:05:16;6784;49,96;
10:05:19;6814;49,95;
10:05:22;6806;49,95;
10:05:25;6822;49,95;
10:05:28;6824;49,95;
10:05:31;6826;49,96;
10:05:34;6812;49,96;
10:05:37;6818;49,97;
10:05:40;6796;49,97;
10:05:43;6818;49,97;
10:05:46;6812;49,97;
10:05:49;6822;49,97;
10:05:52;6804;49,97;
10:05:55;6830;49,97;
10:05:58;6830;49,96;
10:06:01;6844;49,96;
10:06:04;6830;49,96;
10:06:07;6848;49,96;
10:06:13;6858;49,96;
10:06:16;6850;49,96;
10:06:19;6856;49,96;
10:06:22;6858;49,96;
10:06:25;6860;49,96;
10:06:28;6858;49,95;
10:06:31;6834;49,94;
10:06:34;6860;49,95;
10:06:37;6868;49,96;
10:06:40;6870;49,96;
10:06:43;6874;49,96;
10:06:49;6872;49,96;
10:06:52;6872;49,97;
10:06:55;6848;49,96;
10:06:58;6870;49,96;
10:07:07;6866;49,96;
10:07:10;6864;49,96;
10:07:13;6854;49,96;
10:07:19;6840;49,97;
10:07:22;6834;49,98;
10:07:25;6838;49,97;
10:07:28;6838;49,98;
10:07:31;6834;49,97;
10:07:34;6836;49,97;
10:07:37;6834;49,97;
10:07:40;6840;49,97;
10:07:43;6842;49,96;
10:07:46;6844;49,96;
10:07:49;6850;49,97;
10:07:52;6854;49,97;
10:07:55;6866;49,97;
10:07:58;6868;49,96;
10:08:01;6866;49,96;
10:08:04;6866;49,97;
10:08:07;6872;49,97;
10:08:10;6874;49,97;
10:08:13;6880;49,97;
10:08:19;6884;49,97;
10:08:25;6892;49,96;
10:08:28;6894;49,96;
10:08:37;6896;49,97;
10:08:40;6892;49,97;
10:08:43;6862;49,97;
10:08:46;6900;49,97;
10:08:49;6892;49,98;
10:08:52;6896;49,97;
10:08:55;6886;49,97;
10:08:58;6888;49,97;
10:09:04;6890;49,97;
10:09:10;6902;49,98;
10:09:13;6898;49,98;
10:09:16;6906;49,98;
10:09:22;6904;49,98;
10:09:25;6906;49,98;
10:09:28;6902;49,97;
10:09:31;6910;49,97;
10:09:34;6912;49,97;
10:09:37;6914;49,97;
10:09:40;6912;49,97;
10:09:46;6914;49,98;
10:09:49;6920;49,98;
10:09:52;6918;49,98;
10:09:55;6926;49,97;
10:09:58;6930;49,97;
10:10:01;6934;49,98;
10:10:07;6938;49,98;
10:10:10;6940;49,98;
10:10:16;6942;49,98;
10:10:19;6938;49,99;
10:10:22;6934;49,98;
10:10:25;6928;49,98;
10:10:31;6932;49,98;
10:10:34;6890;49,98;
10:10:37;6934;49,97;
10:10:40;6936;49,98;
10:10:43;6938;49,97;
10:10:46;6936;49,97;
10:10:49;6938;49,97;
10:10:52;6940;49,97;
10:10:55;6936;49,97;
10:10:58;6906;49,97;
10:11:01;6936;49,98;
10:11:04;6938;49,99;
10:11:07;6940;49,99;
10:11:10;6922;50,00;
10:11:13;6938;50,00;
10:11:16;6936;50,00;
10:11:22;6892;49,99;
10:11:25;6936;49,99;
10:11:28;6910;49,99;
10:11:31;6914;49,99;
10:11:34;6862;49,99;
10:11:37;6900;49,98;
10:11:40;6888;49,98;
10:11:43;6872;49,98;
10:11:46;6848;49,98;
10:11:49;6892;49,99;
10:11:52;6906;49,99;
10:11:55;6920;50,00;
10:11:58;6898;49,99;
10:12:01;6938;49,99;
10:12:04;6944;50,00;
10:12:07;6948;50,00;
10:12:10;6908;50,00;
10:12:13;6948;50,00;
10:12:16;6962;50,00;
10:12:22;6934;50,00;
10:12:28;6962;50,00;
10:12:31;6972;50,00;
10:12:34;6930;50,00;
10:12:37;6960;50,00;
10:12:40;6950;49,99;
10:12:43;6956;49,99;
10:12:49;6922;49,99;
10:12:52;6950;49,98;
10:12:55;6956;49,98;
10:12:58;6934;49,98;
10:13:01;6966;49,98;
10:13:04;6962;49,98;
10:13:07;6974;49,98;
10:13:10;6976;49,98;
10:13:13;6990;49,98;
10:13:16;6988;49,98;
10:13:19;6998;49,98;
10:13:22;6956;49,99;
10:13:25;6996;49,99;
10:13:28;6998;49,99;
10:13:34;6954;50,00;
10:13:37;6992;50,00;
10:13:40;6984;50,00;
10:13:43;6994;50,00;
10:13:46;6998;50,00;
10:13:49;7004;50,00;
10:13:52;7008;50,00;
10:13:55;7004;50,00;
10:13:58;7016;50,00;
10:14:01;7020;50,00;
10:14:04;7026;50,00;
10:14:07;7028;50,00;
10:14:10;7020;50,00;
10:14:13;6998;50,00;
10:14:19;7012;50,00;
10:14:22;7018;50,00;
10:14:25;6986;50,01;
10:14:28;7020;50,00;
10:14:31;7018;50,01;
10:14:34;7032;50,01;
10:14:40;7002;50,01;
10:14:43;7034;50,01;
10:14:46;7042;50,01;
10:14:49;7004;50,01;
10:14:52;7042;50,01;
10:14:55;7038;50,01;
10:14:58;7046;50,00;
10:15:04;7050;50,00;
10:15:07;7040;50,00;
10:15:10;7046;50,00;
10:15:13;7016;50,00;
10:15:16;7054;50,00;
10:15:19;7050;49,99;
10:15:25;7032;49,98;
10:15:28;7066;49,97;
10:15:31;7056;49,96;
10:15:34;7068;49,97;
10:15:37;7038;49,97;
10:15:40;7070;49,97;
10:15:43;7068;49,96;
10:15:46;7064;49,96;
10:15:49;7036;49,96;
10:15:52;7072;49,97;
10:15:55;7062;49,97;
10:15:58;7066;49,97;
10:16:01;7042;49,98;
10:16:04;7066;49,98;
10:16:07;7068;49,98;
10:16:10;7066;49,98;
10:16:13;7052;49,98;
10:16:16;7052;49,97;
10:16:19;7066;49,97;
10:16:22;7074;49,96;
10:16:25;7084;49,96;
10:16:31;7100;49,96;
10:16:34;7094;49,96;
10:16:37;7114;49,96;
10:16:40;7086;49,96;
10:16:43;7120;49,96;
10:16:46;7108;49,97;
10:16:49;7118;49,97;
10:16:52;7088;49,97;
10:16:55;7098;49,98;
10:16:58;7114;49,99;
10:17:01;7094;49,98;
10:17:04;7114;49,98;
10:17:07;7112;49,98;
10:17:10;7124;49,98;
10:17:13;7126;49,98;
10:17:16;7114;49,98;
10:17:19;7124;49,97;
10:17:22;7128;49,97;
10:17:25;7134;49,96;
10:17:28;7116;49,96;
10:17:31;7160;49,97;
10:17:37;7166;49,97;
10:17:40;7136;49,97;
10:17:43;7170;49,97;
10:17:46;7160;49,97;
10:17:49;7186;49,97;
10:17:52;7158;49,97;
10:17:55;7190;49,97;
10:17:58;7192;49,97;
10:18:01;7194;49,98;
10:18:04;7166;49,98;
10:18:07;7206;49,98;
10:18:10;7190;49,98;
10:18:13;7208;49,98;
10:18:16;7182;49,98;
10:18:22;7190;49,97;
10:18:25;7212;49,97;
10:18:31;7220;49,97;
10:18:34;7206;49,97;
10:18:37;7230;49,97;
10:18:40;7226;49,97;
10:18:43;7220;49,98;
10:18:46;7196;49,98;
10:18:49;7218;49,98;
10:18:52;7196;49,98;
10:18:55;7202;49,98;
10:18:58;7186;49,98;
10:19:01;7184;49,98;
10:19:04;7202;49,98;
10:19:07;7208;49,98;
10:19:10;7202;49,98;
10:19:13;7204;49,98;
10:19:16;7184;49,98;
10:19:19;7168;49,98;
10:19:22;7178;49,98;
10:19:28;7128;49,98;
10:19:31;7058;49,98;
10:19:34;7066;49,98;
10:19:37;7014;49,98;
10:19:40;6906;49,98;
10:19:43;6664;49,98;
10:19:46;6632;49,98;
10:19:49;6800;49,98;
10:19:52;6638;49,99;
10:19:55;6528;49,99;
10:19:58;6860;50,00;
10:20:01;6974;50,00;
10:20:04;7040;50,00;
10:20:07;7020;50,00;
10:20:10;7042;50,00;
10:20:13;7106;50,00;
10:20:16;7112;49,99;
10:20:19;7102;49,99;
10:20:22;7088;49,98;
10:20:25;7084;49,98;
10:20:28;7134;49,99;
10:20:34;7114;49,99;
10:20:37;7092;49,98;
10:20:40;7144;49,98;
10:20:43;7118;49,98;
10:20:46;7124;49,98;
10:20:49;7120;49,98;
10:20:52;7148;49,98;
10:20:55;7152;49,98;
10:20:58;7134;49,97;
10:21:01;7128;49,97;
10:21:04;7160;49,97;
10:21:07;7168;49,97;
10:21:10;7176;49,97;
10:21:13;7174;49,98;
10:21:16;7172;49,98;
10:21:19;7168;49,97;
10:21:22;7180;49,98;
10:21:25;7168;49,98;
10:21:28;7160;49,98;
10:21:34;7134;49,98;
10:21:40;7152;49,98;
10:21:43;7150;49,98;
10:21:46;7162;49,97;
10:21:49;7140;49,98;
10:21:52;7182;49,98;
10:21:55;7166;49,97;
10:21:58;7190;49,97;
10:22:01;7168;49,98;
10:22:04;7172;49,98;
10:22:07;7184;49,99;
10:22:10;7230;49,98;
10:22:13;7226;49,98;
10:22:16;7266;49,98;
10:22:19;7268;49,98;
10:22:22;7276;49,98;
10:22:25;7282;49,98;
10:22:28;7288;49,98;
10:22:34;7284;49,99;
10:22:37;7294;49,98;
10:22:40;7304;49,98;
10:22:49;7296;49,99;
10:22:52;7274;49,99;
10:22:55;7282;49,99;
10:22:58;7270;49,99;
10:23:01;7280;50,00;
10:23:04;7260;50,00;
10:23:07;7272;50,00;
10:23:10;7262;49,99;
10:23:13;7264;49,99;
10:23:16;7246;49,99;
10:23:19;7254;49,98;
10:23:22;7246;49,98;
10:23:25;7240;49,98;
10:23:31;7226;49,98;
10:23:34;7212;49,99;
10:23:37;7226;49,99;
10:23:40;7206;49,99;
10:23:43;7220;49,99;
10:23:46;7212;49,98;
10:23:49;7218;49,98;
10:23:52;7216;49,98;
10:23:55;7232;49,97;
10:23:58;7218;49,97;
10:24:01;7230;49,96;
10:24:04;7212;49,96;
10:24:07;7232;49,96;
10:24:10;7226;49,96;
10:24:13;7236;49,96;
10:24:16;7226;49,98;
10:24:19;7230;49,98;
10:24:22;7220;49,98;
10:24:25;7218;49,98;
10:24:28;7210;49,98;
10:24:31;7218;49,98;
10:24:37;7234;49,98;
10:24:40;7238;49,98;
10:24:43;7232;49,98;
10:24:49;7236;49,98;
10:24:52;7230;49,98;
10:24:55;7206;49,98;
10:24:58;7220;49,98;
10:25:01;7218;49,98;
10:25:04;7222;49,98;
10:25:07;7218;49,98;
10:25:10;7214;49,98;
10:25:13;7212;49,98;
10:25:16;7216;49,97;
10:25:19;7202;49,97;
10:25:22;7222;49,96;
10:25:25;7220;49,96;
10:25:31;7226;49,96;
10:25:34;7214;49,96;
10:25:37;7216;49,96;
10:25:43;7224;49,96;
10:25:46;7230;49,96;
10:25:52;7236;49,96;
10:25:55;7250;49,97;
10:25:58;7238;49,96;
10:26:01;7218;49,96;
10:26:04;7266;49,96;
10:26:07;7284;49,96;
10:26:10;7304;49,96;
10:26:13;7310;49,96;
10:26:16;7312;49,97;
10:26:19;7306;49,97;
10:26:22;7312;49,97;
10:26:25;7306;49,97;
10:26:28;7322;49,97;
10:26:34;7320;49,97;
10:26:37;7314;49,98;
10:26:40;7318;49,98;
10:26:43;7326;49,98;
10:26:49;7318;49,98;
10:26:52;7310;49,98;
10:26:55;7294;49,98;
10:26:58;7284;49,98;
10:27:01;7286;49,99;
10:27:04;7282;49,99;
10:27:07;7268;49,99;
10:27:10;7282;50,00;
10:27:13;7274;50,00;
10:27:16;7270;50,00;
10:27:19;7228;50,00;
10:27:22;7250;50,00;
10:27:25;7242;49,99;
10:27:28;7248;49,98;
10:27:34;7258;49,98;
10:27:37;7268;49,98;
10:27:40;7288;49,98;
10:27:43;7296;49,98;
10:27:46;7306;49,98;
10:27:49;7306;49,99;
10:27:52;7296;49,99;
10:27:55;7310;49,99;
10:27:58;7332;50,00;
10:28:01;7334;50,00;
10:28:04;7338;50,00;
10:28:07;7344;50,00;
10:28:10;7352;50,00;
10:28:13;7344;49,99;
10:28:16;7330;49,99;
10:28:19;7334;50,00;
10:28:22;7340;50,00;
10:28:28;7330;49,99;
10:28:31;7328;50,00;
10:28:34;7326;49,99;
10:28:40;7320;49,99;
10:28:43;7322;49,99;
10:28:46;7320;49,99;
10:28:49;7322;49,99;
10:28:52;7310;49,98;
10:28:55;7308;49,98;
10:28:58;7290;49,98;
10:29:01;7310;49,98;
10:29:04;7308;49,98;
10:29:07;7310;49,99;
10:29:10;7322;50,00;
10:29:13;7328;50,00;
10:29:16;7332;50,00;
10:29:19;7334;50,00;
10:29:22;7324;50,01;
10:29:25;7338;50,00;
10:29:28;7334;50,00;
10:29:31;7336;50,00;
10:29:34;7330;50,00;
10:29:37;7344;50,00;
10:29:40;7364;50,00;
10:29:46;7362;50,01;
10:29:49;7378;50,01;
10:29:52;7358;50,00;
10:29:55;7386;50,00;
10:29:58;7362;50,00;
10:30:01;7382;50,00;
10:30:04;7378;50,00;
10:30:07;7366;50,00;
10:30:10;7364;49,99;
10:30:13;7386;49,98;
10:30:16;7388;49,98;
10:30:19;7400;49,98;
10:30:22;7390;49,97;
10:30:25;7410;49,98;
10:30:28;7416;49,97;
10:30:31;7420;49,98;
10:30:34;7402;49,98;
10:30:37;7412;49,98;
10:30:40;7398;49,98;
10:30:43;7402;49,98;
10:30:46;7394;49,98;
10:30:52;7410;49,98;
10:30:55;7414;49,98;
10:30:58;7394;49,98;
10:31:01;7414;49,98;
10:31:04;7412;49,98;
10:31:07;7418;49,98;
10:31:10;7412;49,98;
10:31:13;7390;49,98;
10:31:16;7388;49,98;
10:31:19;7400;49,98;
10:31:22;7380;49,98;
10:31:25;7392;49,98;
10:31:28;7376;49,97;
10:31:34;7372;49,97;
10:31:37;7366;49,96;
10:31:40;7358;49,96;
10:31:43;7366;49,96;
10:31:46;7346;49,97;
10:31:49;7356;49,97;
10:31:52;7340;49,97;
10:31:55;7312;49,97;
10:31:58;7272;49,97;
10:32:01;7314;49,97;
10:32:04;7278;49,97;
10:32:07;7272;49,97;
10:32:10;7296;49,97;
10:32:13;7330;49,98;
10:32:16;7372;49,98;
10:32:19;7360;49,98;
10:32:22;7390;49,98;
10:32:25;7404;49,98;
10:32:28;7418;49,98;
10:32:31;7424;49,98;
10:32:34;7440;49,97;
10:32:37;7424;49,96;
10:32:43;7436;49,97;
10:32:46;7448;49,97;
10:32:49;7446;49,97;
10:32:52;7466;49,97;
10:32:55;7466;49,98;
10:32:58;7478;49,98;
10:33:01;7484;49,98;
10:33:04;7474;49,99;
10:33:07;7482;50,00;
10:33:10;7490;50,00;
10:33:13;7478;49,99;
10:33:16;7496;49,99;
10:33:19;7482;49,98;
10:33:25;7488;49,98;
10:33:28;7486;49,97;
10:33:31;7470;49,97;
10:33:34;7496;49,97;
10:33:37;7494;49,97;
10:33:40;7508;49,97;
10:33:43;7506;49,97;
10:33:49;7514;49,97;
10:33:52;7534;49,97;
10:33:55;7526;49,97;
10:33:58;7536;49,97;
10:34:01;7532;49,97;
10:34:04;7544;49,97;
10:34:07;7546;49,97;
10:34:10;7516;49,97;
10:34:13;7562;49,98;
10:34:16;7556;49,98;
10:34:19;7556;49,97;
10:34:22;7564;49,97;
10:34:25;7550;49,97;
10:34:28;7554;49,97;
10:34:31;7550;49,97;
10:34:34;7536;49,96;
10:34:37;7540;49,97;
10:34:40;7530;49,97;
10:34:43;7524;49,98;
10:34:46;7512;49,98;
10:34:49;7482;49,98;
10:34:55;7498;49,99;
10:34:58;7484;49,99;
10:35:01;7490;49,99;
10:35:04;7472;49,99;
10:35:07;7482;49,99;
10:35:10;7472;49,99;
10:35:13;7482;49,99;
10:35:19;7490;49,98;
10:35:22;7488;49,98;
10:35:25;7504;49,98;
10:35:28;7480;49,98;
10:35:31;7502;49,97;
10:35:34;7494;49,97;
10:35:37;7512;49,96;
10:35:40;7518;49,96;
10:35:43;7536;49,96;
10:35:46;7528;49,96;
10:35:49;7540;49,96;
10:35:52;7526;49,96;
10:35:55;7536;49,96;
10:36:01;7534;49,98;
10:36:04;7518;49,98;
10:36:07;7524;49,98;
10:36:10;7512;49,98;
10:36:13;7526;49,97;
10:36:16;7510;49,97;
10:36:19;7522;49,97;
10:36:22;7516;49,97;
10:36:25;7516;49,98;
10:36:28;7504;49,98;
10:36:31;7518;49,98;
10:36:34;7510;49,98;
10:36:37;7522;49,98;
10:36:40;7510;49,98;
10:36:46;7508;49,98;
10:36:49;7516;49,98;
10:36:52;7502;49,98;
10:36:55;7520;49,98;
10:36:58;7512;49,99;
10:37:01;7522;49,99;
10:37:04;7524;49,99;
10:37:07;7512;49,99;
10:37:10;7530;49,99;
10:37:13;7548;50,00;
10:37:16;7534;49,99;
10:37:19;7548;49,99;
10:37:22;7536;49,99;
10:37:25;7546;49,99;
10:37:28;7544;49,99;
10:37:31;7548;49,98;
10:37:34;7556;49,98;
10:37:37;7558;49,98;
10:37:40;7556;49,98;
10:37:43;7546;49,98;
10:37:46;7542;49,98;
10:37:52;7562;49,99;
10:37:55;7546;49,99;
10:37:58;7562;49,99;
10:38:01;7552;49,99;
10:38:04;7560;49,99;
10:38:07;7544;49,98;
10:38:10;7560;49,98;
10:38:13;7552;49,98;
10:38:16;7508;49,98;
10:38:19;7528;49,98;
10:38:22;7522;49,98;
10:38:25;7476;49,98;
10:38:28;7530;49,98;
10:38:31;7546;49,98;
10:38:34;7540;49,98;
10:38:37;7558;49,98;
10:38:40;7578;49,98;
10:38:43;7566;49,98;
10:38:46;7572;49,98;
10:38:49;7558;49,98;
10:38:52;7564;49,98;
10:38:58;7572;49,98;
10:39:01;7564;49,98;
10:39:04;7580;49,99;
10:39:07;7568;50,00;
10:39:10;7590;50,00;
10:39:13;7584;50,00;
10:39:16;7598;50,00;
10:39:19;7602;49,99;
10:39:22;7594;49,99;
10:39:25;7584;50,00;
10:39:28;7588;50,00;
10:39:31;7576;50,00;
10:39:34;7586;50,00;
10:39:37;7578;50,00;
10:39:43;7570;50,00;
10:39:46;7572;49,99;
10:39:49;7574;49,99;
10:39:52;7582;49,99;
10:39:55;7590;49,99;
10:39:58;7582;49,99;
10:40:04;7582;50,00;
10:40:07;7570;50,01;
10:40:10;7572;50,01;
10:40:13;7578;50,00;
10:40:16;7586;50,00;
10:40:19;7582;49,99;
10:40:22;7564;49,99;
10:40:25;7582;50,00;
10:40:28;7592;50,00;
10:40:31;7584;50,01;
10:40:34;7612;50,00;
10:40:37;7606;50,01;
10:40:40;7622;50,01;
10:40:43;7620;50,00;
10:40:46;7616;50,00;
10:40:49;7630;50,00;
10:40:52;7618;49,99;
10:40:55;7626;49,99;
10:40:58;7602;49,99;
10:41:01;7620;49,99;
10:41:04;7600;49,98;
10:41:07;7614;49,98;
10:41:10;7612;49,98;
10:41:13;7606;49,98;
10:41:16;7598;49,98;
10:41:19;7622;49,98;
10:41:22;7582;49,98;
10:41:25;7628;49,98;
10:41:28;7612;49,98;
10:41:31;7634;49,98;
10:41:34;7614;49,98;
10:41:37;7628;49,98;
10:41:40;7610;49,98;
10:41:43;7624;49,98;
10:41:46;7602;49,99;
10:41:49;7622;49,99;
10:41:55;7616;49,99;
10:41:58;7596;49,99;
10:42:01;7614;50,00;
10:42:04;7598;50,00;
10:42:07;7628;50,00;
10:42:10;7608;50,00;
10:42:13;7632;49,99;
10:42:16;7638;50,00;
10:42:19;7640;49,99;
10:42:22;7624;49,99;
10:42:25;7630;49,99;
10:42:28;7614;49,99;
10:42:31;7626;49,98;
10:42:34;7614;49,98;
10:42:40;7604;49,98;
10:42:43;7604;49,99;
10:42:46;7602;49,99;
10:42:49;7620;49,99;
10:42:52;7612;50,00;
10:42:55;7618;50,00;
10:43:01;7610;49,99;
10:43:13;7598;49,99;
10:43:16;7592;49,99;
10:43:19;7560;49,99;
10:43:22;7586;49,99;
10:43:25;7572;49,99;
10:43:28;7564;49,99;
10:43:31;7562;49,99;
10:43:34;7574;49,99;
10:43:37;7604;49,99;
10:43:40;7612;49,99;
10:43:43;7602;49,99;
10:43:46;7636;50,00;
10:43:49;7628;50,00;
10:43:52;7634;50,00;
10:43:55;7622;49,99;
10:43:58;7626;50,00;
10:44:01;7630;50,00;
10:44:07;7632;50,00;
10:44:10;7654;50,00;
10:44:13;7662;50,00;
10:44:19;7652;50,00;
10:44:22;7664;50,00;
10:44:25;7644;49,99;
10:44:28;7666;49,99;
10:44:31;7666;49,98;
10:44:34;7682;49,98;
10:44:37;7678;49,98;
10:44:40;7686;49,98;
10:44:43;7668;49,98;
10:44:46;7678;49,98;
10:44:49;7682;49,98;
10:44:52;7700;49,98;
10:44:55;7702;49,99;
10:44:58;7706;49,99;
10:45:01;7718;49,99;
10:45:04;7714;50,00;
10:45:07;7714;49,99;
10:45:13;7704;49,99;
10:45:16;7706;49,98;
10:45:19;7700;49,98;
10:45:22;7708;49,98;
10:45:25;7690;49,97;
10:45:28;7716;49,97;
10:45:31;7696;49,96;
10:45:34;7702;49,96;
10:45:37;7708;49,96;
10:45:40;7730;49,96;
10:45:43;7710;49,97;
10:45:46;7718;49,97;
10:45:49;7714;49,97;
10:45:52;7706;49,97;
10:45:58;7700;49,97;
10:46:01;7698;49,97;
10:46:04;7690;49,97;
10:46:10;7690;49,96;
10:46:13;7692;49,96;
10:46:16;7668;49,96;
10:46:19;7688;49,96;
10:46:22;7692;49,97;
10:46:25;7694;49,96;
10:46:31;7686;49,97;
10:46:34;7686;49,98;
10:46:40;7668;49,98;
10:46:43;7696;49,98;
10:46:46;7700;49,97;
10:46:49;7702;49,97;
10:46:52;7682;49,98;
10:46:55;7670;49,98;
10:46:58;7662;49,98;
10:47:04;7658;49,98;
10:47:07;7636;49,98;
10:47:10;7630;49,99;
10:47:19;7640;49,99;
10:47:22;7614;49,99;
10:47:25;7632;49,99;
10:47:28;7656;49,99;
10:47:31;7638;49,99;
10:47:34;7622;49,99;
10:47:37;7620;49,99;
10:47:43;7616;49,99;
10:47:46;7606;49,99;
10:47:49;7634;49,99;
10:47:52;7662;50,00;
10:47:55;7658;50,00;
10:47:58;7660;50,00;
10:48:01;7682;50,00;
10:48:04;7670;50,00;
10:48:10;7658;49,99;
10:48:13;7684;50,00;
10:48:16;7690;49,99;
10:48:19;7688;50,00;
10:48:22;7664;49,99;
10:48:25;7682;49,99;
10:48:28;7682;49,98;
10:48:31;7686;49,98;
10:48:34;7642;49,98;
10:48:37;7670;49,98;
10:48:43;7664;49,98;
10:48:46;7644;49,98;
10:48:49;7674;49,98;
10:48:52;7682;49,98;
10:48:55;7674;49,98;
10:48:58;7650;49,98;
10:49:01;7670;49,98;
10:49:04;7682;49,99;
10:49:07;7686;49,99;
10:49:10;7656;50,00;
10:49:16;7654;50,00;
10:49:19;7644;50,00;
10:49:22;7594;49,99;
10:49:25;7622;49,98;
10:49:28;7642;49,98;
10:49:31;7658;49,98;
10:49:34;7682;49,98;
10:49:37;7676;49,99;
10:49:40;7740;50,00;
10:49:46;7726;50,00;
10:49:49;7752;50,00;
10:49:52;7756;49,99;
10:49:55;7748;49,99;
10:50:01;7742;49,99;
10:50:04;7742;49,98;
10:50:07;7736;49,99;
10:50:10;7738;49,99;
10:50:16;7740;50,00;
10:50:19;7742;50,00;
10:50:22;7734;50,00;
10:50:25;7724;49,99;
10:50:31;7736;49,99;
10:50:34;7740;49,99;
10:50:37;7746;49,98;
10:50:40;7748;49,98;
10:50:43;7754;49,99;
10:50:46;7740;49,99;
10:50:49;7718;49,99;
10:50:52;7728;49,99;
10:50:55;7724;49,99;
10:50:58;7716;49,99;
10:51:01;7696;49,99;
10:51:07;7746;49,99;
10:51:10;7748;50,00;
10:51:13;7734;50,00;
10:51:16;7764;50,00;
10:51:19;7768;50,00;
10:51:22;7770;50,00;
10:51:25;7786;50,00;
10:51:28;7756;50,00;
10:51:31;7774;50,00;
10:51:34;7790;50,00;
10:51:37;7760;49,99;
10:51:40;7788;49,99;
10:51:43;7802;49,99;
10:51:49;7804;49,99;
10:51:52;7812;49,98;
10:51:55;7798;49,98;
10:51:58;7800;49,98;
10:52:01;7774;49,97;
10:52:04;7804;49,97;
10:52:07;7806;49,97;
10:52:13;7760;49,98;
10:52:16;7784;49,98;
10:52:19;7780;49,99;
10:52:22;7776;49,99;
10:52:25;7754;49,99;
10:52:28;7784;49,98;
10:52:34;7794;49,98;
10:52:37;7796;49,97;
10:52:40;7814;49,97;
10:52:43;7804;49,97;
10:52:46;7810;49,97;
10:52:49;7796;49,98;
10:52:55;7812;49,98;
10:52:58;7818;49,99;
10:53:01;7810;49,98;
10:53:04;7790;49,98;
10:53:07;7814;49,98;
10:53:13;7798;49,98;
10:53:19;7798;49,97;
10:53:22;7808;49,97;
10:53:25;7818;49,97;
10:53:28;7794;49,97;
10:53:31;7826;49,98;
10:53:34;7836;49,98;
10:53:40;7846;49,98;
10:53:43;7864;49,98;
10:53:46;7878;49,98;
10:53:49;7888;49,98;
10:53:52;7868;49,98;
10:53:55;7904;49,98;
10:53:58;7914;49,98;
10:54:01;7908;49,98;
10:54:04;7884;49,98;
10:54:07;7914;49,98;
10:54:10;7918;49,97;
10:54:13;7920;49,98;
10:54:16;7898;49,98;
10:54:19;7936;49,98;
10:54:25;7954;49,98;
10:54:28;7930;49,98;
10:54:31;7962;49,98;
10:54:34;7968;49,98;
10:54:37;7962;49,98;
10:54:40;7938;49,98;
10:54:43;7964;49,97;
10:54:46;7968;49,98;
10:54:49;7976;49,98;
10:54:52;7956;49,98;
10:54:55;7982;49,98;
10:54:58;7992;49,99;
10:55:04;7964;49,99;
10:55:10;7986;49,99;
10:55:13;7982;50,00;
10:55:16;7952;49,99;
10:55:19;7976;49,99;
10:55:22;7984;49,99;
10:55:25;7980;49,99;
10:55:28;7978;49,99;
10:55:31;7960;50,00;
10:55:34;7990;50,00;
10:55:37;7992;50,00;
10:55:40;7976;50,01;
10:55:43;7988;50,01;
10:55:46;8000;50,01;
10:55:49;8002;50,01;
10:55:52;8006;50,01;
10:55:55;7990;50,00;
10:55:58;7996;50,00;
10:56:01;7994;50,00;
10:56:04;7984;49,99;
10:56:07;7956;49,99;
10:56:10;7972;49,99;
10:56:16;7974;49,99;
10:56:19;7954;49,99;
10:56:22;7978;49,99;
10:56:25;7986;49,99;
10:56:28;7992;49,99;
10:56:31;7970;49,99;
10:56:34;7996;49,98;
10:56:37;8002;49,98;
10:56:40;8012;49,98;
10:56:43;7986;49,98;
10:56:46;8010;49,98;
10:56:49;8010;49,99;
10:56:52;7996;50,00;
10:56:55;7966;50,00;
10:56:58;7994;50,00;
10:57:01;7986;50,01;
10:57:04;7988;50,01;
10:57:07;7938;50,01;
10:57:10;8004;50,00;
10:57:13;8008;50,00;
10:57:16;8004;50,00;
10:57:22;8026;50,00;
10:57:25;8010;50,00;
10:57:28;8014;50,01;
10:57:31;8012;50,01;
10:57:34;8036;50,01;
10:57:37;8030;50,00;
10:57:40;8062;50,00;
10:57:43;8064;50,00;
10:57:46;8064;49,99;
10:57:49;8068;49,99;
10:57:52;8072;50,00;
10:57:55;8064;50,00;
10:57:58;8092;50,00;
10:58:01;8096;50,00;
10:58:04;8100;50,00;
10:58:07;8108;50,01;
10:58:10;8118;50,01;
10:58:13;8116;50,01;
10:58:16;8060;50,00;
10:58:19;8114;50,00;
10:58:28;8082;49,99;
10:58:31;8106;49,99;
10:58:34;8104;50,00;
10:58:37;8102;49,99;
10:58:40;8098;50,00;
10:58:43;8080;50,00;
10:58:46;8088;50,00;
10:58:49;8092;50,00;
10:58:52;8090;49,99;
10:58:55;8084;49,99;
10:58:58;8098;49,99;
10:59:01;8102;49,99;
10:59:04;8104;49,99;
10:59:07;8108;49,99;
10:59:13;8118;49,99;
10:59:16;8110;49,99;
10:59:19;8120;49,98;
10:59:22;8108;49,98;
10:59:25;8134;49,98;
10:59:28;8132;49,98;
10:59:31;8146;49,98;
10:59:34;8150;49,98;
10:59:37;8166;49,98;
10:59:40;8156;49,98;
10:59:43;8166;49,98;
10:59:46;8148;49,98;
10:59:49;8166;49,98;
10:59:52;8162;49,98;
10:59:55;8172;49,98;
10:59:58;8160;49,98;
11:00:01;8174;49,98;
11:00:04;8170;49,98;
11:00:07;8178;49,96;
11:00:10;8164;49,96;
11:00:13;8152;49,96;
11:00:19;8174;49,96;
11:00:22;8168;49,96;
11:00:25;8192;49,97;
11:00:31;8204;49,97;
11:00:34;8190;49,97;
11:00:37;8196;49,96;
11:00:40;8190;49,96;
11:00:43;8188;49,96;
11:00:46;8180;49,96;
11:00:49;8190;49,96;
11:00:52;8180;49,96;
11:00:55;8188;49,96;
11:00:58;8180;49,96;
11:01:01;8178;49,96;
11:01:04;8174;49,96;
11:01:07;8168;49,95;
11:01:10;8164;49,95;
11:01:13;8146;49,96;
11:01:16;8138;49,96;
11:01:19;8124;49,96;
11:01:25;8126;49,97;
11:01:28;8124;49,97;
11:01:31;8114;49,98;
11:01:34;8114;49,97;
11:01:37;8104;49,96;
11:01:40;8112;49,96;
11:01:46;8120;49,96;
11:01:49;8144;49,96;
11:01:52;8148;49,96;
11:01:55;8150;49,96;
11:01:58;8144;49,96;
11:02:01;8140;49,96;
11:02:04;8136;49,96;
11:02:07;8112;49,96;
11:02:10;8136;49,97;
11:02:13;8148;49,97;
11:02:16;8156;49,97;
11:02:19;8158;49,97;
11:02:22;8164;49,97;
11:02:25;8164;49,96;
11:02:31;8166;49,97;
11:02:34;8180;49,97;
11:02:37;8190;49,96;
11:02:40;8200;49,96;
11:02:43;8212;49,96;
11:02:46;8220;49,96;
11:02:49;8216;49,96;
11:02:52;8220;49,96;
11:02:55;8216;49,97;
11:03:04;8220;49,98;
11:03:07;8216;49,98;
11:03:10;8244;49,98;
11:03:13;8240;49,98;
11:03:16;8244;49,99;
11:03:19;8224;49,99;
11:03:22;8232;49,99;
11:03:25;8224;49,98;
11:03:28;8232;49,98;
11:03:31;8224;49,98;
11:03:37;8248;49,97;
11:03:40;8252;49,97;
11:03:43;8220;49,98;
11:03:46;8244;49,98;
11:03:49;8236;49,98;
11:03:52;8240;49,98;
11:03:55;8220;49,98;
11:03:58;8236;49,98;
11:04:01;8240;49,98;
11:04:07;8236;49,99;
11:04:10;8244;49,98;
11:04:13;8244;49,99;
11:04:16;8252;49,99;
11:04:25;8228;49,99;
11:04:28;8256;49,99;
11:04:31;8252;49,99;
11:04:37;8256;49,98;
11:04:40;8248;49,98;
11:04:43;8260;49,99;
11:04:46;8264;49,99;
11:04:52;8268;49,99;
11:04:55;8272;49,99;
11:04:58;8280;49,99;
11:05:01;8288;49,99;
11:05:04;8292;49,99;
11:05:07;8296;49,99;
11:05:10;8288;49,98;
11:05:13;8280;49,98;
11:05:16;8264;49,98;
11:05:19;8256;49,97;
11:05:22;8260;49,97;
11:05:28;8268;49,97;
11:05:31;8260;49,97;
11:05:34;8240;49,97;
11:05:37;8232;49,97;
11:05:40;8216;49,97;
11:05:43;8212;49,98;
11:05:46;8196;49,98;
11:05:49;8216;49,98;
11:05:55;8220;49,98;
11:05:58;8236;49,98;
11:06:01;8244;49,99;
11:06:04;8252;49,99;
11:06:07;8264;50,00;
11:06:10;8260;50,00;
11:06:13;8272;49,99;
11:06:19;8284;49,99;
11:06:22;8260;49,98;
11:06:25;8292;49,97;
11:06:28;8296;49,97;
11:06:34;8284;49,97;
11:06:37;8312;49,97;
11:06:40;8304;49,96;
11:06:43;8304;49,97;
11:06:46;8272;49,96;
11:06:49;8288;49,97;
11:06:52;8284;49,98;
11:06:55;8284;49,97;
11:06:58;8284;49,98;
11:07:01;8312;49,98;
11:07:04;8324;49,98;
11:07:07;8340;49,98;
11:07:10;8324;49,98;
11:07:13;8364;49,98;
11:07:16;8372;49,98;
11:07:19;8388;49,97;
11:07:22;8372;49,98;
11:07:25;8400;49,98;
11:07:28;8396;49,98;
11:07:31;8400;49,97;
11:07:34;8372;49,96;
11:07:40;8388;49,96;
11:07:43;8392;49,96;
11:07:46;8364;49,96;
11:07:49;8392;49,97;
11:07:52;8384;49,97;
11:07:55;8388;49,98;
11:08:01;8372;49,98;
11:08:04;8396;49,99;
11:08:10;8404;49,99;
11:08:13;8392;49,98;
11:08:16;8416;49,98;
11:08:19;8432;49,97;
11:08:25;8456;49,97;
11:08:28;8456;49,96;
11:08:31;8440;49,97;
11:08:37;8424;49,98;
11:08:40;8412;49,98;
11:08:43;8404;49,98;
11:08:46;8408;49,98;
11:08:49;8412;49,98;
11:08:52;8420;49,98;
11:08:55;8428;49,98;
11:08:58;8424;49,98;
11:09:01;8412;49,98;
11:09:04;8420;49,98;
11:09:07;8416;49,98;
11:09:13;8408;49,97;
11:09:16;8428;49,97;
11:09:19;8404;49,97;
11:09:22;8408;49,97;
11:09:25;8368;49,97;
11:09:31;8408;49,98;
11:09:34;8416;49,98;
11:09:37;8388;49,97;
11:09:40;8420;49,98;
11:09:43;8416;49,98;
11:09:49;8412;49,98;
11:09:52;8388;49,98;
11:09:55;8424;49,98;
11:09:58;8436;49,98;
11:10:01;8416;49,98;
11:10:04;8452;49,98;
11:10:07;8476;49,97;
11:10:10;8488;49,97;
11:10:13;8492;49,97;
11:10:16;8508;49,97;
11:10:19;8516;49,96;
11:10:22;8528;49,96;
11:10:25;8512;49,96;
11:10:28;8540;49,96;
11:10:31;8548;49,96;
11:10:37;8552;49,96;
11:10:40;8584;49,96;
11:10:46;8600;49,96;
11:10:49;8576;49,97;
11:10:52;8608;49,97;
11:10:55;8616;49,97;
11:11:01;8616;49,98;
11:11:04;8624;49,99;
11:11:10;8632;49,99;
11:11:13;8632;50,00;
11:11:16;8628;50,00;
11:11:19;8656;49,99;
11:11:22;8660;49,98;
11:11:25;8680;49,98;
11:11:28;8664;49,98;
11:11:31;8712;49,97;
11:11:37;8736;49,97;
11:11:43;8744;49,97;
11:11:46;8732;49,97;
11:11:49;8740;49,97;
11:11:52;8720;49,97;
11:11:55;8772;49,98;
11:11:58;8764;49,98;
11:12:01;8784;49,98;
11:12:04;8788;49,97;
11:12:07;8812;49,96;
11:12:13;8844;49,96;
11:12:16;8836;49,96;
11:12:19;8900;49,96;
11:12:22;8904;49,96;
11:12:25;8924;49,96;
11:12:28;8912;49,96;
11:12:31;8952;49,97;
11:12:34;8936;49,97;
11:12:37;8948;49,97;
11:12:40;8920;49,97;
11:12:43;8944;49,97;
11:12:46;8948;49,98;
11:12:49;8940;49,98;
11:12:52;8936;49,98;
11:12:55;8960;49,98;
11:12:58;8948;49,98;
11:13:01;8968;49,98;
11:13:04;8972;49,98;
11:13:07;8984;50,00;
11:13:10;9012;50,00;
11:13:16;8972;50,00;
11:13:19;8988;50,00;
11:13:22;8984;49,99;
11:13:25;9004;49,99;
11:13:28;8812;49,98;
11:13:34;8776;49,98;
11:13:37;8832;49,98;
11:13:40;8900;49,98;
11:13:43;8596;49,97;
11:13:46;7498;49,97;
11:13:49;7650;49,97;
11:13:52;7412;49,98;
11:13:55;7082;49,98;
11:13:58;9108;49,98;
11:14:01;8328;49,98;
11:14:04;7548;49,97;
11:14:07;8788;49,97;
11:14:10;8908;49,98;
11:14:13;9020;49,98;
11:14:16;9064;49,99;
11:14:19;9136;49,99;
11:14:22;9076;49,99;
11:14:25;9148;49,99;
11:14:28;9116;49,98;
11:14:31;8800;49,98;
11:14:34;9236;49,98;
11:14:40;8568;49,98;
11:14:43;8924;49,98;
11:14:46;8596;49,98;
11:14:49;8632;49,99;
11:14:52;9332;49,99;
11:14:55;9336;49,99;
11:14:58;9016;50,00;
11:15:01;7872;49,99;
11:15:04;8484;49,98;
11:15:07;8860;49,98;
11:15:10;9244;49,98;
11:15:16;9240;49,99;
11:15:19;9232;49,99;
11:15:22;9268;49,98;
11:15:25;9300;49,98;
11:15:28;9408;49,98;
11:15:34;9464;49,99;
11:15:37;9392;49,99;
11:15:40;9492;49,99;
11:15:46;7712;50,00;
11:15:49;7224;49,99;
11:15:52;7358;50,00;
11:15:55;6210;50,00;
11:15:58;6142;50,00;
11:16:01;6762;50,00;
11:16:04;8340;50,00;
11:16:07;9000;49,99;
11:16:10;9104;49,98;
11:16:13;9108;49,98;
11:16:16;9500;49,98;
11:16:19;9608;49,98;
11:16:22;9672;49,98;
11:16:25;9792;49,98;
11:16:28;9836;49,98;
11:16:31;9900;49,99;
11:16:34;9908;50,00;
11:16:37;9904;50,00;
11:16:40;9928;50,01;
11:16:43;9916;50,01;
11:16:46;9604;50,01;
11:16:52;8712;50,01;
11:16:55;8716;50,00;
11:16:58;8856;50,00;
11:17:01;9836;50,00;
11:17:04;10028;50,00;
11:17:07;9532;50,00;
11:17:13;10188;50,00;
11:17:16;10276;50,00;
11:17:19;10308;49,99;
11:17:22;10284;49,99;
11:17:25;7186;49,98;
11:17:28;5364;49,98;
11:17:31;5084;49,98;
11:17:37;6494;49,98;
11:17:40;6906;49,97;
11:17:43;6672;49,98;
11:17:46;6466;49,98;
11:17:49;9424;49,98;
11:17:52;9208;49,98;
11:17:55;8420;49,99;
11:17:58;9356;49,99;
11:18:01;5238;50,00;
11:18:04;4914;50,00;
11:18:07;5894;50,00;
11:18:10;6676;50,00;
11:18:13;8272;50,00;
11:18:16;6992;49,99;
11:18:19;6586;50,00;
11:18:22;6566;50,00;
11:18:25;7296;50,00;
11:18:28;8228;50,00;
11:18:31;6708;49,99;
11:18:34;5696;49,98;
11:18:37;9664;49,98;
11:18:43;7748;49,99;
11:18:46;7948;49,99;
11:18:49;8058;49,99;
11:18:52;8192;49,99;
11:18:55;5000;50,00;
11:18:58;5650;50,00;
11:19:01;6426;50,00;
11:19:04;5178;50,00;
11:19:07;4146;50,00;
11:19:10;4182;50,00;
11:19:13;4518;50,00;
11:19:16;4616;50,00;
11:19:19;4023;50,00;
11:19:22;4124;50,00;
11:19:25;4430;50,00;
11:19:28;4098;49,99;
11:19:31;4868;50,00;
11:19:34;4326;49,99;
11:19:37;3775;49,99;
11:19:40;3732;49,99;
11:19:43;3667;49,99;
11:19:49;3617;49,99;
11:19:52;3642;49,99;
11:19:55;3623;49,99;
11:19:58;3642;49,99;
11:20:01;3653;50,00;
11:20:04;3674;50,00;
11:20:07;3679;50,00;
11:20:10;3681;50,00;
11:20:13;3744;50,00;
11:20:16;3779;49,99;
11:20:19;4036;49,98;
11:20:22;3742;49,98;
11:20:25;3761;49,97;
11:20:28;3552;49,97;
11:20:31;3512;49,97;
11:20:34;3507;49,97;
11:20:37;3503;49,97;
11:20:40;3533;49,98;
11:20:43;3672;49,98;
11:20:46;3752;49,98;
11:20:49;3502;49,99;
11:20:55;3389;49,99;
11:20:58;3369;49,98;
11:21:01;3315;49,98;
11:21:04;3287;49,98;
11:21:07;3235;49,98;
11:21:10;3210;49,98;
11:21:13;3174;49,97;
11:21:16;3165;49,97;
11:21:19;3107;49,97;
11:21:22;3098;49,97;
11:21:25;3156;49,96;
11:21:28;3113;49,97;
11:21:31;3002;49,97;
11:21:34;2991;49,97;
11:21:37;2974;49,97;
11:21:40;2945;49,98;
11:21:43;2929;49,97;
11:21:46;2906;49,97;
11:21:49;2896;49,97;
11:21:52;2874;49,97;
11:21:55;2867;49,97;
11:21:58;2850;49,97;
11:22:01;2851;49,97;
11:22:04;2825;49,98;
11:22:07;2816;49,98;
11:22:10;2801;49,98;
11:22:13;2793;49,98;
11:22:16;2783;49,98;
11:22:19;2784;49,98;
11:22:22;2770;49,98;
11:22:25;2766;49,99;
11:22:28;2756;49,99;
11:22:31;2743;49,99;
11:22:34;2739;49,99;
11:22:37;2733;49,99;
11:22:40;2726;49,99;
11:22:46;2717;49,99;
11:22:49;2715;50,00;
11:22:52;2708;50,00;
11:22:55;2714;50,00;
11:22:58;2699;49,99;
11:23:01;2702;49,99;
11:23:04;2683;49,99;
11:23:07;2686;49,99;
11:23:10;2675;49,99;
11:23:13;2695;49,99;
11:23:16;2676;49,99;
11:23:19;2644;49,99;
11:23:22;2631;49,99;
11:23:25;2627;49,99;
11:23:28;2634;49,99;
11:23:31;2627;49,99;
11:23:34;2623;49,99;
11:23:37;2616;49,99;
11:23:40;2618;49,99;
11:23:43;2616;49,99;
11:23:46;2610;49,99;
11:23:55;2610;49,98;
11:23:58;2607;49,98;
11:24:01;2608;49,97;
11:24:04;2610;49,97;
11:24:07;2612;49,97;
11:24:10;2605;49,97;
11:24:13;2608;49,97;
11:24:16;2617;49,97;
11:24:22;2615;49,98;
11:24:25;2624;49,97;
11:24:28;2628;49,98;
11:24:31;2630;49,98;
11:24:34;2634;49,97;
11:24:37;2637;49,97;
11:24:40;2638;49,97;
11:24:43;2645;49,97;
11:24:46;2643;49,98;
11:24:49;2654;49,98;
11:24:52;2658;49,98;
11:24:58;2659;49,98;
11:25:01;2673;49,98;
11:25:04;2678;49,99;
11:25:07;2685;49,99;
11:25:10;2676;49,99;
11:25:13;2693;49,99;
11:25:16;2697;49,99;
11:25:19;2700;49,99;
11:25:22;2689;49,97;
11:25:25;2711;49,97;
11:25:28;2719;49,96;
11:25:31;2724;49,97;
11:25:34;2718;49,98;
11:25:37;2735;49,98;
11:25:40;2740;49,98;
11:25:43;2748;49,98;
11:25:46;2743;49,98;
11:25:49;2762;49,98;
11:25:52;2772;49,99;
11:25:55;2777;49,99;
11:25:58;2775;50,00;
11:26:04;2802;49,99;
11:26:07;2807;49,99;
11:26:10;2803;49,98;
11:26:13;2823;49,98;
11:26:16;2828;49,98;
11:26:19;2833;49,98;
11:26:22;2846;49,99;
11:26:25;2842;49,99;
11:26:28;2863;49,99;
11:26:31;2866;49,99;
11:26:34;2881;49,99;
11:26:37;2886;49,99;
11:26:40;2900;50,00;
11:26:43;2900;49,99;
11:26:49;2916;49,99;
11:26:52;2931;49,98;
11:26:55;2932;49,98;
11:26:58;2951;49,99;
11:27:01;2960;49,99;
11:27:04;2975;49,99;
11:27:07;2976;49,99;
11:27:10;2998;49,98;
11:27:13;3013;49,98;
11:27:16;3018;49,98;
11:27:19;3028;49,98;
11:27:22;3037;49,98;
11:27:25;3048;49,98;
11:27:28;3066;49,98;
11:27:31;3074;49,98;
11:27:34;3115;49,97;
11:27:37;3148;49,97;
11:27:40;3186;49,98;
11:27:43;3241;49,98;
11:27:46;3288;49,98;
11:27:49;3366;49,98;
11:27:55;7998;49,98;
11:27:58;5660;49,98;
11:28:01;3488;49,98;
11:28:04;3445;49,98;
11:28:07;3425;49,98;
11:28:10;3404;49,98;
11:28:13;3416;49,98;
11:28:16;3389;49,98;
11:28:19;3360;49,98;
11:28:22;3374;49,98;
11:28:25;3428;49,98;
11:28:28;3968;49,98;
11:28:31;6636;49,98;
11:28:34;4088;49,98;
11:28:37;4560;49,98;
11:28:40;3346;49,96;
11:28:43;3172;49,96;
11:28:46;3135;49,96;
11:28:49;3056;49,96;
11:28:52;3037;49,96;
11:28:55;2988;49,98;
11:29:01;2945;49,98;
11:29:04;2943;49,98;
11:29:07;2916;49,98;
11:29:10;2918;49,98;
11:29:13;2908;49,98;
11:29:16;2898;49,98;
11:29:19;2899;49,98;
11:29:22;2888;49,98;
11:29:25;2887;49,98;
11:29:28;2879;49,98;
11:29:31;2876;49,99;
11:29:34;2882;49,99;
11:29:37;2883;49,99;
11:29:40;2870;49,99;
11:29:43;2878;49,99;
11:29:46;2872;50,00;
11:29:49;2879;50,00;
11:29:52;2873;50,00;
11:29:55;2881;50,00;
11:29:58;2871;50,00;
11:30:01;2875;50,00;
11:30:07;2877;49,98;
11:30:10;2869;49,98;
11:30:13;2875;49,97;
11:30:16;2866;49,96;
11:30:19;2881;49,96;
11:30:22;2875;49,97;
11:30:25;2881;49,98;
11:30:28;2884;49,98;
11:30:31;2885;49,97;
11:30:34;2879;49,97;
11:30:37;2888;49,97;
11:30:40;2881;49,97;
11:30:43;2891;49,97;
11:30:46;2888;49,97;
11:30:52;2896;49,96;
11:30:55;2907;49,96;
11:30:58;2906;49,96;
11:31:01;2916;49,96;
11:31:04;2918;49,96;
11:31:07;2933;49,96;
11:31:10;2939;49,96;
11:31:13;2942;49,96;
11:31:16;2973;49,95;
11:31:19;2982;49,95;
11:31:22;3006;49,96;
11:31:25;3027;49,96;
11:31:28;3047;49,97;
11:31:31;3066;49,97;
11:31:34;3078;49,97;
11:31:37;3087;49,96;
11:31:40;3088;49,96;
11:31:43;3070;49,96;
11:31:46;3071;49,96;
11:31:49;3064;49,96;
11:31:52;3055;49,96;
11:31:58;3036;49,96;
11:32:01;3033;49,96;
11:32:04;3005;49,96;
11:32:07;3010;49,96;
11:32:10;2993;49,97;
11:32:13;2993;49,96;
11:32:16;2990;49,96;
11:32:19;2974;49,96;
11:32:22;2977;49,96;
11:32:25;2968;49,96;
11:32:28;2962;49,97;
11:32:34;2970;49,98;
11:32:37;2958;49,97;
11:32:40;2966;49,97;
11:32:43;2964;49,97;
11:32:46;2970;49,98;
11:32:49;2968;49,98;
11:32:52;2978;49,98;
11:32:55;2973;49,98;
11:32:58;2991;49,97;
11:33:04;3008;49,97;
11:33:07;3009;49,97;
11:33:10;3032;49,96;
11:33:13;3031;49,96;
11:33:16;3055;49,96;
11:33:22;3072;49,96;
11:33:25;3083;49,96;
11:33:28;3122;49,96;
11:33:31;3125;49,96;
11:33:34;3153;49,96;
11:33:37;3157;49,96;
11:33:40;3199;49,96;
11:33:43;3211;49,96;
11:33:46;3239;49,96;
11:33:49;3265;49,96;
11:33:52;3237;49,97;
11:33:55;3218;49,97;
11:33:58;3273;49,97;
11:34:01;3257;49,97;
11:34:04;3246;49,96;
11:34:10;3255;49,97;
11:34:13;3268;49,97;
11:34:16;3320;49,98;
11:34:19;3291;49,98;
11:34:22;3359;49,98;
11:34:25;3614;49,98;
11:34:28;3949;49,98;
11:34:31;4146;49,98;
11:34:34;5238;49,98;
11:34:37;4732;49,98;
11:34:40;6472;49,99;
11:34:43;7242;49,99;
11:34:46;5484;50,00;
11:34:49;4047;50,00;
11:34:52;3444;49,99;
11:34:55;3003;49,99;
11:34:58;2984;49,98;
11:35:01;2883;49,99;
11:35:04;2820;49,98;
11:35:07;2814;49,99;
11:35:10;2776;49,99;
11:35:16;2768;49,99;
11:35:19;2736;49,99;
11:35:22;2721;49,98;
11:35:25;2720;49,98;
11:35:28;2714;49,98;
11:35:31;2716;49,97;
11:35:34;2706;49,97;
11:35:37;2718;49,97;
11:35:40;2717;49,97;
11:35:43;2725;49,97;
11:35:46;2722;49,97;
11:35:49;2735;49,96;
11:35:52;2732;49,96;
11:35:55;2741;49,96;
11:36:01;2757;49,96;
11:36:04;2730;49,97;
11:36:07;2735;49,98;
11:36:10;2727;49,98;
11:36:13;2733;49,98;
11:36:16;2727;49,99;
11:36:19;2728;49,99;
11:36:22;2744;49,99;
11:36:25;2647;49,99;
11:36:28;2609;49,99;
11:36:31;2587;49,99;
11:36:34;2576;49,99;
11:36:37;2549;49,99;
11:36:40;2540;49,98;
11:36:43;2523;49,98;
11:36:46;2510;49,97;
11:36:49;2502;49,97;
11:36:52;2496;49,97;
11:36:55;2488;49,97;
11:36:58;2475;49,97;
11:37:01;2477;49,96;
11:37:07;2473;49,97;
11:37:10;2465;49,98;
11:37:13;2471;49,97;
11:37:16;2473;49,97;
11:37:19;2477;49,97;
11:37:22;2469;49,96;
11:37:25;2489;49,97;
11:37:28;2490;49,97;
11:37:31;2514;49,97;
11:37:34;2519;49,97;
11:37:37;2557;49,98;
11:37:40;2576;49,98;
11:37:43;2609;49,98;
11:37:46;2626;49,98;
11:37:49;2653;49,97;
11:37:52;2738;49,97;
11:37:55;2658;49,98;
11:37:58;2664;49,98;
11:38:01;2688;49,97;
11:38:04;2706;49,97;
11:38:07;2750;49,96;
11:38:13;2964;49,97;
11:38:16;2980;49,97;
11:38:19;3597;49,98;
11:38:22;3858;49,98;
11:38:25;3056;49,98;
11:38:28;3033;49,98;
11:38:31;3068;49,98;
11:38:34;3359;49,98;
11:38:37;4652;49,98;
11:38:40;4071;49,98;
11:38:43;2926;49,98;
11:38:46;2879;49,98;
11:38:49;2807;49,98;
11:38:52;2776;49,98;
11:38:55;2759;49,98;
11:38:58;2859;49,98;
11:39:01;2699;49,98;
11:39:04;2690;49,98;
11:39:07;2696;49,98;
11:39:10;2711;49,98;
11:39:13;2759;49,98;
11:39:19;3009;49,98;
11:39:22;3093;49,98;
11:39:25;4342;49,98;
11:39:28;5850;49,98;
11:39:31;4924;49,98;
11:39:34;5100;49,98;
11:39:37;4650;49,98;
11:39:40;4130;49,98;
11:39:43;4106;49,98;
11:39:46;4116;49,99;
11:39:49;3880;49,99;
11:39:52;3724;49,99;
11:39:55;3168;49,99;
11:39:58;4021;49,99;
11:40:04;4564;49,98;
11:40:07;4630;49,98;
11:40:10;5066;49,98;
11:40:13;4874;49,97;
11:40:16;3609;49,96;
11:40:19;3454;49,97;
11:40:22;4051;49,96;
11:40:25;6988;49,97;
11:40:28;9372;49,98;
11:40:31;9636;49,98;
11:40:34;9468;49,99;
11:40:37;8572;49,99;
11:40:40;4746;49,99;
11:40:43;4400;49,99;
11:40:46;4396;49,99;
11:40:49;4030;49,98;
11:40:52;5676;49,98;
11:40:55;8168;49,98;
11:40:58;6132;49,98;
11:41:01;7218;49,99;
11:41:04;7466;49,99;
11:41:10;10040;49,99;
11:41:13;10336;49,99;
11:41:16;8184;49,98;
11:41:19;5426;49,98;
11:41:22;4348;49,97;
11:41:25;3490;49,97;
11:41:28;2887;49,97;
11:41:31;2826;49,98;
11:41:34;2618;49,98;
11:41:37;2571;49,98;
11:41:40;2488;49,98;
11:41:43;2412;49,98;
11:41:46;2342;49,98;
11:41:49;2317;49,98;
11:41:52;2302;49,98;
11:41:55;2281;49,98;
11:41:58;2260;49,98;
11:42:01;2264;49,98;
11:42:04;2312;49,98;
11:42:07;2315;49,98;
11:42:10;2319;49,98;
11:42:16;2287;49,99;
11:42:19;2281;49,99;
11:42:22;2298;49,99;
11:42:25;2317;49,99;
11:42:28;2361;50,00;
11:42:31;2409;50,00;
11:42:34;2497;50,00;
11:42:37;2575;50,00;
11:42:40;2815;50,00;
11:42:43;3520;50,00;
11:42:46;3376;50,00;
11:42:49;3392;50,00;
11:42:52;2851;49,98;
11:42:55;2732;49,98;
11:42:58;2733;49,98;
11:43:01;2797;49,97;
11:43:04;2935;49,97;
11:43:07;3060;49,97;
11:43:10;6292;49,98;
11:43:13;6970;49,98;
11:43:16;5930;49,98;
11:43:22;3181;49,99;
11:43:25;3393;49,99;
11:43:28;4618;50,00;
11:43:31;6832;50,00;
11:43:34;8348;50,00;
11:43:37;7742;50,00;
11:43:40;7516;50,00;
11:43:43;6744;49,99;
11:43:46;5168;49,99;
11:43:49;6000;49,99;
11:43:52;7960;49,98;
11:43:55;8400;49,98;
11:43:58;4172;49,98;
11:44:01;3911;49,98;
11:44:04;3938;49,98;
11:44:07;4262;49,98;
11:44:10;5404;49,98;
11:44:13;7512;49,98;
11:44:16;7340;49,98;
11:44:19;8352;49,98;
11:44:22;8380;49,98;
11:44:28;9120;49,98;
11:44:31;4604;49,98;
11:44:34;3532;49,98;
11:44:37;4192;49,98;
11:44:40;6474;49,98;
11:44:43;7642;49,97;
11:44:46;8640;49,98;
11:44:49;9288;49,98;
11:44:52;7878;49,98;
11:44:55;8332;49,98;
11:44:58;8792;49,98;
11:45:01;9540;49,99;
11:45:04;9288;49,99;
11:45:07;6176;49,99;
11:45:13;9596;49,98;
11:45:16;9592;49,99;
11:45:19;9836;49,98;
11:45:22;9796;49,98;
11:45:25;9912;49,98;
11:45:28;9856;49,97;
11:45:31;9900;49,97;
11:45:34;9860;49,97;
11:45:37;9772;49,97;
11:45:40;9824;49,97;
11:45:43;9828;49,97;
11:45:46;9800;49,97;
11:45:49;9700;49,98;
11:45:52;9692;49,98;
11:45:55;9628;49,98;
11:45:58;9700;49,99;
11:46:01;9780;49,99;
11:46:04;9784;49,99;
11:46:07;9648;49,99;
11:46:10;9744;49,99;
11:46:13;9784;49,99;
11:46:19;9580;49,98;
11:46:22;9448;49,98;
11:46:25;9464;49,98;
11:46:28;9660;49,98;
11:46:31;9536;49,99;
11:46:34;9592;49,99;
11:46:37;9600;49,99;
11:46:40;9660;49,99;
11:46:43;9680;50,00;
11:46:46;9692;49,99;
11:46:49;9668;49,99;
11:46:52;9692;49,98;
11:46:55;9688;49,98;
11:46:58;9700;49,98;
11:47:01;9696;49,98;
11:47:04;9668;49,99;
11:47:07;9628;49,99;
11:47:10;9644;49,99;
11:47:13;9588;49,98;
11:47:19;9544;49,98;
11:47:25;9564;49,97;
11:47:28;9560;49,97;
11:47:31;8112;49,97;
11:47:34;7978;49,97;
11:47:37;8780;49,97;
11:47:40;8170;49,97;
11:47:43;9064;49,97;
11:47:46;9640;49,98;
11:47:49;9752;49,99;
11:47:55;7406;50,00;
11:47:58;7232;50,00;
11:48:01;6426;50,00;
11:48:04;9280;50,00;
11:48:07;9652;49,99;
11:48:10;9520;49,99;
11:48:13;9620;49,98;
11:48:16;9648;49,98;
11:48:19;9596;49,98;
11:48:22;9604;49,97;
11:48:25;9652;49,97;
11:48:31;9660;49,98;
11:48:34;9596;49,98;
11:48:37;9672;49,99;
11:48:40;9696;49,99;
11:48:46;9640;49,99;
11:48:49;9636;49,99;
11:48:52;9504;49,99;
11:48:55;9672;50,00;
11:48:58;9600;50,00;
11:49:01;9644;50,00;
11:49:04;9616;50,00;
11:49:07;9628;50,00;
11:49:10;9592;49,99;
11:49:16;9640;49,99;
11:49:19;9640;49,98;
11:49:22;9636;49,98;
11:49:25;9656;49,97;
11:49:28;9452;49,97;
11:49:31;8316;49,97;
11:49:34;6658;49,97;
11:49:37;8336;49,97;
11:49:40;9540;49,97;
11:49:43;9592;49,97;
11:49:46;9684;49,96;
11:49:49;9700;49,96;
11:49:52;9764;49,97;
11:49:55;9756;49,97;
11:49:58;9740;49,97;
11:50:01;9820;49,97;
11:50:04;9900;49,97;
11:50:07;9892;49,97;
11:50:10;9940;49,97;
11:50:13;9948;49,97;
11:50:16;9968;49,97;
11:50:22;10004;49,98;
11:50:25;10020;49,98;
11:50:28;10028;49,97;
11:50:31;10008;49,96;
11:50:34;10028;49,96;
11:50:37;10008;49,96;
11:50:40;10036;49,96;
11:50:43;10024;49,96;
11:50:46;10012;49,96;
11:50:49;10000;49,96;
11:50:52;9984;49,97;
11:50:55;9952;49,97;
11:50:58;9964;49,97;
11:51:01;9948;49,97;
11:51:04;9956;49,98;
11:51:07;9916;49,98;
11:51:10;9944;49,98;
11:51:13;9940;49,98;
11:51:16;9704;49,97;
11:51:19;7468;49,97;
11:51:22;9988;49,97;
11:51:28;9860;49,97;
11:51:31;9640;49,98;
11:51:34;3469;49,98;
11:51:37;2790;49,98;
11:51:40;4076;49,97;
11:51:43;6164;49,97;
11:51:46;3265;49,97;
11:51:49;2894;49,97;
11:51:52;2669;49,98;
11:51:55;2532;49,98;
11:51:58;2488;49,98;
11:52:01;2467;49,99;
11:52:04;2468;49,98;
11:52:07;2463;49,98;
11:52:10;2486;49,98;
11:52:13;2511;49,98;
11:52:16;2567;49,98;
11:52:19;2596;49,98;
11:52:22;2679;49,99;
11:52:25;2716;49,98;
11:52:28;2837;49,99;
11:52:34;3245;49,98;
11:52:37;4242;49,98;
11:52:40;10224;49,98;
11:52:43;10200;49,98;
11:52:46;10240;49,98;
11:52:49;10256;49,98;
11:52:52;10264;49,98;
11:52:55;10272;49,98;
11:52:58;10248;49,98;
11:53:01;10280;49,98;
11:53:04;10016;49,99;
11:53:07;9704;49,99;
11:53:10;9688;49,99;
11:53:13;7060;50,00;
11:53:16;4338;50,00;
11:53:19;3786;50,00;
11:53:22;3178;50,00;
11:53:25;3048;50,00;
11:53:28;3148;50,00;
11:53:31;5720;49,98;
11:53:34;7682;49,98;
11:53:37;9052;49,98;
11:53:40;8248;49,98;
11:53:43;4814;49,98;
11:53:46;7814;49,98;
11:53:49;4808;49,98;
11:53:52;4210;49,98;
11:53:55;3677;49,98;
11:53:58;3878;49,98;
11:54:01;3503;49,99;
11:54:04;3287;49,99;
11:54:07;3539;49,98;
11:54:10;3022;49,98;
11:54:13;2957;49,98;
11:54:16;2944;49,98;
11:54:19;3144;49,97;
11:54:25;2783;49,97;
11:54:28;2461;49,98;
11:54:31;2352;49,98;
11:54:34;2308;49,98;
11:54:37;2303;49,98;
11:54:40;2310;49,98;
11:54:43;2315;49,98;
11:54:46;2336;49,98;
11:54:49;2506;49,98;
11:54:52;2857;49,99;
11:54:55;2761;49,98;
11:54:58;2667;49,98;
11:55:01;2906;49,98;
11:55:04;3611;49,98;
11:55:07;3008;49,99;
11:55:10;2442;49,99;
11:55:13;2415;49,98;
11:55:16;2592;49,98;
11:55:19;2479;49,98;
11:55:22;2492;49,98;
11:55:25;2651;49,99;
11:55:31;2506;50,00;
11:55:34;2155;49,99;
11:55:37;2080;49,99;
11:55:40;2048;49,99;
11:55:43;2006;49,98;
11:55:46;2019;49,98;
11:55:49;2009;49,98;
11:55:52;2020;49,98;
11:55:55;2046;49,97;
11:55:58;2052;49,96;
11:56:01;2164;49,96;
11:56:04;2100;49,96;
11:56:07;2010;49,96;
11:56:10;1993;49,97;
11:56:13;1969;49,97;
11:56:16;1961;49,98;
11:56:19;1947;49,98;
11:56:22;1941;49,98;
11:56:25;1932;49,98;
11:56:28;1928;49,98;
11:56:31;1927;49,98;
11:56:37;1930;49,98;
11:56:40;1935;49,98;
11:56:43;1953;49,98;
11:56:46;1972;49,99;
11:56:49;2047;50,00;
11:56:52;2113;50,00;
11:56:55;2265;50,00;
11:56:58;2413;50,00;
11:57:01;2299;50,00;
11:57:04;2232;50,00;
11:57:07;2197;49,99;
11:57:10;2188;50,00;
11:57:13;2172;50,00;
11:57:16;2189;50,00;
11:57:19;2234;50,00;
11:57:22;2213;50,00;
11:57:25;2141;50,00;
11:57:28;2154;50,00;
11:57:31;2142;50,00;
11:57:34;2143;50,00;
11:57:37;2090;50,00;
11:57:43;1898;50,00;
11:57:46;1875;50,00;
11:57:49;1838;50,00;
11:57:52;1830;50,00;
11:57:55;1805;50,00;
11:57:58;1805;49,99;
11:58:01;1789;49,99;
11:58:04;1781;49,99;
11:58:07;1782;50,00;
11:58:10;1769;50,00;
11:58:13;1764;50,00;
11:58:16;1755;50,00;
11:58:19;1752;50,00;
11:58:22;1744;50,00;
11:58:28;1733;50,00;
11:58:31;1730;50,00;
11:58:34;1724;50,00;
11:58:37;1722;50,00;
11:58:40;1716;50,00;
11:58:43;1712;50,00;
11:58:46;1703;50,00;
11:58:49;1708;50,00;
11:58:52;1702;50,00;
11:58:55;1697;50,00;
11:58:58;1694;50,01;
11:59:01;1693;50,01;
11:59:04;1688;50,01;
11:59:07;1685;50,01;
11:59:10;1674;50,00;
11:59:13;1681;50,00;
11:59:16;1675;50,00;
11:59:19;1677;50,00;
11:59:22;1672;50,00;
11:59:25;1670;50,00;
11:59:28;1666;49,99;
11:59:34;1664;50,00;
11:59:37;1663;50,00;
11:59:40;1662;50,00;
11:59:43;1660;50,00;
11:59:46;1657;50,00;
11:59:52;1658;50,00;
11:59:55;1650;50,00;
11:59:58;1645;50,00;
12:00:01;1654;50,00;
12:00:07;1645;50,00;
12:00:10;1648;49,98;
12:00:16;1641;49,97;
12:00:19;1639;49,96;
12:00:22;1646;49,96;
12:00:25;1644;49,96;
12:00:28;1646;49,96;
12:00:34;1644;49,96;
12:00:40;1647;49,95;
12:00:43;1646;49,95;
12:00:46;1645;49,95;
12:00:49;1648;49,95;
12:00:52;1644;49,96;
12:00:55;1651;49,96;
12:00:58;1642;49,96;
12:01:01;1646;49,96;
12:01:04;1647;49,96;
12:01:07;1658;49,96;
12:01:10;1653;49,97;
12:01:13;1662;49,97;
12:01:16;1661;49,97;
12:01:19;1669;49,98;
12:01:22;1674;49,98;
12:01:25;1678;49,98;
12:01:31;1688;49,98;
12:01:34;1687;49,98;
12:01:37;1699;49,98;
12:01:40;1698;49,98;
12:01:46;1713;49,97;
12:01:49;1723;49,97;
12:01:52;1724;49,97;
12:01:55;1738;49,97;
12:01:58;1742;49,97;
12:02:01;1749;49,97;
12:02:04;1753;49,97;
12:02:07;1748;49,97;
12:02:10;1766;49,97;
12:02:13;1774;49,97;
12:02:16;1776;49,97;
12:02:19;1786;49,98;
12:02:22;1789;49,98;
12:02:25;1799;49,98;
12:02:31;1809;49,98;
12:02:34;1815;49,98;
12:02:37;1822;49,98;
12:02:40;1827;49,98;
12:02:43;1833;49,98;
12:02:46;1839;49,99;
12:02:49;1840;49,99;
12:02:52;1841;49,99;
12:02:55;1858;49,99;
12:02:58;1862;49,99;
12:03:01;1863;49,99;
12:03:04;1874;49,98;
12:03:07;1882;49,98;
12:03:10;1888;49,98;
12:03:13;1894;49,98;
12:03:16;1903;49,98;
12:03:19;1914;49,99;
12:03:22;1927;49,99;
12:03:25;1948;49,99;
12:03:28;1976;50,00;
12:03:31;2015;49,99;
12:03:37;2078;49,99;
12:03:40;2116;49,99;
12:03:43;3708;49,98;
12:03:46;4662;49,98;
12:03:49;2124;49,97;
12:03:52;2122;49,98;
12:03:55;2122;49,97;
12:03:58;2128;49,98;
12:04:01;2130;49,98;
12:04:04;2138;49,98;
12:04:07;2124;49,98;
12:04:10;2123;49,98;
12:04:13;2113;49,98;
12:04:16;2124;49,98;
12:04:19;2133;49,98;
12:04:22;2158;49,98;
12:04:25;2194;49,99;
12:04:28;2246;49,99;
12:04:31;2244;50,00;
12:04:34;2253;50,00;
12:04:37;2274;49,99;
12:04:43;2380;50,00;
12:04:46;2372;50,00;
12:04:49;2411;50,00;
12:04:52;2451;49,99;
12:04:55;3264;50,00;
12:04:58;3440;49,99;
12:05:01;2723;49,99;
12:05:04;2627;49,99;
12:05:07;2776;49,99;
12:05:10;2439;49,99;
12:05:13;2370;50,00;
12:05:16;2380;50,00;
12:05:19;2436;49,99;
12:05:22;2481;49,99;
12:05:25;2551;49,99;
12:05:28;4618;49,98;
12:05:31;9312;49,98;
12:05:34;8268;49,98;
12:05:37;10048;49,98;
12:05:40;10288;49,98;
12:05:43;9804;49,98;
12:05:49;10072;49,99;
12:05:55;10280;50,00;
12:05:58;10348;49,99;
12:06:01;4314;49,99;
12:06:04;3377;49,99;
12:06:07;5574;49,98;
12:06:10;7780;49,98;
12:06:13;10364;49,98;
12:06:16;10148;49,98;
12:06:19;5880;49,97;
12:06:22;7222;49,98;
12:06:25;5722;49,98;
12:06:28;3558;49,98;
12:06:31;2459;49,98;
12:06:34;2051;49,98;
12:06:37;1982;49,98;
12:06:40;1975;49,98;
12:06:43;1907;49,99;
12:06:46;1909;49,99;
12:06:49;1878;49,99;
12:06:55;1856;49,99;
12:06:58;1841;49,99;
12:07:01;1843;50,00;
12:07:04;1831;49,99;
12:07:07;1826;49,99;
12:07:10;1821;49,99;
12:07:13;1818;49,99;
12:07:16;1815;49,99;
12:07:19;1814;49,99;
12:07:22;1820;49,99;
12:07:25;1824;50,00;
12:07:28;1830;50,00;
12:07:31;1850;49,99;
12:07:34;1882;49,99;
12:07:40;1991;49,99;
12:07:43;2080;49,99;
12:07:46;3147;49,98;
12:07:49;3517;49,98;
12:07:52;4658;49,98;
12:07:55;3744;49,98;
12:07:58;2429;49,99;
12:08:01;2183;49,99;
12:08:04;2145;49,99;
12:08:07;2133;49,99;
12:08:10;2152;49,99;
12:08:13;2179;49,99;
12:08:16;2279;49,99;
12:08:19;2290;49,99;
12:08:22;2365;49,99;
12:08:25;5122;49,99;
12:08:28;7716;49,99;
12:08:31;9768;49,99;
12:08:34;10396;49,98;
12:08:37;10336;49,98;
12:08:40;10300;49,98;
12:08:46;9964;49,97;
12:08:49;10380;49,97;
12:08:52;10376;49,97;
12:08:55;10372;49,97;
12:08:58;9376;49,98;
12:09:01;10120;49,98;
12:09:04;10300;49,98;
12:09:07;9868;49,98;
12:09:10;10280;49,98;
12:09:13;10224;49,98;
12:09:16;9424;49,98;
12:09:19;8796;49,98;
12:09:22;9112;49,98;
12:09:25;9840;49,98;
12:09:28;10164;49,98;
12:09:31;10384;49,98;
12:09:34;9984;49,98;
12:09:37;9484;49,98;
12:09:40;9916;49,98;
12:09:43;10000;49,98;
12:09:46;9924;49,98;
12:09:52;10268;49,98;
12:09:55;9832;49,98;
12:09:58;9396;49,98;
12:10:01;9804;49,98;
12:10:04;9688;49,98;
12:10:07;10120;49,98;
12:10:10;10172;49,98;
12:10:13;10100;49,98;
12:10:16;10212;49,98;
12:10:19;10204;49,97;
12:10:22;10208;49,97;
12:10:25;10100;49,98;
12:10:28;10184;49,98;
12:10:31;10180;49,98;
12:10:34;10212;49,98;
12:10:37;10196;49,98;
12:10:43;10140;49,99;
12:10:46;10148;49,99;
12:10:49;10096;49,99;
12:10:52;10060;49,99;
12:10:58;10048;50,00;
12:11:01;10000;49,99;
12:11:04;10108;49,99;
12:11:07;10124;49,99;
12:11:10;10136;49,98;
12:11:13;10120;49,98;
12:11:19;10128;49,98;
12:11:22;10100;49,98;
12:11:25;10084;49,98;
12:11:28;10060;49,98;
12:11:31;10100;49,99;
12:11:37;10116;49,98;
12:11:43;10124;49,98;
12:11:46;10088;49,98;
12:11:49;10104;49,97;
12:11:52;10072;49,97;
12:11:55;10084;49,97;
12:11:58;10040;49,97;
12:12:01;10060;49,97;
12:12:04;10048;49,97;
12:12:07;10044;49,97;
12:12:10;10004;49,97;
12:12:13;10000;49,98;
12:12:16;9984;49,98;
12:12:19;9992;49,98;
12:12:22;9944;49,98;
12:12:25;9964;49,98;
12:12:28;9968;49,98;
12:12:31;9976;49,98;
12:12:34;9944;49,98;
12:12:37;9972;49,98;
12:12:40;9984;49,98;
12:12:43;9976;49,98;
12:12:49;9972;49,98;
12:12:52;9984;49,99;
12:12:55;9972;49,99;
12:12:58;9944;49,99;
12:13:01;9952;49,99;
12:13:04;9940;49,99;
12:13:07;9928;49,99;
12:13:10;9924;49,98;
12:13:13;9920;49,98;
12:13:16;9924;49,98;
12:13:19;9932;49,98;
12:13:25;9928;49,98;
12:13:28;9920;49,98;
12:13:31;9900;49,98;
12:13:37;9892;49,98;
12:13:40;9880;49,98;
12:13:43;9872;49,97;
12:13:46;9868;49,97;
12:13:49;9848;49,97;
12:13:55;9836;49,98;
12:13:58;9840;49,98;
12:14:01;9836;49,98;
12:14:04;9828;49,98;
12:14:07;9812;49,99;
12:14:10;9816;49,99;
12:14:13;9800;49,99;
12:14:16;9812;50,00;
12:14:19;9800;50,00;
12:14:22;9796;49,99;
12:14:25;9796;49,98;
12:14:31;9776;49,98;
12:14:37;9756;49,98;
12:14:40;9768;49,98;
12:14:43;9780;49,98;
12:14:46;9788;49,98;
12:14:49;9784;49,98;
12:14:52;9788;49,98;
12:15:07;9780;49,98;
12:15:10;9776;49,98;
12:15:13;9768;49,98;
12:15:16;9764;49,99;
12:15:19;9748;49,99;
12:15:22;9764;49,99;
12:15:28;9768;49,99;
12:15:31;9760;49,99;
12:15:34;9760;49,98;
12:15:37;9756;49,98;
12:15:40;9748;49,98;
12:15:43;9728;49,97;
12:15:46;9740;49,98;
12:15:49;9736;49,98;
12:15:55;9728;49,99;
12:15:58;9724;49,99;
12:16:01;9716;50,00;
12:16:04;9728;50,00;
12:16:07;9732;49,99;
12:16:10;9740;50,00;
12:16:13;9728;50,00;
12:16:16;9732;50,00;
12:16:19;9724;50,00;
12:16:22;9720;50,00;
12:16:25;9720;49,99;
12:16:28;9708;49,99;
12:16:31;9716;50,00;
12:16:34;9716;49,99;
12:16:37;9712;49,99;
12:16:43;9708;49,99;
12:16:46;9708;49,98;
12:16:52;9704;49,98;
12:16:55;9708;49,98;
12:16:58;9704;49,99;
12:17:01;9708;50,00;
12:17:04;9704;50,00;
12:17:07;9700;50,00;
12:17:10;9668;50,00;
12:17:13;9692;50,00;
12:17:16;9680;50,00;
12:17:22;9672;50,00;
12:17:25;9668;49,99;
12:17:34;9628;49,99;
12:17:37;9668;49,99;
12:17:40;9660;49,99;
12:17:49;9612;49,99;
12:17:52;9664;49,99;
12:17:58;9660;49,99;
12:18:04;9652;49,99;
12:18:07;9648;49,99;
12:18:10;9624;49,99;
12:18:13;9628;49,99;
12:18:16;9624;49,99;
12:18:19;9632;49,99;
12:18:22;9612;50,00;
12:18:25;9636;50,00;
12:18:34;9604;50,00;
12:18:37;9636;50,00;
12:18:40;9632;50,00;
12:18:43;9640;50,00;
12:18:46;9640;49,99;
12:18:49;9640;50,00;
12:18:52;9644;49,99;
12:18:55;9648;49,99;
12:18:58;9652;49,99;
12:19:04;9660;49,99;
12:19:07;9664;50,00;
12:19:10;9668;50,00;
12:19:13;9688;50,00;
12:19:22;9684;50,00;
12:19:25;9672;50,00;
12:19:28;9668;50,00;
12:19:31;9676;50,00;
12:19:34;9644;49,99;
12:19:37;9664;49,99;
12:19:40;9640;49,99;
12:19:43;9644;49,99;
12:19:46;9636;49,99;
12:19:49;9628;49,98;
12:19:52;9620;49,98;
12:19:55;9636;49,98;
12:19:58;9616;49,98;
12:20:01;9640;49,98;
12:20:04;9632;49,97;
12:20:10;9612;49,97;
12:20:13;9636;49,97;
12:20:16;9636;49,98;
12:20:19;9656;49,97;
12:20:22;9628;49,97;
12:20:25;9648;49,97;
12:20:28;9644;49,97;
12:20:31;9620;49,97;
12:20:34;9656;49,97;
12:20:37;9648;49,97;
12:20:43;9648;49,98;
12:20:46;9656;49,98;
12:20:49;9652;49,98;
12:20:55;9644;49,98;
12:20:58;9648;49,98;
12:21:01;9652;49,98;
12:21:04;9660;49,98;
12:21:07;9656;49,98;
12:21:10;9652;49,98;
12:21:13;9624;49,98;
12:21:16;9608;49,98;
12:21:19;9628;49,98;
12:21:22;9636;49,99;
12:21:25;9624;49,99;
12:21:28;9644;49,99;
12:21:31;9584;49,99;
12:21:34;9604;49,99;
12:21:37;9600;49,99;
12:21:40;9604;49,98;
12:21:46;9640;49,98;
12:21:49;9624;49,98;
12:21:52;9592;49,98;
12:21:55;9564;49,98;
12:22:01;9604;49,98;
12:22:04;9608;49,98;
12:22:07;9564;49,98;
12:22:10;9576;49,98;
12:22:13;9484;49,98;
12:22:16;9492;49,98;
12:22:22;9464;49,98;
12:22:25;9468;49,98;
12:22:28;9448;49,98;
12:22:31;9380;49,98;
12:22:34;9384;49,98;
12:22:37;9272;49,98;
12:22:40;9292;49,99;
12:22:43;9200;49,99;
12:22:46;9228;49,99;
12:22:49;8964;49,99;
12:22:52;8820;49,99;
12:22:55;7726;49,99;
12:22:58;8736;50,00;
12:23:01;9464;50,00;
12:23:07;9560;50,00;
12:23:10;9520;50,00;
12:23:13;9452;50,00;
12:23:16;9476;50,00;
12:23:19;9540;49,99;
12:23:22;9544;49,99;
12:23:25;9552;49,99;
12:23:28;9568;49,99;
12:23:31;9580;49,99;
12:23:34;9600;49,99;
12:23:37;9584;49,99;
12:23:40;9600;49,99;
12:23:43;9584;49,99;
12:23:46;9604;49,99;
12:23:49;9596;49,99;
12:23:52;9604;49,99;
12:23:55;9592;50,00;
12:23:58;9604;50,00;
12:24:01;9584;50,00;
12:24:04;9604;50,00;
12:24:07;9592;49,99;
12:24:13;9600;49,99;
12:24:19;9588;49,98;
12:24:28;9600;49,98;
12:24:31;9616;49,98;
12:24:34;9604;49,98;
12:24:37;9608;49,97;
12:24:40;9584;49,97;
12:24:43;9616;49,97;
12:24:46;9584;49,97;
12:24:49;9588;49,97;
12:24:52;9564;49,97;
12:24:55;9584;49,97;
12:24:58;9528;49,98;
12:25:01;9576;49,98;
12:25:04;9572;49,99;
12:25:07;9580;49,99;
12:25:10;9528;49,99;
12:25:13;9552;50,00;
12:25:16;9556;50,00;
12:25:19;9540;50,00;
12:25:22;9552;50,00;
12:25:25;9580;50,00;
12:25:28;9584;50,00;
12:25:31;9600;50,00;
12:25:34;9588;50,00;
12:25:37;9612;49,99;
12:25:43;9600;49,99;
12:25:46;9572;49,99;
12:25:49;9604;49,99;
12:25:52;9596;49,98;
12:25:55;9604;49,99;
12:25:58;9588;49,98;
12:26:04;9608;49,98;
12:26:07;9620;49,98;
12:26:10;9608;49,98;
12:26:13;9620;49,98;
12:26:16;9612;49,99;
12:26:22;9616;49,99;
12:26:28;9628;49,99;
12:26:31;9620;49,99;
12:26:34;9628;50,00;
12:26:37;9612;50,00;
12:26:40;9632;50,00;
12:26:43;9620;50,00;
12:26:46;9640;50,00;
12:26:49;9624;50,00;
12:26:52;9640;50,00;
12:26:55;9624;50,00;
12:26:58;9640;50,00;
12:27:01;9624;50,00;
12:27:04;9644;50,00;
12:27:10;9640;49,99;
12:27:13;9620;49,99;
12:27:16;9636;49,99;
12:27:19;9620;49,99;
12:27:22;9628;49,98;
12:27:25;9612;49,99;
12:27:28;9624;49,99;
12:27:31;9628;49,99;
12:27:34;9620;49,99;
12:27:37;9596;49,99;
12:27:40;9608;49,99;
12:27:43;9588;49,99;
12:27:46;9596;49,99;
12:27:49;9576;49,99;
12:27:52;9588;49,99;
12:27:55;9572;49,99;
12:27:58;9596;50,00;
12:28:01;9580;50,00;
12:28:04;9596;50,00;
12:28:07;9580;50,00;
12:28:10;9604;50,01;
12:28:16;9600;50,01;
12:28:19;9584;50,01;
12:28:22;9604;50,01;
12:28:25;9588;50,01;
12:28:28;9608;50,00;
12:28:31;9588;50,00;
12:28:34;9604;50,00;
12:28:37;9608;50,00;
12:28:40;9612;50,00;
12:28:43;9592;50,00;
12:28:46;9612;50,00;
12:28:49;9592;50,00;
12:28:52;9604;50,01;
12:28:55;9580;50,01;
12:28:58;9600;50,02;
12:29:01;9576;50,01;
12:29:04;9592;50,01;
12:29:07;9568;50,01;
12:29:10;9580;50,01;
12:29:13;9568;50,01;
12:29:16;9580;50,00;
12:29:22;9580;50,01;
12:29:25;9576;50,01;
12:29:28;9584;50,01;
12:29:31;9572;50,00;
12:29:34;9564;50,00;
12:29:37;9584;50,00;
12:29:40;9572;50,00;
12:29:43;9592;50,00;
12:29:46;9576;50,00;
12:29:49;9604;50,01;
12:29:52;9588;50,01;
12:29:55;9604;50,02;
12:29:58;9580;50,02;
12:30:01;9604;50,01;
12:30:07;9600;50,00;
12:30:10;9580;49,99;
12:30:13;9600;49,98;
12:30:16;9588;49,98;
12:30:19;9608;49,98;
12:30:22;9584;49,98;
12:30:25;9608;49,99;
12:30:31;9600;49,99;
12:30:34;9576;49,99;
12:30:37;9596;49,98;
12:30:40;9580;49,98;
12:30:43;9596;49,98;
12:30:46;9572;49,98;
12:30:49;9596;49,98;
12:30:52;9584;49,97;
12:30:55;9596;49,97;
12:30:58;9572;49,97;
12:31:01;9584;49,97;
12:31:04;9572;49,98;
12:31:07;9576;49,98;
12:31:13;9588;49,99;
12:31:16;9576;49,99;
12:31:19;9592;49,98;
12:31:22;9580;49,98;
12:31:25;9588;49,97;
12:31:28;9580;49,97;
12:31:31;9576;49,97;
12:31:34;9584;49,97;
12:31:43;9588;49,97;
12:31:46;9592;49,97;
12:31:49;9604;49,98;
12:31:52;9608;49,98;
12:31:55;9592;49,98;
12:31:58;9608;49,98;
12:32:01;9612;49,98;
12:32:04;9616;49,98;
12:32:07;9628;49,98;
12:32:13;9632;49,98;
12:32:19;9628;49,98;
12:32:22;9616;49,98;
12:32:25;9620;49,98;
12:32:28;9612;49,98;
12:32:31;9620;49,98;
12:32:37;9612;49,98;
12:32:40;9624;49,98;
12:32:46;9620;49,98;
12:32:49;9628;49,98;
12:32:55;9620;49,98;
12:32:58;9616;49,98;
12:33:01;9600;49,98;
12:33:04;9612;49,99;
12:33:10;9608;49,99;
12:33:13;9596;49,99;
12:33:16;9592;49,98;
12:33:25;9592;49,97;
12:33:28;9588;49,97;
12:33:31;9584;49,97;
12:33:34;9580;49,97;
12:33:37;9580;49,98;
12:33:40;9572;49,98;
12:33:43;9560;49,98;
12:33:46;9576;49,98;
12:33:52;9548;49,98;
12:33:55;9568;49,98;
12:34:01;9560;49,98;
12:34:04;9556;49,98;
12:34:10;9552;49,98;
12:34:13;9532;49,97;
12:34:16;9552;49,98;
12:34:19;9536;49,98;
12:34:22;9536;49,97;
12:34:25;9512;49,97;
12:34:28;9520;49,97;
12:34:31;9524;49,96;
12:34:37;9520;49,95;
12:34:40;9516;49,96;
12:34:46;9508;49,97;
12:34:52;9480;49,97;
12:34:55;9504;49,98;
12:34:58;9500;49,98;
12:35:01;9496;49,98;
12:35:04;9488;49,99;
12:35:07;9480;49,99;
12:35:10;9468;49,98;
12:35:22;9464;49,98;
12:35:25;9464;49,97;
12:35:28;9468;49,97;
12:35:31;9460;49,97;
12:35:34;9444;49,96;
12:35:37;9456;49,97;
12:35:40;9444;49,98;
12:35:43;9448;49,98;
12:35:46;9444;49,98;
12:35:52;9448;49,98;
12:35:58;9436;49,98;
12:36:01;9460;49,98;
12:36:04;9464;49,98;
12:36:07;9460;49,98;
12:36:10;9464;49,97;
12:36:16;9472;49,96;
12:36:22;9476;49,96;
12:36:25;9480;49,96;
12:36:28;9476;49,96;
12:36:31;9484;49,97;
12:36:34;9480;49,97;
12:36:37;9488;49,97;
12:36:43;9484;49,97;
12:36:46;9468;49,97;
12:36:49;9480;49,96;
12:36:52;9460;49,96;
12:36:55;9480;49,96;
12:36:58;9464;49,96;
12:37:01;9480;49,96;
12:37:04;9476;49,96;
12:37:07;9456;49,97;
12:37:10;9436;49,97;
12:37:13;9432;49,97;
12:37:22;9408;49,97;
12:37:28;9436;49,97;
12:37:31;9440;49,97;
12:37:34;9432;49,97;
12:37:37;9436;49,97;
12:37:40;9420;49,97;
12:37:46;9432;49,98;
12:37:49;9420;49,97;
12:37:52;9416;49,97;
12:37:55;9436;49,97;
12:37:58;9412;49,97;
12:38:01;9432;49,97;
12:38:04;9416;49,97;
12:38:07;9428;49,97;
12:38:10;9424;49,98;
12:38:13;9424;49,97;
12:38:16;9408;49,98;
12:38:19;9432;49,97;
12:38:22;9400;49,96;
12:38:25;9412;49,96;
12:38:28;9392;49,96;
12:38:34;9412;49,96;
12:38:37;9396;49,96;
12:38:40;9388;49,97;
12:38:46;9392;49,97;
12:38:49;9396;49,97;
12:38:52;9400;49,98;
12:38:55;9380;49,98;
12:38:58;9404;49,99;
12:39:01;9416;49,99;
12:39:07;9420;49,99;
12:39:10;9424;49,99;
12:39:19;9440;49,99;
12:39:22;9444;49,98;
12:39:25;9460;49,97;
12:39:28;9464;49,97;
12:39:31;9464;49,96;
12:39:34;9468;49,96;
12:39:37;9464;49,96;
12:39:40;9468;49,96;
12:39:43;9484;49,96;
12:39:46;9500;49,95;
12:39:49;9484;49,96;
12:39:52;9508;49,96;
12:39:55;9492;49,96;
12:39:58;9512;49,96;
12:40:04;9504;49,96;
12:40:07;9500;49,96;
12:40:10;9516;49,96;
12:40:13;9500;49,96;
12:40:16;9520;49,96;
12:40:19;9504;49,96;
12:40:25;9496;49,96;
12:40:28;9508;49,96;
12:40:31;9480;49,96;
12:40:34;9496;49,96;
12:40:37;9476;49,96;
12:40:40;9500;49,96;
12:40:43;9504;49,96;
12:40:46;9488;49,96;
12:40:49;9484;49,96;
12:40:52;9492;49,96;
12:40:55;9464;49,96;
12:40:58;9476;49,96;
12:41:01;9436;49,96;
12:41:04;9448;49,96;
12:41:07;9448;49,97;
12:41:10;9448;49,98;
12:41:13;9436;49,98;
12:41:16;9448;49,98;
12:41:19;9440;49,98;
12:41:22;9464;49,98;
12:41:25;9448;49,99;
12:41:31;9468;49,99;
12:41:34;9480;49,99;
12:41:37;9476;49,99;
12:41:40;9472;49,99;
12:41:43;9468;49,97;
12:41:46;9460;49,98;
12:41:49;9476;49,98;
12:41:52;9468;49,97;
12:41:55;9476;49,97;
12:41:58;9448;49,97;
12:42:01;9464;49,97;
12:42:04;9452;49,97;
12:42:07;9464;49,98;
12:42:10;9440;49,98;
12:42:13;9460;49,98;
12:42:16;9452;49,99;
12:42:19;9424;49,98;
12:42:22;9452;49,98;
12:42:25;9440;49,98;
12:42:28;9444;49,98;
12:42:31;9424;49,98;
12:42:37;9432;49,97;
12:42:40;9436;49,97;
12:42:43;9448;49,97;
12:42:46;9440;49,97;
12:42:49;9464;49,97;
12:42:52;9452;49,97;
12:42:55;9460;49,97;
12:42:58;9464;49,97;
12:43:01;9456;49,97;
12:43:04;9448;49,97;
12:43:07;9460;49,97;
12:43:10;9432;49,97;
12:43:13;9456;49,97;
12:43:16;9448;49,97;
12:43:22;9452;49,98;
12:43:25;9476;49,97;
12:43:28;9464;49,97;
12:43:31;9476;49,97;
12:43:34;9452;49,98;
12:43:37;9484;49,98;
12:43:40;9488;49,98;
12:43:43;9484;49,98;
12:43:46;9472;49,98;
12:43:49;9496;49,98;
12:43:52;9492;49,99;
12:43:55;9508;49,99;
12:43:58;9488;49,99;
12:44:01;9508;49,98;
12:44:10;9492;49,97;
12:44:13;9524;49,97;
12:44:16;9516;49,96;
12:44:19;9532;49,96;
12:44:22;9508;49,96;
12:44:28;9524;49,96;
12:44:31;9544;49,96;
12:44:34;9524;49,96;
12:44:37;9528;49,96;
12:44:40;9532;49,96;
12:44:43;9532;49,97;
12:44:46;9544;49,97;
12:44:49;9536;49,97;
12:44:52;9528;49,98;
12:44:55;9516;49,98;
12:44:58;9532;49,98;
12:45:01;9512;49,98;
12:45:04;9528;49,98;
12:45:07;9508;49,99;
12:45:10;9524;49,99;
12:45:13;9500;49,99;
12:45:16;9520;49,99;
12:45:19;9500;49,99;
12:45:22;9508;49,98;
12:45:25;9480;49,98;
12:45:28;9484;49,98;
12:45:34;9460;49,98;
12:45:37;9432;49,98;
12:45:40;9436;49,97;
12:45:43;9416;49,98;
12:45:46;9428;49,97;
12:45:49;9412;49,97;
12:45:52;9432;49,97;
12:45:55;9436;49,97;
12:45:58;9440;49,97;
12:46:01;9420;49,97;
12:46:04;9436;49,97;
12:46:07;9416;49,97;
12:46:10;9424;49,98;
12:46:13;9416;49,98;
12:46:16;9432;49,98;
12:46:19;9412;49,98;
12:46:22;9420;49,98;
12:46:25;9404;49,98;
12:46:28;9416;49,99;
12:46:31;9400;49,99;
12:46:34;9424;49,98;
12:46:40;9428;49,98;
12:46:43;9420;49,98;
12:46:46;9428;49,97;
12:46:49;9424;49,96;
12:46:52;9412;49,96;
12:46:55;9424;49,97;
12:46:58;9412;49,97;
12:47:01;9444;49,98;
12:47:04;9448;49,98;
12:47:07;9428;49,98;
12:47:10;9452;49,98;
12:47:13;9428;49,98;
12:47:16;9452;49,98;
12:47:19;9444;49,98;
12:47:22;9456;49,98;
12:47:25;9428;49,98;
12:47:28;9448;49,97;
12:47:31;9436;49,97;
12:47:37;9424;49,98;
12:47:40;9432;49,98;
12:47:43;9436;49,98;
12:47:46;9432;49,98;
12:47:49;9452;49,98;
12:47:52;9448;49,98;
12:47:55;9460;49,98;
12:47:58;9444;49,98;
12:48:01;9464;49,98;
12:48:04;9448;49,98;
12:48:07;9468;49,98;
12:48:10;9452;49,98;
12:48:13;9484;49,98;
12:48:16;9476;49,99;
12:48:19;9496;49,99;
12:48:22;9464;49,99;
12:48:25;9456;49,99;
12:48:31;9448;49,99;
12:48:34;9392;49,99;
12:48:37;9412;49,98;
12:48:40;9428;49,98;
12:48:43;9444;49,98;
12:48:46;9428;49,98;
12:48:49;9456;49,99;
12:48:52;9460;49,99;
12:48:55;9468;49,99;
12:48:58;9448;49,99;
12:49:01;9492;50,00;
12:49:04;9484;50,00;
12:49:07;9504;50,00;
12:49:10;9484;50,00;
12:49:13;9504;50,00;
12:49:16;9496;50,00;
12:49:19;9504;50,00;
12:49:22;9484;50,00;
12:49:25;9512;49,99;
12:49:28;9500;49,99;
12:49:31;9516;49,99;
12:49:37;9540;49,99;
12:49:40;9524;49,99;
12:49:43;9540;50,00;
12:49:49;9556;50,00;
12:49:52;9552;50,00;
12:49:55;9548;50,00;
12:49:58;9556;50,00;
12:50:01;9592;50,01;
12:50:04;9604;50,01;
12:50:07;9616;50,01;
12:50:10;9608;50,01;
12:50:16;9616;50,01;
12:50:19;9600;50,01;
12:50:22;9616;50,00;
12:50:25;9628;50,00;
12:50:28;9632;50,00;
12:50:34;9636;50,00;
12:50:46;9624;50,00;
12:50:49;9616;50,00;
12:50:52;9612;50,00;
12:50:55;9624;50,01;
12:50:58;9632;50,00;
12:51:01;9608;50,00;
12:51:04;9636;50,00;
12:51:07;9628;50,01;
12:51:10;9624;50,01;
12:51:13;9632;50,00;
12:51:16;9644;50,00;
12:51:22;9648;50,00;
12:51:25;9624;49,99;
12:51:28;9656;49,99;
12:51:31;9652;49,99;
12:51:34;9644;49,99;
12:51:37;9628;50,00;
12:51:40;9624;50,00;
12:51:43;9624;50,01;
12:51:49;9628;50,00;
12:51:52;9632;50,00;
12:51:55;9644;50,01;
12:51:58;9660;50,00;
12:52:01;9688;50,00;
12:52:04;9700;50,00;
12:52:10;9716;50,00;
12:52:13;9648;50,00;
12:52:16;9652;50,00;
12:52:19;9512;50,00;
12:52:22;9636;50,00;
12:52:25;9688;50,00;
12:52:28;8872;50,00;
12:52:34;9100;50,00;
12:52:37;8704;50,00;
12:52:40;9428;49,99;
12:52:43;9756;49,99;
12:52:46;9692;49,98;
12:52:49;9704;49,98;
12:52:52;9692;49,99;
12:52:55;9704;49,99;
12:52:58;9728;50,00;
12:53:01;9720;50,00;
12:53:04;9736;50,00;
12:53:07;9744;50,01;
12:53:10;9744;50,00;
12:53:13;9756;50,00;
12:53:16;9724;50,01;
12:53:19;9756;50,00;
12:53:22;9748;50,00;
12:53:25;9744;50,00;
12:53:28;9708;50,00;
12:53:31;9716;49,99;
12:53:34;9724;49,99;
12:53:40;9708;49,98;
12:53:43;9700;49,98;
12:53:49;9712;49,99;
12:53:55;9716;49,99;
12:53:58;9692;49,99;
12:54:01;9700;49,99;
12:54:04;9656;50,00;
12:54:07;9676;50,00;
12:54:10;9664;50,00;
12:54:13;9652;50,00;
12:54:16;9636;49,99;
12:54:19;9624;50,00;
12:54:22;9612;50,00;
12:54:25;9664;50,00;
12:54:28;9712;50,00;
12:54:31;9708;50,00;
12:54:34;9716;50,00;
12:54:37;9712;50,00;
12:54:40;9704;50,01;
12:54:46;9696;50,01;
12:54:52;9684;50,01;
12:54:55;9716;50,01;
12:54:58;9732;50,01;
12:55:01;9728;50,01;
12:55:04;9208;50,01;
12:55:07;9568;50,01;
12:55:10;9672;50,00;
12:55:13;9712;50,00;
12:55:16;9760;50,00;
12:55:19;9772;50,00;
12:55:22;9788;50,00;
12:55:25;9788;49,99;
12:55:28;9780;49,99;
12:55:31;9588;49,99;
12:55:34;9708;49,98;
12:55:37;9768;49,98;
12:55:40;9784;49,98;
12:55:43;9776;49,98;
12:55:46;9792;49,99;
12:55:52;9720;50,00;
12:55:55;9756;50,00;
12:55:58;9752;50,01;
12:56:01;9760;50,01;
12:56:04;9768;50,01;
12:56:07;9816;50,01;
12:56:10;9824;50,01;
12:56:13;9808;50,00;
12:56:16;9244;50,00;
12:56:19;9704;50,00;
12:56:22;9792;50,00;
12:56:25;9796;50,00;
12:56:28;7380;50,00;
12:56:31;6428;50,00;
12:56:34;8114;50,00;
12:56:37;7304;49,99;
12:56:40;9696;49,99;
12:56:43;9788;49,98;
12:56:46;9784;49,99;
12:56:49;9768;49,99;
12:56:52;9800;50,00;
12:56:55;9828;50,00;
12:56:58;9836;50,00;
12:57:01;9908;50,00;
12:57:04;9920;50,00;
12:57:07;9928;50,00;
12:57:10;9932;50,00;
12:57:13;9908;49,99;
12:57:16;9944;49,99;
12:57:19;9912;49,99;
12:57:22;9988;49,98;
12:57:25;9984;49,98;
12:57:28;9992;49,98;
12:57:31;9988;49,99;
12:57:34;10008;49,99;
12:57:37;10060;49,99;
12:57:46;10096;49,99;
12:57:49;10084;49,99;
12:57:52;10072;49,99;
12:57:55;10080;49,99;
12:57:58;10084;49,99;
12:58:04;10080;49,99;
12:58:07;10080;49,98;
12:58:10;10092;49,98;
12:58:13;10100;49,98;
12:58:16;10108;49,98;
12:58:19;10100;49,98;
12:58:22;10156;49,97;
12:58:25;10160;49,97;
12:58:28;10140;49,97;
12:58:31;10096;49,98;
12:58:34;10124;49,98;
12:58:37;10136;49,99;
12:58:40;10152;49,99;
12:58:43;10092;49,98;
12:58:49;10140;49,98;
12:58:55;10116;49,98;
12:58:58;10156;49,97;
12:59:01;10152;49,97;
12:59:04;10156;49,97;
12:59:10;10128;49,97;
12:59:13;10184;49,96;
12:59:16;10196;49,97;
12:59:19;10164;49,97;
12:59:22;10204;49,97;
12:59:25;10200;49,97;
12:59:28;10212;49,97;
12:59:31;10208;49,97;
12:59:34;10216;49,96;
12:59:37;10196;49,96;
12:59:40;10208;49,95;
12:59:43;10180;49,95;
12:59:46;10204;49,96;
12:59:55;10180;49,97;
12:59:58;10188;49,97;
13:00:01;10216;49,97;
13:00:04;10212;49,97;
13:00:07;10216;49,97;
13:00:10;10192;49,98;
13:00:13;10228;49,97;
13:00:16;10212;49,97;
13:00:19;10232;49,96;
13:00:22;10212;49,96;
13:00:25;10256;49,96;
13:00:28;10240;49,97;
13:00:31;10228;49,96;
13:00:34;10188;49,96;
13:00:40;10160;49,96;
13:00:43;10212;49,96;
13:00:46;10216;49,96;
13:00:49;10196;49,97;
13:00:52;10120;49,97;
13:00:55;9968;49,97;
13:01:01;10096;49,97;
13:01:04;9992;49,97;
13:01:07;8094;49,96;
13:01:10;7384;49,97;
13:01:13;7960;49,96;
13:01:16;10340;49,96;
13:01:19;10272;49,96;
13:01:22;10312;49,96;
13:01:25;10400;49,96;
13:01:28;10080;49,96;
13:01:31;9544;49,96;
13:01:34;8232;49,96;
13:01:37;6894;49,96;
13:01:40;8624;49,97;
13:01:46;9612;49,97;
13:01:49;10136;49,98;
13:01:52;9920;49,98;
13:01:55;9596;49,98;
13:01:58;10220;49,98;
13:02:01;10116;49,98;
13:02:04;10312;49,98;
13:02:07;10412;49,98;
13:02:10;10116;49,97;
13:02:13;10124;49,97;
13:02:16;9672;49,97;
13:02:19;7936;49,97;
13:02:22;8760;49,97;
13:02:25;9800;49,98;
13:02:28;9980;49,97;
13:02:31;7824;49,98;
13:02:34;10076;49,97;
13:02:37;10100;49,98;
13:02:40;10148;49,98;
13:02:43;10192;49,98;
13:02:46;10116;49,98;
13:02:52;10184;49,98;
13:02:55;10164;49,98;
13:02:58;10108;49,98;
13:03:01;10096;49,98;
13:03:04;10136;49,98;
13:03:07;10132;49,97;
13:03:10;10164;49,97;
13:03:13;10192;49,97;
13:03:16;10244;49,97;
13:03:19;10232;49,97;
13:03:22;10260;49,96;
13:03:25;10244;49,96;
13:03:28;10264;49,96;
13:03:31;10244;49,96;
13:03:34;10256;49,96;
13:03:37;10220;49,97;
13:03:40;10236;49,97;
13:03:43;10220;49,97;
13:03:46;10240;49,97;
13:03:49;10220;49,97;
13:03:52;10236;49,97;
13:03:58;10232;49,97;
13:04:01;10212;49,97;
13:04:04;10240;49,97;
13:04:07;10220;49,97;
13:04:13;10188;49,97;
13:04:16;10192;49,98;
13:04:19;10128;49,98;
13:04:22;8584;49,98;
13:04:25;9568;49,98;
13:04:28;9712;49,98;
13:04:31;9812;49,98;
13:04:34;9988;49,98;
13:04:37;9976;49,97;
13:04:40;10040;49,97;
13:04:43;10112;49,96;
13:04:46;10108;49,96;
13:04:49;10132;49,96;
13:04:52;10152;49,96;
13:04:55;10144;49,96;
13:04:58;5822;49,96;
13:05:04;4446;49,97;
13:05:07;3334;49,96;
13:05:10;3867;49,97;
13:05:13;4626;49,98;
13:05:16;5512;49,99;
13:05:19;5184;49,99;
13:05:22;4030;49,99;
13:05:25;5146;49,98;
13:05:28;9184;49,97;
13:05:31;9680;49,97;
13:05:34;10128;49,97;
13:05:37;10104;49,97;
13:05:40;10208;49,96;
13:05:43;10236;49,97;
13:05:49;10132;49,97;
13:05:52;10236;49,97;
13:05:55;10104;49,97;
13:05:58;10052;49,97;
13:06:01;9664;49,97;
13:06:04;9256;49,98;
13:06:07;9756;49,98;
13:06:10;9480;49,98;
13:06:13;9244;49,98;
13:06:16;9416;49,98;
13:06:19;4430;49,98;
13:06:22;4376;49,98;
13:06:25;8548;49,98;
13:06:28;10088;49,98;
13:06:31;10068;49,98;
13:06:34;10152;49,98;
13:06:37;10128;49,98;
13:06:40;10076;49,98;
13:06:43;8556;49,98;
13:06:46;8692;49,98;
13:06:49;4964;49,98;
13:06:55;9160;49,98;
13:06:58;9328;49,98;
13:07:01;8848;49,98;
13:07:04;10148;49,98;
13:07:07;10348;49,97;
13:07:10;10356;49,97;
13:07:13;10380;49,97;
13:07:16;10392;49,97;
13:07:19;9976;49,97;
13:07:22;8588;49,97;
13:07:25;5552;49,97;
13:07:28;8524;49,97;
13:07:31;8888;49,97;
13:07:34;8016;49,97;
13:07:37;8396;49,96;
13:07:40;8472;49,97;
13:07:43;9276;49,97;
13:07:46;9520;49,97;
13:07:49;9464;49,98;
13:07:52;9096;49,98;
13:07:55;9440;49,98;
13:08:01;9604;49,97;
13:08:04;5842;49,97;
13:08:07;3369;49,96;
13:08:10;3143;49,96;
13:08:13;6298;49,97;
13:08:16;8652;49,97;
13:08:19;9904;49,97;
13:08:22;10092;49,97;
13:08:25;9304;49,96;
13:08:28;9200;49,96;
13:08:31;9084;49,96;
13:08:34;5920;49,96;
13:08:37;7598;49,97;
13:08:40;8608;49,97;
13:08:43;8904;49,97;
13:08:46;6718;49,98;
13:08:49;3850;49,99;
13:08:52;3249;49,99;
13:08:55;3076;50,00;
13:08:58;3079;50,00;
13:09:01;3376;50,00;
13:09:07;3125;50,00;
13:09:10;3093;50,00;
13:09:13;5816;49,99;
13:09:16;9964;49,99;
13:09:19;7422;49,99;
13:09:22;6662;49,98;
13:09:25;5716;49,98;
13:09:28;3304;49,98;
13:09:31;4964;49,97;
13:09:34;2880;49,97;
13:09:37;2551;49,97;
13:09:40;2456;49,97;
13:09:43;2330;49,97;
13:09:46;2282;49,97;
13:09:49;2263;49,97;
13:09:52;2216;49,97;
13:09:55;2179;49,97;
13:09:58;2168;49,97;
13:10:01;2150;49,98;
13:10:07;2153;49,97;
13:10:13;2175;49,96;
13:10:16;2193;49,96;
13:10:19;2210;49,96;
13:10:22;2245;49,96;
13:10:25;2273;49,96;
13:10:28;2347;49,96;
13:10:31;2432;49,96;
13:10:34;2925;49,96;
13:10:37;2509;49,96;
13:10:40;2435;49,96;
13:10:43;2403;49,96;
13:10:46;2427;49,97;
13:10:49;2451;49,97;
13:10:52;2489;49,97;
13:10:58;2482;49,97;
13:11:01;2388;49,96;
13:11:04;2303;49,96;
13:11:07;2257;49,96;
13:11:10;2170;49,97;
13:11:13;2141;49,97;
13:11:16;2111;49,97;
13:11:19;2091;49,97;
13:11:22;2052;49,97;
13:11:25;2038;49,97;
13:11:28;2022;49,96;
13:11:31;2016;49,96;
13:11:34;2009;49,96;
13:11:40;2013;49,96;
13:11:43;2040;49,96;
13:11:46;2051;49,96;
13:11:49;2059;49,96;
13:11:52;2075;49,97;
13:11:55;2080;49,98;
13:11:58;2083;49,97;
13:12:04;2106;49,98;
13:12:07;2114;49,98;
13:12:10;2144;49,98;
13:12:13;2161;49,98;
13:12:16;2211;49,98;
13:12:19;2248;49,97;
13:12:22;2272;49,97;
13:12:25;2315;49,97;
13:12:28;10136;49,96;
13:12:31;10204;49,96;
13:12:34;10168;49,96;
13:12:37;10144;49,96;
13:12:40;10096;49,97;
13:12:43;10080;49,97;
13:12:46;10032;49,98;
13:12:49;8900;49,98;
13:12:52;6430;49,98;
13:12:55;2428;49,99;
13:12:58;2172;50,00;
13:13:01;2117;50,00;
13:13:04;2057;50,00;
13:13:10;2030;49,99;
13:13:13;2026;49,99;
13:13:16;2018;49,98;
13:13:19;2027;49,98;
13:13:22;2044;49,98;
13:13:25;2069;49,98;
13:13:28;2082;49,98;
13:13:31;2100;49,97;
13:13:34;2208;49,97;
13:13:37;2221;49,97;
13:13:40;2264;49,98;
13:13:43;2286;49,98;
13:13:46;2335;49,98;
13:13:49;2362;49,98;
13:13:52;2384;49,98;
13:13:55;2428;49,99;
13:13:58;2456;49,99;
13:14:01;2465;49,99;
13:14:04;2474;49,99;
13:14:07;2490;49,99;
13:14:10;2501;50,00;
13:14:16;2497;50,00;
13:14:19;2516;50,00;
13:14:22;2527;50,00;
13:14:25;2540;50,00;
13:14:28;2569;50,00;
13:14:31;2608;49,99;
13:14:34;2625;49,98;
13:14:37;2633;49,98;
13:14:40;2636;49,98;
13:14:43;2629;49,98;
13:14:46;2621;49,98;
13:14:49;2640;49,98;
13:14:52;2721;49,99;
13:14:55;2727;49,99;
13:15:01;2703;49,99;
13:15:04;2689;49,99;
13:15:07;2656;49,99;
13:15:10;2642;49,99;
13:15:13;2613;49,99;
13:15:16;2597;49,99;
13:15:19;2586;49,99;
13:15:22;2580;49,99;
13:15:25;2569;49,99;
13:15:28;2572;49,99;
13:15:31;2584;49,99;
13:15:34;2594;49,99;
13:15:37;2605;49,99;
13:15:40;2605;50,00;
13:15:43;2607;50,00;
13:15:46;2598;50,00;
13:15:49;2571;50,00;
13:15:52;2558;50,00;
13:15:55;2533;50,00;
13:15:58;2519;50,00;
13:16:01;2506;50,00;
13:16:07;2520;49,99;
13:16:13;2521;49,99;
13:16:16;2525;49,99;
13:16:19;2527;49,99;
13:16:22;2526;49,99;
13:16:25;2524;49,98;
13:16:28;2519;49,98;
13:16:31;2494;49,98;
13:16:34;2498;49,98;
13:16:37;2477;49,98;
13:16:43;2447;49,98;
13:16:46;2455;49,99;
13:16:49;2454;49,99;
13:16:52;2446;50,00;
13:16:55;2433;50,00;
13:16:58;2449;50,00;
13:17:01;2443;50,00;
13:17:04;2451;50,00;
13:17:07;2443;49,99;
13:17:13;2453;49,98;
13:17:16;2459;49,98;
13:17:19;2450;49,98;
13:17:22;2463;49,98;
13:17:25;2464;49,97;
13:17:28;2476;49,97;
13:17:31;2483;49,97;
13:17:34;2473;49,97;
13:17:37;2498;49,97;
13:17:40;2506;49,98;
13:17:43;2505;49,98;
13:17:46;2520;49,99;
13:17:49;2524;49,99;
13:17:52;2532;49,99;
13:17:55;2538;49,99;
13:17:58;2543;49,98;
13:18:01;2545;49,98;
13:18:04;2559;49,98;
13:18:07;2556;49,98;
13:18:10;2567;49,98;
13:18:13;2574;49,98;
13:18:19;2592;49,98;
13:18:22;2603;49,98;
13:18:25;2614;49,98;
13:18:28;2610;49,98;
13:18:31;2630;49,98;
13:18:34;2629;49,99;
13:18:37;2643;49,99;
13:18:40;2650;49,98;
13:18:43;2670;49,99;
13:18:46;2671;49,99;
13:18:49;2692;50,00;
13:18:52;2686;49,99;
13:18:55;2716;49,99;
13:18:58;2724;49,99;
13:19:01;2741;49,99;
13:19:04;2758;49,99;
13:19:07;2805;50,00;
13:19:10;2818;50,00;
13:19:13;2838;49,99;
13:19:16;2830;49,99;
13:19:19;2855;49,99;
13:19:22;2861;49,99;
13:19:25;2864;49,99;
13:19:28;2853;49,99;
13:19:31;2866;49,99;
13:19:34;2860;49,98;
13:19:37;2858;49,98;
13:19:40;2830;49,98;
13:19:43;2843;49,98;
13:19:46;2836;49,97;
13:19:49;2805;49,97;
13:19:52;2762;49,97;
13:19:55;2762;49,98;
13:19:58;2738;49,97;
13:20:01;2729;49,98;
13:20:04;2691;49,97;
13:20:13;2687;49,98;
13:20:16;2659;49,98;
13:20:19;2676;49,98;
13:20:22;2669;49,98;
13:20:25;2664;49,98;
13:20:28;2671;49,97;
13:20:31;2662;49,97;
13:20:34;2712;49,98;
13:20:37;2726;49,98;
13:20:40;2735;49,98;
13:20:43;2761;49,98;
13:20:46;2780;49,98;
13:20:49;2798;49,98;
13:20:52;2821;49,98;
13:20:55;2871;49,98;
13:20:58;2929;49,99;
13:21:01;2966;49,99;
13:21:04;3017;49,99;
13:21:07;3070;50,00;
13:21:10;3127;50,00;
13:21:16;3205;50,00;
13:21:19;3238;49,99;
13:21:22;3277;49,98;
13:21:25;3305;49,98;
13:21:28;3363;49,98;
13:21:31;3372;49,97;
13:21:34;3415;49,97;
13:21:37;3443;49,98;
13:21:40;3550;49,98;
13:21:43;3573;49,97;
13:21:46;3717;49,97;
13:21:49;3796;49,98;
13:21:52;4036;49,98;
13:21:55;4144;49,98;
13:21:58;4276;49,98;
13:22:01;4456;49,99;
13:22:04;4576;49,99;
13:22:07;4790;49,99;
13:22:10;5958;49,99;
13:22:13;6792;49,98;
13:22:16;8588;49,98;
13:22:22;10324;49,98;
13:22:25;10484;49,98;
13:22:28;10704;49,99;
13:22:31;10672;49,99;
13:22:34;10740;50,00;
13:22:37;10756;50,00;
13:22:40;10696;50,00;
13:22:43;10728;50,00;
13:22:46;10700;50,00;
13:22:49;10684;49,99;
13:22:52;10660;49,99;
13:22:55;10624;49,99;
13:22:58;10628;49,98;
13:23:01;10560;49,98;
13:23:04;10604;49,98;
13:23:07;10560;49,98;
13:23:10;10524;49,97;
13:23:13;10536;49,98;
13:23:16;10524;49,98;
13:23:19;10536;49,98;
13:23:22;10548;49,98;
13:23:28;10528;49,99;
13:23:31;10504;49,99;
13:23:34;10512;49,99;
13:23:37;10492;49,99;
13:23:40;10476;49,99;
13:23:43;10464;49,99;
13:23:46;10420;49,99;
13:23:49;10444;49,99;
13:23:52;10408;49,99;
13:23:55;10396;49,98;
13:23:58;10360;49,98;
13:24:01;10396;49,99;
13:24:04;10400;49,99;
13:24:07;10396;50,00;
13:24:13;10392;50,00;
13:24:16;10396;50,00;
13:24:19;10400;50,00;
13:24:22;10360;49,99;
13:24:25;10384;49,99;
13:24:28;10376;49,99;
13:24:31;10368;49,99;
13:24:34;10356;49,98;
13:24:37;10324;49,99;
13:24:40;10316;49,99;
13:24:43;10312;49,99;
13:24:46;10284;49,99;
13:24:49;10292;49,99;
13:24:52;10276;49,99;
13:24:55;10272;49,99;
13:24:58;10236;49,99;
13:25:01;10256;50,00;
13:25:04;10236;50,00;
13:25:07;10240;50,00;
13:25:10;10220;50,00;
13:25:13;10228;50,00;
13:25:19;10208;49,99;
13:25:22;10188;49,99;
13:25:25;10188;49,98;
13:25:28;10144;49,98;
13:25:31;10144;49,99;
13:25:34;10128;49,99;
13:25:37;10140;49,99;
13:25:40;10140;50,00;
13:25:43;10136;50,00;
13:25:46;10096;50,01;
13:25:49;10132;50,01;
13:25:52;10124;50,01;
13:25:55;10144;50,01;
13:25:58;10100;50,01;
13:26:01;10140;50,01;
13:26:04;10112;50,01;
13:26:07;10140;50,01;
13:26:10;10120;50,01;
13:26:13;10104;50,00;
13:26:16;10128;50,00;
13:26:19;10124;49,99;
13:26:25;10108;49,99;
13:26:28;10100;49,99;
13:26:31;10084;49,98;
13:26:34;10076;49,98;
13:26:37;10056;49,98;
13:26:40;10048;49,98;
13:26:43;10012;49,99;
13:26:46;10024;49,99;
13:26:49;10020;49,99;
13:26:52;10016;49,99;
13:26:55;10004;49,99;
13:26:58;9992;49,99;
13:27:01;9972;49,99;
13:27:04;9964;50,00;
13:27:07;9928;50,00;
13:27:10;9956;50,00;
13:27:13;9952;49,99;
13:27:16;9948;49,99;
13:27:19;9936;49,98;
13:27:22;9920;49,99;
13:27:25;9908;50,00;
13:27:31;9892;50,00;
13:27:34;9892;49,99;
13:27:37;9896;49,99;
13:27:40;9904;49,99;
13:27:43;9896;49,99;
13:27:49;9892;50,00;
13:27:55;9912;49,99;
13:28:04;9908;49,98;
13:28:07;9900;49,98;
13:28:10;9892;49,99;
13:28:13;9880;49,99;
13:28:16;9892;49,99;
13:28:19;9872;49,99;
13:28:22;9876;49,99;
13:28:25;9872;49,99;
13:28:28;9880;49,99;
13:28:31;9876;49,98;
13:28:34;9864;49,98;
13:28:37;9888;49,99;
13:28:40;9876;50,00;
13:28:43;9872;50,00;
13:28:46;9856;50,00;
13:28:49;9844;50,00;
13:28:52;9816;50,00;
13:28:55;9796;50,00;
13:28:58;9760;50,00;
13:29:01;9728;50,00;
13:29:04;9720;49,99;
13:29:07;9732;49,99;
13:29:10;9772;49,99;
13:29:13;9576;50,00;
13:29:16;9796;50,01;
13:29:22;9732;50,00;
13:29:25;9752;50,00;
13:29:28;9792;50,00;
13:29:31;9784;49,99;
13:29:37;9800;49,99;
13:29:40;9792;49,99;
13:29:43;9808;49,99;
13:29:46;9824;49,99;
13:29:49;9824;50,00;
13:29:52;9832;50,00;
13:29:55;9836;50,01;
13:29:58;9836;50,00;
13:30:01;9844;50,00;
13:30:04;9832;50,00;
13:30:07;9852;50,00;
13:30:10;9860;50,00;
13:30:13;9868;49,99;
13:30:16;9880;49,99;
13:30:19;9876;50,00;
13:30:22;9880;49,99;
13:30:28;9876;49,98;
13:30:31;9880;49,98;
13:30:34;9884;49,97;
13:30:37;9888;49,97;
13:30:40;9884;49,97;
13:30:43;9880;49,97;
13:30:46;9852;49,97;
13:30:49;9872;49,97;
13:30:52;9848;49,97;
13:30:55;9844;49,97;
13:30:58;9844;49,96;
13:31:01;9828;49,97;
13:31:04;9832;49,97;
13:31:10;9808;49,97;
13:31:13;9832;49,97;
13:31:16;9816;49,98;
13:31:19;9820;49,98;
13:31:22;9804;49,98;
13:31:28;9780;49,97;
13:31:37;9804;49,98;
13:31:40;9792;49,97;
13:31:43;9804;49,97;
13:31:46;9776;49,97;
13:31:49;9792;49,97;
13:31:52;9796;49,98;
13:31:55;9784;49,98;
13:31:58;9768;49,98;
13:32:01;9784;49,99;
13:32:04;9756;49,98;
13:32:07;9772;49,98;
13:32:10;9748;49,98;
13:32:13;9768;49,98;
13:32:16;9764;49,98;
13:32:19;9752;49,97;
13:32:22;9728;49,96;
13:32:25;9752;49,96;
13:32:28;9740;49,96;
13:32:31;9752;49,96;
13:32:34;9732;49,96;
13:32:40;9740;49,96;
13:32:43;9756;49,96;
13:32:46;9736;49,96;
13:32:49;9764;49,97;
13:32:52;9760;49,96;
13:32:55;9776;49,97;
13:33:01;9748;49,97;
13:33:04;9780;49,97;
13:33:07;9784;49,97;
13:33:13;9784;49,98;
13:33:16;9772;49,98;
13:33:25;9752;49,96;
13:33:28;9764;49,96;
13:33:31;9756;49,96;
13:33:37;9724;49,96;
13:33:40;9744;49,96;
13:33:46;9724;49,96;
13:33:49;9728;49,96;
13:33:52;9732;49,97;
13:33:55;9712;49,96;
13:33:58;9700;49,97;
13:34:01;9676;49,96;
13:34:07;9656;49,96;
13:34:10;9680;49,96;
13:34:13;9684;49,96;
13:34:16;9684;49,97;
13:34:19;9672;49,97;
13:34:22;9668;49,97;
13:34:25;9656;49,97;
13:34:31;9648;49,97;
13:34:34;9652;49,96;
13:34:37;9636;49,96;
13:34:40;9648;49,96;
13:34:43;9628;49,96;
13:34:46;9652;49,97;
13:34:52;9632;49,97;
13:34:55;9612;49,97;
13:34:58;9632;49,98;
13:35:01;9612;49,98;
13:35:04;9616;49,98;
13:35:07;9568;49,97;
13:35:10;9576;49,97;
13:35:13;9560;49,97;
13:35:16;9532;49,97;
13:35:19;9500;49,97;
13:35:22;9512;49,96;
13:35:25;9484;49,96;
13:35:28;9504;49,96;
13:35:31;9480;49,97;
13:35:37;9132;49,97;
13:35:40;8328;49,97;
13:35:43;5312;49,97;
13:35:46;4077;49,96;
13:35:49;3313;49,96;
13:35:52;3192;49,96;
13:35:55;3116;49,96;
13:35:58;3200;49,96;
13:36:01;3995;49,97;
13:36:04;4680;49,97;
13:36:07;6890;49,97;
13:36:10;7264;49,97;
13:36:13;6374;49,97;
13:36:16;5816;49,96;
13:36:19;5834;49,96;
13:36:22;4594;49,96;
13:36:25;3701;49,96;
13:36:28;3612;49,96;
13:36:31;4698;49,96;
13:36:34;5148;49,96;
13:36:37;7124;49,96;
13:36:43;8732;49,97;
13:36:46;8924;49,97;
13:36:49;8504;49,97;
13:36:52;7670;49,98;
13:36:55;5888;49,98;
13:36:58;4918;49,97;
13:37:01;4464;49,97;
13:37:04;4640;49,97;
13:37:07;5230;49,97;
13:37:10;5050;49,96;
13:37:13;4058;49,96;
13:37:16;3740;49,96;
13:37:19;3407;49,96;
13:37:22;3305;49,97;
13:37:25;3236;49,97;
13:37:28;3160;49,97;
13:37:31;3164;49,97;
13:37:34;3174;49,97;
13:37:37;3144;49,97;
13:37:40;3203;49,96;
13:37:43;3279;49,97;
13:37:46;3362;49,96;
13:37:49;3406;49,97;
13:37:52;3619;49,97;
13:37:55;3792;49,97;
13:37:58;4238;49,97;
13:38:01;4488;49,97;
13:38:04;4742;49,97;
13:38:07;4522;49,97;
13:38:10;4230;49,96;
13:38:13;4106;49,96;
13:38:16;4190;49,95;
13:38:19;4310;49,96;
13:38:22;4956;49,96;
13:38:25;5282;49,96;
13:38:28;4862;49,96;
13:38:34;4986;49,95;
13:38:37;5436;49,95;
13:38:40;5488;49,95;
13:38:43;4780;49,95;
13:38:46;4134;49,95;
13:38:49;3886;49,94;
13:38:52;3626;49,94;
13:38:55;3480;49,94;
13:38:58;3444;49,96;
13:39:01;3458;49,96;
13:39:04;3606;49,96;
13:39:07;3705;49,96;
13:39:10;3967;49,97;
13:39:13;4118;49,97;
13:39:16;4304;49,97;
13:39:19;4586;49,97;
13:39:22;4700;49,97;
13:39:25;4768;49,97;
13:39:28;5038;49,96;
13:39:31;5358;49,96;
13:39:34;6184;49,96;
13:39:40;8520;49,96;
13:39:43;8832;49,96;
13:39:46;9700;49,96;
13:39:49;9876;49,96;
13:39:52;9984;49,96;
13:39:55;9980;49,96;
13:39:58;9836;49,96;
13:40:01;8564;49,96;
13:40:04;5800;49,97;
13:40:07;5778;49,97;
13:40:10;5146;49,96;
13:40:13;4780;49,97;
13:40:16;4218;49,97;
13:40:19;4208;49,98;
13:40:22;4298;49,98;
13:40:25;4566;49,96;
13:40:28;4938;49,96;
13:40:31;5166;49,96;
13:40:34;5590;49,96;
13:40:37;5950;49,96;
13:40:40;6626;49,97;
13:40:46;6754;49,97;
13:40:49;5684;49,98;
13:40:52;4946;49,98;
13:40:55;5806;49,98;
13:40:58;5290;49,98;
13:41:01;4718;49,97;
13:41:04;4268;49,97;
13:41:07;3401;49,97;
13:41:10;3026;49,96;
13:41:13;2676;49,96;
13:41:16;2557;49,96;
13:41:19;2586;49,96;
13:41:22;2610;49,97;
13:41:25;2640;49,97;
13:41:28;2629;49,97;
13:41:31;2665;49,98;
13:41:34;2686;49,97;
13:41:37;2714;49,97;
13:41:40;2805;49,97;
13:41:43;2837;49,97;
13:41:46;2958;49,97;
13:41:52;3231;49,98;
13:41:55;3466;49,98;
13:41:58;3864;49,98;
13:42:01;5580;49,99;
13:42:04;6410;49,99;
13:42:07;6958;49,99;
13:42:10;7030;49,99;
13:42:13;7034;49,99;
13:42:16;6246;49,97;
13:42:19;5242;49,97;
13:42:22;5094;49,96;
13:42:25;4326;49,96;
13:42:28;3978;49,96;
13:42:31;3928;49,96;
13:42:37;4428;49,97;
13:42:40;4892;49,97;
13:42:43;6702;49,97;
13:42:46;7854;49,97;
13:42:49;10116;49,98;
13:42:52;10328;49,97;
13:42:55;10364;49,97;
13:42:58;10040;49,97;
13:43:01;6676;49,97;
13:43:04;7274;49,97;
13:43:07;9260;49,97;
13:43:10;9744;49,97;
13:43:13;10332;49,96;
13:43:16;10456;49,96;
13:43:19;10408;49,97;
13:43:22;10252;49,96;
13:43:25;9492;49,96;
13:43:28;9076;49,96;
13:43:31;9296;49,96;
13:43:34;9416;49,96;
13:43:37;9836;49,96;
13:43:43;10012;49,97;
13:43:46;10100;49,98;
13:43:49;10212;49,99;
13:43:52;10156;50,00;
13:43:55;10208;49,99;
13:43:58;10312;50,00;
13:44:01;10320;50,00;
13:44:04;10420;49,99;
13:44:07;10456;49,98;
13:44:10;10428;49,98;
13:44:13;10408;49,98;
13:44:16;10384;49,97;
13:44:19;10344;49,97;
13:44:22;10268;49,97;
13:44:25;10304;49,97;
13:44:28;10284;49,98;
13:44:31;10248;49,98;
13:44:34;10200;49,98;
13:44:37;10196;49,97;
13:44:40;10192;49,97;
13:44:43;10176;49,97;
13:44:49;10164;49,97;
13:44:52;10180;49,96;
13:44:55;10216;49,97;
13:44:58;10232;49,97;
13:45:01;10240;49,97;
13:45:04;10232;49,98;
13:45:07;10224;49,97;
13:45:10;10232;49,97;
13:45:13;10228;49,96;
13:45:22;10236;49,96;
13:45:25;10248;49,96;
13:45:28;10256;49,96;
13:45:31;10248;49,97;
13:45:34;10272;49,97;
13:45:37;10276;49,97;
13:45:40;10268;49,97;
13:45:46;10260;49,97;
13:45:49;10244;49,96;
13:45:55;10208;49,96;
13:45:58;10200;49,96;
13:46:01;10204;49,96;
13:46:07;10200;49,96;
13:46:10;10196;49,96;
13:46:13;10172;49,96;
13:46:16;10196;49,96;
13:46:19;10180;49,96;
13:46:22;10172;49,97;
13:46:25;10156;49,96;
13:46:28;10152;49,96;
13:46:31;10128;49,96;
13:46:34;10132;49,96;
13:46:40;10116;49,97;
13:46:43;10112;49,96;
13:46:46;10108;49,97;
13:46:49;10104;49,96;
13:46:52;10104;49,98;
13:46:55;10100;49,97;
13:46:58;10084;49,97;
13:47:01;10100;49,98;
13:47:04;10092;49,98;
13:47:07;10084;49,98;
13:47:10;10076;49,98;
13:47:13;10072;49,98;
13:47:16;10068;49,98;
13:47:19;10064;49,98;
13:47:22;10044;49,98;
13:47:25;10064;49,97;
13:47:31;10060;49,97;
13:47:34;10056;49,98;
13:47:40;10048;49,98;
13:47:46;10032;49,98;
13:47:49;10028;49,98;
13:47:52;10024;49,97;
13:47:55;10020;49,97;
13:47:58;10000;49,98;
13:48:01;9988;49,98;
13:48:04;9956;49,98;
13:48:07;9972;49,98;
13:48:10;9952;49,98;
13:48:13;9948;49,98;
13:48:16;9944;49,99;
13:48:19;9936;49,99;
13:48:22;9924;49,99;
13:48:25;9916;49,99;
13:48:28;9880;49,99;
13:48:31;9896;49,99;
13:48:37;9892;49,99;
13:48:40;9872;49,99;
13:48:43;9880;49,99;
13:48:46;9856;49,99;
13:48:52;9864;49,98;
13:48:58;9864;49,97;
13:49:01;9860;49,97;
13:49:07;9856;49,98;
13:49:10;9836;49,98;
13:49:13;9852;49,98;
13:49:16;9860;49,98;
13:49:22;9864;49,98;
13:49:25;9872;49,98;
13:49:28;9868;49,98;
13:49:34;9848;49,98;
13:49:37;9860;49,98;
13:49:40;9848;49,97;
13:49:43;9848;49,98;
13:49:46;9836;49,97;
13:49:49;9848;49,97;
13:49:52;9836;49,98;
13:49:58;9828;49,98;
13:50:01;9844;49,98;
13:50:04;9816;49,98;
13:50:07;9832;49,98;
13:50:10;9804;49,98;
13:50:13;9828;49,98;
13:50:19;9812;49,99;
13:50:22;9800;49,99;
13:50:25;9836;49,99;
13:50:28;9832;49,99;
13:50:31;9840;49,99;
13:50:34;9808;49,99;
13:50:37;9828;49,99;
13:50:40;9816;49,99;
13:50:43;9804;49,99;
13:50:46;9772;50,00;
13:50:49;9804;50,00;
13:50:52;9808;50,00;
13:50:55;9824;50,00;
13:50:58;9768;50,00;
13:51:04;9816;50,00;
13:51:07;9804;50,00;
13:51:10;9812;50,00;
13:51:13;9804;49,99;
13:51:16;9800;49,99;
13:51:19;9800;50,00;
13:51:22;9792;50,00;
13:51:25;9752;49,99;
13:51:28;9760;49,99;
13:51:31;9756;49,98;
13:51:34;9748;49,97;
13:51:37;9728;49,97;
13:51:40;9720;49,97;
13:51:43;9692;49,98;
13:51:49;9660;49,99;
13:51:52;9668;49,99;
13:51:55;9644;49,98;
13:51:58;9652;49,98;
13:52:01;9612;49,99;
13:52:04;9640;49,99;
13:52:07;9640;50,00;
13:52:10;9624;49,99;
13:52:13;9604;50,00;
13:52:16;9640;50,00;
13:52:19;9624;50,00;
13:52:22;9632;49,99;
13:52:25;9576;49,99;
13:52:28;9624;49,99;
13:52:31;9624;49,98;
13:52:34;9628;49,98;
13:52:37;9600;49,98;
13:52:40;9624;49,99;
13:52:43;9604;50,00;
13:52:46;9608;50,00;
13:52:49;9580;50,00;
13:52:55;9596;50,00;
13:52:58;9544;50,00;
13:53:01;9528;50,01;
13:53:04;9576;50,01;
13:53:07;9580;50,00;
13:53:10;9572;50,00;
13:53:13;9576;50,00;
13:53:16;9540;50,00;
13:53:19;9552;49,99;
13:53:22;9560;49,99;
13:53:25;9512;49,99;
13:53:28;9532;49,99;
13:53:31;9508;49,98;
13:53:34;9500;49,98;
13:53:37;9488;49,98;
13:53:40;9472;49,99;
13:53:43;9460;49,99;
13:53:46;9468;50,00;
13:53:49;9420;49,99;
13:53:52;9464;49,99;
13:53:55;9460;49,99;
13:54:01;9416;50,00;
13:54:04;9448;50,00;
13:54:07;9432;50,00;
13:54:13;9400;50,00;
13:54:16;9444;49,99;
13:54:19;9456;49,99;
13:54:22;9452;49,99;
13:54:25;9408;49,99;
13:54:28;9424;49,99;
13:54:31;9392;49,99;
13:54:34;9396;49,99;
13:54:37;9324;49,99;
13:54:40;9352;49,99;
13:54:43;9364;49,99;
13:54:46;9400;50,00;
13:54:49;9416;50,00;
13:54:52;9428;50,00;
13:54:55;9464;50,00;
13:54:58;9472;50,00;
13:55:01;9480;50,00;
13:55:07;9536;49,99;
13:55:10;9560;49,99;
13:55:13;9600;50,00;
13:55:16;9568;50,00;
13:55:19;9612;50,00;
13:55:25;9620;50,00;
13:55:28;9616;49,99;
13:55:31;9560;49,98;
13:55:34;9536;49,98;
13:55:37;9512;49,98;
13:55:40;9436;49,98;
13:55:43;9448;49,98;
13:55:46;9284;49,98;
13:55:52;8988;50,00;
13:55:55;9000;50,00;
13:55:58;9176;50,01;
13:56:01;9260;50,01;
13:56:04;9272;50,00;
13:56:07;9360;50,01;
13:56:10;9380;50,01;
13:56:13;9368;50,00;
13:56:16;9092;50,00;
13:56:19;9048;50,00;
13:56:22;9232;49,99;
13:56:25;9352;49,99;
13:56:28;9448;50,00;
13:56:31;9456;49,99;
13:56:34;9468;50,00;
13:56:37;9452;50,00;
13:56:40;9404;50,00;
13:56:43;9436;50,00;
13:56:46;9424;50,00;
13:56:49;9416;50,00;
13:56:52;9360;50,00;
13:56:58;9328;50,00;
13:57:01;9332;50,00;
13:57:04;9328;50,00;
13:57:07;9280;49,99;
13:57:10;9052;50,00;
13:57:13;8644;50,00;
13:57:16;8464;50,00;
13:57:19;8308;50,00;
13:57:22;8720;49,99;
13:57:25;8792;49,99;
13:57:28;8140;49,99;
13:57:31;7444;49,98;
13:57:34;7352;49,98;
13:57:37;6966;49,98;
13:57:40;6976;49,98;
13:57:43;6292;49,98;
13:57:46;8030;49,99;
13:57:49;8620;49,99;
13:57:52;8190;50,00;
13:57:55;8052;50,00;
13:57:58;8712;49,99;
13:58:04;9504;49,99;
13:58:07;9640;49,99;
13:58:10;9580;49,99;
13:58:13;9500;49,99;
13:58:16;8300;50,00;
13:58:19;7428;50,00;
13:58:22;7498;50,00;
13:58:25;7912;50,00;
13:58:28;8150;49,99;
13:58:31;8964;49,99;
13:58:34;9740;49,99;
13:58:37;9728;49,99;
13:58:40;9756;50,00;
13:58:43;9712;50,00;
13:58:46;9704;50,00;
13:58:49;9760;50,00;
13:58:52;9780;50,00;
13:58:55;9740;50,00;
13:58:58;9748;50,00;
13:59:01;9716;49,99;
13:59:04;9656;50,00;
13:59:10;9644;50,00;
13:59:13;9624;50,00;
13:59:16;9604;50,00;
13:59:19;9560;50,00;
13:59:22;9580;50,00;
13:59:25;9560;50,00;
13:59:28;9552;50,00;
13:59:31;9540;50,00;
13:59:34;9532;50,01;
13:59:37;9528;50,01;
13:59:40;9512;50,01;
13:59:43;9468;50,00;
13:59:46;9504;50,00;
13:59:49;9512;50,00;
13:59:52;9524;50,00;
13:59:55;9488;50,00;
13:59:58;9476;50,00;
14:00:01;9472;50,00;
14:00:04;9428;49,99;
14:00:07;9412;49,99;
14:00:10;9372;49,99;
14:00:13;9392;49,98;
14:00:16;9376;49,98;
14:00:19;9224;49,98;
14:00:22;9092;49,98;
14:00:25;9020;49,98;
14:00:28;8900;49,98;
14:00:31;7972;49,99;
14:00:34;7654;50,00;
14:00:37;7768;50,00;
14:00:40;7882;49,99;
14:00:43;7918;49,98;
14:00:46;7850;49,98;
14:00:49;7388;49,99;
14:00:52;7526;49,99;
14:00:55;7464;49,99;
14:01:01;5062;50,00;
14:01:04;5174;50,00;
14:01:07;5714;50,00;
14:01:10;6254;50,00;
14:01:13;6454;49,99;
14:01:16;7282;49,98;
14:01:19;7866;49,98;
14:01:22;8128;49,98;
14:01:25;8528;49,97;
14:01:28;8644;49,97;
14:01:31;8652;49,97;
14:01:34;8800;49,97;
14:01:37;9152;49,97;
14:01:40;9124;49,97;
14:01:43;9044;49,97;
14:01:46;9204;49,98;
14:01:49;9400;49,98;
14:01:52;9436;49,98;
14:01:55;9484;49,98;
14:01:58;9504;49,98;
14:02:07;9468;49,98;
14:02:10;9480;49,98;
14:02:13;9524;49,98;
14:02:16;9540;49,98;
14:02:19;9568;49,98;
14:02:22;9528;49,98;
14:02:25;9572;49,98;
14:02:31;9556;49,97;
14:02:34;9516;49,97;
14:02:37;9536;49,97;
14:02:40;9516;49,97;
14:02:43;9496;49,96;
14:02:46;9448;49,97;
14:02:49;9468;49,97;
14:02:52;9452;49,98;
14:02:55;9480;49,98;
14:02:58;9492;49,98;
14:03:01;9580;49,98;
14:03:04;9608;49,99;
14:03:07;9660;49,99;
14:03:13;9676;49,98;
14:03:16;9684;49,98;
14:03:22;9704;49,98;
14:03:25;9716;49,99;
14:03:28;9720;49,98;
14:03:31;9708;49,98;
14:03:34;9704;49,98;
14:03:37;9716;49,98;
14:03:40;9720;49,98;
14:03:43;9728;49,98;
14:03:46;9724;49,98;
14:03:49;9704;49,98;
14:03:55;9696;49,98;
14:03:58;9724;49,98;
14:04:01;9732;49,98;
14:04:04;9724;49,98;
14:04:07;9704;49,97;
14:04:10;9696;49,98;
14:04:13;9684;49,98;
14:04:19;9704;49,98;
14:04:28;9700;49,98;
14:04:31;9692;49,98;
14:04:37;9656;49,98;
14:04:40;9692;49,98;
14:04:43;9684;49,98;
14:04:49;9656;49,98;
14:04:52;9696;49,98;
14:04:55;9700;49,99;
14:04:58;9716;49,99;
14:05:04;9720;49,98;
14:05:07;9724;49,98;
14:05:10;9720;49,97;
14:05:16;9728;49,97;
14:05:19;9716;49,97;
14:05:22;9720;49,96;
14:05:25;9724;49,97;
14:05:31;9720;49,97;
14:05:37;9716;49,97;
14:05:40;9704;49,97;
14:05:43;9704;49,98;
14:05:46;9688;49,98;
14:05:49;9684;49,98;
14:05:52;9680;49,99;
14:05:55;9676;49,99;
14:05:58;9668;49,99;
14:06:01;9664;49,99;
14:06:04;9656;49,99;
14:06:10;9644;49,99;
14:06:13;9596;49,99;
14:06:16;9608;49,98;
14:06:19;9596;49,98;
14:06:22;9592;49,98;
14:06:25;9620;49,99;
14:06:28;9584;49,99;
14:06:31;9624;50,00;
14:06:34;9616;50,00;
14:06:40;9628;50,00;
14:06:43;9624;49,99;
14:06:46;9632;50,00;
14:06:49;9636;50,00;
14:06:52;9600;50,00;
14:06:55;9628;50,00;
14:06:58;9624;50,00;
14:07:01;9632;50,00;
14:07:04;9636;50,00;
14:07:07;9628;50,01;
14:07:10;9616;50,00;
14:07:16;9608;50,01;
14:07:19;9612;50,00;
14:07:22;9624;50,00;
14:07:28;9620;50,00;
14:07:31;9612;50,00;
14:07:34;9596;50,00;
14:07:37;9604;50,00;
14:07:40;9584;50,00;
14:07:43;9576;49,99;
14:07:46;9556;49,99;
14:07:49;9544;49,99;
14:07:52;9504;49,99;
14:07:55;9496;49,99;
14:07:58;9472;49,99;
14:08:01;9472;49,98;
14:08:04;9444;49,98;
14:08:07;9452;49,98;
14:08:10;9440;49,98;
14:08:13;9452;49,98;
14:08:16;9424;49,99;
14:08:22;9432;49,99;
14:08:25;9452;50,00;
14:08:28;9424;49,99;
14:08:31;9464;49,99;
14:08:34;9460;49,99;
14:08:37;9456;49,99;
14:08:43;9412;49,99;
14:08:46;9444;49,99;
14:08:52;9396;49,98;
14:08:55;9432;49,98;
14:08:58;9416;49,98;
14:09:04;9408;49,97;
14:09:07;9400;49,97;
14:09:10;9396;49,97;
14:09:13;9380;49,98;
14:09:16;9376;49,98;
14:09:19;9372;49,99;
14:09:22;9368;49,99;
14:09:25;9360;49,99;
14:09:28;9360;50,00;
14:09:31;9340;50,00;
14:09:34;9332;50,00;
14:09:37;9316;49,99;
14:09:40;9304;49,99;
14:09:43;9284;49,99;
14:09:46;9280;49,99;
14:09:49;9268;50,00;
14:09:52;9264;50,00;
14:09:55;9240;50,00;
14:09:58;9236;50,00;
14:10:01;9220;50,01;
14:10:04;9212;50,01;
14:10:07;9176;50,01;
14:10:13;9168;50,00;
14:10:16;9148;49,99;
14:10:19;9088;49,99;
14:10:22;9136;49,99;
14:10:25;9156;50,00;
14:10:28;9148;50,00;
14:10:31;9152;50,00;
14:10:34;9112;50,00;
14:10:37;9148;50,00;
14:10:40;9156;50,00;
14:10:43;9116;49,99;
14:10:46;9152;49,99;
14:10:49;9144;49,99;
14:10:52;9152;49,99;
14:10:55;9148;50,00;
14:10:58;9124;50,00;
14:11:01;9104;49,99;
14:11:04;9128;49,99;
14:11:07;9084;50,00;
14:11:10;9120;50,00;
14:11:13;9128;50,00;
14:11:19;9096;49,99;
14:11:22;9136;49,99;
14:11:25;9128;49,98;
14:11:28;9124;49,98;
14:11:31;9076;49,97;
14:11:34;9112;49,98;
14:11:37;9116;49,98;
14:11:40;9112;49,98;
14:11:43;9060;49,98;
14:11:46;9092;49,98;
14:11:49;9068;49,98;
14:11:52;9076;49,98;
14:11:55;9060;49,98;
14:11:58;9108;49,98;
14:12:01;9116;49,98;
14:12:04;9124;49,98;
14:12:07;9080;49,98;
14:12:10;9096;49,98;
14:12:13;9124;49,98;
14:12:16;9132;49,99;
14:12:19;9072;49,99;
14:12:25;9140;49,98;
14:12:28;9156;49,98;
14:12:31;9140;49,99;
14:12:34;9184;49,99;
14:12:37;9196;49,99;
14:12:40;9204;50,00;
14:12:43;9204;49,99;
14:12:46;9164;49,99;
14:12:49;9200;49,99;
14:12:55;9172;49,99;
14:12:58;9208;49,99;
14:13:01;9216;49,99;
14:13:07;9224;49,98;
14:13:10;9228;49,98;
14:13:13;9252;49,99;
14:13:16;9244;49,98;
14:13:19;9240;49,99;
14:13:22;9208;49,98;
14:13:25;9228;49,98;
14:13:31;9232;49,98;
14:13:34;9196;49,98;
14:13:37;9240;49,97;
14:13:40;9244;49,97;
14:13:43;9256;49,97;
14:13:46;9208;49,97;
14:13:49;9244;49,98;
14:13:52;9232;49,98;
14:13:55;9228;49,98;
14:13:58;9180;49,98;
14:14:01;9184;49,98;
14:14:04;9156;49,97;
14:14:07;9196;49,97;
14:14:10;9172;49,98;
14:14:16;9224;49,98;
14:14:19;9232;49,98;
14:14:22;9196;49,98;
14:14:25;9188;49,99;
14:14:28;9176;49,98;
14:14:31;9240;49,98;
14:14:34;9244;49,98;
14:14:37;9252;49,98;
14:14:40;9284;49,98;
14:14:43;9280;49,98;
14:14:46;9252;49,98;
14:14:49;9292;49,98;
14:14:52;9300;49,99;
14:14:55;9244;49,99;
14:14:58;8468;50,00;
14:15:01;8224;50,00;
14:15:04;9116;49,99;
14:15:07;9196;49,99;
14:15:10;9212;49,99;
14:15:13;9240;49,99;
14:15:16;9256;49,99;
14:15:22;9264;50,00;
14:15:25;9228;49,99;
14:15:28;9268;49,98;
14:15:31;9264;49,98;
14:15:34;9272;49,98;
14:15:37;9236;49,98;
14:15:40;9276;49,98;
14:15:43;9280;49,99;
14:15:46;9284;49,98;
14:15:49;9248;49,99;
14:15:52;9288;49,98;
14:15:55;9280;49,98;
14:15:58;9284;49,98;
14:16:01;9244;49,98;
14:16:04;9284;49,98;
14:16:10;9260;49,98;
14:16:13;9252;49,98;
14:16:16;9264;49,98;
14:16:19;9260;49,98;
14:16:22;9264;49,99;
14:16:28;9260;49,99;
14:16:31;9252;49,98;
14:16:37;9192;49,97;
14:16:40;9248;49,97;
14:16:43;9244;49,97;
14:16:46;9248;49,97;
14:16:52;9244;49,97;
14:16:55;9236;49,98;
14:16:58;9232;49,98;
14:17:01;9192;49,98;
14:17:04;9208;49,99;
14:17:07;9220;49,98;
14:17:13;9180;49,98;
14:17:16;9212;49,98;
14:17:19;9204;49,98;
14:17:22;9212;49,98;
14:17:25;9176;49,98;
14:17:28;9216;49,98;
14:17:34;9220;49,99;
14:17:37;9188;49,99;
14:17:40;9224;49,99;
14:17:43;9180;49,99;
14:17:46;9220;49,99;
14:17:49;9188;49,99;
14:17:52;9228;49,99;
14:17:55;9224;49,99;
14:17:58;9192;49,98;
14:18:01;9172;49,98;
14:18:04;9200;49,97;
14:18:07;9192;49,97;
14:18:10;9156;49,97;
14:18:13;9148;49,97;
14:18:19;9140;49,98;
14:18:22;9128;49,98;
14:18:25;9124;49,98;
14:18:28;9100;49,98;
14:18:31;9148;49,98;
14:18:34;9144;49,98;
14:18:37;9156;49,98;
14:18:40;9144;49,97;
14:18:43;9176;49,97;
14:18:46;9172;49,96;
14:18:49;9180;49,97;
14:18:52;9152;49,97;
14:18:55;9188;49,97;
14:18:58;9180;49,98;
14:19:01;9152;49,98;
14:19:04;9128;49,98;
14:19:07;9164;49,98;
14:19:10;9172;49,98;
14:19:13;9160;49,97;
14:19:16;9112;49,97;
14:19:19;9160;49,96;
14:19:25;9136;49,96;
14:19:28;9140;49,96;
14:19:31;9196;49,96;
14:19:34;9192;49,96;
14:19:40;9152;49,97;
14:19:43;9192;49,97;
14:19:46;9188;49,97;
14:19:49;9184;49,97;
14:19:52;9140;49,97;
14:19:55;9172;49,98;
14:19:58;9164;49,98;
14:20:01;9164;49,99;
14:20:04;9136;49,99;
14:20:07;9176;49,99;
14:20:10;9184;50,00;
14:20:13;9192;50,00;
14:20:16;9176;50,00;
14:20:19;9192;50,00;
14:20:25;9188;49,99;
14:20:31;9176;49,97;
14:20:34;9172;49,97;
14:20:37;9168;49,96;
14:20:40;9164;49,97;
14:20:43;9160;49,98;
14:20:46;9156;49,98;
14:20:49;9148;49,98;
14:20:52;9152;49,98;
14:20:55;9140;50,00;
14:20:58;9136;50,00;
14:21:01;9140;50,00;
14:21:04;9100;50,00;
14:21:07;9148;50,00;
14:21:10;9148;50,01;
14:21:13;9148;50,00;
14:21:16;9140;50,00;
14:21:19;9156;50,00;
14:21:25;9160;50,00;
14:21:28;9156;50,00;
14:21:31;9164;50,00;
14:21:40;9148;50,00;
14:21:43;9156;50,00;
14:21:46;9164;49,99;
14:21:49;8696;49,99;
14:21:52;8864;49,99;
14:21:55;8696;49,99;
14:21:58;7726;49,99;
14:22:01;9008;49,99;
14:22:04;8960;49,99;
14:22:07;8984;49,99;
14:22:10;9024;49,99;
14:22:13;9020;49,99;
14:22:16;9076;49,99;
14:22:19;9096;50,00;
14:22:22;9124;49,99;
14:22:25;9124;50,00;
14:22:28;9136;50,00;
14:22:31;9144;50,00;
14:22:34;9148;50,00;
14:22:37;9160;50,00;
14:22:46;9160;49,99;
14:22:49;9144;49,99;
14:22:52;9148;49,99;
14:22:55;9116;49,99;
14:22:58;9180;49,99;
14:23:01;9172;49,99;
14:23:04;9184;49,99;
14:23:10;9292;49,99;
14:23:13;9348;49,99;
14:23:16;7772;50,00;
14:23:19;3610;50,00;
14:23:22;6230;50,00;
14:23:28;4346;50,00;
14:23:31;8516;50,00;
14:23:34;9272;50,00;
14:23:37;9236;50,00;
14:23:40;9232;50,00;
14:23:46;9236;50,00;
14:23:49;9164;50,00;
14:23:52;9184;50,00;
14:23:55;9180;50,00;
14:23:58;9164;50,00;
14:24:01;9152;50,00;
14:24:04;9148;50,00;
14:24:07;9144;50,00;
14:24:10;9120;50,00;
14:24:13;9124;50,00;
14:24:16;9104;50,00;
14:24:22;9116;50,00;
14:24:25;9112;50,00;
14:24:28;9104;50,00;
14:24:34;9092;49,99;
14:24:40;9104;49,98;
14:24:43;9112;49,99;
14:24:46;9116;50,00;
14:24:52;9092;50,00;
14:24:55;9116;50,00;
14:24:58;9104;50,00;
14:25:01;9076;50,00;
14:25:04;9088;50,00;
14:25:07;9084;50,00;
14:25:10;9068;50,00;
14:25:13;9072;50,00;
14:25:16;9060;50,00;
14:25:19;9092;49,99;
14:25:22;9092;49,98;
14:25:25;9100;49,98;
14:25:28;9096;49,97;
14:25:34;9104;49,97;
14:25:40;9124;49,98;
14:25:46;9092;49,98;
14:25:49;9092;49,99;
14:25:52;9056;49,99;
14:25:55;8972;50,00;
14:25:58;8916;50,00;
14:26:01;8408;49,99;
14:26:04;8396;49,99;
14:26:07;8992;49,99;
14:26:10;9112;49,99;
14:26:13;9132;49,99;
14:26:16;9152;49,98;
14:26:19;9168;49,98;
14:26:22;9156;49,98;
14:26:25;9184;49,98;
14:26:28;9168;49,98;
14:26:31;9196;49,97;
14:26:34;9200;49,97;
14:26:37;9204;49,97;
14:26:40;9164;49,98;
14:26:46;9160;49,98;
14:26:49;9156;49,98;
14:26:52;9096;49,98;
14:26:55;9128;49,98;
14:26:58;9104;49,98;
14:27:01;9100;49,98;
14:27:04;9092;49,98;
14:27:07;9068;49,99;
14:27:10;9080;50,00;
14:27:13;9096;50,00;
14:27:16;9064;50,00;
14:27:19;9112;50,00;
14:27:22;9116;50,00;
14:27:25;9080;49,99;
14:27:31;6820;49,98;
14:27:34;7874;49,98;
14:27:37;7596;49,98;
14:27:40;7440;49,97;
14:27:43;5266;49,98;
14:27:46;4772;49,98;
14:27:49;4706;49,98;
14:27:52;6032;49,99;
14:27:55;8420;50,00;
14:27:58;8608;50,00;
14:28:01;8208;50,01;
14:28:04;8480;50,00;
14:28:07;8740;50,00;
14:28:10;8764;50,00;
14:28:13;8752;50,00;
14:28:16;8864;50,01;
14:28:19;8888;50,00;
14:28:22;8900;50,00;
14:28:25;8940;50,00;
14:28:28;8916;50,00;
14:28:31;8800;50,00;
14:28:37;8864;50,00;
14:28:40;8884;50,00;
14:28:43;8912;50,00;
14:28:46;8948;50,00;
14:28:49;8932;50,00;
14:28:52;8944;50,00;
14:28:58;8912;50,00;
14:29:01;8908;50,00;
14:29:04;8920;50,00;
14:29:07;8884;50,00;
14:29:10;8940;50,00;
14:29:16;8960;49,99;
14:29:19;8964;49,99;
14:29:22;8972;49,99;
14:29:25;8960;49,99;
14:29:28;8968;49,99;
14:29:31;8920;49,98;
14:29:34;8948;49,98;
14:29:37;8956;49,98;
14:29:43;8984;49,98;
14:29:46;9024;49,98;
14:29:52;9044;49,99;
14:29:55;9008;49,98;
14:29:58;9040;49,98;
14:30:01;9028;49,98;
14:30:04;8988;49,98;
14:30:07;8940;49,98;
14:30:10;8956;49,98;
14:30:13;8904;49,98;
14:30:16;8884;49,98;
14:30:19;8796;49,97;
14:30:22;8840;49,97;
14:30:25;8836;49,97;
14:30:28;8832;49,98;
14:30:31;8672;49,98;
14:30:34;8444;49,98;
14:30:37;7738;49,98;
14:30:40;8018;49,98;
14:30:43;8728;49,98;
14:30:49;8868;49,98;
14:30:52;8996;49,99;
14:30:55;9016;49,98;
14:30:58;9064;49,98;
14:31:04;9080;49,99;
14:31:07;9084;49,99;
14:31:10;9060;49,98;
14:31:13;9096;49,98;
14:31:16;9120;49,98;
14:31:19;9104;49,98;
14:31:22;9116;49,98;
14:31:25;9120;49,98;
14:31:31;9132;49,98;
14:31:34;9112;49,98;
14:31:37;9140;49,98;
14:31:40;9132;49,97;
14:31:43;9148;49,98;
14:31:46;9128;49,97;
14:31:49;9168;49,97;
14:31:55;9156;49,97;
14:31:58;9148;49,97;
14:32:01;9180;49,97;
14:32:04;9160;49,97;
14:32:07;9168;49,97;
14:32:10;9156;49,97;
14:32:13;9180;49,97;
14:32:16;9184;49,97;
14:32:19;9184;49,96;
14:32:22;9152;49,96;
14:32:25;9188;49,96;
14:32:28;9180;49,96;
14:32:31;9196;49,97;
14:32:34;9164;49,97;
14:32:40;9180;49,97;
14:32:43;9184;49,97;
14:32:46;9160;49,97;
14:32:49;9188;49,97;
14:32:52;9168;49,97;
14:32:55;9180;49,97;
14:32:58;9180;49,98;
14:33:01;9148;49,98;
14:33:04;9168;49,98;
14:33:07;9180;49,98;
14:33:10;9148;49,98;
14:33:13;9172;49,98;
14:33:16;9160;49,97;
14:33:19;9172;49,97;
14:33:25;9160;49,97;
14:33:28;9156;49,97;
14:33:31;9156;49,98;
14:33:34;9148;49,97;
14:33:37;9132;49,97;
14:33:40;9160;49,96;
14:33:46;9156;49,97;
14:33:49;9116;49,97;
14:33:52;9144;49,97;
14:33:55;9128;49,97;
14:33:58;9128;49,98;
14:34:01;9088;49,97;
14:34:04;9108;49,97;
14:34:07;9100;49,98;
14:34:10;9088;49,98;
14:34:13;9048;49,98;
14:34:16;9076;49,98;
14:34:19;9056;49,98;
14:34:22;9072;49,98;
14:34:25;9032;49,98;
14:34:28;9060;49,98;
14:34:31;9036;49,98;
14:34:34;9040;49,97;
14:34:37;9012;49,97;
14:34:40;9052;49,97;
14:34:43;9048;49,97;
14:34:46;9076;49,97;
14:34:52;9080;49,97;
14:34:55;9064;49,98;
14:34:58;9080;49,98;
14:35:01;9048;49,98;
14:35:04;9084;49,99;
14:35:07;9064;50,00;
14:35:10;9080;50,00;
14:35:19;9064;50,00;
14:35:22;9072;49,99;
14:35:25;9036;49,99;
14:35:28;9060;49,98;
14:35:31;9048;49,98;
14:35:34;9060;49,98;
14:35:37;9016;49,98;
14:35:40;9040;49,98;
14:35:43;9028;49,97;
14:35:46;9032;49,98;
14:35:49;8988;49,98;
14:35:52;9016;49,98;
14:35:58;9008;49,98;
14:36:01;8968;49,98;
14:36:04;9004;49,98;
14:36:07;8988;49,98;
14:36:10;9004;49,98;
14:36:13;8972;49,98;
14:36:16;8996;49,99;
14:36:19;9000;49,99;
14:36:25;8980;50,00;
14:36:28;8992;49,99;
14:36:31;8996;49,99;
14:36:37;8956;50,00;
14:36:43;9008;49,99;
14:36:46;8996;49,99;
14:36:49;8984;49,99;
14:36:55;9008;49,99;
14:36:58;8992;49,99;
14:37:01;9012;49,99;
14:37:04;9008;49,99;
14:37:07;9008;50,00;
14:37:10;8996;50,00;
14:37:13;9012;50,00;
14:37:16;8980;50,00;
14:37:19;9024;50,00;
14:37:22;9016;49,99;
14:37:25;9028;49,99;
14:37:28;9000;49,98;
14:37:31;9028;49,97;
14:37:34;9012;49,97;
14:37:37;9028;49,97;
14:37:40;8996;49,97;
14:37:43;9024;49,98;
14:37:52;8996;49,98;
14:37:55;9020;49,98;
14:37:58;9000;49,98;
14:38:01;9000;49,99;
14:38:04;8972;49,98;
14:38:07;8996;49,98;
14:38:16;8968;49,98;
14:38:19;9000;49,98;
14:38:22;8988;49,98;
14:38:25;8996;49,97;
14:38:28;8976;49,97;
14:38:31;8984;49,98;
14:38:34;8980;49,97;
14:38:37;8984;49,97;
14:38:40;8976;49,97;
14:38:43;8988;49,97;
14:38:49;8992;49,97;
14:38:55;8980;49,97;
14:38:58;8976;49,98;
14:39:01;8968;49,98;
14:39:04;8972;49,99;
14:39:07;8976;50,00;
14:39:10;8976;50,01;
14:39:13;8964;50,01;
14:39:16;8980;50,01;
14:39:19;8988;50,00;
14:39:22;8972;50,00;
14:39:25;8968;49,99;
14:39:28;8944;49,99;
14:39:31;8952;49,99;
14:39:34;8944;49,99;
14:39:37;8940;49,99;
14:39:40;8940;49,98;
14:39:43;8948;49,98;
14:39:46;8944;49,98;
14:39:49;8952;49,99;
14:39:55;8964;49,99;
14:40:01;8968;49,99;
14:40:07;8960;49,99;
14:40:13;8944;49,98;
14:40:16;8940;49,98;
14:40:19;8908;49,98;
14:40:22;8936;49,98;
14:40:25;8924;49,98;
14:40:28;8916;49,98;
14:40:31;8904;49,97;
14:40:34;8900;49,97;
14:40:37;8896;49,97;
14:40:40;8888;49,97;
14:40:43;8856;49,97;
14:40:46;8888;49,97;
14:40:49;8884;49,97;
14:40:58;8888;49,96;
14:41:01;8860;49,97;
14:41:04;8864;49,98;
14:41:07;8856;49,98;
14:41:10;8844;49,99;
14:41:13;8828;49,99;
14:41:16;8832;49,98;
14:41:19;8788;49,98;
14:41:22;8832;49,97;
14:41:25;8824;49,96;
14:41:28;8836;49,96;
14:41:31;8824;49,96;
14:41:34;8848;49,96;
14:41:37;8840;49,96;
14:41:40;8848;49,97;
14:41:43;8844;49,97;
14:41:46;8876;49,97;
14:41:52;8892;49,98;
14:41:55;8900;49,98;
14:42:04;8896;49,99;
14:42:10;8868;50,00;
14:42:13;8896;49,99;
14:42:16;8888;49,99;
14:42:22;8880;49,98;
14:42:25;8868;49,98;
14:42:28;8856;49,97;
14:42:34;8824;49,97;
14:42:37;8848;49,97;
14:42:40;8836;49,97;
14:42:43;8832;49,97;
14:42:46;8828;49,97;
14:42:49;8832;49,97;
14:42:52;8828;49,98;
14:42:58;8832;49,99;
14:43:01;8828;49,99;
14:43:04;8824;49,99;
14:43:10;8820;49,99;
14:43:13;8816;49,99;
14:43:16;8804;49,99;
14:43:19;8824;49,99;
14:43:22;8816;49,98;
14:43:28;8800;49,97;
14:43:31;8796;49,97;
14:43:34;8772;49,97;
14:43:37;8784;49,97;
14:43:40;8780;49,97;
14:43:43;8792;49,97;
14:43:46;8768;49,98;
14:43:49;8784;49,98;
14:43:52;8772;50,00;
14:43:55;8792;50,00;
14:43:58;8772;50,00;
14:44:04;8800;50,01;
14:44:07;8812;50,01;
14:44:10;8816;50,01;
14:44:16;8824;50,00;
14:44:19;8820;50,00;
14:44:22;8792;50,00;
14:44:25;8816;50,00;
14:44:28;8812;50,00;
14:44:31;8808;50,00;
14:44:34;8792;50,00;
14:44:37;8800;50,00;
14:44:40;8792;50,00;
14:44:43;8800;49,99;
14:44:46;8788;49,99;
14:44:49;8804;49,99;
14:44:52;8788;49,98;
14:44:55;8808;49,99;
14:44:58;8784;49,99;
14:45:01;8820;49,99;
14:45:04;8820;50,00;
14:45:10;8816;50,01;
14:45:13;8840;50,00;
14:45:16;8820;50,00;
14:45:19;8840;49,99;
14:45:22;8804;49,99;
14:45:25;8824;49,98;
14:45:31;8800;49,98;
14:45:34;8808;49,98;
14:45:37;8816;49,98;
14:45:40;8820;49,98;
14:45:43;8824;49,98;
14:45:55;8848;49,98;
14:45:58;8852;49,98;
14:46:04;8844;49,98;
14:46:07;8852;49,97;
14:46:10;8848;49,97;
14:46:13;8820;49,97;
14:46:16;8848;49,98;
14:46:19;8844;49,98;
14:46:22;8848;49,98;
14:46:25;8864;49,99;
14:46:28;8876;49,98;
14:46:31;8880;49,99;
14:46:34;8884;49,98;
14:46:37;8872;49,98;
14:46:40;8896;49,98;
14:46:43;8888;49,98;
14:46:46;8904;49,98;
14:46:49;8892;49,97;
14:46:52;8916;49,97;
14:46:55;8908;49,98;
14:47:01;8912;49,98;
14:47:04;8936;49,98;
14:47:07;8928;49,99;
14:47:10;8952;49,99;
14:47:13;8936;49,99;
14:47:16;8964;49,99;
14:47:19;8960;49,99;
14:47:22;8944;49,98;
14:47:28;8972;49,97;
14:47:31;8956;49,97;
14:47:34;8976;49,97;
14:47:37;8948;49,97;
14:47:40;8976;49,97;
14:47:43;8984;49,98;
14:47:46;8992;49,98;
14:47:49;8960;49,98;
14:47:52;8984;49,98;
14:47:55;8948;49,98;
14:47:58;8964;49,99;
14:48:01;8916;49,99;
14:48:07;8904;50,00;
14:48:10;8916;50,00;
14:48:13;8872;50,00;
14:48:16;8896;50,00;
14:48:19;8860;50,00;
14:48:22;8876;50,00;
14:48:25;8868;50,00;
14:48:28;8836;49,99;
14:48:31;8808;49,99;
14:48:37;8780;49,98;
14:48:40;8788;49,99;
14:48:43;8772;49,99;
14:48:46;8756;49,99;
14:48:49;8756;49,98;
14:48:52;8700;49,98;
14:48:55;8512;49,98;
14:48:58;8628;49,98;
14:49:01;8636;49,98;
14:49:04;8624;49,99;
14:49:07;8592;49,99;
14:49:13;8448;49,98;
14:49:16;8432;49,98;
14:49:19;8288;49,98;
14:49:22;8364;49,98;
14:49:25;8372;49,98;
14:49:28;8392;49,98;
14:49:31;8328;49,98;
14:49:34;8228;49,98;
14:49:37;7744;49,98;
14:49:40;7656;49,97;
14:49:43;6418;49,98;
14:49:46;5444;49,98;
14:49:49;4950;49,98;
14:49:52;4464;49,98;
14:49:55;4524;49,98;
14:49:58;5704;49,98;
14:50:01;6032;49,98;
14:50:04;6980;49,98;
14:50:07;7606;49,98;
14:50:10;8058;49,99;
14:50:13;8084;49,99;
14:50:16;7928;49,99;
14:50:19;8008;49,99;
14:50:22;8034;49,99;
14:50:25;8094;49,99;
14:50:28;8054;49,98;
14:50:31;8182;49,98;
14:50:34;8552;49,98;
14:50:37;8596;49,97;
14:50:40;8592;49,97;
14:50:43;8492;49,97;
14:50:46;7702;49,98;
14:50:49;7718;49,98;
14:50:52;7042;49,98;
14:50:55;6664;49,99;
14:50:58;6238;50,00;
14:51:04;5636;50,00;
14:51:07;6174;50,00;
14:51:10;6700;50,00;
14:51:13;6150;50,00;
14:51:16;6902;49,99;
14:51:19;7766;49,99;
14:51:22;8120;49,98;
14:51:25;8236;49,98;
14:51:28;8716;49,98;
14:51:31;8680;49,98;
14:51:34;8816;49,98;
14:51:37;8852;49,98;
14:51:40;8952;49,98;
14:51:43;8984;49,98;
14:51:46;9000;49,98;
14:51:49;8992;49,99;
14:51:52;9008;50,00;
14:51:55;9012;50,00;
14:51:58;9052;50,01;
14:52:01;9044;50,01;
14:52:04;9072;50,01;
14:52:10;9032;50,01;
14:52:13;8984;50,00;
14:52:19;8948;50,00;
14:52:22;8920;50,00;
14:52:25;8860;50,00;
14:52:28;8864;50,00;
14:52:31;8844;50,00;
14:52:34;8828;49,99;
14:52:37;8792;49,99;
14:52:40;8788;50,00;
14:52:43;8760;50,00;
14:52:49;8724;50,00;
14:52:52;8752;50,00;
14:52:55;8736;50,00;
14:52:58;8748;50,01;
14:53:01;8712;50,01;
14:53:04;8744;50,01;
14:53:07;8732;50,01;
14:53:10;8736;50,01;
14:53:16;8768;50,01;
14:53:19;8764;50,01;
14:53:22;8796;50,01;
14:53:25;8760;50,02;
14:53:28;8792;50,01;
14:53:31;8776;50,01;
14:53:34;8784;50,02;
14:53:37;8780;50,02;
14:53:40;8760;50,02;
14:53:43;8732;50,01;
14:53:46;8736;50,01;
14:53:49;8696;50,01;
14:53:52;8708;50,00;
14:53:55;8692;50,00;
14:53:58;8712;50,00;
14:54:01;8688;50,00;
14:54:04;8736;50,01;
14:54:07;8724;50,01;
14:54:10;8736;50,01;
14:54:13;8696;50,01;
14:54:16;8736;50,00;
14:54:22;8724;50,00;
14:54:25;8692;50,01;
14:54:28;8740;50,01;
14:54:31;8744;50,01;
14:54:34;8760;50,01;
14:54:37;8740;50,01;
14:54:40;8776;50,01;
14:54:43;8788;50,00;
14:54:46;8796;50,00;
14:54:49;8788;50,00;
14:54:52;8792;50,00;
14:54:55;8632;50,00;
14:54:58;8308;50,00;
14:55:01;4528;50,01;
14:55:07;2206;50,01;
14:55:10;2148;50,00;
14:55:13;3099;50,00;
14:55:16;4056;50,00;
14:55:19;4063;50,00;
14:55:22;3672;50,00;
14:55:25;3312;50,00;
14:55:28;3139;50,00;
14:55:31;3049;50,01;
14:55:34;3457;50,01;
14:55:37;4822;50,01;
14:55:40;5150;50,00;
14:55:43;3467;50,00;
14:55:46;3534;50,00;
14:55:49;3462;50,00;
14:55:52;3455;50,00;
14:55:55;4750;50,00;
14:55:58;5838;50,00;
14:56:01;5886;50,00;
14:56:04;4912;50,00;
14:56:07;3735;50,01;
14:56:13;2780;50,01;
14:56:16;2805;50,01;
14:56:19;3566;50,01;
14:56:22;4420;50,01;
14:56:25;6480;50,00;
14:56:28;7142;50,00;
14:56:31;7700;50,00;
14:56:34;8232;50,00;
14:56:37;8816;50,00;
14:56:40;8824;50,00;
14:56:43;8848;50,00;
14:56:46;8828;50,00;
14:56:49;8860;50,00;
14:56:52;8860;50,01;
14:56:55;8864;50,01;
14:56:58;8828;50,01;
14:57:01;7930;50,01;
14:57:04;6356;50,00;
14:57:07;3269;50,00;
14:57:10;3816;50,00;
14:57:13;3674;50,00;
14:57:19;2334;50,01;
14:57:22;2336;50,01;
14:57:25;2546;50,01;
14:57:28;2626;50,01;
14:57:31;4346;50,01;
14:57:34;5876;50,01;
14:57:37;7280;50,00;
14:57:40;8068;50,01;
14:57:43;8660;50,00;
14:57:46;8752;50,00;
14:57:49;8876;49,99;
14:57:52;8900;50,00;
14:57:55;8968;50,00;
14:57:58;9000;50,00;
14:58:01;9012;50,00;
14:58:04;9072;50,00;
14:58:07;9100;50,00;
14:58:10;9104;50,00;
14:58:13;9108;49,99;
14:58:16;9104;49,99;
14:58:19;9084;50,00;
14:58:25;9052;50,00;
14:58:28;9036;49,99;
14:58:31;9024;50,00;
14:58:34;9012;50,00;
14:58:37;8996;50,00;
14:58:40;8992;49,99;
14:58:43;8956;50,00;
14:58:46;8960;50,00;
14:58:49;8932;50,00;
14:58:52;8916;50,00;
14:58:55;8884;50,01;
14:58:58;8888;50,01;
14:59:01;8900;50,01;
14:59:04;8892;50,01;
14:59:10;8872;50,01;
14:59:13;8832;50,01;
14:59:16;8840;50,01;
14:59:19;8828;50,00;
14:59:22;8860;50,01;
14:59:25;8836;50,01;
14:59:28;8888;50,01;
14:59:31;8896;50,01;
14:59:34;8936;50,01;
14:59:37;8908;50,01;
14:59:40;8952;50,00;
14:59:43;8944;50,00;
14:59:46;8960;50,00;
14:59:49;8932;50,00;
14:59:52;8944;50,00;
14:59:58;8940;50,00;
15:00:01;8924;50,00;
15:00:04;8916;50,00;
15:00:07;8904;49,99;
15:00:10;8876;49,99;
15:00:16;8864;49,99;
15:00:19;8856;49,99;
15:00:22;8844;49,99;
15:00:25;8836;49,99;
15:00:28;8824;49,99;
15:00:31;8820;49,99;
15:00:34;8804;50,00;
15:00:37;8816;49,99;
15:00:40;8808;49,99;
15:00:43;8796;49,98;
15:00:46;8792;49,98;
15:00:49;8796;49,98;
15:00:52;8792;49,98;
15:00:55;8796;49,98;
15:00:58;8780;49,98;
15:01:01;8808;49,99;
15:01:04;8820;50,00;
15:01:10;8816;50,00;
15:01:13;8812;50,00;
15:01:16;8800;50,01;
15:01:22;8792;50,01;
15:01:25;8788;50,01;
15:01:28;8776;50,01;
15:01:31;8780;50,00;
15:01:37;8776;50,00;
15:01:40;8752;50,00;
15:01:43;8784;50,00;
15:01:46;8776;50,00;
15:01:49;8772;50,00;
15:01:52;8760;49,99;
15:01:55;8708;49,99;
15:01:58;8728;49,99;
15:02:01;8756;50,00;
15:02:04;8724;50,00;
15:02:07;8760;50,00;
15:02:10;8756;50,00;
15:02:16;8736;50,00;
15:02:19;8752;50,00;
15:02:28;8760;49,98;
15:02:31;8756;49,98;
15:02:34;8752;49,98;
15:02:37;8748;49,97;
15:02:40;8752;49,97;
15:02:43;8760;49,97;
15:02:46;8732;49,97;
15:02:49;8748;49,96;
15:02:52;8732;49,97;
15:02:55;8728;49,97;
15:02:58;8700;49,98;
15:03:01;8708;49,98;
15:03:04;8668;49,98;
15:03:07;8680;49,98;
15:03:10;8676;49,97;
15:03:13;8680;49,97;
15:03:16;8640;49,96;
15:03:19;8648;49,96;
15:03:22;8620;49,96;
15:03:25;8644;49,96;
15:03:28;8604;49,96;
15:03:34;8624;49,96;
15:03:43;8624;49,97;
15:03:46;8624;49,96;
15:03:49;8624;49,98;
15:03:52;8616;49,97;
15:03:55;8576;49,97;
15:03:58;8600;49,98;
15:04:01;8592;49,97;
15:04:04;8576;49,98;
15:04:07;8552;49,98;
15:04:10;8548;49,98;
15:04:13;8540;49,98;
15:04:19;8528;49,98;
15:04:22;8520;49,98;
15:04:25;8504;49,98;
15:04:28;8496;49,98;
15:04:31;8508;49,97;
15:04:34;8524;49,97;
15:04:37;8504;49,97;
15:04:40;8544;49,98;
15:04:43;8568;49,98;
15:04:46;8572;49,98;
15:04:49;8580;49,98;
15:04:52;8588;49,98;
15:04:55;8604;49,98;
15:04:58;8608;49,99;
15:05:01;8600;49,99;
15:05:04;8624;49,99;
15:05:07;8612;50,00;
15:05:10;8632;50,01;
15:05:13;8612;50,01;
15:05:16;8624;50,01;
15:05:19;8608;50,00;
15:05:25;8612;50,00;
15:05:28;8636;50,00;
15:05:31;8616;49,99;
15:05:34;8636;49,99;
15:05:37;8612;49,99;
15:05:40;8632;49,99;
15:05:43;8636;50,00;
15:05:46;8608;49,99;
15:05:49;8600;50,00;
15:05:52;8616;50,00;
15:05:55;8584;50,01;
15:05:58;8604;50,01;
15:06:01;8584;50,01;
15:06:04;8600;50,01;
15:06:07;8596;50,01;
15:06:10;8588;50,01;
15:06:13;8568;50,01;
15:06:16;8576;50,00;
15:06:19;8520;49,99;
15:06:22;8552;49,99;
15:06:25;8528;49,99;
15:06:31;8524;50,00;
15:06:34;8532;50,00;
15:06:37;8500;50,00;
15:06:40;8512;50,00;
15:06:43;8500;50,01;
15:06:46;8508;50,01;
15:06:49;8504;50,01;
15:06:52;8484;50,01;
15:06:55;8496;50,00;
15:06:58;8504;50,00;
15:07:01;8492;50,01;
15:07:04;8508;50,01;
15:07:07;8464;50,00;
15:07:10;8484;50,00;
15:07:13;8480;50,00;
15:07:16;8456;50,01;
15:07:19;8440;50,01;
15:07:22;8448;50,01;
15:07:25;8436;50,01;
15:07:28;8464;50,00;
15:07:31;8460;50,00;
15:07:37;8428;50,00;
15:07:40;8448;50,00;
15:07:43;8432;50,00;
15:07:46;8440;50,00;
15:07:49;8412;50,00;
15:07:52;8436;50,00;
15:07:55;8432;50,00;
15:07:58;8424;50,00;
15:08:01;8408;50,00;
15:08:04;8400;50,00;
15:08:07;8408;50,00;
15:08:10;8400;50,00;
15:08:13;8404;50,00;
15:08:16;8380;50,00;
15:08:22;8356;50,00;
15:08:25;8364;50,00;
15:08:28;8324;50,00;
15:08:31;8360;50,01;
15:08:34;8348;50,01;
15:08:37;8360;50,01;
15:08:40;8356;50,01;
15:08:43;8324;50,01;
15:08:46;8308;50,01;
15:08:49;8320;50,01;
15:08:52;8276;50,01;
15:08:55;8296;50,01;
15:08:58;8276;50,01;
15:09:01;8288;50,01;
15:09:04;8288;50,00;
15:09:07;8260;50,01;
15:09:10;8228;50,01;
15:09:13;8240;50,01;
15:09:16;8208;50,01;
15:09:19;8240;50,01;
15:09:22;8236;50,01;
15:09:28;8220;50,00;
15:09:31;8252;50,00;
15:09:34;8236;50,00;
15:09:37;8252;50,00;
15:09:40;8236;50,01;
15:09:43;8268;50,01;
15:09:46;8276;50,01;
15:09:49;8264;50,02;
15:09:52;8264;50,01;
15:09:55;8292;50,01;
15:09:58;8296;50,01;
15:10:01;8312;50,01;
15:10:04;8308;50,00;
15:10:07;8312;50,00;
15:10:10;8328;50,00;
15:10:13;8320;50,00;
15:10:16;8328;50,00;
15:10:19;8300;50,00;
15:10:22;8316;50,00;
15:10:25;8340;50,00;
15:10:28;8312;50,00;
15:10:34;8344;50,00;
15:10:37;8364;50,00;
15:10:40;8312;50,00;
15:10:43;8364;50,00;
15:10:46;8340;50,01;
15:10:49;8352;50,01;
15:10:55;8316;50,02;
15:10:58;8356;50,02;
15:11:01;8372;50,03;
15:11:04;8364;50,02;
15:11:10;8388;50,01;
15:11:13;8380;50,01;
15:11:16;8392;50,02;
15:11:19;8356;50,01;
15:11:22;8392;50,01;
15:11:25;8376;50,01;
15:11:28;8392;50,01;
15:11:31;8348;50,01;
15:11:34;8388;50,01;
15:11:40;8396;50,01;
15:11:43;8352;50,01;
15:11:46;8392;50,01;
15:11:49;8376;50,01;
15:11:52;8392;50,01;
15:11:55;8344;50,01;
15:11:58;8388;50,01;
15:12:01;8380;50,00;
15:12:04;8372;50,00;
15:12:07;8328;50,01;
15:12:10;8364;50,01;
15:12:13;8348;50,00;
15:12:16;8364;50,01;
15:12:19;8324;50,01;
15:12:22;8360;50,00;
15:12:25;8328;50,01;
15:12:28;8348;50,01;
15:12:31;8308;50,00;
15:12:34;8344;50,00;
15:12:37;8316;50,00;
15:12:40;8336;50,00;
15:12:46;8292;50,00;
15:12:49;8300;50,00;
15:12:52;8320;50,00;
15:12:55;8292;50,00;
15:12:58;8312;50,00;
15:13:01;8292;50,00;
15:13:04;8268;50,00;
15:13:07;8304;50,00;
15:13:10;8284;50,01;
15:13:13;8264;50,00;
15:13:16;8280;50,00;
15:13:22;8244;50,00;
15:13:25;8272;50,00;
15:13:31;8276;50,00;
15:13:34;8248;50,00;
15:13:37;8276;50,00;
15:13:40;8244;50,00;
15:13:43;8260;49,99;
15:13:46;8232;49,99;
15:13:49;8276;49,99;
15:13:52;8288;49,99;
15:13:55;8312;50,00;
15:13:58;8288;50,00;
15:14:01;8320;50,00;
15:14:04;8304;50,00;
15:14:07;8348;50,00;
15:14:10;8316;50,00;
15:14:13;8348;50,00;
15:14:16;8328;50,00;
15:14:19;8360;50,00;
15:14:22;8332;50,00;
15:14:25;8364;50,00;
15:14:28;8316;50,00;
15:14:31;8360;50,00;
15:14:37;8396;50,00;
15:14:40;8372;50,00;
15:14:43;8376;50,00;
15:14:46;8336;49,99;
15:14:49;8392;49,99;
15:14:52;8368;49,99;
15:14:55;8392;50,00;
15:14:58;8388;50,00;
15:15:01;8336;50,00;
15:15:04;8256;49,99;
15:15:07;3944;49,98;
15:15:10;3138;49,98;
15:15:13;3822;49,97;
15:15:16;4622;49,97;
15:15:19;6186;49,96;
15:15:22;3921;49,96;
15:15:25;4660;49,96;
15:15:28;5100;49,97;
15:15:31;8252;49,97;
15:15:34;7772;49,97;
15:15:37;6806;49,97;
15:15:43;7248;49,97;
15:15:46;8292;49,97;
15:15:49;8204;49,98;
15:15:52;8360;49,98;
15:15:55;8472;49,98;
15:15:58;8512;49,98;
15:16:01;8488;49,98;
15:16:04;8524;49,98;
15:16:10;8508;49,97;
15:16:13;8544;49,97;
15:16:19;8552;49,98;
15:16:22;8544;49,98;
15:16:25;8504;49,98;
15:16:28;8544;49,98;
15:16:31;8552;49,98;
15:16:34;8548;49,98;
15:16:37;8564;49,98;
15:16:40;8584;49,98;
15:16:43;8508;49,98;
15:16:49;8500;49,99;
15:16:52;8620;50,00;
15:16:55;7118;49,99;
15:16:58;6174;49,98;
15:17:01;7946;49,98;
15:17:04;5584;49,98;
15:17:07;3191;49,98;
15:17:10;3411;49,99;
15:17:13;5362;49,99;
15:17:16;5500;49,99;
15:17:19;6098;50,00;
15:17:22;5766;50,00;
15:17:25;4566;50,00;
15:17:28;3085;49,99;
15:17:34;3667;49,99;
15:17:37;3035;49,99;
15:17:40;2857;49,99;
15:17:43;3168;49,99;
15:17:46;3953;49,98;
15:17:49;3623;49,99;
15:17:52;3050;49,99;
15:17:55;2762;49,99;
15:17:58;2592;49,99;
15:18:01;2637;49,99;
15:18:04;2903;50,00;
15:18:07;2952;50,00;
15:18:10;3632;50,00;
15:18:13;3712;50,00;
15:18:16;4970;49,99;
15:18:19;5224;49,99;
15:18:22;4526;49,99;
15:18:25;4013;49,99;
15:18:28;4700;49,99;
15:18:31;4260;49,99;
15:18:34;5130;49,99;
15:18:40;3165;49,98;
15:18:43;3184;49,98;
15:18:46;2637;49,98;
15:18:49;2636;49,98;
15:18:52;3803;49,98;
15:18:55;4792;49,98;
15:18:58;5922;49,99;
15:19:01;6112;49,99;
15:19:04;6244;50,00;
15:19:07;6756;49,99;
15:19:10;7390;50,00;
15:19:13;6482;49,99;
15:19:16;7272;49,99;
15:19:19;8352;49,98;
15:19:22;8360;49,98;
15:19:25;3331;49,98;
15:19:28;2489;49,99;
15:19:31;2457;49,99;
15:19:34;2440;49,98;
15:19:37;2449;49,99;
15:19:40;2456;49,98;
15:19:46;2492;49,99;
15:19:49;2515;49,99;
15:19:52;2940;49,99;
15:19:55;3412;50,00;
15:19:58;2609;49,99;
15:20:01;2516;49,99;
15:20:04;2491;49,99;
15:20:07;2527;49,99;
15:20:10;2627;49,99;
15:20:13;2533;49,98;
15:20:16;2623;49,98;
15:20:19;2615;49,98;
15:20:22;2867;49,98;
15:20:25;2791;49,98;
15:20:28;2807;49,98;
15:20:31;3513;49,98;
15:20:34;3182;49,97;
15:20:37;2859;49,97;
15:20:40;2444;49,97;
15:20:43;2427;49,97;
15:20:46;2409;49,98;
15:20:52;2392;49,98;
15:20:55;2386;49,98;
15:20:58;2375;49,98;
15:21:01;2370;49,98;
15:21:04;2367;49,98;
15:21:07;2362;49,98;
15:21:10;2352;49,99;
15:21:13;2354;49,98;
15:21:16;2349;49,98;
15:21:19;2373;49,98;
15:21:22;2507;49,98;
15:21:25;2420;49,97;
15:21:28;2543;49,97;
15:21:31;2436;49,97;
15:21:34;2353;49,97;
15:21:37;2331;49,97;
15:21:40;2301;49,97;
15:21:43;2283;49,97;
15:21:46;2304;49,97;
15:21:49;2309;49,97;
15:21:52;2327;49,97;
15:21:55;2290;49,96;
15:21:58;2281;49,97;
15:22:01;2261;49,97;
15:22:04;2256;49,97;
15:22:07;2248;49,98;
15:22:10;2245;49,98;
15:22:13;2239;49,98;
15:22:19;2230;49,98;
15:22:22;2239;49,98;
15:22:25;2243;49,98;
15:22:28;2246;49,98;
15:22:31;2254;49,98;
15:22:34;2260;49,98;
15:22:37;2272;49,98;
15:22:43;2292;49,99;
15:22:46;2299;49,99;
15:22:49;2320;50,00;
15:22:52;2330;50,00;
15:22:55;2352;50,00;
15:22:58;2363;50,00;
15:23:01;2369;50,00;
15:23:04;2384;50,00;
15:23:07;2419;49,99;
15:23:10;2439;49,99;
15:23:13;2472;49,98;
15:23:16;2487;49,99;
15:23:19;2512;49,98;
15:23:22;2545;49,98;
15:23:25;2559;49,98;
15:23:28;2607;49,98;
15:23:31;2636;49,98;
15:23:34;2684;49,98;
15:23:37;2734;49,98;
15:23:40;2761;49,99;
15:23:43;2921;49,99;
15:23:49;3008;50,00;
15:23:52;3133;50,00;
15:23:55;3161;50,00;
15:23:58;3304;50,00;
15:24:01;3915;50,00;
15:24:04;3802;50,00;
15:24:07;4055;50,00;
15:24:10;5346;50,00;
15:24:13;8820;49,99;
15:24:16;9176;49,99;
15:24:19;8360;49,99;
15:24:22;6362;49,98;
15:24:25;8736;49,98;
15:24:28;9016;49,98;
15:24:31;8912;49,98;
15:24:34;8884;49,98;
15:24:37;8944;49,99;
15:24:40;8784;49,99;
15:24:43;8964;50,00;
15:24:46;8836;50,00;
15:24:49;8072;50,00;
15:24:55;3521;50,00;
15:24:58;4078;50,01;
15:25:01;3830;50,00;
15:25:04;2937;50,01;
15:25:07;2731;50,00;
15:25:10;2708;50,01;
15:25:13;2689;50,01;
15:25:16;2655;50,00;
15:25:19;2552;50,01;
15:25:22;2544;50,00;
15:25:25;2491;50,00;
15:25:28;2462;50,00;
15:25:31;2398;50,00;
15:25:34;2392;50,00;
15:25:37;2371;50,00;
15:25:40;2329;50,00;
15:25:43;2282;50,00;
15:25:46;2280;50,00;
15:25:49;2254;50,00;
15:25:52;2243;50,00;
15:25:55;2208;50,00;
15:26:01;2195;50,00;
15:26:04;2193;50,00;
15:26:07;2185;50,00;
15:26:10;2168;50,00;
15:26:13;2171;50,00;
15:26:16;2165;50,00;
15:26:19;2160;50,00;
15:26:22;2152;50,00;
15:26:25;2156;50,00;
15:26:28;2155;50,00;
15:26:31;2150;49,99;
15:26:34;2131;49,99;
15:26:37;2148;49,98;
15:26:40;2145;49,99;
15:26:46;2129;49,99;
15:26:49;2150;49,99;
15:26:52;2156;50,00;
15:26:55;2160;50,00;
15:26:58;2152;50,00;
15:27:01;2170;50,00;
15:27:04;2175;50,00;
15:27:07;2172;50,00;
15:27:10;2181;49,98;
15:27:13;2200;49,98;
15:27:16;2200;49,97;
15:27:19;2214;49,97;
15:27:22;2227;49,96;
15:27:25;2244;49,97;
15:27:28;2254;49,98;
15:27:31;2272;49,98;
15:27:34;2282;49,98;
15:27:37;2300;49,98;
15:27:40;2309;49,98;
15:27:42;2337;49,98;
15:27:44;2358;49,98;
15:27:50;2382;49,98;
15:27:53;2405;49,98;
15:27:56;2469;49,98;
15:27:59;2499;49,98;
15:28:02;2570;49,98;
15:28:05;2596;49,98;
15:28:08;2898;49,99;
15:28:14;6684;49,99;
15:28:17;6344;49,99;
15:28:20;5400;50,00;
15:28:23;5038;50,00;
15:28:26;3715;49,99;
15:28:29;3803;49,99;
15:28:32;4067;49,99;
15:28:35;3649;49,99;
15:28:38;3053;49,98;
15:28:41;3097;49,98;
15:28:44;4524;49,96;
15:28:47;5892;49,97;
15:28:50;8174;49,97;
15:28:53;8560;49,97;
15:28:56;8832;49,97;
15:28:59;8704;49,98;
15:29:02;6800;49,98;
15:29:05;7246;49,98;
15:29:08;7964;50,00;
15:29:11;6168;50,00;
15:29:14;3768;50,00;
15:29:20;2927;50,00;
15:29:23;2925;49,99;
15:29:26;2916;49,98;
15:29:29;2940;49,98;
15:29:32;3250;49,97;
15:29:35;3640;49,98;
15:29:38;3970;49,97;
15:29:40;3557;49,97;
15:29:42;2908;49,98;
15:29:48;2907;49,99;
15:29:51;3178;49,98;
15:29:54;2949;49,99;
15:29:57;2978;49,99;
15:30:00;2943;49,99;
15:30:04;2887;49,99;
15:30:07;2834;49,98;
15:30:10;2814;49,97;
15:30:13;2784;49,98;
15:30:16;2806;49,98;
15:30:19;2794;49,98;
15:30:22;2779;49,98;
15:30:25;2798;49,98;
15:30:28;2848;49,98;
15:30:31;2890;49,99;
15:30:34;3109;49,99;
15:30:37;3723;49,99;
15:30:40;4090;49,98;
15:30:43;6296;49,99;
15:30:49;3619;50,00;
15:30:52;3571;50,00;
15:30:55;4164;50,00;
15:30:58;4452;50,00;
15:31:02;4178;50,00;
15:31:04;4898;50,00;
15:31:09;6514;50,00;
15:31:13;6458;50,00;
15:31:16;6558;50,00;
15:31:19;6758;50,00;
15:31:23;6364;50,00;
15:31:25;7634;50,00;
15:31:31;6472;50,00;
15:31:32;8904;50,00;
15:31:40;9192;49,99;
15:31:42;9196;49,98;
15:31:43;9280;49,98;
15:31:47;8552;49,98;
15:31:49;8404;49,98;
15:31:56;8824;49,99;
15:31:59;8852;49,99;
15:32:02;7964;49,99;
15:32:04;7192;49,99;
15:32:07;7012;49,99;
15:32:10;6160;49,99;
15:32:17;4434;49,99;
15:32:20;5056;49,99;
15:32:23;6040;49,99;
15:32:24;6024;49,98;
15:32:32;5318;49,99;
15:32:35;4994;49,98;
15:32:38;6758;49,99;
15:32:42;6380;49,98;
15:32:45;9024;49,98;
15:32:48;9160;49,98;
15:32:50;9152;49,98;
15:32:53;9224;49,98;
15:32:55;9260;49,97;
15:32:57;9296;49,98;
15:33:00;9224;49,98;
15:33:07;9256;49,98;
15:33:10;9252;49,98;
15:33:14;9248;49,98;
15:33:17;9260;49,97;
15:33:21;9264;49,98;
15:33:24;9276;49,98;
15:33:26;9232;49,98;
15:33:29;9248;49,98;
15:33:32;9236;49,98;
15:33:34;9256;49,98;
15:33:36;9260;49,98;
15:33:38;9236;49,98;
15:33:42;9268;49,98;
15:33:45;9224;49,98;
15:33:47;9308;49,98;
15:33:54;9324;49,98;
15:33:57;9268;49,98;
15:34:00;9360;49,98;
15:34:05;9340;49,98;
15:34:09;7930;49,98;
15:34:11;7042;49,98;
15:34:13;8556;49,98;
15:34:17;8038;49,98;
15:34:20;7196;49,98;
15:34:21;7880;49,98;
15:34:30;9312;49,98;
15:34:32;9236;49,98;
15:34:34;9192;49,99;
15:34:37;9216;49,99;
15:34:40;9204;49,99;
15:34:44;9188;49,99;
15:34:47;9192;50,00;
15:34:49;9180;50,00;
15:34:55;9176;50,00;
15:34:57;9088;50,00;
15:35:00;9124;50,00;
15:35:07;9088;49,99;
15:35:10;9084;49,99;
15:35:12;9064;49,99;
15:35:16;9020;49,99;
15:35:19;9044;49,98;
15:35:27;9028;49,98;
15:35:29;8988;49,98;
15:35:35;9024;49,97;
15:35:37;9064;49,97;
15:35:40;9076;49,97;
15:35:44;9068;49,97;
15:35:48;9064;49,97;
15:35:50;9052;49,97;
15:35:52;9032;49,97;
15:35:55;9016;49,98;
15:36:02;8988;49,98;
15:36:04;8984;49,99;
15:36:12;8964;50,00;
15:36:15;8968;49,99;
15:36:17;8940;49,99;
15:36:19;8892;49,99;
15:36:22;8920;49,99;
15:36:29;8924;49,98;
15:36:32;8876;49,98;
15:36:35;8900;49,98;
15:36:38;8908;49,98;
15:36:41;8900;49,98;
15:36:44;8880;49,99;
15:36:47;8924;49,99;
15:36:50;8892;49,99;
15:36:53;8900;50,00;
15:36:56;8876;50,00;
15:36:58;8924;50,00;
15:37:00;8928;50,01;
15:37:04;8896;50,01;
15:37:11;8884;50,01;
15:37:14;8852;50,00;
15:37:17;8872;50,00;
15:37:20;8848;50,00;
15:37:26;8824;49,99;
15:37:28;8848;49,99;
15:37:34;8792;49,99;
15:37:37;8190;49,99;
15:37:40;7406;50,00;
15:37:42;7374;50,00;
15:37:44;8178;50,00;
15:37:51;7732;49,99;
15:37:54;7762;49,99;
15:37:57;8106;49,99;
15:38:00;7342;49,98;
15:38:03;6670;49,98;
15:38:05;6462;49,98;
15:38:07;7520;49,98;
15:38:09;8788;49,97;
15:38:11;8808;49,98;
15:38:14;8740;49,98;
15:38:16;8848;49,97;
15:38:18;8860;49,98;
15:38:24;8864;49,97;
15:38:27;8836;49,98;
15:38:29;8864;49,98;
15:38:31;8808;49,97;
15:38:34;8868;49,97;
15:38:37;8888;49,97;
15:38:41;8896;49,96;
15:38:44;8860;49,96;
15:38:47;8892;49,96;
15:38:50;8852;49,96;
15:38:53;8708;49,96;
15:38:56;8608;49,96;
15:38:59;8580;49,96;
15:39:01;8796;49,97;
15:39:02;8820;49,97;
15:39:09;8756;49,97;
15:39:12;8772;49,97;
15:39:15;8804;49,97;
15:39:19;8824;49,97;
15:39:22;8532;49,97;
15:39:25;8460;49,97;
15:39:28;8036;49,97;
15:39:31;7026;49,98;
15:39:33;6942;49,97;
15:39:36;7994;49,98;
15:39:39;8532;49,97;
15:39:42;8672;49,96;
15:39:45;8692;49,96;
15:39:48;8780;49,97;
15:39:51;8796;49,96;
15:39:54;8836;49,96;
15:39:56;8768;49,96;
15:39:58;8792;49,96;
15:40:01;8788;49,96;
15:40:04;8816;49,96;
15:40:06;8848;49,96;
15:40:12;8768;49,96;
15:40:15;8816;49,96;
15:40:17;8828;49,95;
15:40:19;8840;49,95;
15:40:27;8872;49,96;
15:40:29;8812;49,96;
15:40:31;8704;49,96;
15:40:37;8828;49,96;
15:40:39;8856;49,96;
15:40:44;8936;49,96;
15:40:45;8876;49,95;
15:40:49;8916;49,95;
15:40:52;8840;49,95;
15:40:55;7792;49,95;
15:40:58;6156;49,95;
15:41:01;6528;49,95;
15:41:09;8052;49,96;
15:41:12;8756;49,97;
15:41:15;8220;49,97;
15:41:17;7742;49,98;
15:41:19;8264;49,98;
15:41:24;8780;49,98;
15:41:26;8672;49,98;
15:41:28;8580;49,98;
15:41:31;6126;49,97;
15:41:35;4122;49,97;
15:41:37;3701;49,97;
15:41:39;3647;49,97;
15:41:46;3352;49,97;
15:41:49;3345;49,96;
15:41:52;3369;49,96;
15:41:55;3377;49,97;
15:41:58;3394;49,97;
15:42:00;3320;49,98;
15:42:02;3577;49,98;
15:42:07;4902;49,98;
15:42:10;7368;49,98;
15:42:11;3983;49,99;
15:42:14;5374;49,99;
15:42:16;8130;49,99;
15:42:18;8328;49,98;
15:42:20;8170;49,98;
15:42:24;5780;49,97;
15:42:26;4664;49,96;
15:42:27;5026;49,96;
15:42:32;3542;49,97;
15:42:35;3085;49,96;
15:42:38;3008;49,97;
15:42:42;2990;49,96;
15:42:45;3164;49,97;
15:42:49;3057;49,97;
15:42:51;2987;49,98;
15:42:53;2952;49,98;
15:42:56;2807;49,98;
15:43:01;2778;49,98;
15:43:08;2750;49,99;
15:43:09;2732;49,99;
15:43:12;2705;49,99;
15:43:16;2696;49,99;
15:43:20;2686;49,99;
15:43:28;2672;49,99;
15:43:32;2654;49,99;
15:43:35;2642;49,99;
15:43:39;2617;49,98;
15:43:46;2604;49,98;
15:43:49;2572;49,98;
15:43:52;2579;49,98;
15:43:55;2560;49,98;
15:43:58;2558;49,98;
15:44:01;2548;49,98;
15:44:04;2534;49,98;
15:44:06;2515;49,98;
15:44:08;2512;49,98;
15:44:11;2507;49,98;
15:44:14;2490;49,98;
15:44:19;2478;49,98;
15:44:24;2473;49,98;
15:44:27;2459;49,98;
15:44:30;2455;49,98;
15:44:34;2445;49,98;
15:44:38;2443;49,98;
15:44:40;2427;49,99;
15:44:41;2426;49,99;
15:44:48;2414;49,99;
15:44:50;2406;50,00;
15:44:56;2404;49,99;
15:44:59;2396;49,99;
15:45:01;2400;49,99;
15:45:02;2392;49,98;
15:45:09;2396;49,98;
15:45:12;2394;49,98;
15:45:16;2392;49,99;
15:45:18;2397;49,98;
15:45:20;2392;49,98;
15:45:26;2403;49,97;
15:45:31;2416;49,97;
15:45:34;2410;49,97;
15:45:37;2423;49,97;
15:45:41;2424;49,98;
15:45:44;2454;49,98;
15:45:48;2473;49,98;
15:45:49;2489;49,97;
15:45:56;2534;49,98;
15:45:58;2580;49,98;
15:46:01;2620;49,98;
15:46:06;2733;49,98;
15:46:10;2906;49,99;
15:46:13;2886;50,00;
15:46:15;3599;50,00;
15:46:17;4628;50,00;
15:46:19;5100;50,00;
15:46:21;5248;50,00;
15:46:23;4750;50,00;
15:46:26;4058;50,00;
15:46:29;3420;50,01;
15:46:31;3926;50,00;
15:46:37;8704;50,00;
15:46:39;8868;50,00;
15:46:42;8904;50,00;
15:46:45;8944;50,00;
15:46:47;8940;50,00;
15:46:50;8992;50,00;
15:46:53;8964;50,00;
15:46:58;9000;50,00;
15:47:00;8996;49,99;
15:47:07;8972;49,99;
15:47:10;8932;49,99;
15:47:12;9020;49,99;
15:47:18;9056;50,00;
15:47:21;9072;50,00;
15:47:25;9056;50,00;
15:47:32;9036;50,00;
15:47:35;8964;50,00;
15:47:36;8936;50,00;
15:47:43;8916;49,99;
15:47:46;8900;49,99;
15:47:50;8936;49,99;
15:47:54;8928;49,98;
15:47:58;8924;49,98;
15:48:01;8888;49,99;
15:48:04;8952;50,00;
15:48:07;8868;50,00;
15:48:11;8740;50,00;
15:48:15;8524;50,00;
15:48:18;6442;50,00;
15:48:20;4388;49,99;
15:48:23;4248;49,99;
15:48:29;4294;49,99;
15:48:33;3815;49,99;
15:48:36;5302;49,98;
15:48:39;3781;49,98;
15:48:43;4566;49,98;
15:48:46;5542;49,98;
15:48:49;4320;49,98;
15:48:53;4296;49,98;
15:48:57;4590;49,98;
15:49:00;4160;49,99;
15:49:03;3898;50,00;
15:49:06;3324;50,00;
15:49:13;3279;50,00;
15:49:16;3243;49,99;
15:49:19;3241;50,00;
15:49:23;3199;50,00;
15:49:26;3192;49,99;
15:49:33;3198;49,99;
15:49:36;3215;50,00;
15:49:39;3211;50,00;
15:49:43;3211;49,99;
15:49:46;3222;50,00;
15:49:49;3222;49,99;
15:49:53;3237;49,99;
15:49:56;3503;49,99;
15:49:59;4136;49,99;
15:50:03;5006;49,99;
15:50:06;3305;49,98;
15:50:09;3203;49,98;
15:50:12;3237;49,97;
15:50:16;3125;49,97;
15:50:19;3048;49,97;
15:50:24;3006;49,98;
15:50:27;2978;49,98;
15:50:30;2954;49,98;
15:50:33;2929;49,98;
15:50:36;2935;49,97;
15:50:39;2930;49,98;
15:50:42;2919;49,98;
15:50:45;2904;49,98;
15:50:48;2924;49,98;
15:50:52;2951;49,98;
15:50:58;2955;49,99;
15:51:01;2983;49,99;
15:51:02;3143;50,00;
15:51:08;4470;50,00;
15:51:11;3939;50,00;
15:51:12;3311;50,00;
15:51:18;3488;50,00;
15:51:24;3286;50,01;
15:51:27;3217;50,00;
15:51:30;3056;50,01;
15:51:33;2948;50,00;
15:51:36;2896;50,00;
15:51:39;2876;50,00;
15:51:42;2849;50,00;
15:51:45;2836;49,99;
15:51:48;2787;49,98;
15:51:49;2765;49,98;
15:51:53;2760;49,98;
15:51:57;2731;49,98;
15:52:00;2718;49,99;
15:52:03;2699;49,99;
15:52:06;2696;49,99;
15:52:09;2668;50,00;
15:52:13;2655;50,00;
15:52:16;2628;50,01;
15:52:19;2617;50,00;
15:52:22;2597;50,00;
15:52:25;2586;50,00;
15:52:28;2568;50,00;
15:52:31;2555;49,99;
15:52:34;2535;49,98;
15:52:37;2525;49,98;
15:52:41;2496;49,96;
15:52:44;2496;49,97;
15:52:47;2489;49,97;
15:52:51;2481;49,97;
15:52:54;2462;49,98;
15:52:57;2455;49,98;
15:53:00;2453;49,98;
15:53:03;2451;49,98;
15:53:06;2448;49,98;
15:53:09;2446;49,98;
15:53:12;2452;49,98;
15:53:15;2502;49,98;
15:53:18;2730;49,98;
15:53:21;2587;49,98;
15:53:22;2513;49,98;
15:53:26;2456;49,98;
15:53:29;2416;49,98;
15:53:32;2419;49,98;
15:53:35;2414;49,98;
15:53:38;2408;49,98;
15:53:41;2397;49,99;
15:53:42;2403;49,99;
15:53:45;2402;49,99;
15:53:48;2395;50,00;
15:53:49;2402;49,99;
15:53:56;2390;49,99;
15:53:59;2392;49,99;
15:54:02;2400;49,99;
15:54:05;2392;49,98;
15:54:08;2405;49,98;
15:54:12;2413;49,98;
15:54:15;2417;49,98;
15:54:21;2422;49,99;
15:54:22;2419;49,99;
15:54:25;2426;49,99;
15:54:28;2429;49,98;
15:54:31;2439;50,00;
15:54:34;2442;50,00;
15:54:37;2447;50,00;
15:54:43;2472;50,00;
15:54:46;2521;50,01;
15:54:49;2610;50,00;
15:54:52;2563;50,00;
15:54:55;2524;50,00;
15:54:58;2618;49,99;
15:55:01;2652;49,99;
15:55:02;2617;49,99;
15:55:05;2518;49,99;
15:55:08;2503;49,99;
15:55:11;2520;49,99;
15:55:14;2519;49,99;
15:55:17;2532;49,99;
15:55:20;2521;50,00;
15:55:23;2539;50,00;
15:55:26;2545;50,00;
15:55:29;2568;50,00;
15:55:33;2570;49,99;
15:55:36;2759;49,99;
15:55:39;4318;49,99;
15:55:42;3429;49,99;
15:55:45;2639;49,98;
15:55:48;2608;49,98;
15:55:51;2587;49,99;
15:55:54;2583;49,99;
15:55:57;2578;50,00;
15:56:00;2574;50,00;
15:56:03;2563;50,00;
15:56:06;2560;50,00;
15:56:09;2547;50,00;
15:56:12;2555;50,00;
15:56:15;2554;50,00;
15:56:18;2555;50,00;
15:56:21;2554;49,99;
15:56:24;2552;50,00;
15:56:27;2551;49,99;
15:56:33;2550;50,00;
15:56:36;2548;50,00;
15:56:39;2546;49,99;
15:56:42;2547;49,99;
15:56:45;2535;49,99;
15:56:48;2543;49,99;
15:56:51;2537;49,99;
15:56:54;2542;49,99;
15:56:57;2540;49,99;
15:57:00;2538;49,99;
15:57:03;2536;49,99;
15:57:06;2533;49,99;
15:57:09;2530;49,99;
15:57:12;2528;49,99;
15:57:15;2516;49,99;
15:57:18;2522;49,99;
15:57:21;2515;49,99;
15:57:24;2514;49,99;
15:57:27;2507;49,98;
15:57:30;2505;49,98;
15:57:33;2500;49,98;
15:57:39;2485;49,97;
15:57:42;2487;49,98;
15:57:45;2483;49,98;
15:57:48;2472;49,98;
15:57:51;2463;49,98;
15:57:54;2470;49,98;
15:57:57;2469;49,99;
15:58:00;2458;49,99;
15:58:03;2468;50,00;
15:58:06;2460;50,00;
15:58:09;2458;50,00;
15:58:12;2453;50,00;
15:58:15;2448;50,00;
15:58:18;2438;50,00;
15:58:24;2432;49,99;
15:58:27;2429;50,00;
15:58:30;2425;49,99;
15:58:33;2424;49,99;
15:58:36;2420;49,99;
15:58:39;2418;50,00;
15:58:42;2406;50,00;
15:58:45;2417;50,00;
15:58:48;2412;50,00;
15:58:54;2410;50,01;
15:58:57;2411;50,01;
15:59:00;2410;50,00;
15:59:06;2402;50,00;
15:59:09;2411;50,00;
15:59:12;2413;50,00;
15:59:15;2413;49,99;
15:59:18;2417;49,99;
15:59:21;2418;49,99;
15:59:24;2420;50,00;
15:59:30;2424;49,99;
15:59:33;2429;49,99;
15:59:36;2436;49,99;
15:59:39;2437;50,00;
15:59:42;2442;50,00;
15:59:45;2445;50,00;
15:59:48;2442;50,00;
15:59:51;2444;50,00;
15:59:54;2460;50,00;
15:59:57;2466;50,00;
16:00:00;2463;49,99;
16:00:03;2478;49,99;
16:00:06;2484;49,99;
16:00:09;2489;49,99;
16:00:12;2493;49,99;
16:00:15;2509;49,99;
16:00:18;2517;49,99;
16:00:21;2516;49,99;
16:00:24;2511;49,99;
16:00:27;2526;49,98;
16:00:30;2534;49,98;
16:00:36;2544;49,97;
16:00:39;2556;49,97;
16:00:42;2569;49,97;
16:00:45;2570;49,97;
16:00:48;2571;49,97;
16:00:51;2586;49,97;
16:00:54;2584;49,97;
16:00:57;2596;49,98;
16:01:00;2599;49,99;
16:01:03;2617;50,00;
16:01:06;2623;50,00;
16:01:09;2637;50,00;
16:01:12;2628;50,00;
16:01:15;2651;50,00;
16:01:18;2654;50,00;
16:01:21;2663;50,00;
16:01:24;2650;50,00;
16:01:27;2669;50,00;
16:01:30;2676;50,00;
16:01:33;2682;50,00;
16:01:36;2653;50,00;
16:01:42;2699;50,00;
16:01:45;2706;50,00;
16:01:48;2701;50,00;
16:01:51;2717;50,00;
16:01:54;2722;50,00;
16:01:57;2733;50,01;
16:02:00;2735;50,01;
16:02:03;2727;50,01;
16:02:06;2746;50,01;
16:02:09;2757;50,01;
16:02:12;2755;50,00;
16:02:15;2772;50,00;
16:02:18;2778;50,00;
16:02:21;2793;50,00;
16:02:27;2831;49,99;
16:02:30;2863;49,99;
16:02:33;2901;49,99;
16:02:36;2958;49,99;
16:02:39;3435;50,00;
16:02:42;3993;50,00;
16:02:45;3984;50,00;
16:02:48;4350;50,01;
16:02:51;6528;50,00;
16:02:54;6378;50,00;
16:02:57;4938;50,01;
16:03:00;3789;50,01;
16:03:03;2915;50,00;
16:03:06;2939;50,00;
16:03:09;2930;50,00;
16:03:12;2922;50,01;
16:03:15;2958;50,00;
16:03:18;2955;50,00;
16:03:21;2971;50,00;
16:03:24;2987;50,00;
16:03:27;3000;50,00;
16:03:33;3048;50,00;
16:03:36;3126;50,01;
16:03:39;4124;50,01;
16:03:42;4160;50,02;
16:03:45;3199;50,01;
16:03:48;3229;50,01;
16:03:51;3216;50,01;
16:03:54;3220;50,01;
16:03:57;3048;50,02;
16:04:00;3045;50,02;
16:04:03;3017;50,02;
16:04:06;3014;50,02;
16:04:09;2987;50,01;
16:04:12;2990;50,01;
16:04:15;2985;50,01;
16:04:18;2975;50,00;
16:04:21;2957;50,00;
16:04:24;2964;50,00;
16:04:27;2952;50,01;
16:04:30;2954;50,00;
16:04:33;2940;50,00;
16:04:39;2935;50,00;
16:04:42;2941;50,00;
16:04:45;2924;50,00;
16:04:48;2929;50,01;
16:04:51;2921;50,01;
16:04:54;2926;50,01;
16:04:57;2925;50,01;
16:05:00;2916;50,01;
16:05:03;2912;50,00;
16:05:06;2918;50,00;
16:05:09;2907;50,01;
16:05:12;2915;50,01;
16:05:15;2904;50,01;
16:05:18;2911;50,01;
16:05:21;2909;50,00;
16:05:24;2908;50,00;
16:05:27;2898;50,00;
16:05:30;2905;50,00;
16:05:33;2897;50,00;
16:05:36;2904;50,00;
16:05:39;2894;50,00;
16:05:45;2895;49,99;
16:05:48;2895;50,00;
16:05:51;2889;50,00;
16:05:54;2898;50,00;
16:05:57;2892;50,00;
16:06:00;2886;50,00;
16:06:03;2892;50,00;
16:06:06;2884;50,00;
16:06:09;2888;50,00;
16:06:12;2872;50,00;
16:06:15;2879;50,00;
16:06:18;2867;50,01;
16:06:21;2872;50,01;
16:06:24;2864;50,00;
16:06:27;2867;50,00;
16:06:30;2853;50,00;
16:06:33;2858;50,00;
16:06:36;2849;50,00;
16:06:39;2852;49,99;
16:06:42;2837;49,99;
16:06:45;2842;49,99;
16:06:51;2834;50,00;
16:06:54;2821;50,00;
16:06:57;2824;50,01;
16:07:00;2812;50,00;
16:07:03;2819;50,00;
16:07:06;2802;50,00;
16:07:09;2808;50,00;
16:07:12;2804;50,00;
16:07:15;2796;50,00;
16:07:18;2778;50,00;
16:07:21;2783;49,99;
16:07:24;2763;49,99;
16:07:27;2768;49,99;
16:07:30;2752;49,99;
16:07:36;2735;49,99;
16:07:39;2739;49,99;
16:07:42;2722;49,99;
16:07:45;2727;49,99;
16:07:48;2709;49,99;
16:07:51;2704;49,99;
16:07:54;2702;49,99;
16:07:57;2687;49,99;
16:08:00;2677;49,99;
16:08:03;2665;49,99;
16:08:06;2653;49,98;
16:08:09;2652;49,98;
16:08:12;2645;49,99;
16:08:15;2625;49,98;
16:08:18;2628;49,98;
16:08:21;2606;49,99;
16:08:24;2605;49,99;
16:08:27;2591;49,99;
16:08:30;2589;50,00;
16:08:33;2577;50,00;
16:08:36;2565;50,00;
16:08:42;2545;50,00;
16:08:45;2531;50,00;
16:08:48;2526;50,00;
16:08:51;2516;50,00;
16:08:54;2508;50,00;
16:08:57;2489;50,00;
16:09:00;2496;50,00;
16:09:03;2491;50,00;
16:09:06;2466;50,00;
16:09:09;2460;50,00;
16:09:12;2456;50,00;
16:09:15;2444;50,00;
16:09:18;2442;49,99;
16:09:21;2426;49,99;
16:09:24;2433;49,99;
16:09:27;2419;49,99;
16:09:30;2411;49,98;
16:09:33;2398;49,98;
16:09:36;2400;49,98;
16:09:39;2393;49,98;
16:09:42;2389;49,98;
16:09:48;2380;49,98;
16:09:51;2378;49,99;
16:09:54;2377;50,00;
16:09:57;2363;50,00;
16:10:00;2368;50,00;
16:10:03;2362;50,00;
16:10:06;2365;50,00;
16:10:09;2362;50,00;
16:10:12;2350;49,99;
16:10:15;2346;49,98;
16:10:18;2345;49,98;
16:10:21;2331;49,98;
16:10:24;2339;49,98;
16:10:27;2332;49,98;
16:10:30;2335;49,98;
16:10:33;2324;49,98;
16:10:36;2334;49,98;
16:10:39;2330;49,97;
16:10:42;2331;49,97;
16:10:45;2319;49,97;
16:10:48;2329;49,97;
16:10:54;2328;49,97;
16:10:57;2315;49,98;
16:11:00;2327;49,98;
16:11:03;2329;49,98;
16:11:06;2327;49,98;
16:11:09;2320;49,98;
16:11:12;2322;49,98;
16:11:15;2329;49,97;
16:11:18;2333;49,96;
16:11:21;2334;49,97;
16:11:24;2337;49,97;
16:11:30;2338;49,98;
16:11:33;2344;49,98;
16:11:39;2354;49,99;
16:11:45;2361;49,99;
16:11:48;2350;49,99;
16:11:51;2363;49,98;
16:11:54;2367;49,98;
16:11:57;2373;49,97;
16:12:00;2375;49,97;
16:12:03;2389;49,97;
16:12:09;2401;49,98;
16:12:12;2396;49,98;
16:12:15;2417;49,98;
16:12:18;2414;49,98;
16:12:21;2426;49,98;
16:12:24;2428;49,98;
16:12:27;2451;49,98;
16:12:30;2452;49,98;
16:12:33;2474;49,98;
16:12:36;2472;49,98;
16:12:39;2496;49,98;
16:12:45;2524;49,99;
16:12:48;2526;49,99;
16:12:51;2547;49,99;
16:12:54;2557;49,99;
16:12:57;2576;49,99;
16:13:00;2572;49,99;
16:13:03;2592;49,98;
16:13:09;2616;49,98;
16:13:12;2624;49,98;
16:13:15;2635;49,98;
16:13:18;2638;49,98;
16:13:21;2653;49,97;
16:13:24;2661;49,97;
16:13:27;2662;49,97;
16:13:30;2677;49,97;
16:13:33;2691;49,96;
16:13:36;2696;49,96;
16:13:39;2707;49,96;
16:13:42;2714;49,96;
16:13:45;2725;49,96;
16:13:51;2743;49,97;
16:13:54;2731;49,97;
16:13:57;2756;49,97;
16:14:00;2758;49,97;
16:14:03;2767;49,97;
16:14:06;2762;49,97;
16:14:09;2776;49,97;
16:14:12;2780;49,97;
16:14:15;2790;49,97;
16:14:18;2789;49,98;
16:14:21;2799;49,98;
16:14:24;2801;49,98;
16:14:27;2804;49,98;
16:14:30;2807;49,98;
16:14:33;2797;49,98;
16:14:36;2811;49,99;
16:14:39;2815;49,98;
16:14:42;2816;49,98;
16:14:45;2818;49,98;
16:14:48;2819;49,97;
16:14:51;2821;49,96;
16:14:57;2822;49,96;
16:15:00;2823;49,96;
16:15:03;2822;49,96;
16:15:06;2823;49,97;
16:15:09;2822;49,97;
16:15:12;2819;49,97;
16:15:15;2811;49,97;
16:15:18;2819;49,97;
16:15:21;2814;49,97;
16:15:27;2810;49,96;
16:15:30;2808;49,96;
16:15:33;2802;49,96;
16:15:36;2800;49,96;
16:15:39;2791;49,96;
16:15:42;2792;49,97;
16:15:45;2788;49,98;
16:15:48;2785;49,98;
16:15:51;2780;49,98;
16:15:54;2778;49,98;
16:15:57;2760;49,98;
16:16:00;2773;49,98;
16:16:03;2770;49,98;
16:16:06;2764;49,97;
16:16:09;2752;49,97;
16:16:12;2758;49,97;
16:16:15;2759;49,97;
16:16:18;2753;49,97;
16:16:21;2746;49,97;
16:16:24;2741;49,97;
16:16:27;2749;49,97;
16:16:30;2748;49,97;
16:16:39;2747;49,97;
16:16:42;2750;49,98;
16:16:48;2753;49,97;
16:16:51;2754;49,97;
16:16:54;2758;49,97;
16:16:57;2762;49,97;
16:17:00;2766;49,97;
16:17:03;2770;49,97;
16:17:06;2767;49,97;
16:17:09;2777;49,97;
16:17:12;2789;49,97;
16:17:15;2794;49,97;
16:17:18;2805;49,96;
16:17:21;2810;49,96;
16:17:24;2823;49,97;
16:17:27;2828;49,96;
16:17:30;2823;49,96;
16:17:33;2849;49,96;
16:17:36;2865;49,96;
16:17:39;2874;49,96;
16:17:42;2891;49,97;
16:17:45;2900;49,96;
16:17:48;2919;49,96;
16:17:54;2954;49,96;
16:17:57;2967;49,96;
16:18:00;2999;49,97;
16:18:03;3015;49,96;
16:18:06;3043;49,97;
16:18:09;3065;49,97;
16:18:12;3074;49,96;
16:18:15;3094;49,97;
16:18:18;3168;49,96;
16:18:21;3197;49,96;
16:18:24;3199;49,96;
16:18:27;3222;49,96;
16:18:30;3231;49,96;
16:18:33;3275;49,96;
16:18:36;3350;49,97;
16:18:39;3768;49,97;
16:18:42;4310;49,97;
16:18:45;4426;49,97;
16:18:48;4530;49,98;
16:18:51;4778;49,98;
16:18:54;5102;49,98;
16:19:00;5092;49,98;
16:19:03;5066;49,98;
16:19:06;5096;49,97;
16:19:09;5106;49,98;
16:19:12;5126;49,97;
16:19:15;5154;49,98;
16:19:18;5140;49,98;
16:19:21;5068;49,99;
16:19:24;4194;49,98;
16:19:27;3961;49,98;
16:19:30;3521;49,98;
16:19:33;3228;49,98;
16:19:36;3001;49,98;
16:19:39;2973;49,98;
16:19:42;2952;49,98;
16:19:45;2898;49,99;
16:19:48;2854;49,99;
16:19:51;2830;50,00;
16:19:54;2783;50,00;
16:19:57;2770;50,00;
16:20:00;2722;50,00;
16:20:06;2657;49,99;
16:20:09;2648;50,00;
16:20:12;2597;49,99;
16:20:15;2588;50,00;
16:20:18;2547;50,00;
16:20:21;2532;50,00;
16:20:24;2516;50,00;
16:20:27;2484;49,99;
16:20:30;2460;49,99;
16:20:33;2424;49,99;
16:20:36;2409;49,99;
16:20:39;2380;50,00;
16:20:42;2366;50,00;
16:20:45;2335;50,00;
16:20:51;2294;50,00;
16:20:54;2280;49,99;
16:20:57;2254;49,98;
16:21:00;2242;49,99;
16:21:03;2214;49,98;
16:21:06;2207;49,98;
16:21:09;2183;49,98;
16:21:15;2151;49,98;
16:21:18;2145;49,98;
16:21:21;2122;49,99;
16:21:24;2119;49,99;
16:21:27;2097;49,99;
16:21:30;2093;49,99;
16:21:33;2082;49,98;
16:21:36;2066;49,99;
16:21:39;2049;49,98;
16:21:42;2041;49,98;
16:21:45;2015;49,98;
16:21:48;2022;49,99;
16:21:51;2005;49,99;
16:21:57;1977;49,99;
16:22:00;1980;49,99;
16:22:03;1965;50,00;
16:22:06;1959;49,99;
16:22:09;1941;50,00;
16:22:12;1943;49,99;
16:22:15;1934;49,99;
16:22:18;1928;49,99;
16:22:21;1898;49,98;
16:22:24;1903;49,98;
16:22:27;1886;49,98;
16:22:30;1882;49,97;
16:22:33;1869;49,98;
16:22:36;1871;49,98;
16:22:39;1867;49,98;
16:22:42;1855;49,98;
16:22:45;1840;49,99;
16:22:48;1841;49,99;
16:22:51;1828;49,99;
16:22:54;1824;49,99;
16:22:57;1806;49,99;
16:23:03;1794;49,99;
16:23:06;1803;49,99;
16:23:09;1790;49,99;
16:23:12;1778;49,99;
16:23:15;1771;49,99;
16:23:18;1769;49,98;
16:23:21;1766;49,98;
16:23:24;1763;49,98;
16:23:27;1745;49,98;
16:23:30;1746;49,98;
16:23:33;1732;49,98;
16:23:36;1736;49,98;
16:23:39;1724;49,98;
16:23:45;1721;49,97;
16:23:48;1713;49,98;
16:23:51;1704;49,98;
16:23:54;1703;49,99;
16:23:57;1697;50,00;
16:24:03;1685;50,00;
16:24:09;1680;49,99;
16:24:12;1671;49,99;
16:24:15;1663;49,98;
16:24:21;1661;49,98;
16:24:24;1650;49,98;
16:24:27;1654;49,98;
16:24:30;1652;49,97;
16:24:33;1648;49,96;
16:24:36;1642;49,96;
16:24:39;1640;49,96;
16:24:42;1634;49,96;
16:24:45;1635;49,97;
16:24:48;1629;49,96;
16:24:51;1630;49,96;
16:24:54;1624;49,96;
16:25:00;1617;49,96;
16:25:03;1620;49,97;
16:25:06;1611;49,97;
16:25:09;1615;49,96;
16:25:12;1612;49,96;
16:25:15;1608;49,96;
16:25:18;1604;49,96;
16:25:21;1606;49,96;
16:25:24;1601;49,96;
16:25:27;1603;49,96;
16:25:30;1598;49,96;
16:25:33;1599;49,96;
16:25:36;1597;49,96;
16:25:39;1596;49,96;
16:25:42;1590;49,96;
16:25:45;1592;49,96;
16:25:48;1587;49,96;
16:25:51;1591;49,97;
16:25:54;1587;49,97;
16:26:00;1582;49,98;
16:26:03;1587;49,98;
16:26:06;1578;49,99;
16:26:09;1590;49,99;
16:26:12;1585;49,99;
16:26:15;1581;49,99;
16:26:18;1585;49,99;
16:26:21;1580;49,99;
16:26:24;1582;49,99;
16:26:27;1572;49,98;
16:26:30;1576;49,98;
16:26:33;1579;49,98;
16:26:39;1574;49,97;
16:26:42;1579;49,97;
16:26:45;1577;49,97;
16:26:48;1578;49,98;
16:26:51;1572;49,97;
16:26:54;1578;49,97;
16:27:00;1578;49,98;
16:27:06;1580;49,99;
16:27:09;1579;49,99;
16:27:12;1581;49,99;
16:27:15;1574;49,99;
16:27:18;1582;49,99;
16:27:24;1581;49,99;
16:27:27;1581;49,98;
16:27:30;1584;49,99;
16:27:33;1583;50,00;
16:27:36;1587;50,00;
16:27:39;1582;50,00;
16:27:42;1594;50,00;
16:27:45;1592;50,00;
16:27:48;1594;50,00;
16:27:51;1584;50,00;
16:27:54;1593;50,00;
16:27:57;1591;50,00;
16:28:00;1593;50,00;
16:28:03;1588;50,00;
16:28:06;1597;50,00;
16:28:12;1600;49,99;
16:28:15;1595;49,99;
16:28:18;1603;50,00;
16:28:21;1600;50,00;
16:28:24;1604;50,00;
16:28:27;1600;50,00;
16:28:30;1608;50,00;
16:28:33;1608;49,99;
16:28:39;1602;49,99;
16:28:42;1608;49,98;
16:28:45;1603;49,98;
16:28:48;1609;49,99;
16:28:51;1606;49,99;
16:28:54;1611;49,99;
16:28:57;1610;50,00;
16:29:00;1608;50,00;
16:29:03;1604;50,01;
16:29:06;1607;50,00;
16:29:09;1604;50,00;
16:29:12;1603;50,00;
16:29:18;1598;50,00;
16:29:21;1595;50,00;
16:29:24;1593;50,00;
16:29:27;1587;50,00;
16:29:30;1588;49,99;
16:29:33;1589;49,99;
16:29:36;1576;49,99;
16:29:39;1580;49,98;
16:29:42;1574;49,98;
16:29:48;1567;49,98;
16:29:51;1566;49,97;
16:29:54;1559;49,97;
16:29:57;1565;49,97;
16:30:03;1557;49,96;
16:30:06;1552;49,97;
16:30:12;1565;49,98;
16:30:15;1546;49,98;
16:30:18;1544;49,98;
16:30:21;1551;49,98;
16:30:24;1541;49,98;
16:30:27;1535;49,98;
16:30:30;1529;49,98;
16:30:33;1530;49,98;
16:30:36;1523;49,98;
16:30:39;1526;49,98;
16:30:42;1519;49,98;
16:30:48;1513;49,98;
16:30:51;1516;49,99;
16:30:54;1510;49,99;
16:30:57;1512;49,99;
16:31:00;1507;49,99;
16:31:03;1512;50,00;
16:31:09;1506;50,00;
16:31:12;1497;50,00;
16:31:15;1505;50,00;
16:31:18;1495;50,00;
16:31:21;1500;50,00;
16:31:24;1498;49,99;
16:31:27;1490;49,99;
16:31:30;1496;50,00;
16:31:33;1493;50,00;
16:31:36;1496;50,00;
16:31:39;1494;49,99;
16:31:42;1495;49,99;
16:31:45;1493;49,99;
16:31:48;1494;49,99;
16:31:51;1491;49,99;
16:31:54;1495;49,98;
16:31:57;1497;49,99;
16:32:00;1499;49,98;
16:32:03;1503;49,98;
16:32:06;1504;49,98;
16:32:09;1508;49,98;
16:32:15;1518;49,98;
16:32:18;1521;49,98;
16:32:21;1534;49,98;
16:32:24;1525;49,98;
16:32:27;1519;49,98;
16:32:30;1517;49,98;
16:32:33;1515;49,98;
16:32:36;1521;49,99;
16:32:39;1526;49,99;
16:32:45;1534;49,99;
16:32:51;1539;49,99;
16:32:54;1540;49,99;
16:33:00;1543;49,99;
16:33:03;1547;49,98;
16:33:06;1549;49,98;
16:33:09;1554;49,98;
16:33:12;1558;49,98;
16:33:15;1561;49,97;
16:33:21;1570;49,97;
16:33:24;1572;49,97;
16:33:27;1577;49,97;
16:33:30;1579;49,97;
16:33:33;1583;49,97;
16:33:36;1589;49,97;
16:33:39;1585;49,97;
16:33:42;1593;49,96;
16:33:45;1606;49,96;
16:33:48;1610;49,96;
16:33:51;1615;49,97;
16:33:54;1619;49,96;
16:33:57;1628;49,97;
16:34:00;1632;49,97;
16:34:03;1629;49,97;
16:34:06;1643;49,97;
16:34:09;1644;49,97;
16:34:12;1658;49,97;
16:34:15;1655;49,97;
16:34:18;1673;49,97;
16:34:21;1678;49,96;
16:34:24;1676;49,96;
16:34:27;1688;49,96;
16:34:30;1703;49,97;
16:34:33;1710;49,98;
16:34:36;1718;49,98;
16:34:39;1717;49,98;
16:34:42;1731;49,98;
16:34:45;1735;49,98;
16:34:48;1734;49,98;
16:34:51;1751;49,99;
16:34:54;1759;49,98;
16:34:57;1764;49,98;
16:35:00;1772;49,98;
16:35:03;1776;49,97;
16:35:06;1784;49,97;
16:35:12;1794;49,96;
16:35:15;1800;49,96;
16:35:18;1804;49,96;
16:35:21;1809;49,96;
16:35:24;1818;49,95;
16:35:27;1820;49,95;
16:35:30;1819;49,96;
16:35:33;1828;49,96;
16:35:36;1836;49,97;
16:35:39;1838;49,97;
16:35:42;1842;49,97;
16:35:45;1846;49,97;
16:35:48;1852;49,97;
16:35:51;1854;49,97;
16:35:54;1851;49,97;
16:35:57;1860;49,98;
16:36:00;1864;49,98;
16:36:03;1865;49,98;
16:36:06;1867;49,98;
16:36:09;1869;49,98;
16:36:12;1871;49,99;
16:36:18;1872;49,98;
16:36:21;1873;49,98;
16:36:24;1869;49,97;
16:36:27;1876;49,97;
16:36:30;1877;49,97;
16:36:33;1875;49,97;
16:36:36;1878;49,97;
16:36:39;1868;49,97;
16:36:42;1872;49,97;
16:36:45;1876;49,97;
16:36:48;1868;49,97;
16:36:51;1876;49,97;
16:36:54;1868;49,97;
16:36:57;1874;49,97;
16:37:00;1873;49,97;
16:37:06;1865;49,98;
16:37:09;1869;49,98;
16:37:12;1860;49,98;
16:37:15;1865;49,97;
16:37:18;1860;49,97;
16:37:24;1857;49,97;
16:37:27;1862;49,97;
16:37:30;1855;49,98;
16:37:33;1859;49,98;
16:37:36;1852;49,98;
16:37:39;1858;49,98;
16:37:42;1851;49,98;
16:37:45;1849;49,98;
16:37:48;1846;49,98;
16:37:51;1852;49,98;
16:37:54;1842;49,99;
16:37:57;1850;49,99;
16:38:00;1840;49,99;
16:38:03;1845;49,99;
16:38:06;1844;49,99;
16:38:09;1839;49,98;
16:38:12;1832;49,98;
16:38:15;1837;49,97;
16:38:18;1826;49,98;
16:38:21;1831;49,97;
16:38:24;1825;49,98;
16:38:30;1821;49,98;
16:38:33;1825;49,98;
16:38:36;1819;49,98;
16:38:39;1823;49,98;
16:38:42;1816;49,98;
16:38:45;1822;49,98;
16:38:51;1814;49,98;
16:38:54;1821;49,98;
16:38:57;1819;49,98;
16:39:00;1821;49,98;
16:39:03;1824;49,98;
16:39:06;1822;49,98;
16:39:09;1824;49,97;
16:39:15;1825;49,98;
16:39:18;1827;49,98;
16:39:21;1829;49,98;
16:39:27;1826;49,98;
16:39:30;1833;49,98;
16:39:33;1829;49,98;
16:39:36;1837;49,97;
16:39:39;1835;49,97;
16:39:42;1845;49,97;
16:39:45;1843;49,98;
16:39:48;1850;49,98;
16:39:51;1849;49,99;
16:39:54;1858;49,98;
16:39:57;1860;49,98;
16:40:00;1866;49,98;
16:40:06;1876;49,98;
16:40:12;1883;49,98;
16:40:21;1897;49,99;
16:40:24;1908;50,00;
16:40:30;1921;50,00;
16:40:33;1920;50,01;
16:40:36;1919;50,00;
16:40:39;1923;50,00;
16:40:42;1917;50,00;
16:40:45;1926;50,00;
16:40:48;1933;50,00;
16:40:51;1930;49,99;
16:40:54;1940;49,99;
16:40:57;1935;49,98;
16:41:00;1941;49,98;
16:41:03;1942;49,97;
16:41:09;1948;49,96;
16:41:12;1957;49,96;
16:41:15;1935;49,97;
16:41:18;1960;49,96;
16:41:21;1958;49,97;
16:41:27;1974;49,97;
16:41:30;1970;49,97;
16:41:33;1975;49,97;
16:41:36;1983;49,97;
16:41:39;1992;49,97;
16:41:42;1983;49,97;
16:41:45;1996;49,97;
16:41:48;1994;49,98;
16:41:51;2009;49,98;
16:41:54;2001;49,98;
16:41:57;2015;49,98;
16:42:00;2013;49,98;
16:42:03;2026;49,98;
16:42:06;2020;49,98;
16:42:09;2032;49,98;
16:42:12;2033;49,98;
16:42:15;2048;49,98;
16:42:18;2044;49,98;
16:42:21;2060;49,97;
16:42:24;2058;49,97;
16:42:27;2074;49,97;
16:42:33;2081;49,98;
16:42:36;2094;49,98;
16:42:42;2104;49,99;
16:42:45;2121;50,00;
16:42:48;2113;50,00;
16:42:51;2130;50,00;
16:42:54;2133;50,00;
16:42:57;2144;50,00;
16:43:00;2138;50,00;
16:43:03;2149;49,99;
16:43:06;2144;49,98;
16:43:09;2157;49,98;
16:43:12;2156;49,98;
16:43:18;2168;49,97;
16:43:21;2185;49,97;
16:43:24;2188;49,98;
16:43:27;2203;49,98;
16:43:30;2208;49,98;
16:43:33;2218;49,98;
16:43:36;2222;49,98;
16:43:39;2218;49,98;
16:43:42;2240;49,99;
16:43:45;2253;49,99;
16:43:48;2254;50,00;
16:43:51;2270;49,99;
16:43:54;2279;49,99;
16:43:57;2287;49,99;
16:44:00;2296;49,98;
16:44:03;2314;49,98;
16:44:06;2328;49,98;
16:44:09;2339;49,98;
16:44:12;2349;49,97;
16:44:15;2374;49,98;
16:44:18;2400;49,98;
16:44:24;2438;49,98;
16:44:27;2460;49,98;
16:44:30;2500;49,98;
16:44:33;2525;49,97;
16:44:36;2572;49,97;
16:44:39;2603;49,97;
16:44:42;2691;49,97;
16:44:45;2834;49,96;
16:44:48;3463;49,96;
16:44:51;3465;49,96;
16:44:54;4466;49,96;
16:44:57;5456;49,96;
16:45:00;6364;49,96;
16:45:03;6534;49,96;
16:45:06;6558;49,97;
16:45:09;6596;49,97;
16:45:12;6600;49,98;
16:45:15;6624;49,98;
16:45:18;6616;49,97;
16:45:21;6440;49,97;
16:45:24;5986;49,96;
16:45:30;4530;49,95;
16:45:33;4642;49,95;
16:45:36;5308;49,96;
16:45:39;4850;49,96;
16:45:42;4306;49,96;
16:45:45;4612;49,96;
16:45:48;4490;49,96;
16:45:51;3535;49,97;
16:45:54;2614;49,97;
16:45:57;2723;49,97;
16:46:00;2720;49,96;
16:46:03;2819;49,96;
16:46:06;2817;49,96;
16:46:09;2871;49,96;
16:46:12;2822;49,96;
16:46:15;2904;49,96;
16:46:18;2926;49,96;
16:46:21;2956;49,96;
16:46:24;3002;49,96;
16:46:27;3015;49,96;
16:46:30;3056;49,96;
16:46:36;3116;49,96;
16:46:39;3103;49,96;
16:46:42;3135;49,96;
16:46:45;3180;49,96;
16:46:48;3208;49,96;
16:46:51;3320;49,96;
16:46:54;3376;49,96;
16:46:57;3473;49,96;
16:47:00;3588;49,96;
16:47:03;3527;49,96;
16:47:06;3815;49,96;
16:47:09;3719;49,97;
16:47:12;4324;49,97;
16:47:15;4988;49,97;
16:47:18;5444;49,96;
16:47:21;6418;49,96;
16:47:24;5902;49,96;
16:47:27;4962;49,97;
16:47:30;5896;49,96;
16:47:33;6498;49,96;
16:47:36;6542;49,96;
16:47:42;6486;49,97;
16:47:45;6554;49,96;
16:47:48;6624;49,97;
16:47:51;6660;49,96;
16:47:54;6648;49,96;
16:47:57;6694;49,96;
16:48:00;6686;49,96;
16:48:03;6722;49,96;
16:48:06;6578;49,96;
16:48:09;6576;49,96;
16:48:12;6550;49,96;
16:48:15;6626;49,96;
16:48:18;6590;49,96;
16:48:21;6630;49,96;
16:48:27;6672;49,97;
16:48:30;6634;49,97;
16:48:33;6726;49,97;
16:48:39;6764;49,97;
16:48:42;6728;49,96;
16:48:45;6786;49,96;
16:48:48;6788;49,97;
16:48:51;6790;49,97;
16:48:54;6740;49,98;
16:48:57;6788;49,98;
16:49:00;6762;49,99;
16:49:03;6784;49,99;
16:49:06;6740;50,00;
16:49:09;6776;49,99;
16:49:12;6748;49,99;
16:49:15;6794;49,99;
16:49:18;6748;49,99;
16:49:21;6782;49,98;
16:49:24;6740;49,99;
16:49:27;6756;49,98;
16:49:33;6706;49,97;
16:49:36;6648;49,97;
16:49:39;6744;49,97;
16:49:42;6770;49,96;
16:49:45;6796;49,97;
16:49:48;6782;49,97;
16:49:51;6746;49,97;
16:49:54;6768;49,98;
16:49:57;6722;49,98;
16:50:00;6710;49,98;
16:50:03;6672;49,98;
16:50:06;6636;49,98;
16:50:09;6484;49,98;
16:50:12;6614;49,98;
16:50:15;6694;49,97;
16:50:18;6726;49,96;
16:50:21;6702;49,96;
16:50:24;6690;49,96;
16:50:27;6686;49,95;
16:50:30;6724;49,96;
16:50:33;6722;49,95;
16:50:39;6666;49,96;
16:50:42;6704;49,96;
16:50:45;6654;49,97;
16:50:48;6632;49,98;
16:50:51;6674;49,98;
16:50:54;6706;49,98;
16:50:57;6662;49,98;
16:51:00;6724;49,98;
16:51:03;6692;49,96;
16:51:06;6686;49,96;
16:51:09;6620;49,96;
16:51:12;6480;49,96;
16:51:15;5660;49,97;
16:51:18;5570;49,97;
16:51:21;5830;49,97;
16:51:24;6328;49,96;
16:51:27;6526;49,96;
16:51:30;6554;49,96;
16:51:33;6566;49,96;
16:51:36;6590;49,96;
16:51:39;6594;49,96;
16:51:45;6586;49,96;
16:51:48;6614;49,97;
16:51:51;6590;49,97;
16:51:54;6582;49,97;
16:51:57;6514;49,97;
16:52:00;6558;49,97;
16:52:03;6554;49,97;
16:52:06;6536;49,96;
16:52:09;6468;49,97;
16:52:12;6518;49,97;
16:52:15;6486;49,96;
16:52:18;6494;49,97;
16:52:21;6492;49,96;
16:52:24;6482;49,96;
16:52:30;6454;49,96;
16:52:33;6400;49,96;
16:52:36;6416;49,97;
16:52:39;6390;49,98;
16:52:42;6396;49,98;
16:52:45;6376;49,98;
16:52:48;6362;49,98;
16:52:51;6386;49,97;
16:52:54;6354;49,97;
16:52:57;6344;49,97;
16:53:00;6318;49,97;
16:53:03;6304;49,97;
16:53:06;6272;49,98;
16:53:09;6256;49,98;
16:53:12;6200;49,98;
16:53:15;6224;49,98;
16:53:18;6200;49,98;
16:53:21;6196;49,98;
16:53:24;6176;49,98;
16:53:27;6162;49,98;
16:53:30;6146;49,98;
16:53:36;6118;49,98;
16:53:39;6108;49,98;
16:53:42;6082;49,98;
16:53:45;6070;49,98;
16:53:48;6048;49,98;
16:53:51;6042;49,98;
16:53:54;5994;49,98;
16:53:57;6022;49,98;
16:54:00;5986;49,98;
16:54:03;5974;49,98;
16:54:06;5946;49,98;
16:54:09;5930;49,99;
16:54:12;5904;49,98;
16:54:15;5890;49,99;
16:54:18;5830;49,98;
16:54:21;5846;49,98;
16:54:24;5822;49,98;
16:54:27;5810;49,97;
16:54:30;5790;49,97;
16:54:33;5784;49,97;
16:54:36;5770;49,97;
16:54:42;5750;49,98;
16:54:48;5718;49,98;
16:54:51;5724;49,98;
16:54:54;5668;49,98;
16:54:57;5688;49,98;
16:55:00;5676;49,97;
16:55:03;5642;49,97;
16:55:06;5596;49,97;
16:55:09;5644;49,97;
16:55:12;5604;49,98;
16:55:15;5620;49,98;
16:55:18;5560;49,98;
16:55:21;5604;49,98;
16:55:24;5602;49,98;
16:55:27;5588;49,98;
16:55:30;5532;49,98;
16:55:33;5568;49,98;
16:55:36;5546;49,98;
16:55:39;5566;49,98;
16:55:42;5528;49,98;
16:55:48;5546;49,97;
16:55:51;5566;49,98;
16:55:54;5520;49,98;
16:55:57;5560;49,98;
16:56:00;5544;49,98;
16:56:03;5564;49,98;
16:56:06;5562;49,98;
16:56:09;5522;49,98;
16:56:12;5524;49,98;
16:56:15;5540;49,98;
16:56:18;5482;49,99;
16:56:21;5534;49,98;
16:56:24;5510;49,98;
16:56:27;5526;49,98;
16:56:30;5524;49,98;
16:56:33;5520;49,98;
16:56:36;5488;49,97;
16:56:39;5510;49,97;
16:56:42;5476;49,97;
16:56:45;5474;49,97;
16:56:48;5486;49,97;
16:56:51;5466;49,97;
16:56:57;5440;49,98;
16:57:00;5462;49,98;
16:57:03;5412;49,98;
16:57:06;5418;49,98;
16:57:09;5368;49,98;
16:57:12;5404;49,98;
16:57:15;5396;49,98;
16:57:18;5396;49,96;
16:57:21;5398;49,97;
16:57:24;5402;49,97;
16:57:27;5404;49,97;
16:57:30;5408;49,98;
16:57:33;5406;49,97;
16:57:39;5406;49,98;
16:57:42;5404;49,98;
16:57:45;5380;49,98;
16:57:48;5388;49,98;
16:57:51;5358;49,98;
16:57:54;5364;49,99;
16:57:57;5352;49,98;
16:58:00;5320;49,99;
16:58:03;5332;49,99;
16:58:06;5352;49,99;
16:58:09;5320;49,99;
16:58:12;5356;49,98;
16:58:15;5346;49,98;
16:58:18;5366;49,98;
16:58:21;5370;49,98;
16:58:24;5366;49,97;
16:58:27;5342;49,96;
16:58:30;5358;49,96;
16:58:33;5306;49,96;
16:58:36;5354;49,96;
16:58:39;5332;49,96;
16:58:45;5298;49,97;
16:58:48;5348;49,97;
16:58:51;5328;49,98;
16:58:54;5342;49,98;
16:58:57;5286;49,97;
16:59:00;5328;49,97;
16:59:03;5326;49,97;
16:59:06;5302;49,98;
16:59:09;5282;49,98;
16:59:12;5330;49,98;
16:59:15;5308;49,98;
16:59:18;5326;49,98;
16:59:21;5272;49,97;
16:59:24;5300;49,97;
16:59:27;5288;49,96;
16:59:30;5302;49,96;
16:59:33;5262;49,97;
16:59:36;5306;49,97;
16:59:39;5300;49,98;
16:59:42;5314;49,98;
16:59:45;5274;49,99;
16:59:51;5306;49,99;
16:59:54;5308;49,99;
16:59:57;5300;50,00;
17:00:00;5280;50,00;
17:00:03;5308;50,00;
17:00:06;5282;49,99;
17:00:09;5302;49,99;
17:00:12;5304;49,99;
17:00:15;5320;49,98;
17:00:18;5302;49,98;
17:00:21;5336;49,98;
17:00:24;5296;49,99;
17:00:27;5346;49,99;
17:00:30;5336;49,99;
17:00:33;5366;49,99;
17:00:36;5336;49,98;
17:00:39;5386;49,99;
17:00:42;5364;49,98;
17:00:45;5396;49,98;
17:00:48;5358;49,98;
17:00:51;5390;49,98;
17:00:57;5392;49,98;
17:01:00;5352;49,98;
17:01:03;5382;49,99;
17:01:06;5350;49,99;
17:01:09;5364;50,00;
17:01:12;5316;50,00;
17:01:15;5348;49,99;
17:01:18;5340;49,99;
17:01:21;5322;49,98;
17:01:24;5282;49,99;
17:01:27;5320;49,99;
17:01:30;5284;49,99;
17:01:33;5308;49,99;
17:01:36;5266;49,98;
17:01:42;5286;49,98;
17:01:45;5296;49,98;
17:01:48;5268;49,99;
17:01:51;5292;49,99;
17:01:54;5294;49,99;
17:01:57;5284;49,99;
17:02:00;5298;49,99;
17:02:03;5286;49,99;
17:02:06;5242;50,00;
17:02:09;5282;50,00;
17:02:12;5258;50,00;
17:02:15;5302;50,00;
17:02:18;5276;50,00;
17:02:21;5306;50,00;
17:02:24;5298;50,00;
17:02:27;5290;50,01;
17:02:30;5268;50,01;
17:02:33;5300;50,01;
17:02:36;5274;50,01;
17:02:39;5314;50,01;
17:02:42;5298;50,00;
17:02:48;5288;50,01;
17:02:51;5290;50,01;
17:02:54;5306;50,01;
17:02:57;5294;50,01;
17:03:00;5290;50,01;
17:03:03;5280;50,01;
17:03:06;5296;50,01;
17:03:09;5296;50,02;
17:03:12;5282;50,02;
17:03:15;5242;50,02;
17:03:18;5280;50,02;
17:03:21;5254;50,01;
17:03:24;5280;50,01;
17:03:27;5244;50,01;
17:03:30;5276;50,01;
17:03:33;5240;50,01;
17:03:36;5264;50,01;
17:03:39;5226;50,02;
17:03:42;5258;50,02;
17:03:45;5230;50,02;
17:03:48;5260;50,02;
17:03:54;5260;50,01;
17:03:57;5226;50,01;
17:04:00;5258;50,01;
17:04:03;5222;50,01;
17:04:06;5248;50,01;
17:04:09;5216;50,01;
17:04:12;5246;50,01;
17:04:15;5244;50,01;
17:04:18;5244;50,02;
17:04:21;5210;50,02;
17:04:24;5242;50,01;
17:04:27;5204;50,01;
17:04:30;5228;50,01;
17:04:33;5192;50,01;
17:04:36;5224;50,01;
17:04:39;5186;50,01;
17:04:42;5214;50,01;
17:04:45;5184;50,02;
17:04:48;5198;50,02;
17:04:51;5168;50,01;
17:04:54;5186;50,01;
17:05:00;5176;50,01;
17:05:03;5160;50,00;
17:05:06;5170;50,01;
17:05:09;5172;50,01;
17:05:18;5142;50,01;
17:05:21;5170;50,01;
17:05:24;5166;50,01;
17:05:33;5162;50,00;
17:05:36;5158;50,00;
17:05:39;5156;50,00;
17:05:42;5118;50,00;
17:05:45;5142;50,00;
17:05:48;5114;50,00;
17:05:51;5126;50,00;
17:05:54;5088;50,00;
17:05:57;5120;50,01;
17:06:00;5098;50,00;
17:06:03;5122;50,00;
17:06:06;5120;50,01;
17:06:09;5120;50,00;
17:06:12;5096;50,00;
17:06:15;5110;49,99;
17:06:18;5076;49,99;
17:06:21;5110;49,99;
17:06:24;5088;49,99;
17:06:27;5108;49,99;
17:06:30;5068;50,00;
17:06:33;5096;50,00;
17:06:36;5066;50,00;
17:06:39;5080;50,00;
17:06:42;5046;50,00;
17:06:45;5080;50,00;
17:06:51;5078;50,01;
17:06:54;5040;50,00;
17:06:57;5074;50,00;
17:07:00;5044;50,00;
17:07:03;5068;50,00;
17:07:06;5034;50,00;
17:07:09;5068;50,00;
17:07:12;5070;50,00;
17:07:15;5058;50,00;
17:07:18;5024;50,00;
17:07:21;5054;50,00;
17:07:24;5020;50,00;
17:07:27;5052;50,00;
17:07:30;5012;50,00;
17:07:33;5050;49,99;
17:07:36;5016;50,00;
17:07:39;5046;50,00;
17:07:42;5012;50,00;
17:07:45;5042;49,99;
17:07:48;5010;49,99;
17:07:51;5040;49,99;
17:07:57;5028;50,00;
17:08:00;5010;50,00;
17:08:03;5022;50,01;
17:08:06;5016;50,01;
17:08:09;5020;50,01;
17:08:12;5012;50,01;
17:08:15;4992;50,01;
17:08:18;5018;50,01;
17:08:21;5024;50,00;
17:08:27;5026;50,00;
17:08:33;5022;50,00;
17:08:39;4992;50,01;
17:08:42;5012;50,01;
17:08:45;5010;50,00;
17:08:48;5006;50,00;
17:08:51;4996;50,00;
17:08:54;4994;50,00;
17:08:57;4986;50,00;
17:09:03;4982;50,00;
17:09:06;4984;50,00;
17:09:09;4982;50,00;
17:09:15;4970;49,99;
17:09:18;4972;49,99;
17:09:21;4930;49,99;
17:09:24;4966;49,99;
17:09:27;4962;49,99;
17:09:33;4960;49,99;
17:09:36;4962;49,99;
17:09:39;4960;49,99;
17:09:45;4928;49,99;
17:09:48;4956;49,99;
17:09:51;4958;50,00;
17:09:54;4960;50,00;
17:09:57;4944;50,00;
17:10:00;4956;50,00;
17:10:03;4950;50,01;
17:10:09;4936;50,00;
17:10:12;4964;50,01;
17:10:15;4948;50,00;
17:10:18;4964;50,00;
17:10:21;4926;50,00;
17:10:24;4960;50,01;
17:10:27;4942;50,01;
17:10:30;4960;50,00;
17:10:33;4926;50,00;
17:10:36;4962;50,00;
17:10:39;4940;50,00;
17:10:42;4950;50,00;
17:10:45;4888;50,00;
17:10:48;4934;49,99;
17:10:54;4928;50,00;
17:10:57;4900;50,00;
17:11:03;4874;50,01;
17:11:06;4872;50,00;
17:11:09;4860;50,00;
17:11:12;4834;50,00;
17:11:15;4854;50,00;
17:11:18;4840;49,99;
17:11:21;4836;49,99;
17:11:24;4828;49,98;
17:11:27;4824;49,98;
17:11:30;4812;49,97;
17:11:33;4808;49,97;
17:11:36;4770;49,97;
17:11:39;4806;49,97;
17:11:42;4800;49,97;
17:11:45;4796;49,97;
17:11:48;4792;49,98;
17:11:51;4790;49,98;
17:11:54;4790;49,99;
17:12:00;4788;50,00;
17:12:06;4782;50,00;
17:12:12;4780;49,99;
17:12:15;4776;49,99;
17:12:18;4756;49,98;
17:12:21;4770;49,98;
17:12:24;4754;49,97;
17:12:27;4748;49,97;
17:12:30;4740;49,97;
17:12:36;4734;49,97;
17:12:39;4730;49,97;
17:12:42;4704;49,97;
17:12:45;4724;49,98;
17:12:48;4718;49,99;
17:12:51;4716;49,99;
17:12:54;4714;50,00;
17:12:57;4716;50,00;
17:13:00;4692;50,00;
17:13:06;4682;49,99;
17:13:09;4682;49,98;
17:13:12;4646;49,98;
17:13:15;4670;49,98;
17:13:18;4650;49,98;
17:13:21;4654;49,98;
17:13:24;4656;49,98;
17:13:27;4596;49,97;
17:13:30;4620;49,98;
17:13:33;4634;49,98;
17:13:36;4572;49,98;
17:13:39;4620;49,98;
17:13:42;4592;49,97;
17:13:45;4606;49,97;
17:13:48;4600;49,97;
17:13:51;4584;49,97;
17:13:54;4548;49,97;
17:13:57;4562;49,97;
17:14:00;4510;49,97;
17:14:03;4536;49,97;
17:14:06;4510;49,97;
17:14:12;4514;49,96;
17:14:15;4512;49,97;
17:14:18;4472;49,97;
17:14:21;4502;49,97;
17:14:24;4478;49,97;
17:14:27;4494;49,98;
17:14:30;4498;49,98;
17:14:33;4462;49,98;
17:14:36;4500;49,98;
17:14:39;4520;49,98;
17:14:42;4496;49,98;
17:14:45;4538;49,98;
17:14:48;4514;49,98;
17:14:51;4530;49,98;
17:14:57;4538;49,98;
17:15:00;4536;49,98;
17:15:03;4528;49,98;
17:15:09;4522;49,99;
17:15:12;4508;49,99;
17:15:15;4512;49,99;
17:15:18;4516;49,99;
17:15:21;4522;49,99;
17:15:24;4522;49,98;
17:15:27;4524;49,98;
17:15:30;4526;49,98;
17:15:33;4518;49,97;
17:15:36;4516;49,98;
17:15:39;4506;49,98;
17:15:42;4498;49,97;
17:15:45;4480;49,97;
17:15:48;4470;49,97;
17:15:51;4452;49,98;
17:15:54;4446;49,98;
17:15:57;4430;49,99;
17:16:03;4412;50,00;
17:16:06;4426;50,00;
17:16:09;4392;50,00;
17:16:12;4416;50,00;
17:16:15;4414;50,00;
17:16:18;4412;50,00;
17:16:21;4408;49,99;
17:16:24;4370;49,99;
17:16:27;4396;49,98;
17:16:30;4408;49,98;
17:16:33;4380;49,97;
17:16:36;4426;49,97;
17:16:39;4416;49,98;
17:16:42;4424;49,97;
17:16:45;4426;49,98;
17:16:48;4434;49,98;
17:16:51;4442;49,98;
17:16:54;4454;49,98;
17:16:57;4420;49,98;
17:17:00;4462;49,99;
17:17:03;4448;49,99;
17:17:09;4396;49,99;
17:17:12;4428;49,99;
17:17:15;4404;49,98;
17:17:18;4402;49,99;
17:17:21;4342;49,98;
17:17:24;4376;49,98;
17:17:27;4370;49,98;
17:17:30;4364;49,98;
17:17:33;4294;49,98;
17:17:36;4330;49,98;
17:17:39;4320;49,98;
17:17:42;4324;49,97;
17:17:45;4288;49,97;
17:17:48;4350;49,97;
17:17:51;4372;49,97;
17:17:54;4350;49,97;
17:17:57;4290;49,97;
17:18:00;4336;49,97;
17:18:03;4368;49,97;
17:18:06;4388;49,98;
17:18:09;4360;49,98;
17:18:15;4360;49,97;
17:18:18;4340;49,97;
17:18:21;4334;49,97;
17:18:24;4288;49,96;
17:18:27;4260;49,97;
17:18:30;4208;49,97;
17:18:33;4226;49,97;
17:18:36;4278;49,96;
17:18:39;4268;49,96;
17:18:42;4370;49,97;
17:18:45;4416;49,97;
17:18:48;4282;49,97;
17:18:51;3548;49,97;
17:18:54;3580;49,98;
17:18:57;3983;49,98;
17:19:00;4348;49,99;
17:19:03;4382;49,98;
17:19:06;4388;49,98;
17:19:09;4398;49,99;
17:19:12;4352;49,98;
17:19:15;4408;49,98;
17:19:21;4426;49,98;
17:19:24;4388;49,97;
17:19:27;4432;49,97;
17:19:30;4428;49,97;
17:19:33;4426;49,96;
17:19:36;4360;49,96;
17:19:39;4372;49,96;
17:19:42;4356;49,96;
17:19:45;4352;49,96;
17:19:48;4318;49,96;
17:19:51;4354;49,96;
17:19:54;4342;49,96;
17:19:57;4356;49,96;
17:20:00;4338;49,96;
17:20:06;4396;49,96;
17:20:09;4404;49,97;
17:20:12;4364;49,97;
17:20:15;4404;49,97;
17:20:18;4408;49,97;
17:20:21;4416;49,97;
17:20:24;4418;49,97;
17:20:27;4378;49,97;
17:20:30;4422;49,97;
17:20:33;4432;49,97;
17:20:36;4386;49,96;
17:20:39;4424;49,96;
17:20:42;4416;49,96;
17:20:45;4426;49,97;
17:20:48;4428;49,96;
17:20:51;4420;49,96;
17:20:54;4408;49,96;
17:20:57;4406;49,97;
17:21:00;4352;49,96;
17:21:03;4384;49,96;
17:21:06;4372;49,96;
17:21:12;4336;49,96;
17:21:15;4338;49,97;
17:21:18;4362;49,97;
17:21:21;4348;49,97;
17:21:24;4342;49,97;
17:21:27;4312;49,97;
17:21:30;4340;49,96;
17:21:33;4338;49,96;
17:21:36;4334;49,97;
17:21:39;4290;49,98;
17:21:42;4324;49,98;
17:21:45;4316;49,98;
17:21:48;4320;49,98;
17:21:51;4276;49,97;
17:21:54;4310;49,97;
17:21:57;4296;49,98;
17:22:03;4250;49,98;
17:22:06;4274;49,97;
17:22:09;4264;49,97;
17:22:12;4272;49,96;
17:22:18;4284;49,96;
17:22:21;4280;49,96;
17:22:24;4288;49,97;
17:22:27;4252;49,97;
17:22:30;4286;49,97;
17:22:33;4272;49,97;
17:22:36;4278;49,97;
17:22:39;4276;49,97;
17:22:42;4274;49,98;
17:22:45;4268;49,97;
17:22:48;4280;49,97;
17:22:51;4242;49,97;
17:22:54;4278;49,97;
17:22:57;4266;49,97;
17:23:00;4270;49,97;
17:23:03;4220;49,97;
17:23:06;4244;49,98;
17:23:09;4236;49,98;
17:23:12;4232;49,99;
17:23:15;4206;49,99;
17:23:18;4224;49,99;
17:23:24;4218;49,97;
17:23:27;4208;49,97;
17:23:30;4204;49,96;
17:23:33;4202;49,96;
17:23:36;4198;49,96;
17:23:42;4166;49,96;
17:23:45;4200;49,97;
17:23:48;4198;49,97;
17:23:51;4196;49,97;
17:23:54;4192;49,97;
17:24:00;4182;49,97;
17:24:03;4184;49,97;
17:24:09;4176;49,96;
17:24:12;4168;49,96;
17:24:15;4176;49,96;
17:24:18;4162;49,96;
17:24:21;4180;49,96;
17:24:24;4166;49,96;
17:24:27;4178;49,97;
17:24:30;4174;49,96;
17:24:36;4162;49,96;
17:24:39;4176;49,96;
17:24:42;4158;49,96;
17:24:45;4184;49,96;
17:24:48;4168;49,96;
17:24:51;4188;49,96;
17:24:54;4158;49,96;
17:24:57;4178;49,96;
17:25:00;4162;49,96;
17:25:03;4180;49,97;
17:25:06;4152;49,97;
17:25:09;4184;49,97;
17:25:15;4192;49,97;
17:25:18;4160;49,97;
17:25:21;4194;49,96;
17:25:24;4170;49,96;
17:25:27;4192;49,96;
17:25:30;4160;49,96;
17:25:33;4188;49,96;
17:25:39;4176;49,96;
17:25:42;4146;49,96;
17:25:45;4170;49,96;
17:25:48;4142;49,96;
17:25:51;4156;49,96;
17:25:54;4126;49,96;
17:25:57;4148;49,96;
17:26:00;4136;49,96;
17:26:03;4154;49,98;
17:26:06;4124;49,98;
17:26:09;4166;49,99;
17:26:12;4158;49,98;
17:26:15;4170;49,97;
17:26:21;4170;49,96;
17:26:24;4164;49,97;
17:26:27;4166;49,97;
17:26:30;4158;49,97;
17:26:33;4162;49,96;
17:26:36;4160;49,96;
17:26:39;4136;49,97;
17:26:42;4166;49,97;
17:26:45;4158;49,97;
17:26:48;4150;49,97;
17:26:51;4134;49,97;
17:26:54;4130;49,96;
17:26:57;4124;49,97;
17:27:00;4128;49,97;
17:27:03;4104;49,98;
17:27:06;4130;49,98;
17:27:09;4128;49,98;
17:27:15;4124;49,98;
17:27:18;4120;49,98;
17:27:21;4098;49,97;
17:27:27;4091;49,97;
17:27:30;4094;49,97;
17:27:33;4088;49,96;
17:27:36;4085;49,96;
17:27:39;4067;49,96;
17:27:42;4058;49,96;
17:27:45;4020;49,96;
17:27:48;4047;49,96;
17:27:51;4041;49,96;
17:27:54;4026;49,96;
17:27:57;3997;49,97;
17:28:00;3988;49,98;
17:28:03;3970;49,98;
17:28:06;3959;49,98;
17:28:09;3923;49,98;
17:28:12;3944;49,99;
17:28:15;3924;49,98;
17:28:18;3927;49,99;
17:28:21;3909;49,98;
17:28:24;3923;49,98;
17:28:27;3898;49,97;
17:28:33;3911;49,97;
17:28:36;3869;49,96;
17:28:39;3829;49,96;
17:28:42;3784;49,96;
17:28:45;3794;49,97;
17:28:48;3827;49,97;
17:28:51;3838;49,96;
17:28:54;3827;49,97;
17:28:57;3853;49,96;
17:29:00;3872;49,96;
17:29:03;3880;49,97;
17:29:06;3876;49,97;
17:29:09;3874;49,97;
17:29:12;3866;49,97;
17:29:18;3855;49,97;
17:29:21;3857;49,96;
17:29:24;3856;49,96;
17:29:27;3857;49,96;
17:29:30;3859;49,97;
17:29:33;3863;49,97;
17:29:36;3833;49,97;
17:29:39;3869;49,97;
17:29:42;3888;49,98;
17:29:45;3890;49,98;
17:29:48;3890;49,99;
17:29:51;3891;49,99;
17:30:00;3860;49,99;
17:30:03;3890;49,99;
17:30:06;3895;50,00;
17:30:09;3894;50,00;
17:30:12;3892;50,00;
17:30:18;3878;50,00;
17:30:24;3829;49,99;
17:30:27;3819;49,99;
17:30:30;3813;49,99;
17:30:33;3807;50,00;
17:30:36;3800;50,00;
17:30:39;3803;50,00;
17:30:42;3779;50,00;
17:30:45;3807;50,00;
17:30:48;3816;50,00;
17:30:51;3820;49,99;
17:30:54;3827;50,00;
17:30:57;3831;49,99;
17:31:00;3828;49,99;
17:31:03;3823;49,99;
17:31:06;3797;49,99;
17:31:09;3816;50,00;
17:31:15;3813;50,01;
17:31:18;3797;50,01;
17:31:21;3808;50,01;
17:31:24;3799;50,01;
17:31:30;3762;50,01;
17:31:33;3779;50,01;
17:31:36;3787;50,01;
17:31:39;3788;50,00;
17:31:42;3733;50,00;
17:31:45;3793;50,00;
17:31:48;3787;50,00;
17:31:51;3776;49,99;
17:31:54;3719;49,99;
17:31:57;3776;50,00;
17:32:00;3768;49,99;
17:32:03;3773;50,00;
17:32:06;3726;49,99;
17:32:09;3781;50,00;
17:32:12;3784;50,00;
17:32:15;3794;50,00;
17:32:18;3753;50,00;
17:32:21;3801;50,00;
17:32:24;3797;50,00;
17:32:27;3801;50,00;
17:32:30;3754;50,00;
17:32:36;3786;50,00;
17:32:39;3789;49,99;
17:32:42;3735;49,99;
17:32:45;3796;49,99;
17:32:48;3787;49,98;
17:32:57;3746;49,98;
17:33:00;3784;49,98;
17:33:03;3779;49,98;
17:33:06;3773;49,98;
17:33:09;3768;49,98;
17:33:12;3769;49,98;
17:33:15;3764;49,98;
17:33:21;3741;49,98;
17:33:24;3756;49,98;
17:33:27;3754;49,98;
17:33:30;3750;49,98;
17:33:33;3712;49,98;
17:33:36;3741;49,98;
17:33:39;3737;49,98;
17:33:42;3733;49,98;
17:33:45;3692;49,98;
17:33:48;3727;49,98;
17:33:51;3714;49,98;
17:33:54;3721;49,98;
17:33:57;3688;49,98;
17:34:00;3723;49,98;
17:34:03;3725;49,98;
17:34:06;3725;49,99;
17:34:09;3677;50,00;
17:34:12;3728;50,00;
17:34:15;3722;50,00;
17:34:18;3731;50,00;
17:34:21;3685;50,00;
17:34:27;3728;50,00;
17:34:30;3736;50,00;
17:34:33;3696;49,99;
17:34:36;3731;49,99;
17:34:39;3717;49,99;
17:34:42;3728;49,99;
17:34:45;3726;49,99;
17:34:48;3674;49,98;
17:34:51;3705;49,99;
17:34:54;3711;49,99;
17:34:57;3669;49,99;
17:35:00;3705;49,99;
17:35:03;3702;49,98;
17:35:06;3700;49,98;
17:35:09;3702;49,98;
17:35:12;3700;49,98;
17:35:15;3676;49,97;
17:35:18;3688;49,98;
17:35:21;3636;49,97;
17:35:24;3677;49,97;
17:35:27;3641;49,97;
17:35:33;3614;49,96;
17:35:36;3653;49,96;
17:35:39;3609;49,96;
17:35:42;3645;49,97;
17:35:45;3597;49,97;
17:35:48;3639;49,97;
17:35:51;3638;49,97;
17:35:54;3589;49,97;
17:35:57;3583;49,97;
17:36:00;3623;49,97;
17:36:03;3567;49,97;
17:36:06;3611;49,96;
17:36:09;3572;49,97;
17:36:12;3615;49,97;
17:36:15;3614;49,96;
17:36:18;3603;49,96;
17:36:21;3582;49,96;
17:36:24;3598;49,95;
17:36:30;3582;49,96;
17:36:33;3596;49,96;
17:36:39;3609;49,96;
17:36:42;3563;49,96;
17:36:45;3619;49,96;
17:36:48;3586;49,96;
17:36:51;3625;49,96;
17:36:54;3574;49,96;
17:36:57;3623;49,96;
17:37:03;3622;49,96;
17:37:06;3575;49,96;
17:37:09;3625;49,96;
17:37:12;3593;49,96;
17:37:15;3626;49,95;
17:37:18;3575;49,94;
17:37:21;3625;49,94;
17:37:24;3595;49,94;
17:37:27;3627;49,94;
17:37:30;3575;49,94;
17:37:33;3625;49,95;
17:37:36;3591;49,96;
17:37:39;3617;49,96;
17:37:42;3618;49,96;
17:37:45;3562;49,96;
17:37:48;3582;49,96;
17:37:51;3613;49,96;
17:37:54;3553;49,95;
17:37:57;3612;49,96;
17:38:00;3585;49,96;
17:38:03;3620;49,96;
17:38:06;3622;49,96;
17:38:09;3624;49,96;
17:38:12;3605;49,96;
17:38:15;3634;49,95;
17:38:18;3590;49,95;
17:38:21;3618;49,95;
17:38:24;3611;49,94;
17:38:30;3615;49,95;
17:38:33;3600;49,95;
17:38:36;3623;49,95;
17:38:39;3615;49,96;
17:38:42;3632;49,96;
17:38:45;3575;49,96;
17:38:48;3630;49,97;
17:38:51;3629;49,97;
17:38:54;3627;49,97;
17:38:57;3570;49,97;
17:39:00;3619;49,97;
17:39:03;3605;49,97;
17:39:06;3608;49,97;
17:39:09;3557;49,97;
17:39:12;3597;49,96;
17:39:15;3577;49,97;
17:39:18;3572;49,96;
17:39:21;3529;49,96;
17:39:24;3558;49,96;
17:39:27;3543;49,96;
17:39:30;3549;49,96;
17:39:36;3548;49,95;
17:39:39;3535;49,95;
17:39:42;3543;49,94;
17:39:45;3505;49,93;
17:39:48;3546;49,94;
17:39:51;3527;49,94;
17:39:54;3544;49,94;
17:39:57;3542;49,95;
17:40:00;3538;49,95;
17:40:03;3517;49,96;
17:40:06;3537;49,96;
17:40:09;3480;49,96;
17:40:12;3537;49,95;
17:40:15;3517;49,95;
17:40:18;3540;49,95;
17:40:21;3488;49,95;
17:40:24;3547;49,94;
17:40:27;3523;49,94;
17:40:30;3544;49,94;
17:40:33;3480;49,93;
17:40:36;3537;49,94;
17:40:42;3534;49,94;
17:40:45;3472;49,94;
17:40:48;3524;49,94;
17:40:51;3503;49,94;
17:40:54;3520;49,95;
17:40:57;3463;49,95;
17:41:00;3516;49,95;
17:41:03;3514;49,95;
17:41:06;3512;49,95;
17:41:09;3454;49,95;
17:41:12;3499;49,95;
17:41:15;3473;49,95;
17:41:18;3489;49,96;
17:41:21;3439;49,96;
17:41:24;3481;49,95;
17:41:27;3475;49,95;
17:41:30;3478;49,95;
17:41:33;3453;49,94;
17:41:36;3476;49,93;
17:41:39;3471;49,93;
17:41:42;3465;49,92;
17:41:48;3453;49,93;
17:41:51;3450;49,93;
17:41:54;3436;49,93;
17:41:57;3432;49,93;
17:42:00;3388;49,94;
17:42:03;3425;49,94;
17:42:06;3403;49,94;
17:42:09;3418;49,95;
17:42:12;3380;49,95;
17:42:15;3416;49,94;
17:42:18;3400;49,94;
17:42:21;3417;49,93;
17:42:24;3388;49,93;
17:42:27;3412;49,93;
17:42:33;3412;49,92;
17:42:36;3389;49,93;
17:42:39;3413;49,93;
17:42:42;3393;49,93;
17:42:45;3408;49,93;
17:42:48;3389;49,93;
17:42:51;3406;49,93;
17:42:54;3404;49,93;
17:42:57;3394;49,93;
17:43:00;3372;49,93;
17:43:03;3389;49,94;
17:43:06;3367;49,93;
17:43:09;3387;49,92;
17:43:12;3363;49,92;
17:43:15;3386;49,92;
17:43:18;3367;49,92;
17:43:21;3380;49,92;
17:43:24;3354;49,92;
17:43:27;3376;49,93;
17:43:30;3366;49,93;
17:43:33;3374;49,93;
17:43:39;3367;49,94;
17:43:42;3361;49,93;
17:43:45;3356;49,94;
17:43:48;3349;49,94;
17:43:54;3345;49,94;
17:43:57;3320;49,94;
17:44:00;3338;49,94;
17:44:03;3328;49,94;
17:44:06;3323;49,94;
17:44:09;3319;49,93;
17:44:12;3314;49,93;
17:44:15;3305;49,94;
17:44:18;3301;49,93;
17:44:21;3276;49,93;
17:44:24;3289;49,92;
17:44:27;3284;49,92;
17:44:30;3280;49,91;
17:44:33;3274;49,91;
17:44:36;3273;49,92;
17:44:39;3264;49,92;
17:44:45;3261;49,93;
17:44:48;3260;49,93;
17:44:51;3252;49,93;
17:44:54;3250;49,94;
17:44:57;3242;49,94;
17:45:00;3239;49,94;
17:45:03;3214;49,94;
17:45:06;3228;49,94;
17:45:09;3212;49,93;
17:45:12;3207;49,93;
17:45:15;3196;49,93;
17:45:18;3192;49,93;
17:45:21;3187;49,93;
17:45:24;3185;49,92;
17:45:27;3159;49,93;
17:45:30;3174;49,93;
17:45:33;3158;49,94;
17:45:36;3166;49,93;
17:45:39;3153;49,93;
17:45:42;3167;49,93;
17:45:45;3147;49,93;
17:45:51;3151;49,93;
17:45:54;3147;49,93;
17:45:57;3141;49,93;
17:46:00;3137;49,93;
17:46:03;3128;49,92;
17:46:06;3126;49,93;
17:46:09;3104;49,92;
17:46:12;3125;49,93;
17:46:15;3128;49,94;
17:46:18;3131;49,94;
17:46:21;3127;49,94;
17:46:27;3124;49,95;
17:46:30;3125;49,95;
17:46:33;3119;49,94;
17:46:36;3127;49,94;
17:46:39;3112;49,94;
17:46:42;3132;49,94;
17:46:45;3129;49,94;
17:46:48;3130;49,94;
17:46:51;3126;49,94;
17:46:54;3115;49,94;
17:46:57;3131;49,94;
17:47:00;3128;49,94;
17:47:03;3126;49,94;
17:47:06;3122;49,94;
17:47:09;3119;49,94;
17:47:12;3115;49,94;
17:47:15;3113;49,94;
17:47:18;3083;49,94;
17:47:21;3100;49,93;
17:47:24;3094;49,93;
17:47:27;3091;49,93;
17:47:30;3085;49,93;
17:47:33;3081;49,93;
17:47:36;3076;49,94;
17:47:42;3074;49,94;
17:47:48;3075;49,95;
17:47:51;3073;49,95;
17:47:54;3069;49,94;
17:47:57;3067;49,94;
17:48:00;3050;49,94;
17:48:03;3064;49,94;
17:48:06;3054;49,94;
17:48:09;3052;49,94;
17:48:12;3049;49,94;
17:48:15;3044;49,94;
17:48:18;3039;49,94;
17:48:21;3034;49,94;
17:48:24;3015;49,94;
17:48:27;3020;49,94;
17:48:30;3016;49,94;
17:48:33;3012;49,94;
17:48:36;3000;49,95;
17:48:39;3007;49,95;
17:48:42;2992;49,96;
17:48:48;2972;49,97;
17:48:51;2984;49,97;
17:48:54;2965;49,96;
17:48:57;2982;49,96;
17:49:00;2972;49,96;
17:49:03;2990;49,96;
17:49:09;2967;49,96;
17:49:12;2972;49,96;
17:49:15;2984;49,96;
17:49:18;2957;49,96;
17:49:21;2976;49,96;
17:49:24;2962;49,95;
17:49:27;2976;49,95;
17:49:30;2974;49,95;
17:49:33;2973;49,94;
17:49:36;2962;49,94;
17:49:39;2974;49,95;
17:49:42;2918;49,95;
17:49:45;2970;49,95;
17:49:48;2956;49,94;
17:49:54;2945;49,95;
17:49:57;2960;49,95;
17:50:00;2946;49,96;
17:50:03;2959;49,96;
17:50:06;2909;49,96;
17:50:09;2961;49,97;
17:50:12;2963;49,96;
17:50:15;2951;49,96;
17:50:18;2939;49,95;
17:50:21;2961;49,95;
17:50:24;2948;49,95;
17:50:27;2955;49,95;
17:50:30;2904;49,95;
17:50:33;2943;49,95;
17:50:36;2951;49,95;
17:50:39;2942;49,95;
17:50:42;2929;49,95;
17:50:45;2937;49,95;
17:50:48;2941;49,94;
17:50:51;2924;49,94;
17:50:54;2928;49,94;
17:51:00;2921;49,95;
17:51:03;2905;49,95;
17:51:06;2904;49,96;
17:51:09;2889;49,96;
17:51:12;2902;49,96;
17:51:15;2900;49,96;
17:51:18;2909;49,95;
17:51:21;2906;49,95;
17:51:24;2902;49,95;
17:51:27;2890;49,96;
17:51:30;2891;49,95;
17:51:33;2871;49,95;
17:51:36;2889;49,95;
17:51:39;2874;49,95;
17:51:45;2871;49,96;
17:51:48;2885;49,96;
17:51:51;2873;49,95;
17:51:54;2884;49,95;
17:51:57;2857;49,95;
17:52:00;2880;49,95;
17:52:03;2879;49,95;
17:52:06;2859;49,95;
17:52:09;2851;49,95;
17:52:12;2872;49,95;
17:52:15;2851;49,95;
17:52:18;2872;49,95;
17:52:21;2854;49,94;
17:52:24;2875;49,94;
17:52:30;2873;49,94;
17:52:33;2854;49,95;
17:52:36;2873;49,95;
17:52:39;2845;49,96;
17:52:42;2870;49,96;
17:52:45;2853;49,96;
17:52:51;2848;49,95;
17:52:54;2874;49,95;
17:52:57;2862;49,95;
17:53:00;2878;49,95;
17:53:03;2853;49,95;
17:53:06;2878;49,95;
17:53:09;2881;49,95;
17:53:12;2867;49,95;
17:53:15;2854;49,95;
17:53:18;2873;49,95;
17:53:21;2862;49,95;
17:53:24;2873;49,95;
17:53:27;2853;49,94;
17:53:30;2874;49,94;
17:53:33;2873;49,94;
17:53:36;2865;49,94;
17:53:39;2855;49,94;
17:53:42;2866;49,94;
17:53:45;2863;49,94;
17:53:48;2854;49,95;
17:53:51;2861;49,95;
17:53:57;2863;49,96;
17:54:00;2817;49,96;
17:54:03;2868;49,96;
17:54:06;2867;49,95;
17:54:09;2868;49,95;
17:54:12;2818;49,95;
17:54:15;2865;49,95;
17:54:18;2864;49,95;
17:54:21;2866;49,94;
17:54:24;2822;49,95;
17:54:27;2863;49,94;
17:54:30;2855;49,94;
17:54:33;2860;49,94;
17:54:36;2821;49,94;
17:54:39;2861;49,94;
17:54:42;2848;49,94;
17:54:45;2861;49,94;
17:54:48;2853;49,94;
17:54:51;2860;49,94;
17:54:54;2828;49,95;
17:54:57;2861;49,95;
17:55:03;2863;49,95;
17:55:06;2847;49,95;
17:55:09;2859;49,95;
17:55:12;2826;49,95;
17:55:15;2859;49,94;
17:55:18;2821;49,94;
17:55:21;2854;49,94;
17:55:24;2859;49,94;
17:55:27;2855;49,94;
17:55:30;2822;49,95;
17:55:33;2854;49,94;
17:55:36;2826;49,95;
17:55:39;2842;49,95;
17:55:42;2826;49,95;
17:55:48;2837;49,96;
17:55:51;2822;49,96;
17:55:54;2827;49,96;
17:55:57;2820;49,96;
17:56:00;2839;49,96;
17:56:03;2808;49,96;
17:56:06;2838;49,97;
17:56:09;2840;49,97;
17:56:15;2805;49,96;
17:56:18;2841;49,96;
17:56:21;2815;49,96;
17:56:24;2844;49,96;
17:56:27;2806;49,95;
17:56:30;2842;49,96;
17:56:33;2810;49,96;
17:56:36;2832;49,96;
17:56:39;2792;49,96;
17:56:42;2824;49,96;
17:56:45;2795;49,96;
17:56:48;2819;49,96;
17:56:54;2811;49,96;
17:56:57;2781;49,96;
17:57:00;2810;49,96;
17:57:03;2772;49,96;
17:57:06;2805;49,96;
17:57:09;2774;49,96;
17:57:12;2801;49,96;
17:57:15;2797;49,96;
17:57:18;2791;49,98;
17:57:21;2757;49,98;
17:57:24;2780;49,98;
17:57:27;2751;49,97;
17:57:30;2780;49,96;
17:57:33;2751;49,96;
17:57:36;2780;49,96;
17:57:39;2741;49,97;
17:57:42;2772;49,96;
17:57:45;2742;49,96;
17:57:48;2763;49,96;
17:57:51;2729;49,96;
17:57:54;2756;49,96;
17:58:00;2755;49,96;
17:58:03;2726;49,96;
17:58:06;2755;49,97;
17:58:09;2729;49,98;
17:58:12;2763;49,99;
17:58:15;2731;50,00;
17:58:18;2758;50,00;
17:58:21;2756;50,00;
17:58:24;2743;50,00;
17:58:27;2712;50,00;
17:58:30;2731;50,00;
17:58:33;2703;49,99;
17:58:36;2731;50,00;
17:58:39;2715;50,00;
17:58:42;2724;50,00;
17:58:45;2713;50,01;
17:58:48;2726;50,01;
17:58:51;2713;50,01;
17:58:54;2716;50,02;
17:58:57;2706;50,02;
17:59:00;2717;50,02;
17:59:06;2714;50,01;
17:59:09;2711;50,01;
17:59:12;2707;50,01;
17:59:15;2708;50,01;
17:59:18;2708;50,00;
17:59:21;2709;50,00;
17:59:24;2683;50,00;
17:59:27;2708;50,00;
17:59:30;2704;50,01;
17:59:33;2702;50,01;
17:59:36;2697;50,02;
17:59:39;2693;50,03;
17:59:42;2687;50,03;
17:59:45;2684;50,03;
17:59:48;2657;50,03;
17:59:51;2675;50,03;
17:59:54;2671;50,04;
18:00:00;2669;50,04;
18:00:06;2666;50,04;
18:00:12;2672;50,05;
18:00:15;2669;50,04;
18:00:18;2642;50,04;
18:00:21;2670;50,03;
18:00:24;2649;50,03;
18:00:27;2668;50,03;
18:00:30;2635;50,03;
18:00:33;2659;50,03;
18:00:36;2643;50,03;
18:00:39;2664;50,04;
18:00:42;2640;50,04;
18:00:45;2659;50,05;
18:00:48;2641;50,05;
18:00:51;2655;50,05;
18:00:57;2651;50,05;
18:01:00;2648;50,05;
18:01:03;2646;50,05;
18:01:06;2647;50,05;
18:01:09;2642;50,05;
18:01:12;2641;50,06;
18:01:15;2623;50,06;
18:01:18;2640;50,05;
18:01:21;2637;50,05;
18:01:24;2619;50,05;
18:01:27;2632;50,05;
18:01:30;2614;50,05;
18:01:33;2629;50,06;
18:01:36;2605;50,06;
18:01:39;2619;50,06;
18:01:42;2600;50,06;
18:01:45;2598;50,05;
18:01:48;2585;50,06;
18:01:51;2604;50,06;
18:01:54;2605;50,07;
18:01:57;2602;50,06;
18:02:03;2590;50,05;
18:02:06;2585;50,05;
18:02:09;2575;50,05;
18:02:12;2570;50,05;
18:02:15;2558;50,05;
18:02:18;2554;50,05;
18:02:21;2542;50,05;
18:02:24;2552;50,05;
18:02:27;2551;50,05;
18:02:33;2545;50,05;
18:02:36;2549;50,04;
18:02:39;2550;50,04;
18:02:42;2551;50,05;
18:02:45;2538;50,05;
18:02:48;2554;50,05;
18:02:51;2555;50,05;
18:02:54;2556;50,05;
18:02:57;2561;50,05;
18:03:00;2562;50,05;
18:03:03;2564;50,05;
18:03:09;2566;50,05;
18:03:12;2567;50,05;
18:03:15;2561;50,05;
18:03:21;2556;50,05;
18:03:24;2554;50,05;
18:03:27;2543;50,05;
18:03:30;2549;50,04;
18:03:33;2543;50,04;
18:03:36;2544;50,03;
18:03:39;2540;50,04;
18:03:42;2537;50,04;
18:03:45;2523;50,04;
18:03:48;2525;50,05;
18:03:54;2517;50,05;
18:03:57;2510;50,04;
18:04:00;2514;50,05;
18:04:03;2509;50,05;
18:04:06;2517;50,05;
18:04:09;2489;50,05;
18:04:18;2498;50,05;
18:04:21;2473;50,05;
18:04:24;2494;50,05;
18:04:27;2483;50,04;
18:04:30;2496;50,05;
18:04:33;2497;50,05;
18:04:36;2465;50,05;
18:04:39;2472;50,04;
18:04:42;2483;50,04;
18:04:45;2478;50,04;
18:04:48;2463;50,04;
18:04:51;2453;50,04;
18:04:54;2459;50,03;
18:05:00;2465;50,03;
18:05:03;2466;50,03;
18:05:06;2472;50,03;
18:05:09;2467;50,03;
18:05:12;2473;50,03;
18:05:15;2472;50,03;
18:05:18;2456;50,04;
18:05:21;2473;50,04;
18:05:24;2477;50,04;
18:05:27;2479;50,04;
18:05:36;2478;50,03;
18:05:39;2479;50,03;
18:05:42;2460;50,03;
18:05:45;2476;50,04;
18:05:48;2472;50,04;
18:05:51;2468;50,04;
18:05:54;2463;50,04;
18:05:57;2456;50,04;
18:06:00;2438;50,03;
18:06:06;2436;50,03;
18:06:09;2435;50,03;
18:06:12;2434;50,03;
18:06:15;2435;50,02;
18:06:18;2436;50,02;
18:06:21;2434;50,01;
18:06:24;2415;50,01;
18:06:27;2429;50,01;
18:06:30;2436;50,01;
18:06:33;2439;50,01;
18:06:39;2444;50,01;
18:06:42;2446;50,01;
18:06:45;2448;50,01;
18:06:48;2419;50,01;
18:06:51;2453;50,02;
18:06:54;2455;50,02;
18:06:57;2453;50,03;
18:07:00;2422;50,02;
18:07:03;2451;50,03;
18:07:06;2440;50,02;
18:07:12;2390;50,03;
18:07:15;2439;50,02;
18:07:18;2422;50,01;
18:07:21;2427;50,01;
18:07:24;2370;50,01;
18:07:27;2419;50,00;
18:07:30;2415;50,00;
18:07:33;2406;50,00;
18:07:36;2359;50,01;
18:07:39;2412;50,01;
18:07:42;2406;50,01;
18:07:45;2409;50,01;
18:07:48;2391;50,01;
18:07:51;2407;50,00;
18:07:54;2404;50,00;
18:07:57;2398;50,00;
18:08:00;2336;50,01;
18:08:03;2384;50,01;
18:08:06;2373;50,02;
18:08:09;2375;50,02;
18:08:12;2321;50,02;
18:08:18;2354;50,01;
18:08:21;2360;50,01;
18:08:24;2321;50,01;
18:08:27;2362;50,00;
18:08:30;2354;50,01;
18:08:33;2359;50,01;
18:08:36;2355;50,01;
18:08:39;2298;50,01;
18:08:42;2347;50,01;
18:08:45;2352;50,00;
18:08:48;2304;50,00;
18:08:51;2357;50,00;
18:08:54;2351;50,00;
18:08:57;2352;50,00;
18:09:00;2349;50,00;
18:09:03;2338;50,01;
18:09:06;2330;50,01;
18:09:09;2335;50,01;
18:09:12;2277;50,01;
18:09:15;2325;50,01;
18:09:18;2324;50,01;
18:09:21;2303;50,00;
18:09:24;2314;50,00;
18:09:27;2324;50,01;
18:09:30;2323;50,01;
18:09:33;2318;50,01;
18:09:36;2316;50,01;
18:09:39;2304;50,00;
18:09:42;2298;50,00;
18:09:45;2287;50,00;
18:09:48;2283;49,99;
18:09:51;2280;49,99;
18:09:54;2285;49,99;
18:09:57;2293;49,99;
18:10:00;2292;49,99;
18:10:03;2284;50,00;
18:10:09;2286;50,00;
18:10:12;2279;50,00;
18:10:15;2251;50,00;
18:10:18;2270;50,00;
18:10:21;2261;50,00;
18:10:27;2260;50,00;
18:10:30;2243;49,99;
18:10:33;2261;49,98;
18:10:36;2265;49,98;
18:10:39;2253;49,98;
18:10:42;2270;49,98;
18:10:45;2274;49,98;
18:10:48;2274;49,99;
18:10:51;2273;49,99;
18:10:54;2271;49,99;
18:10:57;2269;49,99;
18:11:00;2269;50,00;
18:11:03;2205;50,00;
18:11:06;2272;50,00;
18:11:09;2264;50,00;
18:11:15;2193;49,99;
18:11:18;2258;49,99;
18:11:21;2243;49,99;
18:11:24;2242;49,99;
18:11:27;2177;49,99;
18:11:30;2240;50,00;
18:11:33;2241;50,00;
18:11:36;2238;50,00;
18:11:39;2215;50,00;
18:11:42;2235;50,00;
18:11:45;2233;49,99;
18:11:48;2231;49,98;
18:11:51;2195;49,98;
18:11:54;2223;49,98;
18:11:57;2224;49,98;
18:12:00;2215;49,98;
18:12:03;2221;49,99;
18:12:06;2212;49,99;
18:12:09;2220;49,99;
18:12:12;2208;49,99;
18:12:15;2212;50,00;
18:12:21;2206;50,00;
18:12:24;2196;50,00;
18:12:27;2195;50,00;
18:12:30;2178;49,99;
18:12:33;2179;49,99;
18:12:36;2168;49,99;
18:12:39;2175;49,99;
18:12:42;2173;49,99;
18:12:45;2167;50,00;
18:12:48;2162;50,00;
18:12:51;2158;50,00;
18:12:54;2153;50,00;
18:12:57;2152;50,00;
18:13:00;2148;50,00;
18:13:03;2154;50,00;
18:13:06;2135;50,00;
18:13:09;2140;49,99;
18:13:12;2125;49,99;
18:13:15;2130;49,98;
18:13:18;2113;49,98;
18:13:21;2126;49,97;
18:13:27;2115;49,97;
18:13:30;2084;49,98;
18:13:33;2104;49,98;
18:13:36;2094;49,98;
18:13:42;2068;49,97;
18:13:45;2098;49,97;
18:13:48;2099;49,97;
18:13:51;2093;49,97;
18:13:54;2059;49,98;
18:13:57;2082;49,98;
18:14:00;2062;49,98;
18:14:03;2067;49,98;
18:14:06;2038;49,97;
18:14:12;2026;49,97;
18:14:15;2023;49,97;
18:14:18;1981;49,97;
18:14:21;2006;49,97;
18:14:24;2014;49,97;
18:14:27;2030;49,97;
18:14:30;2042;49,97;
18:14:33;2014;49,96;
18:14:36;2049;49,97;
18:14:39;2050;49,98;
18:14:42;2007;49,98;
18:14:45;2039;49,98;
18:14:48;2034;49,98;
18:14:51;2032;49,98;
18:14:54;2030;49,98;
18:14:57;2019;49,98;
18:15:00;2025;49,98;
18:15:03;2020;49,97;
18:15:06;2010;49,97;
18:15:09;2012;49,97;
18:15:12;2045;49,97;
18:15:18;2038;49,97;
18:15:21;2008;49,98;
18:15:24;2043;49,98;
18:15:27;2038;49,98;
18:15:30;2041;49,98;
18:15:33;1996;49,98;
18:15:36;2041;49,98;
18:15:39;2041;49,99;
18:15:42;2030;49,99;
18:15:45;1980;49,99;
18:15:48;2023;49,99;
18:15:54;2028;50,00;
18:15:57;1983;50,00;
18:16:00;2025;50,00;
18:16:03;2023;50,00;
18:16:06;2027;50,00;
18:16:09;2011;50,00;
18:16:12;2027;50,00;
18:16:18;2030;49,99;
18:16:24;2027;50,00;
18:16:27;2022;50,00;
18:16:33;2000;50,00;
18:16:36;2029;50,00;
18:16:39;2021;50,00;
18:16:42;2028;50,00;
18:16:45;2027;50,00;
18:16:48;2025;50,00;
18:16:51;2015;50,00;
18:16:54;2025;50,00;
18:16:57;2007;50,00;
18:17:00;2022;50,00;
18:17:03;2011;50,00;
18:17:06;2019;50,00;
18:17:09;2014;50,01;
18:17:12;2026;50,01;
18:17:15;2019;50,01;
18:17:18;2015;50,00;
18:17:21;2012;50,00;
18:17:24;2010;49,99;
18:17:30;2004;49,99;
18:17:33;1974;49,99;
18:17:36;2001;49,98;
18:17:39;2000;49,98;
18:17:42;2001;49,98;
18:17:45;1971;49,98;
18:17:48;1993;49,98;
18:17:51;1992;49,98;
18:17:54;1979;49,98;
18:17:57;1938;49,98;
18:18:00;1953;49,99;
18:18:03;1950;49,99;
18:18:06;1949;50,00;
18:18:09;1948;50,00;
18:18:12;1943;50,00;
18:18:15;1945;50,00;
18:18:18;1948;50,00;
18:18:21;1946;50,00;
18:18:24;1927;50,00;
18:18:27;1927;49,99;
18:18:30;1915;49,99;
18:18:33;1923;49,99;
18:18:36;1927;49,99;
18:18:39;1928;49,98;
18:18:42;1924;49,99;
18:18:45;1931;49,98;
18:18:48;1903;49,98;
18:18:51;1927;49,97;
18:18:54;1923;49,97;
18:18:57;1917;49,97;
18:19:00;1906;49,97;
18:19:03;1913;49,98;
18:19:06;1904;49,98;
18:19:09;1915;49,98;
18:19:15;1922;49,98;
18:19:21;1923;49,98;
18:19:24;1914;49,98;
18:19:27;1922;49,98;
18:19:30;1914;49,98;
18:19:33;1917;49,98;
18:19:36;1911;49,97;
18:19:39;1918;49,97;
18:19:42;1915;49,97;
18:19:45;1910;49,98;
18:19:48;1904;49,98;
18:19:51;1913;49,98;
18:19:54;1894;49,98;
18:19:57;1907;49,98;
18:20:00;1892;49,98;
18:20:03;1902;49,98;
18:20:06;1895;49,97;
18:20:09;1902;49,96;
18:20:12;1894;49,96;
18:20:15;1901;49,96;
18:20:21;1903;49,97;
18:20:27;1902;49,97;
18:20:30;1903;49,97;
18:20:33;1905;49,97;
18:20:36;1907;49,97;
18:20:42;1908;49,97;
18:20:45;1890;49,96;
18:20:48;1906;49,96;
18:20:51;1903;49,97;
18:20:54;1901;49,97;
18:20:57;1900;49,97;
18:21:03;1897;49,97;
18:21:06;1898;49,97;
18:21:09;1881;49,97;
18:21:12;1900;49,97;
18:21:15;1900;49,98;
18:21:21;1893;49,98;
18:21:24;1883;49,98;
18:21:27;1889;49,97;
18:21:33;1896;49,96;
18:21:39;1890;49,97;
18:21:42;1891;49,97;
18:21:45;1886;49,97;
18:21:51;1881;49,96;
18:21:54;1882;49,96;
18:21:57;1877;49,96;
18:22:00;1878;49,97;
18:22:03;1875;49,97;
18:22:06;1872;49,97;
18:22:09;1860;49,98;
18:22:12;1867;49,98;
18:22:15;1859;49,98;
18:22:18;1862;49,99;
18:22:21;1859;49,98;
18:22:24;1858;49,99;
18:22:27;1857;49,98;
18:22:30;1858;49,98;
18:22:33;1856;49,97;
18:22:39;1852;49,97;
18:22:42;1852;49,96;
18:22:45;1852;49,97;
18:22:48;1854;49,97;
18:22:51;1846;49,97;
18:22:54;1854;49,97;
18:22:57;1835;49,97;
18:23:00;1849;49,97;
18:23:03;1837;49,96;
18:23:06;1844;49,96;
18:23:09;1835;49,97;
18:23:12;1840;49,98;
18:23:15;1832;49,98;
18:23:18;1837;49,97;
18:23:24;1834;49,97;
18:23:27;1830;49,96;
18:23:36;1826;49,96;
18:23:39;1825;49,96;
18:23:42;1822;49,96;
18:23:45;1823;49,96;
18:23:48;1821;49,97;
18:23:51;1823;49,97;
18:23:54;1820;49,98;
18:23:57;1819;49,98;
18:24:03;1818;49,98;
18:24:06;1811;49,98;
18:24:09;1815;49,98;
18:24:12;1814;49,98;
18:24:15;1812;49,98;
18:24:18;1810;49,98;
18:24:21;1808;49,98;
18:24:24;1804;49,98;
18:24:30;1802;49,98;
18:24:36;1801;49,97;
18:24:39;1799;49,97;
18:24:42;1794;49,97;
18:24:45;1797;49,98;
18:24:48;1779;49,98;
18:24:51;1794;49,98;
18:24:54;1789;49,98;
18:24:57;1788;49,98;
18:25:00;1786;49,98;
18:25:03;1784;49,98;
18:25:06;1782;49,98;
18:25:09;1781;49,98;
18:25:12;1769;49,98;
18:25:15;1780;49,98;
18:25:18;1782;49,98;
18:25:21;1780;49,98;
18:25:24;1760;49,98;
18:25:27;1773;49,97;
18:25:30;1770;49,96;
18:25:36;1752;49,95;
18:25:39;1767;49,96;
18:25:42;1762;49,96;
18:25:45;1760;49,97;
18:25:48;1752;49,97;
18:25:51;1758;49,98;
18:25:54;1757;49,98;
18:25:57;1756;49,98;
18:26:00;1735;49,98;
18:26:03;1752;49,97;
18:26:06;1747;49,97;
18:26:09;1746;49,97;
18:26:12;1725;49,97;
18:26:15;1748;49,97;
18:26:18;1747;49,97;
18:26:21;1744;49,97;
18:26:24;1721;49,97;
18:26:27;1739;49,96;
18:26:30;1727;49,96;
18:26:33;1733;49,96;
18:26:36;1715;49,96;
18:26:42;1719;49,95;
18:26:45;1727;49,95;
18:26:48;1705;49,95;
18:26:51;1723;49,95;
18:26:54;1715;49,95;
18:26:57;1722;49,96;
18:27:00;1720;49,96;
18:27:03;1694;49,96;
18:27:06;1711;49,96;
18:27:09;1704;49,96;
18:27:12;1684;49,95;
18:27:15;1697;49,95;
18:27:18;1701;49,96;
18:27:21;1694;49,96;
18:27:27;1674;49,95;
18:27:30;1693;49,95;
18:27:33;1692;49,94;
18:27:36;1691;49,95;
18:27:39;1688;49,95;
18:27:42;1689;49,95;
18:27:45;1680;49,95;
18:27:48;1686;49,95;
18:27:51;1674;49,96;
18:27:54;1681;49,97;
18:28:00;1680;49,97;
18:28:03;1677;49,97;
18:28:09;1679;49,98;
18:28:12;1677;49,98;
18:28:15;1666;49,97;
18:28:18;1674;49,97;
18:28:21;1670;49,97;
18:28:24;1675;49,97;
18:28:27;1645;49,96;
18:28:33;1665;49,96;
18:28:36;1668;49,96;
18:28:39;1640;49,96;
18:28:42;1667;49,97;
18:28:45;1663;49,97;
18:28:48;1664;49,97;
18:28:54;1627;49,98;
18:28:57;1660;49,98;
18:29:00;1661;49,98;
18:29:03;1623;49,98;
18:29:06;1659;49,98;
18:29:09;1657;49,98;
18:29:12;1656;49,98;
18:29:15;1654;49,97;
18:29:18;1651;49,96;
18:29:21;1648;49,95;
18:29:24;1649;49,96;
18:29:27;1612;49,96;
18:29:30;1643;49,97;
18:29:33;1639;49,97;
18:29:39;1616;49,96;
18:29:42;1639;49,96;
18:29:45;1634;49,96;
18:29:48;1639;49,96;
18:29:51;1616;49,96;
18:29:54;1636;49,96;
18:29:57;1637;49,97;
18:30:00;1632;49,97;
18:30:03;1613;49,97;
18:30:06;1630;49,97;
18:30:09;1627;49,97;
18:30:12;1625;49,96;
18:30:15;1614;49,96;
18:30:18;1626;49,96;
18:30:24;1622;49,96;
18:30:27;1615;49,96;
18:30:30;1616;49,96;
18:30:33;1627;49,96;
18:30:36;1617;49,96;
18:30:39;1624;49,96;
18:30:45;1619;49,96;
18:30:48;1615;49,96;
18:30:51;1616;49,96;
18:30:54;1600;49,95;
18:30:57;1605;49,96;
18:31:00;1600;49,96;
18:31:03;1599;49,96;
18:31:06;1597;49,97;
18:31:09;1596;49,97;
18:31:12;1598;49,97;
18:31:15;1595;49,96;
18:31:18;1581;49,97;
18:31:21;1594;49,96;
18:31:24;1590;49,96;
18:31:30;1568;49,96;
18:31:33;1569;49,96;
18:31:36;1562;49,96;
18:31:39;1547;49,96;
18:31:42;1525;49,96;
18:31:45;1521;49,96;
18:31:51;1484;49,97;
18:31:54;1454;49,97;
18:31:57;1446;49,97;
18:32:00;1418;49,97;
18:32:03;1411;49,98;
18:32:06;1414;49,98;
18:32:09;1432;49,98;
18:32:12;1468;49,97;
18:32:15;1501;49,97;
18:32:18;1514;49,97;
18:32:21;1512;49,97;
18:32:24;1519;49,96;
18:32:27;1525;49,96;
18:32:30;1538;49,96;
18:32:36;1554;49,96;
18:32:39;1557;49,96;
18:32:42;1552;49,96;
18:32:45;1558;49,96;
18:32:48;1549;49,96;
18:32:51;1548;49,96;
18:32:57;1540;49,96;
18:33:00;1534;49,97;
18:33:03;1533;49,97;
18:33:06;1522;49,97;
18:33:09;1527;49,98;
18:33:12;1521;49,97;
18:33:15;1527;49,97;
18:33:18;1522;49,96;
18:33:21;1524;49,96;
18:33:24;1530;49,97;
18:33:27;1521;49,97;
18:33:30;1517;49,97;
18:33:33;1514;49,97;
18:33:36;1524;49,98;
18:33:42;1512;49,98;
18:33:45;1494;49,98;
18:33:48;1506;49,98;
18:33:51;1505;49,98;
18:33:54;1505;49,97;
18:33:57;1486;49,97;
18:34:00;1503;49,97;
18:34:03;1502;49,97;
18:34:06;1495;49,98;
18:34:09;1473;49,98;
18:34:12;1484;49,99;
18:34:15;1482;50,00;
18:34:18;1483;50,00;
18:34:21;1468;50,00;
18:34:24;1488;49,99;
18:34:27;1494;49,98;
18:34:30;1497;49,97;
18:34:33;1480;49,96;
18:34:36;1497;49,96;
18:34:39;1494;49,96;
18:34:42;1492;49,97;
18:34:48;1501;49,98;
18:34:51;1504;49,98;
18:34:54;1506;49,98;
18:34:57;1484;49,98;
18:35:00;1505;49,99;
18:35:03;1503;49,99;
18:35:06;1504;49,99;
18:35:09;1503;49,99;
18:35:12;1502;49,99;
18:35:15;1501;49,99;
18:35:18;1496;49,98;
18:35:21;1477;49,98;
18:35:24;1476;49,97;
18:35:27;1471;49,97;
18:35:30;1459;49,97;
18:35:33;1451;49,97;
18:35:36;1456;49,97;
18:35:39;1460;49,97;
18:35:42;1457;49,96;
18:35:45;1456;49,96;
18:35:48;1448;49,96;
18:35:54;1430;49,98;
18:35:57;1422;49,99;
18:36:00;1405;49,98;
18:36:03;1395;49,98;
18:36:06;1374;49,98;
18:36:09;1372;49,98;
18:36:12;1373;49,98;
18:36:15;1363;49,98;
18:36:18;1381;49,98;
18:36:21;1384;49,98;
18:36:24;1372;49,97;
18:36:27;1385;49,97;
18:36:30;1377;49,97;
18:36:33;1395;49,97;
18:36:39;1403;49,97;
18:36:42;1393;49,96;
18:36:45;1408;49,96;
18:36:48;1400;49,96;
18:36:51;1423;49,96;
18:36:54;1413;49,96;
18:36:57;1430;49,96;
18:37:00;1434;49,96;
18:37:03;1401;49,96;
18:37:06;1381;49,96;
18:37:09;1350;49,97;
18:37:12;1339;49,97;
18:37:15;1306;49,97;
18:37:18;1295;49,97;
18:37:21;1293;49,97;
18:37:24;1302;49,97;
18:37:27;1313;49,96;
18:37:30;1314;49,96;
18:37:33;1339;49,97;
18:37:36;1329;49,97;
18:37:39;1330;49,97;
18:37:45;1317;49,98;
18:37:48;1307;49,98;
18:37:51;1323;49,98;
18:37:54;1315;49,97;
18:37:57;1337;49,97;
18:38:00;1330;49,96;
18:38:03;1339;49,96;
18:38:06;1337;49,96;
18:38:09;1320;49,97;
18:38:12;1299;49,97;
18:38:15;1294;49,97;
18:38:18;1268;49,96;
18:38:21;1269;49,96;
18:38:24;1259;49,96;
18:38:27;1242;49,96;
18:38:30;1214;49,96;
18:38:33;1183;49,97;
18:38:36;1162;49,97;
18:38:39;1142;49,97;
18:38:42;1137;49,97;
18:38:45;1127;49,96;
18:38:51;1126;49,97;
18:38:54;1125;49,97;
18:38:57;1122;49,97;
18:39:00;1122;49,98;
18:39:03;1112;49,98;
18:39:06;1109;49,98;
18:39:09;1102;49,98;
18:39:12;1106;49,98;
18:39:15;1105;49,97;
18:39:18;1108;49,97;
18:39:21;1118;49,96;
18:39:24;1126;49,96;
18:39:27;1139;49,96;
18:39:30;1145;49,97;
18:39:33;1150;49,97;
18:39:36;1151;49,97;
18:39:39;1132;49,98;
18:39:42;1119;49,98;
18:39:45;1087;49,98;
18:39:48;1075;49,98;
18:39:51;1057;49,98;
18:39:57;1059;49,97;
18:40:00;1064;49,97;
18:40:03;1074;49,96;
18:40:06;1077;49,97;
18:40:09;1079;49,96;
18:40:12;1087;49,97;
18:40:15;1083;49,97;
18:40:18;1098;49,97;
18:40:21;1113;49,98;
18:40:24;1116;49,98;
18:40:27;1127;49,98;
18:40:30;1134;49,98;
18:40:33;1143;49,98;
18:40:36;1160;49,98;
18:40:39;1166;49,98;
18:40:42;1184;49,99;
18:40:45;1197;49,99;
18:40:48;1213;49,99;
18:40:51;1215;49,99;
18:40:54;1233;49,99;
18:40:57;1237;49,99;
18:41:00;1233;49,99;
18:41:03;1249;49,99;
18:41:06;1257;50,00;
18:41:09;1257;49,99;
18:41:12;1261;50,00;
18:41:15;1263;49,99;
18:41:18;1264;49,99;
18:41:21;1265;49,99;
18:41:24;1253;49,98;
18:41:27;1259;49,97;
18:41:30;1259;49,96;
18:41:33;1258;49,96;
18:41:36;1263;49,97;
18:41:39;1267;49,97;
18:41:42;1269;49,96;
18:41:48;1272;49,96;
18:41:54;1271;49,97;
18:41:57;1273;49,97;
18:42:00;1272;49,97;
18:42:03;1272;49,96;
18:42:06;1254;49,96;
18:42:09;1242;49,96;
18:42:12;1269;49,96;
18:42:15;1267;49,96;
18:42:18;1264;49,96;
18:42:21;1262;49,97;
18:42:27;1249;49,97;
18:42:30;1234;49,96;
18:42:33;1261;49,96;
18:42:39;1257;49,96;
18:42:42;1252;49,96;
18:42:45;1250;49,96;
18:42:48;1246;49,97;
18:42:54;1261;49,97;
18:42:57;1260;49,97;
18:43:00;1264;49,97;
18:43:03;1265;49,97;
18:43:06;1240;49,97;
18:43:09;1268;49,97;
18:43:12;1269;49,97;
18:43:15;1271;49,96;
18:43:18;1263;49,96;
18:43:21;1268;49,96;
18:43:24;1262;49,96;
18:43:27;1264;49,96;
18:43:30;1251;49,96;
18:43:33;1259;49,96;
18:43:36;1261;49,96;
18:43:39;1256;49,97;
18:43:42;1252;49,96;
18:43:45;1261;49,96;
18:43:48;1259;49,96;
18:43:51;1262;49,96;
18:43:54;1241;49,96;
18:44:00;1237;49,97;
18:44:03;1247;49,96;
18:44:06;1226;49,96;
18:44:09;1239;49,96;
18:44:12;1238;49,96;
18:44:15;1234;49,96;
18:44:18;1238;49,96;
18:44:21;1229;49,96;
18:44:24;1222;49,95;
18:44:27;1230;49,96;
18:44:30;1220;49,96;
18:44:33;1229;49,96;
18:44:36;1213;49,96;
18:44:39;1222;49,96;
18:44:42;1220;49,96;
18:44:45;1215;49,96;
18:44:48;1204;49,96;
18:44:51;1210;49,96;
18:44:54;1201;49,96;
18:44:57;1207;49,96;
18:45:00;1199;49,96;
18:45:06;1189;49,97;
18:45:09;1198;49,97;
18:45:12;1185;49,97;
18:45:15;1186;49,97;
18:45:18;1159;49,97;
18:45:21;1154;49,97;
18:45:24;1175;49,96;
18:45:27;1176;49,96;
18:45:30;1171;49,96;
18:45:33;1163;49,96;
18:45:36;1169;49,96;
18:45:39;1166;49,96;
18:45:42;1169;49,97;
18:45:45;1150;49,98;
18:45:51;1159;49,99;
18:45:54;1162;49,99;
18:45:57;1164;49,99;
18:46:00;1172;49,98;
18:46:03;1167;49,98;
18:46:06;1174;49,98;
18:46:09;1173;49,98;
18:46:12;1165;49,98;
18:46:15;1170;49,98;
18:46:18;1172;49,99;
18:46:21;1167;49,99;
18:46:24;1172;50,00;
18:46:27;1171;50,00;
18:46:33;1172;50,00;
18:46:36;1170;50,00;
18:46:39;1174;50,00;
18:46:42;1170;50,00;
18:46:45;1144;50,00;
18:46:48;1162;50,00;
18:46:51;1169;50,00;
18:46:57;1141;50,00;
18:47:00;1159;50,00;
18:47:06;1154;50,00;
18:47:09;1151;50,00;
18:47:12;1158;50,00;
18:47:15;1161;50,00;
18:47:18;1151;49,99;
18:47:21;1147;49,98;
18:47:24;1160;49,98;
18:47:27;1155;49,99;
18:47:30;1160;49,99;
18:47:33;1154;49,99;
18:47:36;1162;49,99;
18:47:39;1160;49,99;
18:47:42;1158;49,99;
18:47:45;1154;49,99;
18:47:48;1159;49,99;
18:47:51;1154;49,99;
18:47:57;1144;49,98;
18:48:03;1155;49,98;
18:48:06;1147;49,98;
18:48:09;1124;49,98;
18:48:12;1140;49,98;
18:48:15;1143;49,98;
18:48:18;1146;49,98;
18:48:24;1129;49,99;
18:48:27;1142;50,00;
18:48:30;1137;50,00;
18:48:33;1118;49,99;
18:48:36;1125;49,99;
18:48:39;1136;49,99;
18:48:42;1130;49,98;
18:48:45;1131;49,98;
18:48:48;1111;49,98;
18:48:51;1129;49,99;
18:48:54;1125;49,99;
18:48:57;1124;50,00;
18:49:00;1102;50,00;
18:49:03;1125;50,00;
18:49:09;1122;50,00;
18:49:12;1108;50,00;
18:49:15;1113;50,00;
18:49:18;1103;49,99;
18:49:21;1104;49,98;
18:49:24;1088;49,98;
18:49:27;1096;49,98;
18:49:30;1092;49,98;
18:49:33;1083;49,97;
18:49:36;1072;49,97;
18:49:39;1079;49,97;
18:49:42;1071;49,96;
18:49:45;1078;49,97;
18:49:48;1067;49,97;
18:49:51;1072;49,97;
18:49:54;1059;49,98;
18:49:57;1060;49,98;
18:50:00;1054;50,00;
18:50:03;1062;50,00;
18:50:06;1058;50,00;
18:50:09;1050;50,00;
18:50:12;1066;49,99;
18:50:15;1064;49,99;
18:50:18;1065;49,98;
18:50:21;1073;49,98;
18:50:24;1065;49,98;
18:50:27;1078;49,98;
18:50:30;1069;49,98;
18:50:33;1077;49,98;
18:50:36;1084;49,99;
18:50:39;1071;49,99;
18:50:45;1075;50,00;
18:50:48;1082;50,00;
18:50:51;1070;50,00;
18:50:54;1075;49,99;
18:51:00;1074;49,98;
18:51:03;1064;49,98;
18:51:06;1072;49,98;
18:51:09;1064;49,98;
18:51:12;1073;49,98;
18:51:15;1058;49,98;
18:51:18;1071;49,98;
18:51:21;1069;49,99;
18:51:24;1066;49,98;
18:51:27;1059;49,98;
18:51:30;1069;49,97;
18:51:33;1054;49,97;
18:51:36;1062;49,96;
18:51:39;1052;49,96;
18:51:42;1060;49,96;
18:51:45;1049;49,97;
18:51:48;1055;49,97;
18:51:51;1050;49,97;
18:51:54;1059;49,98;
18:51:57;1048;49,98;
18:52:00;1060;49,98;
18:52:06;1057;49,99;
18:52:09;1049;49,98;
18:52:12;1059;49,98;
18:52:15;1053;49,98;
18:52:18;1058;49,98;
18:52:21;1043;49,97;
18:52:24;1052;49,97;
18:52:27;1050;49,98;
18:52:30;1043;49,97;
18:52:33;1006;49,97;
18:52:36;1031;49,96;
18:52:39;1014;49,96;
18:52:42;1015;49,96;
18:52:45;991;49,96;
18:52:48;1006;49,96;
18:52:51;994;49,97;
18:52:54;995;49,97;
18:52:57;989;49,97;
18:53:00;1002;49,96;
18:53:03;1007;49,96;
18:53:06;1004;49,96;
18:53:12;1008;49,97;
18:53:15;1013;49,97;
18:53:21;998;49,97;
18:53:24;1017;49,97;
18:53:27;1000;49,97;
18:53:30;1013;49,97;
18:53:33;1011;49,97;
18:53:36;1012;49,96;
18:53:39;1006;49,96;
18:53:42;1013;49,97;
18:53:45;1004;49,97;
18:53:48;1011;49,97;
18:53:51;1010;49,98;
18:53:54;998;49,98;
18:53:57;1000;49,98;
18:54:00;998;49,98;
18:54:03;997;49,98;
18:54:06;990;49,98;
18:54:09;985;49,97;
18:54:12;980;49,97;
18:54:18;973;49,97;
18:54:21;969;49,98;
18:54:24;968;49,97;
18:54:27;967;49,98;
18:54:30;966;49,97;
18:54:33;963;49,97;
18:54:36;956;49,97;
18:54:39;961;49,96;
18:54:42;952;49,96;
18:54:45;951;49,96;
18:54:48;943;49,97;
18:54:51;942;49,97;
18:54:54;936;49,97;
18:54:57;938;49,97;
18:55:03;935;49,98;
18:55:06;930;49,98;
18:55:09;929;49,98;
18:55:12;919;49,97;
18:55:15;914;49,98;
18:55:18;904;49,98;
18:55:21;905;49,98;
18:55:24;908;49,98;
18:55:27;914;49,97;
18:55:30;899;49,97;
18:55:33;915;49,97;
18:55:36;908;49,97;
18:55:39;914;49,97;
18:55:42;899;49,96;
18:55:45;885;49,96;
18:55:48;904;49,96;
18:55:51;909;49,97;
18:55:54;905;49,97;
18:55:57;917;49,97;
18:56:00;918;49,97;
18:56:03;921;49,96;
18:56:09;919;49,96;
18:56:12;920;49,96;
18:56:15;921;49,96;
18:56:24;920;49,97;
18:56:27;917;49,96;
18:56:30;921;49,96;
18:56:33;919;49,97;
18:56:36;920;49,96;
18:56:39;920;49,97;
18:56:45;922;49,97;
18:56:48;929;49,98;
18:56:51;914;49,98;
18:56:54;932;49,98;
18:57:03;935;49,98;
18:57:06;934;49,98;
18:57:09;938;49,98;
18:57:15;937;49,97;
18:57:18;936;49,97;
18:57:21;936;49,98;
18:57:24;936;49,97;
18:57:27;935;49,97;
18:57:33;923;49,96;
18:57:36;938;49,96;
18:57:39;931;49,97;
18:57:42;938;49,97;
18:57:45;941;49,97;
18:57:48;939;49,97;
18:57:51;940;49,97;
18:57:57;926;49,97;
18:58:00;938;49,97;
18:58:03;937;49,96;
18:58:06;935;49,96;
18:58:09;933;49,96;
18:58:12;932;49,96;
18:58:15;928;49,97;
18:58:21;936;49,97;
18:58:24;938;49,97;
18:58:27;934;49,97;
18:58:30;942;49,97;
18:58:33;938;49,98;
18:58:36;943;49,98;
18:58:39;928;49,98;
18:58:42;942;49,98;
18:58:45;936;49,98;
18:58:48;946;49,98;
18:58:51;942;49,98;
18:58:54;946;49,98;
18:58:57;932;49,97;
18:59:00;946;49,97;
18:59:03;941;49,97;
18:59:06;946;49,97;
18:59:12;946;49,98;
18:59:15;945;49,98;
18:59:18;946;49,98;
18:59:21;947;49,98;
18:59:24;929;49,98;
18:59:27;944;49,98;
18:59:30;946;49,97;
18:59:33;948;49,97;
18:59:36;940;49,98;
18:59:39;947;49,98;
18:59:42;933;49,99;
18:59:45;946;49,99;
18:59:48;925;50,00;
18:59:51;952;50,00;
18:59:54;938;50,01;
18:59:57;948;50,01;
19:00:00;945;50,01;
19:00:03;947;50,01;
19:00:06;944;50,02;
19:00:12;944;50,01;
19:00:21;946;50,01;
19:00:24;944;50,01;
19:00:30;934;50,01;
19:00:33;940;50,02;
19:00:36;945;50,02;
19:00:39;947;50,02;
19:00:42;943;50,02;
19:00:45;948;50,03;
19:00:48;937;50,03;
19:00:51;947;50,04;
19:00:54;937;50,04;
19:00:57;946;50,04;
19:01:00;931;50,04;
19:01:03;946;50,04;
19:01:06;941;50,04;
19:01:09;948;50,03;
19:01:12;929;50,03;
19:01:18;936;50,03;
19:01:21;945;50,03;
19:01:24;928;50,04;
19:01:27;943;50,04;
19:01:30;932;50,04;
19:01:33;939;50,04;
19:01:36;918;50,04;
19:01:39;933;50,05;
19:01:42;928;50,05;
19:01:45;932;50,05;
19:01:48;919;50,05;
19:01:51;925;50,04;
19:01:54;919;50,04;
19:01:57;923;50,04;
19:02:00;921;50,04;
19:02:03;924;50,04;
19:02:06;914;50,04;
19:02:09;922;50,04;
19:02:12;906;50,04;
19:02:15;921;50,05;
19:02:18;908;50,04;
19:02:24;901;50,04;
19:02:27;915;50,05;
19:02:30;901;50,05;
19:02:33;913;50,05;
19:02:36;900;50,05;
19:02:39;913;50,05;
19:02:42;914;50,05;
19:02:45;903;50,05;
19:02:48;898;50,04;
19:02:51;903;50,04;
19:02:54;905;50,04;
19:02:57;915;50,04;
19:03:00;897;50,04;
19:03:03;913;50,04;
19:03:06;910;50,03;
19:03:09;908;50,04;
19:03:12;887;50,03;
19:03:15;901;50,03;
19:03:18;889;50,03;
19:03:21;899;50,04;
19:03:24;881;50,04;
19:03:30;888;50,04;
19:03:33;894;50,04;
19:03:36;895;50,04;
19:03:39;889;50,04;
19:03:42;887;50,03;
19:03:45;897;50,03;
19:03:48;903;50,03;
19:03:51;891;50,03;
19:03:54;900;50,03;
19:03:57;893;50,03;
19:04:00;899;50,03;
19:04:03;881;50,04;
19:04:06;896;50,04;
19:04:09;884;50,04;
19:04:15;885;50,04;
19:04:18;889;50,04;
19:04:21;886;50,04;
19:04:24;895;50,04;
19:04:27;879;50,04;
19:04:30;896;50,04;
19:04:33;895;50,04;
19:04:36;884;50,03;
19:04:39;875;50,02;
19:04:42;892;50,02;
19:04:45;880;50,03;
19:04:48;885;50,03;
19:04:51;874;50,04;
19:04:54;891;50,04;
19:04:57;884;50,04;
19:05:00;881;50,04;
19:05:03;880;50,04;
19:05:06;877;50,04;
19:05:09;876;50,04;
19:05:12;883;50,03;
19:05:15;868;50,03;
19:05:21;873;50,02;
19:05:24;874;50,02;
19:05:27;876;50,02;
19:05:33;872;50,02;
19:05:36;874;50,02;
19:05:39;872;50,03;
19:05:42;864;50,03;
19:05:45;866;50,03;
19:05:48;867;50,03;
19:05:51;864;50,03;
19:05:54;867;50,03;
19:05:57;863;50,03;
19:06:00;868;50,03;
19:06:03;867;50,03;
19:06:06;862;50,03;
19:06:09;861;50,03;
19:06:12;863;50,03;
19:06:15;864;50,03;
19:06:18;861;50,03;
19:06:21;858;50,03;
19:06:27;862;50,02;
19:06:30;859;50,02;
19:06:36;863;50,02;
19:06:39;863;50,01;
19:06:42;859;50,01;
19:06:45;864;50,01;
19:06:48;862;50,02;
19:06:51;855;50,03;
19:06:54;860;50,03;
19:06:57;864;50,03;
19:07:00;861;50,03;
19:07:03;860;50,03;
19:07:06;866;50,02;
19:07:09;864;50,02;
19:07:12;859;50,03;
19:07:15;869;50,03;
19:07:18;866;50,03;
19:07:21;868;50,02;
19:07:24;867;50,02;
19:07:27;870;50,01;
19:07:33;867;50,01;
19:07:36;868;50,01;
19:07:39;870;50,01;
19:07:42;871;50,01;
19:07:45;870;50,01;
19:07:48;870;50,02;
19:07:54;870;50,03;
19:07:57;871;50,03;
19:08:00;869;50,03;
19:08:03;871;50,03;
19:08:06;869;50,03;
19:08:09;868;50,03;
19:08:12;863;50,03;
19:08:18;872;50,03;
19:08:21;868;50,03;
19:08:24;865;50,02;
19:08:27;870;50,02;
19:08:30;872;50,01;
19:08:33;867;50,01;
19:08:36;870;50,01;
19:08:39;864;50,01;
19:08:42;871;50,01;
19:08:45;869;50,01;
19:08:48;868;50,01;
19:08:51;867;50,01;
19:08:57;871;50,01;
19:09:00;870;50,01;
19:09:03;870;50,00;
19:09:06;873;50,00;
19:09:09;867;50,00;
19:09:12;862;50,01;
19:09:15;870;50,01;
19:09:18;871;50,01;
19:09:24;862;50,01;
19:09:27;870;50,01;
19:09:30;871;50,01;
19:09:33;863;50,01;
19:09:36;860;50,00;
19:09:39;868;50,00;
19:09:42;871;50,00;
19:09:45;869;50,00;
19:09:48;864;50,00;
19:09:51;862;50,00;
19:09:54;864;50,00;
19:09:57;866;50,00;
19:10:00;864;50,01;
19:10:03;860;50,01;
19:10:06;867;50,01;
19:10:09;868;50,01;
19:10:12;870;50,01;
19:10:15;859;50,01;
19:10:18;865;50,01;
19:10:21;864;50,01;
19:10:24;865;50,00;
19:10:30;862;50,00;
19:10:33;863;50,00;
19:10:36;864;50,00;
19:10:39;858;50,00;
19:10:42;864;50,00;
19:10:45;862;50,00;
19:10:54;863;50,00;
19:10:57;862;49,99;
19:11:00;864;50,00;
19:11:03;854;50,00;
19:11:06;862;50,00;
19:11:09;861;50,00;
19:11:12;859;49,99;
19:11:15;852;50,00;
19:11:18;860;50,00;
19:11:21;856;50,00;
19:11:24;857;50,00;
19:11:27;849;49,99;
19:11:30;855;49,99;
19:11:36;855;49,98;
19:11:39;831;49,98;
19:11:42;850;49,98;
19:11:45;845;49,98;
19:11:48;850;49,98;
19:11:51;843;49,98;
19:11:54;841;49,98;
19:11:57;847;49,98;
19:12:00;848;50,00;
19:12:03;852;50,00;
19:12:06;845;50,00;
19:12:09;839;49,99;
19:12:12;843;49,98;
19:12:18;834;49,98;
19:12:21;840;49,99;
19:12:24;831;50,00;
19:12:27;835;50,00;
19:12:30;832;49,99;
19:12:33;831;49,99;
19:12:36;830;49,99;
19:12:42;829;49,98;
19:12:45;831;49,98;
19:12:48;820;49,98;
19:12:51;825;49,97;
19:12:54;819;49,97;
19:12:57;827;49,97;
19:13:00;822;49,98;
19:13:03;822;49,97;
19:13:06;817;49,97;
19:13:09;818;49,97;
19:13:15;819;49,97;
19:13:18;825;49,98;
19:13:21;824;49,98;
19:13:27;818;49,98;
19:13:30;813;49,98;
19:13:33;810;49,97;
19:13:36;811;49,97;
19:13:39;816;49,97;
19:13:42;812;49,97;
19:13:45;816;49,97;
19:13:51;811;49,98;
19:13:54;803;49,98;
19:13:57;803;49,97;
19:14:03;814;49,97;
19:14:06;806;49,97;
19:14:09;812;49,97;
19:14:12;809;49,98;
19:14:18;799;49,98;
19:14:24;791;49,97;
19:14:27;786;49,96;
19:14:33;775;49,96;
19:14:36;773;49,96;
19:14:39;770;49,96;
19:14:42;768;49,96;
19:14:45;777;49,96;
19:14:48;772;49,96;
19:14:51;772;49,97;
19:14:54;775;49,96;
19:14:57;776;49,97;
19:15:00;769;49,97;
19:15:06;759;49,98;
19:15:09;766;49,97;
19:15:12;762;49,97;
19:15:15;752;49,97;
19:15:18;748;49,97;
19:15:21;734;49,97;
19:15:24;733;49,97;
19:15:27;728;49,97;
19:15:30;729;49,97;
19:15:33;733;49,96;
19:15:39;728;49,97;
19:15:42;729;49,97;
19:15:45;733;49,97;
19:15:48;739;49,97;
19:15:51;745;49,97;
19:15:54;747;49,97;
19:15:57;740;49,96;
19:16:00;750;49,96;
19:16:03;755;49,97;
19:16:06;761;49,98;
19:16:09;766;49,98;
19:16:12;773;49,97;
19:16:15;770;49,97;
19:16:18;773;49,96;
19:16:21;742;49,96;
19:16:24;756;49,96;
19:16:30;757;49,96;
19:16:36;758;49,96;
19:16:39;758;49,95;
19:16:45;772;49,96;
19:16:48;775;49,96;
19:16:51;773;49,96;
19:16:54;775;49,96;
19:16:57;775;49,97;
19:17:00;778;49,97;
19:17:06;773;49,97;
19:17:09;772;49,98;
19:17:12;778;49,98;
19:17:15;781;49,98;
19:17:18;780;49,98;
19:17:21;776;49,97;
19:17:24;778;49,97;
19:17:30;772;49,97;
19:17:33;769;49,97;
19:17:36;766;49,97;
19:17:42;762;49,96;
19:17:45;764;49,96;
19:17:48;757;49,97;
19:17:51;763;49,97;
19:17:54;757;49,98;
19:17:57;758;49,98;
19:18:00;759;49,98;
19:18:03;761;49,97;
19:18:06;760;49,97;
19:18:09;764;49,97;
19:18:12;763;49,97;
19:18:15;764;49,97;
19:18:18;770;49,97;
19:18:21;772;49,96;
19:18:24;776;49,96;
19:18:27;777;49,96;
19:18:30;781;49,96;
19:18:36;786;49,96;
19:18:39;787;49,96;
19:18:42;788;49,96;
19:18:45;790;49,96;
19:18:48;792;49,96;
19:18:51;793;49,96;
19:18:54;791;49,96;
19:18:57;787;49,96;
19:19:00;798;49,95;
19:19:03;799;49,96;
19:19:06;802;49,95;
19:19:09;804;49,95;
19:19:12;805;49,95;
19:19:18;806;49,96;
19:19:21;805;49,96;
19:19:24;795;49,96;
19:19:27;800;49,96;
19:19:30;810;49,95;
19:19:36;807;49,95;
19:19:42;819;49,96;
19:19:45;818;49,96;
19:19:48;818;49,97;
19:19:51;819;49,97;
19:19:54;820;49,97;
19:19:57;822;49,97;
19:20:00;810;49,97;
19:20:03;818;49,97;
19:20:06;818;49,96;
19:20:09;823;49,96;
19:20:12;816;49,96;
19:20:15;823;49,97;
19:20:18;817;49,97;
19:20:21;821;49,97;
19:20:24;814;49,97;
19:20:27;821;49,96;
19:20:30;820;49,97;
19:20:33;819;49,97;
19:20:36;806;49,97;
19:20:39;814;49,97;
19:20:42;813;49,97;
19:20:48;805;49,96;
19:20:51;811;49,96;
19:20:54;804;49,96;
19:20:57;809;49,96;
19:21:00;803;49,95;
19:21:03;808;49,95;
19:21:06;807;49,95;
19:21:09;800;49,95;
19:21:12;797;49,96;
19:21:15;800;49,96;
19:21:18;786;49,97;
19:21:21;792;49,96;
19:21:24;782;49,97;
19:21:27;784;49,97;
19:21:30;782;49,97;
19:21:33;778;49,97;
19:21:36;774;49,97;
19:21:39;778;49,98;
19:21:42;775;49,98;
19:21:45;784;49,98;
19:21:51;782;49,98;
19:21:54;783;49,98;
19:21:57;788;49,99;
19:22:00;798;50,00;
19:22:06;802;50,00;
19:22:09;805;50,00;
19:22:12;808;49,99;
19:22:15;810;49,99;
19:22:18;813;49,98;
19:22:21;812;49,99;
19:22:24;809;49,99;
19:22:27;803;49,98;
19:22:30;809;49,98;
19:22:33;815;49,97;
19:22:39;807;49,97;
19:22:42;813;49,97;
19:22:45;812;49,98;
19:22:48;814;49,98;
19:22:51;808;49,98;
19:22:54;812;49,98;
19:23:00;806;49,98;
19:23:03;802;49,99;
19:23:06;807;50,00;
19:23:09;801;50,00;
19:23:12;805;50,00;
19:23:15;797;50,00;
19:23:18;802;49,99;
19:23:21;797;49,99;
19:23:24;803;49,99;
19:23:27;793;50,00;
19:23:30;801;50,00;
19:23:33;798;50,00;
19:23:36;801;50,00;
19:23:39;793;49,99;
19:23:48;798;49,99;
19:23:51;789;50,00;
19:23:54;800;50,00;
19:23:57;797;50,01;
19:24:00;800;50,00;
19:24:03;801;50,01;
19:24:06;793;50,01;
19:24:09;790;50,00;
19:24:12;794;50,00;
19:24:15;787;49,99;
19:24:18;792;49,99;
19:24:21;785;49,99;
19:24:24;789;49,99;
19:24:27;790;49,98;
19:24:30;789;49,98;
19:24:33;784;49,98;
19:24:36;786;49,98;
19:24:39;784;49,98;
19:24:42;789;49,98;
19:24:45;782;49,98;
19:24:51;779;49,99;
19:24:54;788;49,98;
19:24:57;782;49,98;
19:25:03;778;49,98;
19:25:09;783;49,98;
19:25:12;776;49,98;
19:25:15;779;49,98;
19:25:18;775;49,98;
19:25:24;779;49,97;
19:25:27;784;49,97;
19:25:30;774;49,97;
19:25:33;780;49,97;
19:25:36;773;49,97;
19:25:39;779;49,97;
19:25:42;774;49,98;
19:25:45;776;49,98;
19:25:48;749;49,98;
19:25:51;764;49,98;
19:25:57;776;49,98;
19:26:00;771;49,97;
19:26:03;776;49,97;
19:26:06;774;49,97;
19:26:09;777;49,97;
19:26:12;770;49,97;
19:26:15;776;49,98;
19:26:21;779;49,98;
19:26:24;771;49,98;
19:26:27;777;49,98;
19:26:30;772;49,98;
19:26:33;777;49,99;
19:26:36;770;50,00;
19:26:42;772;50,00;
19:26:45;778;50,00;
19:26:48;773;50,00;
19:26:54;770;50,00;
19:26:57;777;50,00;
19:27:00;778;50,00;
19:27:03;772;50,00;
19:27:06;776;50,00;
19:27:09;774;50,00;
19:27:12;772;49,99;
19:27:15;779;49,98;
19:27:18;782;49,98;
19:27:21;778;49,98;
19:27:24;783;49,99;
19:27:27;782;49,99;
19:27:30;788;50,00;
19:27:33;780;50,00;
19:27:36;788;49,99;
19:27:39;781;49,99;
19:27:42;790;49,99;
19:27:48;788;49,99;
19:27:51;791;49,99;
19:27:54;779;49,98;
19:27:57;790;49,98;
19:28:00;782;49,98;
19:28:03;784;49,98;
19:28:06;791;49,98;
19:28:09;788;49,98;
19:28:12;783;49,97;
19:28:15;787;49,97;
19:28:18;792;49,98;
19:28:21;788;49,98;
19:28:24;788;49,99;
19:28:27;788;49,98;
19:28:30;795;49,99;
19:28:33;790;49,99;
19:28:36;798;49,99;
19:28:39;793;49,99;
19:28:42;798;49,99;
19:28:45;792;50,00;
19:28:48;801;50,00;
19:28:54;798;50,00;
19:28:57;796;49,99;
19:29:00;802;50,00;
19:29:03;798;49,99;
19:29:06;804;49,99;
19:29:09;798;49,99;
19:29:12;801;49,98;
19:29:15;802;49,98;
19:29:18;806;49,98;
19:29:21;800;49,98;
19:29:24;808;49,98;
19:29:27;804;49,97;
19:29:30;808;49,97;
19:29:33;802;49,97;
19:29:36;805;49,97;
19:29:39;804;49,98;
19:29:42;811;49,98;
19:29:45;806;49,97;
19:29:48;811;49,98;
19:29:51;802;49,98;
19:29:54;811;49,98;
19:30:00;815;49,98;
19:30:03;808;49,98;
19:30:06;816;49,98;
19:30:09;805;49,99;
19:30:12;816;49,99;
19:30:15;814;49,99;
19:30:18;809;49,98;
19:30:21;817;49,98;
19:30:24;817;49,97;
19:30:27;819;49,96;
19:30:30;818;49,96;
19:30:33;812;49,96;
19:30:36;817;49,97;
19:30:39;819;49,97;
19:30:42;817;49,97;
19:30:45;819;49,98;
19:30:48;813;49,98;
19:30:51;818;49,97;
19:30:54;816;49,97;
19:30:57;818;49,96;
19:31:00;810;49,96;
19:31:03;818;49,96;
19:31:06;819;49,96;
19:31:09;818;49,96;
19:31:12;811;49,96;
19:31:15;819;49,96;
19:31:18;816;49,96;
19:31:21;818;49,97;
19:31:24;811;49,97;
19:31:27;815;49,97;
19:31:36;808;49,97;
19:31:39;814;49,97;
19:31:42;810;49,97;
19:31:45;814;49,97;
19:31:54;806;49,97;
19:31:57;813;49,98;
19:32:00;806;49,98;
19:32:03;810;49,99;
19:32:06;806;49,99;
19:32:09;807;49,99;
19:32:12;809;49,99;
19:32:15;810;49,98;
19:32:18;806;49,98;
19:32:21;805;49,98;
19:32:24;797;49,98;
19:32:27;804;49,97;
19:32:33;795;49,96;
19:32:36;795;49,97;
19:32:39;799;49,97;
19:32:42;795;49,97;
19:32:45;793;49,98;
19:32:48;784;49,97;
19:32:51;792;49,98;
19:32:57;789;49,99;
19:33:00;780;49,99;
19:33:03;787;50,00;
19:33:06;743;49,99;
19:33:09;769;49,98;
19:33:12;772;49,98;
19:33:15;779;49,98;
19:33:18;783;49,98;
19:33:21;781;49,97;
19:33:24;770;49,98;
19:33:27;778;49,98;
19:33:30;778;49,97;
19:33:33;777;49,98;
19:33:36;775;49,97;
19:33:39;764;49,97;
19:33:42;774;49,98;
19:33:45;772;49,98;
19:33:48;771;49,98;
19:33:54;770;49,98;
19:33:57;768;49,98;
19:34:03;767;49,98;
19:34:06;766;49,98;
19:34:09;766;49,99;
19:34:12;765;49,98;
19:34:18;764;49,98;
19:34:21;764;49,97;
19:34:24;762;49,97;
19:34:27;763;49,97;
19:34:33;759;49,97;
19:34:36;760;49,97;
19:34:39;760;49,98;
19:34:42;760;49,97;
19:34:45;758;49,97;
19:34:51;757;49,97;
19:34:54;758;49,97;
19:34:57;751;49,97;
19:35:00;755;49,97;
19:35:09;752;49,97;
19:35:12;754;49,97;
19:35:15;747;49,97;
19:35:18;753;49,97;
19:35:21;745;49,96;
19:35:24;749;49,96;
19:35:27;746;49,96;
19:35:30;741;49,97;
19:35:33;744;49,97;
19:35:36;747;49,97;
19:35:39;748;49,97;
19:35:42;747;49,98;
19:35:45;748;49,98;
19:35:48;745;49,98;
19:35:54;746;49,98;
19:36:00;745;49,98;
19:36:03;746;49,98;
19:36:06;745;49,98;
19:36:09;744;49,98;
19:36:12;743;49,98;
19:36:15;746;49,98;
19:36:18;742;49,98;
19:36:21;743;49,98;
19:36:24;741;49,98;
19:36:27;742;49,98;
19:36:33;740;49,98;
19:36:36;738;49,98;
19:36:39;741;49,98;
19:36:45;740;49,98;
19:36:48;737;49,98;
19:36:54;738;49,98;
19:37:00;737;49,98;
19:37:06;735;49,98;
19:37:09;734;49,98;
19:37:12;727;49,98;
19:37:15;731;49,97;
19:37:18;730;49,97;
19:37:21;725;49,97;
19:37:24;724;49,97;
19:37:27;725;49,96;
19:37:30;722;49,96;
19:37:33;721;49,96;
19:37:36;712;49,97;
19:37:39;713;49,97;
19:37:42;709;49,98;
19:37:45;708;49,98;
19:37:48;701;49,98;
19:37:54;698;49,98;
19:37:57;697;49,98;
19:38:00;696;49,99;
19:38:06;689;49,98;
19:38:09;693;49,98;
19:38:12;691;49,98;
19:38:15;690;49,98;
19:38:18;686;49,98;
19:38:24;684;49,98;
19:38:27;680;49,98;
19:38:30;686;49,99;
19:38:33;683;50,00;
19:38:36;679;50,00;
19:38:39;683;50,00;
19:38:42;680;50,00;
19:38:45;681;50,00;
19:38:48;678;50,00;
19:38:51;676;49,99;
19:38:54;674;49,99;
19:38:57;676;49,99;
19:39:00;674;50,00;
19:39:03;672;50,00;
19:39:06;665;50,00;
19:39:12;665;49,99;
19:39:15;664;49,99;
19:39:18;656;49,99;
19:39:21;657;49,99;
19:39:24;656;49,99;
19:39:27;651;49,98;
19:39:30;650;49,98;
19:39:33;644;49,98;
19:39:36;648;49,99;
19:39:39;647;49,99;
19:39:42;640;49,99;
19:39:45;642;49,99;
19:39:48;644;49,99;
19:39:57;645;49,99;
19:40:00;643;49,99;
19:40:03;640;49,99;
19:40:06;640;49,98;
19:40:09;635;49,98;
19:40:12;638;49,98;
19:40:15;637;49,98;
19:40:18;635;49,98;
19:40:21;634;49,99;
19:40:24;638;49,99;
19:40:27;635;49,99;
19:40:30;630;49,99;
19:40:33;629;49,98;
19:40:36;631;49,98;
19:40:45;625;49,98;
19:40:48;627;49,98;
19:40:51;618;49,98;
19:40:54;623;49,98;
19:40:57;609;49,98;
19:41:03;611;49,98;
19:41:06;607;49,99;
19:41:09;606;50,00;
19:41:12;605;50,00;
19:41:15;602;50,00;
19:41:18;604;50,00;
19:41:24;601;50,00;
19:41:27;589;50,00;
19:41:30;592;49,99;
19:41:33;591;49,99;
19:41:36;589;49,99;
19:41:39;580;49,99;
19:41:45;582;49,99;
19:41:48;579;49,98;
19:41:51;577;49,98;
19:41:57;574;49,98;
19:42:00;576;49,98;
19:42:03;575;49,98;
19:42:09;580;49,99;
19:42:12;579;49,99;
19:42:15;576;49,99;
19:42:18;582;49,99;
19:42:21;581;50,00;
19:42:24;580;50,00;
19:42:27;582;50,00;
19:42:30;576;50,00;
19:42:33;580;49,99;
19:42:36;578;49,99;
19:42:39;571;49,99;
19:42:42;580;49,99;
19:42:45;579;49,99;
19:42:48;578;49,98;
19:42:51;577;49,98;
19:42:54;575;49,98;
19:42:57;571;49,98;
19:43:00;572;49,98;
19:43:03;564;49,99;
19:43:06;569;49,99;
19:43:09;563;49,98;
19:43:15;560;49,98;
19:43:21;563;49,97;
19:43:24;560;49,97;
19:43:27;557;49,97;
19:43:30;560;49,97;
19:43:33;562;49,96;
19:43:36;564;49,96;
19:43:39;559;49,97;
19:43:42;561;49,97;
19:43:45;566;49,97;
19:43:48;547;49,97;
19:43:51;562;49,97;
19:43:54;558;49,97;
19:43:57;561;49,96;
19:44:00;560;49,96;
19:44:03;558;49,96;
19:44:06;554;49,96;
19:44:09;557;49,97;
19:44:12;559;49,97;
19:44:15;557;49,97;
19:44:21;549;49,98;
19:44:24;553;49,96;
19:44:27;549;49,96;
19:44:30;546;49,95;
19:44:33;550;49,95;
19:44:36;547;49,96;
19:44:39;544;49,96;
19:44:45;541;49,97;
19:44:48;521;49,97;
19:44:51;534;49,98;
19:44:54;532;49,98;
19:44:57;501;49,98;
19:45:00;518;49,98;
19:45:06;521;49,98;
19:45:09;526;49,98;
19:45:12;524;49,98;
19:45:15;523;49,97;
19:45:18;513;49,97;
19:45:21;516;49,97;
19:45:24;518;49,97;
19:45:27;516;49,98;
19:45:30;515;49,98;
19:45:33;511;49,98;
19:45:36;507;49,98;
19:45:39;511;49,98;
19:45:42;499;49,98;
19:45:45;504;49,98;
19:45:48;505;49,98;
19:45:51;500;49,98;
19:45:57;493;49,98;
19:46:00;495;49,98;
19:46:03;499;49,98;
19:46:06;497;49,98;
19:46:12;495;49,98;
19:46:15;490;49,98;
19:46:21;483;49,98;
19:46:24;487;49,98;
19:46:27;486;49,97;
19:46:30;487;49,97;
19:46:33;489;49,98;
19:46:36;490;49,98;
19:46:39;485;49,98;
19:46:42;488;49,99;
19:46:45;487;49,99;
19:46:48;485;49,99;
19:46:51;482;49,99;
19:46:54;487;49,99;
19:46:57;486;49,98;
19:47:00;483;49,99;
19:47:03;479;49,99;
19:47:06;481;49,99;
19:47:09;480;49,99;
19:47:12;483;49,99;
19:47:18;475;49,99;
19:47:21;469;49,99;
19:47:24;475;49,99;
19:47:27;479;49,99;
19:47:33;480;49,99;
19:47:42;470;50,00;
19:47:45;465;49,99;
19:47:48;470;49,99;
19:47:51;476;49,99;
19:47:54;475;49,99;
19:47:57;477;49,98;
19:48:00;475;49,98;
19:48:03;471;49,98;
19:48:06;475;49,98;
19:48:09;470;49,98;
19:48:12;474;49,98;
19:48:15;468;49,98;
19:48:18;472;49,98;
19:48:24;470;49,98;
19:48:27;472;49,98;
19:48:30;475;49,98;
19:48:33;467;49,98;
19:48:39;462;49,98;
19:48:42;465;49,98;
19:48:45;468;49,98;
19:48:48;469;49,99;
19:48:51;466;49,99;
19:48:57;469;49,98;
19:49:03;471;49,98;
19:49:09;467;49,98;
19:49:12;465;49,98;
19:49:15;466;49,98;
19:49:18;459;49,98;
19:49:21;461;49,98;
19:49:24;462;49,98;
19:49:30;460;49,98;
19:49:33;462;49,98;
19:49:36;464;49,99;
19:49:39;461;49,99;
19:49:42;457;50,00;
19:49:45;462;49,99;
19:49:48;457;49,99;
19:49:54;451;49,98;
19:49:57;457;49,98;
19:50:03;457;49,99;
19:50:06;453;49,99;
19:50:09;455;49,99;
19:50:18;449;49,99;
19:50:21;452;49,99;
19:50:27;456;50,00;
19:50:30;445;50,00;
19:50:33;451;50,00;
19:50:36;452;50,00;
19:50:39;451;49,99;
19:50:42;443;49,99;
19:50:45;450;49,99;
19:50:48;452;49,99;
19:50:51;450;49,99;
19:50:54;445;49,99;
19:50:57;447;49,99;
19:51:00;449;49,98;
19:51:03;450;49,98;
19:51:06;449;49,98;
19:51:09;450;49,98;
19:51:12;452;49,98;
19:51:15;450;49,98;
19:51:21;453;49,99;
19:51:24;452;49,99;
19:51:27;450;49,99;
19:51:30;440;49,99;
19:51:33;451;49,99;
19:51:36;449;49,99;
19:51:39;446;49,99;
19:51:42;452;49,99;
19:51:45;451;50,00;
19:51:48;453;50,00;
19:51:51;452;50,00;
19:51:54;450;50,00;
19:51:57;453;50,00;
19:52:00;454;50,00;
19:52:06;451;49,99;
19:52:09;452;49,99;
19:52:15;453;49,99;
19:52:27;453;49,98;
19:52:30;457;49,98;
19:52:33;455;49,98;
19:52:36;457;49,98;
19:52:39;456;49,98;
19:52:45;450;49,98;
19:52:48;455;49,98;
19:52:51;454;49,98;
19:52:54;457;49,98;
19:52:57;454;49,98;
19:53:00;456;49,98;
19:53:06;453;49,98;
19:53:09;448;49,98;
19:53:12;453;49,98;
19:53:15;453;49,97;
19:53:18;456;49,98;
19:53:21;453;49,98;
19:53:24;457;49,98;
19:53:27;454;49,98;
19:53:30;457;49,98;
19:53:33;459;49,98;
19:53:36;457;49,98;
19:53:39;456;49,98;
19:53:42;460;49,97;
19:53:45;452;49,98;
19:53:48;456;49,98;
19:53:51;458;49,98;
19:53:54;453;49,98;
19:53:57;419;49,98;
19:54:00;436;49,98;
19:54:03;438;49,98;
19:54:06;453;49,98;
19:54:09;457;49,98;
19:54:12;459;49,98;
19:54:24;458;49,98;
19:54:30;459;49,98;
19:54:33;460;49,98;
19:54:36;457;49,98;
19:54:39;462;49,97;
19:54:42;462;49,98;
19:54:48;459;49,98;
19:54:51;458;49,99;
19:54:54;457;50,00;
19:55:00;455;50,00;
19:55:03;460;50,00;
19:55:06;463;50,00;
19:55:09;461;50,00;
19:55:12;460;50,00;
19:55:15;459;50,00;
19:55:18;460;49,99;
19:55:24;454;49,99;
19:55:27;456;49,99;
19:55:30;450;49,99;
19:55:33;457;49,98;
19:55:36;453;49,98;
19:55:39;454;49,98;
19:55:42;459;49,98;
19:55:45;458;49,98;
19:55:48;463;49,98;
19:55:51;464;49,98;
19:55:54;461;49,98;
19:55:57;464;49,98;
19:56:00;463;49,98;
19:56:03;461;49,98;
19:56:06;454;49,98;
19:56:09;461;49,98;
19:56:12;463;49,98;
19:56:15;466;49,98;
19:56:18;468;49,98;
19:56:24;465;49,98;
19:56:30;469;49,98;
19:56:33;467;49,97;
19:56:36;470;49,98;
19:56:39;465;49,98;
19:56:42;468;49,98;
19:56:45;469;49,98;
19:56:48;470;49,98;
19:56:51;467;49,98;
19:56:54;466;49,98;
19:56:57;470;49,98;
19:57:00;468;49,98;
19:57:03;469;49,99;
19:57:06;463;49,99;
19:57:09;470;49,99;
19:57:15;471;49,99;
19:57:18;466;49,98;
19:57:21;473;49,98;
19:57:24;475;49,98;
19:57:27;472;49,98;
19:57:30;464;49,98;
19:57:36;473;49,98;
19:57:39;472;49,98;
19:57:42;466;49,98;
19:57:45;470;49,98;
19:57:48;476;49,99;
19:57:51;472;49,99;
19:57:57;466;49,99;
19:58:00;473;49,99;
19:58:03;472;50,00;
19:58:06;473;50,00;
19:58:12;474;49,99;
19:58:15;476;49,98;
19:58:21;474;49,98;
19:58:24;475;49,98;
19:58:27;474;49,97;
19:58:33;470;49,98;
19:58:36;476;49,98;
19:58:39;475;49,98;
19:58:42;472;49,98;
19:58:45;475;49,98;
19:58:48;477;49,99;
19:58:51;473;49,99;
19:58:54;477;49,99;
19:58:57;470;49,99;
19:59:00;474;49,99;
19:59:09;468;49,99;
19:59:12;475;49,99;
19:59:15;450;50,00;
19:59:18;449;50,00;
19:59:21;465;50,00;
19:59:27;476;50,00;
19:59:30;474;50,00;
19:59:33;468;50,00;
19:59:36;471;50,00;
19:59:39;475;50,00;
19:59:42;474;50,00;
19:59:45;473;50,00;
19:59:48;467;50,00;
19:59:51;474;50,00;
19:59:54;472;50,00;
19:59:57;467;50,00;
20:00:00;474;50,00;
20:00:03;475;49,99;
20:00:06;474;49,99;
20:00:12;477;49,99;
20:00:18;472;50,00;
20:00:21;466;50,00;
20:00:24;467;50,01;
20:00:27;467;50,00;
20:00:33;466;50,00;
20:00:36;467;50,00;
20:00:39;475;50,00;
20:00:45;470;50,01;
20:00:48;476;50,01;
20:00:51;477;50,01;
20:00:54;475;50,01;
20:00:57;465;50,01;
20:01:00;471;50,01;
20:01:06;470;50,01;
20:01:09;467;50,00;
20:01:12;468;50,00;
20:01:15;473;50,00;
20:01:18;471;50,01;
20:01:21;468;50,01;
20:01:27;471;50,01;
20:01:30;468;50,00;
20:01:33;465;50,00;
20:01:39;470;50,00;
20:01:42;465;50,00;
20:01:45;461;50,00;
20:01:48;466;50,00;
20:01:51;469;50,01;
20:01:54;464;50,00;
20:01:57;468;50,00;
20:02:00;462;50,00;
20:02:03;468;50,00;
20:02:06;464;50,00;
20:02:09;466;50,00;
20:02:12;459;50,00;
20:02:15;460;49,99;
20:02:18;465;50,00;
20:02:21;459;50,00;
20:02:24;454;50,00;
20:02:27;462;49,99;
20:02:30;464;49,99;
20:02:33;460;49,99;
20:02:36;455;49,98;
20:02:39;459;49,98;
20:02:42;457;49,98;
20:02:48;448;49,98;
20:02:51;452;49,98;
20:02:54;456;49,98;
20:02:57;451;49,98;
20:03:00;451;50,00;
20:03:03;460;50,01;
20:03:06;461;50,01;
20:03:09;449;50,02;
20:03:12;443;50,01;
20:03:15;449;50,01;
20:03:18;445;50,00;
20:03:21;444;50,00;
20:03:24;437;50,00;
20:03:30;445;50,00;
20:03:36;435;49,99;
20:03:39;439;49,99;
20:03:42;440;49,98;
20:03:45;437;49,98;
20:03:48;440;49,98;
20:03:51;441;49,98;
20:03:54;437;49,99;
20:03:57;436;49,99;
20:04:00;438;49,99;
20:04:03;431;49,99;
20:04:06;429;49,98;
20:04:09;434;49,99;
20:04:12;429;49,99;
20:04:15;424;49,99;
20:04:18;429;49,98;
20:04:21;432;49,98;
20:04:24;428;49,99;
20:04:27;417;49,99;
20:04:30;427;50,00;
20:04:36;421;50,00;
20:04:39;416;50,00;
20:04:42;420;49,99;
20:04:45;422;49,99;
20:04:48;421;50,00;
20:04:51;423;50,00;
20:04:54;422;50,00;
20:04:57;423;50,00;
20:05:00;419;50,00;
20:05:03;417;50,01;
20:05:06;410;50,01;
20:05:09;415;50,02;
20:05:12;412;50,02;
20:05:15;414;50,01;
20:05:21;407;50,01;
20:05:24;409;50,00;
20:05:27;407;50,00;
20:05:30;405;50,00;
20:05:33;398;50,00;
20:05:36;405;50,00;
20:05:42;403;50,00;
20:05:45;395;50,00;
20:05:48;400;50,00;
20:05:51;399;50,00;
20:05:54;397;50,00;
20:05:57;390;50,00;
20:06:00;396;50,00;
20:06:03;398;50,00;
20:06:06;391;50,00;
20:06:09;386;50,00;
20:06:12;388;50,00;
20:06:15;387;50,00;
20:06:21;385;50,00;
20:06:24;389;50,00;
20:06:27;384;50,00;
20:06:30;388;50,00;
20:06:33;381;50,00;
20:06:36;387;50,01;
20:06:39;383;50,01;
20:06:42;384;50,01;
20:06:48;384;50,02;
20:06:51;382;50,02;
20:06:54;360;50,02;
20:06:57;362;50,01;
20:07:00;374;50,01;
20:07:03;379;50,02;
20:07:06;378;50,02;
20:07:09;382;50,02;
20:07:12;378;50,02;
20:07:15;382;50,02;
20:07:18;382;50,01;
20:07:21;383;50,01;
20:07:24;382;50,01;
20:07:27;383;50,01;
20:07:33;380;50,01;
20:07:36;376;50,01;
20:07:39;380;50,01;
20:07:45;382;50,00;
20:07:48;375;50,00;
20:07:51;382;50,00;
20:07:54;383;50,00;
20:07:57;387;50,01;
20:08:00;379;50,01;
20:08:03;388;50,01;
20:08:06;385;50,01;
20:08:09;390;50,01;
20:08:12;382;50,01;
20:08:15;389;50,01;
20:08:18;384;50,00;
20:08:21;388;50,00;
20:08:24;382;50,00;
20:08:27;389;50,01;
20:08:30;386;50,01;
20:08:33;389;50,01;
20:08:39;394;50,01;
20:08:45;395;50,00;
20:08:48;386;50,00;
20:08:51;396;50,00;
20:08:54;402;50,00;
20:08:57;395;50,00;
20:09:00;401;50,00;
20:09:03;404;50,00;
20:09:06;399;50,00;
20:09:09;404;50,00;
20:09:12;396;50,00;
20:09:15;405;50,00;
20:09:21;406;50,00;
20:09:24;400;50,00;
20:09:27;409;50,01;
20:09:33;410;50,01;
20:09:36;407;50,01;
20:09:39;385;50,00;
20:09:45;402;50,00;
20:09:48;406;50,00;
20:09:51;409;50,00;
20:09:54;414;50,00;
20:09:57;415;50,00;
20:10:00;408;50,00;
20:10:03;415;50,00;
20:10:06;418;50,00;
20:10:09;420;50,01;
20:10:12;414;50,01;
20:10:15;421;50,00;
20:10:18;420;50,00;
20:10:21;424;50,00;
20:10:27;422;50,00;
20:10:30;426;50,00;
20:10:33;424;50,01;
20:10:39;427;50,01;
20:10:45;365;50,01;
20:10:51;407;50,01;
20:10:54;410;50,01;
20:10:57;430;50,01;
20:11:00;432;50,01;
20:11:03;433;50,01;
20:11:06;432;50,01;
20:11:09;428;50,01;
20:11:12;430;50,01;
20:11:15;428;50,01;
20:11:18;433;50,01;
20:11:21;431;50,01;
20:11:24;434;50,01;
20:11:27;433;50,01;
20:11:30;428;50,01;
20:11:33;422;50,01;
20:11:36;433;50,00;
20:11:42;434;50,00;
20:11:45;433;50,00;
20:11:48;435;50,01;
20:11:51;428;50,01;
20:11:54;432;50,02;
20:11:57;428;50,01;
20:12:00;431;50,02;
20:12:03;433;50,02;
20:12:06;432;50,01;
20:12:09;433;50,01;
20:12:12;435;50,01;
20:12:15;429;50,01;
20:12:18;432;50,00;
20:12:21;435;50,01;
20:12:24;433;50,01;
20:12:27;434;50,01;
20:12:33;429;50,01;
20:12:36;430;50,00;
20:12:42;431;50,00;
20:12:45;435;50,00;
20:12:48;438;50,00;
20:12:51;436;50,00;
20:12:54;434;50,00;
20:12:57;431;50,00;
20:13:00;427;50,00;
20:13:03;432;50,00;
20:13:09;437;50,00;
20:13:12;436;50,00;
20:13:15;437;50,00;
20:13:18;434;50,00;
20:13:21;437;50,00;
20:13:24;433;49,99;
20:13:27;438;49,99;
20:13:42;437;50,00;
20:13:48;436;49,99;
20:13:51;436;50,00;
20:13:54;434;50,00;
20:13:57;436;50,00;
20:14:03;435;50,00;
20:14:06;432;50,00;
20:14:09;437;50,00;
20:14:12;435;49,99;
20:14:15;434;49,99;
20:14:18;430;49,98;
20:14:24;431;49,97;
20:14:27;429;49,98;
20:14:30;428;49,98;
20:14:33;431;49,98;
20:14:42;428;49,98;
20:14:48;425;49,99;
20:14:54;423;49,99;
20:14:57;431;49,99;
20:15:00;427;50,00;
20:15:03;431;50,00;
20:15:06;424;50,00;
20:15:09;430;50,00;
20:15:12;426;50,00;
20:15:15;431;50,00;
20:15:18;425;49,99;
20:15:21;427;49,99;
20:15:24;427;49,98;
20:15:27;428;49,98;
20:15:30;424;49,98;
20:15:33;428;49,98;
20:15:36;427;49,98;
20:15:39;424;49,98;
20:15:42;421;49,98;
20:15:45;423;49,98;
20:15:48;422;49,98;
20:15:51;423;49,98;
20:15:54;418;49,99;
20:16:00;422;49,99;
20:16:03;423;49,99;
20:16:06;419;49,99;
20:16:09;424;49,98;
20:16:15;423;49,98;
20:16:18;423;49,97;
20:16:21;417;49,96;
20:16:24;421;49,96;
20:16:27;417;49,96;
20:16:30;420;49,96;
20:16:33;417;49,97;
20:16:36;419;49,97;
20:16:39;417;49,97;
20:16:45;418;49,98;
20:16:48;417;49,98;
20:16:51;416;49,98;
20:16:57;409;49,98;
20:17:00;416;49,98;
20:17:03;408;49,98;
20:17:06;412;49,98;
20:17:09;405;49,98;
20:17:12;413;49,98;
20:17:15;408;49,98;
20:17:18;409;49,98;
20:17:21;405;49,97;
20:17:24;409;49,97;
20:17:27;408;49,97;
20:17:30;409;49,97;
20:17:33;403;49,97;
20:17:36;404;49,97;
20:17:39;405;49,98;
20:17:45;397;49,98;
20:17:51;402;49,98;
20:17:54;399;49,98;
20:17:57;397;49,99;
20:18:00;401;49,99;
20:18:03;395;50,00;
20:18:06;401;50,00;
20:18:09;400;50,00;
20:18:12;392;50,00;
20:18:15;396;49,99;
20:18:21;388;49,98;
20:18:24;394;49,98;
20:18:27;391;49,97;
20:18:30;392;49,98;
20:18:33;394;49,98;
20:18:36;392;49,97;
20:18:39;389;49,98;
20:18:45;384;49,97;
20:18:48;383;49,97;
20:18:51;386;49,98;
20:18:57;385;49,97;
20:19:00;386;49,97;
20:19:03;380;49,97;
20:19:06;382;49,96;
20:19:12;383;49,96;
20:19:15;381;49,96;
20:19:18;378;49,96;
20:19:21;375;49,97;
20:19:24;380;49,97;
20:19:27;372;49,97;
20:19:30;378;49,97;
20:19:33;371;49,97;
20:19:36;377;49,97;
20:19:39;375;49,97;
20:19:42;309;49,97;
20:19:45;346;49,97;
20:19:48;351;49,98;
20:19:51;356;49,98;
20:19:54;366;49,98;
20:19:57;360;49,98;
20:20:03;368;49,98;
20:20:06;363;49,98;
20:20:09;370;49,98;
20:20:12;364;49,98;
20:20:15;361;49,98;
20:20:18;366;49,98;
20:20:21;366;49,97;
20:20:24;368;49,97;
20:20:27;365;49,97;
20:20:30;361;49,97;
20:20:33;363;49,97;
20:20:36;362;49,97;
20:20:39;360;49,97;
20:20:42;359;49,97;
20:20:48;359;49,98;
20:20:51;360;49,98;
20:20:54;356;49,99;
20:20:57;358;49,99;
20:21:00;350;49,99;
20:21:03;356;49,99;
20:21:06;354;49,99;
20:21:12;352;49,99;
20:21:15;356;49,99;
20:21:18;351;50,00;
20:21:21;354;50,00;
20:21:24;348;49,99;
20:21:27;354;49,99;
20:21:33;349;49,98;
20:21:36;344;49,98;
20:21:39;351;49,97;
20:21:42;344;49,97;
20:21:45;345;49,97;
20:21:54;343;49,98;
20:22:00;340;49,98;
20:22:03;345;49,98;
20:22:06;343;49,98;
20:22:09;341;49,98;
20:22:12;345;49,98;
20:22:15;341;49,98;
20:22:18;338;49,98;
20:22:21;341;49,98;
20:22:24;344;49,98;
20:22:27;340;49,98;
20:22:30;343;49,98;
20:22:33;339;49,98;
20:22:36;344;49,98;
20:22:42;340;49,97;
20:22:45;337;49,97;
20:22:48;338;49,98;
20:22:51;342;49,98;
20:22:54;341;50,00;
20:23:00;343;50,00;
20:23:03;338;49,99;
20:23:06;336;49,98;
20:23:09;343;49,98;
20:23:12;344;49,98;
20:23:15;338;49,98;
20:23:18;343;49,98;
20:23:21;339;49,98;
20:23:24;348;49,98;
20:23:27;340;49,98;
20:23:30;342;49,98;
20:23:33;339;49,98;
20:23:36;344;49,98;
20:23:42;346;49,97;
20:23:45;342;49,97;
20:23:48;345;49,97;
20:23:51;344;49,98;
20:23:54;347;49,98;
20:23:57;343;49,98;
20:24:00;345;49,98;
20:24:06;344;49,99;
20:24:09;340;49,99;
20:24:12;345;49,98;
20:24:15;344;49,98;
20:24:18;346;49,97;
20:24:21;341;49,97;
20:24:24;347;49,97;
20:24:27;345;49,97;
20:24:30;345;49,98;
20:24:33;340;49,98;
20:24:36;345;49,99;
20:24:39;338;49,99;
20:24:42;342;50,00;
20:24:45;341;50,00;
20:24:48;342;50,00;
20:24:51;341;50,00;
20:24:54;342;49,99;
20:24:57;339;50,00;
20:25:00;343;50,00;
20:25:03;343;49,99;
20:25:06;346;50,00;
20:25:12;342;50,00;
20:25:15;335;50,00;
20:25:18;344;49,99;
20:25:21;336;50,00;
20:25:24;340;49,99;
20:25:27;342;49,99;
20:25:30;333;49,99;
20:25:33;341;49,98;
20:25:36;338;49,99;
20:25:39;340;49,98;
20:25:42;338;49,98;
20:25:45;340;49,99;
20:25:48;335;49,99;
20:25:51;339;49,99;
20:25:57;336;49,99;
20:26:00;333;49,99;
20:26:03;335;49,99;
20:26:06;339;49,99;
20:26:09;336;49,99;
20:26:12;329;49,99;
20:26:15;337;50,00;
20:26:18;333;49,99;
20:26:21;337;50,00;
20:26:24;334;49,99;
20:26:27;337;49,99;
20:26:30;330;49,99;
20:26:33;332;49,99;
20:26:36;328;49,99;
20:26:39;332;49,99;
20:26:42;336;49,99;
20:26:45;332;49,98;
20:26:48;326;49,99;
20:26:51;329;49,99;
20:26:54;332;49,99;
20:26:57;331;49,98;
20:27:03;332;49,98;
20:27:06;330;49,98;
20:27:09;328;49,99;
20:27:12;325;49,99;
20:27:15;326;49,99;
20:27:18;321;49,99;
20:27:21;327;49,99;
20:27:24;322;50,00;
20:27:27;325;49,99;
20:27:30;322;49,99;
20:27:36;321;49,99;
20:27:39;321;49,98;
20:27:45;319;49,98;
20:27:48;318;49,98;
20:27:51;319;49,97;
20:27:54;316;49,97;
20:27:57;314;49,97;
20:28:00;313;49,97;
20:28:03;315;49,97;
20:28:09;314;49,98;
20:28:12;312;49,98;
20:28:18;307;49,98;
20:28:27;313;49,98;
20:28:30;310;49,98;
20:28:33;311;49,98;
20:28:36;307;49,99;
20:28:42;306;49,99;
20:28:45;304;49,99;
20:28:48;299;49,99;
20:28:51;302;49,99;
20:28:54;300;49,99;
20:28:57;299;50,00;
20:29:00;300;49,99;
20:29:03;297;49,99;
20:29:09;295;49,98;
20:29:18;294;49,97;
20:29:24;291;49,96;
20:29:27;292;49,96;
20:29:30;294;49,97;
20:29:33;295;49,97;
20:29:36;292;49,97;
20:29:39;289;49,98;
20:29:42;291;49,98;
20:29:51;287;49,99;
20:29:54;290;49,98;
20:30:00;287;49,98;
20:30:03;285;49,97;
20:30:06;286;49,97;
20:30:09;280;49,96;
20:30:12;286;49,97;
20:30:15;273;49,97;
20:30:18;282;49,98;
20:30:21;281;49,98;
20:30:24;276;49,98;
20:30:27;274;49,98;
20:30:30;280;49,98;
20:30:36;281;49,98;
20:30:39;278;49,99;
20:30:42;275;49,99;
20:30:45;277;49,99;
20:30:48;276;49,99;
20:30:51;274;49,99;
20:30:54;273;49,98;
20:30:57;274;49,98;
20:31:06;271;49,98;
20:31:09;270;49,98;
20:31:12;271;49,98;
20:31:15;268;49,98;
20:31:18;269;49,98;
20:31:21;270;49,98;
20:31:24;268;49,99;
20:31:27;266;49,98;
20:31:30;265;49,98;
20:31:33;266;49,98;
20:31:36;264;49,98;
20:31:39;265;49,98;
20:31:42;264;49,97;
20:31:45;262;49,97;
20:31:48;261;49,98;
20:31:51;260;49,97;
20:31:54;260;49,98;
20:32:00;257;49,98;
20:32:12;253;49,98;
20:32:15;256;49,97;
20:32:18;255;49,97;
20:32:24;253;49,97;
20:32:27;256;49,97;
20:32:30;252;49,97;
20:32:33;254;49,97;
20:32:36;250;49,97;
20:32:39;251;49,97;
20:32:42;250;49,97;
20:32:45;248;49,97;
20:32:48;247;49,97;
20:32:51;246;49,97;
20:32:54;240;49,97;
20:32:57;245;49,98;
20:33:03;246;49,98;
20:33:06;245;49,98;
20:33:09;244;49,98;
20:33:18;241;49,98;
20:33:21;242;49,97;
20:33:24;241;49,97;
20:33:27;241;49,96;
20:33:30;242;49,96;
20:33:33;238;49,96;
20:33:36;237;49,96;
20:33:39;241;49,97;
20:33:42;238;49,96;
20:33:45;240;49,96;
20:33:48;234;49,97;
20:33:51;236;49,97;
20:33:54;231;49,97;
20:33:57;234;49,97;
20:34:00;234;49,98;
20:34:03;233;49,98;
20:34:09;234;49,98;
20:34:12;233;49,98;
20:34:18;231;49,99;
20:34:21;227;49,99;
20:34:24;231;49,99;
20:34:27;231;49,98;
20:34:30;232;49,98;
20:34:33;230;49,97;
20:34:36;232;49,96;
20:34:39;232;49,97;
20:34:45;229;49,97;
20:34:48;231;49,98;
20:34:51;227;49,98;
20:34:54;228;49,98;
20:34:57;228;49,99;
20:35:00;227;49,99;
20:35:09;224;49,99;
20:35:12;223;49,99;
20:35:15;222;49,98;
20:35:18;224;49,98;
20:35:21;222;49,98;
20:35:24;223;49,98;
20:35:33;223;49,97;
20:35:36;222;49,97;
20:35:39;223;49,97;
20:35:45;220;49,98;
20:35:48;219;49,98;
20:35:51;220;49,98;
20:35:54;219;49,99;
20:35:57;220;49,99;
20:36:00;217;49,99;
20:36:03;216;49,99;
20:36:06;217;49,99;
20:36:09;219;49,98;
20:36:15;215;49,97;
20:36:18;216;49,97;
20:36:21;210;49,97;
20:36:24;215;49,97;
20:36:27;216;49,96;
20:36:30;214;49,97;
20:36:33;213;49,96;
20:36:36;209;49,96;
20:36:39;213;49,97;
20:36:42;212;49,97;
20:36:45;209;49,97;
20:36:48;210;49,98;
20:36:51;213;49,98;
20:36:54;209;49,98;
20:36:57;210;49,99;
20:37:00;207;49,99;
20:37:03;183;49,99;
20:37:09;211;49,98;
20:37:21;210;49,98;
20:37:27;207;49,98;
20:37:30;208;49,98;
20:37:33;203;49,98;
20:37:36;207;49,98;
20:37:45;207;49,99;
20:37:51;206;50,00;
20:37:54;207;50,00;
20:37:57;205;50,00;
20:38:00;206;50,00;
20:38:06;205;50,00;
20:38:09;201;50,00;
20:38:12;202;50,00;
20:38:18;201;49,99;
20:38:21;199;49,99;
20:38:27;200;49,99;
20:38:33;197;49,98;
20:38:36;195;49,98;
20:38:39;197;49,98;
20:38:42;196;49,98;
20:38:45;195;49,98;
20:38:48;196;49,98;
20:38:51;195;49,98;
20:38:54;194;49,98;
20:38:57;193;49,98;
20:39:00;191;49,98;
20:39:03;194;49,98;
20:39:06;188;49,98;
20:39:12;191;49,98;
20:39:15;187;49,98;
20:39:18;191;49,98;
20:39:21;188;49,98;
20:39:24;186;49,98;
20:39:30;187;49,98;
20:39:33;186;49,98;
20:39:36;183;49,98;
20:39:39;183;49,99;
20:39:42;184;49,98;
20:39:45;183;49,98;
20:39:48;181;49,98;
20:39:51;183;49,98;
20:39:54;182;49,98;
20:39:57;181;49,98;
20:40:00;177;49,98;
20:40:03;178;49,98;
20:40:06;176;49,98;
20:40:09;177;49,98;
20:40:12;174;49,98;
20:40:18;172;49,97;
20:40:21;173;49,97;
20:40:24;176;49,97;
20:40:27;172;49,97;
20:40:30;171;49,97;
20:40:33;172;49,97;
20:40:39;171;49,97;
20:40:42;170;49,98;
20:40:45;171;49,97;
20:40:48;169;49,98;
20:40:51;168;49,98;
20:40:57;166;49,98;
20:41:00;168;49,98;
20:41:03;168;49,99;
20:41:06;166;49,99;
20:41:09;168;49,99;
20:41:12;164;49,99;
20:41:15;163;49,99;
20:41:24;161;49,99;
20:41:27;161;50,00;
20:41:30;160;50,00;
20:41:33;162;50,00;
20:41:36;162;49,99;
20:41:39;161;49,99;
20:41:48;160;49,99;
20:41:51;159;49,99;
20:41:57;158;50,00;
20:42:00;159;50,00;
20:42:03;158;50,00;
20:42:06;159;50,00;
20:42:09;156;49,99;
20:42:15;155;49,99;
20:42:24;156;50,00;
20:42:30;154;50,00;
20:42:33;152;49,99;
20:42:42;151;49,99;
20:42:45;150;49,99;
20:42:48;151;49,98;
20:42:54;150;49,98;
20:42:57;152;49,98;
20:43:00;149;49,98;
20:43:06;148;49,98;
20:43:09;147;49,98;
20:43:15;146;49,98;
20:43:18;145;49,98;
20:43:24;144;49,98;
20:43:27;144;49,99;
20:43:30;146;49,99;
20:43:33;145;49,99;
20:43:36;145;49,98;
20:43:39;144;49,99;
20:43:45;145;50,00;
20:43:48;143;50,00;
20:43:54;144;50,00;
20:43:57;140;50,00;
20:44:00;142;50,01;
20:44:03;144;50,01;
20:44:06;143;50,01;
20:44:12;142;50,01;
20:44:21;138;50,00;
20:44:30;137;50,00;
20:44:42;136;50,01;
20:44:51;134;50,01;
20:44:54;135;50,00;
20:44:57;134;50,00;
20:45:03;133;50,01;
20:45:06;134;50,01;
20:45:09;132;50,01;
20:45:18;129;50,00;
20:45:21;132;50,00;
20:45:27;130;49,99;
20:45:30;129;49,98;
20:45:39;126;49,98;
20:45:42;129;49,98;
20:45:45;128;49,98;
20:45:51;128;50,00;
20:45:54;127;50,00;
20:45:57;126;50,00;
20:46:00;126;49,99;
20:46:03;124;49,99;
20:46:06;124;49,98;
20:46:09;124;49,99;
20:46:12;123;49,98;
20:46:15;123;49,99;
20:46:24;122;49,99;
20:46:33;121;49,98;
20:46:42;120;49,98;
20:46:45;120;49,99;
20:46:51;118;49,99;
20:46:54;119;49,99;
20:46:57;119;50,00;
20:47:03;118;50,00;
20:47:06;116;49,99;
20:47:09;100;49,99;
20:47:12;99;49,99;
20:47:15;100;50,00;
20:47:18;116;50,00;
20:47:21;115;50,00;
20:47:24;114;50,00;
20:47:27;112;50,00;
20:47:30;115;49,99;
20:47:33;112;49,98;
20:47:39;111;49,98;
20:47:42;111;49,97;
20:47:45;110;49,97;
20:47:48;109;49,97;
20:47:51;108;49,98;
20:47:54;109;49,98;
20:47:57;108;49,98;
20:48:00;109;49,98;
20:48:03;110;49,99;
20:48:06;109;50,00;
20:48:09;107;50,00;
20:48:12;108;50,00;
20:48:15;107;50,00;
20:48:18;109;50,00;
20:48:24;107;50,00;
20:48:27;106;50,00;
20:48:30;105;50,00;
20:48:33;103;49,99;
20:48:36;105;49,98;
20:48:42;102;49,98;
20:48:45;103;49,98;
20:48:48;100;49,97;
20:48:51;101;49,98;
20:48:54;100;49,97;
20:48:57;99;49,97;
20:49:00;99;49,98;
20:49:03;100;49,98;
20:49:06;103;49,99;
20:49:09;101;49,99;
20:49:12;100;49,99;
20:49:18;97;49,97;
20:49:24;99;49,96;
20:49:30;97;49,96;
20:49:33;98;49,96;
20:49:42;99;49,97;
20:49:45;97;49,97;
20:49:54;97;49,98;
20:50:03;96;49,98;
20:50:06;95;49,98;
20:50:09;96;49,98;
20:50:12;95;49,98;
20:50:15;96;49,97;
20:50:24;97;49,98;
20:50:27;94;49,97;
20:50:36;94;49,98;
20:50:45;92;49,98;
20:50:48;92;49,97;
20:50:57;93;49,96;
20:51:00;93;49,97;
20:51:03;91;49,97;
20:51:06;91;49,98;
20:51:12;90;49,98;
20:51:21;91;49,98;
20:51:24;90;49,98;
20:51:27;90;49,97;
20:51:30;89;49,98;
20:51:33;90;49,98;
20:51:36;87;49,98;
20:51:42;88;49,98;
20:51:48;89;49,97;
20:51:51;87;49,97;
20:51:57;88;49,97;
20:52:00;86;49,97;
20:52:03;87;49,97;
20:52:06;86;49,97;
20:52:09;88;49,97;
20:52:12;87;49,97;
20:52:21;86;49,98;
20:52:27;84;49,98;
20:52:30;85;49,98;
20:52:36;87;49,98;
20:52:39;86;49,98;
20:52:42;85;49,98;
20:52:45;86;49,98;
20:52:54;83;49,98;
20:52:57;86;49,98;
20:53:00;85;49,98;
20:53:24;84;49,98;
20:53:27;83;49,98;
20:53:42;84;49,98;
20:53:45;85;49,98;
20:53:48;82;49,98;
20:53:51;84;49,98;
20:53:54;83;49,98;
20:53:57;83;49,99;
20:54:03;84;49,99;
20:54:06;83;50,00;
20:54:09;81;50,00;
20:54:12;83;50,00;
20:54:15;82;50,00;
20:54:21;80;50,00;
20:54:24;82;50,00;
20:54:30;83;50,00;
20:54:33;81;50,00;
20:54:39;79;50,00;
20:54:42;80;50,00;
20:54:45;81;49,98;
20:54:48;82;49,98;
20:54:51;80;49,98;
20:54:54;81;49,98;
20:54:57;80;49,98;
20:55:00;81;49,98;
20:55:03;80;49,99;
20:55:09;79;50,00;
20:55:12;80;49,99;
20:55:15;81;49,99;
20:55:18;79;49,99;
20:55:24;80;49,99;
20:55:27;80;49,98;
20:55:36;79;49,98;
20:55:39;78;49,98;
20:55:45;77;49,99;
20:55:48;79;49,99;
20:55:51;78;49,99;
20:55:54;78;50,00;
20:56:00;78;49,99;
20:56:03;78;50,00;
20:56:06;77;50,00;
20:56:09;76;50,00;
20:56:12;78;49,99;
20:56:15;77;49,99;
20:56:18;75;49,98;
20:56:21;77;49,98;
20:56:24;76;49,98;
20:56:30;76;49,97;
20:56:33;75;49,97;
20:56:39;74;49,97;
20:56:42;75;49,97;
20:56:51;75;49,96;
20:56:57;74;49,96;
20:57:00;74;49,97;
20:57:06;75;49,97;
20:57:15;74;49,97;
20:57:18;60;49,97;
20:57:21;61;49,97;
20:57:27;74;49,97;
20:57:30;73;49,97;
20:57:36;74;49,97;
20:57:39;73;49,97;
20:57:42;72;49,96;
20:57:45;74;49,96;
20:57:48;74;49,97;
20:57:51;72;49,97;
20:57:57;73;49,98;
20:58:03;72;49,98;
20:58:06;72;49,97;
20:58:09;71;49,96;
20:58:12;72;49,96;
20:58:15;73;49,96;
20:58:18;71;49,96;
20:58:21;72;49,96;
20:58:24;71;49,96;
20:58:27;72;49,96;
20:58:30;71;49,96;
20:58:36;72;49,96;
20:58:42;71;49,96;
20:58:48;72;49,96;
20:58:54;70;49,96;
20:59:00;69;49,96;
20:59:03;71;49,97;
20:59:06;69;49,98;
20:59:09;71;49,97;
20:59:15;72;49,97;
20:59:18;71;49,96;
20:59:21;70;49,96;
20:59:24;69;49,96;
20:59:27;70;49,95;
20:59:30;69;49,95;
20:59:36;70;49,96;
20:59:39;69;49,96;
20:59:42;68;49,96;
20:59:48;69;49,96;
20:59:51;68;49,96;
20:59:54;67;49,96;
20:59:57;51;49,96;
21:00:00;0;49,96;
21:00:12;53;49,95;
21:00:15;60;49,95;
21:00:18;66;49,94;
21:00:21;67;49,94;
21:00:24;66;49,95;
21:00:33;63;49,95;
21:00:36;66;49,95;
21:00:42;66;49,94;
21:00:48;65;49,94;
21:00:54;66;49,94;
21:00:57;65;49,94;
21:01:00;64;49,96;
21:01:03;65;49,96;
21:01:06;66;49,96;
21:01:12;64;49,96;
21:01:18;62;49,96;
21:01:21;62;49,95;
21:01:24;61;49,95;
21:01:27;60;49,95;
21:01:33;61;49,96;
21:01:42;60;49,96;
21:01:57;59;49,95;
21:02:00;58;49,95;
21:02:03;59;49,96;
21:02:06;57;49,96;
21:02:09;57;49,95;
21:02:30;57;49,96;
21:02:33;55;49,95;
21:02:36;57;49,95;
21:02:39;56;49,95;
21:02:45;54;49,95;
21:02:51;53;49,96;
21:02:54;54;49,96;
21:03:00;51;49,96;
21:03:06;51;49,95;
21:03:09;51;49,96;
21:03:18;51;49,97;
21:03:24;51;49,96;
21:03:33;49;49,97;
21:03:36;50;49,98;
21:03:42;51;49,98;
21:03:45;50;49,98;
21:03:51;49;49,98;
21:03:54;48;49,98;
21:04:00;48;49,99;
21:04:21;46;49,98;
21:04:27;48;49,98;
21:04:33;45;49,98;
21:04:36;45;49,97;
21:04:39;46;49,97;
21:04:42;46;49,96;
21:04:45;45;49,96;
21:04:48;45;49,97;
21:04:51;44;49,97;
21:04:57;42;49,97;
21:05:00;43;49,97;
21:05:06;43;49,98;
21:05:09;48;49,98;
21:05:12;45;49,98;
21:05:15;42;49,98;
21:05:18;42;49,97;
21:05:21;42;49,96;
21:05:24;43;49,96;
21:05:27;42;49,97;
21:05:39;42;49,96;
21:05:42;39;49,96;
21:05:45;43;49,96;
21:05:48;42;49,97;
21:05:51;39;49,97;
21:05:57;42;49,97;
21:06:00;42;49,98;
21:06:03;42;49,97;
21:06:09;39;49,97;
21:06:12;39;49,96;
21:06:18;39;49,97;
21:06:24;38;49,97;
21:06:27;37;49,97;
21:06:30;38;49,97;
21:06:33;39;49,97;
21:06:36;39;49,96;
21:06:39;36;49,96;
21:06:42;37;49,97;
21:06:48;36;49,98;
21:06:57;38;49,98;
21:07:00;37;49,98;
21:07:03;36;49,98;
21:07:09;39;49,98;
21:07:12;36;49,98;
21:07:24;36;49,97;
21:07:27;30;49,97;
21:07:30;33;49,97;
21:07:33;30;49,97;
21:07:36;34;49,97;
21:07:39;35;49,97;
21:07:42;36;49,98;
21:07:45;33;49,98;
21:07:48;36;49,98;
21:07:54;33;49,97;
21:07:57;36;49,96;
21:08:03;33;49,96;
21:08:09;34;49,97;
21:08:15;36;49,97;
21:08:18;33;49,97;
21:08:24;35;49,97;
21:08:27;33;49,97;
21:08:42;35;49,96;
21:08:45;33;49,96;
21:08:48;33;49,97;
21:08:54;33;49,98;
21:09:00;33;49,97;
21:09:12;32;49,97;
21:09:15;33;49,97;
21:09:21;30;49,97;
21:09:24;32;49,98;
21:09:27;33;49,98;
21:09:33;33;49,97;
21:09:42;30;49,97;
21:09:45;32;49,97;
21:09:48;30;49,98;
21:09:51;31;49,98;
21:09:54;30;49,98;
21:09:57;33;49,98;
21:10:00;30;49,98;
21:10:06;27;49,97;
21:10:09;105;49,98;
21:10:12;0;49,98;
21:10:30;27;49,98;
21:10:33;29;49,98;
21:10:36;30;49,98;
21:10:39;30;49,97;
21:10:42;27;49,97;
21:10:45;28;49,97;
21:10:51;27;49,98;
21:11:00;29;49,97;
21:11:03;33;49,98;
21:11:09;30;49,98;
21:11:12;29;49,98;
21:11:15;33;49,98;
21:11:18;27;49,98;
21:11:36;27;49,97;
21:11:45;27;49,98;
21:11:51;27;49,99;
21:11:57;30;49,98;
21:12:00;26;49,98;
21:12:03;27;49,99;
21:12:18;24;49,99;
21:12:21;26;49,98;
21:12:24;27;49,98;
21:12:27;24;49,97;
21:12:30;27;49,97;
21:12:33;33;49,97;
21:12:36;24;49,96;
21:12:39;27;49,96;
21:12:42;24;49,96;
21:12:45;25;49,96;
21:12:48;24;49,96;
21:12:51;24;49,97;
21:12:54;25;49,97;
21:12:57;18;49,98;
21:13:03;0;49,97;
21:13:06;24;49,97;
21:13:15;9;49,98;
21:13:18;0;49,98;
21:14:09;0;49,99;
21:14:18;0;49,98;
21:14:24;0;49,97;
21:14:45;0;49,98;
21:14:48;0;49,99;
21:15:03;0;49,98;
21:15:09;0;49,97;
21:15:15;0;49,96;
21:15:18;0;49,95;
21:15:24;0;49,96;
21:16:00;0;49,97;
21:16:06;0;49,96;
21:16:18;0;49,97;
21:16:24;0;49,98;
21:16:57;0;49,97;
21:17:00;0;49,98;
21:17:27;0;49,99;
21:17:30;0;49,98;
21:17:45;0;49,97;
21:17:54;0;49,98;
21:18:12;0;49,99;
21:18:15;0;49,98;
21:18:18;0;49,99;
21:18:21;0;49,98;
21:18:27;0;49,97;
21:18:30;0;49,96;
21:18:36;0;49,97;
21:18:45;0;49,98;
21:18:54;0;49,97;
21:19:06;0;49,98;
21:19:42;0;49,99;
21:20:09;0;49,98;
21:20:15;0;49,97;
21:20:30;0;49,96;
21:20:39;0;49,97;
21:20:54;0;49,96;
21:21:03;0;49,95;
21:21:09;0;49,96;
21:21:15;0;49,97;
21:21:42;0;49,96;
21:21:54;0;49,97;
21:22:51;0;49,98;
21:23:00;0;49,99;
21:23:03;0;50,00;
21:23:09;0;49,99;
21:23:15;0;49,98;
21:23:21;0;49,97;
21:23:27;0;49,98;
21:23:45;0;49,97;
21:23:48;0;49,98;
21:23:57;0;49,97;
21:24:12;0;49,98;
21:24:30;0;49,97;
21:24:42;0;49,98;
21:25:18;0;49,99;
21:25:24;0;49,98;
21:25:54;0;49,99;
21:25:57;0;49,98;
21:26:24;0;49,99;
21:26:30;0;50,00;
21:26:39;0;49,99;
21:27:18;0;50,00;
21:27:45;;;
