time;pac;freq;
06:16:42;0;50,00;
06:16:45;51;49,98;
06:16:48;50;49,98;
06:16:57;48;49,97;
06:17:00;49;49,98;
06:17:03;50;49,98;
06:17:06;51;49,99;
06:17:09;50;49,99;
06:17:15;51;49,99;
06:17:18;51;50,00;
06:17:21;52;50,00;
06:17:24;53;50,00;
06:17:27;56;50,00;
06:17:30;54;50,01;
06:17:33;54;50,00;
06:17:36;51;50,00;
06:17:39;52;50,00;
06:17:42;50;50,00;
06:17:45;53;50,00;
06:17:48;51;50,00;
06:17:51;54;50,00;
06:17:54;55;49,99;
06:17:57;53;49,99;
06:18:03;55;49,99;
06:18:06;54;49,99;
06:18:09;57;50,00;
06:18:12;55;50,00;
06:18:15;57;49,99;
06:18:18;54;50,00;
06:18:21;56;50,00;
06:18:24;58;50,00;
06:18:27;55;50,00;
06:18:30;53;50,00;
06:18:33;57;50,00;
06:18:36;56;50,00;
06:18:39;57;50,00;
06:18:45;54;50,00;
06:18:48;57;50,00;
06:18:51;59;49,99;
06:18:54;60;49,99;
06:18:57;62;50,00;
06:19:00;56;50,00;
06:19:03;62;50,01;
06:19:09;61;50,01;
06:19:12;62;50,01;
06:19:15;61;50,01;
06:19:18;59;50,01;
06:19:21;61;50,00;
06:19:24;60;50,00;
06:19:27;59;50,00;
06:19:30;60;50,00;
06:19:33;59;50,00;
06:19:36;63;50,00;
06:19:39;61;50,00;
06:19:42;62;50,00;
06:19:45;64;50,00;
06:19:48;62;50,00;
06:19:54;66;50,00;
06:19:57;66;49,99;
06:20:00;66;50,00;
06:20:03;68;50,00;
06:20:06;65;50,01;
06:20:09;64;50,01;
06:20:15;63;50,00;
06:20:18;65;50,00;
06:20:21;67;50,00;
06:20:24;66;50,00;
06:20:27;65;50,00;
06:20:30;69;49,99;
06:20:33;65;49,99;
06:20:36;69;49,98;
06:20:39;67;49,99;
06:20:42;70;49,99;
06:20:45;69;49,99;
06:20:48;67;50,00;
06:20:51;68;50,00;
06:21:00;70;50,00;
06:21:03;69;50,00;
06:21:06;70;50,00;
06:21:09;72;50,00;
06:21:18;69;50,01;
06:21:21;69;50,00;
06:21:24;72;50,00;
06:21:27;70;50,00;
06:21:30;72;50,00;
06:21:33;74;49,99;
06:21:39;73;49,99;
06:21:42;74;49,99;
06:21:45;75;49,99;
06:21:48;74;50,00;
06:21:51;76;50,00;
06:21:54;75;50,00;
06:21:57;75;49,99;
06:22:00;74;50,00;
06:22:09;78;50,00;
06:22:12;76;50,00;
06:22:15;74;50,00;
06:22:18;79;50,00;
06:22:21;76;50,00;
06:22:24;78;50,00;
06:22:27;77;49,99;
06:22:30;78;50,00;
06:22:33;79;50,00;
06:22:36;80;50,00;
06:22:42;76;50,00;
06:22:45;79;50,00;
06:22:54;77;50,00;
06:22:57;78;50,00;
06:23:00;81;50,00;
06:23:03;79;50,00;
06:23:06;84;50,00;
06:23:12;80;50,00;
06:23:15;82;49,99;
06:23:18;83;49,99;
06:23:21;80;49,99;
06:23:24;79;49,99;
06:23:27;81;50,00;
06:23:30;82;50,00;
06:23:33;83;50,00;
06:23:36;82;50,00;
06:23:42;83;50,00;
06:23:45;80;50,00;
06:23:48;83;50,00;
06:23:51;82;50,00;
06:23:54;83;50,00;
06:24:00;81;50,00;
06:24:03;82;50,00;
06:24:06;87;50,00;
06:24:09;85;50,00;
06:24:12;87;49,99;
06:24:18;83;49,99;
06:24:21;88;49,99;
06:24:24;87;49,99;
06:24:27;88;49,99;
06:24:30;91;49,99;
06:24:33;90;49,99;
06:24:36;87;49,99;
06:24:39;90;49,99;
06:24:42;86;50,00;
06:24:45;91;50,00;
06:24:51;82;50,00;
06:24:57;88;50,00;
06:25:03;89;49,99;
06:25:06;90;49,99;
06:25:12;88;49,99;
06:25:15;87;50,00;
06:25:18;89;50,00;
06:25:21;90;50,00;
06:25:24;95;50,00;
06:25:27;94;50,00;
06:25:36;93;50,00;
06:25:39;92;50,00;
06:25:42;93;50,00;
06:25:45;90;50,00;
06:25:48;94;50,00;
06:25:57;92;50,00;
06:26:00;94;50,00;
06:26:03;96;49,99;
06:26:09;83;49,99;
06:26:12;69;50,00;
06:26:15;30;50,00;
06:26:18;0;50,00;
06:26:27;30;49,99;
06:26:30;68;50,00;
06:26:33;87;50,00;
06:26:36;91;49,99;
06:26:39;94;49,99;
06:26:42;99;49,98;
06:26:45;98;49,98;
06:26:48;99;49,99;
06:26:51;100;49,98;
06:26:54;104;49,99;
06:26:57;102;49,99;
06:27:00;101;49,99;
06:27:03;100;49,99;
06:27:06;102;49,99;
06:27:15;106;50,00;
06:27:18;101;50,00;
06:27:21;102;50,00;
06:27:27;98;50,00;
06:27:30;104;50,00;
06:27:36;106;50,00;
06:27:39;103;50,00;
06:27:42;106;50,00;
06:27:45;104;50,00;
06:27:51;106;50,00;
06:27:54;102;50,00;
06:27:57;108;50,00;
06:28:00;104;50,01;
06:28:03;102;50,00;
06:28:06;104;50,00;
06:28:09;103;50,00;
06:28:12;108;50,00;
06:28:15;109;50,00;
06:28:21;104;50,00;
06:28:24;107;50,00;
06:28:27;108;50,00;
06:28:30;94;50,00;
06:28:33;98;50,00;
06:28:36;99;50,00;
06:28:39;102;49,99;
06:28:42;108;49,99;
06:28:45;111;50,00;
06:28:51;109;50,00;
06:28:54;113;50,00;
06:29:00;116;50,00;
06:29:06;114;50,00;
06:29:09;113;50,00;
06:29:12;113;50,02;
06:29:15;129;50,01;
06:29:18;99;50,00;
06:29:21;105;50,00;
06:29:24;104;50,00;
06:29:27;107;50,00;
06:29:30;112;50,00;
06:29:33;107;50,00;
06:29:36;100;50,00;
06:29:42;110;50,00;
06:29:45;103;50,00;
06:29:48;113;50,01;
06:29:51;110;50,01;
06:29:54;101;50,01;
06:29:57;105;50,01;
06:30:00;107;50,00;
06:30:03;106;50,00;
06:30:06;103;50,00;
06:30:12;111;49,99;
06:30:15;100;49,99;
06:30:18;107;50,00;
06:30:21;107;49,99;
06:30:24;112;49,99;
06:30:30;109;49,99;
06:30:36;94;49,99;
06:30:39;113;49,99;
06:30:42;115;49,98;
06:30:45;110;49,98;
06:30:48;118;49,98;
06:30:51;121;49,99;
06:30:54;112;49,98;
06:30:57;110;49,98;
06:31:00;115;49,98;
06:31:03;120;49,99;
06:31:06;121;49,98;
06:31:09;122;49,98;
06:31:12;120;49,99;
06:31:18;123;49,99;
06:31:21;122;49,99;
06:31:24;122;50,00;
06:31:27;121;49,99;
06:31:30;122;49,99;
06:31:33;123;49,99;
06:31:36;122;50,00;
06:31:45;123;50,00;
06:31:51;125;50,00;
06:31:54;126;50,00;
06:31:57;122;50,00;
06:32:00;123;50,00;
06:32:03;121;50,00;
06:32:06;122;50,00;
06:32:12;124;50,00;
06:32:15;127;50,00;
06:32:24;114;49,99;
06:32:27;117;49,99;
06:32:30;121;50,00;
06:32:33;125;50,00;
06:32:36;128;50,00;
06:32:39;126;50,00;
06:32:42;124;50,00;
06:32:45;127;50,00;
06:32:48;122;49,99;
06:32:51;126;49,99;
06:32:54;128;50,00;
06:32:57;123;50,00;
06:33:00;128;50,00;
06:33:03;126;50,00;
06:33:09;131;50,00;
06:33:12;132;49,99;
06:33:18;133;49,99;
06:33:21;130;49,98;
06:33:24;133;49,98;
06:33:27;136;49,98;
06:33:30;135;49,99;
06:33:33;137;49,99;
06:33:36;133;49,98;
06:33:39;121;49,98;
06:33:42;125;49,98;
06:33:45;131;49,98;
06:33:48;135;49,98;
06:33:51;133;49,98;
06:33:54;136;49,98;
06:33:57;137;49,98;
06:34:00;118;49,98;
06:34:03;123;49,98;
06:34:06;127;49,98;
06:34:09;131;49,98;
06:34:15;137;49,99;
06:34:18;135;49,99;
06:34:21;136;49,99;
06:34:27;137;49,99;
06:34:33;133;49,99;
06:34:36;137;49,99;
06:34:39;136;49,99;
06:34:42;138;49,99;
06:34:45;138;50,00;
06:34:48;136;50,00;
06:34:51;141;50,00;
06:34:57;143;50,00;
06:35:00;139;49,99;
06:35:03;141;49,98;
06:35:09;143;49,98;
06:35:12;140;49,98;
06:35:15;143;49,98;
06:35:21;141;49,98;
06:35:24;145;49,98;
06:35:30;144;49,98;
06:35:36;142;49,98;
06:35:39;141;49,98;
06:35:42;142;49,98;
06:35:48;143;49,98;
06:35:51;141;49,99;
06:35:54;132;49,99;
06:35:57;138;50,00;
06:36:03;134;50,00;
06:36:06;141;50,00;
06:36:09;138;50,00;
06:36:12;145;50,00;
06:36:15;141;50,00;
06:36:18;136;50,00;
06:36:21;129;50,00;
06:36:27;150;50,00;
06:36:30;148;50,00;
06:36:33;145;50,00;
06:36:36;146;50,00;
06:36:39;150;50,00;
06:36:42;149;50,00;
06:36:45;150;50,00;
06:36:51;139;50,00;
06:36:54;141;50,00;
06:36:57;147;50,00;
06:37:00;151;50,00;
06:37:12;151;49,99;
06:37:15;146;50,00;
06:37:18;148;50,00;
06:37:21;150;50,01;
06:37:24;151;50,00;
06:37:27;153;50,00;
06:37:33;156;50,00;
06:37:36;155;50,00;
06:37:42;157;50,01;
06:37:45;154;50,00;
06:37:54;160;50,00;
06:37:57;154;50,00;
06:38:00;156;50,00;
06:38:06;151;50,00;
06:38:09;155;49,99;
06:38:12;142;50,00;
06:38:18;157;50,00;
06:38:21;154;50,00;
06:38:24;156;50,00;
06:38:30;159;49,99;
06:38:33;158;49,99;
06:38:36;155;49,99;
06:38:39;156;49,99;
06:38:42;156;50,00;
06:38:48;156;49,99;
06:38:54;162;49,99;
06:38:57;160;49,98;
06:39:00;159;49,98;
06:39:03;160;49,98;
06:39:06;157;49,98;
06:39:09;156;49,97;
06:39:12;157;49,98;
06:39:15;160;49,98;
06:39:18;158;49,98;
06:39:24;145;49,98;
06:39:30;156;49,99;
06:39:33;161;49,99;
06:39:36;157;49,99;
06:39:39;159;49,99;
06:39:42;161;49,99;
06:39:45;162;50,00;
06:39:48;159;50,00;
06:39:51;162;50,00;
06:39:54;164;50,00;
06:39:57;160;50,00;
06:40:00;166;50,00;
06:40:03;165;50,00;
06:40:06;166;50,00;
06:40:09;167;50,00;
06:40:12;166;50,00;
06:40:15;166;49,99;
06:40:18;164;49,99;
06:40:21;165;50,00;
06:40:24;166;49,99;
06:40:30;165;50,00;
06:40:33;168;50,00;
06:40:36;144;50,00;
06:40:39;165;49,99;
06:40:42;166;49,99;
06:40:45;167;49,99;
06:40:48;168;49,98;
06:40:51;172;49,98;
06:40:54;163;49,98;
06:40:57;172;49,99;
06:41:00;163;49,99;
06:41:03;171;49,99;
06:41:06;173;49,99;
06:41:09;166;49,99;
06:41:12;172;49,99;
06:41:15;166;49,99;
06:41:18;166;49,98;
06:41:21;170;49,98;
06:41:27;173;49,98;
06:41:30;166;49,98;
06:41:36;173;49,99;
06:41:39;169;49,99;
06:41:42;172;49,99;
06:41:45;171;49,99;
06:41:48;168;49,99;
06:41:54;173;49,99;
06:42:03;173;49,98;
06:42:09;173;49,99;
06:42:12;176;49,99;
06:42:15;177;50,00;
06:42:24;176;49,99;
06:42:27;178;49,99;
06:42:30;172;50,00;
06:42:33;176;49,99;
06:42:36;175;49,99;
06:42:39;178;49,99;
06:42:42;173;49,98;
06:42:45;179;49,98;
06:42:48;176;49,98;
06:42:51;174;49,98;
06:42:54;178;49,98;
06:42:57;180;49,98;
06:43:00;170;49,98;
06:43:03;179;49,99;
06:43:06;172;49,99;
06:43:09;176;49,98;
06:43:12;183;49,99;
06:43:15;173;49,98;
06:43:18;181;49,99;
06:43:21;171;49,98;
06:43:27;177;49,98;
06:43:30;179;49,98;
06:43:33;182;49,99;
06:43:39;182;49,98;
06:43:42;178;49,98;
06:43:45;182;49,98;
06:43:48;180;49,98;
06:43:51;183;49,98;
06:43:54;184;49,98;
06:43:57;185;49,98;
06:44:00;183;49,99;
06:44:03;187;50,00;
06:44:06;178;50,00;
06:44:09;184;50,00;
06:44:12;187;50,00;
06:44:15;178;50,00;
06:44:18;186;50,00;
06:44:21;185;49,99;
06:44:24;172;50,00;
06:44:27;177;49,99;
06:44:33;182;50,00;
06:44:36;180;50,00;
06:44:39;183;50,00;
06:44:42;187;50,00;
06:44:45;188;50,00;
06:44:48;190;50,00;
06:44:51;188;50,00;
06:44:54;187;50,00;
06:44:57;185;50,00;
06:45:00;189;50,00;
06:45:03;191;50,00;
06:45:06;190;50,00;
06:45:09;191;50,00;
06:45:12;195;50,00;
06:45:15;192;50,00;
06:45:18;188;50,00;
06:45:21;191;50,00;
06:45:24;188;50,01;
06:45:27;188;50,00;
06:45:30;191;50,00;
06:45:33;192;50,00;
06:45:39;174;50,00;
06:45:42;190;50,00;
06:45:45;194;49,99;
06:45:48;193;50,00;
06:45:51;195;50,00;
06:45:54;191;50,00;
06:45:57;195;50,00;
06:46:00;192;50,01;
06:46:03;198;50,00;
06:46:06;200;50,00;
06:46:09;196;50,00;
06:46:12;192;50,00;
06:46:15;193;50,00;
06:46:18;184;50,00;
06:46:21;188;50,00;
06:46:24;189;50,00;
06:46:27;169;49,99;
06:46:33;197;49,99;
06:46:36;199;49,99;
06:46:39;200;49,99;
06:46:45;197;49,99;
06:46:48;198;49,98;
06:46:51;195;49,98;
06:46:54;200;49,99;
06:46:57;200;49,98;
06:47:03;194;49,98;
06:47:06;200;49,98;
06:47:12;189;49,98;
06:47:15;192;49,98;
06:47:18;201;49,97;
06:47:21;200;49,98;
06:47:24;202;49,98;
06:47:30;203;49,98;
06:47:33;204;49,98;
06:47:36;203;49,98;
06:47:39;200;49,98;
06:47:42;206;49,98;
06:47:48;205;49,98;
06:47:51;206;49,98;
06:47:54;205;49,98;
06:48:00;207;49,98;
06:48:03;197;49,98;
06:48:06;205;49,98;
06:48:09;190;49,98;
06:48:12;197;49,98;
06:48:15;201;49,99;
06:48:18;207;49,98;
06:48:21;211;49,98;
06:48:24;206;49,98;
06:48:27;201;49,98;
06:48:30;196;49,98;
06:48:36;206;49,98;
06:48:42;207;49,98;
06:48:45;209;49,98;
06:48:48;206;49,99;
06:48:54;209;49,99;
06:48:57;209;50,00;
06:49:00;211;50,00;
06:49:03;201;50,00;
06:49:06;211;49,99;
06:49:09;214;49,99;
06:49:12;212;49,99;
06:49:15;211;49,99;
06:49:18;205;49,98;
06:49:21;199;49,98;
06:49:24;204;49,97;
06:49:27;212;49,97;
06:49:30;208;49,97;
06:49:33;213;49,98;
06:49:42;212;49,98;
06:49:45;213;49,98;
06:49:48;215;49,98;
06:49:51;213;49,98;
06:49:54;215;49,98;
06:50:00;212;49,98;
06:50:06;215;49,98;
06:50:09;216;49,98;
06:50:12;214;49,99;
06:50:15;215;49,99;
06:50:18;203;49,99;
06:50:21;206;49,99;
06:50:24;213;49,99;
06:50:27;215;50,00;
06:50:30;218;50,00;
06:50:33;216;50,00;
06:50:36;217;50,00;
06:50:39;214;49,99;
06:50:42;217;49,99;
06:50:48;214;49,99;
06:50:51;215;49,99;
06:50:54;216;49,99;
06:50:57;221;49,99;
06:51:00;222;50,00;
06:51:03;221;50,00;
06:51:06;226;50,00;
06:51:09;219;50,00;
06:51:12;214;50,00;
06:51:15;217;50,00;
06:51:18;216;50,00;
06:51:21;215;49,99;
06:51:24;214;49,99;
06:51:27;225;49,99;
06:51:33;221;49,99;
06:51:36;220;49,99;
06:51:39;221;49,99;
06:51:42;222;49,99;
06:51:48;226;49,99;
06:51:51;227;49,98;
06:51:54;228;49,98;
06:51:57;225;49,99;
06:52:06;227;49,98;
06:52:09;229;49,98;
06:52:12;228;49,97;
06:52:15;227;49,97;
06:52:18;221;49,98;
06:52:21;224;49,97;
06:52:24;227;49,97;
06:52:27;219;49,96;
06:52:30;218;49,96;
06:52:33;216;49,96;
06:52:39;231;49,96;
06:52:42;228;49,96;
06:52:48;230;49,96;
06:52:54;232;49,96;
06:52:57;234;49,97;
06:53:06;233;49,97;
06:53:09;230;49,97;
06:53:12;234;49,97;
06:53:15;231;49,97;
06:53:18;232;49,98;
06:53:21;228;49,98;
06:53:24;232;49,98;
06:53:27;217;49,97;
06:53:30;227;49,97;
06:53:33;226;49,98;
06:53:39;228;49,99;
06:53:45;235;49,98;
06:53:48;233;49,98;
06:53:54;229;49,98;
06:53:57;232;49,98;
06:54:00;234;49,98;
06:54:03;228;49,98;
06:54:06;235;49,98;
06:54:09;234;49,99;
06:54:12;228;49,99;
06:54:15;225;49,99;
06:54:18;228;49,99;
06:54:21;234;49,98;
06:54:27;232;49,98;
06:54:30;234;49,98;
06:54:36;241;49,98;
06:54:39;240;49,97;
06:54:45;238;49,98;
06:54:51;237;49,98;
06:54:57;238;49,98;
06:55:03;239;49,99;
06:55:06;240;49,99;
06:55:12;242;49,99;
06:55:15;244;49,99;
06:55:18;243;49,98;
06:55:21;239;49,98;
06:55:24;242;49,98;
06:55:27;244;49,98;
06:55:30;245;49,98;
06:55:33;229;49,98;
06:55:36;235;49,98;
06:55:39;242;49,98;
06:55:42;245;49,98;
06:55:45;240;49,98;
06:55:48;228;49,98;
06:55:51;239;49,98;
06:55:54;238;49,98;
06:55:57;241;49,99;
06:56:00;243;49,99;
06:56:03;240;49,99;
06:56:06;244;50,00;
06:56:09;242;50,00;
06:56:12;238;49,99;
06:56:15;244;49,99;
06:56:18;236;49,99;
06:56:21;244;49,98;
06:56:24;241;49,98;
06:56:27;245;49,98;
06:56:30;246;49,98;
06:56:33;247;49,98;
06:56:36;206;49,98;
06:56:42;242;49,98;
06:56:45;245;49,98;
06:56:48;243;49,97;
06:56:54;246;49,98;
06:56:57;244;49,98;
06:57:00;249;49,98;
06:57:03;252;49,98;
06:57:06;253;50,00;
06:57:09;251;50,00;
06:57:12;248;50,00;
06:57:15;251;50,00;
06:57:18;247;49,99;
06:57:21;251;49,99;
06:57:30;256;50,00;
06:57:33;255;50,00;
06:57:36;253;49,99;
06:57:39;253;50,00;
06:57:42;249;50,00;
06:57:48;249;49,99;
06:57:54;247;50,00;
06:57:57;251;50,00;
06:58:00;250;50,00;
06:58:03;252;50,00;
06:58:06;251;50,00;
06:58:12;252;50,00;
06:58:15;251;50,00;
06:58:18;255;49,99;
06:58:21;253;49,99;
06:58:24;257;49,99;
06:58:27;255;49,99;
06:58:33;257;49,99;
06:58:36;244;50,00;
06:58:39;250;50,00;
06:58:42;255;50,00;
06:58:45;257;49,99;
06:58:48;259;49,98;
06:58:54;261;49,98;
06:58:57;262;49,98;
06:59:00;258;49,98;
06:59:03;260;49,98;
06:59:06;262;49,98;
06:59:12;261;49,98;
06:59:15;255;49,99;
06:59:18;253;49,98;
06:59:21;262;49,98;
06:59:27;257;49,97;
06:59:30;253;49,98;
06:59:33;262;49,98;
06:59:36;260;49,98;
06:59:39;261;49,98;
06:59:42;252;49,99;
06:59:45;259;49,99;
06:59:48;264;49,98;
06:59:51;263;49,98;
07:00:00;251;49,99;
07:00:03;259;50,00;
07:00:06;264;50,00;
07:00:09;266;50,00;
07:00:12;264;50,00;
07:00:15;262;50,00;
07:00:21;268;50,00;
07:00:24;265;50,01;
07:00:27;271;50,01;
07:00:30;267;50,00;
07:00:33;266;50,01;
07:00:36;254;50,00;
07:00:39;266;50,00;
07:00:45;268;50,01;
07:00:54;265;50,01;
07:00:57;282;50,01;
07:01:00;267;50,01;
07:01:03;279;50,01;
07:01:06;273;50,00;
07:01:09;269;50,00;
07:01:12;273;50,00;
07:01:15;260;50,00;
07:01:18;275;49,99;
07:01:21;276;49,99;
07:01:24;264;49,99;
07:01:27;277;49,98;
07:01:30;269;49,98;
07:01:36;275;49,98;
07:01:39;267;49,98;
07:01:42;273;49,98;
07:01:51;274;49,98;
07:01:54;272;49,98;
07:01:57;274;49,98;
07:02:00;276;49,98;
07:02:03;274;49,99;
07:02:06;278;50,00;
07:02:09;277;50,00;
07:02:12;275;50,00;
07:02:15;280;49,99;
07:02:18;273;49,99;
07:02:21;271;49,99;
07:02:24;279;49,99;
07:02:27;270;49,99;
07:02:30;278;49,99;
07:02:33;277;50,00;
07:02:36;275;50,00;
07:02:39;274;50,00;
07:02:42;281;50,00;
07:02:45;279;50,00;
07:02:48;281;50,00;
07:02:51;279;50,00;
07:03:00;283;50,00;
07:03:06;287;50,00;
07:03:09;283;50,00;
07:03:12;278;50,00;
07:03:15;282;50,00;
07:03:18;283;50,00;
07:03:21;282;50,00;
07:03:24;285;50,00;
07:03:27;284;49,99;
07:03:30;282;49,99;
07:03:33;283;49,98;
07:03:36;279;49,98;
07:03:39;281;49,98;
07:03:42;282;49,98;
07:03:45;285;49,99;
07:03:48;287;49,99;
07:03:51;284;50,00;
07:03:54;279;50,00;
07:03:57;283;50,00;
07:04:06;282;50,00;
07:04:12;287;50,00;
07:04:15;284;50,00;
07:04:18;278;50,00;
07:04:21;289;50,00;
07:04:24;277;50,00;
07:04:27;283;49,99;
07:04:30;276;49,99;
07:04:33;287;49,99;
07:04:36;284;49,98;
07:04:39;290;49,98;
07:04:42;292;49,98;
07:04:48;289;49,99;
07:04:51;288;49,99;
07:04:54;285;50,00;
07:04:57;284;50,00;
07:05:00;286;50,00;
07:05:03;282;50,00;
07:05:06;284;49,99;
07:05:09;289;49,99;
07:05:12;284;49,99;
07:05:15;290;49,99;
07:05:18;286;49,98;
07:05:21;290;49,98;
07:05:24;291;49,98;
07:05:27;293;49,98;
07:05:30;288;49,98;
07:05:33;290;49,98;
07:05:36;288;49,98;
07:05:39;292;49,98;
07:05:42;291;49,99;
07:05:45;289;49,99;
07:05:54;292;49,98;
07:05:57;291;49,99;
07:06:03;294;50,00;
07:06:06;262;50,00;
07:06:09;283;50,00;
07:06:12;290;49,99;
07:06:15;292;49,99;
07:06:18;292;49,98;
07:06:21;286;49,98;
07:06:24;285;49,98;
07:06:30;291;49,98;
07:06:33;298;49,98;
07:06:36;288;49,98;
07:06:39;295;49,98;
07:06:42;291;49,99;
07:06:45;255;49,98;
07:06:48;261;49,99;
07:06:51;290;49,99;
07:06:54;291;50,00;
07:07:00;296;50,00;
07:07:06;300;50,00;
07:07:09;298;50,00;
07:07:12;297;50,01;
07:07:15;280;50,01;
07:07:18;297;50,00;
07:07:21;297;50,01;
07:07:24;300;50,00;
07:07:27;303;50,00;
07:07:30;305;49,99;
07:07:33;304;49,99;
07:07:36;304;50,00;
07:07:39;297;50,01;
07:07:42;307;50,01;
07:07:45;311;50,01;
07:07:48;303;50,01;
07:07:54;300;50,00;
07:07:57;300;50,01;
07:08:00;303;50,01;
07:08:06;304;50,01;
07:08:09;304;50,00;
07:08:15;305;50,00;
07:08:18;305;50,01;
07:08:21;308;50,01;
07:08:24;303;50,01;
07:08:27;308;50,01;
07:08:30;305;50,00;
07:08:33;308;50,00;
07:08:36;305;50,00;
07:08:39;307;50,00;
07:08:42;304;50,00;
07:08:45;305;50,00;
07:08:48;306;50,00;
07:08:51;307;50,00;
07:08:54;314;50,00;
07:08:57;310;50,00;
07:09:00;311;50,00;
07:09:12;311;49,99;
07:09:15;308;49,98;
07:09:18;309;49,98;
07:09:21;310;49,98;
07:09:24;306;49,98;
07:09:27;311;49,98;
07:09:30;313;49,98;
07:09:33;308;49,98;
07:09:36;305;49,98;
07:09:39;312;49,98;
07:09:42;316;49,98;
07:09:45;314;49,98;
07:09:48;307;49,98;
07:09:51;309;49,98;
07:09:57;315;49,98;
07:10:00;313;49,98;
07:10:03;314;49,98;
07:10:12;311;49,98;
07:10:18;313;49,98;
07:10:24;312;49,98;
07:10:27;313;49,98;
07:10:33;314;49,98;
07:10:36;315;49,98;
07:10:39;307;49,98;
07:10:42;314;49,99;
07:10:45;308;50,00;
07:10:48;314;50,00;
07:10:51;318;50,01;
07:10:54;321;50,01;
07:10:57;314;50,02;
07:11:03;316;50,02;
07:11:06;313;50,02;
07:11:09;318;50,01;
07:11:12;321;50,01;
07:11:15;322;50,01;
07:11:18;319;50,01;
07:11:21;324;50,01;
07:11:24;317;50,01;
07:11:27;315;50,00;
07:11:30;318;50,00;
07:11:33;319;50,00;
07:11:36;322;50,00;
07:11:39;321;49,99;
07:11:42;322;49,99;
07:11:45;321;49,99;
07:11:48;324;49,99;
07:11:51;323;50,00;
07:11:54;325;50,00;
07:11:57;324;50,00;
07:12:00;327;50,00;
07:12:03;328;50,00;
07:12:09;325;50,00;
07:12:15;307;50,00;
07:12:18;324;50,00;
07:12:21;331;50,00;
07:12:24;325;50,00;
07:12:27;328;50,00;
07:12:30;323;50,00;
07:12:33;325;50,00;
07:12:36;328;50,00;
07:12:39;331;49,99;
07:12:42;324;49,99;
07:12:45;333;49,99;
07:12:48;327;49,99;
07:12:51;326;49,99;
07:12:54;329;49,99;
07:12:57;334;49,99;
07:13:00;329;49,99;
07:13:03;331;49,99;
07:13:06;335;49,99;
07:13:09;334;49,99;
07:13:15;333;49,99;
07:13:18;334;49,99;
07:13:21;332;49,99;
07:13:24;334;49,99;
07:13:27;322;50,00;
07:13:30;335;50,00;
07:13:33;334;50,00;
07:13:36;335;50,00;
07:13:39;328;49,99;
07:13:42;332;49,99;
07:13:45;337;50,00;
07:13:48;337;49,99;
07:13:51;340;49,99;
07:13:54;341;49,99;
07:14:00;328;49,98;
07:14:03;337;49,98;
07:14:06;340;49,98;
07:14:09;339;49,98;
07:14:12;342;49,98;
07:14:15;339;49,98;
07:14:18;340;49,99;
07:14:21;338;49,99;
07:14:27;340;49,99;
07:14:30;345;49,99;
07:14:33;337;49,99;
07:14:36;346;50,00;
07:14:39;342;50,00;
07:14:42;344;50,00;
07:14:45;339;50,00;
07:14:48;345;50,00;
07:14:51;342;50,00;
07:14:54;335;50,00;
07:14:57;342;50,00;
07:15:00;346;49,99;
07:15:06;343;49,99;
07:15:09;345;49,99;
07:15:12;343;49,99;
07:15:15;348;49,99;
07:15:18;337;49,99;
07:15:21;345;49,99;
07:15:24;345;49,98;
07:15:27;348;49,99;
07:15:30;344;49,99;
07:15:33;352;49,99;
07:15:36;344;49,99;
07:15:39;352;49,99;
07:15:42;347;49,98;
07:15:45;353;49,99;
07:15:48;357;49,98;
07:15:51;355;49,98;
07:15:54;354;49,98;
07:15:57;355;49,98;
07:16:00;358;49,97;
07:16:03;357;49,97;
07:16:06;343;49,98;
07:16:12;354;49,99;
07:16:15;356;49,99;
07:16:18;353;50,00;
07:16:21;355;50,00;
07:16:24;357;50,00;
07:16:27;328;50,00;
07:16:30;349;50,00;
07:16:33;346;49,99;
07:16:36;355;49,99;
07:16:39;349;49,99;
07:16:42;358;49,99;
07:16:45;353;49,99;
07:16:51;359;49,99;
07:16:54;360;49,99;
07:16:57;359;49,99;
07:17:00;356;50,00;
07:17:03;358;50,00;
07:17:06;360;49,99;
07:17:09;361;49,99;
07:17:12;360;49,99;
07:17:18;351;50,00;
07:17:21;346;50,00;
07:17:24;367;50,00;
07:17:27;358;50,00;
07:17:30;365;50,00;
07:17:33;359;50,00;
07:17:36;365;50,00;
07:17:39;359;50,00;
07:17:42;369;50,00;
07:17:45;360;50,00;
07:17:48;364;49,99;
07:17:51;368;49,99;
07:17:54;370;49,99;
07:17:57;362;49,99;
07:18:00;368;49,99;
07:18:03;367;49,99;
07:18:06;370;49,99;
07:18:09;365;49,99;
07:18:12;371;49,99;
07:18:15;367;49,99;
07:18:24;360;49,99;
07:18:27;371;50,00;
07:18:30;368;49,99;
07:18:33;360;49,99;
07:18:36;368;49,98;
07:18:39;373;49,98;
07:18:42;369;49,98;
07:18:45;374;49,99;
07:18:48;376;49,99;
07:18:51;375;49,99;
07:18:54;369;49,99;
07:18:57;367;50,00;
07:19:00;376;50,00;
07:19:03;370;50,00;
07:19:09;367;50,00;
07:19:12;377;50,00;
07:19:15;381;50,00;
07:19:18;380;50,00;
07:19:21;383;50,00;
07:19:27;385;49,99;
07:19:30;384;49,99;
07:19:33;371;49,99;
07:19:36;382;50,00;
07:19:39;389;49,99;
07:19:42;386;49,99;
07:19:45;390;49,99;
07:19:48;383;49,99;
07:19:51;391;49,98;
07:19:54;393;50,00;
07:19:57;382;50,00;
07:20:00;393;50,00;
07:20:03;392;49,99;
07:20:06;388;50,00;
07:20:09;383;49,99;
07:20:15;398;50,00;
07:20:18;396;49,99;
07:20:21;389;49,99;
07:20:24;379;49,99;
07:20:27;404;49,99;
07:20:30;399;49,99;
07:20:33;403;49,98;
07:20:36;402;49,98;
07:20:39;399;49,98;
07:20:42;396;49,99;
07:20:45;410;49,99;
07:20:48;404;49,99;
07:20:51;408;49,99;
07:20:54;413;49,99;
07:20:57;406;49,99;
07:21:00;403;50,00;
07:21:03;416;50,01;
07:21:06;420;50,01;
07:21:09;418;50,01;
07:21:12;408;50,01;
07:21:15;422;50,01;
07:21:21;424;50,00;
07:21:24;415;50,00;
07:21:27;419;50,00;
07:21:30;413;50,00;
07:21:33;422;50,00;
07:21:36;427;50,00;
07:21:39;423;50,00;
07:21:42;431;50,00;
07:21:45;437;50,00;
07:21:48;430;49,99;
07:21:51;434;50,00;
07:21:54;428;50,00;
07:21:57;430;50,00;
07:22:03;434;50,00;
07:22:06;433;50,00;
07:22:09;438;50,00;
07:22:12;437;50,00;
07:22:15;441;50,00;
07:22:18;442;50,00;
07:22:21;444;50,00;
07:22:27;446;50,00;
07:22:30;450;50,00;
07:22:33;452;50,00;
07:22:36;458;50,00;
07:22:42;463;50,00;
07:22:45;457;50,00;
07:22:48;460;50,00;
07:22:51;458;50,00;
07:22:54;456;50,00;
07:22:57;466;50,00;
07:23:00;461;50,01;
07:23:03;466;50,00;
07:23:06;467;50,00;
07:23:12;468;50,01;
07:23:18;470;50,01;
07:23:21;468;50,00;
07:23:24;475;50,00;
07:23:27;471;50,00;
07:23:30;475;50,01;
07:23:39;471;50,01;
07:23:42;476;50,01;
07:23:45;477;50,01;
07:23:48;478;50,01;
07:23:51;476;50,01;
07:23:54;479;50,01;
07:23:57;480;50,01;
07:24:00;480;50,02;
07:24:03;482;50,02;
07:24:06;484;50,02;
07:24:09;479;50,02;
07:24:12;486;50,01;
07:24:18;487;50,01;
07:24:21;484;50,01;
07:24:24;486;50,01;
07:24:27;485;50,01;
07:24:30;487;50,01;
07:24:33;486;50,01;
07:24:36;488;50,01;
07:24:48;488;50,02;
07:24:51;487;50,02;
07:24:54;490;50,02;
07:24:57;489;50,02;
07:25:00;491;50,02;
07:25:03;489;50,02;
07:25:06;492;50,01;
07:25:09;491;50,01;
07:25:12;493;50,01;
07:25:15;490;50,01;
07:25:18;494;50,00;
07:25:24;496;50,00;
07:25:27;493;50,00;
07:25:30;496;50,00;
07:25:33;498;50,00;
07:25:39;490;50,00;
07:25:42;504;50,00;
07:25:45;498;50,00;
07:25:48;499;50,00;
07:25:51;493;50,00;
07:25:54;502;50,00;
07:25:57;505;50,00;
07:26:00;502;50,00;
07:26:03;499;50,00;
07:26:06;506;50,00;
07:26:09;502;50,00;
07:26:12;503;50,01;
07:26:15;504;50,01;
07:26:30;508;50,01;
07:26:33;506;50,01;
07:26:39;507;50,01;
07:26:42;506;50,01;
07:26:45;507;50,01;
07:26:48;504;50,01;
07:26:51;508;50,01;
07:26:54;510;50,01;
07:26:57;510;50,02;
07:27:00;510;50,01;
07:27:03;511;50,01;
07:27:06;512;50,01;
07:27:09;513;50,01;
07:27:12;508;50,01;
07:27:15;513;50,01;
07:27:18;514;50,01;
07:27:24;511;50,01;
07:27:27;513;50,01;
07:27:30;514;50,01;
07:27:36;515;50,01;
07:27:39;514;50,01;
07:27:42;520;50,01;
07:27:45;518;50,01;
07:27:48;510;50,01;
07:27:51;517;50,01;
07:27:54;523;50,02;
07:27:57;515;50,02;
07:28:00;512;50,03;
07:28:05;521;50,03;
07:28:08;516;50,03;
07:28:11;521;50,02;
07:28:14;518;50,02;
07:28:17;521;50,02;
07:28:23;519;50,01;
07:28:26;524;50,01;
07:28:32;523;50,01;
07:28:35;520;50,01;
07:28:38;525;50,01;
07:28:41;524;50,01;
07:28:44;520;50,02;
07:28:47;518;50,03;
07:28:50;531;50,03;
07:28:53;532;50,03;
07:28:56;521;50,02;
07:28:59;522;50,02;
07:29:05;533;50,02;
07:29:08;522;50,02;
07:29:11;529;50,02;
07:29:14;526;50,02;
07:29:17;529;50,03;
07:29:20;523;50,03;
07:29:23;527;50,02;
07:29:26;528;50,02;
07:29:29;529;50,02;
07:29:32;523;50,01;
07:29:35;531;50,01;
07:29:38;531;50,02;
07:29:41;532;50,03;
07:29:47;534;50,03;
07:29:50;532;50,02;
07:29:53;533;50,02;
07:29:56;529;50,02;
07:29:59;533;50,02;
07:30:02;531;50,03;
07:30:04;535;50,03;
07:30:09;528;50,03;
07:30:12;536;50,02;
07:30:14;536;50,01;
07:30:16;535;50,01;
07:30:18;532;50,01;
07:30:20;537;50,01;
07:30:22;536;50,01;
07:30:27;538;50,01;
07:30:31;537;50,01;
07:30:35;537;50,00;
07:30:42;540;50,01;
07:30:44;544;50,01;
07:30:47;540;50,01;
07:30:49;545;50,01;
07:30:51;534;50,01;
07:30:59;545;50,03;
07:31:01;548;50,02;
07:31:03;542;50,02;
07:31:06;545;50,03;
07:31:13;543;50,02;
07:31:17;544;50,01;
07:31:20;545;50,01;
07:31:23;544;50,01;
07:31:26;546;50,01;
07:31:29;544;50,01;
07:31:32;546;50,01;
07:31:34;544;50,01;
07:31:36;546;50,01;
07:31:39;547;50,01;
07:31:42;548;50,01;
07:31:44;547;50,01;
07:31:46;549;50,01;
07:31:53;551;50,01;
07:31:57;548;50,01;
07:32:04;550;50,01;
07:32:06;553;50,01;
07:32:10;548;50,02;
07:32:13;546;50,02;
07:32:17;550;50,02;
07:32:23;553;50,01;
07:32:25;554;50,01;
07:32:27;555;50,01;
07:32:29;556;50,02;
07:32:32;555;50,02;
07:32:35;556;50,02;
07:32:39;557;50,02;
07:32:46;556;50,02;
07:32:49;559;50,02;
07:32:51;552;50,02;
07:32:54;559;50,02;
07:32:57;560;50,02;
07:33:09;563;50,02;
07:33:11;565;50,01;
07:33:14;564;50,01;
07:33:20;565;50,01;
07:33:24;566;50,02;
07:33:28;568;50,02;
07:33:32;567;50,02;
07:33:43;569;50,02;
07:33:45;576;50,02;
07:33:48;565;50,02;
07:33:52;561;50,01;
07:33:56;572;50,01;
07:33:59;578;50,01;
07:34:02;573;50,01;
07:34:03;575;50,01;
07:34:10;573;50,01;
07:34:13;574;50,01;
07:34:17;578;50,01;
07:34:20;576;50,01;
07:34:23;577;50,02;
07:34:25;577;50,01;
07:34:28;576;50,01;
07:34:31;573;50,01;
07:34:36;578;50,01;
07:34:38;579;50,01;
07:34:40;577;50,01;
07:34:44;580;50,00;
07:34:52;581;50,01;
07:34:54;580;50,01;
07:35:01;584;50,01;
07:35:03;586;50,01;
07:35:06;580;50,01;
07:35:09;587;50,01;
07:35:11;589;50,01;
07:35:19;588;50,01;
07:35:22;589;50,01;
07:35:30;591;50,01;
07:35:33;592;50,01;
07:35:41;594;50,01;
07:35:45;596;50,01;
07:35:47;600;50,02;
07:35:49;590;50,01;
07:35:51;597;50,02;
07:35:53;587;50,02;
07:35:55;601;50,02;
07:35:57;598;50,01;
07:36:02;600;50,02;
07:36:15;603;50,01;
07:36:20;597;50,01;
07:36:23;605;50,01;
07:36:27;604;50,01;
07:36:30;600;50,01;
07:36:32;606;50,01;
07:36:35;605;50,01;
07:36:40;606;50,01;
07:36:43;602;50,01;
07:36:46;610;50,01;
07:36:48;614;50,01;
07:36:51;603;50,01;
07:36:53;610;50,01;
07:36:55;616;50,01;
07:37:03;612;50,01;
07:37:10;615;50,01;
07:37:14;619;50,01;
07:37:16;616;50,01;
07:37:18;617;50,01;
07:37:20;614;50,01;
07:37:23;617;50,01;
07:37:33;615;50,01;
07:37:36;619;50,01;
07:37:40;612;50,01;
07:37:43;620;50,00;
07:37:45;622;50,01;
07:37:52;624;50,01;
07:37:54;625;50,01;
07:37:56;622;50,01;
07:37:59;627;50,01;
07:38:03;620;50,01;
07:38:06;628;50,01;
07:38:09;627;50,01;
07:38:11;629;50,01;
07:38:17;630;50,01;
07:38:21;629;50,00;
07:38:24;633;50,00;
07:38:26;626;50,00;
07:38:29;633;50,00;
07:38:31;632;50,00;
07:38:35;634;50,00;
07:38:38;629;50,00;
07:38:41;635;49,99;
07:38:45;636;50,00;
07:38:48;637;50,00;
07:38:51;628;50,00;
07:38:54;638;50,00;
07:38:58;644;50,01;
07:39:01;640;50,01;
07:39:03;645;50,02;
07:39:09;648;50,01;
07:39:12;642;50,01;
07:39:16;639;50,01;
07:39:19;643;50,01;
07:39:22;642;50,01;
07:39:25;648;50,01;
07:39:26;641;50,01;
07:39:34;647;50,01;
07:39:37;649;50,01;
07:39:41;644;50,01;
07:39:45;652;50,01;
07:39:48;649;50,01;
07:39:51;653;50,01;
07:39:55;653;50,00;
07:39:58;655;50,00;
07:40:01;652;50,01;
07:40:05;657;50,02;
07:40:08;656;50,02;
07:40:12;653;50,01;
07:40:15;651;50,01;
07:40:16;659;50,00;
07:40:23;658;50,00;
07:40:25;661;50,00;
07:40:34;660;50,00;
07:40:37;663;50,00;
07:40:40;659;50,00;
07:40:43;663;50,01;
07:40:47;664;50,01;
07:40:50;665;50,01;
07:40:53;662;50,01;
07:40:57;665;50,01;
07:41:00;664;50,01;
07:41:05;667;50,01;
07:41:08;668;50,00;
07:41:11;669;50,00;
07:41:16;668;50,00;
07:41:18;670;50,00;
07:41:28;671;50,00;
07:41:31;668;50,00;
07:41:34;671;50,00;
07:41:38;673;50,01;
07:41:41;669;50,01;
07:41:44;673;50,01;
07:41:48;676;50,01;
07:41:58;677;50,01;
07:42:01;670;50,01;
07:42:04;679;50,01;
07:42:08;684;50,00;
07:42:11;687;50,00;
07:42:14;676;50,00;
07:42:18;682;50,00;
07:42:21;685;50,00;
07:42:25;683;50,01;
07:42:28;685;50,01;
07:42:31;682;50,01;
07:42:34;685;50,01;
07:42:38;687;50,02;
07:42:42;688;50,01;
07:42:48;689;50,02;
07:42:52;691;50,02;
07:42:56;687;50,02;
07:42:59;691;50,02;
07:43:02;691;50,01;
07:43:06;690;50,01;
07:43:12;694;50,01;
07:43:15;695;50,01;
07:43:18;694;50,01;
07:43:21;693;50,01;
07:43:24;694;50,01;
07:43:27;696;50,00;
07:43:29;697;50,01;
07:43:32;700;50,01;
07:43:36;702;50,01;
07:43:43;708;50,01;
07:43:46;710;50,00;
07:43:47;748;50,00;
07:43:53;750;50,00;
07:43:56;812;50,00;
07:43:57;816;50,01;
07:44:03;826;50,01;
07:44:09;867;50,02;
07:44:12;879;50,02;
07:44:15;900;50,01;
07:44:18;905;50,01;
07:44:21;918;50,00;
07:44:24;946;50,00;
07:44:27;962;50,00;
07:44:28;951;50,00;
07:44:31;956;50,00;
07:44:34;971;50,01;
07:44:38;966;50,01;
07:44:44;929;50,01;
07:44:48;970;50,00;
07:44:51;975;50,00;
07:44:54;969;49,99;
07:44:58;967;50,00;
07:45:01;979;50,00;
07:45:05;971;50,00;
07:45:08;954;50,00;
07:45:11;961;50,00;
07:45:14;976;50,00;
07:45:18;980;50,00;
07:45:21;948;50,00;
07:45:24;981;49,99;
07:45:28;985;49,98;
07:45:31;980;49,98;
07:45:34;979;49,98;
07:45:38;947;49,98;
07:45:41;987;50,01;
07:45:44;978;50,01;
07:45:48;955;50,01;
07:45:51;973;50,01;
07:45:54;980;50,01;
07:46:01;986;50,00;
07:46:04;1000;50,00;
07:46:07;982;50,00;
07:46:10;1040;50,00;
07:46:13;1015;50,00;
07:46:16;1087;50,00;
07:46:20;1052;50,00;
07:46:23;1126;50,00;
07:46:26;1132;50,00;
07:46:27;1164;50,00;
07:46:30;1137;50,00;
07:46:33;1171;50,00;
07:46:36;1175;49,99;
07:46:39;1214;49,99;
07:46:42;1183;49,98;
07:46:45;1215;49,98;
07:46:48;1222;49,99;
07:46:51;1259;49,99;
07:46:55;1262;49,99;
07:46:58;1320;50,00;
07:47:01;1300;50,00;
07:47:04;1322;50,00;
07:47:07;1332;50,00;
07:47:10;1351;49,99;
07:47:13;1350;49,99;
07:47:16;1361;49,99;
07:47:17;1359;49,99;
07:47:20;1361;49,99;
07:47:23;1357;49,99;
07:47:26;1355;49,99;
07:47:27;1365;49,99;
07:47:30;1377;49,99;
07:47:33;1371;49,99;
07:47:36;1374;50,00;
07:47:39;1384;50,01;
07:47:42;1378;50,01;
07:47:45;1392;50,01;
07:47:48;1393;50,01;
07:47:51;1396;50,01;
07:47:54;1389;50,01;
07:47:58;1403;50,01;
07:48:01;1401;50,01;
07:48:04;1409;50,01;
07:48:07;1398;50,01;
07:48:10;1409;50,01;
07:48:13;1407;50,01;
07:48:16;1414;50,00;
07:48:17;1406;50,01;
07:48:20;1417;50,01;
07:48:26;1421;50,01;
07:48:29;1420;50,02;
07:48:32;1414;50,01;
07:48:35;1426;50,01;
07:48:38;1425;50,01;
07:48:41;1430;50,01;
07:48:44;1432;50,01;
07:48:50;1437;50,01;
07:48:56;1443;50,01;
07:48:59;1445;50,01;
07:49:02;1451;50,01;
07:49:05;1450;50,02;
07:49:08;1454;50,02;
07:49:11;1455;50,02;
07:49:14;1462;50,02;
07:49:17;1460;50,01;
07:49:20;1475;50,01;
07:49:23;1474;50,01;
07:49:26;1478;50,01;
07:49:27;1481;50,01;
07:49:30;1472;50,01;
07:49:33;1481;50,02;
07:49:36;1485;50,01;
07:49:37;1474;50,01;
07:49:40;1488;50,01;
07:49:43;1478;50,01;
07:49:46;1491;50,01;
07:49:47;1478;50,01;
07:49:50;1491;50,00;
07:49:53;1494;50,00;
07:49:56;1496;50,00;
07:50:00;1497;50,00;
07:50:03;1493;50,00;
07:50:06;1501;50,00;
07:50:09;1501;50,01;
07:50:12;1504;50,00;
07:50:15;1496;50,01;
07:50:18;1510;50,01;
07:50:21;1502;50,01;
07:50:24;1506;50,00;
07:50:27;1502;50,01;
07:50:30;1515;50,01;
07:50:33;1509;50,01;
07:50:36;1520;50,01;
07:50:39;1513;50,01;
07:50:42;1522;50,01;
07:50:45;1523;50,01;
07:50:48;1526;50,01;
07:50:51;1519;50,01;
07:50:54;1530;50,01;
07:50:57;1520;50,02;
07:51:00;1531;50,01;
07:51:03;1526;50,01;
07:51:09;1530;50,01;
07:51:12;1541;50,01;
07:51:15;1535;50,01;
07:51:18;1545;50,01;
07:51:21;1542;50,01;
07:51:24;1549;50,01;
07:51:27;1550;50,01;
07:51:30;1541;50,01;
07:51:33;1552;50,00;
07:51:36;1556;50,00;
07:51:39;1548;50,00;
07:51:42;1557;50,00;
07:51:45;1561;50,00;
07:51:48;1469;50,00;
07:51:51;1542;50,00;
07:51:54;1547;50,01;
07:51:57;1548;50,01;
07:52:00;1557;50,01;
07:52:03;1563;50,01;
07:52:06;1570;50,00;
07:52:09;1571;50,00;
07:52:15;1578;50,00;
07:52:18;1571;50,00;
07:52:21;1578;50,01;
07:52:24;1586;50,01;
07:52:27;1591;50,01;
07:52:30;1575;50,01;
07:52:33;1588;50,01;
07:52:39;1580;50,01;
07:52:42;1592;50,02;
07:52:45;1588;50,01;
07:52:48;1593;50,02;
07:52:51;1585;50,02;
07:52:54;1596;50,02;
07:52:57;1600;50,02;
07:53:00;1601;50,02;
07:53:03;1593;50,02;
07:53:06;1595;50,02;
07:53:09;1596;50,02;
07:53:12;1603;50,02;
07:53:15;1600;50,01;
07:53:21;1603;50,01;
07:53:24;1612;50,01;
07:53:27;1609;50,01;
07:53:30;1601;50,01;
07:53:33;1615;50,01;
07:53:36;1614;50,01;
07:53:39;1617;50,01;
07:53:45;1624;50,01;
07:53:48;1630;50,01;
07:53:51;1636;50,02;
07:53:54;1637;50,02;
07:53:57;1643;50,02;
07:54:00;1635;50,02;
07:54:03;1646;50,02;
07:54:06;1651;50,02;
07:54:09;1654;50,02;
07:54:12;1643;50,02;
07:54:15;1656;50,03;
07:54:18;1659;50,02;
07:54:21;1662;50,02;
07:54:27;1670;50,02;
07:54:30;1662;50,01;
07:54:33;1673;50,02;
07:54:36;1667;50,02;
07:54:39;1674;50,02;
07:54:45;1676;50,02;
07:54:48;1677;50,02;
07:54:51;1678;50,03;
07:54:54;1679;50,03;
07:54:57;1683;50,03;
07:55:00;1668;50,02;
07:55:03;1685;50,02;
07:55:06;1690;50,01;
07:55:12;1677;50,02;
07:55:15;1690;50,02;
07:55:18;1693;50,03;
07:55:21;1689;50,02;
07:55:24;1688;50,02;
07:55:27;1686;50,02;
07:55:30;1697;50,02;
07:55:33;1699;50,01;
07:55:36;1700;50,01;
07:55:39;1685;50,01;
07:55:42;1703;50,01;
07:55:45;1701;50,01;
07:55:48;1708;50,01;
07:55:51;1692;50,01;
07:55:54;1709;50,01;
07:55:57;1707;50,01;
07:56:00;1711;50,01;
07:56:03;1695;50,02;
07:56:06;1714;50,02;
07:56:09;1710;50,01;
07:56:12;1714;50,01;
07:56:18;1714;50,02;
07:56:21;1710;50,02;
07:56:24;1717;50,01;
07:56:27;1702;50,01;
07:56:30;1715;50,01;
07:56:33;1713;50,01;
07:56:36;1724;50,01;
07:56:39;1726;50,01;
07:56:42;1729;50,01;
07:56:45;1721;50,01;
07:56:48;1729;50,01;
07:56:51;1727;50,01;
07:56:54;1731;50,01;
07:56:57;1718;50,01;
07:57:00;1725;50,01;
07:57:03;1713;50,01;
07:57:06;1721;50,01;
07:57:09;1710;50,00;
07:57:12;1727;50,01;
07:57:15;1721;50,01;
07:57:18;1730;50,00;
07:57:24;1738;50,00;
07:57:27;1732;50,00;
07:57:30;1753;50,00;
07:57:33;1739;50,00;
07:57:36;1750;50,00;
07:57:39;1742;50,00;
07:57:42;1755;50,00;
07:57:45;1756;50,00;
07:57:48;1754;49,99;
07:57:51;1746;50,00;
07:57:54;1756;50,00;
07:57:57;1747;50,00;
07:58:00;1750;50,00;
07:58:03;1743;50,00;
07:58:06;1750;50,00;
07:58:09;1732;50,00;
07:58:12;1742;49,99;
07:58:15;1739;49,98;
07:58:18;1738;49,98;
07:58:21;1733;49,98;
07:58:24;1745;49,99;
07:58:30;1748;49,99;
07:58:33;1747;49,99;
07:58:36;1751;49,98;
07:58:39;1749;49,99;
07:58:42;1745;49,99;
07:58:45;1743;49,99;
07:58:48;1732;49,99;
07:58:51;1737;49,99;
07:58:54;1741;49,99;
07:58:57;1743;49,99;
07:59:03;1746;49,99;
07:59:06;1747;49,99;
07:59:09;1754;49,99;
07:59:15;1756;49,99;
07:59:18;1752;50,00;
07:59:21;1762;50,00;
07:59:24;1759;50,00;
07:59:27;1771;50,00;
07:59:30;1770;50,00;
07:59:39;1769;50,00;
07:59:42;1762;50,00;
07:59:45;1761;50,01;
07:59:48;1751;50,00;
07:59:51;1751;50,01;
07:59:54;1744;50,01;
07:59:57;1745;50,01;
08:00:00;1726;50,01;
08:00:03;1730;50,01;
08:00:06;1724;50,02;
08:00:09;1717;50,01;
08:00:12;1712;50,01;
08:00:15;1709;50,01;
08:00:21;1701;50,01;
08:00:24;1698;50,01;
08:00:27;1691;50,01;
08:00:30;1683;50,01;
08:00:33;1681;50,01;
08:00:36;1677;50,01;
08:00:39;1675;50,01;
08:00:42;1679;50,01;
08:00:45;1689;50,00;
08:00:48;1683;50,01;
08:00:51;1688;50,00;
08:00:54;1685;50,01;
08:00:57;1689;50,01;
08:01:00;1669;50,01;
08:01:03;1689;50,01;
08:01:06;1693;50,00;
08:01:09;1703;50,00;
08:01:12;1697;50,00;
08:01:15;1708;50,00;
08:01:18;1709;50,00;
08:01:21;1719;50,00;
08:01:27;1734;50,00;
08:01:30;1740;50,00;
08:01:33;1754;50,00;
08:01:36;1760;50,00;
08:01:39;1781;49,99;
08:01:42;1784;49,99;
08:01:45;1780;50,00;
08:01:48;1793;50,00;
08:01:51;1809;50,00;
08:01:54;1819;50,00;
08:01:57;1836;50,01;
08:02:00;1844;50,01;
08:02:03;1855;50,01;
08:02:06;1862;50,01;
08:02:09;1867;50,00;
08:02:12;1877;50,00;
08:02:15;1891;50,00;
08:02:18;1894;50,00;
08:02:21;1909;50,01;
08:02:24;1913;50,01;
08:02:27;1925;50,02;
08:02:33;1935;50,00;
08:02:36;1938;50,00;
08:02:39;1940;50,00;
08:02:42;1945;50,00;
08:02:45;1949;50,00;
08:02:51;1944;50,00;
08:02:54;1951;50,00;
08:02:57;1962;50,00;
08:03:00;1965;50,00;
08:03:03;1970;50,00;
08:03:06;1974;50,00;
08:03:09;1981;50,00;
08:03:12;1957;50,00;
08:03:15;1970;50,01;
08:03:18;1981;50,01;
08:03:21;1979;50,01;
08:03:24;1984;50,00;
08:03:27;1981;50,00;
08:03:30;1985;50,00;
08:03:39;1991;50,00;
08:03:42;1993;50,01;
08:03:45;1994;50,01;
08:03:48;1997;50,01;
08:03:54;2001;50,01;
08:03:57;2002;50,01;
08:04:03;2006;50,01;
08:04:06;2008;50,02;
08:04:09;2009;50,01;
08:04:12;2014;50,01;
08:04:15;2013;50,01;
08:04:24;2015;50,00;
08:04:27;2015;50,01;
08:04:30;2014;50,01;
08:04:33;2016;50,00;
08:04:36;2013;50,01;
08:04:39;2011;50,01;
08:04:42;2004;50,01;
08:04:45;2007;50,01;
08:04:48;1986;50,00;
08:04:51;1985;50,00;
08:04:54;1982;49,99;
08:04:57;1974;49,99;
08:05:00;1951;49,99;
08:05:03;1941;49,99;
08:05:06;1928;49,99;
08:05:09;1914;49,99;
08:05:12;1910;49,99;
08:05:15;1912;49,99;
08:05:18;1904;50,00;
08:05:21;1903;49,99;
08:05:24;1914;50,00;
08:05:30;1903;49,99;
08:05:33;1899;49,98;
08:05:36;1889;49,98;
08:05:39;1890;49,98;
08:05:42;1887;49,98;
08:05:45;1884;49,99;
08:05:48;1869;49,99;
08:05:51;1861;49,99;
08:05:54;1864;49,99;
08:05:57;1865;49,99;
08:06:00;1888;50,00;
08:06:03;1902;50,00;
08:06:06;1918;50,00;
08:06:09;1924;50,00;
08:06:12;1931;50,00;
08:06:15;1943;50,00;
08:06:18;1932;49,99;
08:06:21;1915;49,99;
08:06:24;1874;49,98;
08:06:27;1866;49,98;
08:06:30;1818;49,98;
08:06:36;1781;49,98;
08:06:39;1770;49,98;
08:06:42;1752;49,98;
08:06:45;1753;49,98;
08:06:48;1736;49,98;
08:06:51;1730;49,98;
08:06:54;1720;49,98;
08:06:57;1701;49,98;
08:07:00;1734;49,99;
08:07:03;1751;50,00;
08:07:06;1775;50,00;
08:07:09;1804;50,00;
08:07:12;1842;50,00;
08:07:15;1853;50,00;
08:07:18;1873;50,00;
08:07:21;1913;50,00;
08:07:24;1934;50,01;
08:07:27;1946;50,01;
08:07:30;1962;50,01;
08:07:33;1974;50,01;
08:07:36;1982;50,01;
08:07:42;1979;50,01;
08:07:45;1986;50,00;
08:07:48;1996;50,01;
08:07:51;1998;50,01;
08:07:57;2007;50,01;
08:08:00;2005;50,01;
08:08:03;1996;50,01;
08:08:06;1994;50,02;
08:08:09;1984;50,02;
08:08:12;1988;50,02;
08:08:15;1984;50,02;
08:08:18;1992;50,02;
08:08:21;1997;50,01;
08:08:27;1987;50,01;
08:08:30;1990;50,01;
08:08:33;1964;50,01;
08:08:36;1963;50,01;
08:08:39;1961;50,01;
08:08:42;1952;50,01;
08:08:45;1951;50,01;
08:08:48;1952;50,01;
08:08:51;1941;50,00;
08:08:54;1942;50,00;
08:08:57;1925;50,01;
08:09:00;1926;50,01;
08:09:03;1902;50,01;
08:09:06;1889;50,02;
08:09:09;1870;50,02;
08:09:12;1845;50,02;
08:09:15;1828;50,01;
08:09:18;1822;50,01;
08:09:21;1811;50,01;
08:09:24;1814;50,01;
08:09:27;1810;50,01;
08:09:33;1804;50,01;
08:09:36;1814;50,00;
08:09:39;1835;50,01;
08:09:42;1839;50,01;
08:09:45;1834;50,01;
08:09:48;1844;50,01;
08:09:51;1845;50,01;
08:09:54;1840;50,00;
08:10:00;1860;50,00;
08:10:03;1878;50,00;
08:10:06;1887;50,00;
08:10:09;1887;50,01;
08:10:12;1903;50,01;
08:10:15;1912;50,01;
08:10:18;1916;50,01;
08:10:21;1905;50,00;
08:10:27;1890;50,01;
08:10:30;1881;50,00;
08:10:33;1866;50,00;
08:10:42;1867;50,00;
08:10:45;1855;50,00;
08:10:48;1859;50,01;
08:10:51;1849;50,01;
08:10:57;1844;50,01;
08:11:00;1828;50,01;
08:11:03;1831;50,01;
08:11:06;1827;50,01;
08:11:09;1784;50,01;
08:11:12;1781;50,01;
08:11:15;1754;50,01;
08:11:18;1746;50,01;
08:11:21;1737;50,00;
08:11:24;1722;50,00;
08:11:27;1718;50,00;
08:11:30;1732;50,00;
08:11:33;1735;50,00;
08:11:36;1740;49,99;
08:11:39;1750;49,99;
08:11:45;1798;49,99;
08:11:48;1801;49,99;
08:11:51;1830;49,98;
08:11:54;1833;49,98;
08:11:57;1818;49,98;
08:12:00;1808;49,98;
08:12:03;1820;49,98;
08:12:06;1819;49,98;
08:12:12;1812;49,98;
08:12:15;1860;49,98;
08:12:18;1876;49,98;
08:12:21;1896;49,98;
08:12:24;1889;49,97;
08:12:27;1888;49,97;
08:12:30;1902;49,97;
08:12:33;1921;49,97;
08:12:36;1919;49,97;
08:12:39;1932;49,97;
08:12:42;1930;49,97;
08:12:45;1912;49,97;
08:12:48;1898;49,98;
08:12:51;1886;49,98;
08:12:54;1861;50,00;
08:12:57;1834;50,00;
08:13:00;1805;50,01;
08:13:03;1798;50,01;
08:13:06;1775;50,01;
08:13:09;1795;50,01;
08:13:12;1819;50,01;
08:13:15;1809;50,01;
08:13:18;1764;50,01;
08:13:21;1775;50,01;
08:13:24;1823;50,01;
08:13:27;1872;50,01;
08:13:30;1962;50,01;
08:13:36;2003;50,01;
08:13:39;2057;50,00;
08:13:42;2127;50,00;
08:13:45;2145;50,00;
08:13:48;2149;50,00;
08:13:51;2184;50,00;
08:13:54;2190;50,00;
08:13:57;2185;50,00;
08:14:00;2138;50,01;
08:14:03;2133;50,01;
08:14:06;2100;50,01;
08:14:09;2080;50,01;
08:14:12;2052;50,01;
08:14:15;2058;50,02;
08:14:18;2048;50,01;
08:14:21;2038;50,02;
08:14:24;2036;50,01;
08:14:27;2059;50,01;
08:14:30;2077;50,01;
08:14:33;2076;50,01;
08:14:36;2113;50,01;
08:14:42;2121;50,01;
08:14:45;2124;50,01;
08:14:48;2149;50,02;
08:14:51;2148;50,02;
08:14:54;2202;50,02;
08:14:57;2211;50,03;
08:15:00;2241;50,03;
08:15:03;2261;50,03;
08:15:06;2281;50,02;
08:15:09;2294;50,02;
08:15:12;2342;50,02;
08:15:15;2337;50,02;
08:15:18;2358;50,03;
08:15:21;2360;50,02;
08:15:24;2367;50,02;
08:15:27;2390;50,02;
08:15:30;2436;50,01;
08:15:33;2426;50,01;
08:15:36;2393;50,01;
08:15:39;2382;50,01;
08:15:42;2434;50,01;
08:15:48;2494;50,00;
08:15:51;2500;50,00;
08:15:54;2509;50,01;
08:15:57;2497;50,00;
08:16:00;2527;50,00;
08:16:03;2530;50,01;
08:16:06;2533;50,00;
08:16:09;2527;50,00;
08:16:12;2491;50,01;
08:16:15;2471;50,01;
08:16:18;2410;50,01;
08:16:21;2380;50,01;
08:16:24;2393;50,01;
08:16:27;2389;50,01;
08:16:30;2386;50,01;
08:16:33;2389;50,01;
08:16:36;2408;50,00;
08:16:39;2412;50,00;
08:16:42;2435;50,00;
08:16:45;2438;50,01;
08:16:48;2456;50,01;
08:16:54;2504;50,01;
08:16:57;2530;50,01;
08:17:00;2569;50,01;
08:17:03;2595;50,01;
08:17:06;2627;50,01;
08:17:09;2637;50,01;
08:17:12;2640;50,01;
08:17:15;2654;50,01;
08:17:18;2653;50,01;
08:17:21;2668;50,00;
08:17:24;2658;50,01;
08:17:27;2676;50,00;
08:17:30;2669;50,00;
08:17:33;2679;50,00;
08:17:39;2676;49,99;
08:17:42;2683;49,99;
08:17:45;2691;49,99;
08:17:48;2676;50,00;
08:17:51;2686;50,01;
08:17:54;2690;50,01;
08:17:57;2692;50,01;
08:18:00;2693;50,01;
08:18:03;2700;50,02;
08:18:06;2694;50,02;
08:18:09;2704;50,01;
08:18:12;2697;50,01;
08:18:15;2706;50,01;
08:18:18;2704;50,01;
08:18:21;2711;50,01;
08:18:24;2709;50,01;
08:18:27;2719;50,01;
08:18:30;2715;50,00;
08:18:33;2722;50,00;
08:18:36;2714;50,00;
08:18:39;2728;50,00;
08:18:45;2730;50,00;
08:18:48;2718;50,00;
08:18:51;2735;50,01;
08:18:54;2731;50,01;
08:18:57;2741;50,01;
08:19:00;2734;50,00;
08:19:03;2745;50,00;
08:19:09;2748;50,01;
08:19:12;2745;50,01;
08:19:15;2757;50,00;
08:19:18;2749;50,00;
08:19:21;2762;49,99;
08:19:24;2755;49,99;
08:19:27;2763;49,99;
08:19:30;2722;50,00;
08:19:33;2746;50,00;
08:19:36;2738;50,00;
08:19:39;2752;49,99;
08:19:42;2755;49,99;
08:19:45;2759;50,00;
08:19:51;2773;50,00;
08:19:54;2782;50,01;
08:19:57;2789;50,01;
08:20:00;2792;50,01;
08:20:03;2791;50,01;
08:20:06;2793;50,01;
08:20:09;2789;50,00;
08:20:12;2797;50,00;
08:20:15;2803;50,00;
08:20:18;2804;50,00;
08:20:21;2803;50,00;
08:20:24;2807;50,01;
08:20:27;2809;50,01;
08:20:30;2811;50,01;
08:20:33;2806;50,01;
08:20:36;2812;50,00;
08:20:39;2816;50,00;
08:20:45;2817;50,01;
08:20:48;2818;50,01;
08:20:51;2822;50,01;
08:20:57;2823;50,01;
08:21:00;2825;50,01;
08:21:03;2827;50,01;
08:21:06;2828;50,01;
08:21:09;2825;50,01;
08:21:12;2831;50,01;
08:21:15;2820;50,01;
08:21:18;2831;50,01;
08:21:21;2835;50,00;
08:21:24;2836;50,00;
08:21:27;2839;49,99;
08:21:30;2841;50,00;
08:21:33;2848;50,00;
08:21:42;2854;50,00;
08:21:45;2848;50,00;
08:21:48;2861;50,00;
08:21:51;2857;50,00;
08:21:54;2875;50,00;
08:21:57;2868;50,01;
08:22:00;2880;50,01;
08:22:03;2882;50,01;
08:22:06;2888;50,01;
08:22:09;2885;50,00;
08:22:12;2895;50,01;
08:22:15;2890;50,01;
08:22:18;2902;50,00;
08:22:21;2894;50,00;
08:22:24;2904;50,00;
08:22:27;2902;50,00;
08:22:30;2914;50,01;
08:22:33;2905;50,01;
08:22:36;2918;50,02;
08:22:39;2919;50,01;
08:22:42;2925;50,01;
08:22:48;2930;50,01;
08:22:51;2934;50,01;
08:22:54;2933;50,01;
08:22:57;2930;50,01;
08:23:00;2937;50,02;
08:23:03;2938;50,02;
08:23:06;2933;50,02;
08:23:09;2943;50,01;
08:23:12;2947;50,01;
08:23:15;2951;50,01;
08:23:18;2955;50,01;
08:23:21;2956;50,01;
08:23:24;2964;50,01;
08:23:27;2966;50,01;
08:23:30;2962;50,00;
08:23:33;2974;50,00;
08:23:36;2977;50,01;
08:23:42;2981;50,01;
08:23:45;2979;50,01;
08:23:48;2986;50,01;
08:23:54;2992;50,01;
08:23:57;2993;50,01;
08:24:00;2995;50,01;
08:24:03;3002;50,01;
08:24:06;3008;50,01;
08:24:12;2998;50,01;
08:24:15;3012;50,01;
08:24:18;3018;50,01;
08:24:21;3021;50,01;
08:24:24;3024;50,00;
08:24:27;3025;50,00;
08:24:30;3028;50,00;
08:24:33;3027;50,00;
08:24:36;3015;50,00;
08:24:39;3031;50,00;
08:24:42;3027;50,00;
08:24:45;3037;50,01;
08:24:48;3042;50,01;
08:24:51;3037;50,01;
08:24:54;3045;50,00;
08:25:00;3048;50,01;
08:25:03;3058;50,01;
08:25:06;3065;50,01;
08:25:09;3070;50,01;
08:25:12;3065;50,01;
08:25:15;3083;50,01;
08:25:18;3087;50,01;
08:25:21;3081;50,01;
08:25:24;3084;50,01;
08:25:27;3099;50,01;
08:25:30;3093;50,00;
08:25:33;3105;50,00;
08:25:36;3098;50,01;
08:25:39;3112;50,01;
08:25:42;3115;50,01;
08:25:45;3121;50,01;
08:25:48;3106;50,01;
08:25:51;3117;50,01;
08:25:54;3121;50,01;
08:25:57;3124;50,01;
08:26:00;3113;50,01;
08:26:06;3123;50,01;
08:26:09;3134;50,01;
08:26:12;3124;50,01;
08:26:15;3142;50,02;
08:26:18;3141;50,02;
08:26:21;3143;50,02;
08:26:24;3142;50,02;
08:26:27;3136;50,02;
08:26:30;3150;50,02;
08:26:36;3149;50,02;
08:26:39;3147;50,03;
08:26:42;3144;50,03;
08:26:45;3141;50,03;
08:26:51;3137;50,02;
08:26:54;3148;50,02;
08:26:57;3145;50,02;
08:27:00;3141;50,02;
08:27:03;3132;50,02;
08:27:06;3129;50,02;
08:27:09;3118;50,02;
08:27:12;3125;50,02;
08:27:15;3136;50,02;
08:27:18;3141;50,02;
08:27:21;3149;50,01;
08:27:24;3152;50,01;
08:27:27;3144;50,01;
08:27:30;3142;50,01;
08:27:33;3131;50,01;
08:27:36;3136;50,01;
08:27:39;3134;50,01;
08:27:42;3140;50,01;
08:27:48;3135;50,01;
08:27:51;3128;50,01;
08:27:57;3134;50,01;
08:28:00;3138;50,01;
08:28:03;3134;50,01;
08:28:06;3142;50,01;
08:28:09;3134;50,01;
08:28:12;3149;50,01;
08:28:18;3135;50,01;
08:28:21;3171;50,00;
08:28:24;3182;50,00;
08:28:27;3172;50,00;
08:28:30;3193;50,00;
08:28:33;3201;50,00;
08:28:36;3206;50,00;
08:28:39;3211;50,00;
08:28:42;3224;50,01;
08:28:45;3222;50,01;
08:28:48;3230;50,00;
08:28:51;3232;50,00;
08:28:54;3238;50,00;
08:28:57;3242;50,01;
08:29:03;3236;50,01;
08:29:06;3238;50,01;
08:29:09;3227;50,01;
08:29:12;3239;50,01;
08:29:15;3248;50,01;
08:29:18;3269;50,01;
08:29:21;3265;50,01;
08:29:24;3252;50,01;
08:29:27;3243;50,00;
08:29:30;3254;50,00;
08:29:33;3242;50,01;
08:29:36;3248;50,01;
08:29:39;3258;50,01;
08:29:42;3252;50,01;
08:29:45;3263;50,01;
08:29:48;3271;50,01;
08:29:51;3273;50,01;
08:29:54;3261;50,01;
08:29:57;3252;50,01;
08:30:00;3257;50,01;
08:30:03;3258;50,01;
08:30:09;3262;50,00;
08:30:12;3264;50,01;
08:30:15;3263;50,01;
08:30:18;3279;50,01;
08:30:21;3274;50,01;
08:30:24;3279;50,01;
08:30:27;3280;50,00;
08:30:30;3275;50,00;
08:30:33;3261;50,00;
08:30:36;3268;50,00;
08:30:39;3279;50,00;
08:30:42;3278;50,00;
08:30:45;3274;50,00;
08:30:48;3293;50,00;
08:30:54;3304;50,00;
08:30:57;3317;50,00;
08:31:00;3323;50,00;
08:31:03;3316;50,00;
08:31:06;3302;50,00;
08:31:09;3317;50,00;
08:31:12;3321;50,01;
08:31:15;3315;50,00;
08:31:18;3317;50,01;
08:31:21;3325;50,01;
08:31:24;3316;50,01;
08:31:27;3315;50,00;
08:31:30;3318;50,01;
08:31:33;3328;50,00;
08:31:36;3327;50,00;
08:31:39;3324;50,00;
08:31:42;3301;50,00;
08:31:45;3307;49,99;
08:31:48;3305;49,99;
08:31:51;3308;50,00;
08:31:54;3300;50,00;
08:32:00;3295;50,00;
08:32:03;3306;50,00;
08:32:06;3317;50,01;
08:32:09;3324;50,01;
08:32:12;3306;50,01;
08:32:15;3327;50,00;
08:32:18;3330;50,00;
08:32:21;3335;50,00;
08:32:24;3332;50,00;
08:32:27;3337;50,00;
08:32:30;3349;50,00;
08:32:33;3359;50,00;
08:32:36;3368;50,00;
08:32:39;3379;50,00;
08:32:42;3386;50,00;
08:32:45;3392;50,00;
08:32:48;3390;50,00;
08:32:51;3402;50,00;
08:32:54;3385;49,99;
08:32:57;3375;49,99;
08:33:00;3392;49,99;
08:33:06;3424;49,99;
08:33:09;3407;49,99;
08:33:12;3418;49,98;
08:33:15;3411;49,98;
08:33:18;3446;49,99;
08:33:21;3445;49,99;
08:33:24;3446;49,99;
08:33:27;3445;49,99;
08:33:30;3448;50,00;
08:33:33;3453;50,00;
08:33:36;3468;50,00;
08:33:39;3457;50,00;
08:33:42;3474;50,00;
08:33:45;3483;50,00;
08:33:48;3500;50,00;
08:33:51;3511;50,00;
08:33:57;3498;50,00;
08:34:00;3507;50,01;
08:34:03;3504;50,01;
08:34:06;3498;50,01;
08:34:12;3519;50,01;
08:34:15;3523;50,01;
08:34:18;3529;50,01;
08:34:21;3523;50,00;
08:34:24;3543;50,00;
08:34:27;3559;50,00;
08:34:30;3572;50,00;
08:34:33;3591;50,00;
08:34:36;3580;50,00;
08:34:39;3563;50,00;
08:34:42;3591;50,01;
08:34:45;3596;50,00;
08:34:48;3601;50,01;
08:34:51;3580;50,00;
08:34:57;3579;50,00;
08:35:00;3597;50,00;
08:35:03;3581;50,00;
08:35:06;3612;50,00;
08:35:12;3592;50,00;
08:35:18;3578;50,00;
08:35:21;3582;50,00;
08:35:24;3592;50,00;
08:35:27;3589;50,01;
08:35:30;3598;50,01;
08:35:33;3590;50,01;
08:35:36;3594;50,00;
08:35:39;3598;50,00;
08:35:42;3597;50,01;
08:35:45;3574;50,01;
08:35:48;3588;50,01;
08:35:51;3548;50,01;
08:35:54;3563;50,01;
08:35:57;3591;50,01;
08:36:03;3611;50,01;
08:36:06;3594;50,01;
08:36:09;3596;50,01;
08:36:12;3602;50,01;
08:36:15;3618;50,01;
08:36:18;3615;50,01;
08:36:21;3632;50,01;
08:36:24;3629;50,00;
08:36:27;3642;50,00;
08:36:30;3645;50,00;
08:36:33;3684;50,01;
08:36:36;3692;50,01;
08:36:39;3728;50,01;
08:36:42;3732;50,01;
08:36:45;3752;50,01;
08:36:48;3759;50,01;
08:36:51;3772;50,01;
08:36:54;3758;50,01;
08:36:57;3773;50,01;
08:37:00;3775;50,01;
08:37:03;3794;50,02;
08:37:09;3812;50,02;
08:37:12;3802;50,02;
08:37:15;3800;50,01;
08:37:18;3781;50,01;
08:37:21;3776;50,00;
08:37:24;3764;50,00;
08:37:27;3774;50,00;
08:37:30;3781;50,00;
08:37:33;3814;50,00;
08:37:36;3807;50,00;
08:37:39;3823;50,00;
08:37:42;3818;50,00;
08:37:45;3822;50,01;
08:37:48;3805;50,01;
08:37:51;3817;50,01;
08:37:54;3812;50,01;
08:37:57;3815;50,01;
08:38:00;3806;50,01;
08:38:03;3819;50,01;
08:38:06;3824;50,01;
08:38:09;3837;50,01;
08:38:15;3832;50,00;
08:38:18;3823;50,00;
08:38:21;3837;50,01;
08:38:24;3828;50,01;
08:38:27;3838;50,01;
08:38:30;3831;50,01;
08:38:33;3838;50,01;
08:38:36;3832;50,01;
08:38:39;3811;50,00;
08:38:42;3808;50,00;
08:38:45;3821;50,00;
08:38:48;3805;50,00;
08:38:51;3817;50,00;
08:38:54;3816;50,00;
08:38:57;3810;50,00;
08:39:00;3793;50,00;
08:39:03;3781;49,99;
08:39:06;3783;50,00;
08:39:09;3791;50,00;
08:39:12;3786;50,00;
08:39:15;3792;50,00;
08:39:21;3796;50,00;
08:39:24;3794;50,00;
08:39:27;3795;50,00;
08:39:30;3791;50,00;
08:39:33;3780;50,00;
08:39:36;3768;50,00;
08:39:39;3749;50,00;
08:39:42;3767;50,00;
08:39:45;3748;50,01;
08:39:48;3739;50,01;
08:39:51;3723;50,00;
08:39:54;3739;50,01;
08:39:57;3726;50,01;
08:40:00;3743;50,01;
08:40:06;3757;50,02;
08:40:09;3759;50,02;
08:40:12;3776;50,02;
08:40:15;3761;50,02;
08:40:18;3778;50,01;
08:40:21;3779;50,01;
08:40:24;3785;50,01;
08:40:27;3792;50,01;
08:40:30;3814;50,02;
08:40:33;3810;50,02;
08:40:36;3832;50,02;
08:40:39;3818;50,02;
08:40:42;3825;50,02;
08:40:45;3818;50,02;
08:40:48;3821;50,01;
08:40:51;3815;50,02;
08:40:54;3842;50,02;
08:40:57;3855;50,02;
08:41:00;3848;50,02;
08:41:03;3817;50,02;
08:41:06;3806;50,03;
08:41:12;3766;50,03;
08:41:15;3755;50,03;
08:41:18;3751;50,02;
08:41:21;3750;50,02;
08:41:24;3696;50,02;
08:41:27;3689;50,02;
08:41:30;3685;50,02;
08:41:33;3712;50,02;
08:41:36;3675;50,01;
08:41:39;3650;50,01;
08:41:42;3641;50,01;
08:41:45;3637;50,01;
08:41:48;3642;50,02;
08:41:51;3667;50,02;
08:41:54;3675;50,02;
08:41:57;3661;50,02;
08:42:00;3637;50,02;
08:42:03;3636;50,02;
08:42:06;3626;50,02;
08:42:09;3621;50,02;
08:42:12;3553;50,02;
08:42:18;3401;50,02;
08:42:21;3337;50,02;
08:42:24;3353;50,02;
08:42:27;3409;50,02;
08:42:30;3434;50,02;
08:42:33;3450;50,02;
08:42:36;3471;50,02;
08:42:39;3498;50,01;
08:42:42;3541;50,02;
08:42:45;3562;50,02;
08:42:48;3575;50,01;
08:42:51;3571;50,01;
08:42:54;3591;50,01;
08:42:57;3607;50,01;
08:43:00;3614;50,01;
08:43:03;3667;50,01;
08:43:06;3695;50,01;
08:43:09;3686;50,01;
08:43:12;3643;50,01;
08:43:15;3620;50,01;
08:43:18;3596;50,01;
08:43:24;3577;50,00;
08:43:27;3585;50,00;
08:43:30;3607;50,00;
08:43:33;3612;50,00;
08:43:36;3641;50,00;
08:43:39;3656;50,00;
08:43:42;3660;50,00;
08:43:45;3675;50,00;
08:43:48;3639;50,00;
08:43:51;3624;50,00;
08:43:54;3610;50,01;
08:43:57;3635;50,01;
08:44:00;3632;50,00;
08:44:03;3651;50,00;
08:44:06;3635;50,00;
08:44:09;3633;50,00;
08:44:12;3651;50,01;
08:44:15;3653;50,01;
08:44:18;3642;50,01;
08:44:21;3638;50,00;
08:44:24;3609;50,00;
08:44:27;3597;50,01;
08:44:30;3649;50,01;
08:44:33;3673;50,01;
08:44:36;3670;50,02;
08:44:39;3622;50,02;
08:44:42;3600;50,01;
08:44:45;3629;50,01;
08:44:48;3641;50,01;
08:44:51;3636;50,01;
08:44:54;3692;50,01;
08:44:57;3685;50,01;
08:45:00;3684;50,01;
08:45:03;3690;50,00;
08:45:06;3678;50,01;
08:45:09;3603;50,00;
08:45:15;3640;50,00;
08:45:18;3649;50,00;
08:45:21;3654;50,00;
08:45:24;3635;50,00;
08:45:27;3599;50,00;
08:45:30;3600;50,00;
08:45:33;3623;50,00;
08:45:36;3661;50,00;
08:45:39;3574;50,00;
08:45:42;3558;50,01;
08:45:45;3508;50,00;
08:45:48;3479;49,99;
08:45:51;3469;49,99;
08:45:54;3471;49,99;
08:45:57;3476;50,00;
08:46:00;3440;50,00;
08:46:03;3390;50,00;
08:46:06;3403;50,00;
08:46:09;3420;50,00;
08:46:12;3414;49,99;
08:46:15;3360;49,99;
08:46:21;3332;49,99;
08:46:24;3335;50,00;
08:46:27;3286;50,00;
08:46:30;3245;49,99;
08:46:33;3217;49,99;
08:46:36;3202;49,99;
08:46:39;3172;49,99;
08:46:42;3154;50,00;
08:46:45;3102;50,00;
08:46:48;3094;50,00;
08:46:51;3123;50,00;
08:46:54;3133;50,00;
08:46:57;3106;50,00;
08:47:00;3068;50,00;
08:47:03;3038;50,00;
08:47:06;3062;50,00;
08:47:09;3071;50,00;
08:47:12;3083;50,00;
08:47:15;3120;50,00;
08:47:18;3121;50,00;
08:47:21;3262;50,00;
08:47:27;3301;49,99;
08:47:30;3302;49,99;
08:47:33;3355;49,98;
08:47:36;3353;49,98;
08:47:39;3375;49,99;
08:47:42;3381;49,99;
08:47:45;3422;50,00;
08:47:48;3462;49,99;
08:47:51;3513;50,00;
08:47:54;3552;50,00;
08:47:57;3578;50,00;
08:48:00;3611;50,00;
08:48:03;3634;50,00;
08:48:06;3651;50,00;
08:48:09;3652;50,00;
08:48:12;3651;50,00;
08:48:15;3643;50,00;
08:48:18;3690;50,00;
08:48:21;3705;50,00;
08:48:24;3726;49,99;
08:48:27;3717;49,98;
08:48:33;3726;49,98;
08:48:36;3749;49,98;
08:48:39;3735;49,98;
08:48:42;3746;49,98;
08:48:45;3733;49,99;
08:48:48;3754;50,00;
08:48:51;3760;50,00;
08:48:54;3746;50,01;
08:48:57;3806;50,01;
08:49:00;3820;50,01;
08:49:03;3806;50,00;
08:49:06;3788;50,00;
08:49:09;3790;50,00;
08:49:12;3806;50,00;
08:49:18;3819;50,00;
08:49:21;3833;50,00;
08:49:24;3796;50,00;
08:49:27;3807;50,00;
08:49:30;3800;50,00;
08:49:33;3815;50,00;
08:49:36;3819;50,00;
08:49:39;3797;50,00;
08:49:42;3812;50,00;
08:49:45;3830;50,00;
08:49:48;3796;50,00;
08:49:51;3816;50,00;
08:49:54;3739;50,00;
08:49:57;3753;50,00;
08:50:00;3757;50,00;
08:50:03;3766;50,00;
08:50:06;3761;50,00;
08:50:09;3767;50,00;
08:50:12;3727;50,00;
08:50:15;3755;50,00;
08:50:18;3752;49,99;
08:50:24;3751;49,99;
08:50:27;3792;49,99;
08:50:30;3789;49,99;
08:50:33;3803;49,99;
08:50:36;3767;49,99;
08:50:39;3799;49,99;
08:50:42;3811;50,00;
08:50:45;3808;50,00;
08:50:48;3792;50,01;
08:50:51;3835;50,01;
08:50:54;3820;50,00;
08:50:57;3836;50,00;
08:51:00;3824;50,01;
08:51:03;3858;50,00;
08:51:06;3864;50,00;
08:51:09;3849;50,00;
08:51:12;3824;50,00;
08:51:15;3852;50,00;
08:51:18;3850;49,99;
08:51:21;3875;49,99;
08:51:24;3873;49,99;
08:51:30;3903;49,98;
08:51:33;3925;49,98;
08:51:36;3907;49,99;
08:51:39;3913;49,99;
08:51:42;3902;49,99;
08:51:45;3905;49,99;
08:51:48;3898;49,99;
08:51:51;3877;49,99;
08:51:54;3942;50,00;
08:51:57;3971;50,00;
08:52:00;3983;50,00;
08:52:03;4033;49,99;
08:52:06;4035;49,99;
08:52:09;4030;49,99;
08:52:12;4026;50,00;
08:52:15;3987;50,00;
08:52:18;3988;50,00;
08:52:21;3981;50,00;
08:52:24;4005;50,00;
08:52:27;4003;50,00;
08:52:30;4008;50,00;
08:52:36;3984;50,00;
08:52:39;3944;50,00;
08:52:42;3911;50,00;
08:52:45;3878;50,00;
08:52:48;3888;50,00;
08:52:51;3887;50,00;
08:52:54;3936;50,00;
08:52:57;3970;50,01;
08:53:00;4000;50,01;
08:53:03;3971;50,00;
08:53:06;3978;50,00;
08:53:09;3967;50,00;
08:53:12;3999;50,00;
08:53:15;3997;50,00;
08:53:18;4033;50,00;
08:53:21;4039;50,00;
08:53:24;4077;50,00;
08:53:27;4072;50,00;
08:53:30;4096;50,00;
08:53:33;4063;50,00;
08:53:36;4068;50,00;
08:53:39;4066;50,00;
08:53:42;4060;50,00;
08:53:45;4059;50,00;
08:53:48;4068;50,01;
08:53:51;4067;50,01;
08:53:54;4104;50,01;
08:53:57;4124;50,01;
08:54:00;4162;50,01;
08:54:03;4196;50,01;
08:54:06;4218;50,01;
08:54:09;4238;50,01;
08:54:12;4256;50,01;
08:54:15;4308;50,01;
08:54:18;4332;50,01;
08:54:21;4244;50,01;
08:54:27;4116;50,01;
08:54:30;4085;50,01;
08:54:33;4092;50,00;
08:54:36;4102;50,00;
08:54:39;4180;50,00;
08:54:42;4172;50,00;
08:54:45;4196;50,00;
08:54:48;4208;50,00;
08:54:51;4216;50,00;
08:54:54;4194;50,00;
08:54:57;4254;50,00;
08:55:00;4256;50,00;
08:55:03;4246;50,00;
08:55:06;4262;50,00;
08:55:09;4258;50,01;
08:55:12;4238;50,00;
08:55:15;4254;50,00;
08:55:18;4266;50,00;
08:55:21;4256;49,99;
08:55:24;4210;49,99;
08:55:27;4194;49,98;
08:55:33;4174;49,97;
08:55:36;4160;49,97;
08:55:39;4172;49,98;
08:55:42;4184;49,98;
08:55:45;4268;49,98;
08:55:48;4270;49,98;
08:55:51;4288;49,98;
08:55:54;4266;49,98;
08:55:57;4224;49,98;
08:56:00;4226;49,99;
08:56:03;4236;50,00;
08:56:06;4202;50,00;
08:56:09;4208;50,00;
08:56:12;4172;50,00;
08:56:15;4148;50,01;
08:56:18;4096;50,01;
08:56:21;4136;50,01;
08:56:24;4122;50,01;
08:56:27;4144;50,01;
08:56:30;4134;50,01;
08:56:33;4176;50,01;
08:56:39;4264;50,01;
08:56:42;4296;50,01;
08:56:45;4396;50,01;
08:56:48;4398;50,01;
08:56:51;4470;50,01;
08:56:57;4496;50,01;
08:57:00;4494;50,01;
08:57:03;4528;50,01;
08:57:06;4522;50,01;
08:57:09;4560;50,01;
08:57:12;4568;50,01;
08:57:15;4600;50,01;
08:57:18;4608;50,02;
08:57:21;4644;50,01;
08:57:24;4654;50,01;
08:57:27;4646;50,00;
08:57:30;4626;50,00;
08:57:33;4620;50,01;
08:57:36;4618;50,01;
08:57:39;4606;50,01;
08:57:45;4608;50,00;
08:57:48;4598;50,00;
08:57:51;4576;50,00;
08:57:54;4560;50,00;
08:57:57;4550;50,01;
08:58:00;4556;50,01;
08:58:03;4546;50,01;
08:58:06;4564;50,01;
08:58:09;4522;50,01;
08:58:12;4536;50,01;
08:58:15;4528;50,01;
08:58:18;4552;50,01;
08:58:21;4548;50,01;
08:58:24;4572;50,01;
08:58:30;4586;50,01;
08:58:33;4594;50,01;
08:58:36;4568;50,01;
08:58:39;4562;50,01;
08:58:42;4668;50,02;
08:58:45;4684;50,02;
08:58:48;4698;50,02;
08:58:51;4700;50,02;
08:58:54;4712;50,01;
08:58:57;4682;50,01;
08:59:00;4678;50,01;
08:59:03;4656;50,01;
08:59:06;4654;50,01;
08:59:09;4644;50,01;
08:59:12;4660;50,01;
08:59:15;4620;50,01;
08:59:18;4646;50,00;
08:59:21;4628;50,01;
08:59:24;4616;50,01;
08:59:27;4598;50,01;
08:59:30;4606;50,00;
08:59:36;4626;50,00;
08:59:39;4638;50,00;
08:59:42;4696;50,00;
08:59:45;4684;50,00;
08:59:48;4716;50,00;
08:59:51;4714;50,01;
08:59:54;4738;50,01;
08:59:57;4750;50,01;
09:00:00;4836;50,01;
09:00:03;4846;50,01;
09:00:06;4902;50,01;
09:00:09;4916;50,01;
09:00:12;4910;50,00;
09:00:15;4872;50,00;
09:00:18;4894;50,00;
09:00:21;4856;50,00;
09:00:24;4778;50,00;
09:00:27;4762;50,00;
09:00:30;4766;50,00;
09:00:33;4772;49,99;
09:00:36;4790;49,99;
09:00:42;4890;49,99;
09:00:45;4904;50,00;
09:00:48;4902;50,00;
09:00:51;4900;50,00;
09:00:54;4922;50,01;
09:00:57;4944;50,01;
09:01:00;4940;50,00;
09:01:03;4946;50,00;
09:01:06;4878;50,00;
09:01:09;4866;50,00;
09:01:12;4852;50,00;
09:01:15;4866;50,00;
09:01:18;4898;50,00;
09:01:21;4912;50,00;
09:01:24;4914;50,00;
09:01:27;4958;50,00;
09:01:30;4976;50,00;
09:01:33;4986;50,00;
09:01:36;4980;50,00;
09:01:39;4972;50,00;
09:01:42;4964;50,00;
09:01:48;4996;49,99;
09:01:51;4992;49,99;
09:01:54;5012;49,99;
09:01:57;5026;50,00;
09:02:00;5050;50,00;
09:02:03;5060;50,00;
09:02:06;5060;49,99;
09:02:09;5082;49,99;
09:02:12;5150;50,00;
09:02:15;5152;50,00;
09:02:18;5134;50,00;
09:02:21;5120;50,00;
09:02:24;5092;49,99;
09:02:27;5114;49,98;
09:02:30;5136;49,98;
09:02:33;5154;49,99;
09:02:36;5164;49,99;
09:02:39;5176;49,99;
09:02:42;5184;49,99;
09:02:45;5192;50,00;
09:02:48;5198;50,00;
09:02:51;5170;50,00;
09:02:54;5178;50,00;
09:02:57;5156;49,99;
09:03:00;5168;49,99;
09:03:03;5120;49,99;
09:03:06;5092;49,99;
09:03:09;5086;49,99;
09:03:12;5080;50,00;
09:03:15;5060;50,00;
09:03:18;5082;50,00;
09:03:21;5088;50,00;
09:03:24;5102;50,00;
09:03:27;5112;50,00;
09:03:30;5100;50,00;
09:03:33;5102;50,00;
09:03:39;5134;49,99;
09:03:42;5132;49,99;
09:03:45;5112;49,99;
09:03:48;5118;49,99;
09:03:51;5118;50,00;
09:03:54;5106;50,00;
09:03:57;5080;50,00;
09:04:00;5080;50,01;
09:04:03;5094;50,01;
09:04:06;5084;50,01;
09:04:09;5052;50,00;
09:04:12;5066;50,00;
09:04:15;5094;50,00;
09:04:18;5086;50,00;
09:04:21;5062;50,00;
09:04:24;5066;50,00;
09:04:27;5068;50,00;
09:04:30;5072;50,00;
09:04:33;5082;50,01;
09:04:36;5094;50,00;
09:04:39;5114;50,00;
09:04:45;5176;50,00;
09:04:51;5160;50,00;
09:04:54;5164;50,00;
09:04:57;5156;50,00;
09:05:00;5140;50,00;
09:05:03;5116;50,00;
09:05:06;5136;50,00;
09:05:09;5112;50,00;
09:05:12;5118;50,00;
09:05:15;5142;50,00;
09:05:18;5136;50,00;
09:05:21;5126;50,00;
09:05:24;5158;50,01;
09:05:27;5172;50,01;
09:05:30;5186;50,01;
09:05:33;5134;50,01;
09:05:36;5148;50,01;
09:05:39;5114;50,01;
09:05:42;5094;50,00;
09:05:45;5058;50,00;
09:05:51;5042;50,00;
09:05:54;5014;50,00;
09:05:57;4826;50,00;
09:06:00;4792;50,00;
09:06:03;4688;50,00;
09:06:06;4656;50,00;
09:06:09;4644;50,00;
09:06:12;4604;50,00;
09:06:15;4632;50,00;
09:06:18;4630;49,99;
09:06:21;4704;49,99;
09:06:24;4730;49,99;
09:06:27;4730;50,00;
09:06:30;4762;50,00;
09:06:33;4748;50,00;
09:06:36;4712;50,00;
09:06:39;4660;50,00;
09:06:42;4688;50,00;
09:06:45;4658;50,01;
09:06:48;4668;50,01;
09:06:51;4606;50,01;
09:06:57;4600;50,01;
09:07:00;4596;50,01;
09:07:03;4564;50,01;
09:07:06;4448;50,01;
09:07:09;4378;50,01;
09:07:12;4260;50,01;
09:07:15;4258;50,01;
09:07:18;4282;50,00;
09:07:21;4340;50,01;
09:07:24;4484;50,01;
09:07:27;4556;50,01;
09:07:30;4694;50,01;
09:07:33;4750;50,01;
09:07:36;4812;50,00;
09:07:42;4860;50,00;
09:07:45;4906;50,00;
09:07:48;4884;50,00;
09:07:51;4848;50,00;
09:07:54;4800;50,00;
09:07:57;4764;50,00;
09:08:00;4692;50,00;
09:08:03;4646;50,00;
09:08:06;4566;50,01;
09:08:09;4586;50,01;
09:08:12;4622;50,00;
09:08:15;4656;50,00;
09:08:18;4738;50,01;
09:08:21;4746;50,01;
09:08:24;4706;50,01;
09:08:27;4810;50,01;
09:08:30;4894;50,00;
09:08:33;4920;50,00;
09:08:36;4956;50,00;
09:08:39;4954;50,01;
09:08:42;4962;50,00;
09:08:48;4970;50,00;
09:08:51;4980;50,00;
09:08:54;5046;50,00;
09:08:57;5084;50,00;
09:09:00;5006;50,00;
09:09:03;5056;50,00;
09:09:06;5088;50,00;
09:09:09;5110;50,00;
09:09:12;5100;50,00;
09:09:15;5080;50,00;
09:09:18;4950;50,00;
09:09:21;4946;50,00;
09:09:24;4934;50,00;
09:09:27;4988;50,00;
09:09:30;5044;50,00;
09:09:33;5166;50,00;
09:09:36;5236;50,00;
09:09:39;5302;50,00;
09:09:42;5326;50,00;
09:09:48;5302;50,00;
09:09:54;5314;50,00;
09:09:57;5350;50,00;
09:10:00;5376;50,00;
09:10:03;5398;50,00;
09:10:06;5318;50,00;
09:10:09;5322;50,00;
09:10:15;5328;50,00;
09:10:18;5322;50,01;
09:10:21;5336;50,01;
09:10:24;5180;50,00;
09:10:27;5160;50,00;
09:10:33;5156;50,00;
09:10:36;5186;50,00;
09:10:39;5182;50,00;
09:10:42;5186;49,99;
09:10:45;5198;49,99;
09:10:48;5258;49,99;
09:10:51;5270;49,99;
09:10:54;5378;49,99;
09:11:00;5400;50,00;
09:11:03;5368;50,00;
09:11:06;5328;50,00;
09:11:09;5320;50,00;
09:11:12;5428;50,00;
09:11:15;5440;50,00;
09:11:18;5436;50,00;
09:11:21;5400;50,00;
09:11:27;5416;50,00;
09:11:30;5434;50,00;
09:11:33;5432;50,00;
09:11:36;5464;50,00;
09:11:39;5406;50,00;
09:11:45;5240;50,01;
09:11:48;5200;50,01;
09:11:51;5188;50,00;
09:11:54;5238;50,00;
09:11:57;5260;50,00;
09:12:00;5276;50,01;
09:12:03;5336;50,01;
09:12:06;5410;50,01;
09:12:09;5562;50,00;
09:12:12;5576;50,00;
09:12:15;5464;50,00;
09:12:18;5426;50,00;
09:12:21;5364;49,99;
09:12:24;5388;50,00;
09:12:27;5410;50,00;
09:12:30;5394;50,00;
09:12:33;5354;50,00;
09:12:36;5352;50,00;
09:12:39;5276;49,99;
09:12:42;5264;49,99;
09:12:45;5246;49,99;
09:12:51;5116;50,00;
09:12:54;5040;50,00;
09:12:57;4962;50,00;
09:13:00;5020;50,00;
09:13:03;5116;50,00;
09:13:06;5102;50,00;
09:13:09;5056;50,00;
09:13:12;5022;50,00;
09:13:15;5070;50,00;
09:13:18;5102;50,00;
09:13:21;5142;50,00;
09:13:24;5140;50,00;
09:13:27;5058;50,00;
09:13:30;5046;50,00;
09:13:33;5102;50,00;
09:13:36;5138;50,00;
09:13:39;5004;50,00;
09:13:42;5012;50,00;
09:13:45;5126;50,00;
09:13:48;5152;50,00;
09:13:51;5146;50,01;
09:13:57;5166;50,00;
09:14:00;5160;50,00;
09:14:03;5270;50,01;
09:14:06;5260;50,00;
09:14:09;5242;50,00;
09:14:12;5240;50,00;
09:14:15;5274;50,00;
09:14:18;5308;50,00;
09:14:21;5340;50,00;
09:14:24;5304;50,00;
09:14:27;5330;50,00;
09:14:30;5334;50,00;
09:14:33;5318;49,99;
09:14:36;5294;50,00;
09:14:39;5312;50,00;
09:14:42;5332;50,00;
09:14:45;5444;50,00;
09:14:48;5482;50,01;
09:14:51;5454;50,01;
09:14:54;5422;50,01;
09:14:57;5382;50,00;
09:15:03;5414;50,00;
09:15:06;5358;50,00;
09:15:09;5318;50,00;
09:15:12;5304;50,00;
09:15:15;5374;49,99;
09:15:18;5378;49,99;
09:15:21;5422;49,99;
09:15:24;5426;49,99;
09:15:27;5368;49,99;
09:15:30;5332;49,99;
09:15:33;5386;49,98;
09:15:36;5390;49,98;
09:15:39;5442;49,98;
09:15:42;5450;49,97;
09:15:45;5390;49,98;
09:15:48;5304;49,98;
09:15:51;5276;49,98;
09:15:54;5280;49,99;
09:15:57;5322;50,00;
09:16:00;5344;50,00;
09:16:03;5314;50,00;
09:16:09;5282;50,00;
09:16:12;5314;50,00;
09:16:18;5262;50,00;
09:16:21;5204;50,01;
09:16:24;5124;50,01;
09:16:27;5140;50,01;
09:16:30;5136;50,01;
09:16:33;5106;50,01;
09:16:36;5028;50,01;
09:16:39;4982;50,01;
09:16:42;4906;50,01;
09:16:45;4844;50,01;
09:16:48;4820;50,01;
09:16:54;4900;50,00;
09:16:57;4898;50,01;
09:17:00;4844;50,01;
09:17:03;4780;50,01;
09:17:06;4762;50,01;
09:17:09;4726;50,01;
09:17:12;4716;50,01;
09:17:15;4718;50,01;
09:17:18;4626;50,01;
09:17:21;4612;50,00;
09:17:24;4656;50,00;
09:17:27;4756;50,00;
09:17:30;4902;50,01;
09:17:33;4868;50,01;
09:17:36;4884;50,01;
09:17:39;4924;50,02;
09:17:42;4938;50,01;
09:17:45;4952;50,01;
09:17:48;4980;50,01;
09:17:51;4950;50,01;
09:17:54;4874;50,01;
09:18:00;4792;50,01;
09:18:03;4766;50,01;
09:18:06;4796;50,01;
09:18:09;4842;50,01;
09:18:12;5010;50,01;
09:18:15;5036;50,01;
09:18:18;5076;50,01;
09:18:21;5112;50,01;
09:18:24;5158;50,01;
09:18:27;5202;50,01;
09:18:30;5286;50,01;
09:18:33;5270;50,01;
09:18:36;5320;50,01;
09:18:39;5362;50,01;
09:18:42;5428;50,01;
09:18:45;5476;50,02;
09:18:48;5454;50,02;
09:18:51;5444;50,02;
09:18:54;5414;50,02;
09:18:57;5392;50,02;
09:19:00;5344;50,02;
09:19:06;5406;50,03;
09:19:09;5438;50,02;
09:19:12;5482;50,03;
09:19:15;5520;50,03;
09:19:18;5556;50,03;
09:19:21;5518;50,02;
09:19:24;5446;50,03;
09:19:27;5422;50,02;
09:19:30;5360;50,02;
09:19:33;5342;50,02;
09:19:36;5266;50,02;
09:19:39;5292;50,01;
09:19:42;5344;50,01;
09:19:45;5234;50,01;
09:19:48;5278;50,01;
09:19:51;5288;50,01;
09:19:54;5290;50,01;
09:19:57;5292;50,00;
09:20:00;5318;50,01;
09:20:03;5352;50,01;
09:20:06;5396;50,00;
09:20:12;5412;49,99;
09:20:15;5394;50,00;
09:20:18;5376;50,00;
09:20:21;5348;50,00;
09:20:24;5364;50,00;
09:20:27;5414;49,99;
09:20:30;5436;49,99;
09:20:33;5464;49,98;
09:20:36;5448;49,98;
09:20:42;5424;49,98;
09:20:45;5442;49,98;
09:20:48;5454;49,99;
09:20:51;5538;49,99;
09:20:57;5648;49,98;
09:21:00;5658;49,98;
09:21:03;5664;49,99;
09:21:06;5634;49,99;
09:21:09;5624;50,00;
09:21:12;5590;50,00;
09:21:15;5576;50,00;
09:21:18;5566;50,00;
09:21:21;5584;49,98;
09:21:24;5576;49,98;
09:21:27;5562;49,98;
09:21:30;5530;49,98;
09:21:33;5464;49,99;
09:21:36;5394;49,99;
09:21:39;5364;49,99;
09:21:42;5312;49,99;
09:21:45;5318;49,99;
09:21:48;5346;49,99;
09:21:51;5476;49,99;
09:21:54;5528;49,99;
09:21:57;5596;50,00;
09:22:03;5580;50,00;
09:22:06;5562;50,00;
09:22:09;5510;50,00;
09:22:12;5488;50,00;
09:22:15;5492;50,00;
09:22:18;5510;50,01;
09:22:21;5494;50,00;
09:22:24;5488;50,00;
09:22:27;5448;50,00;
09:22:33;5406;50,00;
09:22:36;5402;49,99;
09:22:39;5456;49,99;
09:22:42;5504;49,99;
09:22:45;5500;49,99;
09:22:48;5526;49,99;
09:22:51;5474;49,99;
09:22:54;5414;49,98;
09:22:57;5368;49,98;
09:23:00;5374;49,98;
09:23:03;5308;49,98;
09:23:09;5254;49,98;
09:23:12;5216;49,98;
09:23:15;5154;49,98;
09:23:18;5162;49,98;
09:23:21;5218;49,99;
09:23:24;5256;49,99;
09:23:27;5280;49,99;
09:23:30;5310;49,99;
09:23:33;5386;49,98;
09:23:36;5398;49,98;
09:23:39;5308;49,99;
09:23:42;5226;49,99;
09:23:45;5156;50,00;
09:23:48;5144;50,00;
09:23:51;5122;49,99;
09:23:54;5172;49,98;
09:23:57;5234;49,98;
09:24:00;5282;49,98;
09:24:03;5338;49,98;
09:24:06;5370;49,98;
09:24:09;5480;49,99;
09:24:15;5556;49,98;
09:24:18;5574;49,98;
09:24:21;5684;49,98;
09:24:24;5788;49,98;
09:24:27;5876;49,98;
09:24:30;5900;49,98;
09:24:33;5894;49,98;
09:24:36;5862;49,98;
09:24:39;5972;49,99;
09:24:42;5958;49,99;
09:24:45;5956;49,99;
09:24:48;6014;49,99;
09:24:51;5986;49,99;
09:24:54;5930;49,99;
09:24:57;5892;49,99;
09:25:00;5796;49,99;
09:25:03;5694;49,99;
09:25:06;5704;49,99;
09:25:09;5708;49,98;
09:25:12;5702;49,98;
09:25:15;5648;49,98;
09:25:18;5562;49,97;
09:25:21;5528;49,97;
09:25:24;5438;49,97;
09:25:27;5442;49,97;
09:25:30;5422;49,98;
09:25:33;5434;49,98;
09:25:36;5550;49,97;
09:25:39;5588;49,98;
09:25:42;5586;49,98;
09:25:45;5646;49,99;
09:25:48;5674;49,99;
09:25:51;5640;49,99;
09:25:54;5444;49,99;
09:25:57;5390;49,99;
09:26:00;5364;49,99;
09:26:06;5376;49,99;
09:26:09;5328;49,99;
09:26:12;5392;49,99;
09:26:15;5512;49,98;
09:26:18;5660;49,98;
09:26:21;5620;49,98;
09:26:24;5532;49,98;
09:26:27;5514;49,98;
09:26:30;5446;49,99;
09:26:33;5392;49,99;
09:26:36;5300;49,99;
09:26:39;5318;49,98;
09:26:42;5394;49,98;
09:26:45;5448;49,98;
09:26:48;5520;49,98;
09:26:51;5616;49,98;
09:26:54;5530;49,98;
09:26:57;5492;49,99;
09:27:00;5378;49,99;
09:27:03;5310;49,99;
09:27:06;5166;50,00;
09:27:12;4976;49,99;
09:27:15;4910;49,99;
09:27:18;4836;49,99;
09:27:21;4868;49,99;
09:27:24;4946;50,00;
09:27:27;5072;50,00;
09:27:30;5210;50,00;
09:27:33;5330;50,00;
09:27:36;5436;50,00;
09:27:39;5456;50,00;
09:27:42;5294;50,00;
09:27:45;5218;50,00;
09:27:48;5132;50,01;
09:27:51;5172;50,00;
09:27:54;5190;50,00;
09:27:57;5188;50,00;
09:28:00;5110;50,00;
09:28:03;5040;50,00;
09:28:06;4894;50,00;
09:28:09;4954;50,00;
09:28:12;5042;50,00;
09:28:18;5052;50,00;
09:28:21;5014;50,00;
09:28:24;4954;50,01;
09:28:27;5042;50,00;
09:28:30;5368;50,00;
09:28:33;5470;50,00;
09:28:36;5452;50,00;
09:28:39;5372;50,00;
09:28:42;5458;49,99;
09:28:45;5474;49,99;
09:28:48;5484;49,99;
09:28:51;5562;49,99;
09:28:54;5750;49,99;
09:28:57;5772;50,00;
09:29:00;5766;50,00;
09:29:03;5582;50,00;
09:29:06;5378;50,00;
09:29:09;5284;50,00;
09:29:12;5296;50,00;
09:29:15;5300;50,00;
09:29:18;5382;49,99;
09:29:24;5720;50,00;
09:29:27;5806;50,00;
09:29:30;5822;50,00;
09:29:33;5806;50,00;
09:29:36;5772;50,00;
09:29:39;5796;50,00;
09:29:42;5816;50,00;
09:29:45;5798;50,00;
09:29:48;5812;49,99;
09:29:51;5798;49,99;
09:29:54;5758;49,99;
09:29:57;5626;50,00;
09:30:00;5576;50,00;
09:30:03;5368;50,00;
09:30:09;5204;50,00;
09:30:12;5200;50,00;
09:30:15;5166;50,00;
09:30:18;5202;50,00;
09:30:24;5208;49,99;
09:30:27;5200;49,99;
09:30:30;5176;50,00;
09:30:33;5134;49,99;
09:30:36;5148;49,98;
09:30:39;5092;49,99;
09:30:42;5088;49,99;
09:30:45;5064;49,99;
09:30:48;5058;49,99;
09:30:51;5046;49,99;
09:30:54;5058;50,00;
09:30:57;5038;50,00;
09:31:00;5042;50,00;
09:31:03;5028;50,00;
09:31:06;5070;50,00;
09:31:09;5084;50,00;
09:31:15;5150;50,00;
09:31:18;5144;50,00;
09:31:21;5028;50,00;
09:31:24;5020;50,00;
09:31:27;4986;50,00;
09:31:30;4994;50,00;
09:31:33;4962;50,00;
09:31:36;4902;49,99;
09:31:39;4776;49,99;
09:31:42;4844;49,99;
09:31:45;5110;50,00;
09:31:48;5216;50,00;
09:31:51;5254;50,00;
09:31:54;5254;50,01;
09:31:57;5228;50,01;
09:32:00;5132;50,00;
09:32:03;5144;50,00;
09:32:06;5130;49,99;
09:32:09;5050;50,00;
09:32:12;5004;50,00;
09:32:15;4984;50,00;
09:32:21;4928;50,00;
09:32:24;4918;50,00;
09:32:27;4864;50,00;
09:32:30;4840;50,00;
09:32:33;4890;50,00;
09:32:39;4896;50,00;
09:32:42;4880;50,00;
09:32:45;4742;50,01;
09:32:48;4668;50,01;
09:32:51;4620;50,01;
09:32:54;4570;50,01;
09:32:57;4550;50,01;
09:33:00;4544;50,01;
09:33:03;4592;50,01;
09:33:06;4634;50,01;
09:33:09;4620;50,00;
09:33:12;4584;50,00;
09:33:15;4590;50,00;
09:33:18;4566;50,00;
09:33:21;4554;50,00;
09:33:27;4502;49,99;
09:33:30;4474;49,99;
09:33:33;4446;50,00;
09:33:36;4392;50,00;
09:33:39;4362;49,99;
09:33:42;4346;49,99;
09:33:45;4376;49,99;
09:33:48;4386;49,99;
09:33:51;4406;50,00;
09:33:54;4418;50,00;
09:33:57;4446;50,00;
09:34:00;4434;50,00;
09:34:03;4482;50,00;
09:34:06;4454;50,00;
09:34:09;4432;50,00;
09:34:12;4338;50,00;
09:34:15;4360;50,00;
09:34:18;4374;50,00;
09:34:21;4402;50,00;
09:34:24;4282;50,00;
09:34:27;4254;50,01;
09:34:30;4226;50,01;
09:34:33;4248;50,01;
09:34:36;4434;50,01;
09:34:39;4474;50,01;
09:34:42;4452;50,01;
09:34:45;4440;50,02;
09:34:48;4380;50,02;
09:34:51;4400;50,02;
09:34:54;4424;50,02;
09:34:57;4484;50,01;
09:35:00;4494;50,01;
09:35:03;4472;50,01;
09:35:06;4436;50,02;
09:35:09;4384;50,02;
09:35:12;4308;50,02;
09:35:18;4252;50,01;
09:35:21;4218;50,01;
09:35:24;4230;50,01;
09:35:27;4224;50,00;
09:35:30;4250;50,01;
09:35:33;4240;50,01;
09:35:36;4270;50,01;
09:35:39;4282;50,01;
09:35:42;4320;50,00;
09:35:45;4298;50,00;
09:35:48;4234;50,01;
09:35:51;4132;50,01;
09:35:54;4001;50,01;
09:35:57;3945;50,01;
09:36:00;3918;50,01;
09:36:03;3879;50,00;
09:36:06;3922;50,00;
09:36:09;3948;50,00;
09:36:12;3941;50,00;
09:36:15;3898;50,00;
09:36:18;3826;50,00;
09:36:24;3750;49,99;
09:36:27;3733;49,99;
09:36:30;3715;50,00;
09:36:33;3674;49,99;
09:36:36;3668;50,00;
09:36:39;3654;50,00;
09:36:42;3658;49,99;
09:36:45;3647;49,99;
09:36:48;3632;49,99;
09:36:51;3626;49,98;
09:36:54;3622;49,98;
09:36:57;3613;49,98;
09:37:00;3592;49,99;
09:37:03;3568;49,99;
09:37:06;3558;49,99;
09:37:09;3512;50,00;
09:37:12;3487;50,00;
09:37:15;3482;50,00;
09:37:18;3452;50,00;
09:37:21;3444;50,00;
09:37:24;3433;50,00;
09:37:30;3437;50,00;
09:37:33;3449;50,00;
09:37:36;3483;50,00;
09:37:39;3503;50,00;
09:37:42;3528;50,00;
09:37:48;3498;50,00;
09:37:51;3527;50,00;
09:37:54;3639;50,00;
09:37:57;3682;50,00;
09:38:00;3679;50,01;
09:38:03;3657;50,01;
09:38:06;3649;50,01;
09:38:09;3658;50,00;
09:38:12;3662;50,00;
09:38:15;3759;50,00;
09:38:18;3862;50,00;
09:38:21;3904;50,00;
09:38:24;3931;50,00;
09:38:27;3924;50,00;
09:38:30;3908;50,00;
09:38:36;3953;50,00;
09:38:42;3982;50,00;
09:38:45;4007;50,00;
09:38:48;3996;50,00;
09:38:51;4005;50,00;
09:38:54;4006;50,00;
09:38:57;4022;50,00;
09:39:00;4000;50,00;
09:39:03;4053;50,00;
09:39:09;4001;49,99;
09:39:12;3959;49,99;
09:39:15;3953;49,99;
09:39:21;3905;49,99;
09:39:24;3891;49,98;
09:39:27;3945;49,99;
09:39:30;3915;49,98;
09:39:33;3914;49,98;
09:39:36;3905;49,98;
09:39:39;3916;49,98;
09:39:42;3961;49,98;
09:39:45;4018;49,98;
09:39:48;4050;49,98;
09:39:51;4005;49,99;
09:39:54;3958;49,99;
09:39:57;3902;49,99;
09:40:00;3906;49,99;
09:40:03;3950;49,99;
09:40:06;4077;50,00;
09:40:09;4250;50,00;
09:40:12;4320;50,00;
09:40:15;4436;50,00;
09:40:18;4476;50,00;
09:40:21;4522;50,00;
09:40:27;4574;49,99;
09:40:30;4596;49,99;
09:40:33;4610;49,99;
09:40:36;4598;49,99;
09:40:39;4630;49,98;
09:40:42;4634;49,98;
09:40:45;4622;49,98;
09:40:48;4616;49,98;
09:40:51;4590;49,99;
09:40:54;4574;49,99;
09:40:57;4522;49,99;
09:41:00;4490;50,00;
09:41:03;4410;50,00;
09:41:06;4362;49,99;
09:41:09;4340;49,99;
09:41:12;4380;49,99;
09:41:15;4454;49,98;
09:41:18;4512;49,98;
09:41:21;4568;49,98;
09:41:24;4614;49,98;
09:41:27;4676;49,98;
09:41:33;4684;49,99;
09:41:36;4682;50,00;
09:41:39;4698;50,00;
09:41:42;4646;50,00;
09:41:45;4576;50,00;
09:41:48;4592;50,00;
09:41:51;4622;50,00;
09:41:54;4574;50,00;
09:41:57;4416;49,99;
09:42:00;4412;49,99;
09:42:03;4438;49,99;
09:42:06;4498;49,99;
09:42:09;4528;49,99;
09:42:12;4508;49,99;
09:42:15;4486;50,00;
09:42:18;4440;50,00;
09:42:21;4320;49,99;
09:42:24;4298;49,99;
09:42:27;4324;49,98;
09:42:30;4308;49,98;
09:42:33;4270;49,98;
09:42:39;4336;49,98;
09:42:42;4386;49,98;
09:42:45;4442;49,99;
09:42:48;4450;49,99;
09:42:51;4460;50,00;
09:42:54;4446;50,00;
09:42:57;4466;50,00;
09:43:00;4502;50,00;
09:43:03;4480;50,00;
09:43:06;4468;49,99;
09:43:09;4450;49,99;
09:43:12;4474;49,99;
09:43:15;4570;49,98;
09:43:18;4616;49,98;
09:43:24;4562;49,99;
09:43:27;4548;49,99;
09:43:30;4554;49,99;
09:43:33;4624;49,99;
09:43:36;4764;49,98;
09:43:39;4778;49,99;
09:43:42;4744;49,99;
09:43:45;4786;49,99;
09:43:48;4818;50,00;
09:43:51;4830;50,00;
09:43:54;4850;50,00;
09:43:57;4864;50,00;
09:44:00;4928;50,00;
09:44:03;4930;50,00;
09:44:06;4870;50,00;
09:44:09;4818;50,00;
09:44:12;4768;50,00;
09:44:15;4746;50,00;
09:44:18;4724;50,00;
09:44:21;4704;50,00;
09:44:24;4790;50,00;
09:44:30;4916;49,99;
09:44:33;4916;49,98;
09:44:36;4920;49,98;
09:44:39;4922;49,98;
09:44:42;4910;49,98;
09:44:45;4898;49,99;
09:44:48;4884;49,99;
09:44:51;4870;49,99;
09:44:54;4874;50,00;
09:44:57;4894;50,00;
09:45:00;4898;50,00;
09:45:03;4904;50,00;
09:45:06;4816;50,00;
09:45:09;4794;49,99;
09:45:12;4762;49,99;
09:45:15;4756;49,99;
09:45:18;4802;49,98;
09:45:21;4886;49,98;
09:45:24;4938;49,98;
09:45:27;4980;49,98;
09:45:30;4992;49,97;
09:45:36;5016;49,97;
09:45:39;5022;49,97;
09:45:42;4970;49,97;
09:45:45;4966;49,97;
09:45:48;4926;49,97;
09:45:51;4914;49,97;
09:45:54;4918;49,97;
09:45:57;4940;49,97;
09:46:00;5018;49,97;
09:46:03;4994;49,97;
09:46:06;4958;49,98;
09:46:09;5000;49,98;
09:46:12;4982;49,98;
09:46:15;4988;49,98;
09:46:18;5008;49,97;
09:46:21;5092;49,97;
09:46:24;5184;49,97;
09:46:30;5084;49,97;
09:46:33;5070;49,97;
09:46:36;5000;49,97;
09:46:42;4944;49,98;
09:46:45;4980;49,98;
09:46:48;4988;49,98;
09:46:51;5004;49,97;
09:46:54;5016;49,98;
09:46:57;5022;49,98;
09:47:00;5024;49,98;
09:47:03;5052;49,98;
09:47:06;5108;49,97;
09:47:09;5156;49,98;
09:47:12;5150;49,97;
09:47:15;5144;49,97;
09:47:18;5114;49,98;
09:47:21;5116;49,99;
09:47:24;5094;49,99;
09:47:27;5076;49,99;
09:47:30;5140;49,98;
09:47:33;5206;49,98;
09:47:36;5282;49,98;
09:47:39;5306;49,98;
09:47:42;5228;49,98;
09:47:48;5056;49,99;
09:47:51;5020;49,99;
09:47:54;5024;49,99;
09:47:57;5070;50,00;
09:48:00;5098;50,00;
09:48:03;5186;50,01;
09:48:06;5248;50,01;
09:48:09;5268;50,01;
09:48:12;5334;50,01;
09:48:15;5344;50,00;
09:48:18;5364;50,00;
09:48:21;5366;50,00;
09:48:24;5390;50,00;
09:48:27;5374;50,00;
09:48:33;5364;50,01;
09:48:36;5420;50,01;
09:48:39;5474;50,01;
09:48:42;5492;50,01;
09:48:45;5480;50,01;
09:48:48;5536;50,01;
09:48:51;5540;50,00;
09:48:54;5550;50,00;
09:48:57;5612;50,00;
09:49:00;5624;50,00;
09:49:03;5490;50,00;
09:49:06;5530;50,00;
09:49:09;5586;49,99;
09:49:12;5564;49,99;
09:49:15;5580;49,99;
09:49:18;5614;49,99;
09:49:21;5584;49,99;
09:49:24;5582;49,99;
09:49:27;5522;50,00;
09:49:30;5514;50,00;
09:49:33;5478;50,00;
09:49:39;5520;50,00;
09:49:42;5538;50,00;
09:49:45;5652;50,00;
09:49:48;5738;50,00;
09:49:51;5736;50,00;
09:49:54;5724;50,00;
09:49:57;5702;50,00;
09:50:00;5694;50,00;
09:50:03;5668;50,01;
09:50:06;5670;50,01;
09:50:09;5634;50,00;
09:50:12;5608;50,00;
09:50:15;5572;50,00;
09:50:21;5612;50,00;
09:50:24;5616;50,00;
09:50:27;5640;50,00;
09:50:30;5648;50,00;
09:50:33;5656;50,00;
09:50:36;5646;50,00;
09:50:39;5714;49,99;
09:50:45;5878;49,99;
09:50:51;5918;50,00;
09:50:54;5916;50,00;
09:50:57;5962;50,00;
09:51:00;5992;50,00;
09:51:03;6052;50,00;
09:51:06;6066;50,01;
09:51:09;6036;50,00;
09:51:12;6024;50,00;
09:51:15;6126;50,00;
09:51:18;6132;50,00;
09:51:21;6094;50,00;
09:51:24;6072;50,00;
09:51:27;6096;49,99;
09:51:30;6086;49,99;
09:51:33;6116;49,99;
09:51:36;6054;49,99;
09:51:39;6050;49,99;
09:51:42;6062;49,99;
09:51:45;6082;49,99;
09:51:51;6058;50,00;
09:51:54;6026;49,99;
09:51:57;5996;50,00;
09:52:00;5960;50,00;
09:52:03;5968;50,00;
09:52:06;5956;50,00;
09:52:09;5966;50,00;
09:52:12;5954;50,00;
09:52:15;5980;50,00;
09:52:18;5976;49,99;
09:52:21;6030;50,00;
09:52:24;6048;50,00;
09:52:27;6068;50,00;
09:52:30;6060;50,00;
09:52:36;6074;49,99;
09:52:39;6072;49,99;
09:52:42;5986;49,98;
09:52:45;5942;49,99;
09:52:48;5836;49,99;
09:52:51;5830;49,99;
09:52:57;5812;49,99;
09:53:00;5836;49,99;
09:53:03;5836;50,00;
09:53:06;5834;50,00;
09:53:09;5836;50,00;
09:53:12;5858;50,00;
09:53:15;5876;50,00;
09:53:18;5898;50,00;
09:53:21;5918;50,00;
09:53:24;5936;49,99;
09:53:27;5928;49,99;
09:53:30;5942;49,99;
09:53:33;5940;49,99;
09:53:36;5990;50,00;
09:53:42;5948;50,00;
09:53:45;5918;50,00;
09:53:48;5952;50,00;
09:53:51;5936;50,00;
09:53:54;5924;50,00;
09:53:57;5916;50,00;
09:54:00;5944;50,00;
09:54:03;5958;50,00;
09:54:06;6008;50,00;
09:54:09;5996;50,00;
09:54:12;5986;50,00;
09:54:15;5954;50,00;
09:54:18;5950;50,00;
09:54:21;5944;50,00;
09:54:24;5996;50,00;
09:54:27;6042;50,00;
09:54:30;6088;49,99;
09:54:33;6080;49,99;
09:54:36;6122;49,99;
09:54:39;6096;49,99;
09:54:42;6074;49,99;
09:54:48;6110;49,99;
09:54:51;6120;49,99;
09:54:54;6146;49,99;
09:54:57;6116;50,00;
09:55:00;6144;50,00;
09:55:03;6150;50,00;
09:55:06;6138;49,99;
09:55:09;6142;50,00;
09:55:12;6154;49,99;
09:55:15;6146;49,99;
09:55:18;6172;49,99;
09:55:21;6172;49,98;
09:55:24;6184;49,99;
09:55:27;6182;49,98;
09:55:30;6178;49,98;
09:55:33;6208;49,97;
09:55:36;6256;49,97;
09:55:39;6270;49,97;
09:55:42;6246;49,97;
09:55:45;6214;49,98;
09:55:48;6272;49,98;
09:55:54;6326;49,99;
09:55:57;6322;50,00;
09:56:00;6352;50,00;
09:56:03;6316;50,00;
09:56:06;6318;49,99;
09:56:09;6336;49,99;
09:56:12;6356;49,99;
09:56:15;6376;49,98;
09:56:18;6392;49,98;
09:56:21;6406;49,98;
09:56:24;6460;49,98;
09:56:27;6486;49,98;
09:56:30;6548;49,98;
09:56:33;6576;49,98;
09:56:36;6580;49,98;
09:56:39;6608;49,98;
09:56:42;6622;49,99;
09:56:45;6630;49,99;
09:56:48;6666;50,00;
09:56:51;6682;49,99;
09:56:54;6678;50,00;
09:56:57;6710;50,00;
09:57:00;6718;50,00;
09:57:03;6744;50,00;
09:57:06;6738;50,00;
09:57:09;6782;50,01;
09:57:12;6766;50,01;
09:57:15;6810;50,00;
09:57:18;6810;50,01;
09:57:21;6840;50,01;
09:57:24;6838;50,00;
09:57:27;6890;50,00;
09:57:30;6870;50,00;
09:57:33;6906;50,00;
09:57:36;6892;50,00;
09:57:39;6872;49,99;
09:57:45;6828;49,99;
09:57:48;6816;49,99;
09:57:51;6834;50,00;
09:57:54;6802;50,00;
09:57:57;6806;50,00;
09:58:00;6782;50,00;
09:58:06;6772;50,00;
09:58:09;6760;50,00;
09:58:12;6756;50,00;
09:58:15;6736;50,00;
09:58:18;6696;50,00;
09:58:21;6656;50,00;
09:58:24;6628;50,00;
09:58:27;6582;50,00;
09:58:30;6572;49,99;
09:58:33;6586;49,99;
09:58:36;6588;49,99;
09:58:39;6594;49,99;
09:58:42;6602;49,99;
09:58:45;6624;49,99;
09:58:51;6654;49,99;
09:58:54;6646;49,99;
09:58:57;6644;49,99;
09:59:00;6664;49,99;
09:59:03;6632;49,99;
09:59:06;6626;49,99;
09:59:09;6614;49,98;
09:59:12;6630;49,98;
09:59:15;6568;49,98;
09:59:18;6516;49,99;
09:59:21;6486;49,99;
09:59:24;6464;49,99;
09:59:27;6394;49,99;
09:59:30;6386;49,99;
09:59:33;6362;49,99;
09:59:36;6352;49,98;
09:59:39;6320;49,98;
09:59:42;6304;49,98;
09:59:45;6248;49,98;
09:59:48;6220;49,98;
09:59:51;6152;49,98;
09:59:57;5964;49,98;
10:00:00;5934;49,98;
10:00:03;5988;49,98;
10:00:06;6008;49,97;
10:00:09;5990;49,96;
10:00:12;5940;49,97;
10:00:15;5852;49,96;
10:00:18;5830;49,96;
10:00:21;5728;49,96;
10:00:24;5692;49,96;
10:00:27;5572;49,96;
10:00:30;5512;49,96;
10:00:33;5324;49,96;
10:00:36;5266;49,96;
10:00:39;5286;49,96;
10:00:42;5452;49,96;
10:00:45;5470;49,96;
10:00:48;5448;49,96;
10:00:51;5434;49,96;
10:00:54;5522;49,96;
10:00:57;5658;49,96;
10:01:03;5722;49,96;
10:01:06;5750;49,96;
10:01:09;5740;49,96;
10:01:12;5714;49,96;
10:01:15;5688;49,96;
10:01:18;5686;49,96;
10:01:21;5672;49,96;
10:01:24;5678;49,96;
10:01:27;5666;49,96;
10:01:30;5634;49,96;
10:01:33;5642;49,96;
10:01:36;5672;49,96;
10:01:39;5670;49,96;
10:01:42;5672;49,96;
10:01:48;5700;49,95;
10:01:51;5682;49,95;
10:01:54;5628;49,96;
10:01:57;5604;49,96;
10:02:00;5664;49,96;
10:02:03;5662;49,96;
10:02:06;5596;49,96;
10:02:09;5574;49,96;
10:02:12;5584;49,95;
10:02:15;5568;49,95;
10:02:18;5492;49,95;
10:02:21;5482;49,95;
10:02:24;5514;49,95;
10:02:27;5520;49,95;
10:02:30;5496;49,95;
10:02:36;5574;49,95;
10:02:39;5636;49,95;
10:02:42;5662;49,95;
10:02:45;5652;49,94;
10:02:48;5708;49,94;
10:02:54;5698;49,95;
10:02:57;5668;49,95;
10:03:00;5662;49,96;
10:03:03;5652;49,96;
10:03:06;5614;49,96;
10:03:09;5600;49,96;
10:03:12;5562;49,96;
10:03:15;5552;49,95;
10:03:18;5510;49,95;
10:03:21;5552;49,95;
10:03:24;5572;49,95;
10:03:27;5564;49,95;
10:03:30;5512;49,96;
10:03:33;5478;49,96;
10:03:36;5444;49,96;
10:03:39;5408;49,96;
10:03:42;5402;49,96;
10:03:45;5398;49,96;
10:03:48;5400;49,96;
10:03:51;5436;49,96;
10:03:54;5434;49,96;
10:04:00;5404;49,96;
10:04:03;5402;49,96;
10:04:06;5346;49,96;
10:04:09;5388;49,96;
10:04:12;5402;49,96;
10:04:15;5432;49,97;
10:04:18;5458;49,97;
10:04:21;5442;49,97;
10:04:24;5398;49,97;
10:04:27;5380;49,96;
10:04:30;5322;49,96;
10:04:33;5336;49,96;
10:04:36;5314;49,97;
10:04:39;5308;49,97;
10:04:42;5296;49,96;
10:04:45;5404;49,96;
10:04:48;5518;49,97;
10:04:51;5494;49,97;
10:04:54;5344;49,97;
10:04:57;5302;49,97;
10:05:00;5188;49,97;
10:05:06;5246;49,97;
10:05:09;5318;49,97;
10:05:12;5466;49,98;
10:05:15;5524;49,97;
10:05:18;5676;49,98;
10:05:21;5684;49,97;
10:05:24;5638;49,98;
10:05:27;5568;49,98;
10:05:30;5558;49,98;
10:05:33;5534;49,98;
10:05:36;5414;49,98;
10:05:39;5308;49,98;
10:05:42;5080;49,98;
10:05:45;5072;49,98;
10:05:48;5046;49,98;
10:05:51;4962;49,99;
10:05:54;4928;49,99;
10:05:57;4838;49,99;
10:06:00;4846;50,00;
10:06:03;4920;50,00;
10:06:06;4966;50,00;
10:06:09;5046;50,00;
10:06:12;5168;49,99;
10:06:15;5404;49,99;
10:06:18;5400;49,98;
10:06:21;5280;49,98;
10:06:24;5214;49,98;
10:06:27;5044;49,98;
10:06:30;4990;49,98;
10:06:33;5020;49,99;
10:06:36;5066;49,98;
10:06:39;5072;49,99;
10:06:42;5098;50,00;
10:06:45;5048;50,00;
10:06:48;5058;50,00;
10:06:51;4980;49,99;
10:06:57;4924;49,99;
10:07:00;4860;49,99;
10:07:03;4824;49,99;
10:07:06;4894;49,99;
10:07:09;4794;49,99;
10:07:12;4734;49,99;
10:07:15;4730;49,99;
10:07:18;4742;49,99;
10:07:21;4858;49,98;
10:07:24;4916;49,98;
10:07:27;4966;49,97;
10:07:30;4990;49,97;
10:07:33;5022;49,97;
10:07:36;5080;49,97;
10:07:39;5078;49,97;
10:07:42;5006;49,98;
10:07:45;4882;49,98;
10:07:48;4866;49,98;
10:07:51;4820;49,98;
10:07:54;4840;49,98;
10:07:57;4820;49,98;
10:08:03;4634;49,97;
10:08:06;4608;49,97;
10:08:09;4532;49,97;
10:08:12;4520;49,97;
10:08:15;4508;49,97;
10:08:18;4454;49,98;
10:08:21;4412;49,98;
10:08:24;4338;49,98;
10:08:27;4290;49,98;
10:08:30;4308;49,97;
10:08:33;4414;49,98;
10:08:36;4428;49,98;
10:08:39;4456;49,98;
10:08:42;4424;49,98;
10:08:45;4422;49,98;
10:08:48;4468;49,98;
10:08:51;4586;49,99;
10:08:54;4554;49,99;
10:08:57;4468;49,99;
10:09:00;4410;49,99;
10:09:03;4424;49,99;
10:09:09;4450;49,99;
10:09:12;4474;49,99;
10:09:15;4590;49,99;
10:09:18;4590;49,98;
10:09:21;4612;49,98;
10:09:24;4618;49,98;
10:09:27;4672;49,98;
10:09:30;4680;49,98;
10:09:33;4568;49,98;
10:09:36;4504;49,98;
10:09:39;4452;49,98;
10:09:42;4428;49,98;
10:09:45;4420;49,99;
10:09:48;4424;49,98;
10:09:51;4462;49,99;
10:09:54;4514;49,98;
10:09:57;4560;49,99;
10:10:00;4558;49,99;
10:10:03;4642;50,00;
10:10:06;4704;50,00;
10:10:09;4774;50,00;
10:10:15;4778;50,00;
10:10:18;4754;50,00;
10:10:21;4792;49,99;
10:10:24;4778;49,99;
10:10:27;4762;49,98;
10:10:30;4768;49,98;
10:10:33;4782;49,98;
10:10:36;4762;49,98;
10:10:39;4766;49,98;
10:10:42;4770;49,98;
10:10:45;4800;49,98;
10:10:48;4852;49,98;
10:10:51;4874;49,98;
10:10:54;4892;49,98;
10:11:00;4840;49,98;
10:11:03;4868;49,98;
10:11:06;4836;49,98;
10:11:09;4840;49,98;
10:11:12;4850;49,98;
10:11:15;4872;49,98;
10:11:21;4870;49,98;
10:11:24;4982;49,98;
10:11:27;5026;49,98;
10:11:30;4978;49,98;
10:11:33;4968;49,98;
10:11:36;4946;49,98;
10:11:39;4926;49,98;
10:11:42;4928;49,98;
10:11:45;4902;49,98;
10:11:48;4872;49,98;
10:11:51;4806;49,98;
10:11:54;4738;49,98;
10:11:57;4720;49,98;
10:12:00;4738;49,98;
10:12:06;4688;49,98;
10:12:09;4612;49,98;
10:12:12;4604;49,98;
10:12:15;4664;49,98;
10:12:18;4800;49,98;
10:12:21;4790;49,98;
10:12:24;4810;49,98;
10:12:27;4798;49,98;
10:12:30;4786;49,98;
10:12:33;4752;49,98;
10:12:39;4730;49,99;
10:12:42;4710;49,99;
10:12:45;4674;49,99;
10:12:48;4678;50,00;
10:12:51;4636;50,00;
10:12:54;4654;50,01;
10:12:57;4630;50,01;
10:13:00;4606;50,01;
10:13:03;4580;50,01;
10:13:06;4610;50,01;
10:13:12;4552;50,01;
10:13:15;4518;50,01;
10:13:18;4512;50,01;
10:13:21;4522;50,00;
10:13:24;4536;50,00;
10:13:27;4526;50,00;
10:13:30;4560;50,00;
10:13:33;4586;50,00;
10:13:36;4604;50,01;
10:13:39;4598;50,01;
10:13:42;4594;50,01;
10:13:45;4584;50,01;
10:13:48;4548;50,01;
10:13:51;4520;50,01;
10:13:54;4482;50,01;
10:13:57;4460;50,01;
10:14:00;4440;50,01;
10:14:03;4438;50,01;
10:14:06;4416;50,00;
10:14:09;4396;50,00;
10:14:18;4376;50,00;
10:14:21;4366;50,00;
10:14:27;4376;50,00;
10:14:30;4350;50,00;
10:14:33;4332;49,99;
10:14:36;4306;49,99;
10:14:39;4312;49,99;
10:14:42;4324;49,99;
10:14:45;4330;50,00;
10:14:48;4288;50,00;
10:14:51;4262;50,00;
10:14:54;4216;50,00;
10:14:57;4208;50,00;
10:15:03;4220;49,99;
10:15:06;4216;49,99;
10:15:09;4214;49,98;
10:15:12;4174;49,98;
10:15:15;4164;49,98;
10:15:18;4140;49,98;
10:15:21;4138;49,98;
10:15:24;4140;49,98;
10:15:27;4152;49,97;
10:15:30;4142;49,97;
10:15:36;4110;49,97;
10:15:39;4028;49,97;
10:15:42;3949;49,97;
10:15:45;3925;49,97;
10:15:48;3888;49,97;
10:15:51;3900;49,97;
10:15:54;3886;49,98;
10:15:57;3877;49,98;
10:16:00;3856;49,98;
10:16:09;3871;49,99;
10:16:12;3867;49,99;
10:16:15;3951;49,99;
10:16:18;3987;49,99;
10:16:21;4035;49,99;
10:16:24;3997;49,99;
10:16:27;3990;49,98;
10:16:30;3956;49,99;
10:16:33;3928;49,98;
10:16:36;3924;49,98;
10:16:39;3953;49,98;
10:16:42;3966;49,98;
10:16:45;4006;49,98;
10:16:48;4031;49,98;
10:16:51;4043;49,98;
10:16:54;4118;49,98;
10:16:57;4158;49,98;
10:17:00;4154;49,97;
10:17:03;4126;49,98;
10:17:06;4120;49,98;
10:17:09;4102;49,98;
10:17:15;4065;49,98;
10:17:18;4052;49,98;
10:17:21;4011;49,98;
10:17:24;4002;49,98;
10:17:27;3994;49,98;
10:17:30;3999;49,98;
10:17:33;3996;49,98;
10:17:36;3992;49,98;
10:17:39;3954;49,98;
10:17:42;3959;49,98;
10:17:45;3971;49,98;
10:17:48;3972;49,98;
10:17:51;3970;49,98;
10:17:54;3972;49,98;
10:17:57;3966;49,98;
10:18:00;3959;49,99;
10:18:03;3956;49,99;
10:18:06;3964;50,00;
10:18:09;3986;50,00;
10:18:12;3999;50,00;
10:18:15;4019;49,99;
10:18:21;3994;49,98;
10:18:24;3984;49,98;
10:18:27;4004;49,98;
10:18:30;4026;49,98;
10:18:33;4079;49,97;
10:18:36;4116;49,97;
10:18:39;4114;49,97;
10:18:45;4036;49,97;
10:18:48;4022;49,98;
10:18:51;3979;49,98;
10:18:54;3977;49,98;
10:18:57;3929;49,98;
10:19:00;3913;49,98;
10:19:03;3899;49,98;
10:19:06;3898;49,98;
10:19:09;3917;49,98;
10:19:12;3916;49,98;
10:19:15;3856;49,98;
10:19:18;3863;49,98;
10:19:21;3852;49,98;
10:19:27;3855;49,98;
10:19:30;3846;49,98;
10:19:33;3850;49,98;
10:19:36;3879;49,98;
10:19:39;3888;49,98;
10:19:42;3944;49,98;
10:19:45;3964;49,98;
10:19:48;3968;49,98;
10:19:51;3997;49,98;
10:19:54;4000;49,98;
10:19:57;3980;49,98;
10:20:00;3932;49,98;
10:20:03;3907;49,98;
10:20:06;3875;49,98;
10:20:12;3884;49,97;
10:20:15;3897;49,98;
10:20:18;3899;49,97;
10:20:21;3904;49,98;
10:20:24;3899;49,97;
10:20:27;3898;49,97;
10:20:30;3894;49,97;
10:20:33;3928;49,97;
10:20:36;3934;49,97;
10:20:39;3936;49,97;
10:20:42;3961;49,98;
10:20:45;3972;49,98;
10:20:48;4002;49,98;
10:20:51;4020;49,98;
10:20:54;4027;49,98;
10:20:57;4049;49,98;
10:21:00;3979;49,98;
10:21:03;3963;49,98;
10:21:06;3941;49,98;
10:21:09;3924;49,98;
10:21:12;3929;49,98;
10:21:18;3963;49,98;
10:21:21;3954;49,98;
10:21:24;3922;49,98;
10:21:27;3907;49,98;
10:21:30;3888;49,98;
10:21:33;3871;49,98;
10:21:36;3861;49,98;
10:21:39;3847;49,99;
10:21:42;3825;49,99;
10:21:45;3818;49,98;
10:21:48;3808;49,98;
10:21:51;3825;49,98;
10:21:54;3842;49,98;
10:21:57;3866;49,98;
10:22:00;3885;49,99;
10:22:03;3901;49,99;
10:22:06;3865;49,99;
10:22:09;3859;49,99;
10:22:12;3804;50,00;
10:22:15;3793;50,00;
10:22:18;3746;50,00;
10:22:24;3746;49,99;
10:22:27;3763;49,99;
10:22:30;3764;49,98;
10:22:33;3785;49,98;
10:22:36;3785;49,97;
10:22:39;3790;49,98;
10:22:42;3786;49,98;
10:22:45;3767;49,98;
10:22:48;3747;49,98;
10:22:51;3763;49,99;
10:22:54;3761;49,99;
10:22:57;3775;49,99;
10:23:00;3758;50,00;
10:23:03;3771;50,00;
10:23:06;3775;50,00;
10:23:09;3786;50,00;
10:23:12;3776;49,99;
10:23:15;3791;49,99;
10:23:18;3791;49,98;
10:23:21;3800;49,98;
10:23:24;3792;49,98;
10:23:30;3784;49,99;
10:23:33;3796;49,98;
10:23:36;3783;49,98;
10:23:39;3776;49,98;
10:23:42;3763;49,98;
10:23:45;3768;49,98;
10:23:48;3764;49,98;
10:23:51;3762;49,98;
10:23:54;3768;49,99;
10:23:57;3770;49,99;
10:24:00;3771;50,00;
10:24:03;3775;50,00;
10:24:06;3777;50,00;
10:24:09;3787;50,00;
10:24:15;3815;49,99;
10:24:18;3831;49,99;
10:24:21;3858;49,98;
10:24:24;3861;49,98;
10:24:27;3860;49,98;
10:24:30;3861;49,98;
10:24:33;3853;49,98;
10:24:36;3850;49,99;
10:24:39;3849;49,99;
10:24:42;3859;49,99;
10:24:45;3861;49,99;
10:24:48;3880;49,99;
10:24:51;3899;49,99;
10:24:54;3922;49,99;
10:24:57;3936;49,99;
10:25:00;3935;49,99;
10:25:03;3921;49,98;
10:25:06;3940;49,98;
10:25:09;3945;49,98;
10:25:12;3960;49,98;
10:25:15;3944;49,98;
10:25:21;3952;49,98;
10:25:24;3967;49,98;
10:25:27;3956;49,98;
10:25:30;3969;49,98;
10:25:33;3929;49,98;
10:25:36;3932;49,98;
10:25:39;3924;49,98;
10:25:42;3902;49,98;
10:25:45;3903;49,98;
10:25:48;3911;49,97;
10:25:51;3896;49,98;
10:25:54;3924;49,98;
10:25:57;3930;49,98;
10:26:00;3950;49,98;
10:26:03;3960;49,98;
10:26:06;3997;49,98;
10:26:09;4031;49,98;
10:26:12;4064;49,98;
10:26:15;4093;49,99;
10:26:18;4124;49,99;
10:26:21;4146;50,00;
10:26:27;4210;50,00;
10:26:30;4242;50,00;
10:26:33;4274;50,00;
10:26:36;4314;50,00;
10:26:39;4348;50,00;
10:26:42;4352;50,00;
10:26:45;4362;50,00;
10:26:48;4378;50,00;
10:26:51;4412;50,01;
10:26:54;4418;50,01;
10:26:57;4494;50,01;
10:27:00;4524;50,01;
10:27:03;4522;50,01;
10:27:06;4512;50,01;
10:27:09;4544;50,00;
10:27:12;4554;50,00;
10:27:15;4590;50,00;
10:27:18;4608;50,00;
10:27:21;4666;50,00;
10:27:24;4660;50,00;
10:27:27;4718;50,00;
10:27:33;4792;49,99;
10:27:36;4788;49,98;
10:27:39;4806;49,98;
10:27:42;4804;49,98;
10:27:45;4834;49,98;
10:27:51;4878;49,98;
10:27:54;4918;49,98;
10:27:57;5088;49,99;
10:28:00;5110;50,00;
10:28:03;5182;50,00;
10:28:06;5188;50,00;
10:28:09;5196;50,01;
10:28:12;5198;50,01;
10:28:15;5240;50,01;
10:28:18;5274;50,01;
10:28:21;5314;50,00;
10:28:24;5330;50,00;
10:28:27;5412;49,99;
10:28:30;5432;49,99;
10:28:33;5484;49,99;
10:28:36;5434;49,99;
10:28:39;5372;49,99;
10:28:42;5436;50,00;
10:28:45;5456;50,00;
10:28:48;5554;50,00;
10:28:51;5604;50,00;
10:28:54;5576;50,00;
10:28:57;5596;50,00;
10:29:00;5630;50,01;
10:29:03;5806;50,01;
10:29:06;5908;50,01;
10:29:09;5974;50,00;
10:29:12;6078;50,00;
10:29:15;6120;50,00;
10:29:18;6060;50,00;
10:29:24;5978;50,00;
10:29:27;6004;50,00;
10:29:30;6084;50,00;
10:29:33;6156;50,00;
10:29:36;6120;50,00;
10:29:39;6198;50,00;
10:29:42;6276;50,00;
10:29:45;6318;50,00;
10:29:48;6268;50,00;
10:29:51;6228;50,00;
10:29:54;6160;50,00;
10:29:57;6186;50,00;
10:30:00;6452;50,00;
10:30:03;6538;50,00;
10:30:06;6622;50,00;
10:30:09;6580;49,99;
10:30:12;6404;49,99;
10:30:15;6306;49,99;
10:30:18;6206;49,99;
10:30:21;6134;50,00;
10:30:24;6146;50,00;
10:30:30;6088;50,00;
10:30:33;6092;50,00;
10:30:36;6056;50,00;
10:30:39;5972;50,00;
10:30:42;5926;50,00;
10:30:45;5924;50,00;
10:30:48;5956;50,01;
10:30:51;5998;50,00;
10:30:54;6082;50,00;
10:30:57;6068;50,00;
10:31:03;6020;50,00;
10:31:06;5974;50,00;
10:31:09;5920;50,00;
10:31:12;5872;50,00;
10:31:15;5788;50,01;
10:31:18;5840;50,00;
10:31:21;5858;50,00;
10:31:24;5890;50,00;
10:31:27;5856;50,00;
10:31:30;5850;49,99;
10:31:36;5994;49,99;
10:31:39;5992;50,00;
10:31:45;5972;50,00;
10:31:48;5956;50,00;
10:31:51;5922;50,00;
10:31:54;5894;50,00;
10:31:57;5800;49,99;
10:32:00;5608;49,98;
10:32:03;5616;49,98;
10:32:06;5600;49,98;
10:32:09;5576;49,98;
10:32:12;5588;49,98;
10:32:15;5604;49,98;
10:32:18;5552;49,98;
10:32:21;5516;49,98;
10:32:24;5518;49,97;
10:32:27;5514;49,97;
10:32:30;5520;49,97;
10:32:33;5548;49,97;
10:32:36;5574;49,97;
10:32:42;5598;49,98;
10:32:45;5648;49,98;
10:32:48;5768;49,99;
10:32:51;5798;49,98;
10:32:54;5792;49,98;
10:32:57;5756;49,98;
10:33:00;5700;49,98;
10:33:03;5708;49,98;
10:33:06;5668;49,98;
10:33:09;5680;49,98;
10:33:12;5702;49,99;
10:33:15;5750;49,99;
10:33:18;5736;50,00;
10:33:21;5670;50,00;
10:33:27;5560;50,00;
10:33:30;5482;50,00;
10:33:33;5474;49,99;
10:33:36;5452;49,99;
10:33:39;5446;49,99;
10:33:42;5412;49,99;
10:33:45;5366;49,99;
10:33:48;5346;49,99;
10:33:51;5338;49,99;
10:33:54;5300;49,99;
10:33:57;5270;49,99;
10:34:00;5256;49,99;
10:34:03;5254;50,00;
10:34:06;5224;50,00;
10:34:09;5232;50,00;
10:34:12;5204;50,00;
10:34:15;5230;50,00;
10:34:18;5188;50,00;
10:34:21;5162;50,00;
10:34:24;5144;50,00;
10:34:27;5078;50,00;
10:34:33;4972;50,00;
10:34:36;4952;50,00;
10:34:39;4932;50,00;
10:34:42;4912;50,00;
10:34:45;4924;49,99;
10:34:48;4910;49,99;
10:34:54;4888;50,00;
10:34:57;4860;50,00;
10:35:00;4846;50,00;
10:35:03;4864;50,00;
10:35:06;4874;50,00;
10:35:12;4876;50,00;
10:35:18;4890;50,00;
10:35:21;4866;50,00;
10:35:24;4844;49,99;
10:35:27;4790;50,00;
10:35:30;4770;50,00;
10:35:33;4798;50,00;
10:35:39;4738;50,00;
10:35:42;4740;50,00;
10:35:45;4782;50,00;
10:35:48;4806;50,01;
10:35:51;4816;50,00;
10:35:54;4800;50,00;
10:35:57;4758;50,00;
10:36:00;4784;50,00;
10:36:03;4754;50,00;
10:36:06;4766;50,00;
10:36:09;4782;50,00;
10:36:12;4788;50,00;
10:36:15;4800;50,00;
10:36:18;4824;49,99;
10:36:21;4816;49,99;
10:36:24;4844;49,99;
10:36:27;4830;49,99;
10:36:30;4850;49,99;
10:36:33;4862;49,98;
10:36:39;4824;49,99;
10:36:45;4760;50,00;
10:36:48;4756;50,00;
10:36:51;4758;50,00;
10:36:54;4756;50,00;
10:36:57;4768;50,00;
10:37:00;4804;50,00;
10:37:03;4816;50,00;
10:37:06;4830;50,00;
10:37:09;4848;50,00;
10:37:12;4874;49,99;
10:37:15;4812;50,00;
10:37:18;4774;50,00;
10:37:21;4672;50,00;
10:37:24;4644;49,99;
10:37:27;4618;49,99;
10:37:30;4564;50,00;
10:37:33;4520;49,99;
10:37:36;4504;49,99;
10:37:39;4478;49,98;
10:37:42;4462;49,98;
10:37:45;4464;49,97;
10:37:48;4498;49,98;
10:37:51;4544;49,98;
10:37:54;4632;49,99;
10:37:57;4652;49,99;
10:38:00;4692;49,99;
10:38:03;4698;50,00;
10:38:06;4736;50,00;
10:38:09;4728;50,00;
10:38:12;4698;50,00;
10:38:15;4744;50,00;
10:38:18;4742;49,99;
10:38:21;4724;49,99;
10:38:24;4728;49,99;
10:38:27;4750;49,99;
10:38:30;4820;49,98;
10:38:36;4808;49,98;
10:38:39;4788;49,98;
10:38:42;4746;49,97;
10:38:45;4734;49,98;
10:38:48;4740;49,98;
10:38:51;4748;49,98;
10:38:54;4742;49,98;
10:38:57;4754;49,98;
10:39:00;4766;49,98;
10:39:03;4770;49,98;
10:39:06;4774;49,98;
10:39:09;4770;49,98;
10:39:12;4794;49,98;
10:39:15;4820;49,98;
10:39:18;4842;49,99;
10:39:21;4858;49,99;
10:39:24;4796;49,99;
10:39:27;4764;50,00;
10:39:30;4716;49,99;
10:39:33;4722;49,99;
10:39:36;4774;49,98;
10:39:42;4740;49,98;
10:39:45;4752;49,98;
10:39:48;4774;49,98;
10:39:51;4788;49,98;
10:39:57;4784;49,98;
10:40:00;4790;49,99;
10:40:03;4794;49,99;
10:40:06;4798;49,98;
10:40:09;4788;49,98;
10:40:12;4772;49,98;
10:40:15;4794;49,97;
10:40:18;4774;49,98;
10:40:21;4770;49,98;
10:40:24;4768;49,98;
10:40:27;4782;49,98;
10:40:30;4804;49,98;
10:40:33;4810;49,97;
10:40:36;4798;49,98;
10:40:39;4804;49,98;
10:40:42;4762;49,99;
10:40:48;4718;49,99;
10:40:51;4736;49,99;
10:40:54;4750;49,99;
10:40:57;4774;49,99;
10:41:00;4792;49,99;
10:41:03;4812;49,99;
10:41:06;4814;49,99;
10:41:09;4804;49,99;
10:41:12;4774;49,98;
10:41:15;4824;49,98;
10:41:18;4810;49,98;
10:41:21;4790;49,98;
10:41:24;4754;49,98;
10:41:27;4772;49,98;
10:41:30;4760;49,98;
10:41:33;4752;49,98;
10:41:36;4732;49,98;
10:41:39;4766;49,98;
10:41:42;4780;49,99;
10:41:45;4778;49,99;
10:41:48;4756;50,00;
10:41:54;4782;49,99;
10:41:57;4788;49,99;
10:42:00;4726;49,98;
10:42:03;4736;49,98;
10:42:06;4718;49,99;
10:42:09;4700;49,99;
10:42:12;4664;49,99;
10:42:15;4600;49,99;
10:42:18;4564;49,99;
10:42:21;4558;49,99;
10:42:24;4564;49,99;
10:42:27;4566;49,99;
10:42:30;4570;50,00;
10:42:33;4588;50,00;
10:42:39;4608;50,00;
10:42:42;4622;50,00;
10:42:45;4630;50,00;
10:42:48;4632;50,00;
10:42:51;4644;50,00;
10:43:00;4644;49,99;
10:43:03;4670;49,99;
10:43:06;4682;49,99;
10:43:09;4676;49,99;
10:43:12;4682;49,99;
10:43:15;4674;50,00;
10:43:18;4682;50,00;
10:43:21;4666;50,00;
10:43:24;4620;50,00;
10:43:27;4578;49,99;
10:43:30;4596;49,99;
10:43:33;4598;49,98;
10:43:36;4612;49,98;
10:43:39;4598;49,97;
10:43:45;4628;49,98;
10:43:48;4646;49,98;
10:43:54;4670;49,98;
10:43:57;4674;49,98;
10:44:00;4674;49,99;
10:44:03;4668;49,99;
10:44:06;4654;49,99;
10:44:09;4744;49,98;
10:44:12;4764;49,99;
10:44:15;4760;49,98;
10:44:18;4786;49,99;
10:44:21;4780;49,99;
10:44:24;4776;49,99;
10:44:27;4754;49,99;
10:44:30;4708;49,99;
10:44:33;4666;49,99;
10:44:36;4662;49,98;
10:44:39;4610;49,98;
10:44:42;4624;49,98;
10:44:45;4604;49,99;
10:44:51;4572;49,98;
10:44:54;4602;49,98;
10:44:57;4634;49,99;
10:45:00;4642;49,99;
10:45:03;4662;49,99;
10:45:06;4678;49,99;
10:45:09;4682;49,99;
10:45:12;4684;50,00;
10:45:15;4670;50,00;
10:45:18;4640;50,00;
10:45:21;4630;50,00;
10:45:24;4604;49,99;
10:45:27;4574;49,99;
10:45:30;4540;49,99;
10:45:33;4558;49,99;
10:45:36;4582;49,98;
10:45:39;4614;49,98;
10:45:42;4606;49,98;
10:45:45;4644;49,98;
10:45:48;4650;49,98;
10:45:51;4646;49,98;
10:45:57;4610;49,98;
10:46:00;4612;49,98;
10:46:03;4568;49,98;
10:46:06;4540;49,98;
10:46:09;4596;49,98;
10:46:12;4586;49,98;
10:46:15;4572;49,98;
10:46:18;4560;49,99;
10:46:21;4506;50,00;
10:46:24;4478;50,00;
10:46:27;4452;50,00;
10:46:30;4420;50,00;
10:46:33;4438;49,99;
10:46:36;4426;49,99;
10:46:42;4392;49,98;
10:46:45;4406;49,98;
10:46:48;4404;49,98;
10:46:51;4420;49,99;
10:46:54;4406;49,99;
10:46:57;4426;49,99;
10:47:03;4418;49,99;
10:47:06;4406;49,99;
10:47:09;4428;49,99;
10:47:12;4426;50,00;
10:47:15;4436;50,00;
10:47:18;4418;50,00;
10:47:21;4440;49,99;
10:47:24;4442;49,99;
10:47:27;4438;49,99;
10:47:30;4414;49,99;
10:47:33;4432;49,99;
10:47:36;4452;49,99;
10:47:39;4476;49,99;
10:47:42;4486;49,99;
10:47:48;4464;50,00;
10:47:51;4466;49,99;
10:47:54;4440;49,99;
10:47:57;4460;49,99;
10:48:00;4448;49,99;
10:48:03;4430;49,99;
10:48:06;4428;50,00;
10:48:09;4404;49,99;
10:48:12;4414;50,00;
10:48:15;4408;50,00;
10:48:18;4432;50,00;
10:48:21;4424;50,00;
10:48:24;4418;50,00;
10:48:27;4404;50,00;
10:48:30;4410;50,00;
10:48:33;4388;49,99;
10:48:36;4408;49,99;
10:48:39;4404;49,99;
10:48:42;4408;49,99;
10:48:45;4398;49,99;
10:48:48;4422;49,99;
10:48:54;4440;49,99;
10:48:57;4428;49,98;
10:49:00;4430;49,98;
10:49:03;4396;49,98;
10:49:06;4392;49,98;
10:49:09;4394;49,98;
10:49:12;4436;49,98;
10:49:15;4454;49,98;
10:49:18;4476;49,98;
10:49:21;4464;49,98;
10:49:24;4508;49,97;
10:49:27;4502;49,98;
10:49:30;4510;49,98;
10:49:33;4486;49,98;
10:49:36;4502;49,98;
10:49:39;4488;49,98;
10:49:42;4484;49,97;
10:49:45;4462;49,97;
10:49:48;4462;49,98;
10:49:51;4452;49,98;
10:49:54;4458;49,98;
10:50:00;4482;49,98;
10:50:03;4488;49,98;
10:50:06;4514;49,97;
10:50:09;4518;49,97;
10:50:12;4548;49,97;
10:50:15;4558;49,97;
10:50:18;4544;49,97;
10:50:21;4556;49,97;
10:50:24;4538;49,98;
10:50:27;4532;49,98;
10:50:30;4540;49,98;
10:50:33;4544;49,99;
10:50:36;4568;49,99;
10:50:39;4580;49,99;
10:50:42;4576;49,99;
10:50:45;4588;49,99;
10:50:48;4624;49,98;
10:50:51;4628;49,98;
10:50:54;4642;49,98;
10:50:57;4658;49,98;
10:51:00;4662;49,97;
10:51:06;4638;49,97;
10:51:09;4618;49,97;
10:51:12;4632;49,97;
10:51:18;4618;49,98;
10:51:21;4602;49,98;
10:51:24;4596;49,98;
10:51:27;4606;49,98;
10:51:30;4608;49,98;
10:51:33;4622;49,97;
10:51:39;4654;49,97;
10:51:42;4660;49,96;
10:51:45;4716;49,96;
10:51:51;4754;49,97;
10:51:54;4744;49,97;
10:51:57;4746;49,98;
10:52:00;4712;49,98;
10:52:03;4714;49,98;
10:52:06;4676;49,98;
10:52:09;4666;49,97;
10:52:12;4656;49,97;
10:52:15;4614;49,97;
10:52:18;4594;49,96;
10:52:21;4596;49,96;
10:52:24;4578;49,96;
10:52:27;4574;49,97;
10:52:30;4554;49,97;
10:52:33;4560;49,97;
10:52:36;4526;49,97;
10:52:39;4528;49,98;
10:52:42;4516;49,97;
10:52:45;4534;49,97;
10:52:48;4522;49,97;
10:52:51;4544;49,97;
10:52:57;4556;49,98;
10:53:00;4536;49,98;
10:53:03;4548;49,98;
10:53:06;4542;49,98;
10:53:09;4534;49,97;
10:53:12;4524;49,97;
10:53:15;4538;49,97;
10:53:18;4540;49,97;
10:53:21;4514;49,98;
10:53:24;4498;49,98;
10:53:27;4504;49,98;
10:53:30;4510;49,99;
10:53:33;4506;49,99;
10:53:36;4502;49,99;
10:53:39;4486;49,99;
10:53:42;4508;50,00;
10:53:45;4510;50,00;
10:53:48;4502;50,00;
10:53:51;4492;50,00;
10:53:54;4488;50,00;
10:53:57;4482;50,00;
10:54:03;4466;50,00;
10:54:06;4462;50,00;
10:54:09;4454;49,99;
10:54:12;4448;49,99;
10:54:15;4468;49,99;
10:54:18;4494;49,99;
10:54:21;4492;49,99;
10:54:24;4500;49,99;
10:54:27;4472;49,98;
10:54:30;4458;49,98;
10:54:33;4426;49,98;
10:54:36;4414;49,98;
10:54:39;4396;49,98;
10:54:42;4394;49,98;
10:54:45;4380;49,98;
10:54:48;4386;49,98;
10:54:51;4380;49,98;
10:54:54;4376;49,97;
10:54:57;4356;49,98;
10:55:00;4350;49,98;
10:55:03;4344;49,98;
10:55:09;4322;49,97;
10:55:15;4300;49,97;
10:55:18;4294;49,97;
10:55:21;4268;49,98;
10:55:24;4274;49,98;
10:55:27;4262;49,98;
10:55:30;4256;49,98;
10:55:33;4244;49,97;
10:55:36;4252;49,97;
10:55:39;4230;49,97;
10:55:42;4240;49,97;
10:55:45;4226;49,98;
10:55:48;4234;49,98;
10:55:54;4242;49,98;
10:55:57;4248;49,98;
10:56:00;4236;49,99;
10:56:03;4228;49,98;
10:56:06;4252;49,99;
10:56:09;4250;49,99;
10:56:12;4248;49,99;
10:56:15;4256;49,99;
10:56:18;4246;49,98;
10:56:21;4244;49,98;
10:56:24;4230;49,98;
10:56:27;4224;49,98;
10:56:30;4240;49,97;
10:56:33;4244;49,97;
10:56:36;4226;49,97;
10:56:39;4224;49,97;
10:56:42;4212;49,98;
10:56:45;4210;49,98;
10:56:48;4206;49,98;
10:56:51;4204;49,98;
10:56:54;4196;49,98;
10:57:00;4182;49,99;
10:57:03;4188;49,99;
10:57:06;4216;49,99;
10:57:09;4228;49,99;
10:57:12;4250;49,99;
10:57:15;4260;49,99;
10:57:18;4262;49,99;
10:57:21;4280;49,99;
10:57:24;4320;49,99;
10:57:27;4332;49,99;
10:57:30;4344;50,00;
10:57:33;4336;49,99;
10:57:36;4314;49,99;
10:57:39;4302;49,99;
10:57:42;4284;49,99;
10:57:45;4294;49,99;
10:57:48;4292;49,99;
10:57:51;4292;49,98;
10:57:54;4278;49,98;
10:57:57;4276;49,99;
10:58:00;4278;49,98;
10:58:06;4304;49,98;
10:58:12;4332;49,98;
10:58:15;4336;49,98;
10:58:18;4338;49,99;
10:58:21;4360;49,99;
10:58:27;4376;49,99;
10:58:30;4372;49,98;
10:58:33;4384;49,98;
10:58:36;4378;49,97;
10:58:39;4396;49,97;
10:58:42;4404;49,97;
10:58:45;4426;49,98;
10:58:48;4428;49,98;
10:58:51;4426;49,98;
10:58:54;4402;49,98;
10:58:57;4406;49,99;
10:59:00;4398;50,00;
10:59:03;4426;50,00;
10:59:06;4414;50,00;
10:59:12;4410;49,99;
10:59:15;4412;49,99;
10:59:18;4420;49,98;
10:59:21;4444;49,98;
10:59:27;4474;49,98;
10:59:30;4488;49,98;
10:59:33;4480;49,98;
10:59:36;4506;49,98;
10:59:39;4524;49,98;
10:59:42;4520;49,98;
10:59:45;4542;49,98;
10:59:48;4510;49,98;
10:59:51;4516;49,98;
10:59:54;4512;49,98;
10:59:57;4542;49,98;
11:00:00;4538;49,98;
11:00:03;4548;49,98;
11:00:06;4528;49,98;
11:00:09;4530;49,98;
11:00:12;4534;49,97;
11:00:18;4558;49,97;
11:00:21;4544;49,97;
11:00:24;4568;49,97;
11:00:27;4580;49,98;
11:00:30;4592;49,98;
11:00:33;4582;49,98;
11:00:36;4598;49,99;
11:00:39;4574;49,99;
11:00:42;4586;49,99;
11:00:45;4622;49,99;
11:00:48;4636;49,99;
11:00:51;4644;49,99;
11:00:54;4646;49,99;
11:00:57;4636;49,98;
11:01:03;4642;49,99;
11:01:06;4650;49,99;
11:01:09;4646;50,00;
11:01:12;4640;50,00;
11:01:15;4622;50,00;
11:01:18;4622;49,99;
11:01:21;4598;49,99;
11:01:24;4590;49,98;
11:01:27;4540;49,98;
11:01:33;4520;49,98;
11:01:36;4534;49,99;
11:01:39;4512;49,99;
11:01:45;4504;49,99;
11:01:48;4498;49,99;
11:01:51;4506;49,99;
11:01:54;4548;49,99;
11:01:57;4574;49,99;
11:02:00;4604;49,99;
11:02:09;4624;49,99;
11:02:12;4646;49,98;
11:02:15;4654;49,98;
11:02:18;4678;49,97;
11:02:21;4670;49,98;
11:02:24;4678;49,98;
11:02:27;4656;49,98;
11:02:30;4628;49,98;
11:02:33;4638;49,97;
11:02:36;4648;49,98;
11:02:39;4646;49,98;
11:02:42;4664;49,98;
11:02:45;4628;49,98;
11:02:48;4638;49,98;
11:02:51;4648;49,98;
11:02:54;4662;49,99;
11:02:57;4684;49,99;
11:03:00;4722;49,99;
11:03:03;4736;49,99;
11:03:06;4770;49,99;
11:03:09;4770;49,98;
11:03:15;4742;49,98;
11:03:18;4768;49,98;
11:03:21;4782;49,98;
11:03:24;4788;49,98;
11:03:27;4848;49,98;
11:03:30;4864;49,98;
11:03:33;4868;49,98;
11:03:36;4866;49,99;
11:03:39;4876;49,99;
11:03:42;4868;49,99;
11:03:45;4882;49,98;
11:03:48;4852;49,98;
11:03:51;4860;49,97;
11:03:54;4850;49,98;
11:03:57;4872;49,98;
11:04:00;4862;49,98;
11:04:03;4876;49,98;
11:04:06;4866;49,99;
11:04:09;4864;49,99;
11:04:12;4850;49,99;
11:04:15;4862;49,99;
11:04:21;4854;50,00;
11:04:24;4840;50,00;
11:04:27;4856;50,00;
11:04:30;4834;50,00;
11:04:33;4858;50,00;
11:04:36;4856;49,99;
11:04:39;4892;49,99;
11:04:42;4914;50,00;
11:04:45;4922;50,00;
11:04:48;4920;50,01;
11:04:51;4962;50,00;
11:04:54;4990;50,00;
11:04:57;5014;50,00;
11:05:00;4998;50,00;
11:05:06;4898;50,00;
11:05:09;4900;50,00;
11:05:12;4952;50,00;
11:05:15;5028;49,99;
11:05:18;5182;50,00;
11:05:21;5260;50,00;
11:05:24;5316;50,00;
11:05:27;5344;49,99;
11:05:30;5352;49,98;
11:05:33;5396;49,98;
11:05:36;5404;49,98;
11:05:39;5396;49,98;
11:05:42;5374;49,98;
11:05:45;5402;49,98;
11:05:48;5408;49,98;
11:05:51;5374;49,98;
11:05:54;5384;49,98;
11:05:57;5430;49,98;
11:06:00;5436;49,98;
11:06:03;5460;49,98;
11:06:06;5476;49,98;
11:06:12;5486;49,99;
11:06:15;5484;49,99;
11:06:18;5472;49,99;
11:06:21;5500;49,99;
11:06:24;5520;49,99;
11:06:27;5502;49,98;
11:06:30;5524;49,98;
11:06:33;5546;49,98;
11:06:36;5544;49,97;
11:06:39;5516;49,98;
11:06:42;5552;49,97;
11:06:45;5544;49,98;
11:06:48;5630;49,98;
11:06:51;5690;49,98;
11:06:54;5770;49,98;
11:06:57;5764;50,00;
11:07:00;5666;50,00;
11:07:03;5604;50,00;
11:07:06;5584;50,00;
11:07:09;5594;50,00;
11:07:12;5698;50,01;
11:07:18;5754;50,00;
11:07:21;5748;50,00;
11:07:24;5798;50,00;
11:07:27;5780;50,00;
11:07:30;5766;50,00;
11:07:33;5694;50,00;
11:07:36;5662;49,99;
11:07:39;5630;49,99;
11:07:42;5522;49,98;
11:07:45;5526;49,98;
11:07:48;5586;49,98;
11:07:51;5578;49,99;
11:07:54;5634;49,99;
11:07:57;5640;49,99;
11:08:00;5672;50,00;
11:08:03;5632;50,00;
11:08:06;5636;50,00;
11:08:09;5624;50,01;
11:08:12;5634;50,00;
11:08:15;5610;50,00;
11:08:18;5564;49,99;
11:08:24;5512;50,00;
11:08:27;5516;50,00;
11:08:30;5542;49,99;
11:08:33;5522;49,99;
11:08:36;5512;49,99;
11:08:39;5528;49,99;
11:08:42;5536;49,99;
11:08:45;5550;49,99;
11:08:48;5558;49,98;
11:08:51;5556;49,98;
11:08:54;5500;49,98;
11:08:57;5472;49,98;
11:09:00;5418;49,98;
11:09:03;5398;49,98;
11:09:06;5376;49,98;
11:09:09;5442;49,98;
11:09:12;5544;49,98;
11:09:15;5596;49,98;
11:09:18;5620;49,98;
11:09:21;5726;49,98;
11:09:24;5750;49,98;
11:09:27;5768;49,98;
11:09:30;5748;49,98;
11:09:33;5696;49,97;
11:09:36;5710;49,97;
11:09:39;5762;49,97;
11:09:42;5748;49,97;
11:09:45;5810;49,97;
11:09:48;5830;49,97;
11:09:51;5856;49,97;
11:09:54;5846;49,97;
11:09:57;5898;49,97;
11:10:00;5888;49,97;
11:10:03;5872;49,96;
11:10:06;5850;49,96;
11:10:09;5908;49,96;
11:10:15;5892;49,96;
11:10:18;5928;49,97;
11:10:21;6048;49,97;
11:10:24;6060;49,97;
11:10:27;6074;49,98;
11:10:30;6032;49,98;
11:10:33;6036;49,98;
11:10:36;6012;49,98;
11:10:39;6072;49,98;
11:10:42;6068;49,98;
11:10:45;6062;49,98;
11:10:48;6028;49,98;
11:10:51;5948;49,98;
11:10:54;5868;49,98;
11:10:57;5878;49,98;
11:11:00;5860;49,98;
11:11:03;5844;49,98;
11:11:06;5840;49,98;
11:11:09;5896;49,98;
11:11:12;5904;49,98;
11:11:15;5932;49,98;
11:11:21;5946;49,98;
11:11:24;5944;49,98;
11:11:27;5936;49,98;
11:11:30;5886;49,97;
11:11:33;5894;49,97;
11:11:36;5888;49,97;
11:11:39;5860;49,98;
11:11:42;5872;49,98;
11:11:45;5834;49,98;
11:11:48;5838;49,98;
11:11:51;5824;49,97;
11:11:54;5802;49,97;
11:11:57;5796;49,97;
11:12:00;5830;49,98;
11:12:03;5880;49,98;
11:12:06;5970;49,98;
11:12:09;5938;49,98;
11:12:12;5932;49,98;
11:12:15;5992;49,98;
11:12:18;6032;49,98;
11:12:21;6122;49,97;
11:12:27;6152;49,98;
11:12:30;6212;49,98;
11:12:33;6310;49,98;
11:12:36;6332;49,98;
11:12:39;6274;49,98;
11:12:42;6216;49,98;
11:12:45;6154;49,97;
11:12:48;6134;49,97;
11:12:51;6034;49,97;
11:12:54;6026;49,97;
11:12:57;6008;49,98;
11:13:00;6010;49,98;
11:13:03;6078;49,98;
11:13:06;6116;49,98;
11:13:09;6138;49,98;
11:13:12;6230;49,98;
11:13:15;6322;49,98;
11:13:18;6350;49,98;
11:13:21;6334;49,98;
11:13:24;6292;49,98;
11:13:27;6190;49,98;
11:13:33;6068;49,99;
11:13:36;6086;49,98;
11:13:39;6170;49,98;
11:13:42;6226;49,98;
11:13:45;6266;49,98;
11:13:48;6306;49,98;
11:13:51;6286;49,98;
11:13:54;6260;49,98;
11:14:00;6224;49,98;
11:14:03;6208;49,99;
11:14:06;6182;49,99;
11:14:09;6154;49,98;
11:14:12;6062;49,98;
11:14:18;6072;49,98;
11:14:21;6096;49,98;
11:14:24;6058;49,98;
11:14:27;6038;49,98;
11:14:30;6032;49,99;
11:14:33;6024;49,99;
11:14:36;6034;50,00;
11:14:39;6036;50,00;
11:14:42;6024;50,00;
11:14:45;5970;49,99;
11:14:48;5888;49,99;
11:14:51;5870;49,98;
11:14:54;5864;49,98;
11:14:57;5824;49,98;
11:15:00;5754;49,98;
11:15:03;5704;49,98;
11:15:06;5670;49,98;
11:15:09;5674;49,98;
11:15:12;5700;49,99;
11:15:15;5710;49,99;
11:15:18;5670;49,99;
11:15:24;5642;49,99;
11:15:27;5636;49,99;
11:15:30;5566;49,98;
11:15:33;5552;49,98;
11:15:36;5538;49,98;
11:15:39;5552;49,98;
11:15:42;5550;49,98;
11:15:45;5604;49,98;
11:15:48;5712;49,99;
11:15:51;5746;49,99;
11:15:54;5782;49,99;
11:15:57;5790;49,99;
11:16:00;5846;49,99;
11:16:03;5822;49,99;
11:16:06;5758;49,99;
11:16:09;5756;49,99;
11:16:12;5746;49,99;
11:16:15;5752;49,99;
11:16:18;5772;49,98;
11:16:21;5786;49,98;
11:16:24;5760;49,98;
11:16:30;5750;49,97;
11:16:33;5770;49,97;
11:16:39;5768;49,97;
11:16:42;5714;49,98;
11:16:45;5704;49,98;
11:16:48;5680;49,98;
11:16:51;5626;49,98;
11:16:54;5526;49,98;
11:16:57;5552;49,98;
11:17:00;5520;49,98;
11:17:03;5512;49,98;
11:17:06;5482;49,99;
11:17:09;5514;49,99;
11:17:12;5526;49,98;
11:17:15;5552;49,98;
11:17:18;5554;49,98;
11:17:21;5600;49,98;
11:17:24;5656;49,98;
11:17:27;5682;49,98;
11:17:30;5688;49,98;
11:17:36;5704;49,98;
11:17:39;5736;49,98;
11:17:42;5732;49,98;
11:17:45;5742;49,98;
11:17:48;5736;49,98;
11:17:51;5730;49,98;
11:17:54;5748;49,98;
11:17:57;5752;49,98;
11:18:00;5824;49,99;
11:18:03;5866;49,98;
11:18:06;5966;49,98;
11:18:09;6034;49,98;
11:18:12;5924;49,98;
11:18:15;6008;49,98;
11:18:18;6040;49,98;
11:18:21;6112;49,98;
11:18:24;6132;49,98;
11:18:27;6124;49,97;
11:18:30;6156;49,97;
11:18:33;6142;49,97;
11:18:36;6114;49,97;
11:18:39;6090;49,96;
11:18:42;6082;49,97;
11:18:45;6090;49,98;
11:18:48;6060;49,98;
11:18:51;5988;49,98;
11:18:54;6078;49,98;
11:18:57;6132;49,98;
11:19:00;6126;49,97;
11:19:03;6082;49,98;
11:19:06;6098;49,98;
11:19:09;6106;49,98;
11:19:12;6150;49,98;
11:19:15;6266;49,98;
11:19:18;6304;49,98;
11:19:21;6280;49,98;
11:19:27;6314;49,98;
11:19:30;6298;49,98;
11:19:33;6258;49,98;
11:19:36;6196;49,98;
11:19:39;6062;49,98;
11:19:42;6042;49,98;
11:19:45;6020;49,98;
11:19:48;6018;49,98;
11:19:51;6082;49,98;
11:19:54;6140;49,98;
11:19:57;6206;49,98;
11:20:00;6288;49,98;
11:20:03;6334;49,98;
11:20:06;6392;49,98;
11:20:09;6440;49,98;
11:20:12;6408;49,98;
11:20:15;6370;49,98;
11:20:18;6352;49,98;
11:20:21;6316;49,98;
11:20:27;6272;49,97;
11:20:33;6156;49,97;
11:20:36;6152;49,96;
11:20:39;6114;49,96;
11:20:42;6118;49,96;
11:20:45;6198;49,96;
11:20:48;6270;49,96;
11:20:51;6300;49,96;
11:20:54;6316;49,96;
11:20:57;6290;49,96;
11:21:00;6328;49,97;
11:21:03;6342;49,97;
11:21:06;6366;49,98;
11:21:09;6414;49,98;
11:21:12;6470;49,98;
11:21:15;6462;49,98;
11:21:18;6462;49,99;
11:21:21;6476;49,99;
11:21:24;6522;49,98;
11:21:27;6608;49,98;
11:21:30;6668;49,98;
11:21:33;6674;49,98;
11:21:39;6520;49,98;
11:21:42;6484;49,99;
11:21:45;6378;49,99;
11:21:48;6302;49,98;
11:21:51;6222;49,98;
11:21:54;6200;49,98;
11:21:57;6202;49,98;
11:22:00;6210;49,98;
11:22:03;6282;49,98;
11:22:06;6308;49,99;
11:22:09;6420;49,98;
11:22:12;6418;49,98;
11:22:15;6442;49,98;
11:22:18;6466;49,98;
11:22:21;6546;49,98;
11:22:24;6690;49,98;
11:22:27;6832;49,97;
11:22:30;6846;49,98;
11:22:33;6798;49,98;
11:22:36;6734;49,98;
11:22:39;6814;49,98;
11:22:45;6820;49,99;
11:22:48;6790;49,98;
11:22:51;6792;49,98;
11:22:54;6738;49,98;
11:22:57;6720;49,98;
11:23:00;6698;49,98;
11:23:03;6730;49,98;
11:23:06;6754;49,98;
11:23:09;6790;49,99;
11:23:12;6732;49,98;
11:23:15;6726;49,98;
11:23:18;6696;49,97;
11:23:21;6684;49,97;
11:23:24;6686;49,98;
11:23:30;6702;49,99;
11:23:33;6710;49,99;
11:23:36;6692;49,99;
11:23:39;6716;49,99;
11:23:42;6766;49,99;
11:23:45;6748;49,99;
11:23:48;6712;49,99;
11:23:51;6682;49,99;
11:23:54;6714;49,98;
11:23:57;6694;49,98;
11:24:00;6630;49,98;
11:24:03;6568;49,99;
11:24:06;6528;50,00;
11:24:09;6544;50,00;
11:24:12;6542;50,00;
11:24:15;6560;50,00;
11:24:18;6562;50,00;
11:24:21;6566;50,00;
11:24:24;6440;49,99;
11:24:27;6428;49,98;
11:24:30;6334;49,98;
11:24:36;6292;49,99;
11:24:39;6276;49,99;
11:24:42;6222;49,99;
11:24:45;6166;49,98;
11:24:48;6164;49,98;
11:24:51;6166;49,98;
11:24:54;6132;49,98;
11:24:57;6100;49,98;
11:25:00;6036;49,98;
11:25:03;6000;49,98;
11:25:06;5978;49,98;
11:25:09;5944;49,98;
11:25:12;5936;49,98;
11:25:15;5924;49,98;
11:25:18;5934;49,98;
11:25:21;5954;49,98;
11:25:24;5980;49,98;
11:25:27;5942;49,98;
11:25:30;5890;49,98;
11:25:33;5824;49,99;
11:25:36;5804;49,99;
11:25:42;5786;49,98;
11:25:45;5748;49,98;
11:25:48;5742;49,98;
11:25:51;5702;49,98;
11:25:54;5676;49,97;
11:25:57;5640;49,98;
11:26:03;5606;49,98;
11:26:06;5464;49,98;
11:26:09;5422;49,98;
11:26:12;5454;49,98;
11:26:15;5464;49,98;
11:26:18;5558;49,98;
11:26:21;5594;49,98;
11:26:24;5670;49,98;
11:26:27;5718;49,98;
11:26:30;5668;49,98;
11:26:33;5674;49,98;
11:26:36;5726;49,98;
11:26:39;5722;49,97;
11:26:42;5744;49,97;
11:26:48;5802;49,98;
11:26:51;5816;49,98;
11:26:54;5804;49,98;
11:26:57;5768;49,97;
11:27:00;5700;49,97;
11:27:03;5704;49,97;
11:27:06;5712;49,97;
11:27:09;5754;49,97;
11:27:12;5922;49,97;
11:27:15;5926;49,98;
11:27:18;5772;49,98;
11:27:21;5766;49,98;
11:27:24;5778;49,98;
11:27:27;6038;49,97;
11:27:33;6526;49,97;
11:27:36;6622;49,97;
11:27:39;6674;49,98;
11:27:42;6598;49,98;
11:27:45;6344;49,98;
11:27:48;6120;49,99;
11:27:51;6202;49,99;
11:27:54;6128;49,99;
11:27:57;6244;50,00;
11:28:00;6182;50,00;
11:28:03;6072;50,00;
11:28:06;6026;49,99;
11:28:09;6068;49,99;
11:28:12;6126;49,99;
11:28:15;6286;49,99;
11:28:18;6630;49,98;
11:28:21;6876;49,98;
11:28:24;6930;49,98;
11:28:27;7046;49,97;
11:28:30;7038;49,97;
11:28:33;7088;49,97;
11:28:39;6888;49,98;
11:28:42;6778;49,99;
11:28:45;6954;50,00;
11:28:48;7024;50,00;
11:28:51;7148;50,00;
11:28:54;7190;50,00;
11:28:57;7292;50,00;
11:29:00;7324;50,00;
11:29:03;7392;49,99;
11:29:06;7356;49,99;
11:29:09;7278;49,98;
11:29:12;7202;49,98;
11:29:15;7212;49,98;
11:29:18;7186;49,98;
11:29:21;7220;49,98;
11:29:24;7084;49,98;
11:29:27;6912;49,98;
11:29:30;6860;49,98;
11:29:33;6882;49,99;
11:29:36;6758;49,98;
11:29:39;6644;49,98;
11:29:45;6562;49,98;
11:29:48;6572;49,98;
11:29:51;6600;49,98;
11:29:54;6636;49,99;
11:29:57;6722;49,99;
11:30:00;6730;50,00;
11:30:03;6706;50,00;
11:30:06;6742;50,00;
11:30:09;6892;50,00;
11:30:12;6962;49,99;
11:30:15;7134;49,99;
11:30:18;7212;49,99;
11:30:21;7280;49,99;
11:30:24;7334;49,99;
11:30:27;7304;49,99;
11:30:30;7046;49,98;
11:30:33;6712;49,98;
11:30:36;6686;49,98;
11:30:39;6778;49,98;
11:30:42;6790;49,97;
11:30:45;6796;49,98;
11:30:51;7154;49,99;
11:30:54;7268;49,99;
11:30:57;7328;50,00;
11:31:00;7346;50,00;
11:31:03;7542;49,99;
11:31:06;7636;49,99;
11:31:09;7708;49,99;
11:31:12;7756;49,99;
11:31:15;7900;50,00;
11:31:18;8030;50,00;
11:31:21;8110;50,00;
11:31:24;8034;50,00;
11:31:27;7892;50,00;
11:31:30;7828;50,00;
11:31:33;7760;50,00;
11:31:36;7756;50,00;
11:31:39;7840;50,00;
11:31:42;7896;50,00;
11:31:45;7930;50,00;
11:31:48;7942;50,00;
11:31:51;7772;49,99;
11:31:57;7334;49,98;
11:32:00;7356;49,98;
11:32:03;7364;49,98;
11:32:06;7382;49,98;
11:32:09;7416;49,98;
11:32:12;7616;49,98;
11:32:15;7668;49,99;
11:32:18;7760;49,99;
11:32:21;8016;49,99;
11:32:24;7954;49,99;
11:32:27;7802;49,99;
11:32:30;7766;49,98;
11:32:33;7958;49,98;
11:32:36;8024;49,98;
11:32:42;8158;49,98;
11:32:45;8174;49,98;
11:32:48;8184;49,98;
11:32:51;7994;49,98;
11:32:54;7690;49,98;
11:32:57;7882;49,98;
11:33:00;7978;49,99;
11:33:03;8114;49,99;
11:33:06;8392;50,00;
11:33:09;8186;50,00;
11:33:12;8180;49,99;
11:33:15;8292;49,99;
11:33:18;8216;49,99;
11:33:21;8178;49,99;
11:33:24;8054;49,99;
11:33:27;7906;49,99;
11:33:30;7882;49,99;
11:33:33;7802;49,98;
11:33:36;7718;49,98;
11:33:39;7644;49,98;
11:33:42;7656;49,98;
11:33:48;7754;49,97;
11:33:51;7714;49,98;
11:33:54;7844;49,98;
11:33:57;7820;49,98;
11:34:00;7778;49,98;
11:34:03;7834;49,99;
11:34:06;7800;49,99;
11:34:09;7792;50,00;
11:34:12;7666;50,00;
11:34:15;7816;50,00;
11:34:18;7802;49,99;
11:34:21;7856;49,99;
11:34:24;7988;49,99;
11:34:27;8200;49,98;
11:34:30;8292;49,99;
11:34:33;8712;49,99;
11:34:36;8556;49,98;
11:34:39;8624;49,98;
11:34:42;8888;49,97;
11:34:45;8952;49,98;
11:34:48;8960;49,98;
11:34:54;8596;49,98;
11:34:57;8552;49,98;
11:35:00;8532;49,98;
11:35:03;8496;49,98;
11:35:06;8680;49,98;
11:35:09;8716;49,98;
11:35:12;8696;49,98;
11:35:15;8648;49,98;
11:35:18;8660;49,97;
11:35:21;8540;49,97;
11:35:24;8208;49,97;
11:35:27;8180;49,97;
11:35:30;8164;49,98;
11:35:33;8240;49,98;
11:35:36;8268;49,99;
11:35:39;8284;49,99;
11:35:42;8512;50,00;
11:35:45;8624;50,00;
11:35:48;8816;50,00;
11:35:51;8972;50,00;
11:35:54;9084;50,00;
11:36:00;9188;50,00;
11:36:03;9200;50,00;
11:36:06;9240;50,00;
11:36:09;9036;50,00;
11:36:12;8236;49,99;
11:36:15;8116;49,99;
11:36:18;8404;49,99;
11:36:21;8356;49,99;
11:36:24;6302;49,99;
11:36:27;6438;49,99;
11:36:30;7090;49,99;
11:36:33;7196;49,98;
11:36:36;8572;49,98;
11:36:39;9052;49,98;
11:36:45;8952;49,98;
11:36:48;8988;49,98;
11:36:51;8992;49,98;
11:36:54;9012;49,98;
11:36:57;9228;49,99;
11:37:00;9252;50,00;
11:37:03;9284;50,00;
11:37:06;9320;50,00;
11:37:09;9516;49,99;
11:37:12;9612;49,98;
11:37:15;9580;49,97;
11:37:18;9616;49,97;
11:37:21;9648;49,97;
11:37:24;9732;49,97;
11:37:27;9840;49,97;
11:37:30;10264;49,97;
11:37:33;10588;49,98;
11:37:36;10596;49,98;
11:37:39;10448;49,99;
11:37:42;10404;49,98;
11:37:45;10344;49,98;
11:37:51;10076;49,97;
11:37:54;10048;49,97;
11:37:57;10208;49,97;
11:38:00;10300;49,97;
11:38:03;10192;49,98;
11:38:06;10152;49,98;
11:38:09;10120;49,98;
11:38:12;10036;49,98;
11:38:15;9848;49,98;
11:38:18;9896;49,98;
11:38:21;9968;49,98;
11:38:24;10076;49,98;
11:38:27;10248;49,98;
11:38:30;10320;49,98;
11:38:33;10380;49,98;
11:38:36;10524;49,98;
11:38:39;10368;49,98;
11:38:42;10272;49,99;
11:38:45;10120;49,99;
11:38:48;10092;49,99;
11:38:51;10004;49,99;
11:38:57;9880;49,99;
11:39:00;9920;49,99;
11:39:03;10128;49,99;
11:39:06;10220;49,98;
11:39:09;10308;49,98;
11:39:12;10384;49,98;
11:39:15;10420;49,98;
11:39:18;10492;49,99;
11:39:21;10832;49,99;
11:39:24;10828;49,99;
11:39:27;10488;49,99;
11:39:30;10544;49,99;
11:39:33;10520;49,99;
11:39:36;10496;49,99;
11:39:39;10432;49,99;
11:39:42;10340;49,98;
11:39:45;10136;49,99;
11:39:48;10088;49,99;
11:39:51;9940;50,00;
11:39:54;9864;50,00;
11:39:57;9752;50,00;
11:40:03;9812;50,00;
11:40:06;9812;49,99;
11:40:09;9840;49,99;
11:40:12;9776;49,98;
11:40:15;9944;49,98;
11:40:18;9980;49,98;
11:40:21;10044;49,98;
11:40:24;10100;49,97;
11:40:27;9956;49,97;
11:40:30;9780;49,98;
11:40:33;9792;49,98;
11:40:36;9940;49,98;
11:40:39;10224;49,98;
11:40:42;10236;49,98;
11:40:45;10332;49,98;
11:40:48;10496;49,98;
11:40:51;10552;49,98;
11:40:54;10612;49,98;
11:40:57;10920;49,98;
11:41:00;10996;49,98;
11:41:03;11116;49,98;
11:41:06;11152;49,98;
11:41:09;11128;49,97;
11:41:12;11048;49,97;
11:41:15;11076;49,96;
11:41:18;11304;49,96;
11:41:21;11440;49,96;
11:41:24;11344;49,97;
11:41:27;11372;49,97;
11:41:30;11368;49,96;
11:41:33;11404;49,97;
11:41:36;11252;49,97;
11:41:39;11084;49,97;
11:41:42;11096;49,97;
11:41:45;11196;49,98;
11:41:48;11112;49,98;
11:41:54;11040;49,98;
11:41:57;10988;49,98;
11:42:00;11072;49,98;
11:42:03;11152;49,97;
11:42:06;11152;49,98;
11:42:09;11072;49,98;
11:42:12;11056;49,98;
11:42:15;11108;49,98;
11:42:18;11312;49,98;
11:42:21;11380;49,97;
11:42:24;11284;49,98;
11:42:27;11200;49,98;
11:42:30;11192;49,98;
11:42:33;11168;49,98;
11:42:36;11260;49,98;
11:42:39;11200;49,98;
11:42:42;11088;49,98;
11:42:45;11096;49,98;
11:42:48;11072;49,98;
11:42:51;11060;49,97;
11:42:54;10816;49,98;
11:43:00;11028;49,98;
11:43:03;11152;49,98;
11:43:06;11380;49,98;
11:43:09;11392;49,98;
11:43:12;11360;49,98;
11:43:15;11328;49,98;
11:43:18;11360;49,97;
11:43:21;11304;49,97;
11:43:24;11112;49,96;
11:43:27;11200;49,96;
11:43:30;11308;49,97;
11:43:33;11268;49,97;
11:43:36;11324;49,97;
11:43:39;11300;49,97;
11:43:42;11336;49,97;
11:43:45;11356;49,98;
11:43:48;11400;49,98;
11:43:51;11376;49,98;
11:43:54;11404;49,99;
11:43:57;11392;49,99;
11:44:00;11404;49,99;
11:44:06;11344;49,99;
11:44:09;11316;49,99;
11:44:12;11360;49,99;
11:44:15;11324;49,99;
11:44:18;11360;49,99;
11:44:21;11296;49,99;
11:44:24;11224;49,99;
11:44:27;11336;49,99;
11:44:30;11380;49,98;
11:44:33;11368;49,98;
11:44:36;11408;49,98;
11:44:39;11384;49,98;
11:44:42;11436;49,98;
11:44:45;11420;49,98;
11:44:48;11428;49,98;
11:44:51;11388;49,99;
11:44:54;11320;50,00;
11:44:57;11192;50,00;
11:45:00;11240;50,00;
11:45:03;11252;50,00;
11:45:06;11344;49,99;
11:45:12;11492;49,98;
11:45:15;11516;49,98;
11:45:18;11536;49,98;
11:45:21;11540;49,98;
11:45:24;11536;49,97;
11:45:27;11548;49,97;
11:45:30;11536;49,97;
11:45:33;11548;49,97;
11:45:36;11468;49,97;
11:45:39;11540;49,97;
11:45:42;11564;49,97;
11:45:48;11552;49,98;
11:45:51;11448;49,98;
11:45:57;11528;49,97;
11:46:00;11488;49,97;
11:46:03;11668;49,98;
11:46:06;11492;49,98;
11:46:09;11008;49,98;
11:46:12;10752;49,99;
11:46:15;10500;49,99;
11:46:18;10432;50,00;
11:46:21;9852;49,99;
11:46:24;9880;49,99;
11:46:27;10232;49,98;
11:46:30;10172;49,98;
11:46:33;9820;49,98;
11:46:36;9836;49,98;
11:46:39;10108;49,98;
11:46:42;10272;49,99;
11:46:45;10204;49,99;
11:46:48;10236;49,99;
11:46:51;11104;50,00;
11:46:54;11380;50,00;
11:46:57;11768;50,00;
11:47:03;11616;50,00;
11:47:06;11064;50,00;
11:47:09;10608;50,00;
11:47:12;10676;50,00;
11:47:15;10852;50,00;
11:47:18;10708;50,00;
11:47:21;10596;49,99;
11:47:24;10420;49,99;
11:47:27;8552;49,98;
11:47:30;7942;49,99;
11:47:33;6228;49,98;
11:47:36;5762;49,98;
11:47:39;6224;49,98;
11:47:42;6506;49,99;
11:47:45;6656;49,99;
11:47:48;6070;50,00;
11:47:51;5650;50,00;
11:47:54;5554;50,00;
11:47:57;5968;50,00;
11:48:00;6422;50,00;
11:48:03;7386;50,00;
11:48:09;9988;50,01;
11:48:12;10408;50,01;
11:48:15;9828;50,00;
11:48:18;9804;50,00;
11:48:21;9324;49,99;
11:48:24;9240;49,99;
11:48:27;9160;49,98;
11:48:30;9124;49,98;
11:48:33;9308;49,97;
11:48:36;9448;49,97;
11:48:39;9444;49,97;
11:48:42;9912;49,98;
11:48:45;10692;49,98;
11:48:48;10492;49,98;
11:48:51;10208;49,98;
11:48:54;10592;49,98;
11:48:57;10272;49,98;
11:49:00;9972;49,99;
11:49:03;9916;50,00;
11:49:06;9940;50,00;
11:49:09;9396;50,00;
11:49:15;7516;50,00;
11:49:18;7122;50,00;
11:49:21;6586;50,00;
11:49:24;6240;50,00;
11:49:27;5748;50,00;
11:49:30;5566;50,00;
11:49:33;5414;49,99;
11:49:36;5434;49,99;
11:49:39;5314;49,99;
11:49:42;5376;49,99;
11:49:45;5562;49,99;
11:49:48;5568;49,99;
11:49:51;5852;49,99;
11:49:54;5756;49,98;
11:49:57;5516;49,98;
11:50:00;5150;49,98;
11:50:03;5224;49,99;
11:50:06;5318;49,98;
11:50:09;5262;49,98;
11:50:12;5096;49,99;
11:50:15;5016;50,00;
11:50:18;4954;50,00;
11:50:21;4902;50,00;
11:50:24;5018;49,99;
11:50:27;5090;49,99;
11:50:30;5302;49,98;
11:50:33;5402;49,98;
11:50:36;5668;49,97;
11:50:39;5760;49,97;
11:50:42;5576;49,97;
11:50:45;5454;49,97;
11:50:48;5592;49,98;
11:50:51;5596;49,98;
11:50:54;5526;49,98;
11:50:57;5574;49,98;
11:51:00;5594;49,98;
11:51:06;5634;49,98;
11:51:09;5646;49,98;
11:51:12;5632;49,98;
11:51:15;5650;49,97;
11:51:18;5930;49,97;
11:51:21;5722;49,97;
11:51:24;5334;49,96;
11:51:27;5220;49,97;
11:51:30;5026;49,97;
11:51:33;4988;49,97;
11:51:36;4960;49,98;
11:51:39;4986;49,98;
11:51:42;5112;49,98;
11:51:45;5236;49,98;
11:51:48;5400;49,99;
11:51:51;5614;49,99;
11:51:54;5766;49,99;
11:51:57;5808;49,99;
11:52:00;5532;49,99;
11:52:03;5282;49,99;
11:52:06;5014;50,00;
11:52:12;5282;50,00;
11:52:15;5582;50,00;
11:52:18;6188;50,00;
11:52:21;6374;50,00;
11:52:24;6276;50,00;
11:52:27;6022;50,00;
11:52:30;5806;50,00;
11:52:33;5774;50,00;
11:52:36;6732;50,00;
11:52:39;7132;50,00;
11:52:42;7688;50,00;
11:52:45;7920;50,00;
11:52:48;8532;50,00;
11:52:51;8948;50,01;
11:52:54;9120;50,00;
11:52:57;8932;50,00;
11:53:00;8904;50,00;
11:53:03;8808;49,99;
11:53:06;8772;49,99;
11:53:09;8708;49,99;
11:53:12;8452;50,00;
11:53:18;8876;50,00;
11:53:21;8956;50,00;
11:53:24;8944;49,99;
11:53:27;9376;49,99;
11:53:30;9240;49,99;
11:53:33;8824;49,98;
11:53:36;8932;49,98;
11:53:39;8728;49,99;
11:53:42;7888;50,00;
11:53:45;7628;50,00;
11:53:48;7262;50,00;
11:53:51;7206;50,00;
11:53:54;7462;50,00;
11:53:57;7456;50,00;
11:54:00;7642;50,00;
11:54:03;7160;50,00;
11:54:06;6670;49,99;
11:54:09;6598;49,99;
11:54:12;6500;49,98;
11:54:15;6592;49,97;
11:54:18;6626;49,97;
11:54:24;6676;49,97;
11:54:27;6414;49,97;
11:54:30;6952;49,98;
11:54:33;6832;49,98;
11:54:36;6778;49,98;
11:54:39;6264;49,98;
11:54:42;5924;49,98;
11:54:45;5650;49,98;
11:54:48;5548;49,98;
11:54:51;5070;49,98;
11:54:54;4744;49,99;
11:54:57;4260;49,99;
11:55:00;4164;49,99;
11:55:03;3991;49,99;
11:55:09;3838;49,99;
11:55:12;3798;49,99;
11:55:15;3738;49,99;
11:55:18;3714;49,98;
11:55:21;3661;49,98;
11:55:24;3655;49,98;
11:55:27;3636;49,98;
11:55:30;3618;49,98;
11:55:33;3585;49,97;
11:55:36;3586;49,97;
11:55:39;3562;49,97;
11:55:42;3564;49,97;
11:55:45;3543;49,97;
11:55:48;3553;49,97;
11:55:51;3552;49,97;
11:55:54;3549;49,98;
11:55:57;3532;49,98;
11:56:00;3544;49,98;
11:56:03;3527;49,99;
11:56:06;3538;49,98;
11:56:09;3525;49,98;
11:56:15;3526;49,98;
11:56:18;3541;49,97;
11:56:21;3534;49,97;
11:56:24;3547;49,97;
11:56:27;3538;49,97;
11:56:30;3560;49,97;
11:56:33;3567;49,97;
11:56:36;3562;49,97;
11:56:39;3583;49,98;
11:56:42;3607;49,98;
11:56:45;3615;49,99;
11:56:48;3634;50,00;
11:56:54;3665;50,00;
11:56:57;3677;50,00;
11:57:00;3685;50,00;
11:57:03;3698;50,00;
11:57:06;3742;50,00;
11:57:09;3762;50,00;
11:57:12;3781;50,00;
11:57:15;3790;50,00;
11:57:21;3826;50,00;
11:57:24;3847;49,99;
11:57:30;3866;49,99;
11:57:33;3864;49,99;
11:57:36;3882;49,98;
11:57:39;3887;49,98;
11:57:42;3879;49,98;
11:57:45;3885;49,98;
11:57:48;3905;49,98;
11:57:51;3906;49,98;
11:57:54;3892;49,98;
11:57:57;3904;49,99;
11:58:00;3940;49,99;
11:58:03;3949;50,00;
11:58:06;3944;50,00;
11:58:09;3949;50,00;
11:58:12;3971;50,00;
11:58:15;4001;49,99;
11:58:18;4017;49,99;
11:58:21;4027;50,00;
11:58:27;4070;50,00;
11:58:30;4070;49,99;
11:58:33;4091;49,99;
11:58:36;4081;49,99;
11:58:39;4126;49,99;
11:58:42;4132;49,99;
11:58:45;4148;49,99;
11:58:48;4162;49,99;
11:58:51;4206;50,00;
11:58:54;4218;50,00;
11:58:57;4252;50,00;
11:59:00;4244;50,00;
11:59:03;4276;50,00;
11:59:06;4320;50,00;
11:59:12;4362;50,00;
11:59:15;4404;50,00;
11:59:18;4442;49,99;
11:59:21;4470;49,99;
11:59:24;4496;49,99;
11:59:27;4542;49,99;
11:59:30;4564;50,00;
11:59:33;4582;50,00;
11:59:36;4634;50,00;
11:59:39;4680;50,00;
11:59:42;4730;50,00;
11:59:45;4766;50,00;
11:59:48;4796;50,00;
11:59:51;4842;50,00;
11:59:54;4864;50,00;
11:59:57;4918;50,00;
12:00:00;4962;50,00;
12:00:03;5010;50,00;
12:00:06;5070;50,00;
12:00:09;5092;50,00;
12:00:12;5158;50,00;
12:00:18;5340;50,00;
12:00:21;5358;50,00;
12:00:24;5320;49,99;
12:00:27;5274;49,98;
12:00:30;5288;49,98;
12:00:33;5310;49,98;
12:00:36;5314;49,98;
12:00:39;5348;49,98;
12:00:42;5426;49,98;
12:00:45;5444;49,99;
12:00:48;5510;49,98;
12:00:51;5520;49,98;
12:00:54;5636;49,98;
12:00:57;5688;49,98;
12:01:00;5748;49,98;
12:01:03;5940;49,99;
12:01:06;6164;49,99;
12:01:09;6378;49,99;
12:01:12;6864;49,99;
12:01:15;7188;49,99;
12:01:18;7818;49,99;
12:01:24;8508;49,99;
12:01:27;8764;49,99;
12:01:30;8804;49,98;
12:01:33;8836;49,98;
12:01:36;8728;49,98;
12:01:39;8804;49,97;
12:01:42;8764;49,97;
12:01:45;8752;49,97;
12:01:48;9048;49,98;
12:01:51;9036;49,98;
12:01:54;8820;49,98;
12:01:57;8600;49,98;
12:02:00;9108;49,99;
12:02:03;9100;49,99;
12:02:06;8864;50,00;
12:02:09;9268;50,00;
12:02:12;9052;49,99;
12:02:15;9152;50,00;
12:02:18;8608;49,99;
12:02:21;8604;50,00;
12:02:24;8852;49,99;
12:02:30;9152;49,99;
12:02:33;9276;49,99;
12:02:36;9732;49,99;
12:02:39;9976;49,99;
12:02:42;9620;49,99;
12:02:45;9192;49,98;
12:02:48;9052;49,98;
12:02:51;10036;49,98;
12:02:54;10020;49,98;
12:02:57;9720;49,98;
12:03:00;9784;49,98;
12:03:03;9380;49,98;
12:03:06;8868;49,97;
12:03:09;8376;49,97;
12:03:12;8154;49,98;
12:03:15;7522;49,98;
12:03:18;6856;49,98;
12:03:21;6734;49,98;
12:03:24;6448;49,99;
12:03:27;6240;49,99;
12:03:30;5888;50,00;
12:03:36;5790;50,00;
12:03:39;5652;49,99;
12:03:42;5644;49,99;
12:03:45;5666;49,99;
12:03:48;5706;49,98;
12:03:51;5832;49,98;
12:03:54;5938;49,98;
12:03:57;6116;49,98;
12:04:00;6468;49,98;
12:04:03;6766;49,99;
12:04:06;6270;49,99;
12:04:09;5804;49,99;
12:04:12;5598;50,00;
12:04:15;5470;50,00;
12:04:21;5426;50,00;
12:04:24;5416;50,00;
12:04:27;5436;49,99;
12:04:30;5432;49,99;
12:04:33;5478;49,99;
12:04:36;5470;49,99;
12:04:39;5484;49,99;
12:04:42;5494;50,00;
12:04:45;5534;50,00;
12:04:48;5516;50,00;
12:04:51;5480;50,00;
12:04:54;5442;50,00;
12:04:57;5532;50,00;
12:05:00;5562;50,00;
12:05:03;5588;50,00;
12:05:06;5432;50,01;
12:05:09;5298;50,01;
12:05:12;5218;50,01;
12:05:15;5122;50,00;
12:05:18;5064;50,00;
12:05:21;5048;50,00;
12:05:27;5006;50,00;
12:05:30;4968;49,99;
12:05:33;4992;49,98;
12:05:36;4990;49,98;
12:05:39;4996;49,98;
12:05:42;4974;49,98;
12:05:45;5012;49,99;
12:05:48;5024;49,99;
12:05:51;5062;49,99;
12:05:54;5048;49,99;
12:05:57;5120;50,00;
12:06:00;5162;49,99;
12:06:03;5264;49,99;
12:06:06;5262;49,99;
12:06:09;5316;49,99;
12:06:12;5428;49,98;
12:06:15;5602;49,99;
12:06:18;5712;49,99;
12:06:21;5996;49,99;
12:06:24;6106;49,99;
12:06:27;6682;49,99;
12:06:33;6774;49,99;
12:06:36;6696;50,00;
12:06:39;6926;50,00;
12:06:42;7116;50,00;
12:06:45;7382;49,99;
12:06:48;7466;50,00;
12:06:51;7436;50,00;
12:06:54;7422;50,00;
12:06:57;7158;50,00;
12:07:00;7108;50,00;
12:07:03;6948;50,01;
12:07:06;6924;50,01;
12:07:09;7156;50,01;
12:07:12;7266;50,01;
12:07:15;7376;50,01;
12:07:18;7282;50,00;
12:07:21;7284;50,00;
12:07:24;7444;50,00;
12:07:27;8208;50,00;
12:07:30;8472;50,00;
12:07:33;8624;50,00;
12:07:39;8616;50,00;
12:07:42;8792;49,99;
12:07:45;8952;49,99;
12:07:48;9120;49,99;
12:07:51;9316;49,99;
12:07:54;9388;50,00;
12:07:57;9420;49,99;
12:08:00;9400;49,99;
12:08:03;9596;49,99;
12:08:06;9264;49,99;
12:08:09;9336;49,99;
12:08:12;9500;49,99;
12:08:15;9484;49,99;
12:08:18;9340;50,00;
12:08:24;9484;50,00;
12:08:27;9428;50,00;
12:08:30;9760;50,00;
12:08:33;10200;50,00;
12:08:36;10320;50,00;
12:08:39;10332;50,00;
12:08:42;10396;50,00;
12:08:45;9892;50,00;
12:08:48;10004;50,00;
12:08:51;9812;49,99;
12:08:54;9292;49,99;
12:08:57;9488;49,99;
12:09:00;9412;50,00;
12:09:03;9636;50,00;
12:09:06;9592;49,99;
12:09:09;9084;49,99;
12:09:12;9480;49,99;
12:09:15;9208;49,99;
12:09:18;9288;49,99;
12:09:21;9304;49,99;
12:09:24;9520;49,99;
12:09:30;9544;49,99;
12:09:33;9704;49,99;
12:09:36;9720;49,99;
12:09:39;10124;49,99;
12:09:42;10288;49,99;
12:09:45;10232;49,99;
12:09:54;10688;49,99;
12:09:57;10336;50,00;
12:10:00;10136;49,99;
12:10:03;9648;49,99;
12:10:06;7900;50,00;
12:10:09;7588;50,00;
12:10:12;7308;50,00;
12:10:15;7552;50,00;
12:10:18;7638;50,01;
12:10:21;7758;50,01;
12:10:24;7810;50,01;
12:10:27;8580;50,00;
12:10:30;8980;50,00;
12:10:36;7636;50,01;
12:10:39;7138;50,01;
12:10:42;7084;50,01;
12:10:45;6872;50,01;
12:10:48;6726;50,00;
12:10:51;6572;50,00;
12:10:54;6606;50,01;
12:10:57;6900;50,00;
12:11:00;7400;50,01;
12:11:03;8036;50,01;
12:11:06;9596;50,00;
12:11:09;9412;50,00;
12:11:12;9556;50,00;
12:11:15;9152;50,00;
12:11:18;9112;50,00;
12:11:21;8892;49,99;
12:11:24;8468;49,99;
12:11:27;8684;49,99;
12:11:30;7470;49,99;
12:11:33;7262;50,00;
12:11:36;7186;50,00;
12:11:42;7500;49,99;
12:11:45;7432;49,98;
12:11:48;7438;49,98;
12:11:51;7220;49,98;
12:11:54;6992;49,98;
12:11:57;6964;49,98;
12:12:00;7050;49,99;
12:12:03;7178;49,99;
12:12:06;8996;49,98;
12:12:09;9196;49,98;
12:12:12;10692;49,98;
12:12:15;11624;49,99;
12:12:18;11508;49,99;
12:12:21;12304;49,99;
12:12:24;11884;49,99;
12:12:27;11512;49,99;
12:12:30;11184;49,99;
12:12:33;11892;49,98;
12:12:36;10928;49,98;
12:12:39;10660;49,99;
12:12:42;10748;49,99;
12:12:45;10924;49,99;
12:12:48;10576;50,00;
12:12:51;10160;50,00;
12:12:54;10060;50,00;
12:12:57;9428;50,00;
12:13:00;8992;50,00;
12:13:03;9996;50,00;
12:13:06;11084;50,00;
12:13:09;11040;50,00;
12:13:12;10572;50,00;
12:13:15;10660;50,00;
12:13:18;10784;50,00;
12:13:21;10732;50,00;
12:13:24;10588;50,00;
12:13:27;10416;50,00;
12:13:33;10256;49,99;
12:13:36;9480;49,99;
12:13:39;8768;49,99;
12:13:42;8916;49,98;
12:13:45;9028;49,98;
12:13:48;8760;49,97;
12:13:51;8348;49,97;
12:13:54;7680;49,97;
12:13:57;7436;49,98;
12:14:00;7606;49,99;
12:14:03;8074;50,00;
12:14:06;8280;50,00;
12:14:09;7890;50,00;
12:14:12;7882;50,00;
12:14:15;7552;50,00;
12:14:18;7150;49,99;
12:14:21;7056;49,98;
12:14:24;7130;49,98;
12:14:27;7946;49,98;
12:14:30;8904;49,98;
12:14:33;10924;49,99;
12:14:39;11864;49,99;
12:14:42;11988;50,00;
12:14:45;12024;50,00;
12:14:48;11968;50,00;
12:14:51;11848;50,00;
12:14:54;11896;50,00;
12:14:57;11268;50,00;
12:15:00;10056;50,00;
12:15:03;10272;50,00;
12:15:06;10480;50,00;
12:15:09;10672;50,00;
12:15:12;11064;49,99;
12:15:15;11424;49,99;
12:15:18;11868;49,99;
12:15:21;12044;49,99;
12:15:24;12112;49,98;
12:15:27;11528;49,99;
12:15:30;11672;49,98;
12:15:33;11320;49,98;
12:15:36;11336;49,98;
12:15:39;11184;49,98;
12:15:45;11488;49,97;
12:15:48;11188;49,98;
12:15:51;11020;49,98;
12:15:54;11308;49,98;
12:15:57;10908;49,99;
12:16:00;10924;50,00;
12:16:03;10864;50,00;
12:16:06;10796;50,00;
12:16:09;10760;49,99;
12:16:12;10872;49,99;
12:16:15;10932;49,99;
12:16:18;11152;49,99;
12:16:21;11128;49,99;
12:16:24;11184;49,99;
12:16:27;11296;49,99;
12:16:30;11228;49,99;
12:16:33;10968;49,99;
12:16:36;10916;49,98;
12:16:39;11164;49,98;
12:16:42;11208;49,98;
12:16:45;11288;49,98;
12:16:51;11548;49,98;
12:16:54;11552;49,98;
12:16:57;11384;49,98;
12:17:00;11332;49,98;
12:17:03;11288;49,97;
12:17:06;11260;49,96;
12:17:09;10988;49,96;
12:17:12;10912;49,96;
12:17:15;10720;49,96;
12:17:18;10864;49,97;
12:17:21;10464;49,97;
12:17:24;10548;49,97;
12:17:27;10392;49,97;
12:17:30;10252;49,96;
12:17:36;9592;49,96;
12:17:39;9692;49,96;
12:17:42;9544;49,97;
12:17:45;9300;49,97;
12:17:48;9660;49,97;
12:17:51;9296;49,97;
12:17:54;9108;49,97;
12:17:57;9108;49,98;
12:18:00;9160;49,98;
12:18:03;8940;49,98;
12:18:06;8720;49,99;
12:18:09;8760;49,99;
12:18:12;8644;49,99;
12:18:15;8676;49,98;
12:18:18;8608;49,98;
12:18:21;8536;49,98;
12:18:24;8792;49,98;
12:18:27;8656;49,98;
12:18:30;8652;49,98;
12:18:33;8464;49,98;
12:18:36;7974;49,98;
12:18:42;7774;49,98;
12:18:45;7598;49,99;
12:18:48;7612;49,99;
12:18:51;7430;50,00;
12:18:54;7400;50,01;
12:18:57;7434;50,01;
12:19:00;7206;50,01;
12:19:03;7326;50,01;
12:19:06;6916;50,01;
12:19:09;6688;50,01;
12:19:12;6468;50,01;
12:19:15;6388;50,01;
12:19:18;6254;50,01;
12:19:21;6424;50,01;
12:19:24;6500;50,01;
12:19:27;6576;50,01;
12:19:30;6732;50,00;
12:19:33;6710;50,00;
12:19:36;6468;50,00;
12:19:39;6292;50,00;
12:19:42;5818;50,00;
12:19:48;5626;50,00;
12:19:51;5564;50,00;
12:19:54;5486;50,00;
12:19:57;5464;50,00;
12:20:00;5450;50,00;
12:20:03;5500;49,99;
12:20:06;5526;49,99;
12:20:09;5498;49,99;
12:20:12;5434;50,00;
12:20:15;5470;50,00;
12:20:18;5486;50,00;
12:20:21;5506;49,99;
12:20:24;5602;49,99;
12:20:27;5652;49,99;
12:20:30;5764;49,99;
12:20:33;5960;49,99;
12:20:36;6184;49,99;
12:20:39;6192;49,99;
12:20:42;6316;49,99;
12:20:45;6280;49,99;
12:20:48;6092;49,99;
12:20:54;6342;50,00;
12:20:57;6406;50,00;
12:21:00;6442;50,00;
12:21:03;6348;50,00;
12:21:06;6222;50,00;
12:21:09;6052;50,00;
12:21:12;5948;49,99;
12:21:15;5892;49,99;
12:21:18;5864;50,00;
12:21:21;5826;50,00;
12:21:24;5884;50,00;
12:21:27;5986;50,00;
12:21:30;6140;50,00;
12:21:33;5984;50,00;
12:21:36;5814;50,00;
12:21:39;5736;50,00;
12:21:42;5840;50,00;
12:21:45;5898;50,00;
12:21:48;5886;50,00;
12:21:51;5974;50,00;
12:21:57;5960;50,00;
12:22:00;5982;50,00;
12:22:03;6142;50,00;
12:22:06;6186;50,00;
12:22:09;5938;50,00;
12:22:12;5904;50,00;
12:22:15;5908;50,00;
12:22:18;5884;50,00;
12:22:21;5860;50,00;
12:22:24;5976;50,00;
12:22:27;6092;50,00;
12:22:30;6050;50,00;
12:22:33;6022;50,00;
12:22:36;5878;50,00;
12:22:39;5826;50,00;
12:22:45;5846;50,00;
12:22:48;5824;50,00;
12:22:51;5788;50,00;
12:22:54;5730;50,00;
12:22:57;5602;50,00;
12:23:00;5470;50,01;
12:23:03;5384;50,01;
12:23:06;5352;50,01;
12:23:09;5454;50,02;
12:23:12;5624;50,01;
12:23:15;5956;50,01;
12:23:18;5776;50,01;
12:23:21;5870;50,00;
12:23:24;5966;50,00;
12:23:27;5900;50,01;
12:23:30;5754;50,01;
12:23:33;5846;50,01;
12:23:36;5884;50,01;
12:23:39;6184;50,01;
12:23:42;6330;50,01;
12:23:45;6718;50,00;
12:23:51;6380;50,00;
12:23:54;6414;50,00;
12:23:57;6502;50,01;
12:24:00;6396;50,01;
12:24:03;6172;50,00;
12:24:06;6110;50,00;
12:24:09;6038;50,00;
12:24:12;6084;50,00;
12:24:15;6748;50,00;
12:24:18;6460;50,00;
12:24:21;5934;50,00;
12:24:24;5800;50,00;
12:24:27;5740;50,00;
12:24:30;5744;49,99;
12:24:33;5886;49,99;
12:24:36;6828;49,99;
12:24:39;6252;50,00;
12:24:42;6266;50,00;
12:24:45;6212;50,01;
12:24:48;6170;50,01;
12:24:51;6054;50,01;
12:24:57;5810;50,01;
12:25:00;5692;50,01;
12:25:03;5564;50,01;
12:25:06;5576;50,01;
12:25:09;5540;50,01;
12:25:12;5562;50,01;
12:25:15;5604;50,01;
12:25:18;5694;50,01;
12:25:21;5592;50,00;
12:25:24;5442;50,00;
12:25:27;5424;50,00;
12:25:30;5420;50,00;
12:25:33;5658;50,01;
12:25:36;6118;50,01;
12:25:39;6100;50,01;
12:25:42;5872;50,01;
12:25:45;5740;50,01;
12:25:48;5372;50,01;
12:25:51;5252;50,00;
12:25:54;5200;50,00;
12:25:57;5144;49,99;
12:26:03;5052;49,99;
12:26:06;5058;49,99;
12:26:09;4952;49,99;
12:26:12;4936;50,00;
12:26:15;4900;50,00;
12:26:18;4886;50,00;
12:26:21;4850;50,00;
12:26:24;4868;50,00;
12:26:27;4854;50,00;
12:26:33;4826;50,00;
12:26:36;4862;50,00;
12:26:39;4868;50,00;
12:26:42;4882;50,00;
12:26:48;4916;50,00;
12:26:51;4930;50,00;
12:26:54;4946;50,00;
12:26:57;4948;50,00;
12:27:00;4968;50,00;
12:27:03;4982;50,00;
12:27:06;4990;50,00;
12:27:09;5010;50,00;
12:27:12;5072;50,00;
12:27:15;5098;50,00;
12:27:18;5130;50,00;
12:27:21;5142;50,00;
12:27:24;5180;50,00;
12:27:27;5210;50,00;
12:27:30;5246;50,00;
12:27:33;5284;50,00;
12:27:36;5422;50,00;
12:27:39;5540;50,00;
12:27:42;5706;50,01;
12:27:45;5644;50,01;
12:27:48;5998;50,00;
12:27:54;5394;50,00;
12:27:57;5330;50,00;
12:28:00;5260;50,00;
12:28:03;5236;50,01;
12:28:06;5208;50,01;
12:28:09;5204;50,01;
12:28:12;5184;50,01;
12:28:15;5204;50,01;
12:28:18;5220;50,00;
12:28:21;5228;50,00;
12:28:24;5244;49,99;
12:28:27;5254;49,99;
12:28:30;5274;49,99;
12:28:33;5286;49,99;
12:28:36;5278;49,99;
12:28:39;5324;49,99;
12:28:42;5356;49,99;
12:28:45;5372;49,99;
12:28:48;5410;49,99;
12:28:51;5432;50,00;
12:28:54;5480;49,99;
12:29:00;5564;50,00;
12:29:03;5602;50,00;
12:29:06;5700;50,00;
12:29:09;5764;50,00;
12:29:12;5966;50,00;
12:29:15;6072;49,99;
12:29:18;6172;50,00;
12:29:21;6310;50,00;
12:29:24;6712;50,00;
12:29:27;6944;49,99;
12:29:30;7456;49,99;
12:29:33;7874;49,99;
12:29:36;8968;49,99;
12:29:39;8808;49,99;
12:29:42;8364;50,00;
12:29:45;8416;50,00;
12:29:48;7962;50,00;
12:29:51;7952;50,00;
12:29:54;8668;50,00;
12:29:57;9144;50,00;
12:30:00;8404;49,98;
12:30:06;8340;49,98;
12:30:09;7984;49,98;
12:30:12;7798;49,98;
12:30:15;7868;49,98;
12:30:18;7590;49,99;
12:30:21;7758;49,99;
12:30:24;7748;49,99;
12:30:27;8058;49,98;
12:30:30;7744;49,97;
12:30:33;8014;49,97;
12:30:36;8408;49,98;
12:30:39;7974;49,98;
12:30:42;7708;49,98;
12:30:45;8062;49,98;
12:30:51;7912;49,98;
12:30:54;8072;49,98;
12:30:57;8058;49,98;
12:31:00;8448;49,99;
12:31:03;8292;49,99;
12:31:06;8148;49,98;
12:31:09;8064;49,98;
12:31:12;7884;49,98;
12:31:15;7670;49,98;
12:31:18;7686;49,98;
12:31:21;7954;49,99;
12:31:24;8336;49,99;
12:31:27;8920;50,00;
12:31:30;8876;50,00;
12:31:33;9152;50,01;
12:31:36;9796;50,00;
12:31:39;9952;49,99;
12:31:42;9264;49,99;
12:31:45;8424;49,99;
12:31:48;8204;49,99;
12:31:51;7938;49,99;
12:31:57;8252;49,99;
12:32:00;8628;49,99;
12:32:03;9256;49,98;
12:32:06;8924;49,98;
12:32:09;8916;49,98;
12:32:12;8924;49,97;
12:32:15;9224;49,98;
12:32:18;9488;49,98;
12:32:21;9152;49,99;
12:32:24;9132;49,99;
12:32:27;9352;50,00;
12:32:30;9732;50,00;
12:32:33;10424;50,00;
12:32:36;9672;50,00;
12:32:39;9724;50,00;
12:32:42;9476;50,00;
12:32:45;8500;49,99;
12:32:48;8536;49,99;
12:32:51;9972;49,99;
12:32:54;10636;49,99;
12:32:57;11964;50,00;
12:33:03;11404;49,98;
12:33:06;11236;49,98;
12:33:09;10952;49,98;
12:33:12;11116;49,97;
12:33:15;11468;49,97;
12:33:18;11096;49,97;
12:33:21;10208;49,97;
12:33:24;9792;49,97;
12:33:27;11020;49,98;
12:33:30;10772;49,98;
12:33:33;10256;49,98;
12:33:36;9628;49,98;
12:33:39;9588;49,98;
12:33:42;9576;49,98;
12:33:45;9836;49,98;
12:33:48;10304;49,98;
12:33:51;10836;49,99;
12:33:54;10660;49,99;
12:33:57;10340;50,00;
12:34:00;10020;49,99;
12:34:03;9620;49,99;
12:34:09;9640;49,98;
12:34:12;9860;49,98;
12:34:15;10232;49,98;
12:34:18;10252;49,98;
12:34:21;10264;49,98;
12:34:24;9848;49,98;
12:34:27;9676;49,98;
12:34:30;9628;49,98;
12:34:33;10392;49,99;
12:34:36;10304;49,99;
12:34:39;10672;49,99;
12:34:42;11132;49,98;
12:34:45;11544;49,98;
12:34:48;11344;49,98;
12:34:51;10984;49,97;
12:34:54;10588;49,97;
12:34:57;9964;49,97;
12:35:00;10176;49,97;
12:35:03;10324;49,97;
12:35:06;9768;49,98;
12:35:09;9416;49,98;
12:35:15;10288;49,99;
12:35:18;9944;49,99;
12:35:21;8240;49,98;
12:35:24;7774;49,98;
12:35:27;8122;49,98;
12:35:30;8288;49,98;
12:35:33;9140;49,98;
12:35:36;9780;49,98;
12:35:39;9096;49,98;
12:35:42;7904;49,98;
12:35:45;8656;49,98;
12:35:48;8992;49,98;
12:35:51;8424;49,97;
12:35:54;7770;49,98;
12:36:00;7524;49,98;
12:36:03;7450;49,98;
12:36:06;7584;49,98;
12:36:09;7762;49,98;
12:36:12;7642;49,98;
12:36:15;7718;49,98;
12:36:18;7708;49,98;
12:36:21;7760;49,98;
12:36:24;8332;49,97;
12:36:27;8248;49,98;
12:36:30;8204;49,98;
12:36:33;8028;49,98;
12:36:36;7956;49,98;
12:36:39;8584;49,98;
12:36:42;9244;49,98;
12:36:45;9528;49,98;
12:36:48;8828;49,98;
12:36:51;8492;49,98;
12:36:54;8484;49,98;
12:36:57;8780;49,98;
12:37:00;9512;49,98;
12:37:06;8022;49,98;
12:37:09;8126;49,97;
12:37:12;8544;49,97;
12:37:15;8572;49,98;
12:37:18;8252;49,98;
12:37:21;7988;49,98;
12:37:24;7792;49,98;
12:37:27;7476;49,98;
12:37:30;7084;49,98;
12:37:33;6994;49,98;
12:37:36;6518;49,98;
12:37:39;6522;49,98;
12:37:42;6592;49,98;
12:37:45;6546;49,98;
12:37:48;6526;49,98;
12:37:51;6472;50,00;
12:37:54;6318;50,00;
12:37:57;6276;50,00;
12:38:00;6246;50,01;
12:38:03;6190;50,01;
12:38:06;6028;50,00;
12:38:12;5898;50,00;
12:38:15;5852;50,00;
12:38:18;5834;49,99;
12:38:21;5800;49,99;
12:38:24;5796;49,98;
12:38:27;5776;49,98;
12:38:30;5800;49,98;
12:38:33;5796;49,98;
12:38:36;5782;49,98;
12:38:39;5740;49,98;
12:38:42;5724;49,98;
12:38:45;5690;49,98;
12:38:48;5668;49,98;
12:38:51;5630;49,98;
12:38:54;5638;49,99;
12:38:57;5610;49,99;
12:39:00;5618;50,00;
12:39:03;5590;50,00;
12:39:06;5600;50,00;
12:39:09;5578;50,00;
12:39:12;5576;49,99;
12:39:18;5564;49,99;
12:39:21;5554;49,99;
12:39:24;5568;49,99;
12:39:27;5544;49,99;
12:39:30;5590;49,98;
12:39:33;5604;49,98;
12:39:36;5656;49,98;
12:39:39;5744;49,98;
12:39:42;6092;49,97;
12:39:45;6054;49,97;
12:39:48;5960;49,97;
12:39:51;5924;49,97;
12:39:54;5928;49,97;
12:39:57;6026;49,98;
12:40:03;6442;49,97;
12:40:06;6264;49,98;
12:40:09;6258;49,98;
12:40:12;6346;49,98;
12:40:15;6550;49,98;
12:40:18;6468;49,98;
12:40:21;6438;49,98;
12:40:24;6456;49,98;
12:40:27;6848;49,98;
12:40:30;6722;49,98;
12:40:33;6382;49,98;
12:40:36;6202;49,98;
12:40:39;6068;49,99;
12:40:42;6028;49,99;
12:40:45;6030;50,00;
12:40:48;5974;49,99;
12:40:51;6024;49,99;
12:40:54;6018;49,99;
12:40:57;6094;49,98;
12:41:00;6088;49,98;
12:41:03;6302;49,98;
12:41:09;6498;49,98;
12:41:12;6386;49,98;
12:41:15;6232;49,98;
12:41:18;6220;49,98;
12:41:21;6136;49,98;
12:41:24;6212;49,98;
12:41:27;6372;49,98;
12:41:30;6392;49,98;
12:41:33;5852;49,98;
12:41:36;5722;49,99;
12:41:39;5644;49,99;
12:41:42;5604;49,98;
12:41:45;5586;49,99;
12:41:48;5568;49,99;
12:41:51;5580;49,99;
12:41:54;5568;50,00;
12:41:57;5604;49,99;
12:42:00;5594;49,99;
12:42:03;5620;50,00;
12:42:06;5612;49,99;
12:42:09;5680;49,99;
12:42:15;5806;50,00;
12:42:18;5912;50,00;
12:42:21;6066;50,00;
12:42:24;6040;50,00;
12:42:27;6110;49,99;
12:42:30;6152;49,99;
12:42:33;6234;49,99;
12:42:36;6358;49,98;
12:42:39;6398;49,98;
12:42:42;6226;49,98;
12:42:45;6452;49,98;
12:42:48;6536;49,98;
12:42:51;6512;49,98;
12:42:54;6598;49,98;
12:42:57;6718;49,98;
12:43:00;6674;49,98;
12:43:03;6770;49,99;
12:43:06;6912;49,99;
12:43:09;6924;49,99;
12:43:12;6982;49,99;
12:43:15;7082;49,99;
12:43:21;7686;50,00;
12:43:24;7868;50,00;
12:43:27;8022;49,99;
12:43:30;8184;49,99;
12:43:33;7942;49,99;
12:43:36;7908;49,99;
12:43:39;8284;49,99;
12:43:42;7884;49,99;
12:43:45;7148;49,99;
12:43:48;7254;49,99;
12:43:51;7306;49,99;
12:43:54;7508;49,99;
12:43:57;8564;50,00;
12:44:00;9024;50,00;
12:44:03;9712;50,00;
12:44:06;9304;50,00;
12:44:09;9428;49,99;
12:44:12;9620;49,99;
12:44:15;9764;49,98;
12:44:18;9852;49,98;
12:44:21;9452;49,99;
12:44:24;9468;49,99;
12:44:27;8568;49,98;
12:44:33;8356;49,98;
12:44:36;8158;49,99;
12:44:39;8134;49,99;
12:44:42;7588;49,99;
12:44:45;7522;49,99;
12:44:48;7468;50,00;
12:44:51;7854;50,00;
12:44:54;8504;50,00;
12:44:57;9056;50,00;
12:45:00;9872;50,00;
12:45:03;8608;50,00;
12:45:06;7434;50,01;
12:45:12;9244;50,00;
12:45:15;9576;50,00;
12:45:18;10380;49,99;
12:45:21;11296;49,98;
12:45:24;11196;49,98;
12:45:27;11232;49,98;
12:45:30;9964;49,97;
12:45:33;8644;49,97;
12:45:36;8684;49,97;
12:45:39;8736;49,98;
12:45:42;9168;49,98;
12:45:45;9960;49,99;
12:45:48;10468;50,00;
12:45:51;10840;50,00;
12:45:54;11168;50,00;
12:45:57;10732;50,00;
12:46:00;11416;49,99;
12:46:03;11520;49,99;
12:46:06;11436;49,98;
12:46:09;11580;49,98;
12:46:12;12072;49,98;
12:46:18;9328;49,99;
12:46:21;9148;49,99;
12:46:24;10244;50,00;
12:46:27;9632;50,00;
12:46:30;8024;49,99;
12:46:33;7700;49,99;
12:46:36;7664;49,99;
12:46:39;7470;49,99;
12:46:42;7360;49,98;
12:46:45;7696;49,98;
12:46:48;7822;49,98;
12:46:51;7674;49,98;
12:46:54;7938;49,98;
12:46:57;8176;49,98;
12:47:00;8372;49,99;
12:47:03;7934;50,00;
12:47:06;7604;50,00;
12:47:09;7488;50,00;
12:47:12;7358;50,01;
12:47:15;7378;50,00;
12:47:18;7478;50,00;
12:47:24;7218;50,00;
12:47:27;7294;50,00;
12:47:30;7482;50,00;
12:47:33;7532;50,00;
12:47:36;7348;50,00;
12:47:39;7228;50,00;
12:47:42;7320;50,00;
12:47:45;7598;50,00;
12:47:48;7624;50,00;
12:47:51;7428;50,00;
12:47:54;7748;50,00;
12:47:57;7914;50,00;
12:48:00;8182;50,00;
12:48:03;8864;50,00;
12:48:06;9372;50,00;
12:48:09;8744;50,00;
12:48:12;8158;50,00;
12:48:15;8212;50,00;
12:48:18;8360;50,00;
12:48:21;8208;50,00;
12:48:24;8588;50,00;
12:48:30;8748;50,00;
12:48:33;8976;50,00;
12:48:36;8588;50,00;
12:48:39;8224;50,00;
12:48:42;8072;50,01;
12:48:45;7828;50,00;
12:48:48;7764;50,00;
12:48:51;7670;50,00;
12:48:54;8580;50,00;
12:48:57;9844;50,00;
12:49:00;10556;50,00;
12:49:03;9676;50,00;
12:49:06;9316;50,00;
12:49:09;10076;50,00;
12:49:15;9048;50,00;
12:49:18;8908;50,01;
12:49:21;9176;50,00;
12:49:24;8308;50,00;
12:49:27;8412;50,00;
12:49:30;8142;50,00;
12:49:33;8344;50,00;
12:49:36;8436;50,00;
12:49:39;8260;49,99;
12:49:42;7892;49,99;
12:49:45;7652;49,98;
12:49:48;7518;49,99;
12:49:51;7198;50,00;
12:49:54;7172;50,00;
12:49:57;7150;50,00;
12:50:00;7162;50,00;
12:50:03;7204;50,00;
12:50:06;7442;50,00;
12:50:09;8284;50,00;
12:50:12;7982;50,00;
12:50:15;8154;50,00;
12:50:21;12052;50,00;
12:50:24;11840;50,00;
12:50:27;9008;50,00;
12:50:30;8496;50,00;
12:50:33;8524;50,01;
12:50:36;8252;50,01;
12:50:39;7764;50,01;
12:50:42;7562;50,01;
12:50:45;7074;50,01;
12:50:48;7024;50,01;
12:50:51;7124;50,02;
12:50:54;7306;50,02;
12:50:57;7400;50,01;
12:51:00;7782;50,01;
12:51:03;8064;50,01;
12:51:06;7860;50,01;
12:51:09;8240;50,01;
12:51:12;8224;50,01;
12:51:15;7990;50,01;
12:51:18;8200;50,01;
12:51:21;8040;50,01;
12:51:27;8280;50,01;
12:51:30;8082;50,01;
12:51:33;8212;50,01;
12:51:36;8656;50,01;
12:51:39;8972;50,02;
12:51:42;8648;50,02;
12:51:45;8464;50,01;
12:51:48;8360;50,01;
12:51:51;9896;50,01;
12:51:54;9924;50,02;
12:51:57;9164;50,01;
12:52:00;9124;50,01;
12:52:03;8640;50,01;
12:52:06;8788;50,01;
12:52:09;8892;50,01;
12:52:12;8848;50,01;
12:52:15;9596;50,01;
12:52:18;9460;50,01;
12:52:21;8812;50,01;
12:52:24;8664;50,01;
12:52:27;8972;50,01;
12:52:33;9068;50,01;
12:52:36;9816;50,01;
12:52:39;10460;50,01;
12:52:42;10476;50,01;
12:52:45;11016;50,00;
12:52:48;11084;50,01;
12:52:51;11176;50,00;
12:52:54;10712;50,01;
12:52:57;10312;50,01;
12:53:00;10372;50,01;
12:53:03;10052;50,01;
12:53:06;9992;50,01;
12:53:09;10928;50,01;
12:53:12;11068;50,01;
12:53:15;11408;50,01;
12:53:18;10884;50,01;
12:53:21;10936;50,01;
12:53:24;10976;50,01;
12:53:27;11304;50,01;
12:53:30;11344;50,01;
12:53:33;11268;50,00;
12:53:36;11232;50,01;
12:53:39;10988;50,01;
12:53:42;10692;50,01;
12:53:45;10568;50,01;
12:53:48;10208;50,01;
12:53:51;10020;50,01;
12:53:54;10204;50,01;
12:53:57;9764;50,01;
12:54:00;9348;50,00;
12:54:03;9204;50,01;
12:54:06;9244;50,01;
12:54:09;9492;50,01;
12:54:12;9460;50,01;
12:54:15;9168;50,01;
12:54:18;8556;50,01;
12:54:24;8644;50,01;
12:54:27;8848;50,01;
12:54:30;8174;50,01;
12:54:33;8104;50,01;
12:54:36;8936;50,01;
12:54:39;10228;50,01;
12:54:42;9364;50,00;
12:54:45;8296;50,00;
12:54:48;8576;50,00;
12:54:51;8752;50,01;
12:54:54;8236;50,01;
12:54:57;9000;50,01;
12:55:00;9476;50,01;
12:55:03;9260;50,01;
12:55:06;9596;50,00;
12:55:09;9268;50,00;
12:55:12;8300;50,00;
12:55:15;8828;50,00;
12:55:18;8680;50,00;
12:55:21;9048;50,00;
12:55:24;8178;50,00;
12:55:30;8432;50,01;
12:55:33;7794;50,01;
12:55:36;10464;50,01;
12:55:39;10788;50,01;
12:55:42;9440;50,01;
12:55:45;10248;50,01;
12:55:48;10760;50,01;
12:55:51;11076;50,01;
12:55:54;10912;50,01;
12:55:57;10752;50,01;
12:56:00;9884;50,01;
12:56:03;10128;50,01;
12:56:06;10592;50,00;
12:56:09;10000;50,00;
12:56:12;10128;50,00;
12:56:15;9924;50,00;
12:56:18;9848;50,00;
12:56:21;9944;50,01;
12:56:24;10544;50,01;
12:56:27;10132;50,01;
12:56:30;8720;50,00;
12:56:36;9584;50,00;
12:56:39;8816;50,00;
12:56:42;9368;50,00;
12:56:45;8876;50,01;
12:56:48;8840;50,01;
12:56:51;8532;50,01;
12:56:54;7956;50,01;
12:56:57;8200;50,01;
12:57:00;9924;50,01;
12:57:03;10036;50,01;
12:57:06;9408;50,00;
12:57:09;9292;50,00;
12:57:12;8548;49,99;
12:57:15;8054;49,99;
12:57:18;8496;49,99;
12:57:21;9220;49,98;
12:57:24;9864;49,98;
12:57:27;9788;49,98;
12:57:30;9492;49,98;
12:57:33;9564;49,98;
12:57:36;9392;49,97;
12:57:42;9972;49,98;
12:57:45;9772;49,98;
12:57:48;9356;49,98;
12:57:51;9140;49,98;
12:57:54;8058;49,99;
12:57:57;7520;49,99;
12:58:00;7402;50,00;
12:58:03;7410;50,00;
12:58:06;6630;50,00;
12:58:09;7202;50,00;
12:58:12;7288;50,00;
12:58:15;7116;50,00;
12:58:18;6862;50,00;
12:58:21;6908;50,00;
12:58:27;7244;50,00;
12:58:30;6370;50,00;
12:58:33;6078;50,00;
12:58:36;6040;50,00;
12:58:39;6108;50,00;
12:58:42;6056;50,00;
12:58:45;6082;50,00;
12:58:48;6318;49,99;
12:58:51;5970;50,00;
12:58:54;5904;50,00;
12:58:57;5936;50,00;
12:59:00;5932;50,00;
12:59:03;5848;49,99;
12:59:06;5874;50,00;
12:59:09;5902;50,00;
12:59:12;6160;50,00;
12:59:15;6108;50,00;
12:59:18;6096;50,00;
12:59:21;7012;49,99;
12:59:24;6854;49,99;
12:59:27;5572;49,98;
12:59:33;5292;49,99;
12:59:36;5286;49,99;
12:59:39;5264;49,99;
12:59:42;5204;49,99;
12:59:45;5188;49,99;
12:59:48;5192;49,99;
12:59:51;5224;49,99;
12:59:54;5240;49,99;
12:59:57;5236;49,98;
13:00:00;5224;49,98;
13:00:03;5192;49,97;
13:00:06;5146;49,97;
13:00:09;5204;49,97;
13:00:12;5214;49,96;
13:00:15;5198;49,96;
13:00:18;5140;49,95;
13:00:21;5078;49,95;
13:00:24;5038;49,96;
13:00:27;5030;49,96;
13:00:30;5020;49,96;
13:00:33;5130;49,96;
13:00:39;5276;49,94;
13:00:42;5280;49,94;
13:00:45;5242;49,94;
13:00:48;5204;49,93;
13:00:51;5218;49,93;
13:00:54;5224;49,93;
13:00:57;5258;49,94;
13:01:00;5308;49,94;
13:01:03;5572;49,94;
13:01:06;5502;49,94;
13:01:09;5326;49,94;
13:01:12;5230;49,94;
13:01:15;5200;49,94;
13:01:18;5162;49,94;
13:01:21;5124;49,94;
13:01:24;5134;49,94;
13:01:27;5256;49,94;
13:01:30;5350;49,94;
13:01:33;5660;49,94;
13:01:36;5854;49,94;
13:01:39;6142;49,94;
13:01:45;6306;49,95;
13:01:48;6222;49,95;
13:01:51;6486;49,95;
13:01:54;6852;49,95;
13:01:57;7396;49,95;
13:02:00;7540;49,95;
13:02:03;7636;49,96;
13:02:06;7522;49,95;
13:02:09;6722;49,95;
13:02:12;6538;49,95;
13:02:15;6130;49,95;
13:02:18;6100;49,95;
13:02:21;6182;49,96;
13:02:24;6278;49,96;
13:02:27;6484;49,96;
13:02:30;6286;49,96;
13:02:33;6134;49,96;
13:02:36;5986;49,96;
13:02:39;5878;49,96;
13:02:42;5576;49,96;
13:02:45;5466;49,96;
13:02:48;5434;49,96;
13:02:51;5404;49,96;
13:02:54;5372;49,96;
13:02:57;5360;49,96;
13:03:00;5458;49,96;
13:03:03;5496;49,96;
13:03:06;5700;49,96;
13:03:09;5992;49,96;
13:03:12;6606;49,96;
13:03:15;8400;49,97;
13:03:18;8098;49,97;
13:03:21;7876;49,96;
13:03:24;8312;49,96;
13:03:27;9504;49,96;
13:03:30;8532;49,96;
13:03:36;7022;49,97;
13:03:39;6690;49,97;
13:03:42;6654;49,97;
13:03:45;6712;49,96;
13:03:48;6578;49,97;
13:03:51;6760;49,97;
13:03:54;7794;49,97;
13:03:57;9152;49,97;
13:04:00;8536;49,98;
13:04:03;8520;49,98;
13:04:06;8220;49,99;
13:04:09;8216;49,99;
13:04:12;8106;49,98;
13:04:15;7802;49,98;
13:04:18;7816;49,97;
13:04:21;8616;49,97;
13:04:24;9428;49,97;
13:04:27;9508;49,97;
13:04:30;10164;49,97;
13:04:33;10132;49,97;
13:04:36;9680;49,96;
13:04:42;9920;49,96;
13:04:45;9752;49,96;
13:04:48;8928;49,96;
13:04:51;9104;49,96;
13:04:54;8960;49,96;
13:04:57;8980;49,96;
13:05:00;9244;49,96;
13:05:03;9592;49,97;
13:05:06;10560;49,97;
13:05:09;10584;49,97;
13:05:12;10812;49,97;
13:05:15;10016;49,97;
13:05:18;9768;49,97;
13:05:21;10252;49,97;
13:05:24;10752;49,97;
13:05:27;10300;49,98;
13:05:30;10000;49,98;
13:05:33;9860;49,97;
13:05:36;9148;49,97;
13:05:39;8560;49,97;
13:05:42;9092;49,98;
13:05:48;9440;49,98;
13:05:51;9592;49,98;
13:05:54;9372;49,98;
13:05:57;9516;49,97;
13:06:00;9696;49,97;
13:06:03;9584;49,97;
13:06:06;9616;49,97;
13:06:09;9852;49,97;
13:06:12;9508;49,96;
13:06:15;9504;49,97;
13:06:18;9412;49,98;
13:06:21;9208;49,98;
13:06:24;9152;49,97;
13:06:27;9388;49,98;
13:06:30;10016;49,98;
13:06:33;10156;49,97;
13:06:36;10300;49,97;
13:06:39;10328;49,97;
13:06:42;9860;49,98;
13:06:45;9548;49,98;
13:06:48;8832;49,98;
13:06:54;8032;49,97;
13:06:57;7044;49,98;
13:07:00;6648;49,98;
13:07:03;6778;49,98;
13:07:06;6342;49,98;
13:07:09;5982;49,98;
13:07:12;5904;49,98;
13:07:15;6018;49,98;
13:07:18;6702;49,98;
13:07:21;6890;49,98;
13:07:24;7212;49,98;
13:07:27;6992;49,98;
13:07:30;6962;49,98;
13:07:33;6868;49,98;
13:07:39;7416;49,98;
13:07:42;7326;49,98;
13:07:45;7136;49,98;
13:07:48;7942;49,98;
13:07:51;8604;49,98;
13:07:54;8724;49,98;
13:07:57;8496;49,98;
13:08:00;8608;49,98;
13:08:03;8584;49,99;
13:08:06;8150;49,99;
13:08:09;7844;49,99;
13:08:12;8032;49,99;
13:08:15;7844;49,98;
13:08:18;8724;49,98;
13:08:21;9384;49,98;
13:08:24;9544;49,98;
13:08:27;8006;49,98;
13:08:30;7834;49,98;
13:08:33;7334;49,98;
13:08:36;7312;49,98;
13:08:39;7488;49,98;
13:08:45;7644;49,98;
13:08:48;8006;49,98;
13:08:51;8444;49,98;
13:08:54;7914;49,98;
13:08:57;6376;49,98;
13:09:00;6248;49,98;
13:09:03;6136;49,98;
13:09:06;6240;49,98;
13:09:09;6512;49,99;
13:09:12;7682;49,99;
13:09:15;8232;49,99;
13:09:18;8208;49,99;
13:09:21;9428;49,99;
13:09:24;8472;49,99;
13:09:27;8044;49,99;
13:09:30;8456;49,99;
13:09:33;8636;49,99;
13:09:36;8596;49,98;
13:09:39;8788;49,98;
13:09:42;8872;49,98;
13:09:45;9648;49,98;
13:09:51;9268;49,98;
13:09:54;9652;49,98;
13:09:57;9984;49,99;
13:10:00;10276;49,99;
13:10:03;10552;49,99;
13:10:06;10752;49,99;
13:10:09;10420;49,99;
13:10:12;9452;49,99;
13:10:15;9988;49,98;
13:10:18;9456;49,98;
13:10:21;9272;49,98;
13:10:24;10072;49,98;
13:10:27;9640;49,98;
13:10:30;9792;49,98;
13:10:33;10168;49,98;
13:10:36;11344;49,99;
13:10:39;11524;49,99;
13:10:42;11668;49,99;
13:10:45;11280;49,98;
13:10:48;11184;49,98;
13:10:51;11024;49,98;
13:10:57;10400;49,99;
13:11:00;9772;49,99;
13:11:03;9468;49,99;
13:11:06;9600;50,00;
13:11:09;9744;49,99;
13:11:12;10156;49,99;
13:11:15;11152;49,99;
13:11:18;11236;49,99;
13:11:21;10088;50,00;
13:11:24;9828;50,00;
13:11:27;10996;50,00;
13:11:30;10952;50,00;
13:11:33;9536;50,01;
13:11:36;9356;50,00;
13:11:42;10060;50,00;
13:11:45;9612;50,00;
13:11:48;9824;50,01;
13:11:51;10264;50,01;
13:11:54;10968;50,01;
13:11:57;11592;50,01;
13:12:00;11632;50,00;
13:12:03;11384;50,01;
13:12:06;10056;50,00;
13:12:09;9704;50,00;
13:12:12;9716;50,00;
13:12:15;9624;50,00;
13:12:18;9024;50,00;
13:12:21;9236;50,00;
13:12:24;9460;50,01;
13:12:27;9288;50,01;
13:12:30;9040;50,00;
13:12:33;9172;50,00;
13:12:36;9008;50,00;
13:12:39;9132;50,00;
13:12:42;9652;50,00;
13:12:48;10428;49,99;
13:12:51;10412;49,99;
13:12:54;10216;50,00;
13:12:57;10208;50,00;
13:13:00;9716;50,00;
13:13:03;10124;50,00;
13:13:06;10024;50,00;
13:13:09;9788;50,00;
13:13:12;9812;50,00;
13:13:15;9632;50,00;
13:13:18;9292;50,00;
13:13:21;8932;50,00;
13:13:24;9728;50,00;
13:13:27;9428;50,00;
13:13:30;9572;50,00;
13:13:33;9876;50,00;
13:13:36;10724;50,00;
13:13:39;11156;50,00;
13:13:42;11320;49,99;
13:13:45;11332;49,99;
13:13:48;11140;49,99;
13:13:54;10984;49,99;
13:13:57;10868;49,99;
13:14:00;10860;49,99;
13:14:03;11016;49,99;
13:14:06;11172;49,98;
13:14:09;11240;49,98;
13:14:12;11192;49,98;
13:14:15;11024;49,98;
13:14:18;11016;49,98;
13:14:21;11052;49,98;
13:14:24;10876;49,97;
13:14:27;10824;49,96;
13:14:30;10600;49,96;
13:14:33;10532;49,96;
13:14:36;10336;49,96;
13:14:39;10548;49,96;
13:14:42;10588;49,97;
13:14:45;10520;49,97;
13:14:48;10376;49,97;
13:14:51;10148;49,98;
13:14:54;10368;49,98;
13:15:00;10844;49,99;
13:15:03;10708;49,99;
13:15:06;10692;49,99;
13:15:09;10784;49,99;
13:15:12;10780;49,98;
13:15:15;10828;49,98;
13:15:18;10808;49,98;
13:15:21;10828;49,98;
13:15:24;9908;49,98;
13:15:27;9612;49,98;
13:15:30;10196;49,98;
13:15:33;10120;49,98;
13:15:36;9116;49,98;
13:15:39;8952;49,98;
13:15:42;9384;49,98;
13:15:45;9900;49,98;
13:15:48;9776;49,99;
13:15:51;9136;49,99;
13:15:54;9196;49,99;
13:15:57;9168;49,99;
13:16:00;8480;49,99;
13:16:06;9540;50,00;
13:16:09;9940;49,99;
13:16:12;10008;49,99;
13:16:15;9660;49,99;
13:16:18;9784;49,99;
13:16:21;9696;49,99;
13:16:24;9776;49,99;
13:16:27;9388;49,99;
13:16:30;8500;49,99;
13:16:33;7588;49,99;
13:16:36;7100;50,00;
13:16:39;7096;50,00;
13:16:42;6762;50,00;
13:16:45;6354;50,00;
13:16:51;7374;49,99;
13:16:54;7854;49,98;
13:16:57;8860;49,98;
13:17:00;8768;49,98;
13:17:03;9220;49,98;
13:17:06;9380;49,98;
13:17:09;9208;49,98;
13:17:12;9432;49,98;
13:17:15;8544;49,98;
13:17:18;7708;49,98;
13:17:21;4684;49,98;
13:17:24;4480;49,98;
13:17:27;4556;49,98;
13:17:30;4732;49,98;
13:17:33;5044;49,98;
13:17:36;6550;49,98;
13:17:39;5524;49,98;
13:17:42;4488;49,98;
13:17:45;4180;49,99;
13:17:48;4124;49,99;
13:17:51;4144;49,99;
13:17:57;4085;49,99;
13:18:00;3984;49,99;
13:18:03;4087;50,00;
13:18:06;4226;50,00;
13:18:09;4352;50,00;
13:18:12;4494;50,00;
13:18:15;4628;50,00;
13:18:18;4326;50,00;
13:18:21;3894;50,00;
13:18:24;3869;50,00;
13:18:27;3833;50,00;
13:18:30;3786;50,00;
13:18:33;3774;50,00;
13:18:36;3755;49,99;
13:18:39;3736;49,99;
13:18:42;3693;49,98;
13:18:45;3678;49,98;
13:18:48;3652;49,99;
13:18:51;3640;49,99;
13:18:54;3609;49,99;
13:18:57;3599;50,00;
13:19:03;3561;50,00;
13:19:06;3533;50,00;
13:19:09;3521;50,00;
13:19:12;3500;50,00;
13:19:15;3485;50,00;
13:19:18;3461;50,00;
13:19:21;3463;50,00;
13:19:24;3452;50,00;
13:19:27;3414;50,00;
13:19:30;3393;49,99;
13:19:33;3384;49,99;
13:19:36;3376;49,98;
13:19:39;3357;49,99;
13:19:42;3342;49,99;
13:19:45;3332;49,99;
13:19:48;3324;49,99;
13:19:51;3301;50,00;
13:19:54;3291;49,99;
13:19:57;3271;50,00;
13:20:00;3261;50,00;
13:20:03;3245;50,00;
13:20:09;3230;50,00;
13:20:12;3229;50,00;
13:20:15;3221;50,00;
13:20:18;3220;50,00;
13:20:24;3222;50,00;
13:20:27;3206;50,00;
13:20:30;3225;50,00;
13:20:33;3232;50,00;
13:20:36;3234;50,00;
13:20:39;3217;50,00;
13:20:42;3245;50,00;
13:20:45;3248;50,00;
13:20:48;3261;50,00;
13:20:54;3277;50,00;
13:20:57;3276;50,00;
13:21:00;3291;50,00;
13:21:03;3279;50,00;
13:21:06;3307;50,01;
13:21:09;3302;50,00;
13:21:12;3318;50,00;
13:21:15;3327;50,00;
13:21:18;3350;50,00;
13:21:21;3348;50,00;
13:21:24;3378;50,00;
13:21:27;3373;50,00;
13:21:30;3404;50,00;
13:21:33;3401;50,00;
13:21:36;3408;50,00;
13:21:39;3419;50,00;
13:21:42;3435;50,00;
13:21:48;3454;50,00;
13:21:51;3461;50,00;
13:21:54;3467;50,01;
13:22:00;3499;50,01;
13:22:03;3480;50,01;
13:22:06;3501;50,01;
13:22:09;3491;50,01;
13:22:12;3514;50,01;
13:22:15;3505;50,01;
13:22:18;3522;50,01;
13:22:24;3524;50,00;
13:22:27;3518;50,00;
13:22:30;3533;50,01;
13:22:33;3526;50,01;
13:22:36;3542;50,01;
13:22:39;3544;50,01;
13:22:42;3538;50,01;
13:22:45;3550;50,01;
13:22:48;3564;50,01;
13:22:51;3568;50,02;
13:22:54;3575;50,01;
13:22:57;3577;50,01;
13:23:00;3588;50,01;
13:23:06;3601;50,01;
13:23:09;3605;50,01;
13:23:12;3613;50,01;
13:23:15;3617;50,01;
13:23:18;3627;50,01;
13:23:21;3630;50,01;
13:23:24;3626;50,01;
13:23:27;3641;50,01;
13:23:30;3656;50,01;
13:23:33;3663;50,01;
13:23:36;3673;50,01;
13:23:39;3679;50,01;
13:23:42;3690;50,01;
13:23:45;3694;50,01;
13:23:48;3686;50,01;
13:23:51;3713;50,01;
13:23:54;3721;50,01;
13:23:57;3728;50,01;
13:24:00;3742;50,01;
13:24:03;3747;50,01;
13:24:06;3758;50,01;
13:24:12;3780;50,01;
13:24:15;3787;50,00;
13:24:18;3801;50,00;
13:24:21;3812;50,00;
13:24:24;3825;50,00;
13:24:27;3837;50,00;
13:24:33;3856;50,00;
13:24:36;3870;50,00;
13:24:39;3891;50,00;
13:24:42;3902;50,00;
13:24:45;3899;49,99;
13:24:48;3895;50,00;
13:24:51;3912;49,99;
13:24:54;3923;50,00;
13:24:57;3937;50,00;
13:25:00;3929;50,00;
13:25:03;3958;50,00;
13:25:06;3965;50,00;
13:25:09;3982;50,00;
13:25:12;3987;49,99;
13:25:18;4023;49,99;
13:25:21;4048;49,98;
13:25:24;4057;49,98;
13:25:27;4085;49,98;
13:25:30;4098;49,98;
13:25:33;4122;49,98;
13:25:36;4134;49,98;
13:25:39;4124;49,98;
13:25:42;4180;49,98;
13:25:45;4222;49,98;
13:25:48;4240;49,98;
13:25:51;4272;49,99;
13:25:54;4288;49,99;
13:25:57;4322;50,00;
13:26:03;4386;49,99;
13:26:06;4420;49,99;
13:26:09;4476;50,00;
13:26:12;4494;50,00;
13:26:15;4512;50,00;
13:26:18;4524;50,00;
13:26:21;4544;50,00;
13:26:24;4582;50,00;
13:26:27;4646;50,00;
13:26:30;4684;49,99;
13:26:33;4762;49,99;
13:26:36;4794;50,00;
13:26:39;4860;50,00;
13:26:42;4906;50,00;
13:26:45;4934;50,00;
13:26:48;5042;50,00;
13:26:51;5120;50,00;
13:26:54;5152;50,00;
13:26:57;5238;50,00;
13:27:00;5290;50,00;
13:27:03;5334;50,00;
13:27:09;5328;50,00;
13:27:12;5330;50,00;
13:27:15;5436;50,00;
13:27:18;5540;50,00;
13:27:21;5982;50,00;
13:27:24;6304;50,00;
13:27:27;6636;50,01;
13:27:30;7072;50,00;
13:27:33;6732;50,00;
13:27:36;6566;50,00;
13:27:39;6678;49,99;
13:27:42;6696;49,99;
13:27:45;6920;50,00;
13:27:48;6954;50,00;
13:27:51;7158;50,00;
13:27:54;7810;50,01;
13:27:57;7290;50,01;
13:28:00;7192;50,01;
13:28:03;6974;50,01;
13:28:06;6870;50,00;
13:28:09;6856;50,00;
13:28:15;7340;50,01;
13:28:18;7560;50,01;
13:28:21;8708;50,01;
13:28:24;9044;50,01;
13:28:27;10228;50,01;
13:28:30;10540;50,00;
13:28:33;11204;50,00;
13:28:36;11752;50,00;
13:28:39;12028;50,00;
13:28:42;12072;50,00;
13:28:45;11960;50,00;
13:28:48;11980;50,00;
13:28:51;12012;50,00;
13:28:54;12036;50,00;
13:28:57;12020;50,00;
13:29:00;12052;50,01;
13:29:03;11848;50,01;
13:29:06;11616;50,01;
13:29:09;10752;50,01;
13:29:12;10668;50,01;
13:29:15;9652;50,01;
13:29:21;9120;50,01;
13:29:24;8724;50,01;
13:29:27;8564;50,00;
13:29:30;8376;50,00;
13:29:33;7670;50,00;
13:29:36;7804;50,00;
13:29:39;8004;50,00;
13:29:42;8098;50,00;
13:29:45;8356;50,00;
13:29:48;8608;50,00;
13:29:51;8968;50,00;
13:29:54;8228;50,00;
13:29:57;8094;50,00;
13:30:00;8028;50,00;
13:30:06;8436;50,00;
13:30:09;9092;50,00;
13:30:12;9220;50,00;
13:30:15;8964;50,00;
13:30:18;8532;49,99;
13:30:21;8030;49,99;
13:30:24;7254;49,99;
13:30:27;6712;49,98;
13:30:30;7594;49,97;
13:30:33;7564;49,97;
13:30:36;8176;49,96;
13:30:39;8876;49,96;
13:30:42;8388;49,97;
13:30:45;8760;49,97;
13:30:48;8956;49,97;
13:30:51;9144;49,97;
13:30:54;8576;49,97;
13:30:57;8604;49,97;
13:31:00;8856;49,98;
13:31:03;8584;49,98;
13:31:06;9804;49,97;
13:31:12;10332;49,97;
13:31:15;10744;49,96;
13:31:18;10244;49,96;
13:31:21;10172;49,96;
13:31:24;10672;49,97;
13:31:27;11052;49,97;
13:31:30;10828;49,97;
13:31:33;10332;49,97;
13:31:36;8340;49,98;
13:31:39;8708;49,98;
13:31:42;8900;49,98;
13:31:45;9412;49,98;
13:31:48;9436;49,98;
13:31:51;9324;49,98;
13:31:54;9384;49,98;
13:31:57;8908;49,98;
13:32:00;8648;49,98;
13:32:03;9040;49,98;
13:32:06;9064;49,99;
13:32:09;8968;49,98;
13:32:12;8680;49,99;
13:32:18;7392;49,99;
13:32:21;7122;49,99;
13:32:24;6432;49,99;
13:32:27;6374;49,99;
13:32:30;6514;49,98;
13:32:33;6558;49,98;
13:32:36;6714;49,98;
13:32:39;6684;49,98;
13:32:42;6406;49,98;
13:32:45;6268;49,98;
13:32:48;6394;49,99;
13:32:51;6424;49,99;
13:32:54;6396;49,99;
13:32:57;6372;49,99;
13:33:00;6516;49,99;
13:33:03;6360;50,00;
13:33:06;6768;50,00;
13:33:09;6658;50,00;
13:33:12;6426;50,00;
13:33:15;6310;49,99;
13:33:18;5982;50,00;
13:33:24;5670;50,00;
13:33:27;5548;50,00;
13:33:30;5224;49,99;
13:33:33;5090;49,99;
13:33:36;4962;50,00;
13:33:39;4886;50,00;
13:33:42;4824;50,00;
13:33:45;4816;50,00;
13:33:48;4828;49,99;
13:33:51;4816;49,99;
13:33:54;4864;49,98;
13:33:57;4882;49,98;
13:34:00;5166;49,98;
13:34:03;5268;49,98;
13:34:06;5282;49,98;
13:34:09;5166;49,98;
13:34:12;5388;49,99;
13:34:15;5502;49,99;
13:34:18;5530;50,00;
13:34:21;6334;50,00;
13:34:24;6698;50,00;
13:34:27;6862;50,00;
13:34:30;6850;50,00;
13:34:33;6906;50,00;
13:34:36;6794;49,99;
13:34:39;6740;49,99;
13:34:42;6644;49,99;
13:34:45;6436;49,99;
13:34:48;6228;49,99;
13:34:51;6258;49,98;
13:34:54;6222;49,98;
13:34:57;6468;49,98;
13:35:00;6416;49,99;
13:35:03;5516;50,00;
13:35:06;5218;50,00;
13:35:09;5116;49,99;
13:35:15;5104;50,00;
13:35:18;5136;50,00;
13:35:21;5212;50,00;
13:35:24;5344;50,00;
13:35:27;5588;50,00;
13:35:30;5506;50,00;
13:35:33;5330;50,00;
13:35:36;5178;50,00;
13:35:39;5152;50,00;
13:35:42;5258;50,00;
13:35:45;5664;50,01;
13:35:48;5898;50,01;
13:35:51;6300;50,01;
13:35:54;6276;50,01;
13:35:57;6318;50,01;
13:36:00;6442;50,01;
13:36:03;7250;50,00;
13:36:06;7378;50,00;
13:36:09;6478;49,99;
13:36:12;6028;49,99;
13:36:15;6136;49,99;
13:36:21;5842;49,99;
13:36:24;6136;49,99;
13:36:27;7090;49,99;
13:36:30;7092;49,99;
13:36:33;6978;49,99;
13:36:36;6634;49,99;
13:36:39;5858;49,99;
13:36:42;5200;49,99;
13:36:45;4748;49,98;
13:36:48;4728;49,98;
13:36:51;4726;49,98;
13:36:54;4728;49,98;
13:36:57;4882;49,99;
13:37:00;4874;49,99;
13:37:03;4744;49,99;
13:37:06;4600;49,99;
13:37:09;4568;50,00;
13:37:12;4538;49,99;
13:37:15;4522;50,00;
13:37:18;4486;50,00;
13:37:21;4472;50,00;
13:37:27;4412;49,98;
13:37:30;4378;49,98;
13:37:33;4384;49,98;
13:37:36;4368;49,98;
13:37:39;4374;49,98;
13:37:42;4352;49,98;
13:37:45;4378;49,98;
13:37:48;4398;49,98;
13:37:51;4404;49,99;
13:37:54;4392;49,99;
13:37:57;4408;49,99;
13:38:00;4410;49,99;
13:38:03;4418;49,99;
13:38:09;4416;49,99;
13:38:12;4444;49,99;
13:38:15;4454;49,98;
13:38:18;4458;49,98;
13:38:21;4472;49,99;
13:38:24;4480;49,99;
13:38:27;4506;49,99;
13:38:33;4544;49,98;
13:38:36;4556;49,99;
13:38:39;4588;49,99;
13:38:42;4602;49,99;
13:38:45;4630;50,00;
13:38:48;4644;50,00;
13:38:51;4642;50,00;
13:38:54;4678;50,00;
13:38:57;4696;50,00;
13:39:00;4752;50,00;
13:39:03;4762;50,00;
13:39:06;4882;50,00;
13:39:09;4950;50,00;
13:39:12;5256;50,00;
13:39:18;5622;50,00;
13:39:21;5648;50,00;
13:39:24;5976;50,00;
13:39:27;6308;50,00;
13:39:30;6714;50,00;
13:39:33;6930;50,00;
13:39:36;7086;50,00;
13:39:39;7100;50,00;
13:39:42;7120;50,00;
13:39:45;7148;50,00;
13:39:48;6680;50,01;
13:39:51;6570;50,00;
13:39:54;5838;50,00;
13:39:57;5416;50,00;
13:40:00;5226;50,00;
13:40:03;5298;49,99;
13:40:06;5600;49,99;
13:40:09;5840;49,99;
13:40:12;6466;49,99;
13:40:15;6546;49,99;
13:40:18;5920;49,99;
13:40:24;5364;49,99;
13:40:27;5192;49,99;
13:40:30;4840;49,99;
13:40:33;4770;49,99;
13:40:36;4818;50,00;
13:40:39;4968;50,00;
13:40:42;5058;50,00;
13:40:45;5092;50,00;
13:40:48;4758;49,99;
13:40:51;4742;49,99;
13:40:54;4744;50,00;
13:40:57;4702;50,00;
13:41:00;4730;50,00;
13:41:03;4688;50,00;
13:41:06;4666;50,00;
13:41:09;4626;49,99;
13:41:15;4622;49,99;
13:41:18;4598;49,99;
13:41:21;4594;49,99;
13:41:24;4590;49,99;
13:41:30;4574;49,99;
13:41:33;4578;49,99;
13:41:36;4590;49,99;
13:41:39;4598;49,99;
13:41:42;4604;49,99;
13:41:45;4610;50,00;
13:41:48;4598;50,00;
13:41:51;4632;50,00;
13:41:54;4698;50,00;
13:41:57;4744;50,00;
13:42:00;4800;50,00;
13:42:03;4824;50,01;
13:42:06;4906;50,01;
13:42:09;4956;50,00;
13:42:12;4962;50,00;
13:42:15;5044;50,00;
13:42:18;5114;50,00;
13:42:21;5148;50,00;
13:42:24;5296;49,99;
13:42:27;5374;49,99;
13:42:30;5364;49,99;
13:42:36;5396;49,99;
13:42:39;5414;49,99;
13:42:42;5508;49,98;
13:42:45;5710;49,99;
13:42:48;6338;50,00;
13:42:51;6658;50,00;
13:42:54;6962;50,00;
13:42:57;7100;50,00;
13:43:00;7456;50,01;
13:43:03;7596;50,01;
13:43:06;8110;50,01;
13:43:09;8632;50,01;
13:43:12;9700;50,01;
13:43:15;9972;50,01;
13:43:21;9560;50,00;
13:43:24;9240;50,00;
13:43:27;9032;50,00;
13:43:30;8864;50,00;
13:43:33;9372;50,00;
13:43:36;9736;50,00;
13:43:39;9824;50,00;
13:43:42;9916;50,00;
13:43:45;9836;50,00;
13:43:48;9592;50,00;
13:43:51;8996;50,01;
13:43:54;8072;50,01;
13:43:57;6660;50,01;
13:44:00;6504;50,01;
13:44:03;6468;50,01;
13:44:06;6642;50,01;
13:44:09;6992;50,01;
13:44:12;7460;50,00;
13:44:15;9112;50,01;
13:44:18;9364;50,01;
13:44:21;9088;50,01;
13:44:27;9164;50,01;
13:44:30;8904;50,01;
13:44:33;9656;50,00;
13:44:36;9832;50,00;
13:44:39;9852;50,00;
13:44:42;8448;50,00;
13:44:45;7344;50,00;
13:44:48;7186;50,00;
13:44:51;7508;50,01;
13:44:54;7378;50,01;
13:44:57;7232;50,00;
13:45:00;7456;50,01;
13:45:03;8556;50,01;
13:45:06;9408;50,01;
13:45:09;10272;50,01;
13:45:12;11112;50,01;
13:45:15;11648;50,01;
13:45:18;12060;50,01;
13:45:21;11980;50,01;
13:45:24;11964;50,01;
13:45:27;11916;50,01;
13:45:33;11928;50,00;
13:45:36;11772;50,00;
13:45:39;11460;49,99;
13:45:42;11472;49,99;
13:45:45;12048;50,00;
13:45:48;12008;50,00;
13:45:51;12004;50,00;
13:45:54;11916;50,00;
13:45:57;11924;50,00;
13:46:00;11764;50,00;
13:46:03;11600;50,00;
13:46:09;11624;50,00;
13:46:12;11692;50,00;
13:46:15;11868;50,00;
13:46:18;12020;50,00;
13:46:21;12004;49,99;
13:46:24;11984;50,00;
13:46:27;11708;50,00;
13:46:30;11740;50,00;
13:46:33;11384;50,00;
13:46:39;9772;50,00;
13:46:42;9444;50,01;
13:46:45;8296;50,01;
13:46:48;7976;50,01;
13:46:51;6782;50,01;
13:46:54;5900;50,01;
13:46:57;5592;50,01;
13:47:00;5444;50,01;
13:47:03;5032;50,02;
13:47:06;5106;50,02;
13:47:09;5362;50,02;
13:47:12;5178;50,01;
13:47:15;5156;50,01;
13:47:18;5278;50,01;
13:47:21;5080;50,01;
13:47:24;4614;50,01;
13:47:27;4460;50,01;
13:47:30;4422;50,01;
13:47:33;4396;50,01;
13:47:39;4360;50,01;
13:47:45;4362;50,01;
13:47:48;4366;50,01;
13:47:51;4362;50,01;
13:47:54;4358;50,00;
13:47:57;4360;50,00;
13:48:03;4362;50,00;
13:48:06;4348;50,00;
13:48:09;4366;50,00;
13:48:12;4368;50,01;
13:48:15;4372;50,00;
13:48:18;4374;50,01;
13:48:21;4382;50,01;
13:48:24;4398;50,00;
13:48:30;4412;49,99;
13:48:33;4420;49,99;
13:48:36;4448;49,99;
13:48:39;4468;49,99;
13:48:42;4502;49,99;
13:48:45;4522;49,99;
13:48:48;4520;49,98;
13:48:51;4556;49,98;
13:48:54;4702;49,98;
13:48:57;4764;49,98;
13:49:00;4878;49,99;
13:49:03;4942;50,00;
13:49:06;5094;50,00;
13:49:09;5202;50,00;
13:49:12;5348;50,00;
13:49:15;5926;50,00;
13:49:18;6686;50,00;
13:49:21;7556;50,00;
13:49:24;10148;50,00;
13:49:27;11092;50,00;
13:49:30;11228;50,00;
13:49:36;11480;50,00;
13:49:39;11404;50,00;
13:49:42;11112;49,99;
13:49:45;11040;49,99;
13:49:48;11296;50,00;
13:49:51;11336;50,00;
13:49:54;11256;50,00;
13:49:57;11312;50,00;
13:50:00;11408;50,00;
13:50:03;11520;50,00;
13:50:06;11704;50,00;
13:50:09;11756;50,00;
13:50:12;11888;50,00;
13:50:15;11864;49,99;
13:50:18;12048;49,99;
13:50:21;11912;49,99;
13:50:24;11600;49,99;
13:50:27;11796;49,99;
13:50:30;11880;49,99;
13:50:33;12052;49,99;
13:50:36;11752;49,99;
13:50:42;11304;49,98;
13:50:45;11296;49,99;
13:50:48;11236;50,00;
13:50:51;11372;50,00;
13:50:54;11564;50,00;
13:50:57;11588;50,00;
13:51:00;11240;50,00;
13:51:03;11292;50,01;
13:51:06;11540;50,01;
13:51:09;11412;50,01;
13:51:12;11600;50,01;
13:51:15;11680;50,00;
13:51:18;11448;50,00;
13:51:21;11264;50,00;
13:51:24;11388;50,00;
13:51:27;11612;50,00;
13:51:30;11352;50,00;
13:51:33;11204;50,01;
13:51:36;11352;50,01;
13:51:39;11412;50,01;
13:51:42;11460;50,01;
13:51:48;12096;50,00;
13:51:51;12048;50,00;
13:51:54;12004;50,00;
13:51:57;11980;50,01;
13:52:00;11984;50,01;
13:52:03;11944;50,01;
13:52:06;11740;50,01;
13:52:09;11756;50,01;
13:52:12;11936;50,01;
13:52:15;11824;50,01;
13:52:18;11916;50,00;
13:52:21;11432;50,00;
13:52:24;11052;50,00;
13:52:27;11072;50,00;
13:52:33;11008;50,00;
13:52:36;10772;50,00;
13:52:39;10628;50,00;
13:52:42;9692;50,00;
13:52:45;8932;50,00;
13:52:48;9304;50,00;
13:52:51;9000;50,00;
13:52:54;6834;50,00;
13:52:57;4740;50,01;
13:53:00;4524;50,01;
13:53:03;4318;50,01;
13:53:06;4280;50,01;
13:53:09;4366;50,01;
13:53:12;4460;50,01;
13:53:15;4330;50,01;
13:53:18;4204;50,01;
13:53:21;4112;50,01;
13:53:24;4088;50,01;
13:53:27;4039;50,00;
13:53:30;4041;50,00;
13:53:33;4001;50,01;
13:53:39;3938;50,00;
13:53:42;3947;50,01;
13:53:45;3910;50,00;
13:53:48;3903;50,00;
13:53:51;3856;50,00;
13:53:54;3864;50,00;
13:53:57;3862;50,00;
13:54:00;3853;50,00;
13:54:03;3812;50,00;
13:54:06;3824;50,00;
13:54:09;3819;50,01;
13:54:12;3807;50,01;
13:54:15;3800;50,01;
13:54:18;3796;50,01;
13:54:21;3807;50,01;
13:54:24;3805;50,01;
13:54:27;3825;50,00;
13:54:30;3814;50,00;
13:54:33;3853;50,00;
13:54:36;3857;50,00;
13:54:39;3892;50,00;
13:54:45;3943;50,00;
13:54:48;3955;50,00;
13:54:51;4014;50,01;
13:54:54;4022;50,01;
13:54:57;4096;50,01;
13:55:00;4114;50,01;
13:55:03;4158;50,02;
13:55:06;4190;50,02;
13:55:09;4290;50,01;
13:55:12;4316;50,01;
13:55:15;4404;50,01;
13:55:18;4436;50,01;
13:55:21;4516;50,01;
13:55:24;4526;50,01;
13:55:27;4546;50,01;
13:55:30;4574;50,00;
13:55:33;4634;50,00;
13:55:36;4644;50,00;
13:55:39;4656;50,01;
13:55:42;4616;50,01;
13:55:45;4670;50,01;
13:55:51;4810;50,01;
13:55:54;4842;50,01;
13:55:57;4878;50,01;
13:56:00;4844;50,01;
13:56:03;4824;50,01;
13:56:06;4846;50,02;
13:56:09;5006;50,02;
13:56:12;5240;50,01;
13:56:15;6242;50,01;
13:56:18;6536;50,01;
13:56:21;6618;50,01;
13:56:24;6370;50,00;
13:56:27;6550;50,00;
13:56:30;6610;50,01;
13:56:33;6700;50,02;
13:56:36;6504;50,02;
13:56:39;6486;50,02;
13:56:42;6430;50,01;
13:56:45;6470;50,01;
13:56:48;6652;50,01;
13:56:51;7352;50,01;
13:56:57;8644;50,01;
13:57:00;9152;50,01;
13:57:03;9548;50,01;
13:57:06;10680;50,01;
13:57:09;11028;50,01;
13:57:12;11212;50,01;
13:57:15;11020;50,01;
13:57:18;10940;50,01;
13:57:21;11160;50,01;
13:57:24;11032;50,00;
13:57:27;10748;50,00;
13:57:30;10644;50,00;
13:57:33;10556;50,00;
13:57:36;10492;50,00;
13:57:42;10192;50,01;
13:57:45;9868;50,01;
13:57:48;9672;50,01;
13:57:51;9576;50,01;
13:57:54;9008;50,01;
13:57:57;9080;50,01;
13:58:00;9268;50,02;
13:58:03;9236;50,02;
13:58:06;9852;50,02;
13:58:09;9808;50,02;
13:58:12;9868;50,02;
13:58:15;9716;50,02;
13:58:18;9248;50,02;
13:58:21;9284;50,02;
13:58:24;9424;50,02;
13:58:27;9724;50,02;
13:58:30;9928;50,02;
13:58:33;10076;50,02;
13:58:36;10376;50,02;
13:58:39;10308;50,01;
13:58:42;10372;50,01;
13:58:48;10388;50,00;
13:58:51;10304;50,00;
13:58:54;10396;50,00;
13:58:57;10304;50,00;
13:59:00;10240;50,00;
13:59:03;10144;50,00;
13:59:06;10028;50,00;
13:59:09;9844;50,00;
13:59:12;10220;50,00;
13:59:15;10428;50,00;
13:59:18;10920;50,00;
13:59:21;10980;50,00;
13:59:24;10536;50,00;
13:59:27;10776;50,00;
13:59:30;11092;50,00;
13:59:33;10388;50,00;
13:59:36;10024;50,00;
13:59:39;10196;50,00;
13:59:42;10656;50,00;
13:59:45;10420;50,00;
13:59:48;10464;50,01;
13:59:54;10952;50,01;
13:59:57;11196;50,00;
14:00:00;11212;50,00;
14:00:03;11268;50,00;
14:00:06;11412;49,99;
14:00:09;11428;49,98;
14:00:12;11448;49,98;
14:00:15;11432;49,98;
14:00:18;11356;49,99;
14:00:21;11436;50,00;
14:00:24;11520;50,00;
14:00:27;11484;50,00;
14:00:30;11408;50,00;
14:00:33;10808;49,99;
14:00:36;9032;49,99;
14:00:39;9836;49,98;
14:00:42;11036;49,99;
14:00:45;11292;49,99;
14:00:48;11344;50,00;
14:00:51;11232;50,00;
14:00:54;10892;50,00;
14:01:00;10436;50,00;
14:01:03;10096;50,00;
14:01:06;9496;50,00;
14:01:09;9448;50,00;
14:01:12;9744;50,00;
14:01:15;9944;50,00;
14:01:18;10144;50,01;
14:01:21;10324;50,01;
14:01:24;10732;50,01;
14:01:27;10816;50,00;
14:01:30;10568;50,00;
14:01:33;10672;49,99;
14:01:36;10820;49,98;
14:01:39;10932;49,98;
14:01:45;10388;49,98;
14:01:48;10288;49,98;
14:01:51;10320;49,98;
14:01:54;10660;49,98;
14:01:57;11352;49,98;
14:02:00;11368;49,98;
14:02:03;11296;49,98;
14:02:06;11132;49,98;
14:02:09;10052;49,99;
14:02:12;10092;49,99;
14:02:15;9612;49,98;
14:02:18;9528;49,98;
14:02:21;9544;49,98;
14:02:24;8628;49,98;
14:02:27;8204;49,97;
14:02:30;8876;49,98;
14:02:33;8480;49,98;
14:02:36;8074;49,98;
14:02:39;8204;49,98;
14:02:42;8196;49,98;
14:02:45;8360;49,98;
14:02:51;9668;49,98;
14:02:54;9796;49,98;
14:02:57;9776;49,98;
14:03:00;9572;49,98;
14:03:03;9644;49,99;
14:03:06;8876;49,99;
14:03:09;8988;49,99;
14:03:12;9624;50,00;
14:03:15;10784;50,00;
14:03:18;10092;50,00;
14:03:21;10076;50,00;
14:03:24;11944;50,00;
14:03:27;11940;50,00;
14:03:30;11544;50,00;
14:03:33;11628;50,00;
14:03:36;11024;50,00;
14:03:39;10128;50,00;
14:03:42;10648;50,00;
14:03:45;10516;50,01;
14:03:48;10440;50,01;
14:03:51;10072;50,00;
14:03:57;10464;49,99;
14:04:00;10504;49,99;
14:04:03;9144;49,99;
14:04:06;10396;49,99;
14:04:09;11448;49,99;
14:04:12;11392;49,99;
14:04:15;11032;49,98;
14:04:18;11004;49,98;
14:04:21;10744;49,98;
14:04:24;10904;49,98;
14:04:27;10464;49,98;
14:04:30;10216;49,98;
14:04:33;10636;49,97;
14:04:36;10428;49,97;
14:04:39;10316;49,97;
14:04:42;10512;49,97;
14:04:45;10332;49,98;
14:04:48;10548;49,98;
14:04:51;10652;49,98;
14:04:54;10500;49,98;
14:04:57;10552;49,98;
14:05:03;10504;49,98;
14:05:06;10556;49,98;
14:05:09;10652;49,98;
14:05:12;10676;49,98;
14:05:15;10628;49,97;
14:05:18;10548;49,97;
14:05:21;10424;49,97;
14:05:24;10456;49,97;
14:05:27;10308;49,97;
14:05:30;10176;49,97;
14:05:33;10096;49,97;
14:05:36;9876;49,97;
14:05:39;9708;49,97;
14:05:42;9688;49,97;
14:05:45;9220;49,97;
14:05:48;9592;49,97;
14:05:51;9956;49,98;
14:05:54;9464;49,98;
14:05:57;8572;49,99;
14:06:00;8728;49,99;
14:06:03;8940;49,99;
14:06:06;9268;49,99;
14:06:09;9084;49,99;
14:06:12;6590;49,98;
14:06:15;6758;49,98;
14:06:18;6234;49,98;
14:06:21;6036;49,98;
14:06:24;5710;49,98;
14:06:27;5752;49,99;
14:06:30;5898;49,99;
14:06:33;6532;49,99;
14:06:36;6328;49,99;
14:06:39;5688;49,98;
14:06:42;7390;49,99;
14:06:45;9600;49,99;
14:06:48;11012;49,99;
14:06:54;10688;49,99;
14:06:57;10384;49,99;
14:07:00;11024;49,99;
14:07:03;11104;49,99;
14:07:06;11020;49,99;
14:07:09;10816;49,99;
14:07:12;10560;49,99;
14:07:15;10476;50,00;
14:07:18;10668;50,00;
14:07:21;10596;49,99;
14:07:24;10708;49,99;
14:07:27;10832;49,99;
14:07:30;10560;49,99;
14:07:33;10556;50,00;
14:07:36;10832;50,00;
14:07:39;10236;50,01;
14:07:42;8636;50,00;
14:07:45;8664;50,00;
14:07:48;9408;50,00;
14:07:51;9024;50,00;
14:07:54;8832;50,00;
14:08:00;9600;49,99;
14:08:03;9780;49,99;
14:08:06;9228;49,99;
14:08:09;8944;49,99;
14:08:12;9328;50,00;
14:08:15;9644;50,00;
14:08:18;9348;50,00;
14:08:21;9892;50,00;
14:08:24;8796;49,99;
14:08:27;8540;49,99;
14:08:30;8556;49,99;
14:08:33;8748;49,99;
14:08:36;8944;49,99;
14:08:39;9724;49,99;
14:08:42;10528;49,99;
14:08:45;8804;50,00;
14:08:48;8724;50,00;
14:08:51;8316;50,00;
14:08:54;7078;50,00;
14:08:57;6692;50,01;
14:09:00;5426;50,00;
14:09:06;4892;50,01;
14:09:09;4618;50,01;
14:09:12;4440;50,01;
14:09:15;4468;50,01;
14:09:18;4486;50,00;
14:09:21;4404;50,00;
14:09:24;4316;50,00;
14:09:27;4240;50,00;
14:09:30;4196;50,00;
14:09:33;4244;50,00;
14:09:36;4658;50,00;
14:09:39;4996;50,00;
14:09:42;5618;50,00;
14:09:45;5976;50,00;
14:09:48;6490;50,00;
14:09:51;7770;50,00;
14:09:54;8736;50,01;
14:09:57;9384;50,00;
14:10:00;8380;50,01;
14:10:03;7922;50,01;
14:10:06;6536;50,00;
14:10:12;8484;50,00;
14:10:15;9884;50,00;
14:10:18;11096;49,99;
14:10:21;11416;49,99;
14:10:24;11348;49,99;
14:10:27;11336;49,99;
14:10:30;11388;49,99;
14:10:33;11472;49,99;
14:10:36;11488;49,99;
14:10:39;11312;49,99;
14:10:42;10992;49,99;
14:10:45;10892;49,99;
14:10:48;10904;49,99;
14:10:51;10328;49,99;
14:10:57;10832;50,00;
14:11:00;11024;50,00;
14:11:03;10848;50,00;
14:11:06;10872;50,00;
14:11:09;10952;50,00;
14:11:12;10856;50,00;
14:11:15;10880;50,00;
14:11:18;10972;50,01;
14:11:21;11028;50,00;
14:11:24;11116;50,00;
14:11:27;11108;50,00;
14:11:30;11104;50,00;
14:11:33;11016;50,00;
14:11:36;11012;50,01;
14:11:39;11028;50,01;
14:11:42;10940;50,01;
14:11:45;11064;50,01;
14:11:48;11192;50,01;
14:11:51;11148;50,00;
14:11:54;11228;50,00;
14:11:57;11244;50,01;
14:12:03;11032;50,01;
14:12:06;11060;50,01;
14:12:09;10920;50,01;
14:12:12;10908;50,01;
14:12:15;10752;50,00;
14:12:18;10756;50,01;
14:12:21;10688;50,01;
14:12:24;10576;50,01;
14:12:27;10564;50,02;
14:12:30;10460;50,02;
14:12:33;10112;50,02;
14:12:36;10140;50,02;
14:12:42;10208;50,01;
14:12:45;10276;50,01;
14:12:48;10176;50,02;
14:12:51;10408;50,02;
14:12:54;10500;50,02;
14:12:57;10688;50,01;
14:13:00;10560;50,01;
14:13:03;10688;50,01;
14:13:09;10456;50,01;
14:13:12;10380;50,01;
14:13:15;10244;50,01;
14:13:18;10224;50,01;
14:13:21;10228;50,01;
14:13:24;10068;50,01;
14:13:27;9720;50,01;
14:13:30;9640;50,02;
14:13:33;8412;50,02;
14:13:36;7728;50,01;
14:13:39;6560;50,01;
14:13:42;6372;50,01;
14:13:45;6236;50,01;
14:13:48;6238;50,01;
14:13:51;6530;50,01;
14:13:54;7036;50,01;
14:13:57;7572;50,01;
14:14:00;7820;50,01;
14:14:03;8528;50,01;
14:14:06;8752;50,01;
14:14:09;8924;50,01;
14:14:15;10176;50,01;
14:14:18;10496;50,01;
14:14:21;10832;50,01;
14:14:24;10900;50,01;
14:14:27;11112;50,01;
14:14:30;11208;50,00;
14:14:33;11280;50,00;
14:14:36;11368;50,00;
14:14:39;11556;50,01;
14:14:42;11552;50,01;
14:14:45;11576;50,01;
14:14:48;11552;50,02;
14:14:54;11444;50,02;
14:14:57;10628;50,02;
14:15:00;7532;50,01;
14:15:03;7322;50,01;
14:15:06;8304;50,01;
14:15:09;9644;50,01;
14:15:12;11488;50,01;
14:15:15;11712;50,01;
14:15:18;11776;50,01;
14:15:21;11824;50,01;
14:15:24;11476;50,01;
14:15:27;10780;50,01;
14:15:30;9508;50,01;
14:15:33;9412;50,01;
14:15:36;9088;50,00;
14:15:39;7638;50,01;
14:15:42;6200;50,01;
14:15:45;5892;50,01;
14:15:48;6036;50,01;
14:15:51;6024;50,01;
14:15:54;6574;50,01;
14:15:57;6908;50,01;
14:16:00;7076;50,01;
14:16:06;7452;50,02;
14:16:09;7326;50,02;
14:16:12;6524;50,01;
14:16:15;5994;50,01;
14:16:18;5102;50,01;
14:16:21;4842;50,01;
14:16:24;4600;50,01;
14:16:27;4530;50,01;
14:16:30;4626;50,00;
14:16:33;4732;50,00;
14:16:36;4586;50,00;
14:16:39;4474;50,00;
14:16:42;4400;50,01;
14:16:45;4340;50,01;
14:16:48;4334;50,01;
14:16:51;4292;50,01;
14:16:54;4262;50,01;
14:16:57;4216;50,01;
14:17:00;4188;50,01;
14:17:03;4154;50,01;
14:17:06;4110;50,01;
14:17:12;4043;50,01;
14:17:15;4013;50,01;
14:17:18;3978;50,01;
14:17:21;3934;50,00;
14:17:24;3921;50,00;
14:17:27;3901;50,00;
14:17:30;3881;50,00;
14:17:33;3871;50,00;
14:17:36;3812;50,00;
14:17:39;3799;50,00;
14:17:42;3761;50,00;
14:17:45;3736;50,00;
14:17:48;3707;50,01;
14:17:51;3685;50,01;
14:17:54;3658;50,01;
14:17:57;3604;50,01;
14:18:00;3577;50,01;
14:18:03;3543;50,01;
14:18:06;3526;50,02;
14:18:09;3497;50,02;
14:18:12;3475;50,02;
14:18:18;3426;50,01;
14:18:21;3396;50,01;
14:18:24;3371;50,01;
14:18:27;3341;50,01;
14:18:30;3340;50,02;
14:18:33;3342;50,01;
14:18:36;3338;50,01;
14:18:39;3362;50,01;
14:18:42;3325;50,02;
14:18:45;3296;50,02;
14:18:48;3307;50,02;
14:18:51;3317;50,02;
14:18:54;3343;50,02;
14:18:57;3348;50,02;
14:19:00;3328;50,02;
14:19:03;3350;50,02;
14:19:06;3348;50,02;
14:19:09;3347;50,02;
14:19:12;3339;50,02;
14:19:15;3333;50,01;
14:19:18;3323;50,01;
14:19:24;3313;50,01;
14:19:27;3310;50,01;
14:19:30;3301;50,01;
14:19:33;3303;50,01;
14:19:36;3281;50,01;
14:19:39;3305;50,00;
14:19:42;3303;50,00;
14:19:45;3302;50,00;
14:19:48;3278;50,00;
14:19:51;3296;50,01;
14:19:54;3290;50,01;
14:19:57;3284;50,01;
14:20:00;3261;50,01;
14:20:03;3289;50,02;
14:20:09;3297;50,01;
14:20:12;3281;50,01;
14:20:15;3312;50,01;
14:20:18;3310;50,01;
14:20:21;3334;50,01;
14:20:24;3321;50,01;
14:20:27;3350;50,01;
14:20:30;3358;50,00;
14:20:33;3395;50,00;
14:20:36;3400;50,00;
14:20:39;3449;50,01;
14:20:42;3472;50,01;
14:20:45;3517;50,01;
14:20:48;3541;50,01;
14:20:51;3570;50,01;
14:20:54;3644;50,01;
14:20:57;3668;50,00;
14:21:00;3682;50,00;
14:21:03;3732;50,01;
14:21:06;3767;50,01;
14:21:09;3835;50,01;
14:21:15;3939;50,00;
14:21:18;3971;50,01;
14:21:21;3870;50,00;
14:21:24;3851;50,01;
14:21:27;3893;50,01;
14:21:30;3952;50,01;
14:21:33;3993;50,01;
14:21:36;4184;50,01;
14:21:39;4334;50,01;
14:21:42;4318;50,01;
14:21:45;4328;50,01;
14:21:48;4214;50,01;
14:21:51;3999;50,01;
14:21:54;3882;50,01;
14:21:57;3792;50,01;
14:22:00;3814;50,01;
14:22:03;3803;50,02;
14:22:06;3819;50,02;
14:22:09;3822;50,02;
14:22:12;3824;50,01;
14:22:15;3829;50,01;
14:22:21;3840;50,00;
14:22:24;3845;50,00;
14:22:27;3854;49,99;
14:22:30;3860;49,99;
14:22:33;3870;49,99;
14:22:36;3875;50,00;
14:22:39;3859;50,00;
14:22:42;3887;50,00;
14:22:45;3907;50,00;
14:22:48;3913;50,00;
14:22:51;3926;50,00;
14:22:54;3930;50,01;
14:22:57;3944;50,00;
14:23:00;3951;50,01;
14:23:03;3942;50,01;
14:23:06;3974;50,01;
14:23:09;3986;50,01;
14:23:12;3995;50,01;
14:23:15;4011;50,01;
14:23:18;4020;50,01;
14:23:21;4041;50,01;
14:23:27;4078;50,01;
14:23:30;4096;50,01;
14:23:33;4118;50,01;
14:23:36;4144;50,01;
14:23:39;4172;50,01;
14:23:42;4190;50,01;
14:23:45;4204;50,01;
14:23:51;4260;50,01;
14:23:54;4286;50,01;
14:23:57;4302;50,01;
14:24:00;4340;50,01;
14:24:03;4370;50,02;
14:24:06;4402;50,02;
14:24:12;4512;50,03;
14:24:15;4632;50,03;
14:24:18;5370;50,02;
14:24:21;6154;50,02;
14:24:24;8134;50,01;
14:24:27;8948;50,01;
14:24:30;8772;50,01;
14:24:33;8556;50,01;
14:24:36;9400;50,01;
14:24:39;9192;50,01;
14:24:42;7042;50,01;
14:24:45;5762;50,01;
14:24:48;4508;50,01;
14:24:51;4446;50,01;
14:24:54;4414;50,01;
14:24:57;4376;50,01;
14:25:00;4304;50,01;
14:25:03;4276;50,00;
14:25:06;4228;50,01;
14:25:09;4208;50,00;
14:25:12;4168;50,00;
14:25:18;4112;50,01;
14:25:21;4102;50,01;
14:25:24;4079;50,01;
14:25:27;4068;50,01;
14:25:30;4047;50,02;
14:25:33;4042;50,02;
14:25:36;4013;50,01;
14:25:39;4023;50,02;
14:25:42;4003;50,02;
14:25:48;3981;50,02;
14:25:51;3992;50,01;
14:25:54;3977;50,01;
14:25:57;3983;50,01;
14:26:00;3953;50,01;
14:26:03;3972;50,01;
14:26:06;3966;50,01;
14:26:09;3963;50,02;
14:26:12;3960;50,02;
14:26:15;3956;50,02;
14:26:18;3954;50,02;
14:26:24;3952;50,03;
14:26:27;3951;50,03;
14:26:30;3944;50,03;
14:26:33;3949;50,03;
14:26:36;3946;50,02;
14:26:39;3948;50,02;
14:26:42;3950;50,02;
14:26:45;3941;50,02;
14:26:48;3937;50,02;
14:26:51;3949;50,03;
14:26:54;3940;50,03;
14:26:57;3950;50,03;
14:27:00;3934;50,02;
14:27:03;3955;50,02;
14:27:06;3954;50,02;
14:27:09;3958;50,02;
14:27:12;3940;50,01;
14:27:15;3961;50,01;
14:27:18;3957;50,01;
14:27:21;3968;50,01;
14:27:24;3955;50,01;
14:27:30;3971;50,01;
14:27:33;3983;50,01;
14:27:36;3967;50,01;
14:27:39;3988;50,01;
14:27:42;3978;50,01;
14:27:45;3992;50,01;
14:27:48;3994;50,01;
14:27:51;3979;50,01;
14:27:54;3989;50,01;
14:27:57;4000;50,01;
14:28:00;3990;50,02;
14:28:03;4008;50,02;
14:28:06;3997;50,01;
14:28:09;4013;50,02;
14:28:12;4015;50,02;
14:28:15;4019;50,01;
14:28:18;4004;50,02;
14:28:21;4021;50,02;
14:28:24;4009;50,03;
14:28:27;4022;50,03;
14:28:30;4005;50,03;
14:28:36;4019;50,03;
14:28:39;4013;50,03;
14:28:42;4021;50,03;
14:28:45;4015;50,03;
14:28:48;4020;50,03;
14:28:51;4006;50,03;
14:28:54;4022;50,03;
14:28:57;4017;50,03;
14:29:00;4025;50,03;
14:29:03;4013;50,03;
14:29:06;4028;50,03;
14:29:09;4019;50,02;
14:29:12;4034;50,02;
14:29:15;4021;50,01;
14:29:21;4037;50,01;
14:29:24;4057;50,01;
14:29:27;4054;50,01;
14:29:30;4081;50,02;
14:29:33;4090;50,02;
14:29:36;4114;50,02;
14:29:39;4130;50,02;
14:29:42;4128;50,02;
14:29:45;4208;50,02;
14:29:48;4262;50,02;
14:29:51;4312;50,02;
14:29:54;4404;50,02;
14:29:57;4472;50,02;
14:30:00;4510;50,02;
14:30:03;4554;50,02;
14:30:06;4608;50,02;
14:30:09;4606;50,01;
14:30:12;4634;50,01;
14:30:15;4630;50,01;
14:30:18;4684;50,01;
14:30:21;4752;50,01;
14:30:27;5538;50,00;
14:30:30;5802;50,00;
14:30:33;5620;50,00;
14:30:36;5704;50,00;
14:30:39;6358;50,00;
14:30:42;6784;50,00;
14:30:45;7544;50,00;
14:30:48;7934;50,00;
14:30:51;5804;50,01;
14:30:54;5216;50,01;
14:30:57;5052;50,01;
14:31:00;5014;50,01;
14:31:03;5094;50,00;
14:31:06;5190;50,00;
14:31:09;5348;50,00;
14:31:12;5980;50,00;
14:31:15;6942;50,01;
14:31:18;7676;50,01;
14:31:21;9384;50,00;
14:31:24;9968;50,00;
14:31:27;11260;49,99;
14:31:33;10868;50,00;
14:31:36;10852;50,00;
14:31:39;11332;50,00;
14:31:42;10308;50,00;
14:31:45;7758;49,99;
14:31:48;7442;49,99;
14:31:51;7340;49,99;
14:31:54;7484;49,99;
14:31:57;8208;49,98;
14:32:00;8244;49,99;
14:32:03;5810;50,00;
14:32:06;5190;50,00;
14:32:09;4730;50,00;
14:32:12;4654;50,00;
14:32:15;4568;50,00;
14:32:18;4330;50,00;
14:32:21;4316;50,00;
14:32:24;4350;50,00;
14:32:30;4374;50,00;
14:32:33;4354;50,00;
14:32:39;4236;50,00;
14:32:42;4194;50,00;
14:32:45;4210;50,00;
14:32:48;4206;50,00;
14:32:51;4200;50,00;
14:32:54;4170;50,01;
14:32:57;4190;50,00;
14:33:00;4192;50,00;
14:33:03;4176;50,00;
14:33:06;4146;50,00;
14:33:09;4168;49,99;
14:33:12;4174;49,99;
14:33:15;4196;49,99;
14:33:18;4326;49,99;
14:33:24;4950;49,98;
14:33:27;5150;49,98;
14:33:30;4612;49,98;
14:33:33;4430;49,98;
14:33:36;4454;49,98;
14:33:39;4630;49,97;
14:33:42;4702;49,97;
14:33:45;4548;49,97;
14:33:48;4274;49,97;
14:33:51;4200;49,97;
14:33:54;4494;49,98;
14:33:57;4700;49,98;
14:34:00;4822;49,98;
14:34:03;5058;49,98;
14:34:06;4966;49,98;
14:34:09;4242;50,00;
14:34:12;4095;50,00;
14:34:15;4258;50,00;
14:34:18;4444;50,00;
14:34:21;4546;50,00;
14:34:24;5186;50,01;
14:34:30;5486;50,00;
14:34:33;4882;50,00;
14:34:36;4244;50,00;
14:34:39;4053;50,00;
14:34:42;3896;50,00;
14:34:45;3876;50,00;
14:34:48;3795;50,01;
14:34:51;3728;50,00;
14:34:54;3653;50,00;
14:34:57;3627;50,00;
14:35:00;3612;50,00;
14:35:03;3584;50,00;
14:35:06;3571;50,00;
14:35:09;3541;50,00;
14:35:12;3548;50,00;
14:35:15;3522;50,00;
14:35:18;3510;50,01;
14:35:21;3484;50,01;
14:35:24;3488;50,00;
14:35:27;3473;50,00;
14:35:30;3468;50,00;
14:35:36;3455;50,00;
14:35:39;3442;50,00;
14:35:42;3447;50,00;
14:35:45;3427;50,00;
14:35:48;3448;50,01;
14:35:51;3442;50,01;
14:35:54;3451;50,02;
14:35:57;3453;50,01;
14:36:00;3460;50,01;
14:36:03;3450;50,01;
14:36:06;3465;50,01;
14:36:09;3451;50,01;
14:36:12;3473;50,01;
14:36:15;3466;50,01;
14:36:18;3480;50,01;
14:36:21;3474;50,01;
14:36:24;3503;50,01;
14:36:27;3498;50,01;
14:36:30;3523;50,01;
14:36:33;3518;50,00;
14:36:36;3550;50,00;
14:36:42;3577;50,00;
14:36:45;3572;50,00;
14:36:48;3605;50,00;
14:36:51;3615;50,00;
14:36:54;3636;50,01;
14:36:57;3638;50,01;
14:37:00;3648;50,00;
14:37:03;3665;50,00;
14:37:06;3694;50,01;
14:37:09;3705;50,01;
14:37:12;3724;50,00;
14:37:15;3733;50,00;
14:37:18;3752;50,00;
14:37:21;3759;50,00;
14:37:24;3755;50,00;
14:37:27;3789;50,00;
14:37:30;3808;50,01;
14:37:33;3820;50,01;
14:37:36;3839;50,01;
14:37:39;3849;50,01;
14:37:42;3870;50,00;
14:37:48;3882;50,00;
14:37:51;3912;50,00;
14:37:54;3905;50,00;
14:37:57;3945;50,00;
14:38:00;3949;50,00;
14:38:03;4020;50,00;
14:38:06;4023;49,99;
14:38:09;4038;49,99;
14:38:12;4031;49,99;
14:38:15;4062;49,99;
14:38:18;4056;49,99;
14:38:21;4078;49,99;
14:38:24;4067;50,00;
14:38:27;4104;50,00;
14:38:33;4095;50,00;
14:38:36;4072;50,00;
14:38:39;4083;50,00;
14:38:42;4069;50,00;
14:38:45;4078;50,01;
14:38:48;4058;50,01;
14:38:51;4074;50,01;
14:38:54;4071;50,01;
14:38:57;4065;50,00;
14:39:00;4041;50,01;
14:39:03;4056;50,01;
14:39:06;4043;50,01;
14:39:09;4059;50,01;
14:39:12;4040;50,01;
14:39:15;4061;50,01;
14:39:18;4054;50,01;
14:39:21;4074;50,00;
14:39:24;4053;50,00;
14:39:27;4081;50,01;
14:39:30;4074;50,01;
14:39:33;4092;50,01;
14:39:39;4102;50,01;
14:39:42;4095;50,01;
14:39:45;4114;50,01;
14:39:48;4108;50,01;
14:39:51;4130;50,01;
14:39:54;4126;50,01;
14:39:57;4134;50,01;
14:40:00;4144;50,01;
14:40:03;4156;50,00;
14:40:06;4154;50,00;
14:40:09;4166;50,00;
14:40:12;4170;50,00;
14:40:15;4174;50,00;
14:40:18;4178;50,00;
14:40:21;4170;50,00;
14:40:24;4184;50,00;
14:40:27;4188;50,00;
14:40:30;4190;50,00;
14:40:33;4194;50,00;
14:40:36;4196;50,00;
14:40:39;4198;50,00;
14:40:45;4202;50,00;
14:40:48;4206;50,00;
14:40:51;4210;50,00;
14:40:54;4214;49,99;
14:40:57;4220;49,99;
14:41:00;4226;49,99;
14:41:03;4206;49,99;
14:41:06;4236;50,00;
14:41:09;4256;50,00;
14:41:12;4264;50,01;
14:41:15;4282;50,01;
14:41:18;4292;50,01;
14:41:21;4314;50,01;
14:41:24;4328;50,00;
14:41:27;4320;50,00;
14:41:30;4378;50,00;
14:41:33;4414;50,00;
14:41:36;4440;50,00;
14:41:39;4546;50,01;
14:41:42;4736;50,01;
14:41:45;5492;50,01;
14:41:51;6564;50,01;
14:41:54;6396;50,01;
14:41:57;5230;50,01;
14:42:00;4858;50,01;
14:42:03;4710;50,01;
14:42:06;4696;50,01;
14:42:09;4736;50,01;
14:42:12;4714;50,01;
14:42:15;4610;50,01;
14:42:18;4556;50,01;
14:42:21;4540;50,00;
14:42:24;4510;50,00;
14:42:27;4496;50,00;
14:42:30;4468;50,00;
14:42:36;4434;50,00;
14:42:39;4400;50,00;
14:42:42;4414;49,99;
14:42:45;4396;49,99;
14:42:48;4408;50,00;
14:42:51;4398;50,00;
14:42:54;4396;50,00;
14:42:57;4408;50,00;
14:43:00;4414;50,00;
14:43:03;4416;50,00;
14:43:06;4426;50,00;
14:43:09;4430;50,00;
14:43:12;4450;49,99;
14:43:15;4462;49,99;
14:43:18;4450;49,99;
14:43:21;4500;49,98;
14:43:24;4534;49,98;
14:43:27;4552;49,99;
14:43:30;4576;49,99;
14:43:33;4588;49,99;
14:43:36;4616;49,99;
14:43:42;4674;50,00;
14:43:45;4698;50,00;
14:43:48;4842;49,99;
14:43:51;5070;49,99;
14:43:54;5814;49,98;
14:43:57;6342;49,99;
14:44:00;7038;49,98;
14:44:03;7644;49,98;
14:44:06;8520;49,99;
14:44:09;7484;49,99;
14:44:12;7170;49,99;
14:44:15;7164;50,00;
14:44:18;6292;49,99;
14:44:21;6036;49,99;
14:44:24;5778;49,99;
14:44:27;5504;49,99;
14:44:30;5540;49,99;
14:44:33;5780;49,99;
14:44:36;6302;49,99;
14:44:39;6286;49,99;
14:44:42;5848;50,00;
14:44:48;5292;50,00;
14:44:51;5452;50,00;
14:44:54;6082;50,00;
14:44:57;6614;50,00;
14:45:00;6560;50,01;
14:45:03;6350;50,01;
14:45:06;6894;50,01;
14:45:09;7576;50,01;
14:45:12;6696;50,01;
14:45:15;7404;50,00;
14:45:18;8088;50,00;
14:45:21;8284;50,00;
14:45:24;9176;50,01;
14:45:27;9904;50,01;
14:45:30;9696;50,01;
14:45:33;9260;50,00;
14:45:36;9524;50,00;
14:45:39;9764;50,00;
14:45:42;9792;50,00;
14:45:45;9064;50,00;
14:45:48;8028;50,00;
14:45:54;8572;50,00;
14:45:57;9124;50,00;
14:46:00;9340;50,00;
14:46:03;9244;50,00;
14:46:06;7698;50,00;
14:46:09;6114;50,00;
14:46:12;5116;50,00;
14:46:15;4618;50,00;
14:46:18;4021;49,99;
14:46:21;3939;49,99;
14:46:24;3796;49,98;
14:46:27;3755;49,98;
14:46:30;3673;49,98;
14:46:33;3666;49,98;
14:46:36;3644;49,98;
14:46:39;3614;49,98;
14:46:42;3582;49,99;
14:46:45;3600;49,99;
14:46:48;3601;49,99;
14:46:51;3619;49,99;
14:46:54;3638;49,99;
14:46:57;3633;49,99;
14:47:00;3663;50,00;
14:47:03;3678;50,00;
14:47:06;3690;50,00;
14:47:09;3712;50,00;
14:47:12;3727;50,00;
14:47:15;3750;50,00;
14:47:18;3759;50,00;
14:47:21;3757;50,00;
14:47:24;3780;50,00;
14:47:27;3791;50,00;
14:47:30;3787;50,00;
14:47:33;3775;50,01;
14:47:36;3775;50,00;
14:47:39;3766;50,00;
14:47:45;3749;50,00;
14:47:48;3750;50,00;
14:47:51;3758;50,00;
14:47:54;3751;50,00;
14:47:57;3723;50,00;
14:48:00;3727;50,00;
14:48:03;3711;50,00;
14:48:06;3714;50,00;
14:48:09;3689;50,01;
14:48:12;3697;50,01;
14:48:15;3679;50,01;
14:48:18;3688;50,01;
14:48:21;3675;50,01;
14:48:24;3683;50,00;
14:48:27;3676;50,00;
14:48:30;3668;50,00;
14:48:33;3649;50,00;
14:48:36;3658;49,99;
14:48:39;3633;49,99;
14:48:42;3645;49,99;
14:48:45;3625;49,99;
14:48:51;3613;50,00;
14:48:54;3621;50,01;
14:48:57;3597;50,01;
14:49:00;3603;50,01;
14:49:03;3578;50,00;
14:49:06;3589;50,00;
14:49:09;3588;50,00;
14:49:12;3573;50,00;
14:49:15;3558;50,00;
14:49:18;3569;50,00;
14:49:21;3556;49,99;
14:49:24;3568;49,99;
14:49:27;3560;49,99;
14:49:30;3577;49,99;
14:49:33;3583;49,99;
14:49:36;3593;49,99;
14:49:39;3596;49,99;
14:49:42;3620;49,99;
14:49:45;3660;49,99;
14:49:48;3755;49,99;
14:49:51;3811;49,99;
14:49:57;3794;49,98;
14:50:00;3743;49,98;
14:50:03;3726;49,98;
14:50:06;3721;49,98;
14:50:09;3734;49,99;
14:50:12;3739;50,00;
14:50:15;3743;50,00;
14:50:18;3756;50,00;
14:50:21;3799;50,00;
14:50:24;3780;50,00;
14:50:27;3791;50,00;
14:50:30;3803;50,00;
14:50:33;3845;50,00;
14:50:36;3844;50,00;
14:50:39;3881;50,00;
14:50:42;3954;50,00;
14:50:45;4192;50,00;
14:50:48;4234;50,01;
14:50:51;4498;50,00;
14:50:54;4504;50,00;
14:50:57;4650;50,00;
14:51:03;4728;50,00;
14:51:06;4718;50,00;
14:51:09;5270;50,00;
14:51:12;5372;50,00;
14:51:15;4988;50,00;
14:51:18;4940;50,00;
14:51:21;4972;50,00;
14:51:24;4720;50,00;
14:51:27;4730;50,00;
14:51:30;5546;50,00;
14:51:33;5848;50,00;
14:51:36;5012;50,00;
14:51:39;4664;50,00;
14:51:42;4378;50,00;
14:51:48;4152;50,00;
14:51:51;4013;50,00;
14:51:54;3831;50,01;
14:51:57;3821;50,01;
14:52:00;3798;50,01;
14:52:03;3783;50,01;
14:52:06;3802;50,01;
14:52:09;3815;50,01;
14:52:12;3803;50,00;
14:52:15;3814;50,00;
14:52:18;3821;50,00;
14:52:21;3845;50,00;
14:52:24;3847;50,00;
14:52:27;3873;50,00;
14:52:30;3883;50,00;
14:52:33;3906;50,01;
14:52:36;3920;50,01;
14:52:39;3959;50,01;
14:52:42;3973;50,00;
14:52:45;3992;50,01;
14:52:48;3999;50,00;
14:52:54;4057;50,00;
14:52:57;4089;50,00;
14:53:00;4096;50,00;
14:53:03;4116;50,00;
14:53:06;4152;50,00;
14:53:09;4182;50,00;
14:53:12;4196;50,00;
14:53:15;4214;50,00;
14:53:18;4714;50,00;
14:53:21;4980;50,00;
14:53:24;5006;50,00;
14:53:27;4726;50,00;
14:53:30;4296;49,99;
14:53:33;4206;49,98;
14:53:36;4226;49,98;
14:53:39;4242;49,98;
14:53:42;4254;49,98;
14:53:45;4250;49,98;
14:53:48;4258;49,98;
14:53:51;4234;49,98;
14:53:54;4262;49,98;
14:54:00;4268;49,98;
14:54:03;4250;49,98;
14:54:06;4288;49,98;
14:54:09;4286;49,98;
14:54:12;4312;49,98;
14:54:15;4296;49,98;
14:54:18;4332;49,98;
14:54:21;4340;49,99;
14:54:24;4372;49,99;
14:54:27;4358;49,99;
14:54:30;4404;50,00;
14:54:33;4406;50,00;
14:54:36;4432;50,00;
14:54:39;4412;50,00;
14:54:42;4452;49,99;
14:54:45;4468;50,00;
14:54:48;4506;50,00;
14:54:51;4496;50,00;
14:54:54;4554;50,00;
14:54:57;4556;50,00;
14:55:00;4602;50,00;
14:55:06;4652;50,00;
14:55:09;4658;50,00;
14:55:12;4712;50,01;
14:55:15;4722;50,01;
14:55:18;4764;50,01;
14:55:21;4778;50,01;
14:55:24;4798;50,00;
14:55:27;4816;50,00;
14:55:30;4874;50,00;
14:55:33;4892;50,00;
14:55:36;4944;50,00;
14:55:39;4932;50,00;
14:55:42;5016;50,00;
14:55:45;5034;50,00;
14:55:51;5094;50,00;
14:55:54;5156;50,00;
14:55:57;5212;50,00;
14:56:00;5242;50,00;
14:56:03;5292;49,99;
14:56:06;5350;49,99;
14:56:09;5400;49,99;
14:56:12;5456;49,99;
14:56:15;5682;50,00;
14:56:18;5792;50,00;
14:56:21;6128;50,00;
14:56:24;6206;50,00;
14:56:30;6186;50,00;
14:56:33;6324;50,00;
14:56:36;6984;50,00;
14:56:39;7684;50,00;
14:56:42;7782;50,00;
14:56:45;8220;50,00;
14:56:48;8640;50,00;
14:56:51;9212;50,00;
14:56:57;7912;49,99;
14:57:00;7840;50,00;
14:57:03;7868;50,00;
14:57:06;7612;50,00;
14:57:09;7356;50,00;
14:57:12;6964;50,00;
14:57:15;6834;50,00;
14:57:18;6778;50,00;
14:57:21;6948;50,00;
14:57:24;6880;50,00;
14:57:27;6142;50,00;
14:57:30;5798;50,00;
14:57:33;5458;50,00;
14:57:36;5434;50,00;
14:57:39;5352;50,00;
14:57:42;5330;50,01;
14:57:45;5272;50,01;
14:57:48;5274;50,01;
14:57:51;5238;50,01;
14:57:54;5208;50,01;
14:57:57;5190;50,01;
14:58:03;5170;50,01;
14:58:06;5160;50,01;
14:58:09;5178;50,01;
14:58:12;5170;50,01;
14:58:15;5198;50,01;
14:58:18;5204;50,01;
14:58:21;5196;50,01;
14:58:24;5232;50,01;
14:58:27;5616;50,01;
14:58:30;6012;50,01;
14:58:33;6486;50,01;
14:58:36;6438;50,01;
14:58:39;6532;50,00;
14:58:42;6740;50,01;
14:58:45;6782;50,01;
14:58:48;5822;50,01;
14:58:51;5488;50,01;
14:58:54;5526;50,01;
14:58:57;6502;50,00;
14:58:59;7156;50,00;
14:59:01;5934;50,00;
14:59:07;5320;50,00;
14:59:10;5110;50,01;
14:59:13;4954;50,01;
14:59:16;4844;50,01;
14:59:19;4758;50,01;
14:59:25;4638;50,00;
14:59:31;4524;50,00;
14:59:37;4456;50,00;
14:59:43;4394;50,00;
14:59:46;4392;50,00;
14:59:48;4362;50,00;
14:59:50;4322;50,00;
14:59:53;4306;50,00;
14:59:55;4278;50,00;
14:59:57;4270;50,00;
15:00:03;4242;50,00;
15:00:06;4226;50,00;
15:00:09;4196;49,99;
15:00:15;4160;50,00;
15:00:18;4148;50,00;
15:00:21;4126;50,00;
15:00:24;4116;50,01;
15:00:27;4085;50,00;
15:00:30;4081;50,00;
15:00:33;4057;50,00;
15:00:36;4062;50,00;
15:00:39;4027;50,00;
15:00:42;4026;50,00;
15:00:45;4006;50,01;
15:00:48;4013;50,01;
15:00:51;3992;50,01;
15:00:53;4008;50,02;
15:00:58;3996;50,01;
15:01:01;4013;50,01;
15:01:06;4021;50,01;
15:01:09;4015;50,01;
15:01:12;4023;50,01;
15:01:15;4011;50,01;
15:01:18;4021;50,00;
15:01:24;4016;49,99;
15:01:26;4009;49,99;
15:01:28;4012;49,99;
15:01:33;3986;49,99;
15:01:35;3997;49,99;
15:01:37;3992;49,99;
15:01:41;3974;49,99;
15:01:43;3977;49,99;
15:01:46;3953;50,00;
15:01:49;3966;50,00;
15:01:52;3949;50,00;
15:01:54;3963;50,00;
15:01:56;3947;50,00;
15:02:02;3966;50,00;
15:02:04;3979;50,00;
15:02:10;3972;50,00;
15:02:14;4004;50,00;
15:02:17;3995;50,00;
15:02:20;4011;50,00;
15:02:23;3996;50,00;
15:02:26;4018;50,00;
15:02:29;4009;49,99;
15:02:32;4024;49,98;
15:02:35;4007;49,98;
15:02:39;4028;49,98;
15:02:41;4035;49,98;
15:02:43;4040;49,98;
15:02:48;4024;49,98;
15:02:50;4048;49,98;
15:02:56;4067;49,98;
15:02:59;4053;49,99;
15:03:02;4080;50,00;
15:03:05;4071;50,00;
15:03:08;4096;50,00;
15:03:12;4098;50,00;
15:03:15;4114;50,00;
15:03:18;4124;50,00;
15:03:21;4130;50,00;
15:03:24;4122;50,00;
15:03:27;4144;50,00;
15:03:30;4146;50,00;
15:03:33;4150;50,00;
15:03:35;4146;50,00;
15:03:37;4172;50,00;
15:03:40;4176;49,99;
15:03:43;4170;49,99;
15:03:46;4192;50,00;
15:03:48;4178;50,00;
15:03:50;4204;50,00;
15:03:56;4218;49,99;
15:03:59;4222;49,99;
15:04:01;4228;49,99;
15:04:02;4234;50,00;
15:04:05;4224;50,00;
15:04:07;4240;50,00;
15:04:10;4236;50,00;
15:04:12;4238;50,00;
15:04:14;4250;50,00;
15:04:20;4258;50,00;
15:04:23;4260;50,00;
15:04:26;4268;50,00;
15:04:28;4268;49,99;
15:04:29;4280;49,99;
15:04:36;4284;49,98;
15:04:41;4266;49,98;
15:04:45;4294;49,98;
15:04:49;4276;49,99;
15:04:51;4306;49,99;
15:04:53;4298;49,99;
15:04:59;4310;49,99;
15:05:01;4312;49,99;
15:05:09;4310;49,99;
15:05:16;4312;49,99;
15:05:19;4304;50,00;
15:05:25;4290;50,00;
15:05:28;4316;50,00;
15:05:31;4294;50,01;
15:05:33;4304;50,01;
15:05:35;4278;50,01;
15:05:41;4300;50,01;
15:05:47;4300;50,00;
15:05:54;4300;50,01;
15:05:58;4306;50,01;
15:06:00;4294;50,00;
15:06:02;4326;50,00;
15:06:06;4336;50,00;
15:06:09;4358;50,00;
15:06:12;4364;50,00;
15:06:14;4366;50,00;
15:06:17;4384;50,00;
15:06:19;4402;50,01;
15:06:23;4406;50,00;
15:06:31;4416;50,00;
15:06:34;4456;49,98;
15:06:36;4502;49,98;
15:06:37;4496;49,98;
15:06:41;4544;49,98;
15:06:44;4570;49,98;
15:06:46;4638;49,99;
15:06:51;4686;49,99;
15:06:54;4786;49,99;
15:06:57;4872;49,99;
15:07:00;4922;49,99;
15:07:02;4990;50,00;
15:07:03;5076;50,00;
15:07:06;5164;50,01;
15:07:08;5278;50,01;
15:07:14;5478;50,01;
15:07:18;5848;50,01;
15:07:21;6118;50,01;
15:07:24;6284;50,01;
15:07:26;6462;50,00;
15:07:28;6608;50,00;
15:07:30;6924;50,00;
15:07:37;7412;50,00;
15:07:40;7878;49,99;
15:07:43;7238;49,98;
15:07:45;6308;49,98;
15:07:49;6156;49,98;
15:07:55;6312;49,98;
15:07:56;6744;49,98;
15:07:58;7564;49,98;
15:08:00;7808;49,98;
15:08:02;8084;49,98;
15:08:03;8248;49,98;
15:08:07;8168;49,99;
15:08:09;7922;49,99;
15:08:10;7278;49,99;
15:08:16;7082;49,99;
15:08:19;7336;50,00;
15:08:22;7974;50,00;
15:08:26;8022;50,00;
15:08:29;8016;49,99;
15:08:32;8134;49,99;
15:08:34;8078;49,99;
15:08:37;8054;49,99;
15:08:40;8010;49,99;
15:08:44;7528;49,99;
15:08:48;7300;49,99;
15:08:51;7552;49,98;
15:08:54;7290;49,98;
15:08:55;7012;49,98;
15:08:59;7002;49,99;
15:09:02;6996;49,99;
15:09:04;7462;50,00;
15:09:07;7320;50,00;
15:09:10;6928;50,00;
15:09:13;7294;50,00;
15:09:16;8216;50,00;
15:09:19;8340;50,00;
15:09:22;8368;50,00;
15:09:24;8244;50,00;
15:09:28;8154;50,01;
15:09:31;8308;50,00;
15:09:34;8240;50,00;
15:09:35;8014;50,00;
15:09:41;7682;50,00;
15:09:44;7664;50,00;
15:09:45;7670;50,00;
15:09:52;7990;50,00;
15:09:56;8380;49,99;
15:09:59;8188;50,00;
15:10:02;8152;50,00;
15:10:04;8036;50,00;
15:10:10;7986;50,00;
15:10:14;7478;50,00;
15:10:17;7484;50,01;
15:10:20;7414;50,01;
15:10:24;7516;50,01;
15:10:28;7544;50,01;
15:10:31;7502;50,01;
15:10:34;7506;50,02;
15:10:35;8000;50,02;
15:10:41;8820;50,02;
15:10:44;8936;50,01;
15:10:45;8308;50,01;
15:10:51;8300;50,01;
15:10:54;8248;50,00;
15:10:55;8150;50,01;
15:11:02;7816;50,01;
15:11:06;7674;50,01;
15:11:09;7692;50,01;
15:11:12;7800;50,01;
15:11:16;7816;50,01;
15:11:19;7754;50,00;
15:11:22;7798;50,00;
15:11:26;7882;50,00;
15:11:27;7690;50,00;
15:11:34;7434;49,99;
15:11:40;7306;49,99;
15:11:44;6822;50,00;
15:11:47;6556;50,00;
15:11:50;6394;50,00;
15:11:53;6478;50,00;
15:11:56;6420;50,00;
15:11:59;6552;50,00;
15:12:02;6494;50,01;
15:12:05;6528;50,01;
15:12:08;6404;50,01;
15:12:11;6310;50,01;
15:12:14;6318;50,01;
15:12:15;6152;50,00;
15:12:21;5850;50,00;
15:12:24;5500;50,00;
15:12:27;5362;50,00;
15:12:30;5192;50,00;
15:12:33;4984;50,00;
15:12:34;4906;50,00;
15:12:37;4882;50,00;
15:12:40;4916;50,00;
15:12:44;4972;50,00;
15:12:47;5000;50,00;
15:12:50;4922;50,01;
15:12:53;4916;50,01;
15:12:56;5040;50,01;
15:12:59;5208;50,02;
15:13:02;5174;50,01;
15:13:06;5164;50,02;
15:13:09;5018;50,02;
15:13:12;4892;50,03;
15:13:15;4696;50,02;
15:13:18;4528;50,02;
15:13:21;4310;50,01;
15:13:24;4256;50,01;
15:13:25;4194;50,01;
15:13:31;4062;50,00;
15:13:37;4013;50,00;
15:13:40;4004;50,01;
15:13:44;3956;50,01;
15:13:47;3972;50,01;
15:13:50;3964;50,01;
15:13:53;3948;50,01;
15:13:56;3919;50,01;
15:13:59;3946;50,01;
15:14:02;3945;50,01;
15:14:05;3955;50,01;
15:14:08;3950;50,01;
15:14:14;4038;50,01;
15:14:17;4090;50,01;
15:14:20;4200;50,01;
15:14:23;4292;50,01;
15:14:26;4550;50,00;
15:14:27;4612;50,00;
15:14:30;4684;50,00;
15:14:36;5728;50,01;
15:14:39;5956;50,01;
15:14:42;6000;50,00;
15:14:45;5940;50,01;
15:14:48;5946;50,01;
15:14:51;5654;50,01;
15:14:54;5528;50,01;
15:14:55;5418;50,01;
15:14:59;5292;50,01;
15:15:02;5652;50,01;
15:15:05;5710;50,01;
15:15:11;5604;50,01;
15:15:14;5464;50,00;
15:15:20;6290;50,00;
15:15:23;6390;50,01;
15:15:26;6282;50,01;
15:15:29;6120;50,01;
15:15:32;6000;50,01;
15:15:35;5922;50,00;
15:15:38;5870;50,00;
15:15:41;5884;50,00;
15:15:42;6000;50,00;
15:15:48;5976;50,01;
15:15:51;5904;50,01;
15:15:54;5988;50,00;
15:15:55;6058;50,00;
15:15:58;6068;50,00;
15:16:04;5680;50,01;
15:16:07;5456;50,01;
15:16:10;5138;50,01;
15:16:13;5118;50,01;
15:16:14;5002;50,01;
15:16:20;4924;50,01;
15:16:26;4676;50,01;
15:16:29;4536;50,01;
15:16:32;4352;50,01;
15:16:36;4298;50,01;
15:16:39;4242;50,01;
15:16:42;4214;50,01;
15:16:49;4246;50,01;
15:16:52;4348;50,01;
15:16:54;4400;50,01;
15:16:57;4470;50,01;
15:17:00;4670;50,01;
15:17:03;4780;50,02;
15:17:06;4952;50,02;
15:17:09;5296;50,02;
15:17:12;6200;50,02;
15:17:15;6442;50,02;
15:17:18;6452;50,02;
15:17:21;6404;50,01;
15:17:24;6480;50,01;
15:17:27;6526;50,01;
15:17:30;6538;50,01;
15:17:33;6306;50,01;
15:17:36;6208;50,01;
15:17:39;6274;50,01;
15:17:42;6278;50,01;
15:17:45;6220;50,01;
15:17:48;6120;50,01;
15:17:54;6334;50,01;
15:17:57;6452;50,01;
15:18:00;6510;50,01;
15:18:04;6580;50,01;
15:18:07;6554;50,01;
15:18:10;6538;50,01;
15:18:16;6638;50,02;
15:18:19;6658;50,02;
15:18:22;6668;50,01;
15:18:26;6532;50,01;
15:18:29;6666;50,01;
15:18:32;6674;50,01;
15:18:35;6638;50,01;
15:18:38;6678;50,00;
15:18:41;6766;50,01;
15:18:45;6920;50,01;
15:18:51;7096;50,01;
15:18:54;7170;50,01;
15:18:57;7190;50,02;
15:19:00;7212;50,02;
15:19:03;7288;50,02;
15:19:06;7316;50,02;
15:19:09;7386;50,02;
15:19:12;7432;50,02;
15:19:15;7422;50,02;
15:19:18;7414;50,02;
15:19:24;7460;50,02;
15:19:27;7444;50,01;
15:19:30;7412;50,02;
15:19:33;7236;50,01;
15:19:36;6794;50,01;
15:19:39;6320;50,02;
15:19:45;7022;50,03;
15:19:48;7126;50,03;
15:19:51;7108;50,03;
15:19:54;7014;50,03;
15:19:55;6760;50,03;
15:20:01;6812;50,03;
15:20:07;7024;50,02;
15:20:10;7108;50,03;
15:20:13;7150;50,03;
15:20:16;7186;50,02;
15:20:19;7456;50,02;
15:20:22;7512;50,02;
15:20:25;7600;50,02;
15:20:28;7654;50,01;
15:20:31;7792;50,01;
15:20:34;7876;50,01;
15:20:35;7834;50,01;
15:20:41;7874;50,02;
15:20:44;7846;50,02;
15:20:45;7704;50,03;
15:20:51;7496;50,02;
15:20:54;7492;50,02;
15:20:55;7414;50,01;
15:21:01;7286;50,01;
15:21:04;7180;50,02;
15:21:05;6958;50,03;
15:21:11;6936;50,02;
15:21:14;6742;50,02;
15:21:15;6754;50,01;
15:21:21;7022;50,01;
15:21:24;7044;50,01;
15:21:27;7270;50,01;
15:21:30;7428;50,02;
15:21:33;7460;50,01;
15:21:36;7566;50,02;
15:21:39;7578;50,02;
15:21:42;7656;50,02;
15:21:45;7694;50,02;
15:21:48;7718;50,02;
15:21:51;7692;50,02;
15:21:57;7740;50,03;
15:22:00;7806;50,03;
15:22:03;7764;50,03;
15:22:06;7842;50,03;
15:22:09;7968;50,03;
15:22:12;8072;50,03;
15:22:15;8136;50,02;
15:22:18;8124;50,02;
15:22:21;8108;50,02;
15:22:24;8086;50,02;
15:22:27;8002;50,02;
15:22:30;8066;50,02;
15:22:33;8064;50,02;
15:22:36;8028;50,02;
15:22:39;8024;50,02;
15:22:42;7862;50,02;
15:22:45;7566;50,02;
15:22:48;6642;50,02;
15:22:51;5770;50,03;
15:22:54;5956;50,03;
15:22:57;6442;50,03;
15:23:00;6558;50,03;
15:23:03;6668;50,03;
15:23:06;7632;50,03;
15:23:09;7986;50,03;
15:23:12;7628;50,03;
15:23:15;7728;50,03;
15:23:18;7882;50,03;
15:23:21;7796;50,03;
15:23:24;7696;50,03;
15:23:27;7692;50,03;
15:23:30;7566;50,02;
15:23:33;7588;50,02;
15:23:36;7486;50,01;
15:23:39;7544;50,01;
15:23:42;7764;50,01;
15:23:48;7992;50,01;
15:23:51;8066;50,01;
15:23:54;8180;50,01;
15:23:57;8204;50,01;
15:24:00;8108;50,00;
15:24:03;8134;50,01;
15:24:06;8144;50,01;
15:24:09;8208;50,01;
15:24:12;8000;50,01;
15:24:15;7990;50,01;
15:24:18;7964;50,01;
15:24:21;7944;50,01;
15:24:24;7846;50,02;
15:24:27;7950;50,02;
15:24:30;7924;50,02;
15:24:33;7416;50,01;
15:24:36;7300;50,02;
15:24:39;7002;50,02;
15:24:42;6638;50,02;
15:24:45;6944;50,03;
15:24:48;7342;50,02;
15:24:54;7298;50,01;
15:24:57;7260;50,01;
15:25:00;7158;50,01;
15:25:03;7176;50,01;
15:25:06;7078;50,01;
15:25:09;7090;50,01;
15:25:12;7018;50,01;
15:25:15;6918;50,01;
15:25:18;6782;50,01;
15:25:21;6708;50,01;
15:25:24;6426;50,01;
15:25:27;6370;50,01;
15:25:30;6246;50,01;
15:25:33;6260;50,01;
15:25:36;6104;50,01;
15:25:39;6160;50,01;
15:25:42;6076;50,01;
15:25:45;5876;50,01;
15:25:48;5064;50,01;
15:25:51;5102;50,00;
15:25:54;4882;50,00;
15:26:00;4512;50,00;
15:26:03;4432;50,00;
15:26:06;4202;49,99;
15:26:09;4200;50,00;
15:26:12;4418;50,00;
15:26:15;4592;50,00;
15:26:18;4862;50,00;
15:26:21;4946;50,01;
15:26:24;4242;50,00;
15:26:27;3927;50,00;
15:26:30;3760;50,00;
15:26:33;3722;50,00;
15:26:36;3670;50,00;
15:26:39;3628;50,00;
15:26:42;3609;50,00;
15:26:45;3542;50,00;
15:26:48;3519;50,00;
15:26:51;3497;50,00;
15:26:54;3490;50,00;
15:26:57;3473;50,00;
15:27:00;3505;50,00;
15:27:06;3580;50,00;
15:27:09;3637;50,00;
15:27:12;3749;50,00;
15:27:15;3702;50,01;
15:27:18;3795;50,01;
15:27:21;3825;50,01;
15:27:24;3806;50,01;
15:27:27;3841;50,00;
15:27:30;3985;50,00;
15:27:33;4146;50,00;
15:27:36;4358;50,00;
15:27:39;4542;50,00;
15:27:42;4980;50,00;
15:27:45;6240;50,00;
15:27:51;6822;50,00;
15:27:54;6910;50,00;
15:27:57;7310;50,00;
15:28:00;7344;50,00;
15:28:03;6926;50,00;
15:28:06;6794;50,00;
15:28:09;6886;50,00;
15:28:12;7112;50,00;
15:28:15;6642;50,00;
15:28:18;6386;50,00;
15:28:21;6884;49,99;
15:28:24;6714;49,99;
15:28:27;5374;49,98;
15:28:30;5202;49,98;
15:28:33;5454;49,98;
15:28:36;5248;49,97;
15:28:39;5352;49,98;
15:28:42;5128;49,98;
15:28:45;6354;49,98;
15:28:48;7070;49,99;
15:28:51;6974;49,99;
15:28:57;6982;49,99;
15:29:00;6812;50,00;
15:29:03;8408;50,00;
15:29:06;8560;50,00;
15:29:09;8588;49,99;
15:29:12;8580;49,99;
15:29:15;8580;49,98;
15:29:18;8576;49,98;
15:29:21;8564;49,98;
15:29:24;8512;49,98;
15:29:27;8676;49,98;
15:29:30;8732;49,97;
15:29:33;8692;49,97;
15:29:36;8544;49,98;
15:29:39;8572;49,98;
15:29:42;8516;49,98;
15:29:45;8384;49,98;
15:29:48;8296;49,98;
15:29:51;8102;49,99;
15:29:54;7938;49,99;
15:29:57;7818;50,00;
15:30:03;8364;50,00;
15:30:06;8352;50,00;
15:30:09;8060;50,00;
15:30:12;7778;50,00;
15:30:15;8316;49,99;
15:30:18;8324;49,98;
15:30:21;8328;49,98;
15:30:24;8232;49,98;
15:30:27;8012;49,97;
15:30:30;7856;49,97;
15:30:33;7760;49,98;
15:30:36;7732;49,98;
15:30:39;8096;49,98;
15:30:42;8062;49,98;
15:30:45;7956;49,98;
15:30:48;7524;49,97;
15:30:51;7200;49,98;
15:30:54;7272;49,97;
15:30:57;7888;49,97;
15:31:00;8236;49,97;
15:31:03;8404;49,97;
15:31:09;8154;49,97;
15:31:12;7830;49,98;
15:31:15;7624;49,98;
15:31:18;7572;49,97;
15:31:21;7594;49,97;
15:31:24;7570;49,97;
15:31:27;7588;49,96;
15:31:30;7818;49,96;
15:31:33;8130;49,96;
15:31:36;8092;49,96;
15:31:39;8094;49,96;
15:31:42;8110;49,96;
15:31:45;8028;49,96;
15:31:48;7946;49,96;
15:31:51;7892;49,96;
15:31:54;7920;49,96;
15:31:57;7924;49,97;
15:32:00;7950;49,97;
15:32:03;8076;49,97;
15:32:06;8008;49,97;
15:32:09;7898;49,96;
15:32:12;7928;49,96;
15:32:15;7900;49,96;
15:32:18;7844;49,97;
15:32:21;7734;49,96;
15:32:24;7538;49,97;
15:32:27;7450;49,97;
15:32:30;7406;49,97;
15:32:33;7426;49,97;
15:32:36;7508;49,97;
15:32:39;7554;49,97;
15:32:42;7522;49,96;
15:32:45;7480;49,96;
15:32:48;7498;49,96;
15:32:51;7480;49,96;
15:32:54;7354;49,96;
15:33:00;7054;49,97;
15:33:03;6508;49,97;
15:33:06;4934;49,98;
15:33:09;4178;49,98;
15:33:12;3852;49,98;
15:33:15;3815;49,97;
15:33:18;3794;49,98;
15:33:21;3764;49,97;
15:33:24;3737;49,97;
15:33:27;3719;49,97;
15:33:30;3687;49,97;
15:33:33;3676;49,97;
15:33:36;3662;49,96;
15:33:39;3657;49,96;
15:33:42;3636;49,96;
15:33:45;3653;49,96;
15:33:48;3662;49,96;
15:33:51;3664;49,96;
15:33:54;3685;49,97;
15:33:57;3689;49,96;
15:34:00;3709;49,96;
15:34:06;3743;49,97;
15:34:09;3754;49,97;
15:34:12;3777;49,97;
15:34:15;3793;49,97;
15:34:18;3844;49,97;
15:34:21;3913;49,97;
15:34:24;4027;49,97;
15:34:27;4258;49,97;
15:34:30;5232;49,97;
15:34:33;5388;49,97;
15:34:36;5894;49,96;
15:34:39;5908;49,96;
15:34:42;5658;49,97;
15:34:45;5322;49,97;
15:34:48;4986;49,97;
15:34:51;4792;49,97;
15:34:54;4834;49,98;
15:34:57;4966;49,97;
15:35:00;4826;49,97;
15:35:03;4810;49,97;
15:35:06;4586;49,97;
15:35:12;4042;49,97;
15:35:15;3915;49,97;
15:35:18;3821;49,98;
15:35:21;3794;49,98;
15:35:24;3718;49,98;
15:35:27;3667;49,99;
15:35:30;3592;49,99;
15:35:33;3553;49,99;
15:35:36;3541;49,98;
15:35:39;3497;49,98;
15:35:42;3443;49,98;
15:35:45;3424;49,98;
15:35:48;3376;49,98;
15:35:51;3357;49,98;
15:35:54;3335;49,98;
15:35:57;3293;49,98;
15:36:00;3247;49,98;
15:36:03;3258;49,98;
15:36:06;3265;49,98;
15:36:09;3332;49,98;
15:36:12;4014;49,98;
15:36:18;3893;49,98;
15:36:21;3774;49,98;
15:36:24;3528;49,98;
15:36:27;3501;49,98;
15:36:30;3489;49,98;
15:36:33;3479;49,98;
15:36:36;3512;49,97;
15:36:39;3541;49,97;
15:36:42;3703;49,97;
15:36:45;4214;49,97;
15:36:48;4254;49,98;
15:36:51;3725;49,99;
15:36:54;3574;49,99;
15:36:57;3488;49,98;
15:37:03;3470;49,98;
15:37:06;3467;49,98;
15:37:09;3455;49,98;
15:37:12;3451;49,98;
15:37:15;3441;49,98;
15:37:18;3439;49,98;
15:37:21;3415;49,98;
15:37:24;3430;49,98;
15:37:27;3421;49,99;
15:37:30;3418;50,00;
15:37:33;3414;50,00;
15:37:39;3419;50,00;
15:37:42;3412;50,00;
15:37:45;3405;50,00;
15:37:48;3420;50,00;
15:37:51;3429;49,99;
15:37:54;3430;49,99;
15:37:57;3413;49,99;
15:38:00;3430;49,99;
15:38:03;3430;50,00;
15:38:09;3422;50,00;
15:38:12;3444;50,00;
15:38:15;3455;50,01;
15:38:18;3466;50,01;
15:38:21;3456;50,01;
15:38:24;3483;50,00;
15:38:27;3491;50,00;
15:38:30;3488;50,00;
15:38:33;3566;50,00;
15:38:36;3591;50,00;
15:38:39;3602;50,00;
15:38:42;3598;50,00;
15:38:45;3590;50,00;
15:38:48;3609;50,00;
15:38:51;3608;50,00;
15:38:54;3630;50,00;
15:38:57;3597;49,99;
15:39:00;3623;49,99;
15:39:03;3628;49,99;
15:39:06;3637;50,00;
15:39:09;3617;50,00;
15:39:15;3651;50,00;
15:39:18;3667;50,00;
15:39:21;3654;50,00;
15:39:24;3691;50,00;
15:39:27;3706;50,00;
15:39:30;3726;50,00;
15:39:33;3739;50,00;
15:39:36;3728;50,00;
15:39:39;3820;50,01;
15:39:42;3878;50,01;
15:39:45;3989;50,01;
15:39:48;4074;50,01;
15:39:51;4134;50,01;
15:39:54;4144;50,01;
15:39:57;4202;50,01;
15:40:00;4486;50,01;
15:40:03;4756;50,01;
15:40:06;4772;50,01;
15:40:09;4282;50,01;
15:40:12;4258;50,01;
15:40:15;4256;50,01;
15:40:21;4350;50,02;
15:40:24;4468;50,02;
15:40:27;4870;50,02;
15:40:30;5222;50,02;
15:40:33;6092;50,02;
15:40:36;6532;50,01;
15:40:39;6568;50,01;
15:40:42;6766;50,01;
15:40:45;6350;50,01;
15:40:48;6128;50,01;
15:40:51;6564;50,01;
15:40:54;7084;50,01;
15:40:57;7014;50,01;
15:41:00;6484;50,01;
15:41:03;6034;50,01;
15:41:06;6422;50,01;
15:41:09;6854;50,01;
15:41:12;8460;50,00;
15:41:15;8664;50,00;
15:41:18;8672;50,00;
15:41:21;8788;50,00;
15:41:24;8784;50,00;
15:41:27;8740;50,00;
15:41:30;8660;50,00;
15:41:33;8696;50,00;
15:41:36;8652;50,00;
15:41:39;8640;50,00;
15:41:42;8536;50,00;
15:41:45;8516;50,01;
15:41:48;8368;50,01;
15:41:51;7976;50,01;
15:41:54;7972;50,01;
15:41:57;8128;50,01;
15:42:00;8044;50,01;
15:42:03;8056;50,00;
15:42:06;7998;50,00;
15:42:12;7724;50,00;
15:42:15;7750;50,00;
15:42:18;7946;50,01;
15:42:21;8100;50,01;
15:42:24;8212;50,01;
15:42:27;8244;50,01;
15:42:30;8256;50,01;
15:42:33;8138;50,01;
15:42:36;8348;50,01;
15:42:39;8480;50,01;
15:42:42;8612;50,00;
15:42:45;8688;50,00;
15:42:48;8556;50,00;
15:42:51;8496;50,00;
15:42:54;8300;50,00;
15:42:57;8344;50,00;
15:43:00;8848;50,00;
15:43:03;9068;50,00;
15:43:06;9012;50,00;
15:43:09;9056;50,00;
15:43:12;9000;50,00;
15:43:18;8984;50,00;
15:43:21;8928;50,00;
15:43:24;8716;49,99;
15:43:27;8752;49,99;
15:43:30;8736;50,00;
15:43:33;8732;50,00;
15:43:39;8632;50,00;
15:43:42;8648;50,00;
15:43:45;8712;50,00;
15:43:48;8784;50,00;
15:43:51;8820;50,00;
15:43:54;8748;50,00;
15:43:57;8644;50,00;
15:44:00;8584;50,00;
15:44:03;8408;50,00;
15:44:06;8480;49,99;
15:44:09;8488;49,99;
15:44:12;8580;49,99;
15:44:15;8608;49,99;
15:44:18;8792;49,99;
15:44:24;8916;49,99;
15:44:27;8880;49,99;
15:44:30;8960;49,99;
15:44:33;8952;49,98;
15:44:36;9120;49,98;
15:44:39;9080;49,98;
15:44:42;9124;49,98;
15:44:45;9100;49,99;
15:44:48;9044;49,99;
15:44:51;9000;49,99;
15:44:54;9016;50,00;
15:44:57;8976;50,00;
15:45:00;9028;50,00;
15:45:03;8988;49,99;
15:45:06;8984;49,99;
15:45:12;9068;49,99;
15:45:15;9016;49,99;
15:45:18;9008;50,00;
15:45:21;8976;50,00;
15:45:24;9056;49,99;
15:45:30;9048;49,98;
15:45:33;9012;49,98;
15:45:36;9080;49,98;
15:45:39;9036;49,99;
15:45:42;9100;49,99;
15:45:45;9028;50,00;
15:45:48;9048;50,00;
15:45:54;9024;50,00;
15:45:57;9000;49,99;
15:46:00;8976;50,00;
15:46:03;8988;50,00;
15:46:06;9004;50,00;
15:46:09;9056;50,00;
15:46:15;9104;50,00;
15:46:18;9024;50,00;
15:46:21;9056;49,99;
15:46:24;9028;50,00;
15:46:27;9056;49,99;
15:46:30;9016;49,99;
15:46:33;9084;50,00;
15:46:36;9076;50,00;
15:46:39;9096;50,00;
15:46:42;9032;50,00;
15:46:45;9088;50,00;
15:46:48;9076;50,01;
15:46:51;9160;50,01;
15:46:54;9100;50,01;
15:46:57;9180;50,01;
15:47:00;9196;50,01;
15:47:03;9112;50,01;
15:47:06;9016;50,00;
15:47:09;9056;50,01;
15:47:12;9064;50,01;
15:47:15;9132;50,01;
15:47:21;9248;50,00;
15:47:24;9268;50,00;
15:47:27;9404;50,00;
15:47:30;9332;50,00;
15:47:33;9404;50,00;
15:47:36;9348;50,00;
15:47:39;9352;50,00;
15:47:42;9292;50,00;
15:47:45;9364;50,00;
15:47:48;9260;49,99;
15:47:51;9372;50,00;
15:47:54;9332;50,00;
15:47:57;9452;50,00;
15:48:00;9424;50,00;
15:48:03;9480;49,99;
15:48:06;9412;49,99;
15:48:09;9436;49,99;
15:48:12;9384;49,99;
15:48:15;9140;50,00;
15:48:18;9180;50,00;
15:48:21;9408;49,99;
15:48:27;9052;49,98;
15:48:30;9036;49,98;
15:48:33;9236;49,98;
15:48:36;9552;49,98;
15:48:42;9368;49,98;
15:48:45;9176;49,98;
15:48:48;8948;49,98;
15:48:51;9048;49,99;
15:48:54;8700;49,99;
15:48:57;8960;49,99;
15:49:00;8724;49,99;
15:49:03;7148;50,00;
15:49:06;7042;49,99;
15:49:09;6822;49,99;
15:49:12;7006;50,00;
15:49:15;6186;50,00;
15:49:18;6004;50,00;
15:49:21;5958;50,00;
15:49:24;5850;50,00;
15:49:27;5324;50,00;
15:49:33;5782;49,99;
15:49:36;5690;49,99;
15:49:39;6286;49,98;
15:49:42;6112;49,98;
15:49:45;6036;49,98;
15:49:48;6132;49,98;
15:49:51;6680;49,99;
15:49:54;7616;49,99;
15:49:57;8596;50,00;
15:50:00;7834;50,00;
15:50:03;6868;50,00;
15:50:06;6164;50,00;
15:50:09;5948;50,00;
15:50:12;6688;49,99;
15:50:18;6590;49,98;
15:50:21;7396;49,98;
15:50:24;7066;49,99;
15:50:27;6600;49,99;
15:50:30;5652;49,99;
15:50:33;5520;49,99;
15:50:36;5596;49,99;
15:50:39;5554;49,99;
15:50:42;6892;49,99;
15:50:45;5926;49,99;
15:50:48;5202;50,00;
15:50:51;4768;50,00;
15:50:54;6312;50,00;
15:50:57;6982;50,00;
15:51:00;6208;50,00;
15:51:03;5388;50,00;
15:51:06;5900;49,99;
15:51:09;6070;49,99;
15:51:12;5196;49,99;
15:51:15;5288;49,99;
15:51:18;5164;49,99;
15:51:24;4712;49,99;
15:51:27;4674;49,99;
15:51:30;4778;49,99;
15:51:33;4886;49,99;
15:51:36;4752;49,99;
15:51:39;4574;49,99;
15:51:42;4744;49,99;
15:51:45;5030;49,99;
15:51:48;5132;49,99;
15:51:51;4706;49,99;
15:51:54;4192;49,99;
15:51:57;4096;49,98;
15:52:00;4041;49,99;
15:52:03;4028;49,99;
15:52:06;4048;49,99;
15:52:09;4128;49,99;
15:52:12;4075;50,00;
15:52:15;4114;49,99;
15:52:18;4264;49,99;
15:52:21;4274;49,98;
15:52:24;4332;49,98;
15:52:30;4234;49,98;
15:52:33;4268;49,98;
15:52:36;4348;49,98;
15:52:39;4414;49,98;
15:52:42;4490;49,98;
15:52:45;4440;49,98;
15:52:48;4368;49,98;
15:52:51;4360;49,98;
15:52:54;4318;49,98;
15:52:57;4264;49,98;
15:53:00;4260;49,98;
15:53:03;4330;49,98;
15:53:06;4602;49,98;
15:53:09;4596;49,97;
15:53:12;4438;49,98;
15:53:15;4476;49,98;
15:53:18;4498;49,98;
15:53:21;4638;49,98;
15:53:24;5048;49,98;
15:53:27;5160;49,98;
15:53:30;5000;49,98;
15:53:36;5000;49,97;
15:53:39;4832;49,97;
15:53:42;4572;49,97;
15:53:45;4558;49,97;
15:53:48;4688;49,97;
15:53:51;4720;49,97;
15:53:54;4736;49,97;
15:53:57;4952;49,97;
15:54:00;5242;49,97;
15:54:03;5850;49,98;
15:54:06;5250;49,98;
15:54:09;5008;49,98;
15:54:12;4788;49,98;
15:54:15;4388;49,98;
15:54:18;4210;49,98;
15:54:21;4083;49,98;
15:54:24;4020;49,98;
15:54:27;3994;49,98;
15:54:30;4005;49,98;
15:54:33;3997;49,98;
15:54:36;4018;49,99;
15:54:42;4056;49,99;
15:54:45;4076;49,99;
15:54:48;4095;49,99;
15:54:51;4154;49,99;
15:54:54;4228;49,99;
15:54:57;4262;49,99;
15:55:00;4204;49,99;
15:55:03;4136;49,98;
15:55:06;4132;49,99;
15:55:09;4110;49,98;
15:55:12;4118;49,99;
15:55:15;4160;49,99;
15:55:18;4174;49,99;
15:55:21;4168;49,99;
15:55:27;4130;49,98;
15:55:30;4122;49,98;
15:55:33;4134;49,98;
15:55:36;4150;49,98;
15:55:39;4204;49,98;
15:55:42;4242;49,98;
15:55:45;4292;49,98;
15:55:48;4350;49,98;
15:55:51;4508;49,98;
15:55:54;4594;49,98;
15:55:57;4924;49,97;
15:56:00;4980;49,96;
15:56:03;5298;49,96;
15:56:06;5582;49,96;
15:56:09;5478;49,96;
15:56:12;5086;49,97;
15:56:15;4610;49,97;
15:56:18;4580;49,98;
15:56:21;4448;49,98;
15:56:24;4420;49,98;
15:56:27;4330;49,98;
15:56:33;4292;49,98;
15:56:36;4296;49,98;
15:56:39;4336;49,97;
15:56:42;4366;49,97;
15:56:45;4446;49,98;
15:56:48;4506;49,98;
15:56:51;4550;49,98;
15:56:54;4670;49,99;
15:56:57;4962;49,99;
15:57:00;5160;50,00;
15:57:03;6228;50,00;
15:57:06;6934;50,00;
15:57:09;8112;50,00;
15:57:12;8524;50,00;
15:57:15;8828;50,00;
15:57:18;8552;50,00;
15:57:21;6300;49,99;
15:57:24;5244;49,99;
15:57:27;4834;49,99;
15:57:30;4732;49,99;
15:57:33;4626;50,00;
15:57:39;4444;50,00;
15:57:42;4452;50,00;
15:57:45;4446;50,00;
15:57:48;4506;50,00;
15:57:51;4598;50,01;
15:57:54;4710;50,01;
15:57:57;4842;50,01;
15:58:00;5026;50,01;
15:58:03;5662;50,01;
15:58:06;6156;50,01;
15:58:09;6844;50,01;
15:58:12;6102;50,01;
15:58:15;5166;50,01;
15:58:18;5172;50,00;
15:58:21;5048;50,00;
15:58:24;4760;50,00;
15:58:27;4592;49,99;
15:58:30;4492;49,99;
15:58:33;4362;49,99;
15:58:36;4362;49,98;
15:58:39;4280;49,98;
15:58:45;4196;49,99;
15:58:48;4206;50,00;
15:58:51;4170;50,00;
15:58:54;4168;50,00;
15:58:57;4130;50,00;
15:59:00;4136;50,00;
15:59:03;4132;50,01;
15:59:06;4106;50,00;
15:59:09;4110;50,01;
15:59:12;4078;50,00;
15:59:15;4065;50,00;
15:59:18;4052;50,00;
15:59:21;4057;50,00;
15:59:24;4020;50,00;
15:59:30;3988;50,00;
15:59:33;4003;50,00;
15:59:36;3964;50,00;
15:59:39;3978;50,00;
15:59:42;3949;50,00;
15:59:45;3966;50,00;
15:59:48;3960;50,00;
15:59:51;3932;50,00;
15:59:54;3884;50,00;
15:59:57;3938;50,00;
16:00:00;3936;50,01;
16:00:03;3981;50,01;
16:00:06;3992;50,01;
16:00:09;4041;50,00;
16:00:12;4078;50,00;
16:00:15;4156;50,01;
16:00:18;4290;50,00;
16:00:21;4406;50,00;
16:00:24;4186;50,00;
16:00:27;4152;49,99;
16:00:30;4098;49,98;
16:00:36;3980;49,98;
16:00:39;3979;49,99;
16:00:42;3958;49,99;
16:00:45;3990;49,99;
16:00:48;4068;50,00;
16:00:51;4091;50,00;
16:00:54;4021;50,00;
16:00:57;3937;50,00;
16:01:00;3914;50,00;
16:01:03;3886;50,00;
16:01:06;3852;50,00;
16:01:12;3824;50,00;
16:01:15;3839;50,00;
16:01:18;3845;50,00;
16:01:21;3878;50,00;
16:01:24;3895;49,99;
16:01:27;3898;49,99;
16:01:30;3889;50,00;
16:01:33;3918;50,01;
16:01:36;3930;50,01;
16:01:42;3996;50,01;
16:01:45;4032;50,00;
16:01:48;4075;50,00;
16:01:51;4148;50,01;
16:01:54;4122;50,01;
16:01:57;4144;50,01;
16:02:00;4160;50,01;
16:02:03;4156;50,01;
16:02:06;4234;50,01;
16:02:09;4254;50,01;
16:02:12;4266;50,00;
16:02:15;4256;50,00;
16:02:18;4188;50,00;
16:02:21;4134;50,00;
16:02:24;4118;50,00;
16:02:27;4052;50,00;
16:02:30;4039;50,00;
16:02:33;4015;50,00;
16:02:36;4029;50,00;
16:02:39;4011;50,00;
16:02:42;4036;50,00;
16:02:48;4057;49,99;
16:02:51;4045;49,99;
16:02:54;4079;50,00;
16:02:57;4073;50,00;
16:03:00;4148;50,01;
16:03:03;4186;50,01;
16:03:06;4226;50,01;
16:03:09;4180;50,01;
16:03:12;4156;50,01;
16:03:15;4172;50,00;
16:03:18;4202;50,00;
16:03:21;4196;50,00;
16:03:24;4280;50,00;
16:03:27;4294;50,00;
16:03:30;4360;50,00;
16:03:33;4530;50,00;
16:03:36;4700;50,00;
16:03:39;4804;50,00;
16:03:42;4894;50,00;
16:03:45;4800;50,00;
16:03:48;4700;50,00;
16:03:51;4642;50,00;
16:03:54;4560;50,00;
16:03:57;4430;50,00;
16:04:00;4452;50,00;
16:04:06;4460;50,00;
16:04:09;4514;50,00;
16:04:12;4554;50,00;
16:04:15;4614;50,00;
16:04:18;4698;50,00;
16:04:21;4800;50,00;
16:04:24;4846;50,00;
16:04:27;5032;50,00;
16:04:30;5026;49,99;
16:04:33;5124;49,99;
16:04:39;5598;49,99;
16:04:42;5986;49,99;
16:04:45;7220;50,00;
16:04:48;6916;50,00;
16:04:51;6832;50,01;
16:04:54;7248;50,01;
16:04:57;7722;50,01;
16:05:00;8248;50,01;
16:05:03;6750;50,00;
16:05:06;7260;49,99;
16:05:09;8360;49,99;
16:05:12;8372;49,99;
16:05:15;9220;50,00;
16:05:18;10424;50,00;
16:05:21;10720;50,00;
16:05:24;10596;50,00;
16:05:27;10576;50,00;
16:05:30;10440;50,00;
16:05:33;9536;50,00;
16:05:36;9580;50,00;
16:05:39;10276;50,00;
16:05:45;11032;50,01;
16:05:48;10952;50,01;
16:05:51;10492;50,01;
16:05:54;10396;50,01;
16:05:57;10836;50,00;
16:06:00;10692;50,00;
16:06:03;10500;50,00;
16:06:06;10340;50,00;
16:06:09;10644;50,00;
16:06:12;10836;50,00;
16:06:15;10664;50,01;
16:06:18;10780;50,01;
16:06:21;11024;50,00;
16:06:24;11092;50,00;
16:06:27;11228;50,00;
16:06:30;10356;50,00;
16:06:33;9988;50,00;
16:06:36;9492;50,00;
16:06:39;9216;50,00;
16:06:42;9240;50,00;
16:06:45;10104;49,99;
16:06:51;10384;49,98;
16:06:54;10840;49,98;
16:06:57;9904;49,98;
16:07:00;9496;49,98;
16:07:03;9516;49,99;
16:07:06;9444;50,00;
16:07:09;9400;50,00;
16:07:12;9788;50,00;
16:07:15;9516;50,00;
16:07:18;8612;50,00;
16:07:21;8216;50,00;
16:07:24;8728;50,00;
16:07:27;9560;50,00;
16:07:30;9228;50,00;
16:07:33;8284;50,00;
16:07:36;7168;50,00;
16:07:39;6932;49,99;
16:07:42;7036;49,99;
16:07:45;7104;49,99;
16:07:48;7650;49,99;
16:07:51;8680;49,99;
16:07:57;8612;50,00;
16:08:00;8572;50,00;
16:08:03;9064;50,00;
16:08:06;9112;50,00;
16:08:09;8884;49,99;
16:08:12;8228;49,99;
16:08:15;7754;49,99;
16:08:18;7882;49,99;
16:08:21;8540;49,99;
16:08:24;8624;49,99;
16:08:27;7804;49,99;
16:08:30;7736;49,99;
16:08:33;8108;49,99;
16:08:36;8388;49,98;
16:08:42;7086;49,98;
16:08:45;6662;49,98;
16:08:48;6988;49,98;
16:08:51;7226;49,98;
16:08:54;6312;49,98;
16:08:57;6014;49,99;
16:09:00;6030;49,99;
16:09:03;6132;49,99;
16:09:06;6024;49,98;
16:09:09;5866;49,98;
16:09:12;6050;49,97;
16:09:15;6222;49,98;
16:09:18;6742;49,98;
16:09:21;6640;49,98;
16:09:24;6618;49,98;
16:09:27;5678;49,98;
16:09:30;5482;49,99;
16:09:33;5472;49,99;
16:09:36;5460;50,00;
16:09:39;5304;50,00;
16:09:42;5562;50,00;
16:09:48;5686;49,99;
16:09:51;5612;49,99;
16:09:54;5272;49,99;
16:09:57;5132;49,99;
16:10:00;5060;49,98;
16:10:03;5056;49,99;
16:10:06;5002;49,99;
16:10:09;4984;49,98;
16:10:12;5066;49,98;
16:10:15;5054;49,98;
16:10:18;5144;49,98;
16:10:21;5306;49,98;
16:10:24;5348;49,97;
16:10:27;5234;49,97;
16:10:30;5074;49,97;
16:10:33;5000;49,97;
16:10:36;4988;49,97;
16:10:39;4962;49,97;
16:10:42;4982;49,96;
16:10:45;5032;49,97;
16:10:48;5174;49,98;
16:10:54;5490;49,98;
16:10:57;5596;49,98;
16:11:01;5836;49,98;
16:11:04;5928;49,97;
16:11:07;6276;49,97;
16:11:10;6378;49,96;
16:11:16;6774;49,97;
16:11:19;6686;49,97;
16:11:22;7510;49,97;
16:11:25;7438;49,97;
16:11:28;6580;49,96;
16:11:31;6852;49,97;
16:11:34;6922;49,97;
16:11:37;7076;49,97;
16:11:40;8796;49,97;
16:11:43;8070;49,98;
16:11:46;7994;49,98;
16:11:49;7808;49,98;
16:11:52;7650;49,98;
16:11:55;7346;49,98;
16:11:58;7424;49,97;
16:12:01;7456;49,97;
16:12:04;6504;49,97;
16:12:07;6064;49,97;
16:12:10;6038;49,97;
16:12:13;6072;49,97;
16:12:16;6000;49,97;
16:12:22;6358;49,97;
16:12:25;6316;49,97;
16:12:28;6802;49,97;
16:12:31;6670;49,97;
16:12:34;6012;49,97;
16:12:37;5838;49,97;
16:12:40;5918;49,97;
16:12:43;6006;49,97;
16:12:46;6762;49,96;
16:12:49;7034;49,96;
16:12:52;6612;49,96;
16:12:55;5668;49,96;
16:12:58;5698;49,96;
16:13:01;5792;49,97;
16:13:07;5956;49,97;
16:13:10;5974;49,97;
16:13:13;6198;49,96;
16:13:16;6346;49,96;
16:13:19;6320;49,96;
16:13:22;6562;49,96;
16:13:25;6628;49,97;
16:13:28;6720;49,97;
16:13:31;7400;49,97;
16:13:34;7080;49,98;
16:13:37;6320;49,98;
16:13:40;6458;49,98;
16:13:43;6574;49,99;
16:13:46;6468;49,99;
16:13:49;6492;49,99;
16:13:52;6716;49,99;
16:13:55;6760;49,99;
16:13:58;6592;49,99;
16:14:01;6594;50,00;
16:14:04;6498;49,99;
16:14:07;6618;49,99;
16:14:13;5820;50,00;
16:14:16;5974;50,00;
16:14:19;5958;49,99;
16:14:22;5778;49,99;
16:14:25;5546;49,98;
16:14:28;5518;49,98;
16:14:31;5514;49,98;
16:14:34;5464;49,98;
16:14:37;5978;49,98;
16:14:40;6158;49,98;
16:14:43;6414;49,98;
16:14:46;6802;49,98;
16:14:49;7720;49,98;
16:14:52;7554;49,98;
16:14:55;6948;49,98;
16:14:58;6600;49,98;
16:15:01;6268;49,98;
16:15:04;6142;49,98;
16:15:07;6176;49,97;
16:15:10;6272;49,97;
16:15:13;5576;49,97;
16:15:19;5118;49,97;
16:15:22;4964;49,96;
16:15:25;4914;49,97;
16:15:28;4890;49,97;
16:15:31;4942;49,98;
16:15:34;4928;49,98;
16:15:37;4996;49,98;
16:15:40;5196;49,98;
16:15:43;5514;49,97;
16:15:46;5344;49,97;
16:15:49;5456;49,98;
16:15:52;5630;49,98;
16:15:55;5812;49,99;
16:15:58;5618;50,00;
16:16:01;5566;50,00;
16:16:04;5308;50,00;
16:16:07;5106;50,00;
16:16:10;5078;50,00;
16:16:13;5408;50,00;
16:16:16;5624;50,00;
16:16:19;6376;50,00;
16:16:25;7136;50,00;
16:16:28;7264;49,99;
16:16:31;7720;49,99;
16:16:34;7868;49,99;
16:16:37;7802;49,99;
16:16:40;7744;49,99;
16:16:43;7704;49,99;
16:16:46;7568;49,99;
16:16:49;7120;50,00;
16:16:52;7042;50,01;
16:16:55;6896;50,01;
16:16:58;6758;50,01;
16:17:01;6676;50,01;
16:17:04;6636;50,01;
16:17:07;6492;50,01;
16:17:10;6010;50,01;
16:17:13;5844;50,00;
16:17:16;5912;50,00;
16:17:19;5896;50,00;
16:17:22;5790;50,00;
16:17:25;5820;50,00;
16:17:28;5850;50,00;
16:17:31;5860;50,00;
16:17:34;5662;50,00;
16:17:37;5446;50,00;
16:17:40;5230;50,00;
16:17:43;5070;50,00;
16:17:46;4846;50,00;
16:17:49;4706;50,01;
16:17:52;4542;50,00;
16:17:55;4376;50,00;
16:17:58;4318;50,00;
16:18:01;4260;50,00;
16:18:04;4160;50,00;
16:18:07;4102;50,00;
16:18:10;3955;50,00;
16:18:16;3746;50,00;
16:18:19;3690;49,99;
16:18:22;3611;50,00;
16:18:25;3558;50,00;
16:18:28;3497;50,01;
16:18:31;3454;50,01;
16:18:34;3431;50,01;
16:18:37;3401;50,01;
16:18:40;3305;50,01;
16:18:43;3268;50,01;
16:18:46;3235;50,01;
16:18:49;3198;50,01;
16:18:52;3175;50,00;
16:18:55;3150;50,00;
16:18:58;3143;50,00;
16:19:01;3097;50,00;
16:19:04;3085;50,00;
16:19:07;3065;49,99;
16:19:10;3048;50,00;
16:19:13;3024;50,00;
16:19:16;3019;50,00;
16:19:22;2990;49,99;
16:19:25;2973;49,98;
16:19:28;2982;49,98;
16:19:31;2967;49,98;
16:19:34;2947;49,98;
16:19:37;2926;49,98;
16:19:40;2927;49,98;
16:19:43;2911;49,99;
16:19:46;2871;49,99;
16:19:49;2850;49,99;
16:19:52;2849;49,99;
16:19:55;2828;49,99;
16:19:58;2835;49,98;
16:20:01;2818;49,98;
16:20:04;2826;49,98;
16:20:07;2807;49,98;
16:20:10;2824;49,98;
16:20:13;2807;49,98;
16:20:16;2815;49,97;
16:20:19;2803;49,97;
16:20:22;2816;49,98;
16:20:28;2819;49,98;
16:20:31;2814;49,98;
16:20:34;2826;49,98;
16:20:37;2822;49,98;
16:20:40;2831;49,98;
16:20:43;2834;49,98;
16:20:46;2832;49,98;
16:20:49;2847;49,98;
16:20:52;2861;49,98;
16:20:55;2867;49,98;
16:20:58;2881;49,98;
16:21:01;2885;49,98;
16:21:04;2899;49,98;
16:21:07;2906;49,98;
16:21:10;2902;49,98;
16:21:13;2926;49,98;
16:21:16;2939;49,98;
16:21:19;2945;49,98;
16:21:22;2960;49,98;
16:21:25;2965;49,98;
16:21:28;2977;49,99;
16:21:34;2999;49,98;
16:21:37;3007;49,98;
16:21:40;3018;49,97;
16:21:43;3024;49,97;
16:21:46;3030;49,98;
16:21:49;3034;49,98;
16:21:52;3020;49,98;
16:21:55;3049;49,98;
16:21:58;3058;49,98;
16:22:01;3076;49,99;
16:22:04;3063;50,00;
16:22:07;3100;50,00;
16:22:10;3104;50,00;
16:22:13;3126;50,00;
16:22:19;3162;49,99;
16:22:22;3175;49,99;
16:22:25;3212;49,99;
16:22:28;3214;49,98;
16:22:31;3283;49,98;
16:22:34;3319;49,98;
16:22:37;3347;49,98;
16:22:40;3405;49,98;
16:22:43;3507;49,99;
16:22:46;3522;49,99;
16:22:49;3631;50,00;
16:22:55;3544;50,00;
16:22:58;3541;50,00;
16:23:01;3532;50,00;
16:23:04;3497;49,99;
16:23:07;3492;49,98;
16:23:10;3497;49,99;
16:23:13;3534;49,99;
16:23:16;3531;49,99;
16:23:19;3555;49,99;
16:23:25;3556;50,00;
16:23:28;3551;49,99;
16:23:31;3550;49,99;
16:23:34;3536;49,99;
16:23:37;3541;49,99;
16:23:43;3530;49,99;
16:23:46;3543;49,99;
16:23:49;3556;49,99;
16:23:52;3561;49,99;
16:23:55;3567;49,99;
16:23:58;3567;50,00;
16:24:01;3570;50,00;
16:24:04;3574;50,00;
16:24:07;3563;50,00;
16:24:10;3582;49,99;
16:24:13;3587;49,98;
16:24:16;3591;49,98;
16:24:19;3601;49,98;
16:24:22;3609;49,98;
16:24:25;3627;49,98;
16:24:31;3659;49,98;
16:24:34;3672;49,98;
16:24:37;3710;49,98;
16:24:40;3743;49,98;
16:24:43;3765;49,97;
16:24:46;3739;49,97;
16:24:49;3698;49,96;
16:24:52;3718;49,96;
16:24:55;3694;49,97;
16:24:58;3697;49,97;
16:25:01;3693;49,98;
16:25:04;3695;49,98;
16:25:07;3702;49,98;
16:25:10;3706;49,99;
16:25:13;3698;49,98;
16:25:16;3749;49,98;
16:25:19;3770;49,98;
16:25:22;3754;49,98;
16:25:25;3744;49,97;
16:25:28;3750;49,97;
16:25:31;3734;49,97;
16:25:37;3721;49,97;
16:25:40;3710;49,97;
16:25:43;3680;49,97;
16:25:46;3693;49,97;
16:25:49;3682;49,98;
16:25:52;3687;49,98;
16:25:58;3672;49,98;
16:26:01;3666;49,98;
16:26:04;3677;49,98;
16:26:07;3657;49,98;
16:26:10;3670;49,98;
16:26:13;3657;49,98;
16:26:16;3669;49,98;
16:26:22;3679;49,97;
16:26:25;3671;49,97;
16:26:28;3686;49,97;
16:26:31;3689;49,98;
16:26:34;3694;49,98;
16:26:37;3697;49,98;
16:26:40;3689;49,98;
16:26:43;3704;49,98;
16:26:46;3714;49,98;
16:26:49;3718;49,98;
16:26:52;3729;49,98;
16:26:55;3730;49,98;
16:26:58;3730;49,99;
16:27:04;3721;50,00;
16:27:07;3728;49,99;
16:27:10;3730;49,98;
16:27:13;3728;49,98;
16:27:16;3727;49,98;
16:27:19;3727;49,97;
16:27:22;3728;49,98;
16:27:28;3738;49,98;
16:27:31;3736;49,97;
16:27:34;3730;49,97;
16:27:37;3745;49,97;
16:27:40;3755;49,97;
16:27:43;3760;49,97;
16:27:46;3768;49,97;
16:27:49;3757;49,97;
16:27:52;3787;49,98;
16:27:55;3799;49,98;
16:27:58;3813;49,98;
16:28:01;3816;49,98;
16:28:04;3829;49,98;
16:28:07;3836;49,98;
16:28:10;3826;49,98;
16:28:13;3869;49,97;
16:28:16;3876;49,97;
16:28:19;3890;49,97;
16:28:22;3935;49,97;
16:28:25;3973;49,98;
16:28:28;4047;49,97;
16:28:34;4095;49,96;
16:28:37;4064;49,96;
16:28:40;4038;49,96;
16:28:46;4009;49,96;
16:28:49;4032;49,96;
16:28:52;4028;49,97;
16:28:55;4019;49,97;
16:28:58;4031;49,98;
16:29:01;4067;49,98;
16:29:04;4118;49,98;
16:29:07;4128;49,98;
16:29:10;4032;49,97;
16:29:13;4030;49,97;
16:29:16;4000;49,97;
16:29:19;3954;49,97;
16:29:22;3880;49,97;
16:29:25;3875;49,97;
16:29:28;3826;49,97;
16:29:31;3817;49,97;
16:29:34;3760;49,97;
16:29:40;3732;49,97;
16:29:43;3730;49,97;
16:29:46;3696;49,97;
16:29:49;3711;49,97;
16:29:52;3691;49,97;
16:29:55;3698;49,97;
16:29:58;3692;49,97;
16:30:01;3669;49,97;
16:30:04;3671;49,98;
16:30:07;3679;49,98;
16:30:10;3664;49,98;
16:30:13;3674;49,97;
16:30:16;3666;49,96;
16:30:19;3672;49,96;
16:30:22;3671;49,96;
16:30:25;3668;49,96;
16:30:28;3655;49,97;
16:30:31;3671;49,97;
16:30:34;3655;49,97;
16:30:37;3653;49,97;
16:30:40;3652;49,96;
16:30:46;3654;49,96;
16:30:49;3633;49,96;
16:30:52;3652;49,97;
16:30:55;3641;49,97;
16:30:58;3640;49,98;
16:31:01;3613;49,98;
16:31:04;3628;49,98;
16:31:07;3625;49,98;
16:31:10;3619;49,98;
16:31:13;3594;49,98;
16:31:16;3609;49,98;
16:31:19;3595;49,97;
16:31:22;3602;49,97;
16:31:25;3578;49,97;
16:31:31;3575;49,96;
16:31:34;3579;49,96;
16:31:37;3561;49,96;
16:31:40;3576;49,96;
16:31:43;3559;49,96;
16:31:46;3569;49,96;
16:31:49;3566;49,96;
16:31:52;3546;49,96;
16:31:55;3550;49,96;
16:31:58;3558;49,96;
16:32:01;3533;49,97;
16:32:04;3552;49,97;
16:32:07;3539;49,97;
16:32:10;3543;49,98;
16:32:16;3539;49,98;
16:32:19;3528;49,96;
16:32:22;3535;49,96;
16:32:25;3509;49,96;
16:32:28;3531;49,96;
16:32:31;3524;49,96;
16:32:37;3505;49,96;
16:32:40;3523;49,96;
16:32:46;3514;49,95;
16:32:49;3512;49,96;
16:32:52;3509;49,96;
16:32:55;3516;49,96;
16:32:58;3517;49,96;
16:33:01;3519;49,96;
16:33:04;3518;49,97;
16:33:07;3509;49,96;
16:33:10;3519;49,96;
16:33:13;3498;49,96;
16:33:16;3520;49,96;
16:33:19;3521;49,96;
16:33:22;3524;49,97;
16:33:25;3504;49,97;
16:33:28;3524;49,97;
16:33:31;3523;49,96;
16:33:34;3522;49,96;
16:33:37;3509;49,96;
16:33:43;3529;49,96;
16:33:46;3519;49,96;
16:33:49;3523;49,96;
16:33:52;3522;49,96;
16:33:55;3538;49,97;
16:33:58;3522;49,97;
16:34:01;3538;49,98;
16:34:04;3540;49,98;
16:34:10;3526;49,98;
16:34:13;3538;49,98;
16:34:16;3522;49,98;
16:34:19;3536;49,98;
16:34:22;3523;49,98;
16:34:25;3534;49,97;
16:34:28;3520;49,97;
16:34:31;3537;49,97;
16:34:34;3524;49,97;
16:34:37;3541;49,96;
16:34:40;3528;49,96;
16:34:43;3550;49,96;
16:34:49;3559;49,96;
16:34:52;3543;49,96;
16:34:55;3564;49,96;
16:34:58;3553;49,96;
16:35:01;3572;49,96;
16:35:04;3557;49,96;
16:35:07;3574;49,96;
16:35:10;3573;49,96;
16:35:16;3557;49,96;
16:35:19;3573;49,96;
16:35:22;3557;49,96;
16:35:25;3575;49,96;
16:35:28;3559;49,96;
16:35:34;3566;49,96;
16:35:37;3570;49,97;
16:35:40;3562;49,96;
16:35:43;3577;49,97;
16:35:46;3575;49,97;
16:35:49;3569;49,97;
16:35:52;3584;49,97;
16:35:55;3577;49,97;
16:35:58;3592;49,97;
16:36:01;3572;49,96;
16:36:04;3596;49,96;
16:36:07;3583;49,96;
16:36:10;3599;49,96;
16:36:13;3582;49,96;
16:36:16;3598;49,96;
16:36:19;3584;49,96;
16:36:22;3601;49,95;
16:36:25;3585;49,95;
16:36:28;3604;49,96;
16:36:31;3589;49,96;
16:36:34;3608;49,96;
16:36:40;3611;49,96;
16:36:43;3596;49,96;
16:36:46;3608;49,96;
16:36:49;3591;49,96;
16:36:52;3606;49,96;
16:36:55;3587;49,96;
16:36:58;3601;49,96;
16:37:01;3599;49,96;
16:37:04;3598;49,96;
16:37:07;3584;49,96;
16:37:10;3600;49,96;
16:37:13;3581;49,96;
16:37:16;3605;49,96;
16:37:19;3596;49,96;
16:37:22;3612;49,96;
16:37:25;3603;49,96;
16:37:28;3637;49,96;
16:37:31;3629;49,96;
16:37:34;3654;49,96;
16:37:37;3646;49,96;
16:37:40;3673;49,95;
16:37:46;3707;49,95;
16:37:49;3711;49,95;
16:37:52;3737;49,95;
16:37:55;3739;49,96;
16:37:58;3766;49,96;
16:38:01;3781;49,96;
16:38:04;3764;49,96;
16:38:07;3798;49,96;
16:38:10;3825;49,95;
16:38:13;3831;49,95;
16:38:16;3838;49,95;
16:38:19;3823;49,95;
16:38:22;3813;49,95;
16:38:25;3785;49,95;
16:38:28;3804;49,95;
16:38:31;3780;49,95;
16:38:34;3790;49,95;
16:38:37;3786;49,96;
16:38:40;3836;49,96;
16:38:46;3839;49,96;
16:38:52;3813;49,96;
16:38:55;3814;49,96;
16:38:58;3802;49,96;
16:39:01;3796;49,95;
16:39:04;3784;49,96;
16:39:07;3781;49,95;
16:39:10;3767;49,95;
16:39:13;3770;49,95;
16:39:16;3754;49,95;
16:39:19;3752;49,96;
16:39:22;3748;49,96;
16:39:25;3744;49,96;
16:39:28;3729;49,96;
16:39:31;3720;49,96;
16:39:34;3701;49,96;
16:39:37;3704;49,96;
16:39:40;3696;49,96;
16:39:43;3692;49,96;
16:39:46;3686;49,96;
16:39:49;3682;49,96;
16:39:52;3673;49,96;
16:39:58;3670;49,96;
16:40:01;3656;49,96;
16:40:04;3634;49,96;
16:40:07;3643;49,97;
16:40:10;3625;49,97;
16:40:13;3630;49,97;
16:40:16;3610;49,98;
16:40:19;3618;49,98;
16:40:22;3592;49,98;
16:40:25;3595;49,98;
16:40:28;3571;49,98;
16:40:31;3573;49,98;
16:40:34;3552;49,98;
16:40:37;3554;49,97;
16:40:43;3536;49,97;
16:40:46;3514;49,97;
16:40:49;3515;49,97;
16:40:52;3511;49,98;
16:40:55;3498;49,98;
16:40:58;3484;49,98;
16:41:01;3479;49,97;
16:41:04;3483;49,97;
16:41:07;3467;49,97;
16:41:10;3461;49,97;
16:41:13;3449;49,97;
16:41:16;3445;49,97;
16:41:19;3435;49,97;
16:41:22;3429;49,97;
16:41:25;3408;49,97;
16:41:28;3414;49,96;
16:41:31;3398;49,96;
16:41:34;3396;49,96;
16:41:37;3385;49,96;
16:41:40;3378;49,96;
16:41:43;3367;49,96;
16:41:49;3348;49,96;
16:41:52;3345;49,96;
16:41:55;3334;49,96;
16:41:58;3330;49,96;
16:42:01;3318;49,96;
16:42:04;3313;49,96;
16:42:07;3299;49,96;
16:42:10;3303;49,96;
16:42:13;3286;49,97;
16:42:16;3281;49,97;
16:42:19;3272;49,96;
16:42:22;3268;49,96;
16:42:25;3259;49,96;
16:42:28;3254;49,96;
16:42:31;3241;49,96;
16:42:34;3239;49,96;
16:42:37;3234;49,96;
16:42:40;3228;49,96;
16:42:43;3210;49,96;
16:42:46;3214;49,96;
16:42:49;3205;49,95;
16:42:55;3187;49,95;
16:42:58;3193;49,95;
16:43:01;3172;49,96;
16:43:04;3182;49,96;
16:43:07;3168;49,97;
16:43:10;3171;49,97;
16:43:13;3167;49,97;
16:43:16;3141;49,97;
16:43:19;3150;49,96;
16:43:22;3153;49,96;
16:43:25;3122;49,96;
16:43:28;3143;49,96;
16:43:31;3134;49,96;
16:43:34;3136;49,97;
16:43:37;3109;49,97;
16:43:40;3127;49,97;
16:43:43;3117;49,96;
16:43:46;3119;49,96;
16:43:49;3106;49,97;
16:43:52;3116;49,97;
16:43:55;3103;49,98;
16:44:01;3094;49,97;
16:44:04;3105;49,97;
16:44:07;3092;49,96;
16:44:10;3099;49,96;
16:44:13;3078;49,96;
16:44:16;3099;49,96;
16:44:19;3097;49,96;
16:44:22;3094;49,96;
16:44:25;3075;49,96;
16:44:28;3098;49,96;
16:44:34;3097;49,97;
16:44:46;3101;49,97;
16:44:52;3103;49,98;
16:44:55;3105;49,98;
16:44:58;3107;49,99;
16:45:01;3110;49,99;
16:45:04;3091;49,99;
16:45:07;3113;49,99;
16:45:10;3119;49,98;
16:45:13;3118;49,98;
16:45:16;3120;49,98;
16:45:19;3121;49,98;
16:45:22;3125;49,97;
16:45:25;3122;49,97;
16:45:28;3107;49,97;
16:45:31;3132;49,98;
16:45:34;3137;49,98;
16:45:37;3138;49,98;
16:45:40;3140;49,98;
16:45:43;3144;49,98;
16:45:46;3146;49,98;
16:45:52;3154;49,98;
16:45:55;3162;49,98;
16:45:58;3156;49,98;
16:46:01;3166;49,98;
16:46:04;3161;49,98;
16:46:07;3172;49,98;
16:46:10;3173;49,98;
16:46:13;3162;49,97;
16:46:16;3162;49,96;
16:46:19;3179;49,96;
16:46:22;3170;49,96;
16:46:25;3179;49,96;
16:46:28;3166;49,96;
16:46:31;3186;49,96;
16:46:37;3188;49,96;
16:46:40;3170;49,96;
16:46:43;3189;49,96;
16:46:46;3178;49,96;
16:46:49;3191;49,96;
16:46:52;3176;49,97;
16:46:58;3180;49,97;
16:47:01;3194;49,97;
16:47:04;3177;49,97;
16:47:07;3192;49,97;
16:47:10;3179;49,98;
16:47:13;3193;49,98;
16:47:16;3193;49,99;
16:47:19;3180;49,99;
16:47:22;3176;49,98;
16:47:25;3193;49,97;
16:47:28;3179;49,97;
16:47:31;3192;49,97;
16:47:34;3175;49,97;
16:47:37;3191;49,97;
16:47:40;3192;49,97;
16:47:46;3184;49,97;
16:47:49;3185;49,97;
16:47:52;3177;49,97;
16:47:55;3183;49,97;
16:47:58;3188;49,97;
16:48:04;3182;49,98;
16:48:07;3183;49,99;
16:48:10;3189;49,99;
16:48:13;3169;49,99;
16:48:16;3187;49,99;
16:48:19;3174;49,99;
16:48:22;3187;49,98;
16:48:28;3185;49,98;
16:48:31;3172;49,98;
16:48:34;3164;49,98;
16:48:37;3183;49,98;
16:48:40;3170;49,98;
16:48:43;3181;49,98;
16:48:46;3182;49,98;
16:48:49;3174;49,98;
16:48:52;3168;49,98;
16:48:55;3182;49,98;
16:48:58;3171;49,98;
16:49:01;3167;49,98;
16:49:04;3180;49,98;
16:49:07;3174;49,97;
16:49:10;3177;49,97;
16:49:13;3159;49,98;
16:49:16;3178;49,98;
16:49:19;3170;49,98;
16:49:22;3181;49,99;
16:49:25;3159;49,98;
16:49:28;3181;49,98;
16:49:31;3180;49,98;
16:49:34;3183;49,98;
16:49:37;3163;49,98;
16:49:40;3183;49,98;
16:49:43;3172;49,98;
16:49:46;3185;49,98;
16:49:49;3168;49,98;
16:49:55;3179;49,98;
16:49:58;3192;49,98;
16:50:01;3175;49,98;
16:50:04;3195;49,99;
16:50:07;3187;49,98;
16:50:10;3198;49,98;
16:50:13;3200;49,98;
16:50:16;3183;49,98;
16:50:19;3200;49,98;
16:50:22;3207;49,98;
16:50:25;3193;49,98;
16:50:28;3215;49,98;
16:50:31;3211;49,98;
16:50:34;3216;49,98;
16:50:37;3219;49,97;
16:50:40;3219;49,98;
16:50:43;3212;49,98;
16:50:46;3214;49,98;
16:50:49;3203;49,98;
16:50:52;3208;49,98;
16:50:55;3207;49,99;
16:51:01;3211;49,99;
16:51:04;3200;49,99;
16:51:07;3212;49,99;
16:51:10;3219;50,00;
16:51:13;3225;49,99;
16:51:16;3203;49,99;
16:51:19;3230;50,00;
16:51:22;3235;49,99;
16:51:25;3260;49,99;
16:51:28;3245;49,99;
16:51:31;3281;49,98;
16:51:34;3275;49,99;
16:51:37;3277;49,99;
16:51:40;3254;49,99;
16:51:43;3279;49,99;
16:51:46;3277;49,99;
16:51:49;3284;49,98;
16:51:52;3260;49,98;
16:51:55;3299;49,98;
16:52:01;3322;49,99;
16:52:07;3336;50,00;
16:52:10;3345;50,00;
16:52:13;3380;49,99;
16:52:16;3365;49,98;
16:52:19;3403;49,98;
16:52:22;3390;49,98;
16:52:25;3381;49,98;
16:52:28;3379;49,98;
16:52:31;3382;49,98;
16:52:34;3381;49,98;
16:52:37;3404;49,97;
16:52:40;3382;49,97;
16:52:43;3419;49,97;
16:52:46;3411;49,97;
16:52:49;3409;49,96;
16:52:52;3367;49,97;
16:52:55;3376;49,97;
16:52:58;3369;49,97;
16:53:01;3362;49,98;
16:53:04;3342;49,98;
16:53:07;3353;49,98;
16:53:13;3342;49,98;
16:53:16;3337;49,97;
16:53:19;3325;49,97;
16:53:22;3315;49,97;
16:53:25;3313;49,97;
16:53:28;3287;49,97;
16:53:31;3311;49,96;
16:53:34;3309;49,97;
16:53:37;3303;49,96;
16:53:40;3282;49,97;
16:53:43;3306;49,97;
16:53:46;3303;49,98;
16:53:49;3308;49,98;
16:53:52;3291;49,98;
16:53:58;3299;49,98;
16:54:01;3310;49,98;
16:54:04;3296;49,98;
16:54:07;3286;49,98;
16:54:10;3292;49,99;
16:54:13;3298;49,99;
16:54:16;3296;49,99;
16:54:22;3288;49,99;
16:54:25;3279;49,98;
16:54:28;3280;49,98;
16:54:31;3256;49,99;
16:54:34;3271;49,99;
16:54:37;3262;49,99;
16:54:40;3264;49,99;
16:54:43;3241;49,99;
16:54:46;3256;49,99;
16:54:49;3246;49,99;
16:54:52;3248;49,98;
16:54:55;3227;49,98;
16:54:58;3241;49,98;
16:55:04;3230;49,98;
16:55:07;3212;49,98;
16:55:10;3223;49,98;
16:55:13;3211;49,98;
16:55:16;3216;49,99;
16:55:19;3196;49,98;
16:55:22;3210;49,98;
16:55:25;3206;49,98;
16:55:28;3199;49,98;
16:55:31;3177;49,97;
16:55:34;3189;49,97;
16:55:37;3177;49,98;
16:55:40;3180;49,98;
16:55:43;3161;49,98;
16:55:46;3174;49,98;
16:55:49;3163;49,98;
16:55:52;3166;49,97;
16:55:55;3152;49,97;
16:55:58;3157;49,97;
16:56:01;3146;49,97;
16:56:04;3155;49,97;
16:56:10;3151;49,96;
16:56:13;3142;49,96;
16:56:16;3149;49,96;
16:56:22;3144;49,96;
16:56:25;3143;49,96;
16:56:28;3131;49,96;
16:56:31;3141;49,96;
16:56:34;3134;49,96;
16:56:37;3131;49,96;
16:56:40;3125;49,96;
16:56:43;3120;49,96;
16:56:46;3115;49,96;
16:56:49;3111;49,96;
16:56:52;3097;49,96;
16:56:55;3103;49,97;
16:56:58;3096;49,97;
16:57:01;3093;49,97;
16:57:04;3085;49,97;
16:57:07;3082;49,97;
16:57:10;3073;49,98;
16:57:16;3065;49,98;
16:57:19;3060;49,97;
16:57:22;3053;49,97;
16:57:25;3051;49,97;
16:57:28;3042;49,97;
16:57:31;3040;49,98;
16:57:34;3017;49,98;
16:57:37;3033;49,97;
16:57:40;3023;49,98;
16:57:43;3022;49,98;
16:57:46;3015;49,99;
16:57:49;3014;49,99;
16:57:52;3005;49,99;
16:57:55;3001;50,00;
16:57:58;2984;50,00;
16:58:01;2986;50,00;
16:58:04;2974;50,00;
16:58:07;2969;50,00;
16:58:10;2946;50,00;
16:58:13;2951;50,00;
16:58:16;2935;50,00;
16:58:19;2946;50,00;
16:58:22;2944;50,00;
16:58:25;2929;49,99;
16:58:28;2907;49,99;
16:58:31;2903;49,99;
16:58:34;2881;49,99;
16:58:37;2882;49,99;
16:58:40;2865;49,99;
16:58:43;2870;49,99;
16:58:46;2839;50,00;
16:58:49;2842;50,00;
16:58:52;2822;50,00;
16:58:55;2817;50,01;
16:58:58;2802;50,01;
16:59:01;2798;50,01;
16:59:07;2774;50,00;
16:59:10;2763;50,00;
16:59:13;2746;50,00;
16:59:16;2731;50,00;
16:59:19;2722;50,00;
16:59:22;2719;50,01;
16:59:25;2700;50,01;
16:59:28;2705;50,01;
16:59:31;2678;50,01;
16:59:34;2670;50,00;
16:59:37;2656;50,00;
16:59:40;2648;50,01;
16:59:43;2640;50,01;
16:59:46;2633;50,01;
16:59:49;2615;50,01;
16:59:52;2623;50,01;
16:59:55;2614;50,01;
17:00:01;2610;50,02;
17:00:04;2612;50,03;
17:00:07;2609;50,03;
17:00:13;2613;50,04;
17:00:16;2622;50,04;
17:00:19;2631;50,02;
17:00:22;2647;50,02;
17:00:25;2649;50,01;
17:00:28;2644;50,01;
17:00:31;2638;50,01;
17:00:34;2655;50,01;
17:00:37;2663;50,01;
17:00:40;2668;50,01;
17:00:43;2657;50,01;
17:00:46;2658;50,01;
17:00:49;2675;50,02;
17:00:52;2689;50,01;
17:00:55;2701;50,02;
17:00:58;2747;50,02;
17:01:01;2767;50,03;
17:01:04;2780;50,03;
17:01:07;2809;50,02;
17:01:10;2860;50,02;
17:01:13;2875;50,02;
17:01:19;2772;50,02;
17:01:22;2813;50,01;
17:01:25;2772;50,02;
17:01:28;2767;50,02;
17:01:31;2746;50,01;
17:01:34;2733;50,01;
17:01:37;2728;50,02;
17:01:40;2715;50,01;
17:01:43;2729;50,01;
17:01:46;2749;50,01;
17:01:49;2693;50,01;
17:01:52;2680;50,01;
17:01:55;2655;50,01;
17:01:58;2664;50,01;
17:02:01;2665;50,01;
17:02:04;2687;50,02;
17:02:07;2713;50,02;
17:02:13;2696;50,02;
17:02:16;2701;50,02;
17:02:19;2671;50,01;
17:02:25;2617;50,01;
17:02:28;2616;50,01;
17:02:31;2594;50,01;
17:02:34;2603;50,01;
17:02:37;2607;50,01;
17:02:43;2602;50,01;
17:02:46;2584;50,01;
17:02:49;2579;50,01;
17:02:52;2577;50,01;
17:02:55;2575;50,01;
17:02:58;2581;50,01;
17:03:04;2594;50,01;
17:03:10;2592;50,00;
17:03:13;2580;50,00;
17:03:16;2564;50,00;
17:03:19;2567;50,00;
17:03:22;2601;50,00;
17:03:25;2637;50,00;
17:03:28;2653;50,00;
17:03:31;2638;50,00;
17:03:34;2573;49,99;
17:03:37;2579;49,99;
17:03:40;2572;50,00;
17:03:43;2574;50,00;
17:03:46;2597;50,00;
17:03:49;2599;50,00;
17:03:52;2583;50,00;
17:03:55;2573;49,99;
17:03:58;2579;49,99;
17:04:01;2603;49,99;
17:04:04;2665;49,99;
17:04:07;2672;49,99;
17:04:10;2706;49,99;
17:04:16;2750;50,00;
17:04:19;2833;50,00;
17:04:22;3113;49,99;
17:04:25;3377;49,98;
17:04:28;3790;49,98;
17:04:31;3551;49,98;
17:04:34;3159;49,98;
17:04:37;2915;49,98;
17:04:40;2835;50,00;
17:04:43;2844;50,00;
17:04:46;2796;50,00;
17:04:49;2874;50,00;
17:04:52;3159;50,00;
17:04:55;3295;50,00;
17:04:58;3259;50,00;
17:05:01;3122;50,00;
17:05:04;2871;50,00;
17:05:07;2784;50,00;
17:05:10;2673;50,00;
17:05:13;2689;50,00;
17:05:16;2660;49,99;
17:05:22;2567;50,00;
17:05:25;2562;50,00;
17:05:28;2513;49,99;
17:05:31;2504;49,99;
17:05:34;2482;49,99;
17:05:37;2496;49,99;
17:05:40;2492;49,99;
17:05:43;2481;49,99;
17:05:46;2548;50,00;
17:05:49;2583;49,99;
17:05:52;2617;49,99;
17:05:55;2659;49,99;
17:05:58;2755;50,00;
17:06:01;2912;50,00;
17:06:04;3187;50,00;
17:06:07;3633;50,00;
17:06:10;3375;50,00;
17:06:13;3270;50,00;
17:06:16;2902;50,01;
17:06:19;2724;50,01;
17:06:22;2553;50,02;
17:06:28;2409;50,01;
17:06:31;2399;50,01;
17:06:34;2378;50,01;
17:06:37;2416;50,01;
17:06:40;2456;50,01;
17:06:43;2495;50,01;
17:06:46;2566;50,01;
17:06:49;2640;50,00;
17:06:52;3010;50,01;
17:06:55;2926;50,01;
17:06:58;2754;50,01;
17:07:01;2677;50,01;
17:07:04;2586;50,01;
17:07:07;2588;50,00;
17:07:13;2537;50,00;
17:07:16;2533;50,00;
17:07:19;2529;50,00;
17:07:22;2550;50,00;
17:07:25;2485;50,00;
17:07:28;2463;50,01;
17:07:31;2425;50,01;
17:07:34;2390;50,01;
17:07:37;2294;50,01;
17:07:40;2288;50,00;
17:07:43;2240;50,00;
17:07:46;2227;50,00;
17:07:49;2197;50,00;
17:07:55;2174;50,00;
17:07:58;2134;50,01;
17:08:01;2100;50,01;
17:08:04;2099;50,01;
17:08:07;2065;50,01;
17:08:10;2070;50,00;
17:08:13;2049;50,00;
17:08:19;2032;50,01;
17:08:22;2043;50,01;
17:08:25;2027;50,01;
17:08:28;2037;50,01;
17:08:31;2023;50,01;
17:08:34;2032;50,00;
17:08:37;2036;50,00;
17:08:40;2023;50,00;
17:08:43;2017;50,01;
17:08:46;2034;50,01;
17:08:49;2023;50,01;
17:08:52;2036;50,01;
17:08:55;2026;50,01;
17:08:58;2038;50,01;
17:09:01;2042;50,01;
17:09:04;2047;50,00;
17:09:07;2032;50,01;
17:09:10;2049;50,01;
17:09:13;2048;50,02;
17:09:16;2051;50,02;
17:09:19;2052;50,02;
17:09:25;2069;50,01;
17:09:28;2059;50,01;
17:09:31;2070;50,01;
17:09:34;2068;50,01;
17:09:37;2075;50,00;
17:09:40;2061;50,00;
17:09:43;2072;50,00;
17:09:46;2074;50,00;
17:09:49;2072;49,99;
17:09:52;2061;49,99;
17:09:55;2072;49,98;
17:09:58;2062;49,98;
17:10:01;2080;49,99;
17:10:04;2073;49,99;
17:10:07;2090;49,99;
17:10:10;2082;49,99;
17:10:13;2104;49,98;
17:10:16;2097;49,98;
17:10:19;2125;49,98;
17:10:22;2119;49,98;
17:10:25;2145;49,98;
17:10:31;2173;49,98;
17:10:34;2168;49,98;
17:10:37;2201;49,98;
17:10:40;2196;49,98;
17:10:43;2224;49,98;
17:10:46;2217;49,98;
17:10:49;2235;49,99;
17:10:52;2243;49,99;
17:10:55;2274;49,99;
17:10:58;2280;49,99;
17:11:01;2340;50,00;
17:11:04;2352;50,00;
17:11:07;2407;50,00;
17:11:10;2417;50,00;
17:11:13;2436;50,01;
17:11:16;2460;50,00;
17:11:19;2490;50,00;
17:11:22;2463;49,99;
17:11:25;2458;49,98;
17:11:28;2432;49,98;
17:11:31;2469;49,97;
17:11:37;2574;49,97;
17:11:40;2576;49,98;
17:11:43;2589;49,98;
17:11:46;2573;49,98;
17:11:49;2585;49,98;
17:11:52;2536;49,98;
17:11:55;2548;49,98;
17:11:58;2538;49,98;
17:12:01;2484;49,98;
17:12:04;2464;49,98;
17:12:07;2473;49,98;
17:12:10;2403;49,98;
17:12:13;2367;49,98;
17:12:16;2283;49,98;
17:12:22;2205;49,98;
17:12:25;2182;49,98;
17:12:28;2157;49,98;
17:12:31;2133;49,98;
17:12:34;2119;49,98;
17:12:37;2099;49,98;
17:12:40;2108;49,98;
17:12:43;2104;49,98;
17:12:49;2095;49,98;
17:12:52;2119;49,98;
17:12:55;2113;49,98;
17:12:58;2138;49,98;
17:13:01;2142;49,98;
17:13:04;2161;49,98;
17:13:07;2120;49,98;
17:13:10;2116;49,99;
17:13:13;2104;49,99;
17:13:16;2120;49,98;
17:13:19;2118;49,98;
17:13:22;2144;49,98;
17:13:28;2168;49,98;
17:13:31;2170;49,98;
17:13:34;2191;49,98;
17:13:37;2187;49,98;
17:13:40;2206;49,98;
17:13:43;2200;49,98;
17:13:46;2214;49,98;
17:13:49;2222;49,98;
17:13:52;2265;49,98;
17:13:55;2273;49,99;
17:13:58;2289;49,99;
17:14:01;2273;49,99;
17:14:04;2285;49,99;
17:14:07;2276;49,99;
17:14:10;2302;49,98;
17:14:13;2304;49,98;
17:14:16;2337;49,98;
17:14:19;2333;49,98;
17:14:22;2351;49,97;
17:14:25;2348;49,96;
17:14:28;2353;49,96;
17:14:34;2366;49,95;
17:14:37;2374;49,96;
17:14:40;2387;49,96;
17:14:43;2396;49,96;
17:14:46;2409;49,96;
17:14:49;2416;49,96;
17:14:52;2412;49,96;
17:14:55;2442;49,96;
17:14:58;2484;49,97;
17:15:01;2495;49,97;
17:15:04;2537;49,98;
17:15:07;2569;49,97;
17:15:10;2678;49,98;
17:15:13;2768;49,98;
17:15:16;2889;49,98;
17:15:19;3213;49,98;
17:15:22;3401;49,98;
17:15:25;3403;49,99;
17:15:28;3447;50,00;
17:15:31;3531;50,00;
17:15:34;3900;50,00;
17:15:40;4180;50,00;
17:15:43;4290;50,00;
17:15:46;3861;50,00;
17:15:49;3497;50,00;
17:15:52;3064;49,99;
17:15:55;2946;49,99;
17:15:58;2864;49,98;
17:16:01;2834;49,98;
17:16:04;2800;49,99;
17:16:07;2758;49,99;
17:16:10;2645;50,00;
17:16:13;2604;50,00;
17:16:16;2562;50,00;
17:16:19;2502;50,00;
17:16:25;2458;50,01;
17:16:28;2443;50,01;
17:16:31;2471;50,01;
17:16:34;2490;50,00;
17:16:37;2489;50,00;
17:16:40;2416;50,00;
17:16:43;2431;49,99;
17:16:46;2411;50,00;
17:16:49;2384;50,00;
17:16:52;2364;50,00;
17:16:55;2363;50,00;
17:16:58;2346;50,00;
17:17:01;2378;49,99;
17:17:04;2379;49,99;
17:17:07;2401;49,99;
17:17:10;2393;49,99;
17:17:13;2391;50,00;
17:17:16;2365;50,00;
17:17:19;2356;50,00;
17:17:22;2346;50,00;
17:17:25;2333;49,99;
17:17:31;2309;50,00;
17:17:34;2303;50,00;
17:17:37;2294;50,00;
17:17:40;2283;50,00;
17:17:43;2277;49,99;
17:17:46;2272;50,00;
17:17:49;2256;50,00;
17:17:52;2264;50,00;
17:17:55;2248;50,01;
17:17:58;2244;50,01;
17:18:01;2236;50,01;
17:18:04;2234;50,01;
17:18:07;2229;50,00;
17:18:10;2225;50,01;
17:18:13;2212;50,01;
17:18:16;2216;50,00;
17:18:19;2212;50,00;
17:18:22;2211;50,00;
17:18:25;2205;50,00;
17:18:28;2202;50,00;
17:18:31;2197;50,00;
17:18:37;2191;50,00;
17:18:40;2188;50,00;
17:18:43;2185;50,00;
17:18:46;2186;50,00;
17:18:49;2182;50,00;
17:18:52;2181;50,00;
17:18:55;2173;50,00;
17:18:58;2180;50,00;
17:19:10;2182;50,00;
17:19:13;2184;50,00;
17:19:16;2187;50,00;
17:19:19;2177;50,00;
17:19:22;2192;50,00;
17:19:28;2205;50,00;
17:19:31;2218;50,00;
17:19:34;2218;49,99;
17:19:37;2200;50,00;
17:19:43;2211;50,00;
17:19:46;2210;49,99;
17:19:49;2212;50,00;
17:19:52;2213;50,00;
17:19:55;2215;50,00;
17:19:58;2219;50,00;
17:20:01;2211;50,00;
17:20:04;2226;49,99;
17:20:07;2239;49,98;
17:20:10;2249;49,98;
17:20:13;2266;49,98;
17:20:16;2278;49,98;
17:20:19;2306;49,98;
17:20:22;2321;49,98;
17:20:25;2344;49,98;
17:20:28;2378;49,98;
17:20:31;2373;49,99;
17:20:34;2368;49,99;
17:20:37;2364;49,98;
17:20:40;2385;49,99;
17:20:43;2398;49,99;
17:20:46;2381;49,99;
17:20:49;2392;49,99;
17:20:52;2388;49,99;
17:20:55;2396;49,99;
17:20:58;2427;49,99;
17:21:01;2446;49,99;
17:21:04;2447;50,00;
17:21:07;2450;50,00;
17:21:10;2444;50,00;
17:21:13;2480;50,00;
17:21:16;2461;50,00;
17:21:19;2444;50,00;
17:21:22;2414;49,99;
17:21:25;2407;49,99;
17:21:28;2398;49,98;
17:21:34;2397;49,99;
17:21:37;2402;49,98;
17:21:40;2410;49,98;
17:21:43;2411;49,98;
17:21:46;2415;49,97;
17:21:49;2422;49,96;
17:21:52;2413;49,97;
17:21:55;2435;49,97;
17:21:58;2464;49,98;
17:22:01;2469;49,98;
17:22:04;2438;49,98;
17:22:07;2422;49,98;
17:22:10;2388;49,98;
17:22:13;2375;49,98;
17:22:16;2349;49,98;
17:22:19;2346;49,98;
17:22:22;2332;49,98;
17:22:25;2335;49,98;
17:22:28;2320;49,98;
17:22:31;2329;49,98;
17:22:34;2327;49,97;
17:22:40;2316;49,97;
17:22:43;2329;49,97;
17:22:49;2332;49,97;
17:22:52;2323;49,97;
17:22:55;2335;49,96;
17:22:58;2338;49,96;
17:23:01;2332;49,96;
17:23:04;2330;49,97;
17:23:07;2343;49,96;
17:23:10;2337;49,96;
17:23:13;2345;49,97;
17:23:16;2329;49,97;
17:23:19;2340;49,96;
17:23:22;2336;49,96;
17:23:25;2332;49,96;
17:23:28;2316;49,96;
17:23:31;2327;49,96;
17:23:34;2315;49,96;
17:23:37;2320;49,96;
17:23:40;2307;49,96;
17:23:46;2306;49,96;
17:23:49;2312;49,96;
17:23:52;2302;49,96;
17:23:55;2312;49,96;
17:23:58;2302;49,97;
17:24:01;2309;49,97;
17:24:04;2310;49,97;
17:24:07;2297;49,96;
17:24:10;2299;49,96;
17:24:13;2306;49,96;
17:24:16;2296;49,96;
17:24:19;2303;49,96;
17:24:22;2290;49,95;
17:24:25;2306;49,95;
17:24:28;2301;49,94;
17:24:31;2287;49,94;
17:24:34;2277;49,94;
17:24:37;2284;49,94;
17:24:40;2270;49,94;
17:24:43;2278;49,94;
17:24:46;2263;49,95;
17:24:52;2257;49,95;
17:24:55;2266;49,95;
17:24:58;2251;49,96;
17:25:01;2258;49,96;
17:25:04;2248;49,96;
17:25:07;2257;49,96;
17:25:10;2256;49,96;
17:25:13;2246;49,96;
17:25:16;2252;49,96;
17:25:19;2250;49,96;
17:25:22;2249;49,96;
17:25:25;2233;49,95;
17:25:28;2226;49,95;
17:25:31;2203;49,95;
17:25:37;2190;49,94;
17:25:40;2184;49,94;
17:25:43;2166;49,94;
17:25:46;2172;49,94;
17:25:49;2160;49,94;
17:25:52;2160;49,95;
17:25:55;2155;49,95;
17:25:58;2145;49,96;
17:26:01;2137;49,96;
17:26:04;2141;49,96;
17:26:07;2127;49,96;
17:26:10;2132;49,96;
17:26:13;2118;49,96;
17:26:16;2123;49,96;
17:26:19;2121;49,96;
17:26:22;2115;49,97;
17:26:25;2101;49,97;
17:26:28;2106;49,96;
17:26:31;2097;49,96;
17:26:34;2101;49,96;
17:26:37;2087;49,96;
17:26:43;2086;49,97;
17:26:46;2091;49,97;
17:26:49;2080;49,97;
17:26:52;2091;49,97;
17:26:55;2082;49,97;
17:26:58;2089;49,97;
17:27:01;2090;49,97;
17:27:04;2079;49,97;
17:27:07;2083;49,97;
17:27:10;2090;49,97;
17:27:13;2078;49,96;
17:27:16;2087;49,96;
17:27:19;2080;49,96;
17:27:22;2085;49,96;
17:27:25;2083;49,96;
17:27:31;2079;49,96;
17:27:34;2071;49,96;
17:27:37;2065;49,96;
17:27:40;2068;49,96;
17:27:43;2066;49,96;
17:27:49;2057;49,98;
17:27:52;2053;49,98;
17:27:55;2053;49,99;
17:27:58;2048;49,98;
17:28:01;2046;49,98;
17:28:04;2032;49,98;
17:28:07;2039;49,97;
17:28:10;2037;49,97;
17:28:13;2030;49,98;
17:28:16;2016;49,99;
17:28:19;2021;49,98;
17:28:22;2018;49,99;
17:28:25;2017;49,99;
17:28:28;2005;50,00;
17:28:31;2016;50,00;
17:28:34;2008;50,00;
17:28:37;2008;49,99;
17:28:40;1992;49,99;
17:28:43;1997;49,98;
17:28:46;1990;49,98;
17:28:49;1995;49,97;
17:28:55;1989;49,97;
17:28:58;1983;49,97;
17:29:01;1987;49,98;
17:29:04;1973;49,98;
17:29:07;1980;49,98;
17:29:10;1975;49,98;
17:29:13;1976;49,98;
17:29:16;1975;49,98;
17:29:19;1967;49,98;
17:29:22;1959;49,98;
17:29:25;1960;49,98;
17:29:28;1953;49,98;
17:29:31;1956;49,97;
17:29:34;1945;49,98;
17:29:37;1951;49,98;
17:29:40;1938;49,98;
17:29:43;1943;49,97;
17:29:46;1931;49,96;
17:29:49;1940;49,96;
17:29:52;1922;49,97;
17:29:55;1934;49,98;
17:29:58;1930;49,98;
17:30:01;1923;49,98;
17:30:04;1913;49,98;
17:30:07;1925;49,98;
17:30:10;1913;49,97;
17:30:13;1916;49,97;
17:30:16;1905;49,96;
17:30:19;1914;49,96;
17:30:22;1911;49,96;
17:30:25;1906;49,95;
17:30:28;1891;49,95;
17:30:31;1895;49,95;
17:30:34;1889;49,95;
17:30:37;1894;49,95;
17:30:40;1892;49,96;
17:30:46;1885;49,96;
17:30:49;1889;49,96;
17:30:52;1894;49,96;
17:30:55;1876;49,96;
17:30:58;1890;49,96;
17:31:01;1881;49,96;
17:31:04;1886;49,96;
17:31:10;1885;49,96;
17:31:13;1877;49,96;
17:31:16;1882;49,96;
17:31:19;1871;49,96;
17:31:22;1879;49,96;
17:31:25;1870;49,96;
17:31:28;1876;49,96;
17:31:31;1865;49,96;
17:31:34;1871;49,96;
17:31:37;1866;49,97;
17:31:40;1869;49,97;
17:31:43;1857;49,98;
17:31:46;1865;49,98;
17:31:52;1863;49,98;
17:31:55;1850;49,97;
17:31:58;1861;49,97;
17:32:01;1855;49,97;
17:32:04;1859;49,98;
17:32:07;1844;49,98;
17:32:10;1857;49,98;
17:32:13;1856;49,98;
17:32:16;1855;49,98;
17:32:19;1842;49,98;
17:32:22;1853;49,98;
17:32:25;1846;49,98;
17:32:28;1850;49,98;
17:32:31;1844;49,98;
17:32:34;1845;49,97;
17:32:37;1844;49,97;
17:32:40;1853;49,97;
17:32:43;1848;49,97;
17:32:46;1854;49,97;
17:32:49;1849;49,97;
17:32:52;1856;49,97;
17:32:58;1858;49,97;
17:33:04;1859;49,96;
17:33:10;1858;49,97;
17:33:13;1859;49,96;
17:33:16;1855;49,96;
17:33:19;1860;49,97;
17:33:22;1860;49,96;
17:33:25;1861;49,96;
17:33:28;1858;49,96;
17:33:31;1861;49,96;
17:33:37;1862;49,96;
17:33:40;1856;49,96;
17:33:43;1859;49,96;
17:33:46;1858;49,96;
17:33:49;1860;49,96;
17:33:52;1859;49,97;
17:33:55;1857;49,97;
17:33:58;1856;49,97;
17:34:04;1855;49,98;
17:34:10;1853;49,98;
17:34:13;1852;49,98;
17:34:16;1848;49,98;
17:34:19;1848;49,97;
17:34:22;1838;49,97;
17:34:25;1848;49,98;
17:34:28;1841;49,98;
17:34:31;1842;49,98;
17:34:34;1826;49,98;
17:34:37;1840;49,98;
17:34:40;1840;49,97;
17:34:43;1837;49,98;
17:34:49;1833;49,97;
17:34:52;1828;49,97;
17:34:55;1830;49,98;
17:34:58;1818;49,98;
17:35:01;1828;49,98;
17:35:04;1821;49,98;
17:35:07;1823;49,98;
17:35:10;1822;49,98;
17:35:13;1820;49,97;
17:35:16;1816;49,97;
17:35:19;1816;49,96;
17:35:22;1805;49,96;
17:35:25;1815;49,96;
17:35:28;1808;49,96;
17:35:31;1813;49,96;
17:35:34;1793;49,96;
17:35:37;1809;49,96;
17:35:40;1807;49,96;
17:35:46;1804;49,96;
17:35:49;1805;49,96;
17:35:55;1803;49,97;
17:35:58;1805;49,97;
17:36:01;1802;49,97;
17:36:07;1801;49,98;
17:36:10;1801;49,97;
17:36:13;1791;49,98;
17:36:16;1800;49,98;
17:36:19;1801;49,96;
17:36:22;1800;49,96;
17:36:25;1799;49,96;
17:36:28;1798;49,96;
17:36:31;1799;49,96;
17:36:37;1789;49,96;
17:36:40;1801;49,96;
17:36:43;1798;49,95;
17:36:46;1799;49,95;
17:36:55;1797;49,96;
17:37:01;1796;49,96;
17:37:04;1799;49,96;
17:37:07;1798;49,96;
17:37:13;1797;49,96;
17:37:16;1798;49,96;
17:37:19;1795;49,96;
17:37:22;1799;49,95;
17:37:25;1800;49,95;
17:37:28;1802;49,94;
17:37:31;1803;49,94;
17:37:34;1802;49,94;
17:37:37;1801;49,95;
17:37:40;1804;49,94;
17:37:46;1806;49,94;
17:37:49;1803;49,94;
17:37:52;1810;49,94;
17:37:55;1804;49,94;
17:37:58;1812;49,95;
17:38:01;1809;49,95;
17:38:07;1814;49,95;
17:38:10;1820;49,95;
17:38:13;1813;49,95;
17:38:16;1823;49,95;
17:38:19;1821;49,94;
17:38:22;1828;49,94;
17:38:25;1829;49,94;
17:38:28;1823;49,94;
17:38:31;1831;49,95;
17:38:34;1837;49,95;
17:38:37;1833;49,95;
17:38:40;1842;49,96;
17:38:43;1841;49,96;
17:38:46;1847;49,96;
17:38:52;1853;49,97;
17:38:55;1850;49,98;
17:38:58;1858;49,98;
17:39:01;1861;49,98;
17:39:04;1863;49,98;
17:39:07;1867;49,97;
17:39:10;1861;49,97;
17:39:13;1870;49,97;
17:39:16;1875;49,96;
17:39:19;1878;49,96;
17:39:22;1884;49,95;
17:39:25;1885;49,95;
17:39:28;1887;49,95;
17:39:31;1891;49,95;
17:39:34;1886;49,95;
17:39:37;1898;49,96;
17:39:40;1901;49,96;
17:39:43;1905;49,96;
17:39:46;1900;49,96;
17:39:49;1910;49,96;
17:40:01;1921;49,96;
17:40:04;1921;49,95;
17:40:07;1927;49,95;
17:40:10;1930;49,95;
17:40:13;1933;49,94;
17:40:16;1927;49,95;
17:40:19;1932;49,95;
17:40:22;1939;49,96;
17:40:25;1940;49,96;
17:40:28;1941;49,95;
17:40:31;1944;49,96;
17:40:34;1945;49,95;
17:40:37;1947;49,95;
17:40:40;1936;49,95;
17:40:43;1951;49,95;
17:40:46;1945;49,95;
17:40:49;1952;49,95;
17:40:52;1951;49,95;
17:40:55;1956;49,95;
17:40:58;1947;49,96;
17:41:04;1954;49,95;
17:41:07;1961;49,94;
17:41:10;1954;49,93;
17:41:13;1960;49,94;
17:41:16;1954;49,93;
17:41:19;1963;49,93;
17:41:22;1964;49,94;
17:41:25;1957;49,94;
17:41:28;1960;49,96;
17:41:31;1967;49,96;
17:41:34;1959;49,96;
17:41:37;1967;49,96;
17:41:40;1960;49,95;
17:41:43;1968;49,95;
17:41:46;1970;49,95;
17:41:49;1971;49,96;
17:41:52;1965;49,96;
17:41:55;1972;49,96;
17:41:58;1967;49,96;
17:42:01;1973;49,95;
17:42:04;1969;49,95;
17:42:10;1967;49,96;
17:42:13;1975;49,96;
17:42:16;1969;49,96;
17:42:19;1974;49,96;
17:42:22;1970;49,96;
17:42:25;1977;49,95;
17:42:28;1977;49,96;
17:42:31;1971;49,96;
17:42:34;1973;49,98;
17:42:37;1976;49,97;
17:42:40;1967;49,97;
17:42:43;1979;49,97;
17:42:46;1981;49,97;
17:42:49;1973;49,97;
17:42:52;1978;49,97;
17:42:55;1975;49,97;
17:42:58;1981;49,97;
17:43:01;1971;49,97;
17:43:04;1972;49,97;
17:43:07;1973;49,97;
17:43:10;1978;49,96;
17:43:16;1979;49,96;
17:43:19;1970;49,96;
17:43:22;1978;49,96;
17:43:25;1973;49,95;
17:43:28;1978;49,95;
17:43:31;1968;49,95;
17:43:34;1978;49,95;
17:43:37;1980;49,95;
17:43:40;1979;49,95;
17:43:43;1970;49,94;
17:43:46;1978;49,94;
17:43:49;1975;49,95;
17:43:52;1979;49,95;
17:43:55;1968;49,95;
17:44:01;1973;49,95;
17:44:04;1978;49,96;
17:44:07;1970;49,96;
17:44:10;1979;49,96;
17:44:13;1974;49,96;
17:44:16;1979;49,96;
17:44:19;1985;49,96;
17:44:22;1973;49,95;
17:44:25;1970;49,95;
17:44:28;1980;49,94;
17:44:31;1977;49,94;
17:44:34;1981;49,95;
17:44:37;1980;49,96;
17:44:40;1985;49,96;
17:44:46;1987;49,96;
17:44:49;1989;49,96;
17:44:52;1985;49,96;
17:44:58;1991;49,96;
17:45:01;1997;49,95;
17:45:07;1993;49,94;
17:45:10;1994;49,94;
17:45:13;1999;49,94;
17:45:16;1995;49,94;
17:45:19;2001;49,95;
17:45:22;1994;49,95;
17:45:25;2002;49,95;
17:45:28;2003;49,96;
17:45:31;2005;49,96;
17:45:34;1999;49,96;
17:45:37;2007;49,96;
17:45:40;2008;49,96;
17:45:43;1999;49,96;
17:45:46;2008;49,96;
17:45:49;2011;49,96;
17:45:52;2005;49,96;
17:45:55;2004;49,96;
17:45:58;2009;49,96;
17:46:01;2014;49,96;
17:46:04;2005;49,96;
17:46:07;2009;49,95;
17:46:13;2012;49,94;
17:46:16;2006;49,94;
17:46:19;2012;49,95;
17:46:22;2003;49,95;
17:46:25;2010;49,96;
17:46:28;2007;49,95;
17:46:31;2010;49,96;
17:46:34;2009;49,96;
17:46:37;2008;49,96;
17:46:40;2002;49,97;
17:46:43;2006;49,97;
17:46:46;1994;49,97;
17:46:49;2003;49,97;
17:46:52;1998;49,96;
17:46:55;2000;49,96;
17:46:58;1990;49,96;
17:47:01;1995;49,96;
17:47:04;1989;49,96;
17:47:07;1993;49,96;
17:47:10;1978;49,96;
17:47:13;1987;49,96;
17:47:19;1983;49,97;
17:47:22;1973;49,97;
17:47:25;1980;49,97;
17:47:28;1976;49,97;
17:47:34;1966;49,98;
17:47:37;1972;49,98;
17:47:40;1972;49,97;
17:47:43;1969;49,97;
17:47:46;1953;49,98;
17:47:49;1963;49,97;
17:47:52;1961;49,97;
17:47:55;1958;49,98;
17:47:58;1947;49,98;
17:48:04;1951;49,98;
17:48:07;1942;49,98;
17:48:13;1937;49,98;
17:48:16;1940;49,98;
17:48:19;1936;49,98;
17:48:22;1938;49,97;
17:48:25;1936;49,97;
17:48:28;1932;49,97;
17:48:31;1926;49,97;
17:48:34;1927;49,97;
17:48:37;1915;49,97;
17:48:40;1919;49,97;
17:48:43;1915;49,97;
17:48:46;1918;49,97;
17:48:49;1906;49,98;
17:48:52;1914;49,98;
17:48:55;1908;49,98;
17:48:58;1908;49,99;
17:49:01;1896;49,99;
17:49:04;1905;49,99;
17:49:10;1898;49,98;
17:49:13;1888;49,98;
17:49:16;1894;49,98;
17:49:19;1889;49,98;
17:49:22;1892;49,98;
17:49:25;1883;49,97;
17:49:28;1890;49,97;
17:49:31;1891;49,97;
17:49:34;1886;49,97;
17:49:37;1876;49,97;
17:49:40;1884;49,97;
17:49:43;1881;49,97;
17:49:46;1883;49,97;
17:49:49;1876;49,98;
17:49:52;1879;49,98;
17:49:55;1877;49,98;
17:49:58;1883;49,99;
17:50:01;1881;50,00;
17:50:04;1882;50,00;
17:50:07;1877;49,99;
17:50:10;1885;49,99;
17:50:16;1883;50,00;
17:50:19;1885;49,99;
17:50:22;1886;50,00;
17:50:25;1885;50,00;
17:50:28;1886;50,00;
17:50:31;1886;49,99;
17:50:34;1883;49,99;
17:50:37;1888;49,99;
17:50:40;1890;49,99;
17:50:43;1887;49,99;
17:50:46;1891;49,99;
17:50:49;1880;49,99;
17:50:52;1893;49,98;
17:50:55;1891;49,98;
17:50:58;1888;49,98;
17:51:01;1886;49,98;
17:51:04;1897;49,98;
17:51:07;1900;49,98;
17:51:10;1901;49,98;
17:51:13;1894;49,98;
17:51:16;1904;49,97;
17:51:22;1905;49,97;
17:51:25;1906;49,97;
17:51:28;1907;49,97;
17:51:31;1910;49,97;
17:51:34;1911;49,97;
17:51:37;1912;49,97;
17:51:40;1902;49,97;
17:51:43;1912;49,97;
17:51:46;1915;49,98;
17:51:52;1918;49,98;
17:51:58;1922;49,98;
17:52:01;1923;49,98;
17:52:04;1916;49,98;
17:52:07;1924;49,97;
17:52:10;1927;49,97;
17:52:13;1928;49,97;
17:52:19;1931;49,97;
17:52:22;1933;49,96;
17:52:28;1937;49,96;
17:52:31;1940;49,96;
17:52:34;1934;49,96;
17:52:37;1945;49,96;
17:52:40;1937;49,96;
17:52:43;1948;49,97;
17:52:46;1943;49,97;
17:52:49;1950;49,98;
17:52:52;1945;49,98;
17:52:55;1958;49,98;
17:52:58;1955;49,98;
17:53:01;1966;49,98;
17:53:04;1959;49,98;
17:53:07;1971;49,98;
17:53:13;1981;49,99;
17:53:16;1975;49,99;
17:53:19;1984;49,98;
17:53:22;1987;49,98;
17:53:25;1992;49,98;
17:53:28;1994;49,98;
17:53:31;1991;49,98;
17:53:34;1998;49,98;
17:53:37;2007;49,97;
17:53:40;2011;49,97;
17:53:43;2016;49,97;
17:53:46;2019;49,97;
17:53:49;2027;49,97;
17:53:52;2030;49,97;
17:53:55;2028;49,98;
17:53:58;2040;49,98;
17:54:01;2052;49,98;
17:54:04;2065;49,98;
17:54:07;2090;49,97;
17:54:10;2094;49,97;
17:54:13;2074;49,98;
17:54:19;2066;49,99;
17:54:22;2063;49,99;
17:54:25;2070;50,00;
17:54:28;2070;49,99;
17:54:31;2071;49,99;
17:54:34;2076;49,99;
17:54:37;2067;49,99;
17:54:40;2079;49,99;
17:54:43;2087;49,99;
17:54:46;2091;50,00;
17:54:49;2099;50,00;
17:54:52;2104;50,00;
17:54:55;2105;49,99;
17:54:58;2118;50,00;
17:55:01;2111;50,00;
17:55:04;2136;50,00;
17:55:07;2138;50,00;
17:55:10;2160;50,00;
17:55:13;2171;50,00;
17:55:16;2182;50,00;
17:55:19;2180;50,00;
17:55:25;2235;49,99;
17:55:28;2258;49,99;
17:55:31;2305;49,99;
17:55:34;2329;49,98;
17:55:37;2379;49,98;
17:55:40;2430;49,98;
17:55:43;2481;49,98;
17:55:46;2509;49,98;
17:55:49;2541;49,99;
17:55:52;2553;49,99;
17:55:55;2575;49,99;
17:55:58;2587;49,99;
17:56:01;2680;50,00;
17:56:04;2791;50,00;
17:56:07;2958;50,00;
17:56:10;3306;49,99;
17:56:13;3356;49,99;
17:56:16;3278;49,99;
17:56:19;3275;49,98;
17:56:22;3372;49,98;
17:56:25;3519;49,98;
17:56:31;3124;49,98;
17:56:34;3059;49,98;
17:56:37;3086;49,98;
17:56:40;3130;49,98;
17:56:43;3113;49,98;
17:56:46;3052;49,98;
17:56:49;2951;49,98;
17:56:52;2841;49,98;
17:56:55;3097;49,98;
17:56:58;3289;49,98;
17:57:01;3434;49,98;
17:57:04;3555;49,98;
17:57:07;3633;49,98;
17:57:10;3887;49,99;
17:57:16;4074;49,99;
17:57:19;4095;49,99;
17:57:22;4091;49,99;
17:57:25;4192;49,99;
17:57:28;4260;49,99;
17:57:31;4282;50,00;
17:57:34;4266;50,00;
17:57:37;4282;50,00;
17:57:40;4274;50,00;
17:57:43;4274;50,01;
17:57:49;4272;50,01;
17:57:52;4268;50,00;
17:57:55;4272;50,01;
17:57:58;4254;50,00;
17:58:01;4186;50,01;
17:58:04;4043;50,01;
17:58:07;3964;50,00;
17:58:10;3996;50,01;
17:58:13;4077;50,01;
17:58:16;4065;50,01;
17:58:22;4188;50,00;
17:58:25;4222;50,00;
17:58:28;4244;50,00;
17:58:31;4274;50,00;
17:58:34;4180;50,00;
17:58:37;4150;50,00;
17:58:43;4142;50,00;
17:58:46;4270;50,00;
17:58:49;4282;50,00;
17:58:52;4198;50,00;
17:58:55;4274;50,01;
17:58:58;4268;50,01;
17:59:01;4238;50,01;
17:59:04;4220;50,00;
17:59:07;4176;50,00;
17:59:13;4240;50,00;
17:59:16;3914;50,00;
17:59:19;3623;50,00;
17:59:22;3050;50,00;
17:59:28;2796;50,01;
17:59:31;2719;50,01;
17:59:34;2782;50,00;
17:59:37;2882;49,99;
17:59:40;3018;49,99;
17:59:43;3074;50,00;
17:59:46;3114;50,00;
17:59:49;3192;50,00;
17:59:52;3556;50,00;
17:59:55;3695;50,00;
17:59:58;3836;50,00;
18:00:01;3936;50,00;
18:00:04;4075;50,00;
18:00:07;4120;49,99;
18:00:10;4126;49,99;
18:00:13;4116;49,99;
18:00:16;4134;49,98;
18:00:19;4168;49,98;
18:00:22;4178;49,98;
18:00:25;4210;49,97;
18:00:28;4162;49,98;
18:00:34;4019;49,99;
18:00:37;3984;50,00;
18:00:40;3950;50,01;
18:00:43;3914;50,02;
18:00:46;3663;50,02;
18:00:49;3534;50,02;
18:00:52;3478;50,02;
18:00:55;3523;50,02;
18:00:58;3839;50,02;
18:01:01;3860;50,03;
18:01:04;3824;50,03;
18:01:07;3819;50,03;
18:01:10;3698;50,02;
18:01:13;3612;50,02;
18:01:16;3569;50,02;
18:01:19;3375;50,03;
18:01:22;3313;50,02;
18:01:25;3278;50,02;
18:01:28;3257;50,02;
18:01:31;3146;50,02;
18:01:34;2916;50,01;
18:01:40;2851;50,01;
18:01:43;2683;50,01;
18:01:46;2676;50,01;
18:01:49;2602;50,02;
18:01:52;2585;50,02;
18:01:55;2643;50,02;
18:01:58;2683;50,03;
18:02:01;2740;50,03;
18:02:04;2826;50,03;
18:02:07;2830;50,02;
18:02:10;2808;50,02;
18:02:13;2817;50,03;
18:02:16;2830;50,02;
18:02:19;2874;50,02;
18:02:25;3056;50,01;
18:02:28;3120;50,01;
18:02:31;3213;50,02;
18:02:34;3275;50,02;
18:02:37;3401;50,02;
18:02:40;3343;50,02;
18:02:43;3361;50,02;
18:02:46;3336;50,02;
18:02:49;3119;50,02;
18:02:52;3065;50,01;
18:02:55;2892;50,01;
18:02:58;2784;50,01;
18:03:01;2664;50,02;
18:03:04;2621;50,02;
18:03:07;2578;50,03;
18:03:10;2531;50,03;
18:03:13;2524;50,03;
18:03:16;2531;50,03;
18:03:19;2602;50,03;
18:03:22;2655;50,03;
18:03:25;2715;50,03;
18:03:31;2797;50,03;
18:03:34;2804;50,03;
18:03:37;2821;50,03;
18:03:40;2797;50,03;
18:03:43;2904;50,03;
18:03:46;3024;50,03;
18:03:49;3133;50,03;
18:03:52;3282;50,03;
18:03:55;3292;50,03;
18:03:58;3155;50,03;
18:04:01;2986;50,03;
18:04:04;3009;50,03;
18:04:07;2766;50,02;
18:04:10;2625;50,02;
18:04:13;2517;50,01;
18:04:16;2421;50,01;
18:04:19;2413;50,00;
18:04:22;2391;50,00;
18:04:25;2354;50,01;
18:04:28;2322;50,01;
18:04:31;2348;50,02;
18:04:37;2320;50,01;
18:04:40;2285;50,02;
18:04:43;2357;50,01;
18:04:46;2363;50,01;
18:04:49;2328;50,01;
18:04:52;2264;50,01;
18:04:55;2246;50,01;
18:04:58;2225;50,01;
18:05:01;2118;50,00;
18:05:04;2082;50,00;
18:05:07;2065;50,00;
18:05:10;2042;50,00;
18:05:13;2013;50,00;
18:05:16;1987;50,00;
18:05:19;1992;50,00;
18:05:22;1971;50,00;
18:05:25;1959;50,00;
18:05:28;1942;50,00;
18:05:31;1941;49,99;
18:05:34;1928;49,99;
18:05:37;1921;49,99;
18:05:43;1912;50,00;
18:05:46;1903;50,00;
18:05:49;1905;50,00;
18:05:52;1852;50,00;
18:05:55;1871;50,00;
18:05:58;1853;50,00;
18:06:01;1855;49,99;
18:06:04;1847;50,00;
18:06:07;1831;50,00;
18:06:10;1816;50,01;
18:06:13;1793;50,01;
18:06:16;1800;50,01;
18:06:19;1798;50,00;
18:06:22;1795;50,00;
18:06:31;1775;50,00;
18:06:34;1768;50,01;
18:06:37;1752;50,01;
18:06:40;1754;50,01;
18:06:43;1744;50,00;
18:06:46;1742;50,00;
18:06:49;1738;50,00;
18:06:52;1723;50,01;
18:06:55;1713;50,01;
18:06:58;1706;50,01;
18:07:01;1690;50,01;
18:07:04;1694;50,01;
18:07:07;1687;50,01;
18:07:13;1668;50,01;
18:07:16;1669;50,00;
18:07:19;1659;50,00;
18:07:22;1655;50,00;
18:07:25;1639;50,00;
18:07:28;1640;50,00;
18:07:34;1627;50,00;
18:07:37;1611;50,00;
18:07:40;1616;50,00;
18:07:43;1604;50,00;
18:07:46;1603;50,01;
18:07:49;1587;50,01;
18:07:52;1596;50,01;
18:07:55;1592;50,01;
18:07:58;1578;50,00;
18:08:01;1568;50,01;
18:08:04;1571;50,01;
18:08:07;1559;50,00;
18:08:10;1561;50,00;
18:08:13;1549;50,01;
18:08:16;1555;50,01;
18:08:19;1542;50,01;
18:08:22;1543;50,01;
18:08:25;1532;50,01;
18:08:28;1535;50,01;
18:08:31;1524;50,01;
18:08:34;1528;50,01;
18:08:40;1521;50,01;
18:08:43;1511;50,01;
18:08:46;1513;50,00;
18:08:49;1503;50,00;
18:08:52;1508;50,01;
18:08:55;1497;50,01;
18:08:58;1499;50,01;
18:09:01;1500;50,01;
18:09:04;1498;50,00;
18:09:07;1484;50,00;
18:09:10;1492;50,00;
18:09:16;1489;50,00;
18:09:19;1480;50,00;
18:09:22;1485;50,00;
18:09:25;1485;49,98;
18:09:28;1462;49,98;
18:09:31;1465;49,98;
18:09:34;1475;49,98;
18:09:37;1479;49,98;
18:09:40;1481;49,98;
18:09:46;1477;49,99;
18:09:52;1475;50,00;
18:09:55;1476;50,00;
18:09:58;1473;50,00;
18:10:01;1474;50,00;
18:10:04;1464;50,00;
18:10:07;1475;50,00;
18:10:16;1476;50,00;
18:10:25;1479;50,00;
18:10:28;1469;50,00;
18:10:31;1479;50,00;
18:10:34;1478;49,98;
18:10:37;1482;49,98;
18:10:40;1470;49,98;
18:10:43;1483;49,98;
18:10:46;1476;49,97;
18:10:49;1483;49,97;
18:10:52;1487;49,97;
18:10:55;1494;49,98;
18:10:58;1492;49,98;
18:11:01;1502;49,99;
18:11:04;1498;49,98;
18:11:07;1511;49,98;
18:11:10;1513;49,98;
18:11:13;1517;49,98;
18:11:16;1532;49,98;
18:11:19;1562;49,98;
18:11:22;1569;49,98;
18:11:25;1603;49,97;
18:11:28;1616;49,97;
18:11:31;1653;49,96;
18:11:37;1708;49,96;
18:11:40;1732;49,96;
18:11:43;1759;49,97;
18:11:46;1774;49,97;
18:11:49;1814;49,97;
18:11:52;1840;49,98;
18:11:55;1841;49,98;
18:11:58;1894;49,98;
18:12:01;1975;49,98;
18:12:04;1986;49,98;
18:12:07;1973;49,98;
18:12:10;1954;49,98;
18:12:13;1918;49,97;
18:12:16;1910;49,97;
18:12:19;1893;49,97;
18:12:22;1938;49,96;
18:12:25;2008;49,97;
18:12:28;2047;49,96;
18:12:31;2099;49,97;
18:12:34;2096;49,96;
18:12:37;2065;49,96;
18:12:43;1959;49,97;
18:12:46;1946;49,97;
18:12:49;1945;49,98;
18:12:52;1955;49,98;
18:12:55;1966;49,98;
18:12:58;1972;49,98;
18:13:04;2001;49,98;
18:13:07;2107;49,97;
18:13:10;2150;49,97;
18:13:13;2221;49,97;
18:13:16;2246;49,97;
18:13:19;2268;49,96;
18:13:22;2277;49,96;
18:13:25;2247;49,96;
18:13:28;2339;49,96;
18:13:31;2395;49,97;
18:13:34;2413;49,97;
18:13:37;2441;49,97;
18:13:40;2462;49,97;
18:13:43;2544;49,97;
18:13:49;2686;49,97;
18:13:52;2733;49,97;
18:13:55;2704;49,97;
18:13:58;2637;49,97;
18:14:01;2564;49,97;
18:14:04;2572;49,96;
18:14:07;2562;49,96;
18:14:10;2526;49,96;
18:14:13;2414;49,97;
18:14:16;2473;49,97;
18:14:19;2579;49,97;
18:14:22;2614;49,97;
18:14:25;2606;49,96;
18:14:28;2579;49,96;
18:14:31;2505;49,96;
18:14:34;2371;49,96;
18:14:37;2322;49,96;
18:14:40;2358;49,96;
18:14:43;2393;49,96;
18:14:46;2405;49,96;
18:14:49;2423;49,97;
18:14:55;2300;49,98;
18:14:58;2272;49,97;
18:15:01;2241;49,97;
18:15:04;2206;49,97;
18:15:07;2192;49,97;
18:15:10;2155;49,97;
18:15:13;2148;49,97;
18:15:16;2138;49,97;
18:15:19;2155;49,97;
18:15:22;2154;49,98;
18:15:25;2158;49,98;
18:15:28;2160;49,98;
18:15:31;2166;49,98;
18:15:34;2190;49,98;
18:15:40;2191;49,98;
18:15:43;2180;49,98;
18:15:46;2157;49,98;
18:15:49;2143;49,98;
18:15:52;2111;49,98;
18:15:55;2101;49,98;
18:15:58;2099;49,99;
18:16:01;2096;49,99;
18:16:04;2103;50,00;
18:16:07;2102;50,00;
18:16:10;2100;50,00;
18:16:13;2104;49,99;
18:16:16;2098;49,99;
18:16:19;2105;49,99;
18:16:22;2094;49,99;
18:16:25;2107;49,99;
18:16:28;2094;49,99;
18:16:31;2112;49,99;
18:16:34;2109;49,98;
18:16:37;2119;49,98;
18:16:40;2103;49,98;
18:16:46;2133;49,98;
18:16:49;2150;49,98;
18:16:52;2150;49,99;
18:16:55;2179;49,99;
18:16:58;2193;49,99;
18:17:01;2210;49,99;
18:17:04;2214;49,99;
18:17:07;2193;49,98;
18:17:10;2216;49,98;
18:17:13;2239;49,98;
18:17:16;2249;49,98;
18:17:19;2243;49,98;
18:17:22;2238;49,98;
18:17:25;2251;49,98;
18:17:28;2245;49,97;
18:17:31;2268;49,96;
18:17:34;2270;49,96;
18:17:37;2297;49,96;
18:17:40;2325;49,96;
18:17:43;2340;49,96;
18:17:46;2349;49,97;
18:17:52;2338;49,97;
18:17:55;2326;49,97;
18:17:58;2262;49,96;
18:18:01;2289;49,96;
18:18:04;2261;49,96;
18:18:07;2260;49,96;
18:18:10;2277;49,96;
18:18:13;2272;49,96;
18:18:16;2467;49,96;
18:18:19;2545;49,97;
18:18:22;2710;49,97;
18:18:25;2764;49,97;
18:18:28;2849;49,97;
18:18:31;2928;49,97;
18:18:34;2974;49,96;
18:18:37;3048;49,96;
18:18:40;3088;49,95;
18:18:43;3135;49,96;
18:18:46;3149;49,96;
18:18:49;3156;49,96;
18:18:52;3148;49,96;
18:18:58;3164;49,96;
18:19:01;3172;49,96;
18:19:04;3069;49,96;
18:19:07;3075;49,96;
18:19:10;3027;49,96;
18:19:13;3013;49,96;
18:19:16;3024;49,96;
18:19:19;3005;49,96;
18:19:22;2985;49,96;
18:19:25;2979;49,96;
18:19:28;2923;49,95;
18:19:31;2848;49,96;
18:19:34;2703;49,95;
18:19:37;2605;49,96;
18:19:43;2410;49,96;
18:19:46;2394;49,97;
18:19:49;2340;49,96;
18:19:52;2327;49,96;
18:19:55;2333;49,96;
18:19:58;2321;49,96;
18:20:01;2322;49,96;
18:20:04;2291;49,96;
18:20:07;2343;49,98;
18:20:10;2337;49,97;
18:20:13;2285;49,96;
18:20:16;2302;49,96;
18:20:19;2259;49,96;
18:20:22;2251;49,96;
18:20:25;2244;49,96;
18:20:28;2226;49,96;
18:20:31;2188;49,96;
18:20:34;2210;49,96;
18:20:37;2209;49,95;
18:20:40;2218;49,95;
18:20:43;2199;49,95;
18:20:49;2219;49,95;
18:20:52;2231;49,95;
18:20:55;2223;49,95;
18:20:58;2227;49,96;
18:21:01;2225;49,96;
18:21:04;2235;49,96;
18:21:07;2237;49,96;
18:21:10;2226;49,97;
18:21:13;2256;49,97;
18:21:16;2278;49,96;
18:21:19;2291;49,96;
18:21:25;2280;49,96;
18:21:28;2331;49,96;
18:21:31;2370;49,97;
18:21:34;2408;49,97;
18:21:37;2393;49,96;
18:21:40;2354;49,96;
18:21:43;2322;49,96;
18:21:46;2293;49,96;
18:21:49;2294;49,96;
18:21:55;2329;49,96;
18:21:58;2328;49,96;
18:22:01;2346;49,96;
18:22:04;2326;49,96;
18:22:07;2402;49,97;
18:22:10;2406;49,96;
18:22:13;2422;49,96;
18:22:16;2421;49,96;
18:22:19;2399;49,96;
18:22:22;2377;49,96;
18:22:25;2357;49,96;
18:22:28;2302;49,95;
18:22:31;2329;49,95;
18:22:34;2339;49,95;
18:22:37;2398;49,95;
18:22:40;2507;49,95;
18:22:43;2655;49,96;
18:22:46;2705;49,96;
18:22:49;2833;49,96;
18:22:52;2876;49,96;
18:22:55;2908;49,96;
18:23:01;2923;49,97;
18:23:04;2908;49,97;
18:23:07;2909;49,97;
18:23:10;2889;49,97;
18:23:13;2894;49,96;
18:23:16;2880;49,96;
18:23:19;2878;49,96;
18:23:22;2863;49,96;
18:23:25;2790;49,96;
18:23:28;2752;49,96;
18:23:31;2758;49,96;
18:23:34;2737;49,96;
18:23:37;2762;49,96;
18:23:43;2780;49,96;
18:23:46;2759;49,96;
18:23:49;2753;49,97;
18:23:52;2706;49,97;
18:23:55;2660;49,97;
18:23:58;2591;49,97;
18:24:01;2561;49,97;
18:24:07;2547;49,97;
18:24:10;2495;49,97;
18:24:13;2534;49,98;
18:24:16;2494;49,98;
18:24:19;2453;49,98;
18:24:22;2315;49,98;
18:24:25;2302;49,98;
18:24:28;2274;49,98;
18:24:31;2273;49,98;
18:24:34;2323;49,98;
18:24:37;2337;49,98;
18:24:40;2358;49,97;
18:24:43;2357;49,97;
18:24:46;2311;49,97;
18:24:52;2281;49,98;
18:24:55;2279;49,97;
18:24:58;2320;49,97;
18:25:01;2347;49,97;
18:25:04;2477;49,97;
18:25:07;2549;49,96;
18:25:10;2586;49,96;
18:25:13;2622;49,96;
18:25:16;2629;49,96;
18:25:19;2606;49,96;
18:25:22;2584;49,96;
18:25:25;2485;49,96;
18:25:28;2281;49,96;
18:25:31;2172;49,96;
18:25:34;2025;49,96;
18:25:37;1963;49,97;
18:25:40;1951;49,97;
18:25:43;1955;49,97;
18:25:46;2104;49,97;
18:25:49;2167;49,97;
18:25:52;2239;49,96;
18:25:58;2241;49,97;
18:26:01;2211;49,97;
18:26:04;2156;49,98;
18:26:07;2110;49,98;
18:26:10;2162;49,98;
18:26:13;2180;49,98;
18:26:16;2210;49,98;
18:26:19;2237;49,99;
18:26:22;2311;49,99;
18:26:25;2330;49,99;
18:26:28;2398;49,98;
18:26:31;2421;49,98;
18:26:34;2414;49,99;
18:26:37;2363;49,99;
18:26:40;2299;49,99;
18:26:43;2263;50,00;
18:26:46;2210;49,99;
18:26:49;2208;49,99;
18:26:52;2239;50,00;
18:26:55;2247;50,00;
18:26:58;2270;50,00;
18:27:04;2323;49,99;
18:27:07;2300;49,99;
18:27:10;2239;49,99;
18:27:13;2245;49,99;
18:27:16;2305;49,99;
18:27:19;2342;49,99;
18:27:22;2384;49,99;
18:27:25;2400;50,00;
18:27:28;2325;50,00;
18:27:31;2291;50,00;
18:27:34;2299;50,00;
18:27:37;2314;50,00;
18:27:40;2364;49,99;
18:27:43;2380;49,99;
18:27:46;2401;49,99;
18:27:49;2399;49,98;
18:27:52;2397;49,98;
18:27:55;2393;49,98;
18:27:58;2365;49,98;
18:28:01;2341;49,98;
18:28:04;2275;49,99;
18:28:10;2259;49,98;
18:28:13;2263;49,98;
18:28:16;2275;49,98;
18:28:19;2270;49,98;
18:28:22;2242;49,97;
18:28:25;2218;49,97;
18:28:28;2127;49,97;
18:28:31;2158;49,97;
18:28:34;2137;49,98;
18:28:37;2146;49,98;
18:28:40;2162;49,98;
18:28:43;2159;49,98;
18:28:46;2130;49,97;
18:28:49;2161;49,96;
18:28:55;2206;49,97;
18:28:58;2209;49,98;
18:29:01;2160;49,98;
18:29:04;2087;49,98;
18:29:07;2044;49,98;
18:29:10;2011;49,99;
18:29:13;1988;49,98;
18:29:16;1987;49,98;
18:29:19;2042;49,98;
18:29:22;2060;49,98;
18:29:25;2099;49,97;
18:29:28;2096;49,97;
18:29:31;2016;49,98;
18:29:34;1939;49,98;
18:29:37;1864;49,98;
18:29:40;1749;49,98;
18:29:43;1775;49,98;
18:29:46;1806;49,98;
18:29:49;1890;49,98;
18:29:52;1919;49,98;
18:29:55;1981;49,98;
18:30:01;1994;49,98;
18:30:04;1959;49,99;
18:30:07;1873;49,98;
18:30:10;1821;49,98;
18:30:13;1749;49,98;
18:30:16;1756;49,98;
18:30:19;1763;49,98;
18:30:25;1776;49,98;
18:30:28;1781;49,98;
18:30:31;1736;50,00;
18:30:34;1695;50,00;
18:30:37;1607;50,00;
18:30:40;1568;50,00;
18:30:43;1540;50,00;
18:30:46;1475;50,00;
18:30:49;1456;50,00;
18:30:52;1483;50,00;
18:30:55;1512;49,99;
18:30:58;1529;49,99;
18:31:01;1546;49,99;
18:31:07;1508;49,98;
18:31:10;1494;49,98;
18:31:13;1459;49,98;
18:31:16;1463;49,98;
18:31:19;1484;49,98;
18:31:22;1489;49,98;
18:31:25;1484;49,97;
18:31:28;1488;49,97;
18:31:31;1433;49,96;
18:31:34;1398;49,96;
18:31:37;1348;49,96;
18:31:40;1345;49,96;
18:31:43;1346;49,97;
18:31:46;1356;49,96;
18:31:49;1363;49,96;
18:31:52;1360;49,96;
18:31:55;1330;49,96;
18:31:58;1352;49,96;
18:32:01;1358;49,96;
18:32:04;1361;49,96;
18:32:07;1331;49,96;
18:32:13;1308;49,96;
18:32:16;1299;49,96;
18:32:19;1283;49,96;
18:32:22;1290;49,96;
18:32:25;1275;49,96;
18:32:28;1262;49,96;
18:32:31;1256;49,97;
18:32:34;1246;49,97;
18:32:37;1233;49,97;
18:32:40;1235;49,97;
18:32:43;1225;49,97;
18:32:46;1229;49,97;
18:32:49;1216;49,96;
18:32:52;1224;49,96;
18:32:55;1218;49,96;
18:32:58;1219;49,96;
18:33:01;1214;49,97;
18:33:04;1224;49,96;
18:33:10;1226;49,96;
18:33:13;1223;49,96;
18:33:16;1215;49,96;
18:33:19;1221;49,96;
18:33:22;1225;49,95;
18:33:25;1228;49,95;
18:33:28;1229;49,94;
18:33:31;1232;49,94;
18:33:34;1226;49,94;
18:33:37;1227;49,94;
18:33:40;1221;49,95;
18:33:43;1220;49,95;
18:33:46;1212;49,95;
18:33:49;1210;49,96;
18:33:52;1211;49,96;
18:33:55;1213;49,96;
18:33:58;1217;49,95;
18:34:04;1209;49,96;
18:34:07;1208;49,96;
18:34:13;1213;49,96;
18:34:16;1226;49,96;
18:34:19;1233;49,96;
18:34:22;1224;49,96;
18:34:25;1235;49,96;
18:34:28;1227;49,96;
18:34:31;1229;49,96;
18:34:34;1230;49,96;
18:34:37;1242;49,96;
18:34:40;1263;49,96;
18:34:43;1268;49,96;
18:34:46;1274;49,96;
18:34:49;1289;49,96;
18:34:52;1285;49,96;
18:34:55;1300;49,96;
18:34:58;1319;49,96;
18:35:01;1325;49,96;
18:35:04;1302;49,96;
18:35:10;1231;49,95;
18:35:13;1211;49,95;
18:35:16;1208;49,96;
18:35:19;1206;49,96;
18:35:22;1202;49,96;
18:35:25;1208;49,96;
18:35:28;1205;49,96;
18:35:31;1197;49,95;
18:35:34;1186;49,96;
18:35:37;1191;49,97;
18:35:40;1183;49,96;
18:35:43;1192;49,96;
18:35:46;1187;49,96;
18:35:49;1193;49,97;
18:35:52;1196;49,97;
18:35:55;1200;49,97;
18:35:58;1206;49,97;
18:36:01;1215;49,97;
18:36:04;1215;49,96;
18:36:10;1202;49,96;
18:36:16;1222;49,96;
18:36:19;1232;49,96;
18:36:22;1224;49,96;
18:36:25;1233;49,96;
18:36:28;1235;49,95;
18:36:31;1237;49,96;
18:36:34;1248;49,96;
18:36:37;1255;49,96;
18:36:40;1292;49,96;
18:36:43;1294;49,96;
18:36:46;1268;49,96;
18:36:49;1260;49,96;
18:36:52;1252;49,97;
18:36:55;1243;49,97;
18:36:58;1248;49,97;
18:37:01;1245;49,96;
18:37:04;1256;49,97;
18:37:10;1264;49,96;
18:37:13;1261;49,96;
18:37:16;1276;49,96;
18:37:22;1293;49,96;
18:37:25;1292;49,96;
18:37:28;1305;49,96;
18:37:31;1305;49,95;
18:37:37;1314;49,94;
18:37:40;1306;49,95;
18:37:43;1282;49,95;
18:37:46;1287;49,95;
18:37:49;1303;49,95;
18:37:52;1318;49,95;
18:37:55;1312;49,95;
18:37:58;1315;49,95;
18:38:01;1280;49,96;
18:38:07;1283;49,96;
18:38:10;1286;49,96;
18:38:13;1279;49,96;
18:38:16;1288;49,96;
18:38:19;1285;49,96;
18:38:22;1292;49,96;
18:38:25;1292;49,95;
18:38:28;1285;49,95;
18:38:31;1292;49,95;
18:38:34;1300;49,95;
18:38:37;1295;49,95;
18:38:40;1306;49,95;
18:38:43;1304;49,95;
18:38:46;1313;49,95;
18:38:49;1319;49,95;
18:38:52;1322;49,95;
18:38:55;1319;49,95;
18:38:58;1327;49,96;
18:39:01;1320;49,96;
18:39:04;1323;49,96;
18:39:07;1321;49,96;
18:39:13;1342;49,96;
18:39:16;1352;49,96;
18:39:19;1360;49,95;
18:39:22;1376;49,96;
18:39:25;1388;49,96;
18:39:28;1397;49,96;
18:39:31;1409;49,95;
18:39:34;1403;49,95;
18:39:37;1383;49,95;
18:39:43;1368;49,94;
18:39:46;1384;49,94;
18:39:49;1395;49,94;
18:39:52;1399;49,94;
18:39:55;1417;49,94;
18:39:58;1411;49,95;
18:40:01;1402;49,95;
18:40:04;1376;49,95;
18:40:07;1375;49,96;
18:40:10;1353;49,96;
18:40:13;1362;49,96;
18:40:19;1361;49,96;
18:40:22;1354;49,96;
18:40:25;1360;49,95;
18:40:28;1354;49,95;
18:40:31;1360;49,96;
18:40:34;1356;49,96;
18:40:37;1363;49,96;
18:40:40;1364;49,96;
18:40:43;1367;49,97;
18:40:46;1360;49,97;
18:40:49;1365;49,97;
18:40:52;1357;49,97;
18:40:55;1366;49,98;
18:40:58;1357;49,98;
18:41:01;1367;49,98;
18:41:04;1363;49,97;
18:41:07;1375;49,97;
18:41:10;1371;49,97;
18:41:13;1400;49,97;
18:41:16;1414;49,97;
18:41:19;1446;49,96;
18:41:25;1458;49,96;
18:41:28;1422;49,96;
18:41:31;1436;49,97;
18:41:34;1437;49,97;
18:41:37;1445;49,97;
18:41:40;1444;49,97;
18:41:43;1462;49,96;
18:41:46;1481;49,96;
18:41:49;1529;49,96;
18:41:52;1537;49,96;
18:41:55;1541;49,96;
18:41:58;1534;49,96;
18:42:01;1536;49,96;
18:42:04;1534;49,96;
18:42:07;1519;49,96;
18:42:10;1511;49,96;
18:42:13;1510;49,96;
18:42:16;1526;49,97;
18:42:19;1526;49,96;
18:42:22;1566;49,96;
18:42:25;1563;49,96;
18:42:28;1570;49,96;
18:42:31;1559;49,95;
18:42:34;1498;49,95;
18:42:37;1453;49,94;
18:42:40;1459;49,94;
18:42:46;1474;49,94;
18:42:49;1472;49,94;
18:42:52;1461;49,95;
18:42:55;1419;49,96;
18:42:58;1422;49,96;
18:43:01;1403;49,96;
18:43:04;1414;49,96;
18:43:07;1406;49,96;
18:43:10;1414;49,96;
18:43:16;1414;49,95;
18:43:19;1409;49,95;
18:43:22;1416;49,95;
18:43:25;1409;49,95;
18:43:28;1417;49,95;
18:43:31;1413;49,95;
18:43:34;1420;49,95;
18:43:37;1418;49,95;
18:43:40;1420;49,94;
18:43:43;1415;49,95;
18:43:46;1423;49,95;
18:43:49;1414;49,96;
18:43:52;1430;49,96;
18:43:55;1432;49,96;
18:43:58;1441;49,96;
18:44:01;1448;49,96;
18:44:04;1468;49,96;
18:44:07;1458;49,96;
18:44:10;1476;49,96;
18:44:13;1480;49,96;
18:44:16;1496;49,96;
18:44:22;1503;49,96;
18:44:25;1501;49,96;
18:44:28;1483;49,96;
18:44:31;1449;49,97;
18:44:34;1463;49,97;
18:44:37;1468;49,97;
18:44:40;1461;49,97;
18:44:43;1466;49,96;
18:44:46;1463;49,96;
18:44:49;1451;49,96;
18:44:52;1455;49,95;
18:44:55;1454;49,95;
18:44:58;1463;49,95;
18:45:01;1462;49,95;
18:45:04;1473;49,95;
18:45:07;1492;49,95;
18:45:10;1507;49,95;
18:45:13;1515;49,95;
18:45:16;1517;49,96;
18:45:19;1521;49,96;
18:45:22;1516;49,96;
18:45:28;1525;49,95;
18:45:31;1530;49,96;
18:45:34;1537;49,96;
18:45:37;1538;49,96;
18:45:40;1536;49,96;
18:45:43;1530;49,96;
18:45:46;1523;49,96;
18:45:49;1526;49,96;
18:45:52;1515;49,96;
18:45:55;1506;49,96;
18:45:58;1481;49,96;
18:46:01;1489;49,96;
18:46:04;1485;49,97;
18:46:10;1466;49,97;
18:46:13;1509;49,96;
18:46:16;1521;49,96;
18:46:19;1518;49,96;
18:46:22;1505;49,97;
18:46:25;1484;49,97;
18:46:28;1449;49,97;
18:46:34;1404;49,97;
18:46:37;1422;49,98;
18:46:40;1430;49,98;
18:46:43;1439;49,98;
18:46:46;1430;49,97;
18:46:49;1460;49,97;
18:46:52;1461;49,97;
18:46:55;1472;49,97;
18:46:58;1477;49,97;
18:47:01;1500;49,98;
18:47:04;1507;49,98;
18:47:07;1540;49,98;
18:47:10;1552;49,98;
18:47:13;1564;49,98;
18:47:19;1560;49,97;
18:47:22;1552;49,98;
18:47:25;1538;49,98;
18:47:28;1533;49,98;
18:47:31;1528;49,97;
18:47:34;1527;49,97;
18:47:37;1506;49,97;
18:47:40;1528;49,97;
18:47:43;1534;49,96;
18:47:46;1535;49,96;
18:47:49;1536;49,96;
18:47:52;1537;49,97;
18:47:55;1531;49,97;
18:47:58;1524;49,97;
18:48:01;1489;49,97;
18:48:04;1492;49,97;
18:48:07;1460;49,97;
18:48:10;1454;49,97;
18:48:13;1454;49,98;
18:48:16;1460;49,98;
18:48:19;1466;49,98;
18:48:25;1472;49,97;
18:48:28;1476;49,97;
18:48:31;1485;49,97;
18:48:34;1490;49,97;
18:48:37;1501;49,97;
18:48:40;1499;49,97;
18:48:43;1486;49,97;
18:48:46;1496;49,97;
18:48:49;1497;49,97;
18:48:52;1498;49,97;
18:48:55;1498;49,96;
18:48:58;1502;49,96;
18:49:01;1487;49,96;
18:49:04;1474;49,97;
18:49:07;1440;49,97;
18:49:10;1437;49,97;
18:49:13;1424;49,97;
18:49:16;1437;49,97;
18:49:19;1430;49,97;
18:49:22;1425;49,96;
18:49:25;1422;49,96;
18:49:31;1421;49,95;
18:49:37;1415;49,95;
18:49:40;1412;49,95;
18:49:43;1404;49,96;
18:49:46;1402;49,95;
18:49:49;1375;49,95;
18:49:52;1395;49,95;
18:49:55;1394;49,96;
18:49:58;1404;49,96;
18:50:01;1396;49,97;
18:50:04;1406;49,97;
18:50:07;1402;49,97;
18:50:10;1406;49,97;
18:50:13;1405;49,97;
18:50:19;1404;49,97;
18:50:22;1407;49,97;
18:50:25;1402;49,97;
18:50:28;1413;49,96;
18:50:31;1409;49,97;
18:50:37;1380;49,97;
18:50:40;1403;49,97;
18:50:43;1401;49,97;
18:50:46;1397;49,97;
18:50:49;1384;49,96;
18:50:52;1392;49,96;
18:50:55;1388;49,96;
18:50:58;1372;49,96;
18:51:01;1362;49,96;
18:51:04;1367;49,97;
18:51:07;1346;49,96;
18:51:10;1357;49,96;
18:51:13;1345;49,96;
18:51:16;1353;49,96;
18:51:22;1345;49,97;
18:51:28;1342;49,97;
18:51:31;1341;49,96;
18:51:34;1329;49,96;
18:51:40;1319;49,96;
18:51:43;1322;49,96;
18:51:46;1315;49,96;
18:51:49;1318;49,96;
18:51:52;1306;49,96;
18:51:55;1307;49,95;
18:51:58;1295;49,96;
18:52:01;1292;49,96;
18:52:04;1287;49,96;
18:52:07;1279;49,96;
18:52:10;1262;49,96;
18:52:13;1271;49,96;
18:52:16;1261;49,96;
18:52:19;1263;49,95;
18:52:22;1250;49,95;
18:52:28;1243;49,96;
18:52:31;1247;49,96;
18:52:34;1235;49,97;
18:52:37;1240;49,97;
18:52:40;1231;49,97;
18:52:43;1229;49,97;
18:52:46;1236;49,97;
18:52:49;1227;49,97;
18:52:52;1225;49,96;
18:52:55;1230;49,96;
18:52:58;1216;49,97;
18:53:01;1221;49,97;
18:53:04;1214;49,97;
18:53:07;1216;49,97;
18:53:10;1214;49,97;
18:53:13;1205;49,97;
18:53:16;1194;49,96;
18:53:22;1183;49,96;
18:53:25;1188;49,96;
18:53:28;1180;49,96;
18:53:34;1167;49,96;
18:53:37;1169;49,96;
18:53:40;1152;49,96;
18:53:43;1157;49,96;
18:53:46;1145;49,95;
18:53:49;1148;49,95;
18:53:52;1147;49,95;
18:53:55;1138;49,95;
18:53:58;1135;49,95;
18:54:01;1136;49,95;
18:54:04;1124;49,95;
18:54:07;1128;49,95;
18:54:10;1120;49,95;
18:54:13;1121;49,96;
18:54:16;1120;49,96;
18:54:19;1119;49,96;
18:54:22;1114;49,96;
18:54:25;1109;49,96;
18:54:28;1104;49,96;
18:54:31;1098;49,96;
18:54:34;1088;49,96;
18:54:40;1074;49,96;
18:54:43;1080;49,96;
18:54:46;1065;49,96;
18:54:49;1063;49,96;
18:54:52;1061;49,96;
18:54:55;1057;49,97;
18:54:58;1056;49,97;
18:55:01;1047;49,97;
18:55:04;1050;49,96;
18:55:07;1040;49,96;
18:55:10;1033;49,96;
18:55:13;1031;49,96;
18:55:16;1035;49,96;
18:55:19;1028;49,96;
18:55:22;1031;49,97;
18:55:25;1019;49,97;
18:55:28;1023;49,97;
18:55:31;1018;49,97;
18:55:34;1019;49,98;
18:55:37;1007;49,97;
18:55:40;973;49,97;
18:55:46;997;49,96;
18:55:49;989;49,96;
18:55:52;1003;49,97;
18:55:55;997;49,97;
18:55:58;998;49,97;
18:56:01;985;49,98;
18:56:04;993;49,98;
18:56:07;988;49,98;
18:56:10;986;49,98;
18:56:13;976;49,98;
18:56:16;982;49,98;
18:56:19;975;49,98;
18:56:22;975;49,97;
18:56:25;968;49,98;
18:56:31;965;49,98;
18:56:34;964;49,98;
18:56:37;958;49,98;
18:56:40;965;49,98;
18:56:43;957;49,98;
18:56:46;956;49,98;
18:56:49;960;49,99;
18:56:52;950;49,99;
18:56:55;944;49,99;
18:56:58;948;49,99;
18:57:01;947;49,99;
18:57:04;943;49,98;
18:57:07;941;49,98;
18:57:10;944;49,98;
18:57:16;937;49,98;
18:57:22;939;49,98;
18:57:25;940;49,98;
18:57:28;938;49,97;
18:57:31;923;49,97;
18:57:37;943;49,97;
18:57:40;940;49,98;
18:57:43;958;49,98;
18:57:46;963;49,98;
18:57:49;970;49,98;
18:57:52;976;49,99;
18:57:55;978;49,99;
18:57:58;984;49,99;
18:58:01;993;49,99;
18:58:04;987;49,99;
18:58:07;1008;49,99;
18:58:10;1019;49,99;
18:58:13;1036;49,99;
18:58:16;1034;49,99;
18:58:19;1050;49,99;
18:58:22;1048;49,98;
18:58:25;1062;49,98;
18:58:28;1047;49,98;
18:58:31;1064;49,99;
18:58:34;1069;49,99;
18:58:37;1062;49,99;
18:58:43;1063;50,00;
18:58:46;1067;50,00;
18:58:49;1063;50,00;
18:58:52;1043;50,00;
18:58:55;1060;50,00;
18:58:58;1063;50,00;
18:59:01;1056;50,00;
18:59:04;1050;50,00;
18:59:07;1020;49,99;
18:59:10;1021;49,99;
18:59:13;1004;49,99;
18:59:16;1003;50,00;
18:59:19;997;49,99;
18:59:22;982;49,99;
18:59:25;992;49,99;
18:59:28;968;49,99;
18:59:31;987;50,00;
18:59:34;978;49,99;
18:59:37;985;50,00;
18:59:40;959;50,00;
18:59:43;958;50,00;
18:59:49;921;49,99;
18:59:52;916;49,99;
18:59:55;909;49,98;
18:59:58;908;49,99;
19:00:01;905;49,99;
19:00:04;901;50,00;
19:00:07;895;50,00;
19:00:10;897;49,99;
19:00:13;893;49,99;
19:00:16;891;49,99;
19:00:19;883;49,98;
19:00:25;865;49,97;
19:00:28;867;49,97;
19:00:34;876;49,97;
19:00:37;872;49,97;
19:00:40;875;49,99;
19:00:43;871;50,00;
19:00:46;881;50,01;
19:00:49;883;50,02;
19:00:52;891;50,03;
19:00:55;870;50,03;
19:00:58;869;50,04;
19:01:01;862;50,04;
19:01:04;866;50,03;
19:01:07;864;50,04;
19:01:10;866;50,04;
19:01:13;862;50,04;
19:01:16;865;50,05;
19:01:19;860;50,05;
19:01:22;863;50,05;
19:01:25;860;50,04;
19:01:28;863;50,04;
19:01:31;815;50,04;
19:01:34;847;50,03;
19:01:40;862;50,03;
19:01:43;857;50,03;
19:01:46;860;50,03;
19:01:49;854;50,03;
19:01:52;860;50,02;
19:01:55;856;50,01;
19:01:58;856;50,02;
19:02:01;861;50,02;
19:02:04;862;50,03;
19:02:07;856;50,03;
19:02:10;863;50,03;
19:02:13;865;50,02;
19:02:19;858;50,02;
19:02:22;862;50,03;
19:02:25;865;50,03;
19:02:28;866;50,03;
19:02:31;864;50,03;
19:02:34;866;50,02;
19:02:37;861;50,03;
19:02:40;866;50,02;
19:02:46;868;50,02;
19:02:49;862;50,02;
19:02:52;870;50,02;
19:02:55;864;50,02;
19:02:58;868;50,02;
19:03:01;867;50,02;
19:03:04;866;50,02;
19:03:07;871;50,02;
19:03:10;872;50,02;
19:03:13;868;50,01;
19:03:16;871;50,02;
19:03:19;864;50,02;
19:03:22;872;50,03;
19:03:25;872;50,02;
19:03:28;864;50,03;
19:03:31;871;50,03;
19:03:34;873;50,03;
19:03:40;874;50,04;
19:03:43;875;50,04;
19:03:46;874;50,03;
19:03:52;877;50,02;
19:03:55;875;50,02;
19:03:58;879;50,01;
19:04:01;877;50,01;
19:04:10;874;50,01;
19:04:13;876;50,01;
19:04:16;879;50,02;
19:04:19;878;50,02;
19:04:22;876;50,01;
19:04:25;878;50,01;
19:04:34;873;50,01;
19:04:37;875;50,01;
19:04:40;878;50,01;
19:04:43;877;50,02;
19:04:46;875;50,03;
19:04:49;878;50,03;
19:04:52;869;50,03;
19:04:55;876;50,03;
19:04:58;875;50,02;
19:05:01;876;50,02;
19:05:04;873;50,01;
19:05:10;866;50,01;
19:05:13;873;50,02;
19:05:16;874;50,02;
19:05:19;867;50,02;
19:05:22;868;50,01;
19:05:25;872;50,01;
19:05:28;875;50,01;
19:05:31;876;50,01;
19:05:34;874;50,01;
19:05:37;875;50,01;
19:05:43;882;50,01;
19:05:46;885;50,01;
19:05:49;897;50,01;
19:05:52;904;50,01;
19:05:55;910;50,01;
19:05:58;918;50,01;
19:06:01;922;50,01;
19:06:04;921;50,01;
19:06:10;921;50,00;
19:06:13;924;50,01;
19:06:16;927;50,01;
19:06:19;925;50,01;
19:06:22;927;50,00;
19:06:25;922;50,00;
19:06:28;927;49,99;
19:06:31;920;49,99;
19:06:34;914;49,99;
19:06:37;895;50,00;
19:06:40;892;50,00;
19:06:43;881;50,00;
19:06:49;858;50,00;
19:06:52;855;50,00;
19:06:55;854;50,01;
19:06:58;857;50,01;
19:07:01;845;50,01;
19:07:04;846;50,01;
19:07:07;836;50,01;
19:07:10;842;50,01;
19:07:13;840;50,00;
19:07:16;841;50,00;
19:07:19;839;50,00;
19:07:22;836;50,00;
19:07:25;834;50,00;
19:07:28;832;50,00;
19:07:31;824;50,00;
19:07:34;827;50,00;
19:07:37;812;50,00;
19:07:40;808;49,99;
19:07:43;823;49,99;
19:07:46;821;49,98;
19:07:49;815;49,99;
19:07:55;816;49,99;
19:07:58;812;50,00;
19:08:01;807;50,00;
19:08:04;811;50,00;
19:08:07;801;50,00;
19:08:10;806;49,99;
19:08:13;797;49,99;
19:08:16;802;49,99;
19:08:19;794;49,98;
19:08:22;798;49,98;
19:08:25;792;49,98;
19:08:28;794;49,98;
19:08:31;782;49,98;
19:08:34;789;49,98;
19:08:37;788;49,98;
19:08:40;785;49,99;
19:08:43;779;49,99;
19:08:46;782;49,99;
19:08:49;773;49,99;
19:08:52;774;49,99;
19:08:55;769;49,99;
19:09:01;764;49,99;
19:09:04;768;50,00;
19:09:07;758;50,00;
19:09:10;757;50,00;
19:09:13;755;50,00;
19:09:16;756;50,00;
19:09:19;754;50,00;
19:09:22;749;50,00;
19:09:25;746;49,99;
19:09:28;745;49,99;
19:09:34;743;49,98;
19:09:37;741;49,98;
19:09:40;738;49,98;
19:09:46;727;49,98;
19:09:49;729;49,98;
19:09:52;726;49,97;
19:09:55;724;49,98;
19:09:58;721;49,98;
19:10:01;724;49,99;
19:10:04;718;49,99;
19:10:10;713;50,00;
19:10:13;713;49,99;
19:10:16;705;49,98;
19:10:19;708;49,98;
19:10:22;704;49,98;
19:10:25;706;49,98;
19:10:28;705;49,98;
19:10:31;702;49,98;
19:10:34;691;49,98;
19:10:37;698;49,98;
19:10:40;698;49,99;
19:10:43;696;49,99;
19:10:46;686;50,00;
19:10:52;691;50,00;
19:10:55;690;50,00;
19:10:58;683;50,00;
19:11:01;688;50,00;
19:11:04;684;50,00;
19:11:10;676;50,00;
19:11:13;682;50,00;
19:11:16;676;50,00;
19:11:19;680;49,99;
19:11:22;682;50,00;
19:11:25;678;50,00;
19:11:28;672;50,00;
19:11:31;676;49,99;
19:11:34;672;49,99;
19:11:37;673;49,98;
19:11:40;671;49,97;
19:11:43;670;49,97;
19:11:46;666;49,97;
19:11:49;673;49,98;
19:11:52;672;49,98;
19:11:58;668;49,98;
19:12:01;673;49,98;
19:12:07;672;49,98;
19:12:10;671;49,98;
19:12:13;675;49,98;
19:12:16;676;49,98;
19:12:19;674;49,98;
19:12:22;671;49,97;
19:12:25;675;49,97;
19:12:28;676;49,97;
19:12:31;680;49,97;
19:12:34;676;49,96;
19:12:37;679;49,96;
19:12:40;683;49,97;
19:12:43;685;49,96;
19:12:46;682;49,97;
19:12:49;685;49,97;
19:12:52;683;49,98;
19:12:55;688;49,98;
19:12:58;687;49,98;
19:13:04;690;49,97;
19:13:07;696;49,97;
19:13:10;690;49,98;
19:13:13;699;49,98;
19:13:16;692;49,98;
19:13:19;699;49,98;
19:13:22;704;49,98;
19:13:25;706;49,98;
19:13:28;710;49,99;
19:13:31;704;49,99;
19:13:34;707;49,99;
19:13:37;713;49,99;
19:13:40;716;49,99;
19:13:43;715;49,99;
19:13:46;720;49,99;
19:13:52;724;49,98;
19:13:55;719;49,98;
19:13:58;725;49,98;
19:14:04;729;49,98;
19:14:07;730;49,98;
19:14:10;728;49,98;
19:14:13;734;49,98;
19:14:16;735;49,98;
19:14:19;735;49,97;
19:14:22;737;49,97;
19:14:25;735;49,97;
19:14:28;740;49,97;
19:14:31;741;49,97;
19:14:34;742;49,97;
19:14:37;738;49,98;
19:14:40;742;49,98;
19:14:46;739;49,98;
19:14:49;742;49,98;
19:14:55;743;49,97;
19:14:58;744;49,97;
19:15:04;749;49,97;
19:15:07;748;49,96;
19:15:10;747;49,96;
19:15:13;751;49,96;
19:15:19;745;49,97;
19:15:22;749;49,98;
19:15:25;752;49,98;
19:15:28;747;49,98;
19:15:31;747;49,99;
19:15:34;752;49,99;
19:15:37;753;49,99;
19:15:40;748;50,00;
19:15:43;752;49,99;
19:15:46;751;49,99;
19:15:49;747;49,99;
19:15:52;750;49,99;
19:15:55;747;49,99;
19:16:01;741;49,98;
19:16:04;749;49,98;
19:16:07;744;49,98;
19:16:16;741;49,98;
19:16:19;744;49,98;
19:16:22;737;49,98;
19:16:25;742;49,98;
19:16:28;734;49,98;
19:16:31;736;49,98;
19:16:34;738;49,98;
19:16:40;733;49,98;
19:16:43;738;49,98;
19:16:46;730;49,98;
19:16:49;734;49,98;
19:16:52;733;49,98;
19:16:58;728;49,98;
19:17:01;731;49,98;
19:17:07;729;49,98;
19:17:10;722;49,98;
19:17:13;724;49,98;
19:17:16;722;49,99;
19:17:19;721;49,99;
19:17:22;716;49,99;
19:17:25;719;49,99;
19:17:28;718;49,98;
19:17:31;715;49,98;
19:17:34;711;49,98;
19:17:37;712;49,97;
19:17:40;708;49,97;
19:17:43;709;49,97;
19:17:46;703;49,97;
19:17:52;701;49,97;
19:17:55;704;49,97;
19:17:58;699;49,97;
19:18:04;696;49,98;
19:18:13;695;49,97;
19:18:16;689;49,97;
19:18:19;691;49,96;
19:18:22;688;49,96;
19:18:25;689;49,96;
19:18:28;683;49,96;
19:18:31;687;49,96;
19:18:34;684;49,96;
19:18:37;679;49,96;
19:18:40;678;49,96;
19:18:43;682;49,97;
19:18:46;680;49,97;
19:18:49;676;49,97;
19:18:58;659;49,98;
19:19:01;660;49,98;
19:19:04;669;49,97;
19:19:07;671;49,97;
19:19:10;671;49,96;
19:19:13;668;49,96;
19:19:16;671;49,96;
19:19:19;668;49,96;
19:19:25;666;49,96;
19:19:28;667;49,96;
19:19:31;664;49,96;
19:19:34;666;49,96;
19:19:37;663;49,96;
19:19:40;664;49,96;
19:19:43;661;49,96;
19:19:46;663;49,96;
19:19:49;660;49,96;
19:19:52;663;49,96;
19:19:55;657;49,96;
19:19:58;661;49,96;
19:20:04;660;49,96;
19:20:07;655;49,95;
19:20:10;661;49,95;
19:20:13;640;49,94;
19:20:16;646;49,94;
19:20:19;651;49,94;
19:20:22;659;49,95;
19:20:25;657;49,95;
19:20:28;659;49,95;
19:20:31;651;49,96;
19:20:34;658;49,95;
19:20:37;661;49,95;
19:20:40;657;49,95;
19:20:43;652;49,95;
19:20:46;653;49,95;
19:20:49;638;49,95;
19:20:52;652;49,95;
19:20:55;649;49,95;
19:20:58;653;49,96;
19:21:01;649;49,96;
19:21:04;652;49,96;
19:21:10;651;49,96;
19:21:13;650;49,96;
19:21:16;649;49,96;
19:21:19;641;49,96;
19:21:22;634;49,96;
19:21:25;636;49,96;
19:21:28;643;49,96;
19:21:31;647;49,96;
19:21:34;644;49,95;
19:21:37;646;49,96;
19:21:40;646;49,95;
19:21:43;644;49,95;
19:21:46;641;49,94;
19:21:52;640;49,94;
19:21:55;641;49,95;
19:21:58;640;49,95;
19:22:01;637;49,96;
19:22:04;635;49,96;
19:22:10;634;49,96;
19:22:16;631;49,96;
19:22:19;632;49,96;
19:22:22;629;49,96;
19:22:25;628;49,95;
19:22:28;625;49,95;
19:22:34;620;49,95;
19:22:37;623;49,95;
19:22:40;618;49,95;
19:22:43;618;49,94;
19:22:46;618;49,95;
19:22:49;613;49,95;
19:22:52;612;49,96;
19:23:01;608;49,96;
19:23:04;606;49,96;
19:23:07;605;49,96;
19:23:10;600;49,96;
19:23:13;602;49,96;
19:23:16;600;49,96;
19:23:22;599;49,96;
19:23:25;596;49,97;
19:23:28;590;49,97;
19:23:31;593;49,97;
19:23:37;589;49,96;
19:23:40;586;49,96;
19:23:43;592;49,96;
19:23:46;571;49,96;
19:23:49;580;49,96;
19:23:52;581;49,96;
19:23:55;574;49,96;
19:23:58;582;49,96;
19:24:01;579;49,96;
19:24:07;577;49,96;
19:24:10;578;49,96;
19:24:13;576;49,96;
19:24:16;574;49,96;
19:24:19;572;49,96;
19:24:22;571;49,96;
19:24:25;569;49,96;
19:24:31;568;49,96;
19:24:34;569;49,96;
19:24:37;566;49,96;
19:24:40;564;49,96;
19:24:43;563;49,96;
19:24:46;563;49,97;
19:24:49;563;49,96;
19:24:52;560;49,96;
19:24:55;561;49,96;
19:24:58;560;49,96;
19:25:01;557;49,96;
19:25:04;558;49,96;
19:25:07;556;49,96;
19:25:13;553;49,95;
19:25:16;553;49,96;
19:25:19;551;49,96;
19:25:22;552;49,96;
19:25:25;546;49,95;
19:25:28;552;49,94;
19:25:31;551;49,95;
19:25:34;544;49,94;
19:25:37;548;49,94;
19:25:40;551;49,95;
19:25:43;542;49,96;
19:25:46;546;49,96;
19:25:58;545;49,96;
19:26:01;542;49,96;
19:26:07;539;49,96;
19:26:10;543;49,96;
19:26:13;542;49,96;
19:26:19;543;49,96;
19:26:25;544;49,95;
19:26:31;540;49,95;
19:26:34;544;49,95;
19:26:37;538;49,96;
19:26:40;544;49,96;
19:26:43;540;49,95;
19:26:46;542;49,95;
19:26:49;543;49,94;
19:26:52;546;49,94;
19:27:04;546;49,95;
19:27:07;542;49,95;
19:27:10;546;49,95;
19:27:16;548;49,95;
19:27:19;546;49,95;
19:27:25;542;49,95;
19:27:28;547;49,96;
19:27:31;548;49,95;
19:27:34;551;49,95;
19:27:40;552;49,95;
19:27:43;553;49,94;
19:27:46;549;49,95;
19:27:49;553;49,95;
19:27:52;552;49,95;
19:27:55;553;49,95;
19:27:58;550;49,96;
19:28:01;556;49,96;
19:28:04;557;49,96;
19:28:10;554;49,97;
19:28:13;556;49,97;
19:28:16;560;49,97;
19:28:19;559;49,97;
19:28:22;558;49,97;
19:28:25;560;49,97;
19:28:28;560;49,98;
19:28:31;555;49,97;
19:28:34;563;49,98;
19:28:40;560;49,96;
19:28:43;564;49,96;
19:28:46;566;49,96;
19:28:49;565;49,96;
19:28:52;567;49,96;
19:28:55;567;49,97;
19:28:58;569;49,97;
19:29:01;571;49,97;
19:29:07;573;49,96;
19:29:10;570;49,96;
19:29:16;573;49,97;
19:29:19;576;49,97;
19:29:22;577;49,96;
19:29:28;575;49,96;
19:29:31;577;49,96;
19:29:37;579;49,96;
19:29:40;579;49,97;
19:29:43;582;49,97;
19:29:55;587;49,97;
19:29:58;586;49,97;
19:30:01;586;49,96;
19:30:04;585;49,96;
19:30:07;592;49,96;
19:30:10;588;49,96;
19:30:13;587;49,96;
19:30:16;586;49,97;
19:30:22;580;49,96;
19:30:25;589;49,96;
19:30:28;592;49,96;
19:30:31;591;49,96;
19:30:34;595;49,97;
19:30:37;602;49,97;
19:30:40;593;49,97;
19:30:43;592;49,97;
19:30:46;602;49,96;
19:30:49;597;49,96;
19:30:52;605;49,96;
19:30:55;600;49,96;
19:30:58;606;49,97;
19:31:01;551;49,96;
19:31:04;596;49,96;
19:31:07;599;49,97;
19:31:10;610;49,97;
19:31:16;612;49,97;
19:31:19;608;49,97;
19:31:22;616;49,97;
19:31:28;616;49,96;
19:31:31;614;49,96;
19:31:34;618;49,97;
19:31:37;613;49,97;
19:31:40;612;49,97;
19:31:43;614;49,96;
19:31:46;621;49,97;
19:31:49;623;49,97;
19:31:52;619;49,97;
19:31:55;622;49,96;
19:31:58;625;49,96;
19:32:01;625;49,97;
19:32:04;626;49,97;
19:32:07;622;49,97;
19:32:13;626;49,97;
19:32:19;625;49,97;
19:32:22;630;49,97;
19:32:25;628;49,96;
19:32:31;630;49,96;
19:32:34;628;49,96;
19:32:37;631;49,96;
19:32:40;632;49,96;
19:32:43;629;49,97;
19:32:46;635;49,97;
19:32:49;630;49,98;
19:32:52;631;49,99;
19:32:55;633;49,99;
19:32:58;632;49,99;
19:33:01;629;49,99;
19:33:04;634;49,99;
19:33:07;629;49,99;
19:33:10;630;49,99;
19:33:13;634;49,99;
19:33:19;630;49,98;
19:33:22;632;49,98;
19:33:25;633;49,97;
19:33:28;634;49,96;
19:33:31;631;49,97;
19:33:34;629;49,97;
19:33:37;633;49,98;
19:33:40;626;49,98;
19:33:43;623;49,98;
19:33:46;630;49,98;
19:33:49;631;49,98;
19:33:52;624;49,98;
19:33:55;627;49,98;
19:33:58;622;49,98;
19:34:01;628;49,98;
19:34:04;624;49,98;
19:34:10;619;49,98;
19:34:13;625;49,98;
19:34:16;623;49,98;
19:34:19;624;49,98;
19:34:25;618;49,98;
19:34:28;619;49,98;
19:34:31;618;49,98;
19:34:34;615;49,97;
19:34:40;612;49,97;
19:34:43;610;49,97;
19:34:49;609;49,97;
19:34:52;605;49,97;
19:34:55;603;49,98;
19:34:58;601;49,98;
19:35:01;600;49,98;
19:35:04;598;49,98;
19:35:07;595;49,98;
19:35:10;589;49,98;
19:35:13;590;49,98;
19:35:16;586;49,98;
19:35:19;585;49,98;
19:35:22;580;49,97;
19:35:25;577;49,97;
19:35:31;577;49,96;
19:35:34;567;49,96;
19:35:37;566;49,97;
19:35:40;561;49,98;
19:35:43;564;49,98;
19:35:46;563;49,98;
19:35:49;555;49,98;
19:35:52;560;49,98;
19:35:55;552;49,98;
19:35:58;555;49,98;
19:36:01;551;49,98;
19:36:04;548;49,98;
19:36:07;546;49,98;
19:36:10;542;49,98;
19:36:13;539;49,98;
19:36:16;541;49,98;
19:36:19;531;49,98;
19:36:22;529;49,98;
19:36:25;525;49,97;
19:36:28;526;49,97;
19:36:31;520;49,97;
19:36:37;514;49,97;
19:36:40;517;49,97;
19:36:43;508;49,97;
19:36:46;503;49,97;
19:36:49;494;49,97;
19:36:52;489;49,97;
19:36:55;490;49,97;
19:36:58;494;49,97;
19:37:01;496;49,97;
19:37:04;492;49,97;
19:37:07;493;49,97;
19:37:10;488;49,97;
19:37:13;482;49,98;
19:37:16;483;49,98;
19:37:22;478;49,98;
19:37:25;473;49,99;
19:37:28;475;49,99;
19:37:31;473;49,99;
19:37:34;469;50,00;
19:37:37;468;49,99;
19:37:40;467;49,99;
19:37:43;465;49,99;
19:37:46;461;49,98;
19:37:49;463;49,98;
19:37:52;454;49,97;
19:37:55;452;49,97;
19:37:58;452;49,98;
19:38:01;449;49,98;
19:38:04;448;49,98;
19:38:07;445;49,98;
19:38:13;442;49,98;
19:38:16;439;49,98;
19:38:19;436;49,98;
19:38:22;436;49,97;
19:38:28;427;49,97;
19:38:34;429;49,96;
19:38:37;428;49,96;
19:38:40;424;49,96;
19:38:43;417;49,96;
19:38:46;421;49,96;
19:38:49;419;49,96;
19:38:52;419;49,97;
19:38:55;421;49,97;
19:38:58;418;49,97;
19:39:01;408;49,97;
19:39:04;412;49,96;
19:39:13;410;49,96;
19:39:16;407;49,96;
19:39:19;403;49,96;
19:39:22;390;49,96;
19:39:25;396;49,96;
19:39:28;400;49,96;
19:39:34;397;49,96;
19:39:37;396;49,96;
19:39:40;394;49,96;
19:39:43;392;49,96;
19:39:49;391;49,96;
19:39:52;386;49,96;
19:39:55;389;49,96;
19:39:58;387;49,97;
19:40:01;386;49,97;
19:40:04;385;49,96;
19:40:07;384;49,96;
19:40:10;383;49,96;
19:40:13;381;49,96;
19:40:16;376;49,96;
19:40:19;372;49,96;
19:40:25;374;49,96;
19:40:28;371;49,96;
19:40:31;361;49,97;
19:40:34;369;49,96;
19:40:40;366;49,96;
19:40:43;368;49,96;
19:40:46;369;49,97;
19:40:49;362;49,97;
19:40:55;364;49,97;
19:41:01;360;49,98;
19:41:04;359;49,98;
19:41:07;362;49,97;
19:41:13;361;49,97;
19:41:16;355;49,97;
19:41:19;356;49,96;
19:41:28;353;49,96;
19:41:34;351;49,96;
19:41:37;350;49,97;
19:41:40;340;49,96;
19:41:43;350;49,96;
19:41:46;347;49,96;
19:41:52;346;49,97;
19:41:55;345;49,97;
19:41:58;341;49,98;
19:42:01;346;49,98;
19:42:07;341;49,98;
19:42:10;344;49,98;
19:42:16;341;49,98;
19:42:19;339;49,97;
19:42:22;340;49,97;
19:42:25;339;49,97;
19:42:31;338;49,98;
19:42:34;337;49,98;
19:42:37;335;49,98;
19:42:40;337;49,98;
19:42:43;339;49,97;
19:42:46;336;49,97;
19:42:49;332;49,97;
19:42:52;333;49,97;
19:42:58;334;49,97;
19:43:01;329;49,97;
19:43:07;328;49,97;
19:43:10;329;49,97;
19:43:19;325;49,97;
19:43:22;327;49,97;
19:43:25;330;49,97;
19:43:28;325;49,97;
19:43:31;327;49,98;
19:43:37;325;49,97;
19:43:40;326;49,97;
19:43:43;324;49,97;
19:43:46;328;49,97;
19:43:49;327;49,96;
19:43:58;322;49,96;
19:44:01;325;49,96;
19:44:04;324;49,96;
19:44:10;322;49,96;
19:44:13;321;49,97;
19:44:16;325;49,97;
19:44:19;321;49,97;
19:44:22;322;49,98;
19:44:25;323;49,97;
19:44:28;326;49,97;
19:44:31;327;49,96;
19:44:34;326;49,96;
19:44:37;323;49,96;
19:44:43;326;49,96;
19:44:46;326;49,97;
19:44:49;322;49,97;
19:44:52;308;49,97;
19:44:55;306;49,97;
19:44:58;307;49,97;
19:45:01;313;49,97;
19:45:04;310;49,96;
19:45:07;323;49,96;
19:45:13;323;49,97;
19:45:16;322;49,97;
19:45:19;325;49,97;
19:45:22;324;49,97;
19:45:25;321;49,97;
19:45:28;323;49,98;
19:45:31;322;49,98;
19:45:34;324;49,97;
19:45:37;326;49,97;
19:45:40;321;49,97;
19:45:43;323;49,98;
19:45:46;317;49,98;
19:45:49;327;49,98;
19:45:52;317;49,98;
19:45:55;322;49,98;
19:46:04;318;49,99;
19:46:07;326;49,98;
19:46:10;324;49,99;
19:46:13;324;49,98;
19:46:19;327;49,98;
19:46:22;328;49,97;
19:46:25;326;49,97;
19:46:28;323;49,97;
19:46:34;327;49,97;
19:46:37;324;49,97;
19:46:40;325;49,97;
19:46:43;327;49,97;
19:46:46;322;49,97;
19:46:49;328;49,97;
19:46:52;320;49,97;
19:46:55;312;49,98;
19:46:58;310;49,98;
19:47:01;312;49,98;
19:47:04;319;49,98;
19:47:07;325;49,98;
19:47:10;323;49,98;
19:47:13;326;49,98;
19:47:16;324;49,97;
19:47:19;325;49,97;
19:47:22;329;49,96;
19:47:25;330;49,96;
19:47:28;325;49,96;
19:47:31;328;49,96;
19:47:34;329;49,97;
19:47:40;324;49,98;
19:47:43;326;49,98;
19:47:46;323;49,98;
19:47:49;328;49,98;
19:47:55;329;49,98;
19:47:58;327;49,98;
19:48:01;327;49,97;
19:48:04;325;49,98;
19:48:07;328;49,97;
19:48:10;325;49,97;
19:48:13;328;49,97;
19:48:16;323;49,96;
19:48:19;328;49,96;
19:48:22;329;49,96;
19:48:28;326;49,96;
19:48:31;328;49,97;
19:48:34;326;49,97;
19:48:37;327;49,98;
19:48:40;327;49,97;
19:48:46;331;49,98;
19:48:49;326;49,98;
19:48:52;324;49,98;
19:48:55;331;49,98;
19:48:58;321;49,97;
19:49:01;327;49,97;
19:49:04;328;49,97;
19:49:07;331;49,96;
19:49:10;326;49,97;
19:49:13;329;49,98;
19:49:16;328;49,98;
19:49:19;329;49,98;
19:49:22;330;49,98;
19:49:25;329;49,98;
19:49:28;331;49,97;
19:49:31;326;49,97;
19:49:34;329;49,97;
19:49:37;328;49,97;
19:49:40;329;49,97;
19:49:43;330;49,97;
19:49:46;332;49,98;
19:49:52;331;49,98;
19:49:55;329;49,98;
19:49:58;331;49,98;
19:50:01;326;49,98;
19:50:04;327;49,97;
19:50:07;323;49,96;
19:50:10;328;49,96;
19:50:13;329;49,96;
19:50:19;333;49,96;
19:50:22;332;49,95;
19:50:25;331;49,96;
19:50:28;331;49,95;
19:50:31;295;49,95;
19:50:37;316;49,95;
19:50:40;318;49,95;
19:50:43;325;49,96;
19:50:46;329;49,96;
19:50:49;333;49,96;
19:50:52;325;49,96;
19:50:55;330;49,96;
19:50:58;323;49,96;
19:51:01;333;49,96;
19:51:04;326;49,96;
19:51:07;334;49,96;
19:51:10;330;49,96;
19:51:16;333;49,96;
19:51:19;330;49,96;
19:51:22;328;49,96;
19:51:25;332;49,96;
19:51:28;336;49,96;
19:51:31;335;49,96;
19:51:34;336;49,96;
19:51:43;330;49,96;
19:51:46;336;49,96;
19:51:49;339;49,96;
19:51:52;330;49,95;
19:51:55;339;49,96;
19:51:58;332;49,95;
19:52:01;338;49,95;
19:52:04;333;49,95;
19:52:07;331;49,96;
19:52:10;336;49,96;
19:52:13;341;49,96;
19:52:16;336;49,96;
19:52:19;339;49,96;
19:52:22;335;49,96;
19:52:25;340;49,96;
19:52:28;344;49,96;
19:52:31;341;49,96;
19:52:34;339;49,96;
19:52:37;342;49,96;
19:52:40;346;49,96;
19:52:43;343;49,97;
19:52:49;345;49,96;
19:52:52;344;49,96;
19:52:55;345;49,96;
19:52:58;344;49,96;
19:53:01;347;49,96;
19:53:07;348;49,97;
19:53:10;349;49,97;
19:53:13;352;49,98;
19:53:16;349;49,98;
19:53:19;350;49,98;
19:53:22;348;49,97;
19:53:25;354;49,96;
19:53:28;352;49,96;
19:53:34;355;49,96;
19:53:37;357;49,96;
19:53:40;353;49,96;
19:53:43;357;49,96;
19:53:46;354;49,96;
19:53:49;358;49,96;
19:53:55;359;49,97;
19:53:58;353;49,97;
19:54:01;363;49,97;
19:54:04;362;49,97;
19:54:10;357;49,97;
19:54:13;364;49,97;
19:54:16;364;49,96;
19:54:19;366;49,96;
19:54:25;367;49,95;
19:54:28;367;49,94;
19:54:31;369;49,95;
19:54:34;368;49,95;
19:54:40;367;49,94;
19:54:46;372;49,94;
19:54:49;373;49,94;
19:54:52;375;49,95;
19:54:55;370;49,95;
19:54:58;376;49,95;
19:55:01;376;49,96;
19:55:04;378;49,96;
19:55:07;379;49,96;
19:55:10;380;49,95;
19:55:13;378;49,95;
19:55:16;382;49,95;
19:55:19;380;49,95;
19:55:22;382;49,94;
19:55:25;383;49,94;
19:55:28;385;49,94;
19:55:31;382;49,94;
19:55:34;384;49,94;
19:55:37;382;49,94;
19:55:40;387;49,94;
19:55:46;386;49,94;
19:55:49;385;49,94;
19:55:52;388;49,94;
19:55:55;382;49,95;
19:55:58;390;49,95;
19:56:01;392;49,95;
19:56:04;385;49,96;
19:56:07;391;49,96;
19:56:10;395;49,96;
19:56:13;389;49,96;
19:56:16;391;49,96;
19:56:19;389;49,96;
19:56:22;396;49,96;
19:56:25;395;49,96;
19:56:31;397;49,96;
19:56:34;399;49,96;
19:56:37;396;49,96;
19:56:46;380;49,97;
19:56:52;391;49,97;
19:56:55;395;49,97;
19:56:58;398;49,97;
19:57:01;396;49,97;
19:57:04;397;49,97;
19:57:07;401;49,97;
19:57:10;396;49,97;
19:57:13;400;49,97;
19:57:16;397;49,97;
19:57:22;401;49,97;
19:57:25;400;49,97;
19:57:28;401;49,97;
19:57:31;404;49,97;
19:57:34;402;49,97;
19:57:37;401;49,97;
19:57:43;401;49,98;
19:57:52;400;49,97;
19:57:58;402;49,98;
19:58:01;403;49,98;
19:58:04;401;49,98;
19:58:07;402;49,98;
19:58:10;401;49,98;
19:58:16;399;49,98;
19:58:19;404;49,98;
19:58:22;399;49,97;
19:58:25;402;49,97;
19:58:28;398;49,97;
19:58:31;401;49,97;
19:58:34;399;49,97;
19:58:37;399;49,98;
19:58:40;394;49,98;
19:58:43;398;49,97;
19:58:49;396;49,97;
19:58:52;395;49,97;
19:58:55;396;49,97;
19:58:58;388;49,98;
19:59:04;393;49,98;
19:59:07;393;49,99;
19:59:10;388;50,00;
19:59:13;394;50,00;
19:59:19;390;50,00;
19:59:22;384;49,99;
19:59:25;389;49,99;
19:59:28;386;49,99;
19:59:31;386;50,00;
19:59:37;384;50,01;
19:59:40;386;50,01;
19:59:49;385;50,01;
19:59:52;384;50,01;
19:59:55;377;50,01;
19:59:58;375;50,02;
20:00:01;374;50,02;
20:00:04;376;50,02;
20:00:07;375;50,02;
20:00:10;373;50,02;
20:00:13;355;50,01;
20:00:16;356;50,02;
20:00:19;365;50,02;
20:00:22;364;50,03;
20:00:25;362;50,03;
20:00:31;361;50,03;
20:00:34;359;50,03;
20:00:37;361;50,03;
20:00:40;360;50,02;
20:00:43;355;50,02;
20:00:46;355;50,03;
20:00:49;353;50,03;
20:00:55;348;50,02;
20:00:58;348;50,03;
20:01:01;343;50,03;
20:01:04;346;50,03;
20:01:07;345;50,03;
20:01:10;337;50,03;
20:01:13;333;50,03;
20:01:16;339;50,03;
20:01:19;332;50,02;
20:01:22;329;50,02;
20:01:25;327;50,02;
20:01:28;328;50,02;
20:01:31;327;50,03;
20:01:34;325;50,03;
20:01:37;323;50,03;
20:01:40;325;50,02;
20:01:43;317;50,02;
20:01:46;320;50,02;
20:01:49;317;50,02;
20:01:52;315;50,03;
20:01:55;311;50,03;
20:02:01;309;50,03;
20:02:04;301;50,03;
20:02:07;277;50,03;
20:02:10;278;50,03;
20:02:13;282;50,03;
20:02:16;284;50,03;
20:02:19;287;50,03;
20:02:22;290;50,03;
20:02:25;283;50,02;
20:02:28;284;50,03;
20:02:34;278;50,03;
20:02:37;283;50,03;
20:02:40;277;50,03;
20:02:43;279;50,03;
20:02:46;272;50,03;
20:02:49;271;50,03;
20:02:55;267;50,04;
20:02:58;266;50,03;
20:03:01;262;50,03;
20:03:07;261;50,03;
20:03:10;258;50,03;
20:03:13;252;50,03;
20:03:16;253;50,03;
20:03:19;251;50,03;
20:03:22;249;50,03;
20:03:25;244;50,03;
20:03:28;244;50,02;
20:03:34;240;50,02;
20:03:37;234;50,03;
20:03:40;236;50,03;
20:03:43;235;50,03;
20:03:46;233;50,02;
20:03:52;229;50,02;
20:03:55;229;50,03;
20:03:58;228;50,03;
20:04:01;226;50,03;
20:04:04;220;50,03;
20:04:10;221;50,03;
20:04:13;212;50,03;
20:04:16;219;50,03;
20:04:19;212;50,03;
20:04:22;217;50,03;
20:04:25;209;50,03;
20:04:28;203;50,03;
20:04:31;211;50,03;
20:04:34;207;50,03;
20:04:37;196;50,02;
20:04:40;197;50,02;
20:04:43;199;50,02;
20:04:46;191;50,02;
20:04:49;188;50,02;
20:04:52;192;50,02;
20:04:58;190;50,01;
20:05:01;191;50,02;
20:05:04;184;50,02;
20:05:07;185;50,02;
20:05:10;178;50,02;
20:05:13;185;50,02;
20:05:16;187;50,02;
20:05:19;175;50,02;
20:05:22;180;50,01;
20:05:25;181;50,01;
20:05:28;174;50,00;
20:05:31;181;50,00;
20:05:34;174;50,00;
20:05:37;173;50,01;
20:05:40;172;50,01;
20:05:46;169;50,01;
20:05:52;169;50,00;
20:05:55;169;50,01;
20:05:58;164;50,00;
20:06:04;161;50,00;
20:06:07;162;50,00;
20:06:10;160;50,00;
20:06:16;161;50,00;
20:06:19;159;50,00;
20:06:22;157;50,00;
20:06:25;159;50,00;
20:06:28;156;50,00;
20:06:31;157;50,00;
20:06:34;156;50,00;
20:06:37;156;50,01;
20:06:43;155;50,01;
20:06:46;154;50,01;
20:06:49;151;50,01;
20:06:52;155;50,00;
20:06:55;151;50,00;
20:07:01;149;50,00;
20:07:04;145;50,01;
20:07:10;151;50,00;
20:07:13;142;50,00;
20:07:16;146;50,00;
20:07:19;147;50,00;
20:07:22;143;50,01;
20:07:25;145;50,01;
20:07:28;146;50,01;
20:07:31;147;50,00;
20:07:34;144;50,00;
20:07:37;143;50,00;
20:07:40;139;50,00;
20:07:43;142;50,00;
20:07:46;141;50,00;
20:07:49;140;50,00;
20:07:55;139;50,00;
20:07:58;137;50,00;
20:08:01;138;50,00;
20:08:04;139;50,00;
20:08:07;141;50,00;
20:08:10;136;50,00;
20:08:16;137;50,01;
20:08:22;134;50,00;
20:08:25;135;50,00;
20:08:28;136;50,00;
20:08:31;134;49,99;
20:08:37;136;49,99;
20:08:40;136;49,98;
20:08:43;133;49,99;
20:08:46;133;49,98;
20:08:52;136;49,99;
20:08:55;133;49,99;
20:09:01;134;49,99;
20:09:04;130;49,99;
20:09:07;129;50,00;
20:09:10;131;49,99;
20:09:13;127;49,99;
20:09:16;133;49,99;
20:09:19;129;49,99;
20:09:22;129;49,98;
20:09:25;128;49,98;
20:09:28;130;49,98;
20:09:31;128;49,98;
20:09:37;130;49,98;
20:09:43;131;49,98;
20:09:46;128;49,98;
20:09:49;129;49,98;
20:09:52;130;49,97;
20:09:55;127;49,97;
20:09:58;131;49,97;
20:10:01;130;49,97;
20:10:07;126;49,98;
20:10:13;122;49,98;
20:10:16;128;49,98;
20:10:19;127;49,98;
20:10:25;125;49,98;
20:10:28;121;49,97;
20:10:31;125;49,97;
20:10:34;126;49,97;
20:10:37;123;49,96;
20:10:40;122;49,96;
20:10:43;123;49,97;
20:10:46;121;49,97;
20:10:49;127;49,97;
20:10:52;120;49,98;
20:10:55;126;49,98;
20:10:58;125;49,98;
20:11:01;126;49,98;
20:11:04;123;49,98;
20:11:07;122;49,97;
20:11:13;124;49,97;
20:11:16;123;49,97;
20:11:19;124;49,97;
20:11:22;119;49,97;
20:11:25;122;49,97;
20:11:28;114;49,96;
20:11:31;118;49,97;
20:11:34;123;49,97;
20:11:37;122;49,97;
20:11:40;121;49,97;
20:11:43;120;49,97;
20:11:46;121;49,97;
20:11:49;119;49,98;
20:11:52;120;49,97;
20:11:55;122;49,98;
20:11:58;123;49,98;
20:12:01;120;49,99;
20:12:04;117;49,99;
20:12:07;104;49,99;
20:12:10;96;49,99;
20:12:13;103;49,98;
20:12:19;121;49,97;
20:12:22;121;49,98;
20:12:28;114;49,98;
20:12:31;118;49,98;
20:12:37;121;49,98;
20:12:40;120;49,98;
20:12:43;119;49,99;
20:12:46;121;49,99;
20:12:49;119;49,99;
20:12:52;121;49,99;
20:12:55;116;49,99;
20:12:58;117;49,99;
20:13:04;118;49,99;
20:13:07;117;49,98;
20:13:10;119;49,98;
20:13:13;115;49,98;
20:13:16;118;49,98;
20:13:19;119;49,98;
20:13:25;120;49,98;
20:13:28;119;49,98;
20:13:31;120;49,98;
20:13:34;117;49,97;
20:13:37;118;49,97;
20:13:40;117;49,97;
20:13:43;120;49,98;
20:13:46;122;49,98;
20:13:49;118;49,98;
20:13:55;119;49,98;
20:14:01;118;49,98;
20:14:04;117;49,98;
20:14:10;119;49,99;
20:14:13;121;49,99;
20:14:16;121;49,98;
20:14:19;120;49,98;
20:14:22;120;49,97;
20:14:25;118;49,97;
20:14:31;117;49,97;
20:14:34;119;49,97;
20:14:37;118;49,97;
20:14:40;116;49,97;
20:14:43;119;49,97;
20:14:46;115;49,97;
20:14:49;117;49,97;
20:14:52;115;49,97;
20:14:55;118;49,97;
20:14:58;116;49,97;
20:15:01;117;49,97;
20:15:04;115;49,97;
20:15:07;117;49,97;
20:15:16;116;49,97;
20:15:19;115;49,96;
20:15:22;114;49,97;
20:15:25;114;49,96;
20:15:28;113;49,96;
20:15:31;111;49,96;
20:15:34;117;49,96;
20:15:37;115;49,96;
20:15:40;113;49,96;
20:15:46;113;49,97;
20:15:49;112;49,96;
20:15:52;109;49,96;
20:15:58;112;49,96;
20:16:01;109;49,96;
20:16:04;111;49,96;
20:16:07;112;49,96;
20:16:10;111;49,97;
20:16:16;110;49,97;
20:16:22;113;49,97;
20:16:25;109;49,97;
20:16:28;109;49,96;
20:16:31;109;49,97;
20:16:34;107;49,97;
20:16:37;106;49,97;
20:16:40;106;49,96;
20:16:43;108;49,96;
20:16:49;106;49,96;
20:16:55;109;49,97;
20:16:58;108;49,97;
20:17:01;104;49,97;
20:17:04;105;49,96;
20:17:07;104;49,96;
20:17:10;103;49,96;
20:17:13;105;49,96;
20:17:16;103;49,96;
20:17:19;99;49,96;
20:17:22;97;49,96;
20:17:25;106;49,97;
20:17:28;103;49,96;
20:17:31;102;49,96;
20:17:34;98;49,96;
20:17:37;100;49,96;
20:17:40;99;49,96;
20:17:49;98;49,96;
20:17:52;98;49,97;
20:17:55;101;49,96;
20:17:58;98;49,96;
20:18:01;100;49,96;
20:18:04;98;49,96;
20:18:07;96;49,96;
20:18:13;98;49,96;
20:18:16;97;49,96;
20:18:22;95;49,96;
20:18:25;96;49,96;
20:18:28;97;49,96;
20:18:34;96;49,96;
20:18:37;94;49,96;
20:18:40;92;49,96;
20:18:43;91;49,97;
20:18:46;93;49,97;
20:18:49;91;49,97;
20:18:52;90;49,96;
20:18:55;89;49,96;
20:18:58;87;49,96;
20:19:01;87;49,97;
20:19:07;85;49,97;
20:19:10;89;49,97;
20:19:13;87;49,96;
20:19:19;85;49,96;
20:19:22;83;49,96;
20:19:25;82;49,96;
20:19:31;83;49,96;
20:19:34;85;49,96;
20:19:37;81;49,96;
20:19:40;84;49,96;
20:19:43;81;49,96;
20:19:46;78;49,97;
20:19:49;80;49,97;
20:19:52;81;49,97;
20:19:58;82;49,97;
20:20:01;82;49,98;
20:20:04;80;49,97;
20:20:10;77;49,96;
20:20:13;76;49,96;
20:20:19;75;49,96;
20:20:28;73;49,96;
20:20:31;76;49,96;
20:20:34;75;49,96;
20:20:40;74;49,96;
20:20:43;75;49,96;
20:20:46;73;49,96;
20:20:55;71;49,96;
20:21:01;73;49,96;
20:21:04;73;49,97;
20:21:07;71;49,97;
20:21:10;68;49,96;
20:21:13;71;49,96;
20:21:16;73;49,96;
20:21:19;70;49,96;
20:21:22;73;49,96;
20:21:25;69;49,97;
20:21:31;67;49,97;
20:21:37;65;49,98;
20:21:40;67;49,98;
20:21:49;66;49,97;
20:21:52;61;49,97;
20:21:55;65;49,96;
20:22:01;64;49,96;
20:22:04;64;49,97;
20:22:10;62;49,97;
20:22:16;53;49,97;
20:22:19;51;49,96;
20:22:22;50;49,96;
20:22:25;61;49,96;
20:22:28;58;49,96;
20:22:40;55;49,96;
20:22:43;58;49,96;
20:22:46;54;49,97;
20:22:49;56;49,97;
20:22:52;52;49,97;
20:22:55;56;49,97;
20:22:58;55;49,97;
20:23:04;54;49,98;
20:23:07;52;49,98;
20:23:13;50;49,98;
20:23:16;51;49,98;
20:23:22;51;49,97;
20:23:25;50;49,97;
20:23:28;50;49,96;
20:23:31;50;49,97;
20:23:34;49;49,97;
20:23:37;49;49,98;
20:23:46;48;49,98;
20:23:49;44;49,98;
20:23:52;43;49,98;
20:23:55;42;49,98;
20:23:58;47;49,98;
20:24:01;44;49,98;
20:24:04;45;49,98;
20:24:07;42;49,98;
20:24:16;41;49,99;
20:24:19;40;49,99;
20:24:22;41;49,99;
20:24:28;41;49,98;
20:24:31;42;49,98;
20:24:34;37;49,97;
20:24:37;38;49,97;
20:24:40;39;49,97;
20:24:43;38;49,97;
20:24:46;37;49,97;
20:24:49;36;49,97;
20:24:52;36;49,96;
20:24:58;35;49,96;
20:25:01;38;49,96;
20:25:04;36;49,96;
20:25:07;35;49,96;
20:25:10;36;49,96;
20:25:13;34;49,96;
20:25:16;35;49,96;
20:25:19;34;49,96;
20:25:25;33;49,96;
20:25:28;34;49,96;
20:25:34;26;49,97;
20:25:37;32;49,98;
20:25:40;33;49,98;
20:25:46;35;49,98;
20:25:49;32;49,98;
20:25:52;36;49,99;
20:25:58;27;49,98;
20:26:01;33;49,98;
20:26:04;29;49,98;
20:26:07;31;49,98;
20:26:10;33;49,99;
20:26:13;32;49,99;
20:26:16;30;49,99;
20:26:19;29;49,99;
20:26:22;33;49,98;
20:26:25;29;49,97;
20:26:31;27;49,97;
20:26:34;31;49,97;
20:26:37;27;49,97;
20:26:43;24;49,98;
20:26:46;26;49,98;
20:26:49;31;49,99;
20:26:52;27;49,99;
20:26:55;27;49,98;
20:27:01;27;49,97;
20:27:04;24;49,97;
20:27:07;27;49,97;
20:27:10;28;49,98;
20:27:13;34;49,98;
20:27:16;27;49,98;
20:27:19;25;49,98;
20:27:25;23;49,98;
20:27:28;18;49,98;
20:27:31;17;49,98;
20:27:34;11;49,98;
20:27:37;29;49,97;
20:27:40;12;49,97;
20:27:43;3;49,97;
20:27:46;24;49,97;
20:27:49;0;49,97;
20:27:55;0;49,98;
20:28:04;0;49,99;
20:28:19;26;49,98;
20:28:22;24;49,98;
20:28:31;0;49,96;
20:28:37;0;49,97;
20:29:04;0;49,98;
20:29:19;0;49,97;
20:29:22;0;49,96;
20:29:40;0;49,97;
20:29:55;0;49,98;
20:30:01;0;49,99;
20:30:07;0;49,98;
20:30:13;0;49,97;
20:30:22;0;49,96;
20:30:46;0;49,97;
20:31:01;0;49,96;
20:31:07;0;49,97;
20:31:13;0;49,98;
20:31:22;0;49,97;
20:31:37;0;49,96;
20:31:40;0;49,97;
20:31:43;0;49,96;
20:31:58;0;49,97;
20:32:10;0;49,96;
20:32:13;0;49,97;
20:32:22;0;49,98;
20:32:25;0;49,97;
20:32:28;0;49,98;
20:32:34;0;49,99;
20:32:37;0;49,98;
20:32:55;0;49,97;
20:32:58;0;49,98;
20:33:04;0;49,99;
20:33:07;0;49,98;
20:33:19;0;49,97;
20:33:49;0;49,98;
20:34:07;0;49,99;
20:34:16;0;49,98;
20:34:25;0;49,97;
20:34:34;0;49,98;
20:34:40;0;49,97;
20:35:04;0;49,98;
20:35:16;0;49,97;
20:35:40;0;49,96;
20:35:43;0;49,97;
20:35:52;0;49,98;
20:36:07;0;49,97;
20:36:13;0;49,96;
20:36:49;0;49,97;
20:37:04;0;49,98;
20:37:31;0;49,97;
20:37:52;0;49,98;
20:37:55;0;49,97;
20:37:58;0;49,96;
20:38:10;0;49,97;
20:38:37;0;49,96;
20:38:40;0;49,97;
20:38:55;0;49,98;
20:39:04;0;49,99;
20:39:13;0;49,98;
20:39:19;0;49,97;
20:39:22;0;49,96;
20:39:25;0;49,97;
20:39:37;0;49,96;
20:39:40;0;49,97;
20:39:55;0;49,98;
20:40:07;0;49,97;
20:40:16;0;49,96;
20:40:43;0;49,97;
20:41:04;0;49,98;
20:41:31;0;49,97;
20:41:34;0;49,98;
20:41:40;0;49,97;
20:41:46;0;49,98;
20:42:04;0;49,97;
20:42:13;;;
