time;pac;freq;
05:41:25;0;49,98;
05:41:28;0;50,03;
05:41:46;0;50,02;
05:42:07;0;50,01;
05:42:19;0;50,02;
05:42:22;0;50,01;
05:42:37;0;50,02;
05:42:46;0;50,01;
05:42:55;0;50,02;
05:43:10;0;50,03;
05:43:46;0;50,02;
05:43:49;0;50,03;
05:44:04;0;50,02;
05:44:28;0;50,01;
05:44:34;0;50,02;
05:44:55;0;50,03;
05:45:04;0;50,02;
05:45:10;0;50,01;
05:45:19;0;50,00;
05:45:28;0;50,01;
05:45:34;0;50,00;
05:45:40;37;50,00;
05:45:43;41;50,01;
05:45:46;46;50,01;
05:45:49;42;50,01;
05:45:52;44;50,01;
05:45:55;42;50,01;
05:45:58;45;50,01;
05:46:01;44;50,01;
05:46:07;46;50,01;
05:46:10;46;50,00;
05:46:16;45;50,00;
05:46:22;44;50,00;
05:46:25;47;50,00;
05:46:28;44;49,99;
05:46:34;47;50,00;
05:46:37;44;50,00;
05:46:40;45;50,00;
05:46:43;47;50,01;
05:46:46;46;50,01;
05:46:49;47;50,01;
05:46:52;46;50,01;
05:46:55;47;50,01;
05:47:01;46;50,01;
05:47:07;48;50,01;
05:47:10;47;50,01;
05:47:16;48;50,01;
05:47:19;49;50,01;
05:47:22;48;50,01;
05:47:25;47;50,01;
05:47:28;50;50,01;
05:47:31;49;50,00;
05:47:34;50;50,00;
05:47:37;49;50,01;
05:47:43;48;50,01;
05:47:52;50;50,01;
05:47:58;50;50,00;
05:48:04;51;50,00;
05:48:07;50;50,01;
05:48:13;50;50,00;
05:48:19;51;50,00;
05:48:37;51;50,01;
05:48:43;50;50,01;
05:48:46;53;50,00;
05:48:49;51;50,00;
05:48:55;52;50,00;
05:49:07;53;50,01;
05:49:19;54;50,01;
05:49:22;53;50,01;
05:49:25;54;50,01;
05:49:31;56;50,01;
05:49:34;55;50,01;
05:49:37;56;50,01;
05:49:40;53;50,01;
05:49:43;56;50,00;
05:49:49;57;50,00;
05:49:52;56;50,00;
05:49:55;57;50,00;
05:49:58;56;50,00;
05:50:01;57;50,00;
05:50:04;57;50,01;
05:50:10;56;50,01;
05:50:13;57;50,01;
05:50:19;57;50,00;
05:50:25;58;50,00;
05:50:31;59;49,99;
05:50:34;57;49,98;
05:50:37;58;49,98;
05:50:40;59;49,98;
05:50:46;58;49,98;
05:50:49;59;49,98;
05:50:55;60;49,98;
05:50:58;59;49,98;
05:51:13;60;49,98;
05:51:19;61;49,98;
05:51:22;61;49,99;
05:51:28;61;49,98;
05:51:31;61;49,99;
05:51:34;60;49,99;
05:51:37;63;49,99;
05:51:46;61;49,99;
05:51:49;63;49,99;
05:51:52;62;49,99;
05:51:55;65;50,00;
05:51:58;64;49,99;
05:52:01;65;49,99;
05:52:07;63;49,99;
05:52:10;65;49,98;
05:52:16;65;49,99;
05:52:19;66;49,99;
05:52:25;65;49,99;
05:52:31;67;49,99;
05:52:34;65;49,99;
05:52:37;65;50,00;
05:52:40;66;49,99;
05:52:43;68;49,99;
05:52:46;67;49,99;
05:52:52;68;49,99;
05:52:55;67;49,99;
05:52:58;68;49,99;
05:53:04;68;49,98;
05:53:10;69;49,98;
05:53:13;70;49,98;
05:53:22;69;49,98;
05:53:28;70;49,98;
05:53:34;71;49,98;
05:53:37;70;49,98;
05:53:40;71;49,98;
05:53:49;70;49,98;
05:53:52;71;49,98;
05:53:58;72;49,98;
05:54:01;71;49,99;
05:54:07;72;49,99;
05:54:10;70;49,99;
05:54:13;71;49,99;
05:54:16;71;50,00;
05:54:19;73;50,01;
05:54:22;73;50,00;
05:54:28;72;50,00;
05:54:34;73;50,00;
05:54:37;74;50,00;
05:54:40;76;50,00;
05:54:43;74;50,00;
05:54:46;76;50,00;
05:54:49;74;49,99;
05:54:52;73;49,99;
05:54:55;74;49,99;
05:55:04;75;49,99;
05:55:10;76;49,99;
05:55:16;76;49,98;
05:55:19;77;49,98;
05:55:22;76;49,98;
05:55:34;48;49,98;
05:55:37;27;49,98;
05:55:40;0;49,98;
05:55:49;11;49,98;
05:55:52;54;49,98;
05:55:55;67;49,98;
05:55:58;71;49,98;
05:56:01;75;49,99;
05:56:04;78;49,99;
05:56:07;81;49,99;
05:56:10;82;50,00;
05:56:13;81;50,00;
05:56:19;80;50,00;
05:56:25;82;50,00;
05:56:28;81;50,00;
05:56:31;83;49,99;
05:56:34;84;49,99;
05:56:37;83;49,99;
05:56:40;84;49,98;
05:56:43;83;49,97;
05:56:49;84;49,97;
05:56:52;83;49,97;
05:56:58;84;49,97;
05:57:01;85;49,97;
05:57:04;84;49,97;
05:57:16;85;49,97;
05:57:19;84;49,97;
05:57:28;87;49,97;
05:57:31;85;49,97;
05:57:37;78;49,96;
05:57:40;81;49,96;
05:57:43;78;49,96;
05:57:46;76;49,96;
05:57:49;86;49,96;
05:57:55;87;49,96;
05:57:58;88;49,96;
05:58:07;87;49,96;
05:58:10;88;49,96;
05:58:13;91;49,97;
05:58:16;89;49,96;
05:58:19;90;49,96;
05:58:22;89;49,96;
05:58:25;88;49,96;
05:58:31;87;49,96;
05:58:34;89;49,96;
05:58:37;88;49,97;
05:58:40;89;49,97;
05:58:43;90;49,96;
05:58:49;91;49,96;
05:58:52;91;49,97;
05:58:55;89;49,98;
05:58:58;93;49,98;
05:59:01;91;49,97;
05:59:04;92;49,97;
05:59:07;91;49,97;
05:59:10;92;49,97;
05:59:22;93;49,97;
05:59:25;92;49,97;
05:59:28;93;49,97;
05:59:31;93;49,96;
05:59:37;93;49,97;
05:59:40;94;49,97;
05:59:43;93;49,98;
05:59:52;94;49,98;
05:59:55;93;49,97;
05:59:58;95;49,97;
06:00:01;94;49,98;
06:00:04;96;49,98;
06:00:07;95;49,98;
06:00:13;90;49,97;
06:00:16;92;49,97;
06:00:22;97;49,97;
06:00:28;98;49,97;
06:00:31;97;49,97;
06:00:34;89;49,98;
06:00:37;97;49,98;
06:00:40;98;49,99;
06:00:43;96;49,99;
06:00:46;99;50,00;
06:00:49;98;50,00;
06:00:52;99;50,00;
06:01:07;98;49,99;
06:01:10;99;49,99;
06:01:13;100;49,99;
06:01:16;99;50,00;
06:01:19;100;50,00;
06:01:28;101;49,99;
06:01:31;100;49,99;
06:01:34;99;49,99;
06:01:40;101;49,99;
06:01:43;100;49,99;
06:01:46;101;49,99;
06:01:55;100;50,00;
06:01:58;101;49,99;
06:02:07;104;49,99;
06:02:10;102;50,00;
06:02:13;103;50,01;
06:02:16;107;50,01;
06:02:19;105;50,01;
06:02:22;101;50,01;
06:02:25;103;50,00;
06:02:34;102;50,00;
06:02:40;103;50,00;
06:02:43;104;49,99;
06:02:49;105;49,99;
06:02:52;104;49,98;
06:02:55;101;49,98;
06:02:58;105;49,98;
06:03:04;107;49,99;
06:03:07;108;49,99;
06:03:13;110;49,99;
06:03:16;109;49,99;
06:03:19;109;49,98;
06:03:22;110;49,98;
06:03:25;109;49,98;
06:03:28;111;49,98;
06:03:43;109;49,98;
06:03:46;109;49,99;
06:03:49;105;49,99;
06:03:52;106;49,99;
06:03:55;104;49,98;
06:03:58;106;49,98;
06:04:04;111;49,97;
06:04:13;109;49,97;
06:04:16;111;49,97;
06:04:19;112;49,97;
06:04:22;111;49,98;
06:04:25;113;49,98;
06:04:28;114;49,98;
06:04:34;114;49,97;
06:04:40;114;49,98;
06:04:46;112;49,98;
06:04:49;111;49,97;
06:04:52;113;49,97;
06:04:55;114;49,97;
06:04:58;113;49,97;
06:05:01;116;49,97;
06:05:04;114;49,97;
06:05:07;116;49,97;
06:05:10;114;49,97;
06:05:13;111;49,97;
06:05:16;120;49,97;
06:05:19;105;49,96;
06:05:22;112;49,96;
06:05:25;115;49,96;
06:05:31;120;49,97;
06:05:34;114;49,97;
06:05:40;120;49,97;
06:05:43;100;49,98;
06:05:46;99;49,98;
06:05:49;102;49,98;
06:05:52;119;49,98;
06:05:55;120;49,99;
06:05:58;118;49,99;
06:06:01;120;49,98;
06:06:04;120;49,99;
06:06:07;120;49,98;
06:06:16;119;49,98;
06:06:25;120;49,97;
06:06:31;122;49,96;
06:06:37;122;49,97;
06:06:40;120;49,97;
06:06:43;122;49,97;
06:06:46;120;49,98;
06:06:49;123;49,98;
06:06:52;122;49,98;
06:06:58;123;49,98;
06:07:01;122;49,98;
06:07:04;122;49,97;
06:07:07;123;49,97;
06:07:10;123;49,98;
06:07:16;120;49,97;
06:07:19;128;49,97;
06:07:22;126;49,96;
06:07:25;123;49,97;
06:07:28;120;49,97;
06:07:31;124;49,97;
06:07:34;127;49,97;
06:07:37;127;49,96;
06:07:43;124;49,97;
06:07:46;123;49,97;
06:07:49;123;49,98;
06:07:52;122;49,98;
06:07:55;124;49,99;
06:07:58;125;50,00;
06:08:01;123;50,00;
06:08:04;125;50,00;
06:08:07;124;50,00;
06:08:10;129;50,00;
06:08:13;127;50,01;
06:08:19;129;50,00;
06:08:22;126;50,00;
06:08:25;122;50,00;
06:08:28;126;50,00;
06:08:31;127;49,99;
06:08:34;123;49,99;
06:08:37;130;49,98;
06:08:40;129;49,98;
06:08:55;129;49,97;
06:09:01;129;49,98;
06:09:04;128;49,98;
06:09:07;125;49,98;
06:09:10;127;49,98;
06:09:13;124;49,97;
06:09:16;123;49,96;
06:09:25;126;49,96;
06:09:34;128;49,96;
06:09:37;130;49,97;
06:09:43;127;49,97;
06:09:46;128;49,97;
06:09:49;124;49,97;
06:09:52;127;49,97;
06:09:55;129;49,97;
06:10:01;133;49,97;
06:10:04;134;49,97;
06:10:07;136;49,96;
06:10:10;133;49,96;
06:10:13;130;49,96;
06:10:16;134;49,96;
06:10:19;137;49,96;
06:10:28;138;49,96;
06:10:31;136;49,97;
06:10:34;135;49,96;
06:10:40;133;49,98;
06:10:46;132;49,98;
06:10:49;135;49,98;
06:10:52;136;49,98;
06:10:55;133;49,98;
06:10:58;131;49,98;
06:11:01;135;49,98;
06:11:04;133;49,98;
06:11:07;130;49,98;
06:11:16;131;49,97;
06:11:19;135;49,97;
06:11:22;135;49,96;
06:11:25;136;49,96;
06:11:28;135;49,97;
06:11:31;138;49,97;
06:11:34;138;49,98;
06:11:46;136;49,99;
06:11:52;134;49,99;
06:11:55;135;49,99;
06:11:58;136;49,99;
06:12:01;115;49,99;
06:12:04;122;50,00;
06:12:07;120;50,00;
06:12:10;134;49,99;
06:12:13;139;49,99;
06:12:16;142;49,99;
06:12:19;140;49,99;
06:12:22;136;49,98;
06:12:25;141;49,98;
06:12:28;135;49,98;
06:12:31;136;49,98;
06:12:37;139;49,98;
06:12:40;136;49,97;
06:12:43;141;49,97;
06:12:46;138;49,97;
06:12:52;139;49,98;
06:12:55;142;49,98;
06:12:58;139;49,98;
06:13:01;140;49,98;
06:13:04;136;49,98;
06:13:07;139;49,98;
06:13:10;138;49,98;
06:13:13;136;49,98;
06:13:16;139;49,98;
06:13:19;137;49,99;
06:13:22;136;49,99;
06:13:25;130;50,00;
06:13:28;138;50,00;
06:13:31;136;49,99;
06:13:34;139;49,99;
06:13:37;138;49,98;
06:13:40;136;49,98;
06:13:43;142;49,98;
06:13:46;137;49,98;
06:13:49;143;49,98;
06:13:52;146;49,98;
06:13:58;142;49,99;
06:14:01;144;49,99;
06:14:04;144;50,00;
06:14:07;145;50,00;
06:14:10;146;50,00;
06:14:13;148;50,00;
06:14:16;147;50,00;
06:14:19;145;50,00;
06:14:22;147;49,99;
06:14:25;148;49,99;
06:14:31;147;49,99;
06:14:34;148;49,99;
06:14:43;148;50,00;
06:14:46;149;50,00;
06:14:49;150;50,00;
06:14:58;151;50,00;
06:15:01;149;50,00;
06:15:04;148;50,00;
06:15:07;151;50,00;
06:15:10;150;50,00;
06:15:16;152;50,00;
06:15:19;146;50,00;
06:15:22;147;50,00;
06:15:25;151;50,00;
06:15:28;147;49,99;
06:15:31;149;49,98;
06:15:34;148;49,98;
06:15:37;145;49,97;
06:15:40;153;49,97;
06:15:43;147;49,97;
06:15:49;139;49,97;
06:15:52;133;49,97;
06:15:55;131;49,98;
06:15:58;154;49,98;
06:16:01;148;49,99;
06:16:04;133;49,99;
06:16:07;135;49,99;
06:16:10;141;49,99;
06:16:13;148;49,98;
06:16:16;151;49,98;
06:16:19;155;49,98;
06:16:22;154;49,98;
06:16:25;156;49,98;
06:16:28;155;49,98;
06:16:31;155;49,99;
06:16:34;156;49,99;
06:16:37;157;49,99;
06:16:40;153;49,99;
06:16:43;153;49,98;
06:16:46;155;49,98;
06:16:49;157;49,97;
06:16:55;156;49,97;
06:16:58;158;49,97;
06:17:01;157;49,98;
06:17:04;158;49,98;
06:17:07;155;49,98;
06:17:10;158;49,98;
06:17:16;157;49,98;
06:17:22;159;49,98;
06:17:25;154;49,98;
06:17:28;160;49,98;
06:17:31;161;49,98;
06:17:34;154;49,98;
06:17:37;160;49,98;
06:17:40;161;49,98;
06:17:43;154;49,98;
06:17:46;160;49,98;
06:17:49;162;49,99;
06:17:52;156;49,99;
06:17:55;160;49,99;
06:18:01;160;49,98;
06:18:04;161;49,98;
06:18:07;159;49,97;
06:18:10;161;49,97;
06:18:16;161;49,98;
06:18:19;161;49,97;
06:18:22;162;49,98;
06:18:25;158;49,98;
06:18:28;164;49,97;
06:18:31;158;49,97;
06:18:34;165;49,97;
06:18:37;162;49,96;
06:18:40;159;49,97;
06:18:49;162;49,97;
06:18:52;160;49,97;
06:18:55;166;49,97;
06:18:58;162;49,98;
06:19:01;163;49,98;
06:19:10;163;49,99;
06:19:13;164;50,00;
06:19:16;161;50,01;
06:19:22;164;50,00;
06:19:25;163;50,00;
06:19:28;165;50,00;
06:19:31;164;50,00;
06:19:34;163;49,99;
06:19:37;164;50,00;
06:19:40;160;50,00;
06:19:43;163;50,00;
06:19:46;164;50,00;
06:19:52;163;50,00;
06:19:55;165;50,00;
06:19:58;164;50,00;
06:20:01;166;50,00;
06:20:04;160;49,99;
06:20:07;163;49,99;
06:20:13;166;49,99;
06:20:16;161;49,98;
06:20:19;166;49,98;
06:20:22;162;49,98;
06:20:25;164;49,98;
06:20:28;168;49,98;
06:20:31;159;49,98;
06:20:34;168;49,98;
06:20:37;162;49,97;
06:20:40;170;49,97;
06:20:43;163;49,97;
06:20:46;163;49,98;
06:20:49;170;49,98;
06:20:52;161;49,98;
06:20:58;168;49,97;
06:21:01;169;49,97;
06:21:07;166;49,97;
06:21:13;164;49,97;
06:21:16;166;49,97;
06:21:19;166;49,96;
06:21:22;170;49,96;
06:21:25;173;49,96;
06:21:28;170;49,96;
06:21:31;168;49,97;
06:21:34;169;49,96;
06:21:37;171;49,96;
06:21:40;168;49,96;
06:21:43;169;49,97;
06:21:46;169;49,98;
06:21:49;164;49,98;
06:21:52;166;49,98;
06:21:55;164;49,98;
06:21:58;156;49,98;
06:22:04;164;49,98;
06:22:07;166;49,98;
06:22:10;165;49,99;
06:22:13;164;49,99;
06:22:16;165;49,98;
06:22:19;169;49,98;
06:22:22;166;49,98;
06:22:25;168;49,98;
06:22:28;172;49,98;
06:22:31;174;49,98;
06:22:37;175;49,99;
06:22:40;174;49,98;
06:22:43;168;49,98;
06:22:46;172;49,98;
06:22:49;177;49,98;
06:22:52;176;49,97;
06:22:55;173;49,97;
06:22:58;175;49,98;
06:23:01;176;49,98;
06:23:07;179;49,98;
06:23:10;175;49,98;
06:23:16;174;49,98;
06:23:19;173;49,98;
06:23:22;176;49,98;
06:23:25;179;49,97;
06:23:28;175;49,97;
06:23:34;180;49,97;
06:23:40;171;49,97;
06:23:43;170;49,98;
06:23:46;177;49,98;
06:23:49;179;49,98;
06:23:55;174;50,00;
06:23:58;177;50,00;
06:24:01;175;50,00;
06:24:04;173;50,00;
06:24:07;177;50,00;
06:24:10;179;50,00;
06:24:13;175;50,00;
06:24:16;178;50,00;
06:24:19;180;50,00;
06:24:22;177;50,00;
06:24:25;178;50,00;
06:24:28;155;50,00;
06:24:31;161;49,99;
06:24:34;168;49,99;
06:24:37;172;49,99;
06:24:40;176;49,99;
06:24:43;177;50,00;
06:24:46;174;50,00;
06:24:49;176;50,01;
06:24:52;173;50,01;
06:24:55;177;50,01;
06:25:01;176;50,00;
06:25:04;181;50,00;
06:25:10;184;50,00;
06:25:13;181;49,99;
06:25:16;184;49,99;
06:25:19;183;49,99;
06:25:22;182;49,98;
06:25:25;180;49,98;
06:25:28;178;49,98;
06:25:31;180;49,99;
06:25:34;185;49,99;
06:25:37;182;49,98;
06:25:40;174;49,98;
06:25:43;182;49,98;
06:25:46;183;49,98;
06:25:52;176;49,98;
06:25:55;183;49,98;
06:25:58;179;49,98;
06:26:01;162;49,99;
06:26:07;179;50,00;
06:26:10;185;50,00;
06:26:16;184;49,99;
06:26:22;185;50,00;
06:26:25;187;49,99;
06:26:28;184;49,99;
06:26:31;185;49,99;
06:26:34;183;50,00;
06:26:37;184;50,00;
06:26:43;184;50,01;
06:26:46;186;50,00;
06:26:52;184;50,00;
06:26:55;185;50,00;
06:27:04;188;50,00;
06:27:07;189;49,99;
06:27:13;186;50,00;
06:27:19;187;50,00;
06:27:25;186;49,99;
06:27:28;188;50,00;
06:27:31;186;50,00;
06:27:34;187;49,99;
06:27:37;191;49,99;
06:27:40;190;49,99;
06:27:43;192;49,99;
06:27:46;190;50,00;
06:27:49;187;50,00;
06:27:52;190;49,99;
06:27:58;189;49,98;
06:28:01;187;49,98;
06:28:04;189;49,98;
06:28:07;188;49,98;
06:28:13;191;49,99;
06:28:16;188;49,99;
06:28:19;190;49,99;
06:28:22;190;50,00;
06:28:25;192;50,00;
06:28:28;191;50,00;
06:28:31;188;49,99;
06:28:34;190;49,99;
06:28:37;191;49,98;
06:28:40;187;49,98;
06:28:43;184;49,98;
06:28:46;184;49,97;
06:28:49;185;49,97;
06:28:52;184;49,98;
06:28:55;183;49,98;
06:28:58;186;49,98;
06:29:04;190;49,98;
06:29:10;191;49,98;
06:29:13;193;49,98;
06:29:16;192;49,98;
06:29:19;194;49,98;
06:29:22;199;49,98;
06:29:25;196;49,98;
06:29:31;197;49,98;
06:29:34;197;49,99;
06:29:37;195;50,00;
06:29:40;198;50,01;
06:29:43;202;50,01;
06:29:46;194;50,01;
06:29:49;192;50,01;
06:29:52;193;49,99;
06:29:55;194;49,99;
06:30:01;196;49,99;
06:30:04;195;50,00;
06:30:10;193;50,00;
06:30:13;196;50,00;
06:30:16;197;50,00;
06:30:22;198;49,99;
06:30:25;199;49,99;
06:30:28;198;49,98;
06:30:31;197;49,98;
06:30:40;193;49,99;
06:30:43;198;49,99;
06:30:46;194;49,99;
06:30:49;202;50,00;
06:30:52;203;50,00;
06:30:55;200;50,00;
06:30:58;202;50,00;
06:31:01;197;50,00;
06:31:04;201;50,01;
06:31:07;199;50,01;
06:31:10;201;50,00;
06:31:16;198;49,99;
06:31:19;200;49,99;
06:31:22;198;49,99;
06:31:25;200;49,99;
06:31:28;202;49,98;
06:31:31;200;49,98;
06:31:34;202;49,97;
06:31:40;197;49,97;
06:31:43;199;49,98;
06:31:46;197;49,98;
06:31:49;193;49,98;
06:31:52;197;49,98;
06:31:58;201;49,98;
06:32:01;205;50,00;
06:32:04;197;50,00;
06:32:07;187;50,00;
06:32:10;196;50,00;
06:32:13;205;50,00;
06:32:16;204;50,00;
06:32:19;200;50,00;
06:32:22;202;50,00;
06:32:25;202;49,98;
06:32:31;198;49,98;
06:32:34;199;49,98;
06:32:37;200;49,98;
06:32:40;201;49,99;
06:32:46;203;49,99;
06:32:49;202;49,98;
06:32:52;199;49,99;
06:32:55;198;49,99;
06:32:58;201;49,99;
06:33:01;202;50,00;
06:33:07;203;50,00;
06:33:10;202;50,00;
06:33:13;206;49,99;
06:33:19;205;49,99;
06:33:22;203;49,98;
06:33:28;207;49,99;
06:33:31;202;49,99;
06:33:34;203;49,99;
06:33:37;204;49,99;
06:33:40;207;49,99;
06:33:43;201;50,00;
06:33:46;205;50,00;
06:33:49;199;50,00;
06:33:52;199;49,99;
06:33:55;203;49,98;
06:33:58;204;49,98;
06:34:01;201;49,98;
06:34:04;205;49,98;
06:34:07;203;49,98;
06:34:13;202;49,98;
06:34:16;203;49,98;
06:34:19;207;49,98;
06:34:22;203;49,98;
06:34:25;208;49,98;
06:34:28;207;49,98;
06:34:31;209;49,98;
06:34:34;211;49,98;
06:34:37;204;49,99;
06:34:40;208;49,99;
06:34:49;206;49,99;
06:34:52;208;50,00;
06:34:58;207;50,00;
06:35:01;209;50,00;
06:35:07;205;49,99;
06:35:10;208;49,99;
06:35:19;212;49,98;
06:35:22;210;49,98;
06:35:25;192;49,98;
06:35:28;198;49,97;
06:35:31;204;49,97;
06:35:34;210;49,98;
06:35:37;209;49,98;
06:35:40;212;49,98;
06:35:43;215;49,99;
06:35:46;207;49,99;
06:35:49;206;49,99;
06:35:52;212;50,00;
06:35:55;205;49,99;
06:35:58;196;50,00;
06:36:04;206;50,00;
06:36:07;181;50,00;
06:36:10;183;50,00;
06:36:13;210;49,99;
06:36:16;213;49,99;
06:36:19;212;49,99;
06:36:25;210;49,98;
06:36:28;213;49,98;
06:36:31;211;49,99;
06:36:34;212;49,99;
06:36:37;214;50,00;
06:36:40;213;50,00;
06:36:46;208;50,00;
06:36:49;212;50,00;
06:36:52;210;50,00;
06:36:55;213;50,00;
06:36:58;213;49,99;
06:37:04;210;49,99;
06:37:10;215;50,00;
06:37:13;219;50,00;
06:37:16;221;50,00;
06:37:19;219;49,99;
06:37:22;219;49,98;
06:37:25;217;49,98;
06:37:28;218;49,98;
06:37:31;213;49,98;
06:37:34;215;49,98;
06:37:37;217;49,98;
06:37:43;217;49,99;
06:37:46;219;49,99;
06:37:52;217;50,00;
06:37:55;218;50,00;
06:37:58;216;50,01;
06:38:01;219;50,00;
06:38:04;218;50,00;
06:38:07;217;50,00;
06:38:10;218;50,00;
06:38:16;219;50,00;
06:38:19;218;50,00;
06:38:22;217;49,99;
06:38:25;218;49,99;
06:38:28;220;49,99;
06:38:31;221;49,99;
06:38:34;219;49,99;
06:38:37;220;49,99;
06:38:40;213;49,98;
06:38:43;215;49,98;
06:38:46;222;49,98;
06:38:49;214;49,98;
06:38:52;224;49,99;
06:38:55;216;49,99;
06:38:58;221;49,99;
06:39:01;219;49,99;
06:39:04;220;49,99;
06:39:07;224;49,99;
06:39:10;217;49,99;
06:39:13;226;49,99;
06:39:16;221;49,99;
06:39:22;219;49,99;
06:39:28;223;49,99;
06:39:31;225;49,99;
06:39:34;223;49,98;
06:39:40;224;49,98;
06:39:46;223;49,98;
06:39:49;225;49,98;
06:39:55;223;49,99;
06:39:58;224;49,99;
06:40:01;223;49,99;
06:40:07;219;49,99;
06:40:10;224;49,99;
06:40:13;223;49,99;
06:40:19;227;49,99;
06:40:22;225;49,99;
06:40:28;226;49,99;
06:40:31;227;49,99;
06:40:34;226;49,98;
06:40:37;225;49,98;
06:40:43;226;49,98;
06:40:46;225;49,98;
06:40:55;226;49,98;
06:40:58;229;49,98;
06:41:01;231;49,98;
06:41:04;230;49,99;
06:41:07;231;49,99;
06:41:13;230;49,98;
06:41:16;229;49,98;
06:41:19;227;49,98;
06:41:22;210;49,98;
06:41:25;216;49,98;
06:41:28;222;49,98;
06:41:31;227;49,98;
06:41:34;231;49,98;
06:41:37;233;49,96;
06:41:40;233;49,97;
06:41:43;236;49,97;
06:41:46;233;49,98;
06:41:49;228;49,98;
06:41:52;236;49,98;
06:41:55;228;49,98;
06:41:58;234;49,98;
06:42:01;234;49,99;
06:42:04;228;49,99;
06:42:10;238;49,99;
06:42:13;227;49,98;
06:42:19;230;49,98;
06:42:22;225;49,97;
06:42:25;232;49,97;
06:42:28;228;49,96;
06:42:31;234;49,96;
06:42:34;234;49,97;
06:42:37;233;49,97;
06:42:40;232;49,97;
06:42:43;234;49,98;
06:42:46;237;49,98;
06:42:49;235;49,97;
06:42:52;233;49,97;
06:42:55;232;49,97;
06:42:58;229;49,97;
06:43:01;231;49,98;
06:43:04;236;49,97;
06:43:07;234;49,97;
06:43:10;235;49,97;
06:43:13;233;49,97;
06:43:16;234;49,98;
06:43:25;237;49,98;
06:43:28;235;49,98;
06:43:31;236;49,98;
06:43:34;237;49,98;
06:43:37;238;49,98;
06:43:40;236;49,98;
06:43:43;235;49,98;
06:43:49;236;49,98;
06:43:52;241;49,98;
06:43:55;237;50,00;
06:43:58;230;50,00;
06:44:01;237;50,00;
06:44:04;238;50,00;
06:44:07;232;50,00;
06:44:10;230;49,99;
06:44:13;236;49,98;
06:44:16;238;49,98;
06:44:19;237;49,98;
06:44:22;238;49,97;
06:44:25;239;49,97;
06:44:31;241;49,98;
06:44:34;240;49,98;
06:44:37;243;49,98;
06:44:43;242;49,98;
06:44:49;240;49,98;
06:44:52;244;49,98;
06:44:55;241;49,98;
06:44:58;244;49,98;
06:45:01;243;49,98;
06:45:04;241;49,98;
06:45:10;242;49,98;
06:45:13;251;49,98;
06:45:16;247;49,98;
06:45:19;242;49,98;
06:45:22;243;49,98;
06:45:25;244;49,98;
06:45:28;242;49,98;
06:45:31;243;49,98;
06:45:37;241;49,98;
06:45:40;243;49,98;
06:45:43;242;49,98;
06:45:49;237;49,98;
06:45:52;239;49,98;
06:45:55;243;49,98;
06:46:01;245;49,98;
06:46:04;244;49,98;
06:46:10;245;49,98;
06:46:13;246;49,98;
06:46:16;214;49,98;
06:46:22;243;49,98;
06:46:25;241;49,98;
06:46:28;245;49,98;
06:46:37;238;49,98;
06:46:40;246;49,98;
06:46:43;245;49,98;
06:46:46;244;49,98;
06:46:49;248;49,97;
06:46:52;248;49,98;
06:46:55;238;49,98;
06:46:58;242;49,99;
06:47:01;239;49,99;
06:47:04;231;49,99;
06:47:07;232;49,99;
06:47:10;243;49,98;
06:47:13;241;49,98;
06:47:16;249;49,98;
06:47:19;250;49,98;
06:47:22;247;49,97;
06:47:31;246;49,97;
06:47:34;244;49,97;
06:47:37;245;49,97;
06:47:40;243;49,97;
06:47:43;247;49,96;
06:47:46;249;49,97;
06:47:52;248;49,97;
06:47:55;249;49,97;
06:47:58;248;49,98;
06:48:01;250;49,98;
06:48:04;247;49,98;
06:48:07;248;49,98;
06:48:10;250;49,98;
06:48:13;249;49,98;
06:48:16;251;49,98;
06:48:19;248;49,97;
06:48:22;251;49,96;
06:48:28;251;49,97;
06:48:34;251;49,98;
06:48:37;252;49,97;
06:48:40;254;49,97;
06:48:43;253;49,97;
06:48:49;250;49,98;
06:48:52;249;49,98;
06:48:55;253;49,98;
06:48:58;247;49,99;
06:49:01;254;50,00;
06:49:04;253;50,01;
06:49:07;247;50,01;
06:49:10;251;50,00;
06:49:16;255;50,00;
06:49:19;254;50,00;
06:49:22;253;50,00;
06:49:25;259;50,00;
06:49:31;259;49,99;
06:49:34;257;49,99;
06:49:40;255;49,99;
06:49:43;258;49,99;
06:49:46;260;50,00;
06:49:52;256;50,01;
06:49:55;260;50,01;
06:49:58;261;50,01;
06:50:01;262;50,01;
06:50:04;259;50,00;
06:50:07;261;50,00;
06:50:10;262;50,00;
06:50:13;261;50,00;
06:50:16;260;50,00;
06:50:25;263;50,00;
06:50:28;262;50,00;
06:50:31;264;50,00;
06:50:34;261;50,00;
06:50:37;261;50,01;
06:50:40;262;50,01;
06:50:43;266;50,01;
06:50:46;262;50,01;
06:50:49;266;50,00;
06:50:55;265;50,00;
06:50:58;266;50,01;
06:51:04;267;50,01;
06:51:07;265;50,01;
06:51:10;267;50,01;
06:51:13;268;50,01;
06:51:19;268;50,00;
06:51:22;270;50,01;
06:51:25;274;50,01;
06:51:31;275;50,01;
06:51:34;273;50,01;
06:51:37;272;50,01;
06:51:40;274;50,01;
06:51:43;273;50,01;
06:51:49;274;50,01;
06:51:55;272;50,01;
06:51:58;270;50,01;
06:52:01;275;50,01;
06:52:04;272;50,01;
06:52:07;267;50,01;
06:52:10;276;50,00;
06:52:13;278;50,00;
06:52:16;274;50,01;
06:52:19;275;50,00;
06:52:22;274;50,01;
06:52:25;272;50,01;
06:52:28;280;50,01;
06:52:31;271;50,01;
06:52:37;270;50,01;
06:52:40;273;50,01;
06:52:43;276;50,01;
06:52:49;277;50,01;
06:52:52;278;50,01;
06:52:55;277;50,01;
06:52:58;275;50,01;
06:53:01;272;50,01;
06:53:04;276;50,01;
06:53:07;279;50,01;
06:53:10;276;50,01;
06:53:13;280;50,01;
06:53:16;279;50,00;
06:53:19;280;50,00;
06:53:22;279;50,00;
06:53:25;283;50,00;
06:53:28;280;50,00;
06:53:31;279;50,00;
06:53:34;280;50,00;
06:53:37;278;50,00;
06:53:43;284;50,01;
06:53:46;280;50,01;
06:53:49;276;50,01;
06:53:52;281;50,01;
06:53:55;283;50,00;
06:53:58;281;50,00;
06:54:01;283;50,00;
06:54:04;287;50,00;
06:54:07;278;50,01;
06:54:10;286;50,00;
06:54:13;289;50,00;
06:54:16;283;50,00;
06:54:19;283;49,99;
06:54:22;286;49,99;
06:54:25;281;49,99;
06:54:28;285;49,99;
06:54:31;286;49,99;
06:54:34;285;49,98;
06:54:37;290;49,98;
06:54:43;286;49,98;
06:54:49;291;49,98;
06:54:52;292;49,98;
06:54:58;293;49,99;
06:55:01;292;49,99;
06:55:04;290;49,99;
06:55:07;295;49,99;
06:55:10;287;49,99;
06:55:13;295;49,99;
06:55:16;292;49,99;
06:55:19;298;49,99;
06:55:22;296;49,99;
06:55:25;298;49,99;
06:55:28;297;49,99;
06:55:34;298;49,98;
06:55:37;302;49,98;
06:55:40;304;49,98;
06:55:46;300;49,99;
06:55:49;304;50,00;
06:55:52;303;50,00;
06:55:55;299;50,00;
06:55:58;310;50,00;
06:56:01;306;50,00;
06:56:04;310;50,01;
06:56:07;310;50,00;
06:56:10;307;50,00;
06:56:13;312;50,00;
06:56:16;308;49,99;
06:56:19;307;50,00;
06:56:22;304;50,00;
06:56:25;274;50,00;
06:56:28;271;50,00;
06:56:31;313;50,00;
06:56:34;316;50,00;
06:56:40;312;49,99;
06:56:43;317;49,99;
06:56:52;314;49,99;
06:56:55;316;50,00;
06:56:58;314;49,99;
06:57:04;306;50,00;
06:57:07;305;49,99;
06:57:10;318;49,99;
06:57:13;316;49,99;
06:57:16;312;49,98;
06:57:19;319;49,98;
06:57:22;318;49,98;
06:57:25;317;49,98;
06:57:28;316;49,98;
06:57:31;320;49,98;
06:57:34;322;49,97;
06:57:37;321;49,97;
06:57:40;324;49,98;
06:57:46;330;49,98;
06:57:49;334;49,98;
06:57:52;336;49,98;
06:57:55;337;49,98;
06:57:58;339;49,98;
06:58:01;337;49,98;
06:58:04;339;49,98;
06:58:07;340;49,98;
06:58:10;345;50,00;
06:58:13;348;50,00;
06:58:16;350;50,00;
06:58:19;347;49,99;
06:58:22;350;49,99;
06:58:28;350;49,98;
06:58:31;349;49,98;
06:58:34;352;49,98;
06:58:40;354;49,98;
06:58:43;357;49,98;
06:58:52;360;49,97;
06:58:55;356;49,97;
06:58:58;361;49,97;
06:59:01;362;49,98;
06:59:04;363;49,97;
06:59:07;365;49,97;
06:59:10;364;49,97;
06:59:13;365;49,98;
06:59:16;370;49,98;
06:59:19;367;49,98;
06:59:22;368;49,98;
06:59:25;372;49,98;
06:59:31;373;49,98;
06:59:37;367;49,98;
06:59:40;374;49,98;
06:59:43;374;49,99;
06:59:46;375;49,99;
06:59:49;370;49,99;
06:59:52;378;49,99;
06:59:55;376;49,99;
06:59:58;373;49,99;
07:00:01;373;49,98;
07:00:04;372;49,98;
07:00:07;382;49,98;
07:00:10;374;49,98;
07:00:13;373;49,99;
07:00:16;387;50,00;
07:00:19;383;50,00;
07:00:22;379;50,00;
07:00:25;376;50,00;
07:00:28;380;50,00;
07:00:31;385;49,99;
07:00:34;383;49,99;
07:00:37;384;49,99;
07:00:43;378;50,00;
07:00:46;372;50,00;
07:00:49;379;50,01;
07:00:52;384;50,00;
07:00:55;380;50,00;
07:00:58;372;50,00;
07:01:01;380;50,00;
07:01:04;384;50,00;
07:01:07;382;50,00;
07:01:10;375;50,01;
07:01:13;381;50,01;
07:01:16;386;50,01;
07:01:19;382;50,00;
07:01:22;377;50,00;
07:01:25;381;50,00;
07:01:28;387;49,99;
07:01:31;384;49,99;
07:01:34;379;50,00;
07:01:37;385;50,00;
07:01:40;384;50,00;
07:01:43;385;50,00;
07:01:49;387;50,01;
07:01:52;391;50,01;
07:01:55;379;50,00;
07:01:58;395;50,00;
07:02:01;394;50,00;
07:02:04;393;50,00;
07:02:07;394;50,00;
07:02:10;392;50,00;
07:02:13;390;50,00;
07:02:16;386;49,99;
07:02:19;388;49,99;
07:02:22;383;49,99;
07:02:25;393;49,99;
07:02:28;397;49,99;
07:02:31;390;49,99;
07:02:34;387;49,99;
07:02:37;388;49,99;
07:02:40;389;50,00;
07:02:43;389;49,99;
07:02:46;387;49,99;
07:02:49;388;49,99;
07:02:55;390;49,99;
07:02:58;389;49,99;
07:03:01;391;50,00;
07:03:07;389;50,00;
07:03:10;391;49,99;
07:03:13;393;49,99;
07:03:16;392;49,98;
07:03:19;391;49,98;
07:03:25;393;49,98;
07:03:28;392;49,97;
07:03:34;395;49,97;
07:03:37;392;49,97;
07:03:43;393;49,98;
07:03:46;394;49,98;
07:03:49;399;49,98;
07:03:52;394;50,00;
07:03:55;392;50,00;
07:03:58;397;50,00;
07:04:04;396;49,99;
07:04:07;391;49,99;
07:04:10;393;49,99;
07:04:13;398;49,99;
07:04:16;397;49,98;
07:04:19;396;49,98;
07:04:22;398;49,98;
07:04:25;399;49,98;
07:04:28;398;49,98;
07:04:31;393;49,98;
07:04:34;399;49,98;
07:04:37;401;49,98;
07:04:40;398;49,98;
07:04:46;398;49,99;
07:04:52;399;49,99;
07:04:55;396;50,00;
07:04:58;399;50,00;
07:05:01;400;50,00;
07:05:04;398;49,99;
07:05:07;401;49,99;
07:05:10;403;49,99;
07:05:13;398;49,99;
07:05:16;402;49,99;
07:05:19;394;49,99;
07:05:22;395;49,99;
07:05:25;394;49,99;
07:05:28;404;49,99;
07:05:31;407;49,98;
07:05:34;403;49,98;
07:05:37;396;49,98;
07:05:40;402;49,98;
07:05:52;405;49,98;
07:05:55;406;49,98;
07:06:01;405;49,98;
07:06:04;403;49,99;
07:06:07;406;49,99;
07:06:10;404;49,99;
07:06:13;406;49,98;
07:06:16;407;49,98;
07:06:19;405;49,99;
07:06:22;406;49,98;
07:06:25;407;49,98;
07:06:28;406;49,98;
07:06:37;407;49,98;
07:06:40;405;49,97;
07:06:43;407;49,97;
07:06:46;406;49,97;
07:06:49;408;49,98;
07:07:01;410;49,98;
07:07:16;403;49,98;
07:07:19;416;49,98;
07:07:22;407;49,98;
07:07:25;412;49,98;
07:07:28;416;49,97;
07:07:31;410;49,97;
07:07:34;406;49,97;
07:07:37;409;49,97;
07:07:40;408;49,97;
07:07:43;413;49,98;
07:07:52;411;49,98;
07:07:55;415;49,99;
07:07:58;405;49,99;
07:08:04;413;49,98;
07:08:07;411;49,98;
07:08:10;414;49,98;
07:08:16;418;49,98;
07:08:19;414;49,98;
07:08:22;417;49,98;
07:08:25;406;49,98;
07:08:28;410;49,98;
07:08:31;409;49,98;
07:08:34;407;49,98;
07:08:37;414;49,98;
07:08:40;418;49,98;
07:08:43;420;49,98;
07:08:49;416;49,98;
07:08:52;419;49,98;
07:08:55;418;49,99;
07:08:58;416;50,00;
07:09:01;417;50,00;
07:09:04;413;50,00;
07:09:07;416;50,00;
07:09:10;414;49,99;
07:09:13;418;49,99;
07:09:16;416;49,98;
07:09:19;413;49,98;
07:09:22;414;49,98;
07:09:28;417;49,98;
07:09:31;419;49,98;
07:09:34;414;49,97;
07:09:37;413;49,97;
07:09:40;415;49,96;
07:09:43;419;49,96;
07:09:46;418;49,96;
07:09:49;419;49,96;
07:09:55;420;49,97;
07:09:58;421;49,97;
07:10:01;420;49,97;
07:10:04;420;49,96;
07:10:10;422;49,96;
07:10:13;416;49,96;
07:10:16;421;49,97;
07:10:19;415;49,96;
07:10:22;418;49,96;
07:10:25;424;49,96;
07:10:28;423;49,96;
07:10:31;419;49,96;
07:10:34;420;49,96;
07:10:37;416;49,96;
07:10:40;427;49,96;
07:10:43;418;49,97;
07:10:46;422;49,97;
07:10:49;418;49,97;
07:10:52;425;49,97;
07:11:01;423;49,97;
07:11:04;428;49,97;
07:11:07;426;49,96;
07:11:10;425;49,96;
07:11:13;423;49,96;
07:11:16;427;49,96;
07:11:19;428;49,96;
07:11:22;427;49,96;
07:11:25;425;49,96;
07:11:28;427;49,96;
07:11:31;422;49,96;
07:11:34;427;49,96;
07:11:40;426;49,96;
07:11:43;428;49,96;
07:11:46;429;49,96;
07:11:49;426;49,97;
07:11:52;430;49,97;
07:11:55;428;49,97;
07:12:01;426;49,97;
07:12:07;425;49,97;
07:12:10;428;49,97;
07:12:13;431;49,97;
07:12:16;430;49,96;
07:12:19;436;49,96;
07:12:22;425;49,96;
07:12:25;430;49,96;
07:12:28;424;49,97;
07:12:31;423;49,97;
07:12:34;434;49,98;
07:12:40;425;49,99;
07:12:43;428;49,99;
07:12:46;432;49,99;
07:12:49;432;50,00;
07:12:52;431;49,99;
07:13:01;430;49,99;
07:13:07;434;49,99;
07:13:10;433;49,99;
07:13:13;434;49,99;
07:13:16;433;49,98;
07:13:19;434;49,98;
07:13:22;440;49,98;
07:13:25;431;49,97;
07:13:28;428;49,97;
07:13:31;431;49,98;
07:13:34;425;49,98;
07:13:37;432;49,99;
07:13:40;428;50,00;
07:13:43;437;50,00;
07:13:46;436;50,00;
07:13:49;434;50,00;
07:13:52;435;49,99;
07:13:58;434;49,98;
07:14:01;439;49,98;
07:14:04;437;49,98;
07:14:07;438;49,98;
07:14:10;437;49,98;
07:14:13;440;49,98;
07:14:16;439;49,98;
07:14:19;440;49,98;
07:14:22;435;49,97;
07:14:25;439;49,97;
07:14:28;438;49,97;
07:14:31;439;49,97;
07:14:34;438;49,97;
07:14:37;441;49,97;
07:14:40;439;49,97;
07:14:43;441;49,96;
07:14:46;439;49,96;
07:14:49;440;49,96;
07:14:52;441;49,96;
07:14:55;443;49,95;
07:14:58;439;49,95;
07:15:04;440;49,96;
07:15:07;441;49,96;
07:15:10;439;49,96;
07:15:13;443;49,96;
07:15:16;442;49,96;
07:15:19;441;49,96;
07:15:25;434;49,96;
07:15:28;447;49,95;
07:15:31;437;49,96;
07:15:37;445;49,96;
07:15:40;448;49,96;
07:15:43;438;49,96;
07:15:46;446;49,96;
07:15:49;445;49,98;
07:15:52;442;49,98;
07:15:55;444;49,98;
07:15:58;442;49,98;
07:16:01;441;49,98;
07:16:04;443;49,98;
07:16:10;444;49,98;
07:16:13;442;49,98;
07:16:16;445;49,98;
07:16:22;446;49,99;
07:16:25;445;49,99;
07:16:31;446;49,99;
07:16:34;446;49,98;
07:16:37;445;49,98;
07:16:40;446;49,97;
07:16:43;443;49,97;
07:16:49;446;49,97;
07:16:55;441;49,97;
07:16:58;448;49,97;
07:17:01;449;49,97;
07:17:04;448;49,98;
07:17:07;441;49,98;
07:17:10;448;49,97;
07:17:16;451;49,97;
07:17:19;452;49,98;
07:17:22;449;49,98;
07:17:25;445;49,98;
07:17:28;454;49,98;
07:17:31;457;49,97;
07:17:34;445;49,97;
07:17:37;451;49,97;
07:17:40;457;49,96;
07:17:43;445;49,96;
07:17:46;452;49,96;
07:17:49;456;49,96;
07:17:52;448;49,96;
07:17:55;451;49,97;
07:18:01;454;49,97;
07:18:07;454;49,96;
07:18:13;457;49,96;
07:18:16;454;49,97;
07:18:19;455;49,97;
07:18:22;449;49,98;
07:18:25;460;49,98;
07:18:28;450;49,97;
07:18:31;446;49,96;
07:18:34;460;49,96;
07:18:37;462;49,95;
07:18:40;453;49,96;
07:18:43;457;49,96;
07:18:46;460;49,96;
07:18:49;461;49,96;
07:18:52;454;49,96;
07:18:55;457;49,96;
07:18:58;451;49,97;
07:19:01;458;49,97;
07:19:10;454;49,97;
07:19:13;458;49,98;
07:19:16;457;49,98;
07:19:19;458;49,98;
07:19:22;455;49,97;
07:19:25;459;49,98;
07:19:34;454;49,97;
07:19:37;461;49,97;
07:19:43;461;49,98;
07:19:46;455;49,97;
07:19:49;461;49,98;
07:19:52;462;49,98;
07:19:55;462;49,97;
07:19:58;457;49,97;
07:20:01;463;49,97;
07:20:04;464;49,97;
07:20:07;462;49,98;
07:20:13;463;49,98;
07:20:16;465;49,98;
07:20:19;463;49,98;
07:20:22;459;49,98;
07:20:25;465;49,97;
07:20:28;469;49,97;
07:20:31;459;49,97;
07:20:34;464;49,97;
07:20:37;466;49,97;
07:20:40;471;49,97;
07:20:43;465;49,97;
07:20:46;460;49,97;
07:20:49;467;49,98;
07:20:52;471;49,98;
07:20:55;463;49,98;
07:20:58;468;49,99;
07:21:01;469;49,99;
07:21:04;471;50,00;
07:21:07;471;49,98;
07:21:10;472;49,98;
07:21:13;473;49,98;
07:21:19;472;49,98;
07:21:25;475;49,98;
07:21:28;474;49,97;
07:21:31;473;49,97;
07:21:34;472;49,97;
07:21:37;469;49,97;
07:21:40;473;49,96;
07:21:46;474;49,97;
07:21:49;474;49,98;
07:21:55;475;49,98;
07:21:58;474;49,98;
07:22:04;474;49,97;
07:22:07;475;49,98;
07:22:10;476;49,98;
07:22:13;473;49,98;
07:22:16;477;49,98;
07:22:25;476;49,98;
07:22:28;477;49,97;
07:22:31;481;49,98;
07:22:34;476;49,97;
07:22:37;472;49,97;
07:22:40;477;49,97;
07:22:43;483;49,97;
07:22:46;474;49,97;
07:22:49;472;49,97;
07:22:52;478;49,97;
07:22:55;483;49,97;
07:22:58;480;49,98;
07:23:13;482;49,98;
07:23:16;480;49,97;
07:23:19;478;49,97;
07:23:22;481;49,97;
07:23:25;482;49,97;
07:23:28;481;49,98;
07:23:31;482;49,98;
07:23:34;483;49,98;
07:23:37;487;49,98;
07:23:40;482;49,98;
07:23:43;475;49,98;
07:23:46;482;49,98;
07:23:49;488;49,98;
07:23:52;475;49,98;
07:23:55;478;49,98;
07:23:58;484;49,98;
07:24:04;487;49,98;
07:24:07;486;49,98;
07:24:10;485;49,98;
07:24:16;486;49,98;
07:24:22;486;49,97;
07:24:25;487;49,97;
07:24:28;488;49,96;
07:24:31;487;49,96;
07:24:34;484;49,97;
07:24:37;487;49,97;
07:24:40;487;49,98;
07:24:43;488;49,99;
07:24:46;488;49,98;
07:24:49;489;49,99;
07:24:52;490;49,98;
07:24:55;489;49,99;
07:24:58;488;49,99;
07:25:01;489;49,99;
07:25:04;490;49,99;
07:25:10;490;49,98;
07:25:25;491;49,98;
07:25:34;496;49,98;
07:25:37;493;49,98;
07:25:40;497;49,98;
07:25:43;487;49,97;
07:25:46;497;49,96;
07:25:49;494;49,96;
07:25:52;487;49,96;
07:25:55;494;49,97;
07:25:58;498;49,97;
07:26:01;494;49,97;
07:26:07;495;49,98;
07:26:10;492;49,98;
07:26:13;494;49,98;
07:26:16;493;49,97;
07:26:19;495;49,97;
07:26:22;494;49,96;
07:26:28;490;49,97;
07:26:31;494;49,97;
07:26:34;495;49,96;
07:26:37;496;49,97;
07:26:40;495;49,97;
07:26:43;496;49,98;
07:26:52;497;49,98;
07:26:55;496;49,99;
07:26:58;496;49,98;
07:27:01;497;49,99;
07:27:04;496;49,99;
07:27:07;499;49,99;
07:27:16;498;49,99;
07:27:19;499;49,99;
07:27:22;500;49,98;
07:27:28;499;49,98;
07:27:31;491;49,97;
07:27:34;500;49,97;
07:27:37;494;49,97;
07:27:40;500;49,97;
07:27:43;503;49,98;
07:27:46;499;49,98;
07:27:49;494;49,99;
07:27:52;499;49,99;
07:27:55;493;49,99;
07:27:58;501;49,98;
07:28:01;495;49,98;
07:28:04;502;49,98;
07:28:13;501;49,97;
07:28:19;503;49,97;
07:28:22;502;49,97;
07:28:28;503;49,97;
07:28:31;504;49,97;
07:28:34;504;49,96;
07:28:37;509;49,96;
07:28:40;497;49,96;
07:28:43;508;49,97;
07:28:46;505;49,97;
07:28:49;500;49,97;
07:28:52;505;49,97;
07:28:55;508;49,97;
07:28:58;504;49,97;
07:29:01;511;49,98;
07:29:04;505;49,98;
07:29:07;502;49,98;
07:29:10;506;49,98;
07:29:13;505;49,98;
07:29:16;506;49,98;
07:29:19;502;49,98;
07:29:25;506;49,98;
07:29:28;509;49,98;
07:29:31;503;49,98;
07:29:34;507;49,98;
07:29:37;510;49,98;
07:29:40;509;49,98;
07:29:43;510;49,98;
07:29:46;505;49,98;
07:29:49;509;49,98;
07:29:55;507;49,98;
07:29:58;510;49,98;
07:30:04;511;49,98;
07:30:07;512;49,98;
07:30:10;512;49,99;
07:30:13;510;49,99;
07:30:16;512;49,98;
07:30:19;509;49,98;
07:30:22;512;49,98;
07:30:31;510;49,98;
07:30:34;514;49,98;
07:30:37;516;49,98;
07:30:40;508;49,98;
07:30:43;505;49,98;
07:30:46;519;49,98;
07:30:49;508;49,98;
07:30:52;504;49,98;
07:30:55;518;49,98;
07:30:58;508;49,98;
07:31:04;513;49,97;
07:31:07;514;49,98;
07:31:10;514;49,97;
07:31:16;516;49,96;
07:31:19;517;49,97;
07:31:22;515;49,98;
07:31:28;510;49,98;
07:31:31;516;49,98;
07:31:40;511;49,97;
07:31:43;516;49,97;
07:31:46;518;49,97;
07:31:49;519;49,98;
07:31:52;512;49,98;
07:31:55;519;49,98;
07:31:58;517;49,98;
07:32:01;518;49,98;
07:32:04;514;49,98;
07:32:07;519;49,98;
07:32:10;520;49,98;
07:32:13;519;49,98;
07:32:16;514;49,98;
07:32:22;520;49,98;
07:32:25;521;49,98;
07:32:28;514;49,99;
07:32:31;522;49,99;
07:32:34;521;49,99;
07:32:37;523;50,00;
07:32:40;522;50,00;
07:32:43;512;49,99;
07:32:46;521;49,98;
07:32:49;522;49,98;
07:32:52;517;49,97;
07:32:55;523;49,97;
07:32:58;523;49,98;
07:33:01;524;49,98;
07:33:04;522;49,98;
07:33:07;523;49,98;
07:33:10;524;49,98;
07:33:13;525;49,98;
07:33:16;521;49,98;
07:33:19;526;49,98;
07:33:28;520;49,97;
07:33:31;527;49,96;
07:33:40;517;49,96;
07:33:43;533;49,96;
07:33:46;528;49,96;
07:33:49;533;49,97;
07:33:52;521;49,98;
07:33:55;533;49,98;
07:33:58;534;49,98;
07:34:01;523;49,98;
07:34:04;526;49,98;
07:34:07;530;49,98;
07:34:10;529;49,98;
07:34:16;531;49,98;
07:34:19;527;49,98;
07:34:22;531;49,97;
07:34:25;530;49,97;
07:34:28;531;49,97;
07:34:34;531;49,96;
07:34:37;532;49,96;
07:34:40;533;49,96;
07:34:43;528;49,96;
07:34:46;532;49,96;
07:34:49;533;49,96;
07:34:52;532;49,96;
07:34:55;534;49,96;
07:34:58;534;49,97;
07:35:01;532;49,97;
07:35:04;533;49,97;
07:35:07;532;49,98;
07:35:10;535;49,98;
07:35:16;536;49,98;
07:35:19;532;49,98;
07:35:22;536;49,98;
07:35:31;532;49,98;
07:35:34;537;49,97;
07:35:37;538;49,97;
07:35:40;535;49,97;
07:35:43;528;49,97;
07:35:46;543;49,97;
07:35:49;544;49,97;
07:35:52;532;49,97;
07:35:55;530;49,97;
07:35:58;542;49,97;
07:36:01;538;49,97;
07:36:04;533;49,98;
07:36:07;536;49,98;
07:36:10;542;49,98;
07:36:13;540;49,97;
07:36:16;539;49,97;
07:36:25;540;49,97;
07:36:28;539;49,97;
07:36:31;541;49,97;
07:36:34;539;49,97;
07:36:37;541;49,97;
07:36:40;534;49,97;
07:36:43;541;49,97;
07:36:49;543;49,98;
07:36:52;542;49,98;
07:36:55;542;49,99;
07:36:58;541;49,98;
07:37:01;542;49,99;
07:37:04;535;49,98;
07:37:07;543;49,99;
07:37:13;542;49,99;
07:37:16;536;49,99;
07:37:19;545;50,00;
07:37:22;547;50,00;
07:37:31;546;50,00;
07:37:37;546;49,99;
07:37:40;536;49,99;
07:37:43;546;49,99;
07:37:49;546;50,00;
07:37:52;547;50,00;
07:37:55;549;50,00;
07:37:58;544;50,00;
07:38:01;546;49,99;
07:38:04;540;49,99;
07:38:07;548;49,99;
07:38:10;546;49,99;
07:38:13;548;49,98;
07:38:16;539;49,98;
07:38:19;549;49,98;
07:38:22;548;49,98;
07:38:25;547;49,98;
07:38:28;537;49,97;
07:38:31;551;49,96;
07:38:37;550;49,96;
07:38:40;544;49,96;
07:38:43;551;49,96;
07:38:46;555;49,96;
07:38:49;553;49,97;
07:38:52;541;49,97;
07:38:55;553;49,98;
07:38:58;552;49,98;
07:39:04;545;49,98;
07:39:07;552;49,98;
07:39:10;556;49,98;
07:39:13;553;49,98;
07:39:16;552;49,97;
07:39:19;547;49,97;
07:39:22;553;49,98;
07:39:31;555;49,98;
07:39:34;554;49,98;
07:39:37;553;49,98;
07:39:43;555;49,99;
07:39:47;555;49,98;
07:39:50;557;49,99;
07:39:53;552;49,99;
07:39:56;556;50,00;
07:39:59;557;50,00;
07:40:05;559;50,00;
07:40:08;558;50,00;
07:40:14;558;49,99;
07:40:17;559;49,99;
07:40:23;558;49,98;
07:40:26;558;49,99;
07:40:29;558;49,98;
07:40:37;560;49,98;
07:40:39;558;49,98;
07:40:42;553;49,98;
07:40:45;560;49,98;
07:40:47;560;49,97;
07:40:49;556;49,98;
07:40:51;559;49,98;
07:40:53;552;49,98;
07:40:56;564;49,98;
07:40:59;561;49,98;
07:41:01;553;49,98;
07:41:03;561;49,98;
07:41:06;553;49,98;
07:41:12;566;49,99;
07:41:16;562;50,00;
07:41:18;561;50,00;
07:41:20;562;49,99;
07:41:23;561;49,98;
07:41:31;562;49,98;
07:41:33;563;49,98;
07:41:35;564;49,98;
07:41:38;562;49,98;
07:41:41;564;49,98;
07:41:44;561;49,99;
07:41:47;565;49,99;
07:41:50;563;50,00;
07:41:53;568;50,01;
07:42:00;581;50,02;
07:42:03;567;50,01;
07:42:05;566;50,01;
07:42:08;565;50,00;
07:42:10;567;49,99;
07:42:12;569;49,99;
07:42:16;567;49,98;
07:42:23;566;49,98;
07:42:25;563;49,97;
07:42:29;565;49,97;
07:42:31;569;49,98;
07:42:33;567;49,98;
07:42:40;571;49,98;
07:42:42;576;49,98;
07:42:44;578;49,97;
07:42:50;691;49,97;
07:42:52;628;49,97;
07:42:54;741;49,98;
07:42:58;698;49,98;
07:43:01;753;49,97;
07:43:09;785;49,97;
07:43:11;790;49,98;
07:43:13;774;49,98;
07:43:16;791;49,98;
07:43:19;795;49,98;
07:43:21;789;49,98;
07:43:23;799;49,98;
07:43:25;783;49,98;
07:43:27;798;49,98;
07:43:30;799;49,97;
07:43:32;797;49,97;
07:43:34;803;49,97;
07:43:45;799;49,97;
07:43:47;802;49,97;
07:43:49;808;49,97;
07:43:52;798;49,98;
07:43:54;815;49,98;
07:43:56;814;49,98;
07:44:00;829;49,98;
07:44:07;828;49,98;
07:44:09;864;49,98;
07:44:11;865;49,98;
07:44:14;886;49,98;
07:44:16;891;49,97;
07:44:18;906;49,97;
07:44:22;915;49,96;
07:44:28;971;49,97;
07:44:31;1040;49,98;
07:44:33;1091;49,98;
07:44:36;1043;49,98;
07:44:39;1097;49,99;
07:44:41;1046;49,99;
07:44:43;1101;49,99;
07:44:49;1143;49,99;
07:44:52;1103;49,99;
07:44:55;1150;49,98;
07:44:57;1187;49,98;
07:44:59;1189;49,98;
07:45:03;1233;50,00;
07:45:07;1219;50,00;
07:45:09;1232;50,00;
07:45:11;1251;50,01;
07:45:14;1253;50,00;
07:45:22;1255;49,98;
07:45:25;1257;49,98;
07:45:28;1277;49,97;
07:45:31;1282;49,97;
07:45:34;1304;49,98;
07:45:41;1315;49,98;
07:45:44;1307;49,98;
07:45:46;1320;49,98;
07:45:48;1323;49,97;
07:45:51;1324;49,97;
07:45:54;1317;49,98;
07:45:57;1324;49,98;
07:46:00;1326;49,98;
07:46:02;1332;49,99;
07:46:05;1330;49,99;
07:46:08;1333;49,99;
07:46:10;1332;49,98;
07:46:13;1335;49,98;
07:46:18;1336;49,98;
07:46:21;1339;49,98;
07:46:25;1337;49,97;
07:46:28;1345;49,97;
07:46:30;1341;49,97;
07:46:33;1348;49,97;
07:46:38;1344;49,97;
07:46:40;1350;49,97;
07:46:42;1351;49,97;
07:46:45;1356;49,97;
07:46:47;1352;49,98;
07:46:53;1362;49,98;
07:46:56;1363;49,98;
07:46:58;1367;49,98;
07:47:02;1360;49,98;
07:47:04;1368;49,99;
07:47:06;1371;49,99;
07:47:09;1372;50,00;
07:47:12;1370;50,00;
07:47:17;1373;50,00;
07:47:19;1377;49,99;
07:47:21;1380;49,99;
07:47:27;1381;49,98;
07:47:31;1383;49,98;
07:47:34;1385;49,98;
07:47:36;1375;49,98;
07:47:39;1386;49,98;
07:47:41;1389;49,97;
07:47:47;1372;49,97;
07:47:51;1213;49,98;
07:47:55;1168;49,98;
07:47:59;1189;49,98;
07:48:01;1255;49,98;
07:48:05;1300;49,98;
07:48:13;1393;49,98;
07:48:17;1405;49,98;
07:48:20;1411;49,99;
07:48:22;1416;49,99;
07:48:25;1418;49,99;
07:48:28;1419;49,99;
07:48:30;1430;49,99;
07:48:33;1432;50,00;
07:48:37;1429;49,99;
07:48:40;1441;49,98;
07:48:42;1442;49,98;
07:48:45;1444;49,98;
07:48:50;1442;49,98;
07:48:53;1451;49,98;
07:48:56;1455;49,98;
07:49:00;1458;49,98;
07:49:03;1460;49,98;
07:49:06;1465;49,99;
07:49:10;1470;49,99;
07:49:14;1474;49,99;
07:49:18;1480;49,99;
07:49:21;1476;49,99;
07:49:23;1482;49,99;
07:49:26;1484;50,00;
07:49:31;1486;50,00;
07:49:34;1480;49,99;
07:49:37;1489;49,99;
07:49:41;1487;49,98;
07:49:46;1493;49,98;
07:49:49;1495;49,98;
07:49:52;1493;49,98;
07:49:53;1497;49,98;
07:50:00;1491;49,98;
07:50:04;1498;49,99;
07:50:07;1504;49,99;
07:50:10;1496;49,99;
07:50:14;1507;49,99;
07:50:18;1511;49,99;
07:50:22;1513;49,98;
07:50:24;1514;49,98;
07:50:26;1515;49,97;
07:50:33;1519;49,96;
07:50:35;1521;49,97;
07:50:42;1519;49,97;
07:50:46;1521;49,98;
07:50:49;1525;49,98;
07:50:52;1524;49,98;
07:50:53;1532;49,98;
07:51:00;1532;49,99;
07:51:04;1535;49,99;
07:51:07;1538;49,99;
07:51:09;1536;49,99;
07:51:12;1538;49,99;
07:51:13;1540;50,00;
07:51:20;1544;50,00;
07:51:23;1542;49,99;
07:51:28;1546;49,98;
07:51:32;1552;49,98;
07:51:35;1549;49,98;
07:51:38;1554;49,98;
07:51:42;1552;49,98;
07:51:45;1559;49,99;
07:51:48;1554;49,98;
07:51:49;1560;49,98;
07:51:56;1567;49,98;
07:52:02;1569;49,98;
07:52:05;1568;49,99;
07:52:08;1572;49,99;
07:52:11;1571;49,99;
07:52:15;1578;49,98;
07:52:19;1576;49,98;
07:52:22;1581;49,98;
07:52:24;1585;49,98;
07:52:30;1584;49,98;
07:52:32;1586;49,98;
07:52:36;1592;49,97;
07:52:39;1593;49,97;
07:52:43;1587;49,97;
07:52:45;1597;49,97;
07:52:48;1594;49,97;
07:52:51;1599;49,97;
07:52:58;1601;49,97;
07:53:01;1604;49,97;
07:53:05;1606;49,98;
07:53:08;1608;49,98;
07:53:11;1603;49,98;
07:53:15;1613;49,97;
07:53:18;1612;49,97;
07:53:21;1615;49,98;
07:53:25;1612;49,98;
07:53:28;1619;49,98;
07:53:31;1621;49,98;
07:53:34;1623;49,97;
07:53:35;1618;49,97;
07:53:42;1623;49,97;
07:53:44;1628;49,97;
07:53:49;1631;49,97;
07:53:55;1630;49,98;
07:53:58;1636;49,98;
07:54:04;1638;49,98;
07:54:07;1637;49,98;
07:54:10;1643;49,98;
07:54:13;1639;49,98;
07:54:16;1643;49,98;
07:54:19;1645;49,98;
07:54:22;1646;49,98;
07:54:26;1649;49,98;
07:54:29;1652;49,98;
07:54:32;1651;49,98;
07:54:36;1655;49,98;
07:54:44;1658;49,98;
07:54:48;1657;49,98;
07:54:49;1663;50,00;
07:54:52;1665;50,00;
07:54:56;1667;50,00;
07:54:59;1673;49,99;
07:55:02;1672;49,99;
07:55:06;1679;49,99;
07:55:09;1680;49,99;
07:55:12;1689;49,98;
07:55:16;1696;49,98;
07:55:19;1697;49,97;
07:55:22;1701;49,96;
07:55:26;1703;49,96;
07:55:29;1700;49,96;
07:55:32;1702;49,96;
07:55:36;1711;49,96;
07:55:39;1707;49,96;
07:55:42;1715;49,97;
07:55:46;1717;49,97;
07:55:49;1721;49,98;
07:55:52;1712;49,98;
07:55:54;1722;49,98;
07:55:57;1725;49,98;
07:56:00;1731;49,97;
07:56:03;1733;49,97;
07:56:06;1736;49,98;
07:56:09;1738;49,98;
07:56:12;1741;49,98;
07:56:16;1743;49,98;
07:56:19;1757;49,98;
07:56:22;1758;49,98;
07:56:25;1766;49,98;
07:56:28;1762;49,97;
07:56:31;1763;49,96;
07:56:34;1764;49,96;
07:56:37;1766;49,97;
07:56:41;1765;49,97;
07:56:44;1776;49,97;
07:56:47;1778;49,97;
07:56:50;1770;49,98;
07:56:53;1782;49,98;
07:56:56;1785;49,98;
07:56:57;1772;49,99;
07:57:00;1787;49,99;
07:57:03;1778;50,00;
07:57:06;1788;49,99;
07:57:09;1782;49,99;
07:57:12;1794;49,98;
07:57:15;1790;49,98;
07:57:18;1788;49,98;
07:57:21;1796;49,99;
07:57:24;1797;49,99;
07:57:25;1801;49,99;
07:57:28;1788;49,98;
07:57:31;1803;49,98;
07:57:37;1808;49,98;
07:57:40;1811;49,98;
07:57:43;1797;49,98;
07:57:46;1818;49,98;
07:57:49;1820;49,98;
07:57:52;1806;49,98;
07:57:55;1824;49,98;
07:58:01;1826;49,98;
07:58:04;1825;49,98;
07:58:08;1827;49,98;
07:58:11;1832;49,98;
07:58:14;1829;49,98;
07:58:15;1810;49,99;
07:58:21;1833;50,00;
07:58:24;1842;50,00;
07:58:25;1835;50,00;
07:58:31;1844;49,99;
07:58:34;1845;49,99;
07:58:35;1844;49,98;
07:58:41;1825;49,97;
07:58:42;1846;49,97;
07:58:46;1848;49,97;
07:58:49;1843;49,97;
07:58:52;1851;49,97;
07:58:56;1853;49,98;
07:58:59;1848;49,98;
07:59:02;1858;49,99;
07:59:05;1843;50,00;
07:59:08;1863;50,00;
07:59:09;1861;50,00;
07:59:16;1863;50,00;
07:59:19;1862;49,99;
07:59:22;1866;49,98;
07:59:25;1859;49,98;
07:59:28;1870;49,98;
07:59:31;1863;49,98;
07:59:34;1860;49,98;
07:59:37;1868;49,98;
07:59:40;1872;49,98;
07:59:43;1864;49,98;
07:59:46;1876;49,98;
07:59:49;1875;49,98;
07:59:52;1878;49,98;
07:59:55;1880;49,99;
08:00:01;1876;49,99;
08:00:04;1882;49,98;
08:00:05;1878;49,98;
08:00:11;1886;49,97;
08:00:14;1883;49,98;
08:00:15;1888;49,97;
08:00:21;1894;49,97;
08:00:27;1895;49,98;
08:00:30;1896;49,98;
08:00:33;1897;49,98;
08:00:36;1903;49,98;
08:00:39;1883;49,98;
08:00:42;1906;49,98;
08:00:45;1908;49,97;
08:00:48;1909;49,98;
08:00:51;1912;49,98;
08:00:54;1914;49,98;
08:00:57;1915;49,98;
08:01:03;1918;49,97;
08:01:06;1919;49,98;
08:01:09;1915;49,98;
08:01:12;1920;49,98;
08:01:15;1921;49,98;
08:01:18;1923;49,98;
08:01:21;1916;49,98;
08:01:24;1925;49,98;
08:01:27;1928;49,98;
08:01:30;1930;49,98;
08:01:33;1931;49,98;
08:01:36;1932;49,99;
08:01:39;1933;50,00;
08:01:45;1928;50,00;
08:01:48;1935;50,00;
08:01:51;1939;50,00;
08:01:54;1935;50,00;
08:01:57;1940;50,00;
08:02:00;1935;50,00;
08:02:03;1944;50,00;
08:02:09;1949;49,99;
08:02:12;1951;49,98;
08:02:15;1953;49,98;
08:02:18;1954;49,97;
08:02:21;1949;49,96;
08:02:24;1955;49,96;
08:02:27;1953;49,96;
08:02:30;1962;49,97;
08:02:33;1951;49,98;
08:02:36;1963;49,98;
08:02:39;1971;49,98;
08:02:42;1969;49,98;
08:02:45;1973;49,98;
08:02:48;1975;49,98;
08:02:54;1981;49,98;
08:02:57;1982;49,98;
08:03:00;1986;49,98;
08:03:03;1989;49,98;
08:03:06;1992;49,98;
08:03:09;1993;49,98;
08:03:12;1994;49,99;
08:03:15;1999;49,99;
08:03:18;2013;49,98;
08:03:21;2019;49,98;
08:03:24;2023;49,97;
08:03:27;2029;49,97;
08:03:30;2032;49,96;
08:03:33;2034;49,96;
08:03:36;2030;49,97;
08:03:39;2036;49,97;
08:03:42;2042;49,97;
08:03:45;2044;49,97;
08:03:51;2050;49,97;
08:03:54;2058;49,97;
08:04:00;2071;49,97;
08:04:03;2073;49,97;
08:04:06;2077;49,97;
08:04:09;2083;49,96;
08:04:12;2082;49,97;
08:04:15;2088;49,97;
08:04:18;2081;49,97;
08:04:21;2093;49,97;
08:04:24;2086;49,97;
08:04:27;2096;49,97;
08:04:30;2098;49,97;
08:04:33;2100;49,97;
08:04:36;2092;49,97;
08:04:39;2104;49,98;
08:04:42;2105;49,98;
08:04:45;2107;49,98;
08:04:48;2104;49,98;
08:04:51;2112;49,98;
08:04:54;2110;49,98;
08:04:57;2115;49,98;
08:05:00;2111;49,98;
08:05:06;2118;49,98;
08:05:09;2122;49,98;
08:05:12;2116;49,98;
08:05:15;2129;49,98;
08:05:18;2127;49,98;
08:05:21;2133;49,98;
08:05:27;2124;49,98;
08:05:30;2135;49,97;
08:05:33;2140;49,97;
08:05:36;2132;49,97;
08:05:39;2142;49,97;
08:05:42;2139;49,97;
08:05:45;2145;49,97;
08:05:48;2149;49,98;
08:05:54;2150;49,98;
08:05:57;2156;49,98;
08:06:00;2149;49,98;
08:06:03;2160;49,98;
08:06:06;2155;49,98;
08:06:15;2167;49,98;
08:06:18;2166;49,98;
08:06:21;2172;49,97;
08:06:24;2164;49,97;
08:06:27;2171;49,97;
08:06:30;2174;49,97;
08:06:33;2172;49,97;
08:06:36;2159;49,97;
08:06:39;2177;49,97;
08:06:42;2179;49,97;
08:06:45;2184;49,97;
08:06:48;2168;49,97;
08:06:51;2187;49,97;
08:06:54;2189;49,97;
08:06:57;2190;49,98;
08:07:00;2173;49,98;
08:07:03;2196;49,98;
08:07:12;2178;49,98;
08:07:18;2200;49,98;
08:07:24;2207;49,98;
08:07:27;2206;49,98;
08:07:30;2214;49,98;
08:07:33;2211;49,98;
08:07:36;2215;49,98;
08:07:39;2210;49,98;
08:07:42;2222;49,98;
08:07:45;2223;49,98;
08:07:48;2224;49,98;
08:07:51;2204;50,00;
08:07:54;2229;50,00;
08:07:57;2232;50,01;
08:08:03;2212;50,01;
08:08:06;2238;50,01;
08:08:09;2238;50,00;
08:08:12;2241;50,00;
08:08:15;2217;49,99;
08:08:18;2245;49,98;
08:08:21;2246;49,98;
08:08:24;2250;49,98;
08:08:27;2243;49,98;
08:08:30;2255;49,97;
08:08:33;2255;49,96;
08:08:36;2259;49,96;
08:08:39;2252;49,96;
08:08:42;2263;49,96;
08:08:48;2268;49,97;
08:08:51;2258;49,98;
08:08:54;2272;49,98;
08:08:57;2271;49,98;
08:09:00;2274;49,98;
08:09:03;2265;49,98;
08:09:09;2276;49,97;
08:09:12;2281;49,97;
08:09:15;2276;49,97;
08:09:18;2282;49,97;
08:09:24;2294;49,98;
08:09:27;2291;49,98;
08:09:33;2289;49,98;
08:09:36;2293;49,98;
08:09:39;2294;49,98;
08:09:42;2288;49,98;
08:09:45;2303;49,98;
08:09:48;2299;49,98;
08:09:51;2307;49,98;
08:09:54;2299;49,98;
08:09:57;2314;49,98;
08:10:00;2308;49,98;
08:10:03;2317;49,98;
08:10:06;2307;49,98;
08:10:09;2319;49,99;
08:10:15;2324;50,00;
08:10:18;2317;50,00;
08:10:21;2325;50,00;
08:10:24;2320;50,00;
08:10:27;2333;50,00;
08:10:30;2322;50,00;
08:10:33;2335;50,00;
08:10:36;2336;49,99;
08:10:39;2338;49,99;
08:10:42;2326;49,99;
08:10:45;2342;49,99;
08:10:48;2335;49,99;
08:10:51;2347;49,99;
08:10:54;2338;49,99;
08:10:57;2351;49,99;
08:11:00;2343;50,00;
08:11:03;2353;50,00;
08:11:06;2345;50,00;
08:11:09;2356;49,99;
08:11:12;2348;49,99;
08:11:15;2360;49,98;
08:11:21;2366;49,98;
08:11:24;2361;49,98;
08:11:27;2369;49,97;
08:11:30;2363;49,97;
08:11:33;2377;49,96;
08:11:36;2370;49,96;
08:11:39;2379;49,96;
08:11:42;2380;49,96;
08:11:45;2385;49,97;
08:11:48;2386;49,98;
08:11:51;2392;49,98;
08:11:54;2391;49,98;
08:11:57;2401;49,98;
08:12:00;2402;49,98;
08:12:06;2422;49,98;
08:12:09;2425;49,98;
08:12:12;2408;49,98;
08:12:15;2428;49,98;
08:12:18;2436;49,98;
08:12:21;2433;49,98;
08:12:24;2437;49,98;
08:12:27;2421;49,98;
08:12:30;2446;49,97;
08:12:33;2440;49,97;
08:12:36;2435;49,96;
08:12:39;2434;49,96;
08:12:42;2447;49,97;
08:12:45;2445;49,97;
08:12:48;2452;49,97;
08:12:51;2435;49,98;
08:12:54;2456;49,98;
08:12:57;2458;49,98;
08:13:00;2459;49,97;
08:13:03;2445;49,97;
08:13:06;2464;49,98;
08:13:12;2468;49,97;
08:13:15;2451;49,97;
08:13:18;2473;49,97;
08:13:21;2471;49,97;
08:13:24;2475;49,96;
08:13:27;2458;49,97;
08:13:30;2479;49,97;
08:13:36;2485;49,97;
08:13:39;2471;49,96;
08:13:42;2487;49,97;
08:13:45;2487;49,96;
08:13:48;2492;49,96;
08:13:51;2483;49,96;
08:13:54;2493;49,96;
08:14:00;2500;49,96;
08:14:03;2492;49,96;
08:14:06;2506;49,96;
08:14:09;2502;49,96;
08:14:12;2512;49,97;
08:14:18;2515;49,97;
08:14:21;2514;49,97;
08:14:24;2518;49,97;
08:14:27;2513;49,97;
08:14:30;2526;49,97;
08:14:33;2525;49,97;
08:14:36;2520;49,97;
08:14:39;2530;49,98;
08:14:42;2531;49,98;
08:14:45;2533;49,98;
08:14:48;2537;49,98;
08:14:51;2538;49,98;
08:14:54;2541;49,98;
08:14:57;2542;49,98;
08:15:00;2536;49,98;
08:15:03;2548;49,98;
08:15:06;2553;49,98;
08:15:12;2554;49,98;
08:15:15;2555;49,97;
08:15:18;2557;49,98;
08:15:24;2561;49,97;
08:15:27;2562;49,97;
08:15:30;2564;49,96;
08:15:33;2567;49,96;
08:15:39;2570;49,96;
08:15:42;2562;49,97;
08:15:45;2572;49,97;
08:15:48;2576;49,97;
08:15:54;2580;49,97;
08:15:57;2582;49,97;
08:16:03;2583;49,98;
08:16:06;2576;49,98;
08:16:09;2585;49,98;
08:16:12;2589;49,98;
08:16:15;2590;49,97;
08:16:18;2583;49,97;
08:16:21;2594;49,97;
08:16:24;2591;49,96;
08:16:27;2596;49,96;
08:16:30;2599;49,96;
08:16:33;2599;49,98;
08:16:36;2598;49,98;
08:16:39;2605;49,98;
08:16:42;2584;49,98;
08:16:45;2609;49,97;
08:16:48;2607;49,98;
08:16:51;2611;49,98;
08:16:54;2601;49,98;
08:16:57;2614;49,98;
08:17:00;2607;49,98;
08:17:03;2616;49,98;
08:17:06;2608;49,98;
08:17:09;2619;49,98;
08:17:15;2625;49,98;
08:17:18;2613;49,98;
08:17:21;2627;49,98;
08:17:24;2625;49,98;
08:17:27;2630;49,98;
08:17:30;2620;49,97;
08:17:33;2624;49,97;
08:17:36;2633;49,97;
08:17:39;2635;49,97;
08:17:42;2629;49,97;
08:17:45;2639;49,98;
08:17:48;2646;49,98;
08:17:51;2642;49,98;
08:17:54;2645;49,98;
08:17:57;2635;49,98;
08:18:00;2647;49,99;
08:18:03;2652;49,98;
08:18:09;2653;49,98;
08:18:12;2655;49,98;
08:18:15;2656;49,98;
08:18:21;2659;49,98;
08:18:24;2662;49,98;
08:18:27;2664;49,98;
08:18:30;2663;49,98;
08:18:33;2666;49,98;
08:18:36;2667;49,98;
08:18:39;2666;49,98;
08:18:42;2671;49,99;
08:18:45;2671;49,98;
08:18:48;2675;49,98;
08:18:51;2677;49,97;
08:18:57;2680;49,97;
08:19:00;2680;49,98;
08:19:03;2681;49,98;
08:19:06;2683;49,98;
08:19:09;2686;49,98;
08:19:12;2687;49,98;
08:19:15;2691;49,98;
08:19:21;2693;49,98;
08:19:27;2701;49,98;
08:19:30;2699;49,98;
08:19:33;2693;49,98;
08:19:36;2702;49,97;
08:19:39;2706;49,97;
08:19:42;2705;49,97;
08:19:45;2709;49,97;
08:19:48;2697;49,97;
08:19:51;2710;49,97;
08:19:54;2713;49,97;
08:19:57;2708;49,97;
08:20:00;2715;49,98;
08:20:03;2710;49,98;
08:20:06;2718;49,98;
08:20:09;2721;49,98;
08:20:12;2723;49,98;
08:20:15;2716;49,97;
08:20:18;2724;49,97;
08:20:21;2721;49,97;
08:20:24;2730;49,98;
08:20:27;2724;49,98;
08:20:33;2729;49,97;
08:20:36;2740;49,97;
08:20:39;2739;49,97;
08:20:42;2741;49,97;
08:20:45;2735;49,97;
08:20:48;2746;49,98;
08:20:51;2745;49,98;
08:20:54;2743;49,98;
08:20:57;2753;49,98;
08:21:00;2756;49,99;
08:21:03;2757;49,98;
08:21:06;2761;49,99;
08:21:09;2762;49,99;
08:21:12;2766;50,00;
08:21:18;2772;49,99;
08:21:21;2776;49,98;
08:21:27;2779;49,98;
08:21:30;2779;49,97;
08:21:33;2783;49,97;
08:21:36;2779;49,98;
08:21:39;2782;49,98;
08:21:42;2786;49,98;
08:21:45;2788;49,98;
08:21:48;2788;49,99;
08:21:51;2790;49,99;
08:21:57;2796;49,99;
08:22:00;2788;49,99;
08:22:03;2798;49,99;
08:22:06;2796;49,98;
08:22:09;2800;49,98;
08:22:12;2805;49,99;
08:22:15;2807;49,99;
08:22:18;2808;49,99;
08:22:24;2812;49,99;
08:22:27;2813;49,99;
08:22:30;2821;49,99;
08:22:33;2818;49,98;
08:22:36;2813;49,98;
08:22:39;2821;49,98;
08:22:42;2813;49,98;
08:22:45;2821;49,98;
08:22:48;2816;49,98;
08:22:51;2829;49,98;
08:22:54;2828;49,99;
08:22:57;2831;49,99;
08:23:00;2825;49,99;
08:23:03;2839;49,99;
08:23:06;2837;49,99;
08:23:09;2839;49,99;
08:23:12;2834;49,99;
08:23:15;2844;49,99;
08:23:18;2840;49,98;
08:23:21;2847;49,98;
08:23:24;2840;49,97;
08:23:30;2847;49,96;
08:23:33;2854;49,97;
08:23:36;2847;49,97;
08:23:39;2859;49,98;
08:23:42;2862;49,98;
08:23:45;2865;49,98;
08:23:48;2872;49,98;
08:23:51;2871;49,98;
08:23:54;2874;49,99;
08:23:57;2891;50,00;
08:24:00;2895;50,00;
08:24:03;2897;50,00;
08:24:06;2892;50,00;
08:24:09;2902;50,00;
08:24:12;2903;49,99;
08:24:15;2907;49,99;
08:24:18;2899;49,98;
08:24:21;2909;49,98;
08:24:24;2904;49,98;
08:24:27;2911;49,98;
08:24:30;2906;49,98;
08:24:36;2912;49,98;
08:24:39;2926;49,99;
08:24:42;2925;50,00;
08:24:45;2917;50,00;
08:24:48;2919;50,00;
08:24:51;2930;50,00;
08:24:57;2931;50,00;
08:25:00;2934;49,99;
08:25:03;2927;49,99;
08:25:06;2936;49,99;
08:25:09;2932;49,99;
08:25:12;2934;49,99;
08:25:18;2946;49,99;
08:25:21;2947;50,00;
08:25:24;2949;50,00;
08:25:30;2953;49,99;
08:25:33;2951;49,99;
08:25:36;2956;49,99;
08:25:39;2946;49,99;
08:25:42;2959;49,99;
08:25:45;2954;49,99;
08:25:48;2962;50,00;
08:25:51;2964;49,99;
08:25:54;2966;49,99;
08:25:57;2960;50,00;
08:26:00;2970;50,00;
08:26:03;2971;50,00;
08:26:06;2973;50,00;
08:26:09;2969;50,00;
08:26:12;2976;50,00;
08:26:15;2975;50,00;
08:26:18;2982;50,00;
08:26:21;2978;50,00;
08:26:27;2982;50,00;
08:26:30;2990;50,00;
08:26:33;2986;50,00;
08:26:36;2996;50,00;
08:26:39;2990;50,00;
08:26:42;2998;50,00;
08:26:45;3001;50,00;
08:26:48;2994;50,00;
08:26:51;2999;49,99;
08:26:54;3008;49,99;
08:26:57;3001;49,99;
08:27:00;3011;49,99;
08:27:03;3010;49,99;
08:27:06;3015;49,99;
08:27:09;3016;49,99;
08:27:12;3020;50,00;
08:27:15;3019;50,00;
08:27:18;3023;50,00;
08:27:21;3017;49,99;
08:27:24;3025;49,99;
08:27:27;3031;49,99;
08:27:33;3023;49,99;
08:27:36;3035;50,00;
08:27:39;3044;50,00;
08:27:42;3040;50,01;
08:27:45;3039;50,01;
08:27:48;3049;50,01;
08:27:51;3052;50,01;
08:27:54;3057;50,01;
08:27:57;3051;50,00;
08:28:00;3049;50,00;
08:28:03;3062;50,00;
08:28:06;3061;50,00;
08:28:09;3067;50,00;
08:28:12;3057;50,00;
08:28:15;3069;50,00;
08:28:18;3073;50,00;
08:28:21;3075;50,00;
08:28:24;3066;50,00;
08:28:27;3080;50,00;
08:28:30;3081;50,00;
08:28:33;3083;50,00;
08:28:39;3089;50,00;
08:28:42;3092;50,00;
08:28:45;3093;49,99;
08:28:48;3083;49,99;
08:28:51;3099;49,99;
08:28:54;3104;49,99;
08:28:57;3101;49,99;
08:29:00;3102;50,00;
08:29:03;3104;50,00;
08:29:06;3106;50,00;
08:29:09;3110;50,00;
08:29:12;3104;50,00;
08:29:15;3117;49,98;
08:29:18;3113;49,98;
08:29:21;3115;49,98;
08:29:24;3107;49,98;
08:29:27;3124;49,97;
08:29:30;3119;49,98;
08:29:33;3129;49,98;
08:29:36;3123;49,98;
08:29:39;3132;49,99;
08:29:45;3133;49,99;
08:29:48;3128;49,99;
08:29:51;3137;50,00;
08:29:54;3130;49,99;
08:29:57;3141;49,99;
08:30:00;3133;49,98;
08:30:03;3144;49,98;
08:30:06;3145;49,98;
08:30:12;3139;49,98;
08:30:15;3150;49,98;
08:30:18;3148;49,97;
08:30:21;3150;49,96;
08:30:24;3147;49,96;
08:30:30;3160;49,97;
08:30:33;3163;49,97;
08:30:36;3159;49,97;
08:30:39;3170;49,98;
08:30:42;3175;49,98;
08:30:45;3173;49,99;
08:30:48;3180;49,99;
08:30:51;3172;49,99;
08:30:54;3191;49,98;
08:30:57;3183;49,98;
08:31:00;3194;49,99;
08:31:03;3195;49,99;
08:31:06;3203;49,98;
08:31:09;3194;49,98;
08:31:12;3205;49,98;
08:31:18;3211;49,97;
08:31:21;3203;49,97;
08:31:24;3220;49,96;
08:31:27;3216;49,96;
08:31:30;3221;49,97;
08:31:36;3227;49,98;
08:31:39;3224;49,98;
08:31:42;3232;49,98;
08:31:45;3221;49,98;
08:31:48;3235;49,99;
08:31:51;3230;49,99;
08:31:54;3236;49,98;
08:31:57;3238;49,99;
08:32:00;3242;49,99;
08:32:03;3238;49,99;
08:32:06;3246;49,99;
08:32:09;3237;49,99;
08:32:12;3250;49,99;
08:32:15;3244;49,99;
08:32:18;3247;49,99;
08:32:21;3243;49,99;
08:32:24;3258;50,00;
08:32:27;3253;50,00;
08:32:30;3261;50,01;
08:32:33;3253;50,00;
08:32:36;3262;50,00;
08:32:42;3257;49,99;
08:32:45;3261;49,98;
08:32:48;3272;49,98;
08:32:51;3265;49,98;
08:32:54;3273;49,98;
08:32:57;3275;49,98;
08:33:00;3266;49,98;
08:33:03;3276;49,98;
08:33:06;3281;49,98;
08:33:09;3284;49,98;
08:33:15;3286;49,98;
08:33:18;3287;49,99;
08:33:24;3280;49,99;
08:33:27;3291;50,00;
08:33:30;3294;50,00;
08:33:36;3301;49,99;
08:33:39;3301;50,00;
08:33:42;3301;49,99;
08:33:48;3309;49,99;
08:33:51;3308;49,99;
08:33:54;3310;50,00;
08:33:57;3312;50,00;
08:34:03;3315;50,01;
08:34:06;3310;50,01;
08:34:09;3318;50,01;
08:34:12;3324;50,01;
08:34:15;3331;50,01;
08:34:18;3333;50,01;
08:34:21;3326;50,02;
08:34:24;3319;50,02;
08:34:27;3332;50,01;
08:34:33;3335;50,01;
08:34:36;3315;50,01;
08:34:39;3336;50,01;
08:34:42;3326;50,01;
08:34:45;3341;50,00;
08:34:48;3330;50,00;
08:34:51;3342;50,00;
08:34:54;3343;50,00;
08:34:57;3345;50,00;
08:35:00;3336;50,00;
08:35:03;3349;50,01;
08:35:06;3339;50,01;
08:35:09;3354;50,01;
08:35:12;3344;50,01;
08:35:15;3357;50,01;
08:35:18;3342;50,00;
08:35:21;3362;50,00;
08:35:24;3356;50,00;
08:35:27;3368;50,00;
08:35:30;3355;50,00;
08:35:33;3368;50,00;
08:35:39;3375;50,00;
08:35:42;3359;50,00;
08:35:45;3377;50,00;
08:35:48;3375;50,01;
08:35:51;3381;50,01;
08:35:54;3369;50,01;
08:35:57;3380;50,01;
08:36:00;3386;50,00;
08:36:03;3389;50,01;
08:36:06;3384;50,01;
08:36:09;3393;50,00;
08:36:12;3393;50,01;
08:36:15;3395;50,00;
08:36:21;3380;50,00;
08:36:24;3400;50,00;
08:36:27;3407;50,00;
08:36:30;3408;50,00;
08:36:33;3410;50,00;
08:36:36;3410;49,99;
08:36:39;3414;49,99;
08:36:45;3421;49,99;
08:36:48;3422;49,99;
08:36:51;3425;49,99;
08:36:54;3430;49,99;
08:36:57;3436;49,99;
08:37:00;3437;50,00;
08:37:03;3426;50,00;
08:37:06;3441;50,00;
08:37:09;3449;50,00;
08:37:12;3454;49,99;
08:37:18;3456;49,98;
08:37:21;3442;49,99;
08:37:24;3460;49,99;
08:37:27;3452;49,99;
08:37:30;3465;49,99;
08:37:33;3459;49,99;
08:37:36;3469;49,99;
08:37:39;3471;49,98;
08:37:42;3473;49,98;
08:37:45;3467;49,98;
08:37:51;3471;49,98;
08:37:54;3478;49,98;
08:37:57;3481;49,98;
08:38:00;3484;49,99;
08:38:03;3488;50,00;
08:38:06;3491;50,00;
08:38:09;3505;50,00;
08:38:12;3585;50,00;
08:38:15;3603;50,00;
08:38:18;3607;50,00;
08:38:21;3665;49,99;
08:38:24;3625;49,99;
08:38:27;3731;49,98;
08:38:30;3691;49,98;
08:38:33;3733;49,98;
08:38:36;3749;49,98;
08:38:39;3753;49,98;
08:38:42;3756;49,98;
08:38:45;3772;49,98;
08:38:48;3771;49,98;
08:38:51;3737;49,98;
08:38:57;3778;49,99;
08:39:00;3785;50,00;
08:39:03;3771;50,00;
08:39:06;3795;50,00;
08:39:09;3786;50,00;
08:39:12;3797;50,00;
08:39:15;3798;50,00;
08:39:18;3732;49,99;
08:39:21;3805;49,99;
08:39:27;3818;49,99;
08:39:30;3825;49,99;
08:39:36;3830;50,00;
08:39:42;3836;50,00;
08:39:45;3837;50,00;
08:39:48;3844;50,00;
08:39:51;3848;50,00;
08:39:54;3852;50,00;
08:39:57;3855;50,00;
08:40:00;3821;50,00;
08:40:03;3856;49,99;
08:40:06;3865;49,99;
08:40:09;3869;49,99;
08:40:12;3872;49,99;
08:40:15;3876;49,99;
08:40:18;3880;49,99;
08:40:21;3868;49,99;
08:40:24;3853;49,99;
08:40:27;3888;49,98;
08:40:30;3891;49,98;
08:40:33;3894;49,98;
08:40:36;3900;49,98;
08:40:39;3899;49,98;
08:40:42;3901;49,98;
08:40:48;3910;49,97;
08:40:51;3908;49,97;
08:40:54;3906;49,97;
08:40:57;3914;49,97;
08:41:00;3922;49,97;
08:41:03;3905;49,97;
08:41:06;3913;49,97;
08:41:09;3926;49,97;
08:41:12;3889;49,99;
08:41:15;3939;49,99;
08:41:18;3921;50,00;
08:41:21;3938;50,00;
08:41:24;3953;49,99;
08:41:27;3956;49,99;
08:41:30;3969;49,99;
08:41:33;3979;49,99;
08:41:36;3959;49,99;
08:41:39;3982;50,00;
08:41:42;3961;50,00;
08:41:45;3988;50,00;
08:41:48;3975;50,00;
08:41:54;3970;50,00;
08:41:57;3997;50,00;
08:42:00;3991;49,99;
08:42:03;4001;50,00;
08:42:06;3987;49,99;
08:42:09;4007;49,99;
08:42:12;4009;50,00;
08:42:15;3999;49,99;
08:42:18;3996;50,00;
08:42:21;4019;50,00;
08:42:24;4009;50,00;
08:42:27;4020;50,00;
08:42:30;4003;49,99;
08:42:33;4025;50,00;
08:42:36;4027;50,00;
08:42:42;4009;50,00;
08:42:45;4031;50,00;
08:42:48;4020;49,99;
08:42:51;4039;50,00;
08:42:54;4034;49,99;
08:43:00;4034;50,00;
08:43:03;4048;50,00;
08:43:06;4029;49,99;
08:43:09;4051;49,99;
08:43:12;4038;49,99;
08:43:15;4054;49,99;
08:43:18;4058;49,98;
08:43:21;4038;49,98;
08:43:24;4050;49,98;
08:43:27;4061;49,98;
08:43:30;4064;49,98;
08:43:33;4068;49,98;
08:43:36;4047;49,98;
08:43:39;4069;49,99;
08:43:45;4074;49,99;
08:43:48;4081;49,99;
08:43:51;4080;49,99;
08:43:54;4083;49,99;
08:43:57;4074;49,98;
08:44:00;4085;49,98;
08:44:03;4075;49,98;
08:44:06;4081;49,98;
08:44:09;4077;49,98;
08:44:12;4093;49,98;
08:44:15;4082;49,98;
08:44:18;4096;49,97;
08:44:21;4086;49,98;
08:44:24;4102;49,97;
08:44:27;4100;49,97;
08:44:30;4106;49,97;
08:44:33;4091;49,97;
08:44:36;4110;49,97;
08:44:39;4090;49,96;
08:44:42;4116;49,96;
08:44:45;4102;49,96;
08:44:51;4110;49,97;
08:44:54;4090;49,97;
08:44:57;4071;49,98;
08:45:00;4116;49,98;
08:45:03;4142;49,98;
08:45:06;4122;49,97;
08:45:09;4146;49,97;
08:45:12;4164;49,97;
08:45:15;4176;49,97;
08:45:18;4180;49,97;
08:45:21;4202;49,97;
08:45:24;4200;49,97;
08:45:27;4194;49,98;
08:45:30;4218;49,98;
08:45:33;4222;49,98;
08:45:36;4228;49,97;
08:45:39;4218;49,96;
08:45:42;4238;49,96;
08:45:45;4232;49,96;
08:45:48;4250;49,96;
08:45:51;4240;49,97;
08:45:57;4248;49,97;
08:46:00;4264;49,97;
08:46:03;4262;49,97;
08:46:06;4256;49,97;
08:46:33;4296;49,97;
08:46:36;4286;49,97;
08:46:39;4294;49,97;
08:46:42;4278;49,97;
08:46:45;4302;49,97;
08:46:48;4296;49,97;
08:46:51;4306;49,97;
08:46:54;4286;49,97;
08:46:57;4314;49,97;
08:47:03;4320;49,96;
08:47:06;4296;49,96;
08:47:09;4326;49,96;
08:47:12;4320;49,96;
08:47:15;4334;49,97;
08:47:18;4306;49,97;
08:47:21;4332;49,97;
08:47:24;4336;49,97;
08:47:27;4342;49,97;
08:47:30;4314;49,96;
08:47:33;4348;49,97;
08:47:36;4336;49,97;
08:47:39;4354;49,97;
08:47:42;4324;49,97;
08:47:45;4354;49,97;
08:47:48;4346;49,97;
08:47:51;4360;49,97;
08:47:54;4338;49,97;
08:47:57;4366;49,97;
08:48:00;4352;49,97;
08:48:03;4364;49,97;
08:48:06;4370;49,98;
08:48:09;4346;49,98;
08:48:12;4350;49,97;
08:48:15;4372;49,97;
08:48:18;4364;49,97;
08:48:21;4376;49,97;
08:48:24;4370;49,97;
08:48:27;4384;49,96;
08:48:30;4388;49,97;
08:48:33;4390;49,97;
08:48:36;4378;49,98;
08:48:39;4394;49,98;
08:48:42;4376;49,98;
08:48:45;4398;49,98;
08:48:48;4384;49,98;
08:48:54;4392;49,98;
08:48:57;4402;49,97;
08:49:00;4398;49,97;
08:49:03;4406;49,98;
08:49:06;4414;49,98;
08:49:09;4406;49,98;
08:49:12;4420;49,98;
08:49:15;4412;49,98;
08:49:18;4428;49,98;
08:49:21;4412;49,98;
08:49:24;4428;49,99;
08:49:27;4418;49,99;
08:49:30;4436;49,99;
08:49:33;4420;49,98;
08:49:36;4436;49,98;
08:49:39;4426;49,98;
08:49:42;4442;49,98;
08:49:45;4426;49,97;
08:49:48;4448;49,97;
08:49:51;4432;49,97;
08:49:54;4450;49,97;
08:50:00;4454;49,98;
08:50:03;4442;49,98;
08:50:06;4458;49,98;
08:50:09;4444;49,98;
08:50:12;4460;49,98;
08:50:15;4450;49,98;
08:50:18;4464;49,98;
08:50:21;4466;49,98;
08:50:24;4468;49,98;
08:50:27;4456;49,98;
08:50:30;4474;49,98;
08:50:33;4456;49,98;
08:50:36;4478;49,98;
08:50:39;4462;49,98;
08:50:42;4482;49,98;
08:50:45;4466;49,98;
08:50:48;4484;49,97;
08:50:51;4470;49,97;
08:50:54;4486;49,97;
08:50:57;4482;49,98;
08:51:00;4490;49,98;
08:51:06;4498;49,98;
08:51:09;4494;49,98;
08:51:12;4500;49,98;
08:51:15;4506;49,98;
08:51:18;4510;49,98;
08:51:21;4506;49,98;
08:51:24;4496;49,98;
08:51:27;4516;49,98;
08:51:30;4520;49,97;
08:51:36;4522;49,98;
08:51:39;4524;49,98;
08:51:42;4528;49,98;
08:51:45;4530;49,98;
08:51:48;4510;49,98;
08:51:51;4532;49,98;
08:51:54;4536;49,99;
08:51:57;4538;49,99;
08:52:00;4540;49,99;
08:52:03;4542;49,99;
08:52:06;4546;49,99;
08:52:12;4544;49,99;
08:52:15;4554;49,99;
08:52:18;4556;49,99;
08:52:21;4554;49,99;
08:52:24;4554;49,98;
08:52:27;4558;49,99;
08:52:30;4542;49,99;
08:52:33;4562;49,99;
08:52:36;4542;49,99;
08:52:39;4568;49,98;
08:52:42;4554;49,98;
08:52:45;4570;49,98;
08:52:48;4554;49,98;
08:52:51;4576;49,98;
08:52:57;4584;49,98;
08:53:00;4562;49,99;
08:53:03;4586;49,99;
08:53:06;4572;49,99;
08:53:09;4592;49,99;
08:53:12;4574;49,99;
08:53:15;4596;50,00;
08:53:18;4598;50,00;
08:53:21;4608;50,00;
08:53:24;4590;50,00;
08:53:27;4616;50,00;
08:53:30;4588;50,00;
08:53:33;4622;50,00;
08:53:36;4610;50,00;
08:53:39;4622;50,00;
08:53:42;4618;50,01;
08:53:45;4634;50,00;
08:53:48;4614;50,00;
08:53:51;4636;50,00;
08:53:54;4624;50,00;
08:53:57;4642;50,00;
08:54:03;4646;50,00;
08:54:06;4632;50,00;
08:54:09;4652;50,00;
08:54:12;4644;49,99;
08:54:15;4648;49,98;
08:54:18;4646;49,98;
08:54:24;4658;49,98;
08:54:27;4660;49,98;
08:54:30;4662;49,99;
08:54:36;4662;49,98;
08:54:39;4668;49,98;
08:54:42;4670;49,98;
08:54:45;4656;49,98;
08:54:48;4674;49,97;
08:54:51;4666;49,98;
08:54:54;4676;49,98;
08:54:57;4678;49,98;
08:55:00;4680;49,98;
08:55:03;4684;49,98;
08:55:09;4686;49,98;
08:55:12;4688;49,98;
08:55:15;4690;49,97;
08:55:18;4694;49,98;
08:55:24;4698;49,98;
08:55:27;4672;49,98;
08:55:30;4700;49,98;
08:55:33;4702;49,98;
08:55:39;4700;49,99;
08:55:42;4708;50,00;
08:55:45;4712;50,00;
08:55:51;4692;50,00;
08:55:54;4692;49,99;
08:55:57;4718;49,98;
08:56:00;4720;49,98;
08:56:03;4722;49,98;
08:56:06;4720;49,99;
08:56:09;4724;49,99;
08:56:15;4720;49,99;
08:56:18;4734;49,99;
08:56:21;4708;49,99;
08:56:24;4732;49,99;
08:56:27;4728;49,99;
08:56:30;4736;49,99;
08:56:33;4714;49,98;
08:56:36;4726;49,99;
08:56:39;4728;49,98;
08:56:42;4750;49,98;
08:56:45;4738;49,98;
08:56:48;4752;49,99;
08:56:51;4740;49,99;
08:56:54;4758;50,00;
08:57:00;4762;50,00;
08:57:03;4764;50,00;
08:57:06;4766;50,00;
08:57:09;4768;50,00;
08:57:12;4772;50,00;
08:57:18;4756;50,00;
08:57:21;4776;50,00;
08:57:24;4782;49,99;
08:57:27;4784;49,99;
08:57:30;4782;49,98;
08:57:33;4784;49,98;
08:57:36;4790;49,98;
08:57:39;4786;49,98;
08:57:42;4774;49,98;
08:57:45;4792;49,98;
08:57:48;4796;49,98;
08:57:51;4798;49,98;
08:57:54;4804;49,98;
08:58:00;4806;49,98;
08:58:06;4812;49,99;
08:58:09;4814;49,99;
08:58:12;4820;50,00;
08:58:15;4818;50,00;
08:58:18;4822;50,00;
08:58:21;4824;49,99;
08:58:24;4814;49,99;
08:58:27;4824;49,98;
08:58:30;4834;49,99;
08:58:33;4850;49,99;
08:58:36;4858;49,98;
08:58:39;4858;49,99;
08:58:42;4862;49,98;
08:58:45;4862;49,99;
08:58:48;4862;49,98;
08:58:51;4880;49,99;
08:58:54;4882;49,99;
08:58:57;4882;50,00;
08:59:00;4884;50,00;
08:59:03;4888;50,01;
08:59:06;4884;50,00;
08:59:12;4886;50,00;
08:59:15;4894;50,00;
08:59:18;4892;50,00;
08:59:21;4900;50,00;
08:59:24;4882;49,99;
08:59:27;4902;49,99;
08:59:30;4904;49,99;
08:59:33;4892;49,99;
08:59:36;4882;49,99;
08:59:39;4906;49,99;
08:59:42;4904;49,99;
08:59:45;4910;49,99;
08:59:48;4888;49,99;
08:59:51;4916;49,99;
08:59:54;4916;50,00;
08:59:57;4918;50,00;
09:00:00;4900;50,01;
09:00:03;4930;50,01;
09:00:06;4922;50,01;
09:00:09;4926;50,01;
09:00:12;4906;50,00;
09:00:18;4928;49,98;
09:00:21;4932;49,98;
09:00:24;4908;49,97;
09:00:27;4938;49,97;
09:00:30;4932;49,97;
09:00:33;4936;49,97;
09:00:36;4940;49,97;
09:00:39;4912;49,96;
09:00:42;4942;49,97;
09:00:45;4946;49,97;
09:00:48;4922;49,97;
09:00:51;4950;49,96;
09:00:54;4948;49,96;
09:00:57;4956;49,96;
09:01:00;4958;49,96;
09:01:03;4964;49,96;
09:01:06;4964;49,97;
09:01:09;4970;49,97;
09:01:12;4972;49,97;
09:01:15;4990;49,97;
09:01:18;4998;49,96;
09:01:24;5018;49,96;
09:01:27;5004;49,96;
09:01:30;5022;49,96;
09:01:33;5010;49,96;
09:01:36;5030;49,96;
09:01:39;5020;49,96;
09:01:42;5032;49,96;
09:01:45;5038;49,96;
09:01:48;5040;49,96;
09:01:51;5026;49,96;
09:01:54;5042;49,97;
09:01:57;5022;49,97;
09:02:00;5046;49,97;
09:02:03;5052;49,97;
09:02:09;5054;49,97;
09:02:15;5048;49,97;
09:02:18;5060;49,97;
09:02:21;5042;49,97;
09:02:24;5060;49,97;
09:02:27;5054;49,97;
09:02:30;5048;49,97;
09:02:33;5048;49,96;
09:02:36;5064;49,96;
09:02:39;5054;49,96;
09:02:42;5068;49,97;
09:02:45;5046;49,96;
09:02:48;5070;49,96;
09:02:54;5074;49,96;
09:02:57;5054;49,96;
09:03:00;5078;49,96;
09:03:03;5064;49,97;
09:03:06;5082;49,97;
09:03:09;5060;49,97;
09:03:15;5068;49,97;
09:03:18;5084;49,98;
09:03:21;5066;49,97;
09:03:24;5088;49,97;
09:03:27;5074;49,97;
09:03:30;5088;49,98;
09:03:33;5090;49,97;
09:03:36;5072;49,97;
09:03:39;5076;49,97;
09:03:42;5096;49,97;
09:03:45;5076;49,97;
09:03:48;5072;49,97;
09:03:51;5076;49,96;
09:03:54;5098;49,96;
09:03:57;5102;49,96;
09:04:03;5092;49,96;
09:04:06;5106;49,96;
09:04:09;5104;49,96;
09:04:12;5106;49,96;
09:04:15;5098;49,96;
09:04:21;5108;49,97;
09:04:24;5112;49,97;
09:04:27;5124;49,98;
09:04:30;5108;49,98;
09:04:33;5118;49,98;
09:04:36;5116;49,98;
09:04:39;5128;49,98;
09:04:45;5134;49,98;
09:04:48;5124;49,98;
09:04:51;5140;49,98;
09:04:54;5122;49,98;
09:04:57;5142;49,98;
09:05:00;5130;49,98;
09:05:03;5144;49,99;
09:05:06;5130;50,00;
09:05:09;5148;49,98;
09:05:12;5132;49,98;
09:05:15;5150;49,97;
09:05:18;5136;49,97;
09:05:21;5122;49,98;
09:05:27;5152;49,97;
09:05:30;5116;49,97;
09:05:33;5158;49,97;
09:05:36;5164;49,98;
09:05:39;5168;49,98;
09:05:42;5152;49,99;
09:05:45;5170;50,00;
09:05:48;5174;50,00;
09:05:54;5158;50,00;
09:05:57;5180;49,99;
09:06:00;5172;49,99;
09:06:03;5184;49,99;
09:06:06;5168;49,98;
09:06:12;5168;49,97;
09:06:15;5192;49,97;
09:06:18;5190;49,96;
09:06:21;5184;49,96;
09:06:24;5196;49,97;
09:06:27;5192;49,98;
09:06:30;5202;49,98;
09:06:33;5196;49,98;
09:06:36;5210;49,98;
09:06:39;5198;49,98;
09:06:42;5212;49,99;
09:06:45;5194;49,99;
09:06:48;5216;50,00;
09:06:51;5210;50,00;
09:06:54;5220;50,00;
09:07:00;5202;50,00;
09:07:03;5224;50,00;
09:07:06;5208;50,00;
09:07:09;5230;50,00;
09:07:12;5226;50,00;
09:07:18;5220;50,00;
09:07:21;5236;50,00;
09:07:24;5238;50,00;
09:07:27;5236;50,00;
09:07:30;5234;49,99;
09:07:33;5236;49,99;
09:07:36;5246;49,99;
09:07:39;5250;49,98;
09:07:42;5248;49,98;
09:07:45;5230;49,98;
09:07:48;5250;49,98;
09:07:51;5232;49,98;
09:07:54;5252;49,98;
09:07:57;5240;49,98;
09:08:00;5254;49,98;
09:08:03;5252;49,98;
09:08:06;5262;49,99;
09:08:09;5246;50,00;
09:08:12;5264;49,99;
09:08:15;5246;50,00;
09:08:18;5264;49,99;
09:08:24;5276;49,98;
09:08:27;5268;49,98;
09:08:30;5278;49,97;
09:08:33;5260;49,97;
09:08:36;5280;49,97;
09:08:39;5270;49,97;
09:08:42;5282;49,97;
09:08:45;5286;49,97;
09:08:48;5288;49,97;
09:08:51;5282;49,97;
09:08:54;5298;49,98;
09:08:57;5280;49,98;
09:09:00;5300;49,98;
09:09:03;5288;49,99;
09:09:06;5302;49,99;
09:09:09;5284;49,99;
09:09:12;5306;49,99;
09:09:15;5304;49,99;
09:09:18;5310;49,99;
09:09:21;5294;49,99;
09:09:24;5308;49,98;
09:09:30;5322;49,98;
09:09:33;5316;49,98;
09:09:36;5318;49,97;
09:09:39;5316;49,97;
09:09:42;5320;49,97;
09:09:45;5322;49,97;
09:09:48;5308;49,98;
09:09:51;5322;49,98;
09:09:54;5328;49,98;
09:09:57;5330;49,98;
09:10:00;5332;49,98;
09:10:03;5330;49,98;
09:10:06;5334;49,98;
09:10:12;5318;49,98;
09:10:15;5336;49,98;
09:10:18;5340;49,98;
09:10:21;5342;49,98;
09:10:24;5346;49,98;
09:10:27;5348;49,99;
09:10:36;5354;50,00;
09:10:39;5356;50,00;
09:10:42;5324;50,00;
09:10:45;5360;49,99;
09:10:48;5342;49,99;
09:10:51;5364;49,99;
09:10:54;5354;49,99;
09:10:57;5366;50,00;
09:11:00;5318;50,00;
09:11:03;5372;50,00;
09:11:06;5354;50,00;
09:11:09;5372;50,00;
09:11:12;5346;50,00;
09:11:15;5378;50,00;
09:11:21;5382;50,01;
09:11:24;5370;50,01;
09:11:27;5384;50,01;
09:11:30;5374;50,00;
09:11:33;5388;50,00;
09:11:36;5372;50,00;
09:11:39;5390;50,00;
09:11:42;5392;50,00;
09:11:48;5378;50,00;
09:11:51;5400;49,99;
09:11:54;5394;49,99;
09:11:57;5400;49,99;
09:12:00;5386;49,99;
09:12:03;5402;49,99;
09:12:06;5390;50,00;
09:12:09;5406;50,00;
09:12:12;5402;50,01;
09:12:15;5416;50,01;
09:12:18;5408;50,00;
09:12:21;5416;50,00;
09:12:27;5414;50,00;
09:12:30;5410;50,00;
09:12:33;5420;50,00;
09:12:36;5422;50,00;
09:12:39;5424;50,00;
09:12:42;5422;50,00;
09:12:45;5418;50,00;
09:12:48;5428;50,00;
09:12:54;5430;50,00;
09:12:57;5434;50,00;
09:13:03;5436;50,00;
09:13:06;5440;50,00;
09:13:09;5438;50,00;
09:13:12;5444;50,00;
09:13:18;5450;50,00;
09:13:21;5450;49,99;
09:13:24;5452;50,00;
09:13:27;5454;50,00;
09:13:33;5458;50,00;
09:13:36;5464;50,00;
09:13:42;5466;49,99;
09:13:45;5470;49,99;
09:13:51;5450;49,99;
09:13:54;5474;49,99;
09:13:57;5478;50,00;
09:14:00;5476;50,00;
09:14:03;5468;50,00;
09:14:06;5478;50,00;
09:14:09;5484;49,99;
09:14:12;5490;49,99;
09:14:15;5488;49,98;
09:14:21;5498;49,98;
09:14:24;5494;49,98;
09:14:27;5496;49,98;
09:14:30;5512;49,98;
09:14:33;5528;49,98;
09:14:39;5516;49,98;
09:14:42;5544;49,98;
09:14:45;5536;49,98;
09:14:48;5546;49,99;
09:14:51;5536;49,99;
09:14:54;5560;49,99;
09:14:57;5562;49,99;
09:15:00;5552;49,99;
09:15:03;5554;50,00;
09:15:06;5568;50,00;
09:15:12;5570;49,99;
09:15:15;5566;49,98;
09:15:18;5574;49,98;
09:15:24;5580;49,97;
09:15:27;5584;49,97;
09:15:33;5584;49,96;
09:15:36;5594;49,96;
09:15:39;5592;49,96;
09:15:42;5580;49,96;
09:15:45;5594;49,96;
09:15:48;5602;49,96;
09:15:54;5604;49,97;
09:15:57;5606;49,97;
09:16:00;5612;49,97;
09:16:06;5600;49,97;
09:16:09;5616;49,97;
09:16:12;5620;49,97;
09:16:15;5620;49,98;
09:16:18;5624;49,98;
09:16:21;5626;49,98;
09:16:24;5628;49,97;
09:16:30;5634;49,97;
09:16:33;5636;49,98;
09:16:36;5642;49,98;
09:16:42;5648;49,98;
09:16:48;5636;49,98;
09:16:51;5652;49,97;
09:16:54;5652;49,96;
09:16:57;5654;49,96;
09:17:00;5658;49,97;
09:17:03;5660;49,97;
09:17:06;5662;49,97;
09:17:09;5664;49,97;
09:17:12;5652;49,97;
09:17:15;5670;49,97;
09:17:18;5674;49,97;
09:17:21;5672;49,97;
09:17:24;5674;49,97;
09:17:27;5680;49,97;
09:17:36;5674;49,96;
09:17:39;5682;49,96;
09:17:42;5680;49,96;
09:17:45;5686;49,96;
09:17:48;5674;49,97;
09:17:51;5690;49,97;
09:17:54;5690;49,98;
09:17:57;5676;49,98;
09:18:00;5684;49,98;
09:18:03;5698;49,99;
09:18:06;5684;49,99;
09:18:09;5706;50,00;
09:18:12;5692;50,00;
09:18:15;5706;49,99;
09:18:18;5708;49,99;
09:18:21;5710;49,99;
09:18:24;5700;49,98;
09:18:27;5712;49,99;
09:18:30;5698;49,98;
09:18:33;5718;49,98;
09:18:36;5710;49,99;
09:18:42;5710;49,98;
09:18:45;5726;49,98;
09:18:48;5720;49,99;
09:18:51;5732;49,99;
09:18:54;5714;49,99;
09:18:57;5736;49,99;
09:19:00;5738;49,99;
09:19:03;5730;49,99;
09:19:06;5728;50,00;
09:19:09;5744;50,00;
09:19:12;5736;50,00;
09:19:15;5746;50,00;
09:19:18;5736;50,00;
09:19:21;5752;50,00;
09:19:24;5750;50,00;
09:19:30;5748;49,99;
09:19:36;5752;49,98;
09:19:39;5764;49,98;
09:19:42;5756;49,99;
09:19:48;5764;49,99;
09:19:51;5762;50,01;
09:19:54;5774;50,01;
09:19:57;5764;50,01;
09:20:00;5780;50,01;
09:20:03;5774;50,01;
09:20:06;5782;50,01;
09:20:09;5786;50,01;
09:20:12;5794;50,01;
09:20:15;5776;50,01;
09:20:18;5790;50,01;
09:20:21;5776;50,00;
09:20:24;5790;50,00;
09:20:27;5782;50,00;
09:20:33;5786;50,00;
09:20:36;5798;49,99;
09:20:39;5794;49,99;
09:20:42;5804;50,00;
09:20:45;5824;50,00;
09:20:48;5820;50,00;
09:20:51;5844;50,00;
09:20:57;5818;49,99;
09:21:00;5858;50,00;
09:21:03;5864;50,00;
09:21:06;5860;50,00;
09:21:09;5868;50,00;
09:21:12;5882;50,00;
09:21:18;5884;50,00;
09:21:21;5874;50,00;
09:21:24;5888;49,99;
09:21:27;5862;49,99;
09:21:30;5890;49,99;
09:21:33;5878;49,99;
09:21:39;5868;49,99;
09:21:42;5896;49,99;
09:21:45;5888;49,99;
09:21:48;5902;49,99;
09:21:51;5876;49,99;
09:21:54;5902;49,99;
09:21:57;5906;49,99;
09:22:00;5892;49,99;
09:22:03;5884;50,00;
09:22:06;5912;50,00;
09:22:09;5904;50,01;
09:22:12;5918;50,01;
09:22:15;5890;50,00;
09:22:18;5920;50,00;
09:22:27;5896;50,00;
09:22:30;5928;50,01;
09:22:33;5928;50,00;
09:22:36;5924;50,00;
09:22:39;5912;50,00;
09:22:45;5934;50,01;
09:22:48;5922;50,01;
09:22:51;5928;50,01;
09:22:54;5914;50,00;
09:22:57;5940;50,01;
09:23:00;5930;50,01;
09:23:03;5940;50,01;
09:23:06;5944;50,00;
09:23:09;5946;50,00;
09:23:12;5938;50,00;
09:23:15;5952;50,00;
09:23:18;5920;50,00;
09:23:21;5954;50,01;
09:23:24;5946;50,01;
09:23:27;5956;50,01;
09:23:30;5926;50,01;
09:23:33;5958;50,01;
09:23:36;5952;50,01;
09:23:39;5964;50,01;
09:23:42;5936;50,01;
09:23:45;5970;50,01;
09:23:51;5972;50,00;
09:23:54;5944;50,00;
09:23:57;5978;50,00;
09:24:00;5970;50,01;
09:24:03;5984;50,01;
09:24:06;5954;50,01;
09:24:09;5986;50,00;
09:24:12;5986;50,01;
09:24:15;5994;50,01;
09:24:18;5962;50,00;
09:24:21;5994;50,00;
09:24:24;5990;50,00;
09:24:27;5986;50,00;
09:24:30;5966;50,00;
09:24:36;6004;50,00;
09:24:39;6000;49,99;
09:24:42;5988;49,99;
09:24:45;5998;49,99;
09:24:48;6016;50,00;
09:24:51;6002;50,00;
09:24:54;6014;50,00;
09:24:57;5984;50,01;
09:25:00;6014;50,01;
09:25:03;6022;50,00;
09:25:06;5998;50,00;
09:25:09;6026;49,99;
09:25:12;6022;49,99;
09:25:15;6026;49,99;
09:25:18;6030;49,99;
09:25:21;6032;49,99;
09:25:24;6030;50,00;
09:25:27;6036;50,00;
09:25:30;6008;49,99;
09:25:33;6038;49,99;
09:25:36;6040;49,98;
09:25:42;6028;49,98;
09:25:45;6036;49,98;
09:25:48;6052;49,99;
09:25:51;6042;49,99;
09:25:54;6044;49,99;
09:25:57;6026;49,99;
09:26:00;6056;49,99;
09:26:03;6058;49,99;
09:26:06;6060;49,98;
09:26:09;6026;49,98;
09:26:12;6060;49,99;
09:26:15;6058;49,99;
09:26:18;6066;49,99;
09:26:21;6032;49,99;
09:26:24;6068;49,99;
09:26:27;6064;49,99;
09:26:30;6072;49,99;
09:26:33;6038;49,99;
09:26:36;6078;49,99;
09:26:39;6070;50,00;
09:26:42;6082;50,00;
09:26:51;6080;50,00;
09:26:54;6088;50,00;
09:26:57;6066;50,00;
09:27:00;6094;50,00;
09:27:03;6088;50,00;
09:27:06;6096;50,00;
09:27:09;6098;50,00;
09:27:12;6104;50,00;
09:27:15;6094;50,00;
09:27:18;6104;50,00;
09:27:21;6080;50,00;
09:27:24;6108;50,00;
09:27:27;6100;50,00;
09:27:30;6110;49,99;
09:27:33;6098;49,99;
09:27:36;6114;49,99;
09:27:39;6106;49,99;
09:27:42;6120;49,99;
09:27:45;6114;49,99;
09:27:48;6124;50,00;
09:27:54;6126;50,00;
09:28:00;6128;50,00;
09:28:03;6130;50,00;
09:28:06;6132;50,00;
09:28:12;6112;50,00;
09:28:15;6134;50,00;
09:28:18;6140;50,00;
09:28:24;6144;50,00;
09:28:27;6146;50,00;
09:28:33;6148;50,00;
09:28:36;6124;50,00;
09:28:39;6152;50,00;
09:28:42;6154;50,00;
09:28:48;6156;49,99;
09:28:54;6142;49,99;
09:28:57;6158;49,99;
09:29:00;6158;50,00;
09:29:03;6160;50,01;
09:29:06;6152;50,01;
09:29:09;6166;50,01;
09:29:12;6142;50,01;
09:29:15;6170;50,01;
09:29:18;6158;50,01;
09:29:21;6172;50,01;
09:29:24;6150;50,01;
09:29:27;6176;50,00;
09:29:30;6164;50,01;
09:29:33;6178;50,00;
09:29:36;6158;50,00;
09:29:39;6186;50,00;
09:29:48;6168;50,00;
09:29:51;6192;50,00;
09:29:54;6180;50,00;
09:29:57;6198;50,00;
09:30:00;6176;50,00;
09:30:03;6204;50,00;
09:30:09;6206;50,00;
09:30:12;6184;50,00;
09:30:15;6210;50,00;
09:30:18;6196;49,99;
09:30:21;6214;49,99;
09:30:24;6190;49,99;
09:30:27;6218;49,98;
09:30:30;6200;49,98;
09:30:33;6222;49,98;
09:30:36;6210;49,98;
09:30:39;6224;49,97;
09:30:42;6210;49,97;
09:30:45;6230;49,97;
09:30:51;6232;49,97;
09:30:54;6226;49,97;
09:30:57;6238;49,98;
09:31:00;6242;49,98;
09:31:03;6244;49,98;
09:31:06;6242;49,98;
09:31:09;6226;49,98;
09:31:12;6244;49,99;
09:31:15;6246;49,99;
09:31:18;6248;49,99;
09:31:24;6252;49,98;
09:31:27;6254;49,98;
09:31:30;6252;49,98;
09:31:33;6236;49,98;
09:31:36;6256;49,99;
09:31:42;6258;49,99;
09:31:45;6262;49,99;
09:31:48;6264;50,00;
09:31:51;6266;50,00;
09:31:57;6272;50,00;
09:32:00;6270;50,00;
09:32:03;6276;49,99;
09:32:09;6282;49,98;
09:32:15;6260;49,98;
09:32:18;6286;49,98;
09:32:24;6288;49,98;
09:32:27;6290;49,98;
09:32:30;6292;49,98;
09:32:33;6296;49,98;
09:32:36;6298;49,98;
09:32:39;6282;49,98;
09:32:42;6298;49,97;
09:32:48;6302;49,97;
09:32:51;6290;49,97;
09:32:54;6304;49,97;
09:32:57;6300;49,98;
09:33:03;6290;49,98;
09:33:06;6316;49,98;
09:33:09;6298;49,99;
09:33:12;6318;49,99;
09:33:15;6304;49,99;
09:33:18;6322;49,98;
09:33:21;6324;49,98;
09:33:24;6306;49,98;
09:33:27;6328;49,98;
09:33:30;6330;49,98;
09:33:33;6332;49,98;
09:33:36;6334;49,98;
09:33:42;6302;49,98;
09:33:48;6254;49,99;
09:33:51;6338;50,00;
09:33:54;6336;50,00;
09:33:57;6334;50,00;
09:34:00;6326;50,00;
09:34:03;6350;50,00;
09:34:06;6290;49,99;
09:34:09;6348;49,99;
09:34:12;6332;49,98;
09:34:15;6350;49,97;
09:34:18;6352;49,97;
09:34:21;6354;49,97;
09:34:24;6356;49,98;
09:34:30;6338;49,97;
09:34:33;6364;49,97;
09:34:36;6366;49,97;
09:34:39;6368;49,97;
09:34:42;6370;49,97;
09:34:45;6360;49,98;
09:34:48;6376;49,97;
09:34:57;6372;49,98;
09:35:00;6378;49,97;
09:35:03;6380;49,98;
09:35:06;6380;49,97;
09:35:09;6388;49,97;
09:35:12;6372;49,97;
09:35:15;6388;49,97;
09:35:18;6376;49,98;
09:35:21;6394;49,98;
09:35:24;6396;49,98;
09:35:27;6398;49,98;
09:35:33;6398;49,97;
09:35:36;6386;49,97;
09:35:39;6404;49,98;
09:35:42;6410;49,98;
09:35:48;6402;49,99;
09:35:51;6412;49,99;
09:35:54;6398;49,98;
09:36:00;6402;49,98;
09:36:03;6420;49,98;
09:36:06;6404;49,98;
09:36:09;6428;49,98;
09:36:12;6416;49,99;
09:36:15;6432;49,99;
09:36:18;6430;49,99;
09:36:21;6408;49,99;
09:36:24;6426;49,99;
09:36:27;6440;49,99;
09:36:30;6418;50,00;
09:36:33;6442;50,00;
09:36:36;6432;50,00;
09:36:39;6446;50,00;
09:36:42;6448;50,00;
09:36:45;6450;50,00;
09:36:48;6440;49,99;
09:36:51;6454;50,00;
09:36:54;6426;50,00;
09:36:57;6458;50,00;
09:37:00;6448;50,00;
09:37:06;6430;50,00;
09:37:09;6458;49,99;
09:37:12;6452;50,00;
09:37:15;6462;50,00;
09:37:18;6436;50,00;
09:37:21;6466;49,99;
09:37:24;6468;50,00;
09:37:27;6456;50,00;
09:37:30;6444;50,00;
09:37:33;6472;50,00;
09:37:36;6468;49,99;
09:37:39;6476;49,99;
09:37:42;6446;50,00;
09:37:45;6476;50,00;
09:37:48;6478;50,00;
09:37:51;6476;50,00;
09:37:54;6484;50,00;
09:37:57;6472;50,00;
09:38:00;6488;50,00;
09:38:03;6488;50,01;
09:38:06;6498;50,01;
09:38:09;6496;50,01;
09:38:12;6478;50,01;
09:38:15;6494;50,00;
09:38:18;6498;50,00;
09:38:21;6500;50,00;
09:38:24;6502;50,00;
09:38:30;6504;50,00;
09:38:33;6478;50,00;
09:38:36;6510;50,00;
09:38:39;6512;50,00;
09:38:42;6514;50,00;
09:38:45;6518;50,00;
09:38:51;6514;50,00;
09:38:57;6494;50,00;
09:39:00;6520;50,00;
09:39:03;6526;50,01;
09:39:06;6518;50,01;
09:39:09;6502;50,01;
09:39:12;6526;50,00;
09:39:18;6524;50,00;
09:39:21;6498;50,00;
09:39:24;6528;50,00;
09:39:27;6526;50,00;
09:39:30;6528;50,00;
09:39:33;6500;50,00;
09:39:36;6532;50,00;
09:39:39;6530;50,00;
09:39:42;6532;50,00;
09:39:45;6502;50,00;
09:39:48;6538;50,00;
09:39:51;6534;49,99;
09:39:54;6538;49,99;
09:39:57;6512;49,99;
09:40:03;6542;50,00;
09:40:06;6544;50,00;
09:40:09;6516;50,00;
09:40:12;6548;50,00;
09:40:15;6546;50,00;
09:40:21;6550;50,00;
09:40:24;6520;50,00;
09:40:27;6552;50,00;
09:40:30;6554;50,00;
09:40:33;6528;50,00;
09:40:36;6560;50,01;
09:40:39;6566;50,00;
09:40:42;6564;50,00;
09:40:48;6568;50,00;
09:40:51;6572;50,00;
09:40:57;6564;50,00;
09:41:00;6576;50,00;
09:41:03;6596;50,00;
09:41:09;6588;50,00;
09:41:12;6570;50,00;
09:41:15;6596;50,00;
09:41:18;6598;50,01;
09:41:21;6604;50,01;
09:41:24;6574;50,01;
09:41:30;6608;50,01;
09:41:36;6556;50,01;
09:41:39;6610;50,01;
09:41:45;6614;50,01;
09:41:48;6584;50,01;
09:41:51;6616;50,01;
09:41:57;6622;50,01;
09:42:00;6586;50,01;
09:42:03;6622;50,01;
09:42:06;6628;50,01;
09:42:09;6632;50,01;
09:42:15;6636;50,01;
09:42:18;6618;50,01;
09:42:21;6636;50,00;
09:42:24;6578;50,00;
09:42:27;6634;49,99;
09:42:30;6642;49,99;
09:42:33;6644;49,99;
09:42:36;6648;49,99;
09:42:39;6648;50,00;
09:42:42;6652;50,00;
09:42:48;6624;50,00;
09:42:51;6654;50,01;
09:43:00;6626;50,01;
09:43:03;6660;50,01;
09:43:06;6666;50,00;
09:43:09;6664;50,00;
09:43:12;6622;50,00;
09:43:15;6670;50,00;
09:43:18;6672;50,00;
09:43:21;6670;50,00;
09:43:24;6640;49,99;
09:43:27;6676;49,99;
09:43:30;6678;49,98;
09:43:33;6680;49,98;
09:43:36;6652;49,98;
09:43:39;6684;49,98;
09:43:45;6688;49,98;
09:43:48;6668;49,99;
09:43:51;6684;50,00;
09:43:54;6688;50,00;
09:43:57;6698;50,01;
09:44:00;6688;50,01;
09:44:06;6692;50,01;
09:44:09;6704;50,01;
09:44:12;6692;50,01;
09:44:15;6670;50,00;
09:44:18;6700;50,00;
09:44:21;6704;50,00;
09:44:27;6710;50,00;
09:44:30;6710;49,99;
09:44:33;6706;49,99;
09:44:36;6714;49,99;
09:44:39;6686;49,99;
09:44:42;6718;49,99;
09:44:45;6708;49,99;
09:44:48;6718;49,99;
09:44:51;6692;49,98;
09:44:54;6722;49,98;
09:44:57;6716;49,98;
09:45:00;6724;49,99;
09:45:03;6700;49,99;
09:45:06;6726;49,99;
09:45:12;6734;50,00;
09:45:15;6706;50,00;
09:45:18;6738;49,99;
09:45:21;6732;49,99;
09:45:24;6738;49,98;
09:45:27;6704;49,98;
09:45:30;6738;49,98;
09:45:33;6728;49,98;
09:45:36;6748;49,98;
09:45:39;6722;49,98;
09:45:42;6754;49,98;
09:45:45;6748;49,98;
09:45:48;6758;49,98;
09:45:51;6738;49,99;
09:45:54;6754;49,98;
09:45:57;6712;49,99;
09:46:00;6766;50,00;
09:46:03;6760;50,00;
09:46:06;6750;50,00;
09:46:09;6768;50,00;
09:46:12;6776;50,00;
09:46:18;6782;50,00;
09:46:21;6784;49,99;
09:46:24;6788;49,99;
09:46:27;6784;49,99;
09:46:30;6788;49,98;
09:46:33;6788;49,99;
09:46:36;6792;49,99;
09:46:42;6798;50,00;
09:46:48;6802;50,00;
09:46:54;6770;50,01;
09:46:57;6804;50,01;
09:47:06;6792;50,00;
09:47:09;6808;50,00;
09:47:12;6818;50,00;
09:47:15;6808;50,01;
09:47:18;6786;50,00;
09:47:21;6816;50,00;
09:47:24;6820;50,01;
09:47:27;6820;50,00;
09:47:30;6788;50,01;
09:47:33;6830;50,01;
09:47:36;6826;50,01;
09:47:39;6832;50,01;
09:47:42;6798;50,01;
09:47:45;6832;50,01;
09:47:48;6838;50,01;
09:47:51;6838;50,00;
09:47:54;6806;50,01;
09:47:57;6846;50,00;
09:48:03;6850;50,00;
09:48:09;6856;50,00;
09:48:12;6854;50,00;
09:48:15;6840;50,00;
09:48:18;6828;50,01;
09:48:21;6866;50,01;
09:48:24;6864;50,01;
09:48:27;6868;50,01;
09:48:30;6870;50,01;
09:48:33;6876;50,01;
09:48:36;6874;50,01;
09:48:39;6878;50,01;
09:48:42;6842;50,01;
09:48:45;6882;50,01;
09:48:48;6884;50,01;
09:48:54;6846;50,02;
09:48:57;6892;50,02;
09:49:00;6900;50,02;
09:49:03;6896;50,01;
09:49:06;6874;50,01;
09:49:09;6894;50,01;
09:49:15;6896;50,01;
09:49:18;6890;50,01;
09:49:21;6900;50,01;
09:49:27;6904;50,01;
09:49:33;6872;50,01;
09:49:36;6906;50,01;
09:49:39;6910;50,01;
09:49:42;6914;50,01;
09:49:45;6918;50,01;
09:49:48;6916;50,01;
09:49:51;6922;50,01;
09:49:54;6920;50,01;
09:49:57;6884;50,01;
09:50:00;6922;50,01;
09:50:03;6926;50,01;
09:50:09;6930;50,00;
09:50:15;6934;50,00;
09:50:21;6938;49,99;
09:50:24;6940;50,00;
09:50:27;6944;50,01;
09:50:30;6946;50,01;
09:50:33;6952;50,01;
09:50:39;6952;50,00;
09:50:42;6956;50,01;
09:50:45;6958;50,01;
09:50:48;6962;50,01;
09:50:54;6966;50,01;
09:50:57;6964;50,01;
09:51:00;6968;50,01;
09:51:03;6970;50,01;
09:51:06;6968;50,00;
09:51:09;6974;50,00;
09:51:12;6974;49,99;
09:51:15;6978;49,99;
09:51:18;6964;50,00;
09:51:21;6980;50,00;
09:51:27;6984;50,00;
09:51:30;6986;50,00;
09:51:33;6954;50,00;
09:51:36;6990;50,00;
09:51:42;6974;50,00;
09:51:45;6956;50,00;
09:51:48;6996;50,00;
09:51:51;6960;50,00;
09:51:54;6998;50,00;
09:51:57;6964;50,00;
09:52:00;6924;50,01;
09:52:03;6976;50,01;
09:52:06;7004;50,01;
09:52:12;7002;50,01;
09:52:15;7008;50,01;
09:52:18;6988;50,01;
09:52:21;7008;50,01;
09:52:24;7012;50,01;
09:52:30;7004;50,01;
09:52:33;7012;50,01;
09:52:36;7010;50,01;
09:52:39;7014;50,01;
09:52:42;7012;50,01;
09:52:45;7018;50,01;
09:52:48;7016;50,01;
09:52:51;7018;50,01;
09:52:54;7010;50,01;
09:52:57;7020;50,01;
09:53:00;7022;50,01;
09:53:03;7024;50,01;
09:53:06;7016;50,01;
09:53:09;7024;50,01;
09:53:12;7026;50,01;
09:53:18;7032;50,01;
09:53:21;7024;50,00;
09:53:24;7034;50,00;
09:53:27;7034;50,01;
09:53:30;7038;50,01;
09:53:33;7030;50,01;
09:53:36;6994;50,01;
09:53:39;7032;50,01;
09:53:42;7032;50,02;
09:53:45;7042;50,02;
09:53:48;7044;50,02;
09:53:51;7048;50,02;
09:54:00;7036;50,01;
09:54:03;7050;50,02;
09:54:06;7056;50,02;
09:54:12;7042;50,01;
09:54:15;7060;50,01;
09:54:18;7056;50,01;
09:54:24;7020;50,01;
09:54:27;7026;50,01;
09:54:30;7062;50,01;
09:54:33;6914;50,01;
09:54:36;7048;50,01;
09:54:39;7060;50,01;
09:54:42;7052;50,01;
09:54:45;7032;50,01;
09:54:48;7056;50,01;
09:54:51;7074;50,01;
09:54:54;7062;50,01;
09:54:57;7078;50,01;
09:55:00;7060;50,01;
09:55:03;7078;50,01;
09:55:09;7080;50,01;
09:55:12;7070;50,03;
09:55:15;7084;50,03;
09:55:18;7078;50,03;
09:55:21;7086;50,03;
09:55:24;7070;50,02;
09:55:30;7076;50,02;
09:55:33;7096;50,02;
09:55:36;7080;50,02;
09:55:39;7072;50,02;
09:55:42;7068;50,02;
09:55:45;7092;50,02;
09:55:48;7098;50,02;
09:55:51;7088;50,02;
09:55:54;7078;50,02;
09:55:57;7102;50,03;
09:56:00;7104;50,03;
09:56:03;7110;50,02;
09:56:06;7100;50,01;
09:56:09;7106;50,01;
09:56:15;7110;50,01;
09:56:18;7034;50,01;
09:56:21;7084;50,01;
09:56:24;7098;50,01;
09:56:27;7100;50,01;
09:56:30;7100;50,00;
09:56:33;7112;50,00;
09:56:36;7094;50,00;
09:56:39;7118;50,01;
09:56:45;7116;50,01;
09:56:48;7118;50,01;
09:56:51;7122;50,01;
09:56:54;7124;50,01;
09:56:57;7102;50,01;
09:57:00;7120;50,01;
09:57:06;7126;50,01;
09:57:09;7124;50,01;
09:57:12;7128;50,01;
09:57:15;7100;50,01;
09:57:21;7124;50,01;
09:57:24;7132;50,01;
09:57:27;7120;50,01;
09:57:30;7138;50,01;
09:57:33;7118;50,01;
09:57:36;7142;50,01;
09:57:42;7134;50,01;
09:57:45;7124;50,01;
09:57:48;7148;50,01;
09:57:51;7132;50,01;
09:57:54;7154;50,02;
09:57:57;7132;50,02;
09:58:00;7154;50,02;
09:58:03;7154;50,01;
09:58:06;7156;50,01;
09:58:09;7138;50,01;
09:58:12;7164;50,01;
09:58:15;7152;50,01;
09:58:18;7166;50,01;
09:58:21;7144;50,01;
09:58:27;7160;50,01;
09:58:30;7172;50,01;
09:58:33;7152;50,01;
09:58:36;7172;50,01;
09:58:39;7132;50,02;
09:58:42;7174;50,02;
09:58:45;7166;50,02;
09:58:48;7112;50,02;
09:58:51;7176;50,02;
09:58:54;7168;50,02;
09:58:57;7156;50,02;
09:59:00;7184;50,02;
09:59:03;7182;50,02;
09:59:06;7180;50,02;
09:59:09;7188;50,01;
09:59:12;7190;50,02;
09:59:15;7178;50,03;
09:59:18;7194;50,03;
09:59:21;7164;50,03;
09:59:24;7192;50,03;
09:59:27;7182;50,02;
09:59:33;7178;50,02;
09:59:36;7200;50,02;
09:59:39;7186;50,02;
09:59:42;7194;50,02;
09:59:45;7168;50,02;
09:59:48;7196;50,02;
09:59:51;7194;50,02;
09:59:54;7188;50,01;
09:59:57;7170;50,01;
10:00:00;7198;50,01;
10:00:03;7186;50,01;
10:00:06;7204;50,01;
10:00:09;7196;50,01;
10:00:12;7194;50,01;
10:00:15;7210;50,01;
10:00:18;7208;50,00;
10:00:21;7210;50,00;
10:00:24;7192;50,00;
10:00:27;7214;49,99;
10:00:30;7208;49,99;
10:00:33;7216;49,99;
10:00:36;7218;49,99;
10:00:39;7198;49,99;
10:00:42;7210;49,98;
10:00:45;7226;49,98;
10:00:48;7208;49,97;
10:00:51;7228;49,97;
10:00:54;7176;49,97;
10:00:57;7232;49,98;
10:01:00;7234;49,98;
10:01:03;7236;49,97;
10:01:06;7196;49,96;
10:01:09;7242;49,96;
10:01:12;7222;49,96;
10:01:15;7246;49,97;
10:01:18;7162;49,97;
10:01:24;7232;49,97;
10:01:27;7182;49,96;
10:01:30;7240;49,96;
10:01:33;7256;49,96;
10:01:36;7228;49,96;
10:01:39;7254;49,96;
10:01:42;7256;49,96;
10:01:45;7254;49,96;
10:01:48;7246;49,96;
10:01:51;7266;49,96;
10:01:54;7248;49,97;
10:01:57;7266;49,97;
10:02:00;7248;49,97;
10:02:03;7268;49,97;
10:02:06;7272;49,97;
10:02:09;7270;49,96;
10:02:12;7262;49,96;
10:02:15;7258;49,96;
10:02:21;7268;49,96;
10:02:24;7270;49,96;
10:02:30;7266;49,96;
10:02:33;7222;49,96;
10:02:36;7270;49,96;
10:02:39;7268;49,95;
10:02:42;7284;49,96;
10:02:45;7268;49,96;
10:02:48;7286;49,96;
10:02:51;7288;49,96;
10:02:54;7280;49,97;
10:02:57;7274;49,97;
10:03:00;7296;49,97;
10:03:03;7276;49,96;
10:03:06;7302;49,96;
10:03:09;7284;49,96;
10:03:12;7304;49,96;
10:03:15;7264;49,96;
10:03:18;7304;49,96;
10:03:21;7298;49,96;
10:03:24;7314;49,96;
10:03:27;7296;49,96;
10:03:30;7318;49,96;
10:03:36;7320;49,96;
10:03:39;7304;49,96;
10:03:42;7322;49,96;
10:03:45;7306;49,96;
10:03:48;7326;49,96;
10:03:51;7306;49,97;
10:03:54;7326;49,97;
10:04:00;7332;49,97;
10:04:03;7314;49,97;
10:04:06;7338;49,96;
10:04:09;7322;49,96;
10:04:12;7340;49,96;
10:04:15;7324;49,96;
10:04:18;7342;49,96;
10:04:21;7330;49,96;
10:04:24;7348;49,96;
10:04:27;7330;49,96;
10:04:30;7348;49,96;
10:04:33;7332;49,95;
10:04:36;7356;49,96;
10:04:42;7362;49,96;
10:04:45;7346;49,96;
10:04:48;7366;49,96;
10:04:51;7344;49,96;
10:04:54;7366;49,96;
10:04:57;7348;49,96;
10:05:00;7368;49,96;
10:05:06;7372;49,95;
10:05:09;7358;49,95;
10:05:12;7384;49,96;
10:05:15;7348;49,96;
10:05:18;7370;49,96;
10:05:21;7382;49,96;
10:05:27;7388;49,96;
10:05:30;7372;49,96;
10:05:33;7386;49,96;
10:05:36;7380;49,96;
10:05:39;7396;49,97;
10:05:42;7380;49,97;
10:05:45;7398;49,97;
10:05:51;7402;49,98;
10:05:54;7382;49,98;
10:05:57;7402;49,98;
10:06:00;7384;49,98;
10:06:03;7402;49,97;
10:06:06;7384;49,97;
10:06:09;7400;49,98;
10:06:12;7388;49,99;
10:06:15;7400;49,99;
10:06:18;7386;49,99;
10:06:21;7408;49,98;
10:06:24;7390;49,98;
10:06:27;7412;49,97;
10:06:33;7410;49,97;
10:06:36;7396;49,97;
10:06:39;7416;49,97;
10:06:42;7400;49,97;
10:06:45;7424;49,98;
10:06:48;7404;49,98;
10:06:51;7420;49,98;
10:06:54;7422;49,98;
10:06:57;7418;49,98;
10:07:00;7404;49,98;
10:07:03;7424;49,98;
10:07:06;7408;49,98;
10:07:09;7426;49,98;
10:07:12;7408;49,98;
10:07:15;7432;49,98;
10:07:18;7424;49,98;
10:07:21;7434;49,98;
10:07:24;7414;49,98;
10:07:27;7430;49,98;
10:07:30;7416;49,98;
10:07:33;7430;49,98;
10:07:39;7434;49,98;
10:07:42;7418;49,98;
10:07:45;7436;49,98;
10:07:48;7440;49,98;
10:07:51;7442;49,98;
10:07:54;7452;49,97;
10:07:57;7438;49,97;
10:08:00;7450;49,97;
10:08:03;7454;49,97;
10:08:06;7456;49,97;
10:08:09;7456;49,96;
10:08:21;7440;49,96;
10:08:24;7462;49,97;
10:08:27;7464;49,96;
10:08:30;7468;49,96;
10:08:33;7470;49,96;
10:08:36;7456;49,96;
10:08:39;7474;49,96;
10:08:45;7470;49,96;
10:08:48;7472;49,96;
10:08:51;7476;49,96;
10:08:54;7484;49,96;
10:08:57;7490;49,97;
10:09:00;7492;49,97;
10:09:03;7474;49,97;
10:09:06;7494;49,97;
10:09:09;7500;49,97;
10:09:12;7500;49,96;
10:09:15;7504;49,96;
10:09:18;7502;49,96;
10:09:21;7506;49,96;
10:09:24;7508;49,96;
10:09:30;7510;49,96;
10:09:33;7492;49,97;
10:09:36;7516;49,96;
10:09:39;7496;49,96;
10:09:42;7516;49,96;
10:09:45;7500;49,96;
10:09:48;7518;49,96;
10:09:51;7516;49,96;
10:09:54;7522;49,97;
10:09:57;7502;49,97;
10:10:00;7526;49,97;
10:10:03;7510;49,98;
10:10:06;7526;49,98;
10:10:09;7510;49,98;
10:10:12;7526;49,98;
10:10:15;7508;49,97;
10:10:18;7520;49,97;
10:10:21;7524;49,97;
10:10:24;7532;49,98;
10:10:27;7522;49,97;
10:10:30;7528;49,97;
10:10:36;7536;49,96;
10:10:39;7540;49,97;
10:10:42;7536;49,97;
10:10:45;7538;49,97;
10:10:48;7544;49,96;
10:10:51;7522;49,96;
10:10:54;7524;49,96;
10:10:57;7548;49,96;
10:11:00;7556;49,96;
10:11:03;7548;49,96;
10:11:06;7550;49,96;
10:11:09;7552;49,96;
10:11:15;7562;49,96;
10:11:18;7526;49,96;
10:11:21;7524;49,97;
10:11:24;7526;49,97;
10:11:27;7528;49,97;
10:11:30;7534;49,98;
10:11:33;7560;49,97;
10:11:36;7524;49,97;
10:11:42;7506;49,97;
10:11:45;7576;49,97;
10:11:51;7582;49,97;
10:11:54;7584;49,98;
10:11:57;7582;49,98;
10:12:00;7550;49,98;
10:12:03;7586;49,98;
10:12:06;7590;49,98;
10:12:09;7586;49,98;
10:12:15;7508;49,98;
10:12:18;7578;49,98;
10:12:21;7596;49,98;
10:12:24;7586;49,98;
10:12:27;7592;49,98;
10:12:30;7588;49,98;
10:12:36;7542;49,98;
10:12:39;7594;49,97;
10:12:42;7580;49,98;
10:12:48;7578;49,97;
10:12:51;7598;49,97;
10:12:54;7582;49,98;
10:12:57;7602;49,98;
10:13:00;7588;49,97;
10:13:03;7574;49,98;
10:13:06;7600;49,98;
10:13:09;7570;49,97;
10:13:12;7596;49,98;
10:13:15;7604;49,98;
10:13:18;7594;49,98;
10:13:21;7616;49,97;
10:13:24;7602;49,97;
10:13:27;7618;49,97;
10:13:30;7576;49,97;
10:13:33;7618;49,97;
10:13:36;7610;49,97;
10:13:39;7634;49,97;
10:13:42;7612;49,97;
10:13:48;7616;49,96;
10:13:54;7622;49,97;
10:13:57;7640;49,98;
10:14:03;7648;49,98;
10:14:06;7636;49,98;
10:14:09;7640;49,98;
10:14:15;7634;49,98;
10:14:18;7652;49,98;
10:14:24;7654;49,98;
10:14:27;7658;49,97;
10:14:33;7662;49,97;
10:14:39;7636;49,97;
10:14:42;7666;49,97;
10:14:45;7658;49,97;
10:14:48;7636;49,97;
10:14:51;7666;49,97;
10:14:54;7646;49,97;
10:14:57;7628;49,98;
10:15:00;7674;49,98;
10:15:03;7672;49,98;
10:15:06;7676;49,97;
10:15:09;7678;49,97;
10:15:12;7678;49,96;
10:15:18;7676;49,96;
10:15:21;7658;49,96;
10:15:24;7684;49,95;
10:15:27;7674;49,96;
10:15:30;7646;49,95;
10:15:33;7680;49,95;
10:15:36;7686;49,95;
10:15:39;7668;49,95;
10:15:45;7670;49,95;
10:15:48;7684;49,96;
10:15:51;7668;49,95;
10:15:54;7686;49,96;
10:15:57;7668;49,96;
10:16:00;7688;49,96;
10:16:06;7672;49,96;
10:16:09;7668;49,96;
10:16:12;7688;49,96;
10:16:15;7678;49,96;
10:16:18;7694;49,96;
10:16:21;7674;49,96;
10:16:24;7696;49,96;
10:16:27;7694;49,97;
10:16:30;7696;49,97;
10:16:33;7672;49,96;
10:16:36;7698;49,96;
10:16:39;7684;49,96;
10:16:42;7698;49,96;
10:16:45;7676;49,96;
10:16:51;7684;49,95;
10:16:54;7698;49,96;
10:16:57;7684;49,96;
10:17:00;7704;49,96;
10:17:03;7690;49,96;
10:17:06;7664;49,96;
10:17:09;7652;49,96;
10:17:12;7686;49,96;
10:17:15;7666;49,96;
10:17:18;7708;49,97;
10:17:21;7692;49,96;
10:17:24;7718;49,96;
10:17:27;7700;49,96;
10:17:30;7702;49,96;
10:17:33;7718;49,96;
10:17:36;7702;49,96;
10:17:39;7712;49,95;
10:17:42;7716;49,96;
10:17:48;7706;49,96;
10:17:51;7726;49,96;
10:17:57;7732;49,96;
10:18:00;7688;49,96;
10:18:03;7734;49,96;
10:18:06;7720;49,96;
10:18:09;7742;49,96;
10:18:12;7714;49,96;
10:18:15;7742;49,96;
10:18:18;7748;49,97;
10:18:24;7722;49,96;
10:18:27;7754;49,96;
10:18:30;7734;49,96;
10:18:33;7758;49,96;
10:18:36;7724;49,97;
10:18:42;7740;49,97;
10:18:45;7762;49,97;
10:18:48;7734;49,98;
10:18:51;7758;49,98;
10:18:54;7752;49,98;
10:18:57;7762;49,98;
10:19:00;7766;49,98;
10:19:03;7738;49,98;
10:19:06;7754;49,98;
10:19:09;7774;49,98;
10:19:12;7748;49,99;
10:19:15;7776;49,99;
10:19:18;7756;49,98;
10:19:21;7778;49,98;
10:19:27;7782;49,98;
10:19:30;7766;49,99;
10:19:33;7790;49,99;
10:19:36;7736;49,99;
10:19:39;7786;49,98;
10:19:42;7776;49,98;
10:19:48;7764;49,99;
10:19:51;7796;49,99;
10:19:54;7774;49,99;
10:19:57;7796;49,99;
10:20:00;7772;49,98;
10:20:03;7800;49,98;
10:20:09;7780;49,98;
10:20:12;7774;49,99;
10:20:15;7804;49,99;
10:20:18;7784;49,99;
10:20:21;7808;49,99;
10:20:24;7788;49,98;
10:20:27;7806;49,98;
10:20:30;7808;49,97;
10:20:33;7812;49,97;
10:20:36;7804;49,96;
10:20:39;7800;49,97;
10:20:42;7810;49,97;
10:20:45;7790;49,98;
10:20:48;7802;49,98;
10:20:54;7818;49,98;
10:20:57;7804;49,98;
10:21:00;7822;49,97;
10:21:03;7794;49,98;
10:21:06;7826;49,98;
10:21:09;7804;49,98;
10:21:12;7822;49,98;
10:21:15;7826;49,98;
10:21:18;7824;49,97;
10:21:21;7794;49,98;
10:21:24;7788;49,98;
10:21:27;7804;49,98;
10:21:30;7824;49,97;
10:21:33;7794;49,97;
10:21:36;7826;49,97;
10:21:39;7824;49,98;
10:21:42;7818;49,98;
10:21:45;7774;49,98;
10:21:48;7818;49,98;
10:21:51;7838;49,98;
10:21:54;7836;49,98;
10:22:00;7840;49,98;
10:22:03;7822;49,98;
10:22:06;7846;49,98;
10:22:09;7818;49,98;
10:22:12;7848;49,98;
10:22:15;7814;49,98;
10:22:18;7842;49,98;
10:22:24;7792;49,98;
10:22:27;7814;49,98;
10:22:30;7840;49,98;
10:22:33;7836;49,98;
10:22:36;7856;49,99;
10:22:39;7852;49,99;
10:22:42;7842;49,98;
10:22:45;7846;49,98;
10:22:48;7862;49,99;
10:22:51;7866;49,99;
10:22:54;7864;49,99;
10:22:57;7860;49,99;
10:23:00;7864;50,00;
10:23:09;7866;50,00;
10:23:12;7838;49,99;
10:23:15;7864;49,99;
10:23:18;7860;50,00;
10:23:21;7870;50,00;
10:23:24;7848;50,00;
10:23:27;7874;50,00;
10:23:30;7872;50,00;
10:23:33;7880;50,00;
10:23:36;7850;50,00;
10:23:39;7882;50,00;
10:23:42;7878;50,00;
10:23:45;7884;50,00;
10:23:51;7876;50,00;
10:23:54;7864;50,00;
10:23:57;7876;50,00;
10:24:00;7848;50,00;
10:24:03;7878;50,00;
10:24:06;7858;49,99;
10:24:09;7878;49,99;
10:24:15;7878;49,98;
10:24:18;7880;49,98;
10:24:21;7882;49,97;
10:24:24;7850;49,97;
10:24:27;7884;49,96;
10:24:30;7872;49,97;
10:24:33;7888;49,97;
10:24:36;7838;49,98;
10:24:39;7886;49,98;
10:24:42;7880;49,98;
10:24:45;7898;49,98;
10:24:48;7866;49,98;
10:24:51;7902;49,98;
10:24:57;7908;49,99;
10:25:00;7876;49,99;
10:25:03;7914;49,99;
10:25:06;7898;49,99;
10:25:09;7914;49,99;
10:25:12;7882;49,99;
10:25:15;7916;49,99;
10:25:18;7918;49,99;
10:25:21;7902;49,98;
10:25:24;7886;49,98;
10:25:27;7928;49,98;
10:25:30;7918;49,98;
10:25:33;7932;49,98;
10:25:36;7902;49,98;
10:25:39;7918;49,98;
10:25:42;7930;49,98;
10:25:45;7936;49,98;
10:25:48;7924;49,98;
10:25:51;7936;49,98;
10:25:54;7938;49,97;
10:25:57;7934;49,97;
10:26:03;7938;49,97;
10:26:06;7934;49,98;
10:26:09;7938;49,98;
10:26:12;7896;49,98;
10:26:15;7922;50,00;
10:26:18;7924;49,99;
10:26:21;7940;50,00;
10:26:24;7902;50,00;
10:26:27;7938;49,99;
10:26:33;7940;49,99;
10:26:36;7928;49,99;
10:26:39;7930;49,99;
10:26:45;7944;49,99;
10:26:48;7932;49,99;
10:26:51;7938;49,99;
10:26:57;7936;50,00;
10:27:03;7948;50,01;
10:27:18;7946;50,00;
10:27:21;7944;50,00;
10:27:24;7942;49,99;
10:27:27;7906;49,99;
10:27:30;7948;49,98;
10:27:33;7952;49,98;
10:27:36;7948;49,98;
10:27:39;7926;49,98;
10:27:42;7950;49,98;
10:27:45;7958;49,98;
10:27:48;7954;49,98;
10:27:57;7958;49,98;
10:28:00;7956;49,98;
10:28:06;7954;49,98;
10:28:09;7952;49,98;
10:28:12;7960;49,98;
10:28:15;7950;49,98;
10:28:18;7960;49,98;
10:28:21;7956;49,97;
10:28:24;7954;49,98;
10:28:27;7918;49,98;
10:28:30;7950;49,98;
10:28:33;7964;49,98;
10:28:36;7966;49,98;
10:28:39;7936;49,98;
10:28:42;7966;49,98;
10:28:45;7972;49,98;
10:28:48;7968;49,99;
10:28:51;7958;49,99;
10:28:54;7988;50,00;
10:29:00;8000;50,00;
10:29:09;8002;50,00;
10:29:12;8008;50,00;
10:29:15;8010;50,00;
10:29:18;7960;50,00;
10:29:21;8014;50,00;
10:29:24;8018;50,00;
10:29:30;8028;50,00;
10:29:36;8026;50,00;
10:29:39;8030;50,00;
10:29:42;7976;50,00;
10:29:45;8020;50,00;
10:29:48;8032;50,00;
10:29:51;8024;50,00;
10:29:54;8040;50,00;
10:29:57;8042;50,00;
10:30:00;8038;50,00;
10:30:06;8056;50,00;
10:30:12;8058;50,00;
10:30:24;8050;50,00;
10:30:27;8060;50,00;
10:30:30;8056;49,99;
10:30:33;8052;49,99;
10:30:36;8062;49,98;
10:30:39;8056;49,98;
10:30:42;8046;49,98;
10:30:45;8058;49,99;
10:30:48;8064;49,99;
10:30:51;8058;49,99;
10:30:54;8036;49,98;
10:30:57;8064;49,98;
10:31:00;8074;49,98;
10:31:03;8076;49,98;
10:31:06;8030;49,98;
10:31:12;8082;49,97;
10:31:15;8076;49,97;
10:31:18;8034;49,97;
10:31:21;8076;49,97;
10:31:24;8070;49,97;
10:31:27;8084;49,98;
10:31:30;8082;49,97;
10:31:33;8036;49,97;
10:31:36;8088;49,96;
10:31:39;8080;49,96;
10:31:42;8038;49,96;
10:31:45;8078;49,97;
10:31:48;8086;49,97;
10:31:51;8070;49,97;
10:31:54;8074;49,97;
10:31:57;8076;49,98;
10:32:00;8084;49,97;
10:32:03;8074;49,97;
10:32:06;8024;49,97;
10:32:09;8052;49,97;
10:32:12;8090;49,97;
10:32:15;8094;49,97;
10:32:18;8034;49,97;
10:32:21;8094;49,96;
10:32:30;8090;49,97;
10:32:33;8088;49,97;
10:32:39;8094;49,97;
10:32:42;8100;49,98;
10:32:45;8088;49,98;
10:32:48;8088;49,97;
10:32:51;8066;49,97;
10:32:54;8056;49,98;
10:32:57;8090;49,98;
10:33:03;8116;49,99;
10:33:06;8112;49,99;
10:33:09;8068;49,99;
10:33:12;8122;49,99;
10:33:15;8110;49,99;
10:33:18;8128;49,98;
10:33:21;8078;49,98;
10:33:24;8128;49,98;
10:33:27;8118;49,99;
10:33:30;8128;50,00;
10:33:33;8078;49,99;
10:33:36;8130;49,99;
10:33:39;8068;49,99;
10:33:42;8132;50,00;
10:33:45;8106;50,00;
10:33:48;8150;49,99;
10:33:51;8146;49,99;
10:33:54;8152;49,99;
10:33:57;8108;50,00;
10:34:00;8154;49,99;
10:34:03;8156;49,99;
10:34:09;8106;50,00;
10:34:12;8160;50,00;
10:34:15;8154;50,00;
10:34:18;8144;50,00;
10:34:21;8124;50,01;
10:34:24;8158;50,01;
10:34:27;8152;50,00;
10:34:30;8122;50,00;
10:34:33;8148;50,00;
10:34:36;8152;50,00;
10:34:39;8170;50,00;
10:34:42;8168;50,00;
10:34:45;8070;49,99;
10:34:48;8136;49,99;
10:34:51;8178;49,99;
10:34:54;8170;49,99;
10:34:57;8126;50,00;
10:35:00;8168;50,00;
10:35:03;8176;50,00;
10:35:09;8124;50,00;
10:35:15;8182;50,00;
10:35:18;8184;50,00;
10:35:21;8142;50,00;
10:35:24;8196;50,00;
10:35:27;8190;50,00;
10:35:30;8192;50,00;
10:35:33;8200;50,00;
10:35:36;8156;50,00;
10:35:39;8192;49,99;
10:35:42;8200;49,99;
10:35:45;8182;49,99;
10:35:48;8196;49,98;
10:35:51;8204;49,98;
10:35:54;8200;49,98;
10:35:57;8204;49,98;
10:36:00;8164;49,98;
10:36:03;8204;49,98;
10:36:06;8200;49,98;
10:36:09;8204;49,98;
10:36:12;8158;49,98;
10:36:15;8208;49,98;
10:36:21;8192;49,99;
10:36:24;8166;49,99;
10:36:27;8196;50,00;
10:36:30;8166;50,00;
10:36:33;8208;49,99;
10:36:36;8128;49,99;
10:36:39;8208;49,98;
10:36:42;8204;49,98;
10:36:48;8120;49,98;
10:36:51;8190;49,98;
10:36:54;8196;49,98;
10:36:57;8208;49,98;
10:37:00;8164;49,98;
10:37:06;8204;50,00;
10:37:09;8220;50,00;
10:37:12;8162;50,00;
10:37:15;8216;50,00;
10:37:18;8208;49,99;
10:37:21;8196;49,98;
10:37:24;8220;49,98;
10:37:27;8180;49,98;
10:37:30;8208;49,97;
10:37:33;8216;49,97;
10:37:36;8180;49,97;
10:37:39;8220;49,98;
10:37:42;8212;49,98;
10:37:45;8224;49,98;
10:37:48;8220;49,99;
10:37:51;8228;49,99;
10:37:54;8212;49,99;
10:37:57;8220;49,99;
10:38:00;8182;50,00;
10:38:03;8228;50,00;
10:38:06;8216;49,99;
10:38:12;8196;49,99;
10:38:15;8224;49,99;
10:38:18;8220;50,00;
10:38:21;8228;50,00;
10:38:24;8192;49,99;
10:38:27;8232;49,98;
10:38:30;8236;49,98;
10:38:33;8228;49,98;
10:38:36;8204;49,98;
10:38:39;8240;49,98;
10:38:42;8236;49,98;
10:38:48;8224;49,98;
10:38:51;8236;49,98;
10:38:54;8248;49,98;
10:38:57;8244;49,99;
10:39:00;8232;50,00;
10:39:03;8216;50,00;
10:39:06;8248;50,00;
10:39:12;8252;49,99;
10:39:18;8240;49,98;
10:39:21;8244;49,98;
10:39:24;8252;49,98;
10:39:27;8220;49,98;
10:39:30;8252;49,98;
10:39:33;8248;49,98;
10:39:39;8252;49,98;
10:39:42;8256;49,99;
10:39:45;8248;49,99;
10:39:48;8264;49,99;
10:39:51;8232;49,99;
10:39:54;8260;49,98;
10:39:57;8252;49,98;
10:40:00;8264;49,98;
10:40:03;8236;49,99;
10:40:06;8268;49,99;
10:40:09;8248;49,98;
10:40:12;8268;49,98;
10:40:15;8232;49,98;
10:40:18;8268;49,98;
10:40:24;8272;49,97;
10:40:27;8240;49,97;
10:40:30;8260;49,97;
10:40:33;8256;49,98;
10:40:36;8268;49,98;
10:40:39;8240;49,98;
10:40:42;8280;49,98;
10:40:45;8284;49,99;
10:40:48;8288;49,99;
10:40:51;8260;50,00;
10:40:54;8292;50,00;
10:40:57;8280;50,00;
10:41:00;8288;50,00;
10:41:06;8268;50,00;
10:41:09;8292;49,99;
10:41:12;8284;49,98;
10:41:15;8288;49,98;
10:41:18;8264;49,98;
10:41:21;8300;49,98;
10:41:24;8284;49,98;
10:41:27;8276;49,98;
10:41:30;8296;49,98;
10:41:33;8304;49,98;
10:41:36;8284;49,98;
10:41:39;8304;49,98;
10:41:42;8268;49,99;
10:41:45;8304;49,99;
10:41:48;8284;49,99;
10:41:51;8300;50,00;
10:41:54;8264;50,00;
10:41:57;8300;50,00;
10:42:00;8276;49,99;
10:42:03;8312;49,99;
10:42:06;8280;49,99;
10:42:09;8312;50,00;
10:42:15;8308;50,00;
10:42:18;8292;50,00;
10:42:21;8304;49,99;
10:42:24;8284;49,99;
10:42:27;8304;49,99;
10:42:30;8312;49,99;
10:42:33;8308;49,99;
10:42:36;8328;50,00;
10:42:39;8336;50,00;
10:42:42;8304;50,01;
10:42:45;8344;50,01;
10:42:48;8332;50,01;
10:42:51;8332;50,00;
10:42:54;8304;50,00;
10:42:57;8332;50,00;
10:43:00;8292;50,00;
10:43:03;8316;50,00;
10:43:06;8276;50,01;
10:43:09;8296;50,01;
10:43:12;8292;50,01;
10:43:15;8320;50,01;
10:43:21;8312;50,00;
10:43:24;8296;50,00;
10:43:27;8316;50,00;
10:43:30;8320;50,00;
10:43:36;8300;50,00;
10:43:39;8328;50,00;
10:43:42;8324;50,00;
10:43:45;8328;50,01;
10:43:48;8308;50,01;
10:43:51;8336;50,00;
10:43:54;8332;50,00;
10:43:57;8332;49,99;
10:44:00;8328;49,99;
10:44:03;8324;50,00;
10:44:06;8344;50,00;
10:44:09;8336;50,00;
10:44:12;8340;50,00;
10:44:15;8336;50,00;
10:44:18;8352;50,00;
10:44:27;8356;49,99;
10:44:33;8312;50,00;
10:44:36;8368;49,99;
10:44:39;8368;50,00;
10:44:42;8372;50,00;
10:44:45;8344;50,00;
10:44:48;8376;50,00;
10:44:51;8372;50,00;
10:44:54;8376;50,00;
10:44:57;8376;49,99;
10:45:00;8376;50,00;
10:45:06;8380;49,99;
10:45:12;8360;49,98;
10:45:15;8380;49,98;
10:45:18;8384;49,98;
10:45:24;8388;49,98;
10:45:27;8380;49,98;
10:45:33;8388;49,98;
10:45:36;8344;49,98;
10:45:39;8324;49,97;
10:45:42;8400;49,98;
10:45:45;8360;49,98;
10:45:48;8392;49,98;
10:45:51;8376;49,99;
10:45:54;8392;49,99;
10:45:57;8396;49,99;
10:46:00;8380;49,99;
10:46:03;8388;49,99;
10:46:06;8404;49,99;
10:46:09;8396;49,99;
10:46:12;8404;49,99;
10:46:18;8408;50,00;
10:46:21;8408;49,99;
10:46:30;8408;49,98;
10:46:36;8400;49,98;
10:46:39;8404;49,98;
10:46:42;8400;49,98;
10:46:45;8392;49,99;
10:46:48;8396;49,99;
10:46:51;8372;50,00;
10:46:54;8388;50,00;
10:46:57;8384;50,00;
10:47:00;8388;49,99;
10:47:03;8376;50,00;
10:47:06;8388;49,99;
10:47:09;8388;50,00;
10:47:12;8372;50,00;
10:47:15;8388;50,00;
10:47:30;8392;50,00;
10:47:33;8396;49,99;
10:47:39;8396;49,98;
10:47:42;8380;49,98;
10:47:45;8400;49,98;
10:47:48;8404;49,99;
10:47:51;8404;49,98;
10:48:00;8400;49,98;
10:48:06;8376;49,98;
10:48:09;8396;49,98;
10:48:12;8392;49,98;
10:48:15;8396;49,98;
10:48:18;8400;49,98;
10:48:21;8396;49,98;
10:48:24;8400;49,98;
10:48:30;8408;49,98;
10:48:36;8404;49,98;
10:48:39;8412;49,98;
10:48:42;8412;49,99;
10:48:48;8408;49,99;
10:48:51;8412;50,00;
10:48:54;8416;50,00;
10:49:00;8420;50,00;
10:49:06;8416;50,00;
10:49:09;8432;50,00;
10:49:15;8436;50,00;
10:49:18;8416;50,00;
10:49:21;8428;50,00;
10:49:24;8420;50,00;
10:49:27;8424;50,00;
10:49:30;8408;50,00;
10:49:36;8420;50,00;
10:49:39;8428;50,00;
10:49:42;8412;50,00;
10:49:45;8428;49,99;
10:49:48;8424;49,98;
10:49:51;8428;49,98;
10:49:57;8408;49,98;
10:50:00;8420;49,98;
10:50:03;8428;49,98;
10:50:06;8416;49,98;
10:50:09;8436;49,98;
10:50:15;8444;49,98;
10:50:21;8448;49,98;
10:50:27;8452;49,98;
10:50:30;8452;49,97;
10:50:33;8456;49,97;
10:50:39;8452;49,97;
10:50:42;8460;49,97;
10:50:45;8464;49,97;
10:50:54;8468;49,98;
10:50:57;8472;49,98;
10:51:00;8476;49,97;
10:51:03;8468;49,97;
10:51:06;8480;49,98;
10:51:09;8476;49,98;
10:51:12;8484;49,98;
10:51:18;8488;49,98;
10:51:30;8492;49,98;
10:51:33;8496;49,98;
10:51:36;8492;49,98;
10:51:39;8496;49,98;
10:51:42;8500;49,98;
10:51:45;8488;49,98;
10:51:48;8500;49,99;
10:51:51;8508;49,99;
10:52:06;8520;49,99;
10:52:09;8512;49,98;
10:52:12;8516;49,98;
10:52:15;8512;49,98;
10:52:18;8520;49,97;
10:52:21;8504;49,97;
10:52:24;8520;49,97;
10:52:27;8516;49,97;
10:52:33;8508;49,97;
10:52:36;8460;49,97;
10:52:39;8488;49,97;
10:52:42;8520;49,97;
10:52:48;8524;49,97;
10:52:51;8532;49,98;
10:52:54;8516;49,98;
10:52:57;8520;49,98;
10:53:00;8536;49,98;
10:53:03;8528;49,98;
10:53:06;8536;49,98;
10:53:09;8520;49,98;
10:53:12;8536;49,98;
10:53:15;8544;49,99;
10:53:18;8552;49,99;
10:53:21;8540;50,00;
10:53:24;8556;49,99;
10:53:30;8564;49,99;
10:53:33;8548;49,99;
10:53:39;8572;50,00;
10:53:42;8580;50,00;
10:53:45;8564;49,99;
10:53:48;8588;49,99;
10:53:51;8584;49,98;
10:53:54;8592;49,98;
10:53:57;8592;49,99;
10:54:00;8576;49,99;
10:54:03;8596;49,99;
10:54:06;8600;49,99;
10:54:09;8592;49,99;
10:54:12;8588;49,99;
10:54:15;8600;49,99;
10:54:18;8596;49,98;
10:54:24;8580;49,98;
10:54:27;8604;49,99;
10:54:30;8600;49,99;
10:54:33;8604;49,99;
10:54:36;8584;49,99;
10:54:39;8608;49,99;
10:54:45;8612;49,98;
10:54:48;8592;49,98;
10:54:51;8612;49,98;
10:55:00;8596;49,97;
10:55:03;8616;49,97;
10:55:06;8620;49,97;
10:55:09;8616;49,97;
10:55:12;8596;49,97;
10:55:15;8616;49,97;
10:55:18;8616;49,98;
10:55:24;8600;49,98;
10:55:30;8616;49,98;
10:55:33;8620;49,98;
10:55:36;8600;49,98;
10:55:39;8620;49,97;
10:55:42;8616;49,97;
10:55:45;8600;49,98;
10:55:48;8632;49,98;
10:55:51;8604;49,98;
10:55:54;8616;49,99;
10:55:57;8636;49,99;
10:56:00;8612;49,99;
10:56:03;8628;49,99;
10:56:06;8632;50,00;
10:56:09;8636;50,00;
10:56:15;8632;49,99;
10:56:18;8624;49,98;
10:56:21;8628;49,98;
10:56:24;8608;49,98;
10:56:27;8628;49,98;
10:56:30;8620;49,98;
10:56:36;8604;49,98;
10:56:39;8620;49,99;
10:56:42;8616;49,99;
10:56:45;8624;50,00;
10:56:48;8604;49,99;
10:56:51;8624;50,00;
10:56:57;8620;50,00;
10:57:00;8612;49,99;
10:57:03;8628;49,99;
10:57:09;8632;49,99;
10:57:12;8620;49,99;
10:57:15;8624;49,99;
10:57:18;8624;49,98;
10:57:21;8632;49,98;
10:57:24;8636;49,98;
10:57:27;8540;49,98;
10:57:30;8644;49,99;
10:57:33;8640;49,99;
10:57:36;8648;49,99;
10:57:42;8652;50,00;
10:57:48;8664;50,00;
10:57:51;8652;50,00;
10:57:54;8668;50,00;
10:57:57;8664;50,00;
10:58:03;8640;50,00;
10:58:06;8664;49,99;
10:58:09;8660;49,99;
10:58:12;8664;49,98;
10:58:15;8648;49,99;
10:58:18;8656;49,98;
10:58:21;8608;49,99;
10:58:24;8656;49,99;
10:58:27;8628;49,99;
10:58:30;8660;50,00;
10:58:33;8624;50,00;
10:58:36;8656;50,00;
10:58:39;8660;50,00;
10:58:42;8672;50,00;
10:58:48;8664;49,99;
10:58:51;8656;49,99;
10:58:54;8672;49,98;
10:58:57;8664;49,98;
10:59:00;8676;49,98;
10:59:03;8664;49,98;
10:59:06;8676;49,98;
10:59:09;8672;49,98;
10:59:12;8676;49,99;
10:59:15;8668;49,99;
10:59:18;8680;50,00;
10:59:21;8628;49,99;
10:59:24;8676;49,99;
10:59:27;8672;49,98;
10:59:33;8684;49,98;
10:59:36;8672;49,98;
10:59:39;8680;49,97;
10:59:42;8664;49,97;
10:59:45;8680;49,96;
10:59:48;8676;49,96;
10:59:51;8680;49,97;
10:59:57;8676;49,97;
11:00:00;8668;49,97;
11:00:03;8668;49,96;
11:00:06;8664;49,96;
11:00:09;8672;49,96;
11:00:12;8652;49,96;
11:00:15;8672;49,96;
11:00:18;8664;49,96;
11:00:21;8672;49,96;
11:00:24;8652;49,96;
11:00:27;8676;49,96;
11:00:30;8668;49,96;
11:00:33;8676;49,97;
11:00:42;8660;49,97;
11:00:45;8676;49,97;
11:00:48;8652;49,97;
11:00:51;8684;49,97;
11:00:54;8672;49,97;
11:00:57;8688;49,96;
11:01:00;8692;49,97;
11:01:06;8680;49,97;
11:01:09;8660;49,98;
11:01:12;8668;49,98;
11:01:15;8676;49,98;
11:01:18;8632;49,98;
11:01:21;8680;49,98;
11:01:24;8688;49,98;
11:01:27;8696;49,97;
11:01:30;8684;49,97;
11:01:33;8700;49,98;
11:01:36;8692;49,98;
11:01:39;8704;49,97;
11:01:45;8700;49,96;
11:01:48;8672;49,96;
11:01:51;8660;49,96;
11:01:54;8696;49,96;
11:01:57;8704;49,97;
11:02:03;8708;49,96;
11:02:09;8716;49,96;
11:02:15;8720;49,96;
11:02:18;8712;49,95;
11:02:21;8720;49,95;
11:02:24;8724;49,96;
11:02:33;8732;49,96;
11:02:36;8732;49,95;
11:02:39;8736;49,95;
11:02:45;8740;49,96;
11:02:54;8744;49,96;
11:02:57;8748;49,96;
11:03:00;8748;49,97;
11:03:03;8752;49,96;
11:03:09;8736;49,96;
11:03:12;8756;49,96;
11:03:15;8760;49,96;
11:03:24;8764;49,96;
11:03:27;8768;49,96;
11:03:30;8772;49,96;
11:03:33;8752;49,96;
11:03:36;8776;49,96;
11:03:39;8780;49,97;
11:03:42;8780;49,96;
11:03:45;8776;49,96;
11:03:48;8788;49,96;
11:03:51;8792;49,96;
11:03:57;8792;49,97;
11:04:00;8796;49,98;
11:04:03;8804;49,98;
11:04:06;8808;49,97;
11:04:09;8792;49,97;
11:04:12;8816;49,96;
11:04:15;8816;49,97;
11:04:18;8824;49,96;
11:04:21;8820;49,96;
11:04:24;8828;49,96;
11:04:27;8828;49,97;
11:04:30;8836;49,97;
11:04:36;8840;49,96;
11:04:42;8848;49,96;
11:04:48;8852;49,96;
11:04:51;8856;49,96;
11:04:54;8860;49,96;
11:04:57;8856;49,96;
11:05:00;8832;49,96;
11:05:03;8860;49,96;
11:05:06;8864;49,97;
11:05:09;8864;49,96;
11:05:12;8864;49,97;
11:05:15;8868;49,97;
11:05:18;8876;49,97;
11:05:21;8880;49,97;
11:05:24;8852;49,98;
11:05:27;8880;49,97;
11:05:30;8888;49,96;
11:05:33;8892;49,96;
11:05:36;8896;49,96;
11:05:42;8900;49,96;
11:05:48;8908;49,95;
11:05:57;8908;49,96;
11:06:12;8916;49,96;
11:06:24;8916;49,95;
11:06:30;8924;49,95;
11:06:33;8920;49,96;
11:06:36;8924;49,96;
11:06:39;8928;49,96;
11:06:42;8924;49,96;
11:06:54;8928;49,96;
11:06:57;8936;49,96;
11:07:00;8936;49,97;
11:07:03;8940;49,97;
11:07:06;8944;49,97;
11:07:12;8932;49,97;
11:07:15;8944;49,97;
11:07:18;8940;49,98;
11:07:21;8956;49,98;
11:07:24;8944;49,98;
11:07:27;8952;49,98;
11:07:30;8932;49,98;
11:07:33;8956;49,98;
11:07:36;8944;49,98;
11:07:39;8956;49,98;
11:07:42;8920;49,98;
11:07:45;8956;49,98;
11:07:48;8936;49,98;
11:07:51;8956;49,98;
11:07:54;8928;49,98;
11:08:00;8916;49,98;
11:08:03;8944;49,99;
11:08:06;8944;49,98;
11:08:09;8936;49,98;
11:08:12;8908;49,98;
11:08:15;8936;49,98;
11:08:18;8940;49,98;
11:08:21;8944;49,98;
11:08:24;8940;49,98;
11:08:27;8904;49,98;
11:08:30;8964;49,99;
11:08:33;8968;49,99;
11:08:36;8956;50,00;
11:08:39;8960;50,00;
11:08:45;8964;49,99;
11:08:48;8968;49,98;
11:08:51;8968;49,99;
11:08:54;8972;49,98;
11:08:57;8972;49,99;
11:09:00;8968;49,99;
11:09:03;8944;49,98;
11:09:06;8972;49,98;
11:09:12;8996;49,98;
11:09:15;8960;49,98;
11:09:18;8992;49,98;
11:09:21;8976;49,98;
11:09:24;8980;49,98;
11:09:27;8972;49,97;
11:09:30;8980;49,97;
11:09:33;8956;49,97;
11:09:36;8972;49,96;
11:09:39;8940;49,97;
11:09:42;8960;49,97;
11:09:45;8964;49,98;
11:09:51;8956;49,98;
11:09:54;8984;49,98;
11:09:57;8960;49,98;
11:10:00;8996;49,98;
11:10:03;8976;49,98;
11:10:06;9004;49,98;
11:10:12;8968;49,98;
11:10:15;9000;49,98;
11:10:18;9016;49,98;
11:10:21;8980;49,98;
11:10:24;9028;49,98;
11:10:27;9016;49,98;
11:10:30;9032;49,97;
11:10:33;9036;49,97;
11:10:36;9040;49,97;
11:10:39;9028;49,98;
11:10:42;9044;49,98;
11:10:45;9004;49,98;
11:10:48;9044;49,98;
11:10:57;9012;49,98;
11:11:00;9064;49,98;
11:11:03;9044;49,98;
11:11:06;9052;49,97;
11:11:09;9012;49,97;
11:11:12;9044;49,97;
11:11:15;9052;49,97;
11:11:18;9040;49,97;
11:11:21;9008;49,97;
11:11:24;9056;49,97;
11:11:27;9048;49,97;
11:11:30;9060;49,98;
11:11:33;9016;49,98;
11:11:36;9064;49,98;
11:11:42;9064;49,97;
11:11:45;9024;49,97;
11:11:48;9072;49,97;
11:11:51;9060;49,98;
11:11:54;9072;49,98;
11:11:57;9028;49,98;
11:12:03;9064;49,98;
11:12:06;9076;49,99;
11:12:09;9032;49,99;
11:12:12;9080;49,99;
11:12:15;9064;49,98;
11:12:18;9088;49,97;
11:12:21;9084;49,97;
11:12:24;9056;49,97;
11:12:27;9076;49,96;
11:12:30;9080;49,96;
11:12:36;9056;49,97;
11:12:39;9080;49,98;
11:12:42;9072;49,97;
11:12:45;9084;49,98;
11:12:48;9040;49,98;
11:12:51;9084;49,98;
11:12:54;9072;49,97;
11:12:57;9080;49,97;
11:13:00;9052;49,98;
11:13:03;9088;49,98;
11:13:09;9080;49,98;
11:13:12;9056;49,99;
11:13:15;9096;49,99;
11:13:18;9076;49,99;
11:13:21;9092;49,98;
11:13:24;9052;49,98;
11:13:27;9080;49,98;
11:13:30;9076;49,98;
11:13:33;9092;49,97;
11:13:36;9060;49,96;
11:13:39;9096;49,96;
11:13:42;9076;49,98;
11:13:45;9096;49,98;
11:13:48;9060;49,98;
11:13:54;9072;49,99;
11:13:57;9076;49,99;
11:14:00;9056;49,99;
11:14:03;9092;49,99;
11:14:06;9036;49,99;
11:14:09;9068;49,99;
11:14:12;9072;49,99;
11:14:15;9076;49,98;
11:14:18;9044;49,97;
11:14:21;9068;49,97;
11:14:24;9072;49,97;
11:14:27;9076;49,97;
11:14:30;9068;49,96;
11:14:33;9076;49,96;
11:14:36;9092;49,96;
11:14:39;9068;49,96;
11:14:42;9088;49,96;
11:14:45;9072;49,96;
11:14:48;9092;49,97;
11:14:51;9060;49,98;
11:14:54;9092;49,98;
11:15:00;9096;49,98;
11:15:03;9064;49,98;
11:15:06;9080;49,98;
11:15:09;9048;49,98;
11:15:12;9080;49,98;
11:15:15;9080;49,97;
11:15:24;9080;49,96;
11:15:30;9096;49,95;
11:15:33;9072;49,95;
11:15:36;9088;49,95;
11:15:39;9068;49,95;
11:15:42;9080;49,96;
11:15:45;9056;49,96;
11:15:48;9080;49,96;
11:15:54;9076;49,96;
11:15:57;9044;49,96;
11:16:00;9076;49,96;
11:16:06;9076;49,97;
11:16:09;9048;49,97;
11:16:12;9080;49,97;
11:16:15;9076;49,97;
11:16:21;9052;49,97;
11:16:24;9072;49,96;
11:16:27;9076;49,96;
11:16:30;9084;49,96;
11:16:33;9056;49,96;
11:16:36;9080;49,97;
11:16:39;9088;49,96;
11:16:45;9060;49,96;
11:16:48;9092;49,97;
11:16:51;9092;49,98;
11:16:54;9096;49,98;
11:16:57;9072;49,98;
11:17:00;9104;49,98;
11:17:06;9088;49,98;
11:17:12;9084;49,98;
11:17:15;9036;49,98;
11:17:18;9088;49,97;
11:17:21;9096;49,97;
11:17:24;9108;49,97;
11:17:27;9112;49,96;
11:17:30;9116;49,97;
11:17:36;9100;49,97;
11:17:39;9120;49,97;
11:17:45;9124;49,98;
11:17:48;9100;49,98;
11:17:51;9124;49,98;
11:17:57;9128;49,98;
11:18:00;9096;49,99;
11:18:03;9128;49,99;
11:18:06;9136;49,99;
11:18:12;9108;49,99;
11:18:15;9140;49,99;
11:18:18;9140;49,98;
11:18:24;9080;49,98;
11:18:27;9148;49,98;
11:18:30;9132;49,98;
11:18:33;9160;49,98;
11:18:36;9128;49,98;
11:18:39;9164;49,98;
11:18:42;9172;49,97;
11:18:45;9184;49,97;
11:18:48;9180;49,97;
11:18:51;9204;49,98;
11:18:54;9160;49,97;
11:18:57;9204;49,98;
11:19:03;9204;49,99;
11:19:06;9184;49,99;
11:19:09;9200;49,98;
11:19:12;9168;49,98;
11:19:15;9204;49,98;
11:19:18;9196;49,98;
11:19:21;9208;49,98;
11:19:24;9224;49,98;
11:19:27;9232;49,98;
11:19:30;9212;49,98;
11:19:33;9236;49,97;
11:19:36;9224;49,97;
11:19:39;9240;49,96;
11:19:42;9228;49,96;
11:19:45;9212;49,96;
11:19:48;9232;49,97;
11:19:51;9244;49,97;
11:19:54;9232;49,97;
11:19:57;9240;49,98;
11:20:00;9244;49,98;
11:20:03;9256;49,98;
11:20:09;9260;49,99;
11:20:12;9264;49,99;
11:20:18;9268;49,98;
11:20:21;9272;49,98;
11:20:24;9268;49,98;
11:20:27;9252;49,98;
11:20:30;9244;49,98;
11:20:33;9236;49,98;
11:20:36;9276;49,98;
11:20:39;9212;49,98;
11:20:42;9272;49,98;
11:20:48;9260;49,98;
11:20:51;9236;49,97;
11:20:54;9268;49,96;
11:21:00;9296;49,96;
11:21:06;9296;49,97;
11:21:09;9296;49,98;
11:21:15;9232;49,98;
11:21:18;9288;49,98;
11:21:21;9280;49,98;
11:21:24;9288;49,97;
11:21:30;9292;49,98;
11:21:33;9264;49,97;
11:21:36;9296;49,97;
11:21:39;9300;49,97;
11:21:45;9304;49,97;
11:21:48;9300;49,97;
11:21:51;9308;49,98;
11:21:54;9304;49,98;
11:22:00;9292;49,98;
11:22:03;9256;49,98;
11:22:06;9296;49,98;
11:22:09;9292;49,98;
11:22:12;9312;49,98;
11:22:15;9300;49,98;
11:22:18;9304;49,98;
11:22:21;9312;49,98;
11:22:24;9312;49,99;
11:22:27;9308;49,99;
11:22:33;9296;49,99;
11:22:36;9320;49,99;
11:22:39;9312;49,99;
11:22:48;9324;49,99;
11:22:54;9328;49,99;
11:23:00;9316;49,98;
11:23:06;9328;49,98;
11:23:09;9328;49,99;
11:23:12;9332;50,00;
11:23:15;9328;50,00;
11:23:18;9336;50,00;
11:23:24;9300;50,00;
11:23:27;9332;49,99;
11:23:30;9340;49,99;
11:23:33;9340;50,00;
11:23:36;9344;49,99;
11:23:42;9336;49,99;
11:23:45;9340;49,99;
11:23:48;9304;49,99;
11:23:51;9344;49,99;
11:23:54;9340;49,99;
11:23:57;9340;49,98;
11:24:03;9324;49,97;
11:24:12;9316;49,97;
11:24:15;9316;49,96;
11:24:18;9312;49,97;
11:24:21;9308;49,97;
11:24:24;9316;49,97;
11:24:27;9312;49,98;
11:24:30;9284;49,97;
11:24:33;9308;49,97;
11:24:36;9320;49,97;
11:24:39;9316;49,97;
11:24:42;9300;49,97;
11:24:45;9316;49,97;
11:24:48;9328;49,97;
11:24:51;9324;49,97;
11:24:54;9332;49,98;
11:24:57;9336;49,98;
11:25:00;9292;49,98;
11:25:03;9340;49,98;
11:25:06;9292;49,98;
11:25:09;9324;49,98;
11:25:12;9332;49,98;
11:25:18;9316;49,98;
11:25:21;9344;49,98;
11:25:27;9328;49,98;
11:25:30;9324;49,98;
11:25:33;9328;49,98;
11:25:36;9332;49,99;
11:25:39;9328;49,99;
11:25:42;9312;49,99;
11:25:45;9332;49,99;
11:25:51;9304;49,99;
11:25:54;9324;49,99;
11:25:57;9348;50,00;
11:26:00;9352;50,00;
11:26:03;9356;50,00;
11:26:06;9312;50,00;
11:26:09;9344;50,00;
11:26:12;9348;50,00;
11:26:15;9340;50,00;
11:26:18;9316;50,00;
11:26:24;9356;50,00;
11:26:30;9364;50,00;
11:26:33;9360;50,00;
11:26:36;9364;50,00;
11:26:39;9360;50,00;
11:26:45;9328;49,99;
11:26:48;9368;50,00;
11:26:57;9364;50,00;
11:27:00;9364;49,99;
11:27:03;9368;50,00;
11:27:09;9388;50,00;
11:27:12;9396;49,99;
11:27:15;9388;49,99;
11:27:18;9392;49,98;
11:27:21;9388;49,98;
11:27:24;9392;49,98;
11:27:27;9364;49,98;
11:27:30;9396;49,98;
11:27:36;9392;49,98;
11:27:42;9396;49,98;
11:27:45;9388;49,97;
11:27:48;9396;49,97;
11:27:51;9392;49,97;
11:27:54;9404;49,97;
11:27:57;9400;49,98;
11:28:00;9412;49,98;
11:28:03;9380;49,98;
11:28:06;9412;49,98;
11:28:09;9400;49,98;
11:28:15;9388;49,98;
11:28:18;9416;49,99;
11:28:21;9404;49,99;
11:28:24;9416;49,99;
11:28:27;9388;50,00;
11:28:30;9420;50,00;
11:28:33;9424;50,00;
11:28:36;9404;50,00;
11:28:39;9384;50,00;
11:28:42;9420;50,00;
11:28:45;9396;50,00;
11:28:48;9412;50,00;
11:28:51;9384;50,00;
11:28:54;9420;49,99;
11:28:57;9416;49,99;
11:29:00;9416;49,98;
11:29:03;9388;49,99;
11:29:06;9420;49,99;
11:29:09;9376;50,00;
11:29:12;9428;50,00;
11:29:15;9392;49,99;
11:29:21;9404;49,99;
11:29:24;9428;49,99;
11:29:27;9396;49,98;
11:29:30;9424;49,98;
11:29:33;9400;49,98;
11:29:36;9424;49,99;
11:29:39;9380;49,99;
11:29:42;9404;50,00;
11:29:45;9392;49,99;
11:29:51;9412;49,99;
11:29:54;9400;49,99;
11:29:57;9376;49,99;
11:30:00;9404;49,99;
11:30:03;9404;50,00;
11:30:06;9408;50,00;
11:30:09;9392;50,00;
11:30:12;9412;49,99;
11:30:15;9392;49,98;
11:30:18;9408;49,98;
11:30:21;9372;49,96;
11:30:27;9400;49,96;
11:30:33;9388;49,96;
11:30:36;9404;49,96;
11:30:39;9392;49,96;
11:30:42;9404;49,97;
11:30:48;9380;49,96;
11:30:51;9400;49,96;
11:30:57;9396;49,96;
11:31:00;9380;49,96;
11:31:03;9404;49,97;
11:31:06;9400;49,97;
11:31:12;9376;49,98;
11:31:15;9408;49,98;
11:31:18;9400;49,98;
11:31:21;9404;49,98;
11:31:24;9380;49,98;
11:31:27;9404;49,98;
11:31:33;9388;49,97;
11:31:36;9380;49,97;
11:31:39;9404;49,97;
11:31:42;9392;49,97;
11:31:45;9400;49,98;
11:31:48;9376;49,98;
11:31:51;9404;49,98;
11:31:54;9408;49,98;
11:32:00;9388;49,98;
11:32:03;9412;49,98;
11:32:06;9416;49,99;
11:32:09;9412;49,99;
11:32:12;9384;49,99;
11:32:18;9408;49,99;
11:32:21;9408;49,98;
11:32:24;9388;49,98;
11:32:27;9416;49,97;
11:32:30;9412;49,97;
11:32:36;9416;49,97;
11:32:39;9396;49,98;
11:32:42;9408;49,98;
11:32:45;9412;49,98;
11:32:48;9404;49,97;
11:32:51;9408;49,97;
11:32:54;9412;49,97;
11:32:57;9404;49,97;
11:33:00;9416;49,97;
11:33:03;9392;49,97;
11:33:06;9408;49,98;
11:33:09;9404;49,98;
11:33:12;9412;49,98;
11:33:15;9388;49,98;
11:33:18;9412;49,98;
11:33:24;9408;49,98;
11:33:27;9384;49,97;
11:33:30;9400;49,97;
11:33:33;9392;49,97;
11:33:36;9396;49,97;
11:33:39;9376;49,98;
11:33:42;9400;49,98;
11:33:45;9392;49,98;
11:33:51;9372;49,98;
11:33:54;9396;49,98;
11:33:57;9392;49,98;
11:34:00;9396;49,98;
11:34:03;9376;49,98;
11:34:06;9396;49,98;
11:34:09;9384;49,98;
11:34:12;9396;49,98;
11:34:15;9376;49,98;
11:34:18;9404;49,98;
11:34:21;9408;49,98;
11:34:24;9420;49,99;
11:34:30;9424;49,99;
11:34:33;9428;49,99;
11:34:36;9432;49,98;
11:34:39;9416;49,98;
11:34:42;9440;49,98;
11:34:45;9440;49,97;
11:34:48;9444;49,97;
11:34:54;9448;49,98;
11:34:57;9444;49,98;
11:35:00;9444;49,97;
11:35:03;9428;49,98;
11:35:06;9456;49,98;
11:35:09;9436;49,98;
11:35:12;9452;49,98;
11:35:15;9424;49,98;
11:35:18;9444;49,98;
11:35:27;9424;49,98;
11:35:30;9448;49,98;
11:35:36;9452;49,98;
11:35:39;9436;49,98;
11:35:42;9460;49,98;
11:35:48;9456;49,97;
11:35:51;9448;49,97;
11:35:54;9448;49,98;
11:35:57;9464;49,98;
11:36:00;9468;49,99;
11:36:06;9440;50,00;
11:36:09;9464;50,00;
11:36:12;9476;50,00;
11:36:24;9484;49,99;
11:36:30;9456;49,99;
11:36:33;9484;49,99;
11:36:36;9480;49,98;
11:36:42;9484;49,98;
11:36:48;9488;49,98;
11:36:54;9456;49,98;
11:36:57;9484;49,98;
11:37:06;9456;49,98;
11:37:09;9388;49,98;
11:37:12;9464;49,98;
11:37:15;9480;49,98;
11:37:18;9456;49,98;
11:37:21;9480;49,98;
11:37:27;9476;49,98;
11:37:30;9456;49,98;
11:37:33;9480;49,98;
11:37:36;9476;49,98;
11:37:39;9480;49,99;
11:37:42;9464;49,99;
11:37:45;9480;49,99;
11:37:48;9476;49,99;
11:37:51;9480;49,99;
11:37:54;9472;50,00;
11:37:57;9488;50,00;
11:38:00;9492;50,00;
11:38:03;9492;50,01;
11:38:06;9484;50,00;
11:38:09;9464;50,00;
11:38:12;9476;50,00;
11:38:15;9476;49,99;
11:38:21;9476;49,98;
11:38:27;9472;49,98;
11:38:33;9476;49,98;
11:38:39;9472;49,99;
11:38:45;9468;49,99;
11:38:48;9460;49,99;
11:38:51;9432;49,99;
11:38:54;9460;49,99;
11:38:57;9464;50,00;
11:39:00;9456;50,00;
11:39:03;9460;49,99;
11:39:09;9456;49,98;
11:39:12;9452;49,98;
11:39:15;9424;49,98;
11:39:18;9444;49,98;
11:39:24;9428;49,98;
11:39:27;9440;49,98;
11:39:30;9436;49,97;
11:39:33;9432;49,97;
11:39:39;9432;49,96;
11:39:45;9428;49,96;
11:39:48;9432;49,97;
11:39:51;9428;49,97;
11:39:57;9408;49,98;
11:40:00;9424;49,98;
11:40:03;9392;49,98;
11:40:06;9416;49,98;
11:40:09;9380;49,98;
11:40:12;9412;49,98;
11:40:15;9408;49,98;
11:40:18;9416;49,98;
11:40:24;9408;49,98;
11:40:27;9396;49,98;
11:40:30;9408;49,97;
11:40:33;9380;49,97;
11:40:36;9404;49,97;
11:40:39;9388;49,97;
11:40:42;9404;49,97;
11:40:48;9400;49,97;
11:40:51;9396;49,98;
11:40:54;9404;49,98;
11:40:57;9392;49,98;
11:41:00;9404;49,99;
11:41:03;9400;49,98;
11:41:06;9396;49,98;
11:41:09;9404;49,99;
11:41:15;9408;49,99;
11:41:18;9404;49,99;
11:41:30;9400;49,99;
11:41:36;9396;50,00;
11:41:39;9400;49,99;
11:41:42;9396;49,99;
11:41:45;9392;49,99;
11:41:48;9364;49,99;
11:41:51;9396;49,99;
11:42:00;9396;50,00;
11:42:03;9396;49,99;
11:42:09;9396;49,98;
11:42:12;9360;49,98;
11:42:15;9400;49,98;
11:42:18;9404;49,98;
11:42:24;9408;49,97;
11:42:27;9412;49,97;
11:42:30;9412;49,98;
11:42:36;9408;49,98;
11:42:42;9416;49,98;
11:42:48;9420;49,98;
11:42:51;9424;49,98;
11:43:00;9420;49,99;
11:43:03;9436;50,00;
11:43:06;9432;50,00;
11:43:09;9420;50,00;
11:43:12;9412;50,00;
11:43:15;9416;50,00;
11:43:18;9440;50,00;
11:43:24;9408;49,99;
11:43:27;9440;49,99;
11:43:30;9436;49,99;
11:43:33;9444;49,99;
11:43:36;9408;49,99;
11:43:42;9432;50,00;
11:43:45;9440;50,00;
11:43:48;9400;50,00;
11:43:51;9440;50,00;
11:43:54;9436;50,00;
11:44:00;9420;50,00;
11:44:03;9416;50,00;
11:44:06;9436;49,99;
11:44:09;9440;49,99;
11:44:12;9400;49,99;
11:44:15;9436;49,99;
11:44:18;9432;50,00;
11:44:21;9440;50,00;
11:44:24;9444;50,00;
11:44:27;9436;50,00;
11:44:39;9436;49,99;
11:44:42;9436;50,00;
11:44:45;9432;50,00;
11:44:51;9436;49,99;
11:44:57;9432;49,99;
11:45:00;9436;49,99;
11:45:03;9440;49,99;
11:45:06;9436;49,98;
11:45:09;9440;49,98;
11:45:12;9444;49,98;
11:45:18;9440;49,98;
11:45:21;9436;49,98;
11:45:48;9440;49,98;
11:45:51;9412;49,98;
11:45:54;9440;49,98;
11:45:57;9436;49,99;
11:46:00;9440;49,99;
11:46:03;9420;50,00;
11:46:06;9456;50,01;
11:46:09;9460;50,01;
11:46:12;9464;50,01;
11:46:15;9456;50,01;
11:46:18;9444;50,00;
11:46:21;9448;49,99;
11:46:27;9416;49,99;
11:46:30;9452;49,99;
11:46:33;9456;49,99;
11:46:39;9420;49,99;
11:46:42;9456;49,99;
11:46:45;9448;49,99;
11:46:48;9452;49,99;
11:46:51;9416;50,00;
11:46:54;9452;50,00;
11:47:00;9448;50,00;
11:47:03;9400;49,99;
11:47:06;9456;49,98;
11:47:09;9468;49,98;
11:47:12;9472;49,98;
11:47:15;9436;49,98;
11:47:18;9476;49,97;
11:47:21;9484;49,98;
11:47:24;9492;49,98;
11:47:27;9464;49,97;
11:47:30;9496;49,97;
11:47:33;9496;49,98;
11:47:36;9504;49,98;
11:47:39;9476;49,98;
11:47:45;9512;49,98;
11:47:48;9516;49,97;
11:47:51;9492;49,97;
11:47:54;9516;49,97;
11:47:57;9512;49,98;
11:48:00;9516;49,98;
11:48:06;9500;49,98;
11:48:09;9516;49,98;
11:48:12;9512;49,99;
11:48:18;9484;49,99;
11:48:21;9516;49,99;
11:48:24;9512;49,99;
11:48:27;9516;49,99;
11:48:30;9480;49,99;
11:48:33;9512;49,98;
11:48:36;9508;49,98;
11:48:39;9464;49,98;
11:48:42;9512;49,98;
11:48:45;9492;49,98;
11:48:51;9484;49,99;
11:48:54;9512;49,99;
11:48:57;9520;50,00;
11:49:00;9524;50,00;
11:49:03;9512;50,01;
11:49:06;9508;50,00;
11:49:09;9528;50,00;
11:49:12;9532;50,00;
11:49:15;9528;50,00;
11:49:18;9488;50,00;
11:49:21;9528;49,99;
11:49:24;9532;49,99;
11:49:27;9536;49,98;
11:49:30;9492;49,98;
11:49:36;9532;49,98;
11:49:39;9536;49,98;
11:49:42;9492;49,98;
11:49:45;9536;49,98;
11:49:48;9536;49,97;
11:49:51;9540;49,98;
11:49:57;9500;49,98;
11:50:00;9536;49,98;
11:50:03;9540;49,98;
11:50:06;9500;49,98;
11:50:09;9540;49,99;
11:50:12;9540;50,00;
11:50:21;9540;49,99;
11:50:24;9536;49,98;
11:50:27;9540;49,98;
11:50:30;9500;49,98;
11:50:33;9540;49,98;
11:50:36;9536;49,98;
11:50:42;9500;49,99;
11:50:45;9536;49,99;
11:50:51;9540;49,98;
11:50:54;9504;49,98;
11:50:57;9532;49,98;
11:51:00;9536;49,98;
11:51:03;9532;49,98;
11:51:06;9516;49,98;
11:51:09;9512;49,98;
11:51:12;9532;49,99;
11:51:18;9524;50,00;
11:51:21;9496;50,00;
11:51:24;9532;50,00;
11:51:27;9532;50,01;
11:51:30;9528;50,00;
11:51:33;9492;50,00;
11:51:36;9528;50,00;
11:51:39;9520;50,00;
11:51:42;9524;49,99;
11:51:48;9520;50,00;
11:51:54;9528;50,01;
11:51:57;9488;50,01;
11:52:00;9520;50,01;
11:52:03;9516;50,01;
11:52:06;9520;50,01;
11:52:09;9520;50,00;
11:52:15;9516;50,00;
11:52:18;9520;50,00;
11:52:21;9492;49,99;
11:52:24;9524;49,99;
11:52:30;9528;49,99;
11:52:33;9492;49,99;
11:52:36;9532;49,99;
11:52:39;9528;49,98;
11:52:42;9532;49,98;
11:52:45;9496;49,99;
11:52:48;9532;50,00;
11:52:54;9536;50,00;
11:52:57;9504;50,00;
11:53:00;9532;50,00;
11:53:06;9536;50,00;
11:53:09;9500;50,00;
11:53:12;9536;50,00;
11:53:18;9536;49,99;
11:53:21;9504;49,98;
11:53:24;9536;49,98;
11:53:30;9540;49,98;
11:53:33;9508;49,98;
11:53:39;9532;49,98;
11:53:42;9536;49,98;
11:53:45;9508;49,98;
11:53:48;9536;49,98;
11:53:51;9532;49,98;
11:53:54;9536;49,98;
11:54:00;9496;49,98;
11:54:03;9540;49,99;
11:54:06;9536;49,99;
11:54:09;9528;49,99;
11:54:12;9536;49,98;
11:54:15;9552;49,98;
11:54:18;9556;49,98;
11:54:24;9528;49,98;
11:54:27;9564;49,98;
11:54:33;9568;49,98;
11:54:36;9532;49,97;
11:54:39;9572;49,98;
11:54:48;9540;49,98;
11:54:51;9580;49,98;
11:54:54;9576;49,98;
11:54:57;9580;49,98;
11:55:00;9540;49,98;
11:55:03;9580;49,99;
11:55:06;9580;49,98;
11:55:09;9584;49,98;
11:55:12;9548;49,98;
11:55:15;9588;49,98;
11:55:18;9584;49,98;
11:55:24;9544;49,97;
11:55:27;9580;49,97;
11:55:30;9584;49,97;
11:55:36;9544;49,97;
11:55:39;9588;49,98;
11:55:42;9592;49,98;
11:55:45;9596;49,98;
11:55:54;9592;49,98;
11:55:57;9596;49,98;
11:56:00;9564;49,98;
11:56:03;9596;49,99;
11:56:06;9600;49,99;
11:56:09;9596;49,99;
11:56:15;9596;50,00;
11:56:24;9592;49,99;
11:56:27;9596;49,99;
11:56:30;9600;49,99;
11:56:33;9592;49,99;
11:56:36;9596;50,00;
11:56:39;9600;49,99;
11:56:42;9596;49,99;
11:56:45;9592;49,98;
11:56:48;9596;49,99;
11:56:57;9596;50,00;
11:57:09;9592;49,99;
11:57:12;9596;49,99;
11:57:15;9568;49,99;
11:57:18;9596;49,99;
11:57:21;9600;49,98;
11:57:24;9540;49,98;
11:57:27;9596;49,98;
11:57:36;9600;49,98;
11:57:39;9568;49,99;
11:57:42;9600;49,99;
11:57:51;9604;49,99;
11:58:03;9596;49,99;
11:58:06;9608;49,99;
11:58:09;9592;49,99;
11:58:12;9604;49,99;
11:58:15;9600;49,99;
11:58:21;9592;50,00;
11:58:24;9600;50,00;
11:58:27;9576;50,00;
11:58:30;9596;50,00;
11:58:33;9588;50,00;
11:58:36;9600;50,00;
11:58:39;9580;49,99;
11:58:42;9592;50,00;
11:58:48;9596;50,00;
11:58:51;9592;50,01;
11:58:54;9612;50,01;
11:58:57;9592;50,01;
11:59:00;9596;50,01;
11:59:03;9572;50,01;
11:59:06;9592;50,01;
11:59:09;9596;50,00;
11:59:12;9592;49,99;
11:59:15;9580;49,99;
11:59:18;9588;49,99;
11:59:21;9580;49,99;
11:59:24;9576;50,00;
11:59:27;9572;50,00;
11:59:30;9552;50,00;
11:59:33;9568;50,00;
11:59:36;9560;50,00;
11:59:39;9548;50,00;
11:59:42;9548;50,01;
11:59:45;9544;50,01;
11:59:48;9540;50,01;
11:59:57;9544;50,01;
12:00:00;9548;50,02;
12:00:09;9552;50,01;
12:00:12;9536;50,01;
12:00:15;9552;50,01;
12:00:21;9556;50,01;
12:00:24;9536;50,01;
12:00:27;9548;50,01;
12:00:33;9548;50,00;
12:00:36;9556;50,00;
12:00:39;9560;50,00;
12:00:42;9564;50,00;
12:00:48;9572;49,99;
12:01:00;9576;49,99;
12:01:03;9580;49,99;
12:01:06;9580;49,98;
12:01:09;9588;49,98;
12:01:12;9592;49,98;
12:01:15;9600;49,97;
12:01:18;9592;49,97;
12:01:24;9596;49,97;
12:01:27;9604;49,98;
12:01:30;9584;49,98;
12:01:33;9612;49,98;
12:01:36;9604;49,98;
12:01:39;9616;49,98;
12:01:42;9620;49,98;
12:01:48;9620;49,97;
12:01:51;9624;49,97;
12:01:54;9600;49,98;
12:01:57;9632;49,98;
12:02:00;9628;49,98;
12:02:06;9636;49,97;
12:02:09;9644;49,96;
12:02:12;9648;49,97;
12:02:15;9652;49,97;
12:02:18;9636;49,97;
12:02:21;9656;49,97;
12:02:24;9652;49,97;
12:02:27;9648;49,97;
12:02:30;9620;49,97;
12:02:33;9648;49,97;
12:02:39;9652;49,97;
12:02:42;9616;49,97;
12:02:45;9652;49,97;
12:02:51;9652;49,98;
12:02:54;9648;49,98;
12:02:57;9648;49,99;
12:03:00;9652;49,99;
12:03:03;9656;49,98;
12:03:06;9660;49,98;
12:03:09;9624;49,98;
12:03:12;9660;49,98;
12:03:18;9664;49,98;
12:03:21;9664;49,99;
12:03:27;9668;50,00;
12:03:30;9672;50,00;
12:03:33;9636;50,00;
12:03:36;9672;50,00;
12:03:39;9672;49,99;
12:03:42;9664;49,98;
12:03:45;9668;49,97;
12:03:51;9676;49,98;
12:03:57;9688;49,98;
12:04:03;9688;49,97;
12:04:06;9692;49,97;
12:04:09;9692;49,96;
12:04:12;9692;49,97;
12:04:18;9692;49,96;
12:04:21;9676;49,97;
12:04:24;9692;49,97;
12:04:27;9700;49,97;
12:04:33;9672;49,97;
12:04:36;9712;49,97;
12:04:42;9716;49,97;
12:04:45;9672;49,97;
12:04:48;9716;49,97;
12:04:57;9676;49,96;
12:05:03;9704;49,96;
12:05:09;9656;49,96;
12:05:12;9700;49,97;
12:05:15;9700;49,96;
12:05:18;9704;49,96;
12:05:21;9708;49,96;
12:05:24;9668;49,96;
12:05:27;9712;49,96;
12:05:30;9712;49,97;
12:05:33;9672;49,96;
12:05:36;9712;49,96;
12:05:39;9712;49,97;
12:05:48;9712;49,98;
12:05:51;9708;49,98;
12:05:57;9664;49,98;
12:06:00;9700;49,98;
12:06:03;9704;49,98;
12:06:09;9664;49,98;
12:06:12;9692;49,97;
12:06:21;9668;49,97;
12:06:24;9664;49,97;
12:06:27;9684;49,96;
12:06:30;9688;49,97;
12:06:33;9680;49,98;
12:06:36;9644;49,98;
12:06:39;9688;49,98;
12:06:42;9660;49,98;
12:06:45;9692;49,98;
12:06:48;9648;49,98;
12:06:51;9700;49,98;
12:06:54;9704;49,97;
12:06:57;9708;49,97;
12:07:00;9716;49,97;
12:07:03;9724;49,97;
12:07:06;9732;49,97;
12:07:09;9712;49,98;
12:07:15;9740;49,99;
12:07:18;9744;49,99;
12:07:21;9748;49,99;
12:07:24;9736;49,99;
12:07:27;9752;49,98;
12:07:30;9748;49,98;
12:07:33;9764;49,98;
12:07:36;9760;49,98;
12:07:39;9768;49,98;
12:07:42;9760;49,98;
12:07:45;9780;49,97;
12:07:48;9760;49,98;
12:07:51;9792;49,98;
12:07:54;9784;49,98;
12:08:00;9764;49,98;
12:08:03;9792;49,98;
12:08:06;9780;49,98;
12:08:09;9792;49,98;
12:08:12;9764;49,97;
12:08:15;9788;49,97;
12:08:18;9784;49,97;
12:08:21;9772;49,97;
12:08:24;9752;49,97;
12:08:27;9784;49,97;
12:08:30;9772;49,97;
12:08:33;9780;49,97;
12:08:36;9748;49,97;
12:08:39;9776;49,98;
12:08:45;9772;49,98;
12:08:48;9748;49,98;
12:08:51;9772;49,97;
12:08:54;9764;49,97;
12:08:57;9772;49,97;
12:09:00;9752;49,97;
12:09:06;9768;49,97;
12:09:09;9776;49,97;
12:09:12;9756;49,96;
12:09:15;9776;49,96;
12:09:18;9772;49,96;
12:09:21;9772;49,97;
12:09:24;9776;49,97;
12:09:27;9768;49,97;
12:09:30;9776;49,96;
12:09:33;9772;49,96;
12:09:36;9784;49,96;
12:09:39;9764;49,96;
12:09:42;9788;49,96;
12:09:45;9784;49,96;
12:09:48;9788;49,96;
12:09:51;9760;49,96;
12:09:54;9780;49,97;
12:09:57;9772;49,97;
12:10:00;9780;49,97;
12:10:03;9748;49,97;
12:10:06;9776;49,97;
12:10:12;9776;49,96;
12:10:15;9732;49,96;
12:10:18;9776;49,96;
12:10:27;9732;49,97;
12:10:30;9776;49,97;
12:10:33;9780;49,97;
12:10:36;9772;49,97;
12:10:39;9720;49,98;
12:10:42;9772;49,98;
12:10:45;9768;49,98;
12:10:48;9772;49,97;
12:10:51;9728;49,97;
12:10:54;9768;49,98;
12:11:03;9732;49,98;
12:11:06;9768;49,98;
12:11:09;9764;49,98;
12:11:12;9764;49,97;
12:11:18;9760;49,98;
12:11:24;9768;49,99;
12:11:27;9748;49,99;
12:11:30;9764;49,99;
12:11:42;9764;49,98;
12:11:45;9760;49,99;
12:11:48;9756;49,99;
12:11:51;9760;49,99;
12:11:54;9724;49,99;
12:11:57;9752;49,99;
12:12:03;9716;50,00;
12:12:06;9748;50,00;
12:12:09;9744;50,00;
12:12:12;9748;50,00;
12:12:15;9716;49,99;
12:12:18;9736;49,98;
12:12:21;9740;49,98;
12:12:24;9736;49,98;
12:12:27;9732;49,99;
12:12:33;9740;49,99;
12:12:39;9744;50,00;
12:12:42;9724;50,00;
12:12:45;9752;50,00;
12:12:48;9740;50,00;
12:12:51;9752;50,01;
12:12:54;9724;50,01;
12:12:57;9736;50,00;
12:13:00;9732;50,00;
12:13:03;9736;50,00;
12:13:12;9724;50,00;
12:13:15;9736;49,99;
12:13:18;9708;49,98;
12:13:21;9740;49,99;
12:13:24;9728;49,99;
12:13:27;9740;49,99;
12:13:30;9744;49,99;
12:13:33;9740;49,99;
12:13:36;9732;49,99;
12:13:39;9740;49,99;
12:13:42;9712;49,99;
12:13:45;9732;49,99;
12:13:48;9724;49,99;
12:13:51;9732;49,99;
12:13:54;9716;49,99;
12:13:57;9736;49,99;
12:14:00;9724;49,99;
12:14:03;9744;50,00;
12:14:06;9724;50,00;
12:14:09;9752;50,00;
12:14:15;9744;49,99;
12:14:18;9720;49,99;
12:14:21;9736;50,00;
12:14:24;9728;49,99;
12:14:27;9732;49,99;
12:14:30;9724;49,99;
12:14:33;9720;49,99;
12:14:36;9732;49,99;
12:14:39;9732;50,00;
12:14:42;9728;50,00;
12:14:45;9736;50,00;
12:14:48;9728;49,99;
12:14:54;9732;49,99;
12:14:57;9708;49,99;
12:15:00;9728;49,99;
12:15:03;9728;50,00;
12:15:06;9732;50,00;
12:15:12;9728;50,00;
12:15:15;9732;49,99;
12:15:21;9732;49,98;
12:15:24;9736;49,98;
12:15:30;9736;49,97;
12:15:36;9740;49,97;
12:15:39;9720;49,97;
12:15:42;9732;49,97;
12:15:45;9744;49,97;
12:15:48;9748;49,97;
12:15:51;9752;49,98;
12:15:57;9756;49,98;
12:16:00;9764;49,98;
12:16:03;9748;49,98;
12:16:06;9764;49,98;
12:16:09;9764;49,97;
12:16:15;9764;49,96;
12:16:18;9760;49,97;
12:16:21;9744;49,97;
12:16:24;9764;49,97;
12:16:27;9768;49,98;
12:16:30;9768;49,99;
12:16:33;9744;49,98;
12:16:36;9764;49,98;
12:16:39;9752;49,98;
12:16:42;9772;49,98;
12:16:45;9748;49,97;
12:16:48;9768;49,97;
12:16:51;9756;49,97;
12:16:54;9768;49,97;
12:16:57;9744;49,98;
12:17:00;9776;49,98;
12:17:03;9764;49,98;
12:17:06;9780;49,98;
12:17:15;9768;49,98;
12:17:18;9784;49,98;
12:17:21;9764;49,98;
12:17:24;9776;49,98;
12:17:27;9768;49,98;
12:17:30;9776;49,98;
12:17:33;9780;49,98;
12:17:39;9784;49,97;
12:17:42;9788;49,97;
12:17:45;9792;49,97;
12:17:48;9800;49,98;
12:17:54;9796;49,98;
12:17:57;9804;49,99;
12:18:00;9808;49,99;
12:18:06;9804;49,99;
12:18:09;9808;49,99;
12:18:12;9804;49,99;
12:18:21;9804;49,98;
12:18:27;9800;49,98;
12:18:30;9804;49,98;
12:18:36;9780;49,98;
12:18:39;9804;49,98;
12:18:42;9800;49,98;
12:18:51;9796;49,98;
12:19:00;9776;49,98;
12:19:03;9792;49,98;
12:19:06;9788;49,98;
12:19:09;9788;49,99;
12:19:12;9784;49,99;
12:19:15;9780;49,99;
12:19:18;9780;49,98;
12:19:24;9768;49,97;
12:19:27;9772;49,97;
12:19:30;9764;49,98;
12:19:33;9768;49,98;
12:19:36;9748;49,98;
12:19:39;9760;49,98;
12:19:42;9752;49,98;
12:19:45;9736;49,97;
12:19:48;9744;49,97;
12:19:51;9752;49,97;
12:19:54;9728;49,98;
12:19:57;9748;49,98;
12:20:00;9732;49,98;
12:20:03;9752;49,98;
12:20:12;9748;49,98;
12:20:15;9764;49,98;
12:20:18;9744;49,97;
12:20:21;9764;49,97;
12:20:24;9748;49,97;
12:20:30;9752;49,97;
12:20:33;9772;49,97;
12:20:36;9760;49,97;
12:20:39;9780;49,97;
12:20:42;9764;49,97;
12:20:45;9780;49,98;
12:20:48;9784;49,98;
12:20:51;9768;49,98;
12:20:54;9796;49,98;
12:21:00;9800;49,98;
12:21:03;9804;49,98;
12:21:06;9808;49,98;
12:21:09;9800;49,98;
12:21:21;9804;49,98;
12:21:24;9808;49,98;
12:21:27;9808;49,99;
12:21:30;9800;49,98;
12:21:33;9792;49,98;
12:21:36;9812;49,98;
12:21:39;9808;49,98;
12:21:42;9812;49,99;
12:21:45;9816;49,98;
12:21:51;9820;49,98;
12:21:57;9804;49,98;
12:22:00;9820;49,98;
12:22:03;9820;49,99;
12:22:06;9820;49,98;
12:22:09;9824;49,98;
12:22:12;9828;49,98;
12:22:15;9832;49,98;
12:22:21;9840;49,98;
12:22:24;9844;49,98;
12:22:27;9840;49,97;
12:22:30;9844;49,97;
12:22:33;9836;49,96;
12:22:36;9840;49,97;
12:22:39;9832;49,97;
12:22:42;9832;49,98;
12:22:48;9844;49,98;
12:22:51;9832;49,98;
12:22:54;9848;49,98;
12:22:57;9828;49,98;
12:23:00;9844;49,98;
12:23:03;9844;49,99;
12:23:06;9848;49,99;
12:23:09;9824;50,00;
12:23:12;9848;50,00;
12:23:15;9836;49,99;
12:23:18;9856;49,99;
12:23:21;9828;49,99;
12:23:27;9836;49,98;
12:23:30;9852;49,98;
12:23:33;9840;49,98;
12:23:36;9852;49,98;
12:23:39;9836;49,98;
12:23:42;9856;49,98;
12:23:48;9840;49,98;
12:23:51;9828;49,99;
12:23:54;9852;49,99;
12:23:57;9836;49,99;
12:24:00;9852;49,99;
12:24:03;9828;49,98;
12:24:06;9848;49,98;
12:24:09;9852;49,98;
12:24:12;9856;49,98;
12:24:15;9832;49,98;
12:24:18;9852;49,98;
12:24:21;9836;49,98;
12:24:24;9852;49,98;
12:24:27;9836;49,98;
12:24:33;9844;49,99;
12:24:36;9848;49,99;
12:24:39;9844;49,99;
12:24:42;9848;49,99;
12:24:45;9856;49,98;
12:24:48;9848;49,99;
12:24:51;9856;49,98;
12:24:57;9852;49,98;
12:25:00;9832;49,98;
12:25:03;9840;49,98;
12:25:06;9816;49,98;
12:25:09;9836;49,98;
12:25:12;9820;49,98;
12:25:15;9836;49,98;
12:25:18;9816;49,98;
12:25:21;9844;49,98;
12:25:24;9828;49,98;
12:25:27;9844;49,98;
12:25:30;9824;49,98;
12:25:33;9848;49,98;
12:25:39;9832;49,98;
12:25:42;9836;49,99;
12:25:45;9856;50,00;
12:25:48;9840;50,00;
12:25:51;9860;50,00;
12:25:54;9840;50,01;
12:25:57;9856;50,00;
12:26:00;9864;50,01;
12:26:03;9868;50,00;
12:26:06;9844;50,00;
12:26:09;9868;50,00;
12:26:12;9844;50,00;
12:26:15;9860;50,00;
12:26:18;9832;49,99;
12:26:24;9840;49,99;
12:26:27;9860;49,99;
12:26:30;9832;49,99;
12:26:33;9852;49,98;
12:26:36;9836;49,98;
12:26:39;9852;49,98;
12:26:42;9848;49,98;
12:26:45;9828;49,99;
12:26:48;9832;49,99;
12:26:51;9848;49,99;
12:26:54;9820;49,99;
12:26:57;9844;49,99;
12:27:00;9828;49,99;
12:27:03;9840;49,99;
12:27:09;9836;50,00;
12:27:12;9820;50,00;
12:27:15;9832;50,00;
12:27:18;9808;50,00;
12:27:21;9832;50,00;
12:27:24;9816;49,99;
12:27:30;9784;49,99;
12:27:33;9816;49,99;
12:27:36;9824;49,99;
12:27:42;9820;50,00;
12:27:48;9832;50,00;
12:27:51;9828;49,99;
12:27:54;9840;50,00;
12:27:57;9824;50,00;
12:28:00;9844;50,00;
12:28:03;9824;50,00;
12:28:06;9844;50,00;
12:28:09;9828;50,00;
12:28:12;9852;50,00;
12:28:15;9840;50,00;
12:28:18;9864;50,00;
12:28:21;9848;49,99;
12:28:24;9876;50,00;
12:28:27;9852;49,99;
12:28:30;9872;49,99;
12:28:36;9876;49,99;
12:28:39;9856;49,99;
12:28:42;9880;49,99;
12:28:45;9868;50,00;
12:28:48;9896;50,00;
12:28:51;9880;50,00;
12:28:54;9900;50,00;
12:28:57;9904;50,00;
12:29:00;9908;50,00;
12:29:03;9888;50,00;
12:29:06;9928;50,00;
12:29:09;9916;50,00;
12:29:12;9924;50,01;
12:29:15;9908;50,02;
12:29:18;9924;50,02;
12:29:21;9908;50,01;
12:29:24;9924;50,01;
12:29:27;9904;50,01;
12:29:30;9932;50,01;
12:29:33;9920;50,01;
12:29:36;9940;50,01;
12:29:42;9944;50,01;
12:29:45;9936;50,01;
12:29:48;9948;50,01;
12:29:51;9944;50,01;
12:29:54;9936;50,01;
12:29:57;9944;50,01;
12:30:00;9928;50,01;
12:30:03;9944;50,01;
12:30:06;9924;50,01;
12:30:09;9948;50,00;
12:30:12;9932;50,00;
12:30:15;9932;49,99;
12:30:18;9956;49,99;
12:30:21;9940;49,99;
12:30:27;9956;49,99;
12:30:30;9980;49,98;
12:30:33;9972;49,98;
12:30:36;9992;49,98;
12:30:39;9980;49,98;
12:30:42;9988;49,98;
12:30:48;9984;49,98;
12:30:51;9988;49,98;
12:30:54;9980;49,98;
12:30:57;9992;49,98;
12:31:00;9980;49,98;
12:31:03;9996;49,99;
12:31:06;9980;49,98;
12:31:09;10004;49,98;
12:31:12;9996;49,97;
12:31:15;10008;49,97;
12:31:18;9988;49,97;
12:31:21;10012;49,98;
12:31:24;9992;49,98;
12:31:27;10012;49,98;
12:31:33;10016;49,98;
12:31:36;10000;49,98;
12:31:39;10016;49,98;
12:31:42;10000;49,97;
12:31:45;10032;49,97;
12:31:48;10016;49,97;
12:31:51;10032;49,97;
12:31:57;10028;49,96;
12:32:00;10020;49,97;
12:32:03;10036;49,97;
12:32:06;10016;49,97;
12:32:09;10040;49,98;
12:32:12;10028;49,98;
12:32:15;10044;49,98;
12:32:18;10028;49,98;
12:32:21;10048;49,97;
12:32:24;10032;49,98;
12:32:27;10056;49,98;
12:32:30;10028;49,98;
12:32:33;10052;49,98;
12:32:39;10052;49,97;
12:32:42;10040;49,97;
12:32:45;10052;49,97;
12:32:48;10044;49,97;
12:32:51;10056;49,97;
12:32:54;10052;49,97;
12:32:57;10048;49,98;
12:33:00;10056;49,98;
12:33:03;10052;49,98;
12:33:06;10056;49,98;
12:33:09;10052;49,98;
12:33:12;10048;49,98;
12:33:15;10052;49,98;
12:33:18;10048;49,98;
12:33:21;10028;49,98;
12:33:24;10044;49,98;
12:33:27;10036;49,98;
12:33:30;10032;49,98;
12:33:33;10024;49,98;
12:33:36;10028;49,97;
12:33:39;10020;49,98;
12:33:45;10012;49,97;
12:33:51;10008;49,97;
12:34:00;10012;49,97;
12:34:03;9988;49,97;
12:34:06;10008;49,97;
12:34:15;10004;49,96;
12:34:18;10000;49,97;
12:34:21;9932;49,97;
12:34:24;10000;49,97;
12:34:30;9948;49,96;
12:34:33;9984;49,96;
12:34:36;9948;49,96;
12:34:39;9976;49,96;
12:34:42;10008;49,97;
12:34:45;9996;49,98;
12:34:48;10004;49,98;
12:34:54;10000;49,97;
12:35:00;10000;49,98;
12:35:03;9996;49,98;
12:35:06;10004;49,98;
12:35:09;10000;49,98;
12:35:15;9972;49,98;
12:35:18;9996;49,98;
12:35:21;9980;49,98;
12:35:24;9976;49,97;
12:35:27;9912;49,97;
12:35:30;9972;49,97;
12:35:36;9996;49,98;
12:35:39;9972;49,98;
12:35:42;9992;49,98;
12:35:45;9984;49,98;
12:35:51;9972;49,98;
12:35:54;9968;49,98;
12:35:57;9980;49,98;
12:36:00;9972;49,98;
12:36:03;9976;49,98;
12:36:06;9972;49,98;
12:36:18;9940;49,98;
12:36:21;9976;49,98;
12:36:24;9980;49,98;
12:36:30;9972;49,98;
12:36:36;9976;49,98;
12:36:42;9972;49,98;
12:36:54;9976;49,98;
12:37:00;9964;49,98;
12:37:03;9976;49,98;
12:37:09;9980;49,98;
12:37:12;9984;49,99;
12:37:15;9980;49,99;
12:37:18;9992;49,99;
12:37:21;9968;49,99;
12:37:24;9924;49,99;
12:37:27;9972;49,98;
12:37:33;9988;49,98;
12:37:36;9984;49,98;
12:37:39;9988;49,98;
12:37:42;9992;49,99;
12:37:48;9996;50,00;
12:37:54;9992;50,00;
12:37:57;10004;50,00;
12:38:00;10008;49,99;
12:38:03;10016;49,99;
12:38:06;10008;49,99;
12:38:09;9988;49,98;
12:38:12;10016;49,98;
12:38:15;10004;49,98;
12:38:18;9976;49,98;
12:38:21;10008;49,99;
12:38:24;10004;49,99;
12:38:27;10020;49,99;
12:38:33;10016;49,98;
12:38:39;10028;49,98;
12:38:42;10004;49,98;
12:38:45;10032;49,98;
12:38:48;10020;49,98;
12:38:54;10000;49,98;
12:38:57;10036;49,98;
12:39:00;10040;49,99;
12:39:03;10044;49,99;
12:39:06;10048;49,98;
12:39:09;10052;49,98;
12:39:12;10052;49,97;
12:39:15;10044;49,97;
12:39:18;10052;49,96;
12:39:21;10044;49,96;
12:39:27;10044;49,97;
12:39:30;10044;49,96;
12:39:33;10052;49,97;
12:39:39;10060;49,97;
12:39:42;10064;49,97;
12:39:45;10072;49,97;
12:39:48;10084;49,98;
12:39:51;10096;49,98;
12:39:54;10100;49,98;
12:39:57;10092;49,98;
12:40:00;10108;49,98;
12:40:03;10132;49,98;
12:40:06;10140;49,97;
12:40:12;10140;49,96;
12:40:21;10112;49,96;
12:40:24;10132;49,96;
12:40:30;10136;49,96;
12:40:36;10140;49,97;
12:40:39;10136;49,97;
12:40:45;10132;49,96;
12:40:48;10136;49,96;
12:40:51;10132;49,96;
12:40:54;10136;49,97;
12:40:57;10112;49,97;
12:41:00;10124;49,97;
12:41:03;10100;49,97;
12:41:09;10064;49,97;
12:41:12;10016;49,96;
12:41:18;10060;49,97;
12:41:21;10064;49,97;
12:41:24;10056;49,97;
12:41:27;10076;49,97;
12:41:30;10080;49,98;
12:41:33;10060;49,98;
12:41:36;10088;49,98;
12:41:39;10076;49,98;
12:41:42;10088;49,98;
12:41:45;10044;49,99;
12:41:51;10048;50,00;
12:41:54;10060;50,00;
12:41:57;10024;50,00;
12:42:00;10056;50,00;
12:42:03;10040;49,99;
12:42:06;10052;49,99;
12:42:09;10048;49,99;
12:42:12;10020;49,99;
12:42:15;10024;49,98;
12:42:18;10036;49,98;
12:42:21;10012;49,99;
12:42:24;10040;49,98;
12:42:27;10028;49,99;
12:42:30;10044;49,99;
12:42:33;10048;49,98;
12:42:39;10024;49,98;
12:42:42;10040;49,97;
12:42:45;10020;49,98;
12:42:48;10040;49,98;
12:42:51;10032;49,99;
12:43:03;10044;49,99;
12:43:06;10036;49,99;
12:43:09;10056;49,98;
12:43:12;10036;49,98;
12:43:15;10068;49,98;
12:43:18;10072;49,98;
12:43:21;10084;49,98;
12:43:24;10064;49,98;
12:43:27;10100;49,98;
12:43:30;10088;49,98;
12:43:33;10112;49,98;
12:43:36;10084;49,98;
12:43:42;10088;49,98;
12:43:45;10104;49,97;
12:43:48;10092;49,98;
12:43:51;10120;49,98;
12:43:54;10108;49,98;
12:43:57;10132;49,98;
12:44:00;10136;49,98;
12:44:03;10124;49,98;
12:44:06;10140;49,98;
12:44:09;10164;49,98;
12:44:12;10144;49,99;
12:44:15;10168;49,99;
12:44:18;10148;49,99;
12:44:21;10172;49,99;
12:44:27;10172;50,00;
12:44:30;10152;50,00;
12:44:33;10168;49,99;
12:44:36;10148;49,99;
12:44:39;10176;49,98;
12:44:42;10156;49,99;
12:44:48;10140;50,00;
12:44:51;10164;50,00;
12:44:54;10136;50,00;
12:44:57;10160;50,00;
12:45:00;10144;50,00;
12:45:03;10168;50,00;
12:45:09;10148;50,00;
12:45:15;10172;50,00;
12:45:18;10160;50,00;
12:45:21;10188;50,00;
12:45:24;10176;50,00;
12:45:27;10192;50,00;
12:45:30;10200;50,00;
12:45:33;10216;49,98;
12:45:36;10208;49,99;
12:45:39;10236;49,99;
12:45:45;10264;49,99;
12:45:48;10256;50,00;
12:45:54;10268;50,00;
12:45:57;10288;50,00;
12:46:00;10308;50,00;
12:46:03;10312;50,00;
12:46:06;10332;50,00;
12:46:09;10324;50,00;
12:46:12;10336;50,00;
12:46:15;10348;50,00;
12:46:18;10376;50,00;
12:46:21;10380;50,00;
12:46:24;10408;50,00;
12:46:27;10396;50,00;
12:46:30;10440;50,00;
12:46:36;10464;50,00;
12:46:39;10460;50,01;
12:46:42;10500;50,01;
12:46:45;10492;50,01;
12:46:48;10524;50,01;
12:46:51;10512;50,01;
12:46:54;10576;50,01;
12:47:00;10636;50,00;
12:47:03;10632;50,01;
12:47:06;10716;50,00;
12:47:09;10736;50,00;
12:47:12;10812;50,00;
12:47:18;10868;50,00;
12:47:21;10864;50,00;
12:47:24;7456;49,99;
12:47:27;9840;49,99;
12:47:30;10832;49,99;
12:47:33;10712;49,99;
12:47:36;10820;50,00;
12:47:39;10872;50,01;
12:47:42;10800;50,01;
12:47:45;10868;50,00;
12:47:48;10844;50,00;
12:47:51;10812;50,00;
12:47:57;10800;50,00;
12:48:00;10796;50,01;
12:48:06;10776;50,00;
12:48:09;10792;50,00;
12:48:12;10780;50,00;
12:48:15;10760;50,00;
12:48:18;10740;49,99;
12:48:21;10784;50,00;
12:48:24;10768;50,00;
12:48:27;10776;50,00;
12:48:30;10708;49,99;
12:48:33;10804;49,99;
12:48:36;10824;49,98;
12:48:39;10868;49,99;
12:48:42;10844;49,99;
12:48:45;10864;49,99;
12:48:51;10876;50,00;
12:48:54;10848;50,00;
12:48:57;10864;50,00;
12:49:00;10872;50,00;
12:49:03;10940;50,00;
12:49:06;10948;50,00;
12:49:09;10964;49,99;
12:49:12;10968;49,99;
12:49:15;10956;49,98;
12:49:18;10936;49,98;
12:49:21;10956;49,98;
12:49:24;10932;49,98;
12:49:27;10944;49,98;
12:49:30;10912;49,98;
12:49:33;10924;49,98;
12:49:36;10900;49,98;
12:49:39;10924;49,99;
12:49:42;10900;49,99;
12:49:45;10916;49,99;
12:49:48;10896;49,98;
12:49:51;10908;49,99;
12:49:57;10916;50,00;
12:50:00;10888;50,00;
12:50:03;10908;50,00;
12:50:06;10892;50,00;
12:50:09;10900;50,00;
12:50:12;10872;50,00;
12:50:15;10888;50,00;
12:50:18;10892;50,00;
12:50:21;10884;49,99;
12:50:24;10852;49,99;
12:50:27;10872;49,99;
12:50:30;10864;49,98;
12:50:33;10872;49,98;
12:50:36;10840;49,98;
12:50:39;10868;49,98;
12:50:42;10848;49,98;
12:50:45;10848;49,99;
12:50:48;10812;49,99;
12:50:51;10840;49,99;
12:50:54;10824;49,99;
12:50:57;10832;49,99;
12:51:03;10820;50,00;
12:51:06;10804;50,00;
12:51:09;10792;49,99;
12:51:12;10780;49,99;
12:51:15;10792;49,98;
12:51:21;10788;49,98;
12:51:24;10796;49,98;
12:51:27;10792;49,98;
12:51:30;10800;49,99;
12:51:36;10796;49,99;
12:51:39;10796;50,00;
12:51:42;10800;50,00;
12:51:45;10796;50,00;
12:51:51;10796;50,01;
12:51:54;10792;50,01;
12:51:57;10776;50,00;
12:52:00;10780;50,00;
12:52:03;10768;50,00;
12:52:09;10752;50,00;
12:52:12;10764;50,00;
12:52:18;10768;50,00;
12:52:21;10776;50,00;
12:52:27;10740;50,00;
12:52:30;10784;50,00;
12:52:33;10800;49,99;
12:52:36;10816;49,99;
12:52:39;10784;49,98;
12:52:42;10848;49,99;
12:52:45;10856;50,00;
12:52:48;10876;50,01;
12:52:54;10888;50,01;
12:52:57;10880;50,01;
12:53:00;10888;50,01;
12:53:03;10864;50,01;
12:53:06;10896;50,01;
12:53:09;10900;50,01;
12:53:12;10908;50,02;
12:53:15;10912;50,01;
12:53:18;10932;50,01;
12:53:21;10940;50,00;
12:53:24;10956;50,00;
12:53:27;10928;50,00;
12:53:30;10976;50,00;
12:53:36;10992;50,00;
12:53:39;10956;50,00;
12:53:42;10996;49,99;
12:53:45;11020;49,99;
12:53:48;11060;49,99;
12:53:51;11040;49,99;
12:53:54;11084;50,00;
12:54:00;11096;50,00;
12:54:03;11076;50,00;
12:54:06;11016;50,00;
12:54:09;11068;50,00;
12:54:12;11156;50,00;
12:54:15;11164;50,00;
12:54:18;11180;50,00;
12:54:21;11192;50,00;
12:54:24;10824;50,00;
12:54:27;10396;50,00;
12:54:30;10700;49,99;
12:54:33;10972;49,99;
12:54:36;11236;49,99;
12:54:39;11280;50,00;
12:54:42;11112;50,00;
12:54:45;6478;50,00;
12:54:48;9176;50,00;
12:54:51;9656;50,00;
12:54:54;11044;50,00;
12:54:57;11252;50,00;
12:55:00;11376;50,00;
12:55:06;11364;49,99;
12:55:09;11356;49,99;
12:55:12;11348;50,00;
12:55:15;11356;49,99;
12:55:18;11328;50,00;
12:55:21;11332;49,99;
12:55:24;11320;50,00;
12:55:27;11324;50,00;
12:55:30;11160;50,00;
12:55:33;11104;49,99;
12:55:36;11252;49,99;
12:55:39;11172;49,99;
12:55:42;10896;49,99;
12:55:45;8052;49,99;
12:55:48;6022;49,98;
12:55:51;6968;49,98;
12:55:54;8868;49,98;
12:55:57;8708;49,98;
12:56:00;10756;49,99;
12:56:03;10708;49,99;
12:56:06;9376;49,99;
12:56:12;10368;50,00;
12:56:15;10248;50,00;
12:56:18;9812;50,00;
12:56:21;10260;49,99;
12:56:24;9348;49,98;
12:56:27;8996;49,98;
12:56:30;9216;49,98;
12:56:33;10208;49,98;
12:56:36;11280;49,98;
12:56:39;11284;49,98;
12:56:42;11204;49,97;
12:56:45;11228;49,98;
12:56:48;11200;49,98;
12:56:54;11192;49,98;
12:56:57;11164;49,98;
12:57:00;11128;49,98;
12:57:03;11112;49,98;
12:57:06;11096;49,98;
12:57:09;11056;49,99;
12:57:12;11036;49,99;
12:57:15;11028;49,99;
12:57:18;11040;49,99;
12:57:21;11036;49,98;
12:57:24;11032;49,98;
12:57:27;11008;49,96;
12:57:30;10996;49,96;
12:57:33;10976;49,96;
12:57:36;10968;49,96;
12:57:39;10952;49,96;
12:57:45;10940;49,96;
12:57:48;10932;49,96;
12:57:51;10908;49,96;
12:57:54;10892;49,96;
12:57:57;10876;49,97;
12:58:03;10816;49,96;
12:58:06;10804;49,96;
12:58:09;10784;49,97;
12:58:12;10772;49,97;
12:58:15;10768;49,98;
12:58:18;10752;49,98;
12:58:21;10700;49,98;
12:58:24;10732;49,98;
12:58:27;10700;49,98;
12:58:30;10684;49,97;
12:58:33;10648;49,97;
12:58:36;10632;49,98;
12:58:39;10608;49,98;
12:58:42;10596;49,98;
12:58:45;10552;49,98;
12:58:48;10572;49,98;
12:58:51;10552;49,98;
12:58:54;10544;49,98;
12:58:57;10540;49,98;
12:59:00;10520;49,98;
12:59:03;10496;49,98;
12:59:09;10476;49,99;
12:59:12;10488;49,99;
12:59:15;10492;50,00;
12:59:21;10472;49,99;
12:59:24;10488;49,98;
12:59:27;10484;49,98;
12:59:30;10456;49,98;
12:59:33;10432;49,98;
12:59:36;10456;49,98;
12:59:39;10428;49,98;
12:59:42;10440;49,98;
12:59:45;10408;49,98;
12:59:51;10392;49,98;
12:59:57;10412;49,98;
13:00:00;10424;49,98;
13:00:03;10396;49,99;
13:00:06;10424;49,99;
13:00:09;10408;49,98;
13:00:15;10388;49,96;
13:00:18;10420;49,96;
13:00:21;10412;49,96;
13:00:24;10416;49,96;
13:00:27;10384;49,95;
13:00:30;10412;49,95;
13:00:33;10408;49,95;
13:00:36;10392;49,94;
13:00:39;10368;49,95;
13:00:42;10396;49,95;
13:00:45;10380;49,95;
13:00:48;10388;49,95;
13:00:51;10352;49,95;
13:00:54;10376;49,95;
13:00:57;10376;49,96;
13:01:00;10372;49,96;
13:01:03;10340;49,95;
13:01:06;10352;49,95;
13:01:09;10336;49,95;
13:01:15;10320;49,95;
13:01:21;10332;49,96;
13:01:24;10320;49,96;
13:01:27;10340;49,96;
13:01:30;10328;49,96;
13:01:33;10348;49,96;
13:01:36;10328;49,96;
13:01:39;10348;49,95;
13:01:42;10348;49,96;
13:01:48;10336;49,95;
13:01:51;10356;49,95;
13:01:54;10336;49,95;
13:01:57;10364;49,95;
13:02:00;10344;49,96;
13:02:06;10332;49,96;
13:02:09;10360;49,96;
13:02:12;10332;49,96;
13:02:15;10356;49,96;
13:02:18;10336;49,96;
13:02:21;10368;49,96;
13:02:24;10372;49,96;
13:02:27;10360;49,96;
13:02:30;10352;49,96;
13:02:33;10380;49,96;
13:02:36;10360;49,96;
13:02:39;10364;49,96;
13:02:42;10344;49,96;
13:02:45;10368;49,95;
13:02:48;10368;49,94;
13:02:51;10388;49,95;
13:02:54;10404;49,95;
13:02:57;10448;49,95;
13:03:00;10448;49,96;
13:03:03;10412;49,96;
13:03:06;8616;49,96;
13:03:12;4968;49,96;
13:03:15;5618;49,96;
13:03:18;9408;49,96;
13:03:21;9260;49,96;
13:03:24;9440;49,96;
13:03:27;9644;49,96;
13:03:30;10164;49,95;
13:03:33;10004;49,95;
13:03:36;10372;49,95;
13:03:39;10460;49,95;
13:03:42;10252;49,95;
13:03:45;10336;49,95;
13:03:48;10380;49,95;
13:03:51;10332;49,95;
13:03:54;10396;49,95;
13:03:57;10404;49,95;
13:04:00;10440;49,96;
13:04:03;10456;49,96;
13:04:06;10440;49,96;
13:04:09;10444;49,96;
13:04:12;10404;49,96;
13:04:18;10332;49,96;
13:04:21;10252;49,96;
13:04:24;10264;49,95;
13:04:27;9832;49,95;
13:04:30;9504;49,95;
13:04:33;9648;49,95;
13:04:36;10024;49,95;
13:04:39;10296;49,95;
13:04:42;10460;49,96;
13:04:45;10440;49,96;
13:04:48;10464;49,96;
13:04:51;10448;49,96;
13:04:57;10412;49,96;
13:05:00;10428;49,96;
13:05:03;10412;49,96;
13:05:06;10436;49,96;
13:05:09;10404;49,96;
13:05:12;10432;49,96;
13:05:15;10420;49,96;
13:05:18;10440;49,96;
13:05:24;10436;49,96;
13:05:27;10412;49,96;
13:05:30;10416;49,96;
13:05:33;10384;49,96;
13:05:36;10424;49,96;
13:05:39;10404;49,96;
13:05:42;10420;49,96;
13:05:48;10404;49,96;
13:05:51;10396;49,96;
13:05:54;10416;49,96;
13:05:57;10388;49,96;
13:06:00;10428;49,96;
13:06:03;10420;49,96;
13:06:06;10440;49,96;
13:06:09;10420;49,96;
13:06:12;10444;49,95;
13:06:15;10444;49,96;
13:06:18;10452;49,96;
13:06:21;10436;49,96;
13:06:27;10452;49,96;
13:06:30;10448;49,96;
13:06:33;10456;49,95;
13:06:36;10436;49,96;
13:06:39;10468;49,96;
13:06:42;10456;49,96;
13:06:45;10480;49,96;
13:06:48;10452;49,96;
13:06:51;10484;49,95;
13:06:54;10464;49,96;
13:06:57;10480;49,96;
13:07:00;10456;49,96;
13:07:03;10484;49,97;
13:07:06;10476;49,97;
13:07:09;10512;49,97;
13:07:15;10540;49,97;
13:07:18;10532;49,98;
13:07:21;10572;49,97;
13:07:24;10556;49,96;
13:07:27;10628;49,96;
13:07:30;10632;49,96;
13:07:33;10668;49,96;
13:07:36;10696;49,96;
13:07:39;10784;49,96;
13:07:42;10792;49,96;
13:07:45;10856;49,96;
13:07:48;10844;49,95;
13:07:51;10300;49,95;
13:07:54;9164;49,96;
13:07:57;8628;49,96;
13:08:00;7360;49,96;
13:08:03;9020;49,96;
13:08:06;10096;49,96;
13:08:09;10596;49,97;
13:08:12;8700;49,96;
13:08:15;4984;49,96;
13:08:21;2523;49,97;
13:08:24;3705;49,97;
13:08:27;6704;49,96;
13:08:30;5680;49,97;
13:08:33;9152;49,96;
13:08:36;10268;49,96;
13:08:39;9232;49,96;
13:08:42;6570;49,97;
13:08:45;7994;49,96;
13:08:48;9436;49,96;
13:08:51;9332;49,96;
13:08:54;8284;49,96;
13:08:57;4474;49,96;
13:09:00;3639;49,97;
13:09:03;3337;49,97;
13:09:06;3042;49,97;
13:09:09;2694;49,98;
13:09:12;3056;49,98;
13:09:15;4296;49,98;
13:09:18;4226;49,98;
13:09:21;3873;49,98;
13:09:27;6892;49,98;
13:09:30;5700;49,97;
13:09:33;6662;49,97;
13:09:36;9592;49,97;
13:09:39;11016;49,97;
13:09:42;10992;49,98;
13:09:45;10908;49,97;
13:09:48;10976;49,97;
13:09:51;10956;49,96;
13:09:54;10988;49,96;
13:09:57;10964;49,96;
13:10:00;10968;49,96;
13:10:03;10900;49,97;
13:10:06;10208;49,97;
13:10:09;9428;49,97;
13:10:12;10656;49,96;
13:10:15;10792;49,97;
13:10:18;10832;49,97;
13:10:21;10372;49,96;
13:10:24;10552;49,96;
13:10:27;10072;49,96;
13:10:33;9904;49,96;
13:10:36;8176;49,96;
13:10:39;3913;49,96;
13:10:42;4590;49,96;
13:10:45;3761;49,96;
13:10:48;2258;49,96;
13:10:51;2280;49,96;
13:10:54;2537;49,96;
13:10:57;2912;49,96;
13:11:00;2755;49,96;
13:11:03;3579;49,96;
13:11:06;6498;49,97;
13:11:09;7534;49,97;
13:11:12;10440;49,97;
13:11:18;9380;49,97;
13:11:21;8260;49,97;
13:11:24;7576;49,97;
13:11:27;7722;49,98;
13:11:30;9344;49,98;
13:11:33;9580;49,98;
13:11:36;10136;49,98;
13:11:39;10488;49,98;
13:11:42;10636;49,98;
13:11:45;10676;49,98;
13:11:48;10664;49,98;
13:11:51;10648;49,98;
13:11:54;10616;49,99;
13:11:57;10604;49,99;
13:12:00;10584;49,99;
13:12:03;10596;49,99;
13:12:06;10568;49,98;
13:12:09;10552;49,98;
13:12:12;10532;49,98;
13:12:15;10516;49,98;
13:12:18;10504;49,98;
13:12:24;10480;49,98;
13:12:27;10472;49,98;
13:12:30;10436;49,99;
13:12:33;10392;49,99;
13:12:36;10404;49,99;
13:12:39;10392;49,99;
13:12:42;10368;49,99;
13:12:45;10380;50,00;
13:12:48;10372;50,00;
13:12:51;10368;50,00;
13:12:54;10352;50,00;
13:12:57;10336;50,00;
13:13:00;10328;49,99;
13:13:03;10324;49,99;
13:13:06;10292;49,99;
13:13:09;10300;49,98;
13:13:12;10292;49,98;
13:13:15;10284;49,98;
13:13:18;10272;49,98;
13:13:24;10256;49,98;
13:13:30;10260;49,98;
13:13:33;10256;49,97;
13:13:36;10248;49,97;
13:13:42;10240;49,97;
13:13:48;10212;49,97;
13:13:51;10232;49,97;
13:13:54;10224;49,98;
13:14:00;10228;49,98;
13:14:03;10224;49,98;
13:14:09;10220;49,98;
13:14:12;10192;49,98;
13:14:15;10208;49,97;
13:14:18;10200;49,98;
13:14:21;10192;49,98;
13:14:24;10184;49,98;
13:14:27;10196;49,98;
13:14:30;10192;49,98;
13:14:36;10188;49,97;
13:14:39;10216;49,97;
13:14:42;10220;49,98;
13:14:45;10244;49,98;
13:14:48;10220;49,99;
13:14:51;10260;49,99;
13:14:57;10244;49,99;
13:15:00;10224;49,99;
13:15:03;10252;49,98;
13:15:06;10220;49,98;
13:15:09;10236;49,98;
13:15:12;10208;49,98;
13:15:15;10236;49,97;
13:15:21;10252;49,98;
13:15:24;10252;49,97;
13:15:27;10260;49,97;
13:15:30;10256;49,97;
13:15:33;10268;49,96;
13:15:36;10272;49,96;
13:15:39;10260;49,96;
13:15:42;10280;49,97;
13:15:45;10296;49,97;
13:15:51;10300;49,97;
13:15:54;10304;49,97;
13:15:57;10304;49,98;
13:16:00;10300;49,98;
13:16:03;10272;49,98;
13:16:06;10296;49,97;
13:16:09;10288;49,97;
13:16:15;10304;49,97;
13:16:18;10316;49,97;
13:16:21;10320;49,97;
13:16:27;10324;49,97;
13:16:30;10336;49,97;
13:16:33;10344;49,97;
13:16:36;10364;49,97;
13:16:39;10356;49,98;
13:16:42;10384;49,98;
13:16:45;10388;49,98;
13:16:48;10376;49,98;
13:16:51;10384;49,98;
13:16:54;10416;49,98;
13:16:57;10392;49,98;
13:17:00;10416;49,98;
13:17:03;10392;49,98;
13:17:06;10420;49,98;
13:17:12;10432;49,98;
13:17:15;10412;49,99;
13:17:18;10444;49,99;
13:17:21;10432;50,00;
13:17:24;10452;50,00;
13:17:27;10432;50,00;
13:17:33;10440;49,99;
13:17:36;10464;49,98;
13:17:39;10440;49,98;
13:17:42;10468;49,98;
13:17:45;10456;49,97;
13:17:48;10472;49,97;
13:17:51;10476;49,97;
13:17:54;10448;49,97;
13:17:57;10464;49,98;
13:18:00;10484;49,98;
13:18:03;10468;49,99;
13:18:06;10504;49,99;
13:18:09;10488;49,99;
13:18:12;10508;49,99;
13:18:18;10524;49,99;
13:18:21;10520;49,99;
13:18:24;10544;49,99;
13:18:27;10528;49,99;
13:18:30;10552;49,99;
13:18:33;10548;49,98;
13:18:39;10560;49,98;
13:18:42;10584;49,98;
13:18:45;10564;49,99;
13:18:48;10588;49,99;
13:18:51;10576;49,99;
13:18:54;10600;49,99;
13:18:57;10600;50,00;
13:19:00;10580;50,00;
13:19:03;10588;50,00;
13:19:06;10612;50,00;
13:19:09;10600;49,99;
13:19:12;10628;49,99;
13:19:15;10620;50,00;
13:19:18;10644;50,00;
13:19:21;10648;50,00;
13:19:24;10656;50,00;
13:19:30;10668;50,00;
13:19:33;10676;49,99;
13:19:36;10680;49,99;
13:19:39;10696;49,99;
13:19:45;10720;49,99;
13:19:48;10708;49,99;
13:19:51;10736;49,99;
13:19:54;10724;49,99;
13:19:57;10740;49,99;
13:20:00;10716;49,99;
13:20:03;10744;50,00;
13:20:06;10752;50,00;
13:20:09;10760;50,00;
13:20:12;10748;50,00;
13:20:15;10784;50,00;
13:20:18;10780;50,00;
13:20:21;10800;50,00;
13:20:24;10772;50,00;
13:20:30;10804;49,99;
13:20:33;10828;49,99;
13:20:36;10820;49,98;
13:20:39;10856;49,98;
13:20:42;10848;49,98;
13:20:45;10876;49,98;
13:20:48;10884;49,97;
13:20:51;10864;49,98;
13:20:54;10904;49,99;
13:20:57;10920;49,99;
13:21:00;10896;49,99;
13:21:03;10932;49,99;
13:21:09;10956;50,00;
13:21:12;10964;50,00;
13:21:15;10984;50,00;
13:21:18;10996;49,99;
13:21:21;11028;49,98;
13:21:24;11032;49,98;
13:21:27;11068;49,98;
13:21:36;11112;49,98;
13:21:39;11132;49,98;
13:21:42;11188;49,98;
13:21:45;11204;49,99;
13:21:48;11256;49,99;
13:21:51;11156;49,99;
13:21:54;10972;50,00;
13:21:57;10884;50,00;
13:22:00;8556;50,00;
13:22:03;7722;50,00;
13:22:06;10804;50,00;
13:22:09;11180;50,00;
13:22:12;11216;50,00;
13:22:15;11108;50,00;
13:22:18;10944;50,00;
13:22:21;10288;50,00;
13:22:24;7412;50,00;
13:22:27;6596;50,00;
13:22:30;10028;50,00;
13:22:33;10900;49,99;
13:22:36;10832;49,99;
13:22:42;10400;49,99;
13:22:45;7656;49,99;
13:22:48;9376;50,00;
13:22:51;10736;50,00;
13:22:54;10828;50,00;
13:22:57;10704;50,00;
13:23:00;10800;50,00;
13:23:03;10680;50,00;
13:23:06;10880;50,00;
13:23:09;10912;50,00;
13:23:12;10936;50,00;
13:23:15;10988;50,00;
13:23:18;10996;50,00;
13:23:21;10944;50,00;
13:23:24;10940;50,00;
13:23:27;10504;50,00;
13:23:30;10428;50,00;
13:23:33;10196;49,99;
13:23:36;9120;49,99;
13:23:39;9452;49,99;
13:23:42;9136;49,99;
13:23:48;10924;50,00;
13:23:51;10764;50,00;
13:23:54;7956;50,00;
13:23:57;7510;50,01;
13:24:00;9440;50,00;
13:24:03;9344;50,00;
13:24:06;9892;50,00;
13:24:09;9904;50,00;
13:24:12;11092;50,00;
13:24:15;11128;50,00;
13:24:18;11072;50,00;
13:24:21;10204;50,00;
13:24:24;9524;50,00;
13:24:27;10456;50,00;
13:24:33;9600;50,00;
13:24:36;8892;50,00;
13:24:39;5128;50,00;
13:24:42;4730;49,99;
13:24:45;8440;49,99;
13:24:48;8796;49,99;
13:24:51;9320;49,99;
13:24:54;10524;50,00;
13:24:57;11184;50,00;
13:25:00;10628;50,00;
13:25:03;10588;50,00;
13:25:06;10988;50,00;
13:25:09;10572;50,00;
13:25:12;10960;50,00;
13:25:15;11180;50,00;
13:25:18;10904;50,00;
13:25:21;10832;50,00;
13:25:24;10376;50,00;
13:25:27;8668;50,00;
13:25:30;10440;50,00;
13:25:33;3445;49,99;
13:25:39;7142;50,00;
13:25:42;6930;50,00;
13:25:45;6490;50,00;
13:25:48;5858;50,00;
13:25:51;4059;50,00;
13:25:54;4746;50,00;
13:25:57;4184;50,00;
13:26:00;3994;50,00;
13:26:03;2545;49,99;
13:26:06;2489;49,98;
13:26:09;2460;49,98;
13:26:12;2472;49,98;
13:26:15;2462;49,99;
13:26:18;2472;49,99;
13:26:21;2475;49,98;
13:26:24;2494;49,98;
13:26:27;2565;49,98;
13:26:30;2585;49,98;
13:26:33;2664;49,98;
13:26:36;2693;49,98;
13:26:39;2790;49,99;
13:26:45;4866;49,99;
13:26:48;4916;49,99;
13:26:51;6154;49,99;
13:26:54;7004;49,99;
13:26:57;6816;49,99;
13:27:00;4532;49,98;
13:27:03;3250;49,98;
13:27:06;3002;49,98;
13:27:09;2966;49,98;
13:27:12;2783;49,98;
13:27:15;2658;49,98;
13:27:18;2645;49,98;
13:27:21;2698;49,98;
13:27:24;2993;49,98;
13:27:27;4638;49,98;
13:27:30;9776;49,98;
13:27:33;10576;49,99;
13:27:36;10696;49,99;
13:27:39;11148;49,99;
13:27:42;11272;50,00;
13:27:45;11220;50,00;
13:27:51;11152;49,99;
13:27:54;11132;49,99;
13:27:57;11084;49,98;
13:28:00;11060;49,98;
13:28:03;11024;49,98;
13:28:06;11004;49,99;
13:28:09;10960;49,99;
13:28:12;10968;49,99;
13:28:15;10928;50,00;
13:28:18;10920;50,00;
13:28:21;10900;50,00;
13:28:24;10896;50,00;
13:28:27;10876;50,00;
13:28:30;10872;50,00;
13:28:33;10844;50,00;
13:28:36;10864;49,99;
13:28:39;10844;49,98;
13:28:42;10832;49,98;
13:28:45;10824;49,98;
13:28:48;10812;49,99;
13:28:51;10784;49,99;
13:28:54;10788;49,99;
13:28:57;10780;49,99;
13:29:00;10756;49,99;
13:29:03;10732;49,99;
13:29:06;10736;50,00;
13:29:09;10700;50,00;
13:29:12;10716;50,00;
13:29:15;10684;50,00;
13:29:18;10696;49,99;
13:29:21;10656;50,00;
13:29:24;10672;49,99;
13:29:27;10644;49,99;
13:29:30;10648;49,98;
13:29:33;10620;49,98;
13:29:36;10628;49,98;
13:29:42;10612;49,98;
13:29:45;10596;49,98;
13:29:48;10600;49,99;
13:29:51;10576;49,98;
13:29:54;10592;49,99;
13:30:00;10568;49,99;
13:30:03;10588;49,99;
13:30:06;10588;49,98;
13:30:18;10580;49,98;
13:30:21;10576;49,98;
13:30:24;10556;49,98;
13:30:27;10580;49,97;
13:30:30;10584;49,97;
13:30:33;10588;49,97;
13:30:36;10592;49,97;
13:30:39;10596;49,97;
13:30:42;10600;49,98;
13:30:48;10592;49,98;
13:30:51;10572;49,97;
13:30:54;10584;49,97;
13:30:57;10588;49,97;
13:31:00;10588;49,96;
13:31:03;10592;49,97;
13:31:06;10572;49,97;
13:31:09;10600;49,97;
13:31:12;10616;49,97;
13:31:15;10620;49,97;
13:31:18;10624;49,97;
13:31:21;10628;49,97;
13:31:24;10644;49,97;
13:31:27;10652;49,97;
13:31:30;10628;49,97;
13:31:33;10676;49,97;
13:31:36;10672;49,98;
13:31:39;10684;49,98;
13:31:42;10688;49,98;
13:31:45;10708;49,98;
13:31:48;10748;49,98;
13:31:54;10796;49,99;
13:31:57;10800;49,99;
13:32:00;10816;50,00;
13:32:03;10836;50,00;
13:32:06;10884;50,00;
13:32:09;10888;49,99;
13:32:12;10612;49,99;
13:32:15;10556;49,99;
13:32:18;5102;49,98;
13:32:21;4140;49,98;
13:32:24;5338;49,98;
13:32:27;3399;49,98;
13:32:30;3513;49,97;
13:32:33;3723;49,97;
13:32:36;3527;49,97;
13:32:39;3410;49,97;
13:32:42;2786;49,97;
13:32:45;2976;49,97;
13:32:48;6282;49,98;
13:32:51;5800;49,97;
13:32:54;3053;49,98;
13:33:00;3205;49,98;
13:33:03;3833;49,98;
13:33:06;5220;49,98;
13:33:09;4360;49,98;
13:33:12;4808;49,98;
13:33:15;5872;49,98;
13:33:18;7402;49,98;
13:33:21;9920;49,98;
13:33:24;11268;49,98;
13:33:27;10696;49,98;
13:33:30;8836;49,98;
13:33:33;10408;49,98;
13:33:36;11084;49,98;
13:33:39;11176;49,98;
13:33:45;8380;49,99;
13:33:48;6740;49,99;
13:33:51;6082;49,99;
13:33:54;5288;49,99;
13:33:57;4402;50,00;
13:34:00;4318;50,00;
13:34:03;4210;50,00;
13:34:06;3678;50,00;
13:34:09;2693;50,00;
13:34:12;2675;50,00;
13:34:15;2662;49,99;
13:34:18;2654;49,99;
13:34:21;2651;49,98;
13:34:24;2723;49,98;
13:34:27;2953;49,98;
13:34:30;4660;49,99;
13:34:33;3407;49,99;
13:34:36;3527;49,99;
13:34:39;5912;49,99;
13:34:42;6844;49,99;
13:34:45;7430;49,99;
13:34:51;6310;49,99;
13:34:54;4444;49,99;
13:34:57;3911;49,99;
13:35:00;3966;49,99;
13:35:03;3236;49,99;
13:35:06;3095;50,00;
13:35:09;2998;50,00;
13:35:12;2940;50,00;
13:35:15;2865;49,99;
13:35:18;2932;49,99;
13:35:21;3717;49,99;
13:35:24;5868;49,99;
13:35:27;7132;49,99;
13:35:30;7970;49,98;
13:35:33;9648;49,98;
13:35:36;9060;49,99;
13:35:39;8504;49,99;
13:35:42;8928;49,99;
13:35:45;8956;49,99;
13:35:48;8588;49,99;
13:35:51;8076;49,99;
13:35:57;10652;50,00;
13:36:00;11096;50,01;
13:36:03;11128;50,01;
13:36:06;11228;50,01;
13:36:09;11188;50,00;
13:36:12;11184;50,00;
13:36:15;11152;50,00;
13:36:18;11080;50,00;
13:36:21;11200;50,00;
13:36:27;11140;49,99;
13:36:30;11172;49,99;
13:36:33;11156;49,99;
13:36:36;11144;49,99;
13:36:39;11116;49,98;
13:36:42;11128;49,98;
13:36:45;11120;49,98;
13:36:51;11072;49,98;
13:36:54;11132;49,98;
13:36:57;11148;49,99;
13:37:03;11164;49,99;
13:37:06;11212;49,99;
13:37:09;11176;50,00;
13:37:12;10880;50,00;
13:37:15;8576;50,00;
13:37:18;7002;50,00;
13:37:21;6214;50,00;
13:37:24;5852;50,00;
13:37:27;5314;49,99;
13:37:30;4500;49,99;
13:37:33;4606;49,99;
13:37:36;5100;49,98;
13:37:39;5656;49,98;
13:37:42;7832;49,99;
13:37:45;10332;49,99;
13:37:48;11312;50,00;
13:37:51;11356;50,01;
13:37:54;11328;50,01;
13:37:57;11276;50,01;
13:38:00;11296;50,01;
13:38:03;11272;50,01;
13:38:06;11268;50,01;
13:38:09;11228;50,01;
13:38:12;11180;50,01;
13:38:15;11188;50,01;
13:38:18;11136;50,01;
13:38:21;11140;50,01;
13:38:24;11076;50,01;
13:38:27;11112;50,01;
13:38:30;11108;50,01;
13:38:33;11100;50,01;
13:38:36;11044;50,01;
13:38:39;11060;50,01;
13:38:42;10996;50,00;
13:38:45;10916;50,00;
13:38:48;10920;50,00;
13:38:54;10840;50,00;
13:38:57;10936;50,00;
13:39:00;11008;50,00;
13:39:03;11016;50,00;
13:39:06;11040;50,01;
13:39:09;11088;50,01;
13:39:12;11080;50,00;
13:39:15;10980;50,00;
13:39:18;10632;50,00;
13:39:21;10900;50,00;
13:39:24;9440;50,00;
13:39:27;9620;50,00;
13:39:30;10540;50,00;
13:39:33;10740;50,01;
13:39:36;10796;50,01;
13:39:39;10628;50,01;
13:39:42;10560;50,00;
13:39:45;9808;50,00;
13:39:48;4638;50,00;
13:39:51;4082;50,00;
13:39:54;6102;50,01;
13:40:00;10484;50,01;
13:40:03;10656;50,00;
13:40:06;8856;50,00;
13:40:09;7492;50,00;
13:40:12;3722;50,00;
13:40:15;3371;50,00;
13:40:18;3306;50,00;
13:40:21;3250;50,00;
13:40:24;3605;50,00;
13:40:27;4234;50,00;
13:40:30;5532;50,00;
13:40:33;4884;50,00;
13:40:36;3589;50,00;
13:40:39;3289;50,00;
13:40:42;3111;50,00;
13:40:45;3104;50,00;
13:40:48;3233;50,00;
13:40:51;3651;50,00;
13:40:54;3937;50,01;
13:40:57;3654;50,01;
13:41:00;3687;50,01;
13:41:06;4732;50,01;
13:41:09;4682;50,01;
13:41:12;6432;50,01;
13:41:15;7546;50,01;
13:41:18;10024;50,00;
13:41:21;10288;50,00;
13:41:24;10544;50,00;
13:41:27;11124;50,00;
13:41:30;11160;50,00;
13:41:33;11108;50,00;
13:41:36;11100;50,00;
13:41:39;11056;50,00;
13:41:42;10968;50,00;
13:41:45;10920;50,00;
13:41:48;10960;49,99;
13:41:51;10940;49,99;
13:41:54;10964;49,99;
13:41:57;10928;49,99;
13:42:00;10960;50,00;
13:42:03;10940;50,00;
13:42:06;10928;50,00;
13:42:12;10884;50,00;
13:42:15;10852;49,99;
13:42:18;10840;50,00;
13:42:21;10796;50,00;
13:42:24;10812;50,00;
13:42:27;10760;50,00;
13:42:30;10768;50,00;
13:42:33;10748;50,00;
13:42:36;10724;49,99;
13:42:39;10676;49,99;
13:42:42;10680;49,99;
13:42:45;10624;49,99;
13:42:48;10632;50,00;
13:42:51;10600;50,00;
13:42:57;10572;50,00;
13:43:00;10560;50,00;
13:43:03;10540;50,00;
13:43:06;10520;49,99;
13:43:09;10496;49,99;
13:43:12;10464;49,99;
13:43:15;10476;49,99;
13:43:18;10468;49,99;
13:43:21;10448;49,99;
13:43:24;10412;49,99;
13:43:27;10416;50,00;
13:43:30;10384;50,00;
13:43:33;10396;49,99;
13:43:36;10372;49,99;
13:43:39;10388;49,99;
13:43:42;10296;49,98;
13:43:45;10364;49,99;
13:43:48;10344;49,99;
13:43:51;10356;49,99;
13:43:54;10304;49,99;
13:43:57;10344;49,98;
13:44:03;10320;49,99;
13:44:06;10308;50,00;
13:44:09;10328;49,99;
13:44:12;10300;49,98;
13:44:15;10312;49,98;
13:44:18;10280;49,98;
13:44:21;10300;49,98;
13:44:24;10296;49,98;
13:44:27;10272;49,96;
13:44:30;10240;49,96;
13:44:33;10272;49,97;
13:44:36;10248;49,97;
13:44:39;10272;49,97;
13:44:42;10240;49,98;
13:44:45;10272;49,98;
13:44:48;10260;49,98;
13:44:51;10276;49,98;
13:44:54;10252;49,99;
13:44:57;10272;50,00;
13:45:00;10260;50,00;
13:45:03;10236;50,00;
13:45:09;10244;49,99;
13:45:12;10220;49,99;
13:45:15;10236;49,98;
13:45:18;10204;49,98;
13:45:21;10232;49,97;
13:45:24;10212;49,96;
13:45:27;10228;49,96;
13:45:33;10220;49,96;
13:45:36;10196;49,96;
13:45:39;10216;49,96;
13:45:42;10184;49,96;
13:45:45;10208;49,97;
13:45:48;10188;49,97;
13:45:51;10196;49,97;
13:45:54;10128;49,97;
13:45:57;10168;49,97;
13:46:00;10164;49,97;
13:46:03;10164;49,98;
13:46:06;10152;49,98;
13:46:09;10156;49,98;
13:46:15;10140;49,98;
13:46:18;10136;49,97;
13:46:21;10124;49,97;
13:46:24;10116;49,97;
13:46:27;10100;49,97;
13:46:30;10104;49,97;
13:46:33;10072;49,97;
13:46:36;10096;49,97;
13:46:39;10080;49,98;
13:46:48;10084;49,98;
13:46:51;10072;49,98;
13:46:54;10064;49,98;
13:47:00;10060;49,98;
13:47:03;10040;49,98;
13:47:06;10056;49,98;
13:47:09;10028;49,98;
13:47:12;10036;49,98;
13:47:15;9988;49,97;
13:47:18;10036;49,97;
13:47:21;10032;49,97;
13:47:24;10028;49,97;
13:47:27;10008;49,97;
13:47:30;10024;49,96;
13:47:33;10000;49,96;
13:47:36;10012;49,96;
13:47:39;9988;49,96;
13:47:42;10004;49,96;
13:47:45;9972;49,97;
13:47:48;9992;49,97;
13:47:51;9972;49,97;
13:47:54;9992;49,97;
13:47:57;9976;49,97;
13:48:00;9992;49,98;
13:48:06;9996;49,98;
13:48:09;9988;49,98;
13:48:15;9984;49,98;
13:48:21;9980;49,98;
13:48:24;9944;49,98;
13:48:27;9976;49,98;
13:48:30;9968;49,98;
13:48:36;9960;49,98;
13:48:39;9956;49,98;
13:48:45;9964;49,99;
13:48:48;9932;49,99;
13:48:51;9936;49,99;
13:48:54;9972;49,99;
13:48:57;9968;49,99;
13:49:06;9964;49,98;
13:49:15;9960;49,98;
13:49:18;9956;49,98;
13:49:21;9952;49,98;
13:49:24;9948;49,98;
13:49:27;9940;49,97;
13:49:30;9916;49,97;
13:49:33;9936;49,97;
13:49:36;9932;49,97;
13:49:42;9924;49,97;
13:49:45;9928;49,97;
13:49:48;9924;49,97;
13:49:54;9900;49,97;
13:49:57;9920;49,97;
13:50:00;9916;49,98;
13:50:03;9920;49,98;
13:50:12;9920;49,97;
13:50:18;9916;49,98;
13:50:21;9920;49,98;
13:50:24;9916;49,97;
13:50:27;9912;49,97;
13:50:30;9912;49,98;
13:50:33;9904;49,98;
13:50:36;9880;49,98;
13:50:39;9900;49,98;
13:50:42;9888;49,97;
13:50:45;9880;49,97;
13:50:48;9872;49,98;
13:50:51;9868;49,98;
13:50:57;9876;49,99;
13:51:00;9772;49,99;
13:51:03;9864;49,99;
13:51:06;9840;49,99;
13:51:09;9860;49,99;
13:51:12;9856;49,99;
13:51:15;9860;49,99;
13:51:18;9840;49,99;
13:51:24;9844;49,98;
13:51:27;9864;49,98;
13:51:45;9836;49,98;
13:51:48;9864;49,98;
13:51:54;9860;49,98;
13:51:57;9856;49,98;
13:52:00;9852;49,98;
13:52:03;9848;49,99;
13:52:09;9836;49,99;
13:52:12;9828;49,99;
13:52:15;9820;49,99;
13:52:18;9824;49,99;
13:52:21;9836;49,98;
13:52:27;9832;49,98;
13:52:30;9848;49,98;
13:52:33;9844;49,98;
13:52:39;9856;49,98;
13:52:45;9864;49,98;
13:52:48;9856;49,98;
13:52:51;9840;49,98;
13:52:54;9852;49,98;
13:52:57;9848;49,99;
13:53:00;9852;49,99;
13:53:03;9848;50,00;
13:53:06;9852;50,00;
13:53:09;9836;50,00;
13:53:15;9848;50,00;
13:53:21;9816;50,00;
13:53:24;9832;50,01;
13:53:27;9816;50,00;
13:53:30;9832;50,00;
13:53:36;9800;50,00;
13:53:39;9808;50,00;
13:53:42;9828;50,00;
13:53:45;9804;50,00;
13:53:48;9828;50,00;
13:53:51;9808;50,00;
13:53:54;9832;50,00;
13:54:00;9828;50,00;
13:54:03;9808;50,00;
13:54:06;9832;50,00;
13:54:09;9800;50,00;
13:54:12;9828;50,00;
13:54:15;9808;50,00;
13:54:24;9828;50,00;
13:54:27;9820;49,99;
13:54:30;9844;49,99;
13:54:33;9824;49,99;
13:54:36;9844;49,99;
13:54:42;9824;49,99;
13:54:48;9812;49,99;
13:54:51;9816;49,99;
13:54:54;9788;50,00;
13:54:57;9792;50,00;
13:55:00;9828;50,00;
13:55:03;9832;50,00;
13:55:06;9828;49,99;
13:55:09;9808;49,99;
13:55:12;9828;49,99;
13:55:15;9804;49,99;
13:55:18;9832;49,98;
13:55:21;9808;49,99;
13:55:30;9840;50,00;
13:55:33;9816;49,99;
13:55:36;9832;49,99;
13:55:39;9804;49,99;
13:55:42;9832;49,99;
13:55:45;9824;49,99;
13:55:48;9800;49,99;
13:55:51;9784;50,00;
13:55:54;9808;50,00;
13:55:57;9796;50,00;
13:56:00;9816;50,00;
13:56:03;9820;50,00;
13:56:06;9804;50,01;
13:56:12;9800;50,01;
13:56:15;9816;50,01;
13:56:18;9800;50,01;
13:56:21;9816;50,01;
13:56:24;9796;50,00;
13:56:27;9812;50,01;
13:56:33;9772;50,00;
13:56:36;9808;50,01;
13:56:39;9836;50,00;
13:56:42;9816;50,00;
13:56:45;9848;50,00;
13:56:48;9828;50,00;
13:56:51;9844;50,00;
13:56:54;9840;50,01;
13:56:57;9832;50,01;
13:57:00;9804;50,01;
13:57:03;9824;50,00;
13:57:06;9796;50,00;
13:57:09;9828;50,00;
13:57:12;9808;50,00;
13:57:18;9812;49,99;
13:57:21;9832;50,00;
13:57:24;9808;50,00;
13:57:27;9832;50,00;
13:57:30;9812;49,99;
13:57:33;9840;49,99;
13:57:39;9812;49,98;
13:57:42;9820;49,99;
13:57:45;9848;50,00;
13:57:48;9820;50,00;
13:57:51;9836;49,99;
13:57:54;9804;49,99;
13:57:57;9828;49,99;
13:58:00;9828;49,98;
13:58:03;9812;49,99;
13:58:06;9780;49,99;
13:58:12;9760;49,98;
13:58:15;9752;49,98;
13:58:18;9760;49,97;
13:58:24;9764;49,97;
13:58:27;9740;49,98;
13:58:30;9748;49,98;
13:58:33;9720;49,98;
13:58:36;9728;49,98;
13:58:39;9696;49,98;
13:58:42;9712;49,98;
13:58:45;9700;49,98;
13:58:48;9724;49,99;
13:58:51;9696;49,98;
13:58:54;9748;49,98;
13:58:57;9744;49,98;
13:59:00;9696;49,98;
13:59:03;9744;49,98;
13:59:06;9736;49,98;
13:59:09;9736;49,99;
13:59:12;9716;50,00;
13:59:15;9712;50,00;
13:59:18;9716;49,99;
13:59:21;9708;49,99;
13:59:24;9720;49,99;
13:59:30;9712;49,98;
13:59:33;9692;49,98;
13:59:36;9672;49,98;
13:59:39;9652;49,98;
13:59:42;9684;49,99;
13:59:45;9708;49,99;
13:59:48;9740;49,99;
13:59:51;9696;49,99;
13:59:54;9748;50,00;
13:59:57;9732;50,00;
14:00:00;9736;50,00;
14:00:03;9696;49,99;
14:00:06;9724;49,99;
14:00:09;9676;49,99;
14:00:12;9720;49,98;
14:00:15;9676;49,98;
14:00:18;9684;49,98;
14:00:21;9660;49,98;
14:00:24;9624;49,96;
14:00:27;9644;49,96;
14:00:30;9660;49,96;
14:00:36;9644;49,95;
14:00:39;9580;49,96;
14:00:42;9612;49,96;
14:00:45;9608;49,96;
14:00:48;9632;49,96;
14:00:51;9624;49,95;
14:00:54;9640;49,96;
14:00:57;9664;49,95;
14:01:00;9668;49,95;
14:01:03;9652;49,95;
14:01:06;9676;49,95;
14:01:09;9664;49,95;
14:01:12;9672;49,95;
14:01:15;9668;49,95;
14:01:21;9676;49,95;
14:01:24;9664;49,95;
14:01:27;9668;49,96;
14:01:30;9652;49,96;
14:01:33;9676;49,96;
14:01:36;9656;49,95;
14:01:39;9688;49,95;
14:01:45;9684;49,96;
14:01:48;9660;49,96;
14:01:51;9688;49,96;
14:01:54;9664;49,96;
14:01:57;9688;49,96;
14:02:00;9660;49,96;
14:02:03;9684;49,96;
14:02:06;9652;49,95;
14:02:09;9664;49,96;
14:02:12;9652;49,96;
14:02:15;9680;49,96;
14:02:18;9656;49,95;
14:02:21;9680;49,95;
14:02:27;9688;49,95;
14:02:30;9668;49,95;
14:02:33;9696;49,95;
14:02:36;9664;49,95;
14:02:39;9676;49,95;
14:02:42;9652;49,96;
14:02:45;9680;49,96;
14:02:51;9676;49,95;
14:02:54;9648;49,96;
14:02:57;9644;49,95;
14:03:00;9628;49,96;
14:03:03;9664;49,96;
14:03:06;9644;49,96;
14:03:09;9664;49,95;
14:03:12;9640;49,96;
14:03:15;9692;49,96;
14:03:18;9676;49,96;
14:03:21;9604;49,97;
14:03:24;9580;49,96;
14:03:27;9576;49,96;
14:03:33;9684;49,96;
14:03:36;9736;49,96;
14:03:39;9788;49,96;
14:03:42;9804;49,96;
14:03:45;9796;49,96;
14:03:48;9844;49,96;
14:03:51;9832;49,96;
14:03:54;9876;49,96;
14:03:57;9900;49,96;
14:04:00;9948;49,96;
14:04:03;9992;49,96;
14:04:06;10008;49,95;
14:04:09;10020;49,96;
14:04:12;10012;49,95;
14:04:15;9440;49,95;
14:04:18;4966;49,95;
14:04:21;4002;49,96;
14:04:24;2892;49,96;
14:04:27;2221;49,96;
14:04:30;1793;49,95;
14:04:33;1579;49,96;
14:04:39;1578;49,97;
14:04:42;1590;49,96;
14:04:45;1633;49,97;
14:04:48;1653;49,96;
14:04:51;1679;49,96;
14:04:54;1701;49,96;
14:04:57;1724;49,97;
14:05:00;1784;49,97;
14:05:03;1945;49,97;
14:05:06;2178;49,96;
14:05:09;2333;49,96;
14:05:12;2733;49,96;
14:05:15;2514;49,96;
14:05:18;2321;49,96;
14:05:24;3568;49,97;
14:05:27;4834;49,97;
14:05:30;9172;49,98;
14:05:33;9724;49,98;
14:05:36;9884;49,98;
14:05:39;8956;49,97;
14:05:42;8022;49,97;
14:05:45;8328;49,96;
14:05:48;9184;49,96;
14:05:51;8720;49,96;
14:05:54;8224;49,96;
14:05:57;7400;49,96;
14:06:00;6596;49,96;
14:06:03;6506;49,97;
14:06:06;6782;49,96;
14:06:09;8220;49,97;
14:06:12;7696;49,97;
14:06:15;6032;49,97;
14:06:18;5316;49,97;
14:06:21;3741;49,97;
14:06:24;4500;49,96;
14:06:30;8936;49,96;
14:06:33;8500;49,96;
14:06:36;9396;49,96;
14:06:39;9472;49,97;
14:06:42;9724;49,97;
14:06:45;9848;49,97;
14:06:48;9932;49,96;
14:06:51;9800;49,97;
14:06:54;9864;49,97;
14:06:57;9924;49,97;
14:07:00;9892;49,97;
14:07:03;9960;49,97;
14:07:06;9916;49,97;
14:07:09;9976;49,97;
14:07:12;10012;49,97;
14:07:18;9976;49,96;
14:07:21;10004;49,96;
14:07:24;9968;49,96;
14:07:27;9960;49,96;
14:07:30;9964;49,96;
14:07:36;9908;49,96;
14:07:39;9888;49,96;
14:07:42;9840;49,96;
14:07:45;9824;49,96;
14:07:48;9796;49,96;
14:07:51;9768;49,97;
14:07:54;9760;49,97;
14:07:57;9784;49,97;
14:08:00;9832;49,96;
14:08:06;9776;49,96;
14:08:09;9804;49,95;
14:08:12;9820;49,96;
14:08:15;9844;49,95;
14:08:18;9832;49,95;
14:08:21;9864;49,95;
14:08:27;9872;49,95;
14:08:30;9816;49,95;
14:08:33;9796;49,94;
14:08:36;9748;49,94;
14:08:42;9840;49,95;
14:08:45;9852;49,95;
14:08:48;9808;49,96;
14:08:51;9852;49,96;
14:08:54;9820;49,96;
14:08:57;9784;49,96;
14:09:00;9736;49,96;
14:09:03;9672;49,96;
14:09:06;9692;49,96;
14:09:09;9632;49,96;
14:09:12;9532;49,95;
14:09:15;9596;49,95;
14:09:18;9616;49,95;
14:09:21;9604;49,95;
14:09:24;9372;49,96;
14:09:27;9280;49,96;
14:09:30;9728;49,95;
14:09:33;9716;49,94;
14:09:36;9704;49,94;
14:09:39;9688;49,95;
14:09:42;9680;49,95;
14:09:45;9668;49,95;
14:09:48;9664;49,96;
14:09:51;9660;49,95;
14:09:54;9656;49,95;
14:09:57;9652;49,94;
14:10:00;9644;49,94;
14:10:03;9644;49,95;
14:10:06;9644;49,96;
14:10:09;9632;49,96;
14:10:12;9636;49,96;
14:10:15;9640;49,95;
14:10:21;9644;49,95;
14:10:24;9648;49,95;
14:10:27;9644;49,95;
14:10:36;9640;49,95;
14:10:39;9636;49,94;
14:10:42;9632;49,94;
14:10:51;9588;49,94;
14:10:54;9624;49,94;
14:11:00;9620;49,95;
14:11:06;9612;49,95;
14:11:09;9608;49,95;
14:11:12;9612;49,95;
14:11:15;9572;49,94;
14:11:18;9616;49,95;
14:11:21;9612;49,95;
14:11:24;9616;49,95;
14:11:27;9592;49,95;
14:11:30;9616;49,95;
14:11:33;9608;49,94;
14:11:39;9568;49,94;
14:11:42;9600;49,94;
14:11:45;9584;49,94;
14:11:48;9600;49,94;
14:11:51;9572;49,94;
14:11:54;9608;49,94;
14:11:57;9612;49,94;
14:12:00;9608;49,95;
14:12:03;9588;49,96;
14:12:06;9628;49,96;
14:12:09;9616;49,96;
14:12:15;9576;49,96;
14:12:18;9608;49,96;
14:12:21;9604;49,96;
14:12:24;9600;49,95;
14:12:27;9564;49,95;
14:12:30;9596;49,95;
14:12:33;9580;49,95;
14:12:36;9592;49,95;
14:12:39;9556;49,95;
14:12:45;9572;49,95;
14:12:48;9588;49,95;
14:12:51;9556;49,94;
14:12:54;9600;49,94;
14:12:57;9604;49,94;
14:13:00;9632;49,94;
14:13:03;9640;49,94;
14:13:06;9616;49,94;
14:13:09;9636;49,95;
14:13:12;9648;49,96;
14:13:15;9620;49,96;
14:13:18;9640;49,96;
14:13:21;9636;49,96;
14:13:30;9612;49,96;
14:13:33;9616;49,95;
14:13:36;9604;49,95;
14:13:39;9620;49,94;
14:13:42;9604;49,94;
14:13:45;9640;49,94;
14:13:51;9640;49,95;
14:13:54;9608;49,95;
14:13:57;9640;49,96;
14:14:00;9624;49,96;
14:14:03;9660;49,96;
14:14:06;9636;49,96;
14:14:09;9664;49,96;
14:14:12;9660;49,96;
14:14:15;9656;49,96;
14:14:18;9548;49,95;
14:14:21;9616;49,95;
14:14:24;9564;49,95;
14:14:27;9580;49,95;
14:14:30;9540;49,95;
14:14:36;9508;49,95;
14:14:39;9612;49,95;
14:14:42;9628;49,95;
14:14:45;9660;49,95;
14:14:48;9656;49,95;
14:14:51;9692;49,95;
14:14:54;9696;49,95;
14:14:57;9672;49,96;
14:15:03;9696;49,96;
14:15:06;9688;49,96;
14:15:09;9724;49,96;
14:15:12;9688;49,96;
14:15:15;9712;49,97;
14:15:21;9736;49,97;
14:15:24;9720;49,96;
14:15:27;9748;49,96;
14:15:30;9724;49,95;
14:15:33;9756;49,96;
14:15:36;9732;49,96;
14:15:42;9716;49,96;
14:15:45;9748;49,96;
14:15:48;9736;49,96;
14:15:51;9760;49,96;
14:15:54;9720;49,96;
14:15:57;9744;49,96;
14:16:03;9720;49,96;
14:16:06;9696;49,96;
14:16:09;9720;49,96;
14:16:12;9704;49,96;
14:16:15;9712;49,96;
14:16:18;9696;49,97;
14:16:21;9724;49,97;
14:16:24;9736;49,97;
14:16:27;9764;49,97;
14:16:30;9796;49,97;
14:16:33;9804;49,97;
14:16:36;9836;49,97;
14:16:39;9828;49,97;
14:16:42;9844;49,97;
14:16:48;9832;49,96;
14:16:51;9808;49,96;
14:16:54;9756;49,97;
14:16:57;9156;49,97;
14:17:00;8936;49,97;
14:17:03;9200;49,96;
14:17:06;9452;49,96;
14:17:09;9592;49,96;
14:17:12;7758;49,96;
14:17:15;7706;49,96;
14:17:18;9072;49,96;
14:17:21;9404;49,97;
14:17:24;9816;49,96;
14:17:27;9832;49,97;
14:17:30;9836;49,96;
14:17:33;8092;49,96;
14:17:36;7280;49,96;
14:17:39;8332;49,96;
14:17:42;7220;49,96;
14:17:45;6224;49,96;
14:17:48;3928;49,96;
14:17:54;7144;49,97;
14:17:57;6734;49,97;
14:18:00;6970;49,98;
14:18:03;7536;49,98;
14:18:06;8732;49,97;
14:18:09;7778;49,97;
14:18:12;7092;49,98;
14:18:15;7090;49,98;
14:18:18;9112;49,98;
14:18:21;9400;49,98;
14:18:24;7966;49,98;
14:18:27;7440;49,98;
14:18:30;9128;49,98;
14:18:33;9284;49,97;
14:18:36;9572;49,97;
14:18:39;9820;49,96;
14:18:42;9892;49,96;
14:18:45;9952;49,96;
14:18:48;9964;49,97;
14:18:51;9988;49,98;
14:18:54;9968;49,98;
14:18:57;9980;49,99;
14:19:00;9964;49,99;
14:19:03;9932;50,00;
14:19:06;9904;50,00;
14:19:09;9880;50,00;
14:19:12;9836;49,99;
14:19:15;9824;49,99;
14:19:18;9796;49,99;
14:19:21;9804;49,99;
14:19:24;9772;49,98;
14:19:27;9796;49,98;
14:19:30;9768;49,98;
14:19:33;9768;49,99;
14:19:36;9720;49,99;
14:19:39;9712;50,00;
14:19:45;9640;49,99;
14:19:48;9584;49,99;
14:19:51;9556;49,98;
14:19:54;9472;49,98;
14:19:57;9252;49,98;
14:20:00;9288;49,98;
14:20:03;9444;49,98;
14:20:06;9460;49,98;
14:20:09;9464;49,98;
14:20:12;9416;49,98;
14:20:15;9428;49,98;
14:20:18;9392;49,98;
14:20:21;9376;49,98;
14:20:24;9340;49,98;
14:20:27;9360;49,98;
14:20:30;9344;49,98;
14:20:33;9384;49,97;
14:20:36;9368;49,97;
14:20:39;9424;49,97;
14:20:45;9448;49,97;
14:20:51;9460;49,98;
14:20:54;9444;49,98;
14:20:57;9472;49,99;
14:21:00;9444;49,99;
14:21:03;9476;49,99;
14:21:06;9460;49,98;
14:21:09;9484;49,98;
14:21:15;9492;49,98;
14:21:18;9476;49,98;
14:21:21;9492;49,98;
14:21:24;9464;49,98;
14:21:27;9496;49,98;
14:21:30;9492;49,98;
14:21:33;9496;49,98;
14:21:36;9488;49,98;
14:21:39;9480;49,98;
14:21:42;9500;49,98;
14:21:45;9504;49,99;
14:21:51;9512;49,99;
14:21:57;9512;50,00;
14:22:00;9516;50,00;
14:22:12;9508;50,00;
14:22:15;9476;50,00;
14:22:18;9496;50,00;
14:22:21;9488;50,00;
14:22:24;9456;50,00;
14:22:27;9492;50,00;
14:22:30;9488;49,99;
14:22:33;9484;49,99;
14:22:36;9480;49,98;
14:22:39;9440;49,98;
14:22:42;9480;49,98;
14:22:48;9484;49,98;
14:22:51;9484;49,99;
14:22:54;9488;49,99;
14:23:03;9484;50,00;
14:23:06;9480;50,00;
14:23:09;9472;49,99;
14:23:12;9464;49,99;
14:23:15;9468;49,98;
14:23:18;9460;49,98;
14:23:21;9444;49,98;
14:23:24;9464;49,98;
14:23:27;9436;49,98;
14:23:30;9472;49,98;
14:23:33;9460;49,98;
14:23:36;9472;49,99;
14:23:39;9456;49,99;
14:23:42;9468;50,00;
14:23:48;9460;49,98;
14:23:51;9464;49,98;
14:23:54;9460;49,98;
14:23:57;9452;49,98;
14:24:00;9444;49,99;
14:24:06;9412;50,00;
14:24:09;9432;50,00;
14:24:15;9436;49,99;
14:24:18;9428;49,98;
14:24:21;9424;49,98;
14:24:24;9416;49,98;
14:24:27;9416;49,97;
14:24:30;9400;49,97;
14:24:33;9420;49,97;
14:24:36;9416;49,97;
14:24:39;9420;49,98;
14:24:45;9416;49,99;
14:24:48;9412;49,99;
14:24:54;9412;49,98;
14:25:00;9416;49,99;
14:25:03;9412;49,99;
14:25:06;9408;49,99;
14:25:09;9412;49,99;
14:25:12;9364;49,99;
14:25:15;9388;49,99;
14:25:18;9408;49,99;
14:25:21;9400;49,99;
14:25:24;9400;50,00;
14:25:27;9372;49,99;
14:25:30;9396;50,00;
14:25:36;9368;50,00;
14:25:39;9388;50,00;
14:25:42;9380;49,99;
14:25:45;9384;49,99;
14:25:48;9372;50,00;
14:25:51;9364;49,99;
14:25:54;9360;49,99;
14:26:00;9364;49,99;
14:26:03;9364;49,98;
14:26:06;9360;49,99;
14:26:09;9356;49,99;
14:26:12;9348;50,00;
14:26:15;9352;50,00;
14:26:18;9312;49,99;
14:26:21;9340;49,99;
14:26:24;9336;49,98;
14:26:27;9340;49,98;
14:26:30;9336;49,98;
14:26:33;9300;49,97;
14:26:36;9324;49,98;
14:26:42;9308;49,98;
14:26:45;9320;49,97;
14:26:48;9304;49,97;
14:26:51;9320;49,98;
14:26:54;9288;49,98;
14:26:57;9316;49,98;
14:27:00;9292;49,98;
14:27:06;9284;49,98;
14:27:09;9308;49,98;
14:27:12;9288;49,98;
14:27:15;9308;49,98;
14:27:18;9272;49,97;
14:27:21;9304;49,97;
14:27:24;9300;49,97;
14:27:27;9280;49,97;
14:27:30;9272;49,97;
14:27:33;9304;49,97;
14:27:36;9280;49,98;
14:27:39;9296;49,98;
14:27:42;9252;49,98;
14:27:45;9292;49,98;
14:27:51;9288;49,97;
14:27:54;9292;49,97;
14:27:57;9224;49,97;
14:28:00;9288;49,97;
14:28:09;9260;49,97;
14:28:12;9288;49,97;
14:28:15;9284;49,97;
14:28:18;9288;49,97;
14:28:21;9284;49,98;
14:28:27;9284;49,97;
14:28:30;9276;49,97;
14:28:33;9256;49,97;
14:28:36;9276;49,97;
14:28:39;9272;49,97;
14:28:42;9280;49,97;
14:28:45;9264;49,97;
14:28:48;9280;49,97;
14:28:51;9260;49,97;
14:28:57;9248;49,98;
14:29:00;9276;49,98;
14:29:03;9248;49,98;
14:29:06;9240;49,98;
14:29:09;9224;49,98;
14:29:12;9256;49,98;
14:29:18;9252;49,98;
14:29:21;9244;49,98;
14:29:24;9264;49,98;
14:29:27;9232;49,98;
14:29:30;9260;49,97;
14:29:33;9260;49,98;
14:29:36;9264;49,98;
14:29:39;9252;49,98;
14:29:42;9264;49,98;
14:29:45;9256;49,98;
14:29:48;9264;49,98;
14:29:51;9244;49,98;
14:29:54;9264;49,98;
14:29:57;9240;49,98;
14:30:03;9244;49,98;
14:30:06;9268;49,98;
14:30:09;9240;49,98;
14:30:12;9268;49,98;
14:30:15;9248;49,97;
14:30:18;9272;49,97;
14:30:24;9244;49,97;
14:30:27;9252;49,97;
14:30:30;9272;49,97;
14:30:33;9248;49,97;
14:30:36;9272;49,97;
14:30:39;9248;49,97;
14:30:42;9268;49,97;
14:30:45;9260;49,97;
14:30:48;9264;49,97;
14:30:51;9240;49,97;
14:30:54;9260;49,97;
14:30:57;9236;49,97;
14:31:00;9260;49,96;
14:31:03;9240;49,97;
14:31:09;9224;49,97;
14:31:12;9252;49,97;
14:31:15;9228;49,98;
14:31:18;9248;49,98;
14:31:21;9216;49,98;
14:31:24;9244;49,98;
14:31:27;9240;49,98;
14:31:30;9224;49,98;
14:31:33;9216;49,98;
14:31:36;9236;49,97;
14:31:39;9220;49,98;
14:31:45;9208;49,98;
14:31:48;9200;49,98;
14:31:51;9212;49,98;
14:31:54;9192;49,98;
14:31:57;9192;49,99;
14:32:00;9172;49,99;
14:32:03;9200;49,99;
14:32:06;9188;49,98;
14:32:09;9208;49,98;
14:32:15;9212;49,98;
14:32:18;9200;49,98;
14:32:21;9216;49,98;
14:32:24;9188;49,99;
14:32:27;9224;49,99;
14:32:30;9208;50,00;
14:32:33;9228;50,00;
14:32:42;9196;50,00;
14:32:45;9216;49,99;
14:32:48;9188;49,99;
14:32:51;9220;49,99;
14:32:54;9196;50,00;
14:33:00;9192;50,00;
14:33:03;9220;50,00;
14:33:06;9192;50,00;
14:33:09;9216;50,00;
14:33:12;9184;50,00;
14:33:15;9216;49,99;
14:33:18;9220;50,00;
14:33:21;9204;49,99;
14:33:24;9196;49,99;
14:33:27;9228;49,98;
14:33:30;9204;49,99;
14:33:33;9220;49,99;
14:33:36;9184;49,99;
14:33:39;9216;49,99;
14:33:42;9216;50,00;
14:33:45;9208;50,00;
14:33:48;9192;49,99;
14:33:51;9188;49,99;
14:33:54;9196;49,98;
14:33:57;9192;49,98;
14:34:06;9204;49,98;
14:34:09;9188;49,98;
14:34:12;9200;49,98;
14:34:15;9160;49,99;
14:34:18;9196;49,99;
14:34:21;9208;49,99;
14:34:24;9208;50,00;
14:34:27;9168;49,99;
14:34:30;9180;49,99;
14:34:33;9196;49,99;
14:34:36;9168;49,99;
14:34:39;9192;49,99;
14:34:42;9188;49,99;
14:34:45;9188;49,98;
14:34:48;9196;49,98;
14:34:51;9188;49,99;
14:34:54;9204;50,00;
14:34:57;9196;50,00;
14:35:00;9200;50,00;
14:35:03;9180;50,00;
14:35:06;9196;50,00;
14:35:12;9192;49,99;
14:35:15;9164;49,99;
14:35:18;9192;49,99;
14:35:21;9176;49,99;
14:35:24;9192;49,99;
14:35:27;9168;49,99;
14:35:30;9188;49,99;
14:35:33;9196;49,99;
14:35:36;9188;49,98;
14:35:39;9156;49,98;
14:35:42;9184;49,98;
14:35:45;9164;49,98;
14:35:48;9172;49,99;
14:35:51;9132;49,99;
14:35:54;9172;49,99;
14:35:57;9164;50,00;
14:36:00;9168;50,00;
14:36:03;9132;50,00;
14:36:06;9168;50,00;
14:36:09;9160;50,00;
14:36:12;9176;49,99;
14:36:18;9168;49,98;
14:36:21;9152;49,98;
14:36:24;9136;49,99;
14:36:27;9116;49,99;
14:36:30;9156;50,00;
14:36:33;9140;50,00;
14:36:36;9148;50,00;
14:36:39;9152;50,00;
14:36:42;9136;50,00;
14:36:45;9124;50,00;
14:36:48;9132;49,99;
14:36:51;9112;49,98;
14:36:54;9108;49,98;
14:36:57;9124;49,98;
14:37:03;9132;49,98;
14:37:06;9104;49,98;
14:37:09;9132;49,98;
14:37:12;9120;49,98;
14:37:15;9120;49,99;
14:37:18;9088;49,99;
14:37:21;9124;49,99;
14:37:27;9116;49,99;
14:37:30;9080;49,98;
14:37:33;9108;49,98;
14:37:36;9092;49,99;
14:37:39;9100;49,98;
14:37:42;9068;49,98;
14:37:45;9096;49,98;
14:37:48;9080;49,99;
14:37:51;9096;49,99;
14:37:54;9056;49,99;
14:37:57;9092;49,99;
14:38:00;9080;49,99;
14:38:03;9048;49,99;
14:38:09;9076;49,99;
14:38:12;9052;49,99;
14:38:15;9048;50,00;
14:38:18;9008;50,00;
14:38:21;9044;50,00;
14:38:24;9040;50,00;
14:38:27;9052;50,00;
14:38:30;9056;50,00;
14:38:33;9040;50,00;
14:38:36;9016;49,99;
14:38:39;9028;49,99;
14:38:42;8996;49,99;
14:38:45;9012;49,98;
14:38:48;8992;49,98;
14:38:51;9008;49,98;
14:38:54;8956;49,99;
14:38:57;8972;49,99;
14:39:00;8980;50,00;
14:39:03;9016;50,00;
14:39:06;8984;50,00;
14:39:09;9024;50,00;
14:39:15;9048;50,00;
14:39:18;8996;50,00;
14:39:21;9060;50,00;
14:39:24;9052;50,00;
14:39:27;9064;50,00;
14:39:30;9024;49,99;
14:39:33;9060;49,99;
14:39:36;9052;49,99;
14:39:39;9032;49,99;
14:39:42;9004;50,00;
14:39:45;9024;50,00;
14:39:48;9016;50,00;
14:39:51;9012;50,01;
14:39:54;8988;50,00;
14:39:57;8984;50,00;
14:40:00;8976;50,00;
14:40:03;8988;50,00;
14:40:09;9000;49,99;
14:40:12;9004;50,00;
14:40:15;9028;50,00;
14:40:21;9060;50,00;
14:40:24;9068;50,00;
14:40:27;9060;50,00;
14:40:30;9064;50,00;
14:40:36;9068;50,00;
14:40:39;9048;50,00;
14:40:42;9068;50,00;
14:40:51;9068;49,99;
14:40:57;9068;49,98;
14:41:03;9056;49,99;
14:41:06;9076;50,00;
14:41:09;9088;50,00;
14:41:12;9080;50,01;
14:41:15;9084;50,01;
14:41:18;9080;50,01;
14:41:21;9044;50,01;
14:41:24;9076;50,00;
14:41:30;9076;49,99;
14:41:33;9036;49,99;
14:41:36;9068;49,99;
14:41:39;9052;50,00;
14:41:42;9060;50,00;
14:41:45;9032;50,00;
14:41:48;9060;50,00;
14:41:51;9048;50,00;
14:41:54;9060;50,00;
14:41:57;9048;50,00;
14:42:00;9064;50,01;
14:42:03;9060;50,00;
14:42:06;9068;50,01;
14:42:12;9060;50,01;
14:42:15;9056;50,01;
14:42:21;9060;50,01;
14:42:24;9056;50,01;
14:42:27;9064;50,00;
14:42:30;9044;50,00;
14:42:33;9056;50,00;
14:42:36;9056;49,99;
14:42:39;9060;49,99;
14:42:42;9056;49,99;
14:42:45;9068;50,00;
14:42:48;9064;50,00;
14:42:51;9072;50,00;
14:42:54;9056;50,00;
14:42:57;9076;50,00;
14:43:00;9080;50,01;
14:43:03;9084;50,01;
14:43:12;9080;50,00;
14:43:18;9072;50,01;
14:43:21;9080;50,01;
14:43:27;9076;50,01;
14:43:30;9080;50,01;
14:43:33;9092;50,00;
14:43:36;9076;50,00;
14:43:39;9088;50,00;
14:43:42;9084;50,00;
14:43:48;9080;50,00;
14:43:54;9084;50,00;
14:43:57;9088;50,00;
14:44:00;9072;50,00;
14:44:03;9084;50,00;
14:44:09;9080;49,99;
14:44:12;9076;50,00;
14:44:15;9072;50,00;
14:44:24;9076;50,00;
14:44:27;9072;50,00;
14:44:30;9076;50,00;
14:44:36;9072;49,99;
14:44:39;9072;50,00;
14:44:42;9044;50,00;
14:44:45;9076;50,00;
14:44:48;9072;49,99;
14:44:51;9076;49,99;
14:44:54;9064;49,98;
14:44:57;9072;49,98;
14:45:00;9056;49,98;
14:45:03;9064;49,98;
14:45:06;9056;49,98;
14:45:09;9064;49,99;
14:45:12;9040;49,99;
14:45:15;9060;49,99;
14:45:18;9024;50,00;
14:45:21;9056;50,00;
14:45:24;9028;49,99;
14:45:30;9016;49,98;
14:45:33;9044;49,98;
14:45:36;9016;49,98;
14:45:39;9036;49,98;
14:45:42;9004;49,99;
14:45:45;9036;49,99;
14:45:48;9032;49,99;
14:45:51;9004;49,99;
14:45:54;9036;50,00;
14:45:57;9040;50,00;
14:46:00;9044;50,00;
14:46:03;9020;50,01;
14:46:06;9028;50,01;
14:46:09;9032;50,01;
14:46:15;9028;50,00;
14:46:18;9028;50,01;
14:46:21;9028;50,00;
14:46:27;9032;49,99;
14:46:30;9036;49,98;
14:46:33;9008;49,98;
14:46:36;9040;49,98;
14:46:39;9044;49,99;
14:46:42;9048;49,99;
14:46:54;9044;49,99;
14:46:57;9028;49,99;
14:47:00;9044;49,99;
14:47:03;9032;49,99;
14:47:06;9036;49,99;
14:47:09;9028;50,00;
14:47:12;9044;50,00;
14:47:15;9020;50,00;
14:47:21;8976;50,00;
14:47:24;9024;50,00;
14:47:30;9044;50,00;
14:47:33;9056;49,99;
14:47:36;9064;49,98;
14:47:39;9024;49,98;
14:47:42;9072;49,98;
14:47:45;9068;49,99;
14:47:48;9064;49,99;
14:47:51;9060;50,00;
14:47:54;9068;49,99;
14:47:57;9020;50,00;
14:48:00;9076;50,00;
14:48:03;9060;50,00;
14:48:06;9080;50,00;
14:48:09;9072;50,00;
14:48:12;9076;50,00;
14:48:15;9040;49,99;
14:48:18;9080;49,99;
14:48:21;9076;49,98;
14:48:27;9040;49,98;
14:48:30;9080;49,98;
14:48:33;9076;49,98;
14:48:36;9080;49,98;
14:48:39;9024;49,99;
14:48:42;9060;49,99;
14:48:45;9064;49,99;
14:48:48;9060;49,99;
14:48:51;9024;50,00;
14:48:54;9068;50,00;
14:48:57;9076;50,01;
14:49:00;9080;50,01;
14:49:03;9012;50,00;
14:49:06;9060;50,00;
14:49:09;9056;50,00;
14:49:12;9052;49,99;
14:49:15;9008;49,99;
14:49:18;9056;49,99;
14:49:21;9048;50,00;
14:49:24;9052;50,00;
14:49:27;9004;50,00;
14:49:33;9040;49,99;
14:49:36;9044;49,99;
14:49:39;9000;50,00;
14:49:42;9040;50,00;
14:49:45;9028;50,00;
14:49:48;9036;50,00;
14:49:51;9032;50,00;
14:49:54;8992;49,99;
14:49:57;9032;49,99;
14:50:00;9028;49,99;
14:50:03;9004;49,99;
14:50:09;9032;49,99;
14:50:12;9024;49,99;
14:50:15;9028;49,98;
14:50:18;8984;49,98;
14:50:21;9020;49,98;
14:50:24;9012;49,98;
14:50:27;9016;49,98;
14:50:30;8968;49,99;
14:50:33;9012;49,99;
14:50:36;9016;49,99;
14:50:39;9008;49,99;
14:50:42;8960;49,98;
14:50:45;8996;49,97;
14:50:48;8988;49,96;
14:50:54;8944;49,97;
14:50:57;8984;49,97;
14:51:00;8988;49,97;
14:51:03;8988;49,98;
14:51:06;8940;49,98;
14:51:09;8980;49,98;
14:51:12;8972;49,98;
14:51:15;8980;49,98;
14:51:18;8932;49,98;
14:51:24;8976;49,98;
14:51:27;8980;49,97;
14:51:30;8932;49,97;
14:51:33;8980;49,97;
14:51:36;8972;49,98;
14:51:42;8976;49,98;
14:51:45;8928;49,98;
14:51:48;8976;49,97;
14:51:51;8980;49,98;
14:51:54;8940;49,98;
14:51:57;8972;49,98;
14:52:00;8960;49,98;
14:52:03;8968;49,98;
14:52:06;8960;49,98;
14:52:09;8964;49,98;
14:52:12;8956;49,99;
14:52:15;8964;49,99;
14:52:18;8924;50,00;
14:52:21;8960;50,00;
14:52:24;8952;50,00;
14:52:30;8912;49,99;
14:52:33;8952;49,99;
14:52:36;8940;49,99;
14:52:39;8948;49,99;
14:52:42;8904;50,00;
14:52:45;8952;50,00;
14:52:48;8948;50,00;
14:52:51;8940;50,00;
14:52:54;8912;50,00;
14:52:57;8944;50,00;
14:53:03;8952;50,00;
14:53:06;8928;50,00;
14:53:09;8936;50,00;
14:53:12;8956;50,00;
14:53:15;8948;50,00;
14:53:18;8936;50,00;
14:53:21;8904;50,00;
14:53:24;8936;49,99;
14:53:27;8916;49,99;
14:53:30;8928;49,98;
14:53:36;8932;49,98;
14:53:39;8912;49,98;
14:53:42;8920;49,99;
14:53:45;8880;49,99;
14:53:48;8912;49,99;
14:53:51;8888;50,00;
14:53:54;8912;50,00;
14:54:00;8864;50,00;
14:54:03;8884;50,00;
14:54:06;8900;50,00;
14:54:09;8868;50,00;
14:54:12;8892;50,00;
14:54:15;8868;49,99;
14:54:18;8888;49,99;
14:54:21;8856;50,00;
14:54:24;8884;50,00;
14:54:27;8856;50,00;
14:54:30;8872;50,00;
14:54:33;8840;50,00;
14:54:36;8864;50,01;
14:54:42;8856;50,01;
14:54:45;8828;50,00;
14:54:48;8848;50,01;
14:54:51;8820;50,00;
14:54:54;8844;50,01;
14:54:57;8808;50,00;
14:55:00;8832;50,00;
14:55:03;8836;50,00;
14:55:06;8828;50,00;
14:55:09;8820;50,00;
14:55:12;8816;50,01;
14:55:18;8804;50,01;
14:55:21;8812;50,01;
14:55:27;8808;50,00;
14:55:30;8780;49,99;
14:55:33;8804;50,00;
14:55:36;8784;50,00;
14:55:39;8808;50,00;
14:55:42;8776;50,00;
14:55:45;8808;50,00;
14:55:51;8800;50,00;
14:55:54;8764;50,00;
14:55:57;8792;50,00;
14:56:00;8768;50,00;
14:56:03;8788;50,00;
14:56:06;8756;50,00;
14:56:09;8780;50,00;
14:56:12;8768;50,00;
14:56:15;8796;50,00;
14:56:18;8764;50,00;
14:56:21;8784;50,00;
14:56:24;8760;50,00;
14:56:27;8784;50,00;
14:56:33;8776;50,00;
14:56:36;8748;50,00;
14:56:39;8760;50,00;
14:56:42;8744;50,00;
14:56:45;8760;50,00;
14:56:48;8732;50,01;
14:56:51;8756;50,01;
14:56:54;8760;50,01;
14:56:57;8752;50,00;
14:57:00;8728;50,00;
14:57:03;8736;50,00;
14:57:06;8716;50,00;
14:57:09;8724;50,00;
14:57:12;8700;50,00;
14:57:15;8720;49,99;
14:57:18;8676;49,99;
14:57:21;8708;49,98;
14:57:24;8656;49,98;
14:57:27;8716;49,98;
14:57:30;8712;49,98;
14:57:33;8720;49,98;
14:57:39;8732;49,98;
14:57:42;8700;49,97;
14:57:45;8728;49,98;
14:57:48;8716;49,98;
14:57:51;8736;49,98;
14:57:54;8700;49,98;
14:57:57;8732;49,98;
14:58:00;8736;49,98;
14:58:03;8740;49,98;
14:58:06;8720;49,98;
14:58:09;8744;49,98;
14:58:12;8732;49,98;
14:58:15;8740;49,99;
14:58:18;8732;49,99;
14:58:21;8708;49,99;
14:58:24;8728;49,98;
14:58:27;8732;49,98;
14:58:30;8728;49,98;
14:58:33;8736;49,97;
14:58:36;8732;49,97;
14:58:39;8724;49,98;
14:58:45;8736;49,98;
14:58:48;8736;49,99;
14:58:51;8740;49,99;
14:58:54;8736;49,99;
14:58:57;8736;50,00;
14:59:00;8740;50,00;
14:59:03;8708;50,00;
14:59:06;8724;50,00;
14:59:09;8704;50,00;
14:59:12;8700;49,99;
14:59:15;8696;49,99;
14:59:18;8692;49,99;
14:59:21;8704;50,00;
14:59:24;8716;50,00;
14:59:30;8712;50,00;
14:59:33;8672;50,00;
14:59:36;8692;50,01;
14:59:39;8664;50,01;
14:59:42;8688;50,01;
14:59:45;8644;50,01;
14:59:48;8696;50,01;
14:59:54;8684;50,00;
14:59:57;8632;50,00;
15:00:00;8680;50,00;
15:00:03;8656;50,01;
15:00:06;8680;50,00;
15:00:09;8648;50,00;
15:00:12;8668;50,00;
15:00:18;8684;50,00;
15:00:21;8676;50,00;
15:00:24;8684;49,99;
15:00:27;8680;49,98;
15:00:30;8684;49,98;
15:00:36;8684;49,97;
15:00:39;8684;49,96;
15:00:42;8684;49,97;
15:00:45;8692;49,97;
15:00:48;8688;49,97;
15:00:51;8672;49,96;
15:00:54;8692;49,96;
15:00:57;8688;49,96;
15:01:00;8692;49,96;
15:01:03;8676;49,96;
15:01:06;8696;49,96;
15:01:09;8672;49,97;
15:01:12;8696;49,97;
15:01:15;8684;49,98;
15:01:21;8676;49,98;
15:01:24;8684;49,99;
15:01:30;8692;49,99;
15:01:33;8700;50,00;
15:01:42;8704;50,00;
15:01:51;8708;50,01;
15:01:54;8692;50,01;
15:01:57;8688;50,01;
15:02:00;8660;50,01;
15:02:03;8684;50,01;
15:02:09;8680;50,01;
15:02:12;8680;50,00;
15:02:15;8676;50,01;
15:02:18;8668;50,01;
15:02:24;8632;50,01;
15:02:27;8652;50,00;
15:02:30;8648;49,99;
15:02:33;8652;49,99;
15:02:36;8644;50,00;
15:02:39;8636;50,00;
15:02:42;8632;50,00;
15:02:46;8632;50,01;
15:02:49;8604;50,01;
15:02:56;8624;50,01;
15:02:58;8596;50,01;
15:03:00;8632;50,01;
15:03:06;8612;50,01;
15:03:08;8632;50,01;
15:03:20;8652;50,02;
15:03:22;8640;50,01;
15:03:26;8656;50,01;
15:03:30;8648;50,01;
15:03:37;8616;50,01;
15:03:40;8644;50,01;
15:03:43;8604;50,01;
15:03:46;8620;50,01;
15:03:48;8600;50,01;
15:03:50;8624;50,01;
15:03:56;8620;50,01;
15:04:03;8596;50,02;
15:04:06;8628;50,02;
15:04:09;8624;50,02;
15:04:12;8620;50,01;
15:04:15;8592;50,01;
15:04:18;8620;50,01;
15:04:20;8616;50,00;
15:04:22;8612;50,00;
15:04:25;8588;50,00;
15:04:28;8612;49,99;
15:04:30;8564;50,00;
15:04:32;8600;50,00;
15:04:38;8596;50,00;
15:04:41;8588;50,01;
15:04:44;8544;50,02;
15:04:47;8600;50,02;
15:04:50;8580;50,01;
15:04:53;8612;50,01;
15:04:55;8576;50,01;
15:04:57;8624;50,01;
15:05:05;8632;50,01;
15:05:08;8576;50,01;
15:05:11;8624;50,01;
15:05:14;8604;50,01;
15:05:17;8624;50,01;
15:05:23;8616;50,00;
15:05:25;8592;50,00;
15:05:27;8584;50,00;
15:05:34;8560;50,00;
15:05:37;8536;50,01;
15:05:39;8524;50,01;
15:05:41;8540;50,01;
15:05:45;8536;50,01;
15:05:52;8520;50,01;
15:05:55;8488;50,01;
15:05:58;8560;50,01;
15:06:01;8564;50,00;
15:06:07;8516;50,00;
15:06:10;8560;50,00;
15:06:13;8544;50,00;
15:06:18;8512;50,01;
15:06:20;8516;50,01;
15:06:23;8548;50,00;
15:06:29;8536;49,99;
15:06:32;8528;49,99;
15:06:35;8516;49,99;
15:06:37;8512;50,00;
15:06:39;8520;50,00;
15:06:45;8452;50,00;
15:06:47;8532;50,00;
15:06:51;8516;50,00;
15:06:55;8460;50,00;
15:07:03;8560;50,00;
15:07:06;8568;50,00;
15:07:08;8552;50,00;
15:07:10;8504;50,00;
15:07:12;8572;50,00;
15:07:14;8568;50,00;
15:07:17;8572;50,00;
15:07:19;8576;50,00;
15:07:21;8580;50,00;
15:07:25;8564;49,99;
15:07:29;8560;49,99;
15:07:35;8528;49,99;
15:07:37;8492;50,00;
15:07:43;8476;50,00;
15:07:45;8388;50,00;
15:07:47;8420;50,00;
15:07:52;8448;50,00;
15:07:55;8480;50,00;
15:07:58;8468;50,00;
15:08:02;8532;50,00;
15:08:04;8552;50,00;
15:08:07;8548;50,00;
15:08:09;8476;50,00;
15:08:10;8544;50,00;
15:08:15;8552;50,00;
15:08:23;8536;50,00;
15:08:25;8560;50,00;
15:08:35;8556;50,01;
15:08:38;8520;50,00;
15:08:42;8568;50,00;
15:08:45;8540;49,99;
15:08:48;8488;50,00;
15:08:52;8532;50,00;
15:08:54;8536;49,99;
15:09:00;8548;49,99;
15:09:02;8568;49,99;
15:09:09;8556;49,99;
15:09:11;8516;49,99;
15:09:15;8488;49,99;
15:09:18;8536;49,98;
15:09:20;8548;49,98;
15:09:22;8544;49,98;
15:09:27;8576;49,98;
15:09:29;8572;49,98;
15:09:31;8592;49,98;
15:09:33;8580;49,98;
15:09:35;8532;49,98;
15:09:38;8572;49,98;
15:09:43;8560;49,98;
15:09:45;8536;49,97;
15:09:47;8504;49,98;
15:09:49;8544;49,98;
15:09:51;8548;49,99;
15:09:53;8532;49,99;
15:09:55;8560;50,00;
15:09:58;8568;50,00;
15:10:02;8548;49,99;
15:10:04;8580;49,98;
15:10:13;8584;49,98;
15:10:15;8588;49,98;
15:10:17;8564;49,98;
15:10:18;8600;49,98;
15:10:22;8604;49,98;
15:10:24;8612;49,98;
15:10:33;8616;49,98;
15:10:35;8592;49,99;
15:10:37;8624;49,99;
15:10:42;8592;49,98;
15:10:45;8624;49,98;
15:10:47;8596;49,98;
15:10:52;8580;49,98;
15:10:57;8608;49,98;
15:11:02;8580;49,98;
15:11:05;8604;49,98;
15:11:08;8600;49,98;
15:11:12;8604;49,98;
15:11:14;8616;49,98;
15:11:25;8620;49,97;
15:11:27;8640;49,96;
15:11:29;8612;49,96;
15:11:31;8624;49,97;
15:11:38;8632;49,97;
15:11:42;8660;49,97;
15:11:44;8620;49,97;
15:11:50;8592;49,97;
15:11:55;8604;49,96;
15:11:59;8640;49,96;
15:12:02;8556;49,97;
15:12:03;8628;49,97;
15:12:10;8624;49,97;
15:12:12;8588;49,97;
15:12:21;8608;49,97;
15:12:23;8592;49,97;
15:12:26;8552;49,97;
15:12:30;8548;49,97;
15:12:34;8580;49,97;
15:12:38;8536;49,98;
15:12:47;8544;49,98;
15:12:49;8512;49,98;
15:12:50;8552;49,98;
15:12:55;8540;49,98;
15:13:04;8544;49,98;
15:13:08;8528;49,98;
15:13:12;8516;49,98;
15:13:13;8468;49,98;
15:13:17;8500;49,98;
15:13:20;8496;49,98;
15:13:22;8500;49,98;
15:13:29;8480;49,97;
15:13:30;8496;49,97;
15:13:34;8504;49,97;
15:13:38;8472;49,97;
15:13:43;8500;49,97;
15:13:50;8476;49,97;
15:13:52;8444;49,97;
15:13:55;8480;49,96;
15:14:00;8448;49,96;
15:14:04;8468;49,96;
15:14:07;8460;49,96;
15:14:13;8408;49,96;
15:14:17;8456;49,96;
15:14:19;8460;49,96;
15:14:24;8448;49,96;
15:14:32;8452;49,96;
15:14:34;8448;49,97;
15:14:36;8468;49,97;
15:14:41;8444;49,97;
15:14:43;8476;49,97;
15:14:52;8452;49,97;
15:14:58;8432;49,97;
15:14:59;8476;49,97;
15:15:03;8448;49,97;
15:15:06;8472;49,96;
15:15:11;8476;49,96;
15:15:13;8484;49,96;
15:15:25;8488;49,96;
15:15:29;8464;49,96;
15:15:33;8480;49,96;
15:15:37;8436;49,96;
15:15:40;8480;49,96;
15:15:43;8476;49,96;
15:15:44;8432;49,96;
15:15:52;8472;49,96;
15:15:55;8468;49,96;
15:15:58;8472;49,96;
15:16:00;8432;49,97;
15:16:03;8468;49,97;
15:16:06;8444;49,97;
15:16:08;8460;49,98;
15:16:09;8428;49,98;
15:16:13;8452;49,98;
15:16:17;8448;49,98;
15:16:19;8444;49,98;
15:16:20;8448;49,98;
15:16:28;8444;49,98;
15:16:32;8420;49,97;
15:16:34;8428;49,97;
15:16:35;8408;49,97;
15:16:38;8428;49,97;
15:16:47;8404;49,98;
15:16:50;8396;49,98;
15:16:53;8424;49,98;
15:16:54;8404;49,97;
15:16:58;8384;49,98;
15:17:04;8408;49,98;
15:17:05;8368;49,98;
15:17:08;8408;49,98;
15:17:12;8380;49,99;
15:17:15;8404;49,98;
15:17:18;8376;49,98;
15:17:19;8404;49,97;
15:17:22;8400;49,97;
15:17:23;8372;49,97;
15:17:30;8396;49,97;
15:17:34;8392;49,97;
15:17:38;8368;49,97;
15:17:42;8388;49,97;
15:17:44;8364;49,98;
15:17:45;8396;49,98;
15:17:49;8364;49,98;
15:17:59;8384;49,97;
15:18:02;8356;49,97;
15:18:03;8388;49,97;
15:18:09;8380;49,97;
15:18:16;8376;49,97;
15:18:20;8360;49,97;
15:18:24;8384;49,97;
15:18:28;8372;49,98;
15:18:32;8380;49,98;
15:18:36;8372;49,98;
15:18:40;8348;49,98;
15:18:44;8376;49,99;
15:18:48;8352;49,99;
15:18:52;8372;49,99;
15:18:57;8364;49,99;
15:19:04;8320;49,99;
15:19:08;8360;49,98;
15:19:11;8364;49,98;
15:19:14;8324;49,98;
15:19:15;8360;49,98;
15:19:19;8356;49,98;
15:19:24;8332;49,98;
15:19:32;8364;49,98;
15:19:34;8352;49,98;
15:19:39;8336;49,98;
15:19:47;8344;49,98;
15:19:50;8364;49,99;
15:19:53;8348;49,99;
15:19:54;8360;49,99;
15:19:57;8332;49,99;
15:20:00;8344;49,98;
15:20:03;8356;49,99;
15:20:06;8348;49,99;
15:20:10;8284;49,99;
15:20:13;8340;49,98;
15:20:16;8292;49,98;
15:20:20;8340;49,98;
15:20:24;8308;49,98;
15:20:28;8280;49,98;
15:20:31;8320;49,98;
15:20:34;8292;49,98;
15:20:37;8324;49,98;
15:20:38;8296;49,98;
15:20:41;8316;49,97;
15:20:49;8312;49,97;
15:20:52;8288;49,97;
15:20:54;8308;49,97;
15:21:04;8280;49,97;
15:21:05;8308;49,97;
15:21:09;8300;49,97;
15:21:13;8280;49,98;
15:21:20;8300;49,97;
15:21:24;8296;49,97;
15:21:28;8288;49,97;
15:21:35;8276;49,98;
15:21:38;8288;49,98;
15:21:39;8272;49,98;
15:21:43;8280;49,98;
15:21:50;8284;49,98;
15:21:58;8280;49,98;
15:22:01;8228;49,98;
15:22:04;8232;49,97;
15:22:07;8256;49,97;
15:22:08;8252;49,97;
15:22:15;8174;49,97;
15:22:18;8256;49,97;
15:22:19;8240;49,97;
15:22:23;8260;49,97;
15:22:27;8216;49,98;
15:22:30;8256;49,98;
15:22:33;8176;49,98;
15:22:34;8204;49,98;
15:22:38;8232;49,98;
15:22:48;8144;49,98;
15:22:49;8228;49,98;
15:22:53;8240;49,98;
15:22:57;8224;49,98;
15:23:03;8240;49,98;
15:23:06;8220;49,99;
15:23:09;8240;50,00;
15:23:12;8186;50,00;
15:23:13;8232;50,00;
15:23:20;8208;49,99;
15:23:23;8228;49,99;
15:23:26;8224;49,98;
15:23:30;8228;49,98;
15:23:33;8220;49,97;
15:23:34;8208;49,97;
15:23:40;8224;49,98;
15:23:47;8228;49,97;
15:23:50;8204;49,98;
15:23:53;8240;49,98;
15:23:56;8244;49,98;
15:24:00;8244;49,99;
15:24:03;8248;49,99;
15:24:06;8252;49,99;
15:24:13;8232;49,98;
15:24:16;8252;49,98;
15:24:20;8212;49,98;
15:24:23;8252;49,97;
15:24:24;8240;49,97;
15:24:30;8224;49,97;
15:24:33;8240;49,98;
15:24:37;8236;49,98;
15:24:43;8232;49,98;
15:24:47;8240;49,97;
15:24:54;8232;49,98;
15:24:57;8190;49,99;
15:25:00;8228;50,00;
15:25:03;8216;50,00;
15:25:06;8232;50,00;
15:25:09;8190;49,99;
15:25:12;8236;49,99;
15:25:15;8208;49,98;
15:25:18;8228;49,98;
15:25:19;8186;49,98;
15:25:22;8232;49,97;
15:25:25;8228;49,97;
15:25:28;8232;49,97;
15:25:29;8232;49,98;
15:25:35;8186;49,98;
15:25:39;8212;49,98;
15:25:42;8220;49,98;
15:25:43;8170;49,98;
15:25:46;8216;49,98;
15:25:53;8212;49,98;
15:25:59;8216;49,98;
15:26:02;8208;49,98;
15:26:05;8216;49,98;
15:26:08;8168;49,98;
15:26:11;8216;49,98;
15:26:14;8208;49,99;
15:26:20;8162;50,00;
15:26:23;8208;49,99;
15:26:26;8212;49,99;
15:26:30;8216;50,00;
15:26:33;8200;50,00;
15:26:34;8216;50,00;
15:26:37;8228;50,00;
15:26:43;8212;50,00;
15:26:46;8186;49,99;
15:26:49;8196;49,99;
15:26:52;8192;49,98;
15:26:55;8190;49,98;
15:26:58;8200;49,98;
15:27:01;8156;49,98;
15:27:04;8196;49,98;
15:27:07;8188;49,98;
15:27:10;8186;49,98;
15:27:13;8180;49,98;
15:27:16;8172;49,99;
15:27:19;8166;49,99;
15:27:22;8172;49,99;
15:27:25;8132;49,99;
15:27:28;8172;49,99;
15:27:31;8164;49,98;
15:27:34;8148;49,98;
15:27:37;8144;49,98;
15:27:40;8140;49,98;
15:27:43;8136;49,98;
15:27:49;8138;49,98;
15:27:52;8140;49,98;
15:27:55;8146;49,98;
15:28:01;8148;49,98;
15:28:04;8148;49,99;
15:28:07;8138;49,99;
15:28:10;8148;49,99;
15:28:13;8146;49,99;
15:28:16;8148;49,99;
15:28:19;8144;49,99;
15:28:22;8146;49,99;
15:28:25;8144;49,99;
15:28:28;8140;49,99;
15:28:31;8124;49,99;
15:28:34;8136;49,99;
15:28:37;8138;49,99;
15:28:40;8134;49,99;
15:28:43;8138;49,99;
15:28:49;8136;49,99;
15:28:55;8140;50,00;
15:28:58;8138;50,00;
15:29:01;8126;50,00;
15:29:04;8122;50,00;
15:29:07;8114;50,00;
15:29:10;8118;50,00;
15:29:13;8072;50,00;
15:29:16;8116;49,99;
15:29:19;8110;50,00;
15:29:25;8094;50,00;
15:29:28;8106;50,00;
15:29:31;8096;50,00;
15:29:37;8070;50,00;
15:29:40;8096;50,00;
15:29:43;8086;50,00;
15:29:46;8098;50,00;
15:29:49;8074;50,00;
15:29:52;8100;50,00;
15:29:55;8072;50,00;
15:30:01;8054;50,00;
15:30:04;8092;50,00;
15:30:07;8054;50,00;
15:30:10;8082;50,00;
15:30:13;8042;50,00;
15:30:16;8080;50,00;
15:30:19;8082;50,00;
15:30:22;8058;50,00;
15:30:25;8042;50,00;
15:30:28;8076;50,00;
15:30:31;8050;50,00;
15:30:34;8072;50,00;
15:30:37;8028;50,00;
15:30:40;8064;50,00;
15:30:43;8060;50,01;
15:30:46;8052;50,01;
15:30:49;8016;50,02;
15:30:52;8050;50,02;
15:30:55;8020;50,02;
15:30:58;8046;50,02;
15:31:01;8010;50,02;
15:31:07;8044;50,02;
15:31:10;8042;50,01;
15:31:16;8038;50,00;
15:31:22;8040;50,01;
15:31:25;8036;50,01;
15:31:28;7996;50,01;
15:31:31;8034;50,01;
15:31:34;8030;50,00;
15:31:37;8032;50,00;
15:31:40;8016;50,00;
15:31:43;8028;50,00;
15:31:46;8020;50,00;
15:31:52;7994;50,00;
15:31:55;8018;50,00;
15:31:58;8004;50,00;
15:32:01;8014;50,00;
15:32:04;7970;50,00;
15:32:07;8010;50,00;
15:32:10;8008;50,00;
15:32:13;7994;50,00;
15:32:16;7954;50,00;
15:32:19;8000;50,00;
15:32:22;7982;50,00;
15:32:25;7994;49,99;
15:32:28;7948;49,99;
15:32:31;7986;49,99;
15:32:34;7988;49,99;
15:32:37;7982;50,00;
15:32:40;7932;50,00;
15:32:43;7980;50,00;
15:32:46;7964;50,00;
15:32:49;7928;50,00;
15:32:52;7950;50,01;
15:32:58;7956;50,01;
15:33:01;7980;50,01;
15:33:04;7922;50,01;
15:33:07;7966;50,01;
15:33:10;7946;50,01;
15:33:13;7956;50,01;
15:33:16;7958;50,00;
15:33:19;7906;50,00;
15:33:22;7954;50,00;
15:33:25;7956;50,01;
15:33:28;7934;50,00;
15:33:31;7978;50,00;
15:33:34;7940;50,00;
15:33:37;7976;50,00;
15:33:40;7988;50,00;
15:33:46;7946;50,00;
15:33:49;7998;50,00;
15:33:52;7972;50,00;
15:33:55;8002;50,00;
15:33:58;7942;50,00;
15:34:02;8002;50,00;
15:34:05;7974;50,00;
15:34:08;8004;50,00;
15:34:11;7944;50,00;
15:34:14;8008;50,00;
15:34:17;7990;50,01;
15:34:20;8006;50,01;
15:34:26;8000;50,00;
15:34:29;7988;50,00;
15:34:32;8014;50,00;
15:34:35;7952;49,99;
15:34:38;8008;49,99;
15:34:41;8002;49,99;
15:34:44;8010;49,99;
15:34:47;8004;49,99;
15:34:50;8004;50,00;
15:34:53;7998;50,00;
15:34:56;7992;50,00;
15:34:59;7990;50,00;
15:35:02;8010;50,01;
15:35:05;7994;50,01;
15:35:08;7982;50,01;
15:35:11;7994;50,01;
15:35:14;7990;50,01;
15:35:17;7984;50,01;
15:35:20;7990;50,00;
15:35:23;7994;50,00;
15:35:26;7998;50,00;
15:35:32;7988;50,01;
15:35:35;7978;50,01;
15:35:38;7974;50,01;
15:35:41;7966;50,01;
15:35:44;7946;50,01;
15:35:47;7964;50,00;
15:35:50;7886;50,00;
15:35:53;7956;50,00;
15:35:56;7932;50,00;
15:35:59;7938;50,00;
15:36:02;7884;50,00;
15:36:05;7928;50,00;
15:36:08;7916;50,00;
15:36:11;7918;50,00;
15:36:17;7912;50,00;
15:36:20;7884;50,01;
15:36:23;7906;50,00;
15:36:26;7838;50,00;
15:36:29;7910;50,00;
15:36:32;7892;50,00;
15:36:35;7894;50,00;
15:36:38;7902;49,99;
15:36:41;7898;50,00;
15:36:44;7886;50,00;
15:36:47;7890;50,00;
15:36:50;7858;50,00;
15:36:53;7880;50,01;
15:36:56;7858;50,01;
15:36:59;7864;50,01;
15:37:02;7876;50,01;
15:37:05;7870;50,01;
15:37:08;7860;50,01;
15:37:11;7868;50,00;
15:37:14;7816;50,00;
15:37:17;7820;50,00;
15:37:23;7840;50,00;
15:37:26;7766;50,00;
15:37:29;7844;49,99;
15:37:32;7842;49,99;
15:37:35;7870;49,99;
15:37:38;7828;49,99;
15:37:41;7874;49,99;
15:37:44;7878;49,99;
15:37:47;7874;49,99;
15:37:50;7846;49,99;
15:37:53;7870;50,00;
15:37:56;7866;50,00;
15:37:59;7874;50,00;
15:38:02;7866;49,99;
15:38:05;7836;50,00;
15:38:08;7886;49,99;
15:38:11;7894;49,98;
15:38:20;7898;49,98;
15:38:23;7900;49,98;
15:38:29;7890;49,99;
15:38:32;7898;49,98;
15:38:35;7894;49,98;
15:38:41;7888;49,97;
15:38:44;7886;49,97;
15:38:47;7866;49,97;
15:38:50;7886;49,97;
15:38:53;7892;49,97;
15:38:56;7892;49,98;
15:38:59;7900;49,98;
15:39:02;7906;49,99;
15:39:05;7918;50,00;
15:39:08;7924;50,00;
15:39:11;7906;50,00;
15:39:14;7942;49,99;
15:39:17;7944;49,98;
15:39:20;7946;49,98;
15:39:23;7938;49,98;
15:39:26;7932;49,97;
15:39:29;7926;49,98;
15:39:35;7920;49,98;
15:39:38;7916;49,98;
15:39:41;7916;49,99;
15:39:47;7906;49,99;
15:39:50;7916;49,99;
15:39:53;7894;49,99;
15:39:56;7902;49,99;
15:39:59;7896;49,99;
15:40:02;7918;50,00;
15:40:05;7882;50,00;
15:40:08;7918;50,00;
15:40:11;7916;49,99;
15:40:14;7914;49,99;
15:40:20;7914;49,98;
15:40:23;7910;49,98;
15:40:38;7874;49,98;
15:40:41;7912;49,98;
15:40:47;7914;49,98;
15:40:53;7912;49,98;
15:40:59;7914;49,98;
15:41:02;7868;49,98;
15:41:05;7916;49,98;
15:41:08;7914;49,97;
15:41:11;7910;49,97;
15:41:14;7910;49,96;
15:41:20;7906;49,97;
15:41:26;7900;49,98;
15:41:32;7898;49,97;
15:41:35;7896;49,97;
15:41:38;7892;49,97;
15:41:41;7890;49,97;
15:41:44;7860;49,97;
15:41:47;7890;49,97;
15:41:50;7878;49,97;
15:41:53;7874;49,97;
15:41:56;7868;49,97;
15:41:59;7866;49,97;
15:42:02;7862;49,97;
15:42:05;7860;49,97;
15:42:08;7830;49,97;
15:42:11;7864;49,97;
15:42:14;7860;49,98;
15:42:17;7862;49,98;
15:42:20;7860;49,98;
15:42:23;7858;49,98;
15:42:26;7854;49,97;
15:42:32;7844;49,97;
15:42:35;7842;49,96;
15:42:38;7836;49,97;
15:42:41;7838;49,97;
15:42:44;7838;49,98;
15:42:47;7834;49,98;
15:42:50;7808;49,98;
15:42:53;7816;49,98;
15:42:56;7818;50,00;
15:42:59;7832;50,00;
15:43:02;7804;50,00;
15:43:05;7830;50,00;
15:43:08;7808;50,00;
15:43:11;7834;50,00;
15:43:14;7832;50,00;
15:43:17;7826;50,00;
15:43:20;7782;49,98;
15:43:23;7824;49,98;
15:43:26;7790;49,98;
15:43:29;7818;49,98;
15:43:32;7778;49,98;
15:43:38;7780;49,98;
15:43:41;7810;49,98;
15:43:44;7766;49,98;
15:43:47;7808;49,98;
15:43:50;7774;49,98;
15:43:53;7808;49,98;
15:43:59;7766;49,98;
15:44:02;7780;49,98;
15:44:05;7812;49,98;
15:44:08;7762;49,98;
15:44:11;7812;49,98;
15:44:14;7778;49,97;
15:44:17;7806;49,97;
15:44:23;7800;49,97;
15:44:26;7768;49,97;
15:44:29;7796;49,97;
15:44:32;7744;49,97;
15:44:35;7788;49,98;
15:44:38;7786;49,98;
15:44:41;7746;49,98;
15:44:44;7776;49,98;
15:44:47;7772;49,98;
15:44:50;7768;49,98;
15:44:53;7758;49,98;
15:44:56;7764;49,98;
15:44:59;7738;49,98;
15:45:02;7756;49,98;
15:45:05;7748;49,98;
15:45:11;7702;49,98;
15:45:14;7742;49,98;
15:45:17;7716;49,98;
15:45:20;7736;49,97;
15:45:23;7682;49,97;
15:45:29;7716;49,96;
15:45:32;7728;49,96;
15:45:35;7674;49,97;
15:45:38;7726;49,97;
15:45:41;7688;49,98;
15:45:44;7714;49,98;
15:45:47;7708;49,98;
15:45:50;7632;49,98;
15:45:53;7686;49,98;
15:45:56;7690;49,98;
15:45:59;7644;49,98;
15:46:02;7694;49,98;
15:46:05;7664;49,99;
15:46:08;7682;49,99;
15:46:14;7680;49,99;
15:46:17;7660;49,99;
15:46:20;7676;49,99;
15:46:23;7624;49,99;
15:46:26;7674;49,99;
15:46:29;7652;49,99;
15:46:35;7622;49,98;
15:46:38;7676;49,98;
15:46:41;7656;49,98;
15:46:44;7676;49,98;
15:46:47;7624;49,98;
15:46:50;7678;49,98;
15:46:53;7680;49,98;
15:46:56;7658;49,98;
15:46:59;7644;49,98;
15:47:02;7692;49,98;
15:47:05;7660;49,98;
15:47:08;7692;49,98;
15:47:11;7648;49,99;
15:47:14;7692;49,99;
15:47:17;7690;49,99;
15:47:23;7646;49,99;
15:47:26;7688;49,98;
15:47:29;7638;49,98;
15:47:32;7680;49,97;
15:47:35;7640;49,96;
15:47:41;7634;49,97;
15:47:44;7682;49,97;
15:47:47;7644;49,97;
15:47:50;7680;49,97;
15:47:53;7632;49,98;
15:47:56;7654;49,98;
15:47:59;7668;49,98;
15:48:02;7646;49,98;
15:48:05;7658;49,98;
15:48:08;7636;49,98;
15:48:11;7660;49,98;
15:48:14;7636;49,98;
15:48:17;7658;49,98;
15:48:20;7616;49,98;
15:48:23;7648;49,98;
15:48:26;7602;49,98;
15:48:29;7634;49,97;
15:48:32;7594;49,98;
15:48:35;7630;49,97;
15:48:38;7594;49,97;
15:48:41;7632;49,98;
15:48:47;7628;49,98;
15:48:50;7586;49,98;
15:48:53;7626;49,98;
15:48:56;7586;49,98;
15:48:59;7618;49,98;
15:49:02;7568;49,99;
15:49:05;7614;49,99;
15:49:11;7608;50,00;
15:49:14;7564;49,99;
15:49:17;7608;49,99;
15:49:20;7564;49,99;
15:49:23;7602;49,99;
15:49:26;7556;49,99;
15:49:32;7560;49,98;
15:49:35;7594;49,98;
15:49:38;7554;49,98;
15:49:41;7602;49,98;
15:49:44;7560;49,98;
15:49:47;7602;49,98;
15:49:50;7604;49,98;
15:49:53;7560;49,99;
15:49:56;7580;49,99;
15:49:59;7584;49,99;
15:50:02;7566;49,99;
15:50:05;7574;50,00;
15:50:08;7576;50,00;
15:50:11;7552;50,00;
15:50:14;7580;49,99;
15:50:17;7558;49,99;
15:50:20;7580;49,98;
15:50:23;7530;49,98;
15:50:26;7578;49,98;
15:50:29;7538;49,98;
15:50:32;7572;49,98;
15:50:38;7568;49,98;
15:50:41;7538;49,99;
15:50:44;7566;49,99;
15:50:47;7512;49,99;
15:50:50;7562;49,99;
15:50:53;7532;49,99;
15:50:56;7560;49,99;
15:50:59;7558;49,99;
15:51:02;7550;49,98;
15:51:05;7518;49,99;
15:51:08;7548;49,99;
15:51:11;7494;49,99;
15:51:14;7536;49,98;
15:51:17;7522;49,98;
15:51:20;7540;49,98;
15:51:23;7482;49,98;
15:51:26;7532;49,98;
15:51:29;7510;49,98;
15:51:32;7526;49,98;
15:51:35;7460;49,98;
15:51:38;7526;49,98;
15:51:44;7524;49,99;
15:51:47;7466;49,99;
15:51:50;7538;50,00;
15:51:53;7506;50,00;
15:51:56;7532;50,00;
15:51:59;7478;50,00;
15:52:02;7532;50,00;
15:52:05;7528;50,00;
15:52:11;7468;49,99;
15:52:14;7536;49,99;
15:52:17;7506;49,99;
15:52:20;7536;49,99;
15:52:23;7482;49,99;
15:52:26;7534;49,98;
15:52:29;7504;49,98;
15:52:32;7530;49,98;
15:52:35;7472;49,98;
15:52:38;7520;49,99;
15:52:41;7488;49,99;
15:52:44;7516;50,00;
15:52:50;7522;50,01;
15:52:53;7492;50,00;
15:52:56;7502;50,00;
15:52:59;7470;50,00;
15:53:02;7506;50,00;
15:53:05;7492;50,00;
15:53:08;7504;50,00;
15:53:11;7512;50,00;
15:53:14;7518;50,00;
15:53:17;7508;50,00;
15:53:20;7518;49,98;
15:53:23;7514;49,98;
15:53:26;7508;49,98;
15:53:29;7510;49,98;
15:53:32;7488;49,98;
15:53:35;7498;49,98;
15:53:38;7436;49,98;
15:53:41;7494;49,98;
15:53:44;7478;49,98;
15:53:47;7492;49,99;
15:53:50;7436;49,99;
15:53:53;7496;49,99;
15:53:56;7490;49,98;
15:54:02;7424;49,99;
15:54:05;7488;49,99;
15:54:08;7478;50,00;
15:54:11;7490;50,00;
15:54:14;7426;50,00;
15:54:17;7488;50,00;
15:54:20;7472;50,00;
15:54:23;7478;49,99;
15:54:26;7408;49,99;
15:54:29;7470;49,98;
15:54:32;7456;49,98;
15:54:35;7458;49,98;
15:54:41;7452;49,97;
15:54:44;7440;49,97;
15:54:47;7452;49,98;
15:54:50;7378;49,98;
15:54:53;7448;49,98;
15:54:56;7434;49,98;
15:54:59;7440;49,98;
15:55:02;7444;49,97;
15:55:05;7434;49,98;
15:55:08;7426;49,98;
15:55:11;7428;49,98;
15:55:14;7416;49,97;
15:55:17;7426;49,97;
15:55:20;7420;49,98;
15:55:26;7418;49,99;
15:55:29;7412;49,99;
15:55:32;7408;49,99;
15:55:35;7402;49,98;
15:55:38;7404;49,98;
15:55:47;7412;49,99;
15:55:50;7334;49,99;
15:55:53;7414;49,99;
15:55:56;7410;49,99;
15:55:59;7414;49,99;
15:56:02;7368;50,00;
15:56:06;7394;50,00;
15:56:12;7424;49,99;
15:56:15;7398;49,98;
15:56:18;7424;49,98;
15:56:20;7430;49,98;
15:56:21;7422;49,98;
15:56:27;7414;49,97;
15:56:30;7330;49,97;
15:56:33;7394;49,97;
15:56:36;7402;49,97;
15:56:39;7324;49,97;
15:56:42;7398;49,97;
15:56:45;7386;49,97;
15:56:48;7396;49,97;
15:56:51;7392;49,98;
15:56:54;7390;49,97;
15:56:57;7374;49,97;
15:57:00;7386;49,96;
15:57:03;7318;49,96;
15:57:06;7378;49,96;
15:57:09;7362;49,96;
15:57:15;7300;49,97;
15:57:18;7368;49,97;
15:57:21;7352;49,97;
15:57:24;7360;49,97;
15:57:27;7286;49,97;
15:57:30;7354;49,96;
15:57:33;7356;49,96;
15:57:36;7350;49,96;
15:57:39;7284;49,98;
15:57:42;7346;49,97;
15:57:45;7338;49,97;
15:57:48;7336;49,97;
15:57:51;7254;49,98;
15:57:54;7322;49,97;
15:57:57;7324;49,98;
15:58:00;7330;49,98;
15:58:03;7274;49,98;
15:58:06;7294;49,98;
15:58:09;7308;49,98;
15:58:12;7314;49,97;
15:58:15;7316;49,97;
15:58:18;7302;49,97;
15:58:21;7270;49,97;
15:58:24;7304;49,96;
15:58:27;7314;49,96;
15:58:30;7256;49,97;
15:58:33;7308;49,97;
15:58:36;7290;49,98;
15:58:39;7306;49,98;
15:58:42;7302;49,98;
15:58:48;7286;49,98;
15:58:51;7302;49,98;
15:58:54;7212;49,98;
15:58:57;7306;49,98;
15:59:00;7280;49,97;
15:59:06;7236;49,97;
15:59:09;7286;49,97;
15:59:12;7254;49,98;
15:59:15;7266;49,98;
15:59:18;7194;49,98;
15:59:21;7250;49,98;
15:59:27;7228;49,98;
15:59:30;7182;49,97;
15:59:33;7242;49,98;
15:59:36;7208;49,98;
15:59:39;7232;49,98;
15:59:42;7176;49,98;
15:59:45;7230;49,98;
15:59:51;7234;49,98;
15:59:54;7168;49,98;
15:59:57;7232;49,98;
16:00:00;7208;49,98;
16:00:03;7238;49,98;
16:00:06;7196;49,97;
16:00:12;7218;49,97;
16:00:15;7214;49,97;
16:00:18;7212;49,97;
16:00:21;7190;49,97;
16:00:24;7240;49,98;
16:00:27;7234;49,98;
16:00:30;7240;49,98;
16:00:33;7242;49,98;
16:00:36;7242;49,99;
16:00:39;7234;50,00;
16:00:42;7192;49,99;
16:00:45;7260;49,99;
16:00:48;7276;49,98;
16:00:51;7284;49,98;
16:00:54;7298;49,99;
16:00:57;7302;50,00;
16:01:00;7304;50,00;
16:01:03;7310;50,00;
16:01:06;7272;50,00;
16:01:09;7296;50,00;
16:01:12;7302;50,00;
16:01:18;7280;50,01;
16:01:21;7264;50,01;
16:01:24;7302;50,00;
16:01:27;7276;50,00;
16:01:30;7298;50,00;
16:01:33;7238;50,01;
16:01:36;7298;50,01;
16:01:39;7290;50,01;
16:01:42;7286;50,00;
16:01:45;7222;50,00;
16:01:48;7282;50,00;
16:01:51;7260;50,00;
16:01:54;7276;50,00;
16:01:57;7216;50,01;
16:02:00;7276;50,01;
16:02:03;7254;50,01;
16:02:06;7272;50,01;
16:02:09;7212;50,01;
16:02:12;7272;50,01;
16:02:15;7248;50,01;
16:02:18;7268;50,01;
16:02:24;7266;50,01;
16:02:27;7242;50,01;
16:02:30;7264;50,00;
16:02:33;7202;50,00;
16:02:36;7256;50,00;
16:02:39;7230;50,00;
16:02:42;7254;50,00;
16:02:45;7252;50,00;
16:02:48;7248;50,00;
16:02:51;7220;50,00;
16:02:54;7240;50,00;
16:02:57;7180;50,00;
16:03:00;7236;50,00;
16:03:03;7218;50,01;
16:03:09;7182;50,01;
16:03:12;7206;50,02;
16:03:15;7220;50,02;
16:03:18;7208;50,02;
16:03:21;7202;50,01;
16:03:24;7186;50,01;
16:03:27;7222;50,00;
16:03:30;7226;50,01;
16:03:33;7220;50,01;
16:03:36;7166;50,01;
16:03:39;7222;50,01;
16:03:42;7198;50,01;
16:03:45;7224;50,01;
16:03:48;7166;50,01;
16:03:51;7222;50,01;
16:03:54;7194;50,01;
16:03:57;7218;50,01;
16:04:00;7160;50,01;
16:04:03;7210;50,02;
16:04:06;7186;50,02;
16:04:09;7206;50,01;
16:04:15;7204;50,01;
16:04:18;7176;50,01;
16:04:21;7196;50,00;
16:04:24;7138;50,00;
16:04:27;7132;50,00;
16:04:30;7164;50,00;
16:04:33;7186;50,00;
16:04:39;7180;50,00;
16:04:42;7152;50,00;
16:04:45;7178;50,00;
16:04:48;7118;49,99;
16:04:51;7168;50,00;
16:04:54;7140;50,00;
16:04:57;7168;50,00;
16:05:00;7106;50,00;
16:05:03;7158;50,00;
16:05:06;7134;50,00;
16:05:09;7154;49,99;
16:05:12;7098;49,99;
16:05:15;7148;49,99;
16:05:21;7144;50,00;
16:05:24;7080;49,99;
16:05:27;7136;50,00;
16:05:30;7114;50,00;
16:05:33;7132;49,99;
16:05:36;7072;49,98;
16:05:39;7128;49,98;
16:05:45;7126;49,98;
16:05:48;7072;49,98;
16:05:51;7126;49,98;
16:05:54;7100;49,99;
16:05:57;7126;49,99;
16:06:00;7068;49,99;
16:06:03;7124;49,99;
16:06:06;7106;49,99;
16:06:09;7120;49,99;
16:06:12;7074;49,99;
16:06:15;7110;49,98;
16:06:21;7112;49,98;
16:06:27;7106;49,98;
16:06:30;7112;49,98;
16:06:33;7108;49,98;
16:06:36;7106;49,98;
16:06:39;7100;49,98;
16:06:45;7074;49,98;
16:06:48;7094;49,98;
16:06:51;7088;49,98;
16:06:54;7086;49,98;
16:06:57;7092;49,98;
16:07:00;7090;49,99;
16:07:03;7090;50,00;
16:07:06;7088;50,00;
16:07:09;7060;50,00;
16:07:12;7086;50,00;
16:07:15;7028;49,99;
16:07:18;7080;49,99;
16:07:21;7058;49,99;
16:07:24;7082;49,99;
16:07:27;7022;49,99;
16:07:30;7082;49,99;
16:07:39;7024;49,98;
16:07:42;7080;49,98;
16:07:45;7056;49,99;
16:07:48;7078;49,98;
16:07:51;7016;49,99;
16:07:54;7074;49,98;
16:07:57;7048;49,98;
16:08:00;7068;49,99;
16:08:03;7008;49,99;
16:08:06;7064;50,00;
16:08:09;7046;49,99;
16:08:12;7060;50,00;
16:08:18;7058;49,99;
16:08:21;7056;49,99;
16:08:24;7058;49,99;
16:08:27;7036;49,99;
16:08:30;7054;49,99;
16:08:33;7058;49,99;
16:08:36;7036;49,98;
16:08:39;7052;49,98;
16:08:42;7046;49,98;
16:08:45;7044;49,98;
16:08:48;7044;49,99;
16:08:51;7042;49,98;
16:08:54;7038;49,99;
16:08:57;7040;50,00;
16:09:00;7014;50,00;
16:09:03;7032;50,00;
16:09:06;7028;50,00;
16:09:12;7022;49,99;
16:09:15;7018;50,00;
16:09:18;7016;50,00;
16:09:24;7010;49,99;
16:09:27;6986;49,99;
16:09:30;7002;49,99;
16:09:33;7006;49,99;
16:09:36;7000;49,99;
16:09:39;6998;49,99;
16:09:42;6932;49,99;
16:09:45;6996;49,99;
16:09:48;6990;49,98;
16:09:51;6992;49,98;
16:09:57;6990;49,99;
16:10:00;6988;49,99;
16:10:06;6926;49,99;
16:10:09;6992;50,00;
16:10:12;6992;49,99;
16:10:18;6998;49,98;
16:10:21;6992;49,98;
16:10:24;6988;49,98;
16:10:30;6984;49,98;
16:10:33;6982;49,97;
16:10:36;6978;49,97;
16:10:39;6976;49,97;
16:10:42;6970;49,97;
16:10:45;6972;49,97;
16:10:48;6948;49,97;
16:10:51;6970;49,98;
16:10:54;6962;49,98;
16:11:00;6964;49,98;
16:11:03;6962;49,98;
16:11:09;6960;49,98;
16:11:12;6942;49,98;
16:11:15;6958;49,98;
16:11:18;6946;49,98;
16:11:21;6958;49,98;
16:11:24;6942;49,98;
16:11:27;6958;49,98;
16:11:30;6924;49,98;
16:11:36;6922;49,97;
16:11:39;6946;49,97;
16:11:42;6888;49,97;
16:11:45;6940;49,97;
16:11:48;6906;49,97;
16:11:51;6928;49,97;
16:11:54;6926;49,97;
16:11:57;6870;49,97;
16:12:00;6918;49,98;
16:12:03;6912;49,98;
16:12:06;6908;49,98;
16:12:09;6902;49,99;
16:12:12;6900;49,98;
16:12:21;6888;49,98;
16:12:24;6874;49,98;
16:12:27;6882;49,98;
16:12:30;6880;49,97;
16:12:33;6874;49,97;
16:12:36;6872;49,97;
16:12:39;6844;49,98;
16:12:42;6870;49,98;
16:12:45;6868;49,98;
16:12:48;6866;49,98;
16:12:51;6864;49,98;
16:12:54;6862;49,98;
16:12:57;6862;49,99;
16:13:00;6858;49,99;
16:13:03;6828;49,99;
16:13:06;6854;49,99;
16:13:09;6852;49,98;
16:13:15;6844;49,98;
16:13:18;6850;49,98;
16:13:21;6828;49,98;
16:13:30;6838;49,98;
16:13:33;6798;49,99;
16:13:36;6830;49,99;
16:13:39;6800;50,00;
16:13:42;6822;50,00;
16:13:45;6824;49,99;
16:13:48;6762;49,99;
16:13:51;6790;49,98;
16:13:54;6812;49,98;
16:13:57;6752;49,98;
16:14:00;6810;49,99;
16:14:03;6804;49,99;
16:14:06;6802;49,98;
16:14:09;6746;49,99;
16:14:12;6798;49,98;
16:14:15;6792;49,98;
16:14:18;6796;49,98;
16:14:21;6776;49,98;
16:14:24;6792;49,98;
16:14:27;6770;49,98;
16:14:33;6744;49,98;
16:14:36;6782;49,98;
16:14:39;6756;49,97;
16:14:42;6776;49,98;
16:14:45;6714;49,98;
16:14:48;6770;49,98;
16:14:51;6770;49,99;
16:14:54;6742;49,99;
16:14:57;6698;49,99;
16:15:00;6756;49,98;
16:15:03;6732;49,99;
16:15:06;6750;49,99;
16:15:09;6686;49,99;
16:15:12;6742;49,99;
16:15:15;6744;49,99;
16:15:18;6738;49,98;
16:15:21;6678;49,98;
16:15:24;6736;49,98;
16:15:27;6710;49,97;
16:15:30;6736;49,97;
16:15:33;6678;49,97;
16:15:39;6708;49,97;
16:15:42;6732;49,97;
16:15:45;6680;49,97;
16:15:48;6732;49,97;
16:15:51;6706;49,98;
16:15:54;6738;49,98;
16:15:57;6734;49,98;
16:16:00;6682;49,98;
16:16:03;6704;49,98;
16:16:06;6734;49,97;
16:16:09;6676;49,98;
16:16:12;6730;49,98;
16:16:15;6710;49,99;
16:16:18;6720;49,98;
16:16:21;6724;49,98;
16:16:24;6702;49,98;
16:16:27;6722;49,97;
16:16:30;6704;49,98;
16:16:33;6720;49,97;
16:16:36;6686;49,98;
16:16:39;6714;49,98;
16:16:42;6718;49,98;
16:16:45;6688;49,98;
16:16:48;6664;49,97;
16:16:51;6712;49,97;
16:16:54;6682;49,97;
16:16:57;6710;49,97;
16:17:00;6656;49,98;
16:17:03;6706;49,97;
16:17:06;6708;49,97;
16:17:09;6708;49,98;
16:17:12;6656;49,99;
16:17:15;6704;49,99;
16:17:18;6670;49,98;
16:17:21;6700;49,98;
16:17:24;6644;49,98;
16:17:30;6660;49,97;
16:17:33;6692;49,97;
16:17:36;6636;49,97;
16:17:39;6682;49,97;
16:17:42;6660;49,97;
16:17:45;6686;49,97;
16:17:48;6686;49,98;
16:17:51;6632;49,98;
16:17:54;6650;49,99;
16:17:57;6682;50,00;
16:18:00;6630;49,99;
16:18:03;6678;49,99;
16:18:06;6652;49,99;
16:18:09;6680;49,99;
16:18:15;6674;49,99;
16:18:18;6652;49,99;
16:18:21;6668;49,99;
16:18:24;6632;49,98;
16:18:27;6660;49,98;
16:18:30;6662;49,98;
16:18:36;6646;49,98;
16:18:39;6632;49,98;
16:18:42;6666;49,98;
16:18:45;6630;49,98;
16:18:48;6612;49,98;
16:18:51;6658;49,98;
16:18:54;6660;49,98;
16:18:57;6626;49,98;
16:19:00;6612;49,98;
16:19:03;6654;49,98;
16:19:06;6614;49,98;
16:19:09;6650;49,98;
16:19:12;6606;49,99;
16:19:15;6648;49,99;
16:19:18;6644;49,99;
16:19:21;6638;49,99;
16:19:24;6612;49,99;
16:19:27;6634;49,99;
16:19:30;6628;49,98;
16:19:33;6614;49,98;
16:19:36;6620;49,98;
16:19:42;6634;49,98;
16:19:45;6602;49,98;
16:19:48;6630;49,98;
16:19:51;6602;49,98;
16:19:54;6628;49,97;
16:19:57;6590;49,98;
16:20:00;6626;49,98;
16:20:03;6620;49,98;
16:20:06;6622;49,98;
16:20:09;6578;49,98;
16:20:12;6618;49,98;
16:20:15;6584;49,98;
16:20:18;6610;49,97;
16:20:21;6570;49,97;
16:20:24;6612;49,98;
16:20:27;6580;49,98;
16:20:30;6614;49,99;
16:20:33;6572;49,98;
16:20:36;6614;49,98;
16:20:39;6580;49,97;
16:20:42;6612;49,98;
16:20:48;6608;49,98;
16:20:51;6570;49,98;
16:20:54;6614;49,98;
16:20:57;6568;49,98;
16:21:00;6608;49,98;
16:21:03;6564;49,98;
16:21:06;6604;49,99;
16:21:09;6602;49,99;
16:21:15;6564;49,99;
16:21:18;6602;49,99;
16:21:21;6570;49,98;
16:21:24;6606;49,98;
16:21:27;6586;49,98;
16:21:33;6582;49,98;
16:21:36;6586;49,98;
16:21:39;6596;49,98;
16:21:42;6570;49,97;
16:21:45;6590;49,98;
16:21:48;6566;49,98;
16:21:51;6590;49,98;
16:21:54;6588;49,98;
16:21:57;6586;49,99;
16:22:00;6548;49,98;
16:22:03;6578;49,98;
16:22:06;6538;49,98;
16:22:09;6576;49,98;
16:22:12;6540;49,98;
16:22:15;6570;49,98;
16:22:18;6522;49,98;
16:22:21;6568;49,98;
16:22:24;6532;49,99;
16:22:27;6562;49,98;
16:22:30;6516;49,98;
16:22:33;6560;49,98;
16:22:39;6558;49,99;
16:22:42;6512;49,99;
16:22:45;6556;50,00;
16:22:48;6524;50,00;
16:22:51;6550;50,00;
16:22:54;6498;50,00;
16:22:57;6546;50,00;
16:23:00;6544;50,00;
16:23:06;6496;50,00;
16:23:09;6536;50,00;
16:23:12;6510;50,00;
16:23:15;6530;50,00;
16:23:18;6486;49,99;
16:23:21;6524;49,99;
16:23:24;6498;49,98;
16:23:27;6516;49,98;
16:23:30;6474;49,98;
16:23:33;6520;49,98;
16:23:36;6498;49,98;
16:23:39;6518;49,98;
16:23:45;6502;49,98;
16:23:48;6474;49,98;
16:23:51;6496;49,98;
16:23:54;6456;49,98;
16:23:57;6492;49,98;
16:24:00;6460;49,98;
16:24:03;6490;49,98;
16:24:06;6490;49,99;
16:24:09;6502;49,99;
16:24:12;6482;49,99;
16:24:15;6500;49,99;
16:24:18;6460;49,98;
16:24:21;6492;49,98;
16:24:24;6462;49,98;
16:24:27;6488;49,98;
16:24:30;6466;49,98;
16:24:33;6450;49,97;
16:24:36;6466;49,97;
16:24:39;6474;49,97;
16:24:45;6482;49,97;
16:24:51;6484;49,97;
16:24:57;6488;49,97;
16:25:00;6484;49,98;
16:25:03;6488;49,98;
16:25:09;6450;49,98;
16:25:12;6488;49,98;
16:25:15;6488;49,97;
16:25:18;6484;49,97;
16:25:21;6440;49,97;
16:25:24;6480;49,96;
16:25:27;6434;49,96;
16:25:30;6470;49,96;
16:25:39;6400;49,97;
16:25:42;6470;49,98;
16:25:45;6414;49,98;
16:25:48;6464;49,98;
16:25:51;6422;49,98;
16:25:54;6450;49,98;
16:25:57;6462;49,98;
16:26:00;6458;49,98;
16:26:03;6424;49,98;
16:26:06;6460;49,98;
16:26:09;6402;49,98;
16:26:12;6438;49,98;
16:26:15;6418;49,98;
16:26:18;6448;49,98;
16:26:21;6404;49,98;
16:26:24;6442;49,98;
16:26:27;6410;49,98;
16:26:30;6436;49,98;
16:26:33;6408;49,98;
16:26:36;6430;49,98;
16:26:42;6428;49,98;
16:26:45;6422;49,98;
16:26:48;6430;49,98;
16:26:51;6420;49,98;
16:26:54;6426;49,98;
16:26:57;6424;49,98;
16:27:00;6376;49,98;
16:27:03;6424;49,98;
16:27:09;6422;49,98;
16:27:12;6424;49,99;
16:27:15;6428;49,99;
16:27:18;6422;50,00;
16:27:21;6424;50,00;
16:27:24;6370;50,00;
16:27:27;6424;49,99;
16:27:33;6420;49,99;
16:27:36;6418;49,98;
16:27:42;6414;49,98;
16:27:51;6412;49,97;
16:27:54;6412;49,96;
16:27:57;6414;49,96;
16:28:00;6416;49,97;
16:28:03;6412;49,98;
16:28:06;6398;49,98;
16:28:09;6416;49,98;
16:28:12;6414;49,98;
16:28:18;6412;49,98;
16:28:21;6410;49,98;
16:28:24;6404;49,97;
16:28:27;6404;49,98;
16:28:30;6382;49,97;
16:28:33;6388;49,97;
16:28:36;6376;49,97;
16:28:39;6372;49,96;
16:28:42;6370;49,96;
16:28:45;6372;49,96;
16:28:48;6366;49,97;
16:28:54;6362;49,96;
16:29:00;6364;49,98;
16:29:03;6362;49,98;
16:29:09;6364;49,98;
16:29:12;6296;49,98;
16:29:15;6360;49,97;
16:29:18;6362;49,97;
16:29:24;6360;49,97;
16:29:30;6350;49,97;
16:29:33;6354;49,98;
16:29:36;6306;49,97;
16:29:39;6354;49,98;
16:29:42;6342;49,98;
16:29:45;6354;49,98;
16:29:48;6304;49,98;
16:29:51;6354;49,98;
16:29:57;6326;49,98;
16:30:00;6346;49,97;
16:30:03;6340;49,96;
16:30:06;6342;49,96;
16:30:09;6336;49,96;
16:30:12;6338;49,96;
16:30:15;6330;49,96;
16:30:18;6332;49,96;
16:30:21;6308;49,96;
16:30:24;6320;49,96;
16:30:27;6316;49,96;
16:30:30;6314;49,96;
16:30:33;6308;49,96;
16:30:36;6312;49,96;
16:30:39;6310;49,97;
16:30:51;6306;49,98;
16:30:54;6304;49,98;
16:30:57;6300;49,98;
16:31:03;6234;49,98;
16:31:06;6298;49,98;
16:31:09;6296;49,97;
16:31:12;6292;49,97;
16:31:15;6288;49,97;
16:31:24;6286;49,97;
16:31:27;6220;49,98;
16:31:30;6282;49,98;
16:31:33;6276;49,98;
16:31:36;6278;49,99;
16:31:39;6264;49,98;
16:31:42;6276;49,98;
16:31:45;6260;49,98;
16:31:51;6224;49,97;
16:31:54;6270;49,97;
16:31:57;6244;49,97;
16:32:00;6264;49,97;
16:32:03;6202;49,97;
16:32:06;6262;49,97;
16:32:09;6256;49,98;
16:32:12;6234;49,98;
16:32:15;6194;49,98;
16:32:18;6250;49,98;
16:32:21;6216;49,98;
16:32:24;6240;49,97;
16:32:27;6178;49,97;
16:32:30;6236;49,96;
16:32:33;6232;49,96;
16:32:36;6230;49,96;
16:32:39;6164;49,96;
16:32:42;6222;49,96;
16:32:45;6192;49,97;
16:32:48;6216;49,97;
16:32:51;6150;49,97;
16:32:57;6198;49,97;
16:33:03;6148;49,96;
16:33:06;6206;49,96;
16:33:09;6180;49,96;
16:33:12;6208;49,97;
16:33:15;6204;49,97;
16:33:18;6138;49,97;
16:33:21;6174;49,96;
16:33:24;6198;49,96;
16:33:27;6132;49,96;
16:33:30;6192;49,96;
16:33:33;6170;49,96;
16:33:36;6194;49,96;
16:33:39;6190;49,96;
16:33:42;6186;49,96;
16:33:45;6160;49,96;
16:33:48;6182;49,96;
16:33:51;6148;49,96;
16:33:54;6178;49,96;
16:33:57;6146;49,96;
16:34:03;6156;49,96;
16:34:06;6170;49,96;
16:34:09;6138;49,96;
16:34:12;6166;49,96;
16:34:15;6158;49,96;
16:34:18;6174;49,96;
16:34:21;6172;49,95;
16:34:24;6130;49,95;
16:34:27;6148;49,95;
16:34:30;6170;49,95;
16:34:33;6170;49,96;
16:34:36;6156;49,96;
16:34:39;6164;49,96;
16:34:42;6160;49,96;
16:34:48;6132;49,96;
16:34:51;6158;49,96;
16:34:54;6146;49,96;
16:34:57;6154;49,97;
16:35:00;6112;49,98;
16:35:03;6154;49,98;
16:35:06;6154;49,97;
16:35:10;6126;49,97;
16:35:13;6104;49,97;
16:35:16;6150;49,96;
16:35:19;6124;49,96;
16:35:22;6148;49,96;
16:35:25;6100;49,95;
16:35:28;6144;49,95;
16:35:34;6140;49,95;
16:35:37;6092;49,96;
16:35:40;6134;49,96;
16:35:43;6110;49,96;
16:35:46;6128;49,96;
16:35:49;6082;49,96;
16:35:52;6126;49,96;
16:35:55;6104;49,96;
16:35:58;6122;49,96;
16:36:01;6068;49,96;
16:36:04;6114;49,96;
16:36:07;6096;49,96;
16:36:10;6110;49,96;
16:36:16;6104;49,97;
16:36:19;6088;49,96;
16:36:22;6100;49,96;
16:36:25;6050;49,96;
16:36:28;6098;49,96;
16:36:31;6074;49,96;
16:36:34;6094;49,96;
16:36:40;6086;49,95;
16:36:43;6070;49,95;
16:36:46;6084;49,95;
16:36:49;6066;49,96;
16:36:52;6082;49,96;
16:36:55;6070;49,97;
16:37:01;6078;49,96;
16:37:04;6074;49,96;
16:37:10;6070;49,96;
16:37:13;6068;49,96;
16:37:16;6066;49,96;
16:37:22;6062;49,97;
16:37:25;6060;49,97;
16:37:28;6062;49,97;
16:37:31;6060;49,97;
16:37:34;6012;49,96;
16:37:37;6056;49,96;
16:37:40;5988;49,96;
16:37:43;6054;49,96;
16:37:46;6048;49,97;
16:37:49;6050;49,97;
16:37:52;6048;49,97;
16:37:55;6046;49,97;
16:37:58;6044;49,97;
16:38:04;5978;49,97;
16:38:07;6040;49,97;
16:38:10;6038;49,97;
16:38:13;6038;49,96;
16:38:16;6036;49,96;
16:38:19;6034;49,96;
16:38:22;6030;49,96;
16:38:28;6022;49,95;
16:38:31;6024;49,95;
16:38:34;6022;49,96;
16:38:37;6020;49,96;
16:38:40;6016;49,96;
16:38:43;6014;49,96;
16:38:46;5992;49,96;
16:38:49;6010;49,96;
16:38:52;6002;49,96;
16:38:55;6000;49,96;
16:38:58;5986;49,96;
16:39:01;5996;49,95;
16:39:04;5936;49,95;
16:39:07;5984;49,95;
16:39:13;5978;49,96;
16:39:16;5930;49,96;
16:39:19;5974;49,96;
16:39:22;5956;49,96;
16:39:25;5968;49,95;
16:39:28;5920;49,95;
16:39:31;5960;49,95;
16:39:34;5956;49,95;
16:39:37;5954;49,95;
16:39:40;5916;49,95;
16:39:43;5954;49,95;
16:39:46;5950;49,95;
16:39:49;5962;49,95;
16:39:52;5946;49,96;
16:39:55;5936;49,96;
16:39:58;5944;49,96;
16:40:01;5948;49,96;
16:40:04;5950;49,96;
16:40:07;5940;49,97;
16:40:10;5936;49,97;
16:40:13;5932;49,97;
16:40:19;5924;49,96;
16:40:22;5922;49,96;
16:40:25;5918;49,96;
16:40:31;5914;49,96;
16:40:34;5908;49,95;
16:40:37;5876;49,95;
16:40:40;5902;49,95;
16:40:43;5896;49,96;
16:40:49;5890;49,96;
16:40:55;5888;49,96;
16:40:58;5884;49,96;
16:41:01;5844;49,96;
16:41:04;5880;49,96;
16:41:07;5876;49,96;
16:41:13;5870;49,97;
16:41:16;5872;49,97;
16:41:19;5866;49,98;
16:41:25;5858;49,98;
16:41:31;5856;49,98;
16:41:34;5854;49,98;
16:41:37;5848;49,98;
16:41:40;5850;49,98;
16:41:43;5836;49,98;
16:41:46;5844;49,97;
16:41:49;5834;49,96;
16:41:52;5842;49,96;
16:41:55;5824;49,96;
16:41:58;5838;49,97;
16:42:01;5800;49,97;
16:42:04;5834;49,97;
16:42:10;5828;49,97;
16:42:13;5766;49,97;
16:42:16;5824;49,97;
16:42:19;5800;49,96;
16:42:22;5820;49,96;
16:42:25;5758;49,95;
16:42:31;5794;49,95;
16:42:34;5814;49,95;
16:42:37;5750;49,96;
16:42:40;5806;49,96;
16:42:43;5782;49,96;
16:42:46;5802;49,96;
16:42:49;5798;49,96;
16:42:52;5738;49,96;
16:42:55;5776;49,97;
16:42:58;5792;49,96;
16:43:01;5726;49,96;
16:43:04;5786;49,96;
16:43:07;5764;49,96;
16:43:10;5780;49,96;
16:43:13;5778;49,96;
16:43:16;5774;49,96;
16:43:19;5748;49,96;
16:43:22;5766;49,96;
16:43:25;5702;49,96;
16:43:28;5758;49,96;
16:43:34;5736;49,96;
16:43:37;5754;49,96;
16:43:40;5742;49,97;
16:43:46;5732;49,97;
16:43:49;5736;49,97;
16:43:52;5730;49,97;
16:43:55;5728;49,97;
16:43:58;5710;49,97;
16:44:01;5728;49,97;
16:44:04;5724;49,97;
16:44:10;5714;49,97;
16:44:13;5724;49,98;
16:44:16;5726;49,98;
16:44:22;5720;49,98;
16:44:25;5722;49,98;
16:44:28;5718;49,98;
16:44:31;5720;49,98;
16:44:34;5718;49,98;
16:44:40;5662;49,98;
16:44:43;5716;49,98;
16:44:46;5706;49,97;
16:44:49;5712;49,97;
16:44:52;5700;49,98;
16:44:55;5708;49,98;
16:44:58;5690;49,98;
16:45:01;5704;49,98;
16:45:04;5682;49,98;
16:45:07;5700;49,98;
16:45:10;5670;49,98;
16:45:13;5692;49,98;
16:45:16;5636;49,98;
16:45:19;5688;49,97;
16:45:22;5668;49,97;
16:45:28;5646;49,96;
16:45:31;5694;49,96;
16:45:34;5668;49,96;
16:45:37;5698;49,96;
16:45:40;5650;49,96;
16:45:43;5696;49,96;
16:45:46;5692;49,96;
16:45:49;5666;49,96;
16:45:52;5636;49,97;
16:45:55;5686;49,97;
16:45:58;5652;49,98;
16:46:01;5676;49,98;
16:46:04;5620;49,98;
16:46:07;5670;49,98;
16:46:10;5666;49,98;
16:46:13;5658;49,98;
16:46:16;5604;49,98;
16:46:19;5654;49,98;
16:46:22;5624;49,97;
16:46:25;5654;49,97;
16:46:28;5604;49,98;
16:46:34;5626;49,98;
16:46:37;5652;49,98;
16:46:40;5598;49,98;
16:46:43;5648;49,98;
16:46:46;5628;49,98;
16:46:49;5638;49,97;
16:46:52;5644;49,97;
16:46:55;5602;49,97;
16:46:58;5626;49,98;
16:47:01;5614;49,98;
16:47:04;5610;49,98;
16:47:07;5596;49,99;
16:47:10;5630;49,98;
16:47:13;5602;49,98;
16:47:16;5626;49,98;
16:47:19;5582;49,98;
16:47:22;5630;49,98;
16:47:25;5602;49,98;
16:47:28;5632;49,98;
16:47:31;5590;49,98;
16:47:34;5634;49,98;
16:47:40;5632;49,98;
16:47:43;5588;49,98;
16:47:46;5622;49,98;
16:47:49;5588;49,98;
16:47:52;5612;49,99;
16:47:55;5570;49,99;
16:47:58;5604;49,99;
16:48:01;5600;49,99;
16:48:04;5596;49,99;
16:48:07;5554;49,99;
16:48:10;5592;49,98;
16:48:13;5554;49,98;
16:48:16;5586;49,98;
16:48:19;5542;49,98;
16:48:25;5536;49,98;
16:48:28;5574;49,98;
16:48:31;5532;49,96;
16:48:34;5566;49,96;
16:48:37;5534;49,96;
16:48:40;5564;49,96;
16:48:43;5560;49,96;
16:48:46;5524;49,96;
16:48:49;5520;49,96;
16:48:52;5558;49,96;
16:48:55;5528;49,97;
16:48:58;5558;49,97;
16:49:01;5518;49,98;
16:49:04;5556;49,98;
16:49:10;5552;49,98;
16:49:13;5508;49,98;
16:49:16;5544;49,98;
16:49:19;5516;49,97;
16:49:22;5540;49,97;
16:49:25;5496;49,97;
16:49:31;5506;49,96;
16:49:34;5530;49,97;
16:49:37;5490;49,97;
16:49:40;5528;49,97;
16:49:43;5496;49,98;
16:49:46;5522;49,98;
16:49:49;5518;49,98;
16:49:52;5486;49,98;
16:49:55;5488;49,98;
16:49:58;5496;49,98;
16:50:01;5492;49,98;
16:50:04;5482;49,99;
16:50:07;5492;49,99;
16:50:10;5486;49,99;
16:50:13;5504;50,00;
16:50:16;5458;49,99;
16:50:19;5494;50,00;
16:50:22;5466;49,99;
16:50:25;5488;50,00;
16:50:28;5446;50,00;
16:50:31;5484;49,99;
16:50:37;5482;49,98;
16:50:40;5442;49,98;
16:50:43;5480;49,98;
16:50:46;5454;49,98;
16:50:49;5480;49,99;
16:50:52;5440;49,99;
16:50:55;5476;49,99;
16:50:58;5474;49,99;
16:51:01;5478;49,98;
16:51:04;5436;49,98;
16:51:07;5480;49,97;
16:51:10;5454;49,97;
16:51:13;5480;49,97;
16:51:16;5438;49,96;
16:51:19;5478;49,97;
16:51:22;5452;49,96;
16:51:25;5474;49,96;
16:51:28;5430;49,96;
16:51:31;5472;49,96;
16:51:34;5450;49,96;
16:51:37;5472;49,96;
16:51:43;5466;49,97;
16:51:46;5436;49,97;
16:51:49;5462;49,98;
16:51:52;5426;49,98;
16:51:55;5454;49,98;
16:51:58;5432;49,98;
16:52:01;5446;49,98;
16:52:04;5448;49,98;
16:52:07;5442;49,98;
16:52:10;5428;49,99;
16:52:13;5434;49,98;
16:52:19;5430;49,98;
16:52:22;5426;49,98;
16:52:25;5404;49,98;
16:52:28;5418;49,98;
16:52:31;5380;49,98;
16:52:34;5418;49,99;
16:52:37;5396;50,00;
16:52:40;5418;50,00;
16:52:43;5378;50,00;
16:52:46;5412;50,00;
16:52:55;5370;50,01;
16:52:58;5402;50,01;
16:53:01;5374;50,01;
16:53:04;5394;50,01;
16:53:07;5350;50,00;
16:53:10;5392;50,00;
16:53:13;5368;50,00;
16:53:16;5384;50,01;
16:53:19;5334;50,01;
16:53:22;5378;50,00;
16:53:25;5358;50,00;
16:53:28;5370;50,00;
16:53:34;5366;50,00;
16:53:37;5350;50,00;
16:53:40;5360;49,99;
16:53:43;5318;49,99;
16:53:46;5360;49,99;
16:53:49;5342;49,98;
16:53:52;5356;49,98;
16:53:55;5358;49,98;
16:53:58;5354;49,98;
16:54:01;5344;49,98;
16:54:04;5358;49,98;
16:54:07;5316;49,98;
16:54:10;5356;49,99;
16:54:13;5342;50,00;
16:54:16;5352;50,00;
16:54:19;5306;50,00;
16:54:22;5348;49,99;
16:54:25;5332;49,99;
16:54:28;5342;49,99;
16:54:31;5296;49,99;
16:54:34;5340;49,99;
16:54:40;5338;50,00;
16:54:43;5296;50,00;
16:54:46;5338;50,00;
16:54:49;5326;50,00;
16:54:52;5324;50,00;
16:54:55;5292;50,00;
16:54:58;5310;50,00;
16:55:01;5324;50,00;
16:55:04;5322;50,01;
16:55:07;5306;50,01;
16:55:10;5318;50,01;
16:55:13;5312;50,00;
16:55:16;5306;50,00;
16:55:19;5296;50,00;
16:55:22;5246;50,00;
16:55:25;5302;49,99;
16:55:31;5300;49,99;
16:55:34;5298;50,00;
16:55:37;5296;50,00;
16:55:40;5294;50,00;
16:55:46;5288;50,00;
16:55:49;5284;49,99;
16:55:52;5282;50,00;
16:55:55;5280;50,00;
16:55:58;5276;50,00;
16:56:04;5266;50,01;
16:56:07;5280;50,00;
16:56:10;5274;50,00;
16:56:13;5276;50,00;
16:56:16;5274;50,00;
16:56:19;5272;50,00;
16:56:22;5266;50,01;
16:56:28;5234;50,01;
16:56:31;5254;50,00;
16:56:34;5242;50,01;
16:56:37;5244;50,00;
16:56:40;5232;50,01;
16:56:43;5232;50,00;
16:56:46;5224;50,00;
16:56:52;5214;49,99;
16:56:55;5210;49,99;
16:56:58;5204;49,99;
16:57:01;5198;49,99;
16:57:04;5182;49,99;
16:57:07;5186;49,99;
16:57:10;5160;49,99;
16:57:13;5166;50,00;
16:57:16;5174;50,00;
16:57:19;5168;50,00;
16:57:22;5158;49,99;
16:57:25;5160;49,99;
16:57:28;5156;49,99;
16:57:31;5154;49,99;
16:57:37;5162;50,00;
16:57:40;5168;50,00;
16:57:43;5164;50,00;
16:57:49;5162;50,01;
16:57:52;5132;50,01;
16:57:55;5154;50,00;
16:57:58;5156;50,01;
16:58:01;5148;50,00;
16:58:04;5132;50,01;
16:58:07;5142;50,01;
16:58:10;5126;50,01;
16:58:13;5140;50,01;
16:58:16;5134;50,01;
16:58:19;5108;50,01;
16:58:22;5126;50,01;
16:58:28;5124;50,01;
16:58:31;5122;50,01;
16:58:34;5124;50,00;
16:58:43;5128;50,00;
16:58:46;5124;50,00;
16:58:49;5126;50,00;
16:58:55;5126;49,99;
16:58:58;5120;50,00;
16:59:01;5100;50,00;
16:59:04;5120;50,00;
16:59:07;5114;50,00;
16:59:13;5110;50,00;
16:59:16;5112;50,00;
16:59:19;5112;50,01;
16:59:25;5092;50,01;
16:59:28;5108;50,00;
16:59:31;5106;50,00;
16:59:34;5102;50,00;
16:59:37;5098;49,99;
16:59:40;5100;49,99;
16:59:43;5094;49,99;
16:59:49;5086;49,98;
16:59:58;5090;49,98;
17:00:04;5084;49,98;
17:00:07;5068;49,98;
17:00:13;5074;49,97;
17:00:16;5070;49,97;
17:00:19;5052;49,97;
17:00:22;5074;49,97;
17:00:25;5052;49,98;
17:00:28;5068;49,98;
17:00:31;5062;49,98;
17:00:34;5062;49,99;
17:00:37;5046;50,00;
17:00:40;5058;50,00;
17:00:43;5026;49,99;
17:00:46;5056;49,99;
17:00:49;5038;49,99;
17:00:55;5020;49,99;
17:00:58;5050;49,99;
17:01:01;5034;49,99;
17:01:04;5052;49,99;
17:01:07;5020;50,00;
17:01:10;5048;50,00;
17:01:13;5056;50,01;
17:01:16;5040;50,01;
17:01:19;5012;50,01;
17:01:22;5040;50,01;
17:01:25;5018;50,01;
17:01:28;5034;50,00;
17:01:31;5002;50,00;
17:01:34;5030;50,00;
17:01:37;5028;49,99;
17:01:40;5022;49,99;
17:01:43;5022;50,00;
17:01:46;5016;50,00;
17:01:49;5016;50,01;
17:01:52;5014;50,01;
17:01:55;5012;50,01;
17:01:58;4982;50,01;
17:02:01;5004;50,01;
17:02:04;5000;50,01;
17:02:07;5004;50,01;
17:02:10;5002;50,01;
17:02:13;4998;50,01;
17:02:16;4996;50,01;
17:02:19;4992;50,02;
17:02:22;4964;50,02;
17:02:25;4990;50,03;
17:02:28;4988;50,02;
17:02:34;4982;50,03;
17:02:37;4980;50,03;
17:02:40;4982;50,04;
17:02:46;4976;50,03;
17:02:49;4974;50,03;
17:02:52;4972;50,03;
17:02:55;4908;50,03;
17:02:58;4970;50,03;
17:03:04;4954;50,04;
17:03:07;4960;50,04;
17:03:13;4964;50,04;
17:03:16;4948;50,04;
17:03:19;4962;50,04;
17:03:22;4944;50,05;
17:03:25;4958;50,05;
17:03:28;4960;50,05;
17:03:31;4956;50,04;
17:03:34;4926;50,04;
17:03:37;4952;50,04;
17:03:40;4928;50,04;
17:03:43;4948;50,04;
17:03:46;4916;50,05;
17:03:52;4916;50,04;
17:03:55;4938;50,04;
17:03:58;4910;50,04;
17:04:01;4934;50,04;
17:04:04;4910;50,03;
17:04:07;4930;50,03;
17:04:13;4902;50,03;
17:04:19;4922;50,03;
17:04:22;4890;50,03;
17:04:25;4918;50,03;
17:04:28;4892;50,03;
17:04:31;4914;50,02;
17:04:37;4910;50,02;
17:04:40;4884;50,02;
17:04:43;4906;50,01;
17:04:46;4872;50,02;
17:04:49;4898;50,01;
17:04:52;4876;50,01;
17:04:58;4866;50,01;
17:05:01;4892;50,01;
17:05:04;4870;50,01;
17:05:07;4878;50,01;
17:05:10;4856;50,01;
17:05:13;4868;50,01;
17:05:16;4876;50,01;
17:05:19;4866;50,01;
17:05:22;4858;50,01;
17:05:25;4854;50,01;
17:05:28;4866;50,01;
17:05:31;4844;50,01;
17:05:34;4860;50,01;
17:05:37;4830;50,01;
17:05:40;4856;50,01;
17:05:43;4838;50,01;
17:05:46;4850;50,02;
17:05:49;4822;50,02;
17:05:52;4826;50,02;
17:05:55;4844;50,01;
17:05:58;4812;50,02;
17:06:04;4820;50,02;
17:06:07;4824;50,02;
17:06:10;4828;50,02;
17:06:13;4816;50,01;
17:06:16;4824;50,01;
17:06:19;4806;50,01;
17:06:22;4816;50,01;
17:06:25;4802;50,01;
17:06:28;4808;50,00;
17:06:31;4784;50,00;
17:06:34;4800;50,01;
17:06:37;4768;50,01;
17:06:40;4794;50,01;
17:06:43;4766;50,01;
17:06:49;4762;50,00;
17:06:52;4784;50,00;
17:06:55;4744;50,01;
17:06:58;4772;50,01;
17:07:01;4750;50,01;
17:07:04;4764;50,01;
17:07:07;4758;50,01;
17:07:10;4720;50,01;
17:07:13;4740;50,01;
17:07:19;4680;50,01;
17:07:22;4730;50,01;
17:07:25;4706;50,01;
17:07:28;4716;50,01;
17:07:31;4714;50,00;
17:07:34;4704;50,00;
17:07:37;4674;50,00;
17:07:40;4690;50,00;
17:07:43;4650;50,00;
17:07:46;4672;50,00;
17:07:49;4648;50,00;
17:07:55;4632;50,01;
17:07:58;4650;50,01;
17:08:01;4628;50,01;
17:08:04;4636;50,01;
17:08:07;4602;50,01;
17:08:10;4624;50,01;
17:08:13;4616;50,01;
17:08:16;4618;50,01;
17:08:22;4614;50,01;
17:08:25;4646;50,00;
17:08:28;4640;50,00;
17:08:31;4652;50,00;
17:08:34;4626;50,00;
17:08:37;4654;50,00;
17:08:40;4628;50,00;
17:08:43;4652;50,00;
17:08:46;4626;50,01;
17:08:49;4648;50,01;
17:08:52;4628;50,01;
17:08:55;4646;50,01;
17:09:01;4644;50,01;
17:09:04;4620;50,01;
17:09:07;4640;50,01;
17:09:10;4612;50,02;
17:09:13;4636;50,01;
17:09:16;4610;50,01;
17:09:19;4630;50,01;
17:09:25;4624;50,00;
17:09:28;4600;50,01;
17:09:31;4618;50,00;
17:09:34;4590;50,00;
17:09:37;4616;50,00;
17:09:40;4594;50,00;
17:09:43;4614;49,99;
17:09:46;4584;50,00;
17:09:49;4610;50,00;
17:09:52;4590;50,00;
17:09:55;4610;50,00;
17:09:58;4582;50,00;
17:10:01;4602;50,00;
17:10:07;4602;50,01;
17:10:10;4576;50,01;
17:10:13;4600;50,01;
17:10:16;4580;50,00;
17:10:19;4598;50,00;
17:10:22;4568;50,00;
17:10:25;4598;50,00;
17:10:31;4596;50,00;
17:10:34;4566;50,00;
17:10:37;4596;50,00;
17:10:40;4576;50,00;
17:10:43;4594;50,00;
17:10:46;4562;50,00;
17:10:52;4574;50,00;
17:10:55;4590;50,00;
17:10:58;4560;50,00;
17:11:01;4586;50,00;
17:11:04;4570;50,00;
17:11:07;4576;50,00;
17:11:10;4582;50,00;
17:11:13;4560;50,00;
17:11:16;4560;49,99;
17:11:19;4574;49,99;
17:11:22;4564;49,99;
17:11:25;4554;49,99;
17:11:28;4560;50,00;
17:11:31;4558;50,00;
17:11:34;4566;50,00;
17:11:37;4534;50,00;
17:11:40;4558;49,99;
17:11:43;4540;49,99;
17:11:46;4556;49,99;
17:11:49;4526;49,99;
17:11:52;4554;49,99;
17:11:58;4552;49,98;
17:12:01;4524;49,98;
17:12:04;4550;49,99;
17:12:07;4538;49,99;
17:12:10;4546;49,99;
17:12:13;4512;49,99;
17:12:16;4544;49,99;
17:12:19;4540;49,99;
17:12:22;4534;49,99;
17:12:25;4498;49,98;
17:12:28;4524;49,98;
17:12:31;4514;49,98;
17:12:34;4524;49,98;
17:12:37;4486;49,98;
17:12:40;4522;49,98;
17:12:43;4504;49,98;
17:12:46;4518;49,98;
17:12:49;4484;49,99;
17:12:52;4514;50,00;
17:12:55;4504;50,00;
17:12:58;4520;50,01;
17:13:04;4504;50,00;
17:13:07;4486;50,00;
17:13:10;4496;50,01;
17:13:13;4468;50,01;
17:13:16;4486;50,00;
17:13:19;4472;50,00;
17:13:22;4484;49,99;
17:13:25;4480;49,99;
17:13:28;4476;49,98;
17:13:31;4466;49,99;
17:13:34;4468;49,99;
17:13:40;4466;49,99;
17:13:43;4462;49,99;
17:13:46;4450;49,99;
17:13:49;4454;49,98;
17:13:52;4452;49,98;
17:13:58;4450;49,98;
17:14:01;4452;49,98;
17:14:04;4448;49,99;
17:14:10;4442;50,00;
17:14:13;4440;50,00;
17:14:16;4438;49,99;
17:14:19;4436;49,98;
17:14:22;4434;49,98;
17:14:25;4430;49,97;
17:14:28;4406;49,98;
17:14:31;4426;49,97;
17:14:34;4418;49,98;
17:14:40;4414;49,97;
17:14:43;4416;49,97;
17:14:46;4414;49,98;
17:14:49;4410;49,98;
17:14:52;4380;49,98;
17:14:55;4410;49,98;
17:14:58;4406;49,98;
17:15:04;4404;49,98;
17:15:07;4402;49,99;
17:15:10;4398;49,99;
17:15:16;4396;49,99;
17:15:19;4398;50,00;
17:15:22;4386;50,00;
17:15:25;4394;50,01;
17:15:28;4360;50,00;
17:15:31;4384;50,00;
17:15:34;4370;50,00;
17:15:37;4376;49,99;
17:15:40;4338;49,99;
17:15:43;4372;50,00;
17:15:46;4364;50,00;
17:15:49;4372;50,00;
17:15:52;4338;50,00;
17:15:55;4368;50,00;
17:16:01;4366;50,01;
17:16:04;4332;50,01;
17:16:07;4362;50,02;
17:16:10;4352;50,02;
17:16:13;4356;50,02;
17:16:16;4326;50,01;
17:16:19;4344;50,01;
17:16:22;4350;50,02;
17:16:25;4344;50,01;
17:16:28;4328;50,00;
17:16:31;4344;50,00;
17:16:34;4334;50,00;
17:16:37;4336;50,00;
17:16:40;4334;50,00;
17:16:43;4298;50,00;
17:16:46;4330;50,00;
17:16:49;4328;50,00;
17:16:52;4324;50,00;
17:16:55;4322;50,00;
17:16:58;4318;50,01;
17:17:01;4316;50,01;
17:17:07;4314;50,00;
17:17:13;4306;50,00;
17:17:19;4302;50,00;
17:17:22;4304;50,00;
17:17:25;4298;50,00;
17:17:31;4296;49,99;
17:17:37;4294;49,99;
17:17:43;4292;50,00;
17:17:46;4290;50,00;
17:17:49;4300;50,00;
17:17:55;4298;50,01;
17:17:58;4302;50,01;
17:18:01;4296;50,01;
17:18:04;4294;50,01;
17:18:07;4288;50,00;
17:18:13;4278;50,01;
17:18:19;4276;50,00;
17:18:22;4290;50,00;
17:18:25;4282;50,00;
17:18:28;4288;50,00;
17:18:31;4270;50,00;
17:18:34;4280;50,00;
17:18:37;4278;50,00;
17:18:40;4290;50,00;
17:18:43;4282;50,00;
17:18:46;4284;50,00;
17:18:49;4278;50,00;
17:18:52;4272;50,00;
17:18:55;4234;50,00;
17:18:58;4270;50,00;
17:19:01;4266;50,00;
17:19:04;4268;50,00;
17:19:07;4262;50,00;
17:19:10;4264;50,00;
17:19:13;4260;50,01;
17:19:19;4266;50,00;
17:19:22;4270;50,00;
17:19:25;4260;50,01;
17:19:28;4270;50,01;
17:19:31;4260;50,01;
17:19:34;4274;50,01;
17:19:37;4276;50,01;
17:19:40;4260;50,01;
17:19:43;4246;50,01;
17:19:46;4270;50,00;
17:19:49;4268;50,01;
17:19:52;4268;50,00;
17:19:55;4270;50,00;
17:20:04;4266;50,00;
17:20:07;4264;50,00;
17:20:10;4266;50,00;
17:20:16;4260;50,00;
17:20:19;4262;50,00;
17:20:22;4228;50,00;
17:20:25;4260;49,99;
17:20:28;4258;49,98;
17:20:31;4256;49,98;
17:20:34;4254;49,98;
17:20:37;4252;49,98;
17:20:40;4248;49,98;
17:20:43;4250;49,98;
17:20:46;4222;49,98;
17:20:49;4242;49,98;
17:20:52;4236;49,98;
17:20:55;4234;49,98;
17:20:58;4236;49,98;
17:21:01;4236;49,99;
17:21:04;4234;49,99;
17:21:10;4224;49,99;
17:21:16;4216;50,00;
17:21:19;4220;50,00;
17:21:22;4216;49,99;
17:21:25;4218;49,99;
17:21:28;4184;50,00;
17:21:31;4200;49,99;
17:21:34;4194;50,00;
17:21:37;4212;50,00;
17:21:40;4180;49,99;
17:21:43;4208;49,99;
17:21:46;4174;49,99;
17:21:49;4208;49,99;
17:21:52;4206;50,00;
17:21:55;4208;50,00;
17:21:58;4170;50,00;
17:22:01;4202;50,00;
17:22:04;4166;50,00;
17:22:07;4190;50,00;
17:22:10;4160;50,00;
17:22:16;4160;49,99;
17:22:19;4192;49,98;
17:22:22;4152;49,98;
17:22:25;4192;49,98;
17:22:28;4154;49,98;
17:22:31;4184;49,98;
17:22:34;4182;49,98;
17:22:37;4140;49,98;
17:22:40;4146;49,98;
17:22:43;4170;49,98;
17:22:46;4128;49,98;
17:22:49;4168;49,99;
17:22:52;4134;49,99;
17:22:55;4162;50,00;
17:22:58;4164;50,00;
17:23:01;4160;49,99;
17:23:04;4124;49,99;
17:23:07;4152;49,98;
17:23:10;4110;49,98;
17:23:13;4150;49,98;
17:23:16;4116;49,98;
17:23:22;4100;49,98;
17:23:25;4146;49,98;
17:23:28;4118;49,98;
17:23:31;4144;49,98;
17:23:34;4102;49,99;
17:23:37;4142;50,00;
17:23:43;4116;50,00;
17:23:46;4091;49,99;
17:23:49;4134;49,98;
17:23:52;4110;49,97;
17:23:55;4130;49,97;
17:23:58;4087;49,98;
17:24:01;4130;49,98;
17:24:04;4126;49,98;
17:24:07;4122;49,99;
17:24:10;4081;49,99;
17:24:13;4120;49,99;
17:24:16;4087;49,99;
17:24:19;4116;49,98;
17:24:22;4114;49,98;
17:24:25;4080;49,98;
17:24:28;4102;49,98;
17:24:31;4090;50,00;
17:24:34;4096;50,00;
17:24:37;4071;49,99;
17:24:40;4084;49,99;
17:24:43;4065;49,98;
17:24:46;4076;49,98;
17:24:49;4074;49,97;
17:24:52;4070;49,97;
17:24:55;4040;49,97;
17:24:58;4057;49,97;
17:25:01;4036;49,97;
17:25:04;4048;49,97;
17:25:07;3996;49,96;
17:25:13;4016;49,97;
17:25:16;4037;49,97;
17:25:19;3987;49,97;
17:25:22;4027;49,98;
17:25:25;4000;49,98;
17:25:28;4020;49,98;
17:25:31;4017;49,98;
17:25:34;3981;49,98;
17:25:37;3982;49,98;
17:25:40;4001;49,97;
17:25:43;3968;49,97;
17:25:46;3989;49,97;
17:25:49;3971;49,97;
17:25:52;3987;49,97;
17:25:55;3986;49,97;
17:25:58;3979;49,98;
17:26:01;4002;49,98;
17:26:04;4007;49,99;
17:26:07;4000;49,98;
17:26:10;4012;49,98;
17:26:13;3974;49,98;
17:26:19;3984;49,97;
17:26:22;3998;49,96;
17:26:25;3970;49,96;
17:26:28;3986;49,96;
17:26:31;3977;49,96;
17:26:34;3988;49,96;
17:26:40;3972;49,96;
17:26:43;3977;49,96;
17:26:46;3972;49,96;
17:26:49;3984;49,96;
17:26:52;3952;49,96;
17:26:55;3986;49,96;
17:26:58;3970;49,96;
17:27:01;3985;49,96;
17:27:04;3953;49,96;
17:27:07;3989;49,96;
17:27:10;3975;49,97;
17:27:13;3984;49,97;
17:27:16;3946;49,97;
17:27:19;3979;49,97;
17:27:25;3969;49,97;
17:27:28;3931;49,97;
17:27:31;3957;49,97;
17:27:34;3945;49,98;
17:27:37;3951;49,97;
17:27:40;3906;49,97;
17:27:43;3941;49,96;
17:27:49;3936;49,97;
17:27:52;3901;49,97;
17:27:55;3940;49,97;
17:27:58;3927;49,97;
17:28:01;3934;49,97;
17:28:04;3896;49,97;
17:28:07;3934;49,98;
17:28:10;3915;49,98;
17:28:13;3923;49,98;
17:28:16;3883;49,98;
17:28:19;3919;49,97;
17:28:22;3907;49,97;
17:28:25;3916;49,98;
17:28:31;3910;49,97;
17:28:34;3897;49,97;
17:28:37;3899;49,97;
17:28:40;3866;49,97;
17:28:43;3901;49,97;
17:28:46;3888;49,97;
17:28:49;3891;49,97;
17:28:55;3889;49,97;
17:28:58;3875;49,97;
17:29:01;3879;49,97;
17:29:04;3842;49,97;
17:29:07;3875;49,97;
17:29:10;3858;49,97;
17:29:16;3831;49,96;
17:29:19;3868;49,96;
17:29:22;3852;49,96;
17:29:25;3862;49,96;
17:29:28;3842;49,96;
17:29:31;3862;49,96;
17:29:34;3868;49,96;
17:29:37;3861;49,96;
17:29:40;3853;49,96;
17:29:43;3844;49,97;
17:29:46;3858;49,98;
17:29:49;3860;49,98;
17:29:52;3856;49,98;
17:29:55;3821;49,98;
17:29:58;3853;49,98;
17:30:01;3839;49,98;
17:30:04;3844;49,97;
17:30:07;3809;49,97;
17:30:10;3842;49,97;
17:30:13;3829;49,96;
17:30:16;3831;49,96;
17:30:22;3823;49,96;
17:30:25;3794;49,96;
17:30:28;3816;49,96;
17:30:31;3790;49,96;
17:30:34;3808;49,96;
17:30:37;3785;49,97;
17:30:40;3801;49,97;
17:30:43;3798;49,97;
17:30:46;3774;49,96;
17:30:49;3752;49,96;
17:30:52;3782;49,96;
17:30:55;3765;49,96;
17:30:58;3779;49,96;
17:31:01;3748;49,96;
17:31:04;3773;49,96;
17:31:07;3754;49,96;
17:31:10;3769;49,97;
17:31:13;3733;49,97;
17:31:16;3768;49,97;
17:31:19;3747;49,97;
17:31:22;3759;49,98;
17:31:28;3759;49,97;
17:31:31;3746;49,97;
17:31:34;3754;49,97;
17:31:37;3722;49,96;
17:31:40;3749;49,96;
17:31:43;3745;49,96;
17:31:46;3734;49,96;
17:31:49;3743;49,96;
17:31:52;3739;49,96;
17:31:55;3740;49,96;
17:31:58;3735;49,97;
17:32:04;3733;49,96;
17:32:07;3729;49,96;
17:32:10;3709;49,96;
17:32:13;3726;49,95;
17:32:16;3723;49,96;
17:32:19;3721;49,96;
17:32:22;3718;49,96;
17:32:25;3715;49,96;
17:32:28;3712;49,96;
17:32:34;3703;49,96;
17:32:37;3702;49,96;
17:32:40;3697;49,96;
17:32:43;3692;49,96;
17:32:46;3686;49,96;
17:32:49;3684;49,96;
17:32:52;3644;49,96;
17:32:55;3679;49,96;
17:32:58;3674;49,96;
17:33:01;3678;49,96;
17:33:04;3678;49,97;
17:33:07;3675;49,97;
17:33:10;3670;49,97;
17:33:13;3669;49,97;
17:33:16;3645;49,97;
17:33:19;3657;49,98;
17:33:22;3622;49,97;
17:33:25;3647;49,97;
17:33:28;3626;49,96;
17:33:31;3634;49,96;
17:33:34;3595;49,96;
17:33:37;3628;49,96;
17:33:40;3627;49,96;
17:33:43;3616;49,96;
17:33:46;3569;49,97;
17:33:49;3609;49,97;
17:33:52;3607;49,97;
17:33:55;3610;49,97;
17:33:58;3580;49,97;
17:34:01;3607;49,97;
17:34:04;3587;49,97;
17:34:07;3599;49,97;
17:34:10;3573;49,97;
17:34:13;3596;49,97;
17:34:16;3578;49,97;
17:34:19;3591;49,97;
17:34:25;3582;49,97;
17:34:28;3564;49,97;
17:34:31;3576;49,97;
17:34:34;3551;49,97;
17:34:37;3570;49,97;
17:34:40;3553;49,97;
17:34:43;3568;49,97;
17:34:46;3564;49,97;
17:34:49;3566;49,97;
17:34:52;3555;49,97;
17:34:55;3559;49,96;
17:34:58;3556;49,96;
17:35:01;3555;49,97;
17:35:04;3552;49,97;
17:35:07;3528;49,97;
17:35:10;3543;49,97;
17:35:13;3534;49,97;
17:35:16;3531;49,97;
17:35:19;3525;49,97;
17:35:22;3522;49,97;
17:35:25;3517;49,97;
17:35:31;3515;49,97;
17:35:34;3510;49,97;
17:35:37;3506;49,97;
17:35:40;3504;49,97;
17:35:43;3499;49,97;
17:35:46;3493;49,97;
17:35:49;3470;49,97;
17:35:52;3488;49,98;
17:35:55;3478;49,97;
17:35:58;3475;49,97;
17:36:01;3467;49,96;
17:36:04;3464;49,97;
17:36:07;3457;49,96;
17:36:10;3456;49,97;
17:36:13;3434;49,97;
17:36:16;3448;49,97;
17:36:19;3440;49,97;
17:36:22;3443;49,97;
17:36:25;3437;49,97;
17:36:28;3435;49,96;
17:36:31;3431;49,96;
17:36:37;3414;49,97;
17:36:40;3419;49,97;
17:36:43;3409;49,96;
17:36:46;3404;49,96;
17:36:49;3380;49,96;
17:36:52;3398;49,96;
17:36:55;3391;49,96;
17:36:58;3393;49,96;
17:37:01;3367;49,96;
17:37:04;3395;49,96;
17:37:07;3380;49,96;
17:37:10;3388;49,96;
17:37:13;3368;49,96;
17:37:16;3386;49,96;
17:37:19;3385;49,96;
17:37:22;3381;49,95;
17:37:25;3361;49,94;
17:37:28;3380;49,94;
17:37:31;3373;49,95;
17:37:34;3374;49,96;
17:37:37;3355;49,96;
17:37:43;3367;49,95;
17:37:46;3368;49,95;
17:37:49;3321;49,95;
17:37:52;3364;49,95;
17:37:58;3362;49,95;
17:38:01;3367;49,95;
17:38:04;3269;49,95;
17:38:07;3364;49,95;
17:38:10;3361;49,95;
17:38:16;3356;49,96;
17:38:19;3359;49,96;
17:38:22;3355;49,96;
17:38:28;3341;49,96;
17:38:31;3350;49,96;
17:38:34;3347;49,95;
17:38:37;3349;49,95;
17:38:40;3348;49,95;
17:38:43;3345;49,96;
17:38:46;3335;49,96;
17:38:49;3344;49,96;
17:38:52;3338;49,97;
17:38:55;3336;49,96;
17:38:58;3333;49,96;
17:39:01;3330;49,96;
17:39:04;3325;49,96;
17:39:07;3324;49,96;
17:39:10;3308;49,96;
17:39:13;3319;49,97;
17:39:16;3318;49,96;
17:39:19;3315;49,96;
17:39:22;3313;49,96;
17:39:25;3312;49,96;
17:39:28;3298;49,96;
17:39:34;3305;49,96;
17:39:40;3271;49,96;
17:39:43;3297;49,96;
17:39:46;3287;49,96;
17:39:49;3288;49,96;
17:39:52;3251;49,96;
17:39:55;3233;49,96;
17:39:58;3273;49,96;
17:40:01;3281;49,96;
17:40:04;3206;49,96;
17:40:07;3280;49,96;
17:40:10;3266;49,95;
17:40:13;3277;49,95;
17:40:16;3273;49,96;
17:40:19;3272;49,96;
17:40:22;3256;49,96;
17:40:25;3268;49,96;
17:40:28;3181;49,96;
17:40:31;3264;49,95;
17:40:34;3251;49,95;
17:40:40;3180;49,95;
17:40:43;3260;49,96;
17:40:46;3248;49,96;
17:40:49;3256;49,96;
17:40:52;3171;49,96;
17:40:55;3248;49,96;
17:41:01;3237;49,96;
17:41:04;3161;49,96;
17:41:07;3236;49,96;
17:41:10;3220;49,95;
17:41:13;3226;49,95;
17:41:16;3152;49,95;
17:41:19;3216;49,95;
17:41:22;3213;49,95;
17:41:25;3205;49,95;
17:41:28;3180;49,96;
17:41:31;3204;49,96;
17:41:34;3193;49,96;
17:41:37;3205;49,96;
17:41:40;3169;49,96;
17:41:46;3191;49,97;
17:41:49;3190;49,96;
17:41:52;3174;49,96;
17:41:55;3170;49,96;
17:41:58;3190;49,96;
17:42:01;3175;49,96;
17:42:04;3187;49,96;
17:42:07;3179;49,96;
17:42:10;3181;49,96;
17:42:13;3165;49,97;
17:42:16;3176;49,97;
17:42:19;3120;49,97;
17:42:22;3173;49,96;
17:42:25;3156;49,96;
17:42:31;3112;49,97;
17:42:34;3161;49,97;
17:42:37;3147;49,98;
17:42:40;3161;49,98;
17:42:43;3110;49,98;
17:42:46;3158;49,98;
17:42:49;3155;49,98;
17:42:52;3139;49,98;
17:42:55;3102;49,98;
17:42:58;3146;49,98;
17:43:01;3129;49,98;
17:43:04;3146;49,98;
17:43:07;3096;49,98;
17:43:10;3140;49,98;
17:43:13;3138;49,98;
17:43:16;3134;49,99;
17:43:19;3088;49,99;
17:43:22;3129;50,00;
17:43:25;3108;50,00;
17:43:28;3126;50,00;
17:43:31;3084;49,98;
17:43:37;3098;49,97;
17:43:40;3113;49,97;
17:43:43;3070;49,97;
17:43:46;3108;49,96;
17:43:49;3087;49,96;
17:43:52;3102;49,96;
17:43:55;3103;49,96;
17:43:58;3061;49,96;
17:44:01;3075;49,97;
17:44:04;3094;49,97;
17:44:07;3052;49,98;
17:44:10;3088;49,98;
17:44:13;3069;49,98;
17:44:16;3086;49,98;
17:44:19;3084;49,98;
17:44:22;3080;49,98;
17:44:25;3059;49,98;
17:44:28;3077;49,97;
17:44:31;3040;49,97;
17:44:34;3071;49,96;
17:44:37;3046;49,96;
17:44:43;3030;49,96;
17:44:46;3056;49,96;
17:44:49;3049;49,97;
17:44:52;3043;49,97;
17:44:55;3032;49,97;
17:44:58;3037;49,97;
17:45:01;3048;49,97;
17:45:04;3047;49,97;
17:45:07;3039;49,98;
17:45:10;3007;49,98;
17:45:13;3041;49,99;
17:45:16;3024;49,99;
17:45:19;3038;49,99;
17:45:22;2991;49,99;
17:45:25;3032;49,98;
17:45:28;3015;49,98;
17:45:31;3027;49,98;
17:45:34;2977;49,98;
17:45:37;3024;49,97;
17:45:40;3009;49,96;
17:45:43;3018;49,96;
17:45:49;3013;49,96;
17:45:52;3004;49,96;
17:45:55;3009;49,97;
17:45:58;2945;49,97;
17:46:01;3006;49,98;
17:46:04;2997;49,98;
17:46:07;3004;49,98;
17:46:10;2996;49,98;
17:46:13;3000;49,99;
17:46:16;2990;49,99;
17:46:19;2997;49,99;
17:46:22;2928;49,99;
17:46:25;2992;49,99;
17:46:28;2981;49,98;
17:46:31;2990;49,98;
17:46:34;2926;49,97;
17:46:37;2985;49,97;
17:46:40;2974;49,98;
17:46:43;2985;49,98;
17:46:46;2929;49,98;
17:46:49;2980;49,98;
17:46:55;2972;49,98;
17:46:58;2945;49,97;
17:47:01;2949;49,97;
17:47:04;2965;49,97;
17:47:07;2958;49,97;
17:47:10;2957;49,97;
17:47:13;2912;49,96;
17:47:16;2963;49,96;
17:47:19;2949;49,96;
17:47:22;2955;49,97;
17:47:25;2893;49,96;
17:47:28;2950;49,96;
17:47:31;2940;49,96;
17:47:34;2947;49,96;
17:47:40;2941;49,96;
17:47:43;2930;49,97;
17:47:46;2937;49,97;
17:47:49;2882;49,97;
17:47:52;2934;49,98;
17:47:55;2921;49,98;
17:47:58;2929;49,98;
17:48:01;2926;49,98;
17:48:04;2921;49,98;
17:48:07;2910;49,97;
17:48:10;2918;49,98;
17:48:13;2881;49,98;
17:48:16;2913;49,98;
17:48:19;2896;49,98;
17:48:22;2913;49,98;
17:48:25;2881;49,97;
17:48:28;2906;49,97;
17:48:31;2890;49,97;
17:48:34;2904;49,96;
17:48:37;2881;49,96;
17:48:40;2900;49,96;
17:48:46;2898;49,96;
17:48:49;2886;49,97;
17:48:52;2900;49,97;
17:48:55;2864;49,97;
17:48:58;2898;49,98;
17:49:01;2882;49,98;
17:49:04;2898;49,98;
17:49:10;2893;49,98;
17:49:13;2886;49,98;
17:49:16;2897;49,97;
17:49:19;2876;49,97;
17:49:22;2899;49,97;
17:49:25;2858;49,97;
17:49:28;2895;49,97;
17:49:31;2865;49,98;
17:49:34;2885;49,98;
17:49:37;2848;49,98;
17:49:40;2874;49,98;
17:49:43;2857;49,98;
17:49:46;2872;49,98;
17:49:52;2867;49,98;
17:49:55;2846;49,98;
17:49:58;2864;49,99;
17:50:01;2858;49,99;
17:50:04;2860;50,00;
17:50:07;2851;50,00;
17:50:10;2848;50,00;
17:50:13;2857;50,00;
17:50:16;2850;49,99;
17:50:19;2846;50,00;
17:50:22;2842;49,99;
17:50:25;2840;49,98;
17:50:28;2833;49,98;
17:50:31;2832;49,97;
17:50:34;2806;49,98;
17:50:37;2824;49,98;
17:50:40;2820;49,98;
17:50:43;2816;49,98;
17:50:46;2812;49,98;
17:50:49;2809;49,98;
17:50:52;2807;49,99;
17:50:58;2799;49,99;
17:51:01;2799;49,98;
17:51:04;2795;49,98;
17:51:07;2792;49,98;
17:51:10;2787;49,97;
17:51:13;2786;49,97;
17:51:16;2764;49,97;
17:51:19;2784;49,98;
17:51:22;2781;49,97;
17:51:25;2778;49,97;
17:51:28;2760;49,97;
17:51:31;2775;49,97;
17:51:34;2740;49,98;
17:51:37;2771;49,98;
17:51:43;2765;49,98;
17:51:46;2730;49,98;
17:51:49;2762;49,99;
17:51:52;2757;49,99;
17:51:55;2758;49,99;
17:51:58;2731;49,98;
17:52:01;2750;49,98;
17:52:04;2755;49,98;
17:52:07;2752;49,99;
17:52:10;2743;49,99;
17:52:13;2751;49,99;
17:52:16;2755;49,99;
17:52:19;2754;49,98;
17:52:22;2752;49,98;
17:52:25;2724;49,98;
17:52:28;2750;49,97;
17:52:31;2748;49,97;
17:52:34;2744;49,97;
17:52:37;2745;49,98;
17:52:40;2742;49,98;
17:52:43;2735;49,98;
17:52:49;2731;49,97;
17:52:52;2732;49,97;
17:52:55;2728;49,98;
17:52:58;2726;49,98;
17:53:01;2725;49,98;
17:53:04;2723;49,98;
17:53:07;2675;49,98;
17:53:10;2721;49,98;
17:53:13;2712;49,98;
17:53:16;2714;49,98;
17:53:19;2709;49,99;
17:53:22;2707;49,99;
17:53:25;2703;50,00;
17:53:28;2702;50,00;
17:53:31;2650;50,00;
17:53:34;2695;50,00;
17:53:37;2694;50,00;
17:53:40;2691;50,00;
17:53:43;2692;50,00;
17:53:46;2689;50,00;
17:53:49;2691;50,01;
17:53:55;2688;50,01;
17:53:58;2684;50,01;
17:54:01;2677;50,00;
17:54:04;2678;50,00;
17:54:07;2675;50,00;
17:54:13;2652;50,00;
17:54:16;2671;50,00;
17:54:19;2669;49,99;
17:54:22;2667;49,98;
17:54:25;2664;49,98;
17:54:28;2666;49,98;
17:54:31;2662;49,98;
17:54:37;2646;49,98;
17:54:40;2659;49,98;
17:54:43;2657;49,99;
17:54:46;2658;49,99;
17:54:49;2655;49,98;
17:54:52;2653;49,98;
17:54:55;2641;49,98;
17:55:01;2640;49,98;
17:55:04;2646;49,98;
17:55:07;2615;49,98;
17:55:10;2641;49,98;
17:55:13;2638;49,99;
17:55:19;2634;49,99;
17:55:22;2590;49,99;
17:55:25;2623;49,99;
17:55:28;2630;49,99;
17:55:31;2587;49,99;
17:55:34;2630;49,98;
17:55:37;2619;49,99;
17:55:40;2623;49,98;
17:55:43;2622;49,98;
17:55:46;2621;49,98;
17:55:49;2606;49,98;
17:55:52;2613;49,98;
17:55:55;2560;49,99;
17:55:58;2610;49,99;
17:56:01;2598;50,00;
17:56:07;2605;50,00;
17:56:10;2604;50,00;
17:56:13;2602;50,00;
17:56:16;2599;50,00;
17:56:19;2597;50,00;
17:56:22;2595;49,99;
17:56:25;2593;49,99;
17:56:28;2585;49,99;
17:56:31;2590;49,98;
17:56:34;2586;49,98;
17:56:37;2585;49,98;
17:56:40;2579;50,00;
17:56:46;2575;50,00;
17:56:52;2564;50,00;
17:56:55;2565;50,00;
17:56:58;2553;49,99;
17:57:01;2552;49,99;
17:57:04;2537;49,98;
17:57:07;2540;49,98;
17:57:10;2509;49,98;
17:57:13;2495;49,98;
17:57:16;2511;49,99;
17:57:19;2512;49,99;
17:57:22;2481;49,99;
17:57:25;2502;49,99;
17:57:28;2508;49,99;
17:57:31;2515;49,99;
17:57:34;2513;49,99;
17:57:37;2509;49,99;
17:57:40;2499;50,00;
17:57:43;2505;50,00;
17:57:46;2431;50,00;
17:57:49;2500;49,99;
17:57:52;2492;49,99;
17:57:58;2488;49,99;
17:58:01;2487;50,00;
17:58:04;2479;50,00;
17:58:07;2483;50,00;
17:58:10;2464;50,00;
17:58:13;2483;50,00;
17:58:16;2477;50,00;
17:58:19;2464;50,00;
17:58:22;2418;50,00;
17:58:25;2469;50,00;
17:58:28;2462;50,00;
17:58:31;2464;50,00;
17:58:34;2428;50,00;
17:58:37;2457;50,00;
17:58:40;2456;50,00;
17:58:43;2455;50,00;
17:58:46;2420;50,00;
17:58:49;2445;50,00;
17:58:52;2442;50,00;
17:58:55;2441;49,99;
17:58:58;2383;49,99;
17:59:04;2426;49,99;
17:59:07;2436;49,98;
17:59:10;2375;49,98;
17:59:13;2432;49,98;
17:59:16;2418;49,98;
17:59:19;2426;49,98;
17:59:22;2424;49,98;
17:59:25;2368;49,98;
17:59:28;2411;49,98;
17:59:31;2416;49,98;
17:59:34;2362;49,98;
17:59:37;2414;49,99;
17:59:40;2403;49,98;
17:59:43;2411;49,98;
17:59:46;2409;49,98;
17:59:49;2404;49,97;
17:59:52;2391;49,96;
17:59:55;2399;49,97;
17:59:58;2356;49,97;
18:00:01;2401;49,98;
18:00:04;2396;49,98;
18:00:10;2395;49,98;
18:00:13;2349;49,98;
18:00:16;2375;49,97;
18:00:19;2372;49,97;
18:00:22;2384;49,97;
18:00:25;2348;49,97;
18:00:28;2386;49,97;
18:00:34;2380;49,98;
18:00:37;2340;49,97;
18:00:40;2379;49,97;
18:00:43;2369;49,97;
18:00:46;2379;49,97;
18:00:49;2343;49,97;
18:00:55;2372;49,98;
18:00:58;2378;49,98;
18:01:01;2335;50,00;
18:01:04;2377;50,00;
18:01:10;2376;50,00;
18:01:13;2379;50,00;
18:01:16;2315;50,00;
18:01:19;2368;50,01;
18:01:22;2372;50,00;
18:01:25;2340;50,00;
18:01:28;2365;50,00;
18:01:31;2351;50,00;
18:01:34;2362;50,00;
18:01:37;2358;50,00;
18:01:40;2356;49,99;
18:01:43;2336;49,99;
18:01:46;2353;49,99;
18:01:49;2327;50,00;
18:01:52;2348;50,00;
18:01:55;2348;50,01;
18:02:01;2315;50,00;
18:02:04;2345;50,01;
18:02:07;2339;50,01;
18:02:10;2336;50,01;
18:02:13;2325;50,01;
18:02:16;2324;50,01;
18:02:19;2339;50,01;
18:02:22;2337;50,01;
18:02:25;2297;50,02;
18:02:28;2330;50,02;
18:02:31;2315;50,03;
18:02:34;2324;50,03;
18:02:37;2289;50,02;
18:02:40;2317;50,02;
18:02:46;2313;50,03;
18:02:49;2280;50,03;
18:02:52;2305;50,03;
18:02:55;2297;50,03;
18:02:58;2302;50,03;
18:03:01;2272;50,03;
18:03:07;2290;50,03;
18:03:10;2287;50,03;
18:03:13;2278;50,03;
18:03:16;2282;50,03;
18:03:19;2292;50,03;
18:03:22;2278;50,03;
18:03:25;2291;50,03;
18:03:28;2284;50,03;
18:03:34;2273;50,03;
18:03:37;2281;50,03;
18:03:40;2252;50,03;
18:03:43;2275;50,03;
18:03:46;2266;50,03;
18:03:49;2273;50,03;
18:03:52;2243;50,03;
18:03:55;2266;50,03;
18:03:58;2254;50,03;
18:04:01;2260;50,03;
18:04:04;2235;50,02;
18:04:07;2253;50,02;
18:04:13;2247;50,01;
18:04:16;2220;50,01;
18:04:19;2241;50,01;
18:04:22;2230;50,01;
18:04:25;2238;50,01;
18:04:28;2208;50,01;
18:04:31;2231;50,01;
18:04:34;2232;50,01;
18:04:37;2225;50,01;
18:04:40;2195;50,01;
18:04:43;2223;50,00;
18:04:46;2208;50,01;
18:04:49;2218;50,00;
18:04:52;2183;50,01;
18:04:55;2215;50,01;
18:04:58;2201;50,01;
18:05:01;2211;50,01;
18:05:04;2175;50,01;
18:05:07;2203;50,01;
18:05:10;2197;50,01;
18:05:13;2193;50,01;
18:05:16;2200;50,00;
18:05:19;2177;50,00;
18:05:22;2188;50,00;
18:05:25;2178;50,00;
18:05:28;2177;50,00;
18:05:31;2150;50,00;
18:05:34;2173;50,00;
18:05:37;2171;50,01;
18:05:40;2168;50,01;
18:05:43;2146;50,01;
18:05:46;2165;50,01;
18:05:49;2152;50,01;
18:05:52;2162;50,00;
18:05:55;2140;50,00;
18:05:58;2161;50,00;
18:06:04;2158;50,00;
18:06:07;2134;50,00;
18:06:10;2154;50,00;
18:06:13;2123;50,00;
18:06:16;2151;50,00;
18:06:19;2125;50,00;
18:06:22;2148;50,00;
18:06:25;2135;50,00;
18:06:28;2142;49,99;
18:06:31;2118;49,99;
18:06:34;2141;49,99;
18:06:37;2114;49,99;
18:06:40;2138;49,99;
18:06:43;2114;49,99;
18:06:46;2138;49,99;
18:06:49;2111;49,99;
18:06:52;2128;49,99;
18:06:55;2104;49,99;
18:06:58;2128;50,00;
18:07:01;2103;50,00;
18:07:04;2125;50,01;
18:07:10;2121;50,00;
18:07:13;2096;50,00;
18:07:16;2114;50,00;
18:07:19;2116;50,00;
18:07:22;2121;49,99;
18:07:25;2123;49,98;
18:07:28;2118;49,98;
18:07:31;2126;49,98;
18:07:34;2122;49,98;
18:07:37;2107;49,98;
18:07:40;2115;49,97;
18:07:43;2112;49,97;
18:07:46;2113;49,97;
18:07:49;2096;49,96;
18:07:52;2108;49,97;
18:07:55;2100;49,97;
18:07:58;2107;49,98;
18:08:01;2093;49,97;
18:08:04;2103;49,98;
18:08:07;2101;49,98;
18:08:10;2099;49,98;
18:08:16;2094;49,98;
18:08:22;2091;49,97;
18:08:25;2084;49,97;
18:08:28;2091;49,98;
18:08:31;2093;49,98;
18:08:34;2060;49,98;
18:08:37;2088;49,98;
18:08:40;2086;49,99;
18:08:43;2087;49,99;
18:08:46;2085;49,99;
18:08:49;2083;49,98;
18:08:52;2080;49,98;
18:08:58;2045;49,98;
18:09:01;2077;49,98;
18:09:04;2073;49,99;
18:09:07;2071;49,98;
18:09:10;2065;49,98;
18:09:13;2066;49,98;
18:09:16;2061;49,98;
18:09:22;2056;49,97;
18:09:25;2054;49,97;
18:09:28;2051;49,97;
18:09:31;2050;49,97;
18:09:34;2020;49,97;
18:09:37;2044;49,98;
18:09:40;2027;49,98;
18:09:43;2039;49,99;
18:09:46;2008;49,99;
18:09:49;2036;49,98;
18:09:52;2019;49,98;
18:09:55;2033;49,98;
18:09:58;2002;49,98;
18:10:01;2032;49,98;
18:10:07;2030;49,99;
18:10:10;2006;49,99;
18:10:13;2024;49,98;
18:10:16;2007;49,98;
18:10:19;2023;49,98;
18:10:22;2004;49,98;
18:10:25;1996;49,98;
18:10:28;2019;49,97;
18:10:31;2012;49,98;
18:10:34;2011;49,98;
18:10:37;2009;49,98;
18:10:40;2006;49,98;
18:10:43;2001;49,98;
18:10:46;2000;49,98;
18:10:49;1968;49,98;
18:10:52;1997;49,98;
18:10:55;1991;49,99;
18:10:58;1990;49,98;
18:11:01;1985;49,99;
18:11:04;1984;49,98;
18:11:07;1981;49,98;
18:11:13;1976;49,97;
18:11:16;1960;49,97;
18:11:19;1971;49,97;
18:11:22;1959;49,97;
18:11:25;1967;49,96;
18:11:28;1960;49,96;
18:11:31;1962;49,96;
18:11:34;1963;49,97;
18:11:37;1962;49,97;
18:11:40;1960;49,98;
18:11:46;1961;49,98;
18:11:49;1959;49,98;
18:11:52;1958;49,98;
18:11:55;1954;49,98;
18:11:58;1953;49,98;
18:12:01;1951;49,98;
18:12:04;1948;49,98;
18:12:07;1944;49,98;
18:12:10;1943;49,98;
18:12:13;1937;49,99;
18:12:19;1932;49,98;
18:12:22;1929;49,98;
18:12:25;1928;49,98;
18:12:28;1926;49,98;
18:12:31;1922;49,98;
18:12:34;1921;49,98;
18:12:37;1900;49,97;
18:12:40;1916;49,97;
18:12:43;1909;49,97;
18:12:46;1907;49,98;
18:12:49;1904;49,98;
18:12:52;1901;49,97;
18:12:55;1896;49,97;
18:12:58;1896;49,98;
18:13:01;1887;49,97;
18:13:04;1894;49,97;
18:13:07;1890;49,97;
18:13:10;1888;49,98;
18:13:13;1884;49,98;
18:13:16;1881;49,98;
18:13:19;1873;49,98;
18:13:25;1866;49,98;
18:13:28;1874;49,98;
18:13:31;1870;49,98;
18:13:34;1876;49,98;
18:13:37;1840;49,98;
18:13:40;1873;49,98;
18:13:43;1870;49,98;
18:13:46;1860;49,98;
18:13:49;1861;49,98;
18:13:52;1863;49,98;
18:13:55;1850;49,98;
18:13:58;1859;49,98;
18:14:01;1832;49,98;
18:14:04;1856;49,98;
18:14:10;1853;49,97;
18:14:13;1852;49,97;
18:14:16;1849;49,96;
18:14:19;1846;49,96;
18:14:22;1843;49,96;
18:14:25;1843;49,97;
18:14:28;1827;49,97;
18:14:31;1841;49,98;
18:14:34;1839;49,98;
18:14:37;1837;49,98;
18:14:40;1834;49,98;
18:14:43;1834;49,99;
18:14:46;1830;50,00;
18:14:49;1831;50,00;
18:14:52;1825;50,00;
18:14:55;1828;50,00;
18:14:58;1825;50,00;
18:15:01;1827;50,00;
18:15:04;1823;50,00;
18:15:07;1824;50,00;
18:15:10;1819;50,00;
18:15:16;1818;50,00;
18:15:19;1820;50,00;
18:15:22;1813;50,00;
18:15:25;1815;50,00;
18:15:28;1809;49,99;
18:15:31;1812;49,99;
18:15:34;1805;49,99;
18:15:37;1804;49,99;
18:15:40;1804;50,00;
18:15:43;1813;50,01;
18:15:46;1803;50,01;
18:15:49;1800;50,01;
18:15:52;1790;50,01;
18:15:58;1776;50,01;
18:16:01;1786;50,01;
18:16:04;1780;50,01;
18:16:07;1782;50,01;
18:16:10;1776;50,01;
18:16:13;1775;50,01;
18:16:22;1766;50,00;
18:16:25;1769;50,00;
18:16:28;1761;50,00;
18:16:31;1765;49,99;
18:16:34;1758;49,98;
18:16:37;1763;49,98;
18:16:40;1758;49,98;
18:16:43;1755;49,98;
18:16:46;1752;49,98;
18:16:49;1754;49,98;
18:16:52;1749;49,99;
18:16:55;1751;49,99;
18:16:58;1745;49,99;
18:17:01;1752;49,99;
18:17:04;1750;49,99;
18:17:07;1747;49,99;
18:17:10;1738;49,99;
18:17:13;1744;49,99;
18:17:16;1730;49,98;
18:17:19;1739;49,98;
18:17:22;1726;49,98;
18:17:28;1723;49,98;
18:17:31;1730;49,99;
18:17:34;1723;50,00;
18:17:37;1730;50,00;
18:17:40;1719;49,99;
18:17:43;1725;49,99;
18:17:46;1727;50,00;
18:17:49;1716;49,99;
18:17:52;1715;49,99;
18:17:55;1721;49,98;
18:17:58;1711;49,98;
18:18:01;1720;49,98;
18:18:04;1709;49,98;
18:18:07;1716;49,98;
18:18:10;1716;49,99;
18:18:13;1707;49,98;
18:18:16;1698;49,98;
18:18:19;1710;49,98;
18:18:22;1703;49,98;
18:18:25;1692;49,98;
18:18:28;1693;49,97;
18:18:34;1703;49,96;
18:18:37;1683;49,96;
18:18:40;1700;49,96;
18:18:43;1695;49,97;
18:18:46;1690;49,97;
18:18:49;1671;49,98;
18:18:52;1690;49,99;
18:18:55;1691;49,99;
18:18:58;1690;49,98;
18:19:01;1673;49,98;
18:19:04;1689;49,98;
18:19:07;1683;49,99;
18:19:10;1685;49,99;
18:19:13;1667;49,99;
18:19:19;1681;50,00;
18:19:22;1681;49,99;
18:19:25;1663;49,99;
18:19:28;1679;49,99;
18:19:31;1675;49,99;
18:19:40;1655;49,99;
18:19:43;1665;49,99;
18:19:46;1667;49,99;
18:19:49;1648;49,99;
18:19:52;1660;49,98;
18:19:55;1654;49,99;
18:19:58;1655;49,99;
18:20:01;1656;50,00;
18:20:04;1651;50,00;
18:20:07;1644;49,99;
18:20:10;1648;49,99;
18:20:13;1633;49,99;
18:20:16;1639;49,99;
18:20:19;1635;49,98;
18:20:25;1618;49,98;
18:20:28;1633;49,98;
18:20:31;1625;49,97;
18:20:34;1629;49,97;
18:20:37;1613;49,97;
18:20:40;1625;49,97;
18:20:43;1622;49,97;
18:20:46;1615;49,97;
18:20:49;1603;49,97;
18:20:52;1614;49,97;
18:20:55;1594;49,97;
18:20:58;1599;49,97;
18:21:01;1590;49,96;
18:21:04;1605;49,96;
18:21:10;1599;49,96;
18:21:13;1584;49,96;
18:21:16;1593;49,96;
18:21:19;1575;49,96;
18:21:22;1587;49,96;
18:21:25;1587;49,95;
18:21:31;1577;49,95;
18:21:34;1580;49,95;
18:21:37;1584;49,94;
18:21:40;1570;49,94;
18:21:43;1585;49,94;
18:21:46;1573;49,94;
18:21:49;1581;49,94;
18:21:52;1580;49,94;
18:21:55;1575;49,96;
18:21:58;1560;49,96;
18:22:01;1572;49,96;
18:22:04;1556;49,96;
18:22:07;1569;49,96;
18:22:10;1551;49,96;
18:22:13;1564;49,96;
18:22:16;1549;49,95;
18:22:19;1564;49,95;
18:22:22;1549;49,95;
18:22:25;1561;49,95;
18:22:28;1544;49,95;
18:22:31;1557;49,96;
18:22:37;1552;49,96;
18:22:40;1537;49,97;
18:22:43;1550;49,96;
18:22:46;1533;49,96;
18:22:49;1545;49,96;
18:22:52;1528;49,96;
18:22:55;1543;49,96;
18:22:58;1542;49,96;
18:23:01;1538;49,96;
18:23:04;1531;49,96;
18:23:07;1535;49,96;
18:23:10;1521;49,96;
18:23:13;1532;49,96;
18:23:16;1527;49,96;
18:23:22;1512;49,97;
18:23:25;1522;49,96;
18:23:28;1524;49,96;
18:23:31;1515;49,96;
18:23:34;1509;49,95;
18:23:37;1514;49,96;
18:23:46;1505;49,95;
18:23:49;1499;49,95;
18:23:52;1506;49,96;
18:23:55;1487;49,96;
18:23:58;1502;49,95;
18:24:01;1487;49,96;
18:24:04;1500;49,95;
18:24:07;1480;49,95;
18:24:10;1496;49,96;
18:24:13;1483;49,96;
18:24:16;1492;49,96;
18:24:19;1472;49,96;
18:24:22;1489;49,96;
18:24:28;1485;49,95;
18:24:31;1468;49,95;
18:24:34;1483;49,95;
18:24:37;1469;49,94;
18:24:40;1478;49,95;
18:24:43;1474;49,94;
18:24:46;1477;49,94;
18:24:49;1476;49,95;
18:24:52;1474;49,95;
18:24:55;1470;49,96;
18:24:58;1471;49,96;
18:25:01;1460;49,96;
18:25:04;1469;49,96;
18:25:07;1461;49,96;
18:25:10;1467;49,96;
18:25:13;1455;49,96;
18:25:16;1462;49,95;
18:25:19;1457;49,95;
18:25:22;1443;49,95;
18:25:25;1435;49,95;
18:25:28;1444;49,95;
18:25:34;1449;49,96;
18:25:37;1440;49,96;
18:25:40;1442;49,96;
18:25:43;1435;49,96;
18:25:46;1434;49,96;
18:25:49;1426;49,96;
18:25:52;1426;49,95;
18:25:55;1424;49,95;
18:25:58;1422;49,96;
18:26:04;1420;49,96;
18:26:07;1411;49,95;
18:26:10;1417;49,95;
18:26:13;1416;49,94;
18:26:16;1413;49,94;
18:26:19;1401;49,94;
18:26:22;1408;49,95;
18:26:25;1410;49,95;
18:26:28;1405;49,96;
18:26:31;1391;49,96;
18:26:34;1401;49,96;
18:26:40;1402;49,96;
18:26:43;1400;49,96;
18:26:46;1399;49,97;
18:26:49;1392;49,97;
18:26:52;1394;49,97;
18:26:55;1393;49,96;
18:26:58;1385;49,97;
18:27:01;1390;49,97;
18:27:04;1387;49,97;
18:27:07;1382;49,97;
18:27:10;1378;49,96;
18:27:13;1377;49,96;
18:27:16;1374;49,96;
18:27:19;1376;49,96;
18:27:22;1370;49,96;
18:27:25;1371;49,96;
18:27:28;1368;49,96;
18:27:31;1367;49,96;
18:27:34;1362;49,96;
18:27:37;1361;49,96;
18:27:40;1356;49,96;
18:27:46;1353;49,96;
18:27:49;1352;49,96;
18:27:52;1341;49,96;
18:27:55;1347;49,96;
18:27:58;1343;49,96;
18:28:01;1345;49,96;
18:28:04;1338;49,96;
18:28:10;1331;49,96;
18:28:13;1335;49,96;
18:28:16;1328;49,96;
18:28:19;1331;49,96;
18:28:22;1327;49,95;
18:28:31;1322;49,96;
18:28:34;1316;49,96;
18:28:37;1320;49,96;
18:28:40;1312;49,96;
18:28:43;1318;49,96;
18:28:46;1319;49,96;
18:28:49;1308;49,96;
18:28:52;1314;49,96;
18:28:55;1310;49,96;
18:28:58;1311;49,96;
18:29:01;1306;49,96;
18:29:04;1306;49,95;
18:29:07;1303;49,95;
18:29:10;1301;49,94;
18:29:13;1296;49,95;
18:29:16;1298;49,96;
18:29:19;1276;49,96;
18:29:28;1279;49,96;
18:29:31;1283;49,96;
18:29:37;1279;49,96;
18:29:40;1280;49,96;
18:29:43;1274;49,96;
18:29:46;1273;49,96;
18:29:49;1270;49,96;
18:29:55;1263;49,96;
18:29:58;1268;49,96;
18:30:01;1263;49,96;
18:30:04;1261;49,96;
18:30:07;1257;49,96;
18:30:10;1258;49,96;
18:30:13;1253;49,96;
18:30:16;1249;49,96;
18:30:19;1243;49,97;
18:30:22;1245;49,97;
18:30:25;1237;49,97;
18:30:28;1240;49,97;
18:30:31;1233;49,97;
18:30:34;1235;49,97;
18:30:37;1230;49,96;
18:30:43;1225;49,97;
18:30:46;1224;49,98;
18:30:49;1212;49,98;
18:30:52;1217;49,97;
18:30:55;1212;49,97;
18:30:58;1213;49,97;
18:31:01;1214;49,97;
18:31:04;1216;49,97;
18:31:07;1213;49,96;
18:31:10;1212;49,96;
18:31:13;1207;49,96;
18:31:16;1208;49,96;
18:31:19;1207;49,96;
18:31:22;1204;49,96;
18:31:25;1190;49,96;
18:31:28;1200;49,96;
18:31:31;1193;49,97;
18:31:34;1195;49,96;
18:31:37;1188;49,97;
18:31:40;1189;49,97;
18:31:43;1181;49,97;
18:31:49;1170;49,97;
18:31:52;1180;49,97;
18:31:55;1173;49,97;
18:31:58;1175;49,97;
18:32:01;1163;49,97;
18:32:04;1172;49,96;
18:32:10;1164;49,96;
18:32:13;1165;49,96;
18:32:16;1166;49,96;
18:32:19;1165;49,96;
18:32:22;1162;49,96;
18:32:25;1161;49,95;
18:32:28;1159;49,95;
18:32:34;1154;49,96;
18:32:37;1151;49,96;
18:32:40;1148;49,97;
18:32:43;1145;49,97;
18:32:46;1140;49,97;
18:32:49;1139;49,97;
18:32:52;1129;49,98;
18:32:55;1139;49,98;
18:32:58;1134;49,98;
18:33:01;1135;49,98;
18:33:04;1131;49,98;
18:33:07;1132;49,98;
18:33:10;1127;49,98;
18:33:13;1128;49,98;
18:33:16;1118;49,98;
18:33:19;1127;49,98;
18:33:22;1122;49,98;
18:33:25;1120;49,98;
18:33:28;1116;49,97;
18:33:31;1114;49,97;
18:33:34;1117;49,97;
18:33:40;1116;49,98;
18:33:43;1110;49,98;
18:33:46;1109;49,98;
18:33:49;1111;49,98;
18:33:52;1103;49,98;
18:33:55;1106;49,98;
18:33:58;1100;49,98;
18:34:01;1095;49,98;
18:34:04;1100;49,97;
18:34:07;1099;49,97;
18:34:10;1088;49,97;
18:34:13;1096;49,97;
18:34:16;1094;49,97;
18:34:19;1092;49,97;
18:34:22;1089;49,97;
18:34:28;1088;49,97;
18:34:31;1086;49,97;
18:34:34;1070;49,98;
18:34:37;1082;49,98;
18:34:40;1084;49,97;
18:34:46;1069;49,96;
18:34:49;1075;49,96;
18:34:52;1072;49,96;
18:34:55;1073;49,97;
18:34:58;1061;49,96;
18:35:01;1063;49,96;
18:35:04;1067;49,96;
18:35:07;1069;49,96;
18:35:10;1060;49,96;
18:35:13;1065;49,96;
18:35:16;1055;49,96;
18:35:19;1063;49,97;
18:35:22;1056;49,97;
18:35:25;1055;49,97;
18:35:28;1057;49,97;
18:35:31;1054;49,97;
18:35:34;1048;49,96;
18:35:37;1055;49,96;
18:35:40;1051;49,96;
18:35:43;1044;49,97;
18:35:46;1037;49,97;
18:35:52;1046;49,97;
18:35:55;1035;49,97;
18:35:58;1036;49,97;
18:36:01;1034;49,97;
18:36:04;1037;49,98;
18:36:07;1029;49,98;
18:36:10;1036;49,98;
18:36:13;1034;49,98;
18:36:16;1024;49,97;
18:36:19;1029;49,97;
18:36:22;1027;49,96;
18:36:25;1025;49,96;
18:36:28;1018;49,96;
18:36:31;1025;49,96;
18:36:34;1024;49,97;
18:36:37;1020;49,97;
18:36:40;1015;49,97;
18:36:43;1010;49,97;
18:36:49;1014;49,97;
18:36:52;1009;49,97;
18:36:55;1002;49,96;
18:36:58;1007;49,97;
18:37:01;1001;49,97;
18:37:04;1009;49,96;
18:37:07;995;49,96;
18:37:10;1004;49,96;
18:37:13;1002;49,96;
18:37:19;1004;49,96;
18:37:22;999;49,96;
18:37:28;998;49,96;
18:37:31;989;49,96;
18:37:34;996;49,95;
18:37:37;990;49,96;
18:37:43;982;49,96;
18:37:46;988;49,95;
18:37:49;985;49,96;
18:37:55;974;49,96;
18:37:58;983;49,96;
18:38:01;980;49,96;
18:38:04;977;49,96;
18:38:07;972;49,96;
18:38:10;978;49,96;
18:38:13;972;49,96;
18:38:19;963;49,97;
18:38:22;970;49,97;
18:38:25;971;49,96;
18:38:28;965;49,95;
18:38:31;954;49,94;
18:38:34;961;49,94;
18:38:37;955;49,94;
18:38:40;959;49,94;
18:38:43;950;49,94;
18:38:49;947;49,95;
18:38:52;952;49,95;
18:38:55;942;49,96;
18:38:58;940;49,96;
18:39:01;933;49,96;
18:39:04;932;49,96;
18:39:07;935;49,96;
18:39:10;933;49,97;
18:39:13;935;49,96;
18:39:16;930;49,97;
18:39:19;932;49,96;
18:39:22;923;49,96;
18:39:25;927;49,96;
18:39:28;924;49,96;
18:39:31;926;49,96;
18:39:34;918;49,96;
18:39:37;925;49,97;
18:39:40;919;49,97;
18:39:43;921;49,96;
18:39:46;913;49,96;
18:39:49;917;49,96;
18:39:55;914;49,96;
18:39:58;909;49,96;
18:40:01;911;49,96;
18:40:04;904;49,96;
18:40:07;905;49,96;
18:40:10;900;49,96;
18:40:13;906;49,96;
18:40:19;903;49,96;
18:40:22;896;49,95;
18:40:25;903;49,94;
18:40:28;892;49,94;
18:40:31;900;49,95;
18:40:34;890;49,95;
18:40:37;893;49,95;
18:40:40;880;49,96;
18:40:43;890;49,95;
18:40:46;889;49,95;
18:40:49;887;49,95;
18:40:52;877;49,96;
18:40:55;883;49,96;
18:41:01;878;49,96;
18:41:04;874;49,96;
18:41:07;874;49,95;
18:41:10;873;49,95;
18:41:13;870;49,95;
18:41:16;871;49,96;
18:41:19;868;49,96;
18:41:22;867;49,96;
18:41:25;863;49,96;
18:41:28;858;49,96;
18:41:31;852;49,96;
18:41:34;857;49,96;
18:41:37;854;49,96;
18:41:40;859;49,96;
18:41:46;844;49,97;
18:41:49;850;49,97;
18:41:52;854;49,98;
18:41:55;849;49,98;
18:41:58;849;49,97;
18:42:04;850;49,96;
18:42:07;851;49,96;
18:42:10;847;49,96;
18:42:13;845;49,96;
18:42:16;850;49,96;
18:42:19;843;49,96;
18:42:25;831;49,95;
18:42:28;840;49,95;
18:42:31;832;49,95;
18:42:34;839;49,95;
18:42:37;827;49,94;
18:42:40;832;49,94;
18:42:43;824;49,94;
18:42:46;829;49,94;
18:42:52;834;49,95;
18:42:55;822;49,95;
18:42:58;824;49,95;
18:43:01;811;49,95;
18:43:04;824;49,95;
18:43:07;828;49,95;
18:43:10;821;49,95;
18:43:13;829;49,96;
18:43:16;821;49,95;
18:43:19;813;49,95;
18:43:22;821;49,94;
18:43:25;820;49,94;
18:43:28;825;49,95;
18:43:31;816;49,95;
18:43:34;819;49,95;
18:43:37;803;49,95;
18:43:40;814;49,95;
18:43:43;815;49,95;
18:43:46;813;49,96;
18:43:49;800;49,96;
18:43:52;802;49,96;
18:43:58;801;49,95;
18:44:01;802;49,95;
18:44:04;795;49,95;
18:44:10;793;49,96;
18:44:13;789;49,96;
18:44:16;782;49,96;
18:44:19;789;49,96;
18:44:22;784;49,97;
18:44:25;789;49,97;
18:44:28;780;49,97;
18:44:31;783;49,96;
18:44:34;781;49,96;
18:44:37;780;49,96;
18:44:40;781;49,96;
18:44:43;784;49,96;
18:44:46;775;49,96;
18:44:49;777;49,96;
18:44:52;769;49,96;
18:44:55;774;49,96;
18:44:58;771;49,96;
18:45:04;768;49,96;
18:45:07;770;49,95;
18:45:10;767;49,96;
18:45:13;766;49,96;
18:45:16;760;49,96;
18:45:19;770;49,96;
18:45:22;763;49,96;
18:45:28;763;49,95;
18:45:31;761;49,94;
18:45:34;763;49,94;
18:45:37;767;49,95;
18:45:40;754;49,95;
18:45:43;759;49,94;
18:45:46;753;49,94;
18:45:49;746;49,95;
18:45:52;754;49,95;
18:45:55;758;49,96;
18:45:58;751;49,96;
18:46:01;750;49,97;
18:46:04;746;49,97;
18:46:07;737;49,97;
18:46:10;747;49,97;
18:46:13;743;49,97;
18:46:16;749;49,97;
18:46:19;738;49,97;
18:46:22;737;49,97;
18:46:25;736;49,97;
18:46:28;731;49,97;
18:46:31;737;49,97;
18:46:34;738;49,98;
18:46:37;734;49,98;
18:46:40;731;49,98;
18:46:43;729;49,98;
18:46:46;727;49,98;
18:46:55;725;49,99;
18:46:58;722;49,99;
18:47:01;723;49,99;
18:47:04;718;49,99;
18:47:13;711;49,99;
18:47:16;713;49,99;
18:47:19;712;49,99;
18:47:22;709;49,98;
18:47:25;707;49,98;
18:47:28;710;49,97;
18:47:31;705;49,96;
18:47:34;700;49,96;
18:47:37;700;49,97;
18:47:40;702;49,96;
18:47:43;696;49,96;
18:47:46;703;49,96;
18:47:49;696;49,97;
18:47:52;695;49,97;
18:47:55;693;49,97;
18:48:01;692;49,97;
18:48:04;698;49,97;
18:48:07;690;49,96;
18:48:10;689;49,96;
18:48:16;690;49,96;
18:48:22;681;49,96;
18:48:25;685;49,97;
18:48:28;688;49,97;
18:48:31;684;49,98;
18:48:34;689;49,98;
18:48:37;680;49,98;
18:48:40;700;49,98;
18:48:43;693;49,98;
18:48:46;691;49,98;
18:48:49;685;49,98;
18:48:52;678;49,98;
18:48:55;679;49,98;
18:48:58;685;49,98;
18:49:01;679;49,98;
18:49:07;669;49,98;
18:49:10;667;49,98;
18:49:13;662;49,98;
18:49:19;671;49,97;
18:49:22;662;49,97;
18:49:28;651;49,97;
18:49:31;670;49,98;
18:49:34;659;49,98;
18:49:37;647;49,98;
18:49:40;656;49,98;
18:49:43;667;49,98;
18:49:46;658;49,98;
18:49:49;656;49,98;
18:49:52;654;49,98;
18:49:55;664;49,98;
18:49:58;651;49,98;
18:50:01;671;49,98;
18:50:04;663;49,99;
18:50:07;657;49,99;
18:50:13;640;50,00;
18:50:16;650;50,00;
18:50:19;658;49,99;
18:50:22;647;49,99;
18:50:25;649;49,99;
18:50:28;645;49,98;
18:50:31;653;49,98;
18:50:34;654;49,98;
18:50:37;647;49,98;
18:50:40;646;49,99;
18:50:43;645;49,99;
18:50:46;644;50,00;
18:50:49;650;50,00;
18:50:52;647;50,01;
18:50:58;646;50,01;
18:51:01;651;50,01;
18:51:04;656;50,01;
18:51:07;653;50,01;
18:51:10;644;50,00;
18:51:13;651;50,00;
18:51:16;654;50,00;
18:51:19;656;50,00;
18:51:22;641;50,00;
18:51:25;648;50,00;
18:51:28;624;50,00;
18:51:31;635;50,00;
18:51:34;647;50,00;
18:51:37;635;50,00;
18:51:40;625;50,00;
18:51:43;639;50,00;
18:51:46;632;50,00;
18:51:49;631;50,00;
18:51:52;627;50,00;
18:51:55;632;50,00;
18:51:58;630;50,00;
18:52:04;642;50,00;
18:52:07;635;50,00;
18:52:10;629;49,99;
18:52:13;638;50,00;
18:52:16;644;50,00;
18:52:19;638;50,00;
18:52:22;640;50,00;
18:52:25;628;50,00;
18:52:28;651;50,00;
18:52:31;639;50,00;
18:52:34;628;50,00;
18:52:37;638;50,00;
18:52:40;649;50,00;
18:52:43;639;50,00;
18:52:46;638;50,00;
18:52:49;636;50,00;
18:52:52;647;50,00;
18:52:55;635;50,00;
18:52:58;620;50,00;
18:53:01;632;50,00;
18:53:04;642;49,99;
18:53:10;616;50,00;
18:53:13;631;50,00;
18:53:16;638;50,01;
18:53:19;631;50,01;
18:53:22;615;50,01;
18:53:25;627;50,01;
18:53:28;628;50,01;
18:53:31;636;50,01;
18:53:34;612;50,01;
18:53:37;624;50,01;
18:53:40;634;50,01;
18:53:43;624;50,01;
18:53:46;609;50,01;
18:53:49;621;50,01;
18:53:55;618;50,01;
18:53:58;606;50,01;
18:54:01;613;50,01;
18:54:04;628;50,01;
18:54:07;620;50,01;
18:54:10;611;50,01;
18:54:16;621;50,01;
18:54:19;624;50,01;
18:54:22;617;50,01;
18:54:25;602;50,00;
18:54:28;614;50,00;
18:54:31;625;50,00;
18:54:34;613;49,99;
18:54:37;612;49,99;
18:54:40;610;49,98;
18:54:43;622;49,98;
18:54:46;608;49,98;
18:54:49;591;49,97;
18:54:52;610;49,98;
18:54:55;620;49,98;
18:55:01;591;49,99;
18:55:04;606;49,99;
18:55:07;618;49,99;
18:55:10;602;49,99;
18:55:13;588;49,99;
18:55:16;603;49,99;
18:55:22;614;49,99;
18:55:25;587;49,98;
18:55:28;598;49,98;
18:55:31;608;49,98;
18:55:34;599;49,99;
18:55:37;587;49,99;
18:55:40;594;49,98;
18:55:43;597;49,98;
18:55:49;580;49,98;
18:55:52;592;49,98;
18:55:55;606;49,98;
18:55:58;593;49,98;
18:56:01;577;49,98;
18:56:07;605;50,00;
18:56:10;592;50,00;
18:56:13;576;50,00;
18:56:16;590;50,00;
18:56:19;601;49,99;
18:56:22;591;49,99;
18:56:25;588;49,99;
18:56:28;577;49,99;
18:56:31;598;49,98;
18:56:34;587;49,99;
18:56:37;572;49,98;
18:56:40;584;49,98;
18:56:43;593;49,97;
18:56:46;585;49,97;
18:56:49;582;49,97;
18:56:52;579;49,97;
18:56:55;589;49,97;
18:56:58;578;49,98;
18:57:01;566;49,98;
18:57:04;574;49,98;
18:57:07;586;49,97;
18:57:13;570;49,98;
18:57:16;569;49,98;
18:57:19;578;49,98;
18:57:22;580;49,98;
18:57:25;574;49,98;
18:57:28;566;49,98;
18:57:31;575;49,98;
18:57:34;573;49,98;
18:57:40;563;49,98;
18:57:43;572;49,98;
18:57:46;587;49,99;
18:57:49;586;49,99;
18:57:52;591;49,99;
18:57:55;584;49,99;
18:57:58;573;49,99;
18:58:01;571;49,99;
18:58:04;559;49,99;
18:58:07;571;49,99;
18:58:10;584;49,98;
18:58:13;572;49,98;
18:58:19;570;49,99;
18:58:22;583;50,00;
18:58:25;572;50,00;
18:58:28;560;50,01;
18:58:31;571;50,01;
18:58:34;578;50,00;
18:58:37;570;50,00;
18:58:40;569;50,00;
18:58:43;566;50,00;
18:58:46;580;50,00;
18:58:49;567;50,01;
18:58:52;552;50,00;
18:58:55;563;50,00;
18:58:58;574;50,00;
18:59:01;563;50,00;
18:59:04;578;50,00;
18:59:07;574;50,00;
18:59:10;561;49,99;
18:59:13;563;50,00;
18:59:16;550;50,00;
18:59:19;560;50,00;
18:59:25;559;50,00;
18:59:28;558;50,00;
18:59:31;543;50,00;
18:59:34;562;50,01;
18:59:37;567;50,00;
18:59:40;557;50,00;
18:59:43;541;50,00;
18:59:46;557;50,00;
18:59:49;568;50,01;
18:59:52;556;50,02;
18:59:55;537;50,02;
18:59:58;554;50,02;
19:00:01;565;50,02;
19:00:04;563;50,02;
19:00:10;565;50,02;
19:00:13;552;50,02;
19:00:16;564;50,02;
19:00:19;560;50,02;
19:00:22;561;50,02;
19:00:25;548;50,02;
19:00:28;557;50,02;
19:00:31;558;50,02;
19:00:34;560;50,02;
19:00:37;545;50,02;
19:00:40;559;50,02;
19:00:43;561;50,02;
19:00:46;554;50,03;
19:00:49;539;50,03;
19:00:52;556;50,03;
19:00:55;558;50,03;
19:01:01;548;50,03;
19:01:04;557;50,03;
19:01:07;553;50,03;
19:01:16;548;50,03;
19:01:19;555;50,04;
19:01:22;549;50,04;
19:01:25;530;50,04;
19:01:28;546;50,04;
19:01:31;552;50,05;
19:01:34;548;50,05;
19:01:37;546;50,05;
19:01:40;544;50,05;
19:01:43;545;50,05;
19:01:46;545;50,06;
19:01:49;538;50,07;
19:01:52;548;50,07;
19:01:55;538;50,06;
19:01:58;545;50,06;
19:02:01;540;50,06;
19:02:04;547;50,06;
19:02:07;535;50,06;
19:02:10;537;50,05;
19:02:13;526;50,05;
19:02:16;535;50,05;
19:02:22;537;50,05;
19:02:25;544;50,05;
19:02:31;536;50,05;
19:02:34;538;50,05;
19:02:40;532;50,05;
19:02:43;534;50,05;
19:02:55;532;50,05;
19:02:58;531;50,05;
19:03:01;532;50,05;
19:03:04;529;50,05;
19:03:07;531;50,04;
19:03:10;525;50,05;
19:03:13;528;50,04;
19:03:19;529;50,04;
19:03:22;527;50,05;
19:03:28;526;50,05;
19:03:31;527;50,05;
19:03:34;523;50,04;
19:03:37;525;50,04;
19:03:40;524;50,04;
19:03:43;523;50,03;
19:03:46;524;50,03;
19:03:49;519;50,03;
19:03:55;522;50,04;
19:03:58;523;50,03;
19:04:01;520;50,04;
19:04:07;518;50,04;
19:04:13;517;50,03;
19:04:16;516;50,03;
19:04:19;517;50,03;
19:04:22;518;50,04;
19:04:25;515;50,03;
19:04:28;522;50,03;
19:04:31;512;50,03;
19:04:34;522;50,03;
19:04:37;513;50,03;
19:04:40;493;50,03;
19:04:43;509;50,03;
19:04:46;515;50,03;
19:04:49;517;50,03;
19:04:52;510;50,04;
19:04:55;518;50,04;
19:04:58;508;50,03;
19:05:01;517;50,03;
19:05:04;510;50,03;
19:05:07;514;50,02;
19:05:10;504;50,03;
19:05:13;517;50,03;
19:05:19;515;50,02;
19:05:22;509;50,02;
19:05:25;516;50,01;
19:05:28;515;50,01;
19:05:31;514;50,01;
19:05:34;515;50,01;
19:05:37;505;50,01;
19:05:40;512;50,01;
19:05:43;509;50,01;
19:05:46;508;50,01;
19:05:49;511;50,01;
19:05:55;510;50,01;
19:06:01;499;50,01;
19:06:04;508;50,01;
19:06:13;508;50,00;
19:06:16;507;50,00;
19:06:19;506;50,00;
19:06:25;503;50,00;
19:06:28;504;50,00;
19:06:34;503;50,00;
19:06:37;497;50,00;
19:06:40;502;50,00;
19:06:43;492;50,00;
19:06:46;503;50,00;
19:06:49;497;50,00;
19:06:52;502;50,00;
19:06:58;500;50,00;
19:07:01;499;50,01;
19:07:04;501;50,00;
19:07:07;498;50,00;
19:07:10;500;50,00;
19:07:13;496;50,00;
19:07:16;500;50,01;
19:07:19;490;50,00;
19:07:22;499;50,00;
19:07:25;492;50,00;
19:07:31;487;50,00;
19:07:34;501;50,00;
19:07:37;489;50,00;
19:07:40;490;50,00;
19:07:43;499;50,01;
19:07:46;491;50,00;
19:07:49;492;50,00;
19:07:52;486;50,00;
19:07:55;489;50,01;
19:07:58;487;50,01;
19:08:04;488;50,01;
19:08:13;486;50,01;
19:08:16;489;50,01;
19:08:19;492;50,01;
19:08:22;487;50,01;
19:08:25;489;50,01;
19:08:28;487;50,01;
19:08:31;483;50,01;
19:08:34;491;50,00;
19:08:37;486;50,00;
19:08:40;485;50,00;
19:08:43;484;50,00;
19:08:46;483;50,00;
19:08:49;485;50,00;
19:08:55;483;50,00;
19:08:58;488;50,00;
19:09:01;486;50,00;
19:09:04;484;50,01;
19:09:07;484;50,00;
19:09:10;481;50,00;
19:09:13;482;50,00;
19:09:22;483;50,00;
19:09:28;481;50,00;
19:09:31;482;49,99;
19:09:34;479;49,99;
19:09:37;483;49,99;
19:09:40;479;49,99;
19:09:43;482;49,99;
19:09:46;477;49,99;
19:09:49;482;49,99;
19:09:52;481;49,99;
19:09:58;477;49,98;
19:10:01;478;49,98;
19:10:04;477;49,98;
19:10:07;479;49,98;
19:10:10;478;49,98;
19:10:13;479;49,98;
19:10:16;473;49,98;
19:10:19;477;49,98;
19:10:22;473;49,97;
19:10:28;479;49,97;
19:10:31;470;49,97;
19:10:34;484;49,97;
19:10:37;479;49,97;
19:10:40;477;49,97;
19:10:43;478;49,98;
19:10:46;477;49,98;
19:10:49;480;49,98;
19:10:52;476;49,99;
19:10:58;473;49,99;
19:11:01;476;49,99;
19:11:04;475;49,98;
19:11:07;476;49,98;
19:11:10;476;49,97;
19:11:13;475;49,97;
19:11:16;472;49,97;
19:11:19;476;49,96;
19:11:22;472;49,97;
19:11:25;476;49,97;
19:11:28;472;49,97;
19:11:34;474;49,98;
19:11:37;470;49,98;
19:11:40;469;49,98;
19:11:43;471;49,98;
19:11:46;470;49,97;
19:11:55;468;49,97;
19:11:58;470;49,98;
19:12:01;471;49,98;
19:12:04;466;49,98;
19:12:07;468;49,98;
19:12:10;471;49,98;
19:12:13;465;49,98;
19:12:16;469;49,99;
19:12:19;472;49,99;
19:12:22;472;49,98;
19:12:25;470;49,99;
19:12:28;466;49,98;
19:12:31;469;49,98;
19:12:40;467;49,97;
19:12:43;466;49,97;
19:12:46;465;49,98;
19:12:49;462;49,98;
19:12:52;465;49,98;
19:12:55;466;49,98;
19:12:58;466;49,97;
19:13:01;467;49,98;
19:13:04;469;49,98;
19:13:07;464;49,98;
19:13:10;469;49,98;
19:13:13;465;49,98;
19:13:16;467;49,98;
19:13:19;467;49,97;
19:13:25;461;49,96;
19:13:28;466;49,96;
19:13:31;462;49,96;
19:13:34;465;49,96;
19:13:37;459;49,97;
19:13:40;465;49,97;
19:13:43;463;49,97;
19:13:46;461;49,97;
19:13:49;465;49,96;
19:13:52;464;49,96;
19:13:55;457;49,96;
19:13:58;463;49,96;
19:14:01;464;49,96;
19:14:07;464;49,97;
19:14:16;463;49,97;
19:14:19;457;49,97;
19:14:22;459;49,97;
19:14:25;463;49,97;
19:14:31;456;49,97;
19:14:34;460;49,97;
19:14:37;461;49,98;
19:14:43;457;49,98;
19:14:46;458;49,97;
19:14:49;461;49,98;
19:14:52;459;49,98;
19:14:55;430;49,98;
19:14:58;452;49,98;
19:15:01;458;49,98;
19:15:04;460;49,98;
19:15:07;453;49,98;
19:15:10;457;49,98;
19:15:16;454;49,98;
19:15:19;450;49,99;
19:15:22;453;49,98;
19:15:25;458;49,99;
19:15:28;454;49,99;
19:15:31;458;50,00;
19:15:37;455;50,00;
19:15:40;461;50,00;
19:15:46;458;50,00;
19:15:49;458;49,99;
19:15:52;457;49,99;
19:15:55;458;49,99;
19:15:58;455;49,99;
19:16:04;456;49,99;
19:16:07;455;50,00;
19:16:10;454;50,00;
19:16:13;456;50,00;
19:16:16;453;50,00;
19:16:19;452;50,00;
19:16:22;455;50,00;
19:16:25;455;49,99;
19:16:28;452;49,99;
19:16:31;455;49,98;
19:16:34;449;49,98;
19:16:37;453;49,97;
19:16:43;452;49,97;
19:16:46;450;49,98;
19:16:49;454;49,98;
19:16:52;451;49,98;
19:16:55;450;49,99;
19:16:58;441;49,99;
19:17:01;448;49,99;
19:17:04;449;49,99;
19:17:07;447;49,98;
19:17:13;451;49,98;
19:17:16;449;49,98;
19:17:19;452;49,98;
19:17:22;450;49,98;
19:17:25;451;49,98;
19:17:28;446;49,99;
19:17:31;449;49,99;
19:17:34;448;49,99;
19:17:37;449;50,00;
19:17:40;448;50,00;
19:17:46;450;50,00;
19:17:49;446;50,00;
19:17:52;445;49,99;
19:18:01;448;50,00;
19:18:04;441;49,99;
19:18:07;447;49,99;
19:18:10;448;50,00;
19:18:13;447;50,00;
19:18:16;440;50,00;
19:18:19;446;50,00;
19:18:25;444;49,99;
19:18:28;438;49,98;
19:18:34;448;49,97;
19:18:37;442;49,97;
19:18:40;439;49,97;
19:18:43;435;49,97;
19:18:46;443;49,97;
19:18:49;442;49,97;
19:18:55;444;49,97;
19:18:58;442;49,98;
19:19:01;441;49,98;
19:19:04;441;49,99;
19:19:07;437;49,98;
19:19:10;443;49,98;
19:19:13;442;49,98;
19:19:16;441;49,98;
19:19:19;438;49,98;
19:19:22;441;49,99;
19:19:25;440;49,99;
19:19:28;441;49,99;
19:19:31;439;49,98;
19:19:34;441;49,98;
19:19:40;439;49,98;
19:19:43;434;49,98;
19:19:46;438;49,98;
19:19:49;439;49,98;
19:19:58;441;49,98;
19:20:01;440;49,98;
19:20:04;441;49,99;
19:20:07;439;49,99;
19:20:10;440;50,00;
19:20:13;436;50,00;
19:20:19;428;50,00;
19:20:22;435;49,99;
19:20:25;439;49,99;
19:20:28;436;49,98;
19:20:31;437;49,98;
19:20:34;437;49,97;
19:20:37;429;49,97;
19:20:40;435;49,97;
19:20:46;436;49,97;
19:20:49;437;49,97;
19:20:52;435;49,98;
19:20:55;438;49,98;
19:20:58;436;49,98;
19:21:04;428;49,98;
19:21:07;435;49,98;
19:21:10;437;49,98;
19:21:16;435;49,98;
19:21:19;436;49,97;
19:21:22;435;49,96;
19:21:25;437;49,96;
19:21:28;430;49,96;
19:21:31;435;49,96;
19:21:34;434;49,96;
19:21:37;436;49,96;
19:21:40;432;49,97;
19:21:43;433;49,97;
19:21:46;435;49,98;
19:21:52;431;49,98;
19:21:55;436;49,98;
19:21:58;433;49,97;
19:22:01;436;49,97;
19:22:04;430;49,97;
19:22:07;433;49,97;
19:22:10;435;49,97;
19:22:13;434;49,97;
19:22:16;433;49,96;
19:22:19;430;49,96;
19:22:22;431;49,96;
19:22:25;430;49,97;
19:22:28;424;49,96;
19:22:31;428;49,97;
19:22:37;429;49,96;
19:22:40;419;49,96;
19:22:43;429;49,96;
19:22:46;430;49,96;
19:22:52;423;49,96;
19:22:55;426;49,96;
19:22:58;428;49,96;
19:23:04;427;49,96;
19:23:07;429;49,96;
19:23:10;426;49,96;
19:23:13;427;49,96;
19:23:16;418;49,96;
19:23:19;424;49,95;
19:23:22;427;49,95;
19:23:25;428;49,96;
19:23:31;426;49,96;
19:23:34;421;49,96;
19:23:37;426;49,97;
19:23:43;425;49,96;
19:23:46;418;49,96;
19:23:49;426;49,96;
19:23:55;423;49,96;
19:23:58;425;49,96;
19:24:01;423;49,97;
19:24:04;424;49,97;
19:24:07;427;49,98;
19:24:10;424;49,98;
19:24:16;426;49,98;
19:24:19;421;49,97;
19:24:22;424;49,97;
19:24:25;420;49,97;
19:24:28;422;49,97;
19:24:31;426;49,97;
19:24:34;423;49,97;
19:24:37;422;49,97;
19:24:40;421;49,97;
19:24:43;422;49,97;
19:24:49;421;49,97;
19:24:55;421;49,98;
19:24:58;422;49,98;
19:25:01;420;49,98;
19:25:04;422;49,97;
19:25:07;417;49,97;
19:25:10;419;49,97;
19:25:13;418;49,96;
19:25:16;420;49,96;
19:25:19;418;49,96;
19:25:25;414;49,96;
19:25:28;421;49,96;
19:25:31;413;49,96;
19:25:34;422;49,97;
19:25:37;416;49,97;
19:25:40;422;49,98;
19:25:43;418;49,97;
19:25:46;414;49,97;
19:25:49;415;49,96;
19:25:55;419;49,96;
19:25:58;417;49,96;
19:26:01;413;49,96;
19:26:04;415;49,96;
19:26:07;417;49,96;
19:26:13;414;49,96;
19:26:16;412;49,96;
19:26:19;414;49,97;
19:26:22;413;49,97;
19:26:25;409;49,97;
19:26:28;416;49,97;
19:26:31;415;49,96;
19:26:34;412;49,96;
19:26:40;417;49,96;
19:26:46;416;49,96;
19:26:49;417;49,97;
19:26:52;415;49,97;
19:26:55;417;49,97;
19:26:58;410;49,97;
19:27:01;412;49,98;
19:27:04;414;49,97;
19:27:07;416;49,97;
19:27:10;414;49,96;
19:27:19;413;49,96;
19:27:22;412;49,96;
19:27:25;414;49,96;
19:27:28;407;49,95;
19:27:31;412;49,95;
19:27:34;414;49,95;
19:27:40;411;49,95;
19:27:46;410;49,96;
19:27:49;411;49,96;
19:27:55;409;49,96;
19:27:58;412;49,97;
19:28:01;411;49,97;
19:28:04;409;49,97;
19:28:10;406;49,96;
19:28:13;408;49,96;
19:28:16;407;49,96;
19:28:19;406;49,96;
19:28:25;407;49,96;
19:28:28;406;49,96;
19:28:31;406;49,97;
19:28:34;409;49,96;
19:28:37;410;49,96;
19:28:40;403;49,96;
19:28:43;405;49,96;
19:28:46;404;49,96;
19:28:55;405;49,96;
19:28:58;400;49,96;
19:29:01;406;49,96;
19:29:04;405;49,96;
19:29:07;404;49,96;
19:29:13;406;49,97;
19:29:16;405;49,97;
19:29:19;408;49,97;
19:29:22;401;49,97;
19:29:25;408;49,96;
19:29:28;402;49,96;
19:29:31;404;49,96;
19:29:34;404;49,97;
19:29:40;399;49,98;
19:29:43;402;49,98;
19:29:46;401;49,98;
19:29:49;399;49,98;
19:29:52;398;49,97;
19:29:58;400;49,97;
19:30:04;399;49,97;
19:30:07;397;49,97;
19:30:10;399;49,98;
19:30:16;400;49,98;
19:30:19;394;49,98;
19:30:22;397;49,98;
19:30:28;389;49,97;
19:30:31;395;49,97;
19:30:34;398;49,96;
19:30:37;390;49,96;
19:30:40;394;49,96;
19:30:43;390;49,97;
19:30:46;395;49,97;
19:30:49;390;49,97;
19:30:52;391;49,97;
19:30:55;390;49,97;
19:30:58;394;49,98;
19:31:04;398;49,98;
19:31:07;395;49,98;
19:31:10;397;49,98;
19:31:13;393;49,98;
19:31:16;399;49,98;
19:31:19;396;49,98;
19:31:22;398;49,98;
19:31:25;396;49,98;
19:31:28;395;49,98;
19:31:31;396;49,97;
19:31:34;396;49,96;
19:31:37;390;49,96;
19:31:40;395;49,96;
19:31:43;394;49,97;
19:31:49;390;49,97;
19:31:52;394;49,97;
19:32:01;389;49,96;
19:32:04;392;49,96;
19:32:07;394;49,96;
19:32:10;391;49,96;
19:32:13;389;49,96;
19:32:16;394;49,96;
19:32:19;391;49,96;
19:32:22;392;49,96;
19:32:25;388;49,97;
19:32:28;394;49,97;
19:32:31;391;49,97;
19:32:34;393;49,97;
19:32:37;387;49,96;
19:32:40;389;49,96;
19:32:43;391;49,96;
19:32:46;393;49,96;
19:32:49;385;49,96;
19:32:55;391;49,96;
19:32:58;390;49,96;
19:33:01;387;49,96;
19:33:04;392;49,96;
19:33:07;390;49,96;
19:33:13;392;49,96;
19:33:16;386;49,96;
19:33:19;391;49,96;
19:33:22;390;49,96;
19:33:25;387;49,96;
19:33:28;392;49,96;
19:33:31;388;49,97;
19:33:34;392;49,97;
19:33:40;384;49,97;
19:33:43;386;49,96;
19:33:46;391;49,96;
19:33:49;392;49,95;
19:33:52;385;49,96;
19:33:55;386;49,96;
19:34:04;384;49,97;
19:34:07;386;49,96;
19:34:13;387;49,96;
19:34:16;384;49,96;
19:34:19;386;49,95;
19:34:22;387;49,95;
19:34:25;384;49,94;
19:34:31;387;49,94;
19:34:34;382;49,94;
19:34:37;384;49,94;
19:34:40;378;49,94;
19:34:43;383;49,94;
19:34:46;380;49,94;
19:34:49;383;49,95;
19:34:52;378;49,95;
19:34:55;383;49,95;
19:34:58;379;49,95;
19:35:01;375;49,95;
19:35:07;377;49,95;
19:35:10;376;49,95;
19:35:13;374;49,95;
19:35:16;378;49,95;
19:35:22;379;49,94;
19:35:25;378;49,94;
19:35:28;379;49,94;
19:35:34;371;49,94;
19:35:37;378;49,95;
19:35:40;377;49,95;
19:35:43;372;49,95;
19:35:46;371;49,95;
19:35:52;378;49,96;
19:35:55;371;49,96;
19:35:58;375;49,96;
19:36:01;367;49,96;
19:36:04;374;49,96;
19:36:13;376;49,96;
19:36:19;371;49,96;
19:36:22;375;49,96;
19:36:25;371;49,96;
19:36:31;370;49,96;
19:36:34;372;49,96;
19:36:37;370;49,96;
19:36:40;371;49,95;
19:36:43;366;49,95;
19:36:46;369;49,96;
19:36:49;368;49,96;
19:36:52;368;49,95;
19:36:58;371;49,95;
19:37:01;367;49,95;
19:37:07;371;49,95;
19:37:10;364;49,95;
19:37:16;370;49,96;
19:37:19;367;49,96;
19:37:22;367;49,95;
19:37:25;365;49,95;
19:37:28;368;49,96;
19:37:34;367;49,96;
19:37:37;366;49,96;
19:37:40;365;49,96;
19:37:43;363;49,96;
19:37:46;369;49,96;
19:37:49;366;49,96;
19:37:52;368;49,96;
19:37:55;367;49,96;
19:37:58;364;49,96;
19:38:04;364;49,97;
19:38:07;366;49,96;
19:38:10;364;49,96;
19:38:16;365;49,96;
19:38:22;361;49,95;
19:38:25;367;49,95;
19:38:28;365;49,95;
19:38:31;361;49,95;
19:38:34;364;49,95;
19:38:37;358;49,95;
19:38:40;366;49,96;
19:38:43;365;49,96;
19:38:46;359;49,96;
19:38:49;361;49,96;
19:38:52;364;49,97;
19:38:55;360;49,96;
19:38:58;359;49,96;
19:39:01;361;49,96;
19:39:04;362;49,97;
19:39:10;363;49,97;
19:39:16;362;49,97;
19:39:19;363;49,97;
19:39:22;360;49,97;
19:39:28;358;49,96;
19:39:31;362;49,96;
19:39:34;361;49,96;
19:39:46;360;49,97;
19:39:49;358;49,97;
19:39:52;354;49,97;
19:39:55;359;49,97;
19:39:58;358;49,96;
19:40:01;359;49,95;
19:40:04;358;49,95;
19:40:07;359;49,95;
19:40:10;358;49,96;
19:40:16;351;49,96;
19:40:19;353;49,96;
19:40:22;356;49,96;
19:40:25;358;49,97;
19:40:28;355;49,98;
19:40:31;356;49,98;
19:40:34;352;49,98;
19:40:37;356;49,98;
19:40:40;347;49,97;
19:40:43;358;49,96;
19:40:46;356;49,96;
19:40:49;353;49,96;
19:40:52;347;49,96;
19:40:55;353;49,96;
19:41:01;353;49,97;
19:41:04;350;49,98;
19:41:07;349;49,97;
19:41:13;347;49,96;
19:41:16;351;49,96;
19:41:19;346;49,96;
19:41:22;349;49,96;
19:41:25;347;49,96;
19:41:28;346;49,96;
19:41:37;348;49,96;
19:41:40;346;49,96;
19:41:43;343;49,97;
19:41:46;344;49,97;
19:41:49;343;49,97;
19:41:55;345;49,97;
19:41:58;346;49,97;
19:42:01;344;49,97;
19:42:07;340;49,96;
19:42:10;341;49,96;
19:42:13;339;49,96;
19:42:16;340;49,96;
19:42:19;337;49,96;
19:42:22;341;49,96;
19:42:25;334;49,96;
19:42:28;340;49,97;
19:42:31;337;49,97;
19:42:37;336;49,98;
19:42:43;335;49,99;
19:42:49;336;49,99;
19:42:52;334;50,00;
19:42:55;327;50,00;
19:42:58;332;49,99;
19:43:01;330;49,99;
19:43:07;329;49,98;
19:43:16;326;49,98;
19:43:19;328;49,98;
19:43:22;327;49,98;
19:43:25;322;49,98;
19:43:28;325;49,98;
19:43:31;325;49,97;
19:43:34;322;49,97;
19:43:37;323;49,97;
19:43:40;324;49,97;
19:43:43;323;49,97;
19:43:46;321;49,97;
19:43:49;318;49,97;
19:43:52;321;49,97;
19:43:55;316;49,98;
19:43:58;318;49,98;
19:44:01;314;49,98;
19:44:04;319;49,98;
19:44:07;310;49,98;
19:44:10;316;49,97;
19:44:19;311;49,97;
19:44:22;314;49,97;
19:44:28;313;49,97;
19:44:34;314;49,97;
19:44:37;312;49,98;
19:44:40;314;49,98;
19:44:43;309;49,98;
19:44:46;309;49,99;
19:44:49;308;49,98;
19:44:52;311;49,99;
19:44:55;310;49,99;
19:44:58;308;49,99;
19:45:04;303;49,99;
19:45:07;305;49,98;
19:45:13;304;49,98;
19:45:16;301;49,97;
19:45:19;305;49,97;
19:45:22;302;49,97;
19:45:25;301;49,97;
19:45:28;304;49,97;
19:45:31;302;49,97;
19:45:34;301;49,97;
19:45:37;300;49,97;
19:45:40;298;49,97;
19:45:43;300;49,98;
19:45:46;298;49,98;
19:45:49;299;49,98;
19:45:52;301;49,98;
19:45:55;296;49,98;
19:45:58;298;49,98;
19:46:01;299;49,98;
19:46:04;293;49,98;
19:46:13;297;49,98;
19:46:16;296;49,98;
19:46:19;295;49,98;
19:46:22;292;49,98;
19:46:25;295;49,98;
19:46:34;290;49,97;
19:46:37;291;49,98;
19:46:40;292;49,98;
19:46:46;290;49,98;
19:46:49;292;49,98;
19:46:52;291;49,98;
19:46:58;286;49,98;
19:47:01;292;49,98;
19:47:04;290;49,98;
19:47:07;289;49,98;
19:47:10;290;49,97;
19:47:16;289;49,96;
19:47:19;286;49,96;
19:47:22;284;49,97;
19:47:25;289;49,97;
19:47:31;285;49,97;
19:47:34;286;49,97;
19:47:37;284;49,97;
19:47:40;285;49,96;
19:47:43;284;49,96;
19:47:46;282;49,96;
19:47:49;284;49,96;
19:47:52;283;49,96;
19:47:58;284;49,96;
19:48:01;283;49,96;
19:48:04;278;49,96;
19:48:07;279;49,96;
19:48:10;281;49,96;
19:48:13;278;49,96;
19:48:16;281;49,96;
19:48:22;279;49,96;
19:48:25;280;49,96;
19:48:28;279;49,96;
19:48:31;278;49,96;
19:48:34;276;49,96;
19:48:37;279;49,96;
19:48:40;276;49,96;
19:48:43;275;49,96;
19:48:46;273;49,96;
19:48:49;275;49,96;
19:48:52;272;49,96;
19:48:55;274;49,96;
19:48:58;270;49,97;
19:49:01;276;49,97;
19:49:04;272;49,97;
19:49:07;276;49,97;
19:49:10;275;49,97;
19:49:13;268;49,97;
19:49:16;269;49,97;
19:49:19;271;49,96;
19:49:25;270;49,96;
19:49:28;273;49,96;
19:49:31;272;49,96;
19:49:34;273;49,96;
19:49:37;270;49,96;
19:49:40;271;49,97;
19:49:43;268;49,97;
19:49:46;269;49,97;
19:49:49;268;49,97;
19:49:52;270;49,96;
19:49:55;271;49,96;
19:49:58;270;49,96;
19:50:01;269;49,96;
19:50:04;270;49,96;
19:50:07;267;49,96;
19:50:13;274;49,96;
19:50:16;268;49,96;
19:50:19;265;49,97;
19:50:22;267;49,97;
19:50:25;267;49,96;
19:50:28;266;49,96;
19:50:31;267;49,96;
19:50:34;266;49,96;
19:50:49;267;49,96;
19:50:52;261;49,96;
19:50:55;265;49,96;
19:50:58;269;49,96;
19:51:01;264;49,96;
19:51:04;261;49,96;
19:51:07;260;49,96;
19:51:10;266;49,96;
19:51:13;265;49,96;
19:51:19;263;49,96;
19:51:22;260;49,96;
19:51:25;261;49,95;
19:51:28;265;49,95;
19:51:31;260;49,95;
19:51:34;259;49,96;
19:51:37;261;49,96;
19:51:43;262;49,96;
19:51:52;260;49,96;
19:51:55;261;49,96;
19:51:58;260;49,96;
19:52:04;259;49,97;
19:52:07;260;49,96;
19:52:10;259;49,96;
19:52:16;262;49,96;
19:52:19;259;49,96;
19:52:25;257;49,96;
19:52:28;260;49,96;
19:52:34;259;49,96;
19:52:37;260;49,97;
19:52:40;259;49,97;
19:52:43;259;49,98;
19:52:46;256;49,98;
19:52:49;257;49,97;
19:52:52;256;49,97;
19:52:55;257;49,97;
19:52:58;259;49,97;
19:53:01;245;49,97;
19:53:04;228;49,97;
19:53:07;227;49,97;
19:53:10;256;49,98;
19:53:13;258;49,98;
19:53:16;259;49,99;
19:53:19;252;49,99;
19:53:22;256;49,99;
19:53:25;255;49,98;
19:53:31;254;49,98;
19:53:34;254;49,97;
19:53:37;257;49,98;
19:53:40;258;49,98;
19:53:43;256;49,98;
19:53:46;254;49,97;
19:53:49;255;49,97;
19:53:52;254;49,97;
19:53:55;257;49,97;
19:53:58;254;49,97;
19:54:01;259;49,97;
19:54:04;257;49,97;
19:54:07;252;49,97;
19:54:10;253;49,97;
19:54:19;256;49,97;
19:54:22;254;49,97;
19:54:28;254;49,98;
19:54:31;256;49,98;
19:54:34;253;49,97;
19:54:37;254;49,97;
19:54:40;252;49,98;
19:54:43;260;49,98;
19:54:46;257;49,98;
19:54:52;256;49,98;
19:54:55;257;49,99;
19:54:58;252;49,99;
19:55:01;255;49,99;
19:55:10;252;49,98;
19:55:13;251;49,98;
19:55:16;254;49,98;
19:55:22;253;49,96;
19:55:25;250;49,96;
19:55:28;251;49,96;
19:55:31;254;49,96;
19:55:34;247;49,96;
19:55:37;251;49,96;
19:55:40;256;49,96;
19:55:43;252;49,96;
19:55:46;252;49,97;
19:55:52;252;49,98;
19:55:55;252;49,97;
19:55:58;250;49,97;
19:56:01;250;49,98;
19:56:07;249;49,98;
19:56:10;250;49,97;
19:56:13;252;49,97;
19:56:16;251;49,97;
19:56:19;249;49,98;
19:56:28;251;49,97;
19:56:34;248;49,97;
19:56:37;246;49,97;
19:56:40;247;49,97;
19:56:46;248;49,97;
19:56:49;249;49,97;
19:56:52;248;49,97;
19:56:55;248;49,98;
19:57:01;244;49,98;
19:57:04;247;49,98;
19:57:07;248;49,98;
19:57:10;241;49,98;
19:57:13;242;49,98;
19:57:16;246;49,98;
19:57:19;247;49,98;
19:57:22;246;49,99;
19:57:28;244;49,98;
19:57:34;246;49,97;
19:57:37;245;49,97;
19:57:40;247;49,97;
19:57:43;245;49,97;
19:57:46;244;49,97;
19:57:49;245;49,97;
19:57:52;244;49,97;
19:57:55;245;49,97;
19:57:58;247;49,98;
19:58:01;246;49,98;
19:58:04;244;49,98;
19:58:07;247;49,98;
19:58:10;245;49,98;
19:58:13;241;49,98;
19:58:16;238;49,98;
19:58:19;244;49,98;
19:58:22;245;49,98;
19:58:25;244;49,98;
19:58:28;242;49,98;
19:58:31;243;49,98;
19:58:34;246;49,98;
19:58:40;245;49,98;
19:58:43;243;49,98;
19:58:46;243;49,99;
19:58:49;240;49,99;
19:58:52;242;50,00;
19:58:58;243;50,00;
19:59:01;239;49,99;
19:59:04;241;49,99;
19:59:07;239;49,99;
19:59:10;240;50,00;
19:59:13;242;50,00;
19:59:16;240;50,00;
19:59:19;242;50,00;
19:59:25;241;50,00;
19:59:28;240;49,99;
19:59:31;236;49,98;
19:59:34;241;49,98;
19:59:37;239;49,98;
19:59:40;236;49,99;
19:59:43;240;49,99;
19:59:46;238;49,99;
19:59:49;241;50,00;
19:59:52;239;50,00;
19:59:55;240;49,99;
20:00:01;237;49,99;
20:00:07;238;50,00;
20:00:10;235;49,99;
20:00:13;232;50,00;
20:00:16;238;50,00;
20:00:22;235;50,00;
20:00:25;238;49,98;
20:00:31;236;49,98;
20:00:40;238;49,98;
20:00:43;239;49,98;
20:00:46;238;49,98;
20:00:49;234;49,98;
20:00:52;237;49,98;
20:00:55;235;49,99;
20:00:58;236;49,99;
20:01:01;239;50,00;
20:01:04;237;50,00;
20:01:07;234;50,00;
20:01:10;235;50,00;
20:01:13;232;50,01;
20:01:16;234;50,01;
20:01:19;239;50,01;
20:01:22;234;50,01;
20:01:25;239;50,01;
20:01:28;235;50,00;
20:01:31;237;50,00;
20:01:37;234;50,00;
20:01:43;232;50,00;
20:01:46;233;50,00;
20:01:49;232;50,00;
20:01:52;235;50,00;
20:01:55;237;50,00;
20:01:58;234;50,00;
20:02:01;236;50,00;
20:02:04;235;50,00;
20:02:10;238;50,00;
20:02:13;232;50,00;
20:02:16;231;50,00;
20:02:19;235;50,00;
20:02:22;233;50,00;
20:02:25;235;49,99;
20:02:28;231;49,99;
20:02:31;235;49,99;
20:02:34;234;49,99;
20:02:37;235;49,99;
20:02:43;230;50,00;
20:02:46;230;49,99;
20:02:49;225;50,00;
20:02:52;229;50,00;
20:02:55;228;50,00;
20:02:58;231;50,00;
20:03:01;232;50,01;
20:03:04;229;50,00;
20:03:10;218;50,00;
20:03:13;198;50,00;
20:03:16;198;50,01;
20:03:19;226;50,01;
20:03:22;230;50,01;
20:03:28;229;50,00;
20:03:31;227;50,00;
20:03:34;226;50,00;
20:03:37;228;50,01;
20:03:46;225;50,01;
20:03:49;227;50,01;
20:03:52;229;50,01;
20:03:55;230;50,01;
20:03:58;225;50,00;
20:04:01;227;50,00;
20:04:04;228;50,00;
20:04:07;229;50,00;
20:04:10;223;50,00;
20:04:13;227;49,99;
20:04:16;230;49,99;
20:04:19;224;49,99;
20:04:22;224;49,98;
20:04:25;223;49,98;
20:04:28;227;49,98;
20:04:34;226;49,98;
20:04:40;223;49,98;
20:04:43;225;49,98;
20:04:46;222;49,98;
20:04:49;224;49,98;
20:04:52;225;49,98;
20:04:55;227;49,98;
20:04:58;223;49,99;
20:05:01;226;49,99;
20:05:04;223;49,99;
20:05:07;224;49,99;
20:05:10;223;49,99;
20:05:19;228;49,98;
20:05:22;224;49,98;
20:05:25;224;49,97;
20:05:28;223;49,96;
20:05:31;218;49,96;
20:05:34;219;49,97;
20:05:40;225;49,97;
20:05:43;223;49,97;
20:05:46;221;49,97;
20:05:49;222;49,98;
20:05:52;220;49,98;
20:05:55;223;49,98;
20:05:58;224;49,98;
20:06:01;224;49,99;
20:06:04;222;50,00;
20:06:07;223;50,01;
20:06:10;240;50,03;
20:06:13;226;50,03;
20:06:16;224;50,03;
20:06:19;219;50,02;
20:06:22;223;50,02;
20:06:25;220;50,01;
20:06:28;220;50,00;
20:06:37;218;50,00;
20:06:40;219;49,99;
20:06:46;219;49,98;
20:06:52;223;49,98;
20:06:55;221;49,98;
20:06:58;217;49,98;
20:07:01;220;49,98;
20:07:04;221;49,99;
20:07:07;218;49,98;
20:07:10;217;49,98;
20:07:13;219;49,98;
20:07:16;212;49,98;
20:07:22;218;49,98;
20:07:25;216;49,98;
20:07:31;219;49,98;
20:07:34;215;49,98;
20:07:37;214;49,97;
20:07:43;217;49,97;
20:07:49;222;49,98;
20:07:52;219;49,98;
20:07:55;218;49,98;
20:07:58;219;49,99;
20:08:01;218;49,99;
20:08:13;215;50,00;
20:08:16;217;49,99;
20:08:19;218;49,99;
20:08:22;217;49,99;
20:08:25;212;49,99;
20:08:28;218;49,98;
20:08:37;211;49,97;
20:08:40;212;49,97;
20:08:43;216;49,97;
20:08:46;213;49,97;
20:08:49;211;49,97;
20:08:52;212;49,97;
20:08:55;209;49,97;
20:08:58;207;49,97;
20:09:01;215;49,98;
20:09:04;211;49,98;
20:09:07;212;49,98;
20:09:10;213;49,99;
20:09:16;212;50,00;
20:09:19;211;50,00;
20:09:22;210;50,00;
20:09:25;209;49,99;
20:09:28;211;49,99;
20:09:31;213;49,98;
20:09:34;217;49,98;
20:09:37;212;49,98;
20:09:43;210;49,98;
20:09:46;212;49,98;
20:09:49;209;49,99;
20:09:52;210;50,00;
20:09:55;211;50,00;
20:09:58;209;50,00;
20:10:01;210;50,00;
20:10:07;210;49,99;
20:10:10;208;49,99;
20:10:13;209;49,98;
20:10:19;210;49,98;
20:10:22;208;49,97;
20:10:28;212;49,98;
20:10:31;209;49,98;
20:10:34;212;49,98;
20:10:37;211;49,98;
20:10:40;205;49,98;
20:10:43;210;49,98;
20:10:49;212;49,98;
20:10:52;208;49,98;
20:10:55;208;49,97;
20:11:01;206;49,98;
20:11:04;207;49,97;
20:11:07;208;49,98;
20:11:10;207;49,98;
20:11:13;208;49,98;
20:11:16;208;49,99;
20:11:19;209;49,99;
20:11:22;204;49,98;
20:11:25;211;49,98;
20:11:28;208;49,98;
20:11:31;205;49,98;
20:11:34;208;49,97;
20:11:40;208;49,98;
20:11:43;204;49,98;
20:11:46;209;49,98;
20:11:49;208;49,98;
20:11:55;207;49,98;
20:11:58;205;49,99;
20:12:01;210;49,99;
20:12:04;206;49,99;
20:12:07;208;49,99;
20:12:13;203;49,99;
20:12:16;208;49,98;
20:12:19;207;49,98;
20:12:22;201;49,99;
20:12:25;209;49,99;
20:12:28;207;49,98;
20:12:31;206;49,98;
20:12:34;202;49,98;
20:12:40;207;49,98;
20:12:43;205;49,98;
20:12:46;204;49,98;
20:12:49;203;49,98;
20:12:52;204;49,99;
20:12:55;207;49,99;
20:12:58;205;49,99;
20:13:07;204;49,99;
20:13:10;201;49,99;
20:13:13;200;49,98;
20:13:16;203;49,98;
20:13:19;196;49,99;
20:13:22;178;49,99;
20:13:25;179;49,98;
20:13:28;202;49,98;
20:13:31;199;49,98;
20:13:34;201;49,98;
20:13:40;202;49,98;
20:13:49;205;49,99;
20:13:52;202;50,00;
20:13:55;197;50,00;
20:13:58;200;50,00;
20:14:01;201;50,00;
20:14:04;204;49,99;
20:14:07;200;49,99;
20:14:10;201;49,98;
20:14:13;199;49,98;
20:14:16;202;49,99;
20:14:19;201;49,99;
20:14:22;199;49,98;
20:14:25;198;49,99;
20:14:28;206;49,98;
20:14:31;203;49,98;
20:14:34;198;49,98;
20:14:37;196;49,97;
20:14:40;198;49,97;
20:14:43;200;49,97;
20:14:46;197;49,97;
20:14:52;200;49,98;
20:14:55;198;49,98;
20:14:58;199;49,98;
20:15:01;197;49,98;
20:15:04;196;49,97;
20:15:10;199;49,96;
20:15:13;197;49,97;
20:15:16;198;49,97;
20:15:19;197;49,98;
20:15:25;200;49,98;
20:15:28;195;49,98;
20:15:31;199;49,98;
20:15:34;198;49,98;
20:15:37;197;49,98;
20:15:40;198;49,98;
20:15:43;194;49,98;
20:15:46;196;49,98;
20:15:52;197;49,98;
20:15:58;196;49,97;
20:16:04;197;49,96;
20:16:07;195;49,96;
20:16:10;196;49,96;
20:16:13;195;49,96;
20:16:16;193;49,97;
20:16:19;197;49,96;
20:16:22;194;49,96;
20:16:25;195;49,96;
20:16:28;194;49,96;
20:16:31;190;49,97;
20:16:34;194;49,97;
20:16:37;196;49,96;
20:16:43;193;49,97;
20:16:46;198;49,97;
20:16:49;196;49,96;
20:16:52;195;49,97;
20:16:55;194;49,96;
20:16:58;193;49,97;
20:17:04;194;49,96;
20:17:07;192;49,96;
20:17:10;193;49,96;
20:17:16;190;49,96;
20:17:19;193;49,96;
20:17:22;192;49,96;
20:17:25;193;49,96;
20:17:28;190;49,96;
20:17:34;192;49,96;
20:17:37;188;49,96;
20:17:40;192;49,96;
20:17:43;191;49,97;
20:17:49;188;49,97;
20:17:52;193;49,97;
20:17:55;191;49,98;
20:17:58;192;49,98;
20:18:01;190;49,97;
20:18:04;191;49,97;
20:18:07;192;49,97;
20:18:10;190;49,97;
20:18:13;189;49,97;
20:18:16;191;49,97;
20:18:19;193;49,96;
20:18:22;189;49,96;
20:18:28;191;49,96;
20:18:31;188;49,96;
20:18:37;189;49,96;
20:18:40;188;49,97;
20:18:43;191;49,97;
20:18:46;192;49,97;
20:18:49;187;49,96;
20:18:55;186;49,96;
20:18:58;188;49,96;
20:19:01;187;49,96;
20:19:04;188;49,96;
20:19:07;187;49,97;
20:19:10;185;49,97;
20:19:13;186;49,97;
20:19:16;186;49,98;
20:19:19;187;49,98;
20:19:22;186;49,99;
20:19:25;187;49,98;
20:19:28;188;49,98;
20:19:31;189;49,97;
20:19:34;188;49,97;
20:19:37;187;49,96;
20:19:40;185;49,96;
20:19:43;184;49,97;
20:19:46;185;49,97;
20:19:49;186;49,97;
20:19:52;184;49,98;
20:20:04;185;49,98;
20:20:07;182;49,98;
20:20:10;184;49,98;
20:20:13;185;49,97;
20:20:16;184;49,97;
20:20:22;185;49,96;
20:20:25;184;49,96;
20:20:31;186;49,96;
20:20:34;184;49,96;
20:20:40;185;49,96;
20:20:43;186;49,96;
20:20:46;184;49,96;
20:20:49;181;49,96;
20:20:52;184;49,96;
20:20:55;181;49,97;
20:20:58;184;49,97;
20:21:01;182;49,97;
20:21:04;183;49,97;
20:21:07;181;49,97;
20:21:10;182;49,97;
20:21:13;181;49,97;
20:21:16;180;49,97;
20:21:19;182;49,97;
20:21:22;184;49,96;
20:21:25;181;49,96;
20:21:28;175;49,96;
20:21:31;180;49,96;
20:21:37;182;49,96;
20:21:40;179;49,96;
20:21:43;181;49,97;
20:21:46;179;49,97;
20:21:52;180;49,98;
20:21:55;179;49,98;
20:22:01;173;49,98;
20:22:04;179;49,97;
20:22:10;179;49,96;
20:22:13;181;49,97;
20:22:16;180;49,97;
20:22:19;179;49,97;
20:22:22;180;49,97;
20:22:25;178;49,97;
20:22:28;176;49,97;
20:22:31;178;49,97;
20:22:34;177;49,97;
20:22:37;178;49,97;
20:22:40;176;49,97;
20:22:43;178;49,97;
20:22:46;177;49,97;
20:22:52;177;49,96;
20:22:58;176;49,96;
20:23:01;177;49,96;
20:23:04;179;49,97;
20:23:07;176;49,97;
20:23:10;173;49,98;
20:23:13;175;49,98;
20:23:16;177;49,98;
20:23:19;176;49,98;
20:23:22;179;49,98;
20:23:25;178;49,98;
20:23:28;153;49,98;
20:23:31;153;49,97;
20:23:34;173;49,97;
20:23:37;179;49,96;
20:23:40;174;49,96;
20:23:46;173;49,97;
20:23:49;177;49,98;
20:23:52;172;49,98;
20:23:55;174;49,98;
20:24:04;172;49,98;
20:24:07;175;49,98;
20:24:10;178;49,97;
20:24:13;174;49,97;
20:24:16;171;49,97;
20:24:22;173;49,97;
20:24:25;172;49,97;
20:24:28;174;49,98;
20:24:31;173;49,98;
20:24:34;172;49,97;
20:24:37;171;49,97;
20:24:40;172;49,96;
20:24:43;173;49,96;
20:24:46;172;49,96;
20:24:49;173;49,97;
20:24:52;171;49,98;
20:24:58;173;49,99;
20:25:01;172;50,00;
20:25:04;171;50,00;
20:25:10;170;50,00;
20:25:13;173;49,99;
20:25:16;171;49,99;
20:25:19;173;49,98;
20:25:22;173;49,99;
20:25:25;172;49,99;
20:25:28;173;49,98;
20:25:37;172;49,98;
20:25:43;169;49,98;
20:25:46;172;49,98;
20:25:55;170;49,98;
20:26:01;171;49,98;
20:26:07;170;49,98;
20:26:10;171;49,98;
20:26:13;168;49,98;
20:26:16;165;49,98;
20:26:19;168;49,98;
20:26:22;166;49,98;
20:26:25;169;49,98;
20:26:28;170;49,98;
20:26:31;171;49,98;
20:26:34;169;49,98;
20:26:40;170;49,99;
20:26:43;169;49,99;
20:26:46;169;49,98;
20:26:49;171;49,98;
20:26:52;169;49,98;
20:26:55;170;49,98;
20:27:04;168;49,98;
20:27:07;167;49,98;
20:27:13;169;49,98;
20:27:16;168;49,98;
20:27:19;169;49,99;
20:27:22;165;49,99;
20:27:25;168;49,99;
20:27:28;169;49,99;
20:27:34;168;49,99;
20:27:37;165;49,98;
20:27:40;169;49,98;
20:27:43;164;49,98;
20:27:46;163;49,99;
20:27:49;166;50,00;
20:27:52;164;50,00;
20:27:58;165;49,99;
20:28:01;165;49,98;
20:28:07;166;49,98;
20:28:10;165;49,98;
20:28:13;167;49,98;
20:28:19;166;49,97;
20:28:22;165;49,97;
20:28:25;164;49,96;
20:28:31;163;49,96;
20:28:34;164;49,96;
20:28:37;163;49,96;
20:28:40;160;49,96;
20:28:43;162;49,96;
20:28:46;164;49,97;
20:28:49;162;49,97;
20:28:52;164;49,98;
20:28:55;162;49,98;
20:29:04;159;49,98;
20:29:07;165;49,97;
20:29:13;163;49,97;
20:29:16;161;49,97;
20:29:19;160;49,96;
20:29:22;159;49,96;
20:29:25;161;49,96;
20:29:28;160;49,96;
20:29:31;162;49,96;
20:29:34;160;49,96;
20:29:37;163;49,96;
20:29:40;160;49,96;
20:29:43;164;49,96;
20:29:46;162;49,96;
20:29:49;161;49,96;
20:29:52;160;49,96;
20:29:55;160;49,97;
20:29:58;163;49,97;
20:30:01;159;49,96;
20:30:07;160;49,96;
20:30:10;161;49,96;
20:30:16;156;49,96;
20:30:19;160;49,96;
20:30:22;158;49,96;
20:30:25;160;49,96;
20:30:31;158;49,96;
20:30:34;161;49,96;
20:30:40;160;49,97;
20:30:43;160;49,96;
20:30:49;158;49,96;
20:30:52;160;49,96;
20:30:55;159;49,96;
20:30:58;158;49,96;
20:31:04;159;49,98;
20:31:07;158;49,98;
20:31:10;159;49,98;
20:31:13;156;49,98;
20:31:16;159;49,97;
20:31:19;155;49,96;
20:31:22;156;49,96;
20:31:28;157;49,96;
20:31:31;156;49,96;
20:31:34;155;49,96;
20:31:37;152;49,97;
20:31:40;156;49,98;
20:31:43;153;49,98;
20:31:46;156;49,98;
20:31:49;154;49,98;
20:31:52;154;49,97;
20:31:55;153;49,97;
20:31:58;156;49,97;
20:32:01;157;49,98;
20:32:04;156;49,97;
20:32:10;155;49,97;
20:32:13;152;49,97;
20:32:16;151;49,97;
20:32:19;154;49,97;
20:32:22;155;49,98;
20:32:25;151;49,98;
20:32:28;152;49,98;
20:32:31;154;49,98;
20:32:34;151;49,98;
20:32:37;154;49,98;
20:32:40;153;49,98;
20:32:46;152;49,97;
20:32:49;151;49,97;
20:32:55;152;49,97;
20:33:01;151;49,97;
20:33:07;153;49,97;
20:33:10;152;49,98;
20:33:16;150;49,98;
20:33:19;149;49,98;
20:33:22;151;49,98;
20:33:25;152;49,98;
20:33:28;149;49,98;
20:33:37;149;49,99;
20:33:40;130;49,99;
20:33:43;139;49,98;
20:33:46;146;49,98;
20:33:49;148;49,98;
20:33:52;147;49,98;
20:33:55;149;49,98;
20:34:01;146;49,98;
20:34:04;151;49,97;
20:34:07;150;49,97;
20:34:10;147;49,97;
20:34:22;148;49,98;
20:34:25;149;49,98;
20:34:28;147;49,97;
20:34:31;145;49,97;
20:34:34;144;49,97;
20:34:37;146;49,98;
20:34:40;147;49,98;
20:34:43;146;49,98;
20:34:46;145;49,98;
20:34:49;146;49,98;
20:34:55;147;49,98;
20:34:58;145;49,98;
20:35:01;143;49,98;
20:35:07;145;49,98;
20:35:10;145;49,99;
20:35:13;143;49,98;
20:35:16;146;49,98;
20:35:19;142;49,98;
20:35:22;145;49,98;
20:35:25;143;49,98;
20:35:28;145;49,98;
20:35:31;143;49,98;
20:35:37;144;49,98;
20:35:40;143;49,98;
20:35:43;144;49,98;
20:35:46;144;49,99;
20:35:49;141;49,98;
20:35:52;142;49,98;
20:35:55;140;49,98;
20:35:58;139;49,98;
20:36:01;138;49,98;
20:36:04;139;49,98;
20:36:13;141;49,98;
20:36:16;142;49,98;
20:36:19;143;49,99;
20:36:22;141;49,99;
20:36:25;138;49,99;
20:36:28;140;49,99;
20:36:34;141;49,99;
20:36:37;138;49,99;
20:36:43;139;50,00;
20:36:46;142;50,00;
20:36:49;140;50,00;
20:36:52;142;50,00;
20:36:55;139;50,00;
20:36:58;142;50,00;
20:37:04;140;50,00;
20:37:07;140;49,99;
20:37:10;141;49,99;
20:37:13;141;49,98;
20:37:19;139;49,98;
20:37:22;135;49,97;
20:37:25;138;49,97;
20:37:28;137;49,97;
20:37:31;141;49,97;
20:37:34;136;49,97;
20:37:37;137;49,97;
20:37:40;134;49,96;
20:37:43;137;49,97;
20:37:46;135;49,97;
20:37:49;136;49,97;
20:37:52;138;49,97;
20:37:55;134;49,98;
20:37:58;136;49,98;
20:38:04;135;49,99;
20:38:07;136;50,00;
20:38:13;133;49,99;
20:38:16;135;49,99;
20:38:19;135;49,98;
20:38:25;133;49,98;
20:38:28;134;49,98;
20:38:31;133;49,97;
20:38:34;135;49,97;
20:38:37;130;49,97;
20:38:40;134;49,97;
20:38:46;134;49,96;
20:38:52;133;49,96;
20:38:55;134;49,97;
20:38:58;132;49,98;
20:39:04;133;49,99;
20:39:13;130;49,99;
20:39:16;134;49,99;
20:39:19;129;49,98;
20:39:22;130;49,98;
20:39:25;132;49,98;
20:39:28;130;49,97;
20:39:31;128;49,97;
20:39:34;132;49,98;
20:39:37;131;49,98;
20:39:40;131;49,97;
20:39:43;132;49,98;
20:39:46;130;49,98;
20:39:49;124;49,98;
20:39:52;129;49,98;
20:39:55;128;49,98;
20:40:01;127;49,98;
20:40:04;125;49,99;
20:40:07;129;49,99;
20:40:10;128;49,99;
20:40:16;129;49,99;
20:40:19;125;49,98;
20:40:22;127;49,98;
20:40:25;128;49,97;
20:40:28;125;49,98;
20:40:31;127;49,97;
20:40:37;125;49,98;
20:40:40;127;49,98;
20:40:43;126;49,98;
20:40:46;126;49,99;
20:40:49;126;50,00;
20:40:52;125;50,00;
20:40:55;122;50,00;
20:40:58;127;50,00;
20:41:01;124;50,00;
20:41:04;126;50,00;
20:41:07;125;50,00;
20:41:10;124;49,99;
20:41:13;125;49,99;
20:41:16;124;49,98;
20:41:22;122;49,98;
20:41:25;124;49,98;
20:41:28;126;49,97;
20:41:31;127;49,97;
20:41:34;124;49,97;
20:41:37;122;49,97;
20:41:40;123;49,97;
20:41:43;124;49,97;
20:41:46;125;49,97;
20:41:52;121;49,97;
20:41:55;122;49,97;
20:41:58;124;49,97;
20:42:01;124;49,98;
20:42:04;125;49,98;
20:42:07;121;49,98;
20:42:10;123;49,97;
20:42:16;122;49,97;
20:42:19;121;49,97;
20:42:22;119;49,97;
20:42:28;122;49,96;
20:42:37;122;49,97;
20:42:40;122;49,98;
20:42:43;120;49,98;
20:42:49;121;49,99;
20:42:58;122;49,98;
20:43:01;119;49,98;
20:43:04;118;49,98;
20:43:13;119;49,99;
20:43:16;118;49,99;
20:43:19;120;49,98;
20:43:22;119;49,98;
20:43:25;118;49,97;
20:43:28;119;49,96;
20:43:34;118;49,96;
20:43:37;116;49,96;
20:43:40;117;49,96;
20:43:43;118;49,97;
20:43:46;101;49,97;
20:43:49;98;49,98;
20:43:52;103;49,98;
20:43:55;115;49,98;
20:43:58;117;49,98;
20:44:04;116;49,98;
20:44:07;117;49,98;
20:44:10;118;49,98;
20:44:13;113;49,98;
20:44:19;118;49,97;
20:44:22;116;49,98;
20:44:25;113;49,98;
20:44:28;112;49,98;
20:44:31;117;49,99;
20:44:34;114;49,99;
20:44:37;115;49,99;
20:44:40;116;49,99;
20:44:46;114;49,98;
20:44:52;112;49,98;
20:44:55;111;49,98;
20:44:58;113;49,98;
20:45:01;111;49,98;
20:45:04;113;49,98;
20:45:07;114;49,98;
20:45:10;113;49,98;
20:45:13;111;49,98;
20:45:16;111;49,97;
20:45:19;108;49,97;
20:45:25;111;49,98;
20:45:37;106;49,98;
20:45:40;110;49,98;
20:45:46;109;49,98;
20:45:49;111;49,98;
20:45:52;109;49,98;
20:45:55;110;49,98;
20:45:58;108;49,98;
20:46:01;109;49,98;
20:46:04;107;49,98;
20:46:07;108;49,98;
20:46:10;107;49,98;
20:46:13;105;49,98;
20:46:19;102;49,98;
20:46:22;103;49,99;
20:46:25;102;49,99;
20:46:31;103;49,98;
20:46:34;104;49,98;
20:46:37;102;49,98;
20:46:40;103;49,98;
20:46:43;101;49,98;
20:46:46;99;49,97;
20:46:49;101;49,97;
20:46:52;100;49,97;
20:46:55;100;49,98;
20:47:01;99;49,98;
20:47:07;100;49,98;
20:47:10;98;49,99;
20:47:16;99;49,99;
20:47:22;97;49,98;
20:47:28;95;49,98;
20:47:31;96;49,98;
20:47:37;95;49,99;
20:47:40;94;49,99;
20:47:43;95;49,99;
20:47:49;95;49,98;
20:47:52;93;49,98;
20:47:55;91;49,98;
20:47:58;94;49,98;
20:48:01;90;49,98;
20:48:04;89;49,98;
20:48:07;92;49,97;
20:48:13;91;49,97;
20:48:16;89;49,97;
20:48:22;91;49,98;
20:48:25;92;49,98;
20:48:28;87;49,98;
20:48:34;89;49,98;
20:48:37;88;49,98;
20:48:40;89;49,98;
20:48:43;88;49,98;
20:48:46;90;49,98;
20:48:49;88;49,98;
20:48:52;87;49,98;
20:48:55;89;49,98;
20:48:58;86;49,98;
20:49:01;87;49,98;
20:49:07;88;49,99;
20:49:10;86;49,99;
20:49:13;83;49,99;
20:49:16;88;49,99;
20:49:19;86;49,98;
20:49:22;84;49,98;
20:49:28;85;49,97;
20:49:31;84;49,97;
20:49:34;83;49,97;
20:49:37;84;49,98;
20:49:40;83;49,98;
20:49:43;82;49,98;
20:49:46;83;49,98;
20:49:52;84;49,98;
20:49:55;81;49,98;
20:49:58;79;49,98;
20:50:01;83;49,98;
20:50:04;79;49,97;
20:50:07;80;49,97;
20:50:10;78;49,97;
20:50:13;78;49,96;
20:50:16;81;49,96;
20:50:19;79;49,96;
20:50:22;78;49,96;
20:50:28;76;49,96;
20:50:37;76;49,97;
20:50:40;78;49,97;
20:50:43;75;49,97;
20:50:46;76;49,97;
20:50:49;75;49,96;
20:50:52;77;49,96;
20:50:55;76;49,96;
20:50:58;77;49,97;
20:51:04;78;49,98;
20:51:07;75;49,98;
20:51:10;76;49,98;
20:51:13;75;49,98;
20:51:16;78;49,98;
20:51:19;76;49,98;
20:51:28;74;49,98;
20:51:34;77;49,97;
20:51:40;74;49,97;
20:51:43;76;49,97;
20:51:46;76;49,98;
20:51:49;78;49,98;
20:51:52;75;49,98;
20:51:55;76;49,98;
20:51:58;75;49,98;
20:52:01;74;49,98;
20:52:04;76;49,98;
20:52:07;75;49,98;
20:52:10;77;49,98;
20:52:13;75;49,98;
20:52:16;74;49,98;
20:52:19;76;49,99;
20:52:22;75;49,98;
20:52:31;72;49,97;
20:52:34;74;49,97;
20:52:37;75;49,97;
20:52:40;74;49,97;
20:52:43;75;49,97;
20:52:46;73;49,97;
20:52:49;75;49,97;
20:52:52;74;49,98;
20:52:55;71;49,98;
20:52:58;74;49,98;
20:53:01;76;49,98;
20:53:04;75;49,99;
20:53:13;73;49,98;
20:53:19;74;49,98;
20:53:22;73;49,98;
20:53:25;71;49,98;
20:53:31;73;49,98;
20:53:37;72;49,99;
20:53:40;70;49,98;
20:53:43;71;49,99;
20:53:49;70;49,99;
20:53:52;72;49,99;
20:53:55;60;49,99;
20:54:01;70;49,98;
20:54:13;71;49,98;
20:54:16;69;49,98;
20:54:22;70;49,98;
20:54:25;69;49,98;
20:54:28;69;49,97;
20:54:31;68;49,97;
20:54:37;69;49,97;
20:54:40;68;49,98;
20:54:46;69;49,98;
20:54:49;68;49,98;
20:54:55;66;49,98;
20:54:58;67;49,97;
20:55:01;66;49,97;
20:55:07;66;49,98;
20:55:10;63;49,98;
20:55:22;65;49,98;
20:55:25;64;49,98;
20:55:28;63;49,97;
20:55:31;63;49,96;
20:55:34;63;49,97;
20:55:43;64;49,98;
20:55:49;63;49,99;
20:55:55;61;49,99;
20:56:01;61;50,00;
20:56:07;60;49,99;
20:56:13;61;49,98;
20:56:16;59;49,98;
20:56:22;57;49,98;
20:56:28;59;49,98;
20:56:31;57;49,98;
20:56:34;58;49,98;
20:56:37;57;49,98;
20:56:40;55;49,98;
20:56:49;56;49,98;
20:56:52;55;49,98;
20:57:07;54;49,98;
20:57:10;51;49,98;
20:57:13;18;49,98;
20:57:16;0;49,98;
20:57:22;0;49,99;
20:57:25;57;49,99;
20:57:28;48;49,99;
20:57:34;51;49,99;
20:57:46;51;49,98;
20:57:49;52;49,98;
20:57:52;49;49,99;
20:57:55;50;49,99;
20:57:58;48;49,99;
20:58:01;49;50,00;
20:58:04;50;50,00;
20:58:07;49;50,00;
20:58:10;48;50,00;
20:58:13;48;49,99;
20:58:16;47;50,00;
20:58:19;48;50,00;
20:58:25;46;50,00;
20:58:28;48;50,00;
20:58:31;46;50,00;
20:58:34;48;50,00;
20:58:40;47;50,00;
20:58:46;46;50,00;
20:58:55;43;49,99;
20:58:58;49;49,99;
20:59:01;44;49,99;
20:59:07;46;49,99;
20:59:10;43;49,98;
20:59:13;42;49,99;
20:59:28;42;50,00;
20:59:37;49;50,00;
20:59:40;41;50,00;
20:59:49;40;50,00;
20:59:52;41;50,01;
20:59:55;40;50,01;
20:59:58;39;50,00;
21:00:01;37;50,00;
21:00:04;40;50,00;
21:00:10;48;50,00;
21:00:13;40;50,00;
21:00:16;41;49,99;
21:00:22;37;49,98;
21:00:25;37;49,97;
21:00:28;33;49,96;
21:00:31;37;49,96;
21:00:34;36;49,96;
21:00:40;37;49,97;
21:00:43;36;49,97;
21:01:01;37;49,97;
21:01:04;36;49,97;
21:01:07;43;49,97;
21:01:10;34;49,97;
21:01:13;36;49,97;
21:01:16;35;49,98;
21:01:19;43;49,97;
21:01:22;36;49,97;
21:01:25;34;49,97;
21:01:28;37;49,96;
21:01:31;34;49,96;
21:01:34;36;49,97;
21:01:37;35;49,97;
21:01:40;34;49,98;
21:01:46;33;49,98;
21:01:55;34;49,99;
21:02:01;33;50,00;
21:02:04;34;50,00;
21:02:07;33;49,99;
21:02:10;36;49,99;
21:02:13;33;49,98;
21:02:16;33;49,97;
21:02:25;31;49,98;
21:02:31;32;49,98;
21:02:34;33;49,98;
21:02:37;32;49,98;
21:02:43;31;49,98;
21:02:46;32;49,98;
21:02:49;33;49,99;
21:02:52;31;49,99;
21:02:55;32;50,00;
21:02:58;31;50,00;
21:03:01;29;50,00;
21:03:04;30;50,00;
21:03:07;32;49,99;
21:03:10;30;50,00;
21:03:13;35;49,99;
21:03:16;29;49,99;
21:03:19;33;49,99;
21:03:22;30;49,99;
21:03:25;32;49,98;
21:03:43;29;49,99;
21:03:49;32;49,99;
21:03:52;30;50,00;
21:03:55;32;50,00;
21:03:58;32;49,99;
21:04:01;26;50,00;
21:04:04;23;49,99;
21:04:07;9;50,00;
21:04:10;23;50,00;
21:04:13;32;50,00;
21:04:16;32;50,01;
21:04:19;29;50,01;
21:04:22;32;50,01;
21:04:25;38;50,00;
21:04:28;33;50,00;
21:04:31;36;50,00;
21:04:34;26;50,00;
21:04:37;28;50,00;
21:04:40;32;50,00;
21:04:43;30;50,00;
21:04:46;29;50,00;
21:04:49;33;50,00;
21:04:55;27;50,01;
21:04:58;26;50,01;
21:05:01;26;50,00;
21:05:07;32;50,00;
21:05:10;33;50,00;
21:05:13;27;50,00;
21:05:19;24;50,00;
21:05:22;29;50,00;
21:05:25;26;49,99;
21:05:28;30;49,99;
21:05:31;18;49,99;
21:05:34;17;50,00;
21:05:37;29;50,00;
21:05:40;3;50,00;
21:05:43;34;50,00;
21:05:46;17;50,00;
21:05:49;20;50,00;
21:05:52;30;49,99;
21:05:55;3;49,99;
21:06:01;0;50,00;
21:06:04;18;50,00;
21:06:07;0;49,99;
21:06:13;3;49,98;
21:06:16;0;49,98;
21:06:37;0;49,99;
21:06:46;0;50,00;
21:06:49;0;50,01;
21:07:01;0;50,00;
21:07:40;0;49,99;
21:08:07;0;50,00;
21:08:16;0;49,99;
21:08:19;0;50,00;
21:08:22;0;49,99;
21:08:31;0;49,98;
21:08:52;0;49,99;
21:08:58;0;50,00;
21:09:10;0;50,01;
21:09:22;0;50,00;
21:09:25;0;49,99;
21:09:28;0;49,98;
21:09:37;0;49,97;
21:09:46;0;49,98;
21:09:58;0;49,99;
21:10:07;0;49,98;
21:10:31;0;49,97;
21:10:49;0;49,98;
21:11:16;0;49,97;
21:11:19;0;49,98;
21:11:28;0;49,99;
21:11:34;0;50,00;
21:11:40;0;49,99;
21:11:43;0;49,98;
21:11:55;0;49,99;
21:12:01;0;50,00;
21:12:04;0;49,99;
21:12:13;0;49,98;
21:12:16;0;49,99;
21:12:25;0;49,98;
21:12:31;0;49,97;
21:12:34;0;49,98;
21:12:37;0;49,97;
21:12:43;0;49,98;
21:13:01;0;49,99;
21:13:13;0;50,00;
21:13:25;0;49,99;
21:13:37;0;49,98;
21:13:46;0;49,99;
21:13:49;0;50,00;
21:14:10;0;49,99;
21:14:19;0;49,98;
21:14:43;0;49,99;
21:14:46;0;49,98;
21:14:49;0;49,99;
21:15:01;0;49,98;
21:15:07;0;49,97;
21:15:13;0;49,98;
21:15:34;0;49,97;
21:15:37;0;49,96;
21:15:52;0;49,97;
21:16:01;0;49,98;
21:16:04;0;49,97;
21:16:13;0;49,98;
21:16:22;0;49,99;
21:16:28;0;49,98;
21:16:31;0;49,99;
21:16:34;0;49,98;
21:16:40;0;49,97;
21:16:49;0;49,96;
21:17:52;0;49,97;
21:18:01;0;49,98;
21:18:22;0;49,99;
21:18:25;0;49,98;
21:18:55;0;49,99;
21:18:58;0;50,00;
21:19:07;0;49,99;
21:19:10;0;49,98;
21:19:16;0;49,97;
21:19:19;0;49,96;
21:19:22;0;49,97;
21:19:25;0;49,98;
21:20:19;0;49,97;
21:20:25;0;49,96;
21:20:31;0;49,97;
21:20:49;0;49,96;
21:21:07;0;49,97;
21:21:19;0;49,98;
21:21:31;0;49,99;
21:21:34;0;50,00;
21:22:13;0;50,01;
21:22:16;0;50,00;
21:22:28;0;49,99;
21:22:37;0;50,00;
21:22:43;0;49,99;
21:22:58;0;49,98;
21:23:31;0;49,97;
21:23:43;0;49,98;
21:23:49;0;49,97;
21:23:52;0;49,98;
21:23:58;0;49,99;
21:24:04;0;49,98;
21:24:10;0;49,97;
21:24:19;0;49,96;
21:24:28;;;
