time;pac;freq;
06:31:19;0;49,97;
06:31:22;46;49,99;
06:31:25;44;49,98;
06:31:28;42;49,98;
06:31:31;40;49,98;
06:31:34;40;49,97;
06:31:37;37;49,97;
06:31:43;43;49,97;
06:31:46;44;49,97;
06:31:49;43;49,98;
06:31:52;45;49,98;
06:31:55;46;49,99;
06:31:58;47;49,99;
06:32:01;45;50,00;
06:32:04;47;50,00;
06:32:07;44;49,99;
06:32:13;43;49,99;
06:32:16;44;49,99;
06:32:19;47;50,00;
06:32:28;49;50,00;
06:32:31;48;50,00;
06:32:37;44;50,00;
06:32:40;46;49,99;
06:32:43;47;49,99;
06:32:49;42;49,98;
06:33:01;47;49,98;
06:33:07;48;49,97;
06:33:13;47;49,97;
06:33:16;48;49,97;
06:33:19;48;49,98;
06:33:25;48;49,99;
06:33:28;48;49,98;
06:33:34;49;49,98;
06:33:37;50;49,97;
06:33:46;50;49,96;
06:33:49;51;49,96;
06:33:55;51;49,97;
06:33:58;53;49,98;
06:34:04;55;49,98;
06:34:07;54;49,97;
06:34:10;56;49,96;
06:34:13;57;49,96;
06:34:19;56;49,96;
06:34:22;57;49,96;
06:34:28;55;49,97;
06:34:31;60;49,97;
06:34:34;61;49,97;
06:34:40;62;49,97;
06:34:43;61;49,97;
06:34:46;35;49,98;
06:34:49;0;49,98;
06:35:04;53;49,97;
06:35:07;58;49,97;
06:35:10;62;49,97;
06:35:13;64;49,97;
06:35:16;65;49,98;
06:35:22;64;49,98;
06:35:25;61;49,98;
06:35:28;63;49,97;
06:35:31;61;49,97;
06:35:34;65;49,98;
06:35:37;62;49,98;
06:35:40;63;49,99;
06:35:46;62;49,98;
06:35:52;65;49,98;
06:35:55;61;49,98;
06:35:58;63;49,98;
06:36:01;61;49,98;
06:36:04;63;49,98;
06:36:07;62;49,98;
06:36:19;61;49,98;
06:36:22;62;49,98;
06:36:25;63;49,98;
06:36:28;60;49,98;
06:36:31;62;49,97;
06:36:34;63;49,97;
06:36:37;64;49,96;
06:36:40;65;49,96;
06:36:43;64;49,96;
06:36:46;62;49,95;
06:36:52;63;49,96;
06:36:55;61;49,96;
06:36:58;60;49,96;
06:37:01;62;49,96;
06:37:04;63;49,96;
06:37:07;65;49,97;
06:37:10;65;49,96;
06:37:16;65;49,97;
06:37:19;66;49,97;
06:37:22;64;49,97;
06:37:25;66;49,97;
06:37:28;61;49,97;
06:37:31;66;49,97;
06:37:34;63;49,96;
06:37:37;64;49,97;
06:37:43;64;49,98;
06:37:46;65;49,97;
06:37:49;62;49,97;
06:37:52;65;49,97;
06:37:58;65;49,98;
06:38:01;62;49,98;
06:38:04;65;49,98;
06:38:22;65;49,97;
06:38:25;67;49,97;
06:38:28;66;49,97;
06:38:34;67;49,96;
06:38:37;67;49,97;
06:38:43;68;49,97;
06:38:46;67;49,97;
06:38:49;68;49,97;
06:38:55;70;49,98;
06:38:58;67;49,98;
06:39:01;68;49,98;
06:39:07;71;49,97;
06:39:10;72;49,97;
06:39:13;72;49,96;
06:39:16;73;49,96;
06:39:19;72;49,96;
06:39:22;73;49,96;
06:39:25;71;49,97;
06:39:28;72;49,96;
06:39:31;73;49,96;
06:39:34;74;49,95;
06:39:40;72;49,95;
06:39:43;75;49,96;
06:39:49;74;49,95;
06:39:52;73;49,95;
06:39:55;75;49,96;
06:39:58;74;49,96;
06:40:10;75;49,96;
06:40:13;76;49,95;
06:40:19;77;49,95;
06:40:22;75;49,96;
06:40:25;76;49,96;
06:40:34;74;49,96;
06:40:37;78;49,96;
06:40:40;77;49,96;
06:40:43;78;49,97;
06:40:46;76;49,97;
06:40:49;77;49,98;
06:41:04;78;49,98;
06:41:07;79;49,98;
06:41:13;81;49,98;
06:41:16;80;49,98;
06:41:22;80;49,99;
06:41:25;81;49,99;
06:41:28;81;49,98;
06:41:31;80;49,98;
06:41:34;78;49,98;
06:41:37;82;49,98;
06:41:40;80;49,98;
06:41:43;81;49,98;
06:41:46;82;49,98;
06:41:49;81;49,98;
06:41:52;80;49,98;
06:41:55;80;49,97;
06:42:01;82;49,98;
06:42:04;80;49,98;
06:42:07;82;49,98;
06:42:13;80;49,98;
06:42:16;82;49,98;
06:42:19;82;49,97;
06:42:25;81;49,98;
06:42:28;81;49,97;
06:42:34;80;49,97;
06:42:37;82;49,96;
06:42:40;81;49,96;
06:42:46;81;49,97;
06:42:52;81;49,98;
06:42:55;80;49,98;
06:42:58;81;49,98;
06:43:01;80;49,98;
06:43:07;82;49,98;
06:43:10;81;49,96;
06:43:13;82;49,96;
06:43:16;80;49,97;
06:43:19;82;49,97;
06:43:22;82;49,98;
06:43:25;81;49,98;
06:43:28;83;49,98;
06:43:31;83;49,99;
06:43:34;84;49,99;
06:43:37;82;49,99;
06:43:40;81;49,98;
06:43:46;82;49,98;
06:43:52;83;49,97;
06:43:55;82;49,97;
06:43:58;82;49,96;
06:44:01;83;49,96;
06:44:04;84;49,96;
06:44:07;82;49,96;
06:44:10;84;49,96;
06:44:16;81;49,96;
06:44:19;84;49,96;
06:44:22;84;49,97;
06:44:25;85;49,97;
06:44:28;83;49,97;
06:44:31;73;49,97;
06:44:34;73;49,96;
06:44:37;76;49,96;
06:44:40;86;49,96;
06:44:43;89;49,96;
06:44:46;87;49,96;
06:44:52;88;49,96;
06:44:58;89;49,97;
06:45:01;88;49,97;
06:45:04;32;49,97;
06:45:07;0;49,98;
06:45:19;49;49,98;
06:45:22;83;49,99;
06:45:25;87;49,99;
06:45:28;91;49,98;
06:45:31;93;49,98;
06:45:37;92;49,98;
06:45:40;95;49,97;
06:45:43;93;49,97;
06:45:46;95;49,98;
06:45:52;97;49,98;
06:45:58;97;49,99;
06:46:04;98;49,99;
06:46:10;99;49,98;
06:46:13;100;49,98;
06:46:16;99;49,98;
06:46:19;98;49,98;
06:46:22;98;49,97;
06:46:28;100;49,96;
06:46:31;98;49,97;
06:46:34;100;49,96;
06:46:37;104;49,96;
06:46:40;102;49,97;
06:46:49;102;49,98;
06:46:55;104;49,98;
06:47:04;106;49,98;
06:47:10;104;49,98;
06:47:13;107;49,98;
06:47:16;106;49,98;
06:47:19;106;49,97;
06:47:22;110;49,97;
06:47:25;108;49,97;
06:47:31;108;49,96;
06:47:34;110;49,96;
06:47:40;108;49,96;
06:47:43;110;49,96;
06:47:46;112;49,96;
06:47:49;110;49,96;
06:47:58;113;49,96;
06:48:01;110;49,96;
06:48:04;113;49,96;
06:48:10;112;49,97;
06:48:13;113;49,97;
06:48:16;114;49,98;
06:48:19;117;49,97;
06:48:22;116;49,97;
06:48:25;116;49,96;
06:48:28;117;49,96;
06:48:31;117;49,97;
06:48:34;117;49,96;
06:48:37;116;49,96;
06:48:40;118;49,96;
06:48:43;119;49,96;
06:48:49;118;49,96;
06:48:55;117;49,97;
06:49:01;118;49,97;
06:49:07;117;49,98;
06:49:10;119;49,98;
06:49:13;120;49,98;
06:49:16;120;49,97;
06:49:19;119;49,97;
06:49:34;121;49,97;
06:49:37;120;49,97;
06:49:40;121;49,97;
06:49:49;119;49,96;
06:49:52;120;49,97;
06:49:55;116;49,96;
06:49:58;119;49,96;
06:50:01;118;49,96;
06:50:07;119;49,97;
06:50:10;118;49,96;
06:50:19;119;49,95;
06:50:22;118;49,95;
06:50:25;119;49,95;
06:50:31;119;49,96;
06:50:34;117;49,96;
06:50:37;119;49,96;
06:50:40;116;49,96;
06:50:46;118;49,96;
06:50:49;119;49,96;
06:51:01;118;49,96;
06:51:04;117;49,96;
06:51:07;119;49,97;
06:51:13;118;49,96;
06:51:19;119;49,96;
06:51:25;118;49,96;
06:51:31;119;49,96;
06:51:37;120;49,96;
06:51:40;117;49,96;
06:51:43;122;49,96;
06:51:46;119;49,96;
06:51:49;118;49,96;
06:51:52;121;49,97;
06:51:58;118;49,97;
06:52:01;119;49,96;
06:52:04;119;49,97;
06:52:10;121;49,97;
06:52:13;119;49,96;
06:52:16;120;49,96;
06:52:19;122;49,96;
06:52:22;121;49,96;
06:52:25;119;49,96;
06:52:28;121;49,95;
06:52:31;119;49,95;
06:52:34;120;49,95;
06:52:37;121;49,95;
06:52:40;119;49,96;
06:52:49;120;49,97;
06:52:52;120;49,96;
06:52:55;119;49,96;
06:52:58;122;49,96;
06:53:04;120;49,98;
06:53:10;119;49,98;
06:53:13;121;49,98;
06:53:19;122;49,98;
06:53:22;121;49,98;
06:53:25;121;49,97;
06:53:28;122;49,96;
06:53:37;121;49,96;
06:53:40;122;49,97;
06:53:43;121;49,97;
06:53:46;122;49,97;
06:53:49;121;49,96;
06:53:52;122;49,96;
06:53:55;122;49,97;
06:54:16;125;49,97;
06:54:19;124;49,96;
06:54:22;122;49,97;
06:54:25;125;49,97;
06:54:28;126;49,97;
06:54:31;124;49,98;
06:54:34;125;49,98;
06:54:37;123;49,97;
06:54:39;109;49,97;
06:54:41;110;49,97;
06:54:47;124;49,96;
06:54:50;126;49,96;
06:54:56;128;49,96;
06:54:59;131;49,96;
06:55:02;128;49,97;
06:55:05;130;49,97;
06:55:08;131;49,97;
06:55:11;133;49,97;
06:55:14;131;49,97;
06:55:17;129;49,97;
06:55:20;133;49,97;
06:55:23;133;49,98;
06:55:26;134;49,98;
06:55:29;133;49,97;
06:55:32;136;49,96;
06:55:38;135;49,96;
06:55:41;137;49,96;
06:55:50;139;49,97;
06:55:53;140;49,97;
06:55:56;141;49,98;
06:55:59;140;49,98;
06:56:02;141;49,98;
06:56:05;142;49,98;
06:56:08;143;49,98;
06:56:11;142;49,98;
06:56:14;146;49,98;
06:56:23;147;49,97;
06:56:26;146;49,96;
06:56:29;149;49,96;
06:56:32;146;49,97;
06:56:35;151;49,97;
06:56:38;149;49,97;
06:56:41;151;49,97;
06:56:44;149;49,97;
06:56:47;151;49,97;
06:56:50;150;49,97;
06:56:53;151;49,98;
06:56:56;152;49,98;
06:56:59;149;49,97;
06:57:02;151;49,97;
06:57:08;151;49,98;
06:57:11;153;49,98;
06:57:14;154;49,97;
06:57:17;152;49,97;
06:57:23;155;49,98;
06:57:29;157;50,00;
06:57:32;159;50,00;
06:57:35;157;50,00;
06:57:38;154;49,99;
06:57:41;157;49,98;
06:57:44;155;49,98;
06:57:47;152;49,98;
06:57:50;151;49,97;
06:57:53;157;49,97;
06:57:56;156;49,97;
06:57:59;158;49,97;
06:58:02;155;49,98;
06:58:05;153;49,98;
06:58:08;156;49,98;
06:58:11;157;49,98;
06:58:17;158;49,99;
06:58:20;160;49,99;
06:58:23;159;49,99;
06:58:26;157;49,99;
06:58:29;160;49,99;
06:58:35;161;49,99;
06:58:38;157;49,98;
06:58:41;160;49,98;
06:58:47;160;49,97;
06:58:50;159;49,98;
06:58:53;161;49,98;
06:58:56;157;49,98;
06:58:59;161;49,98;
06:59:06;163;49,99;
06:59:09;166;49,99;
06:59:16;167;49,99;
06:59:19;166;49,98;
06:59:22;165;49,97;
06:59:24;167;49,96;
06:59:26;166;49,96;
06:59:29;169;49,96;
06:59:32;170;49,96;
06:59:43;169;49,98;
06:59:47;170;49,99;
06:59:50;170;50,00;
06:59:57;175;50,00;
07:00:01;172;50,01;
07:00:07;176;50,00;
07:00:10;171;50,00;
07:00:13;168;50,00;
07:00:16;172;50,00;
07:00:26;173;50,02;
07:00:29;174;50,02;
07:00:31;172;50,02;
07:00:39;169;50,02;
07:00:41;171;50,03;
07:00:44;170;50,03;
07:00:47;171;50,04;
07:00:49;170;50,04;
07:00:51;169;50,05;
07:00:53;168;50,05;
07:00:55;170;50,05;
07:00:57;171;50,05;
07:01:00;165;50,05;
07:01:02;167;50,05;
07:01:04;171;50,04;
07:01:10;172;50,05;
07:01:13;173;50,06;
07:01:16;177;50,06;
07:01:19;173;50,06;
07:01:21;175;50,06;
07:01:23;171;50,06;
07:01:25;174;50,06;
07:01:33;171;50,06;
07:01:36;167;50,06;
07:01:38;170;50,05;
07:01:44;167;50,05;
07:01:47;166;50,04;
07:01:52;170;50,05;
07:01:54;170;50,04;
07:01:55;171;50,05;
07:01:59;174;50,05;
07:02:06;169;50,04;
07:02:09;170;50,05;
07:02:14;174;50,05;
07:02:16;175;50,04;
07:02:22;173;50,04;
07:02:25;168;50,04;
07:02:27;168;50,03;
07:02:28;174;50,03;
07:02:31;175;50,03;
07:02:36;177;50,03;
07:02:39;174;50,03;
07:02:41;173;50,03;
07:02:47;170;50,03;
07:02:56;172;50,03;
07:02:58;173;50,03;
07:03:05;172;50,02;
07:03:08;171;50,02;
07:03:10;172;50,02;
07:03:12;170;50,02;
07:03:24;169;50,02;
07:03:27;170;50,01;
07:03:29;168;50,01;
07:03:32;171;50,01;
07:03:35;170;50,01;
07:03:41;167;50,01;
07:03:46;168;50,01;
07:03:49;168;50,00;
07:03:56;167;50,00;
07:03:58;166;50,00;
07:04:00;168;50,00;
07:04:07;165;50,00;
07:04:09;166;50,00;
07:04:11;169;50,00;
07:04:14;166;50,00;
07:04:19;165;50,00;
07:04:27;162;50,00;
07:04:29;162;49,98;
07:04:31;162;49,99;
07:04:35;162;49,98;
07:04:39;164;49,98;
07:04:41;161;49,98;
07:04:43;165;49,98;
07:04:49;140;49,98;
07:04:51;141;49,99;
07:04:54;163;49,99;
07:04:59;165;49,99;
07:05:03;160;50,00;
07:05:07;164;49,99;
07:05:09;165;49,99;
07:05:11;163;49,99;
07:05:17;164;49,99;
07:05:19;166;50,00;
07:05:26;161;50,00;
07:05:29;166;50,00;
07:05:31;165;50,00;
07:05:38;164;49,99;
07:05:40;168;49,99;
07:05:42;166;49,99;
07:05:44;164;49,99;
07:05:46;166;49,99;
07:05:49;165;49,99;
07:05:52;167;49,99;
07:05:56;166;49,99;
07:05:58;162;49,98;
07:06:00;161;49,98;
07:06:02;157;49,97;
07:06:09;158;49,98;
07:06:12;156;49,98;
07:06:14;159;49,98;
07:06:17;161;49,98;
07:06:20;160;49,98;
07:06:22;158;49,98;
07:06:25;159;49,98;
07:06:30;154;49,98;
07:06:33;155;49,97;
07:06:37;157;49,97;
07:06:40;151;49,98;
07:06:42;155;49,97;
07:06:45;156;49,97;
07:06:50;155;49,97;
07:06:53;153;49,97;
07:06:56;155;49,97;
07:07:01;157;49,97;
07:07:11;158;49,97;
07:07:14;158;49,98;
07:07:18;156;49,98;
07:07:20;160;49,98;
07:07:22;159;49,98;
07:07:28;157;49,98;
07:07:32;161;49,98;
07:07:35;161;49,97;
07:07:38;160;49,97;
07:07:42;159;49,97;
07:07:45;158;49,97;
07:07:48;158;49,98;
07:07:52;161;49,98;
07:07:54;159;49,98;
07:07:56;157;49,98;
07:07:58;161;49,98;
07:08:05;159;49,98;
07:08:09;157;49,99;
07:08:12;158;49,99;
07:08:13;160;49,99;
07:08:17;160;50,00;
07:08:18;158;49,99;
07:08:25;157;49,98;
07:08:35;156;49,98;
07:08:39;157;49,98;
07:08:42;156;49,98;
07:08:43;158;49,98;
07:08:47;159;49,97;
07:08:50;158;49,97;
07:08:54;159;49,97;
07:08:58;158;49,98;
07:09:03;161;49,98;
07:09:13;159;49,98;
07:09:16;164;49,98;
07:09:19;167;49,97;
07:09:23;165;49,98;
07:09:27;164;49,97;
07:09:30;168;49,97;
07:09:34;167;49,96;
07:09:39;169;49,96;
07:09:44;169;49,97;
07:09:47;170;49,97;
07:09:50;169;49,97;
07:09:53;173;49,96;
07:09:59;175;49,97;
07:10:08;175;49,98;
07:10:15;179;49,97;
07:10:19;181;49,97;
07:10:25;183;49,97;
07:10:28;181;49,97;
07:10:31;185;49,96;
07:10:37;186;49,96;
07:10:44;186;49,98;
07:10:47;192;49,98;
07:10:50;185;49,98;
07:10:53;194;49,97;
07:11:00;195;49,97;
07:11:04;199;49,97;
07:11:10;202;49,97;
07:11:14;201;49,97;
07:11:16;205;49,96;
07:11:25;207;49,96;
07:11:29;209;49,96;
07:11:35;213;49,95;
07:11:36;214;49,96;
07:11:39;218;49,95;
07:11:42;219;49,95;
07:11:45;218;49,95;
07:11:48;219;49,96;
07:11:51;224;49,96;
07:11:54;224;49,97;
07:11:57;225;49,98;
07:12:00;229;49,98;
07:12:03;229;49,99;
07:12:05;230;49,98;
07:12:11;233;49,98;
07:12:15;234;49,98;
07:12:18;234;49,97;
07:12:21;238;49,98;
07:12:25;237;49,97;
07:12:28;240;49,98;
07:12:31;239;49,98;
07:12:35;240;49,97;
07:12:38;244;49,97;
07:12:41;244;49,98;
07:12:45;245;49,98;
07:12:49;247;49,99;
07:12:52;248;49,99;
07:12:58;244;49,99;
07:13:01;249;49,98;
07:13:04;250;49,98;
07:13:05;249;49,98;
07:13:10;250;49,98;
07:13:14;251;49,98;
07:13:17;252;49,99;
07:13:20;250;49,98;
07:13:24;251;49,98;
07:13:30;253;49,98;
07:13:33;250;49,99;
07:13:40;251;49,98;
07:13:43;253;49,98;
07:13:47;249;49,98;
07:13:50;253;49,98;
07:14:00;251;49,98;
07:14:06;252;49,98;
07:14:09;249;49,98;
07:14:12;255;49,98;
07:14:15;254;49,98;
07:14:18;253;49,97;
07:14:27;255;49,97;
07:14:30;257;49,97;
07:14:33;257;49,96;
07:14:36;256;49,96;
07:14:39;258;49,97;
07:14:42;259;49,97;
07:14:45;261;49,97;
07:14:48;258;49,97;
07:14:51;262;49,98;
07:14:54;254;49,98;
07:14:57;229;49,98;
07:15:04;262;49,98;
07:15:10;267;49,97;
07:15:13;264;49,97;
07:15:17;268;49,97;
07:15:23;269;49,96;
07:15:27;266;49,97;
07:15:30;271;49,97;
07:15:33;271;49,98;
07:15:36;270;49,97;
07:15:39;273;49,98;
07:15:45;275;49,98;
07:15:48;276;49,98;
07:15:51;273;49,98;
07:15:54;277;49,98;
07:15:57;277;49,99;
07:16:00;275;49,99;
07:16:03;286;50,00;
07:16:07;283;50,00;
07:16:10;281;50,00;
07:16:13;286;50,01;
07:16:16;279;50,00;
07:16:19;277;50,00;
07:16:22;280;50,00;
07:16:25;281;50,00;
07:16:26;283;50,00;
07:16:32;284;49,99;
07:16:35;281;49,99;
07:16:36;280;50,00;
07:16:42;285;50,00;
07:16:45;286;50,01;
07:16:48;283;50,01;
07:16:51;285;50,01;
07:16:54;288;50,00;
07:16:57;283;50,00;
07:17:00;280;49,99;
07:17:03;291;50,00;
07:17:06;292;50,00;
07:17:09;286;50,00;
07:17:15;294;50,00;
07:17:18;290;50,00;
07:17:21;272;50,00;
07:17:24;295;49,99;
07:17:27;298;49,99;
07:17:30;295;49,98;
07:17:33;298;49,98;
07:17:37;296;49,98;
07:17:40;292;49,98;
07:17:43;299;49,97;
07:17:46;307;49,98;
07:17:49;309;49,98;
07:17:52;310;49,98;
07:17:55;313;49,98;
07:17:58;314;49,99;
07:18:04;318;49,99;
07:18:05;316;49,99;
07:18:11;319;49,99;
07:18:14;319;50,00;
07:18:17;322;50,00;
07:18:20;319;50,00;
07:18:29;318;50,00;
07:18:32;322;50,00;
07:18:35;324;49,99;
07:18:36;319;49,98;
07:18:42;318;49,98;
07:18:46;315;49,98;
07:18:49;316;49,98;
07:18:52;315;49,98;
07:18:55;323;49,98;
07:18:59;322;49,98;
07:19:02;324;49,99;
07:19:09;318;49,99;
07:19:12;323;49,99;
07:19:15;325;49,98;
07:19:16;321;49,98;
07:19:19;325;49,98;
07:19:22;320;49,98;
07:19:25;327;49,97;
07:19:28;328;49,97;
07:19:31;332;49,96;
07:19:34;332;49,97;
07:19:37;333;49,98;
07:19:40;334;49,98;
07:19:43;338;49,98;
07:19:46;339;49,98;
07:19:49;342;49,98;
07:19:55;346;49,98;
07:19:58;348;49,99;
07:20:01;352;49,99;
07:20:04;356;49,99;
07:20:07;357;49,99;
07:20:10;359;49,99;
07:20:13;357;49,99;
07:20:16;361;49,99;
07:20:19;366;50,00;
07:20:28;363;50,00;
07:20:34;363;49,99;
07:20:37;365;49,99;
07:20:40;366;49,99;
07:20:43;363;49,98;
07:20:46;366;49,99;
07:20:52;369;49,99;
07:20:55;372;49,99;
07:21:01;343;49,99;
07:21:04;345;49,99;
07:21:07;349;49,98;
07:21:10;354;49,98;
07:21:13;368;49,99;
07:21:16;366;49,98;
07:21:19;362;49,98;
07:21:22;366;49,98;
07:21:26;367;49,97;
07:21:29;377;49,97;
07:21:32;378;49,96;
07:21:35;377;49,96;
07:21:38;381;49,96;
07:21:41;382;49,96;
07:21:44;379;49,96;
07:21:47;362;49,97;
07:21:50;368;49,97;
07:21:53;380;49,98;
07:21:56;387;49,98;
07:21:59;386;49,98;
07:22:02;394;49,98;
07:22:08;395;49,98;
07:22:11;404;49,98;
07:22:14;401;49,98;
07:22:17;400;49,98;
07:22:20;403;49,98;
07:22:23;397;49,98;
07:22:29;399;49,98;
07:22:32;403;49,98;
07:22:35;404;49,96;
07:22:38;405;49,96;
07:22:41;402;49,96;
07:22:44;397;49,96;
07:22:47;401;49,96;
07:22:50;400;49,96;
07:22:53;397;49,97;
07:22:56;394;49,96;
07:22:59;395;49,97;
07:23:02;393;49,97;
07:23:05;394;49,97;
07:23:11;392;49,97;
07:23:14;387;49,97;
07:23:17;386;49,96;
07:23:20;382;49,96;
07:23:23;385;49,96;
07:23:26;386;49,97;
07:23:29;382;49,96;
07:23:32;383;49,96;
07:23:35;378;49,96;
07:23:38;382;49,96;
07:23:41;381;49,96;
07:23:47;384;49,97;
07:23:50;379;49,98;
07:23:53;381;49,98;
07:23:59;380;49,98;
07:24:02;385;49,98;
07:24:05;378;49,99;
07:24:06;391;50,00;
07:24:12;392;50,00;
07:24:15;388;50,00;
07:24:18;392;50,00;
07:24:21;379;49,98;
07:24:24;386;49,98;
07:24:27;384;49,97;
07:24:30;391;49,98;
07:24:33;394;49,98;
07:24:36;393;49,98;
07:24:42;401;49,98;
07:24:48;402;49,98;
07:24:51;403;49,99;
07:24:54;406;49,99;
07:24:57;413;50,00;
07:25:00;416;50,00;
07:25:06;412;49,99;
07:25:09;411;49,99;
07:25:12;401;49,98;
07:25:15;407;49,98;
07:25:18;411;49,98;
07:25:21;412;49,98;
07:25:24;416;49,99;
07:25:27;420;49,99;
07:25:30;422;49,99;
07:25:33;423;49,99;
07:25:36;422;49,99;
07:25:39;424;49,99;
07:25:42;426;49,99;
07:25:48;423;49,98;
07:25:51;428;49,98;
07:25:57;434;49,98;
07:26:00;434;49,97;
07:26:03;435;49,98;
07:26:06;438;49,98;
07:26:09;433;49,98;
07:26:12;439;49,97;
07:26:18;436;49,96;
07:26:21;441;49,96;
07:26:24;441;49,97;
07:26:27;444;49,97;
07:26:33;444;49,98;
07:26:36;443;49,98;
07:26:39;440;49,98;
07:26:42;441;49,98;
07:26:45;444;49,98;
07:26:48;444;49,97;
07:26:54;445;49,97;
07:26:57;450;49,97;
07:27:00;450;49,98;
07:27:06;454;49,98;
07:27:12;457;49,98;
07:27:15;451;49,97;
07:27:18;460;49,97;
07:27:24;459;49,97;
07:27:27;464;49,97;
07:27:33;466;49,97;
07:27:36;467;49,97;
07:27:45;470;49,97;
07:27:48;475;49,98;
07:27:51;473;49,98;
07:27:57;470;49,98;
07:28:00;474;49,98;
07:28:03;475;49,99;
07:28:06;476;49,99;
07:28:12;478;49,99;
07:28:15;476;49,99;
07:28:18;477;49,98;
07:28:21;475;49,98;
07:28:24;479;49,98;
07:28:27;479;49,97;
07:28:30;480;49,97;
07:28:33;482;49,97;
07:28:36;483;49,97;
07:28:39;484;49,98;
07:28:45;482;49,99;
07:28:48;480;49,99;
07:28:51;487;50,00;
07:28:54;485;49,99;
07:28:57;484;49,99;
07:29:03;485;49,99;
07:29:06;481;49,99;
07:29:09;482;49,98;
07:29:12;479;49,98;
07:29:15;476;49,98;
07:29:18;483;49,98;
07:29:21;484;49,98;
07:29:24;483;49,97;
07:29:27;486;49,98;
07:29:30;483;49,97;
07:29:33;487;49,97;
07:29:39;489;49,97;
07:29:42;487;49,97;
07:29:45;486;49,98;
07:29:51;491;49,98;
07:29:57;488;49,98;
07:30:00;492;49,98;
07:30:03;494;49,98;
07:30:06;495;49,98;
07:30:09;496;49,98;
07:30:12;493;49,99;
07:30:15;502;49,99;
07:30:18;499;49,99;
07:30:21;502;50,00;
07:30:24;480;50,00;
07:30:27;486;50,00;
07:30:30;492;49,99;
07:30:33;499;49,98;
07:30:36;503;49,98;
07:30:39;509;49,98;
07:30:42;513;49,98;
07:30:45;512;49,98;
07:30:48;513;49,98;
07:30:51;518;49,98;
07:30:57;515;49,99;
07:31:00;518;49,99;
07:31:03;523;50,00;
07:31:06;520;50,00;
07:31:09;515;49,99;
07:31:12;518;49,99;
07:31:15;516;49,99;
07:31:18;515;49,99;
07:31:21;508;49,98;
07:31:24;509;49,98;
07:31:27;512;49,97;
07:31:30;510;49,96;
07:31:33;503;49,96;
07:31:36;504;49,96;
07:31:39;506;49,96;
07:31:42;503;49,96;
07:31:45;497;49,96;
07:31:48;498;49,96;
07:31:51;499;49,97;
07:31:54;498;49,97;
07:31:57;492;49,98;
07:32:03;494;49,98;
07:32:06;491;49,98;
07:32:09;484;49,98;
07:32:12;490;49,98;
07:32:15;490;49,97;
07:32:18;485;49,97;
07:32:21;487;49,96;
07:32:24;481;49,96;
07:32:27;488;49,97;
07:32:30;482;49,98;
07:32:33;489;49,98;
07:32:36;483;49,98;
07:32:39;489;49,98;
07:32:42;482;49,98;
07:32:48;481;49,98;
07:32:51;484;49,98;
07:32:54;489;49,98;
07:32:57;486;49,98;
07:33:00;490;49,98;
07:33:03;489;49,99;
07:33:06;493;50,00;
07:33:09;491;50,00;
07:33:12;494;50,00;
07:33:15;499;50,00;
07:33:18;495;50,00;
07:33:21;497;49,99;
07:33:24;492;49,99;
07:33:27;496;49,99;
07:33:30;497;49,98;
07:33:33;496;49,98;
07:33:36;492;49,97;
07:33:39;503;49,96;
07:33:42;509;49,96;
07:33:48;507;49,96;
07:33:54;513;49,96;
07:33:57;514;49,97;
07:34:00;511;49,98;
07:34:03;514;49,98;
07:34:06;518;49,98;
07:34:09;516;49,99;
07:34:12;519;49,98;
07:34:15;513;49,99;
07:34:18;513;49,98;
07:34:21;520;49,98;
07:34:24;526;49,97;
07:34:27;521;49,97;
07:34:30;530;49,96;
07:34:33;527;49,96;
07:34:36;529;49,96;
07:34:39;530;49,97;
07:34:42;529;49,98;
07:34:45;526;49,98;
07:34:48;530;49,98;
07:34:51;532;49,98;
07:34:54;534;49,97;
07:35:00;531;49,97;
07:35:03;534;49,97;
07:35:06;532;49,98;
07:35:09;534;49,98;
07:35:12;531;49,98;
07:35:15;530;49,98;
07:35:18;529;49,98;
07:35:21;532;49,97;
07:35:24;531;49,97;
07:35:27;529;49,97;
07:35:30;532;49,97;
07:35:33;533;49,98;
07:35:36;531;49,98;
07:35:39;527;49,97;
07:35:42;530;49,97;
07:35:45;533;49,96;
07:35:48;530;49,96;
07:35:51;528;49,97;
07:35:54;529;49,97;
07:35:57;531;49,98;
07:36:06;528;49,97;
07:36:09;530;49,97;
07:36:12;528;49,97;
07:36:15;524;49,97;
07:36:18;527;49,97;
07:36:21;529;49,97;
07:36:24;527;49,97;
07:36:27;512;49,97;
07:36:30;527;49,96;
07:36:33;524;49,96;
07:36:36;527;49,96;
07:36:39;527;49,97;
07:36:45;522;49,96;
07:36:48;525;49,96;
07:36:51;522;49,96;
07:36:54;521;49,96;
07:36:57;523;49,97;
07:37:00;522;49,96;
07:37:03;516;49,96;
07:37:06;521;49,96;
07:37:09;522;49,96;
07:37:12;522;49,97;
07:37:15;514;49,97;
07:37:18;523;49,97;
07:37:21;523;49,98;
07:37:24;517;49,98;
07:37:27;515;49,98;
07:37:30;521;49,97;
07:37:33;516;49,97;
07:37:39;505;49,97;
07:37:42;508;49,97;
07:37:45;525;49,97;
07:37:48;526;49,97;
07:37:51;531;49,98;
07:37:57;536;49,99;
07:38:00;531;49,99;
07:38:03;534;49,99;
07:38:06;531;49,99;
07:38:09;537;49,98;
07:38:12;527;49,98;
07:38:15;536;49,98;
07:38:18;537;49,97;
07:38:21;540;49,96;
07:38:27;539;49,96;
07:38:30;536;49,96;
07:38:33;540;49,97;
07:38:36;541;49,97;
07:38:39;542;49,97;
07:38:42;539;49,96;
07:38:45;541;49,96;
07:38:48;536;49,96;
07:38:51;541;49,96;
07:38:57;545;49,96;
07:39:03;550;49,97;
07:39:06;546;49,97;
07:39:09;551;49,98;
07:39:12;553;49,98;
07:39:15;555;49,98;
07:39:18;547;49,98;
07:39:21;533;49,98;
07:39:24;551;49,99;
07:39:27;556;49,98;
07:39:30;563;49,98;
07:39:36;560;49,98;
07:39:39;568;49,98;
07:39:42;573;49,98;
07:39:45;569;49,98;
07:39:48;575;49,98;
07:39:51;578;49,98;
07:39:54;579;49,97;
07:39:57;585;49,98;
07:40:00;588;49,97;
07:40:03;591;49,98;
07:40:09;598;49,98;
07:40:12;599;49,98;
07:40:15;599;49,97;
07:40:18;604;49,97;
07:40:21;571;49,98;
07:40:24;596;49,98;
07:40:27;598;49,98;
07:40:30;604;49,98;
07:40:33;624;49,97;
07:40:36;628;49,97;
07:40:39;630;49,98;
07:40:42;634;49,98;
07:40:45;639;49,98;
07:40:48;642;49,98;
07:40:54;646;49,99;
07:40:57;650;49,98;
07:41:00;651;49,98;
07:41:03;656;49,98;
07:41:06;661;49,97;
07:41:09;663;49,97;
07:41:15;668;49,97;
07:41:18;670;49,97;
07:41:21;671;49,97;
07:41:24;672;49,96;
07:41:27;671;49,96;
07:41:30;674;49,96;
07:41:42;672;49,96;
07:41:45;665;49,96;
07:41:48;671;49,96;
07:41:51;673;49,96;
07:41:54;671;49,96;
07:42:03;667;49,96;
07:42:09;650;49,96;
07:42:12;663;49,96;
07:42:15;657;49,96;
07:42:18;660;49,96;
07:42:24;656;49,97;
07:42:27;648;49,97;
07:42:30;652;49,96;
07:42:33;653;49,96;
07:42:36;648;49,96;
07:42:39;643;49,97;
07:42:42;646;49,97;
07:42:45;646;49,98;
07:42:48;626;49,98;
07:42:51;627;49,98;
07:42:54;634;49,98;
07:43:00;632;49,98;
07:43:06;627;49,96;
07:43:09;626;49,96;
07:43:12;624;49,96;
07:43:15;622;49,96;
07:43:18;619;49,96;
07:43:21;617;49,96;
07:43:24;616;49,96;
07:43:27;614;49,96;
07:43:30;610;49,95;
07:43:33;609;49,95;
07:43:36;608;49,96;
07:43:39;605;49,96;
07:43:42;602;49,95;
07:43:45;603;49,96;
07:43:48;601;49,96;
07:43:51;602;49,96;
07:43:54;600;49,96;
07:43:57;599;49,96;
07:44:00;601;49,96;
07:44:06;600;49,97;
07:44:12;602;49,97;
07:44:15;603;49,98;
07:44:18;605;49,98;
07:44:21;608;49,98;
07:44:24;591;49,98;
07:44:27;593;49,98;
07:44:30;595;49,98;
07:44:33;600;49,97;
07:44:36;620;49,96;
07:44:39;618;49,96;
07:44:42;626;49,96;
07:44:45;630;49,97;
07:44:48;634;49,98;
07:44:51;641;49,98;
07:44:54;642;49,98;
07:44:57;650;49,98;
07:45:00;661;49,98;
07:45:03;662;49,98;
07:45:06;668;49,98;
07:45:09;674;49,98;
07:45:12;683;49,97;
07:45:18;693;49,97;
07:45:21;698;49,98;
07:45:27;706;49,98;
07:45:30;715;49,98;
07:45:33;719;49,97;
07:45:36;721;49,97;
07:45:39;723;49,97;
07:45:42;735;49,97;
07:45:45;739;49,97;
07:45:48;744;49,97;
07:45:51;751;49,97;
07:45:54;755;49,98;
07:45:57;758;49,98;
07:46:03;765;49,98;
07:46:06;770;49,98;
07:46:09;775;49,98;
07:46:12;777;49,98;
07:46:15;781;49,98;
07:46:18;783;49,98;
07:46:21;779;49,97;
07:46:24;787;49,97;
07:46:27;792;49,97;
07:46:30;793;49,96;
07:46:33;797;49,97;
07:46:36;796;49,97;
07:46:42;798;49,97;
07:46:45;797;49,97;
07:46:48;798;49,97;
07:46:51;795;49,98;
07:46:54;797;49,98;
07:46:57;795;49,98;
07:47:03;789;49,99;
07:47:09;788;49,98;
07:47:12;785;49,98;
07:47:15;782;49,98;
07:47:21;779;49,97;
07:47:24;778;49,97;
07:47:27;767;49,97;
07:47:30;775;49,97;
07:47:33;769;49,97;
07:47:36;771;49,97;
07:47:39;770;49,97;
07:47:42;768;49,97;
07:47:45;764;49,97;
07:47:48;768;49,97;
07:47:51;765;49,98;
07:47:54;768;49,97;
07:47:57;769;49,98;
07:48:00;767;49,98;
07:48:03;761;49,98;
07:48:06;767;49,98;
07:48:09;770;49,98;
07:48:15;766;49,97;
07:48:18;771;49,97;
07:48:21;772;49,97;
07:48:24;773;49,96;
07:48:27;772;49,97;
07:48:30;760;49,97;
07:48:33;763;49,97;
07:48:36;766;49,97;
07:48:39;777;49,97;
07:48:42;781;49,97;
07:48:45;783;49,97;
07:48:51;781;49,97;
07:48:54;784;49,97;
07:48:57;788;49,97;
07:49:00;787;49,97;
07:49:03;783;49,98;
07:49:06;785;49,98;
07:49:09;786;49,98;
07:49:12;788;49,98;
07:49:15;785;49,98;
07:49:21;778;49,96;
07:49:24;783;49,96;
07:49:27;786;49,95;
07:49:30;778;49,96;
07:49:33;775;49,96;
07:49:36;778;49,97;
07:49:39;768;49,98;
07:49:42;771;49,97;
07:49:45;773;49,98;
07:49:48;778;49,98;
07:49:51;779;49,98;
07:49:54;774;49,98;
07:49:57;780;49,98;
07:50:00;781;49,98;
07:50:03;794;49,98;
07:50:06;813;49,98;
07:50:09;790;49,98;
07:50:12;791;49,98;
07:50:15;793;49,98;
07:50:18;798;49,98;
07:50:21;820;49,97;
07:50:27;822;49,97;
07:50:30;800;49,97;
07:50:33;796;49,97;
07:50:36;755;49,98;
07:50:39;758;49,98;
07:50:42;757;49,98;
07:50:45;756;49,98;
07:50:48;758;49,98;
07:50:51;761;49,98;
07:50:54;758;49,98;
07:50:57;761;49,98;
07:51:00;763;49,99;
07:51:03;761;49,99;
07:51:06;754;49,98;
07:51:12;761;49,98;
07:51:15;759;49,98;
07:51:18;755;49,98;
07:51:21;759;49,98;
07:51:24;761;49,98;
07:51:27;759;49,98;
07:51:30;760;49,98;
07:51:33;755;49,98;
07:51:36;764;49,96;
07:51:39;763;49,96;
07:51:42;760;49,96;
07:51:45;764;49,96;
07:51:48;768;49,96;
07:51:51;770;49,96;
07:51:54;772;49,96;
07:51:57;773;49,96;
07:52:00;775;49,96;
07:52:03;777;49,96;
07:52:06;774;49,96;
07:52:09;780;49,96;
07:52:12;784;49,96;
07:52:18;782;49,96;
07:52:21;777;49,96;
07:52:24;779;49,96;
07:52:27;789;49,96;
07:52:30;784;49,96;
07:52:33;786;49,96;
07:52:36;792;49,96;
07:52:39;796;49,96;
07:52:42;788;49,96;
07:52:45;775;49,96;
07:52:48;782;49,96;
07:52:51;783;49,96;
07:52:54;790;49,96;
07:52:57;793;49,97;
07:53:03;791;49,97;
07:53:06;790;49,97;
07:53:09;784;49,97;
07:53:12;789;49,97;
07:53:15;787;49,97;
07:53:18;786;49,97;
07:53:24;782;49,98;
07:53:27;783;49,98;
07:53:30;781;49,98;
07:53:33;772;49,98;
07:53:36;780;49,98;
07:53:39;778;49,98;
07:53:48;775;49,98;
07:53:51;774;49,98;
07:53:54;771;49,98;
07:53:57;763;49,98;
07:54:00;769;49,98;
07:54:03;768;49,98;
07:54:09;761;49,98;
07:54:12;765;49,98;
07:54:15;761;49,98;
07:54:18;765;49,98;
07:54:21;759;49,97;
07:54:24;762;49,97;
07:54:30;763;49,96;
07:54:33;752;49,96;
07:54:36;761;49,96;
07:54:39;749;49,95;
07:54:42;749;49,96;
07:54:45;756;49,95;
07:54:48;760;49,95;
07:54:51;763;49,96;
07:54:54;765;49,96;
07:54:57;759;49,96;
07:55:00;761;49,97;
07:55:03;766;49,96;
07:55:09;768;49,96;
07:55:15;767;49,95;
07:55:18;768;49,95;
07:55:21;765;49,96;
07:55:24;762;49,96;
07:55:27;767;49,96;
07:55:30;745;49,96;
07:55:33;750;49,95;
07:55:36;746;49,95;
07:55:39;761;49,95;
07:55:42;760;49,95;
07:55:48;754;49,95;
07:55:51;760;49,96;
07:55:54;753;49,96;
07:55:57;757;49,96;
07:56:00;750;49,96;
07:56:03;751;49,96;
07:56:06;750;49,96;
07:56:09;746;49,96;
07:56:12;744;49,96;
07:56:15;743;49,96;
07:56:21;739;49,96;
07:56:24;736;49,96;
07:56:30;733;49,96;
07:56:33;730;49,96;
07:56:36;725;49,96;
07:56:39;728;49,96;
07:56:42;726;49,96;
07:56:45;720;49,96;
07:56:48;708;49,96;
07:56:51;716;49,96;
07:56:54;711;49,96;
07:56:57;707;49,96;
07:57:00;699;49,96;
07:57:03;702;49,96;
07:57:06;704;49,97;
07:57:09;701;49,97;
07:57:12;698;49,98;
07:57:15;697;49,98;
07:57:18;692;49,97;
07:57:21;696;49,97;
07:57:27;690;49,96;
07:57:30;686;49,96;
07:57:33;690;49,97;
07:57:36;689;49,97;
07:57:42;682;49,97;
07:57:45;689;49,97;
07:57:48;681;49,97;
07:57:51;685;49,98;
07:57:54;687;49,98;
07:57:57;690;49,98;
07:58:00;692;49,98;
07:58:03;691;49,98;
07:58:06;690;49,98;
07:58:09;688;49,98;
07:58:12;691;49,98;
07:58:15;696;49,98;
07:58:18;694;49,99;
07:58:21;693;49,99;
07:58:24;697;49,99;
07:58:27;696;49,99;
07:58:33;698;49,99;
07:58:36;697;49,99;
07:58:39;698;49,99;
07:58:42;701;50,00;
07:58:45;706;50,00;
07:58:51;699;50,00;
07:58:54;708;50,00;
07:58:57;703;50,00;
07:59:00;687;50,00;
07:59:03;705;50,00;
07:59:06;707;50,00;
07:59:09;711;50,00;
07:59:12;710;50,00;
07:59:15;706;49,99;
07:59:18;716;49,99;
07:59:21;717;49,99;
07:59:24;716;49,99;
07:59:27;704;49,99;
07:59:30;703;49,99;
07:59:33;707;49,99;
07:59:36;712;49,99;
07:59:39;718;49,99;
07:59:42;723;49,99;
07:59:45;718;49,99;
07:59:48;724;49,99;
07:59:51;722;49,99;
07:59:54;723;49,99;
07:59:57;722;49,99;
08:00:00;728;49,99;
08:00:03;724;50,00;
08:00:06;716;50,00;
08:00:09;709;50,00;
08:00:12;720;50,00;
08:00:15;721;50,00;
08:00:18;722;50,00;
08:00:24;721;50,00;
08:00:27;722;50,00;
08:00:30;722;50,01;
08:00:33;723;50,01;
08:00:36;723;50,02;
08:00:39;723;50,01;
08:00:42;720;50,01;
08:00:45;725;50,01;
08:00:48;723;50,01;
08:00:51;722;50,01;
08:00:54;727;50,01;
08:00:57;729;50,01;
08:01:00;730;50,01;
08:01:03;732;50,01;
08:01:06;726;50,01;
08:01:09;732;50,01;
08:01:12;733;50,01;
08:01:15;729;50,01;
08:01:18;720;50,01;
08:01:21;717;50,01;
08:01:24;729;50,01;
08:01:30;734;50,01;
08:01:33;736;50,01;
08:01:36;735;50,01;
08:01:51;734;50,01;
08:01:54;720;50,01;
08:01:57;722;50,02;
08:02:00;732;50,02;
08:02:03;734;50,02;
08:02:06;732;50,02;
08:02:09;735;50,01;
08:02:15;737;50,01;
08:02:18;735;50,01;
08:02:21;737;50,01;
08:02:24;738;50,01;
08:02:30;736;50,01;
08:02:36;735;50,01;
08:02:39;737;50,01;
08:02:48;734;50,00;
08:02:51;737;50,00;
08:02:54;730;50,01;
08:02:57;736;50,01;
08:03:00;730;50,01;
08:03:03;738;50,01;
08:03:06;740;50,01;
08:03:09;745;50,01;
08:03:15;745;50,00;
08:03:18;746;50,00;
08:03:21;750;50,00;
08:03:24;753;50,00;
08:03:27;754;50,00;
08:03:30;752;50,00;
08:03:33;759;50,00;
08:03:36;762;50,00;
08:03:45;770;50,00;
08:03:48;778;50,00;
08:03:51;780;50,00;
08:03:54;775;50,00;
08:03:57;782;50,00;
08:04:00;785;50,00;
08:04:03;789;50,01;
08:04:06;787;50,01;
08:04:09;795;50,01;
08:04:12;799;50,01;
08:04:15;801;50,02;
08:04:18;803;50,01;
08:04:21;807;50,01;
08:04:27;811;50,01;
08:04:30;816;50,01;
08:04:33;814;50,01;
08:04:36;818;50,01;
08:04:39;826;50,02;
08:04:42;825;50,02;
08:04:45;826;50,02;
08:04:48;831;50,02;
08:04:51;835;50,01;
08:04:54;837;50,01;
08:04:57;844;50,02;
08:05:00;842;50,01;
08:05:06;846;50,01;
08:05:09;848;50,01;
08:05:12;851;50,01;
08:05:15;856;50,01;
08:05:18;857;50,00;
08:05:21;860;50,00;
08:05:24;862;50,00;
08:05:27;865;50,00;
08:05:33;866;50,00;
08:05:36;871;50,00;
08:05:39;871;50,01;
08:05:42;873;50,01;
08:05:45;866;50,01;
08:05:48;873;50,00;
08:05:51;874;50,00;
08:05:54;872;50,00;
08:05:57;883;50,00;
08:06:00;880;50,00;
08:06:03;883;50,01;
08:06:06;888;50,01;
08:06:09;887;50,01;
08:06:12;890;50,01;
08:06:15;897;50,01;
08:06:18;900;50,01;
08:06:21;902;50,01;
08:06:24;904;50,01;
08:06:27;902;50,00;
08:06:30;909;50,00;
08:06:33;912;49,99;
08:06:39;914;49,99;
08:06:42;920;49,99;
08:06:45;925;50,00;
08:06:48;926;50,00;
08:06:54;934;50,00;
08:07:00;935;50,00;
08:07:03;934;50,01;
08:07:06;942;50,01;
08:07:09;943;50,01;
08:07:12;950;50,01;
08:07:39;962;50,00;
08:07:45;957;50,00;
08:07:48;969;50,00;
08:07:51;968;50,01;
08:07:54;967;50,01;
08:07:57;980;50,01;
08:08:00;972;50,00;
08:08:03;978;50,01;
08:08:06;975;50,01;
08:08:09;986;50,01;
08:08:12;978;50,01;
08:08:15;985;50,00;
08:08:18;984;50,01;
08:08:21;992;50,01;
08:08:24;991;50,01;
08:08:27;992;50,01;
08:08:30;991;50,00;
08:08:33;1000;50,00;
08:08:36;997;49,99;
08:08:39;1004;49,99;
08:08:45;1006;49,99;
08:08:48;1009;49,99;
08:08:54;1014;50,00;
08:08:57;1018;50,00;
08:09:00;1021;50,00;
08:09:03;1023;50,00;
08:09:06;1020;50,00;
08:09:09;1025;50,00;
08:09:12;1023;50,00;
08:09:15;1030;50,00;
08:09:18;1031;49,99;
08:09:21;1034;49,99;
08:09:24;1031;49,99;
08:09:27;1038;49,99;
08:09:30;1043;49,98;
08:09:36;1041;49,98;
08:09:39;1047;49,98;
08:09:42;1054;49,98;
08:09:45;1060;49,98;
08:09:48;1059;49,99;
08:09:51;1067;49,99;
08:09:54;1070;49,99;
08:09:57;1072;49,99;
08:10:00;1078;49,98;
08:10:03;1083;49,98;
08:10:06;1085;49,98;
08:10:09;1092;49,98;
08:10:15;1098;49,98;
08:10:18;1102;49,98;
08:10:21;1105;49,98;
08:10:24;1106;49,98;
08:10:27;1111;49,98;
08:10:30;1112;49,98;
08:10:33;1119;49,98;
08:10:36;1121;49,99;
08:10:42;1124;49,99;
08:10:45;1131;50,00;
08:10:48;1134;50,00;
08:10:51;1148;50,01;
08:10:54;1150;50,01;
08:10:57;1136;50,01;
08:11:00;1144;50,00;
08:11:03;1139;50,00;
08:11:06;1153;50,00;
08:11:09;1146;50,00;
08:11:12;1152;50,00;
08:11:15;1157;50,00;
08:11:18;1160;50,00;
08:11:21;1149;50,00;
08:11:24;1160;50,00;
08:11:27;1162;50,00;
08:11:30;1164;50,00;
08:11:33;1156;50,00;
08:11:36;1165;50,00;
08:11:39;1164;50,00;
08:11:42;1168;50,00;
08:11:48;1165;50,00;
08:11:57;1157;50,00;
08:12:00;1160;49,99;
08:12:03;1160;50,00;
08:12:06;1161;50,00;
08:12:09;1162;50,00;
08:12:12;1161;50,00;
08:12:15;1157;50,00;
08:12:18;1161;50,00;
08:12:21;1154;50,00;
08:12:24;1156;50,00;
08:12:27;1153;50,00;
08:12:30;1156;50,00;
08:12:33;1148;49,99;
08:12:36;1150;49,99;
08:12:39;1148;49,99;
08:12:42;1149;49,99;
08:12:45;1143;49,99;
08:12:48;1150;50,00;
08:12:54;1145;50,00;
08:12:57;1134;50,00;
08:13:00;1141;50,00;
08:13:06;1137;50,00;
08:13:09;1131;50,00;
08:13:12;1133;50,00;
08:13:15;1135;49,99;
08:13:18;1133;49,98;
08:13:21;1148;49,98;
08:13:24;1203;49,98;
08:13:27;1324;49,98;
08:13:30;1270;49,98;
08:13:33;1139;49,99;
08:13:39;1125;49,99;
08:13:42;1114;49,98;
08:13:45;1119;49,98;
08:13:48;1117;49,98;
08:13:51;1118;49,98;
08:13:57;1123;49,98;
08:14:00;1116;49,98;
08:14:03;1122;49,98;
08:14:06;1132;49,98;
08:14:09;1143;49,99;
08:14:12;1138;49,99;
08:14:15;1149;49,99;
08:14:18;1158;49,98;
08:14:21;1166;49,98;
08:14:24;1174;49,98;
08:14:27;1186;49,97;
08:14:30;1194;49,97;
08:14:33;1206;49,97;
08:14:36;1209;49,97;
08:14:39;1270;49,98;
08:14:45;1291;49,98;
08:14:48;1281;49,98;
08:14:51;1278;49,98;
08:14:54;1318;49,98;
08:14:57;1588;49,99;
08:15:00;1901;49,99;
08:15:03;2230;50,00;
08:15:06;2512;50,00;
08:15:09;2432;50,00;
08:15:12;2323;50,00;
08:15:15;1648;50,00;
08:15:18;1536;50,00;
08:15:21;1286;50,01;
08:15:24;1273;50,01;
08:15:27;1271;50,01;
08:15:30;1279;50,01;
08:15:33;1294;50,01;
08:15:36;1319;50,00;
08:15:39;1416;50,00;
08:15:42;1562;50,00;
08:15:45;2023;49,99;
08:15:51;1647;49,98;
08:15:54;1590;49,98;
08:15:57;1524;49,98;
08:16:00;1755;49,98;
08:16:03;2210;49,98;
08:16:06;2287;49,97;
08:16:09;2307;49,97;
08:16:12;2203;49,96;
08:16:15;1808;49,96;
08:16:18;1954;49,96;
08:16:21;1847;49,96;
08:16:24;1823;49,97;
08:16:27;1803;49,97;
08:16:30;1891;49,97;
08:16:33;1861;49,96;
08:16:36;1951;49,96;
08:16:39;1727;49,96;
08:16:42;1845;49,97;
08:16:45;2435;49,98;
08:16:48;2386;49,98;
08:16:51;2222;49,98;
08:16:57;2444;49,99;
08:17:00;2559;49,99;
08:17:03;2801;49,99;
08:17:06;2805;49,99;
08:17:09;2782;49,99;
08:17:12;2778;49,98;
08:17:15;2803;49,99;
08:17:18;2843;49,99;
08:17:21;2847;49,99;
08:17:24;2850;49,99;
08:17:27;2824;49,99;
08:17:30;2780;49,99;
08:17:33;2477;49,99;
08:17:36;2119;49,98;
08:17:39;1779;49,98;
08:17:42;1340;49,98;
08:17:45;1318;49,98;
08:17:48;1226;49,97;
08:17:51;1224;49,97;
08:17:54;1208;49,98;
08:17:57;1192;49,98;
08:18:00;1185;49,98;
08:18:03;1182;49,98;
08:18:06;1160;49,98;
08:18:09;1148;49,98;
08:18:12;1140;49,97;
08:18:15;1131;49,97;
08:18:18;1121;49,97;
08:18:21;1113;49,98;
08:18:24;1109;49,98;
08:18:27;1096;49,98;
08:18:30;1089;49,97;
08:18:33;1079;49,97;
08:18:36;1077;49,98;
08:18:39;1083;49,98;
08:18:42;1089;49,98;
08:18:48;1039;49,99;
08:18:51;1027;50,00;
08:18:54;1021;50,00;
08:18:57;1020;50,00;
08:19:00;1131;50,00;
08:19:03;1214;50,00;
08:19:06;1145;50,00;
08:19:09;1013;49,99;
08:19:12;944;49,98;
08:19:15;931;49,98;
08:19:18;916;49,97;
08:19:21;910;49,96;
08:19:24;898;49,97;
08:19:27;890;49,97;
08:19:30;879;49,97;
08:19:33;871;49,98;
08:19:36;857;49,98;
08:19:39;848;49,98;
08:19:42;836;49,98;
08:19:45;827;49,99;
08:19:48;819;49,99;
08:19:54;805;50,00;
08:19:57;802;50,00;
08:20:00;792;50,00;
08:20:03;787;50,01;
08:20:06;776;50,01;
08:20:09;761;50,00;
08:20:12;751;50,00;
08:20:15;748;50,00;
08:20:18;728;50,00;
08:20:21;721;50,00;
08:20:24;709;50,00;
08:20:27;701;49,99;
08:20:30;686;50,00;
08:20:33;681;49,99;
08:20:36;666;49,99;
08:20:39;659;49,99;
08:20:42;648;49,98;
08:20:45;639;49,98;
08:20:48;619;49,97;
08:20:51;618;49,97;
08:20:54;617;49,98;
08:21:00;604;49,98;
08:21:03;603;49,98;
08:21:06;596;49,98;
08:21:09;593;49,99;
08:21:12;587;49,99;
08:21:15;590;49,99;
08:21:21;584;49,99;
08:21:24;577;49,98;
08:21:27;583;49,98;
08:21:30;582;49,97;
08:21:33;582;49,96;
08:21:36;574;49,97;
08:21:39;581;49,97;
08:21:42;579;49,97;
08:21:45;583;49,97;
08:21:48;582;49,97;
08:21:51;590;49,97;
08:21:54;593;49,96;
08:21:57;595;49,97;
08:22:00;594;49,97;
08:22:06;608;49,97;
08:22:09;612;49,96;
08:22:12;616;49,96;
08:22:15;624;49,97;
08:22:18;629;49,97;
08:22:21;636;49,97;
08:22:24;640;49,97;
08:22:27;638;49,98;
08:22:30;649;49,97;
08:22:33;655;49,98;
08:22:36;661;49,98;
08:22:39;673;49,97;
08:22:42;678;49,98;
08:22:45;687;49,97;
08:22:51;698;49,97;
08:22:54;701;49,97;
08:22:57;712;49,98;
08:23:00;713;49,98;
08:23:03;722;49,98;
08:23:06;723;49,98;
08:23:09;728;49,99;
08:23:12;734;49,98;
08:23:15;736;49,98;
08:23:18;738;49,98;
08:23:21;736;49,97;
08:23:24;738;49,96;
08:23:27;743;49,97;
08:23:33;736;49,97;
08:23:36;744;49,98;
08:23:39;740;49,98;
08:23:42;743;49,98;
08:23:45;739;49,99;
08:23:48;738;49,99;
08:23:51;739;49,99;
08:23:57;750;50,00;
08:24:03;751;50,00;
08:24:06;757;50,00;
08:24:09;753;50,00;
08:24:12;748;50,00;
08:24:15;746;50,00;
08:24:18;751;49,99;
08:24:21;753;49,99;
08:24:24;760;49,99;
08:24:27;775;49,99;
08:24:30;751;49,99;
08:24:36;757;49,99;
08:24:42;767;49,99;
08:24:45;781;49,99;
08:24:48;783;49,99;
08:24:51;778;49,99;
08:24:54;788;49,99;
08:24:57;811;49,99;
08:25:03;935;49,99;
08:25:06;939;49,98;
08:25:09;833;49,98;
08:25:12;862;49,98;
08:25:15;1283;49,98;
08:25:18;1839;49,98;
08:25:21;1979;49,98;
08:25:24;1752;49,98;
08:25:27;2062;49,98;
08:25:30;2323;49,97;
08:25:33;2094;49,96;
08:25:36;2010;49,96;
08:25:39;1653;49,96;
08:25:42;1399;49,97;
08:25:45;1342;49,97;
08:25:48;964;49,97;
08:25:51;1234;49,97;
08:25:54;1890;49,97;
08:25:57;2683;49,98;
08:26:00;2465;49,98;
08:26:03;2474;49,98;
08:26:09;2008;49,97;
08:26:12;2210;49,96;
08:26:15;2321;49,96;
08:26:18;2403;49,96;
08:26:21;2462;49,96;
08:26:24;2461;49,97;
08:26:27;2423;49,97;
08:26:30;2435;49,97;
08:26:33;2585;49,97;
08:26:36;2591;49,98;
08:26:39;2584;49,97;
08:26:42;2575;49,97;
08:26:45;2491;49,97;
08:26:48;2484;49,97;
08:26:54;2532;49,96;
08:26:57;2218;49,96;
08:27:00;1637;49,97;
08:27:03;1939;49,97;
08:27:06;2222;49,96;
08:27:09;2109;49,96;
08:27:12;1863;49,96;
08:27:15;1850;49,96;
08:27:18;2551;49,97;
08:27:21;2641;49,98;
08:27:24;2635;49,97;
08:27:27;2677;49,97;
08:27:30;2744;49,97;
08:27:33;2732;49,97;
08:27:36;2752;49,96;
08:27:42;2719;49,97;
08:27:45;2736;49,97;
08:27:48;2718;49,98;
08:27:51;2743;49,98;
08:27:54;2734;49,99;
08:28:00;2641;49,99;
08:28:03;2320;49,99;
08:28:06;2399;49,98;
08:28:09;2463;49,98;
08:28:12;2303;49,98;
08:28:15;2546;49,98;
08:28:18;2595;49,98;
08:28:21;2602;49,98;
08:28:24;2342;49,98;
08:28:27;2139;49,98;
08:28:30;2675;49,98;
08:28:33;2764;49,98;
08:28:36;2806;49,98;
08:28:39;2793;49,98;
08:28:42;2678;49,97;
08:28:45;2091;49,97;
08:28:48;2060;49,97;
08:28:51;2154;49,97;
08:28:54;1977;49,97;
08:28:57;1857;49,97;
08:29:00;1433;49,98;
08:29:06;1294;49,97;
08:29:09;1689;49,97;
08:29:12;1670;49,96;
08:29:15;1314;49,96;
08:29:18;1488;49,96;
08:29:21;1887;49,96;
08:29:24;2216;49,96;
08:29:27;2550;49,96;
08:29:30;2252;49,96;
08:29:33;1833;49,96;
08:29:36;1770;49,95;
08:29:39;1982;49,96;
08:29:42;1896;49,96;
08:29:45;2203;49,96;
08:29:48;2501;49,96;
08:29:51;2232;49,97;
08:29:54;2087;49,97;
08:29:57;2449;49,97;
08:30:00;2440;49,98;
08:30:03;2396;49,98;
08:30:06;2497;49,98;
08:30:12;2678;49,98;
08:30:15;2704;49,97;
08:30:18;2759;49,97;
08:30:21;2765;49,96;
08:30:24;2795;49,96;
08:30:27;2788;49,96;
08:30:30;2768;49,95;
08:30:33;2758;49,95;
08:30:36;2748;49,96;
08:30:39;2756;49,95;
08:30:42;2757;49,96;
08:30:45;2738;49,95;
08:30:48;2745;49,96;
08:30:51;2732;49,96;
08:30:54;2738;49,96;
08:30:57;2746;49,96;
08:31:00;2774;49,96;
08:31:03;2780;49,96;
08:31:06;2676;49,96;
08:31:09;2615;49,96;
08:31:12;2736;49,96;
08:31:18;2773;49,96;
08:31:21;2778;49,96;
08:31:24;2775;49,96;
08:31:27;2761;49,96;
08:31:30;2762;49,96;
08:31:33;2763;49,97;
08:31:36;2753;49,97;
08:31:39;2767;49,97;
08:31:42;2753;49,98;
08:31:45;2783;49,97;
08:31:48;2772;49,97;
08:31:51;2779;49,96;
08:31:54;2756;49,96;
08:31:57;2752;49,97;
08:32:03;2779;49,97;
08:32:06;2774;49,98;
08:32:09;2795;49,98;
08:32:12;2787;49,98;
08:32:15;2793;49,98;
08:32:21;2803;49,98;
08:32:24;2807;49,98;
08:32:27;2816;49,97;
08:32:33;2821;49,97;
08:32:36;2821;49,98;
08:32:39;2834;49,97;
08:32:42;2835;49,97;
08:32:45;2844;49,98;
08:32:48;2826;49,98;
08:32:51;2847;49,98;
08:32:57;2861;49,98;
08:33:00;2846;49,98;
08:33:03;2870;49,98;
08:33:09;2867;49,98;
08:33:12;2845;49,98;
08:33:15;2867;49,98;
08:33:18;2864;49,98;
08:33:21;2875;49,98;
08:33:24;2856;49,97;
08:33:27;2874;49,97;
08:33:30;2875;49,97;
08:33:33;2872;49,97;
08:33:36;2850;49,97;
08:33:39;2872;49,97;
08:33:42;2870;49,97;
08:33:45;2875;49,97;
08:33:48;2851;49,96;
08:33:51;2871;49,97;
08:33:54;2874;49,97;
08:33:57;2873;49,97;
08:34:00;2855;49,97;
08:34:03;2879;49,98;
08:34:06;2876;49,98;
08:34:09;2882;49,99;
08:34:15;2888;49,99;
08:34:18;2895;49,99;
08:34:21;2893;49,99;
08:34:24;2882;49,99;
08:34:27;2885;49,98;
08:34:30;2881;49,98;
08:34:33;2885;49,98;
08:34:36;2888;49,99;
08:34:39;2898;49,99;
08:34:42;2902;49,99;
08:34:45;2903;50,00;
08:34:48;2905;50,00;
08:34:51;2907;50,00;
08:34:54;2911;50,00;
08:34:57;2905;50,00;
08:35:00;2918;49,99;
08:35:03;2921;49,99;
08:35:06;2922;49,98;
08:35:09;2928;49,98;
08:35:15;2934;49,98;
08:35:21;2941;49,99;
08:35:24;2944;49,99;
08:35:27;2947;49,99;
08:35:30;2950;49,99;
08:35:33;2952;50,00;
08:35:36;2962;49,99;
08:35:39;2955;49,99;
08:35:42;2966;50,00;
08:35:45;2971;50,00;
08:35:48;2973;50,00;
08:35:51;2967;49,99;
08:35:54;2982;50,00;
08:35:57;2978;50,00;
08:36:00;2988;50,00;
08:36:06;2994;49,99;
08:36:09;2988;49,99;
08:36:12;2993;49,99;
08:36:15;2976;49,99;
08:36:18;2989;49,99;
08:36:21;2992;49,99;
08:36:24;2982;49,99;
08:36:27;2991;49,99;
08:36:30;2992;49,98;
08:36:33;2998;49,99;
08:36:36;3000;49,99;
08:36:39;2999;49,98;
08:36:42;3006;49,99;
08:36:45;3008;49,99;
08:36:48;3007;49,99;
08:36:51;3012;50,00;
08:36:54;3015;50,00;
08:36:57;3012;50,00;
08:37:00;3011;50,00;
08:37:06;3009;49,99;
08:37:12;3011;50,00;
08:37:15;2993;50,00;
08:37:18;3011;50,00;
08:37:21;3016;50,00;
08:37:24;3014;50,00;
08:37:27;3002;50,00;
08:37:30;3004;50,00;
08:37:33;3014;49,99;
08:37:36;3016;49,99;
08:37:39;3012;49,99;
08:37:42;3017;49,99;
08:37:45;3018;49,99;
08:37:54;3004;49,99;
08:37:57;3020;50,00;
08:38:00;3017;50,00;
08:38:03;3016;50,00;
08:38:06;3023;49,99;
08:38:09;3026;49,99;
08:38:12;3020;49,99;
08:38:18;3006;49,99;
08:38:21;3005;50,00;
08:38:24;3017;50,00;
08:38:27;3032;50,00;
08:38:30;3028;50,00;
08:38:33;3027;50,00;
08:38:36;3029;50,00;
08:38:39;3036;49,99;
08:38:42;3051;49,98;
08:38:45;3052;49,97;
08:38:48;3057;49,96;
08:38:51;3059;49,96;
08:38:54;3056;49,97;
08:38:57;3057;49,98;
08:39:03;3063;49,99;
08:39:06;3048;49,99;
08:39:09;3061;50,00;
08:39:12;3071;50,00;
08:39:15;3073;50,00;
08:39:18;3080;50,00;
08:39:24;3076;49,99;
08:39:27;3085;49,99;
08:39:30;3083;49,98;
08:39:33;3085;49,98;
08:39:36;3083;49,98;
08:39:39;3094;49,98;
08:39:42;3090;49,98;
08:39:45;3092;49,98;
08:39:48;3095;49,98;
08:39:51;3101;49,97;
08:39:54;3105;49,98;
08:39:57;3115;49,98;
08:40:00;3118;49,98;
08:40:03;3124;49,98;
08:40:06;3126;49,98;
08:40:09;3132;49,98;
08:40:12;3135;49,98;
08:40:15;3140;49,98;
08:40:18;3135;49,98;
08:40:21;3142;49,98;
08:40:24;3145;49,98;
08:40:27;3140;49,98;
08:40:30;3147;49,98;
08:40:33;3154;49,98;
08:40:36;3158;49,98;
08:40:39;3157;49,99;
08:40:42;3157;49,98;
08:40:45;3160;49,98;
08:40:48;3161;49,99;
08:40:51;3156;49,99;
08:40:54;3165;49,99;
08:40:57;3171;49,99;
08:41:00;3174;49,99;
08:41:03;3180;49,98;
08:41:06;3184;49,98;
08:41:09;3186;49,97;
08:41:15;3211;49,97;
08:41:18;3216;49,97;
08:41:21;3196;49,97;
08:41:24;3139;49,98;
08:41:27;2927;49,98;
08:41:30;2769;49,97;
08:41:33;2584;49,97;
08:41:36;2404;49,97;
08:41:39;2044;49,96;
08:41:42;2015;49,96;
08:41:45;1976;49,96;
08:41:48;1954;49,96;
08:41:51;1885;49,97;
08:41:54;1850;49,97;
08:41:57;1801;49,98;
08:42:00;1671;49,97;
08:42:03;1659;49,97;
08:42:06;1694;49,97;
08:42:09;1857;49,97;
08:42:12;1954;49,98;
08:42:15;2059;49,98;
08:42:21;2204;49,98;
08:42:24;2249;49,98;
08:42:27;2228;49,98;
08:42:30;2163;49,98;
08:42:33;1945;49,99;
08:42:36;1853;49,99;
08:42:39;1781;49,99;
08:42:42;1732;49,99;
08:42:45;1637;49,99;
08:42:48;1608;49,99;
08:42:51;1509;49,98;
08:42:54;1502;49,98;
08:42:57;1539;49,98;
08:43:00;1592;49,99;
08:43:03;1671;49,99;
08:43:06;1819;49,99;
08:43:09;1795;49,99;
08:43:12;1769;49,99;
08:43:15;1762;49,99;
08:43:18;1765;49,99;
08:43:21;1758;50,00;
08:43:27;1688;49,99;
08:43:30;1630;49,99;
08:43:33;1568;49,98;
08:43:39;1671;49,98;
08:43:42;1827;49,98;
08:43:45;2024;49,98;
08:43:48;2220;49,98;
08:43:51;2681;49,98;
08:43:54;2749;49,98;
08:43:57;2988;49,99;
08:44:00;3117;49,99;
08:44:03;3305;50,00;
08:44:06;3326;50,00;
08:44:09;3307;50,00;
08:44:12;3278;50,01;
08:44:15;3281;50,01;
08:44:18;3288;50,01;
08:44:21;3271;50,01;
08:44:24;3256;50,01;
08:44:27;3246;50,01;
08:44:33;3319;50,00;
08:44:36;3343;50,00;
08:44:39;3370;50,00;
08:44:42;3374;50,00;
08:44:45;3376;49,99;
08:44:48;3360;49,99;
08:44:51;3369;50,00;
08:44:54;3371;49,99;
08:44:57;3372;49,99;
08:45:00;3367;49,99;
08:45:03;3374;49,99;
08:45:06;3370;49,98;
08:45:09;3377;49,98;
08:45:12;3373;49,98;
08:45:18;3370;49,97;
08:45:21;3376;49,96;
08:45:24;3377;49,95;
08:45:27;3384;49,95;
08:45:30;3377;49,95;
08:45:33;3383;49,95;
08:45:36;3382;49,95;
08:45:39;3377;49,96;
08:45:42;3382;49,96;
08:45:45;3391;49,96;
08:45:48;3387;49,97;
08:45:51;3397;49,97;
08:45:54;3391;49,97;
08:45:57;3398;49,97;
08:46:00;3399;49,97;
08:46:03;3402;49,97;
08:46:06;3399;49,97;
08:46:09;3409;49,97;
08:46:12;3406;49,98;
08:46:15;3412;49,98;
08:46:18;3407;49,98;
08:46:24;3419;49,97;
08:46:27;3415;49,97;
08:46:30;3412;49,97;
08:46:33;3423;49,97;
08:46:42;3425;49,97;
08:46:45;3418;49,97;
08:46:48;3426;49,97;
08:46:51;3430;49,97;
08:46:54;3424;49,97;
08:46:57;3433;49,97;
08:47:00;3431;49,98;
08:47:03;3436;49,98;
08:47:06;3438;49,98;
08:47:09;3440;49,98;
08:47:12;3441;49,97;
08:47:15;3448;49,97;
08:47:18;3416;49,97;
08:47:21;3452;49,97;
08:47:24;3460;49,97;
08:47:30;3448;49,97;
08:47:33;3461;49,97;
08:47:36;3464;49,98;
08:47:39;3462;49,98;
08:47:42;3466;49,98;
08:47:45;3469;49,98;
08:47:48;3477;49,98;
08:47:51;3485;49,98;
08:47:54;3492;49,98;
08:47:57;3489;49,98;
08:48:00;3500;49,98;
08:48:03;3502;49,98;
08:48:06;3512;49,98;
08:48:09;3510;49,99;
08:48:12;3520;49,99;
08:48:15;3523;49,99;
08:48:18;3531;49,98;
08:48:21;3529;49,97;
08:48:24;3541;49,96;
08:48:30;3551;49,96;
08:48:36;3568;49,97;
08:48:39;3558;49,97;
08:48:42;3580;49,97;
08:48:45;3583;49,97;
08:48:48;3608;49,97;
08:48:51;3595;49,97;
08:48:54;3620;49,97;
08:48:57;3625;49,97;
08:49:00;3639;49,96;
08:49:03;3636;49,96;
08:49:06;3648;49,96;
08:49:09;3643;49,96;
08:49:12;3661;49,96;
08:49:15;3662;49,96;
08:49:18;3669;49,96;
08:49:21;3668;49,96;
08:49:24;3689;49,96;
08:49:30;3695;49,96;
08:49:33;3698;49,96;
08:49:36;3710;49,96;
08:49:39;3720;49,96;
08:49:42;3723;49,97;
08:49:45;3729;49,97;
08:49:48;3731;49,98;
08:49:51;3746;49,98;
08:49:54;3724;49,97;
08:49:57;3756;49,96;
08:50:00;3742;49,96;
08:50:03;3759;49,96;
08:50:06;3725;49,96;
08:50:09;3762;49,95;
08:50:12;3756;49,95;
08:50:15;3768;49,96;
08:50:18;3749;49,96;
08:50:21;3787;49,95;
08:50:27;3814;49,96;
08:50:30;3785;49,96;
08:50:33;3828;49,96;
08:50:36;3813;49,96;
08:50:39;3843;49,96;
08:50:42;3814;49,95;
08:50:45;3845;49,95;
08:50:48;3848;49,95;
08:50:51;3860;49,96;
08:50:54;3839;49,96;
08:50:57;3867;49,96;
08:51:00;3858;49,96;
08:51:03;3888;49,96;
08:51:06;3885;49,96;
08:51:09;3895;49,97;
08:51:12;3881;49,97;
08:51:15;3926;49,97;
08:51:18;3921;49,97;
08:51:21;3943;49,97;
08:51:24;3906;49,97;
08:51:27;3961;49,96;
08:51:33;3978;49,97;
08:51:36;3952;49,97;
08:51:39;3990;49,97;
08:51:42;3978;49,97;
08:51:45;3995;49,96;
08:51:48;3957;49,96;
08:51:51;4004;49,96;
08:51:54;4009;49,96;
08:51:57;4013;49,97;
08:52:00;3974;49,97;
08:52:03;4014;49,98;
08:52:06;4019;49,98;
08:52:09;4024;49,99;
08:52:12;4003;49,99;
08:52:15;4030;49,99;
08:52:18;4018;49,99;
08:52:21;4042;49,98;
08:52:24;4024;49,98;
08:52:27;4057;49,98;
08:52:30;4038;49,97;
08:52:33;4065;49,97;
08:52:39;4074;49,97;
08:52:42;4066;49,97;
08:52:45;4079;49,96;
08:52:48;4076;49,96;
08:52:51;4089;49,96;
08:52:54;4089;49,97;
08:52:57;4070;49,97;
08:53:00;4090;49,97;
08:53:03;4095;49,97;
08:53:06;4106;49,97;
08:53:09;4112;49,96;
08:53:15;4110;49,96;
08:53:18;4112;49,96;
08:53:21;4100;49,96;
08:53:24;4112;49,97;
08:53:27;4108;49,97;
08:53:36;4112;49,97;
08:53:39;4116;49,97;
08:53:45;4136;49,97;
08:53:48;4154;49,97;
08:53:51;4158;49,97;
08:53:54;4160;49,97;
08:53:57;4162;49,96;
08:54:03;4126;49,96;
08:54:06;4166;49,96;
08:54:09;4164;49,96;
08:54:12;4170;49,96;
08:54:15;4114;49,95;
08:54:18;4178;49,96;
08:54:21;4156;49,96;
08:54:24;4182;49,96;
08:54:30;4180;49,96;
08:54:36;4182;49,96;
08:54:39;4154;49,96;
08:54:42;4186;49,96;
08:54:45;4190;49,96;
08:54:48;4182;49,96;
08:54:51;4188;49,96;
08:54:54;4120;49,96;
08:54:57;4100;49,96;
08:55:00;4180;49,96;
08:55:03;4182;49,96;
08:55:06;4184;49,96;
08:55:09;4196;49,96;
08:55:12;4196;49,95;
08:55:15;4202;49,95;
08:55:18;4204;49,95;
08:55:24;4206;49,95;
08:55:27;4210;49,95;
08:55:30;4218;49,95;
08:55:36;4220;49,95;
08:55:39;4218;49,95;
08:55:42;4216;49,95;
08:55:45;4214;49,95;
08:55:48;4216;49,96;
08:55:54;4186;49,96;
08:55:57;4212;49,96;
08:56:00;4214;49,97;
08:56:06;4216;49,97;
08:56:09;4220;49,96;
08:56:12;4224;49,96;
08:56:15;4226;49,96;
08:56:18;4210;49,96;
08:56:21;4238;49,96;
08:56:24;4248;49,96;
08:56:27;4254;49,96;
08:56:30;4264;49,96;
08:56:33;4280;49,96;
08:56:36;4300;49,96;
08:56:42;4308;49,96;
08:56:45;4320;49,97;
08:56:48;4326;49,97;
08:56:51;4346;49,97;
08:56:54;4362;49,97;
08:56:57;4368;49,97;
08:57:00;4350;49,97;
08:57:03;4378;49,97;
08:57:06;4396;49,98;
08:57:09;4398;49,98;
08:57:12;4404;49,97;
08:57:15;4406;49,97;
08:57:18;4408;49,97;
08:57:21;4410;49,97;
08:57:24;4386;49,97;
08:57:27;4416;49,97;
08:57:30;4418;49,97;
08:57:33;4418;49,96;
08:57:36;4420;49,97;
08:57:39;4426;49,97;
08:57:48;4422;49,98;
08:57:51;4434;49,98;
08:57:54;4432;49,99;
08:57:57;4450;49,99;
08:58:00;4436;49,98;
08:58:03;4462;49,98;
08:58:06;4466;49,98;
08:58:09;4454;49,98;
08:58:12;4446;49,98;
08:58:15;4478;49,98;
08:58:18;4474;49,98;
08:58:21;4478;49,98;
08:58:24;4466;49,98;
08:58:27;4496;49,98;
08:58:33;4504;49,97;
08:58:39;4518;49,97;
08:58:45;4526;49,98;
08:58:48;4528;49,98;
08:58:51;4506;49,98;
08:58:54;4536;49,98;
08:58:57;4546;49,99;
08:59:00;4544;49,99;
08:59:03;4546;49,99;
08:59:06;4548;49,99;
08:59:09;4552;50,00;
08:59:15;4524;50,00;
08:59:18;4556;50,00;
08:59:21;4564;49,99;
08:59:24;4566;49,99;
08:59:27;4582;50,00;
08:59:30;4584;50,00;
08:59:33;4590;50,00;
08:59:39;4592;50,00;
08:59:45;4586;49,99;
08:59:48;4592;49,99;
08:59:51;4580;49,98;
08:59:54;4592;49,98;
08:59:57;4594;49,98;
09:00:00;4582;49,98;
09:00:03;4570;49,99;
09:00:06;4594;49,99;
09:00:09;4588;50,00;
09:00:12;4594;50,00;
09:00:15;4546;50,00;
09:00:18;4592;50,00;
09:00:21;4598;50,00;
09:00:24;4602;49,99;
09:00:27;4580;49,98;
09:00:30;4610;49,98;
09:00:33;4608;49,98;
09:00:36;4602;49,98;
09:00:39;4584;49,98;
09:00:45;4626;49,98;
09:00:48;4624;49,97;
09:00:51;4596;49,95;
09:00:54;4622;49,95;
09:00:57;4626;49,94;
09:01:00;4628;49,94;
09:01:06;4596;49,94;
09:01:09;4630;49,94;
09:01:12;4626;49,94;
09:01:15;4596;49,94;
09:01:18;4628;49,94;
09:01:21;4632;49,94;
09:01:24;4630;49,94;
09:01:27;4632;49,94;
09:01:30;4634;49,94;
09:01:33;4632;49,94;
09:01:36;4636;49,94;
09:01:39;4602;49,95;
09:01:42;4634;49,95;
09:01:45;4642;49,94;
09:01:51;4610;49,94;
09:01:54;4644;49,94;
09:01:57;4648;49,94;
09:02:00;4650;49,94;
09:02:03;4616;49,94;
09:02:06;4652;49,95;
09:02:09;4654;49,95;
09:02:12;4652;49,94;
09:02:15;4624;49,94;
09:02:18;4662;49,94;
09:02:24;4666;49,94;
09:02:27;4632;49,94;
09:02:30;4662;49,94;
09:02:33;4664;49,94;
09:02:39;4638;49,94;
09:02:42;4610;49,94;
09:02:45;4660;49,95;
09:02:48;4664;49,95;
09:02:51;4646;49,96;
09:02:57;4660;49,95;
09:03:00;4664;49,95;
09:03:03;4662;49,95;
09:03:06;4632;49,95;
09:03:09;4658;49,95;
09:03:12;4654;49,95;
09:03:15;4658;49,95;
09:03:18;4660;49,95;
09:03:21;4662;49,96;
09:03:24;4662;49,95;
09:03:27;4668;49,96;
09:03:30;4638;49,95;
09:03:33;4664;49,95;
09:03:36;4658;49,95;
09:03:42;4632;49,95;
09:03:45;4658;49,95;
09:03:48;4652;49,96;
09:03:51;4656;49,96;
09:03:54;4632;49,96;
09:03:57;4658;49,96;
09:04:00;4660;49,96;
09:04:03;4656;49,96;
09:04:06;4634;49,96;
09:04:09;4658;49,96;
09:04:15;4664;49,96;
09:04:18;4642;49,96;
09:04:21;4672;49,96;
09:04:24;4676;49,96;
09:04:27;4680;49,96;
09:04:30;4660;49,96;
09:04:33;4688;49,96;
09:04:36;4692;49,96;
09:04:39;4694;49,97;
09:04:42;4668;49,98;
09:04:48;4710;49,98;
09:04:51;4702;49,97;
09:04:54;4690;49,97;
09:04:57;4702;49,97;
09:05:00;4712;49,96;
09:05:03;4698;49,96;
09:05:06;4718;49,96;
09:05:09;4712;49,96;
09:05:12;4726;49,97;
09:05:15;4720;49,97;
09:05:18;4726;49,97;
09:05:21;4704;49,97;
09:05:24;4730;49,97;
09:05:27;4726;49,97;
09:05:30;4730;49,97;
09:05:33;4710;49,97;
09:05:36;4734;49,97;
09:05:39;4730;49,97;
09:05:42;4736;49,98;
09:05:45;4714;49,98;
09:05:48;4740;49,98;
09:05:54;4742;49,98;
09:05:57;4722;49,98;
09:06:00;4750;49,98;
09:06:03;4748;49,98;
09:06:06;4760;49,98;
09:06:09;4734;49,98;
09:06:12;4756;49,98;
09:06:15;4758;49,98;
09:06:21;4734;49,98;
09:06:24;4752;49,98;
09:06:27;4750;49,97;
09:06:30;4750;49,98;
09:06:33;4726;49,98;
09:06:36;4750;49,98;
09:06:39;4748;49,99;
09:06:42;4750;49,99;
09:06:45;4724;49,99;
09:06:48;4750;49,98;
09:06:51;4758;49,98;
09:07:00;4766;49,98;
09:07:03;4764;49,98;
09:07:06;4774;49,99;
09:07:09;4752;50,00;
09:07:12;4780;50,00;
09:07:15;4778;50,00;
09:07:18;4790;50,00;
09:07:24;4802;49,99;
09:07:27;4806;49,99;
09:07:30;4820;49,99;
09:07:33;4806;49,99;
09:07:36;4832;49,99;
09:07:39;4828;49,99;
09:07:45;4800;49,99;
09:07:48;4808;49,98;
09:07:51;4794;49,99;
09:07:54;4584;49,99;
09:07:57;2911;49,98;
09:08:00;2651;49,98;
09:08:03;3553;49,98;
09:08:06;3259;49,98;
09:08:09;1184;49,98;
09:08:12;2630;49,98;
09:08:15;2912;49,99;
09:08:18;2165;49,99;
09:08:21;746;50,00;
09:08:24;586;49,99;
09:08:27;592;49,99;
09:08:30;606;49,98;
09:08:33;733;49,97;
09:08:36;1399;49,97;
09:08:39;4672;49,97;
09:08:42;4796;49,97;
09:08:45;4824;49,97;
09:08:51;4840;49,97;
09:08:54;4852;49,97;
09:08:57;4844;49,97;
09:09:00;4824;49,97;
09:09:03;4840;49,98;
09:09:06;4832;49,98;
09:09:09;4842;49,98;
09:09:15;4836;49,98;
09:09:18;4828;49,99;
09:09:24;4812;49,99;
09:09:27;4818;49,99;
09:09:30;4810;49,98;
09:09:33;4814;49,98;
09:09:36;4812;49,98;
09:09:39;4826;49,98;
09:09:42;4852;49,98;
09:09:45;4866;49,99;
09:09:48;4838;49,99;
09:09:51;4868;49,99;
09:10:00;4846;49,99;
09:10:03;4864;50,00;
09:10:06;4866;50,00;
09:10:09;4864;50,00;
09:10:12;4856;50,00;
09:10:15;4840;50,01;
09:10:18;4868;50,01;
09:10:21;4872;50,01;
09:10:24;4888;50,01;
09:10:27;4900;50,01;
09:10:30;4894;50,01;
09:10:33;4904;50,00;
09:10:36;4908;50,00;
09:10:39;4904;50,01;
09:10:42;4930;50,01;
09:10:45;4938;50,01;
09:10:48;4940;50,01;
09:10:51;4950;50,00;
09:10:54;4954;50,00;
09:10:57;4964;50,01;
09:11:03;4976;50,01;
09:11:06;4988;50,01;
09:11:09;5004;50,01;
09:11:12;5006;50,01;
09:11:15;5014;50,01;
09:11:18;5020;50,01;
09:11:21;5014;50,01;
09:11:24;5034;50,00;
09:11:27;5058;50,00;
09:11:30;5062;50,00;
09:11:33;5070;50,00;
09:11:36;5076;50,00;
09:11:39;5088;50,00;
09:11:42;5092;50,00;
09:11:45;5084;50,01;
09:11:48;5114;50,01;
09:11:51;5120;50,01;
09:11:54;5126;50,01;
09:11:57;5132;50,01;
09:12:00;5138;50,01;
09:12:03;5136;50,01;
09:12:06;5150;50,01;
09:12:09;5160;50,01;
09:12:12;5196;50,01;
09:12:15;5182;50,01;
09:12:18;5224;50,00;
09:12:21;5212;50,01;
09:12:24;5238;50,00;
09:12:27;5208;50,00;
09:12:30;5242;50,00;
09:12:33;5254;50,01;
09:12:36;5266;50,01;
09:12:39;5256;50,01;
09:12:42;5276;50,01;
09:12:45;5260;50,01;
09:12:54;5284;50,01;
09:12:57;5274;50,01;
09:13:00;5314;50,02;
09:13:06;5280;50,02;
09:13:09;5330;50,01;
09:13:12;5334;50,01;
09:13:15;5352;50,01;
09:13:18;5388;50,00;
09:13:21;5398;50,00;
09:13:24;5404;50,00;
09:13:27;5404;50,01;
09:13:30;5414;50,00;
09:13:33;5418;50,00;
09:13:36;5388;50,00;
09:13:39;5400;50,00;
09:13:42;5426;49,99;
09:13:45;5412;49,98;
09:13:48;5406;49,98;
09:13:54;5484;49,99;
09:14:00;5528;50,00;
09:14:03;5538;50,00;
09:14:06;5550;50,00;
09:14:09;5556;50,00;
09:14:12;5562;50,00;
09:14:15;5564;50,00;
09:14:18;5552;49,99;
09:14:21;5560;50,00;
09:14:24;5572;49,99;
09:14:27;5578;49,99;
09:14:30;5586;49,99;
09:14:33;5592;49,99;
09:14:36;5608;49,99;
09:14:39;5612;49,99;
09:14:42;5606;49,98;
09:14:45;5630;49,99;
09:14:48;5650;49,99;
09:14:51;5658;49,99;
09:14:54;5670;49,99;
09:14:57;5682;49,99;
09:15:00;5676;49,99;
09:15:06;5708;50,00;
09:15:09;5710;50,00;
09:15:12;5712;50,01;
09:15:15;5734;50,00;
09:15:18;5738;50,00;
09:15:21;5754;50,00;
09:15:24;5756;49,99;
09:15:27;5738;49,99;
09:15:30;5776;49,98;
09:15:33;5796;49,98;
09:15:36;5786;49,98;
09:15:39;5820;49,98;
09:15:42;5814;49,98;
09:15:45;5838;49,99;
09:15:48;5846;49,99;
09:15:51;5858;49,99;
09:15:54;5864;49,99;
09:15:57;5872;50,00;
09:16:00;5868;50,00;
09:16:03;5876;50,00;
09:16:06;5870;49,99;
09:16:12;5852;49,98;
09:16:15;5882;49,97;
09:16:18;5750;49,97;
09:16:21;5716;49,97;
09:16:24;5716;49,98;
09:16:30;5766;49,98;
09:16:33;5814;49,98;
09:16:36;5768;49,97;
09:16:39;5630;49,97;
09:16:42;5498;49,97;
09:16:45;5314;49,97;
09:16:48;5212;49,97;
09:16:51;4880;49,98;
09:16:57;4742;49,98;
09:17:00;4698;49,98;
09:17:03;4376;49,98;
09:17:06;4344;49,98;
09:17:09;4252;49,98;
09:17:12;4276;49,98;
09:17:15;4412;49,98;
09:17:18;4662;49,98;
09:17:21;5466;49,98;
09:17:24;5456;49,98;
09:17:27;5572;49,98;
09:17:30;5616;49,98;
09:17:33;5592;49,97;
09:17:36;5686;49,98;
09:17:39;5684;49,98;
09:17:42;5766;49,98;
09:17:45;5768;49,98;
09:17:48;5774;49,99;
09:17:51;5730;49,99;
09:17:54;5726;49,99;
09:17:57;5770;49,99;
09:18:03;5780;49,99;
09:18:06;5786;50,00;
09:18:09;5772;49,99;
09:18:12;5778;50,00;
09:18:15;5760;49,99;
09:18:18;5770;49,99;
09:18:21;5762;49,99;
09:18:24;5738;49,99;
09:18:27;5718;49,98;
09:18:30;5754;49,98;
09:18:33;5774;49,98;
09:18:36;5788;49,98;
09:18:39;5756;49,99;
09:18:42;5792;49,99;
09:18:45;5800;50,00;
09:18:48;5816;49,99;
09:18:51;5800;49,99;
09:18:54;5826;49,99;
09:18:57;5822;50,00;
09:19:00;5838;50,00;
09:19:03;5822;50,00;
09:19:09;5844;50,00;
09:19:12;5852;50,00;
09:19:15;5834;50,00;
09:19:18;5860;50,00;
09:19:21;5854;49,99;
09:19:24;5872;49,99;
09:19:27;5878;49,98;
09:19:30;5860;49,98;
09:19:33;5872;49,97;
09:19:36;5882;49,96;
09:19:39;5864;49,97;
09:19:42;5892;49,97;
09:19:45;5874;49,98;
09:19:48;5888;49,98;
09:19:54;5884;49,99;
09:19:57;5878;49,99;
09:20:00;5904;49,99;
09:20:03;5882;49,99;
09:20:06;5894;50,00;
09:20:15;5912;49,99;
09:20:18;5896;49,99;
09:20:21;5920;49,99;
09:20:24;5918;49,99;
09:20:27;5910;49,98;
09:20:30;5938;49,98;
09:20:33;5942;49,98;
09:20:36;5932;49,98;
09:20:39;5918;49,98;
09:20:42;5942;49,98;
09:20:45;5924;49,98;
09:20:48;5944;49,99;
09:20:54;5956;49,99;
09:20:57;5928;49,99;
09:21:00;5868;50,00;
09:21:03;5806;50,00;
09:21:06;5804;50,00;
09:21:09;5832;49,99;
09:21:12;5866;49,98;
09:21:15;5808;49,98;
09:21:18;5746;49,97;
09:21:21;5730;49,97;
09:21:24;5750;49,97;
09:21:27;5722;49,97;
09:21:30;5680;49,97;
09:21:33;5668;49,97;
09:21:36;5568;49,97;
09:21:39;5588;49,97;
09:21:42;5604;49,97;
09:21:45;5660;49,97;
09:21:48;5578;49,97;
09:21:51;5516;49,97;
09:21:54;5276;49,98;
09:21:57;5240;49,98;
09:22:00;5150;49,98;
09:22:06;5108;49,99;
09:22:09;5198;49,99;
09:22:12;5396;50,00;
09:22:15;5448;50,00;
09:22:18;5286;50,00;
09:22:21;5274;50,00;
09:22:24;5246;50,00;
09:22:27;5332;50,00;
09:22:30;6030;49,99;
09:22:33;6164;49,99;
09:22:36;6174;49,98;
09:22:39;6200;49,98;
09:22:42;6192;49,98;
09:22:45;6142;49,98;
09:22:48;6174;49,98;
09:22:51;6166;49,98;
09:22:54;6152;49,99;
09:22:57;6166;49,99;
09:23:00;6146;50,00;
09:23:03;6150;50,00;
09:23:06;6068;50,00;
09:23:12;5554;50,00;
09:23:15;5764;50,00;
09:23:18;5564;50,00;
09:23:21;5818;50,00;
09:23:24;5738;50,00;
09:23:27;5702;50,00;
09:23:30;5690;50,00;
09:23:33;5570;50,00;
09:23:36;5944;49,99;
09:23:39;5928;49,99;
09:23:42;5886;49,99;
09:23:45;5778;49,99;
09:23:48;5568;49,99;
09:23:51;5476;50,00;
09:23:54;5374;49,99;
09:23:57;5280;49,99;
09:24:00;5492;49,99;
09:24:03;5592;49,99;
09:24:06;5602;50,00;
09:24:09;5570;50,00;
09:24:12;5622;50,00;
09:24:18;5706;49,99;
09:24:21;5776;49,99;
09:24:24;5970;50,00;
09:24:27;5956;49,99;
09:24:30;6022;50,00;
09:24:33;6040;50,00;
09:24:36;6042;50,00;
09:24:39;6048;50,00;
09:24:42;6020;49,99;
09:24:45;5998;49,99;
09:24:48;5998;49,98;
09:24:51;5970;49,98;
09:24:57;5942;49,98;
09:25:00;5956;49,99;
09:25:03;5954;49,99;
09:25:06;5976;49,99;
09:25:12;5964;49,98;
09:25:15;5946;49,98;
09:25:18;5980;49,98;
09:25:24;6016;49,99;
09:25:27;6034;49,99;
09:25:30;6048;49,99;
09:25:33;5876;49,99;
09:25:36;5296;50,00;
09:25:39;2522;50,00;
09:25:42;1387;50,00;
09:25:45;1274;50,00;
09:25:48;1263;50,00;
09:25:51;1314;50,00;
09:25:54;1306;50,00;
09:25:57;1355;50,00;
09:26:00;1359;50,00;
09:26:03;1368;50,00;
09:26:09;1415;50,00;
09:26:12;1425;50,00;
09:26:15;1455;49,99;
09:26:18;1476;49,99;
09:26:21;1611;49,98;
09:26:24;1975;49,98;
09:26:27;2978;49,98;
09:26:30;4158;49,98;
09:26:33;6440;49,98;
09:26:36;6462;49,98;
09:26:39;6446;49,98;
09:26:42;6410;49,98;
09:26:45;5096;49,98;
09:26:48;3334;49,98;
09:26:51;2331;49,98;
09:26:54;2463;49,99;
09:26:57;5640;49,98;
09:27:00;6400;49,98;
09:27:03;6418;49,98;
09:27:06;6370;49,98;
09:27:09;6358;49,98;
09:27:15;6284;49,98;
09:27:18;6308;49,98;
09:27:21;6344;49,98;
09:27:24;6322;49,98;
09:27:27;6334;49,98;
09:27:30;6388;49,97;
09:27:33;6404;49,97;
09:27:36;6378;49,97;
09:27:39;6224;49,97;
09:27:42;6168;49,97;
09:27:45;6226;49,97;
09:27:48;6356;49,97;
09:27:51;5974;49,98;
09:27:54;6276;49,98;
09:27:57;6368;49,98;
09:28:00;6396;49,98;
09:28:03;6410;49,98;
09:28:06;6408;49,99;
09:28:09;6406;49,99;
09:28:12;6394;49,99;
09:28:15;6402;49,99;
09:28:21;6406;49,99;
09:28:24;6404;49,99;
09:28:27;6396;49,98;
09:28:30;6386;49,98;
09:28:33;6388;49,98;
09:28:36;6382;49,98;
09:28:39;6368;49,98;
09:28:42;6376;49,98;
09:28:45;6352;49,98;
09:28:48;6348;49,98;
09:28:51;6314;49,98;
09:28:54;6260;49,98;
09:28:57;5786;49,98;
09:29:00;5528;49,98;
09:29:03;3662;49,98;
09:29:06;1631;49,99;
09:29:09;1404;50,00;
09:29:12;1379;50,00;
09:29:15;1366;50,00;
09:29:18;1366;49,99;
09:29:21;1375;49,99;
09:29:27;2440;49,98;
09:29:30;3958;49,98;
09:29:33;6318;49,98;
09:29:36;6246;49,98;
09:29:39;6318;49,99;
09:29:42;6324;49,99;
09:29:45;6348;49,99;
09:29:48;6320;50,00;
09:29:51;5542;50,00;
09:29:54;5044;50,01;
09:29:57;4180;50,00;
09:30:00;3468;50,00;
09:30:03;5604;49,99;
09:30:06;5352;49,99;
09:30:09;4830;49,99;
09:30:12;6484;49,98;
09:30:15;6492;49,98;
09:30:18;6374;49,98;
09:30:21;6462;49,97;
09:30:24;6312;49,98;
09:30:27;6368;49,97;
09:30:30;6266;49,98;
09:30:33;5850;49,98;
09:30:36;5942;49,97;
09:30:39;5880;49,97;
09:30:42;3727;49,97;
09:30:45;2802;49,97;
09:30:48;2063;49,97;
09:30:51;1982;49,97;
09:30:54;2282;49,97;
09:30:57;6492;49,98;
09:31:00;6504;49,98;
09:31:03;6448;49,98;
09:31:06;6462;49,98;
09:31:09;6490;49,98;
09:31:12;6474;49,98;
09:31:18;6472;49,98;
09:31:21;6490;49,98;
09:31:24;6468;49,98;
09:31:27;6472;49,98;
09:31:30;6474;49,98;
09:31:33;6498;49,98;
09:31:36;6490;49,98;
09:31:39;6482;49,98;
09:31:42;6450;49,98;
09:31:45;6446;49,98;
09:31:51;6452;49,98;
09:31:54;6450;49,99;
09:31:57;6456;49,99;
09:32:00;6488;49,99;
09:32:03;6516;49,99;
09:32:06;6528;49,99;
09:32:09;6528;49,98;
09:32:12;6504;49,98;
09:32:15;6532;49,98;
09:32:18;6548;49,98;
09:32:24;6572;49,99;
09:32:27;6584;49,99;
09:32:30;6602;49,99;
09:32:33;6606;49,99;
09:32:36;6550;49,99;
09:32:39;6460;49,99;
09:32:42;6350;50,00;
09:32:45;6446;50,00;
09:32:48;6430;50,00;
09:32:51;6378;50,01;
09:32:54;6540;50,00;
09:32:57;6626;50,00;
09:33:00;6618;50,00;
09:33:03;6622;50,01;
09:33:06;6592;50,01;
09:33:09;6606;50,01;
09:33:12;6582;50,01;
09:33:15;6566;50,01;
09:33:18;6474;50,00;
09:33:21;6420;50,01;
09:33:24;6606;50,00;
09:33:30;6564;49,99;
09:33:33;6606;49,99;
09:33:36;6620;49,99;
09:33:39;6616;49,98;
09:33:42;6650;49,99;
09:33:45;6648;49,99;
09:33:48;6668;50,00;
09:33:51;6672;50,00;
09:33:54;6670;50,00;
09:33:57;6700;50,00;
09:34:00;6696;49,99;
09:34:03;6712;49,99;
09:34:06;6688;49,98;
09:34:09;6638;49,98;
09:34:12;6480;49,98;
09:34:15;6730;49,99;
09:34:18;6764;49,99;
09:34:21;6768;49,99;
09:34:24;6776;49,99;
09:34:27;6780;49,99;
09:34:30;6224;49,98;
09:34:36;5808;49,97;
09:34:39;5720;49,97;
09:34:42;6100;49,97;
09:34:45;6282;49,97;
09:34:48;6340;49,97;
09:34:51;3985;49,97;
09:34:54;4190;49,97;
09:34:57;6110;49,97;
09:35:00;6634;49,97;
09:35:03;6802;49,97;
09:35:06;6810;49,97;
09:35:09;6816;49,97;
09:35:12;6900;49,97;
09:35:15;6904;49,98;
09:35:21;6976;49,98;
09:35:24;6986;49,99;
09:35:27;7014;49,99;
09:35:30;7004;49,99;
09:35:33;7022;49,98;
09:35:36;7030;49,98;
09:35:39;7034;49,98;
09:35:42;7036;49,98;
09:35:45;7042;49,97;
09:35:48;7052;49,97;
09:35:51;7062;49,97;
09:35:54;7066;49,97;
09:35:57;7068;49,98;
09:36:00;7062;49,99;
09:36:03;7056;49,99;
09:36:06;7112;50,00;
09:36:09;7146;50,00;
09:36:12;7166;50,00;
09:36:15;7208;50,00;
09:36:18;7220;50,00;
09:36:21;7238;50,00;
09:36:27;7232;49,99;
09:36:30;7282;50,00;
09:36:33;7266;50,00;
09:36:36;7270;50,00;
09:36:39;7194;50,00;
09:36:42;7244;50,00;
09:36:45;7264;50,00;
09:36:48;7340;49,99;
09:36:51;7332;49,99;
09:36:54;7180;49,98;
09:36:57;7164;49,99;
09:37:00;6962;49,99;
09:37:03;3253;49,99;
09:37:06;2916;49,99;
09:37:09;2733;49,99;
09:37:12;4834;49,99;
09:37:15;7188;49,98;
09:37:18;7214;49,97;
09:37:21;6484;49,97;
09:37:24;5966;49,96;
09:37:27;6966;49,96;
09:37:33;7324;49,97;
09:37:36;7298;49,97;
09:37:39;5792;49,97;
09:37:42;5066;49,97;
09:37:45;5146;49,97;
09:37:48;6640;49,97;
09:37:51;7082;49,97;
09:37:54;7144;49,97;
09:37:57;7120;49,97;
09:38:00;7076;49,97;
09:38:03;7170;49,96;
09:38:09;7258;49,96;
09:38:12;7264;49,96;
09:38:15;7280;49,97;
09:38:18;7270;49,97;
09:38:21;6918;49,97;
09:38:24;6466;49,97;
09:38:27;3605;49,96;
09:38:30;3729;49,96;
09:38:33;4882;49,97;
09:38:39;7154;49,97;
09:38:42;7120;49,97;
09:38:45;7156;49,97;
09:38:48;7172;49,97;
09:38:54;7160;49,97;
09:38:57;7146;49,97;
09:39:00;7128;49,98;
09:39:03;7094;49,99;
09:39:06;7110;49,99;
09:39:09;7076;50,00;
09:39:12;7104;50,00;
09:39:15;6816;50,00;
09:39:18;6520;50,00;
09:39:21;6702;49,99;
09:39:24;7070;49,98;
09:39:27;7080;49,98;
09:39:30;7048;49,98;
09:39:33;7062;49,98;
09:39:36;7044;49,97;
09:39:39;7020;49,97;
09:39:42;7022;49,97;
09:39:45;6994;49,97;
09:39:48;6880;49,96;
09:39:51;6948;49,96;
09:39:54;6884;49,97;
09:39:57;6706;49,97;
09:40:00;6172;49,98;
09:40:03;6198;49,98;
09:40:06;6460;49,98;
09:40:09;6910;49,99;
09:40:12;6878;49,98;
09:40:15;6938;49,98;
09:40:18;6836;49,97;
09:40:21;6812;49,97;
09:40:24;6904;49,97;
09:40:30;6964;49,97;
09:40:33;6970;49,97;
09:40:36;6940;49,97;
09:40:39;6898;49,97;
09:40:42;6898;49,96;
09:40:45;6960;49,96;
09:40:48;6998;49,97;
09:40:51;7044;49,97;
09:40:54;7128;49,97;
09:40:57;7178;49,98;
09:41:00;7028;49,97;
09:41:03;7088;49,97;
09:41:06;7136;49,97;
09:41:09;7116;49,97;
09:41:12;7128;49,97;
09:41:15;7196;49,97;
09:41:18;7238;49,97;
09:41:21;7296;49,98;
09:41:24;7338;49,97;
09:41:27;7356;49,98;
09:41:30;7404;49,98;
09:41:36;7364;49,98;
09:41:39;7250;49,97;
09:41:42;6828;49,97;
09:41:45;6988;49,98;
09:41:48;7246;49,97;
09:41:51;7340;49,97;
09:41:54;7464;49,97;
09:41:57;7486;49,97;
09:42:00;7470;49,96;
09:42:03;7466;49,96;
09:42:06;7572;49,98;
09:42:09;7564;49,98;
09:42:12;7552;49,98;
09:42:15;7508;49,99;
09:42:18;7508;49,98;
09:42:21;7448;49,98;
09:42:24;7426;49,98;
09:42:27;7360;49,98;
09:42:30;7158;49,98;
09:42:33;7132;49,98;
09:42:36;6908;49,98;
09:42:42;6692;49,97;
09:42:45;6762;49,98;
09:42:48;6878;49,97;
09:42:51;6838;49,98;
09:42:54;6774;49,98;
09:42:57;6854;49,98;
09:43:00;6774;49,98;
09:43:03;6512;49,98;
09:43:06;6644;49,98;
09:43:09;6666;49,98;
09:43:12;6636;49,98;
09:43:15;6582;49,97;
09:43:18;6598;49,98;
09:43:21;6570;49,97;
09:43:24;6504;49,98;
09:43:27;6430;49,98;
09:43:30;6396;49,98;
09:43:33;6384;49,98;
09:43:36;6322;49,97;
09:43:39;6296;49,97;
09:43:42;6220;49,97;
09:43:48;6168;49,98;
09:43:51;6250;49,98;
09:43:54;6362;49,98;
09:43:57;6450;49,98;
09:44:00;6484;49,98;
09:44:03;6420;49,98;
09:44:06;6352;49,99;
09:44:09;6248;49,99;
09:44:12;4770;49,98;
09:44:15;4526;49,98;
09:44:18;6126;49,98;
09:44:21;6504;49,98;
09:44:24;6466;49,98;
09:44:27;6342;49,97;
09:44:33;5898;49,96;
09:44:36;5310;49,96;
09:44:39;3952;49,96;
09:44:42;2668;49,97;
09:44:45;2418;49,97;
09:44:48;2403;49,97;
09:44:51;2406;49,97;
09:44:54;2396;49,97;
09:44:57;2443;49,97;
09:45:00;2482;49,97;
09:45:03;3156;49,98;
09:45:06;3132;49,98;
09:45:09;2992;49,99;
09:45:12;3562;49,98;
09:45:15;4224;49,98;
09:45:18;4516;49,99;
09:45:21;3977;49,99;
09:45:24;4400;49,99;
09:45:27;4314;49,99;
09:45:30;3494;49,98;
09:45:33;3416;49,98;
09:45:39;5634;49,98;
09:45:42;5576;49,99;
09:45:45;5554;49,99;
09:45:48;5546;50,00;
09:45:51;5584;50,00;
09:45:54;5522;49,99;
09:45:57;5494;49,99;
09:46:00;5400;50,00;
09:46:03;5430;50,00;
09:46:06;5436;50,00;
09:46:09;5394;50,00;
09:46:12;5400;50,00;
09:46:15;5320;50,00;
09:46:18;5208;50,00;
09:46:21;5210;49,99;
09:46:24;5310;49,99;
09:46:27;5384;49,99;
09:46:30;5456;49,99;
09:46:33;5642;49,99;
09:46:36;5636;49,99;
09:46:39;5618;49,99;
09:46:45;5404;49,99;
09:46:48;5456;49,99;
09:46:51;5618;49,98;
09:46:54;5600;49,98;
09:46:57;5598;49,98;
09:47:00;5556;49,98;
09:47:03;5636;49,98;
09:47:06;5796;49,98;
09:47:09;5900;49,98;
09:47:12;6020;49,98;
09:47:15;6208;49,98;
09:47:18;6234;49,98;
09:47:21;6334;49,98;
09:47:24;6304;49,98;
09:47:27;6164;49,98;
09:47:30;5900;49,99;
09:47:33;5818;49,99;
09:47:36;5864;49,99;
09:47:39;5860;49,99;
09:47:42;5782;50,00;
09:47:45;5758;50,00;
09:47:51;6320;50,00;
09:47:54;6882;50,00;
09:47:57;7520;50,01;
09:48:00;7634;50,01;
09:48:03;7858;50,00;
09:48:06;7870;50,00;
09:48:09;7846;50,00;
09:48:12;7844;50,00;
09:48:15;7904;50,00;
09:48:18;7874;50,00;
09:48:21;7876;50,00;
09:48:24;7902;49,99;
09:48:27;8006;49,99;
09:48:30;8098;49,98;
09:48:36;8010;49,98;
09:48:39;7964;49,98;
09:48:42;7974;49,98;
09:48:45;7976;49,98;
09:48:48;7940;49,98;
09:48:51;7872;49,98;
09:48:54;7868;49,99;
09:48:57;7914;49,99;
09:49:00;8004;50,00;
09:49:03;8024;50,00;
09:49:06;8088;50,00;
09:49:12;8208;50,00;
09:49:15;8168;50,00;
09:49:18;8182;50,00;
09:49:21;8150;49,99;
09:49:24;8120;49,99;
09:49:27;8108;49,99;
09:49:30;8106;49,98;
09:49:33;8108;49,98;
09:49:36;8020;49,98;
09:49:42;8086;49,98;
09:49:45;8034;49,98;
09:49:48;7776;49,98;
09:49:51;7630;49,98;
09:49:54;7412;49,99;
09:49:57;7254;49,99;
09:50:00;7164;49,99;
09:50:03;7206;49,98;
09:50:06;7474;49,99;
09:50:09;7380;49,99;
09:50:12;6972;49,99;
09:50:15;6900;49,99;
09:50:18;6486;49,99;
09:50:21;6280;49,99;
09:50:24;6084;49,99;
09:50:27;5530;49,99;
09:50:30;4878;49,98;
09:50:33;4692;49,99;
09:50:36;4408;49,99;
09:50:39;4280;49,98;
09:50:42;4034;49,98;
09:50:48;3663;49,98;
09:50:51;3589;49,98;
09:50:57;3668;49,98;
09:51:00;4028;49,99;
09:51:03;4136;49,99;
09:51:06;4190;49,99;
09:51:09;4192;49,98;
09:51:12;3955;49,98;
09:51:15;3942;49,98;
09:51:18;3827;49,98;
09:51:21;3815;49,98;
09:51:24;3748;49,97;
09:51:27;3832;49,96;
09:51:30;3929;49,96;
09:51:33;3968;49,96;
09:51:36;3995;49,96;
09:51:39;3954;49,96;
09:51:42;3866;49,97;
09:51:45;3931;49,97;
09:51:48;4049;49,96;
09:51:54;4098;49,97;
09:51:57;4096;49,97;
09:52:00;4087;49,98;
09:52:03;4146;49,98;
09:52:06;4200;50,00;
09:52:09;4216;50,00;
09:52:12;4182;50,00;
09:52:15;4087;50,00;
09:52:18;3974;50,00;
09:52:21;4052;50,00;
09:52:24;4045;50,00;
09:52:27;3979;50,00;
09:52:30;3897;49,99;
09:52:33;3962;49,99;
09:52:36;3986;49,99;
09:52:39;4044;49,99;
09:52:42;4088;49,99;
09:52:48;4104;49,98;
09:52:51;4096;49,99;
09:52:54;3952;49,99;
09:53:00;3838;49,99;
09:53:03;3790;49,99;
09:53:06;3875;49,99;
09:53:09;3987;50,00;
09:53:12;4012;50,00;
09:53:15;4110;50,00;
09:53:18;4152;50,00;
09:53:21;4128;50,00;
09:53:24;4104;50,00;
09:53:27;4110;50,00;
09:53:30;4090;50,00;
09:53:33;4080;50,00;
09:53:36;4024;50,00;
09:53:39;3993;50,00;
09:53:45;4110;50,00;
09:53:48;4095;50,00;
09:53:51;4034;50,00;
09:53:54;3918;50,00;
09:53:57;3773;50,00;
09:54:00;3456;50,00;
09:54:03;2917;50,00;
09:54:06;2733;50,00;
09:54:09;2821;50,00;
09:54:12;3165;50,00;
09:54:15;3608;50,00;
09:54:18;3468;50,00;
09:54:21;3209;50,00;
09:54:24;3537;49,99;
09:54:27;3548;49,99;
09:54:30;2664;49,98;
09:54:33;2578;49,98;
09:54:36;2565;49,98;
09:54:39;2564;49,98;
09:54:42;2555;49,98;
09:54:45;2560;49,99;
09:54:51;2558;50,01;
09:54:54;2573;50,01;
09:54:57;2568;50,01;
09:55:00;2580;50,01;
09:55:03;2574;50,01;
09:55:06;2601;50,01;
09:55:09;2610;50,00;
09:55:12;2613;50,00;
09:55:15;2637;49,99;
09:55:18;2661;50,00;
09:55:21;2682;49,99;
09:55:24;2699;50,00;
09:55:27;2721;50,00;
09:55:30;2749;50,00;
09:55:33;2771;50,00;
09:55:36;2829;50,00;
09:55:39;2930;50,00;
09:55:42;3257;50,00;
09:55:45;3964;49,99;
09:55:48;3958;50,00;
09:55:51;3813;49,99;
09:55:57;3885;49,99;
09:56:00;3923;49,99;
09:56:03;3996;49,99;
09:56:06;4048;50,00;
09:56:09;4164;50,00;
09:56:12;4256;49,99;
09:56:15;4294;49,99;
09:56:18;4298;49,99;
09:56:21;4438;49,99;
09:56:24;4428;49,99;
09:56:27;4438;49,99;
09:56:30;4410;49,99;
09:56:33;4364;49,99;
09:56:36;4432;49,98;
09:56:39;4552;49,98;
09:56:42;4988;49,99;
09:56:45;5234;50,00;
09:56:48;5266;50,00;
09:56:51;5642;50,00;
09:56:54;6038;50,00;
09:56:57;6168;50,00;
09:57:03;5780;50,00;
09:57:06;5838;50,00;
09:57:09;5990;50,00;
09:57:12;6156;50,00;
09:57:15;6284;50,00;
09:57:18;6212;49,99;
09:57:21;6464;49,99;
09:57:24;6758;49,99;
09:57:27;6868;49,98;
09:57:30;6914;49,98;
09:57:33;6878;49,98;
09:57:36;6972;49,98;
09:57:39;7056;49,98;
09:57:42;7412;49,98;
09:57:48;7402;49,98;
09:57:51;7456;49,98;
09:57:54;7204;49,98;
09:57:57;7248;49,98;
09:58:00;7504;49,99;
09:58:03;7544;49,99;
09:58:06;7592;50,00;
09:58:09;7616;50,00;
09:58:12;7580;50,00;
09:58:15;7456;50,00;
09:58:18;7206;50,00;
09:58:21;6736;49,99;
09:58:24;4764;49,99;
09:58:27;4071;49,99;
09:58:30;4168;49,98;
09:58:33;4570;49,99;
09:58:36;5104;49,98;
09:58:39;5818;49,98;
09:58:42;6506;49,98;
09:58:45;6530;49,98;
09:58:48;6452;49,98;
09:58:54;6694;49,98;
09:58:57;6508;49,98;
09:59:00;6230;49,98;
09:59:03;6126;49,98;
09:59:06;6078;49,98;
09:59:09;6140;49,98;
09:59:12;6110;49,98;
09:59:15;6028;49,98;
09:59:18;5696;49,97;
09:59:21;5466;49,97;
09:59:24;5138;49,97;
09:59:27;5046;49,98;
09:59:30;4796;49,98;
09:59:33;4664;49,98;
09:59:36;4516;49,98;
09:59:39;4254;49,97;
09:59:42;4378;49,97;
09:59:45;4438;49,97;
09:59:48;4758;49,97;
09:59:51;5008;49,97;
09:59:54;5426;49,98;
10:00:00;5916;49,97;
10:00:03;5994;49,97;
10:00:06;5976;49,97;
10:00:09;5990;49,96;
10:00:12;5756;49,96;
10:00:15;5462;49,96;
10:00:18;5086;49,97;
10:00:21;4280;49,97;
10:00:24;3463;49,98;
10:00:27;3372;49,98;
10:00:30;3285;49,98;
10:00:33;3250;49,98;
10:00:36;3254;49,97;
10:00:42;3251;49,97;
10:00:45;3280;49,96;
10:00:48;3310;49,96;
10:00:51;3342;49,96;
10:00:54;3434;49,96;
10:00:57;3546;49,96;
10:01:00;5528;49,96;
10:01:06;6030;49,97;
10:01:09;6128;49,97;
10:01:12;6234;49,98;
10:01:15;6220;49,97;
10:01:18;6152;49,97;
10:01:21;6136;49,97;
10:01:24;6132;49,97;
10:01:27;6094;49,97;
10:01:30;5948;49,96;
10:01:33;5934;49,96;
10:01:36;6330;49,96;
10:01:39;6482;49,96;
10:01:42;6454;49,96;
10:01:45;6456;49,97;
10:01:48;6476;49,97;
10:01:51;6414;49,98;
10:01:54;6272;49,98;
10:01:57;6262;49,98;
10:02:00;6070;49,97;
10:02:03;6086;49,98;
10:02:06;6178;49,98;
10:02:12;6150;49,98;
10:02:15;6168;49,98;
10:02:18;6170;49,99;
10:02:21;6134;49,98;
10:02:24;6100;49,98;
10:02:27;6014;49,98;
10:02:30;5938;49,97;
10:02:33;5840;49,98;
10:02:36;5820;49,97;
10:02:39;5714;49,97;
10:02:42;5636;49,96;
10:02:45;5634;49,96;
10:02:48;5712;49,96;
10:02:51;5828;49,96;
10:02:57;5872;49,96;
10:03:00;5914;49,96;
10:03:03;5794;49,97;
10:03:06;5710;49,97;
10:03:09;5620;49,97;
10:03:12;5536;49,97;
10:03:15;5504;49,96;
10:03:18;5432;49,96;
10:03:21;5344;49,96;
10:03:24;5372;49,96;
10:03:27;5336;49,96;
10:03:30;5162;49,96;
10:03:33;5030;49,96;
10:03:36;4990;49,96;
10:03:42;4984;49,96;
10:03:45;5044;49,96;
10:03:48;5028;49,96;
10:03:51;4940;49,96;
10:03:54;4826;49,96;
10:03:57;4704;49,95;
10:04:03;4614;49,94;
10:04:06;4602;49,94;
10:04:09;4596;49,94;
10:04:12;4592;49,94;
10:04:15;4548;49,95;
10:04:18;4428;49,96;
10:04:21;4360;49,95;
10:04:24;4344;49,95;
10:04:27;4400;49,95;
10:04:30;4372;49,95;
10:04:33;4386;49,94;
10:04:36;4324;49,94;
10:04:39;4302;49,94;
10:04:42;4334;49,94;
10:04:45;4354;49,94;
10:04:48;4448;49,94;
10:04:51;4396;49,94;
10:04:54;4434;49,94;
10:04:57;4546;49,95;
10:05:00;4530;49,95;
10:05:03;4460;49,95;
10:05:09;4494;49,95;
10:05:12;4522;49,94;
10:05:15;4484;49,94;
10:05:18;4460;49,94;
10:05:21;4360;49,94;
10:05:24;4256;49,95;
10:05:27;4164;49,95;
10:05:30;4162;49,94;
10:05:33;4100;49,95;
10:05:36;4083;49,95;
10:05:39;4078;49,95;
10:05:42;4081;49,95;
10:05:45;4074;49,95;
10:05:48;4043;49,95;
10:05:51;4007;49,95;
10:05:54;4039;49,94;
10:05:57;3996;49,94;
10:06:00;3984;49,94;
10:06:03;4033;49,94;
10:06:06;4072;49,94;
10:06:09;4069;49,95;
10:06:15;4081;49,96;
10:06:18;4078;49,96;
10:06:21;4091;49,96;
10:06:24;4102;49,97;
10:06:27;4074;49,96;
10:06:30;4044;49,96;
10:06:33;3943;49,96;
10:06:36;3746;49,96;
10:06:39;3537;49,96;
10:06:42;3548;49,96;
10:06:45;3499;49,96;
10:06:48;3479;49,96;
10:06:51;3570;49,96;
10:06:54;3766;49,96;
10:07:00;3575;49,95;
10:07:03;3484;49,95;
10:07:06;3438;49,95;
10:07:09;3541;49,95;
10:07:12;3812;49,96;
10:07:15;3863;49,96;
10:07:18;3865;49,96;
10:07:21;3902;49,96;
10:07:24;3945;49,96;
10:07:27;3897;49,96;
10:07:30;3859;49,96;
10:07:33;3870;49,96;
10:07:36;3874;49,96;
10:07:39;3866;49,95;
10:07:42;3861;49,95;
10:07:45;3903;49,94;
10:07:48;3919;49,94;
10:07:51;3789;49,94;
10:07:54;3804;49,95;
10:07:57;3812;49,95;
10:08:00;3776;49,95;
10:08:06;3732;49,94;
10:08:09;3568;49,94;
10:08:12;3423;49,95;
10:08:15;3329;49,95;
10:08:18;3197;49,95;
10:08:21;3226;49,95;
10:08:24;3313;49,95;
10:08:27;3285;49,94;
10:08:30;3029;49,95;
10:08:33;3020;49,96;
10:08:36;3027;49,96;
10:08:39;3077;49,96;
10:08:42;3362;49,96;
10:08:45;3391;49,95;
10:08:48;3334;49,96;
10:08:51;3543;49,95;
10:08:54;3610;49,96;
10:08:57;3608;49,96;
10:09:00;3441;49,96;
10:09:03;3473;49,96;
10:09:06;3486;49,96;
10:09:12;3348;49,96;
10:09:15;3281;49,96;
10:09:18;3288;49,96;
10:09:21;3335;49,96;
10:09:24;3380;49,96;
10:09:27;3407;49,96;
10:09:30;3424;49,96;
10:09:33;3361;49,96;
10:09:36;3205;49,95;
10:09:39;3111;49,96;
10:09:42;3015;49,96;
10:09:45;2998;49,96;
10:09:48;2987;49,96;
10:09:51;2977;49,96;
10:09:54;2970;49,96;
10:09:57;2993;49,96;
10:10:00;3047;49,96;
10:10:03;3193;49,95;
10:10:06;3392;49,96;
10:10:09;3413;49,95;
10:10:12;3356;49,96;
10:10:18;3082;49,96;
10:10:21;3087;49,96;
10:10:24;2997;49,96;
10:10:27;2977;49,96;
10:10:30;2953;49,96;
10:10:33;2942;49,95;
10:10:36;2938;49,95;
10:10:39;2919;49,95;
10:10:42;2898;49,95;
10:10:45;2905;49,95;
10:10:48;2892;49,95;
10:10:51;2899;49,96;
10:10:54;2892;49,96;
10:10:57;2902;49,95;
10:11:00;2910;49,96;
10:11:03;2924;49,96;
10:11:06;2943;49,97;
10:11:09;3002;49,98;
10:11:12;3061;49,98;
10:11:15;3306;49,98;
10:11:18;3484;49,98;
10:11:21;3326;49,98;
10:11:24;3078;49,98;
10:11:27;3093;49,97;
10:11:30;3162;49,97;
10:11:33;3491;49,97;
10:11:36;3623;49,97;
10:11:39;3671;49,97;
10:11:42;3627;49,97;
10:11:45;3572;49,96;
10:11:48;3476;49,96;
10:11:51;3303;49,96;
10:11:54;3239;49,96;
10:11:57;3298;49,96;
10:12:00;3347;49,97;
10:12:03;3206;49,97;
10:12:09;2870;49,96;
10:12:12;2803;49,96;
10:12:15;2727;49,96;
10:12:18;2718;49,96;
10:12:21;2682;49,97;
10:12:24;2684;49,97;
10:12:27;2684;49,98;
10:12:30;2690;49,98;
10:12:33;2732;49,98;
10:12:36;2776;49,97;
10:12:39;2938;49,97;
10:12:42;2959;49,97;
10:12:45;2871;49,97;
10:12:48;2946;49,96;
10:12:51;3008;49,96;
10:12:54;2920;49,97;
10:12:57;2721;49,97;
10:13:00;2764;49,97;
10:13:03;2850;49,97;
10:13:06;2933;49,97;
10:13:09;2869;49,98;
10:13:15;2745;49,98;
10:13:18;2626;49,98;
10:13:21;2578;49,97;
10:13:24;2691;49,96;
10:13:27;2823;49,96;
10:13:30;2782;49,96;
10:13:33;2763;49,95;
10:13:36;2692;49,95;
10:13:39;2711;49,95;
10:13:42;2718;49,95;
10:13:45;2658;49,96;
10:13:48;2579;49,96;
10:13:51;2470;49,96;
10:13:54;2469;49,96;
10:13:57;2460;49,96;
10:14:00;2451;49,96;
10:14:03;2431;49,96;
10:14:06;2441;49,96;
10:14:09;2431;49,96;
10:14:12;2436;49,96;
10:14:15;2425;49,96;
10:14:21;2425;49,97;
10:14:24;2430;49,97;
10:14:27;2417;49,97;
10:14:30;2430;49,97;
10:14:33;2422;49,96;
10:14:36;2431;49,96;
10:14:39;2432;49,96;
10:14:42;2424;49,96;
10:14:45;2442;49,96;
10:14:48;2465;49,97;
10:14:51;2515;49,97;
10:14:54;2520;49,98;
10:14:57;2536;49,98;
10:15:00;2556;49,98;
10:15:03;2566;49,98;
10:15:06;2526;49,97;
10:15:09;2538;49,97;
10:15:12;2553;49,97;
10:15:15;2496;49,97;
10:15:18;2468;49,98;
10:15:21;2466;49,98;
10:15:27;2461;49,97;
10:15:30;2452;49,97;
10:15:33;2459;49,97;
10:15:36;2455;49,96;
10:15:39;2459;49,96;
10:15:42;2457;49,96;
10:15:45;2468;49,96;
10:15:48;2472;49,96;
10:15:51;2481;49,96;
10:15:54;2486;49,96;
10:15:57;2501;49,96;
10:16:00;2522;49,96;
10:16:03;2560;49,97;
10:16:06;2633;49,97;
10:16:12;2787;49,97;
10:16:15;2655;49,97;
10:16:18;2574;49,96;
10:16:21;2569;49,96;
10:16:24;2548;49,96;
10:16:27;2549;49,96;
10:16:30;2547;49,96;
10:16:33;2539;49,96;
10:16:36;2549;49,96;
10:16:39;2559;49,96;
10:16:42;2560;49,96;
10:16:45;2576;49,96;
10:16:48;2585;49,96;
10:16:51;2596;49,96;
10:16:54;2606;49,96;
10:16:57;2628;49,96;
10:17:00;2646;49,96;
10:17:03;2650;49,96;
10:17:06;2674;49,97;
10:17:09;2702;49,96;
10:17:12;2744;49,97;
10:17:18;2936;49,97;
10:17:21;3038;49,97;
10:17:24;2864;49,97;
10:17:27;2839;49,97;
10:17:30;2876;49,98;
10:17:33;2884;49,98;
10:17:36;2894;49,98;
10:17:39;2930;49,98;
10:17:42;2874;49,98;
10:17:45;2819;49,98;
10:17:48;2843;49,97;
10:17:51;2865;49,97;
10:17:54;2873;49,97;
10:17:57;2887;49,97;
10:18:00;2892;49,96;
10:18:03;2905;49,97;
10:18:06;2961;49,96;
10:18:09;2989;49,97;
10:18:12;3182;49,96;
10:18:15;3444;49,96;
10:18:18;3809;49,96;
10:18:24;4043;49,96;
10:18:27;4018;49,96;
10:18:30;3983;49,97;
10:18:33;3953;49,97;
10:18:36;3783;49,97;
10:18:39;3790;49,97;
10:18:42;3977;49,97;
10:18:45;4150;49,97;
10:18:48;4182;49,97;
10:18:51;4166;49,97;
10:18:54;4057;49,98;
10:18:57;3957;49,98;
10:19:00;3921;49,98;
10:19:03;3900;49,98;
10:19:06;3884;49,98;
10:19:09;3847;49,97;
10:19:12;3810;49,97;
10:19:15;3799;49,96;
10:19:18;3870;49,96;
10:19:21;3862;49,96;
10:19:24;3792;49,96;
10:19:30;3469;49,97;
10:19:33;3415;49,97;
10:19:36;3388;49,97;
10:19:39;3447;49,97;
10:19:42;4015;49,96;
10:19:45;4108;49,96;
10:19:48;4214;49,96;
10:19:51;4424;49,96;
10:19:54;4398;49,96;
10:19:57;4306;49,96;
10:20:00;3888;49,96;
10:20:03;3618;49,96;
10:20:06;3490;49,96;
10:20:09;3425;49,96;
10:20:15;3419;49,96;
10:20:18;3441;49,97;
10:20:21;3590;49,97;
10:20:24;4046;49,97;
10:20:27;4424;49,96;
10:20:30;4384;49,96;
10:20:33;4358;49,96;
10:20:36;4302;49,96;
10:20:39;4458;49,96;
10:20:42;4402;49,96;
10:20:45;4402;49,97;
10:20:48;4468;49,97;
10:20:51;4496;49,96;
10:20:54;4426;49,97;
10:20:57;4416;49,96;
10:21:00;4286;49,96;
10:21:03;4078;49,96;
10:21:06;3986;49,97;
10:21:09;3868;49,97;
10:21:12;3901;49,97;
10:21:15;3960;49,97;
10:21:21;4244;49,97;
10:21:24;4426;49,97;
10:21:27;4308;49,97;
10:21:30;4162;49,96;
10:21:33;4158;49,96;
10:21:36;4216;49,96;
10:21:39;4344;49,96;
10:21:42;4482;49,96;
10:21:45;5086;49,97;
10:21:48;5140;49,97;
10:21:51;5086;49,97;
10:21:54;4822;49,97;
10:21:57;4686;49,97;
10:22:00;4554;49,97;
10:22:03;4656;49,97;
10:22:06;4932;49,98;
10:22:09;5182;49,98;
10:22:12;5346;49,98;
10:22:15;5406;49,98;
10:22:18;5486;49,98;
10:22:21;5548;49,97;
10:22:27;5738;49,97;
10:22:30;5866;49,97;
10:22:33;5994;49,97;
10:22:36;6336;49,97;
10:22:39;6192;49,96;
10:22:42;6092;49,97;
10:22:45;6160;49,97;
10:22:48;6308;49,97;
10:22:51;4212;49,98;
10:22:54;3936;49,98;
10:22:57;3873;49,98;
10:23:00;3688;49,98;
10:23:03;3522;49,98;
10:23:06;3474;49,98;
10:23:09;3426;49,98;
10:23:12;3371;49,98;
10:23:15;3332;49,98;
10:23:18;3319;49,98;
10:23:21;3297;49,97;
10:23:24;3280;49,97;
10:23:27;3275;49,97;
10:23:33;3264;49,96;
10:23:36;3260;49,96;
10:23:39;3257;49,96;
10:23:42;3256;49,96;
10:23:45;3257;49,95;
10:23:48;3259;49,95;
10:23:51;3253;49,95;
10:23:54;3268;49,95;
10:23:57;3304;49,96;
10:24:00;3356;49,96;
10:24:03;3380;49,96;
10:24:06;3398;49,96;
10:24:09;3423;49,96;
10:24:12;3447;49,96;
10:24:15;3448;49,96;
10:24:18;3438;49,96;
10:24:21;3528;49,96;
10:24:24;3466;49,96;
10:24:27;3496;49,96;
10:24:30;3565;49,96;
10:24:33;3632;49,96;
10:24:39;3882;49,96;
10:24:42;3699;49,96;
10:24:45;3539;49,97;
10:24:48;3585;49,97;
10:24:51;3762;49,96;
10:24:54;3732;49,96;
10:24:57;3487;49,96;
10:25:00;3609;49,96;
10:25:03;3714;49,97;
10:25:06;3723;49,97;
10:25:09;3786;49,96;
10:25:12;3479;49,96;
10:25:15;3452;49,96;
10:25:18;3549;49,96;
10:25:24;3219;49,97;
10:25:27;3183;49,97;
10:25:30;3162;49,96;
10:25:33;3185;49,96;
10:25:36;3195;49,96;
10:25:39;3228;49,97;
10:25:42;3260;49,97;
10:25:45;3304;49,97;
10:25:48;3336;49,97;
10:25:51;3361;49,97;
10:25:54;3388;49,97;
10:25:57;3330;49,98;
10:26:00;3288;49,97;
10:26:03;3279;49,97;
10:26:06;3267;49,97;
10:26:09;3332;49,97;
10:26:12;3747;49,96;
10:26:15;3899;49,96;
10:26:18;3923;49,96;
10:26:21;3768;49,96;
10:26:24;3759;49,96;
10:26:30;3823;49,96;
10:26:33;3794;49,96;
10:26:36;3766;49,96;
10:26:39;3898;49,96;
10:26:42;3568;49,97;
10:26:45;3538;49,96;
10:26:48;3599;49,96;
10:26:51;3526;49,96;
10:26:54;3737;49,97;
10:26:57;3823;49,96;
10:27:00;3845;49,97;
10:27:03;3901;49,96;
10:27:06;3528;49,97;
10:27:09;3555;49,97;
10:27:12;3708;49,97;
10:27:15;3146;49,98;
10:27:18;2949;49,98;
10:27:21;2938;49,99;
10:27:24;2913;49,99;
10:27:27;2908;49,99;
10:27:30;2916;49,99;
10:27:36;2893;49,98;
10:27:42;2877;49,97;
10:27:45;2887;49,97;
10:27:48;2878;49,98;
10:27:51;2883;49,98;
10:27:54;2885;49,98;
10:27:57;2872;49,99;
10:28:00;2871;50,00;
10:28:03;2878;50,00;
10:28:06;2847;50,00;
10:28:09;2860;49,99;
10:28:12;2855;49,99;
10:28:15;2869;49,99;
10:28:18;2868;49,99;
10:28:21;2866;49,99;
10:28:24;2854;49,98;
10:28:27;2863;49,98;
10:28:30;2851;49,99;
10:28:33;2857;49,99;
10:28:36;2843;49,98;
10:28:45;2852;49,98;
10:28:48;2841;49,97;
10:28:51;2855;49,97;
10:28:54;2863;49,97;
10:28:57;2893;49,97;
10:29:00;2894;49,97;
10:29:03;2862;49,97;
10:29:06;2808;49,97;
10:29:09;2803;49,98;
10:29:12;2767;49,98;
10:29:15;2768;49,98;
10:29:18;2759;49,98;
10:29:21;2739;49,98;
10:29:27;2699;49,98;
10:29:30;2685;49,98;
10:29:33;2641;49,97;
10:29:36;2636;49,97;
10:29:39;2628;49,97;
10:29:42;2621;49,98;
10:29:45;2606;49,98;
10:29:48;2608;49,97;
10:29:51;2593;49,97;
10:29:54;2588;49,96;
10:29:57;2586;49,96;
10:30:00;2585;49,96;
10:30:03;2588;49,96;
10:30:06;2596;49,96;
10:30:09;2592;49,96;
10:30:12;2637;49,96;
10:30:15;2707;49,96;
10:30:18;2763;49,96;
10:30:21;2675;49,96;
10:30:24;2649;49,96;
10:30:27;2627;49,96;
10:30:33;2578;49,96;
10:30:36;2556;49,96;
10:30:39;2517;49,96;
10:30:42;2521;49,96;
10:30:45;2507;49,96;
10:30:48;2513;49,96;
10:30:51;2512;49,96;
10:30:54;2503;49,96;
10:30:57;2512;49,96;
10:31:00;2522;49,96;
10:31:03;2520;49,96;
10:31:06;2534;49,95;
10:31:09;2536;49,96;
10:31:12;2547;49,95;
10:31:15;2552;49,95;
10:31:18;2564;49,96;
10:31:21;2570;49,95;
10:31:24;2581;49,95;
10:31:27;2580;49,96;
10:31:30;2599;49,96;
10:31:33;2604;49,96;
10:31:39;2615;49,96;
10:31:42;2630;49,96;
10:31:45;2637;49,96;
10:31:48;2648;49,96;
10:31:51;2652;49,96;
10:31:54;2673;49,96;
10:31:57;2686;49,95;
10:32:00;2694;49,95;
10:32:03;2666;49,96;
10:32:06;2678;49,96;
10:32:09;2674;49,96;
10:32:12;2662;49,96;
10:32:15;2664;49,96;
10:32:18;2662;49,96;
10:32:21;2669;49,96;
10:32:24;2666;49,96;
10:32:27;2659;49,96;
10:32:30;2646;49,96;
10:32:33;2650;49,96;
10:32:36;2651;49,95;
10:32:39;2647;49,96;
10:32:45;2643;49,96;
10:32:48;2638;49,96;
10:32:51;2639;49,96;
10:32:54;2626;49,96;
10:32:57;2643;49,96;
10:33:00;2644;49,96;
10:33:03;2657;49,96;
10:33:06;2681;49,96;
10:33:09;2694;49,96;
10:33:12;2620;49,96;
10:33:15;2601;49,96;
10:33:18;2603;49,96;
10:33:21;2597;49,96;
10:33:24;2590;49,96;
10:33:27;2594;49,96;
10:33:30;2575;49,96;
10:33:33;2574;49,96;
10:33:36;2562;49,96;
10:33:39;2552;49,96;
10:33:42;2531;49,96;
10:33:45;2537;49,96;
10:33:48;2532;49,96;
10:33:51;2521;49,96;
10:33:54;2509;49,96;
10:33:57;2516;49,96;
10:34:00;2513;49,96;
10:34:03;2521;49,96;
10:34:06;2509;49,96;
10:34:09;2530;49,96;
10:34:12;2531;49,96;
10:34:15;2493;49,96;
10:34:18;2435;49,96;
10:34:21;2440;49,96;
10:34:24;2423;49,96;
10:34:27;2410;49,96;
10:34:30;2391;49,96;
10:34:36;2374;49,95;
10:34:39;2376;49,96;
10:34:42;2354;49,96;
10:34:45;2359;49,96;
10:34:48;2336;49,96;
10:34:51;2339;49,95;
10:34:54;2334;49,96;
10:34:57;2321;49,96;
10:35:00;2303;49,96;
10:35:03;2307;49,96;
10:35:06;2291;49,97;
10:35:12;2274;49,96;
10:35:15;2282;49,96;
10:35:18;2271;49,96;
10:35:21;2256;49,96;
10:35:24;2244;49,96;
10:35:27;2246;49,96;
10:35:30;2240;49,96;
10:35:33;2226;49,96;
10:35:36;2222;49,95;
10:35:42;2217;49,95;
10:35:45;2211;49,95;
10:35:48;2210;49,96;
10:35:51;2197;49,96;
10:35:54;2203;49,96;
10:35:57;2197;49,96;
10:36:00;2201;49,96;
10:36:03;2198;49,96;
10:36:06;2194;49,96;
10:36:09;2189;49,96;
10:36:12;2193;49,95;
10:36:15;2184;49,95;
10:36:18;2192;49,95;
10:36:21;2187;49,95;
10:36:24;2196;49,95;
10:36:27;2194;49,95;
10:36:30;2231;49,95;
10:36:33;2222;49,95;
10:36:36;2265;49,95;
10:36:39;2299;49,94;
10:36:42;2236;49,94;
10:36:48;2197;49,96;
10:36:51;2199;49,96;
10:36:54;2187;49,96;
10:36:57;2176;49,96;
10:37:00;2174;49,96;
10:37:03;2161;49,96;
10:37:06;2168;49,96;
10:37:09;2163;49,96;
10:37:12;2154;49,96;
10:37:15;2140;49,96;
10:37:18;2146;49,96;
10:37:21;2146;49,95;
10:37:24;2138;49,95;
10:37:27;2128;49,95;
10:37:30;2134;49,95;
10:37:33;2131;49,95;
10:37:36;2122;49,95;
10:37:39;2113;49,96;
10:37:42;2112;49,96;
10:37:45;2107;49,96;
10:37:48;2098;49,95;
10:37:54;2087;49,96;
10:37:57;2083;49,96;
10:38:00;2073;49,96;
10:38:03;2069;49,97;
10:38:06;2058;49,96;
10:38:09;2051;49,96;
10:38:12;2042;49,96;
10:38:15;2040;49,96;
10:38:18;2022;49,96;
10:38:21;2017;49,96;
10:38:24;2010;49,96;
10:38:27;1999;49,96;
10:38:30;1983;49,96;
10:38:33;1980;49,96;
10:38:39;1963;49,96;
10:38:42;1946;49,96;
10:38:45;1945;49,96;
10:38:48;1937;49,95;
10:38:51;1930;49,95;
10:38:54;1914;49,95;
10:38:57;1922;49,95;
10:39:00;1917;49,95;
10:39:03;1916;49,96;
10:39:06;1891;49,96;
10:39:09;1886;49,96;
10:39:12;1881;49,96;
10:39:15;1874;49,96;
10:39:18;1860;49,96;
10:39:21;1869;49,96;
10:39:24;1865;49,96;
10:39:27;1862;49,96;
10:39:30;1848;49,95;
10:39:33;1858;49,95;
10:39:36;1857;49,95;
10:39:39;1856;49,95;
10:39:45;1855;49,96;
10:39:48;1848;49,96;
10:39:51;1853;49,96;
10:39:54;1845;49,96;
10:39:57;1852;49,96;
10:40:00;1846;49,96;
10:40:03;1851;49,96;
10:40:06;1848;49,96;
10:40:09;1850;49,96;
10:40:12;1852;49,96;
10:40:15;1857;49,96;
10:40:21;1861;49,96;
10:40:24;1854;49,96;
10:40:27;1867;49,96;
10:40:30;1873;49,95;
10:40:33;1875;49,95;
10:40:36;1872;49,95;
10:40:39;1884;49,96;
10:40:42;1889;49,96;
10:40:45;1895;49,96;
10:40:51;1907;49,96;
10:40:54;1914;49,96;
10:40:57;1923;49,97;
10:41:00;1930;49,96;
10:41:03;1942;49,96;
10:41:06;1946;49,96;
10:41:09;1943;49,96;
10:41:12;1959;49,96;
10:41:15;1983;49,96;
10:41:18;1992;49,96;
10:41:21;2010;49,96;
10:41:24;2022;49,96;
10:41:27;2041;49,96;
10:41:30;2055;49,96;
10:41:33;2062;49,96;
10:41:36;2091;49,96;
10:41:39;2119;49,96;
10:41:42;2133;49,96;
10:41:45;2159;49,96;
10:41:48;2173;49,96;
10:41:51;2200;49,96;
10:41:57;2243;49,97;
10:42:00;2259;49,97;
10:42:03;2292;49,97;
10:42:06;2307;49,98;
10:42:09;2343;49,98;
10:42:12;2358;49,98;
10:42:15;2361;49,98;
10:42:18;2393;49,97;
10:42:21;2441;49,97;
10:42:24;2463;49,97;
10:42:27;2502;49,97;
10:42:30;2519;49,97;
10:42:33;2547;49,97;
10:42:36;2572;49,97;
10:42:39;2580;49,98;
10:42:42;2621;49,98;
10:42:45;2649;49,98;
10:42:48;2672;49,98;
10:42:51;2688;49,99;
10:42:54;2722;49,98;
10:42:57;2738;49,98;
10:43:00;2749;49,97;
10:43:03;2769;49,97;
10:43:06;2818;49,96;
10:43:09;2834;49,97;
10:43:12;2865;49,97;
10:43:15;2881;49,97;
10:43:18;2911;49,96;
10:43:21;2926;49,96;
10:43:24;2932;49,96;
10:43:27;2968;49,96;
10:43:30;2996;49,96;
10:43:33;3007;49,96;
10:43:36;3032;49,95;
10:43:39;3045;49,95;
10:43:42;3070;49,95;
10:43:48;3105;49,95;
10:43:51;3116;49,95;
10:43:54;3141;49,95;
10:43:57;3152;49,95;
10:44:00;3172;49,95;
10:44:03;3184;49,96;
10:44:06;3189;49,96;
10:44:09;3206;49,96;
10:44:12;3235;49,96;
10:44:15;3247;49,96;
10:44:18;3267;49,96;
10:44:21;3277;49,96;
10:44:24;3283;49,95;
10:44:27;3307;49,95;
10:44:30;3310;49,95;
10:44:33;3329;49,95;
10:44:36;3342;49,96;
10:44:39;3350;49,96;
10:44:42;3363;49,96;
10:44:45;3371;49,96;
10:44:48;3384;49,97;
10:44:54;3409;49,97;
10:44:57;3417;49,96;
10:45:00;3435;49,96;
10:45:03;3445;49,96;
10:45:06;3469;49,96;
10:45:09;3477;49,96;
10:45:12;3466;49,96;
10:45:15;3497;49,96;
10:45:18;3487;49,95;
10:45:21;3499;49,96;
10:45:24;3556;49,95;
10:45:27;3616;49,95;
10:45:30;3959;49,95;
10:45:33;4720;49,94;
10:45:36;5306;49,95;
10:45:39;4752;49,94;
10:45:42;3914;49,95;
10:45:45;3665;49,95;
10:45:48;3467;49,96;
10:45:51;3466;49,95;
10:45:54;3457;49,96;
10:46:00;3454;49,96;
10:46:03;3444;49,96;
10:46:06;3465;49,96;
10:46:09;3481;49,96;
10:46:12;3505;49,96;
10:46:15;3558;49,96;
10:46:18;3664;49,96;
10:46:21;3776;49,96;
10:46:24;3890;49,96;
10:46:27;4054;49,96;
10:46:30;6912;49,96;
10:46:33;6118;49,96;
10:46:36;6878;49,96;
10:46:39;7886;49,96;
10:46:42;7848;49,96;
10:46:45;6006;49,97;
10:46:48;3672;49,96;
10:46:51;3629;49,97;
10:46:54;3568;49,96;
10:46:57;3452;49,96;
10:47:00;3495;49,96;
10:47:06;3452;49,96;
10:47:09;3427;49,96;
10:47:12;3417;49,96;
10:47:18;3395;49,96;
10:47:21;3412;49,96;
10:47:24;3413;49,96;
10:47:27;3419;49,96;
10:47:30;3433;49,96;
10:47:33;3447;49,96;
10:47:36;3452;49,96;
10:47:39;3433;49,96;
10:47:42;3426;49,96;
10:47:45;3391;49,95;
10:47:51;3371;49,95;
10:47:54;3375;49,95;
10:47:57;3354;49,95;
10:48:00;3368;49,95;
10:48:03;3367;49,96;
10:48:06;3375;49,96;
10:48:09;3382;49,96;
10:48:12;3378;49,96;
10:48:15;3440;49,96;
10:48:18;3477;49,96;
10:48:21;3833;49,96;
10:48:24;5468;49,96;
10:48:27;5656;49,96;
10:48:30;5464;49,96;
10:48:33;5368;49,96;
10:48:36;3958;49,96;
10:48:39;4043;49,96;
10:48:42;4020;49,96;
10:48:45;4566;49,96;
10:48:48;4812;49,96;
10:48:51;4848;49,96;
10:48:57;3985;49,96;
10:49:00;3885;49,96;
10:49:03;5636;49,97;
10:49:06;6236;49,97;
10:49:09;6616;49,97;
10:49:12;6642;49,97;
10:49:15;6736;49,96;
10:49:18;6712;49,96;
10:49:21;6350;49,96;
10:49:24;6368;49,96;
10:49:27;6270;49,95;
10:49:30;6202;49,96;
10:49:33;6166;49,96;
10:49:36;6314;49,96;
10:49:39;6414;49,96;
10:49:42;6238;49,96;
10:49:45;6390;49,96;
10:49:48;5864;49,95;
10:49:51;6242;49,96;
10:49:54;6206;49,95;
10:49:57;6266;49,96;
10:50:03;5920;49,95;
10:50:06;5718;49,95;
10:50:09;3857;49,96;
10:50:12;3612;49,96;
10:50:15;3410;49,95;
10:50:18;3271;49,95;
10:50:21;3203;49,95;
10:50:24;3105;49,95;
10:50:27;3078;49,96;
10:50:30;3026;49,96;
10:50:33;3025;49,96;
10:50:36;3003;49,96;
10:50:39;3012;49,96;
10:50:42;2999;49,96;
10:50:45;3004;49,96;
10:50:48;2990;49,95;
10:50:51;3005;49,96;
10:50:54;3013;49,96;
10:50:57;3032;49,96;
10:51:00;3030;49,96;
10:51:03;3071;49,96;
10:51:09;3128;49,96;
10:51:12;3134;49,96;
10:51:15;3224;49,95;
10:51:18;3264;49,95;
10:51:21;3666;49,95;
10:51:24;4260;49,95;
10:51:27;3549;49,95;
10:51:30;3307;49,95;
10:51:33;3223;49,95;
10:51:36;3245;49,95;
10:51:39;3284;49,96;
10:51:42;3264;49,95;
10:51:45;3365;49,96;
10:51:48;3431;49,96;
10:51:51;3480;49,96;
10:51:54;4132;49,96;
10:51:57;3919;49,97;
10:52:00;3557;49,96;
10:52:03;3489;49,96;
10:52:06;3457;49,96;
10:52:09;3451;49,96;
10:52:12;3444;49,96;
10:52:15;3420;49,96;
10:52:18;3440;49,96;
10:52:21;3448;49,97;
10:52:24;3444;49,96;
10:52:27;3476;49,96;
10:52:30;3503;49,96;
10:52:33;3513;49,97;
10:52:36;3537;49,97;
10:52:39;3584;49,97;
10:52:42;3657;49,97;
10:52:45;3700;49,97;
10:52:48;3827;49,97;
10:52:51;4118;49,97;
10:52:54;6062;49,98;
10:53:00;4148;49,98;
10:53:03;4210;49,98;
10:53:06;3879;49,98;
10:53:09;3902;49,98;
10:53:12;3739;49,97;
10:53:15;3675;49,98;
10:53:18;3697;49,97;
10:53:21;3723;49,98;
10:53:24;3884;49,98;
10:53:27;3857;49,98;
10:53:30;4034;49,99;
10:53:33;3892;49,99;
10:53:36;4160;49,98;
10:53:39;4010;49,98;
10:53:42;4198;49,98;
10:53:45;5160;49,99;
10:53:48;5066;49,98;
10:53:51;4732;49,98;
10:53:54;4118;49,97;
10:53:57;3976;49,97;
10:54:00;3719;49,97;
10:54:06;3491;49,97;
10:54:09;3458;49,97;
10:54:12;3411;49,97;
10:54:15;3375;49,97;
10:54:18;3375;49,96;
10:54:21;3369;49,97;
10:54:24;3359;49,97;
10:54:27;3356;49,98;
10:54:30;3348;49,97;
10:54:33;3352;49,96;
10:54:36;3338;49,96;
10:54:39;3324;49,96;
10:54:45;3322;49,97;
10:54:48;3341;49,97;
10:54:51;3396;49,96;
10:54:54;3469;49,96;
10:54:57;3483;49,97;
10:55:00;3344;49,97;
10:55:03;3331;49,97;
10:55:06;3336;49,97;
10:55:12;3276;49,98;
10:55:15;3226;49,98;
10:55:18;3207;49,97;
10:55:21;3201;49,97;
10:55:24;3188;49,97;
10:55:27;3167;49,97;
10:55:30;3184;49,97;
10:55:33;3180;49,97;
10:55:36;3183;49,97;
10:55:39;3171;49,97;
10:55:42;3212;49,97;
10:55:45;3238;49,97;
10:55:48;3301;49,97;
10:55:51;3350;49,97;
10:55:54;3570;49,96;
10:55:57;4530;49,96;
10:56:00;3712;49,96;
10:56:03;3586;49,97;
10:56:06;3511;49,97;
10:56:09;3594;49,97;
10:56:12;4056;49,97;
10:56:18;3820;49,96;
10:56:21;3958;49,96;
10:56:24;3742;49,96;
10:56:27;3665;49,96;
10:56:30;3694;49,96;
10:56:33;3928;49,96;
10:56:36;4174;49,96;
10:56:39;3877;49,96;
10:56:42;3564;49,97;
10:56:45;3424;49,96;
10:56:48;3347;49,96;
10:56:51;3350;49,96;
10:56:54;3355;49,96;
10:56:57;3326;49,97;
10:57:03;3290;49,97;
10:57:06;3275;49,96;
10:57:09;3267;49,96;
10:57:12;3263;49,96;
10:57:15;3267;49,96;
10:57:18;3280;49,96;
10:57:21;3325;49,97;
10:57:24;3373;49,97;
10:57:27;3407;49,97;
10:57:30;3410;49,97;
10:57:33;3358;49,97;
10:57:36;3312;49,97;
10:57:39;3395;49,96;
10:57:42;3339;49,96;
10:57:45;3307;49,96;
10:57:48;3149;49,96;
10:57:51;3105;49,96;
10:57:54;3085;49,96;
10:57:57;3063;49,96;
10:58:00;3061;49,96;
10:58:03;3048;49,96;
10:58:09;3033;49,97;
10:58:12;3030;49,97;
10:58:15;3023;49,97;
10:58:18;3020;49,97;
10:58:21;3015;49,97;
10:58:24;3014;49,96;
10:58:27;3011;49,96;
10:58:33;3006;49,95;
10:58:36;3006;49,96;
10:58:39;3003;49,96;
10:58:42;3005;49,96;
10:58:45;3009;49,96;
10:58:48;3015;49,97;
10:58:51;3014;49,96;
10:58:54;3023;49,97;
10:58:57;3015;49,97;
10:59:00;3014;49,98;
10:59:03;3013;49,98;
10:59:06;3015;49,98;
10:59:09;3014;49,97;
10:59:15;3022;49,96;
10:59:18;3025;49,97;
10:59:21;3030;49,97;
10:59:24;3034;49,97;
10:59:27;3039;49,98;
10:59:30;3044;49,98;
10:59:33;3031;49,98;
10:59:36;3046;49,98;
10:59:39;3034;49,98;
10:59:42;3035;49,98;
10:59:45;3033;49,97;
10:59:48;3032;49,97;
10:59:51;3024;49,96;
10:59:54;3029;49,97;
10:59:57;3019;49,97;
11:00:00;3023;49,97;
11:00:03;3019;49,97;
11:00:06;3027;49,96;
11:00:09;3014;49,96;
11:00:12;3041;49,96;
11:00:15;3042;49,95;
11:00:21;3045;49,96;
11:00:24;3049;49,96;
11:00:27;3058;49,96;
11:00:30;3065;49,96;
11:00:33;3075;49,96;
11:00:36;3078;49,96;
11:00:39;3085;49,96;
11:00:42;3083;49,96;
11:00:45;3103;49,96;
11:00:48;3110;49,95;
11:00:51;3114;49,96;
11:00:54;3126;49,96;
11:00:57;3124;49,96;
11:01:00;3148;49,96;
11:01:06;3167;49,96;
11:01:09;3174;49,96;
11:01:12;3188;49,96;
11:01:15;3193;49,97;
11:01:18;3207;49,96;
11:01:21;3214;49,96;
11:01:24;3203;49,96;
11:01:27;3227;49,96;
11:01:30;3246;49,96;
11:01:33;3250;49,96;
11:01:36;3263;49,96;
11:01:39;3271;49,96;
11:01:42;3286;49,95;
11:01:45;3294;49,95;
11:01:48;3288;49,96;
11:01:51;3339;49,96;
11:01:54;3405;49,96;
11:01:57;3460;49,96;
11:02:00;3797;49,96;
11:02:03;4272;49,96;
11:02:06;5308;49,96;
11:02:12;5182;49,96;
11:02:15;5396;49,96;
11:02:18;6694;49,95;
11:02:21;7278;49,94;
11:02:24;6386;49,94;
11:02:27;4484;49,94;
11:02:30;3782;49,94;
11:02:33;3712;49,95;
11:02:36;4872;49,96;
11:02:39;4077;49,96;
11:02:42;3890;49,96;
11:02:45;3719;49,97;
11:02:48;3852;49,96;
11:02:51;3408;49,97;
11:02:54;3292;49,96;
11:02:57;3123;49,96;
11:03:00;3039;49,96;
11:03:03;2988;49,96;
11:03:06;2942;49,96;
11:03:09;2922;49,97;
11:03:12;2875;49,97;
11:03:18;2838;49,96;
11:03:21;2832;49,96;
11:03:24;2799;49,96;
11:03:27;2797;49,96;
11:03:30;2771;49,96;
11:03:33;2769;49,95;
11:03:36;2760;49,96;
11:03:39;2743;49,96;
11:03:42;2720;49,96;
11:03:45;2722;49,96;
11:03:48;2700;49,96;
11:03:51;2705;49,96;
11:03:54;2695;49,96;
11:03:57;2705;49,96;
11:04:00;2711;49,96;
11:04:03;2724;49,96;
11:04:06;2725;49,96;
11:04:12;2674;49,95;
11:04:15;2671;49,96;
11:04:18;2619;49,96;
11:04:24;2570;49,96;
11:04:27;2568;49,96;
11:04:30;2542;49,95;
11:04:33;2544;49,95;
11:04:36;2522;49,95;
11:04:39;2523;49,95;
11:04:42;2517;49,95;
11:04:45;2497;49,95;
11:04:48;2484;49,95;
11:04:51;2477;49,96;
11:04:54;2461;49,96;
11:04:57;2459;49,96;
11:05:00;2449;49,96;
11:05:03;2433;49,96;
11:05:06;2434;49,95;
11:05:09;2415;49,95;
11:05:12;2405;49,95;
11:05:15;2390;49,94;
11:05:18;2380;49,95;
11:05:21;2361;49,95;
11:05:24;2357;49,95;
11:05:30;2345;49,95;
11:05:33;2313;49,96;
11:05:36;2314;49,96;
11:05:39;2298;49,96;
11:05:42;2290;49,96;
11:05:45;2275;49,95;
11:05:48;2262;49,95;
11:05:51;2255;49,95;
11:05:54;2236;49,96;
11:05:57;2218;49,96;
11:06:00;2211;49,96;
11:06:03;2187;49,96;
11:06:06;2185;49,96;
11:06:09;2155;49,96;
11:06:15;2129;49,96;
11:06:18;2125;49,96;
11:06:21;2095;49,96;
11:06:24;2100;49,96;
11:06:27;2074;49,96;
11:06:30;2072;49,96;
11:06:33;2061;49,96;
11:06:36;2040;49,96;
11:06:39;2020;49,97;
11:06:42;2017;49,97;
11:06:45;1988;49,97;
11:06:48;1995;49,97;
11:06:51;1975;49,96;
11:06:54;1972;49,96;
11:06:57;1965;49,96;
11:07:00;1948;49,96;
11:07:03;1930;49,96;
11:07:06;1928;49,97;
11:07:09;1898;49,96;
11:07:12;1904;49,96;
11:07:15;1888;49,96;
11:07:21;1858;49,97;
11:07:24;1866;49,96;
11:07:27;1852;49,96;
11:07:30;1851;49,96;
11:07:33;1828;49,96;
11:07:36;1837;49,96;
11:07:39;1832;49,96;
11:07:42;1824;49,96;
11:07:45;1794;49,96;
11:07:48;1807;49,96;
11:07:51;1799;49,97;
11:07:54;1785;49,97;
11:07:57;1775;49,97;
11:08:00;1777;49,98;
11:08:03;1776;49,97;
11:08:06;1762;49,97;
11:08:09;1756;49,98;
11:08:12;1747;49,98;
11:08:15;1752;49,98;
11:08:18;1747;49,97;
11:08:21;1744;49,97;
11:08:27;1738;49,97;
11:08:30;1733;49,97;
11:08:33;1736;49,96;
11:08:36;1724;49,96;
11:08:39;1732;49,96;
11:08:42;1725;49,96;
11:08:45;1727;49,96;
11:08:48;1726;49,97;
11:08:51;1723;49,97;
11:08:54;1716;49,97;
11:08:57;1724;49,97;
11:09:00;1713;49,97;
11:09:03;1726;49,96;
11:09:06;1720;49,96;
11:09:09;1727;49,96;
11:09:12;1722;49,96;
11:09:15;1734;49,97;
11:09:18;1728;49,97;
11:09:21;1739;49,97;
11:09:24;1732;49,97;
11:09:27;1746;49,97;
11:09:33;1753;49,96;
11:09:36;1747;49,96;
11:09:39;1763;49,96;
11:09:42;1764;49,96;
11:09:45;1777;49,96;
11:09:48;1772;49,96;
11:09:51;1787;49,96;
11:09:54;1792;49,96;
11:09:57;1796;49,96;
11:10:00;1804;49,96;
11:10:03;1817;49,96;
11:10:06;1831;49,96;
11:10:09;1828;49,96;
11:10:12;1844;49,96;
11:10:18;1868;49,95;
11:10:24;1890;49,94;
11:10:27;1892;49,94;
11:10:30;1911;49,94;
11:10:33;1912;49,94;
11:10:36;1926;49,94;
11:10:39;1939;49,94;
11:10:42;1965;49,95;
11:10:45;1961;49,95;
11:10:48;1992;49,95;
11:10:51;1988;49,95;
11:10:54;2020;49,95;
11:10:57;2035;49,95;
11:11:00;2043;49,95;
11:11:03;2059;49,95;
11:11:06;2074;49,96;
11:11:09;2086;49,95;
11:11:12;2113;49,95;
11:11:15;2116;49,95;
11:11:18;2139;49,95;
11:11:24;2169;49,94;
11:11:27;2178;49,94;
11:11:30;2200;49,95;
11:11:33;2199;49,95;
11:11:36;2219;49,95;
11:11:39;2229;49,96;
11:11:42;2251;49,96;
11:11:45;2261;49,96;
11:11:48;2288;49,95;
11:11:51;2292;49,96;
11:11:54;2315;49,96;
11:11:57;2314;49,96;
11:12:00;2346;49,96;
11:12:03;2351;49,96;
11:12:06;2364;49,96;
11:12:09;2376;49,95;
11:12:12;2405;49,95;
11:12:15;2408;49,96;
11:12:18;2439;49,96;
11:12:21;2441;49,96;
11:12:24;2470;49,96;
11:12:30;2506;49,96;
11:12:33;2510;49,96;
11:12:36;2538;49,96;
11:12:39;2542;49,96;
11:12:42;2572;49,96;
11:12:45;2578;49,96;
11:12:48;2597;49,96;
11:12:51;2609;49,96;
11:12:54;2638;49,96;
11:12:57;2651;49,96;
11:13:00;2683;49,96;
11:13:03;2687;49,96;
11:13:06;2718;49,96;
11:13:09;2733;49,96;
11:13:12;2732;49,96;
11:13:15;2757;49,96;
11:13:18;2782;49,96;
11:13:21;2794;49,96;
11:13:24;2811;49,96;
11:13:27;2821;49,95;
11:13:30;2843;49,96;
11:13:36;2874;49,96;
11:13:39;2884;49,96;
11:13:42;2906;49,96;
11:13:45;2919;49,96;
11:13:48;2944;49,97;
11:13:51;2952;49,97;
11:13:57;2971;49,97;
11:14:00;3000;49,97;
11:14:03;3007;49,97;
11:14:06;3031;49,97;
11:14:09;3042;49,96;
11:14:12;3063;49,97;
11:14:15;3072;49,97;
11:14:18;3071;49,96;
11:14:21;3105;49,96;
11:14:24;3131;49,95;
11:14:27;3145;49,96;
11:14:30;3143;49,96;
11:14:33;3181;49,96;
11:14:36;3189;49,96;
11:14:39;3207;49,97;
11:14:42;3220;49,97;
11:14:45;3260;49,97;
11:14:48;3263;49,97;
11:14:51;3299;49,96;
11:14:54;3297;49,96;
11:14:57;3352;49,96;
11:15:00;3376;49,96;
11:15:03;3392;49,96;
11:15:06;3439;49,96;
11:15:09;3536;49,96;
11:15:12;3691;49,96;
11:15:15;4424;49,96;
11:15:18;5060;49,96;
11:15:21;4942;49,95;
11:15:27;5378;49,95;
11:15:30;5138;49,95;
11:15:33;4134;49,95;
11:15:36;3854;49,95;
11:15:39;3665;49,95;
11:15:42;3644;49,95;
11:15:45;3639;49,95;
11:15:48;3629;49,95;
11:15:51;3692;49,95;
11:15:54;3731;49,95;
11:15:57;3816;49,95;
11:16:00;3910;49,95;
11:16:03;5792;49,95;
11:16:06;5964;49,95;
11:16:09;5466;49,95;
11:16:12;4422;49,96;
11:16:15;3872;49,96;
11:16:18;3849;49,96;
11:16:21;3883;49,96;
11:16:24;3826;49,96;
11:16:27;3872;49,96;
11:16:33;3859;49,96;
11:16:36;3902;49,96;
11:16:39;3796;49,96;
11:16:42;3782;49,95;
11:16:45;3773;49,96;
11:16:48;3764;49,96;
11:16:51;3753;49,96;
11:16:57;3748;49,96;
11:17:00;3749;49,96;
11:17:03;3748;49,96;
11:17:09;3747;49,96;
11:17:12;3749;49,96;
11:17:15;3738;49,96;
11:17:18;3761;49,96;
11:17:21;3773;49,96;
11:17:24;3782;49,96;
11:17:27;3801;49,96;
11:17:30;3814;49,96;
11:17:33;3836;49,96;
11:17:39;3873;49,96;
11:17:42;3907;49,96;
11:17:45;3964;49,96;
11:17:48;4013;49,96;
11:17:51;4122;49,96;
11:17:54;4208;49,97;
11:17:57;4244;49,97;
11:18:00;4386;49,97;
11:18:03;6944;49,97;
11:18:06;7158;49,97;
11:18:09;7552;49,97;
11:18:12;7494;49,98;
11:18:15;7554;49,97;
11:18:18;7702;49,97;
11:18:21;7914;49,96;
11:18:24;7746;49,96;
11:18:27;7598;49,96;
11:18:30;7618;49,96;
11:18:33;7646;49,96;
11:18:36;7490;49,96;
11:18:39;7844;49,96;
11:18:45;7378;49,96;
11:18:48;7338;49,96;
11:18:51;8066;49,96;
11:18:54;7992;49,96;
11:18:57;6824;49,95;
11:19:00;5464;49,95;
11:19:03;5476;49,95;
11:19:06;6386;49,95;
11:19:09;7332;49,95;
11:19:12;8256;49,96;
11:19:15;7376;49,96;
11:19:18;5740;49,97;
11:19:21;5612;49,97;
11:19:24;4802;49,98;
11:19:30;4610;49,97;
11:19:33;4672;49,97;
11:19:36;5060;49,97;
11:19:39;5444;49,96;
11:19:42;5316;49,96;
11:19:45;5266;49,96;
11:19:48;5546;49,96;
11:19:51;4838;49,96;
11:19:54;4528;49,97;
11:19:57;4520;49,97;
11:20:00;4528;49,97;
11:20:03;4632;49,98;
11:20:06;4720;49,97;
11:20:09;4788;49,97;
11:20:12;4960;49,96;
11:20:15;4868;49,97;
11:20:18;4664;49,97;
11:20:21;4632;49,97;
11:20:24;4582;49,96;
11:20:27;4610;49,96;
11:20:30;4628;49,96;
11:20:36;4672;49,96;
11:20:39;4682;49,96;
11:20:42;4694;49,96;
11:20:45;4734;49,96;
11:20:48;4776;49,96;
11:20:51;4816;49,96;
11:20:54;4860;49,95;
11:20:57;4902;49,96;
11:21:00;5730;49,96;
11:21:03;7534;49,96;
11:21:06;8784;49,96;
11:21:09;8920;49,96;
11:21:12;8544;49,96;
11:21:15;7604;49,96;
11:21:18;6252;49,96;
11:21:21;5638;49,96;
11:21:24;5940;49,96;
11:21:27;5834;49,95;
11:21:30;5778;49,95;
11:21:33;5752;49,96;
11:21:36;5704;49,95;
11:21:42;5432;49,95;
11:21:45;5582;49,94;
11:21:48;5562;49,94;
11:21:51;5612;49,95;
11:21:54;7040;49,96;
11:21:57;6730;49,96;
11:22:00;7492;49,96;
11:22:03;8328;49,96;
11:22:06;7548;49,98;
11:22:09;6342;49,97;
11:22:12;6162;49,98;
11:22:15;6142;49,98;
11:22:18;6384;49,98;
11:22:21;6280;49,97;
11:22:24;6362;49,97;
11:22:27;5340;49,98;
11:22:30;5038;49,97;
11:22:33;5018;49,97;
11:22:36;4920;49,97;
11:22:39;4870;49,97;
11:22:42;4788;49,96;
11:22:48;4816;49,97;
11:22:51;4812;49,97;
11:22:54;4828;49,98;
11:22:57;4878;49,98;
11:23:00;4968;49,97;
11:23:03;5110;49,97;
11:23:06;5720;49,97;
11:23:09;6194;49,98;
11:23:12;5122;49,98;
11:23:15;5128;49,98;
11:23:18;5212;49,98;
11:23:21;5222;49,98;
11:23:24;5474;49,97;
11:23:27;5622;49,97;
11:23:30;5612;49,97;
11:23:33;5550;49,97;
11:23:36;5784;49,98;
11:23:39;5966;49,97;
11:23:42;6610;49,97;
11:23:45;7074;49,97;
11:23:48;7064;49,98;
11:23:51;7684;49,98;
11:23:54;9080;49,98;
11:23:57;7048;49,98;
11:24:00;7284;49,98;
11:24:03;6864;49,97;
11:24:06;8052;49,97;
11:24:09;7834;49,97;
11:24:12;9412;49,97;
11:24:15;9392;49,97;
11:24:18;9576;49,98;
11:24:21;8396;49,97;
11:24:24;7300;49,98;
11:24:27;6852;49,98;
11:24:30;6576;49,98;
11:24:33;6498;49,97;
11:24:39;8612;49,96;
11:24:42;8320;49,96;
11:24:45;7330;49,96;
11:24:48;8138;49,96;
11:24:51;7028;49,97;
11:24:54;7420;49,98;
11:24:57;7956;49,98;
11:25:00;8616;49,98;
11:25:03;8132;49,98;
11:25:06;7606;49,97;
11:25:09;6158;49,97;
11:25:12;5898;49,97;
11:25:15;5310;49,97;
11:25:18;5186;49,97;
11:25:21;5120;49,97;
11:25:24;5098;49,97;
11:25:27;5066;49,97;
11:25:30;5084;49,98;
11:25:33;5064;49,98;
11:25:36;5016;49,98;
11:25:39;5028;49,98;
11:25:45;5024;49,97;
11:25:48;5048;49,97;
11:25:51;5918;49,97;
11:25:54;6496;49,96;
11:25:57;5226;49,96;
11:26:00;4948;49,96;
11:26:03;4922;49,96;
11:26:06;4870;49,97;
11:26:09;4746;49,98;
11:26:12;4708;49,98;
11:26:15;4690;49,98;
11:26:18;4668;49,98;
11:26:21;4674;49,97;
11:26:24;4668;49,96;
11:26:27;4678;49,96;
11:26:30;4642;49,96;
11:26:33;4636;49,97;
11:26:36;4610;49,97;
11:26:39;4624;49,97;
11:26:42;4618;49,97;
11:26:45;4634;49,97;
11:26:51;5012;49,96;
11:26:54;4702;49,96;
11:26:57;4622;49,97;
11:27:00;4594;49,97;
11:27:03;4610;49,97;
11:27:06;4604;49,97;
11:27:09;4610;49,97;
11:27:12;4614;49,97;
11:27:15;4630;49,97;
11:27:21;4652;49,96;
11:27:24;4642;49,97;
11:27:27;4680;49,96;
11:27:30;4682;49,96;
11:27:33;4700;49,97;
11:27:36;4708;49,97;
11:27:39;4766;49,98;
11:27:42;4784;49,98;
11:27:45;4862;49,98;
11:27:48;4894;49,97;
11:27:51;5222;49,97;
11:27:57;5378;49,98;
11:28:00;5314;49,98;
11:28:03;5936;49,98;
11:28:06;6790;49,98;
11:28:09;6434;49,98;
11:28:12;8082;49,97;
11:28:15;8168;49,97;
11:28:18;8064;49,96;
11:28:21;7846;49,96;
11:28:24;7832;49,97;
11:28:27;7848;49,97;
11:28:30;7602;49,98;
11:28:33;7622;49,97;
11:28:36;6912;49,97;
11:28:42;7184;49,96;
11:28:45;7122;49,97;
11:28:48;7206;49,96;
11:28:51;7200;49,96;
11:28:54;6990;49,97;
11:28:57;6890;49,97;
11:29:00;6844;49,97;
11:29:03;6436;49,98;
11:29:06;5120;49,98;
11:29:09;4964;49,98;
11:29:12;4680;49,98;
11:29:15;4578;49,97;
11:29:18;4494;49,97;
11:29:21;4446;49,97;
11:29:24;4414;49,97;
11:29:27;4340;49,96;
11:29:30;4292;49,97;
11:29:33;4264;49,97;
11:29:36;4240;49,97;
11:29:39;4212;49,97;
11:29:42;4206;49,97;
11:29:48;4190;49,97;
11:29:51;4156;49,97;
11:29:54;4180;49,97;
11:29:57;4190;49,96;
11:30:00;4236;49,96;
11:30:03;4242;49,96;
11:30:06;4308;49,96;
11:30:09;4318;49,96;
11:30:12;4562;49,96;
11:30:15;4634;49,96;
11:30:18;4838;49,96;
11:30:21;4916;49,96;
11:30:24;4974;49,97;
11:30:27;4996;49,97;
11:30:30;4992;49,97;
11:30:33;5270;49,98;
11:30:36;4884;49,98;
11:30:39;4542;49,98;
11:30:42;4344;49,98;
11:30:45;4266;49,97;
11:30:48;4218;49,97;
11:30:54;4212;49,96;
11:30:57;4208;49,96;
11:31:00;4208;49,97;
11:31:03;4212;49,97;
11:31:06;4226;49,97;
11:31:09;4236;49,98;
11:31:12;4244;49,98;
11:31:15;4274;49,98;
11:31:18;4412;49,99;
11:31:21;4548;49,99;
11:31:24;4742;49,98;
11:31:27;4826;49,98;
11:31:30;4820;49,98;
11:31:33;4774;49,98;
11:31:36;5166;49,98;
11:31:39;5568;49,98;
11:31:42;4518;49,97;
11:31:45;4500;49,97;
11:31:48;4384;49,97;
11:31:51;4398;49,97;
11:31:54;4388;49,98;
11:32:00;4416;49,97;
11:32:03;4430;49,97;
11:32:06;4436;49,97;
11:32:09;4432;49,97;
11:32:12;4390;49,96;
11:32:15;4384;49,96;
11:32:18;4380;49,96;
11:32:21;4392;49,96;
11:32:24;4406;49,96;
11:32:27;4414;49,96;
11:32:30;4444;49,96;
11:32:33;4472;49,97;
11:32:36;4590;49,97;
11:32:39;4930;49,97;
11:32:45;5384;49,96;
11:32:48;5220;49,96;
11:32:51;5526;49,97;
11:32:54;5596;49,97;
11:32:57;5712;49,98;
11:33:00;5208;49,98;
11:33:03;4872;49,98;
11:33:06;4816;49,98;
11:33:09;5340;49,99;
11:33:12;5236;49,98;
11:33:15;5440;49,98;
11:33:18;5332;49,98;
11:33:21;5436;49,97;
11:33:24;5430;49,97;
11:33:27;5490;49,97;
11:33:30;5568;49,97;
11:33:33;5814;49,97;
11:33:36;5840;49,97;
11:33:39;5682;49,97;
11:33:42;5782;49,97;
11:33:45;5672;49,98;
11:33:51;5774;49,98;
11:33:54;5394;49,98;
11:33:57;5578;49,98;
11:34:00;5696;49,98;
11:34:03;5406;49,97;
11:34:06;5020;49,97;
11:34:09;4934;49,97;
11:34:12;4924;49,97;
11:34:15;5078;49,97;
11:34:18;5246;49,97;
11:34:21;5468;49,97;
11:34:24;5478;49,97;
11:34:27;5444;49,97;
11:34:30;5468;49,97;
11:34:33;5458;49,97;
11:34:36;5456;49,97;
11:34:39;5458;49,97;
11:34:42;5392;49,97;
11:34:45;5260;49,97;
11:34:48;5228;49,97;
11:34:51;5216;49,98;
11:34:57;5534;49,98;
11:35:00;5578;49,97;
11:35:03;5610;49,96;
11:35:06;5682;49,96;
11:35:09;5824;49,96;
11:35:12;5744;49,96;
11:35:15;5808;49,96;
11:35:18;5912;49,97;
11:35:21;5970;49,98;
11:35:24;5944;49,97;
11:35:27;5876;49,98;
11:35:30;5900;49,98;
11:35:33;5792;49,97;
11:35:36;5702;49,97;
11:35:39;5580;49,96;
11:35:42;5644;49,96;
11:35:45;5888;49,96;
11:35:48;5972;49,96;
11:35:51;5906;49,96;
11:35:54;5796;49,96;
11:35:57;5702;49,97;
11:36:03;5754;49,96;
11:36:06;5948;49,96;
11:36:09;6084;49,96;
11:36:12;6144;49,96;
11:36:15;6092;49,96;
11:36:18;6114;49,96;
11:36:21;6364;49,97;
11:36:24;6596;49,96;
11:36:27;6760;49,96;
11:36:30;6854;49,96;
11:36:33;6898;49,96;
11:36:36;6968;49,96;
11:36:39;6534;49,96;
11:36:42;6328;49,96;
11:36:45;6412;49,96;
11:36:48;6624;49,96;
11:36:51;6560;49,96;
11:36:54;6372;49,96;
11:36:57;5996;49,97;
11:37:00;6040;49,97;
11:37:03;6080;49,97;
11:37:09;6100;49,97;
11:37:12;6182;49,97;
11:37:15;6206;49,97;
11:37:18;6280;49,96;
11:37:21;6306;49,96;
11:37:24;6380;49,97;
11:37:27;6554;49,96;
11:37:30;6592;49,96;
11:37:33;6594;49,96;
11:37:36;6670;49,96;
11:37:39;6644;49,96;
11:37:42;6438;49,96;
11:37:45;6416;49,96;
11:37:48;6424;49,96;
11:37:54;6402;49,97;
11:37:57;6362;49,96;
11:38:00;6300;49,96;
11:38:03;6310;49,96;
11:38:06;6386;49,96;
11:38:09;6332;49,96;
11:38:12;6218;49,96;
11:38:15;6240;49,97;
11:38:18;6286;49,98;
11:38:21;6348;49,97;
11:38:24;6600;49,97;
11:38:27;6582;49,97;
11:38:30;6490;49,97;
11:38:33;6448;49,97;
11:38:36;6378;49,97;
11:38:39;6360;49,97;
11:38:42;6604;49,97;
11:38:45;6724;49,97;
11:38:48;6794;49,97;
11:38:51;6730;49,97;
11:38:54;6626;49,97;
11:39:00;6446;49,97;
11:39:03;6426;49,97;
11:39:06;6314;49,97;
11:39:09;6266;49,97;
11:39:12;6306;49,97;
11:39:15;6374;49,97;
11:39:18;6392;49,97;
11:39:21;6460;49,98;
11:39:24;6686;49,97;
11:39:27;6762;49,97;
11:39:30;6814;49,96;
11:39:33;6824;49,96;
11:39:36;6552;49,96;
11:39:39;6524;49,96;
11:39:42;6570;49,96;
11:39:45;6650;49,96;
11:39:48;6500;49,96;
11:39:51;6444;49,97;
11:39:54;6344;49,97;
11:39:57;6336;49,97;
11:40:00;6360;49,96;
11:40:06;6570;49,96;
11:40:09;6600;49,96;
11:40:12;6518;49,96;
11:40:15;6598;49,96;
11:40:18;6526;49,96;
11:40:21;6374;49,96;
11:40:24;6474;49,96;
11:40:27;6564;49,96;
11:40:30;6570;49,96;
11:40:33;6450;49,96;
11:40:36;6368;49,97;
11:40:39;6416;49,97;
11:40:42;6508;49,97;
11:40:45;6338;49,97;
11:40:48;6260;49,97;
11:40:51;6054;49,97;
11:40:54;5750;49,97;
11:40:57;5728;49,97;
11:41:00;5708;49,96;
11:41:03;5726;49,97;
11:41:06;5682;49,96;
11:41:12;5890;49,96;
11:41:15;5908;49,97;
11:41:18;5922;49,97;
11:41:21;5890;49,97;
11:41:24;5650;49,97;
11:41:27;5506;49,97;
11:41:30;5616;49,97;
11:41:33;5708;49,96;
11:41:36;5870;49,96;
11:41:39;5952;49,96;
11:41:42;5920;49,96;
11:41:45;5752;49,96;
11:41:48;5454;49,96;
11:41:51;5326;49,96;
11:41:57;5224;49,96;
11:42:00;5122;49,96;
11:42:03;5300;49,96;
11:42:06;5426;49,95;
11:42:09;5294;49,96;
11:42:12;5168;49,96;
11:42:15;4988;49,96;
11:42:18;4930;49,96;
11:42:21;5042;49,96;
11:42:24;5126;49,95;
11:42:27;5130;49,95;
11:42:30;5194;49,95;
11:42:33;5170;49,96;
11:42:36;5184;49,96;
11:42:39;5188;49,96;
11:42:42;5094;49,96;
11:42:45;5060;49,96;
11:42:48;5058;49,96;
11:42:51;5024;49,95;
11:42:54;5062;49,95;
11:42:57;5054;49,96;
11:43:03;5046;49,96;
11:43:06;5070;49,96;
11:43:09;5082;49,96;
11:43:12;5108;49,96;
11:43:15;5018;49,96;
11:43:18;4938;49,96;
11:43:21;5010;49,96;
11:43:24;5154;49,96;
11:43:27;5076;49,96;
11:43:30;4758;49,96;
11:43:33;4714;49,96;
11:43:36;4928;49,96;
11:43:39;4810;49,96;
11:43:42;4806;49,96;
11:43:45;4894;49,96;
11:43:48;4626;49,96;
11:43:51;4604;49,95;
11:43:54;4600;49,95;
11:43:57;4538;49,95;
11:44:00;4706;49,95;
11:44:03;4920;49,95;
11:44:09;4984;49,95;
11:44:12;4976;49,95;
11:44:15;4840;49,95;
11:44:18;4788;49,94;
11:44:21;4652;49,94;
11:44:24;4588;49,94;
11:44:27;4552;49,94;
11:44:30;4562;49,94;
11:44:33;4644;49,95;
11:44:36;4652;49,95;
11:44:39;4598;49,95;
11:44:42;4524;49,95;
11:44:45;4780;49,94;
11:44:48;4790;49,94;
11:44:51;4716;49,94;
11:44:54;4974;49,94;
11:44:57;5162;49,94;
11:45:00;5144;49,95;
11:45:03;4974;49,95;
11:45:06;4938;49,95;
11:45:09;4858;49,95;
11:45:15;4782;49,96;
11:45:18;4916;49,96;
11:45:21;5248;49,96;
11:45:24;5268;49,96;
11:45:27;4952;49,96;
11:45:30;4864;49,96;
11:45:33;5032;49,96;
11:45:36;5236;49,96;
11:45:39;4968;49,95;
11:45:42;4942;49,95;
11:45:45;5066;49,94;
11:45:48;5126;49,94;
11:45:51;5140;49,94;
11:45:54;5148;49,94;
11:45:57;5104;49,94;
11:46:00;5004;49,95;
11:46:03;5066;49,95;
11:46:06;5094;49,95;
11:46:09;4996;49,95;
11:46:12;5000;49,96;
11:46:15;4986;49,96;
11:46:21;4830;49,95;
11:46:24;4706;49,95;
11:46:27;4628;49,95;
11:46:30;4546;49,96;
11:46:33;4412;49,96;
11:46:36;4358;49,96;
11:46:39;4366;49,97;
11:46:42;4348;49,97;
11:46:45;4284;49,97;
11:46:48;4252;49,97;
11:46:51;4110;49,96;
11:46:54;3995;49,96;
11:46:57;3960;49,96;
11:47:00;3925;49,96;
11:47:06;3882;49,96;
11:47:09;3870;49,96;
11:47:12;3878;49,96;
11:47:15;3874;49,96;
11:47:18;4015;49,96;
11:47:21;4088;49,96;
11:47:24;4154;49,96;
11:47:27;4224;49,96;
11:47:30;4330;49,97;
11:47:33;4174;49,97;
11:47:36;4026;49,97;
11:47:39;3975;49,97;
11:47:42;3965;49,97;
11:47:45;3916;49,96;
11:47:48;3890;49,96;
11:47:51;4041;49,96;
11:47:54;4258;49,96;
11:47:57;4114;49,96;
11:48:00;3958;49,96;
11:48:03;4250;49,97;
11:48:06;4354;49,97;
11:48:12;4408;49,97;
11:48:18;4514;49,96;
11:48:21;4580;49,96;
11:48:24;4530;49,96;
11:48:27;4580;49,97;
11:48:30;4618;49,97;
11:48:33;4572;49,97;
11:48:36;4328;49,96;
11:48:39;4322;49,96;
11:48:42;4079;49,96;
11:48:45;4022;49,97;
11:48:48;3929;49,96;
11:48:51;3931;49,96;
11:48:54;3982;49,96;
11:48:57;4132;49,96;
11:49:00;4068;49,97;
11:49:03;4120;49,97;
11:49:06;4166;49,97;
11:49:09;4202;49,97;
11:49:12;4272;49,97;
11:49:18;4186;49,97;
11:49:21;4088;49,97;
11:49:24;3995;49,96;
11:49:27;4057;49,96;
11:49:30;4224;49,95;
11:49:33;4258;49,95;
11:49:36;4242;49,95;
11:49:39;4234;49,96;
11:49:42;4158;49,97;
11:49:45;4138;49,97;
11:49:48;4065;49,97;
11:49:51;4096;49,98;
11:49:54;4017;49,98;
11:49:57;3982;49,97;
11:50:00;3927;49,97;
11:50:03;3946;49,97;
11:50:06;3918;49,97;
11:50:09;3888;49,97;
11:50:12;3802;49,96;
11:50:15;3795;49,96;
11:50:18;3770;49,96;
11:50:24;3696;49,96;
11:50:27;3676;49,97;
11:50:30;3770;49,97;
11:50:33;3805;49,97;
11:50:36;3935;49,97;
11:50:39;3978;49,96;
11:50:42;3976;49,97;
11:50:45;3946;49,97;
11:50:48;3867;49,97;
11:50:51;3877;49,97;
11:50:54;3882;49,97;
11:50:57;3686;49,96;
11:51:00;3659;49,96;
11:51:03;3046;49,96;
11:51:09;2896;49,96;
11:51:12;2890;49,97;
11:51:15;2859;49,96;
11:51:21;2853;49,96;
11:51:24;2856;49,97;
11:51:27;2849;49,97;
11:51:30;2854;49,96;
11:51:33;2815;49,96;
11:51:36;2797;49,96;
11:51:39;2767;49,96;
11:51:42;2753;49,96;
11:51:45;2729;49,96;
11:51:48;2722;49,96;
11:51:51;2712;49,97;
11:51:54;2706;49,97;
11:51:57;2703;49,98;
11:52:03;2705;49,98;
11:52:06;2722;49,98;
11:52:09;2717;49,98;
11:52:15;2733;49,97;
11:52:18;2744;49,98;
11:52:21;2782;49,97;
11:52:24;2806;49,97;
11:52:27;2954;49,97;
11:52:30;2949;49,97;
11:52:33;3012;49,97;
11:52:36;3006;49,97;
11:52:39;2769;49,96;
11:52:42;2761;49,96;
11:52:45;2754;49,97;
11:52:48;2772;49,98;
11:52:51;2779;49,98;
11:52:54;2787;49,98;
11:52:57;2778;49,98;
11:53:00;2814;49,98;
11:53:03;2858;49,98;
11:53:06;2892;49,98;
11:53:09;2987;49,98;
11:53:12;3065;49,98;
11:53:15;3352;49,98;
11:53:21;3208;49,97;
11:53:24;3255;49,97;
11:53:27;4051;49,96;
11:53:30;4372;49,96;
11:53:33;3616;49,96;
11:53:36;3383;49,96;
11:53:39;3770;49,96;
11:53:42;4009;49,97;
11:53:45;3257;49,96;
11:53:48;3273;49,96;
11:53:51;3338;49,96;
11:53:54;3231;49,96;
11:53:57;3124;49,96;
11:54:00;3629;49,96;
11:54:03;2914;49,96;
11:54:06;2624;49,96;
11:54:09;2528;49,96;
11:54:12;2510;49,96;
11:54:15;2468;49,96;
11:54:18;2456;49,96;
11:54:21;2419;49,96;
11:54:27;2407;49,97;
11:54:30;2404;49,97;
11:54:33;2382;49,97;
11:54:36;2392;49,97;
11:54:39;2384;49,98;
11:54:42;2387;49,98;
11:54:45;2388;49,98;
11:54:48;2377;49,98;
11:54:51;2389;49,97;
11:54:54;2395;49,97;
11:54:57;2384;49,97;
11:55:00;2395;49,97;
11:55:03;2387;49,97;
11:55:06;2392;49,97;
11:55:09;2393;49,96;
11:55:12;2384;49,96;
11:55:15;2384;49,97;
11:55:18;2394;49,97;
11:55:21;2392;49,97;
11:55:24;2410;49,97;
11:55:27;2431;49,97;
11:55:30;2461;49,97;
11:55:33;2547;49,97;
11:55:36;3218;49,97;
11:55:39;2606;49,97;
11:55:42;2646;49,98;
11:55:45;2823;49,98;
11:55:48;3519;49,98;
11:55:51;3833;49,98;
11:55:54;3280;49,97;
11:55:57;3878;49,97;
11:56:00;3620;49,97;
11:56:03;3548;49,97;
11:56:06;3143;49,97;
11:56:09;2783;49,97;
11:56:12;2907;49,96;
11:56:18;4308;49,97;
11:56:21;4104;49,97;
11:56:24;2939;49,96;
11:56:27;2961;49,96;
11:56:30;2766;49,97;
11:56:33;2811;49,97;
11:56:36;2646;49,97;
11:56:39;2588;49,96;
11:56:42;2579;49,97;
11:56:45;2561;49,97;
11:56:48;2566;49,97;
11:56:51;2568;49,97;
11:56:54;2559;49,97;
11:56:57;2570;49,98;
11:57:00;2572;49,98;
11:57:03;2578;49,98;
11:57:06;2571;49,98;
11:57:09;2584;49,98;
11:57:12;2583;49,97;
11:57:15;2591;49,97;
11:57:18;2586;49,97;
11:57:24;2603;49,97;
11:57:27;2612;49,97;
11:57:30;2611;49,98;
11:57:33;2630;49,98;
11:57:36;2644;49,97;
11:57:39;2647;49,97;
11:57:42;2663;49,97;
11:57:45;2656;49,96;
11:57:48;2694;49,97;
11:57:51;2708;49,97;
11:57:54;2719;49,98;
11:57:57;2742;49,98;
11:58:00;2769;49,98;
11:58:03;2794;49,98;
11:58:06;2817;49,98;
11:58:09;2860;49,98;
11:58:12;2904;49,97;
11:58:15;2937;49,98;
11:58:18;3003;49,98;
11:58:21;3125;49,98;
11:58:24;3328;49,98;
11:58:30;3754;49,98;
11:58:33;4162;49,98;
11:58:36;3852;49,98;
11:58:39;3638;49,99;
11:58:42;3283;49,99;
11:58:45;3247;50,00;
11:58:48;3339;49,99;
11:58:51;3510;49,99;
11:58:54;4746;49,98;
11:58:57;5252;49,98;
11:59:00;5602;49,98;
11:59:03;6264;49,98;
11:59:06;6130;49,98;
11:59:09;5562;49,98;
11:59:12;5282;49,98;
11:59:15;4186;49,98;
11:59:18;3054;49,98;
11:59:21;3075;49,98;
11:59:24;3056;49,98;
11:59:27;2981;49,98;
11:59:30;2802;49,98;
11:59:36;2704;49,99;
11:59:39;2587;50,00;
11:59:42;2486;49,99;
11:59:45;2429;49,99;
11:59:48;2373;49,99;
11:59:51;2348;49,99;
11:59:54;2323;49,98;
11:59:57;2307;49,99;
12:00:00;2273;49,99;
12:00:03;2229;50,00;
12:00:06;2225;50,00;
12:00:09;2199;50,00;
12:00:12;2188;50,01;
12:00:15;2158;50,01;
12:00:21;2127;50,01;
12:00:24;2119;50,01;
12:00:27;2089;50,00;
12:00:30;2090;49,99;
12:00:33;2075;49,98;
12:00:36;2069;49,98;
12:00:39;2063;49,98;
12:00:42;2041;49,98;
12:00:45;2037;49,97;
12:00:48;2030;49,97;
12:00:51;2019;49,97;
12:00:54;2028;49,97;
12:00:57;2029;49,98;
12:01:00;2019;49,98;
12:01:03;2008;49,98;
12:01:06;2011;49,98;
12:01:09;2018;49,98;
12:01:12;2014;49,98;
12:01:15;2017;49,98;
12:01:18;2005;49,98;
12:01:21;2017;49,98;
12:01:27;2020;49,97;
12:01:30;2012;49,97;
12:01:33;2029;49,97;
12:01:36;2028;49,97;
12:01:39;2038;49,98;
12:01:42;2034;49,98;
12:01:45;2044;49,98;
12:01:48;2048;49,98;
12:01:51;2059;49,98;
12:01:54;2056;49,98;
12:01:57;2069;49,98;
12:02:00;2067;49,98;
12:02:03;2079;49,98;
12:02:06;2076;49,97;
12:02:09;2084;49,97;
12:02:15;2097;49,98;
12:02:18;2094;49,98;
12:02:21;2107;49,98;
12:02:24;2102;49,98;
12:02:27;2112;49,98;
12:02:33;2111;49,97;
12:02:36;2098;49,97;
12:02:39;2112;49,96;
12:02:42;2113;49,96;
12:02:45;2119;49,96;
12:02:48;2112;49,96;
12:02:51;2122;49,97;
12:02:54;2113;49,97;
12:02:57;2127;49,97;
12:03:00;2116;49,97;
12:03:03;2132;49,97;
12:03:06;2132;49,96;
12:03:09;2137;49,96;
12:03:12;2127;49,96;
12:03:15;2139;49,97;
12:03:18;2142;49,97;
12:03:21;2151;49,97;
12:03:24;2142;49,97;
12:03:27;2157;49,98;
12:03:30;2158;49,98;
12:03:33;2165;49,98;
12:03:39;2176;49,97;
12:03:42;2180;49,97;
12:03:45;2178;49,98;
12:03:48;2164;49,98;
12:03:51;2167;49,98;
12:03:54;2168;49,98;
12:03:57;2158;49,98;
12:04:00;2161;49,98;
12:04:03;2158;49,98;
12:04:06;2157;49,98;
12:04:09;2155;49,98;
12:04:12;2152;49,98;
12:04:15;2147;49,98;
12:04:18;2147;49,97;
12:04:21;2144;49,97;
12:04:24;2145;49,97;
12:04:27;2145;49,96;
12:04:30;2147;49,96;
12:04:33;2146;49,96;
12:04:36;2149;49,97;
12:04:39;2141;49,97;
12:04:42;2152;49,98;
12:04:45;2151;49,98;
12:04:48;2153;49,98;
12:04:51;2139;49,98;
12:04:54;2149;49,97;
12:04:57;2146;49,97;
12:05:00;2145;49,97;
12:05:03;2133;49,97;
12:05:06;2142;49,96;
12:05:09;2127;49,96;
12:05:12;2138;49,96;
12:05:15;2126;49,96;
12:05:18;2136;49,96;
12:05:21;2130;49,96;
12:05:30;2127;49,96;
12:05:33;2125;49,96;
12:05:39;2116;49,96;
12:05:42;2131;49,96;
12:05:45;2134;49,97;
12:05:48;2133;49,97;
12:05:51;2139;49,96;
12:05:54;2142;49,96;
12:05:57;2147;49,96;
12:06:00;2150;49,96;
12:06:03;2147;49,96;
12:06:06;2159;49,97;
12:06:09;2165;49,97;
12:06:12;2162;49,97;
12:06:15;2174;49,97;
12:06:18;2180;49,97;
12:06:21;2182;49,97;
12:06:24;2188;49,96;
12:06:27;2190;49,97;
12:06:30;2194;49,96;
12:06:36;2198;49,97;
12:06:42;2200;49,97;
12:06:45;2201;49,96;
12:06:48;2206;49,96;
12:06:51;2208;49,97;
12:06:54;2200;49,97;
12:06:57;2216;49,97;
12:07:00;2237;49,97;
12:07:03;2255;49,97;
12:07:06;2344;49,97;
12:07:09;2477;49,97;
12:07:12;4031;49,97;
12:07:15;4051;49,97;
12:07:18;4354;49,97;
12:07:21;2526;49,96;
12:07:24;2342;49,96;
12:07:27;2290;49,96;
12:07:30;2239;49,96;
12:07:33;2233;49,96;
12:07:36;2204;49,96;
12:07:42;2170;49,96;
12:07:45;2161;49,97;
12:07:48;2145;49,97;
12:07:51;2138;49,97;
12:07:54;2122;49,97;
12:07:57;2114;49,97;
12:08:00;2108;49,97;
12:08:03;2102;49,97;
12:08:06;2084;49,97;
12:08:09;2077;49,97;
12:08:12;2070;49,97;
12:08:15;2065;49,97;
12:08:18;2059;49,97;
12:08:21;2054;49,98;
12:08:24;2051;49,98;
12:08:27;2047;49,97;
12:08:30;2044;49,97;
12:08:36;2045;49,97;
12:08:39;2043;49,97;
12:08:42;2044;49,97;
12:08:51;2051;49,98;
12:08:54;2055;49,98;
12:08:57;2058;49,98;
12:09:00;2066;49,98;
12:09:03;2070;49,98;
12:09:06;2067;49,98;
12:09:09;2075;49,98;
12:09:12;2094;49,99;
12:09:15;2101;49,98;
12:09:18;2107;49,98;
12:09:21;2118;49,98;
12:09:24;2126;49,98;
12:09:27;2140;49,98;
12:09:33;2165;49,99;
12:09:36;2175;49,98;
12:09:39;2194;49,98;
12:09:42;2201;49,98;
12:09:45;2221;49,98;
12:09:48;2230;49,98;
12:09:51;2238;49,98;
12:09:54;2248;49,98;
12:09:57;2274;49,98;
12:10:00;2281;49,98;
12:10:03;2301;49,98;
12:10:06;2308;49,98;
12:10:09;2327;49,97;
12:10:12;2339;49,97;
12:10:15;2346;49,97;
12:10:18;2367;49,98;
12:10:21;2383;49,98;
12:10:24;2393;49,98;
12:10:27;2410;49,98;
12:10:30;2421;49,98;
12:10:33;2440;49,97;
12:10:39;2473;49,96;
12:10:42;2484;49,96;
12:10:45;2506;49,96;
12:10:48;2517;49,96;
12:10:51;2539;49,96;
12:10:54;2558;49,96;
12:10:57;2564;49,96;
12:11:00;2596;49,96;
12:11:03;2681;49,97;
12:11:06;2739;49,97;
12:11:09;2935;49,96;
12:11:12;3290;49,97;
12:11:15;5192;49,96;
12:11:18;5242;49,97;
12:11:21;5036;49,97;
12:11:24;5320;49,97;
12:11:27;5060;49,98;
12:11:30;4938;49,98;
12:11:33;4930;49,98;
12:11:36;4870;49,99;
12:11:39;4876;49,99;
12:11:45;4258;49,99;
12:11:48;3714;49,99;
12:11:51;3582;49,98;
12:11:54;2932;49,98;
12:11:57;2611;49,97;
12:12:00;2623;49,97;
12:12:03;2603;49,97;
12:12:06;2615;49,97;
12:12:09;2632;49,98;
12:12:12;2615;49,98;
12:12:15;2648;49,98;
12:12:18;2639;49,98;
12:12:21;2662;49,98;
12:12:24;2669;49,98;
12:12:27;2682;49,98;
12:12:30;2702;49,98;
12:12:33;2712;49,98;
12:12:36;2738;49,98;
12:12:39;2764;49,98;
12:12:42;2783;49,97;
12:12:45;2803;49,97;
12:12:51;2865;49,98;
12:12:54;2885;49,98;
12:12:57;2906;49,99;
12:13:00;2936;50,00;
12:13:03;2982;50,00;
12:13:06;3015;50,00;
12:13:09;3048;50,00;
12:13:12;3076;50,00;
12:13:15;3261;50,00;
12:13:18;3397;50,00;
12:13:21;4954;50,00;
12:13:24;5276;50,00;
12:13:27;5160;50,00;
12:13:30;5222;50,00;
12:13:36;5212;50,00;
12:13:39;5234;50,00;
12:13:42;5192;50,00;
12:13:45;5264;49,99;
12:13:48;5540;49,99;
12:13:51;5734;49,99;
12:13:54;5938;49,99;
12:13:57;6260;49,99;
12:14:00;6756;49,99;
12:14:03;6884;49,99;
12:14:06;6956;49,99;
12:14:09;6908;49,99;
12:14:12;7160;49,99;
12:14:15;7092;49,99;
12:14:18;6832;49,99;
12:14:21;5980;49,99;
12:14:24;5848;49,98;
12:14:27;6022;49,98;
12:14:30;5666;49,98;
12:14:33;5604;49,98;
12:14:36;5448;49,98;
12:14:42;5226;49,99;
12:14:45;5096;49,99;
12:14:48;5170;50,00;
12:14:51;5248;50,00;
12:14:54;5230;50,00;
12:14:57;5612;50,00;
12:15:00;5718;50,00;
12:15:03;5678;50,00;
12:15:06;5532;50,00;
12:15:09;5830;50,00;
12:15:12;6084;50,00;
12:15:15;6226;50,00;
12:15:18;6624;50,00;
12:15:21;6388;50,00;
12:15:24;5054;50,00;
12:15:27;5226;50,00;
12:15:30;4182;50,00;
12:15:33;4224;50,00;
12:15:36;5728;49,99;
12:15:39;5268;49,99;
12:15:42;3830;49,99;
12:15:48;5130;50,00;
12:15:51;5186;50,00;
12:15:54;5158;50,00;
12:15:57;5092;50,00;
12:16:00;4262;50,00;
12:16:03;4242;50,00;
12:16:06;4146;49,99;
12:16:09;4584;49,99;
12:16:12;6200;49,99;
12:16:15;6224;49,98;
12:16:18;6422;49,97;
12:16:21;6254;49,96;
12:16:24;6364;49,96;
12:16:27;6778;49,96;
12:16:30;7174;49,96;
12:16:33;7230;49,96;
12:16:36;7430;49,96;
12:16:39;7570;49,95;
12:16:42;7900;49,96;
12:16:45;7884;49,96;
12:16:48;7700;49,97;
12:16:54;7764;49,97;
12:16:57;7970;49,97;
12:17:00;8548;49,96;
12:17:03;8476;49,96;
12:17:06;8732;49,96;
12:17:09;8856;49,97;
12:17:12;8896;49,97;
12:17:15;9060;49,97;
12:17:18;9012;49,98;
12:17:21;9064;49,98;
12:17:24;8764;49,98;
12:17:27;8576;49,98;
12:17:30;8688;49,97;
12:17:33;8684;49,97;
12:17:36;8760;49,97;
12:17:39;8244;49,96;
12:17:42;8264;49,96;
12:17:45;8324;49,96;
12:17:48;8308;49,97;
12:17:51;8496;49,98;
12:17:54;8516;49,99;
12:18:00;8276;49,99;
12:18:03;6526;49,99;
12:18:06;6294;49,99;
12:18:09;4374;49,98;
12:18:12;3865;49,98;
12:18:15;3645;49,97;
12:18:18;3653;49,96;
12:18:21;3644;49,96;
12:18:24;3636;49,96;
12:18:27;3593;49,96;
12:18:30;3559;49,96;
12:18:33;3459;49,96;
12:18:36;3429;49,96;
12:18:39;3358;49,96;
12:18:45;3316;49,97;
12:18:51;3295;49,97;
12:18:54;3302;49,97;
12:18:57;3300;49,97;
12:19:00;3302;49,97;
12:19:03;3315;49,97;
12:19:06;3313;49,98;
12:19:09;3396;49,97;
12:19:12;3435;49,97;
12:19:15;3693;49,97;
12:19:18;3682;49,98;
12:19:21;3576;49,98;
12:19:24;3534;49,98;
12:19:27;3528;49,98;
12:19:30;3502;49,97;
12:19:33;3489;49,97;
12:19:36;3473;49,97;
12:19:39;3479;49,97;
12:19:42;3476;49,97;
12:19:45;3497;49,97;
12:19:51;3525;49,97;
12:19:54;3530;49,97;
12:19:57;3570;49,97;
12:20:00;3579;49,98;
12:20:03;3694;49,98;
12:20:06;3676;49,98;
12:20:09;3747;49,98;
12:20:12;3737;49,98;
12:20:15;3666;49,97;
12:20:18;3660;49,96;
12:20:21;3679;49,96;
12:20:24;3680;49,96;
12:20:27;3741;49,97;
12:20:30;3759;49,97;
12:20:33;3781;49,96;
12:20:36;3791;49,96;
12:20:39;3847;49,97;
12:20:42;3804;49,96;
12:20:45;3782;49,97;
12:20:48;3775;49,97;
12:20:51;3830;49,97;
12:20:57;3938;49,97;
12:21:00;3965;49,97;
12:21:03;4056;49,97;
12:21:06;4078;49,97;
12:21:09;4160;49,97;
12:21:12;4204;49,97;
12:21:15;4262;49,97;
12:21:18;4318;49,97;
12:21:21;4984;49,97;
12:21:24;5880;49,97;
12:21:27;8232;49,97;
12:21:30;9688;49,97;
12:21:33;7032;49,97;
12:21:36;7366;49,98;
12:21:39;9648;49,98;
12:21:42;10320;49,98;
12:21:45;7438;49,98;
12:21:48;6718;49,98;
12:21:51;5062;49,98;
12:21:54;4280;49,99;
12:21:57;3980;49,99;
12:22:03;3938;49,98;
12:22:06;3969;49,98;
12:22:09;3964;49,97;
12:22:12;4023;49,97;
12:22:15;4090;49,97;
12:22:18;4178;49,97;
12:22:21;4292;49,97;
12:22:24;5042;49,96;
12:22:27;8892;49,96;
12:22:30;8708;49,97;
12:22:33;7166;49,97;
12:22:36;7366;49,97;
12:22:39;10124;49,97;
12:22:42;10612;49,97;
12:22:48;10684;49,97;
12:22:51;10568;49,97;
12:22:54;9664;49,98;
12:22:57;6056;49,98;
12:23:00;5744;49,99;
12:23:03;4276;49,99;
12:23:06;4172;49,99;
12:23:09;4029;49,99;
12:23:12;3832;49,98;
12:23:15;3686;49,98;
12:23:18;3641;49,98;
12:23:21;3630;49,98;
12:23:24;3581;49,98;
12:23:27;3561;49,97;
12:23:30;3537;49,97;
12:23:33;3508;49,97;
12:23:36;3473;49,97;
12:23:39;3442;49,97;
12:23:42;3432;49,97;
12:23:45;3417;49,97;
12:23:48;3400;49,96;
12:23:54;3374;49,97;
12:23:57;3363;49,97;
12:24:00;3345;49,98;
12:24:03;3317;49,98;
12:24:06;3294;49,98;
12:24:09;3289;49,98;
12:24:12;3286;49,98;
12:24:15;3285;49,98;
12:24:18;3283;49,97;
12:24:21;3281;49,97;
12:24:24;3270;49,97;
12:24:27;3262;49,97;
12:24:30;3263;49,96;
12:24:33;3259;49,97;
12:24:36;3257;49,97;
12:24:39;3265;49,97;
12:24:42;3286;49,97;
12:24:45;3304;49,97;
12:24:48;3381;49,98;
12:24:51;3465;49,98;
12:24:54;4077;49,99;
12:25:00;5500;49,99;
12:25:03;7830;50,00;
12:25:06;9620;50,00;
12:25:09;9428;49,99;
12:25:12;9432;49,99;
12:25:15;9420;49,99;
12:25:18;9492;49,99;
12:25:21;9416;49,99;
12:25:24;9040;49,99;
12:25:27;7692;49,99;
12:25:30;7760;49,99;
12:25:33;6428;50,00;
12:25:36;3910;50,00;
12:25:39;3716;50,00;
12:25:42;3566;50,00;
12:25:45;3488;50,00;
12:25:48;3453;50,00;
12:25:51;3469;49,99;
12:25:54;3470;49,99;
12:25:57;3492;49,99;
12:26:00;3511;49,99;
12:26:06;3562;49,99;
12:26:09;3587;49,98;
12:26:12;3666;49,98;
12:26:15;3918;49,98;
12:26:18;3925;49,97;
12:26:21;3747;49,97;
12:26:24;3709;49,97;
12:26:27;3705;49,97;
12:26:30;3839;49,98;
12:26:33;3864;49,98;
12:26:36;3859;49,98;
12:26:39;3871;49,98;
12:26:42;3909;49,99;
12:26:45;3970;49,99;
12:26:48;4020;49,99;
12:26:51;4180;49,98;
12:26:54;4328;49,98;
12:26:57;4298;49,98;
12:27:00;4470;49,98;
12:27:03;4660;49,98;
12:27:06;5044;49,98;
12:27:12;5262;49,98;
12:27:15;4660;49,98;
12:27:18;4342;49,98;
12:27:21;4120;49,98;
12:27:24;4068;49,98;
12:27:27;4009;49,98;
12:27:30;3988;49,98;
12:27:33;3970;49,97;
12:27:36;3958;49,97;
12:27:39;3948;49,98;
12:27:42;3946;49,98;
12:27:45;3944;49,98;
12:27:51;3943;49,97;
12:27:57;3949;49,97;
12:28:00;3954;49,98;
12:28:03;3923;49,98;
12:28:06;3890;49,98;
12:28:09;3831;49,97;
12:28:12;3809;49,97;
12:28:15;3777;49,97;
12:28:18;3769;49,97;
12:28:21;3720;49,97;
12:28:24;3706;49,97;
12:28:27;3681;49,97;
12:28:30;3670;49,97;
12:28:33;3649;49,97;
12:28:36;3643;49,97;
12:28:39;3623;49,97;
12:28:42;3617;49,97;
12:28:45;3601;49,97;
12:28:48;3595;49,97;
12:28:51;3578;49,97;
12:28:54;3570;49,98;
12:28:57;3561;49,98;
12:29:03;3549;49,97;
12:29:09;3555;49,97;
12:29:12;3561;49,97;
12:29:15;3585;49,97;
12:29:18;3615;49,97;
12:29:21;3636;49,97;
12:29:24;3686;49,97;
12:29:27;3940;49,97;
12:29:30;4224;49,97;
12:29:33;8636;49,96;
12:29:36;10956;49,96;
12:29:39;11064;49,96;
12:29:42;7492;49,97;
12:29:45;7280;49,97;
12:29:48;3572;49,98;
12:29:51;3434;49,98;
12:29:54;3376;49,98;
12:29:57;3364;49,98;
12:30:00;3367;49,99;
12:30:03;3490;49,99;
12:30:09;3359;49,99;
12:30:12;3362;49,98;
12:30:15;3350;49,97;
12:30:18;3354;49,97;
12:30:21;3347;49,96;
12:30:24;3364;49,96;
12:30:27;3370;49,97;
12:30:30;3371;49,96;
12:30:33;3382;49,96;
12:30:36;3401;49,96;
12:30:39;3410;49,97;
12:30:42;3429;49,97;
12:30:45;3436;49,98;
12:30:48;3457;49,98;
12:30:51;3470;49,98;
12:30:54;3494;49,98;
12:30:57;3512;49,99;
12:31:00;3535;50,00;
12:31:03;3550;49,99;
12:31:06;3573;49,99;
12:31:09;3591;49,99;
12:31:15;3630;49,98;
12:31:18;3658;49,98;
12:31:21;3710;49,98;
12:31:24;3724;49,98;
12:31:27;3773;49,98;
12:31:30;3803;49,98;
12:31:33;3841;49,98;
12:31:36;3878;49,97;
12:31:39;3976;49,97;
12:31:42;4078;49,97;
12:31:45;4144;49,97;
12:31:48;4512;49,97;
12:31:51;7124;49,97;
12:31:54;11308;49,98;
12:32:00;12140;49,97;
12:32:03;11956;49,97;
12:32:06;11984;49,96;
12:32:09;12020;49,96;
12:32:12;12000;49,96;
12:32:15;12016;49,96;
12:32:18;11892;49,96;
12:32:21;8400;49,96;
12:32:24;9740;49,96;
12:32:27;11028;49,96;
12:32:30;12024;49,96;
12:32:33;11616;49,96;
12:32:36;4810;49,96;
12:32:39;4406;49,96;
12:32:42;4300;49,96;
12:32:45;4250;49,96;
12:32:48;5060;49,96;
12:32:51;4400;49,95;
12:32:54;4152;49,94;
12:32:57;4160;49,95;
12:33:00;4396;49,95;
12:33:06;9304;49,96;
12:33:09;10264;49,96;
12:33:12;9764;49,96;
12:33:15;11856;49,96;
12:33:18;11932;49,96;
12:33:21;12072;49,96;
12:33:24;12000;49,96;
12:33:27;8664;49,95;
12:33:30;6812;49,95;
12:33:33;8576;49,95;
12:33:36;6042;49,95;
12:33:39;5004;49,95;
12:33:42;9508;49,96;
12:33:45;11208;49,96;
12:33:48;11796;49,96;
12:33:51;11660;49,96;
12:33:54;11836;49,96;
12:33:57;11860;49,96;
12:34:00;11652;49,95;
12:34:03;11404;49,95;
12:34:06;6830;49,95;
12:34:12;4748;49,95;
12:34:15;6120;49,95;
12:34:18;10696;49,95;
12:34:21;11676;49,94;
12:34:24;9308;49,94;
12:34:27;10344;49,94;
12:34:30;10752;49,94;
12:34:33;11236;49,94;
12:34:36;4976;49,95;
12:34:39;4942;49,96;
12:34:42;4710;49,96;
12:34:45;4724;49,96;
12:34:48;4386;49,96;
12:34:51;4436;49,96;
12:34:54;6110;49,96;
12:34:57;4408;49,96;
12:35:00;3849;49,96;
12:35:03;3703;49,96;
12:35:06;3607;49,96;
12:35:09;3569;49,96;
12:35:12;3492;49,95;
12:35:18;3485;49,96;
12:35:21;3519;49,96;
12:35:24;3715;49,96;
12:35:27;3903;49,96;
12:35:30;4988;49,96;
12:35:33;4646;49,96;
12:35:36;5478;49,96;
12:35:39;7920;49,96;
12:35:42;9292;49,96;
12:35:45;9664;49,96;
12:35:48;11288;49,96;
12:35:51;10856;49,96;
12:35:54;11324;49,96;
12:35:57;10252;49,96;
12:36:00;9700;49,95;
12:36:03;7222;49,96;
12:36:06;4368;49,96;
12:36:09;3948;49,96;
12:36:12;3647;49,96;
12:36:15;3529;49,96;
12:36:18;3531;49,96;
12:36:21;3537;49,96;
12:36:24;3603;49,96;
12:36:27;2988;49,96;
12:36:30;2935;49,96;
12:36:33;2823;49,96;
12:36:36;2767;49,96;
12:36:39;2737;49,96;
12:36:42;2734;49,97;
12:36:45;2705;49,97;
12:36:48;2696;49,97;
12:36:51;2689;49,97;
12:36:54;2676;49,97;
12:36:57;2675;49,97;
12:37:00;2667;49,97;
12:37:03;2663;49,97;
12:37:09;2650;49,98;
12:37:12;2651;49,98;
12:37:15;2629;49,97;
12:37:18;2622;49,97;
12:37:21;2597;49,96;
12:37:24;2584;49,96;
12:37:27;2582;49,96;
12:37:30;2568;49,96;
12:37:33;2566;49,96;
12:37:36;2554;49,97;
12:37:39;2560;49,97;
12:37:42;2565;49,97;
12:37:45;2573;49,97;
12:37:48;2570;49,97;
12:37:51;2583;49,97;
12:37:54;2594;49,96;
12:37:57;2616;49,97;
12:38:00;2614;49,97;
12:38:03;2649;49,97;
12:38:06;2658;49,97;
12:38:09;2690;49,96;
12:38:15;2752;49,96;
12:38:18;2784;49,97;
12:38:21;2883;49,97;
12:38:24;2957;49,97;
12:38:27;3978;49,96;
12:38:30;9688;49,96;
12:38:33;11080;49,96;
12:38:36;10988;49,96;
12:38:39;10852;49,96;
12:38:42;10816;49,96;
12:38:45;10892;49,96;
12:38:48;10876;49,96;
12:38:51;10920;49,96;
12:38:54;10948;49,96;
12:38:57;11040;49,96;
12:39:00;10872;49,97;
12:39:03;10896;49,97;
12:39:06;10936;49,97;
12:39:09;10976;49,97;
12:39:12;10972;49,97;
12:39:15;11028;49,97;
12:39:21;11212;49,96;
12:39:24;11164;49,96;
12:39:27;11292;49,97;
12:39:30;11176;49,97;
12:39:33;11024;49,96;
12:39:36;11020;49,97;
12:39:39;11052;49,97;
12:39:42;11040;49,97;
12:39:45;10876;49,97;
12:39:48;10864;49,98;
12:39:51;10808;49,98;
12:39:54;10780;49,97;
12:39:57;10596;49,98;
12:40:00;10624;49,98;
12:40:03;10612;49,98;
12:40:06;10404;49,98;
12:40:09;9872;49,98;
12:40:12;9948;49,98;
12:40:15;9980;49,98;
12:40:18;8708;49,98;
12:40:21;8616;49,96;
12:40:27;9544;49,96;
12:40:30;9540;49,97;
12:40:33;9672;49,97;
12:40:36;9448;49,97;
12:40:39;9332;49,98;
12:40:42;9204;49,98;
12:40:45;9192;49,98;
12:40:48;9036;49,98;
12:40:51;9144;49,99;
12:40:54;9040;49,98;
12:40:57;8948;49,98;
12:41:00;8884;49,98;
12:41:03;9028;49,98;
12:41:06;9396;49,98;
12:41:12;8848;49,97;
12:41:15;8716;49,97;
12:41:18;8588;49,98;
12:41:21;8528;49,98;
12:41:24;8456;49,98;
12:41:27;8508;49,98;
12:41:30;8544;49,98;
12:41:33;8384;49,98;
12:41:36;8576;49,97;
12:41:39;8452;49,97;
12:41:42;8168;49,96;
12:41:45;8114;49,96;
12:41:48;8036;49,96;
12:41:51;8176;49,97;
12:41:54;8336;49,97;
12:41:57;8364;49,98;
12:42:00;8404;49,98;
12:42:03;8186;49,98;
12:42:06;7786;49,98;
12:42:09;7998;49,98;
12:42:12;8188;49,98;
12:42:18;8352;49,97;
12:42:21;8240;49,97;
12:42:24;8176;49,97;
12:42:27;8142;49,97;
12:42:30;8500;49,96;
12:42:33;8448;49,96;
12:42:36;8544;49,96;
12:42:39;8416;49,97;
12:42:42;8228;49,98;
12:42:45;8352;49,98;
12:42:48;8296;49,98;
12:42:51;8392;49,98;
12:42:54;8284;49,99;
12:42:57;8324;49,99;
12:43:00;8224;49,99;
12:43:03;8300;49,99;
12:43:06;8524;50,00;
12:43:09;8500;49,99;
12:43:12;8146;49,99;
12:43:15;7804;49,99;
12:43:18;7836;50,00;
12:43:24;8066;50,00;
12:43:27;8052;49,99;
12:43:30;7960;49,98;
12:43:33;7916;49,98;
12:43:36;8268;49,97;
12:43:39;8272;49,97;
12:43:42;8388;49,97;
12:43:45;8492;49,97;
12:43:48;7622;49,97;
12:43:51;7680;49,97;
12:43:54;7766;49,96;
12:43:57;7798;49,96;
12:44:00;8036;49,96;
12:44:03;8128;49,96;
12:44:06;8276;49,96;
12:44:09;8064;49,96;
12:44:12;8080;49,96;
12:44:15;7978;49,96;
12:44:18;8060;49,97;
12:44:21;8022;49,97;
12:44:24;8042;49,97;
12:44:30;8328;49,98;
12:44:33;8276;49,97;
12:44:36;8130;49,98;
12:44:39;8444;49,98;
12:44:42;8464;49,97;
12:44:45;8556;49,97;
12:44:48;8628;49,98;
12:44:51;8588;49,97;
12:44:54;8416;49,98;
12:44:57;8452;49,98;
12:45:00;8252;49,98;
12:45:03;8248;49,98;
12:45:06;8268;49,98;
12:45:09;8184;49,98;
12:45:12;8320;49,97;
12:45:15;8472;49,97;
12:45:18;8380;49,97;
12:45:21;8224;49,97;
12:45:24;8162;49,97;
12:45:27;7946;49,97;
12:45:30;7802;49,97;
12:45:33;7760;49,97;
12:45:36;7886;49,97;
12:45:39;7736;49,98;
12:45:42;7766;49,98;
12:45:45;7906;49,99;
12:45:48;7914;49,99;
12:45:51;8098;49,99;
12:45:54;8090;49,99;
12:45:57;8136;50,00;
12:46:00;8090;50,00;
12:46:03;8046;50,00;
12:46:06;7996;50,00;
12:46:09;8034;50,00;
12:46:12;8070;50,00;
12:46:15;8232;49,99;
12:46:21;8000;49,99;
12:46:27;7968;49,99;
12:46:30;8052;49,99;
12:46:33;8024;49,99;
12:46:36;7954;49,99;
12:46:39;8134;49,99;
12:46:42;8276;49,99;
12:46:45;8480;50,00;
12:46:48;8608;50,00;
12:46:51;8884;50,01;
12:46:54;8824;50,01;
12:46:57;9004;50,00;
12:47:00;9124;50,00;
12:47:03;9248;50,00;
12:47:06;9220;50,00;
12:47:09;9280;50,00;
12:47:12;9268;50,00;
12:47:15;9260;50,00;
12:47:18;9364;49,99;
12:47:21;9308;49,99;
12:47:27;9040;49,98;
12:47:33;9108;49,98;
12:47:36;9444;49,98;
12:47:39;9924;49,99;
12:47:42;9996;49,99;
12:47:45;10360;49,99;
12:47:48;10648;49,99;
12:47:51;10596;49,98;
12:47:54;10436;49,98;
12:47:57;10312;49,98;
12:48:00;10600;49,98;
12:48:03;10628;49,98;
12:48:06;10728;49,98;
12:48:09;10888;49,98;
12:48:12;10808;49,98;
12:48:15;10660;49,99;
12:48:18;10724;49,99;
12:48:21;10744;49,99;
12:48:24;10828;49,99;
12:48:27;10684;49,98;
12:48:33;10924;49,98;
12:48:36;10808;49,98;
12:48:39;10660;49,98;
12:48:42;10552;49,98;
12:48:45;10564;49,98;
12:48:48;10444;49,98;
12:48:51;10408;49,98;
12:48:54;10244;49,98;
12:48:57;10528;49,98;
12:49:00;10320;49,99;
12:49:03;10436;49,99;
12:49:06;10608;49,99;
12:49:09;10452;49,98;
12:49:12;10512;49,98;
12:49:15;10448;49,98;
12:49:18;10136;49,98;
12:49:21;10088;49,98;
12:49:24;10152;49,98;
12:49:27;10168;49,98;
12:49:30;10236;49,98;
12:49:33;9968;49,98;
12:49:39;9956;49,98;
12:49:42;9880;49,98;
12:49:45;9556;49,98;
12:49:48;9544;49,98;
12:49:51;9644;49,98;
12:49:54;9680;49,98;
12:49:57;9632;49,98;
12:50:00;9272;49,98;
12:50:03;9396;49,98;
12:50:06;9300;49,99;
12:50:09;9296;49,99;
12:50:12;9132;49,99;
12:50:15;9292;49,99;
12:50:18;9576;49,98;
12:50:24;9880;49,98;
12:50:27;9848;49,98;
12:50:30;9700;49,99;
12:50:33;9296;49,99;
12:50:36;9524;49,99;
12:50:39;9676;49,99;
12:50:42;9644;49,99;
12:50:45;9784;49,99;
12:50:48;9740;50,00;
12:50:51;9808;50,00;
12:50:54;9756;49,99;
12:50:57;9696;49,99;
12:51:00;9752;49,99;
12:51:03;9732;49,99;
12:51:06;9752;49,99;
12:51:09;9960;49,99;
12:51:12;9680;50,00;
12:51:15;9740;50,00;
12:51:18;9596;49,99;
12:51:21;9548;50,00;
12:51:24;9732;50,00;
12:51:30;9372;50,00;
12:51:33;9328;50,00;
12:51:36;9452;50,00;
12:51:39;9244;50,00;
12:51:42;9256;50,00;
12:51:45;9448;50,00;
12:51:48;9456;50,00;
12:51:51;9248;50,00;
12:51:54;9348;50,00;
12:51:57;9304;50,00;
12:52:00;9440;50,00;
12:52:03;9480;50,00;
12:52:06;9588;50,01;
12:52:09;9528;50,01;
12:52:12;9384;50,01;
12:52:15;9088;50,00;
12:52:18;9056;50,00;
12:52:21;9208;50,00;
12:52:24;9184;49,99;
12:52:27;9144;49,99;
12:52:30;9172;49,99;
12:52:36;9212;49,99;
12:52:39;9132;50,00;
12:52:42;8960;50,00;
12:52:45;9004;50,00;
12:52:48;8876;50,00;
12:52:51;8784;50,00;
12:52:54;8848;50,00;
12:52:57;8864;50,00;
12:53:00;9108;50,00;
12:53:03;9240;49,99;
12:53:06;9108;49,99;
12:53:09;9128;49,99;
12:53:12;9292;49,99;
12:53:15;9464;49,99;
12:53:18;9552;49,99;
12:53:21;9632;49,99;
12:53:24;9664;49,98;
12:53:27;9772;49,98;
12:53:30;9584;49,98;
12:53:33;9564;49,98;
12:53:36;9624;49,98;
12:53:42;9692;49,98;
12:53:45;9804;49,98;
12:53:48;9832;49,98;
12:53:51;9760;49,98;
12:53:54;9512;49,98;
12:53:57;9632;49,98;
12:54:00;9704;49,98;
12:54:03;9540;49,98;
12:54:06;9300;49,98;
12:54:09;9356;49,99;
12:54:12;9452;49,99;
12:54:15;9492;49,99;
12:54:18;10092;49,99;
12:54:21;10168;49,99;
12:54:27;10204;50,00;
12:54:30;10060;50,00;
12:54:33;9776;50,00;
12:54:36;9640;50,00;
12:54:39;9648;49,99;
12:54:42;9924;49,99;
12:54:45;9968;49,98;
12:54:48;9960;49,98;
12:54:51;10228;49,98;
12:54:57;10020;49,98;
12:55:00;10044;49,98;
12:55:03;9728;49,98;
12:55:06;9484;49,98;
12:55:09;9560;49,98;
12:55:12;9672;49,98;
12:55:15;10412;49,98;
12:55:18;10092;49,98;
12:55:21;9648;49,98;
12:55:24;9668;49,97;
12:55:27;9380;49,96;
12:55:33;9172;49,96;
12:55:36;9072;49,96;
12:55:39;9108;49,97;
12:55:42;9220;49,97;
12:55:45;9588;49,96;
12:55:48;9584;49,97;
12:55:51;9828;49,96;
12:55:54;9932;49,96;
12:55:57;9452;49,97;
12:56:00;9344;49,97;
12:56:03;8800;49,98;
12:56:06;8604;49,98;
12:56:09;8992;49,98;
12:56:12;9292;49,98;
12:56:15;9908;49,98;
12:56:18;10392;49,98;
12:56:21;10308;49,98;
12:56:24;9064;49,98;
12:56:27;8480;49,97;
12:56:30;8612;49,97;
12:56:33;8868;49,97;
12:56:39;9288;49,98;
12:56:42;9660;49,98;
12:56:45;9952;49,98;
12:56:48;9704;49,98;
12:56:51;9124;49,98;
12:56:54;8544;49,98;
12:56:57;8328;49,98;
12:57:00;8138;49,98;
12:57:03;8632;49,98;
12:57:06;8824;49,98;
12:57:09;9068;49,98;
12:57:12;8720;49,98;
12:57:15;8732;49,98;
12:57:18;8932;49,98;
12:57:21;9156;49,98;
12:57:24;8928;49,97;
12:57:27;9020;49,97;
12:57:30;8968;49,97;
12:57:33;9088;49,98;
12:57:36;8948;49,98;
12:57:39;8740;49,98;
12:57:45;8480;49,98;
12:57:48;8632;49,97;
12:57:51;8820;49,98;
12:57:54;8680;49,98;
12:57:57;8556;49,98;
12:58:00;8396;49,98;
12:58:03;8136;49,98;
12:58:06;8002;49,98;
12:58:09;8048;49,98;
12:58:12;8308;49,98;
12:58:15;8344;49,98;
12:58:18;8328;49,98;
12:58:21;8456;49,98;
12:58:24;8632;49,98;
12:58:27;8712;49,98;
12:58:30;8728;49,98;
12:58:33;8504;49,98;
12:58:36;8564;49,97;
12:58:39;8090;49,97;
12:58:42;8106;49,97;
12:58:45;7924;49,97;
12:58:51;8312;49,98;
12:58:54;8424;49,98;
12:58:57;8552;49,98;
12:59:00;8768;49,98;
12:59:03;8852;49,97;
12:59:06;8856;49,97;
12:59:09;8752;49,97;
12:59:12;8664;49,97;
12:59:15;8752;49,97;
12:59:18;8720;49,97;
12:59:21;8656;49,97;
12:59:24;8880;49,97;
12:59:27;8764;49,97;
12:59:30;8804;49,97;
12:59:36;8760;49,97;
12:59:39;8788;49,97;
12:59:42;8608;49,97;
12:59:45;8620;49,97;
12:59:48;8628;49,97;
12:59:51;8876;49,97;
12:59:54;8916;49,97;
12:59:57;8860;49,97;
13:00:00;8608;49,98;
13:00:03;8620;49,98;
13:00:06;9216;49,98;
13:00:09;9392;49,98;
13:00:12;9104;49,97;
13:00:15;8844;49,97;
13:00:18;8604;49,97;
13:00:21;8788;49,97;
13:00:24;9044;49,96;
13:00:27;8764;49,96;
13:00:30;8584;49,96;
13:00:33;8680;49,96;
13:00:36;9228;49,96;
13:00:42;9332;49,96;
13:00:45;9552;49,96;
13:00:48;9596;49,96;
13:00:51;9724;49,97;
13:00:54;9576;49,96;
13:00:57;9416;49,97;
13:01:00;9404;49,97;
13:01:03;9560;49,97;
13:01:06;9752;49,96;
13:01:09;9728;49,96;
13:01:12;9784;49,95;
13:01:15;9780;49,95;
13:01:18;9564;49,95;
13:01:21;9644;49,95;
13:01:24;9688;49,95;
13:01:27;9864;49,95;
13:01:30;9684;49,95;
13:01:33;9696;49,95;
13:01:36;9868;49,95;
13:01:39;9856;49,95;
13:01:42;9956;49,96;
13:01:48;9920;49,96;
13:01:51;9832;49,96;
13:01:54;10004;49,96;
13:01:57;10036;49,96;
13:02:00;10064;49,96;
13:02:06;10044;49,96;
13:02:09;9932;49,96;
13:02:12;9884;49,96;
13:02:18;9624;49,96;
13:02:21;9552;49,96;
13:02:24;9812;49,96;
13:02:27;10092;49,96;
13:02:30;9996;49,96;
13:02:33;9920;49,96;
13:02:36;10152;49,96;
13:02:39;10248;49,96;
13:02:42;10112;49,96;
13:02:45;10148;49,96;
13:02:48;10028;49,96;
13:02:54;9848;49,96;
13:02:57;10024;49,96;
13:03:00;10216;49,95;
13:03:03;10244;49,96;
13:03:06;10080;49,95;
13:03:09;10000;49,95;
13:03:12;10132;49,95;
13:03:15;10316;49,96;
13:03:18;10328;49,96;
13:03:21;10236;49,96;
13:03:24;10436;49,96;
13:03:27;10516;49,96;
13:03:30;10496;49,96;
13:03:33;10424;49,96;
13:03:39;10760;49,96;
13:03:42;10640;49,96;
13:03:45;10572;49,95;
13:03:48;10576;49,95;
13:03:51;9936;49,96;
13:03:54;10496;49,96;
13:03:57;10384;49,96;
13:04:00;10604;49,96;
13:04:03;10668;49,97;
13:04:06;10828;49,97;
13:04:09;10716;49,97;
13:04:12;10796;49,96;
13:04:15;10640;49,96;
13:04:18;10616;49,96;
13:04:21;10452;49,96;
13:04:24;11004;49,95;
13:04:27;10936;49,95;
13:04:30;11108;49,95;
13:04:33;11052;49,96;
13:04:36;10964;49,96;
13:04:39;10876;49,96;
13:04:45;10792;49,96;
13:04:48;10712;49,97;
13:04:51;10724;49,96;
13:04:54;10692;49,96;
13:04:57;10572;49,96;
13:05:00;10664;49,96;
13:05:03;10736;49,96;
13:05:06;10612;49,96;
13:05:09;3768;49,97;
13:05:12;4974;49,97;
13:05:15;10352;49,97;
13:05:18;9696;49,97;
13:05:21;8928;49,96;
13:05:24;8772;49,96;
13:05:27;9260;49,95;
13:05:30;4178;49,95;
13:05:33;3878;49,95;
13:05:36;4198;49,96;
13:05:39;4590;49,95;
13:05:42;8640;49,96;
13:05:45;10164;49,95;
13:05:51;5756;49,96;
13:05:54;6818;49,96;
13:05:57;9924;49,96;
13:06:00;9932;49,96;
13:06:03;9760;49,96;
13:06:06;9768;49,96;
13:06:09;9640;49,96;
13:06:12;9444;49,96;
13:06:15;9808;49,97;
13:06:18;9760;49,97;
13:06:21;9692;49,97;
13:06:24;9652;49,97;
13:06:27;9500;49,97;
13:06:30;9456;49,97;
13:06:33;9416;49,97;
13:06:36;9244;49,97;
13:06:39;9248;49,97;
13:06:42;9252;49,97;
13:06:45;9268;49,98;
13:06:48;9188;49,98;
13:06:51;9044;49,98;
13:06:57;9004;49,98;
13:07:00;8968;49,98;
13:07:03;8160;49,98;
13:07:06;4134;49,98;
13:07:09;3630;49,98;
13:07:12;3239;49,98;
13:07:15;3145;49,98;
13:07:18;3089;49,98;
13:07:21;3001;49,98;
13:07:24;2977;49,98;
13:07:27;2943;49,98;
13:07:30;2942;49,98;
13:07:33;2934;49,98;
13:07:36;2952;49,98;
13:07:39;2951;49,98;
13:07:42;2969;49,98;
13:07:45;3032;49,98;
13:07:48;3111;49,98;
13:07:51;3175;49,97;
13:07:54;3231;49,97;
13:07:57;3377;49,97;
13:08:00;3348;49,97;
13:08:03;3173;49,97;
13:08:06;2986;49,97;
13:08:09;2951;49,97;
13:08:12;2870;49,98;
13:08:15;2854;49,98;
13:08:18;2776;49,98;
13:08:21;2770;49,98;
13:08:24;2754;49,97;
13:08:27;2729;49,96;
13:08:30;2723;49,96;
13:08:33;2710;49,97;
13:08:36;2684;49,97;
13:08:39;2687;49,97;
13:08:42;2679;49,97;
13:08:48;2635;49,97;
13:08:51;2642;49,97;
13:08:54;2636;49,98;
13:08:57;2619;49,98;
13:09:00;2592;49,99;
13:09:03;2602;49,98;
13:09:06;2599;49,99;
13:09:12;2574;49,99;
13:09:15;2579;49,99;
13:09:42;2965;49,97;
13:09:45;3685;49,98;
13:09:48;3418;49,97;
13:09:54;2475;49,97;
13:09:57;2434;49,97;
13:10:00;2377;49,97;
13:10:03;2361;49,97;
13:10:06;2340;49,97;
13:10:09;2332;49,97;
13:10:12;2317;49,97;
13:10:15;2310;49,97;
13:10:18;2281;49,97;
13:10:21;2257;49,97;
13:10:24;2249;49,97;
13:10:27;2229;49,97;
13:10:30;2219;49,97;
13:10:33;2201;49,97;
13:10:36;2202;49,97;
13:10:39;2177;49,97;
13:10:42;2170;49,97;
13:10:45;2153;49,97;
13:10:51;2138;49,97;
13:10:54;2136;49,97;
13:11:00;2123;49,97;
13:11:03;2114;49,97;
13:11:06;2112;49,98;
13:11:09;2097;49,98;
13:11:12;2098;49,99;
13:11:15;2089;49,99;
13:11:18;2090;49,98;
13:11:21;2086;49,98;
13:11:24;2081;49,97;
13:11:27;2075;49,96;
13:11:30;2076;49,96;
13:11:33;2064;49,96;
13:11:36;2072;49,97;
13:11:39;2066;49,96;
13:11:42;2071;49,96;
13:11:45;2060;49,96;
13:11:48;2069;49,97;
13:11:54;2074;49,97;
13:11:57;2064;49,97;
13:12:00;2082;49,97;
13:12:06;2090;49,98;
13:12:09;2083;49,98;
13:12:12;2100;49,98;
13:12:15;2101;49,98;
13:12:18;2116;49,97;
13:12:21;2111;49,97;
13:12:24;2128;49,96;
13:12:27;2134;49,96;
13:12:30;2147;49,96;
13:12:33;2156;49,97;
13:12:36;2170;49,97;
13:12:39;2180;49,97;
13:12:42;2196;49,97;
13:12:45;2206;49,97;
13:12:51;2239;49,97;
13:12:54;2250;49,97;
13:12:57;2267;49,97;
13:13:00;2288;49,97;
13:13:03;2292;49,98;
13:13:06;2305;49,98;
13:13:09;2321;49,98;
13:13:12;2334;49,98;
13:13:15;2355;49,97;
13:13:18;2363;49,97;
13:13:21;2383;49,97;
13:13:24;2386;49,97;
13:13:27;2404;49,97;
13:13:30;2401;49,97;
13:13:33;2411;49,98;
13:13:36;2408;49,97;
13:13:39;2419;49,97;
13:13:42;2414;49,97;
13:13:45;2420;49,97;
13:13:48;2415;49,97;
13:13:51;2423;49,98;
13:13:57;2427;49,98;
13:14:00;2422;49,98;
13:14:03;2435;49,98;
13:14:06;2429;49,98;
13:14:09;2443;49,98;
13:14:12;2438;49,98;
13:14:15;2449;49,99;
13:14:18;2455;49,99;
13:14:21;2474;49,99;
13:14:27;2506;49,99;
13:14:30;2514;49,99;
13:14:33;2543;49,99;
13:14:36;2545;49,99;
13:14:39;2568;49,98;
13:14:42;2592;49,98;
13:14:45;2624;49,98;
13:14:48;2627;49,98;
13:14:51;2666;49,98;
13:14:54;2677;49,99;
13:14:57;2708;49,99;
13:15:03;2761;49,99;
13:15:06;2780;49,99;
13:15:09;2820;49,98;
13:15:12;2840;49,98;
13:15:15;2895;49,98;
13:15:18;2927;49,97;
13:15:21;2947;49,97;
13:15:24;2985;49,97;
13:15:27;3114;49,97;
13:15:30;3160;49,98;
13:15:33;3249;49,98;
13:15:36;3292;49,98;
13:15:39;3390;49,99;
13:15:42;3469;49,98;
13:15:45;3930;49,98;
13:15:48;11584;49,98;
13:15:51;12032;49,97;
13:15:54;12072;49,97;
13:15:57;12012;49,97;
13:16:00;10776;49,97;
13:16:03;7866;49,97;
13:16:09;7756;49,96;
13:16:12;4446;49,96;
13:16:15;7216;49,97;
13:16:18;8448;49,98;
13:16:21;8884;49,98;
13:16:24;4660;49,99;
13:16:27;5064;49,99;
13:16:30;5776;49,99;
13:16:33;4178;49,99;
13:16:36;4072;49,99;
13:16:39;4248;49,99;
13:16:42;4626;50,00;
13:16:45;6312;49,99;
13:16:48;3844;49,99;
13:16:51;3514;49,99;
13:16:54;3239;49,98;
13:16:57;3103;49,98;
13:17:00;3058;49,98;
13:17:03;3014;49,98;
13:17:06;2964;49,98;
13:17:09;2933;49,98;
13:17:12;2921;49,98;
13:17:15;2902;49,98;
13:17:18;2856;49,98;
13:17:21;2832;49,98;
13:17:24;2815;49,98;
13:17:27;2798;49,98;
13:17:30;2783;49,98;
13:17:33;2759;49,98;
13:17:39;2739;49,98;
13:17:42;2727;49,98;
13:17:45;2709;49,98;
13:17:48;2703;49,97;
13:17:51;2694;49,97;
13:17:54;2688;49,97;
13:18:00;2680;49,98;
13:18:03;2681;49,98;
13:18:06;2678;49,98;
13:18:09;2668;49,98;
13:18:12;2666;49,98;
13:18:15;2659;49,98;
13:18:18;2658;49,99;
13:18:21;2657;49,98;
13:18:24;2650;49,98;
13:18:27;2647;49,98;
13:18:30;2637;49,98;
13:18:33;2632;49,98;
13:18:36;2625;49,98;
13:18:39;2623;49,98;
13:18:42;2618;49,98;
13:18:45;2616;49,98;
13:18:48;2615;49,98;
13:18:54;2624;49,98;
13:18:57;2632;49,99;
13:19:00;2669;49,99;
13:19:06;2908;49,99;
13:19:09;2997;49,99;
13:19:12;3420;50,00;
13:19:15;6146;50,00;
13:19:18;9396;50,00;
13:19:21;3040;50,00;
13:19:24;2846;50,00;
13:19:27;2836;50,00;
13:19:30;10708;50,00;
13:19:33;11944;50,00;
13:19:36;11740;49,99;
13:19:39;11632;49,99;
13:19:42;11652;49,99;
13:19:45;11628;49,99;
13:19:48;11492;49,99;
13:19:51;11360;49,99;
13:19:54;11288;49,99;
13:19:57;11208;49,99;
13:20:00;11232;49,99;
13:20:03;11172;49,99;
13:20:06;11176;49,99;
13:20:12;10944;49,99;
13:20:15;10780;49,99;
13:20:18;10788;49,99;
13:20:21;11016;49,99;
13:20:24;11220;49,99;
13:20:27;11208;49,99;
13:20:33;11224;49,99;
13:20:36;11176;49,98;
13:20:39;11196;49,99;
13:20:45;11276;49,99;
13:20:48;11316;50,00;
13:20:51;11324;50,00;
13:20:54;11280;50,00;
13:20:57;11360;50,01;
13:21:00;11316;50,00;
13:21:03;11280;50,00;
13:21:06;11196;50,00;
13:21:09;11152;50,00;
13:21:12;10924;50,00;
13:21:18;11156;49,99;
13:21:21;11100;49,99;
13:21:24;11144;49,98;
13:21:27;11200;49,98;
13:21:30;11100;49,98;
13:21:33;11048;49,98;
13:21:36;11052;49,98;
13:21:39;11104;49,98;
13:21:42;10700;49,98;
13:21:45;10976;49,98;
13:21:48;10852;49,98;
13:21:51;11072;49,99;
13:21:54;11144;49,99;
13:21:57;11156;50,00;
13:22:03;11088;50,00;
13:22:06;11036;50,00;
13:22:09;11232;50,00;
13:22:12;11252;50,00;
13:22:15;11248;50,00;
13:22:18;11252;50,00;
13:22:21;11228;50,00;
13:22:24;11224;49,99;
13:22:27;11204;50,00;
13:22:30;11168;50,00;
13:22:33;11144;50,00;
13:22:36;11140;50,00;
13:22:39;11152;50,00;
13:22:42;11172;50,01;
13:22:45;11176;50,01;
13:22:48;11144;50,01;
13:22:51;11088;50,00;
13:22:54;10880;50,01;
13:22:57;10640;50,01;
13:23:00;10584;50,01;
13:23:03;10424;50,01;
13:23:09;10496;50,00;
13:23:12;10428;50,00;
13:23:15;9964;50,00;
13:23:18;9564;50,00;
13:23:21;9660;49,99;
13:23:24;9872;50,00;
13:23:27;10044;50,00;
13:23:30;10324;50,00;
13:23:33;10288;49,99;
13:23:36;10448;49,99;
13:23:39;10364;49,99;
13:23:42;10304;49,99;
13:23:45;10604;49,99;
13:23:48;10640;49,98;
13:23:51;10532;49,98;
13:23:54;10604;49,98;
13:23:57;10568;49,98;
13:24:00;10600;49,98;
13:24:03;10668;49,98;
13:24:06;10704;49,98;
13:24:09;10548;49,97;
13:24:15;10496;49,97;
13:24:18;10468;49,97;
13:24:21;10404;49,97;
13:24:24;10420;49,97;
13:24:27;10520;49,98;
13:24:30;10540;49,98;
13:24:33;10516;49,98;
13:24:36;10484;49,98;
13:24:39;10412;49,98;
13:24:42;10308;49,98;
13:24:45;10228;49,98;
13:24:48;10312;49,98;
13:24:51;10356;49,98;
13:24:54;10320;49,98;
13:24:57;10308;49,98;
13:25:00;10292;49,98;
13:25:03;10212;49,98;
13:25:06;10208;49,98;
13:25:09;10140;49,98;
13:25:12;10032;49,98;
13:25:15;9572;49,98;
13:25:21;9464;49,98;
13:25:24;9436;49,98;
13:25:27;9304;49,98;
13:25:30;9220;49,98;
13:25:33;9276;49,98;
13:25:36;9256;49,97;
13:25:39;9188;49,97;
13:25:42;9124;49,97;
13:25:45;9092;49,97;
13:25:48;9192;49,97;
13:25:51;9304;49,97;
13:25:54;9280;49,97;
13:25:57;9236;49,97;
13:26:00;9272;49,97;
13:26:03;9320;49,97;
13:26:06;9432;49,97;
13:26:09;9492;49,97;
13:26:12;9532;49,97;
13:26:15;9592;49,97;
13:26:18;9640;49,97;
13:26:21;9660;49,97;
13:26:24;9596;49,97;
13:26:27;9532;49,97;
13:26:30;9868;49,97;
13:26:33;9916;49,97;
13:26:36;9944;49,97;
13:26:39;10004;49,97;
13:26:42;10068;49,97;
13:26:48;10076;49,97;
13:26:51;10384;49,97;
13:26:54;10484;49,97;
13:26:57;10520;49,97;
13:27:00;10684;49,97;
13:27:03;10716;49,97;
13:27:12;10824;49,97;
13:27:15;10880;49,97;
13:27:18;10916;49,97;
13:27:21;10956;49,97;
13:27:27;11000;49,97;
13:27:30;10996;49,97;
13:27:33;10952;49,97;
13:27:36;10864;49,96;
13:27:39;10828;49,96;
13:27:42;11036;49,97;
13:27:45;11024;49,97;
13:27:48;10540;49,97;
13:27:51;10488;49,97;
13:27:54;10524;49,97;
13:27:57;10208;49,97;
13:28:00;10216;49,97;
13:28:03;6126;49,97;
13:28:06;3170;49,98;
13:28:09;2906;49,98;
13:28:12;7162;49,98;
13:28:18;8660;49,98;
13:28:21;4284;49,98;
13:28:24;6324;49,98;
13:28:27;11068;49,98;
13:28:30;10712;49,98;
13:28:33;10556;49,98;
13:28:36;9152;49,98;
13:28:39;7958;49,98;
13:28:42;10928;49,98;
13:28:45;10860;49,99;
13:28:48;10964;49,99;
13:28:51;10924;49,99;
13:28:54;10072;49,99;
13:28:57;11072;50,00;
13:29:00;11108;49,99;
13:29:03;11120;50,00;
13:29:06;11076;49,99;
13:29:09;11052;49,99;
13:29:12;11024;49,99;
13:29:15;11052;49,99;
13:29:18;11056;49,99;
13:29:24;10740;49,99;
13:29:27;10960;49,98;
13:29:30;11036;49,98;
13:29:33;10944;49,98;
13:29:36;10996;49,97;
13:29:39;11052;49,97;
13:29:42;11028;49,96;
13:29:45;11092;49,96;
13:29:48;11168;49,96;
13:29:51;11196;49,96;
13:29:54;11260;49,96;
13:29:57;11264;49,96;
13:30:00;11324;49,97;
13:30:03;11284;49,97;
13:30:06;11332;49,97;
13:30:09;11336;49,97;
13:30:12;11304;49,97;
13:30:15;11256;49,97;
13:30:18;11236;49,97;
13:30:21;11200;49,96;
13:30:24;11196;49,97;
13:30:30;11152;49,97;
13:30:33;11128;49,96;
13:30:36;11132;49,96;
13:30:39;11100;49,96;
13:30:42;11112;49,96;
13:30:45;11056;49,96;
13:30:48;11068;49,96;
13:30:51;11060;49,96;
13:30:54;11048;49,96;
13:30:57;10984;49,96;
13:31:00;10964;49,96;
13:31:03;10920;49,96;
13:31:06;10952;49,97;
13:31:09;10956;49,96;
13:31:15;10928;49,96;
13:31:18;10940;49,96;
13:31:21;10956;49,96;
13:31:24;10920;49,95;
13:31:27;10948;49,96;
13:31:30;10932;49,96;
13:31:33;10952;49,96;
13:31:36;10948;49,96;
13:31:39;10932;49,96;
13:31:42;10896;49,96;
13:31:45;10904;49,96;
13:31:48;10880;49,96;
13:31:51;10876;49,97;
13:31:54;10852;49,96;
13:31:57;10884;49,97;
13:32:00;10876;49,97;
13:32:03;10904;49,97;
13:32:06;10880;49,96;
13:32:09;10896;49,97;
13:32:12;10880;49,97;
13:32:15;10908;49,97;
13:32:21;10892;49,98;
13:32:24;10872;49,98;
13:32:27;10856;49,98;
13:32:30;10780;49,99;
13:32:33;10832;49,99;
13:32:36;10796;49,98;
13:32:39;10784;49,99;
13:32:42;10768;49,99;
13:32:45;10724;49,99;
13:32:48;10696;49,99;
13:32:51;10672;49,99;
13:32:54;10652;49,99;
13:32:57;10684;49,99;
13:33:00;10644;50,00;
13:33:03;10636;49,99;
13:33:06;10604;49,99;
13:33:09;10628;49,99;
13:33:12;10608;49,99;
13:33:15;10600;49,99;
13:33:18;10588;49,99;
13:33:21;10604;49,99;
13:33:27;10604;49,98;
13:33:30;10600;49,98;
13:33:33;10584;49,98;
13:33:36;10580;49,98;
13:33:39;10588;49,97;
13:33:42;10612;49,97;
13:33:45;10604;49,97;
13:33:48;10624;49,97;
13:33:51;10656;49,97;
13:33:57;10664;49,98;
13:34:00;10656;49,98;
13:34:03;10640;49,98;
13:34:06;10648;49,98;
13:34:09;10624;49,98;
13:34:12;10632;49,99;
13:34:15;10624;49,98;
13:34:18;10600;49,98;
13:34:21;10628;49,98;
13:34:24;10624;49,98;
13:34:27;10620;49,97;
13:34:33;10644;49,97;
13:34:36;10656;49,97;
13:34:39;10620;49,98;
13:34:42;10644;49,98;
13:34:45;10660;49,98;
13:34:48;10656;49,98;
13:34:51;10608;49,99;
13:34:54;10668;50,00;
13:34:57;10688;50,00;
13:35:00;10700;50,00;
13:35:03;10712;50,00;
13:35:09;10712;49,99;
13:35:12;10708;49,99;
13:35:18;10680;49,98;
13:35:21;10688;49,98;
13:35:24;10720;49,98;
13:35:27;10684;49,98;
13:35:30;10724;49,98;
13:35:33;10728;49,98;
13:35:36;10756;49,98;
13:35:39;10764;49,98;
13:35:42;10812;49,98;
13:35:45;10828;49,98;
13:35:51;10792;49,98;
13:35:54;10792;49,97;
13:35:57;10836;49,97;
13:36:00;10816;49,97;
13:36:03;10740;49,98;
13:36:09;10724;49,98;
13:36:12;10708;49,99;
13:36:15;10676;50,00;
13:36:18;10712;50,00;
13:36:24;10720;49,99;
13:36:27;10712;49,99;
13:36:30;10748;49,98;
13:36:33;10756;49,98;
13:36:36;10776;49,99;
13:36:39;10792;49,99;
13:36:42;10788;49,99;
13:36:45;10840;49,99;
13:36:48;10940;49,99;
13:36:51;10980;49,99;
13:36:54;2241;49,98;
13:36:57;1972;49,98;
13:37:00;1817;49,98;
13:37:03;1786;49,98;
13:37:06;1796;49,98;
13:37:09;1798;49,98;
13:37:12;1834;49,98;
13:37:15;1883;49,98;
13:37:18;2035;49,98;
13:37:21;2221;49,98;
13:37:24;5032;49,98;
13:37:30;2257;49,97;
13:37:33;2248;49,97;
13:37:36;2142;49,98;
13:37:39;2106;49,97;
13:37:42;2073;49,97;
13:37:45;2068;49,97;
13:37:48;2063;49,97;
13:37:51;2072;49,97;
13:37:54;2111;49,97;
13:37:57;2131;49,97;
13:38:00;2184;49,98;
13:38:03;2221;49,97;
13:38:06;2329;49,98;
13:38:09;2396;49,98;
13:38:12;3240;49,98;
13:38:15;11576;49,98;
13:38:18;8932;49,97;
13:38:21;3888;49,97;
13:38:24;2638;49,97;
13:38:27;2524;49,96;
13:38:30;2426;49,97;
13:38:36;2355;49,98;
13:38:39;2333;49,98;
13:38:42;2334;49,98;
13:38:45;2332;49,97;
13:38:48;2360;49,97;
13:38:51;2374;49,97;
13:38:54;2393;49,96;
13:38:57;2407;49,97;
13:39:00;2476;49,97;
13:39:03;2544;49,97;
13:39:06;6004;49,97;
13:39:09;11312;49,97;
13:39:12;11596;49,97;
13:39:15;11628;49,97;
13:39:18;11640;49,98;
13:39:21;11688;49,98;
13:39:24;11652;49,98;
13:39:27;11712;49,98;
13:39:30;11796;49,98;
13:39:33;8980;49,98;
13:39:36;3317;49,98;
13:39:42;3127;49,98;
13:39:45;3021;49,99;
13:39:48;2865;49,99;
13:39:51;2629;50,00;
13:39:54;2559;50,00;
13:39:57;2457;49,99;
13:40:00;2419;49,99;
13:40:03;2387;49,98;
13:40:06;2352;49,98;
13:40:09;2327;49,98;
13:40:12;2316;49,98;
13:40:15;2299;49,98;
13:40:18;2295;49,98;
13:40:21;2294;49,98;
13:40:27;2323;49,98;
13:40:30;2344;49,98;
13:40:33;6456;49,98;
13:40:36;11452;49,98;
13:40:39;11488;49,98;
13:40:42;11460;49,97;
13:40:45;11480;49,97;
13:40:48;11432;49,97;
13:40:51;11392;49,97;
13:40:54;11368;49,97;
13:40:57;11324;49,97;
13:41:00;11292;49,97;
13:41:03;11268;49,97;
13:41:06;11236;49,98;
13:41:09;11228;49,98;
13:41:12;11232;49,99;
13:41:15;11220;49,99;
13:41:18;11212;49,99;
13:41:21;11140;49,98;
13:41:24;11128;49,98;
13:41:27;11076;49,98;
13:41:33;11208;49,97;
13:41:36;11236;49,97;
13:41:39;11236;49,96;
13:41:42;11300;49,96;
13:41:45;11344;49,96;
13:41:48;10436;49,96;
13:41:51;6036;49,96;
13:41:54;2531;49,97;
13:41:57;2391;49,97;
13:42:00;2353;49,97;
13:42:03;2336;49,97;
13:42:06;2343;49,97;
13:42:09;2360;49,97;
13:42:12;2371;49,98;
13:42:15;2379;49,98;
13:42:18;2378;49,98;
13:42:21;2376;49,97;
13:42:24;2399;49,96;
13:42:27;2365;49,97;
13:42:30;2379;49,97;
13:42:33;2399;49,97;
13:42:39;2533;49,97;
13:42:42;2778;49,97;
13:42:45;2833;49,97;
13:42:48;2631;49,97;
13:42:51;2561;49,97;
13:42:54;2536;49,97;
13:42:57;2522;49,97;
13:43:00;2527;49,97;
13:43:03;2559;49,97;
13:43:06;2623;49,97;
13:43:09;3179;49,97;
13:43:12;2853;49,97;
13:43:15;3343;49,97;
13:43:18;2672;49,96;
13:43:21;3004;49,96;
13:43:24;2566;49,96;
13:43:27;2189;49,96;
13:43:30;2169;49,96;
13:43:33;2180;49,97;
13:43:36;2205;49,97;
13:43:39;2302;49,98;
13:43:45;4320;49,98;
13:43:48;9880;49,98;
13:43:51;10208;49,97;
13:43:54;10148;49,98;
13:43:57;10716;49,97;
13:44:00;10672;49,97;
13:44:03;10728;49,98;
13:44:06;10660;49,97;
13:44:09;10400;49,97;
13:44:12;5158;49,96;
13:44:15;2142;49,97;
13:44:18;2011;49,96;
13:44:21;1912;49,96;
13:44:24;1822;49,97;
13:44:30;1833;49,97;
13:44:33;1807;49,97;
13:44:36;1834;49,97;
13:44:39;1826;49,97;
13:44:42;1834;49,97;
13:44:45;1841;49,97;
13:44:48;1845;49,97;
13:44:51;1846;49,98;
13:44:54;1904;49,98;
13:44:57;1933;49,98;
13:45:00;2039;49,98;
13:45:03;2150;49,98;
13:45:06;7480;49,98;
13:45:09;10048;49,98;
13:45:12;10008;49,98;
13:45:15;10276;49,97;
13:45:18;10036;49,98;
13:45:21;9884;49,98;
13:45:24;9836;49,98;
13:45:27;9952;49,97;
13:45:30;10180;49,97;
13:45:36;10012;49,97;
13:45:39;10192;49,97;
13:45:42;10324;49,98;
13:45:45;10452;49,98;
13:45:48;10572;49,98;
13:45:51;10660;49,98;
13:45:54;10808;49,98;
13:45:57;10888;49,98;
13:46:00;10984;49,98;
13:46:03;10880;49,98;
13:46:06;10860;49,98;
13:46:09;10884;49,97;
13:46:12;10820;49,97;
13:46:15;10912;49,97;
13:46:18;10960;49,96;
13:46:21;10968;49,97;
13:46:24;11020;49,97;
13:46:27;11080;49,98;
13:46:30;11028;49,98;
13:46:33;10928;49,98;
13:46:36;10804;49,97;
13:46:42;10872;49,98;
13:46:45;11004;49,97;
13:46:48;7484;49,98;
13:46:51;6260;49,98;
13:46:54;3617;49,99;
13:46:57;2905;49,99;
13:47:00;2942;49,99;
13:47:03;3030;50,00;
13:47:06;4128;49,99;
13:47:09;2973;49,99;
13:47:12;2767;49,99;
13:47:15;2654;49,99;
13:47:18;2595;49,98;
13:47:21;2605;49,98;
13:47:24;2601;49,98;
13:47:27;3123;49,98;
13:47:30;3639;49,98;
13:47:33;2916;49,98;
13:47:36;2947;49,98;
13:47:39;2982;49,98;
13:47:42;3028;49,98;
13:47:48;7734;49,98;
13:47:51;6292;49,98;
13:47:54;3654;49,98;
13:47:57;4076;49,98;
13:48:00;3060;49,98;
13:48:03;2929;49,98;
13:48:06;3638;49,99;
13:48:09;4580;49,99;
13:48:12;10080;49,99;
13:48:15;10152;49,99;
13:48:18;10328;49,99;
13:48:21;10220;50,00;
13:48:24;2645;50,00;
13:48:27;2464;50,00;
13:48:30;2754;50,00;
13:48:33;4360;49,99;
13:48:36;7092;49,98;
13:48:39;9024;49,98;
13:48:42;9952;49,98;
13:48:45;10176;49,98;
13:48:48;10128;49,98;
13:48:51;10232;49,98;
13:48:54;10144;49,98;
13:48:57;10328;49,99;
13:49:00;10480;49,99;
13:49:03;10584;50,00;
13:49:06;10612;50,00;
13:49:09;10400;50,00;
13:49:12;10368;50,00;
13:49:15;10596;50,00;
13:49:18;10520;50,00;
13:49:21;10688;49,99;
13:49:24;10772;49,99;
13:49:27;10832;49,98;
13:49:30;10756;49,98;
13:49:33;10968;49,98;
13:49:39;10996;49,98;
13:49:42;11180;49,98;
13:49:45;11144;49,98;
13:49:48;11188;49,98;
13:49:51;11308;49,98;
13:49:54;11352;49,98;
13:49:57;11076;49,98;
13:50:00;9596;49,98;
13:50:03;11304;49,98;
13:50:06;11204;49,97;
13:50:09;11264;49,97;
13:50:12;11272;49,98;
13:50:15;11240;49,97;
13:50:18;11200;49,97;
13:50:21;11168;49,97;
13:50:24;11108;49,96;
13:50:27;11124;49,97;
13:50:30;10708;49,97;
13:50:33;3719;49,97;
13:50:36;2472;49,98;
13:50:39;2323;49,98;
13:50:45;2163;49,98;
13:50:48;2122;49,97;
13:50:51;2057;49,97;
13:50:54;2021;49,97;
13:50:57;1974;49,97;
13:51:00;1950;49,96;
13:51:03;1943;49,97;
13:51:06;1936;49,97;
13:51:09;1941;49,97;
13:51:12;1946;49,97;
13:51:15;2002;49,97;
13:51:18;2042;49,97;
13:51:21;2124;49,96;
13:51:24;2147;49,97;
13:51:27;2179;49,97;
13:51:30;2184;49,97;
13:51:33;2345;49,96;
13:51:36;2355;49,96;
13:51:39;3593;49,96;
13:51:42;9724;49,97;
13:51:45;10964;49,98;
13:51:51;10948;49,98;
13:51:54;10968;49,98;
13:51:57;10964;49,98;
13:52:00;10984;49,98;
13:52:03;10964;49,98;
13:52:06;10972;49,98;
13:52:09;10952;49,98;
13:52:12;10996;49,98;
13:52:15;10956;49,98;
13:52:18;10932;49,98;
13:52:21;10900;49,98;
13:52:24;10896;49,98;
13:52:30;10904;49,97;
13:52:33;10884;49,97;
13:52:36;10920;49,96;
13:52:39;10908;49,97;
13:52:42;10912;49,97;
13:52:45;10924;49,98;
13:52:48;10916;49,98;
13:52:51;10908;49,98;
13:52:57;10880;49,98;
13:53:00;10860;49,98;
13:53:03;10816;49,98;
13:53:06;10796;49,98;
13:53:09;10800;49,99;
13:53:12;10784;49,99;
13:53:15;10736;50,00;
13:53:18;10760;50,00;
13:53:21;10776;50,00;
13:53:24;10780;50,00;
13:53:27;10720;50,00;
13:53:30;10716;49,99;
13:53:33;10700;49,99;
13:53:36;10676;49,98;
13:53:45;10680;49,98;
13:53:48;10632;49,98;
13:53:51;10652;49,98;
13:53:54;10688;49,98;
13:53:57;10684;49,99;
13:54:03;10680;49,99;
13:54:06;10708;49,98;
13:54:09;10720;49,98;
13:54:15;10716;49,98;
13:54:21;10696;49,98;
13:54:24;10712;49,98;
13:54:27;10704;49,98;
13:54:30;10720;49,97;
13:54:33;10688;49,97;
13:54:36;10700;49,97;
13:54:39;10688;49,97;
13:54:42;10696;49,97;
13:54:51;10688;49,97;
13:54:54;10700;49,97;
13:54:57;10692;49,97;
13:55:00;10696;49,98;
13:55:03;10688;49,98;
13:55:06;10652;49,98;
13:55:09;10680;49,98;
13:55:12;10656;49,97;
13:55:15;10652;49,97;
13:55:18;10628;49,97;
13:55:21;10624;49,97;
13:55:24;10584;49,97;
13:55:27;10560;49,97;
13:55:30;10508;49,97;
13:55:33;10544;49,96;
13:55:36;10512;49,97;
13:55:39;10508;49,97;
13:55:42;10520;49,97;
13:55:45;10528;49,97;
13:55:48;10532;49,97;
13:55:54;10564;49,98;
13:55:57;10572;49,98;
13:56:00;10588;49,98;
13:56:03;10580;49,98;
13:56:06;10596;49,98;
13:56:15;10604;49,98;
13:56:18;10624;49,98;
13:56:21;10612;49,98;
13:56:24;10572;49,97;
13:56:27;10524;49,97;
13:56:30;10504;49,97;
13:56:33;10508;49,97;
13:56:36;10496;49,97;
13:56:39;10492;49,97;
13:56:42;10444;49,97;
13:56:45;10448;49,97;
13:56:48;10436;49,97;
13:56:51;10432;49,97;
13:56:54;10400;49,97;
13:57:00;10408;49,99;
13:57:03;10400;49,99;
13:57:06;10340;49,99;
13:57:09;10364;49,99;
13:57:12;10348;49,99;
13:57:15;10352;49,99;
13:57:18;10336;49,99;
13:57:21;10292;49,99;
13:57:24;10284;49,99;
13:57:27;10280;49,99;
13:57:30;10232;49,99;
13:57:33;10256;49,99;
13:57:36;10236;49,99;
13:57:39;10248;49,99;
13:57:42;10248;50,00;
13:57:45;10240;49,99;
13:57:51;10228;49,99;
13:57:54;10228;49,98;
13:57:57;10204;49,98;
13:58:00;10176;49,98;
13:58:03;10164;49,98;
13:58:06;10196;49,98;
13:58:09;10172;49,98;
13:58:12;10176;49,98;
13:58:15;10168;49,99;
13:58:18;10172;49,99;
13:58:21;10172;50,00;
13:58:24;10132;50,00;
13:58:27;10136;50,00;
13:58:30;10168;50,00;
13:58:33;10160;50,00;
13:58:36;10164;50,00;
13:58:39;10128;50,00;
13:58:42;10124;50,00;
13:58:45;10144;49,99;
13:58:54;10156;49,99;
13:58:57;10144;49,99;
13:59:00;10152;49,99;
13:59:03;10132;49,99;
13:59:06;10168;49,99;
13:59:09;10160;50,00;
13:59:12;10164;50,00;
13:59:15;10164;49,98;
13:59:18;10152;49,98;
13:59:21;10160;49,98;
13:59:24;10164;49,98;
13:59:30;10156;49,98;
13:59:33;10136;49,98;
13:59:36;10148;49,98;
13:59:39;10160;49,98;
13:59:42;10168;49,98;
13:59:45;10164;49,98;
13:59:48;10168;49,98;
13:59:51;10160;49,99;
13:59:57;10168;49,99;
14:00:00;10188;49,99;
14:00:03;10172;49,99;
14:00:06;10200;49,99;
14:00:09;10184;49,98;
14:00:12;10216;49,98;
14:00:15;10220;49,98;
14:00:18;10196;49,98;
14:00:21;10200;49,99;
14:00:24;10216;50,00;
14:00:27;10196;50,00;
14:00:30;10232;50,00;
14:00:33;10204;50,00;
14:00:36;10228;50,00;
14:00:39;10220;50,00;
14:00:42;10216;49,99;
14:00:45;10188;49,99;
14:00:48;10208;49,99;
14:00:51;10180;49,98;
14:00:54;10188;49,98;
14:00:57;10156;49,98;
14:01:03;10148;49,98;
14:01:06;10168;49,99;
14:01:09;10124;49,98;
14:01:12;10152;49,99;
14:01:15;10128;49,99;
14:01:18;10148;50,00;
14:01:21;10144;50,00;
14:01:24;10120;50,00;
14:01:27;10116;50,00;
14:01:30;10136;49,99;
14:01:33;10084;49,99;
14:01:36;10136;50,00;
14:01:39;10112;50,00;
14:01:42;10128;50,00;
14:01:45;10136;50,00;
14:01:48;10116;50,00;
14:01:54;10108;50,00;
14:01:57;10112;50,00;
14:02:00;10092;50,00;
14:02:09;10100;50,00;
14:02:12;10092;50,00;
14:02:15;10108;50,00;
14:02:18;10072;50,00;
14:02:21;10104;49,99;
14:02:24;10080;49,99;
14:02:27;10092;49,98;
14:02:30;10088;49,99;
14:02:33;10076;49,99;
14:02:36;10052;49,99;
14:02:39;10076;49,99;
14:02:42;10088;49,99;
14:02:45;10132;50,00;
14:02:48;10176;50,00;
14:02:54;10196;50,00;
14:02:57;10240;50,00;
14:03:00;10200;49,99;
14:03:03;10256;49,99;
14:03:06;10244;49,98;
14:03:09;10316;49,99;
14:03:12;10328;49,98;
14:03:15;10324;49,98;
14:03:18;10264;49,99;
14:03:21;10316;49,99;
14:03:24;10332;49,99;
14:03:27;10336;50,00;
14:03:30;10312;50,00;
14:03:33;10360;50,00;
14:03:36;10368;50,00;
14:03:39;10420;50,00;
14:03:42;10412;50,00;
14:03:45;10460;50,00;
14:03:51;10480;50,00;
14:03:54;10464;50,00;
14:04:00;10556;50,00;
14:04:03;10604;50,01;
14:04:06;10676;50,00;
14:04:09;10792;50,00;
14:04:12;10704;49,99;
14:04:15;9436;49,98;
14:04:18;6110;49,98;
14:04:21;3949;49,98;
14:04:24;8636;49,98;
14:04:27;9636;49,98;
14:04:30;10644;49,98;
14:04:33;8536;49,98;
14:04:36;5254;49,98;
14:04:39;5122;49,98;
14:04:42;9228;49,98;
14:04:45;11240;49,98;
14:04:48;11152;49,98;
14:04:51;10968;49,98;
14:04:54;10948;49,98;
14:05:00;11036;49,98;
14:05:06;10788;49,98;
14:05:09;9708;49,99;
14:05:12;3129;49,98;
14:05:15;4038;49,99;
14:05:18;7166;49,98;
14:05:21;8404;49,98;
14:05:24;7670;49,98;
14:05:27;5558;49,98;
14:05:30;10920;49,98;
14:05:33;10888;49,98;
14:05:36;10760;49,98;
14:05:39;10744;49,97;
14:05:42;10708;49,98;
14:05:45;10680;49,98;
14:05:48;10688;49,98;
14:05:51;10632;49,98;
14:05:54;10644;49,98;
14:05:57;10620;49,98;
14:06:00;10628;49,98;
14:06:03;10600;49,98;
14:06:06;10616;49,98;
14:06:12;10596;49,99;
14:06:15;10564;50,00;
14:06:18;10592;50,00;
14:06:21;10568;50,00;
14:06:24;10588;50,00;
14:06:27;10556;50,00;
14:06:30;10584;50,00;
14:06:33;10588;50,00;
14:06:36;10592;50,00;
14:06:39;10552;50,00;
14:06:42;10576;50,00;
14:06:45;10552;50,00;
14:06:48;10560;50,00;
14:06:51;10536;50,00;
14:06:57;10540;50,00;
14:07:03;10540;49,99;
14:07:06;10532;49,99;
14:07:09;10544;49,99;
14:07:12;10524;49,98;
14:07:15;10544;49,98;
14:07:21;10520;49,98;
14:07:24;10480;49,98;
14:07:27;10508;49,97;
14:07:30;10488;49,97;
14:07:33;10496;49,97;
14:07:36;10468;49,97;
14:07:39;10488;49,97;
14:07:42;10472;49,97;
14:07:45;10484;49,97;
14:07:48;10464;49,97;
14:07:51;10504;49,96;
14:07:54;10480;49,96;
14:07:57;10520;49,96;
14:08:03;10620;49,96;
14:08:06;10660;49,96;
14:08:09;9164;49,96;
14:08:12;6460;49,96;
14:08:15;2058;49,97;
14:08:18;1949;49,97;
14:08:21;1962;49,96;
14:08:24;1975;49,96;
14:08:27;2044;49,96;
14:08:30;1993;49,96;
14:08:33;2072;49,96;
14:08:36;2127;49,96;
14:08:39;2260;49,96;
14:08:42;2609;49,96;
14:08:45;3172;49,96;
14:08:48;2570;49,96;
14:08:51;4348;49,96;
14:08:54;6088;49,96;
14:08:57;10340;49,96;
14:09:00;10344;49,96;
14:09:03;11080;49,96;
14:09:09;5818;49,97;
14:09:12;9128;49,98;
14:09:15;10048;49,97;
14:09:18;10944;49,97;
14:09:21;3982;49,96;
14:09:24;3466;49,96;
14:09:27;3780;49,96;
14:09:30;3589;49,96;
14:09:33;10104;49,96;
14:09:36;6698;49,96;
14:09:39;2502;49,96;
14:09:42;2270;49,96;
14:09:45;2059;49,96;
14:09:48;1994;49,96;
14:09:51;1943;49,96;
14:09:54;1900;49,95;
14:09:57;1884;49,95;
14:10:00;1879;49,95;
14:10:03;1884;49,95;
14:10:06;1887;49,96;
14:10:09;1901;49,96;
14:10:15;1925;49,95;
14:10:18;1933;49,95;
14:10:21;1951;49,95;
14:10:24;1961;49,95;
14:10:27;1985;49,96;
14:10:30;1999;49,96;
14:10:33;2009;49,96;
14:10:36;2025;49,96;
14:10:39;2064;49,96;
14:10:42;2074;49,96;
14:10:45;2093;49,96;
14:10:48;2102;49,96;
14:10:51;2120;49,96;
14:10:54;2127;49,96;
14:10:57;2135;49,96;
14:11:00;2156;49,95;
14:11:03;2171;49,95;
14:11:06;2180;49,95;
14:11:09;2203;49,95;
14:11:12;2214;49,95;
14:11:15;2242;49,95;
14:11:21;2293;49,94;
14:11:24;2312;49,94;
14:11:27;2332;49,94;
14:11:30;2382;49,94;
14:11:33;2399;49,94;
14:11:36;2496;49,95;
14:11:39;2561;49,95;
14:11:42;2638;49,95;
14:11:45;2897;49,95;
14:11:48;4288;49,96;
14:11:51;4982;49,96;
14:11:54;6958;49,96;
14:11:57;7710;49,96;
14:12:00;5844;49,96;
14:12:06;11732;49,96;
14:12:09;11960;49,96;
14:12:12;8260;49,96;
14:12:15;5548;49,96;
14:12:18;7760;49,96;
14:12:21;11064;49,96;
14:12:24;11796;49,96;
14:12:27;10836;49,96;
14:12:30;8544;49,96;
14:12:33;8912;49,97;
14:12:36;5166;49,97;
14:12:39;3938;49,97;
14:12:42;9436;49,97;
14:12:45;11824;49,97;
14:12:48;11600;49,97;
14:12:51;11872;49,97;
14:12:54;10468;49,96;
14:12:57;11500;49,96;
14:13:00;9500;49,96;
14:13:03;8808;49,97;
14:13:06;6990;49,97;
14:13:12;8664;49,97;
14:13:15;7198;49,97;
14:13:18;11140;49,96;
14:13:21;11200;49,96;
14:13:24;10832;49,96;
14:13:27;9392;49,96;
14:13:30;4192;49,96;
14:13:33;5610;49,96;
14:13:36;2388;49,97;
14:13:39;2352;49,97;
14:13:42;2241;49,97;
14:13:45;2225;49,97;
14:13:48;2176;49,97;
14:13:51;2171;49,97;
14:13:54;2169;49,97;
14:13:57;2150;49,97;
14:14:00;2146;49,97;
14:14:09;2152;49,97;
14:14:12;2154;49,96;
14:14:18;2156;49,96;
14:14:21;2152;49,96;
14:14:27;2154;49,96;
14:14:30;2160;49,97;
14:14:33;2165;49,97;
14:14:36;2164;49,97;
14:14:39;2174;49,97;
14:14:42;2214;49,97;
14:14:45;2239;49,98;
14:14:48;2319;49,97;
14:14:51;2381;49,97;
14:14:54;2593;49,97;
14:14:57;2896;49,97;
14:15:00;4536;49,97;
14:15:03;11272;49,96;
14:15:06;10944;49,96;
14:15:09;10940;49,96;
14:15:12;10232;49,97;
14:15:15;8044;49,97;
14:15:18;5314;49,98;
14:15:24;5170;49,97;
14:15:27;5946;49,96;
14:15:30;4992;49,96;
14:15:33;7480;49,96;
14:15:36;7810;49,97;
14:15:39;4386;49,96;
14:15:42;3320;49,96;
14:15:45;3275;49,97;
14:15:48;3250;49,97;
14:15:51;3785;49,97;
14:15:54;3311;49,97;
14:15:57;3130;49,97;
14:16:00;3235;49,98;
14:16:03;4776;49,98;
14:16:09;5282;49,98;
14:16:12;7600;49,98;
14:16:15;3468;49,98;
14:16:18;3159;49,98;
14:16:21;3202;49,97;
14:16:24;3893;49,96;
14:16:27;3407;49,97;
14:16:30;2890;49,97;
14:16:33;2794;49,98;
14:16:36;2792;49,98;
14:16:39;2981;49,98;
14:16:42;2955;49,98;
14:16:45;3117;49,98;
14:16:48;3602;49,98;
14:16:51;4960;49,98;
14:16:54;6690;49,98;
14:16:57;9244;49,98;
14:17:00;8992;49,98;
14:17:03;6240;49,98;
14:17:06;9144;49,97;
14:17:09;4364;49,97;
14:17:15;5102;49,97;
14:17:18;5578;49,97;
14:17:21;2741;49,97;
14:17:24;2648;49,97;
14:17:27;2533;49,97;
14:17:30;2499;49,97;
14:17:33;2478;49,97;
14:17:36;2456;49,97;
14:17:39;2449;49,97;
14:17:42;2471;49,96;
14:17:45;2496;49,97;
14:17:48;2523;49,97;
14:17:51;2560;49,98;
14:17:54;2611;49,98;
14:17:57;2645;49,98;
14:18:00;2883;49,98;
14:18:03;5266;49,97;
14:18:06;5708;49,97;
14:18:09;11472;49,97;
14:18:12;11532;49,97;
14:18:15;11496;49,97;
14:18:21;11436;49,97;
14:18:24;11428;49,98;
14:18:27;11392;49,97;
14:18:30;11408;49,97;
14:18:33;11396;49,97;
14:18:36;11080;49,97;
14:18:39;8944;49,98;
14:18:42;7984;49,98;
14:18:45;11520;49,98;
14:18:48;10420;49,97;
14:18:51;10828;49,97;
14:18:54;9408;49,97;
14:18:57;11324;49,97;
14:19:00;11240;49,97;
14:19:03;11244;49,96;
14:19:06;11316;49,97;
14:19:09;11336;49,98;
14:19:12;11324;49,98;
14:19:15;11192;49,99;
14:19:18;11276;49,99;
14:19:21;11120;49,99;
14:19:27;3443;49,98;
14:19:30;2698;49,98;
14:19:33;2467;49,98;
14:19:36;2450;49,98;
14:19:39;2342;49,98;
14:19:42;2361;49,98;
14:19:45;2333;49,98;
14:19:48;2306;49,98;
14:19:51;2240;49,99;
14:19:54;2245;50,00;
14:19:57;2243;50,00;
14:20:00;2252;50,00;
14:20:03;2261;49,99;
14:20:06;2271;50,00;
14:20:09;2278;50,00;
14:20:12;2293;50,00;
14:20:15;2316;50,00;
14:20:18;2330;49,99;
14:20:21;2354;49,99;
14:20:24;2363;49,98;
14:20:27;2385;49,98;
14:20:30;2404;49,98;
14:20:33;2424;49,98;
14:20:36;2511;49,98;
14:20:39;2586;49,98;
14:20:42;2678;49,98;
14:20:45;2691;49,98;
14:20:48;2722;49,98;
14:20:51;2772;49,98;
14:20:54;2819;49,98;
14:20:57;2881;49,98;
14:21:00;3005;49,98;
14:21:03;3158;49,99;
14:21:06;3589;49,99;
14:21:09;5582;49,99;
14:21:12;5132;49,99;
14:21:18;8892;49,99;
14:21:21;10124;49,99;
14:21:24;11520;49,98;
14:21:27;11684;49,98;
14:21:30;11468;49,97;
14:21:33;11616;49,97;
14:21:36;11620;49,97;
14:21:39;11744;49,98;
14:21:42;9288;49,98;
14:21:45;8178;49,98;
14:21:48;11420;49,97;
14:21:51;11736;49,97;
14:21:54;11588;49,97;
14:21:57;11708;49,97;
14:22:00;11676;49,98;
14:22:03;11560;49,97;
14:22:06;11516;49,97;
14:22:09;11472;49,97;
14:22:12;11428;49,98;
14:22:15;11404;49,98;
14:22:18;11368;49,98;
14:22:27;11372;49,98;
14:22:30;11424;49,97;
14:22:33;9484;49,97;
14:22:36;8400;49,97;
14:22:39;5734;49,97;
14:22:42;4031;49,97;
14:22:45;3762;49,97;
14:22:48;3247;49,97;
14:22:51;5026;49,97;
14:22:54;5656;49,97;
14:22:57;4638;49,97;
14:23:00;2502;49,97;
14:23:03;2215;49,97;
14:23:06;2309;49,98;
14:23:09;2082;49,97;
14:23:12;1974;49,97;
14:23:15;1965;49,97;
14:23:18;1950;49,97;
14:23:21;1982;49,98;
14:23:24;2282;49,98;
14:23:30;10884;49,98;
14:23:33;10920;49,98;
14:23:36;10840;49,98;
14:23:39;10040;49,98;
14:23:42;10732;49,98;
14:23:45;10680;49,98;
14:23:48;10728;49,98;
14:23:51;10724;49,98;
14:23:54;10748;49,98;
14:23:57;10736;49,98;
14:24:00;10748;49,98;
14:24:03;10716;49,98;
14:24:06;10716;49,97;
14:24:09;10676;49,97;
14:24:12;10716;49,97;
14:24:15;10680;49,97;
14:24:18;10692;49,97;
14:24:21;10656;49,97;
14:24:24;10672;49,97;
14:24:27;10648;49,97;
14:24:30;10644;49,98;
14:24:36;10628;49,98;
14:24:39;10596;49,98;
14:24:42;10608;49,98;
14:24:45;10568;49,98;
14:24:48;10592;49,98;
14:24:51;10544;49,98;
14:24:54;10560;49,99;
14:24:57;10556;49,99;
14:25:00;10548;50,00;
14:25:03;10512;50,00;
14:25:06;10524;50,00;
14:25:09;10492;50,00;
14:25:12;10496;50,00;
14:25:15;10480;50,00;
14:25:21;10464;49,98;
14:25:24;10452;49,98;
14:25:27;10456;49,98;
14:25:30;10424;49,97;
14:25:33;10448;49,98;
14:25:36;10428;49,98;
14:25:39;10444;49,98;
14:25:42;10436;49,99;
14:25:45;10440;50,00;
14:25:48;10408;50,00;
14:25:51;10400;50,00;
14:25:54;10368;50,00;
14:25:57;10372;49,99;
14:26:00;10328;49,99;
14:26:03;10336;49,99;
14:26:06;10300;49,99;
14:26:09;10316;49,99;
14:26:12;10292;49,99;
14:26:15;10328;49,99;
14:26:18;10308;49,99;
14:26:21;10320;49,99;
14:26:27;10296;50,00;
14:26:30;10260;50,00;
14:26:33;10256;49,99;
14:26:36;10216;49,99;
14:26:39;10232;49,98;
14:26:42;10216;49,98;
14:26:45;10228;49,98;
14:26:48;10220;49,98;
14:26:51;10196;49,97;
14:26:54;10180;49,97;
14:26:57;10176;49,98;
14:27:00;10132;49,98;
14:27:03;10160;49,99;
14:27:06;10152;49,99;
14:27:12;10112;49,99;
14:27:15;10152;49,99;
14:27:18;10148;49,99;
14:27:21;10140;49,98;
14:27:24;10112;49,98;
14:27:33;10104;49,98;
14:27:39;10108;49,98;
14:27:42;10100;49,97;
14:27:45;10104;49,97;
14:27:51;10048;49,97;
14:27:54;10096;49,98;
14:27:57;10060;49,98;
14:28:00;10012;49,98;
14:28:03;10044;49,98;
14:28:06;10044;49,97;
14:28:09;10036;49,97;
14:28:12;9952;49,96;
14:28:15;9872;49,96;
14:28:18;10024;49,96;
14:28:21;10052;49,97;
14:28:24;10032;49,97;
14:28:27;10048;49,98;
14:28:30;10048;49,97;
14:28:33;10052;49,97;
14:28:42;10048;49,97;
14:28:45;10044;49,97;
14:28:48;10040;49,97;
14:28:51;10052;49,97;
14:28:54;10056;49,97;
14:28:57;10048;49,96;
14:29:00;10056;49,96;
14:29:03;10076;49,97;
14:29:06;10076;49,96;
14:29:09;10080;49,96;
14:29:12;10088;49,97;
14:29:15;10096;49,97;
14:29:21;10088;49,97;
14:29:27;10092;49,97;
14:29:30;10092;49,96;
14:29:33;10088;49,97;
14:29:36;10084;49,96;
14:29:39;10040;49,96;
14:29:42;10088;49,96;
14:29:48;10096;49,97;
14:29:51;10052;49,97;
14:29:54;10104;49,97;
14:29:57;10100;49,97;
14:30:00;10096;49,97;
14:30:03;10048;49,97;
14:30:06;10092;49,97;
14:30:09;10084;49,97;
14:30:12;10080;49,96;
14:30:15;10056;49,96;
14:30:18;10084;49,96;
14:30:24;10080;49,96;
14:30:30;10096;49,97;
14:30:33;10100;49,97;
14:30:36;10104;49,98;
14:30:45;10096;49,98;
14:30:48;10092;49,98;
14:30:51;10100;49,97;
14:30:57;10096;49,97;
14:31:00;10080;49,98;
14:31:03;10084;49,98;
14:31:06;10100;49,97;
14:31:09;10104;49,97;
14:31:15;10116;49,97;
14:31:18;10080;49,97;
14:31:21;10060;49,97;
14:31:24;10108;49,98;
14:31:27;10116;49,97;
14:31:30;10124;49,98;
14:31:36;10108;49,98;
14:31:39;10116;49,98;
14:31:42;10096;49,97;
14:31:45;10024;49,97;
14:31:48;10060;49,97;
14:31:51;10108;49,97;
14:31:54;10080;49,97;
14:31:57;10124;49,97;
14:32:00;10136;49,98;
14:32:03;10096;49,98;
14:32:06;10068;49,98;
14:32:09;10104;49,97;
14:32:12;10128;49,97;
14:32:15;10152;49,97;
14:32:18;10136;49,97;
14:32:21;10160;49,97;
14:32:24;10160;49,98;
14:32:27;10156;49,98;
14:32:30;10164;49,98;
14:32:33;10188;49,98;
14:32:36;10172;49,98;
14:32:42;9980;49,98;
14:32:45;10032;49,97;
14:32:48;9992;49,97;
14:32:51;10184;49,97;
14:32:54;10172;49,97;
14:32:57;10200;49,97;
14:33:00;10204;49,97;
14:33:03;10188;49,96;
14:33:06;10240;49,97;
14:33:09;10252;49,97;
14:33:12;10268;49,96;
14:33:15;10284;49,96;
14:33:18;10296;49,96;
14:33:21;10312;49,96;
14:33:24;10308;49,96;
14:33:27;10232;49,96;
14:33:30;9948;49,96;
14:33:33;9992;49,96;
14:33:36;9952;49,96;
14:33:39;9972;49,96;
14:33:42;9640;49,96;
14:33:48;9668;49,96;
14:33:51;9840;49,96;
14:33:54;9996;49,96;
14:33:57;10020;49,96;
14:34:00;9988;49,96;
14:34:03;9616;49,97;
14:34:06;9328;49,96;
14:34:09;9064;49,96;
14:34:12;9068;49,96;
14:34:15;9536;49,96;
14:34:18;9276;49,96;
14:34:21;8780;49,96;
14:34:24;8752;49,97;
14:34:27;9292;49,96;
14:34:31;9584;49,97;
14:34:37;9884;49,97;
14:34:39;10012;49,96;
14:34:45;10236;49,96;
14:34:47;10300;49,96;
14:34:49;10240;49,96;
14:34:55;9672;49,97;
14:34:58;9488;49,96;
14:35:01;10404;49,97;
14:35:04;10480;49,97;
14:35:07;10400;49,97;
14:35:10;10452;49,97;
14:35:13;10448;49,97;
14:35:16;10464;49,97;
14:35:19;10464;49,96;
14:35:22;10460;49,96;
14:35:25;10420;49,96;
14:35:31;10428;49,97;
14:35:34;10416;49,97;
14:35:37;10440;49,97;
14:35:40;10432;49,97;
14:35:43;10460;49,96;
14:35:46;10428;49,96;
14:35:49;10448;49,96;
14:35:52;10424;49,96;
14:35:55;10464;49,96;
14:36:01;10484;49,97;
14:36:04;10468;49,97;
14:36:07;10516;49,97;
14:36:10;10512;49,97;
14:36:13;10528;49,97;
14:36:15;10208;49,96;
14:36:17;10460;49,96;
14:36:24;10376;49,96;
14:36:27;10392;49,97;
14:36:30;10520;49,97;
14:36:33;10392;49,96;
14:36:36;10476;49,96;
14:36:39;10532;49,97;
14:36:45;10520;49,97;
14:36:47;10536;49,97;
14:36:55;10516;49,97;
14:37:03;10532;49,97;
14:37:06;10492;49,97;
14:37:09;10524;49,97;
14:37:12;10544;49,97;
14:37:15;10528;49,97;
14:37:18;10568;49,97;
14:37:21;10548;49,97;
14:37:24;10540;49,97;
14:37:27;10540;49,96;
14:37:31;10516;49,96;
14:37:34;10520;49,96;
14:37:37;10496;49,97;
14:37:40;10512;49,96;
14:37:43;10516;49,97;
14:37:45;10504;49,96;
14:37:47;10484;49,96;
14:37:50;10472;49,96;
14:37:58;10516;49,96;
14:38:00;10508;49,96;
14:38:02;10500;49,96;
14:38:05;10456;49,96;
14:38:07;10476;49,96;
14:38:09;10460;49,96;
14:38:15;10424;49,96;
14:38:18;10444;49,96;
14:38:20;10408;49,96;
14:38:25;10400;49,96;
14:38:27;10372;49,96;
14:38:29;10356;49,96;
14:38:35;10368;49,96;
14:38:37;10344;49,96;
14:38:45;10308;49,96;
14:38:47;10296;49,96;
14:38:49;10304;49,97;
14:38:52;10292;49,96;
14:38:54;10268;49,96;
14:38:59;10248;49,96;
14:39:02;10260;49,97;
14:39:05;10264;49,97;
14:39:12;10272;49,97;
14:39:17;10268;49,97;
14:39:19;10284;49,98;
14:39:26;10268;49,98;
14:39:29;10264;49,97;
14:39:32;10272;49,97;
14:39:35;10276;49,97;
14:39:37;10244;49,97;
14:39:39;10276;49,96;
14:39:42;10232;49,96;
14:39:45;10268;49,96;
14:39:48;10244;49,96;
14:39:52;10252;49,96;
14:39:55;10212;49,96;
14:39:57;10244;49,96;
14:40:02;10272;49,98;
14:40:07;10284;49,98;
14:40:08;10276;49,98;
14:40:12;10252;49,98;
14:40:15;10184;49,98;
14:40:17;9940;49,98;
14:40:20;9676;49,99;
14:40:25;9436;49,98;
14:40:29;9212;49,98;
14:40:32;9472;49,98;
14:40:34;9416;49,98;
14:40:39;9344;49,98;
14:40:42;9452;49,97;
14:40:47;9852;49,98;
14:40:48;9872;49,98;
14:40:52;9824;49,98;
14:40:55;9544;49,99;
14:40:58;9584;49,98;
14:41:03;9548;49,98;
14:41:05;9596;49,98;
14:41:07;9580;49,98;
14:41:10;9480;49,97;
14:41:12;9796;49,98;
14:41:17;9836;49,98;
14:41:20;9908;49,98;
14:41:25;9840;49,98;
14:41:27;9904;49,99;
14:41:28;10004;49,99;
14:41:32;9784;49,99;
14:41:35;9740;49,99;
14:41:37;9780;49,99;
14:41:39;9796;50,00;
14:41:41;9992;50,00;
14:41:43;9948;50,00;
14:41:45;9688;49,99;
14:41:48;9076;50,00;
14:41:55;9988;49,98;
14:41:57;9256;49,98;
14:41:59;9596;49,98;
14:42:01;9712;49,98;
14:42:03;9872;49,99;
14:42:05;9756;49,98;
14:42:08;9648;49,98;
14:42:12;9700;49,98;
14:42:15;9416;49,98;
14:42:17;1731;49,98;
14:42:18;1672;49,98;
14:42:22;1646;49,99;
14:42:25;1617;49,99;
14:42:27;1576;50,00;
14:42:29;1562;50,00;
14:42:32;1550;50,00;
14:42:34;1541;50,00;
14:42:40;1526;50,00;
14:42:42;1518;49,99;
14:42:49;1512;49,98;
14:42:51;1503;49,98;
14:42:53;1505;49,98;
14:43:02;1507;49,98;
14:43:05;1504;49,99;
14:43:07;1499;50,00;
14:43:10;1505;50,00;
14:43:17;1501;50,00;
14:43:19;1504;49,99;
14:43:25;1507;49,98;
14:43:28;1504;49,98;
14:43:32;1515;49,98;
14:43:35;1522;49,98;
14:43:37;1543;49,97;
14:43:41;1550;49,97;
14:43:45;1572;49,97;
14:43:52;1608;49,98;
14:43:53;1620;49,98;
14:43:56;1632;49,99;
14:43:58;1636;49,99;
14:44:01;1659;50,00;
14:44:10;1704;50,00;
14:44:12;1778;49,99;
14:44:14;1800;49,99;
14:44:17;1809;49,99;
14:44:19;1836;49,99;
14:44:21;1876;49,98;
14:44:25;1894;49,98;
14:44:32;2052;49,98;
14:44:34;2434;49,97;
14:44:37;3241;49,97;
14:44:39;3898;49,97;
14:44:41;10568;49,97;
14:44:48;10492;49,98;
14:44:52;10328;49,98;
14:44:54;10448;49,98;
14:44:57;10168;49,98;
14:45:00;9644;49,98;
14:45:04;9904;49,98;
14:45:07;10168;49,99;
14:45:08;10212;49,99;
14:45:15;10780;49,99;
14:45:17;10356;49,99;
14:45:25;9312;49,99;
14:45:29;9876;50,00;
14:45:32;10744;49,99;
14:45:33;10728;49,98;
14:45:37;10716;49,98;
14:45:38;10688;49,98;
14:45:44;10676;49,98;
14:45:47;10668;49,98;
14:45:48;10640;49,98;
14:45:54;10624;49,98;
14:45:57;10592;49,98;
14:45:58;10556;49,98;
14:46:04;10404;49,98;
14:46:05;10332;49,98;
14:46:09;10128;49,98;
14:46:12;9924;49,97;
14:46:17;9944;49,97;
14:46:18;9148;49,98;
14:46:22;9812;49,98;
14:46:29;2593;49,98;
14:46:32;2623;49,98;
14:46:33;2974;49,99;
14:46:40;5890;49,99;
14:46:43;10248;50,00;
14:46:44;10312;50,00;
14:46:52;10412;50,00;
14:46:55;10504;50,00;
14:46:58;10480;50,00;
14:46:59;10524;50,00;
14:47:02;10472;50,00;
14:47:07;10488;50,00;
14:47:11;10528;50,00;
14:47:13;10540;50,00;
14:47:14;10576;50,00;
14:47:22;10540;50,00;
14:47:25;10532;50,00;
14:47:28;10536;50,00;
14:47:29;10504;50,00;
14:47:32;10564;50,00;
14:47:35;10572;50,00;
14:47:39;10516;50,00;
14:47:42;10472;50,00;
14:47:43;10316;50,00;
14:47:50;9036;50,00;
14:47:54;9804;50,00;
14:47:58;6678;50,00;
14:48:02;6500;50,00;
14:48:06;9832;50,00;
14:48:09;4594;50,00;
14:48:12;3304;50,00;
14:48:13;4924;49,99;
14:48:21;2727;50,00;
14:48:24;3270;49,99;
14:48:27;3071;50,00;
14:48:28;3017;50,00;
14:48:32;2829;50,00;
14:48:33;4992;50,00;
14:48:41;9032;49,99;
14:48:44;10508;49,99;
14:48:47;10492;49,99;
14:48:54;10504;50,00;
14:48:57;10484;50,00;
14:48:58;10512;50,00;
14:49:01;10520;50,00;
14:49:04;10388;50,00;
14:49:05;6180;50,00;
14:49:09;6242;50,01;
14:49:13;5310;50,00;
14:49:21;4512;50,00;
14:49:24;2606;50,00;
14:49:27;5382;50,00;
14:49:29;5602;50,00;
14:49:32;6850;50,00;
14:49:33;10036;49,99;
14:49:42;10200;49,98;
14:49:45;10316;49,98;
14:49:49;10324;49,99;
14:49:50;10504;49,99;
14:49:54;10468;50,00;
14:49:57;10548;50,00;
14:49:59;10556;50,00;
14:50:02;10600;50,00;
14:50:07;8816;50,00;
14:50:12;4894;50,00;
14:50:15;6552;50,00;
14:50:19;2613;50,00;
14:50:22;2387;49,99;
14:50:25;2431;49,99;
14:50:29;2358;49,99;
14:50:32;2367;49,99;
14:50:35;2422;49,99;
14:50:39;2463;49,99;
14:50:42;2611;49,99;
14:50:43;3812;50,00;
14:50:49;3370;50,00;
14:50:52;3564;50,00;
14:50:55;8460;50,00;
14:50:59;7898;50,00;
14:51:02;5280;50,00;
14:51:05;2704;50,00;
14:51:09;2745;50,00;
14:51:12;3135;50,00;
14:51:13;3858;50,00;
14:51:19;5546;49,99;
14:51:22;8640;49,99;
14:51:23;10644;49,99;
14:51:29;10460;49,99;
14:51:32;10416;49,99;
14:51:33;10360;49,98;
14:51:40;10260;49,99;
14:51:44;10360;50,00;
14:51:47;10348;50,00;
14:51:49;10360;50,00;
14:51:52;10364;50,00;
14:51:53;10360;50,00;
14:51:59;9944;50,01;
14:52:00;9668;50,00;
14:52:03;10032;50,00;
14:52:07;10124;50,00;
14:52:11;10152;50,00;
14:52:14;9984;50,00;
14:52:17;10144;50,00;
14:52:20;10380;50,00;
14:52:24;10348;50,00;
14:52:27;10372;50,00;
14:52:30;10468;50,00;
14:52:33;10476;50,00;
14:52:36;10268;50,00;
14:52:39;10168;50,00;
14:52:42;9848;50,00;
14:52:43;9840;50,00;
14:52:46;9940;50,00;
14:52:49;10240;50,00;
14:52:52;10444;50,00;
14:52:53;10496;50,00;
14:52:57;10540;50,00;
14:53:01;10520;50,00;
14:53:04;10572;50,01;
14:53:05;10532;50,01;
14:53:09;10436;50,00;
14:53:10;9836;50,00;
14:53:17;10016;50,00;
14:53:20;10200;49,99;
14:53:24;10188;49,99;
14:53:27;10260;49,99;
14:53:30;2535;49,99;
14:53:34;2452;50,00;
14:53:37;2427;49,99;
14:53:38;2369;50,00;
14:53:44;2343;49,99;
14:53:47;2334;49,99;
14:53:48;2336;49,99;
14:53:55;2372;49,99;
14:53:59;2391;49,99;
14:54:02;2465;49,98;
14:54:03;2515;49,98;
14:54:07;2568;49,98;
14:54:12;2608;49,98;
14:54:15;2524;49,98;
14:54:18;2436;49,98;
14:54:24;2315;49,98;
14:54:27;2284;49,98;
14:54:28;2250;49,98;
14:54:34;2228;49,98;
14:54:37;2222;49,98;
14:54:38;2225;49,98;
14:54:44;2232;49,98;
14:54:47;2245;49,99;
14:54:50;2264;49,99;
14:54:53;2283;49,99;
14:54:56;2303;49,99;
14:54:59;2326;49,99;
14:55:02;2370;49,98;
14:55:06;2398;49,98;
14:55:09;2465;49,98;
14:55:12;2595;49,97;
14:55:13;2715;49,97;
14:55:16;3062;49,97;
14:55:19;3388;49,98;
14:55:20;3817;49,98;
14:55:27;4222;49,98;
14:55:30;7430;49,98;
14:55:34;5574;49,98;
14:55:37;3241;49,98;
14:55:38;3827;49,98;
14:55:44;5436;49,98;
14:55:47;5370;49,98;
14:55:50;5640;49,98;
14:55:54;3906;49,98;
14:55:57;4150;49,98;
14:55:58;3093;49,98;
14:56:04;3406;49,98;
14:56:07;3686;49,98;
14:56:08;3178;49,97;
14:56:14;2936;49,97;
14:56:17;2904;49,97;
14:56:18;3031;49,97;
14:56:24;3237;49,97;
14:56:27;4386;49,97;
14:56:28;7696;49,98;
14:56:34;5172;49,98;
14:56:37;3381;49,99;
14:56:40;4172;49,99;
14:56:43;5078;49,98;
14:56:47;3672;49,98;
14:56:50;3038;49,98;
14:56:53;2998;49,98;
14:56:59;6020;49,98;
14:57:02;6356;49,98;
14:57:05;6446;49,99;
14:57:08;6940;49,99;
14:57:11;7646;50,00;
14:57:14;7466;50,00;
14:57:17;7448;50,00;
14:57:20;7342;50,00;
14:57:23;7106;50,00;
14:57:26;7044;50,00;
14:57:29;4802;50,00;
14:57:32;3110;50,00;
14:57:33;2949;50,00;
14:57:39;2799;50,00;
14:57:42;2735;50,00;
14:57:45;2697;50,00;
14:57:48;2716;50,00;
14:57:51;2750;50,00;
14:57:54;2775;50,00;
14:57:57;3046;50,00;
14:58:00;3040;49,99;
14:58:03;3038;49,99;
14:58:06;3322;49,98;
14:58:09;3608;49,98;
14:58:12;4402;49,98;
14:58:15;5450;49,98;
14:58:18;5844;49,98;
14:58:21;6264;49,98;
14:58:27;6596;49,98;
14:58:30;6786;49,98;
14:58:33;6778;49,98;
14:58:36;6864;49,98;
14:58:39;7278;49,98;
14:58:42;7394;49,97;
14:58:45;7608;49,97;
14:58:48;7716;49,97;
14:58:51;7744;49,96;
14:58:54;7696;49,97;
14:58:57;7802;49,98;
14:59:00;7944;49,98;
14:59:03;7794;49,98;
14:59:06;7618;49,98;
14:59:09;7552;49,98;
14:59:12;7260;49,97;
14:59:15;7662;49,97;
14:59:18;7654;49,98;
14:59:21;7740;49,97;
14:59:24;8010;49,98;
14:59:27;7802;49,97;
14:59:33;8224;49,98;
14:59:36;8200;49,98;
14:59:39;8204;49,98;
14:59:42;8260;49,98;
14:59:43;8540;49,98;
14:59:49;8400;49,99;
14:59:55;8252;49,99;
14:59:58;8552;49,99;
15:00:01;8348;49,98;
15:00:04;8620;49,98;
15:00:07;8520;49,98;
15:00:10;8372;49,97;
15:00:13;8296;49,97;
15:00:16;8208;49,97;
15:00:19;8336;49,96;
15:00:22;8204;49,96;
15:00:25;8184;49,97;
15:00:28;8364;49,96;
15:00:31;8472;49,96;
15:00:34;8400;49,96;
15:00:37;8852;49,96;
15:00:40;8920;49,96;
15:00:43;7824;49,96;
15:00:46;7554;49,96;
15:00:49;8460;49,96;
15:00:52;8436;49,96;
15:00:55;8082;49,96;
15:01:01;7474;49,97;
15:01:04;7776;49,96;
15:01:07;6792;49,96;
15:01:10;6436;49,96;
15:01:13;7044;49,96;
15:01:16;6534;49,95;
15:01:19;6474;49,95;
15:01:22;6430;49,95;
15:01:25;6980;49,95;
15:01:28;7870;49,95;
15:01:31;8496;49,95;
15:01:34;7428;49,95;
15:01:37;7468;49,95;
15:01:40;7302;49,95;
15:01:46;7476;49,95;
15:01:49;7294;49,95;
15:01:52;7324;49,95;
15:01:55;7238;49,95;
15:01:58;7010;49,96;
15:02:01;7728;49,96;
15:02:04;8142;49,95;
15:02:07;8216;49,94;
15:02:10;7852;49,94;
15:02:13;8142;49,94;
15:02:16;8704;49,94;
15:02:19;8828;49,94;
15:02:22;9380;49,94;
15:02:25;9348;49,94;
15:02:28;9244;49,94;
15:02:31;8948;49,94;
15:02:34;8904;49,94;
15:02:37;9040;49,94;
15:02:40;7862;49,94;
15:02:43;7382;49,94;
15:02:46;6934;49,94;
15:02:52;8048;49,95;
15:02:55;8068;49,95;
15:02:58;8204;49,95;
15:03:01;8556;49,94;
15:03:04;8158;49,94;
15:03:07;7690;49,94;
15:03:08;7386;49,94;
15:03:14;7156;49,94;
15:03:17;7326;49,94;
15:03:20;7988;49,94;
15:03:23;7648;49,94;
15:03:26;6616;49,95;
15:03:29;6406;49,95;
15:03:32;6178;49,96;
15:03:35;6110;49,96;
15:03:38;6096;49,96;
15:03:41;5756;49,96;
15:03:44;5754;49,96;
15:03:47;5640;49,96;
15:03:50;6230;49,96;
15:03:53;6402;49,96;
15:03:56;6070;49,96;
15:03:59;5762;49,96;
15:04:02;5624;49,96;
15:04:05;5816;49,96;
15:04:08;6124;49,96;
15:04:11;6434;49,96;
15:04:14;6000;49,96;
15:04:20;5732;49,96;
15:04:23;5788;49,96;
15:04:26;6470;49,96;
15:04:29;6298;49,96;
15:04:32;6158;49,96;
15:04:35;6264;49,96;
15:04:38;6648;49,96;
15:04:41;6676;49,96;
15:04:44;6216;49,96;
15:04:47;6024;49,96;
15:04:50;6214;49,97;
15:04:53;6556;49,97;
15:04:56;6694;49,97;
15:04:59;6840;49,96;
15:05:02;6838;49,96;
15:05:05;6684;49,96;
15:05:08;6488;49,97;
15:05:11;6502;49,97;
15:05:14;7018;49,97;
15:05:17;7198;49,97;
15:05:20;7466;49,96;
15:05:26;6858;49,96;
15:05:29;7046;49,96;
15:05:32;7156;49,96;
15:05:35;7082;49,96;
15:05:38;7100;49,97;
15:05:41;7230;49,96;
15:05:44;7466;49,97;
15:05:47;7830;49,97;
15:05:50;7326;49,97;
15:05:53;7118;49,97;
15:05:56;7282;49,97;
15:05:59;7710;49,97;
15:06:02;7772;49,97;
15:06:05;7760;49,98;
15:06:11;7454;49,98;
15:06:14;7446;49,98;
15:06:17;7140;49,98;
15:06:20;7052;49,97;
15:06:23;7184;49,97;
15:06:26;7104;49,97;
15:06:29;6716;49,97;
15:06:32;6626;49,97;
15:06:35;7232;49,96;
15:06:38;7610;49,96;
15:06:41;7658;49,96;
15:06:44;7488;49,96;
15:06:47;7732;49,96;
15:06:50;7220;49,97;
15:06:53;7200;49,97;
15:06:56;7454;49,97;
15:06:59;7468;49,98;
15:07:02;7606;49,98;
15:07:05;7306;49,98;
15:07:08;6814;49,98;
15:07:11;6318;49,98;
15:07:17;6578;49,98;
15:07:20;6464;49,97;
15:07:23;6214;49,97;
15:07:26;6040;49,97;
15:07:29;5480;49,97;
15:07:32;5512;49,97;
15:07:35;5418;49,96;
15:07:38;5520;49,96;
15:07:41;5608;49,97;
15:07:44;5554;49,97;
15:07:47;5494;49,96;
15:07:50;5440;49,97;
15:07:53;5546;49,96;
15:07:56;5500;49,96;
15:07:59;5470;49,96;
15:08:02;5734;49,97;
15:08:03;5236;49,98;
15:08:09;5030;49,98;
15:08:12;5090;49,98;
15:08:15;5318;49,98;
15:08:18;5460;49,97;
15:08:21;5600;49,97;
15:08:24;5550;49,97;
15:08:27;4402;49,98;
15:08:30;3730;49,98;
15:08:33;3616;49,98;
15:08:36;3600;49,98;
15:08:39;3585;49,98;
15:08:45;3582;49,97;
15:08:48;3619;49,98;
15:08:51;3764;49,98;
15:08:54;3772;49,98;
15:08:57;3693;49,98;
15:09:00;3717;49,98;
15:09:03;3839;49,98;
15:09:06;4412;49,98;
15:09:09;5098;49,98;
15:09:12;4628;49,98;
15:09:15;4006;49,99;
15:09:18;3740;49,99;
15:09:21;3664;49,99;
15:09:24;3645;49,98;
15:09:27;3664;49,98;
15:09:30;3677;49,98;
15:09:33;3724;49,98;
15:09:36;3747;49,98;
15:09:39;4162;49,98;
15:09:42;4968;49,97;
15:09:45;5930;49,97;
15:09:51;6012;49,98;
15:09:54;6110;49,98;
15:09:57;6162;49,98;
15:10:00;6100;49,98;
15:10:03;6000;49,98;
15:10:06;6082;49,98;
15:10:09;5900;49,98;
15:10:12;5788;49,98;
15:10:15;5590;49,98;
15:10:18;5506;49,98;
15:10:21;5458;49,98;
15:10:24;5502;49,97;
15:10:27;5630;49,97;
15:10:30;5558;49,97;
15:10:36;5240;49,97;
15:10:39;5328;49,97;
15:10:42;5630;49,97;
15:10:45;5718;49,98;
15:10:48;5902;49,98;
15:10:51;5852;49,98;
15:10:54;5748;49,98;
15:10:57;5778;49,97;
15:11:00;5348;49,96;
15:11:03;5376;49,96;
15:11:06;5208;49,96;
15:11:09;5286;49,96;
15:11:12;5270;49,97;
15:11:15;5182;49,97;
15:11:18;5274;49,97;
15:11:21;5454;49,96;
15:11:24;5368;49,96;
15:11:27;5330;49,96;
15:11:30;5632;49,96;
15:11:33;5498;49,97;
15:11:36;5210;49,97;
15:11:42;5860;49,98;
15:11:45;5772;49,98;
15:11:48;5146;49,98;
15:11:51;5028;49,97;
15:11:54;4574;49,98;
15:11:57;4608;49,97;
15:12:00;4624;49,97;
15:12:03;4458;49,97;
15:12:06;4360;49,98;
15:12:09;4400;49,98;
15:12:12;4658;49,98;
15:12:15;4800;49,98;
15:12:18;5164;49,97;
15:12:21;5162;49,97;
15:12:24;5170;49,97;
15:12:27;4962;49,96;
15:12:30;5148;49,96;
15:12:33;5238;49,96;
15:12:36;5528;49,97;
15:12:39;5476;49,98;
15:12:42;5684;49,98;
15:12:48;5788;49,98;
15:12:51;5758;49,99;
15:12:54;6118;49,99;
15:12:57;6226;49,99;
15:13:00;6082;49,99;
15:13:03;6074;49,99;
15:13:06;6028;50,00;
15:13:09;5922;49,99;
15:13:12;5876;49,98;
15:13:15;5726;49,98;
15:13:18;5828;49,97;
15:13:21;5890;49,97;
15:13:24;5600;49,96;
15:13:27;5392;49,97;
15:13:30;5442;49,97;
15:13:33;5338;49,97;
15:13:36;5212;49,97;
15:13:39;5112;49,97;
15:13:42;5180;49,98;
15:13:45;5242;49,98;
15:13:48;5386;49,99;
15:13:54;5462;49,99;
15:13:57;5348;49,99;
15:14:00;5442;49,98;
15:14:03;5530;49,98;
15:14:06;5764;49,97;
15:14:09;5766;49,96;
15:14:12;5864;49,96;
15:14:15;5986;49,96;
15:14:18;5524;49,96;
15:14:21;5300;49,97;
15:14:24;5016;49,97;
15:14:27;4900;49,97;
15:14:30;4614;49,98;
15:14:33;4542;49,98;
15:14:36;4586;49,98;
15:14:39;4756;49,98;
15:14:42;4998;49,98;
15:14:45;4940;49,98;
15:14:48;4820;49,98;
15:14:51;4776;49,98;
15:14:54;4712;49,99;
15:14:57;4694;49,99;
15:15:00;4764;49,99;
15:15:03;4792;49,99;
15:15:06;4748;49,99;
15:15:09;4824;49,99;
15:15:12;4898;49,99;
15:15:15;4448;49,98;
15:15:18;4074;49,98;
15:15:21;3937;49,97;
15:15:24;4063;49,97;
15:15:27;4748;49,97;
15:15:30;4630;49,97;
15:15:33;4746;49,97;
15:15:36;4614;49,98;
15:15:39;4206;49,98;
15:15:45;3485;49,99;
15:15:48;3443;49,98;
15:15:51;3379;49,98;
15:15:54;3323;49,98;
15:15:57;3309;49,98;
15:16:00;3293;49,97;
15:16:03;3270;49,97;
15:16:06;3260;49,97;
15:16:09;3218;49,97;
15:16:12;3198;49,97;
15:16:15;3178;49,97;
15:16:18;3167;49,98;
15:16:21;3136;49,98;
15:16:24;3130;49,98;
15:16:27;3110;49,98;
15:16:30;3072;49,97;
15:16:33;3066;49,97;
15:16:36;3049;49,97;
15:16:39;3034;49,97;
15:16:42;3011;49,97;
15:16:45;3008;49,97;
15:16:51;2986;49,98;
15:16:54;2972;49,98;
15:16:57;2970;49,98;
15:17:00;2957;49,98;
15:17:03;2961;49,98;
15:17:06;2956;49,98;
15:17:09;2948;49,99;
15:17:12;2962;49,99;
15:17:15;3070;49,99;
15:17:18;3210;49,99;
15:17:21;3512;49,99;
15:17:24;3196;49,99;
15:17:27;2960;49,98;
15:17:30;2949;49,98;
15:17:33;2937;49,98;
15:17:36;2946;49,97;
15:17:39;2953;49,97;
15:17:42;2960;49,97;
15:17:45;2973;49,97;
15:17:48;2979;49,97;
15:17:51;3006;49,97;
15:17:57;3046;49,98;
15:18:00;3060;49,97;
15:18:03;3112;49,97;
15:18:06;3157;49,97;
15:18:09;3172;49,98;
15:18:12;3209;49,98;
15:18:15;3217;49,98;
15:18:18;3331;49,98;
15:18:21;3990;49,98;
15:18:24;4400;49,98;
15:18:27;4452;49,98;
15:18:30;4344;49,98;
15:18:33;4258;49,98;
15:18:36;4268;49,98;
15:18:39;4148;49,98;
15:18:42;3630;49,98;
15:18:45;3540;49,98;
15:18:48;3524;49,98;
15:18:51;3547;49,97;
15:18:54;3398;49,97;
15:18:57;3233;49,97;
15:19:03;3208;49,96;
15:19:06;3212;49,97;
15:19:09;3204;49,96;
15:19:12;3207;49,96;
15:19:15;3198;49,96;
15:19:18;3210;49,96;
15:19:21;3205;49,97;
15:19:24;3206;49,97;
15:19:27;3217;49,98;
15:19:30;3222;49,98;
15:19:33;3225;49,98;
15:19:36;3234;49,97;
15:19:39;3240;49,97;
15:19:42;3250;49,97;
15:19:48;3272;49,97;
15:19:51;3281;49,97;
15:19:54;3306;49,98;
15:19:57;3321;49,98;
15:20:00;3356;49,98;
15:20:03;3379;49,98;
15:20:06;3392;49,98;
15:20:09;3469;49,98;
15:20:12;3584;49,99;
15:20:15;3642;49,98;
15:20:18;3908;49,99;
15:20:21;3937;49,98;
15:20:24;3988;49,98;
15:20:27;4248;49,98;
15:20:30;4502;49,98;
15:20:33;4546;49,98;
15:20:36;4552;49,98;
15:20:39;4534;49,97;
15:20:42;4500;49,98;
15:20:45;4466;49,98;
15:20:48;4442;49,98;
15:20:54;4584;49,99;
15:20:57;4712;49,99;
15:21:00;4930;49,98;
15:21:03;5042;49,98;
15:21:06;5634;49,98;
15:21:09;5580;49,98;
15:21:12;5324;49,98;
15:21:15;5142;49,98;
15:21:18;5402;49,98;
15:21:21;5528;49,98;
15:21:24;5276;49,97;
15:21:27;5244;49,97;
15:21:30;5122;49,97;
15:21:33;5042;49,97;
15:21:36;5064;49,97;
15:21:39;5272;49,97;
15:21:42;5250;49,97;
15:21:45;5256;49,97;
15:21:48;5412;49,98;
15:21:51;5508;49,98;
15:21:54;5360;49,98;
15:22:00;5782;49,99;
15:22:03;6066;49,98;
15:22:06;6566;49,98;
15:22:09;6904;49,98;
15:22:12;7174;49,98;
15:22:15;7330;49,98;
15:22:18;7354;49,98;
15:22:24;6996;49,99;
15:22:27;6808;49,99;
15:22:30;6848;49,99;
15:22:33;6576;49,99;
15:22:36;5538;49,99;
15:22:39;5440;49,98;
15:22:42;5336;49,98;
15:22:45;5404;49,98;
15:22:48;5202;49,97;
15:22:51;5302;49,96;
15:22:54;5784;49,96;
15:22:57;5646;49,96;
15:23:00;5776;49,96;
15:23:06;7336;49,96;
15:23:09;7466;49,97;
15:23:12;7952;49,96;
15:23:15;7944;49,96;
15:23:18;7636;49,96;
15:23:21;7554;49,97;
15:23:24;7270;49,97;
15:23:27;7134;49,97;
15:23:30;7596;49,96;
15:23:33;7790;49,96;
15:23:36;7688;49,96;
15:23:39;7634;49,95;
15:23:42;7606;49,96;
15:23:45;7562;49,96;
15:23:48;7626;49,96;
15:23:51;7720;49,96;
15:23:54;7700;49,96;
15:23:57;8092;49,96;
15:24:00;8070;49,97;
15:24:03;7108;49,97;
15:24:06;6694;49,97;
15:24:09;6460;49,97;
15:24:12;6286;49,97;
15:24:15;7236;49,97;
15:24:18;7588;49,97;
15:24:21;7210;49,97;
15:24:24;7552;49,97;
15:24:27;7730;49,97;
15:24:30;8082;49,97;
15:24:33;8420;49,97;
15:24:36;8416;49,97;
15:24:39;7792;49,98;
15:24:42;8110;49,98;
15:24:45;8292;49,99;
15:24:48;8600;49,99;
15:24:51;7868;49,99;
15:24:57;8076;49,99;
15:25:00;8200;49,99;
15:25:03;8268;49,99;
15:25:06;8316;49,98;
15:25:09;8724;49,99;
15:25:12;8652;49,98;
15:25:15;8496;49,98;
15:25:18;8424;49,98;
15:25:21;8844;49,98;
15:25:24;9144;49,98;
15:25:27;9232;49,98;
15:25:30;9312;49,98;
15:25:33;8408;49,98;
15:25:36;8244;49,98;
15:25:39;8492;49,99;
15:25:42;8484;49,98;
15:25:45;8108;49,98;
15:25:48;8032;49,98;
15:25:51;7602;49,98;
15:25:54;7502;49,98;
15:25:57;7316;49,98;
15:26:03;7096;49,98;
15:26:06;7044;49,98;
15:26:09;7142;49,98;
15:26:12;6990;49,98;
15:26:15;7356;49,98;
15:26:18;7170;49,98;
15:26:21;6996;49,98;
15:26:24;6720;49,98;
15:26:27;6370;49,97;
15:26:30;6266;49,98;
15:26:33;5892;49,98;
15:26:36;5764;49,98;
15:26:39;5730;49,98;
15:26:42;5722;49,98;
15:26:45;5874;49,98;
15:26:48;6290;49,99;
15:26:51;6284;50,00;
15:26:54;6328;49,99;
15:26:57;6292;50,00;
15:27:00;6226;49,99;
15:27:03;6412;49,99;
15:27:09;5618;49,99;
15:27:12;5676;49,98;
15:27:15;5494;49,98;
15:27:18;5626;49,98;
15:27:21;5852;49,98;
15:27:24;5984;49,98;
15:27:27;5956;49,98;
15:27:30;6006;49,98;
15:27:33;5462;49,97;
15:27:36;5368;49,97;
15:27:39;5582;49,97;
15:27:42;5778;49,97;
15:27:45;5726;49,97;
15:27:48;5402;49,97;
15:27:51;5118;49,97;
15:27:54;4756;49,97;
15:27:57;4780;49,97;
15:28:00;4784;49,97;
15:28:03;4728;49,98;
15:28:06;4726;49,98;
15:28:09;4808;49,98;
15:28:15;4612;49,99;
15:28:18;4504;49,99;
15:28:21;4380;49,98;
15:28:24;4334;49,98;
15:28:27;4212;49,98;
15:28:30;4236;49,97;
15:28:33;4370;49,97;
15:28:36;4488;49,97;
15:28:39;4642;49,96;
15:28:42;4978;49,97;
15:28:45;5214;49,96;
15:28:48;5274;49,97;
15:28:51;5456;49,98;
15:28:54;5960;49,98;
15:29:00;6008;49,98;
15:29:03;6000;49,99;
15:29:06;5920;49,98;
15:29:09;5974;49,98;
15:29:12;5806;49,99;
15:29:15;5670;49,98;
15:29:18;5594;49,99;
15:29:21;5588;49,99;
15:29:24;5428;49,98;
15:29:27;5434;49,98;
15:29:30;5202;49,97;
15:29:33;5312;49,97;
15:29:36;5372;49,97;
15:29:39;5236;49,97;
15:29:42;5136;49,98;
15:29:45;5248;49,98;
15:29:48;5710;49,97;
15:29:51;6052;49,98;
15:29:54;5910;49,98;
15:29:57;5896;49,98;
15:30:00;5684;49,99;
15:30:06;5090;49,99;
15:30:09;4936;49,99;
15:30:12;4852;49,98;
15:30:15;4816;49,99;
15:30:18;4844;49,98;
15:30:21;4822;49,98;
15:30:24;4828;49,98;
15:30:27;4784;49,98;
15:30:30;4510;49,97;
15:30:33;4482;49,97;
15:30:36;4502;49,98;
15:30:39;4484;49,98;
15:30:42;4442;49,98;
15:30:45;4342;49,98;
15:30:48;4276;49,98;
15:30:51;4266;49,98;
15:30:54;4466;49,97;
15:30:57;4434;49,97;
15:31:00;4314;49,97;
15:31:03;4314;49,98;
15:31:06;4660;49,98;
15:31:12;4594;49,98;
15:31:15;4852;49,98;
15:31:18;5536;49,98;
15:31:21;5686;49,98;
15:31:24;5690;49,98;
15:31:27;5846;49,98;
15:31:30;6518;49,98;
15:31:33;6930;49,97;
15:31:36;7552;49,97;
15:31:39;7462;49,97;
15:31:42;7498;49,97;
15:31:45;7468;49,97;
15:31:48;7442;49,97;
15:31:51;7502;49,97;
15:31:54;7586;49,97;
15:31:57;7588;49,97;
15:32:00;7682;49,97;
15:32:03;7492;49,97;
15:32:06;6612;49,98;
15:32:09;6226;49,98;
15:32:12;5640;49,98;
15:32:18;5000;49,98;
15:32:21;4782;49,98;
15:32:24;4648;49,97;
15:32:27;4542;49,97;
15:32:30;4208;49,96;
15:32:33;4134;49,96;
15:32:36;4060;49,96;
15:32:39;4012;49,96;
15:32:42;3936;49,96;
15:32:45;3903;49,97;
15:32:48;3873;49,98;
15:32:51;3871;49,98;
15:32:54;3867;49,98;
15:32:57;3877;49,98;
15:33:03;3904;49,99;
15:33:06;3954;49,99;
15:33:09;4128;49,98;
15:33:12;4194;49,98;
15:33:15;4518;49,98;
15:33:18;4658;49,98;
15:33:21;4706;49,98;
15:33:24;4698;49,98;
15:33:27;5702;49,98;
15:33:30;5502;49,98;
15:33:33;6516;49,98;
15:33:36;6848;49,98;
15:33:39;6644;49,98;
15:33:42;6468;49,98;
15:33:45;6638;49,99;
15:33:48;7594;49,99;
15:33:51;7864;49,99;
15:33:54;7902;49,99;
15:33:57;8050;49,99;
15:34:00;7958;49,99;
15:34:03;7938;49,98;
15:34:09;8000;49,98;
15:34:12;7828;49,98;
15:34:15;7788;49,98;
15:34:18;7664;49,98;
15:34:21;7474;49,99;
15:34:24;7398;49,99;
15:34:27;7562;49,99;
15:34:30;7646;49,99;
15:34:33;7656;49,99;
15:34:36;7666;49,99;
15:34:39;7786;50,00;
15:34:42;7840;50,00;
15:34:45;7866;50,00;
15:34:48;7796;50,00;
15:34:51;7722;49,99;
15:34:54;7562;49,99;
15:34:57;6766;49,98;
15:35:00;6198;49,98;
15:35:03;5828;49,98;
15:35:06;5294;49,97;
15:35:09;4482;49,97;
15:35:15;4424;49,97;
15:35:18;4554;49,98;
15:35:21;5012;49,98;
15:35:24;4942;49,97;
15:35:27;4892;49,97;
15:35:30;4576;49,96;
15:35:33;4440;49,96;
15:35:36;4378;49,96;
15:35:39;4738;49,97;
15:35:42;4882;49,97;
15:35:45;5612;49,97;
15:35:48;5892;49,98;
15:35:51;6076;49,98;
15:35:54;6126;49,98;
15:35:57;6198;49,99;
15:36:00;6360;49,99;
15:36:03;6492;49,99;
15:36:06;6404;49,99;
15:36:09;6262;49,98;
15:36:12;6162;49,98;
15:36:15;6068;49,98;
15:36:21;6416;49,97;
15:36:24;6282;49,97;
15:36:27;6132;49,96;
15:36:30;5580;49,97;
15:36:33;4298;49,97;
15:36:36;4162;49,97;
15:36:39;4095;49,97;
15:36:42;4077;49,97;
15:36:45;4087;49,97;
15:36:48;4178;49,97;
15:36:51;4700;49,97;
15:36:54;5006;49,97;
15:36:57;5022;49,97;
15:37:00;4912;49,97;
15:37:03;4938;49,98;
15:37:06;5462;49,97;
15:37:09;5994;49,97;
15:37:12;6028;49,97;
15:37:15;6062;49,97;
15:37:18;6094;49,97;
15:37:21;6364;49,96;
15:37:27;6266;49,96;
15:37:30;6164;49,97;
15:37:33;6082;49,97;
15:37:36;5616;49,96;
15:37:39;5190;49,96;
15:37:42;4632;49,96;
15:37:45;4550;49,96;
15:37:48;4494;49,96;
15:37:51;4230;49,96;
15:37:54;4042;49,96;
15:37:57;3965;49,96;
15:38:00;3763;49,98;
15:38:03;3715;49,98;
15:38:06;3662;49,98;
15:38:12;3647;49,98;
15:38:15;3627;49,98;
15:38:18;3637;49,98;
15:38:21;3651;49,98;
15:38:24;3677;49,96;
15:38:27;3723;49,96;
15:38:30;3761;49,96;
15:38:33;3837;49,96;
15:38:36;4005;49,96;
15:38:39;4061;49,96;
15:38:42;4184;49,96;
15:38:45;4238;49,96;
15:38:48;4400;49,96;
15:38:51;4446;49,97;
15:38:54;4484;49,96;
15:38:57;4484;49,97;
15:39:00;4536;49,96;
15:39:03;4616;49,96;
15:39:06;5166;49,96;
15:39:09;5386;49,96;
15:39:12;5652;49,96;
15:39:18;6062;49,97;
15:39:21;6166;49,97;
15:39:24;6206;49,97;
15:39:27;6338;49,97;
15:39:30;6374;49,97;
15:39:33;6302;49,97;
15:39:36;6238;49,97;
15:39:39;6062;49,97;
15:39:42;5964;49,98;
15:39:45;6064;49,98;
15:39:48;5828;49,98;
15:39:51;5752;49,98;
15:39:54;5370;49,98;
15:39:57;5318;49,98;
15:40:00;5268;49,98;
15:40:03;5408;49,98;
15:40:06;4686;49,99;
15:40:09;4610;49,99;
15:40:12;4796;50,00;
15:40:15;4986;50,00;
15:40:18;5348;50,00;
15:40:24;5364;49,98;
15:40:27;5060;49,98;
15:40:30;4138;49,98;
15:40:33;3971;49,98;
15:40:36;3893;49,98;
15:41:00;4025;49,99;
15:41:03;4007;49,99;
15:41:06;3933;49,99;
15:41:09;3952;49,98;
15:41:12;4018;49,98;
15:41:15;4039;49,98;
15:41:18;4102;49,98;
15:41:21;4106;49,98;
15:41:24;4120;49,98;
15:41:30;3939;49,98;
15:41:33;4092;49,98;
15:41:36;4156;49,98;
15:41:39;4009;49,98;
15:41:42;3832;49,98;
15:41:45;3784;49,99;
15:41:48;3798;49,99;
15:41:51;3727;49,99;
15:41:54;3677;49,99;
15:41:57;3706;49,99;
15:42:00;3729;50,00;
15:42:03;3750;50,00;
15:42:06;3782;50,00;
15:42:09;4001;50,00;
15:42:15;5018;49,99;
15:42:18;5198;49,99;
15:42:21;5654;49,99;
15:42:24;5668;49,99;
15:42:27;5814;50,00;
15:42:30;5854;50,00;
15:42:33;5866;50,00;
15:42:39;5510;49,99;
15:42:42;5296;49,99;
15:42:45;5056;49,99;
15:42:48;5188;49,99;
15:42:51;5288;49,99;
15:42:54;5332;49,98;
15:42:57;5616;49,98;
15:43:00;6400;49,99;
15:43:03;6370;50,00;
15:43:06;6594;50,00;
15:43:09;6938;50,00;
15:43:12;6808;50,00;
15:43:15;6342;50,00;
15:43:21;5312;49,99;
15:43:24;5184;49,99;
15:43:27;5276;49,99;
15:43:30;5250;50,00;
15:43:33;5196;50,00;
15:43:36;5114;50,00;
15:43:39;4806;50,00;
15:43:42;4546;49,99;
15:43:45;4552;49,99;
15:43:48;4558;49,98;
15:43:51;4692;49,99;
15:43:54;4814;49,99;
15:43:57;5104;49,99;
15:44:00;5342;49,99;
15:44:03;5560;49,99;
15:44:06;5740;49,99;
15:44:09;5708;49,99;
15:44:12;5682;50,00;
15:44:15;5746;50,00;
15:44:18;5372;50,00;
15:44:21;4498;49,99;
15:44:27;5116;49,99;
15:44:30;5782;49,99;
15:44:33;7014;50,00;
15:44:36;7140;49,99;
15:44:39;6898;49,99;
15:44:42;6844;49,98;
15:44:45;6726;49,98;
15:44:48;6822;49,98;
15:44:51;6260;49,98;
15:44:54;6264;49,98;
15:44:57;6464;49,98;
15:45:00;6488;49,99;
15:45:03;6100;49,99;
15:45:06;5752;49,99;
15:45:09;5558;49,99;
15:45:12;5374;50,00;
15:45:15;4572;50,00;
15:45:18;4216;50,01;
15:45:21;3895;50,00;
15:45:24;4084;50,00;
15:45:27;4832;50,00;
15:45:33;3979;49,99;
15:45:36;4054;49,99;
15:45:39;4276;49,98;
15:45:42;4414;49,98;
15:45:45;4424;49,98;
15:45:48;4350;49,98;
15:45:51;4322;49,98;
15:45:54;4374;49,99;
15:45:57;3543;49,99;
15:46:00;3470;49,99;
15:46:03;3453;49,99;
15:46:06;3457;49,99;
15:46:09;3437;49,99;
15:46:12;3436;49,98;
15:46:15;3418;49,98;
15:46:21;3408;49,98;
15:46:24;3389;49,97;
15:46:27;3392;49,98;
15:46:30;3378;49,98;
15:46:33;3383;49,98;
15:46:36;3381;49,99;
15:46:39;3367;49,99;
15:46:42;3369;50,00;
15:46:45;3375;49,99;
15:46:48;3361;50,00;
15:46:51;3372;50,00;
15:46:54;3354;50,00;
15:46:57;3361;50,00;
15:47:00;3370;50,00;
15:47:03;3548;50,00;
15:47:06;3752;50,00;
15:47:09;3834;49,99;
15:47:12;3747;49,98;
15:47:15;3777;49,98;
15:47:18;3657;49,98;
15:47:24;4186;49,98;
15:47:27;4560;49,98;
15:47:30;5022;49,98;
15:47:33;5154;49,98;
15:47:36;4804;49,98;
15:47:39;4600;49,98;
15:47:42;4320;49,98;
15:47:45;4059;49,98;
15:47:48;4077;49,99;
15:47:51;4180;49,99;
15:47:54;4462;49,99;
15:47:57;4696;49,99;
15:48:00;5780;50,00;
15:48:03;5940;50,00;
15:48:06;5878;50,00;
15:48:09;5326;50,01;
15:48:12;5122;50,01;
15:48:15;5062;50,01;
15:48:18;4744;50,00;
15:48:21;4602;50,00;
15:48:24;4562;50,00;
15:48:30;4276;49,98;
15:48:33;4246;49,98;
15:48:36;4440;49,98;
15:48:39;4442;49,98;
15:48:42;4512;49,99;
15:48:45;4494;49,98;
15:48:48;4498;49,99;
15:48:51;4414;49,99;
15:48:54;4168;50,00;
15:48:57;4160;50,00;
15:49:00;4168;50,00;
15:49:03;4120;50,00;
15:49:06;4021;49,99;
15:49:09;4002;49,99;
15:49:12;4036;49,99;
15:49:15;4083;49,99;
15:49:18;4065;49,99;
15:49:21;4058;49,99;
15:49:24;3977;49,99;
15:49:27;3899;49,99;
15:49:30;3872;49,98;
15:49:36;4194;49,98;
15:49:39;4304;49,99;
15:49:42;4386;49,99;
15:49:45;4364;49,98;
15:49:48;4242;49,98;
15:49:54;4308;49,97;
15:49:57;4336;49,97;
15:50:00;3967;49,98;
15:50:03;3844;49,97;
15:50:06;3750;49,97;
15:50:09;3698;49,97;
15:50:12;3649;49,96;
15:50:15;3639;49,96;
15:50:18;3714;49,96;
15:50:21;3727;49,96;
15:50:24;3841;49,96;
15:50:27;3889;49,96;
15:50:30;4086;49,97;
15:50:33;4158;49,97;
15:50:36;4051;49,96;
15:50:42;3866;49,96;
15:50:45;3801;49,96;
15:50:48;3689;49,97;
15:50:51;3625;49,97;
15:50:54;3444;49,97;
15:50:57;3402;49,97;
15:51:00;3367;49,97;
15:51:03;3369;49,96;
15:51:06;3360;49,96;
15:51:09;3341;49,96;
15:51:12;3313;49,96;
15:51:15;3291;49,96;
15:51:18;3256;49,97;
15:51:21;3187;49,97;
15:51:27;3154;49,97;
15:51:30;3144;49,97;
15:51:33;3142;49,97;
15:51:36;3125;49,96;
15:51:39;3130;49,96;
15:51:42;3116;49,97;
15:51:45;3122;49,97;
15:51:48;3123;49,97;
15:51:51;3118;49,97;
15:51:54;3103;49,97;
15:51:57;3100;49,97;
15:52:00;3084;49,96;
15:52:03;3086;49,97;
15:52:06;3074;49,97;
15:52:09;3081;49,98;
15:52:12;3071;49,98;
15:52:15;3086;49,98;
15:52:21;3083;49,99;
15:52:24;3062;49,99;
15:52:27;3067;49,98;
15:52:33;3062;49,98;
15:52:36;3050;49,97;
15:52:39;3056;49,98;
15:52:42;3053;49,98;
15:52:45;3052;49,98;
15:52:48;3043;49,99;
15:52:51;3046;49,99;
15:52:54;3047;49,99;
15:52:57;3043;49,99;
15:53:00;3040;49,99;
15:53:03;3036;49,98;
15:53:06;3034;49,99;
15:53:09;3035;49,98;
15:53:12;3034;49,98;
15:53:15;3026;49,99;
15:53:18;3036;49,98;
15:53:21;3040;49,98;
15:53:24;3042;49,98;
15:53:27;3050;49,97;
15:53:30;3055;49,97;
15:53:33;3061;49,97;
15:53:39;3058;49,98;
15:53:45;3054;49,98;
15:53:48;3056;49,99;
15:53:51;3060;50,00;
15:53:54;3064;50,00;
15:53:57;3054;50,00;
15:54:00;3070;49,99;
15:54:03;3077;49,98;
15:54:06;3080;49,97;
15:54:09;3108;49,96;
15:54:12;3124;49,96;
15:54:15;3110;49,96;
15:54:18;3092;49,96;
15:54:21;3070;49,97;
15:54:24;3082;49,96;
15:54:27;3090;49,97;
15:54:33;3108;49,98;
15:54:36;3109;49,98;
15:54:39;3096;49,98;
15:54:45;3094;49,98;
15:54:48;3098;49,98;
15:54:51;3108;49,98;
15:54:54;3118;49,99;
15:54:57;3139;49,99;
15:55:00;3146;49,99;
15:55:03;3144;49,99;
15:55:06;3158;49,99;
15:55:09;3181;49,99;
15:55:12;3183;49,99;
15:55:15;3182;49,98;
15:55:21;3174;49,98;
15:55:24;3187;49,99;
15:55:27;3179;49,99;
15:55:30;3189;50,00;
15:55:33;3196;50,00;
15:55:36;3197;49,99;
15:55:39;3198;49,99;
15:55:42;3213;49,99;
15:55:48;3232;49,98;
15:55:51;3245;49,98;
15:55:54;3302;49,98;
15:55:57;3324;49,98;
15:56:00;3410;49,98;
15:56:03;3442;49,99;
15:56:06;3489;50,00;
15:56:09;3508;50,00;
15:56:12;3522;50,00;
15:56:15;3611;50,00;
15:56:18;3660;50,00;
15:56:21;3738;50,00;
15:56:24;3908;50,00;
15:56:27;3884;50,00;
15:56:30;3829;50,00;
15:56:36;3719;49,99;
15:56:39;3656;50,00;
15:56:42;3556;49,99;
15:56:45;3531;50,00;
15:56:48;3503;50,00;
15:56:54;3511;50,00;
15:56:57;3541;50,00;
15:57:00;3569;50,01;
15:57:03;3562;50,01;
15:57:06;3564;50,00;
15:57:09;3547;50,00;
15:57:12;3515;50,00;
15:57:15;3493;50,00;
15:57:18;3469;50,01;
15:57:21;3440;50,00;
15:57:24;3427;50,00;
15:57:27;3425;50,00;
15:57:30;3432;50,00;
15:57:33;3446;50,00;
15:57:36;3480;50,00;
15:57:42;3489;50,00;
15:57:45;3497;50,00;
15:57:48;3483;50,01;
15:57:51;3485;50,01;
15:57:54;3474;50,01;
15:57:57;3486;50,01;
15:58:00;3475;50,01;
15:58:03;3472;50,01;
15:58:06;3461;50,00;
15:58:09;3466;50,00;
15:58:12;3462;50,00;
15:58:15;3475;50,00;
15:58:18;3469;50,00;
15:58:21;3484;50,00;
15:58:24;3488;49,99;
15:58:27;3490;49,99;
15:58:30;3487;49,98;
15:58:33;3506;49,98;
15:58:36;3517;49,99;
15:58:39;3547;49,99;
15:58:42;3642;50,00;
15:58:48;4047;50,00;
15:58:51;4174;50,00;
15:58:54;4416;50,00;
15:58:57;4590;50,00;
15:59:00;4494;50,00;
15:59:03;4454;49,99;
15:59:06;4424;49,99;
15:59:09;4396;49,99;
15:59:12;4172;49,99;
15:59:15;4076;49,99;
15:59:18;3981;49,99;
15:59:21;3954;49,99;
15:59:24;3812;49,99;
15:59:27;3823;49,99;
15:59:30;3826;49,99;
15:59:33;3825;49,99;
15:59:36;3859;49,99;
15:59:39;3870;49,99;
15:59:42;3811;50,00;
15:59:45;3800;50,00;
15:59:48;3773;50,00;
15:59:54;3744;50,00;
15:59:57;3741;49,99;
16:00:00;3714;49,98;
16:00:03;3729;49,98;
16:00:06;3732;49,98;
16:00:09;3774;49,98;
16:00:12;3811;49,98;
16:00:15;3818;49,98;
16:00:18;3860;49,98;
16:00:21;3819;49,96;
16:00:24;3830;49,96;
16:00:27;3881;49,96;
16:00:30;3902;49,96;
16:00:33;3885;49,96;
16:00:39;3881;49,96;
16:00:42;3864;49,96;
16:00:45;3836;49,96;
16:00:48;3869;49,96;
16:00:51;3889;49,95;
16:00:54;3877;49,96;
16:00:57;3832;49,96;
16:01:00;3805;49,96;
16:01:03;3781;49,96;
16:01:06;3776;49,96;
16:01:09;3732;49,96;
16:01:12;3733;49,96;
16:01:15;3700;49,96;
16:01:18;3706;49,96;
16:01:21;3686;49,96;
16:01:24;3650;49,96;
16:01:27;3626;49,96;
16:01:30;3638;49,96;
16:01:33;3640;49,96;
16:01:36;3667;49,96;
16:01:39;3670;49,96;
16:01:45;3679;49,97;
16:01:48;3676;49,98;
16:01:51;3639;49,98;
16:01:54;3630;49,98;
16:01:57;3557;49,98;
16:02:00;3541;49,98;
16:02:03;3525;49,98;
16:02:06;3493;49,98;
16:02:09;3531;49,98;
16:02:12;3554;49,98;
16:02:15;3510;49,98;
16:02:18;3502;49,99;
16:02:21;3468;50,00;
16:02:24;3484;50,00;
16:02:27;3495;50,00;
16:02:30;3481;49,99;
16:02:33;3483;49,99;
16:02:36;3482;50,00;
16:02:39;3459;50,00;
16:02:42;3490;50,00;
16:02:45;3560;50,00;
16:02:51;3642;50,00;
16:02:54;3610;50,01;
16:02:57;3690;50,01;
16:03:00;3702;50,01;
16:03:03;3671;50,01;
16:03:06;3643;50,01;
16:03:09;3648;50,01;
16:03:12;3649;50,01;
16:03:15;3607;50,01;
16:03:18;3587;50,01;
16:03:21;3539;50,01;
16:03:24;3518;50,00;
16:03:27;3537;50,00;
16:03:30;3523;50,00;
16:03:33;3522;50,01;
16:03:36;3503;50,01;
16:03:39;3504;50,01;
16:03:42;3510;50,01;
16:03:45;3506;50,01;
16:03:48;3502;50,01;
16:03:51;3452;50,01;
16:03:57;3443;50,01;
16:04:00;3423;50,01;
16:04:03;3409;50,01;
16:04:06;3392;50,01;
16:04:09;3389;50,01;
16:04:12;3379;50,01;
16:04:15;3383;50,01;
16:04:18;3381;50,01;
16:04:21;3371;49,99;
16:04:24;3366;49,99;
16:04:27;3385;49,99;
16:04:30;3373;49,99;
16:04:33;3394;49,98;
16:04:39;3406;49,98;
16:04:42;3393;49,99;
16:04:45;3405;50,00;
16:04:48;3404;50,00;
16:04:51;3417;50,00;
16:04:54;3420;50,00;
16:04:57;3449;50,00;
16:05:00;3451;50,01;
16:05:03;3434;50,01;
16:05:06;3384;50,00;
16:05:09;3390;50,00;
16:05:12;3374;50,00;
16:05:15;3377;50,00;
16:05:18;3352;50,00;
16:05:21;3364;49,99;
16:05:24;3357;49,99;
16:05:27;3365;49,98;
16:05:30;3352;49,97;
16:05:33;3366;49,97;
16:05:36;3364;49,96;
16:05:39;3372;49,97;
16:05:42;3357;49,96;
16:05:48;3354;49,97;
16:05:51;3360;49,97;
16:05:54;3354;49,97;
16:05:57;3343;49,97;
16:06:00;3329;49,97;
16:06:03;3311;49,98;
16:06:06;3319;49,98;
16:06:12;3323;49,98;
16:06:15;3314;49,98;
16:06:18;3306;49,97;
16:06:21;3293;49,97;
16:06:24;3297;49,97;
16:06:27;3285;49,97;
16:06:30;3284;49,97;
16:06:33;3246;49,98;
16:06:36;3249;49,98;
16:06:39;3236;49,98;
16:06:42;3230;49,99;
16:06:45;3211;49,99;
16:06:48;3231;49,99;
16:06:54;3226;49,99;
16:06:57;3215;49,99;
16:07:00;3228;50,00;
16:07:03;3217;50,00;
16:07:06;3220;49,99;
16:07:09;3203;49,99;
16:07:12;3217;49,99;
16:07:15;3216;49,99;
16:07:18;3214;49,98;
16:07:21;3196;49,98;
16:07:24;3207;49,97;
16:07:27;3198;49,97;
16:07:30;3204;49,97;
16:07:33;3190;49,97;
16:07:36;3197;49,97;
16:07:39;3187;49,97;
16:07:42;3190;49,97;
16:07:45;3184;49,97;
16:07:48;3184;49,98;
16:07:51;3170;49,98;
16:07:54;3175;49,98;
16:08:00;3156;49,98;
16:08:03;3157;49,98;
16:08:06;3162;49,98;
16:08:09;3159;49,98;
16:08:12;3150;49,98;
16:08:15;3138;49,98;
16:08:18;3121;49,98;
16:08:21;3124;49,99;
16:08:24;3130;49,99;
16:08:27;3124;49,99;
16:08:30;3126;49,99;
16:08:33;3114;49,99;
16:08:36;3117;49,99;
16:08:39;3105;49,99;
16:08:42;3110;50,00;
16:08:45;3095;50,00;
16:08:48;3090;49,99;
16:08:51;3077;49,99;
16:08:54;3088;50,00;
16:09:00;3079;50,00;
16:09:06;3072;50,00;
16:09:09;3070;50,00;
16:09:12;3063;50,00;
16:09:15;3059;50,00;
16:09:18;3044;50,00;
16:09:21;3049;50,00;
16:09:24;3039;50,00;
16:09:27;3046;49,99;
16:09:30;3032;49,99;
16:09:33;3035;49,98;
16:09:36;3024;49,98;
16:09:39;3028;49,98;
16:09:42;3015;49,98;
16:09:45;3018;49,98;
16:09:51;3007;49,99;
16:09:54;2993;49,99;
16:09:57;2997;49,99;
16:10:00;2965;50,00;
16:10:03;2976;49,99;
16:10:06;2972;49,99;
16:10:09;2983;49,99;
16:10:15;2976;50,00;
16:10:18;2965;50,00;
16:10:21;2972;49,99;
16:10:24;2962;49,99;
16:10:27;2968;49,98;
16:10:30;2956;49,98;
16:10:33;2963;49,98;
16:10:36;2957;49,98;
16:10:39;2968;49,98;
16:10:42;2958;49,98;
16:10:45;2971;49,98;
16:10:48;2972;49,98;
16:10:51;2971;49,99;
16:10:57;2964;50,00;
16:11:00;2958;50,00;
16:11:03;2953;50,00;
16:11:06;2943;50,00;
16:11:09;2950;49,99;
16:11:12;2955;49,99;
16:11:15;2944;49,99;
16:11:18;2956;49,98;
16:11:21;2960;49,98;
16:11:24;2961;49,98;
16:11:27;2965;49,98;
16:11:30;2967;49,97;
16:11:33;2966;49,97;
16:11:39;2957;49,97;
16:11:42;2958;49,97;
16:11:45;2952;49,97;
16:11:48;2950;49,98;
16:11:51;2944;49,98;
16:11:54;2946;49,98;
16:11:57;2948;49,99;
16:12:03;2962;49,98;
16:12:06;2961;49,98;
16:12:09;2957;49,98;
16:12:12;2953;49,97;
16:12:15;2947;49,97;
16:12:18;2945;49,97;
16:12:21;2931;49,97;
16:12:24;2920;49,97;
16:12:27;2917;49,97;
16:12:30;2913;49,98;
16:12:33;2907;49,98;
16:12:36;2904;49,98;
16:12:39;2901;49,97;
16:12:42;2902;49,97;
16:12:45;2895;49,97;
16:12:48;2903;49,97;
16:12:51;2907;49,97;
16:12:57;2905;49,98;
16:13:03;2907;49,98;
16:13:09;2906;49,99;
16:13:12;2904;49,99;
16:13:15;2898;49,99;
16:13:18;2897;49,99;
16:13:21;2891;49,99;
16:13:24;2892;49,99;
16:13:27;2884;50,00;
16:13:30;2889;50,00;
16:13:33;2886;49,99;
16:13:36;2884;49,99;
16:13:39;2878;49,98;
16:13:42;2879;49,98;
16:13:45;2871;49,98;
16:13:48;2877;49,99;
16:13:54;2873;49,99;
16:13:57;2871;49,99;
16:14:00;2872;49,98;
16:14:03;2864;49,98;
16:14:06;2869;49,98;
16:14:09;2870;49,98;
16:14:12;2860;49,98;
16:14:15;2870;49,98;
16:14:18;2867;49,98;
16:14:21;2867;49,99;
16:14:24;2870;49,99;
16:14:27;2872;49,99;
16:14:30;2878;49,99;
16:14:33;2881;49,99;
16:14:36;2875;49,99;
16:14:39;2873;49,98;
16:14:42;2890;49,98;
16:14:45;2901;49,98;
16:14:48;2902;49,98;
16:14:51;2900;49,98;
16:14:54;2893;49,98;
16:15:00;2875;49,98;
16:15:03;2870;49,99;
16:15:06;2867;49,98;
16:15:09;2868;49,98;
16:15:12;2867;49,99;
16:15:15;2866;49,99;
16:15:18;2855;50,00;
16:15:21;2866;50,00;
16:15:24;2856;50,00;
16:15:27;2855;50,00;
16:15:30;2850;49,99;
16:15:36;2848;49,98;
16:15:42;2838;49,98;
16:15:45;2848;49,97;
16:15:51;2851;49,98;
16:15:54;2855;49,98;
16:15:57;2853;49,98;
16:16:00;2846;49,98;
16:16:06;2850;49,98;
16:16:09;2855;49,98;
16:16:12;2849;49,98;
16:16:15;2861;49,98;
16:16:18;2857;49,99;
16:16:21;2863;49,99;
16:16:24;2864;49,99;
16:16:27;2857;49,99;
16:16:30;2862;49,99;
16:16:33;2872;49,99;
16:16:36;2869;49,99;
16:16:39;2881;49,99;
16:16:42;2877;49,99;
16:16:45;2884;49,99;
16:16:48;2881;49,99;
16:16:51;2881;50,00;
16:16:54;2876;50,00;
16:16:57;2884;50,00;
16:17:00;2875;50,00;
16:17:03;2883;50,00;
16:17:06;2879;50,00;
16:17:12;2887;50,00;
16:17:15;2898;49,99;
16:17:18;2893;50,00;
16:17:21;2898;50,00;
16:17:24;2884;50,00;
16:17:27;2896;50,00;
16:17:30;2895;50,00;
16:17:33;2888;50,00;
16:17:36;2867;50,00;
16:17:39;2871;50,00;
16:17:42;2859;50,00;
16:17:45;2863;50,00;
16:17:48;2852;50,00;
16:17:51;2860;50,00;
16:17:54;2858;50,00;
16:17:57;2857;50,00;
16:18:00;2845;50,00;
16:18:03;2856;50,00;
16:18:06;2846;50,00;
16:18:09;2852;50,00;
16:18:12;2838;50,00;
16:18:18;2844;50,00;
16:18:21;2838;50,00;
16:18:24;2837;50,00;
16:18:27;2833;50,00;
16:18:33;2806;50,00;
16:18:36;2826;50,00;
16:18:39;2817;50,00;
16:18:42;2824;50,01;
16:18:45;2819;50,00;
16:18:48;2818;50,01;
16:18:51;2813;50,00;
16:18:54;2811;50,00;
16:18:57;2810;50,00;
16:19:03;2794;50,00;
16:19:06;2799;49,99;
16:19:09;2797;49,99;
16:19:12;2794;49,99;
16:19:15;2779;49,99;
16:19:18;2788;50,00;
16:19:21;2781;49,99;
16:19:24;2778;49,99;
16:19:27;2763;49,98;
16:19:30;2770;49,98;
16:19:33;2755;49,98;
16:19:36;2760;49,98;
16:19:39;2745;49,98;
16:19:42;2749;49,97;
16:19:45;2748;49,98;
16:19:48;2743;49,98;
16:19:51;2729;49,99;
16:19:54;2735;49,98;
16:19:57;2717;49,98;
16:20:00;2725;49,98;
16:20:03;2712;49,98;
16:20:09;2701;49,98;
16:20:12;2708;49,98;
16:20:15;2688;49,98;
16:20:18;2698;49,98;
16:20:21;2682;49,97;
16:20:24;2688;49,97;
16:20:30;2675;49,97;
16:20:33;2669;49,98;
16:20:36;2673;49,98;
16:20:39;2661;49,98;
16:20:42;2666;49,97;
16:20:45;2654;49,97;
16:20:48;2660;49,97;
16:20:51;2657;49,96;
16:20:54;2648;49,97;
16:20:57;2633;49,97;
16:21:00;2643;49,97;
16:21:03;2634;49,96;
16:21:06;2625;49,96;
16:21:09;2619;49,96;
16:21:15;2621;49,97;
16:21:18;2607;49,97;
16:21:21;2606;49,97;
16:21:24;2604;49,97;
16:21:27;2603;49,98;
16:21:30;2593;49,97;
16:21:33;2598;49,97;
16:21:36;2597;49,97;
16:21:39;2588;49,98;
16:21:42;2578;49,98;
16:21:45;2580;49,98;
16:21:48;2569;49,97;
16:21:51;2574;49,97;
16:21:54;2564;49,97;
16:21:57;2569;49,97;
16:22:00;2567;49,98;
16:22:03;2562;49,98;
16:22:06;2555;49,98;
16:22:09;2550;49,98;
16:22:12;2558;49,98;
16:22:15;2554;49,98;
16:22:21;2545;49,98;
16:22:24;2543;49,98;
16:22:27;2544;49,97;
16:22:30;2535;49,98;
16:22:33;2538;49,97;
16:22:36;2530;49,97;
16:22:39;2536;49,97;
16:22:42;2533;49,98;
16:22:45;2527;49,98;
16:22:48;2519;49,98;
16:22:51;2525;49,98;
16:22:54;2515;49,98;
16:22:57;2519;49,98;
16:23:00;2511;49,98;
16:23:06;2506;49,98;
16:23:09;2511;49,98;
16:23:12;2502;49,98;
16:23:15;2509;49,98;
16:23:18;2498;49,98;
16:23:21;2506;49,98;
16:23:24;2504;49,98;
16:23:27;2500;49,98;
16:23:30;2492;49,98;
16:23:33;2500;49,98;
16:23:36;2492;49,98;
16:23:39;2495;49,98;
16:23:42;2474;49,97;
16:23:45;2495;49,97;
16:23:48;2496;49,97;
16:23:51;2494;49,97;
16:23:54;2484;49,97;
16:23:57;2492;49,97;
16:24:00;2482;49,97;
16:24:03;2493;49,97;
16:24:06;2490;49,97;
16:24:12;2484;49,97;
16:24:15;2488;49,97;
16:24:18;2491;49,97;
16:24:21;2478;49,96;
16:24:24;2485;49,97;
16:24:27;2489;49,96;
16:24:33;2490;49,96;
16:24:36;2490;49,97;
16:24:39;2486;49,97;
16:24:42;2491;49,96;
16:24:45;2481;49,96;
16:24:48;2494;49,96;
16:24:51;2490;49,96;
16:24:54;2495;49,96;
16:24:57;2485;49,97;
16:25:00;2496;49,98;
16:25:03;2492;49,98;
16:25:06;2495;49,98;
16:25:09;2455;49,98;
16:25:12;2480;49,97;
16:25:18;2494;49,96;
16:25:21;2483;49,96;
16:25:24;2496;49,96;
16:25:27;2493;49,96;
16:25:30;2495;49,96;
16:25:33;2477;49,96;
16:25:36;2496;49,96;
16:25:42;2499;49,96;
16:25:45;2487;49,96;
16:25:48;2498;49,97;
16:25:51;2497;49,97;
16:25:54;2495;49,97;
16:25:57;2480;49,96;
16:26:00;2497;49,96;
16:26:03;2502;49,96;
16:26:06;2501;49,96;
16:26:09;2487;49,97;
16:26:12;2507;49,97;
16:26:15;2510;49,96;
16:26:18;2511;49,96;
16:26:24;2512;49,95;
16:26:27;2508;49,95;
16:26:33;2513;49,95;
16:26:39;2514;49,96;
16:26:42;2516;49,96;
16:26:48;2518;49,96;
16:26:54;2521;49,96;
16:26:57;2523;49,97;
16:27:03;2528;49,97;
16:27:06;2517;49,97;
16:27:09;2521;49,97;
16:27:12;2527;49,97;
16:27:15;2525;49,97;
16:27:18;2533;49,97;
16:27:21;2537;49,97;
16:27:24;2523;49,97;
16:27:27;2539;49,97;
16:27:30;2536;49,96;
16:27:33;2543;49,96;
16:27:36;2526;49,96;
16:27:39;2542;49,96;
16:27:42;2543;49,97;
16:27:45;2544;49,96;
16:27:48;2530;49,96;
16:27:51;2547;49,96;
16:27:54;2546;49,96;
16:27:57;2531;49,96;
16:28:00;2524;49,95;
16:28:03;2540;49,95;
16:28:06;2543;49,95;
16:28:09;2541;49,95;
16:28:15;2541;49,96;
16:28:18;2543;49,96;
16:28:21;2541;49,96;
16:28:24;2524;49,96;
16:28:27;2540;49,96;
16:28:30;2539;49,95;
16:28:33;2540;49,95;
16:28:36;2540;49,96;
16:28:39;2542;49,95;
16:28:42;2541;49,95;
16:28:45;2542;49,95;
16:28:48;2527;49,95;
16:28:51;2542;49,95;
16:28:57;2542;49,94;
16:29:00;2526;49,95;
16:29:03;2542;49,95;
16:29:06;2546;49,96;
16:29:09;2543;49,95;
16:29:12;2529;49,95;
16:29:15;2544;49,95;
16:29:21;2545;49,95;
16:29:24;2537;49,95;
16:29:27;2546;49,96;
16:29:30;2548;49,96;
16:29:33;2547;49,95;
16:29:36;2548;49,95;
16:29:39;2530;49,96;
16:29:42;2547;49,96;
16:29:45;2550;49,96;
16:29:48;2552;49,96;
16:29:51;2554;49,96;
16:29:54;2555;49,96;
16:29:57;2558;49,96;
16:30:00;2559;49,97;
16:30:03;2544;49,97;
16:30:06;2560;49,98;
16:30:09;2561;49,98;
16:30:12;2567;49,98;
16:30:15;2567;49,97;
16:30:18;2564;49,97;
16:30:21;2561;49,96;
16:30:27;2557;49,96;
16:30:30;2555;49,95;
16:30:36;2553;49,96;
16:30:39;2549;49,95;
16:30:45;2549;49,96;
16:30:48;2549;49,95;
16:30:51;2544;49,95;
16:30:54;2543;49,95;
16:30:57;2544;49,95;
16:31:00;2544;49,96;
16:31:03;2542;49,96;
16:31:06;2539;49,96;
16:31:09;2540;49,96;
16:31:12;2535;49,96;
16:31:15;2533;49,96;
16:31:18;2534;49,96;
16:31:21;2527;49,96;
16:31:24;2528;49,96;
16:31:27;2517;49,96;
16:31:33;2518;49,96;
16:31:36;2520;49,96;
16:31:39;2499;49,96;
16:31:42;2514;49,97;
16:31:45;2513;49,97;
16:31:48;2511;49,96;
16:31:51;2510;49,96;
16:31:54;2491;49,96;
16:31:57;2501;49,96;
16:32:00;2500;49,97;
16:32:03;2498;49,97;
16:32:06;2494;49,97;
16:32:12;2490;49,96;
16:32:18;2486;49,96;
16:32:21;2485;49,96;
16:32:24;2480;49,96;
16:32:27;2478;49,97;
16:32:30;2474;49,97;
16:32:33;2467;49,97;
16:32:36;2468;49,97;
16:32:39;2467;49,97;
16:32:42;2462;49,97;
16:32:45;2460;49,97;
16:32:48;2455;49,98;
16:32:51;2453;49,97;
16:32:54;2449;49,97;
16:32:57;2446;49,97;
16:33:00;2440;49,97;
16:33:03;2441;49,97;
16:33:06;2436;49,97;
16:33:09;2434;49,97;
16:33:12;2430;49,97;
16:33:15;2427;49,98;
16:33:18;2423;49,98;
16:33:24;2414;49,99;
16:33:27;2416;49,99;
16:33:30;2409;50,00;
16:33:33;2408;49,99;
16:33:36;2402;49,98;
16:33:42;2384;49,97;
16:33:45;2397;49,97;
16:33:48;2391;49,96;
16:33:51;2389;49,96;
16:33:54;2385;49,96;
16:33:57;2382;49,96;
16:34:00;2378;49,96;
16:34:03;2377;49,96;
16:34:06;2362;49,97;
16:34:09;2369;49,97;
16:34:12;2368;49,97;
16:34:15;2364;49,97;
16:34:18;2352;49,98;
16:34:21;2359;49,98;
16:34:24;2355;49,97;
16:34:30;2335;49,97;
16:34:33;2344;49,97;
16:34:36;2340;49,96;
16:34:42;2327;49,96;
16:34:45;2336;49,96;
16:34:48;2333;49,97;
16:34:51;2327;49,97;
16:34:54;2318;49,98;
16:34:57;2326;49,98;
16:35:00;2319;49,98;
16:35:03;2321;49,99;
16:35:06;2311;49,98;
16:35:09;2318;49,98;
16:35:15;2314;49,98;
16:35:18;2298;49,97;
16:35:21;2310;49,97;
16:35:24;2303;49,97;
16:35:27;2305;49,97;
16:35:30;2287;49,98;
16:35:36;2297;49,98;
16:35:39;2301;49,98;
16:35:42;2289;49,98;
16:35:45;2299;49,98;
16:35:48;2292;49,98;
16:35:51;2297;49,99;
16:35:57;2286;49,99;
16:36:00;2290;50,00;
16:36:03;2294;50,00;
16:36:06;2285;50,00;
16:36:09;2298;50,00;
16:36:12;2285;50,00;
16:36:15;2288;50,00;
16:36:18;2294;50,00;
16:36:21;2288;50,00;
16:36:24;2288;49,99;
16:36:27;2297;49,99;
16:36:30;2295;49,99;
16:36:33;2285;49,99;
16:36:36;2301;49,99;
16:36:39;2296;49,99;
16:36:42;2297;49,99;
16:36:45;2293;49,99;
16:36:48;2304;49,99;
16:36:51;2302;50,00;
16:36:54;2292;50,00;
16:36:57;2293;50,00;
16:37:00;2307;50,00;
16:37:03;2308;49,99;
16:37:06;2310;49,98;
16:37:09;2291;49,98;
16:37:12;2296;49,98;
16:37:15;2305;49,98;
16:37:18;2316;49,98;
16:37:21;2310;49,98;
16:37:27;2321;49,98;
16:37:33;2316;49,98;
16:37:36;2329;49,98;
16:37:39;2332;49,98;
16:37:45;2334;49,98;
16:37:48;2322;49,98;
16:37:51;2335;49,98;
16:37:54;2340;49,98;
16:37:57;2327;49,98;
16:38:00;2341;49,98;
16:38:03;2340;49,98;
16:38:06;2331;49,98;
16:38:09;2340;49,98;
16:38:12;2348;49,98;
16:38:15;2351;49,97;
16:38:18;2355;49,96;
16:38:21;2341;49,96;
16:38:24;2358;49,96;
16:38:27;2364;49,96;
16:38:33;2352;49,96;
16:38:36;2371;49,96;
16:38:39;2376;49,96;
16:38:45;2363;49,96;
16:38:48;2380;49,96;
16:38:51;2382;49,96;
16:38:54;2383;49,96;
16:38:57;2375;49,97;
16:39:00;2391;49,97;
16:39:03;2396;49,97;
16:39:06;2396;49,98;
16:39:09;2384;49,98;
16:39:12;2403;49,98;
16:39:15;2406;49,98;
16:39:21;2399;49,98;
16:39:24;2411;49,98;
16:39:27;2420;49,98;
16:39:33;2422;49,98;
16:39:39;2442;49,98;
16:39:42;2437;49,97;
16:39:45;2449;49,98;
16:39:48;2431;49,98;
16:39:51;2452;49,98;
16:39:57;2456;49,98;
16:40:00;2458;49,98;
16:40:03;2466;49,98;
16:40:06;2467;49,98;
16:40:09;2476;49,98;
16:40:12;2462;49,98;
16:40:15;2482;49,98;
16:40:18;2484;49,98;
16:40:21;2488;49,98;
16:40:24;2480;49,98;
16:40:27;2498;49,97;
16:40:33;2508;49,97;
16:40:36;2497;49,97;
16:40:39;2513;49,98;
16:40:45;2523;49,98;
16:40:48;2514;49,98;
16:40:51;2535;49,99;
16:40:54;2526;49,98;
16:40:57;2543;49,99;
16:41:00;2529;49,99;
16:41:03;2548;49,99;
16:41:06;2552;49,99;
16:41:09;2560;50,00;
16:41:12;2553;50,00;
16:41:15;2568;50,00;
16:41:18;2573;49,98;
16:41:21;2570;49,98;
16:41:24;2565;49,98;
16:41:30;2588;49,98;
16:41:33;2579;49,98;
16:41:39;2581;49,98;
16:41:42;2594;49,98;
16:41:45;2591;49,99;
16:41:48;2599;49,99;
16:41:51;2602;49,99;
16:41:54;2600;49,99;
16:41:57;2605;49,99;
16:42:00;2592;49,99;
16:42:03;2605;49,99;
16:42:06;2603;50,00;
16:42:09;2609;49,99;
16:42:12;2610;49,99;
16:42:15;2613;49,98;
16:42:18;2619;49,98;
16:42:21;2620;49,98;
16:42:24;2616;49,97;
16:42:27;2632;49,98;
16:42:30;2642;49,97;
16:42:36;2641;49,97;
16:42:39;2647;49,97;
16:42:42;2663;49,97;
16:42:45;2656;49,97;
16:42:48;2666;49,97;
16:42:51;2656;49,97;
16:42:54;2670;49,97;
16:42:57;2674;49,97;
16:43:00;2678;49,98;
16:43:03;2661;49,98;
16:43:06;2671;49,99;
16:43:09;2669;49,99;
16:43:12;2678;49,99;
16:43:15;2669;49,99;
16:43:18;2684;49,99;
16:43:21;2678;49,99;
16:43:24;2673;49,98;
16:43:27;2657;49,98;
16:43:30;2666;49,98;
16:43:33;2657;49,98;
16:43:36;2652;49,97;
16:43:42;2631;49,97;
16:43:45;2623;49,97;
16:43:48;2617;49,98;
16:43:51;2600;49,98;
16:43:54;2607;49,98;
16:43:57;2601;49,98;
16:44:03;2598;49,98;
16:44:06;2591;49,98;
16:44:09;2589;49,98;
16:44:12;2586;49,97;
16:44:15;2569;49,97;
16:44:18;2582;49,97;
16:44:21;2580;49,96;
16:44:24;2571;49,97;
16:44:27;2556;49,97;
16:44:30;2566;49,97;
16:44:36;2558;49,96;
16:44:39;2548;49,96;
16:44:42;2551;49,96;
16:44:48;2543;49,97;
16:44:51;2540;49,98;
16:44:54;2533;49,98;
16:44:57;2531;49,98;
16:45:00;2525;49,98;
16:45:03;2523;49,98;
16:45:06;2504;49,98;
16:45:09;2516;49,98;
16:45:12;2506;49,97;
16:45:15;2503;49,97;
16:45:18;2498;49,97;
16:45:21;2496;49,98;
16:45:24;2490;49,98;
16:45:27;2487;49,98;
16:45:30;2468;49,98;
16:45:33;2478;49,97;
16:45:36;2474;49,97;
16:45:39;2467;49,96;
16:45:42;2447;49,97;
16:45:45;2457;49,97;
16:45:48;2452;49,97;
16:45:51;2449;49,97;
16:45:54;2448;49,97;
16:45:57;2441;49,96;
16:46:00;2437;49,96;
16:46:03;2430;49,96;
16:46:06;2412;49,96;
16:46:09;2422;49,96;
16:46:12;2420;49,97;
16:46:15;2415;49,97;
16:46:18;2392;49,97;
16:46:21;2404;49,96;
16:46:24;2403;49,96;
16:46:27;2396;49,96;
16:46:30;2376;49,96;
16:46:33;2385;49,97;
16:46:39;2384;49,97;
16:46:42;2379;49,97;
16:46:45;2375;49,98;
16:46:48;2367;49,98;
16:46:54;2349;49,98;
16:46:57;2362;49,97;
16:47:00;2360;49,97;
16:47:03;2352;49,97;
16:47:06;2332;49,97;
16:47:09;2345;49,97;
16:47:12;2288;49,97;
16:47:15;2324;49,97;
16:47:18;2315;49,97;
16:47:21;2331;49,97;
16:47:24;2334;49,97;
16:47:27;2332;49,98;
16:47:30;2327;49,98;
16:47:36;2318;49,98;
16:47:39;2321;49,99;
16:47:45;2320;49,99;
16:47:48;2314;49,99;
16:47:51;2318;49,99;
16:47:54;2316;49,99;
16:47:57;2311;49,99;
16:48:00;2310;49,99;
16:48:03;2306;49,99;
16:48:06;2310;49,99;
16:48:09;2305;49,98;
16:48:12;2306;49,98;
16:48:15;2302;49,98;
16:48:18;2304;49,98;
16:48:21;2302;49,98;
16:48:24;2303;49,98;
16:48:27;2299;49,98;
16:48:30;2303;49,98;
16:48:33;2303;49,99;
16:48:36;2302;49,99;
16:48:39;2306;50,00;
16:48:42;2304;50,00;
16:48:45;2305;50,00;
16:48:51;2308;50,00;
16:48:57;2308;49,99;
16:49:00;2311;50,00;
16:49:03;2291;50,00;
16:49:06;2296;50,00;
16:49:09;2286;50,00;
16:49:12;2305;50,00;
16:49:15;2304;50,00;
16:49:21;2304;49,99;
16:49:24;2305;49,99;
16:49:27;2304;49,99;
16:49:30;2309;49,99;
16:49:33;2296;49,99;
16:49:36;2315;49,99;
16:49:39;2315;49,98;
16:49:42;2317;49,98;
16:49:45;2315;49,97;
16:49:48;2323;49,97;
16:49:51;2321;49,97;
16:49:57;2323;49,97;
16:50:00;2338;49,98;
16:50:03;2341;49,98;
16:50:06;2345;49,98;
16:50:12;2350;49,98;
16:50:15;2352;49,98;
16:50:18;2351;49,98;
16:50:21;2350;49,98;
16:50:24;2349;49,98;
16:50:27;2350;49,98;
16:50:30;2355;49,98;
16:50:33;2354;49,98;
16:50:36;2360;49,98;
16:50:42;2365;49,97;
16:50:45;2367;49,97;
16:50:48;2366;49,96;
16:50:51;2367;49,97;
16:50:54;2365;49,97;
16:50:57;2366;49,97;
16:51:00;2354;49,97;
16:51:03;2363;49,98;
16:51:06;2363;49,99;
16:51:09;2365;49,99;
16:51:12;2366;49,99;
16:51:15;2368;49,99;
16:51:18;2366;49,98;
16:51:21;2365;49,98;
16:51:24;2351;49,98;
16:51:27;2363;49,98;
16:51:30;2359;49,97;
16:51:33;2362;49,97;
16:51:36;2362;49,98;
16:51:39;2363;49,98;
16:51:42;2349;49,98;
16:51:48;2361;49,98;
16:51:54;2363;49,97;
16:52:00;2362;49,97;
16:52:06;2361;49,97;
16:52:09;2362;49,98;
16:52:12;2363;49,98;
16:52:15;2362;49,98;
16:52:18;2363;49,98;
16:52:21;2366;49,98;
16:52:27;2370;49,98;
16:52:30;2370;49,99;
16:52:36;2374;50,00;
16:52:39;2375;50,00;
16:52:42;2367;50,00;
16:52:45;2368;50,00;
16:52:48;2358;49,99;
16:52:54;2352;50,00;
16:52:57;2356;49,99;
16:53:00;2343;49,99;
16:53:03;2355;49,99;
16:53:09;2353;49,99;
16:53:12;2355;49,99;
16:53:15;2339;49,99;
16:53:18;2353;49,98;
16:53:21;2356;49,98;
16:53:24;2342;49,98;
16:53:27;2354;49,98;
16:53:30;2351;49,98;
16:53:33;2347;49,98;
16:53:36;2344;49,97;
16:53:39;2340;49,97;
16:53:42;2336;49,97;
16:53:45;2335;49,97;
16:53:48;2319;49,97;
16:53:51;2331;49,97;
16:54:00;2319;49,98;
16:54:03;2330;49,98;
16:54:06;2333;49,98;
16:54:09;2339;49,97;
16:54:12;2318;49,97;
16:54:15;2330;49,97;
16:54:18;2334;49,97;
16:54:21;2332;49,97;
16:54:24;2315;49,97;
16:54:27;2327;49,97;
16:54:30;2328;49,97;
16:54:33;2320;49,98;
16:54:36;2328;49,98;
16:54:39;2326;49,98;
16:54:45;2321;49,99;
16:54:48;2329;49,98;
16:54:51;2325;49,99;
16:54:54;2329;49,98;
16:54:57;2319;49,98;
16:55:00;2322;49,98;
16:55:03;2323;49,98;
16:55:06;2308;49,98;
16:55:09;2312;49,98;
16:55:15;2297;49,99;
16:55:18;2309;49,99;
16:55:21;2305;49,98;
16:55:24;2304;49,98;
16:55:27;2301;49,98;
16:55:30;2297;49,98;
16:55:33;2299;49,98;
16:55:36;2299;49,97;
16:55:39;2284;49,97;
16:55:42;2298;49,96;
16:55:45;2298;49,97;
16:55:51;2285;49,98;
16:55:54;2297;49,98;
16:56:03;2281;49,99;
16:56:06;2295;49,99;
16:56:12;2295;50,00;
16:56:15;2281;50,00;
16:56:18;2297;50,00;
16:56:21;2300;50,00;
16:56:24;2298;50,00;
16:56:27;2286;50,00;
16:56:30;2291;49,99;
16:56:33;2302;50,00;
16:56:36;2304;49,99;
16:56:39;2290;49,99;
16:56:42;2305;49,99;
16:56:45;2309;50,00;
16:56:48;2310;50,00;
16:56:51;2296;50,00;
16:56:57;2314;50,00;
16:57:00;2315;50,00;
16:57:03;2302;50,00;
16:57:06;2317;50,00;
16:57:09;2316;50,00;
16:57:12;2314;50,00;
16:57:15;2311;50,00;
16:57:18;2294;49,99;
16:57:21;2309;49,98;
16:57:24;2306;49,98;
16:57:27;2289;49,98;
16:57:30;2303;49,98;
16:57:33;2310;49,98;
16:57:36;2300;49,99;
16:57:39;2304;49,99;
16:57:42;2304;50,00;
16:57:45;2312;50,01;
16:57:48;2306;50,00;
16:57:51;2303;50,00;
16:57:54;2295;49,99;
16:57:57;2299;49,99;
16:58:03;2296;50,00;
16:58:06;2277;50,01;
16:58:09;2290;50,01;
16:58:12;2291;50,01;
16:58:15;2285;50,01;
16:58:18;2267;50,00;
16:58:21;2282;50,00;
16:58:24;2281;50,00;
16:58:27;2280;49,99;
16:58:30;2267;49,99;
16:58:33;2275;49,99;
16:58:36;2271;49,99;
16:58:39;2272;49,99;
16:58:42;2261;49,99;
16:58:45;2269;49,99;
16:58:48;2264;49,98;
16:58:51;2263;49,99;
16:58:54;2251;49,99;
16:58:57;2261;50,00;
16:59:00;2255;50,00;
16:59:03;2256;50,00;
16:59:09;2244;50,00;
16:59:12;2247;50,00;
16:59:15;2248;50,00;
16:59:18;2233;50,00;
16:59:21;2241;50,00;
16:59:24;2233;50,00;
16:59:27;2237;50,00;
16:59:30;2234;50,00;
16:59:33;2229;50,00;
16:59:36;2219;50,00;
16:59:39;2228;50,01;
16:59:42;2213;50,01;
16:59:45;2214;50,01;
16:59:48;2211;50,00;
16:59:54;2213;50,00;
16:59:57;2199;49,99;
17:00:00;2201;49,99;
17:00:03;2202;49,98;
17:00:06;2199;49,98;
17:00:09;2187;49,98;
17:00:12;2193;49,97;
17:00:15;2206;49,97;
17:00:18;2192;49,96;
17:00:21;2178;49,96;
17:00:24;2186;49,96;
17:00:27;2180;49,96;
17:00:30;2182;49,95;
17:00:33;2172;49,95;
17:00:36;2179;49,95;
17:00:39;2170;49,95;
17:00:42;2174;49,96;
17:00:45;2165;49,96;
17:00:48;2162;49,97;
17:00:51;2169;49,97;
17:00:54;2166;49,97;
17:01:00;2161;49,97;
17:01:06;2160;49,97;
17:01:09;2153;49,97;
17:01:12;2158;49,97;
17:01:15;2152;49,98;
17:01:18;2156;49,98;
17:01:21;2155;49,98;
17:01:24;2153;49,98;
17:01:27;2145;49,98;
17:01:30;2150;49,98;
17:01:33;2141;49,98;
17:01:36;2148;49,98;
17:01:39;2141;49,98;
17:01:42;2146;49,98;
17:01:45;2137;49,99;
17:01:48;2145;49,99;
17:01:51;2140;49,99;
17:01:54;2144;50,00;
17:01:57;2134;50,00;
17:02:00;2143;50,00;
17:02:06;2142;50,00;
17:02:09;2133;50,00;
17:02:12;2143;50,00;
17:02:15;2141;50,00;
17:02:18;2147;50,00;
17:02:21;2138;50,00;
17:02:24;2131;50,00;
17:02:27;2132;50,00;
17:02:30;2140;50,00;
17:02:33;2135;50,00;
17:02:36;2141;50,00;
17:02:39;2132;50,00;
17:02:42;2141;50,00;
17:02:48;2138;50,01;
17:02:51;2132;50,00;
17:02:54;2127;50,00;
17:03:00;2145;50,00;
17:03:03;2141;50,00;
17:03:06;2147;50,00;
17:03:12;2146;50,01;
17:03:15;2147;50,01;
17:03:18;2148;50,01;
17:03:21;2147;50,00;
17:03:27;2150;50,00;
17:03:30;2146;50,00;
17:03:33;2149;50,00;
17:03:36;2140;50,00;
17:03:39;2150;50,00;
17:03:42;2146;50,00;
17:03:45;2148;50,00;
17:03:48;2138;50,00;
17:03:51;2145;50,00;
17:03:57;2143;49,99;
17:04:00;2132;49,99;
17:04:03;2142;49,99;
17:04:06;2139;49,99;
17:04:09;2142;49,99;
17:04:12;2133;49,99;
17:04:15;2144;49,99;
17:04:21;2142;50,00;
17:04:24;2131;50,00;
17:04:27;2150;50,00;
17:04:30;2154;50,00;
17:04:33;2157;49,99;
17:04:36;2147;49,99;
17:04:39;2157;49,99;
17:04:42;2153;49,99;
17:04:45;2154;49,99;
17:04:48;2143;49,99;
17:04:51;2161;49,99;
17:04:54;2169;49,99;
17:04:57;2170;49,99;
17:05:03;2174;50,00;
17:05:06;2172;50,00;
17:05:09;2180;50,00;
17:05:12;2168;50,00;
17:05:15;2181;50,00;
17:05:18;2180;50,00;
17:05:24;2181;50,00;
17:05:27;2183;49,99;
17:05:30;2183;49,98;
17:05:33;2186;49,98;
17:05:36;2169;49,98;
17:05:39;2187;49,98;
17:05:42;2188;49,98;
17:05:45;2185;49,97;
17:05:48;2177;49,97;
17:05:51;2193;49,97;
17:05:54;2198;49,98;
17:05:57;2201;49,98;
17:06:00;2193;49,98;
17:06:03;2205;49,98;
17:06:09;2212;49,98;
17:06:12;2213;49,97;
17:06:15;2216;49,97;
17:06:21;2222;49,97;
17:06:24;2221;49,98;
17:06:27;2209;49,98;
17:06:30;2228;49,97;
17:06:33;2234;49,98;
17:06:36;2237;49,98;
17:06:39;2250;49,98;
17:06:42;2257;49,98;
17:06:45;2265;49,98;
17:06:48;2266;49,98;
17:06:51;2258;49,98;
17:06:54;2278;49,99;
17:06:57;2279;49,98;
17:07:00;2278;49,98;
17:07:03;2279;49,98;
17:07:06;2284;49,99;
17:07:09;2287;49,99;
17:07:15;2297;49,98;
17:07:18;2295;49,98;
17:07:21;2287;49,98;
17:07:24;2281;49,98;
17:07:27;2274;49,97;
17:07:30;2273;49,97;
17:07:33;2267;49,96;
17:07:36;2270;49,96;
17:07:39;2261;49,96;
17:07:42;2260;49,97;
17:07:45;2249;49,96;
17:07:48;2252;49,97;
17:07:51;2244;49,97;
17:07:54;2245;49,97;
17:07:57;2248;49,97;
17:08:00;2244;49,97;
17:08:03;2237;49,97;
17:08:06;2240;49,97;
17:08:09;2242;49,96;
17:08:12;2239;49,96;
17:08:15;2240;49,97;
17:08:18;2225;49,97;
17:08:21;2237;49,97;
17:08:24;2236;49,97;
17:08:27;2234;49,97;
17:08:30;2235;49,97;
17:08:33;2234;49,97;
17:08:36;2236;49,98;
17:08:39;2234;49,98;
17:08:42;2220;49,98;
17:08:45;2231;49,98;
17:08:48;2232;49,98;
17:08:51;2230;49,98;
17:08:54;2229;49,98;
17:09:00;2230;49,98;
17:09:06;2227;49,99;
17:09:09;2228;49,99;
17:09:12;2226;50,00;
17:09:18;2224;49,99;
17:09:21;2226;49,99;
17:09:27;2226;49,98;
17:09:30;2229;49,98;
17:09:33;2231;49,98;
17:09:36;2236;49,98;
17:09:39;2238;49,97;
17:09:42;2243;49,97;
17:09:45;2244;49,97;
17:09:48;2249;49,97;
17:09:51;2250;49,97;
17:09:54;2255;49,97;
17:09:57;2262;49,97;
17:10:00;2282;49,96;
17:10:03;2281;49,97;
17:10:06;2275;49,97;
17:10:12;2257;49,97;
17:10:15;2258;49,97;
17:10:18;2248;49,97;
17:10:21;2243;49,97;
17:10:24;2233;49,97;
17:10:27;2227;49,97;
17:10:30;2213;49,98;
17:10:33;2228;49,98;
17:10:36;2234;49,98;
17:10:39;2232;49,98;
17:10:42;2224;49,98;
17:10:45;2219;49,98;
17:10:48;2202;49,98;
17:10:51;2200;49,98;
17:10:54;2180;49,98;
17:10:57;2188;49,98;
17:11:00;2181;49,98;
17:11:03;2186;49,98;
17:11:06;2156;49,97;
17:11:09;2164;49,97;
17:11:12;2175;49,97;
17:11:18;2162;49,97;
17:11:21;2169;49,97;
17:11:24;2163;49,97;
17:11:27;2165;49,98;
17:11:30;2152;49,98;
17:11:33;2161;49,98;
17:11:36;2159;49,98;
17:11:39;2155;49,98;
17:11:42;2145;49,98;
17:11:45;2153;49,99;
17:11:48;2148;50,00;
17:11:51;2151;50,00;
17:11:54;2139;50,00;
17:11:57;2147;49,99;
17:12:00;2145;49,99;
17:12:03;2142;49,99;
17:12:06;2130;49,98;
17:12:09;2138;49,99;
17:12:12;2130;50,00;
17:12:15;2133;50,00;
17:12:18;2121;50,00;
17:12:24;2123;50,00;
17:12:27;2126;50,00;
17:12:30;2114;50,00;
17:12:33;2120;50,00;
17:12:36;2102;49,99;
17:12:39;2103;49,99;
17:12:42;2107;49,99;
17:12:45;2104;49,99;
17:12:48;2111;49,99;
17:12:51;2109;49,99;
17:12:54;2107;49,99;
17:12:57;2097;50,00;
17:13:00;2101;50,00;
17:13:03;2097;49,99;
17:13:09;2084;50,00;
17:13:12;2090;49,99;
17:13:15;2085;49,99;
17:13:21;2076;49,99;
17:13:24;2079;49,99;
17:13:27;2077;49,99;
17:13:30;2069;49,99;
17:13:33;2062;49,98;
17:13:36;2065;49,98;
17:13:39;2053;49,98;
17:13:42;2058;49,98;
17:13:45;2049;49,98;
17:13:48;2052;49,98;
17:13:51;2048;49,98;
17:13:54;2044;49,98;
17:13:57;2034;49,98;
17:14:00;2037;49,99;
17:14:03;2026;50,00;
17:14:06;2034;50,00;
17:14:09;2027;50,01;
17:14:15;2020;50,00;
17:14:18;2021;50,00;
17:14:21;2010;50,00;
17:14:24;2012;49,99;
17:14:27;2000;49,99;
17:14:30;2002;49,99;
17:14:33;2001;49,99;
17:14:36;1992;49,99;
17:14:39;1981;49,99;
17:14:42;1987;50,00;
17:14:45;1978;50,00;
17:14:48;1979;50,00;
17:14:51;1964;50,00;
17:14:54;1971;50,00;
17:14:57;1969;50,00;
17:15:00;1965;50,00;
17:15:03;1949;50,00;
17:15:06;1955;50,00;
17:15:09;1948;49,99;
17:15:12;1950;49,99;
17:15:15;1934;50,00;
17:15:21;1935;50,00;
17:15:24;1936;50,00;
17:15:27;1921;49,99;
17:15:30;1930;49,99;
17:15:33;1923;49,98;
17:15:36;1924;49,98;
17:15:39;1921;49,98;
17:15:42;1906;49,99;
17:15:45;1911;50,00;
17:15:48;1910;50,00;
17:15:51;1904;50,00;
17:15:54;1902;50,00;
17:15:57;1896;50,00;
17:16:00;1905;50,00;
17:16:03;1897;50,00;
17:16:06;1888;50,01;
17:16:09;1895;50,00;
17:16:12;1882;50,00;
17:16:15;1891;50,00;
17:16:18;1878;50,00;
17:16:21;1882;50,00;
17:16:27;1876;50,00;
17:16:30;1863;50,00;
17:16:33;1873;50,01;
17:16:36;1870;50,02;
17:16:39;1872;50,02;
17:16:42;1861;50,02;
17:16:45;1868;50,02;
17:16:48;1866;50,02;
17:16:51;1862;50,01;
17:16:54;1855;50,01;
17:16:57;1859;50,01;
17:17:00;1851;50,01;
17:17:03;1856;50,01;
17:17:06;1849;50,01;
17:17:09;1856;50,01;
17:17:12;1847;50,01;
17:17:15;1850;50,01;
17:17:18;1843;50,00;
17:17:21;1852;50,00;
17:17:24;1843;50,01;
17:17:27;1847;50,00;
17:17:30;1845;50,00;
17:17:33;1831;50,01;
17:17:36;1843;50,01;
17:17:39;1842;50,01;
17:17:42;1830;50,00;
17:17:45;1841;50,00;
17:17:51;1838;50,00;
17:17:54;1842;50,00;
17:17:57;1836;50,00;
17:18:00;1833;49,99;
17:18:03;1843;49,99;
17:18:06;1842;49,99;
17:18:09;1835;49,98;
17:18:12;1836;49,99;
17:18:18;1835;50,00;
17:18:21;1827;50,00;
17:18:24;1836;50,01;
17:18:30;1838;50,00;
17:18:33;1827;50,00;
17:18:36;1837;50,00;
17:18:39;1836;49,99;
17:18:42;1837;49,99;
17:18:45;1828;49,99;
17:18:48;1838;49,99;
17:18:51;1835;49,98;
17:18:54;1826;49,99;
17:18:57;1836;49,99;
17:19:00;1839;49,99;
17:19:03;1834;50,00;
17:19:06;1831;50,00;
17:19:09;1832;50,01;
17:19:12;1837;50,01;
17:19:15;1843;50,00;
17:19:18;1838;50,00;
17:19:24;1843;49,99;
17:19:27;1845;49,99;
17:19:30;1847;49,99;
17:19:33;1838;49,99;
17:19:36;1853;50,00;
17:19:39;1850;50,00;
17:19:42;1854;50,00;
17:19:48;1858;50,00;
17:19:54;1862;50,00;
17:19:57;1853;50,00;
17:20:00;1868;50,00;
17:20:03;1864;50,00;
17:20:06;1869;49,99;
17:20:09;1862;49,99;
17:20:12;1871;49,99;
17:20:15;1867;49,99;
17:20:18;1870;49,99;
17:20:21;1863;49,98;
17:20:24;1868;49,98;
17:20:30;1864;49,98;
17:20:33;1856;49,97;
17:20:36;1865;49,98;
17:20:39;1858;49,98;
17:20:42;1863;49,98;
17:20:45;1853;49,99;
17:20:48;1862;49,99;
17:20:51;1862;49,98;
17:20:54;1858;49,98;
17:20:57;1844;49,97;
17:21:00;1860;49,98;
17:21:03;1862;49,98;
17:21:06;1860;49,98;
17:21:09;1853;49,98;
17:21:12;1858;49,98;
17:21:15;1867;49,99;
17:21:18;1865;50,00;
17:21:21;1860;49,99;
17:21:24;1864;49,99;
17:21:27;1864;49,98;
17:21:30;1865;49,98;
17:21:36;1869;49,97;
17:21:39;1872;49,97;
17:21:42;1876;49,97;
17:21:45;1877;49,97;
17:21:48;1869;49,98;
17:21:51;1877;49,98;
17:21:54;1874;49,99;
17:21:57;1879;49,99;
17:22:00;1868;49,99;
17:22:03;1874;49,98;
17:22:06;1870;49,98;
17:22:09;1874;49,98;
17:22:12;1867;49,98;
17:22:15;1875;49,98;
17:22:21;1877;49,98;
17:22:24;1870;49,98;
17:22:27;1878;49,97;
17:22:30;1872;49,97;
17:22:33;1881;49,97;
17:22:36;1872;49,97;
17:22:39;1881;49,97;
17:22:45;1885;49,97;
17:22:48;1881;49,98;
17:22:51;1895;49,98;
17:22:54;1894;49,98;
17:22:57;1900;49,99;
17:23:00;1890;49,99;
17:23:03;1904;49,99;
17:23:06;1900;49,99;
17:23:09;1896;49,99;
17:23:12;1884;49,99;
17:23:15;1890;49,99;
17:23:18;1888;49,98;
17:23:21;1889;49,98;
17:23:27;1890;49,97;
17:23:30;1889;49,97;
17:23:33;1890;49,96;
17:23:36;1884;49,96;
17:23:39;1892;49,96;
17:23:42;1885;49,97;
17:23:45;1892;49,97;
17:23:48;1893;49,97;
17:23:51;1895;49,98;
17:23:54;1888;49,98;
17:23:57;1896;50,00;
17:24:00;1889;50,00;
17:24:03;1898;50,00;
17:24:06;1899;50,00;
17:24:09;1893;50,00;
17:24:12;1892;49,99;
17:24:15;1902;49,98;
17:24:18;1903;49,98;
17:24:21;1905;49,97;
17:24:24;1903;49,97;
17:24:27;1908;49,97;
17:24:33;1908;49,98;
17:24:36;1907;49,98;
17:24:39;1911;49,98;
17:24:42;1912;49,98;
17:24:45;1914;49,98;
17:24:48;1917;49,98;
17:24:51;1912;49,97;
17:24:54;1917;49,98;
17:24:57;1922;49,97;
17:25:00;1923;49,98;
17:25:03;1922;49,98;
17:25:06;1923;49,98;
17:25:12;1924;49,98;
17:25:15;1920;49,98;
17:25:18;1926;49,97;
17:25:21;1929;49,97;
17:25:24;1930;49,97;
17:25:27;1928;49,98;
17:25:30;1929;49,97;
17:25:33;1926;49,97;
17:25:39;1932;49,97;
17:25:42;1933;49,97;
17:25:45;1937;49,97;
17:25:48;1936;49,96;
17:25:51;1935;49,97;
17:25:54;1937;49,97;
17:25:57;1929;49,97;
17:26:00;1938;49,97;
17:26:03;1939;49,98;
17:26:06;1931;49,98;
17:26:09;1930;49,98;
17:26:12;1935;49,98;
17:26:15;1933;49,98;
17:26:18;1940;49,98;
17:26:27;1935;49,98;
17:26:30;1934;49,98;
17:26:33;1929;49,98;
17:26:36;1930;49,98;
17:26:39;1928;49,98;
17:26:42;1931;49,98;
17:26:45;1928;49,98;
17:26:48;1932;49,99;
17:26:51;1930;49,98;
17:26:54;1933;49,99;
17:26:57;1931;49,99;
17:27:00;1933;50,00;
17:27:03;1935;49,99;
17:27:06;1936;49,99;
17:27:09;1937;49,99;
17:27:12;1939;49,98;
17:27:15;1938;49,98;
17:27:18;1939;49,97;
17:27:21;1940;49,97;
17:27:24;1940;49,98;
17:27:30;1938;49,97;
17:27:33;1937;49,97;
17:27:36;1935;49,97;
17:27:39;1934;49,97;
17:27:42;1932;49,97;
17:27:45;1933;49,97;
17:27:48;1919;49,97;
17:27:51;1933;49,97;
17:27:57;1934;49,97;
17:28:00;1931;49,97;
17:28:03;1932;49,97;
17:28:06;1931;49,97;
17:28:09;1934;49,97;
17:28:12;1931;49,97;
17:28:15;1938;49,97;
17:28:18;1939;49,97;
17:28:21;1940;49,97;
17:28:24;1947;49,96;
17:28:27;1948;49,96;
17:28:30;1953;49,96;
17:28:36;1957;49,97;
17:28:39;1955;49,97;
17:28:42;1952;49,97;
17:28:48;1953;49,97;
17:28:51;1954;49,97;
17:28:54;1956;49,97;
17:28:57;1959;49,97;
17:29:00;1954;49,98;
17:29:06;1951;49,98;
17:29:09;1940;49,98;
17:29:12;1932;49,98;
17:29:15;1935;49,98;
17:29:21;1923;49,98;
17:29:24;1909;49,98;
17:29:27;1917;49,98;
17:29:30;1912;49,98;
17:29:33;1916;49,97;
17:29:36;1904;49,97;
17:29:42;1905;49,97;
17:29:45;1907;49,98;
17:29:48;1879;49,98;
17:29:51;1900;49,99;
17:29:54;1902;49,99;
17:30:00;1906;49,99;
17:30:03;1897;49,99;
17:30:06;1896;50,00;
17:30:09;1898;49,99;
17:30:12;1885;49,98;
17:30:15;1893;49,97;
17:30:18;1885;49,97;
17:30:21;1889;49,96;
17:30:24;1889;49,97;
17:30:27;1888;49,98;
17:30:30;1884;49,98;
17:30:33;1889;49,98;
17:30:36;1880;49,98;
17:30:39;1890;49,98;
17:30:42;1885;49,98;
17:30:48;1890;49,98;
17:30:51;1890;49,99;
17:30:54;1892;50,00;
17:30:57;1893;49,99;
17:31:00;1897;49,99;
17:31:03;1901;49,99;
17:31:06;1906;49,99;
17:31:09;1900;49,99;
17:31:12;1912;50,00;
17:31:15;1910;50,00;
17:31:18;1923;50,01;
17:31:21;1929;50,00;
17:31:24;1934;50,00;
17:31:27;1943;49,99;
17:31:33;1964;49,98;
17:31:36;1962;49,98;
17:31:39;1931;49,98;
17:31:42;1938;49,98;
17:31:45;1929;49,99;
17:31:51;1928;49,99;
17:31:54;1917;49,99;
17:31:57;1940;50,00;
17:32:03;1930;50,00;
17:32:06;1945;50,00;
17:32:09;1950;50,01;
17:32:12;1946;50,01;
17:32:18;1934;50,01;
17:32:21;1936;50,01;
17:32:24;1940;50,01;
17:32:27;1930;50,00;
17:32:30;1949;50,00;
17:32:33;1944;50,00;
17:32:39;1963;50,00;
17:32:42;1978;50,00;
17:32:45;1993;50,00;
17:32:48;1999;50,00;
17:32:51;1996;50,00;
17:32:54;2010;50,00;
17:32:57;2013;50,01;
17:33:00;2010;50,01;
17:33:03;1989;50,01;
17:33:06;2000;50,01;
17:33:09;1992;50,00;
17:33:12;1989;50,00;
17:33:15;1976;50,00;
17:33:18;1990;50,00;
17:33:21;1991;50,01;
17:33:24;2000;50,00;
17:33:27;1986;50,00;
17:33:30;1996;50,00;
17:33:33;1983;50,00;
17:33:36;1980;50,00;
17:33:39;1963;50,00;
17:33:45;1977;50,00;
17:33:48;1980;50,00;
17:33:51;1969;50,00;
17:33:54;1984;50,00;
17:33:57;1987;50,00;
17:34:00;1988;50,00;
17:34:03;1991;50,00;
17:34:06;1977;50,00;
17:34:09;2002;50,00;
17:34:12;1992;50,00;
17:34:15;1988;50,00;
17:34:18;2005;50,00;
17:34:21;2014;50,00;
17:34:24;2007;50,00;
17:34:27;2014;50,00;
17:34:30;2012;49,99;
17:34:33;2024;49,99;
17:34:36;2021;49,99;
17:34:39;2029;49,99;
17:34:42;2020;49,98;
17:34:45;2036;49,99;
17:34:51;2043;49,99;
17:34:54;2031;49,99;
17:34:57;2049;50,00;
17:35:00;2051;50,00;
17:35:03;2058;50,00;
17:35:06;2046;49,99;
17:35:09;2059;49,99;
17:35:12;2062;49,99;
17:35:15;2068;49,99;
17:35:18;2054;49,99;
17:35:21;2072;49,99;
17:35:24;2073;49,99;
17:35:27;2078;49,99;
17:35:30;2074;49,98;
17:35:36;2097;49,98;
17:35:39;2101;49,98;
17:35:42;2086;49,98;
17:35:45;2100;49,98;
17:35:48;2099;49,98;
17:35:51;2101;49,99;
17:35:54;2103;49,98;
17:35:57;2093;49,99;
17:36:00;2115;49,98;
17:36:03;2119;49,98;
17:36:06;2112;49,97;
17:36:09;2130;49,97;
17:36:12;2135;49,96;
17:36:15;2145;49,96;
17:36:18;2150;49,97;
17:36:21;2143;49,96;
17:36:24;2138;49,97;
17:36:27;2137;49,97;
17:36:30;2153;49,97;
17:36:33;2165;49,97;
17:36:36;2215;49,96;
17:36:42;2228;49,96;
17:36:45;2215;49,97;
17:36:48;2190;49,97;
17:36:51;2162;49,97;
17:36:54;2163;49,97;
17:36:57;2160;49,97;
17:37:00;2160;49,98;
17:37:03;2163;49,98;
17:37:06;2156;49,98;
17:37:09;2139;49,98;
17:37:12;2138;49,98;
17:37:15;2130;49,98;
17:37:18;2121;49,98;
17:37:21;2104;49,98;
17:37:24;2115;49,98;
17:37:30;2108;49,97;
17:37:33;2095;49,97;
17:37:36;2098;49,97;
17:37:39;2092;49,97;
17:37:42;2089;49,98;
17:37:48;2087;49,98;
17:37:51;2088;49,98;
17:37:54;2086;49,98;
17:37:57;2075;49,98;
17:38:00;2084;49,97;
17:38:03;2081;49,97;
17:38:06;2079;49,97;
17:38:09;2076;49,97;
17:38:12;2068;49,98;
17:38:15;2066;49,98;
17:38:18;2059;49,98;
17:38:21;2042;49,97;
17:38:24;2054;49,97;
17:38:27;2056;49,97;
17:38:30;2052;49,97;
17:38:33;2039;49,96;
17:38:36;2048;49,96;
17:38:39;2042;49,96;
17:38:42;2041;49,96;
17:38:45;2026;49,97;
17:38:48;2033;49,96;
17:38:54;2025;49,97;
17:38:57;2013;49,97;
17:39:00;2016;49,97;
17:39:03;2009;49,97;
17:39:06;2006;49,97;
17:39:09;1997;49,97;
17:39:12;2000;49,97;
17:39:15;1999;49,97;
17:39:18;1990;49,96;
17:39:21;1986;49,96;
17:39:24;1982;49,96;
17:39:27;1973;49,96;
17:39:30;1972;49,96;
17:39:33;1971;49,96;
17:39:36;1959;49,96;
17:39:39;1958;49,96;
17:39:42;1957;49,96;
17:39:45;1954;49,96;
17:39:48;1947;49,96;
17:39:51;1944;49,96;
17:39:54;1939;49,96;
17:40:00;1937;49,96;
17:40:03;1926;49,97;
17:40:06;1916;49,97;
17:40:09;1919;49,97;
17:40:12;1911;49,97;
17:40:15;1912;49,96;
17:40:18;1901;49,96;
17:40:21;1906;49,96;
17:40:24;1896;49,96;
17:40:27;1897;49,96;
17:40:30;1889;49,95;
17:40:33;1893;49,95;
17:40:36;1886;49,95;
17:40:39;1891;49,95;
17:40:45;1891;49,96;
17:40:48;1886;49,96;
17:40:51;1898;49,96;
17:40:54;1890;49,96;
17:40:57;1887;49,96;
17:41:00;1874;49,96;
17:41:06;1869;49,96;
17:41:09;1855;49,96;
17:41:12;1848;49,96;
17:41:15;1850;49,96;
17:41:18;1836;49,96;
17:41:21;1847;49,96;
17:41:24;1845;49,96;
17:41:27;1842;49,96;
17:41:30;1839;49,96;
17:41:33;1841;49,96;
17:41:36;1838;49,95;
17:41:39;1836;49,96;
17:41:42;1830;49,96;
17:41:45;1832;49,96;
17:41:51;1823;49,96;
17:41:54;1819;49,96;
17:41:57;1818;49,96;
17:42:00;1815;49,97;
17:42:03;1813;49,97;
17:42:06;1813;49,96;
17:42:09;1804;49,96;
17:42:12;1811;49,96;
17:42:15;1807;49,96;
17:42:21;1809;49,97;
17:42:27;1815;49,97;
17:42:30;1816;49,96;
17:42:33;1812;49,96;
17:42:36;1817;49,96;
17:42:39;1815;49,97;
17:42:42;1814;49,96;
17:42:45;1813;49,96;
17:42:48;1811;49,96;
17:42:51;1807;49,96;
17:42:57;1807;49,97;
17:43:00;1806;49,97;
17:43:03;1803;49,96;
17:43:06;1802;49,96;
17:43:09;1803;49,96;
17:43:12;1804;49,96;
17:43:15;1799;49,96;
17:43:18;1807;49,96;
17:43:27;1810;49,96;
17:43:30;1811;49,96;
17:43:33;1812;49,96;
17:43:36;1815;49,96;
17:43:39;1808;49,96;
17:43:42;1815;49,96;
17:43:45;1818;49,96;
17:43:48;1820;49,96;
17:43:51;1822;49,96;
17:43:54;1823;49,96;
17:43:57;1826;49,96;
17:44:03;1832;49,97;
17:44:06;1836;49,97;
17:44:09;1841;49,98;
17:44:12;1844;49,98;
17:44:15;1849;49,98;
17:44:18;1852;49,98;
17:44:21;1844;49,97;
17:44:24;1856;49,96;
17:44:27;1858;49,96;
17:44:30;1865;49,96;
17:44:33;1862;49,96;
17:44:36;1871;49,96;
17:44:42;1891;49,96;
17:44:48;1896;49,96;
17:44:51;1898;49,96;
17:44:54;1903;49,97;
17:44:57;1905;49,97;
17:45:00;1916;49,97;
17:45:03;1921;49,97;
17:45:06;1912;49,97;
17:45:09;1928;49,97;
17:45:12;1929;49,96;
17:45:15;1931;49,96;
17:45:18;1937;49,96;
17:45:21;1941;49,96;
17:45:24;1952;49,95;
17:45:27;1957;49,95;
17:45:30;1948;49,95;
17:45:33;1979;49,95;
17:45:36;2003;49,96;
17:45:39;2016;49,97;
17:45:42;2034;49,96;
17:45:45;2039;49,97;
17:45:48;2048;49,96;
17:45:54;2051;49,97;
17:45:57;2055;49,97;
17:46:00;2062;49,98;
17:46:03;2069;49,98;
17:46:06;2078;49,98;
17:46:09;2087;49,98;
17:46:12;2098;49,98;
17:46:15;2114;49,98;
17:46:18;2105;49,98;
17:46:21;2096;49,98;
17:46:24;2084;49,98;
17:46:27;2097;49,98;
17:46:30;2083;49,98;
17:46:33;2075;49,99;
17:46:36;2068;49,99;
17:46:39;2055;49,99;
17:46:42;2042;50,00;
17:46:45;2050;49,99;
17:46:48;2049;50,00;
17:46:51;2055;49,99;
17:46:54;2046;49,99;
17:47:00;2063;50,00;
17:47:06;2052;50,00;
17:47:09;2045;50,00;
17:47:12;2043;50,00;
17:47:15;2056;50,00;
17:47:18;2059;50,01;
17:47:21;2038;50,01;
17:47:24;2053;50,00;
17:47:27;2052;50,00;
17:47:30;2038;49,99;
17:47:33;2052;49,99;
17:47:39;2054;49,98;
17:47:45;2053;49,98;
17:47:48;2049;49,99;
17:47:51;2051;49,99;
17:47:54;2038;49,99;
17:47:57;2053;49,99;
17:48:06;2034;49,99;
17:48:09;2051;49,99;
17:48:12;2051;49,98;
17:48:18;2038;49,98;
17:48:21;2050;49,98;
17:48:24;2051;49,98;
17:48:30;2031;49,97;
17:48:33;2048;49,97;
17:48:36;2052;49,97;
17:48:39;2059;49,97;
17:48:42;2049;49,97;
17:48:45;2061;49,97;
17:48:48;2062;49,97;
17:48:51;2061;49,97;
17:48:54;2044;49,97;
17:48:57;2059;49,97;
17:49:03;2058;49,97;
17:49:06;2061;49,97;
17:49:09;2049;49,97;
17:49:12;2065;49,98;
17:49:15;2062;49,98;
17:49:18;2064;49,98;
17:49:21;2060;49,97;
17:49:24;2056;49,97;
17:49:27;2050;49,97;
17:49:30;2053;49,98;
17:49:33;2035;49,97;
17:49:36;2043;49,98;
17:49:39;2034;49,97;
17:49:42;2036;49,97;
17:49:45;2026;49,97;
17:49:48;2032;49,97;
17:49:51;2028;49,97;
17:49:57;2020;49,98;
17:50:00;2031;49,98;
17:50:03;2028;49,99;
17:50:06;2028;50,00;
17:50:09;2007;50,00;
17:50:12;2023;50,00;
17:50:15;2020;50,00;
17:50:18;2024;49,99;
17:50:21;2008;49,98;
17:50:24;2021;49,98;
17:50:27;2017;49,98;
17:50:33;1997;49,96;
17:50:36;2011;49,96;
17:50:42;2011;49,97;
17:50:45;2003;49,97;
17:50:48;2014;49,97;
17:50:51;2011;49,97;
17:50:54;2012;49,97;
17:50:57;2001;49,97;
17:51:03;2009;49,98;
17:51:09;1998;49,98;
17:51:12;2006;49,98;
17:51:15;2002;49,98;
17:51:18;2004;49,98;
17:51:21;2006;49,98;
17:51:24;1996;49,98;
17:51:27;1996;49,97;
17:51:30;2002;49,97;
17:51:33;1987;49,97;
17:51:36;1998;49,97;
17:51:39;2011;49,97;
17:51:42;2003;49,97;
17:51:45;2008;49,97;
17:51:48;2012;49,97;
17:51:51;2036;49,97;
17:51:54;2039;49,97;
17:51:57;2059;49,98;
17:52:00;2053;49,98;
17:52:03;2074;49,98;
17:52:09;2076;49,98;
17:52:12;2058;49,99;
17:52:15;2058;49,98;
17:52:18;2053;49,98;
17:52:21;2043;49,98;
17:52:24;2021;49,98;
17:52:27;2032;49,97;
17:52:30;2028;49,97;
17:52:33;2000;49,97;
17:52:36;2015;49,97;
17:52:42;2006;49,98;
17:52:45;2009;49,99;
17:52:48;1996;49,99;
17:52:51;2007;50,00;
17:52:54;2003;50,00;
17:52:57;2005;50,00;
17:53:00;1999;49,99;
17:53:03;2011;49,99;
17:53:06;2008;49,99;
17:53:09;2010;49,99;
17:53:15;2016;49,99;
17:53:18;2016;49,98;
17:53:21;2026;49,98;
17:53:24;2020;49,98;
17:53:27;2044;49,97;
17:53:30;2051;49,97;
17:53:33;2058;49,97;
17:53:36;2062;49,97;
17:53:39;2066;49,98;
17:53:42;2073;49,98;
17:53:45;2074;49,98;
17:53:48;2055;49,98;
17:53:51;2059;49,98;
17:53:54;2052;49,98;
17:54:00;2037;49,98;
17:54:03;2058;49,98;
17:54:06;2065;49,98;
17:54:12;2053;49,98;
17:54:15;2069;49,97;
17:54:18;2071;49,97;
17:54:21;2074;49,97;
17:54:24;2067;49,97;
17:54:27;2079;49,97;
17:54:33;2073;49,97;
17:54:36;2071;49,97;
17:54:39;2080;49,97;
17:54:42;2088;49,97;
17:54:45;2092;49,97;
17:54:48;2089;49,97;
17:54:54;2099;49,97;
17:54:57;2085;49,97;
17:55:00;2058;49,97;
17:55:06;2047;49,98;
17:55:09;2048;49,97;
17:55:12;2060;49,97;
17:55:15;2034;49,97;
17:55:18;2045;49,97;
17:55:21;2049;49,97;
17:55:24;2054;49,96;
17:55:27;2055;49,96;
17:55:30;2067;49,96;
17:55:33;2064;49,96;
17:55:36;2049;49,96;
17:55:39;2024;49,96;
17:55:42;2021;49,97;
17:55:45;2017;49,97;
17:55:48;2009;49,97;
17:55:51;1990;49,97;
17:55:54;2002;49,97;
17:55:57;2003;49,97;
17:56:00;2007;49,97;
17:56:03;1997;49,97;
17:56:06;2014;49,98;
17:56:12;2020;49,98;
17:56:15;2010;49,98;
17:56:18;2035;49,98;
17:56:21;2041;49,98;
17:56:24;2059;49,99;
17:56:27;2045;49,99;
17:56:30;2057;49,99;
17:56:33;2053;49,99;
17:56:36;2058;49,99;
17:56:39;2051;50,00;
17:56:42;2070;50,00;
17:56:45;2077;50,00;
17:56:48;2071;50,00;
17:56:51;2065;50,00;
17:56:54;2068;50,00;
17:56:57;2094;50,00;
17:57:00;2103;49,99;
17:57:06;2102;49,99;
17:57:09;2098;50,00;
17:57:12;2092;50,00;
17:57:18;2072;49,99;
17:57:21;2054;49,99;
17:57:24;2038;49,99;
17:57:27;2021;49,99;
17:57:30;2030;49,99;
17:57:33;2034;49,99;
17:57:36;2030;49,99;
17:57:39;2040;49,99;
17:57:42;2043;49,99;
17:57:45;2041;49,99;
17:57:48;2041;50,00;
17:57:51;2034;50,00;
17:57:54;2053;50,00;
17:57:57;2061;50,00;
17:58:00;2053;50,00;
17:58:03;2057;50,01;
17:58:06;2044;50,01;
17:58:09;2051;50,01;
17:58:12;2043;50,01;
17:58:15;2028;50,00;
17:58:18;2009;50,00;
17:58:21;2006;50,00;
17:58:24;1999;49,99;
17:58:27;1995;49,99;
17:58:30;1983;49,98;
17:58:33;1996;49,98;
17:58:39;1995;49,98;
17:58:42;1981;49,98;
17:58:45;1994;49,99;
17:58:48;1999;50,00;
17:58:51;2008;50,00;
17:58:54;2002;50,01;
17:58:57;2022;50,01;
17:59:00;2018;50,01;
17:59:03;2017;50,01;
17:59:09;2018;50,00;
17:59:12;2014;50,00;
17:59:15;2015;50,00;
17:59:18;2000;50,00;
17:59:21;1998;50,00;
17:59:24;1996;50,00;
17:59:27;2008;49,99;
17:59:30;2013;49,99;
17:59:33;2006;49,98;
17:59:39;1994;49,99;
17:59:42;1978;49,99;
17:59:45;1989;50,00;
17:59:48;1991;50,00;
17:59:51;1980;50,00;
17:59:54;1972;50,00;
17:59:57;1977;50,01;
18:00:03;1969;50,00;
18:00:06;1967;50,00;
18:00:09;1960;50,01;
18:00:18;1961;50,00;
18:00:21;1953;50,00;
18:00:24;1952;50,00;
18:00:27;1949;50,00;
18:00:30;1945;50,00;
18:00:33;1930;50,00;
18:00:36;1942;50,00;
18:00:39;1938;50,00;
18:00:42;1939;50,01;
18:00:45;1918;50,01;
18:00:48;1923;50,01;
18:00:51;1931;50,02;
18:00:54;1929;50,02;
18:00:57;1914;50,02;
18:01:00;1928;50,02;
18:01:03;1919;50,02;
18:01:09;1915;50,02;
18:01:12;1914;50,03;
18:01:15;1913;50,03;
18:01:21;1914;50,03;
18:01:24;1912;50,03;
18:01:27;1911;50,03;
18:01:33;1913;50,03;
18:01:36;1912;50,03;
18:01:39;1905;50,03;
18:01:42;1907;50,03;
18:01:45;1904;50,03;
18:01:51;1902;50,04;
18:01:54;1896;50,03;
18:01:57;1893;50,04;
18:02:00;1892;50,03;
18:02:03;1893;50,03;
18:02:06;1892;50,03;
18:02:09;1889;50,02;
18:02:12;1886;50,02;
18:02:15;1877;50,01;
18:02:18;1874;50,02;
18:02:21;1871;50,03;
18:02:27;1867;50,03;
18:02:33;1860;50,03;
18:02:36;1868;50,03;
18:02:39;1860;50,03;
18:02:42;1867;50,03;
18:02:45;1862;50,03;
18:02:51;1867;50,03;
18:02:54;1864;50,04;
18:02:57;1855;50,04;
18:03:00;1857;50,04;
18:03:03;1858;50,04;
18:03:06;1856;50,04;
18:03:12;1848;50,04;
18:03:15;1846;50,04;
18:03:18;1840;50,03;
18:03:21;1837;50,03;
18:03:24;1830;50,03;
18:03:27;1829;50,03;
18:03:30;1822;50,03;
18:03:33;1825;50,03;
18:03:36;1820;50,02;
18:03:39;1821;50,02;
18:03:42;1815;50,02;
18:03:48;1811;50,02;
18:03:51;1809;50,02;
18:03:54;1803;50,03;
18:03:57;1807;50,02;
18:04:00;1806;50,03;
18:04:03;1805;50,02;
18:04:06;1803;50,02;
18:04:09;1802;50,02;
18:04:12;1803;50,03;
18:04:18;1798;50,03;
18:04:21;1797;50,03;
18:04:24;1792;50,02;
18:04:30;1789;50,02;
18:04:36;1785;50,02;
18:04:42;1787;50,03;
18:04:45;1784;50,03;
18:04:48;1779;50,02;
18:04:51;1781;50,02;
18:04:54;1782;50,01;
18:04:57;1779;50,01;
18:05:00;1783;50,01;
18:05:03;1778;50,01;
18:05:06;1774;50,01;
18:05:09;1777;50,01;
18:05:12;1772;50,01;
18:05:15;1775;50,01;
18:05:18;1774;50,00;
18:05:24;1775;50,00;
18:05:33;1777;50,01;
18:05:36;1776;50,01;
18:05:42;1767;50,01;
18:05:45;1779;50,01;
18:05:48;1772;50,02;
18:05:51;1780;50,03;
18:05:57;1781;50,03;
18:06:00;1771;50,03;
18:06:03;1777;50,02;
18:06:06;1772;50,02;
18:06:09;1775;50,01;
18:06:12;1768;50,01;
18:06:15;1773;50,01;
18:06:18;1767;50,01;
18:06:21;1774;50,01;
18:06:24;1770;50,01;
18:06:30;1773;50,01;
18:06:33;1780;50,01;
18:06:36;1778;50,00;
18:06:39;1786;50,00;
18:06:42;1791;49,99;
18:06:45;1799;49,99;
18:06:48;1803;49,99;
18:06:51;1802;50,00;
18:06:54;1836;50,00;
18:06:57;1850;50,00;
18:07:00;1842;50,00;
18:07:03;1851;49,99;
18:07:06;1848;49,99;
18:07:09;1844;49,99;
18:07:18;1843;49,99;
18:07:21;1837;49,99;
18:07:24;1833;49,99;
18:07:27;1816;49,99;
18:07:30;1806;49,99;
18:07:33;1805;49,98;
18:07:36;1797;49,98;
18:07:39;1794;50,00;
18:07:42;1795;50,00;
18:07:45;1796;50,00;
18:07:48;1791;50,01;
18:07:51;1784;50,00;
18:07:54;1789;50,00;
18:07:57;1783;50,00;
18:08:00;1788;50,01;
18:08:03;1777;50,01;
18:08:06;1786;50,01;
18:08:09;1786;50,00;
18:08:12;1789;50,00;
18:08:15;1783;50,00;
18:08:21;1789;50,00;
18:08:24;1793;49,99;
18:08:27;1787;49,99;
18:08:30;1796;49,99;
18:08:33;1791;49,98;
18:08:36;1794;49,98;
18:08:39;1797;49,98;
18:08:42;1788;49,98;
18:08:45;1792;49,99;
18:08:48;1795;49,99;
18:08:51;1789;49,99;
18:08:54;1798;49,99;
18:08:57;1796;50,00;
18:09:00;1802;50,00;
18:09:03;1806;50,00;
18:09:06;1815;49,99;
18:09:09;1815;50,00;
18:09:12;1819;50,00;
18:09:15;1812;50,00;
18:09:18;1826;50,00;
18:09:21;1820;49,99;
18:09:27;1799;49,98;
18:09:30;1812;49,98;
18:09:33;1811;49,99;
18:09:36;1807;49,99;
18:09:39;1797;49,99;
18:09:42;1804;49,99;
18:09:45;1803;49,99;
18:09:48;1796;49,99;
18:09:51;1786;49,99;
18:09:54;1793;49,99;
18:09:57;1787;49,99;
18:10:00;1791;49,99;
18:10:03;1780;50,00;
18:10:06;1790;50,00;
18:10:09;1790;49,99;
18:10:12;1789;50,00;
18:10:15;1780;50,00;
18:10:18;1790;49,99;
18:10:21;1788;49,98;
18:10:24;1790;49,98;
18:10:27;1783;49,98;
18:10:33;1792;49,98;
18:10:36;1797;49,98;
18:10:39;1792;49,98;
18:10:42;1799;49,98;
18:10:45;1793;49,98;
18:10:48;1802;49,98;
18:10:51;1800;49,98;
18:10:54;1798;49,98;
18:10:57;1797;49,97;
18:11:00;1805;49,98;
18:11:03;1804;49,97;
18:11:06;1793;49,97;
18:11:09;1802;49,97;
18:11:12;1807;49,97;
18:11:15;1806;49,97;
18:11:18;1799;49,97;
18:11:21;1816;49,98;
18:11:24;1812;49,98;
18:11:27;1816;49,99;
18:11:30;1802;49,98;
18:11:33;1818;49,98;
18:11:39;1821;49,98;
18:11:42;1814;49,98;
18:11:45;1829;49,98;
18:11:48;1833;49,98;
18:11:51;1835;49,98;
18:11:54;1824;49,97;
18:12:24;1814;49,98;
18:12:27;1812;49,97;
18:12:30;1791;49,97;
18:12:33;1803;49,97;
18:12:36;1806;49,97;
18:12:42;1810;49,97;
18:12:45;1803;49,97;
18:12:48;1809;49,97;
18:12:51;1819;49,98;
18:12:54;1805;49,97;
18:12:57;1817;49,97;
18:13:00;1823;49,97;
18:13:06;1830;49,97;
18:13:09;1810;49,97;
18:13:12;1817;49,98;
18:13:15;1821;49,98;
18:13:18;1814;49,98;
18:13:21;1796;49,98;
18:13:24;1805;49,99;
18:13:30;1805;50,00;
18:13:33;1795;50,00;
18:13:36;1801;49,99;
18:13:39;1798;49,99;
18:13:42;1806;49,98;
18:13:45;1796;49,98;
18:13:48;1809;49,98;
18:13:51;1807;49,98;
18:13:54;1807;49,97;
18:13:57;1794;49,97;
18:14:00;1804;49,97;
18:14:03;1800;49,98;
18:14:06;1799;49,98;
18:14:09;1781;49,98;
18:14:12;1790;49,98;
18:14:15;1781;49,98;
18:14:18;1777;49,98;
18:14:21;1768;49,98;
18:14:24;1772;49,98;
18:14:27;1764;49,98;
18:14:30;1767;49,98;
18:14:36;1765;49,98;
18:14:39;1758;49,98;
18:14:42;1758;49,97;
18:14:45;1750;49,98;
18:14:48;1752;49,97;
18:14:51;1746;49,97;
18:14:54;1751;49,98;
18:14:57;1749;49,97;
18:15:00;1746;49,98;
18:15:03;1741;49,98;
18:15:06;1742;49,99;
18:15:09;1733;49,99;
18:15:12;1736;49,99;
18:15:15;1729;49,99;
18:15:18;1732;49,98;
18:15:21;1725;49,98;
18:15:24;1727;49,97;
18:15:27;1720;49,98;
18:15:30;1724;49,97;
18:15:33;1716;49,98;
18:15:36;1705;49,98;
18:15:42;1711;49,98;
18:15:45;1707;49,98;
18:15:48;1713;49,98;
18:15:51;1702;49,97;
18:15:54;1710;49,97;
18:15:57;1706;49,97;
18:16:00;1702;49,97;
18:16:03;1708;49,97;
18:16:06;1704;49,98;
18:16:09;1703;49,98;
18:16:12;1699;49,98;
18:16:15;1694;49,98;
18:16:21;1695;49,98;
18:16:27;1694;49,98;
18:16:30;1688;49,97;
18:16:33;1690;49,97;
18:16:36;1688;49,97;
18:16:39;1691;49,97;
18:16:42;1684;49,97;
18:16:45;1689;49,97;
18:16:48;1688;49,97;
18:16:51;1688;49,98;
18:16:54;1682;49,98;
18:16:57;1687;49,99;
18:17:00;1680;49,99;
18:17:03;1685;49,99;
18:17:06;1681;50,00;
18:17:09;1683;50,00;
18:17:12;1675;50,00;
18:17:15;1680;50,00;
18:17:18;1673;50,00;
18:17:21;1678;50,00;
18:17:24;1669;50,00;
18:17:27;1673;50,00;
18:17:36;1665;50,00;
18:17:39;1671;49,99;
18:17:42;1667;50,00;
18:17:45;1671;49,99;
18:17:48;1665;49,99;
18:17:51;1671;49,99;
18:17:54;1670;49,98;
18:17:57;1671;49,98;
18:18:00;1672;49,98;
18:18:03;1674;49,99;
18:18:06;1669;49,99;
18:18:09;1675;50,00;
18:18:15;1663;50,00;
18:18:18;1664;50,00;
18:18:21;1668;49,98;
18:18:24;1664;49,98;
18:18:27;1660;49,98;
18:18:30;1658;49,97;
18:18:33;1656;49,97;
18:18:39;1655;49,97;
18:18:42;1654;49,97;
18:18:48;1653;49,96;
18:18:51;1654;49,97;
18:18:54;1654;49,98;
18:18:57;1650;49,97;
18:19:00;1655;49,97;
18:19:03;1656;49,96;
18:19:06;1644;49,96;
18:19:09;1652;49,96;
18:19:15;1650;49,97;
18:19:18;1644;49,97;
18:19:21;1646;49,97;
18:19:27;1647;49,97;
18:19:30;1646;49,96;
18:19:39;1648;49,96;
18:19:51;1649;49,96;
18:19:54;1647;49,96;
18:19:57;1649;49,96;
18:20:00;1649;49,97;
18:20:03;1644;49,97;
18:20:06;1650;49,97;
18:20:12;1652;49,97;
18:20:15;1654;49,96;
18:20:18;1656;49,96;
18:20:24;1657;49,96;
18:20:27;1652;49,96;
18:20:30;1659;49,96;
18:20:33;1661;49,96;
18:20:36;1663;49,96;
18:20:39;1665;49,96;
18:20:42;1670;49,96;
18:20:45;1666;49,96;
18:20:48;1673;49,96;
18:20:51;1676;49,96;
18:20:54;1685;49,96;
18:20:57;1680;49,96;
18:21:00;1693;49,96;
18:21:03;1691;49,96;
18:21:06;1699;49,96;
18:21:09;1695;49,96;
18:21:12;1703;49,97;
18:21:15;1699;49,96;
18:21:18;1710;49,96;
18:21:21;1716;49,96;
18:21:24;1707;49,96;
18:21:27;1708;49,95;
18:21:30;1710;49,95;
18:21:36;1718;49,96;
18:21:39;1724;49,96;
18:21:42;1733;49,96;
18:21:45;1740;49,97;
18:21:48;1750;49,96;
18:21:51;1756;49,96;
18:21:54;1749;49,96;
18:21:57;1762;49,97;
18:22:00;1757;49,98;
18:22:03;1756;49,98;
18:22:06;1740;49,97;
18:22:09;1742;49,97;
18:22:12;1754;49,97;
18:22:15;1755;49,97;
18:22:18;1744;49,97;
18:22:21;1757;49,97;
18:22:24;1753;49,97;
18:22:27;1750;49,97;
18:22:30;1749;49,97;
18:22:33;1748;49,97;
18:22:36;1746;49,97;
18:22:45;1749;49,96;
18:22:48;1752;49,96;
18:22:51;1753;49,96;
18:22:54;1759;49,96;
18:22:57;1761;49,97;
18:23:00;1763;49,97;
18:23:03;1760;49,97;
18:23:06;1754;49,98;
18:23:09;1751;49,98;
18:23:12;1735;49,98;
18:23:15;1738;49,99;
18:23:18;1724;49,99;
18:23:21;1728;49,99;
18:23:24;1729;49,99;
18:23:27;1727;49,99;
18:23:30;1712;49,99;
18:23:33;1725;49,99;
18:23:36;1722;49,98;
18:23:39;1721;49,97;
18:23:42;1708;49,96;
18:23:48;1722;49,96;
18:23:54;1710;49,96;
18:23:57;1723;49,96;
18:24:00;1721;49,96;
18:24:03;1720;49,97;
18:24:06;1719;49,97;
18:24:09;1706;49,96;
18:24:12;1716;49,96;
18:24:15;1720;49,96;
18:24:18;1714;49,95;
18:24:21;1717;49,95;
18:24:24;1707;49,95;
18:24:30;1705;49,95;
18:24:33;1702;49,95;
18:24:36;1700;49,96;
18:24:39;1701;49,96;
18:24:42;1687;49,96;
18:24:45;1701;49,96;
18:24:48;1702;49,96;
18:24:54;1694;49,96;
18:24:57;1707;49,96;
18:25:03;1710;49,96;
18:25:06;1699;49,96;
18:25:09;1692;49,96;
18:25:12;1698;49,96;
18:25:15;1697;49,96;
18:25:18;1705;49,96;
18:25:21;1701;49,96;
18:25:24;1702;49,96;
18:25:27;1700;49,95;
18:25:30;1698;49,94;
18:25:33;1694;49,94;
18:25:39;1692;49,95;
18:25:42;1691;49,95;
18:25:45;1690;49,96;
18:25:48;1691;49,96;
18:25:51;1692;49,96;
18:25:54;1691;49,96;
18:25:57;1680;49,96;
18:26:00;1693;49,96;
18:26:03;1690;49,95;
18:26:06;1696;49,96;
18:26:09;1687;49,96;
18:26:12;1693;49,96;
18:26:15;1692;49,95;
18:26:18;1684;49,96;
18:26:21;1680;49,96;
18:26:24;1687;49,95;
18:26:27;1685;49,95;
18:26:30;1690;49,96;
18:26:33;1676;49,96;
18:26:36;1692;49,96;
18:26:39;1693;49,96;
18:26:45;1687;49,96;
18:26:48;1701;49,96;
18:26:51;1705;49,97;
18:26:54;1707;49,97;
18:26:57;1680;49,96;
18:27:00;1692;49,96;
18:27:06;1695;49,96;
18:27:09;1685;49,96;
18:27:12;1697;49,96;
18:27:15;1693;49,96;
18:27:18;1691;49,96;
18:27:21;1673;49,96;
18:27:24;1683;49,96;
18:27:27;1681;49,97;
18:27:30;1678;49,96;
18:27:33;1666;49,96;
18:27:36;1676;49,96;
18:27:39;1669;49,95;
18:27:42;1668;49,95;
18:27:45;1650;49,94;
18:27:51;1659;49,95;
18:27:54;1655;49,95;
18:27:57;1649;49,96;
18:28:00;1654;49,96;
18:28:03;1647;49,96;
18:28:06;1654;49,96;
18:28:09;1653;49,96;
18:28:12;1651;49,96;
18:28:15;1642;49,96;
18:28:18;1650;49,96;
18:28:21;1642;49,96;
18:28:24;1635;49,96;
18:28:27;1636;49,96;
18:28:30;1638;49,96;
18:28:36;1632;49,96;
18:28:39;1634;49,96;
18:28:42;1629;49,96;
18:28:45;1633;49,96;
18:28:48;1626;49,96;
18:28:51;1629;49,96;
18:28:57;1627;49,96;
18:29:00;1621;49,96;
18:29:03;1625;49,97;
18:29:06;1620;49,97;
18:29:09;1625;49,96;
18:29:12;1618;49,96;
18:29:15;1624;49,96;
18:29:18;1622;49,96;
18:29:21;1621;49,96;
18:29:24;1615;49,96;
18:29:27;1619;49,96;
18:29:30;1613;49,96;
18:29:33;1620;49,97;
18:29:36;1611;49,97;
18:29:39;1616;49,97;
18:29:42;1612;49,96;
18:29:45;1617;49,96;
18:29:48;1610;49,97;
18:29:51;1615;49,97;
18:29:54;1608;49,97;
18:29:57;1614;49,96;
18:30:00;1613;49,96;
18:30:03;1608;49,96;
18:30:06;1607;49,96;
18:30:09;1612;49,96;
18:30:12;1607;49,96;
18:30:15;1611;49,96;
18:30:18;1607;49,97;
18:30:21;1609;49,97;
18:30:24;1610;49,97;
18:30:27;1609;49,97;
18:30:30;1605;49,99;
18:30:33;1608;49,99;
18:30:36;1603;49,99;
18:30:39;1609;49,99;
18:30:42;1605;49,99;
18:30:48;1602;49,98;
18:30:51;1609;49,99;
18:30:54;1602;49,99;
18:30:57;1607;49,99;
18:31:00;1601;49,99;
18:31:03;1604;49,99;
18:31:06;1603;49,99;
18:31:09;1594;49,99;
18:31:12;1605;50,00;
18:31:15;1599;50,00;
18:31:18;1595;50,00;
18:31:21;1604;50,00;
18:31:24;1603;50,00;
18:31:27;1590;50,00;
18:31:30;1596;49,99;
18:31:33;1591;49,99;
18:31:36;1593;49,99;
18:31:39;1587;49,99;
18:31:42;1590;49,98;
18:31:45;1582;49,98;
18:31:48;1585;49,98;
18:31:54;1584;49,97;
18:31:57;1577;49,96;
18:32:00;1581;49,96;
18:32:03;1577;49,96;
18:32:06;1579;49,97;
18:32:09;1569;49,97;
18:32:12;1575;49,97;
18:32:18;1572;49,97;
18:32:21;1564;49,98;
18:32:24;1569;49,97;
18:32:27;1564;49,97;
18:32:30;1566;49,96;
18:32:33;1557;49,96;
18:32:36;1559;49,96;
18:32:39;1557;49,96;
18:32:42;1561;49,97;
18:32:45;1551;49,97;
18:32:48;1556;49,97;
18:32:51;1551;49,97;
18:32:54;1552;49,97;
18:33:00;1550;49,97;
18:33:03;1547;49,98;
18:33:06;1549;49,98;
18:33:09;1537;49,98;
18:33:12;1546;49,98;
18:33:18;1539;49,98;
18:33:21;1544;49,98;
18:33:24;1542;49,98;
18:33:27;1543;49,98;
18:33:30;1539;49,97;
18:33:33;1534;49,97;
18:33:36;1537;49,97;
18:33:39;1535;49,97;
18:33:42;1533;49,98;
18:33:45;1535;49,97;
18:33:51;1534;49,97;
18:33:54;1534;49,98;
18:34:00;1533;49,98;
18:34:06;1535;49,98;
18:34:09;1536;49,99;
18:34:12;1538;49,99;
18:34:15;1540;49,99;
18:34:18;1532;49,99;
18:34:21;1528;49,99;
18:34:24;1536;49,98;
18:34:27;1537;49,98;
18:34:30;1529;49,97;
18:34:33;1528;49,97;
18:34:36;1529;49,97;
18:34:39;1532;49,97;
18:34:42;1529;49,97;
18:34:45;1533;49,97;
18:34:51;1533;49,98;
18:34:54;1531;49,98;
18:35:00;1525;49,97;
18:35:03;1531;49,97;
18:35:06;1529;49,97;
18:35:09;1533;49,97;
18:35:18;1529;49,96;
18:35:21;1534;49,97;
18:35:24;1526;49,97;
18:35:27;1534;49,96;
18:35:30;1531;49,96;
18:35:33;1537;49,96;
18:35:36;1528;49,96;
18:35:39;1538;49,96;
18:35:42;1533;49,96;
18:35:45;1539;49,96;
18:35:48;1534;49,96;
18:35:51;1541;49,97;
18:35:57;1542;49,97;
18:36:00;1536;49,97;
18:36:03;1547;49,97;
18:36:06;1544;49,97;
18:36:09;1551;49,97;
18:36:12;1542;49,97;
18:36:15;1554;49,97;
18:36:21;1554;49,96;
18:36:24;1548;49,96;
18:36:27;1554;49,96;
18:36:30;1559;49,96;
18:36:33;1556;49,97;
18:36:36;1552;49,97;
18:36:39;1554;49,97;
18:36:42;1558;49,98;
18:36:45;1558;49,99;
18:36:48;1559;50,00;
18:36:51;1560;50,00;
18:36:54;1562;50,00;
18:36:57;1565;50,00;
18:37:03;1564;50,00;
18:37:06;1565;50,00;
18:37:09;1567;49,99;
18:37:12;1569;50,00;
18:37:15;1568;49,99;
18:37:18;1570;49,98;
18:37:21;1564;49,98;
18:37:24;1570;49,98;
18:37:27;1571;49,98;
18:37:33;1575;49,98;
18:37:36;1576;49,98;
18:37:42;1578;49,98;
18:37:45;1574;49,98;
18:37:48;1582;49,98;
18:37:54;1586;49,98;
18:37:57;1587;49,98;
18:38:00;1588;49,98;
18:38:03;1589;49,98;
18:38:09;1597;49,98;
18:38:12;1599;49,98;
18:38:15;1606;49,98;
18:38:21;1602;49,98;
18:38:24;1608;49,98;
18:38:27;1603;49,98;
18:38:30;1611;49,97;
18:38:33;1602;49,96;
18:38:36;1613;49,96;
18:38:42;1611;49,96;
18:38:45;1597;49,96;
18:38:48;1615;49,96;
18:38:54;1619;49,96;
18:38:57;1624;49,96;
18:39:00;1630;49,96;
18:39:03;1633;49,96;
18:39:06;1638;49,96;
18:39:12;1625;49,97;
18:39:15;1638;49,97;
18:39:18;1639;49,97;
18:39:21;1626;49,97;
18:39:24;1633;49,96;
18:39:27;1625;49,96;
18:39:30;1626;49,96;
18:39:33;1619;49,96;
18:39:36;1622;49,96;
18:39:39;1630;49,96;
18:39:42;1626;49,95;
18:39:48;1625;49,95;
18:39:51;1624;49,95;
18:39:54;1623;49,95;
18:40:00;1619;49,96;
18:40:03;1618;49,96;
18:40:06;1617;49,96;
18:40:09;1615;49,96;
18:40:12;1613;49,96;
18:40:15;1612;49,96;
18:40:18;1606;49,96;
18:40:21;1609;49,96;
18:40:24;1607;49,95;
18:40:27;1605;49,95;
18:40:30;1602;49,95;
18:40:33;1603;49,95;
18:40:36;1598;49,96;
18:40:42;1591;49,96;
18:40:45;1593;49,96;
18:40:48;1590;49,97;
18:40:51;1588;49,97;
18:40:54;1585;49,97;
18:41:00;1584;49,97;
18:41:06;1578;49,97;
18:41:09;1576;49,97;
18:41:12;1573;49,97;
18:41:15;1572;49,97;
18:41:18;1570;49,96;
18:41:21;1566;49,97;
18:41:24;1563;49,97;
18:41:27;1556;49,97;
18:41:33;1555;49,96;
18:41:36;1546;49,96;
18:41:39;1551;49,96;
18:41:42;1544;49,96;
18:41:45;1545;49,96;
18:41:48;1544;49,96;
18:41:51;1540;49,96;
18:41:54;1529;49,96;
18:41:57;1535;49,96;
18:42:00;1529;49,96;
18:42:03;1530;49,96;
18:42:06;1518;49,96;
18:42:12;1519;49,96;
18:42:15;1518;49,95;
18:42:18;1509;49,95;
18:42:21;1514;49,95;
18:42:24;1509;49,95;
18:42:27;1510;49,96;
18:42:30;1508;49,96;
18:42:33;1495;49,96;
18:42:36;1496;49,96;
18:42:39;1497;49,96;
18:42:42;1487;49,96;
18:42:45;1491;49,96;
18:42:48;1484;49,96;
18:42:51;1487;49,96;
18:42:54;1485;49,96;
18:42:57;1481;49,97;
18:43:00;1475;49,97;
18:43:06;1466;49,96;
18:43:09;1471;49,96;
18:43:12;1460;49,96;
18:43:18;1465;49,96;
18:43:21;1456;49,95;
18:43:24;1459;49,95;
18:43:27;1456;49,96;
18:43:30;1454;49,96;
18:43:33;1445;49,96;
18:43:36;1449;49,96;
18:43:39;1441;49,96;
18:43:42;1439;49,96;
18:43:45;1432;49,96;
18:43:48;1435;49,96;
18:43:51;1432;49,97;
18:43:54;1431;49,96;
18:43:57;1425;49,96;
18:44:03;1418;49,96;
18:44:06;1420;49,96;
18:44:09;1414;49,96;
18:44:12;1416;49,96;
18:44:15;1407;49,96;
18:44:18;1410;49,96;
18:44:21;1408;49,96;
18:44:24;1403;49,97;
18:44:27;1396;49,96;
18:44:30;1398;49,96;
18:44:33;1392;49,97;
18:44:39;1387;49,97;
18:44:42;1385;49,98;
18:44:45;1383;49,98;
18:44:48;1379;49,98;
18:44:51;1371;49,98;
18:44:54;1374;49,97;
18:44:57;1369;49,97;
18:45:00;1368;49,97;
18:45:03;1357;49,97;
18:45:09;1356;49,98;
18:45:12;1355;49,98;
18:45:15;1345;49,98;
18:45:18;1349;49,97;
18:45:21;1344;49,97;
18:45:24;1345;49,96;
18:45:27;1343;49,96;
18:45:30;1334;49,96;
18:45:33;1332;49,97;
18:45:36;1334;49,97;
18:45:39;1324;49,97;
18:45:42;1326;49,97;
18:45:45;1322;49,97;
18:45:51;1321;49,98;
18:45:54;1317;49,98;
18:45:57;1312;49,98;
18:46:00;1314;49,99;
18:46:03;1303;49,99;
18:46:06;1307;49,99;
18:46:09;1305;49,99;
18:46:15;1293;49,98;
18:46:18;1299;49,99;
18:46:21;1300;49,98;
18:46:24;1290;49,98;
18:46:27;1284;49,98;
18:46:30;1287;49,98;
18:46:33;1289;49,98;
18:46:36;1292;49,98;
18:46:39;1279;49,99;
18:46:42;1283;49,99;
18:46:45;1287;49,99;
18:46:48;1276;49,99;
18:46:51;1282;49,99;
18:46:54;1272;49,99;
18:46:57;1278;49,99;
18:47:00;1276;49,99;
18:47:06;1249;49,99;
18:47:09;1262;49,99;
18:47:12;1261;49,99;
18:47:15;1273;49,99;
18:47:24;1268;49,98;
18:47:27;1271;49,97;
18:47:30;1263;49,96;
18:47:33;1271;49,96;
18:47:36;1266;49,96;
18:47:39;1270;49,96;
18:47:42;1256;49,96;
18:47:45;1267;49,98;
18:47:48;1263;49,98;
18:47:51;1265;49,98;
18:47:54;1258;49,98;
18:47:57;1263;49,98;
18:48:00;1260;49,98;
18:48:06;1253;49,98;
18:48:09;1259;49,98;
18:48:12;1256;49,98;
18:48:18;1253;49,98;
18:48:21;1256;49,98;
18:48:24;1257;49,97;
18:48:27;1250;49,98;
18:48:30;1256;49,98;
18:48:33;1248;49,98;
18:48:36;1247;49,98;
18:48:39;1252;49,98;
18:48:42;1242;49,98;
18:48:45;1244;49,98;
18:48:48;1245;49,99;
18:48:51;1240;49,99;
18:48:54;1247;50,00;
18:48:57;1240;49,99;
18:49:00;1245;49,99;
18:49:03;1239;50,00;
18:49:06;1242;49,99;
18:49:12;1241;50,00;
18:49:15;1235;50,00;
18:49:18;1238;50,00;
18:49:21;1234;50,00;
18:49:24;1235;49,99;
18:49:27;1227;49,99;
18:49:30;1235;49,99;
18:49:33;1232;49,99;
18:49:36;1219;49,99;
18:49:39;1225;49,98;
18:49:42;1213;49,98;
18:49:45;1212;49,97;
18:49:48;1221;49,97;
18:49:51;1211;49,97;
18:49:54;1216;49,98;
18:49:57;1209;49,98;
18:50:00;1214;50,00;
18:50:03;1211;50,00;
18:50:06;1210;50,00;
18:50:09;1205;50,00;
18:50:12;1209;50,00;
18:50:18;1208;50,00;
18:50:21;1204;50,00;
18:50:24;1206;50,00;
18:50:27;1203;50,00;
18:50:30;1199;49,99;
18:50:33;1196;49,99;
18:50:36;1198;49,99;
18:50:39;1194;49,98;
18:50:42;1192;49,98;
18:50:45;1187;49,98;
18:50:48;1191;49,98;
18:50:51;1184;49,98;
18:50:54;1189;49,99;
18:50:57;1182;49,99;
18:51:00;1186;49,98;
18:51:03;1176;49,99;
18:51:06;1180;49,99;
18:51:09;1172;49,99;
18:51:12;1175;49,99;
18:51:15;1172;49,99;
18:51:18;1174;49,99;
18:51:24;1173;49,98;
18:51:27;1161;49,98;
18:51:30;1165;49,97;
18:51:36;1160;49,97;
18:51:39;1157;49,96;
18:51:42;1166;49,97;
18:51:45;1165;49,97;
18:51:48;1162;49,96;
18:51:51;1157;49,96;
18:51:57;1156;49,97;
18:52:00;1153;49,97;
18:52:03;1153;49,98;
18:52:06;1147;49,98;
18:52:09;1151;49,98;
18:52:12;1149;49,98;
18:52:15;1148;49,98;
18:52:18;1147;49,98;
18:52:21;1146;49,98;
18:52:24;1143;49,98;
18:52:27;1145;49,98;
18:52:30;1143;49,98;
18:52:33;1141;49,98;
18:52:36;1137;49,98;
18:52:42;1133;49,99;
18:52:45;1131;49,99;
18:52:48;1124;49,98;
18:52:51;1131;49,98;
18:52:54;1129;49,98;
18:52:57;1131;49,98;
18:53:00;1130;49,98;
18:53:03;1129;49,98;
18:53:06;1124;49,98;
18:53:09;1127;49,98;
18:53:15;1125;49,98;
18:53:18;1120;49,99;
18:53:21;1125;49,99;
18:53:24;1123;49,99;
18:53:27;1123;49,98;
18:53:30;1113;49,98;
18:53:33;1125;49,98;
18:53:36;1114;49,98;
18:53:39;1120;49,97;
18:53:42;1122;49,97;
18:53:45;1124;49,96;
18:53:48;1123;49,96;
18:53:51;1121;49,96;
18:53:54;1116;49,97;
18:53:57;1118;49,97;
18:54:00;1119;49,97;
18:54:03;1119;49,96;
18:54:06;1115;49,96;
18:54:09;1118;49,96;
18:54:12;1115;49,96;
18:54:15;1119;49,96;
18:54:24;1116;49,97;
18:54:27;1120;49,96;
18:54:30;1110;49,96;
18:54:33;1113;49,96;
18:54:36;1108;49,96;
18:54:39;1112;49,96;
18:54:42;1116;49,96;
18:54:45;1119;49,97;
18:54:48;1110;49,97;
18:54:51;1119;49,97;
18:54:54;1121;49,96;
18:54:57;1121;49,97;
18:55:00;1122;49,96;
18:55:03;1115;49,96;
18:55:06;1121;49,96;
18:55:09;1122;49,96;
18:55:12;1124;49,97;
18:55:15;1123;49,98;
18:55:18;1125;49,98;
18:55:27;1127;49,97;
18:55:30;1126;49,96;
18:55:33;1129;49,97;
18:55:36;1131;49,97;
18:55:39;1130;49,97;
18:55:42;1131;49,97;
18:55:45;1130;49,97;
18:55:48;1134;49,97;
18:55:51;1133;49,97;
18:55:54;1134;49,96;
18:55:57;1135;49,97;
18:56:00;1136;49,97;
18:56:03;1137;49,97;
18:56:06;1136;49,98;
18:56:12;1138;49,99;
18:56:15;1140;50,00;
18:56:18;1140;49,99;
18:56:21;1141;49,99;
18:56:24;1142;49,98;
18:56:33;1138;49,98;
18:56:36;1143;49,98;
18:56:39;1136;49,98;
18:56:42;1142;49,98;
18:56:45;1142;49,97;
18:56:48;1148;49,97;
18:56:51;1140;49,97;
18:56:54;1147;49,97;
18:56:57;1150;49,97;
18:57:00;1149;49,96;
18:57:03;1147;49,96;
18:57:06;1149;49,97;
18:57:09;1151;49,97;
18:57:12;1150;49,98;
18:57:21;1152;49,98;
18:57:27;1153;49,98;
18:57:30;1152;49,98;
18:57:33;1154;49,98;
18:57:36;1151;49,98;
18:57:39;1154;49,97;
18:57:42;1145;49,96;
18:57:45;1152;49,96;
18:57:48;1155;49,96;
18:57:51;1156;49,97;
18:57:54;1155;49,98;
18:58:00;1153;49,98;
18:58:03;1157;49,99;
18:58:06;1155;49,99;
18:58:09;1155;49,98;
18:58:12;1157;49,99;
18:58:15;1158;49,99;
18:58:18;1155;49,99;
18:58:24;1160;49,99;
18:58:27;1158;49,99;
18:58:30;1159;49,99;
18:58:36;1156;49,99;
18:58:39;1160;49,99;
18:58:42;1153;49,99;
18:58:45;1162;49,99;
18:58:48;1155;49,99;
18:58:51;1161;49,99;
18:58:54;1158;49,99;
18:58:57;1161;49,98;
18:59:00;1161;49,99;
18:59:06;1157;49,99;
18:59:09;1161;49,99;
18:59:18;1162;49,99;
18:59:21;1163;49,99;
18:59:24;1164;49,99;
18:59:30;1162;50,00;
18:59:33;1163;50,00;
18:59:36;1162;50,00;
18:59:39;1168;50,00;
18:59:42;1167;50,00;
18:59:45;1168;50,00;
18:59:51;1164;50,00;
18:59:54;1174;50,01;
18:59:57;1165;50,01;
19:00:00;1160;50,01;
19:00:03;1165;50,01;
19:00:06;1160;50,00;
19:00:09;1165;50,00;
19:00:12;1166;50,00;
19:00:15;1163;49,99;
19:00:18;1159;50,00;
19:00:21;1165;49,99;
19:00:24;1162;50,00;
19:00:27;1165;50,00;
19:00:30;1158;50,00;
19:00:36;1162;50,01;
19:00:39;1166;50,01;
19:00:42;1159;50,01;
19:00:45;1163;50,02;
19:00:51;1163;50,03;
19:00:54;1162;50,03;
19:00:57;1156;50,03;
19:01:00;1160;50,03;
19:01:03;1162;50,03;
19:01:06;1156;50,03;
19:01:09;1160;50,03;
19:01:12;1158;50,03;
19:01:15;1161;50,03;
19:01:18;1160;50,03;
19:01:21;1159;50,03;
19:01:24;1155;50,03;
19:01:27;1157;50,03;
19:01:30;1149;50,03;
19:01:33;1156;50,03;
19:01:36;1153;50,03;
19:01:39;1157;50,03;
19:01:42;1151;50,02;
19:01:45;1152;50,01;
19:01:48;1152;50,02;
19:01:51;1146;50,02;
19:01:54;1149;50,02;
19:01:57;1148;50,02;
19:02:00;1146;50,02;
19:02:03;1149;50,02;
19:02:06;1145;50,02;
19:02:09;1137;50,02;
19:02:12;1142;50,02;
19:02:15;1138;50,02;
19:02:18;1140;50,02;
19:02:21;1131;50,02;
19:02:27;1133;50,01;
19:02:30;1134;50,01;
19:02:33;1126;50,01;
19:02:36;1128;50,01;
19:02:39;1127;50,01;
19:02:42;1128;50,01;
19:02:45;1125;50,01;
19:02:48;1118;50,01;
19:02:51;1119;50,02;
19:02:54;1120;50,02;
19:02:57;1111;50,02;
19:03:00;1114;50,02;
19:03:03;1107;50,02;
19:03:06;1116;50,01;
19:03:09;1111;50,02;
19:03:12;1104;50,02;
19:03:15;1101;50,02;
19:03:18;1103;50,02;
19:03:21;1089;50,02;
19:03:24;1096;50,02;
19:03:27;1093;50,02;
19:03:33;1089;50,02;
19:03:36;1088;50,02;
19:03:39;1082;50,02;
19:03:42;1083;50,02;
19:03:45;1072;50,02;
19:03:48;1076;50,01;
19:03:51;1073;50,02;
19:03:54;1074;50,02;
19:03:57;1070;50,03;
19:04:00;1068;50,03;
19:04:03;1059;50,03;
19:04:06;1062;50,03;
19:04:09;1052;50,02;
19:04:12;1058;50,03;
19:04:15;1056;50,03;
19:04:18;1052;50,03;
19:04:21;1045;50,02;
19:04:24;1046;50,02;
19:04:27;1038;50,03;
19:04:30;1039;50,02;
19:04:33;1027;50,02;
19:04:39;1026;50,02;
19:04:42;1035;50,02;
19:04:45;1026;50,02;
19:04:48;1022;50,02;
19:04:51;1016;50,01;
19:04:54;1022;50,01;
19:04:57;1019;50,01;
19:05:00;1021;50,01;
19:05:03;1009;50,01;
19:05:09;1010;50,01;
19:05:12;1006;50,01;
19:05:15;1004;50,01;
19:05:18;996;50,01;
19:05:21;1001;50,01;
19:05:24;998;50,01;
19:05:27;997;50,01;
19:05:30;989;50,00;
19:05:33;993;50,00;
19:05:36;987;50,00;
19:05:39;989;50,01;
19:05:45;984;50,01;
19:05:48;982;50,01;
19:05:51;981;50,02;
19:05:54;976;50,02;
19:05:57;980;50,02;
19:06:00;977;50,02;
19:06:03;980;50,02;
19:06:06;977;50,02;
19:06:09;975;50,02;
19:06:12;972;50,02;
19:06:15;975;50,01;
19:06:18;967;50,01;
19:06:21;969;50,01;
19:06:24;968;50,01;
19:06:30;963;50,01;
19:06:33;967;50,01;
19:06:36;966;50,00;
19:06:39;967;50,01;
19:06:42;958;50,01;
19:06:45;966;50,01;
19:06:48;965;50,01;
19:06:51;969;50,01;
19:06:54;961;50,01;
19:06:57;966;50,01;
19:07:00;961;50,01;
19:07:03;965;50,01;
19:07:06;960;50,01;
19:07:09;965;50,01;
19:07:12;966;50,01;
19:07:15;965;50,01;
19:07:18;962;50,01;
19:07:21;966;50,00;
19:07:24;962;50,01;
19:07:27;966;50,01;
19:07:30;962;50,01;
19:07:36;964;50,01;
19:07:39;965;50,01;
19:07:42;957;50,01;
19:07:45;970;50,01;
19:07:48;968;50,01;
19:07:51;963;50,01;
19:07:54;968;50,01;
19:07:57;963;50,01;
19:08:00;970;50,00;
19:08:03;964;50,01;
19:08:06;969;50,01;
19:08:09;971;50,01;
19:08:12;973;50,01;
19:08:15;972;50,01;
19:08:18;974;50,01;
19:08:21;972;50,01;
19:08:24;974;50,01;
19:08:27;969;50,01;
19:08:30;976;50,01;
19:08:33;978;50,01;
19:08:36;981;50,00;
19:08:42;983;50,00;
19:08:45;981;50,00;
19:08:48;983;50,00;
19:08:51;978;50,00;
19:08:54;984;50,00;
19:08:57;986;50,00;
19:09:00;988;50,00;
19:09:03;989;50,00;
19:09:06;992;50,00;
19:09:09;987;50,00;
19:09:12;993;50,00;
19:09:15;985;50,00;
19:09:18;994;50,01;
19:09:21;992;50,01;
19:09:24;994;50,01;
19:09:27;991;50,01;
19:09:30;983;50,01;
19:09:33;983;50,00;
19:09:36;996;50,00;
19:09:42;1005;50,00;
19:09:48;1006;49,99;
19:09:51;999;49,99;
19:09:54;1008;49,99;
19:09:57;1009;50,00;
19:10:00;1013;50,00;
19:10:03;1006;50,00;
19:10:06;1010;50,00;
19:10:09;1014;50,00;
19:10:12;1016;50,01;
19:10:15;1018;50,01;
19:10:21;1022;50,01;
19:10:24;1021;50,00;
19:10:30;1017;49,99;
19:10:33;1022;49,99;
19:10:36;1023;49,99;
19:10:39;1026;49,99;
19:10:42;1022;49,99;
19:10:45;1026;49,99;
19:10:48;1028;50,00;
19:10:54;1031;50,00;
19:11:00;1030;49,99;
19:11:03;1032;49,99;
19:11:06;1031;49,99;
19:11:09;1036;49,98;
19:11:12;1030;49,98;
19:11:15;1032;49,98;
19:11:18;1028;49,98;
19:11:21;1035;49,99;
19:11:24;1034;49,98;
19:11:27;1034;49,99;
19:11:30;1030;49,99;
19:11:33;1036;50,00;
19:11:39;1034;50,00;
19:11:42;1031;49,99;
19:11:45;1035;49,98;
19:11:48;1035;49,99;
19:11:51;1034;49,98;
19:11:54;1032;49,98;
19:12:03;1031;49,99;
19:12:06;1027;49,99;
19:12:09;1030;50,00;
19:12:12;1027;50,00;
19:12:15;1029;50,00;
19:12:18;1024;50,01;
19:12:21;1026;50,00;
19:12:24;1021;50,00;
19:12:27;1022;49,99;
19:12:30;1016;49,99;
19:12:33;1019;49,98;
19:12:36;1015;49,98;
19:12:39;1017;49,98;
19:12:45;1010;49,97;
19:12:48;1008;49,97;
19:12:54;997;49,97;
19:12:57;1001;49,97;
19:13:00;1006;49,97;
19:13:03;1000;49,97;
19:13:06;1007;49,97;
19:13:09;1001;49,97;
19:13:12;995;49,97;
19:13:15;990;49,97;
19:13:18;993;49,97;
19:13:21;992;49,97;
19:13:24;988;49,97;
19:13:27;986;49,97;
19:13:33;982;49,97;
19:13:36;983;49,97;
19:13:39;978;49,97;
19:13:45;973;49,97;
19:13:51;971;49,96;
19:13:54;970;49,96;
19:13:57;971;49,97;
19:14:00;969;49,97;
19:14:03;964;49,97;
19:14:09;960;49,97;
19:14:12;963;49,97;
19:14:15;957;49,97;
19:14:18;956;49,96;
19:14:21;954;49,96;
19:14:24;953;49,96;
19:14:27;949;49,96;
19:14:30;950;49,96;
19:14:33;947;49,97;
19:14:36;948;49,97;
19:14:39;945;49,98;
19:14:45;942;49,98;
19:14:51;937;49,98;
19:14:57;934;49,98;
19:15:00;936;49,98;
19:15:03;930;49,98;
19:15:06;936;49,98;
19:15:09;938;49,98;
19:15:12;933;49,98;
19:15:15;928;49,97;
19:15:18;932;49,97;
19:15:21;931;49,97;
19:15:24;929;49,96;
19:15:27;931;49,96;
19:15:30;926;49,96;
19:15:33;925;49,96;
19:15:36;928;49,96;
19:15:42;925;49,97;
19:15:45;927;49,96;
19:15:48;927;49,97;
19:15:51;925;49,97;
19:15:54;924;49,97;
19:15:57;923;49,97;
19:16:00;920;49,97;
19:16:03;926;49,97;
19:16:06;923;49,97;
19:16:09;926;49,97;
19:16:12;923;49,98;
19:16:15;920;49,98;
19:16:18;925;49,98;
19:16:24;923;49,97;
19:16:27;925;49,97;
19:16:30;926;49,97;
19:16:33;925;49,97;
19:16:36;924;49,97;
19:16:39;924;49,98;
19:16:42;926;49,98;
19:16:48;925;49,97;
19:16:51;928;49,97;
19:16:54;928;49,96;
19:17:03;927;49,96;
19:17:06;923;49,97;
19:17:09;926;49,97;
19:17:12;928;49,97;
19:17:15;916;49,97;
19:17:21;919;49,97;
19:17:24;931;49,97;
19:17:27;930;49,98;
19:17:30;928;49,97;
19:17:33;931;49,98;
19:17:36;932;49,98;
19:17:39;933;49,97;
19:17:42;934;49,98;
19:17:45;933;49,98;
19:17:48;935;49,99;
19:17:54;933;49,99;
19:17:57;934;49,99;
19:18:00;932;49,99;
19:18:03;936;49,99;
19:18:06;938;49,98;
19:18:12;940;49,98;
19:18:15;935;49,99;
19:18:18;941;50,00;
19:18:21;940;50,00;
19:18:24;939;50,00;
19:18:27;943;50,00;
19:18:30;939;49,98;
19:18:33;941;49,98;
19:18:36;938;49,98;
19:18:39;942;49,97;
19:18:42;941;49,97;
19:18:45;944;49,97;
19:18:48;941;49,97;
19:18:51;945;49,97;
19:18:54;941;49,97;
19:19:00;942;49,97;
19:19:03;945;49,97;
19:19:06;942;49,96;
19:19:09;945;49,96;
19:19:12;942;49,96;
19:19:15;945;49,96;
19:19:21;941;49,96;
19:19:24;939;49,96;
19:19:27;944;49,96;
19:19:30;940;49,96;
19:19:33;941;49,97;
19:19:36;943;49,97;
19:19:39;942;49,97;
19:19:45;940;49,96;
19:19:48;941;49,96;
19:19:51;939;49,97;
19:19:57;943;49,97;
19:20:00;938;49,98;
19:20:03;939;49,98;
19:20:06;932;49,98;
19:20:09;937;49,99;
19:20:12;935;49,99;
19:20:15;928;49,99;
19:20:18;933;49,99;
19:20:24;931;49,98;
19:20:27;930;49,98;
19:20:30;928;49,98;
19:20:33;924;49,98;
19:20:36;927;49,98;
19:20:39;923;49,98;
19:20:42;924;49,97;
19:20:45;922;49,97;
19:20:51;912;49,98;
19:20:54;919;49,98;
19:20:57;912;49,98;
19:21:00;916;49,98;
19:21:03;911;49,99;
19:21:06;915;49,99;
19:21:09;908;49,99;
19:21:12;913;49,99;
19:21:15;905;49,99;
19:21:18;910;49,99;
19:21:21;909;49,99;
19:21:24;908;49,98;
19:21:27;887;49,98;
19:21:30;893;49,98;
19:21:33;896;49,98;
19:21:36;904;49,97;
19:21:39;900;49,98;
19:21:42;902;49,98;
19:21:45;896;49,98;
19:21:48;897;49,98;
19:21:51;894;49,98;
19:21:57;888;49,98;
19:22:00;890;49,98;
19:22:03;882;49,98;
19:22:06;863;49,98;
19:22:09;870;49,97;
19:22:12;872;49,97;
19:22:15;874;49,98;
19:22:18;878;49,98;
19:22:21;876;49,97;
19:22:24;878;49,97;
19:22:27;873;49,97;
19:22:30;875;49,97;
19:22:33;870;49,96;
19:22:39;872;49,96;
19:22:42;868;49,96;
19:22:45;860;49,96;
19:22:48;862;49,96;
19:22:51;862;49,97;
19:22:54;861;49,98;
19:22:57;854;49,98;
19:23:03;859;49,97;
19:23:06;850;49,97;
19:23:09;848;49,97;
19:23:12;853;49,97;
19:23:15;853;49,96;
19:23:18;844;49,97;
19:23:21;848;49,97;
19:23:24;843;49,98;
19:23:27;848;49,98;
19:23:30;845;49,98;
19:23:33;842;49,98;
19:23:36;835;49,98;
19:23:39;839;49,98;
19:23:42;836;49,98;
19:23:45;837;49,98;
19:23:48;830;49,98;
19:23:51;835;49,98;
19:23:57;833;49,98;
19:24:00;827;49,98;
19:24:03;832;49,97;
19:24:09;829;49,97;
19:24:12;823;49,97;
19:24:15;829;49,97;
19:24:18;826;49,98;
19:24:21;825;49,97;
19:24:24;821;49,97;
19:24:27;823;49,97;
19:24:30;826;49,97;
19:24:33;823;49,97;
19:24:36;818;49,96;
19:24:39;822;49,96;
19:24:42;823;49,96;
19:24:48;818;49,95;
19:24:54;821;49,95;
19:24:57;820;49,96;
19:25:00;810;49,96;
19:25:03;819;49,96;
19:25:06;821;49,97;
19:25:09;816;49,98;
19:25:12;820;49,98;
19:25:15;814;49,98;
19:25:18;823;49,97;
19:25:21;816;49,97;
19:25:24;817;49,97;
19:25:27;816;49,96;
19:25:30;822;49,96;
19:25:36;823;49,96;
19:25:39;817;49,96;
19:25:42;824;49,96;
19:25:45;825;49,97;
19:25:48;820;49,98;
19:25:51;823;49,98;
19:25:54;824;49,98;
19:26:00;815;49,98;
19:26:03;827;49,98;
19:26:06;831;49,98;
19:26:09;824;49,97;
19:26:12;821;49,97;
19:26:15;827;49,97;
19:26:18;829;49,97;
19:26:21;832;49,97;
19:26:24;828;49,98;
19:26:27;830;49,98;
19:26:30;832;49,97;
19:26:33;833;49,98;
19:26:36;836;49,98;
19:26:39;833;49,98;
19:26:42;836;49,98;
19:26:45;835;49,98;
19:26:48;839;49,98;
19:26:51;834;49,98;
19:26:54;841;49,98;
19:26:57;843;49,98;
19:27:00;850;49,98;
19:27:06;857;49,98;
19:27:09;855;49,97;
19:27:12;857;49,97;
19:27:15;853;49,96;
19:27:18;856;49,96;
19:27:21;854;49,96;
19:27:27;857;49,96;
19:27:30;859;49,96;
19:27:36;864;49,96;
19:27:42;866;49,97;
19:27:45;863;49,97;
19:27:48;864;49,98;
19:27:51;863;49,98;
19:27:54;862;49,98;
19:27:57;860;49,98;
19:28:03;850;49,98;
19:28:06;858;49,98;
19:28:12;857;49,98;
19:28:15;851;49,98;
19:28:18;857;49,99;
19:28:21;858;49,99;
19:28:24;856;49,99;
19:28:27;850;49,99;
19:28:30;854;50,00;
19:28:33;855;50,00;
19:28:36;856;50,00;
19:28:39;857;50,00;
19:28:42;849;49,99;
19:28:45;854;49,98;
19:28:48;851;49,98;
19:28:51;852;49,98;
19:28:57;851;49,99;
19:29:00;848;50,00;
19:29:03;849;50,00;
19:29:06;842;50,00;
19:29:09;848;50,00;
19:29:12;845;50,00;
19:29:18;844;50,00;
19:29:21;842;49,99;
19:29:24;837;49,99;
19:29:30;833;49,99;
19:29:33;836;49,99;
19:29:36;833;49,99;
19:29:39;834;50,00;
19:29:42;827;50,00;
19:29:45;830;50,00;
19:29:48;828;50,00;
19:29:51;824;50,00;
19:29:54;819;50,00;
19:29:57;822;49,99;
19:30:03;815;49,99;
19:30:06;807;49,99;
19:30:09;815;49,99;
19:30:12;817;50,00;
19:30:15;813;50,00;
19:30:18;808;50,01;
19:30:27;805;50,00;
19:30:30;799;50,00;
19:30:33;791;50,00;
19:30:36;796;50,00;
19:30:42;790;49,99;
19:30:45;791;50,00;
19:30:48;789;50,00;
19:30:51;788;50,00;
19:30:54;780;50,00;
19:30:57;784;50,00;
19:31:00;784;49,99;
19:31:03;781;49,99;
19:31:09;778;50,00;
19:31:12;780;50,00;
19:31:15;773;50,01;
19:31:18;767;50,01;
19:31:21;772;50,00;
19:31:27;766;50,00;
19:31:30;770;50,00;
19:31:33;767;49,99;
19:31:39;765;49,99;
19:31:42;763;49,99;
19:31:45;762;49,99;
19:31:48;761;50,00;
19:31:51;760;50,00;
19:31:54;759;50,00;
19:32:00;758;50,00;
19:32:06;755;50,00;
19:32:09;754;50,00;
19:32:18;755;50,00;
19:32:21;753;50,00;
19:32:24;752;50,00;
19:32:27;751;50,00;
19:32:30;753;50,00;
19:32:33;744;50,00;
19:32:36;748;50,00;
19:32:39;749;50,00;
19:32:42;746;50,00;
19:32:45;748;50,00;
19:32:48;748;50,01;
19:32:51;745;50,00;
19:32:54;747;50,00;
19:32:57;741;50,00;
19:33:00;748;50,00;
19:33:03;746;50,00;
19:33:09;739;50,00;
19:33:12;744;50,00;
19:33:15;740;50,01;
19:33:18;746;50,00;
19:33:21;744;50,00;
19:33:24;743;50,00;
19:33:27;738;50,00;
19:33:30;740;50,00;
19:33:33;742;50,00;
19:33:36;739;50,00;
19:33:42;739;49,99;
19:33:45;739;49,98;
19:33:48;737;49,98;
19:33:51;738;49,98;
19:33:54;736;49,98;
19:33:57;733;49,99;
19:34:00;733;50,00;
19:34:06;733;50,01;
19:34:09;736;50,00;
19:34:12;733;50,00;
19:34:15;734;50,00;
19:34:18;733;50,00;
19:34:21;735;50,00;
19:34:24;731;50,00;
19:34:27;733;50,00;
19:34:30;732;49,99;
19:34:33;731;50,00;
19:34:36;730;49,99;
19:34:39;733;49,99;
19:34:42;730;49,98;
19:34:45;729;49,98;
19:34:48;720;49,98;
19:34:51;726;49,98;
19:34:54;727;49,99;
19:34:57;728;49,99;
19:35:06;726;49,99;
19:35:12;724;49,98;
19:35:15;723;49,98;
19:35:21;725;49,98;
19:35:24;726;49,98;
19:35:30;724;49,98;
19:35:33;722;49,98;
19:35:36;723;49,98;
19:35:39;720;49,97;
19:35:42;722;49,98;
19:35:45;724;49,98;
19:35:48;723;49,98;
19:35:51;722;49,98;
19:35:54;720;49,98;
19:35:57;723;49,98;
19:36:00;721;49,98;
19:36:03;722;49,98;
19:36:06;721;49,98;
19:36:09;720;49,98;
19:36:12;721;49,98;
19:36:18;715;49,98;
19:36:21;722;49,97;
19:36:24;716;49,97;
19:36:27;720;49,97;
19:36:30;723;49,97;
19:36:33;716;49,97;
19:36:39;715;49,97;
19:36:42;721;49,98;
19:36:45;723;49,98;
19:36:48;718;49,98;
19:36:51;720;49,98;
19:36:54;722;49,98;
19:36:57;723;49,98;
19:37:00;722;49,97;
19:37:03;721;49,97;
19:37:09;720;49,97;
19:37:12;713;49,97;
19:37:15;721;49,97;
19:37:24;714;49,98;
19:37:27;721;49,98;
19:37:30;722;49,98;
19:37:33;719;49,98;
19:37:36;712;49,98;
19:37:39;720;49,98;
19:37:42;721;49,97;
19:37:45;720;49,97;
19:37:51;718;49,97;
19:37:54;721;49,97;
19:37:57;717;49,97;
19:38:03;718;49,97;
19:38:09;713;49,97;
19:38:12;717;49,97;
19:38:15;716;49,98;
19:38:21;713;49,97;
19:38:24;718;49,98;
19:38:27;719;49,97;
19:38:30;711;49,97;
19:38:33;718;49,97;
19:38:36;716;49,97;
19:38:39;710;49,98;
19:38:42;715;49,97;
19:38:45;713;49,98;
19:38:48;716;49,98;
19:38:51;714;49,98;
19:38:54;713;49,98;
19:38:57;715;49,98;
19:39:00;713;49,98;
19:39:03;709;49,98;
19:39:06;711;49,98;
19:39:15;703;49,99;
19:39:18;708;49,99;
19:39:21;708;50,00;
19:39:24;707;50,00;
19:39:27;701;49,99;
19:39:30;705;49,99;
19:39:33;704;49,99;
19:39:36;703;49,99;
19:39:39;697;50,00;
19:39:42;703;49,99;
19:39:45;705;49,99;
19:39:48;690;50,00;
19:39:51;687;50,00;
19:39:54;697;50,00;
19:39:57;702;50,00;
19:40:00;705;50,00;
19:40:03;701;50,00;
19:40:06;702;50,00;
19:40:09;699;49,99;
19:40:12;701;49,99;
19:40:15;696;50,00;
19:40:21;698;49,99;
19:40:27;696;49,99;
19:40:30;697;49,99;
19:40:33;697;49,98;
19:40:36;697;49,99;
19:40:42;694;49,98;
19:40:45;696;49,99;
19:40:48;697;49,98;
19:40:51;690;49,98;
19:40:54;692;49,98;
19:40:57;690;49,97;
19:41:00;694;49,97;
19:41:03;693;49,96;
19:41:06;695;49,97;
19:41:09;691;49,97;
19:41:12;694;49,98;
19:41:15;695;49,98;
19:41:18;689;49,98;
19:41:21;686;49,97;
19:41:27;694;49,97;
19:41:30;686;49,98;
19:41:36;690;49,98;
19:41:39;692;49,98;
19:41:42;686;49,98;
19:41:45;692;49,98;
19:41:48;689;49,98;
19:41:51;689;49,99;
19:41:57;688;49,98;
19:42:00;687;49,98;
19:42:06;681;49,98;
19:42:09;686;49,98;
19:42:12;691;49,98;
19:42:15;689;49,97;
19:42:24;687;49,98;
19:42:27;689;49,98;
19:42:30;691;49,97;
19:42:33;688;49,98;
19:42:36;690;49,98;
19:42:45;693;49,98;
19:42:48;690;49,99;
19:42:51;692;49,99;
19:42:54;693;50,00;
19:42:57;694;49,99;
19:43:00;689;49,99;
19:43:06;688;49,98;
19:43:09;691;49,98;
19:43:12;689;49,98;
19:43:18;691;49,98;
19:43:21;686;49,98;
19:43:24;685;49,97;
19:43:27;694;49,97;
19:43:30;692;49,97;
19:43:33;685;49,96;
19:43:36;691;49,96;
19:43:39;687;49,96;
19:43:42;695;49,97;
19:43:45;686;49,97;
19:43:48;691;49,96;
19:43:51;689;49,97;
19:43:54;692;49,97;
19:43:57;688;49,97;
19:44:00;689;49,97;
19:44:03;687;49,97;
19:44:06;689;49,97;
19:44:09;682;49,97;
19:44:12;688;49,97;
19:44:15;687;49,96;
19:44:18;688;49,96;
19:44:24;683;49,96;
19:44:27;689;49,96;
19:44:30;690;49,96;
19:44:33;684;49,97;
19:44:36;685;49,96;
19:44:39;690;49,96;
19:44:42;691;49,97;
19:44:45;690;49,96;
19:44:48;688;49,96;
19:44:51;686;49,96;
19:44:54;687;49,96;
19:44:57;679;49,96;
19:45:00;684;49,97;
19:45:06;683;49,97;
19:45:09;684;49,97;
19:45:12;685;49,97;
19:45:15;682;49,97;
19:45:21;681;49,97;
19:45:24;681;49,96;
19:45:30;679;49,96;
19:45:33;680;49,97;
19:45:36;678;49,97;
19:45:39;675;49,98;
19:45:42;676;49,98;
19:45:45;674;49,98;
19:45:48;675;49,98;
19:45:57;672;49,98;
19:46:00;676;49,98;
19:46:03;672;49,98;
19:46:06;674;49,98;
19:46:09;670;49,98;
19:46:12;673;49,99;
19:46:15;670;49,99;
19:46:18;674;49,99;
19:46:21;675;49,99;
19:46:24;674;49,98;
19:46:27;667;49,98;
19:46:30;674;49,97;
19:46:39;669;49,97;
19:46:42;667;49,98;
19:46:48;672;49,98;
19:46:51;671;49,98;
19:46:54;668;49,99;
19:46:57;672;49,99;
19:47:00;665;49,99;
19:47:03;670;50,00;
19:47:06;671;50,00;
19:47:09;669;49,99;
19:47:12;667;49,98;
19:47:15;664;49,98;
19:47:21;665;49,97;
19:47:24;665;49,98;
19:47:27;664;49,98;
19:47:30;662;49,98;
19:47:33;663;49,98;
19:47:36;660;49,98;
19:47:39;661;49,98;
19:47:42;662;49,98;
19:47:45;659;49,97;
19:47:48;658;49,98;
19:47:54;654;49,98;
19:47:57;658;49,99;
19:48:00;653;49,99;
19:48:03;655;50,00;
19:48:06;653;50,00;
19:48:12;640;50,00;
19:48:15;651;50,00;
19:48:18;646;50,00;
19:48:21;648;49,99;
19:48:27;647;49,99;
19:48:30;639;49,99;
19:48:33;645;49,99;
19:48:36;647;49,99;
19:48:39;620;49,99;
19:48:42;626;49,99;
19:48:45;622;49,98;
19:48:48;629;49,98;
19:48:51;637;49,98;
19:48:54;641;49,98;
19:48:57;639;49,98;
19:49:00;640;49,98;
19:49:03;639;49,99;
19:49:09;637;50,00;
19:49:12;635;49,99;
19:49:15;639;49,99;
19:49:18;632;49,98;
19:49:21;634;49,99;
19:49:33;634;50,00;
19:49:36;635;50,00;
19:49:39;631;49,99;
19:49:42;624;49,99;
19:49:45;628;49,99;
19:49:48;630;49,98;
19:49:51;622;49,98;
19:49:54;627;49,98;
19:49:57;625;49,98;
19:50:03;622;49,98;
19:50:06;621;49,98;
19:50:09;619;49,98;
19:50:12;616;49,98;
19:50:15;617;49,98;
19:50:18;618;49,99;
19:50:21;616;49,99;
19:50:24;617;50,00;
19:50:27;615;50,00;
19:50:30;614;50,00;
19:50:33;610;49,99;
19:50:39;607;49,99;
19:50:42;608;49,99;
19:50:45;605;49,98;
19:50:48;606;49,98;
19:50:51;604;49,98;
19:50:54;603;49,98;
19:50:57;600;49,99;
19:51:00;602;49,99;
19:51:03;601;50,00;
19:51:06;600;50,00;
19:51:09;599;50,00;
19:51:12;602;50,00;
19:51:15;600;50,00;
19:51:18;599;50,00;
19:51:21;598;50,00;
19:51:24;603;50,00;
19:51:27;595;50,01;
19:51:30;600;50,00;
19:51:33;596;50,00;
19:51:39;588;50,00;
19:51:42;594;50,00;
19:51:45;589;50,00;
19:51:48;591;50,00;
19:51:51;594;50,00;
19:51:54;592;50,00;
19:51:57;589;50,00;
19:52:00;588;50,00;
19:52:03;587;50,00;
19:52:12;586;50,00;
19:52:21;584;50,00;
19:52:24;582;49,99;
19:52:30;583;50,00;
19:52:33;579;49,99;
19:52:36;576;50,00;
19:52:39;577;49,99;
19:52:42;575;49,99;
19:52:45;577;49,99;
19:52:48;575;49,99;
19:52:51;576;49,99;
19:52:54;574;50,00;
19:52:57;573;50,00;
19:53:00;571;50,00;
19:53:03;570;50,00;
19:53:06;569;50,00;
19:53:09;566;50,00;
19:53:12;568;50,00;
19:53:18;567;50,00;
19:53:21;568;50,00;
19:53:24;563;49,99;
19:53:27;565;49,99;
19:53:30;564;49,99;
19:53:36;562;49,99;
19:53:39;562;50,00;
19:53:42;561;49,99;
19:53:48;558;49,98;
19:53:51;556;49,98;
19:53:54;558;49,98;
19:53:57;557;49,98;
19:54:00;554;49,98;
19:54:09;551;49,98;
19:54:12;554;49,98;
19:54:15;552;49,98;
19:54:18;550;49,98;
19:54:24;551;49,98;
19:54:27;547;49,98;
19:54:30;544;49,98;
19:54:33;550;49,98;
19:54:36;541;49,97;
19:54:42;542;49,97;
19:54:45;544;49,96;
19:54:48;543;49,97;
19:54:51;544;49,98;
19:54:54;540;49,98;
19:54:57;542;49,98;
19:55:00;541;49,98;
19:55:03;544;49,98;
19:55:06;539;49,98;
19:55:09;540;49,98;
19:55:12;539;49,98;
19:55:15;538;49,97;
19:55:18;535;49,97;
19:55:21;537;49,97;
19:55:24;538;49,97;
19:55:27;535;49,97;
19:55:30;533;49,98;
19:55:33;530;49,98;
19:55:36;528;49,98;
19:55:39;531;49,98;
19:55:42;532;49,98;
19:55:48;534;49,98;
19:55:51;532;49,98;
19:55:54;531;49,99;
19:55:57;527;49,99;
19:56:00;529;49,99;
19:56:03;530;49,98;
19:56:06;529;49,98;
19:56:09;526;49,98;
19:56:12;528;49,98;
19:56:15;526;49,98;
19:56:18;528;49,98;
19:56:21;527;49,98;
19:56:24;526;49,98;
19:56:27;525;49,98;
19:56:33;522;49,98;
19:56:36;521;49,98;
19:56:39;516;49,98;
19:56:42;520;49,98;
19:56:45;519;49,98;
19:56:51;522;49,98;
19:56:54;516;49,98;
19:56:57;514;49,98;
19:57:00;515;49,99;
19:57:03;517;49,99;
19:57:06;514;50,00;
19:57:09;511;50,00;
19:57:12;514;50,00;
19:57:15;511;49,99;
19:57:21;506;49,98;
19:57:24;510;49,98;
19:57:27;513;49,98;
19:57:30;510;49,98;
19:57:33;505;49,97;
19:57:39;509;49,97;
19:57:42;507;49,98;
19:57:45;502;49,98;
19:57:48;505;49,98;
19:57:51;503;49,97;
19:57:54;502;49,98;
19:58:00;499;49,97;
19:58:06;501;49,96;
19:58:09;498;49,96;
19:58:12;497;49,96;
19:58:15;500;49,96;
19:58:18;498;49,96;
19:58:27;497;49,96;
19:58:30;494;49,96;
19:58:33;499;49,96;
19:58:36;497;49,97;
19:58:39;492;49,97;
19:58:45;488;49,98;
19:58:48;490;49,98;
19:58:51;488;49,98;
19:58:54;489;49,98;
19:58:57;490;49,98;
19:59:00;488;49,98;
19:59:03;489;49,98;
19:59:06;485;49,98;
19:59:09;482;49,98;
19:59:12;487;49,98;
19:59:15;459;49,98;
19:59:18;464;49,98;
19:59:21;470;49,98;
19:59:24;476;49,98;
19:59:27;478;49,98;
19:59:30;477;49,99;
19:59:33;481;49,99;
19:59:36;476;49,99;
19:59:39;469;49,98;
19:59:42;479;49,98;
19:59:45;470;49,97;
19:59:51;475;49,97;
19:59:54;469;49,97;
19:59:57;474;49,97;
20:00:00;469;49,98;
20:00:06;465;49,98;
20:00:09;468;49,98;
20:00:12;467;49,98;
20:00:15;444;49,98;
20:00:18;445;49,98;
20:00:21;447;49,99;
20:00:24;451;49,99;
20:00:27;452;49,99;
20:00:30;456;49,98;
20:00:36;464;49,97;
20:00:39;458;49,97;
20:00:42;453;49,97;
20:00:45;455;49,98;
20:00:48;446;49,98;
20:00:51;448;49,98;
20:00:54;450;49,98;
20:01:00;451;49,97;
20:01:03;450;49,96;
20:01:06;444;49,96;
20:01:09;446;49,96;
20:01:12;446;49,97;
20:01:15;443;49,97;
20:01:21;441;49,97;
20:01:24;442;49,97;
20:01:27;438;49,97;
20:01:30;432;49,97;
20:01:33;437;49,96;
20:01:36;441;49,96;
20:01:42;426;49,96;
20:01:45;434;49,96;
20:01:48;435;49,96;
20:01:51;426;49,96;
20:01:54;422;49,96;
20:01:57;428;49,97;
20:02:00;427;49,97;
20:02:03;428;49,97;
20:02:06;426;49,97;
20:02:09;420;49,96;
20:02:12;421;49,96;
20:02:15;425;49,96;
20:02:18;423;49,96;
20:02:21;425;49,96;
20:02:24;422;49,96;
20:02:27;416;49,96;
20:02:30;416;49,97;
20:02:33;412;49,97;
20:02:36;415;49,97;
20:02:39;417;49,97;
20:02:42;412;49,96;
20:02:48;410;49,96;
20:02:51;413;49,96;
20:02:57;411;49,96;
20:03:03;406;49,96;
20:03:06;409;49,96;
20:03:09;405;49,97;
20:03:12;404;49,96;
20:03:15;405;49,96;
20:03:18;403;49,96;
20:03:21;405;49,96;
20:03:24;404;49,96;
20:03:27;399;49,96;
20:03:30;404;49,96;
20:03:33;394;49,95;
20:03:36;397;49,95;
20:03:39;401;49,96;
20:03:45;400;49,96;
20:03:54;398;49,96;
20:03:57;397;49,96;
20:04:00;396;49,96;
20:04:03;392;49,97;
20:04:06;392;49,96;
20:04:09;387;49,96;
20:04:12;390;49,96;
20:04:15;391;49,97;
20:04:18;391;49,98;
20:04:21;390;49,98;
20:04:24;391;49,97;
20:04:27;387;49,97;
20:04:30;391;49,97;
20:04:33;389;49,97;
20:04:36;390;49,97;
20:04:39;382;49,96;
20:04:42;390;49,96;
20:04:45;388;49,96;
20:04:48;391;49,97;
20:04:51;382;49,97;
20:04:54;390;49,97;
20:05:00;390;49,98;
20:05:03;384;49,98;
20:05:06;389;49,98;
20:05:09;386;49,97;
20:05:12;381;49,97;
20:05:15;385;49,96;
20:05:18;388;49,97;
20:05:21;382;49,97;
20:05:24;388;49,97;
20:05:27;387;49,97;
20:05:30;384;49,97;
20:05:33;388;49,97;
20:05:36;387;49,97;
20:05:39;386;49,98;
20:05:45;385;49,98;
20:05:48;387;49,98;
20:05:51;386;49,98;
20:05:54;382;49,98;
20:05:57;386;49,98;
20:06:00;382;49,99;
20:06:03;386;49,99;
20:06:06;385;49,99;
20:06:09;381;49,99;
20:06:12;376;49,99;
20:06:15;380;49,99;
20:06:18;382;49,98;
20:06:24;381;49,97;
20:06:27;382;49,97;
20:06:30;378;49,97;
20:06:33;380;49,97;
20:06:36;379;49,97;
20:06:39;379;49,98;
20:06:42;372;49,98;
20:06:45;381;49,98;
20:06:51;379;49,99;
20:06:54;373;49,99;
20:06:57;381;50,00;
20:07:00;382;50,00;
20:07:03;381;50,00;
20:07:06;376;50,00;
20:07:09;378;50,00;
20:07:12;380;50,00;
20:07:15;379;49,98;
20:07:18;379;49,99;
20:07:21;377;49,98;
20:07:24;376;49,98;
20:07:27;372;49,98;
20:07:30;373;49,99;
20:07:33;377;49,99;
20:07:36;377;49,98;
20:07:39;378;49,99;
20:07:42;378;49,98;
20:07:45;379;49,98;
20:07:48;376;49,98;
20:07:51;377;49,98;
20:07:57;378;49,98;
20:08:00;374;49,98;
20:08:03;350;49,98;
20:08:06;353;49,98;
20:08:09;363;49,98;
20:08:12;366;49,98;
20:08:15;372;49,98;
20:08:18;377;49,98;
20:08:21;376;49,98;
20:08:24;380;49,98;
20:08:27;381;49,98;
20:08:30;380;49,98;
20:08:33;378;49,97;
20:08:36;375;49,97;
20:08:39;372;49,97;
20:08:42;374;49,97;
20:08:45;376;49,97;
20:08:51;374;49,97;
20:08:54;373;49,97;
20:08:57;373;49,98;
20:09:03;378;49,98;
20:09:06;376;49,98;
20:09:15;375;49,97;
20:09:21;372;49,97;
20:09:24;373;49,97;
20:09:27;373;49,98;
20:09:33;370;49,98;
20:09:36;373;49,98;
20:09:42;372;49,98;
20:09:48;371;49,99;
20:09:51;372;49,99;
20:09:54;367;50,00;
20:09:57;362;50,00;
20:10:03;357;50,00;
20:10:06;363;50,00;
20:10:09;362;50,00;
20:10:12;359;49,99;
20:10:15;358;50,00;
20:10:18;359;50,00;
20:10:21;357;50,00;
20:10:24;356;49,99;
20:10:27;358;49,99;
20:10:30;360;49,99;
20:10:33;357;49,99;
20:10:36;358;50,00;
20:10:39;357;50,00;
20:10:42;355;50,00;
20:10:48;354;50,00;
20:10:54;354;49,99;
20:10:57;352;49,99;
20:11:03;349;49,99;
20:11:06;349;49,98;
20:11:12;346;49,98;
20:11:21;345;49,98;
20:11:24;343;49,98;
20:11:27;347;49,98;
20:11:30;345;49,99;
20:11:36;341;49,99;
20:11:39;342;49,99;
20:11:42;343;49,99;
20:11:45;342;49,99;
20:11:48;343;49,99;
20:11:51;342;49,99;
20:11:54;338;49,99;
20:12:03;341;50,00;
20:12:06;343;50,00;
20:12:09;337;50,00;
20:12:12;339;50,00;
20:12:15;337;50,00;
20:12:18;338;50,00;
20:12:21;339;49,99;
20:12:24;333;49,98;
20:12:27;337;49,98;
20:12:30;326;49,98;
20:12:33;331;49,98;
20:12:36;330;49,98;
20:12:39;329;49,98;
20:12:42;334;49,98;
20:12:48;331;49,99;
20:12:51;332;49,99;
20:12:54;335;50,00;
20:12:57;328;50,00;
20:13:00;333;50,00;
20:13:06;325;49,99;
20:13:09;330;49,99;
20:13:12;326;49,99;
20:13:15;330;49,99;
20:13:18;331;49,99;
20:13:21;328;49,98;
20:13:24;329;49,99;
20:13:27;325;49,99;
20:13:30;331;49,98;
20:13:33;328;49,98;
20:13:36;326;49,98;
20:13:39;330;49,99;
20:13:42;328;49,98;
20:13:48;329;49,98;
20:13:51;330;49,98;
20:13:54;324;49,99;
20:13:57;328;49,98;
20:14:00;326;49,98;
20:14:03;328;49,98;
20:14:06;327;49,98;
20:14:09;325;49,98;
20:14:12;327;49,98;
20:14:15;328;49,99;
20:14:18;327;49,99;
20:14:27;325;49,99;
20:14:30;325;49,98;
20:14:33;324;49,98;
20:14:39;322;49,98;
20:14:45;321;49,98;
20:14:48;322;49,98;
20:14:51;319;49,98;
20:14:57;324;49,98;
20:15:00;316;49,98;
20:15:03;319;49,99;
20:15:06;320;49,99;
20:15:09;316;49,99;
20:15:12;318;49,99;
20:15:15;315;49,99;
20:15:18;318;49,99;
20:15:21;319;49,99;
20:15:24;318;49,99;
20:15:27;314;49,99;
20:15:30;316;49,98;
20:15:33;318;49,98;
20:15:36;316;49,98;
20:15:39;315;49,98;
20:15:42;313;49,98;
20:15:45;316;49,98;
20:15:48;312;49,97;
20:15:54;313;49,98;
20:15:57;311;49,97;
20:16:03;310;49,97;
20:16:09;307;49,98;
20:16:12;309;49,98;
20:16:15;307;49,98;
20:16:27;300;49,98;
20:16:30;303;49,98;
20:16:36;302;49,98;
20:16:39;302;49,99;
20:16:42;303;49,99;
20:16:45;302;49,99;
20:16:48;301;50,00;
20:16:51;304;50,00;
20:16:54;297;50,00;
20:16:57;294;50,00;
20:17:00;300;50,00;
20:17:03;301;50,00;
20:17:09;292;49,99;
20:17:12;294;49,98;
20:17:15;284;49,98;
20:17:18;286;49,98;
20:17:21;292;49,98;
20:17:27;290;49,98;
20:17:30;293;49,98;
20:17:33;287;49,97;
20:17:42;288;49,96;
20:17:45;282;49,96;
20:17:48;285;49,97;
20:17:51;286;49,97;
20:17:54;285;49,97;
20:17:57;285;49,98;
20:18:00;283;49,98;
20:18:03;281;49,98;
20:18:06;283;49,98;
20:18:09;276;49,98;
20:18:15;282;49,98;
20:18:18;277;49,98;
20:18:21;278;49,98;
20:18:24;277;49,97;
20:18:27;278;49,97;
20:18:30;282;49,97;
20:18:33;279;49,98;
20:18:36;277;49,98;
20:18:45;275;49,98;
20:18:48;273;49,99;
20:18:51;275;49,99;
20:18:54;274;49,99;
20:19:00;270;49,99;
20:19:03;275;49,99;
20:19:06;273;49,98;
20:19:12;271;49,98;
20:19:15;273;49,98;
20:19:18;272;49,98;
20:19:21;271;49,98;
20:19:24;270;49,99;
20:19:27;271;49,98;
20:19:30;272;49,98;
20:19:33;269;49,98;
20:19:36;270;49,98;
20:19:39;269;49,98;
20:19:45;270;49,98;
20:19:48;268;49,98;
20:19:51;269;49,98;
20:19:54;274;49,99;
20:19:57;268;49,99;
20:20:00;268;50,00;
20:20:06;267;49,99;
20:20:09;272;49,99;
20:20:12;268;49,99;
20:20:21;271;49,99;
20:20:24;268;49,98;
20:20:27;270;49,98;
20:20:30;270;49,97;
20:20:33;267;49,97;
20:20:36;269;49,97;
20:20:39;266;49,97;
20:20:42;271;49,97;
20:20:45;268;49,97;
20:20:51;265;49,97;
20:20:54;268;49,97;
20:21:00;263;49,98;
20:21:03;265;49,98;
20:21:06;269;49,96;
20:21:12;268;49,97;
20:21:21;267;49,97;
20:21:24;267;49,98;
20:21:27;265;49,98;
20:21:33;268;49,98;
20:21:36;269;49,98;
20:21:39;268;49,98;
20:21:42;267;49,97;
20:21:45;262;49,97;
20:21:48;268;49,97;
20:21:51;270;49,97;
20:21:54;266;49,97;
20:21:57;269;49,98;
20:22:03;263;49,98;
20:22:06;268;49,98;
20:22:09;271;49,98;
20:22:12;268;49,98;
20:22:18;264;49,98;
20:22:21;268;49,98;
20:22:27;267;49,98;
20:22:33;268;49,98;
20:22:42;269;49,99;
20:22:51;268;49,99;
20:22:54;268;49,98;
20:22:57;265;49,98;
20:23:00;270;49,98;
20:23:03;267;49,98;
20:23:06;271;49,97;
20:23:09;265;49,97;
20:23:12;271;49,97;
20:23:15;265;49,97;
20:23:18;270;49,98;
20:23:24;271;49,98;
20:23:27;269;49,98;
20:23:30;268;49,97;
20:23:33;272;49,98;
20:23:36;269;49,98;
20:23:45;271;49,98;
20:23:48;271;49,97;
20:23:51;272;49,96;
20:23:54;269;49,96;
20:23:57;270;49,97;
20:24:00;270;49,98;
20:24:03;272;49,98;
20:24:09;271;49,98;
20:24:12;272;49,97;
20:24:15;272;49,98;
20:24:18;270;49,98;
20:24:21;271;49,98;
20:24:24;270;49,97;
20:24:27;272;49,97;
20:24:30;270;49,97;
20:24:33;272;49,96;
20:24:36;271;49,96;
20:24:39;270;49,96;
20:24:42;267;49,96;
20:24:45;268;49,97;
20:24:48;272;49,97;
20:24:51;269;49,97;
20:24:54;268;49,98;
20:24:57;270;49,98;
20:25:00;271;49,98;
20:25:03;269;49,98;
20:25:06;263;49,98;
20:25:09;269;49,99;
20:25:15;231;49,99;
20:25:18;229;49,99;
20:25:21;212;49,99;
20:25:24;244;49,99;
20:25:27;250;49,98;
20:25:30;254;49,98;
20:25:33;256;49,98;
20:25:36;261;49,98;
20:25:39;267;49,98;
20:25:45;264;49,98;
20:25:48;268;49,98;
20:25:51;263;49,98;
20:25:54;267;49,98;
20:25:57;263;49,98;
20:26:00;264;49,98;
20:26:06;264;49,99;
20:26:09;260;49,99;
20:26:12;261;49,99;
20:26:15;262;49,99;
20:26:30;260;49,99;
20:26:33;258;49,99;
20:26:36;261;49,99;
20:26:39;262;49,99;
20:26:42;259;49,99;
20:26:45;259;49,98;
20:26:48;260;49,98;
20:26:51;258;49,98;
20:26:54;257;49,98;
20:26:57;256;49,97;
20:27:00;257;49,97;
20:27:03;252;49,97;
20:27:06;253;49,97;
20:27:09;252;49,97;
20:27:12;255;49,98;
20:27:15;252;49,98;
20:27:18;251;49,98;
20:27:21;253;49,99;
20:27:27;253;49,98;
20:27:33;252;49,98;
20:27:36;253;49,98;
20:27:39;250;49,98;
20:27:42;247;49,97;
20:27:45;250;49,98;
20:27:51;244;49,97;
20:27:54;249;49,97;
20:27:57;250;49,97;
20:28:00;249;49,97;
20:28:03;247;49,97;
20:28:06;246;49,98;
20:28:12;245;49,98;
20:28:15;244;49,99;
20:28:18;245;49,98;
20:28:21;244;49,98;
20:28:24;243;49,98;
20:28:30;247;49,98;
20:28:33;244;49,97;
20:28:36;242;49,98;
20:28:39;243;49,98;
20:28:42;241;49,98;
20:28:48;240;49,98;
20:28:51;238;49,98;
20:28:54;240;49,97;
20:28:57;238;49,97;
20:29:03;237;49,97;
20:29:06;237;49,98;
20:29:12;238;49,98;
20:29:18;233;49,98;
20:29:21;231;49,98;
20:29:24;233;49,99;
20:29:27;230;49,99;
20:29:30;228;49,99;
20:29:33;231;49,99;
20:29:36;229;50,00;
20:29:39;231;50,00;
20:29:42;229;50,00;
20:29:45;230;50,00;
20:29:48;227;49,99;
20:29:51;224;49,99;
20:29:54;223;49,98;
20:29:57;224;49,98;
20:30:00;222;49,98;
20:30:03;223;49,98;
20:30:06;218;49,98;
20:30:12;225;49,98;
20:30:15;206;49,98;
20:30:18;210;49,98;
20:30:24;218;49,98;
20:30:27;216;49,99;
20:30:30;212;49,98;
20:30:36;214;49,97;
20:30:39;210;49,97;
20:30:45;207;49,97;
20:30:48;208;49,98;
20:30:51;207;49,98;
20:30:54;205;49,98;
20:31:03;202;49,98;
20:31:06;203;49,98;
20:31:09;205;49,98;
20:31:12;203;49,98;
20:31:18;199;49,99;
20:31:21;198;49,99;
20:31:24;194;49,99;
20:31:30;196;49,99;
20:31:33;193;49,98;
20:31:39;195;49,98;
20:31:42;192;49,98;
20:31:45;196;49,98;
20:31:48;194;49,98;
20:31:51;191;49,98;
20:31:54;190;49,99;
20:32:00;187;49,99;
20:32:03;190;49,99;
20:32:06;194;49,99;
20:32:09;189;49,99;
20:32:15;191;49,98;
20:32:18;189;49,98;
20:32:24;187;49,98;
20:32:27;185;49,98;
20:32:30;185;49,97;
20:32:36;183;49,97;
20:32:39;185;49,96;
20:32:42;184;49,96;
20:32:45;180;49,96;
20:32:48;178;49,96;
20:32:54;181;49,97;
20:32:57;177;49,97;
20:33:00;179;49,98;
20:33:03;180;49,98;
20:33:09;178;49,97;
20:33:12;175;49,98;
20:33:15;178;49,98;
20:33:21;177;49,97;
20:33:24;180;49,97;
20:33:27;174;49,97;
20:33:30;176;49,97;
20:33:33;178;49,97;
20:33:36;175;49,97;
20:33:39;176;49,96;
20:33:42;178;49,97;
20:33:45;175;49,97;
20:33:48;177;49,98;
20:33:51;171;49,98;
20:33:57;173;49,98;
20:34:03;170;49,98;
20:34:06;175;49,98;
20:34:09;175;49,97;
20:34:12;173;49,97;
20:34:21;174;49,98;
20:34:27;171;49,98;
20:34:30;174;49,98;
20:34:33;170;49,98;
20:34:36;172;49,98;
20:34:39;174;49,99;
20:34:42;171;49,99;
20:34:45;173;49,99;
20:34:48;170;49,99;
20:34:51;173;49,98;
20:34:54;175;49,98;
20:34:57;171;49,98;
20:35:00;173;49,97;
20:35:03;174;49,97;
20:35:06;174;49,96;
20:35:09;175;49,97;
20:35:12;172;49,96;
20:35:15;170;49,97;
20:35:18;174;49,97;
20:35:21;172;49,97;
20:35:24;153;49,97;
20:35:27;147;49,97;
20:35:33;173;49,97;
20:35:36;173;49,98;
20:35:39;172;49,97;
20:35:42;170;49,97;
20:35:45;172;49,97;
20:35:48;173;49,97;
20:35:51;170;49,97;
20:35:54;173;49,97;
20:36:00;170;49,97;
20:36:03;173;49,97;
20:36:06;174;49,97;
20:36:09;172;49,97;
20:36:12;170;49,96;
20:36:15;174;49,96;
20:36:18;173;49,97;
20:36:21;174;49,97;
20:36:27;175;49,98;
20:36:30;173;49,98;
20:36:33;173;49,97;
20:36:39;174;49,98;
20:36:42;172;49,99;
20:36:45;175;49,99;
20:36:48;175;49,98;
20:36:51;173;49,98;
20:36:54;168;49,98;
20:36:57;171;49,98;
20:37:00;174;49,98;
20:37:03;175;49,97;
20:37:06;173;49,97;
20:37:09;175;49,97;
20:37:12;175;49,96;
20:37:15;174;49,96;
20:37:18;173;49,96;
20:37:24;175;49,96;
20:37:30;171;49,96;
20:37:33;175;49,96;
20:37:36;176;49,95;
20:37:39;174;49,95;
20:37:42;173;49,96;
20:37:45;176;49,96;
20:37:48;173;49,95;
20:37:51;172;49,96;
20:37:54;173;49,95;
20:37:57;174;49,95;
20:38:00;175;49,95;
20:38:03;172;49,96;
20:38:06;174;49,96;
20:38:12;175;49,97;
20:38:15;173;49,97;
20:38:18;170;49,97;
20:38:21;173;49,97;
20:38:24;170;49,97;
20:38:36;170;49,96;
20:38:54;171;49,97;
20:38:57;170;49,97;
20:39:00;169;49,97;
20:39:03;168;49,97;
20:39:06;167;49,97;
20:39:09;168;49,96;
20:39:12;167;49,96;
20:39:15;166;49,96;
20:39:18;165;49,96;
20:39:24;166;49,96;
20:39:27;165;49,96;
20:39:30;163;49,97;
20:39:36;164;49,97;
20:39:39;160;49,98;
20:39:42;162;49,97;
20:39:45;161;49,97;
20:39:48;163;49,96;
20:39:51;159;49,96;
20:39:54;161;49,96;
20:40:00;159;49,97;
20:40:03;160;49,97;
20:40:06;158;49,96;
20:40:09;157;49,97;
20:40:12;157;49,96;
20:40:15;155;49,96;
20:40:18;157;49,96;
20:40:21;153;49,97;
20:40:24;155;49,97;
20:40:27;154;49,97;
20:40:30;155;49,97;
20:40:33;152;49,97;
20:40:36;156;49,97;
20:40:42;154;49,97;
20:40:45;153;49,97;
20:40:48;154;49,97;
20:40:54;153;49,97;
20:40:57;149;49,97;
20:41:00;150;49,97;
20:41:03;151;49,96;
20:41:06;147;49,96;
20:41:09;149;49,96;
20:41:12;147;49,96;
20:41:15;149;49,96;
20:41:18;146;49,96;
20:41:21;148;49,96;
20:41:27;146;49,96;
20:41:30;144;49,96;
20:41:36;144;49,97;
20:41:39;146;49,97;
20:41:42;141;49,97;
20:41:45;143;49,97;
20:41:48;142;49,97;
20:41:51;144;49,97;
20:41:54;142;49,97;
20:41:57;143;49,96;
20:42:03;143;49,97;
20:42:09;142;49,98;
20:42:12;143;49,98;
20:42:18;142;49,98;
20:42:24;142;49,97;
20:42:27;142;49,98;
20:42:33;141;49,97;
20:42:36;140;49,97;
20:42:39;143;49,97;
20:42:42;142;49,97;
20:42:45;139;49,97;
20:42:48;142;49,97;
20:42:51;141;49,97;
20:42:54;137;49,97;
20:42:57;139;49,98;
20:43:00;136;49,98;
20:43:03;137;49,98;
20:43:06;138;49,98;
20:43:15;136;49,98;
20:43:21;137;49,98;
20:43:24;138;49,99;
20:43:27;137;49,98;
20:43:39;136;49,98;
20:43:42;137;49,98;
20:43:45;139;49,99;
20:43:48;138;49,99;
20:43:51;139;49,99;
20:43:54;136;50,00;
20:43:57;138;50,00;
20:44:00;137;50,00;
20:44:06;137;49,99;
20:44:09;136;49,99;
20:44:12;138;49,99;
20:44:18;137;49,99;
20:44:36;135;49,99;
20:44:39;137;49,98;
20:44:45;135;49,98;
20:44:48;136;49,97;
20:44:51;137;49,97;
20:44:54;135;49,98;
20:44:57;133;49,98;
20:45:00;135;49,98;
20:45:03;136;49,98;
20:45:06;133;49,98;
20:45:15;134;49,97;
20:45:18;133;49,97;
20:45:21;134;49,97;
20:45:24;132;49,97;
20:45:27;133;49,97;
20:45:30;131;49,97;
20:45:33;113;49,97;
20:45:39;131;49,98;
20:45:45;130;49,98;
20:45:48;128;49,98;
20:45:51;129;49,98;
20:45:54;132;49,99;
20:45:57;129;49,99;
20:46:00;126;49,98;
20:46:03;129;49,98;
20:46:06;127;49,98;
20:46:09;128;49,98;
20:46:12;125;49,98;
20:46:15;128;49,98;
20:46:18;127;49,99;
20:46:27;125;49,99;
20:46:36;123;49,99;
20:46:39;122;49,99;
20:46:42;122;49,98;
20:46:45;121;49,98;
20:46:48;122;49,98;
20:46:57;120;49,97;
20:47:00;122;49,96;
20:47:03;121;49,96;
20:47:06;117;49,96;
20:47:09;122;49,97;
20:47:12;119;49,97;
20:47:15;118;49,97;
20:47:18;117;49,97;
20:47:24;114;49,97;
20:47:30;115;49,97;
20:47:33;114;49,96;
20:47:42;111;49,97;
20:47:45;112;49,97;
20:47:48;110;49,97;
20:47:51;112;49,97;
20:47:54;111;49,98;
20:48:00;109;49,98;
20:48:03;110;49,98;
20:48:06;106;49,98;
20:48:09;108;49,98;
20:48:12;106;49,98;
20:48:21;104;49,98;
20:48:30;102;49,98;
20:48:33;104;49,98;
20:48:36;101;49,98;
20:48:42;103;49,98;
20:48:48;99;49,98;
20:48:51;98;49,98;
20:48:57;100;49,98;
20:49:00;97;49,98;
20:49:03;96;49,98;
20:49:06;97;49,98;
20:49:09;98;49,98;
20:49:12;95;49,98;
20:49:15;96;49,97;
20:49:21;92;49,97;
20:49:24;96;49,97;
20:49:27;94;49,97;
20:49:30;95;49,97;
20:49:33;94;49,97;
20:49:36;90;49,97;
20:49:39;94;49,96;
20:49:42;90;49,97;
20:49:45;93;49,97;
20:49:48;91;49,97;
20:49:54;90;49,98;
20:49:57;87;49,98;
20:50:03;90;49,98;
20:50:06;86;49,98;
20:50:09;88;49,98;
20:50:12;86;49,98;
20:50:18;88;49,99;
20:50:21;86;49,99;
20:50:24;88;49,99;
20:50:27;86;49,99;
20:50:30;85;49,98;
20:50:33;83;49,98;
20:50:39;86;49,97;
20:50:42;84;49,97;
20:50:45;83;49,97;
20:50:48;84;49,97;
20:50:51;84;49,98;
20:50:54;82;49,97;
20:50:57;83;49,97;
20:51:00;84;49,97;
20:51:03;82;49,97;
20:51:06;83;49,97;
20:51:09;81;49,97;
20:51:12;80;49,98;
20:51:15;81;49,97;
20:51:18;79;49,97;
20:51:21;81;49,97;
20:51:24;82;49,97;
20:51:27;80;49,96;
20:51:30;78;49,96;
20:51:33;80;49,96;
20:51:36;78;49,96;
20:51:39;79;49,96;
20:51:45;75;49,97;
20:51:48;77;49,97;
20:51:51;76;49,97;
20:51:54;77;49,98;
20:51:57;74;49,98;
20:52:00;77;49,98;
20:52:09;75;49,98;
20:52:12;74;49,98;
20:52:15;75;49,98;
20:52:18;76;49,98;
20:52:21;73;49,98;
20:52:24;74;49,98;
20:52:30;72;49,98;
20:52:33;73;49,98;
20:52:36;72;49,98;
20:52:39;72;49,99;
20:52:42;72;49,98;
20:52:45;74;49,98;
20:52:51;72;49,98;
20:52:54;71;49,98;
20:52:57;72;49,98;
20:53:00;70;49,97;
20:53:03;70;49,98;
20:53:06;71;49,98;
20:53:09;72;49,98;
20:53:12;70;49,98;
20:53:15;70;49,99;
20:53:18;69;49,99;
20:53:21;70;50,00;
20:53:24;69;50,00;
20:53:27;70;50,00;
20:53:30;67;50,00;
20:53:33;68;49,99;
20:53:36;67;49,99;
20:53:39;68;49,99;
20:53:45;65;49,99;
20:53:51;67;50,00;
20:53:57;63;50,00;
20:54:00;63;49,99;
20:54:03;62;49,99;
20:54:06;63;49,99;
20:54:09;62;49,99;
20:54:12;63;49,99;
20:54:15;62;49,98;
20:54:18;64;49,98;
20:54:21;61;49,98;
20:54:30;62;49,98;
20:54:33;62;49,97;
20:54:36;61;49,97;
20:54:42;60;49,97;
20:54:45;58;49,97;
20:54:48;61;49,97;
20:54:51;60;49,97;
20:54:54;59;49,97;
20:54:57;60;49,98;
20:55:00;61;49,98;
20:55:03;60;49,98;
20:55:06;58;49,99;
20:55:09;55;49,99;
20:55:12;57;50,00;
20:55:15;58;49,99;
20:55:18;54;49,99;
20:55:24;57;49,98;
20:55:27;58;49,98;
20:55:33;56;49,98;
20:55:39;55;49,98;
20:55:42;48;49,98;
20:55:48;50;49,97;
20:55:51;52;49,97;
20:55:54;53;49,97;
20:55:57;52;49,98;
20:56:00;53;49,98;
20:56:06;51;49,98;
20:56:09;52;49,98;
20:56:12;51;49,98;
20:56:24;49;49,98;
20:56:33;48;49,98;
20:56:39;49;49,98;
20:56:42;48;49,98;
20:56:45;49;49,98;
20:56:48;48;49,98;
20:56:54;46;49,98;
20:56:57;48;49,98;
20:57:00;48;49,99;
20:57:06;47;49,99;
20:57:12;47;50,00;
20:57:15;48;50,00;
20:57:18;47;50,00;
20:57:21;45;50,00;
20:57:24;42;50,00;
20:57:27;45;50,00;
20:57:30;45;49,99;
20:57:33;43;49,99;
20:57:36;44;49,99;
20:57:39;42;49,99;
20:57:42;43;49,99;
20:57:45;42;49,99;
20:57:48;43;50,00;
20:57:51;42;50,00;
20:58:00;42;49,99;
20:58:21;42;50,00;
20:58:27;40;50,00;
20:58:30;42;50,00;
20:58:42;42;50,01;
20:58:45;39;50,00;
20:58:48;41;50,00;
20:58:51;39;50,00;
20:58:54;42;50,00;
20:58:57;39;50,00;
20:59:00;41;50,00;
20:59:06;39;50,00;
20:59:09;42;50,00;
20:59:12;43;50,00;
20:59:15;23;50,00;
20:59:18;0;50,00;
20:59:21;0;50,01;
20:59:24;0;50,00;
20:59:33;28;49,99;
20:59:36;33;49,99;
20:59:39;36;49,99;
20:59:42;33;49,99;
20:59:51;36;49,99;
20:59:54;33;49,99;
20:59:57;33;49,98;
21:00:06;33;49,97;
21:00:09;31;49,97;
21:00:12;33;49,97;
21:00:15;32;49,96;
21:00:18;50;49,96;
21:00:21;32;49,96;
21:00:24;33;49,96;
21:00:30;29;49,96;
21:00:33;32;49,97;
21:00:36;33;49,98;
21:00:39;31;49,98;
21:00:42;33;49,98;
21:00:45;30;49,98;
21:00:48;29;49,98;
21:00:51;28;49,98;
21:00:57;30;49,98;
21:01:00;30;49,99;
21:01:03;29;49,99;
21:01:06;30;50,00;
21:01:09;31;50,00;
21:01:12;29;49,99;
21:01:15;30;49,99;
21:01:18;31;49,99;
21:01:21;28;49,99;
21:01:27;28;49,98;
21:01:30;27;49,98;
21:01:33;28;49,98;
21:01:36;29;49,97;
21:01:39;27;49,97;
21:01:42;27;49,96;
21:01:51;31;49,96;
21:01:54;27;49,96;
21:01:57;28;49,97;
21:02:06;27;49,97;
21:02:12;29;49,97;
21:02:15;27;49,97;
21:02:21;25;49,97;
21:02:24;27;49,97;
21:02:27;26;49,97;
21:02:33;24;49,96;
21:02:36;26;49,96;
21:02:42;25;49,96;
21:02:45;26;49,96;
21:02:48;27;49,96;
21:02:51;25;49,96;
21:02:57;27;49,97;
21:03:00;28;49,98;
21:03:03;24;49,98;
21:03:09;25;49,98;
21:03:12;26;49,98;
21:03:15;0;49,98;
21:03:18;3;49,98;
21:03:21;25;49,98;
21:03:24;26;49,98;
21:03:27;0;49,99;
21:03:30;12;50,00;
21:03:33;26;50,00;
21:03:36;0;50,00;
21:03:45;0;49,99;
21:03:51;0;49,98;
21:04:00;0;49,97;
21:04:03;0;49,98;
21:04:39;0;49,97;
21:04:48;0;49,98;
21:05:15;0;49,99;
21:05:21;0;49,98;
21:05:30;0;49,97;
21:05:45;0;49,98;
21:05:51;0;49,97;
21:06:45;0;49,98;
21:07:12;0;49,99;
21:07:33;0;49,98;
21:07:36;0;49,97;
21:07:42;0;49,96;
21:07:45;0;49,97;
21:07:51;0;49,98;
21:08:03;0;49,99;
21:08:18;0;49,98;
21:08:36;0;49,97;
21:08:42;0;49,98;
21:09:12;0;49,97;
21:09:15;0;49,98;
21:10:15;0;49,99;
21:10:24;0;50,00;
21:10:54;0;49,99;
21:11:00;0;50,00;
21:11:06;0;50,01;
21:11:27;0;50,00;
21:12:03;0;49,99;
21:12:06;0;50,00;
21:12:21;0;49,99;
21:12:42;0;49,98;
21:13:06;0;49,97;
21:13:12;0;49,98;
21:13:24;0;49,99;
21:13:30;0;50,00;
21:13:54;0;49,99;
21:14:06;0;49,98;
21:14:12;0;49,99;
21:14:33;0;50,00;
21:14:57;0;50,01;
21:15:09;0;50,00;
21:15:12;0;50,01;
21:15:18;0;50,00;
21:15:27;0;50,01;
21:15:30;0;50,00;
21:15:33;0;50,01;
21:15:51;0;50,00;
21:16:54;0;49,99;
21:17:00;0;50,00;
21:17:03;0;49,99;
21:17:06;0;50,00;
21:17:09;0;49,99;
21:17:12;0;49,98;
21:17:18;0;49,97;
21:17:30;0;49,98;
21:17:39;0;49,97;
21:17:45;0;49,96;
21:17:54;0;49,97;
21:17:57;0;49,98;
21:18:30;0;49,99;
21:18:42;0;49,98;
21:19:09;0;49,99;
21:19:21;0;49,98;
21:19:24;0;49,99;
21:19:33;0;50,00;
21:19:48;0;49,99;
21:19:51;0;49,98;
21:20:06;0;49,99;
21:20:12;0;50,00;
21:20:18;0;49,99;
21:20:21;0;49,98;
21:20:33;0;49,97;
21:20:48;0;49,98;
21:20:51;0;49,97;
21:21:00;0;49,98;
21:21:39;0;49,97;
21:21:51;0;49,98;
21:22:00;0;49,99;
21:22:09;0;50,00;
21:22:12;0;49,99;
21:22:18;0;49,98;
21:22:24;0;49,97;
21:22:30;0;49,98;
21:22:33;0;49,97;
21:22:39;0;49,98;
21:23:12;0;49,99;
21:23:36;0;49,98;
21:23:48;0;49,97;
21:23:54;0;49,98;
21:24:00;0;49,99;
21:24:15;0;49,98;
21:24:18;0;49,99;
21:24:36;0;49,98;
21:24:45;0;49,99;
21:24:57;0;49,98;
21:25:06;0;49,97;
21:25:42;0;49,96;
21:25:45;0;49,97;
21:26:00;0;49,98;
21:26:03;0;49,97;
21:26:06;0;49,98;
21:26:12;0;49,99;
21:26:21;0;50,00;
21:26:24;0;49,99;
21:26:30;0;49,98;
21:26:57;0;49,97;
21:27:03;0;49,98;
21:27:12;0;49,99;
21:27:15;0;50,00;
21:27:30;0;49,99;
21:27:36;0;49,98;
21:27:51;0;49,97;
21:27:54;0;49,98;
21:28:03;0;49,99;
21:28:42;0;50,00;
21:28:51;0;50,01;
21:28:54;0;50,00;
21:28:57;;;
