time;pac;freq;
05:54:34;0;49,99;
05:54:37;0;50,00;
05:55:19;0;49,99;
05:55:22;0;49,98;
05:56:01;0;50,00;
05:56:07;0;49,99;
05:56:13;0;49,98;
05:56:31;0;49,99;
05:56:37;0;50,00;
05:56:46;0;49,99;
05:56:52;0;50,00;
05:56:55;47;50,00;
05:56:58;41;50,00;
05:57:01;41;49,99;
05:57:07;47;49,98;
05:57:10;46;49,98;
05:57:13;47;49,98;
05:57:19;46;49,98;
05:57:22;45;49,98;
05:57:25;46;49,98;
05:57:28;49;49,98;
05:57:31;47;49,98;
05:57:34;48;49,99;
05:57:37;47;49,99;
05:57:40;49;49,99;
05:57:43;48;49,99;
05:57:46;48;49,98;
05:57:49;47;49,98;
05:57:52;49;49,98;
05:57:55;48;49,98;
05:57:58;45;49,98;
05:58:01;46;49,98;
05:58:04;49;49,98;
05:58:07;48;49,99;
05:58:13;49;50,00;
05:58:25;49;49,99;
05:58:28;50;49,99;
05:58:31;49;49,98;
05:58:40;49;49,99;
05:58:43;50;49,98;
05:58:46;49;49,98;
05:58:49;50;49,98;
05:58:52;52;49,99;
05:58:58;52;49,98;
05:59:07;50;49,98;
05:59:10;49;49,98;
05:59:13;51;49,99;
05:59:16;50;49,99;
05:59:19;52;50,00;
05:59:22;51;50,00;
05:59:25;50;50,00;
05:59:28;53;50,00;
05:59:31;52;50,00;
05:59:34;51;49,99;
05:59:40;52;49,99;
05:59:43;53;49,99;
05:59:46;54;49,99;
05:59:49;53;49,99;
05:59:52;50;49,99;
05:59:55;53;49,99;
06:00:04;55;49,99;
06:00:07;53;49,99;
06:00:10;54;49,99;
06:00:13;55;49,99;
06:00:16;53;49,99;
06:00:19;61;49,99;
06:00:22;53;49,99;
06:00:25;54;49,99;
06:00:28;52;50,00;
06:00:31;54;50,00;
06:00:40;56;49,99;
06:00:43;55;49,99;
06:00:46;55;50,00;
06:00:52;57;50,01;
06:00:55;56;50,00;
06:00:58;54;50,00;
06:01:01;55;50,00;
06:01:04;54;50,00;
06:01:10;56;50,00;
06:01:16;58;50,00;
06:01:19;57;50,00;
06:01:25;59;50,00;
06:01:28;55;50,00;
06:01:31;57;50,00;
06:01:34;60;49,99;
06:01:37;58;49,99;
06:01:40;57;49,99;
06:01:43;58;49,99;
06:01:49;59;49,99;
06:01:52;60;50,00;
06:01:55;59;50,00;
06:01:58;60;49,99;
06:02:01;58;49,99;
06:02:04;60;49,99;
06:02:07;58;49,99;
06:02:10;59;50,00;
06:02:16;58;50,00;
06:02:19;59;49,99;
06:02:22;61;49,99;
06:02:28;59;49,99;
06:02:31;60;49,99;
06:02:34;61;49,99;
06:02:37;59;49,99;
06:02:40;62;49,99;
06:02:43;62;49,98;
06:02:49;61;49,99;
06:02:52;62;49,99;
06:02:55;61;50,00;
06:03:01;62;50,01;
06:03:07;62;50,00;
06:03:13;62;49,99;
06:03:16;61;49,99;
06:03:19;64;49,99;
06:03:25;63;49,98;
06:03:31;64;49,98;
06:03:34;66;49,99;
06:03:37;65;49,99;
06:03:46;64;50,00;
06:03:49;65;50,00;
06:03:52;67;50,00;
06:03:55;68;50,00;
06:03:58;64;49,99;
06:04:01;68;49,99;
06:04:07;67;49,99;
06:04:13;66;49,99;
06:04:16;67;49,99;
06:04:19;68;49,99;
06:04:25;68;49,98;
06:04:34;67;49,98;
06:04:37;68;49,99;
06:04:43;68;50,00;
06:04:49;67;50,00;
06:04:52;68;50,00;
06:04:58;67;50,00;
06:05:01;68;50,00;
06:05:04;71;50,00;
06:05:07;68;50,00;
06:05:13;71;49,99;
06:05:16;73;49,99;
06:05:25;73;50,00;
06:05:28;71;50,00;
06:05:31;73;50,00;
06:05:34;73;49,99;
06:05:43;72;49,99;
06:05:46;73;49,99;
06:05:52;74;49,99;
06:05:55;73;49,99;
06:05:58;76;50,00;
06:06:01;73;50,01;
06:06:04;74;50,01;
06:06:10;76;50,01;
06:06:13;75;50,01;
06:06:19;76;50,00;
06:06:22;77;50,00;
06:06:25;77;49,99;
06:06:28;76;49,99;
06:06:34;77;49,99;
06:06:37;77;50,00;
06:06:40;75;50,00;
06:06:43;77;50,00;
06:06:46;76;50,00;
06:06:49;79;50,00;
06:06:52;66;49,99;
06:06:55;37;49,99;
06:06:58;0;49,99;
06:07:10;57;49,98;
06:07:13;69;49,98;
06:07:16;73;49,98;
06:07:19;76;49,98;
06:07:22;75;49,98;
06:07:25;78;49,98;
06:07:28;81;49,98;
06:07:31;78;49,98;
06:07:34;83;49,98;
06:07:37;82;49,98;
06:07:40;84;49,98;
06:07:46;85;49,98;
06:07:49;85;49,99;
06:07:52;83;49,99;
06:07:55;85;49,99;
06:08:16;86;49,99;
06:08:19;85;49,99;
06:08:25;86;49,99;
06:08:28;84;49,99;
06:08:31;85;49,99;
06:08:34;87;49,98;
06:08:37;86;49,97;
06:08:40;88;49,98;
06:08:46;91;49,98;
06:08:49;88;49,98;
06:08:52;89;49,98;
06:08:55;88;49,98;
06:08:58;90;49,98;
06:09:01;88;49,98;
06:09:07;90;49,98;
06:09:10;88;49,98;
06:09:16;91;49,98;
06:09:19;90;49,98;
06:09:22;92;49,99;
06:09:25;90;49,99;
06:09:28;91;49,99;
06:09:31;91;50,00;
06:09:34;93;50,00;
06:09:40;94;50,00;
06:09:46;91;50,00;
06:09:49;94;50,00;
06:09:52;93;50,00;
06:09:58;94;50,00;
06:10:04;95;50,00;
06:10:07;94;50,00;
06:10:13;97;50,00;
06:10:16;97;50,01;
06:10:22;97;50,00;
06:10:25;98;50,00;
06:10:31;99;50,00;
06:10:34;98;49,99;
06:10:37;99;49,99;
06:10:49;97;49,99;
06:10:52;99;50,00;
06:10:55;97;50,00;
06:10:58;101;50,00;
06:11:01;99;50,00;
06:11:10;100;50,00;
06:11:13;100;50,01;
06:11:16;102;50,00;
06:11:19;99;50,00;
06:11:22;103;50,00;
06:11:28;101;50,00;
06:11:31;102;50,00;
06:11:37;104;49,99;
06:11:40;105;50,00;
06:11:43;103;49,99;
06:11:46;103;50,00;
06:11:52;104;50,00;
06:12:01;105;50,00;
06:12:04;104;49,99;
06:12:13;103;49,99;
06:12:16;107;49,99;
06:12:19;106;49,99;
06:12:22;107;49,99;
06:12:25;109;49,99;
06:12:31;106;49,99;
06:12:37;109;49,99;
06:12:43;108;49,99;
06:12:46;109;49,99;
06:12:49;109;50,00;
06:12:52;106;50,00;
06:12:55;107;50,01;
06:12:58;109;50,01;
06:13:07;113;50,01;
06:13:10;110;50,01;
06:13:22;111;50,01;
06:13:25;113;50,00;
06:13:31;111;50,01;
06:13:34;112;50,01;
06:13:37;111;50,01;
06:13:43;114;50,00;
06:13:46;112;50,00;
06:13:49;115;50,00;
06:13:52;114;50,00;
06:13:58;115;50,00;
06:14:01;117;50,00;
06:14:04;118;50,00;
06:14:07;117;50,00;
06:14:10;118;50,01;
06:14:13;114;50,00;
06:14:16;109;50,01;
06:14:19;115;50,00;
06:14:25;112;50,00;
06:14:28;118;50,00;
06:14:31;114;50,00;
06:14:34;121;50,00;
06:14:37;115;50,00;
06:14:40;120;50,01;
06:14:46;120;50,00;
06:14:49;121;50,00;
06:14:52;120;50,00;
06:14:55;119;50,00;
06:15:01;121;50,00;
06:15:07;122;50,00;
06:15:19;121;50,00;
06:15:22;122;50,00;
06:15:25;119;50,00;
06:15:31;122;49,98;
06:15:34;121;49,98;
06:15:37;122;49,98;
06:15:40;123;49,98;
06:15:43;120;49,97;
06:15:46;123;49,97;
06:15:52;127;49,98;
06:15:55;122;49,98;
06:15:58;125;49,98;
06:16:01;127;49,98;
06:16:04;126;49,98;
06:16:07;125;49,99;
06:16:10;130;50,00;
06:16:13;126;50,00;
06:16:16;128;50,00;
06:16:19;120;50,00;
06:16:22;125;50,00;
06:16:25;124;50,00;
06:16:28;121;50,00;
06:16:31;127;50,00;
06:16:34;132;50,00;
06:16:37;123;50,00;
06:16:40;128;49,99;
06:16:46;130;49,98;
06:16:52;127;49,98;
06:16:55;128;49,98;
06:16:58;129;49,98;
06:17:01;122;49,98;
06:17:04;109;49,98;
06:17:07;113;49,98;
06:17:10;129;49,98;
06:17:16;132;49,98;
06:17:22;130;49,98;
06:17:25;132;49,98;
06:17:28;129;49,97;
06:17:31;133;49,98;
06:17:34;130;49,98;
06:17:37;132;49,98;
06:17:40;133;49,98;
06:17:52;130;49,98;
06:17:55;131;49,97;
06:17:58;129;49,97;
06:18:01;131;49,97;
06:18:04;132;49,97;
06:18:07;126;49,97;
06:18:10;132;49,97;
06:18:13;125;49,97;
06:18:16;126;49,98;
06:18:19;136;49,98;
06:18:22;126;49,98;
06:18:28;123;49,98;
06:18:31;118;49,98;
06:18:34;122;49,98;
06:18:37;126;49,98;
06:18:40;134;49,98;
06:18:43;131;49,98;
06:18:46;137;49,98;
06:18:55;138;49,98;
06:18:58;137;49,98;
06:19:01;139;49,98;
06:19:04;135;49,98;
06:19:07;137;49,98;
06:19:16;130;49,98;
06:19:19;139;49,98;
06:19:22;130;49,98;
06:19:25;139;49,98;
06:19:28;141;49,97;
06:19:34;145;49,98;
06:19:37;137;49,98;
06:19:40;144;49,98;
06:19:43;137;49,98;
06:19:46;141;49,97;
06:19:49;142;49,97;
06:19:52;141;49,97;
06:19:55;142;49,97;
06:19:58;142;49,98;
06:20:01;141;49,98;
06:20:04;142;49,98;
06:20:07;141;49,98;
06:20:10;144;49,98;
06:20:13;142;49,98;
06:20:19;143;49,98;
06:20:22;144;49,98;
06:20:25;142;49,98;
06:20:28;144;49,98;
06:20:31;143;49,98;
06:20:34;145;49,98;
06:20:43;144;49,98;
06:20:46;146;49,98;
06:20:49;145;49,98;
06:20:52;146;49,98;
06:20:55;144;49,98;
06:20:58;146;49,98;
06:21:01;144;49,98;
06:21:07;146;49,99;
06:21:10;144;49,99;
06:21:13;149;49,98;
06:21:16;145;49,98;
06:21:19;140;49,98;
06:21:25;138;49,98;
06:21:28;146;49,98;
06:21:31;148;49,98;
06:21:34;142;49,97;
06:21:37;151;49,97;
06:21:40;145;49,97;
06:21:43;151;49,97;
06:21:49;150;49,98;
06:21:55;151;49,98;
06:21:58;148;49,98;
06:22:01;150;49,98;
06:22:10;147;49,97;
06:22:13;149;49,98;
06:22:16;147;49,98;
06:22:19;149;49,98;
06:22:22;150;49,98;
06:22:31;151;49,98;
06:22:34;150;49,98;
06:22:37;150;49,97;
06:22:40;147;49,97;
06:22:43;150;49,97;
06:22:46;151;49,97;
06:22:49;150;49,97;
06:22:52;152;49,97;
06:22:55;151;49,97;
06:22:58;154;49,97;
06:23:01;153;49,97;
06:23:07;154;49,97;
06:23:10;151;49,97;
06:23:13;155;49,97;
06:23:16;150;49,97;
06:23:19;150;49,96;
06:23:22;144;49,96;
06:23:25;145;49,96;
06:23:28;143;49,96;
06:23:31;144;49,98;
06:23:37;148;49,98;
06:23:40;150;49,97;
06:23:43;147;49,97;
06:23:46;146;49,96;
06:23:49;148;49,97;
06:23:55;150;49,98;
06:24:01;155;49,99;
06:24:07;155;49,98;
06:24:10;152;49,98;
06:24:13;156;49,97;
06:24:16;159;49,97;
06:24:19;155;49,97;
06:24:22;161;49,98;
06:24:25;157;49,98;
06:24:28;152;49,98;
06:24:31;159;49,98;
06:24:34;161;49,98;
06:24:37;163;49,98;
06:24:43;160;49,98;
06:24:46;155;49,98;
06:24:49;158;50,00;
06:24:52;160;50,00;
06:25:01;163;50,00;
06:25:04;160;50,00;
06:25:07;161;49,99;
06:25:13;160;49,98;
06:25:16;161;49,99;
06:25:19;160;49,99;
06:25:28;157;49,98;
06:25:31;156;49,98;
06:25:34;155;49,97;
06:25:40;157;49,97;
06:25:43;158;49,98;
06:25:46;156;49,99;
06:25:49;157;49,99;
06:25:52;159;50,00;
06:25:58;158;49,99;
06:26:01;161;49,99;
06:26:07;161;49,98;
06:26:13;160;49,98;
06:26:19;158;49,97;
06:26:22;157;49,97;
06:26:25;150;49,96;
06:26:28;159;49,96;
06:26:34;158;49,97;
06:26:37;154;49,97;
06:26:40;160;49,97;
06:26:43;162;49,97;
06:26:46;160;49,97;
06:26:49;155;49,97;
06:26:52;159;49,96;
06:26:55;160;49,97;
06:26:58;160;49,96;
06:27:01;160;49,97;
06:27:04;160;49,98;
06:27:10;139;49,99;
06:27:13;143;49,99;
06:27:16;142;50,00;
06:27:19;164;49,99;
06:27:25;166;49,99;
06:27:28;164;49,98;
06:27:31;166;49,98;
06:27:34;165;49,98;
06:27:40;168;49,98;
06:27:43;167;49,98;
06:27:46;165;49,98;
06:27:55;167;49,98;
06:27:58;165;49,98;
06:28:01;166;49,98;
06:28:07;167;49,98;
06:28:10;165;49,98;
06:28:13;168;49,98;
06:28:16;169;49,98;
06:28:22;165;49,98;
06:28:25;167;49,98;
06:28:28;165;49,97;
06:28:31;166;49,98;
06:28:34;169;49,98;
06:28:40;170;49,98;
06:28:46;169;49,97;
06:28:49;169;49,98;
06:28:55;170;49,98;
06:28:58;169;49,98;
06:29:04;170;49,99;
06:29:10;168;50,00;
06:29:13;170;50,00;
06:29:16;169;50,00;
06:29:19;170;49,99;
06:29:22;174;49,99;
06:29:25;170;49,98;
06:29:28;174;49,98;
06:29:31;170;49,98;
06:29:34;171;49,98;
06:29:37;169;49,98;
06:29:40;166;49,98;
06:29:43;171;49,98;
06:29:46;169;49,98;
06:29:52;166;49,98;
06:29:55;166;49,99;
06:29:58;170;49,99;
06:30:01;169;50,00;
06:30:04;171;50,00;
06:30:07;170;50,00;
06:30:10;171;50,00;
06:30:13;170;49,99;
06:30:16;171;49,99;
06:30:19;172;49,98;
06:30:37;172;49,99;
06:30:40;173;50,00;
06:30:43;172;50,00;
06:30:46;171;50,00;
06:30:49;169;50,00;
06:30:52;170;50,00;
06:30:55;168;50,00;
06:31:01;170;50,00;
06:31:04;169;50,00;
06:31:07;173;50,01;
06:31:13;175;50,01;
06:31:16;174;50,01;
06:31:19;172;50,01;
06:31:22;173;50,00;
06:31:31;169;50,00;
06:31:34;174;50,00;
06:31:37;172;50,00;
06:31:43;169;50,00;
06:31:46;173;50,00;
06:31:49;173;50,01;
06:31:52;169;50,01;
06:31:55;173;50,01;
06:31:58;171;50,01;
06:32:01;173;50,01;
06:32:07;169;50,01;
06:32:10;170;50,01;
06:32:13;173;50,01;
06:32:16;174;50,01;
06:32:19;178;50,01;
06:32:22;175;50,01;
06:32:25;176;50,01;
06:32:28;175;50,01;
06:32:31;171;50,00;
06:32:34;173;50,00;
06:32:37;175;50,00;
06:32:43;176;50,00;
06:32:49;172;49,99;
06:32:52;174;50,00;
06:32:55;173;50,00;
06:32:58;175;50,00;
06:33:01;174;50,00;
06:33:04;176;50,00;
06:33:07;180;50,00;
06:33:10;178;50,01;
06:33:13;174;50,00;
06:33:16;175;50,00;
06:33:19;173;50,00;
06:33:22;176;50,01;
06:33:25;178;50,00;
06:33:28;173;50,00;
06:33:31;175;50,00;
06:33:34;174;50,00;
06:33:37;180;50,00;
06:33:40;174;50,00;
06:33:43;173;50,00;
06:33:46;174;50,00;
06:33:49;178;50,00;
06:33:55;179;50,00;
06:34:01;177;50,00;
06:34:04;176;50,00;
06:34:07;175;50,00;
06:34:10;176;50,01;
06:34:13;180;50,00;
06:34:16;177;50,00;
06:34:19;176;50,00;
06:34:22;178;50,00;
06:34:25;173;50,00;
06:34:28;178;49,99;
06:34:31;176;49,98;
06:34:34;171;49,98;
06:34:40;181;49,99;
06:34:43;178;49,99;
06:34:46;173;50,00;
06:34:49;181;50,00;
06:34:52;178;50,00;
06:34:58;174;50,00;
06:35:01;179;50,01;
06:35:04;181;50,01;
06:35:07;184;50,01;
06:35:10;177;50,00;
06:35:13;181;50,01;
06:35:16;179;50,00;
06:35:19;180;50,00;
06:35:28;183;50,00;
06:35:31;182;50,00;
06:35:34;184;50,01;
06:35:37;187;50,00;
06:35:40;183;50,00;
06:35:46;184;50,00;
06:35:52;183;50,00;
06:35:55;184;50,00;
06:35:58;179;50,00;
06:36:01;182;50,00;
06:36:04;180;50,00;
06:36:07;178;50,00;
06:36:10;183;50,00;
06:36:13;179;50,00;
06:36:16;182;50,00;
06:36:19;184;50,00;
06:36:22;186;49,99;
06:36:25;185;49,99;
06:36:28;186;49,99;
06:36:31;189;49,98;
06:36:34;188;49,98;
06:36:37;187;49,98;
06:36:40;179;49,98;
06:36:43;187;49,98;
06:36:46;189;49,99;
06:36:52;183;50,00;
06:36:55;188;50,00;
06:36:58;181;50,00;
06:37:01;186;50,00;
06:37:04;184;50,00;
06:37:07;183;50,00;
06:37:10;184;49,99;
06:37:13;186;50,00;
06:37:16;163;49,99;
06:37:19;162;49,99;
06:37:22;165;49,99;
06:37:25;187;49,99;
06:37:28;190;49,98;
06:37:31;189;49,98;
06:37:34;188;49,98;
06:37:37;187;49,98;
06:37:40;186;49,98;
06:37:43;194;49,98;
06:37:46;186;49,98;
06:37:49;194;49,98;
06:37:52;193;50,00;
06:37:58;186;50,01;
06:38:01;193;50,00;
06:38:04;195;50,00;
06:38:10;193;50,00;
06:38:13;192;50,00;
06:38:16;194;50,00;
06:38:19;196;50,00;
06:38:22;194;50,00;
06:38:25;193;50,00;
06:38:28;195;49,99;
06:38:31;194;49,99;
06:38:37;192;49,99;
06:38:40;195;49,99;
06:38:46;193;49,99;
06:38:49;196;49,99;
06:38:52;196;50,00;
06:38:55;197;50,00;
06:39:04;196;50,00;
06:39:07;193;49,99;
06:39:10;195;49,99;
06:39:13;198;49,99;
06:39:16;197;50,00;
06:39:19;201;49,99;
06:39:22;197;49,99;
06:39:31;194;50,00;
06:39:34;197;50,00;
06:39:37;189;49,99;
06:39:40;197;49,99;
06:39:43;201;49,99;
06:39:49;204;49,99;
06:39:52;197;49,99;
06:39:55;193;50,00;
06:39:58;201;50,00;
06:40:01;205;50,00;
06:40:04;197;50,00;
06:40:07;203;50,00;
06:40:10;202;50,00;
06:40:13;200;50,00;
06:40:16;197;50,00;
06:40:19;201;50,00;
06:40:22;203;50,00;
06:40:25;203;49,99;
06:40:28;204;49,99;
06:40:31;205;49,99;
06:40:37;203;49,98;
06:40:40;184;49,99;
06:40:43;189;49,99;
06:40:46;197;49,99;
06:40:49;204;50,00;
06:40:55;194;50,00;
06:40:58;198;50,00;
06:41:01;206;50,00;
06:41:04;203;50,00;
06:41:07;203;50,01;
06:41:10;199;50,01;
06:41:13;202;50,00;
06:41:16;203;50,00;
06:41:19;206;50,00;
06:41:22;208;50,00;
06:41:31;211;49,99;
06:41:34;207;49,99;
06:41:37;210;50,00;
06:41:40;204;49,99;
06:41:43;210;50,00;
06:41:46;211;50,00;
06:41:52;207;50,00;
06:41:55;210;50,00;
06:42:01;211;50,00;
06:42:04;212;50,00;
06:42:07;212;50,01;
06:42:13;211;50,01;
06:42:16;210;50,01;
06:42:19;212;50,01;
06:42:25;217;50,00;
06:42:28;216;50,00;
06:42:31;215;49,99;
06:42:37;216;49,99;
06:42:40;218;49,99;
06:42:43;212;49,99;
06:42:46;212;49,98;
06:42:49;211;49,98;
06:42:52;209;49,98;
06:42:55;203;49,98;
06:42:58;206;49,98;
06:43:01;209;49,98;
06:43:07;212;49,98;
06:43:10;214;49,98;
06:43:13;214;49,99;
06:43:16;217;49,99;
06:43:19;218;49,99;
06:43:22;221;49,99;
06:43:25;224;49,99;
06:43:28;220;49,99;
06:43:31;222;49,98;
06:43:34;219;49,98;
06:43:37;222;49,98;
06:43:40;221;49,98;
06:43:43;223;49,98;
06:43:52;224;49,98;
06:43:55;222;49,98;
06:43:58;223;49,98;
06:44:04;224;49,98;
06:44:07;227;49,98;
06:44:10;224;49,98;
06:44:13;227;49,98;
06:44:16;227;49,99;
06:44:19;232;49,99;
06:44:22;230;49,99;
06:44:25;229;49,99;
06:44:31;227;49,98;
06:44:34;229;49,98;
06:44:37;226;49,98;
06:44:43;218;49,98;
06:44:46;228;49,99;
06:44:49;232;49,99;
06:44:52;231;49,99;
06:44:58;233;49,99;
06:45:01;228;49,99;
06:45:04;236;50,00;
06:45:13;241;50,00;
06:45:16;239;50,00;
06:45:19;238;50,00;
06:45:22;245;50,00;
06:45:25;239;49,99;
06:45:28;240;49,98;
06:45:31;241;49,98;
06:45:34;242;49,98;
06:45:37;243;49,99;
06:45:40;240;49,98;
06:45:43;244;49,98;
06:45:46;243;49,98;
06:45:52;244;49,98;
06:46:04;241;49,98;
06:46:07;243;49,99;
06:46:10;243;49,98;
06:46:13;242;49,99;
06:46:16;243;49,98;
06:46:19;244;49,98;
06:46:22;246;49,98;
06:46:25;244;49,98;
06:46:28;249;49,97;
06:46:31;247;49,97;
06:46:34;248;49,97;
06:46:37;247;49,98;
06:46:40;248;49,98;
06:46:43;249;49,98;
06:46:46;248;49,98;
06:46:49;250;49,98;
06:46:52;251;49,99;
06:46:58;244;49,99;
06:47:01;246;49,99;
06:47:04;252;49,99;
06:47:10;253;50,00;
06:47:16;250;50,00;
06:47:19;255;50,00;
06:47:22;250;50,00;
06:47:25;237;50,00;
06:47:28;214;50,00;
06:47:31;217;49,99;
06:47:34;250;49,99;
06:47:37;248;49,99;
06:47:40;251;49,98;
06:47:43;252;49,98;
06:47:46;253;49,99;
06:47:49;247;49,99;
06:47:52;243;50,00;
06:47:55;251;50,00;
06:47:58;246;49,99;
06:48:01;253;49,99;
06:48:04;249;49,99;
06:48:07;253;49,99;
06:48:10;255;49,98;
06:48:16;249;49,98;
06:48:19;249;49,97;
06:48:22;251;49,97;
06:48:25;250;49,98;
06:48:28;252;49,98;
06:48:31;251;49,98;
06:48:34;253;49,98;
06:48:37;254;49,97;
06:48:40;254;49,98;
06:48:43;251;49,98;
06:48:46;252;49,98;
06:48:49;254;49,98;
06:48:52;251;49,98;
06:48:55;253;49,98;
06:49:01;250;49,97;
06:49:04;249;49,96;
06:49:07;245;49,96;
06:49:10;251;49,97;
06:49:13;252;49,97;
06:49:16;252;49,98;
06:49:22;251;49,98;
06:49:25;248;49,97;
06:49:28;245;49,96;
06:49:31;243;49,96;
06:49:34;249;49,96;
06:49:37;248;49,97;
06:49:40;251;49,97;
06:49:43;252;49,97;
06:49:46;253;49,97;
06:49:49;250;49,97;
06:49:52;251;49,97;
06:49:55;245;49,98;
06:49:58;250;49,98;
06:50:01;252;49,98;
06:50:07;246;49,98;
06:50:10;248;49,98;
06:50:13;250;49,98;
06:50:16;244;49,97;
06:50:19;240;49,97;
06:50:22;242;49,97;
06:50:25;245;49,96;
06:50:28;247;49,96;
06:50:31;244;49,96;
06:50:34;248;49,97;
06:50:37;250;49,97;
06:50:40;248;49,97;
06:50:43;250;49,97;
06:50:49;246;49,97;
06:50:52;249;49,98;
06:50:55;250;49,98;
06:51:01;249;49,98;
06:51:04;250;49,98;
06:51:07;246;49,99;
06:51:13;248;49,99;
06:51:16;252;50,00;
06:51:19;252;49,99;
06:51:22;250;50,00;
06:51:25;249;49,99;
06:51:28;254;49,98;
06:51:31;250;49,98;
06:51:34;252;49,98;
06:51:37;250;49,97;
06:51:40;252;49,97;
06:51:43;245;49,97;
06:51:46;248;49,97;
06:51:49;252;49,98;
06:51:52;250;49,98;
06:51:55;251;49,98;
06:51:58;253;49,98;
06:52:04;251;49,98;
06:52:07;247;49,97;
06:52:10;251;49,97;
06:52:13;252;49,96;
06:52:19;256;49,97;
06:52:22;253;49,97;
06:52:25;252;49,97;
06:52:28;250;49,97;
06:52:31;253;49,97;
06:52:34;254;49,97;
06:52:37;258;49,97;
06:52:40;254;49,98;
06:52:43;261;49,97;
06:52:46;252;49,98;
06:52:49;254;49,98;
06:52:52;257;49,98;
06:52:55;254;49,98;
06:52:58;256;49,98;
06:53:04;250;49,99;
06:53:07;256;49,99;
06:53:10;251;49,98;
06:53:13;258;49,98;
06:53:16;255;49,98;
06:53:19;256;49,98;
06:53:22;256;49,97;
06:53:28;261;49,98;
06:53:31;262;49,98;
06:53:34;261;49,98;
06:53:37;259;49,98;
06:53:40;260;49,98;
06:53:46;261;49,98;
06:53:49;260;49,98;
06:53:52;259;49,99;
06:53:55;260;49,99;
06:53:58;259;49,99;
06:54:01;261;49,99;
06:54:04;264;49,99;
06:54:10;261;50,00;
06:54:13;265;50,00;
06:54:16;264;50,00;
06:54:19;263;49,99;
06:54:25;269;49,99;
06:54:28;264;49,98;
06:54:31;263;49,98;
06:54:34;266;49,97;
06:54:37;265;49,97;
06:54:40;259;49,97;
06:54:43;264;49,98;
06:54:46;268;49,98;
06:54:49;265;49,98;
06:54:52;272;49,98;
06:54:55;264;49,99;
06:54:58;263;49,98;
06:55:01;274;49,99;
06:55:04;262;49,99;
06:55:07;272;49,99;
06:55:10;270;49,99;
06:55:16;277;49,99;
06:55:19;271;49,99;
06:55:22;275;49,98;
06:55:28;276;49,98;
06:55:31;275;49,98;
06:55:34;273;49,98;
06:55:37;278;49,99;
06:55:40;266;49,98;
06:55:43;273;49,99;
06:55:46;276;49,99;
06:55:49;277;49,99;
06:55:52;282;49,99;
06:55:55;275;50,00;
06:55:58;279;50,00;
06:56:04;282;50,00;
06:56:07;277;50,00;
06:56:10;276;50,00;
06:56:13;281;50,00;
06:56:16;277;49,99;
06:56:22;284;49,99;
06:56:25;286;50,00;
06:56:28;287;50,00;
06:56:37;283;50,00;
06:56:40;286;49,99;
06:56:43;284;50,00;
06:56:46;282;50,00;
06:56:49;278;50,00;
06:56:52;283;50,00;
06:56:55;288;50,00;
06:56:58;285;50,00;
06:57:01;290;50,00;
06:57:10;294;49,99;
06:57:13;292;49,99;
06:57:19;291;49,99;
06:57:22;292;49,99;
06:57:25;293;49,99;
06:57:28;292;49,99;
06:57:31;292;49,98;
06:57:34;284;49,98;
06:57:37;262;49,98;
06:57:40;261;49,99;
06:57:43;292;49,99;
06:57:46;299;49,98;
06:57:49;296;49,98;
06:57:52;297;49,99;
06:57:55;304;49,99;
06:57:58;294;49,99;
06:58:01;292;49,99;
06:58:04;301;49,99;
06:58:07;305;49,99;
06:58:13;293;49,99;
06:58:16;302;49,99;
06:58:19;309;49,99;
06:58:22;305;49,99;
06:58:25;309;49,98;
06:58:28;306;49,98;
06:58:31;311;49,99;
06:58:37;315;49,99;
06:58:40;320;49,99;
06:58:49;324;49,99;
06:58:52;325;50,00;
06:58:58;321;50,00;
06:59:01;328;50,00;
06:59:10;325;50,00;
06:59:13;326;50,00;
06:59:19;326;49,99;
06:59:22;329;49,99;
06:59:25;326;49,99;
06:59:28;325;50,00;
06:59:31;328;49,99;
06:59:34;330;49,99;
06:59:43;331;49,99;
06:59:46;328;49,98;
06:59:49;331;49,98;
06:59:52;328;49,98;
06:59:55;334;49,99;
06:59:58;339;49,99;
07:00:01;329;49,99;
07:00:04;326;50,00;
07:00:07;330;49,98;
07:00:10;327;49,98;
07:00:13;335;49,97;
07:00:19;336;49,97;
07:00:25;334;49,96;
07:00:28;339;49,96;
07:00:34;336;49,96;
07:00:37;339;49,96;
07:00:40;341;49,96;
07:00:43;339;49,96;
07:00:46;340;49,96;
07:00:49;339;49,97;
07:00:52;343;49,97;
07:00:55;341;49,98;
07:00:58;343;49,98;
07:01:01;349;49,98;
07:01:04;339;49,98;
07:01:07;346;49,99;
07:01:10;340;49,99;
07:01:13;347;50,00;
07:01:16;348;50,00;
07:01:19;351;50,01;
07:01:22;344;50,01;
07:01:25;346;50,01;
07:01:31;347;50,00;
07:01:34;348;50,00;
07:01:37;349;49,99;
07:01:40;350;49,99;
07:01:43;348;49,99;
07:01:46;352;49,99;
07:01:52;354;50,00;
07:01:55;349;50,00;
07:01:58;355;50,00;
07:02:01;353;50,00;
07:02:04;354;50,00;
07:02:07;352;50,00;
07:02:10;354;50,01;
07:02:16;356;50,01;
07:02:19;353;50,01;
07:02:22;359;50,01;
07:02:25;352;50,01;
07:02:28;356;50,00;
07:02:31;352;50,00;
07:02:34;357;50,00;
07:02:37;358;50,00;
07:02:40;358;49,99;
07:02:43;355;49,99;
07:02:46;357;49,99;
07:02:49;356;50,00;
07:02:52;356;49,99;
07:02:55;356;50,00;
07:02:58;361;50,00;
07:03:01;360;50,00;
07:03:07;356;49,99;
07:03:10;361;49,99;
07:03:22;364;50,00;
07:03:28;362;49,99;
07:03:31;363;49,99;
07:03:34;364;49,99;
07:03:37;366;49,98;
07:03:40;362;49,98;
07:03:43;365;49,98;
07:03:49;364;49,98;
07:03:52;369;49,99;
07:03:55;367;49,98;
07:03:58;367;49,99;
07:04:04;363;49,99;
07:04:07;367;49,98;
07:04:10;364;49,98;
07:04:13;367;49,98;
07:04:16;365;49,98;
07:04:19;366;49,98;
07:04:22;368;49,98;
07:04:34;366;49,98;
07:04:37;369;49,97;
07:04:40;371;49,98;
07:04:43;370;49,98;
07:04:46;373;49,98;
07:04:49;371;49,98;
07:04:52;374;49,98;
07:04:55;373;49,98;
07:04:58;373;49,97;
07:05:04;374;49,98;
07:05:10;376;49,97;
07:05:13;374;49,98;
07:05:19;375;49,98;
07:05:22;375;49,97;
07:05:25;374;49,97;
07:05:34;375;49,97;
07:05:37;376;49,97;
07:05:43;374;49,97;
07:05:46;378;49,97;
07:05:49;376;49,97;
07:05:52;370;49,98;
07:05:55;379;49,98;
07:05:58;376;49,99;
07:06:01;378;49,99;
07:06:04;382;49,99;
07:06:07;376;49,99;
07:06:10;374;49,99;
07:06:13;379;49,99;
07:06:19;369;49,99;
07:06:22;364;49,99;
07:06:25;371;49,99;
07:06:28;375;49,99;
07:06:34;379;49,98;
07:06:37;378;49,99;
07:06:40;380;49,99;
07:06:43;379;49,99;
07:06:46;372;50,00;
07:06:49;373;50,00;
07:06:52;374;50,01;
07:06:55;373;50,00;
07:06:58;382;50,01;
07:07:01;383;50,00;
07:07:04;381;50,00;
07:07:07;383;50,00;
07:07:13;384;50,01;
07:07:16;382;50,00;
07:07:19;383;50,01;
07:07:25;384;50,00;
07:07:28;382;50,00;
07:07:34;384;50,00;
07:07:37;383;50,00;
07:07:40;384;50,00;
07:07:46;383;50,00;
07:07:49;384;50,00;
07:07:52;387;50,00;
07:07:55;382;50,00;
07:07:58;389;50,00;
07:08:01;387;50,00;
07:08:07;388;50,00;
07:08:10;392;50,00;
07:08:13;383;50,00;
07:08:16;387;50,00;
07:08:19;389;50,00;
07:08:22;381;50,00;
07:08:25;388;50,00;
07:08:31;382;49,99;
07:08:34;389;49,99;
07:08:37;390;49,98;
07:08:40;391;49,98;
07:08:43;389;49,99;
07:08:46;390;49,99;
07:08:49;390;49,98;
07:08:58;394;49,98;
07:09:01;391;49,98;
07:09:04;393;49,98;
07:09:07;383;49,98;
07:09:10;392;49,98;
07:09:13;385;49,99;
07:09:16;384;49,99;
07:09:19;383;49,98;
07:09:22;388;49,98;
07:09:25;389;49,98;
07:09:28;394;49,98;
07:09:31;389;49,98;
07:09:37;394;49,98;
07:09:40;391;49,98;
07:09:43;390;49,98;
07:09:46;389;49,98;
07:09:49;392;49,98;
07:09:52;391;49,99;
07:09:58;394;50,00;
07:10:01;390;49,99;
07:10:04;395;49,99;
07:10:07;390;49,98;
07:10:10;396;49,98;
07:10:13;393;49,98;
07:10:16;392;49,99;
07:10:19;393;50,00;
07:10:22;394;49,99;
07:10:25;393;49,98;
07:10:28;391;49,98;
07:10:31;393;49,98;
07:10:34;397;49,98;
07:10:37;393;49,98;
07:10:43;392;49,99;
07:10:46;399;49,98;
07:10:52;396;49,99;
07:10:55;399;49,99;
07:10:58;400;50,00;
07:11:01;401;50,00;
07:11:04;399;50,00;
07:11:10;395;50,00;
07:11:13;401;50,00;
07:11:16;402;50,00;
07:11:22;397;49,99;
07:11:28;401;49,98;
07:11:31;398;49,98;
07:11:34;391;49,98;
07:11:37;399;49,98;
07:11:40;403;49,98;
07:11:43;401;49,98;
07:11:46;406;49,98;
07:11:49;401;49,98;
07:11:52;402;49,98;
07:11:55;406;49,99;
07:11:58;401;49,99;
07:12:01;404;50,00;
07:12:04;405;50,00;
07:12:07;406;49,99;
07:12:10;404;49,99;
07:12:13;402;49,99;
07:12:16;389;50,00;
07:12:19;396;50,00;
07:12:22;402;50,00;
07:12:25;396;50,00;
07:12:28;405;50,00;
07:12:34;395;49,99;
07:12:37;403;49,99;
07:12:40;392;49,99;
07:12:43;395;49,99;
07:12:46;404;50,00;
07:12:49;398;50,00;
07:12:52;404;50,00;
07:12:55;406;49,99;
07:12:58;397;50,00;
07:13:01;407;50,00;
07:13:04;408;50,00;
07:13:10;397;50,00;
07:13:13;410;50,00;
07:13:16;413;50,00;
07:13:19;409;50,00;
07:13:22;414;50,00;
07:13:25;407;50,00;
07:13:28;410;50,00;
07:13:31;416;50,00;
07:13:34;406;50,00;
07:13:40;406;49,99;
07:13:43;400;49,99;
07:13:46;401;50,00;
07:13:49;398;50,00;
07:13:52;402;50,00;
07:13:55;401;50,00;
07:14:01;400;50,00;
07:14:04;409;50,01;
07:14:07;405;50,01;
07:14:10;396;50,01;
07:14:13;409;50,01;
07:14:16;414;50,01;
07:14:19;401;50,01;
07:14:22;404;50,01;
07:14:25;407;50,01;
07:14:28;410;50,00;
07:14:31;405;50,00;
07:14:34;412;50,00;
07:14:37;414;49,99;
07:14:40;419;49,99;
07:14:46;421;49,99;
07:14:49;411;49,99;
07:14:55;407;49,99;
07:14:58;405;49,99;
07:15:01;403;50,00;
07:15:04;407;50,00;
07:15:10;405;50,00;
07:15:13;403;50,00;
07:15:16;410;50,00;
07:15:19;412;50,00;
07:15:22;407;50,00;
07:15:25;419;50,00;
07:15:31;422;49,99;
07:15:34;423;49,99;
07:15:37;411;49,98;
07:15:40;422;49,98;
07:15:43;425;49,98;
07:15:46;423;49,98;
07:15:49;424;49,99;
07:15:52;410;49,98;
07:15:55;423;49,98;
07:15:58;424;49,98;
07:16:01;416;49,99;
07:16:04;423;49,99;
07:16:07;429;50,00;
07:16:10;427;50,00;
07:16:13;426;50,00;
07:16:16;422;50,00;
07:16:19;428;49,99;
07:16:22;423;49,99;
07:16:25;416;49,99;
07:16:28;424;49,99;
07:16:31;411;49,99;
07:16:37;422;49,99;
07:16:40;421;49,99;
07:16:43;431;50,00;
07:16:46;432;50,00;
07:16:49;429;50,01;
07:16:52;419;50,01;
07:16:55;429;50,01;
07:16:58;421;50,00;
07:17:01;415;50,00;
07:17:04;413;50,00;
07:17:07;415;50,00;
07:17:10;422;50,00;
07:17:13;416;50,01;
07:17:16;414;50,01;
07:17:19;417;50,01;
07:17:22;424;50,01;
07:17:28;433;50,00;
07:17:31;435;50,00;
07:17:34;438;50,00;
07:17:37;437;50,00;
07:17:43;440;50,00;
07:17:46;437;50,00;
07:17:49;440;50,00;
07:17:52;427;50,00;
07:17:55;431;50,01;
07:17:58;424;50,01;
07:18:01;431;50,01;
07:18:04;426;50,01;
07:18:07;427;50,01;
07:18:10;424;50,01;
07:18:13;427;50,01;
07:18:16;428;50,01;
07:18:19;429;50,00;
07:18:22;427;50,00;
07:18:25;431;50,00;
07:18:28;433;50,00;
07:18:31;431;50,00;
07:18:34;429;50,00;
07:18:37;433;50,00;
07:18:40;432;50,00;
07:18:43;435;50,00;
07:18:52;434;50,00;
07:18:55;437;50,00;
07:18:58;435;50,00;
07:19:01;438;50,00;
07:19:04;436;50,00;
07:19:07;437;50,00;
07:19:10;438;50,00;
07:19:13;439;50,00;
07:19:16;447;50,01;
07:19:19;442;50,00;
07:19:22;434;50,00;
07:19:25;433;50,00;
07:19:28;431;50,00;
07:19:31;445;50,00;
07:19:37;441;50,01;
07:19:40;437;50,00;
07:19:43;442;50,00;
07:19:46;443;50,00;
07:19:49;441;50,00;
07:19:52;442;50,00;
07:19:55;440;50,00;
07:19:58;442;50,00;
07:20:01;443;49,99;
07:20:07;437;50,00;
07:20:10;445;49,99;
07:20:16;446;50,00;
07:20:19;440;50,00;
07:20:22;445;50,00;
07:20:25;446;50,00;
07:20:31;439;50,00;
07:20:34;446;49,99;
07:20:40;448;49,99;
07:20:43;441;49,99;
07:20:46;448;49,99;
07:20:49;450;49,99;
07:20:52;449;49,99;
07:20:55;442;49,99;
07:20:58;449;49,99;
07:21:04;451;50,00;
07:21:07;446;50,00;
07:21:10;453;50,00;
07:21:13;455;50,00;
07:21:16;454;50,00;
07:21:19;444;50,00;
07:21:22;458;50,00;
07:21:25;460;50,00;
07:21:28;455;50,00;
07:21:31;446;50,00;
07:21:34;454;50,00;
07:21:37;460;49,99;
07:21:40;456;49,99;
07:21:46;456;49,98;
07:21:49;454;49,98;
07:21:52;456;49,98;
07:21:58;457;49,98;
07:22:01;458;49,98;
07:22:04;456;49,99;
07:22:07;459;49,99;
07:22:10;460;49,99;
07:22:13;460;49,98;
07:22:16;461;49,98;
07:22:25;463;49,98;
07:22:28;458;49,98;
07:22:31;456;49,98;
07:22:34;457;49,98;
07:22:37;456;49,98;
07:22:40;464;49,98;
07:22:43;470;49,98;
07:22:46;469;49,98;
07:22:52;468;49,99;
07:22:55;467;49,99;
07:22:58;469;49,99;
07:23:01;468;49,99;
07:23:04;470;49,99;
07:23:07;469;49,99;
07:23:19;471;49,99;
07:23:22;472;49,99;
07:23:34;471;49,99;
07:23:37;472;49,99;
07:23:40;470;49,98;
07:23:46;468;49,98;
07:23:49;470;49,98;
07:23:52;469;49,98;
07:23:58;464;49,97;
07:24:01;467;49,97;
07:24:04;469;49,98;
07:24:07;470;49,98;
07:24:10;471;49,97;
07:24:13;472;49,97;
07:24:16;464;49,97;
07:24:19;471;49,97;
07:24:22;465;49,98;
07:24:25;470;49,99;
07:24:28;461;49,99;
07:24:31;470;49,99;
07:24:34;475;49,99;
07:24:37;471;49,98;
07:24:43;470;49,98;
07:24:46;475;49,98;
07:24:49;471;49,98;
07:24:52;470;49,98;
07:24:58;469;49,98;
07:25:04;468;49,98;
07:25:07;467;50,00;
07:25:10;468;50,00;
07:25:13;470;50,00;
07:25:16;470;50,01;
07:25:19;474;50,01;
07:25:25;475;50,01;
07:25:31;473;50,00;
07:25:37;474;50,00;
07:25:43;475;50,00;
07:25:49;476;50,00;
07:25:52;475;50,00;
07:25:55;474;50,01;
07:26:01;477;50,01;
07:26:04;474;50,01;
07:26:07;468;50,01;
07:26:10;472;50,01;
07:26:13;471;50,00;
07:26:19;473;50,00;
07:26:22;476;50,00;
07:26:25;469;49,99;
07:26:28;475;49,99;
07:26:31;469;49,99;
07:26:34;476;49,98;
07:26:37;467;49,99;
07:26:40;476;49,99;
07:26:43;477;50,00;
07:26:46;474;50,00;
07:26:49;467;50,00;
07:26:55;464;50,00;
07:26:58;468;50,00;
07:27:07;470;50,00;
07:27:10;468;50,00;
07:27:13;466;50,00;
07:27:16;468;50,00;
07:27:19;470;50,00;
07:27:22;467;50,00;
07:27:25;460;50,00;
07:27:28;464;49,99;
07:27:31;467;49,99;
07:27:34;462;49,99;
07:27:37;467;50,00;
07:27:40;461;50,00;
07:27:43;459;50,00;
07:27:46;462;49,99;
07:27:49;455;49,99;
07:27:52;465;49,99;
07:27:55;464;49,98;
07:28:01;462;49,97;
07:28:04;463;49,97;
07:28:07;475;49,98;
07:28:10;470;49,99;
07:28:13;464;50,00;
07:28:16;466;50,00;
07:28:19;468;50,00;
07:28:25;460;49,98;
07:28:28;465;49,98;
07:28:31;474;49,98;
07:28:34;466;49,98;
07:28:37;465;49,98;
07:28:40;472;49,98;
07:28:43;473;49,98;
07:28:46;474;49,99;
07:28:49;475;49,99;
07:28:52;477;49,99;
07:28:55;478;49,99;
07:28:58;481;49,99;
07:29:01;490;49,99;
07:29:04;503;50,00;
07:29:07;491;50,00;
07:29:10;506;50,00;
07:29:13;507;50,00;
07:29:16;502;50,00;
07:29:19;504;50,00;
07:29:22;507;50,00;
07:29:25;505;50,00;
07:29:28;489;50,00;
07:29:31;510;50,00;
07:29:34;511;49,99;
07:29:37;518;49,99;
07:29:40;512;49,98;
07:29:43;521;49,98;
07:29:46;518;49,98;
07:29:52;513;49,98;
07:29:55;526;49,99;
07:29:58;521;49,99;
07:30:01;524;49,99;
07:30:04;518;49,99;
07:30:07;525;49,98;
07:30:10;523;49,98;
07:30:13;516;49,98;
07:30:16;519;49,98;
07:30:19;522;49,97;
07:30:22;516;49,97;
07:30:25;518;49,97;
07:30:28;523;49,98;
07:30:31;522;49,98;
07:30:34;523;49,98;
07:30:37;524;49,98;
07:30:40;522;49,97;
07:30:43;525;49,97;
07:30:46;521;49,98;
07:30:49;526;49,98;
07:30:52;529;49,98;
07:30:58;528;49,98;
07:31:01;526;49,98;
07:31:04;527;49,98;
07:31:07;529;49,98;
07:31:10;526;49,98;
07:31:13;527;49,98;
07:31:16;528;49,98;
07:31:19;530;49,98;
07:31:22;538;49,97;
07:31:25;534;49,97;
07:31:28;548;49,98;
07:31:31;537;49,98;
07:31:34;567;49,98;
07:31:37;560;49,97;
07:31:40;569;49,97;
07:31:43;572;49,97;
07:31:46;579;49,98;
07:31:49;577;49,98;
07:31:52;578;49,98;
07:31:55;574;49,98;
07:31:58;570;49,98;
07:32:04;566;49,99;
07:32:10;565;50,00;
07:32:13;571;50,00;
07:32:16;570;49,99;
07:32:19;572;49,99;
07:32:22;575;49,99;
07:32:25;575;49,98;
07:32:28;584;49,98;
07:32:31;570;49,97;
07:32:34;594;49,97;
07:32:37;582;49,97;
07:32:40;603;49,98;
07:32:43;599;49,98;
07:32:46;601;49,98;
07:32:49;632;49,98;
07:32:52;657;49,99;
07:32:55;674;49,99;
07:32:58;689;49,99;
07:33:01;703;50,00;
07:33:04;708;50,00;
07:33:10;710;50,00;
07:33:13;699;49,99;
07:33:16;700;49,99;
07:33:19;702;49,98;
07:33:22;704;49,98;
07:33:25;701;49,98;
07:33:28;704;49,98;
07:33:34;706;49,97;
07:33:37;707;49,97;
07:33:40;709;49,97;
07:33:43;713;49,96;
07:33:46;718;49,97;
07:33:49;720;49,97;
07:33:55;726;49,98;
07:33:58;730;49,98;
07:34:01;731;49,98;
07:34:04;733;49,98;
07:34:07;725;49,98;
07:34:10;722;49,98;
07:34:16;720;49,97;
07:34:19;712;49,98;
07:34:22;714;49,98;
07:34:25;714;49,97;
07:34:28;721;49,97;
07:34:31;726;49,97;
07:34:34;733;49,97;
07:34:37;737;49,97;
07:34:40;746;49,97;
07:34:43;755;49,97;
07:34:46;763;49,97;
07:34:49;768;49,98;
07:34:52;769;49,98;
07:34:55;773;49,99;
07:35:01;777;50,00;
07:35:04;774;50,00;
07:35:07;781;49,99;
07:35:16;780;50,00;
07:35:19;788;50,00;
07:35:22;790;50,00;
07:35:25;788;50,00;
07:35:28;779;50,00;
07:35:31;778;49,99;
07:35:34;772;49,99;
07:35:37;762;49,98;
07:35:40;753;49,98;
07:35:43;756;49,98;
07:35:46;751;49,99;
07:35:49;750;49,99;
07:35:52;744;50,00;
07:35:55;747;50,00;
07:35:58;748;50,00;
07:36:01;759;50,00;
07:36:07;774;50,00;
07:36:10;780;49,99;
07:36:13;780;50,00;
07:36:16;769;50,00;
07:36:19;764;49,99;
07:36:22;760;49,99;
07:36:25;763;49,99;
07:36:28;771;49,99;
07:36:31;806;49,99;
07:36:34;815;49,99;
07:36:37;835;49,98;
07:36:40;837;49,98;
07:36:43;846;49,98;
07:36:46;842;49,98;
07:36:49;842;49,97;
07:36:52;828;49,97;
07:36:55;826;49,98;
07:36:58;820;49,98;
07:37:00;826;49,99;
07:37:02;823;49,99;
07:37:04;827;49,99;
07:37:06;829;49,99;
07:37:11;831;49,99;
07:37:13;837;49,98;
07:37:20;844;49,99;
07:37:22;837;49,99;
07:37:24;832;49,99;
07:37:26;820;50,00;
07:37:28;818;50,00;
07:37:35;808;50,00;
07:37:38;776;50,00;
07:37:41;768;50,00;
07:37:43;770;50,00;
07:37:45;776;50,00;
07:37:49;778;50,00;
07:37:52;776;50,00;
07:37:57;752;50,01;
07:37:59;743;50,01;
07:38:02;738;50,01;
07:38:04;739;50,01;
07:38:06;734;50,01;
07:38:09;751;50,01;
07:38:16;760;50,01;
07:38:19;786;50,01;
07:38:21;792;50,00;
07:38:24;790;50,00;
07:38:26;797;50,00;
07:38:28;795;50,00;
07:38:31;802;50,01;
07:38:38;800;50,01;
07:38:42;805;50,01;
07:38:45;814;50,01;
07:38:47;824;50,00;
07:38:49;839;50,01;
07:38:52;847;50,01;
07:38:55;850;50,01;
07:38:57;872;50,01;
07:39:01;876;50,01;
07:39:03;866;50,01;
07:39:06;852;50,00;
07:39:08;847;50,00;
07:39:10;825;50,00;
07:39:13;821;50,00;
07:39:20;825;50,00;
07:39:24;827;49,99;
07:39:27;829;49,99;
07:39:29;827;50,00;
07:39:31;835;50,00;
07:39:33;841;50,00;
07:39:36;844;50,00;
07:39:38;854;50,00;
07:39:40;863;49,99;
07:39:43;869;50,00;
07:39:51;884;49,99;
07:39:54;891;49,99;
07:39:56;886;49,99;
07:39:59;890;49,99;
07:40:03;897;49,99;
07:40:11;913;49,99;
07:40:13;917;49,99;
07:40:15;923;49,99;
07:40:18;929;49,98;
07:40:20;931;49,98;
07:40:22;947;49,98;
07:40:25;949;49,99;
07:40:33;939;49,98;
07:40:36;925;49,98;
07:40:38;926;49,98;
07:40:41;933;49,98;
07:40:45;947;49,99;
07:40:52;948;49,99;
07:40:55;956;50,00;
07:40:57;960;50,00;
07:41:00;967;50,00;
07:41:02;965;50,00;
07:41:04;971;50,00;
07:41:10;972;49,99;
07:41:12;976;49,99;
07:41:16;980;49,99;
07:41:20;982;50,00;
07:41:23;984;50,00;
07:41:27;973;49,99;
07:41:30;980;49,98;
07:41:32;983;49,98;
07:41:39;996;49,98;
07:41:42;999;49,98;
07:41:44;1000;49,99;
07:41:48;1005;50,00;
07:41:55;1020;49,99;
07:41:59;1024;49,99;
07:42:02;1029;49,98;
07:42:04;1037;49,98;
07:42:10;1029;49,99;
07:42:12;994;49,99;
07:42:15;989;49,99;
07:42:24;991;49,98;
07:42:28;1022;49,98;
07:42:32;1040;49,97;
07:42:35;1054;49,98;
07:42:38;1051;49,98;
07:42:43;1048;49,98;
07:42:45;1039;49,98;
07:42:51;1053;49,98;
07:42:54;1072;49,98;
07:42:56;1076;49,99;
07:42:59;1080;49,99;
07:43:03;1085;49,99;
07:43:05;1089;50,00;
07:43:11;1088;50,00;
07:43:15;1094;50,00;
07:43:19;1093;50,00;
07:43:24;1086;49,99;
07:43:26;1091;49,99;
07:43:28;1086;49,98;
07:43:30;1088;49,97;
07:43:32;1092;49,97;
07:43:35;1088;49,97;
07:43:37;1094;49,98;
07:43:39;1091;49,97;
07:43:43;1094;49,98;
07:43:50;1092;49,98;
07:43:53;1075;49,97;
07:43:55;1068;49,96;
07:44:01;1061;49,97;
07:44:05;1058;49,97;
07:44:09;1066;49,97;
07:44:13;1082;49,97;
07:44:15;1066;49,96;
07:44:21;1068;49,96;
07:44:28;1061;49,97;
07:44:35;1070;49,97;
07:44:38;1065;49,97;
07:44:40;1062;49,97;
07:44:43;1064;49,97;
07:44:44;1057;49,98;
07:44:48;1049;49,98;
07:44:56;1043;49,98;
07:44:59;1057;49,98;
07:45:03;1064;49,97;
07:45:06;1067;49,98;
07:45:09;1069;49,98;
07:45:19;1092;49,98;
07:45:22;1097;49,97;
07:45:25;1105;49,97;
07:45:28;1094;49,98;
07:45:31;1101;49,98;
07:45:36;1098;49,99;
07:45:38;1107;49,99;
07:45:40;1105;50,00;
07:45:43;1114;50,00;
07:45:46;1118;50,00;
07:45:49;1119;50,00;
07:45:56;1120;50,00;
07:45:59;1126;49,99;
07:46:02;1108;49,99;
07:46:05;1102;49,99;
07:46:08;1087;49,99;
07:46:11;1083;49,99;
07:46:15;1070;49,99;
07:46:18;1053;49,99;
07:46:24;1040;49,98;
07:46:27;1049;49,98;
07:46:30;1054;49,98;
07:46:33;1067;49,98;
07:46:34;1075;49,98;
07:46:38;1086;49,98;
07:46:45;1085;49,98;
07:46:49;1088;49,98;
07:46:53;1100;49,97;
07:46:56;1101;49,97;
07:46:59;1114;49,97;
07:47:03;1112;49,97;
07:47:06;1129;49,97;
07:47:09;1142;49,97;
07:47:13;1141;49,97;
07:47:16;1137;49,98;
07:47:19;1138;49,97;
07:47:22;1140;49,97;
07:47:25;1141;49,97;
07:47:31;1133;49,97;
07:47:35;1131;49,98;
07:47:39;1099;49,98;
07:47:43;1091;49,98;
07:47:46;1092;49,98;
07:47:49;1100;49,97;
07:47:51;1102;49,98;
07:47:54;1119;49,98;
07:47:57;1129;49,98;
07:48:00;1136;49,98;
07:48:05;1142;49,97;
07:48:11;1143;49,97;
07:48:14;1157;49,97;
07:48:15;1183;49,96;
07:48:22;1192;49,96;
07:48:26;1201;49,96;
07:48:29;1192;49,96;
07:48:32;1187;49,96;
07:48:37;1174;49,96;
07:48:40;1178;49,98;
07:48:43;1197;49,98;
07:48:46;1201;49,98;
07:48:49;1216;49,98;
07:48:52;1215;49,98;
07:48:56;1219;49,98;
07:48:59;1209;49,98;
07:49:01;1202;49,99;
07:49:04;1196;49,99;
07:49:05;1206;50,00;
07:49:11;1216;49,99;
07:49:14;1227;49,99;
07:49:15;1234;49,98;
07:49:21;1236;49,98;
07:49:24;1238;49,98;
07:49:25;1235;49,98;
07:49:31;1235;49,97;
07:49:34;1227;49,97;
07:49:35;1228;49,97;
07:49:42;1225;49,97;
07:49:46;1216;49,98;
07:49:49;1211;49,98;
07:49:52;1201;49,98;
07:49:56;1187;49,99;
07:49:59;1170;50,00;
07:50:06;1164;50,01;
07:50:09;1149;50,00;
07:50:12;1153;50,00;
07:50:16;1160;50,00;
07:50:19;1182;49,99;
07:50:22;1176;49,99;
07:50:26;1170;49,99;
07:50:29;1127;49,99;
07:50:32;1118;49,98;
07:50:37;1117;49,98;
07:50:40;1130;49,98;
07:50:43;1154;49,99;
07:50:49;1162;49,99;
07:50:52;1161;49,99;
07:50:56;1167;49,99;
07:50:59;1174;49,98;
07:51:11;1190;49,98;
07:51:14;1192;49,98;
07:51:15;1194;49,97;
07:51:21;1212;49,97;
07:51:24;1217;49,96;
07:51:27;1234;49,96;
07:51:33;1232;49,97;
07:51:36;1222;49,97;
07:51:42;1218;49,98;
07:51:46;1223;49,98;
07:51:49;1215;49,98;
07:51:50;1215;49,99;
07:51:57;1219;49,99;
07:52:00;1206;49,99;
07:52:03;1205;49,98;
07:52:06;1200;49,99;
07:52:09;1208;49,98;
07:52:13;1213;49,98;
07:52:19;1237;49,98;
07:52:22;1258;49,99;
07:52:26;1263;49,99;
07:52:29;1268;49,99;
07:52:32;1259;50,00;
07:52:36;1257;49,99;
07:52:39;1255;49,99;
07:52:42;1261;50,00;
07:52:46;1258;50,00;
07:52:49;1250;50,00;
07:52:52;1253;50,00;
07:52:56;1256;50,00;
07:52:59;1259;50,00;
07:53:02;1238;50,00;
07:53:05;1226;50,00;
07:53:08;1200;49,99;
07:53:11;1191;49,99;
07:53:14;1171;49,99;
07:53:17;1165;49,99;
07:53:20;1156;49,99;
07:53:23;1146;49,99;
07:53:26;1125;49,99;
07:53:29;1124;49,98;
07:53:32;1118;49,98;
07:53:35;1114;49,98;
07:53:38;1120;49,98;
07:53:41;1127;49,98;
07:53:44;1133;49,98;
07:53:45;1151;49,98;
07:53:48;1163;49,98;
07:53:51;1173;49,98;
07:53:54;1202;49,98;
07:53:57;1212;49,98;
07:54:00;1220;49,97;
07:54:03;1221;49,97;
07:54:09;1215;49,98;
07:54:12;1204;49,98;
07:54:16;1199;49,98;
07:54:19;1200;49,97;
07:54:22;1221;49,96;
07:54:25;1228;49,97;
07:54:28;1248;49,96;
07:54:31;1273;49,97;
07:54:34;1295;49,97;
07:54:37;1304;49,98;
07:54:40;1323;49,98;
07:54:43;1337;49,98;
07:54:46;1345;49,98;
07:54:52;1345;49,99;
07:54:55;1347;49,99;
07:54:58;1351;50,00;
07:55:01;1360;50,00;
07:55:04;1372;49,99;
07:55:07;1379;49,99;
07:55:10;1381;49,99;
07:55:13;1385;49,99;
07:55:19;1384;49,99;
07:55:22;1378;49,99;
07:55:25;1377;49,99;
07:55:28;1368;49,99;
07:55:31;1365;49,99;
07:55:34;1363;49,99;
07:55:35;1379;49,98;
07:55:38;1382;49,98;
07:55:39;1394;49,98;
07:55:42;1390;49,98;
07:55:46;1381;49,98;
07:55:49;1386;49,98;
07:55:52;1393;49,99;
07:55:58;1410;49,99;
07:56:01;1414;49,99;
07:56:04;1410;49,98;
07:56:05;1422;49,98;
07:56:11;1434;49,98;
07:56:14;1435;49,98;
07:56:15;1439;49,99;
07:56:21;1448;49,99;
07:56:24;1446;49,98;
07:56:27;1456;49,98;
07:56:30;1455;49,98;
07:56:33;1472;49,98;
07:56:36;1470;49,98;
07:56:39;1483;49,98;
07:56:42;1491;49,98;
07:56:45;1508;49,98;
07:56:48;1506;49,98;
07:56:51;1530;49,99;
07:56:54;1533;49,99;
07:56:57;1556;50,00;
07:57:00;1555;50,00;
07:57:03;1573;50,00;
07:57:06;1587;50,01;
07:57:09;1596;50,00;
07:57:12;1590;50,00;
07:57:15;1596;50,00;
07:57:18;1598;50,00;
07:57:21;1601;50,00;
07:57:27;1586;50,00;
07:57:30;1581;50,00;
07:57:33;1579;50,01;
07:57:36;1570;50,00;
07:57:39;1596;50,00;
07:57:42;1608;50,00;
07:57:46;1600;50,00;
07:57:49;1580;49,99;
07:57:52;1569;49,99;
07:57:55;1549;49,98;
07:57:58;1555;49,98;
07:58:01;1578;49,98;
07:58:04;1588;49,98;
07:58:07;1600;49,98;
07:58:10;1599;49,98;
07:58:13;1615;49,99;
07:58:16;1619;49,99;
07:58:22;1636;50,00;
07:58:25;1642;50,00;
07:58:28;1653;49,99;
07:58:31;1661;49,99;
07:58:34;1671;49,98;
07:58:37;1673;49,98;
07:58:40;1680;49,98;
07:58:43;1675;49,98;
07:58:46;1691;49,98;
07:58:49;1700;49,98;
07:58:55;1694;49,98;
07:58:58;1710;49,98;
07:59:01;1717;49,98;
07:59:04;1725;49,97;
07:59:07;1714;49,97;
07:59:10;1728;49,98;
07:59:13;1723;49,98;
07:59:16;1711;49,98;
07:59:19;1610;49,98;
07:59:22;1591;49,98;
07:59:25;1572;49,98;
07:59:28;1590;49,98;
07:59:31;1617;49,99;
07:59:34;1648;49,99;
07:59:37;1661;49,99;
07:59:40;1682;49,99;
07:59:43;1685;49,98;
07:59:46;1702;49,98;
07:59:49;1710;49,98;
07:59:52;1721;49,98;
07:59:55;1731;49,98;
08:00:01;1764;49,98;
08:00:04;1776;49,98;
08:00:07;1787;49,98;
08:00:10;1795;49,99;
08:00:13;1786;50,00;
08:00:16;1806;49,99;
08:00:19;1809;49,99;
08:00:22;1807;49,99;
08:00:25;1800;49,98;
08:00:28;1819;49,99;
08:00:31;1818;49,99;
08:00:34;1819;49,99;
08:00:46;1828;49,98;
08:00:49;1831;49,98;
08:00:52;1834;49,98;
08:00:55;1839;49,98;
08:01:01;1846;49,98;
08:01:04;1833;49,98;
08:01:07;1844;49,98;
08:01:13;1852;49,98;
08:01:16;1854;49,98;
08:01:19;1865;49,98;
08:01:22;1877;49,98;
08:01:25;1887;49,98;
08:01:28;1891;49,98;
08:01:31;1896;49,98;
08:01:34;1899;49,99;
08:01:37;1900;49,99;
08:01:40;1895;50,00;
08:01:43;1900;50,00;
08:01:46;1899;49,99;
08:01:52;1895;49,99;
08:01:55;1895;50,00;
08:01:58;1898;50,00;
08:02:01;1908;50,01;
08:02:04;1918;50,01;
08:02:07;1913;50,00;
08:02:10;1913;50,01;
08:02:13;1905;50,00;
08:02:16;1912;50,00;
08:02:19;1919;49,99;
08:02:22;1923;49,99;
08:02:25;1927;49,99;
08:02:28;1915;50,00;
08:02:31;1914;50,00;
08:02:34;1902;49,99;
08:02:37;1896;50,00;
08:02:40;1897;50,00;
08:02:43;1910;50,00;
08:02:46;1923;50,00;
08:02:49;1931;50,00;
08:02:52;1939;49,99;
08:02:58;1958;49,99;
08:03:01;1944;50,00;
08:03:07;1934;49,99;
08:03:10;1937;49,99;
08:03:13;1953;50,00;
08:03:16;1961;50,00;
08:03:19;1975;50,00;
08:03:22;1982;50,00;
08:03:25;1980;50,00;
08:03:28;1969;49,99;
08:03:31;1963;49,99;
08:03:34;1975;49,98;
08:03:37;1977;49,98;
08:03:40;1972;49,98;
08:03:43;1971;49,98;
08:03:46;1990;49,99;
08:03:49;1992;49,99;
08:03:52;1991;49,99;
08:03:55;1990;49,99;
08:03:58;1970;50,00;
08:04:04;1936;50,00;
08:04:07;1912;50,00;
08:04:10;1887;50,00;
08:04:13;1897;50,00;
08:04:16;1938;50,00;
08:04:19;1956;50,00;
08:04:22;1975;50,00;
08:04:25;1986;49,99;
08:04:28;2022;49,99;
08:04:31;2039;49,99;
08:04:34;2055;49,99;
08:04:37;2043;49,99;
08:04:40;2017;49,98;
08:04:43;1989;49,98;
08:04:46;1957;49,98;
08:04:49;1939;49,98;
08:04:52;1979;49,99;
08:04:55;1997;49,99;
08:04:58;2026;50,00;
08:05:01;2046;50,00;
08:05:04;2074;50,00;
08:05:07;2075;50,00;
08:05:10;2050;50,00;
08:05:13;2034;50,00;
08:05:16;2045;50,00;
08:05:19;2079;50,00;
08:05:22;2090;50,00;
08:05:25;2105;49,99;
08:05:28;2109;49,98;
08:05:31;2103;49,98;
08:05:34;2091;49,98;
08:05:37;2085;49,99;
08:05:40;2096;49,99;
08:05:43;2101;50,00;
08:05:46;2105;49,99;
08:05:49;2117;49,99;
08:05:55;2147;49,99;
08:05:58;2135;50,00;
08:06:01;2071;50,00;
08:06:04;2067;50,00;
08:06:07;2038;49,99;
08:06:10;2019;49,99;
08:06:13;2017;49,99;
08:06:16;2006;49,99;
08:06:19;2004;50,00;
08:06:22;1990;50,00;
08:06:25;1981;50,00;
08:06:28;1971;50,00;
08:06:31;1993;50,00;
08:06:34;1999;50,00;
08:06:37;2004;50,00;
08:06:40;1972;50,01;
08:06:43;1992;50,00;
08:06:46;2008;50,00;
08:06:49;2031;50,00;
08:06:52;2018;50,00;
08:06:55;2012;50,00;
08:07:01;1979;50,00;
08:07:04;1945;49,99;
08:07:07;1860;49,99;
08:07:10;1815;49,99;
08:07:13;1826;49,99;
08:07:16;1844;49,99;
08:07:19;1858;49,99;
08:07:22;1872;49,99;
08:07:25;1927;49,98;
08:07:28;1949;49,98;
08:07:31;1997;49,98;
08:07:34;2012;49,97;
08:07:37;2038;49,97;
08:07:40;2013;49,97;
08:07:43;2027;49,97;
08:07:46;2030;49,98;
08:07:49;2041;49,98;
08:07:52;2029;49,98;
08:07:55;1957;49,98;
08:07:58;1894;49,98;
08:08:01;1831;49,98;
08:08:07;1833;49,99;
08:08:10;1842;49,99;
08:08:13;1851;49,99;
08:08:16;1837;49,99;
08:08:19;1800;49,99;
08:08:22;1762;49,99;
08:08:25;1761;49,99;
08:08:28;1742;49,99;
08:08:31;1672;49,98;
08:08:34;1649;49,98;
08:08:37;1637;49,97;
08:08:40;1642;49,97;
08:08:43;1710;49,97;
08:08:46;1728;49,97;
08:08:49;1762;49,98;
08:08:52;1794;49,98;
08:08:55;1774;49,99;
08:08:58;1723;49,99;
08:09:01;1679;49,99;
08:09:04;1662;49,99;
08:09:07;1669;49,99;
08:09:13;1650;50,00;
08:09:16;1631;50,00;
08:09:19;1600;50,00;
08:09:22;1601;49,99;
08:09:25;1664;49,99;
08:09:28;1695;49,98;
08:09:31;1712;49,98;
08:09:34;1729;49,98;
08:09:37;1754;49,97;
08:09:40;1789;49,97;
08:09:43;1803;49,97;
08:09:46;1836;49,98;
08:09:49;1832;49,98;
08:09:52;1836;49,98;
08:09:58;1801;49,98;
08:10:01;1789;49,98;
08:10:04;1814;49,98;
08:10:07;1828;49,98;
08:10:10;1862;49,98;
08:10:13;1868;49,98;
08:10:16;1915;49,98;
08:10:19;1937;49,97;
08:10:22;1935;49,97;
08:10:25;1916;49,98;
08:10:28;1956;49,98;
08:10:31;1966;49,98;
08:10:34;1975;49,98;
08:10:37;1960;49,98;
08:10:40;1969;49,98;
08:10:43;1931;49,98;
08:10:46;1869;49,99;
08:10:49;1816;49,99;
08:10:52;1790;50,00;
08:10:55;1796;50,00;
08:10:58;1853;49,99;
08:11:04;1944;49,99;
08:11:07;1961;49,99;
08:11:10;1976;49,98;
08:11:13;1969;49,98;
08:11:16;1994;49,98;
08:11:19;1998;49,98;
08:11:22;2004;49,98;
08:11:25;2028;49,98;
08:11:28;2095;49,98;
08:11:31;2096;49,98;
08:11:34;2033;49,98;
08:11:37;1992;49,98;
08:11:40;1963;49,98;
08:11:43;1965;49,98;
08:11:46;1970;49,99;
08:11:49;1972;49,99;
08:11:52;1998;49,99;
08:11:55;2022;49,98;
08:11:58;2073;49,98;
08:12:01;2073;49,99;
08:12:04;2013;49,98;
08:12:10;1939;49,96;
08:12:13;1960;49,96;
08:12:16;2051;49,96;
08:12:19;2091;49,97;
08:12:22;2134;49,97;
08:12:25;2148;49,97;
08:12:28;2141;49,97;
08:12:31;2164;49,97;
08:12:34;2172;49,96;
08:12:37;2178;49,96;
08:12:40;2187;49,96;
08:12:43;2180;49,97;
08:12:46;2085;49,97;
08:12:49;2033;49,98;
08:12:52;1983;49,98;
08:12:55;1997;49,98;
08:12:58;2050;49,98;
08:13:01;2090;49,98;
08:13:04;2150;49,98;
08:13:07;2163;49,98;
08:13:10;2137;49,98;
08:13:16;2080;49,98;
08:13:19;2088;49,98;
08:13:22;2118;49,97;
08:13:25;2138;49,98;
08:13:28;2154;49,97;
08:13:31;2155;49,97;
08:13:34;2156;49,97;
08:13:37;2159;49,97;
08:13:40;2167;49,98;
08:13:43;2169;49,97;
08:13:46;2183;49,97;
08:13:49;2192;49,97;
08:13:52;2220;49,97;
08:13:55;2228;49,98;
08:13:58;2223;49,98;
08:14:01;2195;49,98;
08:14:04;2146;49,97;
08:14:07;2125;49,97;
08:14:10;2103;49,97;
08:14:13;2071;49,97;
08:14:16;2058;49,97;
08:14:19;2069;49,97;
08:14:22;2092;49,98;
08:14:25;2087;49,98;
08:14:28;2054;49,98;
08:14:31;2019;49,98;
08:14:34;2028;49,98;
08:14:37;2075;49,97;
08:14:40;2100;49,98;
08:14:43;2115;49,97;
08:14:46;2153;49,97;
08:14:49;2134;49,97;
08:14:52;2107;49,97;
08:14:55;2044;49,97;
08:14:58;2029;49,97;
08:15:01;2049;49,97;
08:15:07;2152;49,98;
08:15:10;2166;49,98;
08:15:13;2131;49,98;
08:15:16;2098;49,98;
08:15:19;2080;49,98;
08:15:22;2088;49,98;
08:15:25;2091;49,98;
08:15:28;2086;49,98;
08:15:31;2122;49,98;
08:15:34;2128;49,98;
08:15:37;2109;49,98;
08:15:40;2090;49,98;
08:15:43;2093;49,99;
08:15:46;2109;49,98;
08:15:49;2108;49,98;
08:15:52;2083;49,98;
08:15:55;2055;49,98;
08:15:58;2052;49,98;
08:16:01;2062;49,98;
08:16:04;2063;49,98;
08:16:07;2064;49,98;
08:16:13;2076;49,98;
08:16:16;2083;49,98;
08:16:19;2114;49,97;
08:16:22;2157;49,97;
08:16:25;2187;49,97;
08:16:28;2160;49,97;
08:16:31;2128;49,96;
08:16:34;2097;49,96;
08:16:37;2091;49,98;
08:16:40;2114;49,98;
08:16:43;2109;49,98;
08:16:46;2115;49,98;
08:16:49;2115;49,99;
08:16:52;2118;50,00;
08:16:55;2129;50,00;
08:16:58;2150;50,00;
08:17:01;2178;50,00;
08:17:04;2189;49,99;
08:17:07;2195;49,98;
08:17:10;2217;49,98;
08:17:13;2243;49,98;
08:17:19;2223;49,98;
08:17:22;2222;49,98;
08:17:25;2190;49,98;
08:17:28;2170;49,98;
08:17:31;2128;49,98;
08:17:34;2131;49,98;
08:17:37;2124;49,98;
08:17:40;2115;49,98;
08:17:43;2159;49,98;
08:17:46;2187;49,98;
08:17:49;2186;49,99;
08:17:52;2181;50,00;
08:17:55;2160;50,00;
08:17:58;2172;50,00;
08:18:01;2180;50,00;
08:18:04;2208;50,00;
08:18:07;2216;50,00;
08:18:10;2232;50,00;
08:18:13;2238;50,00;
08:18:16;2241;50,00;
08:18:19;2239;50,00;
08:18:25;2273;50,00;
08:18:28;2286;50,01;
08:18:31;2278;50,00;
08:18:34;2286;50,00;
08:18:37;2260;50,00;
08:18:40;2241;50,00;
08:18:43;2215;50,00;
08:18:46;2195;50,00;
08:18:49;2204;50,01;
08:18:52;2219;50,00;
08:18:55;2222;50,01;
08:18:58;2212;50,00;
08:19:01;2206;50,00;
08:19:04;2194;50,00;
08:19:10;2183;50,00;
08:19:13;2196;50,00;
08:19:16;2238;50,00;
08:19:19;2253;50,01;
08:19:22;2254;50,01;
08:19:25;2248;50,00;
08:19:28;2214;50,00;
08:19:31;2187;50,00;
08:19:34;2134;50,00;
08:19:37;2148;50,00;
08:19:40;2169;49,99;
08:19:43;2184;49,99;
08:19:46;2202;49,99;
08:19:49;2220;49,99;
08:19:52;2233;50,00;
08:19:55;2250;49,99;
08:19:58;2242;50,00;
08:20:01;2249;50,00;
08:20:04;2228;50,01;
08:20:07;2217;50,01;
08:20:10;2199;50,01;
08:20:16;2237;50,01;
08:20:19;2238;50,01;
08:20:22;2234;50,00;
08:20:25;2242;50,00;
08:20:28;2249;50,00;
08:20:31;2266;50,00;
08:20:34;2284;50,00;
08:20:37;2297;50,00;
08:20:40;2352;50,00;
08:20:43;2359;50,00;
08:20:46;2357;50,00;
08:20:49;2366;50,00;
08:20:52;2352;50,00;
08:20:55;2340;50,00;
08:20:58;2335;50,00;
08:21:01;2330;50,00;
08:21:04;2344;50,00;
08:21:07;2357;50,00;
08:21:10;2374;50,00;
08:21:13;2395;49,99;
08:21:16;2406;50,00;
08:21:22;2379;50,00;
08:21:25;2372;50,00;
08:21:28;2350;50,00;
08:21:31;2334;49,99;
08:21:34;2303;50,00;
08:21:37;2292;50,00;
08:21:40;2287;50,00;
08:21:43;2294;50,01;
08:21:46;2322;50,00;
08:21:49;2330;50,00;
08:21:52;2350;49,99;
08:21:55;2345;50,00;
08:21:58;2364;49,99;
08:22:01;2368;49,99;
08:22:07;2360;49,99;
08:22:10;2333;49,99;
08:22:13;2303;49,99;
08:22:16;2266;49,99;
08:22:19;2255;49,99;
08:22:22;2264;49,99;
08:22:28;2301;49,98;
08:22:31;2292;49,98;
08:22:37;2290;49,98;
08:22:40;2285;49,98;
08:22:43;2276;49,98;
08:22:46;2274;49,98;
08:22:49;2268;49,98;
08:22:52;2254;49,99;
08:22:55;2249;49,99;
08:22:58;2252;50,00;
08:23:01;2247;50,00;
08:23:04;2265;50,00;
08:23:07;2271;50,00;
08:23:10;2285;50,00;
08:23:13;2306;50,00;
08:23:16;2324;50,00;
08:23:19;2332;50,00;
08:23:22;2330;50,00;
08:23:25;2312;50,00;
08:23:28;2301;49,99;
08:23:31;2282;49,99;
08:23:34;2268;49,99;
08:23:37;2271;50,00;
08:23:40;2282;50,00;
08:23:43;2295;50,00;
08:23:46;2310;50,00;
08:23:49;2331;50,01;
08:23:52;2358;50,01;
08:23:55;2370;50,01;
08:23:58;2394;50,00;
08:24:01;2429;50,01;
08:24:04;2440;50,01;
08:24:07;2436;50,01;
08:24:10;2455;50,01;
08:24:13;2445;50,01;
08:24:19;2446;50,00;
08:24:22;2454;50,00;
08:24:25;2463;50,00;
08:24:28;2460;50,00;
08:24:31;2416;49,99;
08:24:34;2411;50,00;
08:24:37;2410;50,00;
08:24:40;2413;50,00;
08:24:43;2419;50,01;
08:24:46;2426;50,00;
08:24:49;2490;50,00;
08:24:52;2513;50,00;
08:24:55;2508;49,99;
08:24:58;2477;49,99;
08:25:01;2469;49,99;
08:25:04;2430;49,98;
08:25:07;2396;49,98;
08:25:10;2378;49,98;
08:25:13;2368;49,97;
08:25:16;2360;49,97;
08:25:19;2348;49,97;
08:25:25;2340;49,98;
08:25:28;2344;49,99;
08:25:31;2358;49,99;
08:25:34;2336;50,00;
08:25:37;2300;50,00;
08:25:40;2284;50,00;
08:25:43;2291;49,99;
08:25:46;2305;49,99;
08:25:49;2320;49,98;
08:25:52;2309;49,98;
08:25:55;2287;49,99;
08:25:58;2275;49,99;
08:26:01;2301;49,99;
08:26:04;2312;50,00;
08:26:07;2331;50,00;
08:26:10;2333;50,00;
08:26:13;2348;50,00;
08:26:16;2355;50,00;
08:26:19;2383;50,00;
08:26:22;2387;50,00;
08:26:25;2426;50,00;
08:26:31;2445;49,98;
08:26:34;2433;49,98;
08:26:37;2417;49,98;
08:26:40;2402;49,98;
08:26:43;2413;49,98;
08:26:46;2411;49,98;
08:26:49;2416;49,98;
08:26:52;2413;49,98;
08:26:55;2391;49,98;
08:26:58;2390;49,98;
08:27:01;2386;49,99;
08:27:04;2367;49,99;
08:27:07;2366;50,00;
08:27:10;2363;50,00;
08:27:13;2366;50,00;
08:27:16;2363;50,00;
08:27:19;2384;50,00;
08:27:22;2380;50,00;
08:27:25;2388;49,99;
08:27:28;2378;49,99;
08:27:31;2380;49,98;
08:27:37;2435;49,99;
08:27:40;2453;49,99;
08:27:46;2451;49,99;
08:27:49;2447;50,00;
08:27:52;2442;50,00;
08:27:58;2472;50,00;
08:28:01;2500;50,01;
08:28:04;2506;50,01;
08:28:07;2472;50,01;
08:28:10;2477;50,01;
08:28:13;2471;50,01;
08:28:16;2451;50,02;
08:28:22;2445;50,02;
08:28:25;2430;50,02;
08:28:28;2425;50,02;
08:28:31;2421;50,01;
08:28:34;2451;50,01;
08:28:37;2462;50,01;
08:28:40;2485;50,01;
08:28:43;2497;50,01;
08:28:46;2499;50,01;
08:28:49;2480;50,01;
08:28:52;2451;50,02;
08:28:55;2428;50,02;
08:28:58;2420;50,02;
08:29:01;2419;50,02;
08:29:04;2435;50,02;
08:29:07;2437;50,02;
08:29:10;2456;50,02;
08:29:13;2461;50,01;
08:29:16;2513;50,01;
08:29:19;2521;50,01;
08:29:22;2538;50,01;
08:29:28;2519;50,01;
08:29:31;2509;50,01;
08:29:34;2526;50,00;
08:29:37;2531;50,00;
08:29:40;2563;50,00;
08:29:43;2575;50,00;
08:29:46;2573;50,00;
08:29:49;2590;50,00;
08:29:52;2587;50,00;
08:29:55;2590;50,01;
08:29:58;2615;50,01;
08:30:01;2624;50,01;
08:30:07;2615;50,01;
08:30:10;2592;50,00;
08:30:13;2631;50,00;
08:30:16;2670;50,00;
08:30:19;2682;50,00;
08:30:22;2683;49,99;
08:30:25;2682;49,99;
08:30:28;2690;49,99;
08:30:34;2716;49,99;
08:30:37;2719;49,99;
08:30:43;2722;50,00;
08:30:46;2739;50,00;
08:30:49;2750;49,99;
08:30:52;2759;49,99;
08:30:55;2775;49,99;
08:30:58;2786;49,98;
08:31:01;2784;49,98;
08:31:04;2781;49,98;
08:31:07;2782;49,98;
08:31:10;2796;49,98;
08:31:13;2803;49,98;
08:31:16;2802;49,98;
08:31:19;2825;49,98;
08:31:22;2830;49,98;
08:31:25;2836;49,98;
08:31:28;2855;49,98;
08:31:31;2871;49,98;
08:31:34;2893;49,98;
08:31:40;2925;49,98;
08:31:43;2937;49,98;
08:31:46;2957;49,98;
08:31:49;2966;49,97;
08:31:52;2972;49,97;
08:31:55;2974;49,97;
08:31:58;2964;49,97;
08:32:01;2974;49,97;
08:32:04;2978;49,98;
08:32:07;2977;49,98;
08:32:10;2979;49,98;
08:32:13;2983;49,98;
08:32:16;2973;49,99;
08:32:19;2989;49,98;
08:32:25;2994;49,98;
08:32:28;2990;49,98;
08:32:31;3008;49,98;
08:32:34;2998;49,98;
08:32:37;3018;49,98;
08:32:40;3017;49,98;
08:32:43;3014;49,98;
08:32:46;3027;49,98;
08:32:49;3032;49,99;
08:32:52;3035;49,99;
08:32:55;3029;49,99;
08:32:58;3031;49,99;
08:33:01;3027;50,00;
08:33:04;3028;50,00;
08:33:07;3018;50,00;
08:33:10;3030;50,00;
08:33:13;3034;50,00;
08:33:16;3037;50,00;
08:33:19;3039;50,00;
08:33:22;3041;49,99;
08:33:25;3044;49,99;
08:33:31;3056;49,98;
08:33:34;3058;49,98;
08:33:37;3063;49,99;
08:33:40;3064;49,98;
08:33:46;3066;49,98;
08:33:49;3050;49,99;
08:33:52;3070;49,99;
08:33:55;3077;50,00;
08:33:58;3080;50,00;
08:34:01;3081;50,00;
08:34:04;3079;50,00;
08:34:07;3084;50,00;
08:34:10;3087;50,01;
08:34:13;3066;50,01;
08:34:16;3079;50,00;
08:34:19;3075;50,00;
08:34:22;3078;50,00;
08:34:25;3081;50,00;
08:34:28;3082;50,00;
08:34:31;3076;50,00;
08:34:37;3084;50,00;
08:34:40;3089;50,00;
08:34:43;3082;50,01;
08:34:46;3094;50,01;
08:34:49;3091;50,01;
08:34:52;3108;50,01;
08:34:55;3112;50,01;
08:34:58;3101;50,00;
08:35:01;3102;50,00;
08:35:04;3125;50,00;
08:35:07;3117;50,00;
08:35:10;3125;50,00;
08:35:13;3109;50,00;
08:35:16;3133;50,00;
08:35:19;3139;49,99;
08:35:22;3142;49,99;
08:35:25;3137;50,00;
08:35:28;3133;49,99;
08:35:31;3128;49,99;
08:35:34;3139;49,99;
08:35:37;3140;49,99;
08:35:43;3131;50,00;
08:35:46;3133;50,00;
08:35:49;3120;50,00;
08:35:52;3139;50,00;
08:35:55;3131;50,00;
08:35:58;3141;50,00;
08:36:01;3136;50,01;
08:36:04;3113;50,01;
08:36:07;3144;50,00;
08:36:10;3159;50,00;
08:36:13;3144;50,00;
08:36:16;3170;50,00;
08:36:19;3166;50,00;
08:36:22;3173;50,00;
08:36:25;3173;49,99;
08:36:28;3180;49,98;
08:36:31;3176;49,98;
08:36:34;3185;49,99;
08:36:37;3166;50,00;
08:36:40;3180;50,00;
08:36:43;3168;50,00;
08:36:49;3166;50,00;
08:36:52;3184;50,00;
08:36:55;3178;50,00;
08:36:58;3183;50,00;
08:37:01;3181;50,00;
08:37:04;3166;50,00;
08:37:07;3165;49,99;
08:37:10;3158;49,99;
08:37:13;3180;49,99;
08:37:16;3186;49,99;
08:37:19;3186;49,98;
08:37:22;3189;49,98;
08:37:25;3193;49,98;
08:37:28;3204;49,97;
08:37:34;3202;49,97;
08:37:37;3203;49,97;
08:37:43;3204;49,98;
08:37:46;3201;49,98;
08:37:49;3208;49,99;
08:37:52;3197;49,99;
08:37:55;3193;49,99;
08:37:58;3198;49,99;
08:38:01;3211;49,99;
08:38:04;3207;50,00;
08:38:07;3213;50,00;
08:38:10;3235;50,00;
08:38:13;3214;49,99;
08:38:16;3238;49,99;
08:38:22;3301;49,99;
08:38:25;3299;49,99;
08:38:28;3339;49,98;
08:38:31;3303;49,98;
08:38:34;3394;49,98;
08:38:40;3399;49,98;
08:38:43;3420;49,98;
08:38:46;3385;49,98;
08:38:49;3436;49,98;
08:38:52;3417;49,99;
08:38:55;3434;50,00;
08:38:58;3435;49,99;
08:39:01;3378;50,00;
08:39:04;3417;50,00;
08:39:07;3432;50,00;
08:39:10;3386;50,01;
08:39:13;3450;50,01;
08:39:16;3441;50,01;
08:39:19;3442;50,01;
08:39:22;3443;50,00;
08:39:25;3444;50,00;
08:39:28;3440;50,00;
08:39:31;3444;50,00;
08:39:37;3443;50,00;
08:39:40;3447;50,00;
08:39:46;3496;50,00;
08:39:49;3492;50,00;
08:39:52;3481;50,00;
08:39:55;3504;50,00;
08:39:58;3499;50,01;
08:40:01;3515;50,01;
08:40:04;3514;50,01;
08:40:07;3485;50,00;
08:40:10;3494;50,00;
08:40:13;3506;49,99;
08:40:16;3480;49,98;
08:40:19;3514;49,98;
08:40:22;3515;49,98;
08:40:25;3537;49,98;
08:40:28;3542;49,98;
08:40:31;3544;49,98;
08:40:34;3527;49,98;
08:40:37;3543;49,98;
08:40:40;3532;49,97;
08:40:43;3543;49,97;
08:40:46;3537;49,97;
08:40:52;3519;49,98;
08:40:58;3540;49,98;
08:41:01;3538;49,99;
08:41:04;3555;49,99;
08:41:07;3542;49,98;
08:41:10;3546;49,99;
08:41:13;3538;49,98;
08:41:16;3543;49,98;
08:41:19;3504;49,98;
08:41:22;3553;49,99;
08:41:25;3557;49,99;
08:41:28;3568;49,99;
08:41:31;3527;49,99;
08:41:37;3571;49,99;
08:41:40;3569;49,98;
08:41:43;3548;49,99;
08:41:46;3567;49,99;
08:41:49;3560;50,00;
08:41:52;3566;50,00;
08:41:55;3568;50,00;
08:41:58;3549;50,00;
08:42:01;3538;50,00;
08:42:04;3548;50,00;
08:42:07;3537;50,00;
08:42:10;3562;50,00;
08:42:13;3539;50,00;
08:42:16;3549;50,00;
08:42:19;3546;50,00;
08:42:22;3549;49,99;
08:42:25;3556;49,98;
08:42:28;3575;49,98;
08:42:31;3567;49,99;
08:42:34;3586;50,00;
08:42:37;3585;50,00;
08:42:43;3603;49,99;
08:42:46;3623;49,99;
08:42:49;3642;49,99;
08:42:52;3641;49,99;
08:42:55;3654;49,98;
08:42:58;3641;49,98;
08:43:01;3657;49,99;
08:43:04;3652;49,99;
08:43:07;3652;50,00;
08:43:10;3630;50,00;
08:43:13;3642;50,00;
08:43:16;3628;50,00;
08:43:19;3624;50,00;
08:43:22;3603;49,99;
08:43:25;3616;50,00;
08:43:28;3603;49,99;
08:43:31;3625;49,99;
08:43:34;3614;49,99;
08:43:37;3636;49,99;
08:43:40;3627;49,99;
08:43:43;3649;49,98;
08:43:49;3659;49,99;
08:43:52;3645;49,99;
08:43:55;3661;49,98;
08:43:58;3648;49,99;
08:44:01;3671;49,98;
08:44:04;3658;49,98;
08:44:07;3673;49,98;
08:44:10;3672;49,98;
08:44:13;3673;49,98;
08:44:16;3661;49,98;
08:44:19;3678;49,99;
08:44:22;3663;49,99;
08:44:25;3679;49,99;
08:44:28;3664;49,99;
08:44:31;3678;49,99;
08:44:34;3664;49,98;
08:44:37;3681;49,98;
08:44:40;3678;49,98;
08:44:43;3687;49,98;
08:44:46;3675;49,99;
08:44:49;3695;49,99;
08:44:55;3715;49,98;
08:44:58;3725;49,98;
08:45:01;3719;49,98;
08:45:04;3744;49,99;
08:45:07;3751;49,99;
08:45:10;3752;49,99;
08:45:13;3764;49,99;
08:45:16;3775;49,99;
08:45:19;3781;49,99;
08:45:22;3773;49,99;
08:45:25;3782;49,98;
08:45:28;3752;49,98;
08:45:31;3777;49,98;
08:45:34;3776;49,98;
08:45:37;3779;49,97;
08:45:40;3777;49,97;
08:45:43;3792;49,97;
08:45:46;3786;49,97;
08:45:49;3799;49,97;
08:45:52;3801;49,97;
08:45:55;3805;49,98;
08:45:58;3818;49,99;
08:46:01;3815;49,99;
08:46:04;3804;49,99;
08:46:07;3775;49,99;
08:46:10;3777;49,99;
08:46:13;3761;49,98;
08:46:16;3762;49,98;
08:46:19;3741;49,99;
08:46:22;3754;50,00;
08:46:25;3742;49,99;
08:46:28;3746;49,99;
08:46:31;3729;49,98;
08:46:34;3747;49,98;
08:46:37;3742;49,98;
08:46:40;3758;49,98;
08:46:46;3764;49,98;
08:46:49;3759;49,98;
08:46:52;3778;49,98;
08:46:55;3770;49,98;
08:46:58;3791;49,99;
08:47:01;3781;49,99;
08:47:04;3787;49,98;
08:47:07;3781;49,99;
08:47:10;3779;49,98;
08:47:13;3777;49,98;
08:47:16;3810;49,98;
08:47:19;3801;49,98;
08:47:22;3830;49,98;
08:47:25;3821;49,98;
08:47:28;3839;49,98;
08:47:31;3826;49,98;
08:47:34;3852;49,98;
08:47:37;3846;49,98;
08:47:40;3856;49,99;
08:47:43;3833;49,99;
08:47:46;3848;49,99;
08:47:52;3851;49,98;
08:47:55;3844;49,98;
08:47:58;3869;49,97;
08:48:01;3874;49,97;
08:48:04;3879;49,96;
08:48:07;3882;49,96;
08:48:10;3862;49,96;
08:48:13;3881;49,96;
08:48:16;3869;49,96;
08:48:19;3864;49,96;
08:48:22;3851;49,96;
08:48:25;3850;49,96;
08:48:28;3854;49,96;
08:48:31;3857;49,96;
08:48:34;3841;49,96;
08:48:37;3863;49,96;
08:48:40;3862;49,96;
08:48:43;3859;49,96;
08:48:46;3854;49,97;
08:48:49;3849;49,97;
08:48:52;3854;49,97;
08:48:58;3869;49,98;
08:49:01;3876;49,99;
08:49:04;3889;49,99;
08:49:07;3900;49,98;
08:49:10;3904;49,98;
08:49:13;3905;49,98;
08:49:16;3893;49,98;
08:49:19;3902;49,98;
08:49:22;3897;49,98;
08:49:25;3895;49,97;
08:49:28;3886;49,97;
08:49:31;3884;49,97;
08:49:34;3884;49,98;
08:49:37;3886;49,98;
08:49:40;3877;49,98;
08:49:43;3894;49,98;
08:49:46;3890;49,98;
08:49:49;3887;49,98;
08:49:52;3883;49,97;
08:49:55;3882;49,98;
08:49:58;3886;49,97;
08:50:04;3887;49,97;
08:50:10;3896;49,97;
08:50:13;3900;49,98;
08:50:16;3905;49,97;
08:50:19;3908;49,97;
08:50:22;3882;49,97;
08:50:25;3905;49,97;
08:50:28;3885;49,97;
08:50:31;3896;49,97;
08:50:34;3874;49,98;
08:50:37;3892;49,98;
08:50:40;3873;49,97;
08:50:43;3876;49,96;
08:50:49;3870;49,97;
08:50:52;3858;49,97;
08:50:55;3866;49,97;
08:50:58;3857;49,97;
08:51:01;3867;49,97;
08:51:04;3862;49,97;
08:51:07;3867;49,97;
08:51:10;3872;49,96;
08:51:13;3861;49,97;
08:51:16;3852;49,97;
08:51:19;3834;49,98;
08:51:22;3829;49,98;
08:51:25;3817;49,98;
08:51:28;3813;49,98;
08:51:31;3792;49,98;
08:51:34;3801;49,97;
08:51:37;3791;49,97;
08:51:40;3789;49,98;
08:51:43;3792;49,98;
08:51:46;3795;49,98;
08:51:49;3809;49,98;
08:51:55;3823;49,98;
08:52:01;3811;49,98;
08:52:04;3801;49,98;
08:52:07;3793;49,98;
08:52:10;3800;49,98;
08:52:13;3792;49,98;
08:52:16;3820;49,98;
08:52:19;3836;49,98;
08:52:22;3844;49,98;
08:52:25;3843;49,97;
08:52:31;3842;49,97;
08:52:34;3841;49,98;
08:52:37;3822;49,98;
08:52:40;3830;49,98;
08:52:43;3828;49,98;
08:52:46;3830;49,98;
08:52:49;3828;49,98;
08:52:52;3833;49,98;
08:52:55;3834;49,98;
08:53:01;3818;49,99;
08:53:04;3828;49,99;
08:53:07;3827;49,99;
08:53:10;3840;49,99;
08:53:13;3834;50,00;
08:53:16;3851;50,00;
08:53:19;3858;50,00;
08:53:22;3846;50,00;
08:53:25;3855;50,00;
08:53:28;3880;50,01;
08:53:31;3885;50,01;
08:53:34;3906;50,00;
08:53:37;3900;50,00;
08:53:40;3928;50,00;
08:53:43;3933;50,00;
08:53:46;3950;50,00;
08:53:49;3955;50,00;
08:53:52;3976;50,00;
08:53:55;3975;50,00;
08:53:58;3982;49,99;
08:54:01;3975;49,99;
08:54:07;3982;49,99;
08:54:10;4002;49,98;
08:54:13;4006;49,98;
08:54:16;4027;49,98;
08:54:19;4022;49,98;
08:54:22;4036;49,98;
08:54:25;4040;49,98;
08:54:28;4027;49,98;
08:54:31;4028;49,98;
08:54:34;4035;49,98;
08:54:37;4016;49,98;
08:54:40;4027;49,98;
08:54:43;4021;49,98;
08:54:46;4038;49,98;
08:54:49;4044;49,98;
08:54:52;4057;49,98;
08:54:58;4076;49,98;
08:55:01;4083;49,98;
08:55:04;4095;49,98;
08:55:07;4100;49,98;
08:55:10;4089;49,98;
08:55:13;4104;49,98;
08:55:16;4124;49,99;
08:55:19;4128;49,98;
08:55:22;4124;49,98;
08:55:25;4120;49,99;
08:55:28;4104;49,99;
08:55:31;4108;49,99;
08:55:34;4104;49,99;
08:55:37;4126;49,99;
08:55:40;4140;49,99;
08:55:43;4148;49,99;
08:55:46;4170;49,99;
08:55:49;4180;50,00;
08:55:52;4204;49,99;
08:55:58;4214;49,98;
08:56:01;4230;49,99;
08:56:04;4238;49,98;
08:56:07;4244;49,98;
08:56:10;4232;49,98;
08:56:13;4242;49,98;
08:56:16;4240;49,98;
08:56:22;4248;49,98;
08:56:25;4268;49,98;
08:56:28;4266;49,98;
08:56:31;4284;49,98;
08:56:34;4276;49,99;
08:56:37;4294;49,99;
08:56:40;4298;50,00;
08:56:43;4302;50,00;
08:56:46;4286;50,00;
08:56:49;4300;50,00;
08:56:52;4288;50,00;
08:56:55;4300;50,00;
08:56:58;4292;50,00;
08:57:04;4308;50,00;
08:57:07;4320;49,99;
08:57:10;4312;49,99;
08:57:13;4332;49,99;
08:57:16;4322;49,99;
08:57:19;4340;49,99;
08:57:22;4342;49,99;
08:57:25;4328;49,99;
08:57:28;4340;49,99;
08:57:31;4354;49,98;
08:57:34;4344;49,99;
08:57:37;4366;49,99;
08:57:40;4356;50,00;
08:57:43;4374;50,00;
08:57:46;4378;50,00;
08:57:49;4390;50,00;
08:57:52;4386;50,00;
08:57:55;4408;50,01;
08:57:58;4408;50,00;
08:58:01;4406;50,00;
08:58:04;4404;50,00;
08:58:10;4416;50,00;
08:58:13;4402;50,00;
08:58:16;4408;50,00;
08:58:19;4406;50,00;
08:58:22;4428;50,00;
08:58:25;4430;49,99;
08:58:28;4440;49,99;
08:58:31;4450;49,99;
08:58:34;4456;50,00;
08:58:37;4476;50,01;
08:58:40;4468;50,01;
08:58:43;4494;50,01;
08:58:46;4490;50,01;
08:58:49;4514;50,01;
08:58:55;4518;50,01;
08:58:58;4506;50,01;
08:59:01;4512;50,01;
08:59:04;4518;50,01;
08:59:07;4524;50,01;
08:59:10;4522;50,01;
08:59:16;4528;50,01;
08:59:19;4526;50,01;
08:59:25;4502;50,01;
08:59:28;4514;50,01;
08:59:31;4502;50,01;
08:59:34;4510;50,01;
08:59:37;4512;50,02;
08:59:40;4520;50,02;
08:59:43;4510;50,02;
08:59:46;4520;50,02;
08:59:49;4502;50,02;
08:59:52;4520;50,02;
08:59:55;4516;50,03;
09:00:01;4508;50,03;
09:00:04;4524;50,03;
09:00:07;4512;50,02;
09:00:10;4524;50,02;
09:00:13;4514;50,02;
09:00:16;4536;50,02;
09:00:19;4526;50,02;
09:00:22;4514;50,01;
09:00:25;4500;50,02;
09:00:28;4522;50,02;
09:00:31;4512;50,01;
09:00:34;4526;50,01;
09:00:37;4506;50,01;
09:00:40;4518;50,01;
09:00:43;4514;50,01;
09:00:46;4502;50,00;
09:00:49;4478;50,01;
09:00:52;4490;50,01;
09:00:55;4474;50,01;
09:00:58;4484;50,01;
09:01:01;4470;50,01;
09:01:07;4466;50,01;
09:01:10;4470;50,01;
09:01:13;4454;50,01;
09:01:16;4456;50,01;
09:01:19;4482;50,01;
09:01:22;4476;50,01;
09:01:25;4496;50,02;
09:01:28;4508;50,01;
09:01:31;4524;50,01;
09:01:34;4496;50,01;
09:01:37;4524;50,01;
09:01:40;4528;50,01;
09:01:43;4550;50,01;
09:01:49;4556;50,01;
09:01:52;4522;50,01;
09:01:55;4552;50,01;
09:01:58;4558;50,01;
09:02:01;4578;50,01;
09:02:04;4558;50,01;
09:02:07;4592;50,01;
09:02:13;4596;50,01;
09:02:16;4564;50,01;
09:02:19;4604;50,01;
09:02:22;4600;50,02;
09:02:25;4596;50,02;
09:02:28;4560;50,01;
09:02:31;4586;50,00;
09:02:34;4582;50,00;
09:02:37;4586;49,99;
09:02:40;4564;49,99;
09:02:43;4594;50,00;
09:02:46;4590;50,00;
09:02:49;4588;50,00;
09:02:52;4556;50,00;
09:02:55;4586;50,00;
09:02:58;4580;50,00;
09:03:01;4592;50,00;
09:03:04;4564;50,00;
09:03:07;4590;50,00;
09:03:10;4588;50,00;
09:03:13;4596;50,00;
09:03:19;4608;49,99;
09:03:25;4614;49,99;
09:03:28;4584;49,98;
09:03:31;4616;49,98;
09:03:34;4614;49,98;
09:03:37;4626;49,99;
09:03:40;4634;49,99;
09:03:43;4656;49,98;
09:03:46;4652;49,98;
09:03:49;4664;49,99;
09:03:52;4640;49,99;
09:03:55;4674;50,00;
09:03:58;4678;50,00;
09:04:04;4668;50,01;
09:04:07;4694;50,01;
09:04:10;4710;50,01;
09:04:13;4704;50,01;
09:04:16;4700;50,01;
09:04:22;4716;50,01;
09:04:25;4722;50,01;
09:04:28;4730;50,00;
09:04:31;4708;50,00;
09:04:34;4738;50,00;
09:04:37;4734;50,00;
09:04:40;4738;50,00;
09:04:43;4716;50,00;
09:04:46;4742;50,00;
09:04:49;4734;50,00;
09:04:52;4738;50,00;
09:04:55;4714;50,00;
09:04:58;4736;50,00;
09:05:01;4732;50,00;
09:05:04;4732;50,02;
09:05:10;4746;50,02;
09:05:13;4746;50,01;
09:05:16;4760;50,01;
09:05:19;4740;50,00;
09:05:22;4772;50,00;
09:05:25;4774;50,01;
09:05:28;4780;50,01;
09:05:31;4784;50,00;
09:05:34;4798;50,00;
09:05:40;4810;50,00;
09:05:43;4790;50,00;
09:05:46;4818;50,00;
09:05:49;4816;49,99;
09:05:52;4822;49,99;
09:05:55;4808;49,99;
09:05:58;4842;50,00;
09:06:01;4850;50,00;
09:06:04;4860;50,00;
09:06:07;4848;50,00;
09:06:10;4866;50,00;
09:06:16;4836;50,00;
09:06:19;4796;50,00;
09:06:22;4702;50,00;
09:06:25;4658;50,00;
09:06:28;4622;50,00;
09:06:31;4628;50,00;
09:06:34;4620;50,00;
09:06:37;4638;50,00;
09:06:40;4608;49,99;
09:06:43;4606;49,99;
09:06:46;4608;49,99;
09:06:49;4622;49,99;
09:06:52;4602;49,99;
09:06:55;4546;49,99;
09:06:58;4554;49,99;
09:07:01;4484;49,99;
09:07:04;4394;49,99;
09:07:07;4332;50,00;
09:07:10;4232;50,00;
09:07:13;4194;50,00;
09:07:16;4128;50,00;
09:07:22;4093;50,01;
09:07:25;4120;50,00;
09:07:28;4258;50,01;
09:07:31;4306;50,01;
09:07:34;4312;50,00;
09:07:37;4292;50,00;
09:07:40;4276;50,00;
09:07:43;4294;50,00;
09:07:46;4406;50,00;
09:07:49;4432;50,00;
09:07:52;4446;49,99;
09:07:55;4454;49,99;
09:07:58;4488;49,99;
09:08:01;4484;49,99;
09:08:04;4468;49,99;
09:08:07;4502;49,99;
09:08:10;4560;49,98;
09:08:13;4566;49,98;
09:08:16;4480;49,98;
09:08:19;4418;49,98;
09:08:22;4332;49,98;
09:08:28;4312;49,98;
09:08:31;4376;50,00;
09:08:34;4416;50,01;
09:08:40;4404;50,01;
09:08:43;4390;50,01;
09:08:46;4372;50,00;
09:08:49;4412;50,00;
09:08:55;4394;50,01;
09:08:58;4360;50,01;
09:09:01;4384;50,00;
09:09:04;4420;50,00;
09:09:07;4476;50,00;
09:09:13;4478;50,00;
09:09:16;4482;50,00;
09:09:19;4528;50,00;
09:09:22;4554;50,00;
09:09:25;4572;50,00;
09:09:28;4556;50,00;
09:09:31;4534;50,00;
09:09:34;4490;50,00;
09:09:37;4394;50,00;
09:09:40;4410;50,00;
09:09:43;4486;50,00;
09:09:46;4512;50,00;
09:09:49;4506;50,01;
09:09:52;4478;50,01;
09:09:55;4436;50,01;
09:09:58;4442;50,01;
09:10:01;4490;50,01;
09:10:04;4522;50,01;
09:10:07;4548;50,01;
09:10:10;4576;50,01;
09:10:13;4662;50,00;
09:10:19;4646;50,01;
09:10:22;4616;50,00;
09:10:25;4558;50,01;
09:10:28;4548;50,01;
09:10:31;4624;50,01;
09:10:34;4666;50,01;
09:10:37;4650;50,00;
09:10:40;4654;50,00;
09:10:43;4646;50,00;
09:10:46;4698;50,00;
09:10:49;4750;50,00;
09:10:55;4778;50,00;
09:10:58;4800;50,00;
09:11:01;4778;49,99;
09:11:04;4784;49,99;
09:11:07;4794;49,98;
09:11:10;4784;49,98;
09:11:13;4786;49,98;
09:11:16;4800;49,99;
09:11:19;4814;49,99;
09:11:25;4816;49,99;
09:11:28;4810;49,99;
09:11:31;4824;49,99;
09:11:34;4834;49,99;
09:11:37;4848;49,99;
09:11:40;4856;49,99;
09:11:43;4854;49,99;
09:11:46;4864;49,99;
09:11:49;4862;49,99;
09:11:52;4866;50,00;
09:11:55;4876;50,00;
09:11:58;4882;50,00;
09:12:01;4890;50,00;
09:12:07;4892;50,00;
09:12:10;4894;49,99;
09:12:16;4894;49,98;
09:12:19;4876;49,98;
09:12:22;4880;49,98;
09:12:25;4868;49,98;
09:12:31;4882;49,98;
09:12:34;4896;49,98;
09:12:37;4884;49,98;
09:12:40;4900;49,99;
09:12:43;4898;50,00;
09:12:46;4906;50,00;
09:12:49;4910;50,00;
09:12:52;4890;49,99;
09:12:55;4896;50,00;
09:12:58;4904;50,00;
09:13:04;4926;50,00;
09:13:07;4932;50,00;
09:13:10;4940;50,00;
09:13:16;4954;49,98;
09:13:19;4958;49,98;
09:13:22;4958;49,99;
09:13:25;4954;49,99;
09:13:31;4956;49,99;
09:13:34;4952;49,99;
09:13:37;4962;49,99;
09:13:40;4964;49,98;
09:13:43;4966;49,98;
09:13:46;4964;49,98;
09:13:49;4960;49,98;
09:13:52;4958;49,99;
09:13:55;4960;49,99;
09:14:01;4976;49,99;
09:14:04;4980;50,00;
09:14:07;4982;49,99;
09:14:10;4976;49,99;
09:14:13;4978;49,99;
09:14:16;4972;49,99;
09:14:22;4972;49,98;
09:14:25;4982;49,98;
09:14:28;4972;49,98;
09:14:31;4980;49,98;
09:14:34;4972;49,98;
09:14:37;4980;49,98;
09:14:40;4982;49,98;
09:14:43;4964;49,98;
09:14:46;4986;49,98;
09:14:49;4984;49,98;
09:14:52;4998;49,98;
09:14:55;4986;49,98;
09:14:58;4998;49,98;
09:15:01;5004;49,98;
09:15:04;5012;49,98;
09:15:07;5030;49,98;
09:15:10;5028;49,98;
09:15:13;5042;49,98;
09:15:16;5030;49,98;
09:15:19;5052;49,98;
09:15:22;5038;49,99;
09:15:28;5042;49,99;
09:15:31;5054;49,99;
09:15:34;5028;49,99;
09:15:37;5030;49,98;
09:15:40;4948;49,98;
09:15:43;4902;49,98;
09:15:46;4844;49,98;
09:15:49;4798;49,98;
09:15:52;4802;49,98;
09:15:55;4856;49,98;
09:15:58;4942;49,99;
09:16:01;4990;49,99;
09:16:04;5028;50,00;
09:16:07;5052;49,99;
09:16:10;5058;49,99;
09:16:13;5064;49,99;
09:16:16;5050;49,99;
09:16:19;5054;49,98;
09:16:22;5016;49,98;
09:16:25;5026;49,98;
09:16:28;5024;49,98;
09:16:34;5026;49,98;
09:16:37;5042;49,99;
09:16:40;5022;49,99;
09:16:43;5028;49,99;
09:16:46;5026;49,98;
09:16:49;5052;49,98;
09:16:52;5058;49,98;
09:16:55;5044;49,98;
09:16:58;5038;49,98;
09:17:01;5050;49,98;
09:17:04;5046;49,98;
09:17:07;5066;49,98;
09:17:10;5078;49,98;
09:17:13;5088;49,98;
09:17:16;5102;49,97;
09:17:19;5084;49,97;
09:17:22;5088;49,97;
09:17:25;5096;49,97;
09:17:28;5090;49,97;
09:17:31;5096;49,97;
09:17:34;5102;49,97;
09:17:40;5084;49,97;
09:17:43;5100;49,97;
09:17:46;5114;49,97;
09:17:49;5108;49,98;
09:17:52;5126;49,98;
09:17:55;5130;49,97;
09:17:58;5144;49,98;
09:18:04;5140;49,99;
09:18:07;5116;49,99;
09:18:10;5138;49,98;
09:18:13;5132;49,98;
09:18:16;5146;49,98;
09:18:19;5142;49,99;
09:18:25;5142;50,00;
09:18:28;5158;50,00;
09:18:31;5128;50,00;
09:18:34;5162;50,00;
09:18:37;5152;49,99;
09:18:40;5168;49,99;
09:18:46;5154;49,99;
09:18:49;5162;49,98;
09:18:52;5174;49,99;
09:18:55;5162;50,00;
09:18:58;5166;50,00;
09:19:01;5152;50,00;
09:19:04;5170;50,00;
09:19:07;5166;50,00;
09:19:10;5174;50,00;
09:19:13;5166;50,00;
09:19:16;5168;50,00;
09:19:19;5160;49,99;
09:19:22;5176;49,99;
09:19:25;5180;49,98;
09:19:31;5198;49,99;
09:19:34;5184;49,99;
09:19:37;5184;50,00;
09:19:40;5180;50,00;
09:19:43;5186;50,00;
09:19:46;5182;50,00;
09:19:49;5186;50,00;
09:19:52;5190;50,00;
09:19:55;5186;50,00;
09:19:58;5168;50,00;
09:20:01;5188;49,99;
09:20:04;5174;50,00;
09:20:07;5200;50,00;
09:20:10;5180;50,00;
09:20:13;5202;50,00;
09:20:16;5198;50,00;
09:20:19;5210;49,99;
09:20:22;5202;49,98;
09:20:25;5200;49,99;
09:20:28;5214;49,99;
09:20:31;5230;49,99;
09:20:37;5226;50,00;
09:20:40;5218;50,00;
09:20:43;5224;50,00;
09:20:46;5214;50,00;
09:20:49;5222;49,99;
09:20:52;5206;49,99;
09:20:55;5220;49,99;
09:20:58;5222;49,99;
09:21:01;5248;50,00;
09:21:04;5242;50,00;
09:21:07;5266;49,99;
09:21:10;5232;49,99;
09:21:13;5270;49,98;
09:21:16;5276;49,98;
09:21:19;5278;49,98;
09:21:22;5306;49,98;
09:21:25;5316;49,98;
09:21:28;5278;49,98;
09:21:31;5312;49,98;
09:21:34;5314;49,99;
09:21:37;5324;50,00;
09:21:43;5334;50,01;
09:21:46;5324;50,01;
09:21:49;5330;50,01;
09:21:52;5300;50,01;
09:21:55;5330;50,01;
09:21:58;5320;50,01;
09:22:01;5330;50,01;
09:22:04;5328;50,01;
09:22:07;5330;50,01;
09:22:10;5328;50,01;
09:22:13;5344;50,00;
09:22:16;5326;50,00;
09:22:19;5328;50,00;
09:22:22;5284;50,01;
09:22:28;5166;50,01;
09:22:31;5156;50,00;
09:22:34;5200;50,00;
09:22:37;5230;50,00;
09:22:40;5284;50,00;
09:22:43;5286;50,00;
09:22:46;5320;50,00;
09:22:49;5324;50,00;
09:22:52;5284;50,01;
09:22:55;5212;50,00;
09:22:58;5122;50,00;
09:23:01;5066;50,00;
09:23:04;5048;50,01;
09:23:07;5044;50,01;
09:23:10;5066;50,01;
09:23:13;5016;50,01;
09:23:19;5024;50,01;
09:23:22;5118;50,01;
09:23:25;5136;50,01;
09:23:28;5270;50,00;
09:23:34;5306;50,00;
09:23:37;5282;50,00;
09:23:40;5284;50,00;
09:23:43;5262;50,00;
09:23:46;5306;50,00;
09:23:49;5310;50,00;
09:23:52;5340;50,00;
09:23:55;5352;50,00;
09:23:58;5358;50,00;
09:24:01;5344;50,01;
09:24:04;5368;50,01;
09:24:07;5360;50,01;
09:24:10;5374;50,01;
09:24:13;5340;50,01;
09:24:16;5336;50,01;
09:24:19;5316;50,00;
09:24:22;5346;50,00;
09:24:25;5334;49,99;
09:24:28;5332;50,00;
09:24:31;5284;50,00;
09:24:34;5288;50,00;
09:24:40;5280;50,00;
09:24:43;5260;50,00;
09:24:46;5264;50,00;
09:24:49;5228;50,01;
09:24:52;5198;50,01;
09:24:55;5188;50,01;
09:24:58;5232;50,01;
09:25:01;5272;50,00;
09:25:04;5382;50,00;
09:25:07;5358;50,00;
09:25:10;5296;50,00;
09:25:13;5238;50,00;
09:25:19;5246;50,00;
09:25:22;5308;50,00;
09:25:25;5328;50,00;
09:25:28;5342;50,00;
09:25:31;5332;50,00;
09:25:34;5458;50,00;
09:25:37;5470;49,99;
09:25:40;5466;49,99;
09:25:46;5324;49,98;
09:25:49;5340;49,99;
09:25:52;5428;49,99;
09:25:55;5426;49,99;
09:25:58;5354;49,99;
09:26:01;5326;49,99;
09:26:04;5312;49,98;
09:26:07;5364;49,98;
09:26:10;5410;49,98;
09:26:13;5420;49,98;
09:26:16;5456;49,98;
09:26:19;5468;49,98;
09:26:22;5486;49,97;
09:26:25;5488;49,97;
09:26:28;5472;49,98;
09:26:31;5480;49,99;
09:26:34;5486;49,99;
09:26:37;5492;49,99;
09:26:40;5482;50,00;
09:26:43;5520;50,00;
09:26:46;5510;50,00;
09:26:49;5532;49,99;
09:26:55;5518;50,00;
09:26:58;5490;50,00;
09:27:01;5500;50,00;
09:27:04;5474;50,00;
09:27:07;5492;50,00;
09:27:10;5468;50,01;
09:27:13;5488;50,01;
09:27:16;5474;50,00;
09:27:19;5496;49,99;
09:27:22;5478;49,99;
09:27:25;5500;49,98;
09:27:28;5500;49,99;
09:27:31;5512;49,98;
09:27:37;5472;49,99;
09:27:40;5448;50,00;
09:27:43;5420;50,00;
09:27:46;5432;50,00;
09:27:49;5512;50,00;
09:27:52;5542;50,00;
09:27:55;5552;50,01;
09:27:58;5590;50,00;
09:28:01;5602;50,01;
09:28:04;5584;50,00;
09:28:07;5534;50,00;
09:28:10;5522;50,00;
09:28:13;5550;50,00;
09:28:16;5572;50,00;
09:28:19;5568;49,99;
09:28:22;5580;49,99;
09:28:25;5528;50,00;
09:28:28;5504;50,00;
09:28:31;5512;50,00;
09:28:34;5548;50,00;
09:28:37;5612;50,00;
09:28:43;5638;50,00;
09:28:46;5642;50,00;
09:28:49;5626;50,00;
09:28:52;5604;50,01;
09:28:55;5568;50,01;
09:29:01;5562;50,01;
09:29:04;5598;50,01;
09:29:07;5622;50,01;
09:29:10;5628;50,01;
09:29:13;5650;50,01;
09:29:16;5662;50,01;
09:29:19;5670;50,01;
09:29:22;5666;50,01;
09:29:25;5644;50,01;
09:29:28;5652;50,01;
09:29:31;5646;50,01;
09:29:34;5644;50,01;
09:29:37;5636;50,01;
09:29:40;5628;50,01;
09:29:43;5616;50,01;
09:29:52;5618;50,01;
09:29:55;5612;50,01;
09:29:58;5610;50,01;
09:30:01;5608;50,01;
09:30:04;5604;50,01;
09:30:07;5586;50,01;
09:30:10;5604;50,01;
09:30:13;5606;50,01;
09:30:16;5608;50,01;
09:30:19;5610;50,00;
09:30:22;5616;50,00;
09:30:25;5626;50,00;
09:30:31;5628;50,00;
09:30:34;5630;50,00;
09:30:37;5628;50,00;
09:30:40;5634;50,00;
09:30:46;5650;50,00;
09:30:49;5636;50,01;
09:30:55;5650;50,01;
09:30:58;5668;50,00;
09:31:01;5664;50,00;
09:31:04;5690;50,00;
09:31:07;5680;50,00;
09:31:10;5688;50,00;
09:31:13;5688;50,01;
09:31:16;5670;50,01;
09:31:19;5702;50,01;
09:31:22;5708;50,00;
09:31:25;5714;50,00;
09:31:28;5724;50,00;
09:31:34;5728;49,99;
09:31:40;5704;49,99;
09:31:43;5692;49,99;
09:31:46;5660;49,99;
09:31:49;5664;50,00;
09:31:52;5700;50,00;
09:31:55;5706;50,00;
09:32:01;5722;50,00;
09:32:04;5704;50,00;
09:32:07;5704;50,01;
09:32:10;5690;50,01;
09:32:13;5738;50,01;
09:32:16;5770;50,01;
09:32:19;5774;50,01;
09:32:25;5804;50,00;
09:32:28;5820;50,00;
09:32:31;5822;50,00;
09:32:34;5826;50,01;
09:32:37;5836;50,01;
09:32:40;5842;50,01;
09:32:46;5862;50,00;
09:32:49;5880;50,00;
09:32:52;5866;50,00;
09:32:55;5884;50,01;
09:32:58;5868;50,01;
09:33:01;5882;50,01;
09:33:04;5864;50,01;
09:33:07;5882;50,01;
09:33:10;5892;50,01;
09:33:13;5898;50,00;
09:33:16;5916;50,00;
09:33:19;5922;50,00;
09:33:22;5932;50,00;
09:33:25;5940;50,00;
09:33:28;5918;50,00;
09:33:31;5940;50,00;
09:33:34;5942;50,00;
09:33:37;5958;50,00;
09:33:40;5978;50,01;
09:33:43;5992;50,00;
09:33:46;5990;50,00;
09:33:52;5986;50,00;
09:33:55;6008;50,00;
09:33:58;6004;50,01;
09:34:01;6012;50,01;
09:34:04;5978;50,01;
09:34:07;6002;50,01;
09:34:10;6004;50,02;
09:34:13;6000;50,01;
09:34:16;6012;50,01;
09:34:19;6044;50,01;
09:34:22;6040;50,01;
09:34:25;6052;50,01;
09:34:28;6026;50,01;
09:34:31;6062;50,01;
09:34:34;6074;50,01;
09:34:37;6088;50,02;
09:34:40;6064;50,02;
09:34:43;6090;50,01;
09:34:46;6094;50,01;
09:34:49;6104;50,01;
09:34:52;6060;50,01;
09:34:58;6054;50,00;
09:35:01;6054;50,01;
09:35:04;6020;50,01;
09:35:07;6040;50,01;
09:35:10;6024;50,00;
09:35:13;6032;50,00;
09:35:16;6038;50,01;
09:35:19;6014;50,01;
09:35:22;6090;50,00;
09:35:25;6098;50,00;
09:35:28;6026;50,00;
09:35:31;6032;50,00;
09:35:34;6064;50,00;
09:35:37;6086;50,00;
09:35:40;6082;50,00;
09:35:43;6042;50,00;
09:35:46;6024;50,00;
09:35:49;6042;50,00;
09:35:52;6086;50,01;
09:35:55;6110;50,01;
09:35:58;6120;50,01;
09:36:01;6108;50,01;
09:36:04;6094;50,00;
09:36:07;6050;50,00;
09:36:10;6046;50,00;
09:36:13;6006;50,00;
09:36:19;6014;50,00;
09:36:22;6070;50,00;
09:36:25;6106;50,00;
09:36:28;6154;50,00;
09:36:31;6124;49,99;
09:36:34;6168;49,99;
09:36:37;6178;49,99;
09:36:43;6136;50,00;
09:36:49;6114;50,00;
09:36:55;6082;50,00;
09:36:58;6106;50,00;
09:37:01;6112;50,00;
09:37:04;6124;50,00;
09:37:07;6122;50,00;
09:37:10;6098;50,00;
09:37:13;6102;50,00;
09:37:16;6110;50,00;
09:37:19;6092;50,00;
09:37:22;6122;50,00;
09:37:25;6116;50,00;
09:37:28;6122;50,00;
09:37:31;6118;50,00;
09:37:34;6122;50,00;
09:37:37;6132;49,99;
09:37:40;6138;49,98;
09:37:43;6114;49,99;
09:37:46;6138;49,99;
09:37:49;6124;50,00;
09:37:55;6114;50,01;
09:37:58;6140;50,01;
09:38:01;6134;50,00;
09:38:04;6136;50,00;
09:38:07;6096;50,01;
09:38:10;6112;50,01;
09:38:13;6108;50,01;
09:38:16;6100;50,01;
09:38:19;6078;50,01;
09:38:22;6112;50,01;
09:38:25;6110;50,01;
09:38:28;6108;50,01;
09:38:31;6068;50,01;
09:38:34;6096;50,01;
09:38:37;6096;50,00;
09:38:40;6100;50,01;
09:38:43;6094;50,01;
09:38:46;6110;50,01;
09:38:49;6128;50,01;
09:38:52;6120;50,01;
09:38:55;6134;50,01;
09:39:01;6142;50,01;
09:39:04;6136;50,01;
09:39:07;6150;50,01;
09:39:10;6130;50,01;
09:39:13;6176;50,01;
09:39:16;6184;50,01;
09:39:19;6200;50,01;
09:39:22;6210;50,02;
09:39:25;6220;50,02;
09:39:28;6218;50,01;
09:39:31;6230;50,02;
09:39:34;6212;50,02;
09:39:37;6262;50,01;
09:39:40;6270;50,01;
09:39:43;6280;50,01;
09:39:46;6258;50,02;
09:39:49;6298;50,02;
09:39:52;6300;50,01;
09:39:55;6320;50,01;
09:39:58;6300;50,01;
09:40:01;6334;50,02;
09:40:07;6332;50,02;
09:40:10;6304;50,03;
09:40:13;6348;50,03;
09:40:16;6344;50,03;
09:40:19;6356;50,03;
09:40:22;6328;50,03;
09:40:25;6360;50,03;
09:40:28;6364;50,02;
09:40:31;6366;50,02;
09:40:34;6336;50,02;
09:40:37;6372;50,02;
09:40:40;6380;50,02;
09:40:43;6374;50,03;
09:40:46;6368;50,02;
09:40:52;6398;50,01;
09:40:55;6390;50,01;
09:40:58;6392;50,01;
09:41:01;6376;50,02;
09:41:04;6398;50,02;
09:41:07;6400;50,02;
09:41:10;6406;50,02;
09:41:13;6412;50,02;
09:41:16;6410;50,03;
09:41:19;6424;50,03;
09:41:22;6406;50,02;
09:41:25;6430;50,02;
09:41:28;6404;50,02;
09:41:31;6410;50,01;
09:41:34;6402;50,02;
09:41:37;6394;50,01;
09:41:40;6388;50,02;
09:41:43;6402;50,02;
09:41:46;6400;50,03;
09:41:49;6384;50,03;
09:41:52;6396;50,03;
09:41:58;6406;50,03;
09:42:01;6378;50,03;
09:42:04;6396;50,03;
09:42:07;6382;50,03;
09:42:10;6384;50,03;
09:42:13;6360;50,03;
09:42:16;6378;50,03;
09:42:22;6386;50,03;
09:42:25;6366;50,03;
09:42:28;6374;50,03;
09:42:31;6356;50,03;
09:42:34;6358;50,03;
09:42:37;6338;50,03;
09:42:40;6350;50,03;
09:42:43;6334;50,04;
09:42:46;6352;50,04;
09:42:49;6338;50,04;
09:42:52;6358;50,04;
09:42:55;6346;50,03;
09:42:58;6364;50,04;
09:43:04;6380;50,04;
09:43:07;6364;50,04;
09:43:10;6362;50,03;
09:43:13;6334;50,03;
09:43:16;6340;50,03;
09:43:19;6324;50,03;
09:43:22;6334;50,02;
09:43:28;6340;50,02;
09:43:31;6330;50,03;
09:43:34;6352;50,03;
09:43:37;6342;50,03;
09:43:40;6348;50,03;
09:43:43;6332;50,03;
09:43:46;6350;50,02;
09:43:55;6340;50,01;
09:43:58;6336;50,01;
09:44:01;6326;50,01;
09:44:04;6324;50,01;
09:44:10;6332;50,01;
09:44:13;6340;50,00;
09:44:16;6338;50,00;
09:44:19;6334;50,00;
09:44:22;6316;49,99;
09:44:25;6308;49,99;
09:44:28;6292;50,00;
09:44:31;6304;49,99;
09:44:34;6304;50,00;
09:44:40;6310;50,00;
09:44:43;6316;50,00;
09:44:46;6304;50,00;
09:44:49;6320;50,01;
09:44:55;6302;50,01;
09:44:58;6274;50,01;
09:45:01;6278;50,01;
09:45:04;6270;50,01;
09:45:07;6290;50,01;
09:45:10;6262;50,01;
09:45:13;6272;50,01;
09:45:16;6264;50,01;
09:45:19;6248;50,01;
09:45:22;6238;50,01;
09:45:25;6270;50,01;
09:45:28;6264;50,01;
09:45:31;6298;50,00;
09:45:34;6278;50,00;
09:45:37;6292;50,01;
09:45:40;6274;50,01;
09:45:43;6242;50,02;
09:45:46;6222;50,02;
09:45:49;6248;50,02;
09:45:52;6262;50,02;
09:45:55;6328;50,01;
09:46:01;6262;50,02;
09:46:04;6226;50,03;
09:46:07;6270;50,02;
09:46:10;6274;50,02;
09:46:13;6300;50,01;
09:46:16;6292;50,02;
09:46:19;6316;50,02;
09:46:22;6318;50,02;
09:46:25;6336;50,01;
09:46:28;6326;50,01;
09:46:31;6330;50,01;
09:46:34;6314;50,01;
09:46:37;6336;50,01;
09:46:40;6328;50,01;
09:46:43;6336;50,01;
09:46:46;6346;50,01;
09:46:49;6374;50,01;
09:46:52;6378;50,01;
09:46:55;6390;50,01;
09:46:58;6392;50,01;
09:47:01;6424;50,01;
09:47:07;6440;50,00;
09:47:10;6450;50,00;
09:47:13;6458;50,00;
09:47:16;6466;50,00;
09:47:19;6458;50,00;
09:47:22;6460;50,00;
09:47:25;6452;50,00;
09:47:28;6460;50,00;
09:47:31;6510;50,00;
09:47:34;6516;50,00;
09:47:37;6510;50,00;
09:47:40;6526;50,00;
09:47:43;6530;50,00;
09:47:46;6520;50,01;
09:47:49;6488;50,01;
09:47:52;6532;50,00;
09:47:55;6560;50,01;
09:47:58;6572;50,01;
09:48:01;6582;50,01;
09:48:04;6586;50,01;
09:48:07;6604;50,01;
09:48:13;6610;50,01;
09:48:16;6610;50,00;
09:48:19;6598;50,00;
09:48:22;6600;50,00;
09:48:25;6612;50,01;
09:48:28;6620;50,01;
09:48:31;6616;50,02;
09:48:34;6638;50,02;
09:48:37;6666;50,01;
09:48:40;6668;50,01;
09:48:43;6654;50,00;
09:48:46;6660;50,00;
09:48:49;6652;50,01;
09:48:52;6660;50,01;
09:48:55;6658;50,01;
09:48:58;6666;50,01;
09:49:01;6658;50,01;
09:49:04;6666;50,01;
09:49:07;6650;50,01;
09:49:10;6672;50,01;
09:49:13;6674;50,01;
09:49:19;6676;50,01;
09:49:22;6692;50,01;
09:49:25;6668;50,01;
09:49:28;6682;50,00;
09:49:31;6662;50,00;
09:49:34;6672;50,00;
09:49:37;6652;50,00;
09:49:40;6674;50,01;
09:49:43;6660;50,01;
09:49:46;6654;50,02;
09:49:49;6636;50,02;
09:49:52;6646;50,01;
09:49:55;6634;50,01;
09:49:58;6636;50,01;
09:50:04;6636;50,00;
09:50:07;6640;50,00;
09:50:10;6640;49,99;
09:50:13;6636;49,99;
09:50:19;6638;49,99;
09:50:22;6632;50,00;
09:50:25;6644;50,00;
09:50:28;6642;50,00;
09:50:34;6596;50,00;
09:50:37;6572;50,00;
09:50:40;2265;50,01;
09:50:43;1404;50,01;
09:50:46;1227;50,01;
09:50:49;1170;50,01;
09:50:52;1149;50,01;
09:50:55;1152;50,01;
09:50:58;1141;50,01;
09:51:01;1151;50,01;
09:51:04;1147;50,00;
09:51:10;1144;50,01;
09:51:13;1148;50,01;
09:51:16;1155;50,01;
09:51:19;1163;50,01;
09:51:22;1175;50,01;
09:51:25;1176;50,01;
09:51:28;1182;50,01;
09:51:31;1202;50,01;
09:51:34;1250;50,01;
09:51:37;1278;50,01;
09:51:40;2532;50,01;
09:51:43;4440;50,01;
09:51:46;6220;50,01;
09:51:49;6298;50,01;
09:51:52;6348;50,01;
09:51:55;6346;50,02;
09:51:58;6380;50,01;
09:52:01;6376;50,02;
09:52:04;6432;50,01;
09:52:07;6404;50,01;
09:52:10;6450;50,01;
09:52:16;6452;50,01;
09:52:19;6416;50,02;
09:52:22;6426;50,02;
09:52:28;6416;50,01;
09:52:31;6422;50,01;
09:52:34;6420;50,01;
09:52:37;6398;50,01;
09:52:40;6394;50,02;
09:52:43;6400;50,02;
09:52:46;6366;50,03;
09:52:49;6376;50,03;
09:52:52;6354;50,03;
09:52:55;6364;50,02;
09:52:58;6362;50,02;
09:53:01;6356;50,01;
09:53:04;6338;50,01;
09:53:07;6352;50,01;
09:53:10;6344;50,01;
09:53:13;6364;50,01;
09:53:16;6346;50,01;
09:53:22;6330;50,01;
09:53:25;6338;50,01;
09:53:28;6308;50,01;
09:53:31;6324;50,01;
09:53:34;6294;50,01;
09:53:37;6308;50,01;
09:53:40;6312;50,01;
09:53:43;6302;50,01;
09:53:46;6318;50,01;
09:53:49;6338;50,01;
09:53:52;6346;50,01;
09:53:55;6364;50,01;
09:53:58;6372;50,01;
09:54:01;6374;50,01;
09:54:07;6392;50,01;
09:54:10;6400;50,01;
09:54:13;6398;50,01;
09:54:16;6386;50,01;
09:54:19;6372;50,00;
09:54:25;6366;50,00;
09:54:28;6394;50,00;
09:54:31;6410;50,00;
09:54:34;6412;50,00;
09:54:37;6410;50,01;
09:54:40;6408;50,01;
09:54:43;6404;50,02;
09:54:46;6406;50,02;
09:54:49;6404;50,02;
09:54:52;6424;50,02;
09:54:55;6432;50,01;
09:54:58;6450;50,01;
09:55:01;6448;50,01;
09:55:04;6458;50,01;
09:55:07;6440;50,01;
09:55:13;6438;50,01;
09:55:16;6452;50,01;
09:55:19;6440;50,01;
09:55:22;6474;50,01;
09:55:25;6488;50,00;
09:55:28;6514;50,00;
09:55:31;6522;50,00;
09:55:34;6502;50,00;
09:55:37;6526;50,01;
09:55:40;6546;50,01;
09:55:43;6560;50,01;
09:55:46;6602;50,02;
09:55:49;6598;50,01;
09:55:52;6606;50,01;
09:55:55;6604;50,01;
09:55:58;6612;50,01;
09:56:01;6626;50,01;
09:56:04;6654;50,01;
09:56:07;6648;50,01;
09:56:10;6680;50,01;
09:56:13;6686;50,00;
09:56:19;6704;50,00;
09:56:22;6730;50,00;
09:56:25;6722;50,00;
09:56:28;6732;50,00;
09:56:31;6700;50,00;
09:56:34;6724;50,00;
09:56:37;6734;50,00;
09:56:43;6722;50,01;
09:56:46;6750;50,00;
09:56:49;6744;50,01;
09:56:52;6738;50,01;
09:56:55;6726;50,01;
09:56:58;6752;50,01;
09:57:01;6766;50,01;
09:57:04;6792;50,01;
09:57:07;6816;50,01;
09:57:10;6820;50,01;
09:57:13;6862;50,01;
09:57:16;6862;50,00;
09:57:25;6904;50,00;
09:57:28;6918;50,00;
09:57:31;6900;50,00;
09:57:34;6942;50,00;
09:57:37;6962;50,00;
09:57:40;6970;49,99;
09:57:43;6978;49,99;
09:57:46;6956;50,00;
09:57:49;6976;50,00;
09:57:52;6994;50,00;
09:57:55;6990;50,00;
09:57:58;6996;50,00;
09:58:01;7010;50,00;
09:58:04;7022;50,00;
09:58:07;7024;50,00;
09:58:10;7018;50,00;
09:58:13;7066;50,01;
09:58:16;7064;50,00;
09:58:19;7084;50,00;
09:58:22;7064;50,00;
09:58:25;7076;50,00;
09:58:31;7058;49,99;
09:58:34;7050;49,99;
09:58:37;7080;49,99;
09:58:40;7078;50,00;
09:58:43;7086;50,00;
09:58:46;7036;50,01;
09:58:49;7064;50,01;
09:58:52;7058;50,01;
09:58:55;7038;50,01;
09:58:58;7016;50,01;
09:59:01;7040;50,01;
09:59:04;7026;50,01;
09:59:07;7042;50,01;
09:59:10;7036;50,01;
09:59:16;7076;50,00;
09:59:19;7094;50,00;
09:59:22;7086;50,00;
09:59:25;7120;50,00;
09:59:28;7120;50,01;
09:59:31;7138;50,01;
09:59:34;7142;50,01;
09:59:37;7124;50,01;
09:59:40;7150;50,00;
09:59:43;7164;50,00;
09:59:46;7156;50,00;
09:59:49;7184;50,00;
09:59:52;7166;49,99;
09:59:55;7184;49,99;
10:00:01;7182;49,98;
10:00:04;7186;49,99;
10:00:07;7194;50,00;
10:00:10;7204;50,00;
10:00:13;7190;50,00;
10:00:16;7226;50,00;
10:00:22;7228;49,99;
10:00:25;7188;50,00;
10:00:28;7208;50,00;
10:00:34;7210;50,00;
10:00:37;7186;50,00;
10:00:40;7210;50,00;
10:00:46;7206;50,01;
10:00:49;7182;50,01;
10:00:52;7212;50,01;
10:00:55;7196;50,01;
10:00:58;7202;50,00;
10:01:01;7176;50,00;
10:01:04;7194;49,99;
10:01:07;7176;49,99;
10:01:10;7200;49,98;
10:01:13;7182;49,98;
10:01:16;7204;49,98;
10:01:19;7186;49,98;
10:01:28;7176;49,98;
10:01:31;7160;49,98;
10:01:34;7184;49,98;
10:01:37;7168;49,98;
10:01:40;7198;49,99;
10:01:43;7184;49,99;
10:01:46;7200;49,99;
10:01:49;7200;50,00;
10:01:52;7218;50,00;
10:01:55;7204;50,00;
10:01:58;7232;50,00;
10:02:01;7220;50,00;
10:02:04;7248;50,00;
10:02:07;7234;50,00;
10:02:10;7256;50,00;
10:02:13;7246;49,99;
10:02:16;7284;49,98;
10:02:19;7274;49,98;
10:02:22;7296;49,98;
10:02:25;7282;49,98;
10:02:28;7314;49,99;
10:02:34;7338;49,98;
10:02:37;7324;49,99;
10:02:40;7358;49,99;
10:02:43;7348;49,99;
10:02:46;7374;49,99;
10:02:49;7356;49,99;
10:02:52;7378;49,99;
10:02:55;7380;49,99;
10:02:58;7390;49,98;
10:03:04;7398;49,98;
10:03:07;7412;49,97;
10:03:10;7424;49,97;
10:03:13;7430;49,97;
10:03:19;7430;49,98;
10:03:22;7426;49,98;
10:03:25;7442;49,98;
10:03:28;7424;49,98;
10:03:31;7458;49,99;
10:03:34;7448;49,99;
10:03:37;7462;49,99;
10:03:40;7470;50,00;
10:03:43;7492;50,00;
10:03:46;7482;50,00;
10:03:49;7496;50,00;
10:03:52;7470;50,00;
10:03:55;7498;49,99;
10:03:58;7488;49,99;
10:04:01;7506;49,99;
10:04:04;7482;49,98;
10:04:07;7506;49,98;
10:04:10;7496;49,98;
10:04:13;7516;49,97;
10:04:16;7492;49,98;
10:04:19;7524;49,98;
10:04:25;7534;49,98;
10:04:28;7500;49,98;
10:04:31;7542;49,97;
10:04:34;7532;49,97;
10:04:37;7556;49,97;
10:04:40;7536;49,97;
10:04:43;7566;49,97;
10:04:46;7570;49,97;
10:04:49;7580;49,97;
10:04:52;7556;49,97;
10:04:55;7588;49,98;
10:04:58;7578;49,98;
10:05:01;7592;49,97;
10:05:04;7582;49,97;
10:05:10;7580;49,96;
10:05:13;7590;49,96;
10:05:16;7588;49,96;
10:05:19;7594;49,96;
10:05:22;7588;49,96;
10:05:25;7604;49,97;
10:05:31;7616;49,97;
10:05:34;7622;49,96;
10:05:37;7638;49,96;
10:05:40;7644;49,96;
10:05:43;7656;49,96;
10:05:49;7648;49,96;
10:05:52;7662;49,96;
10:05:55;7682;49,96;
10:05:58;7684;49,97;
10:06:01;7690;49,98;
10:06:04;7688;49,97;
10:06:07;7696;49,97;
10:06:10;7700;49,97;
10:06:13;7692;49,97;
10:06:16;7712;49,98;
10:06:19;7730;49,98;
10:06:22;7732;49,98;
10:06:25;7742;49,98;
10:06:28;7748;49,98;
10:06:31;7760;49,97;
10:06:37;7768;49,98;
10:06:43;7732;49,98;
10:06:46;7770;49,97;
10:06:49;7770;49,98;
10:06:52;7778;49,98;
10:06:55;7768;49,98;
10:06:58;7780;49,98;
10:07:01;7794;50,00;
10:07:04;7786;50,00;
10:07:07;7798;50,00;
10:07:10;7804;50,00;
10:07:13;7820;50,00;
10:07:16;7838;49,99;
10:07:19;7818;50,00;
10:07:22;7846;49,99;
10:07:25;7854;49,98;
10:07:28;7856;49,98;
10:07:31;7836;49,98;
10:07:34;7866;49,98;
10:07:37;7854;49,97;
10:07:40;7876;49,97;
10:07:43;7880;49,97;
10:07:46;7892;49,97;
10:07:49;7876;49,97;
10:07:52;7890;49,98;
10:07:55;7872;49,98;
10:07:58;7896;49,98;
10:08:01;7882;49,97;
10:08:04;7910;49,97;
10:08:07;7906;49,98;
10:08:10;7914;49,98;
10:08:13;7906;49,98;
10:08:16;7930;49,98;
10:08:22;7936;49,98;
10:08:28;7942;49,97;
10:08:34;7942;49,98;
10:08:46;7926;49,99;
10:08:49;7940;49,99;
10:08:52;7970;49,98;
10:08:55;7968;49,99;
10:08:58;7952;49,99;
10:09:01;7950;50,00;
10:09:04;7942;50,00;
10:09:07;7952;50,00;
10:09:10;7930;50,01;
10:09:13;7960;50,01;
10:09:16;7956;50,01;
10:09:19;7960;50,01;
10:09:22;7954;50,01;
10:09:28;7958;50,00;
10:09:43;7962;50,00;
10:09:46;7964;50,01;
10:09:49;7962;50,01;
10:09:52;7954;50,00;
10:09:55;7966;50,00;
10:10:04;7954;50,01;
10:10:07;7960;50,00;
10:10:10;7958;50,01;
10:10:13;7964;50,00;
10:10:16;7966;50,00;
10:10:19;7964;50,00;
10:10:22;7952;49,99;
10:10:25;7972;49,99;
10:10:28;7970;49,99;
10:10:31;7986;49,99;
10:10:34;7964;49,99;
10:10:40;7984;49,98;
10:10:43;8000;49,98;
10:10:46;7984;49,97;
10:10:49;8018;49,97;
10:10:52;8012;49,97;
10:10:55;8034;49,97;
10:10:58;8016;49,98;
10:11:01;8048;49,98;
10:11:04;8056;49,99;
10:11:07;8066;49,99;
10:11:10;8068;50,00;
10:11:13;8078;50,00;
10:11:16;8074;50,00;
10:11:19;8086;50,00;
10:11:22;8080;49,99;
10:11:25;8096;49,98;
10:11:28;8088;49,98;
10:11:31;8112;49,98;
10:11:34;8108;49,97;
10:11:37;8128;49,97;
10:11:40;8126;49,98;
10:11:46;8128;49,98;
10:11:49;8156;49,98;
10:11:52;8150;49,98;
10:11:55;8170;49,98;
10:11:58;8178;49,98;
10:12:01;8180;49,97;
10:12:04;8182;49,97;
10:12:07;8174;49,97;
10:12:10;8200;49,98;
10:12:13;8212;49,98;
10:12:16;8216;49,98;
10:12:19;8228;49,99;
10:12:22;8232;49,99;
10:12:25;8240;49,99;
10:12:31;8260;49,98;
10:12:34;8268;49,98;
10:12:37;8280;49,98;
10:12:40;8288;49,98;
10:12:43;8308;49,98;
10:12:46;8196;49,99;
10:12:49;8292;49,99;
10:12:52;8324;49,99;
10:12:55;8340;50,00;
10:12:58;8344;50,00;
10:13:01;8348;49,99;
10:13:04;8364;49,99;
10:13:07;8368;50,00;
10:13:10;8380;50,00;
10:13:13;8360;50,00;
10:13:16;8396;49,99;
10:13:19;8364;49,99;
10:13:22;8416;49,98;
10:13:25;8412;49,98;
10:13:28;8436;49,98;
10:13:31;8444;49,98;
10:13:37;8472;49,98;
10:13:40;8520;49,98;
10:13:43;8552;49,99;
10:13:46;8580;49,99;
10:13:49;8592;50,00;
10:13:52;8648;50,01;
10:13:55;8668;50,01;
10:13:58;8676;50,01;
10:14:01;8668;50,01;
10:14:04;8700;50,01;
10:14:07;7968;50,00;
10:14:10;4130;50,00;
10:14:13;1923;50,00;
10:14:16;2089;50,00;
10:14:19;3544;50,00;
10:14:22;3335;50,00;
10:14:25;2166;50,00;
10:14:28;1811;50,00;
10:14:31;2675;50,00;
10:14:34;2576;50,00;
10:14:37;2049;50,00;
10:14:43;2379;50,00;
10:14:46;4788;50,00;
10:14:49;8616;50,00;
10:14:52;8660;50,00;
10:14:55;8568;50,00;
10:14:58;8612;50,00;
10:15:01;8588;50,00;
10:15:04;8572;50,00;
10:15:07;8548;49,99;
10:15:10;8536;50,00;
10:15:13;8460;50,00;
10:15:16;8408;50,00;
10:15:19;8436;50,00;
10:15:22;7480;50,00;
10:15:25;6294;50,00;
10:15:28;3387;50,00;
10:15:31;3650;50,00;
10:15:34;4432;49,99;
10:15:37;8388;49,99;
10:15:40;8384;49,99;
10:15:43;8440;49,99;
10:15:49;8408;49,99;
10:15:52;8444;49,99;
10:15:55;8440;49,99;
10:16:01;8332;49,99;
10:16:04;8292;49,99;
10:16:07;8228;49,99;
10:16:10;8172;49,99;
10:16:13;8082;50,00;
10:16:16;8090;50,00;
10:16:19;8162;50,00;
10:16:22;8182;50,00;
10:16:25;8174;50,00;
10:16:28;8178;50,00;
10:16:34;8268;49,98;
10:16:37;8260;49,98;
10:16:40;8220;49,99;
10:16:43;8256;49,99;
10:16:46;8280;49,99;
10:16:49;8312;49,99;
10:16:52;8344;49,99;
10:16:58;8448;50,00;
10:17:01;8464;50,00;
10:17:04;8440;49,99;
10:17:07;8484;49,99;
10:17:10;8500;49,99;
10:17:13;8508;49,98;
10:17:16;8512;49,98;
10:17:19;8016;49,99;
10:17:22;8098;50,00;
10:17:25;8512;50,00;
10:17:28;8348;50,01;
10:17:31;8356;50,01;
10:17:34;8412;50,01;
10:17:40;8432;50,00;
10:17:46;8436;49,99;
10:17:49;8436;50,00;
10:17:52;8376;50,00;
10:17:55;8392;50,00;
10:17:58;8380;50,00;
10:18:01;8356;50,00;
10:18:04;8312;50,00;
10:18:07;8324;50,00;
10:18:10;8308;50,00;
10:18:13;8332;50,01;
10:18:16;8344;50,01;
10:18:19;8364;50,01;
10:18:22;8396;50,01;
10:18:25;8416;50,01;
10:18:28;8384;50,00;
10:18:31;8372;50,00;
10:18:34;8392;50,00;
10:18:37;8388;50,00;
10:18:40;8400;50,00;
10:18:46;8392;50,00;
10:18:49;8372;50,00;
10:18:52;8356;50,00;
10:18:55;8316;49,99;
10:18:58;8320;49,99;
10:19:01;8296;49,98;
10:19:04;8292;49,98;
10:19:07;8280;49,98;
10:19:10;8232;49,99;
10:19:13;8204;49,99;
10:19:16;8190;49,99;
10:19:19;8158;50,00;
10:19:22;8180;50,00;
10:19:25;8162;50,00;
10:19:28;8166;50,00;
10:19:31;8138;50,01;
10:19:34;8168;50,00;
10:19:37;8156;50,00;
10:19:40;8160;50,01;
10:19:43;8130;50,01;
10:19:46;8156;50,00;
10:19:52;8176;50,00;
10:19:55;8158;50,01;
10:19:58;8188;50,01;
10:20:01;8176;50,01;
10:20:04;8190;50,01;
10:20:07;8168;50,01;
10:20:10;8192;50,01;
10:20:16;8184;50,02;
10:20:19;8160;50,02;
10:20:22;8180;50,01;
10:20:25;8162;50,01;
10:20:28;8176;50,01;
10:20:31;8158;50,01;
10:20:34;8178;50,00;
10:20:37;8158;50,00;
10:20:40;8168;50,01;
10:20:43;8146;50,01;
10:20:46;8160;50,01;
10:20:49;8144;50,01;
10:20:52;8150;50,01;
10:20:58;8134;50,01;
10:21:01;8118;50,01;
10:21:04;8138;50,01;
10:21:07;8090;50,01;
10:21:10;8118;50,01;
10:21:13;8096;50,01;
10:21:16;8100;50,01;
10:21:19;8116;50,01;
10:21:22;8118;50,00;
10:21:25;8104;50,00;
10:21:28;8108;50,00;
10:21:31;8128;50,00;
10:21:34;8124;50,00;
10:21:37;8138;50,01;
10:21:43;8174;50,01;
10:21:46;8164;50,01;
10:21:49;8186;50,01;
10:21:52;8160;50,00;
10:21:55;8220;50,01;
10:21:58;8200;50,01;
10:22:01;8240;50,01;
10:22:04;8272;50,01;
10:22:07;7828;50,01;
10:22:10;7398;50,01;
10:22:13;5622;50,01;
10:22:16;4372;50,00;
10:22:19;3847;50,00;
10:22:22;4358;50,00;
10:22:25;4374;50,00;
10:22:28;4688;49,99;
10:22:31;4648;49,99;
10:22:34;3556;50,00;
10:22:37;2606;50,00;
10:22:40;2709;50,00;
10:22:43;2595;50,00;
10:22:49;2443;50,00;
10:22:52;2421;50,01;
10:22:55;2405;50,01;
10:22:58;2457;50,01;
10:23:01;2718;50,01;
10:23:04;2478;50,01;
10:23:07;2479;50,01;
10:23:10;2588;50,01;
10:23:13;3637;50,01;
10:23:16;4262;50,01;
10:23:19;4908;50,01;
10:23:22;3802;50,01;
10:23:25;2601;50,01;
10:23:28;2429;50,01;
10:23:31;2399;50,01;
10:23:34;2362;50,01;
10:23:37;2399;50,01;
10:23:40;2404;50,01;
10:23:43;2412;50,01;
10:23:46;2434;50,01;
10:23:49;2467;50,01;
10:23:55;2907;50,01;
10:23:58;3550;50,01;
10:24:01;7708;50,00;
10:24:04;8684;50,01;
10:24:07;8904;50,00;
10:24:10;8840;50,00;
10:24:13;8876;50,00;
10:24:16;8892;50,00;
10:24:19;8872;50,00;
10:24:22;8852;50,00;
10:24:25;8844;49,99;
10:24:31;8804;49,99;
10:24:34;8784;49,99;
10:24:37;8772;49,99;
10:24:40;8788;50,00;
10:24:43;8768;50,00;
10:24:46;8756;50,00;
10:24:52;8748;50,00;
10:24:55;8728;50,01;
10:25:01;8712;50,01;
10:25:04;8708;50,01;
10:25:07;8700;50,01;
10:25:10;8704;50,01;
10:25:13;8696;50,01;
10:25:16;8688;50,01;
10:25:22;8692;50,01;
10:25:25;8676;50,01;
10:25:31;8668;50,01;
10:25:34;8648;50,01;
10:25:37;8624;50,01;
10:25:40;8612;50,01;
10:25:46;8592;50,00;
10:25:49;8560;50,00;
10:25:52;8576;50,00;
10:25:55;8552;50,00;
10:25:58;8556;50,01;
10:26:01;8524;50,01;
10:26:04;8552;50,01;
10:26:10;8540;50,02;
10:26:13;8500;50,02;
10:26:16;8528;50,02;
10:26:19;8532;50,01;
10:26:22;8520;50,01;
10:26:25;8504;50,01;
10:26:28;8496;50,01;
10:26:31;8484;50,01;
10:26:34;8476;50,00;
10:26:37;8464;50,00;
10:26:40;8448;50,00;
10:26:43;8444;50,00;
10:26:46;8448;50,00;
10:26:52;8440;50,00;
10:26:55;8436;50,00;
10:26:58;8428;50,00;
10:27:01;8420;50,00;
10:27:04;8408;49,99;
10:27:10;8388;49,99;
10:27:13;8404;49,99;
10:27:16;8396;49,98;
10:27:19;8392;49,98;
10:27:25;8388;49,98;
10:27:28;8360;49,99;
10:27:31;8372;49,99;
10:27:34;8352;49,98;
10:27:37;8372;49,98;
10:27:40;8380;49,98;
10:27:43;8324;49,99;
10:27:46;8360;50,00;
10:27:49;8356;50,00;
10:27:52;8340;50,00;
10:27:58;8288;50,00;
10:28:01;8300;50,00;
10:28:04;8288;50,00;
10:28:07;8280;50,00;
10:28:10;8256;50,00;
10:28:13;8248;50,00;
10:28:16;8232;50,00;
10:28:19;8240;50,00;
10:28:22;8216;50,00;
10:28:25;8196;50,00;
10:28:28;8190;50,00;
10:28:31;8184;50,00;
10:28:34;8178;50,00;
10:28:37;8176;50,00;
10:28:40;8160;50,00;
10:28:43;8168;50,01;
10:28:46;8148;50,00;
10:28:49;8146;50,00;
10:28:58;8140;50,01;
10:29:04;8108;50,01;
10:29:07;8096;50,01;
10:29:10;8098;50,00;
10:29:13;8100;50,00;
10:29:16;8076;50,01;
10:29:19;8058;50,01;
10:29:22;8022;50,01;
10:29:25;8040;50,01;
10:29:28;8046;50,00;
10:29:31;8056;50,00;
10:29:34;8042;49,99;
10:29:37;8040;49,99;
10:29:40;8012;49,99;
10:29:43;8024;50,00;
10:29:49;8036;50,00;
10:29:52;8022;50,00;
10:29:55;8048;50,00;
10:29:58;8052;50,00;
10:30:01;8082;50,01;
10:30:04;8072;50,01;
10:30:13;8066;50,00;
10:30:16;8060;50,01;
10:30:19;8054;50,00;
10:30:22;8056;50,00;
10:30:25;8060;50,00;
10:30:28;8070;50,00;
10:30:31;8068;49,99;
10:30:34;8094;49,99;
10:30:37;8100;49,99;
10:30:40;8090;50,00;
10:30:43;8078;50,00;
10:30:46;8088;50,00;
10:30:49;8112;50,00;
10:30:55;8124;50,00;
10:30:58;8122;50,00;
10:31:01;8126;50,00;
10:31:04;8122;50,00;
10:31:07;8128;50,00;
10:31:10;8138;50,00;
10:31:13;8126;49,99;
10:31:16;8152;50,00;
10:31:19;8148;49,99;
10:31:22;8142;49,99;
10:31:25;8146;50,00;
10:31:28;8140;50,00;
10:31:31;8192;50,00;
10:31:34;8182;50,00;
10:31:37;8140;50,00;
10:31:40;8208;50,00;
10:31:43;8248;50,01;
10:31:46;8276;50,01;
10:31:49;8264;50,01;
10:31:52;8304;50,01;
10:31:55;8308;50,01;
10:32:01;8320;50,01;
10:32:04;8344;50,01;
10:32:07;8376;50,01;
10:32:10;8420;50,01;
10:32:13;8428;50,01;
10:32:16;8464;50,01;
10:32:19;8472;50,01;
10:32:22;8460;50,01;
10:32:25;8508;50,00;
10:32:28;8516;50,00;
10:32:31;8524;50,00;
10:32:34;8536;50,00;
10:32:37;8568;50,01;
10:32:40;8600;50,01;
10:32:43;8588;50,01;
10:32:46;8564;50,01;
10:32:49;8584;50,01;
10:32:52;8608;50,01;
10:32:55;8592;50,01;
10:32:58;8628;50,01;
10:33:01;8620;50,01;
10:33:07;8608;50,01;
10:33:10;8640;50,01;
10:33:13;8672;50,01;
10:33:16;8696;50,01;
10:33:19;8676;50,02;
10:33:22;8688;50,02;
10:33:25;8704;50,02;
10:33:28;8700;50,02;
10:33:31;8696;50,02;
10:33:34;8712;50,02;
10:33:37;8704;50,02;
10:33:40;8744;50,02;
10:33:43;8744;50,01;
10:33:46;8776;50,01;
10:33:49;8804;50,01;
10:33:52;8836;50,01;
10:33:55;8824;50,02;
10:33:58;8816;50,02;
10:34:01;8736;50,02;
10:34:04;8800;50,02;
10:34:07;8840;50,02;
10:34:13;8860;50,02;
10:34:16;8896;50,02;
10:34:19;8880;50,02;
10:34:22;8884;50,02;
10:34:25;8872;50,02;
10:34:28;8884;50,02;
10:34:34;8852;50,01;
10:34:37;8868;50,01;
10:34:40;8864;50,01;
10:34:43;8868;50,01;
10:34:46;8800;50,01;
10:34:49;8812;50,01;
10:34:52;8816;50,01;
10:34:58;8856;50,01;
10:35:01;8896;50,01;
10:35:04;8884;50,01;
10:35:07;8896;50,01;
10:35:10;8848;50,01;
10:35:13;8880;50,01;
10:35:16;8896;50,01;
10:35:19;8892;50,01;
10:35:22;8928;50,01;
10:35:25;8932;50,01;
10:35:28;8912;50,01;
10:35:31;8932;50,01;
10:35:34;8892;50,01;
10:35:37;8912;50,02;
10:35:40;8900;50,02;
10:35:43;8884;50,02;
10:35:49;8912;50,02;
10:35:52;8884;50,03;
10:35:55;8880;50,03;
10:35:58;8796;50,03;
10:36:04;8856;50,03;
10:36:07;8900;50,03;
10:36:10;8876;50,02;
10:36:16;8848;50,02;
10:36:19;8864;50,02;
10:36:22;8804;50,02;
10:36:25;7682;50,02;
10:36:28;2801;50,02;
10:36:31;2755;50,02;
10:36:34;2733;50,02;
10:36:37;2750;50,01;
10:36:40;2779;50,02;
10:36:43;2892;50,02;
10:36:46;3114;50,01;
10:36:49;3964;50,01;
10:36:52;7222;50,02;
10:36:55;6040;50,02;
10:36:58;3303;50,02;
10:37:01;3361;50,02;
10:37:04;2829;50,03;
10:37:10;2631;50,03;
10:37:13;2623;50,03;
10:37:16;2579;50,03;
10:37:19;2537;50,03;
10:37:22;2515;50,03;
10:37:25;2502;50,03;
10:37:28;2491;50,02;
10:37:31;2468;50,01;
10:37:34;2466;50,00;
10:37:37;2459;50,00;
10:37:40;2452;50,00;
10:37:43;2451;50,01;
10:37:46;2462;50,01;
10:37:49;2453;50,01;
10:37:52;2463;50,01;
10:37:55;2461;50,02;
10:37:58;2470;50,02;
10:38:01;2464;50,02;
10:38:04;2477;50,02;
10:38:07;2475;50,02;
10:38:10;2487;50,01;
10:38:16;2496;50,01;
10:38:19;2490;50,01;
10:38:22;2504;50,01;
10:38:25;2499;50,01;
10:38:28;2512;50,01;
10:38:31;2505;50,01;
10:38:34;2518;50,01;
10:38:37;2522;50,01;
10:38:40;2528;50,02;
10:38:43;2518;50,02;
10:38:46;2536;50,01;
10:38:49;2535;50,01;
10:38:52;2544;50,01;
10:38:55;2530;50,01;
10:38:58;2549;50,01;
10:39:01;2553;50,01;
10:39:04;2564;50,01;
10:39:07;2552;50,01;
10:39:10;2570;50,01;
10:39:13;2570;50,02;
10:39:16;2581;50,02;
10:39:19;2585;50,02;
10:39:22;2579;50,02;
10:39:25;2596;50,02;
10:39:28;2607;50,02;
10:39:31;2604;50,02;
10:39:34;2620;50,02;
10:39:37;2634;50,03;
10:39:40;2636;50,02;
10:39:43;2649;50,02;
10:39:46;2660;50,03;
10:39:49;2676;50,03;
10:39:52;2672;50,03;
10:39:55;2696;50,02;
10:39:58;2707;50,02;
10:40:01;2728;50,03;
10:40:07;2760;50,01;
10:40:10;2769;50,01;
10:40:13;2795;50,01;
10:40:16;2820;50,01;
10:40:19;2851;50,01;
10:40:22;2877;50,01;
10:40:25;2897;50,02;
10:40:28;2913;50,02;
10:40:31;3021;50,02;
10:40:34;3070;50,03;
10:40:37;3318;50,02;
10:40:40;3774;50,02;
10:40:43;3982;50,02;
10:40:46;3654;50,03;
10:40:49;3633;50,03;
10:40:52;3903;50,02;
10:40:55;8328;50,02;
10:40:58;7664;50,01;
10:41:01;4031;50,02;
10:41:04;3763;50,02;
10:41:07;4298;50,02;
10:41:13;5598;50,02;
10:41:16;5810;50,01;
10:41:19;6184;50,02;
10:41:22;6276;50,02;
10:41:25;4054;50,02;
10:41:28;3741;50,02;
10:41:31;3583;50,02;
10:41:34;3629;50,02;
10:41:37;4922;50,02;
10:41:40;5834;50,01;
10:41:43;3716;50,01;
10:41:46;3381;50,01;
10:41:49;3572;50,01;
10:41:52;3816;50,02;
10:41:55;4844;50,01;
10:41:58;3199;50,01;
10:42:01;3082;50,02;
10:42:04;3032;50,02;
10:42:07;2981;50,02;
10:42:10;2948;50,02;
10:42:13;2920;50,02;
10:42:19;2872;50,02;
10:42:22;2856;50,02;
10:42:25;2850;50,01;
10:42:28;2836;50,01;
10:42:34;2830;50,01;
10:42:37;2828;50,01;
10:42:40;2837;50,01;
10:42:43;2840;50,01;
10:42:46;2843;50,01;
10:42:49;2863;50,01;
10:42:52;2870;50,01;
10:42:55;2881;50,01;
10:42:58;2885;50,01;
10:43:01;2893;50,01;
10:43:04;2909;50,01;
10:43:07;2920;50,01;
10:43:10;2926;50,01;
10:43:13;2939;50,01;
10:43:16;2944;50,01;
10:43:19;2959;50,01;
10:43:25;2989;50,01;
10:43:28;3000;50,01;
10:43:31;3055;50,01;
10:43:34;3129;50,01;
10:43:37;3172;50,01;
10:43:40;3195;50,01;
10:43:43;3265;50,01;
10:43:46;3385;50,00;
10:43:49;3356;50,01;
10:43:52;3372;50,01;
10:43:55;3687;50,01;
10:43:58;6266;50,02;
10:44:01;7310;50,02;
10:44:04;9716;50,02;
10:44:10;9964;50,01;
10:44:13;9928;50,01;
10:44:16;10004;50,02;
10:44:19;10008;50,01;
10:44:25;9976;50,01;
10:44:28;9996;50,01;
10:44:31;9988;50,01;
10:44:34;9984;50,01;
10:44:37;9960;50,01;
10:44:40;9952;50,01;
10:44:43;9916;50,01;
10:44:46;9940;50,01;
10:44:49;9928;50,01;
10:44:52;9936;50,01;
10:44:55;9896;50,01;
10:44:58;9956;50,01;
10:45:01;9948;50,01;
10:45:04;9944;50,01;
10:45:07;9904;50,01;
10:45:10;9936;50,01;
10:45:16;9940;50,01;
10:45:19;9912;50,00;
10:45:22;9948;50,00;
10:45:25;9928;50,00;
10:45:28;9952;50,00;
10:45:31;9936;50,01;
10:45:34;9964;50,01;
10:45:37;9972;50,01;
10:45:40;10056;50,01;
10:45:43;10072;50,01;
10:45:46;10124;50,01;
10:45:52;9076;50,01;
10:45:55;8788;50,01;
10:45:58;6612;50,01;
10:46:01;3833;50,01;
10:46:04;3969;50,01;
10:46:07;4364;50,00;
10:46:10;3887;50,00;
10:46:13;3872;50,00;
10:46:16;3980;50,01;
10:46:22;4870;50,01;
10:46:25;4566;50,00;
10:46:28;4246;50,01;
10:46:31;4400;50,00;
10:46:34;4418;50,01;
10:46:37;4136;50,00;
10:46:40;3987;50,00;
10:46:43;4242;50,00;
10:46:46;6490;50,00;
10:46:49;6658;50,00;
10:46:52;5992;50,00;
10:46:55;6428;49,99;
10:46:58;7100;49,99;
10:47:01;5484;49,99;
10:47:04;4554;50,00;
10:47:07;5498;50,00;
10:47:10;3811;50,00;
10:47:13;3591;50,00;
10:47:16;3530;50,00;
10:47:19;3541;50,00;
10:47:22;3574;50,00;
10:47:28;3626;50,00;
10:47:31;3682;50,00;
10:47:34;3920;49,99;
10:47:37;4328;49,99;
10:47:40;8268;49,99;
10:47:43;9464;49,99;
10:47:46;9496;49,99;
10:47:49;9800;49,99;
10:47:52;9944;49,99;
10:47:55;9836;49,99;
10:47:58;9400;50,00;
10:48:01;9236;50,00;
10:48:04;8408;50,00;
10:48:07;8224;50,00;
10:48:10;8364;50,00;
10:48:13;7890;50,00;
10:48:16;7366;50,00;
10:48:19;9728;49,99;
10:48:22;9628;49,99;
10:48:25;9712;49,99;
10:48:28;9696;50,00;
10:48:31;8992;50,00;
10:48:34;8968;50,00;
10:48:37;9828;50,00;
10:48:40;9680;50,00;
10:48:43;9996;50,00;
10:48:46;10120;49,99;
10:48:49;9216;49,99;
10:48:52;8700;49,99;
10:48:55;7632;49,99;
10:48:58;6010;49,99;
10:49:01;6546;50,00;
10:49:04;7128;50,00;
10:49:07;7956;50,00;
10:49:10;7514;50,00;
10:49:13;5818;50,00;
10:49:19;7938;50,00;
10:49:22;9488;50,00;
10:49:25;9736;49,99;
10:49:28;9752;49,99;
10:49:31;9704;49,99;
10:49:34;9744;49,99;
10:49:37;9748;49,99;
10:49:40;9700;49,99;
10:49:43;9724;49,99;
10:49:46;9756;49,99;
10:49:49;9752;49,98;
10:49:55;9728;49,98;
10:49:58;9716;49,98;
10:50:01;9648;49,98;
10:50:04;9668;49,98;
10:50:07;9624;49,98;
10:50:10;9612;49,98;
10:50:13;9580;49,98;
10:50:16;9556;49,98;
10:50:19;9520;49,98;
10:50:25;9476;49,98;
10:50:28;9456;49,98;
10:50:34;9468;49,97;
10:50:37;9476;49,98;
10:50:40;9472;49,98;
10:50:43;9480;49,99;
10:50:46;9456;49,99;
10:50:49;9460;50,00;
10:50:52;9480;50,00;
10:50:55;9480;49,98;
10:50:58;9492;49,98;
10:51:01;9416;49,98;
10:51:04;8784;49,98;
10:51:07;8508;49,99;
10:51:10;8900;49,98;
10:51:13;9184;49,99;
10:51:16;9248;49,99;
10:51:19;8660;49,98;
10:51:22;8280;49,99;
10:51:25;8022;49,98;
10:51:31;5178;49,99;
10:51:34;5622;49,99;
10:51:37;9104;49,98;
10:51:40;9384;49,98;
10:51:43;9344;49,97;
10:51:46;9384;49,98;
10:51:49;9340;49,98;
10:51:52;9320;49,98;
10:51:55;9280;50,00;
10:51:58;9276;50,00;
10:52:01;9248;50,01;
10:52:04;9272;50,00;
10:52:07;9208;50,00;
10:52:10;9212;50,00;
10:52:13;9204;50,00;
10:52:16;9216;50,00;
10:52:19;9208;49,99;
10:52:22;9224;49,99;
10:52:25;9188;49,99;
10:52:28;9200;50,00;
10:52:31;9148;50,00;
10:52:37;9124;50,00;
10:52:40;9152;49,99;
10:52:43;9160;49,99;
10:52:46;9148;49,98;
10:52:49;9140;49,98;
10:52:52;9120;49,99;
10:52:55;9148;50,00;
10:52:58;9144;50,00;
10:53:01;9188;50,01;
10:53:13;9180;50,01;
10:53:16;9168;50,01;
10:53:22;9188;50,00;
10:53:25;9176;50,00;
10:53:28;8228;50,00;
10:53:31;8026;50,00;
10:53:34;6670;50,00;
10:53:37;4902;50,01;
10:53:40;4074;50,01;
10:53:43;3541;50,01;
10:53:46;4900;50,01;
10:53:49;4880;50,01;
10:53:52;5964;50,01;
10:53:55;6444;50,01;
10:53:58;4056;50,01;
10:54:01;4232;50,00;
10:54:04;5220;50,00;
10:54:07;6448;50,00;
10:54:10;7172;50,01;
10:54:13;8816;50,01;
10:54:16;9156;50,01;
10:54:19;8884;50,01;
10:54:22;6660;50,01;
10:54:28;7484;50,00;
10:54:31;6834;50,00;
10:54:34;8256;50,00;
10:54:37;8880;50,00;
10:54:40;6642;50,00;
10:54:43;5428;50,00;
10:54:46;4960;50,00;
10:54:49;5402;50,00;
10:54:52;4424;50,00;
10:54:55;4124;50,00;
10:54:58;7276;50,00;
10:55:01;5608;50,00;
10:55:04;4172;50,00;
10:55:07;4384;50,00;
10:55:10;4894;50,00;
10:55:13;6450;50,00;
10:55:16;8476;50,00;
10:55:19;9020;50,00;
10:55:22;9348;50,00;
10:55:25;9516;50,00;
10:55:28;7300;50,00;
10:55:34;8652;50,00;
10:55:37;9332;50,00;
10:55:40;7308;49,99;
10:55:43;6068;49,99;
10:55:46;7804;49,99;
10:55:49;9008;49,99;
10:55:52;9008;50,00;
10:55:55;8892;50,00;
10:55:58;9788;50,01;
10:56:01;10040;50,01;
10:56:04;10132;50,01;
10:56:07;9760;50,01;
10:56:10;9256;50,01;
10:56:13;8600;50,01;
10:56:16;7658;50,01;
10:56:19;6182;50,01;
10:56:22;7590;50,01;
10:56:25;7260;50,01;
10:56:28;5136;50,01;
10:56:31;4106;50,01;
10:56:34;3950;50,00;
10:56:40;4206;50,00;
10:56:43;4648;50,00;
10:56:46;7892;50,00;
10:56:49;8188;50,01;
10:56:52;10300;50,00;
10:56:55;10364;50,00;
10:56:58;10452;50,00;
10:57:01;10492;50,01;
10:57:04;10524;50,02;
10:57:07;10516;50,02;
10:57:10;10544;50,01;
10:57:13;10540;50,01;
10:57:16;10536;50,01;
10:57:19;10564;50,01;
10:57:28;10624;50,01;
10:57:31;10636;50,01;
10:57:34;10680;50,01;
10:57:37;10680;50,02;
10:57:40;10748;50,02;
10:57:43;10768;50,02;
10:57:49;9968;50,02;
10:57:52;6250;50,02;
10:57:55;3466;50,02;
10:57:58;3384;50,03;
10:58:01;3339;50,03;
10:58:04;3317;50,03;
10:58:07;3299;50,03;
10:58:10;3262;50,03;
10:58:13;3235;50,03;
10:58:16;3242;50,02;
10:58:19;3238;50,02;
10:58:22;3261;50,02;
10:58:25;3307;50,02;
10:58:31;3533;50,02;
10:58:34;3547;50,02;
10:58:37;3492;50,02;
10:58:40;3500;50,02;
10:58:43;4094;50,01;
10:58:46;4688;50,01;
10:58:49;4694;50,01;
10:58:52;5064;50,01;
10:58:55;10292;50,01;
10:58:58;9928;50,01;
10:59:01;6138;50,01;
10:59:04;4222;50,01;
10:59:07;3701;50,01;
10:59:10;3497;50,01;
10:59:13;3384;50,01;
10:59:16;3272;50,02;
10:59:19;3201;50,02;
10:59:22;3166;50,03;
10:59:25;3114;50,03;
10:59:28;3098;50,03;
10:59:31;3081;50,02;
10:59:37;3070;50,02;
10:59:40;3058;50,03;
10:59:43;3068;50,03;
10:59:46;3060;50,03;
10:59:49;3080;50,03;
10:59:52;3065;50,03;
10:59:55;3077;50,03;
10:59:58;3066;50,03;
11:00:01;3052;50,02;
11:00:04;3071;50,02;
11:00:07;3195;50,02;
11:00:10;3007;50,01;
11:00:13;2946;50,01;
11:00:16;2920;50,01;
11:00:19;2938;50,01;
11:00:22;2955;50,01;
11:00:25;2989;50,00;
11:00:28;2911;50,00;
11:00:31;2968;50,00;
11:00:34;2964;50,00;
11:00:37;2913;50,00;
11:00:43;2930;50,00;
11:00:46;2954;50,00;
11:00:49;3063;50,00;
11:00:52;3093;50,01;
11:00:55;3591;50,01;
11:00:58;4752;50,01;
11:01:01;5558;50,01;
11:01:04;5768;50,01;
11:01:07;9036;50,01;
11:01:10;10384;50,01;
11:01:13;10596;50,01;
11:01:16;10612;50,01;
11:01:19;10572;50,01;
11:01:22;10524;50,01;
11:01:28;10472;50,01;
11:01:31;10456;50,02;
11:01:34;10408;50,02;
11:01:37;10388;50,02;
11:01:40;10344;50,02;
11:01:43;10328;50,02;
11:01:49;10260;50,01;
11:01:52;10244;50,01;
11:01:55;10248;50,00;
11:01:58;10220;50,00;
11:02:01;10236;50,00;
11:02:04;10236;50,01;
11:02:10;10252;50,01;
11:02:13;10248;50,01;
11:02:16;10276;50,01;
11:02:19;10256;50,01;
11:02:22;10268;50,01;
11:02:25;10232;50,00;
11:02:28;10272;50,00;
11:02:34;10300;49,98;
11:02:37;10256;49,98;
11:02:40;10328;49,98;
11:02:43;10344;49,99;
11:02:46;10372;50,00;
11:02:49;10336;50,01;
11:02:52;10404;50,01;
11:02:55;10424;50,01;
11:02:58;10444;50,01;
11:03:01;10428;50,02;
11:03:04;9644;50,01;
11:03:07;6994;50,01;
11:03:10;5362;50,01;
11:03:13;8976;50,01;
11:03:16;10196;50,01;
11:03:19;7068;50,01;
11:03:22;6116;50,00;
11:03:25;5366;50,01;
11:03:28;4430;50,01;
11:03:31;4100;50,01;
11:03:34;4130;50,00;
11:03:40;3928;50,00;
11:03:43;4780;50,00;
11:03:46;7396;50,00;
11:03:49;8876;50,00;
11:03:52;9272;50,01;
11:03:55;8616;50,01;
11:03:58;8612;50,01;
11:04:01;8620;50,01;
11:04:04;10148;50,02;
11:04:07;10304;50,02;
11:04:10;10424;50,01;
11:04:13;10448;50,01;
11:04:16;10480;50,01;
11:04:19;10476;50,01;
11:04:22;10472;50,01;
11:04:25;10452;50,01;
11:04:28;10432;50,01;
11:04:31;10420;50,01;
11:04:34;10396;50,01;
11:04:37;10388;50,01;
11:04:40;10368;50,01;
11:04:46;10336;50,01;
11:04:49;10348;50,01;
11:04:52;10292;50,01;
11:04:55;10336;50,01;
11:04:58;10324;50,01;
11:05:01;10312;50,01;
11:05:04;10280;50,01;
11:05:07;10276;50,00;
11:05:10;10296;49,99;
11:05:16;10308;50,00;
11:05:19;10316;50,00;
11:05:22;10328;50,00;
11:05:25;10332;50,00;
11:05:28;10308;50,00;
11:05:31;10324;50,00;
11:05:34;10332;50,00;
11:05:37;10332;49,99;
11:05:40;10328;49,99;
11:05:43;10320;49,98;
11:05:46;10324;49,98;
11:05:52;10312;49,99;
11:05:55;10304;50,00;
11:05:58;10320;50,00;
11:06:01;10320;50,01;
11:06:04;10304;50,01;
11:06:10;10272;50,01;
11:06:13;10304;50,00;
11:06:16;10312;50,00;
11:06:19;10316;50,00;
11:06:22;10292;50,00;
11:06:25;10268;50,00;
11:06:28;10224;50,00;
11:06:31;10096;50,00;
11:06:37;7636;50,01;
11:06:40;7012;50,01;
11:06:43;7274;50,01;
11:06:46;7598;50,01;
11:06:49;8162;50,01;
11:06:52;8896;50,01;
11:06:55;9868;50,01;
11:06:58;10068;50,00;
11:07:01;10116;50,01;
11:07:04;10120;50,01;
11:07:07;10084;50,01;
11:07:10;10040;50,01;
11:07:13;10016;50,01;
11:07:16;10000;50,01;
11:07:19;9972;50,01;
11:07:22;9968;50,01;
11:07:25;9972;50,01;
11:07:28;9968;50,01;
11:07:31;9940;50,01;
11:07:34;9920;50,01;
11:07:37;9888;50,01;
11:07:43;9844;50,01;
11:07:46;9840;50,01;
11:07:49;9804;50,01;
11:07:52;9788;50,01;
11:07:55;9756;50,01;
11:07:58;9728;50,01;
11:08:01;9696;50,01;
11:08:04;9696;50,02;
11:08:07;9656;50,03;
11:08:10;9628;50,03;
11:08:13;9584;50,03;
11:08:16;9564;50,03;
11:08:19;9504;50,04;
11:08:22;9484;50,03;
11:08:25;9452;50,03;
11:08:28;9460;50,03;
11:08:31;9400;50,04;
11:08:34;9376;50,03;
11:08:37;9360;50,03;
11:08:40;9372;50,03;
11:08:43;9360;50,02;
11:08:49;9332;50,02;
11:08:52;9324;50,03;
11:08:55;9312;50,02;
11:09:01;9356;50,01;
11:09:04;9356;50,02;
11:09:07;9316;50,02;
11:09:10;9340;50,02;
11:09:13;9324;50,02;
11:09:16;9332;50,02;
11:09:19;9336;50,03;
11:09:22;9348;50,03;
11:09:25;9332;50,03;
11:09:31;9304;50,03;
11:09:34;9384;50,02;
11:09:37;9404;50,03;
11:09:40;9420;50,03;
11:09:43;9424;50,04;
11:09:46;9412;50,04;
11:09:49;9360;50,04;
11:09:55;9336;50,05;
11:09:58;9320;50,04;
11:10:01;9352;50,04;
11:10:04;9388;50,03;
11:10:07;9436;50,03;
11:10:10;9472;50,03;
11:10:13;9484;50,03;
11:10:16;9496;50,03;
11:10:19;9552;50,03;
11:10:22;9584;50,03;
11:10:25;9572;50,03;
11:10:28;9608;50,03;
11:10:31;9600;50,03;
11:10:34;9640;50,03;
11:10:40;9660;50,03;
11:10:43;9644;50,03;
11:10:46;9664;50,03;
11:10:49;9556;50,03;
11:10:52;9600;50,03;
11:10:55;9608;50,03;
11:11:01;9584;50,03;
11:11:04;9572;50,03;
11:11:07;9580;50,03;
11:11:10;9608;50,03;
11:11:13;9636;50,03;
11:11:16;9684;50,03;
11:11:19;9680;50,03;
11:11:22;9692;50,03;
11:11:25;9708;50,03;
11:11:28;9712;50,03;
11:11:31;9704;50,03;
11:11:34;9696;50,02;
11:11:37;9712;50,02;
11:11:40;9708;50,02;
11:11:46;9676;50,03;
11:11:49;9692;50,04;
11:11:52;9712;50,04;
11:11:55;9724;50,05;
11:11:58;9756;50,05;
11:12:01;9760;50,05;
11:12:04;9704;50,04;
11:12:07;9708;50,04;
11:12:10;9764;50,03;
11:12:13;9780;50,03;
11:12:16;9796;50,03;
11:12:19;9828;50,03;
11:12:22;9864;50,03;
11:12:25;9888;50,03;
11:12:28;9912;50,03;
11:12:31;9924;50,03;
11:12:34;9916;50,03;
11:12:40;9884;50,04;
11:12:43;9944;50,04;
11:12:46;9952;50,04;
11:12:52;9944;50,04;
11:12:55;9948;50,04;
11:12:58;9940;50,04;
11:13:01;9960;50,04;
11:13:04;9976;50,04;
11:13:07;9992;50,04;
11:13:10;10000;50,03;
11:13:13;10004;50,03;
11:13:16;10036;50,03;
11:13:19;10068;50,03;
11:13:22;10084;50,03;
11:13:25;10096;50,03;
11:13:28;10084;50,02;
11:13:31;10124;50,03;
11:13:34;10132;50,02;
11:13:37;10192;50,03;
11:13:40;10256;50,03;
11:13:43;10312;50,03;
11:13:46;10292;50,03;
11:13:49;10316;50,03;
11:13:52;10320;50,03;
11:13:58;10328;50,04;
11:14:01;10336;50,04;
11:14:04;10300;50,03;
11:14:07;10320;50,03;
11:14:10;10304;50,03;
11:14:13;10332;50,03;
11:14:16;10348;50,03;
11:14:19;10340;50,03;
11:14:22;10368;50,03;
11:14:25;10428;50,03;
11:14:28;10452;50,03;
11:14:31;10468;50,04;
11:14:34;10452;50,04;
11:14:37;10464;50,04;
11:14:40;10464;50,03;
11:14:43;10472;50,03;
11:14:46;10472;50,04;
11:14:49;10500;50,04;
11:14:52;10516;50,04;
11:14:55;10540;50,04;
11:14:58;10524;50,04;
11:15:04;9960;50,05;
11:15:07;10476;50,05;
11:15:10;10460;50,05;
11:15:13;10512;50,05;
11:15:16;10604;50,05;
11:15:19;10620;50,05;
11:15:22;10632;50,05;
11:15:25;10664;50,04;
11:15:28;10672;50,04;
11:15:31;10684;50,04;
11:15:34;10736;50,04;
11:15:37;10340;50,04;
11:15:40;9960;50,04;
11:15:43;5762;50,04;
11:15:49;3792;50,05;
11:15:52;4794;50,05;
11:15:55;5916;50,05;
11:15:58;5772;50,05;
11:16:01;5884;50,05;
11:16:04;5816;50,05;
11:16:07;5356;50,05;
11:16:10;5368;50,04;
11:16:13;5972;50,05;
11:16:16;7036;50,05;
11:16:19;6252;50,05;
11:16:22;9024;50,05;
11:16:25;10292;50,05;
11:16:28;10840;50,04;
11:16:31;9572;50,04;
11:16:34;3785;50,04;
11:16:37;3433;50,04;
11:16:40;4936;50,04;
11:16:43;10020;50,04;
11:16:46;8900;50,05;
11:16:49;4680;50,05;
11:16:55;2993;50,05;
11:16:58;2993;50,06;
11:17:01;2975;50,05;
11:17:04;2952;50,05;
11:17:07;2938;50,05;
11:17:10;2962;50,05;
11:17:13;2973;50,05;
11:17:16;3014;50,05;
11:17:19;4358;50,05;
11:17:22;7230;50,05;
11:17:25;10884;50,05;
11:17:28;10848;50,05;
11:17:31;10888;50,05;
11:17:34;10784;50,05;
11:17:37;10544;50,05;
11:17:40;10632;50,06;
11:17:43;10652;50,06;
11:17:46;10696;50,05;
11:17:49;10580;50,05;
11:17:52;10596;50,05;
11:17:55;10568;50,05;
11:18:01;10628;50,05;
11:18:04;10472;50,05;
11:18:07;6946;50,05;
11:18:10;5748;50,05;
11:18:13;4722;50,04;
11:18:16;4278;50,05;
11:18:19;4053;50,04;
11:18:22;3997;50,05;
11:18:25;7124;50,04;
11:18:28;5982;50,04;
11:18:31;3974;50,04;
11:18:34;3401;50,04;
11:18:37;4348;50,03;
11:18:40;5520;50,03;
11:18:43;5948;50,03;
11:18:46;3823;50,04;
11:18:49;3411;50,05;
11:18:52;3671;50,05;
11:18:55;6586;50,05;
11:18:58;5894;50,05;
11:19:01;3409;50,04;
11:19:07;3260;50,04;
11:19:10;3255;50,03;
11:19:13;3226;50,03;
11:19:16;3220;50,03;
11:19:19;3313;50,03;
11:19:22;3288;50,03;
11:19:25;3382;50,03;
11:19:28;3444;50,03;
11:19:31;4238;50,03;
11:19:34;5078;50,03;
11:19:37;4818;50,03;
11:19:40;3822;50,04;
11:19:43;2967;50,05;
11:19:46;2898;50,05;
11:19:49;2852;50,04;
11:19:52;2889;50,04;
11:19:55;2841;50,04;
11:19:58;2830;50,04;
11:20:01;2811;50,04;
11:20:04;2791;50,04;
11:20:07;2774;50,03;
11:20:10;2758;50,03;
11:20:13;2732;50,03;
11:20:16;2710;50,03;
11:20:19;2703;50,03;
11:20:22;2673;50,03;
11:20:25;2679;50,04;
11:20:28;2673;50,03;
11:20:31;2666;50,03;
11:20:34;2665;50,04;
11:20:37;2669;50,04;
11:20:40;2753;50,04;
11:20:43;2784;50,03;
11:20:46;4428;50,03;
11:20:49;8588;50,03;
11:20:52;10816;50,03;
11:20:58;10832;50,03;
11:21:01;10792;50,03;
11:21:04;10788;50,04;
11:21:07;10796;50,04;
11:21:10;10692;50,04;
11:21:13;10688;50,04;
11:21:16;10660;50,04;
11:21:19;10632;50,04;
11:21:22;10552;50,04;
11:21:25;10540;50,04;
11:21:28;10520;50,03;
11:21:31;10496;50,03;
11:21:34;10468;50,03;
11:21:37;10444;50,03;
11:21:40;10476;50,03;
11:21:43;10448;50,02;
11:21:46;10468;50,03;
11:21:49;10424;50,03;
11:21:52;10452;50,04;
11:21:55;10412;50,04;
11:21:58;10428;50,04;
11:22:04;10376;50,04;
11:22:07;10348;50,04;
11:22:10;10360;50,04;
11:22:13;10320;50,04;
11:22:16;10340;50,04;
11:22:19;10300;50,04;
11:22:22;10320;50,04;
11:22:25;10308;50,04;
11:22:28;10276;50,04;
11:22:31;10248;50,05;
11:22:34;10272;50,05;
11:22:37;10236;50,05;
11:22:40;10232;50,05;
11:22:43;10192;50,05;
11:22:46;10228;50,05;
11:22:49;10220;50,05;
11:22:52;10208;50,04;
11:22:55;10172;50,04;
11:22:58;10204;50,05;
11:23:01;10192;50,05;
11:23:10;10168;50,04;
11:23:13;10152;50,04;
11:23:16;10152;50,05;
11:23:19;10152;50,04;
11:23:22;10168;50,05;
11:23:25;10148;50,05;
11:23:28;10152;50,05;
11:23:34;10156;50,05;
11:23:37;10136;50,04;
11:23:40;10148;50,04;
11:23:43;10124;50,04;
11:23:46;10152;50,04;
11:23:49;10148;50,04;
11:23:52;10164;50,04;
11:23:55;10152;50,03;
11:23:58;10172;50,04;
11:24:01;10160;50,04;
11:24:04;10184;50,04;
11:24:07;10164;50,03;
11:24:10;10192;50,04;
11:24:16;10204;50,03;
11:24:19;10196;50,03;
11:24:22;10200;50,03;
11:24:25;10188;50,03;
11:24:28;10180;50,03;
11:24:31;10184;50,03;
11:24:34;10180;50,03;
11:24:37;10188;50,03;
11:24:40;10176;50,03;
11:24:43;10200;50,03;
11:24:46;10188;50,03;
11:24:49;10192;50,03;
11:24:52;10176;50,03;
11:24:55;10208;50,03;
11:25:01;10208;50,04;
11:25:04;10176;50,04;
11:25:07;10200;50,04;
11:25:10;10192;50,04;
11:25:13;10204;50,04;
11:25:16;10184;50,04;
11:25:19;10212;50,04;
11:25:22;10228;50,04;
11:25:25;10204;50,05;
11:25:28;10136;50,04;
11:25:31;10204;50,04;
11:25:34;10212;50,04;
11:25:37;10228;50,04;
11:25:40;10176;50,04;
11:25:43;10244;50,03;
11:25:46;10248;50,04;
11:25:49;10240;50,04;
11:25:52;10176;50,03;
11:25:55;10236;50,04;
11:25:58;10240;50,05;
11:26:01;10220;50,05;
11:26:07;10212;50,05;
11:26:10;10216;50,05;
11:26:13;10224;50,04;
11:26:16;10164;50,04;
11:26:19;10216;50,04;
11:26:31;10212;50,03;
11:26:37;10204;50,03;
11:26:40;10196;50,03;
11:26:43;10200;50,03;
11:26:46;10192;50,03;
11:26:55;10172;50,03;
11:26:58;10184;50,03;
11:27:01;10200;50,03;
11:27:04;10168;50,03;
11:27:07;10208;50,03;
11:27:13;10224;50,02;
11:27:16;10192;50,02;
11:27:19;10232;50,02;
11:27:22;10240;50,02;
11:27:25;10256;50,03;
11:27:28;10244;50,03;
11:27:31;10240;50,03;
11:27:34;10272;50,03;
11:27:37;10288;50,04;
11:27:40;10296;50,04;
11:27:43;10312;50,03;
11:27:46;10324;50,03;
11:27:49;10336;50,03;
11:27:52;10340;50,03;
11:27:55;10292;50,02;
11:27:58;10344;50,02;
11:28:01;10344;50,03;
11:28:04;10348;50,03;
11:28:07;10360;50,03;
11:28:10;10364;50,04;
11:28:13;10380;50,04;
11:28:19;10392;50,03;
11:28:28;10400;50,03;
11:28:31;10416;50,02;
11:28:34;10408;50,02;
11:28:37;10400;50,02;
11:28:40;10412;50,03;
11:28:43;10432;50,03;
11:28:49;10448;50,03;
11:28:52;10464;50,03;
11:28:55;10468;50,04;
11:28:58;10472;50,04;
11:29:01;10456;50,04;
11:29:04;10480;50,03;
11:29:07;10448;50,03;
11:29:10;10476;50,03;
11:29:13;10468;50,03;
11:29:16;10464;50,03;
11:29:19;10456;50,03;
11:29:22;10472;50,03;
11:29:25;10480;50,03;
11:29:28;10496;50,03;
11:29:31;10492;50,03;
11:29:34;10500;50,03;
11:29:37;10492;50,03;
11:29:40;10508;50,03;
11:29:43;10516;50,04;
11:29:46;10524;50,04;
11:29:49;10544;50,05;
11:29:52;10556;50,05;
11:29:55;10568;50,05;
11:29:58;10588;50,05;
11:30:01;10588;50,06;
11:30:04;10592;50,06;
11:30:10;10584;50,05;
11:30:16;10592;50,05;
11:30:19;10588;50,05;
11:30:22;10592;50,05;
11:30:25;10596;50,04;
11:30:28;10576;50,04;
11:30:31;10604;50,04;
11:30:34;10600;50,04;
11:30:37;10596;50,04;
11:30:40;10604;50,04;
11:30:46;10612;50,04;
11:30:49;10628;50,04;
11:30:52;10612;50,05;
11:30:55;10644;50,05;
11:30:58;10660;50,04;
11:31:01;10672;50,04;
11:31:04;10696;50,03;
11:31:07;10708;50,03;
11:31:10;10728;50,03;
11:31:16;10756;50,04;
11:31:19;10744;50,04;
11:31:22;10756;50,03;
11:31:25;10772;50,03;
11:31:28;10812;50,03;
11:31:31;10836;50,03;
11:31:37;10864;50,03;
11:31:40;10924;50,03;
11:31:43;10948;50,04;
11:31:46;11000;50,04;
11:31:49;11024;50,04;
11:31:52;11100;50,04;
11:31:55;10764;50,05;
11:31:58;8720;50,05;
11:32:01;9340;50,05;
11:32:04;6986;50,04;
11:32:07;6800;50,04;
11:32:10;5950;50,04;
11:32:13;5064;50,04;
11:32:16;3588;50,05;
11:32:22;6512;50,05;
11:32:25;6532;50,05;
11:32:28;8584;50,04;
11:32:31;7488;50,04;
11:32:34;9132;50,03;
11:32:37;9700;50,03;
11:32:40;10660;50,03;
11:32:43;9396;50,03;
11:32:46;10364;50,04;
11:32:49;10464;50,04;
11:32:52;11044;50,05;
11:32:55;11412;50,05;
11:32:58;11352;50,05;
11:33:01;11388;50,05;
11:33:04;11208;50,05;
11:33:07;7842;50,05;
11:33:10;4150;50,04;
11:33:13;4019;50,04;
11:33:16;3075;50,04;
11:33:19;3053;50,04;
11:33:22;2990;50,05;
11:33:28;2883;50,05;
11:33:31;2837;50,05;
11:33:34;2801;50,05;
11:33:37;2772;50,05;
11:33:40;2756;50,04;
11:33:43;2717;50,04;
11:33:46;2696;50,04;
11:33:49;2671;50,04;
11:33:52;2643;50,04;
11:33:55;2615;50,04;
11:33:58;2603;50,05;
11:34:01;2586;50,05;
11:34:04;2580;50,05;
11:34:07;2566;50,05;
11:34:13;2560;50,05;
11:34:16;2561;50,05;
11:34:19;2567;50,04;
11:34:22;2572;50,04;
11:34:25;2592;50,03;
11:34:28;2628;50,03;
11:34:31;2744;50,03;
11:34:34;2875;50,03;
11:34:37;2674;50,03;
11:34:40;2692;50,03;
11:34:43;2733;50,03;
11:34:46;2759;50,03;
11:34:49;2813;50,03;
11:34:52;2844;50,04;
11:34:55;2875;50,04;
11:34:58;2964;50,04;
11:35:01;3077;50,04;
11:35:04;3194;50,04;
11:35:07;5400;50,04;
11:35:10;5304;50,04;
11:35:13;8244;50,04;
11:35:19;5084;50,04;
11:35:22;6080;50,04;
11:35:25;3791;50,04;
11:35:28;3460;50,04;
11:35:31;3131;50,04;
11:35:34;3165;50,04;
11:35:37;3357;50,04;
11:35:40;3096;50,04;
11:35:43;2814;50,05;
11:35:46;2771;50,05;
11:35:49;2687;50,05;
11:35:52;2672;50,05;
11:35:55;2623;50,05;
11:35:58;2607;50,05;
11:36:01;2591;50,05;
11:36:04;2561;50,05;
11:36:07;2540;50,05;
11:36:10;2538;50,04;
11:36:13;2515;50,04;
11:36:16;2525;50,04;
11:36:19;2516;50,04;
11:36:25;2503;50,05;
11:36:28;2512;50,05;
11:36:31;2504;50,06;
11:36:34;2506;50,05;
11:36:37;2489;50,05;
11:36:40;2496;50,05;
11:36:43;2492;50,05;
11:36:46;2484;50,05;
11:36:49;2461;50,05;
11:36:52;2465;50,05;
11:36:55;2452;50,05;
11:36:58;2448;50,05;
11:37:01;2428;50,05;
11:37:04;2432;50,05;
11:37:07;2427;50,05;
11:37:10;2418;50,06;
11:37:13;2397;50,06;
11:37:16;2400;50,05;
11:37:19;2387;50,05;
11:37:25;2366;50,05;
11:37:31;2370;50,05;
11:37:34;2359;50,05;
11:37:37;2352;50,05;
11:37:40;2359;50,04;
11:37:43;2349;50,04;
11:37:46;2358;50,04;
11:37:49;2357;50,04;
11:37:52;2351;50,05;
11:37:55;2353;50,05;
11:37:58;2358;50,05;
11:38:01;2357;50,05;
11:38:04;2362;50,05;
11:38:07;2364;50,04;
11:38:10;2368;50,03;
11:38:16;2379;50,03;
11:38:19;2381;50,04;
11:38:22;2390;50,04;
11:38:25;2394;50,04;
11:38:28;2398;50,04;
11:38:31;2408;50,04;
11:38:34;2405;50,04;
11:38:37;2420;50,03;
11:38:40;2429;50,03;
11:38:43;2443;50,04;
11:38:46;2456;50,04;
11:38:49;2461;50,04;
11:38:52;2467;50,04;
11:38:55;2479;50,04;
11:38:58;2487;50,04;
11:39:01;2500;50,04;
11:39:04;2506;50,05;
11:39:07;2518;50,05;
11:39:13;2525;50,04;
11:39:16;2524;50,04;
11:39:22;2548;50,03;
11:39:25;2561;50,03;
11:39:28;2576;50,03;
11:39:31;2596;50,04;
11:39:34;2628;50,04;
11:39:37;2651;50,05;
11:39:40;2672;50,04;
11:39:43;2689;50,05;
11:39:46;2763;50,06;
11:39:49;2808;50,06;
11:39:52;2917;50,06;
11:39:55;3001;50,06;
11:39:58;3156;50,06;
11:40:01;3285;50,05;
11:40:04;3639;50,05;
11:40:07;4892;50,05;
11:40:10;8536;50,05;
11:40:13;10600;50,04;
11:40:16;10484;50,04;
11:40:19;10768;50,04;
11:40:22;11932;50,05;
11:40:28;11968;50,05;
11:40:31;11988;50,05;
11:40:34;11052;50,05;
11:40:37;8440;50,05;
11:40:40;6550;50,04;
11:40:43;6340;50,04;
11:40:46;5898;50,04;
11:40:49;5820;50,04;
11:40:52;7422;50,05;
11:40:55;8056;50,05;
11:40:58;10356;50,04;
11:41:01;10680;50,04;
11:41:04;11596;50,03;
11:41:07;11684;50,03;
11:41:10;11380;50,04;
11:41:13;9600;50,04;
11:41:16;9268;50,04;
11:41:19;9696;50,04;
11:41:22;10784;50,04;
11:41:25;11120;50,04;
11:41:28;11308;50,04;
11:41:34;8972;50,04;
11:41:37;5802;50,04;
11:41:40;3019;50,04;
11:41:43;2587;50,04;
11:41:46;2368;50,04;
11:41:49;2391;50,04;
11:41:52;2428;50,04;
11:41:55;2385;50,04;
11:41:58;2294;50,05;
11:42:01;2296;50,05;
11:42:04;2274;50,04;
11:42:07;2275;50,04;
11:42:10;2258;50,04;
11:42:13;2254;50,04;
11:42:16;2238;50,04;
11:42:19;2227;50,05;
11:42:22;2205;50,05;
11:42:25;2188;50,05;
11:42:28;2174;50,05;
11:42:31;2163;50,04;
11:42:34;2150;50,04;
11:42:40;2138;50,04;
11:42:43;2135;50,04;
11:42:46;2144;50,05;
11:42:49;2155;50,05;
11:42:52;2176;50,05;
11:42:55;2204;50,05;
11:42:58;2227;50,05;
11:43:01;2268;50,05;
11:43:04;2370;50,04;
11:43:07;2460;50,03;
11:43:10;2649;50,04;
11:43:13;3295;50,04;
11:43:16;5066;50,05;
11:43:19;10044;50,05;
11:43:25;10864;50,04;
11:43:28;11124;50,04;
11:43:31;11288;50,05;
11:43:34;11184;50,04;
11:43:37;11288;50,05;
11:43:40;11220;50,04;
11:43:43;11204;50,04;
11:43:46;11200;50,04;
11:43:49;11132;50,05;
11:43:52;11116;50,05;
11:43:55;11060;50,05;
11:43:58;11020;50,05;
11:44:01;10988;50,04;
11:44:04;10924;50,04;
11:44:07;10944;50,04;
11:44:10;10872;50,03;
11:44:13;10864;50,04;
11:44:16;10836;50,04;
11:44:19;10832;50,05;
11:44:22;10804;50,05;
11:44:25;10808;50,04;
11:44:31;10772;50,04;
11:44:34;10744;50,04;
11:44:37;10736;50,03;
11:44:40;10728;50,03;
11:44:43;10696;50,03;
11:44:46;10704;50,03;
11:44:49;10708;50,04;
11:44:52;10692;50,04;
11:44:55;10660;50,05;
11:44:58;10632;50,05;
11:45:01;10636;50,04;
11:45:04;10616;50,04;
11:45:10;10576;50,04;
11:45:13;10596;50,04;
11:45:16;10580;50,05;
11:45:19;10588;50,04;
11:45:22;10552;50,04;
11:45:25;10572;50,03;
11:45:28;10556;50,03;
11:45:37;10540;50,04;
11:45:40;10524;50,05;
11:45:43;10524;50,04;
11:45:46;10480;50,04;
11:45:49;10504;50,03;
11:45:52;10496;50,04;
11:45:58;10500;50,04;
11:46:01;10492;50,04;
11:46:04;10468;50,04;
11:46:07;10476;50,04;
11:46:10;10444;50,04;
11:46:13;10452;50,04;
11:46:16;10424;50,04;
11:46:19;10452;50,03;
11:46:22;10416;50,03;
11:46:25;10444;50,03;
11:46:28;10420;50,03;
11:46:31;10444;50,03;
11:46:34;10416;50,03;
11:46:37;10424;50,02;
11:46:43;10408;50,02;
11:46:46;10420;50,03;
11:46:52;10392;50,03;
11:46:55;10384;50,03;
11:46:58;10380;50,03;
11:47:01;10384;50,03;
11:47:04;10368;50,04;
11:47:07;10368;50,03;
11:47:10;10372;50,03;
11:47:13;10336;50,03;
11:47:16;10332;50,03;
11:47:19;10220;50,04;
11:47:22;10324;50,04;
11:47:28;10336;50,04;
11:47:31;10296;50,04;
11:47:34;10332;50,04;
11:47:37;10324;50,04;
11:47:43;10284;50,04;
11:47:46;10320;50,04;
11:47:49;10312;50,04;
11:47:52;10304;50,04;
11:47:55;10264;50,04;
11:47:58;10296;50,03;
11:48:01;10304;50,03;
11:48:04;10300;50,03;
11:48:07;10260;50,03;
11:48:10;10300;50,03;
11:48:13;10300;50,02;
11:48:16;10284;50,03;
11:48:19;10244;50,03;
11:48:22;10268;50,03;
11:48:25;10260;50,02;
11:48:34;10252;50,02;
11:48:37;10248;50,02;
11:48:43;10212;50,02;
11:48:46;10244;50,02;
11:48:55;10240;50,02;
11:48:58;10244;50,04;
11:49:01;10248;50,04;
11:49:04;10260;50,04;
11:49:07;10224;50,04;
11:49:10;10260;50,04;
11:49:13;10268;50,04;
11:49:19;10244;50,04;
11:49:22;10280;50,04;
11:49:25;10276;50,04;
11:49:28;10288;50,04;
11:49:31;10260;50,03;
11:49:34;10300;50,03;
11:49:40;10324;50,03;
11:49:43;10300;50,04;
11:49:46;10332;50,04;
11:49:49;10340;50,04;
11:49:52;10348;50,05;
11:49:55;10344;50,05;
11:49:58;10332;50,05;
11:50:01;10368;50,05;
11:50:04;10380;50,04;
11:50:10;10388;50,03;
11:50:13;10392;50,03;
11:50:16;10408;50,03;
11:50:19;10412;50,03;
11:50:22;10380;50,03;
11:50:25;10404;50,04;
11:50:28;10412;50,04;
11:50:37;10420;50,04;
11:50:40;10424;50,04;
11:50:46;10448;50,05;
11:50:49;10452;50,04;
11:50:52;10464;50,04;
11:50:55;10472;50,04;
11:50:58;10480;50,04;
11:51:01;10492;50,04;
11:51:04;10488;50,04;
11:51:07;10496;50,04;
11:51:10;10512;50,04;
11:51:16;10520;50,03;
11:51:19;10528;50,03;
11:51:22;10536;50,03;
11:51:25;10464;50,03;
11:51:31;10496;50,03;
11:51:34;10484;50,03;
11:51:37;10492;50,03;
11:51:40;10504;50,04;
11:51:43;10500;50,03;
11:51:46;10472;50,03;
11:51:49;10496;50,02;
11:51:52;10500;50,03;
11:51:55;10520;50,03;
11:51:58;10496;50,03;
11:52:01;10532;50,03;
11:52:04;10504;50,03;
11:52:07;10448;50,03;
11:52:10;10436;50,03;
11:52:13;10476;50,03;
11:52:16;10484;50,04;
11:52:19;10560;50,04;
11:52:25;10580;50,03;
11:52:28;10588;50,03;
11:52:31;10656;50,04;
11:52:37;10740;50,05;
11:52:43;10824;50,04;
11:52:46;10832;50,04;
11:52:49;10896;50,04;
11:52:52;10904;50,03;
11:52:55;10768;50,03;
11:52:58;8732;50,03;
11:53:01;5670;50,04;
11:53:04;5292;50,04;
11:53:07;5470;50,04;
11:53:10;5636;50,04;
11:53:13;7376;50,04;
11:53:16;7464;50,04;
11:53:19;8192;50,04;
11:53:22;10840;50,04;
11:53:25;10900;50,04;
11:53:28;10908;50,04;
11:53:31;10876;50,03;
11:53:34;10868;50,03;
11:53:37;10840;50,02;
11:53:43;10808;50,03;
11:53:46;10800;50,03;
11:53:49;10792;50,03;
11:53:55;10808;50,04;
11:53:58;10820;50,04;
11:54:01;10812;50,04;
11:54:04;10836;50,03;
11:54:07;10816;50,03;
11:54:10;10812;50,03;
11:54:13;10144;50,04;
11:54:16;8992;50,04;
11:54:19;7618;50,04;
11:54:22;8908;50,03;
11:54:25;8240;50,03;
11:54:28;6250;50,03;
11:54:31;10232;50,03;
11:54:34;10476;50,03;
11:54:37;10456;50,03;
11:54:40;10428;50,03;
11:54:43;10444;50,03;
11:54:49;10444;50,02;
11:54:52;10432;50,02;
11:54:55;10412;50,02;
11:54:58;10416;50,02;
11:55:01;10380;50,03;
11:55:04;10388;50,03;
11:55:07;10384;50,03;
11:55:10;10360;50,03;
11:55:13;10328;50,03;
11:55:16;10308;50,03;
11:55:19;10300;50,03;
11:55:22;10308;50,03;
11:55:25;10280;50,02;
11:55:28;10268;50,02;
11:55:31;10264;50,02;
11:55:34;10260;50,03;
11:55:37;10252;50,02;
11:55:40;10248;50,03;
11:55:43;10236;50,03;
11:55:46;10232;50,03;
11:55:49;10212;50,03;
11:55:55;10208;50,03;
11:55:58;10204;50,03;
11:56:01;10188;50,02;
11:56:04;10200;50,02;
11:56:07;10188;50,02;
11:56:10;10200;50,03;
11:56:16;10184;50,03;
11:56:19;10200;50,03;
11:56:22;10196;50,03;
11:56:25;10200;50,03;
11:56:28;10192;50,03;
11:56:43;10188;50,03;
11:56:46;10184;50,03;
11:56:52;10176;50,04;
11:56:55;10184;50,04;
11:56:58;10172;50,04;
11:57:01;10180;50,03;
11:57:04;10172;50,03;
11:57:16;10164;50,03;
11:57:19;10160;50,03;
11:57:22;10144;50,02;
11:57:25;10140;50,02;
11:57:28;10136;50,03;
11:57:31;10132;50,03;
11:57:34;10124;50,03;
11:57:37;10120;50,03;
11:57:46;10128;50,02;
11:57:52;10124;50,03;
11:57:55;10140;50,03;
11:57:58;10144;50,04;
11:58:01;10152;50,04;
11:58:04;10148;50,04;
11:58:07;10140;50,04;
11:58:10;10148;50,03;
11:58:13;10156;50,03;
11:58:16;10132;50,03;
11:58:19;10168;50,03;
11:58:22;10164;50,03;
11:58:25;10176;50,03;
11:58:28;10184;50,03;
11:58:31;10196;50,03;
11:58:34;10192;50,03;
11:58:37;10212;50,02;
11:58:40;10184;50,02;
11:58:43;10216;50,03;
11:58:46;10212;50,03;
11:58:55;10240;50,03;
11:58:58;10236;50,03;
11:59:01;10256;50,03;
11:59:04;10248;50,03;
11:59:07;10276;50,02;
11:59:10;10280;50,02;
11:59:13;10276;50,02;
11:59:16;10284;50,02;
11:59:19;10312;50,02;
11:59:22;10308;50,02;
11:59:25;10328;50,02;
11:59:28;10316;50,02;
11:59:31;10340;50,03;
11:59:34;10344;50,02;
11:59:37;10356;50,02;
11:59:40;10348;50,01;
11:59:43;10368;50,02;
11:59:46;10356;50,01;
11:59:49;10376;50,01;
11:59:52;10368;50,02;
11:59:58;10360;50,02;
12:00:01;10364;50,02;
12:00:04;10360;50,02;
12:00:07;10384;50,01;
12:00:10;10392;50,00;
12:00:13;10404;50,00;
12:00:16;10420;50,00;
12:00:19;10412;50,00;
12:00:22;10408;50,00;
12:00:25;10444;50,00;
12:00:28;10444;49,99;
12:00:31;10464;49,98;
12:00:34;10444;49,98;
12:00:37;10484;49,98;
12:00:40;10488;49,98;
12:00:43;10504;49,97;
12:00:46;10512;49,97;
12:00:49;10528;49,98;
12:00:55;10528;49,99;
12:00:58;10552;49,99;
12:01:01;10540;50,00;
12:01:04;10548;50,00;
12:01:07;10576;50,01;
12:01:10;10584;50,01;
12:01:13;10556;50,00;
12:01:16;10584;50,00;
12:01:22;10592;50,00;
12:01:25;10608;49,99;
12:01:28;10620;49,99;
12:01:31;10620;49,98;
12:01:34;10600;49,98;
12:01:37;10544;49,98;
12:01:40;10520;49,98;
12:01:43;10012;49,99;
12:01:49;9544;50,00;
12:01:52;7674;50,00;
12:01:55;8584;50,00;
12:01:58;7736;50,00;
12:02:01;4906;50,00;
12:02:04;5034;50,00;
12:02:07;5772;50,00;
12:02:10;6302;50,00;
12:02:13;10496;50,00;
12:02:16;10596;50,00;
12:02:19;11024;50,00;
12:02:22;11036;50,00;
12:02:25;7342;49,99;
12:02:28;7364;49,99;
12:02:31;8140;49,99;
12:02:34;5066;49,99;
12:02:37;3066;50,00;
12:02:40;3234;50,00;
12:02:43;4290;50,00;
12:02:46;5304;50,00;
12:02:49;6342;50,00;
12:02:55;3191;50,00;
12:02:58;3361;50,00;
12:03:01;8126;50,00;
12:03:04;10992;50,00;
12:03:07;8248;50,01;
12:03:10;5878;50,01;
12:03:13;3748;50,00;
12:03:16;2724;50,00;
12:03:19;4410;50,00;
12:03:22;4182;50,00;
12:03:25;2520;49,99;
12:03:28;2425;49,98;
12:03:31;2251;49,98;
12:03:34;2256;49,97;
12:03:37;2250;49,97;
12:03:40;2355;49,98;
12:03:43;2757;49,98;
12:03:46;2844;49,99;
12:03:49;3188;49,99;
12:03:52;2850;49,99;
12:03:55;3371;49,98;
12:04:01;10200;49,98;
12:04:04;11152;49,99;
12:04:07;11380;49,98;
12:04:10;11432;49,99;
12:04:13;11416;49,98;
12:04:16;11408;49,98;
12:04:19;11440;49,98;
12:04:22;11448;49,98;
12:04:25;11488;49,96;
12:04:28;11492;49,96;
12:04:31;11548;49,96;
12:04:34;11520;49,97;
12:04:40;10444;49,97;
12:04:43;8468;49,97;
12:04:46;6558;49,97;
12:04:49;3877;49,97;
12:04:52;5030;49,97;
12:04:55;8160;49,96;
12:04:58;8608;49,96;
12:05:01;10688;49,96;
12:05:07;11076;49,97;
12:05:10;11132;49,98;
12:05:13;11112;49,98;
12:05:19;11096;49,97;
12:05:22;11052;49,97;
12:05:25;11072;49,97;
12:05:28;11064;49,97;
12:05:31;11040;49,97;
12:05:34;10972;49,97;
12:05:37;11008;49,98;
12:05:40;10980;49,98;
12:05:43;10972;49,99;
12:05:46;10908;49,99;
12:05:52;10900;49,99;
12:05:55;10896;50,00;
12:05:58;10852;50,00;
12:06:01;10856;50,00;
12:06:04;10844;49,99;
12:06:07;10836;49,98;
12:06:13;10816;49,98;
12:06:16;10816;49,99;
12:06:19;10800;49,99;
12:06:25;10764;49,99;
12:06:28;10776;49,99;
12:06:31;10760;49,99;
12:06:34;10772;50,00;
12:06:37;10724;49,99;
12:06:40;10752;49,98;
12:06:43;10736;49,98;
12:06:46;10744;49,98;
12:06:49;10712;49,97;
12:06:52;10728;49,98;
12:06:58;10724;49,98;
12:07:01;10700;49,98;
12:07:04;10720;49,99;
12:07:07;10692;49,99;
12:07:10;10700;49,99;
12:07:13;10668;49,99;
12:07:16;10684;49,99;
12:07:25;10660;49,98;
12:07:28;10680;49,98;
12:07:31;10656;49,98;
12:07:34;10688;49,97;
12:07:37;10672;49,97;
12:07:40;10688;49,97;
12:07:43;10660;49,98;
12:07:46;10688;49,98;
12:07:49;10676;49,98;
12:07:52;10688;49,98;
12:07:55;10668;49,98;
12:07:58;10696;49,99;
12:08:04;10680;49,99;
12:08:07;10664;49,99;
12:08:13;10648;49,98;
12:08:16;10632;49,98;
12:08:19;10564;49,98;
12:08:22;10500;49,98;
12:08:25;10496;49,98;
12:08:28;10644;49,98;
12:08:31;10616;49,98;
12:08:34;10656;49,98;
12:08:37;10648;49,98;
12:08:40;10652;49,98;
12:08:43;10616;49,98;
12:08:46;10652;49,98;
12:08:49;10664;49,98;
12:08:52;10696;50,00;
12:08:55;10692;50,00;
12:08:58;10764;50,01;
12:09:01;9936;50,01;
12:09:04;8528;50,00;
12:09:10;6918;50,00;
12:09:13;6998;50,00;
12:09:16;5856;50,01;
12:09:19;4734;50,01;
12:09:22;6342;50,01;
12:09:25;4326;50,01;
12:09:28;2924;50,01;
12:09:31;2822;50,01;
12:09:34;5742;50,01;
12:09:37;3679;50,01;
12:09:40;2211;50,01;
12:09:43;2131;50,01;
12:09:46;2124;50,01;
12:09:49;2102;50,01;
12:09:55;2098;50,01;
12:09:58;2088;50,01;
12:10:01;2112;50,01;
12:10:04;2124;50,01;
12:10:07;2159;50,01;
12:10:10;2156;50,01;
12:10:13;2214;50,01;
12:10:16;2251;50,01;
12:10:19;2564;50,01;
12:10:22;2644;50,01;
12:10:25;2876;50,01;
12:10:28;3402;50,01;
12:10:31;5152;50,00;
12:10:34;7118;50,01;
12:10:37;9080;50,01;
12:10:40;9736;50,01;
12:10:43;10896;50,01;
12:10:46;11020;50,01;
12:10:49;11156;50,01;
12:10:52;11264;50,01;
12:10:55;11284;50,01;
12:11:01;11256;50,00;
12:11:04;11444;50,00;
12:11:07;10148;50,00;
12:11:10;8082;50,01;
12:11:13;4894;50,01;
12:11:16;3308;50,00;
12:11:19;2999;50,01;
12:11:22;2914;50,01;
12:11:25;4047;50,00;
12:11:28;6610;50,00;
12:11:31;8684;50,00;
12:11:34;10676;50,00;
12:11:37;11484;50,00;
12:11:40;11436;50,00;
12:11:43;11348;50,01;
12:11:46;11376;50,01;
12:11:49;11332;50,01;
12:11:52;11352;50,01;
12:11:55;11308;50,01;
12:12:01;11272;50,00;
12:12:07;11236;50,00;
12:12:10;11232;50,00;
12:12:13;11216;50,01;
12:12:16;11208;50,01;
12:12:19;11188;50,01;
12:12:22;11176;50,01;
12:12:25;11156;50,00;
12:12:28;11160;50,00;
12:12:31;11128;50,00;
12:12:34;11116;50,00;
12:12:37;11108;50,00;
12:12:40;11104;50,00;
12:12:43;11088;50,00;
12:12:46;11080;50,00;
12:12:49;11052;50,00;
12:12:52;11048;50,00;
12:12:55;11028;50,00;
12:12:58;11024;50,00;
12:13:01;10948;50,01;
12:13:04;10876;50,00;
12:13:07;10816;50,01;
12:13:13;10696;50,00;
12:13:16;10716;50,00;
12:13:19;10704;50,00;
12:13:22;10700;50,00;
12:13:25;10740;50,00;
12:13:28;10752;50,01;
12:13:31;10656;50,01;
12:13:34;10576;50,01;
12:13:37;10608;50,00;
12:13:40;10640;50,00;
12:13:43;10464;50,01;
12:13:46;10412;50,01;
12:13:49;10484;50,01;
12:13:52;10232;50,01;
12:13:55;10008;50,01;
12:13:58;9928;50,00;
12:14:01;9500;50,00;
12:14:04;8612;50,00;
12:14:07;6484;50,01;
12:14:10;5952;50,01;
12:14:13;5592;50,01;
12:14:19;6728;50,01;
12:14:22;7484;50,01;
12:14:25;7246;50,01;
12:14:28;9332;50,01;
12:14:31;10248;50,00;
12:14:34;10528;50,00;
12:14:37;10484;50,00;
12:14:40;10440;50,00;
12:14:43;10536;50,00;
12:14:46;10516;50,00;
12:14:49;10600;50,00;
12:14:52;10604;50,00;
12:14:55;10636;50,00;
12:14:58;10580;50,01;
12:15:04;10548;50,00;
12:15:07;10580;50,00;
12:15:10;10644;50,00;
12:15:13;10632;50,00;
12:15:16;10628;50,00;
12:15:19;10648;49,99;
12:15:22;10644;49,98;
12:15:25;10632;49,98;
12:15:28;10560;50,00;
12:15:34;10584;50,01;
12:15:37;10592;50,01;
12:15:40;10560;50,01;
12:15:43;10548;50,00;
12:15:46;10540;50,00;
12:15:49;10580;50,00;
12:15:52;10596;50,00;
12:15:55;10604;50,00;
12:15:58;10564;50,00;
12:16:01;10572;50,00;
12:16:04;10584;50,00;
12:16:10;10536;50,00;
12:16:13;10532;50,00;
12:16:16;10536;50,01;
12:16:19;10548;50,01;
12:16:22;10580;50,01;
12:16:25;10608;50,01;
12:16:28;10608;50,00;
12:16:31;10568;50,00;
12:16:34;10640;50,00;
12:16:37;10652;50,01;
12:16:40;10608;50,01;
12:16:43;10640;50,01;
12:16:46;10668;50,01;
12:16:49;10684;50,00;
12:16:52;10648;50,01;
12:16:55;10696;50,01;
12:16:58;10704;50,01;
12:17:01;10720;50,01;
12:17:04;10716;50,01;
12:17:07;10728;50,01;
12:17:10;10748;50,01;
12:17:16;10772;50,01;
12:17:19;10804;50,00;
12:17:22;10776;50,00;
12:17:25;10780;50,00;
12:17:28;10740;50,00;
12:17:31;10768;50,00;
12:17:34;10784;50,00;
12:17:37;10744;50,00;
12:17:40;10652;50,00;
12:17:43;10692;50,01;
12:17:46;10692;50,00;
12:17:49;10712;50,00;
12:17:52;10704;50,00;
12:17:55;10732;50,01;
12:17:58;10736;50,01;
12:18:01;10752;50,00;
12:18:04;10732;50,01;
12:18:07;10768;50,01;
12:18:10;10760;50,01;
12:18:13;10788;50,01;
12:18:16;10776;50,01;
12:18:22;10848;50,00;
12:18:25;10868;50,00;
12:18:28;10100;50,00;
12:18:31;7954;50,00;
12:18:34;6232;50,01;
12:18:37;6068;50,01;
12:18:40;6808;50,01;
12:18:43;9396;50,01;
12:18:46;8176;50,03;
12:18:49;7462;50,03;
12:18:52;5206;50,03;
12:18:55;2094;50,03;
12:18:58;2015;50,02;
12:19:01;1764;50,01;
12:19:07;1773;50,01;
12:19:10;1762;50,01;
12:19:13;1768;50,01;
12:19:16;1775;50,01;
12:19:19;1780;50,02;
12:19:22;1778;50,02;
12:19:25;1784;50,02;
12:19:28;1786;50,01;
12:19:31;1788;50,01;
12:19:34;1803;50,01;
12:19:37;1812;50,01;
12:19:40;1831;50,01;
12:19:43;1888;50,01;
12:19:46;2274;50,01;
12:19:49;2142;50,01;
12:19:52;2149;50,01;
12:19:55;6652;50,01;
12:19:58;7500;50,01;
12:20:01;8038;50,02;
12:20:04;10448;50,02;
12:20:07;10944;50,01;
12:20:13;11056;50,01;
12:20:16;10972;50,01;
12:20:19;11120;50,01;
12:20:22;11076;50,01;
12:20:25;11112;50,00;
12:20:28;11096;50,00;
12:20:31;11108;50,00;
12:20:34;11104;50,00;
12:20:37;11080;49,99;
12:20:40;11128;49,99;
12:20:43;11120;50,00;
12:20:46;11124;50,00;
12:20:49;11088;49,99;
12:20:52;11124;49,99;
12:20:55;11128;50,00;
12:20:58;11120;50,00;
12:21:01;11088;49,99;
12:21:04;11120;49,99;
12:21:07;11104;50,00;
12:21:10;11112;50,00;
12:21:13;11068;50,00;
12:21:19;11104;50,00;
12:21:22;11120;50,00;
12:21:25;11084;50,00;
12:21:28;11116;50,00;
12:21:31;11108;50,00;
12:21:40;11072;50,00;
12:21:43;11100;50,00;
12:21:46;11112;50,00;
12:21:49;11056;50,00;
12:21:52;11080;50,00;
12:21:55;11024;50,00;
12:21:58;11052;50,00;
12:22:01;11064;50,00;
12:22:04;11068;50,00;
12:22:07;11080;50,00;
12:22:10;11088;50,00;
12:22:13;11064;50,00;
12:22:16;11076;50,00;
12:22:19;11084;50,00;
12:22:25;11072;50,00;
12:22:28;11068;50,00;
12:22:31;11096;50,00;
12:22:34;11072;50,00;
12:22:37;11088;50,00;
12:22:40;11080;50,00;
12:22:43;11128;50,00;
12:22:46;11124;50,00;
12:22:49;11128;50,00;
12:22:52;11132;50,00;
12:22:55;11204;50,00;
12:22:58;11208;50,00;
12:23:01;11252;50,00;
12:23:04;11212;50,00;
12:23:07;11236;50,01;
12:23:10;11240;50,01;
12:23:13;11272;50,02;
12:23:16;11260;50,02;
12:23:19;11292;50,02;
12:23:22;11264;50,02;
12:23:25;11284;50,00;
12:23:31;11264;50,00;
12:23:37;11284;50,01;
12:23:40;11264;50,01;
12:23:43;11300;50,01;
12:23:46;11284;50,01;
12:23:49;11300;50,00;
12:23:52;11288;50,00;
12:23:58;11264;50,00;
12:24:01;11284;50,00;
12:24:04;11260;50,00;
12:24:07;11280;50,00;
12:24:10;11280;49,99;
12:24:16;11304;49,99;
12:24:19;11316;49,99;
12:24:22;11312;49,99;
12:24:28;11312;50,00;
12:24:31;11300;50,00;
12:24:34;11308;50,00;
12:24:37;11304;50,00;
12:24:40;11296;50,00;
12:24:43;11276;49,99;
12:24:46;11284;49,98;
12:24:49;11252;49,98;
12:24:52;11280;49,99;
12:24:55;11256;49,99;
12:24:58;11276;50,00;
12:25:01;11260;50,00;
12:25:04;11224;50,00;
12:25:10;11160;49,99;
12:25:13;11172;49,99;
12:25:16;11176;50,00;
12:25:22;11184;50,00;
12:25:25;11196;50,00;
12:25:28;11224;50,00;
12:25:31;11216;50,00;
12:25:34;11212;50,00;
12:25:37;11188;50,00;
12:25:40;11220;49,99;
12:25:43;11216;49,98;
12:25:49;11172;49,98;
12:25:52;11188;49,98;
12:25:55;11172;49,98;
12:25:58;11180;49,99;
12:26:01;11132;49,99;
12:26:04;11152;49,99;
12:26:07;11120;49,99;
12:26:10;11088;50,00;
12:26:13;11036;50,00;
12:26:16;11060;50,00;
12:26:19;11052;49,99;
12:26:22;11036;50,00;
12:26:28;11044;49,99;
12:26:31;11028;49,99;
12:26:34;11040;49,99;
12:26:37;11020;49,99;
12:26:40;11040;50,00;
12:26:43;11024;50,00;
12:26:46;11036;50,00;
12:26:52;11048;50,01;
12:26:55;11036;50,01;
12:26:58;11048;50,01;
12:27:01;11024;50,01;
12:27:04;11064;50,01;
12:27:07;11052;50,01;
12:27:10;11068;50,00;
12:27:13;11040;50,00;
12:27:16;11064;50,00;
12:27:19;11056;50,00;
12:27:22;11064;50,00;
12:27:25;11056;50,00;
12:27:28;11064;50,00;
12:27:34;11056;50,01;
12:27:37;11036;50,01;
12:27:43;11044;50,01;
12:27:46;11032;50,01;
12:27:52;11004;50,01;
12:27:55;11020;50,01;
12:27:58;10992;50,01;
12:28:01;11004;50,01;
12:28:04;10980;50,00;
12:28:07;11012;50,00;
12:28:10;10992;50,00;
12:28:13;11012;50,00;
12:28:19;11020;50,00;
12:28:22;10996;50,00;
12:28:25;11004;50,00;
12:28:28;10984;50,00;
12:28:31;11020;50,00;
12:28:34;11000;50,00;
12:28:37;11024;50,00;
12:28:43;10996;50,00;
12:28:46;10972;50,00;
12:28:49;10992;50,01;
12:28:52;10964;50,01;
12:28:55;10984;50,01;
12:28:58;10956;50,01;
12:29:01;10984;50,01;
12:29:04;10956;50,01;
12:29:07;10976;50,00;
12:29:10;10948;50,00;
12:29:13;10964;50,01;
12:29:16;10944;50,01;
12:29:19;10968;50,01;
12:29:25;10968;50,00;
12:29:28;10944;50,00;
12:29:31;10968;50,00;
12:29:34;10952;50,00;
12:29:37;10972;50,01;
12:29:40;10948;50,01;
12:29:43;10976;50,01;
12:29:49;11004;50,01;
12:29:52;10968;50,01;
12:29:55;11000;50,00;
12:29:58;10984;50,00;
12:30:01;11004;50,00;
12:30:04;10976;50,00;
12:30:07;10996;49,99;
12:30:10;10952;49,99;
12:30:13;10912;49,98;
12:30:16;10888;49,98;
12:30:19;10916;49,98;
12:30:22;10928;49,98;
12:30:25;10876;49,98;
12:30:31;10852;49,98;
12:30:34;10912;49,98;
12:30:37;10908;49,97;
12:30:40;10916;49,97;
12:30:43;10912;49,97;
12:30:46;10928;49,97;
12:30:49;10932;49,97;
12:30:52;10948;49,97;
12:30:55;10972;49,96;
12:30:58;10960;49,97;
12:31:01;10928;49,97;
12:31:04;10868;49,97;
12:31:07;10936;49,97;
12:31:10;10932;49,98;
12:31:13;10836;49,98;
12:31:16;10636;49,98;
12:31:19;10688;49,98;
12:31:22;10940;49,98;
12:31:25;10948;49,99;
12:31:28;10880;49,98;
12:31:31;10936;49,98;
12:31:37;10976;49,97;
12:31:40;10988;49,97;
12:31:43;11040;49,97;
12:31:46;11068;49,97;
12:31:49;11068;49,98;
12:31:52;10928;49,98;
12:31:55;10544;49,98;
12:31:58;10504;49,98;
12:32:01;6694;49,98;
12:32:04;6634;49,98;
12:32:07;6478;49,96;
12:32:10;6046;49,96;
12:32:13;5502;49,97;
12:32:16;6066;49,97;
12:32:19;7730;49,97;
12:32:22;10972;49,97;
12:32:25;11036;49,97;
12:32:28;11048;49,97;
12:32:31;11072;49,98;
12:32:34;11040;49,98;
12:32:37;11072;49,98;
12:32:40;11064;49,98;
12:32:43;11040;49,98;
12:32:46;11020;49,98;
12:32:49;11008;49,99;
12:32:52;10996;50,00;
12:32:55;10984;50,00;
12:32:58;10976;50,00;
12:33:01;10972;50,00;
12:33:04;10952;50,00;
12:33:07;10968;50,00;
12:33:10;10972;50,01;
12:33:13;10960;50,00;
12:33:16;10948;50,00;
12:33:19;10944;50,00;
12:33:22;10928;50,00;
12:33:28;10916;50,01;
12:33:31;10912;50,00;
12:33:34;10908;50,00;
12:33:37;10904;49,99;
12:33:40;10900;49,98;
12:33:43;10908;49,98;
12:33:46;10876;49,98;
12:33:49;10892;49,98;
12:33:52;10888;49,99;
12:33:55;10884;49,99;
12:33:58;10880;49,99;
12:34:01;10872;49,99;
12:34:04;10876;50,00;
12:34:07;10864;50,00;
12:34:10;10836;50,01;
12:34:13;10860;50,00;
12:34:16;10856;50,00;
12:34:19;10860;49,99;
12:34:22;10856;49,99;
12:34:25;10852;49,98;
12:34:28;10848;49,99;
12:34:34;10840;50,00;
12:34:37;10828;50,00;
12:34:40;10808;50,00;
12:34:43;10804;50,00;
12:34:46;10808;50,00;
12:34:49;10816;50,00;
12:34:52;10800;50,01;
12:34:55;10820;50,01;
12:34:58;10832;50,00;
12:35:13;10816;50,00;
12:35:16;10768;50,00;
12:35:19;10752;50,01;
12:35:22;10764;50,00;
12:35:25;10784;50,00;
12:35:28;10792;50,00;
12:35:31;10804;50,00;
12:35:40;10788;50,01;
12:35:43;10796;50,01;
12:35:46;10752;50,01;
12:35:49;10764;50,01;
12:35:52;10704;50,01;
12:35:55;10724;50,01;
12:35:58;10724;50,02;
12:36:01;10688;50,02;
12:36:04;10712;50,01;
12:36:07;10716;50,01;
12:36:10;10648;50,01;
12:36:16;10696;50,01;
12:36:19;10784;50,00;
12:36:22;10828;50,00;
12:36:25;10876;50,00;
12:36:28;10896;50,00;
12:36:31;10916;50,00;
12:36:34;10892;50,00;
12:36:37;10932;50,00;
12:36:40;10948;50,00;
12:36:46;10960;50,01;
12:36:49;11000;50,00;
12:36:52;11000;50,01;
12:36:55;10992;50,01;
12:36:58;10788;50,01;
12:37:01;10880;50,00;
12:37:04;10728;50,01;
12:37:07;10624;50,01;
12:37:10;5616;50,00;
12:37:13;2167;50,00;
12:37:16;1946;50,00;
12:37:19;1853;50,00;
12:37:22;1850;50,00;
12:37:25;1839;50,00;
12:37:31;1825;49,99;
12:37:34;1819;49,99;
12:37:37;1823;49,99;
12:37:40;1836;49,99;
12:37:43;1893;49,99;
12:37:46;1943;49,99;
12:37:49;2057;50,00;
12:37:52;2161;50,00;
12:37:55;2200;50,00;
12:37:58;2154;50,00;
12:38:01;2622;50,00;
12:38:04;3592;50,00;
12:38:07;4540;49,99;
12:38:10;4190;49,99;
12:38:13;3491;49,99;
12:38:16;2737;49,99;
12:38:19;2664;50,00;
12:38:22;2632;49,99;
12:38:25;2476;50,00;
12:38:28;2450;50,00;
12:38:31;2431;50,00;
12:38:37;2356;50,00;
12:38:40;2346;50,00;
12:38:43;2357;50,00;
12:38:46;2344;50,00;
12:38:49;2343;50,00;
12:38:52;2341;50,00;
12:38:55;2350;50,00;
12:38:58;2360;50,00;
12:39:01;2388;50,00;
12:39:04;2406;50,00;
12:39:07;2446;50,00;
12:39:10;2474;49,99;
12:39:13;2535;49,99;
12:39:16;2620;49,99;
12:39:19;2744;49,99;
12:39:22;2913;49,99;
12:39:25;3342;49,99;
12:39:28;3469;49,99;
12:39:31;4022;49,98;
12:39:34;4638;49,99;
12:39:37;6166;49,99;
12:39:43;9656;49,99;
12:39:46;9344;49,99;
12:39:49;5888;49,99;
12:39:52;4900;50,00;
12:39:55;4842;50,00;
12:39:58;5472;50,00;
12:40:01;7168;50,00;
12:40:04;8876;50,00;
12:40:07;11180;50,00;
12:40:10;11384;50,00;
12:40:13;11452;50,00;
12:40:16;11524;50,00;
12:40:19;11444;50,00;
12:40:22;11432;49,99;
12:40:25;11384;49,99;
12:40:28;11312;50,00;
12:40:31;11280;50,00;
12:40:34;11252;50,00;
12:40:37;11260;50,00;
12:40:40;11252;50,00;
12:40:43;11240;50,00;
12:40:49;11224;50,00;
12:40:52;11208;50,00;
12:40:55;11204;50,00;
12:40:58;11164;50,00;
12:41:01;11188;50,00;
12:41:04;11168;50,00;
12:41:07;11180;50,00;
12:41:10;11172;50,00;
12:41:13;11148;50,00;
12:41:16;11128;50,00;
12:41:19;11120;50,00;
12:41:22;11072;50,01;
12:41:25;11100;50,01;
12:41:28;11092;50,01;
12:41:34;11044;50,00;
12:41:37;11076;50,00;
12:41:40;11048;50,00;
12:41:43;11056;50,00;
12:41:46;11012;50,00;
12:41:49;11040;50,01;
12:41:52;11036;50,00;
12:41:55;11016;50,00;
12:41:58;10984;50,01;
12:42:01;11012;50,01;
12:42:04;10992;50,01;
12:42:07;10996;50,01;
12:42:10;10964;50,00;
12:42:13;10988;50,00;
12:42:16;10984;50,01;
12:42:19;10976;50,00;
12:42:22;10936;50,00;
12:42:25;10960;50,00;
12:42:28;10932;50,00;
12:42:31;10948;50,00;
12:42:34;10912;50,00;
12:42:40;10896;49,99;
12:42:43;10912;50,00;
12:42:46;10880;50,00;
12:42:49;10896;50,00;
12:42:52;10860;50,01;
12:42:55;10884;50,01;
12:42:58;10880;50,01;
12:43:01;10856;50,01;
12:43:04;10848;50,01;
12:43:07;10868;50,00;
12:43:10;10848;50,00;
12:43:13;10856;50,00;
12:43:16;10836;50,00;
12:43:19;10868;50,00;
12:43:22;10864;50,00;
12:43:25;10856;50,00;
12:43:28;10808;50,00;
12:43:31;10832;50,00;
12:43:34;10812;50,00;
12:43:37;10816;50,00;
12:43:40;10796;50,01;
12:43:49;10792;50,01;
12:43:55;10760;50,01;
12:43:58;10792;50,01;
12:44:01;10784;50,01;
12:44:04;10788;50,01;
12:44:07;10792;50,01;
12:44:13;10788;50,01;
12:44:16;10804;50,01;
12:44:19;10768;50,01;
12:44:22;10808;50,02;
12:44:25;10804;50,02;
12:44:28;10820;50,01;
12:44:31;10784;50,02;
12:44:34;10820;50,01;
12:44:37;10808;50,01;
12:44:40;10828;50,03;
12:44:43;10800;50,03;
12:44:46;10852;50,03;
12:44:52;10868;50,03;
12:44:55;10848;50,03;
12:44:58;10888;50,03;
12:45:01;10876;50,03;
12:45:04;10904;50,03;
12:45:07;10892;50,03;
12:45:10;10940;50,02;
12:45:13;10964;50,02;
12:45:16;11036;50,02;
12:45:19;11036;50,01;
12:45:22;11100;50,00;
12:45:25;11120;50,00;
12:45:28;11024;50,00;
12:45:31;10920;50,00;
12:45:34;10644;49,99;
12:45:37;5718;49,99;
12:45:40;4814;49,99;
12:45:43;4868;50,00;
12:45:46;4746;49,99;
12:45:49;7200;49,99;
12:45:52;5590;49,99;
12:45:58;5038;49,99;
12:46:01;10688;50,00;
12:46:04;10204;50,00;
12:46:07;9264;50,00;
12:46:10;10684;50,01;
12:46:13;10828;50,00;
12:46:16;10860;50,01;
12:46:19;10992;50,00;
12:46:22;11048;50,00;
12:46:25;11036;50,00;
12:46:28;11064;50,00;
12:46:31;11044;49,99;
12:46:34;10996;49,99;
12:46:37;11080;50,00;
12:46:43;11196;50,01;
12:46:46;11216;50,01;
12:46:49;11268;50,01;
12:46:52;11228;50,01;
12:46:55;10908;50,01;
12:46:58;10712;50,01;
12:47:01;11036;50,01;
12:47:04;11324;50,01;
12:47:07;11440;50,01;
12:47:10;11284;50,00;
12:47:13;9628;50,00;
12:47:16;8156;50,00;
12:47:19;8090;50,01;
12:47:22;5652;50,01;
12:47:25;3677;50,01;
12:47:28;3057;50,01;
12:47:31;3156;50,01;
12:47:34;3263;50,01;
12:47:37;3396;50,01;
12:47:40;3214;50,01;
12:47:43;3283;50,01;
12:47:49;8264;50,01;
12:47:52;10244;50,02;
12:47:55;9492;50,02;
12:47:58;9416;50,01;
12:48:01;5938;50,01;
12:48:04;5932;50,01;
12:48:07;6518;50,00;
12:48:10;7246;50,01;
12:48:13;10380;50,00;
12:48:16;10668;50,01;
12:48:19;10480;50,01;
12:48:22;10784;50,01;
12:48:25;11252;50,01;
12:48:28;11328;50,01;
12:48:31;11228;50,02;
12:48:34;11180;50,01;
12:48:37;11276;50,01;
12:48:40;11252;50,01;
12:48:43;11268;50,01;
12:48:46;11248;50,01;
12:48:55;11228;50,01;
12:48:58;11216;50,02;
12:49:01;11196;50,03;
12:49:04;11192;50,03;
12:49:07;11176;50,03;
12:49:10;11168;50,04;
12:49:13;11136;50,04;
12:49:16;11160;50,03;
12:49:19;11144;50,02;
12:49:22;11136;50,02;
12:49:25;11128;50,03;
12:49:28;11124;50,03;
12:49:31;11116;50,03;
12:49:34;11108;50,03;
12:49:37;11084;50,02;
12:49:40;11092;50,01;
12:49:43;11080;50,01;
12:49:46;11072;50,01;
12:49:49;11048;50,01;
12:49:52;11040;50,01;
12:49:55;11004;50,02;
12:50:01;10060;50,03;
12:50:04;8544;50,03;
12:50:07;6370;50,01;
12:50:10;6164;50,01;
12:50:13;9824;50,01;
12:50:16;10876;50,01;
12:50:19;10956;50,02;
12:50:22;10984;50,02;
12:50:25;10976;50,02;
12:50:31;10980;50,02;
12:50:37;10940;50,01;
12:50:40;10956;50,01;
12:50:46;10948;50,01;
12:50:49;10916;50,01;
12:50:52;10940;50,02;
12:50:55;10920;50,01;
12:50:58;10940;50,01;
12:51:01;10912;50,01;
12:51:04;10940;50,01;
12:51:07;10936;50,01;
12:51:13;10904;50,01;
12:51:16;10924;50,02;
12:51:19;10900;50,01;
12:51:22;10916;50,01;
12:51:25;10892;50,01;
12:51:28;10928;50,01;
12:51:31;10920;50,00;
12:51:34;10944;50,00;
12:51:37;10920;50,00;
12:51:40;10940;50,00;
12:51:43;10928;50,00;
12:51:46;10940;50,01;
12:51:52;10948;50,00;
12:51:55;10940;50,00;
12:51:58;10948;50,00;
12:52:04;10952;50,01;
12:52:07;10956;50,01;
12:52:10;10932;50,01;
12:52:13;10956;50,01;
12:52:16;10952;50,00;
12:52:19;10956;50,00;
12:52:22;10948;50,00;
12:52:25;10944;50,00;
12:52:28;10924;50,00;
12:52:31;10912;50,00;
12:52:34;10872;50,00;
12:52:37;10904;50,00;
12:52:40;10940;50,01;
12:52:43;10960;50,01;
12:52:46;10972;50,01;
12:52:49;10956;50,00;
12:52:52;10980;50,01;
12:52:58;10984;50,02;
12:53:01;10988;50,02;
12:53:04;10992;50,02;
12:53:07;10996;50,01;
12:53:10;10992;50,01;
12:53:13;10988;50,01;
12:53:16;10964;50,01;
12:53:19;10992;50,02;
12:53:22;10984;50,02;
12:53:28;10976;50,01;
12:53:31;10980;50,01;
12:53:34;10984;50,01;
12:53:37;10980;50,01;
12:53:40;10960;50,01;
12:53:43;10980;50,02;
12:53:46;10980;50,03;
12:53:49;10988;50,03;
12:53:52;10972;50,02;
12:53:55;10988;50,02;
12:53:58;10976;50,02;
12:54:04;10964;50,01;
12:54:07;10988;50,01;
12:54:10;10976;50,01;
12:54:13;10988;50,01;
12:54:16;10952;50,01;
12:54:19;10984;50,00;
12:54:25;10972;50,00;
12:54:28;10960;49,99;
12:54:31;10992;49,99;
12:54:34;10984;49,99;
12:54:37;10988;49,99;
12:54:40;10988;50,00;
12:54:43;10996;50,00;
12:54:46;10984;50,00;
12:54:49;10992;50,00;
12:54:52;10968;50,00;
12:54:55;10980;50,01;
12:54:58;10972;50,01;
12:55:01;10960;50,01;
12:55:04;10972;50,01;
12:55:07;10948;50,01;
12:55:10;10976;50,01;
12:55:16;10980;50,01;
12:55:19;10984;50,01;
12:55:25;10984;50,00;
12:55:28;10980;50,00;
12:55:31;10948;50,00;
12:55:34;10976;50,00;
12:55:37;10980;50,01;
12:55:40;10976;50,01;
12:55:43;10968;50,01;
12:55:46;10964;50,01;
12:55:49;10956;50,01;
12:55:58;10952;50,01;
12:56:13;10940;50,01;
12:56:16;10960;50,01;
12:56:19;10968;50,01;
12:56:25;10960;50,01;
12:56:28;10956;50,01;
12:56:37;10940;50,01;
12:56:40;10948;50,01;
12:56:43;10932;50,01;
12:56:46;10924;50,01;
12:56:52;10920;50,02;
12:56:55;10908;50,02;
12:57:01;10916;50,02;
12:57:04;10932;50,02;
12:57:07;10912;50,02;
12:57:10;10952;50,01;
12:57:13;10944;50,02;
12:57:16;10960;50,02;
12:57:19;10956;50,01;
12:57:22;10928;50,02;
12:57:25;10952;50,01;
12:57:28;10972;50,01;
12:57:31;10948;50,01;
12:57:34;10984;50,01;
12:57:37;10968;50,01;
12:57:40;10984;50,01;
12:57:46;11000;50,01;
12:57:49;10996;50,01;
12:57:52;11012;50,02;
12:57:55;10980;50,03;
12:57:58;11016;50,03;
12:58:07;11012;50,04;
12:58:10;11052;50,05;
12:58:16;11064;50,05;
12:58:19;11036;50,04;
12:58:22;11068;50,05;
12:58:25;11072;50,04;
12:58:28;11064;50,04;
12:58:31;11052;50,03;
12:58:34;11084;50,03;
12:58:37;11036;50,03;
12:58:40;11080;50,03;
12:58:43;11084;50,03;
12:58:46;11092;50,03;
12:58:49;11112;50,03;
12:58:52;11124;50,03;
12:58:55;11100;50,03;
12:58:58;11136;50,02;
12:59:01;11140;50,03;
12:59:04;11156;50,02;
12:59:07;11132;50,02;
12:59:13;11184;50,02;
12:59:16;11204;50,02;
12:59:19;11200;50,02;
12:59:22;11244;50,02;
12:59:25;11260;50,02;
12:59:28;11288;50,01;
12:59:31;11300;50,02;
12:59:34;11276;50,02;
12:59:37;11328;50,02;
12:59:40;11352;50,02;
12:59:43;11360;50,01;
12:59:46;11364;50,01;
12:59:49;11376;50,01;
12:59:52;11140;50,01;
12:59:58;10308;50,01;
13:00:01;11036;50,01;
13:00:04;11352;50,01;
13:00:07;11372;50,00;
13:00:10;11352;50,00;
13:00:13;11384;49,99;
13:00:16;11396;49,99;
13:00:22;11396;49,98;
13:00:25;11436;49,98;
13:00:28;11428;49,98;
13:00:31;11444;49,98;
13:00:34;11416;49,98;
13:00:37;11452;49,98;
13:00:40;11456;49,99;
13:00:43;11468;49,98;
13:00:46;11444;49,98;
13:00:49;11476;49,98;
13:00:52;11392;49,98;
13:00:55;11352;49,98;
13:00:58;10948;49,98;
13:01:04;11256;49,98;
13:01:07;11140;49,98;
13:01:10;11044;49,97;
13:01:13;10816;49,98;
13:01:16;5810;49,98;
13:01:19;3367;49,98;
13:01:22;2739;49,98;
13:01:25;2576;49,98;
13:01:28;2608;49,97;
13:01:31;2889;49,97;
13:01:34;4470;49,96;
13:01:37;5866;49,96;
13:01:40;7252;49,97;
13:01:43;7962;49,97;
13:01:46;9212;49,97;
13:01:49;11040;49,98;
13:01:52;10936;49,98;
13:01:55;10928;49,98;
13:01:58;10956;49,98;
13:02:01;10948;49,98;
13:02:04;10944;49,97;
13:02:10;10888;49,97;
13:02:13;10876;49,97;
13:02:16;10864;49,97;
13:02:19;10820;49,97;
13:02:22;10812;49,98;
13:02:25;10796;49,98;
13:02:28;10828;49,97;
13:02:34;10808;49,97;
13:02:37;10780;49,97;
13:02:40;10780;49,96;
13:02:43;10740;49,96;
13:02:46;10724;49,97;
13:02:49;10684;49,97;
13:02:52;10692;49,97;
13:02:55;10672;49,97;
13:02:58;10704;49,97;
13:03:04;10700;49,96;
13:03:07;10688;49,96;
13:03:10;10700;49,96;
13:03:16;10696;49,96;
13:03:19;10676;49,96;
13:03:22;10704;49,97;
13:03:25;10684;49,97;
13:03:28;10720;49,97;
13:03:31;10692;49,97;
13:03:34;10720;49,96;
13:03:40;10732;49,96;
13:03:43;10712;49,96;
13:03:46;10744;49,96;
13:03:49;10724;49,97;
13:03:52;10756;49,97;
13:03:55;10740;49,97;
13:03:58;10764;49,96;
13:04:01;10744;49,97;
13:04:04;10772;49,97;
13:04:07;10748;49,97;
13:04:10;10772;49,97;
13:04:13;10756;49,97;
13:04:16;10784;49,97;
13:04:19;10776;49,96;
13:04:22;10768;49,96;
13:04:25;10776;49,96;
13:04:28;10800;49,96;
13:04:31;10792;49,96;
13:04:34;10824;49,96;
13:04:37;10820;49,96;
13:04:40;10852;49,96;
13:04:43;10864;49,96;
13:04:46;10876;49,96;
13:04:49;10868;49,97;
13:04:52;10888;49,97;
13:04:55;10892;49,98;
13:04:58;10904;49,97;
13:05:01;10912;49,97;
13:05:07;10944;49,97;
13:05:10;10940;49,97;
13:05:13;10968;49,97;
13:05:16;10956;49,97;
13:05:19;10992;49,96;
13:05:22;10976;49,96;
13:05:25;10996;49,97;
13:05:28;11000;49,97;
13:05:31;11020;49,98;
13:05:34;11016;49,98;
13:05:37;11060;49,99;
13:05:40;11048;49,99;
13:05:43;11116;49,99;
13:05:46;11120;50,00;
13:05:49;11140;49,99;
13:05:52;10924;49,99;
13:05:55;11032;49,98;
13:05:58;11060;49,98;
13:06:01;11116;49,98;
13:06:04;10764;49,98;
13:06:07;9044;49,98;
13:06:13;4020;49,98;
13:06:16;4210;49,98;
13:06:19;4466;49,98;
13:06:22;3887;49,98;
13:06:25;3736;49,98;
13:06:28;3662;49,98;
13:06:31;4156;49,98;
13:06:34;4534;49,98;
13:06:37;4454;49,97;
13:06:40;7074;49,97;
13:06:43;9528;49,97;
13:06:46;10832;49,98;
13:06:49;11396;49,98;
13:06:52;11372;49,98;
13:06:55;11308;49,98;
13:06:58;11236;49,99;
13:07:01;11188;49,99;
13:07:04;11140;49,99;
13:07:07;11116;50,00;
13:07:10;11088;50,00;
13:07:13;11044;50,01;
13:07:19;11012;50,00;
13:07:22;11012;49,99;
13:07:25;11016;49,98;
13:07:28;11032;49,98;
13:07:31;11036;49,98;
13:07:34;11048;49,97;
13:07:37;11028;49,97;
13:07:40;11048;49,98;
13:07:43;11036;49,98;
13:07:46;11028;49,99;
13:07:49;11020;49,99;
13:07:52;11016;49,99;
13:07:55;11016;50,00;
13:07:58;11012;49,99;
13:08:01;11004;49,99;
13:08:04;11020;49,99;
13:08:07;11044;50,00;
13:08:10;11052;50,00;
13:08:13;11072;50,01;
13:08:16;11088;50,01;
13:08:19;11128;50,00;
13:08:25;11188;49,99;
13:08:28;11216;49,99;
13:08:31;11268;49,99;
13:08:34;11280;49,98;
13:08:37;11288;49,98;
13:08:40;11304;49,98;
13:08:43;11272;49,98;
13:08:46;11276;49,98;
13:08:49;11260;49,98;
13:08:52;10640;49,98;
13:08:55;9812;49,98;
13:08:58;8680;49,98;
13:09:01;10080;49,99;
13:09:04;11288;49,98;
13:09:10;11252;49,99;
13:09:13;11236;49,99;
13:09:16;11228;49,99;
13:09:19;11188;49,99;
13:09:22;11216;49,99;
13:09:25;11196;49,99;
13:09:28;11184;49,98;
13:09:31;11172;49,98;
13:09:34;11136;49,98;
13:09:37;11120;49,98;
13:09:40;11112;49,98;
13:09:43;11060;49,98;
13:09:46;11108;49,98;
13:09:49;11080;49,98;
13:09:52;10980;49,98;
13:09:55;10892;49,99;
13:09:58;10972;49,99;
13:10:01;11020;49,98;
13:10:04;11048;49,98;
13:10:07;11024;49,98;
13:10:16;11020;49,98;
13:10:19;11004;49,98;
13:10:22;11000;49,99;
13:10:25;10988;49,99;
13:10:28;10976;49,98;
13:10:31;10968;49,98;
13:10:34;10928;49,98;
13:10:37;10964;49,98;
13:10:40;10936;49,98;
13:10:43;10932;49,98;
13:10:46;10916;49,98;
13:10:49;10908;49,98;
13:10:52;10904;49,98;
13:10:55;10892;49,98;
13:10:58;10860;49,98;
13:11:01;10872;49,99;
13:11:04;10868;49,99;
13:11:07;10864;49,99;
13:11:10;10856;50,00;
13:11:13;10848;50,00;
13:11:16;10836;50,00;
13:11:22;10816;50,00;
13:11:25;10812;50,00;
13:11:28;10792;49,99;
13:11:31;10788;49,99;
13:11:34;10772;49,98;
13:11:37;10768;49,98;
13:11:40;10744;49,98;
13:11:43;10748;49,99;
13:11:46;10728;50,00;
13:11:49;10724;50,00;
13:11:52;10716;50,00;
13:11:58;10708;50,00;
13:12:01;10700;50,00;
13:12:04;10696;50,00;
13:12:10;10676;50,00;
13:12:13;10680;50,00;
13:12:16;10688;50,00;
13:12:19;10684;50,00;
13:12:22;10680;50,00;
13:12:28;10664;49,99;
13:12:31;10652;49,98;
13:12:34;10648;49,98;
13:12:37;10644;49,98;
13:12:40;10640;49,99;
13:12:43;10636;50,00;
13:12:46;10608;50,00;
13:12:49;10636;50,01;
13:12:52;10624;50,01;
13:12:55;10620;50,01;
13:12:58;10612;50,01;
13:13:01;10616;50,00;
13:13:04;10608;50,00;
13:13:07;10612;49,99;
13:13:13;10608;49,99;
13:13:16;10604;49,99;
13:13:19;10592;49,99;
13:13:22;10584;49,99;
13:13:28;10576;50,00;
13:13:31;10572;50,00;
13:13:34;10580;50,00;
13:13:37;10592;50,01;
13:13:40;10596;50,01;
13:13:43;10584;50,00;
13:13:46;10588;50,00;
13:13:49;10584;50,00;
13:13:52;10580;50,00;
13:13:55;10564;50,00;
13:13:58;10568;50,01;
13:14:01;10564;50,01;
13:14:04;10556;50,01;
13:14:07;10552;50,00;
13:14:10;10548;49,99;
13:14:13;10536;50,00;
13:14:19;10528;49,99;
13:14:22;10524;49,99;
13:14:25;10516;50,00;
13:14:28;10512;50,00;
13:14:31;10496;50,00;
13:14:34;10480;50,00;
13:14:37;10444;50,01;
13:14:40;10484;50,00;
13:14:43;10468;50,00;
13:14:46;10420;50,00;
13:14:49;10452;50,00;
13:14:52;10448;50,00;
13:14:55;10436;50,01;
13:14:58;10432;50,01;
13:15:01;10400;50,01;
13:15:04;10424;50,01;
13:15:07;10412;50,01;
13:15:10;10404;50,01;
13:15:13;10376;50,02;
13:15:16;10392;50,02;
13:15:19;10368;50,01;
13:15:25;10312;50,01;
13:15:28;10340;50,01;
13:15:34;10348;50,01;
13:15:37;10316;50,01;
13:15:40;10360;50,01;
13:15:46;10356;50,01;
13:15:49;10308;50,00;
13:15:52;10344;50,00;
13:15:58;10352;50,00;
13:16:01;10308;50,00;
13:16:04;10348;50,00;
13:16:07;10352;50,00;
13:16:10;10364;50,01;
13:16:13;10332;50,01;
13:16:16;10368;50,01;
13:16:19;10360;50,01;
13:16:22;10376;50,01;
13:16:25;10344;50,01;
13:16:31;10368;50,01;
13:16:34;10376;50,00;
13:16:37;10336;50,01;
13:16:40;10364;50,01;
13:16:43;10344;50,02;
13:16:46;10356;50,02;
13:16:49;10352;50,02;
13:16:52;10316;50,01;
13:16:55;10328;50,01;
13:16:58;10332;50,01;
13:17:01;10292;50,02;
13:17:04;10332;50,02;
13:17:07;10324;50,01;
13:17:10;10332;50,01;
13:17:13;10336;50,01;
13:17:16;10332;50,01;
13:17:19;10324;50,02;
13:17:22;10332;50,02;
13:17:25;10292;50,02;
13:17:28;10328;50,03;
13:17:31;10312;50,02;
13:17:37;10296;50,01;
13:17:40;10336;50,02;
13:17:49;10348;50,02;
13:17:52;10372;50,02;
13:17:55;10384;50,01;
13:17:58;10380;50,01;
13:18:01;10424;50,01;
13:18:04;10456;50,01;
13:18:07;10464;50,01;
13:18:10;10472;50,01;
13:18:13;10484;50,00;
13:18:22;10540;50,00;
13:18:25;10568;50,00;
13:18:28;10572;50,00;
13:18:31;10604;50,01;
13:18:37;10628;50,01;
13:18:40;10632;50,01;
13:18:43;10612;50,01;
13:18:46;10624;50,01;
13:18:49;10648;50,01;
13:18:52;10620;50,01;
13:18:55;10640;50,01;
13:18:58;10620;50,01;
13:19:01;10636;50,01;
13:19:04;10640;50,01;
13:19:10;10616;50,01;
13:19:13;10632;50,01;
13:19:16;10604;50,01;
13:19:19;10624;50,00;
13:19:22;10604;50,00;
13:19:28;10592;50,00;
13:19:31;10612;50,00;
13:19:34;10588;50,00;
13:19:37;10604;50,00;
13:19:40;10552;50,00;
13:19:43;10560;50,00;
13:19:46;10552;50,00;
13:19:49;10528;50,01;
13:19:52;10536;50,01;
13:19:55;10568;50,01;
13:19:58;10552;50,01;
13:20:01;10576;50,01;
13:20:04;10568;50,01;
13:20:07;10584;50,01;
13:20:10;10580;50,01;
13:20:13;10564;50,01;
13:20:16;10556;50,00;
13:20:19;10552;50,00;
13:20:22;10560;50,00;
13:20:25;10548;50,00;
13:20:28;10556;50,00;
13:20:37;10536;50,00;
13:20:43;10552;50,00;
13:20:46;10520;49,99;
13:20:49;10540;49,99;
13:20:52;10536;49,99;
13:20:55;10516;49,99;
13:20:58;10524;50,00;
13:21:01;10552;50,00;
13:21:04;10540;50,00;
13:21:07;10556;50,00;
13:21:10;10540;50,00;
13:21:13;10544;50,00;
13:21:16;10548;50,00;
13:21:19;10532;49,99;
13:21:22;10536;50,00;
13:21:25;10528;50,00;
13:21:28;10536;50,00;
13:21:31;10520;50,00;
13:21:34;10532;49,99;
13:21:40;10528;49,99;
13:21:43;10508;49,99;
13:21:46;10524;49,99;
13:21:49;10504;49,99;
13:21:52;10532;49,99;
13:21:55;10512;49,99;
13:21:58;10532;50,00;
13:22:04;10536;50,01;
13:22:07;10520;50,01;
13:22:10;10532;50,01;
13:22:13;10504;50,01;
13:22:16;10528;50,00;
13:22:19;10512;50,00;
13:22:25;10508;50,01;
13:22:28;10532;50,01;
13:22:31;10520;50,02;
13:22:34;10536;50,01;
13:22:37;10508;50,01;
13:22:40;10536;50,01;
13:22:46;10520;50,01;
13:22:49;10508;50,00;
13:22:52;10532;50,00;
13:22:55;10520;50,01;
13:22:58;10532;50,01;
13:23:01;10516;50,01;
13:23:04;10544;50,01;
13:23:07;10548;50,01;
13:23:10;10544;50,01;
13:23:13;10524;50,00;
13:23:16;10536;50,00;
13:23:19;10536;50,01;
13:23:22;10532;50,01;
13:23:25;10524;50,00;
13:23:31;10524;49,99;
13:23:34;10512;49,99;
13:23:37;10532;50,00;
13:23:40;10500;50,00;
13:23:43;10540;50,00;
13:23:46;10532;50,00;
13:23:49;10548;50,00;
13:23:55;10556;50,00;
13:23:58;10544;50,00;
13:24:01;10568;50,00;
13:24:04;10540;50,00;
13:24:07;10576;50,00;
13:24:10;10564;50,00;
13:24:13;10584;50,00;
13:24:16;10552;49,99;
13:24:19;10596;49,99;
13:24:22;10592;50,00;
13:24:25;10628;50,00;
13:24:28;10600;50,00;
13:24:31;10644;50,01;
13:24:37;10680;50,01;
13:24:40;10660;50,00;
13:24:43;10724;50,00;
13:24:46;10728;50,00;
13:24:49;10780;50,00;
13:24:52;10744;50,00;
13:24:55;10708;50,01;
13:24:58;10772;50,01;
13:25:01;10944;50,01;
13:25:04;10808;50,01;
13:25:07;10636;50,01;
13:25:10;9872;50,01;
13:25:13;8146;50,01;
13:25:16;8900;50,01;
13:25:19;8154;50,01;
13:25:22;8224;50,01;
13:25:25;8464;50,01;
13:25:28;9364;50,01;
13:25:31;8022;50,01;
13:25:34;8340;50,01;
13:25:37;10800;50,00;
13:25:43;11112;50,00;
13:25:46;9552;50,00;
13:25:49;10820;50,00;
13:25:52;10976;50,00;
13:25:55;6758;50,01;
13:25:58;4990;50,00;
13:26:01;4882;50,00;
13:26:04;5668;50,00;
13:26:07;8624;50,00;
13:26:10;10768;50,00;
13:26:13;7854;50,00;
13:26:16;5006;50,00;
13:26:19;5386;50,00;
13:26:22;5414;50,00;
13:26:25;5196;50,00;
13:26:28;5118;50,00;
13:26:31;7294;50,01;
13:26:34;9248;50,01;
13:26:37;5922;50,01;
13:26:40;5976;50,01;
13:26:43;4116;50,01;
13:26:49;4636;50,01;
13:26:52;3482;50,01;
13:26:55;4610;50,01;
13:26:58;8132;50,01;
13:27:01;10968;50,01;
13:27:04;5762;50,01;
13:27:07;5248;50,01;
13:27:10;3702;50,01;
13:27:13;3226;50,01;
13:27:16;2897;50,01;
13:27:19;2887;50,01;
13:27:22;2838;50,01;
13:27:25;2840;50,01;
13:27:28;2891;50,00;
13:27:34;3038;50,00;
13:27:37;3253;50,00;
13:27:40;4884;50,01;
13:27:43;4194;50,01;
13:27:46;6228;50,01;
13:27:49;6184;50,01;
13:27:52;5540;50,01;
13:27:55;5282;50,01;
13:27:58;5638;50,01;
13:28:01;5502;50,01;
13:28:04;3790;50,00;
13:28:07;3296;50,00;
13:28:10;3038;50,00;
13:28:13;3036;50,01;
13:28:16;2904;50,01;
13:28:19;2866;50,01;
13:28:22;2842;50,01;
13:28:25;2868;50,02;
13:28:28;2919;50,02;
13:28:31;2963;50,02;
13:28:34;3360;50,01;
13:28:40;5266;50,01;
13:28:43;4342;50,01;
13:28:46;2961;50,01;
13:28:49;2793;50,01;
13:28:52;2690;50,02;
13:28:55;2654;50,02;
13:28:58;2609;50,02;
13:29:01;2574;50,03;
13:29:04;2491;50,03;
13:29:07;2468;50,02;
13:29:10;2466;50,02;
13:29:13;2461;50,02;
13:29:16;2473;50,02;
13:29:19;2472;50,02;
13:29:22;2492;50,02;
13:29:25;2540;50,01;
13:29:28;2600;50,01;
13:29:31;2637;50,00;
13:29:34;2706;50,00;
13:29:37;2744;50,00;
13:29:40;2919;50,00;
13:29:46;7616;50,01;
13:29:49;9540;50,01;
13:29:52;7770;50,01;
13:29:55;8024;50,01;
13:29:58;10616;50,02;
13:30:01;11480;50,02;
13:30:04;11956;50,02;
13:30:07;11972;50,02;
13:30:10;11884;50,01;
13:30:13;11864;50,00;
13:30:16;11828;49,99;
13:30:19;11820;49,99;
13:30:22;11800;49,98;
13:30:31;11840;49,98;
13:30:34;11884;49,98;
13:30:37;11908;49,98;
13:30:40;11940;49,99;
13:30:43;11964;49,99;
13:30:46;7870;49,98;
13:30:52;6108;49,98;
13:30:55;5750;49,98;
13:30:58;10452;49,99;
13:31:01;11828;49,99;
13:31:04;11424;50,00;
13:31:07;10304;50,00;
13:31:10;9388;50,00;
13:31:13;10348;50,00;
13:31:16;9472;50,00;
13:31:19;8988;50,01;
13:31:22;7536;50,01;
13:31:25;8924;50,00;
13:31:28;9504;50,00;
13:31:31;10116;49,99;
13:31:37;2441;49,99;
13:31:40;2151;49,99;
13:31:43;2021;49,99;
13:31:46;1974;49,99;
13:31:49;1930;49,99;
13:31:52;1971;49,99;
13:31:55;1996;49,99;
13:31:58;1935;50,00;
13:32:01;1944;49,99;
13:32:04;1993;49,99;
13:32:07;2250;49,99;
13:32:10;2334;50,00;
13:32:13;2243;50,01;
13:32:16;2055;50,00;
13:32:19;2006;50,01;
13:32:22;1986;50,00;
13:32:28;1996;50,00;
13:32:31;1987;50,00;
13:32:34;1984;50,00;
13:32:37;1969;49,99;
13:32:43;1947;49,99;
13:32:46;1940;49,99;
13:32:49;1944;49,99;
13:32:52;1952;50,00;
13:32:55;1971;50,00;
13:32:58;1982;50,00;
13:33:01;1999;50,00;
13:33:04;2008;50,00;
13:33:07;2062;50,01;
13:33:10;2082;50,01;
13:33:13;2119;50,01;
13:33:16;2139;50,01;
13:33:19;2184;50,00;
13:33:22;2211;50,00;
13:33:25;2235;50,00;
13:33:28;2362;50,00;
13:33:31;2890;50,00;
13:33:34;3515;50,00;
13:33:37;3800;50,00;
13:33:40;4444;50,00;
13:33:43;3905;50,00;
13:33:49;3678;50,00;
13:33:52;3226;50,00;
13:33:55;2869;50,00;
13:33:58;3040;50,00;
13:34:01;4354;50,00;
13:34:04;4716;50,00;
13:34:07;5222;50,01;
13:34:10;7414;50,01;
13:34:13;8084;50,01;
13:34:16;9252;50,02;
13:34:19;11124;50,02;
13:34:22;11848;50,02;
13:34:25;10084;50,01;
13:34:28;10468;50,01;
13:34:31;11292;50,01;
13:34:34;8476;50,01;
13:34:37;6960;50,02;
13:34:40;4606;50,02;
13:34:43;3443;50,02;
13:34:46;3673;50,02;
13:34:49;3562;50,02;
13:34:55;5474;50,02;
13:34:58;5408;50,02;
13:35:01;4608;50,02;
13:35:04;4200;50,02;
13:35:07;4576;50,01;
13:35:10;4342;50,01;
13:35:13;4304;50,01;
13:35:16;4710;50,02;
13:35:19;2999;50,02;
13:35:22;2839;50,02;
13:35:25;2781;50,02;
13:35:28;3259;50,01;
13:35:31;5684;50,01;
13:35:34;8044;50,01;
13:35:37;10864;50,01;
13:35:40;11928;50,01;
13:35:43;11936;50,01;
13:35:46;11984;50,01;
13:35:49;12020;50,01;
13:35:52;11972;50,01;
13:35:55;11992;50,01;
13:35:58;11984;50,01;
13:36:01;11960;50,01;
13:36:04;11916;50,02;
13:36:07;11908;50,02;
13:36:10;11900;50,02;
13:36:13;11892;50,02;
13:36:16;11880;50,02;
13:36:19;11872;50,02;
13:36:22;11844;50,02;
13:36:25;11872;50,01;
13:36:28;11876;50,01;
13:36:31;11892;50,01;
13:36:34;11900;50,01;
13:36:37;11784;50,01;
13:36:40;11780;50,01;
13:36:46;9752;50,01;
13:36:49;10516;50,01;
13:36:52;11672;50,01;
13:36:55;11664;50,01;
13:36:58;11100;50,02;
13:37:01;8608;50,02;
13:37:04;6684;50,02;
13:37:07;6158;50,02;
13:37:10;6296;50,01;
13:37:13;6008;50,02;
13:37:16;6728;50,01;
13:37:19;6642;50,01;
13:37:22;9440;50,01;
13:37:25;11056;50,01;
13:37:28;11532;50,01;
13:37:31;11912;50,01;
13:37:34;11812;50,01;
13:37:37;11780;50,01;
13:37:40;11728;50,01;
13:37:43;11748;50,01;
13:37:46;11800;50,01;
13:37:52;11892;50,01;
13:37:55;11912;50,01;
13:37:58;11916;50,01;
13:38:01;11928;50,01;
13:38:04;10524;50,01;
13:38:07;8680;50,01;
13:38:10;7870;50,01;
13:38:13;9788;50,01;
13:38:16;11868;50,01;
13:38:19;11924;50,01;
13:38:22;11952;50,01;
13:38:25;11924;50,01;
13:38:28;10516;50,01;
13:38:31;8158;50,01;
13:38:34;5680;50,01;
13:38:37;5144;50,01;
13:38:40;8548;50,00;
13:38:43;7118;50,00;
13:38:46;6784;50,01;
13:38:49;6954;50,01;
13:38:52;5386;50,02;
13:38:58;5112;50,02;
13:39:01;4840;50,02;
13:39:04;4616;50,02;
13:39:07;3861;50,02;
13:39:10;3055;50,01;
13:39:13;2942;50,02;
13:39:16;2912;50,02;
13:39:19;2891;50,02;
13:39:22;2994;50,02;
13:39:25;3088;50,01;
13:39:28;3379;50,02;
13:39:31;3314;50,02;
13:39:34;3446;50,01;
13:39:37;3675;50,01;
13:39:40;4014;50,01;
13:39:43;4584;50,01;
13:39:46;4468;50,01;
13:39:49;6874;50,01;
13:39:52;10044;50,01;
13:39:55;9060;50,01;
13:39:58;7354;50,00;
13:40:04;6832;50,01;
13:40:07;7402;50,01;
13:40:10;5616;50,02;
13:40:13;5206;50,02;
13:40:16;5566;50,02;
13:40:19;5474;50,01;
13:40:22;4984;50,01;
13:40:25;4644;50,01;
13:40:28;5080;50,01;
13:40:31;5028;50,00;
13:40:34;4041;50,00;
13:40:37;3430;50,00;
13:40:40;3383;50,00;
13:40:43;3289;50,00;
13:40:49;3007;50,01;
13:40:52;2966;50,01;
13:40:55;2863;50,01;
13:40:58;2816;50,01;
13:41:01;2717;50,01;
13:41:04;2681;50,01;
13:41:07;2643;50,01;
13:41:10;2601;50,01;
13:41:13;2513;50,01;
13:41:16;2496;50,01;
13:41:19;2453;50,01;
13:41:22;2437;50,01;
13:41:25;2405;50,01;
13:41:28;2408;50,01;
13:41:31;2402;50,01;
13:41:34;2396;50,01;
13:41:37;2387;50,01;
13:41:40;2407;50,01;
13:41:43;2410;50,02;
13:41:46;2409;50,02;
13:41:49;2401;50,03;
13:41:55;2436;50,02;
13:41:58;2454;50,01;
13:42:01;2431;50,02;
13:42:04;2444;50,01;
13:42:07;2455;50,01;
13:42:10;2475;50,01;
13:42:13;2468;50,01;
13:42:16;2429;50,01;
13:42:19;2431;50,00;
13:42:22;2380;50,01;
13:42:25;2247;50,01;
13:42:28;2224;50,01;
13:42:31;2176;50,01;
13:42:34;2160;50,01;
13:42:37;2127;50,01;
13:42:40;2083;50,01;
13:42:43;2055;50,01;
13:42:46;2027;50,01;
13:42:49;1994;50,01;
13:42:52;1979;50,01;
13:42:55;1958;50,01;
13:43:01;1921;50,01;
13:43:04;1898;50,01;
13:43:07;1890;50,01;
13:43:10;1878;50,01;
13:43:13;1861;50,01;
13:43:16;1845;50,01;
13:43:19;1849;50,01;
13:43:22;1840;50,01;
13:43:25;1824;50,01;
13:43:28;1813;50,01;
13:43:31;1818;50,01;
13:43:34;1817;50,00;
13:43:37;1821;50,00;
13:43:40;1814;50,00;
13:43:43;1829;50,00;
13:43:46;1844;50,00;
13:43:49;1876;50,01;
13:43:52;1883;50,02;
13:43:55;1935;50,02;
13:43:58;1953;50,01;
13:44:01;2014;50,01;
13:44:07;2122;50,01;
13:44:10;2173;50,00;
13:44:13;2341;50,00;
13:44:16;2442;50,00;
13:44:19;2805;50,00;
13:44:22;3643;50,00;
13:44:25;4458;50,00;
13:44:28;6006;50,00;
13:44:31;7696;50,01;
13:44:34;7378;50,01;
13:44:37;7500;50,02;
13:44:40;8492;50,01;
13:44:43;10332;50,01;
13:44:46;10552;50,02;
13:44:49;10648;50,02;
13:44:52;8504;50,03;
13:44:55;7888;50,02;
13:44:58;9484;50,02;
13:45:01;10984;50,02;
13:45:04;11836;50,02;
13:45:07;11744;50,02;
13:45:10;11800;50,02;
13:45:13;11780;50,02;
13:45:16;11760;50,02;
13:45:19;11760;50,01;
13:45:22;11668;50,01;
13:45:25;11692;50,01;
13:45:28;11660;50,00;
13:45:31;11640;50,00;
13:45:37;11584;50,00;
13:45:40;11548;50,00;
13:45:43;11536;50,00;
13:45:46;11516;50,01;
13:45:49;11484;50,01;
13:45:52;11460;50,01;
13:45:58;11420;50,01;
13:46:01;11388;50,01;
13:46:04;11380;50,01;
13:46:07;11320;50,01;
13:46:10;11344;50,01;
13:46:13;11324;50,01;
13:46:19;11312;50,01;
13:46:22;11296;50,02;
13:46:25;11288;50,01;
13:46:28;11292;50,02;
13:46:31;11224;50,02;
13:46:34;11276;50,02;
13:46:37;11264;50,03;
13:46:40;11268;50,03;
13:46:43;11208;50,02;
13:46:46;11260;50,02;
13:46:49;11240;50,02;
13:46:52;11236;50,02;
13:46:55;11184;50,02;
13:46:58;11236;50,01;
13:47:04;11212;50,01;
13:47:07;11144;50,01;
13:47:10;11172;50,01;
13:47:13;11148;50,01;
13:47:16;11136;50,00;
13:47:19;11096;50,01;
13:47:22;11136;50,01;
13:47:25;11116;50,01;
13:47:28;11100;50,00;
13:47:31;11088;50,01;
13:47:34;11080;50,01;
13:47:37;11056;50,01;
13:47:40;11052;50,01;
13:47:43;11036;50,01;
13:47:46;11024;50,01;
13:47:49;11000;50,01;
13:47:52;10980;50,01;
13:47:55;10964;50,01;
13:47:58;10948;50,01;
13:48:01;10932;50,01;
13:48:04;10908;50,01;
13:48:10;10872;50,01;
13:48:13;10860;50,01;
13:48:16;10848;50,01;
13:48:19;10840;50,01;
13:48:22;10820;50,00;
13:48:25;10812;50,00;
13:48:28;10792;50,00;
13:48:31;10800;50,00;
13:48:34;10784;50,00;
13:48:37;10780;50,00;
13:48:40;10764;50,00;
13:48:43;10760;50,00;
13:48:46;10744;50,01;
13:48:49;10720;50,01;
13:48:58;10716;50,01;
13:49:01;10712;50,01;
13:49:04;10700;50,01;
13:49:07;10692;50,01;
13:49:10;10688;50,01;
13:49:16;10676;50,00;
13:49:19;10664;50,00;
13:49:22;10656;50,00;
13:49:25;10652;50,00;
13:49:28;10620;50,00;
13:49:31;10628;50,01;
13:49:34;10596;50,01;
13:49:37;10620;50,01;
13:49:40;10584;50,01;
13:49:46;10560;50,01;
13:49:49;10556;50,01;
13:49:52;10504;50,02;
13:49:55;10484;50,02;
13:50:01;10468;50,02;
13:50:04;10476;50,02;
13:50:07;10520;50,02;
13:50:10;10480;50,02;
13:50:13;10544;50,02;
13:50:19;10552;50,02;
13:50:22;10576;50,01;
13:50:25;10608;50,01;
13:50:28;10584;50,02;
13:50:31;10636;50,02;
13:50:37;10648;50,02;
13:50:40;10560;50,02;
13:50:43;10200;50,02;
13:50:46;7840;50,01;
13:50:49;7144;50,01;
13:50:52;7254;50,01;
13:50:55;9344;50,01;
13:50:58;10312;50,01;
13:51:01;10652;50,01;
13:51:07;10628;50,00;
13:51:10;10644;50,00;
13:51:13;10668;50,01;
13:51:16;10724;50,01;
13:51:19;10720;50,01;
13:51:22;10740;50,01;
13:51:25;10732;50,01;
13:51:28;10724;50,01;
13:51:31;10728;50,01;
13:51:34;10716;50,01;
13:51:37;10724;50,01;
13:51:40;10700;50,01;
13:51:43;10672;50,00;
13:51:46;10668;50,00;
13:51:49;10716;50,00;
13:51:52;10768;50,01;
13:51:55;10780;50,02;
13:51:58;10784;50,02;
13:52:01;10792;50,02;
13:52:13;10804;50,02;
13:52:16;10816;50,02;
13:52:19;10808;50,02;
13:52:22;10812;50,02;
13:52:25;10812;50,01;
13:52:28;10816;50,01;
13:52:31;10776;50,01;
13:52:34;10824;50,01;
13:52:37;10856;50,01;
13:52:40;10860;50,02;
13:52:43;10860;50,03;
13:52:46;10876;50,03;
13:52:49;10864;50,03;
13:52:52;10868;50,03;
13:52:55;10864;50,03;
13:52:58;10872;50,03;
13:53:01;10860;50,04;
13:53:04;10872;50,04;
13:53:07;10824;50,04;
13:53:10;10864;50,04;
13:53:13;10840;50,04;
13:53:19;10852;50,04;
13:53:25;10848;50,04;
13:53:31;10844;50,03;
13:53:34;10840;50,03;
13:53:37;10824;50,03;
13:53:40;10832;50,03;
13:53:43;10816;50,03;
13:53:46;10828;50,03;
13:53:49;10820;50,03;
13:53:52;10828;50,03;
13:53:55;10808;50,03;
13:53:58;10836;50,03;
13:54:04;10844;50,03;
13:54:13;10840;50,03;
13:54:16;10836;50,03;
13:54:22;10800;50,02;
13:54:25;10840;50,03;
13:54:28;10844;50,02;
13:54:31;10852;50,03;
13:54:34;10848;50,02;
13:54:40;10852;50,02;
13:54:43;10860;50,02;
13:54:46;10836;50,02;
13:54:49;10876;50,03;
13:54:52;10884;50,03;
13:54:55;10888;50,03;
13:54:58;10904;50,03;
13:55:01;10912;50,03;
13:55:04;10928;50,03;
13:55:10;10972;50,02;
13:55:13;10984;50,02;
13:55:16;11008;50,02;
13:55:19;11024;50,03;
13:55:22;11020;50,03;
13:55:25;10956;50,03;
13:55:28;10940;50,03;
13:55:31;10832;50,03;
13:55:34;10896;50,03;
13:55:37;11084;50,02;
13:55:40;10460;50,02;
13:55:43;9784;50,02;
13:55:46;8952;50,02;
13:55:49;8476;50,02;
13:55:52;9460;50,03;
13:55:55;10980;50,02;
13:55:58;10940;50,02;
13:56:01;10580;50,02;
13:56:04;9192;50,02;
13:56:07;9084;50,02;
13:56:10;7288;50,02;
13:56:16;5236;50,02;
13:56:19;4586;50,02;
13:56:22;4268;50,02;
13:56:25;5326;50,02;
13:56:28;5334;50,02;
13:56:31;4658;50,03;
13:56:34;4434;50,02;
13:56:37;4214;50,03;
13:56:40;3542;50,03;
13:56:43;4132;50,03;
13:56:46;5102;50,03;
13:56:49;3818;50,03;
13:56:52;3280;50,03;
13:56:55;3851;50,03;
13:56:58;4176;50,04;
13:57:01;3243;50,04;
13:57:04;3714;50,04;
13:57:07;2875;50,04;
13:57:10;2550;50,04;
13:57:13;2585;50,04;
13:57:16;2851;50,04;
13:57:22;3775;50,03;
13:57:25;5052;50,03;
13:57:28;5910;50,03;
13:57:31;4904;50,02;
13:57:34;3957;50,03;
13:57:37;3692;50,03;
13:57:40;3674;50,03;
13:57:43;5532;50,03;
13:57:46;9836;50,03;
13:57:49;9984;50,03;
13:57:52;10180;50,02;
13:57:55;10452;50,02;
13:57:58;8956;50,02;
13:58:01;8300;50,02;
13:58:04;7680;50,02;
13:58:07;10124;50,03;
13:58:10;10240;50,03;
13:58:13;10032;50,03;
13:58:16;9208;50,03;
13:58:19;9076;50,03;
13:58:22;7736;50,03;
13:58:28;7794;50,03;
13:58:31;10900;50,03;
13:58:34;10924;50,04;
13:58:37;10900;50,03;
13:58:40;10868;50,03;
13:58:43;10832;50,03;
13:58:46;10840;50,03;
13:58:49;10864;50,03;
13:58:52;10832;50,03;
13:58:55;10820;50,03;
13:58:58;10832;50,03;
13:59:01;10812;50,03;
13:59:04;10816;50,03;
13:59:07;10780;50,03;
13:59:13;10760;50,03;
13:59:16;10772;50,03;
13:59:19;10752;50,03;
13:59:22;10776;50,03;
13:59:25;10740;50,03;
13:59:28;10764;50,03;
13:59:31;10752;50,03;
13:59:34;10720;50,03;
13:59:37;10688;50,03;
13:59:40;10716;50,02;
13:59:43;10680;50,02;
13:59:46;10692;50,02;
13:59:49;10656;50,02;
13:59:52;10672;50,03;
13:59:55;10668;50,02;
13:59:58;10660;50,02;
14:00:01;10628;50,03;
14:00:04;10648;50,03;
14:00:07;10620;50,03;
14:00:10;10616;50,02;
14:00:13;10564;50,02;
14:00:19;10588;50,01;
14:00:22;10592;50,00;
14:00:25;10560;50,00;
14:00:28;10588;49,99;
14:00:31;10572;49,99;
14:00:34;10572;49,98;
14:00:37;10564;49,98;
14:00:40;10508;49,98;
14:00:43;10552;49,97;
14:00:49;10520;49,98;
14:00:52;10536;49,98;
14:00:58;10532;49,98;
14:01:01;10528;49,98;
14:01:04;10496;49,99;
14:01:07;10460;49,98;
14:01:10;10452;49,98;
14:01:13;10380;49,98;
14:01:16;10444;49,98;
14:01:19;10456;49,98;
14:01:25;10420;49,97;
14:01:28;10456;49,98;
14:01:31;10448;49,98;
14:01:34;10468;49,98;
14:01:37;10428;49,99;
14:01:40;10472;49,99;
14:01:43;10468;50,00;
14:01:46;10444;49,99;
14:01:49;10416;49,99;
14:01:52;10436;49,99;
14:02:01;10424;50,00;
14:02:04;10400;50,00;
14:02:07;10424;50,00;
14:02:10;10400;50,00;
14:02:13;10444;49,99;
14:02:16;10412;49,99;
14:02:19;10440;50,00;
14:02:22;10420;49,99;
14:02:25;10436;50,00;
14:02:31;10420;49,99;
14:02:34;10392;49,99;
14:02:37;10412;50,00;
14:02:40;10384;50,00;
14:02:43;10396;50,00;
14:02:46;10364;50,00;
14:02:49;10388;50,00;
14:02:52;10384;49,99;
14:02:55;10372;49,98;
14:02:58;10344;49,98;
14:03:01;10372;49,98;
14:03:04;10348;49,97;
14:03:07;10372;49,97;
14:03:10;10336;49,97;
14:03:16;10332;49,98;
14:03:19;10356;49,98;
14:03:22;10328;49,98;
14:03:25;10352;49,98;
14:03:28;10320;49,99;
14:03:31;10336;49,98;
14:03:34;10336;49,99;
14:03:37;10296;49,99;
14:03:40;10300;49,99;
14:03:43;10332;49,99;
14:03:46;10308;49,99;
14:03:49;10332;49,99;
14:03:52;10320;49,99;
14:03:55;10328;49,98;
14:03:58;10288;49,98;
14:04:01;10296;49,98;
14:04:04;10324;49,98;
14:04:07;10308;49,98;
14:04:10;10324;49,98;
14:04:13;10308;49,98;
14:04:16;10332;49,98;
14:04:22;10388;49,98;
14:04:25;10384;49,98;
14:04:28;10460;49,97;
14:04:31;10440;49,98;
14:04:34;10492;49,97;
14:04:37;10472;49,98;
14:04:40;10512;49,98;
14:04:43;10496;49,98;
14:04:46;10520;49,98;
14:04:49;10492;49,98;
14:04:52;10052;49,98;
14:04:55;9676;49,98;
14:04:58;8604;49,98;
14:05:01;6618;49,99;
14:05:04;5960;49,99;
14:05:07;6876;49,98;
14:05:10;10396;49,98;
14:05:13;10380;49,98;
14:05:16;10480;49,99;
14:05:19;10532;49,99;
14:05:22;10504;49,99;
14:05:28;10484;49,99;
14:05:31;10444;49,99;
14:05:34;10440;49,99;
14:05:37;10392;49,99;
14:05:40;10424;50,00;
14:05:43;10412;50,00;
14:05:46;10420;50,00;
14:05:49;10436;50,00;
14:05:55;10400;50,00;
14:05:58;10436;50,00;
14:06:01;10412;49,99;
14:06:04;10428;49,99;
14:06:07;10388;49,99;
14:06:10;10420;50,00;
14:06:13;10408;50,00;
14:06:16;10420;50,00;
14:06:19;10388;50,00;
14:06:22;10432;50,01;
14:06:25;10416;50,01;
14:06:28;10428;50,01;
14:06:34;10424;50,00;
14:06:37;10416;50,00;
14:06:40;10428;49,99;
14:06:43;10396;49,99;
14:06:46;10436;49,98;
14:06:49;10424;49,98;
14:06:52;10436;49,98;
14:06:55;10428;49,99;
14:06:58;10436;49,99;
14:07:01;10440;49,99;
14:07:07;10436;49,99;
14:07:10;10452;49,98;
14:07:13;10452;49,99;
14:07:16;10444;49,99;
14:07:19;10452;49,99;
14:07:22;10456;50,00;
14:07:25;10460;50,00;
14:07:28;10464;50,00;
14:07:31;10468;50,00;
14:07:34;10428;50,00;
14:07:37;10464;50,00;
14:07:40;10468;50,00;
14:07:43;10464;49,99;
14:07:46;10416;49,99;
14:07:49;10472;49,99;
14:07:52;10472;50,00;
14:07:55;10480;50,00;
14:07:58;10444;50,01;
14:08:01;10468;50,01;
14:08:04;10448;50,01;
14:08:07;10476;50,00;
14:08:10;10440;50,00;
14:08:13;10484;50,00;
14:08:16;10472;50,00;
14:08:19;10492;50,01;
14:08:25;10492;50,00;
14:08:28;10480;50,00;
14:08:31;10496;50,00;
14:08:34;10456;50,00;
14:08:37;10496;50,00;
14:08:40;10492;50,00;
14:08:43;10504;50,00;
14:08:46;10504;50,01;
14:08:52;10500;50,00;
14:08:55;10512;50,00;
14:08:58;10484;50,01;
14:09:01;10516;50,00;
14:09:07;10520;50,00;
14:09:10;10516;50,00;
14:09:13;10532;50,00;
14:09:19;10544;50,00;
14:09:22;10548;50,01;
14:09:25;10556;50,00;
14:09:31;10568;50,00;
14:09:34;10572;49,99;
14:09:37;10576;49,99;
14:09:40;10572;49,99;
14:09:43;10588;50,00;
14:09:46;10596;50,00;
14:09:49;10560;50,01;
14:09:52;10608;50,01;
14:09:55;10628;50,00;
14:09:58;10604;50,00;
14:10:01;10644;49,99;
14:10:07;10660;49,98;
14:10:10;10656;49,98;
14:10:13;10648;49,98;
14:10:16;10688;49,98;
14:10:19;10700;49,98;
14:10:22;10708;49,98;
14:10:25;10724;49,99;
14:10:28;10728;49,99;
14:10:31;10740;50,00;
14:10:37;10752;49,99;
14:10:40;10760;49,99;
14:10:43;10776;49,99;
14:10:46;10780;49,98;
14:10:49;10792;49,98;
14:10:52;10800;49,98;
14:10:55;10788;49,99;
14:10:58;10816;49,99;
14:11:01;10844;50,00;
14:11:04;10856;50,00;
14:11:07;10876;50,00;
14:11:10;10888;50,00;
14:11:13;10904;49,99;
14:11:16;10920;49,99;
14:11:19;10908;49,99;
14:11:22;10964;49,99;
14:11:25;11008;49,99;
14:11:28;11028;49,99;
14:11:31;11044;49,98;
14:11:34;11024;49,98;
14:11:37;10740;49,99;
14:11:43;11176;50,00;
14:11:46;11196;50,00;
14:11:49;8988;50,00;
14:11:52;4416;50,00;
14:11:55;2994;50,00;
14:11:58;3013;50,00;
14:12:01;3250;50,00;
14:12:04;4986;50,00;
14:12:07;6066;50,01;
14:12:10;3373;50,01;
14:12:13;2896;50,01;
14:12:16;2833;50,01;
14:12:19;2828;50,01;
14:12:22;2820;50,01;
14:12:28;2858;50,00;
14:12:31;2892;50,00;
14:12:34;3022;50,00;
14:12:37;4206;50,00;
14:12:40;9972;50,00;
14:12:43;10352;50,00;
14:12:46;10656;50,00;
14:12:49;11608;50,01;
14:12:52;9076;50,01;
14:12:55;8036;50,01;
14:12:58;4898;50,01;
14:13:01;6376;50,01;
14:13:04;5170;50,01;
14:13:07;6480;50,00;
14:13:10;8248;50,00;
14:13:13;4238;50,00;
14:13:16;3473;50,00;
14:13:19;3777;50,01;
14:13:22;4120;50,00;
14:13:25;3298;50,00;
14:13:28;2987;50,00;
14:13:34;2889;50,00;
14:13:37;2878;50,00;
14:13:40;2859;50,00;
14:13:43;2875;50,01;
14:13:46;2872;50,01;
14:13:49;2902;50,01;
14:13:52;2908;50,01;
14:13:55;2949;50,01;
14:13:58;3143;50,01;
14:14:01;3174;50,01;
14:14:04;3903;50,01;
14:14:07;4700;50,01;
14:14:10;4332;50,02;
14:14:13;5084;50,02;
14:14:16;8768;50,03;
14:14:19;4816;50,02;
14:14:22;7958;50,02;
14:14:25;6962;50,02;
14:14:28;4594;50,01;
14:14:31;3417;50,01;
14:14:34;3334;50,01;
14:14:40;3712;50,02;
14:14:43;4262;50,02;
14:14:46;3818;50,01;
14:14:49;3032;50,01;
14:14:52;2861;50,01;
14:14:55;2891;50,01;
14:14:58;2931;50,01;
14:15:01;2928;50,01;
14:15:04;3035;50,02;
14:15:07;3048;50,02;
14:15:10;3100;50,01;
14:15:13;3142;50,01;
14:15:16;3203;50,01;
14:15:19;3227;50,00;
14:15:22;3262;50,00;
14:15:25;3495;50,01;
14:15:28;5158;50,01;
14:15:31;5284;50,01;
14:15:34;6050;50,01;
14:15:37;4544;50,01;
14:15:40;3845;50,01;
14:15:46;3705;50,01;
14:15:49;5176;50,01;
14:15:52;10484;50,01;
14:15:55;11072;50,02;
14:15:58;9132;50,02;
14:16:01;6976;50,02;
14:16:04;6086;50,01;
14:16:07;6982;50,01;
14:16:10;7568;50,01;
14:16:13;8656;50,01;
14:16:16;11016;50,01;
14:16:19;11408;50,01;
14:16:22;11496;50,02;
14:16:25;11556;50,02;
14:16:28;11536;50,02;
14:16:31;11528;50,02;
14:16:34;11596;50,02;
14:16:37;11444;50,01;
14:16:40;8192;50,01;
14:16:43;6840;50,02;
14:16:46;6452;50,02;
14:16:49;5570;50,02;
14:16:52;3135;50,03;
14:16:55;2684;50,03;
14:16:58;2624;50,03;
14:17:01;2587;50,03;
14:17:04;2569;50,03;
14:17:07;2536;50,03;
14:17:10;2528;50,04;
14:17:13;2512;50,04;
14:17:16;2500;50,05;
14:17:19;2472;50,05;
14:17:22;2483;50,04;
14:17:25;2481;50,04;
14:17:28;2489;50,03;
14:17:31;2483;50,03;
14:17:37;2557;50,03;
14:17:40;2582;50,03;
14:17:43;2933;50,03;
14:17:46;3156;50,03;
14:17:49;2642;50,03;
14:17:52;2643;50,03;
14:17:55;2638;50,03;
14:17:58;2641;50,03;
14:18:01;2888;50,02;
14:18:04;8106;50,02;
14:18:07;10908;50,02;
14:18:10;11312;50,02;
14:18:13;11216;50,02;
14:18:16;11320;50,02;
14:18:19;11380;50,02;
14:18:22;11400;50,02;
14:18:25;11460;50,02;
14:18:28;11432;50,02;
14:18:31;11440;50,02;
14:18:34;11408;50,02;
14:18:37;11340;50,01;
14:18:43;11280;50,01;
14:18:49;11204;50,02;
14:18:52;11220;50,02;
14:18:55;11152;50,02;
14:18:58;11168;50,02;
14:19:01;11152;50,02;
14:19:04;11096;50,02;
14:19:07;11080;50,01;
14:19:10;11084;50,01;
14:19:13;11016;50,01;
14:19:16;11040;50,02;
14:19:19;11000;50,01;
14:19:25;10988;50,01;
14:19:28;10964;50,02;
14:19:31;10928;50,01;
14:19:34;10932;50,01;
14:19:37;10880;50,01;
14:19:40;10908;50,01;
14:19:43;10868;50,01;
14:19:49;10836;50,01;
14:19:52;10860;50,01;
14:19:55;10820;50,01;
14:19:58;10836;50,01;
14:20:01;10796;50,01;
14:20:04;10816;50,01;
14:20:07;10820;50,01;
14:20:10;10788;50,00;
14:20:13;10776;50,00;
14:20:16;10772;50,00;
14:20:19;10764;50,00;
14:20:22;10748;50,00;
14:20:25;10764;50,00;
14:20:28;10740;50,01;
14:20:31;10752;50,01;
14:20:34;10704;50,01;
14:20:37;10740;50,00;
14:20:40;10716;50,00;
14:20:43;10732;50,00;
14:20:46;10692;50,00;
14:20:49;10732;50,00;
14:20:55;10732;50,01;
14:20:58;10688;50,01;
14:21:01;10732;50,01;
14:21:04;10720;50,01;
14:21:07;10732;50,01;
14:21:10;10684;50,01;
14:21:13;10732;50,01;
14:21:16;10740;50,01;
14:21:19;10744;50,00;
14:21:22;10704;50,00;
14:21:25;10752;50,00;
14:21:28;10744;50,00;
14:21:31;10760;50,00;
14:21:34;10712;50,00;
14:21:40;10736;50,00;
14:21:43;10752;50,01;
14:21:46;10716;50,01;
14:21:49;10756;50,00;
14:21:52;10748;50,00;
14:21:55;10764;50,01;
14:21:58;10768;50,01;
14:22:01;10728;50,01;
14:22:04;10748;50,02;
14:22:07;10764;50,02;
14:22:10;10708;50,02;
14:22:13;10760;50,02;
14:22:16;10736;50,01;
14:22:19;10756;50,01;
14:22:22;10708;50,01;
14:22:25;10748;50,01;
14:22:28;10728;50,01;
14:22:31;10748;50,01;
14:22:34;10716;50,01;
14:22:37;10752;50,00;
14:22:40;10732;50,01;
14:22:49;10768;50,01;
14:22:52;10736;50,01;
14:22:55;10768;50,01;
14:22:58;10752;50,02;
14:23:01;10784;50,02;
14:23:04;10792;50,02;
14:23:07;10776;50,02;
14:23:10;10804;50,02;
14:23:13;10816;50,02;
14:23:16;10828;50,03;
14:23:19;10832;50,03;
14:23:22;10864;50,02;
14:23:25;10868;50,02;
14:23:28;10900;50,02;
14:23:31;10908;50,03;
14:23:34;10964;50,03;
14:23:37;10948;50,03;
14:23:40;11016;50,02;
14:23:43;11004;50,02;
14:23:46;11056;50,02;
14:23:52;9152;50,02;
14:23:55;6606;50,02;
14:23:58;7970;50,01;
14:24:01;9460;50,01;
14:24:04;10612;50,01;
14:24:07;10636;50,02;
14:24:10;10952;50,02;
14:24:13;10976;50,02;
14:24:16;11020;50,01;
14:24:19;11000;50,01;
14:24:22;11032;50,01;
14:24:25;10984;50,01;
14:24:28;5736;50,01;
14:24:31;3882;50,01;
14:24:34;4596;50,01;
14:24:37;2574;50,01;
14:24:40;2454;50,01;
14:24:43;2452;50,01;
14:24:46;2512;50,01;
14:24:49;2504;50,01;
14:24:52;2528;50,01;
14:24:58;2602;50,02;
14:25:01;2754;50,02;
14:25:04;3402;50,02;
14:25:07;3048;50,02;
14:25:10;2775;50,02;
14:25:13;2750;50,02;
14:25:16;2747;50,02;
14:25:19;2801;50,02;
14:25:22;3538;50,02;
14:25:25;3659;50,01;
14:25:28;3979;50,01;
14:25:31;3969;50,02;
14:25:34;7386;50,01;
14:25:37;9912;50,01;
14:25:43;11152;50,02;
14:25:46;11044;50,02;
14:25:49;11140;50,01;
14:25:52;11184;50,01;
14:25:55;11124;50,01;
14:25:58;11076;50,01;
14:26:01;11044;50,01;
14:26:04;10948;50,01;
14:26:07;10844;50,01;
14:26:10;10720;50,00;
14:26:13;10700;50,01;
14:26:16;10580;50,01;
14:26:19;10768;50,01;
14:26:22;10800;50,01;
14:26:25;10816;50,01;
14:26:28;10820;50,01;
14:26:31;10804;50,01;
14:26:34;10604;50,01;
14:26:37;10792;50,01;
14:26:40;10704;50,01;
14:26:43;10868;50,01;
14:26:49;10884;50,02;
14:26:52;10844;50,02;
14:26:55;10908;50,01;
14:26:58;10876;50,01;
14:27:01;10844;50,01;
14:27:04;10788;50,01;
14:27:07;10828;50,01;
14:27:10;10836;50,01;
14:27:13;10828;50,01;
14:27:16;10772;50,01;
14:27:19;10840;50,01;
14:27:22;10824;50,01;
14:27:25;10772;50,00;
14:27:28;10720;50,00;
14:27:31;10808;50,00;
14:27:34;10880;50,01;
14:27:37;10892;50,01;
14:27:40;10832;50,01;
14:27:43;10916;50,01;
14:27:46;10884;50,02;
14:27:49;10172;50,01;
14:27:55;10648;50,02;
14:27:58;10732;50,02;
14:28:01;10616;50,02;
14:28:04;10480;50,02;
14:28:07;9504;50,01;
14:28:10;8456;50,01;
14:28:13;7486;50,01;
14:28:16;8078;50,01;
14:28:19;5938;50,01;
14:28:22;5676;50,01;
14:28:25;9548;50,01;
14:28:28;9704;50,02;
14:28:31;10660;50,02;
14:28:34;10664;50,01;
14:28:37;10592;50,01;
14:28:40;10488;50,01;
14:28:43;10560;50,00;
14:28:46;10548;50,00;
14:28:49;10496;50,00;
14:28:52;10500;50,00;
14:28:55;10412;50,01;
14:29:01;10328;50,01;
14:29:04;10264;50,01;
14:29:07;10288;50,01;
14:29:10;10348;50,01;
14:29:13;10396;50,00;
14:29:16;10476;50,01;
14:29:19;10492;50,00;
14:29:22;10520;50,00;
14:29:25;10456;50,01;
14:29:28;10412;50,00;
14:29:31;10400;50,01;
14:29:34;10412;50,01;
14:29:37;10292;50,02;
14:29:40;10100;50,02;
14:29:43;9984;50,02;
14:29:46;10396;50,02;
14:29:49;10604;50,02;
14:29:52;10620;50,01;
14:29:55;10512;50,02;
14:29:58;10532;50,02;
14:30:01;10564;50,01;
14:30:07;10648;50,01;
14:30:10;10640;50,00;
14:30:13;10648;50,00;
14:30:16;10720;50,00;
14:30:19;10644;50,00;
14:30:22;10636;50,00;
14:30:25;10632;49,99;
14:30:28;10656;49,99;
14:30:31;10704;49,99;
14:30:37;10696;49,99;
14:30:40;10848;49,99;
14:30:43;10884;49,99;
14:30:46;10972;49,99;
14:30:52;11040;49,99;
14:30:55;11060;49,99;
14:30:58;11056;50,00;
14:31:01;10908;50,00;
14:31:04;10748;50,00;
14:31:07;10244;50,00;
14:31:10;10232;50,00;
14:31:13;7114;49,99;
14:31:16;3528;50,00;
14:31:19;3557;50,00;
14:31:22;3464;50,00;
14:31:25;3506;50,00;
14:31:28;3545;50,00;
14:31:31;3519;49,99;
14:31:34;3607;50,00;
14:31:37;3320;50,00;
14:31:40;3267;49,99;
14:31:43;3255;49,99;
14:31:46;3233;49,99;
14:31:49;3249;49,99;
14:31:52;3234;49,98;
14:31:58;3274;49,99;
14:32:01;3326;49,99;
14:32:04;3317;50,00;
14:32:07;3261;50,00;
14:32:10;3241;50,01;
14:32:13;3238;50,01;
14:32:16;3246;50,01;
14:32:19;3242;50,01;
14:32:22;3261;50,00;
14:32:25;3267;50,00;
14:32:28;3287;50,00;
14:32:31;3302;50,00;
14:32:34;3351;50,00;
14:32:37;3390;50,00;
14:32:40;3444;50,00;
14:32:43;3746;49,99;
14:32:46;3897;49,98;
14:32:49;3683;49,98;
14:32:52;3544;49,98;
14:32:55;3496;49,98;
14:32:58;3371;49,98;
14:33:04;3420;50,00;
14:33:07;3392;50,00;
14:33:10;3397;50,00;
14:33:13;3437;50,00;
14:33:16;3473;50,00;
14:33:19;3498;50,00;
14:33:22;3523;50,00;
14:33:25;3566;50,00;
14:33:28;4590;50,00;
14:33:31;4056;50,00;
14:33:34;3631;50,00;
14:33:37;3680;50,00;
14:33:40;3738;50,00;
14:33:43;3706;50,00;
14:33:46;3774;50,00;
14:33:49;3855;50,00;
14:33:52;3989;50,00;
14:33:55;4116;50,00;
14:33:58;3768;50,00;
14:34:01;3766;50,00;
14:34:04;3858;49,99;
14:34:10;4392;49,99;
14:34:13;5846;49,99;
14:34:16;5446;50,00;
14:34:19;5664;50,00;
14:34:22;6058;50,00;
14:34:25;6034;50,00;
14:34:28;5122;50,00;
14:34:31;5180;50,00;
14:34:34;4710;50,00;
14:34:37;5084;50,00;
14:34:40;6732;50,00;
14:34:43;9500;49,99;
14:34:46;11096;49,99;
14:34:49;11140;49,98;
14:34:55;11260;49,99;
14:34:58;11292;49,99;
14:35:01;11200;50,00;
14:35:04;11304;50,00;
14:35:07;11240;50,00;
14:35:10;11268;50,00;
14:35:13;11256;50,00;
14:35:16;11196;50,00;
14:35:19;11184;50,00;
14:35:22;11172;50,00;
14:35:25;11144;50,00;
14:35:28;11104;50,00;
14:35:31;11092;50,00;
14:35:34;11084;50,00;
14:35:37;11040;50,00;
14:35:40;11048;50,00;
14:35:43;11016;50,00;
14:35:46;11000;49,99;
14:35:49;10988;49,99;
14:35:52;10972;49,99;
14:35:55;10944;49,99;
14:36:01;10920;49,99;
14:36:04;10904;49,99;
14:36:07;10884;49,98;
14:36:10;10868;49,98;
14:36:13;10852;49,99;
14:36:19;10804;50,00;
14:36:22;10808;50,00;
14:36:25;10796;50,00;
14:36:28;10784;49,99;
14:36:31;10752;50,00;
14:36:34;10780;50,00;
14:36:37;10748;50,00;
14:36:40;10740;50,00;
14:36:43;10716;49,99;
14:36:46;10712;49,99;
14:36:49;10644;49,98;
14:36:52;10656;49,99;
14:36:55;10652;49,99;
14:36:58;10656;49,99;
14:37:01;10624;50,00;
14:37:07;10580;50,00;
14:37:10;10608;50,00;
14:37:13;10572;49,99;
14:37:16;10584;49,99;
14:37:19;10560;49,98;
14:37:22;10592;49,98;
14:37:25;10584;49,98;
14:37:28;10532;49,98;
14:37:31;10500;49,98;
14:37:34;10508;49,97;
14:37:37;10420;49,97;
14:37:40;10472;49,96;
14:37:43;10452;49,97;
14:37:46;10460;49,97;
14:37:49;10444;49,98;
14:37:52;10436;49,98;
14:37:55;10388;49,97;
14:37:58;10396;49,98;
14:38:01;10336;49,97;
14:38:04;10368;49,97;
14:38:07;10352;49,97;
14:38:13;10320;49,97;
14:38:16;10352;49,97;
14:38:19;10308;49,98;
14:38:22;10320;49,98;
14:38:25;10268;49,98;
14:38:28;10324;49,98;
14:38:31;10340;49,99;
14:38:34;10324;49,99;
14:38:37;10288;49,98;
14:38:40;10276;49,98;
14:38:43;10284;49,98;
14:38:46;10276;49,98;
14:38:49;10296;49,98;
14:38:52;10268;49,99;
14:38:55;10324;49,98;
14:38:58;10324;49,99;
14:39:01;10284;49,98;
14:39:04;10324;49,99;
14:39:07;10312;49,99;
14:39:10;10320;49,99;
14:39:13;10276;50,00;
14:39:19;10312;50,00;
14:39:22;10288;50,00;
14:39:25;10260;50,00;
14:39:28;10228;50,00;
14:39:31;10244;50,00;
14:39:34;10228;50,00;
14:39:40;10220;50,00;
14:39:43;10252;50,00;
14:39:49;10268;50,00;
14:39:52;10212;50,00;
14:39:55;10256;49,99;
14:39:58;10252;49,99;
14:40:04;10248;49,99;
14:40:07;10288;49,99;
14:40:10;10292;49,99;
14:40:13;10308;49,99;
14:40:16;10268;50,00;
14:40:19;10308;50,00;
14:40:22;10304;50,00;
14:40:25;10292;50,00;
14:40:28;10264;50,00;
14:40:31;10300;50,00;
14:40:34;10288;49,99;
14:40:37;10300;49,99;
14:40:40;10252;49,98;
14:40:43;10292;49,98;
14:40:46;10284;49,97;
14:40:49;10272;49,97;
14:40:52;10216;49,96;
14:40:55;10260;49,97;
14:40:58;10244;49,97;
14:41:01;10252;49,98;
14:41:04;10200;49,98;
14:41:10;10252;49,98;
14:41:13;10260;49,98;
14:41:16;10212;49,99;
14:41:19;10248;49,99;
14:41:22;10264;49,99;
14:41:25;10260;49,99;
14:41:28;10248;49,99;
14:41:31;10224;49,99;
14:41:34;10244;49,98;
14:41:37;10240;49,98;
14:41:40;10228;49,99;
14:41:43;10204;49,98;
14:41:46;10232;49,99;
14:41:49;10220;49,99;
14:41:52;10232;49,99;
14:41:55;10148;49,99;
14:41:58;10172;49,99;
14:42:01;10080;50,00;
14:42:04;10132;50,00;
14:42:07;10084;50,00;
14:42:10;10112;50,00;
14:42:16;10076;50,00;
14:42:19;10012;50,00;
14:42:22;9976;50,00;
14:42:25;9900;50,00;
14:42:28;9952;50,00;
14:42:31;10008;50,00;
14:42:34;10120;50,00;
14:42:37;10100;50,00;
14:42:40;10084;50,00;
14:42:43;10100;50,00;
14:42:46;10180;50,00;
14:42:49;10176;50,00;
14:42:52;10244;50,00;
14:42:55;10224;50,00;
14:42:58;10324;50,00;
14:43:01;10320;50,00;
14:43:04;10368;50,00;
14:43:07;10332;50,00;
14:43:10;10360;50,00;
14:43:13;10340;50,00;
14:43:16;10344;50,00;
14:43:22;10380;49,99;
14:43:25;10384;49,99;
14:43:28;10464;49,99;
14:43:31;10444;49,99;
14:43:34;10500;49,99;
14:43:37;10468;50,00;
14:43:40;10504;50,00;
14:43:43;10516;50,00;
14:43:46;10500;50,00;
14:43:49;10480;50,00;
14:43:52;10512;50,00;
14:43:55;10432;50,01;
14:43:58;10468;50,01;
14:44:01;10464;50,01;
14:44:07;10460;50,00;
14:44:10;10496;50,00;
14:44:13;10424;50,00;
14:44:16;10500;50,00;
14:44:19;10432;50,00;
14:44:22;10428;50,00;
14:44:25;10440;50,00;
14:44:28;10424;50,00;
14:44:31;10516;50,00;
14:44:34;10556;50,00;
14:44:37;10672;50,00;
14:44:40;10660;50,00;
14:44:43;10436;50,00;
14:44:46;10072;50,00;
14:44:49;10472;50,01;
14:44:52;9532;50,01;
14:44:55;5802;50,01;
14:44:58;5750;50,01;
14:45:01;3544;50,01;
14:45:04;2941;50,01;
14:45:07;2664;50,01;
14:45:13;2657;50,00;
14:45:16;2647;50,00;
14:45:19;2681;50,00;
14:45:22;2629;50,00;
14:45:25;2565;50,00;
14:45:28;2552;49,99;
14:45:31;2542;49,99;
14:45:34;2538;50,00;
14:45:37;2515;49,99;
14:45:40;2506;49,99;
14:45:43;2489;49,99;
14:45:46;2471;49,99;
14:45:49;2462;49,99;
14:45:52;2455;49,99;
14:45:55;2455;50,00;
14:45:58;2445;50,00;
14:46:01;2458;50,00;
14:46:04;2450;50,00;
14:46:07;2458;50,00;
14:46:10;2459;50,00;
14:46:13;2470;50,00;
14:46:19;2485;50,00;
14:46:22;2491;50,00;
14:46:25;2507;50,00;
14:46:31;2539;49,99;
14:46:34;2552;49,99;
14:46:37;2564;49,99;
14:46:40;2592;50,00;
14:46:43;2654;50,01;
14:46:46;2681;50,01;
14:46:49;2743;50,02;
14:46:52;2769;50,01;
14:46:55;2855;50,01;
14:46:58;2913;50,01;
14:47:01;2930;50,01;
14:47:04;3000;50,01;
14:47:07;3287;50,01;
14:47:10;3516;50,02;
14:47:13;3787;50,01;
14:47:16;3451;50,01;
14:47:19;3168;50,01;
14:47:25;3257;50,01;
14:47:28;3254;50,01;
14:47:31;3278;50,01;
14:47:34;3292;50,01;
14:47:37;3298;50,01;
14:47:40;3299;50,01;
14:47:43;3323;50,01;
14:47:46;3353;50,01;
14:47:49;3774;50,01;
14:47:52;4430;50,01;
14:47:55;6496;50,01;
14:47:58;4932;50,01;
14:48:01;3853;50,01;
14:48:04;3885;50,01;
14:48:07;4166;50,01;
14:48:10;4318;50,01;
14:48:13;3726;50,01;
14:48:16;3669;50,01;
14:48:19;3696;50,01;
14:48:22;4250;50,01;
14:48:25;5644;50,01;
14:48:28;6954;50,01;
14:48:31;6754;50,01;
14:48:34;5122;50,00;
14:48:37;5616;50,00;
14:48:40;8196;50,00;
14:48:43;8432;50,00;
14:48:46;7450;50,00;
14:48:49;8704;50,01;
14:48:52;10344;50,01;
14:48:55;10780;50,01;
14:48:58;9924;50,01;
14:49:01;9996;50,01;
14:49:04;10764;50,01;
14:49:07;10772;50,01;
14:49:10;10732;50,01;
14:49:16;10564;50,01;
14:49:19;10596;50,01;
14:49:22;10616;50,00;
14:49:25;10580;50,00;
14:49:28;10656;50,00;
14:49:31;10588;50,00;
14:49:34;10656;50,01;
14:49:40;10636;50,00;
14:49:43;10612;50,01;
14:49:46;10628;50,01;
14:49:49;10620;50,01;
14:49:52;10612;50,00;
14:49:55;10600;50,00;
14:49:58;10568;50,00;
14:50:01;10584;50,01;
14:50:04;10568;50,01;
14:50:10;10552;50,00;
14:50:13;10544;50,00;
14:50:16;10532;50,00;
14:50:22;10528;50,00;
14:50:25;10524;49,99;
14:50:28;10520;49,99;
14:50:31;10528;49,98;
14:50:34;10548;49,98;
14:50:37;10564;49,98;
14:50:40;10552;49,98;
14:50:43;10596;49,98;
14:50:46;10648;49,98;
14:50:49;10660;49,98;
14:50:52;10700;49,98;
14:50:55;10604;49,98;
14:50:58;10644;49,99;
14:51:01;10540;49,99;
14:51:04;10192;49,99;
14:51:07;6400;49,99;
14:51:10;4694;49,99;
14:51:13;5196;49,99;
14:51:16;6446;49,99;
14:51:19;7706;49,99;
14:51:22;9540;49,99;
14:51:28;10560;49,98;
14:51:31;10424;49,98;
14:51:34;9568;49,99;
14:51:37;6606;49,99;
14:51:40;4164;49,99;
14:51:43;4172;49,99;
14:51:46;6116;50,00;
14:51:49;7158;50,00;
14:51:52;10424;50,00;
14:51:55;10464;50,00;
14:51:58;10432;50,00;
14:52:01;10584;50,00;
14:52:04;10572;49,99;
14:52:07;10568;49,99;
14:52:10;10608;49,98;
14:52:13;10580;49,98;
14:52:16;10560;49,99;
14:52:19;10548;49,99;
14:52:22;10540;50,00;
14:52:28;10532;50,00;
14:52:34;10536;50,00;
14:52:37;10544;50,00;
14:52:40;10564;50,00;
14:52:43;10588;50,00;
14:52:46;10608;50,00;
14:52:49;10620;50,00;
14:52:52;10420;50,00;
14:52:55;8444;50,00;
14:52:58;7256;50,00;
14:53:01;9344;50,00;
14:53:04;8876;50,00;
14:53:07;9356;50,00;
14:53:10;8152;50,00;
14:53:13;5922;50,01;
14:53:19;10148;50,00;
14:53:22;10456;50,00;
14:53:25;10232;50,00;
14:53:28;6948;50,00;
14:53:31;5254;50,00;
14:53:34;4436;50,00;
14:53:37;4494;50,00;
14:53:40;3675;50,00;
14:53:43;2722;50,00;
14:53:46;2795;50,00;
14:53:49;2660;49,99;
14:53:52;2698;49,99;
14:53:55;2741;49,99;
14:53:58;2652;49,99;
14:54:01;2583;49,99;
14:54:04;2524;50,00;
14:54:07;2473;50,00;
14:54:10;2443;50,00;
14:54:13;2432;50,00;
14:54:16;2430;50,00;
14:54:19;2437;49,99;
14:54:25;2448;49,99;
14:54:28;2463;49,99;
14:54:31;2486;49,99;
14:54:34;2498;49,99;
14:54:37;2530;50,00;
14:54:40;2555;49,99;
14:54:43;2584;50,00;
14:54:46;2630;49,99;
14:54:49;2686;49,99;
14:54:52;2733;49,99;
14:54:55;2821;50,00;
14:54:58;2881;50,00;
14:55:01;3132;50,00;
14:55:04;3155;50,00;
14:55:07;3168;50,00;
14:55:10;3146;50,00;
14:55:13;2859;50,00;
14:55:16;2830;49,99;
14:55:19;2784;50,00;
14:55:22;2728;49,99;
14:55:25;2871;50,00;
14:55:31;2949;50,00;
14:55:34;2971;50,00;
14:55:37;2625;50,00;
14:55:40;2615;50,00;
14:55:43;2577;50,00;
14:55:46;2563;50,01;
14:55:49;2559;50,01;
14:55:52;2538;50,01;
14:55:55;2513;50,01;
14:55:58;2522;50,01;
14:56:01;2501;50,01;
14:56:04;2509;50,01;
14:56:07;2493;50,00;
14:56:10;2523;50,00;
14:56:13;2573;50,00;
14:56:16;2538;50,00;
14:56:19;2585;50,00;
14:56:22;2842;50,00;
14:56:25;6538;50,00;
14:56:28;7876;50,00;
14:56:31;10624;50,00;
14:56:37;10632;50,01;
14:56:40;10688;50,01;
14:56:43;10700;50,01;
14:56:46;10684;50,01;
14:56:49;10724;50,00;
14:56:52;10708;50,00;
14:56:55;10732;50,00;
14:56:58;10696;50,00;
14:57:01;10648;50,00;
14:57:04;10708;50,00;
14:57:07;10692;50,00;
14:57:10;10700;50,00;
14:57:13;10492;50,00;
14:57:16;9452;50,00;
14:57:19;8360;50,00;
14:57:22;10576;49,99;
14:57:25;10356;49,99;
14:57:28;10124;49,98;
14:57:30;10016;49,98;
14:57:32;10380;49,98;
14:57:38;10336;49,98;
14:57:44;10088;49,99;
14:57:47;10244;49,99;
14:57:50;10556;49,99;
14:57:53;10584;49,99;
14:57:56;10616;49,99;
14:57:59;10616;49,98;
14:58:02;10596;49,98;
14:58:05;10584;49,98;
14:58:08;10528;49,98;
14:58:11;10492;49,98;
14:58:14;10528;49,97;
14:58:17;10512;49,97;
14:58:20;10540;49,98;
14:58:23;10516;49,98;
14:58:26;10544;49,98;
14:58:29;10528;49,98;
14:58:35;10512;49,98;
14:58:38;10524;49,98;
14:58:41;10516;49,98;
14:58:44;10508;49,98;
14:58:50;10512;49,99;
14:58:53;10500;49,99;
14:58:56;10520;50,00;
14:58:59;10512;50,00;
14:59:02;10552;50,00;
14:59:05;10544;50,00;
14:59:08;10568;50,00;
14:59:11;10580;49,99;
14:59:14;6540;49,98;
14:59:17;5488;49,99;
14:59:20;6342;49,98;
14:59:23;6944;49,99;
14:59:26;8108;49,98;
14:59:29;8648;49,98;
14:59:32;9720;49,98;
14:59:35;10304;49,98;
14:59:38;8428;49,98;
14:59:41;5646;49,98;
14:59:44;3235;49,98;
14:59:47;2867;49,98;
14:59:50;2673;49,98;
14:59:56;2676;49,98;
14:59:59;2673;49,98;
15:00:02;2687;49,98;
15:00:05;2690;49,98;
15:00:08;2729;49,97;
15:00:11;2762;49,97;
15:00:14;2768;49,97;
15:00:17;2757;49,97;
15:00:20;2760;49,97;
15:00:23;2776;49,97;
15:00:25;2814;49,97;
15:00:27;2856;49,96;
15:00:30;2881;49,96;
15:00:33;2895;49,96;
15:00:36;2949;49,96;
15:00:39;3069;49,96;
15:00:42;7840;49,96;
15:00:45;9944;49,96;
15:00:48;10664;49,95;
15:00:51;10784;49,95;
15:00:54;10776;49,95;
15:00:57;10672;49,95;
15:01:00;10256;49,95;
15:01:03;7980;49,94;
15:01:06;3265;49,94;
15:01:09;2981;49,94;
15:01:13;3050;49,95;
15:01:16;3761;49,95;
15:01:19;5182;49,95;
15:01:21;6374;49,95;
15:01:23;9012;49,95;
15:01:26;9448;49,95;
15:01:29;9548;49,95;
15:01:32;8592;49,95;
15:01:35;8208;49,95;
15:01:38;7958;49,94;
15:01:41;9624;49,94;
15:01:44;9600;49,94;
15:01:48;7872;49,95;
15:01:50;10040;49,96;
15:01:52;9228;49,95;
15:01:58;9024;49,95;
15:02:01;8244;49,95;
15:02:04;8492;49,95;
15:02:06;7306;49,95;
15:02:08;6162;49,95;
15:02:11;5982;49,96;
15:02:14;4864;49,96;
15:02:18;4868;49,96;
15:02:20;5448;49,96;
15:02:22;5058;49,95;
15:02:25;4508;49,96;
15:02:33;4320;49,94;
15:02:36;5538;49,94;
15:02:39;5562;49,94;
15:02:42;4154;49,94;
15:02:45;3616;49,94;
15:02:49;3654;49,95;
15:02:53;3919;49,95;
15:02:55;4856;49,94;
15:02:56;8020;49,94;
15:03:01;5772;49,94;
15:03:07;5074;49,94;
15:03:10;6392;49,94;
15:03:14;6996;49,94;
15:03:16;6886;49,94;
15:03:18;6802;49,95;
15:03:21;7550;49,94;
15:03:25;9040;49,95;
15:03:29;9560;49,94;
15:03:33;7996;49,94;
15:03:36;8656;49,94;
15:03:39;11136;49,94;
15:03:43;11164;49,94;
15:03:46;10856;49,94;
15:03:49;8560;49,94;
15:03:53;7872;49,94;
15:03:56;7654;49,94;
15:03:59;7416;49,95;
15:04:04;7278;49,95;
15:04:06;7960;49,95;
15:04:08;6496;49,95;
15:04:10;6608;49,94;
15:04:12;9256;49,94;
15:04:15;10652;49,94;
15:04:21;9796;49,94;
15:04:24;10576;49,94;
15:04:27;10884;49,94;
15:04:30;10952;49,95;
15:04:33;10968;49,94;
15:04:36;10964;49,95;
15:04:39;11004;49,95;
15:04:42;11028;49,94;
15:04:45;11068;49,95;
15:04:48;11060;49,94;
15:04:51;11076;49,95;
15:04:54;11080;49,95;
15:04:57;11056;49,95;
15:05:00;10888;49,95;
15:05:04;11004;49,96;
15:05:07;9680;49,95;
15:05:10;9672;49,95;
15:05:13;9000;49,95;
15:05:16;8812;49,95;
15:05:19;6182;49,96;
15:05:21;5634;49,96;
15:05:23;5746;49,96;
15:05:29;4116;49,96;
15:05:33;4204;49,96;
15:05:36;5400;49,96;
15:05:39;5608;49,96;
15:05:42;4566;49,96;
15:05:45;4430;49,96;
15:05:48;5536;49,96;
15:05:51;5520;49,95;
15:05:54;5512;49,95;
15:05:56;4294;49,96;
15:05:58;3773;49,95;
15:06:01;3587;49,96;
15:06:04;3563;49,96;
15:06:07;3524;49,96;
15:06:10;3565;49,97;
15:06:13;3563;49,96;
15:06:16;3585;49,96;
15:06:19;3587;49,96;
15:06:21;3590;49,96;
15:06:26;3609;49,96;
15:06:28;3616;49,96;
15:06:35;3635;49,96;
15:06:38;3648;49,96;
15:06:41;3667;49,96;
15:06:45;3958;49,96;
15:06:48;3841;49,96;
15:06:50;3733;49,96;
15:06:52;3674;49,96;
15:06:57;3644;49,96;
15:06:59;3633;49,96;
15:07:03;3647;49,96;
15:07:06;3683;49,97;
15:07:09;3676;49,97;
15:07:14;3623;49,96;
15:07:16;3683;49,97;
15:07:18;3768;49,96;
15:07:21;3679;49,97;
15:07:29;3987;49,97;
15:07:34;4280;49,96;
15:07:37;4266;49,96;
15:07:39;4548;49,96;
15:07:41;4552;49,95;
15:07:45;4198;49,96;
15:07:48;3825;49,96;
15:07:51;3869;49,96;
15:07:54;5068;49,96;
15:07:56;6422;49,97;
15:08:03;9064;49,98;
15:08:06;11152;49,98;
15:08:10;11140;49,98;
15:08:14;11068;49,98;
15:08:16;11100;49,98;
15:08:18;11076;49,97;
15:08:24;11024;49,98;
15:08:26;10984;49,97;
15:08:34;10924;49,98;
15:08:37;10884;49,98;
15:08:39;10844;49,98;
15:08:44;10856;49,98;
15:08:46;10560;49,98;
15:08:48;9544;49,98;
15:08:55;10204;49,98;
15:08:57;9964;49,98;
15:08:58;10392;49,98;
15:09:01;10316;49,98;
15:09:06;10376;49,97;
15:09:10;10580;49,98;
15:09:13;10608;49,97;
15:09:15;10684;49,97;
15:09:18;10692;49,97;
15:09:21;9976;49,97;
15:09:25;8824;49,97;
15:09:27;6670;49,97;
15:09:28;5446;49,97;
15:09:31;4708;49,97;
15:09:36;3840;49,97;
15:09:39;3029;49,97;
15:09:40;3042;49,98;
15:09:44;3031;49,98;
15:09:46;3005;49,98;
15:09:48;2985;49,98;
15:09:55;2991;49,99;
15:09:58;2960;49,99;
15:09:59;2965;50,00;
15:10:06;3032;49,99;
15:10:09;3129;49,99;
15:10:10;3107;49,98;
15:10:13;3163;49,98;
15:10:16;3182;49,98;
15:10:18;3378;49,99;
15:10:26;4454;49,99;
15:10:29;5806;49,98;
15:10:33;6612;49,98;
15:10:36;4212;49,97;
15:10:39;4388;49,97;
15:10:42;5014;49,98;
15:10:46;4768;49,98;
15:10:49;5124;49,98;
15:10:50;7938;49,98;
15:10:55;9044;49,98;
15:11:01;10120;49,98;
15:11:05;9920;49,98;
15:11:08;9428;49,98;
15:11:09;7982;49,98;
15:11:12;7546;49,98;
15:11:16;7258;49,98;
15:11:19;7506;49,99;
15:11:20;9604;49,99;
15:11:24;10060;49,99;
15:11:31;9728;49,98;
15:11:34;9160;49,98;
15:11:38;9188;49,98;
15:11:41;9148;49,98;
15:11:45;8960;49,99;
15:11:48;8960;49,98;
15:11:51;9308;49,98;
15:11:54;9540;49,98;
15:11:59;9604;49,98;
15:12:03;9540;49,98;
15:12:06;8516;49,99;
15:12:10;9136;49,98;
15:12:14;9672;49,98;
15:12:16;9608;49,98;
15:12:18;9588;49,98;
15:12:21;9184;49,98;
15:12:25;8884;49,98;
15:12:29;9484;49,98;
15:12:32;9448;49,98;
15:12:35;9492;49,98;
15:12:43;9444;49,98;
15:12:46;9508;49,98;
15:12:49;9472;49,99;
15:12:50;9424;50,00;
15:13:00;9384;50,00;
15:13:03;9392;49,99;
15:13:04;9376;49,99;
15:13:12;9360;49,99;
15:13:16;9360;50,00;
15:13:18;9320;50,00;
15:13:21;9348;49,99;
15:13:24;9324;49,99;
15:13:26;9364;49,99;
15:13:30;9376;49,99;
15:13:36;9308;49,98;
15:13:39;9372;49,99;
15:13:40;9328;50,00;
15:13:47;9344;50,00;
15:13:50;9276;50,00;
15:13:53;9332;50,00;
15:13:54;9308;50,01;
15:14:01;9224;50,01;
15:14:04;9264;50,00;
15:14:06;9220;50,00;
15:14:09;9256;50,00;
15:14:18;9244;50,01;
15:14:19;9248;50,01;
15:14:22;9248;50,00;
15:14:26;9192;50,00;
15:14:29;9240;50,00;
15:14:32;9228;50,00;
15:14:36;9232;50,00;
15:14:40;9192;50,00;
15:14:46;9232;50,00;
15:14:48;9172;50,00;
15:14:51;9228;50,00;
15:14:55;9172;49,99;
15:15:01;9192;50,00;
15:15:04;9212;50,00;
15:15:06;9184;50,00;
15:15:10;9184;49,99;
15:15:14;9196;49,98;
15:15:18;9180;49,98;
15:15:21;9160;49,98;
15:15:25;9144;49,97;
15:15:28;9080;49,98;
15:15:31;9116;49,98;
15:15:34;9048;49,98;
15:15:35;9092;49,99;
15:15:43;9048;49,99;
15:15:46;9044;49,99;
15:15:47;9092;50,00;
15:15:53;9084;50,00;
15:15:56;9080;50,00;
15:15:57;9072;50,00;
15:16:03;9052;50,00;
15:16:10;9020;50,00;
15:16:13;9052;50,00;
15:16:15;9028;50,00;
15:16:18;9040;50,00;
15:16:21;9020;50,00;
15:16:25;9060;49,99;
15:16:28;9056;49,99;
15:16:31;9040;50,00;
15:16:34;8988;50,00;
15:16:37;9048;50,00;
15:16:40;9020;49,99;
15:16:43;9060;50,00;
15:16:46;9008;50,00;
15:16:48;9060;50,00;
15:16:54;9072;50,00;
15:16:59;9024;50,00;
15:17:02;9072;49,99;
15:17:06;9052;49,99;
15:17:10;8972;50,00;
15:17:13;9040;49,99;
15:17:16;9052;49,99;
15:17:20;9012;49,99;
15:17:23;9084;49,98;
15:17:28;9068;49,98;
15:17:34;9056;49,98;
15:17:35;9048;49,97;
15:17:43;9036;49,97;
15:17:46;8956;49,97;
15:17:47;9044;49,98;
15:17:54;9032;49,98;
15:17:57;9004;49,99;
15:18:00;9060;49,99;
15:18:03;9064;49,99;
15:18:06;9072;50,00;
15:18:09;9028;50,00;
15:18:12;9020;50,01;
15:18:15;9040;50,00;
15:18:16;9036;50,00;
15:18:19;9060;49,99;
15:18:25;9048;49,99;
15:18:31;9052;50,00;
15:18:35;9040;50,00;
15:18:38;8968;50,00;
15:18:41;9036;50,00;
15:18:45;9056;50,00;
15:18:48;8952;50,01;
15:18:51;9036;50,01;
15:18:55;9024;50,01;
15:18:59;9028;50,00;
15:19:02;8944;50,00;
15:19:05;9004;50,00;
15:19:11;8940;50,01;
15:19:15;9016;50,01;
15:19:18;9012;50,01;
15:19:21;9036;50,01;
15:19:24;9052;50,01;
15:19:27;9040;50,00;
15:19:30;9044;50,00;
15:19:33;9076;50,00;
15:19:36;9016;50,00;
15:19:39;9088;50,00;
15:19:40;9084;50,00;
15:19:45;9096;50,00;
15:19:48;9048;50,00;
15:19:51;9116;50,00;
15:19:54;9100;50,00;
15:19:57;9108;50,00;
15:20:00;9048;50,00;
15:20:03;9104;50,00;
15:20:06;9116;50,00;
15:20:09;9108;50,00;
15:20:12;9048;50,00;
15:20:18;9124;50,00;
15:20:24;9056;50,00;
15:20:27;9132;50,00;
15:20:33;9180;50,00;
15:20:36;9192;50,00;
15:20:39;9260;50,00;
15:20:40;9256;50,00;
15:20:44;9308;49,99;
15:20:50;9260;49,98;
15:20:53;9320;49,98;
15:20:56;9352;49,98;
15:21:00;9312;49,98;
15:21:03;9340;49,98;
15:21:06;9316;49,98;
15:21:09;8800;49,99;
15:21:12;6340;49,99;
15:21:15;4658;50,00;
15:21:16;4580;50,00;
15:21:23;9032;49,99;
15:21:26;9228;49,98;
15:21:29;9336;49,98;
15:21:32;9364;49,98;
15:21:38;9292;49,98;
15:21:41;9352;49,98;
15:21:44;9312;49,99;
15:21:47;9352;49,99;
15:21:50;9268;49,99;
15:21:53;9300;50,00;
15:21:54;9288;50,00;
15:22:00;9260;49,99;
15:22:03;9224;50,00;
15:22:04;9260;50,00;
15:22:13;9228;50,00;
15:22:16;9212;50,00;
15:22:22;9144;50,00;
15:22:25;9156;50,00;
15:22:28;9184;49,99;
15:22:31;9204;49,99;
15:22:34;9180;49,99;
15:22:37;9176;49,99;
15:22:40;9112;50,00;
15:22:43;9120;49,99;
15:22:46;8760;50,00;
15:22:49;8536;50,00;
15:22:52;8380;50,00;
15:22:55;8252;50,00;
15:22:58;8208;50,00;
15:23:01;8134;50,00;
15:23:04;8050;50,00;
15:23:07;8384;50,00;
15:23:10;8720;50,00;
15:23:13;8628;49,99;
15:23:16;8416;49,99;
15:23:19;8396;49,99;
15:23:22;8668;49,99;
15:23:28;8864;49,99;
15:23:31;8892;49,99;
15:23:34;8848;49,99;
15:23:37;8804;49,99;
15:23:40;8516;50,00;
15:23:43;8396;49,99;
15:23:46;8308;50,00;
15:23:49;8276;49,99;
15:23:52;8144;50,00;
15:23:55;8256;50,00;
15:23:58;8184;49,99;
15:24:01;8092;49,99;
15:24:04;7822;49,99;
15:24:08;7844;49,99;
15:24:11;8040;49,99;
15:24:14;8624;49,99;
15:24:17;8776;49,99;
15:24:20;9084;50,00;
15:24:23;9132;50,00;
15:24:26;9172;49,99;
15:24:29;9136;49,99;
15:24:35;9104;49,99;
15:24:38;9136;49,99;
15:24:41;9080;49,99;
15:24:44;9084;49,99;
15:24:47;9032;50,00;
15:24:50;9080;50,00;
15:24:53;9092;50,00;
15:24:56;9072;50,00;
15:24:59;9092;50,00;
15:25:02;9144;50,00;
15:25:05;9120;50,00;
15:25:08;9144;50,00;
15:25:11;9064;50,00;
15:25:14;9104;50,00;
15:25:17;9100;49,99;
15:25:23;9092;49,98;
15:25:26;9168;49,98;
15:25:29;9160;49,98;
15:25:32;9132;49,98;
15:25:35;8288;49,99;
15:25:41;7974;49,99;
15:25:44;7076;49,99;
15:25:47;7870;49,99;
15:25:50;8888;49,99;
15:25:53;9204;49,99;
15:25:56;9172;49,99;
15:25:59;9192;50,00;
15:26:02;9124;50,00;
15:26:05;9164;50,00;
15:26:11;9108;50,00;
15:26:14;9116;50,00;
15:26:17;9100;50,00;
15:26:20;9084;50,00;
15:26:23;9088;50,00;
15:26:26;9052;49,99;
15:26:29;9064;49,98;
15:26:32;9040;49,98;
15:26:35;9016;49,98;
15:26:38;8984;49,98;
15:26:41;9072;49,98;
15:26:47;8964;49,97;
15:26:50;8896;49,98;
15:26:53;8936;49,98;
15:26:56;8412;49,98;
15:26:59;7162;49,98;
15:27:02;7488;49,98;
15:27:05;7356;49,98;
15:27:08;7918;49,99;
15:27:11;8916;49,98;
15:27:14;9000;49,99;
15:27:17;9088;49,99;
15:27:20;9136;49,99;
15:27:23;9128;49,98;
15:27:26;8752;49,98;
15:27:29;8360;49,98;
15:27:32;7154;49,98;
15:27:35;4978;49,98;
15:27:38;4916;49,98;
15:27:41;6036;49,98;
15:27:44;6730;49,98;
15:27:47;8360;49,98;
15:27:53;8728;49,98;
15:27:56;8684;49,98;
15:27:59;8832;49,98;
15:28:02;8892;49,99;
15:28:08;8852;49,98;
15:28:11;8844;49,99;
15:28:14;8836;49,99;
15:28:17;8094;49,98;
15:28:20;7832;49,98;
15:28:23;6646;49,98;
15:28:26;6180;49,98;
15:28:29;6576;49,98;
15:28:32;7252;49,98;
15:28:35;7502;49,98;
15:28:38;8392;49,98;
15:28:41;8536;49,99;
15:28:44;8496;49,98;
15:28:47;8204;49,99;
15:28:50;7920;49,99;
15:28:53;7136;50,00;
15:28:59;7724;49,99;
15:29:02;7782;49,99;
15:29:05;7714;49,99;
15:29:08;8086;49,99;
15:29:11;8140;49,98;
15:29:14;8112;49,98;
15:29:17;8074;49,98;
15:29:20;8110;49,98;
15:29:23;8098;49,98;
15:29:26;8044;49,99;
15:29:29;8012;49,99;
15:29:32;8052;49,99;
15:29:35;8068;49,99;
15:29:38;8070;49,99;
15:29:44;8056;49,99;
15:29:47;8010;49,99;
15:29:50;8002;50,00;
15:29:53;7972;50,00;
15:29:56;7850;49,99;
15:29:59;7762;49,99;
15:30:02;7816;50,00;
15:30:05;7820;50,00;
15:30:08;7698;49,99;
15:30:11;7676;49,99;
15:30:14;7736;49,98;
15:30:17;7724;49,98;
15:30:20;7764;49,99;
15:30:23;7654;49,99;
15:30:26;7626;49,99;
15:30:29;7530;49,99;
15:30:32;7670;49,99;
15:30:35;7686;49,99;
15:30:38;7826;50,00;
15:30:41;7828;50,00;
15:30:44;7824;50,00;
15:30:50;7928;50,00;
15:30:53;7950;50,00;
15:30:56;8040;50,01;
15:30:59;7964;50,01;
15:31:02;8140;50,01;
15:31:05;8228;50,01;
15:31:08;8268;50,01;
15:31:11;8264;50,01;
15:31:14;8220;50,01;
15:31:17;8200;50,00;
15:31:20;8276;50,00;
15:31:23;8244;50,00;
15:31:26;8268;50,00;
15:31:29;8260;50,01;
15:31:32;8248;50,01;
15:31:38;8276;50,00;
15:31:41;8308;50,00;
15:31:44;8368;50,00;
15:31:47;8376;50,00;
15:31:50;8388;50,00;
15:31:56;8376;50,00;
15:31:59;8372;50,00;
15:32:02;8376;50,01;
15:32:08;8380;50,00;
15:32:11;8376;50,00;
15:32:14;8308;50,00;
15:32:17;8356;50,00;
15:32:20;8368;50,01;
15:32:23;8364;50,01;
15:32:26;8368;50,01;
15:32:29;8376;50,01;
15:32:35;8368;50,00;
15:32:38;8312;50,00;
15:32:41;8356;50,00;
15:32:44;8368;50,00;
15:32:47;8376;50,00;
15:32:50;8384;50,00;
15:32:56;8364;50,00;
15:33:02;8396;50,00;
15:33:05;8384;50,00;
15:33:11;8372;50,00;
15:33:17;8380;50,00;
15:33:20;8360;50,00;
15:33:23;8376;49,99;
15:33:26;8344;49,99;
15:33:29;8356;49,99;
15:33:32;8340;49,99;
15:33:35;8332;49,99;
15:33:38;8324;49,99;
15:33:41;8304;50,00;
15:33:47;8320;50,00;
15:33:50;8288;50,00;
15:33:53;8328;50,01;
15:33:56;8284;50,00;
15:33:59;8320;50,00;
15:34:02;8288;50,00;
15:34:05;8316;50,00;
15:34:08;8328;50,00;
15:34:11;8332;50,00;
15:34:14;8312;50,00;
15:34:17;8344;50,00;
15:34:20;8312;50,00;
15:34:23;8344;49,99;
15:34:26;8328;50,00;
15:34:29;8348;50,00;
15:34:32;8340;50,00;
15:34:35;8296;50,00;
15:34:38;8288;50,00;
15:34:41;8256;50,00;
15:34:47;8312;50,00;
15:34:53;8380;50,01;
15:34:56;8396;50,01;
15:34:59;8416;50,00;
15:35:02;8424;50,01;
15:35:05;8420;50,01;
15:35:08;8416;50,01;
15:35:11;8356;50,01;
15:35:14;8408;50,01;
15:35:17;8420;50,01;
15:35:20;8428;50,01;
15:35:23;8376;50,00;
15:35:26;8368;50,00;
15:35:32;8364;50,00;
15:35:35;8300;50,00;
15:35:38;8344;50,00;
15:35:41;8312;50,00;
15:35:44;8300;50,00;
15:35:47;8304;50,00;
15:35:50;8300;50,00;
15:35:53;8324;50,00;
15:35:59;8348;50,01;
15:36:02;8320;50,00;
15:36:05;8244;50,01;
15:36:08;8248;50,01;
15:36:11;8256;50,01;
15:36:14;8272;50,01;
15:36:17;8252;50,00;
15:36:20;8296;50,00;
15:36:23;8320;49,99;
15:36:26;8368;49,99;
15:36:29;8356;49,99;
15:36:32;8316;49,99;
15:36:35;8280;49,99;
15:36:38;8380;49,99;
15:36:41;8392;49,99;
15:36:44;8408;49,99;
15:36:47;8412;49,99;
15:36:50;8468;49,99;
15:36:53;8408;49,99;
15:36:56;8448;49,99;
15:36:59;8396;49,98;
15:37:05;8380;49,99;
15:37:08;8428;49,99;
15:37:11;8396;49,99;
15:37:14;8440;49,99;
15:37:17;8384;49,99;
15:37:20;8432;49,99;
15:37:23;8428;49,99;
15:37:26;8376;49,99;
15:37:29;8372;49,98;
15:37:32;8416;49,98;
15:37:35;8376;49,98;
15:37:38;8440;49,98;
15:37:41;8420;49,98;
15:37:44;8472;49,98;
15:37:50;8468;49,98;
15:37:53;8412;49,98;
15:37:56;8456;49,99;
15:37:59;8428;50,00;
15:38:02;8492;49,99;
15:38:05;8512;50,00;
15:38:08;8476;50,00;
15:38:11;8540;49,99;
15:38:14;8532;49,99;
15:38:17;8524;49,99;
15:38:23;8532;49,99;
15:38:26;8552;49,99;
15:38:29;8576;50,00;
15:38:32;8560;50,00;
15:38:35;8628;49,99;
15:38:38;8640;49,98;
15:38:41;8648;49,99;
15:38:44;8664;49,99;
15:38:47;8668;49,99;
15:38:56;8680;49,99;
15:38:59;8676;49,99;
15:39:02;8676;50,00;
15:39:05;8688;50,00;
15:39:08;8704;50,01;
15:39:11;8712;50,01;
15:39:14;8660;50,01;
15:39:17;8728;50,01;
15:39:20;8720;50,01;
15:39:26;8700;50,01;
15:39:29;8728;50,01;
15:39:32;8696;50,01;
15:39:35;8712;50,01;
15:39:38;8708;50,01;
15:39:41;8752;50,01;
15:39:44;8752;50,00;
15:39:47;8800;50,00;
15:39:50;8744;50,00;
15:39:53;8804;50,00;
15:39:56;8760;50,00;
15:40:02;8708;50,00;
15:40:05;8764;50,00;
15:40:08;8476;50,00;
15:40:11;8050;50,00;
15:40:14;7224;50,00;
15:40:17;6792;50,00;
15:40:20;5376;50,00;
15:40:23;3990;50,00;
15:40:26;2842;49,99;
15:40:29;2707;50,00;
15:40:32;2611;49,99;
15:40:35;2866;50,00;
15:40:38;3719;50,00;
15:40:41;3728;50,00;
15:40:44;4244;50,00;
15:40:47;4872;50,00;
15:40:50;6696;50,00;
15:40:53;8174;50,00;
15:40:56;8400;50,00;
15:40:59;8580;50,00;
15:41:02;8684;50,00;
15:41:08;8688;50,00;
15:41:11;8692;50,00;
15:41:14;8784;50,00;
15:41:17;8764;50,00;
15:41:20;8720;50,00;
15:41:23;8712;50,00;
15:41:26;8704;50,00;
15:41:29;8664;50,00;
15:41:32;8620;50,00;
15:41:35;8580;49,99;
15:41:38;8548;50,00;
15:41:41;8508;50,00;
15:41:44;8098;50,01;
15:41:47;7638;50,01;
15:41:50;7636;50,01;
15:41:53;8408;50,00;
15:41:56;8396;50,00;
15:41:59;8244;50,00;
15:42:02;8252;50,00;
15:42:05;8316;50,00;
15:42:08;8324;49,99;
15:42:14;7914;49,98;
15:42:17;7834;49,98;
15:42:20;8196;49,98;
15:42:23;8452;49,98;
15:42:26;8508;49,98;
15:42:29;8548;49,98;
15:42:32;8568;49,99;
15:42:35;8560;49,99;
15:42:38;8548;50,00;
15:42:41;8524;50,00;
15:42:44;8536;50,00;
15:42:47;8146;50,00;
15:42:50;8228;50,00;
15:42:53;8460;50,00;
15:42:59;8524;50,00;
15:43:02;8552;50,00;
15:43:05;8508;50,00;
15:43:08;8564;50,00;
15:43:11;8524;49,99;
15:43:14;8544;50,00;
15:43:17;8540;50,00;
15:43:20;8472;50,00;
15:43:23;8508;50,00;
15:43:26;8536;50,00;
15:43:29;8440;49,99;
15:43:32;8520;49,99;
15:43:35;8476;50,00;
15:43:38;8496;50,00;
15:43:41;8492;50,00;
15:43:44;8480;50,01;
15:43:47;8452;50,00;
15:43:53;8380;50,00;
15:43:56;8432;50,00;
15:43:59;8388;50,00;
15:44:05;8312;50,00;
15:44:08;8364;50,00;
15:44:11;8320;50,00;
15:44:14;8356;50,00;
15:44:17;8288;50,00;
15:44:20;8348;50,00;
15:44:23;8356;50,00;
15:44:26;8324;50,00;
15:44:29;7998;50,00;
15:44:32;7960;50,00;
15:44:35;8002;50,00;
15:44:38;7978;49,99;
15:44:41;7016;49,99;
15:44:44;6556;49,99;
15:44:47;6264;49,99;
15:44:50;6162;50,00;
15:44:53;5372;50,00;
15:44:56;4718;50,00;
15:44:59;5284;49,99;
15:45:02;6240;49,99;
15:45:05;6566;49,99;
15:45:11;6764;50,00;
15:45:14;6104;50,00;
15:45:17;4416;50,00;
15:45:20;3670;50,00;
15:45:23;2658;50,00;
15:45:26;2483;50,00;
15:45:29;2472;49,99;
15:45:32;2531;49,99;
15:45:35;2400;49,98;
15:45:38;2328;49,98;
15:45:41;2462;49,98;
15:45:44;2590;49,99;
15:45:47;3109;50,00;
15:45:50;3593;50,00;
15:45:53;4214;50,00;
15:45:56;4190;50,00;
15:45:59;4272;50,00;
15:46:02;5904;50,00;
15:46:05;8134;50,00;
15:46:08;8054;50,00;
15:46:11;7960;50,00;
15:46:17;6614;50,00;
15:46:20;6392;50,00;
15:46:23;7242;50,00;
15:46:26;8034;50,00;
15:46:29;8372;50,00;
15:46:32;8336;50,00;
15:46:35;8308;50,00;
15:46:38;8106;50,00;
15:46:41;8200;50,00;
15:46:44;8308;50,01;
15:46:47;8300;50,00;
15:46:50;8058;50,00;
15:46:53;6342;50,00;
15:46:56;5926;50,01;
15:46:59;5942;50,01;
15:47:02;7310;50,02;
15:47:05;8396;50,01;
15:47:08;8344;50,01;
15:47:11;8404;50,01;
15:47:14;8368;50,01;
15:47:17;8356;50,01;
15:47:20;8384;50,01;
15:47:23;8352;50,00;
15:47:26;8316;50,00;
15:47:29;8348;50,00;
15:47:32;8356;50,01;
15:47:35;8380;50,01;
15:47:38;8376;50,00;
15:47:41;8380;50,00;
15:47:44;8416;50,00;
15:47:47;8404;50,00;
15:47:50;8412;50,00;
15:47:53;8356;50,00;
15:47:56;8404;50,00;
15:47:59;8364;50,00;
15:48:02;8388;50,00;
15:48:08;8380;50,00;
15:48:11;8344;50,00;
15:48:14;8388;50,00;
15:48:17;8340;50,00;
15:48:20;8344;50,00;
15:48:23;8288;50,00;
15:48:26;8304;50,00;
15:48:29;8288;50,00;
15:48:32;8284;50,00;
15:48:35;8240;49,99;
15:48:38;8190;49,99;
15:48:41;8122;49,99;
15:48:44;8106;49,99;
15:48:47;8004;50,00;
15:48:50;7942;49,99;
15:48:53;7188;50,00;
15:48:56;7150;50,00;
15:48:59;7172;50,00;
15:49:02;7202;50,00;
15:49:05;6826;50,00;
15:49:08;6504;50,00;
15:49:14;4944;50,00;
15:49:17;4376;50,00;
15:49:20;3892;49,99;
15:49:23;3815;49,99;
15:49:26;3344;49,99;
15:49:29;3288;49,99;
15:49:32;4392;49,99;
15:49:35;6376;49,99;
15:49:38;7620;50,00;
15:49:41;7524;49,99;
15:49:44;7384;49,99;
15:49:47;7370;50,00;
15:49:50;7640;50,00;
15:49:53;7920;50,00;
15:49:56;7988;50,00;
15:49:59;8046;49,99;
15:50:02;8024;50,00;
15:50:05;8018;50,00;
15:50:08;7988;50,00;
15:50:11;8044;50,00;
15:50:14;8042;50,00;
15:50:20;8074;49,99;
15:50:23;8068;49,98;
15:50:26;8060;49,98;
15:50:29;8054;49,98;
15:50:35;8050;49,98;
15:50:38;8038;49,98;
15:50:41;8060;49,98;
15:50:44;8062;49,98;
15:50:47;8064;49,98;
15:50:50;8062;49,98;
15:50:53;8060;49,98;
15:50:56;8062;49,98;
15:50:59;8066;49,98;
15:51:02;8046;49,98;
15:51:05;8066;49,98;
15:51:08;8078;49,98;
15:51:11;8076;49,97;
15:51:14;8066;49,97;
15:51:17;8062;49,97;
15:51:20;8062;49,96;
15:51:26;8018;49,97;
15:51:29;8012;49,97;
15:51:32;8074;49,96;
15:51:35;8078;49,96;
15:51:38;8092;49,97;
15:51:44;8034;49,97;
15:51:47;8102;49,97;
15:51:50;8062;49,97;
15:51:53;8052;49,98;
15:51:56;7998;49,98;
15:51:59;8080;49,98;
15:52:02;8032;49,98;
15:52:05;8042;49,98;
15:52:11;6578;49,97;
15:52:14;6260;49,97;
15:52:17;5032;49,96;
15:52:20;4582;49,97;
15:52:23;4834;49,96;
15:52:26;4972;49,97;
15:52:29;4894;49,96;
15:52:32;4742;49,96;
15:52:35;7524;49,97;
15:52:38;7772;49,97;
15:52:41;7448;49,96;
15:52:44;7252;49,96;
15:52:47;7906;49,96;
15:52:50;7924;49,96;
15:52:53;8032;49,97;
15:52:56;8038;49,97;
15:52:59;8034;49,97;
15:53:02;8074;49,97;
15:53:05;8102;49,98;
15:53:11;8118;49,99;
15:53:17;8098;49,99;
15:53:20;8102;49,99;
15:53:23;8086;49,99;
15:53:26;8078;49,98;
15:53:29;8064;49,98;
15:53:32;8054;49,98;
15:53:35;7996;49,98;
15:53:38;8048;49,98;
15:53:41;8010;49,97;
15:53:47;8004;49,97;
15:53:50;8008;49,97;
15:53:56;8010;49,98;
15:53:59;7954;49,98;
15:54:02;8004;49,99;
15:54:05;8006;49,99;
15:54:08;8010;49,99;
15:54:11;8008;49,99;
15:54:14;8002;50,00;
15:54:17;7990;50,00;
15:54:23;7976;50,00;
15:54:26;7984;50,00;
15:54:29;7968;49,99;
15:54:32;7962;49,99;
15:54:35;7958;50,00;
15:54:38;7966;50,00;
15:54:41;7962;50,00;
15:54:44;7966;50,00;
15:54:47;7934;50,00;
15:54:50;7972;50,00;
15:54:53;7958;50,00;
15:54:59;7894;50,01;
15:55:02;7960;50,01;
15:55:08;7928;50,00;
15:55:11;7864;50,00;
15:55:14;7944;50,00;
15:55:17;7910;50,00;
15:55:20;7902;50,00;
15:55:23;7844;49,99;
15:55:29;7864;49,98;
15:55:32;7862;49,99;
15:55:35;7792;50,00;
15:55:38;7858;50,00;
15:55:41;7818;50,01;
15:55:44;7826;50,01;
15:55:47;7828;50,01;
15:55:50;7804;50,01;
15:55:53;7838;50,01;
15:55:56;7842;50,01;
15:55:59;7764;50,01;
15:56:02;7816;50,01;
15:56:05;7794;50,01;
15:56:08;7798;50,01;
15:56:14;7778;50,01;
15:56:20;7768;50,00;
15:56:23;7758;50,00;
15:56:26;7748;50,00;
15:56:29;7736;50,00;
15:56:32;7714;50,00;
15:56:35;7722;50,00;
15:56:41;7718;50,00;
15:56:44;7696;49,99;
15:56:47;7676;49,99;
15:56:50;7636;50,00;
15:56:53;7626;50,00;
15:56:56;7604;50,00;
15:56:59;7588;50,00;
15:57:02;7572;50,00;
15:57:05;7554;50,00;
15:57:08;7518;50,00;
15:57:11;7508;50,00;
15:57:14;7484;49,99;
15:57:20;7466;49,99;
15:57:23;7456;49,99;
15:57:26;7446;49,99;
15:57:29;7458;49,99;
15:57:32;7468;49,99;
15:57:35;7456;49,99;
15:57:38;7386;49,99;
15:57:41;7450;49,99;
15:57:44;7438;50,00;
15:57:47;7442;50,00;
15:57:50;7400;50,00;
15:57:53;7434;50,00;
15:57:56;7426;50,01;
15:57:59;7424;50,00;
15:58:02;7430;50,00;
15:58:05;7460;50,01;
15:58:08;7418;50,00;
15:58:11;7444;50,00;
15:58:14;7366;50,00;
15:58:17;7420;50,00;
15:58:20;7406;50,00;
15:58:26;7328;50,00;
15:58:29;7382;50,00;
15:58:32;7390;50,00;
15:58:35;7400;50,00;
15:58:38;7350;49,99;
15:58:41;7428;49,99;
15:58:44;7432;50,00;
15:58:47;7424;50,00;
15:58:50;7348;50,00;
15:58:53;7404;50,00;
15:58:56;7386;50,00;
15:58:59;7382;50,00;
15:59:02;7276;50,00;
15:59:05;7322;50,00;
15:59:08;7312;49,99;
15:59:11;7326;49,99;
15:59:14;7248;49,99;
15:59:17;7292;50,00;
15:59:20;7268;50,00;
15:59:23;7274;50,00;
15:59:26;7200;49,99;
15:59:32;7232;50,00;
15:59:35;7238;50,00;
15:59:38;7194;50,00;
15:59:41;7252;50,00;
15:59:44;7258;50,00;
15:59:47;7256;50,00;
15:59:50;7250;50,00;
15:59:53;7210;50,01;
15:59:56;7308;50,01;
15:59:59;7308;50,00;
16:00:02;7284;50,00;
16:00:05;7296;50,00;
16:00:08;7350;50,00;
16:00:11;7414;50,00;
16:00:16;7416;50,00;
16:00:24;7404;50,00;
16:00:28;7340;50,01;
16:00:31;7396;50,01;
16:00:35;7366;50,02;
16:00:38;7394;50,02;
16:00:41;7404;50,02;
16:00:44;7440;50,02;
16:00:47;7474;50,03;
16:00:50;7512;50,03;
16:00:53;7566;50,03;
16:00:56;7622;50,03;
16:00:59;7674;50,03;
16:01:02;7780;50,03;
16:01:05;7766;50,03;
16:01:08;7814;50,03;
16:01:11;7780;50,03;
16:01:14;7832;50,04;
16:01:17;7806;50,04;
16:01:23;7854;50,03;
16:01:26;7902;50,03;
16:01:29;7892;50,02;
16:01:32;7946;50,02;
16:01:35;7928;50,02;
16:01:38;7968;50,02;
16:01:41;7962;50,01;
16:01:44;7910;50,01;
16:01:47;7952;50,02;
16:01:50;7988;50,02;
16:01:53;7952;50,02;
16:01:56;8006;50,03;
16:01:59;7950;50,03;
16:02:02;7982;50,03;
16:02:08;7986;50,03;
16:02:11;7946;50,03;
16:02:14;8002;50,02;
16:02:17;7958;50,02;
16:02:20;8008;50,02;
16:02:23;7984;50,02;
16:02:29;8012;50,01;
16:02:32;8050;50,01;
16:02:35;7990;50,01;
16:02:38;8036;50,01;
16:02:41;7998;50,02;
16:02:44;8032;50,02;
16:02:50;8018;50,02;
16:02:53;8038;50,02;
16:02:56;8052;50,01;
16:02:59;8072;50,02;
16:03:02;8042;50,02;
16:03:05;8074;50,03;
16:03:08;8046;50,02;
16:03:11;8068;50,02;
16:03:14;8018;50,02;
16:03:17;8056;50,01;
16:03:20;8014;50,01;
16:03:23;8056;50,01;
16:03:26;8016;50,01;
16:03:29;7984;50,01;
16:03:35;8034;50,01;
16:03:38;8014;50,01;
16:03:41;8082;50,01;
16:03:44;8040;50,01;
16:03:47;8108;50,01;
16:03:50;8076;50,01;
16:03:53;8130;50,01;
16:03:56;8134;50,01;
16:03:59;8142;50,01;
16:04:02;8126;50,01;
16:04:05;8150;50,01;
16:04:08;8098;50,01;
16:04:11;8118;50,00;
16:04:14;8072;50,00;
16:04:17;8110;50,01;
16:04:20;8090;50,00;
16:04:23;8170;50,00;
16:04:26;8124;50,00;
16:04:29;8170;50,00;
16:04:32;8144;50,00;
16:04:35;8196;50,00;
16:04:41;7494;50,00;
16:04:44;6268;50,01;
16:04:47;6406;50,00;
16:04:50;7406;50,00;
16:04:53;7020;50,00;
16:04:56;7634;50,00;
16:04:59;8146;50,00;
16:05:02;8216;50,01;
16:05:05;8252;50,01;
16:05:08;8244;50,01;
16:05:11;8272;50,01;
16:05:14;8224;50,02;
16:05:17;8272;50,02;
16:05:20;8232;50,02;
16:05:26;8204;50,00;
16:05:29;8244;50,00;
16:05:32;8196;50,00;
16:05:35;8224;50,01;
16:05:38;8138;50,01;
16:05:41;8180;50,01;
16:05:44;8176;50,01;
16:05:47;8134;50,01;
16:05:50;8152;50,01;
16:05:53;8162;50,01;
16:05:56;8148;50,01;
16:05:59;8144;50,01;
16:06:02;8124;50,01;
16:06:05;8098;50,01;
16:06:08;8138;50,01;
16:06:11;8096;50,01;
16:06:14;8112;50,01;
16:06:17;8074;50,00;
16:06:20;8142;49,99;
16:06:23;8102;49,99;
16:06:26;8062;49,98;
16:06:32;8104;49,98;
16:06:35;8064;49,99;
16:06:38;8106;50,00;
16:06:41;8056;50,00;
16:06:44;8038;50,00;
16:06:47;8022;50,00;
16:06:50;8122;50,00;
16:06:53;8128;50,00;
16:06:56;8122;50,00;
16:06:59;8090;50,00;
16:07:02;8156;50,00;
16:07:05;8126;50,00;
16:07:08;8160;50,00;
16:07:11;8096;50,00;
16:07:14;8128;50,00;
16:07:17;8130;50,00;
16:07:20;8192;50,00;
16:07:23;8134;50,00;
16:07:26;8154;49,99;
16:07:29;8072;49,99;
16:07:32;7790;50,00;
16:07:38;7228;50,01;
16:07:41;6724;50,01;
16:07:44;7450;50,00;
16:07:47;7794;50,00;
16:07:50;7920;50,00;
16:07:53;8002;50,00;
16:07:56;8024;50,00;
16:07:59;8028;50,00;
16:08:02;7938;50,00;
16:08:05;7842;50,00;
16:08:08;7928;50,00;
16:08:11;7736;50,00;
16:08:14;7798;50,00;
16:08:17;7998;49,99;
16:08:20;8120;50,00;
16:08:23;8040;50,00;
16:08:26;8140;50,00;
16:08:29;8148;50,00;
16:08:32;8138;50,00;
16:08:35;8074;50,00;
16:08:38;8158;49,99;
16:08:44;8196;49,99;
16:08:47;8134;49,99;
16:08:50;8204;49,98;
16:08:53;8208;49,98;
16:08:56;8212;49,98;
16:08:59;8180;49,98;
16:09:02;8184;49,99;
16:09:05;8208;49,99;
16:09:08;8212;49,99;
16:09:11;8208;49,99;
16:09:14;8224;50,00;
16:09:17;8220;50,00;
16:09:20;8192;50,00;
16:09:23;8184;50,00;
16:09:26;8116;50,00;
16:09:29;8192;50,00;
16:09:32;8204;50,00;
16:09:35;8192;50,00;
16:09:38;8180;49,99;
16:09:41;8188;49,99;
16:09:44;8196;49,99;
16:09:50;8188;49,99;
16:09:53;8208;49,99;
16:09:56;8204;49,99;
16:09:59;8208;49,99;
16:10:02;8130;49,99;
16:10:05;8182;50,00;
16:10:08;8164;50,00;
16:10:11;8170;50,00;
16:10:14;8092;50,00;
16:10:17;8158;50,00;
16:10:20;8134;50,00;
16:10:23;8160;50,00;
16:10:26;8092;50,00;
16:10:29;8158;49,99;
16:10:35;8148;49,99;
16:10:38;8094;49,99;
16:10:41;8172;49,98;
16:10:44;8140;49,99;
16:10:47;8164;49,98;
16:10:50;8116;49,98;
16:10:53;8174;49,99;
16:10:56;8166;49,98;
16:10:59;8158;49,98;
16:11:02;8126;49,98;
16:11:05;8154;49,98;
16:11:08;8140;49,98;
16:11:11;8134;49,98;
16:11:14;8122;49,98;
16:11:17;8082;49,98;
16:11:20;8118;49,98;
16:11:23;8090;49,98;
16:11:26;8094;49,98;
16:11:29;8110;49,98;
16:11:32;8112;49,98;
16:11:35;8120;49,98;
16:11:41;8106;49,98;
16:11:44;8096;49,98;
16:11:47;8114;49,98;
16:11:50;8118;49,99;
16:11:53;8100;49,99;
16:11:56;8102;49,99;
16:11:59;8062;49,99;
16:12:02;8086;49,99;
16:12:05;8076;49,98;
16:12:08;8068;49,98;
16:12:11;8044;49,99;
16:12:14;8038;49,99;
16:12:17;8034;49,99;
16:12:20;8030;50,00;
16:12:23;8006;50,00;
16:12:26;8054;49,99;
16:12:29;8058;49,98;
16:12:32;8060;49,98;
16:12:35;8036;49,98;
16:12:38;8030;49,98;
16:12:47;8000;49,98;
16:12:50;7978;49,98;
16:12:53;7940;49,98;
16:12:56;7950;49,98;
16:12:59;7938;49,99;
16:13:02;7922;49,99;
16:13:05;7838;50,00;
16:13:08;7890;50,00;
16:13:11;7886;50,00;
16:13:14;7890;50,00;
16:13:17;7872;49,99;
16:13:20;7860;49,99;
16:13:23;7838;50,00;
16:13:26;7826;50,00;
16:13:29;7750;50,00;
16:13:32;7770;50,00;
16:13:35;7760;49,99;
16:13:38;7762;49,99;
16:13:41;7744;49,99;
16:13:44;7740;49,99;
16:13:47;7710;49,99;
16:13:53;7668;49,99;
16:13:56;7678;50,00;
16:13:59;7668;50,00;
16:14:02;7676;50,00;
16:14:05;7626;50,01;
16:14:08;7638;50,01;
16:14:11;7624;50,01;
16:14:14;7586;50,01;
16:14:17;7588;50,00;
16:14:20;7626;50,00;
16:14:23;7604;50,00;
16:14:26;7588;50,00;
16:14:29;7600;50,01;
16:14:32;7604;50,01;
16:14:41;7590;50,01;
16:14:44;7548;50,01;
16:14:47;7536;50,02;
16:14:50;7528;50,02;
16:14:53;7540;50,02;
16:14:56;7488;50,02;
16:14:59;7542;50,01;
16:15:02;7508;50,02;
16:15:05;7502;50,01;
16:15:08;7488;50,02;
16:15:11;7474;50,02;
16:15:14;7450;50,02;
16:15:17;7450;50,01;
16:15:20;7394;50,01;
16:15:23;7446;50,01;
16:15:26;7420;50,01;
16:15:29;7408;50,01;
16:15:32;7436;50,01;
16:15:35;7450;50,01;
16:15:38;7436;50,01;
16:15:44;7446;50,01;
16:15:47;7440;50,02;
16:15:50;7402;50,02;
16:15:53;7386;50,03;
16:15:56;7354;50,03;
16:15:59;7358;50,03;
16:16:02;7360;50,03;
16:16:05;7346;50,03;
16:16:08;7322;50,03;
16:16:11;7330;50,03;
16:16:14;7292;50,03;
16:16:17;7302;50,02;
16:16:20;7228;50,02;
16:16:23;7276;50,02;
16:16:26;7266;50,02;
16:16:29;7256;50,02;
16:16:32;7164;50,02;
16:16:35;7218;50,01;
16:16:38;7212;50,02;
16:16:41;7218;50,02;
16:16:44;7164;50,02;
16:16:50;7250;50,01;
16:16:53;7252;50,01;
16:16:56;7250;50,01;
16:17:02;7258;50,01;
16:17:05;7252;50,01;
16:17:08;7212;50,01;
16:17:11;7228;50,00;
16:17:14;7284;50,00;
16:17:17;7304;50,00;
16:17:20;7248;50,01;
16:17:23;7306;50,01;
16:17:26;7294;50,01;
16:17:29;7340;50,01;
16:17:32;7352;50,01;
16:17:35;7304;50,01;
16:17:38;7246;50,02;
16:17:41;7268;50,01;
16:17:44;7210;50,01;
16:17:47;7240;50,01;
16:17:50;7174;50,00;
16:17:56;7174;50,01;
16:17:59;7200;50,01;
16:18:02;7096;50,02;
16:18:05;7106;50,01;
16:18:08;7044;50,01;
16:18:11;7066;50,01;
16:18:14;7030;50,01;
16:18:17;6982;50,01;
16:18:20;6908;50,00;
16:18:23;6936;50,00;
16:18:26;6874;50,00;
16:18:29;6888;50,01;
16:18:32;6798;50,01;
16:18:35;6836;50,01;
16:18:38;6834;50,00;
16:18:41;6788;50,00;
16:18:44;6622;50,00;
16:18:47;6638;50,00;
16:18:50;6644;50,00;
16:18:53;6662;50,00;
16:18:56;6652;50,00;
16:18:59;6590;50,00;
16:19:02;6604;50,00;
16:19:05;6540;50,00;
16:19:08;6550;50,00;
16:19:11;6516;50,00;
16:19:14;6504;50,00;
16:19:17;6450;50,01;
16:19:20;6468;50,01;
16:19:23;6448;50,01;
16:19:26;6398;50,00;
16:19:29;6294;49,99;
16:19:32;6312;49,99;
16:19:35;6214;50,00;
16:19:38;6216;50,00;
16:19:41;6144;50,00;
16:19:47;6064;49,99;
16:19:50;6046;49,99;
16:19:53;5954;50,00;
16:19:56;5996;50,00;
16:19:59;5982;50,01;
16:20:02;6010;50,01;
16:20:05;6000;50,01;
16:20:08;5952;50,01;
16:20:11;5804;50,00;
16:20:14;5712;50,00;
16:20:17;5518;49,99;
16:20:20;5456;49,99;
16:20:23;5282;50,00;
16:20:26;5248;50,00;
16:20:29;5164;50,00;
16:20:32;5008;49,99;
16:20:35;4800;49,99;
16:20:38;4770;49,99;
16:20:41;4656;49,99;
16:20:44;4630;50,00;
16:20:47;4520;50,00;
16:20:53;4480;50,01;
16:20:56;4474;50,01;
16:20:59;4366;50,00;
16:21:02;4362;50,00;
16:21:05;4206;50,00;
16:21:08;4136;50,00;
16:21:11;4074;50,00;
16:21:14;3972;50,01;
16:21:17;3859;50,01;
16:21:20;3793;50,01;
16:21:23;3687;50,00;
16:21:26;3681;50,00;
16:21:29;3616;50,00;
16:21:32;3605;50,00;
16:21:35;3590;49,99;
16:21:38;3552;49,99;
16:21:41;3496;49,99;
16:21:44;3481;49,99;
16:21:47;3396;50,00;
16:21:50;3383;50,00;
16:21:53;3287;50,01;
16:21:59;3186;50,01;
16:22:02;3157;50,01;
16:22:05;3063;50,00;
16:22:08;3031;50,00;
16:22:11;2969;50,00;
16:22:14;2927;50,00;
16:22:17;2905;50,01;
16:22:20;2870;50,01;
16:22:23;2811;50,00;
16:22:26;2772;50,00;
16:22:29;2747;50,00;
16:22:32;2728;50,00;
16:22:35;2713;50,00;
16:22:38;2697;50,00;
16:22:41;2696;50,00;
16:22:44;2664;50,00;
16:22:47;2648;50,00;
16:22:50;2627;50,00;
16:22:53;2627;50,01;
16:22:56;2617;50,00;
16:22:59;2624;50,01;
16:23:05;2630;50,01;
16:23:08;2629;50,01;
16:23:11;2638;50,01;
16:23:14;2623;50,01;
16:23:17;2660;50,00;
16:23:20;2671;50,00;
16:23:23;2674;50,00;
16:23:26;2680;50,00;
16:23:29;2688;50,00;
16:23:32;2682;50,00;
16:23:35;2685;50,00;
16:23:38;2660;50,00;
16:23:41;2675;50,00;
16:23:44;2661;50,00;
16:23:50;2625;50,00;
16:23:53;2636;50,00;
16:23:56;2612;50,00;
16:23:59;2603;50,00;
16:24:02;2564;50,00;
16:24:05;2577;50,00;
16:24:08;2568;50,00;
16:24:11;2567;50,01;
16:24:14;2535;50,00;
16:24:17;2536;50,00;
16:24:20;2540;50,00;
16:24:23;2528;50,00;
16:24:26;2524;50,00;
16:24:29;2514;50,00;
16:24:32;2521;50,00;
16:24:35;2507;50,00;
16:24:38;2500;50,00;
16:24:41;2480;50,01;
16:24:44;2489;50,01;
16:24:47;2481;50,00;
16:24:50;2472;50,00;
16:24:56;2459;50,00;
16:24:59;2452;50,00;
16:25:02;2454;50,00;
16:25:05;2439;50,01;
16:25:08;2452;50,00;
16:25:11;2444;50,01;
16:25:14;2448;50,00;
16:25:17;2439;50,00;
16:25:20;2452;50,00;
16:25:23;2443;50,00;
16:25:26;2447;50,00;
16:25:29;2444;50,00;
16:25:32;2450;50,00;
16:25:35;2437;50,01;
16:25:38;2449;50,00;
16:25:41;2444;50,01;
16:25:44;2456;50,00;
16:25:47;2450;50,00;
16:25:50;2467;50,00;
16:25:53;2459;50,00;
16:25:56;2467;50,00;
16:26:02;2469;50,00;
16:26:05;2464;50,00;
16:26:08;2484;50,00;
16:26:11;2482;50,00;
16:26:14;2504;49,99;
16:26:17;2499;50,00;
16:26:20;2512;49,99;
16:26:23;2513;49,99;
16:26:26;2524;49,98;
16:26:29;2511;49,98;
16:26:32;2513;49,97;
16:26:35;2502;49,97;
16:26:38;2504;49,96;
16:26:41;2485;49,96;
16:26:44;2490;49,97;
16:26:47;2474;49,98;
16:26:50;2473;49,98;
16:26:53;2457;49,98;
16:26:56;2463;49,98;
16:26:59;2453;49,98;
16:27:02;2462;49,98;
16:27:08;2469;49,98;
16:27:11;2464;49,98;
16:27:14;2473;49,98;
16:27:17;2468;49,98;
16:27:20;2480;49,98;
16:27:23;2482;49,98;
16:27:26;2473;49,98;
16:27:29;2479;49,98;
16:27:32;2483;49,98;
16:27:35;2481;49,98;
16:27:38;2479;49,98;
16:27:41;2478;49,98;
16:27:44;2476;49,99;
16:27:47;2474;50,00;
16:27:50;2468;50,00;
16:27:53;2472;50,00;
16:27:56;2468;50,00;
16:27:59;2467;50,00;
16:28:02;2453;50,00;
16:28:05;2460;50,00;
16:28:08;2439;50,00;
16:28:11;2450;50,00;
16:28:17;2461;49,99;
16:28:20;2453;49,99;
16:28:23;2466;49,99;
16:28:26;2456;49,99;
16:28:29;2471;50,00;
16:28:32;2466;50,00;
16:28:35;2471;50,00;
16:28:38;2460;50,00;
16:28:41;2480;50,00;
16:28:47;2502;50,00;
16:28:50;2494;50,00;
16:28:53;2534;50,00;
16:28:59;2575;49,99;
16:29:05;2620;49,99;
16:29:08;2634;49,99;
16:29:11;2659;49,99;
16:29:14;2661;49,99;
16:29:17;2691;50,00;
16:29:20;2708;49,99;
16:29:23;2744;49,99;
16:29:26;2741;49,99;
16:29:29;2765;49,99;
16:29:32;2779;49,99;
16:29:35;2792;50,00;
16:29:38;2795;50,00;
16:29:41;2778;50,00;
16:29:44;2782;50,01;
16:29:47;2803;50,00;
16:29:50;2792;50,00;
16:29:53;2817;50,00;
16:29:56;2807;50,00;
16:29:59;2830;50,00;
16:30:05;2839;50,00;
16:30:08;2837;50,00;
16:30:11;2843;50,00;
16:30:14;2831;50,00;
16:30:17;2856;50,00;
16:30:23;2847;50,00;
16:30:26;2855;50,00;
16:30:29;2836;50,00;
16:30:32;2828;50,00;
16:30:35;2802;50,01;
16:30:38;2798;50,01;
16:30:41;2778;50,01;
16:30:44;2771;50,00;
16:30:47;2755;50,00;
16:30:50;2745;50,00;
16:30:53;2729;50,00;
16:30:56;2721;50,00;
16:30:59;2709;50,01;
16:31:02;2708;50,01;
16:31:05;2721;50,01;
16:31:11;2730;50,01;
16:31:14;2728;50,01;
16:31:17;2727;50,01;
16:31:20;2730;50,01;
16:31:23;2735;50,01;
16:31:26;2741;50,01;
16:31:29;2733;50,01;
16:31:32;2758;50,01;
16:31:35;2776;50,01;
16:31:38;2779;50,01;
16:31:41;2782;50,01;
16:31:44;2778;50,01;
16:31:47;2766;50,01;
16:31:50;2758;50,01;
16:31:53;2739;50,01;
16:31:56;2745;50,01;
16:31:59;2762;50,01;
16:32:02;2772;50,02;
16:32:05;2774;50,02;
16:32:08;2773;50,02;
16:32:11;2770;50,01;
16:32:17;2798;50,01;
16:32:20;2797;50,01;
16:32:23;2808;50,00;
16:32:26;2820;50,00;
16:32:29;2814;50,00;
16:32:32;2821;50,00;
16:32:35;2808;50,00;
16:32:38;2793;50,00;
16:32:41;2807;50,00;
16:32:44;2812;50,01;
16:32:47;2810;50,01;
16:32:50;2802;50,00;
16:32:53;2798;50,00;
16:32:56;2787;50,00;
16:33:02;2763;50,00;
16:33:05;2752;50,00;
16:33:08;2741;50,00;
16:33:11;2740;50,00;
16:33:14;2746;49,99;
16:33:17;2752;50,00;
16:33:20;2742;50,00;
16:33:23;2751;50,00;
16:33:26;2758;50,00;
16:33:29;2770;50,00;
16:33:32;2795;50,00;
16:33:35;2804;50,00;
16:33:38;2817;49,99;
16:33:41;2822;49,99;
16:33:44;2811;49,99;
16:33:47;2858;49,98;
16:33:50;2920;49,99;
16:33:53;2954;49,99;
16:33:56;3004;49,99;
16:33:59;3014;49,99;
16:34:02;3032;49,99;
16:34:08;3055;50,00;
16:34:11;3060;50,00;
16:34:14;3059;50,00;
16:34:17;3055;50,00;
16:34:20;3052;50,00;
16:34:23;3049;50,00;
16:34:26;3038;50,00;
16:34:29;3045;50,00;
16:34:32;2992;49,99;
16:34:35;2980;50,00;
16:34:38;2971;50,00;
16:34:41;2970;50,00;
16:34:44;2962;50,00;
16:34:47;2955;50,00;
16:34:50;2941;50,00;
16:34:53;2942;50,00;
16:34:56;2930;50,00;
16:34:59;2925;50,00;
16:35:02;2931;50,00;
16:35:05;2943;50,00;
16:35:08;2974;50,00;
16:35:14;2986;50,00;
16:35:17;2992;50,00;
16:35:20;2988;49,99;
16:35:23;2996;49,99;
16:35:26;2995;49,99;
16:35:29;3009;49,99;
16:35:32;2993;49,99;
16:35:35;2984;49,99;
16:35:38;3013;49,99;
16:35:41;3060;49,98;
16:35:44;3081;49,98;
16:35:47;3115;49,98;
16:35:50;3107;49,98;
16:35:53;3113;49,98;
16:35:56;3086;49,98;
16:35:59;3014;50,00;
16:36:02;2952;50,00;
16:36:05;2934;49,99;
16:36:08;2859;49,98;
16:36:11;2873;49,98;
16:36:14;2865;49,98;
16:36:20;2882;49,98;
16:36:23;2904;49,97;
16:36:26;2897;49,97;
16:36:29;2917;49,98;
16:36:32;2904;49,98;
16:36:35;2926;49,98;
16:36:41;2913;49,98;
16:36:44;2917;49,98;
16:36:47;2947;49,98;
16:36:50;2952;49,99;
16:36:53;2984;49,99;
16:36:56;3010;49,99;
16:36:59;3044;49,99;
16:37:05;3092;50,00;
16:37:08;3105;49,99;
16:37:11;3133;49,99;
16:37:14;3143;49,99;
16:37:17;3154;49,99;
16:37:20;3177;49,99;
16:37:23;3188;49,99;
16:37:26;3218;49,99;
16:37:29;3245;49,99;
16:37:32;3265;49,98;
16:37:35;3270;49,98;
16:37:38;3285;49,99;
16:37:41;3278;49,98;
16:37:44;3315;49,98;
16:37:47;3319;49,98;
16:37:50;3323;49,98;
16:37:53;3285;49,98;
16:37:56;3307;49,98;
16:37:59;3261;49,98;
16:38:02;3244;49,98;
16:38:05;3196;49,99;
16:38:11;3250;50,00;
16:38:14;3274;49,99;
16:38:17;3299;49,99;
16:38:20;3346;49,98;
16:38:23;3352;49,99;
16:38:26;3374;49,98;
16:38:29;3390;49,99;
16:38:32;3377;49,99;
16:38:35;3483;49,99;
16:38:38;3519;49,99;
16:38:41;3508;49,99;
16:38:44;3526;50,00;
16:38:47;3515;50,00;
16:38:50;3525;50,00;
16:38:53;3511;50,01;
16:38:56;3469;50,01;
16:38:59;3443;50,00;
16:39:02;3462;50,00;
16:39:05;3443;50,00;
16:39:08;3475;50,00;
16:39:11;3493;49,99;
16:39:17;3578;49,98;
16:39:20;3626;49,98;
16:39:23;3654;49,98;
16:39:26;3691;49,98;
16:39:29;3695;49,97;
16:39:32;3733;49,97;
16:39:35;3758;49,97;
16:39:38;3768;49,97;
16:39:41;3779;49,98;
16:39:44;3795;49,98;
16:39:47;3792;49,98;
16:39:50;3840;49,98;
16:39:53;3893;49,98;
16:39:56;3924;49,98;
16:39:59;3951;49,98;
16:40:02;3992;49,98;
16:40:05;3991;49,98;
16:40:08;4005;49,98;
16:40:11;3948;49,98;
16:40:14;3949;49,98;
16:40:17;3895;49,98;
16:40:23;3861;49,98;
16:40:26;3852;49,98;
16:40:29;3859;49,98;
16:40:32;3875;49,98;
16:40:35;3870;49,99;
16:40:38;3868;49,99;
16:40:41;3892;49,99;
16:40:44;3895;50,00;
16:40:47;3922;50,00;
16:40:50;3902;49,99;
16:40:53;3945;49,99;
16:40:56;3938;49,99;
16:40:59;3983;49,99;
16:41:02;3954;49,99;
16:41:05;3990;50,00;
16:41:08;4001;50,00;
16:41:11;4032;49,99;
16:41:14;3999;49,99;
16:41:17;4028;49,99;
16:41:20;4012;49,99;
16:41:23;4053;50,00;
16:41:29;4067;50,00;
16:41:32;4049;50,00;
16:41:35;4083;50,00;
16:41:38;4079;50,00;
16:41:41;4112;50,00;
16:41:44;4110;50,00;
16:41:47;4150;50,00;
16:41:50;4152;50,00;
16:41:53;4162;50,00;
16:41:56;4166;49,99;
16:41:59;4214;49,99;
16:42:02;4206;49,99;
16:42:05;4238;50,00;
16:42:08;4252;50,00;
16:42:14;4300;50,00;
16:42:17;4356;49,99;
16:42:20;4404;49,99;
16:42:23;4454;49,99;
16:42:26;4466;49,98;
16:42:29;4496;49,98;
16:42:32;4526;49,98;
16:42:35;4548;49,98;
16:42:38;4610;49,98;
16:42:41;4618;49,98;
16:42:44;4630;49,98;
16:42:47;4600;49,98;
16:42:50;4682;49,99;
16:42:53;4690;49,99;
16:42:56;4722;49,99;
16:42:59;4708;49,99;
16:43:02;4740;49,99;
16:43:05;4746;49,99;
16:43:08;4688;49,98;
16:43:11;4724;49,98;
16:43:14;4722;49,98;
16:43:20;4758;49,98;
16:43:23;4804;49,98;
16:43:26;4788;49,98;
16:43:29;4776;49,98;
16:43:32;4694;49,98;
16:43:35;4660;49,98;
16:43:38;4684;49,98;
16:43:41;4690;49,98;
16:43:44;4812;49,98;
16:43:50;4908;49,98;
16:43:53;4908;49,97;
16:43:56;4964;49,97;
16:43:59;4932;49,97;
16:44:02;4994;49,98;
16:44:05;4980;49,98;
16:44:08;4972;49,98;
16:44:11;4910;49,98;
16:44:14;4922;49,98;
16:44:17;4862;49,98;
16:44:20;4772;49,98;
16:44:26;4830;49,99;
16:44:29;4898;49,99;
16:44:32;4920;50,00;
16:44:35;4838;50,00;
16:44:38;4958;50,01;
16:44:41;4990;50,01;
16:44:44;4992;50,01;
16:44:47;5006;50,01;
16:44:50;5038;50,01;
16:44:53;5046;50,01;
16:44:56;5108;50,01;
16:44:59;5092;50,01;
16:45:02;5174;50,01;
16:45:05;5154;50,01;
16:45:08;5150;50,01;
16:45:11;5092;50,00;
16:45:14;5180;50,00;
16:45:17;5202;50,00;
16:45:20;5260;50,00;
16:45:23;5244;50,00;
16:45:26;5284;50,00;
16:45:32;5302;50,01;
16:45:35;5300;50,01;
16:45:38;5332;50,01;
16:45:41;5314;50,01;
16:45:44;5278;50,01;
16:45:47;5262;50,01;
16:45:50;5232;50,01;
16:45:53;5264;50,01;
16:45:56;5258;50,01;
16:45:59;5244;50,01;
16:46:02;5210;50,01;
16:46:05;5202;50,01;
16:46:08;5180;50,00;
16:46:11;5192;50,00;
16:46:17;5070;50,02;
16:46:20;5026;50,02;
16:46:23;5050;50,02;
16:46:26;5038;50,01;
16:46:29;5076;50,01;
16:46:32;5060;50,01;
16:46:35;5074;50,01;
16:46:38;5046;50,00;
16:46:41;4956;50,00;
16:46:44;4916;50,00;
16:46:47;4924;50,00;
16:46:50;4894;50,00;
16:46:53;4912;50,00;
16:46:56;4896;50,00;
16:46:59;4914;50,00;
16:47:02;4868;50,00;
16:47:05;4860;50,00;
16:47:08;4836;49,99;
16:47:11;4884;49,98;
16:47:14;4870;49,98;
16:47:17;4930;49,99;
16:47:23;4938;50,00;
16:47:26;4890;50,00;
16:47:29;4866;50,00;
16:47:32;4844;50,01;
16:47:35;4880;50,00;
16:47:38;4854;50,00;
16:47:41;4880;50,00;
16:47:44;4872;50,00;
16:47:47;4826;49,99;
16:47:50;4784;49,99;
16:47:53;4798;49,99;
16:47:56;4776;49,99;
16:47:59;4804;49,99;
16:48:02;4782;49,99;
16:48:05;4816;49,99;
16:48:08;4800;49,99;
16:48:11;4788;49,99;
16:48:14;4736;49,99;
16:48:17;4758;49,98;
16:48:20;4736;49,98;
16:48:23;4718;49,98;
16:48:29;4700;49,97;
16:48:32;4710;49,97;
16:48:35;4738;49,97;
16:48:38;4720;49,97;
16:48:41;4736;49,98;
16:48:44;4734;49,98;
16:48:47;4728;49,98;
16:48:50;4756;49,98;
16:48:53;4766;49,98;
16:48:56;4762;49,98;
16:48:59;4720;49,98;
16:49:02;4716;49,98;
16:49:05;4764;49,97;
16:49:08;4776;49,97;
16:49:11;4736;49,97;
16:49:14;4624;49,97;
16:49:17;4600;49,96;
16:49:20;4620;49,96;
16:49:23;4642;49,96;
16:49:26;4636;49,97;
16:49:29;4576;49,97;
16:49:35;4422;49,98;
16:49:38;4364;49,98;
16:49:41;4310;49,98;
16:49:47;4312;49,98;
16:49:50;4298;49,98;
16:49:53;4256;49,98;
16:49:56;4276;49,98;
16:49:59;4202;49,98;
16:50:02;4210;49,98;
16:50:05;4328;49,98;
16:50:08;4422;49,98;
16:50:11;4560;49,99;
16:50:14;4580;49,99;
16:50:17;4528;49,98;
16:50:20;4488;49,98;
16:50:23;4532;49,97;
16:50:26;4560;49,96;
16:50:29;4580;49,97;
16:50:32;4608;49,97;
16:50:35;4644;49,97;
16:50:41;4670;49,98;
16:50:44;4672;49,98;
16:50:47;4646;49,98;
16:50:50;4542;49,98;
16:50:53;4446;49,98;
16:50:56;4288;49,98;
16:50:59;4216;49,99;
16:51:02;4146;49,99;
16:51:05;4074;50,00;
16:51:08;4076;50,00;
16:51:11;4074;49,99;
16:51:14;3978;49,99;
16:51:17;3906;49,99;
16:51:20;3830;49,98;
16:51:26;3889;49,98;
16:51:29;3957;49,98;
16:51:32;4102;49,98;
16:51:35;4170;49,98;
16:51:38;4278;49,98;
16:51:41;4308;49,98;
16:51:44;4282;49,98;
16:51:47;4308;49,98;
16:51:50;4186;49,99;
16:51:53;4134;49,99;
16:51:56;4071;49,99;
16:51:59;4064;49,99;
16:52:02;4120;50,00;
16:52:05;4172;50,00;
16:52:08;4152;50,00;
16:52:11;4140;50,00;
16:52:14;4142;50,00;
16:52:20;4114;50,00;
16:52:23;4076;50,00;
16:52:26;4023;50,00;
16:52:32;3967;50,00;
16:52:35;3925;50,00;
16:52:38;3808;50,00;
16:52:41;3743;50,00;
16:52:44;3614;50,00;
16:52:47;3562;50,01;
16:52:50;3484;50,00;
16:52:53;3457;50,00;
16:52:56;3406;50,00;
16:52:59;3409;50,00;
16:53:02;3391;50,01;
16:53:05;3371;50,01;
16:53:08;3334;50,00;
16:53:11;3324;50,00;
16:53:14;3277;50,00;
16:53:17;3219;50,01;
16:53:20;3135;50,01;
16:53:23;3110;50,01;
16:53:26;3051;50,00;
16:53:29;2993;50,00;
16:53:32;2861;50,00;
16:53:38;2801;50,01;
16:53:41;2823;50,01;
16:53:44;2821;50,01;
16:53:47;2827;50,01;
16:53:50;2793;50,01;
16:53:53;2810;50,01;
16:53:56;2802;50,01;
16:53:59;2794;50,01;
16:54:02;2693;50,01;
16:54:05;2735;50,00;
16:54:08;2823;50,00;
16:54:11;2887;50,00;
16:54:14;2897;50,00;
16:54:17;2926;50,00;
16:54:20;2929;50,00;
16:54:23;2973;50,00;
16:54:26;3072;50,00;
16:54:29;3139;49,99;
16:54:32;3119;50,00;
16:54:35;3171;50,00;
16:54:38;3230;50,00;
16:54:44;3330;50,00;
16:54:47;3366;50,00;
16:54:50;3318;50,00;
16:54:53;3301;50,00;
16:54:56;3196;50,00;
16:54:59;3182;50,00;
16:55:02;3125;50,00;
16:55:05;3051;50,00;
16:55:08;2845;50,00;
16:55:11;2834;49,99;
16:55:14;2819;49,99;
16:55:17;2810;49,99;
16:55:20;2794;49,99;
16:55:23;2706;50,00;
16:55:29;2552;50,00;
16:55:32;2533;50,00;
16:55:35;2524;50,00;
16:55:38;2542;49,99;
16:55:41;2574;49,98;
16:55:44;2595;49,98;
16:55:47;2596;49,98;
16:55:50;2585;49,98;
16:55:53;2610;49,99;
16:55:56;2668;49,99;
16:55:59;2751;50,00;
16:56:02;2810;50,00;
16:56:05;2867;50,00;
16:56:08;2895;49,99;
16:56:11;2921;49,99;
16:56:14;2972;49,99;
16:56:17;3031;49,98;
16:56:20;3083;49,99;
16:56:23;3070;49,99;
16:56:26;3041;50,00;
16:56:29;3013;50,00;
16:56:35;3085;50,01;
16:56:38;3114;50,01;
16:56:41;3186;50,00;
16:56:44;3248;50,00;
16:56:47;3335;50,00;
16:56:50;3371;50,00;
16:56:53;3407;50,01;
16:56:56;3433;50,01;
16:56:59;3407;50,01;
16:57:02;3411;50,01;
16:57:05;3417;50,01;
16:57:08;3456;50,01;
16:57:11;3448;50,01;
16:57:14;3457;50,01;
16:57:17;3455;50,01;
16:57:20;3490;50,01;
16:57:23;3547;50,01;
16:57:26;3608;50,01;
16:57:29;3586;50,01;
16:57:32;3567;50,01;
16:57:35;3517;50,00;
16:57:41;3584;50,01;
16:57:44;3594;50,01;
16:57:47;3522;50,01;
16:57:50;3491;50,01;
16:57:53;3391;50,01;
16:57:56;3418;50,01;
16:57:59;3470;50,01;
16:58:02;3554;50,02;
16:58:05;3681;50,03;
16:58:08;3649;50,03;
16:58:11;3576;50,03;
16:58:14;3638;50,03;
16:58:17;3779;50,02;
16:58:20;3847;50,02;
16:58:23;3893;50,02;
16:58:26;3882;50,02;
16:58:29;3842;50,01;
16:58:32;3797;50,01;
16:58:35;3668;50,01;
16:58:38;3594;50,01;
16:58:41;3399;50,01;
16:58:47;3182;50,00;
16:58:50;3131;50,01;
16:58:53;3116;50,01;
16:58:56;3132;50,01;
16:58:59;3275;50,01;
16:59:02;3339;50,01;
16:59:05;3464;50,01;
16:59:08;3554;50,01;
16:59:11;3562;50,01;
16:59:14;3488;50,01;
16:59:17;3561;50,01;
16:59:20;3590;50,01;
16:59:23;3586;50,01;
16:59:26;3545;50,02;
16:59:29;3561;50,02;
16:59:32;3530;50,02;
16:59:35;3545;50,02;
16:59:38;3541;50,03;
16:59:41;3596;50,03;
16:59:44;3691;50,02;
16:59:47;3860;50,02;
16:59:53;3908;50,03;
16:59:56;4092;50,02;
16:59:59;4104;50,02;
17:00:02;4084;50,02;
17:00:05;4178;50,02;
17:00:08;4232;50,02;
17:00:11;4282;50,02;
17:00:14;4328;50,02;
17:00:17;4442;50,02;
17:00:20;4534;50,02;
17:00:23;4572;50,02;
17:00:26;4610;50,03;
17:00:29;4634;50,02;
17:00:32;4586;50,03;
17:00:38;4448;50,04;
17:00:41;4428;50,04;
17:00:44;4350;50,05;
17:00:47;4346;50,04;
17:00:50;4316;50,04;
17:00:53;4338;50,04;
17:00:56;4354;50,04;
17:00:59;4360;50,05;
17:01:02;4270;50,05;
17:01:05;4288;50,05;
17:01:08;4210;50,03;
17:01:11;4196;50,03;
17:01:14;4114;50,02;
17:01:17;4204;50,02;
17:01:20;4242;50,03;
17:01:23;4374;50,03;
17:01:26;4456;50,03;
17:01:29;4558;50,03;
17:01:32;4608;50,03;
17:01:35;4632;50,03;
17:01:38;4672;50,03;
17:01:44;4878;50,03;
17:01:47;4894;50,03;
17:01:50;4866;50,03;
17:01:53;4860;50,03;
17:01:56;4866;50,03;
17:01:59;4826;50,03;
17:02:02;4814;50,03;
17:02:05;4782;50,03;
17:02:08;4708;50,03;
17:02:11;4656;50,03;
17:02:14;4612;50,03;
17:02:17;4592;50,02;
17:02:20;4654;50,02;
17:02:23;4664;50,01;
17:02:26;4694;50,01;
17:02:29;4708;50,02;
17:02:32;4654;50,02;
17:02:35;4584;50,02;
17:02:38;4544;50,01;
17:02:41;4574;50,01;
17:02:44;4766;50,01;
17:02:50;4948;50,01;
17:02:53;4964;50,01;
17:02:56;5052;50,01;
17:02:59;5058;50,01;
17:03:02;5052;50,01;
17:03:05;5004;50,01;
17:03:08;5082;50,01;
17:03:11;5132;50,01;
17:03:14;5294;50,01;
17:03:17;5276;50,01;
17:03:20;5334;50,01;
17:03:23;5322;50,01;
17:03:26;5332;50,00;
17:03:29;5282;50,01;
17:03:32;5336;50,01;
17:03:35;5328;50,00;
17:03:38;5350;50,00;
17:03:41;5302;50,00;
17:03:44;5362;50,00;
17:03:47;5364;50,00;
17:03:50;5362;50,00;
17:03:56;5336;50,00;
17:03:59;5338;50,00;
17:04:02;5334;50,00;
17:04:05;5328;50,00;
17:04:08;5358;50,01;
17:04:11;5374;50,01;
17:04:14;5380;50,01;
17:04:17;5398;50,01;
17:04:20;5416;50,00;
17:04:23;5420;50,00;
17:04:26;5426;50,00;
17:04:29;5406;49,99;
17:04:32;5446;49,98;
17:04:35;5450;49,98;
17:04:41;5366;49,98;
17:04:44;5458;49,99;
17:04:47;5468;49,99;
17:04:50;5458;49,99;
17:04:53;5454;49,99;
17:04:56;5442;49,99;
17:04:59;5468;49,99;
17:05:02;5460;50,00;
17:05:05;5464;50,00;
17:05:08;5426;50,00;
17:05:11;5480;50,00;
17:05:14;5464;50,00;
17:05:17;5492;49,99;
17:05:20;5450;49,98;
17:05:23;5496;49,98;
17:05:26;5476;49,99;
17:05:29;5504;49,99;
17:05:32;5460;49,99;
17:05:35;5498;50,00;
17:05:38;5444;50,00;
17:05:41;5448;50,01;
17:05:47;5442;50,00;
17:05:50;5398;50,00;
17:05:53;5444;50,00;
17:05:56;5400;50,00;
17:05:59;5422;49,99;
17:06:02;5368;49,98;
17:06:05;5424;49,98;
17:06:08;5434;49,98;
17:06:11;5462;49,98;
17:06:14;5416;49,98;
17:06:17;5474;49,98;
17:06:20;5436;49,98;
17:06:23;5478;49,99;
17:06:26;5418;49,99;
17:06:29;5470;49,99;
17:06:32;5426;49,99;
17:06:35;5456;49,99;
17:06:38;5398;49,99;
17:06:41;5422;50,00;
17:06:44;5384;50,00;
17:06:47;5382;50,00;
17:06:53;5362;50,00;
17:06:56;5344;50,00;
17:06:59;5340;49,99;
17:07:02;5318;49,98;
17:07:05;5316;49,98;
17:07:08;5308;49,98;
17:07:11;5282;49,98;
17:07:14;5294;49,98;
17:07:17;5292;50,00;
17:07:20;5290;50,00;
17:07:23;5280;49,99;
17:07:26;5278;49,99;
17:07:29;5264;49,99;
17:07:32;5250;49,99;
17:07:35;5190;49,98;
17:07:38;5214;49,98;
17:07:41;5196;49,98;
17:07:44;5194;49,98;
17:07:47;5184;49,98;
17:07:50;5176;49,98;
17:07:53;5174;49,98;
17:07:59;5196;49,99;
17:08:02;5204;49,98;
17:08:05;5210;49,98;
17:08:08;5214;49,98;
17:08:11;5216;49,98;
17:08:14;5212;49,98;
17:08:17;5186;49,98;
17:08:23;5122;49,99;
17:08:26;5056;49,98;
17:08:29;5072;49,97;
17:08:32;4932;49,97;
17:08:35;3814;49,97;
17:08:38;3037;49,98;
17:08:41;2535;49,98;
17:08:44;2164;49,98;
17:08:47;2040;49,99;
17:08:50;1958;49,99;
17:08:53;1867;49,99;
17:08:56;1865;49,99;
17:08:59;1820;49,99;
17:09:02;1892;49,99;
17:09:05;2058;49,99;
17:09:08;2459;49,99;
17:09:11;2599;50,00;
17:09:14;4069;50,00;
17:09:17;4786;50,00;
17:09:20;4910;50,00;
17:09:26;4826;50,00;
17:09:29;4358;50,00;
17:09:32;3399;49,99;
17:09:35;2752;49,99;
17:09:38;2027;49,98;
17:09:41;1976;49,98;
17:09:44;2650;49,97;
17:09:50;3679;49,96;
17:09:53;4328;49,96;
17:09:56;4734;49,96;
17:09:59;4602;49,97;
17:10:02;4518;49,98;
17:10:05;4428;49,98;
17:10:08;4362;49,98;
17:10:11;4348;49,98;
17:10:14;4802;49,98;
17:10:17;4822;49,97;
17:10:20;4806;49,98;
17:10:23;4788;49,98;
17:10:26;4758;49,98;
17:10:29;4744;49,98;
17:10:32;4734;49,98;
17:10:35;4716;49,98;
17:10:38;4700;49,98;
17:10:41;4744;49,98;
17:10:44;4800;49,98;
17:10:47;4840;49,99;
17:10:50;4938;49,99;
17:10:56;5034;49,99;
17:10:59;5036;49,99;
17:11:02;5052;49,98;
17:11:05;5050;49,99;
17:11:08;5032;49,99;
17:11:11;5016;49,99;
17:11:14;4946;49,99;
17:11:17;4988;49,99;
17:11:20;4960;49,98;
17:11:23;4944;49,98;
17:11:26;4898;49,99;
17:11:29;4854;49,99;
17:11:32;4754;49,99;
17:11:35;4692;49,99;
17:11:38;4580;49,99;
17:11:41;3999;49,99;
17:11:44;3018;49,99;
17:11:47;3155;49,99;
17:11:50;2751;49,99;
17:11:53;2484;49,99;
17:11:56;1851;49,98;
17:12:02;1425;49,98;
17:12:05;1436;49,98;
17:12:08;1614;49,98;
17:12:11;2179;49,98;
17:12:14;3685;49,98;
17:12:17;3921;49,98;
17:12:20;3948;49,98;
17:12:23;3590;49,98;
17:12:26;1830;49,98;
17:12:29;1779;49,98;
17:12:32;1742;49,98;
17:12:35;1738;49,98;
17:12:38;2308;49,98;
17:12:41;2792;49,98;
17:12:44;3406;49,98;
17:12:47;3455;49,98;
17:12:50;3011;49,97;
17:12:53;3210;49,98;
17:12:56;3531;49,98;
17:12:59;3345;49,98;
17:13:02;2550;49,98;
17:13:08;1254;49,99;
17:13:11;1150;49,99;
17:13:14;1111;49,99;
17:13:17;1069;49,99;
17:13:20;1118;49,99;
17:13:23;1137;49,99;
17:13:26;1166;49,99;
17:13:29;1179;49,99;
17:13:32;1191;49,98;
17:13:35;1255;49,98;
17:13:38;1262;49,98;
17:13:41;1186;49,98;
17:13:44;1183;49,98;
17:13:47;1165;49,98;
17:13:53;1160;49,98;
17:13:56;1164;49,98;
17:13:59;1159;49,98;
17:14:02;1153;49,98;
17:14:05;1160;49,98;
17:14:08;1166;49,98;
17:14:11;1171;49,98;
17:14:14;1189;49,98;
17:14:17;1315;49,98;
17:14:20;1691;49,98;
17:14:23;3667;49,98;
17:14:26;4266;49,98;
17:14:29;4448;49,98;
17:14:32;4480;49,98;
17:14:35;4536;49,98;
17:14:38;4552;49,98;
17:14:44;4590;49,98;
17:14:47;4582;49,99;
17:14:50;4598;49,99;
17:14:53;4556;50,00;
17:14:59;4504;50,00;
17:15:02;4502;50,00;
17:15:05;4554;50,00;
17:15:08;4584;50,00;
17:15:11;4578;50,00;
17:15:14;4600;50,00;
17:15:17;4586;50,00;
17:15:20;4536;50,01;
17:15:23;4510;50,01;
17:15:26;4532;50,01;
17:15:29;4476;50,01;
17:15:32;4516;50,01;
17:15:35;4486;50,01;
17:15:38;4532;50,01;
17:15:41;4528;50,01;
17:15:44;4506;50,01;
17:15:47;4462;50,01;
17:15:50;4502;50,01;
17:15:53;4484;50,01;
17:15:56;4524;50,01;
17:15:59;4484;50,02;
17:16:05;4464;50,02;
17:16:08;4484;50,02;
17:16:11;4436;50,02;
17:16:14;4444;50,02;
17:16:17;4372;50,02;
17:16:20;4382;50,02;
17:16:23;4386;50,02;
17:16:26;4386;50,01;
17:16:29;4420;50,01;
17:16:32;4456;50,01;
17:16:35;4442;50,00;
17:16:38;4452;50,00;
17:16:41;4432;50,00;
17:16:44;4482;50,01;
17:16:47;4500;50,01;
17:16:50;4518;50,02;
17:16:53;4442;50,01;
17:16:56;4496;50,01;
17:16:59;4494;50,01;
17:17:02;4488;50,01;
17:17:05;4470;50,01;
17:17:11;4468;50,01;
17:17:14;4470;50,01;
17:17:17;4480;50,01;
17:17:20;4438;50,01;
17:17:23;4472;50,01;
17:17:26;4442;50,01;
17:17:29;4450;50,01;
17:17:32;4436;50,01;
17:17:35;4422;50,01;
17:17:38;4406;50,01;
17:17:41;4416;50,01;
17:17:44;4446;50,01;
17:17:47;4388;50,01;
17:17:50;4412;50,01;
17:17:56;4376;50,00;
17:17:59;4384;50,00;
17:18:02;4400;50,00;
17:18:05;4436;50,00;
17:18:08;4440;50,00;
17:18:11;4464;50,00;
17:18:14;4462;50,00;
17:18:17;4450;50,00;
17:18:20;4458;50,01;
17:18:23;4482;50,01;
17:18:26;4458;50,00;
17:18:29;4476;50,00;
17:18:32;4424;49,99;
17:18:35;4458;49,99;
17:18:38;4456;49,99;
17:18:41;4454;49,99;
17:18:44;4412;49,99;
17:18:47;4450;49,99;
17:18:50;4412;49,98;
17:18:53;4430;49,99;
17:18:56;4376;49,99;
17:19:02;4398;49,99;
17:19:05;4420;49,99;
17:19:08;4364;49,99;
17:19:11;4416;50,00;
17:19:14;4392;50,00;
17:19:17;4422;50,01;
17:19:20;4424;50,01;
17:19:23;4378;50,00;
17:19:26;4422;50,00;
17:19:29;4446;50,00;
17:19:32;4382;50,00;
17:19:35;4434;50,00;
17:19:38;4402;50,00;
17:19:41;4422;50,00;
17:19:44;4410;50,00;
17:19:47;4286;50,00;
17:19:50;3686;49,99;
17:19:53;3675;50,00;
17:19:56;4046;50,00;
17:19:59;3790;50,00;
17:20:02;3258;50,00;
17:20:08;4234;50,00;
17:20:11;4362;50,00;
17:20:14;4352;50,00;
17:20:17;4326;50,00;
17:20:20;4390;50,00;
17:20:23;4380;50,00;
17:20:26;4396;49,99;
17:20:29;4416;49,99;
17:20:32;4422;49,99;
17:20:35;4366;50,00;
17:20:38;4416;49,99;
17:20:41;4390;49,99;
17:20:44;4416;49,99;
17:20:47;4360;49,99;
17:20:50;4412;49,99;
17:20:53;4382;49,99;
17:20:56;4390;49,99;
17:20:59;4328;49,98;
17:21:02;4376;49,98;
17:21:05;4356;49,98;
17:21:08;4380;49,98;
17:21:14;4370;49,99;
17:21:17;4350;49,99;
17:21:20;4364;49,99;
17:21:23;4306;49,99;
17:21:26;4352;49,99;
17:21:29;4322;49,99;
17:21:32;4340;49,98;
17:21:35;4338;49,98;
17:21:38;4350;49,99;
17:21:41;4332;49,98;
17:21:44;4360;49,98;
17:21:47;4300;49,98;
17:21:50;4356;49,98;
17:21:53;4336;49,98;
17:21:56;4356;49,98;
17:21:59;4294;49,98;
17:22:02;4344;49,98;
17:22:05;4332;49,98;
17:22:08;4336;49,98;
17:22:11;4244;49,98;
17:22:14;4350;49,98;
17:22:20;4352;49,98;
17:22:23;4286;49,98;
17:22:26;4348;49,98;
17:22:29;4328;49,97;
17:22:32;4346;49,97;
17:22:35;4276;49,98;
17:22:38;4340;49,98;
17:22:41;4342;49,99;
17:22:44;4346;50,00;
17:22:47;4280;50,00;
17:22:50;4350;50,00;
17:22:53;4346;50,00;
17:22:56;4360;50,00;
17:22:59;4298;49,99;
17:23:05;4362;50,00;
17:23:08;4362;49,99;
17:23:11;4340;49,99;
17:23:14;4340;49,98;
17:23:17;4386;49,99;
17:23:20;4372;49,99;
17:23:23;4386;49,99;
17:23:26;4384;50,00;
17:23:29;4400;50,00;
17:23:32;4388;50,00;
17:23:35;4402;50,00;
17:23:38;4346;50,00;
17:23:41;4420;50,00;
17:23:44;4412;50,00;
17:23:47;4426;50,00;
17:23:50;4354;50,00;
17:23:53;4428;50,00;
17:23:56;4412;50,00;
17:23:59;4426;49,99;
17:24:02;4346;49,99;
17:24:05;4416;50,00;
17:24:11;4406;50,00;
17:24:14;4332;49,99;
17:24:17;4396;49,98;
17:24:20;4378;49,98;
17:24:23;4386;49,98;
17:24:26;4320;49,98;
17:24:29;4382;49,98;
17:24:32;4380;49,98;
17:24:35;4368;49,98;
17:24:38;4306;49,98;
17:24:41;4358;49,98;
17:24:44;4340;49,98;
17:24:47;4338;49,98;
17:24:50;4280;49,98;
17:24:53;4326;49,98;
17:24:56;4262;49,98;
17:24:59;4306;49,98;
17:25:02;4248;49,98;
17:25:05;4302;49,98;
17:25:08;4272;49,98;
17:25:11;4294;49,98;
17:25:17;4282;49,98;
17:25:20;4270;49,98;
17:25:23;4262;49,98;
17:25:26;4246;49,97;
17:25:29;4244;49,97;
17:25:32;4236;49,96;
17:25:35;4190;49,96;
17:25:38;4208;49,96;
17:25:41;4206;49,97;
17:25:44;4240;49,97;
17:25:47;4256;49,96;
17:25:53;4246;49,96;
17:25:56;4244;49,96;
17:25:59;4214;49,97;
17:26:02;4240;49,98;
17:26:05;4238;49,98;
17:26:11;4242;49,97;
17:26:14;4272;49,97;
17:26:17;4276;49,97;
17:26:23;4288;49,97;
17:26:26;4284;49,97;
17:26:29;4270;49,97;
17:26:32;4268;49,97;
17:26:35;4272;49,97;
17:26:38;4276;49,97;
17:26:41;4204;49,97;
17:26:44;4276;49,97;
17:26:47;4262;49,98;
17:26:50;4246;49,98;
17:26:53;4228;49,97;
17:26:56;4214;49,97;
17:26:59;4200;49,97;
17:27:02;4180;49,96;
17:27:08;4176;49,96;
17:27:11;4166;49,97;
17:27:14;4118;49,97;
17:27:17;4002;49,97;
17:27:20;3654;49,97;
17:27:23;3609;49,97;
17:27:26;3810;49,97;
17:27:29;3901;49,98;
17:27:32;3988;49,98;
17:27:35;3959;49,97;
17:27:38;3955;49,97;
17:27:41;3987;49,97;
17:27:44;4083;49,97;
17:27:47;4066;49,97;
17:27:50;4022;49,97;
17:27:53;3751;49,98;
17:27:56;3893;49,98;
17:27:59;3896;49,98;
17:28:02;3860;49,98;
17:28:05;3667;49,98;
17:28:08;3703;49,99;
17:28:14;3994;49,98;
17:28:17;3991;49,98;
17:28:20;4040;49,98;
17:28:23;4039;49,97;
17:28:26;4026;49,96;
17:28:29;4029;49,96;
17:28:32;4001;49,96;
17:28:35;4047;49,96;
17:28:38;4041;49,97;
17:28:41;4035;49,97;
17:28:44;4029;49,97;
17:28:47;4030;49,97;
17:28:50;4044;49,98;
17:28:53;4045;49,98;
17:28:56;3992;49,98;
17:28:59;4035;49,99;
17:29:02;4028;49,99;
17:29:05;4023;49,99;
17:29:08;4017;49,98;
17:29:11;4018;49,98;
17:29:14;4021;49,99;
17:29:20;4023;49,99;
17:29:23;4025;49,99;
17:29:26;4028;49,99;
17:29:29;4026;49,99;
17:29:32;4012;50,00;
17:29:35;4005;50,00;
17:29:38;3973;50,00;
17:29:41;3983;50,00;
17:29:44;3978;50,00;
17:29:47;3984;50,00;
17:29:53;3976;50,00;
17:29:56;3942;50,00;
17:29:59;3905;50,00;
17:30:02;3830;50,00;
17:30:05;3825;50,00;
17:30:08;3947;50,00;
17:30:11;3934;50,00;
17:30:14;3931;50,00;
17:30:17;3958;50,00;
17:30:20;3952;50,00;
17:30:26;3915;50,00;
17:30:29;3918;49,99;
17:30:32;3902;49,99;
17:30:35;3931;49,99;
17:30:38;3930;49,99;
17:30:41;3946;50,00;
17:30:44;3951;50,00;
17:30:47;3918;50,00;
17:30:50;3933;50,01;
17:30:53;3939;50,01;
17:30:56;3894;50,01;
17:30:59;3923;50,01;
17:31:02;3906;50,00;
17:31:08;3901;50,00;
17:31:11;3894;50,00;
17:31:14;3879;50,00;
17:31:17;3878;49,99;
17:31:20;3828;49,99;
17:31:23;3866;49,99;
17:31:26;3854;49,99;
17:31:32;3860;49,99;
17:31:35;3854;50,00;
17:31:38;3853;50,00;
17:31:41;3847;50,00;
17:31:44;3843;50,00;
17:31:47;3839;50,00;
17:31:50;3837;50,00;
17:31:53;3832;50,00;
17:31:56;3830;49,99;
17:31:59;3826;49,99;
17:32:02;3825;49,99;
17:32:05;3820;49,99;
17:32:11;3815;49,99;
17:32:17;3802;49,99;
17:32:20;3798;49,99;
17:32:23;3792;49,99;
17:32:26;3789;50,00;
17:32:29;3781;50,00;
17:32:32;3777;50,00;
17:32:35;3741;50,00;
17:32:38;3766;50,00;
17:32:41;3740;50,00;
17:32:44;3734;50,00;
17:32:47;3722;50,00;
17:32:50;3723;50,01;
17:32:53;3722;50,01;
17:32:56;3720;50,01;
17:32:59;3696;50,01;
17:33:02;3711;50,01;
17:33:08;3713;50,01;
17:33:11;3702;50,01;
17:33:14;3714;50,01;
17:33:17;3708;50,00;
17:33:23;3691;50,00;
17:33:26;3707;50,00;
17:33:29;3697;49,99;
17:33:32;3711;49,99;
17:33:35;3678;49,98;
17:33:38;3702;49,98;
17:33:41;3700;49,98;
17:33:44;3684;49,98;
17:33:47;3655;49,98;
17:33:50;3690;49,98;
17:33:53;3672;49,98;
17:33:56;3686;49,99;
17:33:59;3648;49,99;
17:34:02;3685;49,99;
17:34:05;3688;49,99;
17:34:08;3684;49,99;
17:34:11;3647;49,99;
17:34:14;3681;49,99;
17:34:17;3663;49,99;
17:34:20;3681;49,99;
17:34:23;3649;49,99;
17:34:29;3664;50,00;
17:34:32;3673;50,00;
17:34:35;3648;50,00;
17:34:38;3678;50,00;
17:34:41;3656;49,99;
17:34:44;3684;49,99;
17:34:50;3659;49,99;
17:34:56;3680;49,99;
17:34:59;3664;49,99;
17:35:02;3676;49,99;
17:35:05;3654;49,99;
17:35:08;3671;49,99;
17:35:11;3667;49,98;
17:35:14;3662;49,98;
17:35:17;3639;49,98;
17:35:20;3642;49,98;
17:35:23;3644;49,98;
17:35:26;3651;49,98;
17:35:29;3643;49,97;
17:35:35;3637;49,97;
17:35:38;3625;49,97;
17:35:41;3632;49,97;
17:35:44;3603;49,98;
17:35:47;3625;49,98;
17:35:50;3608;49,99;
17:35:53;3620;49,99;
17:35:56;3618;49,99;
17:35:59;3616;50,00;
17:36:02;3607;50,00;
17:36:08;3599;49,98;
17:36:11;3598;49,98;
17:36:14;3586;49,97;
17:36:20;3577;49,97;
17:36:23;3583;49,97;
17:36:26;3577;49,97;
17:36:29;3583;49,97;
17:36:32;3560;49,97;
17:36:35;3578;49,98;
17:36:38;3573;49,97;
17:36:41;3572;49,98;
17:36:44;3522;49,98;
17:36:47;3567;49,98;
17:36:50;3560;50,00;
17:36:53;3563;50,00;
17:36:56;3516;50,00;
17:36:59;3555;50,00;
17:37:02;3553;49,99;
17:37:05;3551;49,99;
17:37:08;3516;49,98;
17:37:11;3549;49,98;
17:37:14;3476;49,98;
17:37:17;3549;49,98;
17:37:20;3505;49,99;
17:37:26;3471;49,99;
17:37:29;3542;49,99;
17:37:32;3500;49,99;
17:37:35;3537;49,99;
17:37:38;3459;49,99;
17:37:41;3526;49,99;
17:37:44;3532;49,99;
17:37:47;3497;49,99;
17:37:50;3451;49,98;
17:37:53;3510;49,98;
17:37:56;3477;49,98;
17:37:59;3522;49,98;
17:38:02;3498;49,98;
17:38:05;3516;49,97;
17:38:08;3514;49,97;
17:38:11;3513;49,97;
17:38:14;3459;49,97;
17:38:17;3479;49,97;
17:38:20;3485;49,97;
17:38:23;3504;49,97;
17:38:26;3474;49,97;
17:38:32;3486;49,96;
17:38:35;3481;49,96;
17:38:38;3494;49,97;
17:38:41;3414;49,96;
17:38:44;3490;49,96;
17:38:47;3466;49,97;
17:38:50;3490;49,96;
17:38:53;3478;49,96;
17:38:56;3482;49,96;
17:38:59;3460;49,97;
17:39:02;3478;49,98;
17:39:05;3457;49,98;
17:39:08;3475;49,97;
17:39:11;3457;49,98;
17:39:14;3471;49,98;
17:39:17;3394;49,98;
17:39:20;3468;49,98;
17:39:23;3452;49,98;
17:39:26;3466;49,98;
17:39:29;3441;49,98;
17:39:32;3460;49,98;
17:39:38;3459;49,99;
17:39:41;3379;49,98;
17:39:44;3452;49,99;
17:39:47;3436;49,98;
17:39:50;3448;49,98;
17:39:53;3373;49,98;
17:39:56;3434;49,98;
17:39:59;3443;49,98;
17:40:02;3438;49,98;
17:40:05;3363;49,98;
17:40:08;3436;49,98;
17:40:11;3420;49,98;
17:40:14;3433;49,97;
17:40:17;3372;49,97;
17:40:20;3398;49,97;
17:40:23;3412;49,98;
17:40:26;3425;49,98;
17:40:29;3393;49,98;
17:40:32;3362;49,98;
17:40:35;3407;49,98;
17:40:38;3409;49,99;
17:40:41;3411;49,99;
17:40:44;3347;49,99;
17:40:47;3388;50,00;
17:40:50;3393;49,99;
17:40:53;3382;50,00;
17:40:56;3389;50,00;
17:40:59;3374;50,00;
17:41:02;3386;50,00;
17:41:05;3387;49,99;
17:41:08;3385;49,98;
17:41:11;3361;49,97;
17:41:14;3379;49,97;
17:41:17;3356;49,98;
17:41:20;3368;49,98;
17:41:23;3359;49,98;
17:41:29;3360;49,98;
17:41:32;3343;49,97;
17:41:35;3361;49,98;
17:41:38;3359;49,97;
17:41:41;3366;49,98;
17:41:44;3315;49,98;
17:41:47;3362;49,98;
17:41:50;3359;49,99;
17:41:53;3356;49,99;
17:41:56;3300;49,99;
17:41:59;3354;49,99;
17:42:02;3334;49,99;
17:42:05;3350;49,99;
17:42:08;3291;49,99;
17:42:11;3348;49,99;
17:42:14;3329;49,99;
17:42:17;3344;49,99;
17:42:20;3285;49,99;
17:42:23;3340;49,99;
17:42:26;3320;49,99;
17:42:29;3336;49,99;
17:42:35;3334;49,99;
17:42:38;3315;49,99;
17:42:41;3332;49,99;
17:42:44;3274;49,99;
17:42:47;3331;49,99;
17:42:50;3310;49,98;
17:42:53;3328;49,98;
17:42:59;3326;49,98;
17:43:02;3306;49,99;
17:43:05;3325;50,00;
17:43:08;3263;49,99;
17:43:11;3320;49,99;
17:43:14;3300;50,00;
17:43:17;3322;50,00;
17:43:20;3276;50,00;
17:43:23;3325;49,99;
17:43:26;3306;49,99;
17:43:29;3323;49,99;
17:43:32;3300;49,99;
17:43:35;3324;49,99;
17:43:41;3323;49,99;
17:43:44;3322;49,99;
17:43:47;3325;49,99;
17:43:50;3322;50,00;
17:43:53;3325;50,00;
17:43:56;3326;50,00;
17:43:59;3264;50,00;
17:44:02;3323;50,00;
17:44:05;3323;49,99;
17:44:08;3324;49,99;
17:44:11;3325;49,99;
17:44:17;3324;49,99;
17:44:23;3267;49,99;
17:44:26;3324;49,99;
17:44:29;3323;49,99;
17:44:32;3324;50,00;
17:44:35;3326;50,00;
17:44:38;3329;50,00;
17:44:41;3333;50,00;
17:44:47;3330;50,01;
17:44:50;3329;50,01;
17:44:53;3332;50,01;
17:44:56;3333;50,01;
17:44:59;3331;50,01;
17:45:02;3333;50,01;
17:45:05;3288;50,01;
17:45:08;3334;50,01;
17:45:11;3304;50,01;
17:45:14;3333;50,00;
17:45:17;3283;50,00;
17:45:20;3329;50,00;
17:45:23;3297;50,00;
17:45:26;3330;50,00;
17:45:32;3332;50,00;
17:45:35;3289;50,00;
17:45:38;3330;49,99;
17:45:41;3311;50,00;
17:45:44;3329;50,00;
17:45:47;3284;50,00;
17:45:50;3328;50,00;
17:45:53;3327;50,01;
17:45:56;3321;50,01;
17:45:59;3271;50,01;
17:46:02;3316;50,01;
17:46:05;3292;50,01;
17:46:08;3300;50,01;
17:46:11;3242;50,01;
17:46:14;3284;50,01;
17:46:17;3279;50,01;
17:46:20;3303;50,00;
17:46:23;3259;50,00;
17:46:26;3302;50,00;
17:46:29;3293;50,01;
17:46:32;3298;50,01;
17:46:38;3299;50,00;
17:46:41;3297;50,00;
17:46:44;3299;50,00;
17:46:47;3292;50,00;
17:46:53;3294;50,00;
17:46:56;3278;50,00;
17:46:59;3293;50,00;
17:47:02;3289;50,00;
17:47:05;3286;50,01;
17:47:08;3282;50,01;
17:47:11;3277;50,01;
17:47:14;3265;50,01;
17:47:17;3262;50,00;
17:47:20;3247;50,01;
17:47:23;3255;50,00;
17:47:29;3251;50,00;
17:47:32;3243;50,00;
17:47:35;3247;50,00;
17:47:38;3241;50,00;
17:47:44;3238;49,99;
17:47:47;3233;50,00;
17:47:50;3229;49,99;
17:47:53;3226;49,99;
17:47:56;3221;49,99;
17:47:59;3218;49,99;
17:48:02;3166;49,99;
17:48:05;3214;50,00;
17:48:08;3210;49,99;
17:48:11;3207;49,99;
17:48:14;3212;49,99;
17:48:17;3214;50,00;
17:48:20;3210;50,00;
17:48:23;3210;50,01;
17:48:26;3178;50,01;
17:48:29;3186;50,00;
17:48:32;3177;50,00;
17:48:35;3176;50,00;
17:48:38;3166;50,00;
17:48:41;3185;50,00;
17:48:44;3181;49,99;
17:48:50;3176;50,00;
17:48:53;3188;50,00;
17:48:56;3175;50,00;
17:48:59;3183;50,00;
17:49:02;3120;50,00;
17:49:05;3171;50,00;
17:49:08;3169;49,99;
17:49:11;3157;50,00;
17:49:14;3104;49,99;
17:49:17;3149;49,99;
17:49:20;3142;49,99;
17:49:23;3150;49,99;
17:49:26;3137;49,98;
17:49:32;3130;49,98;
17:49:35;3131;49,97;
17:49:38;3102;49,98;
17:49:41;3131;49,98;
17:49:44;3133;49,98;
17:49:47;3123;49,99;
17:49:50;3108;49,98;
17:49:53;3063;49,99;
17:49:56;3102;50,00;
17:49:59;3086;50,00;
17:50:02;3074;50,01;
17:50:05;3039;50,00;
17:50:08;2968;50,00;
17:50:11;2518;50,00;
17:50:14;2397;50,00;
17:50:17;2331;50,00;
17:50:20;2722;50,00;
17:50:23;3026;49,99;
17:50:26;3034;49,99;
17:50:29;3013;49,98;
17:50:32;2994;49,99;
17:50:35;2949;49,99;
17:50:41;3031;49,98;
17:50:44;3028;49,98;
17:50:47;3021;49,97;
17:50:53;3022;49,97;
17:50:59;3010;49,98;
17:51:02;3015;49,98;
17:51:11;3009;49,98;
17:51:14;2989;49,98;
17:51:17;2956;49,98;
17:51:20;2972;49,98;
17:51:23;2971;49,98;
17:51:26;2989;49,98;
17:51:29;2978;49,98;
17:51:32;2982;49,98;
17:51:35;2974;49,98;
17:51:38;2977;49,98;
17:51:41;2963;49,99;
17:51:47;2976;50,00;
17:51:50;2983;50,00;
17:51:53;2981;50,01;
17:51:56;2979;50,01;
17:51:59;2971;50,01;
17:52:02;2982;50,01;
17:52:05;2976;50,01;
17:52:08;2944;50,00;
17:52:11;2961;50,00;
17:52:14;2981;50,00;
17:52:17;2961;50,00;
17:52:20;2976;50,00;
17:52:23;2951;49,99;
17:52:26;2965;49,99;
17:52:29;2963;49,99;
17:52:32;2960;49,99;
17:52:35;2933;49,99;
17:52:38;2949;49,99;
17:52:41;2928;49,99;
17:52:44;2949;50,00;
17:52:47;2924;50,00;
17:52:53;2923;50,00;
17:52:56;2938;50,00;
17:52:59;2919;50,00;
17:53:02;2931;50,00;
17:53:05;2913;50,00;
17:53:08;2926;50,00;
17:53:11;2921;50,00;
17:53:14;2905;50,00;
17:53:17;2895;49,99;
17:53:20;2914;49,99;
17:53:23;2902;49,99;
17:53:26;2914;49,99;
17:53:29;2896;50,00;
17:53:32;2898;50,00;
17:53:35;2901;50,00;
17:53:41;2899;50,00;
17:53:44;2894;50,00;
17:53:47;2897;49,99;
17:53:53;2901;49,99;
17:53:59;2865;49,99;
17:54:02;2872;49,99;
17:54:08;2852;49,99;
17:54:11;2846;49,99;
17:54:14;2857;49,99;
17:54:17;2862;49,99;
17:54:20;2849;49,98;
17:54:23;2879;49,98;
17:54:26;2891;49,98;
17:54:29;2888;49,98;
17:54:32;2874;49,98;
17:54:35;2877;49,98;
17:54:38;2829;49,99;
17:54:44;2781;49,99;
17:54:47;2816;49,98;
17:54:50;2776;49,99;
17:54:53;2760;50,00;
17:54:56;2673;50,00;
17:54:59;2661;50,00;
17:55:02;2648;50,00;
17:55:05;2573;50,00;
17:55:08;2553;50,00;
17:55:11;2560;50,01;
17:55:14;2538;50,00;
17:55:17;2498;50,00;
17:55:20;2376;50,00;
17:55:23;2454;50,00;
17:55:26;2441;50,00;
17:55:29;2340;50,00;
17:55:32;1953;50,00;
17:55:35;1610;50,00;
17:55:38;1291;50,00;
17:55:41;1234;50,00;
17:55:44;1541;50,00;
17:55:50;2565;50,01;
17:55:53;2766;50,01;
17:55:56;2795;50,00;
17:55:59;2812;50,01;
17:56:02;2824;50,01;
17:56:05;2806;50,01;
17:56:08;2820;50,01;
17:56:11;2834;50,01;
17:56:14;2828;50,00;
17:56:17;2821;50,00;
17:56:20;2753;50,00;
17:56:23;2760;50,00;
17:56:26;2761;50,00;
17:56:29;2751;50,00;
17:56:32;2714;50,00;
17:56:35;2628;50,00;
17:56:38;2404;50,00;
17:56:41;2259;50,00;
17:56:44;1899;49,99;
17:56:47;1760;49,99;
17:56:50;1786;49,99;
17:56:56;1727;50,00;
17:56:59;1648;50,00;
17:57:02;1521;50,00;
17:57:05;1512;49,99;
17:57:08;1553;50,00;
17:57:11;1505;50,00;
17:57:14;1542;49,99;
17:57:17;1753;49,99;
17:57:20;2570;49,98;
17:57:23;2628;49,98;
17:57:26;2669;49,98;
17:57:29;2683;49,98;
17:57:32;2656;49,98;
17:57:35;2580;49,98;
17:57:38;2577;49,98;
17:57:41;2582;49,98;
17:57:44;2457;49,98;
17:57:47;2432;49,98;
17:57:50;2447;49,98;
17:57:53;2384;49,99;
17:57:56;1984;50,00;
17:58:02;1763;50,01;
17:58:05;1743;50,01;
17:58:08;1830;50,00;
17:58:11;1775;50,00;
17:58:14;1779;50,00;
17:58:17;1752;50,00;
17:58:20;1696;50,00;
17:58:23;1672;50,00;
17:58:26;2183;49,99;
17:58:29;2357;49,99;
17:58:32;2555;49,99;
17:58:35;2571;49,98;
17:58:38;2608;49,98;
17:58:41;2623;49,99;
17:58:47;2607;49,99;
17:58:50;2615;49,99;
17:58:53;2610;49,99;
17:58:56;2611;50,00;
17:58:59;2588;50,00;
17:59:02;2594;50,01;
17:59:05;2591;50,01;
17:59:08;2585;50,01;
17:59:11;2567;50,01;
17:59:14;2580;50,01;
17:59:17;2566;50,01;
17:59:20;2568;50,01;
17:59:23;2546;50,01;
17:59:26;2555;50,01;
17:59:29;2551;50,00;
17:59:32;2547;50,00;
17:59:35;2524;50,00;
17:59:38;2537;50,00;
17:59:41;2533;50,00;
17:59:44;2525;50,00;
17:59:47;2516;50,00;
17:59:53;2526;50,01;
17:59:56;2514;50,01;
18:00:02;2508;50,01;
18:00:05;2516;50,00;
18:00:08;2506;50,00;
18:00:11;2513;49,99;
18:00:14;2512;49,99;
18:00:17;2504;49,98;
18:00:20;2493;49,98;
18:00:23;2501;49,98;
18:00:26;2494;49,98;
18:00:29;2500;49,99;
18:00:32;2484;50,00;
18:00:35;2499;50,00;
18:00:38;2506;50,01;
18:00:41;2500;50,02;
18:00:44;2486;50,02;
18:00:47;2496;50,02;
18:00:50;2481;50,02;
18:00:53;2494;50,02;
18:00:59;2491;50,03;
18:01:02;2468;50,03;
18:01:05;2489;50,03;
18:01:08;2480;50,02;
18:01:11;2487;50,02;
18:01:14;2462;50,02;
18:01:17;2485;50,01;
18:01:23;2482;50,00;
18:01:26;2450;50,01;
18:01:29;2479;50,02;
18:01:32;2472;50,02;
18:01:35;2476;50,03;
18:01:38;2451;50,03;
18:01:41;2466;50,03;
18:01:44;2459;50,03;
18:01:47;2467;50,03;
18:01:50;2454;50,03;
18:01:53;2461;50,02;
18:01:56;2450;50,03;
18:01:59;2454;50,03;
18:02:05;2448;50,03;
18:02:08;2445;50,03;
18:02:11;2441;50,03;
18:02:14;2438;50,02;
18:02:17;2434;50,02;
18:02:20;2432;50,02;
18:02:23;2418;50,02;
18:02:26;2426;50,02;
18:02:29;2421;50,01;
18:02:32;2407;50,01;
18:02:35;2412;50,02;
18:02:38;2371;50,02;
18:02:41;2408;50,01;
18:02:44;2390;50,01;
18:02:47;2399;50,01;
18:02:50;2381;50,00;
18:02:53;2400;50,01;
18:02:56;2386;50,01;
18:02:59;2391;50,02;
18:03:02;2387;50,02;
18:03:05;2383;50,02;
18:03:11;2381;50,02;
18:03:14;2373;50,02;
18:03:17;2318;50,02;
18:03:20;2365;50,02;
18:03:23;2350;50,01;
18:03:26;2360;50,01;
18:03:29;2310;50,01;
18:03:32;2355;50,01;
18:03:35;2338;50,01;
18:03:38;2351;50,01;
18:03:41;2302;50,01;
18:03:44;2343;50,01;
18:03:47;2326;50,01;
18:03:50;2337;50,01;
18:03:56;2334;50,01;
18:03:59;2319;50,01;
18:04:02;2328;50,02;
18:04:05;2281;50,02;
18:04:08;2326;50,03;
18:04:11;2312;50,02;
18:04:14;2322;50,02;
18:04:17;2322;50,01;
18:04:20;2318;50,01;
18:04:23;2303;50,01;
18:04:26;2315;50,00;
18:04:29;2267;50,00;
18:04:32;2311;50,00;
18:04:35;2294;50,00;
18:04:38;2306;50,00;
18:04:41;2271;50,00;
18:04:44;2301;50,00;
18:04:47;2286;50,00;
18:04:50;2298;50,00;
18:04:53;2281;50,00;
18:04:56;2295;50,00;
18:05:02;2292;50,00;
18:05:05;2287;50,00;
18:05:08;2288;50,00;
18:05:11;2287;50,00;
18:05:14;2285;50,01;
18:05:17;2282;50,01;
18:05:20;2235;50,01;
18:05:23;2280;50,01;
18:05:26;2277;50,01;
18:05:29;2276;50,00;
18:05:32;2273;50,00;
18:05:35;2270;50,00;
18:05:38;2266;50,01;
18:05:44;2209;50,01;
18:05:47;2260;50,01;
18:05:50;2257;50,01;
18:05:53;2255;50,01;
18:05:56;2251;50,01;
18:05:59;2249;50,01;
18:06:02;2245;50,01;
18:06:08;2240;50,01;
18:06:11;2235;50,01;
18:06:14;2231;50,00;
18:06:17;2229;50,01;
18:06:20;2223;50,01;
18:06:23;2222;50,01;
18:06:26;2207;50,01;
18:06:29;2217;50,02;
18:06:32;2212;50,03;
18:06:35;2210;50,02;
18:06:38;2207;50,03;
18:06:41;2206;50,03;
18:06:44;2203;50,02;
18:06:47;2202;50,02;
18:06:50;2187;50,03;
18:06:53;2199;50,03;
18:06:56;2196;50,03;
18:06:59;2198;50,02;
18:07:02;2194;50,02;
18:07:05;2193;50,03;
18:07:08;2190;50,03;
18:07:14;2186;50,02;
18:07:17;2187;50,02;
18:07:20;2183;50,01;
18:07:23;2180;50,01;
18:07:26;2177;50,01;
18:07:29;2179;50,01;
18:07:32;2163;50,00;
18:07:35;2173;50,00;
18:07:38;2163;50,01;
18:07:41;2165;50,01;
18:07:44;2166;50,01;
18:07:47;2165;50,01;
18:07:50;2155;50,01;
18:07:53;2162;50,00;
18:07:59;2156;50,01;
18:08:02;2150;50,01;
18:08:05;2152;50,02;
18:08:11;2145;50,02;
18:08:14;2144;50,02;
18:08:17;2133;50,02;
18:08:20;2141;50,01;
18:08:23;2140;50,01;
18:08:26;2138;50,01;
18:08:29;2132;50,01;
18:08:32;2133;50,00;
18:08:35;2127;50,00;
18:08:38;2126;50,00;
18:08:41;2117;49,99;
18:08:44;2120;49,99;
18:08:47;2118;50,00;
18:08:50;2114;50,00;
18:08:53;2110;50,01;
18:08:56;2109;50,01;
18:08:59;2105;50,01;
18:09:05;2101;50,00;
18:09:11;2100;50,00;
18:09:14;2096;50,00;
18:09:17;2094;49,99;
18:09:23;2081;49,99;
18:09:26;2092;49,99;
18:09:29;2091;50,00;
18:09:35;2087;49,99;
18:09:38;2086;49,99;
18:09:41;2082;49,98;
18:09:47;2068;49,98;
18:09:50;2077;49,98;
18:09:53;2078;49,98;
18:09:56;2071;49,98;
18:09:59;2059;49,98;
18:10:02;2066;49,99;
18:10:05;2068;50,00;
18:10:11;2049;50,00;
18:10:14;2056;50,00;
18:10:17;2049;50,00;
18:10:23;2034;50,00;
18:10:26;2042;50,00;
18:10:32;2040;49,99;
18:10:35;2033;49,99;
18:10:38;2031;49,99;
18:10:41;2026;49,98;
18:10:47;2031;49,98;
18:10:50;2028;49,98;
18:10:53;2025;49,98;
18:10:56;2028;49,99;
18:10:59;2025;50,00;
18:11:02;2029;50,00;
18:11:05;2013;50,00;
18:11:08;2024;50,00;
18:11:11;2016;49,99;
18:11:17;2004;50,00;
18:11:20;2019;50,00;
18:11:23;2008;49,99;
18:11:26;2014;49,99;
18:11:29;1996;49,99;
18:11:32;2006;49,99;
18:11:35;2005;49,99;
18:11:38;1996;49,99;
18:11:41;1985;49,99;
18:11:44;1994;50,00;
18:11:47;1986;50,00;
18:11:50;1987;50,00;
18:11:53;1974;50,00;
18:11:56;1977;50,00;
18:11:59;1976;50,00;
18:12:02;1970;50,00;
18:12:05;1963;50,00;
18:12:08;1964;49,99;
18:12:14;1960;50,00;
18:12:17;1958;50,00;
18:12:20;1938;50,00;
18:12:23;1954;50,00;
18:12:26;1948;49,98;
18:12:29;1946;49,98;
18:12:32;1943;49,98;
18:12:35;1942;49,99;
18:12:38;1937;49,99;
18:12:41;1944;49,99;
18:12:44;1942;49,99;
18:12:47;1945;49,99;
18:12:50;1937;50,00;
18:12:53;1941;50,00;
18:12:56;1939;49,99;
18:12:59;1938;49,99;
18:13:02;1929;49,99;
18:13:08;1921;49,98;
18:13:11;1931;49,98;
18:13:14;1918;49,97;
18:13:17;1925;49,97;
18:13:20;1900;49,97;
18:13:23;1918;49,97;
18:13:26;1922;49,97;
18:13:29;1916;49,97;
18:13:32;1899;49,98;
18:13:35;1913;49,98;
18:13:38;1905;49,98;
18:13:41;1909;49,98;
18:13:44;1889;49,99;
18:13:47;1904;49,99;
18:13:50;1903;49,99;
18:13:53;1900;49,99;
18:13:56;1893;49,98;
18:13:59;1899;49,97;
18:14:02;1893;49,97;
18:14:05;1900;49,98;
18:14:08;1883;49,98;
18:14:14;1888;49,98;
18:14:17;1893;49,98;
18:14:20;1878;49,98;
18:14:23;1891;49,98;
18:14:26;1881;49,99;
18:14:29;1888;49,99;
18:14:32;1885;50,00;
18:14:35;1872;50,00;
18:14:38;1881;50,00;
18:14:41;1885;50,01;
18:14:44;1869;50,00;
18:14:47;1878;50,00;
18:14:50;1871;49,99;
18:14:53;1866;49,99;
18:14:56;1870;49,99;
18:14:59;1868;49,99;
18:15:02;1870;50,00;
18:15:05;1860;50,00;
18:15:08;1859;50,00;
18:15:11;1862;49,99;
18:15:14;1849;49,98;
18:15:20;1843;49,98;
18:15:23;1845;49,98;
18:15:26;1833;49,98;
18:15:29;1842;49,98;
18:15:32;1830;49,99;
18:15:35;1838;49,99;
18:15:38;1835;49,99;
18:15:41;1833;49,99;
18:15:44;1830;50,00;
18:15:47;1834;50,00;
18:15:50;1831;50,00;
18:15:53;1839;50,01;
18:15:56;1814;50,01;
18:15:59;1818;50,01;
18:16:02;1821;50,01;
18:16:05;1815;50,01;
18:16:08;1819;50,01;
18:16:11;1795;50,01;
18:16:14;1810;50,01;
18:16:17;1814;50,00;
18:16:20;1811;50,00;
18:16:26;1810;50,00;
18:16:29;1805;50,00;
18:16:32;1807;50,01;
18:16:35;1773;50,01;
18:16:38;1801;50,00;
18:16:41;1796;50,00;
18:16:44;1799;50,00;
18:16:47;1797;50,01;
18:16:50;1793;50,01;
18:16:53;1789;50,01;
18:16:59;1756;50,01;
18:17:02;1784;50,01;
18:17:05;1783;50,01;
18:17:11;1768;50,00;
18:17:14;1778;50,00;
18:17:17;1773;49,99;
18:17:23;1762;49,99;
18:17:26;1772;49,98;
18:17:29;1770;49,98;
18:17:32;1767;49,98;
18:17:35;1757;49,99;
18:17:38;1765;49,99;
18:17:41;1763;49,99;
18:17:44;1764;49,99;
18:17:47;1751;49,99;
18:17:50;1762;50,00;
18:17:53;1763;50,00;
18:17:56;1755;50,00;
18:17:59;1747;50,00;
18:18:02;1746;50,00;
18:18:05;1755;49,99;
18:18:08;1750;49,99;
18:18:11;1742;49,98;
18:18:17;1750;49,99;
18:18:20;1742;49,99;
18:18:23;1743;49,99;
18:18:26;1736;49,99;
18:18:29;1740;49,98;
18:18:32;1735;49,98;
18:18:35;1737;49,98;
18:18:38;1734;49,98;
18:18:41;1735;49,98;
18:18:44;1731;49,98;
18:18:47;1732;49,99;
18:18:50;1701;49,99;
18:18:53;1731;50,00;
18:18:56;1725;50,00;
18:18:59;1731;50,00;
18:19:02;1697;50,00;
18:19:05;1727;50,00;
18:19:08;1723;50,00;
18:19:11;1719;50,00;
18:19:14;1706;49,99;
18:19:17;1708;49,99;
18:19:23;1702;49,98;
18:19:26;1696;49,98;
18:19:29;1693;49,98;
18:19:32;1682;49,98;
18:19:35;1684;49,98;
18:19:38;1685;49,98;
18:19:41;1685;49,97;
18:19:44;1687;49,97;
18:19:47;1683;49,96;
18:19:50;1650;49,97;
18:19:53;1680;49,98;
18:19:56;1679;49,98;
18:19:59;1677;49,98;
18:20:02;1641;49,98;
18:20:05;1677;49,98;
18:20:08;1672;49,98;
18:20:11;1673;49,99;
18:20:14;1665;49,99;
18:20:17;1670;49,99;
18:20:20;1664;49,99;
18:20:23;1668;49,98;
18:20:29;1665;49,98;
18:20:32;1656;49,97;
18:20:35;1663;49,97;
18:20:38;1655;49,97;
18:20:41;1661;49,97;
18:20:44;1652;49,97;
18:20:47;1658;49,97;
18:20:50;1659;49,97;
18:20:53;1656;49,98;
18:20:56;1646;49,98;
18:20:59;1654;49,98;
18:21:02;1653;49,98;
18:21:05;1651;49,99;
18:21:08;1642;49,99;
18:21:11;1646;49,99;
18:21:14;1645;50,00;
18:21:17;1643;50,00;
18:21:20;1639;50,00;
18:21:23;1633;50,00;
18:21:26;1638;49,99;
18:21:29;1628;49,99;
18:21:32;1633;49,98;
18:21:35;1632;49,98;
18:21:41;1624;49,98;
18:21:44;1629;49,98;
18:21:47;1620;49,98;
18:21:50;1626;49,97;
18:21:53;1618;49,98;
18:21:56;1624;49,98;
18:21:59;1613;49,99;
18:22:02;1619;49,99;
18:22:05;1612;49,99;
18:22:08;1616;49,99;
18:22:11;1607;49,99;
18:22:14;1614;49,98;
18:22:20;1611;49,98;
18:22:23;1603;49,98;
18:22:26;1607;49,97;
18:22:29;1595;49,97;
18:22:32;1601;49,97;
18:22:35;1591;49,96;
18:22:38;1598;49,96;
18:22:41;1596;49,96;
18:22:44;1589;49,97;
18:22:47;1583;49,98;
18:22:50;1586;49,98;
18:22:53;1578;49,98;
18:22:56;1580;49,98;
18:22:59;1569;49,98;
18:23:02;1575;49,99;
18:23:05;1572;49,99;
18:23:08;1570;49,98;
18:23:11;1562;49,98;
18:23:14;1563;49,97;
18:23:17;1561;49,96;
18:23:20;1554;49,97;
18:23:26;1545;49,97;
18:23:29;1539;49,97;
18:23:32;1523;49,97;
18:23:35;1515;49,97;
18:23:38;1507;49,96;
18:23:41;1505;49,96;
18:23:44;1499;49,96;
18:23:47;1503;49,96;
18:23:50;1517;49,98;
18:23:53;1523;49,98;
18:23:56;1520;49,97;
18:24:02;1517;49,97;
18:24:05;1519;49,97;
18:24:08;1512;49,97;
18:24:14;1503;49,97;
18:24:17;1495;49,97;
18:24:20;1481;49,97;
18:24:23;1483;49,97;
18:24:26;1502;49,97;
18:24:32;1515;49,97;
18:24:35;1517;49,96;
18:24:38;1514;49,96;
18:24:41;1513;49,96;
18:24:44;1511;49,95;
18:24:47;1509;49,96;
18:24:50;1495;49,95;
18:24:53;1506;49,95;
18:24:56;1503;49,95;
18:24:59;1501;49,96;
18:25:02;1498;49,96;
18:25:05;1494;49,96;
18:25:08;1491;49,95;
18:25:11;1488;49,96;
18:25:14;1480;49,96;
18:25:20;1475;49,96;
18:25:23;1473;49,96;
18:25:26;1467;49,96;
18:25:29;1466;49,96;
18:25:32;1462;49,96;
18:25:38;1459;49,96;
18:25:41;1461;49,96;
18:25:44;1455;49,96;
18:25:47;1458;49,97;
18:25:50;1450;49,97;
18:25:53;1457;49,97;
18:25:56;1446;49,97;
18:25:59;1453;49,97;
18:26:02;1447;49,96;
18:26:05;1450;49,97;
18:26:08;1438;49,98;
18:26:11;1428;49,98;
18:26:14;1425;49,98;
18:26:17;1430;49,98;
18:26:23;1439;49,98;
18:26:26;1441;49,98;
18:26:29;1438;49,98;
18:26:32;1436;49,98;
18:26:35;1433;49,98;
18:26:38;1431;49,98;
18:26:41;1422;49,98;
18:26:44;1428;49,99;
18:26:47;1420;49,98;
18:26:50;1419;49,98;
18:26:53;1415;49,98;
18:26:59;1413;49,98;
18:27:02;1414;49,98;
18:27:05;1407;49,98;
18:27:08;1408;49,98;
18:27:11;1405;49,98;
18:27:14;1403;49,98;
18:27:17;1401;49,99;
18:27:20;1400;49,98;
18:27:23;1395;49,98;
18:27:29;1388;49,97;
18:27:32;1391;49,98;
18:27:35;1385;49,98;
18:27:38;1385;49,97;
18:27:41;1381;49,98;
18:27:47;1373;49,98;
18:27:50;1378;49,98;
18:27:53;1371;49,98;
18:27:59;1368;49,97;
18:28:02;1367;49,96;
18:28:08;1363;49,96;
18:28:14;1360;49,96;
18:28:17;1359;49,97;
18:28:20;1358;49,97;
18:28:23;1345;49,97;
18:28:26;1354;49,96;
18:28:29;1350;49,97;
18:28:35;1335;49,96;
18:28:38;1349;49,96;
18:28:41;1342;49,96;
18:28:44;1346;49,96;
18:28:47;1328;49,96;
18:28:50;1342;49,97;
18:28:56;1336;49,98;
18:28:59;1319;49,98;
18:29:02;1334;49,98;
18:29:05;1330;49,97;
18:29:08;1333;49,97;
18:29:11;1315;49,97;
18:29:14;1329;49,97;
18:29:20;1325;49,97;
18:29:23;1310;49,97;
18:29:26;1323;49,97;
18:29:29;1321;49,97;
18:29:32;1320;49,97;
18:29:35;1303;49,96;
18:29:41;1311;49,96;
18:29:44;1317;49,96;
18:29:47;1297;49,96;
18:29:50;1312;49,96;
18:29:53;1306;49,97;
18:29:56;1308;49,97;
18:29:59;1306;49,97;
18:30:02;1288;49,97;
18:30:05;1296;49,98;
18:30:08;1299;49,98;
18:30:11;1282;49,98;
18:30:14;1289;49,98;
18:30:17;1289;49,99;
18:30:20;1290;49,99;
18:30:26;1283;49,99;
18:30:32;1277;49,99;
18:30:35;1277;50,00;
18:30:38;1273;50,00;
18:30:41;1271;50,00;
18:30:44;1265;50,00;
18:30:47;1261;49,99;
18:30:50;1257;49,99;
18:30:53;1255;49,98;
18:30:56;1253;49,98;
18:30:59;1250;49,98;
18:31:02;1244;49,98;
18:31:08;1245;49,98;
18:31:11;1241;49,98;
18:31:14;1229;49,98;
18:31:17;1230;49,98;
18:31:20;1228;49,97;
18:31:23;1231;49,96;
18:31:26;1214;49,96;
18:31:32;1224;49,97;
18:31:35;1222;49,97;
18:31:38;1205;49,97;
18:31:41;1216;49,97;
18:31:44;1212;49,96;
18:31:47;1213;49,96;
18:31:50;1211;49,96;
18:31:53;1191;49,96;
18:31:56;1206;49,96;
18:31:59;1205;49,96;
18:32:02;1185;49,97;
18:32:05;1201;49,97;
18:32:08;1201;49,98;
18:32:11;1197;49,98;
18:32:14;1199;49,97;
18:32:17;1197;49,98;
18:32:20;1193;49,97;
18:32:23;1194;49,97;
18:32:26;1187;49,96;
18:32:29;1191;49,96;
18:32:32;1180;49,96;
18:32:38;1179;49,96;
18:32:44;1169;49,96;
18:32:47;1172;49,96;
18:32:53;1170;49,96;
18:32:56;1170;49,97;
18:32:59;1168;49,97;
18:33:02;1174;49,96;
18:33:05;1169;49,96;
18:33:08;1165;49,96;
18:33:11;1162;49,96;
18:33:14;1158;49,96;
18:33:17;1164;49,96;
18:33:20;1161;49,96;
18:33:23;1153;49,97;
18:33:26;1152;49,97;
18:33:29;1153;49,97;
18:33:32;1156;49,97;
18:33:35;1148;49,98;
18:33:38;1152;49,98;
18:33:44;1149;49,97;
18:33:47;1146;49,98;
18:33:53;1137;49,98;
18:33:56;1143;49,98;
18:33:59;1137;49,98;
18:34:02;1142;49,98;
18:34:05;1140;49,97;
18:34:08;1138;49,97;
18:34:11;1135;49,98;
18:34:14;1133;49,98;
18:34:17;1121;49,98;
18:34:20;1129;49,99;
18:34:23;1122;49,99;
18:34:26;1129;49,98;
18:34:29;1117;49,99;
18:34:32;1121;49,99;
18:34:35;1117;49,98;
18:34:41;1108;49,98;
18:34:44;1115;49,99;
18:34:50;1105;49,99;
18:34:53;1101;49,98;
18:34:56;1106;49,98;
18:34:59;1102;49,98;
18:35:02;1106;49,98;
18:35:05;1094;49,97;
18:35:08;1103;49,97;
18:35:11;1102;49,97;
18:35:14;1099;49,98;
18:35:17;1089;49,98;
18:35:20;1096;49,98;
18:35:23;1094;49,98;
18:35:29;1082;49,98;
18:35:35;1086;49,98;
18:35:38;1089;49,98;
18:35:41;1077;49,98;
18:35:44;1085;49,97;
18:35:47;1085;49,98;
18:35:50;1085;49,97;
18:35:53;1084;49,97;
18:35:59;1092;49,97;
18:36:02;1087;49,97;
18:36:05;1069;49,98;
18:36:08;1085;49,98;
18:36:11;1087;49,98;
18:36:14;1076;49,98;
18:36:17;1083;49,98;
18:36:20;1074;49,98;
18:36:23;1069;49,98;
18:36:26;1077;49,98;
18:36:29;1071;49,98;
18:36:32;1061;49,97;
18:36:44;1046;49,97;
18:36:47;1056;49,97;
18:36:50;1057;49,98;
18:36:53;1056;49,99;
18:36:56;1049;50,00;
18:36:59;1055;50,00;
18:37:02;1051;49,99;
18:37:05;1048;49,99;
18:37:08;1045;49,99;
18:37:11;1042;49,99;
18:37:14;1036;49,99;
18:37:17;1040;49,99;
18:37:20;1036;49,99;
18:37:23;1036;49,98;
18:37:26;1032;49,98;
18:37:29;1035;49,98;
18:37:32;1032;49,98;
18:37:35;1030;49,98;
18:37:38;1023;49,98;
18:37:41;1025;49,98;
18:37:47;1024;49,99;
18:37:50;1020;49,99;
18:37:53;1026;50,00;
18:37:56;1023;50,00;
18:37:59;1023;49,99;
18:38:02;1016;49,99;
18:38:05;1018;49,99;
18:38:08;1017;49,98;
18:38:11;992;49,97;
18:38:14;991;49,98;
18:38:17;993;49,98;
18:38:20;999;49,98;
18:38:23;1001;49,98;
18:38:26;998;49,99;
18:38:29;1001;49,98;
18:38:32;994;49,98;
18:38:35;991;49,97;
18:38:38;987;49,97;
18:38:41;990;49,96;
18:38:44;987;49,96;
18:38:47;983;49,98;
18:38:53;982;49,98;
18:38:56;980;49,98;
18:38:59;976;49,99;
18:39:02;975;49,99;
18:39:05;974;49,99;
18:39:08;975;50,00;
18:39:11;973;50,00;
18:39:14;976;50,00;
18:39:17;971;49,98;
18:39:20;963;49,98;
18:39:23;971;49,98;
18:39:26;973;49,97;
18:39:29;965;49,97;
18:39:32;970;49,97;
18:39:38;960;49,98;
18:39:41;962;49,98;
18:39:44;961;49,98;
18:39:47;951;49,98;
18:39:50;959;49,98;
18:39:53;958;49,98;
18:39:59;956;49,98;
18:40:02;952;49,97;
18:40:05;950;49,97;
18:40:08;948;49,97;
18:40:11;939;49,98;
18:40:14;944;49,98;
18:40:20;941;49,97;
18:40:23;938;49,96;
18:40:26;939;49,96;
18:40:29;934;49,96;
18:40:32;931;49,96;
18:40:35;928;49,97;
18:40:38;930;49,97;
18:40:44;929;49,96;
18:40:47;923;49,96;
18:40:50;927;49,96;
18:40:53;923;49,96;
18:40:56;923;49,97;
18:40:59;919;49,97;
18:41:05;922;49,98;
18:41:08;917;49,98;
18:41:11;913;49,97;
18:41:14;912;49,97;
18:41:17;906;49,97;
18:41:23;905;49,97;
18:41:26;908;49,97;
18:41:29;901;49,96;
18:41:32;907;49,96;
18:41:35;905;49,96;
18:41:38;904;49,96;
18:41:41;905;49,96;
18:41:44;902;49,97;
18:41:50;899;49,98;
18:41:53;898;49,97;
18:41:56;895;49,97;
18:41:59;894;49,97;
18:42:02;889;49,97;
18:42:08;883;49,97;
18:42:11;888;49,96;
18:42:14;884;49,96;
18:42:17;882;49,96;
18:42:20;880;49,96;
18:42:23;882;49,97;
18:42:26;880;49,98;
18:42:29;882;49,97;
18:42:38;880;49,96;
18:42:41;878;49,97;
18:42:44;877;49,96;
18:42:47;879;49,97;
18:42:50;878;49,97;
18:42:56;872;49,97;
18:42:59;873;49,98;
18:43:02;872;49,98;
18:43:05;870;49,98;
18:43:08;869;49,98;
18:43:14;867;49,97;
18:43:17;862;49,97;
18:43:20;858;49,96;
18:43:23;851;49,96;
18:43:26;855;49,97;
18:43:29;853;49,97;
18:43:32;848;49,98;
18:43:35;849;49,98;
18:43:38;841;49,98;
18:43:41;846;49,99;
18:43:44;846;50,00;
18:43:47;845;49,99;
18:43:50;840;49,99;
18:43:53;838;49,98;
18:43:56;837;49,98;
18:43:59;829;49,98;
18:44:02;837;49,98;
18:44:05;835;49,99;
18:44:08;831;49,99;
18:44:14;826;49,99;
18:44:17;830;49,99;
18:44:20;835;49,98;
18:44:23;825;49,98;
18:44:26;836;49,98;
18:44:29;834;49,98;
18:44:32;829;49,98;
18:44:35;831;49,98;
18:44:38;825;49,98;
18:44:47;827;49,98;
18:44:50;826;49,99;
18:44:53;824;49,99;
18:44:56;823;49,99;
18:44:59;825;50,00;
18:45:02;829;50,00;
18:45:05;827;50,00;
18:45:08;822;50,00;
18:45:11;817;50,00;
18:45:14;816;49,99;
18:45:17;811;49,98;
18:45:20;810;49,98;
18:45:23;802;49,98;
18:45:29;793;49,98;
18:45:32;803;49,98;
18:45:35;802;49,98;
18:45:41;797;49,98;
18:45:44;798;49,98;
18:45:47;796;49,99;
18:45:53;794;50,00;
18:45:56;798;50,00;
18:45:59;799;50,01;
18:46:02;799;50,00;
18:46:05;788;50,00;
18:46:08;789;50,00;
18:46:11;790;50,00;
18:46:14;791;50,00;
18:46:17;786;50,01;
18:46:20;784;50,01;
18:46:23;779;50,01;
18:46:26;783;50,00;
18:46:29;778;50,00;
18:46:32;776;50,00;
18:46:35;774;50,00;
18:46:38;772;50,00;
18:46:41;773;50,00;
18:46:44;772;50,00;
18:46:47;778;50,00;
18:46:50;770;49,99;
18:46:53;776;49,99;
18:46:59;773;50,00;
18:47:02;772;49,99;
18:47:05;781;49,99;
18:47:08;778;49,99;
18:47:11;770;49,99;
18:47:14;770;49,98;
18:47:17;764;49,98;
18:47:20;768;49,98;
18:47:23;757;49,98;
18:47:26;760;49,98;
18:47:29;742;49,97;
18:47:32;750;49,97;
18:47:35;752;49,97;
18:47:41;751;49,98;
18:47:44;746;49,98;
18:47:47;757;49,98;
18:47:50;746;49,98;
18:47:53;737;49,98;
18:47:56;743;49,98;
18:47:59;752;49,97;
18:48:05;741;49,98;
18:48:08;742;49,98;
18:48:11;746;49,98;
18:48:14;742;49,99;
18:48:20;741;49,99;
18:48:26;722;49,99;
18:48:29;740;50,00;
18:48:32;737;50,00;
18:48:35;742;50,00;
18:48:38;741;50,00;
18:48:41;735;50,00;
18:48:44;732;49,99;
18:48:50;721;49,97;
18:48:56;728;49,97;
18:48:59;730;49,98;
18:49:02;726;49,98;
18:49:05;727;49,98;
18:49:08;721;49,98;
18:49:11;723;49,98;
18:49:14;727;49,98;
18:49:20;725;49,97;
18:49:26;720;49,96;
18:49:29;723;49,96;
18:49:32;719;49,96;
18:49:35;723;49,96;
18:49:38;720;49,96;
18:49:41;722;49,97;
18:49:44;715;49,97;
18:49:47;719;49,96;
18:49:56;712;49,97;
18:49:59;716;49,97;
18:50:02;717;49,97;
18:50:05;715;49,97;
18:50:08;711;49,97;
18:50:11;712;49,97;
18:50:14;712;49,98;
18:50:17;717;49,98;
18:50:20;703;49,98;
18:50:23;709;49,98;
18:50:26;714;49,98;
18:50:29;706;49,98;
18:50:32;703;49,97;
18:50:35;707;49,97;
18:50:41;706;49,97;
18:50:44;700;49,97;
18:50:47;702;49,97;
18:50:50;711;49,98;
18:50:53;701;49,98;
18:50:56;694;49,98;
18:51:02;710;49,98;
18:51:05;698;49,98;
18:51:08;694;49,98;
18:51:11;696;49,98;
18:51:14;692;49,99;
18:51:17;692;49,98;
18:51:20;695;49,98;
18:51:23;689;49,98;
18:51:26;697;49,98;
18:51:29;687;49,98;
18:51:32;683;49,97;
18:51:35;690;49,96;
18:51:38;694;49,97;
18:51:41;688;49,98;
18:51:47;686;49,98;
18:51:50;686;49,99;
18:51:56;684;49,98;
18:51:59;681;49,98;
18:52:02;685;49,97;
18:52:08;681;49,97;
18:52:11;675;49,97;
18:52:14;680;49,98;
18:52:17;688;49,98;
18:52:20;676;49,98;
18:52:23;672;49,98;
18:52:26;674;49,98;
18:52:29;675;49,98;
18:52:32;673;49,98;
18:52:35;669;49,98;
18:52:38;673;49,98;
18:52:41;679;49,98;
18:52:44;672;49,97;
18:52:47;665;49,97;
18:52:50;669;49,97;
18:52:53;677;49,96;
18:52:56;670;49,96;
18:52:59;662;49,97;
18:53:02;667;49,97;
18:53:05;673;49,97;
18:53:08;666;49,97;
18:53:11;665;49,97;
18:53:14;661;49,97;
18:53:17;667;49,97;
18:53:20;664;49,98;
18:53:23;678;49,98;
18:53:26;668;49,98;
18:53:29;658;49,98;
18:53:32;670;49,98;
18:53:35;663;49,98;
18:53:38;662;49,98;
18:53:41;671;49,98;
18:53:44;662;49,97;
18:53:47;658;49,96;
18:53:50;661;49,97;
18:53:53;671;49,97;
18:53:59;659;49,97;
18:54:02;664;49,98;
18:54:05;673;49,98;
18:54:08;665;49,98;
18:54:11;658;49,98;
18:54:14;665;49,98;
18:54:17;663;49,98;
18:54:20;668;49,98;
18:54:23;655;49,97;
18:54:26;662;49,97;
18:54:29;663;49,97;
18:54:32;656;49,96;
18:54:35;651;49,96;
18:54:38;662;49,96;
18:54:41;660;49,96;
18:54:44;656;49,97;
18:54:47;649;49,96;
18:54:50;653;49,96;
18:54:53;657;49,96;
18:54:56;654;49,96;
18:54:59;657;49,96;
18:55:05;654;49,96;
18:55:08;663;49,96;
18:55:11;652;49,96;
18:55:14;643;49,96;
18:55:17;651;49,96;
18:55:20;652;49,96;
18:55:26;649;49,96;
18:55:29;650;49,97;
18:55:32;657;49,98;
18:55:35;647;49,98;
18:55:38;640;49,98;
18:55:41;648;49,98;
18:55:44;655;49,98;
18:55:47;645;49,98;
18:55:50;637;49,97;
18:55:53;643;49,97;
18:55:56;651;49,96;
18:55:59;642;49,97;
18:56:02;633;49,97;
18:56:05;641;49,98;
18:56:11;640;49,99;
18:56:14;630;49,99;
18:56:17;639;49,99;
18:56:20;638;49,99;
18:56:23;634;49,98;
18:56:26;625;49,98;
18:56:29;635;49,97;
18:56:35;638;49,98;
18:56:38;647;49,97;
18:56:41;631;49,97;
18:56:44;625;49,98;
18:56:47;634;49,98;
18:56:50;637;49,98;
18:56:53;636;49,98;
18:56:56;629;49,98;
18:57:02;625;49,97;
18:57:05;625;49,98;
18:57:11;623;49,98;
18:57:17;630;49,98;
18:57:20;629;49,98;
18:57:23;628;49,97;
18:57:26;620;49,97;
18:57:29;608;49,97;
18:57:32;618;49,97;
18:57:35;623;49,97;
18:57:38;618;49,97;
18:57:41;606;49,98;
18:57:44;615;49,98;
18:57:47;620;49,98;
18:57:50;619;49,99;
18:57:53;630;49,99;
18:57:56;619;49,99;
18:58:02;617;49,99;
18:58:05;624;49,98;
18:58:08;615;49,99;
18:58:11;606;49,98;
18:58:14;613;49,98;
18:58:17;619;49,98;
18:58:20;614;49,98;
18:58:23;612;49,98;
18:58:26;615;49,98;
18:58:29;620;49,98;
18:58:32;614;49,99;
18:58:35;603;49,99;
18:58:38;615;49,99;
18:58:41;622;49,99;
18:58:44;613;49,99;
18:58:47;600;50,00;
18:58:50;614;50,00;
18:58:53;619;50,00;
18:58:56;610;50,00;
18:58:59;598;50,00;
18:59:02;606;50,00;
18:59:11;594;50,00;
18:59:14;604;50,00;
18:59:17;610;50,00;
18:59:20;601;50,01;
18:59:23;588;50,01;
18:59:26;594;50,01;
18:59:29;597;50,01;
18:59:32;599;50,01;
18:59:35;586;50,01;
18:59:38;594;50,02;
18:59:41;602;50,02;
18:59:44;600;50,02;
18:59:47;589;50,01;
18:59:50;592;50,01;
18:59:53;598;50,01;
18:59:56;593;50,02;
18:59:59;589;50,02;
19:00:02;597;50,02;
19:00:05;595;50,02;
19:00:08;592;50,01;
19:00:14;596;50,01;
19:00:17;591;50,00;
19:00:20;589;50,01;
19:00:23;591;50,01;
19:00:26;591;50,02;
19:00:29;588;50,02;
19:00:32;590;50,02;
19:00:35;586;50,02;
19:00:38;587;50,03;
19:00:41;586;50,03;
19:00:44;587;50,04;
19:00:47;587;50,05;
19:00:50;585;50,05;
19:00:53;585;50,04;
19:00:56;593;50,05;
19:00:59;583;50,04;
19:01:08;584;50,03;
19:01:11;583;50,03;
19:01:14;582;50,04;
19:01:20;579;50,03;
19:01:26;576;50,04;
19:01:29;578;50,04;
19:01:32;577;50,03;
19:01:35;587;50,03;
19:01:38;594;50,03;
19:01:41;586;50,03;
19:01:44;583;50,04;
19:01:47;574;50,04;
19:01:50;569;50,05;
19:01:53;577;50,06;
19:01:56;579;50,06;
19:01:59;579;50,05;
19:02:05;576;50,05;
19:02:14;562;50,04;
19:02:17;563;50,03;
19:02:20;574;50,03;
19:02:23;565;50,03;
19:02:26;564;50,03;
19:02:29;565;50,03;
19:02:32;574;50,03;
19:02:35;565;50,04;
19:02:38;548;50,03;
19:02:41;563;50,03;
19:02:44;572;50,03;
19:02:47;559;50,03;
19:02:50;577;50,03;
19:02:53;575;50,04;
19:02:56;565;50,04;
19:02:59;573;50,04;
19:03:02;574;50,03;
19:03:11;577;50,04;
19:03:14;576;50,04;
19:03:17;576;50,03;
19:03:20;570;50,03;
19:03:23;566;50,03;
19:03:26;566;50,02;
19:03:29;573;50,02;
19:03:32;565;50,03;
19:03:35;564;50,03;
19:03:38;566;50,03;
19:03:41;565;50,03;
19:03:44;564;50,03;
19:03:47;563;50,02;
19:03:50;563;50,03;
19:03:53;554;50,02;
19:03:56;563;50,03;
19:03:59;561;50,03;
19:04:02;560;50,03;
19:04:08;559;50,03;
19:04:17;560;50,02;
19:04:20;555;50,01;
19:04:23;557;50,03;
19:04:26;556;50,03;
19:04:32;557;50,03;
19:04:35;539;50,03;
19:04:38;552;50,04;
19:04:41;551;50,03;
19:04:44;553;50,03;
19:04:47;545;50,03;
19:04:50;551;50,04;
19:04:56;550;50,04;
19:04:59;541;50,05;
19:05:02;550;50,04;
19:05:05;552;50,04;
19:05:08;547;50,03;
19:05:11;531;50,04;
19:05:14;548;50,03;
19:05:17;551;50,04;
19:05:23;531;50,03;
19:05:26;541;50,03;
19:05:29;550;50,03;
19:05:32;545;50,02;
19:05:35;527;50,03;
19:05:38;543;50,03;
19:05:41;541;50,03;
19:05:44;549;50,03;
19:05:47;523;50,04;
19:05:50;542;50,04;
19:05:53;540;50,03;
19:05:56;541;50,03;
19:05:59;526;50,03;
19:06:02;541;50,03;
19:06:05;540;50,03;
19:06:08;537;50,02;
19:06:11;520;50,02;
19:06:14;536;50,02;
19:06:17;544;50,02;
19:06:20;536;50,02;
19:06:23;534;50,02;
19:06:29;533;50,02;
19:06:32;541;50,02;
19:06:38;542;50,02;
19:06:41;540;50,02;
19:06:44;541;50,02;
19:06:47;533;50,03;
19:06:50;514;50,03;
19:06:53;532;50,03;
19:06:56;530;50,03;
19:06:59;536;50,03;
19:07:02;541;50,03;
19:07:05;539;50,03;
19:07:08;536;50,03;
19:07:14;538;50,03;
19:07:20;535;50,03;
19:07:23;539;50,04;
19:07:26;535;50,03;
19:07:32;522;50,03;
19:07:35;533;50,03;
19:07:38;534;50,03;
19:07:41;535;50,03;
19:07:47;534;50,03;
19:07:50;528;50,03;
19:07:53;534;50,03;
19:07:56;523;50,02;
19:07:59;532;50,02;
19:08:02;526;50,01;
19:08:05;532;50,01;
19:08:08;517;50,01;
19:08:11;530;50,01;
19:08:14;528;50,01;
19:08:20;514;50,00;
19:08:23;530;50,01;
19:08:26;524;50,00;
19:08:29;529;50,00;
19:08:32;515;50,00;
19:08:35;530;50,01;
19:08:38;528;50,00;
19:08:41;526;50,00;
19:08:44;515;50,00;
19:08:47;529;50,00;
19:08:50;526;50,00;
19:08:53;528;50,01;
19:08:56;515;50,01;
19:08:59;527;50,02;
19:09:02;525;50,02;
19:09:05;525;50,03;
19:09:08;515;50,03;
19:09:11;526;50,02;
19:09:14;518;50,01;
19:09:17;526;50,01;
19:09:20;514;50,00;
19:09:29;524;50,00;
19:09:32;508;50,01;
19:09:35;520;50,01;
19:09:38;514;50,01;
19:09:41;522;50,01;
19:09:47;508;50,01;
19:09:50;516;50,01;
19:09:53;523;50,01;
19:09:56;510;50,00;
19:09:59;516;50,00;
19:10:02;521;50,00;
19:10:05;512;50,00;
19:10:08;519;50,00;
19:10:11;516;50,00;
19:10:14;510;49,99;
19:10:17;519;49,99;
19:10:20;508;50,00;
19:10:23;513;50,00;
19:10:26;518;50,00;
19:10:32;502;50,00;
19:10:35;512;50,00;
19:10:38;510;50,01;
19:10:41;516;50,01;
19:10:44;509;50,01;
19:10:47;504;50,01;
19:10:50;509;50,01;
19:10:53;508;50,00;
19:10:56;511;50,00;
19:10:59;504;50,00;
19:11:02;505;50,01;
19:11:05;512;50,01;
19:11:08;504;50,01;
19:11:11;499;50,01;
19:11:17;506;50,00;
19:11:20;509;50,00;
19:11:23;502;50,00;
19:11:29;508;50,00;
19:11:32;503;50,00;
19:11:35;504;50,00;
19:11:38;501;50,01;
19:11:41;508;50,01;
19:11:44;503;50,01;
19:11:47;502;50,01;
19:11:50;504;50,01;
19:11:53;509;50,00;
19:11:56;501;50,00;
19:12:02;504;50,01;
19:12:05;507;50,01;
19:12:08;502;50,01;
19:12:11;499;50,01;
19:12:14;502;50,01;
19:12:17;504;50,01;
19:12:23;498;50,01;
19:12:26;502;50,01;
19:12:29;504;50,00;
19:12:32;499;50,00;
19:12:35;495;50,01;
19:12:38;500;50,01;
19:12:41;501;50,01;
19:12:44;502;50,01;
19:12:47;495;50,02;
19:12:50;502;50,01;
19:12:53;497;50,01;
19:12:56;503;50,01;
19:12:59;502;50,01;
19:13:02;494;50,01;
19:13:05;501;50,01;
19:13:08;495;50,01;
19:13:14;500;50,01;
19:13:17;501;50,01;
19:13:23;502;50,01;
19:13:29;501;50,00;
19:13:32;498;50,00;
19:13:35;500;50,00;
19:13:38;496;50,01;
19:13:41;497;50,01;
19:13:44;498;50,01;
19:13:47;499;50,01;
19:13:50;497;50,01;
19:13:53;493;50,01;
19:13:56;496;50,01;
19:13:59;500;50,01;
19:14:02;493;50,01;
19:14:05;494;50,01;
19:14:08;501;50,01;
19:14:11;500;50,01;
19:14:14;489;50,01;
19:14:17;497;50,01;
19:14:20;494;50,01;
19:14:23;492;50,01;
19:14:26;495;50,01;
19:14:29;494;50,01;
19:14:35;493;50,01;
19:14:38;491;50,01;
19:14:41;495;50,02;
19:14:44;492;50,02;
19:14:47;489;50,02;
19:14:50;488;50,01;
19:14:53;490;50,01;
19:14:56;493;50,01;
19:14:59;491;50,01;
19:15:02;490;50,01;
19:15:05;487;50,02;
19:15:08;485;50,02;
19:15:11;486;50,02;
19:15:14;484;50,02;
19:15:17;489;50,02;
19:15:20;489;50,01;
19:15:23;491;50,02;
19:15:26;488;50,02;
19:15:29;493;50,03;
19:15:32;489;50,03;
19:15:41;488;50,02;
19:15:44;489;50,02;
19:15:47;490;50,03;
19:15:50;478;50,03;
19:15:53;490;50,03;
19:15:59;483;50,03;
19:16:02;489;50,03;
19:16:05;488;50,04;
19:16:08;492;50,04;
19:16:11;485;50,04;
19:16:14;484;50,03;
19:16:17;488;50,03;
19:16:26;486;50,03;
19:16:29;483;50,02;
19:16:32;488;50,02;
19:16:35;486;50,03;
19:16:38;483;50,03;
19:16:41;476;50,03;
19:16:44;485;50,03;
19:16:47;486;50,03;
19:16:53;483;50,03;
19:16:56;486;50,03;
19:17:05;483;50,03;
19:17:11;485;50,03;
19:17:14;484;50,03;
19:17:17;481;50,03;
19:17:20;483;50,02;
19:17:32;483;50,01;
19:17:35;482;50,02;
19:17:38;480;50,01;
19:17:41;479;50,02;
19:17:44;479;50,01;
19:17:47;480;50,01;
19:17:50;481;50,01;
19:17:53;476;50,01;
19:17:56;480;50,02;
19:17:59;481;50,02;
19:18:02;479;50,01;
19:18:05;476;50,01;
19:18:08;478;50,01;
19:18:11;479;50,01;
19:18:14;480;50,01;
19:18:17;479;50,01;
19:18:20;478;50,01;
19:18:26;477;50,01;
19:18:29;476;50,01;
19:18:32;479;50,01;
19:18:38;477;50,00;
19:18:41;476;50,00;
19:18:44;477;50,00;
19:18:47;475;50,00;
19:18:53;478;50,00;
19:18:56;472;50,00;
19:18:59;476;50,00;
19:19:05;479;50,01;
19:19:08;477;50,01;
19:19:11;471;50,01;
19:19:14;476;50,01;
19:19:17;478;50,01;
19:19:20;472;50,01;
19:19:23;475;50,01;
19:19:26;476;50,01;
19:19:29;475;50,01;
19:19:44;472;50,00;
19:19:47;473;50,00;
19:19:50;472;50,00;
19:19:56;471;50,00;
19:19:59;473;50,01;
19:20:02;469;50,01;
19:20:05;472;50,01;
19:20:08;473;50,01;
19:20:11;471;50,00;
19:20:14;454;50,00;
19:20:17;469;49,99;
19:20:20;468;50,00;
19:20:23;471;50,00;
19:20:29;469;50,00;
19:20:32;467;50,00;
19:20:35;470;49,99;
19:20:38;464;49,99;
19:20:41;467;49,98;
19:20:44;466;49,98;
19:20:56;467;49,98;
19:20:59;470;49,99;
19:21:02;471;49,99;
19:21:05;467;49,99;
19:21:08;463;49,99;
19:21:11;470;49,99;
19:21:14;461;50,00;
19:21:17;467;49,99;
19:21:20;470;49,99;
19:21:23;467;49,98;
19:21:29;466;49,98;
19:21:35;464;49,98;
19:21:38;461;49,98;
19:21:41;455;49,97;
19:21:44;462;49,96;
19:21:47;465;49,96;
19:21:50;465;49,97;
19:21:53;467;49,97;
19:21:56;468;49,97;
19:21:59;463;49,98;
19:22:02;462;49,98;
19:22:05;459;49,98;
19:22:08;461;49,99;
19:22:14;465;49,99;
19:22:17;457;49,99;
19:22:20;458;49,99;
19:22:23;462;49,99;
19:22:29;461;49,99;
19:22:32;460;49,99;
19:22:35;461;50,00;
19:22:41;460;50,00;
19:22:44;460;49,99;
19:22:47;458;49,98;
19:22:53;459;49,98;
19:22:56;460;49,98;
19:22:59;454;49,98;
19:23:02;461;49,98;
19:23:05;460;49,99;
19:23:08;461;49,99;
19:23:11;457;49,98;
19:23:17;457;49,99;
19:23:20;459;49,99;
19:23:23;449;49,99;
19:23:26;457;50,00;
19:23:32;458;49,99;
19:23:35;454;49,99;
19:23:38;456;49,98;
19:23:41;456;49,97;
19:23:47;452;49,97;
19:23:50;450;49,97;
19:23:53;452;49,98;
19:23:56;450;49,98;
19:23:59;452;49,97;
19:24:02;450;49,97;
19:24:05;452;49,98;
19:24:08;448;49,98;
19:24:11;451;49,97;
19:24:14;453;49,97;
19:24:17;448;49,97;
19:24:20;452;49,97;
19:24:23;444;49,97;
19:24:26;445;49,97;
19:24:29;450;49,97;
19:24:32;450;49,96;
19:24:35;442;49,97;
19:24:38;449;49,97;
19:24:41;450;49,98;
19:24:47;442;49,98;
19:24:53;450;49,98;
19:24:56;448;49,98;
19:24:59;449;49,98;
19:25:02;450;49,98;
19:25:05;449;49,98;
19:25:08;450;49,98;
19:25:14;448;49,98;
19:25:20;447;49,98;
19:25:23;448;49,98;
19:25:26;447;49,98;
19:25:29;446;49,97;
19:25:32;445;49,98;
19:25:38;442;49,98;
19:25:41;441;49,98;
19:25:47;443;49,98;
19:25:50;446;49,98;
19:25:56;440;49,97;
19:25:59;443;49,97;
19:26:02;440;49,97;
19:26:05;445;49,97;
19:26:08;443;49,97;
19:26:11;443;49,98;
19:26:14;438;49,98;
19:26:17;442;49,98;
19:26:20;437;49,98;
19:26:23;441;49,98;
19:26:26;436;49,98;
19:26:29;440;49,98;
19:26:32;438;49,98;
19:26:35;441;49,97;
19:26:44;443;49,97;
19:26:47;442;49,97;
19:26:50;438;49,97;
19:26:53;440;49,97;
19:26:56;439;49,97;
19:26:59;438;49,97;
19:27:02;440;49,97;
19:27:05;433;49,98;
19:27:08;439;49,97;
19:27:11;437;49,97;
19:27:14;435;49,96;
19:27:17;438;49,96;
19:27:20;437;49,96;
19:27:26;439;49,97;
19:27:29;436;49,97;
19:27:32;430;49,97;
19:27:35;433;49,97;
19:27:38;437;49,97;
19:27:44;439;49,97;
19:27:50;433;49,97;
19:27:53;437;49,97;
19:27:56;435;49,97;
19:27:59;434;49,97;
19:28:02;426;49,98;
19:28:05;432;49,97;
19:28:08;436;49,97;
19:28:11;435;49,97;
19:28:14;431;49,97;
19:28:17;435;49,97;
19:28:20;436;49,98;
19:28:23;434;49,97;
19:28:26;428;49,97;
19:28:29;432;49,97;
19:28:32;434;49,97;
19:28:35;432;49,98;
19:28:38;426;49,97;
19:28:41;428;49,97;
19:28:44;431;49,97;
19:28:47;431;49,98;
19:28:50;429;49,99;
19:28:56;429;50,00;
19:28:59;429;49,99;
19:29:02;421;49,99;
19:29:05;427;49,99;
19:29:08;431;49,99;
19:29:11;427;49,99;
19:29:14;430;49,99;
19:29:17;421;49,99;
19:29:20;430;50,00;
19:29:23;425;50,00;
19:29:26;428;50,00;
19:29:32;429;50,00;
19:29:35;428;49,99;
19:29:41;427;49,98;
19:29:44;424;49,99;
19:29:47;426;49,99;
19:29:50;428;49,99;
19:29:53;425;50,00;
19:29:56;426;50,00;
19:29:59;428;50,00;
19:30:02;425;50,00;
19:30:05;429;50,01;
19:30:08;428;50,01;
19:30:11;424;50,00;
19:30:14;424;49,99;
19:30:17;425;49,98;
19:30:20;424;49,98;
19:30:29;417;49,98;
19:30:32;420;49,98;
19:30:35;423;49,99;
19:30:38;421;49,99;
19:30:41;422;50,00;
19:30:47;420;50,00;
19:30:50;419;50,00;
19:30:53;420;49,99;
19:30:59;417;49,99;
19:31:02;420;49,99;
19:31:05;421;49,98;
19:31:08;423;49,98;
19:31:11;414;49,98;
19:31:14;421;49,98;
19:31:17;420;49,99;
19:31:20;416;49,99;
19:31:26;421;49,98;
19:31:29;421;49,99;
19:31:32;416;49,99;
19:31:35;414;49,99;
19:31:38;416;49,99;
19:31:41;418;49,99;
19:31:44;418;49,98;
19:31:53;416;49,97;
19:31:56;419;49,97;
19:31:59;418;49,98;
19:32:02;419;49,98;
19:32:05;411;49,98;
19:32:08;420;49,98;
19:32:11;413;49,98;
19:32:14;410;49,98;
19:32:17;416;49,97;
19:32:20;409;49,97;
19:32:23;419;49,98;
19:32:26;413;49,98;
19:32:29;411;49,98;
19:32:32;416;49,99;
19:32:35;409;49,99;
19:32:38;410;49,99;
19:32:41;414;49,99;
19:32:47;415;49,98;
19:32:50;416;49,98;
19:32:53;415;49,98;
19:32:59;414;49,98;
19:33:05;412;49,99;
19:33:08;408;49,99;
19:33:11;410;50,00;
19:33:14;405;50,00;
19:33:17;407;50,00;
19:33:20;412;50,00;
19:33:23;411;50,00;
19:33:29;413;49,99;
19:33:32;408;49,98;
19:33:35;413;49,98;
19:33:38;410;49,98;
19:33:41;412;49,98;
19:33:44;407;49,98;
19:33:47;408;49,98;
19:33:50;410;49,97;
19:33:56;404;49,97;
19:33:59;407;49,97;
19:34:02;409;49,96;
19:34:05;410;49,96;
19:34:08;399;49,96;
19:34:11;409;49,96;
19:34:14;411;49,96;
19:34:17;404;49,96;
19:34:20;402;49,96;
19:34:23;407;49,96;
19:34:26;408;49,96;
19:34:29;403;49,96;
19:34:32;402;49,95;
19:34:35;405;49,96;
19:34:38;408;49,96;
19:34:41;409;49,97;
19:34:44;407;49,97;
19:34:53;409;49,98;
19:34:56;407;49,98;
19:34:59;405;49,98;
19:35:02;407;49,98;
19:35:05;402;49,98;
19:35:08;407;49,98;
19:35:11;408;49,97;
19:35:14;406;49,97;
19:35:17;404;49,97;
19:35:20;406;49,98;
19:35:23;403;49,98;
19:35:26;406;49,98;
19:35:29;403;49,98;
19:35:32;404;49,98;
19:35:35;405;49,98;
19:35:41;402;49,98;
19:35:44;405;49,98;
19:35:47;403;49,98;
19:35:59;399;49,98;
19:36:02;401;49,97;
19:36:05;397;49,97;
19:36:08;398;49,97;
19:36:11;390;49,97;
19:36:14;399;49,97;
19:36:17;398;49,97;
19:36:20;400;49,97;
19:36:26;401;49,96;
19:36:29;396;49,96;
19:36:32;401;49,97;
19:36:35;399;49,97;
19:36:38;398;49,97;
19:36:41;394;49,98;
19:36:44;396;49,98;
19:36:47;400;49,98;
19:36:50;399;49,98;
19:36:53;397;49,99;
19:36:56;399;50,00;
19:37:05;394;49,99;
19:37:08;372;49,98;
19:37:11;374;49,98;
19:37:14;382;49,98;
19:37:17;388;49,98;
19:37:20;393;49,99;
19:37:23;389;49,99;
19:37:26;394;49,99;
19:37:29;395;49,99;
19:37:32;393;49,98;
19:37:35;396;49,98;
19:37:38;395;49,98;
19:37:41;395;49,99;
19:37:44;390;49,99;
19:37:47;394;49,99;
19:37:50;392;49,99;
19:37:53;393;49,99;
19:37:59;394;49,99;
19:38:08;392;49,98;
19:38:14;390;49,98;
19:38:17;392;49,98;
19:38:20;388;49,97;
19:38:23;393;49,96;
19:38:26;390;49,96;
19:38:29;393;49,96;
19:38:32;387;49,96;
19:38:35;391;49,97;
19:38:38;390;49,97;
19:38:41;389;49,98;
19:38:44;386;49,98;
19:38:47;387;49,99;
19:38:53;387;50,00;
19:38:59;385;50,00;
19:39:02;385;49,99;
19:39:05;375;49,99;
19:39:08;381;49,98;
19:39:11;383;49,98;
19:39:23;387;49,99;
19:39:29;386;49,99;
19:39:32;380;49,99;
19:39:35;386;49,98;
19:39:38;378;49,98;
19:39:41;382;49,98;
19:39:44;379;49,98;
19:39:47;368;49,98;
19:39:50;373;49,98;
19:39:53;381;49,99;
19:39:59;378;49,99;
19:40:02;377;50,00;
19:40:05;378;49,99;
19:40:08;377;49,99;
19:40:11;376;49,98;
19:40:17;374;49,98;
19:40:20;375;49,98;
19:40:23;375;49,97;
19:40:26;376;49,98;
19:40:29;373;49,97;
19:40:32;376;49,97;
19:40:35;374;49,97;
19:40:41;372;49,97;
19:40:44;374;49,97;
19:40:47;372;49,97;
19:40:50;369;49,97;
19:40:53;369;49,98;
19:40:56;372;49,98;
19:40:59;369;49,98;
19:41:05;371;49,97;
19:41:08;369;49,98;
19:41:11;367;49,98;
19:41:14;369;49,99;
19:41:17;368;49,99;
19:41:20;367;49,98;
19:41:23;365;49,98;
19:41:26;366;49,97;
19:41:29;364;49,97;
19:41:32;363;49,97;
19:41:35;360;49,98;
19:41:38;362;49,98;
19:41:41;358;49,98;
19:41:44;360;49,98;
19:41:47;360;49,99;
19:41:53;362;49,99;
19:41:56;361;50,00;
19:42:02;357;50,00;
19:42:05;354;49,99;
19:42:11;355;49,98;
19:42:17;352;49,97;
19:42:20;358;49,97;
19:42:23;355;49,96;
19:42:26;354;49,96;
19:42:32;352;49,96;
19:42:35;352;49,97;
19:42:38;348;49,97;
19:42:41;350;49,97;
19:42:47;351;49,97;
19:42:50;347;49,97;
19:42:56;350;49,97;
19:42:59;350;49,96;
19:43:05;347;49,97;
19:43:08;345;49,97;
19:43:14;346;49,97;
19:43:17;344;49,98;
19:43:20;345;49,97;
19:43:23;346;49,97;
19:43:26;344;49,96;
19:43:29;341;49,96;
19:43:38;342;49,96;
19:43:41;344;49,97;
19:43:47;343;49,97;
19:43:50;338;49,97;
19:43:56;340;49,98;
19:44:02;341;49,98;
19:44:08;339;49,98;
19:44:11;338;49,98;
19:44:14;335;49,98;
19:44:17;338;49,98;
19:44:23;330;49,97;
19:44:26;335;49,97;
19:44:29;329;49,97;
19:44:32;328;49,97;
19:44:35;329;49,96;
19:44:41;332;49,96;
19:44:44;331;49,96;
19:44:47;331;49,97;
19:44:50;325;49,97;
19:44:53;328;49,97;
19:44:56;331;49,97;
19:44:59;330;49,97;
19:45:02;323;49,97;
19:45:08;330;49,97;
19:45:11;329;49,98;
19:45:14;324;49,98;
19:45:17;325;49,98;
19:45:20;328;49,98;
19:45:23;326;49,97;
19:45:26;327;49,97;
19:45:29;325;49,96;
19:45:32;322;49,96;
19:45:35;323;49,96;
19:45:38;319;49,97;
19:45:41;321;49,98;
19:45:44;320;50,00;
19:45:47;322;50,00;
19:45:50;324;50,01;
19:45:53;325;50,01;
19:45:56;322;50,01;
19:45:59;320;50,00;
19:46:02;317;50,00;
19:46:05;319;50,00;
19:46:08;321;49,99;
19:46:14;314;49,98;
19:46:17;316;49,98;
19:46:20;317;49,98;
19:46:26;313;49,98;
19:46:29;314;49,98;
19:46:32;316;49,98;
19:46:38;311;49,98;
19:46:41;314;49,99;
19:46:44;317;49,98;
19:46:47;314;49,99;
19:46:50;309;49,98;
19:46:53;312;49,98;
19:46:59;311;49,98;
19:47:05;314;49,98;
19:47:08;311;49,98;
19:47:11;312;49,98;
19:47:14;289;49,98;
19:47:20;286;49,97;
19:47:23;297;49,97;
19:47:26;305;49,97;
19:47:32;307;49,97;
19:47:35;304;49,98;
19:47:38;312;49,98;
19:47:44;308;49,97;
19:47:47;310;49,98;
19:47:50;306;49,98;
19:47:53;305;49,97;
19:47:56;306;49,97;
19:47:59;305;49,97;
19:48:05;300;49,98;
19:48:08;303;49,98;
19:48:11;306;49,98;
19:48:14;301;49,98;
19:48:17;298;49,98;
19:48:20;304;49,98;
19:48:23;303;49,98;
19:48:26;303;49,97;
19:48:29;302;49,96;
19:48:32;306;49,96;
19:48:35;302;49,96;
19:48:38;305;49,96;
19:48:41;298;49,96;
19:48:44;300;49,96;
19:48:47;301;49,96;
19:48:50;300;49,97;
19:48:53;299;49,98;
19:48:56;302;49,98;
19:48:59;297;49,98;
19:49:02;298;49,98;
19:49:05;292;49,98;
19:49:11;298;49,97;
19:49:17;301;49,97;
19:49:20;299;49,97;
19:49:23;293;49,98;
19:49:26;300;49,97;
19:49:29;297;49,97;
19:49:32;296;49,97;
19:49:35;292;49,96;
19:49:38;295;49,95;
19:49:41;290;49,95;
19:49:44;292;49,95;
19:49:47;298;49,95;
19:49:50;292;49,95;
19:49:53;294;49,96;
19:49:56;296;49,95;
19:49:59;296;49,96;
19:50:02;292;49,96;
19:50:05;296;49,96;
19:50:08;294;49,96;
19:50:11;292;49,96;
19:50:17;294;49,97;
19:50:20;293;49,96;
19:50:23;294;49,97;
19:50:26;292;49,97;
19:50:29;293;49,97;
19:50:32;294;49,98;
19:50:35;293;49,98;
19:50:41;293;49,97;
19:50:44;292;49,97;
19:50:47;289;49,97;
19:50:50;288;49,97;
19:50:53;289;49,97;
19:50:56;292;49,97;
19:50:59;287;49,97;
19:51:02;290;49,97;
19:51:05;287;49,96;
19:51:08;289;49,97;
19:51:11;290;49,96;
19:51:14;287;49,96;
19:51:17;288;49,97;
19:51:23;288;49,98;
19:51:26;286;49,97;
19:51:29;290;49,97;
19:51:32;288;49,97;
19:51:35;290;49,96;
19:51:38;286;49,96;
19:51:44;287;49,96;
19:51:47;284;49,96;
19:51:50;285;49,96;
19:51:53;284;49,96;
19:51:56;286;49,97;
19:51:59;288;49,97;
19:52:02;283;49,97;
19:52:08;284;49,96;
19:52:11;286;49,96;
19:52:14;282;49,97;
19:52:17;285;49,98;
19:52:20;277;49,98;
19:52:23;281;49,98;
19:52:26;283;49,97;
19:52:29;286;49,97;
19:52:32;286;49,98;
19:52:35;280;49,98;
19:52:38;284;49,98;
19:52:41;275;49,97;
19:52:44;278;49,96;
19:52:47;286;49,97;
19:52:50;277;49,97;
19:52:53;283;49,98;
19:52:56;282;49,98;
19:52:59;284;49,98;
19:53:05;281;49,97;
19:53:08;281;49,96;
19:53:14;282;49,97;
19:53:17;278;49,97;
19:53:20;283;49,97;
19:53:23;280;49,97;
19:53:26;281;49,97;
19:53:29;280;49,98;
19:53:32;281;49,98;
19:53:35;279;49,98;
19:53:41;277;49,97;
19:53:44;280;49,98;
19:53:47;279;49,98;
19:53:56;278;49,98;
19:53:59;279;49,98;
19:54:02;275;49,98;
19:54:05;277;49,98;
19:54:11;244;49,97;
19:54:20;279;49,98;
19:54:23;278;49,98;
19:54:26;277;49,98;
19:54:29;271;49,97;
19:54:32;270;49,96;
19:54:35;267;49,97;
19:54:38;276;49,96;
19:54:41;275;49,97;
19:54:44;278;49,97;
19:54:47;280;49,97;
19:54:50;278;49,97;
19:54:53;273;49,97;
19:54:56;278;49,97;
19:54:59;277;49,97;
19:55:02;275;49,97;
19:55:14;276;49,96;
19:55:26;276;49,97;
19:55:29;277;49,97;
19:55:32;276;49,98;
19:55:35;274;49,98;
19:55:38;275;49,97;
19:55:41;277;49,97;
19:55:44;272;49,97;
19:55:47;274;49,98;
19:55:50;270;49,99;
19:55:59;269;49,99;
19:56:02;271;49,98;
19:56:05;270;49,98;
19:56:11;274;49,97;
19:56:14;272;49,96;
19:56:17;271;49,96;
19:56:20;270;49,96;
19:56:26;271;49,96;
19:56:29;270;49,96;
19:56:32;271;49,96;
19:56:35;268;49,97;
19:56:38;266;49,97;
19:56:41;268;49,97;
19:56:44;270;49,97;
19:56:50;268;49,98;
19:56:53;270;49,98;
19:56:56;266;49,98;
19:56:59;269;50,00;
19:57:08;267;50,00;
19:57:11;270;50,00;
19:57:17;267;50,00;
19:57:20;267;49,99;
19:57:23;269;49,99;
19:57:29;268;49,99;
19:57:32;261;49,98;
19:57:35;269;49,98;
19:57:38;268;49,98;
19:57:41;268;49,99;
19:57:44;262;50,00;
19:57:47;268;50,00;
19:57:50;269;50,00;
19:57:53;269;49,99;
19:57:56;268;49,99;
19:57:59;260;49,99;
19:58:02;264;49,98;
19:58:05;266;49,99;
19:58:11;264;49,99;
19:58:14;266;49,99;
19:58:17;264;49,99;
19:58:23;264;50,00;
19:58:26;263;50,00;
19:58:29;264;50,00;
19:58:32;265;50,00;
19:58:35;263;50,00;
19:58:38;268;50,01;
19:58:44;266;50,01;
19:58:47;261;50,00;
19:58:50;263;50,00;
19:58:53;262;49,99;
19:58:56;262;50,00;
19:58:59;261;50,00;
19:59:02;262;50,00;
19:59:08;261;50,00;
19:59:11;269;50,00;
19:59:17;263;50,00;
19:59:20;258;50,00;
19:59:23;261;50,00;
19:59:29;260;50,00;
19:59:32;261;50,00;
19:59:35;254;50,00;
19:59:38;259;50,00;
19:59:41;263;50,01;
19:59:44;257;50,01;
19:59:47;254;50,01;
19:59:50;257;50,01;
19:59:53;253;50,00;
19:59:56;261;50,00;
19:59:59;253;50,01;
20:00:02;257;50,01;
20:00:08;255;50,00;
20:00:11;257;50,00;
20:00:14;242;50,00;
20:00:17;248;50,00;
20:00:20;252;50,00;
20:00:23;256;50,00;
20:00:29;255;50,00;
20:00:38;256;50,01;
20:00:41;251;50,01;
20:00:44;256;50,02;
20:00:47;255;50,02;
20:00:53;258;50,02;
20:00:56;253;50,02;
20:00:59;257;50,02;
20:01:02;256;50,03;
20:01:05;252;50,03;
20:01:08;251;50,02;
20:01:11;252;50,02;
20:01:14;253;50,02;
20:01:20;249;50,03;
20:01:23;253;50,03;
20:01:26;254;50,01;
20:01:29;255;50,01;
20:01:32;254;50,01;
20:01:35;253;50,01;
20:01:38;223;50,01;
20:01:41;232;50,02;
20:01:44;239;50,01;
20:01:47;244;50,01;
20:01:50;252;50,01;
20:01:53;247;50,01;
20:01:56;253;50,02;
20:02:02;250;50,01;
20:02:05;254;50,02;
20:02:08;252;50,02;
20:02:14;251;50,03;
20:02:17;252;50,03;
20:02:20;250;50,03;
20:02:26;251;50,03;
20:02:29;249;50,02;
20:02:32;250;50,02;
20:02:35;251;50,01;
20:02:38;248;50,01;
20:02:41;251;50,01;
20:02:44;252;50,01;
20:02:47;246;50,01;
20:02:50;243;50,01;
20:02:53;250;50,02;
20:02:56;252;50,02;
20:02:59;248;50,02;
20:03:02;243;50,03;
20:03:05;250;50,03;
20:03:08;249;50,03;
20:03:11;250;50,02;
20:03:14;245;50,02;
20:03:17;246;50,01;
20:03:20;249;50,01;
20:03:26;245;50,01;
20:03:32;244;50,01;
20:03:35;245;50,01;
20:03:38;245;50,02;
20:03:41;247;50,02;
20:03:44;245;50,02;
20:03:47;246;50,02;
20:03:50;247;50,02;
20:03:53;245;50,02;
20:03:59;246;50,02;
20:04:02;242;50,01;
20:04:05;244;50,02;
20:04:08;245;50,02;
20:04:11;244;50,02;
20:04:17;246;50,01;
20:04:20;214;50,01;
20:04:26;243;50,01;
20:04:29;245;50,01;
20:04:32;240;50,01;
20:04:38;245;50,01;
20:04:41;242;50,01;
20:04:44;243;50,02;
20:04:47;242;50,02;
20:04:50;240;50,02;
20:04:53;242;50,02;
20:04:56;243;50,02;
20:05:02;238;50,01;
20:05:05;242;50,02;
20:05:08;244;50,02;
20:05:11;239;50,02;
20:05:14;240;50,02;
20:05:20;242;50,02;
20:05:23;239;50,01;
20:05:26;240;50,01;
20:05:29;239;50,01;
20:05:32;240;50,01;
20:05:35;239;50,01;
20:05:38;240;50,01;
20:05:44;235;50,01;
20:05:47;240;50,02;
20:05:50;236;50,02;
20:05:53;231;50,02;
20:05:56;236;50,02;
20:05:59;241;50,02;
20:06:02;237;50,02;
20:06:05;239;50,01;
20:06:08;240;50,01;
20:06:11;238;50,01;
20:06:14;240;50,01;
20:06:17;236;50,01;
20:06:20;238;50,01;
20:06:23;237;50,01;
20:06:29;215;50,01;
20:06:32;220;50,01;
20:06:35;228;50,01;
20:06:38;232;50,01;
20:06:41;233;50,01;
20:06:44;234;50,01;
20:06:47;236;50,01;
20:06:50;237;50,02;
20:06:53;234;50,02;
20:06:56;236;50,01;
20:06:59;238;50,02;
20:07:02;211;50,03;
20:07:05;216;50,03;
20:07:08;220;50,03;
20:07:11;222;50,03;
20:07:14;233;50,03;
20:07:17;231;50,03;
20:07:20;233;50,03;
20:07:23;232;50,03;
20:07:26;235;50,02;
20:07:29;233;50,02;
20:07:35;231;50,02;
20:07:41;230;50,02;
20:07:44;234;50,02;
20:07:47;228;50,02;
20:07:50;239;50,02;
20:07:53;234;50,02;
20:07:56;236;50,01;
20:07:59;227;50,01;
20:08:02;235;50,01;
20:08:05;234;50,01;
20:08:08;229;50,01;
20:08:11;235;50,00;
20:08:14;233;50,00;
20:08:17;232;50,00;
20:08:23;228;50,01;
20:08:26;230;50,01;
20:08:29;231;50,01;
20:08:32;232;50,00;
20:08:35;230;50,00;
20:08:41;231;50,00;
20:08:44;226;50,00;
20:08:47;230;50,00;
20:08:50;228;50,01;
20:08:53;225;50,00;
20:08:56;230;50,00;
20:08:59;225;50,00;
20:09:02;226;50,00;
20:09:05;225;50,01;
20:09:08;228;50,00;
20:09:11;229;50,00;
20:09:14;230;50,00;
20:09:17;229;50,01;
20:09:23;230;50,01;
20:09:26;225;50,01;
20:09:29;228;50,00;
20:09:32;228;50,01;
20:09:35;230;50,01;
20:09:38;228;50,01;
20:09:41;230;50,01;
20:09:47;226;50,00;
20:09:50;225;50,00;
20:09:53;228;50,00;
20:09:56;229;50,00;
20:09:59;225;50,01;
20:10:02;228;50,01;
20:10:05;229;50,01;
20:10:08;230;50,01;
20:10:11;228;50,01;
20:10:14;224;50,01;
20:10:17;227;50,01;
20:10:20;226;50,01;
20:10:23;224;50,00;
20:10:26;226;50,00;
20:10:32;225;49,99;
20:10:35;227;49,99;
20:10:38;223;49,99;
20:10:41;225;50,00;
20:10:44;222;50,00;
20:10:47;223;49,99;
20:10:50;222;49,99;
20:10:53;221;49,98;
20:10:56;220;49,98;
20:10:59;229;49,99;
20:11:02;222;49,99;
20:11:08;221;49,98;
20:11:11;225;49,98;
20:11:14;222;49,98;
20:11:17;220;49,98;
20:11:20;222;49,98;
20:11:23;225;49,98;
20:11:26;222;49,99;
20:11:29;221;49,99;
20:11:38;224;49,98;
20:11:41;223;49,98;
20:11:47;221;49,98;
20:11:50;225;49,98;
20:11:53;222;49,98;
20:11:56;224;49,99;
20:11:59;220;49,99;
20:12:02;223;49,99;
20:12:08;222;49,99;
20:12:11;221;49,99;
20:12:14;220;49,99;
20:12:17;219;49,98;
20:12:20;220;49,99;
20:12:23;220;49,98;
20:12:26;219;49,99;
20:12:29;218;49,98;
20:12:32;219;49,99;
20:12:35;220;50,00;
20:12:38;221;50,00;
20:12:44;220;50,00;
20:12:47;216;50,00;
20:12:50;220;50,00;
20:12:56;219;50,00;
20:12:59;217;50,00;
20:13:02;216;50,00;
20:13:05;218;50,00;
20:13:11;221;50,00;
20:13:14;218;50,00;
20:13:17;215;50,00;
20:13:20;218;50,00;
20:13:29;219;50,00;
20:13:32;218;50,00;
20:13:35;218;50,01;
20:13:38;217;50,01;
20:13:41;214;50,01;
20:13:44;216;50,01;
20:13:50;214;50,00;
20:13:53;212;50,00;
20:13:56;215;50,00;
20:13:59;211;50,00;
20:14:02;214;50,01;
20:14:05;213;50,02;
20:14:08;219;50,02;
20:14:11;216;50,02;
20:14:14;218;50,01;
20:14:17;214;50,01;
20:14:20;211;50,01;
20:14:23;209;50,00;
20:14:26;188;50,00;
20:14:29;187;50,00;
20:14:35;213;50,00;
20:14:38;211;50,01;
20:14:41;212;50,01;
20:14:44;209;50,01;
20:14:47;214;50,01;
20:14:50;215;50,01;
20:14:53;208;50,01;
20:14:56;215;50,01;
20:14:59;214;50,01;
20:15:05;216;50,00;
20:15:08;213;50,00;
20:15:11;214;50,00;
20:15:14;213;50,00;
20:15:17;214;50,00;
20:15:20;211;50,01;
20:15:23;209;50,02;
20:15:26;213;50,02;
20:15:29;211;50,01;
20:15:32;208;50,01;
20:15:35;211;50,01;
20:15:44;210;50,01;
20:15:47;211;50,00;
20:15:50;207;50,00;
20:15:53;210;50,00;
20:15:56;209;50,00;
20:15:59;211;49,99;
20:16:02;210;49,99;
20:16:05;208;49,99;
20:16:08;205;50,00;
20:16:11;211;50,00;
20:16:14;208;50,00;
20:16:17;211;49,99;
20:16:20;210;49,99;
20:16:23;207;49,99;
20:16:26;209;49,99;
20:16:29;210;49,98;
20:16:32;208;49,99;
20:16:35;206;49,98;
20:16:38;207;49,98;
20:16:41;208;49,99;
20:16:47;206;49,98;
20:16:50;207;49,98;
20:16:53;206;49,98;
20:16:56;203;49,99;
20:16:59;207;49,99;
20:17:02;205;49,99;
20:17:05;207;50,00;
20:17:08;205;50,00;
20:17:11;207;50,00;
20:17:14;208;49,99;
20:17:17;210;50,00;
20:17:20;204;49,99;
20:17:26;202;49,99;
20:17:29;204;49,99;
20:17:32;203;49,99;
20:17:41;204;50,00;
20:17:44;206;50,00;
20:17:47;203;50,00;
20:17:53;204;50,00;
20:17:56;206;50,00;
20:17:59;203;50,01;
20:18:11;202;50,01;
20:18:17;204;50,00;
20:18:20;203;50,00;
20:18:26;202;49,99;
20:18:29;201;50,00;
20:18:32;203;49,99;
20:18:35;202;49,99;
20:18:44;201;49,99;
20:18:47;200;49,99;
20:18:53;202;49,99;
20:18:59;199;50,00;
20:19:02;198;50,00;
20:19:05;197;50,00;
20:19:08;196;49,99;
20:19:11;195;49,99;
20:19:14;200;49,98;
20:19:20;194;49,98;
20:19:23;198;49,98;
20:19:26;197;49,98;
20:19:29;196;49,97;
20:19:32;196;49,98;
20:19:35;197;49,98;
20:19:38;196;49,98;
20:19:44;198;50,00;
20:19:47;199;50,00;
20:19:50;197;50,00;
20:19:53;199;50,00;
20:19:56;200;50,00;
20:19:59;196;50,00;
20:20:02;195;50,00;
20:20:05;196;49,99;
20:20:08;198;49,99;
20:20:11;195;49,99;
20:20:14;197;49,99;
20:20:17;198;49,99;
20:20:20;199;49,99;
20:20:23;197;49,99;
20:20:26;195;49,99;
20:20:29;194;49,99;
20:20:32;195;49,99;
20:20:41;195;49,98;
20:20:44;196;49,98;
20:20:50;194;49,98;
20:20:56;195;49,98;
20:21:02;192;49,99;
20:21:05;191;49,99;
20:21:08;190;49,99;
20:21:11;196;49,99;
20:21:14;193;49,99;
20:21:17;192;49,99;
20:21:26;191;49,99;
20:21:29;190;49,99;
20:21:32;189;49,99;
20:21:35;190;49,98;
20:21:38;191;49,98;
20:21:41;192;49,98;
20:21:47;190;49,98;
20:21:50;189;49,98;
20:21:56;192;50,00;
20:21:59;190;50,00;
20:22:02;189;50,00;
20:22:05;188;50,00;
20:22:08;192;50,00;
20:22:11;188;50,00;
20:22:20;188;49,99;
20:22:26;189;49,98;
20:22:29;190;49,98;
20:22:32;193;49,98;
20:22:35;190;49,98;
20:22:38;189;49,98;
20:22:44;188;49,98;
20:22:50;187;49,98;
20:22:53;189;49,98;
20:22:56;190;49,98;
20:23:02;187;49,99;
20:23:08;189;49,98;
20:23:11;187;49,99;
20:23:14;186;49,98;
20:23:17;188;49,98;
20:23:20;186;49,98;
20:23:23;187;49,98;
20:23:26;186;49,99;
20:23:29;186;50,00;
20:23:32;187;50,00;
20:23:35;186;49,99;
20:23:38;187;49,99;
20:23:41;184;49,98;
20:23:47;184;49,97;
20:23:50;181;49,97;
20:23:53;182;49,97;
20:23:56;182;49,98;
20:23:59;185;49,98;
20:24:05;181;49,99;
20:24:08;183;49,99;
20:24:17;181;50,00;
20:24:20;182;50,00;
20:24:23;184;49,99;
20:24:26;183;49,99;
20:24:32;182;49,98;
20:24:35;162;49,99;
20:24:38;161;49,98;
20:24:41;164;49,99;
20:24:44;181;49,99;
20:24:47;185;49,99;
20:24:53;180;49,99;
20:24:56;183;49,98;
20:24:59;183;49,99;
20:25:02;181;49,99;
20:25:05;179;49,99;
20:25:08;181;49,98;
20:25:11;178;49,98;
20:25:14;176;49,98;
20:25:17;180;49,98;
20:25:20;179;49,98;
20:25:26;180;49,98;
20:25:29;178;49,98;
20:25:32;179;49,98;
20:25:35;177;49,98;
20:25:41;178;49,98;
20:25:44;180;49,98;
20:25:53;176;49,98;
20:25:59;178;49,98;
20:26:02;180;49,99;
20:26:05;178;49,99;
20:26:08;177;49,99;
20:26:11;180;49,99;
20:26:14;175;49,99;
20:26:17;176;49,99;
20:26:20;175;49,99;
20:26:23;180;49,99;
20:26:26;178;49,98;
20:26:35;180;49,98;
20:26:38;178;49,99;
20:26:44;176;49,99;
20:26:50;177;49,99;
20:26:53;175;49,99;
20:26:56;176;49,99;
20:26:59;171;49,98;
20:27:05;174;49,99;
20:27:11;173;50,00;
20:27:17;174;50,00;
20:27:26;173;49,99;
20:27:29;173;49,98;
20:27:32;176;49,98;
20:27:35;171;49,97;
20:27:38;172;49,97;
20:27:41;169;49,97;
20:27:44;172;49,97;
20:27:47;173;49,98;
20:27:50;174;49,98;
20:27:53;173;49,99;
20:27:56;170;49,99;
20:27:59;172;49,99;
20:28:02;173;49,99;
20:28:08;172;49,99;
20:28:11;169;49,99;
20:28:14;173;49,99;
20:28:17;172;49,99;
20:28:20;169;49,99;
20:28:23;170;49,99;
20:28:26;171;49,98;
20:28:32;168;49,98;
20:28:35;169;49,99;
20:28:38;172;49,98;
20:28:41;170;49,98;
20:28:44;167;49,98;
20:28:47;169;49,98;
20:28:50;166;49,98;
20:28:56;169;49,99;
20:29:02;164;49,99;
20:29:05;169;49,99;
20:29:08;167;49,99;
20:29:14;166;49,98;
20:29:20;167;49,98;
20:29:23;167;49,97;
20:29:26;163;49,96;
20:29:29;164;49,96;
20:29:32;162;49,96;
20:29:35;166;49,97;
20:29:38;165;49,97;
20:29:41;166;49,97;
20:29:44;164;49,97;
20:29:47;165;49,97;
20:29:50;165;49,98;
20:29:53;166;49,98;
20:29:56;165;49,97;
20:30:02;162;49,97;
20:30:05;161;49,97;
20:30:08;165;49,98;
20:30:11;167;49,98;
20:30:14;142;49,98;
20:30:17;149;49,98;
20:30:23;150;49,98;
20:30:26;159;49,96;
20:30:29;164;49,96;
20:30:32;165;49,96;
20:30:35;164;49,96;
20:30:38;163;49,97;
20:30:41;162;49,97;
20:30:44;162;49,98;
20:30:47;159;49,98;
20:30:50;161;49,98;
20:30:53;162;49,98;
20:30:56;161;49,98;
20:31:02;163;49,97;
20:31:11;162;49,96;
20:31:14;163;49,96;
20:31:20;159;49,96;
20:31:23;160;49,96;
20:31:26;161;49,96;
20:31:29;160;49,96;
20:31:32;161;49,96;
20:31:35;161;49,97;
20:31:41;159;49,97;
20:31:44;160;49,97;
20:31:47;158;49,97;
20:31:50;159;49,97;
20:31:53;160;49,97;
20:31:59;162;49,98;
20:32:05;157;49,98;
20:32:08;160;49,97;
20:32:14;159;49,97;
20:32:17;159;49,96;
20:32:26;161;49,96;
20:32:29;156;49,96;
20:32:32;161;49,96;
20:32:35;158;49,96;
20:32:41;160;49,97;
20:32:44;159;49,97;
20:32:47;158;49,96;
20:32:50;159;49,96;
20:32:59;158;49,97;
20:33:05;158;49,98;
20:33:11;158;49,99;
20:33:14;159;49,99;
20:33:17;158;49,99;
20:33:23;157;49,99;
20:33:29;158;49,99;
20:33:32;155;49,98;
20:33:35;156;49,98;
20:33:38;157;49,98;
20:33:44;156;49,97;
20:33:47;157;49,98;
20:33:50;155;49,98;
20:34:05;154;49,97;
20:34:08;150;49,97;
20:34:11;154;49,97;
20:34:14;156;49,97;
20:34:17;153;49,98;
20:34:20;151;49,97;
20:34:23;153;49,97;
20:34:26;151;49,97;
20:34:29;154;49,98;
20:34:32;154;49,97;
20:34:35;153;49,97;
20:34:38;151;49,96;
20:34:41;151;49,97;
20:34:44;137;49,97;
20:34:47;134;49,98;
20:34:53;155;49,98;
20:34:56;154;49,99;
20:34:59;151;49,99;
20:35:11;152;49,99;
20:35:14;152;49,98;
20:35:17;153;49,98;
20:35:20;149;49,98;
20:35:23;150;49,98;
20:35:35;150;49,97;
20:35:38;147;49,97;
20:35:41;149;49,97;
20:35:44;147;49,98;
20:35:47;146;49,98;
20:35:50;149;49,98;
20:35:53;148;49,97;
20:35:59;149;49,98;
20:36:02;148;49,98;
20:36:08;148;49,97;
20:36:11;146;49,97;
20:36:17;146;49,96;
20:36:20;147;49,96;
20:36:23;145;49,96;
20:36:26;147;49,96;
20:36:29;148;49,96;
20:36:32;144;49,96;
20:36:35;145;49,96;
20:36:41;146;49,96;
20:36:44;146;49,97;
20:36:47;144;49,98;
20:36:56;145;49,97;
20:36:59;143;49,97;
20:37:02;144;49,97;
20:37:08;143;49,97;
20:37:14;144;49,96;
20:37:17;143;49,96;
20:37:20;144;49,96;
20:37:26;142;49,96;
20:37:29;143;49,96;
20:37:41;141;49,96;
20:37:44;139;49,96;
20:37:47;142;49,97;
20:37:50;141;49,97;
20:37:56;143;49,97;
20:37:59;142;49,97;
20:38:02;140;49,97;
20:38:08;142;49,96;
20:38:11;139;49,96;
20:38:17;138;49,96;
20:38:20;141;49,96;
20:38:23;137;49,96;
20:38:26;137;49,97;
20:38:29;139;49,96;
20:38:32;137;49,96;
20:38:35;137;49,97;
20:38:38;136;49,96;
20:38:41;139;49,96;
20:38:44;140;49,96;
20:38:47;137;49,96;
20:38:50;138;49,97;
20:38:53;137;49,98;
20:38:56;138;49,98;
20:38:59;135;49,98;
20:39:02;137;49,98;
20:39:05;135;49,98;
20:39:14;137;49,97;
20:39:17;133;49,97;
20:39:20;132;49,97;
20:39:23;135;49,97;
20:39:26;134;49,97;
20:39:29;132;49,96;
20:39:32;134;49,96;
20:39:35;135;49,96;
20:39:38;133;49,96;
20:39:41;134;49,96;
20:39:44;132;49,96;
20:39:47;133;49,97;
20:39:50;132;49,97;
20:39:53;134;49,97;
20:39:59;131;49,97;
20:40:02;133;49,96;
20:40:05;132;49,96;
20:40:08;130;49,96;
20:40:11;133;49,96;
20:40:14;132;49,96;
20:40:23;130;49,96;
20:40:26;133;49,96;
20:40:29;132;49,96;
20:40:32;133;49,96;
20:40:35;132;49,96;
20:40:38;133;49,96;
20:40:41;131;49,96;
20:40:47;133;49,97;
20:40:50;132;49,97;
20:40:53;130;49,97;
20:40:56;131;49,97;
20:40:59;132;49,97;
20:41:02;131;49,97;
20:41:05;128;49,98;
20:41:08;127;49,98;
20:41:11;127;49,97;
20:41:14;126;49,98;
20:41:17;127;49,98;
20:41:20;129;49,98;
20:41:26;128;49,96;
20:41:29;127;49,96;
20:41:32;130;49,97;
20:41:38;127;49,97;
20:41:41;127;49,98;
20:41:44;126;49,98;
20:41:47;124;49,98;
20:41:50;126;49,99;
20:41:53;125;50,00;
20:41:56;126;50,00;
20:41:59;127;50,00;
20:42:02;126;50,00;
20:42:05;124;50,00;
20:42:11;127;49,99;
20:42:14;125;49,99;
20:42:17;122;49,99;
20:42:20;123;49,98;
20:42:23;124;49,98;
20:42:26;123;49,98;
20:42:29;120;49,97;
20:42:32;127;49,97;
20:42:35;123;49,97;
20:42:38;124;49,96;
20:42:41;122;49,97;
20:42:44;125;49,97;
20:42:47;123;49,98;
20:42:50;126;49,98;
20:42:53;124;49,98;
20:42:56;121;49,98;
20:42:59;122;49,98;
20:43:02;123;49,97;
20:43:05;121;49,98;
20:43:08;122;49,98;
20:43:11;121;49,98;
20:43:17;119;49,99;
20:43:20;120;49,99;
20:43:23;121;49,99;
20:43:26;119;49,99;
20:43:32;119;49,98;
20:43:38;121;49,98;
20:43:41;117;49,98;
20:43:44;118;49,98;
20:43:47;120;49,99;
20:43:53;119;49,99;
20:43:56;118;49,99;
20:43:59;121;49,99;
20:44:02;122;49,99;
20:44:05;118;49,99;
20:44:08;121;49,98;
20:44:11;116;49,98;
20:44:14;117;49,98;
20:44:17;118;49,99;
20:44:23;116;50,00;
20:44:26;118;50,00;
20:44:32;117;50,00;
20:44:35;117;49,99;
20:44:38;114;49,99;
20:44:41;117;49,99;
20:44:44;116;49,99;
20:44:47;118;49,99;
20:44:50;114;49,98;
20:44:53;102;49,99;
20:44:56;102;49,98;
20:44:59;117;49,98;
20:45:05;112;49,98;
20:45:08;117;49,97;
20:45:11;115;49,97;
20:45:17;111;49,97;
20:45:20;113;49,97;
20:45:23;115;49,97;
20:45:29;114;49,97;
20:45:32;114;49,98;
20:45:35;115;49,98;
20:45:38;113;49,98;
20:45:41;111;49,98;
20:45:44;112;49,98;
20:45:47;111;49,98;
20:45:53;111;49,97;
20:45:56;110;49,97;
20:46:02;112;49,97;
20:46:05;110;49,97;
20:46:08;111;49,97;
20:46:11;110;49,98;
20:46:14;111;49,98;
20:46:17;109;49,98;
20:46:20;108;49,98;
20:46:26;109;49,98;
20:46:29;110;49,98;
20:46:32;110;49,97;
20:46:35;109;49,97;
20:46:41;108;49,97;
20:46:47;107;49,96;
20:46:50;107;49,97;
20:46:53;109;49,97;
20:46:56;108;49,98;
20:46:59;106;49,98;
20:47:02;105;49,98;
20:47:05;109;49,99;
20:47:08;106;50,00;
20:47:14;109;50,01;
20:47:20;104;50,00;
20:47:26;103;50,00;
20:47:32;104;50,00;
20:47:35;103;50,00;
20:47:50;102;49,99;
20:47:53;101;49,99;
20:47:56;100;50,00;
20:47:59;102;50,00;
20:48:02;103;50,00;
20:48:08;101;49,99;
20:48:14;100;49,98;
20:48:20;101;49,98;
20:48:26;99;49,98;
20:48:29;98;49,98;
20:48:32;95;49,97;
20:48:35;96;49,97;
20:48:38;97;49,98;
20:48:47;96;49,98;
20:48:50;98;49,98;
20:48:53;97;49,98;
20:48:56;98;49,98;
20:49:02;99;49,99;
20:49:05;94;49,99;
20:49:08;98;49,99;
20:49:11;96;49,99;
20:49:14;96;50,00;
20:49:17;95;50,00;
20:49:20;97;49,99;
20:49:23;95;49,99;
20:49:26;94;50,00;
20:49:32;94;49,99;
20:49:38;94;49,98;
20:49:41;95;49,98;
20:49:44;96;49,98;
20:49:50;94;49,98;
20:49:56;96;49,99;
20:49:59;94;50,00;
20:50:02;93;50,00;
20:50:05;95;50,00;
20:50:08;93;49,99;
20:50:14;95;49,98;
20:50:17;90;49,98;
20:50:20;93;49,98;
20:50:29;92;49,98;
20:50:32;91;49,98;
20:50:38;94;49,98;
20:50:41;92;49,99;
20:50:44;92;49,98;
20:50:47;91;49,98;
20:50:50;90;49,98;
20:50:53;93;49,98;
20:50:56;89;49,99;
20:51:02;90;49,99;
20:51:05;89;50,00;
20:51:08;88;50,00;
20:51:11;89;50,00;
20:51:17;88;49,99;
20:51:23;89;49,99;
20:51:26;88;50,00;
20:51:29;89;50,00;
20:51:32;89;49,99;
20:51:35;88;50,00;
20:51:38;87;49,99;
20:51:41;89;49,99;
20:51:44;87;49,99;
20:51:53;88;49,99;
20:51:56;85;49,99;
20:51:59;87;49,99;
20:52:02;85;49,99;
20:52:05;87;49,99;
20:52:11;88;50,00;
20:52:14;86;50,00;
20:52:17;84;49,99;
20:52:20;85;49,99;
20:52:23;82;49,99;
20:52:29;83;50,00;
20:52:32;82;50,00;
20:52:35;85;50,00;
20:52:41;82;50,00;
20:52:44;83;50,00;
20:52:47;81;50,00;
20:52:50;82;50,00;
20:52:53;80;50,00;
20:52:59;82;50,00;
20:53:02;81;50,00;
20:53:05;80;50,00;
20:53:08;81;50,00;
20:53:14;79;50,00;
20:53:17;81;50,01;
20:53:20;82;50,01;
20:53:23;81;50,01;
20:53:29;80;50,00;
20:53:35;78;50,00;
20:53:38;79;50,00;
20:53:41;77;50,00;
20:53:44;79;50,00;
20:53:47;78;50,00;
20:53:50;76;50,01;
20:53:53;78;50,01;
20:53:56;77;50,01;
20:53:59;78;50,01;
20:54:02;76;50,00;
20:54:05;77;50,01;
20:54:08;75;50,01;
20:54:14;76;50,01;
20:54:17;78;50,01;
20:54:20;74;50,00;
20:54:23;75;50,00;
20:54:26;73;50,00;
20:54:29;76;50,00;
20:54:32;73;50,00;
20:54:41;72;50,01;
20:54:44;73;50,01;
20:54:47;73;50,00;
20:54:50;72;50,00;
20:54:56;74;50,00;
20:54:59;71;50,00;
20:55:02;58;50,00;
20:55:05;63;49,99;
20:55:08;71;49,98;
20:55:11;70;49,99;
20:55:14;70;50,00;
20:55:17;72;50,00;
20:55:20;71;50,00;
20:55:29;69;50,00;
20:55:41;70;50,00;
20:55:44;68;50,00;
20:55:50;70;50,00;
20:55:53;68;50,00;
20:56:02;66;50,00;
20:56:05;68;50,00;
20:56:08;67;50,00;
20:56:11;68;50,00;
20:56:14;67;50,00;
20:56:17;66;49,99;
20:56:20;68;50,00;
20:56:23;67;50,00;
20:56:26;64;50,00;
20:56:32;66;49,99;
20:56:35;65;50,00;
20:56:38;63;50,00;
20:56:41;64;49,99;
20:56:44;63;49,99;
20:56:47;63;50,00;
20:56:50;63;49,99;
20:56:53;63;50,00;
20:57:02;63;49,99;
20:57:08;62;50,00;
20:57:11;63;50,00;
20:57:20;60;50,00;
20:57:23;63;49,99;
20:57:26;60;49,98;
20:57:29;59;49,98;
20:57:32;57;49,97;
20:57:38;62;49,98;
20:57:41;60;49,98;
20:57:50;60;49,99;
20:57:53;60;49,98;
20:57:56;59;49,98;
20:57:59;63;49,98;
20:58:02;60;49,98;
20:58:05;59;49,98;
20:58:08;59;50,00;
20:58:11;60;50,00;
20:58:14;63;50,00;
20:58:17;62;50,00;
20:58:20;65;50,01;
20:58:23;27;50,01;
20:58:26;0;50,01;
20:58:38;49;50,01;
20:58:44;54;50,01;
20:58:47;56;50,01;
20:58:56;58;50,01;
20:59:05;56;50,01;
20:59:17;57;50,00;
20:59:23;54;50,00;
20:59:29;54;50,01;
20:59:32;55;50,01;
20:59:35;56;50,01;
20:59:38;57;50,01;
20:59:41;58;50,01;
20:59:44;55;50,00;
20:59:50;54;50,00;
20:59:53;52;50,00;
20:59:59;53;50,00;
21:00:02;52;50,01;
21:00:08;54;50,00;
21:00:14;55;50,00;
21:00:17;61;50,00;
21:00:20;54;50,00;
21:00:23;52;49,99;
21:00:35;51;49,98;
21:00:38;50;49,98;
21:00:44;52;49,98;
21:00:53;52;49,99;
21:00:56;50;49,99;
21:00:59;50;50,00;
21:01:02;52;50,00;
21:01:05;56;50,01;
21:01:08;50;50,01;
21:01:14;49;50,01;
21:01:20;49;50,00;
21:01:23;50;50,00;
21:01:32;49;50,00;
21:01:44;49;49,99;
21:01:47;49;49,98;
21:01:50;46;49,98;
21:01:56;47;49,98;
21:01:59;47;49,99;
21:02:02;48;49,99;
21:02:05;49;49,99;
21:02:08;47;49,99;
21:02:11;48;49,99;
21:02:14;46;49,99;
21:02:17;46;49,98;
21:02:20;47;49,98;
21:02:23;45;49,98;
21:02:29;49;49,99;
21:02:32;48;49,99;
21:02:35;45;49,99;
21:02:41;44;49,99;
21:02:47;45;50,00;
21:02:53;44;50,00;
21:02:59;43;50,00;
21:03:08;43;50,01;
21:03:11;43;50,00;
21:03:17;43;49,99;
21:03:23;43;49,98;
21:03:38;43;49,99;
21:03:41;41;50,00;
21:03:44;43;50,00;
21:03:53;41;50,00;
21:03:56;40;50,00;
21:03:59;39;50,00;
21:04:02;40;49,99;
21:04:11;38;49,98;
21:04:14;37;49,98;
21:04:17;40;49,98;
21:04:26;41;49,98;
21:04:29;40;49,98;
21:04:32;41;49,99;
21:04:38;37;50,00;
21:04:41;40;50,00;
21:04:47;39;50,00;
21:04:50;37;49,99;
21:05:05;34;49,99;
21:05:08;31;49,98;
21:05:11;34;49,98;
21:05:14;33;49,98;
21:05:17;37;49,98;
21:05:20;35;49,98;
21:05:23;33;49,97;
21:05:29;43;49,97;
21:05:32;33;49,97;
21:05:35;35;49,97;
21:05:38;34;49,97;
21:05:44;34;49,98;
21:05:47;33;49,98;
21:05:50;35;49,99;
21:05:53;33;49,99;
21:06:05;36;49,99;
21:06:08;33;50,00;
21:06:11;34;49,99;
21:06:17;33;49,99;
21:06:20;34;49,98;
21:06:23;33;49,98;
21:06:26;34;49,98;
21:06:29;32;49,98;
21:06:32;33;49,98;
21:06:38;28;49,98;
21:06:41;29;49,98;
21:06:44;36;49,99;
21:06:50;39;50,00;
21:06:53;34;50,00;
21:06:56;44;50,00;
21:06:59;34;50,00;
21:07:02;37;49,99;
21:07:05;36;49,99;
21:07:08;40;49,99;
21:07:11;37;49,99;
21:07:14;43;49,99;
21:07:20;44;49,98;
21:07:23;44;49,99;
21:07:26;40;49,99;
21:07:29;41;50,00;
21:07:32;35;50,00;
21:07:35;34;50,00;
21:07:38;43;50,00;
21:07:41;44;50,00;
21:07:44;43;50,00;
21:07:56;43;49,99;
21:07:59;49;49,99;
21:08:05;55;49,98;
21:08:08;48;49,98;
21:08:11;52;49,98;
21:08:14;54;49,98;
21:08:17;60;49,97;
21:08:20;57;49,97;
21:08:23;53;49,96;
21:08:26;54;49,97;
21:08:29;54;49,96;
21:08:35;0;49,96;
21:08:56;3;49,97;
21:09:02;12;49,96;
21:09:05;0;49,96;
21:09:08;19;49,96;
21:09:11;9;49,96;
21:09:14;8;49,96;
21:09:17;9;49,96;
21:09:20;0;49,96;
21:09:47;0;49,97;
21:09:50;0;49,98;
21:09:53;0;49,99;
21:10:05;0;49,98;
21:10:11;0;49,97;
21:10:17;0;49,96;
21:10:53;0;49,97;
21:10:56;0;49,98;
21:11:20;0;49,97;
21:11:23;0;49,96;
21:11:29;0;49,97;
21:11:38;0;49,96;
21:11:50;0;49,97;
21:12:08;0;49,96;
21:12:11;0;49,97;
21:12:23;0;49,96;
21:12:32;0;49,97;
21:12:56;0;49,98;
21:12:59;0;49,97;
21:13:14;0;49,98;
21:13:50;0;49,97;
21:13:53;0;49,96;
21:14:02;0;49,97;
21:14:14;0;49,98;
21:14:38;0;49,97;
21:15:17;0;49,96;
21:15:41;0;49,95;
21:15:50;0;49,96;
21:16:02;0;49,97;
21:16:23;0;49,96;
21:16:47;0;49,95;
21:16:53;0;49,96;
21:17:02;0;49,97;
21:17:29;0;49,96;
21:18:02;0;49,97;
21:18:20;0;49,96;
21:18:23;0;49,97;
21:18:26;0;49,96;
21:18:29;0;49,97;
21:18:44;0;49,98;
21:18:47;0;49,97;
21:18:53;0;49,98;
21:19:23;0;49,97;
21:19:26;0;49,96;
21:19:29;0;49,97;
21:19:35;0;49,96;
21:19:47;0;49,97;
21:19:56;0;49,98;
21:20:20;0;49,97;
21:20:29;0;49,96;
21:20:35;0;49,97;
21:21:11;0;49,98;
21:21:35;0;49,97;
21:21:47;0;49,98;
21:21:56;0;49,99;
21:21:59;0;50,00;
21:22:17;0;49,99;
21:22:29;0;49,98;
21:22:41;0;49,97;
21:22:50;0;49,98;
21:23:02;0;49,99;
21:23:08;0;50,00;
21:23:20;0;49,99;
21:23:29;0;49,98;
21:23:47;0;49,99;
21:23:56;;;
