time;pac;freq;
06:03:19;0;49,96;
06:03:22;0;50,04;
06:03:28;0;50,03;
06:03:34;0;50,02;
06:04:01;0;50,01;
06:04:34;112;50,01;
06:04:40;42;50,01;
06:04:43;47;50,01;
06:04:46;44;50,01;
06:04:49;46;50,01;
06:04:52;43;50,01;
06:04:55;44;50,01;
06:05:01;45;50,01;
06:05:04;44;50,01;
06:05:07;47;50,01;
06:05:10;46;50,01;
06:05:16;47;50,00;
06:05:19;47;50,01;
06:05:22;45;50,01;
06:05:25;48;50,01;
06:05:28;48;50,02;
06:05:34;47;50,02;
06:05:40;48;50,02;
06:05:43;47;50,03;
06:05:46;46;50,02;
06:05:49;47;50,02;
06:05:52;48;50,02;
06:05:58;48;50,03;
06:06:01;50;50,02;
06:06:04;48;50,02;
06:06:07;48;50,01;
06:06:10;50;50,01;
06:06:13;49;50,00;
06:06:16;51;50,00;
06:06:31;51;50,01;
06:06:34;52;50,01;
06:06:37;51;50,01;
06:06:40;53;50,01;
06:06:43;55;50,00;
06:06:46;56;50,00;
06:06:49;53;50,00;
06:06:52;52;50,00;
06:06:55;53;50,00;
06:06:58;57;50,01;
06:07:01;57;50,00;
06:07:13;58;50,01;
06:07:16;59;50,01;
06:07:22;60;50,01;
06:07:25;61;50,01;
06:07:28;60;50,01;
06:07:31;65;50,00;
06:07:37;62;49,99;
06:07:40;65;49,99;
06:07:43;63;49,99;
06:07:49;65;49,99;
06:07:55;65;49,98;
06:08:01;65;49,99;
06:08:07;66;50,01;
06:08:10;65;50,02;
06:08:13;66;50,02;
06:08:22;67;50,01;
06:08:25;66;50,01;
06:08:28;67;50,01;
06:08:31;68;50,00;
06:08:43;68;50,01;
06:08:46;70;50,01;
06:08:49;71;50,01;
06:08:52;70;50,01;
06:08:58;71;50,00;
06:09:07;72;50,00;
06:09:10;71;49,99;
06:09:13;72;49,99;
06:09:16;74;49,99;
06:09:19;73;49,98;
06:09:25;72;49,98;
06:09:28;73;49,98;
06:09:31;74;49,98;
06:09:37;75;49,98;
06:09:43;73;49,99;
06:09:49;75;49,99;
06:09:52;74;50,00;
06:09:55;75;50,00;
06:10:07;76;50,00;
06:10:10;75;49,99;
06:10:16;77;49,99;
06:10:19;80;49,99;
06:10:22;78;49,98;
06:10:25;77;49,98;
06:10:28;77;49,97;
06:10:34;75;49,97;
06:10:40;78;49,97;
06:10:43;79;49,97;
06:10:46;80;49,98;
06:10:49;81;49,98;
06:10:55;79;49,97;
06:10:58;76;49,97;
06:11:04;81;49,96;
06:11:10;83;49,97;
06:11:13;81;49,98;
06:11:16;82;49,98;
06:11:22;81;49,98;
06:11:25;82;49,98;
06:11:28;83;49,98;
06:11:34;82;49,98;
06:11:40;83;49,97;
06:11:55;84;49,96;
06:12:04;84;49,97;
06:12:10;85;49,98;
06:12:16;86;49,99;
06:12:19;85;49,99;
06:12:22;86;49,99;
06:12:25;85;49,99;
06:12:28;86;49,98;
06:12:31;85;49,98;
06:12:34;88;49,98;
06:12:37;86;49,98;
06:12:40;89;49,99;
06:12:46;89;50,00;
06:12:49;90;50,00;
06:12:52;88;50,00;
06:12:55;89;49,99;
06:12:58;90;49,98;
06:13:04;91;49,98;
06:13:07;90;49,98;
06:13:16;90;49,99;
06:13:19;90;50,00;
06:13:22;92;50,00;
06:13:28;92;49,99;
06:13:31;93;49,99;
06:13:34;94;49,98;
06:13:37;95;49,98;
06:13:40;93;49,98;
06:13:43;94;49,99;
06:13:46;95;49,99;
06:13:52;93;49,98;
06:13:55;96;49,99;
06:13:58;96;49,98;
06:14:10;96;49,97;
06:14:16;96;49,98;
06:14:19;98;49,98;
06:14:28;98;49,97;
06:14:31;76;49,97;
06:14:37;0;49,97;
06:14:40;0;49,96;
06:14:49;81;49,96;
06:14:52;92;49,97;
06:14:55;97;49,97;
06:14:58;98;49,98;
06:15:01;107;49,97;
06:15:04;105;49,97;
06:15:07;106;49,96;
06:15:13;90;49,96;
06:15:16;96;49,96;
06:15:19;97;49,96;
06:15:22;101;49,97;
06:15:25;109;49,97;
06:15:28;108;49,97;
06:15:34;112;49,97;
06:15:43;112;49,98;
06:15:46;114;49,98;
06:15:49;112;49,99;
06:15:52;113;50,00;
06:15:55;115;50,00;
06:15:58;115;50,01;
06:16:01;116;50,01;
06:16:04;117;50,01;
06:16:07;116;50,00;
06:16:10;115;50,00;
06:16:13;118;50,00;
06:16:16;120;50,00;
06:16:19;117;50,00;
06:16:22;116;50,00;
06:16:25;118;49,99;
06:16:28;120;49,99;
06:16:31;119;49,99;
06:16:34;118;49,99;
06:16:37;117;50,00;
06:16:40;116;50,00;
06:16:43;119;50,00;
06:16:49;121;50,00;
06:16:52;117;50,01;
06:16:55;121;50,01;
06:17:10;124;50,01;
06:17:13;121;50,01;
06:17:22;119;50,00;
06:17:25;121;50,00;
06:17:28;122;50,00;
06:17:31;123;50,00;
06:17:34;121;50,00;
06:17:37;123;50,00;
06:17:55;122;50,00;
06:18:01;123;50,01;
06:18:07;124;50,01;
06:18:10;124;50,00;
06:18:13;124;50,01;
06:18:19;125;50,02;
06:18:22;124;50,01;
06:18:25;125;50,01;
06:18:28;126;50,01;
06:18:31;125;50,00;
06:18:34;126;50,00;
06:18:37;125;50,00;
06:18:40;126;50,01;
06:18:43;127;50,01;
06:18:49;129;50,01;
06:18:52;127;50,01;
06:18:55;127;50,02;
06:19:04;130;50,02;
06:19:16;131;50,02;
06:19:19;129;50,01;
06:19:22;128;50,01;
06:19:28;131;50,01;
06:19:31;132;50,01;
06:19:37;131;50,00;
06:19:40;132;50,00;
06:19:46;136;50,00;
06:19:49;134;50,00;
06:19:52;134;50,01;
06:19:55;132;50,01;
06:19:58;133;50,00;
06:20:01;134;50,00;
06:20:04;136;50,00;
06:20:07;134;50,00;
06:20:10;136;50,00;
06:20:13;133;49,99;
06:20:16;133;50,00;
06:20:19;136;50,00;
06:20:28;138;49,99;
06:20:31;139;50,00;
06:20:34;138;50,00;
06:20:37;141;50,00;
06:20:40;142;50,00;
06:20:43;139;50,00;
06:20:46;140;50,00;
06:20:52;143;50,01;
06:20:55;141;50,01;
06:20:58;143;50,00;
06:21:01;142;50,00;
06:21:04;145;50,01;
06:21:13;147;50,01;
06:21:16;146;50,01;
06:21:19;149;50,01;
06:21:22;149;50,00;
06:21:28;147;50,00;
06:21:31;146;50,00;
06:21:34;147;50,00;
06:21:37;150;50,01;
06:21:40;149;50,01;
06:21:43;151;50,01;
06:21:46;155;50,00;
06:21:49;150;50,01;
06:21:52;158;50,01;
06:21:58;156;50,01;
06:22:04;153;50,00;
06:22:07;160;50,00;
06:22:10;154;50,00;
06:22:13;159;50,00;
06:22:16;160;50,00;
06:22:22;158;50,00;
06:22:25;161;50,00;
06:22:28;163;50,00;
06:22:31;162;50,00;
06:22:37;165;50,00;
06:22:40;163;50,00;
06:22:43;165;49,99;
06:22:46;165;50,00;
06:22:49;166;50,00;
06:22:58;170;50,00;
06:23:07;165;50,00;
06:23:10;169;50,00;
06:23:13;165;50,00;
06:23:16;166;50,00;
06:23:19;169;50,00;
06:23:22;170;50,00;
06:23:25;171;50,00;
06:23:31;170;50,00;
06:23:37;171;50,01;
06:23:40;173;50,01;
06:23:43;174;50,01;
06:23:49;174;50,00;
06:23:52;175;50,00;
06:23:55;174;50,00;
06:23:58;176;50,00;
06:24:01;169;50,00;
06:24:04;173;50,00;
06:24:10;177;50,01;
06:24:13;176;50,00;
06:24:16;175;50,00;
06:24:19;176;49,99;
06:24:25;178;49,99;
06:24:28;178;49,98;
06:24:31;177;49,98;
06:24:34;178;49,98;
06:24:37;177;49,98;
06:24:40;156;49,98;
06:24:43;131;49,99;
06:24:46;151;50,00;
06:24:49;164;50,00;
06:24:55;177;50,00;
06:24:58;175;50,00;
06:25:01;171;50,00;
06:25:04;179;50,00;
06:25:07;173;50,00;
06:25:10;178;50,00;
06:25:13;172;50,00;
06:25:16;177;50,00;
06:25:22;176;49,99;
06:25:31;176;50,00;
06:25:37;176;50,01;
06:25:43;170;50,01;
06:25:46;172;50,01;
06:25:49;177;50,00;
06:25:52;173;50,00;
06:25:55;174;50,00;
06:26:01;175;49,99;
06:26:04;174;49,99;
06:26:10;172;50,00;
06:26:13;170;50,00;
06:26:16;171;50,00;
06:26:19;170;50,00;
06:26:22;167;50,00;
06:26:25;172;49,99;
06:26:28;170;49,99;
06:26:31;172;49,98;
06:26:37;169;49,98;
06:26:40;171;49,98;
06:26:43;169;49,98;
06:26:46;169;49,99;
06:26:49;172;50,00;
06:26:52;165;50,00;
06:26:55;173;50,01;
06:26:58;166;50,01;
06:27:01;172;50,01;
06:27:07;167;50,00;
06:27:10;172;50,00;
06:27:13;167;50,00;
06:27:16;169;50,00;
06:27:28;169;49,99;
06:27:31;167;49,97;
06:27:34;168;49,97;
06:27:37;165;49,97;
06:27:40;169;49,98;
06:27:43;170;49,98;
06:27:46;169;49,98;
06:27:52;165;49,99;
06:27:55;163;49,99;
06:27:58;172;49,98;
06:28:01;169;49,98;
06:28:04;165;49,99;
06:28:07;169;49,99;
06:28:10;163;49,99;
06:28:13;172;49,99;
06:28:16;169;50,00;
06:28:19;170;50,00;
06:28:25;171;49,99;
06:28:28;169;49,98;
06:28:34;168;49,98;
06:28:37;167;49,98;
06:28:40;170;49,98;
06:28:43;168;49,98;
06:28:46;170;49,98;
06:28:49;171;49,98;
06:28:52;169;49,98;
06:28:58;168;49,98;
06:29:01;169;49,98;
06:29:04;172;49,98;
06:29:07;170;49,98;
06:29:10;174;49,98;
06:29:19;173;49,97;
06:29:22;172;49,97;
06:29:25;173;49,97;
06:29:28;177;49,97;
06:29:31;174;49,97;
06:29:34;177;49,98;
06:29:37;180;49,98;
06:29:40;179;49,99;
06:29:43;181;49,99;
06:29:46;180;49,99;
06:29:49;183;49,99;
06:29:52;174;49,99;
06:29:55;184;49,99;
06:30:04;176;49,99;
06:30:07;184;49,99;
06:30:10;160;49,99;
06:30:13;165;49,99;
06:30:16;168;49,99;
06:30:19;171;49,99;
06:30:22;175;49,99;
06:30:25;179;49,98;
06:30:28;179;49,96;
06:30:31;180;49,97;
06:30:37;179;49,98;
06:30:43;176;49,98;
06:30:46;177;49,99;
06:30:49;176;49,99;
06:30:52;174;50,00;
06:30:55;172;50,00;
06:30:58;171;50,00;
06:31:01;172;50,00;
06:31:04;170;50,00;
06:31:10;163;50,00;
06:31:13;161;50,00;
06:31:22;160;49,99;
06:31:25;158;49,98;
06:31:28;159;49,98;
06:31:31;155;49,98;
06:31:34;154;49,98;
06:31:37;151;49,98;
06:31:40;153;49,99;
06:31:43;150;49,99;
06:31:46;149;49,99;
06:31:49;147;49,99;
06:31:52;149;49,99;
06:31:55;146;50,00;
06:31:58;144;49,99;
06:32:01;142;49,99;
06:32:04;142;50,00;
06:32:07;141;50,00;
06:32:10;139;50,00;
06:32:16;141;50,00;
06:32:19;137;50,01;
06:32:22;137;50,00;
06:32:25;138;50,00;
06:32:28;136;49,99;
06:32:31;137;49,99;
06:32:37;136;49,99;
06:32:49;135;49,99;
06:32:52;134;49,99;
06:32:55;130;49,99;
06:33:01;131;50,00;
06:33:04;138;50,00;
06:33:07;139;49,99;
06:33:10;132;49,99;
06:33:13;136;49,99;
06:33:19;136;50,00;
06:33:22;134;50,00;
06:33:25;138;50,00;
06:33:28;137;49,99;
06:33:31;139;49,99;
06:33:34;136;49,99;
06:33:37;139;50,00;
06:33:40;140;50,00;
06:33:46;144;50,00;
06:33:52;143;50,00;
06:33:55;146;50,00;
06:33:58;147;50,01;
06:34:07;147;50,00;
06:34:10;149;50,00;
06:34:13;150;50,00;
06:34:19;152;49,99;
06:34:22;149;49,99;
06:34:25;153;49,99;
06:34:28;154;49,99;
06:34:31;157;50,00;
06:34:34;158;50,00;
06:34:37;160;50,00;
06:34:40;160;49,99;
06:34:43;163;49,99;
06:34:49;143;49,99;
06:34:55;169;49,98;
06:34:58;164;49,98;
06:35:01;173;49,98;
06:35:07;175;49,99;
06:35:13;179;49,99;
06:35:16;182;49,99;
06:35:19;184;49,98;
06:35:25;184;49,99;
06:35:28;185;49,99;
06:35:31;187;49,99;
06:35:34;189;49,99;
06:35:37;191;49,98;
06:35:40;189;49,98;
06:35:43;192;49,98;
06:35:49;192;49,97;
06:35:52;191;49,97;
06:35:55;192;49,97;
06:35:58;194;49,97;
06:36:01;198;49,97;
06:36:04;203;49,98;
06:36:07;206;49,98;
06:36:10;205;49,98;
06:36:13;207;49,98;
06:36:19;205;49,98;
06:36:22;206;49,97;
06:36:25;206;49,96;
06:36:28;210;49,96;
06:36:31;212;49,95;
06:36:37;213;49,95;
06:36:40;211;49,95;
06:36:43;214;49,95;
06:36:46;213;49,95;
06:36:49;215;49,95;
06:36:52;214;49,96;
06:36:55;215;49,96;
06:36:58;216;49,96;
06:37:01;213;49,96;
06:37:04;213;49,97;
06:37:07;211;49,98;
06:37:10;211;49,97;
06:37:13;208;49,97;
06:37:16;212;49,97;
06:37:19;210;49,97;
06:37:22;212;49,97;
06:37:25;211;49,97;
06:37:28;212;49,96;
06:37:31;212;49,97;
06:37:34;213;49,96;
06:37:37;214;49,96;
06:37:46;216;49,96;
06:37:49;213;49,96;
06:37:52;215;49,96;
06:37:58;214;49,96;
06:38:01;209;49,96;
06:38:04;210;49,97;
06:38:10;207;49,97;
06:38:13;205;49,97;
06:38:16;210;49,97;
06:38:19;212;49,98;
06:38:22;211;49,97;
06:38:25;207;49,97;
06:38:28;211;49,97;
06:38:31;210;49,97;
06:38:34;210;49,98;
06:38:43;210;49,97;
06:38:46;211;49,97;
06:38:49;213;49,97;
06:38:52;214;49,97;
06:38:55;216;49,96;
06:38:58;216;49,97;
06:39:04;217;49,98;
06:39:07;217;49,97;
06:39:10;213;49,97;
06:39:16;215;49,97;
06:39:19;213;49,96;
06:39:22;212;49,96;
06:39:25;211;49,96;
06:39:28;210;49,97;
06:39:31;211;49,97;
06:39:34;212;49,97;
06:39:37;210;49,97;
06:39:40;216;49,97;
06:39:43;215;49,97;
06:39:46;217;49,97;
06:39:49;216;49,97;
06:39:52;215;49,98;
06:39:55;214;49,98;
06:39:58;212;49,98;
06:40:01;215;49,98;
06:40:04;210;49,99;
06:40:07;214;49,99;
06:40:10;216;49,98;
06:40:13;215;49,98;
06:40:16;210;49,98;
06:40:22;214;49,97;
06:40:25;213;49,97;
06:40:28;211;49,96;
06:40:31;213;49,96;
06:40:34;211;49,96;
06:40:37;213;49,96;
06:40:40;210;49,96;
06:40:43;207;49,96;
06:40:46;213;49,96;
06:40:49;209;49,96;
06:40:52;213;49,96;
06:40:55;211;49,97;
06:40:58;207;49,96;
06:41:01;210;49,97;
06:41:10;207;49,97;
06:41:16;204;49,96;
06:41:19;205;49,97;
06:41:22;207;49,96;
06:41:28;204;49,96;
06:41:31;207;49,96;
06:41:34;203;49,97;
06:41:37;207;49,97;
06:41:43;207;49,96;
06:41:46;205;49,95;
06:41:49;204;49,95;
06:41:52;207;49,94;
06:41:55;207;49,95;
06:41:58;204;49,95;
06:42:04;202;49,95;
06:42:07;200;49,95;
06:42:16;203;49,95;
06:42:25;200;49,95;
06:42:28;202;49,95;
06:42:34;203;49,95;
06:42:37;199;49,95;
06:42:40;200;49,96;
06:42:43;201;49,96;
06:42:46;202;49,96;
06:42:49;198;49,96;
06:42:55;203;49,96;
06:42:58;201;49,97;
06:43:01;200;49,97;
06:43:04;203;49,97;
06:43:07;196;49,97;
06:43:10;202;49,97;
06:43:19;203;49,97;
06:43:22;193;49,97;
06:43:25;194;49,97;
06:43:28;195;49,97;
06:43:31;193;49,96;
06:43:34;197;49,97;
06:43:37;198;49,97;
06:43:40;197;49,97;
06:43:43;175;49,97;
06:43:46;179;49,97;
06:43:49;186;49,97;
06:43:52;191;49,97;
06:43:55;190;49,97;
06:43:58;193;49,96;
06:44:04;192;49,96;
06:44:07;191;49,96;
06:44:10;189;49,97;
06:44:13;190;49,97;
06:44:16;188;49,97;
06:44:19;186;49,98;
06:44:25;183;49,98;
06:44:28;184;49,98;
06:44:31;186;49,99;
06:44:34;183;49,99;
06:44:37;184;50,00;
06:44:46;183;50,00;
06:44:49;182;50,00;
06:44:52;181;50,00;
06:44:55;157;50,00;
06:44:58;155;50,00;
06:45:01;147;50,00;
06:45:04;156;50,00;
06:45:07;160;50,00;
06:45:10;168;50,00;
06:45:13;164;49,99;
06:45:16;172;49,99;
06:45:19;173;49,99;
06:45:22;165;49,99;
06:45:25;172;49,99;
06:45:31;169;49,99;
06:45:34;164;49,99;
06:45:37;166;49,99;
06:45:40;164;49,99;
06:45:43;160;50,00;
06:45:49;162;50,01;
06:45:52;163;50,00;
06:45:55;161;50,00;
06:46:01;160;50,00;
06:46:04;159;50,00;
06:46:16;155;50,01;
06:46:19;157;50,01;
06:46:22;160;50,01;
06:46:25;152;50,01;
06:46:28;155;50,00;
06:46:31;148;50,00;
06:46:34;147;50,00;
06:46:37;150;49,99;
06:46:40;153;49,98;
06:46:43;150;49,99;
06:46:46;153;49,98;
06:46:49;152;49,99;
06:46:52;151;49,99;
06:46:58;150;50,00;
06:47:01;150;49,99;
06:47:07;149;49,99;
06:47:10;150;49,98;
06:47:22;149;49,99;
06:47:25;150;49,99;
06:47:31;151;49,99;
06:47:34;150;49,99;
06:47:37;151;49,99;
06:47:40;152;49,98;
06:47:43;149;49,98;
06:47:46;152;49,99;
06:47:49;151;49,98;
06:47:52;150;49,99;
06:47:55;154;49,99;
06:47:58;148;49,99;
06:48:01;152;49,99;
06:48:07;152;50,00;
06:48:10;158;50,00;
06:48:13;151;50,00;
06:48:16;150;49,99;
06:48:19;160;49,99;
06:48:22;150;50,00;
06:48:28;160;50,00;
06:48:31;154;50,00;
06:48:34;161;50,00;
06:48:37;159;50,00;
06:48:40;163;50,00;
06:48:43;162;50,00;
06:48:46;163;50,00;
06:48:52;166;50,00;
06:48:55;165;50,00;
06:48:58;169;50,00;
06:49:04;172;50,01;
06:49:07;173;50,01;
06:49:13;178;50,01;
06:49:16;174;50,01;
06:49:22;178;50,01;
06:49:25;179;50,01;
06:49:28;181;50,00;
06:49:34;184;50,01;
06:49:37;185;50,01;
06:49:40;188;50,01;
06:49:43;189;50,01;
06:49:46;190;50,01;
06:49:49;189;50,01;
06:49:52;193;50,01;
06:49:55;192;50,01;
06:49:58;197;50,00;
06:50:01;199;50,00;
06:50:07;198;50,00;
06:50:10;205;50,00;
06:50:13;209;50,00;
06:50:16;203;49,99;
06:50:19;213;49,98;
06:50:25;208;49,97;
06:50:28;219;49,98;
06:50:31;222;49,98;
06:50:34;226;49,98;
06:50:40;222;49,98;
06:50:43;228;49,98;
06:50:46;233;49,98;
06:50:49;235;49,98;
06:50:52;236;49,98;
06:50:58;241;49,98;
06:51:01;240;49,98;
06:51:04;243;49,99;
06:51:07;249;49,99;
06:51:10;248;49,99;
06:51:13;246;49,99;
06:51:16;256;49,99;
06:51:19;260;49,98;
06:51:25;256;49,98;
06:51:28;267;49,99;
06:51:31;269;49,99;
06:51:34;265;50,00;
06:51:37;268;50,00;
06:51:40;278;50,00;
06:51:43;274;49,99;
06:51:46;277;49,99;
06:51:49;283;49,99;
06:51:52;282;49,99;
06:51:55;287;49,98;
06:51:58;285;49,98;
06:52:01;290;49,98;
06:52:04;294;49,98;
06:52:10;294;49,99;
06:52:13;299;49,99;
06:52:16;302;49,98;
06:52:19;304;49,98;
06:52:22;303;49,97;
06:52:31;314;49,97;
06:52:34;315;49,98;
06:52:37;318;49,98;
06:52:40;317;49,98;
06:52:43;323;49,99;
06:52:46;327;49,99;
06:52:49;326;50,00;
06:52:52;331;50,00;
06:52:55;333;49,99;
06:53:01;337;49,99;
06:53:07;343;49,99;
06:53:16;349;49,98;
06:53:19;351;49,98;
06:53:22;345;49,98;
06:53:25;349;49,97;
06:53:28;349;49,98;
06:53:31;357;49,97;
06:53:37;359;49,98;
06:53:40;356;49,98;
06:53:43;357;49,98;
06:53:46;360;49,98;
06:53:49;361;49,97;
06:53:52;363;49,97;
06:53:55;366;49,96;
06:53:58;364;49,96;
06:54:01;365;49,96;
06:54:04;366;49,96;
06:54:07;369;49,96;
06:54:13;370;49,97;
06:54:16;367;49,97;
06:54:19;363;49,97;
06:54:22;369;49,97;
06:54:25;371;49,97;
06:54:28;373;49,97;
06:54:31;375;49,96;
06:54:34;377;49,96;
06:54:37;376;49,96;
06:54:43;377;49,96;
06:54:46;379;49,97;
06:54:52;375;49,97;
06:54:55;376;49,97;
06:55:01;378;49,98;
06:55:04;379;49,97;
06:55:07;378;49,96;
06:55:10;379;49,96;
06:55:13;378;49,96;
06:55:16;381;49,96;
06:55:19;385;49,96;
06:55:22;381;49,96;
06:55:37;382;49,96;
06:55:40;381;49,96;
06:55:43;380;49,96;
06:55:52;378;49,96;
06:55:58;375;49,97;
06:56:01;371;49,97;
06:56:04;375;49,98;
06:56:07;374;49,98;
06:56:13;367;49,98;
06:56:16;369;49,98;
06:56:19;359;49,98;
06:56:22;367;49,98;
06:56:25;369;49,98;
06:56:28;370;49,97;
06:56:34;368;49,98;
06:56:37;370;49,99;
06:56:40;367;50,00;
06:56:43;368;50,01;
06:56:46;370;50,01;
06:56:49;373;50,01;
06:56:52;357;50,01;
06:56:55;361;50,01;
06:56:58;361;50,02;
06:57:01;359;50,01;
06:57:04;356;50,01;
06:57:07;357;50,01;
06:57:10;355;50,01;
06:57:13;355;50,02;
06:57:16;347;50,02;
06:57:19;354;50,01;
06:57:22;350;50,01;
06:57:25;351;50,01;
06:57:28;348;50,01;
06:57:31;349;50,01;
06:57:34;348;50,01;
06:57:40;347;50,00;
06:57:43;346;50,00;
06:57:46;343;50,00;
06:57:49;344;50,00;
06:57:55;342;50,00;
06:57:58;339;50,00;
06:58:01;341;50,00;
06:58:04;335;50,01;
06:58:07;336;50,01;
06:58:10;334;50,00;
06:58:13;335;50,00;
06:58:16;334;50,00;
06:58:19;332;50,00;
06:58:22;337;50,00;
06:58:25;337;49,99;
06:58:28;328;50,00;
06:58:31;334;49,99;
06:58:34;331;49,99;
06:58:37;332;49,99;
06:58:40;328;49,98;
06:58:49;332;49,98;
06:58:52;331;49,99;
06:58:58;327;50,00;
06:59:01;330;50,00;
06:59:04;330;50,01;
06:59:07;331;50,01;
06:59:10;325;50,01;
06:59:13;327;50,01;
06:59:16;329;50,01;
06:59:19;328;50,01;
06:59:22;324;50,01;
06:59:25;327;50,01;
06:59:31;328;50,01;
06:59:34;327;50,01;
06:59:40;321;50,01;
06:59:43;328;50,01;
06:59:46;325;50,01;
06:59:49;322;50,01;
06:59:52;324;50,01;
06:59:55;325;50,03;
07:00:01;324;50,03;
07:00:04;322;50,04;
07:00:07;324;50,03;
07:00:10;325;50,03;
07:00:13;326;50,03;
07:00:16;326;50,02;
07:00:19;325;50,02;
07:00:22;324;50,02;
07:00:25;322;50,01;
07:00:28;328;50,02;
07:00:31;323;50,01;
07:00:37;324;50,03;
07:00:40;322;50,03;
07:00:43;324;50,04;
07:00:46;325;50,05;
07:00:49;324;50,05;
07:00:52;326;50,05;
07:00:55;321;50,05;
07:00:58;322;50,05;
07:01:01;320;50,06;
07:01:04;327;50,06;
07:01:07;322;50,06;
07:01:13;321;50,06;
07:01:19;323;50,06;
07:01:22;323;50,05;
07:01:25;318;50,05;
07:01:28;322;50,05;
07:01:31;323;50,05;
07:01:34;316;50,05;
07:01:37;318;50,05;
07:01:43;313;50,05;
07:01:46;317;50,05;
07:01:49;313;50,06;
07:01:52;316;50,06;
07:01:55;317;50,05;
07:01:58;315;50,05;
07:02:01;314;50,05;
07:02:04;310;50,05;
07:02:07;315;50,06;
07:02:10;313;50,06;
07:02:19;308;50,05;
07:02:22;312;50,05;
07:02:25;309;50,06;
07:02:28;308;50,05;
07:02:31;312;50,05;
07:02:34;308;50,05;
07:02:37;312;50,05;
07:02:40;311;50,05;
07:02:43;308;50,05;
07:02:49;303;50,05;
07:02:52;307;50,04;
07:02:55;308;50,05;
07:02:58;307;50,05;
07:03:01;307;50,06;
07:03:04;310;50,06;
07:03:07;309;50,06;
07:03:10;306;50,06;
07:03:13;304;50,06;
07:03:16;306;50,06;
07:03:19;313;50,05;
07:03:22;310;50,05;
07:03:25;306;50,05;
07:03:28;312;50,05;
07:03:31;311;50,05;
07:03:34;313;50,05;
07:03:37;314;50,05;
07:03:40;316;50,05;
07:03:43;313;50,05;
07:03:46;318;50,05;
07:03:49;313;50,05;
07:03:55;320;50,06;
07:03:58;319;50,05;
07:04:01;314;50,05;
07:04:04;318;50,04;
07:04:07;321;50,04;
07:04:16;316;50,04;
07:04:19;322;50,05;
07:04:22;322;50,04;
07:04:25;316;50,03;
07:04:28;322;50,04;
07:04:34;315;50,04;
07:04:40;319;50,05;
07:04:43;317;50,04;
07:04:46;309;50,04;
07:04:49;313;50,04;
07:04:52;309;50,04;
07:04:58;310;50,04;
07:05:01;308;50,05;
07:05:07;307;50,05;
07:05:10;304;50,05;
07:05:13;305;50,05;
07:05:16;301;50,04;
07:05:19;303;50,03;
07:05:22;302;50,03;
07:05:25;304;50,03;
07:05:28;300;50,03;
07:05:31;303;50,03;
07:05:34;305;50,03;
07:05:40;308;50,03;
07:05:46;305;50,03;
07:05:49;306;50,03;
07:05:52;312;50,03;
07:05:55;306;50,03;
07:05:58;307;50,03;
07:06:04;310;50,02;
07:06:07;311;50,02;
07:06:13;310;50,03;
07:06:16;309;50,03;
07:06:22;313;50,03;
07:06:25;311;50,02;
07:06:28;313;50,02;
07:06:31;311;50,02;
07:06:34;319;50,02;
07:06:37;313;50,02;
07:06:43;319;50,02;
07:06:46;313;50,02;
07:06:52;314;50,03;
07:06:55;315;50,02;
07:06:58;310;50,03;
07:07:01;314;50,03;
07:07:04;317;50,02;
07:07:07;316;50,02;
07:07:10;317;50,01;
07:07:13;318;50,01;
07:07:16;323;50,01;
07:07:19;324;50,01;
07:07:22;321;50,01;
07:07:25;320;50,01;
07:07:28;315;50,01;
07:07:31;323;50,01;
07:07:34;326;50,01;
07:07:37;321;50,01;
07:07:40;328;50,02;
07:07:43;322;50,02;
07:07:46;322;50,01;
07:07:49;328;50,01;
07:07:52;329;50,01;
07:07:58;327;50,01;
07:08:01;327;50,00;
07:08:04;330;50,01;
07:08:10;331;50,00;
07:08:13;330;50,00;
07:08:16;332;50,00;
07:08:19;330;50,00;
07:08:22;331;50,00;
07:08:25;332;50,01;
07:08:28;334;50,00;
07:08:31;332;50,00;
07:08:34;336;50,00;
07:08:37;338;50,00;
07:08:40;337;50,00;
07:08:43;336;50,00;
07:08:46;339;50,00;
07:08:49;338;50,00;
07:08:52;336;49,99;
07:08:55;338;49,99;
07:08:58;343;49,99;
07:09:01;346;49,99;
07:09:04;343;49,99;
07:09:07;346;50,00;
07:09:10;346;50,01;
07:09:13;348;50,00;
07:09:16;351;50,00;
07:09:19;350;50,00;
07:09:22;356;50,00;
07:09:25;354;50,00;
07:09:28;355;50,01;
07:09:31;351;50,01;
07:09:34;362;50,00;
07:09:37;352;50,01;
07:09:40;362;50,01;
07:09:43;365;50,01;
07:09:49;367;50,00;
07:09:52;362;49,99;
07:09:55;365;49,99;
07:09:58;372;49,99;
07:10:01;373;50,00;
07:10:04;376;50,00;
07:10:10;377;50,00;
07:10:13;380;50,00;
07:10:16;381;50,01;
07:10:19;382;50,00;
07:10:22;381;50,00;
07:10:25;354;50,00;
07:10:28;366;50,00;
07:10:31;371;50,00;
07:10:34;385;50,00;
07:10:37;390;50,00;
07:10:40;385;50,00;
07:10:43;390;50,00;
07:10:46;392;50,01;
07:10:49;395;50,01;
07:10:55;398;50,00;
07:10:58;394;50,00;
07:11:01;397;50,01;
07:11:04;394;50,01;
07:11:07;396;50,01;
07:11:10;396;50,02;
07:11:13;399;50,01;
07:11:19;400;50,01;
07:11:22;401;50,02;
07:11:25;403;50,02;
07:11:28;401;50,01;
07:11:31;404;50,01;
07:11:34;403;50,01;
07:11:37;404;50,01;
07:11:40;403;50,01;
07:11:43;406;50,01;
07:11:46;406;50,02;
07:11:49;407;50,01;
07:11:52;404;50,01;
07:12:01;408;50,01;
07:12:04;409;50,01;
07:12:07;408;50,01;
07:12:10;409;50,01;
07:12:13;412;50,01;
07:12:16;409;50,01;
07:12:19;410;50,01;
07:12:22;412;50,01;
07:12:25;413;50,01;
07:12:28;408;50,01;
07:12:31;414;50,02;
07:12:34;414;50,01;
07:12:37;415;50,01;
07:12:40;407;50,01;
07:12:43;417;50,01;
07:12:46;418;50,01;
07:12:49;417;50,01;
07:12:52;415;50,01;
07:12:55;413;50,01;
07:12:58;412;50,01;
07:13:01;416;50,01;
07:13:07;419;50,00;
07:13:10;420;50,00;
07:13:13;421;50,00;
07:13:19;422;50,00;
07:13:22;423;50,00;
07:13:25;418;50,00;
07:13:28;424;50,00;
07:13:31;429;50,00;
07:13:34;425;50,01;
07:13:37;422;50,01;
07:13:40;428;50,01;
07:13:43;433;50,00;
07:13:52;434;50,01;
07:13:55;438;50,01;
07:13:58;437;50,01;
07:14:01;432;50,00;
07:14:04;440;50,00;
07:14:07;440;50,01;
07:14:10;442;50,00;
07:14:13;442;50,01;
07:14:16;449;50,01;
07:14:19;448;50,01;
07:14:22;452;50,01;
07:14:25;447;50,01;
07:14:28;455;50,00;
07:14:31;454;50,00;
07:14:34;455;50,00;
07:14:37;451;50,00;
07:14:40;463;50,00;
07:14:43;467;50,00;
07:14:49;461;50,00;
07:14:52;472;50,00;
07:14:58;475;50,00;
07:15:01;473;49,99;
07:15:04;479;49,98;
07:15:07;478;49,98;
07:15:10;480;49,97;
07:15:13;483;49,98;
07:15:16;484;49,98;
07:15:19;487;49,98;
07:15:22;488;49,99;
07:15:25;486;50,00;
07:15:28;492;50,00;
07:15:31;495;50,00;
07:15:34;499;50,00;
07:15:37;491;50,00;
07:15:40;499;50,00;
07:15:43;504;50,00;
07:15:46;502;50,00;
07:15:49;497;50,00;
07:15:52;498;49,99;
07:15:55;496;49,99;
07:15:58;502;49,99;
07:16:04;505;50,00;
07:16:07;508;50,00;
07:16:10;510;50,01;
07:16:16;510;50,00;
07:16:19;508;50,00;
07:16:22;505;50,00;
07:16:25;507;50,00;
07:16:31;510;50,00;
07:16:34;510;50,01;
07:16:37;508;50,01;
07:16:40;506;50,01;
07:16:43;507;50,01;
07:16:46;503;50,01;
07:16:49;506;50,01;
07:16:52;504;50,01;
07:16:58;500;50,01;
07:17:01;502;50,01;
07:17:04;501;50,01;
07:17:10;495;50,01;
07:17:13;496;50,01;
07:17:16;495;50,01;
07:17:22;491;50,01;
07:17:25;492;50,01;
07:17:28;489;50,01;
07:17:31;490;50,01;
07:17:34;489;50,01;
07:17:40;487;50,00;
07:17:43;486;50,00;
07:17:46;481;50,00;
07:17:49;485;50,00;
07:17:52;474;50,00;
07:17:55;484;50,00;
07:17:58;485;50,00;
07:18:01;480;50,00;
07:18:04;475;50,00;
07:18:07;480;49,99;
07:18:10;476;49,99;
07:18:13;479;49,99;
07:18:16;475;49,99;
07:18:19;474;49,99;
07:18:25;473;49,99;
07:18:28;473;49,98;
07:18:34;470;49,98;
07:18:40;468;49,99;
07:18:43;467;49,99;
07:18:46;468;49,99;
07:18:52;467;50,00;
07:18:55;464;49,99;
07:19:01;462;49,99;
07:19:10;463;49,99;
07:19:13;461;49,99;
07:19:16;460;49,99;
07:19:19;455;49,99;
07:19:22;458;49,99;
07:19:25;457;49,99;
07:19:31;455;49,98;
07:19:37;454;49,98;
07:19:40;455;49,98;
07:19:43;453;49,98;
07:19:46;453;49,97;
07:19:49;453;49,98;
07:19:55;451;49,98;
07:19:58;452;49,98;
07:20:01;450;49,99;
07:20:07;449;49,99;
07:20:10;451;49,99;
07:20:13;445;50,00;
07:20:16;446;50,00;
07:20:19;444;50,00;
07:20:22;445;50,00;
07:20:25;447;50,00;
07:20:28;446;50,00;
07:20:37;443;50,00;
07:20:40;440;49,99;
07:20:46;443;49,99;
07:20:52;442;49,99;
07:20:55;437;50,00;
07:20:58;443;49,99;
07:21:01;445;50,00;
07:21:04;437;50,00;
07:21:07;438;50,00;
07:21:13;442;49,98;
07:21:16;438;49,98;
07:21:19;433;49,99;
07:21:22;438;50,00;
07:21:25;441;49,99;
07:21:28;438;49,99;
07:21:31;442;49,99;
07:21:34;441;49,98;
07:21:37;439;49,98;
07:21:40;441;49,98;
07:21:43;438;49,99;
07:21:46;440;49,99;
07:21:49;438;49,99;
07:21:55;440;49,99;
07:21:58;439;49,99;
07:22:01;437;49,99;
07:22:04;438;49,99;
07:22:07;431;49,98;
07:22:10;433;49,99;
07:22:13;436;49,99;
07:22:19;434;49,98;
07:22:22;438;49,99;
07:22:25;435;49,99;
07:22:28;437;49,99;
07:22:31;432;49,99;
07:22:34;431;49,99;
07:22:37;434;49,99;
07:22:40;433;49,99;
07:22:43;434;49,98;
07:22:46;430;49,98;
07:22:49;436;49,98;
07:22:52;433;49,98;
07:22:58;427;49,98;
07:23:04;430;49,98;
07:23:07;432;49,98;
07:23:10;428;49,98;
07:23:13;430;49,99;
07:23:16;428;49,99;
07:23:19;429;49,99;
07:23:25;428;49,99;
07:23:28;424;49,99;
07:23:31;427;49,98;
07:23:34;424;49,98;
07:23:40;421;49,98;
07:23:43;424;49,98;
07:23:52;420;49,98;
07:23:55;423;49,98;
07:23:58;422;49,98;
07:24:01;423;49,98;
07:24:04;422;49,98;
07:24:10;424;49,99;
07:24:13;419;50,00;
07:24:16;420;50,00;
07:24:19;425;50,01;
07:24:22;423;50,00;
07:24:25;424;50,00;
07:24:28;425;50,00;
07:24:31;424;49,99;
07:24:34;422;49,99;
07:24:37;426;49,99;
07:24:40;424;50,00;
07:24:43;426;50,00;
07:24:49;427;50,00;
07:24:52;428;50,00;
07:24:55;429;50,00;
07:25:01;433;50,00;
07:25:04;431;49,99;
07:25:07;434;49,98;
07:25:16;435;49,97;
07:25:19;439;49,97;
07:25:22;436;49,97;
07:25:25;435;49,97;
07:25:28;442;49,97;
07:25:31;443;49,96;
07:25:34;445;49,96;
07:25:37;440;49,96;
07:25:40;450;49,98;
07:25:43;449;49,98;
07:25:46;456;49,98;
07:25:49;451;49,98;
07:25:52;456;49,98;
07:25:55;461;49,98;
07:25:58;457;49,98;
07:26:01;463;49,98;
07:26:04;469;49,98;
07:26:10;470;49,98;
07:26:13;472;49,98;
07:26:16;480;49,98;
07:26:22;486;49,98;
07:26:25;483;49,97;
07:26:28;493;49,97;
07:26:31;498;49,96;
07:26:34;496;49,96;
07:26:37;494;49,96;
07:26:40;502;49,96;
07:26:46;510;49,97;
07:26:49;508;49,96;
07:26:52;515;49,96;
07:26:55;519;49,96;
07:26:58;515;49,97;
07:27:01;519;49,97;
07:27:07;530;49,98;
07:27:13;531;49,98;
07:27:16;535;49,98;
07:27:19;539;49,98;
07:27:22;544;49,98;
07:27:25;546;49,98;
07:27:28;545;49,97;
07:27:31;551;49,96;
07:27:34;555;49,96;
07:27:37;559;49,96;
07:27:40;560;49,96;
07:27:43;559;49,97;
07:27:46;566;49,97;
07:27:49;570;49,97;
07:27:52;569;49,97;
07:27:55;579;49,98;
07:27:58;576;49,98;
07:28:01;579;49,98;
07:28:04;589;49,98;
07:28:07;583;49,98;
07:28:13;600;49,97;
07:28:16;594;49,97;
07:28:19;602;49,97;
07:28:22;601;49,97;
07:28:25;608;49,97;
07:28:28;610;49,97;
07:28:31;612;49,97;
07:28:34;613;49,97;
07:28:37;620;49,97;
07:28:40;622;49,97;
07:28:43;614;49,97;
07:28:46;619;49,98;
07:28:49;626;49,98;
07:28:52;623;49,98;
07:28:58;628;49,98;
07:29:01;629;49,98;
07:29:04;624;49,98;
07:29:07;638;49,98;
07:29:10;636;49,99;
07:29:13;637;49,99;
07:29:19;645;49,98;
07:29:22;647;49,99;
07:29:25;645;50,00;
07:29:28;646;49,99;
07:29:31;652;49,99;
07:29:34;650;49,99;
07:29:37;651;49,99;
07:29:43;654;49,98;
07:29:46;657;49,99;
07:29:49;654;49,99;
07:29:52;649;50,00;
07:29:55;659;50,00;
07:29:58;658;50,00;
07:30:01;661;50,00;
07:30:04;657;49,99;
07:30:07;661;49,99;
07:30:10;660;49,99;
07:30:13;662;49,99;
07:30:16;659;49,99;
07:30:19;666;50,00;
07:30:25;670;50,00;
07:30:28;652;50,00;
07:30:31;671;50,00;
07:30:34;669;50,00;
07:30:37;673;50,00;
07:30:40;670;50,00;
07:30:43;668;50,00;
07:30:46;670;50,00;
07:30:49;671;50,00;
07:30:52;664;49,99;
07:30:55;671;49,99;
07:30:58;673;49,99;
07:31:01;671;49,99;
07:31:04;666;49,99;
07:31:07;669;50,00;
07:31:10;674;50,00;
07:31:13;675;50,00;
07:31:16;671;50,00;
07:31:19;676;50,00;
07:31:22;675;50,00;
07:31:25;671;50,00;
07:31:31;679;49,99;
07:31:34;677;49,99;
07:31:37;679;49,99;
07:31:40;678;49,99;
07:31:43;675;49,99;
07:31:46;679;49,99;
07:31:55;678;49,99;
07:31:58;680;49,99;
07:32:01;683;49,98;
07:32:04;682;49,98;
07:32:07;680;49,99;
07:32:10;681;49,99;
07:32:16;683;50,00;
07:32:22;685;50,00;
07:32:28;689;50,00;
07:32:31;687;50,00;
07:32:34;689;50,00;
07:32:37;692;50,00;
07:32:40;689;49,99;
07:32:43;690;50,00;
07:32:46;696;49,99;
07:32:49;695;49,99;
07:32:52;699;49,99;
07:32:55;691;49,99;
07:32:58;692;50,00;
07:33:01;699;50,00;
07:33:04;693;50,01;
07:33:07;696;50,01;
07:33:10;705;50,01;
07:33:13;706;50,00;
07:33:16;707;50,00;
07:33:22;709;49,99;
07:33:25;692;49,99;
07:33:28;707;49,99;
07:33:31;708;50,00;
07:33:34;712;50,00;
07:33:37;713;50,00;
07:33:40;715;49,99;
07:33:46;716;49,99;
07:33:49;715;49,99;
07:33:52;717;49,99;
07:33:55;710;49,99;
07:33:58;716;49,99;
07:34:01;721;49,99;
07:34:04;714;49,99;
07:34:07;715;50,00;
07:34:10;720;50,00;
07:34:13;724;50,00;
07:34:16;720;50,00;
07:34:19;718;50,00;
07:34:22;717;49,99;
07:34:28;716;49,97;
07:34:31;715;49,97;
07:34:34;711;49,96;
07:34:37;714;49,97;
07:34:40;722;49,97;
07:34:43;720;49,97;
07:34:46;716;49,98;
07:34:49;717;49,98;
07:34:55;715;49,98;
07:34:58;713;50,00;
07:35:04;709;50,00;
07:35:07;707;50,00;
07:35:10;710;50,00;
07:35:13;711;50,00;
07:35:16;710;49,99;
07:35:19;708;49,98;
07:35:22;705;49,97;
07:35:25;711;49,96;
07:35:28;709;49,96;
07:35:34;707;49,97;
07:35:37;708;49,97;
07:35:46;703;49,98;
07:35:49;707;49,98;
07:35:52;705;49,98;
07:35:58;707;49,97;
07:36:01;708;49,98;
07:36:04;707;49,97;
07:36:07;705;49,98;
07:36:10;699;49,98;
07:36:13;703;49,98;
07:36:19;705;49,98;
07:36:22;699;49,98;
07:36:25;704;49,98;
07:36:28;703;49,98;
07:36:31;705;49,97;
07:36:34;704;49,97;
07:36:37;701;49,97;
07:36:40;705;49,97;
07:36:43;703;49,97;
07:36:49;695;49,98;
07:36:52;700;49,98;
07:36:55;703;49,98;
07:36:58;702;49,98;
07:37:01;700;49,98;
07:37:04;705;49,97;
07:37:07;706;49,96;
07:37:10;708;49,96;
07:37:13;704;49,96;
07:37:16;705;49,97;
07:37:19;704;49,97;
07:37:25;703;49,97;
07:37:28;706;49,97;
07:37:31;710;49,98;
07:37:37;709;49,98;
07:37:40;710;49,98;
07:37:43;709;49,98;
07:37:46;711;49,98;
07:37:49;698;49,98;
07:37:52;712;49,98;
07:37:55;700;49,99;
07:37:58;714;49,99;
07:38:01;708;50,00;
07:38:04;706;50,00;
07:38:07;707;50,00;
07:38:10;720;50,00;
07:38:13;710;50,00;
07:38:16;715;50,00;
07:38:19;720;50,00;
07:38:22;721;50,00;
07:38:25;720;49,99;
07:38:31;721;49,98;
07:38:34;722;49,98;
07:38:37;717;49,98;
07:38:40;721;49,98;
07:38:43;722;49,99;
07:38:46;723;49,99;
07:38:49;716;49,99;
07:38:52;721;49,99;
07:38:55;717;49,98;
07:39:01;712;49,98;
07:39:04;717;49,98;
07:39:07;711;49,98;
07:39:10;715;49,98;
07:39:13;707;49,98;
07:39:16;714;49,98;
07:39:19;708;49,97;
07:39:22;711;49,97;
07:39:28;710;49,97;
07:39:37;702;49,97;
07:39:40;707;49,97;
07:39:43;704;49,97;
07:39:46;705;49,97;
07:39:49;699;49,96;
07:39:52;702;49,96;
07:39:58;701;49,96;
07:40:01;687;49,96;
07:40:04;694;49,97;
07:40:07;696;49,97;
07:40:13;692;49,97;
07:40:16;693;49,97;
07:40:19;693;49,98;
07:40:22;694;49,98;
07:40:25;689;49,98;
07:40:28;691;49,98;
07:40:31;690;49,98;
07:40:34;692;49,98;
07:40:37;682;49,98;
07:40:40;684;49,98;
07:40:43;689;49,98;
07:40:45;690;49,99;
07:40:50;689;50,00;
07:40:53;696;50,01;
07:40:56;695;50,01;
07:40:59;697;50,01;
07:41:02;694;50,01;
07:41:05;682;50,00;
07:41:08;690;49,99;
07:41:10;684;49,99;
07:41:12;681;49,98;
07:41:15;686;49,98;
07:41:20;680;49,97;
07:41:25;684;49,98;
07:41:27;682;49,98;
07:41:30;683;49,98;
07:41:40;677;49,98;
07:41:42;684;49,98;
07:41:49;683;49,98;
07:41:52;679;49,98;
07:41:55;682;49,98;
07:41:58;684;49,99;
07:42:01;683;50,00;
07:42:05;678;50,00;
07:42:09;681;50,00;
07:42:12;680;49,99;
07:42:14;683;50,00;
07:42:16;679;50,00;
07:42:20;676;49,99;
07:42:26;677;49,99;
07:42:30;672;49,99;
07:42:33;674;49,99;
07:42:35;677;49,99;
07:42:37;676;49,99;
07:42:39;672;49,99;
07:42:41;676;49,99;
07:42:48;674;49,99;
07:42:51;675;49,99;
07:42:54;669;49,99;
07:42:56;671;49,99;
07:43:04;667;49,99;
07:43:08;668;50,00;
07:43:10;671;50,00;
07:43:12;675;50,00;
07:43:20;674;50,01;
07:43:24;671;50,01;
07:43:26;676;50,00;
07:43:28;661;50,00;
07:43:35;669;50,00;
07:43:37;674;49,99;
07:43:39;667;49,99;
07:43:42;671;49,98;
07:43:45;672;49,98;
07:43:47;673;49,98;
07:43:49;672;49,97;
07:43:51;666;49,97;
07:43:54;668;49,97;
07:43:56;669;49,97;
07:44:03;680;49,96;
07:44:06;677;49,96;
07:44:08;682;49,96;
07:44:10;684;49,97;
07:44:13;675;49,97;
07:44:20;683;49,97;
07:44:27;684;49,97;
07:44:29;688;49,97;
07:44:31;691;49,97;
07:44:34;693;49,97;
07:44:41;695;49,97;
07:44:44;694;49,97;
07:44:48;699;49,97;
07:44:50;701;49,98;
07:44:52;676;49,98;
07:44:56;704;49,98;
07:45:02;709;49,98;
07:45:06;711;49,98;
07:45:09;712;49,97;
07:45:12;714;49,96;
07:45:14;717;49,97;
07:45:19;712;49,97;
07:45:21;717;49,97;
07:45:23;718;49,97;
07:45:29;722;49,97;
07:45:31;719;49,97;
07:45:34;725;49,97;
07:45:39;729;49,97;
07:45:45;728;49,97;
07:45:49;729;49,98;
07:45:52;726;49,97;
07:45:56;731;49,98;
07:45:59;733;49,98;
07:46:01;736;49,99;
07:46:08;722;49,99;
07:46:11;733;49,99;
07:46:13;738;49,98;
07:46:16;739;49,98;
07:46:23;739;49,97;
07:46:26;746;49,97;
07:46:30;746;49,96;
07:46:33;748;49,96;
07:46:41;749;49,96;
07:46:45;753;49,96;
07:46:50;752;49,96;
07:46:52;752;49,97;
07:46:56;751;49,97;
07:47:00;755;49,97;
07:47:03;756;49,98;
07:47:06;752;49,98;
07:47:10;753;49,98;
07:47:12;756;49,98;
07:47:22;759;49,97;
07:47:24;762;49,96;
07:47:30;763;49,96;
07:47:32;762;49,96;
07:47:35;768;49,96;
07:47:37;764;49,96;
07:47:39;762;49,96;
07:47:45;766;49,97;
07:47:53;766;49,98;
07:47:54;762;49,98;
07:48:02;766;49,98;
07:48:05;769;49,99;
07:48:08;767;49,98;
07:48:10;771;49,98;
07:48:12;772;49,98;
07:48:17;773;49,98;
07:48:23;775;49,97;
07:48:28;763;49,98;
07:48:31;773;49,98;
07:48:34;774;49,98;
07:48:38;776;49,98;
07:48:42;777;49,97;
07:48:45;779;49,97;
07:48:49;781;49,98;
07:48:55;779;49,98;
07:48:58;781;49,98;
07:49:01;782;49,98;
07:49:04;780;49,98;
07:49:10;778;49,98;
07:49:14;784;49,98;
07:49:17;786;49,97;
07:49:24;787;49,98;
07:49:26;782;49,98;
07:49:32;791;49,99;
07:49:36;783;49,99;
07:49:40;791;49,99;
07:49:47;790;49,99;
07:49:50;789;49,99;
07:49:53;792;49,98;
07:49:56;793;49,98;
07:49:59;796;49,98;
07:50:02;779;49,99;
07:50:04;796;49,99;
07:50:10;799;49,99;
07:50:13;796;49,99;
07:50:14;795;50,00;
07:50:18;797;49,99;
07:50:22;799;50,00;
07:50:25;798;49,99;
07:50:27;802;49,99;
07:50:30;800;49,99;
07:50:32;801;49,99;
07:50:38;796;49,98;
07:50:41;806;49,98;
07:50:45;800;49,98;
07:50:48;801;49,98;
07:50:51;806;49,98;
07:50:54;804;49,99;
07:51:00;807;49,99;
07:51:04;799;50,00;
07:51:07;812;50,00;
07:51:11;814;50,00;
07:51:14;804;50,00;
07:51:15;803;50,00;
07:51:22;810;50,00;
07:51:24;806;49,99;
07:51:30;807;49,98;
07:51:33;812;49,98;
07:51:37;816;49,98;
07:51:40;812;49,97;
07:51:43;813;49,97;
07:51:47;814;49,98;
07:51:50;815;49,98;
07:51:53;816;49,98;
07:51:57;818;49,98;
07:52:00;820;49,98;
07:52:04;821;49,98;
07:52:07;823;49,98;
07:52:10;824;49,98;
07:52:16;825;49,98;
07:52:19;828;49,98;
07:52:22;829;49,97;
07:52:25;833;49,98;
07:52:27;826;49,98;
07:52:30;827;49,98;
07:52:33;833;49,98;
07:52:37;837;49,98;
07:52:40;836;49,98;
07:52:42;837;49,98;
07:52:48;839;49,98;
07:52:51;840;49,97;
07:52:55;841;49,98;
07:52:58;842;49,98;
07:53:05;842;49,99;
07:53:07;842;49,98;
07:53:13;846;49,98;
07:53:17;847;49,98;
07:53:20;849;49,98;
07:53:23;851;49,98;
07:53:27;850;49,98;
07:53:30;853;49,98;
07:53:34;856;49,98;
07:53:36;852;49,98;
07:53:38;855;49,98;
07:53:41;856;49,98;
07:53:47;857;49,98;
07:53:50;853;49,98;
07:53:54;855;49,98;
07:53:57;854;49,98;
07:54:00;858;49,97;
07:54:02;857;49,98;
07:54:08;854;49,99;
07:54:11;856;49,99;
07:54:15;858;50,00;
07:54:21;853;49,98;
07:54:25;853;49,97;
07:54:28;857;49,97;
07:54:31;856;49,97;
07:54:33;858;49,97;
07:54:39;857;49,98;
07:54:42;858;49,98;
07:54:53;857;49,98;
07:54:56;859;49,98;
07:55:03;858;49,98;
07:55:06;861;49,97;
07:55:13;862;49,97;
07:55:16;861;49,98;
07:55:17;864;49,98;
07:55:24;869;49,98;
07:55:28;864;49,97;
07:55:34;869;49,97;
07:55:38;863;49,98;
07:55:41;865;49,98;
07:55:44;869;49,98;
07:55:51;872;49,98;
07:55:54;874;49,99;
07:55:56;875;49,98;
07:55:59;877;49,98;
07:56:02;874;49,99;
07:56:05;875;50,00;
07:56:09;881;50,00;
07:56:12;883;49,98;
07:56:15;879;49,98;
07:56:18;881;49,98;
07:56:21;886;49,98;
07:56:24;890;49,98;
07:56:28;891;49,98;
07:56:34;891;49,97;
07:56:37;900;49,97;
07:56:40;898;49,97;
07:56:46;910;49,97;
07:56:47;901;49,97;
07:56:53;912;49,97;
07:56:56;909;49,98;
07:57:00;908;49,98;
07:57:03;909;49,98;
07:57:06;915;49,99;
07:57:07;914;49,99;
07:57:11;918;49,99;
07:57:14;914;49,98;
07:57:18;912;49,98;
07:57:21;921;49,98;
07:57:24;922;49,96;
07:57:28;925;49,96;
07:57:31;920;49,96;
07:57:34;926;49,96;
07:57:37;923;49,96;
07:57:41;932;49,97;
07:57:44;932;49,98;
07:57:47;934;49,98;
07:57:50;935;49,98;
07:57:53;939;49,98;
07:57:56;931;49,98;
07:57:57;944;49,98;
07:58:00;936;49,98;
07:58:03;946;49,98;
07:58:06;939;49,99;
07:58:07;939;50,00;
07:58:10;945;50,00;
07:58:13;950;50,00;
07:58:16;951;50,00;
07:58:20;944;49,99;
07:58:23;953;49,99;
07:58:26;956;49,98;
07:58:27;959;49,99;
07:58:30;948;49,99;
07:58:33;960;50,00;
07:58:36;963;50,01;
07:58:37;974;50,01;
07:58:44;971;50,01;
07:58:47;960;50,00;
07:58:50;954;50,00;
07:58:53;968;50,00;
07:58:56;959;50,01;
07:58:59;970;50,01;
07:59:02;960;50,01;
07:59:05;974;50,01;
07:59:08;965;50,01;
07:59:11;975;50,01;
07:59:14;969;50,01;
07:59:17;978;50,00;
07:59:20;969;50,00;
07:59:23;979;50,00;
07:59:27;981;50,00;
07:59:33;976;50,00;
07:59:36;981;50,00;
07:59:37;988;50,00;
07:59:43;984;50,01;
07:59:46;985;50,01;
07:59:49;988;50,01;
07:59:52;985;50,01;
07:59:55;996;50,01;
07:59:58;990;50,02;
08:00:01;999;50,02;
08:00:04;988;50,02;
08:00:07;1000;50,01;
08:00:13;1002;50,01;
08:00:16;996;50,01;
08:00:17;1007;50,00;
08:00:26;1012;50,01;
08:00:29;1014;50,01;
08:00:35;1017;50,01;
08:00:41;1021;50,02;
08:00:44;1022;50,02;
08:00:47;1021;50,02;
08:00:50;1023;50,02;
08:00:53;1016;50,02;
08:00:56;1025;50,02;
08:00:57;1026;50,02;
08:01:03;1021;50,02;
08:01:06;1033;50,03;
08:01:09;1025;50,03;
08:01:12;1032;50,03;
08:01:15;1034;50,03;
08:01:18;1026;50,03;
08:01:21;1034;50,02;
08:01:24;1037;50,03;
08:01:27;1033;50,02;
08:01:30;1041;50,02;
08:01:33;1034;50,01;
08:01:36;1042;50,01;
08:01:37;1042;50,00;
08:01:43;1042;50,01;
08:01:46;1034;50,01;
08:01:49;1043;50,01;
08:01:52;1034;50,01;
08:01:55;1045;50,01;
08:01:58;1036;50,01;
08:02:01;1042;50,01;
08:02:04;1035;50,01;
08:02:07;1048;50,02;
08:02:10;1040;50,02;
08:02:13;1047;50,03;
08:02:16;1041;50,02;
08:02:19;1050;50,03;
08:02:25;1050;50,02;
08:02:28;1047;50,02;
08:02:31;1052;50,02;
08:02:34;1043;50,02;
08:02:37;1048;50,02;
08:02:40;1053;50,02;
08:02:43;1045;50,02;
08:02:46;1052;50,01;
08:02:49;1057;50,01;
08:02:55;1057;50,02;
08:02:58;1059;50,01;
08:03:01;1058;50,01;
08:03:04;1059;50,01;
08:03:07;1052;50,01;
08:03:10;1055;50,01;
08:03:13;1052;50,01;
08:03:16;1056;50,01;
08:03:19;1057;50,01;
08:03:22;1062;50,01;
08:03:25;1052;50,01;
08:03:28;1060;50,01;
08:03:37;1051;50,01;
08:03:40;1057;50,01;
08:03:43;1050;50,01;
08:03:46;1057;50,01;
08:03:49;1048;50,01;
08:03:52;1056;50,01;
08:03:55;1048;50,02;
08:03:58;1052;50,02;
08:04:01;1050;50,02;
08:04:04;1055;50,02;
08:04:07;1056;50,01;
08:04:16;1057;50,01;
08:04:19;1051;50,01;
08:04:22;1055;50,01;
08:04:26;1043;50,01;
08:04:29;1056;50,01;
08:04:32;1048;50,01;
08:04:38;1044;50,01;
08:04:41;1049;50,01;
08:04:44;1052;50,01;
08:04:47;1048;50,01;
08:04:50;1047;50,01;
08:04:53;1052;50,01;
08:04:59;1053;50,01;
08:05:02;1049;50,01;
08:05:05;1050;50,01;
08:05:08;1051;50,01;
08:05:11;1051;50,02;
08:05:14;1051;50,01;
08:05:17;1050;50,01;
08:05:20;1051;50,01;
08:05:23;1050;50,01;
08:05:26;1045;50,01;
08:05:29;1051;50,01;
08:05:32;1052;50,02;
08:05:35;1051;50,02;
08:05:38;1046;50,02;
08:05:44;1049;50,01;
08:05:47;1048;50,01;
08:05:50;1042;50,00;
08:05:53;1045;50,00;
08:05:56;1047;50,00;
08:05:59;1046;50,00;
08:06:05;1045;50,00;
08:06:08;1043;50,00;
08:06:11;1044;50,00;
08:06:14;1043;50,00;
08:06:17;1042;50,00;
08:06:20;1040;50,00;
08:06:23;1039;50,00;
08:06:29;1037;49,99;
08:06:32;1003;49,99;
08:06:35;1035;49,99;
08:06:38;1028;49,99;
08:06:41;1031;50,00;
08:06:44;1024;50,00;
08:06:50;1018;50,00;
08:06:53;1019;50,00;
08:06:56;1015;50,00;
08:06:59;1015;50,01;
08:07:02;1010;50,01;
08:07:05;1014;50,01;
08:07:08;1010;50,00;
08:07:11;1009;50,00;
08:07:14;1003;50,00;
08:07:17;1001;50,00;
08:07:20;994;50,00;
08:07:23;997;50,01;
08:07:26;989;50,01;
08:07:29;993;50,00;
08:07:32;985;50,00;
08:07:35;987;50,00;
08:07:38;982;50,00;
08:07:41;974;50,00;
08:07:44;976;49,99;
08:07:47;973;49,99;
08:07:50;970;49,99;
08:07:53;969;49,99;
08:07:56;962;50,00;
08:07:59;958;50,01;
08:08:02;956;50,01;
08:08:05;955;50,01;
08:08:08;948;50,00;
08:08:11;945;50,01;
08:08:17;942;50,01;
08:08:20;937;50,00;
08:08:23;929;49,99;
08:08:26;930;49,99;
08:08:29;922;49,98;
08:08:35;913;49,98;
08:08:41;904;49,98;
08:08:44;903;49,98;
08:08:47;895;49,98;
08:08:50;897;49,98;
08:08:53;888;49,98;
08:08:56;890;49,99;
08:08:59;887;49,99;
08:09:02;881;49,99;
08:09:05;874;50,00;
08:09:08;873;50,00;
08:09:11;869;50,00;
08:09:17;860;50,01;
08:09:20;858;50,00;
08:09:23;860;50,00;
08:09:26;850;49,99;
08:09:29;839;49,98;
08:09:32;842;49,99;
08:09:35;837;49,98;
08:09:38;837;49,99;
08:09:41;829;50,00;
08:09:47;823;50,00;
08:09:50;822;50,00;
08:09:53;814;50,00;
08:09:56;812;50,00;
08:09:59;806;50,00;
08:10:02;803;50,00;
08:10:05;804;50,00;
08:10:08;791;49,99;
08:10:11;785;49,99;
08:10:14;781;49,98;
08:10:17;772;49,98;
08:10:20;769;49,98;
08:10:23;762;49,98;
08:10:26;757;49,98;
08:10:29;750;49,97;
08:10:32;734;49,98;
08:10:35;734;49,99;
08:10:38;723;49,99;
08:10:41;706;49,99;
08:10:44;707;49,99;
08:10:47;702;49,98;
08:10:53;686;49,98;
08:10:56;675;49,99;
08:10:59;668;49,99;
08:11:02;642;49,99;
08:11:05;644;49,98;
08:11:08;639;49,99;
08:11:11;635;49,99;
08:11:14;630;49,99;
08:11:17;607;49,98;
08:11:20;599;49,97;
08:11:23;589;49,97;
08:11:26;585;49,97;
08:11:29;573;49,98;
08:11:32;562;49,97;
08:11:35;561;49,97;
08:11:38;551;49,97;
08:11:41;537;49,97;
08:11:44;527;49,97;
08:11:47;520;49,97;
08:11:50;516;49,97;
08:11:53;504;49,98;
08:11:59;492;49,98;
08:12:02;472;49,98;
08:12:05;476;49,99;
08:12:08;471;49,99;
08:12:11;462;49,99;
08:12:14;452;49,99;
08:12:17;450;49,98;
08:12:20;447;49,98;
08:12:23;441;49,98;
08:12:26;431;49,97;
08:12:29;428;49,97;
08:12:32;414;49,97;
08:12:35;418;49,98;
08:12:38;413;49,98;
08:12:44;394;49,98;
08:12:47;396;49,97;
08:12:50;394;49,98;
08:12:53;385;49,98;
08:12:56;380;49,98;
08:12:59;377;49,98;
08:13:05;374;49,99;
08:13:08;366;49,99;
08:13:11;362;49,98;
08:13:14;360;49,99;
08:13:20;356;49,99;
08:13:23;358;49,99;
08:13:26;353;49,99;
08:13:29;352;49,99;
08:13:32;348;49,98;
08:13:35;344;49,98;
08:13:38;341;49,99;
08:13:41;336;49,98;
08:13:44;335;49,99;
08:13:50;331;49,99;
08:13:53;332;49,99;
08:13:56;327;49,99;
08:13:59;322;49,98;
08:14:02;323;49,99;
08:14:05;322;49,98;
08:14:08;320;49,99;
08:14:11;318;49,99;
08:14:14;312;49,98;
08:14:17;314;49,98;
08:14:20;311;49,98;
08:14:23;309;49,97;
08:14:26;308;49,97;
08:14:29;304;49,97;
08:14:32;306;49,96;
08:14:35;296;49,97;
08:14:38;298;49,97;
08:14:44;293;49,98;
08:14:47;289;49,98;
08:14:50;291;49,98;
08:14:56;288;49,99;
08:14:59;284;49,99;
08:15:02;288;49,99;
08:15:05;290;49,99;
08:15:08;285;49,99;
08:15:14;288;49,99;
08:15:17;286;49,98;
08:15:20;285;49,98;
08:15:23;285;49,97;
08:15:29;283;49,97;
08:15:32;288;49,98;
08:15:35;290;49,98;
08:15:38;283;49,98;
08:15:41;283;49,99;
08:15:44;285;49,98;
08:15:47;283;49,98;
08:15:50;293;49,97;
08:15:53;297;49,97;
08:15:56;302;49,97;
08:16:02;308;49,97;
08:16:05;309;49,98;
08:16:08;317;49,98;
08:16:11;318;49,99;
08:16:14;326;49,99;
08:16:17;329;50,00;
08:16:20;337;49,99;
08:16:23;337;50,00;
08:16:26;351;50,00;
08:16:29;354;50,00;
08:16:32;364;50,00;
08:16:35;367;50,00;
08:16:38;384;50,00;
08:16:41;389;50,00;
08:16:44;395;50,00;
08:16:47;414;50,00;
08:16:50;427;49,99;
08:16:53;459;50,00;
08:16:56;484;50,00;
08:16:59;510;50,00;
08:17:02;514;50,00;
08:17:05;523;50,00;
08:17:08;538;50,00;
08:17:11;574;50,00;
08:17:14;585;49,99;
08:17:17;613;50,00;
08:17:20;618;49,99;
08:17:23;651;49,99;
08:17:26;658;49,99;
08:17:29;673;49,99;
08:17:32;700;50,00;
08:17:35;765;50,00;
08:17:38;865;50,00;
08:17:41;923;50,00;
08:17:44;849;50,00;
08:17:47;826;50,00;
08:17:53;834;50,00;
08:17:56;843;50,01;
08:17:59;854;50,01;
08:18:02;864;50,01;
08:18:05;881;50,01;
08:18:08;879;50,01;
08:18:11;900;50,01;
08:18:14;911;50,01;
08:18:17;948;50,00;
08:18:20;967;50,00;
08:18:23;1019;50,00;
08:18:26;1082;50,00;
08:18:29;1195;49,99;
08:18:32;1238;49,99;
08:18:35;1384;50,00;
08:18:38;2068;50,00;
08:18:41;1910;50,00;
08:18:44;1304;50,00;
08:18:47;1163;50,00;
08:18:50;1154;50,00;
08:18:53;1148;50,00;
08:18:59;1187;50,01;
08:19:02;1207;50,01;
08:19:05;1229;50,01;
08:19:08;1240;50,01;
08:19:11;1257;50,00;
08:19:14;1265;50,00;
08:19:17;1276;50,00;
08:19:20;1282;50,00;
08:19:23;1304;50,00;
08:19:26;1312;50,00;
08:19:29;1327;49,99;
08:19:32;1334;49,99;
08:19:35;1343;49,99;
08:19:38;1354;50,00;
08:19:41;1360;49,99;
08:19:44;1367;50,00;
08:19:47;1374;49,99;
08:19:50;1376;49,99;
08:19:53;1379;49,99;
08:19:56;1380;49,99;
08:19:59;1378;49,98;
08:20:05;1373;49,98;
08:20:08;1370;49,98;
08:20:11;1366;49,99;
08:20:14;1362;49,99;
08:20:17;1354;49,99;
08:20:20;1350;50,00;
08:20:23;1336;50,00;
08:20:26;1342;50,00;
08:20:29;1324;50,00;
08:20:32;1319;50,00;
08:20:35;1301;49,99;
08:20:38;1303;49,99;
08:20:41;1283;49,99;
08:20:44;1281;49,99;
08:20:47;1263;49,99;
08:20:50;1260;49,99;
08:20:53;1248;50,00;
08:20:56;1249;50,00;
08:20:59;1240;50,00;
08:21:02;1239;50,00;
08:21:05;1230;50,00;
08:21:11;1218;50,00;
08:21:14;1226;49,99;
08:21:17;1229;49,99;
08:21:20;1232;49,98;
08:21:23;1234;49,98;
08:21:26;1233;49,98;
08:21:29;1234;49,98;
08:21:32;1232;49,98;
08:21:35;1229;49,98;
08:21:38;1227;49,98;
08:21:41;1228;49,98;
08:21:44;1232;49,98;
08:21:47;1236;49,98;
08:21:50;1241;49,99;
08:21:56;1235;49,99;
08:21:59;1241;50,00;
08:22:02;1233;50,00;
08:22:05;1230;50,00;
08:22:08;1225;50,00;
08:22:11;1224;50,00;
08:22:14;1212;50,00;
08:22:17;1218;50,00;
08:22:20;1198;50,00;
08:22:23;1203;50,00;
08:22:26;1194;50,00;
08:22:29;1189;50,00;
08:22:32;1182;49,99;
08:22:35;1181;49,99;
08:22:38;1172;49,99;
08:22:41;1175;50,00;
08:22:44;1176;50,00;
08:22:47;1176;50,01;
08:22:50;1178;50,00;
08:22:53;1189;50,01;
08:22:56;1200;50,01;
08:23:02;1211;50,01;
08:23:05;1226;50,01;
08:23:08;1238;50,01;
08:23:11;1241;50,01;
08:23:14;1242;50,01;
08:23:17;1251;50,00;
08:23:20;1255;50,00;
08:23:23;1261;50,00;
08:23:26;1276;49,99;
08:23:29;1282;49,98;
08:23:32;1297;49,99;
08:23:35;1306;49,99;
08:23:38;1327;50,00;
08:23:41;1338;49,99;
08:23:47;1361;49,99;
08:23:50;1383;49,99;
08:23:53;1395;49,99;
08:23:56;1411;49,99;
08:23:59;1427;49,99;
08:24:02;1434;50,00;
08:24:08;1456;50,00;
08:24:11;1470;50,00;
08:24:14;1472;50,01;
08:24:17;1487;50,01;
08:24:20;1497;50,01;
08:24:23;1504;50,01;
08:24:26;1510;50,00;
08:24:29;1504;50,00;
08:24:32;1518;50,00;
08:24:35;1527;50,00;
08:24:38;1525;50,00;
08:24:41;1532;50,00;
08:24:44;1519;50,00;
08:24:47;1533;49,99;
08:24:50;1534;49,99;
08:24:53;1536;49,99;
08:24:56;1527;50,00;
08:24:59;1538;50,00;
08:25:02;1537;50,00;
08:25:08;1532;50,00;
08:25:14;1541;50,00;
08:25:20;1544;50,00;
08:25:23;1562;49,99;
08:25:26;1558;49,99;
08:25:29;1556;49,98;
08:25:32;1561;49,98;
08:25:35;1554;49,98;
08:25:38;1650;49,99;
08:25:41;1610;49,99;
08:25:44;1511;49,98;
08:25:47;1506;49,99;
08:25:50;1502;49,98;
08:25:53;1489;49,98;
08:25:59;1473;49,98;
08:26:02;1472;49,98;
08:26:05;1453;49,98;
08:26:08;1456;49,98;
08:26:11;1448;49,98;
08:26:14;1438;49,99;
08:26:17;1443;49,99;
08:26:20;1433;49,99;
08:26:23;1416;49,99;
08:26:26;1431;49,99;
08:26:29;1434;49,99;
08:26:32;1433;49,98;
08:26:35;1418;49,98;
08:26:38;1438;49,98;
08:26:41;1440;49,98;
08:26:44;1447;49,98;
08:26:47;1439;49,98;
08:26:50;1460;49,98;
08:26:53;1474;49,99;
08:26:56;1478;49,99;
08:26:59;1478;50,00;
08:27:05;1522;50,00;
08:27:08;1528;50,00;
08:27:11;1538;50,00;
08:27:14;1559;50,00;
08:27:17;1585;50,00;
08:27:20;1599;50,00;
08:27:23;1613;50,00;
08:27:26;1622;50,00;
08:27:29;1679;49,99;
08:27:32;1692;49,99;
08:27:35;1753;49,99;
08:27:38;1771;50,00;
08:27:41;1800;50,00;
08:27:44;1843;50,00;
08:27:47;1864;50,00;
08:27:50;1928;50,00;
08:27:53;2171;49,99;
08:27:56;2460;49,99;
08:27:59;2828;49,99;
08:28:02;2800;49,99;
08:28:05;3002;49,99;
08:28:11;3892;49,99;
08:28:14;3393;49,99;
08:28:17;3191;49,99;
08:28:20;3945;49,99;
08:28:23;4190;49,99;
08:28:26;4236;49,99;
08:28:29;4218;49,99;
08:28:32;4116;50,00;
08:28:35;3205;50,00;
08:28:38;3103;50,00;
08:28:41;3176;50,00;
08:28:44;2815;49,99;
08:28:47;3443;49,99;
08:28:50;3700;49,99;
08:28:53;3185;49,99;
08:28:56;2543;50,00;
08:28:59;2895;50,00;
08:29:02;2554;50,01;
08:29:05;2240;50,01;
08:29:08;2228;50,01;
08:29:11;2184;50,00;
08:29:17;2257;49,99;
08:29:20;2265;49,99;
08:29:23;2329;49,99;
08:29:26;2514;49,99;
08:29:29;2611;50,00;
08:29:32;2468;50,00;
08:29:35;2311;50,00;
08:29:38;2331;50,00;
08:29:41;2059;50,00;
08:29:44;1967;50,00;
08:29:47;1904;50,00;
08:29:50;1878;50,00;
08:29:53;1876;50,00;
08:29:56;1871;50,00;
08:29:59;1867;50,00;
08:30:02;1876;50,00;
08:30:05;1880;50,00;
08:30:08;1881;50,00;
08:30:11;1893;49,99;
08:30:14;1901;49,99;
08:30:17;1913;50,00;
08:30:23;1918;50,00;
08:30:26;1945;50,00;
08:30:29;1952;50,00;
08:30:32;1976;50,00;
08:30:35;1997;50,00;
08:30:38;2102;49,99;
08:30:41;2150;49,99;
08:30:44;2215;49,99;
08:30:47;2704;49,99;
08:30:50;2800;50,00;
08:30:53;3214;50,00;
08:30:56;3608;50,01;
08:30:59;3719;50,00;
08:31:02;3555;50,00;
08:31:08;4046;50,00;
08:31:11;4330;50,00;
08:31:14;4068;49,99;
08:31:17;3743;49,99;
08:31:20;3381;49,99;
08:31:23;3553;49,99;
08:31:26;3988;49,99;
08:31:29;4312;50,00;
08:31:32;4258;49,99;
08:31:35;4110;49,98;
08:31:38;3289;49,99;
08:31:41;3124;49,99;
08:31:44;3020;50,00;
08:31:47;2537;50,00;
08:31:50;2370;50,00;
08:31:53;2354;50,00;
08:31:56;2425;50,01;
08:31:59;2454;50,00;
08:32:02;2602;50,00;
08:32:05;2608;50,00;
08:32:08;2805;49,99;
08:32:14;4280;49,99;
08:32:17;4442;50,00;
08:32:20;4462;50,00;
08:32:23;4332;50,00;
08:32:26;4450;50,00;
08:32:29;4528;50,00;
08:32:32;4418;49,99;
08:32:35;4512;49,99;
08:32:38;4446;49,99;
08:32:41;4164;49,99;
08:32:44;3487;49,99;
08:32:47;3188;49,99;
08:32:50;2844;50,00;
08:32:53;2450;50,00;
08:32:56;2348;50,00;
08:32:59;2331;50,00;
08:33:02;2317;50,00;
08:33:05;2310;50,00;
08:33:08;2316;50,00;
08:33:11;2305;50,00;
08:33:14;2337;50,00;
08:33:20;2366;50,00;
08:33:23;2372;50,00;
08:33:26;2417;50,00;
08:33:29;2407;50,00;
08:33:32;2477;50,00;
08:33:35;2504;50,00;
08:33:38;2540;49,99;
08:33:41;2577;50,00;
08:33:44;4132;50,00;
08:33:47;4646;50,00;
08:33:50;4538;50,00;
08:33:53;4698;50,00;
08:33:56;4512;49,99;
08:33:59;3994;49,99;
08:34:02;3434;49,99;
08:34:05;3708;49,99;
08:34:08;3481;49,99;
08:34:11;3427;49,98;
08:34:14;3343;49,99;
08:34:17;3508;49,99;
08:34:20;3740;50,00;
08:34:26;3760;50,00;
08:34:29;4362;50,00;
08:34:32;3984;49,99;
08:34:35;3550;50,00;
08:34:38;2730;49,99;
08:34:41;2663;49,99;
08:34:44;2677;49,99;
08:34:47;2638;49,99;
08:34:50;2633;50,00;
08:34:53;2642;50,00;
08:34:56;2643;50,00;
08:34:59;2651;50,00;
08:35:02;2640;50,01;
08:35:05;2660;50,00;
08:35:11;2678;50,00;
08:35:14;2671;50,00;
08:35:17;2707;50,00;
08:35:20;2713;50,00;
08:35:23;2767;50,00;
08:35:26;2792;50,00;
08:35:29;2993;50,00;
08:35:32;3311;50,00;
08:35:35;4346;50,00;
08:35:38;3399;50,00;
08:35:41;3028;50,00;
08:35:44;2968;50,00;
08:35:47;2885;50,00;
08:35:50;2862;50,00;
08:35:53;2886;50,00;
08:35:56;2874;50,00;
08:35:59;2774;50,00;
08:36:02;2741;49,99;
08:36:05;2677;49,99;
08:36:08;2652;49,98;
08:36:11;2605;49,98;
08:36:17;2576;49,98;
08:36:20;2552;49,97;
08:36:23;2541;49,97;
08:36:26;2516;49,96;
08:36:29;2517;49,96;
08:36:32;2499;49,97;
08:36:35;2509;49,97;
08:36:38;2506;49,98;
08:36:41;2499;49,98;
08:36:44;2488;49,98;
08:36:47;2508;49,98;
08:36:50;2500;49,98;
08:36:53;2533;49,97;
08:36:56;2540;49,97;
08:36:59;2558;49,98;
08:37:05;2515;49,99;
08:37:08;2481;49,99;
08:37:11;2477;50,01;
08:37:14;2487;50,01;
08:37:17;2454;50,02;
08:37:23;2436;50,02;
08:37:26;2438;50,01;
08:37:29;2443;50,01;
08:37:32;2455;50,00;
08:37:35;2492;50,00;
08:37:38;2570;50,00;
08:37:41;2821;50,00;
08:37:44;2929;50,00;
08:37:47;2571;49,99;
08:37:50;2579;49,99;
08:37:53;2715;50,00;
08:37:56;2752;50,00;
08:37:59;2678;50,00;
08:38:02;2596;50,00;
08:38:05;2491;50,00;
08:38:08;2609;50,00;
08:38:11;2748;50,00;
08:38:14;2916;50,00;
08:38:17;2973;49,99;
08:38:20;3012;49,99;
08:38:23;2728;49,99;
08:38:29;2436;49,98;
08:38:32;2407;49,98;
08:38:35;2277;49,98;
08:38:38;2260;49,98;
08:38:41;2218;49,98;
08:38:44;2211;49,98;
08:38:47;2209;49,98;
08:38:50;2200;49,99;
08:38:53;2211;49,99;
08:38:56;2184;49,99;
08:38:59;2178;49,98;
08:39:02;2151;49,98;
08:39:05;2146;49,98;
08:39:08;2142;49,98;
08:39:11;2141;49,98;
08:39:14;2158;49,98;
08:39:17;2153;49,98;
08:39:20;2176;49,98;
08:39:23;2188;49,98;
08:39:26;2203;49,98;
08:39:29;2214;49,97;
08:39:32;2220;49,97;
08:39:35;2267;49,98;
08:39:38;2378;49,98;
08:39:41;2419;49,97;
08:39:44;2462;49,98;
08:39:47;2477;49,98;
08:39:50;2559;49,99;
08:39:53;2601;49,99;
08:39:56;2774;49,99;
08:39:59;2586;50,00;
08:40:02;2641;50,00;
08:40:05;2991;50,00;
08:40:08;4081;50,01;
08:40:11;4368;50,00;
08:40:14;3907;50,01;
08:40:20;2731;50,00;
08:40:23;3034;49,99;
08:40:26;3677;49,99;
08:40:29;3734;49,98;
08:40:32;3866;49,99;
08:40:35;4368;49,99;
08:40:38;3979;49,99;
08:40:41;3464;49,99;
08:40:44;2838;49,99;
08:40:47;2785;49,99;
08:40:50;2797;49,99;
08:40:53;3152;50,00;
08:40:56;5016;50,00;
08:40:59;4840;50,00;
08:41:02;4638;50,00;
08:41:05;4918;50,00;
08:41:08;4682;50,00;
08:41:11;4060;50,00;
08:41:14;3701;49,99;
08:41:17;3611;49,99;
08:41:20;3322;49,98;
08:41:26;2998;49,98;
08:41:29;3163;49,98;
08:41:32;3320;49,98;
08:41:35;3587;49,98;
08:41:38;3733;49,98;
08:41:41;3575;49,98;
08:41:44;3874;49,98;
08:41:47;5010;49,98;
08:41:50;4318;49,98;
08:41:53;4292;49,98;
08:41:56;3986;49,98;
08:41:59;3323;49,98;
08:42:02;3669;49,98;
08:42:05;4884;49,99;
08:42:08;5330;49,99;
08:42:11;5508;49,99;
08:42:14;5406;49,98;
08:42:17;5428;49,98;
08:42:20;5382;49,97;
08:42:23;5222;49,98;
08:42:26;5262;49,98;
08:42:32;3236;49,98;
08:42:35;2988;49,98;
08:42:38;2842;49,98;
08:42:41;2964;49,98;
08:42:44;3323;49,98;
08:42:47;3125;49,99;
08:42:50;2901;49,99;
08:42:53;2855;50,00;
08:42:56;3808;50,00;
08:42:59;4560;50,00;
08:43:02;3608;50,00;
08:43:05;2961;50,00;
08:43:08;2487;50,00;
08:43:11;2397;50,00;
08:43:14;2302;50,00;
08:43:17;2264;49,99;
08:43:20;2347;50,00;
08:43:23;2638;50,00;
08:43:26;2723;50,00;
08:43:29;2347;50,00;
08:43:32;2218;49,99;
08:43:38;2020;49,99;
08:43:41;2005;49,98;
08:43:44;1970;49,98;
08:43:47;1951;49,97;
08:43:50;1937;49,97;
08:43:53;1920;49,97;
08:43:56;1924;49,97;
08:43:59;1914;49,97;
08:44:02;1897;49,97;
08:44:05;1883;49,97;
08:44:08;1874;49,98;
08:44:11;1877;49,98;
08:44:14;1867;49,98;
08:44:17;1866;49,98;
08:44:23;1862;49,98;
08:44:26;1876;49,98;
08:44:29;1882;49,97;
08:44:32;1893;49,97;
08:44:35;1913;49,98;
08:44:38;1954;49,98;
08:44:41;2009;49,98;
08:44:44;2247;49,98;
08:44:47;2516;49,99;
08:44:50;2388;49,99;
08:44:53;2017;50,00;
08:44:56;1952;49,99;
08:44:59;1906;49,99;
08:45:02;1861;49,99;
08:45:05;1887;49,98;
08:45:08;1880;49,98;
08:45:11;1899;49,99;
08:45:14;1906;49,99;
08:45:17;1892;50,00;
08:45:20;1913;50,00;
08:45:23;1914;49,99;
08:45:29;1914;49,97;
08:45:32;1932;49,97;
08:45:35;1929;49,97;
08:45:38;1937;49,97;
08:45:41;1924;49,97;
08:45:44;1936;49,97;
08:45:47;1939;49,97;
08:45:50;1936;49,97;
08:45:53;1935;49,98;
08:45:56;1941;49,98;
08:45:59;1911;49,98;
08:46:02;1922;49,98;
08:46:05;1901;49,97;
08:46:08;1898;49,97;
08:46:11;1900;49,98;
08:46:14;1885;49,97;
08:46:17;1856;49,98;
08:46:20;1863;49,98;
08:46:23;1853;49,98;
08:46:26;1852;49,98;
08:46:29;1832;49,98;
08:46:35;1843;49,98;
08:46:38;1844;49,98;
08:46:41;1833;49,98;
08:46:44;1850;49,97;
08:46:47;1858;49,97;
08:46:50;1855;49,97;
08:46:53;1866;49,97;
08:46:56;1858;49,97;
08:46:59;1883;49,97;
08:47:02;1893;49,97;
08:47:05;1906;49,98;
08:47:08;1929;49,98;
08:47:11;1938;49,98;
08:47:14;1964;49,99;
08:47:17;1981;49,99;
08:47:20;2039;49,99;
08:47:23;2211;50,00;
08:47:26;2149;49,99;
08:47:29;2013;49,98;
08:47:32;1971;49,98;
08:47:35;2001;49,99;
08:47:41;2030;49,99;
08:47:44;2039;49,98;
08:47:47;2044;49,98;
08:47:50;2029;49,98;
08:47:53;2057;49,98;
08:47:56;2064;49,98;
08:47:59;2071;49,97;
08:48:02;2080;49,97;
08:48:05;2118;49,98;
08:48:08;2138;49,98;
08:48:11;2242;49,98;
08:48:14;2280;49,98;
08:48:17;2512;49,98;
08:48:20;2567;49,98;
08:48:23;2526;49,98;
08:48:26;2422;49,98;
08:48:29;2353;49,98;
08:48:32;2280;49,99;
08:48:35;2307;49,99;
08:48:38;2305;49,98;
08:48:41;2328;49,99;
08:48:44;2368;49,99;
08:48:47;2381;49,99;
08:48:50;2538;49,99;
08:48:53;2583;50,00;
08:48:56;3125;50,00;
08:48:59;3962;50,00;
08:49:02;4708;50,01;
08:49:05;4226;50,00;
08:49:08;4053;50,00;
08:49:11;4524;50,00;
08:49:14;2929;50,00;
08:49:17;2904;50,00;
08:49:20;2646;49,99;
08:49:23;2588;49,99;
08:49:26;2596;49,99;
08:49:32;2898;49,99;
08:49:35;3670;49,99;
08:49:38;5340;49,99;
08:49:41;5852;49,99;
08:49:44;5908;49,99;
08:49:47;5844;49,99;
08:49:50;4906;49,99;
08:49:53;4872;49,99;
08:49:56;5632;49,99;
08:49:59;5702;49,99;
08:50:02;4342;50,00;
08:50:05;4676;50,00;
08:50:08;4594;50,00;
08:50:11;3489;50,00;
08:50:14;2617;50,00;
08:50:17;2242;50,00;
08:50:20;2146;50,00;
08:50:23;2130;50,00;
08:50:26;2099;50,00;
08:50:29;2081;50,00;
08:50:32;2052;50,00;
08:50:38;2021;49,99;
08:50:41;2012;49,99;
08:50:44;1992;49,99;
08:50:47;1974;49,99;
08:50:50;1963;49,99;
08:50:53;1936;49,99;
08:50:56;1945;49,99;
08:50:59;1939;49,99;
08:51:02;1928;50,00;
08:51:05;1914;50,00;
08:51:08;1935;50,00;
08:51:11;1943;50,00;
08:51:14;1992;50,00;
08:51:17;2015;50,00;
08:51:20;2058;49,99;
08:51:23;2637;49,99;
08:51:26;4760;49,99;
08:51:29;5510;49,99;
08:51:32;5516;49,99;
08:51:35;5194;49,99;
08:51:38;4792;49,99;
08:51:44;2747;50,00;
08:51:47;2385;49,99;
08:51:50;2158;49,99;
08:51:53;1903;49,98;
08:51:56;1821;49,98;
08:51:59;1801;49,98;
08:52:02;1789;49,98;
08:52:05;1787;49,98;
08:52:08;1766;49,98;
08:52:11;1754;49,98;
08:52:14;1747;49,98;
08:52:17;1730;49,99;
08:52:20;1740;49,99;
08:52:23;1745;50,00;
08:52:26;1736;50,00;
08:52:29;1744;50,00;
08:52:32;1739;50,00;
08:52:35;1733;50,00;
08:52:38;1735;49,99;
08:52:41;1734;50,00;
08:52:44;1732;49,99;
08:52:50;1721;49,99;
08:52:56;1716;50,00;
08:52:59;1712;50,00;
08:53:02;1698;50,00;
08:53:05;1706;50,00;
08:53:08;1700;50,00;
08:53:11;1699;50,00;
08:53:14;1679;50,00;
08:53:17;1687;50,00;
08:53:20;1682;50,00;
08:53:23;1677;50,00;
08:53:26;1663;50,00;
08:53:29;1668;50,00;
08:53:35;1659;49,99;
08:53:38;1647;49,99;
08:53:41;1650;49,99;
08:53:44;1649;49,99;
08:53:47;1645;50,00;
08:53:50;1630;50,00;
08:53:53;1634;50,00;
08:53:56;1640;50,00;
08:53:59;1636;50,00;
08:54:02;1620;50,00;
08:54:05;1634;50,00;
08:54:08;1632;50,00;
08:54:11;1630;50,00;
08:54:14;1613;50,00;
08:54:17;1630;50,00;
08:54:20;1635;50,00;
08:54:23;1633;50,00;
08:54:26;1628;50,00;
08:54:29;1644;49,99;
08:54:32;1646;49,99;
08:54:35;1654;49,99;
08:54:41;1669;50,00;
08:54:44;1673;50,00;
08:54:47;1684;50,00;
08:54:50;1677;50,00;
08:54:53;1700;50,00;
08:54:56;1701;50,00;
08:54:59;1709;50,00;
08:55:02;1715;50,00;
08:55:05;1734;50,00;
08:55:08;1741;50,00;
08:55:11;1758;49,99;
08:55:14;1753;49,99;
08:55:17;1787;49,98;
08:55:20;1797;49,98;
08:55:23;1800;49,98;
08:55:26;1817;49,98;
08:55:29;1847;49,98;
08:55:32;1861;49,98;
08:55:35;1879;49,98;
08:55:38;1884;49,98;
08:55:41;1907;49,98;
08:55:47;1939;49,98;
08:55:50;1952;49,99;
08:55:53;1972;49,99;
08:55:56;1982;49,99;
08:55:59;2002;50,00;
08:56:02;2012;49,99;
08:56:05;2017;50,00;
08:56:08;2034;50,00;
08:56:11;2069;50,00;
08:56:14;2079;50,00;
08:56:17;2096;50,00;
08:56:20;2115;50,00;
08:56:23;2143;50,00;
08:56:26;2159;50,00;
08:56:29;2174;50,00;
08:56:32;2206;50,00;
08:56:35;2232;50,00;
08:56:38;2243;50,00;
08:56:41;2262;50,01;
08:56:44;2268;50,01;
08:56:47;2286;50,01;
08:56:53;2319;50,01;
08:56:56;2331;50,00;
08:56:59;2353;50,00;
08:57:02;2366;50,00;
08:57:05;2391;50,00;
08:57:08;2404;50,00;
08:57:14;2425;50,00;
08:57:17;2455;50,01;
08:57:20;2472;50,01;
08:57:23;2492;50,01;
08:57:26;2502;50,01;
08:57:29;2517;50,00;
08:57:32;2533;50,00;
08:57:38;2560;50,00;
08:57:41;2570;50,00;
08:57:44;2583;50,01;
08:57:47;2590;50,00;
08:57:50;2603;50,00;
08:57:53;2610;50,00;
08:57:56;2606;50,00;
08:57:59;2625;50,00;
08:58:02;2647;49,99;
08:58:05;2660;49,99;
08:58:08;2678;49,98;
08:58:11;2684;49,98;
08:58:14;2716;49,98;
08:58:17;2684;49,98;
08:58:20;2668;49,98;
08:58:23;2673;49,98;
08:58:26;2672;49,98;
08:58:29;2680;49,98;
08:58:32;2685;49,98;
08:58:35;2687;49,98;
08:58:38;2692;49,98;
08:58:44;2702;49,99;
08:58:47;2705;50,00;
08:58:50;2721;50,00;
08:58:53;2728;50,00;
08:58:56;2744;50,00;
08:58:59;2761;50,00;
08:59:02;2759;50,00;
08:59:05;2778;50,00;
08:59:08;2788;50,00;
08:59:11;2809;49,99;
08:59:14;2797;49,98;
08:59:17;2796;49,98;
08:59:20;2774;49,98;
08:59:23;2765;49,99;
08:59:26;2736;49,99;
08:59:29;2755;49,99;
08:59:32;2765;49,99;
08:59:35;2763;49,99;
08:59:38;2773;50,00;
08:59:41;2797;50,00;
08:59:44;2779;50,00;
08:59:50;2826;50,00;
08:59:53;2766;50,00;
08:59:56;2743;50,00;
09:00:02;2759;49,99;
09:00:05;2776;49,99;
09:00:08;2794;49,98;
09:00:11;2854;49,98;
09:00:14;2837;49,99;
09:00:17;2810;50,00;
09:00:20;2788;50,00;
09:00:23;2791;50,01;
09:00:26;2802;50,01;
09:00:29;2835;50,01;
09:00:32;2902;50,01;
09:00:35;2882;50,01;
09:00:38;2948;50,00;
09:00:41;3315;49,99;
09:00:44;4530;49,98;
09:00:47;4148;49,98;
09:00:50;4120;49,97;
09:00:56;3217;49,96;
09:00:59;3124;49,96;
09:01:02;3292;49,96;
09:01:05;3492;49,96;
09:01:08;3712;49,96;
09:01:11;4056;49,96;
09:01:14;3852;49,96;
09:01:17;3689;49,95;
09:01:20;3451;49,95;
09:01:23;3644;49,95;
09:01:26;4110;49,95;
09:01:29;3677;49,95;
09:01:32;3300;49,95;
09:01:35;3121;49,96;
09:01:38;3038;49,96;
09:01:41;3094;49,96;
09:01:44;3518;49,97;
09:01:47;3793;49,96;
09:01:50;3712;49,96;
09:01:53;3891;49,96;
09:01:56;3235;49,96;
09:02:02;2774;49,96;
09:02:05;2762;49,96;
09:02:08;2756;49,96;
09:02:11;2744;49,96;
09:02:14;2743;49,96;
09:02:17;2749;49,96;
09:02:20;2758;49,96;
09:02:23;2764;49,96;
09:02:26;2815;49,97;
09:02:29;2895;49,97;
09:02:32;2963;49,98;
09:02:35;3915;49,97;
09:02:38;4688;49,96;
09:02:41;3395;49,96;
09:02:47;2940;49,97;
09:02:50;2889;49,97;
09:02:53;2884;49,97;
09:02:56;2903;49,97;
09:02:59;3031;49,97;
09:03:02;2921;49,97;
09:03:05;2861;49,97;
09:03:08;2780;49,97;
09:03:11;2810;49,97;
09:03:14;2883;49,97;
09:03:17;3870;49,97;
09:03:20;4086;49,96;
09:03:23;2833;49,96;
09:03:26;2996;49,96;
09:03:29;4276;49,96;
09:03:32;3102;49,96;
09:03:35;2576;49,96;
09:03:38;2464;49,96;
09:03:41;2325;49,96;
09:03:44;2331;49,96;
09:03:47;2362;49,97;
09:03:53;2617;49,97;
09:03:56;2970;49,97;
09:03:59;3308;49,98;
09:04:02;4338;49,98;
09:04:05;3742;49,98;
09:04:08;3256;49,97;
09:04:11;3026;49,97;
09:04:14;2517;49,97;
09:04:17;2352;49,97;
09:04:20;2308;49,97;
09:04:23;2227;49,97;
09:04:26;2217;49,98;
09:04:29;2186;49,97;
09:04:32;2180;49,97;
09:04:35;2172;49,98;
09:04:38;2173;49,97;
09:04:41;2176;49,98;
09:04:44;2187;49,98;
09:04:47;2194;49,98;
09:04:50;2198;49,98;
09:04:53;2205;49,98;
09:04:59;2221;49,98;
09:05:02;2234;49,98;
09:05:05;2242;49,98;
09:05:08;2253;49,98;
09:05:11;2260;49,98;
09:05:14;2275;49,98;
09:05:17;2280;49,98;
09:05:20;2282;49,98;
09:05:23;2295;49,97;
09:05:26;2316;49,97;
09:05:29;2326;49,97;
09:05:32;2323;49,97;
09:05:35;2334;49,97;
09:05:38;2348;49,97;
09:05:41;2353;49,97;
09:05:44;2357;49,98;
09:05:47;2369;49,98;
09:05:50;2375;49,99;
09:05:53;2386;50,00;
09:05:56;2382;50,00;
09:05:59;2394;50,00;
09:06:05;2398;49,99;
09:06:08;2395;49,99;
09:06:11;2405;49,98;
09:06:14;2399;49,98;
09:06:20;2386;49,99;
09:06:23;2390;49,99;
09:06:26;2387;49,99;
09:06:29;2374;49,99;
09:06:32;2350;49,99;
09:06:35;2344;49,98;
09:06:38;2334;49,98;
09:06:41;2328;49,98;
09:06:44;2297;49,98;
09:06:50;2290;49,98;
09:06:53;2291;49,97;
09:06:56;2262;49,98;
09:06:59;2275;49,97;
09:07:02;2260;49,98;
09:07:05;2260;49,97;
09:07:08;2256;49,97;
09:07:11;2234;49,97;
09:07:14;2252;49,98;
09:07:17;2257;49,99;
09:07:20;2255;49,99;
09:07:23;2272;49,99;
09:07:26;2272;49,98;
09:07:29;2290;49,99;
09:07:32;2302;49,99;
09:07:35;2314;49,98;
09:07:38;2337;49,98;
09:07:41;2354;49,98;
09:07:44;2379;49,98;
09:07:47;2382;49,98;
09:07:50;2414;49,99;
09:07:56;2460;50,00;
09:07:59;2464;50,00;
09:08:02;2505;50,00;
09:08:05;2517;50,00;
09:08:08;2551;50,00;
09:08:11;2552;50,00;
09:08:14;2584;50,00;
09:08:17;2601;50,00;
09:08:20;2652;49,99;
09:08:23;2654;49,99;
09:08:26;2709;49,98;
09:08:29;2712;49,98;
09:08:32;2741;49,98;
09:08:35;2771;49,98;
09:08:38;2783;49,99;
09:08:41;2803;49,99;
09:08:44;2826;50,00;
09:08:47;2836;50,00;
09:08:50;2864;50,00;
09:08:53;2859;50,01;
09:08:56;2884;50,01;
09:09:02;2903;50,01;
09:09:08;2926;50,01;
09:09:11;2923;50,01;
09:09:14;2957;50,01;
09:09:17;2949;50,00;
09:09:20;2974;50,00;
09:09:23;2971;50,00;
09:09:26;2958;50,00;
09:09:29;2931;50,01;
09:09:32;2909;50,01;
09:09:35;2878;50,01;
09:09:38;2852;50,01;
09:09:41;2820;50,01;
09:09:44;2817;50,01;
09:09:47;2780;50,01;
09:09:50;2770;50,01;
09:09:53;2740;50,00;
09:09:56;2750;50,00;
09:09:59;2740;50,00;
09:10:02;2736;50,01;
09:10:08;2721;50,01;
09:10:11;2714;50,01;
09:10:14;2712;50,01;
09:10:17;2685;50,01;
09:10:20;2703;50,00;
09:10:23;2698;50,00;
09:10:26;2697;50,01;
09:10:29;2696;50,00;
09:10:32;2691;50,00;
09:10:35;2698;50,00;
09:10:38;2697;50,00;
09:10:41;2695;50,01;
09:10:44;2703;50,01;
09:10:47;2697;50,01;
09:10:50;2702;50,01;
09:10:53;2719;50,01;
09:10:56;2729;50,01;
09:10:59;2736;50,01;
09:11:02;2750;50,01;
09:11:05;2760;50,01;
09:11:11;2780;50,01;
09:11:14;2793;50,01;
09:11:17;2842;50,00;
09:11:20;2851;50,00;
09:11:23;2906;50,00;
09:11:26;2917;50,00;
09:11:29;2984;50,00;
09:11:32;3000;50,01;
09:11:35;3050;50,00;
09:11:38;3134;50,00;
09:11:41;3237;50,00;
09:11:44;3322;50,00;
09:11:47;3671;50,00;
09:11:50;4596;50,00;
09:11:53;6352;50,00;
09:11:59;6578;50,00;
09:12:02;5514;50,00;
09:12:05;4734;50,00;
09:12:08;5284;50,00;
09:12:11;7490;50,00;
09:12:14;7474;50,00;
09:12:17;7220;50,00;
09:12:20;6984;50,00;
09:12:23;7700;50,00;
09:12:26;7574;50,00;
09:12:29;7132;50,00;
09:12:32;5896;50,00;
09:12:35;3695;50,00;
09:12:38;3231;50,00;
09:12:41;3197;50,00;
09:12:44;3156;50,00;
09:12:47;3166;50,00;
09:12:50;3171;50,00;
09:12:53;3251;50,00;
09:12:56;3332;50,00;
09:12:59;3339;50,00;
09:13:05;3478;50,00;
09:13:08;3428;50,00;
09:13:11;3463;50,00;
09:13:14;3451;50,00;
09:13:17;3359;50,00;
09:13:20;3316;50,00;
09:13:23;3432;50,00;
09:13:26;3639;50,00;
09:13:29;5646;50,00;
09:13:32;5618;50,00;
09:13:35;6584;50,00;
09:13:38;6258;50,00;
09:13:41;7270;50,00;
09:13:44;7530;50,00;
09:13:47;7538;50,00;
09:13:50;7436;50,01;
09:13:53;7578;50,01;
09:13:56;7396;50,01;
09:13:59;6464;50,01;
09:14:02;5630;50,01;
09:14:05;4334;50,01;
09:14:11;5254;50,00;
09:14:14;5516;50,00;
09:14:17;3852;50,00;
09:14:20;3825;50,00;
09:14:23;3598;50,00;
09:14:26;3627;50,00;
09:14:29;3646;50,00;
09:14:32;3779;50,00;
09:14:35;3983;50,00;
09:14:38;4033;50,00;
09:14:41;6584;50,00;
09:14:44;7576;50,00;
09:14:47;5404;50,00;
09:14:50;5806;50,00;
09:14:53;7112;50,00;
09:14:56;4448;50,00;
09:14:59;3783;50,00;
09:15:02;3448;50,00;
09:15:05;3339;49,99;
09:15:08;3342;49,99;
09:15:11;3266;49,99;
09:15:17;3233;49,98;
09:15:20;3303;49,98;
09:15:23;3102;49,98;
09:15:26;3059;49,98;
09:15:29;2993;49,97;
09:15:32;2968;49,97;
09:15:35;2941;49,97;
09:15:38;2940;49,97;
09:15:41;2931;49,97;
09:15:44;2926;49,98;
09:15:47;2923;49,98;
09:15:50;2932;49,97;
09:15:53;2937;49,97;
09:15:56;2947;49,97;
09:16:02;2981;49,98;
09:16:05;2990;49,98;
09:16:08;3017;49,97;
09:16:11;3044;49,97;
09:16:14;3025;49,97;
09:16:17;3016;49,97;
09:16:20;3045;49,97;
09:16:23;3100;49,97;
09:16:26;3183;49,98;
09:16:29;3104;49,98;
09:16:32;2975;49,98;
09:16:35;2984;49,98;
09:16:38;2889;49,99;
09:16:41;2865;49,99;
09:16:44;2835;49,99;
09:16:47;2796;49,99;
09:16:50;2751;49,98;
09:16:53;2731;49,98;
09:16:56;2692;49,98;
09:16:59;2701;49,98;
09:17:02;2676;49,97;
09:17:08;2648;49,98;
09:17:11;2638;49,98;
09:17:14;2624;49,98;
09:17:17;2619;49,98;
09:17:20;2609;49,97;
09:17:23;2605;49,97;
09:17:26;2589;49,97;
09:17:29;2602;49,97;
09:17:32;2708;49,98;
09:17:35;2659;49,98;
09:17:38;2605;49,98;
09:17:41;2587;49,98;
09:17:44;2555;49,97;
09:17:47;2547;49,97;
09:17:50;2529;49,97;
09:17:53;2513;49,96;
09:17:56;2490;49,97;
09:17:59;2483;49,98;
09:18:02;2460;49,99;
09:18:05;2450;50,00;
09:18:08;2434;50,00;
09:18:14;2415;50,00;
09:18:17;2419;50,00;
09:18:20;2415;50,00;
09:18:23;2416;50,00;
09:18:26;2421;50,00;
09:18:29;2425;50,00;
09:18:35;2434;49,99;
09:18:38;2456;49,99;
09:18:41;2464;49,99;
09:18:44;2476;49,99;
09:18:47;2491;49,99;
09:18:50;2508;50,00;
09:18:53;2524;50,00;
09:18:56;2539;50,00;
09:18:59;2560;50,00;
09:19:02;2575;50,00;
09:19:05;2596;50,00;
09:19:08;2616;50,00;
09:19:11;2631;50,00;
09:19:14;2644;50,00;
09:19:20;2686;49,99;
09:19:23;2700;49,99;
09:19:26;2708;49,99;
09:19:29;2726;49,99;
09:19:32;2735;49,99;
09:19:35;2748;49,99;
09:19:38;2753;49,99;
09:19:41;2746;49,99;
09:19:44;2758;49,99;
09:19:47;2768;49,99;
09:19:50;2757;49,99;
09:19:53;2767;49,99;
09:19:56;2758;49,99;
09:19:59;2765;49,99;
09:20:02;2764;49,99;
09:20:05;2761;50,00;
09:20:08;2751;50,00;
09:20:11;2761;50,00;
09:20:14;2757;50,00;
09:20:17;2776;50,00;
09:20:20;2787;50,00;
09:20:23;2798;50,00;
09:20:26;2833;50,00;
09:20:29;3032;50,00;
09:20:32;3323;50,00;
09:20:35;3361;50,00;
09:20:38;3284;49,99;
09:20:41;3216;49,99;
09:20:44;3045;49,99;
09:20:47;2950;49,99;
09:20:50;2833;49,98;
09:20:53;2735;49,99;
09:20:56;2716;49,98;
09:20:59;2690;49,98;
09:21:02;2686;49,98;
09:21:05;2711;49,97;
09:21:11;2722;49,98;
09:21:14;2723;49,98;
09:21:17;2667;49,98;
09:21:20;2672;49,98;
09:21:23;2664;49,99;
09:21:26;2672;49,99;
09:21:29;2673;49,99;
09:21:32;2648;49,99;
09:21:35;2682;49,98;
09:21:38;2681;49,98;
09:21:41;2621;49,98;
09:21:44;2601;49,98;
09:21:47;2569;49,99;
09:21:50;2564;49,99;
09:21:53;2538;49,99;
09:21:56;2544;50,00;
09:21:59;2535;50,00;
09:22:02;2539;50,00;
09:22:05;2528;50,00;
09:22:08;2538;50,00;
09:22:11;2521;50,01;
09:22:17;2542;50,02;
09:22:20;2551;50,01;
09:22:23;2526;50,01;
09:22:26;2549;50,01;
09:22:29;2545;50,00;
09:22:32;2557;50,00;
09:22:35;2559;50,00;
09:22:38;2543;50,00;
09:22:41;2565;50,00;
09:22:44;2579;50,01;
09:22:47;2566;50,01;
09:22:50;2590;50,01;
09:22:53;2593;50,00;
09:22:56;2605;50,01;
09:22:59;2610;50,00;
09:23:02;2622;50,00;
09:23:05;2629;50,00;
09:23:08;2641;50,00;
09:23:11;2637;50,00;
09:23:14;2666;50,00;
09:23:17;2674;50,00;
09:23:23;2693;49,99;
09:23:26;2716;49,99;
09:23:29;2732;49,99;
09:23:32;2749;49,99;
09:23:35;2756;50,00;
09:23:38;2779;50,00;
09:23:41;2790;50,00;
09:23:44;2792;50,00;
09:23:47;2801;50,00;
09:23:50;2824;50,01;
09:23:53;2843;50,00;
09:23:56;2842;50,00;
09:23:59;2862;50,00;
09:24:02;2868;50,00;
09:24:05;2884;50,00;
09:24:08;2882;50,00;
09:24:11;2896;50,00;
09:24:14;2887;50,00;
09:24:17;2900;49,99;
09:24:20;2890;49,99;
09:24:23;2912;49,99;
09:24:29;2941;49,99;
09:24:32;2946;49,99;
09:24:35;3002;49,99;
09:24:38;3012;50,00;
09:24:41;3085;50,00;
09:24:44;3113;50,01;
09:24:47;3221;50,01;
09:24:50;3528;50,00;
09:24:53;6062;50,00;
09:24:56;6774;50,00;
09:24:59;6798;50,00;
09:25:02;6710;50,00;
09:25:05;6660;50,00;
09:25:08;6436;49,99;
09:25:14;6520;49,99;
09:25:17;6488;49,99;
09:25:20;4602;49,99;
09:25:23;4091;50,00;
09:25:26;3295;50,00;
09:25:29;3180;50,00;
09:25:32;3114;49,99;
09:25:35;3049;49,99;
09:25:38;2961;49,98;
09:25:41;2950;49,98;
09:25:44;2919;49,98;
09:25:47;2930;49,98;
09:25:53;2925;49,98;
09:25:56;2942;49,98;
09:25:59;2941;49,98;
09:26:02;2965;49,98;
09:26:05;2975;49,98;
09:26:08;3002;50,00;
09:26:11;3005;50,00;
09:26:14;3018;50,00;
09:26:20;3049;50,00;
09:26:23;3074;50,00;
09:26:26;3082;50,00;
09:26:29;3112;50,00;
09:26:32;3126;50,00;
09:26:35;3156;50,00;
09:26:38;3172;50,00;
09:26:41;3169;50,00;
09:26:44;3248;50,00;
09:26:47;3272;50,00;
09:26:50;3322;50,01;
09:26:53;3387;50,01;
09:26:56;3585;50,01;
09:26:59;3733;50,01;
09:27:02;3881;50,00;
09:27:05;4878;50,01;
09:27:08;4692;50,01;
09:27:11;4334;50,01;
09:27:14;3841;50,01;
09:27:17;3915;50,01;
09:27:20;4042;50,01;
09:27:26;4866;50,01;
09:27:29;4780;50,00;
09:27:32;4128;50,00;
09:27:38;3928;50,00;
09:27:41;4486;50,00;
09:27:44;5844;50,00;
09:27:47;7308;50,00;
09:27:50;7526;50,00;
09:27:53;7552;50,00;
09:27:56;7526;50,00;
09:27:59;7280;50,00;
09:28:02;7046;50,00;
09:28:05;7146;50,00;
09:28:08;7522;50,00;
09:28:11;7754;50,00;
09:28:14;7526;50,00;
09:28:17;7164;50,00;
09:28:20;6520;49,99;
09:28:23;7102;49,99;
09:28:26;7758;49,99;
09:28:32;7034;49,99;
09:28:35;7010;49,99;
09:28:38;5250;49,99;
09:28:41;4948;49,99;
09:28:44;6754;49,99;
09:28:47;7926;49,99;
09:28:50;7568;49,99;
09:28:53;7072;49,99;
09:28:56;8236;49,99;
09:28:59;8232;49,99;
09:29:02;7280;49,99;
09:29:05;6974;49,98;
09:29:08;6886;49,98;
09:29:11;6216;49,98;
09:29:14;6120;49,98;
09:29:17;5296;49,98;
09:29:20;4800;49,98;
09:29:23;4712;49,99;
09:29:26;4566;49,99;
09:29:29;4460;49,99;
09:29:32;4338;49,99;
09:29:35;4166;49,99;
09:29:38;4200;49,99;
09:29:41;4382;49,98;
09:29:44;4660;49,98;
09:29:47;6328;49,98;
09:29:50;7126;49,99;
09:29:53;6894;49,99;
09:29:56;6292;49,99;
09:29:59;5602;50,00;
09:30:02;5452;50,00;
09:30:05;4858;50,00;
09:30:08;5002;50,00;
09:30:11;4492;49,99;
09:30:14;4250;49,99;
09:30:17;4210;49,99;
09:30:23;4474;49,98;
09:30:26;4416;49,97;
09:30:29;4474;49,97;
09:30:32;4644;49,97;
09:30:35;4746;49,97;
09:30:38;4730;49,97;
09:30:41;4684;49,97;
09:30:44;4906;49,97;
09:30:47;4792;49,97;
09:30:50;4912;49,98;
09:30:53;4552;49,98;
09:30:56;4420;49,98;
09:30:59;4428;49,98;
09:31:02;4380;49,97;
09:31:05;4344;49,97;
09:31:08;4266;49,97;
09:31:11;4220;49,97;
09:31:14;4208;49,97;
09:31:17;4196;49,98;
09:31:20;4164;49,98;
09:31:23;4196;49,98;
09:31:29;4222;49,97;
09:31:32;4206;49,96;
09:31:35;4300;49,97;
09:31:38;4438;49,98;
09:31:41;4696;49,98;
09:31:44;5974;49,99;
09:31:47;6830;49,99;
09:31:50;6900;50,00;
09:31:53;8460;50,00;
09:31:56;8500;50,00;
09:31:59;8516;50,00;
09:32:02;8480;49,99;
09:32:05;8376;50,00;
09:32:08;8352;50,00;
09:32:11;7956;50,00;
09:32:14;7194;50,00;
09:32:17;7808;50,00;
09:32:20;7850;50,00;
09:32:23;7896;49,99;
09:32:26;7854;50,00;
09:32:29;7764;50,00;
09:32:35;7584;50,01;
09:32:38;7500;50,00;
09:32:41;6748;50,00;
09:32:44;6534;50,00;
09:32:47;7868;49,99;
09:32:50;7952;49,99;
09:32:53;7882;49,98;
09:32:56;7898;49,98;
09:32:59;7830;49,98;
09:33:02;7830;49,99;
09:33:05;7732;49,99;
09:33:08;7714;50,00;
09:33:11;7602;50,00;
09:33:14;7256;50,00;
09:33:17;6288;50,00;
09:33:20;4552;49,99;
09:33:23;4828;49,98;
09:33:26;5156;49,98;
09:33:29;4722;49,98;
09:33:32;4374;49,97;
09:33:35;4354;49,96;
09:33:41;4132;49,98;
09:33:44;3977;49,99;
09:33:47;3879;49,99;
09:33:50;3856;49,99;
09:33:53;3811;49,99;
09:33:56;3766;49,98;
09:33:59;3764;49,98;
09:34:02;3758;49,97;
09:34:05;3757;49,97;
09:34:08;3776;49,98;
09:34:11;3792;49,98;
09:34:14;3791;49,98;
09:34:17;3777;49,98;
09:34:20;3747;49,98;
09:34:26;3698;49,98;
09:34:29;3692;49,98;
09:34:32;3674;49,98;
09:34:35;3662;49,98;
09:34:38;3657;49,97;
09:34:41;3659;49,97;
09:34:44;3634;49,97;
09:34:47;3667;49,97;
09:34:50;3689;49,97;
09:34:53;3699;49,97;
09:34:56;3721;49,98;
09:34:59;3734;49,98;
09:35:02;3765;49,99;
09:35:05;3781;49,99;
09:35:08;3787;49,99;
09:35:11;3836;50,00;
09:35:14;3886;50,00;
09:35:17;3915;50,00;
09:35:20;3993;50,00;
09:35:23;4156;50,00;
09:35:26;4214;49,99;
09:35:32;6158;49,99;
09:35:35;6694;49,99;
09:35:38;6816;49,98;
09:35:41;6886;49,98;
09:35:44;6718;49,97;
09:35:47;6756;49,97;
09:35:50;6750;49,98;
09:35:53;6766;49,98;
09:35:56;6606;49,99;
09:35:59;6106;49,99;
09:36:02;6012;50,00;
09:36:05;6442;50,00;
09:36:08;6760;50,00;
09:36:11;6420;49,99;
09:36:14;5612;49,99;
09:36:17;4658;49,98;
09:36:20;4252;49,98;
09:36:23;4296;49,97;
09:36:26;5018;49,96;
09:36:29;5290;49,96;
09:36:32;5608;49,97;
09:36:38;4354;49,97;
09:36:41;4292;49,96;
09:36:44;4868;49,96;
09:36:47;4472;49,96;
09:36:50;4150;49,97;
09:36:53;3961;49,97;
09:36:56;3681;49,97;
09:36:59;3655;49,98;
09:37:02;4176;49,98;
09:37:05;3977;49,98;
09:37:08;3942;49,99;
09:37:11;4252;49,99;
09:37:14;4992;49,99;
09:37:17;5040;49,99;
09:37:20;4976;49,98;
09:37:23;4698;49,98;
09:37:26;3840;49,97;
09:37:29;3751;49,97;
09:37:32;3808;49,97;
09:37:35;4162;49,97;
09:37:38;3875;49,97;
09:37:44;3617;49,97;
09:37:47;3635;49,97;
09:37:50;3962;49,98;
09:37:53;4085;49,97;
09:37:56;3931;49,98;
09:37:59;3754;49,98;
09:38:02;3868;49,98;
09:38:05;3847;49,98;
09:38:08;3398;49,99;
09:38:11;3280;49,99;
09:38:14;3204;49,99;
09:38:17;3105;49,99;
09:38:20;3384;49,98;
09:38:23;3155;49,98;
09:38:29;2958;49,97;
09:38:32;2943;49,97;
09:38:35;2919;49,97;
09:38:38;2893;49,96;
09:38:41;2867;49,96;
09:38:44;2871;49,96;
09:38:47;2829;49,96;
09:38:50;2817;49,96;
09:38:53;2753;49,97;
09:38:56;2728;49,97;
09:38:59;2687;49,97;
09:39:02;2672;49,98;
09:39:05;2636;49,97;
09:39:08;2629;49,97;
09:39:11;2608;49,97;
09:39:14;2599;49,97;
09:39:17;2578;49,97;
09:39:20;2584;49,97;
09:39:23;2580;49,97;
09:39:26;2587;49,97;
09:39:29;2608;49,97;
09:39:35;2980;49,97;
09:39:38;3170;49,97;
09:39:41;3146;49,97;
09:39:44;3039;49,97;
09:39:47;2720;49,96;
09:39:50;2533;49,96;
09:39:53;2552;49,96;
09:39:56;2970;49,97;
09:39:59;2645;49,98;
09:40:02;2530;49,98;
09:40:05;2357;49,99;
09:40:08;2301;49,99;
09:40:11;2267;49,99;
09:40:14;2264;49,99;
09:40:17;2287;49,99;
09:40:20;2405;49,98;
09:40:23;2615;49,98;
09:40:26;2698;49,98;
09:40:29;2237;49,98;
09:40:32;2240;49,98;
09:40:35;2282;49,98;
09:40:41;1952;50,00;
09:40:44;1927;50,00;
09:40:47;1871;50,00;
09:40:50;1864;50,00;
09:40:53;1830;50,00;
09:40:56;1828;50,00;
09:40:59;1818;49,99;
09:41:02;1802;49,99;
09:41:05;1783;49,99;
09:41:08;1794;49,99;
09:41:11;1845;50,00;
09:41:14;1861;50,00;
09:41:17;1832;50,00;
09:41:20;1843;50,00;
09:41:23;1822;50,00;
09:41:26;1781;50,01;
09:41:29;1761;50,01;
09:41:32;1785;50,01;
09:41:35;1784;50,00;
09:41:38;1787;50,00;
09:41:41;1793;50,00;
09:41:47;1775;50,00;
09:41:50;1752;50,00;
09:41:53;1724;50,00;
09:41:56;1726;50,00;
09:41:59;1719;50,00;
09:42:02;1720;50,00;
09:42:05;1719;50,00;
09:42:11;1701;50,00;
09:42:14;1700;50,00;
09:42:17;1629;50,00;
09:42:20;1618;50,00;
09:42:23;1562;50,00;
09:42:26;1515;50,00;
09:42:29;1508;50,00;
09:42:32;1477;50,00;
09:42:35;1475;50,00;
09:42:38;1475;50,01;
09:42:41;1466;50,00;
09:42:44;1455;50,00;
09:42:47;1458;50,00;
09:42:53;1453;50,00;
09:42:56;1445;49,99;
09:42:59;1447;50,00;
09:43:02;1438;50,00;
09:43:05;1443;50,00;
09:43:08;1436;50,00;
09:43:11;1442;50,00;
09:43:14;1443;50,00;
09:43:17;1441;50,00;
09:43:20;1442;50,00;
09:43:23;1446;50,00;
09:43:26;1443;49,99;
09:43:29;1449;50,00;
09:43:32;1450;50,00;
09:43:38;1458;50,00;
09:43:41;1465;50,00;
09:43:44;1466;50,00;
09:43:47;1476;49,99;
09:43:50;1479;50,00;
09:43:53;1488;50,00;
09:43:56;1494;50,00;
09:43:59;1491;50,00;
09:44:02;1502;50,00;
09:44:05;1514;50,00;
09:44:08;1517;50,00;
09:44:11;1523;50,01;
09:44:14;1532;50,01;
09:44:17;1546;50,01;
09:44:20;1549;50,00;
09:44:23;1552;50,00;
09:44:26;1566;49,99;
09:44:29;1575;49,99;
09:44:32;1581;49,99;
09:44:35;1590;49,99;
09:44:38;1597;49,98;
09:44:44;1605;49,98;
09:44:47;1614;49,98;
09:44:50;1616;49,98;
09:44:53;1629;49,98;
09:44:56;1632;49,99;
09:44:59;1638;50,00;
09:45:02;1641;50,00;
09:45:05;1632;50,00;
09:45:08;1643;50,00;
09:45:11;1648;50,00;
09:45:14;1653;50,00;
09:45:17;1660;50,00;
09:45:20;1668;50,00;
09:45:23;1661;50,00;
09:45:26;1671;50,00;
09:45:29;1669;50,00;
09:45:32;1676;49,99;
09:45:35;1673;49,98;
09:45:38;1680;49,98;
09:45:41;1674;49,98;
09:45:44;1681;49,98;
09:45:50;1691;49,98;
09:45:56;1684;49,98;
09:45:59;1670;49,98;
09:46:02;1679;49,98;
09:46:05;1679;49,99;
09:46:08;1679;49,98;
09:46:11;1676;49,98;
09:46:14;1670;49,99;
09:46:17;1663;49,99;
09:46:20;1659;49,99;
09:46:23;1650;49,98;
09:46:29;1643;49,98;
09:46:32;1641;49,98;
09:46:35;1628;49,99;
09:46:38;1634;49,98;
09:46:41;1626;49,98;
09:46:44;1620;49,98;
09:46:47;1612;49,98;
09:46:50;1621;49,98;
09:46:56;1605;49,98;
09:46:59;1590;49,98;
09:47:02;1576;49,99;
09:47:05;1561;49,99;
09:47:08;1550;49,99;
09:47:11;1542;49,99;
09:47:14;1534;49,99;
09:47:17;1533;49,99;
09:47:20;1518;49,98;
09:47:23;1513;49,98;
09:47:26;1502;49,98;
09:47:29;1493;49,98;
09:47:32;1490;49,98;
09:47:35;1483;49,98;
09:47:41;1471;49,98;
09:47:44;1466;49,98;
09:47:47;1461;49,99;
09:47:50;1452;49,99;
09:47:53;1451;50,00;
09:47:56;1443;49,99;
09:48:02;1441;49,98;
09:48:05;1432;49,98;
09:48:08;1423;49,98;
09:48:11;1423;49,97;
09:48:14;1417;49,96;
09:48:20;1409;49,96;
09:48:23;1413;49,96;
09:48:26;1404;49,97;
09:48:29;1405;49,97;
09:48:32;1396;49,97;
09:48:35;1396;49,96;
09:48:38;1389;49,96;
09:48:41;1388;49,97;
09:48:47;1379;49,97;
09:48:50;1372;49,97;
09:48:53;1368;49,97;
09:48:56;1353;49,97;
09:48:59;1352;49,98;
09:49:02;1345;49,98;
09:49:08;1341;49,98;
09:49:11;1324;49,98;
09:49:14;1318;49,98;
09:49:17;1310;50,00;
09:49:20;1297;50,00;
09:49:23;1294;50,00;
09:49:26;1285;50,00;
09:49:29;1280;50,00;
09:49:32;1264;50,00;
09:49:35;1255;50,00;
09:49:38;1245;50,00;
09:49:41;1235;49,99;
09:49:44;1225;49,99;
09:49:47;1215;49,99;
09:49:53;1194;49,98;
09:49:56;1182;49,98;
09:49:59;1172;49,99;
09:50:02;1164;49,99;
09:50:05;1154;50,00;
09:50:08;1147;50,00;
09:50:11;1134;50,00;
09:50:14;1131;50,00;
09:50:17;1115;50,01;
09:50:20;1108;50,01;
09:50:23;1091;50,00;
09:50:26;1079;50,00;
09:50:29;1074;50,00;
09:50:32;1066;49,99;
09:50:35;1058;50,00;
09:50:38;1048;50,00;
09:50:41;1039;50,00;
09:50:44;1033;49,99;
09:50:47;1022;49,99;
09:50:50;1020;49,99;
09:50:53;1011;49,99;
09:50:59;996;49,99;
09:51:02;991;50,00;
09:51:05;984;50,00;
09:51:08;980;50,00;
09:51:11;975;50,00;
09:51:14;977;50,00;
09:51:17;969;50,00;
09:51:23;962;50,00;
09:51:29;965;50,01;
09:51:35;951;50,01;
09:51:38;952;50,01;
09:51:41;943;50,01;
09:51:44;947;50,01;
09:51:47;942;50,01;
09:51:50;943;50,01;
09:51:53;940;50,01;
09:51:56;939;50,01;
09:51:59;933;50,00;
09:52:05;934;50,00;
09:52:08;929;50,00;
09:52:11;921;50,00;
09:52:14;923;50,00;
09:52:17;919;50,00;
09:52:20;917;50,00;
09:52:23;909;50,00;
09:52:26;912;50,00;
09:52:29;907;50,00;
09:52:32;899;50,00;
09:52:35;895;50,00;
09:52:38;891;49,99;
09:52:41;889;50,00;
09:52:44;879;50,00;
09:52:50;869;50,00;
09:52:53;868;50,00;
09:52:56;860;50,00;
09:52:59;855;50,00;
09:53:02;848;50,00;
09:53:05;845;50,00;
09:53:08;839;50,00;
09:53:11;835;50,00;
09:53:14;816;50,00;
09:53:17;807;50,00;
09:53:20;812;50,00;
09:53:23;803;50,00;
09:53:26;803;49,99;
09:53:29;802;49,99;
09:53:32;790;49,99;
09:53:35;792;49,98;
09:53:38;786;49,98;
09:53:41;787;49,99;
09:53:44;780;50,00;
09:53:50;776;50,00;
09:53:56;770;50,00;
09:54:02;767;50,00;
09:54:05;768;50,00;
09:54:08;765;50,00;
09:54:11;767;50,00;
09:54:14;765;50,00;
09:54:17;764;50,00;
09:54:20;766;50,00;
09:54:23;767;50,00;
09:54:26;769;50,00;
09:54:29;768;49,99;
09:54:32;770;49,99;
09:54:35;774;49,99;
09:54:41;779;50,00;
09:54:47;782;50,00;
09:54:50;787;50,00;
09:54:56;793;50,00;
09:55:02;798;50,01;
09:55:05;801;50,01;
09:55:08;803;50,01;
09:55:11;805;50,01;
09:55:14;812;50,01;
09:55:17;808;50,00;
09:55:20;810;50,00;
09:55:23;807;50,00;
09:55:26;813;50,00;
09:55:29;814;50,00;
09:55:32;810;50,00;
09:55:35;817;50,00;
09:55:41;818;50,00;
09:55:44;817;50,00;
09:55:47;816;50,00;
09:55:50;811;50,00;
09:55:53;812;50,00;
09:55:56;808;50,00;
09:55:59;810;50,00;
09:56:02;806;50,00;
09:56:08;803;50,00;
09:56:11;802;50,00;
09:56:14;797;50,00;
09:56:20;791;50,00;
09:56:23;789;50,00;
09:56:26;788;49,99;
09:56:29;782;49,99;
09:56:35;774;50,00;
09:56:38;771;49,99;
09:56:41;762;49,99;
09:56:44;763;49,99;
09:56:47;755;49,98;
09:56:53;743;49,98;
09:56:56;742;49,99;
09:56:59;735;50,00;
09:57:02;732;50,00;
09:57:05;722;50,00;
09:57:08;723;50,00;
09:57:11;717;50,00;
09:57:14;713;50,00;
09:57:17;699;50,01;
09:57:20;701;50,00;
09:57:23;692;50,00;
09:57:26;690;50,00;
09:57:29;675;50,01;
09:57:32;676;50,00;
09:57:35;665;50,00;
09:57:38;661;50,00;
09:57:41;656;50,00;
09:57:44;649;49,99;
09:57:47;644;49,99;
09:57:50;640;49,99;
09:57:53;632;49,99;
09:57:59;618;49,99;
09:58:02;616;49,99;
09:58:05;606;49,98;
09:58:08;603;49,98;
09:58:11;592;49,98;
09:58:17;588;49,98;
09:58:20;579;49,98;
09:58:23;571;49,98;
09:58:26;572;49,98;
09:58:29;563;49,97;
09:58:32;559;49,97;
09:58:35;548;49,97;
09:58:38;545;49,96;
09:58:41;545;49,97;
09:58:44;544;49,97;
09:58:47;539;49,98;
09:58:50;534;49,98;
09:58:53;521;49,99;
09:58:56;523;49,99;
09:58:59;519;49,98;
09:59:05;511;49,98;
09:59:08;505;49,99;
09:59:11;499;49,99;
09:59:14;498;49,99;
09:59:17;494;49,99;
09:59:20;486;49,99;
09:59:23;484;49,99;
09:59:26;480;49,99;
09:59:29;475;49,98;
09:59:32;470;49,97;
09:59:35;460;49,97;
09:59:41;455;49,98;
09:59:44;451;49,98;
09:59:47;451;49,97;
09:59:50;445;49,98;
09:59:53;435;49,98;
09:59:56;434;49,98;
09:59:59;427;49,98;
10:00:05;418;49,97;
10:00:11;411;49,95;
10:00:14;411;49,94;
10:00:17;397;49,94;
10:00:20;401;49,94;
10:00:23;397;49,95;
10:00:26;390;49,94;
10:00:29;393;49,94;
10:00:32;391;49,94;
10:00:35;380;49,93;
10:00:38;383;49,93;
10:00:41;382;49,92;
10:00:44;370;49,92;
10:00:47;368;49,92;
10:00:50;363;49,92;
10:00:53;364;49,92;
10:00:56;361;49,92;
10:00:59;355;49,91;
10:01:02;352;49,91;
10:01:05;352;49,92;
10:01:08;349;49,92;
10:01:11;344;49,92;
10:01:14;345;49,92;
10:01:17;340;49,92;
10:01:20;336;49,92;
10:01:23;340;49,92;
10:01:26;331;49,93;
10:01:29;332;49,93;
10:01:32;331;49,93;
10:01:35;330;49,93;
10:01:38;328;49,93;
10:01:41;324;49,93;
10:01:44;320;49,92;
10:01:47;323;49,92;
10:01:50;318;49,92;
10:01:53;320;49,92;
10:01:56;318;49,92;
10:02:02;316;49,92;
10:02:05;318;49,92;
10:02:08;314;49,91;
10:02:11;313;49,91;
10:02:14;314;49,92;
10:02:20;316;49,92;
10:02:23;310;49,92;
10:02:26;307;49,93;
10:02:29;315;49,94;
10:02:32;314;49,94;
10:02:35;309;49,94;
10:02:38;307;49,94;
10:02:41;313;49,94;
10:02:44;312;49,94;
10:02:47;307;49,94;
10:02:50;315;49,94;
10:02:53;308;49,94;
10:02:56;315;49,94;
10:02:59;314;49,94;
10:03:02;309;49,96;
10:03:08;306;49,96;
10:03:11;307;49,96;
10:03:14;302;49,95;
10:03:17;301;49,95;
10:03:20;296;49,94;
10:03:23;302;49,94;
10:03:26;301;49,94;
10:03:29;299;49,94;
10:03:32;292;49,94;
10:03:35;293;49,94;
10:03:38;288;49,94;
10:03:41;293;49,94;
10:03:44;285;49,94;
10:03:47;291;49,94;
10:03:50;282;49,94;
10:03:53;280;49,95;
10:03:59;281;49,95;
10:04:02;276;49,94;
10:04:05;270;49,95;
10:04:08;272;49,95;
10:04:14;268;49,95;
10:04:17;268;49,94;
10:04:20;263;49,95;
10:04:23;259;49,95;
10:04:26;258;49,95;
10:04:29;256;49,96;
10:04:32;254;49,96;
10:04:38;250;49,95;
10:04:41;248;49,95;
10:04:44;245;49,94;
10:04:47;240;49,94;
10:04:50;240;49,95;
10:04:53;238;49,95;
10:04:56;236;49,96;
10:04:59;232;49,96;
10:05:02;230;49,97;
10:05:05;229;49,97;
10:05:08;226;49,97;
10:05:11;223;49,97;
10:05:14;221;49,97;
10:05:20;217;49,97;
10:05:23;214;49,97;
10:05:26;212;49,97;
10:05:29;206;49,97;
10:05:32;205;49,97;
10:05:35;206;49,97;
10:05:38;201;49,98;
10:05:41;205;49,97;
10:05:44;202;49,98;
10:05:47;199;49,97;
10:05:50;192;49,98;
10:05:53;191;49,98;
10:05:56;190;49,98;
10:05:59;188;49,98;
10:06:05;185;49,98;
10:06:08;184;49,98;
10:06:11;182;49,97;
10:06:14;179;49,97;
10:06:17;179;49,96;
10:06:20;176;49,96;
10:06:26;173;49,96;
10:06:32;170;49,96;
10:06:38;170;49,97;
10:06:41;166;49,97;
10:06:44;165;49,98;
10:06:47;167;49,98;
10:06:50;159;49,98;
10:06:53;161;49,98;
10:06:56;163;49,98;
10:06:59;162;49,98;
10:07:02;162;49,97;
10:07:05;161;49,97;
10:07:11;161;49,96;
10:07:17;160;49,97;
10:07:26;159;49,97;
10:07:29;161;49,97;
10:07:32;157;49,97;
10:07:35;160;49,97;
10:07:38;158;49,97;
10:07:44;156;49,97;
10:07:47;161;49,98;
10:07:50;161;49,97;
10:07:53;159;49,97;
10:07:56;162;49,97;
10:07:59;162;49,96;
10:08:02;161;49,96;
10:08:05;164;49,96;
10:08:11;166;49,96;
10:08:17;167;49,97;
10:08:23;167;49,96;
10:08:26;168;49,96;
10:08:29;170;49,96;
10:08:35;170;49,97;
10:08:38;172;49,97;
10:08:41;173;49,97;
10:08:44;175;49,98;
10:08:50;176;49,98;
10:08:53;177;49,97;
10:08:56;180;49,98;
10:08:59;179;49,98;
10:09:02;180;49,98;
10:09:05;181;49,98;
10:09:08;184;49,98;
10:09:11;186;49,98;
10:09:14;185;49,98;
10:09:17;187;49,97;
10:09:23;190;49,97;
10:09:26;191;49,97;
10:09:29;192;49,97;
10:09:32;192;49,98;
10:09:35;194;49,98;
10:09:38;195;49,98;
10:09:41;194;49,99;
10:09:44;197;49,99;
10:09:47;198;49,99;
10:09:50;198;50,00;
10:09:53;200;50,00;
10:09:56;203;50,00;
10:09:59;205;50,00;
10:10:02;204;50,00;
10:10:05;203;50,00;
10:10:08;206;49,99;
10:10:11;207;49,98;
10:10:14;208;49,98;
10:10:20;211;49,98;
10:10:26;212;49,98;
10:10:29;214;49,98;
10:10:32;212;49,98;
10:10:35;213;49,98;
10:10:38;222;49,99;
10:10:41;226;49,99;
10:10:44;229;50,00;
10:10:47;228;50,00;
10:10:50;223;50,00;
10:10:53;228;50,00;
10:10:56;229;50,00;
10:10:59;234;50,00;
10:11:02;233;50,00;
10:11:05;233;49,99;
10:11:08;234;50,00;
10:11:14;240;50,00;
10:11:17;244;50,00;
10:11:20;245;50,00;
10:11:23;246;49,99;
10:11:26;248;49,99;
10:11:32;248;49,98;
10:11:35;249;49,98;
10:11:38;249;49,97;
10:11:41;251;49,97;
10:11:44;252;49,97;
10:11:47;253;49,97;
10:11:50;257;49,97;
10:11:53;258;49,97;
10:11:56;259;49,98;
10:11:59;261;49,98;
10:12:02;261;49,99;
10:12:05;265;49,99;
10:12:08;266;50,00;
10:12:11;268;50,00;
10:12:14;269;49,99;
10:12:20;270;49,99;
10:12:23;272;49,99;
10:12:26;274;50,00;
10:12:29;263;49,99;
10:12:32;243;50,00;
10:12:35;236;50,00;
10:12:38;270;50,00;
10:12:41;281;50,00;
10:12:44;283;50,00;
10:12:47;288;50,00;
10:12:50;290;50,00;
10:12:53;291;50,00;
10:12:59;295;50,00;
10:13:02;296;50,00;
10:13:05;299;50,00;
10:13:08;302;50,00;
10:13:11;303;50,00;
10:13:17;301;50,00;
10:13:20;306;50,01;
10:13:26;301;50,01;
10:13:29;305;50,01;
10:13:32;298;50,00;
10:13:35;310;50,00;
10:13:38;304;49,99;
10:13:41;309;49,99;
10:13:44;304;49,99;
10:13:47;307;49,99;
10:13:50;307;49,98;
10:13:53;311;49,98;
10:13:56;311;49,99;
10:13:59;306;49,99;
10:14:02;307;50,00;
10:14:05;309;50,00;
10:14:11;308;49,99;
10:14:14;309;50,00;
10:14:17;309;49,99;
10:14:20;302;49,99;
10:14:23;306;49,99;
10:14:26;310;49,99;
10:14:32;313;50,00;
10:14:35;311;50,00;
10:14:38;313;50,00;
10:14:41;314;50,00;
10:14:47;312;49,99;
10:14:50;315;49,99;
10:14:53;315;49,98;
10:14:56;320;49,99;
10:14:59;321;49,99;
10:15:02;320;50,00;
10:15:05;319;50,00;
10:15:08;322;50,00;
10:15:11;326;50,00;
10:15:17;319;49,99;
10:15:20;327;49,98;
10:15:23;324;49,97;
10:15:26;321;49,97;
10:15:29;330;49,96;
10:15:32;331;49,96;
10:15:35;335;49,96;
10:15:38;330;49,97;
10:15:41;338;49,97;
10:15:44;342;49,98;
10:15:47;344;49,98;
10:15:50;347;49,98;
10:15:53;343;49,98;
10:15:56;348;49,98;
10:15:59;346;49,98;
10:16:02;349;49,98;
10:16:08;357;49,98;
10:16:11;363;49,99;
10:16:14;362;49,99;
10:16:23;373;49,99;
10:16:26;372;49,99;
10:16:29;369;49,99;
10:16:32;377;49,99;
10:16:35;380;50,00;
10:16:38;381;50,00;
10:16:41;383;50,00;
10:16:44;381;50,00;
10:16:47;382;49,99;
10:16:50;388;49,99;
10:16:53;392;49,98;
10:16:56;396;49,98;
10:16:59;402;49,98;
10:17:02;403;49,98;
10:17:05;406;49,98;
10:17:08;407;49,98;
10:17:11;413;49,99;
10:17:14;416;50,00;
10:17:17;419;50,00;
10:17:20;423;50,00;
10:17:23;421;50,00;
10:17:29;419;49,99;
10:17:32;425;49,99;
10:17:35;433;50,00;
10:17:38;434;50,00;
10:17:41;441;50,00;
10:17:44;440;50,00;
10:17:47;448;50,01;
10:17:53;444;50,01;
10:17:56;449;50,01;
10:17:59;455;50,00;
10:18:02;457;50,00;
10:18:05;459;50,00;
10:18:08;464;50,00;
10:18:11;468;50,00;
10:18:14;472;50,00;
10:18:17;480;50,00;
10:18:20;483;50,00;
10:18:23;487;50,00;
10:18:26;491;49,99;
10:18:29;493;49,99;
10:18:35;493;50,00;
10:18:38;504;49,99;
10:18:41;511;49,99;
10:18:44;507;49,98;
10:18:47;523;49,98;
10:18:50;518;49,99;
10:18:53;525;49,98;
10:18:56;521;49,98;
10:18:59;526;49,98;
10:19:02;533;49,98;
10:19:05;536;49,98;
10:19:08;539;49,98;
10:19:11;545;49,98;
10:19:14;547;49,98;
10:19:20;549;49,99;
10:19:23;554;49,99;
10:19:26;556;49,98;
10:19:32;560;49,98;
10:19:35;561;49,98;
10:19:38;564;49,98;
10:19:41;563;49,98;
10:19:44;570;49,98;
10:19:47;573;49,98;
10:19:50;574;49,98;
10:19:53;575;49,98;
10:19:59;578;49,98;
10:20:02;579;49,99;
10:20:05;578;49,99;
10:20:08;580;50,00;
10:20:11;586;50,00;
10:20:14;588;50,00;
10:20:17;585;50,00;
10:20:20;586;50,00;
10:20:26;592;50,00;
10:20:29;591;50,00;
10:20:32;588;50,00;
10:20:35;590;50,00;
10:20:38;587;50,00;
10:20:41;593;50,00;
10:20:44;595;50,00;
10:20:47;594;50,00;
10:20:50;585;50,00;
10:20:53;594;50,00;
10:20:56;601;50,00;
10:20:59;593;50,00;
10:21:02;578;50,00;
10:21:05;598;50,00;
10:21:08;592;49,99;
10:21:11;595;50,00;
10:21:14;600;50,00;
10:21:17;601;50,00;
10:21:20;602;50,00;
10:21:23;600;50,00;
10:21:26;596;50,00;
10:21:32;603;50,00;
10:21:35;604;49,99;
10:21:38;607;49,98;
10:21:41;605;49,98;
10:21:44;605;49,99;
10:21:47;594;49,99;
10:21:50;600;50,00;
10:21:53;607;50,00;
10:21:56;609;50,00;
10:21:59;605;50,00;
10:22:02;607;50,00;
10:22:05;617;50,00;
10:22:08;614;50,00;
10:22:11;616;50,01;
10:22:14;614;50,01;
10:22:17;621;50,00;
10:22:23;619;49,99;
10:22:26;621;49,99;
10:22:29;627;49,99;
10:22:32;626;50,00;
10:22:38;629;49,99;
10:22:41;633;50,00;
10:22:50;635;50,00;
10:22:53;640;50,00;
10:22:56;636;50,00;
10:22:59;639;50,00;
10:23:02;642;50,01;
10:23:05;644;50,01;
10:23:11;641;50,01;
10:23:14;631;50,00;
10:23:17;644;50,00;
10:23:20;642;49,99;
10:23:23;645;50,00;
10:23:26;651;50,00;
10:23:29;653;50,00;
10:23:32;649;49,99;
10:23:35;651;49,99;
10:23:38;655;49,99;
10:23:44;652;49,99;
10:23:47;660;50,00;
10:23:50;658;50,00;
10:23:53;659;50,00;
10:23:56;668;50,00;
10:23:59;665;50,01;
10:24:02;666;50,01;
10:24:05;675;50,00;
10:24:08;671;50,00;
10:24:11;676;50,00;
10:24:14;678;50,00;
10:24:17;685;50,00;
10:24:20;689;50,00;
10:24:23;691;50,00;
10:24:29;697;49,99;
10:24:32;701;49,99;
10:24:35;705;49,99;
10:24:38;707;49,99;
10:24:41;713;49,99;
10:24:44;720;49,99;
10:24:47;719;49,99;
10:24:50;725;49,98;
10:24:53;733;49,98;
10:24:56;738;49,98;
10:24:59;743;49,99;
10:25:02;744;50,00;
10:25:05;752;50,00;
10:25:08;758;50,00;
10:25:14;766;50,00;
10:25:17;781;49,99;
10:25:20;777;49,98;
10:25:23;794;49,98;
10:25:26;793;49,99;
10:25:29;809;49,98;
10:25:35;821;49,97;
10:25:38;822;49,98;
10:25:41;836;49,98;
10:25:44;835;49,98;
10:25:47;850;49,99;
10:25:50;852;49,99;
10:25:53;862;49,99;
10:25:56;865;49,99;
10:25:59;860;49,99;
10:26:02;878;49,99;
10:26:05;895;50,00;
10:26:08;902;50,00;
10:26:11;914;50,00;
10:26:17;919;50,00;
10:26:20;931;50,00;
10:26:23;940;50,00;
10:26:26;947;50,00;
10:26:29;954;50,00;
10:26:32;953;50,00;
10:26:35;971;50,00;
10:26:41;988;50,00;
10:26:44;977;50,00;
10:26:47;1006;50,00;
10:26:50;1016;50,00;
10:26:53;1014;49,99;
10:26:56;1027;49,99;
10:26:59;1041;49,99;
10:27:02;1055;50,00;
10:27:05;1085;50,00;
10:27:08;1095;49,99;
10:27:11;1132;50,00;
10:27:14;1155;50,00;
10:27:17;1225;50,00;
10:27:20;1287;50,00;
10:27:23;1399;50,00;
10:27:26;2985;50,00;
10:27:29;5202;50,00;
10:27:32;5494;50,00;
10:27:35;5364;50,00;
10:27:38;5106;50,00;
10:27:41;5740;50,00;
10:27:47;5988;49,99;
10:27:50;5766;49,99;
10:27:53;6888;50,00;
10:27:56;7326;49,99;
10:27:59;7986;50,00;
10:28:02;8170;50,00;
10:28:05;8200;50,00;
10:28:08;8102;50,01;
10:28:11;8296;50,01;
10:28:14;8460;50,00;
10:28:17;8664;50,00;
10:28:20;8704;50,00;
10:28:23;8756;50,00;
10:28:26;8116;50,00;
10:28:32;7308;50,00;
10:28:35;3731;50,00;
10:28:38;1662;50,00;
10:28:41;1539;50,01;
10:28:44;6044;50,01;
10:28:47;7702;50,00;
10:28:50;7594;50,00;
10:28:53;7566;50,00;
10:28:56;7254;50,00;
10:28:59;6104;50,00;
10:29:02;4782;50,00;
10:29:05;3978;50,00;
10:29:08;4148;50,00;
10:29:11;3755;50,00;
10:29:14;2658;50,00;
10:29:17;1913;50,00;
10:29:20;1725;50,00;
10:29:23;1969;50,00;
10:29:26;3077;49,99;
10:29:29;3822;49,99;
10:29:32;4434;50,00;
10:29:38;4914;50,00;
10:29:41;4904;50,00;
10:29:44;3560;50,00;
10:29:47;3039;50,01;
10:29:50;3218;50,01;
10:29:53;3360;50,01;
10:29:56;3287;50,01;
10:29:59;2890;50,00;
10:30:02;5398;50,00;
10:30:05;6390;50,00;
10:30:08;7574;50,00;
10:30:11;7858;50,00;
10:30:14;7850;50,00;
10:30:17;8046;49,99;
10:30:20;7896;50,00;
10:30:23;7738;49,99;
10:30:26;7922;49,99;
10:30:29;7886;49,98;
10:30:32;7634;49,98;
10:30:35;7588;49,98;
10:30:38;6466;49,97;
10:30:44;5654;49,98;
10:30:47;5160;49,99;
10:30:50;4554;49,99;
10:30:53;2899;49,99;
10:30:56;5534;50,00;
10:30:59;6882;50,00;
10:31:02;6864;50,00;
10:31:05;4446;50,00;
10:31:08;3835;49,98;
10:31:11;5676;49,97;
10:31:14;6902;49,97;
10:31:17;8304;49,97;
10:31:20;9192;49,97;
10:31:23;9308;49,98;
10:31:26;9304;49,98;
10:31:29;9296;49,98;
10:31:32;9300;49,98;
10:31:35;9340;49,98;
10:31:38;9376;49,99;
10:31:41;9384;49,99;
10:31:44;9384;50,00;
10:31:50;9408;49,99;
10:31:53;9400;49,99;
10:31:56;9376;49,99;
10:31:59;9396;49,99;
10:32:02;9416;49,99;
10:32:05;9436;49,99;
10:32:08;9444;49,99;
10:32:11;9420;49,99;
10:32:14;9496;49,98;
10:32:17;9536;49,98;
10:32:20;8352;49,98;
10:32:23;8564;49,98;
10:32:26;5798;49,98;
10:32:29;5804;49,98;
10:32:32;6140;49,98;
10:32:35;8964;49,98;
10:32:38;9560;49,97;
10:32:41;9516;49,97;
10:32:44;9460;49,96;
10:32:50;9432;49,97;
10:32:53;9364;49,97;
10:32:56;9364;49,98;
10:32:59;9344;49,98;
10:33:02;9360;49,98;
10:33:05;9392;49,98;
10:33:08;9404;49,98;
10:33:11;9396;49,98;
10:33:14;9380;49,98;
10:33:17;9364;49,98;
10:33:20;9380;49,98;
10:33:23;9364;49,99;
10:33:26;9356;49,99;
10:33:29;9372;49,99;
10:33:32;9368;49,99;
10:33:35;9356;49,98;
10:33:41;9348;49,99;
10:33:44;9356;49,99;
10:33:47;9360;50,00;
10:33:50;9356;50,00;
10:33:56;9356;49,99;
10:33:59;9320;49,99;
10:34:02;9344;49,99;
10:34:05;9344;50,00;
10:34:08;9356;50,00;
10:34:11;9320;50,00;
10:34:14;9340;50,00;
10:34:17;9328;49,99;
10:34:20;9340;49,99;
10:34:26;9336;49,99;
10:34:29;9336;49,98;
10:34:32;9328;49,98;
10:34:35;9316;49,98;
10:34:38;9344;49,98;
10:34:41;9316;49,98;
10:34:47;9312;49,99;
10:34:50;9328;49,99;
10:34:53;9312;49,99;
10:34:56;9336;50,00;
10:34:59;9324;50,00;
10:35:02;9352;50,01;
10:35:08;9328;50,01;
10:35:11;9332;50,00;
10:35:14;9352;50,00;
10:35:17;9348;50,00;
10:35:20;9372;50,00;
10:35:26;9380;49,99;
10:35:29;9384;49,99;
10:35:32;9380;49,99;
10:35:35;9368;49,98;
10:35:38;9384;49,98;
10:35:41;9348;49,98;
10:35:44;9372;49,98;
10:35:47;9352;49,98;
10:35:53;9348;49,99;
10:35:56;9376;49,99;
10:35:59;9344;50,00;
10:36:02;9360;50,00;
10:36:05;9332;50,01;
10:36:08;9356;50,00;
10:36:11;9352;50,00;
10:36:14;9320;50,00;
10:36:17;9312;50,01;
10:36:20;9336;50,01;
10:36:23;9292;50,01;
10:36:26;9312;50,01;
10:36:29;9280;50,00;
10:36:32;9296;50,00;
10:36:38;9284;50,00;
10:36:41;9256;50,00;
10:36:44;9260;50,00;
10:36:47;9236;49,99;
10:36:50;9244;50,00;
10:36:53;9208;50,00;
10:36:59;9200;50,00;
10:37:02;9184;50,00;
10:37:05;9164;50,00;
10:37:14;9140;50,00;
10:37:17;9144;50,00;
10:37:20;9132;50,00;
10:37:23;9140;50,00;
10:37:26;9128;50,01;
10:37:32;9076;50,01;
10:37:35;9104;50,01;
10:37:38;9092;50,01;
10:37:44;9028;50,00;
10:37:47;9072;50,00;
10:37:53;9064;50,00;
10:37:56;9028;50,00;
10:37:59;9072;50,00;
10:38:02;9060;50,00;
10:38:05;9052;50,00;
10:38:08;9024;50,00;
10:38:11;9052;50,00;
10:38:14;9028;50,00;
10:38:17;9036;49,99;
10:38:20;9008;49,99;
10:38:23;9036;49,99;
10:38:29;9032;49,99;
10:38:32;9008;49,99;
10:38:35;9032;49,99;
10:38:38;9008;50,00;
10:38:41;9032;50,00;
10:38:44;9012;50,00;
10:38:50;9008;50,00;
10:38:53;9032;50,00;
10:38:56;9020;50,00;
10:38:59;9024;50,00;
10:39:02;9012;50,00;
10:39:05;9008;50,00;
10:39:08;9024;50,00;
10:39:11;9012;50,01;
10:39:14;9028;50,00;
10:39:17;9004;50,01;
10:39:20;9020;50,00;
10:39:23;9008;50,00;
10:39:26;9016;50,00;
10:39:29;8996;50,00;
10:39:32;9012;50,00;
10:39:35;8988;50,00;
10:39:38;8996;50,00;
10:39:41;9016;50,00;
10:39:44;8992;50,00;
10:39:47;9016;50,00;
10:39:50;8996;50,00;
10:39:56;8988;50,00;
10:39:59;9020;50,00;
10:40:02;9012;50,01;
10:40:05;9008;50,01;
10:40:08;8996;50,01;
10:40:11;9000;50,01;
10:40:14;9012;50,02;
10:40:20;8996;50,02;
10:40:23;8988;50,02;
10:40:26;8996;50,01;
10:40:29;8980;50,01;
10:40:32;8996;50,01;
10:40:35;8964;50,01;
10:40:38;8996;50,01;
10:40:41;8980;50,01;
10:40:44;8996;50,01;
10:40:47;8960;50,01;
10:40:50;8940;50,01;
10:40:53;8956;50,01;
10:40:56;8964;50,01;
10:41:02;8948;50,01;
10:41:05;8932;50,01;
10:41:08;8940;50,01;
10:41:11;8908;50,01;
10:41:14;8888;50,01;
10:41:17;8824;50,01;
10:41:20;8864;50,02;
10:41:23;8856;50,02;
10:41:26;8868;50,01;
10:41:29;8828;50,01;
10:41:32;8832;50,00;
10:41:35;8804;50,00;
10:41:38;8816;50,01;
10:41:41;8752;50,01;
10:41:44;8732;50,01;
10:41:47;8768;50,01;
10:41:50;8688;50,01;
10:41:53;8216;50,01;
10:41:56;8576;50,01;
10:41:59;8608;50,01;
10:42:02;8712;50,01;
10:42:05;8760;50,00;
10:42:08;8804;50,00;
10:42:11;8836;50,00;
10:42:14;8864;50,01;
10:42:17;8828;50,01;
10:42:20;8808;50,01;
10:42:23;8788;50,01;
10:42:26;8756;50,01;
10:42:29;8772;50,01;
10:42:32;8820;50,01;
10:42:35;8848;50,00;
10:42:38;8828;50,00;
10:42:41;8880;50,00;
10:42:44;8868;50,00;
10:42:47;8896;50,00;
10:42:53;8888;50,00;
10:42:56;8840;50,00;
10:42:59;8876;50,00;
10:43:02;8864;50,00;
10:43:05;8856;50,00;
10:43:08;8804;50,01;
10:43:11;8828;50,01;
10:43:14;8820;50,00;
10:43:17;8756;50,00;
10:43:20;8688;50,00;
10:43:23;8868;50,00;
10:43:26;8892;50,00;
10:43:29;8888;50,00;
10:43:32;8852;50,00;
10:43:35;8900;50,00;
10:43:38;8908;50,00;
10:43:41;8944;50,00;
10:43:44;8916;50,00;
10:43:47;8952;50,00;
10:43:50;8940;50,00;
10:43:53;8952;50,00;
10:44:02;8908;50,00;
10:44:05;8912;50,00;
10:44:08;8908;50,00;
10:44:11;8940;50,00;
10:44:14;8936;50,00;
10:44:17;8908;50,00;
10:44:20;8952;50,00;
10:44:23;8948;50,01;
10:44:26;8940;50,00;
10:44:29;8960;50,01;
10:44:32;8932;50,01;
10:44:35;8972;50,01;
10:44:38;8960;50,01;
10:44:41;8972;50,00;
10:44:44;8944;50,00;
10:44:47;8964;50,01;
10:44:53;8988;50,01;
10:44:56;8956;50,00;
10:44:59;8988;50,00;
10:45:05;8992;50,00;
10:45:08;8984;50,00;
10:45:11;8996;49,99;
10:45:14;8988;49,99;
10:45:17;9004;49,99;
10:45:20;9008;49,98;
10:45:23;8992;49,98;
10:45:26;9012;49,98;
10:45:29;9020;49,99;
10:45:32;9028;49,98;
10:45:35;9032;49,98;
10:45:38;9036;49,98;
10:45:44;9044;49,98;
10:45:47;9008;49,98;
10:45:50;9056;49,98;
10:45:53;9072;49,98;
10:45:56;9068;49,98;
10:45:59;9080;49,98;
10:46:02;9088;49,99;
10:46:05;9100;49,98;
10:46:11;9116;49,98;
10:46:14;9124;49,98;
10:46:17;9136;49,97;
10:46:20;9140;49,97;
10:46:23;9148;49,97;
10:46:26;9156;49,97;
10:46:29;9152;49,97;
10:46:32;9172;49,98;
10:46:35;9168;49,97;
10:46:38;9200;49,98;
10:46:41;9188;49,97;
10:46:44;9180;49,97;
10:46:47;9208;49,97;
10:46:50;9248;49,97;
10:46:56;9284;49,97;
10:46:59;9268;49,97;
10:47:02;9316;49,98;
10:47:05;9280;49,98;
10:47:08;9344;49,98;
10:47:11;9336;49,98;
10:47:14;9372;49,98;
10:47:17;9384;49,98;
10:47:20;9360;49,98;
10:47:23;9424;49,98;
10:47:26;9452;49,98;
10:47:29;9452;49,97;
10:47:32;9464;49,97;
10:47:35;9460;49,96;
10:47:38;9400;49,96;
10:47:41;9460;49,97;
10:47:44;9472;49,98;
10:47:47;9484;49,98;
10:47:50;9516;49,98;
10:47:53;9520;49,98;
10:47:56;9524;49,98;
10:48:02;9536;49,98;
10:48:05;9548;49,98;
10:48:08;9560;49,98;
10:48:11;9576;49,99;
10:48:14;9608;49,99;
10:48:17;9612;49,99;
10:48:20;9628;49,99;
10:48:23;9640;49,99;
10:48:26;9652;49,97;
10:48:29;9660;49,96;
10:48:32;9676;49,96;
10:48:35;9672;49,96;
10:48:38;9668;49,96;
10:48:41;9652;49,96;
10:48:44;9384;49,97;
10:48:47;7536;49,97;
10:48:50;9000;49,98;
10:48:53;9548;49,98;
10:48:56;9856;49,98;
10:48:59;9916;49,99;
10:49:02;9944;49,99;
10:49:08;8852;49,99;
10:49:11;7160;49,98;
10:49:14;5108;49,98;
10:49:17;4018;49,98;
10:49:20;3034;49,98;
10:49:23;3334;49,98;
10:49:26;3752;49,98;
10:49:29;3747;49,98;
10:49:32;3566;49,97;
10:49:35;2882;49,97;
10:49:38;2651;49,97;
10:49:41;2583;49,97;
10:49:44;2496;49,96;
10:49:47;2506;49,96;
10:49:50;2515;49,97;
10:49:53;2527;49,96;
10:49:56;2569;49,97;
10:49:59;2612;49,96;
10:50:02;2679;49,97;
10:50:05;2742;49,97;
10:50:08;2826;49,97;
10:50:14;2864;49,96;
10:50:17;3205;49,96;
10:50:20;5158;49,96;
10:50:23;5154;49,96;
10:50:26;3211;49,96;
10:50:29;2871;49,96;
10:50:32;2683;49,96;
10:50:35;2608;49,96;
10:50:38;2516;49,96;
10:50:41;2491;49,96;
10:50:44;2449;49,96;
10:50:47;2459;49,96;
10:50:50;2463;49,96;
10:50:53;2477;49,96;
10:50:56;2490;49,96;
10:50:59;2537;49,96;
10:51:02;2567;49,96;
10:51:05;2636;49,95;
10:51:08;2674;49,95;
10:51:11;3064;49,94;
10:51:14;6228;49,94;
10:51:17;10012;49,95;
10:51:20;10280;49,94;
10:51:23;9712;49,94;
10:51:26;9704;49,93;
10:51:29;10404;49,93;
10:51:32;10268;49,93;
10:51:35;8560;49,93;
10:51:38;6904;49,93;
10:51:41;6886;49,94;
10:51:44;5756;49,94;
10:51:47;5664;49,94;
10:51:50;5158;49,94;
10:51:53;4406;49,94;
10:51:56;4780;49,94;
10:51:59;4772;49,94;
10:52:05;6108;49,94;
10:52:08;9580;49,94;
10:52:11;7850;49,94;
10:52:14;6790;49,95;
10:52:17;4368;49,95;
10:52:20;4902;49,95;
10:52:23;7810;49,95;
10:52:26;10364;49,95;
10:52:29;10252;49,95;
10:52:32;10452;49,95;
10:52:35;9896;49,95;
10:52:38;7792;49,95;
10:52:41;4746;49,95;
10:52:44;3779;49,95;
10:52:47;3474;49,95;
10:52:50;3142;49,94;
10:52:53;3100;49,94;
10:52:56;3106;49,95;
10:52:59;2977;49,95;
10:53:02;3007;49,95;
10:53:05;3564;49,95;
10:53:11;3766;49,95;
10:53:14;3986;49,95;
10:53:17;3637;49,95;
10:53:20;3205;49,95;
10:53:23;2906;49,95;
10:53:26;2917;49,95;
10:53:29;2987;49,94;
10:53:32;3171;49,94;
10:53:35;4292;49,94;
10:53:38;4914;49,95;
10:53:41;8752;49,95;
10:53:44;9280;49,95;
10:53:47;9564;49,95;
10:53:50;9312;49,95;
10:53:53;9248;49,94;
10:53:56;9176;49,94;
10:53:59;8228;49,94;
10:54:02;8014;49,94;
10:54:05;9100;49,94;
10:54:08;9976;49,94;
10:54:11;9952;49,94;
10:54:17;9588;49,95;
10:54:20;8928;49,95;
10:54:23;9632;49,95;
10:54:26;9924;49,95;
10:54:29;9784;49,95;
10:54:32;9564;49,96;
10:54:35;9104;49,95;
10:54:38;9540;49,95;
10:54:41;9092;49,96;
10:54:44;7994;49,96;
10:54:47;6362;49,96;
10:54:50;8592;49,96;
10:54:53;4354;49,96;
10:54:56;4448;49,96;
10:54:59;5432;49,96;
10:55:02;6770;49,96;
10:55:05;9084;49,97;
10:55:08;8150;49,97;
10:55:11;7322;49,97;
10:55:14;8616;49,97;
10:55:17;7426;49,97;
10:55:23;7506;49,97;
10:55:26;9460;49,97;
10:55:29;9312;49,97;
10:55:32;7468;49,98;
10:55:35;7112;49,97;
10:55:38;4726;49,98;
10:55:41;4065;49,98;
10:55:44;4376;49,97;
10:55:47;6346;49,98;
10:55:50;6738;49,97;
10:55:53;5674;49,98;
10:55:56;3871;49,98;
10:55:59;3653;49,98;
10:56:02;3263;49,98;
10:56:08;3308;49,97;
10:56:11;2847;49,97;
10:56:14;2525;49,97;
10:56:17;2522;49,97;
10:56:20;2507;49,98;
10:56:23;2510;49,97;
10:56:26;2568;49,97;
10:56:29;2634;49,97;
10:56:32;3143;49,97;
10:56:35;3164;49,98;
10:56:38;3416;49,98;
10:56:41;3115;49,99;
10:56:44;2934;49,98;
10:56:47;2941;49,99;
10:56:50;3203;49,98;
10:56:53;7620;49,98;
10:56:56;10288;49,98;
10:56:59;9668;49,98;
10:57:02;5572;49,98;
10:57:05;4057;49,98;
10:57:08;7470;49,99;
10:57:14;9756;49,99;
10:57:17;9960;50,00;
10:57:20;9772;50,00;
10:57:23;9792;50,00;
10:57:26;9836;49,98;
10:57:29;9820;49,98;
10:57:32;9804;49,98;
10:57:35;9848;49,99;
10:57:38;9896;50,00;
10:57:41;9936;50,00;
10:57:44;9944;50,01;
10:57:47;9984;50,00;
10:57:50;10004;50,00;
10:57:53;10012;50,00;
10:57:56;9988;50,00;
10:57:59;9980;50,00;
10:58:02;10004;50,01;
10:58:05;9988;50,01;
10:58:08;10016;50,00;
10:58:11;10000;50,00;
10:58:14;9992;50,00;
10:58:20;9952;49,99;
10:58:23;9920;49,99;
10:58:26;9956;49,99;
10:58:29;9952;49,98;
10:58:32;9948;49,99;
10:58:35;9928;49,99;
10:58:38;9952;49,99;
10:58:41;9944;50,00;
10:58:44;9948;50,01;
10:58:47;9940;50,01;
10:58:50;9972;50,01;
10:58:53;9996;50,01;
10:58:56;10072;50,01;
10:58:59;10056;50,00;
10:59:02;10132;50,01;
10:59:05;10188;50,00;
10:59:08;9432;50,01;
10:59:11;9140;50,00;
10:59:14;10324;50,00;
10:59:17;9712;50,00;
10:59:20;5996;50,00;
10:59:26;8860;50,00;
10:59:29;10028;50,01;
10:59:32;8064;50,01;
10:59:35;7762;50,01;
10:59:38;8780;50,01;
10:59:41;9656;50,01;
10:59:44;10372;50,00;
10:59:47;10376;50,00;
10:59:50;8188;50,01;
10:59:53;7304;50,01;
10:59:56;5768;50,01;
10:59:59;4806;50,01;
11:00:02;3957;50,01;
11:00:05;6716;50,01;
11:00:11;9912;50,01;
11:00:14;9932;50,01;
11:00:17;9956;50,01;
11:00:20;9876;50,01;
11:00:23;9952;50,01;
11:00:26;9940;50,01;
11:00:29;9956;50,01;
11:00:32;9964;50,01;
11:00:35;9956;50,00;
11:00:41;10012;50,00;
11:00:47;10056;50,00;
11:00:50;10008;50,00;
11:00:53;10084;50,00;
11:00:56;10120;50,01;
11:00:59;10164;50,01;
11:01:02;10148;50,01;
11:01:05;9856;50,00;
11:01:08;8728;50,01;
11:01:11;8042;50,00;
11:01:17;7898;50,01;
11:01:20;8572;50,01;
11:01:23;10356;50,01;
11:01:26;9932;50,01;
11:01:29;9288;50,00;
11:01:32;9204;50,00;
11:01:35;9724;50,00;
11:01:38;9904;50,00;
11:01:41;9804;50,00;
11:01:44;10160;50,00;
11:01:47;10288;50,00;
11:01:50;10320;50,00;
11:01:53;10384;50,01;
11:01:56;10396;50,01;
11:02:02;10388;50,01;
11:02:05;10404;50,00;
11:02:08;10384;50,00;
11:02:11;10364;50,00;
11:02:14;10328;50,00;
11:02:17;10324;50,00;
11:02:23;10296;50,00;
11:02:26;10284;50,00;
11:02:29;10268;50,00;
11:02:32;10240;50,00;
11:02:35;10248;50,00;
11:02:38;10236;50,00;
11:02:41;10224;50,00;
11:02:44;10228;50,00;
11:02:47;10208;50,00;
11:02:50;10192;50,00;
11:02:53;10164;50,00;
11:02:56;10036;50,00;
11:02:59;10164;50,01;
11:03:02;10140;50,01;
11:03:05;10108;50,01;
11:03:08;10120;50,01;
11:03:11;10152;50,01;
11:03:17;10156;50,01;
11:03:20;10120;50,01;
11:03:23;10148;50,02;
11:03:29;10136;50,02;
11:03:32;10120;50,02;
11:03:35;10140;50,02;
11:03:41;10148;50,01;
11:03:44;10144;50,01;
11:03:47;10108;50,00;
11:03:50;10140;50,00;
11:03:53;10128;50,00;
11:03:56;10116;50,01;
11:03:59;10088;50,01;
11:04:02;10080;50,01;
11:04:05;10056;50,01;
11:04:08;10052;50,00;
11:04:11;10016;50,00;
11:04:14;10040;50,01;
11:04:17;10044;50,01;
11:04:23;10056;50,01;
11:04:26;10072;50,01;
11:04:29;10108;50,01;
11:04:35;10128;50,01;
11:04:38;10212;50,00;
11:04:41;10228;50,01;
11:04:44;9352;50,01;
11:04:47;8640;50,01;
11:04:50;8524;50,01;
11:04:53;7444;50,01;
11:04:56;6934;50,01;
11:04:59;5828;50,01;
11:05:02;5852;50,01;
11:05:05;7364;50,01;
11:05:08;8162;50,01;
11:05:11;9016;50,01;
11:05:14;8688;50,01;
11:05:20;7352;50,01;
11:05:23;7296;50,01;
11:05:26;4656;50,01;
11:05:29;3920;50,01;
11:05:32;5410;50,01;
11:05:35;7534;50,01;
11:05:38;8344;50,01;
11:05:41;9304;50,01;
11:05:44;9312;50,01;
11:05:47;9336;50,01;
11:05:50;9056;50,01;
11:05:53;8916;50,01;
11:05:56;8220;50,01;
11:05:59;7914;50,01;
11:06:02;7822;50,02;
11:06:05;7914;50,01;
11:06:08;8796;50,01;
11:06:11;8592;50,01;
11:06:14;8608;50,01;
11:06:17;9024;50,01;
11:06:20;9384;50,01;
11:06:26;9348;50,01;
11:06:29;9356;50,01;
11:06:32;9340;50,01;
11:06:35;9360;50,01;
11:06:38;9340;50,00;
11:06:44;9328;50,01;
11:06:47;9316;50,01;
11:06:50;9320;50,01;
11:06:53;9316;50,00;
11:06:56;9260;50,00;
11:06:59;9288;50,00;
11:07:02;9312;50,00;
11:07:05;9292;50,01;
11:07:08;9256;50,01;
11:07:11;9180;50,01;
11:07:14;9320;50,01;
11:07:17;9332;50,02;
11:07:20;9340;50,02;
11:07:23;9344;50,02;
11:07:26;9364;50,01;
11:07:32;9372;50,01;
11:07:35;9368;50,01;
11:07:38;9372;50,01;
11:07:44;9380;50,01;
11:07:50;9360;50,02;
11:07:53;9396;50,02;
11:07:56;9428;50,01;
11:07:59;9440;50,01;
11:08:02;9448;50,01;
11:08:05;9456;50,01;
11:08:08;9464;50,01;
11:08:11;9472;50,01;
11:08:14;9460;50,01;
11:08:17;9484;50,00;
11:08:20;9500;50,00;
11:08:23;9508;50,00;
11:08:26;9528;50,00;
11:08:29;9540;50,00;
11:08:32;9556;50,01;
11:08:38;9568;50,01;
11:08:41;9576;50,00;
11:08:44;9572;50,01;
11:08:47;9596;50,01;
11:08:50;9592;50,00;
11:08:53;9628;50,00;
11:08:56;9636;50,00;
11:08:59;9620;50,00;
11:09:02;9648;50,00;
11:09:05;9660;50,00;
11:09:08;9668;50,00;
11:09:11;9680;50,00;
11:09:17;9696;50,00;
11:09:23;9720;50,00;
11:09:26;9728;50,00;
11:09:29;9756;50,00;
11:09:32;9764;50,00;
11:09:35;9784;50,00;
11:09:38;9788;50,00;
11:09:41;9764;50,00;
11:09:44;9772;50,00;
11:09:47;9836;50,00;
11:09:50;9848;50,00;
11:09:53;9876;50,00;
11:09:56;9884;49,99;
11:09:59;9916;49,99;
11:10:02;9932;49,99;
11:10:05;9916;50,00;
11:10:08;9964;50,00;
11:10:11;9988;50,00;
11:10:14;10000;50,00;
11:10:17;10016;50,00;
11:10:20;10028;50,00;
11:10:23;10052;50,00;
11:10:29;10068;50,00;
11:10:32;10080;50,00;
11:10:35;10104;50,01;
11:10:38;10108;50,01;
11:10:41;10116;50,01;
11:10:44;10132;50,01;
11:10:47;10132;50,00;
11:10:50;10132;49,99;
11:10:53;10112;50,00;
11:10:56;10152;50,00;
11:10:59;10144;50,00;
11:11:02;10160;50,00;
11:11:05;10168;49,99;
11:11:08;10188;49,99;
11:11:11;10200;50,00;
11:11:14;10252;50,00;
11:11:17;10276;50,00;
11:11:20;10300;50,00;
11:11:23;10244;50,00;
11:11:26;10296;50,00;
11:11:29;10244;50,01;
11:11:35;10260;50,01;
11:11:38;10304;50,00;
11:11:41;10452;50,01;
11:11:44;10396;50,00;
11:11:47;8684;50,01;
11:11:50;8272;50,00;
11:11:53;7414;50,00;
11:11:56;5930;50,00;
11:11:59;4274;50,00;
11:12:02;3992;50,00;
11:12:05;3358;50,00;
11:12:08;3523;50,00;
11:12:11;3545;50,00;
11:12:14;3706;50,01;
11:12:17;3833;50,01;
11:12:20;3647;50,00;
11:12:23;3737;50,00;
11:12:26;3827;49,99;
11:12:29;4152;50,00;
11:12:32;4496;50,00;
11:12:35;4610;50,00;
11:12:41;5318;50,00;
11:12:44;4938;50,00;
11:12:47;4760;50,01;
11:12:50;4866;50,01;
11:12:53;5978;50,00;
11:12:56;6682;50,00;
11:12:59;8404;50,00;
11:13:02;9740;50,00;
11:13:05;8892;50,00;
11:13:08;7804;50,00;
11:13:11;7048;50,00;
11:13:14;6312;50,00;
11:13:17;5540;50,00;
11:13:20;5742;50,00;
11:13:23;5594;50,00;
11:13:26;4600;50,00;
11:13:29;4418;50,00;
11:13:32;4546;50,01;
11:13:35;4684;50,00;
11:13:38;5688;50,01;
11:13:41;5760;50,01;
11:13:44;6286;50,01;
11:13:47;6494;50,01;
11:13:50;6702;50,01;
11:13:53;7654;50,01;
11:13:56;6372;50,01;
11:13:59;7084;50,01;
11:14:02;6914;50,01;
11:14:05;6914;50,00;
11:14:08;6772;50,00;
11:14:11;6182;50,00;
11:14:14;7444;50,01;
11:14:17;6818;50,01;
11:14:20;9104;50,01;
11:14:23;9372;50,01;
11:14:26;10876;50,00;
11:14:32;10748;50,00;
11:14:35;10680;50,01;
11:14:38;10744;50,01;
11:14:44;10560;50,01;
11:14:47;10340;50,01;
11:14:50;10328;50,01;
11:14:53;10456;50,01;
11:14:56;11008;50,01;
11:14:59;11144;50,01;
11:15:02;11092;50,01;
11:15:05;10992;50,00;
11:15:08;10112;50,00;
11:15:11;9788;49,99;
11:15:14;9848;50,00;
11:15:17;10104;50,00;
11:15:20;9208;49,99;
11:15:23;8784;49,99;
11:15:26;9208;49,99;
11:15:29;9968;49,99;
11:15:32;9656;49,99;
11:15:38;9020;50,00;
11:15:41;8956;50,00;
11:15:44;9216;50,00;
11:15:47;8540;50,00;
11:15:50;9212;50,01;
11:15:53;9248;50,01;
11:15:56;9272;50,01;
11:15:59;9164;50,01;
11:16:02;8612;50,01;
11:16:05;6614;50,01;
11:16:08;7830;50,01;
11:16:11;9044;50,00;
11:16:14;8808;50,00;
11:16:17;8576;50,00;
11:16:20;9068;50,00;
11:16:23;10376;50,00;
11:16:26;11196;50,00;
11:16:29;11128;50,00;
11:16:32;10772;50,00;
11:16:35;10896;49,99;
11:16:38;10908;50,00;
11:16:44;10388;50,00;
11:16:47;10372;50,00;
11:16:50;10336;50,00;
11:16:53;10224;50,00;
11:16:56;10336;49,99;
11:16:59;10784;49,99;
11:17:02;11084;49,99;
11:17:05;10996;49,99;
11:17:08;11288;49,98;
11:17:11;11376;49,98;
11:17:14;11488;49,98;
11:17:17;11540;49,98;
11:17:20;11572;49,98;
11:17:23;11528;49,98;
11:17:26;11592;49,98;
11:17:29;11504;49,98;
11:17:32;11740;49,98;
11:17:38;8900;49,98;
11:17:41;5482;49,99;
11:17:44;5910;49,99;
11:17:50;6730;50,00;
11:17:53;5674;50,00;
11:17:56;4842;50,00;
11:17:59;4556;50,01;
11:18:02;4590;50,01;
11:18:05;4718;50,01;
11:18:08;5052;50,01;
11:18:11;5508;50,01;
11:18:14;5220;50,01;
11:18:17;4662;50,01;
11:18:20;4548;50,01;
11:18:23;4394;50,01;
11:18:26;4470;50,01;
11:18:29;4436;50,01;
11:18:35;4332;50,00;
11:18:38;4382;50,00;
11:18:41;4606;50,00;
11:18:44;4780;50,00;
11:18:47;4766;50,00;
11:18:50;4760;50,00;
11:18:53;4886;50,00;
11:18:56;4936;50,00;
11:18:59;5232;50,01;
11:19:02;5698;50,01;
11:19:05;5108;50,01;
11:19:08;4986;50,01;
11:19:11;5578;50,01;
11:19:14;5436;50,01;
11:19:17;5506;50,00;
11:19:20;7494;50,00;
11:19:23;5624;50,00;
11:19:26;5154;50,00;
11:19:29;4948;50,00;
11:19:32;4766;50,00;
11:19:35;4584;50,00;
11:19:41;4558;49,99;
11:19:44;4546;49,99;
11:19:47;4642;49,98;
11:19:50;4758;49,99;
11:19:53;4908;49,98;
11:19:56;4840;49,99;
11:19:59;4912;49,99;
11:20:02;5022;49,99;
11:20:05;4868;49,99;
11:20:08;4942;49,99;
11:20:11;5998;50,00;
11:20:14;6732;50,00;
11:20:17;4736;50,00;
11:20:20;4892;50,00;
11:20:23;5202;50,00;
11:20:26;7896;50,00;
11:20:29;4450;50,00;
11:20:32;4374;50,00;
11:20:35;4272;50,00;
11:20:38;4264;49,99;
11:20:41;4514;49,99;
11:20:47;5748;49,99;
11:20:50;4890;49,99;
11:20:53;4272;50,00;
11:20:56;4132;50,00;
11:20:59;4013;50,01;
11:21:02;3935;50,01;
11:21:05;3880;50,01;
11:21:08;3831;50,01;
11:21:11;3733;50,01;
11:21:14;3708;50,00;
11:21:17;3685;50,01;
11:21:20;3659;50,01;
11:21:23;3661;50,01;
11:21:26;3648;50,01;
11:21:29;3658;50,01;
11:21:32;3625;50,01;
11:21:35;3629;50,01;
11:21:38;3625;50,01;
11:21:41;3609;50,01;
11:21:44;3578;50,01;
11:21:47;3557;50,01;
11:21:53;3490;50,01;
11:21:56;3463;50,01;
11:21:59;3434;50,01;
11:22:02;3422;50,01;
11:22:05;3395;50,01;
11:22:08;3388;50,01;
11:22:11;3367;50,01;
11:22:14;3386;50,01;
11:22:17;3427;50,00;
11:22:20;3459;50,00;
11:22:23;3661;50,00;
11:22:26;3759;50,00;
11:22:29;3687;50,00;
11:22:32;3698;50,00;
11:22:35;3658;50,00;
11:22:38;3422;50,00;
11:22:41;3328;50,00;
11:22:44;3279;50,00;
11:22:47;3261;50,00;
11:22:50;3215;50,00;
11:22:53;3193;50,00;
11:22:56;3184;50,00;
11:22:59;3171;50,00;
11:23:02;3133;50,01;
11:23:05;3115;50,00;
11:23:08;3100;50,01;
11:23:11;3044;50,01;
11:23:14;3039;50,01;
11:23:17;3021;50,01;
11:23:20;3026;50,00;
11:23:23;2996;50,01;
11:23:26;2985;50,00;
11:23:29;2968;50,01;
11:23:32;2960;50,00;
11:23:35;2940;50,01;
11:23:38;2939;50,00;
11:23:44;2927;50,00;
11:23:47;2910;50,00;
11:23:50;2918;50,00;
11:23:53;2906;50,00;
11:23:56;2912;50,01;
11:23:59;2904;50,01;
11:24:02;2917;50,01;
11:24:05;2923;50,01;
11:24:08;2968;50,00;
11:24:11;2980;50,00;
11:24:14;3065;50,00;
11:24:17;3115;50,00;
11:24:20;3279;50,00;
11:24:23;3477;50,00;
11:24:26;3632;50,01;
11:24:29;3647;50,00;
11:24:32;4079;50,00;
11:24:35;4032;50,00;
11:24:38;5402;50,00;
11:24:41;6448;50,00;
11:24:44;11004;50,00;
11:24:50;9308;50,00;
11:24:53;8232;50,01;
11:24:56;10208;50,01;
11:24:59;9048;50,01;
11:25:02;9404;50,01;
11:25:05;10824;50,01;
11:25:08;11548;50,00;
11:25:11;11376;50,00;
11:25:14;10504;50,00;
11:25:17;9732;50,00;
11:25:20;9368;50,01;
11:25:23;9796;50,01;
11:25:26;11412;50,01;
11:25:29;11252;50,01;
11:25:32;11364;50,02;
11:25:35;11428;50,01;
11:25:38;11416;50,01;
11:25:41;11456;50,00;
11:25:44;11384;50,00;
11:25:47;11380;50,00;
11:25:50;11376;50,01;
11:25:56;11112;50,01;
11:25:59;10960;50,01;
11:26:02;9924;50,01;
11:26:05;7198;50,00;
11:26:08;4406;50,00;
11:26:11;3740;50,00;
11:26:14;3582;50,00;
11:26:17;3527;50,00;
11:26:20;3608;50,01;
11:26:23;3750;50,01;
11:26:26;6024;50,01;
11:26:29;5630;50,01;
11:26:32;7778;50,01;
11:26:35;8612;50,01;
11:26:38;8976;50,01;
11:26:41;9716;50,01;
11:26:44;9944;50,01;
11:26:47;9592;50,01;
11:26:50;11136;50,01;
11:26:53;11252;50,01;
11:26:56;11356;50,00;
11:27:02;11244;50,01;
11:27:05;11320;50,01;
11:27:08;11356;50,01;
11:27:11;11348;50,01;
11:27:14;11388;50,01;
11:27:17;11400;50,01;
11:27:20;11436;50,01;
11:27:23;11456;50,01;
11:27:26;11504;50,01;
11:27:29;11556;50,01;
11:27:32;11588;50,00;
11:27:35;11636;50,00;
11:27:38;11668;50,00;
11:27:41;11708;50,00;
11:27:47;11756;49,99;
11:27:50;11760;49,99;
11:27:53;11820;49,99;
11:27:56;11768;49,99;
11:27:59;11548;49,99;
11:28:02;11996;49,99;
11:28:05;9256;49,99;
11:28:08;7442;49,99;
11:28:11;8552;49,98;
11:28:14;8192;49,98;
11:28:17;6846;49,97;
11:28:20;6438;49,97;
11:28:23;7164;49,97;
11:28:26;6834;49,97;
11:28:29;7542;49,97;
11:28:32;8944;49,97;
11:28:35;10968;49,98;
11:28:38;8812;49,98;
11:28:41;8046;49,98;
11:28:44;9100;49,98;
11:28:47;9440;49,98;
11:28:53;5632;49,98;
11:28:56;5286;49,98;
11:28:59;5190;49,98;
11:29:02;5430;49,98;
11:29:05;7668;49,99;
11:29:08;8572;49,99;
11:29:11;9408;49,99;
11:29:14;8640;49,99;
11:29:17;8800;50,00;
11:29:20;10188;50,00;
11:29:23;6474;50,00;
11:29:26;5506;50,00;
11:29:29;5324;50,00;
11:29:32;5328;50,00;
11:29:35;5584;50,00;
11:29:38;6578;50,00;
11:29:41;6884;50,00;
11:29:44;6954;50,00;
11:29:47;6270;50,00;
11:29:50;6122;50,00;
11:29:53;8416;50,00;
11:29:59;8712;50,00;
11:30:02;6874;50,00;
11:30:05;6870;50,00;
11:30:08;8186;50,00;
11:30:11;11436;50,00;
11:30:14;12316;50,00;
11:30:17;11992;49,99;
11:30:20;10692;49,99;
11:30:23;5322;49,98;
11:30:26;5388;49,98;
11:30:29;5228;49,96;
11:30:32;5234;49,96;
11:30:35;4882;49,96;
11:30:38;4920;49,96;
11:30:41;5000;49,96;
11:30:44;7306;49,97;
11:30:47;5920;49,97;
11:30:50;5244;49,97;
11:30:53;4672;49,97;
11:30:56;4622;49,97;
11:30:59;4606;49,97;
11:31:05;4898;49,98;
11:31:08;5034;49,98;
11:31:11;10772;49,97;
11:31:14;10120;49,97;
11:31:17;11900;49,96;
11:31:20;12060;49,96;
11:31:23;11384;49,96;
11:31:26;11188;49,96;
11:31:29;11324;49,97;
11:31:32;10628;49,96;
11:31:35;8312;49,97;
11:31:38;7154;49,97;
11:31:41;6020;49,97;
11:31:44;6690;49,97;
11:31:50;6274;49,97;
11:31:53;5616;49,97;
11:31:56;4766;49,97;
11:31:59;4694;49,97;
11:32:02;4598;49,97;
11:32:05;4682;49,97;
11:32:08;4970;49,97;
11:32:11;5524;49,97;
11:32:14;4532;49,97;
11:32:17;4498;49,97;
11:32:20;4480;49,97;
11:32:23;4502;49,97;
11:32:26;4446;49,96;
11:32:29;4458;49,96;
11:32:32;4468;49,96;
11:32:35;4498;49,96;
11:32:38;4532;49,97;
11:32:41;4562;49,97;
11:32:44;4594;49,97;
11:32:47;4644;49,97;
11:32:50;4726;49,96;
11:32:56;4828;49,97;
11:32:59;4948;49,97;
11:33:02;5246;49,98;
11:33:05;6114;49,98;
11:33:08;7068;49,98;
11:33:11;5872;49,98;
11:33:14;5898;49,98;
11:33:17;5678;49,98;
11:33:20;5982;49,97;
11:33:23;6722;49,96;
11:33:26;6590;49,96;
11:33:29;7094;49,96;
11:33:32;7084;49,97;
11:33:35;6332;49,97;
11:33:38;6088;49,98;
11:33:41;6154;49,98;
11:33:44;6588;49,98;
11:33:47;6060;49,98;
11:33:50;5708;49,97;
11:33:53;5690;49,97;
11:33:56;5608;49,96;
11:34:02;5518;49,96;
11:34:05;5562;49,96;
11:34:08;5642;49,98;
11:34:11;5720;49,97;
11:34:14;6272;49,98;
11:34:17;7030;49,98;
11:34:20;7370;49,98;
11:34:23;8276;49,98;
11:34:26;9416;49,98;
11:34:29;9108;49,98;
11:34:32;7610;49,98;
11:34:35;7108;49,98;
11:34:38;5844;49,98;
11:34:41;5820;49,99;
11:34:44;5852;50,00;
11:34:47;5918;50,00;
11:34:50;7360;50,00;
11:34:53;8028;50,00;
11:34:56;6550;50,00;
11:34:59;7570;49,99;
11:35:02;8396;49,98;
11:35:08;7298;49,97;
11:35:11;6814;49,97;
11:35:14;6500;49,97;
11:35:17;5930;49,98;
11:35:20;5322;49,98;
11:35:23;5212;49,99;
11:35:26;4904;49,99;
11:35:29;4892;49,99;
11:35:32;4946;49,99;
11:35:35;4910;50,00;
11:35:38;4880;50,00;
11:35:41;5098;50,00;
11:35:44;5806;49,99;
11:35:47;6440;49,99;
11:35:50;6768;49,99;
11:35:53;4804;50,00;
11:35:56;4580;50,00;
11:35:59;4556;50,00;
11:36:02;4564;50,00;
11:36:05;4690;50,00;
11:36:08;4852;50,00;
11:36:14;5284;50,01;
11:36:17;6126;50,00;
11:36:20;6130;50,00;
11:36:23;5688;50,00;
11:36:26;5992;49,99;
11:36:29;8828;49,98;
11:36:32;8472;49,98;
11:36:35;8208;49,98;
11:36:38;9128;49,98;
11:36:41;6538;49,98;
11:36:44;6256;49,98;
11:36:47;11188;49,99;
11:36:50;11504;49,99;
11:36:53;11360;50,00;
11:36:59;11676;50,01;
11:37:02;11952;50,01;
11:37:05;11976;50,00;
11:37:08;11972;50,01;
11:37:11;11884;50,00;
11:37:14;11820;50,01;
11:37:17;11780;50,01;
11:37:20;11856;50,00;
11:37:23;12016;50,00;
11:37:26;11984;50,00;
11:37:29;12004;50,00;
11:37:32;11988;50,01;
11:37:35;12004;50,01;
11:37:38;11984;50,01;
11:37:41;11992;50,01;
11:37:44;12000;50,01;
11:37:47;12000;50,00;
11:37:50;12004;50,01;
11:37:53;12008;50,00;
11:37:56;12000;50,01;
11:37:59;11996;50,01;
11:38:05;11976;50,02;
11:38:08;12008;50,02;
11:38:11;11996;50,01;
11:38:14;11984;50,01;
11:38:17;11968;50,00;
11:38:20;10672;50,00;
11:38:23;11196;50,00;
11:38:26;12296;50,00;
11:38:29;7286;50,00;
11:38:32;6466;50,00;
11:38:35;11916;49,99;
11:38:38;8192;49,99;
11:38:41;5874;49,98;
11:38:44;5534;49,98;
11:38:47;5114;49,98;
11:38:50;4834;49,98;
11:38:53;4858;49,98;
11:38:56;5430;49,98;
11:38:59;6980;49,99;
11:39:02;4988;49,99;
11:39:05;4560;49,99;
11:39:11;4472;50,00;
11:39:14;4432;50,00;
11:39:17;4422;50,00;
11:39:20;4420;50,00;
11:39:23;4704;50,00;
11:39:26;4714;50,00;
11:39:29;4606;50,00;
11:39:32;4764;50,00;
11:39:35;4536;50,00;
11:39:38;4554;50,00;
11:39:41;4578;50,00;
11:39:44;4618;50,00;
11:39:47;4758;50,00;
11:39:50;4848;50,01;
11:39:53;5110;50,01;
11:39:56;7512;50,00;
11:39:59;10556;50,00;
11:40:02;11412;50,00;
11:40:05;10488;50,00;
11:40:08;9348;50,00;
11:40:11;8272;50,00;
11:40:17;5300;50,00;
11:40:20;5546;50,00;
11:40:23;6026;50,00;
11:40:26;6438;50,00;
11:40:29;6464;50,00;
11:40:32;6124;50,00;
11:40:35;7454;50,00;
11:40:38;11696;50,00;
11:40:41;12036;50,01;
11:40:44;11992;50,01;
11:40:47;12000;50,01;
11:40:56;12012;50,01;
11:41:02;11232;50,01;
11:41:05;7880;50,01;
11:41:08;8460;50,00;
11:41:11;6544;50,01;
11:41:14;6050;50,01;
11:41:17;5406;50,01;
11:41:20;5312;50,01;
11:41:23;5242;50,01;
11:41:26;5020;50,01;
11:41:29;4984;50,01;
11:41:32;4958;50,00;
11:41:35;4806;50,00;
11:41:38;4698;50,00;
11:41:41;4840;50,00;
11:41:44;4676;50,00;
11:41:47;4422;50,00;
11:41:50;4490;50,00;
11:41:53;4568;50,00;
11:41:56;4850;50,00;
11:41:59;5220;50,00;
11:42:02;5836;50,00;
11:42:08;4772;50,00;
11:42:11;4744;50,00;
11:42:14;4868;50,00;
11:42:17;4888;50,00;
11:42:20;5438;49,99;
11:42:23;6026;49,99;
11:42:26;6642;49,99;
11:42:29;6500;49,99;
11:42:32;5454;50,00;
11:42:35;5530;50,00;
11:42:38;5528;49,99;
11:42:41;5994;49,99;
11:42:44;6378;49,99;
11:42:47;6152;49,99;
11:42:50;6010;49,99;
11:42:53;6588;49,98;
11:42:56;6094;49,99;
11:42:59;5262;49,99;
11:43:02;4902;49,99;
11:43:05;4866;49,99;
11:43:08;4916;50,00;
11:43:14;4910;50,00;
11:43:17;5094;49,99;
11:43:20;5592;49,99;
11:43:23;5398;49,98;
11:43:26;5348;49,98;
11:43:29;5430;49,98;
11:43:32;4920;49,97;
11:43:35;4628;49,97;
11:43:38;4494;49,97;
11:43:41;4528;49,98;
11:43:44;5896;49,98;
11:43:47;8352;49,98;
11:43:50;9024;49,98;
11:43:53;9248;49,98;
11:43:56;9108;49,98;
11:43:59;7954;49,99;
11:44:02;6306;49,99;
11:44:05;5664;49,99;
11:44:08;5762;49,99;
11:44:11;6234;50,00;
11:44:14;5650;50,00;
11:44:20;3870;49,99;
11:44:23;3721;49,99;
11:44:26;3583;49,99;
11:44:29;3554;49,99;
11:44:32;3454;49,99;
11:44:35;3440;49,99;
11:44:38;3408;49,98;
11:44:41;3369;49,98;
11:44:44;3288;49,98;
11:44:47;3262;49,98;
11:44:50;3214;49,98;
11:44:53;3192;49,98;
11:44:56;3154;49,98;
11:44:59;3133;49,98;
11:45:02;3113;49,98;
11:45:05;3080;49,99;
11:45:08;3049;49,99;
11:45:11;3032;49,99;
11:45:14;2995;49,99;
11:45:17;2988;49,98;
11:45:20;2967;49,99;
11:45:23;2955;49,99;
11:45:26;2948;49,98;
11:45:29;2908;49,98;
11:45:32;2896;49,98;
11:45:35;2874;49,98;
11:45:38;2861;49,98;
11:45:41;2843;49,98;
11:45:44;2831;49,98;
11:45:47;2812;49,98;
11:45:50;2802;49,98;
11:45:53;2782;49,98;
11:45:56;2771;49,98;
11:45:59;2752;49,98;
11:46:02;2743;49,98;
11:46:05;2720;49,98;
11:46:11;2694;49,97;
11:46:14;2684;49,97;
11:46:17;2668;49,97;
11:46:20;2654;49,97;
11:46:23;2639;49,98;
11:46:26;2626;49,98;
11:46:29;2617;49,98;
11:46:35;2592;50,00;
11:46:38;2582;50,00;
11:46:41;2565;50,00;
11:46:44;2555;50,00;
11:46:47;2536;49,99;
11:46:50;2527;49,99;
11:46:53;2505;49,99;
11:46:56;2499;49,99;
11:46:59;2480;49,99;
11:47:02;2471;49,98;
11:47:05;2451;49,98;
11:47:08;2442;49,98;
11:47:11;2424;49,98;
11:47:17;2392;49,98;
11:47:20;2383;49,98;
11:47:23;2361;49,98;
11:47:26;2351;49,97;
11:47:29;2331;49,97;
11:47:32;2318;49,97;
11:47:35;2300;49,97;
11:47:38;2296;49,98;
11:47:41;2261;49,98;
11:47:44;2251;49,98;
11:47:47;2230;49,97;
11:47:50;2218;49,98;
11:47:53;2192;49,97;
11:47:56;2183;49,98;
11:47:59;2167;49,98;
11:48:02;2148;49,98;
11:48:05;2127;49,98;
11:48:08;2112;49,98;
11:48:11;2084;49,98;
11:48:14;2077;49,98;
11:48:17;2053;49,98;
11:48:23;2012;49,98;
11:48:26;2008;49,99;
11:48:29;1979;49,99;
11:48:32;1974;49,99;
11:48:35;1941;49,98;
11:48:38;1935;49,98;
11:48:41;1924;49,98;
11:48:44;1904;49,99;
11:48:47;1877;50,00;
11:48:50;1867;50,00;
11:48:53;1837;50,00;
11:48:56;1834;50,00;
11:48:59;1806;50,00;
11:49:02;1801;50,00;
11:49:05;1792;50,00;
11:49:08;1768;50,00;
11:49:11;1744;50,00;
11:49:14;1739;50,00;
11:49:17;1708;50,00;
11:49:20;1709;49,99;
11:49:23;1686;49,99;
11:49:29;1650;49,98;
11:49:35;1629;49,98;
11:49:38;1623;49,98;
11:49:41;1596;49,99;
11:49:44;1597;49,98;
11:49:47;1586;49,98;
11:49:50;1578;49,98;
11:49:53;1566;49,98;
11:49:56;1551;49,98;
11:49:59;1543;49,98;
11:50:02;1529;49,98;
11:50:05;1519;49,98;
11:50:08;1503;49,98;
11:50:14;1491;49,98;
11:50:17;1478;49,98;
11:50:20;1461;49,98;
11:50:23;1460;49,98;
11:50:26;1448;49,97;
11:50:29;1443;49,97;
11:50:32;1440;49,96;
11:50:35;1427;49,96;
11:50:38;1406;49,97;
11:50:41;1408;49,97;
11:50:44;1396;49,98;
11:50:47;1393;49,98;
11:50:50;1380;49,98;
11:50:53;1375;49,98;
11:50:56;1368;49,97;
11:50:59;1362;49,98;
11:51:02;1357;49,99;
11:51:05;1351;49,99;
11:51:08;1339;50,00;
11:51:11;1341;50,00;
11:51:14;1338;50,01;
11:51:20;1321;50,00;
11:51:23;1324;50,00;
11:51:26;1323;50,00;
11:51:29;1320;50,00;
11:51:32;1309;49,99;
11:51:35;1313;49,99;
11:51:38;1312;49,99;
11:51:41;1309;49,99;
11:51:44;1303;50,00;
11:51:47;1309;50,00;
11:51:50;1305;50,00;
11:51:53;1307;50,00;
11:51:56;1301;50,00;
11:51:59;1308;50,01;
11:52:02;1309;50,01;
11:52:05;1311;50,01;
11:52:08;1305;50,01;
11:52:11;1311;50,01;
11:52:14;1308;50,01;
11:52:17;1314;50,01;
11:52:20;1309;50,01;
11:52:26;1314;50,01;
11:52:29;1321;50,01;
11:52:32;1320;50,00;
11:52:35;1326;50,00;
11:52:38;1324;50,00;
11:52:41;1332;50,00;
11:52:44;1334;50,00;
11:52:47;1331;50,00;
11:52:50;1337;50,01;
11:52:53;1345;50,01;
11:52:56;1346;50,00;
11:52:59;1352;50,00;
11:53:02;1353;50,00;
11:53:05;1361;50,00;
11:53:08;1362;50,00;
11:53:11;1365;50,00;
11:53:14;1370;50,01;
11:53:17;1380;50,01;
11:53:20;1384;50,01;
11:53:23;1377;50,01;
11:53:26;1389;50,01;
11:53:32;1397;50,01;
11:53:35;1400;50,01;
11:53:38;1414;50,00;
11:53:41;1415;50,00;
11:53:44;1422;50,01;
11:53:47;1420;50,01;
11:53:50;1429;50,01;
11:53:53;1432;50,01;
11:53:56;1440;50,01;
11:53:59;1439;50,01;
11:54:02;1451;50,01;
11:54:08;1462;50,01;
11:54:11;1460;50,01;
11:54:14;1464;50,01;
11:54:17;1468;50,01;
11:54:20;1479;50,01;
11:54:23;1479;50,00;
11:54:26;1484;50,00;
11:54:29;1487;50,01;
11:54:32;1495;50,01;
11:54:35;1498;50,00;
11:54:38;1496;50,00;
11:54:41;1508;50,00;
11:54:44;1512;50,00;
11:54:47;1511;50,01;
11:54:50;1520;50,01;
11:54:53;1523;50,01;
11:54:56;1528;50,01;
11:54:59;1533;50,00;
11:55:02;1542;50,00;
11:55:05;1544;50,01;
11:55:08;1548;50,01;
11:55:11;1549;50,01;
11:55:14;1556;50,01;
11:55:17;1560;50,01;
11:55:23;1562;50,01;
11:55:26;1568;50,02;
11:55:29;1570;50,02;
11:55:32;1577;50,02;
11:55:35;1574;50,01;
11:55:38;1582;50,01;
11:55:41;1583;50,01;
11:55:44;1578;50,01;
11:55:47;1584;50,01;
11:55:50;1586;50,01;
11:55:53;1583;50,01;
11:55:56;1588;50,01;
11:55:59;1585;50,01;
11:56:02;1586;50,02;
11:56:05;1587;50,02;
11:56:08;1581;50,02;
11:56:11;1571;50,01;
11:56:14;1577;50,01;
11:56:17;1560;50,01;
11:56:20;1569;50,01;
11:56:23;1563;50,01;
11:56:29;1542;50,01;
11:56:32;1543;50,01;
11:56:35;1537;50,00;
11:56:38;1527;50,01;
11:56:41;1522;50,01;
11:56:44;1508;50,01;
11:56:47;1513;50,01;
11:56:50;1504;50,01;
11:56:53;1486;50,01;
11:56:56;1473;50,01;
11:56:59;1470;50,01;
11:57:02;1462;50,01;
11:57:05;1452;50,00;
11:57:08;1435;50,00;
11:57:11;1437;50,00;
11:57:14;1423;50,00;
11:57:17;1409;50,01;
11:57:20;1395;50,01;
11:57:23;1388;50,01;
11:57:26;1377;50,01;
11:57:29;1365;50,01;
11:57:35;1342;50,02;
11:57:38;1332;50,01;
11:57:41;1320;50,02;
11:57:44;1305;50,01;
11:57:47;1299;50,01;
11:57:50;1285;50,02;
11:57:53;1281;50,02;
11:57:56;1276;50,02;
11:57:59;1252;50,03;
11:58:02;1237;50,03;
11:58:05;1225;50,02;
11:58:08;1216;50,02;
11:58:11;1206;50,03;
11:58:14;1193;50,03;
11:58:17;1191;50,03;
11:58:20;1176;50,03;
11:58:23;1162;50,02;
11:58:26;1149;50,02;
11:58:29;1143;50,02;
11:58:32;1140;50,02;
11:58:35;1122;50,02;
11:58:41;1105;50,02;
11:58:44;1097;50,03;
11:58:47;1085;50,02;
11:58:50;1077;50,02;
11:58:53;1068;50,02;
11:58:56;1061;50,02;
11:58:59;1053;50,02;
11:59:02;1047;50,02;
11:59:05;1035;50,03;
11:59:08;1020;50,03;
11:59:11;1003;50,03;
11:59:14;1007;50,03;
11:59:17;999;50,03;
11:59:20;992;50,03;
11:59:26;973;50,03;
11:59:29;972;50,03;
11:59:32;965;50,04;
11:59:35;954;50,04;
11:59:38;945;50,04;
11:59:41;948;50,04;
11:59:44;942;50,03;
11:59:47;935;50,03;
11:59:50;926;50,02;
11:59:53;920;50,02;
11:59:56;917;50,03;
11:59:59;912;50,02;
12:00:02;903;50,03;
12:00:05;898;50,03;
12:00:08;897;50,03;
12:00:11;891;50,02;
12:00:14;884;50,02;
12:00:17;878;50,02;
12:00:20;875;50,02;
12:00:23;875;50,03;
12:00:26;866;50,03;
12:00:32;857;50,02;
12:00:35;858;50,02;
12:00:38;852;50,02;
12:00:41;845;50,01;
12:00:44;843;50,01;
12:00:47;844;50,00;
12:00:50;840;50,00;
12:00:53;838;50,00;
12:00:56;834;50,00;
12:00:59;829;50,00;
12:01:02;830;50,01;
12:01:05;825;50,00;
12:01:08;826;50,00;
12:01:11;819;50,00;
12:01:14;821;49,99;
12:01:17;817;49,98;
12:01:20;816;49,98;
12:01:23;807;49,98;
12:01:26;814;49,97;
12:01:29;812;49,97;
12:01:32;811;49,97;
12:01:38;812;49,97;
12:01:41;813;49,97;
12:01:44;819;49,98;
12:01:59;821;49,98;
12:02:02;823;49,98;
12:02:05;825;49,98;
12:02:08;828;49,98;
12:02:11;829;49,97;
12:02:14;830;49,97;
12:02:17;834;49,97;
12:02:23;839;49,97;
12:02:26;843;49,97;
12:02:29;845;49,97;
12:02:32;850;49,97;
12:02:35;853;49,97;
12:02:38;856;49,98;
12:02:44;868;49,97;
12:02:47;870;49,97;
12:02:50;876;49,97;
12:02:53;881;49,98;
12:02:56;884;49,98;
12:02:59;891;49,97;
12:03:02;894;49,97;
12:03:05;898;49,97;
12:03:08;908;49,96;
12:03:11;914;49,96;
12:03:14;920;49,97;
12:03:17;929;49,97;
12:03:20;937;49,97;
12:03:23;944;49,97;
12:03:29;958;49,96;
12:03:32;963;49,97;
12:03:35;973;49,97;
12:03:38;978;49,97;
12:03:41;991;49,97;
12:03:44;996;49,97;
12:03:47;1002;49,96;
12:03:50;1008;49,96;
12:03:53;1024;49,97;
12:03:56;1027;49,98;
12:03:59;1040;49,98;
12:04:02;1043;49,98;
12:04:05;1056;49,98;
12:04:08;1059;49,98;
12:04:11;1066;49,98;
12:04:14;1075;49,98;
12:04:17;1088;49,98;
12:04:20;1095;49,98;
12:04:23;1106;49,98;
12:04:26;1104;49,98;
12:04:29;1116;49,97;
12:04:35;1130;49,97;
12:04:41;1142;49,97;
12:04:44;1147;49,98;
12:04:47;1157;49,98;
12:04:50;1157;49,99;
12:04:53;1162;49,99;
12:04:56;1165;50,00;
12:04:59;1179;50,00;
12:05:02;1182;50,00;
12:05:05;1188;49,99;
12:05:08;1189;49,98;
12:05:11;1191;49,97;
12:05:14;1198;49,96;
12:05:17;1195;49,96;
12:05:20;1205;49,96;
12:05:23;1208;49,96;
12:05:26;1212;49,96;
12:05:29;1214;49,96;
12:05:32;1215;49,96;
12:05:35;1218;49,97;
12:05:41;1219;49,97;
12:05:44;1221;49,97;
12:05:47;1222;49,97;
12:05:50;1220;49,98;
12:05:53;1224;49,98;
12:05:59;1213;49,98;
12:06:02;1223;49,98;
12:06:08;1225;49,98;
12:06:11;1222;49,98;
12:06:17;1221;49,97;
12:06:23;1204;49,97;
12:06:26;1219;49,97;
12:06:29;1211;49,97;
12:06:32;1216;49,98;
12:06:35;1209;49,97;
12:06:38;1214;49,98;
12:06:41;1203;49,98;
12:06:47;1199;49,98;
12:06:50;1206;49,98;
12:06:53;1199;49,98;
12:06:56;1201;49,98;
12:06:59;1187;49,99;
12:07:02;1196;49,99;
12:07:05;1195;49,99;
12:07:08;1193;50,00;
12:07:11;1180;50,00;
12:07:14;1192;50,01;
12:07:17;1180;50,00;
12:07:20;1183;50,00;
12:07:23;1161;50,00;
12:07:26;1172;49,99;
12:07:29;1170;49,99;
12:07:32;1164;49,99;
12:07:35;1147;49,99;
12:07:38;1155;49,99;
12:07:41;1145;49,99;
12:07:44;1148;49,99;
12:07:47;1135;50,00;
12:07:53;1138;50,01;
12:07:56;1125;50,01;
12:07:59;1128;50,01;
12:08:02;1119;50,01;
12:08:05;1115;50,01;
12:08:08;1109;50,01;
12:08:11;1107;50,01;
12:08:14;1099;50,01;
12:08:17;1098;50,01;
12:08:20;1090;50,00;
12:08:23;1089;50,00;
12:08:26;1081;50,00;
12:08:29;1078;50,00;
12:08:32;1071;50,00;
12:08:38;1066;50,00;
12:08:41;1063;50,00;
12:08:44;1058;50,00;
12:08:47;1056;50,00;
12:08:50;1051;50,00;
12:08:53;1049;50,00;
12:08:56;1048;50,00;
12:08:59;1043;50,00;
12:09:02;1039;50,00;
12:09:05;1037;50,00;
12:09:08;1034;50,00;
12:09:11;1031;50,00;
12:09:14;1028;50,00;
12:09:20;1024;50,00;
12:09:23;1022;50,01;
12:09:26;1013;50,00;
12:09:29;1019;50,01;
12:09:32;1017;50,00;
12:09:35;1016;50,01;
12:09:38;1008;50,00;
12:09:44;1018;50,00;
12:09:47;1013;50,00;
12:09:50;1007;50,00;
12:09:53;1011;50,00;
12:09:56;1008;50,01;
12:09:59;1010;50,01;
12:10:05;1009;50,01;
12:10:11;1011;50,01;
12:10:14;1010;50,00;
12:10:20;1012;50,00;
12:10:23;1011;50,00;
12:10:26;1011;49,99;
12:10:29;1015;49,99;
12:10:32;1017;49,98;
12:10:35;1016;49,98;
12:10:38;1017;50,00;
12:10:41;1020;50,00;
12:10:44;1023;50,00;
12:10:50;1024;50,01;
12:10:53;1026;50,01;
12:10:56;1031;50,01;
12:11:02;1028;50,00;
12:11:05;1034;50,00;
12:11:08;1035;50,00;
12:11:14;1038;49,99;
12:11:17;1042;49,99;
12:11:20;1044;49,99;
12:11:26;1054;49,99;
12:11:29;1048;49,99;
12:11:32;1058;49,99;
12:11:35;1050;49,99;
12:11:38;1054;49,99;
12:11:41;1064;49,99;
12:11:44;1059;49,99;
12:11:47;1070;50,00;
12:11:50;1074;49,99;
12:11:56;1079;49,99;
12:11:59;1081;49,99;
12:12:02;1085;49,99;
12:12:05;1088;49,99;
12:12:08;1091;49,99;
12:12:11;1097;50,00;
12:12:14;1098;50,00;
12:12:17;1101;50,00;
12:12:20;1111;49,99;
12:12:23;1112;49,99;
12:12:26;1110;49,98;
12:12:29;1125;49,98;
12:12:32;1131;49,98;
12:12:35;1130;49,99;
12:12:41;1135;49,99;
12:12:44;1143;49,99;
12:12:47;1157;49,99;
12:12:50;1150;49,99;
12:12:53;1155;50,00;
12:12:56;1164;50,00;
12:12:59;1166;50,00;
12:13:02;1163;50,00;
12:13:05;1165;50,00;
12:13:08;1178;50,01;
12:13:11;1175;50,01;
12:13:14;1184;50,01;
12:13:17;1177;50,01;
12:13:20;1191;50,01;
12:13:23;1192;50,01;
12:13:26;1199;50,00;
12:13:29;1191;50,00;
12:13:32;1202;50,00;
12:13:38;1208;50,00;
12:13:41;1206;50,01;
12:13:47;1213;50,01;
12:13:50;1225;50,01;
12:13:53;1220;50,01;
12:13:56;1234;50,02;
12:13:59;1231;50,02;
12:14:02;1242;50,02;
12:14:05;1245;50,02;
12:14:08;1239;50,03;
12:14:11;1250;50,03;
12:14:14;1259;50,03;
12:14:17;1258;50,02;
12:14:20;1266;50,02;
12:14:23;1269;50,01;
12:14:26;1273;50,01;
12:14:29;1277;50,02;
12:14:32;1286;50,02;
12:14:35;1287;50,02;
12:14:38;1283;50,03;
12:14:41;1289;50,03;
12:14:44;1301;50,03;
12:14:47;1292;50,03;
12:14:53;1314;50,02;
12:14:56;1313;50,02;
12:14:59;1320;50,01;
12:15:02;1315;50,01;
12:15:05;1326;50,01;
12:15:11;1332;50,01;
12:15:14;1330;50,01;
12:15:17;1337;50,00;
12:15:20;1341;50,00;
12:15:23;1342;50,00;
12:15:26;1329;50,00;
12:15:29;1346;50,00;
12:15:32;1350;50,00;
12:15:38;1338;50,00;
12:15:41;1354;50,00;
12:15:44;1359;50,00;
12:15:47;1357;49,98;
12:15:50;1345;49,98;
12:15:53;1358;49,98;
12:15:59;1358;49,97;
12:16:02;1347;49,97;
12:16:05;1361;49,98;
12:16:08;1364;49,98;
12:16:11;1361;49,98;
12:16:14;1350;49,98;
12:16:17;1364;49,99;
12:16:20;1367;49,98;
12:16:23;1368;49,98;
12:16:26;1354;49,98;
12:16:29;1369;49,98;
12:16:32;1378;49,98;
12:16:35;1372;49,99;
12:16:38;1359;49,99;
12:16:41;1372;50,00;
12:16:44;1379;50,00;
12:16:47;1373;49,99;
12:16:50;1363;49,99;
12:16:53;1376;49,98;
12:16:56;1381;49,98;
12:16:59;1377;49,98;
12:17:05;1364;49,98;
12:17:08;1381;49,98;
12:17:11;1377;49,99;
12:17:14;1363;49,98;
12:17:17;1378;49,99;
12:17:20;1380;49,98;
12:17:23;1377;49,98;
12:17:26;1376;49,98;
12:17:29;1375;49,97;
12:17:32;1387;49,97;
12:17:35;1372;49,97;
12:17:38;1360;49,97;
12:17:41;1375;49,97;
12:17:44;1380;49,98;
12:17:50;1361;49,98;
12:17:53;1363;49,97;
12:17:56;1372;49,97;
12:17:59;1367;49,97;
12:18:02;1362;49,97;
12:18:05;1348;49,98;
12:18:08;1358;49,98;
12:18:11;1360;49,98;
12:18:14;1354;49,98;
12:18:17;1340;49,98;
12:18:20;1350;49,99;
12:18:23;1356;49,99;
12:18:26;1349;49,99;
12:18:29;1332;49,99;
12:18:32;1345;49,99;
12:18:35;1347;49,99;
12:18:38;1342;49,99;
12:18:41;1328;49,99;
12:18:44;1338;49,99;
12:18:47;1343;50,00;
12:18:50;1334;50,00;
12:18:56;1328;50,00;
12:18:59;1331;50,00;
12:19:02;1322;50,00;
12:19:05;1305;50,00;
12:19:08;1313;50,00;
12:19:11;1314;50,00;
12:19:14;1308;50,00;
12:19:17;1306;50,00;
12:19:20;1297;49,99;
12:19:23;1301;49,99;
12:19:26;1290;49,99;
12:19:29;1274;49,98;
12:19:32;1283;49,99;
12:19:35;1288;49,99;
12:19:38;1274;50,00;
12:19:41;1259;50,00;
12:19:44;1264;50,00;
12:19:47;1270;50,00;
12:19:50;1259;50,00;
12:19:53;1246;50,00;
12:19:56;1250;50,00;
12:20:02;1242;50,00;
12:20:05;1239;50,00;
12:20:08;1236;50,00;
12:20:11;1235;50,00;
12:20:14;1231;50,00;
12:20:20;1214;49,99;
12:20:23;1229;49,98;
12:20:26;1227;49,97;
12:20:29;1225;49,97;
12:20:32;1223;49,96;
12:20:35;1229;49,96;
12:20:38;1233;49,97;
12:20:41;1234;49,97;
12:20:44;1222;49,98;
12:20:47;1236;49,99;
12:20:50;1239;49,99;
12:20:53;1238;50,00;
12:20:56;1243;50,00;
12:20:59;1245;50,00;
12:21:02;1251;50,01;
12:21:08;1259;50,01;
12:21:11;1258;50,01;
12:21:14;1262;50,01;
12:21:17;1265;50,01;
12:21:20;1270;50,01;
12:21:23;1272;50,01;
12:21:26;1279;50,01;
12:21:29;1280;50,01;
12:21:32;1291;50,01;
12:21:35;1295;50,01;
12:21:38;1302;50,01;
12:21:41;1308;50,01;
12:21:44;1301;50,01;
12:21:47;1320;50,02;
12:21:53;1334;50,03;
12:21:56;1327;50,03;
12:21:59;1346;50,03;
12:22:02;1351;50,03;
12:22:05;1359;50,03;
12:22:08;1354;50,03;
12:22:11;1367;50,03;
12:22:14;1365;50,03;
12:22:17;1379;50,02;
12:22:20;1384;50,01;
12:22:23;1391;50,01;
12:22:26;1386;50,01;
12:22:29;1403;50,01;
12:22:32;1409;50,01;
12:22:35;1408;50,01;
12:22:38;1403;50,00;
12:22:41;1425;50,01;
12:22:44;1431;50,01;
12:22:47;1436;50,01;
12:22:50;1431;50,01;
12:22:53;1448;50,02;
12:22:59;1459;50,02;
12:23:02;1458;50,02;
12:23:05;1471;50,02;
12:23:08;1475;50,01;
12:23:11;1485;50,01;
12:23:14;1488;50,01;
12:23:17;1484;50,01;
12:23:20;1494;50,01;
12:23:23;1510;50,01;
12:23:26;1514;50,01;
12:23:29;1521;50,01;
12:23:32;1526;50,01;
12:23:35;1533;50,01;
12:23:38;1540;50,01;
12:23:41;1534;50,01;
12:23:44;1552;50,01;
12:23:47;1560;50,01;
12:23:50;1565;50,01;
12:23:53;1575;50,01;
12:23:56;1579;50,01;
12:23:59;1588;50,02;
12:24:05;1603;50,01;
12:24:08;1605;50,01;
12:24:11;1615;50,01;
12:24:14;1619;50,01;
12:24:17;1629;50,01;
12:24:20;1633;50,01;
12:24:23;1638;50,01;
12:24:26;1643;50,01;
12:24:29;1659;50,00;
12:24:32;1663;50,01;
12:24:35;1675;50,01;
12:24:38;1681;50,01;
12:24:41;1695;50,01;
12:24:44;1699;50,01;
12:24:47;1706;50,02;
12:24:50;1717;50,01;
12:24:53;1729;50,01;
12:24:56;1733;50,01;
12:24:59;1742;50,01;
12:25:02;1754;50,01;
12:25:05;1769;50,01;
12:25:11;1791;50,01;
12:25:14;1797;50,01;
12:25:17;1813;50,01;
12:25:20;1821;50,01;
12:25:23;1834;50,01;
12:25:26;1840;50,01;
12:25:29;1842;50,01;
12:25:32;1855;50,01;
12:25:35;1877;50,01;
12:25:38;1884;50,01;
12:25:41;1897;50,00;
12:25:44;1908;50,00;
12:25:47;1926;50,00;
12:25:50;1932;50,00;
12:25:53;1945;50,01;
12:25:56;1957;50,01;
12:25:59;1973;50,02;
12:26:02;1981;50,02;
12:26:05;1994;50,03;
12:26:08;2006;50,03;
12:26:11;2013;50,03;
12:26:14;2015;50,02;
12:26:17;2031;50,01;
12:26:20;2056;50,01;
12:26:23;2065;50,01;
12:26:26;2081;50,01;
12:26:29;2090;50,01;
12:26:32;2106;50,01;
12:26:35;2114;50,01;
12:26:38;2118;50,01;
12:26:41;2140;50,01;
12:26:44;2155;50,00;
12:26:47;2163;50,00;
12:26:50;2181;50,00;
12:26:53;2187;50,00;
12:26:56;2203;50,01;
12:27:02;2227;50,01;
12:27:05;2235;50,01;
12:27:08;2249;50,01;
12:27:11;2255;50,01;
12:27:14;2270;50,00;
12:27:17;2278;50,00;
12:27:20;2275;50,00;
12:27:23;2289;50,00;
12:27:26;2312;50,00;
12:27:29;2317;50,01;
12:27:32;2330;50,01;
12:27:35;2337;50,01;
12:27:38;2352;50,01;
12:27:41;2357;50,01;
12:27:44;2362;50,01;
12:27:47;2378;50,01;
12:27:50;2394;50,01;
12:27:53;2395;50,01;
12:27:56;2398;50,01;
12:27:59;2413;50,01;
12:28:02;2430;50,01;
12:28:08;2431;50,01;
12:28:11;2449;50,01;
12:28:14;2459;50,02;
12:28:17;2466;50,02;
12:28:23;2480;50,02;
12:28:26;2486;50,02;
12:28:29;2489;50,02;
12:28:32;2488;50,02;
12:28:35;2507;50,02;
12:28:38;2519;50,02;
12:28:41;2522;50,02;
12:28:44;2515;50,01;
12:28:47;2534;50,01;
12:28:50;2539;50,01;
12:28:53;2547;50,01;
12:28:59;2562;50,01;
12:29:02;2567;50,01;
12:29:05;2571;50,01;
12:29:08;2569;50,01;
12:29:14;2591;50,01;
12:29:17;2593;50,01;
12:29:20;2583;50,01;
12:29:23;2603;50,01;
12:29:26;2610;50,01;
12:29:29;2611;50,01;
12:29:32;2615;50,01;
12:29:35;2601;50,01;
12:29:38;2628;50,01;
12:29:41;2629;50,01;
12:29:44;2624;50,02;
12:29:47;2641;50,02;
12:29:50;2643;50,02;
12:29:53;2650;50,02;
12:29:59;2655;50,02;
12:30:02;2661;50,01;
12:30:05;2661;50,02;
12:30:08;2657;50,01;
12:30:11;2671;50,01;
12:30:14;2672;50,00;
12:30:20;2666;49,99;
12:30:23;2678;49,98;
12:30:26;2676;49,98;
12:30:29;2680;49,98;
12:30:32;2669;49,97;
12:30:35;2679;49,97;
12:30:38;2680;49,98;
12:30:41;2677;49,98;
12:30:44;2683;49,98;
12:30:47;2678;49,98;
12:30:50;2684;49,98;
12:30:53;2685;49,98;
12:30:56;2682;49,98;
12:30:59;2672;49,98;
12:31:05;2681;49,98;
12:31:08;2678;49,98;
12:31:11;2666;49,99;
12:31:14;2675;49,98;
12:31:17;2667;49,98;
12:31:20;2672;49,98;
12:31:23;2671;49,98;
12:31:26;2662;49,98;
12:31:29;2659;49,98;
12:31:32;2664;49,98;
12:31:35;2652;49,98;
12:31:38;2659;49,98;
12:31:41;2646;49,99;
12:31:44;2650;49,99;
12:31:47;2647;49,99;
12:31:50;2644;49,99;
12:31:53;2631;49,99;
12:31:56;2635;49,99;
12:31:59;2623;49,99;
12:32:02;2626;49,99;
12:32:05;2613;49,99;
12:32:11;2605;49,98;
12:32:14;2608;49,98;
12:32:17;2594;49,99;
12:32:20;2600;49,99;
12:32:23;2592;50,00;
12:32:26;2595;50,00;
12:32:29;2596;50,01;
12:32:32;2587;50,01;
12:32:35;2573;50,00;
12:32:38;2574;50,00;
12:32:41;2563;50,00;
12:32:44;2570;50,00;
12:32:47;2568;50,00;
12:32:50;2560;50,00;
12:32:53;2564;50,00;
12:32:59;2551;50,00;
12:33:02;2545;50,00;
12:33:05;2544;49,99;
12:33:08;2549;49,99;
12:33:11;2551;49,99;
12:33:17;2545;49,98;
12:33:20;2536;49,98;
12:33:23;2541;49,98;
12:33:26;2539;49,97;
12:33:29;2544;49,97;
12:33:32;2552;49,97;
12:33:35;2552;49,96;
12:33:38;2547;49,96;
12:33:41;2538;49,97;
12:33:44;2549;49,97;
12:33:47;2543;49,97;
12:33:50;2537;49,97;
12:33:53;2538;49,97;
12:33:56;2531;49,97;
12:33:59;2539;49,97;
12:34:02;2536;49,97;
12:34:05;2520;49,97;
12:34:08;2525;49,97;
12:34:11;2527;49,97;
12:34:14;2516;49,97;
12:34:17;2523;49,97;
12:34:23;2529;49,96;
12:34:26;2527;49,96;
12:34:29;2537;49,96;
12:34:32;2534;49,96;
12:34:35;2544;49,96;
12:34:38;2542;49,96;
12:34:41;2549;49,97;
12:34:44;2555;49,97;
12:34:47;2565;49,96;
12:34:50;2561;49,96;
12:34:53;2576;49,96;
12:34:56;2569;49,96;
12:34:59;2589;49,97;
12:35:05;2597;49,97;
12:35:08;2594;49,98;
12:35:11;2614;49,98;
12:35:17;2622;49,98;
12:35:20;2618;49,98;
12:35:23;2635;49,97;
12:35:26;2637;49,97;
12:35:32;2640;49,97;
12:35:35;2655;49,96;
12:35:38;2661;49,96;
12:35:41;2669;49,96;
12:35:44;2672;49,96;
12:35:47;2695;49,96;
12:35:50;2705;49,96;
12:35:53;2732;49,96;
12:35:56;2782;49,96;
12:35:59;2835;49,96;
12:36:02;2913;49,96;
12:36:05;2925;49,96;
12:36:08;2955;49,95;
12:36:14;2787;49,96;
12:36:17;2775;49,96;
12:36:20;2778;49,96;
12:36:23;2764;49,96;
12:36:26;2752;49,96;
12:36:29;2738;49,95;
12:36:32;2743;49,96;
12:36:35;2741;49,96;
12:36:38;2759;49,96;
12:36:41;2766;49,96;
12:36:44;2809;49,96;
12:36:47;2835;49,96;
12:36:50;2933;49,96;
12:36:53;3013;49,96;
12:36:56;3171;49,96;
12:36:59;3358;49,97;
12:37:02;3444;49,97;
12:37:05;3309;49,97;
12:37:08;2702;49,97;
12:37:11;2615;49,98;
12:37:14;2596;49,98;
12:37:20;2565;49,97;
12:37:23;2553;49,97;
12:37:26;2536;49,97;
12:37:29;2517;49,97;
12:37:32;2516;49,96;
12:37:35;2514;49,96;
12:37:38;2509;49,96;
12:37:41;2506;49,96;
12:37:47;2510;49,97;
12:37:50;2513;49,98;
12:37:53;2499;49,98;
12:37:56;2525;49,98;
12:37:59;2529;49,98;
12:38:08;2564;49,97;
12:38:11;2586;49,97;
12:38:14;2655;49,97;
12:38:17;2713;49,97;
12:38:20;2920;49,97;
12:38:26;3324;49,98;
12:38:29;4030;49,98;
12:38:32;7284;49,98;
12:38:35;9740;49,99;
12:38:38;9024;49,99;
12:38:41;4654;49,99;
12:38:44;3377;49,99;
12:38:47;3230;49,99;
12:38:50;3174;50,00;
12:38:53;3232;50,00;
12:38:56;3763;50,01;
12:38:59;5188;50,01;
12:39:02;4908;50,01;
12:39:05;9052;50,01;
12:39:08;12148;50,01;
12:39:11;11988;50,00;
12:39:14;12016;50,00;
12:39:17;12004;50,00;
12:39:20;8380;50,00;
12:39:23;10648;50,00;
12:39:26;11996;50,00;
12:39:32;9948;50,00;
12:39:35;11764;50,00;
12:39:38;11020;50,00;
12:39:41;9096;50,00;
12:39:44;8324;50,00;
12:39:47;7624;50,00;
12:39:50;7678;50,00;
12:39:53;5576;50,00;
12:39:56;12048;50,01;
12:39:59;8928;50,00;
12:40:02;4816;50,00;
12:40:05;3932;50,00;
12:40:08;3327;50,00;
12:40:11;3182;49,99;
12:40:17;3364;49,98;
12:40:20;3448;49,98;
12:40:23;3463;49,97;
12:40:26;3463;49,96;
12:40:29;4089;49,97;
12:40:32;4592;49,98;
12:40:35;3829;49,98;
12:40:38;3410;49,98;
12:40:41;3001;50,00;
12:40:44;2969;50,00;
12:40:47;2943;50,00;
12:40:50;2918;50,00;
12:40:53;2947;49,99;
12:40:56;2961;49,99;
12:40:59;2982;49,99;
12:41:02;3041;49,99;
12:41:05;3230;50,00;
12:41:08;3462;50,00;
12:41:11;3790;50,00;
12:41:14;4124;50,00;
12:41:17;5958;49,99;
12:41:23;7116;49,99;
12:41:26;5426;49,99;
12:41:29;4069;49,99;
12:41:32;3898;49,99;
12:41:35;3392;49,99;
12:41:38;3311;49,99;
12:41:41;3292;50,00;
12:41:44;3272;50,00;
12:41:47;3672;50,00;
12:41:50;3560;50,00;
12:41:53;3426;50,00;
12:41:56;3458;50,00;
12:41:59;3487;50,00;
12:42:02;3511;50,00;
12:42:05;3618;50,00;
12:42:08;3696;50,00;
12:42:11;6140;50,00;
12:42:14;6226;50,00;
12:42:17;9828;50,00;
12:42:20;12140;50,00;
12:42:23;12000;50,00;
12:42:29;11372;50,00;
12:42:32;11924;50,00;
12:42:35;11908;50,00;
12:42:38;12080;50,00;
12:42:41;12044;50,00;
12:42:44;12012;50,00;
12:42:47;12008;50,00;
12:42:50;12024;50,01;
12:42:53;8532;50,01;
12:42:56;6518;50,01;
12:42:59;7518;50,01;
12:43:02;6534;50,01;
12:43:05;7188;50,00;
12:43:08;8308;50,01;
12:43:11;12140;50,01;
12:43:14;11972;50,01;
12:43:17;11956;50,01;
12:43:20;9596;50,01;
12:43:23;6794;50,00;
12:43:26;7132;50,00;
12:43:29;4690;50,00;
12:43:35;4206;50,00;
12:43:38;4364;50,00;
12:43:41;4568;50,00;
12:43:44;4746;50,00;
12:43:47;6104;50,00;
12:43:50;5758;50,00;
12:43:53;5690;50,00;
12:43:56;7780;50,00;
12:43:59;8408;50,00;
12:44:02;9928;50,00;
12:44:05;9416;50,00;
12:44:08;10460;50,00;
12:44:11;12088;50,00;
12:44:14;11940;50,00;
12:44:20;12004;50,01;
12:44:23;12008;50,01;
12:44:26;12040;50,00;
12:44:29;11980;50,00;
12:44:32;12028;50,01;
12:44:35;11968;50,01;
12:44:38;12020;50,01;
12:44:41;11876;50,01;
12:44:44;6522;50,01;
12:44:47;5962;50,01;
12:44:50;5502;50,01;
12:44:53;5010;50,01;
12:44:56;4596;50,01;
12:44:59;4404;50,01;
12:45:02;4254;50,01;
12:45:05;4065;50,01;
12:45:08;3886;50,01;
12:45:11;3787;50,01;
12:45:14;3633;50,01;
12:45:17;3564;50,01;
12:45:20;3454;50,01;
12:45:26;3353;50,01;
12:45:29;3328;50,00;
12:45:32;3292;50,00;
12:45:35;3279;50,00;
12:45:38;3259;50,01;
12:45:41;3253;50,00;
12:45:44;3244;50,00;
12:45:47;3248;50,00;
12:45:50;3255;50,01;
12:45:53;3261;50,01;
12:45:56;3277;50,00;
12:45:59;3286;50,00;
12:46:02;3299;50,00;
12:46:05;3316;50,00;
12:46:11;3347;50,00;
12:46:14;3363;50,00;
12:46:17;3383;50,00;
12:46:20;3407;49,99;
12:46:23;3410;50,00;
12:46:26;3427;50,00;
12:46:32;3510;50,00;
12:46:38;3455;49,99;
12:46:41;3460;50,00;
12:46:44;3443;50,00;
12:46:47;3440;50,00;
12:46:53;3430;50,00;
12:46:56;3470;50,00;
12:46:59;3486;50,00;
12:47:02;3503;50,00;
12:47:05;3534;49,99;
12:47:08;3563;49,99;
12:47:11;3578;49,99;
12:47:14;3576;49,98;
12:47:17;3597;49,98;
12:47:20;3604;49,98;
12:47:23;3622;49,98;
12:47:26;3642;49,98;
12:47:29;3670;49,98;
12:47:32;3715;49,99;
12:47:38;3787;49,99;
12:47:41;3824;50,00;
12:47:44;3877;49,99;
12:47:47;3930;49,99;
12:47:50;4088;49,99;
12:47:53;4552;49,99;
12:47:56;4416;49,99;
12:47:59;4386;49,99;
12:48:02;5134;50,00;
12:48:05;6804;50,00;
12:48:08;8360;50,00;
12:48:11;12452;50,00;
12:48:14;11748;50,00;
12:48:17;11344;50,00;
12:48:20;10024;50,00;
12:48:23;8026;49,99;
12:48:26;9212;50,00;
12:48:29;11348;50,00;
12:48:32;11152;50,00;
12:48:35;10956;50,00;
12:48:38;11416;50,00;
12:48:44;11676;50,00;
12:48:47;11912;50,00;
12:48:50;11980;50,00;
12:48:53;11880;50,00;
12:48:56;11956;50,00;
12:48:59;11944;50,00;
12:49:02;11948;50,00;
12:49:05;11984;50,00;
12:49:08;11928;50,00;
12:49:11;11896;49,99;
12:49:17;11844;49,99;
12:49:20;11852;49,99;
12:49:23;11816;49,99;
12:49:29;11780;49,99;
12:49:32;11784;49,99;
12:49:35;11716;50,00;
12:49:38;11744;50,00;
12:49:41;11740;50,00;
12:49:44;11732;49,99;
12:49:50;11688;49,99;
12:49:53;11640;49,99;
12:49:56;11696;49,99;
12:49:59;11644;50,00;
12:50:02;11664;50,00;
12:50:05;11628;50,00;
12:50:08;11640;50,00;
12:50:11;11636;50,01;
12:50:14;11616;50,01;
12:50:17;11572;50,01;
12:50:20;11588;50,00;
12:50:23;11536;50,00;
12:50:26;11556;49,99;
12:50:29;11516;49,98;
12:50:35;11496;49,99;
12:50:38;11504;49,98;
12:50:41;11476;49,99;
12:50:44;11492;49,99;
12:50:47;11452;50,00;
12:50:50;11488;50,01;
12:50:53;11484;50,01;
12:50:56;11464;50,01;
12:50:59;11428;50,01;
12:51:02;11460;50,01;
12:51:05;11444;50,01;
12:51:08;11432;50,01;
12:51:11;11388;50,01;
12:51:14;11408;50,01;
12:51:17;11416;50,01;
12:51:20;11404;50,01;
12:51:23;11384;50,01;
12:51:26;11368;50,00;
12:51:29;11376;50,00;
12:51:35;11320;50,00;
12:51:41;11344;50,00;
12:51:44;11356;50,00;
12:51:47;11308;50,00;
12:51:50;11348;50,00;
12:51:53;11324;50,00;
12:51:56;11336;50,00;
12:52:02;11296;50,00;
12:52:05;11276;50,00;
12:52:08;11300;50,00;
12:52:11;11268;50,00;
12:52:14;11260;50,00;
12:52:17;11252;50,01;
12:52:20;11264;50,01;
12:52:23;11276;50,01;
12:52:26;11268;50,00;
12:52:29;11272;50,00;
12:52:32;11256;50,00;
12:52:35;11288;50,01;
12:52:38;11276;50,00;
12:52:41;11292;50,00;
12:52:47;11296;50,00;
12:52:50;11292;50,00;
12:52:53;11316;50,00;
12:52:56;11276;50,00;
12:52:59;11324;50,00;
12:53:02;11304;50,00;
12:53:05;11316;50,00;
12:53:11;11348;50,00;
12:53:17;11364;50,00;
12:53:20;11328;50,00;
12:53:23;11368;50,00;
12:53:26;11356;49,99;
12:53:32;11340;49,99;
12:53:35;11368;49,99;
12:53:38;11348;49,99;
12:53:41;11360;49,99;
12:53:44;11332;49,99;
12:53:47;11356;49,99;
12:53:50;11348;49,99;
12:53:53;11308;49,99;
12:53:56;11316;49,99;
12:53:59;11320;49,99;
12:54:02;11244;50,00;
12:54:05;11248;50,00;
12:54:08;11188;50,01;
12:54:11;11264;50,01;
12:54:14;11292;50,01;
12:54:17;11328;50,01;
12:54:20;11344;50,01;
12:54:23;11348;50,01;
12:54:26;11372;50,01;
12:54:29;11368;50,01;
12:54:32;11400;50,01;
12:54:38;11452;50,01;
12:54:44;11512;50,01;
12:54:47;11552;50,01;
12:54:50;11272;50,01;
12:54:53;10452;50,01;
12:54:56;8004;50,01;
12:54:59;6674;50,01;
12:55:02;5810;50,01;
12:55:05;8348;50,01;
12:55:08;9812;50,01;
12:55:11;8516;50,01;
12:55:14;7392;50,01;
12:55:17;8170;50,00;
12:55:20;7864;50,00;
12:55:23;11280;50,00;
12:55:26;11176;50,00;
12:55:29;11060;50,00;
12:55:32;8568;50,00;
12:55:35;8150;50,00;
12:55:38;10980;49,99;
12:55:44;11012;50,00;
12:55:47;11012;50,01;
12:55:50;11040;50,00;
12:55:53;11044;50,00;
12:55:56;11032;50,01;
12:55:59;11012;50,01;
12:56:02;11028;50,01;
12:56:05;11024;50,01;
12:56:08;11016;50,00;
12:56:11;10996;50,00;
12:56:14;11016;50,00;
12:56:17;11008;49,99;
12:56:20;10984;49,99;
12:56:23;10928;49,99;
12:56:26;10960;49,99;
12:56:29;10944;49,99;
12:56:32;10924;49,99;
12:56:35;10884;49,99;
12:56:38;10916;49,99;
12:56:41;10908;49,99;
12:56:44;10908;49,98;
12:56:50;10908;49,99;
12:56:53;10912;49,99;
12:56:56;10916;50,00;
12:56:59;10876;49,99;
12:57:02;10916;49,99;
12:57:05;10904;49,99;
12:57:08;10908;49,98;
12:57:11;10904;49,99;
12:57:14;10912;49,99;
12:57:17;10904;49,99;
12:57:23;10896;49,99;
12:57:26;10912;49,98;
12:57:29;10824;49,98;
12:57:32;10872;49,99;
12:57:35;10940;49,98;
12:57:38;10956;49,98;
12:57:47;10952;49,98;
12:57:50;10932;49,98;
12:57:53;10972;49,99;
12:57:56;10996;49,99;
12:57:59;11020;49,99;
12:58:02;11008;49,99;
12:58:05;11024;49,99;
12:58:08;11016;49,98;
12:58:11;11096;49,99;
12:58:14;11132;49,99;
12:58:17;11212;49,99;
12:58:20;11308;49,99;
12:58:23;6030;49,99;
12:58:26;5444;49,99;
12:58:29;4186;49,98;
12:58:32;5304;49,98;
12:58:35;4556;49,99;
12:58:41;3165;50,00;
12:58:44;3247;50,00;
12:58:47;4448;50,00;
12:58:50;5530;50,00;
12:58:53;5718;50,00;
12:58:56;8600;50,01;
12:58:59;10424;50,01;
12:59:02;11128;50,01;
12:59:05;7706;50,00;
12:59:08;6618;50,00;
12:59:11;10132;49,99;
12:59:14;10696;49,99;
12:59:17;10952;49,99;
12:59:20;9720;49,99;
12:59:23;11088;49,99;
12:59:26;11116;49,98;
12:59:29;11076;49,99;
12:59:32;11080;49,99;
12:59:35;11052;50,00;
12:59:38;11084;50,00;
12:59:41;11008;50,00;
12:59:47;11032;49,99;
12:59:50;11048;50,00;
12:59:53;11020;50,00;
12:59:56;11028;50,00;
12:59:59;10984;50,00;
13:00:02;9632;50,00;
13:00:05;9544;50,01;
13:00:08;10120;50,01;
13:00:11;10880;50,01;
13:00:14;10836;50,01;
13:00:17;9632;50,01;
13:00:20;9336;50,00;
13:00:23;10612;50,00;
13:00:26;10564;50,00;
13:00:29;10516;50,00;
13:00:32;10500;49,98;
13:00:35;10472;49,97;
13:00:38;10476;49,97;
13:00:41;10460;49,96;
13:00:44;10472;49,96;
13:00:47;10460;49,97;
13:00:53;10436;49,98;
13:00:56;10432;49,98;
13:00:59;10412;49,98;
13:01:02;10396;49,98;
13:01:05;10380;49,97;
13:01:08;10364;49,96;
13:01:11;10332;49,96;
13:01:14;10348;49,96;
13:01:17;10328;49,96;
13:01:20;10320;49,96;
13:01:23;10304;49,95;
13:01:29;10292;49,95;
13:01:32;10284;49,95;
13:01:35;10252;49,96;
13:01:38;10260;49,96;
13:01:41;10256;49,96;
13:01:44;10252;49,96;
13:01:47;10244;49,96;
13:01:50;10240;49,96;
13:01:53;10236;49,95;
13:01:59;10244;49,95;
13:02:02;10252;49,94;
13:02:08;10256;49,94;
13:02:11;10260;49,94;
13:02:14;10260;49,95;
13:02:17;10248;49,94;
13:02:20;10268;49,95;
13:02:23;10248;49,94;
13:02:26;10256;49,94;
13:02:29;10240;49,94;
13:02:35;10232;49,93;
13:02:44;10228;49,93;
13:02:47;10224;49,93;
13:02:50;10216;49,93;
13:02:53;10208;49,93;
13:02:56;10200;49,94;
13:02:59;10192;49,94;
13:03:02;10180;49,94;
13:03:05;10196;49,94;
13:03:08;10204;49,94;
13:03:11;10200;49,94;
13:03:14;10204;49,94;
13:03:17;10208;49,94;
13:03:20;10212;49,94;
13:03:23;10208;49,94;
13:03:26;10196;49,94;
13:03:29;10220;49,94;
13:03:32;10220;49,93;
13:03:38;10216;49,92;
13:03:41;10208;49,92;
13:03:44;10204;49,92;
13:03:50;10204;49,94;
13:03:53;10200;49,94;
13:03:56;10184;49,94;
13:03:59;10188;49,94;
13:04:02;10104;49,94;
13:04:05;9976;49,94;
13:04:08;10056;49,94;
13:04:11;10192;49,94;
13:04:14;10164;49,94;
13:04:17;10188;49,93;
13:04:20;10204;49,93;
13:04:23;10236;49,93;
13:04:26;10260;49,94;
13:04:29;10272;49,94;
13:04:32;10264;49,94;
13:04:35;10304;49,95;
13:04:38;10316;49,95;
13:04:41;10344;49,95;
13:04:44;10352;49,94;
13:04:47;10392;49,94;
13:04:50;10408;49,94;
13:04:56;10440;49,94;
13:04:59;10476;49,94;
13:05:02;10480;49,93;
13:05:05;10512;49,94;
13:05:08;10524;49,94;
13:05:11;10560;49,94;
13:05:14;10580;49,94;
13:05:17;10560;49,94;
13:05:20;9460;49,93;
13:05:23;9024;49,93;
13:05:26;7414;49,93;
13:05:29;7918;49,94;
13:05:32;6770;49,94;
13:05:35;7938;49,95;
13:05:38;7430;49,95;
13:05:41;9352;49,95;
13:05:44;10336;49,95;
13:05:47;10320;49,95;
13:05:50;10308;49,96;
13:05:53;10108;49,96;
13:05:56;10132;49,96;
13:06:02;10184;49,95;
13:06:05;10224;49,95;
13:06:08;10224;49,96;
13:06:11;10200;49,96;
13:06:17;10204;49,96;
13:06:20;10200;49,96;
13:06:23;10164;49,95;
13:06:26;10152;49,95;
13:06:29;10172;49,95;
13:06:32;10136;49,96;
13:06:35;10124;49,96;
13:06:38;10036;49,96;
13:06:41;10088;49,96;
13:06:47;10064;49,97;
13:06:50;10080;49,97;
13:06:53;10088;49,98;
13:06:56;10084;49,98;
13:06:59;10072;49,98;
13:07:02;10068;49,97;
13:07:05;10040;49,97;
13:07:08;10068;49,96;
13:07:11;10060;49,96;
13:07:14;10060;49,97;
13:07:17;10068;49,97;
13:07:26;10076;49,97;
13:07:29;10064;49,97;
13:07:32;10076;49,97;
13:07:35;10072;49,97;
13:07:41;10060;49,97;
13:07:44;10076;49,96;
13:07:47;10072;49,96;
13:07:53;10044;49,96;
13:07:56;10100;49,96;
13:08:02;10108;49,96;
13:08:05;10096;49,96;
13:08:08;10128;49,96;
13:08:11;10140;49,96;
13:08:14;10132;49,96;
13:08:17;10136;49,96;
13:08:20;10160;49,96;
13:08:23;10152;49,96;
13:08:26;10168;49,96;
13:08:29;10152;49,96;
13:08:32;10136;49,96;
13:08:35;10144;49,97;
13:08:38;10184;49,96;
13:08:41;10176;49,96;
13:08:44;10212;49,97;
13:08:47;10232;49,96;
13:08:50;10256;49,96;
13:08:53;10248;49,96;
13:08:59;9552;49,96;
13:09:02;10172;49,97;
13:09:05;10268;49,97;
13:09:08;10196;49,98;
13:09:11;8776;49,98;
13:09:14;9132;49,98;
13:09:17;10128;49,98;
13:09:20;10276;49,98;
13:09:23;10152;49,97;
13:09:26;9592;49,97;
13:09:29;9876;49,97;
13:09:32;9988;49,96;
13:09:35;10028;49,97;
13:09:38;10032;49,97;
13:09:41;10036;49,97;
13:09:44;10044;49,97;
13:09:47;10056;49,97;
13:09:50;10044;49,98;
13:09:53;10056;49,98;
13:09:56;10024;49,99;
13:09:59;10060;50,00;
13:10:05;10068;50,01;
13:10:08;10036;50,01;
13:10:11;10072;50,00;
13:10:14;10064;50,00;
13:10:17;10076;50,00;
13:10:20;10040;50,00;
13:10:23;10068;50,00;
13:10:26;10072;50,00;
13:10:29;10076;50,00;
13:10:32;6212;50,00;
13:10:35;7760;50,00;
13:10:38;9876;50,00;
13:10:41;10064;50,00;
13:10:44;10000;50,00;
13:10:47;9876;50,00;
13:10:50;10064;50,00;
13:10:53;9320;50,01;
13:10:56;10060;50,01;
13:10:59;10068;50,00;
13:11:02;9988;50,00;
13:11:05;10080;50,00;
13:11:11;10172;50,00;
13:11:14;10208;50,01;
13:11:17;10140;50,01;
13:11:20;10268;50,01;
13:11:23;10264;50,01;
13:11:26;10036;50,00;
13:11:29;9924;50,00;
13:11:32;9920;50,00;
13:11:35;9984;50,00;
13:11:38;5452;50,00;
13:11:41;5444;50,01;
13:11:44;9236;50,01;
13:11:47;10420;50,01;
13:11:50;10136;50,01;
13:11:56;10224;50,01;
13:11:59;10184;50,01;
13:12:02;10228;50,01;
13:12:05;10192;50,01;
13:12:08;10056;50,01;
13:12:11;10144;50,01;
13:12:14;10156;50,01;
13:12:17;10180;50,00;
13:12:20;10108;50,00;
13:12:23;10148;50,00;
13:12:26;10136;50,00;
13:12:29;10132;50,00;
13:12:32;10100;50,01;
13:12:35;10112;50,01;
13:12:38;10116;50,01;
13:12:41;10100;50,01;
13:12:47;10084;50,01;
13:12:50;10104;50,01;
13:12:53;10088;50,01;
13:13:02;10076;50,01;
13:13:05;10068;50,01;
13:13:08;10064;50,01;
13:13:11;10028;50,01;
13:13:14;10060;50,01;
13:13:17;10048;50,01;
13:13:26;10048;50,00;
13:13:29;10044;50,00;
13:13:32;10060;49,99;
13:13:35;10016;49,99;
13:13:38;10068;49,99;
13:13:41;10072;49,99;
13:13:44;10080;49,99;
13:13:47;10064;49,99;
13:13:50;10116;50,00;
13:13:53;10120;50,00;
13:13:56;10152;50,01;
13:13:59;10128;50,01;
13:14:02;10200;50,01;
13:14:08;10256;50,01;
13:14:11;10240;50,01;
13:14:14;10340;50,01;
13:14:17;10384;50,01;
13:14:20;10552;50,00;
13:14:23;10656;50,00;
13:14:26;9100;50,00;
13:14:29;7030;50,00;
13:14:32;8828;50,00;
13:14:35;5534;50,00;
13:14:38;4916;50,00;
13:14:41;5660;50,00;
13:14:44;4846;50,00;
13:14:47;7490;50,00;
13:14:50;9764;50,00;
13:14:53;10772;50,00;
13:14:56;10688;50,00;
13:14:59;10604;50,00;
13:15:02;10408;50,00;
13:15:05;10384;50,00;
13:15:08;10328;49,99;
13:15:14;10204;49,98;
13:15:17;10196;49,98;
13:15:20;10192;49,98;
13:15:23;10132;49,98;
13:15:26;10152;49,98;
13:15:29;10132;49,98;
13:15:32;10128;49,98;
13:15:35;10116;49,98;
13:15:38;10092;49,98;
13:15:41;10084;49,99;
13:15:44;10076;49,98;
13:15:47;10060;49,98;
13:15:50;10068;49,98;
13:15:53;10060;49,98;
13:15:59;10048;49,98;
13:16:02;10012;49,98;
13:16:05;10020;49,97;
13:16:08;9984;49,97;
13:16:11;10004;49,97;
13:16:14;10000;49,97;
13:16:20;10016;49,97;
13:16:23;9996;49,97;
13:16:26;9948;49,97;
13:16:29;9988;49,98;
13:16:32;9976;49,98;
13:16:35;9908;49,98;
13:16:38;9924;49,98;
13:16:41;9964;49,98;
13:16:44;9960;49,98;
13:16:47;9964;49,98;
13:16:50;9932;49,99;
13:16:53;9968;50,00;
13:16:56;9960;50,00;
13:17:05;9944;49,99;
13:17:08;9940;49,99;
13:17:11;9940;49,98;
13:17:14;9900;49,98;
13:17:17;9932;49,98;
13:17:20;9928;49,98;
13:17:23;9932;49,99;
13:17:26;9940;49,99;
13:17:29;9964;50,00;
13:17:32;9956;50,00;
13:17:35;9960;50,00;
13:17:38;9944;50,00;
13:17:41;9964;50,00;
13:17:44;9960;50,00;
13:17:47;9956;49,99;
13:17:50;9968;50,00;
13:17:53;9992;49,99;
13:17:56;9996;49,99;
13:17:59;10004;50,00;
13:18:02;10012;50,00;
13:18:11;10024;50,00;
13:18:14;10028;50,00;
13:18:17;10036;50,00;
13:18:20;10048;50,00;
13:18:23;10060;50,00;
13:18:26;10056;50,00;
13:18:29;10024;50,00;
13:18:32;10048;50,00;
13:18:35;10056;50,00;
13:18:38;10060;50,00;
13:18:41;10076;50,00;
13:18:44;10080;50,00;
13:18:47;10084;50,00;
13:18:50;10088;50,00;
13:18:53;10064;50,01;
13:18:56;10104;50,01;
13:18:59;10116;50,01;
13:19:02;10120;50,01;
13:19:05;10128;50,01;
13:19:11;10140;50,01;
13:19:17;10124;50,00;
13:19:20;10116;50,00;
13:19:23;10112;50,00;
13:19:29;10108;50,00;
13:19:32;10092;50,00;
13:19:35;10088;50,00;
13:19:38;10064;50,01;
13:19:41;10056;50,01;
13:19:44;10136;50,00;
13:19:47;10144;50,00;
13:19:50;10152;50,00;
13:19:53;10116;50,00;
13:19:56;10156;50,00;
13:19:59;10168;50,00;
13:20:02;10188;50,00;
13:20:05;10200;50,00;
13:20:08;10204;50,00;
13:20:14;10196;50,00;
13:20:17;10200;50,00;
13:20:23;10144;50,00;
13:20:26;9832;50,00;
13:20:29;9948;50,00;
13:20:32;10184;49,99;
13:20:35;10140;49,99;
13:20:38;10200;49,98;
13:20:41;10224;49,99;
13:20:44;10228;49,99;
13:20:47;10268;49,98;
13:20:50;10272;49,98;
13:20:53;10276;49,98;
13:20:56;10300;49,98;
13:20:59;10304;49,98;
13:21:02;10324;49,98;
13:21:08;10364;49,98;
13:21:11;10384;49,98;
13:21:14;10444;49,98;
13:21:17;10468;49,98;
13:21:20;9764;49,98;
13:21:23;10352;49,99;
13:21:26;10332;49,99;
13:21:29;10268;49,98;
13:21:32;10364;49,98;
13:21:35;10416;49,98;
13:21:38;9932;49,98;
13:21:41;10032;49,98;
13:21:44;10284;49,99;
13:21:47;10336;49,99;
13:21:50;10412;49,99;
13:21:53;10380;49,98;
13:21:56;10372;49,98;
13:21:59;10328;49,98;
13:22:02;10520;49,98;
13:22:05;10600;49,98;
13:22:08;8072;50,00;
13:22:14;10156;50,00;
13:22:17;8932;50,00;
13:22:20;6986;50,00;
13:22:23;4734;49,99;
13:22:26;3008;49,98;
13:22:29;2995;49,98;
13:22:32;3685;49,98;
13:22:35;5206;49,98;
13:22:38;6798;50,00;
13:22:41;8054;50,00;
13:22:44;6356;50,00;
13:22:47;4442;49,99;
13:22:50;6318;49,99;
13:22:53;10256;49,99;
13:22:56;10300;49,99;
13:22:59;10988;49,99;
13:23:02;10220;49,99;
13:23:05;9708;50,00;
13:23:08;9212;50,00;
13:23:11;10108;50,01;
13:23:14;10640;50,01;
13:23:20;9468;50,01;
13:23:23;9704;50,01;
13:23:26;10700;50,01;
13:23:29;10800;50,01;
13:23:32;10692;50,02;
13:23:35;10796;50,01;
13:23:38;10816;50,01;
13:23:41;10884;50,01;
13:23:44;10880;50,00;
13:23:47;9788;50,00;
13:23:50;7608;49,99;
13:23:53;7978;49,99;
13:23:56;9564;49,99;
13:23:59;9904;50,00;
13:24:02;10072;50,00;
13:24:05;10716;50,01;
13:24:08;10600;50,01;
13:24:11;10572;50,01;
13:24:14;10532;50,01;
13:24:17;10504;50,01;
13:24:20;10424;50,01;
13:24:26;10444;50,01;
13:24:29;10440;50,01;
13:24:32;10380;50,01;
13:24:35;10408;50,01;
13:24:38;10392;50,01;
13:24:41;10384;50,01;
13:24:44;10372;50,01;
13:24:47;10312;50,01;
13:24:50;10328;50,00;
13:24:53;10324;50,00;
13:24:56;10260;50,00;
13:24:59;10296;50,00;
13:25:02;10288;50,00;
13:25:05;10272;50,01;
13:25:11;10240;50,00;
13:25:14;10232;50,01;
13:25:17;10212;50,00;
13:25:20;10200;50,00;
13:25:23;10192;50,00;
13:25:26;10200;50,00;
13:25:29;10212;50,00;
13:25:32;10240;50,00;
13:25:35;10260;50,00;
13:25:38;10232;50,00;
13:25:41;10240;50,00;
13:25:44;10140;50,00;
13:25:47;10064;50,00;
13:25:50;9676;50,00;
13:25:53;10076;50,00;
13:25:56;10120;50,00;
13:25:59;10008;50,00;
13:26:02;10156;50,01;
13:26:05;10120;50,00;
13:26:08;10160;50,01;
13:26:11;10160;50,00;
13:26:17;10148;50,00;
13:26:20;10132;50,00;
13:26:23;10076;50,00;
13:26:26;10116;50,00;
13:26:29;10112;50,00;
13:26:32;10116;50,00;
13:26:35;10112;50,01;
13:26:38;10064;50,00;
13:26:41;10100;50,00;
13:26:47;10048;50,00;
13:26:50;10092;50,00;
13:26:53;10096;50,00;
13:26:56;10092;50,01;
13:26:59;10088;50,01;
13:27:02;10084;50,00;
13:27:05;10084;49,99;
13:27:08;10084;49,98;
13:27:11;10036;49,99;
13:27:14;10080;49,99;
13:27:17;10076;50,00;
13:27:23;10024;50,00;
13:27:26;10064;50,00;
13:27:29;10060;50,00;
13:27:32;10068;50,00;
13:27:35;10028;50,00;
13:27:38;10072;50,00;
13:27:41;10068;50,01;
13:27:44;10044;50,00;
13:27:47;10024;50,00;
13:27:50;10048;49,99;
13:27:53;10080;49,99;
13:27:56;10084;49,99;
13:27:59;10084;50,00;
13:28:02;10068;50,00;
13:28:05;10108;50,00;
13:28:08;10116;50,00;
13:28:11;10080;50,00;
13:28:14;10116;50,00;
13:28:17;10104;50,00;
13:28:20;10108;50,00;
13:28:23;10060;50,00;
13:28:29;10108;50,00;
13:28:35;10076;50,00;
13:28:38;10116;50,00;
13:28:41;10108;50,00;
13:28:50;10080;50,00;
13:28:53;10112;50,00;
13:28:59;10100;50,00;
13:29:02;10072;50,00;
13:29:05;10104;50,00;
13:29:08;10100;50,00;
13:29:14;10044;50,00;
13:29:17;10080;50,00;
13:29:23;10072;49,99;
13:29:26;10028;49,99;
13:29:29;10072;49,99;
13:29:32;10076;49,99;
13:29:38;10024;49,99;
13:29:41;10068;49,99;
13:29:44;10064;49,99;
13:29:47;10068;49,99;
13:29:50;10024;49,99;
13:29:53;10064;49,99;
13:29:56;10064;50,00;
13:29:59;10064;49,99;
13:30:02;10024;49,99;
13:30:05;10064;49,98;
13:30:08;10072;49,99;
13:30:11;10076;49,99;
13:30:14;10040;49,99;
13:30:20;10088;49,98;
13:30:26;10044;49,98;
13:30:29;10092;49,98;
13:30:35;10092;49,99;
13:30:38;10096;49,99;
13:30:41;10048;49,99;
13:30:44;10100;49,99;
13:30:47;10104;49,98;
13:30:50;10080;49,98;
13:30:53;10096;49,98;
13:30:56;10116;49,98;
13:30:59;10120;49,99;
13:31:02;10116;49,98;
13:31:05;10092;49,98;
13:31:08;10124;49,98;
13:31:11;10120;49,98;
13:31:17;10076;49,98;
13:31:20;10120;49,97;
13:31:26;10124;49,96;
13:31:29;10084;49,96;
13:31:32;10128;49,96;
13:31:35;10072;49,96;
13:31:38;10128;49,95;
13:31:41;10088;49,96;
13:31:44;10132;49,96;
13:31:47;10136;49,96;
13:31:50;10140;49,96;
13:31:53;10100;49,96;
13:31:56;10148;49,96;
13:31:59;10144;49,96;
13:32:02;10148;49,96;
13:32:05;10108;49,96;
13:32:08;10152;49,96;
13:32:11;10148;49,96;
13:32:14;10156;49,96;
13:32:17;10108;49,96;
13:32:20;10168;49,95;
13:32:23;10168;49,96;
13:32:32;10164;49,96;
13:32:35;10152;49,97;
13:32:38;10164;49,97;
13:32:41;10128;49,98;
13:32:44;10168;49,98;
13:32:47;10168;49,97;
13:32:50;10180;49,97;
13:32:53;10184;49,96;
13:32:56;10192;49,96;
13:32:59;10188;49,96;
13:33:02;10200;49,97;
13:33:05;10172;49,97;
13:33:08;10212;49,97;
13:33:11;10208;49,98;
13:33:14;10220;49,97;
13:33:17;10192;49,97;
13:33:20;10212;49,97;
13:33:23;10220;49,97;
13:33:26;10232;49,97;
13:33:29;10208;49,97;
13:33:32;10240;49,97;
13:33:38;10244;49,97;
13:33:41;10220;49,96;
13:33:44;10248;49,96;
13:33:47;10240;49,97;
13:33:50;10252;49,97;
13:33:53;10240;49,97;
13:33:56;10248;49,97;
13:33:59;10256;49,97;
13:34:02;10216;49,97;
13:34:05;10256;49,97;
13:34:08;10244;49,97;
13:34:11;10276;49,98;
13:34:14;10272;49,98;
13:34:17;10292;49,98;
13:34:23;10304;49,98;
13:34:29;10320;49,98;
13:34:32;10284;49,98;
13:34:35;10316;49,98;
13:34:38;10308;49,98;
13:34:41;10328;49,97;
13:34:44;10348;49,97;
13:34:47;10392;49,97;
13:34:50;10408;49,97;
13:34:53;10504;49,98;
13:34:56;10312;49,97;
13:34:59;10556;49,97;
13:35:02;10608;49,98;
13:35:05;10116;49,98;
13:35:08;10356;49,98;
13:35:11;8836;49,99;
13:35:14;6944;49,99;
13:35:17;4716;49,98;
13:35:20;4102;49,98;
13:35:23;4208;49,97;
13:35:29;9544;49,97;
13:35:32;9652;49,97;
13:35:35;8392;49,98;
13:35:38;4936;49,98;
13:35:41;10436;49,98;
13:35:44;10480;49,98;
13:35:47;10324;49,98;
13:35:50;10396;49,98;
13:35:53;10392;49,98;
13:35:56;10396;49,98;
13:35:59;10404;49,99;
13:36:02;10420;49,99;
13:36:05;10468;49,98;
13:36:08;10484;49,98;
13:36:11;10476;49,98;
13:36:14;10532;49,98;
13:36:17;10576;49,97;
13:36:20;10612;49,97;
13:36:23;10556;49,98;
13:36:26;10688;49,98;
13:36:29;10508;49,97;
13:36:35;4100;49,97;
13:36:38;4332;49,97;
13:36:41;9848;49,97;
13:36:44;9108;49,97;
13:36:47;8968;49,97;
13:36:50;9044;49,97;
13:36:53;8078;49,98;
13:36:56;9072;49,98;
13:36:59;7664;49,99;
13:37:02;6254;49,99;
13:37:05;6142;49,99;
13:37:08;4562;49,98;
13:37:11;6376;49,98;
13:37:14;10124;49,98;
13:37:17;7902;49,98;
13:37:20;7324;49,99;
13:37:23;10044;49,98;
13:37:26;8232;49,98;
13:37:29;10180;49,98;
13:37:32;10276;49,97;
13:37:35;10440;49,96;
13:37:41;8066;49,97;
13:37:44;7830;49,97;
13:37:47;3675;49,97;
13:37:50;3787;49,97;
13:37:53;4184;49,96;
13:37:56;5198;49,96;
13:37:59;8936;49,96;
13:38:02;8120;49,96;
13:38:05;9748;49,98;
13:38:08;10424;49,98;
13:38:11;11124;49,98;
13:38:14;11272;49,98;
13:38:17;10776;49,98;
13:38:20;11300;49,98;
13:38:23;11064;49,98;
13:38:26;9928;49,98;
13:38:29;8078;49,98;
13:38:32;6990;49,98;
13:38:35;4454;49,98;
13:38:38;3914;49,98;
13:38:41;3795;49,98;
13:38:44;4015;49,97;
13:38:47;5026;49,97;
13:38:50;5046;49,97;
13:38:53;6434;49,97;
13:38:56;7040;49,97;
13:38:59;6026;49,97;
13:39:02;4776;49,97;
13:39:05;3992;49,97;
13:39:08;3769;49,97;
13:39:11;4118;49,97;
13:39:14;4600;49,97;
13:39:17;4768;49,97;
13:39:20;4496;49,96;
13:39:23;4408;49,96;
13:39:26;4294;49,96;
13:39:32;4914;49,96;
13:39:35;5242;49,96;
13:39:38;6830;49,96;
13:39:41;8844;49,96;
13:39:44;9984;49,96;
13:39:47;10928;49,96;
13:39:50;11160;49,96;
13:39:53;11852;49,96;
13:39:56;11944;49,97;
13:39:59;10616;49,97;
13:40:02;10832;49,98;
13:40:05;9988;49,98;
13:40:08;11956;49,98;
13:40:11;11760;49,98;
13:40:14;11836;49,98;
13:40:17;11936;49,98;
13:40:20;11976;49,98;
13:40:23;12052;49,98;
13:40:26;11996;49,98;
13:40:29;12008;49,98;
13:40:32;12012;49,98;
13:40:38;12020;49,97;
13:40:41;12012;49,97;
13:40:44;11992;49,97;
13:40:47;11972;49,97;
13:40:50;9860;49,97;
13:40:53;8512;49,97;
13:40:56;9636;49,97;
13:40:59;7754;49,98;
13:41:02;4182;49,98;
13:41:05;3782;49,98;
13:41:08;3468;49,97;
13:41:11;3387;49,97;
13:41:14;3296;49,97;
13:41:17;3307;49,97;
13:41:20;3332;49,97;
13:41:23;3519;49,98;
13:41:26;4782;49,98;
13:41:29;4830;49,98;
13:41:32;4204;49,98;
13:41:35;3743;49,98;
13:41:38;3284;49,97;
13:41:44;3155;49,97;
13:41:47;3117;49,98;
13:41:50;3185;49,98;
13:41:53;3190;49,98;
13:41:56;3193;49,99;
13:41:59;3173;49,99;
13:42:02;3141;49,99;
13:42:05;3105;49,99;
13:42:08;3090;49,98;
13:42:11;3075;49,98;
13:42:14;3020;49,98;
13:42:17;3013;49,98;
13:42:20;2975;49,98;
13:42:23;2954;49,98;
13:42:26;2944;49,98;
13:42:29;2922;49,98;
13:42:32;2919;49,97;
13:42:35;2918;49,97;
13:42:38;2899;49,97;
13:42:41;2928;49,96;
13:42:44;2939;49,96;
13:42:50;2991;49,96;
13:42:53;3004;49,97;
13:42:56;3122;49,97;
13:42:59;3231;49,97;
13:43:02;3147;49,97;
13:43:05;3133;49,97;
13:43:08;3126;49,97;
13:43:11;3130;49,97;
13:43:14;3556;49,98;
13:43:17;3064;49,98;
13:43:20;3041;49,98;
13:43:23;3027;49,99;
13:43:26;3031;49,99;
13:43:29;3048;49,99;
13:43:35;3107;49,98;
13:43:38;3142;49,98;
13:43:41;3200;49,98;
13:43:44;3243;49,99;
13:43:47;3357;49,99;
13:43:50;3284;49,99;
13:43:53;3192;50,00;
13:43:56;3207;50,00;
13:43:59;3288;50,00;
13:44:02;3388;50,00;
13:44:05;3187;49,99;
13:44:08;3108;49,99;
13:44:11;3002;49,98;
13:44:14;2959;49,98;
13:44:17;2939;49,98;
13:44:20;2913;49,97;
13:44:23;2878;49,97;
13:44:26;2888;49,97;
13:44:29;2871;49,98;
13:44:35;2857;49,99;
13:44:41;2844;49,98;
13:44:44;2853;49,99;
13:44:47;2835;49,99;
13:44:50;2842;49,98;
13:44:53;2824;49,99;
13:44:56;2834;49,98;
13:44:59;2829;49,98;
13:45:02;2818;49,98;
13:45:05;2806;49,98;
13:45:08;2813;49,98;
13:45:11;2801;49,99;
13:45:14;2804;49,98;
13:45:17;2786;49,98;
13:45:20;2796;49,98;
13:45:23;2792;49,97;
13:45:26;2785;49,96;
13:45:29;2765;49,96;
13:45:32;2775;49,96;
13:45:35;2764;49,96;
13:45:38;2766;49,96;
13:45:41;2743;49,97;
13:45:47;2746;49,96;
13:45:50;2747;49,97;
13:45:53;2724;49,96;
13:45:56;2738;49,97;
13:45:59;2729;49,97;
13:46:02;2736;49,97;
13:46:05;2724;49,97;
13:46:08;2709;49,97;
13:46:11;2717;49,97;
13:46:14;2710;49,97;
13:46:17;2699;49,98;
13:46:20;2697;49,98;
13:46:23;2699;49,98;
13:46:26;2685;49,98;
13:46:29;2689;49,98;
13:46:32;2665;49,98;
13:46:35;2671;49,98;
13:46:38;2663;49,98;
13:46:41;2658;49,98;
13:46:44;2639;49,98;
13:46:47;2643;49,99;
13:46:53;2628;49,99;
13:46:56;2609;50,00;
13:46:59;2613;50,00;
13:47:02;2605;50,00;
13:47:05;2599;50,00;
13:47:08;2582;50,00;
13:47:11;2591;50,00;
13:47:14;2585;50,00;
13:47:17;2574;49,98;
13:47:20;2561;49,98;
13:47:23;2560;49,97;
13:47:26;2550;49,96;
13:47:29;2554;49,96;
13:47:32;2545;49,97;
13:47:35;2551;49,97;
13:47:38;2539;49,98;
13:47:41;2546;49,97;
13:47:44;2532;49,98;
13:47:47;2538;49,98;
13:47:50;2514;49,98;
13:47:53;2528;49,98;
13:47:56;2523;49,98;
13:47:59;2520;49,98;
13:48:02;2493;49,99;
13:48:05;2503;49,99;
13:48:08;2494;49,99;
13:48:11;2491;49,99;
13:48:14;2467;49,99;
13:48:17;2474;50,00;
13:48:20;2469;50,00;
13:48:23;2456;49,99;
13:48:26;2430;49,99;
13:48:29;2434;49,99;
13:48:32;2421;49,99;
13:48:35;2415;49,99;
13:48:38;2388;50,00;
13:48:44;2375;50,00;
13:48:47;2371;50,00;
13:48:50;2343;50,00;
13:48:53;2346;50,00;
13:48:56;2329;50,00;
13:48:59;2324;49,99;
13:49:02;2319;49,99;
13:49:05;2296;49,99;
13:49:08;2293;49,98;
13:49:11;2278;49,98;
13:49:14;2260;49,98;
13:49:17;2259;49,98;
13:49:20;2253;49,98;
13:49:23;2238;49,98;
13:49:26;2239;49,98;
13:49:29;2217;49,99;
13:49:32;2214;50,00;
13:49:35;2205;50,00;
13:49:38;2196;50,00;
13:49:41;2183;50,00;
13:49:44;2182;50,00;
13:49:50;2171;50,01;
13:49:53;2157;50,01;
13:49:56;2161;50,01;
13:49:59;2157;50,01;
13:50:02;2150;50,01;
13:50:05;2138;50,01;
13:50:08;2146;50,01;
13:50:11;2145;50,00;
13:50:14;2141;49,99;
13:50:17;2130;49,99;
13:50:20;2138;49,99;
13:50:23;2133;49,99;
13:50:26;2138;49,99;
13:50:29;2133;49,98;
13:50:32;2140;49,98;
13:50:35;2140;49,99;
13:50:38;2152;49,99;
13:50:41;2150;50,00;
13:50:44;2165;50,00;
13:50:47;2163;50,00;
13:50:50;2177;49,99;
13:50:56;2196;50,00;
13:50:59;2190;50,00;
13:51:02;2218;50,00;
13:51:05;2222;50,00;
13:51:08;2242;50,00;
13:51:11;2241;50,00;
13:51:14;2260;50,00;
13:51:17;2274;50,00;
13:51:20;2312;50,01;
13:51:23;2319;50,01;
13:51:26;2359;50,01;
13:51:29;2378;50,01;
13:51:32;2420;50,01;
13:51:35;2445;50,01;
13:51:38;2467;50,01;
13:51:41;2547;50,01;
13:51:44;2640;50,00;
13:51:47;2697;50,00;
13:51:50;2910;50,00;
13:51:53;3118;50,00;
13:51:56;3577;50,01;
13:52:02;11448;50,01;
13:52:05;12284;50,01;
13:52:08;11996;50,00;
13:52:11;11636;50,00;
13:52:14;9924;50,00;
13:52:17;6762;50,01;
13:52:20;4894;50,01;
13:52:23;4274;50,01;
13:52:26;4610;50,01;
13:52:29;10064;50,01;
13:52:32;10044;50,01;
13:52:35;3411;50,00;
13:52:38;3198;50,00;
13:52:41;3065;50,00;
13:52:47;2989;50,01;
13:52:50;2986;50,01;
13:52:53;2980;50,02;
13:52:56;2981;50,02;
13:52:59;3004;50,02;
13:53:02;3013;50,02;
13:53:05;3028;50,02;
13:53:08;3046;50,02;
13:53:11;3141;50,02;
13:53:14;3192;50,02;
13:53:17;3417;50,01;
13:53:20;3400;50,01;
13:53:23;3609;50,01;
13:53:26;3952;50,01;
13:53:29;3667;50,01;
13:53:32;3591;50,00;
13:53:35;3372;50,01;
13:53:38;3341;50,00;
13:53:41;3848;50,01;
13:53:44;3470;50,01;
13:53:47;3342;50,01;
13:53:53;3316;50,02;
13:53:56;3323;50,02;
13:53:59;3337;50,02;
13:54:02;3342;50,02;
13:54:05;3393;50,01;
13:54:08;3418;50,01;
13:54:11;3498;50,01;
13:54:14;3567;50,00;
13:54:17;4418;50,01;
13:54:20;6098;50,01;
13:54:23;10424;50,01;
13:54:26;6742;50,02;
13:54:29;4364;50,02;
13:54:32;5482;50,01;
13:54:35;7472;50,01;
13:54:38;4648;50,01;
13:54:41;4132;50,01;
13:54:44;4500;50,01;
13:54:47;7976;50,01;
13:54:50;8860;50,00;
13:54:53;10068;50,00;
13:54:59;7672;50,00;
13:55:02;5316;50,00;
13:55:05;3235;50,00;
13:55:08;3140;50,00;
13:55:11;3006;50,01;
13:55:14;2954;50,01;
13:55:17;2930;50,01;
13:55:20;2860;50,02;
13:55:23;2806;50,02;
13:55:26;2809;50,02;
13:55:29;2789;50,01;
13:55:32;2785;50,01;
13:55:35;2761;50,01;
13:55:38;2744;50,01;
13:55:41;2718;50,01;
13:55:44;2695;50,01;
13:55:47;2668;50,01;
13:55:50;2655;50,01;
13:55:53;2633;50,01;
13:55:56;2626;50,01;
13:55:59;2614;50,01;
13:56:05;2604;50,01;
13:56:08;2603;50,01;
13:56:11;2599;50,01;
13:56:14;2600;50,01;
13:56:17;2603;50,01;
13:56:20;2607;50,01;
13:56:23;2599;50,01;
13:56:26;2613;50,02;
13:56:29;2611;50,03;
13:56:32;2606;50,03;
13:56:35;2596;50,02;
13:56:38;2590;50,02;
13:56:41;2579;50,02;
13:56:44;2582;50,02;
13:56:47;2571;50,02;
13:56:50;2577;50,02;
13:56:53;2570;50,02;
13:56:56;2579;50,02;
13:56:59;2571;50,02;
13:57:02;2592;50,02;
13:57:08;2619;50,02;
13:57:11;2648;50,02;
13:57:14;2847;50,01;
13:57:17;3244;50,01;
13:57:20;9984;50,00;
13:57:23;8672;50,00;
13:57:26;8472;50,00;
13:57:29;12284;50,00;
13:57:32;11992;50,00;
13:57:35;11952;50,00;
13:57:38;12032;50,01;
13:57:41;11884;50,00;
13:57:44;12008;50,00;
13:57:47;12020;50,00;
13:57:50;11872;50,00;
13:57:56;11948;50,00;
13:57:59;11988;50,00;
13:58:02;11948;50,00;
13:58:05;12000;50,01;
13:58:08;11972;50,01;
13:58:11;11960;50,00;
13:58:14;11964;50,00;
13:58:17;11896;50,00;
13:58:20;11912;50,00;
13:58:23;11896;50,00;
13:58:26;11860;50,00;
13:58:29;11852;50,00;
13:58:32;11812;50,00;
13:58:35;11792;50,00;
13:58:38;11736;50,00;
13:58:41;11740;50,00;
13:58:44;11708;50,00;
13:58:47;11692;50,00;
13:58:50;11656;50,00;
13:58:53;11648;50,00;
13:58:56;11608;50,01;
13:59:02;11552;50,01;
13:59:05;11528;50,01;
13:59:08;11484;50,01;
13:59:11;11464;50,01;
13:59:14;11424;50,01;
13:59:17;11404;50,01;
13:59:20;11392;50,01;
13:59:23;11360;50,01;
13:59:26;11288;50,01;
13:59:29;11288;50,00;
13:59:32;11244;50,00;
13:59:35;11240;50,00;
13:59:38;11180;50,00;
13:59:41;11192;50,01;
13:59:44;11180;50,01;
13:59:47;11156;50,01;
13:59:50;11108;50,01;
13:59:53;11112;50,01;
13:59:56;11040;50,01;
13:59:59;11036;50,00;
14:00:02;11024;50,00;
14:00:08;10992;50,00;
14:00:11;10976;50,00;
14:00:14;10936;50,00;
14:00:17;10924;50,00;
14:00:20;10880;50,00;
14:00:26;10880;49,99;
14:00:29;10876;49,99;
14:00:32;10816;49,98;
14:00:35;10836;49,98;
14:00:38;10808;49,97;
14:00:41;10800;49,97;
14:00:44;10756;49,96;
14:00:47;10792;49,96;
14:00:50;10788;49,97;
14:00:53;10772;49,97;
14:00:56;10724;49,98;
14:00:59;10756;49,98;
14:01:02;10728;49,98;
14:01:08;10688;49,98;
14:01:14;10720;49,98;
14:01:17;10716;49,98;
14:01:20;10592;49,99;
14:01:23;10708;49,98;
14:01:26;10712;49,98;
14:01:29;10708;49,97;
14:01:32;10704;49,97;
14:01:35;10676;49,97;
14:01:38;10700;49,97;
14:01:41;10652;49,97;
14:01:44;10656;49,97;
14:01:47;10644;49,97;
14:01:53;10644;49,98;
14:01:59;10672;49,98;
14:02:02;10668;49,98;
14:02:05;10672;49,98;
14:02:08;10664;49,98;
14:02:11;10664;49,97;
14:02:14;10668;49,97;
14:02:17;10628;49,97;
14:02:20;10664;49,97;
14:02:23;10648;49,97;
14:02:26;10656;49,97;
14:02:29;10644;49,97;
14:02:32;10644;49,96;
14:02:35;10620;49,96;
14:02:38;10640;49,96;
14:02:41;10632;49,96;
14:02:44;10628;49,96;
14:02:47;10592;49,96;
14:02:50;10636;49,96;
14:02:59;10600;49,96;
14:03:05;10652;49,96;
14:03:08;10664;49,96;
14:03:11;10628;49,97;
14:03:14;10676;49,98;
14:03:17;10692;49,98;
14:03:20;10708;49,97;
14:03:23;10724;49,97;
14:03:26;10720;49,98;
14:03:29;10876;49,97;
14:03:32;9496;49,98;
14:03:35;5464;49,97;
14:03:38;3021;49,97;
14:03:41;2394;49,96;
14:03:44;2245;49,96;
14:03:47;2252;49,97;
14:03:50;2327;49,97;
14:03:53;3310;49,97;
14:03:56;4394;49,97;
14:03:59;11108;49,97;
14:04:02;11216;49,98;
14:04:05;11072;49,98;
14:04:11;10976;49,98;
14:04:14;10840;49,97;
14:04:17;10576;49,97;
14:04:20;10520;49,97;
14:04:23;10824;49,97;
14:04:26;10788;49,97;
14:04:29;10764;49,98;
14:04:32;10732;49,98;
14:04:35;10680;49,97;
14:04:38;10664;49,97;
14:04:41;10672;49,97;
14:04:44;10640;49,97;
14:04:47;10636;49,97;
14:04:50;10604;49,97;
14:04:53;10624;49,96;
14:04:56;10592;49,96;
14:04:59;10572;49,96;
14:05:02;10572;49,97;
14:05:05;10524;49,97;
14:05:08;10552;49,97;
14:05:11;10528;49,96;
14:05:17;10484;49,96;
14:05:20;10516;49,96;
14:05:23;10528;49,95;
14:05:26;10540;49,95;
14:05:29;10516;49,95;
14:05:32;10504;49,95;
14:05:35;10516;49,95;
14:05:38;10468;49,95;
14:05:41;10468;49,96;
14:05:44;10448;49,96;
14:05:47;10400;49,96;
14:05:50;10416;49,96;
14:05:53;10428;49,96;
14:05:56;10344;49,96;
14:06:02;10440;49,97;
14:06:05;10448;49,98;
14:06:08;10448;49,97;
14:06:11;10468;49,97;
14:06:14;10460;49,97;
14:06:17;10472;49,97;
14:06:20;10468;49,97;
14:06:23;10436;49,97;
14:06:26;10500;49,97;
14:06:29;10504;49,97;
14:06:32;10492;49,96;
14:06:35;10516;49,96;
14:06:38;10496;49,96;
14:06:41;10520;49,96;
14:06:44;10524;49,96;
14:06:47;10520;49,96;
14:06:50;10492;49,96;
14:06:53;10524;49,96;
14:06:56;10516;49,96;
14:06:59;10540;49,97;
14:07:02;10520;49,97;
14:07:08;10556;49,98;
14:07:11;10584;49,99;
14:07:14;10576;49,99;
14:07:17;10620;49,99;
14:07:23;10636;49,99;
14:07:26;10640;49,99;
14:07:29;10620;49,99;
14:07:32;10612;49,98;
14:07:35;10604;49,98;
14:07:38;10576;49,98;
14:07:41;10564;49,98;
14:07:44;10568;49,97;
14:07:47;10548;49,96;
14:07:50;10560;49,96;
14:07:53;10524;49,96;
14:07:59;10516;49,97;
14:08:02;10528;49,96;
14:08:05;10504;49,96;
14:08:08;10556;49,97;
14:08:14;10564;49,97;
14:08:17;10532;49,97;
14:08:20;10568;49,97;
14:08:23;10548;49,97;
14:08:26;10564;49,97;
14:08:29;10524;49,97;
14:08:32;10556;49,97;
14:08:38;10532;49,97;
14:08:41;10500;49,97;
14:08:44;10528;49,96;
14:08:47;10504;49,96;
14:08:50;10532;49,97;
14:08:53;10500;49,97;
14:08:56;10524;49,97;
14:08:59;10496;49,97;
14:09:02;10508;49,98;
14:09:05;10476;49,98;
14:09:08;10512;49,97;
14:09:11;10492;49,97;
14:09:14;10508;49,97;
14:09:23;10488;49,97;
14:09:26;10488;49,98;
14:09:29;10464;49,98;
14:09:32;10472;49,98;
14:09:35;10460;49,98;
14:09:38;10456;49,98;
14:09:41;10460;49,98;
14:09:44;10456;49,98;
14:09:47;10448;49,97;
14:09:50;10444;49,97;
14:09:53;10452;49,97;
14:09:56;10448;49,97;
14:09:59;10444;49,97;
14:10:02;10436;49,97;
14:10:05;10392;49,97;
14:10:08;10424;49,97;
14:10:11;10360;49,97;
14:10:14;10408;49,97;
14:10:17;10360;49,97;
14:10:20;10324;49,97;
14:10:23;10396;49,97;
14:10:26;10380;49,97;
14:10:29;10360;49,96;
14:10:32;10364;49,96;
14:10:35;10348;49,96;
14:10:38;10340;49,96;
14:10:41;10324;49,96;
14:10:44;10308;49,96;
14:10:47;10324;49,96;
14:10:50;10288;49,96;
14:10:53;10308;49,96;
14:10:56;10276;49,97;
14:10:59;10304;49,97;
14:11:02;10284;49,97;
14:11:05;10280;49,97;
14:11:11;10264;49,98;
14:11:14;10252;49,97;
14:11:17;10244;49,98;
14:11:20;10212;49,97;
14:11:23;10228;49,97;
14:11:26;10212;49,97;
14:11:29;10228;49,97;
14:11:32;10224;49,97;
14:11:35;10208;49,97;
14:11:38;10188;49,97;
14:11:41;10196;49,97;
14:11:44;10156;49,97;
14:11:47;10176;49,97;
14:11:50;10156;49,97;
14:11:53;10168;49,98;
14:11:56;10132;49,98;
14:11:59;10172;49,98;
14:12:02;10148;49,98;
14:12:05;10160;49,98;
14:12:08;10132;49,98;
14:12:11;10160;49,98;
14:12:17;10168;49,98;
14:12:20;10136;49,98;
14:12:23;10172;49,97;
14:12:26;10156;49,98;
14:12:29;10180;49,97;
14:12:32;10160;49,97;
14:12:35;10156;49,97;
14:12:38;10164;49,97;
14:12:41;10160;49,97;
14:12:44;10152;49,97;
14:12:47;10156;49,97;
14:12:53;10148;49,97;
14:12:56;10160;49,98;
14:12:59;10136;49,98;
14:13:02;10176;49,98;
14:13:05;10200;49,99;
14:13:08;10216;49,98;
14:13:11;10224;49,98;
14:13:14;10232;49,98;
14:13:17;10244;49,97;
14:13:23;10248;49,96;
14:13:26;10244;49,96;
14:13:29;10240;49,97;
14:13:32;10232;49,97;
14:13:35;10200;49,97;
14:13:38;10228;49,97;
14:13:41;10192;49,98;
14:13:44;10216;49,97;
14:13:47;10204;49,98;
14:13:50;10204;49,99;
14:13:53;10180;50,00;
14:13:56;10196;50,00;
14:14:02;10200;50,00;
14:14:05;10128;49,99;
14:14:08;10168;49,98;
14:14:11;10164;49,98;
14:14:14;10156;49,98;
14:14:17;10148;49,97;
14:14:20;10152;49,96;
14:14:23;10136;49,96;
14:14:29;10112;49,96;
14:14:35;10092;49,97;
14:14:38;10080;49,96;
14:14:41;10052;49,97;
14:14:44;10060;49,97;
14:14:47;10040;49,97;
14:14:50;10016;49,97;
14:14:53;10020;49,97;
14:14:56;10000;49,97;
14:14:59;10004;49,97;
14:15:02;9988;49,97;
14:15:05;9956;49,97;
14:15:08;9932;49,96;
14:15:17;9920;49,97;
14:15:23;9896;49,97;
14:15:26;9908;49,98;
14:15:29;9884;49,98;
14:15:32;9904;49,98;
14:15:35;9900;49,97;
14:15:38;9880;49,97;
14:15:41;9860;49,97;
14:15:44;9868;49,98;
14:15:47;9860;49,98;
14:15:50;9828;49,99;
14:15:53;9844;49,99;
14:15:56;9816;49,98;
14:15:59;9828;49,98;
14:16:02;9820;49,98;
14:16:05;9816;49,98;
14:16:08;9792;49,97;
14:16:11;9820;49,97;
14:16:14;9816;49,97;
14:16:20;9808;49,97;
14:16:23;9804;49,97;
14:16:26;9800;49,97;
14:16:29;9796;49,96;
14:16:32;9784;49,96;
14:16:38;9764;49,96;
14:16:41;9780;49,96;
14:16:44;9772;49,96;
14:16:47;9768;49,96;
14:16:50;9760;49,97;
14:16:56;9756;49,97;
14:16:59;9752;49,98;
14:17:02;9716;49,98;
14:17:05;9732;49,98;
14:17:08;9728;49,98;
14:17:11;9724;49,97;
14:17:14;9720;49,97;
14:17:17;9720;49,96;
14:17:20;9716;49,96;
14:17:26;9720;49,95;
14:17:29;9720;49,96;
14:17:32;9724;49,96;
14:17:35;9720;49,96;
14:17:38;9712;49,96;
14:17:41;9716;49,96;
14:17:44;9700;49,96;
14:17:50;9696;49,95;
14:17:53;9708;49,96;
14:17:56;9680;49,96;
14:17:59;9704;49,96;
14:18:02;9680;49,96;
14:18:05;9704;49,96;
14:18:08;9704;49,97;
14:18:11;9700;49,96;
14:18:14;9676;49,97;
14:18:17;9688;49,97;
14:18:20;9664;49,97;
14:18:23;9692;49,97;
14:18:26;9652;49,97;
14:18:32;9660;49,96;
14:18:35;9692;49,96;
14:18:38;9668;49,96;
14:18:41;9696;49,96;
14:18:44;9632;49,96;
14:18:47;9684;49,97;
14:18:50;9648;49,97;
14:18:53;9656;49,98;
14:18:56;9648;49,98;
14:18:59;9676;49,98;
14:19:02;9648;49,98;
14:19:05;9672;49,98;
14:19:08;9640;49,98;
14:19:11;9668;49,97;
14:19:14;9664;49,97;
14:19:17;9664;49,96;
14:19:23;9656;49,96;
14:19:26;9652;49,96;
14:19:32;9648;49,96;
14:19:35;9624;49,96;
14:19:38;9648;49,96;
14:19:41;9620;49,96;
14:19:44;9612;49,96;
14:19:47;9604;49,97;
14:19:50;9624;49,98;
14:19:53;9612;49,98;
14:19:56;9620;49,98;
14:19:59;9616;49,98;
14:20:02;9612;49,98;
14:20:11;9612;49,97;
14:20:14;9616;49,98;
14:20:26;9612;49,98;
14:20:29;9608;49,98;
14:20:35;9600;49,98;
14:20:41;9568;49,98;
14:20:44;9584;49,97;
14:20:47;9576;49,97;
14:20:50;9580;49,98;
14:20:53;9588;49,98;
14:20:56;9600;49,98;
14:20:59;9576;49,98;
14:21:02;9600;49,98;
14:21:05;9612;49,99;
14:21:08;9596;49,99;
14:21:11;9544;49,99;
14:21:14;9580;49,99;
14:21:17;9616;49,98;
14:21:20;9608;49,98;
14:21:23;9596;49,98;
14:21:29;9580;49,99;
14:21:32;9612;49,99;
14:21:35;9608;49,99;
14:21:38;9628;49,99;
14:21:41;9624;49,99;
14:21:44;9652;49,98;
14:21:47;9648;49,98;
14:21:50;9628;49,98;
14:21:56;9652;49,98;
14:21:59;9620;49,99;
14:22:02;9644;50,00;
14:22:05;9620;50,01;
14:22:08;9644;50,01;
14:22:11;9640;50,01;
14:22:14;9600;50,00;
14:22:17;9592;50,00;
14:22:20;9620;49,99;
14:22:23;9600;49,99;
14:22:26;9620;49,98;
14:22:29;9608;49,99;
14:22:35;9600;49,99;
14:22:38;9624;49,99;
14:22:41;9616;50,00;
14:22:44;9604;50,00;
14:22:47;9628;50,00;
14:22:50;9572;50,00;
14:22:53;9644;50,00;
14:22:56;9640;50,00;
14:22:59;9648;50,00;
14:23:02;9632;50,00;
14:23:05;9656;49,99;
14:23:08;9624;49,99;
14:23:11;9656;49,98;
14:23:14;9632;49,98;
14:23:17;9652;49,98;
14:23:20;9624;49,97;
14:23:23;9656;49,98;
14:23:26;9636;49,98;
14:23:29;9656;49,99;
14:23:32;9628;49,99;
14:23:35;9656;49,99;
14:23:41;9648;50,00;
14:23:44;9616;50,00;
14:23:47;9640;50,00;
14:23:50;9604;49,99;
14:23:53;9632;49,99;
14:23:56;9616;49,99;
14:23:59;9636;49,99;
14:24:02;9640;49,99;
14:24:08;9608;49,98;
14:24:11;9648;49,98;
14:24:14;9628;49,97;
14:24:17;9648;49,97;
14:24:20;9608;49,98;
14:24:26;9640;49,98;
14:24:29;9660;49,98;
14:24:32;9636;49,98;
14:24:35;9660;49,98;
14:24:38;9632;49,99;
14:24:41;9660;49,99;
14:24:47;9620;49,99;
14:24:50;9640;50,00;
14:24:53;9660;50,00;
14:24:56;9648;50,00;
14:24:59;9672;50,00;
14:25:02;9640;50,00;
14:25:05;9660;50,00;
14:25:08;9664;50,00;
14:25:11;9668;49,99;
14:25:14;9644;49,99;
14:25:17;9664;49,98;
14:25:20;9652;49,98;
14:25:23;9676;49,98;
14:25:26;9652;49,97;
14:25:32;9660;49,97;
14:25:35;9688;49,97;
14:25:38;9680;49,97;
14:25:41;9704;49,96;
14:25:44;9696;49,97;
14:25:47;9712;49,97;
14:25:50;9724;49,97;
14:25:53;9728;49,96;
14:25:56;9768;49,97;
14:25:59;9756;49,97;
14:26:02;9772;49,97;
14:26:05;9752;49,98;
14:26:08;9788;49,98;
14:26:11;9752;49,98;
14:26:14;9796;49,98;
14:26:17;9768;49,98;
14:26:20;9796;49,98;
14:26:23;9784;49,98;
14:26:26;9832;49,98;
14:26:29;9820;49,98;
14:26:32;9856;49,97;
14:26:38;9892;49,96;
14:26:41;9872;49,96;
14:26:44;9924;49,95;
14:26:47;9928;49,96;
14:26:50;10044;49,96;
14:26:53;10100;49,96;
14:26:56;10196;49,97;
14:26:59;10300;49,97;
14:27:02;5432;49,97;
14:27:05;7028;49,97;
14:27:08;10436;49,96;
14:27:11;10428;49,96;
14:27:14;8428;49,96;
14:27:17;6708;49,97;
14:27:20;5228;49,97;
14:27:23;3348;49,97;
14:27:26;2199;49,98;
14:27:29;1929;49,98;
14:27:32;1796;49,97;
14:27:35;1804;49,97;
14:27:38;1788;49,98;
14:27:44;1850;49,98;
14:27:47;1884;49,98;
14:27:50;2084;49,98;
14:27:53;2199;49,98;
14:27:56;2406;49,99;
14:27:59;2356;49,99;
14:28:02;2154;49,99;
14:28:05;2122;49,99;
14:28:08;3677;50,00;
14:28:11;7066;50,00;
14:28:14;10132;50,00;
14:28:17;10260;50,00;
14:28:20;10284;50,00;
14:28:23;10272;50,00;
14:28:26;10320;50,00;
14:28:29;10332;50,01;
14:28:32;10360;50,01;
14:28:35;10380;50,00;
14:28:38;10372;50,00;
14:28:41;10408;49,98;
14:28:44;10376;49,98;
14:28:47;10444;49,98;
14:28:50;10472;49,98;
14:28:53;10500;49,98;
14:28:56;10428;49,98;
14:28:59;10408;49,98;
14:29:02;10364;49,98;
14:29:05;10356;49,99;
14:29:08;10304;49,99;
14:29:11;10344;49,99;
14:29:14;10316;50,00;
14:29:17;10308;50,00;
14:29:20;10260;50,00;
14:29:23;10284;49,99;
14:29:26;10256;49,98;
14:29:29;10264;49,98;
14:29:35;10244;49,99;
14:29:38;10220;49,99;
14:29:41;10216;50,00;
14:29:44;10176;49,99;
14:29:47;10208;49,99;
14:29:50;10180;49,99;
14:29:53;10204;49,99;
14:29:56;10196;49,99;
14:29:59;10172;49,99;
14:30:02;10136;49,99;
14:30:05;10156;49,99;
14:30:08;10108;49,98;
14:30:11;10124;49,98;
14:30:14;10104;49,98;
14:30:17;10140;49,97;
14:30:20;10136;49,97;
14:30:23;10188;49,96;
14:30:26;10144;49,96;
14:30:29;10220;49,96;
14:30:32;10196;49,97;
14:30:35;10264;49,98;
14:30:41;10340;49,98;
14:30:44;8320;49,98;
14:30:47;8058;49,98;
14:30:50;9440;49,98;
14:30:53;10404;49,98;
14:30:56;10356;49,98;
14:30:59;10344;49,98;
14:31:02;10368;49,98;
14:31:05;10384;49,98;
14:31:08;10400;49,98;
14:31:11;10444;49,99;
14:31:14;10456;49,99;
14:31:17;10456;49,98;
14:31:20;9972;49,98;
14:31:23;10228;49,98;
14:31:26;10308;49,98;
14:31:29;10316;49,97;
14:31:32;10312;49,98;
14:31:35;10304;49,98;
14:31:38;10332;49,98;
14:31:41;10344;49,99;
14:31:47;10356;50,00;
14:31:50;10352;50,00;
14:31:53;10356;50,00;
14:31:56;10372;50,00;
14:31:59;10408;50,00;
14:32:02;10440;50,00;
14:32:05;10156;50,00;
14:32:08;10512;50,00;
14:32:11;7968;50,00;
14:32:14;9520;50,00;
14:32:17;10448;50,00;
14:32:20;10360;50,00;
14:32:23;10340;49,99;
14:32:26;10252;49,99;
14:32:29;10420;49,99;
14:32:32;10532;49,98;
14:32:35;10340;49,98;
14:32:38;8344;49,98;
14:32:41;4042;49,98;
14:32:44;3204;49,99;
14:32:47;3031;50,00;
14:32:53;2396;50,00;
14:32:56;2247;50,00;
14:32:59;2181;49,99;
14:33:02;2146;49,99;
14:33:05;2146;50,00;
14:33:08;2115;49,99;
14:33:11;2189;50,00;
14:33:14;2278;50,00;
14:33:17;2008;50,00;
14:33:20;2019;50,00;
14:33:23;2099;50,00;
14:33:26;2077;50,00;
14:33:29;2082;50,00;
14:33:32;2011;50,00;
14:33:38;1903;50,00;
14:33:41;1880;50,00;
14:33:44;1842;49,99;
14:33:47;1834;49,99;
14:33:50;1852;49,99;
14:33:53;1892;49,99;
14:33:56;2013;49,99;
14:33:59;2271;50,00;
14:34:02;4784;50,00;
14:34:05;10356;50,00;
14:34:08;10544;50,01;
14:34:11;10424;50,01;
14:34:14;10400;50,01;
14:34:20;10464;50,01;
14:34:23;10464;50,00;
14:34:26;10448;50,00;
14:34:29;10396;50,00;
14:34:32;10520;49,98;
14:34:35;10516;49,98;
14:34:38;10520;49,98;
14:34:44;10508;49,97;
14:34:47;10520;49,98;
14:34:53;10508;49,99;
14:34:56;10504;49,99;
14:35:02;10492;50,00;
14:35:05;10512;50,00;
14:35:08;10500;50,00;
14:35:11;10496;50,00;
14:35:14;10500;50,00;
14:35:17;10496;50,00;
14:35:20;10492;50,00;
14:35:26;10460;50,00;
14:35:29;10468;50,00;
14:35:32;10452;50,01;
14:35:35;10452;50,00;
14:35:38;10448;50,00;
14:35:44;10444;50,00;
14:35:50;10436;50,00;
14:35:56;10424;50,00;
14:35:59;10432;50,00;
14:36:02;10384;50,00;
14:36:05;10432;50,00;
14:36:08;10428;50,00;
14:36:11;10416;50,00;
14:36:14;10400;50,00;
14:36:17;10432;50,00;
14:36:20;10420;50,01;
14:36:23;10436;50,00;
14:36:26;10396;50,00;
14:36:29;10424;50,00;
14:36:32;10440;50,00;
14:36:35;10436;50,00;
14:36:38;10388;50,00;
14:36:41;10432;49,99;
14:36:44;10428;49,99;
14:36:47;10444;49,99;
14:36:50;10416;49,99;
14:36:56;10496;50,00;
14:36:59;10536;50,00;
14:37:02;10552;50,01;
14:37:05;10636;50,00;
14:37:08;9768;50,00;
14:37:11;5762;50,00;
14:37:14;2599;50,00;
14:37:17;2366;50,00;
14:37:20;2885;50,00;
14:37:23;3812;50,00;
14:37:26;8984;50,00;
14:37:29;10352;50,00;
14:37:32;10652;50,00;
14:37:35;10560;49,99;
14:37:41;10536;49,99;
14:37:44;10520;49,99;
14:37:47;10456;49,99;
14:37:50;10420;49,99;
14:37:53;10340;49,99;
14:37:56;10332;49,99;
14:37:59;10292;50,00;
14:38:05;10248;50,00;
14:38:08;10244;50,00;
14:38:11;10212;50,00;
14:38:14;10224;50,00;
14:38:17;10204;50,00;
14:38:20;10200;50,00;
14:38:23;10176;50,00;
14:38:26;10188;50,00;
14:38:29;10172;50,00;
14:38:32;10164;50,00;
14:38:41;10120;50,00;
14:38:47;10152;50,00;
14:38:50;10144;50,00;
14:38:53;10140;50,00;
14:38:56;10144;50,01;
14:38:59;10148;50,01;
14:39:05;10132;50,01;
14:39:11;10140;50,01;
14:39:14;10148;50,00;
14:39:17;10108;50,00;
14:39:20;10156;50,00;
14:39:23;10152;49,99;
14:39:26;8080;49,99;
14:39:29;7718;49,99;
14:39:32;9320;49,98;
14:39:35;10080;49,98;
14:39:38;10056;49,98;
14:39:41;10020;49,99;
14:39:44;10072;49,99;
14:39:47;9880;50,00;
14:39:53;9948;50,00;
14:39:56;9800;50,00;
14:39:59;9952;50,00;
14:40:02;10040;50,00;
14:40:05;10064;50,00;
14:40:08;10036;50,00;
14:40:11;10064;50,00;
14:40:14;10056;50,00;
14:40:17;10028;50,01;
14:40:20;10068;50,01;
14:40:23;10052;50,01;
14:40:26;10060;50,01;
14:40:29;9972;50,01;
14:40:32;10008;50,01;
14:40:35;10016;50,01;
14:40:38;10040;50,00;
14:40:41;9984;50,00;
14:40:44;10032;50,00;
14:40:47;10024;50,00;
14:40:50;10032;50,01;
14:40:53;9988;50,01;
14:40:59;10004;50,01;
14:41:02;9996;50,01;
14:41:05;9976;50,01;
14:41:08;9972;50,01;
14:41:11;9976;50,01;
14:41:14;9960;50,01;
14:41:17;9972;50,01;
14:41:20;9984;50,01;
14:41:26;9968;50,02;
14:41:29;9976;50,02;
14:41:32;9932;50,02;
14:41:35;9956;50,01;
14:41:38;9940;50,01;
14:41:41;9944;50,01;
14:41:44;9888;50,01;
14:41:47;9920;50,01;
14:41:50;9896;50,01;
14:41:53;9900;50,01;
14:41:56;9860;50,01;
14:41:59;9888;50,01;
14:42:05;9868;50,01;
14:42:08;9824;50,01;
14:42:11;9856;50,01;
14:42:14;9832;50,00;
14:42:17;9852;50,01;
14:42:20;9808;50,00;
14:42:23;9844;50,00;
14:42:26;9848;50,00;
14:42:29;9852;50,00;
14:42:32;9812;50,00;
14:42:35;9856;50,01;
14:42:38;9836;50,01;
14:42:41;9852;50,01;
14:42:44;9820;50,01;
14:42:50;9852;50,01;
14:42:53;9880;50,01;
14:42:56;9872;50,01;
14:42:59;9916;50,01;
14:43:02;9908;50,01;
14:43:05;9932;50,01;
14:43:08;9928;50,00;
14:43:11;9892;50,00;
14:43:14;9912;50,01;
14:43:17;9928;50,01;
14:43:20;9892;50,01;
14:43:23;9928;50,01;
14:43:26;9952;50,01;
14:43:29;10028;50,01;
14:43:32;10100;50,02;
14:43:35;6054;50,01;
14:43:38;3326;50,01;
14:43:41;3840;50,01;
14:43:44;5972;50,01;
14:43:47;6620;50,01;
14:43:50;3225;50,01;
14:43:56;3411;50,00;
14:43:59;3471;50,00;
14:44:02;3435;50,00;
14:44:05;5276;50,01;
14:44:08;5922;50,01;
14:44:11;4462;50,00;
14:44:14;4830;50,00;
14:44:17;5974;50,01;
14:44:20;2195;50,00;
14:44:23;2058;50,00;
14:44:26;2359;49,99;
14:44:29;2843;49,99;
14:44:32;2177;49,99;
14:44:35;2169;49,99;
14:44:38;1718;49,99;
14:44:41;1488;49,99;
14:44:44;1423;50,00;
14:44:47;1401;50,00;
14:44:50;1370;50,00;
14:44:53;1350;50,00;
14:44:56;1360;50,01;
14:45:02;1374;50,01;
14:45:05;1373;50,00;
14:45:08;1409;50,00;
14:45:11;1432;50,00;
14:45:14;1511;50,00;
14:45:17;1567;50,00;
14:45:20;1651;50,00;
14:45:23;1759;50,00;
14:45:26;6692;50,00;
14:45:29;6874;50,00;
14:45:32;9632;50,00;
14:45:35;10380;50,00;
14:45:38;10276;50,00;
14:45:41;10272;50,00;
14:45:44;10220;50,00;
14:45:47;10276;50,00;
14:45:50;10268;50,00;
14:45:53;10232;50,00;
14:45:56;10252;49,99;
14:45:59;10224;49,99;
14:46:02;10244;50,00;
14:46:14;10264;50,01;
14:46:20;10272;50,00;
14:46:23;10280;50,01;
14:46:26;10256;50,01;
14:46:29;10276;50,00;
14:46:32;10252;50,00;
14:46:35;10280;49,99;
14:46:38;10256;49,99;
14:46:41;10264;49,99;
14:46:44;10300;49,99;
14:46:47;10276;49,98;
14:46:53;10300;49,99;
14:46:56;10332;49,99;
14:46:59;10328;50,00;
14:47:02;10352;49,99;
14:47:05;10344;50,00;
14:47:08;10356;50,00;
14:47:11;10376;50,00;
14:47:17;10384;50,00;
14:47:20;10372;50,00;
14:47:23;10400;50,00;
14:47:29;10412;49,99;
14:47:32;10372;49,99;
14:47:35;10416;49,99;
14:47:38;10396;50,00;
14:47:41;10400;50,00;
14:47:44;10344;50,00;
14:47:50;10320;50,00;
14:47:53;10296;50,00;
14:47:59;10248;50,00;
14:48:02;10224;50,00;
14:48:05;10180;50,00;
14:48:08;10128;50,00;
14:48:11;10096;50,01;
14:48:14;10120;50,01;
14:48:17;10124;50,01;
14:48:20;10100;50,01;
14:48:23;10076;50,01;
14:48:26;10072;50,01;
14:48:29;10044;50,01;
14:48:32;9976;50,01;
14:48:35;9996;50,00;
14:48:38;9968;50,00;
14:48:41;9972;50,00;
14:48:44;9908;50,00;
14:48:47;9928;50,00;
14:48:50;9904;50,00;
14:48:53;9908;50,00;
14:48:56;9864;50,00;
14:48:59;9880;50,00;
14:49:05;9856;50,00;
14:49:08;9824;50,00;
14:49:11;9832;50,00;
14:49:14;9816;50,00;
14:49:17;9820;50,00;
14:49:20;9808;50,00;
14:49:23;9792;50,00;
14:49:26;9800;50,00;
14:49:29;9796;50,00;
14:49:38;9808;50,00;
14:49:41;9812;50,00;
14:49:47;9784;50,00;
14:49:50;9816;50,00;
14:49:53;9820;50,00;
14:49:59;9828;50,00;
14:50:02;9832;50,00;
14:50:05;9840;50,00;
14:50:11;9852;50,01;
14:50:14;9856;50,00;
14:50:17;9872;50,01;
14:50:20;9880;50,00;
14:50:23;9896;50,00;
14:50:26;9904;50,00;
14:50:29;9872;50,00;
14:50:32;9920;50,00;
14:50:35;9952;50,00;
14:50:38;9956;50,00;
14:50:41;9964;50,00;
14:50:44;9968;50,00;
14:50:47;9972;50,00;
14:50:50;9980;49,99;
14:50:53;9936;49,99;
14:50:56;9964;50,00;
14:50:59;9952;50,00;
14:51:02;9936;50,00;
14:51:05;9884;50,00;
14:51:08;9924;50,00;
14:51:11;9924;50,01;
14:51:14;9932;50,01;
14:51:20;9940;50,00;
14:51:23;9936;50,00;
14:51:26;9948;50,00;
14:51:29;9904;50,00;
14:51:32;9956;50,00;
14:51:35;9944;50,00;
14:51:38;9960;50,00;
14:51:41;9916;50,00;
14:51:44;9956;50,00;
14:51:47;9944;50,01;
14:51:50;9960;50,01;
14:51:53;9916;50,00;
14:51:56;9956;50,00;
14:52:02;9952;50,00;
14:52:05;9904;50,00;
14:52:08;9936;50,00;
14:52:11;9928;50,00;
14:52:14;9932;50,01;
14:52:17;9904;50,01;
14:52:20;9892;50,01;
14:52:23;9904;50,01;
14:52:26;9900;50,00;
14:52:29;9896;50,00;
14:52:32;9908;50,00;
14:52:35;9912;50,00;
14:52:38;9920;50,00;
14:52:41;9916;50,00;
14:52:44;9864;50,00;
14:52:47;9900;49,99;
14:52:56;9904;49,99;
14:53:02;9896;50,00;
14:53:08;9888;50,01;
14:53:11;9884;50,01;
14:53:14;9876;50,01;
14:53:17;9872;50,01;
14:53:23;9868;50,01;
14:53:26;9852;50,00;
14:53:29;9868;50,00;
14:53:32;9860;50,00;
14:53:38;9856;50,00;
14:53:41;9852;50,00;
14:53:44;9844;50,00;
14:53:47;9840;50,00;
14:53:50;9832;50,01;
14:53:53;9836;50,00;
14:53:56;9828;50,00;
14:54:02;9812;50,00;
14:54:05;9808;50,00;
14:54:08;9804;50,00;
14:54:14;9808;50,00;
14:54:20;9780;49,99;
14:54:23;9796;49,98;
14:54:26;9788;49,98;
14:54:29;9792;49,97;
14:54:32;9784;49,97;
14:54:35;9744;49,97;
14:54:38;9756;49,98;
14:54:44;9316;49,99;
14:54:47;9536;49,99;
14:54:50;9724;49,99;
14:54:53;9736;49,99;
14:54:56;9732;49,99;
14:54:59;9748;49,99;
14:55:05;9728;49,99;
14:55:08;9692;49,98;
14:55:11;9756;49,98;
14:55:14;9764;49,98;
14:55:20;9756;49,98;
14:55:23;9780;49,98;
14:55:26;9776;49,99;
14:55:29;9784;49,99;
14:55:32;9748;49,98;
14:55:35;9788;49,98;
14:55:41;9784;49,98;
14:55:44;9812;49,98;
14:55:47;9840;49,99;
14:55:50;9856;50,00;
14:55:53;9880;50,00;
14:55:56;9884;50,00;
14:55:59;9896;49,99;
14:56:05;9616;50,00;
14:56:08;9848;50,00;
14:56:11;9800;50,00;
14:56:14;9796;50,00;
14:56:17;9860;50,00;
14:56:20;9884;50,00;
14:56:23;9868;50,00;
14:56:26;9912;50,00;
14:56:29;9928;49,99;
14:56:32;9940;49,98;
14:56:35;9940;49,99;
14:56:38;9936;49,99;
14:56:41;9932;50,00;
14:56:44;9928;50,00;
14:56:47;9892;50,00;
14:56:50;9920;50,01;
14:56:53;9916;50,01;
14:56:56;9904;50,01;
14:56:59;9888;50,01;
14:57:05;9876;50,01;
14:57:11;9872;50,00;
14:57:14;9868;50,01;
14:57:17;9856;50,00;
14:57:23;9824;49,99;
14:57:26;9836;49,99;
14:57:29;9828;49,99;
14:57:32;9816;50,00;
14:57:35;9788;50,01;
14:57:38;9824;50,01;
14:57:41;9804;50,01;
14:57:44;9816;50,01;
14:57:47;9772;50,01;
14:57:50;9816;50,01;
14:57:53;9808;50,01;
14:57:56;9800;50,01;
14:57:59;9756;50,01;
14:58:02;9792;50,01;
14:58:05;9776;50,01;
14:58:08;9784;50,01;
14:58:11;9728;50,01;
14:58:17;9764;50,01;
14:58:20;9756;50,01;
14:58:23;9720;50,01;
14:58:26;9748;50,01;
14:58:29;9728;50,00;
14:58:32;9748;50,00;
14:58:35;9740;50,00;
14:58:38;9700;50,00;
14:58:41;9692;50,01;
14:58:44;9708;50,01;
14:58:47;9668;50,01;
14:58:50;9692;50,01;
14:58:53;9668;50,00;
14:58:56;9620;50,00;
14:58:59;9700;50,00;
14:59:02;9660;50,00;
14:59:05;9684;50,01;
14:59:08;9692;50,01;
14:59:11;9668;50,01;
14:59:14;9700;50,01;
14:59:17;9692;50,01;
14:59:23;9676;50,01;
14:59:29;9696;50,01;
14:59:35;9648;50,01;
14:59:38;9692;50,01;
14:59:44;9684;50,01;
14:59:47;9660;50,00;
14:59:50;9700;50,00;
14:59:53;9692;50,00;
14:59:56;9708;50,01;
14:59:59;9668;50,01;
15:00:02;9708;50,01;
15:00:11;9704;50,00;
15:00:14;9708;50,00;
15:00:17;9712;50,00;
15:00:20;9716;50,00;
15:00:23;9720;50,00;
15:00:26;9708;50,00;
15:00:29;9720;50,00;
15:00:32;9784;50,01;
15:00:35;9796;50,01;
15:00:38;8154;50,01;
15:00:41;8944;50,01;
15:00:44;9812;50,00;
15:00:47;9824;50,00;
15:00:50;9884;50,00;
15:00:53;9872;50,00;
15:00:56;9920;50,00;
15:00:59;9912;50,01;
15:01:02;9940;50,01;
15:01:05;9992;50,01;
15:01:08;9988;50,01;
15:01:14;10020;50,00;
15:01:17;10048;50,01;
15:01:20;10080;50,01;
15:01:23;9840;50,01;
15:01:26;9888;50,01;
15:01:29;8952;50,00;
15:01:32;9504;50,00;
15:01:35;9812;50,00;
15:01:38;9844;49,99;
15:01:41;9884;49,99;
15:01:44;9444;50,00;
15:01:47;9072;50,00;
15:01:50;9436;50,00;
15:01:53;9528;50,00;
15:01:56;9540;50,00;
15:01:59;9532;50,01;
15:02:02;9740;50,01;
15:02:05;9676;50,01;
15:02:08;9820;50,01;
15:02:11;9760;50,01;
15:02:14;9844;50,01;
15:02:20;9876;50,01;
15:02:26;9860;50,00;
15:02:29;9860;49,99;
15:02:32;9860;49,98;
15:02:35;9864;49,98;
15:02:38;9880;49,98;
15:02:41;9900;49,98;
15:02:44;9936;49,99;
15:02:47;9744;49,99;
15:02:50;8932;49,99;
15:02:53;9744;50,00;
15:02:56;9872;50,00;
15:02:59;9772;50,00;
15:03:02;9648;50,00;
15:03:05;9772;50,00;
15:03:08;9856;50,00;
15:03:11;9952;50,00;
15:03:14;10000;50,00;
15:03:17;9936;50,00;
15:03:20;8668;50,00;
15:03:26;9820;50,00;
15:03:29;9692;49,99;
15:03:32;3833;50,00;
15:03:35;2677;49,99;
15:03:38;2478;50,00;
15:03:41;2995;50,00;
15:03:44;6596;50,00;
15:03:47;10000;50,00;
15:03:50;2334;49,99;
15:03:53;2218;49,99;
15:03:56;2066;49,99;
15:03:59;2030;49,98;
15:04:02;1974;49,99;
15:04:05;1976;49,98;
15:04:08;1942;49,98;
15:04:11;1955;49,99;
15:04:14;1949;50,00;
15:04:17;1939;50,00;
15:04:20;1944;50,01;
15:04:23;1936;50,00;
15:04:26;1948;50,00;
15:04:32;1966;50,00;
15:04:35;1968;50,00;
15:04:38;1993;50,00;
15:04:41;1995;50,00;
15:04:44;2017;50,00;
15:04:47;2040;50,00;
15:04:50;2052;50,00;
15:04:53;2069;50,00;
15:04:56;2103;50,00;
15:04:59;2141;50,00;
15:05:02;2162;50,00;
15:05:05;2210;50,00;
15:05:08;2254;50,01;
15:05:11;2364;50,01;
15:05:17;2466;50,01;
15:05:20;2545;50,01;
15:05:23;2843;50,00;
15:05:26;3253;50,00;
15:05:29;2976;50,00;
15:05:32;3168;50,00;
15:05:35;3497;49,99;
15:05:38;3803;50,00;
15:05:41;9056;50,00;
15:05:44;7818;50,00;
15:05:47;11112;50,00;
15:05:50;11108;50,00;
15:05:53;11184;50,00;
15:05:56;11252;50,00;
15:05:59;11192;50,00;
15:06:02;11300;50,00;
15:06:05;6704;49,99;
15:06:08;3715;50,00;
15:06:11;3602;50,00;
15:06:14;3886;50,00;
15:06:17;3343;50,00;
15:06:23;3076;50,00;
15:06:26;3039;50,00;
15:06:29;3043;49,99;
15:06:32;3082;49,98;
15:06:35;4400;49,99;
15:06:38;6036;49,98;
15:06:41;5916;49,98;
15:06:44;5474;49,99;
15:06:47;3450;50,00;
15:06:50;3359;49,99;
15:06:53;6220;50,00;
15:06:56;4878;50,00;
15:06:59;3060;50,00;
15:07:02;2979;50,01;
15:07:05;2977;50,01;
15:07:08;2874;50,00;
15:07:11;2951;50,00;
15:07:14;2728;50,00;
15:07:17;2733;50,00;
15:07:20;2696;50,00;
15:07:23;2719;50,00;
15:07:29;2785;50,00;
15:07:32;3069;50,00;
15:07:35;6642;50,00;
15:07:38;7830;50,00;
15:07:41;9156;50,00;
15:07:44;10152;50,00;
15:07:47;10320;50,00;
15:07:50;10504;50,00;
15:07:53;10404;50,01;
15:07:56;10424;50,02;
15:07:59;10404;50,01;
15:08:02;10460;50,01;
15:08:05;10500;50,01;
15:08:08;10512;50,01;
15:08:11;10464;50,01;
15:08:14;10440;50,00;
15:08:20;10396;50,00;
15:08:23;10404;50,00;
15:08:26;10380;50,00;
15:08:35;10352;50,00;
15:08:38;10328;50,00;
15:08:41;10320;49,99;
15:08:44;10308;49,99;
15:08:47;10292;49,98;
15:08:50;10280;49,98;
15:08:53;10216;49,98;
15:08:56;10260;49,98;
15:08:59;10240;49,99;
15:09:05;10228;49,99;
15:09:08;10224;49,99;
15:09:11;10212;49,98;
15:09:20;10188;49,98;
15:09:23;10176;49,98;
15:09:26;10184;49,98;
15:09:29;10128;49,98;
15:09:32;10172;49,97;
15:09:35;10156;49,97;
15:09:38;10176;49,97;
15:09:41;10164;49,97;
15:09:44;10232;49,97;
15:09:47;9044;49,98;
15:09:50;2153;49,98;
15:09:53;2048;49,98;
15:09:56;2095;49,98;
15:09:59;2125;49,98;
15:10:02;2104;49,98;
15:10:05;2132;49,99;
15:10:08;2093;49,99;
15:10:11;2056;49,99;
15:10:14;2035;49,99;
15:10:17;2012;49,99;
15:10:20;2005;49,99;
15:10:26;2041;49,99;
15:10:29;2061;49,99;
15:10:32;2171;49,99;
15:10:35;2239;49,99;
15:10:38;2442;49,98;
15:10:41;2938;49,98;
15:10:44;6700;49,99;
15:10:47;10504;49,99;
15:10:50;10460;50,00;
15:10:53;10464;50,00;
15:10:56;10516;50,00;
15:10:59;10620;49,99;
15:11:02;7828;50,00;
15:11:05;2936;50,00;
15:11:08;2344;50,00;
15:11:11;2277;50,00;
15:11:14;2222;50,00;
15:11:17;2219;50,00;
15:11:20;2206;50,00;
15:11:23;2207;50,00;
15:11:26;2220;50,00;
15:11:32;2253;50,00;
15:11:35;2268;50,00;
15:11:38;2316;50,00;
15:11:41;2347;50,00;
15:11:44;2429;50,00;
15:11:47;2572;50,01;
15:11:50;2503;50,00;
15:11:53;2525;50,00;
15:11:56;2575;50,00;
15:11:59;2596;50,00;
15:12:02;2691;50,00;
15:12:05;2789;50,00;
15:12:08;3595;50,00;
15:12:11;3481;50,00;
15:12:14;3516;50,00;
15:12:17;6554;50,00;
15:12:20;9500;50,00;
15:12:23;10524;49,99;
15:12:26;10712;49,98;
15:12:29;10788;49,98;
15:12:32;10456;49,98;
15:12:38;9300;49,98;
15:12:41;9192;49,98;
15:12:44;9164;49,98;
15:12:47;8624;49,98;
15:12:50;9648;49,98;
15:12:53;10024;49,99;
15:12:56;10476;49,99;
15:12:59;10612;49,99;
15:13:02;10680;50,00;
15:13:05;10692;50,00;
15:13:08;10612;50,00;
15:13:11;9600;50,00;
15:13:14;4974;50,00;
15:13:17;5126;50,00;
15:13:20;6688;50,00;
15:13:23;3005;49,99;
15:13:26;3015;49,99;
15:13:29;4322;49,98;
15:13:32;3144;49,98;
15:13:35;3243;49,98;
15:13:38;4446;49,99;
15:13:41;7852;49,99;
15:13:44;4942;49,99;
15:13:47;4018;49,99;
15:13:50;3063;49,99;
15:13:53;2872;49,99;
15:13:56;3333;50,00;
15:13:59;3221;50,00;
15:14:02;3395;50,00;
15:14:05;2963;50,00;
15:14:08;2666;50,00;
15:14:11;2499;50,00;
15:14:14;2481;50,00;
15:14:17;2418;50,00;
15:14:20;2429;49,99;
15:14:23;2451;49,99;
15:14:29;7086;49,98;
15:14:32;10332;49,98;
15:14:35;10308;49,98;
15:14:38;10284;49,98;
15:14:41;10212;49,98;
15:14:44;10268;49,98;
15:14:47;10296;49,98;
15:14:50;10188;49,97;
15:14:56;10252;49,97;
15:14:59;10228;49,98;
15:15:05;10200;49,98;
15:15:08;10180;49,98;
15:15:11;10144;49,98;
15:15:14;10140;49,98;
15:15:17;10108;49,98;
15:15:20;10092;49,98;
15:15:23;10072;49,99;
15:15:26;10060;49,99;
15:15:29;10028;49,98;
15:15:35;10036;49,98;
15:15:38;10060;49,97;
15:15:41;10040;49,96;
15:15:44;10076;49,96;
15:15:47;9920;49,96;
15:15:50;9768;49,96;
15:15:53;9104;49,96;
15:15:56;9428;49,97;
15:15:58;5858;49,98;
15:16:00;7350;49,99;
15:16:03;7204;49,99;
15:16:06;9752;49,99;
15:16:09;10064;50,00;
15:16:12;9944;50,00;
15:16:15;9204;49,99;
15:16:18;9000;49,99;
15:16:21;9424;50,00;
15:16:24;8492;50,00;
15:16:27;9560;49,99;
15:16:30;9428;49,99;
15:16:33;9448;49,98;
15:16:36;9464;49,98;
15:16:39;9412;49,98;
15:16:42;9376;49,97;
15:16:45;9412;49,97;
15:16:48;9360;49,97;
15:16:51;9380;49,98;
15:16:54;9312;49,98;
15:16:57;9340;50,00;
15:17:03;9304;50,00;
15:17:06;9244;50,00;
15:17:09;9272;49,99;
15:17:12;9220;49,99;
15:17:15;9248;49,99;
15:17:18;9196;49,99;
15:17:21;9232;49,99;
15:17:24;9228;49,99;
15:17:27;9216;49,99;
15:17:30;9176;49,99;
15:17:33;9200;49,99;
15:17:36;9144;49,99;
15:17:39;9192;49,98;
15:17:42;9148;49,98;
15:17:45;9184;49,98;
15:17:48;9136;49,99;
15:17:51;9164;50,00;
15:17:54;9116;50,00;
15:17:57;9152;50,00;
15:18:00;9104;50,00;
15:18:03;9108;50,00;
15:18:09;9072;50,00;
15:18:12;9056;50,00;
15:18:18;9024;49,99;
15:18:21;9052;49,99;
15:18:24;8988;49,98;
15:18:27;9028;49,98;
15:18:30;9024;49,98;
15:18:33;9016;49,98;
15:18:36;8968;49,98;
15:18:39;8996;49,98;
15:18:42;8988;49,98;
15:18:45;8984;49,98;
15:18:48;8972;49,99;
15:18:54;8976;50,00;
15:18:57;8952;50,00;
15:19:00;8960;50,00;
15:19:03;8900;50,00;
15:19:06;8948;50,01;
15:19:09;8924;50,00;
15:19:12;8944;50,00;
15:19:15;8940;50,00;
15:19:18;8932;50,00;
15:19:21;8916;50,00;
15:19:24;8928;50,00;
15:19:27;8872;50,00;
15:19:30;8924;50,00;
15:19:33;8896;50,00;
15:19:36;8920;50,00;
15:19:39;8852;50,00;
15:19:42;8908;50,00;
15:19:45;8896;50,00;
15:19:48;8896;50,01;
15:19:51;8816;50,01;
15:19:54;8888;50,00;
15:20:00;8864;50,00;
15:20:02;8792;50,01;
15:20:04;8856;50,00;
15:20:10;8844;50,00;
15:20:13;8840;50,00;
15:20:16;8836;50,00;
15:20:22;8828;49,99;
15:20:25;8824;49,99;
15:20:28;8820;49,99;
15:20:34;8812;49,99;
15:20:40;8768;49,98;
15:20:43;8792;49,98;
15:20:46;8800;49,99;
15:20:49;8800;49,98;
15:20:52;8752;49,99;
15:20:55;8788;49,99;
15:20:58;8780;50,00;
15:21:05;8780;50,01;
15:21:08;8792;50,01;
15:21:10;8780;50,01;
15:21:12;8784;50,01;
15:21:17;8784;50,00;
15:21:20;8780;50,00;
15:21:22;8764;50,00;
15:21:28;8776;49,99;
15:21:35;8768;49,99;
15:21:37;8708;49,99;
15:21:40;8740;49,99;
15:21:43;8752;49,99;
15:21:48;8756;50,00;
15:21:52;8748;49,98;
15:21:55;8764;49,98;
15:21:58;8756;49,98;
15:21:59;8760;49,98;
15:22:08;8752;49,98;
15:22:12;8764;49,98;
15:22:20;8776;49,98;
15:22:23;8780;49,97;
15:22:25;8792;49,97;
15:22:28;8732;49,97;
15:22:35;8772;49,97;
15:22:38;8788;49,97;
15:22:43;8732;49,97;
15:22:48;8776;49,96;
15:22:52;8768;49,97;
15:22:55;8720;49,98;
15:22:57;8744;49,99;
15:23:05;8772;50,00;
15:23:08;8772;49,99;
15:23:09;8736;50,00;
15:23:13;8764;50,00;
15:23:22;8736;49,99;
15:23:25;8736;50,00;
15:23:27;8700;50,00;
15:23:31;8736;50,00;
15:23:35;8708;50,00;
15:23:39;8700;49,99;
15:23:43;8712;49,99;
15:23:48;8724;49,99;
15:23:55;8692;49,99;
15:23:57;8716;50,00;
15:24:01;8708;50,01;
15:24:05;8660;50,01;
15:24:09;8692;50,00;
15:24:12;8668;50,00;
15:24:13;8696;50,00;
15:24:22;8660;50,00;
15:24:25;8680;50,00;
15:24:28;8704;50,00;
15:24:29;8640;49,99;
15:24:33;8704;49,99;
15:24:38;8704;49,98;
15:24:39;8672;49,98;
15:24:43;8660;49,98;
15:24:48;8696;49,97;
15:24:53;8644;49,97;
15:25:02;8680;49,97;
15:25:05;8672;49,98;
15:25:08;8644;49,99;
15:25:09;8640;49,99;
15:25:12;8612;49,99;
15:25:13;8624;49,99;
15:25:18;8616;49,99;
15:25:22;8608;49,99;
15:25:23;8580;49,99;
15:25:30;8604;49,99;
15:25:33;8600;49,99;
15:25:34;8572;49,99;
15:25:42;8588;50,00;
15:25:45;8564;50,00;
15:25:48;8576;50,00;
15:25:49;8564;50,00;
15:25:53;8572;50,00;
15:25:57;8560;49,99;
15:26:00;8572;49,99;
15:26:03;8584;50,00;
15:26:04;8536;49,99;
15:26:12;8584;49,99;
15:26:15;8580;49,99;
15:26:19;8532;49,99;
15:26:22;8580;49,99;
15:26:23;8568;49,98;
15:26:26;8588;49,98;
15:26:30;8536;49,98;
15:26:34;8564;49,98;
15:26:41;8576;49,98;
15:26:45;8556;49,98;
15:26:49;8560;49,98;
15:26:52;8564;49,98;
15:26:56;8548;49,98;
15:26:59;8552;50,00;
15:27:00;8536;50,00;
15:27:05;8548;50,00;
15:27:18;8532;50,00;
15:27:20;8488;49,99;
15:27:27;8544;50,00;
15:27:28;8536;50,00;
15:27:35;8484;50,00;
15:27:39;8536;49,99;
15:27:42;8516;49,99;
15:27:43;8476;49,99;
15:27:50;8524;49,99;
15:27:54;8528;50,00;
15:28:01;8528;50,01;
15:28:05;8520;50,01;
15:28:08;8260;50,00;
15:28:09;8484;50,00;
15:28:17;8396;50,00;
15:28:19;8480;49,99;
15:28:20;8488;49,99;
15:28:27;8484;49,98;
15:28:28;8508;49,98;
15:28:31;8516;49,98;
15:28:33;8464;49,98;
15:28:35;8508;49,98;
15:28:37;8516;49,98;
15:28:40;8496;49,98;
15:28:43;8520;49,98;
15:28:47;8484;49,97;
15:28:50;8520;49,98;
15:28:54;8512;49,98;
15:28:57;8520;49,98;
15:29:00;8480;49,98;
15:29:04;8508;49,98;
15:29:07;8492;49,98;
15:29:10;8504;49,98;
15:29:18;8476;49,98;
15:29:21;8492;49,99;
15:29:25;8436;49,99;
15:29:27;8492;50,00;
15:29:30;8464;49,99;
15:29:35;8492;49,99;
15:29:39;8488;50,00;
15:29:40;8464;50,00;
15:29:44;8484;50,00;
15:29:47;8432;50,00;
15:29:50;8476;50,00;
15:29:54;8476;49,99;
15:29:57;8464;50,00;
15:30:00;8416;49,99;
15:30:04;8472;49,99;
15:30:07;8440;49,99;
15:30:10;8464;50,00;
15:30:14;8432;50,00;
15:30:18;8460;50,00;
15:30:25;8412;49,99;
15:30:29;8460;49,99;
15:30:32;8456;49,99;
15:30:35;8464;49,99;
15:30:37;8412;50,00;
15:30:40;8460;49,99;
15:30:44;8456;50,00;
15:30:48;8408;50,00;
15:30:51;8452;50,00;
15:30:55;8420;50,00;
15:30:58;8448;50,00;
15:30:59;8444;49,99;
15:31:05;8408;49,99;
15:31:09;8432;49,98;
15:31:13;8384;49,98;
15:31:17;8424;49,98;
15:31:20;8392;49,98;
15:31:23;8384;49,98;
15:31:25;8428;49,98;
15:31:29;8420;49,98;
15:31:33;8416;49,97;
15:31:35;8372;49,97;
15:31:37;8412;49,97;
15:31:39;8408;49,97;
15:31:44;8376;49,98;
15:31:47;8380;49,98;
15:31:50;8388;49,99;
15:31:55;8396;49,99;
15:31:58;8380;50,00;
15:31:59;8384;50,00;
15:32:03;8372;50,00;
15:32:10;8396;49,99;
15:32:13;8400;49,98;
15:32:16;8392;49,98;
15:32:19;8388;49,98;
15:32:20;8380;49,98;
15:32:28;8376;49,98;
15:32:31;8376;49,99;
15:32:42;8372;49,99;
15:32:46;8340;49,98;
15:32:50;8372;49,98;
15:32:53;8368;49,99;
15:32:56;8340;50,00;
15:33:00;8364;50,00;
15:33:03;8332;50,00;
15:33:06;8356;50,01;
15:33:09;8316;50,00;
15:33:12;8352;50,00;
15:33:15;8308;50,00;
15:33:18;8328;49,99;
15:33:19;8296;49,99;
15:33:23;8328;49,99;
15:33:27;8336;49,98;
15:33:28;8336;49,99;
15:33:35;8300;49,98;
15:33:39;8304;49,99;
15:33:42;8328;50,00;
15:33:43;8296;50,00;
15:33:47;8324;50,00;
15:33:51;8316;50,00;
15:33:55;8320;50,00;
15:33:58;8304;50,00;
15:33:59;8324;50,00;
15:34:04;8328;50,00;
15:34:07;8340;50,00;
15:34:10;8284;50,00;
15:34:14;8336;50,00;
15:34:17;8324;50,00;
15:34:20;8328;50,00;
15:34:23;8296;50,00;
15:34:26;8340;50,00;
15:34:30;8276;50,00;
15:34:34;8312;50,00;
15:34:37;8324;50,00;
15:34:40;8332;50,00;
15:34:43;7274;50,00;
15:34:46;8190;50,00;
15:34:49;8168;50,00;
15:34:50;7918;50,00;
15:34:55;6288;50,00;
15:35:01;7358;50,00;
15:35:05;8400;50,00;
15:35:08;8440;50,00;
15:35:11;8094;50,00;
15:35:14;8296;50,00;
15:35:18;8104;50,00;
15:35:21;8452;49,99;
15:35:24;8396;49,99;
15:35:27;8408;49,98;
15:35:30;8380;49,99;
15:35:33;8368;49,99;
15:35:34;8352;49,99;
15:35:40;8320;49,99;
15:35:44;8352;49,99;
15:35:47;8340;49,99;
15:35:50;8368;49,98;
15:35:54;8348;49,98;
15:35:58;8388;49,98;
15:36:01;8416;49,97;
15:36:05;8420;49,97;
15:36:11;8452;49,96;
15:36:14;8240;49,97;
15:36:18;8158;49,96;
15:36:21;8420;49,97;
15:36:24;8416;49,97;
15:36:27;8428;49,97;
15:36:34;8436;49,98;
15:36:37;8432;49,98;
15:36:40;8428;49,98;
15:36:44;8424;49,98;
15:36:47;8392;49,99;
15:36:50;8424;49,99;
15:36:53;8428;49,99;
15:36:54;8420;49,98;
15:36:57;8424;49,99;
15:36:59;8412;49,99;
15:37:02;8408;49,99;
15:37:05;8424;50,00;
15:37:07;8420;49,99;
15:37:09;8440;49,99;
15:37:10;8428;49,99;
15:37:17;8444;49,98;
15:37:21;8412;49,98;
15:37:25;8448;49,98;
15:37:28;8448;49,97;
15:37:31;8420;49,98;
15:37:35;8452;49,98;
15:37:39;8448;49,98;
15:37:40;8452;49,98;
15:37:44;8420;49,98;
15:37:45;8440;49,99;
15:37:55;8408;50,00;
15:37:59;8436;50,00;
15:38:02;8408;50,00;
15:38:03;8448;49,99;
15:38:09;8444;49,99;
15:38:12;8440;49,99;
15:38:16;8432;49,98;
15:38:19;8436;49,99;
15:38:22;8408;49,98;
15:38:25;8412;49,98;
15:38:29;8448;49,98;
15:38:32;8412;49,98;
15:38:35;8460;49,98;
15:38:36;8428;49,98;
15:38:40;8472;49,98;
15:38:43;8476;49,98;
15:38:47;8488;49,99;
15:38:52;8460;49,99;
15:38:55;8500;49,98;
15:39:01;8496;49,98;
15:39:05;8520;49,98;
15:39:12;8536;49,99;
15:39:16;8512;49,99;
15:39:19;8552;50,00;
15:39:20;8528;49,99;
15:39:24;8560;49,99;
15:39:25;8564;49,99;
15:39:29;8568;49,98;
15:39:36;8576;49,97;
15:39:39;8584;49,97;
15:39:40;8592;49,97;
15:39:43;8568;49,97;
15:39:46;8608;49,98;
15:39:49;8612;49,98;
15:39:52;8628;49,98;
15:39:55;8624;49,98;
15:39:56;8648;49,98;
15:39:59;8664;49,99;
15:40:02;8648;49,99;
15:40:06;8688;50,00;
15:40:12;8676;50,00;
15:40:15;8716;50,00;
15:40:18;8748;49,99;
15:40:21;8736;49,99;
15:40:24;8792;49,98;
15:40:30;8832;49,98;
15:40:33;8844;49,97;
15:40:36;8852;49,97;
15:40:39;8828;49,96;
15:40:40;8864;49,97;
15:40:43;8876;49,97;
15:40:46;8832;49,98;
15:40:49;8920;49,98;
15:40:52;8924;49,98;
15:40:59;9024;49,99;
15:41:02;8720;49,99;
15:41:05;6654;49,99;
15:41:06;4126;50,00;
15:41:10;2344;50,00;
15:41:16;3814;50,00;
15:41:19;8376;50,00;
15:41:22;9064;49,99;
15:41:26;9112;49,99;
15:41:29;9124;49,98;
15:41:30;9132;49,98;
15:41:36;2459;49,98;
15:41:42;1710;49,99;
15:41:45;1921;49,99;
15:41:48;7768;50,00;
15:41:51;8576;50,00;
15:41:54;8928;49,99;
15:41:55;8932;49,99;
15:41:58;8940;49,99;
15:42:05;8896;49,99;
15:42:08;8884;50,00;
15:42:11;8864;49,99;
15:42:14;8852;49,99;
15:42:17;8844;49,98;
15:42:26;8848;49,98;
15:42:29;8844;49,98;
15:42:32;8840;49,98;
15:42:35;8828;49,98;
15:42:38;8824;49,98;
15:42:44;8800;49,98;
15:42:45;8816;49,98;
15:42:48;8768;49,98;
15:42:51;8804;49,98;
15:42:54;8784;49,98;
15:42:57;8792;49,98;
15:43:00;8752;49,98;
15:43:03;8792;49,98;
15:43:09;8776;49,97;
15:43:12;8748;49,97;
15:43:13;8804;49,96;
15:43:16;8796;49,96;
15:43:19;8768;49,97;
15:43:22;8796;49,96;
15:43:25;8744;49,97;
15:43:28;8796;49,97;
15:43:34;8812;49,96;
15:43:37;8760;49,96;
15:43:40;8820;49,96;
15:43:43;8812;49,96;
15:43:46;8856;49,96;
15:43:49;8816;49,96;
15:43:52;8744;49,96;
15:43:55;8872;49,97;
15:43:58;7984;49,97;
15:44:01;8500;49,97;
15:44:04;7180;49,97;
15:44:07;5300;49,98;
15:44:10;2137;49,97;
15:44:16;2487;49,96;
15:44:19;3759;49,96;
15:44:22;5962;49,96;
15:44:25;6584;49,96;
15:44:28;1983;49,97;
15:44:31;1634;49,97;
15:44:34;1728;49,98;
15:44:35;1706;49,98;
15:44:38;2465;49,98;
15:44:41;2770;49,98;
15:44:44;2106;49,98;
15:44:47;1545;49,97;
15:44:50;1482;49,98;
15:44:53;1605;49,98;
15:44:56;1647;49,98;
15:44:59;1447;49,98;
15:45:02;1409;49,98;
15:45:05;1412;49,99;
15:45:06;1436;50,00;
15:45:12;1473;50,00;
15:45:15;1480;50,01;
15:45:18;1478;50,01;
15:45:21;1511;50,01;
15:45:24;1531;50,00;
15:45:27;1582;50,00;
15:45:30;1604;49,99;
15:45:33;1652;49,99;
15:45:36;1710;50,00;
15:45:39;1817;50,00;
15:45:45;2211;50,01;
15:45:48;2657;50,01;
15:45:51;4804;50,00;
15:45:54;7794;50,00;
15:45:57;8772;50,00;
15:46:00;8888;50,00;
15:46:04;8896;49,99;
15:46:07;8856;49,99;
15:46:10;8964;50,00;
15:46:13;8956;50,00;
15:46:16;9000;50,00;
15:46:19;9016;50,00;
15:46:22;9092;50,00;
15:46:25;9016;50,00;
15:46:28;9112;49,99;
15:46:31;9160;49,99;
15:46:34;9168;49,98;
15:46:37;9164;49,99;
15:46:40;9120;49,99;
15:46:43;9148;49,99;
15:46:46;9096;50,00;
15:46:49;9128;50,00;
15:46:52;9076;50,00;
15:46:55;9104;50,00;
15:46:58;9080;50,00;
15:47:01;9088;50,00;
15:47:04;9052;50,00;
15:47:07;9092;50,00;
15:47:13;9112;50,00;
15:47:16;9108;50,00;
15:47:19;9148;49,99;
15:47:22;9160;50,00;
15:47:25;9152;50,00;
15:47:28;9144;50,00;
15:47:31;9068;50,00;
15:47:34;9116;50,00;
15:47:37;9052;50,00;
15:47:40;9040;50,00;
15:47:43;9024;50,00;
15:47:49;9012;50,01;
15:47:55;8940;50,01;
15:47:58;8964;50,01;
15:48:01;8936;50,01;
15:48:04;8920;50,00;
15:48:07;8900;50,00;
15:48:10;8884;50,00;
15:48:13;8868;50,00;
15:48:19;8836;50,00;
15:48:22;8832;50,00;
15:48:25;8808;50,00;
15:48:28;8800;50,00;
15:48:31;8792;50,00;
15:48:34;8788;50,00;
15:48:37;8752;50,00;
15:48:40;8768;50,00;
15:48:43;8744;50,00;
15:48:49;8736;50,00;
15:48:52;8740;50,00;
15:48:58;8736;50,00;
15:49:01;8716;50,00;
15:49:04;8728;50,00;
15:49:07;8720;50,00;
15:49:16;8712;50,00;
15:49:19;8668;50,00;
15:49:25;8696;50,00;
15:49:28;8708;50,00;
15:49:31;8728;50,01;
15:49:37;8744;50,01;
15:49:40;8544;50,01;
15:49:43;7074;50,01;
15:49:46;7654;50,01;
15:49:49;8756;50,01;
15:49:52;8780;50,01;
15:49:55;8756;50,01;
15:49:58;8900;50,01;
15:50:01;8920;50,01;
15:50:04;7906;50,01;
15:50:10;4412;50,01;
15:50:13;3686;50,01;
15:50:16;2461;50,00;
15:50:19;1953;50,00;
15:50:22;3558;50,00;
15:50:25;3679;50,00;
15:50:28;5686;50,00;
15:50:31;3512;50,00;
15:50:34;2047;49,99;
15:50:37;1871;49,99;
15:50:40;2633;49,99;
15:50:43;2866;50,00;
15:50:46;4456;49,99;
15:50:49;4692;50,00;
15:50:52;6668;50,00;
15:50:55;4790;50,00;
15:50:58;6748;49,99;
15:51:01;5224;49,99;
15:51:04;1728;49,99;
15:51:07;1627;49,99;
15:51:10;1548;50,00;
15:51:16;1572;50,00;
15:51:19;1621;50,00;
15:51:22;1657;50,00;
15:51:25;1711;50,00;
15:51:28;1756;49,99;
15:51:31;1799;50,00;
15:51:34;1830;49,99;
15:51:37;1845;49,99;
15:51:40;2213;50,00;
15:51:43;2451;50,00;
15:51:46;2010;50,01;
15:51:49;2020;50,01;
15:51:52;2471;50,01;
15:51:55;3051;50,01;
15:51:58;2302;50,00;
15:52:01;2090;50,00;
15:52:04;1950;50,00;
15:52:07;1879;50,00;
15:52:10;1861;50,01;
15:52:13;1868;50,01;
15:52:16;1927;50,01;
15:52:22;2066;50,01;
15:52:25;2259;50,00;
15:52:28;4126;50,01;
15:52:31;4938;50,01;
15:52:34;4642;50,01;
15:52:37;4756;50,02;
15:52:40;5658;50,02;
15:52:43;9092;50,01;
15:52:46;8784;50,01;
15:52:49;8300;50,01;
15:52:52;7004;50,00;
15:52:55;8988;50,01;
15:52:58;4544;50,01;
15:53:01;5668;50,01;
15:53:04;4057;50,01;
15:53:07;2729;50,01;
15:53:10;2489;50,00;
15:53:13;2455;50,00;
15:53:16;2500;50,00;
15:53:19;2351;50,00;
15:53:22;2270;50,01;
15:53:28;2276;50,01;
15:53:31;2204;50,00;
15:53:34;2202;50,00;
15:53:37;2157;50,00;
15:53:40;2168;50,00;
15:53:43;2145;50,00;
15:53:46;2152;50,00;
15:53:49;2136;50,00;
15:53:52;2133;50,00;
15:53:55;2148;50,00;
15:53:58;2143;50,00;
15:54:01;2156;50,01;
15:54:04;2148;50,01;
15:54:07;2162;50,00;
15:54:10;2163;50,00;
15:54:13;2165;50,00;
15:54:16;2150;49,99;
15:54:19;2162;49,99;
15:54:25;2168;49,98;
15:54:28;2175;49,98;
15:54:31;2169;49,98;
15:54:34;2195;49,98;
15:54:37;2242;49,98;
15:54:40;2260;49,98;
15:54:43;2301;49,98;
15:54:46;2316;49,98;
15:54:49;2408;49,99;
15:54:52;2537;49,99;
15:54:55;2850;50,00;
15:54:58;5334;50,00;
15:55:01;8208;50,00;
15:55:04;8828;50,00;
15:55:07;9284;50,00;
15:55:10;9220;50,00;
15:55:13;9160;49,99;
15:55:19;9176;50,00;
15:55:25;9232;50,00;
15:55:28;9200;50,00;
15:55:31;9272;50,00;
15:55:34;9228;50,00;
15:55:37;9288;50,00;
15:55:40;9348;50,00;
15:55:43;9368;50,00;
15:55:46;9352;50,00;
15:55:49;9380;50,00;
15:55:52;9400;50,00;
15:55:55;9328;50,01;
15:55:58;9388;50,00;
15:56:01;9380;50,00;
15:56:04;9364;50,01;
15:56:07;9284;50,00;
15:56:10;9328;50,01;
15:56:13;9272;50,01;
15:56:16;9296;50,01;
15:56:19;9232;50,01;
15:56:25;9224;50,01;
15:56:28;9256;50,00;
15:56:31;9196;50,00;
15:56:34;9228;50,00;
15:56:37;9172;50,00;
15:56:40;9212;50,00;
15:56:43;9200;50,00;
15:56:46;9160;50,00;
15:56:49;9124;50,01;
15:56:52;9168;50,01;
15:56:55;9136;50,01;
15:56:58;9156;50,01;
15:57:01;9116;50,00;
15:57:04;9152;50,01;
15:57:07;9148;50,00;
15:57:10;9156;50,00;
15:57:13;9132;50,00;
15:57:16;9180;49,99;
15:57:19;8980;49,99;
15:57:22;9176;49,99;
15:57:25;9168;49,99;
15:57:31;9204;50,00;
15:57:34;9276;49,99;
15:57:37;7366;49,99;
15:57:40;4976;49,99;
15:57:43;3409;49,99;
15:57:46;3112;49,98;
15:57:49;3034;49,98;
15:57:52;3006;49,98;
15:57:55;2686;49,99;
15:57:58;3045;49,99;
15:58:01;2918;49,99;
15:58:04;2484;50,00;
15:58:07;3432;50,00;
15:58:10;5050;50,00;
15:58:13;4898;50,00;
15:58:16;8784;50,01;
15:58:19;8852;50,01;
15:58:22;8832;50,01;
15:58:25;8864;50,00;
15:58:28;8884;50,00;
15:58:31;8900;50,00;
15:58:40;8956;50,00;
15:58:43;8928;50,01;
15:58:46;8892;50,01;
15:58:49;8872;50,01;
15:58:52;8828;50,02;
15:58:55;8892;50,02;
15:58:58;8884;50,02;
15:59:01;8868;50,02;
15:59:04;8824;50,02;
15:59:07;8876;50,02;
15:59:10;8840;50,01;
15:59:13;8884;50,02;
15:59:16;8844;50,01;
15:59:22;8864;50,01;
15:59:25;8928;50,01;
15:59:28;8916;50,01;
15:59:31;8988;50,00;
15:59:34;8984;50,00;
15:59:37;7914;50,00;
15:59:40;5922;50,00;
15:59:43;6068;50,01;
15:59:46;1975;50,00;
15:59:49;1845;50,00;
15:59:52;1812;50,01;
15:59:55;1857;50,01;
15:59:58;1996;50,01;
16:00:01;2053;50,02;
16:00:04;2170;50,01;
16:00:07;3026;50,01;
16:00:10;6800;50,01;
16:00:13;7762;50,01;
16:00:16;5894;50,01;
16:00:19;4228;50,01;
16:00:22;6324;50,01;
16:00:28;4082;50,01;
16:00:31;4886;50,01;
16:00:34;3543;50,01;
16:00:37;2556;50,01;
16:00:40;2611;50,00;
16:00:43;3145;50,00;
16:00:46;3092;50,00;
16:00:49;2609;50,00;
16:00:52;2625;50,00;
16:00:55;2219;50,00;
16:00:58;2260;49,99;
16:01:01;2284;50,00;
16:01:04;2233;49,99;
16:01:07;2172;49,99;
16:01:10;2183;49,99;
16:01:13;2351;49,99;
16:01:16;2741;49,99;
16:01:19;3019;49,98;
16:01:22;7970;49,98;
16:01:25;9092;49,98;
16:01:28;8884;49,98;
16:01:34;8142;50,00;
16:01:37;6538;50,00;
16:01:40;6452;50,01;
16:01:43;7752;50,01;
16:01:46;7604;50,01;
16:01:49;7078;50,01;
16:01:52;5016;50,01;
16:01:55;3475;50,02;
16:01:58;2074;50,02;
16:02:01;2050;50,02;
16:02:04;2942;50,01;
16:02:07;1957;50,01;
16:02:10;1914;50,01;
16:02:13;1898;50,01;
16:02:16;1916;50,01;
16:02:19;1951;50,01;
16:02:22;2027;50,02;
16:02:25;2354;50,01;
16:02:28;2115;50,01;
16:02:31;2077;50,01;
16:02:34;2095;50,00;
16:02:40;2110;50,01;
16:02:43;2097;50,00;
16:02:46;2339;50,00;
16:02:49;2228;50,00;
16:02:52;2095;50,01;
16:02:55;2073;50,00;
16:02:58;2089;50,01;
16:03:01;2058;50,01;
16:03:04;1969;50,00;
16:03:07;1915;50,01;
16:03:10;1874;50,01;
16:03:13;1859;50,01;
16:03:16;1820;50,01;
16:03:19;1797;50,01;
16:03:22;1803;50,01;
16:03:25;1799;50,02;
16:03:28;1784;50,01;
16:03:31;1783;50,01;
16:03:34;1769;50,01;
16:03:37;1764;50,01;
16:03:40;1760;50,01;
16:03:43;1757;50,01;
16:03:46;1753;50,00;
16:03:49;1752;50,00;
16:03:52;1753;50,00;
16:03:55;1767;50,00;
16:03:58;1769;50,00;
16:04:01;1799;50,00;
16:04:04;1811;50,00;
16:04:07;1835;50,00;
16:04:10;1912;49,99;
16:04:13;2057;49,99;
16:04:16;2069;50,00;
16:04:19;2191;50,00;
16:04:25;2248;50,00;
16:04:31;3335;50,01;
16:04:34;3865;50,00;
16:04:37;2241;50,01;
16:04:40;2088;50,01;
16:04:43;2017;50,01;
16:04:46;1983;50,01;
16:04:49;1979;50,01;
16:04:52;1974;50,01;
16:04:55;2046;50,00;
16:04:58;2035;50,00;
16:05:01;1993;50,00;
16:05:04;1964;50,00;
16:05:07;1954;50,01;
16:05:10;1945;50,01;
16:05:13;1942;50,01;
16:05:16;1941;50,01;
16:05:19;1994;50,00;
16:05:22;2141;50,00;
16:05:25;2056;50,00;
16:05:28;2173;50,00;
16:05:31;3253;50,00;
16:05:37;1876;50,00;
16:05:40;1840;50,01;
16:05:43;1823;50,01;
16:05:46;1821;50,00;
16:05:49;1814;50,01;
16:05:52;1813;50,01;
16:05:55;1814;50,01;
16:05:58;1824;50,01;
16:06:01;1848;50,01;
16:06:04;1854;50,01;
16:06:07;1899;50,01;
16:06:10;1917;50,01;
16:06:13;1971;50,01;
16:06:16;1987;50,01;
16:06:19;2034;50,01;
16:06:22;2098;50,01;
16:06:25;2226;50,01;
16:06:28;2200;50,00;
16:06:31;2280;50,00;
16:06:34;2320;50,00;
16:06:37;2393;50,00;
16:06:43;2210;50,01;
16:06:46;2209;50,01;
16:06:49;2285;50,00;
16:06:52;2404;50,01;
16:06:55;6158;50,01;
16:06:58;9044;50,01;
16:07:01;9024;50,01;
16:07:04;9032;50,01;
16:07:10;9076;50,01;
16:07:13;9060;50,01;
16:07:16;9120;50,01;
16:07:19;9104;50,01;
16:07:22;9140;50,01;
16:07:25;9132;50,01;
16:07:28;9148;50,00;
16:07:31;9128;50,00;
16:07:34;9120;50,00;
16:07:37;9100;50,00;
16:07:40;9080;50,01;
16:07:43;8980;50,01;
16:07:49;9008;50,01;
16:07:52;9004;50,01;
16:07:55;8992;50,01;
16:07:58;8980;50,01;
16:08:01;8972;50,01;
16:08:04;8984;50,01;
16:08:07;8944;50,01;
16:08:10;9012;50,01;
16:08:16;7804;50,01;
16:08:19;6346;50,01;
16:08:22;8444;50,01;
16:08:25;8340;50,01;
16:08:28;8276;50,01;
16:08:34;8876;50,00;
16:08:37;8856;50,00;
16:08:40;8788;50,00;
16:08:43;8784;50,00;
16:08:46;8724;50,00;
16:08:49;8696;50,01;
16:08:52;8616;50,01;
16:08:55;8656;50,01;
16:08:58;8608;50,01;
16:09:01;8596;50,02;
16:09:04;8564;50,01;
16:09:07;8552;50,01;
16:09:10;8524;50,01;
16:09:13;8512;50,01;
16:09:16;8436;50,01;
16:09:19;8484;50,01;
16:09:22;8464;50,01;
16:09:28;8452;50,01;
16:09:31;8444;50,01;
16:09:34;8440;50,02;
16:09:40;8416;50,01;
16:09:43;8400;50,01;
16:09:46;8392;50,00;
16:09:49;8388;50,00;
16:09:52;8380;50,00;
16:09:55;8376;50,00;
16:09:58;8336;50,00;
16:10:01;8384;50,00;
16:10:04;8364;50,01;
16:10:07;8360;50,01;
16:10:10;8356;50,01;
16:10:16;8352;50,01;
16:10:19;8356;50,01;
16:10:22;8308;50,01;
16:10:25;8380;50,01;
16:10:28;8396;50,00;
16:10:31;8404;50,00;
16:10:34;7566;50,00;
16:10:37;7880;50,00;
16:10:40;8128;50,00;
16:10:46;8196;50,00;
16:10:49;8170;50,00;
16:10:52;8128;50,00;
16:10:55;8182;50,00;
16:10:58;8150;50,00;
16:11:01;8178;50,00;
16:11:04;8162;50,00;
16:11:07;8158;50,00;
16:11:10;8132;50,00;
16:11:13;8122;50,00;
16:11:16;8104;50,00;
16:11:19;8102;49,99;
16:11:22;8080;49,98;
16:11:25;8094;49,98;
16:11:28;8080;49,98;
16:11:31;8074;49,98;
16:11:34;8024;49,98;
16:11:37;8052;49,98;
16:11:40;8038;49,98;
16:11:43;8024;49,98;
16:11:46;7946;49,98;
16:11:52;7980;49,98;
16:11:55;7992;49,98;
16:11:58;7910;49,98;
16:12:01;7976;49,98;
16:12:04;7948;49,99;
16:12:07;7962;49,99;
16:12:10;7956;49,99;
16:12:13;7892;49,99;
16:12:16;7922;49,99;
16:12:19;7936;49,99;
16:12:22;7872;49,98;
16:12:25;7928;49,98;
16:12:28;7904;49,98;
16:12:31;7920;49,98;
16:12:37;7910;49,98;
16:12:40;7908;49,98;
16:12:43;7904;49,98;
16:12:46;7902;49,98;
16:12:49;7900;49,99;
16:12:52;7896;49,99;
16:12:55;7864;50,00;
16:12:58;7882;50,00;
16:13:01;7866;50,01;
16:13:04;7860;50,00;
16:13:07;7856;50,00;
16:13:10;7850;50,00;
16:13:13;7844;50,00;
16:13:16;7844;49,99;
16:13:19;7804;49,99;
16:13:22;7832;49,98;
16:13:25;7818;49,98;
16:13:28;7822;49,98;
16:13:31;7808;49,98;
16:13:34;7816;49,98;
16:13:37;7786;49,98;
16:13:43;7782;49,99;
16:13:46;7804;49,99;
16:13:49;7754;50,00;
16:13:52;7792;50,00;
16:13:55;7746;50,00;
16:13:58;7786;50,00;
16:14:01;7788;50,00;
16:14:04;7750;50,00;
16:14:07;7784;49,99;
16:14:10;7788;49,99;
16:14:13;7794;50,00;
16:14:16;7802;50,00;
16:14:19;7800;50,00;
16:14:22;7810;50,01;
16:14:25;7804;50,01;
16:14:28;7808;50,01;
16:14:31;7826;50,00;
16:14:34;7858;50,00;
16:14:37;7876;50,00;
16:14:40;7898;50,01;
16:14:49;7974;50,01;
16:14:52;8020;50,01;
16:14:55;8000;50,01;
16:14:58;8056;50,00;
16:15:01;8018;50,00;
16:15:04;7812;50,00;
16:15:07;7974;50,00;
16:15:10;7830;50,00;
16:15:13;6936;50,00;
16:15:16;7652;50,00;
16:15:19;7898;50,00;
16:15:22;7854;50,00;
16:15:25;7908;50,00;
16:15:28;7788;50,00;
16:15:31;7588;50,00;
16:15:34;7790;49,99;
16:15:37;4898;49,98;
16:15:40;1752;49,98;
16:15:43;2212;49,98;
16:15:46;1346;49,98;
16:15:49;1200;49,99;
16:15:55;1178;50,00;
16:15:58;1130;50,00;
16:16:01;1161;50,01;
16:16:04;1132;50,01;
16:16:07;1169;50,01;
16:16:10;1143;50,01;
16:16:13;1158;50,00;
16:16:16;1162;50,00;
16:16:19;1148;49,98;
16:16:22;1143;49,98;
16:16:25;1123;49,98;
16:16:28;1122;49,98;
16:16:31;1100;49,99;
16:16:34;1092;49,98;
16:16:37;1085;49,98;
16:16:40;1073;49,98;
16:16:43;1061;49,98;
16:16:46;1056;49,98;
16:16:49;1054;49,99;
16:16:55;1055;49,99;
16:17:01;1048;49,99;
16:17:04;1055;50,00;
16:17:10;1049;50,00;
16:17:13;1057;50,00;
16:17:16;1061;50,00;
16:17:19;1058;50,01;
16:17:22;1063;50,01;
16:17:25;1065;50,01;
16:17:28;1060;50,00;
16:17:31;1069;50,00;
16:17:34;1079;50,00;
16:17:37;1075;50,00;
16:17:40;1069;50,00;
16:17:46;1093;50,00;
16:17:49;1085;50,00;
16:17:52;1080;50,00;
16:17:55;1091;50,00;
16:17:58;1109;50,01;
16:18:01;1104;50,00;
16:18:04;1117;50,01;
16:18:07;1116;50,01;
16:18:10;1124;50,01;
16:18:13;1137;50,01;
16:18:16;1143;50,01;
16:18:19;1146;50,01;
16:18:22;1151;50,01;
16:18:25;1166;50,01;
16:18:28;1184;50,01;
16:18:31;1201;50,00;
16:18:34;1206;50,01;
16:18:37;1235;50,01;
16:18:40;1267;50,01;
16:18:43;1273;50,00;
16:18:46;1318;50,01;
16:18:52;1612;50,01;
16:18:55;2796;50,01;
16:18:58;7764;50,01;
16:19:01;7740;50,01;
16:19:04;7910;50,01;
16:19:07;7838;50,01;
16:19:10;7916;50,01;
16:19:13;7980;50,01;
16:19:16;8028;50,01;
16:19:19;7992;50,01;
16:19:22;8090;50,01;
16:19:25;8062;50,01;
16:19:28;8138;50,01;
16:19:31;8128;50,01;
16:19:34;8148;50,01;
16:19:37;8154;50,01;
16:19:40;8150;50,01;
16:19:43;8138;50,01;
16:19:46;8148;50,00;
16:19:49;8136;50,00;
16:19:52;8174;50,00;
16:19:58;8184;50,00;
16:20:01;8136;50,00;
16:20:04;8208;50,00;
16:20:07;8186;50,00;
16:20:10;3523;50,00;
16:20:13;1736;50,00;
16:20:16;1678;49,99;
16:20:19;1795;49,99;
16:20:22;1649;49,99;
16:20:25;1580;49,99;
16:20:28;1634;49,99;
16:20:31;1630;49,99;
16:20:34;1646;49,98;
16:20:37;1844;49,98;
16:20:40;2536;49,98;
16:20:43;4940;49,98;
16:20:46;7286;49,98;
16:20:49;7412;49,98;
16:20:52;7548;49,98;
16:20:55;7710;49,98;
16:20:58;7742;49,98;
16:21:04;7794;49,99;
16:21:07;7776;49,98;
16:21:10;7772;49,99;
16:21:13;7710;49,99;
16:21:16;7742;50,00;
16:21:19;7706;50,00;
16:21:22;7722;49,99;
16:21:25;7722;50,00;
16:21:28;7688;50,00;
16:21:31;7668;50,00;
16:21:34;7656;50,00;
16:21:37;7602;50,00;
16:21:40;7622;50,00;
16:21:49;7592;50,00;
16:21:52;7554;50,00;
16:21:55;7566;50,00;
16:21:58;7534;50,00;
16:22:01;7542;50,01;
16:22:04;7492;50,01;
16:22:07;7526;50,00;
16:22:10;7520;50,00;
16:22:13;7498;49,99;
16:22:16;7448;49,98;
16:22:19;7472;49,98;
16:22:22;7420;49,98;
16:22:25;7446;49,98;
16:22:28;7374;49,98;
16:22:31;7430;49,98;
16:22:34;7358;49,98;
16:22:37;7394;49,99;
16:22:40;7352;49,99;
16:22:43;7334;50,00;
16:22:46;7338;50,00;
16:22:49;7346;50,00;
16:22:55;7324;50,00;
16:22:58;7274;50,00;
16:23:01;7314;50,00;
16:23:04;7282;50,00;
16:23:07;7290;49,99;
16:23:10;7214;49,99;
16:23:13;7274;49,99;
16:23:16;7258;49,99;
16:23:19;7234;50,00;
16:23:22;7160;50,00;
16:23:25;7214;50,00;
16:23:28;7196;49,99;
16:23:31;7188;49,99;
16:23:34;7110;50,00;
16:23:37;7150;50,00;
16:23:40;7154;50,00;
16:23:43;7146;50,00;
16:23:46;7060;50,00;
16:23:49;7108;50,00;
16:23:52;7100;49,99;
16:24:01;7084;49,99;
16:24:04;7088;49,99;
16:24:07;7072;49,99;
16:24:10;7012;50,00;
16:24:13;7076;50,00;
16:24:16;7064;49,99;
16:24:19;7064;50,00;
16:24:22;7070;49,99;
16:24:25;7066;49,99;
16:24:28;7044;49,99;
16:24:31;7048;49,99;
16:24:34;6942;49,98;
16:24:37;6720;49,98;
16:24:40;6954;49,98;
16:24:43;6978;49,98;
16:24:46;6968;49,98;
16:24:49;7036;49,98;
16:24:52;7014;49,98;
16:24:55;7084;49,98;
16:24:58;7076;49,99;
16:25:01;6768;49,99;
16:25:07;6888;49,99;
16:25:10;6830;49,99;
16:25:13;6402;49,99;
16:25:16;6904;49,99;
16:25:19;6616;49,98;
16:25:22;6880;49,98;
16:25:25;6616;49,98;
16:25:28;6804;49,98;
16:25:31;6944;49,99;
16:25:34;6942;49,99;
16:25:37;6936;49,98;
16:25:40;6986;49,98;
16:25:43;6976;49,98;
16:25:46;6970;49,99;
16:25:49;6888;49,99;
16:25:52;6966;49,99;
16:25:55;6950;49,99;
16:25:58;6942;49,99;
16:26:01;6920;49,98;
16:26:04;6906;49,98;
16:26:07;6886;49,98;
16:26:13;6870;49,98;
16:26:16;6876;49,98;
16:26:19;6870;49,98;
16:26:22;6874;49,98;
16:26:25;6822;49,99;
16:26:28;6868;50,00;
16:26:31;6860;50,00;
16:26:34;6858;50,00;
16:26:37;6810;49,99;
16:26:40;6852;49,99;
16:26:43;6840;49,99;
16:26:46;6848;49,99;
16:26:49;6834;49,99;
16:26:52;6848;50,00;
16:27:01;6846;50,00;
16:27:04;6852;50,00;
16:27:07;6854;50,00;
16:27:10;6856;50,00;
16:27:13;6820;50,00;
16:27:16;6858;50,00;
16:27:19;6860;50,00;
16:27:22;6856;49,99;
16:27:25;6818;49,99;
16:27:28;6856;49,98;
16:27:31;6838;49,98;
16:27:34;6856;49,98;
16:27:37;6826;49,97;
16:27:40;6844;49,97;
16:27:43;6840;49,97;
16:27:46;6848;49,97;
16:27:49;6834;49,97;
16:27:52;6842;49,97;
16:27:55;6832;49,97;
16:27:58;6840;49,98;
16:28:04;6844;49,98;
16:28:07;6838;49,98;
16:28:10;6842;49,97;
16:28:13;6838;49,97;
16:28:19;6836;49,97;
16:28:22;6820;49,97;
16:28:25;6832;49,97;
16:28:28;6836;49,98;
16:28:31;6838;49,98;
16:28:34;6828;49,98;
16:28:37;6830;49,98;
16:28:40;6834;49,98;
16:28:43;6836;49,98;
16:28:46;6824;49,98;
16:28:49;6832;49,98;
16:28:52;6840;49,99;
16:28:55;6838;49,99;
16:28:58;6832;50,00;
16:29:01;6826;50,00;
16:29:04;6824;49,99;
16:29:13;6824;50,00;
16:29:16;6820;50,00;
16:29:22;6828;50,00;
16:29:25;6820;50,00;
16:29:28;6772;50,00;
16:29:31;6822;49,99;
16:29:34;6824;49,99;
16:29:37;6826;49,98;
16:29:40;6820;49,98;
16:29:43;6826;49,98;
16:29:46;6820;50,00;
16:29:49;6824;50,00;
16:29:52;6798;50,00;
16:29:55;6834;50,01;
16:29:58;6834;50,02;
16:30:01;6824;50,01;
16:30:04;6782;50,00;
16:30:07;6822;50,00;
16:30:10;6818;50,00;
16:30:16;6766;50,00;
16:30:19;6764;50,00;
16:30:22;6780;50,01;
16:30:25;6784;50,01;
16:30:28;6754;50,01;
16:30:31;6792;50,00;
16:30:37;6792;49,99;
16:30:40;6792;49,98;
16:30:43;6790;49,99;
16:30:46;6792;49,99;
16:30:49;6798;49,99;
16:30:52;6802;49,98;
16:30:55;6804;49,98;
16:31:01;6808;49,97;
16:31:04;6810;49,97;
16:31:07;6808;49,97;
16:31:13;6812;49,97;
16:31:16;6814;49,96;
16:31:19;6778;49,97;
16:31:22;6822;49,97;
16:31:25;6824;49,98;
16:31:28;6832;49,98;
16:31:31;6844;49,98;
16:31:34;6850;49,98;
16:31:37;6870;49,99;
16:31:40;6876;50,00;
16:31:43;6858;50,00;
16:31:46;6908;50,00;
16:31:49;6934;50,00;
16:31:52;6942;50,00;
16:31:55;6910;50,00;
16:31:58;6974;49,99;
16:32:01;6812;49,99;
16:32:07;6990;49,99;
16:32:10;7002;49,99;
16:32:13;6926;49,99;
16:32:16;5748;50,00;
16:32:19;6974;50,00;
16:32:22;6948;49,99;
16:32:25;6858;49,99;
16:32:28;6902;49,99;
16:32:31;6824;49,98;
16:32:34;6848;49,98;
16:32:37;6832;49,98;
16:32:40;6834;49,98;
16:32:43;6814;49,99;
16:32:46;6812;49,99;
16:32:49;6796;49,99;
16:32:52;6804;49,99;
16:32:55;6782;49,99;
16:32:58;6806;49,99;
16:33:01;6792;49,99;
16:33:04;6812;49,99;
16:33:07;6774;50,00;
16:33:13;6738;50,00;
16:33:16;6818;50,00;
16:33:19;6782;50,00;
16:33:22;6678;50,00;
16:33:25;6786;50,00;
16:33:28;6780;50,00;
16:33:31;6696;50,00;
16:33:34;6648;50,00;
16:33:37;6802;50,00;
16:33:40;6784;49,99;
16:33:43;6778;50,00;
16:33:46;6794;50,00;
16:33:49;6800;50,00;
16:33:52;6808;50,01;
16:33:55;6806;50,00;
16:33:58;6804;50,00;
16:34:01;6796;50,00;
16:34:04;6806;50,00;
16:34:07;6774;50,00;
16:34:10;6816;50,00;
16:34:19;6748;50,00;
16:34:22;6830;49,99;
16:34:25;6636;49,99;
16:34:28;6662;49,99;
16:34:31;6724;49,99;
16:34:34;6808;49,99;
16:34:37;6810;49,98;
16:34:43;6786;49,97;
16:34:46;6810;49,97;
16:34:49;6818;49,97;
16:34:52;6830;49,97;
16:34:55;6816;49,97;
16:34:58;6804;49,98;
16:35:01;6834;49,98;
16:35:04;6838;49,98;
16:35:07;6848;49,98;
16:35:10;6812;49,98;
16:35:13;6856;49,98;
16:35:16;6862;49,98;
16:35:19;6874;49,98;
16:35:22;6880;49,98;
16:35:25;6850;49,98;
16:35:28;6920;49,98;
16:35:31;6946;49,98;
16:35:34;6942;49,98;
16:35:37;7002;49,98;
16:35:40;7008;49,98;
16:35:43;7022;49,98;
16:35:46;6986;49,99;
16:35:49;7090;50,00;
16:35:52;4660;50,01;
16:35:55;3300;50,00;
16:35:58;5152;50,01;
16:36:01;5656;50,01;
16:36:04;7130;50,01;
16:36:10;4332;50,00;
16:36:13;2569;50,00;
16:36:16;4532;50,00;
16:36:19;6222;50,00;
16:36:22;6440;49,99;
16:36:25;5340;49,99;
16:36:28;4362;49,99;
16:36:31;5820;49,98;
16:36:34;6424;49,98;
16:36:37;6630;49,99;
16:36:40;6776;49,99;
16:36:43;6610;49,99;
16:36:46;6842;49,99;
16:36:49;6752;49,99;
16:36:52;6832;50,00;
16:36:55;6828;50,00;
16:36:58;6732;50,00;
16:37:01;6816;49,99;
16:37:04;6792;49,99;
16:37:07;6806;49,98;
16:37:10;6710;49,98;
16:37:16;6790;49,99;
16:37:19;6796;50,00;
16:37:22;6706;50,00;
16:37:25;6778;50,00;
16:37:28;6778;50,01;
16:37:31;6784;50,01;
16:37:34;6772;50,00;
16:37:37;6722;50,00;
16:37:40;6742;50,00;
16:37:43;6728;50,00;
16:37:46;6706;49,99;
16:37:49;6744;49,99;
16:37:52;6754;49,99;
16:37:55;6764;49,99;
16:37:58;6758;50,00;
16:38:01;6722;50,00;
16:38:04;6758;50,00;
16:38:07;6740;50,00;
16:38:10;6738;50,00;
16:38:13;6686;50,00;
16:38:16;6752;49,99;
16:38:22;6750;50,00;
16:38:25;6682;50,00;
16:38:28;6748;50,00;
16:38:31;6734;50,00;
16:38:34;6744;50,00;
16:38:37;6672;50,00;
16:38:40;6738;50,00;
16:38:46;6732;50,01;
16:38:49;6662;50,01;
16:38:52;6726;50,00;
16:38:55;6712;50,01;
16:38:58;6718;50,00;
16:39:01;6650;50,01;
16:39:04;6722;50,01;
16:39:07;6702;50,01;
16:39:10;6722;50,01;
16:39:13;6658;50,00;
16:39:16;6726;50,00;
16:39:19;6706;50,01;
16:39:22;6722;50,00;
16:39:31;6702;50,00;
16:39:34;6720;50,00;
16:39:37;6688;50,00;
16:39:40;6722;50,00;
16:39:43;6696;50,00;
16:39:46;6716;50,00;
16:39:49;6718;50,00;
16:39:52;6724;49,99;
16:39:55;6722;50,00;
16:39:58;6718;50,00;
16:40:01;6702;50,01;
16:40:07;6722;50,01;
16:40:13;6702;50,00;
16:40:16;6676;50,01;
16:40:19;6710;50,00;
16:40:22;6696;50,00;
16:40:25;6710;50,01;
16:40:28;6666;50,01;
16:40:31;6706;50,01;
16:40:34;6676;50,01;
16:40:37;6668;50,01;
16:40:40;6710;50,01;
16:40:43;6702;50,01;
16:40:46;6710;50,01;
16:40:49;6666;50,01;
16:40:52;6704;50,01;
16:40:55;6706;50,01;
16:40:58;6696;50,01;
16:41:01;6676;50,00;
16:41:04;6676;50,01;
16:41:07;6702;50,01;
16:41:10;6688;50,01;
16:41:13;6692;50,01;
16:41:19;6698;50,01;
16:41:22;6686;50,01;
16:41:25;6702;50,01;
16:41:28;6650;50,01;
16:41:31;6712;50,01;
16:41:34;6698;50,01;
16:41:37;6720;50,01;
16:41:40;6730;50,01;
16:41:43;6748;50,01;
16:41:46;6732;50,01;
16:41:49;6780;50,01;
16:41:52;6750;50,00;
16:41:55;6840;50,00;
16:41:58;6776;50,00;
16:42:01;5912;50,00;
16:42:04;5878;50,00;
16:42:07;5972;50,01;
16:42:10;6390;50,00;
16:42:13;7016;50,01;
16:42:16;6894;50,01;
16:42:19;3238;50,01;
16:42:25;2260;50,00;
16:42:28;1450;50,00;
16:42:31;1329;50,00;
16:42:34;1289;50,00;
16:42:37;1291;50,00;
16:42:40;1300;50,00;
16:42:43;1294;50,01;
16:42:46;1323;50,01;
16:42:49;1492;50,01;
16:42:52;2162;50,01;
16:42:55;6414;50,01;
16:42:58;6898;50,01;
16:43:01;6990;50,01;
16:43:04;4520;50,01;
16:43:07;1918;50,01;
16:43:10;1699;50,01;
16:43:13;1515;50,01;
16:43:16;1519;50,01;
16:43:19;2105;50,01;
16:43:22;2429;50,01;
16:43:25;2565;50,01;
16:43:31;5876;50,01;
16:43:34;5112;50,01;
16:43:37;5352;50,01;
16:43:40;4790;50,01;
16:43:43;6954;50,01;
16:43:46;6964;50,02;
16:43:49;6810;50,01;
16:43:52;6940;50,01;
16:43:55;6352;50,02;
16:43:58;5128;50,02;
16:44:01;5334;50,02;
16:44:04;2096;50,03;
16:44:07;1419;50,02;
16:44:10;1402;50,02;
16:44:16;1488;50,01;
16:44:19;1689;50,01;
16:44:22;2333;50,01;
16:44:25;2278;50,01;
16:44:28;2969;50,01;
16:44:31;3591;50,01;
16:44:34;4476;50,01;
16:44:37;6494;50,01;
16:44:40;6570;50,01;
16:44:43;6752;50,00;
16:44:46;6794;50,00;
16:44:49;6680;50,00;
16:44:52;6604;50,00;
16:44:55;5552;50,01;
16:44:58;2936;50,01;
16:45:01;6488;50,01;
16:45:04;6664;50,01;
16:45:10;6646;50,01;
16:45:13;6698;50,01;
16:45:16;6676;50,00;
16:45:22;6686;50,00;
16:45:25;6644;50,00;
16:45:28;6680;50,00;
16:45:31;6640;50,00;
16:45:34;6676;49,99;
16:45:37;6628;49,99;
16:45:40;6676;49,99;
16:45:43;6672;49,99;
16:45:46;6674;50,00;
16:45:49;6622;50,00;
16:45:52;6682;50,00;
16:45:55;6656;50,00;
16:45:58;6684;50,00;
16:46:01;6646;49,99;
16:46:04;6672;49,99;
16:46:07;6656;49,99;
16:46:10;6686;49,99;
16:46:13;6664;49,99;
16:46:16;6680;49,99;
16:46:19;6670;49,99;
16:46:22;6662;50,00;
16:46:28;6652;50,00;
16:46:31;6648;50,00;
16:46:34;6640;50,00;
16:46:37;6634;50,01;
16:46:43;6632;50,01;
16:46:46;6594;50,01;
16:46:49;6634;50,01;
16:46:52;6626;50,01;
16:46:55;6628;50,01;
16:46:58;6630;50,01;
16:47:01;6620;50,01;
16:47:04;6622;50,01;
16:47:07;6384;50,01;
16:47:10;6228;50,01;
16:47:13;6622;50,01;
16:47:16;6604;50,00;
16:47:19;6634;50,00;
16:47:22;6526;49,99;
16:47:25;6266;49,99;
16:47:28;6308;49,98;
16:47:34;5558;49,98;
16:47:37;6484;49,98;
16:47:40;6658;49,98;
16:47:43;6738;49,99;
16:47:46;6702;50,00;
16:47:49;6508;50,00;
16:47:52;6608;49,99;
16:47:55;6392;49,99;
16:47:58;3252;49,99;
16:48:01;2098;49,99;
16:48:04;1672;49,99;
16:48:07;2129;49,99;
16:48:10;4814;49,99;
16:48:13;5276;49,99;
16:48:16;5298;49,99;
16:48:19;6534;49,99;
16:48:22;5402;49,99;
16:48:25;5800;50,00;
16:48:28;6250;50,00;
16:48:31;5776;50,00;
16:48:34;6422;50,01;
16:48:40;4644;50,00;
16:48:43;3090;50,00;
16:48:46;2077;50,00;
16:48:49;2226;50,00;
16:48:52;2492;50,00;
16:48:55;1757;50,01;
16:48:58;1853;50,01;
16:49:01;2323;50,00;
16:49:04;4712;50,00;
16:49:07;6634;50,00;
16:49:10;6208;50,00;
16:49:13;6314;50,00;
16:49:16;5514;50,00;
16:49:19;6302;50,00;
16:49:25;4662;50,00;
16:49:28;5566;49,99;
16:49:31;6722;49,99;
16:49:34;6662;49,99;
16:49:37;6646;50,00;
16:49:40;6640;50,00;
16:49:43;6686;50,00;
16:49:46;6628;50,00;
16:49:49;6664;50,00;
16:49:52;6700;50,00;
16:49:55;6692;50,00;
16:49:58;6732;50,00;
16:50:01;6718;50,00;
16:50:04;6730;50,00;
16:50:07;6674;50,01;
16:50:10;6734;50,00;
16:50:13;6738;50,00;
16:50:16;6740;50,00;
16:50:19;6736;50,00;
16:50:22;6744;50,00;
16:50:25;6756;50,00;
16:50:31;6762;49,99;
16:50:34;6766;49,99;
16:50:37;6768;49,99;
16:50:40;6766;49,98;
16:50:43;6766;49,99;
16:50:46;6762;49,99;
16:50:49;6736;49,99;
16:50:52;6758;49,99;
16:50:55;6736;50,00;
16:50:58;6746;50,00;
16:51:01;6736;50,00;
16:51:04;6734;50,00;
16:51:07;6694;50,00;
16:51:10;6716;50,00;
16:51:13;6708;50,00;
16:51:16;6688;50,00;
16:51:19;6650;50,00;
16:51:22;6674;50,00;
16:51:25;6634;49,99;
16:51:28;6654;50,00;
16:51:31;6598;50,00;
16:51:37;6590;50,00;
16:51:40;6616;50,00;
16:51:43;6554;50,01;
16:51:46;6592;50,01;
16:51:49;6540;50,00;
16:51:52;6576;50,00;
16:51:55;6570;50,01;
16:51:58;6524;50,01;
16:52:01;6502;50,01;
16:52:04;6540;50,01;
16:52:07;6496;50,01;
16:52:10;6526;50,01;
16:52:13;6476;50,01;
16:52:16;6512;50,01;
16:52:19;6508;50,01;
16:52:22;6492;50,00;
16:52:25;6430;50,00;
16:52:28;6470;50,00;
16:52:31;6422;50,00;
16:52:34;6454;50,00;
16:52:37;6394;50,00;
16:52:43;6390;50,00;
16:52:46;6420;50,00;
16:52:49;6364;50,00;
16:52:52;6406;50,01;
16:52:55;6362;50,00;
16:52:58;6392;50,00;
16:53:01;6384;50,01;
16:53:04;6340;50,01;
16:53:07;6352;50,00;
16:53:10;6362;50,00;
16:53:13;6314;50,00;
16:53:16;6350;50,00;
16:53:19;6344;50,00;
16:53:22;6338;50,00;
16:53:28;6322;50,00;
16:53:31;6316;50,00;
16:53:34;6312;49,99;
16:53:37;6308;49,99;
16:53:40;6292;49,99;
16:53:46;6248;50,00;
16:53:49;6278;50,00;
16:53:52;6266;50,00;
16:53:55;6264;50,00;
16:53:58;6254;50,01;
16:54:01;6256;50,01;
16:54:04;6240;50,01;
16:54:07;6246;50,01;
16:54:10;6226;50,02;
16:54:13;6238;50,01;
16:54:16;6220;50,01;
16:54:19;6236;50,01;
16:54:22;6208;50,00;
16:54:25;6240;50,00;
16:54:28;6212;49,99;
16:54:34;6240;50,00;
16:54:37;5612;50,00;
16:54:40;1820;50,00;
16:54:43;1761;50,00;
16:54:46;851;50,00;
16:54:49;890;50,00;
16:54:52;879;50,00;
16:54:55;912;50,00;
16:54:58;1099;50,01;
16:55:01;1127;50,01;
16:55:04;870;50,01;
16:55:07;851;50,01;
16:55:10;905;50,02;
16:55:13;866;50,01;
16:55:16;898;50,01;
16:55:19;899;50,01;
16:55:22;946;50,01;
16:55:25;934;50,01;
16:55:28;969;50,01;
16:55:31;980;50,01;
16:55:34;1010;50,00;
16:55:40;1121;50,01;
16:55:43;1192;50,01;
16:55:46;1779;50,01;
16:55:49;2105;50,01;
16:55:52;3374;50,01;
16:55:55;2249;50,01;
16:55:58;1535;50,01;
16:56:01;1730;50,01;
16:56:04;5466;50,01;
16:56:07;6020;50,01;
16:56:10;5760;50,01;
16:56:13;5666;50,01;
16:56:16;6068;50,01;
16:56:19;6082;50,02;
16:56:22;6062;50,02;
16:56:25;6140;50,02;
16:56:28;6146;50,02;
16:56:31;6168;50,02;
16:56:34;6160;50,02;
16:56:37;6166;50,03;
16:56:40;6146;50,03;
16:56:46;6194;50,02;
16:56:49;6210;50,02;
16:56:52;6226;50,02;
16:56:55;6234;50,01;
16:56:58;6240;50,01;
16:57:01;6192;50,01;
16:57:04;6240;50,01;
16:57:07;6236;50,01;
16:57:10;6220;50,01;
16:57:13;6170;50,01;
16:57:16;6198;50,01;
16:57:19;6192;50,01;
16:57:22;6190;50,02;
16:57:25;6180;50,01;
16:57:28;6216;50,01;
16:57:31;6180;50,01;
16:57:34;6210;50,01;
16:57:37;6158;50,01;
16:57:40;6164;50,01;
16:57:43;5674;50,02;
16:57:46;5800;50,01;
16:57:52;6050;50,02;
16:57:58;6136;50,02;
16:58:01;6138;50,02;
16:58:04;6110;50,02;
16:58:07;6092;50,02;
16:58:10;6122;50,03;
16:58:13;6114;50,03;
16:58:16;6100;50,02;
16:58:19;6042;50,02;
16:58:22;6080;50,01;
16:58:25;6010;50,01;
16:58:28;6032;50,01;
16:58:31;6018;50,00;
16:58:37;5990;49,98;
16:58:40;6040;49,98;
16:58:43;5996;49,98;
16:58:46;6028;49,98;
16:58:49;5958;49,99;
16:58:52;5998;49,99;
16:58:55;6008;50,00;
16:58:58;5978;50,00;
16:59:01;5946;50,01;
16:59:04;6006;50,01;
16:59:07;5974;50,01;
16:59:10;5994;50,01;
16:59:13;5954;50,01;
16:59:16;5978;50,01;
16:59:19;5998;50,01;
16:59:22;5974;50,01;
16:59:25;5966;50,01;
16:59:28;5944;50,01;
16:59:31;5990;50,01;
16:59:34;5960;50,02;
16:59:37;5984;50,02;
16:59:43;5982;50,02;
16:59:46;5960;50,01;
16:59:49;5980;50,01;
16:59:52;5914;50,01;
16:59:55;5982;50,01;
16:59:58;5956;50,01;
17:00:01;5980;50,01;
17:00:04;5978;50,02;
17:00:07;5976;50,02;
17:00:10;5956;50,02;
17:00:13;5978;50,02;
17:00:16;5910;50,01;
17:00:19;5970;50,01;
17:00:22;5944;50,01;
17:00:25;5972;50,01;
17:00:28;5902;50,00;
17:00:31;5976;49,99;
17:00:34;5956;49,99;
17:00:37;5992;50,00;
17:00:40;5930;50,00;
17:00:43;6012;50,00;
17:00:49;5878;50,01;
17:00:52;5930;50,01;
17:00:55;5954;50,01;
17:00:58;4772;50,01;
17:01:01;2177;50,01;
17:01:04;1071;50,02;
17:01:07;1043;50,02;
17:01:10;1029;50,02;
17:01:13;2627;50,02;
17:01:16;2464;50,02;
17:01:19;3226;50,02;
17:01:22;2659;50,02;
17:01:25;3957;50,02;
17:01:28;4512;50,03;
17:01:31;5574;50,03;
17:01:34;5796;50,03;
17:01:37;5222;50,02;
17:01:40;5486;50,03;
17:01:43;5386;50,03;
17:01:46;5636;50,03;
17:01:49;5646;50,03;
17:01:55;5668;50,02;
17:01:58;5698;50,02;
17:02:01;5676;50,01;
17:02:07;5688;50,01;
17:02:10;5704;50,01;
17:02:13;5690;50,00;
17:02:16;5696;50,01;
17:02:19;5702;50,00;
17:02:22;5706;50,01;
17:02:25;5708;50,01;
17:02:28;5682;50,01;
17:02:31;5656;50,00;
17:02:34;5688;50,00;
17:02:40;5668;50,00;
17:02:43;5610;50,00;
17:02:46;5660;50,00;
17:02:49;5624;50,00;
17:02:52;5648;50,00;
17:02:55;5590;50,00;
17:02:58;5632;50,00;
17:03:01;5624;50,00;
17:03:04;5592;50,00;
17:03:07;5562;50,00;
17:03:10;5578;50,00;
17:03:13;5540;50,00;
17:03:16;5558;50,00;
17:03:19;5524;50,00;
17:03:25;5496;49,99;
17:03:28;5504;50,00;
17:03:31;5476;49,99;
17:03:34;5482;50,00;
17:03:37;5456;50,00;
17:03:40;5468;50,01;
17:03:46;5450;50,01;
17:03:49;5428;50,01;
17:03:52;5434;50,00;
17:03:55;5408;50,01;
17:03:58;5424;50,01;
17:04:01;5394;50,01;
17:04:04;5408;50,01;
17:04:07;5406;50,01;
17:04:10;5394;50,01;
17:04:13;5366;50,01;
17:04:16;5386;50,01;
17:04:19;5112;50,01;
17:04:22;5330;50,01;
17:04:25;5358;50,00;
17:04:31;5354;50,00;
17:04:34;5356;50,00;
17:04:37;5346;50,00;
17:04:43;5344;50,00;
17:04:46;5330;50,00;
17:04:52;5328;50,00;
17:04:55;5326;50,00;
17:04:58;5330;50,00;
17:05:01;5324;50,00;
17:05:04;5318;50,00;
17:05:07;5310;50,00;
17:05:10;5290;50,00;
17:05:13;5300;50,00;
17:05:16;5298;49,99;
17:05:19;5298;49,98;
17:05:22;5296;49,98;
17:05:25;5298;49,98;
17:05:28;5294;49,97;
17:05:31;5292;49,98;
17:05:34;5276;49,98;
17:05:37;5284;49,98;
17:05:40;5288;49,98;
17:05:43;5286;49,98;
17:05:46;5286;49,97;
17:05:52;5280;49,97;
17:05:58;5274;49,97;
17:06:04;5270;49,98;
17:06:07;5268;49,99;
17:06:10;5262;49,99;
17:06:13;5254;49,99;
17:06:16;5224;49,99;
17:06:19;5248;49,99;
17:06:22;5242;49,99;
17:06:25;5244;49,99;
17:06:28;5248;49,99;
17:06:31;5250;49,99;
17:06:34;5246;49,99;
17:06:37;5246;50,00;
17:06:40;5218;50,00;
17:06:43;5244;50,00;
17:06:46;5246;50,00;
17:06:49;5238;50,00;
17:06:52;5216;50,00;
17:06:55;5244;50,00;
17:06:58;5214;49,99;
17:07:01;5238;49,99;
17:07:04;5236;50,00;
17:07:10;5212;50,00;
17:07:13;5238;49,99;
17:07:16;5212;49,99;
17:07:19;5238;49,98;
17:07:22;5224;49,98;
17:07:25;5226;49,98;
17:07:28;5220;49,98;
17:07:31;5230;49,98;
17:07:34;5226;49,98;
17:07:37;5234;49,98;
17:07:40;5228;49,99;
17:07:43;5216;49,99;
17:07:49;5228;50,00;
17:07:55;5230;50,01;
17:07:58;5232;50,01;
17:08:01;5242;50,01;
17:08:04;5226;50,01;
17:08:07;5192;50,01;
17:08:10;5226;50,01;
17:08:13;5220;50,00;
17:08:16;5222;50,00;
17:08:19;5216;50,00;
17:08:25;5214;50,00;
17:08:28;5210;50,00;
17:08:31;5184;49,99;
17:08:34;5212;49,99;
17:08:37;5208;49,99;
17:08:40;5206;49,98;
17:08:43;5204;49,98;
17:08:46;5194;49,98;
17:08:49;5196;49,98;
17:08:55;5188;49,98;
17:08:58;5186;49,98;
17:09:01;5186;49,99;
17:09:04;5186;50,00;
17:09:10;5182;50,00;
17:09:13;5154;50,00;
17:09:16;5174;50,00;
17:09:19;5174;49,99;
17:09:22;5168;49,99;
17:09:25;5152;49,99;
17:09:28;5158;49,99;
17:09:31;5146;49,99;
17:09:34;5154;49,99;
17:09:37;5150;49,99;
17:09:40;5148;49,99;
17:09:43;5122;49,99;
17:09:46;5120;49,99;
17:09:49;5110;50,00;
17:09:52;5134;50,00;
17:09:55;5102;50,01;
17:10:01;5120;50,01;
17:10:04;5118;50,01;
17:10:07;5116;50,01;
17:10:10;5114;50,01;
17:10:13;5108;50,00;
17:10:19;5082;50,00;
17:10:22;5108;50,00;
17:10:25;5074;50,00;
17:10:28;5102;50,00;
17:10:31;5092;50,01;
17:10:34;5096;50,00;
17:10:37;5060;50,01;
17:10:40;5084;50,01;
17:10:43;5078;50,01;
17:10:49;5032;50,01;
17:10:52;5068;50,00;
17:10:55;5050;50,00;
17:10:58;5062;50,00;
17:11:01;5022;50,00;
17:11:07;5042;50,00;
17:11:10;5048;49,99;
17:11:13;5006;49,99;
17:11:16;5042;49,99;
17:11:19;5030;49,99;
17:11:22;5040;50,00;
17:11:28;5002;50,00;
17:11:31;5038;50,00;
17:11:34;5040;50,00;
17:11:37;5036;50,00;
17:11:40;5032;50,00;
17:11:43;5026;50,00;
17:11:46;5030;49,99;
17:11:58;5030;50,00;
17:12:04;5030;49,99;
17:12:10;5022;49,99;
17:12:13;5036;49,98;
17:12:16;5030;49,98;
17:12:19;5034;49,98;
17:12:22;5022;49,99;
17:12:25;5020;49,99;
17:12:28;5006;50,00;
17:12:31;5016;50,00;
17:12:34;5014;50,00;
17:12:37;5016;50,01;
17:12:40;5002;50,00;
17:12:43;5014;50,00;
17:12:46;4980;50,01;
17:12:49;4998;50,01;
17:12:52;4986;50,01;
17:12:58;4942;50,01;
17:13:01;4996;50,01;
17:13:04;4956;50,00;
17:13:07;4988;50,00;
17:13:10;4936;50,00;
17:13:13;4970;50,00;
17:13:19;4930;50,00;
17:13:22;4924;50,00;
17:13:25;4952;50,00;
17:13:28;4910;49,99;
17:13:31;4936;49,99;
17:13:34;4906;49,98;
17:13:37;4922;49,98;
17:13:40;4918;49,97;
17:13:43;4912;49,97;
17:13:46;4882;49,98;
17:13:49;4890;49,98;
17:13:52;4884;49,99;
17:13:55;4878;49,99;
17:13:58;4912;50,00;
17:14:04;4904;50,00;
17:14:07;4904;50,01;
17:14:10;4892;50,00;
17:14:13;4906;50,00;
17:14:16;4868;50,00;
17:14:19;4896;50,00;
17:14:22;4894;50,00;
17:14:25;4876;50,01;
17:14:28;4852;50,00;
17:14:31;4876;50,00;
17:14:34;4856;50,00;
17:14:37;4870;50,00;
17:14:40;4828;50,00;
17:14:43;4858;50,00;
17:14:46;4854;50,00;
17:14:49;4848;49,99;
17:14:52;4810;49,99;
17:14:55;4840;49,99;
17:14:58;4820;50,00;
17:15:01;4832;50,00;
17:15:04;4802;50,00;
17:15:10;4810;50,00;
17:15:13;4822;50,00;
17:15:16;4788;50,00;
17:15:19;4818;49,99;
17:15:22;4806;49,98;
17:15:25;4810;49,98;
17:15:28;4812;49,97;
17:15:31;4782;49,97;
17:15:34;4804;49,97;
17:15:37;4790;49,97;
17:15:40;4788;49,97;
17:15:43;4782;49,97;
17:15:46;4802;49,98;
17:15:49;4778;49,98;
17:15:52;4796;49,98;
17:15:55;4768;49,98;
17:15:58;4798;49,98;
17:16:01;4776;49,98;
17:16:04;4794;49,98;
17:16:07;4762;49,98;
17:16:10;4792;49,98;
17:16:13;4790;49,98;
17:16:16;4770;49,99;
17:16:19;4768;50,01;
17:16:22;4800;50,01;
17:16:25;4772;50,01;
17:16:28;4788;50,01;
17:16:31;4760;50,00;
17:16:34;4792;50,00;
17:16:37;4786;50,00;
17:16:40;4784;50,00;
17:16:43;4754;49,99;
17:16:46;4780;49,99;
17:16:49;4756;50,00;
17:16:52;4776;50,00;
17:16:55;4746;50,00;
17:17:01;4744;50,00;
17:17:04;4770;49,99;
17:17:07;4736;49,99;
17:17:10;4764;49,99;
17:17:13;4736;50,00;
17:17:16;4756;50,00;
17:17:22;4724;50,00;
17:17:25;4732;50,00;
17:17:28;4738;50,00;
17:17:31;4718;50,00;
17:17:34;4734;50,00;
17:17:37;4730;50,00;
17:17:40;4716;49,99;
17:17:43;4726;49,99;
17:17:46;4706;50,00;
17:17:49;4722;50,01;
17:17:52;4700;50,01;
17:17:55;4716;50,00;
17:17:58;4688;50,00;
17:18:01;4710;50,00;
17:18:07;4694;50,00;
17:18:10;4668;50,01;
17:18:13;4690;50,01;
17:18:16;4662;50,01;
17:18:19;4688;50,01;
17:18:22;4658;50,01;
17:18:25;4684;50,01;
17:18:31;4684;50,00;
17:18:34;4656;50,00;
17:18:37;4670;50,00;
17:18:40;4660;50,01;
17:18:43;4654;50,01;
17:18:46;4646;50,01;
17:18:49;4662;50,01;
17:18:52;4640;50,01;
17:18:55;4660;50,01;
17:18:58;4630;50,01;
17:19:01;4652;50,00;
17:19:04;4632;50,00;
17:19:07;4650;50,00;
17:19:13;4650;50,01;
17:19:16;4628;50,01;
17:19:19;4646;50,01;
17:19:22;4616;50,01;
17:19:25;4642;50,00;
17:19:28;4622;50,00;
17:19:31;4640;49,99;
17:19:34;4634;49,99;
17:19:40;4616;49,99;
17:19:43;4632;50,00;
17:19:46;4600;49,99;
17:19:49;4626;49,99;
17:19:52;4606;49,99;
17:19:55;4628;49,99;
17:19:58;4592;49,99;
17:20:01;4620;49,98;
17:20:04;4600;49,98;
17:20:07;4616;49,98;
17:20:10;4582;49,98;
17:20:13;4608;49,97;
17:20:19;4602;49,97;
17:20:22;4568;49,97;
17:20:25;4598;49,97;
17:20:28;4588;49,97;
17:20:31;4590;49,97;
17:20:34;4570;49,98;
17:20:37;4580;49,98;
17:20:40;4588;49,98;
17:20:43;4576;49,98;
17:20:46;4574;49,98;
17:20:49;4568;49,97;
17:20:52;4586;49,98;
17:20:55;4564;49,98;
17:20:58;4582;49,99;
17:21:04;4576;50,00;
17:21:07;4560;50,00;
17:21:10;4576;50,00;
17:21:13;4548;50,00;
17:21:16;4574;50,00;
17:21:19;4554;50,00;
17:21:22;4572;50,00;
17:21:25;4570;50,00;
17:21:28;4568;49,99;
17:21:31;4546;49,99;
17:21:34;4560;49,99;
17:21:37;4532;49,99;
17:21:40;4560;49,99;
17:21:43;4538;49,99;
17:21:46;4558;50,00;
17:21:49;4522;50,00;
17:21:52;4550;50,00;
17:21:55;4526;50,00;
17:21:58;4542;50,00;
17:22:01;4512;50,00;
17:22:04;4542;49,99;
17:22:10;4536;50,00;
17:22:13;4506;50,00;
17:22:16;4534;50,00;
17:22:19;4508;49,99;
17:22:22;4528;49,99;
17:22:25;4500;49,98;
17:22:28;4524;49,98;
17:22:31;4522;49,98;
17:22:34;4518;49,98;
17:22:37;4492;49,97;
17:22:40;4516;49,98;
17:22:43;4506;49,98;
17:22:46;4510;49,99;
17:22:49;4494;49,99;
17:22:52;4486;50,00;
17:22:55;4504;50,00;
17:22:58;4502;50,00;
17:23:01;4500;49,99;
17:23:04;4498;49,99;
17:23:07;4456;49,99;
17:23:10;4492;49,99;
17:23:16;4490;50,00;
17:23:19;4464;50,00;
17:23:22;4484;49,99;
17:23:25;4458;49,99;
17:23:28;4482;49,98;
17:23:31;4470;49,99;
17:23:34;4478;49,99;
17:23:40;4466;50,00;
17:23:43;4462;50,00;
17:23:46;4468;50,00;
17:23:49;4456;50,00;
17:23:52;4452;49,99;
17:23:55;4460;50,00;
17:23:58;4434;49,99;
17:24:01;4454;50,00;
17:24:04;4446;49,99;
17:24:07;4446;50,00;
17:24:10;4450;49,99;
17:24:13;4456;50,00;
17:24:16;4446;50,00;
17:24:22;4436;50,00;
17:24:25;4432;49,99;
17:24:28;4430;49,99;
17:24:31;4450;49,99;
17:24:34;4448;49,99;
17:24:40;4398;49,99;
17:24:43;4448;49,99;
17:24:46;4446;49,98;
17:24:49;4444;49,99;
17:24:52;4442;49,99;
17:24:55;4442;50,00;
17:24:58;4428;50,00;
17:25:01;4436;50,00;
17:25:07;4426;49,99;
17:25:10;4418;49,99;
17:25:13;4420;49,99;
17:25:16;4352;49,99;
17:25:19;4412;50,00;
17:25:22;4404;50,00;
17:25:25;4410;50,00;
17:25:28;4408;50,00;
17:25:34;4394;50,00;
17:25:37;4400;49,99;
17:25:40;4354;49,99;
17:25:43;4402;50,00;
17:25:49;4392;50,00;
17:25:52;4380;50,00;
17:25:55;4404;50,01;
17:26:01;4398;50,00;
17:26:04;4394;50,00;
17:26:07;4392;49,99;
17:26:13;4384;50,00;
17:26:16;4388;50,00;
17:26:19;4380;50,00;
17:26:22;4382;50,00;
17:26:25;4378;50,00;
17:26:28;4372;50,00;
17:26:31;4314;50,00;
17:26:34;4376;50,00;
17:26:37;4370;50,00;
17:26:46;4368;49,99;
17:26:49;4366;49,99;
17:26:52;4358;50,00;
17:26:55;4306;50,00;
17:26:58;4364;50,01;
17:27:01;4358;50,02;
17:27:04;4344;50,02;
17:27:07;4352;50,01;
17:27:10;4348;50,01;
17:27:13;4344;50,01;
17:27:19;4340;50,01;
17:27:22;4338;50,01;
17:27:25;4336;50,02;
17:27:31;4334;50,01;
17:27:37;4320;50,01;
17:27:40;4330;50,01;
17:27:49;4328;50,01;
17:27:55;4324;50,01;
17:27:58;4328;50,01;
17:28:01;4310;50,01;
17:28:04;4322;50,01;
17:28:07;4324;50,01;
17:28:13;4322;50,00;
17:28:16;4324;50,00;
17:28:25;4322;50,00;
17:28:28;4320;50,00;
17:28:31;4320;50,01;
17:28:34;4318;50,00;
17:28:37;4310;50,01;
17:28:40;4314;50,01;
17:28:43;4276;50,00;
17:28:46;4296;50,00;
17:28:49;4304;50,00;
17:28:52;4316;50,00;
17:28:55;4284;49,99;
17:28:58;4312;49,99;
17:29:01;4296;49,99;
17:29:04;4310;49,98;
17:29:10;4308;49,99;
17:29:13;4294;50,00;
17:29:16;4304;50,00;
17:29:19;4254;50,00;
17:29:22;4304;50,00;
17:29:25;4288;50,00;
17:29:31;4302;50,01;
17:29:34;4298;50,01;
17:29:37;4298;50,00;
17:29:40;4300;50,00;
17:29:43;4298;50,00;
17:29:46;4296;50,00;
17:29:49;4294;50,01;
17:29:52;4280;50,01;
17:29:55;4294;50,01;
17:29:58;4292;50,01;
17:30:04;4294;50,01;
17:30:07;4290;50,01;
17:30:10;4292;50,00;
17:30:16;4290;50,00;
17:30:19;4290;50,01;
17:30:22;4288;50,01;
17:30:25;4290;50,01;
17:30:28;4288;50,01;
17:30:31;4284;50,01;
17:30:34;4256;50,01;
17:30:37;4280;50,01;
17:30:40;4276;50,01;
17:30:43;4280;50,00;
17:30:46;4274;50,01;
17:30:52;4258;50,01;
17:30:55;4270;50,01;
17:30:58;4256;50,01;
17:31:01;4264;50,01;
17:31:04;4246;50,01;
17:31:07;4256;50,01;
17:31:10;4210;50,01;
17:31:13;4244;50,01;
17:31:16;4218;50,01;
17:31:22;4202;50,01;
17:31:25;4234;50,00;
17:31:28;4202;50,00;
17:31:31;4224;50,00;
17:31:34;4200;50,00;
17:31:37;4218;50,00;
17:31:40;4194;50,00;
17:31:43;4202;50,01;
17:31:46;4196;50,01;
17:31:49;4200;50,01;
17:31:52;4172;50,01;
17:31:55;4184;50,01;
17:31:58;4174;50,01;
17:32:04;4168;50,01;
17:32:07;4164;50,00;
17:32:10;4146;50,00;
17:32:13;4158;50,00;
17:32:16;4093;50,00;
17:32:19;4146;50,00;
17:32:22;4132;50,00;
17:32:28;4087;50,00;
17:32:31;4134;50,00;
17:32:34;4116;50,01;
17:32:37;4122;50,01;
17:32:40;4126;50,01;
17:32:43;4120;50,00;
17:32:46;4140;50,00;
17:32:49;4148;50,00;
17:32:52;4128;50,01;
17:32:55;4150;50,01;
17:32:58;4128;50,01;
17:33:01;4146;50,01;
17:33:04;4124;50,01;
17:33:07;4140;50,00;
17:33:10;4132;50,01;
17:33:13;4126;50,01;
17:33:16;4106;50,01;
17:33:19;4124;50,01;
17:33:22;4102;50,01;
17:33:25;4120;50,01;
17:33:28;4102;50,01;
17:33:34;4098;50,01;
17:33:37;4120;50,01;
17:33:40;4104;50,01;
17:33:43;4108;50,00;
17:33:46;4094;50,00;
17:33:49;4112;50,00;
17:33:55;4100;50,00;
17:33:58;4100;50,01;
17:34:01;4096;50,01;
17:34:04;4108;50,01;
17:34:07;4082;50,01;
17:34:10;4106;50,01;
17:34:13;4088;50,00;
17:34:19;4094;50,00;
17:34:22;4122;50,01;
17:34:25;4108;50,01;
17:34:28;4134;50,01;
17:34:31;4118;50,01;
17:34:34;4142;50,01;
17:34:37;4146;50,01;
17:34:40;4132;50,00;
17:34:43;4031;50,00;
17:34:46;3852;50,00;
17:34:49;3973;50,00;
17:34:52;4086;50,00;
17:34:55;4085;50,00;
17:34:58;4061;50,00;
17:35:01;4122;50,00;
17:35:04;4120;50,00;
17:35:07;4069;49,99;
17:35:10;4112;49,99;
17:35:13;4089;49,99;
17:35:16;4112;49,99;
17:35:19;4067;50,00;
17:35:25;4078;49,99;
17:35:28;4096;49,99;
17:35:31;4052;49,99;
17:35:34;4086;49,99;
17:35:37;4058;49,98;
17:35:40;4072;49,98;
17:35:43;4069;49,99;
17:35:46;4030;49,99;
17:35:49;4024;50,00;
17:35:52;4047;50,00;
17:35:55;4009;50,00;
17:35:58;4034;50,00;
17:36:01;3994;50,00;
17:36:04;4021;50,00;
17:36:07;4020;50,00;
17:36:10;4016;50,00;
17:36:13;3977;49,99;
17:36:16;4007;49,99;
17:36:19;3979;49,98;
17:36:22;3999;49,99;
17:36:25;3964;49,99;
17:36:31;3965;49,98;
17:36:34;3974;49,98;
17:36:37;3934;49,98;
17:36:40;3961;49,98;
17:36:43;3948;49,97;
17:36:46;3949;49,97;
17:36:49;3946;49,98;
17:36:52;3897;49,98;
17:36:55;3938;49,98;
17:36:58;3923;49,98;
17:37:01;3906;49,99;
17:37:04;3887;49,99;
17:37:07;3911;49,99;
17:37:10;3900;49,99;
17:37:13;3906;49,99;
17:37:16;3861;49,99;
17:37:19;3897;49,99;
17:37:22;3896;49,99;
17:37:25;3897;49,98;
17:37:28;3893;49,98;
17:37:31;3904;49,97;
17:37:37;3909;49,97;
17:37:40;3876;49,97;
17:37:43;3903;49,98;
17:37:46;3896;49,98;
17:37:49;3901;49,98;
17:37:52;3874;49,98;
17:37:55;3900;49,97;
17:37:58;3902;49,97;
17:38:01;3899;49,98;
17:38:04;3872;49,98;
17:38:07;3897;49,98;
17:38:10;3895;49,98;
17:38:13;3898;49,98;
17:38:16;3881;49,98;
17:38:19;3898;49,98;
17:38:22;3894;49,98;
17:38:25;3900;49,97;
17:38:28;3878;49,97;
17:38:31;3899;49,96;
17:38:34;3895;49,97;
17:38:37;3899;49,98;
17:38:40;3901;49,98;
17:38:43;3880;49,98;
17:38:46;3893;49,98;
17:38:49;3894;49,97;
17:38:52;3879;49,96;
17:38:55;3896;49,96;
17:38:58;3894;49,96;
17:39:01;3890;49,97;
17:39:04;3897;49,97;
17:39:07;3883;49,98;
17:39:10;3885;49,98;
17:39:13;3881;49,98;
17:39:16;3892;49,98;
17:39:19;3874;49,98;
17:39:22;3888;49,99;
17:39:28;3883;49,99;
17:39:31;3862;49,99;
17:39:34;3877;49,99;
17:39:37;3858;49,99;
17:39:40;3864;49,98;
17:39:43;3841;49,98;
17:39:46;3850;49,98;
17:39:49;3840;49,98;
17:39:52;3821;49,99;
17:39:55;3803;49,99;
17:39:58;3809;49,99;
17:40:01;3777;49,98;
17:40:04;3793;49,98;
17:40:07;3772;49,98;
17:40:10;3783;49,98;
17:40:13;3736;49,97;
17:40:16;3766;49,97;
17:40:19;3744;49,97;
17:40:22;3754;49,98;
17:40:25;3698;49,98;
17:40:28;3737;49,99;
17:40:34;3725;49,98;
17:40:37;3664;49,98;
17:40:40;3716;49,98;
17:40:43;3698;49,97;
17:40:46;3706;49,98;
17:40:49;3635;49,98;
17:40:52;3698;49,98;
17:40:55;3693;49,98;
17:40:58;3683;49,97;
17:41:01;3607;49,97;
17:41:04;3670;49,97;
17:41:07;3650;49,97;
17:41:10;3664;49,98;
17:41:13;3586;49,97;
17:41:16;3658;49,98;
17:41:19;3635;49,97;
17:41:22;3651;49,97;
17:41:25;3572;49,97;
17:41:28;3645;49,97;
17:41:31;3623;49,97;
17:41:34;3635;49,97;
17:41:40;3632;49,98;
17:41:43;3606;49,98;
17:41:46;3625;49,98;
17:41:49;3533;49,98;
17:41:52;3615;49,98;
17:41:55;3612;49,98;
17:41:58;3604;49,97;
17:42:01;3609;49,97;
17:42:04;3602;49,98;
17:42:07;3600;49,98;
17:42:10;3595;49,98;
17:42:13;3585;49,98;
17:42:16;3592;49,98;
17:42:19;3589;49,98;
17:42:22;3572;49,98;
17:42:25;3581;49,98;
17:42:28;3577;49,98;
17:42:31;3575;49,98;
17:42:34;3568;49,98;
17:42:37;3566;49,98;
17:42:40;3561;49,98;
17:42:46;3554;49,98;
17:42:49;3550;49,98;
17:42:52;3527;49,98;
17:42:55;3531;49,98;
17:42:58;3537;49,98;
17:43:01;3536;49,98;
17:43:04;3470;49,98;
17:43:07;3530;49,99;
17:43:10;3498;50,00;
17:43:13;3525;50,00;
17:43:16;3451;50,00;
17:43:19;3516;50,00;
17:43:22;3489;50,00;
17:43:25;3512;50,00;
17:43:31;3504;50,00;
17:43:34;3484;49,99;
17:43:37;3491;49,98;
17:43:40;3429;49,98;
17:43:43;3491;49,98;
17:43:46;3477;49,99;
17:43:49;3487;49,99;
17:43:52;3482;49,99;
17:43:55;3487;49,99;
17:43:58;3475;49,99;
17:44:01;3480;49,99;
17:44:04;3471;49,98;
17:44:07;3482;49,98;
17:44:10;3470;49,98;
17:44:13;3468;49,98;
17:44:16;3477;49,98;
17:44:19;3469;49,98;
17:44:22;3472;49,97;
17:44:25;3465;49,97;
17:44:28;3466;49,98;
17:44:31;3464;49,98;
17:44:37;3465;49,98;
17:44:40;3460;49,98;
17:44:43;3461;49,98;
17:44:46;3459;49,98;
17:44:49;3454;49,98;
17:44:52;3453;49,98;
17:44:55;3433;49,98;
17:44:58;3452;49,98;
17:45:01;3445;49,99;
17:45:04;3444;50,00;
17:45:07;3440;50,00;
17:45:10;3437;50,00;
17:45:13;3433;50,00;
17:45:16;3432;50,00;
17:45:19;3411;50,00;
17:45:22;3426;50,00;
17:45:25;3421;50,00;
17:45:28;3422;50,01;
17:45:31;3416;50,00;
17:45:34;3340;50,00;
17:45:37;3337;50,00;
17:45:43;3404;50,00;
17:45:46;3399;49,99;
17:45:49;3395;49,99;
17:45:52;3392;49,99;
17:45:55;3390;49,99;
17:46:01;3311;49,99;
17:46:04;3384;49,99;
17:46:07;3375;49,99;
17:46:10;3370;49,99;
17:46:13;3363;50,00;
17:46:16;3362;50,00;
17:46:19;3360;50,00;
17:46:25;3286;50,00;
17:46:28;3353;50,00;
17:46:31;3352;50,00;
17:46:34;3350;50,00;
17:46:37;3339;49,99;
17:46:40;3348;49,99;
17:46:43;3344;49,99;
17:46:49;3322;49,98;
17:46:52;3332;49,98;
17:46:55;3324;49,98;
17:46:58;3329;49,98;
17:47:01;3292;49,98;
17:47:04;3327;49,98;
17:47:07;3316;49,98;
17:47:10;3307;49,98;
17:47:13;3259;49,99;
17:47:16;3317;49,98;
17:47:19;3296;49,98;
17:47:22;3316;49,98;
17:47:25;3241;49,98;
17:47:28;3312;49,98;
17:47:31;3310;49,98;
17:47:34;3307;49,98;
17:47:37;3243;49,98;
17:47:40;3305;49,98;
17:47:43;3307;49,98;
17:47:46;3304;49,97;
17:47:49;3304;49,98;
17:47:52;3242;49,98;
17:47:55;3299;49,98;
17:47:58;3294;50,00;
17:48:01;3295;50,00;
17:48:04;3292;50,00;
17:48:07;3291;50,00;
17:48:10;3286;50,00;
17:48:13;3288;50,00;
17:48:16;3231;50,00;
17:48:19;3282;50,00;
17:48:22;3276;50,00;
17:48:28;3270;49,99;
17:48:31;3265;49,99;
17:48:34;3262;49,98;
17:48:40;3251;49,98;
17:48:46;3242;49,98;
17:48:49;3245;49,98;
17:48:52;3236;49,98;
17:48:55;3240;49,98;
17:48:58;3230;49,98;
17:49:01;3232;49,99;
17:49:04;3228;50,00;
17:49:07;3231;50,00;
17:49:10;3214;50,00;
17:49:13;3223;50,00;
17:49:16;3202;49,99;
17:49:19;3216;49,99;
17:49:25;3212;49,98;
17:49:28;3166;49,98;
17:49:31;3204;49,98;
17:49:34;3184;49,97;
17:49:37;3197;49,97;
17:49:40;3156;49,97;
17:49:46;3177;49,97;
17:49:49;3192;49,98;
17:49:52;3191;49,99;
17:49:55;3190;49,99;
17:49:58;3181;49,99;
17:50:01;3187;49,99;
17:50:04;3160;49,99;
17:50:07;3181;49,99;
17:50:10;3170;49,98;
17:50:13;3184;49,98;
17:50:16;3157;49,97;
17:50:19;3179;49,97;
17:50:22;3159;49,97;
17:50:25;3177;49,96;
17:50:31;3174;49,96;
17:50:34;3155;49,96;
17:50:37;3171;49,96;
17:50:40;3129;49,98;
17:50:43;3168;49,98;
17:50:46;3147;49,99;
17:50:52;3118;49,98;
17:50:55;3160;49,98;
17:50:58;3137;49,97;
17:51:01;3153;49,97;
17:51:04;3106;49,97;
17:51:07;3145;49,96;
17:51:10;3144;49,97;
17:51:13;3122;49,97;
17:51:16;3094;49,98;
17:51:19;3136;49,98;
17:51:22;3113;49,98;
17:51:25;3129;49,98;
17:51:28;3079;49,98;
17:51:31;3126;49,98;
17:51:34;3123;49,98;
17:51:37;3122;49,98;
17:51:40;3060;49,98;
17:51:43;3114;49,98;
17:51:46;3093;49,98;
17:51:49;3106;49,98;
17:51:52;3046;49,98;
17:51:58;3087;49,98;
17:52:04;3050;49,99;
17:52:07;3069;49,99;
17:52:10;3079;49,99;
17:52:13;3072;50,00;
17:52:16;3080;50,00;
17:52:19;3061;50,00;
17:52:22;3075;50,00;
17:52:25;3061;50,00;
17:52:28;3070;50,00;
17:52:31;3031;50,00;
17:52:34;3068;50,00;
17:52:37;3074;50,00;
17:52:43;2957;49,98;
17:52:46;3069;49,98;
17:52:49;3063;49,98;
17:52:52;3062;49,98;
17:52:55;2942;49,99;
17:52:58;3058;49,99;
17:53:01;3056;49,99;
17:53:04;3054;49,99;
17:53:07;2933;49,99;
17:53:10;3047;50,00;
17:53:13;3034;50,00;
17:53:16;3033;50,00;
17:53:19;2926;49,99;
17:53:22;3021;49,99;
17:53:25;3015;49,99;
17:53:28;3010;49,99;
17:53:31;2962;49,98;
17:53:34;3006;49,98;
17:53:37;3003;49,98;
17:53:40;3006;49,97;
17:53:43;2939;49,98;
17:53:49;2999;49,98;
17:53:52;3002;49,98;
17:53:55;2971;49,99;
17:53:58;3000;50,00;
17:54:01;2987;50,00;
17:54:04;3000;50,00;
17:54:07;2988;50,00;
17:54:10;2938;50,00;
17:54:13;2988;50,00;
17:54:16;2976;50,00;
17:54:19;2958;49,99;
17:54:22;2915;49,99;
17:54:25;2968;49,99;
17:54:28;2974;49,99;
17:54:31;2972;49,99;
17:54:34;2969;50,00;
17:54:37;2961;49,99;
17:54:40;2968;49,99;
17:54:43;2921;49,99;
17:54:46;2966;49,99;
17:54:49;2952;49,99;
17:54:55;2926;49,99;
17:54:58;2960;49,99;
17:55:01;2942;50,00;
17:55:04;2949;49,99;
17:55:07;2934;49,98;
17:55:10;2945;49,98;
17:55:13;2954;49,98;
17:55:16;2943;49,98;
17:55:19;2941;49,98;
17:55:22;2940;49,98;
17:55:25;2938;49,98;
17:55:28;2912;49,98;
17:55:31;2945;49,98;
17:55:34;2942;49,98;
17:55:37;2944;49,98;
17:55:40;2898;49,99;
17:55:43;2939;50,00;
17:55:46;2940;50,00;
17:55:49;2946;50,00;
17:55:52;2911;50,00;
17:55:55;2944;50,00;
17:56:04;2910;50,01;
17:56:07;2939;50,00;
17:56:10;2863;50,00;
17:56:13;2932;50,00;
17:56:16;2902;49,99;
17:56:19;2929;49,98;
17:56:22;2930;49,98;
17:56:28;2903;49,98;
17:56:31;2926;49,98;
17:56:34;2862;49,98;
17:56:37;2926;49,98;
17:56:40;2897;49,97;
17:56:46;2859;49,97;
17:56:49;2906;49,97;
17:56:52;2891;49,98;
17:56:55;2911;49,98;
17:56:58;2852;49,99;
17:57:01;2892;49,99;
17:57:04;2901;50,00;
17:57:07;2869;50,00;
17:57:10;2857;49,99;
17:57:13;2860;49,99;
17:57:16;2864;50,00;
17:57:19;2869;49,99;
17:57:22;2872;49,99;
17:57:25;2822;49,99;
17:57:28;2875;49,99;
17:57:31;2834;49,99;
17:57:34;2864;49,99;
17:57:37;2797;49,99;
17:57:40;2857;50,00;
17:57:43;2809;50,00;
17:57:46;2851;50,00;
17:57:52;2849;50,01;
17:57:55;2833;50,01;
17:57:58;2845;50,01;
17:58:01;2774;50,01;
17:58:04;2840;50,01;
17:58:07;2825;50,01;
17:58:10;2834;50,01;
17:58:13;2829;50,00;
17:58:16;2826;50,00;
17:58:19;2816;50,01;
17:58:22;2826;50,01;
17:58:25;2750;50,01;
17:58:28;2815;50,00;
17:58:31;2802;50,00;
17:58:34;2812;50,01;
17:58:37;2799;50,01;
17:58:40;2804;50,01;
17:58:43;2792;50,01;
17:58:46;2800;50,01;
17:58:49;2752;50,01;
17:58:52;2793;50,00;
17:58:58;2793;50,01;
17:59:01;2782;50,01;
17:59:04;2780;50,01;
17:59:07;2727;50,02;
17:59:10;2778;50,02;
17:59:13;2773;50,02;
17:59:16;2775;50,01;
17:59:22;2768;50,01;
17:59:25;2760;50,01;
17:59:28;2763;50,01;
17:59:31;2748;50,01;
17:59:34;2758;50,01;
17:59:37;2750;50,01;
17:59:40;2755;50,01;
17:59:43;2740;50,01;
17:59:46;2747;50,01;
17:59:49;2739;50,00;
17:59:52;2743;50,00;
17:59:55;2726;50,00;
17:59:58;2737;50,01;
18:00:04;2729;50,01;
18:00:07;2679;50,01;
18:00:10;2724;50,01;
18:00:13;2703;50,00;
18:00:16;2724;50,00;
18:00:19;2690;50,01;
18:00:22;2692;50,01;
18:00:25;2716;50,01;
18:00:28;2712;50,01;
18:00:31;2703;50,01;
18:00:34;2706;50,02;
18:00:37;2707;50,02;
18:00:40;2705;50,03;
18:00:43;2706;50,03;
18:00:46;2657;50,03;
18:00:49;2702;50,03;
18:00:52;2699;50,03;
18:00:55;2700;50,03;
18:01:01;2696;50,03;
18:01:04;2693;50,03;
18:01:10;2692;50,03;
18:01:16;2691;50,04;
18:01:19;2689;50,04;
18:01:22;2648;50,05;
18:01:25;2685;50,05;
18:01:28;2678;50,05;
18:01:31;2685;50,05;
18:01:34;2643;50,05;
18:01:37;2681;50,05;
18:01:40;2671;50,05;
18:01:43;2679;50,05;
18:01:46;2638;50,05;
18:01:49;2673;50,05;
18:01:55;2671;50,05;
18:01:58;2634;50,05;
18:02:01;2666;50,05;
18:02:04;2657;50,05;
18:02:07;2663;50,05;
18:02:10;2626;50,05;
18:02:13;2648;50,05;
18:02:16;2657;50,05;
18:02:19;2652;50,04;
18:02:22;2633;50,04;
18:02:25;2652;50,04;
18:02:28;2647;50,04;
18:02:31;2645;50,04;
18:02:34;2637;50,04;
18:02:37;2614;50,03;
18:02:40;2574;50,03;
18:02:43;2639;50,04;
18:02:46;2602;50,05;
18:02:49;2631;50,06;
18:02:52;2576;50,05;
18:02:55;2627;50,05;
18:03:01;2618;50,05;
18:03:04;2573;50,05;
18:03:07;2608;50,05;
18:03:10;2576;50,05;
18:03:13;2595;50,05;
18:03:16;2586;50,05;
18:03:19;2578;50,05;
18:03:22;2579;50,05;
18:03:25;2569;50,05;
18:03:28;2567;50,04;
18:03:31;2557;50,04;
18:03:34;2548;50,04;
18:03:37;2544;50,05;
18:03:40;2543;50,05;
18:03:43;2496;50,05;
18:03:46;2547;50,05;
18:03:49;2546;50,04;
18:03:52;2551;50,05;
18:03:55;2543;50,05;
18:04:01;2541;50,05;
18:04:07;2536;50,05;
18:04:10;2537;50,05;
18:04:13;2534;50,05;
18:04:19;2531;50,05;
18:04:22;2528;50,05;
18:04:25;2517;50,05;
18:04:28;2525;50,05;
18:04:31;2523;50,05;
18:04:34;2522;50,05;
18:04:37;2517;50,05;
18:04:40;2521;50,05;
18:04:43;2515;50,05;
18:04:46;2516;50,05;
18:04:49;2505;50,05;
18:04:52;2512;50,05;
18:04:55;2510;50,05;
18:04:58;2507;50,05;
18:05:01;2504;50,05;
18:05:07;2489;50,05;
18:05:13;2496;50,05;
18:05:16;2488;50,04;
18:05:19;2470;50,04;
18:05:22;2486;50,04;
18:05:25;2481;50,04;
18:05:28;2485;50,04;
18:05:31;2465;50,04;
18:05:34;2448;50,03;
18:05:37;2476;50,04;
18:05:40;2479;50,04;
18:05:43;2460;50,04;
18:05:46;2472;50,04;
18:05:49;2470;50,04;
18:05:52;2465;50,04;
18:05:58;2463;50,03;
18:06:01;2460;50,04;
18:06:04;2457;50,04;
18:06:07;2405;50,04;
18:06:10;2453;50,04;
18:06:13;2442;50,05;
18:06:16;2449;50,05;
18:06:19;2442;50,04;
18:06:22;2441;50,03;
18:06:25;2438;50,03;
18:06:28;2437;50,03;
18:06:31;2410;50,03;
18:06:34;2433;50,02;
18:06:37;2435;50,02;
18:06:40;2425;50,02;
18:06:43;2428;50,03;
18:06:46;2424;50,03;
18:06:52;2418;50,04;
18:06:58;2416;50,03;
18:07:04;2413;50,03;
18:07:07;2411;50,04;
18:07:10;2410;50,04;
18:07:13;2409;50,04;
18:07:16;2408;50,03;
18:07:22;2349;50,03;
18:07:25;2407;50,03;
18:07:28;2397;50,03;
18:07:31;2404;50,03;
18:07:34;2401;50,03;
18:07:40;2401;50,04;
18:07:43;2400;50,04;
18:07:46;2346;50,05;
18:07:49;2397;50,05;
18:07:52;2393;50,04;
18:07:55;2392;50,04;
18:07:58;2362;50,04;
18:08:01;2377;50,04;
18:08:04;2389;50,04;
18:08:10;2352;50,04;
18:08:13;2381;50,04;
18:08:16;2376;50,03;
18:08:19;2382;50,03;
18:08:25;2379;50,03;
18:08:28;2375;50,03;
18:08:31;2366;50,03;
18:08:34;2359;50,03;
18:08:37;2366;50,03;
18:08:40;2353;50,03;
18:08:43;2361;50,03;
18:08:46;2343;50,03;
18:08:49;2356;50,03;
18:08:52;2352;50,03;
18:08:55;2349;50,02;
18:08:58;2331;50,02;
18:09:01;2344;50,02;
18:09:04;2337;50,02;
18:09:07;2338;50,03;
18:09:10;2323;50,03;
18:09:16;2328;50,02;
18:09:19;2327;50,02;
18:09:22;2274;50,02;
18:09:25;2326;50,02;
18:09:28;2319;50,03;
18:09:31;2322;50,02;
18:09:34;2313;50,02;
18:09:37;2273;50,02;
18:09:40;2310;50,02;
18:09:43;2312;50,02;
18:09:46;2248;50,02;
18:09:49;2310;50,02;
18:09:52;2303;50,02;
18:09:55;2308;50,02;
18:09:58;2307;50,02;
18:10:01;2305;50,02;
18:10:04;2298;50,03;
18:10:07;2301;50,03;
18:10:10;2290;50,02;
18:10:13;2300;50,02;
18:10:16;2293;50,02;
18:10:22;2296;50,02;
18:10:25;2293;50,02;
18:10:28;2292;50,01;
18:10:31;2288;50,01;
18:10:34;2287;50,01;
18:10:37;2281;50,01;
18:10:40;2284;50,01;
18:10:43;2273;50,01;
18:10:46;2274;50,01;
18:10:49;2267;50,01;
18:10:52;2269;50,01;
18:10:55;2262;50,01;
18:10:58;2267;50,01;
18:11:01;2262;50,01;
18:11:07;2261;50,01;
18:11:10;2262;50,01;
18:11:13;2261;50,01;
18:11:16;2262;50,01;
18:11:19;2256;50,00;
18:11:22;2257;50,01;
18:11:25;2231;50,01;
18:11:28;2245;50,01;
18:11:31;2247;50,01;
18:11:34;2253;50,01;
18:11:37;2239;50,00;
18:11:40;2247;50,00;
18:11:43;2241;50,00;
18:11:46;2244;50,00;
18:11:49;2241;50,01;
18:11:52;2239;50,01;
18:11:55;2230;50,01;
18:11:58;2234;50,01;
18:12:01;2222;50,01;
18:12:04;2229;50,01;
18:12:07;2217;50,01;
18:12:13;2209;50,01;
18:12:16;2214;50,01;
18:12:19;2200;50,01;
18:12:22;2205;50,01;
18:12:25;2199;50,01;
18:12:28;2202;50,01;
18:12:31;2197;50,00;
18:12:34;2182;50,00;
18:12:37;2185;50,00;
18:12:40;2184;50,00;
18:12:43;2188;50,00;
18:12:46;2179;50,00;
18:12:49;2192;50,00;
18:12:52;2183;50,00;
18:12:55;2187;50,01;
18:12:58;2187;50,00;
18:13:01;2167;50,00;
18:13:04;2183;50,00;
18:13:07;2169;50,00;
18:13:10;2175;50,00;
18:13:13;2157;50,00;
18:13:19;2155;50,00;
18:13:22;2160;50,00;
18:13:25;2144;50,00;
18:13:28;2158;50,00;
18:13:31;2153;50,00;
18:13:34;2147;50,00;
18:13:37;2156;50,00;
18:13:40;2143;50,00;
18:13:43;2152;50,00;
18:13:46;2137;50,00;
18:13:49;2114;49,99;
18:13:52;2138;49,98;
18:13:55;2128;49,98;
18:13:58;2136;49,98;
18:14:01;2137;49,98;
18:14:04;2131;49,99;
18:14:07;2123;49,99;
18:14:10;2128;49,99;
18:14:13;2109;50,00;
18:14:16;2124;50,00;
18:14:19;2117;50,00;
18:14:25;2101;50,00;
18:14:28;2114;50,00;
18:14:31;2109;50,00;
18:14:34;2103;50,00;
18:14:37;2101;50,00;
18:14:40;2100;49,99;
18:14:43;2107;49,99;
18:14:46;2106;50,00;
18:14:49;2101;49,99;
18:14:52;2083;50,00;
18:14:55;2099;50,00;
18:14:58;2087;50,00;
18:15:01;2094;50,00;
18:15:04;2043;50,00;
18:15:10;2080;50,01;
18:15:13;2087;50,00;
18:15:16;2035;50,01;
18:15:19;2083;50,01;
18:15:22;2069;50,01;
18:15:25;2079;50,01;
18:15:28;2076;50,01;
18:15:31;2031;50,01;
18:15:34;2064;50,01;
18:15:37;2070;50,00;
18:15:40;2024;50,00;
18:15:43;2066;50,00;
18:15:46;2052;50,01;
18:15:49;2062;50,01;
18:15:55;2056;50,01;
18:15:58;2044;50,01;
18:16:01;2051;50,00;
18:16:04;2010;50,00;
18:16:07;2038;50,00;
18:16:10;2034;50,00;
18:16:16;2027;50,00;
18:16:19;2036;50,00;
18:16:22;2031;49,99;
18:16:25;2024;49,99;
18:16:28;2017;49,98;
18:16:31;2026;49,99;
18:16:34;2024;49,99;
18:16:40;2014;49,99;
18:16:43;2021;49,98;
18:16:46;2020;49,98;
18:16:49;2007;49,98;
18:16:52;2017;49,98;
18:16:55;2009;49,98;
18:16:58;2017;49,98;
18:17:01;2008;49,99;
18:17:04;2015;49,99;
18:17:07;2013;49,99;
18:17:10;2014;49,99;
18:17:13;1991;49,99;
18:17:16;2013;49,99;
18:17:22;2016;50,00;
18:17:25;1984;50,00;
18:17:28;2015;50,00;
18:17:31;2007;49,99;
18:17:34;2009;49,99;
18:17:37;1977;49,98;
18:17:40;2005;49,98;
18:17:43;2003;49,98;
18:17:46;1997;49,97;
18:17:49;1969;49,97;
18:17:52;1995;49,98;
18:17:55;1984;49,98;
18:17:58;1992;49,98;
18:18:01;1975;49,98;
18:18:04;1987;49,99;
18:18:07;1980;50,00;
18:18:10;1990;50,01;
18:18:13;1978;50,01;
18:18:16;1986;50,01;
18:18:19;1980;50,01;
18:18:22;1983;50,01;
18:18:28;1981;50,00;
18:18:31;1974;50,00;
18:18:34;1980;50,00;
18:18:37;1966;50,00;
18:18:40;1978;50,00;
18:18:43;1972;50,01;
18:18:46;1976;50,01;
18:18:49;1974;50,01;
18:18:52;1970;50,01;
18:18:55;1962;50,01;
18:18:58;1964;50,00;
18:19:01;1946;50,00;
18:19:04;1958;50,00;
18:19:07;1955;50,00;
18:19:10;1953;50,00;
18:19:13;1938;50,00;
18:19:16;1947;49,99;
18:19:19;1939;49,99;
18:19:22;1942;49,99;
18:19:25;1923;49,99;
18:19:28;1936;49,99;
18:19:34;1930;49,99;
18:19:37;1915;49,99;
18:19:40;1918;49,99;
18:19:43;1909;49,98;
18:19:46;1911;49,98;
18:19:49;1901;49,98;
18:19:52;1878;49,98;
18:19:55;1904;49,98;
18:19:58;1895;49,98;
18:20:01;1891;49,99;
18:20:04;1864;49,99;
18:20:07;1891;50,00;
18:20:10;1892;50,00;
18:20:13;1892;49,99;
18:20:19;1893;49,98;
18:20:22;1890;49,98;
18:20:25;1891;49,98;
18:20:28;1887;49,98;
18:20:31;1896;49,98;
18:20:34;1889;49,98;
18:20:37;1891;49,98;
18:20:40;1887;49,98;
18:20:43;1882;49,98;
18:20:46;1875;49,98;
18:20:49;1878;49,98;
18:20:52;1859;49,99;
18:20:55;1874;50,00;
18:20:58;1867;50,00;
18:21:01;1870;50,00;
18:21:04;1854;50,00;
18:21:07;1866;49,99;
18:21:10;1859;49,99;
18:21:13;1862;49,98;
18:21:16;1849;49,98;
18:21:19;1861;49,98;
18:21:25;1857;49,98;
18:21:28;1841;49,98;
18:21:31;1855;49,98;
18:21:34;1851;49,97;
18:21:37;1832;49,97;
18:21:40;1829;49,97;
18:21:43;1821;49,97;
18:21:46;1841;49,97;
18:21:49;1843;49,99;
18:21:52;1837;49,99;
18:21:55;1840;50,00;
18:21:58;1840;49,99;
18:22:01;1834;49,99;
18:22:04;1831;49,99;
18:22:07;1817;49,99;
18:22:10;1829;49,98;
18:22:13;1824;49,98;
18:22:16;1823;49,97;
18:22:19;1818;49,97;
18:22:22;1814;49,97;
18:22:25;1814;49,96;
18:22:31;1809;49,97;
18:22:34;1807;49,97;
18:22:37;1805;49,98;
18:22:40;1803;49,98;
18:22:43;1798;49,99;
18:22:49;1786;49,99;
18:22:52;1792;49,99;
18:22:55;1785;49,99;
18:23:01;1780;49,99;
18:23:04;1779;49,99;
18:23:07;1776;49,99;
18:23:10;1776;49,98;
18:23:13;1772;49,98;
18:23:16;1773;49,98;
18:23:19;1773;49,97;
18:23:22;1772;49,97;
18:23:25;1771;49,97;
18:23:28;1770;49,97;
18:23:31;1769;49,97;
18:23:37;1767;49,97;
18:23:40;1765;49,97;
18:23:43;1761;49,97;
18:23:46;1764;49,97;
18:23:49;1761;49,97;
18:23:55;1744;49,97;
18:23:58;1756;49,98;
18:24:01;1757;49,98;
18:24:04;1759;49,98;
18:24:07;1734;49,98;
18:24:10;1756;49,97;
18:24:13;1746;49,96;
18:24:16;1753;49,96;
18:24:22;1751;49,97;
18:24:25;1745;49,97;
18:24:28;1747;49,96;
18:24:31;1733;49,96;
18:24:34;1746;49,96;
18:24:37;1748;49,96;
18:24:40;1739;49,96;
18:24:43;1745;49,96;
18:24:46;1742;49,96;
18:24:49;1741;49,96;
18:24:52;1738;49,96;
18:24:55;1732;49,96;
18:24:58;1734;49,97;
18:25:01;1732;49,97;
18:25:04;1728;49,97;
18:25:07;1728;49,96;
18:25:10;1724;49,96;
18:25:13;1723;49,96;
18:25:16;1720;49,96;
18:25:19;1725;49,96;
18:25:22;1720;49,96;
18:25:28;1717;49,96;
18:25:34;1714;49,96;
18:25:37;1713;49,96;
18:25:40;1711;49,96;
18:25:43;1710;49,96;
18:25:46;1682;49,96;
18:25:49;1705;49,97;
18:25:52;1704;49,97;
18:25:55;1702;49,97;
18:25:58;1697;49,96;
18:26:01;1698;49,96;
18:26:04;1697;49,97;
18:26:07;1694;49,97;
18:26:10;1673;49,97;
18:26:13;1691;49,97;
18:26:16;1690;49,97;
18:26:19;1688;49,97;
18:26:22;1683;49,97;
18:26:25;1684;49,97;
18:26:28;1679;49,97;
18:26:34;1673;49,96;
18:26:37;1667;49,96;
18:26:40;1664;49,97;
18:26:43;1666;49,97;
18:26:46;1656;49,97;
18:26:49;1660;49,97;
18:26:52;1651;49,96;
18:26:58;1644;49,96;
18:27:01;1643;49,96;
18:27:04;1641;49,97;
18:27:07;1642;49,97;
18:27:10;1627;49,97;
18:27:13;1638;49,97;
18:27:16;1634;49,96;
18:27:19;1632;49,96;
18:27:22;1618;49,96;
18:27:25;1626;49,96;
18:27:28;1625;49,95;
18:27:31;1623;49,95;
18:27:34;1622;49,96;
18:27:40;1613;49,96;
18:27:43;1621;49,96;
18:27:46;1617;49,96;
18:27:49;1619;49,96;
18:27:52;1610;49,96;
18:27:55;1616;49,96;
18:27:58;1617;49,96;
18:28:01;1608;49,96;
18:28:04;1598;49,97;
18:28:07;1611;49,97;
18:28:10;1603;49,98;
18:28:13;1607;49,98;
18:28:16;1594;49,99;
18:28:19;1601;49,99;
18:28:25;1599;49,98;
18:28:28;1594;49,98;
18:28:31;1593;49,97;
18:28:34;1594;49,96;
18:28:37;1591;49,96;
18:28:40;1589;49,96;
18:28:43;1572;49,96;
18:28:46;1585;49,96;
18:28:49;1582;49,96;
18:28:52;1580;49,96;
18:28:55;1576;49,97;
18:28:58;1574;49,98;
18:29:01;1573;49,98;
18:29:04;1571;49,98;
18:29:07;1557;49,98;
18:29:10;1566;49,97;
18:29:13;1564;49,97;
18:29:16;1563;49,96;
18:29:19;1559;49,96;
18:29:25;1555;49,97;
18:29:31;1548;49,97;
18:29:34;1548;49,98;
18:29:37;1539;49,98;
18:29:40;1544;49,97;
18:29:43;1538;49,97;
18:29:46;1542;49,97;
18:29:49;1540;49,96;
18:29:52;1531;49,96;
18:29:55;1525;49,98;
18:29:58;1533;49,99;
18:30:01;1524;49,99;
18:30:04;1528;49,99;
18:30:07;1510;50,00;
18:30:10;1523;50,00;
18:30:13;1522;50,00;
18:30:16;1518;50,00;
18:30:19;1504;50,00;
18:30:22;1512;50,00;
18:30:25;1507;50,00;
18:30:28;1508;50,00;
18:30:31;1496;49,99;
18:30:37;1495;50,00;
18:30:40;1499;50,00;
18:30:43;1461;50,00;
18:30:46;1483;50,00;
18:30:49;1485;50,00;
18:30:52;1492;50,00;
18:30:55;1492;50,01;
18:30:58;1484;50,00;
18:31:01;1481;50,00;
18:31:04;1485;50,00;
18:31:07;1477;50,01;
18:31:10;1484;50,01;
18:31:13;1478;50,01;
18:31:16;1475;50,01;
18:31:19;1474;50,01;
18:31:22;1468;50,01;
18:31:25;1438;50,01;
18:31:28;1466;50,01;
18:31:31;1458;50,01;
18:31:34;1460;50,01;
18:31:37;1457;50,01;
18:31:43;1448;50,00;
18:31:46;1452;50,00;
18:31:49;1451;50,00;
18:31:52;1447;50,00;
18:31:55;1444;50,00;
18:31:58;1446;49,99;
18:32:01;1450;49,99;
18:32:04;1452;50,00;
18:32:07;1448;50,00;
18:32:10;1434;49,99;
18:32:13;1444;50,00;
18:32:16;1439;50,00;
18:32:19;1441;50,01;
18:32:22;1426;50,00;
18:32:25;1437;50,00;
18:32:28;1432;49,99;
18:32:31;1417;49,99;
18:32:34;1369;49,99;
18:32:37;1395;49,99;
18:32:40;1396;49,99;
18:32:43;1393;49,99;
18:32:49;1397;49,99;
18:32:52;1395;50,00;
18:32:55;1402;50,00;
18:32:58;1393;50,00;
18:33:01;1398;50,01;
18:33:04;1383;50,01;
18:33:07;1388;50,01;
18:33:13;1384;50,00;
18:33:16;1367;50,00;
18:33:19;1381;50,00;
18:33:22;1378;50,00;
18:33:25;1377;50,00;
18:33:28;1359;50,00;
18:33:34;1370;50,00;
18:33:37;1368;50,00;
18:33:40;1347;50,00;
18:33:43;1361;50,00;
18:33:46;1359;50,00;
18:33:49;1356;50,00;
18:33:52;1357;50,00;
18:33:55;1356;50,00;
18:33:58;1346;50,00;
18:34:01;1352;50,01;
18:34:04;1350;50,01;
18:34:07;1349;50,01;
18:34:10;1337;50,01;
18:34:13;1344;50,01;
18:34:16;1339;50,01;
18:34:19;1338;50,00;
18:34:22;1325;50,00;
18:34:25;1330;50,00;
18:34:28;1329;50,00;
18:34:34;1319;50,00;
18:34:40;1325;50,00;
18:34:43;1320;50,00;
18:34:46;1310;50,00;
18:34:49;1321;50,00;
18:34:52;1319;50,00;
18:34:55;1310;50,01;
18:34:58;1312;50,01;
18:35:01;1302;50,00;
18:35:04;1308;50,01;
18:35:07;1300;50,01;
18:35:10;1303;50,01;
18:35:13;1286;50,01;
18:35:16;1298;50,01;
18:35:19;1297;50,00;
18:35:22;1295;50,00;
18:35:25;1278;49,99;
18:35:28;1287;49,99;
18:35:31;1286;49,99;
18:35:34;1281;49,99;
18:35:37;1266;49,99;
18:35:40;1276;49,99;
18:35:49;1266;49,99;
18:35:52;1273;49,99;
18:35:55;1263;49,99;
18:35:58;1269;49,99;
18:36:01;1261;49,99;
18:36:07;1262;49,98;
18:36:10;1254;49,98;
18:36:13;1239;49,98;
18:36:16;1250;49,98;
18:36:19;1247;49,98;
18:36:22;1244;49,99;
18:36:25;1229;49,98;
18:36:28;1239;49,98;
18:36:31;1245;49,99;
18:36:34;1241;49,99;
18:36:37;1236;49,99;
18:36:40;1240;49,98;
18:36:43;1229;49,98;
18:36:46;1237;49,98;
18:36:52;1233;49,98;
18:36:55;1224;49,97;
18:36:58;1224;49,98;
18:37:01;1210;49,98;
18:37:04;1221;49,99;
18:37:07;1218;50,00;
18:37:10;1217;50,00;
18:37:13;1216;50,00;
18:37:16;1212;50,00;
18:37:19;1207;50,00;
18:37:25;1200;50,00;
18:37:28;1208;50,00;
18:37:31;1188;50,00;
18:37:40;1190;49,99;
18:37:43;1173;49,98;
18:37:46;1178;49,98;
18:37:49;1172;49,98;
18:37:52;1171;49,97;
18:37:55;1173;49,98;
18:37:58;1172;49,98;
18:38:01;1163;49,98;
18:38:04;1169;49,98;
18:38:07;1156;49,98;
18:38:10;1150;49,98;
18:38:13;1157;49,98;
18:38:16;1156;49,98;
18:38:19;1155;49,98;
18:38:22;1138;49,97;
18:38:25;1147;49,97;
18:38:28;1145;49,97;
18:38:31;1146;49,97;
18:38:34;1142;49,97;
18:38:37;1141;49,97;
18:38:43;1136;49,97;
18:38:46;1132;49,98;
18:38:49;1136;49,97;
18:38:52;1124;49,97;
18:38:55;1131;49,97;
18:38:58;1124;49,96;
18:39:01;1123;49,96;
18:39:04;1132;49,96;
18:39:07;1127;49,97;
18:39:10;1121;49,97;
18:39:13;1124;49,97;
18:39:16;1112;49,97;
18:39:19;1117;49,96;
18:39:25;1115;49,96;
18:39:28;1117;49,96;
18:39:34;1097;49,96;
18:39:37;1113;49,96;
18:39:40;1110;49,96;
18:39:43;1112;49,96;
18:39:49;1111;49,96;
18:39:52;1106;49,96;
18:39:55;1107;49,96;
18:39:58;1097;49,96;
18:40:01;1109;49,97;
18:40:04;1108;49,97;
18:40:07;1101;49,97;
18:40:10;1109;49,97;
18:40:13;1107;49,97;
18:40:16;1104;49,96;
18:40:19;1101;49,97;
18:40:22;1100;49,97;
18:40:25;1099;49,97;
18:40:34;1096;49,96;
18:40:37;1094;49,96;
18:40:40;1093;49,96;
18:40:43;1089;49,96;
18:40:46;1088;49,96;
18:40:49;1085;49,96;
18:40:55;1080;49,97;
18:41:01;1079;49,98;
18:41:04;1075;49,98;
18:41:07;1069;49,98;
18:41:10;1071;49,98;
18:41:13;1069;49,98;
18:41:19;1065;49,97;
18:41:22;1063;49,96;
18:41:25;1061;49,95;
18:41:31;1053;49,95;
18:41:34;1059;49,96;
18:41:37;1052;49,96;
18:41:40;1053;49,96;
18:41:43;1048;49,96;
18:41:46;1043;49,96;
18:41:49;1043;49,97;
18:41:52;1038;49,97;
18:41:55;1031;49,97;
18:42:01;1028;49,96;
18:42:04;1033;49,96;
18:42:07;1029;49,96;
18:42:10;1030;49,96;
18:42:13;1020;49,96;
18:42:16;1027;49,96;
18:42:19;1021;49,97;
18:42:22;1027;49,97;
18:42:25;1014;49,97;
18:42:28;1015;49,97;
18:42:34;1019;49,97;
18:42:37;1008;49,97;
18:42:40;1015;49,97;
18:42:46;1011;49,97;
18:42:49;1000;49,97;
18:42:52;1009;49,98;
18:42:55;1007;49,98;
18:42:58;1006;49,97;
18:43:01;995;49,98;
18:43:04;997;49,97;
18:43:07;1002;49,97;
18:43:10;1003;49,97;
18:43:13;997;49,98;
18:43:16;1000;49,98;
18:43:19;1001;49,98;
18:43:22;1000;49,98;
18:43:25;997;49,98;
18:43:28;980;49,97;
18:43:31;993;49,97;
18:43:34;990;49,97;
18:43:40;987;49,97;
18:43:43;988;49,98;
18:43:46;985;49,98;
18:43:52;983;49,98;
18:43:58;980;49,98;
18:44:01;978;49,98;
18:44:04;944;49,99;
18:44:07;946;49,99;
18:44:10;945;49,99;
18:44:13;950;50,00;
18:44:16;959;49,98;
18:44:19;962;49,98;
18:44:22;962;49,97;
18:44:28;958;49,96;
18:44:31;960;49,96;
18:44:34;957;49,96;
18:44:40;951;49,96;
18:44:43;953;49,96;
18:44:46;948;49,97;
18:44:49;950;49,98;
18:44:52;945;49,98;
18:44:58;942;49,96;
18:45:01;945;49,96;
18:45:04;934;49,96;
18:45:07;938;49,96;
18:45:10;935;49,96;
18:45:13;937;49,96;
18:45:16;930;49,96;
18:45:19;923;49,96;
18:45:22;936;49,96;
18:45:25;932;49,96;
18:45:28;929;49,96;
18:45:31;933;49,96;
18:45:34;924;49,97;
18:45:37;932;49,96;
18:45:40;930;49,97;
18:45:43;925;49,97;
18:45:46;911;49,98;
18:45:49;917;49,98;
18:45:52;912;49,98;
18:45:55;913;49,98;
18:45:58;900;49,99;
18:46:04;903;49,99;
18:46:07;904;49,99;
18:46:10;893;49,99;
18:46:13;888;49,99;
18:46:16;892;50,00;
18:46:19;897;49,99;
18:46:22;895;50,00;
18:46:25;889;50,00;
18:46:28;891;50,00;
18:46:31;890;49,99;
18:46:34;891;49,98;
18:46:37;887;49,98;
18:46:40;886;49,98;
18:46:43;885;49,98;
18:46:49;878;49,99;
18:46:52;879;49,99;
18:46:55;878;50,00;
18:46:58;875;50,00;
18:47:01;873;49,99;
18:47:04;871;50,00;
18:47:07;875;50,00;
18:47:10;870;50,00;
18:47:13;864;50,00;
18:47:16;865;50,00;
18:47:19;864;50,00;
18:47:22;864;49,99;
18:47:25;865;49,99;
18:47:28;866;49,99;
18:47:31;857;50,00;
18:47:34;863;50,00;
18:47:37;861;50,00;
18:47:43;852;50,00;
18:47:46;855;50,00;
18:47:49;854;50,00;
18:47:55;855;50,01;
18:47:58;846;50,01;
18:48:01;834;50,01;
18:48:04;845;50,00;
18:48:07;840;50,00;
18:48:10;843;49,99;
18:48:13;837;49,99;
18:48:16;831;49,99;
18:48:19;838;49,98;
18:48:22;841;49,98;
18:48:25;831;49,98;
18:48:28;838;49,98;
18:48:31;836;49,98;
18:48:34;837;49,98;
18:48:37;839;49,98;
18:48:40;835;49,98;
18:48:43;823;49,98;
18:48:46;828;49,98;
18:48:49;829;49,98;
18:48:52;822;49,97;
18:48:55;819;49,98;
18:49:01;823;49,98;
18:49:04;819;49,99;
18:49:07;812;49,99;
18:49:10;813;49,99;
18:49:13;815;50,00;
18:49:16;808;49,99;
18:49:19;812;49,99;
18:49:22;811;49,98;
18:49:25;800;49,97;
18:49:28;803;49,97;
18:49:37;794;49,97;
18:49:40;802;49,98;
18:49:43;804;49,98;
18:49:46;802;49,98;
18:49:49;791;49,98;
18:49:52;794;49,98;
18:49:55;796;49,98;
18:49:58;791;49,97;
18:50:01;783;49,98;
18:50:07;791;49,98;
18:50:10;788;49,98;
18:50:13;784;49,98;
18:50:16;789;49,98;
18:50:22;783;49,97;
18:50:25;786;49,97;
18:50:28;785;49,98;
18:50:31;771;49,98;
18:50:34;761;49,98;
18:50:37;764;49,98;
18:50:40;757;49,98;
18:50:43;752;49,98;
18:50:46;744;49,98;
18:50:49;758;49,98;
18:50:52;765;49,99;
18:50:55;767;49,99;
18:50:58;765;49,99;
18:51:01;764;50,00;
18:51:04;754;50,00;
18:51:07;759;50,00;
18:51:10;760;50,00;
18:51:13;756;50,00;
18:51:16;754;50,00;
18:51:19;756;50,00;
18:51:22;750;50,00;
18:51:25;754;49,99;
18:51:28;753;50,00;
18:51:31;754;50,00;
18:51:34;753;50,00;
18:51:37;748;50,00;
18:51:40;739;49,99;
18:51:43;748;49,99;
18:51:46;746;49,99;
18:51:49;743;49,99;
18:51:52;734;50,00;
18:51:58;738;49,99;
18:52:01;737;50,00;
18:52:04;744;50,00;
18:52:07;738;49,99;
18:52:10;732;49,99;
18:52:13;732;49,98;
18:52:16;731;49,98;
18:52:19;729;49,98;
18:52:22;725;49,98;
18:52:25;724;49,97;
18:52:28;726;49,97;
18:52:31;719;49,96;
18:52:34;721;49,96;
18:52:37;724;49,96;
18:52:40;725;49,96;
18:52:43;719;49,97;
18:52:46;719;49,98;
18:52:52;710;49,98;
18:52:55;711;49,98;
18:52:58;718;49,99;
18:53:04;711;49,99;
18:53:07;708;50,00;
18:53:10;705;49,99;
18:53:16;708;49,99;
18:53:19;711;49,99;
18:53:22;710;49,99;
18:53:25;710;50,00;
18:53:28;707;50,00;
18:53:31;702;50,00;
18:53:34;705;50,00;
18:53:37;702;49,99;
18:53:40;707;49,99;
18:53:43;702;49,99;
18:53:46;704;49,99;
18:53:49;695;49,99;
18:53:52;696;50,00;
18:53:55;694;50,00;
18:53:58;698;50,00;
18:54:01;699;50,00;
18:54:10;700;49,99;
18:54:13;703;49,99;
18:54:16;705;49,98;
18:54:19;697;49,98;
18:54:22;701;49,98;
18:54:25;698;49,98;
18:54:31;701;49,98;
18:54:34;700;49,98;
18:54:37;693;49,98;
18:54:40;691;49,98;
18:54:43;667;49,99;
18:54:46;674;50,00;
18:54:49;683;50,00;
18:54:52;688;50,00;
18:54:55;693;50,00;
18:54:58;692;50,00;
18:55:01;695;50,00;
18:55:07;691;50,00;
18:55:10;691;49,99;
18:55:16;685;49,99;
18:55:19;682;49,99;
18:55:22;683;49,99;
18:55:28;685;49,98;
18:55:31;692;49,98;
18:55:34;689;49,98;
18:55:40;691;49,97;
18:55:43;690;49,96;
18:55:46;695;49,97;
18:55:49;682;49,97;
18:55:52;690;49,98;
18:55:55;688;49,98;
18:56:01;694;49,98;
18:56:04;685;49,98;
18:56:07;684;49,97;
18:56:10;690;49,97;
18:56:16;683;49,97;
18:56:19;688;49,96;
18:56:22;683;49,96;
18:56:25;669;49,97;
18:56:28;625;49,97;
18:56:31;456;49,98;
18:56:34;328;49,98;
18:56:37;280;49,98;
18:56:40;303;49,98;
18:56:43;277;49,98;
18:56:46;329;49,98;
18:56:49;331;49,99;
18:56:52;352;49,99;
18:56:55;354;50,00;
18:56:58;369;50,00;
18:57:01;368;50,00;
18:57:07;383;50,00;
18:57:10;389;50,00;
18:57:13;392;49,99;
18:57:16;395;49,99;
18:57:19;396;49,98;
18:57:22;403;49,99;
18:57:25;401;49,99;
18:57:28;421;50,00;
18:57:31;565;50,01;
18:57:34;612;50,01;
18:57:37;668;50,01;
18:57:40;672;50,01;
18:57:43;680;50,00;
18:57:49;673;50,00;
18:57:52;672;50,00;
18:57:55;630;50,00;
18:57:58;606;50,00;
18:58:01;576;50,00;
18:58:04;543;50,00;
18:58:07;495;50,00;
18:58:13;493;50,00;
18:58:19;458;50,00;
18:58:22;460;50,00;
18:58:25;494;50,00;
18:58:28;485;50,00;
18:58:31;469;50,01;
18:58:34;463;50,01;
18:58:37;488;50,00;
18:58:40;457;50,00;
18:58:43;426;50,00;
18:58:46;449;50,00;
18:58:49;477;50,01;
18:58:52;463;50,01;
18:58:55;433;50,01;
18:58:58;454;50,01;
18:59:01;575;50,01;
18:59:04;607;50,01;
18:59:07;630;50,01;
18:59:10;638;50,01;
18:59:13;639;50,01;
18:59:19;636;50,01;
18:59:25;633;50,01;
18:59:28;629;50,01;
18:59:31;626;50,01;
18:59:34;623;50,01;
18:59:37;619;50,01;
18:59:40;599;50,01;
18:59:43;370;50,01;
18:59:46;289;50,01;
18:59:49;246;50,02;
18:59:52;254;50,02;
18:59:55;233;50,02;
18:59:58;259;50,02;
19:00:01;282;50,02;
19:00:04;312;50,02;
19:00:07;572;50,02;
19:00:10;609;50,02;
19:00:13;614;50,02;
19:00:16;615;50,03;
19:00:19;613;50,03;
19:00:22;615;50,03;
19:00:25;618;50,03;
19:00:28;595;50,03;
19:00:31;575;50,03;
19:00:34;564;50,02;
19:00:37;572;50,03;
19:00:40;593;50,03;
19:00:43;597;50,03;
19:00:46;595;50,03;
19:00:49;598;50,02;
19:00:52;597;50,02;
19:00:55;594;50,02;
19:00:58;593;50,02;
19:01:01;591;50,02;
19:01:04;592;50,02;
19:01:10;587;50,02;
19:01:13;583;50,03;
19:01:16;590;50,03;
19:01:19;595;50,03;
19:01:25;591;50,03;
19:01:28;583;50,03;
19:01:31;588;50,03;
19:01:34;586;50,03;
19:01:40;585;50,02;
19:01:43;589;50,02;
19:01:46;587;50,03;
19:01:52;586;50,03;
19:01:58;586;50,04;
19:02:01;587;50,04;
19:02:04;585;50,04;
19:02:07;586;50,04;
19:02:10;586;50,03;
19:02:16;584;50,03;
19:02:22;585;50,03;
19:02:31;585;50,02;
19:02:34;581;50,02;
19:02:37;583;50,01;
19:02:40;581;50,02;
19:02:43;580;50,02;
19:02:46;579;50,02;
19:02:49;575;50,02;
19:02:52;581;50,03;
19:02:58;579;50,03;
19:03:01;579;50,04;
19:03:04;578;50,04;
19:03:07;579;50,04;
19:03:10;583;50,04;
19:03:13;576;50,04;
19:03:16;571;50,04;
19:03:22;581;50,03;
19:03:25;577;50,03;
19:03:28;572;50,03;
19:03:31;577;50,03;
19:03:34;579;50,03;
19:03:37;577;50,03;
19:03:40;575;50,03;
19:03:43;574;50,03;
19:03:46;575;50,04;
19:03:49;573;50,04;
19:03:55;571;50,04;
19:04:01;570;50,04;
19:04:04;569;50,04;
19:04:07;571;50,04;
19:04:10;574;50,03;
19:04:13;568;50,03;
19:04:16;559;50,03;
19:04:19;565;50,03;
19:04:28;556;50,03;
19:04:31;560;50,03;
19:04:37;559;50,03;
19:04:43;558;50,03;
19:04:46;556;50,03;
19:04:49;550;50,03;
19:04:52;558;50,03;
19:04:55;557;50,03;
19:04:58;557;50,04;
19:05:04;555;50,04;
19:05:07;552;50,04;
19:05:13;548;50,03;
19:05:16;547;50,03;
19:05:19;543;50,03;
19:05:22;541;50,03;
19:05:25;540;50,03;
19:05:28;537;50,03;
19:05:31;532;50,03;
19:05:34;533;50,04;
19:05:37;542;50,04;
19:05:40;545;50,04;
19:05:43;546;50,03;
19:05:46;544;50,03;
19:05:49;546;50,03;
19:05:52;543;50,04;
19:05:55;539;50,04;
19:06:01;537;50,04;
19:06:04;539;50,04;
19:06:07;539;50,03;
19:06:10;540;50,03;
19:06:13;545;50,03;
19:06:19;533;50,02;
19:06:22;538;50,02;
19:06:25;541;50,03;
19:06:28;540;50,02;
19:06:31;535;50,02;
19:06:34;540;50,02;
19:06:37;534;50,02;
19:06:40;536;50,03;
19:06:43;538;50,03;
19:06:46;539;50,03;
19:06:49;533;50,03;
19:06:52;539;50,03;
19:06:55;540;50,03;
19:07:01;541;50,03;
19:07:04;539;50,03;
19:07:07;538;50,02;
19:07:10;539;50,02;
19:07:13;538;50,02;
19:07:19;534;50,02;
19:07:25;537;50,02;
19:07:31;536;50,02;
19:07:34;537;50,02;
19:07:37;533;50,02;
19:07:40;536;50,02;
19:07:43;535;50,02;
19:07:46;531;50,02;
19:07:49;533;50,02;
19:07:52;533;50,03;
19:07:55;529;50,03;
19:07:58;533;50,03;
19:08:04;531;50,02;
19:08:07;533;50,03;
19:08:10;532;50,02;
19:08:13;529;50,01;
19:08:16;530;50,01;
19:08:19;525;50,02;
19:08:22;524;50,02;
19:08:25;525;50,03;
19:08:31;521;50,03;
19:08:34;523;50,03;
19:08:40;526;50,03;
19:08:43;517;50,03;
19:08:46;522;50,03;
19:08:49;523;50,03;
19:08:52;521;50,03;
19:08:55;516;50,02;
19:08:58;518;50,02;
19:09:04;518;50,03;
19:09:07;512;50,02;
19:09:10;518;50,02;
19:09:16;512;50,01;
19:09:19;517;50,01;
19:09:22;518;50,02;
19:09:25;515;50,02;
19:09:28;511;50,01;
19:09:31;517;50,01;
19:09:34;516;50,01;
19:09:37;511;50,01;
19:09:40;515;50,01;
19:09:43;510;50,00;
19:09:46;506;50,00;
19:09:49;510;50,00;
19:09:52;511;50,00;
19:09:55;510;50,00;
19:10:01;511;50,00;
19:10:04;512;50,00;
19:10:07;508;50,00;
19:10:10;502;50,00;
19:10:13;508;50,00;
19:10:22;500;49,99;
19:10:25;509;49,98;
19:10:28;508;49,98;
19:10:31;507;49,98;
19:10:34;498;49,98;
19:10:37;504;49,98;
19:10:40;505;49,98;
19:10:46;498;49,99;
19:10:49;504;50,00;
19:10:52;501;50,00;
19:10:55;506;50,00;
19:10:58;496;50,01;
19:11:01;502;50,01;
19:11:04;505;50,01;
19:11:07;505;50,00;
19:11:13;504;50,00;
19:11:16;499;50,00;
19:11:19;504;49,99;
19:11:22;492;49,99;
19:11:28;503;49,99;
19:11:31;495;49,99;
19:11:34;503;50,00;
19:11:37;502;50,00;
19:11:40;499;50,00;
19:11:43;501;49,99;
19:11:46;502;49,99;
19:11:49;503;49,99;
19:11:52;498;50,00;
19:11:55;503;50,00;
19:11:58;495;50,01;
19:12:01;503;50,00;
19:12:04;500;50,00;
19:12:07;504;50,00;
19:12:10;503;50,00;
19:12:13;502;50,00;
19:12:16;497;50,00;
19:12:19;505;50,00;
19:12:22;502;50,00;
19:12:25;499;50,00;
19:12:28;498;50,00;
19:12:34;500;50,00;
19:12:37;502;50,00;
19:12:40;499;50,00;
19:12:43;502;50,00;
19:12:46;504;50,00;
19:12:49;506;50,00;
19:12:52;504;50,00;
19:12:55;506;50,00;
19:12:58;506;50,01;
19:13:01;510;50,01;
19:13:04;506;50,01;
19:13:07;502;50,01;
19:13:10;507;50,00;
19:13:13;508;50,00;
19:13:16;507;50,00;
19:13:19;503;50,00;
19:13:22;509;50,00;
19:13:25;512;50,00;
19:13:28;509;50,01;
19:13:31;504;50,01;
19:13:34;508;50,00;
19:13:40;510;50,00;
19:13:43;505;50,00;
19:13:46;511;50,01;
19:13:49;513;50,01;
19:13:52;512;50,01;
19:13:55;507;50,01;
19:13:58;511;50,01;
19:14:04;512;50,01;
19:14:07;507;50,00;
19:14:10;511;50,00;
19:14:13;514;50,00;
19:14:16;510;50,00;
19:14:19;501;50,00;
19:14:25;514;50,00;
19:14:28;511;50,00;
19:14:31;504;50,00;
19:14:34;511;50,00;
19:14:37;514;50,01;
19:14:40;512;50,01;
19:14:43;511;50,00;
19:14:46;506;50,00;
19:14:49;510;50,01;
19:14:52;519;50,01;
19:14:55;511;50,01;
19:14:58;504;50,01;
19:15:01;510;50,01;
19:15:04;518;50,01;
19:15:07;512;50,01;
19:15:10;504;50,01;
19:15:13;511;50,01;
19:15:16;518;50,01;
19:15:22;522;50,01;
19:15:25;517;50,01;
19:15:31;514;50,00;
19:15:34;520;50,00;
19:15:37;516;50,00;
19:15:40;505;50,00;
19:15:43;490;50,00;
19:15:46;453;50,00;
19:15:49;422;50,00;
19:15:52;366;50,00;
19:15:55;289;50,00;
19:15:58;308;50,00;
19:16:01;347;50,00;
19:16:04;379;50,00;
19:16:07;378;50,00;
19:16:10;377;50,01;
19:16:13;362;50,01;
19:16:16;394;50,00;
19:16:19;412;50,00;
19:16:22;426;50,01;
19:16:25;437;50,01;
19:16:28;438;50,02;
19:16:31;469;50,02;
19:16:37;506;50,00;
19:16:40;511;50,00;
19:16:46;510;50,00;
19:16:52;511;50,00;
19:16:55;507;50,00;
19:16:58;512;50,00;
19:17:01;506;50,01;
19:17:04;496;50,01;
19:17:07;503;50,00;
19:17:10;506;50,01;
19:17:13;503;50,01;
19:17:16;493;50,01;
19:17:19;502;50,01;
19:17:22;506;50,01;
19:17:25;499;50,00;
19:17:28;488;50,00;
19:17:31;497;50,00;
19:17:34;500;50,01;
19:17:37;496;50,01;
19:17:43;496;50,00;
19:17:46;497;50,00;
19:17:49;493;50,00;
19:17:52;491;50,00;
19:17:55;489;50,00;
19:18:01;493;50,00;
19:18:04;488;50,00;
19:18:07;488;49,99;
19:18:10;491;49,99;
19:18:13;485;49,98;
19:18:16;486;49,98;
19:18:19;477;49,99;
19:18:22;485;49,98;
19:18:28;484;49,99;
19:18:31;475;49,99;
19:18:34;483;50,00;
19:18:37;480;50,00;
19:18:40;483;50,00;
19:18:43;476;50,00;
19:18:46;481;50,00;
19:18:49;482;50,00;
19:18:52;476;50,00;
19:18:55;483;50,01;
19:18:58;485;50,00;
19:19:01;479;50,01;
19:19:04;484;50,01;
19:19:10;485;50,01;
19:19:13;476;50,01;
19:19:16;483;50,01;
19:19:19;479;50,01;
19:19:25;468;50,00;
19:19:28;476;50,00;
19:19:34;480;50,00;
19:19:37;471;50,00;
19:19:40;478;49,99;
19:19:43;479;49,99;
19:19:46;479;49,98;
19:19:49;473;49,98;
19:19:52;471;49,98;
19:19:55;477;49,98;
19:19:58;478;49,98;
19:20:01;468;49,99;
19:20:04;477;49,99;
19:20:07;475;49,99;
19:20:10;478;49,99;
19:20:13;470;49,99;
19:20:16;476;49,98;
19:20:19;475;49,99;
19:20:22;478;49,99;
19:20:25;468;49,99;
19:20:28;476;49,99;
19:20:34;477;49,98;
19:20:40;476;49,98;
19:20:43;477;49,98;
19:20:46;474;49,98;
19:20:49;473;49,98;
19:20:52;475;49,98;
19:20:55;478;49,98;
19:21:01;476;49,98;
19:21:04;472;49,98;
19:21:07;468;49,98;
19:21:10;452;49,98;
19:21:13;444;49,98;
19:21:16;437;49,98;
19:21:22;438;49,98;
19:21:25;422;49,98;
19:21:28;394;49,98;
19:21:31;385;49,98;
19:21:34;376;49,98;
19:21:37;379;49,98;
19:21:40;355;49,98;
19:21:46;339;50,00;
19:21:49;342;50,00;
19:21:52;347;50,00;
19:21:55;354;50,00;
19:21:58;360;50,00;
19:22:01;364;50,00;
19:22:04;368;49,99;
19:22:07;379;49,99;
19:22:10;387;50,00;
19:22:13;389;49,99;
19:22:16;371;49,99;
19:22:19;365;49,99;
19:22:22;353;50,00;
19:22:25;354;49,99;
19:22:28;357;49,99;
19:22:31;364;49,99;
19:22:34;363;49,98;
19:22:37;350;49,98;
19:22:40;339;49,98;
19:22:43;333;49,98;
19:22:46;315;49,98;
19:22:52;320;49,99;
19:22:55;331;49,99;
19:22:58;326;49,99;
19:23:01;323;50,00;
19:23:04;326;49,99;
19:23:07;328;50,00;
19:23:10;334;49,99;
19:23:16;343;50,00;
19:23:19;358;50,00;
19:23:22;361;50,00;
19:23:25;368;50,00;
19:23:28;374;50,00;
19:23:31;403;50,00;
19:23:37;447;50,00;
19:23:40;452;50,00;
19:23:43;452;49,99;
19:23:46;453;49,99;
19:23:49;452;49,99;
19:24:04;454;50,00;
19:24:07;452;50,00;
19:24:10;453;50,01;
19:24:13;448;50,01;
19:24:16;450;50,01;
19:24:19;446;50,01;
19:24:22;449;50,00;
19:24:25;446;50,00;
19:24:28;448;49,99;
19:24:31;443;50,00;
19:24:34;447;50,00;
19:24:37;446;50,01;
19:24:43;445;50,00;
19:24:46;447;50,00;
19:24:49;443;50,00;
19:24:52;445;50,00;
19:25:01;440;50,00;
19:25:04;442;49,99;
19:25:07;437;49,98;
19:25:10;436;49,98;
19:25:13;432;49,98;
19:25:16;433;49,98;
19:25:19;424;49,98;
19:25:22;420;49,98;
19:25:25;413;49,99;
19:25:28;409;49,99;
19:25:31;400;49,98;
19:25:34;375;49,99;
19:25:37;351;49,98;
19:25:40;363;49,98;
19:25:43;404;49,98;
19:25:49;438;49,98;
19:25:52;444;49,98;
19:25:55;439;49,98;
19:25:58;446;49,98;
19:26:01;443;49,97;
19:26:04;445;49,97;
19:26:07;442;49,97;
19:26:10;439;49,97;
19:26:13;438;49,97;
19:26:16;439;49,97;
19:26:19;441;49,96;
19:26:22;442;49,96;
19:26:25;444;49,96;
19:26:28;443;49,96;
19:26:31;442;49,96;
19:26:34;441;49,97;
19:26:37;443;49,97;
19:26:40;444;49,97;
19:26:43;439;49,97;
19:26:46;441;49,97;
19:26:49;443;49,97;
19:26:55;438;49,97;
19:26:58;442;49,98;
19:27:01;441;49,98;
19:27:04;444;49,98;
19:27:07;439;49,99;
19:27:10;438;49,99;
19:27:13;440;49,99;
19:27:16;440;49,98;
19:27:19;438;49,98;
19:27:22;438;49,97;
19:27:25;443;49,97;
19:27:28;442;49,97;
19:27:31;440;49,97;
19:27:34;441;49,97;
19:27:40;436;49,97;
19:27:43;440;49,98;
19:27:46;439;49,98;
19:27:49;441;49,98;
19:27:52;437;49,98;
19:27:55;440;49,99;
19:27:58;436;49,99;
19:28:01;437;49,99;
19:28:04;443;49,99;
19:28:07;440;49,99;
19:28:10;435;49,98;
19:28:13;441;49,98;
19:28:16;444;49,98;
19:28:19;439;49,98;
19:28:22;441;49,98;
19:28:25;440;49,98;
19:28:28;442;50,00;
19:28:34;438;50,00;
19:28:37;439;50,00;
19:28:40;442;49,99;
19:28:46;434;49,99;
19:28:49;438;49,99;
19:28:52;439;50,00;
19:28:55;441;50,00;
19:28:58;435;50,00;
19:29:01;441;50,00;
19:29:04;436;50,00;
19:29:07;440;49,99;
19:29:10;441;49,99;
19:29:16;437;49,99;
19:29:19;441;49,98;
19:29:25;439;49,98;
19:29:28;436;49,98;
19:29:31;419;49,98;
19:29:34;376;49,98;
19:29:37;361;49,98;
19:29:40;326;49,99;
19:29:43;299;49,99;
19:29:46;298;49,99;
19:29:52;307;50,00;
19:29:55;305;50,01;
19:29:58;325;50,01;
19:30:01;317;50,01;
19:30:04;324;50,00;
19:30:07;328;50,01;
19:30:10;326;50,01;
19:30:13;322;50,01;
19:30:16;309;50,00;
19:30:19;310;50,00;
19:30:22;309;50,00;
19:30:25;311;50,00;
19:30:28;315;50,00;
19:30:31;322;50,00;
19:30:34;335;50,00;
19:30:37;369;49,99;
19:30:40;392;49,99;
19:30:43;405;49,98;
19:30:46;398;49,98;
19:30:49;396;49,98;
19:30:52;397;49,98;
19:30:58;416;49,99;
19:31:01;428;49,99;
19:31:04;430;50,00;
19:31:07;426;50,00;
19:31:10;433;50,00;
19:31:13;434;49,99;
19:31:16;430;49,99;
19:31:19;431;49,98;
19:31:22;409;49,97;
19:31:25;411;49,97;
19:31:28;422;49,97;
19:31:31;421;49,97;
19:31:34;436;49,97;
19:31:37;441;49,97;
19:31:40;442;49,97;
19:31:43;440;49,97;
19:31:46;442;49,98;
19:31:49;440;49,98;
19:31:52;444;50,00;
19:31:55;438;50,00;
19:31:58;447;50,00;
19:32:01;446;50,00;
19:32:04;442;50,00;
19:32:07;442;49,99;
19:32:10;448;49,99;
19:32:13;447;49,98;
19:32:16;446;49,98;
19:32:19;440;49,98;
19:32:22;445;49,98;
19:32:25;450;49,98;
19:32:28;453;49,98;
19:32:31;452;49,98;
19:32:34;457;49,98;
19:32:37;453;49,98;
19:32:40;457;49,97;
19:32:43;452;49,97;
19:32:49;463;49,98;
19:32:52;459;49,98;
19:32:55;465;49,99;
19:32:58;462;49,99;
19:33:01;463;49,99;
19:33:04;470;49,99;
19:33:07;464;50,00;
19:33:10;465;50,00;
19:33:13;468;49,99;
19:33:16;469;49,99;
19:33:19;470;49,99;
19:33:22;463;49,99;
19:33:25;470;49,98;
19:33:28;471;49,98;
19:33:31;473;49,97;
19:33:37;475;49,98;
19:33:40;474;49,98;
19:33:43;475;49,98;
19:33:46;469;49,98;
19:33:49;479;49,99;
19:33:55;471;49,99;
19:33:58;474;49,99;
19:34:01;481;50,00;
19:34:04;479;50,00;
19:34:07;481;49,99;
19:34:10;476;49,99;
19:34:13;483;49,98;
19:34:16;482;49,98;
19:34:19;486;49,98;
19:34:22;487;49,98;
19:34:25;487;49,99;
19:34:28;487;49,98;
19:34:31;486;49,99;
19:34:34;480;49,98;
19:34:37;488;49,98;
19:34:40;489;49,98;
19:34:43;490;49,98;
19:34:49;493;49,99;
19:34:52;491;49,99;
19:34:55;493;50,00;
19:35:07;494;50,00;
19:35:10;490;49,99;
19:35:13;494;49,99;
19:35:22;499;49,99;
19:35:25;498;49,98;
19:35:28;492;49,97;
19:35:31;494;49,97;
19:35:34;489;49,97;
19:35:37;497;49,98;
19:35:40;491;49,98;
19:35:43;496;49,98;
19:35:46;501;49,98;
19:35:49;480;49,98;
19:35:52;461;49,98;
19:35:55;419;49,98;
19:35:58;403;49,99;
19:36:01;415;49,99;
19:36:07;456;49,98;
19:36:10;476;49,98;
19:36:13;503;49,98;
19:36:16;512;49,99;
19:36:19;519;49,98;
19:36:22;522;49,98;
19:36:25;514;49,98;
19:36:28;521;49,98;
19:36:31;522;49,98;
19:36:34;527;49,98;
19:36:37;529;49,98;
19:36:40;530;49,99;
19:36:43;528;49,99;
19:36:46;531;50,00;
19:36:52;534;50,00;
19:36:55;532;50,00;
19:36:58;534;50,00;
19:37:01;526;49,99;
19:37:04;536;49,99;
19:37:07;537;49,98;
19:37:10;536;49,98;
19:37:13;537;49,98;
19:37:16;536;49,98;
19:37:19;539;49,98;
19:37:22;533;49,99;
19:37:25;534;49,98;
19:37:28;539;49,98;
19:37:34;536;49,98;
19:37:37;533;49,98;
19:37:40;538;49,98;
19:37:43;533;49,98;
19:37:46;538;49,98;
19:37:49;535;49,98;
19:37:52;536;49,98;
19:37:58;534;49,98;
19:38:04;531;49,98;
19:38:07;528;49,98;
19:38:10;529;49,98;
19:38:16;525;49,97;
19:38:19;527;49,98;
19:38:22;523;49,98;
19:38:25;519;49,98;
19:38:28;517;49,97;
19:38:31;516;49,98;
19:38:34;519;49,98;
19:38:37;515;49,98;
19:38:40;512;49,98;
19:38:43;505;49,98;
19:38:46;510;49,98;
19:38:49;509;49,98;
19:38:52;506;49,98;
19:38:55;506;49,99;
19:39:04;503;49,99;
19:39:07;502;49,98;
19:39:10;499;49,98;
19:39:13;498;49,99;
19:39:16;495;49,99;
19:39:22;496;49,99;
19:39:25;492;49,99;
19:39:28;487;50,00;
19:39:31;485;50,00;
19:39:34;482;49,99;
19:39:37;485;49,98;
19:39:40;484;49,98;
19:39:43;486;49,98;
19:39:46;479;49,98;
19:39:49;482;49,99;
19:39:52;481;49,99;
19:39:55;480;49,99;
19:39:58;478;49,99;
19:40:01;477;49,99;
19:40:04;475;50,00;
19:40:10;468;50,00;
19:40:13;465;50,00;
19:40:16;458;50,00;
19:40:19;462;50,00;
19:40:22;457;50,00;
19:40:25;450;49,99;
19:40:28;447;49,99;
19:40:31;442;50,00;
19:40:34;406;50,00;
19:40:37;395;49,99;
19:40:40;391;49,99;
19:40:43;399;49,99;
19:40:46;400;49,98;
19:40:49;403;49,98;
19:40:52;400;49,99;
19:40:55;400;50,00;
19:40:58;399;50,00;
19:41:01;419;50,01;
19:41:04;431;50,01;
19:41:07;454;50,01;
19:41:13;463;50,01;
19:41:16;446;50,01;
19:41:19;452;50,01;
19:41:22;453;50,00;
19:41:25;452;50,00;
19:41:28;451;50,00;
19:41:31;447;50,00;
19:41:34;449;50,00;
19:41:37;443;49,99;
19:41:40;436;49,99;
19:41:43;426;49,99;
19:41:46;423;49,99;
19:41:49;415;49,98;
19:41:52;414;49,99;
19:41:55;421;49,99;
19:42:01;432;50,00;
19:42:04;434;50,00;
19:42:07;441;50,00;
19:42:10;444;50,00;
19:42:13;451;49,99;
19:42:16;455;49,99;
19:42:19;453;49,99;
19:42:22;450;49,99;
19:42:25;435;50,00;
19:42:28;437;50,00;
19:42:31;430;49,99;
19:42:34;429;49,98;
19:42:37;436;49,98;
19:42:40;442;49,98;
19:42:43;445;49,98;
19:42:46;457;49,99;
19:42:49;462;50,00;
19:42:52;469;50,00;
19:42:55;470;50,00;
19:42:58;475;50,00;
19:43:01;474;50,01;
19:43:07;458;50,00;
19:43:10;454;50,00;
19:43:13;456;50,00;
19:43:16;459;49,99;
19:43:19;458;49,99;
19:43:22;455;49,98;
19:43:25;451;49,98;
19:43:28;453;49,98;
19:43:31;464;49,98;
19:43:34;468;49,98;
19:43:37;476;49,98;
19:43:40;478;49,99;
19:43:43;478;49,98;
19:43:46;478;49,99;
19:43:49;470;49,99;
19:43:52;481;49,98;
19:43:55;480;49,98;
19:43:58;433;49,98;
19:44:01;457;49,98;
19:44:04;460;49,98;
19:44:07;473;49,98;
19:44:13;489;49,99;
19:44:16;494;50,00;
19:44:19;489;49,99;
19:44:22;496;50,00;
19:44:25;486;50,00;
19:44:28;492;50,00;
19:44:34;498;49,99;
19:44:37;500;49,99;
19:44:40;501;49,99;
19:44:43;471;49,99;
19:44:46;487;49,99;
19:44:49;503;50,00;
19:44:52;508;50,00;
19:44:55;508;49,99;
19:44:58;509;49,99;
19:45:01;504;49,99;
19:45:04;506;49,99;
19:45:07;507;49,98;
19:45:10;508;49,99;
19:45:13;505;49,99;
19:45:19;510;49,99;
19:45:22;512;49,99;
19:45:25;512;50,00;
19:45:28;517;49,99;
19:45:31;514;50,00;
19:45:34;513;50,00;
19:45:37;512;50,00;
19:45:43;514;50,00;
19:45:46;514;50,01;
19:45:52;517;50,00;
19:45:55;521;50,01;
19:45:58;516;50,01;
19:46:04;512;50,00;
19:46:07;515;50,00;
19:46:10;511;50,00;
19:46:13;520;50,00;
19:46:16;514;50,01;
19:46:19;515;50,01;
19:46:22;511;50,01;
19:46:25;504;50,01;
19:46:28;506;50,01;
19:46:31;506;50,00;
19:46:34;504;50,00;
19:46:37;508;50,00;
19:46:40;497;50,00;
19:46:43;502;50,00;
19:46:46;505;50,00;
19:46:49;508;50,00;
19:46:52;514;49,99;
19:46:55;516;50,00;
19:46:58;511;50,00;
19:47:01;513;49,99;
19:47:04;497;49,99;
19:47:10;465;50,00;
19:47:13;457;50,00;
19:47:16;464;50,00;
19:47:19;476;50,00;
19:47:22;492;50,00;
19:47:25;496;50,00;
19:47:28;486;50,00;
19:47:31;472;50,00;
19:47:34;471;49,99;
19:47:37;465;49,99;
19:47:40;458;49,98;
19:47:43;443;49,99;
19:47:46;422;49,98;
19:47:49;409;49,99;
19:47:52;405;49,99;
19:47:55;403;49,99;
19:47:58;405;50,00;
19:48:01;401;50,00;
19:48:04;404;50,00;
19:48:07;403;50,00;
19:48:10;399;50,00;
19:48:16;400;49,99;
19:48:19;400;50,00;
19:48:22;395;49,99;
19:48:25;397;49,99;
19:48:28;394;49,99;
19:48:31;397;49,99;
19:48:34;393;49,98;
19:48:37;391;49,98;
19:48:40;392;49,98;
19:48:43;391;49,98;
19:48:46;386;49,98;
19:48:49;387;49,98;
19:48:52;387;49,99;
19:48:55;384;49,99;
19:48:58;389;49,99;
19:49:01;384;49,99;
19:49:07;379;49,99;
19:49:10;375;49,99;
19:49:13;379;49,99;
19:49:16;380;49,99;
19:49:22;378;50,00;
19:49:25;375;49,99;
19:49:28;374;50,00;
19:49:34;373;50,00;
19:49:37;368;50,00;
19:49:40;370;50,00;
19:49:43;371;50,01;
19:49:46;367;50,00;
19:49:49;360;50,00;
19:49:52;363;50,00;
19:49:55;361;49,99;
19:49:58;359;49,99;
19:50:01;358;49,99;
19:50:07;352;49,98;
19:50:10;354;49,98;
19:50:13;347;49,98;
19:50:16;348;49,98;
19:50:19;344;49,98;
19:50:22;344;49,97;
19:50:25;339;49,97;
19:50:28;337;49,97;
19:50:31;335;49,97;
19:50:34;336;49,97;
19:50:37;332;49,98;
19:50:40;333;49,97;
19:50:43;327;49,97;
19:50:46;331;49,97;
19:50:52;330;49,98;
19:50:55;319;49,98;
19:50:58;323;49,99;
19:51:04;316;49,99;
19:51:07;316;49,98;
19:51:13;316;49,97;
19:51:16;310;49,97;
19:51:19;313;49,96;
19:51:22;318;49,97;
19:51:25;316;49,97;
19:51:28;316;49,98;
19:51:31;313;49,98;
19:51:34;314;49,98;
19:51:37;305;49,98;
19:51:43;307;49,99;
19:51:46;305;49,99;
19:51:49;305;49,98;
19:51:52;300;49,98;
19:51:55;301;49,98;
19:51:58;296;49,97;
19:52:01;292;49,96;
19:52:04;299;49,97;
19:52:10;295;49,97;
19:52:13;301;49,98;
19:52:19;292;49,97;
19:52:22;298;49,97;
19:52:25;296;49,96;
19:52:28;295;49,96;
19:52:31;293;49,97;
19:52:34;292;49,97;
19:52:37;293;49,96;
19:52:40;292;49,97;
19:52:43;292;49,98;
19:52:46;291;49,98;
19:52:49;290;49,98;
19:52:52;285;49,98;
19:52:55;289;49,98;
19:52:58;291;49,98;
19:53:01;290;49,98;
19:53:07;291;49,98;
19:53:13;292;49,98;
19:53:16;287;49,98;
19:53:19;290;49,99;
19:53:25;286;49,99;
19:53:28;284;49,99;
19:53:31;287;49,98;
19:53:34;285;49,98;
19:53:37;287;49,99;
19:53:40;283;49,99;
19:53:43;286;49,99;
19:53:49;286;49,98;
19:53:52;283;49,98;
19:53:55;286;49,98;
19:53:58;291;49,98;
19:54:01;288;49,99;
19:54:04;283;49,98;
19:54:07;292;49,98;
19:54:10;296;49,98;
19:54:13;295;49,99;
19:54:16;290;49,99;
19:54:19;294;50,00;
19:54:22;297;50,00;
19:54:25;294;49,99;
19:54:31;295;49,99;
19:54:37;297;49,99;
19:54:43;293;49,98;
19:54:46;296;49,99;
19:54:49;292;49,99;
19:54:52;297;49,99;
19:54:55;303;50,00;
19:54:58;310;50,00;
19:55:01;315;50,01;
19:55:04;316;50,00;
19:55:07;314;50,01;
19:55:10;312;50,00;
19:55:16;310;50,00;
19:55:19;307;50,00;
19:55:22;313;50,00;
19:55:25;316;50,00;
19:55:28;321;50,00;
19:55:31;320;50,00;
19:55:34;323;50,00;
19:55:37;326;50,00;
19:55:40;342;50,00;
19:55:43;348;50,00;
19:55:46;353;50,00;
19:55:49;348;50,00;
19:55:52;353;50,00;
19:55:58;354;50,00;
19:56:01;356;50,01;
19:56:04;362;50,01;
19:56:07;358;50,01;
19:56:10;355;50,01;
19:56:13;350;50,01;
19:56:16;348;50,01;
19:56:22;353;50,01;
19:56:25;354;50,01;
19:56:28;353;50,01;
19:56:31;349;50,01;
19:56:34;353;50,00;
19:56:37;351;50,00;
19:56:40;352;50,00;
19:56:43;353;50,00;
19:56:46;356;50,00;
19:56:49;351;50,01;
19:56:52;355;50,01;
19:56:55;354;50,01;
19:56:58;355;50,00;
19:57:01;347;50,00;
19:57:04;354;50,00;
19:57:07;344;50,00;
19:57:10;354;50,00;
19:57:13;357;50,00;
19:57:16;358;50,00;
19:57:19;360;50,00;
19:57:22;356;50,00;
19:57:28;352;50,00;
19:57:34;354;50,00;
19:57:40;353;50,00;
19:57:43;356;50,00;
19:57:46;358;50,01;
19:57:49;356;50,01;
19:57:52;355;50,01;
19:57:55;357;50,01;
19:57:58;359;50,02;
19:58:01;358;50,02;
19:58:04;357;50,02;
19:58:07;360;50,01;
19:58:10;359;50,01;
19:58:13;360;50,01;
19:58:16;359;50,01;
19:58:19;362;50,01;
19:58:22;361;50,01;
19:58:25;363;50,01;
19:58:28;363;50,00;
19:58:34;359;50,01;
19:58:37;362;50,01;
19:58:40;360;50,01;
19:58:43;362;50,02;
19:58:46;361;50,02;
19:58:49;363;50,02;
19:58:52;362;50,01;
19:58:55;364;50,01;
19:59:01;366;50,01;
19:59:04;363;50,01;
19:59:07;370;50,01;
19:59:10;371;50,01;
19:59:19;367;50,01;
19:59:22;366;50,01;
19:59:25;375;50,01;
19:59:28;381;50,01;
19:59:31;378;50,01;
19:59:34;380;50,01;
19:59:37;377;50,01;
19:59:40;380;50,01;
19:59:43;383;50,02;
19:59:46;386;50,02;
19:59:49;388;50,02;
19:59:52;387;50,01;
19:59:55;389;50,01;
19:59:58;390;50,01;
20:00:01;393;50,01;
20:00:04;395;50,00;
20:00:07;397;50,00;
20:00:13;394;49,99;
20:00:16;395;50,00;
20:00:19;399;50,00;
20:00:25;393;50,00;
20:00:28;394;49,99;
20:00:31;397;49,99;
20:00:34;398;49,98;
20:00:37;400;49,99;
20:00:40;401;49,99;
20:00:43;404;49,99;
20:00:46;403;50,00;
20:00:49;405;50,00;
20:00:52;402;50,00;
20:00:58;403;50,00;
20:01:01;404;50,00;
20:01:04;407;50,00;
20:01:07;406;50,00;
20:01:10;404;50,00;
20:01:13;403;50,00;
20:01:16;404;50,00;
20:01:19;404;49,99;
20:01:22;406;49,98;
20:01:25;404;49,98;
20:01:34;405;49,98;
20:01:37;406;49,98;
20:01:40;405;49,98;
20:01:43;407;49,98;
20:01:46;409;49,98;
20:01:49;408;49,99;
20:01:52;407;49,99;
20:01:55;411;49,99;
20:02:01;406;49,99;
20:02:04;409;49,99;
20:02:07;404;49,98;
20:02:10;408;49,98;
20:02:13;404;49,98;
20:02:16;402;49,97;
20:02:19;405;49,97;
20:02:22;408;49,97;
20:02:25;402;49,97;
20:02:28;409;49,97;
20:02:31;404;49,97;
20:02:37;405;49,98;
20:02:40;409;49,99;
20:02:43;402;49,99;
20:02:46;409;49,99;
20:02:49;410;49,98;
20:02:52;409;49,98;
20:02:55;410;49,98;
20:02:58;412;49,98;
20:03:01;407;49,98;
20:03:04;409;49,98;
20:03:07;402;49,97;
20:03:10;407;49,97;
20:03:13;412;49,98;
20:03:19;413;49,98;
20:03:22;416;49,97;
20:03:25;418;49,97;
20:03:28;416;49,97;
20:03:31;419;49,98;
20:03:34;421;49,98;
20:03:37;420;49,98;
20:03:46;417;49,97;
20:03:49;421;49,97;
20:03:52;425;49,97;
20:03:55;428;49,98;
20:03:58;423;49,98;
20:04:01;426;49,98;
20:04:04;425;49,98;
20:04:07;428;49,98;
20:04:10;434;49,98;
20:04:13;430;49,98;
20:04:16;425;49,98;
20:04:19;431;49,98;
20:04:22;432;49,97;
20:04:28;428;49,96;
20:04:31;433;49,96;
20:04:34;431;49,97;
20:04:37;433;49,97;
20:04:40;435;49,97;
20:04:43;434;49,98;
20:04:46;435;49,97;
20:04:49;432;49,97;
20:04:52;436;49,97;
20:04:55;437;49,97;
20:04:58;433;49,97;
20:05:01;437;49,98;
20:05:04;438;49,98;
20:05:10;440;49,98;
20:05:16;438;49,98;
20:05:19;443;49,98;
20:05:25;444;49,98;
20:05:28;443;49,98;
20:05:34;444;49,98;
20:05:37;448;49,97;
20:05:40;450;49,96;
20:05:43;449;49,96;
20:05:46;445;49,96;
20:05:49;449;49,96;
20:05:52;450;49,97;
20:05:55;449;49,97;
20:05:58;447;49,97;
20:06:01;449;49,97;
20:06:04;452;49,96;
20:06:07;453;49,96;
20:06:10;452;49,97;
20:06:13;457;49,97;
20:06:16;457;49,98;
20:06:19;458;49,98;
20:06:22;452;49,98;
20:06:25;455;49,98;
20:06:31;459;49,97;
20:06:34;456;49,96;
20:06:40;458;49,96;
20:06:43;461;49,96;
20:06:46;456;49,96;
20:06:49;461;49,96;
20:06:52;460;49,96;
20:06:55;462;49,97;
20:06:58;465;49,97;
20:07:01;464;49,97;
20:07:04;466;49,98;
20:07:07;468;49,98;
20:07:10;462;49,98;
20:07:13;469;49,98;
20:07:16;471;49,98;
20:07:19;468;49,98;
20:07:22;474;49,98;
20:07:25;471;49,98;
20:07:28;474;49,98;
20:07:31;471;49,98;
20:07:34;472;49,96;
20:07:37;475;49,96;
20:07:40;478;49,96;
20:07:46;479;49,97;
20:07:49;477;49,97;
20:07:52;480;49,98;
20:07:55;482;49,98;
20:07:58;482;49,99;
20:08:04;484;49,99;
20:08:07;485;49,99;
20:08:10;486;49,98;
20:08:13;482;49,98;
20:08:16;480;49,98;
20:08:19;484;49,98;
20:08:22;489;49,97;
20:08:31;491;49,97;
20:08:34;493;49,97;
20:08:37;491;49,97;
20:08:40;492;49,98;
20:08:43;495;49,98;
20:08:46;496;49,99;
20:08:49;497;50,00;
20:08:55;499;50,00;
20:09:01;500;50,01;
20:09:04;505;50,01;
20:09:07;506;50,01;
20:09:10;504;50,01;
20:09:13;498;50,01;
20:09:16;499;50,00;
20:09:19;496;49,99;
20:09:22;492;49,99;
20:09:25;498;49,99;
20:09:28;493;49,99;
20:09:31;488;49,99;
20:09:37;481;50,00;
20:09:40;485;50,00;
20:09:43;498;50,00;
20:09:46;495;50,00;
20:09:49;498;50,00;
20:09:52;499;50,00;
20:09:55;498;50,00;
20:09:58;497;50,00;
20:10:01;496;50,00;
20:10:04;497;50,00;
20:10:07;491;50,00;
20:10:10;489;50,00;
20:10:13;492;50,00;
20:10:16;488;50,00;
20:10:19;493;50,00;
20:10:22;486;49,99;
20:10:25;492;49,99;
20:10:28;484;49,98;
20:10:31;484;49,99;
20:10:34;485;49,98;
20:10:37;488;49,99;
20:10:43;490;49,99;
20:10:49;486;49,99;
20:10:52;480;49,99;
20:10:55;478;49,99;
20:10:58;471;49,99;
20:11:01;476;49,99;
20:11:04;473;49,99;
20:11:07;469;49,99;
20:11:10;471;49,99;
20:11:13;468;49,99;
20:11:16;462;49,99;
20:11:19;464;49,99;
20:11:22;463;49,99;
20:11:25;462;49,99;
20:11:28;453;49,99;
20:11:31;457;49,98;
20:11:34;459;49,98;
20:11:37;456;49,99;
20:11:40;448;49,99;
20:11:43;450;50,00;
20:11:49;446;50,00;
20:11:52;442;49,99;
20:11:55;443;49,99;
20:11:58;404;49,98;
20:12:01;417;49,98;
20:12:04;419;49,98;
20:12:07;421;49,98;
20:12:10;432;49,98;
20:12:13;435;49,99;
20:12:16;433;50,00;
20:12:19;436;50,00;
20:12:22;427;50,00;
20:12:25;433;50,00;
20:12:28;432;50,00;
20:12:31;426;49,99;
20:12:34;425;49,99;
20:12:37;422;49,99;
20:12:40;420;49,99;
20:12:43;419;49,98;
20:12:49;425;49,98;
20:12:52;420;49,98;
20:12:55;421;49,98;
20:12:58;420;50,00;
20:13:01;421;50,00;
20:13:04;419;50,01;
20:13:07;418;50,01;
20:13:10;419;50,00;
20:13:13;415;50,00;
20:13:16;419;50,00;
20:13:19;410;49,99;
20:13:22;416;49,98;
20:13:25;412;49,98;
20:13:28;414;49,97;
20:13:31;410;49,97;
20:13:34;412;49,97;
20:13:40;414;49,97;
20:13:43;409;49,97;
20:13:46;412;49,98;
20:13:49;406;49,97;
20:13:52;413;49,98;
20:13:55;408;49,98;
20:13:58;412;49,98;
20:14:01;412;49,99;
20:14:04;413;49,98;
20:14:07;406;49,97;
20:14:10;405;49,98;
20:14:13;406;49,97;
20:14:16;409;49,98;
20:14:19;405;49,97;
20:14:22;408;49,97;
20:14:25;403;49,97;
20:14:28;410;49,97;
20:14:31;412;49,98;
20:14:34;413;49,98;
20:14:37;408;49,98;
20:14:40;412;49,98;
20:14:46;413;49,98;
20:14:49;410;49,98;
20:14:52;414;49,97;
20:14:55;408;49,97;
20:14:58;414;49,97;
20:15:01;410;49,98;
20:15:07;412;49,98;
20:15:10;413;49,98;
20:15:13;409;49,98;
20:15:16;385;49,98;
20:15:19;384;49,99;
20:15:22;392;49,99;
20:15:25;400;49,99;
20:15:28;407;49,98;
20:15:31;417;49,98;
20:15:34;414;49,97;
20:15:37;408;49,97;
20:15:40;415;49,96;
20:15:43;413;49,96;
20:15:46;413;49,97;
20:15:52;412;49,97;
20:15:58;414;49,97;
20:16:01;416;49,97;
20:16:04;415;49,98;
20:16:07;414;49,98;
20:16:10;411;49,98;
20:16:13;415;49,98;
20:16:16;414;49,98;
20:16:19;415;49,98;
20:16:22;415;49,99;
20:16:25;418;49,99;
20:16:28;415;49,98;
20:16:31;416;49,98;
20:16:34;413;49,98;
20:16:37;418;49,98;
20:16:43;415;49,98;
20:16:46;418;49,98;
20:16:49;417;49,98;
20:16:52;418;49,98;
20:16:58;419;49,98;
20:17:01;418;49,98;
20:17:04;416;49,98;
20:17:07;419;49,98;
20:17:16;415;49,98;
20:17:19;414;49,98;
20:17:22;407;49,98;
20:17:25;413;49,99;
20:17:28;419;49,99;
20:17:31;417;49,99;
20:17:34;420;49,99;
20:17:37;419;49,99;
20:17:43;422;49,98;
20:17:52;424;49,98;
20:17:55;422;49,99;
20:17:58;416;50,00;
20:18:01;424;50,00;
20:18:04;422;50,00;
20:18:07;387;50,00;
20:18:10;391;50,00;
20:18:13;400;50,00;
20:18:16;408;50,01;
20:18:19;415;50,00;
20:18:22;423;50,00;
20:18:25;422;50,00;
20:18:28;421;50,00;
20:18:37;420;49,99;
20:18:40;421;49,99;
20:18:43;414;49,98;
20:18:49;411;49,98;
20:18:52;412;49,99;
20:19:01;414;49,99;
20:19:04;413;49,98;
20:19:07;411;49,99;
20:19:10;412;49,99;
20:19:16;414;49,98;
20:19:19;413;49,98;
20:19:22;412;49,98;
20:19:25;411;49,97;
20:19:31;405;49,97;
20:19:34;408;49,96;
20:19:37;410;49,97;
20:19:40;409;49,97;
20:19:43;406;49,97;
20:19:46;408;49,97;
20:19:49;407;49,98;
20:19:55;407;49,97;
20:19:58;408;49,97;
20:20:01;403;49,98;
20:20:04;406;49,98;
20:20:07;402;49,99;
20:20:10;400;49,99;
20:20:13;393;49,99;
20:20:16;396;49,99;
20:20:19;398;49,98;
20:20:25;396;49,97;
20:20:28;399;49,97;
20:20:31;395;49,98;
20:20:34;398;49,97;
20:20:37;402;49,97;
20:20:40;402;49,98;
20:20:43;397;49,98;
20:20:46;402;49,98;
20:20:49;396;49,98;
20:20:52;402;49,98;
20:20:55;396;49,99;
20:21:01;398;50,00;
20:21:07;391;50,00;
20:21:10;400;50,01;
20:21:13;396;50,00;
20:21:16;397;50,00;
20:21:22;391;50,00;
20:21:25;396;50,00;
20:21:28;393;50,00;
20:21:31;387;50,00;
20:21:34;393;50,00;
20:21:37;392;49,99;
20:21:40;391;49,99;
20:21:43;389;49,99;
20:21:46;390;49,99;
20:21:49;391;49,98;
20:21:52;389;49,98;
20:21:58;389;49,99;
20:22:01;386;49,99;
20:22:04;385;49,99;
20:22:07;384;49,99;
20:22:10;381;50,00;
20:22:13;383;49,99;
20:22:22;378;49,99;
20:22:25;375;49,99;
20:22:28;364;49,99;
20:22:31;374;49,98;
20:22:34;372;49,98;
20:22:37;377;49,99;
20:22:40;373;49,98;
20:22:43;378;49,98;
20:22:46;368;49,98;
20:22:52;379;49,98;
20:22:55;373;49,97;
20:22:58;367;49,98;
20:23:01;373;49,98;
20:23:04;373;49,99;
20:23:07;372;49,99;
20:23:13;366;49,99;
20:23:16;370;49,98;
20:23:22;364;49,97;
20:23:25;369;49,97;
20:23:28;360;49,97;
20:23:31;364;49,97;
20:23:34;365;49,97;
20:23:37;364;49,97;
20:23:40;365;49,98;
20:23:43;366;49,98;
20:23:46;357;49,98;
20:23:49;362;49,98;
20:23:58;357;49,99;
20:24:01;363;49,99;
20:24:04;361;49,99;
20:24:10;356;49,98;
20:24:13;359;49,99;
20:24:16;361;49,98;
20:24:19;359;49,99;
20:24:22;353;49,98;
20:24:25;361;49,98;
20:24:28;356;49,98;
20:24:31;360;49,97;
20:24:34;351;49,98;
20:24:37;358;49,98;
20:24:40;356;49,98;
20:24:43;353;49,98;
20:24:46;351;49,99;
20:24:52;350;49,99;
20:24:55;353;49,99;
20:24:58;347;49,99;
20:25:04;350;49,98;
20:25:07;348;49,98;
20:25:10;345;49,98;
20:25:13;347;49,98;
20:25:16;346;49,98;
20:25:19;348;49,98;
20:25:22;347;49,98;
20:25:28;341;49,97;
20:25:31;353;49,97;
20:25:34;338;49,97;
20:25:37;345;49,97;
20:25:40;351;49,98;
20:25:43;342;49,98;
20:25:46;348;49,98;
20:25:49;338;49,97;
20:25:52;342;49,97;
20:25:55;346;49,97;
20:25:58;346;49,96;
20:26:01;341;49,97;
20:26:04;345;49,97;
20:26:10;344;49,98;
20:26:13;339;49,98;
20:26:16;344;49,98;
20:26:19;343;49,98;
20:26:22;342;49,98;
20:26:25;341;49,98;
20:26:28;343;49,98;
20:26:31;342;49,97;
20:26:34;346;49,97;
20:26:37;340;49,97;
20:26:40;345;49,97;
20:26:43;345;49,98;
20:26:49;340;49,99;
20:26:55;343;49,98;
20:26:58;345;49,98;
20:27:01;340;49,98;
20:27:04;343;49,98;
20:27:07;344;49,98;
20:27:10;340;49,98;
20:27:13;343;49,99;
20:27:16;341;49,99;
20:27:19;339;50,00;
20:27:22;343;49,99;
20:27:25;341;49,99;
20:27:28;342;49,99;
20:27:34;339;49,99;
20:27:37;343;49,99;
20:27:40;338;49,99;
20:27:43;339;49,99;
20:27:46;344;49,99;
20:27:52;336;49,99;
20:27:55;340;49,99;
20:28:01;343;49,98;
20:28:04;339;49,98;
20:28:07;347;49,98;
20:28:10;346;49,98;
20:28:13;345;49,98;
20:28:16;344;49,98;
20:28:19;346;49,98;
20:28:22;347;49,98;
20:28:25;344;49,99;
20:28:28;342;49,99;
20:28:31;345;49,98;
20:28:34;347;49,98;
20:28:37;344;49,98;
20:28:40;342;49,98;
20:28:43;346;49,98;
20:28:46;349;49,97;
20:28:49;346;49,97;
20:28:52;349;49,98;
20:28:55;351;49,98;
20:28:58;346;49,98;
20:29:01;352;49,98;
20:29:07;353;49,98;
20:29:10;355;49,97;
20:29:13;357;49,97;
20:29:16;356;49,98;
20:29:19;358;49,98;
20:29:22;353;49,98;
20:29:25;359;49,99;
20:29:31;364;50,00;
20:29:34;362;50,00;
20:29:37;366;50,00;
20:29:40;365;50,00;
20:29:43;368;50,00;
20:29:46;368;49,99;
20:29:49;369;49,99;
20:29:52;366;49,98;
20:29:55;370;49,98;
20:29:58;367;49,98;
20:30:01;339;49,98;
20:30:04;350;49,98;
20:30:07;354;49,99;
20:30:13;370;50,00;
20:30:19;369;50,00;
20:30:22;365;50,00;
20:30:25;345;49,99;
20:30:28;352;49,98;
20:30:31;360;49,98;
20:30:34;364;49,98;
20:30:37;368;49,98;
20:30:40;369;49,98;
20:30:43;370;49,98;
20:30:46;376;49,98;
20:30:49;373;49,98;
20:30:52;365;49,98;
20:30:58;364;49,98;
20:31:01;367;49,98;
20:31:04;366;49,98;
20:31:07;370;49,98;
20:31:10;369;49,99;
20:31:13;365;49,99;
20:31:16;368;49,99;
20:31:19;367;50,00;
20:31:22;373;49,99;
20:31:31;370;50,00;
20:31:34;372;50,00;
20:31:37;374;50,00;
20:31:40;373;50,00;
20:31:43;367;49,99;
20:31:46;372;49,98;
20:31:49;371;49,98;
20:31:52;369;49,98;
20:31:55;365;49,98;
20:31:58;370;49,98;
20:32:04;370;49,99;
20:32:07;365;49,99;
20:32:10;368;49,99;
20:32:13;367;49,98;
20:32:19;363;49,98;
20:32:25;362;49,98;
20:32:28;361;49,98;
20:32:34;360;49,98;
20:32:37;363;49,98;
20:32:40;364;49,98;
20:32:43;356;49,98;
20:32:46;360;49,98;
20:32:49;361;49,98;
20:32:52;359;49,98;
20:32:55;360;49,98;
20:33:01;355;49,99;
20:33:04;353;49,98;
20:33:10;353;49,97;
20:33:13;346;49,97;
20:33:19;347;49,97;
20:33:22;348;49,98;
20:33:25;347;49,98;
20:33:28;350;49,98;
20:33:31;347;49,98;
20:33:34;346;49,99;
20:33:37;347;50,00;
20:33:40;345;50,00;
20:33:43;336;50,00;
20:33:46;343;49,99;
20:33:52;338;49,99;
20:33:55;345;49,99;
20:33:58;344;49,98;
20:34:01;339;49,98;
20:34:04;340;49,97;
20:34:07;342;49,97;
20:34:10;341;49,98;
20:34:16;340;49,98;
20:34:25;339;49,98;
20:34:28;340;49,96;
20:34:31;339;49,96;
20:34:40;338;49,96;
20:34:43;338;49,97;
20:34:46;338;49,98;
20:34:49;337;49,98;
20:34:55;337;49,97;
20:35:01;336;49,97;
20:35:04;335;49,97;
20:35:07;336;49,97;
20:35:10;335;49,97;
20:35:13;334;49,97;
20:35:16;332;49,97;
20:35:22;334;49,98;
20:35:25;335;49,98;
20:35:28;327;49,97;
20:35:31;333;49,98;
20:35:34;332;49,98;
20:35:40;322;49,98;
20:35:43;331;49,98;
20:35:46;319;49,98;
20:35:49;326;49,97;
20:35:52;328;49,97;
20:35:55;328;49,98;
20:35:58;331;49,98;
20:36:01;329;49,98;
20:36:07;325;49,99;
20:36:10;326;49,99;
20:36:16;325;49,99;
20:36:19;324;49,99;
20:36:22;321;49,99;
20:36:25;316;49,99;
20:36:28;320;49,99;
20:36:31;319;49,98;
20:36:34;321;49,98;
20:36:37;322;49,98;
20:36:40;321;49,98;
20:36:43;318;49,98;
20:36:46;319;49,99;
20:36:49;320;49,99;
20:36:52;321;49,99;
20:36:55;316;50,00;
20:36:58;318;50,00;
20:37:01;316;50,00;
20:37:04;317;50,00;
20:37:07;314;50,00;
20:37:13;309;50,00;
20:37:16;311;50,00;
20:37:19;310;49,99;
20:37:22;308;49,99;
20:37:25;306;49,99;
20:37:28;309;49,99;
20:37:31;310;49,99;
20:37:34;309;49,99;
20:37:40;310;49,99;
20:37:46;311;49,98;
20:37:49;305;49,98;
20:37:52;310;49,99;
20:37:55;305;49,99;
20:37:58;310;49,99;
20:38:01;311;49,99;
20:38:07;310;50,00;
20:38:10;306;50,00;
20:38:13;305;50,00;
20:38:19;308;50,00;
20:38:22;309;50,00;
20:38:25;312;50,00;
20:38:28;313;50,01;
20:38:31;310;50,01;
20:38:34;314;50,01;
20:38:37;308;50,00;
20:38:40;312;50,00;
20:38:43;305;50,00;
20:38:46;311;50,00;
20:38:49;311;49,99;
20:38:52;303;50,00;
20:38:55;308;50,00;
20:38:58;305;50,00;
20:39:01;298;50,00;
20:39:04;306;50,00;
20:39:07;305;50,01;
20:39:10;311;50,00;
20:39:13;308;50,00;
20:39:19;305;50,00;
20:39:25;307;50,00;
20:39:28;307;49,99;
20:39:31;303;50,00;
20:39:34;309;50,00;
20:39:37;308;50,00;
20:39:40;309;50,00;
20:39:43;308;50,00;
20:39:46;303;50,00;
20:39:49;307;50,00;
20:39:55;306;50,00;
20:40:01;304;50,00;
20:40:04;303;50,00;
20:40:10;302;50,00;
20:40:13;301;50,00;
20:40:16;296;50,00;
20:40:19;297;50,00;
20:40:22;296;50,00;
20:40:25;300;50,00;
20:40:28;297;50,00;
20:40:31;298;50,00;
20:40:34;297;50,01;
20:40:37;293;50,01;
20:40:40;289;50,01;
20:40:43;291;50,00;
20:40:46;286;50,01;
20:40:49;291;50,00;
20:40:52;283;50,00;
20:40:55;291;50,01;
20:40:58;290;50,01;
20:41:01;301;50,01;
20:41:04;285;50,01;
20:41:07;288;50,01;
20:41:10;285;50,01;
20:41:22;281;50,01;
20:41:25;285;50,01;
20:41:28;286;50,00;
20:41:31;282;50,00;
20:41:34;281;49,99;
20:41:37;277;49,99;
20:41:40;282;49,99;
20:41:43;281;50,00;
20:41:46;277;50,00;
20:41:49;280;50,00;
20:41:52;279;50,01;
20:41:55;278;50,01;
20:42:04;269;50,01;
20:42:07;273;50,01;
20:42:10;277;50,01;
20:42:13;275;50,00;
20:42:16;276;50,00;
20:42:22;273;50,00;
20:42:25;275;50,00;
20:42:28;277;50,00;
20:42:31;276;50,00;
20:42:34;273;50,00;
20:42:40;274;50,00;
20:42:43;277;50,00;
20:42:46;271;50,00;
20:42:49;276;50,00;
20:42:52;274;50,00;
20:42:55;276;50,00;
20:42:58;269;50,00;
20:43:01;274;50,00;
20:43:04;275;50,00;
20:43:07;270;50,00;
20:43:10;272;49,99;
20:43:13;273;49,99;
20:43:16;274;49,99;
20:43:19;275;49,99;
20:43:22;271;50,00;
20:43:28;274;50,00;
20:43:31;278;50,00;
20:43:34;274;50,00;
20:43:40;277;50,00;
20:43:49;270;50,00;
20:43:52;279;50,00;
20:43:55;273;50,00;
20:43:58;274;50,00;
20:44:01;279;50,00;
20:44:04;284;50,00;
20:44:07;279;50,01;
20:44:10;281;50,01;
20:44:13;280;50,01;
20:44:16;283;50,00;
20:44:22;285;50,00;
20:44:25;282;50,00;
20:44:28;285;49,99;
20:44:31;283;50,00;
20:44:34;280;49,99;
20:44:37;286;50,00;
20:44:40;284;50,00;
20:44:43;280;50,00;
20:44:46;286;50,00;
20:44:49;288;50,00;
20:44:52;286;50,00;
20:44:55;287;50,00;
20:44:58;288;50,00;
20:45:01;291;50,01;
20:45:04;286;50,01;
20:45:10;285;50,01;
20:45:13;291;50,00;
20:45:19;289;50,00;
20:45:22;291;50,00;
20:45:28;292;50,00;
20:45:31;291;50,00;
20:45:34;293;50,00;
20:45:37;294;50,00;
20:45:40;295;50,00;
20:45:43;296;50,00;
20:45:46;298;50,01;
20:45:49;292;50,01;
20:45:52;301;50,01;
20:45:55;291;50,00;
20:45:58;299;50,00;
20:46:01;300;50,00;
20:46:04;298;50,00;
20:46:07;296;50,01;
20:46:10;303;50,01;
20:46:13;297;50,00;
20:46:16;300;50,00;
20:46:19;264;49,99;
20:46:25;302;49,98;
20:46:28;308;49,98;
20:46:31;305;49,98;
20:46:34;306;49,98;
20:46:37;307;49,99;
20:46:40;309;49,99;
20:46:46;307;49,99;
20:46:49;312;49,98;
20:46:52;306;49,98;
20:46:55;302;49,99;
20:46:58;312;49,99;
20:47:01;311;49,98;
20:47:04;307;49,98;
20:47:07;309;49,98;
20:47:13;310;49,99;
20:47:16;306;49,99;
20:47:19;312;49,98;
20:47:22;311;49,98;
20:47:25;309;49,98;
20:47:31;306;49,97;
20:47:34;301;49,97;
20:47:37;302;49,96;
20:47:40;306;49,96;
20:47:43;302;49,97;
20:47:46;301;49,97;
20:47:49;305;49,98;
20:47:52;301;49,98;
20:47:55;300;50,00;
20:47:58;303;50,00;
20:48:01;302;50,00;
20:48:04;303;50,00;
20:48:07;300;50,00;
20:48:10;297;50,00;
20:48:16;298;50,00;
20:48:19;295;50,00;
20:48:22;292;50,00;
20:48:25;290;50,00;
20:48:28;287;50,00;
20:48:31;285;49,99;
20:48:37;286;49,99;
20:48:40;289;49,99;
20:48:43;286;49,99;
20:48:46;288;49,99;
20:48:49;286;50,00;
20:48:52;284;49,99;
20:48:55;281;49,99;
20:48:58;284;49,99;
20:49:01;284;50,00;
20:49:04;275;50,00;
20:49:07;279;50,00;
20:49:10;282;50,00;
20:49:13;273;50,00;
20:49:16;279;50,00;
20:49:22;276;49,99;
20:49:25;273;49,98;
20:49:28;270;49,98;
20:49:31;265;49,97;
20:49:34;270;49,97;
20:49:37;270;49,98;
20:49:40;268;49,98;
20:49:46;266;49,98;
20:49:49;262;49,98;
20:49:52;261;49,98;
20:49:55;257;49,98;
20:49:58;258;49,98;
20:50:01;259;49,99;
20:50:04;258;49,99;
20:50:07;253;49,99;
20:50:10;254;49,99;
20:50:13;255;49,99;
20:50:16;252;49,98;
20:50:19;250;49,98;
20:50:22;252;49,97;
20:50:28;248;49,96;
20:50:31;245;49,95;
20:50:34;247;49,96;
20:50:37;245;49,96;
20:50:40;243;49,98;
20:50:43;240;49,98;
20:50:46;242;49,98;
20:50:52;241;49,98;
20:50:55;240;49,98;
20:50:58;239;49,98;
20:51:01;233;49,98;
20:51:04;237;49,98;
20:51:07;236;49,97;
20:51:10;235;49,97;
20:51:13;233;49,98;
20:51:19;231;49,98;
20:51:22;229;49,98;
20:51:25;230;49,98;
20:51:28;227;49,97;
20:51:34;225;49,97;
20:51:37;224;49,98;
20:51:40;223;49,98;
20:51:43;224;49,98;
20:51:46;221;49,98;
20:51:52;222;49,98;
20:51:55;221;49,98;
20:51:58;215;49,99;
20:52:01;213;49,99;
20:52:04;217;49,99;
20:52:07;218;49,99;
20:52:10;216;49,99;
20:52:13;214;49,99;
20:52:16;211;50,00;
20:52:19;207;49,99;
20:52:22;206;49,99;
20:52:25;209;49,99;
20:52:28;208;49,98;
20:52:34;206;49,98;
20:52:40;203;49,99;
20:52:43;201;49,99;
20:52:46;201;50,00;
20:52:49;200;50,00;
20:52:52;197;50,00;
20:52:55;195;50,00;
20:53:01;196;50,01;
20:53:04;194;50,01;
20:53:10;191;50,01;
20:53:13;188;50,00;
20:53:16;189;50,00;
20:53:19;187;50,00;
20:53:22;189;50,00;
20:53:25;186;49,99;
20:53:28;186;49,98;
20:53:31;183;49,98;
20:53:34;182;49,98;
20:53:37;183;49,98;
20:53:40;180;49,98;
20:53:43;179;49,98;
20:53:46;183;49,98;
20:53:49;181;49,98;
20:53:52;178;49,99;
20:53:55;177;49,99;
20:53:58;172;49,99;
20:54:01;177;50,00;
20:54:04;173;50,00;
20:54:07;174;50,00;
20:54:10;169;49,99;
20:54:13;171;49,98;
20:54:16;172;49,98;
20:54:19;171;49,98;
20:54:22;170;49,97;
20:54:25;168;49,97;
20:54:31;166;49,98;
20:54:34;168;49,98;
20:54:37;169;49,98;
20:54:40;167;49,98;
20:54:43;166;49,98;
20:54:49;165;49,98;
20:54:52;163;49,98;
20:54:55;162;49,98;
20:55:01;159;49,98;
20:55:04;162;49,98;
20:55:07;159;49,98;
20:55:13;156;49,98;
20:55:16;157;49,98;
20:55:19;155;49,98;
20:55:22;156;49,97;
20:55:25;157;49,97;
20:55:28;156;49,98;
20:55:31;153;49,98;
20:55:43;152;49,99;
20:55:46;151;49,99;
20:55:49;147;50,00;
20:55:58;148;50,00;
20:56:01;147;50,00;
20:56:04;146;50,00;
20:56:07;144;50,00;
20:56:10;143;50,00;
20:56:13;143;49,99;
20:56:16;144;49,99;
20:56:19;144;49,98;
20:56:25;124;49,98;
20:56:28;123;49,98;
20:56:31;121;49,98;
20:56:34;142;49,98;
20:56:37;138;49,98;
20:56:43;138;49,99;
20:56:46;139;50,00;
20:56:49;138;50,00;
20:56:55;138;49,99;
20:56:58;136;49,99;
20:57:01;136;49,98;
20:57:04;135;49,98;
20:57:07;133;49,98;
20:57:10;134;49,99;
20:57:13;134;50,00;
20:57:16;130;50,00;
20:57:19;133;50,00;
20:57:22;131;50,00;
20:57:25;132;50,00;
20:57:28;130;50,00;
20:57:31;131;50,00;
20:57:34;130;50,00;
20:57:37;129;50,01;
20:57:40;129;50,00;
20:57:49;127;50,00;
20:57:55;125;50,00;
20:57:58;127;50,00;
20:58:01;128;50,00;
20:58:04;126;50,00;
20:58:10;125;50,00;
20:58:13;123;50,00;
20:58:19;122;50,00;
20:58:22;123;49,99;
20:58:28;121;49,99;
20:58:34;122;50,00;
20:58:37;121;50,00;
20:58:40;122;50,00;
20:58:43;122;49,99;
20:58:46;120;49,99;
20:58:52;119;49,99;
20:58:55;121;49,99;
20:58:58;116;50,00;
20:59:01;120;50,00;
20:59:04;119;50,00;
20:59:10;118;50,00;
20:59:13;119;50,01;
20:59:19;117;50,01;
20:59:22;117;50,00;
20:59:25;116;50,00;
20:59:28;117;50,00;
20:59:34;115;50,00;
20:59:40;111;50,00;
20:59:43;112;50,00;
20:59:46;114;50,00;
20:59:49;113;50,00;
20:59:52;115;50,00;
20:59:55;114;50,00;
20:59:58;112;50,00;
21:00:04;112;49,99;
21:00:07;112;49,98;
21:00:10;114;49,98;
21:00:16;116;49,98;
21:00:19;110;49,98;
21:00:22;113;49,97;
21:00:28;111;49,97;
21:00:31;112;49,97;
21:00:34;113;49,98;
21:00:37;112;49,98;
21:00:46;113;49,98;
21:00:49;112;49,98;
21:00:55;113;49,98;
21:01:01;113;49,99;
21:01:04;112;49,98;
21:01:07;114;49,98;
21:01:10;112;49,98;
21:01:13;113;49,98;
21:01:19;111;49,97;
21:01:22;113;49,97;
21:01:28;110;49,97;
21:01:31;111;49,98;
21:01:34;112;49,98;
21:01:37;111;49,98;
21:01:40;110;49,98;
21:01:43;108;49,98;
21:01:46;111;49,98;
21:01:52;109;49,98;
21:01:58;111;49,98;
21:02:04;110;49,98;
21:02:07;108;49,98;
21:02:10;110;49,98;
21:02:16;108;49,98;
21:02:19;110;49,97;
21:02:22;110;49,96;
21:02:25;111;49,96;
21:02:28;109;49,96;
21:02:31;107;49,96;
21:02:40;107;49,97;
21:02:43;109;49,97;
21:02:46;108;49,97;
21:02:49;109;49,96;
21:02:52;107;49,97;
21:02:58;106;49,97;
21:03:01;109;49,97;
21:03:04;110;49,97;
21:03:07;108;49,96;
21:03:10;107;49,96;
21:03:13;108;49,96;
21:03:19;107;49,97;
21:03:22;108;49,96;
21:03:25;110;49,96;
21:03:28;107;49,96;
21:03:31;109;49,96;
21:03:34;106;49,96;
21:03:37;110;49,95;
21:03:43;105;49,97;
21:03:46;108;49,97;
21:03:49;106;49,97;
21:03:52;104;49,97;
21:03:55;109;49,97;
21:03:58;108;49,97;
21:04:01;109;49,97;
21:04:04;107;49,98;
21:04:07;106;49,97;
21:04:10;106;49,96;
21:04:13;108;49,96;
21:04:22;107;49,97;
21:04:25;108;49,97;
21:04:28;107;49,97;
21:04:31;106;49,97;
21:04:34;108;49,97;
21:04:37;105;49,96;
21:04:40;107;49,97;
21:04:43;105;49,96;
21:04:49;108;49,97;
21:04:52;107;49,98;
21:05:01;107;49,97;
21:05:04;108;49,96;
21:05:10;107;49,96;
21:05:13;106;49,96;
21:05:16;107;49,96;
21:05:19;107;49,98;
21:05:22;105;49,98;
21:05:25;106;49,98;
21:05:28;107;49,98;
21:05:31;105;49,98;
21:05:34;106;49,98;
21:05:37;104;49,97;
21:05:40;103;49,97;
21:05:43;104;49,96;
21:05:46;103;49,96;
21:05:49;102;49,96;
21:05:58;104;49,97;
21:06:01;103;49,97;
21:06:04;103;49,96;
21:06:07;104;49,96;
21:06:13;102;49,96;
21:06:19;103;49,96;
21:06:25;102;49,97;
21:06:28;103;49,97;
21:06:31;101;49,97;
21:06:34;91;49,96;
21:06:37;85;49,96;
21:06:40;84;49,96;
21:06:43;99;49,95;
21:06:46;97;49,96;
21:06:49;99;49,96;
21:07:01;97;49,95;
21:07:04;98;49,95;
21:07:10;97;49,96;
21:07:13;97;49,95;
21:07:16;96;49,95;
21:07:19;97;49,96;
21:07:22;97;49,95;
21:07:25;95;49,96;
21:07:31;96;49,95;
21:07:34;94;49,95;
21:07:37;92;49,96;
21:07:40;95;49,95;
21:07:46;94;49,96;
21:07:49;93;49,96;
21:07:52;91;49,97;
21:07:55;93;49,97;
21:07:58;93;49,96;
21:08:01;94;49,97;
21:08:04;94;49,96;
21:08:07;93;49,96;
21:08:10;91;49,96;
21:08:22;92;49,96;
21:08:25;91;49,96;
21:08:31;90;49,95;
21:08:34;91;49,95;
21:08:37;90;49,95;
21:08:40;89;49,95;
21:08:43;90;49,95;
21:08:46;91;49,95;
21:08:52;91;49,96;
21:08:55;89;49,96;
21:09:01;90;49,96;
21:09:04;88;49,96;
21:09:07;90;49,95;
21:09:13;89;49,95;
21:09:16;90;49,96;
21:09:19;89;49,96;
21:09:22;91;49,96;
21:09:31;90;49,96;
21:09:37;89;49,96;
21:09:40;91;49,96;
21:09:49;90;49,96;
21:09:52;93;49,96;
21:09:58;91;49,96;
21:10:01;90;49,96;
21:10:04;92;49,96;
21:10:07;91;49,97;
21:10:10;90;49,97;
21:10:13;89;49,97;
21:10:16;91;49,96;
21:10:25;91;49,95;
21:10:28;91;49,96;
21:10:31;91;49,95;
21:10:34;89;49,95;
21:10:37;90;49,95;
21:10:43;89;49,95;
21:10:46;91;49,95;
21:10:49;89;49,96;
21:10:52;88;49,96;
21:10:55;86;49,96;
21:10:58;87;49,97;
21:11:04;86;49,97;
21:11:07;87;49,98;
21:11:10;85;49,97;
21:11:13;84;49,97;
21:11:16;85;49,97;
21:11:19;83;49,97;
21:11:28;82;49,96;
21:11:31;83;49,96;
21:11:34;82;49,96;
21:11:37;81;49,96;
21:11:43;80;49,96;
21:11:52;80;49,97;
21:11:55;78;49,96;
21:11:58;79;49,96;
21:12:04;77;49,96;
21:12:10;76;49,97;
21:12:13;74;49,97;
21:12:16;75;49,97;
21:12:19;76;49,97;
21:12:25;73;49,96;
21:12:28;74;49,96;
21:12:34;73;49,95;
21:12:40;72;49,95;
21:12:43;73;49,95;
21:12:46;72;49,95;
21:12:49;70;49,96;
21:12:55;69;49,97;
21:12:58;70;49,97;
21:13:01;69;49,97;
21:13:04;70;49,97;
21:13:07;67;49,96;
21:13:10;68;49,96;
21:13:13;67;49,96;
21:13:16;66;49,96;
21:13:22;67;49,96;
21:13:25;66;49,97;
21:13:28;67;49,97;
21:13:31;66;49,97;
21:13:34;65;49,97;
21:13:37;64;49,97;
21:13:40;63;49,97;
21:13:46;64;49,97;
21:13:49;61;49,97;
21:13:52;62;49,97;
21:13:55;63;49,96;
21:14:01;61;49,96;
21:14:04;61;49,97;
21:14:07;62;49,96;
21:14:10;61;49,96;
21:14:13;60;49,96;
21:14:16;59;49,96;
21:14:19;59;49,97;
21:14:22;58;49,97;
21:14:34;57;49,97;
21:14:37;59;49,97;
21:14:40;56;49,97;
21:14:49;56;49,98;
21:14:52;54;49,98;
21:14:55;53;49,98;
21:14:58;56;49,98;
21:15:01;56;49,97;
21:15:07;52;49,97;
21:15:10;53;49,97;
21:15:13;54;49,97;
21:15:16;51;49,97;
21:15:19;51;49,96;
21:15:28;51;49,95;
21:15:31;51;49,96;
21:15:34;48;49,97;
21:15:37;51;49,97;
21:15:43;51;49,96;
21:15:46;49;49,96;
21:15:49;51;49,96;
21:15:52;48;49,95;
21:15:55;50;49,95;
21:15:58;49;49,95;
21:16:01;48;49,96;
21:16:07;49;49,96;
21:16:10;48;49,96;
21:16:13;48;49,97;
21:16:25;47;49,97;
21:16:28;49;49,97;
21:16:31;46;49,97;
21:16:34;47;49,96;
21:16:37;46;49,96;
21:16:40;1;49,96;
21:16:43;0;49,96;
21:16:46;0;49,97;
21:16:58;42;49,98;
21:17:01;43;49,99;
21:17:04;47;50,00;
21:17:07;45;50,00;
21:17:10;46;50,00;
21:17:13;44;50,00;
21:17:16;42;49,99;
21:17:19;45;49,98;
21:17:22;42;49,97;
21:17:28;43;49,96;
21:17:31;45;49,96;
21:17:34;42;49,96;
21:17:43;42;49,97;
21:17:46;42;49,98;
21:17:52;42;49,97;
21:17:58;44;49,97;
21:18:04;42;49,97;
21:18:10;45;49,98;
21:18:13;42;49,98;
21:18:19;42;49,97;
21:18:22;42;49,98;
21:18:28;40;49,98;
21:18:31;39;49,98;
21:18:34;42;49,97;
21:18:37;42;49,98;
21:18:40;40;49,97;
21:18:43;39;49,97;
21:18:49;39;49,98;
21:18:52;38;49,98;
21:18:55;39;49,98;
21:19:04;39;49,99;
21:19:10;38;50,00;
21:19:22;41;49,99;
21:19:25;36;49,99;
21:19:28;39;49,99;
21:19:34;37;49,99;
21:19:37;39;49,99;
21:19:40;39;49,98;
21:19:46;36;49,98;
21:19:49;38;49,98;
21:19:52;39;49,98;
21:19:55;37;49,99;
21:19:58;36;50,00;
21:20:01;39;50,00;
21:20:07;36;50,00;
21:20:10;40;49,99;
21:20:16;36;49,98;
21:20:19;39;49,97;
21:20:22;36;49,97;
21:20:25;38;49,97;
21:20:31;36;49,97;
21:20:34;39;49,97;
21:20:37;36;49,98;
21:20:55;39;49,98;
21:21:01;36;49,98;
21:21:16;36;49,97;
21:21:19;38;49,97;
21:21:22;36;49,97;
21:21:25;34;49,97;
21:21:28;41;49,97;
21:21:31;36;49,97;
21:21:37;36;49,98;
21:21:40;35;49,98;
21:21:43;36;49,98;
21:21:52;34;49,97;
21:21:55;36;49,97;
21:21:58;33;49,97;
21:22:01;36;49,97;
21:22:10;35;49,97;
21:22:13;36;49,98;
21:22:16;33;49,98;
21:22:22;38;49,98;
21:22:25;35;49,98;
21:22:28;36;49,99;
21:22:31;37;49,98;
21:22:34;33;49,98;
21:22:40;36;49,99;
21:22:43;32;49,99;
21:22:46;33;49,99;
21:22:49;33;50,00;
21:22:52;36;49,99;
21:22:58;33;50,00;
21:23:07;33;50,01;
21:23:13;35;50,00;
21:23:16;36;50,00;
21:23:19;33;50,00;
21:23:25;42;49,99;
21:23:31;42;49,98;
21:23:34;43;49,98;
21:23:37;46;49,98;
21:23:40;48;49,98;
21:23:43;41;49,98;
21:23:46;42;49,98;
21:23:49;48;49,99;
21:23:55;51;49,99;
21:23:58;51;50,00;
21:24:01;42;50,00;
21:24:04;40;49,99;
21:24:10;53;49,99;
21:24:13;43;49,98;
21:24:19;45;49,98;
21:24:22;33;49,98;
21:24:25;51;49,98;
21:24:28;50;49,98;
21:24:31;42;49,99;
21:24:34;48;49,99;
21:24:37;50;49,98;
21:24:40;48;49,99;
21:24:46;55;49,99;
21:24:49;52;49,99;
21:24:52;48;49,99;
21:24:55;42;49,99;
21:24:58;59;49,99;
21:25:01;47;49,99;
21:25:04;51;50,00;
21:25:07;57;50,00;
21:25:10;42;50,00;
21:25:13;48;50,00;
21:25:16;33;50,00;
21:25:22;53;50,00;
21:25:25;46;50,00;
21:25:28;62;50,00;
21:25:31;54;50,00;
21:25:34;68;49,99;
21:25:37;33;50,00;
21:25:40;66;49,99;
21:25:43;61;49,99;
21:25:46;42;49,99;
21:25:49;69;49,98;
21:25:52;47;49,98;
21:25:55;48;49,98;
21:25:58;0;49,97;
21:26:04;13;49,97;
21:26:10;42;49,97;
21:26:13;0;49,97;
21:26:16;0;49,98;
21:26:22;19;49,99;
21:26:25;0;50,00;
21:26:52;0;49,99;
21:26:55;0;50,00;
21:27:07;0;50,01;
21:27:19;0;50,00;
21:28:01;0;50,01;
21:28:16;0;50,00;
21:28:22;0;50,01;
21:28:28;0;50,00;
21:28:31;0;50,01;
21:28:34;0;50,00;
21:28:37;0;50,01;
21:28:43;0;50,00;
21:29:07;0;50,01;
21:29:40;0;50,00;
21:29:58;0;50,01;
21:30:01;0;50,00;
21:30:25;0;49,99;
21:30:28;0;49,98;
21:30:49;0;49,99;
21:30:55;0;49,98;
21:30:58;0;49,99;
21:31:52;0;50,00;
21:32:28;0;49,99;
21:32:34;0;50,00;
21:32:46;0;49,99;
21:32:49;0;49,98;
21:32:52;0;49,99;
21:33:04;0;49,98;
21:33:19;0;49,97;
21:33:22;0;49,98;
21:33:37;0;49,99;
21:33:40;0;50,00;
21:34:10;0;49,99;
21:34:22;0;50,00;
21:34:34;0;49,99;
21:34:37;0;50,00;
21:34:43;0;50,01;
21:34:46;0;50,00;
21:34:49;0;50,01;
21:34:52;0;50,00;
21:35:01;0;50,01;
21:35:13;0;50,00;
21:35:16;0;50,01;
21:35:43;0;50,00;
21:36:04;0;49,99;
21:36:28;0;50,00;
21:36:31;0;49,99;
21:36:58;0;50,00;
21:37:10;0;50,01;
21:37:34;0;50,00;
21:37:37;0;50,01;
21:37:40;0;50,00;
21:37:52;0;50,01;
21:38:04;0;50,02;
21:38:07;0;50,01;
21:38:19;0;50,00;
21:38:22;0;50,01;
21:38:43;0;50,00;
21:38:58;0;50,01;
21:39:07;0;50,02;
21:39:10;0;50,01;
21:39:19;0;50,00;
21:39:31;0;50,01;
21:39:49;0;50,00;
21:40:07;0;50,01;
21:40:19;0;50,00;
21:40:31;0;50,01;
21:41:16;0;50,00;
21:41:46;0;50,01;
21:41:58;0;50,02;
21:42:01;0;50,01;
21:42:07;0;50,02;
21:42:28;0;50,01;
21:42:37;0;50,02;
21:42:49;0;50,01;
21:42:55;0;50,02;
21:43:19;0;50,01;
21:43:34;0;50,00;
21:43:37;0;50,01;
21:43:46;0;50,02;
21:44:04;;;
